225739 302054 244204 300093 402664 378637 359646 475486 364657 277616 150325 300508 384229 371278 229513 223983 250419 255065 268662 280102 342687 268513 373998 316902 125169 229526 250716 364912 211148 306724 246487 437404 256548 224974 234059 388181 306914 299531 328918 317428 398117 395709 217380 185926 262096 217314 277896 371304 386395 420616 252164 357051 239031 424029 274577 270539 357857 325546 286647 419224 516279 485350 506314 452539 281789 199625 209176 353134 386724 326805 287966 397464 275413 297233 204903 255440 307341 359173 420785 353481 237163 290966 262249 374006 325010 399867 301082 312038 231600 231735 365509 358466 251928 345201 333686 337885 320706 298956 239804 351895 461202 343256 222502 182467 208917 239286 228181 388336 349340 338094 330199 347956 284100 333027 392215 263988 160110 148176 249608 343694 279038 340538 331796 407908 224052 355178 339368 470750 285671 284411 209451 320631 335239 242449 290332 450374 534959 379067 352174 424099 371999 283457 357504 422095 442953 329043 328470 288489 188681 199963 425262 368225 454836 395632 350302 318769 297413 303605 318401 219332 125534 199016 205818 338272 202801 148822 238089 382346 471863 445267 353365 189879 98298 150408 388067 263863 206601 210381 366280 356613 241740 298919 338886 399165 365652 375995 332820 181634 228862 371754 231819 343311 190545 216657 252800 280928 301651 205849 178491 363753 247864 312212 349076 317800 393450 402912 283010 241640 253653 276364 294074 259521 287258 391501 212613 234400 190038 239178 188326 223340 208132 177058 303866 251712 193617 188631 260089 279293 520222 298017 183619 185481 105082 236582 253918 416532 247395 357595 414496 353828 346267 274178 188123 120559 315409 334965 408005 497710 324359 382359 360517 394952 384821 292295
241613 288548 309504 501616 431380 476734 403813 371550 330668 322010 272309 371889 368992 310775 308916 263428 379178 310408 233939 213215 311920 322841 471720 445879 255423 362350 232215 215706 196263 232845 363858 381522 415837 237790 288052 297677 223087 390872 471951 367082 369256 404281 146077 232278 333931 394799 404628 352616 229257 248327 342521 342044 273592 249337 207104 278477 284035 356918 324898 338417 395444 325714 490950 458878 391538 350071 458840 399947 415729 372501 307727 334561 271254 382494 314950 302951 425709 345262 464230 364491 195791 196640 414636 402798 378379 278993 231433 354169 229209 352628 342909 242634 215387 328566 324672 150433 179657 253979 253638 234511 339601 209571 166560 249479 358664 188493 199687 330000 311402 326946 232876 274810 280311 345918 313107 366644 299841 135032 280606 403429 379674 378478 222818 384985 175196 268903 419006 375462 323021 296185 228420 195989 187702 305108 262580 336388 370956 328646 392415 396391 289254 363704 339308 315988 360692 443788 490164 282542 275193 169813 277933 210585 242125 403065 397304 379815 405139 460230 397038 288089 299602 253568 275170 334657 215090 165217 248584 377312 450226 420825 403400 197978 188083 313985 348131 177186 197616 214935 242012 315215 268876 376977 327680 204032 322813 265533 232343 152814 335182 342195 279369 310733 241125 259784 336894 388108 387435 251268 212804 399934 300766 446902 299636 207663 242284 368796 453262 280345 276264 242810 363083 386742 295342 317018 206601 343418 320449 313774 266444 402069 358089 290365 154490 197626 203265 173746 339508 335398 368542 313536 148100 132451 237643 303291 252540 318615 340517 438871 453039 464009 428942 339403 263791 274475 310764 164978 285188 280428 304771 310864 388763 368626 387476 382073
200647 173174 292200 430088 421495 345801 394455 347167 307336 332697 315955 357998 282916 331206 268814 331862 279609 335748 339362 192766 230996 293767 347417 459012 365869 321470 253409 134853 151087 240173 320602 360596 456717 383892 349444 214878 177220 445803 477763 329171 232461 241448 178980 324872 386780 301614 336932 264765 231107 244293 382028 361153 205574 252096 265497 236395 353354 443034 446530 337281 239684 369072 435121 403677 469845 471861 502790 412406 421094 392753 477797 333156 335068 372194 323795 467069 435632 357680 328068 356014 311166 287102 348344 326253 164505 207828 317206 321727 365222 350017 329088 284513 204236 185082 244416 126855 342171 332571 258480 221431 356191 257688 275271 291803 363942 233583 161480 290497 140171 197526 250550 315166 388213 400080 262731 424433 322560 207006 300358 435728 475705 337413 366101 265319 221550 266788 365121 446260 308299 386730 299595 90945 338898 322389 249132 296013 261239 458822 306544 328744 432713 428093 239427 215710 372366 522543 360527 355605 286514 185096 157638 115494 232335 357202 409195 256457 413016 462373 409890 284388 351960 347313 290009 405292 235633 145903 179400 302987 448166 540552 359260 258493 285292 331826 366494 260350 212522 133129 197428 297652 435612 335544 267759 270545 359740 212504 77812 156473 374416 375326 184295 282592 294012 255579 312448 413762 384645 308833 278965 442345 305467 368129 366437 143045 185178 287680 319147 318111 255365 354915 387881 354631 289565 246990 237734 377450 303022 295694 411247 534453 427139 388343 189019 324834 309775 311553 267648 326061 371792 397330 321934 189940 345449 340160 270268 315443 311870 450027 376357 481359 370642 307033 284791 339382 178823 266770 199304 222976 239067 376541 316437 262357 387965 395769
238365 212121 369561 346505 314112 334318 252227 275450 284251 280200 262846 438511 356272 311126 225628 276775 232447 403302 351603 186974 175811 178067 247062 311157 390215 269996 310777 192430 259540 156302 244030 328761 360135 462740 321591 203533 210837 474278 492909 353869 223904 193539 317643 387352 361647 273118 182655 196743 305406 278044 360502 320953 241229 306572 327733 314908 413651 456448 406583 259104 305892 367863 356262 290909 445959 535406 409759 379293 249753 458222 474767 243181 262207 202807 182296 318618 400067 448380 375757 309891 464960 317510 411767 283763 182512 268834 453503 367554 319287 313508 273893 248171 209721 279414 213497 183388 237515 270457 162419 133376 183545 208139 223018 305421 432020 285170 315150 377206 201280 157012 234676 258164 223155 224006 276452 246203 272445 178771 316914 316544 313011 406627 391975 282925 231944 294806 344434 287599 354152 358996 300135 246026 253685 244508 313042 374767 350536 309581 174238 290534 430785 377625 251190 331385 425728 447363 271364 266731 337088 248768 173332 265840 210084 401192 363767 381404 435264 501815 448393 407069 357668 404322 344161 342537 271679 228676 218585 179822 339354 379262 336322 282550 153671 223427 383064 437967 300669 242174 318150 353997 279205 298393 297944 387719 246716 285334 139777 285105 319992 284094 261890 405642 456909 455685 347917 309786 263873 344237 312183 259785 238641 417023 356768 282519 191284 235586 304419 330096 437386 491321 464360 398663 261819 383313 411865 380192 227056 424139 475526 411378 362949 226602 253736 373007 353150 305872 205994 233606 329355 417844 381734 327250 427699 372645 335803 190635 272592 309737 396316 365981 320042 338156 282674 254572 245489 289658 205968 320229 310146 365513 224496 255147 219875 299345
399036 323308 306490 184697 347905 310466 333864 433231 401598 220879 174724 384067 244077 270272 237926 189236 292933 298854 298132 237452 214436 236966 203687 303389 303550 400881 347745 333484 220761 193534 307804 268390 261615 275668 274418 269860 315715 389187 368389 242143 162206 361275 242689 258462 376135 282104 298552 362011 364969 392441 202893 256475 280473 289683 415224 431343 347163 454486 437753 293556 445085 343772 300121 288752 440557 431790 222876 244229 365561 550414 429839 159708 181592 254424 149519 270591 293120 411771 419463 351735 392500 358429 367101 274532 165407 282486 305639 228325 299205 313692 365103 333506 289810 342585 142967 214352 218249 425671 281883 117953 159843 132348 238908 412367 415290 258654 292684 435130 235248 195459 273683 378365 292868 203147 183176 205181 358429 391932 407582 155246 187677 400976 384769 295920 267912 283633 343620 217503 347775 192970 254776 137442 214658 235862 308824 360388 328948 363334 234286 251420 236554 250401 280612 318769 344260 371547 359204 248986 292924 343518 325038 292345 224421 277421 328157 269081 372709 417727 522504 361489 411538 390905 381765 315396 314515 384141 209222 157546 291585 373826 351505 171055 151772 254846 349502 336444 170050 303873 394593 332944 210216 384341 420369 286187 327889 263114 255093 383084 256703 222913 276668 370159 389679 333848 228808 176847 167992 314923 184889 160255 316647 393525 313421 279521 220031 265549 285184 370930 430774 428027 310529 318015 383100 492256 500581 375066 313649 380959 299641 334991 389973 307201 251551 372216 364292 267473 158114 216638 336712 376457 305473 398049 409130 298317 307587 249375 227210 204493 291934 349846 353505 321347 208263 157409 245527 199900 245868 366005 326853 347370 350615 243326 271550 313825
288919 259323 235069 344375 448402 285251 452771 481102 304363 163458 240630 321088 292588 354052 407724 385434 418743 288646 333212 187743 220356 194951 354129 328053 241891 438790 443990 372194 309843 360773 364709 303668 250653 315177 379685 411018 379881 314247 324721 136771 288809 348383 184311 208689 282956 283936 346230 387129 311971 214780 190005 364151 330533 184449 396219 461414 295013 319445 260154 255765 322552 241669 221302 255470 486507 397298 146821 309364 486712 461205 370414 211740 366028 375192 363152 342658 265216 367076 391659 398611 482414 292632 316142 256249 307492 267438 273008 246542 316382 239168 397155 263773 291773 327129 219980 155406 275495 405669 286426 251047 326201 298994 346571 312664 334821 105141 214426 365963 216854 192439 328034 401373 420315 199695 216978 245933 389822 498500 471530 150285 161705 303358 310468 344664 221072 283343 313721 270034 387550 360475 188073 188147 309196 274738 266855 261778 261576 295625 375361 227503 295800 305859 341091 197758 196662 406892 370395 247163 205741 338048 362546 216482 196578 167207 345031 245326 270438 369103 388718 240737 343400 325528 233230 180162 270651 416809 303385 168852 428830 432956 386559 232939 209073 309406 357986 262849 208540 271881 323723 370894 247752 421960 318540 275714 437030 260400 248766 402658 371934 410999 418318 394726 391198 212311 182823 327195 264911 332746 252728 268967 301186 206686 330969 271071 282864 363556 418611 462051 392370 211607 234295 434004 431541 402843 371799 330085 315392 205196 225250 299325 438472 321271 256507 241295 393305 271567 121033 154879 277522 279402 317105 340415 374748 177477 90995 265627 140063 339150 374349 470888 289020 402529 384130 186621 215418 167536 242834 320142 290160 285940 322616 262782 360305 479788
229551 251450 374579 415699 467660 436858 453540 445670 198776 182430 237009 394058 346853 405262 402740 397719 396846 316921 433606 275546 268147 407369 317667 354028 321595 377306 373744 448773 435716 361855 354017 291396 420471 441354 299725 267608 400016 307846 245730 228054 427675 366754 183154 133863 271330 251093 332687 383717 276334 209519 218971 241545 259913 327004 452023 332953 282492 178660 212912 382010 438050 318910 287490 372752 380303 287108 338572 364320 439513 271464 242919 303279 409841 489312 336990 284347 230965 358720 306074 266390 274736 179238 248336 415083 313892 306854 158618 302039 295948 436513 324228 161417 196576 325571 232891 289787 234493 348288 350089 313843 411600 280272 211436 266917 223953 129335 179200 258036 248657 268109 486889 486350 313526 380452 277787 321335 291345 504612 467677 216380 159128 305504 335691 319788 170303 210439 140897 309518 409459 284225 209238 224184 404420 470971 367441 343760 231228 383863 389243 318269 285353 283783 349846 212903 333866 423042 292840 304273 252177 250543 268344 322472 254287 279937 335668 165514 275745 246355 320263 301239 411935 294237 332363 182330 292880 477991 312422 284934 424613 437871 326542 283884 281860 287746 476952 348226 234694 134414 297863 378042 335460 222718 334298 336830 370718 277826 280075 423468 349750 473946 329512 424698 364044 164883 280077 344689 357493 318362 348134 447630 330121 343301 360383 432784 268195 322435 356196 373638 358595 183250 214340 349733 394757 191751 168923 142500 234982 322056 326412 395917 329325 343794 198518 264024 333541 243378 183007 305462 309704 404817 422544 420193 412696 201467 217505 230818 284145 375477 459002 267761 260746 390281 400740 231240 114070 263896 294871 420997 422711 423756 438284 354709 372883 299092
393510 322121 308175 455515 431367 418396 373118 301224 275235 192944 188436 380386 154802 161892 247954 285513 204073 250831 340965 195896 338017 415291 296958 391011 249511 256133 281193 403053 295305 179956 189205 288697 373883 396484 244552 296663 263203 193856 114048 366453 436668 311820 219420 305307 382260 284097 303743 312016 304100 257234 321410 237440 372761 444663 426165 223040 219523 251875 307118 492194 407323 278071 346105 375101 281145 254018 437648 383390 280847 292500 199578 266868 368941 378456 357920 285166 417430 338521 303699 175344 217775 187570 193223 257088 403450 414751 327344 323513 304685 349353 312702 85687 233528 255784 283880 293370 134118 221699 279471 272785 222927 216092 293082 257394 203939 129019 269932 239867 253479 271921 378211 306904 219194 323315 203493 137740 263168 447572 490559 299168 287400 311906 318979 282397 167745 200513 198863 288597 292459 180948 232245 288007 356029 443495 275038 283687 330841 341288 393980 153537 217963 303867 460709 392128 406534 261200 268248 408868 335239 430852 411119 345311 243800 403034 327889 174875 307769 280036 216028 403684 405222 385940 389166 325272 402813 420226 372792 356761 315622 275388 184906 245308 271331 297591 386557 430597 240660 229276 330616 387908 374247 371170 495797 307658 367663 373205 414927 492991 420850 333035 244642 331993 380616 237001 257418 267757 389845 449909 362493 360651 409061 389069 286109 387576 187493 220083 157811 219488 308106 245095 152005 367570 419493 250724 207031 257732 270742 335937 324178 346225 381402 207884 130146 235045 119458 131475 309637 338056 294187 265897 403836 460290 433995 218652 191307 163575 291829 258731 263887 322001 312239 365056 356432 217250 322130 390792 439830 455107 296412 383061 362152 443972 376907 355993
451143 256802 377646 424005 326065 337375 262708 301713 375575 337112 352397 422761 198434 125925 242443 224815 202526 244238 384255 250279 411356 386354 318233 339125 251490 226316 326296 292569 309384 284745 286086 366678 293253 424589 432760 300275 131102 148111 233895 292282 370373 318132 376405 406303 442890 286907 293933 306198 235821 301931 276168 381394 489633 472776 422601 242459 336021 394959 394057 348314 443961 378799 313522 344731 339589 250964 448363 278422 277173 414800 196237 227730 239157 271270 384854 277629 405671 335866 182013 119613 272439 357866 141519 222192 274137 353709 354751 329235 251523 369629 235644 160336 184872 254550 200267 167634 225064 152673 365493 364660 281532 291907 284529 319015 192046 251103 371710 248164 227548 222331 224304 258450 312783 385101 299916 265618 224033 356698 458157 313852 285695 300206 301438 262162 162460 178430 169809 218018 207470 394739 297258 306173 354515 470238 504959 422640 374217 371696 284432 361364 290553 476916 507718 480066 259508 273174 260888 341569 272055 394210 347547 271743 363216 420338 310815 210163 353677 246861 291149 289930 509908 470420 369777 409315 412276 365280 451403 406015 258148 234756 263284 355878 337605 281619 385498 320797 269204 271278 187367 280145 393670 471498 432536 390000 436296 432773 402195 524212 464893 328348 220460 188387 285112 229184 177635 263996 353944 411761 274866 246239 290866 377760 409023 273878 291670 234447 263499 252522 267319 285234 313251 404580 481021 280550 283537 239206 237695 374013 397930 516265 428426 211599 215666 203506 176527 221213 319130 382654 347556 284225 408554 375280 407149 326419 159526 295006 200597 152316 250009 313716 424989 404951 260950 309662 320596 354888 500741 350084 278746 345205 314354 298154 280844 458577
370572 404612 357838 432192 305051 326225 278045 289044 323934 385364 494255 446653 268699 134817 181338 302707 253869 270672 300730 325279 308162 268486 346939 402639 331294 280597 288241 420742 388167 527934 453852 370882 231954 407871 394114 298533 196557 183480 346874 234949 412316 434289 347856 379990 346437 175331 250610 154189 308877 305441 284186 443185 430340 478301 358656 272587 308267 429500 247287 341330 439290 329073 235360 316626 307124 311293 233736 138071 294250 264670 346183 302297 242395 303403 402821 447128 530440 499032 224956 269049 299554 256293 323330 205911 120808 232294 290767 304951 359981 322416 301820 178486 287280 416537 236192 368215 374480 343112 347030 367717 324958 193977 268266 368749 247831 284834 380103 312565 247474 148008 190678 325852 451736 519036 486241 270519 255912 258627 318450 241079 425711 401122 351943 314011 165744 183654 209266 185792 352648 350943 284253 246800 425904 491193 367704 324662 349985 253364 335971 293883 450801 512341 530157 361056 243964 320474 291681 206420 296903 275823 257320 276909 319436 424311 303881 330589 271387 283597 251975 246376 432125 368366 465735 385041 328380 257509 298598 439704 388321 373348 444233 415145 309528 237016 293261 235727 372934 280357 236493 440075 504399 433793 427690 471368 432356 431174 343695 510240 482597 503893 355330 133873 107467 121552 227991 321229 310914 418262 297275 179996 247112 349548 412359 226070 319146 316481 305695 322988 234208 402523 280701 412206 331473 188200 191395 227278 335091 473560 319424 420250 395156 281617 209317 267584 335630 317907 393726 310399 301025 381463 329954 308806 386648 300248 183889 250372 283886 140130 192803 186854 366164 417210 339816 367553 139441 203790 406955 291479 258174 388674 214481 101297 162986 341241
405997 441855 306794 372649 398879 290962 421841 314397 426811 332583 451273 399315 316124 119104 297712 296017 276003 229792 279269 429959 300067 353252 443547 433630 399773 231780 326222 259302 345092 372956 399432 249392 345716 320147 316284 322634 285424 301086 398523 387410 281358 359217 370137 396780 348811 250014 321887 353665 292454 335144 329010 343934 327511 327299 199908 115136 181167 366864 335162 277078 341782 355637 284589 255957 325847 173093 117915 187547 364502 328412 346477 312215 294241 294775 425469 532308 537590 442674 269229 394413 227562 233292 311191 198970 264590 245501 300526 325856 366896 313361 392314 328792 335078 251489 250393 477049 453300 277574 186955 331460 401610 266034 400804 374312 226043 297582 281083 324112 171968 179652 251951 317675 325932 511251 403525 288379 321736 308283 228551 267938 372454 277835 312327 221281 217725 261704 294621 325641 331349 267723 261628 203368 422189 361659 290795 342230 356979 285252 276894 382249 522720 480188 401150 379430 323899 248853 199097 183981 304114 287604 227393 143924 293210 370513 487137 484887 275037 390565 324879 241049 255666 297711 287004 277157 280095 106835 293030 320953 170677 320339 330787 304659 225696 255708 188084 224083 252018 232517 386148 400475 467395 313190 312185 388648 387985 323136 281085 435178 446118 388425 347814 129707 99297 120814 180303 185428 321493 353071 358524 282604 297667 333058 434078 244391 314354 257919 218870 229101 351594 292984 290411 410227 251932 280218 300559 292440 276444 311028 314780 290674 299127 168013 283382 375343 370555 361016 356822 253414 271089 458052 313693 296796 351024 186637 128440 240182 220422 158266 243117 126939 185102 324048 447430 387129 306596 240152 333086 292280 343274 339655 175830 103806 255052 280577
418569 388752 237332 256685 422359 342804 340416 335567 370253 232285 312334 436926 313297 260104 323051 278599 323918 289459 339391 342735 371758 394084 318788 329967 335393 388617 368094 318019 358686 325898 299185 279382 326957 353143 368583 309569 277583 376966 395895 449101 217962 384386 435829 422187 334037 160193 313624 299257 196723 248872 329865 321484 330500 328417 283358 169290 173260 351522 304148 248825 361482 317820 391133 461505 291955 240881 169636 312282 425201 230784 243668 177938 250028 260270 457438 523816 424330 370684 349464 274533 288225 199394 241429 324527 254190 301681 330390 435541 327924 296410 334151 490455 404959 248424 295451 425106 315772 209574 286730 340331 369007 267541 474841 320157 290866 227530 395806 400104 364670 358283 256949 207567 192607 367518 385648 299010 429521 356157 341280 370779 424949 498913 408833 290064 334668 382677 362199 409355 184754 296775 201453 225604 436540 293494 234761 254685 301517 306280 265028 490153 420640 439365 306465 401944 390344 235329 238185 218856 408782 349832 335044 297924 405282 287139 451079 429666 308406 514238 395049 293767 222478 167576 294474 364375 283722 347542 432741 322457 201627 304717 390281 348524 230216 273614 159975 151916 162959 246056 237261 268264 403893 356210 287830 317240 439638 233630 324171 344842 418480 318886 254985 167562 269796 316687 279249 318350 284676 351260 312934 363322 168988 271780 371933 242178 306834 307537 264647 299186 305920 357876 417083 418188 289694 439760 439910 337850 257298 285551 382299 369494 251673 237578 383948 383735 270738 306202 457502 307020 410869 399338 252361 226908 171670 208893 302672 169138 235006 315905 261504 177658 232445 237277 451750 465867 422729 290202 248397 333841 424947 225871 142344 330345 325948 263876
429545 427313 231992 276539 461219 363082 414008 441510 220309 230339 315831 432737 323036 338480 174578 140757 122336 143062 271461 262683 386895 269825 251027 179299 321799 431223 410488 460137 402686 387419 214291 330950 271556 515551 492112 333421 261767 293450 385228 441724 325937 385631 414982 467801 337141 170253 260203 243689 203065 348693 314809 378578 288474 387979 408063 302284 178342 207652 191421 366039 307825 234350 266813 266515 287161 362209 382098 430184 289259 191728 361509 387469 327854 329720 386619 380005 257274 396625 419338 327876 282596 210353 401382 333233 319731 349089 272515 309915 302145 157924 245114 399498 316314 196362 246177 338933 228279 255122 275736 299083 354665 284566 417067 379992 364075 286419 360926 460692 487566 420126 160060 223817 177697 262935 372812 316477 411226 349023 368118 407378 446201 439403 361120 284362 264850 261970 324612 280900 276050 387161 236449 286494 252690 269236 234860 244972 317966 418082 454591 407601 310213 318408 203030 279642 419508 428628 300613 426302 436590 381924 394021 336529 375165 337150 297188 421743 389211 444022 365063 367404 304609 291561 394446 243582 262986 473810 375812 215281 235285 177240 401382 322642 308652 163054 231606 249169 321525 220948 248186 258097 357316 317461 290590 253907 244201 284342 219984 269402 372632 239017 256060 322539 339433 428755 313652 289529 300492 452465 458478 354409 160664 329323 402534 281557 371613 347708 299111 341509 377261 478082 439765 343768 353705 374504 334107 265989 335842 295650 490667 348795 293981 270996 376898 392951 204602 262442 373003 357970 491161 474171 365340 327385 274371 327559 361216 293493 319947 480135 354822 275467 326039 275577 322446 452375 456033 395590 271591 356149 425969 343279 347475 474935 254056 228468
451682 480914 407009 331635 306600 353955 455507 348808 297378 211955 297431 407459 325083 227609 126249 54256 83448 192816 325124 237353 413281 328316 317904 206827 418912 439911 476034 314137 256593 297646 343948 341478 380290 435958 439078 392444 165795 306588 417766 389982 444576 323495 390342 394168 249972 220948 152566 276967 340195 400927 390174 389592 320292 489056 471120 328998 198471 215599 328785 369457 303050 322057 133731 149051 310027 387071 389025 421530 231214 228277 430278 357712 279749 221786 227778 287945 141537 301037 418821 397378 313478 250998 421063 313643 364286 293518 262983 369349 307197 246263 236350 260847 216943 210913 285869 309452 225743 169475 171783 213372 307948 298997 383174 399896 411007 301639 259896 373949 549650 363550 284728 265397 306989 308873 335965 357392 444583 428915 394324 374242 400414 315033 367561 238012 284206 365791 364726 327433 212659 285801 271215 334770 360067 403121 323223 183012 202370 442739 374694 271346 195701 190112 239032 343043 442900 274129 325743 378320 440505 526702 345850 295210 432662 420168 369267 426599 330845 336586 357745 269722 258231 371379 370667 246434 363727 467654 399434 286825 409466 301876 333199 443548 307189 323227 268980 410965 287036 346637 328137 410290 312160 251265 263388 211581 185729 379939 252701 368996 280651 289476 316273 375209 345237 366883 429045 387548 448308 505857 404772 275541 293612 413944 240106 238040 343450 211518 257935 313325 473726 344569 348470 399451 470265 454753 230706 208294 247368 311972 408507 305586 196988 293369 482901 429259 357357 353995 311713 361001 354485 360683 449448 352518 267531 294518 287451 318475 256780 480670 370829 307330 297206 361283 178333 410504 443136 390996 415632 407667 391762 425138 484487 438929 262996 205162
383312 521803 377073 338822 282443 412610 442832 380787 218811 254997 200497 238366 288953 152817 192745 150818 207093 248507 236008 286216 313744 438608 252760 248009 426131 491457 310125 227308 143638 233682 304220 452190 482143 293316 283056 205593 262596 448432 450501 328827 340984 343933 205578 307668 183640 182363 247792 360591 365403 352935 441990 416372 330195 360619 372171 318467 309391 402999 290092 241183 258366 345073 185160 143527 261470 293215 317647 413268 267181 364603 408388 354863 293907 376441 356275 287150 210064 238654 326978 351062 339333 393997 329644 196719 158129 107041 180145 283915 269920 299427 261420 222037 199627 147920 212926 258629 140011 249125 243879 307863 308128 304685 273981 254943 382567 305783 277024 377891 416635 354770 215305 272195 398789 346217 205798 416548 424330 336091 365993 391075 446617 253790 347184 394851 517093 375648 460317 314006 198493 182644 334974 411796 470503 338112 288177 264942 289282 273017 192050 130170 91546 202242 342896 406384 286777 258252 224699 329996 400926 413825 284475 191993 393909 423101 400597 351897 237662 374393 447925 352149 347483 308461 356201 371902 372473 487559 349311 441901 437437 363854 373139 425186 357605 394783 324445 448732 365847 318479 330943 361054 350606 213809 246140 167043 317488 250055 190642 220251 148479 175711 169317 302554 488845 408047 410282 424915 442253 441783 263325 381944 368054 428097 186825 401767 383936 229500 116819 184760 375744 332197 460179 376941 426248 369826 266092 209234 248177 414924 427487 390701 277881 391521 429369 493294 525773 415355 271233 260154 267747 321728 453523 221482 218653 240366 242957 297145 343964 314261 300243 342290 336630 373025 221155 267946 334815 414463 441479 392055 404001 452902 420155 457351 312453 179988
280875 431194 348481 332828 257165 434498 463037 278493 183534 255109 179019 270322 316274 319106 249579 326603 282273 227716 222279 238992 284331 336890 172247 293958 442867 396667 260214 261670 255454 133909 332151 364711 345511 213947 256294 178184 364495 429058 386253 267617 348368 264777 315896 300206 321920 243944 291847 357851 318944 356268 336674 284552 215505 304703 331554 334382 343661 402755 212515 178452 203126 291160 307426 295781 429855 451459 306002 259376 278574 320380 352234 301647 237345 396740 409582 271801 228549 333862 406338 413233 462134 391741 284314 124065 198466 106789 212148 226944 231314 234291 203325 301729 269559 256826 361715 305366 223102 301511 345418 315161 221608 331418 272423 320340 252934 379693 350294 381113 414038 296144 247991 404551 460992 359164 356311 462203 252219 146050 221521 330716 409357 318018 430621 468184 297648 335945 401885 305294 224978 213422 315767 352351 374700 249625 377542 388963 343353 95985 128658 162671 214992 259171 274094 306546 244514 365646 270566 431325 428951 438466 277872 186445 238751 276899 393044 378378 419122 339819 364438 380324 237716 323441 386016 429762 420317 424485 239628 426545 373299 446558 377540 299676 291719 333900 384608 315176 313717 262050 341123 328946 297127 239088 283426 319743 435037 247912 187534 284407 283288 127686 126875 265161 395418 436779 335387 375800 341792 298214 400385 411151 371936 266835 252302 326468 275472 266905 260009 242838 325713 392988 303591 307805 342841 402414 383952 300574 421410 407122 358185 392186 376145 369514 433757 480660 447600 231599 276955 390651 326015 469194 315967 269972 219065 234497 303095 352695 341431 133963 289754 330033 408261 354885 233213 256655 302645 456441 386108 421811 379707 429317 372661 325532 417733 250674
237791 433642 472738 373485 395900 441698 423260 189290 234518 183322 320999 245499 397360 417105 296589 447612 285745 319106 216774 233905 271360 342938 236628 388599 321028 312329 352358 353013 334086 328387 361976 221454 368455 291732 251880 378135 440778 394610 301624 314030 166455 218343 370950 392624 381311 375458 217829 116447 270885 356739 333780 230281 267043 392549 224030 266232 248989 389788 318172 285071 196570 343114 398709 354463 378204 344408 221727 213124 355928 274928 341702 334222 245929 409987 399361 236554 262248 403440 430159 362139 345730 367025 330627 281253 249602 155028 128290 159425 288154 254373 265177 346969 244871 195738 194598 192981 270431 440666 360363 400061 188728 243880 351269 344970 360550 378709 216971 277069 342668 297320 328308 450073 315464 345538 397174 304179 289488 212588 239300 316056 335299 439553 402101 375566 235471 325766 405029 329600 144489 208562 318387 258828 395212 284090 245309 369261 250456 204054 209214 341702 283996 265586 382337 359471 410686 437474 313021 321942 350226 335128 136014 144910 117560 192054 261483 374558 315378 331380 332576 194126 296138 403566 301661 394660 422212 334586 244903 351718 339483 434513 234307 139761 189584 294629 337455 253967 461158 322593 303971 246221 250797 136085 218150 382796 438660 404543 355905 460850 302871 261481 272712 370992 336765 332266 306548 186986 121124 178171 352022 355153 320715 244789 287247 165428 172862 297114 313821 339958 373112 232682 203871 326613 355684 395882 246329 403035 478790 303809 296260 325986 240645 297936 363681 421083 327454 196012 483672 438390 361409 397316 360117 281920 284674 344698 339910 281308 264907 312125 219925 278764 367493 388959 348167 201884 254005 403608 363112 358821 236366 424508 368039 270641 372255 336930
239161 288148 454259 474971 470909 474425 389510 326319 352722 321023 234748 257014 316636 415694 312338 275601 350340 235454 156211 215622 301753 313990 316970 405726 129142 251477 230652 351295 312654 405963 187154 347493 422200 248096 322912 323717 347903 287433 445789 353361 338998 273729 338166 437823 333773 410133 251314 196155 331640 364572 442212 325612 395504 328230 189256 260569 374823 363292 430183 314521 407894 428898 454687 247213 344346 175113 154368 282049 349917 231931 297909 261450 375424 359349 369384 392449 302096 358695 304362 251900 165490 284758 412831 329065 234212 308718 177994 151845 313713 287572 306946 394099 322305 94042 143227 308765 419551 349816 354447 270139 165039 265675 436313 414070 415963 306813 246808 359981 281324 345739 361440 357708 357594 264821 237698 220111 352028 297069 249356 162221 262684 343785 306685 257681 174505 167137 340674 264717 204064 334921 227963 265878 356389 342968 244749 266573 363703 239175 334624 310511 248020 359806 358383 441995 430343 335793 347455 229949 293583 366528 279638 226770 287854 195348 236893 367827 354201 395413 292811 161302 291437 348119 340099 390402 294309 358736 371402 262169 278437 391920 188421 136094 192631 214660 305005 237034 271237 208722 141120 284251 323254 223809 176405 269382 335560 341845 386366 247512 222427 347285 333895 364786 213955 303909 272754 300443 133776 183745 188341 256141 391579 278445 245467 267706 279873 242355 229819 298893 278931 280724 216826 332211 414637 272798 343888 406082 406635 298000 244655 239645 133840 256549 296493 383793 195778 258502 449329 457851 375401 527009 400795 350745 372621 463074 297635 257711 332568 242505 280097 277529 320816 405425 244992 177509 280014 385980 347897 368488 330433 410920 399783 233833 283332 384650
180517 302922 479847 391877 443398 400169 387931 363013 333607 384667 174421 235755 287998 337464 231403 242632 371152 183396 220015 379887 296417 275871 325584 253587 177333 316704 257392 389657 362096 276872 235563 326196 360864 370468 388347 300528 298222 415579 328302 430038 463931 253310 247338 366306 353327 248922 277592 321733 262773 249892 325290 327747 335091 198781 143119 318544 310458 316647 300204 390850 358500 370008 286774 332849 212359 174779 197966 418245 397017 250588 316971 343056 350694 284323 276047 357831 180532 231139 359024 277245 190046 378214 423578 249730 305931 327315 250519 356181 364264 444979 300340 455912 279434 243700 265421 444640 434209 343625 273707 277825 177041 278232 402420 434738 275139 291882 327228 397816 354649 352935 422483 451917 480745 198595 293816 348421 361487 430943 350503 237695 201254 327648 253717 279283 232234 256305 327716 191982 223016 266208 166520 229441 286941 304605 313272 421478 478078 418607 296944 335547 233930 351250 346180 403479 360419 269439 385012 277742 296615 315908 392956 223685 307271 187593 297393 408144 289912 228562 224219 216981 220918 428749 369420 250549 210919 478027 347809 349505 248646 316121 245735 208754 277522 381824 427648 282705 163073 209945 228434 299664 255882 211355 77825 125604 145294 208811 320788 204403 226240 405282 313688 347218 237889 307239 323576 337321 248915 299506 300659 229001 290729 199637 228073 426786 442235 300787 202051 168927 182872 237071 283745 312507 327286 247647 455377 377431 395445 350176 328548 279848 246273 393185 434587 274284 222723 296384 394238 274172 220883 453350 401381 397887 398083 380562 331928 377840 354352 353673 298232 261450 326400 274881 273506 188328 243393 226114 222981 380107 404963 450574 368060 267796 277426 207996
298393 359348 390365 233548 244779 251065 223572 175759 240420 332334 208579 326998 290586 231182 283824 323865 279564 200106 301729 203957 283533 341149 203416 124665 278447 175017 260065 257142 291359 209479 194067 176549 377238 455103 359110 375588 407138 426193 262976 420884 422168 303548 365042 387624 357095 259833 464473 442363 325315 342183 347242 411889 347486 146384 329868 383138 219736 248269 315549 346528 276069 181708 302444 355348 148910 191328 277405 367191 230092 171143 216819 374434 307217 283939 334316 290809 158925 390764 331203 360543 304385 541316 483548 338887 329693 270332 288767 345766 383947 251969 335217 211647 328399 309606 355591 349050 327040 198327 221229 255477 296604 391973 354077 367581 297541 207850 353229 377073 437623 357311 378146 513191 472195 348405 305088 370829 260400 235881 351215 288876 154366 278673 309444 385109 259246 332200 373508 193451 272315 329353 255425 177930 310220 336726 410682 529519 513938 453564 254773 241806 170247 301287 371746 413466 367962 255872 234158 359269 287786 377638 307783 263033 274352 345850 356845 203075 150929 191161 244133 243314 260106 330160 230941 180060 232271 326471 325078 334862 364887 215460 288183 335977 436009 463914 334510 250006 178303 173927 316545 356191 183246 252712 205355 148125 243440 292616 439136 319721 381826 323918 254561 193496 237728 342080 341942 340215 293575 408350 355170 269186 244796 342153 235446 399487 459742 369360 433268 282379 230049 312703 438355 368752 297419 222731 365663 380658 387381 338458 311201 201985 357892 314978 337529 281145 255652 405616 394603 235940 264629 384417 406409 414486 307103 384148 380975 293741 376395 386361 229495 304897 382372 373970 324253 239066 282655 227238 407346 497441 447927 312000 384632 423657 343080 395060
415317 326262 272220 161855 222483 186661 144998 195517 253142 345712 313046 383474 260123 283021 437008 372213 169401 237236 272081 185299 426249 380074 190444 258647 370368 210352 249650 306878 219899 302817 227828 359464 402726 276633 283566 333741 447266 289153 293761 385099 314265 448470 504055 510871 275242 324310 371996 437322 357751 450178 310070 306467 332021 391253 402922 389601 163731 185025 222276 364767 299938 308819 359161 240126 213484 194067 311403 263824 279292 161345 165946 224447 229030 279999 279015 256124 329748 370514 318525 300976 380267 422786 442089 348766 318836 286169 249792 344338 396303 341302 299097 211289 361648 426144 279359 309285 176708 276967 203738 195289 323459 345550 380567 440583 305741 270404 187318 201924 277285 195847 219804 499029 464207 288156 211004 306634 203939 238867 274224 365143 155902 200152 319084 241299 283433 420148 298808 275998 264928 347651 353902 312928 360669 366218 434969 372443 497537 428288 373207 285484 126281 185731 225273 282595 354295 275754 303449 332513 384566 319278 330258 383668 260791 386640 274659 194095 241303 182998 111661 236135 208571 354232 309083 302112 341058 216064 241932 379272 377196 210233 197337 347948 433625 270598 97644 175559 350735 275448 437197 325609 283437 369977 354162 373771 386049 441845 494172 402412 458754 395285 244161 152360 173720 220943 328907 407473 425005 488305 336191 289318 335636 337232 289821 293230 238550 371103 380198 333914 456883 435371 387723 290144 178256 188554 229032 468676 432088 350739 324552 183349 218641 157962 341392 317949 274582 375645 407726 275013 302387 306841 337196 385369 438822 469866 384905 209566 263386 258136 169265 189999 380532 342368 374501 337752 345742 388631 456122 441252 285222 361619 404283 458937 433758 355712
436995 357254 172702 265389 364323 303288 273229 375857 318064 487565 349141 334045 213243 206089 438153 251549 188198 290487 169084 367239 397339 384237 395262 347485 384041 282068 346740 369238 326941 335581 388918 405514 275693 167495 337195 387673 266532 236146 398860 426017 232792 289509 503651 262590 201615 140486 180793 303158 271473 369841 341371 328381 389120 442165 400288 306161 219866 222643 344919 324966 387779 317542 358706 195973 335212 306313 250754 256238 389632 278206 165032 276389 389079 261979 264744 241960 355352 308980 438771 416594 366752 413345 507767 401832 335306 398516 344123 364503 445458 315487 311105 201406 365390 422900 195684 344478 334974 384320 382299 333307 414737 413321 465025 488135 283464 318542 175707 246831 157901 105479 203679 434996 344009 200530 307760 180384 155089 265365 295604 348950 280919 244422 339945 291640 362732 285575 327194 219204 164168 243936 407199 255090 204107 342859 256631 336910 473936 412595 486644 389372 350537 256318 292925 223220 427607 456386 403828 335074 303640 344764 374111 391701 322924 255871 278921 237053 270821 195267 157450 259464 267112 399945 352727 359408 430600 254145 251316 399530 358943 235398 304188 294030 225544 148569 191581 341287 419534 312810 320240 299890 317976 459028 421864 337336 354650 379847 378165 411962 375563 458200 316781 269860 235315 261180 233139 319278 355613 438407 185831 353148 267926 341471 380305 219990 210373 340929 294652 269183 432402 465107 414538 287355 264548 328936 212655 414154 269009 275805 230303 192668 109902 208758 413749 405357 294672 313441 470975 370640 289337 300736 248639 289207 407296 370605 313802 220705 242830 172061 269007 272043 357471 408752 398896 331664 353986 421692 314884 274971 308981 365521 414874 513140 367357 319164
393788 296374 320613 377133 361498 328026 466377 420464 343736 399630 353769 344331 219787 427754 384093 237295 242958 188960 308665 319041 284278 365011 355218 397609 428756 338214 447772 451707 379211 336757 422057 388523 263441 219958 332600 391987 176837 188504 274753 320416 191529 342389 334274 206099 203208 153119 177556 351255 261425 390035 340975 312394 424653 445703 436476 338090 316271 444096 328383 423274 415455 395568 418015 360351 330065 408570 333220 387060 282604 282131 318371 411607 236249 245547 203538 186256 230491 179247 442565 360869 304876 375127 276301 241011 388208 489802 473707 335566 385172 280546 271314 374033 423838 410277 328937 361987 351998 399211 471723 288756 327612 291151 350568 377182 321660 301737 333006 302039 296674 158948 319792 370820 269065 218899 420963 225628 151995 371499 306283 367230 403871 223784 301700 245556 248472 304860 460285 331847 243979 219086 348114 185738 204146 349723 222614 394336 401135 385798 389165 528459 478511 305012 220239 239994 422022 473861 488380 283561 394041 370385 332128 354656 342806 384543 368594 273971 374456 340194 172073 178831 193831 316463 363687 355680 370829 340679 189002 316908 327598 372316 416229 306954 175217 182297 355553 453096 421954 412252 365660 298797 253514 377772 206327 304997 257407 295438 224794 301309 345578 353723 432370 432939 293874 202641 182617 207634 311466 330305 321434 262759 275993 216153 282786 255248 219244 378688 265996 290783 360184 517248 402439 292452 365152 385739 333386 388575 426998 279419 219240 317009 205508 164771 247967 295757 179569 245454 326168 281881 361306 329990 363516 287450 273993 323605 301851 221696 197298 292461 384077 298606 283508 441916 330923 364201 290363 278414 298526 240735 434363 462397 477200 298605 345925 217038
321200 375102 450891 306549 181478 310614 394727 427524 362763 463832 517671 266136 293641 481504 406295 359184 187251 193744 365364 271995 316233 360085 374206 387944 406251 289125 299821 315478 265714 285432 317418 380421 366295 192516 329992 345705 158631 224667 215714 295609 364699 347661 385490 219481 302394 234820 196049 282837 291276 436991 326841 219418 383164 412587 366716 316666 425108 366641 312460 455155 412354 477025 413682 261173 204544 357345 353079 308179 323888 376787 444385 347284 231026 303911 320038 220728 205552 230300 307966 373189 311963 194053 201058 273213 386399 566695 384606 377743 371430 207452 353984 443858 369995 375880 403843 273575 180338 363820 347405 303689 197452 239955 252507 348006 468085 322470 336299 294729 339434 390628 462828 284775 192046 208210 331169 334881 266765 293278 345089 415823 336076 264023 217372 268751 201391 364152 395708 383270 377979 349863 419099 301004 263271 278008 231298 350861 246074 280170 363604 457202 409672 419722 310781 246903 273626 337614 423634 371866 335631 357733 257086 255450 272407 310505 303045 296333 346924 404927 352737 164643 123779 311465 411413 408238 340288 394376 234675 264073 413215 384024 312078 330737 251574 254067 486310 414526 448295 497070 474720 368046 310474 326329 361075 364840 348970 228712 165046 284529 388101 216970 361493 243612 168078 124741 186154 277095 274413 385985 249101 215846 248743 297087 205410 292966 301941 318159 404340 334528 437906 447745 387818 463619 362055 314187 329354 447481 410889 221551 149540 350996 259897 150888 162573 199487 205226 197148 308110 339430 324242 296758 356573 282492 314092 358236 276165 227928 222382 348023 412143 206827 314832 320155 357634 326291 394799 319882 443925 266065 339385 361717 253955 205641 227363 377754
305044 343430 326636 191435 170947 345022 339482 357773 295169 434969 328904 175610 236810 445533 408800 274842 156619 317482 381480 327282 322230 398251 406400 420383 446456 383369 272895 191042 197882 310617 318575 477156 428339 282176 343582 361307 333880 389529 392387 283314 322464 387897 314089 434183 382180 347671 296103 166271 227858 324620 373594 216251 280715 314357 366189 346764 385067 422167 307019 443685 344161 430212 185660 169620 368557 340530 329765 420315 468090 527893 432331 275799 225909 387610 272771 280661 244440 177517 367053 417916 259293 158057 214311 275527 298932 446857 441619 517197 401237 429441 464078 311873 301477 267983 447837 384936 414226 328097 412043 369727 200469 160271 264459 243191 330364 336553 265112 257435 362435 522409 450060 218260 186063 308317 319736 314665 207822 296617 367315 390476 440147 323289 365496 288057 287022 353264 215341 282671 348245 433226 319203 403155 212132 187504 208030 182785 163643 251941 473923 411882 332080 430092 327348 264651 204424 329078 385462 418998 200905 273819 277518 371201 332536 293274 391275 380186 380256 484003 391027 138021 227923 326008 360921 400896 318811 400722 371003 267162 382465 361590 325802 448310 322358 437583 324744 353033 323757 424291 331351 234304 305225 378512 312775 337509 343051 201721 326592 391659 363849 276974 183296 265078 253881 227892 325324 457159 476669 434703 343799 201489 283677 316939 185476 298449 243223 232059 319791 455538 406761 249422 368797 368569 277560 131002 350991 521943 498772 274029 188733 306064 344046 279522 187580 292915 161315 360617 457545 330684 188183 159499 266114 306172 409111 494982 324525 384602 238642 385385 343882 376992 366617 424010 370538 307171 291757 332328 294810 331621 262936 296608 229228 131090 284616 449872
495911 355044 226825 152084 191484 450190 400543 218661 207249 377749 201290 191069 223176 297585 326822 305601 343804 363629 424549 452639 410725 497551 455268 471552 499777 330165 206799 221114 253682 410997 447476 448952 391776 431514 372016 402912 476589 506905 352675 198521 294904 307253 365222 392269 367452 425565 319468 274095 210789 353548 267152 223698 117970 201735 434313 322633 473489 310805 345214 380437 309767 299130 214027 314857 284657 236193 355340 457959 355559 377411 276064 238765 284873 346389 474196 429723 263910 313453 332270 382399 306617 233317 289487 395727 314570 366367 527258 366146 343071 431194 364052 432099 398006 231764 257173 335313 442480 400903 465107 340641 311064 248291 285003 290083 354410 321125 282777 305769 412760 491276 347886 269657 391922 432511 426505 286888 266430 332242 309441 270828 473917 404858 465510 327410 333907 191856 102209 174509 207276 284932 177069 229540 157637 246763 305202 167176 153936 298194 359276 478175 315009 299219 374751 361518 398473 381846 326911 278277 291923 381318 361483 469609 404944 306319 297959 285717 333794 431955 274588 137197 103432 131447 238810 389480 414117 499737 405440 244313 306629 356952 272581 445782 419487 289746 316641 376199 343247 298562 204626 249012 434733 409774 345780 326961 287951 269497 490980 452271 414356 268581 271948 412665 403140 374171 382062 488277 498289 383835 457594 295420 209323 329153 269701 278844 346431 244017 328373 437623 255053 154336 212167 341379 211814 241867 422878 364796 326133 316507 223325 312070 400110 320674 435227 310674 332733 374549 375195 264045 107062 232325 395195 280903 462954 330975 434582 438664 405396 335418 377869 412826 280411 410070 339466 307936 253923 348368 277147 453513 353790 332272 258800 287565 330796 444773
338586 258388 264661 149598 303285 330699 309174 236765 337300 336734 277255 197526 202633 257045 277233 394879 296041 336226 218299 308820 367747 338033 445597 439333 362234 180024 246667 229861 282358 370670 392596 350279 362025 379891 218883 234973 461722 313799 336270 207175 222746 364271 442623 446429 492036 372323 344932 435256 422855 435454 262708 246918 249582 224965 267560 420574 405688 295000 383205 401112 230268 268115 287467 199758 275164 171609 373100 247037 266494 299487 277775 367990 270861 382603 452518 397934 306878 350434 278829 412820 409488 334378 406477 324407 200635 296748 362242 362160 230070 287933 504716 442528 357067 138288 134630 294722 395211 480517 428531 370825 261996 204725 243474 376607 409672 353556 347031 345454 315569 272166 217316 309643 396504 438823 485180 426833 273980 275411 285551 236110 286203 470884 398410 491530 402237 154938 144053 97260 237611 306738 130066 160715 180424 248917 270584 135090 255979 308965 202039 263391 304942 313259 439514 402319 471258 401725 311931 274971 280111 276006 290787 409695 397997 174927 216130 311529 345860 413164 316925 158440 140898 182584 319411 246606 328482 483124 348679 283673 393280 281373 232001 483585 316434 252515 387395 288846 239738 297565 363487 286172 342362 353631 282108 263431 97533 200914 473947 493256 323654 208154 299247 338611 310605 432830 398979 370286 408280 312033 382639 306601 252653 432544 255820 227911 318103 423654 381375 358860 194646 119566 214573 227956 190921 293754 356430 172289 316370 369744 224485 337021 228537 347781 380259 381618 226594 333730 347944 297305 193545 339539 307117 308306 347173 327554 400712 481051 404801 368514 244055 222305 378025 344355 428121 308641 364441 260780 433498 429991 210770 162800 331512 275278 404821 424170
357709 240040 382753 294658 254192 115696 250188 323778 438580 446102 295052 245662 384663 427484 468316 375282 460768 400389 329126 286091 400281 252840 284990 270563 292195 290720 227436 164129 297957 291493 282393 442560 381326 325756 179073 324223 322158 350389 410989 359407 322045 341854 376427 346370 316370 261078 231100 378546 397666 421690 288620 252881 268039 289988 353921 475298 371072 434927 362528 424587 263471 272161 276709 331079 270917 211143 225043 259918 289420 366372 363039 371410 431035 445387 439828 501502 427712 281761 385235 431865 384914 282768 338123 266591 326448 427686 475199 316983 124177 307613 432811 353313 295076 278147 332044 278025 359274 380903 427968 352577 196475 265816 316187 310267 422572 328565 296457 132443 123918 113429 105731 191129 277114 428234 496626 328081 333880 428904 340957 164446 233713 312475 384020 411561 400025 267090 237524 202651 402237 430881 317972 254346 140027 176527 114898 243547 445053 364139 129852 168010 341989 336428 285315 404467 381185 325120 255057 290884 151294 210418 347870 495401 420044 249089 288552 322511 325653 316722 440907 254599 167986 366940 382944 255419 395130 335960 346438 164592 258644 175734 316863 373969 214712 346789 413598 251599 180191 397077 351020 341000 335178 398256 374776 370941 146842 298187 320882 391523 228447 215813 334015 301946 321456 467409 371557 243474 302949 327083 419093 258368 360543 445794 330320 310904 274693 294050 353308 239012 179933 247726 327719 175431 233515 273953 344545 321989 484755 264597 347668 377278 292457 349097 477684 276184 290565 307558 390452 239315 352012 383757 262709 297872 264030 308021 275713 406229 417390 287902 113218 179737 233111 236036 231990 351481 233377 316061 391500 434017 305145 311213 319483 352461 424061 340070
313076 211683 386604 258988 170028 219742 251820 241511 462978 432428 371181 416844 492949 393099 301501 412789 421211 319386 382027 287766 293953 299836 163515 232890 257531 338891 181048 308717 322593 221508 239713 373724 227209 353015 355030 290982 304894 328466 421257 338389 195150 228663 435748 353901 297432 270953 168788 227040 322483 437466 230141 160719 284119 300752 471224 349039 307985 322570 340962 371014 262940 199130 356321 314619 329921 190371 181114 337564 283411 316815 357789 280338 455133 355220 332820 485661 418025 357072 346217 487421 459000 418489 392485 346133 367297 474691 400225 259118 217975 291815 313980 395715 372854 317391 321806 434331 400977 427144 452994 220206 252781 306083 447876 403725 494252 442850 393948 205875 206595 300245 237300 148314 280349 402185 337652 251490 386986 346675 290988 192389 215405 203971 357656 360150 423475 299783 301301 349646 427756 466734 448749 304869 284426 199898 208332 421429 362532 288195 155211 215858 255849 299793 287036 372693 214088 196043 297981 265159 236427 375903 501125 481188 305110 308839 180366 266713 311212 348083 246478 157460 262982 371112 435934 341205 436838 348868 294578 282087 152337 210555 288254 369981 334575 433090 422960 379853 295342 338638 364158 266268 409268 275143 346163 317217 324526 285404 277566 340235 311725 385035 332721 308165 418972 477014 426543 233902 195477 277215 365162 321394 333775 286936 381578 305453 244078 208690 397153 363328 322213 397144 415218 204932 199581 185777 350783 449863 423095 254091 324878 383507 211401 286052 281922 309032 254097 243905 197327 223131 439898 352262 196863 222453 330873 206647 312801 456025 465668 316398 233776 120793 119124 155260 154771 194592 246305 389170 300269 327395 284146 359867 341681 375618 359629 271242
257300 195954 249416 182356 166203 326643 168733 366186 439185 328858 446710 337298 385078 340766 291208 461907 255146 293501 384894 203527 314482 249051 301324 267193 323883 372205 362240 338968 241458 276845 347704 414810 354580 350097 402079 234039 185424 194576 282522 346345 258220 352222 388127 341835 291179 286180 224630 172823 357326 414984 313174 332869 236374 281915 352799 367837 305215 277703 362335 402887 444780 266797 356969 301108 426139 306221 289655 414663 388411 370170 472376 338455 344535 285577 286573 417028 353594 333792 316107 368914 429743 333412 439329 491315 380929 381891 277085 342459 207169 129074 198730 477877 300329 219495 238673 392391 332989 317686 292134 258337 189304 310316 409846 470363 470264 333808 236678 282142 349435 322491 294986 292876 346605 440206 297337 324897 319712 250113 233846 310236 153415 181460 330936 407650 330536 237504 332069 326632 355809 313146 380311 284097 270750 240394 307006 275557 244413 195640 119384 171148 323450 316096 425674 374624 265949 318668 366516 244039 344408 428239 528551 444042 424365 305284 211983 126109 304806 278546 135177 171485 224377 280132 316322 398504 463923 292557 312785 296892 166641 251673 213359 295472 450182 387313 450535 473455 367454 277159 225954 256620 267383 325627 262040 401059 381796 313335 283406 362417 407723 447083 378616 400948 444593 478850 488722 377296 229950 367782 315432 429142 239739 315554 305467 298277 172369 188939 427106 413431 305709 423502 331281 204398 266038 331731 462762 439212 387157 236112 380978 368524 229570 227963 236363 259463 301052 177431 210587 256058 449985 323109 256399 436271 384194 377854 388686 448881 427394 397694 280912 223307 201938 132013 216229 205375 353169 492446 358071 139346 186223 334046 382834 340166 405225 342392
266280 300421 279082 289421 353864 332298 319680 408179 246778 191408 371412 224536 382145 257310 381243 356613 186146 257998 309017 225918 398910 389255 437254 274553 267060 335536 342067 400235 463986 374187 467970 526498 391426 301129 359896 333032 198896 93213 237775 326605 354606 354736 345185 526459 506233 430487 363998 279102 372076 521068 517714 350627 160363 190552 368852 437138 331542 187832 236747 365988 305397 333918 319525 330672 356114 425908 448021 393672 289513 270835 367220 373918 312606 209223 331280 328611 324128 404067 411659 384869 311648 173132 265121 418581 257650 227678 220907 343215 310115 121407 230026 290514 328229 282481 337105 307125 290361 271038 197935 216525 219753 335732 418244 382857 287395 166022 239631 360153 367166 143066 194806 226019 293234 305388 354856 350562 403469 275356 235016 344239 152179 263507 387772 322443 264736 211970 285052 179708 256770 266706 338006 228218 198932 347327 321035 308826 296800 207359 209283 369547 324498 389166 356073 258668 341390 342681 400112 450481 432080 376585 408741 490204 337873 241746 232712 288056 146448 278025 161795 236557 308427 281575 304676 490535 349829 329341 245085 260419 288693 293790 172140 208420 224051 302927 446111 476535 280856 102102 186848 221634 247587 274896 191066 338083 469373 346593 425310 355347 443922 536571 467149 490541 405712 477073 347764 251728 266035 370053 301976 381358 429955 444796 299200 230158 91402 208068 383961 297500 265420 280230 271494 339749 290599 462098 404441 255395 251577 324129 418302 368233 195090 249774 182361 302266 318262 297054 296113 367681 314933 304603 238231 342712 453611 367558 302932 251870 353202 323240 270038 353105 228000 266395 394003 349328 401569 474423 299041 226280 200307 314356 360775 255065 261208 295346
257777 477313 306332 356461 407774 311505 378225 256130 197066 166158 310105 277686 273910 224103 348130 309599 281474 308803 218689 256970 324473 375906 276647 184875 288833 196738 275900 274522 325158 349582 497962 474416 492222 265968 292955 280493 209468 294607 377966 204754 250361 173219 241163 484646 493878 324523 371688 257749 341432 499296 447480 216631 224040 307009 517287 521228 294855 303861 357809 348304 235162 335467 282772 253717 255045 410206 399956 233178 207160 215180 286753 518720 400383 344446 477770 379656 464855 440143 356901 371481 349239 171858 186808 418757 229239 217771 309414 361863 351219 267069 209694 305211 350271 325590 403316 372492 321393 406041 270822 144227 241453 315828 370113 264063 214553 153059 241203 295809 201601 299231 165764 328778 266744 385464 353296 324423 326080 271910 226964 244823 213748 390987 288663 265241 318878 390790 261820 234956 198852 285271 390992 229035 321194 270893 366396 380476 277078 181687 380333 419096 288194 395408 167715 202984 409662 368221 373434 471035 388298 249610 351670 283632 267266 146462 229813 348245 346058 227480 272087 353241 483062 300232 355184 457291 459847 265717 194036 224649 369103 324801 193277 185260 275506 192273 389790 393350 173967 280503 238781 339380 298051 264991 120103 182662 228935 348253 220335 264162 381471 426960 290616 388050 369699 277387 207608 164368 308377 350706 423449 496233 553622 431896 407749 205630 113907 238595 179475 299130 205036 199556 374808 372797 411376 378591 322410 262166 220500 342818 468213 438696 202846 183777 192590 301957 242257 361472 380527 414230 335845 293892 261662 384517 412568 273565 291180 300118 374757 392167 262549 333790 221931 330299 322929 375332 438619 310399 234349 315856 355089 337286 334267 246575 309611 403645
277500 263312 329701 289258 336595 346981 322513 276051 177855 110551 127674 256560 242776 264092 242690 327625 323541 256186 253564 207098 202954 280117 306348 271910 451182 369135 348285 197791 343006 396874 412260 445211 403754 210613 144938 198321 298386 459261 414865 358941 302313 275810 285260 302384 342521 297158 178172 161225 279392 403001 304791 190876 204893 364851 436990 282422 164054 226526 231542 233500 136115 125567 222067 202697 156354 298890 280464 246649 244088 330999 274426 416609 210239 298833 412021 365950 426981 283858 187095 251528 454251 308915 187623 303330 291958 160334 275297 322871 281821 377195 254547 240189 299866 279900 447197 376184 445059 449723 366750 209731 384708 455300 452921 383610 252188 245488 265435 241039 316199 388235 353446 303056 300682 307193 289753 216389 291531 269769 219651 150223 280722 318782 228531 358009 345612 290207 311438 355133 239474 347908 319245 302767 281204 181471 241176 326300 384173 283793 496695 319820 340872 283460 94952 165206 214608 266672 339130 522926 459322 402644 343149 331080 263609 191469 209876 343271 270216 207226 370520 426162 474040 334765 268488 477732 449129 201535 109638 306650 353705 410475 187558 300382 289120 242420 404584 321160 322794 392732 459099 487743 442312 392986 167943 134420 307424 307425 201381 324442 471732 356550 286722 353365 262760 225589 298351 200337 251471 284093 414704 503006 473532 381673 312318 254082 191620 277863 257508 266850 330162 265579 389337 306537 439763 229794 252678 230291 319784 326541 424461 329772 148802 152125 305598 212162 223109 327078 449538 411218 344887 286557 376943 455636 279717 276743 302308 319020 307738 232980 167212 297211 379310 221435 297898 352627 302641 264333 357084 434815 367066 337483 309083 253732 349568 352896
241201 339968 461088 385964 468536 424741 364957 301546 149955 116534 280005 311431 437253 322607 417872 361208 251283 209468 351548 244266 363952 445959 355462 369200 331022 321819 216144 308619 452630 422930 304036 433121 392265 242532 319039 374452 466971 479488 459147 415983 342730 298354 273485 231345 268622 230193 219971 144408 261441 254435 140000 119029 182769 298907 311908 134087 114969 281653 145416 303682 208528 204181 334719 321583 233159 264136 302583 285111 414166 425156 311109 268896 251750 245401 379960 315720 370016 291787 223926 375326 401433 321599 218082 274753 354574 235931 373510 336444 363444 356403 181261 296459 414667 349914 291415 343753 424826 338123 297634 264732 326760 442905 297526 218398 293531 207703 226481 220502 351984 297177 368740 372369 373633 373429 354341 373371 216723 219162 245866 274477 381897 288584 412155 429701 304490 254672 320237 439000 350136 299700 416960 350629 295670 274060 282042 383057 391954 435638 374281 367778 327673 212393 108187 184620 270554 340734 377619 452455 375320 476837 398572 284258 190046 257942 174059 311981 180660 176698 234659 372206 401814 400175 265431 409598 363320 348536 298197 266567 334266 324943 241926 270176 280144 277479 402143 283401 314606 477602 449400 373426 474640 400357 148134 254926 364518 304807 274563 353065 467370 345819 247195 243884 156793 266834 307250 278683 243454 338594 336296 476697 420718 337712 329108 253987 320731 339340 232869 197385 308737 366904 247964 369661 446152 312976 434720 481001 506717 372216 295778 226561 202545 276516 260617 287582 347322 281123 347303 350875 251685 356983 278549 320145 145691 236568 339776 297059 381035 242047 245733 273998 250173 186523 391465 309074 136152 257148 460166 416798 229823 238682 197084 204000 323148 240523
369515 439912 414331 303105 392671 358431 217130 177766 188751 281456 269410 310493 392266 260030 311394 283175 97447 195599 332412 403225 462936 357355 306301 267186 182937 201889 149875 368153 506609 423948 298871 265002 358397 315096 459305 373752 502765 453995 367792 380845 307492 437132 427765 236286 223600 233478 257466 230121 339625 245278 128148 263844 164933 300200 309273 146757 294638 326121 388825 393839 274279 225630 185256 306269 163190 186407 185614 208182 378929 320963 273673 174782 304568 362850 382296 289375 445691 394715 411301 355253 364672 279910 282289 253003 383774 333475 260941 359749 345933 322215 246724 409234 376351 413953 292866 366813 316087 264136 236949 336140 334074 208088 141637 155735 278778 191973 263675 208096 201918 245016 281403 283939 323124 234647 418604 350574 290910 153331 308299 288595 427423 395897 418979 384019 255157 124208 208522 338461 388079 334533 418523 361402 301428 336777 415594 405965 378832 430510 405499 497729 398589 184455 173004 317510 300093 356606 306727 248984 371046 398607 359147 252070 235474 261363 319002 364031 340139 125368 288931 242018 235620 259380 274224 184905 276961 462537 318979 289754 361116 323976 208123 246167 319751 272280 262377 143035 290012 456293 313928 257309 451310 342853 259283 326755 411775 408994 349482 337429 431146 277958 183198 162934 252874 365820 258062 304282 186409 311371 344574 419617 364723 302453 323706 308357 492218 305003 335139 198586 414811 333839 255994 463663 382687 371910 538461 527482 507153 437750 326626 295248 358358 278967 315666 400811 457374 247082 239958 298711 279375 261991 250678 170162 223682 337480 407992 416264 391107 395784 290464 298197 127418 219302 454242 320187 142151 335370 454604 408185 332101 367992 253427 300766 395405 287029
408796 338391 376347 313379 498286 483649 284311 202881 222327 210370 236697 383008 346622 281129 383409 276445 152066 284489 366920 478961 450186 321260 219620 273767 178469 203529 238484 365620 481017 377621 378860 320014 438161 429873 400199 254853 313594 340728 348508 275174 265040 380233 424635 332854 331999 269632 287036 354373 456711 299234 311738 376609 216901 322812 365604 221808 346882 363001 457392 270035 289075 166939 285735 369857 283369 242634 263507 222096 221230 382448 303184 231374 311222 381443 339441 281277 517345 448554 308745 388294 416097 297645 215935 221821 345611 261578 262518 186403 204492 336812 319030 293442 303943 412646 369040 411189 267089 287607 290744 349867 246206 156606 166925 294755 277016 353535 356541 186493 261146 254874 131932 192245 278012 444441 426910 395726 360839 299717 269782 231304 413471 258406 312014 425446 390815 269982 301405 359408 472614 410470 358712 360918 245160 230839 408044 371370 323196 340926 405646 464647 357514 237994 368213 441420 266281 441543 267653 277495 427650 484560 441112 427175 257975 197100 300778 329630 312200 284190 390449 283365 282658 221184 283878 144461 294314 332000 309878 332689 440311 407788 302191 217208 256773 186765 214148 226094 341536 413455 338028 324188 445383 325833 222259 303014 272276 321937 289614 283951 468233 384659 181560 236610 307855 323457 436615 312134 241190 288443 293812 320394 253283 239019 319059 324637 441502 348062 316126 311331 375908 176666 298254 480619 354911 497737 531399 423637 394864 373943 421346 365243 474427 354592 389226 350415 412126 333466 249031 258867 231716 341369 204484 252752 214436 266752 357187 441313 407723 370340 255695 292802 222751 357714 400570 283899 385773 429138 492095 414293 385210 303174 235199 410564 370728 361684
206819 191936 215633 373947 402223 483870 313128 183396 197854 109627 266519 461807 319424 333181 403768 272107 304819 374680 306474 398606 389148 235088 203164 200760 180380 203270 293378 431691 333679 279966 440876 376764 449317 461304 367761 192148 225521 299152 241279 268883 195268 293135 415441 404002 352570 373707 324848 388214 330946 266439 328075 299379 314684 373078 304723 362875 402925 354876 356470 217596 329362 185404 263744 378527 218897 226890 279340 244276 320356 280486 283829 318552 304363 298081 243802 396437 416872 287077 332111 315388 364906 202996 183582 167742 182806 260294 281533 234554 401134 445027 328207 291066 240844 325542 403548 372413 316161 320764 269312 185427 149901 127305 355050 443968 395484 468493 277751 215648 258017 305704 210832 233395 231140 401111 336323 327349 370367 320261 160953 212904 294404 176918 238751 408069 347519 395028 414578 492402 416865 275142 383463 452583 396019 329260 382497 263997 306755 281023 314762 286451 294001 381256 452836 313865 300195 319081 370480 363128 380135 330716 407363 385178 247972 113748 267439 234804 216113 248720 380741 322724 179711 276628 252795 316308 357371 301675 376952 423064 387978 337993 311177 327948 350299 279140 345320 232806 284517 277962 414482 429832 366801 219727 273633 352975 465171 460860 484736 441581 455099 289937 265681 271436 307609 344470 304873 282702 335242 382902 238384 245744 229138 247935 289211 432182 427793 332755 289837 362290 285633 201123 292881 326148 316445 484605 348578 344734 305495 301001 442304 364953 412440 219946 252350 198618 349779 350849 261895 207522 351746 437184 342301 243170 133879 222576 263290 315290 383035 405647 223107 267954 346661 341554 374960 337382 403944 349330 409291 418753 404572 322326 428144 406802 334621 365037
167151 223956 225904 381991 383218 422345 211527 308272 202175 176673 365851 379224 238601 274366 303053 325522 467487 449614 273307 294441 400235 244156 285643 192395 154479 182341 351807 388648 290007 235929 334591 312122 333913 293622 210538 176746 340271 252833 162212 276184 347253 353460 365165 357503 283032 296584 341677 236059 278217 186953 185387 224979 453876 421963 295047 349616 326435 280628 202028 225887 255991 164978 311308 329970 264854 277136 188988 304029 281113 346010 297410 362811 387006 280874 229789 375753 360646 371998 411501 328751 333642 304599 245317 230940 290609 328801 395074 381502 447522 328037 205578 200841 212122 291508 397883 459019 431942 300146 233421 166408 165774 354636 406800 460283 351486 355565 205030 165247 184841 350898 313781 257579 354137 327163 208375 285411 365839 253161 140249 270741 297681 258687 253722 285675 192231 303954 272484 346761 198462 224467 396113 442704 495560 399734 225273 186393 305275 395387 253633 212403 345159 316443 407613 312266 298627 270271 491337 402563 359763 290226 306457 376137 216665 290211 264917 299788 114910 291430 362383 239967 250927 391711 373115 367611 241735 138071 293360 250575 231866 265660 275099 410231 370750 264016 265444 256893 203056 349201 465159 460415 213098 219815 267202 218320 373022 406923 441344 437758 417780 272874 245861 347180 358632 445939 254198 382573 288503 378055 198543 336646 235845 75994 163878 299046 259166 313789 201841 267358 186230 239752 215594 236214 277035 317083 297335 432303 344953 418850 475437 389213 325942 165755 135830 276079 331435 325739 252925 220623 321267 471005 440737 335968 218437 400784 299461 136544 237145 297278 291038 349057 226145 267082 337936 339077 266440 329604 360951 356054 382826 443452 372627 455114 386441 316830
330242 334592 328017 403401 458157 405428 259770 282646 184242 217165 389978 410846 317137 308900 244114 200636 402748 324368 292884 337634 324307 305391 344647 187488 158812 202251 349686 401141 325003 320106 227426 336862 178935 122608 269650 255044 397294 208418 201917 378876 315318 379288 361900 462983 347865 335679 434015 228104 395727 345130 204583 250741 421534 310895 212089 280137 250715 241540 205672 274546 146772 308241 324217 379823 316074 281653 304845 268916 373885 419224 227002 216056 295213 322556 289369 377184 372023 298600 319439 356567 326918 413004 344204 451372 392353 319688 444386 381878 357045 249578 236079 349198 312246 270837 304117 408673 364021 302027 302993 299447 361566 479382 440563 376605 285170 284180 319138 115291 215397 361999 250231 287595 474800 379001 239317 272952 362729 199605 274377 464973 520078 374578 289757 254923 304636 354854 292704 244790 198012 245174 305763 306403 316293 351025 243374 284340 290885 228423 142060 281462 389550 376311 413581 391769 296699 264890 312176 315911 392053 291167 225755 266087 228997 383091 355436 299435 235030 318500 181853 255883 330552 224214 223850 283495 237025 258265 290570 296407 160671 319009 291981 282735 254430 284417 246039 264069 255487 403308 486270 365509 352391 418457 298795 253226 438570 340504 459479 346592 408965 195409 226402 297798 273611 303449 298776 255517 275958 388388 413920 429013 301562 238239 156773 288368 291775 303532 277000 373110 258331 324863 286996 210241 346913 330370 289143 321495 281716 447658 473322 396398 248993 113411 243734 383953 253779 266128 197301 250590 267919 443891 447067 399234 315657 328241 289363 168321 230414 368653 293624 367247 208807 319790 456293 314590 283036 176632 243638 186057 397228 315917 335708 498568 418014 335810
410098 409473 291023 289652 313922 339409 262311 177255 234588 236271 319977 301418 307090 279761 261763 315026 332373 284957 347176 312685 317042 318832 228484 223074 202722 146982 271856 368619 271221 262857 389731 316382 326701 350169 286182 340217 318707 209957 252642 300319 284011 432374 417007 456491 359161 297195 399430 313266 373856 477020 317065 427035 377671 323928 381667 403237 371944 326051 360911 263273 246113 265584 429013 384294 410569 315176 258966 211418 454068 376358 337754 197687 258209 330702 308336 355734 279379 233486 281923 416015 304887 356670 347715 380923 381571 417567 397245 234996 229036 249136 301002 452062 335428 201533 136308 188888 179624 263581 314525 396726 370369 506269 341698 251636 100386 232743 357146 271407 188578 204320 331229 338859 405799 378364 275077 303561 203813 297419 376931 465434 368706 236253 308601 321032 433535 336916 413602 361352 294097 423398 277883 184295 129241 253129 261466 396696 344031 168589 243814 426811 409738 382586 360072 256960 178005 263118 180305 333884 397604 275573 327600 190034 312241 264452 338175 200983 328144 286681 298058 363971 321301 220049 365410 472752 336265 331371 416482 292775 361399 491461 406563 227304 262294 310924 276394 160961 201245 244808 357345 329390 404542 300390 337948 280348 260458 308666 272954 333509 254239 239615 155188 325708 197008 223888 249981 296851 284730 429831 362091 427728 351371 288468 354638 336494 281844 287593 252845 249235 273057 373210 331135 385033 392898 309085 315304 389180 323926 419293 299111 377519 132820 121933 362214 460211 376467 363292 352262 285429 334162 340477 342596 331569 329713 371945 379971 190026 275161 323256 310781 302490 248465 387777 320246 397560 391793 265559 407056 310638 473568 382105 338708 332085 276739 289694
381822 422565 362036 242187 299373 195908 200645 296247 240523 221343 184898 262391 279127 334984 224957 237437 291455 247191 184936 338539 452217 345455 222243 337379 266814 304652 357312 398952 192954 399475 377248 335253 354874 370921 217423 326760 319316 302969 256676 361505 430911 523939 404310 506274 505003 385798 359223 259152 358969 297096 387051 330263 215374 226274 386117 388715 338415 271566 301747 226325 200771 263753 430355 351361 403816 262136 159099 350356 461826 474794 359648 281080 315835 324686 281085 227589 304966 283674 398301 299180 325942 418867 405432 182111 267834 430044 401416 192519 280275 329610 235973 483621 359279 237343 277937 295200 284046 338782 332438 226489 366094 367350 343279 217066 209829 365006 387437 326820 113866 315248 419166 339712 262099 394567 424424 341830 201128 451506 473397 349371 247157 237288 344473 402074 287179 329669 380038 422883 406927 333357 319797 234401 295735 186924 180726 285929 318202 335217 308381 301292 232642 275257 359513 293525 296594 288896 174387 323606 224289 397078 399355 334598 316358 175633 232109 242478 246733 244389 372807 250461 248899 361694 437327 294010 321863 276617 297706 280155 294371 430661 385493 330515 352981 387479 282156 277283 266847 308392 388807 266648 246223 353507 410991 346780 264275 316948 359145 455388 314617 285378 351620 378440 254391 331099 421530 450307 373927 274857 210003 385807 266710 232490 320117 229253 349127 423050 384040 218295 319765 226308 346651 333454 330744 289750 427730 498588 389668 287560 200087 268426 159895 157588 373042 482141 332356 348267 313279 299939 433059 304824 284825 339832 370432 506819 350513 293234 271394 264679 364767 212001 294760 430779 280772 421721 342692 439117 455585 328520 437378 436249 208128 331939 401521 333133
375695 386618 428771 429172 405824 166571 287193 344908 281261 98603 154578 130620 229630 392131 346089 261274 397579 305322 347000 355329 410736 249039 298331 220409 330274 400790 452730 420706 298853 466912 383172 202083 298495 292634 203642 381504 370983 236922 356259 396550 518008 428641 302262 361373 484274 401683 345947 391003 400527 251035 339429 174702 155447 245009 491430 433106 398655 270884 234881 195778 199833 331710 440534 405660 329170 308815 307814 424658 391948 393895 281886 256927 218742 308872 314986 271808 266300 385213 405131 406899 463825 458053 301040 258298 236091 324866 326752 248819 293137 277614 374409 370559 175402 315908 446947 352131 260087 254764 382119 432218 489315 302534 331082 244449 200688 418343 244150 198011 195737 372424 302680 295859 349994 479753 460698 331335 312938 477410 500264 342444 170655 259194 251436 337473 207786 347030 324135 440730 329897 330399 349616 452083 410902 281876 281190 357901 478681 429183 327624 137116 229629 350578 349659 465846 325729 233829 269277 275422 242414 426402 302160 212200 179008 268161 184942 244131 227313 346272 364095 382337 330764 491817 328225 405840 385150 294265 200722 211226 189652 341593 354923 339214 387341 268822 223864 362268 363222 430897 317362 321131 291525 371632 460445 409549 281392 233835 374004 326662 304316 267109 432241 443781 480957 518160 537746 479489 382999 253686 334769 270116 194723 162911 269779 284005 376146 323193 283893 374494 343376 306037 327522 282581 360440 223898 402829 436262 462132 316928 158740 227840 183529 225877 410503 476224 301570 379651 235624 222674 378943 251044 297035 301751 394349 417646 357785 263064 297807 364809 358017 295502 268150 239865 280803 219830 355967 444222 461379 202859 408572 472611 415412 435416 258721 260096
336206 381888 384095 445135 328118 358961 298356 323509 418299 317199 196237 273362 326666 421283 242225 270026 258453 350437 453534 381476 408329 305451 396166 256514 329794 317908 461250 408612 390168 423343 230752 238393 339560 298263 325953 461014 369052 221893 311466 273710 395966 250731 204902 389692 448325 389170 424550 513740 426213 318903 330969 264236 217144 325045 355491 363611 517478 416680 271657 394886 386659 400700 418172 327087 282928 326517 378209 333340 372811 330303 389261 332300 239262 276313 201367 209900 306419 391974 398562 441233 516086 314044 252921 352414 270393 273526 257716 321973 297590 333350 379415 272615 246365 376321 466268 302921 318111 233785 459342 504524 442374 306973 401853 263087 333589 301223 256864 124894 204385 315614 284550 214075 452151 396792 472643 367355 339047 418406 483751 391376 278752 419796 406986 213459 272856 279088 433689 348607 290298 264784 413456 473563 327058 411235 433145 509606 460766 376238 324612 312266 440901 334569 343430 350242 238145 305404 380821 197524 251087 290815 167255 180926 197197 270209 298983 281732 397741 438184 322014 386098 294203 321948 366391 403628 389908 358513 134312 107729 306014 237079 229234 310249 451549 350762 218159 248498 187068 254580 220592 348059 237270 346520 376655 255692 183674 265232 283773 292023 392118 279226 381550 438882 489650 384772 352610 429774 268580 327153 351973 336438 157966 319091 369324 379260 298650 127788 183130 347767 393547 343487 283189 239487 360133 315674 365781 351996 494995 288881 233171 282156 182125 309181 492139 350755 173600 289739 217169 255869 453860 318824 421347 271211 423587 416154 398176 267070 338431 343162 324439 386991 230828 190462 370848 310298 351300 449652 293262 343391 303366 516623 458091 367953 131009 238894
288765 302161 343174 285069 310053 343414 129751 200647 399213 440415 286075 407962 441172 396742 291323 388419 361651 388252 472432 360967 324648 365123 372512 384463 239168 342442 448535 523508 375028 319029 221570 271862 331167 296600 432320 289353 330331 229862 344977 218064 211456 166624 201906 433302 329175 290288 343729 383878 362845 343851 412225 381592 329070 362309 284809 430620 492934 333389 462720 493954 421440 352952 292280 227670 142453 213019 202962 281752 427804 405890 362452 325064 436758 290251 280736 306968 414101 381959 462810 496959 385468 377766 287210 344246 248006 367255 313710 270536 227424 345297 319934 238798 246396 353332 317233 359070 273067 278818 343710 387678 393008 367623 414918 253817 395180 363450 252941 146542 256387 484068 283596 308777 292617 421910 325945 373943 232545 400282 431580 361894 364663 430587 440178 186681 222879 253864 288527 335604 347410 294571 519473 358212 164668 316409 451495 390041 442238 299168 257809 320897 383440 315219 355960 315611 338406 393137 318583 207232 230185 154919 205831 241289 247616 302903 370601 313912 436418 415102 231388 275325 306279 379208 283614 240942 365578 262924 206900 224534 290851 137427 104301 207696 396832 371140 201482 295325 267889 259987 328398 287786 407087 348098 304514 283071 204848 319108 379513 424594 415581 277428 364263 375649 335276 204624 201113 241340 178133 332147 419680 342127 302440 353629 218613 243608 108951 107902 228910 336255 478764 360667 396788 343008 337076 239222 347373 338725 425145 239928 209536 228762 230107 213499 387055 180130 245946 341576 218553 324340 282158 372249 373370 405521 343433 353125 276561 263215 189089 289338 264050 405672 287889 229539 401453 308678 354704 283560 390227 289202 336211 401711 461737 284167 301907 277130
350432 474904 520950 447743 367638 307673 172212 261998 284012 407876 346481 310228 320399 333527 449923 347470 288235 399017 285857 248168 152607 307139 406846 344347 290648 348408 463032 434400 332767 216931 308078 318119 222848 263958 353190 274865 370798 271831 324115 214438 176171 293025 312166 346792 403023 348150 350304 218115 271640 339346 332200 358011 306771 347643 306862 482429 306429 336018 476842 473327 484438 406895 327037 207778 146288 128174 163549 214183 389505 433162 361544 297053 439610 361324 316913 465126 377530 271974 471265 505042 410627 361788 450270 354470 372414 453694 351184 206018 226444 452949 300190 192314 280362 296628 283138 276620 205176 268170 306697 246321 350434 348088 408390 242614 462149 463657 317953 214628 378801 443973 299133 181288 275831 360911 288948 431759 363681 307199 339814 277900 414934 467682 343117 278883 259218 232742 177993 325636 321428 442467 456134 239791 141954 333056 360175 307490 302182 257510 224842 320724 274748 278704 217369 325585 357424 353198 288505 240358 228007 266492 282482 360244 360854 312156 282203 436675 497625 333097 248551 223192 311834 291185 281292 307015 395921 342362 195095 188418 204343 285711 177746 243662 407449 299578 280066 235519 284410 316463 293237 222664 392161 245743 220781 222924 138060 393180 363455 385322 479640 368454 354203 397636 226771 255950 240333 242782 301443 427065 353630 386939 258719 248263 183429 209907 206613 206828 286558 393382 451258 407150 375172 368555 288025 289232 289058 375242 445697 339632 161021 262128 238884 257046 295749 182733 303142 301085 357375 258966 324831 312433 429897 395698 256003 397875 409042 348626 369990 451336 282736 461871 262329 209345 320239 401783 292677 334806 460138 359181 309400 338433 361425 330926 489488 249061
410040 480239 551472 420526 306874 199789 197048 362974 359368 351309 307233 325176 197368 286039 365670 213696 291967 359067 306979 233923 210006 351466 404026 265574 166718 319758 418350 493505 471439 246876 329724 191144 107307 171868 273878 271595 221040 328064 290893 323641 279650 455942 300311 317532 208783 232950 213313 260422 204218 267390 286965 405021 445375 314152 378459 424976 335476 344171 406728 419071 495831 321472 205622 201513 274137 177073 308946 199822 288352 481642 369227 443378 473601 276131 207013 449727 326626 172299 349768 440235 378309 279799 460809 348285 412597 406677 145977 208545 302339 245467 234446 328728 362007 343377 320101 195352 202235 301304 423171 428078 340448 418906 371912 315166 441476 399585 347243 368412 432022 417559 302152 232446 325982 326217 409785 466460 298831 127590 133859 205728 355792 456530 347260 284137 325113 308612 227223 305293 407612 468824 428995 244787 211196 304371 238714 261519 202076 247091 309674 283981 188962 144460 180730 228194 231423 251215 295737 223779 280914 327471 258205 402555 341749 250644 215150 470833 442421 310570 274976 279085 185870 313924 334192 477098 427467 281829 179824 145004 267460 409992 252907 415537 300476 272878 283953 171501 280391 367092 344107 273432 272597 314063 232926 139412 242588 290625 245981 355456 398562 260521 347153 296942 326084 294421 319964 375890 351545 255283 323831 353097 300745 294284 173892 220158 260792 188897 302806 428943 437875 334074 336896 283169 312372 370607 224265 419097 467705 407044 224092 221676 262390 238547 267096 178885 265058 266688 294879 277533 290130 317295 364138 274615 300285 510425 506676 380267 399638 264002 286365 253214 196446 115954 351865 301535 230488 413315 500655 360468 171482 249121 311992 362488 443274 319989
449661 489924 496522 406283 205528 128003 210312 448975 367946 220377 227743 378746 294757 279268 270757 358526 354835 377269 276465 146449 301456 358546 348465 275504 226502 188257 206000 425150 331989 230608 327460 186987 197752 265445 217534 253716 205557 394306 353053 259409 346951 349582 245154 221703 165650 280889 346695 326059 283004 190791 245792 340310 360451 221451 374933 444138 405974 365701 229718 292614 428359 221876 181775 299137 286310 322118 440033 285713 357280 415760 382909 372785 314617 153780 146659 303169 361306 203301 277244 290109 277591 369132 304573 252909 333353 353347 305569 289493 270403 310922 375173 451021 283608 249230 240191 244797 286786 246665 384238 331130 294729 450064 328616 328290 292812 332240 372817 431522 345379 281053 386697 242350 361831 356296 416336 385499 317079 87591 172978 213129 304671 337210 225403 221027 349090 342377 269346 293179 479700 393150 374241 239002 353989 300578 246574 208996 206466 282831 172656 287668 124000 162318 150115 258640 277566 297627 414506 399521 382943 346604 368243 414103 499214 256730 404638 490874 479439 308351 277843 338536 208616 183698 306555 431198 292425 281693 183930 257758 369681 351198 345880 370101 269521 274924 267966 199230 272867 309143 433541 314372 368792 323115 323932 194769 299008 299668 428249 438402 356058 295774 376706 229778 263364 221733 209110 310352 238312 301761 299876 400136 413849 348456 239662 295108 222422 214536 294773 460872 262939 300499 513614 397415 522306 369362 299809 223693 392667 350545 219957 183709 299472 304216 233890 260667 332384 266891 291305 345880 335580 374138 323274 180596 347339 434030 398627 388642 257384 208185 249601 264188 151159 202546 380978 266282 387830 475144 434311 291019 291427 291267 173937 346794 416600 425044
429440 413046 352629 234946 195482 127458 341688 336283 209886 302458 220300 307322 288452 165656 186739 348605 427214 490820 409862 396222 415530 447953 347894 174263 211903 125771 224546 319547 241598 329497 317367 383061 399156 340467 256510 203864 183687 348826 334493 307921 283182 241035 238925 144981 170602 259111 400092 358280 358198 186185 203096 272309 360995 229979 234322 407721 382229 402655 204488 320390 292591 235360 392980 243695 295850 385903 393651 389382 288609 446374 359981 321584 112911 118800 90403 266598 367483 190964 184145 115682 120951 185858 197132 350725 247330 330543 344809 298218 280407 343074 481612 484613 345158 379497 342101 260759 247574 230421 301558 348928 278750 358750 206090 260327 402872 360318 378108 270911 233258 379705 354917 272890 376856 265673 307056 404225 335027 231476 226784 213746 254739 203035 230753 226204 399634 344597 289307 311182 387808 340883 337846 249574 254945 417816 381026 257353 264298 374355 281024 274485 199446 264672 307257 283222 307237 303829 339880 392943 402080 361894 303585 435515 374892 356649 512762 476681 360741 367864 334138 312980 146104 204038 372350 449280 383075 386111 249301 409456 369601 398878 300037 277988 366643 327429 276740 353398 289939 339721 296342 469323 352420 350670 261113 244740 434353 457461 462466 457316 305335 253343 390452 293954 304581 360147 302114 326004 388675 439560 387565 424065 331473 302458 262213 326916 339546 171317 244800 362783 158336 291147 441685 349211 427498 402895 231107 200065 370215 461884 294801 195946 353041 323514 176070 177166 297686 225510 199979 250321 261912 435190 423716 400901 406854 246720 276770 194841 227500 268070 359810 251961 235335 193406 366558 336350 382194 309458 294192 416382 322170 322550 174879 244158 385631 361636
419543 351805 187877 300015 161944 291750 347361 180915 223147 222798 239632 237706 320256 243916 278990 234416 442508 478876 501916 456353 361374 433906 416725 251382 231988 312029 318424 277109 364479 411144 368379 338398 402975 360358 332657 310407 276128 220739 309918 318940 331730 227125 225578 221299 326061 271325 387018 378353 312571 199539 349291 281627 373187 144825 247318 273968 292770 277315 325928 273303 186512 302767 336380 334927 326325 268026 352171 303881 226120 339071 356830 240985 219499 213659 318625 289212 285107 205907 195117 153059 148715 149722 244420 402467 232170 361539 483697 426223 266981 249979 472523 389945 305862 362110 223629 193998 367106 301718 423247 356751 268448 285111 189751 223653 421825 242477 383497 291818 431524 358016 366262 240367 332311 222724 326400 420614 416156 369182 238656 176170 169569 319780 385650 389870 426681 347682 336315 349481 375743 399402 346261 345042 259603 369487 419231 293612 297657 287020 263725 242143 289512 289903 456302 342627 387339 289197 214312 287745 248989 205840 335626 432842 366224 320376 467468 397139 295861 198205 220021 235325 199623 205839 363854 456884 417399 325301 434792 433220 395256 324451 138611 223726 220393 263008 305473 274368 441923 315331 303266 409642 402012 439977 235134 405235 483904 518776 478735 448592 266456 376237 374988 461763 371011 274346 210728 207340 392258 427978 413210 346158 330541 313225 205349 285118 383633 173365 296333 384021 262653 365377 359440 384119 366107 451574 165285 160137 293886 365568 175195 214285 267080 287241 158754 287948 297226 215406 323881 206071 301333 457580 487066 401529 286534 233254 322691 183688 443353 418115 292858 281012 255834 288100 332225 375437 256846 282329 365837 308107 283316 213211 170111 261504 347284 458558
339874 357394 365666 271886 318647 331715 259971 190257 179313 146866 299469 219236 294193 261109 285016 331922 417701 347609 353803 405265 328642 378053 386245 383622 274166 446261 520400 366035 408669 490386 278246 169792 286860 270715 409425 450792 296229 291693 294108 328922 370366 323679 284871 338991 376234 259286 357995 410175 215608 289736 296499 275073 247093 184277 223256 191123 211069 282153 392519 248001 268171 318447 309692 336344 184279 197791 191833 163771 147522 283061 207083 264682 244681 450984 301091 211922 202683 261060 150233 252028 248052 146950 344559 403177 250228 472774 410921 344393 275391 409728 444447 435658 393297 217551 259608 339693 307094 397021 385629 171345 250119 283282 158411 309578 277499 233365 338768 245690 357489 244027 231153 294729 199998 248661 279537 472051 525325 424321 410024 310837 213515 339938 439364 354561 403817 437801 450498 383029 448900 503351 441344 343308 369876 225658 400655 416655 232534 300362 188713 366767 307406 319768 246005 201538 279834 267188 371050 356268 243289 404092 444802 358853 287319 270571 376457 510445 351267 235650 251856 329579 180471 160122 380189 449623 444666 472133 458350 373796 250148 251744 287883 193528 186604 283827 218493 345410 366614 417158 374526 352465 357325 290051 399478 525723 488526 467297 422626 459823 315803 408339 302538 424286 286228 260174 295540 177020 380578 425213 326664 457780 529093 369487 224960 333718 244238 304544 395834 405848 272797 336032 299310 278444 382390 418071 194592 254469 255494 207952 144431 168351 337358 203803 281976 323641 173554 302872 350238 210739 331449 399147 405079 235864 253852 373395 282634 211019 353650 406716 271434 274041 338828 357251 319297 382442 368507 409289 261411 360644 265980 238719 263668 266226 273174 271141
204403 314006 237381 232432 411360 303589 179730 221333 229088 312507 389880 369421 415398 282589 289215 270170 330538 245503 189295 274651 288670 349744 332406 406132 382649 371125 442024 304009 335525 340596 223768 188796 352879 293820 429789 421453 312276 426755 352509 389608 310444 291217 385355 269717 292931 251061 413560 399438 233328 263289 323573 307128 324128 266591 168689 319703 359376 384315 279425 197416 141451 203741 314349 325802 206848 208191 191368 214226 286090 230798 255076 265492 355466 274175 218823 326930 370767 268841 271021 328758 283880 365861 489160 329457 330039 347049 263431 222812 244163 495303 500719 389574 357442 338088 379849 354396 231162 298315 295316 321308 395898 338874 261602 298263 251558 242344 248903 265540 278657 205552 252013 211349 179646 210702 416577 461551 332265 410650 457588 431864 254875 317670 468625 341685 269303 339618 371807 292839 265281 505027 424647 362755 313564 307574 392025 336845 306683 262810 216904 224316 361295 318007 138688 205879 350668 468410 361020 309564 306948 314229 361831 146127 220605 285098 274724 409829 302513 264934 312867 344646 194146 260119 258397 306545 424748 478646 385230 397623 235861 292537 240450 216150 218979 127591 202809 312252 442405 349613 375505 298965 166098 280407 382390 505689 463062 413298 341330 342446 258280 310720 323513 315098 240966 363045 323273 344658 343673 336295 321166 365483 420334 271836 382035 392561 280296 320809 341678 294209 270314 271432 294768 359420 519443 432979 313835 255127 242275 188089 142282 149771 310028 322043 461086 373024 318053 306617 300000 238285 342263 443850 346208 355201 392721 348544 218729 249071 378254 353372 302542 151462 276689 292859 321426 447841 394265 338848 229936 328577 233232 264233 283262 350307 386073 168185
221033 248438 155118 371864 345055 326240 281971 315197 366785 400134 361614 391409 428946 258397 225869 295847 317860 319116 314567 227632 334182 267492 320310 401700 468984 428866 385159 321244 312655 304517 234327 325821 319524 282688 330307 459951 416537 241044 334365 334357 314965 268771 340574 198029 198462 368903 443704 272400 147299 148355 295858 427532 483274 357059 331065 387567 498735 426573 309412 221366 253409 299313 457876 323328 297528 245604 235883 366959 351518 242329 165309 339542 333354 261996 294782 434925 299061 235656 227721 167368 277461 374238 299762 278153 262626 284721 241275 219506 307857 392684 282024 289559 333674 424790 270813 288767 313064 331675 302355 422745 336789 245091 300783 287646 298008 226723 227592 267091 249213 287015 340146 311674 172825 304329 402562 430008 329852 384862 517432 319697 216005 348404 448132 279329 307015 252600 387753 352020 279476 443758 410221 316087 264883 300349 385195 312003 209538 303932 294255 309850 242259 189843 102834 124029 296719 242044 213403 370775 315626 312128 280027 284938 265691 319711 302953 384577 428942 362372 438248 492465 321960 372049 253090 321954 349705 335636 356567 393643 239790 158812 154466 284287 312386 305472 282428 362426 394598 281596 343901 367937 338364 356048 332259 400883 373640 333879 349535 241483 270111 181339 289101 288486 290416 353313 260412 290581 290672 341319 336106 358539 379273 333599 289378 324775 319516 175564 290497 268291 222809 225788 192552 364885 449590 436771 362161 388467 237819 225804 192602 150292 275690 306481 388305 331586 329286 251260 214528 181890 373600 430538 362891 375290 465800 411867 388611 401740 348232 328214 328739 289295 183036 172494 269259 303318 284703 301323 199231 230142 176983 192091 173350 255621 358078 246700
198191 242149 386783 429687 338240 304573 341487 263361 312655 385592 334786 462020 421842 307065 195800 305930 229360 304280 390205 347967 313154 260748 382949 348004 404545 427005 199496 241813 163270 201248 263799 268777 238226 222845 317990 462087 330581 215009 306505 371779 296388 342349 318160 250351 329746 443242 498751 351588 198066 147512 277593 413280 445477 382591 339869 260099 368974 515681 404188 301629 378959 336440 318180 301628 273203 374621 353926 342468 286681 335107 257050 382414 282877 323102 420626 403686 361493 385510 375338 399130 330810 332124 244633 247634 278484 261305 258846 197482 275193 355060 219886 250845 328902 372103 382585 414963 461810 449860 361369 363719 353337 221987 302839 347130 336072 176877 262694 205518 273652 409677 483287 346150 376509 345123 364007 495002 399082 291800 364463 366858 279386 326407 395146 406866 468038 261496 286158 276301 375867 367793 240229 165879 264438 318100 304431 294119 361109 367372 524218 322595 126583 127078 134479 239599 309084 271107 186610 313821 288670 336064 310287 235635 153727 232406 337600 392898 218716 312474 285705 395904 304973 327038 301769 232678 259002 265260 232410 270495 308107 225863 137780 176189 394990 484949 449812 409034 435174 292436 305340 385971 350247 421072 305375 298189 215278 258063 333753 373376 226609 189358 279173 284287 377727 318121 171438 290249 277848 277142 286810 310808 329189 317054 192007 241689 224518 244881 413756 346824 269685 263449 341629 344472 309331 333860 357965 415497 292439 292900 307402 223747 154782 190307 331919 340387 342560 289998 143602 203654 333588 363335 399961 379835 340949 437293 394104 312193 220203 358909 317886 300041 286717 404126 350736 396924 300638 282086 242854 269042 263023 307569 171802 262499 330376 291590
215383 358537 470684 403134 306570 366249 299215 391434 376889 429629 350851 349795 406419 308004 275493 382632 335096 246682 350813 310940 150679 241724 220814 316367 337645 440614 301017 335362 250229 270103 152659 151316 218672 187386 327939 316871 233306 133633 216694 226554 279915 344722 276646 379152 404573 378964 427100 437282 204763 261046 359811 440713 433509 514978 274763 159800 269597 345272 461484 416444 391113 301980 338899 222064 319252 318046 389400 377845 198351 385118 358292 230930 331093 375818 474766 502738 417526 376448 479544 358838 359954 248360 335251 226489 325828 307893 293234 176088 244806 372040 322125 133204 201965 299214 453204 449941 379149 283691 339338 360003 312547 175028 295489 417450 403611 355859 301893 218475 375535 365489 319001 373656 325513 372846 382165 516252 327957 334363 437843 409585 171965 194955 408088 442690 459855 274634 191934 280246 489509 282525 262390 208530 398510 360386 328195 449083 382776 390057 396632 333325 209552 287674 232744 322125 392804 434251 227064 289323 327417 390266 330961 210918 240005 276923 342576 290466 239438 432965 319480 433210 355753 355102 329188 353433 347389 371384 173296 282762 398308 383569 173869 246064 440096 332457 306657 250326 323023 356996 434038 283098 238853 358679 283694 308713 335200 220349 276491 279302 104663 182679 304535 315237 306846 295774 201100 256743 224218 324001 438477 274317 225142 343142 281832 315324 256861 342479 427387 448481 225429 239560 425408 371279 347166 306951 377147 523398 491450 444153 401778 335609 206951 300141 353945 275392 335098 352943 127591 93091 266362 347872 492434 393221 369273 318124 431511 382832 317665 308097 289091 213612 316765 361152 357605 279313 286608 298243 257976 362350 248351 191922 249373 312010 240782 264949
294908 461472 304945 254190 238143 341682 420453 424101 416176 367923 409625 294461 281126 257443 416513 435095 317094 338543 260680 205291 237855 308509 176825 269526 455273 373615 366332 262768 298099 402574 253577 316245 281198 279203 353195 299343 205297 191204 273864 379210 308854 258787 255941 397653 465332 286054 267689 249522 216077 367262 396105 294151 396131 384934 138268 185318 201246 336034 404639 435963 388987 396889 278146 305454 244605 132246 316699 256405 269307 430841 326050 328803 431506 348909 407628 434191 341324 371002 333895 296264 324056 339964 412307 247987 220288 158601 249929 289310 241736 440278 275780 146176 332490 391408 445098 520037 322110 214907 253230 405175 326958 268037 431081 464755 501114 365882 406810 419109 409065 295726 228667 283111 273230 439835 454696 426628 311828 438146 462359 277536 146230 274866 272159 395456 326564 331494 193412 302981 307167 299246 359303 248411 219425 268127 282380 491088 409517 493347 416166 335855 447878 342336 343163 364328 325997 412682 252909 364743 323991 249868 187284 171814 268302 326156 288204 180675 319997 320448 429654 386625 270324 203395 184978 250463 332599 262956 277139 354304 395853 299869 274703 322696 289810 367443 301425 280356 258941 424811 353189 292404 229458 421225 322427 335929 314222 259065 262470 143275 191201 320634 393163 390742 346449 235232 234862 83599 169750 291281 333383 121806 198893 243787 266874 269312 269014 278773 424469 415789 237155 314706 477058 462652 209377 232360 327969 421434 358024 319295 318150 260945 223247 381856 226230 233592 380082 369579 257946 186634 391090 510536 431071 496446 484070 354477 507625 375155 257453 362338 366241 320537 300860 271772 325654 243948 436045 378627 430194 305754 322022 242602 316976 318802 186033 199655
398491 305619 259451 267568 217431 401931 343960 444520 305496 248374 316552 171432 187430 304904 470067 400199 332516 239999 210304 157967 291705 356880 277690 251730 392656 339900 332968 234162 155636 311416 321149 165356 267459 281181 332777 282911 137223 253651 350474 293302 294806 158030 350232 365901 316575 298956 156630 143038 289479 309138 177889 301299 396623 347412 183081 233999 394920 432928 379159 363749 531687 390182 252981 190493 167382 258949 178218 283691 231751 325970 324499 317420 253131 294833 314694 374204 506287 476224 264232 308643 320568 359033 367906 397353 217136 276554 298041 258363 401691 374299 108047 227696 499252 442938 471866 491220 327919 297237 235111 318979 370211 299234 438783 391945 334793 304429 472880 472978 424824 254310 162517 143130 312338 416231 509694 471742 414874 335846 329134 215483 147124 357906 317006 237468 255260 407661 278321 304871 341185 383349 382412 213730 122421 275659 327711 327507 448714 425258 288040 357709 337262 332981 208195 272392 275192 305788 430875 434320 456258 360661 259554 182155 183882 267813 357376 228229 280213 354715 340426 365273 460322 320416 189557 279629 218097 217954 352181 347432 351314 256444 384065 355776 247811 303377 298299 224671 214480 371058 326672 359075 275079 407008 475191 332969 296559 410126 359963 259982 295203 294267 332738 441543 341128 363533 230695 215254 343594 287243 293544 200418 170447 263749 369304 379472 326123 261489 453210 322808 288073 300494 500835 345498 328295 407408 332761 359369 286730 338222 277454 201052 326260 403672 315999 385320 390601 461294 351524 243364 386390 418332 366765 493962 463396 380443 289051 266505 289242 482439 427574 419336 309623 310580 334196 392809 365583 333348 277804 241696 428534 334113 352040 297448 319526 298808
360869 386367 265884 285357 322248 306770 324682 442492 269569 318530 281836 236385 272331 483162 492009 361922 296531 230003 326600 169989 307727 381013 405466 342123 425043 383897 299941 244239 195565 314905 263295 191775 266234 288141 335610 249494 217847 448249 393507 395875 229418 305990 331628 310457 397237 414798 320794 386041 342377 427626 260652 457540 361281 290455 317567 384943 460924 478763 288099 271862 429302 341169 376044 275632 365975 257518 277873 410289 289234 402051 411098 235973 388777 334306 297379 239976 432559 380471 269731 306050 290390 318796 373428 338512 249691 411251 250353 306510 453459 311639 140351 230674 408091 494119 449305 426462 416612 336026 312335 276426 319783 428059 409370 428862 317662 292260 366008 452498 362135 296269 186579 166454 372641 413120 497030 336183 267744 259873 311762 264845 198049 335489 328614 221736 405100 355442 366088 349945 326694 374531 357203 141064 208570 364855 403765 335254 503796 412913 332729 364626 456137 366005 299207 239029 192206 290442 448499 309452 370845 348856 267476 324597 213862 214982 375906 201470 316654 337468 287560 407038 453462 327894 352202 327199 225076 323348 279083 386409 345798 352172 348281 445688 245400 216894 262739 223949 206763 335020 379248 279265 289150 296376 460819 383254 407172 387821 429797 385357 230172 195341 291596 403665 403535 336275 215527 346394 255172 177113 233832 246959 271788 347101 466457 379676 298168 322843 365548 288091 180466 360990 359661 387935 467019 311353 443949 466948 443730 440960 399888 290086 349981 473505 460548 255752 222156 303897 368473 429402 471092 339210 378814 393820 436519 306458 130403 261606 257834 363974 443385 468336 356408 284191 361428 423690 291960 229057 228856 192692 368172 389208 401667 321634 407103 249626
389133 277637 234601 294518 356442 363017 329647 373666 446968 506096 433810 325253 317814 426988 360447 327390 319043 412024 307992 267241 477279 418152 480118 457906 537607 349540 216035 176966 270316 259189 338478 265195 199998 285486 274090 189493 160947 400489 498875 408638 387843 283063 319027 363453 446401 491923 482665 435240 397765 300691 277602 385599 208775 364293 435956 428375 377222 407758 226031 272360 406690 287178 467928 445520 368087 222448 268085 441200 427459 393810 243576 280811 267887 345076 270658 269472 349662 454815 289191 360046 504897 471493 426992 255379 282632 343434 188395 215029 353679 350587 138518 233899 305131 358845 352150 403200 361282 435074 463687 412954 420292 315706 359328 399837 331628 232749 236051 381036 388023 458756 336360 373357 411498 432175 365125 246946 111327 156287 245926 214821 264422 219363 338202 293093 355087 431796 386510 349674 326009 383885 281268 310058 216367 440825 390001 394092 349348 405084 317107 373580 502967 459730 272019 332889 270537 248385 265480 244422 217015 350474 378834 426314 213478 247454 413644 259345 222013 240799 378576 369515 418334 354679 282856 306711 273987 289029 331461 405708 199793 276223 329633 423594 301768 270792 267489 341948 227226 235516 265163 284935 233071 286374 440872 429831 419557 303430 369018 312392 172641 251522 333957 326644 348092 244017 394275 353806 154089 230609 175283 288792 248434 406473 362559 255494 249236 368351 439754 297749 401966 342691 261629 370494 310148 376100 422551 377376 385584 439007 343462 304696 412821 554097 476985 165223 282214 247415 316125 506972 332023 309605 373083 369779 390572 170005 270013 279110 315107 218265 383268 374915 378200 299107 306713 354027 377236 376707 270860 217286 242796 292599 393219 328258 210150 275483
329648 254176 178289 282268 408501 344696 342016 429694 411449 368028 460238 306858 318430 392259 291605 342236 321039 351335 253394 229818 289201 260847 433404 460677 472876 311896 291377 159007 219310 259984 500184 420808 216255 122644 247369 124023 203555 294366 356374 447562 465306 358322 421692 482965 373330 325687 377774 409720 459552 355551 266528 333250 395140 411970 319430 302973 405668 243831 183728 262055 373258 358411 373179 350743 352615 232602 214236 311492 421836 293791 328121 177413 273879 327028 259013 305554 252315 283937 257404 357077 324699 394376 268204 298594 288042 380061 231784 188344 319296 357626 356262 237522 319724 382824 321147 309830 244935 369636 372162 468615 366352 187340 312869 332046 439493 281049 269325 336759 424712 411518 468235 422898 333476 235885 340744 231263 187692 194094 252104 399012 410375 347271 368831 338561 316593 396162 365173 410692 321878 381005 265853 407142 377692 427563 422388 235589 242624 397475 260588 370281 483775 335050 262041 487232 369867 193520 237877 323276 256405 363169 387677 240866 171369 359627 443618 321458 263936 301718 376995 314777 309773 312711 320472 279244 332865 245050 289107 350857 192351 369621 384637 413264 312776 251308 349188 339873 323715 200384 246711 368342 315211 376908 276441 436253 453534 346608 330346 264311 209032 366408 254127 261642 181473 383855 514171 315418 286721 348996 229960 293013 356840 454701 400632 191823 283167 334860 246075 231019 394475 203492 250642 172754 215609 382860 312735 330002 403923 369276 321795 400652 506190 510512 397490 291292 408123 163959 244038 407171 211306 243075 300120 398992 232244 215270 340294 323663 354772 281917 390278 358369 474799 414799 262719 306963 316089 353391 237633 295115 158770 242111 416570 419643 288937 441679
371259 283519 133143 174618 295258 231045 425253 376675 191993 323409 281114 182985 331468 248146 252995 256956 149798 372153 279828 200298 150981 238672 308790 403168 519973 398771 303947 209926 205719 275219 515987 386215 246545 333520 339990 266275 256684 194187 233696 356091 345452 397649 304425 394486 236651 165398 268917 399884 411579 343420 316527 335034 412462 270595 274965 282036 401313 272514 275567 287833 391062 420728 276923 303918 387122 314009 213763 234818 338097 336333 320011 223824 319038 246866 304657 252294 195606 268277 315360 384196 322696 409070 344785 325331 327577 253414 352100 201525 269582 346675 394590 384573 527366 409752 341378 351325 323678 322364 402857 368384 283847 189151 277370 390440 392993 252722 216083 363009 429473 383933 474408 373084 300601 241645 198649 212548 325379 179201 152768 349271 479196 480883 449606 449773 345883 347765 467582 384822 374132 390459 415771 411620 437221 354915 371619 195836 407381 429469 347801 432503 282854 310362 254321 373170 361024 302590 246453 346146 267435 300991 251217 159062 326215 476578 357740 347501 274898 219899 280833 297624 154556 363445 438600 435874 461769 389201 381611 214574 249096 289093 244572 274127 326532 329624 355705 330957 399550 237097 244337 363951 423254 399411 389360 490028 470253 375382 318613 208333 195842 263706 286592 361809 331545 359421 450672 287055 260850 368190 191024 212634 342589 485185 418191 388790 315998 354124 133169 221523 303875 327945 221592 208116 124729 182306 241848 243738 311705 364352 280083 318145 392160 352265 282546 276433 310141 302149 304356 417634 354963 362842 412574 288629 217137 348127 350395 308933 438013 449997 369360 313034 324142 280256 360868 288735 331561 377491 371644 330277 271231 335018 397931 413789 372229 436886
284566 269721 199773 211124 334148 384240 382311 359956 238088 381729 258040 299683 295709 184603 298673 228954 372442 372410 183281 238283 192591 191790 215518 398870 459345 370689 298881 288734 246349 245864 358242 262519 203572 374585 379252 365116 294623 294753 192512 231896 380257 302690 330209 322351 185438 156943 313085 296116 320148 278000 342670 390673 248427 354560 392663 347984 388361 249864 221919 334502 353146 346530 289027 265576 224145 193019 278888 249305 327943 239144 306151 244807 327321 304932 325939 216003 199914 207130 258064 327295 343811 389012 325067 313321 261330 339447 331628 397825 339587 337941 399939 451156 459584 322973 451467 447221 341564 237491 331238 189670 230792 279003 374560 409329 324194 221729 356866 423421 285649 392056 415623 301177 327164 327366 243269 287239 384254 155864 173147 393450 456451 379002 431199 375867 247905 209624 253434 372772 343159 503173 437479 333170 316264 274449 379232 429656 446722 383241 408768 323188 362442 302111 259448 299933 433950 308072 317080 232893 258406 255896 200066 166616 279611 405476 426707 369766 335142 225794 244096 358628 217092 331543 344541 485674 342624 475866 277880 311331 258272 363078 229540 354411 446621 378745 236597 203594 294517 155840 263333 211490 393559 474118 522703 415699 462771 341814 219702 249422 168138 285198 405885 471769 231831 315777 435280 438046 350171 428705 225681 277805 319262 370703 305898 344509 349846 327142 151343 250040 380796 265909 211381 228947 156645 184998 387703 457022 399948 310293 184182 208536 225034 266655 202278 200382 260943 334484 310361 399885 554795 557928 310608 324525 351204 344196 377947 358952 330910 413946 171012 232760 233071 252322 265595 185077 222482 403105 253356 320872 342223 426880 422764 317855 406547 336609
400995 298086 195646 334852 372222 374780 339927 332946 379999 350985 386511 324333 301278 167621 348760 282497 464772 338419 260699 324354 239855 265451 397157 496529 487380 383404 318000 343119 175370 163063 222282 271776 278487 326247 481413 393050 287759 274495 335017 356607 382102 221716 339189 243681 252183 254788 168932 182116 278220 250742 316701 222796 163473 371752 312841 345674 302461 192914 376447 427393 461959 345981 252661 263251 231762 257998 216433 231167 164425 181583 248177 257329 243484 158066 311981 357570 242272 301057 263100 403245 305035 312861 304290 314972 213641 290598 359885 456037 276709 343861 315044 367859 289382 312309 390105 364404 355152 268739 241694 329151 385791 442938 442481 381571 218010 335613 382361 346592 326012 255765 388888 269688 301888 408705 342896 335235 210653 188816 284823 480672 316068 304943 395585 425752 297421 188970 230609 206512 390247 440373 342560 215126 250838 272485 447174 486759 393400 305379 223538 370380 439690 408032 393183 296507 331714 262354 262380 337518 323495 409743 319906 232640 184244 333114 356932 228121 269007 288130 189056 360309 230140 275101 244258 319590 332567 305103 351786 368241 399916 381378 382084 343311 463937 306105 250041 242028 254213 354808 249553 223739 331398 466582 458606 423588 304109 335180 222182 321238 286881 301646 363886 334867 206366 402707 483280 406893 374836 456606 413717 383121 403345 257713 186888 385916 308814 358418 291786 259304 260316 224763 327440 265460 206136 200202 460240 448153 272797 282871 203017 306509 276208 292020 350048 359732 329789 233773 178173 296510 493524 429026 219319 284244 279447 231665 428893 240925 220520 240193 193414 382178 409567 399250 281347 220807 379387 432336 372015 238191 374058 409550 306224 327960 434591 382730
336905 139867 185211 375787 335662 366610 272407 357168 324189 434733 513630 382640 277976 299786 282666 340715 305439 226504 289556 197616 316283 400568 384111 545305 451943 370157 384325 348811 290113 222580 220008 339793 321204 307410 430698 413646 279981 236351 364350 331474 307758 335803 218606 346562 260881 260732 284046 305219 201631 315260 314647 170637 188776 327330 362492 320758 205955 306885 445542 370197 377807 323675 224001 294238 254031 213178 211436 319563 282954 213506 218940 389419 308065 250272 263002 315687 295192 303713 301288 234123 274630 227097 326464 302916 293172 358199 354138 420672 385105 371706 302005 291581 252045 355124 313533 285065 320953 189330 187266 441964 385248 356834 340291 261136 240164 290550 320180 376300 357653 366514 349670 462326 405026 388458 462470 325375 299902 263624 419617 398502 360370 261041 294648 323704 348562 253608 279809 302821 455634 353740 208432 315375 328239 410519 438173 421045 441134 358203 332012 434998 392758 415817 329516 356053 325073 282343 449401 414360 378180 360471 392151 264356 185417 205806 323025 310359 333936 358982 285345 236320 241525 309502 285377 327241 315315 372702 339714 377291 350820 382384 316670 323992 305611 301627 223495 234132 285222 248416 171453 254089 326141 339472 455886 298493 205715 242273 270254 281388 413106 265819 298599 339291 275294 506037 546624 436215 418079 361849 322293 456374 479863 402842 288086 244495 262152 313522 412872 183804 242682 207675 387911 283884 160276 248754 496311 403228 242890 357759 335074 401806 266092 359530 345826 507331 466638 312386 309282 330743 356812 303640 208570 189228 281915 274005 251291 200905 234967 283826 200307 389279 478879 426141 371381 405343 452596 406358 439317 331322 423400 296993 130211 273826 416487 342634
243078 257043 275792 245463 304872 342829 371210 236500 312245 492614 330594 269986 209252 223405 204624 284957 165825 330204 249946 255937 360685 296553 312847 427472 394060 341234 460046 326406 429170 425060 394415 332067 438255 297245 466000 480175 337580 294682 243432 283472 302384 298367 296470 264476 289248 227677 335982 394695 255441 191608 179260 282899 239156 204700 310194 274988 254245 453274 324006 343615 357278 264271 350162 309938 316547 278300 313570 320693 298629 213673 230600 379755 329928 251861 219343 162407 233479 318098 268921 298419 327212 327592 268746 304391 421639 359788 266043 328882 386529 317856 276025 348200 443463 482901 391811 450447 414444 229914 243313 305758 372985 280088 296400 341338 213309 195315 316022 284202 436617 326442 333696 393310 369046 306038 372275 274289 303521 466461 340341 445950 384028 257598 303578 417555 373893 330831 361757 342267 378255 275510 236820 406122 239643 444925 315852 247647 330721 349279 363603 453963 345710 383968 357631 383632 221064 278668 363116 446418 472526 397519 442730 231347 296881 253413 411477 430641 439679 316992 269828 142705 185512 320312 298022 312829 399504 260437 225646 234632 230792 396458 222884 258330 329735 299690 203204 213896 218936 189055 141957 381791 383789 289995 302030 223052 229835 311476 332814 347027 291218 378040 242638 400677 407739 487334 462855 377063 381159 206050 241302 356035 412194 387743 349174 310031 189773 268877 422386 350486 400061 335009 329248 271165 210339 279846 430313 300731 263416 383264 283131 348305 278736 421310 425344 381885 293512 393423 407345 323122 220850 302177 232063 311266 323660 265250 218953 289816 254344 318239 222315 377427 368622 275537 446813 448317 372390 393198 334527 386553 403657 202363 288362 315123 272747 301829
383526 458043 329269 275056 329867 446187 295918 294870 388352 335245 391785 255826 210264 195882 279345 214982 248317 270351 340236 293420 473916 251313 381612 355347 243387 269818 305502 240228 378767 444332 290833 256443 296568 390727 390401 411468 184242 164788 179232 258547 398197 434947 238090 280153 263979 310782 226936 371389 239064 128486 308393 366390 228631 196946 248801 291408 349645 328031 248288 251151 371811 252856 351190 344977 362815 244356 252395 255672 294867 233680 197438 324263 296310 296632 257070 189897 281111 335255 216577 263401 288394 262568 297727 401833 289457 255160 218878 175431 383176 373190 300897 420246 466479 445977 451098 420151 446928 306839 204078 335064 281984 203926 235546 305086 294344 330743 305799 194716 362948 325305 279864 268520 274697 414799 333579 141404 238460 368307 407300 528217 464371 322475 463456 461817 320350 463011 454310 390508 188398 168141 322453 251147 237089 348898 218837 219642 404696 489100 316816 307079 254562 340699 359034 322245 239561 202708 343507 365681 368968 315460 388866 214272 260662 218046 354147 357874 301275 225458 190932 251286 254071 181629 280537 315288 283653 256676 210505 234849 318688 280017 345660 306508 381019 332264 110796 190369 281469 150598 259060 411924 334734 234286 328661 321640 344003 440259 425466 237418 363508 354089 249775 333185 447643 405928 273984 335018 262713 182092 178791 144137 246005 260362 325386 267273 189651 327847 438330 351140 489400 266627 232225 275466 193869 220476 195139 253300 264075 285176 299949 362476 315064 438930 453121 265020 219370 403117 425215 325695 315699 430137 313717 279221 119016 287604 294872 253234 161658 240569 345596 295972 274534 322059 321480 315879 350930 272489 335762 384013 392345 349130 298133 216188 311859 361532
449208 309147 331523 274457 296795 321915 312283 354068 362968 362007 395037 207893 239530 304531 434187 309797 187705 271287 288595 359341 285512 308390 330854 366936 240209 328343 203560 300621 394095 322520 205005 229076 232926 319679 269156 286674 188831 204094 203097 198325 458157 429556 270099 200866 211602 255715 213802 277184 187132 247704 343186 268104 217463 224540 267841 325000 232014 351326 207008 270375 356254 235561 317423 313272 347729 188412 281341 335445 430263 371665 347066 285469 333897 267104 275465 333573 415207 452067 220201 220447 275571 261556 237736 334102 324300 275920 331674 318315 396405 396058 282947 278199 307507 334486 392309 337147 369466 265996 202918 322052 205659 115475 249400 288932 376789 362965 199037 160950 324140 217116 170891 168078 254067 377345 344401 275821 298317 456400 418774 457838 464408 412512 426723 278165 270423 339173 354409 377335 222066 203788 338524 253648 309154 302254 335209 282887 438890 289908 219676 298491 347859 348611 417112 317132 279040 339556 413357 295889 344713 251513 279511 253701 220465 231670 180093 222178 209231 289459 302163 412858 238237 318944 414237 466105 305980 216748 144046 378648 292278 222725 377078 242423 335752 351199 208017 289123 279335 257351 376350 267927 219240 180907 324252 270181 270704 330494 261506 354095 326254 353717 315331 314249 384755 344730 190838 310708 172193 193812 251008 241002 256814 269088 124189 179816 267529 357520 363142 359201 352411 230218 373714 365253 216745 113164 152080 275944 356663 314815 286327 369181 371338 374257 345495 257848 297646 377763 258476 274049 303532 415080 470411 356666 239035 379736 267172 236797 296833 260637 402659 258697 314813 254044 278808 279707 107737 157214 350558 353702 348783 384540 189461 227545 363974 287565
305500 319312 448261 245262 195298 183973 364545 342428 391513 278808 388034 191391 104950 322676 416882 253345 266099 284876 292045 404307 232059 180349 284109 263676 423660 362010 259313 326200 324353 278854 243289 247499 250318 322057 299936 252046 296805 241282 259167 311447 338231 469200 348555 260005 324572 107317 168558 232695 215824 204284 257999 291007 294154 360539 350198 281664 304363 413903 214796 313451 190206 160528 213390 278184 295880 374183 303267 342127 391667 364081 412184 264080 189704 323664 394357 390322 424336 375242 378586 351774 322449 244255 192379 257834 432401 320261 332998 427192 420506 373367 192940 204718 130787 258284 263613 427293 386714 255819 175910 210924 177518 242094 430682 415747 447140 296092 196916 273047 192404 192237 263930 357470 351530 297456 413913 438532 459425 390011 353592 414086 485649 472581 290224 231618 190353 340213 307585 308190 264526 219409 368754 377764 329573 417894 320959 380665 340964 264832 207954 302360 230184 335119 375547 384400 319681 435513 278763 225272 239734 217002 181079 335456 336950 275863 160783 219765 295756 299529 238123 248045 323403 413254 312997 295702 301201 136909 299472 282483 330057 209437 380981 360692 359152 283494 149464 228841 202906 350880 330734 288152 200774 210350 321783 288569 301949 190132 322292 376995 355922 385957 483145 438058 343788 354497 233573 273307 210864 210106 302147 327588 421096 365783 301635 287522 323589 443470 428395 407454 254224 273503 313403 406313 390962 277012 168230 258808 408781 278847 299563 399765 376009 238478 311300 315199 348916 380796 291795 248457 290033 309820 319248 318651 342954 290787 391169 368057 333350 260597 402429 321085 185874 337901 415613 252844 180476 153187 247174 377002 288163 322319 283407 225885 345323 390959
260929 373083 402763 401952 221891 216929 492247 414036 354172 366194 304749 295497 272467 475363 310407 222717 372605 304879 403633 362803 175830 270864 220779 284306 413957 366862 236067 252382 352385 251961 144869 219581 217609 363087 288429 401371 440896 259121 365365 348181 336825 419479 369326 452091 407599 335993 201629 245463 273314 219406 294622 354419 465195 299560 289818 178038 417402 322645 174162 186382 142132 250584 295872 337583 337917 257599 234050 372529 300122 361016 386372 435764 339201 493904 267369 290957 225053 264304 312008 230224 176261 177814 127690 232346 411263 325363 207425 417217 492035 295111 357452 277862 165960 236173 366125 419790 413721 225379 158124 73445 150219 379641 320965 330400 231543 289275 332055 401647 198208 338729 302032 475358 349528 461802 510553 497402 461635 368466 412579 438680 373347 334125 285387 304561 280777 316645 283728 175261 204803 265555 304295 269023 378214 330220 250466 395431 281012 319873 161163 287297 391289 391976 467863 353127 269826 273076 223462 269663 281261 343279 245350 306312 432446 252559 283729 381190 465174 432158 257577 262198 327352 399452 141301 199345 373808 279161 273796 248194 402770 188203 363735 350526 263650 240072 342766 364199 284878 375231 339763 353364 294086 323483 457409 519618 369043 384286 477140 397537 453074 389410 271570 355616 329817 237370 279747 262301 235491 321802 315475 378391 430869 416210 351778 203176 260799 451229 332739 349822 280953 198597 217763 357599 485039 419431 255986 296583 240651 272291 455411 521776 348479 297894 353639 305910 266735 346470 387087 273500 335683 243591 385084 329404 394264 220493 406702 367055 192235 360449 408505 263856 308601 320927 259846 242837 222890 187082 243378 303628 254823 375669 319493 336578 377988 479405
290038 322357 405607 451647 233063 317675 455915 373581 299673 397658 263417 346126 372113 424691 218531 231097 265179 249434 443239 231513 316226 322888 110385 195982 279385 261753 236906 324642 332865 249557 310827 339874 275836 248664 360702 404368 364498 183526 289689 258703 329900 328213 392466 344935 488882 315160 259245 364968 386246 347890 201456 265028 433008 364414 308468 265337 395629 252938 177019 181793 281889 330757 427441 292658 339915 231288 350230 347536 324683 355012 460853 394745 344184 277873 272870 180631 193808 136154 274336 195488 310511 211408 269417 346527 369299 302259 224883 334711 385390 215871 347249 256573 207941 300486 381532 339540 326490 299148 152053 95553 310516 244020 299939 326727 224972 290963 328937 427135 366772 248012 358211 343705 426869 498998 487563 399758 372330 237922 356253 423038 261366 297881 350696 381402 395305 295794 349936 313745 301390 333499 276756 359216 459382 369083 360036 342799 221645 198925 232987 483270 408933 347524 266094 234663 176816 151107 229722 245178 385525 358407 161058 215168 294190 282883 377773 472375 457924 309983 180567 263778 241684 252653 139151 233632 304114 195968 207095 341820 263948 258713 331001 334138 314302 289301 456517 239934 329470 383365 350479 400422 295569 326177 402806 465647 416733 453679 423082 398213 363759 273747 230350 499193 450805 259918 462445 369876 204998 273734 173182 210936 366415 315689 325109 332995 339446 339288 255529 279823 250784 220457 286870 333233 345783 433268 463039 379108 170854 222464 440382 395895 255072 272438 240274 254483 285157 389895 390600 388605 392882 326352 336188 357809 304853 320995 437488 364412 360627 386011 363314 285475 269116 167903 208009 273300 343338 299056 210426 301220 220031 184206 301914 365852 441070 426055
442433 363408 461724 341979 291665 341975 422944 330455 378954 423765 428515 363326 408367 365518 369151 247755 224794 305903 311747 221308 409721 286638 94636 80494 274972 257588 341780 266972 321754 266254 359436 301567 233893 207540 423082 426313 311796 295251 152764 201753 247266 349673 243622 294347 256787 272869 250996 328872 450002 319691 257311 308087 478943 366276 332126 256077 373717 235094 278100 282413 332830 281151 404339 306599 335850 281682 372059 313365 282096 348645 457769 374531 286525 219373 313494 228718 290692 286519 331068 352503 384045 232741 279907 379842 220504 267763 252793 306634 307229 302871 281593 261017 365259 396184 260220 309019 307419 235877 55320 181610 257864 262055 371520 296713 279509 106265 223178 474000 282609 250370 286404 407195 443879 408902 336539 466879 341840 238818 455318 307166 202835 242606 364869 399303 463298 415072 429276 337815 297389 154082 150448 250910 518066 467864 356526 404189 180568 83683 297987 351701 355098 354419 285045 179345 186438 203612 181077 248819 326435 369147 303533 252424 282973 239690 392895 420955 332111 205891 228694 373142 289911 201975 201009 292997 303469 184054 327694 351995 290240 234686 360177 355317 381842 369836 355305 253424 339951 429845 503997 316115 335548 365699 266528 386618 480108 297504 364410 451486 309983 120534 361994 506884 290793 361843 438349 443317 286875 267165 229362 205801 295422 222623 291125 421820 432086 278087 350395 195741 183010 314269 453113 369772 266865 412915 475934 263027 209995 251006 479770 285385 408784 315396 323327 356604 398905 402681 281616 376448 274517 434722 409134 310001 382957 253456 384550 374516 410379 297386 247699 299692 209836 263708 238484 388686 305338 352966 272503 335639 300402 211948 293975 305315 388007 291621
285351 265866 356654 255196 291959 264182 342116 346359 521458 519222 426491 291366 305516 416302 383780 293635 288350 341246 258018 308121 230918 265282 97263 211574 387111 319869 156439 272549 210329 344877 306801 390032 289282 266664 426015 392262 406631 256140 205547 268335 302159 384243 246149 266123 231935 223851 195605 192738 283364 311659 315694 352382 412178 361146 317843 262873 307822 326461 376604 306040 334109 292626 306999 394642 299890 190972 233876 308695 336034 440683 395553 411000 204555 197921 235828 182238 273445 408662 260548 381154 342984 116731 298790 367718 394362 458340 417271 420640 323545 437660 281640 249087 329316 354883 353779 322956 318160 247752 129598 181549 333693 353619 302722 299442 269724 154544 319819 303603 274499 287127 222279 350528 436817 202856 261141 315424 373314 366136 276018 275133 274922 224170 339147 340835 360042 424844 408305 311488 279129 111338 61608 240292 379500 337663 238792 297813 195577 164800 368858 280783 325432 375978 294477 198962 211490 215672 244882 351252 284727 346037 294374 286427 377805 352933 486956 241525 236540 213998 381833 449059 432628 360890 284459 440623 267772 191756 222411 343476 313435 300513 368520 350538 323618 475344 325857 344540 208514 330650 298089 349792 328505 319749 253862 393445 395520 215505 300775 462712 309749 371512 505850 314673 272686 343004 430150 322410 233927 185252 210435 155472 298497 212396 286308 394672 417871 331831 401910 271093 236684 410060 494119 397823 375051 419049 297345 195122 188643 354802 422746 314038 181688 197816 385403 420154 347215 306211 382107 431237 286702 381169 344269 220674 348687 251096 317151 298662 338308 298338 250646 330827 375379 315279 317926 331915 332234 365703 262064 296959 380109 224567 174828 296600 248318 216558
294766 271471 416302 375603 458982 401856 364987 338179 381813 460582 388192 298761 283949 384194 410721 345017 316284 311186 241613 330865 278301 366732 274306 297198 349247 185833 278268 232423 349361 385858 429324 406158 306340 429431 443625 372904 323314 322693 185672 255769 293533 396417 346152 396608 273492 209579 274124 230519 358210 308818 281795 335852 340545 303576 281464 159479 200123 327016 387089 312289 345785 350191 359120 476324 412101 285264 199298 195239 321812 364323 319921 300980 162721 248908 297909 226731 340861 322246 247617 249396 362888 189076 345408 385140 300385 480076 504317 337494 407902 393405 215643 254131 261543 390529 430591 198192 233175 285957 304165 345269 433276 334106 296766 258104 270250 187584 394799 293537 492300 344464 288576 288133 451613 227313 194729 276528 306408 377698 176650 329333 257581 173933 190694 202463 327161 314737 273562 302774 272853 124796 164311 212729 383847 340921 275189 183807 158791 215205 265912 234254 377729 401376 257436 243211 203727 191725 386102 497812 448671 259755 244062 329905 351340 420803 297254 304916 315430 373692 337764 420185 267078 225202 364265 289206 324596 195575 237275 269918 409684 316715 470523 333272 366507 273765 324170 352842 316775 332657 345063 338880 198480 320819 336177 430780 428003 281316 277333 409127 380630 393274 376473 259361 204672 206521 219759 205491 323830 192785 244930 179873 383548 290713 339223 359348 373985 442881 362066 340291 292960 399242 475254 371580 358328 383193 169467 284173 248750 406054 441143 275192 152691 243212 403719 463577 310365 427344 456722 353067 235367 261815 282398 216918 281095 242619 219393 341156 330984 350191 316404 409318 488117 380489 379458 376289 275036 281746 243009 375090 417646 300829 269993 432418 375791 294058
286588 353186 270621 270929 419886 405440 280442 310287 340638 401279 482842 325941 164982 279609 359125 387076 395332 330619 235511 233678 352887 448485 466014 350259 306390 261215 325322 274771 315063 445546 467923 396134 383788 389933 277273 343101 367263 261016 295111 278429 286189 427272 416297 401836 298095 210375 318832 344693 292496 216775 314319 353567 245308 203646 243780 162600 132395 199291 341234 313677 307196 401077 468006 485777 330325 301216 277648 338779 396630 382557 341028 132124 188820 256724 283753 285709 379519 334299 298619 335108 289992 225907 356150 392441 287256 350119 408917 383312 406054 352122 350146 465015 379471 331383 419029 376648 423459 540051 504237 449825 299757 298072 243945 359198 358979 322286 300955 347445 374293 381788 318962 369658 382305 343737 193639 243477 317747 220824 158111 183912 146176 208304 319940 279688 325117 293002 279130 344926 407533 299966 143018 261884 384412 326210 314058 159317 218870 230620 218163 297862 348570 446557 271110 167032 240721 392599 399579 394389 378552 307664 378571 318462 333556 267271 265364 344644 355035 427456 440267 385486 278704 274139 276484 300296 389006 216742 304143 409579 364930 257807 298925 326907 340348 268459 264288 368958 389019 461291 366852 268337 300173 306850 347595 362342 445885 356295 363826 483068 473584 300850 280248 307689 275414 264987 265529 248083 287122 183138 224454 226351 282840 212689 117308 234439 283008 226688 276626 207725 175892 260446 418863 265599 293082 352826 268788 427775 329937 264068 352959 270667 181796 174936 381082 449129 362808 429448 420771 226313 215721 146751 180189 178787 213348 328423 371405 383522 226852 223275 373273 396644 423066 288028 412179 341133 269742 279222 230435 222218 341444 226833 209453 443955 325669 265453
273916 393584 295680 245388 452457 490753 453647 385528 357110 381839 466166 368507 163830 217189 362840 418510 401119 393116 233137 258635 325605 455310 435705 308866 353770 352980 258950 272714 274316 335005 476236 393072 286615 194393 261327 485163 335883 348741 423170 303643 401637 402566 403905 392224 230083 236409 294364 301856 238025 259780 306484 436323 346452 298253 208478 188188 185608 249094 332212 364318 201517 333275 373222 406361 105258 171381 348407 360352 334801 379326 329533 262891 254121 269063 148926 247742 374091 396698 385357 319571 342370 260180 307768 357313 194519 262314 335881 401745 383968 363726 449364 435700 216203 293097 260313 435822 316037 513733 476675 418813 405178 324469 448336 384062 350166 374754 239451 367306 352662 344322 398644 299393 406707 296561 142910 264196 241792 170863 211460 314266 233131 272410 420347 479763 456236 395550 247153 235161 402642 328318 291813 343564 457878 393133 401566 201298 248661 188863 263014 118385 318987 374614 292941 204238 348627 371045 306004 271602 328619 397246 396665 339242 267268 214806 321269 286459 331771 485416 371866 336019 371850 296407 246114 421233 324360 235197 325684 467780 272687 265003 218619 344357 405408 381392 403401 398534 334056 285365 359507 310668 247740 336507 368259 342252 408453 467968 421957 401567 470347 177224 177686 318275 381248 381692 415219 321787 167133 231870 299009 261660 230910 208903 277195 411071 179197 180558 265699 327220 308238 286308 361784 339936 234556 388740 291667 343386 409387 314799 341114 346211 345992 238020 504889 436614 364570 431790 386419 295579 317580 179330 156488 304898 366607 393677 325092 382058 276992 261872 254209 341745 313774 272591 370914 293152 473529 455542 270487 198200 263431 268254 386914 399090 338548 216839
279884 455537 406007 337320 451433 545782 510596 352820 311394 374718 376699 394801 186558 212597 362416 234624 281526 390091 131266 117740 263075 276161 474803 467649 516457 343179 223823 371982 282898 280751 318070 338389 130018 140317 395219 365250 280545 405837 260129 247021 245169 276295 415560 322192 234710 217438 451640 382370 456969 234956 216515 446712 473945 369206 283021 221778 224890 327026 304201 259999 279180 289717 398538 283011 199911 269028 271114 288664 381244 376016 397392 370755 237163 273937 303094 285076 322070 276026 182442 371795 463915 275562 301261 331810 279346 252978 342081 491680 553266 520980 382965 442485 324373 282817 247595 262772 349057 386464 417614 450216 421498 369249 438261 316689 289810 271488 347934 441109 225806 280504 220459 301710 221793 270321 218192 347254 277018 336492 405448 318741 256180 324265 411269 428829 403318 370240 194161 323665 245073 359855 302564 304727 319781 291727 418825 330814 199060 315645 317670 227014 293720 242092 252120 318333 372548 342426 316814 287117 242021 383147 409884 355439 297362 250954 385078 395728 409905 316455 259535 373495 460464 337380 407153 295893 250243 305044 275443 434351 400913 323048 456447 454048 476839 391011 424781 357645 186741 301391 378659 397418 348558 459594 468404 341214 282203 356737 287311 307632 260665 105747 160188 391859 367266 377528 372939 368532 271243 422027 438102 334578 247466 320056 324024 410068 244288 136476 243406 346393 304657 323009 360822 294219 321779 326089 258622 266581 451716 338398 234511 412819 357544 403415 399769 348639 355773 470544 360655 275889 338701 240911 268948 391591 348654 280107 259671 317874 396785 288710 290507 292914 296685 310907 434936 435449 493102 401019 228280 149576 199438 300218 475065 393176 257052 203332
291355 364969 334574 366004 413528 526216 523800 392826 286081 342677 297487 319598 369960 291747 295317 233201 371091 310053 174907 197734 267886 213891 316846 348254 360257 248713 244614 312930 345837 309263 195952 208073 182614 360092 449141 267098 327137 373438 299899 275725 119214 309402 246421 273578 346907 247501 255217 394052 461020 354023 254090 363108 475054 285026 288996 167525 296287 430952 354349 392338 424117 324543 459232 261866 346666 337589 125238 213490 319824 424324 484713 385805 238300 254379 395225 368072 319144 233987 299031 399049 340967 295460 355454 390575 364219 238855 396849 463307 403133 324397 376856 297798 342621 259948 220963 321282 360982 285454 363456 388236 382105 348810 497505 412269 225947 189688 316081 373668 331110 227911 232405 242410 212084 310713 368948 325972 441125 470104 434020 146833 277842 351197 456211 290860 476942 401177 310147 237431 237372 317418 273528 263339 145427 336383 477374 303452 348893 292194 243211 253106 199404 246683 267235 211581 327704 274738 224230 169106 268680 487882 451308 363696 310474 239422 314224 413696 391149 310021 385621 456230 467083 374326 379180 237127 357155 369109 396297 557536 499472 415597 354306 459449 379549 332896 457441 359173 305879 281331 319282 320981 276500 361446 315393 285132 294936 331821 350992 252029 225989 124042 286288 302091 364680 310703 274879 319345 318791 376905 307730 399859 419172 425795 283415 451861 318753 230137 455647 335798 258924 333496 288543 346659 317204 418403 402241 370773 361032 401196 289366 348508 395573 433457 343824 246393 307407 462506 422368 435291 420591 273425 324206 224669 339654 215379 330608 381436 281231 315099 270746 255992 233974 297132 430904 406239 509775 393846 311905 233012 240891 355680 422620 264259 223275 342516
366794 276599 274400 294246 402907 507111 441850 384154 361824 409469 192768 231497 314209 242910 209672 412742 334692 226211 232364 309655 194020 253343 216879 251749 190425 262109 200626 270432 313513 314865 145153 151003 298933 376478 354978 184632 356867 338365 384884 409164 368980 320909 287044 221082 278234 249001 327903 339453 468933 456510 287378 262076 267261 204251 301351 377776 317966 412602 397943 432759 408202 369622 392544 423494 503742 417263 200761 78319 145920 303677 357495 299815 139269 265401 357640 378732 332430 296129 340211 186005 258452 387518 273784 325133 379942 240820 226852 351686 181856 371496 401780 270094 268936 395670 294951 435860 314897 425324 349879 293440 214799 342413 333282 397546 258492 297646 384639 466687 284131 172458 162798 222700 350578 402982 336841 296367 251336 395000 329797 217065 237549 341210 342688 202326 301473 436355 315333 325846 340720 346472 488186 366329 417713 436131 342395 295158 280649 252762 263612 291290 340787 329517 199913 287061 331965 430141 314423 134854 343510 420192 289579 227206 204365 148311 243038 327638 363006 396112 426726 477179 467184 323860 303649 368628 377221 421803 432571 548417 513076 438145 329772 360426 321736 368160 422548 370780 356687 361871 357117 174457 139292 91589 236113 348666 402117 237969 160193 266789 393092 289692 336304 275982 304317 304381 288264 260143 368528 240869 275747 352201 444050 383444 272860 431228 277882 333185 354051 216320 230077 273206 394159 393377 344532 377348 433494 370601 219909 278604 260684 367058 418711 455356 440425 329829 409148 458913 337252 450282 388297 221462 251088 356624 425652 380341 435884 324102 275523 255695 213737 237183 227276 217168 355562 373334 387103 272412 331041 262547 188579 380062 297974 203525 234638 316214
220725 172326 244963 389223 467087 402409 332711 408760 323658 358080 260607 145914 269866 294221 352885 415195 256007 187473 283500 418894 353986 325480 364000 268193 290794 349514 213560 251797 245048 175418 213354 187015 258558 343457 307881 251448 402545 329320 401393 444162 422692 334887 318379 198618 174460 310392 415103 223835 391585 383184 415744 221523 268387 219325 414636 342347 331034 294199 432084 379342 339551 430805 448686 435530 459145 325656 309161 190902 238181 316223 327670 346996 222442 353573 294113 296335 238809 283057 314727 208117 255585 364683 314912 388172 325620 294085 217374 246767 312085 300560 420428 327255 291199 395232 309759 287454 341730 490211 377354 327184 407972 409281 363494 375559 446123 318807 485718 445500 321987 259538 304773 335294 483867 407526 350181 282187 247900 374602 350817 297986 260254 342302 277826 115401 176253 334257 440015 471821 429893 331587 378460 354031 472601 401617 366842 233701 278973 197580 106247 123457 272014 295094 248902 223913 327278 372244 365521 196308 332026 248004 332601 283244 194419 280025 198128 226128 400333 478062 391324 481228 356802 220291 401124 306284 286606 406430 453996 472614 433980 469035 311569 249391 396966 523569 460348 299266 414547 371208 305193 170301 155390 152203 379624 371097 404237 190491 207198 405717 477540 400046 317717 290635 285095 410586 354654 366002 340249 328658 212490 192417 283552 259217 354793 460874 313935 327353 354085 204656 286831 319107 508742 423417 354932 213234 392355 407233 267971 305944 375707 315918 364229 357934 410127 292160 353654 277201 248964 270392 220455 216351 156953 387160 516579 362836 308361 330940 280650 353047 270551 359616 368106 353129 310685 461694 236290 368648 497970 300813 277526 291872 270318 253806 278429 183441
306925 337531 358763 373869 431824 310282 429047 306992 345739 298083 394488 215395 171048 358629 384194 309250 289507 199935 260590 352046 388994 300370 392065 389206 402559 274320 243336 187852 232300 282987 214030 222361 403291 456593 489025 255663 282151 247668 375655 378197 358370 360379 312665 291986 163924 247509 340675 287106 286630 286188 268620 353285 333744 401342 282908 282374 321482 241494 282254 266517 164551 364438 452274 324458 408625 345929 394138 227041 200570 287252 286527 369647 285901 344467 322193 243053 110180 325633 299614 209958 268873 393717 492641 397575 287333 192153 169155 323349 222169 275072 360446 395744 397410 385191 186925 287613 382492 436634 413609 393373 496756 472017 379693 427987 426135 327942 388418 476739 436511 267138 390884 288196 327988 373850 280991 237528 342203 313760 428368 284014 217642 322083 146341 113269 210921 302363 377757 378322 298430 311746 287266 250910 423927 478299 342842 357060 385875 352441 228241 186644 258858 333756 199530 271285 204160 323327 334674 212403 206536 412493 326433 254768 348232 301582 211610 204175 275830 349917 344950 270692 236544 328006 276279 219837 285627 518065 511085 252644 355636 249468 201768 262577 281669 444712 427919 275794 402265 332390 220991 149259 78922 249235 304678 317597 303771 259213 314760 394039 423988 373476 354595 292103 217482 292588 408284 266221 430154 320895 348751 214979 240292 277159 442525 357523 242815 385380 397056 295960 301366 341929 383871 387606 282714 232405 442079 458610 398149 308544 374548 359776 380929 377491 340280 268850 277303 209658 224356 301337 276033 205251 175789 300933 419022 218334 220371 332429 320905 347002 239205 362415 467104 295959 292247 310298 402297 461288 439898 278830 235721 374106 356266 487149 318732 329731
430394 323836 244956 376241 353478 323461 371782 379099 278449 368266 303546 217657 308387 339746 262455 263868 380514 272667 171396 384983 322808 356430 511319 424706 351330 285521 277779 113867 169740 337543 247498 377783 407743 446902 405380 285437 136002 189373 336988 351072 375166 256079 336217 355059 232767 352242 265629 318473 294654 362433 374647 371810 471604 450600 321865 335405 409826 254253 170733 165760 205080 213032 273854 335997 440797 462146 343733 200761 290148 370304 466718 315162 282786 285861 259756 157451 356779 328821 273186 227556 426104 448156 475438 488882 248851 217967 240487 315701 264680 284088 333860 317798 468986 283702 346091 422054 337343 321077 331819 311688 395739 341777 400687 504231 416019 360113 303525 464015 406087 387445 424289 261710 181433 233467 262779 225038 326051 239313 399198 228763 193824 272722 273539 208579 346254 233406 335615 274397 237481 245492 225390 254250 315190 305644 330672 273798 303728 418425 368161 276291 142412 228946 298011 236844 278898 350734 301788 272075 316023 303560 308275 351988 292240 202095 274214 222522 317505 384536 426229 222499 268957 326563 249683 330097 399076 495856 286088 237059 196182 136797 276495 367401 308005 333178 271425 255903 432269 463219 352476 172385 218788 349986 321718 293066 404885 388712 273177 293491 314952 271856 460032 402543 203748 345679 324505 377124 384617 252713 363709 208020 291107 344236 329229 388041 438077 386639 368566 192656 310904 355694 275658 276367 312468 258684 510466 441147 301413 288278 438882 483660 324942 194684 252768 356752 349436 309690 299498 349367 392489 257224 136611 277116 455595 320710 186137 367145 381991 382057 428799 354794 365254 279396 326154 267122 444699 472209 325708 304519 289900 336696 265832 343979 252573 323599
343934 286496 377371 421064 266344 258742 348973 312384 349023 299364 120974 261138 362269 189840 135392 253134 319973 210539 334002 452440 386295 276724 356707 314344 277603 237337 184939 143908 398119 350981 354134 326651 418796 323055 391347 347413 171712 194320 241879 351785 352001 339524 287563 322478 374845 272879 291570 289338 333697 484631 448865 387133 441304 502047 415268 446433 362972 262013 167681 180792 218402 144826 213409 328637 388912 308908 305401 321510 355491 318323 431743 284194 263919 340603 330315 309586 347957 291382 143150 291604 343408 390994 488732 419667 246230 303274 283472 297771 410738 314412 233367 211012 277802 245674 467146 355845 226278 216702 108516 221131 219232 284834 354355 365349 344856 388741 318279 462596 456582 438752 331985 342286 209311 373949 427741 326330 253880 305493 340651 242592 223350 285716 330749 348144 260195 260586 278649 393254 203719 272589 222060 306823 415005 425759 421674 304066 249949 429953 366652 277903 234086 282191 310544 317219 372461 367020 281485 356964 283749 288732 501521 371449 273809 202923 198883 221249 264732 249105 297352 239654 191189 291854 306261 383779 453526 274241 255145 157952 181468 146424 375196 300131 426347 331979 223088 243821 410715 357263 297831 187313 427542 379120 429478 444912 460256 351573 331061 360396 358601 407075 486294 343664 367695 271975 270989 358501 360195 370000 307476 305111 379011 334612 377038 362900 413120 232410 292800 260540 464218 405807 152273 321556 262500 338374 430184 280898 204430 235088 344694 462411 359584 149289 209956 359453 289070 333458 343904 301684 439901 291123 325103 431253 537878 269261 233827 427683 394015 356998 285739 298603 356109 386676 346994 304197 413281 309653 322665 254102 366967 336702 182858 239275 399001 364415
259585 336518 327272 360124 321082 313432 272785 317685 339783 316772 249093 295116 353899 193960 296482 345499 303612 245618 416648 422018 439890 187293 269640 375823 314021 126245 148325 378451 443102 281950 306207 314275 252491 226478 210887 177872 293744 278743 484695 351955 420494 410312 274660 487294 462470 395566 421108 323037 318170 364212 291621 293700 413025 318598 303674 390420 245295 268234 156110 216595 194203 141718 234397 228931 214887 275456 241281 230126 356881 394174 422146 333412 276075 443390 405607 396592 280018 287648 307355 280661 166861 209985 416144 313930 376032 364271 360449 467677 437046 329861 341979 235738 121632 333103 350122 346697 283838 313541 232925 308967 259184 311322 262007 262141 423529 337645 391403 308645 420349 303460 253918 400907 223893 421061 332364 412801 351072 328707 291174 258637 255478 389129 331959 363491 307347 352840 288491 407208 268797 254519 280492 308138 472032 460654 342549 403765 264891 424785 240453 288022 286508 206158 309077 356442 396164 294331 209864 222602 283250 297948 396476 448788 273034 275765 223542 163780 240920 186145 244240 254669 288184 243662 318382 409169 354111 266883 311447 260182 363969 229240 236324 215810 294748 409325 389887 417081 328410 198920 180876 343154 426555 308424 359918 439597 298154 284721 294268 382749 396952 475346 374433 360531 391074 202959 156157 201138 309376 401702 421406 362626 452948 322320 311382 291854 270816 233064 378231 375105 347171 391933 248238 322665 204666 313355 378234 300548 335145 252521 349828 478996 411589 294150 280974 307559 276589 259383 402357 275999 262554 352084 499106 555386 484952 307462 232946 441043 362463 162800 180852 279713 326255 321896 321150 252513 355958 317725 260584 223031 389818 268649 286112 302590 459160 328747
355226 340658 341376 204468 267595 316810 234059 300510 332436 303744 331728 381450 291344 360074 439326 509774 275066 344553 341099 363405 294259 131951 251086 343822 283252 247937 309466 479469 447973 374978 343416 273489 316951 223082 194411 348581 319278 310788 394534 383356 417698 396363 431120 498593 458427 514306 308313 174404 147825 190244 229721 291389 399223 247259 270873 471455 437259 393070 216211 251206 243680 213138 349741 205983 244746 411265 257229 315650 440053 472514 321108 324541 376467 334373 346661 334762 117218 188090 356215 289969 189950 318419 244846 238121 318645 195178 371553 336607 354881 375889 442127 317482 222824 331572 299238 272426 240605 266941 376111 347778 331055 387170 208987 335068 320568 368435 335584 373963 379661 302597 208463 285948 318841 263156 273907 444191 358671 295127 267840 223074 204626 319772 275919 232702 244298 319331 413403 322327 346193 184981 280823 287320 399213 202650 195531 220822 255566 328237 333222 371874 226622 380784 436175 458538 348320 295103 177595 451012 405951 369156 389697 268602 250396 236978 197293 176300 243729 256197 403382 353456 417070 246562 245251 368152 268577 310872 338675 368660 427636 261652 155010 223875 231411 382265 398398 402855 212687 298631 229848 343682 364232 327789 321480 290392 286931 292584 294444 336502 357454 315600 309834 363869 456328 234864 280737 198811 313352 487650 432277 264887 333872 219024 256597 225559 211263 284618 471559 324117 272296 319627 280700 215234 256361 374355 320186 244184 322083 181555 385683 455312 383809 470491 355317 372630 275729 426813 295515 208561 232056 326158 493554 460052 528982 398750 395092 516228 434776 265379 145165 170180 193316 270070 282350 360332 369991 291190 245672 206219 283912 239187 341895 306960 353566 228439
240087 290889 269394 240605 420039 309294 210894 327670 301887 303329 336414 277662 363625 265895 317104 296043 295927 413037 324358 386709 225094 263229 377270 371799 364136 347651 386570 362598 306075 345587 289218 305438 413710 186247 252157 394277 364762 343357 329302 423522 369836 409737 524880 436070 454037 499475 360466 208804 284959 299716 335674 253019 301909 274118 378162 436420 352445 384518 316956 365675 271980 397140 357133 212407 172135 312438 338677 376663 353924 259495 242685 393879 391067 217833 291592 375290 244404 128648 258262 296285 230735 341944 232900 337211 363817 360837 295076 171869 344508 352131 409388 196958 138872 248010 310575 300234 311360 370630 361529 305269 289012 343954 342370 338327 288521 361211 242080 333459 329051 286189 150141 218259 254571 198129 314620 448063 391131 342252 354447 379563 260787 289017 304953 140921 136924 355579 406867 405297 386344 324903 292855 214515 222694 149244 237492 181921 344716 270348 356117 230822 272980 358211 401806 324255 272410 304412 363738 405859 363643 265235 226183 216537 303557 194588 224871 178408 241184 248397 282373 350987 369897 299155 225630 300140 336036 294342 362136 293810 438735 252347 268707 299764 163008 220456 380904 375443 230627 408942 246626 212216 231725 324732 427032 260624 287398 367503 318441 423102 274436 343254 189207 359468 297638 223546 229156 124352 261345 426356 376343 184651 282029 337970 267650 134900 201066 304369 391088 313652 207591 301660 233335 307296 411335 398929 248448 309243 228456 287632 459111 295859 300760 358728 423517 318563 404216 409584 203337 275725 338220 301167 432345 420313 459625 477890 438495 372967 435718 314043 245401 159319 141927 145997 307901 408731 266818 387873 314836 303024 365116 279268 191517 221151 214352 260503
257226 146931 106180 233828 410965 259427 222290 260524 248978 250545 273300 286243 383689 266633 236604 232957 357041 256855 299808 311045 307305 384810 472112 509127 383432 399031 334479 205333 169534 229426 375057 358654 361574 305200 243649 400514 462566 406615 356197 402407 432287 376930 315820 383904 511854 527636 368665 295378 284277 371419 309933 224977 218427 363421 437555 386059 207061 344441 459545 306932 403652 464123 397054 301040 211908 282189 324160 288934 266197 135714 299319 370632 416658 283495 249831 469354 312021 233678 327217 355515 249820 286547 411053 415224 458187 289126 236301 167661 365990 444323 390775 234529 280703 350806 393492 470427 318018 428850 347327 423746 310557 387652 237944 284517 284604 259539 226806 288067 413209 259826 203610 213548 212789 320604 382720 390709 284824 330197 413881 353022 454469 345311 245197 142235 230510 383672 504846 415953 364226 502807 347830 115817 179165 188168 345406 286106 414691 299299 253675 190728 230454 362692 352895 198024 299953 370783 399233 320235 357043 275811 238257 300424 381011 274312 369981 276078 394200 379022 301415 463665 359056 375960 217150 212673 178611 247353 173427 267418 341401 352119 363485 427853 271854 381252 471641 397561 359176 358570 394719 263661 140455 271304 293974 145010 166224 323028 278713 358399 363853 346629 332737 398314 295754 218303 341730 149138 261018 289304 216822 183181 261155 390260 359298 303083 380738 411734 345946 295760 194333 322373 410204 515575 503831 453936 360478 264463 312724 377045 296954 293050 181989 358764 369967 330137 356700 440161 323544 354212 266618 221228 381134 434567 367824 419994 200219 166760 339441 232829 171043 116606 227926 300923 378951 312783 373967 415102 409591 437902 376677 341951 278276 303412 264594 247190
294960 335884 169456 299953 337319 302197 193826 282689 260165 246696 383016 287245 300665 322777 231614 268821 359379 292534 361916 247244 351756 277176 306187 316316 287007 249094 148892 192205 303803 224808 410468 343571 398736 275447 319499 379183 458200 500319 377092 315846 298560 151384 183164 282962 364676 462085 370488 316896 224724 248160 267377 283509 289614 309668 366913 386821 249734 345328 357690 360914 479641 380711 345277 345434 234426 331862 298954 292475 220561 162899 246051 384570 480413 367947 323236 342935 329908 397720 264889 176044 126978 270063 394691 434029 466654 288360 216074 240974 302437 385296 435290 345976 426605 354940 263911 260114 280953 240890 300743 323614 326103 425994 352892 275548 310767 212843 229898 247326 347214 329372 245206 255952 178773 265718 305923 287924 354254 440804 309305 385123 367308 126570 124607 116989 157723 342353 436549 239319 290469 448992 247882 247140 281821 225041 235849 258720 314355 366795 181749 268807 304535 398441 424511 354665 417811 330227 268277 211528 209880 278286 402836 400113 370577 211630 337959 394655 442128 349238 316364 414086 478894 355927 351368 219895 208847 206742 172802 230482 331742 368115 364665 467626 332447 358881 454837 417169 319674 328874 342283 337728 160926 206734 231398 122792 217484 278661 326221 365066 412394 315633 434165 419702 259133 402786 405203 302681 191980 157387 168796 229827 270877 322613 314865 435879 334431 313043 171577 173122 239409 333072 480262 528546 493394 455616 249523 317012 417864 460758 403600 282091 292996 473312 442682 466688 440464 444037 454238 412192 324032 327758 414732 391375 394477 319304 171542 200927 266640 282397 285171 189077 267589 302112 325312 270222 421549 489346 510339 395071 303156 353088 357377 286306 242104 254286
343729 316303 225136 192913 190731 261411 209686 212653 316711 256121 353352 249844 269951 228633 308471 345372 425804 368374 264397 258356 348708 124903 148394 209717 390548 256647 123650 384287 368255 340850 340479 393905 376817 291198 358888 463338 411195 364958 383992 408430 348343 296110 198773 200440 172077 377954 372295 397857 331388 185208 162313 244895 325069 169480 254463 363266 278568 415164 321862 422789 283498 289265 301199 373997 340939 328688 304669 137233 244261 252344 302796 423442 411948 352599 384831 375628 397130 381270 193747 209391 236244 382831 339229 379899 346984 383928 244950 330321 306404 331693 448557 346960 446632 384401 338683 336463 241432 291605 419943 289724 413667 460107 397901 252411 412834 368349 362577 331859 298730 282662 256060 212763 205068 326433 358656 307676 326812 350660 371134 420926 343157 202388 244632 172896 289485 418483 424485 198483 403738 366393 333166 262957 305002 310615 170853 284240 191067 363372 384803 435667 324486 263782 382708 435669 361988 271395 320703 192641 224416 271749 492390 490537 360752 206694 257469 330391 373681 381924 303859 450174 355192 396378 319099 235600 319795 219571 248562 271059 379127 448127 436967 309953 284586 354886 469171 378340 317483 258548 331365 404496 233266 271710 199665 240845 185786 245662 362285 281129 371933 380888 364487 399019 291254 471565 407054 334661 307671 212300 323378 349748 393779 399300 337499 372338 437911 383988 342292 214259 252001 274186 348958 455557 309869 373359 338229 258602 332550 408466 288886 241027 254071 374295 430454 554000 500578 321056 245938 346260 410070 530020 491531 510616 368504 295410 318069 246813 161342 247911 370513 230535 279443 179838 222786 254190 306171 338641 382564 357192 430699 343183 343627 299001 244170 183911
380120 345196 340392 196840 247706 332625 177402 222385 274195 291151 395017 361875 311480 253866 244952 269567 374760 269217 263343 296415 358458 200889 226925 414563 329326 267894 289490 348340 495313 374603 353808 411659 385087 185204 270739 318797 298212 384181 460232 451147 472600 475269 307557 239060 221745 292669 329578 326717 408067 328477 244629 397348 374374 291259 361614 267206 268900 254174 322622 290232 210864 313188 449621 487299 376675 302437 190215 230385 367196 404785 255534 208918 316320 342203 370516 431691 308536 376005 306095 412480 319962 349772 323346 172584 381126 430896 356813 365753 259213 266632 419213 296114 379226 265505 396400 385284 300938 243560 335923 270441 476165 445935 322976 217180 458539 439921 469355 480125 386356 313807 250609 163444 329918 307097 341790 339773 347228 447648 429032 293577 318072 286817 218859 274926 336548 368879 369176 344512 431828 342594 250392 169108 258962 348726 335370 252825 211999 307481 451901 331460 228391 241804 334930 413641 303320 330400 252825 172285 286271 294346 483001 507436 420440 333790 337898 372898 387709 357127 309290 424597 296304 412529 199049 245627 291144 403599 273018 234889 322579 339326 206326 237613 334275 450831 432368 367516 356215 224096 236778 414652 428078 319342 268660 233288 281974 242269 367898 243974 405885 284769 404233 428586 362032 397253 322153 308997 373836 328144 328889 436543 425923 496895 299922 281244 466588 481107 279927 219294 205427 111318 337591 345790 255775 418137 310949 175459 229238 304421 166846 133468 204657 257204 424765 390513 505120 248756 178262 367779 374822 329025 457465 454555 330079 362446 373858 384808 187934 257849 382647 384162 277851 253319 210404 256925 194092 307559 257154 328270 421895 321171 274657 319566 378240 322203
354997 394640 297156 227189 385389 336647 320223 268429 236967 416889 312890 376412 285455 335532 226276 262890 276622 282449 244043 418156 343736 236509 378654 445360 236325 215793 332016 278341 436652 343861 431021 512072 388980 342578 298832 272526 363262 391462 362737 363375 438006 354344 311392 294354 279587 211884 298778 258623 439281 281957 255766 447425 347249 380865 319154 271785 202757 283996 361790 220482 134402 241834 305370 444319 387021 331654 149193 173270 360030 439809 338491 262285 328734 390470 291004 237726 208115 356476 420558 452135 337348 491193 413769 373328 366082 436889 419371 299982 276796 277752 371330 384788 251001 255158 409435 382703 354515 331448 269077 280495 515008 465934 166222 178891 385873 425285 468511 369103 302102 256888 271480 375087 345936 287523 206105 267555 335139 434656 360625 219066 326754 366114 251967 427841 278869 232362 256379 433969 413517 276306 240882 176759 185738 402295 257596 171976 282726 243280 345680 348535 355869 282399 356956 488465 401530 327957 295817 196993 273128 319855 334886 501135 481695 508021 545970 433771 401659 308539 336888 442115 272987 305933 372148 203416 226885 334360 262010 351728 362795 333407 166304 265491 251126 308735 303260 202454 232607 189613 187870 448740 384716 360132 252525 354475 489401 334665 311531 290848 309225 284162 424565 361025 423938 415966 369304 385156 306864 384278 292838 362704 470175 304250 259842 295450 327401 251728 224932 271759 228096 286232 473314 382984 380515 295092 230563 193176 265448 254402 170539 270697 219617 262072 196602 373058 413744 362393 323470 420285 341579 238207 351960 416125 455204 331680 341290 320933 314697 233333 377262 292295 190898 356861 215824 154252 351380 384632 245012 259335 409038 403485 216782 288126 435341 339177
416089 433734 246693 380068 281812 429306 423748 204007 221419 253005 318393 286179 247721 217109 157360 129711 221605 257845 332438 276137 225115 293585 427671 317127 206961 175565 311845 333020 417083 273040 398480 346971 470070 475164 406642 420785 343988 248467 344054 306724 383770 215729 244438 400510 332663 303112 270066 297873 209423 201060 235222 369066 382387 226237 319356 295122 303720 379553 350787 270802 310523 161235 238707 247586 374611 302800 138188 288539 319412 443372 399269 280442 197386 265124 248640 90486 161656 352759 348351 307989 392209 440229 433120 391156 374033 374925 429429 340087 269038 426916 442639 384055 168183 221357 323077 296121 361788 365388 282818 337914 506959 267543 152314 185283 325891 335893 424850 274121 285070 341794 348946 347079 358985 354838 168553 141933 269221 344334 296452 236701 383473 436635 388788 279017 266072 180874 284163 283581 304715 249003 233579 209461 384281 379761 267718 350684 356262 354000 338448 343254 273839 268066 279269 442335 358942 383063 394166 365756 261277 300188 363562 423820 482949 471450 456515 380722 358237 357819 359519 372961 253399 366366 392408 326863 262856 209982 191387 369757 229516 269600 305731 456967 352061 250024 204503 204630 215660 258727 339751 432204 374846 352391 201231 428995 500359 281573 232452 256325 211683 336603 335229 346727 506356 404171 474456 381383 360527 354062 287753 466983 314240 313258 382914 374166 119495 151759 177453 219315 278441 351718 419185 466724 377847 279047 241795 303334 274080 138951 360126 371533 206724 291093 269566 419618 497754 460660 356436 389175 372182 244291 291580 462339 468609 219651 196639 281927 320026 321679 418790 333886 190777 334296 328787 287203 369996 387076 375224 324985 326912 269347 337507 274721 322098 440803
320430 371997 391182 268016 238399 302982 411796 216586 131012 131882 234930 218222 320488 216615 166190 267682 267143 326548 247478 297475 159664 312250 272197 202934 170366 146713 290028 295219 419799 191980 337163 281221 434575 487129 380378 361531 290066 264238 350841 423312 331790 286433 190783 405222 400873 272113 272839 156761 176662 298498 319613 402586 427840 398016 347014 365905 247435 421731 424601 496753 445873 257856 255234 184303 309982 314214 325881 452447 438721 507621 456782 346549 310044 363077 293826 136607 282793 253835 241992 180137 312882 380275 335038 426514 366828 372841 494240 223520 210782 392401 291923 228250 309023 244207 297957 376349 299986 209905 360561 302961 282911 293921 187901 255756 297914 337350 251634 345845 341347 313192 313221 296623 350876 330888 285906 195955 258440 260693 253997 177115 314970 427615 448676 229182 329200 374991 354862 208930 414294 293561 242533 349082 387134 304048 389950 337101 407788 395587 332726 259087 331613 323534 278187 325312 331854 484799 504327 396546 315341 388008 370183 338761 328817 406820 455693 405987 419844 479333 441834 321047 386157 446745 442401 406038 288458 165888 293901 227573 189350 218125 449748 414646 413934 192755 274914 283340 202210 294286 378172 418068 440772 327173 350736 450813 497858 397500 264824 256075 247554 391454 391957 376835 451077 366738 437183 430723 447770 312800 285200 384668 346061 382534 476579 322304 168842 168211 241018 339116 400636 360747 454015 438843 389371 218524 374569 478461 420940 362045 398451 317718 248690 411896 343308 305209 488760 428751 260713 347165 286594 240355 402219 493417 446334 210723 259822 205023 330837 344008 466547 269123 178546 308101 416486 272453 362878 315413 392741 515929 277444 209021 250420 175451 362366 414170
333355 319148 419645 265872 191591 240247 358504 307042 174291 200345 154332 285239 319164 313960 218887 335919 390729 367928 330628 315382 167246 211889 209702 277787 227206 209073 351008 398633 369829 275880 227152 250916 392610 404427 300851 214859 243987 221704 424696 450828 315610 364768 234017 260030 205518 273720 220596 230258 199536 353362 435599 309267 433717 473057 433225 287444 261813 404810 476473 523424 425622 291497 284841 189136 229482 299618 423584 400930 472758 449558 355308 374924 372684 473544 299382 235203 291076 378545 288638 134687 244628 309832 332156 388465 308179 397423 277420 138204 231801 346069 189265 351343 340972 295609 258854 189302 119625 262961 355162 241345 371286 370560 244716 373925 474107 406268 353148 473844 414184 525224 496525 425493 384518 358865 404962 161129 291177 408817 320817 226717 190396 308146 419511 295716 307988 294351 358078 356457 468824 329065 231404 345338 350496 258115 356125 425720 473770 494408 460853 442952 339372 234128 179397 180098 362234 503380 453996 361844 450670 347998 240159 222528 155614 380004 304021 211252 318047 512295 424542 310628 354994 430063 435589 344220 243287 206968 338807 281002 153927 316525 382701 438216 395590 214867 355166 377049 138466 144245 212120 378173 414534 425083 348161 365235 562607 428051 246982 175282 171274 334120 285192 388443 399026 383715 372539 408363 360308 455228 328038 336069 432099 306945 269338 275896 304930 336134 368242 366427 364447 383152 419826 446672 408224 299827 393576 394608 429926 337533 317408 310854 398714 403849 316858 316431 414931 382159 230435 241070 185793 310507 479070 468261 483444 389438 333163 277094 367922 470327 330577 298480 287528 364460 336614 253847 343388 225801 320103 429282 323721 207088 180904 228527 410078 373081
393460 344651 436451 350170 275319 336886 318396 243588 341733 277476 229532 293001 331949 314490 326436 329485 324777 432774 380174 174513 237407 231330 363490 491979 271516 235850 445852 422048 419599 213044 203858 232049 344140 375910 341041 246032 200533 399911 540995 356268 339467 278616 185610 99374 188892 282487 310387 276824 251730 414754 308211 206887 274096 421452 342302 214584 323349 317974 358010 387889 265701 295049 310397 243438 161097 174013 306715 273983 426407 437946 378411 254695 339598 391470 274992 288756 201216 362188 297872 209720 460174 369299 441091 373267 394032 298556 192706 215795 343229 355190 283137 416933 236589 330041 338040 257711 200530 304670 299914 440245 509304 337813 312488 480386 500757 501870 443550 336518 291343 425123 331880 398681 247623 318091 418238 195425 221375 335772 337039 391162 310167 325862 354783 423793 217903 326162 348752 452598 469842 380356 236509 311665 297995 231926 323761 463995 335141 306094 283049 245442 261774 282723 276635 235143 449761 512493 403537 379127 416205 247897 158779 167681 296737 391105 247081 197722 396456 443945 300615 307492 409690 428988 488744 428101 322631 344425 341296 278301 194895 335223 311774 410290 404382 211797 269654 346166 190616 251226 239730 304748 462368 302019 138941 300072 454166 338565 244804 276142 377568 283595 266424 368074 445425 422910 402156 429967 260955 435608 307803 305895 392486 184344 275075 456383 553447 363596 317980 349396 293538 342823 357251 406555 390650 433841 412616 373643 406589 245712 394706 319285 430160 378703 325685 282605 302503 344214 266856 194904 359282 406942 391770 488651 347083 384739 327961 217508 268017 343635 306952 444408 451289 408625 242717 328759 310962 277368 360746 419035 422510 271958 186437 258808 247176 306037
332650 436486 390388 323578 366555 346409 371671 371573 365703 354255 331183 335644 277210 291545 488176 372808 261326 378611 243523 245448 225002 265178 483450 479970 246137 312874 389019 424864 325520 301814 183177 269540 142544 299734 308367 169355 216154 429200 349158 357302 247523 205775 118678 178282 218395 463356 434241 253195 342408 344693 268936 219565 260098 291405 311185 243803 274432 213383 274284 176582 230337 339018 384775 384609 221248 219977 195483 308031 391722 381179 391027 238817 324141 406410 308608 312500 230658 326692 270503 237594 380441 304133 288891 283358 374208 261625 313667 369053 491797 440515 331054 292990 236656 340474 339044 319044 297151 324738 415253 413244 337843 302605 241178 365848 465780 370328 380587 284456 254798 277479 305586 369292 315224 421953 402226 203952 337403 392196 382815 453559 327715 310371 313539 296354 378038 320460 424278 404651 392934 325707 256069 301113 397688 370220 328619 280248 241775 236201 161860 229305 281280 280762 244862 185805 388684 360415 259379 328410 446232 331069 313057 305034 301075 268662 278721 340215 414134 352849 314631 311870 350044 464927 560868 370798 370033 380812 307547 157038 181891 264602 196991 357313 288210 310998 265205 328172 283336 318327 264737 407370 356943 332518 231512 334466 404164 352257 382094 403866 437404 162307 122824 264522 266300 272370 429510 401826 379098 447610 303326 341140 257816 236822 414104 495324 449077 251698 426878 498066 401655 258716 309547 247892 416364 375516 312610 358714 383560 252634 324880 255596 492360 481124 265588 158201 261256 304783 376404 384748 439223 435760 388271 281246 315020 257333 306712 228248 231852 249672 252113 359813 422938 263867 193085 362597 202333 184225 215634 268679 239659 173420 152191 161046 267381 233026
314630 428545 356284 318695 214354 168801 283021 363889 442114 432013 426443 276533 215528 276419 359781 317898 287108 336251 321936 177373 209773 372976 475562 459026 428059 358867 543846 397074 390639 352865 339477 355130 239896 304430 280666 255240 234047 256693 403007 349505 278371 353560 286623 293526 295024 426209 360059 255859 410193 287408 343668 223045 263051 188959 211122 253969 256349 341999 405295 270801 361619 275045 493715 355148 231522 203393 296759 415067 351405 462696 396060 351850 340193 314178 374082 308483 319912 189007 156511 265190 313351 315135 218384 360819 415363 364835 362063 449372 352517 406477 315829 244401 163032 253479 241213 242069 361826 432377 501749 297213 289041 256814 246328 261336 292685 252303 389896 420173 247180 259994 311483 387499 507091 461080 390966 189675 293550 249452 290317 383761 410165 487339 351308 433115 403399 312201 392851 376060 249870 225528 247708 482481 482681 437049 214965 254412 444090 328488 299430 210297 144445 127055 257913 170448 337684 317653 264593 355060 483698 359433 470411 405765 243585 236289 404171 383797 329822 284566 80716 88297 173643 521451 441645 191835 231443 402640 333355 216518 201906 233185 355117 265418 276523 303556 251278 341862 251211 353988 444460 401246 375342 342289 239838 327440 329799 256596 379231 420752 344012 244045 200600 345134 194317 318742 420461 477422 476562 403671 274032 190159 250322 312202 312079 353402 389709 344439 497613 488924 400721 279079 242955 362721 363919 271675 279219 297842 322427 284306 338646 281094 484012 404145 287781 165619 249263 314890 331623 471221 463213 401704 339430 316758 340356 213914 277835 154062 194758 201716 277576 212933 223221 216736 349050 304454 283740 260207 263290 171159 189118 252754 158570 185056 194002 213816
348400 335353 212548 155319 128987 106086 242578 362020 345899 389074 358213 271958 313631 356482 347099 367061 306189 430014 340402 248624 385535 429939 410248 311232 324695 391958 450449 284615 346997 310620 417454 253456 195509 199316 238101 245423 221713 297009 360399 216041 256852 332226 398566 309655 430497 273750 274523 451035 451972 406276 277033 301899 325832 334495 312864 120612 146813 350282 422617 375184 336592 304827 357858 257310 99216 156021 220521 213858 274972 316536 317666 296876 293173 284721 373493 395480 353099 376619 327143 293337 217997 176505 177643 361051 255965 300814 209142 428261 306540 486285 476030 369313 190370 269316 258706 227032 324078 429969 473622 435079 252805 299788 219776 163746 198760 307208 400808 448910 224921 371931 392407 459890 504372 438913 307007 170203 225688 305341 251961 271906 393356 392737 329526 414990 307978 234723 353404 380670 307666 365230 350779 383737 346828 473786 225630 265831 365621 359474 389398 343954 167647 309183 244500 317362 387958 499286 433687 429657 352576 292001 302812 387117 323352 346477 357308 361468 378136 221709 110756 87985 245830 514098 466702 229859 429591 338571 344014 243129 228804 314260 397056 251359 338034 152843 201946 392689 319802 482889 386543 416526 361559 383470 427685 482721 313665 271545 420548 344426 233987 259824 386802 353589 362251 343959 320274 493166 501457 404237 282254 328541 303647 293200 136605 228864 269316 290295 357967 455167 339767 346978 388965 402720 373241 388303 329417 326445 238125 327783 326562 364659 504905 495529 384216 350438 459180 336525 416747 503069 346130 319174 345750 322924 220508 342015 276692 326842 213923 293966 245308 149854 162888 245298 376968 203805 267232 243357 188566 133172 337343 367472 212050 245815 227850 315495
434926 312631 216007 191751 304238 280436 258866 374948 371584 399485 400906 423008 334593 488592 501895 323060 347607 236051 195966 257219 401844 364310 288762 217746 361314 501902 385851 348515 319775 392603 337163 196443 287490 173861 180152 200684 333026 333771 284735 196496 284014 320802 239498 367461 307810 114914 311651 526655 576529 397892 218603 261453 463029 516707 428231 309317 311569 377984 400980 316750 323279 260463 377209 222378 208796 276371 146646 316264 240558 164930 122915 243080 324918 272635 392262 299765 335790 474673 463295 301876 275177 146173 299272 244501 359234 245153 240583 339145 347924 322482 409923 334694 313487 349957 426450 257527 411435 396532 356822 379349 252485 302737 350199 401978 387196 499262 475511 406073 331751 328286 433693 415108 424749 478925 231579 124056 175746 256178 318279 306193 433538 305034 353405 225451 259373 242393 441586 448139 455767 388815 410415 217739 310866 390930 256147 244841 288196 389704 285096 273554 286081 379034 288488 350668 365106 355438 440914 412208 214206 252840 196025 378539 392656 467910 419604 330497 357448 94475 107338 231019 270075 458594 408980 369682 328341 330799 335056 236598 251172 427729 348128 351253 261825 290494 355525 294541 352524 245842 208905 337047 308363 372634 432073 395389 228537 309715 343092 331921 258667 362830 456422 412179 336046 327013 376225 499026 440738 306213 195517 359161 331685 292441 278496 278813 248165 223002 254872 345917 279776 348712 372824 420645 370500 432316 244991 272449 279658 281110 318269 412581 518435 385224 445588 495475 438020 383615 393919 305369 306358 257374 377105 264833 335060 287064 285843 384225 315790 313330 281681 247506 175128 268944 306131 277693 220203 140861 107018 226970 373221 332834 194104 237244 294217 321862
432033 313936 244197 365260 425197 430841 315591 355754 419337 303643 326632 323565 230976 431424 462316 296118 231168 153150 135857 302350 248854 328658 198438 320046 397825 325230 324469 331141 437479 431723 296560 374380 318640 334911 214788 278550 455667 365075 306149 344145 336863 431045 315772 393511 255614 164184 329575 475907 470210 328482 218283 349016 414553 442796 389446 410456 293265 279409 258020 247360 311625 223265 215451 252354 375392 339679 299912 287886 290910 128534 139519 253988 221488 253612 327396 433827 437924 329015 337494 293162 260808 251719 339145 432597 315601 311835 167777 326137 247538 320678 264921 355255 401785 342876 331030 392665 422780 266241 273477 274101 252536 297608 424523 490935 450252 439003 457501 323275 296864 272789 370552 257675 388126 428088 293419 208123 169602 359311 332649 255861 271782 403087 407994 287423 275490 362288 487345 513796 381596 329627 334034 286462 378936 278780 325366 337475 336879 299010 192137 136933 277814 463742 336559 344829 342791 314414 403324 386746 363720 250436 219592 186705 225366 429204 287458 311811 250959 129529 216423 353952 248274 294102 477274 459096 352647 321503 212980 221258 262652 350300 293415 189311 204856 462083 411563 193828 308243 249475 217849 327441 298849 388178 405630 381102 317118 399393 432918 426276 389212 357607 433235 247897 146796 313466 353948 503014 484399 418264 329266 328175 428597 418188 376318 367238 406726 335037 267366 317908 337201 225084 223856 336597 267836 279978 238803 208889 313651 432518 374604 462435 456168 438273 459183 477703 362873 397046 287721 178778 236460 325601 293946 277862 375329 350750 335995 276169 270942 384139 349384 280027 226844 316845 306306 381996 332315 301986 225999 237973 266128 274633 153299 241588 134671 337537
468410 423824 401309 447210 502109 386553 248654 259400 322072 447897 355712 259495 274412 346411 473674 376870 289651 303822 220974 340499 221627 368668 387820 321561 292987 201291 396780 459014 464456 322503 324237 372131 397890 406249 257060 210162 315339 333125 387900 279291 353775 363892 372645 292451 217082 233483 218312 327743 365588 430729 449368 356288 280867 226865 338388 282135 291342 345372 216747 184641 251634 123227 192324 375792 466661 425559 287898 287366 323960 192548 126966 183377 260746 152206 310366 510100 447677 268267 272465 286187 307090 304968 331659 404796 365469 286009 204843 205470 275091 260342 296200 297430 330821 299525 350012 390131 306095 260411 270755 264939 233161 378920 462125 386836 427641 459497 443119 185103 262592 238314 273001 283651 337222 315755 356544 357235 352910 405164 294174 114371 197987 348593 404534 250005 169010 302021 300027 326134 228777 311772 286093 337457 289877 201794 287667 289478 379919 289136 139512 157069 218157 396892 331517 189954 246215 272346 374753 393261 495834 316275 326827 153830 320807 328183 292855 336755 252610 204171 249118 260850 236256 352714 442000 496754 318113 234143 289760 266098 259028 231407 315599 184476 242057 454979 369337 264932 360777 338698 234235 177776 293517 410361 373395 317921 407407 449667 428121 302164 301567 367156 195466 215180 359961 312984 417964 385317 354224 370038 339848 204513 301233 264095 350574 349991 324451 265248 303650 385140 437574 186276 171980 182337 153394 224972 343071 264905 385487 482349 406637 329267 442867 392258 450536 457871 289980 486618 296392 165384 266354 248760 190398 207976 410654 526621 330967 176338 325548 461793 372938 293631 259737 282094 324164 429046 480222 334959 247479 303368 279177 264925 388170 310402 324755 305253
356303 278455 276341 390849 395370 392846 262916 239672 350550 373849 260230 309222 216403 283985 440861 444915 427691 270237 292313 274963 244607 490353 501380 416102 198735 304775 384359 410522 319058 351258 529404 542090 478199 432152 394042 256746 318479 447538 283316 288443 209062 271743 321642 152058 321283 345050 183472 311976 306634 377507 425561 281063 168602 241986 269975 217936 202416 368345 197892 276163 212906 225151 215766 439261 491513 423792 410135 378636 364281 312260 241126 319614 398403 269117 433878 445949 341052 328466 163284 320569 437689 515933 498101 353648 354294 314610 250055 242064 267315 309097 313536 219467 292973 409781 305313 284155 306876 337650 323214 227745 194872 397326 387728 282245 283396 413160 343944 179160 281756 358490 386276 256160 197438 264289 362633 430105 382121 311912 183197 271303 199918 359568 404577 230233 260513 142467 146906 219370 356713 354952 443546 416980 334340 304346 296813 255833 401793 194090 182100 173462 227876 443940 335504 231141 276020 300942 361541 477734 502358 344093 266146 251696 437654 358904 450899 421601 370295 258069 267463 253011 247276 363287 422215 335790 245889 199815 252700 201027 174251 240700 449227 259003 343203 352721 356536 353132 252030 273580 283198 276389 291112 327736 255432 316854 296911 367620 286602 315441 321372 304189 283818 375361 332459 249433 279491 257593 222057 297590 270072 320688 328825 222187 377846 255636 156161 338964 341461 410523 298828 225370 174309 207206 241181 334838 393475 291664 358631 419674 259820 330303 319203 291261 465475 452183 319805 321714 278388 251884 227934 293328 295457 331675 459784 455007 200942 197014 306413 442977 333744 344182 360927 208701 314864 354642 376480 230193 336290 362885 432340 393631 348003 359824 315172 286308
216597 194695 146607 361295 431853 398495 310596 325502 484930 460770 438123 398076 205342 265926 376011 465870 336947 230013 311740 212417 432347 533461 499709 333939 312522 346021 365761 351283 231358 284681 468649 488071 340744 349423 243371 328209 355236 387532 265119 249043 286851 231567 317271 189813 440299 414141 240456 281299 297907 263957 409975 367223 314806 185434 206801 220493 230763 266602 243199 303838 145383 241863 240591 494125 440958 333942 267633 323633 387876 390161 404036 308932 421539 283844 375694 275521 268106 295999 279578 240239 396372 480661 480189 328195 291690 407480 239592 204924 264051 292992 250372 278347 340053 319728 311630 422899 386364 424955 333838 235506 285085 370051 388201 310377 362718 255357 204120 192352 252039 405538 251820 193325 191574 440450 425346 329321 221028 179034 300386 301906 340740 410944 337161 292238 293786 221567 219319 408334 305704 328567 326811 341732 309166 387634 268775 293636 299342 258779 214071 270277 252457 367410 325404 292569 320775 223596 349963 454616 392533 347212 150970 398186 410879 451354 432157 352770 351679 243769 401743 306764 216288 284831 258392 300251 243455 224164 277394 170386 167954 288457 401658 215611 308221 380259 377172 374801 259275 403168 351039 191523 204105 319762 391476 294074 297291 280647 217220 342651 273206 309664 357251 282306 335992 337756 242419 365485 336215 226142 253785 496606 437128 387469 253569 185880 328287 299371 410708 345589 229288 322609 302853 267893 382060 415344 256901 187347 209953 251772 262718 379865 360723 459085 377287 364886 403480 328967 292683 192786 336836 436410 432951 475716 481298 320234 157564 99535 317036 454683 472018 389234 444775 224838 318414 382962 406214 276369 247837 237725 405241 441319 382370 237733 314872 359043
344413 261395 324795 505082 493816 330320 250110 240169 450552 458135 440131 302611 199869 229274 262019 328770 267534 333382 313684 406091 421994 452570 366657 254695 365435 331251 366126 313290 289994 259825 400824 484558 302036 220817 293460 334722 359262 294837 233801 300774 438839 362494 211524 173933 355604 303283 209293 368275 383817 372327 420573 462454 384085 272132 337706 384501 259850 277829 362166 355090 257944 181865 277658 350241 405107 247668 209496 412145 358855 390967 331753 408848 379575 376604 342455 281233 113063 324730 198727 275907 353724 378001 511011 388887 332294 232855 280818 320328 435970 357698 355427 461290 404452 289149 324318 371701 191260 252572 165870 195735 300353 296864 400494 437095 400880 224465 224127 182315 252790 259108 191274 238925 264355 403563 263880 279916 150039 301272 319306 330258 439970 433578 261742 248252 328182 311644 381017 344409 216597 365855 213241 155430 170463 194525 106438 165378 343736 281800 351771 328969 340460 378165 376340 406456 443772 349883 392083 352629 296938 312116 388333 444166 438574 480305 357822 380838 344057 263279 382732 245516 265040 212728 371678 428597 430349 438783 370602 246261 367281 389797 410300 299609 433526 452713 353837 231133 378721 454373 439266 201501 317822 443807 368641 341278 411776 390403 233071 330556 250790 359607 305644 282754 457054 454593 393182 412949 263332 263128 333977 494170 490994 343859 112261 247623 265352 257974 439790 295594 253822 257194 378484 321719 495410 374277 240624 337565 245390 271232 211356 229497 347009 413590 214640 304588 384611 427556 314129 336319 439152 359713 462357 487738 402480 325191 121688 186101 311641 488117 417487 409072 388282 297199 436254 488966 335142 246485 255891 200083 350053 406386 306883 253758 303311 485901
401945 369887 378492 475742 407149 275651 306600 302232 289774 339580 324374 264535 166262 172286 221368 188953 245378 310758 456025 400219 380062 361967 237211 345479 299692 383466 430782 358883 268146 341466 385938 309225 332949 186202 258593 249983 166430 259920 244990 289848 442330 253157 135949 232492 309710 246415 278577 390744 405520 380150 334507 323256 339000 360647 447663 444232 385312 370078 439281 422105 222968 180543 144481 253511 287934 195003 320372 251904 277322 259976 329880 383961 437216 361028 495902 342776 338031 250729 278212 235611 285050 286414 344474 367899 261426 201360 387583 360239 299236 211124 241192 465120 346643 284634 210741 238195 221149 246998 216854 294627 310296 385648 509394 515652 359927 328895 227808 207519 292573 274158 188121 224119 359305 268946 269877 242502 321765 424956 356972 300251 380604 460192 275888 306607 423857 466678 445470 235711 239143 293097 271186 242735 288542 178193 243896 316821 322266 331824 327879 230540 407562 276076 225720 256541 335256 427492 289513 273036 284762 283787 367787 343653 477977 325165 368216 237536 390285 405112 346641 350580 192541 240057 482564 435789 468525 488948 408193 401650 416044 466836 308129 293726 417462 355883 298113 327805 314548 450111 336505 324091 401722 433186 369804 350941 305320 466382 401858 348817 337082 327342 274986 263072 465571 506389 510647 405969 346996 291536 346370 405468 423711 223533 254569 310085 196465 227793 328019 252091 285429 229414 295846 344827 385069 337402 302377 408493 278496 182741 213534 212862 414605 341606 309354 231159 363454 399379 413805 417102 427746 237233 294971 419437 392582 277376 115632 94917 175874 308451 361425 461704 399341 307460 461382 317314 271423 364471 358986 216955 282404 319169 196789 266963 264747 310180
492027 489642 285980 345034 322150 233406 422633 359368 207069 306293 432054 338315 205601 339641 315078 302440 362323 477293 434723 370141 424821 357965 290737 378114 230066 175664 396662 313530 287597 293635 279445 205377 390783 204585 333192 381223 274744 380776 410225 256980 285139 242147 341325 374916 314966 281262 385300 366199 406956 333618 397221 271666 255083 377678 433692 325868 309471 346441 328796 307357 221492 243876 156606 301581 233202 232581 330748 351924 380347 397071 311836 327691 273979 353995 388595 373241 347455 279518 264622 244120 293933 257846 308819 260948 198840 138209 248461 233899 137221 160331 222765 388503 424362 272355 214110 253772 176188 243639 171877 244796 212201 228246 452879 410800 353307 255042 196530 134570 334087 272216 266576 373914 490924 291536 330126 255706 337282 423892 302632 199804 219620 441574 413033 442380 359344 333588 359509 238974 207472 271622 289982 325719 414001 408088 404649 340069 276351 365455 219945 261000 292214 275875 307632 169818 285960 293466 229174 334499 363082 264772 183743 344515 419004 319086 346260 261718 350780 316090 375554 367400 173692 241097 417696 410966 431827 435934 521057 374397 477663 338532 246443 164349 241440 155389 224904 290860 267451 351129 265118 363170 372161 350380 319628 405188 324350 439925 420450 441060 357342 402549 308330 270536 390462 411828 390132 478422 388494 153110 194893 331804 362401 276669 384670 437930 357694 291621 250904 297114 208203 247205 324285 258851 359550 413646 403221 462872 367827 345640 353636 303533 274357 342153 259977 272300 364066 449782 425603 365907 336101 130322 176971 453415 414185 264968 162621 166126 149661 207978 306369 437323 425182 308721 231477 166084 195074 220383 218220 184001 404998 309754 254556 297765 209027 159723
469131 336782 296420 216432 233424 355366 395005 441943 272329 226474 317641 225819 288892 357329 323021 343974 418835 459283 281328 370336 437054 416662 308881 363658 333799 354885 401041 415653 244036 210753 224333 333910 236795 287656 341654 295844 217856 373364 310328 188518 221994 415878 333195 294318 137220 190418 477042 399588 195697 298675 416825 270777 325488 346071 458405 354279 357154 369434 224360 131285 348651 300568 157926 183425 239454 298296 389618 502924 376386 363352 324783 279842 338514 433430 448257 388422 403625 306734 197576 206875 230706 375142 369634 259517 301616 207918 283500 235023 283838 248515 311203 319191 343843 309328 357601 444933 360191 413425 383210 305826 255748 262273 256076 365416 359314 254890 338625 285836 384777 420488 356236 483518 311003 353347 309649 332317 303214 272163 245156 235364 323896 364308 519713 466661 176489 226950 340057 274034 248876 271311 186004 218716 460471 431769 348892 345588 414112 281500 222747 160210 159495 254301 283398 342356 218770 234495 291498 416325 341123 347594 331029 454744 470697 339768 320500 268572 254267 170484 300834 315088 318605 284885 448450 397597 461848 401874 331353 247855 349874 468636 421323 275838 117888 129860 299940 252582 271981 279187 268904 392693 458855 239427 352712 433045 430763 304588 478822 319730 277208 373132 303059 390276 289550 240992 344131 449642 341973 199509 259731 327328 449399 430605 436453 494274 406272 421824 369328 417378 210582 451910 357585 244380 283416 310221 325892 315884 446496 400908 387505 415263 289217 345296 327970 372418 311531 374467 372238 323121 281822 195291 217114 478248 467664 408194 295863 278737 337216 333610 377744 398252 337340 320726 149311 132201 229730 130363 209632 392170 354397 258301 266435 240178 155877 122265
386710 349131 378413 357498 357968 363760 337423 438209 234876 264921 205941 279931 249141 259249 319643 460987 422919 338025 220559 331946 450442 442344 292460 328085 436133 392657 418246 269470 240205 313338 360516 301484 268045 225918 206321 165663 330257 314410 350299 247377 423110 389912 259201 308549 306485 340484 429287 362555 308225 403118 240887 242068 370741 300614 385184 182368 255568 378057 253125 183465 273249 192347 185649 301496 370322 411879 315176 493434 401929 420134 396407 348445 401942 402946 291342 285894 438745 358168 376589 352486 322775 402490 451452 374984 348009 288646 303385 241031 341806 390606 384717 368198 420301 317260 419935 369142 496505 497342 415186 185759 268488 241511 202050 359918 371555 290152 406713 386253 289727 344109 222240 348539 329022 421311 425193 496613 328140 182693 286580 265103 357397 347964 412489 293419 162214 257082 161987 198654 234271 262530 243157 294236 314311 326780 275133 368435 393059 312522 251879 93505 132084 173293 255972 330170 306892 169264 278764 247916 402175 358983 438550 406968 407297 360255 288458 348011 303734 115941 136272 309486 351092 329543 407498 356282 418499 306846 197346 169202 394304 479179 506240 334846 124230 254800 199876 227598 97481 131645 231764 342134 378768 339096 408469 375596 363292 296501 275850 348272 383330 360863 329079 316190 230718 216104 334116 384839 262558 243147 129630 167361 370577 516497 405185 361034 373237 391907 364379 258670 311300 264325 232787 328178 341504 353009 291719 222790 301860 243694 221388 256454 333957 271080 325216 395504 217472 253784 291739 288017 284126 282289 321078 396214 492851 362657 321500 331995 429906 353102 294444 208686 175656 316437 148864 291086 219868 166407 300065 371049 177369 112894 147851 167811 139265 206797
230186 316672 347385 395408 347120 336238 487345 408109 311312 239219 265194 285520 271338 164770 301802 297378 194649 258116 175558 226080 392326 367308 385381 402504 365488 358309 295967 277029 310376 389693 396138 348122 386873 285107 273979 340190 440455 374023 480029 372203 361472 356502 292865 405868 491846 486655 439511 447122 362959 334676 182421 252101 302099 381378 394854 354481 357832 408746 302910 255275 140793 170256 274052 355197 432149 436604 433026 542438 525695 339045 399628 425388 474376 300250 316359 281051 317451 398004 324166 389537 257455 379788 352972 278630 244935 380597 377581 333059 366754 406634 291258 450702 365445 273419 286437 346895 427489 378305 308484 313563 183511 146360 338078 456795 401368 429985 471936 289311 331604 247702 359167 413115 399997 436043 353124 359104 255892 320299 353781 290337 385254 432189 328736 209630 209829 268207 197666 266445 268816 412943 351706 347009 227836 228389 286566 411414 447592 527126 363615 122146 201933 195493 302977 391090 360924 401743 279887 308038 277873 313595 340206 299930 294162 373858 196070 293408 215665 140191 241363 241268 389071 310731 460327 454063 294715 163707 148340 347728 347549 433433 356263 292742 298997 204462 329308 217876 149867 236453 381219 375998 311610 511321 443590 332823 446167 264876 333098 317767 387817 217797 210460 263529 182883 87454 223770 322716 258767 327497 178358 152023 353760 371326 305414 296547 454072 396427 280849 198446 290764 229397 220245 358120 359973 534171 322995 239865 237542 194032 100535 277150 309320 348724 402761 418401 343354 222482 282938 172024 340939 310912 409535 367022 357725 308869 225514 404112 471684 411047 296186 252534 227762 189271 234379 348120 211153 159003 266640 285712 190911 204026 141374 195282 201173 276309
257210 332065 286796 226626 155654 305036 466096 420847 331248 207345 284320 438388 385511 373441 354688 236215 214092 287165 341856 214111 200378 183684 273748 242009 257768 281096 232427 321230 314151 435953 432370 543462 404416 402067 355443 428748 445257 440231 503927 434219 250341 187427 234344 243017 442143 536584 549453 441130 337267 263570 270411 283567 256875 381315 404274 451121 485998 367591 417336 313391 278128 258958 316508 362244 488075 431326 527690 572878 497736 401156 434485 453094 268240 181674 274062 383544 344235 291501 351452 468108 443801 280097 168648 257457 327494 373764 381518 370444 245965 312541 248533 394471 422321 346391 340209 445672 321213 194161 311641 331039 139282 273522 536327 421585 477109 381234 291878 286382 209063 319212 436227 372495 478689 360473 257696 334686 311232 444097 368770 288597 421417 392576 358591 220462 236197 158601 186660 181779 205516 286291 243248 263902 220740 172449 273867 427605 363195 457854 316715 191348 352657 300833 320615 374329 374200 324346 250551 257411 181115 343165 231697 190045 280323 305087 323457 294618 209356 307983 210980 296067 315971 242485 420744 418865 346274 255960 260501 303174 362842 365201 366587 435436 324671 366764 379852 239117 244724 436800 465006 375973 322510 392089 399547 288083 368472 371786 309926 362094 359535 318878 317050 227482 217282 302353 293940 412732 286903 263444 175283 171246 291419 280320 378251 318788 475010 429105 250634 275996 263844 305614 189126 111450 347518 338579 273446 319684 237319 152969 263561 251512 171470 205697 413713 446390 435015 247125 219846 214701 223592 269087 448710 374435 401044 371943 293582 397702 416171 357341 392584 330032 187261 189363 322009 479753 234518 201370 281979 322565 349283 289594 198605 339624 313936 243877
242861 123472 209342 203252 143215 253604 319690 408186 406240 244258 290565 386959 388063 263260 208364 169595 249383 363646 341303 162699 145179 94350 157199 219500 334576 431713 246136 273658 304086 349845 301406 436979 265421 244362 166592 328943 413712 387986 439009 276484 242777 251924 219689 318334 366498 390671 505012 425639 428874 317288 405873 435691 303122 305437 262276 377643 436469 217125 296465 234066 224045 353724 327946 407916 314980 270467 503081 575495 567502 541373 372131 381386 205996 151313 265782 452255 413062 206465 396801 399187 373884 199925 218844 439208 431983 314336 363098 352349 187178 276012 239935 299984 378989 446075 477194 365199 320184 253744 396842 229733 190401 383770 448377 436744 386330 251991 332786 309705 352450 440683 327056 391649 324667 345597 221094 236099 395380 407690 407341 317998 455673 372820 335003 204316 248156 358243 231508 152215 273799 302593 217260 358678 242415 216850 306928 382456 278369 394567 255514 202283 477577 358969 292802 429885 360078 315589 369925 254928 217776 303086 287527 224618 341644 392669 335230 196665 246593 279152 223436 292055 280962 249898 277715 379628 416315 406094 285034 331138 371210 472526 478741 424394 432115 403673 304655 259753 372472 419813 392448 336855 398539 385647 373553 252870 336183 334857 299959 402668 413233 403960 346605 268099 319513 352815 344388 344726 436785 302872 323104 189614 167109 257303 380539 447070 381207 384739 379814 239518 253429 323361 174002 268157 427536 394741 324250 307866 200210 198784 255659 228631 160263 337772 368491 342848 378004 242019 262048 113019 218373 312104 367748 329642 311792 335853 288987 282354 234071 367117 443777 396343 282977 286032 316755 406088 315365 313337 462405 462304 344303 216864 336087 395381 232132 248111
397139 290835 304507 269044 303290 141513 134304 250262 308885 311941 377126 474724 342591 362934 327786 242578 481000 459905 420554 289077 176122 141391 180942 317850 268678 266067 304905 392144 382862 392727 274162 403228 267760 268056 320949 358588 368569 339008 207029 244069 368273 327616 265616 311887 189441 390537 497984 398101 415044 388755 411003 299026 320115 285034 282993 406942 293455 380593 381863 251701 218882 283405 352123 271989 216894 242065 512009 556548 528232 375166 347525 242371 275777 333737 369875 408989 305437 363893 305904 340858 339299 295113 200898 381013 376013 269894 410746 339403 162211 226874 287324 136957 210415 399428 352613 247565 245320 388264 313149 254396 270888 417917 408242 507395 349701 413030 487068 418821 402917 301298 265840 304453 303785 309824 330908 367731 339173 387358 353853 400124 387651 328392 330623 135270 285862 431036 277140 242911 323540 443087 442739 349333 299298 367182 435319 302611 363994 368254 177200 321034 320089 338439 227004 383059 330120 442223 491278 325055 341245 370661 287120 340361 369851 378260 400943 256158 290803 207966 324924 335765 319293 274701 254809 206423 347922 399626 345887 256114 308106 399348 383951 374025 371527 340384 217074 404051 398998 306942 385161 288930 329970 376060 374196 305591 328495 315840 385244 513013 369768 335501 283728 479851 390040 416410 380000 319748 425679 398752 331016 223379 287368 241388 452198 399334 215724 385701 318702 170708 162297 174638 252199 296778 421667 506544 396817 372838 238710 193817 176920 170210 185675 327949 192115 282664 389769 460914 313623 351041 262532 401623 363990 228108 243168 257124 179174 158552 184196 371898 322625 341927 335915 251962 310380 410342 338543 355150 444272 402328 339253 263149 340001 461320 344143 345538
325972 369538 160728 222448 380174 272049 262453 219178 235108 308150 388775 331142 407445 401964 302263 234616 333223 485512 430397 384976 185692 197371 254095 342421 210166 212139 337226 471854 443847 287194 219624 299877 275291 367255 360849 400059 312511 387920 308881 283732 316574 398506 317340 351785 262294 443314 395371 339977 387360 371497 295116 147188 268757 328420 444787 390371 388608 505949 427833 326398 231560 307573 209366 168261 320145 321761 370716 507939 449405 264231 385957 203139 380934 472070 307362 303922 258661 269219 143886 260313 253710 355058 193814 260955 284431 405727 421244 309720 197497 425535 294030 290490 343488 302338 274764 231072 299664 423980 399225 390353 361693 377973 463260 442907 289659 434924 477906 388866 315142 329069 334575 430024 289139 375969 368946 403648 194013 272511 356611 302783 258694 140101 187798 137598 319725 405555 398900 147765 317557 446748 420340 296206 394640 447356 329639 297516 350525 272350 369557 225195 205109 339709 275377 317536 172976 347685 488939 362262 496723 282649 297315 466608 323912 262802 362416 370403 247870 279079 431452 491700 508228 469564 250587 281112 391959 489621 349329 275223 296073 243811 326655 207223 290224 255149 391962 415313 278018 371347 472710 304132 154054 245991 355578 412665 508412 451371 482412 449990 280170 286045 364479 415085 375655 412160 413600 409681 497737 467020 321657 284643 291274 292747 336563 373936 305095 367088 285818 283286 256455 268312 219482 204797 314459 473739 371490 407964 227597 168122 313747 286617 235768 176977 190573 300859 433198 431132 304096 293989 313762 451202 275186 336287 400543 367409 291768 194903 395309 351076 304773 266524 253704 182660 289518 308190 173373 272660 340656 224552 388762 214321 247042 453511 416562 358609
261287 414835 195004 264481 343466 422070 344086 338904 298724 188420 269106 255789 332962 351679 283921 277991 374160 439537 267228 273308 220184 149097 189311 215200 153584 161908 247814 391378 304326 171837 146675 349294 294496 243475 360056 377525 392209 442809 437705 197587 198794 289455 378211 287967 327602 399653 408061 396049 392968 264504 227468 130975 200800 292524 417141 445203 409619 371736 275986 241461 341750 432094 302712 289886 302933 311286 296563 414677 264576 222073 378486 195425 351996 354548 336683 393359 350884 205123 279293 317043 340113 294732 159108 131724 204897 400896 330425 244865 407754 446790 384544 461601 395405 285867 262483 221066 303541 461954 457611 337683 285722 373418 476573 267212 206712 336788 311945 281383 295115 277741 358182 278911 361222 356217 354059 225479 260521 230506 336065 194431 173278 239351 192029 268997 296149 470699 333437 254186 325602 399409 278378 438600 394779 357271 359046 339810 258857 360060 222955 134404 226452 247276 314063 387698 257515 298110 286993 333765 311887 342429 397222 431518 313547 260643 252076 316158 245056 246969 263680 415118 461142 394870 245683 309472 380620 374378 356930 265468 239086 283970 216736 188152 260809 325769 362651 388614 359381 435069 377754 293044 298670 232212 289819 346963 418834 307513 330556 400113 256385 381993 408172 436036 471305 556988 464140 470096 366908 330467 296630 245872 174951 317087 340627 248566 364312 259633 379801 344817 443322 386044 134895 136747 341723 292690 379910 328253 213807 227836 321217 349270 250269 329872 177979 190278 308239 312206 343784 330944 285833 271979 275062 290526 330145 322476 184693 358281 368675 349863 255850 186378 225273 269493 423933 435441 260257 346437 333097 287877 297400 306249 379828 368513 326325 250720
351970 370848 298044 228638 313671 331679 372274 366065 422153 275385 230614 289728 257995 283768 331487 452242 563053 323591 201842 172773 286955 233511 247351 318377 200532 239295 266395 352699 196521 172414 311655 276524 301759 234543 323211 367967 425185 402290 412952 271515 237710 421691 371142 198134 333142 417184 377419 234725 214123 168791 293796 184526 223790 413148 431097 371727 395800 282947 227576 156975 256016 460624 493714 342454 207813 227007 329710 177998 108365 217011 327027 193760 333971 420905 461625 502264 305409 326926 442508 394948 286088 278277 229676 144532 186443 321951 239151 336237 342284 527440 446868 381658 383978 419592 428132 321956 455288 429552 327349 269000 385779 393255 258040 88511 202813 206452 130231 73960 216205 208265 281862 276615 309369 339422 414980 335666 348530 453997 372089 301293 280762 292028 312833 329052 443118 423728 212200 315256 191905 229363 251567 439764 383298 329439 465054 432828 427887 288304 284817 222721 195764 276450 365026 417355 312125 206180 276311 270406 252895 409120 462053 444827 332391 361944 215397 236529 258675 188865 167883 299309 462367 384363 274811 257265 194926 314330 385060 167381 234572 318609 184515 218275 257360 321724 230496 451959 480791 396578 198980 308634 272434 274478 188894 254401 336828 200189 264480 346061 473862 414585 418759 363970 439053 308765 353665 309959 183472 359649 388838 338889 259065 500013 441591 391028 418006 328409 314245 278580 393024 440664 289247 263160 295001 299819 255206 146382 282824 328218 265156 250214 377526 376894 292285 150350 252876 310631 321408 362426 219328 320727 268644 214473 233260 267462 420448 422150 477084 407483 303877 352616 220796 202531 439908 441664 381838 396602 378615 344001 212476 318975 386456 185472 262075 147372
384633 448115 293723 192359 338044 422890 381788 435305 410571 315632 325981 383076 209140 268327 299866 376727 447930 209007 178309 223666 287859 404785 329099 335531 328143 194660 326677 440069 205520 228813 322426 226008 334648 265028 222376 396019 319786 459105 387447 271856 362233 419530 238311 310737 355464 361296 414285 153244 163164 358756 319335 267429 292310 359860 309322 356508 480607 424947 233640 283887 299746 401783 488418 380073 330904 245635 256351 150423 150549 334119 274157 230759 472595 502249 473963 413137 257098 374075 342928 345604 316641 377148 289743 93768 171415 295404 353073 440903 334369 351234 391945 242882 223518 399825 423637 483698 370659 316019 217329 251585 411623 325785 124306 168734 290340 264589 211216 311991 252359 275449 241697 218612 222230 262185 355573 302059 355427 413847 371830 404024 355422 184093 268753 273675 428270 406177 319485 271135 254116 301055 201517 306116 323104 322391 308017 404327 328345 397263 407483 321066 210680 412607 538172 523736 406854 375072 305901 223574 216012 460233 343688 273863 300172 296806 330678 270727 321894 327182 238598 160819 374941 342456 312257 319086 251648 314269 267643 246410 260232 313493 231384 271059 312825 300762 265723 408874 482982 299411 265435 321788 293801 368239 311371 409881 350839 209603 252122 355404 455916 309781 353994 394847 221373 262578 244802 268018 355831 368560 299834 287147 361269 505235 508456 466207 394441 200027 250210 326161 473476 510927 387009 411280 252009 216810 131482 306639 359778 290369 129128 196603 255422 383116 259399 296308 313344 303803 250373 325854 456491 494631 352356 192622 193548 310621 458939 426021 322640 297329 339317 438634 297577 260138 332676 480467 346558 505432 487247 448601 324876 285920 297017 301647 319122 285705
335825 449296 387938 319577 493378 461994 434212 457974 306949 390223 371840 337236 317271 424251 385680 434163 361033 251933 277611 235034 294697 335450 288338 245875 320411 223004 328238 355428 210029 218940 293289 217366 258619 331494 297780 266263 355742 362422 379694 316571 492957 303693 337651 433254 343724 328452 330746 239477 367730 487312 413471 254920 342227 316375 317344 439356 519589 382825 351460 354947 440497 353485 381713 477474 443167 257326 192279 148355 310155 350193 305344 276847 499756 474066 464872 332139 303520 224010 291319 389985 287335 382100 270618 169357 119302 175523 254290 449747 399733 269988 492121 364495 288604 280682 468277 397809 440284 325317 342998 253482 396682 185032 195130 148571 187580 262205 304891 282867 318405 415265 305879 274364 341617 292081 234050 230024 391235 309708 334380 382501 281269 247342 353444 339639 444673 431101 331449 277563 291088 261112 148269 179258 281979 384506 193980 194390 357174 383175 427372 454190 244855 413483 462241 462269 414528 322693 403775 166329 196942 290856 156599 196645 390209 281394 429589 248765 383863 361204 223443 335007 324228 334539 418010 273504 265934 180224 187703 329739 358286 330850 323223 317813 229737 310279 232468 316023 401855 235598 291518 340380 244829 270588 456134 490128 414692 269549 261538 476133 417704 332518 341250 446284 320066 209531 156476 235936 365451 365566 282163 389657 396428 419252 434151 336484 395533 219512 335526 373767 515754 338178 324492 395612 361749 264443 302416 286857 323839 256489 296957 177713 183299 214736 257359 217934 172063 322022 307641 312113 433064 446783 233065 323628 294781 414590 448881 408840 359563 259763 464055 409903 336378 299181 337109 376310 313228 363677 329925 448021 418334 278095 340193 220382 291486 206673
276052 359250 401304 307911 420017 449072 491227 361938 259923 326951 253504 301932 392978 420951 263040 404567 276172 219744 305998 153834 167264 317209 209341 247348 316792 362981 275861 273336 339091 312005 223686 295933 343954 435419 226138 330453 301006 393426 411091 328588 344210 340777 357368 400144 462966 438409 356320 248594 384934 548522 430775 374350 303564 410969 412486 442895 491785 366026 385614 362832 294791 345362 246156 389240 389010 307897 110646 328429 317611 505443 395433 393596 364991 342873 396309 370799 350870 373933 333019 358291 341656 266655 300245 218904 280791 198713 309335 463240 366604 407913 516914 448375 339020 275106 347119 448010 304112 314355 262052 190389 262672 302744 170270 200317 340029 281012 299555 253345 400542 334338 204235 156774 174413 230978 244732 324950 227536 260188 290928 319220 290489 187743 403518 424956 484379 331539 365292 280670 234784 234056 142177 224527 159139 328201 195568 322755 417955 195224 392309 400554 302324 414770 441844 389451 351748 386711 434073 182263 172172 321798 261827 332273 390623 355393 327676 357444 419140 275260 183151 189127 85154 250387 250247 161257 207474 268980 273038 335832 331061 345458 276352 238614 280138 312695 230296 281413 327317 341854 227061 299579 320492 358515 450779 468749 467634 281184 208060 366217 419149 334823 342107 386207 374525 272594 281976 158040 275295 262394 246260 370407 339437 276089 284380 245095 309314 441338 422964 348751 402626 251146 321231 406116 367423 324350 283056 290422 349507 455935 425137 264172 254755 153628 235319 147082 182997 360679 326674 303126 300572 334081 320543 362663 316482 438158 356451 496748 409819 396581 417835 331350 281772 272283 331234 330241 306666 156869 223429 450364 381053 449635 463253 306212 222031 266511
304777 205217 273728 227127 332613 435850 395859 252618 422261 255847 167858 252444 425245 369080 303733 408157 277317 350509 322596 145706 175874 242099 288032 298062 553645 448027 337179 224321 294173 312880 290357 388738 396168 346458 266263 279476 247765 379961 361721 278872 290152 341228 294993 340949 506171 432822 336664 243065 398704 481459 509536 383093 211318 359451 363532 474496 453046 375299 398012 400710 359699 330353 299384 466561 405650 315140 279324 244579 324524 372367 357377 325681 383949 337859 377858 418587 452695 344867 298760 343488 387021 294987 184025 364280 350872 229907 288986 389187 408094 434683 534880 382222 264226 229113 243419 274556 316634 357867 311300 189339 251927 255915 158782 214733 262818 258947 224676 263095 288481 223952 304894 280877 159050 243133 403488 343144 283794 330258 435808 415276 456054 334821 388979 360512 344710 230520 259935 293595 284585 297136 346302 255994 194959 180931 255832 278148 419195 343892 395480 316842 349766 325606 321584 393628 437186 434656 431219 243060 170990 387431 475340 450849 459892 425538 300898 465058 446284 390188 157828 64389 141928 269951 254562 298195 268654 286747 218463 313206 417108 467681 314326 253612 328744 238406 291296 317913 327484 354359 340771 361741 469443 450921 399107 400650 358573 209401 334934 400691 453665 336369 417908 348379 308742 429481 426495 342688 357742 261292 340556 348182 416095 338382 227664 243044 363575 419429 254133 294416 383857 364424 486948 397954 178258 183149 265338 184528 245503 310163 396751 415145 403624 280002 197469 144656 130287 298981 330613 354003 307191 370246 329949 235525 321391 324200 273780 424836 443879 488805 472985 358447 391931 125863 134871 282117 273836 176322 262086 321776 370581 381040 434383 294857 308855 281617
341528 211124 147471 236429 240000 380316 195889 310566 266095 172610 161616 334775 334098 409564 388001 346975 374427 451616 361785 196459 198833 224905 219415 346468 414098 478065 463275 195894 244797 329268 303529 327525 314674 218303 237466 276452 327021 330771 382766 253146 216663 285331 259312 280499 453049 357464 262845 315290 332705 459348 425552 338089 126208 259486 338690 353774 429186 436072 324282 391149 384218 321098 336265 366185 298871 287964 315889 286003 383961 269723 298464 441347 441430 363204 354567 391737 400243 242878 212288 334450 331091 324867 357791 379044 314917 241495 360237 390914 437152 389059 456866 178332 133454 190793 181159 229026 233588 393659 273481 219967 328397 149519 294110 216581 302744 378038 313744 230213 290783 293806 380060 374820 188695 187517 318739 255752 353176 231553 350793 404055 349458 389941 312323 235436 214622 192378 311547 161686 265078 310921 400397 320199 193844 310626 249708 312607 443406 324570 365940 287877 457558 423415 297536 407890 411800 402537 431934 310291 216848 396261 409962 435991 458183 359573 348125 326428 466362 424193 249908 94164 251488 304958 398850 399495 330873 229427 275047 455807 504844 384830 210199 321950 241824 343564 262359 269576 349515 303228 321461 276040 423224 454813 322671 311759 269443 186026 400716 414994 274819 366671 471497 364893 400369 358609 499724 424565 375505 318387 282741 291901 390806 447321 316916 413415 433418 337950 337214 351335 378801 395084 396061 328830 292467 442873 346944 267663 217791 301103 341478 396288 520030 377538 210937 128295 156742 353299 383376 325669 352020 430908 283759 310917 239490 255927 227119 421706 422226 368056 322438 309936 259630 199432 232990 407732 352083 244645 176040 303156 336614 438332 313546 418487 446310 192412
362482 296419 306839 303132 316178 214650 182261 221064 257666 256835 287775 384759 319296 406250 472724 422060 409014 422223 352077 153911 196452 169055 299578 286242 328679 435867 383222 313531 289036 290486 303536 285370 306282 311714 373881 413159 274823 239889 359872 274941 304443 423821 397438 357582 369158 359650 311030 217745 261813 301873 334641 237455 265474 316165 408130 290794 375186 403039 341880 330797 265619 371498 287630 342288 401436 385945 451622 314626 415979 257469 368766 443705 381234 430673 438824 473173 453615 317794 310096 298449 288029 334995 423386 264445 232048 288106 317072 473132 500768 478898 329054 189676 243782 258816 281635 292844 338653 379362 264744 281655 254109 350877 412450 367992 363678 452335 377160 277938 336845 329143 355561 234662 295416 275605 297463 379773 347065 336499 320907 315620 255347 394199 256400 171674 216695 279192 279515 331210 488381 373802 499593 438997 393486 309290 371724 460842 373511 378950 309877 351319 416231 361780 345497 346588 354038 443589 383645 291489 380586 301939 262126 413036 354924 331543 254790 250993 454552 334194 232274 234784 309637 373660 339376 440316 337200 309752 287069 299346 373966 469354 318738 344351 284443 240198 158471 206619 388464 308031 190876 303942 376880 340077 205754 278399 164646 277687 305624 292632 401433 411756 414068 268296 236690 261832 468140 374049 371328 448281 261107 251980 316213 450615 367805 333801 303953 356554 456812 417058 524816 397597 251148 303216 428933 464164 347901 308383 268972 370550 327771 352409 431873 399786 264757 165539 244235 175950 308603 158696 274595 347268 310662 263763 165774 171818 239870 385559 321694 230226 260863 298562 264921 377322 300431 481603 453673 248775 213931 229194 327576 424968 336234 450566 379061 265900
373500 384696 384147 381460 239974 226292 162642 199846 417652 415255 359649 440766 361675 260003 398136 361353 416898 451584 300181 121607 194702 265616 322134 188234 346684 391497 346761 266100 293501 450277 508600 326613 302616 437653 471790 427952 277128 200967 183599 351942 276208 445019 476796 376417 324883 254354 358879 385364 405567 305755 329145 175025 266251 304269 388469 301335 405350 471401 446970 405641 363375 371501 246697 393624 403872 434615 367326 365489 322834 335737 416941 291936 428805 304949 418153 451491 387410 197524 236357 271200 304751 289186 371776 397928 390806 303769 218889 348410 495392 414317 242311 262711 337578 284593 253105 310533 397865 355900 397859 245986 248568 417657 397618 279646 254465 437319 429239 272889 294721 219789 279579 206772 324799 279663 357567 281788 355774 262210 170440 235160 305228 420229 304869 264272 378485 237684 257478 414801 500565 398609 355945 436168 320754 268337 343248 458223 349592 400042 377641 320725 386843 261073 376501 423195 313501 418911 366181 386252 421743 314743 256285 281641 425901 452823 349501 382017 389146 149028 196345 160892 290693 346980 410766 416679 380232 308374 331888 179100 354782 341096 295572 218927 231841 173584 243491 346154 363704 299702 235359 219858 343091 281029 367473 208107 227643 294081 261396 329312 377923 280360 333323 152235 193178 346189 361758 320781 274984 374376 273489 260831 343088 377933 252282 117383 204585 255258 357666 311656 387789 341729 246779 379790 414855 476792 466420 433392 245747 328727 294109 329879 312115 218884 205620 261007 279107 314313 277268 265054 319210 254768 267039 181704 282984 175658 300027 217443 186374 239725 296595 389839 387184 454327 394999 303869 343977 266077 216223 362277 381642 418731 410971 425813 292526 171241
238653 309183 364035 314001 298863 372715 316318 305639 449515 438621 341262 393475 319289 382960 269815 258515 496118 347343 179456 144290 141030 225439 305027 230305 440058 462344 309500 313924 425056 485782 429775 236433 273157 524775 559398 394047 343371 190886 340387 366397 392902 314788 445902 361740 182528 181163 376927 517913 467621 320892 344481 205977 313089 271487 240330 321133 379611 396554 332501 422446 523796 425501 411461 515119 422538 427908 352124 340334 321894 355566 236233 317447 256396 236941 323772 311930 285316 256060 397485 421700 256719 154990 258842 463802 413177 312219 231475 274806 354280 312396 266750 322863 359643 307743 198948 242668 299731 376304 374866 264472 264219 453907 429022 195388 243255 486490 346259 411115 308766 263496 281863 317268 229794 315806 340172 370648 251838 236884 211250 367926 282743 414600 361356 344845 289633 241511 402682 457709 459076 385558 194206 376256 355642 324325 343373 353695 450586 531614 506439 312701 300573 244369 319543 382856 287395 294454 319417 428613 512112 382749 294963 159960 382651 317690 404603 500887 324449 319659 338343 310940 390535 433651 469464 409051 479577 419042 416246 347382 292668 318716 235569 196460 112517 181716 330664 354162 259963 241768 209700 261214 250725 269678 374684 266429 285934 366889 334933 462113 407295 311881 328491 319099 243473 366583 461908 369088 360089 289842 313991 262369 208908 242891 217579 257546 241541 353073 270012 281945 419685 366921 395300 346766 377819 338362 452944 421027 335037 310357 196370 338751 228139 283544 372383 326165 214252 354214 317363 288658 321328 198143 258397 386664 313819 394227 390784 275210 178617 225182 192528 343081 322405 378251 306734 203091 265998 394363 250841 245542 304654 476969 518843 438802 297544 190928
199336 249583 347070 225397 459191 397274 505592 429348 336324 355510 316859 197651 343898 410220 154479 239068 324202 164837 152330 149426 284879 364439 386009 295975 411483 428797 478316 494572 416176 397855 440036 366647 379163 490936 323313 250555 186090 245702 265944 433746 335246 280067 447839 367417 165662 177046 293504 388590 438353 386995 253484 306105 190296 173174 247011 295598 274312 347094 272158 450227 342748 424942 471060 443507 377549 232417 179885 307315 329874 259250 262746 303699 248399 361110 279390 256939 271239 413672 419068 311417 183591 102197 209630 320783 327816 317359 300365 326042 332612 288931 273822 300475 313536 414626 297159 283653 415407 501816 472450 335388 393130 354211 234493 228682 300559 450328 393731 317359 183045 196448 333494 289566 300613 256024 411826 415066 248051 236496 347694 316432 313717 409017 365195 324464 231822 283621 362242 351888 441143 265312 198576 395788 382318 396469 297378 358446 402243 526334 444061 360142 265728 407918 514899 481716 418428 185201 329604 283619 292520 286566 191615 309314 196404 296006 423655 370120 291440 453406 372965 343632 319946 307161 377245 398710 435886 438067 417732 333297 207965 247823 304920 206346 101571 322474 403198 405819 298858 192430 278070 283968 141191 232819 315387 419608 425926 375612 344213 297143 270762 315822 248108 236741 183264 209815 345363 277792 279337 419118 433969 271790 162296 214315 248711 272539 365018 442174 350671 324106 328403 349306 282270 230149 319266 322906 425983 411160 334039 179635 306352 343791 247839 356661 363591 371370 255426 381598 321343 215572 157982 131808 345681 257814 350186 475340 362484 402782 247198 208087 246757 288821 251833 225407 254066 183341 356836 333999 246768 207165 265382 454355 466275 426036 285580 199133
257087 199525 249350 362508 271736 293898 503517 452461 246571 239635 180244 305908 306398 261804 143944 273703 316250 288526 139948 186994 242502 349144 397589 353126 462224 405238 438594 457091 285249 322781 346163 412989 327142 278040 193197 189487 260264 250012 190249 285760 355570 357791 403033 411061 187617 191390 274827 346639 464537 417090 355359 417257 314156 273356 264917 210546 300140 382056 283018 310136 264872 517841 549097 522859 372267 215676 153332 185582 206425 198038 238830 280072 321292 464196 292264 354338 402549 417238 281680 221267 226772 169915 150410 274941 197850 318032 167198 222614 244589 97755 120857 163183 411119 476803 261533 203682 418219 552105 450014 414017 403467 245044 310171 280499 417878 509298 411879 318170 277267 298163 370291 320132 418426 306647 335294 389031 281371 277605 439768 255243 339574 322214 206874 235248 337862 293231 170998 297507 317602 264851 211006 337471 308287 326261 414351 356559 339784 487292 409634 397352 300719 453069 443341 435682 332086 350355 267853 195045 184607 295981 238758 403189 301374 410059 353265 319525 289060 320989 316520 232452 167635 286062 230335 304991 363746 381031 285895 334568 281036 362321 423999 199191 254950 292807 408430 279906 332181 371709 440727 312274 260538 299284 365989 434596 381977 497161 351425 299239 320860 295448 147320 224197 106603 192777 250412 217370 370499 337810 228285 170118 144915 339297 313149 243227 407007 355649 400502 314201 436500 422136 307133 299675 369294 250777 397599 371873 342513 282729 340612 238835 155686 271027 260518 368198 250319 325318 196108 183126 180225 310671 383940 340951 309305 461232 359373 433359 301439 205407 336086 319210 214434 279052 239159 389737 438114 327484 293968 279768 291476 352112 430527 435923 268744 211753
353408 166357 289306 379585 303728 364664 535863 464018 414053 204103 271054 284232 321669 124545 140094 386238 505469 358012 292516 198508 289003 440451 410593 335065 446997 397203 330521 327967 211856 245134 189420 286816 247167 116618 142731 168701 311227 253084 282845 235275 364997 409651 425081 364673 295683 288548 391204 411272 394398 296735 390409 413978 365592 261382 260071 328181 272583 252691 272214 207024 254987 463704 532009 482063 315083 262911 164480 143051 329038 249580 291480 323765 325940 402062 401314 422608 482079 292706 217687 285738 241737 237597 283271 194711 244013 190350 230222 341222 317574 225759 254296 296549 417633 448176 264248 204381 318036 483652 498961 432288 325876 307186 405710 331800 348682 438845 406573 253108 205445 284719 307310 376530 344116 254292 261183 237710 225839 303219 236355 186964 250522 358211 261171 206407 322791 202524 248295 221861 357442 246114 228252 160887 294631 302719 384336 190162 313833 395519 368378 313083 399997 432490 468445 317008 281932 328269 290508 227054 333791 353737 348465 401425 342734 211988 317397 380454 376496 477854 352310 177382 202071 265165 176455 329316 421462 361767 387149 422884 423042 399363 329500 272903 226874 302118 300856 249633 441459 378687 268367 288438 271384 292983 476624 396384 297401 434592 309379 318475 190251 169928 216009 227259 277153 216856 195387 236610 404542 310849 217697 202946 188867 439669 366207 407479 246933 220198 263456 356744 412714 404789 164971 319475 247297 223157 269324 230019 271484 320754 203360 129494 171695 256066 409489 394805 262409 333580 260100 230978 360956 436102 494982 394090 321858 439092 435923 367079 237688 220445 417990 405270 343131 299701 347136 394145 481466 507354 379420 352303 347029 272188 305542 475114 287356 243315
393488 302259 310524 347741 462666 479911 529758 480252 409986 340225 284712 409910 422693 306973 212002 338406 315931 365288 340581 264279 384955 357504 248976 366255 402859 427522 308609 319893 224741 195234 174918 380925 242750 201837 227602 314499 263149 411409 419217 252601 237043 269336 270794 212270 225971 220481 243927 388092 305561 296306 343519 229251 281221 204777 221058 307123 64955 123166 312523 230047 254811 304881 350837 388569 359759 334975 278046 227868 413798 255927 363357 364854 360597 433332 385627 426465 443002 420523 286125 247758 238879 297472 334916 163435 168028 111963 170167 288245 313556 269500 391659 342329 420911 381347 365682 383741 306582 351158 458909 398350 242398 382186 394565 344443 339969 415242 404282 137121 153309 252453 294616 255391 274158 295286 239371 272462 268843 383600 181511 277139 308834 468941 323394 256544 240060 259302 154781 232216 241005 185005 187652 344489 456993 413216 324708 210354 352582 366026 400871 337521 341882 323259 354203 293922 289588 371807 411339 332003 441165 414750 340264 387667 291565 212644 373555 420425 455874 389152 265957 228167 170439 141884 324262 460288 437322 370353 358320 427012 347763 311341 328562 253726 281707 235570 240577 225893 330477 182585 180413 315810 175890 224854 413528 377452 410855 369760 496522 352826 209254 257981 227850 181961 314500 211196 297570 400174 469259 475636 294832 188171 333263 302937 416057 300949 142766 159604 213996 231337 419128 253314 200743 239357 171011 297225 271523 309915 343643 301331 178634 221841 272694 290225 326901 293225 316473 312398 267372 217944 340264 437647 480315 454788 363748 435953 384120 311559 324545 303854 414330 502293 451594 438675 299192 415074 428265 326258 316108 299632 351741 201584 382302 315469 256301 245170
510444 351851 157426 209436 262726 440977 491746 409968 324295 357492 320718 456164 363421 432598 264000 157213 392248 400239 446440 327064 395177 315486 373875 309812 355128 324057 496549 477663 313777 202627 333910 299782 253919 281236 400218 296388 279244 345516 427426 273885 307878 171601 177015 181641 275027 186154 194777 337687 331019 381391 356469 276204 217463 174734 209784 224652 104547 163579 227429 221836 195437 185421 181919 356205 448122 402783 362756 334106 359725 389855 308895 352605 394259 388872 370314 305823 515217 431406 202881 243699 235004 332108 282124 119623 160811 123252 184876 239110 312221 298837 319750 395948 470056 379285 477466 441878 348946 211833 363747 405710 414225 502480 342996 211555 309392 318659 301020 128106 188466 330234 231808 147612 224600 189209 191353 283397 325973 391990 240544 378884 452280 315625 168623 231441 217030 298136 214754 285985 297212 209304 227038 368408 518548 430707 340556 219179 276952 467185 326240 316239 217619 206939 353944 346833 371125 417999 362733 343293 436515 278373 247262 377551 353673 281519 401626 479825 434368 349673 330845 298613 220168 226310 354442 415265 555804 473565 372130 303979 147956 253013 407784 322459 327414 340402 272967 372379 217313 294667 205926 212942 130523 275636 397565 383694 350170 245475 385272 266943 344133 441760 349517 252579 264998 190651 374351 478253 457006 371847 279241 224016 349204 248814 375753 295775 243826 200067 333456 390111 313409 243164 208694 188747 319608 419039 313040 388200 276648 199468 268878 390182 414672 367567 204886 300396 469332 361400 272918 327713 365402 391118 363347 375743 429138 403839 329639 451279 411733 295306 396234 402023 386922 291905 308509 421796 374480 260534 256145 362998 242255 228396 397110 300266 320262 350965
333733 293365 186014 164330 209495 398413 406737 248659 223693 321962 284727 225729 260828 372822 240250 208293 372429 394897 282253 248984 350544 420912 426781 212561 290394 409549 482773 524141 306847 390151 453939 344164 268392 477305 497436 421160 217940 241341 276026 231171 194893 188140 129081 210962 211277 220911 239799 377597 367933 205580 298607 244010 201872 269253 231856 177434 243946 164464 179645 360318 337985 237408 325593 393159 464408 434808 412532 332812 292707 417369 290719 353441 447869 363500 418201 375941 346514 351974 335621 227936 216525 261746 273791 172049 308395 206502 179355 304702 305229 427757 358762 392124 348597 380030 435668 398003 440179 318594 353397 314459 463016 452403 425252 241698 318858 226397 183451 245072 393313 417664 299408 326354 354332 211105 321358 313912 462077 412699 266046 296582 345744 175671 231647 308383 268869 276726 347566 398475 331999 324537 237691 259508 450453 436440 216639 172664 253147 305538 200210 176043 179031 292532 352626 294052 382050 435818 409287 438756 262197 257648 178002 307934 413682 342698 431869 327471 358319 417724 265784 315443 227917 201385 213925 391187 394185 385847 261551 185634 182477 152256 237322 227125 350378 368609 343090 312189 332335 370785 274396 296351 233826 453390 409634 413557 315489 244457 423896 407002 366130 329636 364346 445769 368573 352503 466704 466470 483908 347295 187313 145208 339287 245139 327031 471710 371202 366790 329970 424273 390044 346034 259240 326751 380125 353678 394954 312123 294938 311823 454301 349005 434656 296558 238852 217063 349352 309121 216964 371355 343542 356247 217305 272628 395083 314915 190349 374031 349371 259565 343840 356608 248157 312717 324705 398726 357379 398882 264403 288076 293357 264641 279259 255411 358022 385042
210155 224807 195344 158435 217896 417857 285433 270864 351044 312030 274769 212322 229010 264013 224714 293897 353247 466896 326131 376044 442423 353679 358701 307437 401534 405946 460685 458444 238986 434140 376599 342240 375619 378625 362282 387520 299047 189938 233772 311088 322990 262149 205117 311467 200319 186101 314082 346960 347046 161462 192829 124002 125233 202263 317449 318203 254435 244420 287671 413339 292515 247673 365917 364807 463671 311058 265640 165986 320863 362231 394028 394075 227161 234518 460222 439512 210794 416737 412035 331108 236903 256375 335844 364134 329042 226404 395228 293174 359498 419084 365415 260941 393451 319172 258755 373931 368265 497537 376068 444714 422140 359134 352622 316305 384898 247926 292270 320615 368592 480557 371079 339276 345713 253389 484457 451216 398356 379912 222316 174193 217561 170648 238538 268090 337763 398716 335173 308304 335392 274391 238071 332941 450207 345252 212401 329866 245163 353956 235190 206253 113915 255970 223331 330951 439677 463169 363520 255358 325475 350789 189406 278525 258059 343911 312900 333699 330437 360074 236000 380297 427875 221692 313360 444102 320273 268312 258812 197553 209471 157746 223937 271730 374350 416527 261807 340268 334825 318718 332840 298179 370796 356862 302427 422064 402512 267034 413410 415268 340993 201798 386610 502827 361635 496832 467606 329692 394417 375014 148521 274139 332259 212217 270938 362969 484521 440827 376011 476230 499800 399897 386224 331178 276931 297008 360768 423799 351429 492033 326502 355380 355206 182944 214510 233599 299107 400505 337119 311395 314025 330602 337156 206996 285707 191457 192786 272150 269430 307130 253165 290094 269582 418152 431148 389676 365789 361576 137410 268357 368950 295969 269397 235378 408597 409362
282935 235871 281866 224749 206154 299752 264033 268818 279900 268882 310627 278116 174049 209773 237641 309280 425466 378751 301402 451795 424830 338913 335764 348426 295585 353579 490357 405508 319515 299778 230698 379758 332971 229600 239558 457762 345194 136753 320682 425914 426020 355153 253261 290090 249558 205781 299188 291152 275151 281487 221995 284118 218495 248365 409097 301028 243341 384668 333227 389190 235282 262754 382544 355440 404768 293479 145733 273098 294760 446891 390550 387647 261907 304737 464425 337881 301319 400592 407950 408179 258412 228192 444866 382366 331715 370932 383557 340425 345888 336472 216411 295019 296252 158613 184030 299507 345459 366078 326579 416595 401178 264768 334927 306176 409550 351524 357209 250406 243600 394578 279365 329307 281236 311067 465941 407450 233887 369992 207420 186501 307611 261445 264903 317154 429450 268026 244694 420912 413286 340612 232663 369611 321522 328360 374405 296626 302309 383516 334089 248787 200622 208009 188291 216451 414135 379885 298368 257989 330878 288813 301674 318137 271432 265009 287951 288838 352410 365541 315400 287291 379410 282692 272313 414465 216073 196625 295056 203773 154488 224479 388069 420114 411229 468795 343094 336457 352923 320517 422575 355872 243150 316030 334067 409990 485767 418805 361096 532879 398067 210098 362772 293891 273638 449385 270992 301601 298789 263550 209723 312754 284096 378778 393355 380722 426450 487239 465632 392916 411674 435792 318244 315895 257335 375206 291417 383686 254251 353539 406470 391317 266437 188343 187127 342116 304370 395497 433320 250475 196490 228074 322154 393016 273022 184178 223442 224612 328856 266858 329785 192819 247352 352389 440690 424188 416629 276892 177316 291286 355614 420898 392698 328533 347635 246470
262053 353479 463809 318124 283999 245873 363618 236580 269653 266072 300682 308637 303911 290817 142640 206601 435458 369858 227976 446798 486515 426680 331032 165184 203399 357871 410970 361310 287061 287823 231092 322081 349621 266608 398886 348958 324787 277656 414540 322781 485246 380832 294143 263757 236129 217227 286607 291805 277846 313481 368380 392187 321892 321806 280192 305693 290299 334685 433721 393399 398265 410826 446914 390776 391039 348545 366999 251201 366009 374290 294566 401961 463732 362892 385902 300469 162911 290009 405068 294237 326239 339281 312252 361095 375780 509473 443732 383935 199058 217946 182066 315842 239601 122056 246622 245788 302973 409594 388051 392437 280128 297365 233170 381510 357993 401171 401942 345433 309956 337420 314738 333248 407559 432591 332853 374764 278494 324361 293043 208583 256804 340494 269226 421947 422958 212342 366402 360909 478919 360292 300157 268418 281355 414054 428688 237468 271232 236871 165681 245586 240852 182426 262350 191424 337284 421666 295562 365568 235799 210878 319667 221796 228276 348726 302002 237960 299842 459586 451187 263844 374650 341083 224174 309138 185639 255478 257945 236342 115522 382565 427321 465599 419913 521527 378374 437142 350740 329348 440351 301551 349145 395596 392767 395805 514811 481554 396763 429540 271893 301497 249254 184569 385470 417777 329969 365767 327734 363562 200228 270534 396099 366242 359551 252472 373522 411754 409269 286448 378146 308704 203286 212374 328065 366865 287544 245193 227253 391069 417387 210328 167940 128605 254496 287603 280505 285452 277909 192927 161376 145761 360044 396016 270994 322311 267608 363411 348891 349571 261629 347212 309419 348834 322479 373250 354748 283293 163725 389495 477823 499217 413381 418005 352815 415127
209825 394314 340194 448927 342024 228630 266070 196420 253128 267736 277662 350781 462425 398824 163211 252502 450919 430483 268073 363877 450015 415535 309328 156782 356481 303191 348644 345957 361104 222184 277606 278142 363604 252712 347522 337215 309444 320464 215857 345810 441015 382414 216213 172528 246578 356601 347946 347910 278338 236222 351761 384294 208683 274565 253123 328555 288320 244528 334629 380476 420559 378079 321576 277520 281792 416660 390681 343247 323484 370790 360496 341946 351583 274466 332327 321959 158539 332186 463855 401100 408496 361604 307496 211218 386135 403004 509789 268395 291924 338822 202671 309994 237236 243075 183794 232268 251175 390521 415783 368411 275406 305462 388136 411798 232375 291719 361975 477727 436219 303486 292057 304499 444812 313907 357278 340104 378790 400705 332243 259429 216478 177624 179781 303285 363651 374703 356735 314195 386538 364112 458469 343408 310198 385143 359550 253222 324129 185236 198343 455056 279693 406726 226719 216227 347268 376702 269313 210762 258270 259870 312055 263450 181518 195157 270150 353541 332162 448163 458345 298345 290143 314668 285162 237564 350799 224273 310217 238561 200559 345317 357978 441225 436118 355116 244843 479838 355911 388124 264748 323680 302942 341619 298655 231893 408025 377311 456113 282711 375185 373267 222356 367014 495594 497173 348038 360096 387848 375007 342541 463529 377268 316846 129662 142140 248043 276929 279864 288069 155848 156872 311376 264866 454283 321777 320430 151440 303418 384987 376900 155658 215365 163987 189764 197697 351923 282251 217876 136420 165277 291231 407930 278256 299492 244321 184383 370033 316703 386264 266147 387505 425111 296583 277861 386788 413452 314159 362126 358121 517295 451959 368872 307773 289661 446782
342137 297770 321349 363214 329058 222537 188967 158818 267667 214865 245456 317265 523381 438415 261085 326932 425509 464653 355603 293258 377912 352522 252021 325007 382080 388989 401112 525264 409317 377352 415907 400333 242400 340615 287304 426545 348404 369987 213522 317747 334640 282782 183304 355345 432746 330634 341794 406553 383778 317275 343511 255277 287614 249980 239939 398968 312155 290766 234491 307153 216472 134055 198545 195041 429408 384230 357842 307891 341926 465434 382836 284427 375181 369301 279221 333444 190412 370801 429256 367228 338067 201295 192766 238560 300940 387195 260575 271757 376047 410249 355755 300371 374327 319596 189465 224518 234920 414775 511773 343805 163579 282870 424137 287198 179804 234277 282567 401998 379686 288962 412228 347910 401704 348756 299096 456562 416567 375393 310111 324060 167288 203647 227988 308520 246138 403071 368166 370140 397142 444813 433935 289700 256948 263456 249066 377158 411484 270920 371282 275305 357991 224710 184836 343394 538766 442048 336568 358290 374587 299936 334222 216463 181362 170643 312430 475116 384718 319264 389906 360088 281116 368874 296032 307873 229731 298266 370148 313885 203366 250022 336833 345480 306136 243899 327772 322957 212387 173398 215035 239743 260215 334453 204520 162460 227097 315755 318349 327678 429612 389849 330373 380585 428595 394980 490205 451797 402687 287595 380952 451488 373780 329523 147531 158355 153590 210875 353138 301121 151042 287263 386258 326967 309625 240689 348101 282076 341530 438795 334685 313837 267483 167440 135490 393413 470913 320201 293552 238199 310727 329299 182888 264809 226185 255742 263405 360881 360010 305954 269589 318394 304477 369846 429202 486994 470923 428581 277602 313383 432691 379638 392858 398350 427588 420736
396122 354374 253486 418557 295238 316378 301489 209002 300785 224320 188216 347680 472882 467461 264557 332851 429956 442612 504134 395132 264433 302756 253934 290723 445808 472995 388694 421320 380483 401366 357016 448481 327942 343079 328182 275240 413489 393543 259780 153502 199384 235241 347876 340197 369133 177561 167842 336388 404625 397136 254519 266746 324209 361345 367491 381415 402878 342528 376074 338429 154234 236658 246826 382463 303620 367221 246785 306048 370264 434184 363869 423223 516202 326328 346207 358121 241424 310324 248143 327761 358758 144780 265159 260217 296924 242215 274621 335447 335362 495778 459502 376649 479401 276294 142055 147319 262722 536917 475926 234968 156005 315237 330481 243906 194467 373093 306627 327805 254773 365074 355368 421159 437661 308167 382664 366576 358830 382103 327443 251923 233739 359541 461353 405674 255931 372296 360924 404709 432927 437025 399120 296975 240578 289766 243194 291457 321228 350320 378370 319110 260270 232105 249134 415217 511951 435557 428863 368499 375623 424053 405930 217924 256350 319141 420322 422436 317126 280014 324739 184411 214028 199515 249574 281455 174867 356316 230372 368515 237828 165337 155787 153096 311197 305116 330040 267475 233455 139447 257010 214498 325369 230030 200018 280487 206517 429647 294433 280117 312812 361333 298735 305832 205203 284795 315966 396429 178256 131415 238619 321191 410726 216983 284714 342922 224506 388859 360068 290247 241838 311604 446794 445381 266978 253949 330343 385068 261243 280861 384932 397733 208043 270401 382887 451507 379161 179357 316709 299057 359491 216656 170110 273930 440392 415407 265469 455302 428503 246350 295223 284910 243913 456176 500682 349460 469597 418933 296285 366223 356938 295388 303971 478617 423906 302284
454283 290564 291616 245150 251283 365610 373803 174842 275873 312503 207326 328323 462975 454436 337239 327809 454088 473788 494340 371403 274972 340437 276362 190276 429822 360974 348533 312587 277508 255687 263306 343235 291419 299698 340153 356558 379131 425225 395523 275974 404096 434587 376035 274391 242552 257857 318574 320844 404490 205178 304980 191685 332467 463946 504850 319898 413425 225879 388669 430725 240570 217457 272532 267589 238229 344951 202559 277835 267204 476665 460159 522671 438181 280052 309981 272881 242657 240742 191860 267497 310484 287999 286244 406150 276384 210034 315344 407049 411778 501875 388995 311979 302555 210151 170185 117996 290079 457256 358633 214369 266940 261175 253402 262897 315641 449155 370431 339568 245675 388713 276890 349546 365092 392675 323446 290115 425999 291171 253876 221277 248834 309607 501680 401778 243887 314002 206685 320882 287170 392616 312624 259002 392140 319570 336417 287614 411510 384481 451381 312199 334053 333366 360783 528935 426056 456790 374323 262236 247104 275959 368767 272818 392494 451247 393438 349347 226493 305578 329046 207296 340820 266710 129228 160639 203203 275576 266996 378077 348646 334336 199506 269243 403729 381821 264241 344068 316107 271612 234355 374213 387987 313966 424887 412214 366556 453195 282757 216153 272681 451956 449979 374762 226179 167185 315217 281157 178102 128358 176069 257711 281751 354701 357379 293009 313395 473627 485320 432877 409953 322828 507661 343152 209418 211274 323424 406818 289972 255813 472791 448249 252556 372623 464461 358053 292121 207673 258290 297100 212518 188830 155284 250469 501059 314861 234269 383923 352595 316514 350484 325075 284166 411353 275934 334567 366993 408980 264105 297073 249956 286868 434448 468355 362141 378402
318989 226893 258661 250225 224500 387552 241781 308168 335161 228417 164199 265359 438206 428906 281092 245858 367548 478540 334484 357424 219926 249658 208883 185025 223213 291327 349076 280233 243345 304526 231311 174326 257949 295788 347789 407915 379868 378995 317150 437215 385343 351096 307808 167418 261870 242976 303777 333747 201909 327166 378842 186507 238887 452108 392313 321653 310477 299249 383899 490328 335736 283125 311025 280442 306992 301801 281958 338843 293853 306125 372295 400517 354744 387964 191008 298382 307225 292924 337290 319835 401329 293447 355662 485200 347983 271448 359852 452480 468695 354753 313442 209042 204769 234828 268400 285902 343192 295775 134654 179408 437150 346135 172243 199133 348103 390405 308047 292414 343589 422372 247213 203126 392908 278031 244211 331023 303390 240223 391959 236473 241170 303760 394484 288806 337432 412545 333040 262287 236791 265976 287140 258379 349687 317007 404327 442567 356676 323145 289560 367055 317299 298032 375081 408664 328925 373888 345042 238490 157095 193878 270386 322117 334663 376937 402785 309050 294678 297592 275508 402624 399228 303110 214250 236112 243437 177346 345338 235284 400897 405713 262483 212633 383782 361941 251221 319989 404985 282532 296606 387765 322704 414507 434223 363203 481253 466436 388041 135267 212584 332702 362534 360966 178556 266882 304652 250865 172715 241787 239501 193813 329352 409157 324915 310272 270005 384156 353403 368042 401703 387551 376567 257155 315111 395713 349599 390528 404465 356901 392832 416717 303982 258402 276935 278579 201702 119654 211037 163429 279161 218487 339100 409059 412149 362231 176014 260129 259506 288012 218017 324324 279201 241063 189635 318060 326690 240422 204337 243214 198458 327521 495422 347875 357163 468847
208355 265100 361067 255040 252656 290239 277734 370863 367657 156767 254130 337165 441531 446761 272764 345544 319589 228420 347770 340140 212158 208142 269521 170941 158836 289284 471812 359833 402689 383602 238227 333379 308277 298517 322316 439241 493720 321260 372326 289953 309912 207926 226441 295826 344345 168440 318687 295550 241878 377064 463673 250545 236398 395466 392586 339299 275234 381835 400061 432833 395682 184822 314513 381798 363074 396160 259258 374981 270289 148632 192567 300220 328732 262658 355988 414337 374785 463673 387155 342927 395724 420732 420716 479213 388914 477179 425188 298738 281528 272747 266217 315537 349520 352928 361445 409624 296304 169406 226567 315182 349141 313321 188150 132627 272670 387765 307800 361287 365375 420985 315027 220279 204866 140424 321670 316743 201983 389865 431243 301185 209332 329680 258942 249760 268877 434383 342237 254691 272706 263138 308389 225299 387690 359320 469045 396674 325937 280696 221651 235256 248049 443231 414287 463058 308636 196551 165478 280328 246763 237099 301678 225302 295660 458806 369744 297305 307740 272311 318843 375127 276829 338947 322455 322685 307641 287249 320259 285193 380030 443081 439849 355940 373843 263323 353247 453776 443863 307231 301740 298967 305103 362108 256843 372466 411059 475713 375418 156606 243770 275201 376128 402947 363080 375174 288922 302702 265149 293483 268647 300187 359846 448637 504895 481016 240110 235475 345156 248860 309526 398969 397675 340649 397543 332262 151650 282678 255228 251533 296093 412099 312986 190639 220015 201074 268914 227694 245328 160193 278420 315205 455594 467117 438973 343934 189861 375115 286930 358096 324841 356386 193157 201916 207993 213344 202038 226245 276691 398746 288313 351001 279517 265848 240187 245914
265017 442944 258229 159517 167519 292885 360163 296418 361254 113547 171075 228197 283490 311985 249114 342915 226224 312585 351459 378948 252366 338739 288210 282346 132686 231750 353923 286780 310448 282315 355052 304695 272919 182133 298899 282797 432591 348487 230924 215641 391314 261233 324753 413387 349048 202347 313729 252329 323122 334985 433492 353135 360107 322836 319164 367725 236934 310913 342221 368571 287527 250883 468234 426445 456768 314286 356195 325269 381861 158664 306042 367258 393551 308485 426276 298712 349803 289110 202911 247271 321750 395536 449179 394460 392867 372919 387685 296569 281936 371748 335006 409104 346600 180626 272150 290930 220017 246885 378350 390357 182106 302791 311927 174120 333356 440052 383729 427367 416814 259355 251225 133207 116248 297343 463672 332858 233935 452628 412778 338064 217732 322893 238970 302768 298019 323017 316123 188356 281317 406450 255264 256642 306085 353565 439036 345956 367710 256980 328470 291393 311167 446253 405327 355424 256344 206562 244006 365886 375189 336576 337515 241574 338070 348974 385943 315234 421852 280201 356730 298914 381546 402955 301887 314637 223498 279379 280628 220215 254611 433632 487058 409911 335863 333678 494737 493178 456083 444901 351736 349158 437952 359709 309835 469341 312548 376530 261082 121304 255164 253833 330264 420593 453450 410440 295007 282716 279155 352678 407170 415885 496302 437309 520397 394269 189487 287550 392485 251828 357891 400461 466251 369525 434672 263407 275734 249836 210205 286557 404636 255363 351624 295541 257657 189219 342005 238529 161787 199290 302185 386157 456168 422840 379721 238751 283073 355043 172278 226692 294614 179033 194502 273823 316667 148148 204503 280970 313604 321566 231447 244542 339804 395531 347429 232658
214101 249230 102602 111023 322299 333174 433840 325965 242545 83582 92841 211489 217495 260063 173328 177170 281589 254318 247465 187758 334250 207986 258648 183074 256902 198057 233427 352369 268527 321822 360719 262817 327028 372332 209687 347442 473363 447995 214119 184107 390310 322559 246688 394748 285839 276897 356151 306628 336912 287201 325401 343672 369465 288931 319743 307049 295903 214333 290872 244062 306763 268157 415751 410579 282697 288161 305855 286035 300020 258889 345044 339728 305571 304806 323320 277057 220077 270230 159218 272905 271166 375874 391460 490106 393204 295037 441395 388020 261090 292303 328646 393404 342248 267529 214277 175024 296823 251670 315602 333868 285993 380963 413416 259593 291225 274670 221552 340269 413509 332304 289928 159867 298325 485424 524775 373066 235593 273421 301803 262075 313107 383339 336602 389369 372037 414134 267259 251852 307345 364546 235607 308994 268242 346136 354798 407887 393579 394950 349874 397012 390120 457131 430393 420750 336118 367304 316093 210145 404171 355691 321094 390316 275027 268851 232237 278248 277469 239125 272901 292158 367739 415435 467565 342277 328699 308673 200435 270759 278357 476785 335083 292473 431271 461174 527265 522944 424123 428721 268250 349955 413237 442216 352356 324445 203373 306054 153239 219542 433423 318165 454667 321406 352205 308047 378918 168535 249585 356397 335079 401000 448402 273615 370206 326078 252477 378924 396845 287819 415133 444455 383902 373810 293147 239011 190677 267757 244450 310889 240463 216043 432354 351529 240489 351723 333192 349017 224276 214301 324782 478270 344662 408920 349089 325431 334722 377511 240697 290512 338437 268395 398805 445895 281653 223303 254391 358837 286103 217879 255552 365543 455521 417736 303132 288293
281924 160883 104568 335001 335364 359698 282674 225162 115549 155897 142520 308713 394758 312357 216173 361232 373715 332808 221655 342850 329660 157500 170881 188697 441663 197972 205718 189105 226903 279106 359895 318727 469707 351819 256870 420016 450250 374638 353819 266791 492601 337418 213550 350081 203692 349134 344586 256052 156805 285205 208748 168098 310472 345210 376676 399263 318866 289296 291235 316425 361408 270282 302746 221785 205788 294055 190164 280404 266208 231889 411184 350989 247866 313409 239913 293467 323716 272802 207599 216648 294297 309243 409936 440023 397694 355034 463509 362160 234474 298905 266632 307583 238990 252998 231504 337542 337794 277089 215125 303406 393393 438066 448773 313756 228157 224311 165973 314622 457993 447234 305946 203464 408960 504306 454025 388369 160555 205689 330485 283307 340908 301105 244458 308183 306490 224558 219342 375582 329329 385681 185296 163865 234109 258248 282031 355413 422298 332999 284821 458378 461722 339554 460064 436493 470509 417023 327877 287356 237793 213023 296500 356124 347765 185242 291227 225705 138327 146226 254714 326931 287016 411798 391112 348890 346471 299922 282477 426072 425854 343786 284649 377570 516005 450588 515164 353597 322375 365920 225658 352712 247583 445322 300811 265751 270959 272031 177714 254709 378572 309513 282175 343243 322971 332258 326589 308795 300132 297948 406055 448382 342910 210482 286665 233872 217210 312351 294475 208947 404507 472119 342580 275419 352768 353193 305967 445233 278967 180452 230085 199058 288118 325679 412635 317641 373706 357068 348096 253069 461852 349200 186525 210432 345966 338175 386417 464362 406083 380721 307336 463150 507104 434564 230604 161254 205130 245234 304988 324246 372987 330201 364539 269658 245708 326568
251392 271476 196523 427949 259764 312346 169173 300724 229727 276892 303249 300310 325263 200354 282205 423029 469541 341523 259603 339971 188544 91625 82167 259409 337279 359991 253349 151861 288656 219415 264046 397807 466766 293076 297421 451066 298644 448452 385807 294699 408244 345633 275887 280117 182493 401517 352270 239556 333745 354596 351022 347416 348814 543524 488977 512073 419415 340963 346889 352109 265477 238747 230588 123534 248125 346487 258906 303058 349543 275403 316263 310275 406500 330371 332521 246838 251847 162874 252672 255060 183505 243200 490205 422973 424282 372609 314074 289352 268330 412214 341697 350290 251216 253201 433084 386342 301283 298113 362974 426767 393350 479187 510622 405086 385991 221842 244902 344052 410443 300504 277815 195891 421689 454021 383357 394967 261013 403384 387819 262850 219346 117999 236643 197997 152480 190485 269291 312580 374795 336532 153073 254843 401654 212808 195398 239846 388268 322105 367264 399566 373729 255621 435683 342096 367704 281859 225668 174034 60065 121793 279128 217347 216301 276416 414334 237572 135412 131801 312482 473065 338533 354847 408352 369502 430987 388846 334893 348434 352766 392053 477584 443694 411763 400344 411277 253046 312561 322624 313515 280840 313768 471163 396499 311816 360615 226124 225321 305664 244023 337271 242336 470443 466074 276239 271076 345655 246608 184447 298336 396889 348080 305592 315886 197434 230295 151936 264647 217016 412230 342508 265264 292870 322986 390277 299534 396787 152940 271228 349393 224305 175940 417367 384216 397180 264387 231242 293168 363222 462856 343677 96994 173232 281654 280981 401465 475629 447505 317403 267637 443756 350948 359920 214345 275447 207771 220075 258079 342957 242133 244626 230231 263795 231446 293325
226735 196893 302915 298641 276586 193082 226520 337857 260081 374574 452049 277494 194310 326314 273940 287799 396315 307049 307352 214195 130649 80375 145690 240395 381272 472049 344973 202835 394707 287069 345873 335331 417982 275398 391906 482821 412705 442209 353182 266411 460120 388949 364972 315831 183362 328446 342170 256684 223097 331863 397302 376845 266102 368279 462910 546892 462391 250704 283714 380155 294127 335959 358907 122187 142387 295626 329966 384626 304564 289238 234686 303834 368523 383618 320822 167329 207457 331124 370046 325925 177228 261164 418767 302798 422402 321659 162067 207691 366353 361462 303356 280529 186451 249420 372178 364328 401616 406350 394270 480964 323850 415805 358988 357224 317707 200882 241231 409940 378520 362331 372798 252409 388018 385861 371530 447222 350373 446873 423933 271599 138421 143377 178280 165294 204321 301331 327798 318744 377983 246023 304263 426722 317937 268017 158155 266170 291988 402392 415766 476734 330695 364591 421457 365024 387755 337493 173346 116110 100660 244093 377603 193181 210458 218742 351371 300284 232673 124140 360415 408485 411238 412160 296594 326884 485685 464527 394080 266823 374329 374246 386868 257566 389933 369253 401605 303141 226405 323710 276585 294390 375699 480834 386723 347614 218547 195466 257475 280723 362562 335015 413649 440632 342260 333219 323338 299909 362662 216384 265965 351705 414221 248281 254836 227525 378084 267486 340578 346259 275372 293731 361429 380462 224010 241050 261488 363249 191504 307413 406749 385384 310895 366795 477691 424010 165742 154044 262919 357503 459982 247574 143065 271274 150445 320475 432300 305683 370324 182727 289406 324009 206433 201644 272690 338517 421516 317298 340724 376219 304133 253261 254982 428499 402723 462930
301845 222337 321033 326242 233607 301753 195772 297873 291498 391516 341476 279064 228576 268982 264862 180657 346813 385412 329255 295130 213239 127002 190952 365664 330170 447020 246861 287997 414498 486110 435177 392949 186541 170082 436035 532754 446861 379512 345220 406484 465578 293014 346197 417940 218338 293233 396055 303581 195206 324377 280691 293494 232200 279022 425679 388107 342705 262824 267788 336708 444906 373957 429813 281903 318562 347703 445085 376448 237237 288631 279670 370644 294627 347991 314160 193640 385232 418459 285472 329030 293289 395035 288536 236593 418872 248237 129164 320371 289941 297877 349559 328792 203499 230700 349148 307543 335974 311475 241751 429986 371871 293023 185847 185086 207411 308208 232456 427679 463167 484640 401021 279070 383206 405303 450671 367174 367552 321877 345043 202932 114279 100038 258290 238756 387465 397301 435782 301377 298492 256624 408767 382469 311421 267497 223996 202713 247021 288670 421634 316988 391701 507683 492321 506350 375613 368112 324376 186688 201705 304024 434919 235934 278643 271971 304297 383632 331976 218593 329845 276645 343622 313462 242857 279515 299012 496796 424711 271519 312272 408613 354843 265792 422133 380938 402875 278475 337443 373943 413026 402666 426740 532468 491293 471310 303841 225915 203773 419125 355364 389622 438860 294748 426199 480196 365105 229232 331779 356233 227961 283400 352150 299023 269718 378466 344486 281337 414724 380602 378644 413183 368773 311519 152270 226845 243270 369956 130859 196706 406550 330792 297895 281358 430207 419158 186624 300233 347328 339501 264639 175703 262082 236180 172642 358691 384457 343642 296426 257341 225165 249305 188235 197500 179339 315225 399421 470975 503675 403327 264366 189525 280722 504546 445263 315270
292156 382672 372763 312462 346842 288355 336767 429307 346904 341235 335389 237809 144914 222413 211743 310153 359023 374726 441179 457780 252254 300131 351045 332051 295635 206164 178220 268948 451615 459961 448053 312394 202864 371242 447399 473141 253467 265041 293303 291823 306152 278968 324162 347942 344778 309414 423241 281590 250407 282449 312413 179233 251732 221051 216455 320151 390427 322497 289895 222090 300968 325504 469854 519371 357463 362243 380111 383032 393769 368720 444465 365422 193224 210264 310656 287236 437453 279628 440843 414487 474362 461788 374771 251122 198582 216932 248742 357074 236619 113512 277349 373872 140881 233116 194575 213194 257097 205533 286300 365299 420643 398931 150401 154559 373435 273420 292946 336965 292632 353330 343156 187731 378111 340398 336632 295653 287546 291549 228078 256845 127182 218413 292261 323234 415810 309039 398830 298623 368045 380899 293386 355217 315118 309254 221133 195345 196141 179953 265872 231905 321483 391273 337107 430125 245969 350597 356229 252179 282740 432848 351934 253367 283843 385428 210593 281899 350699 295094 209418 152260 161211 304329 184902 159137 236426 391792 332709 211708 260713 330588 278073 334410 418898 336446 402571 305071 226739 284013 421884 377415 477278 505416 424867 450260 311361 206283 329187 457475 299934 358303 443687 308211 399191 475661 299546 320297 252213 256326 250584 144104 232762 294025 306739 349958 337551 322113 400292 376260 431819 331321 210513 187855 180367 257873 341354 306003 272655 225973 403181 260902 150167 253391 397099 344177 328032 381182 282392 331731 254183 220365 345452 283335 173961 269533 369419 415224 252463 334853 242337 175088 203166 169420 233871 246882 381830 468982 449860 402373 367534 286611 375046 468246 376495 262846
294156 453418 330491 259941 310478 367044 348020 308848 207002 321056 317459 172395 225056 264326 240441 419945 320793 375738 428284 326573 299240 489744 388414 363776 321630 185490 210866 269100 411926 401461 383417 214575 346324 448732 371344 359104 192738 351098 245072 203921 284416 413942 403623 407720 346997 390729 335056 214315 341019 388190 400261 374334 362229 335345 346740 387583 457513 314101 312209 312315 243730 319524 432561 348080 378529 283496 352953 452692 381304 295853 406874 261152 315503 300797 259629 264643 381366 305005 380144 353151 304660 424704 386851 304354 209191 361721 340161 330679 345990 146145 234525 426897 301679 223461 210094 370179 396623 353072 354718 246259 415361 385519 149765 277711 328895 211498 262130 298904 138122 251788 270349 310784 294921 348219 252363 243349 314143 293087 419825 279570 184702 291522 405671 494175 457152 381993 271227 333625 371525 319795 277877 319220 334113 247625 150065 261918 95208 242159 236536 302127 189272 259734 294312 411980 326866 349034 251814 261213 432221 395988 382077 159086 340466 273552 197560 129558 389361 392055 316927 262901 346463 387671 265084 135552 311395 308905 348509 405600 334300 155524 308831 368228 289445 219501 420898 288173 301534 340181 289878 320713 489018 495800 292921 382816 383844 280104 431191 431408 300657 225764 421784 219786 329140 432407 346758 275796 259722 285616 402309 251640 305126 482986 455032 352855 371050 438347 394330 449441 308441 261417 149398 180851 132667 276254 253079 266984 275930 247700 418959 366532 277407 372532 484066 363922 361511 423484 297808 308305 191845 201046 406086 351518 238103 317508 347197 391211 292226 343553 269603 222895 231572 337182 347379 316306 406825 461477 418898 414747 328759 393012 338883 332035 234329 340758
236018 267267 207134 142444 318915 424872 279333 122249 203845 360361 339390 350527 371920 347795 289296 387470 428728 446201 349196 325653 367804 275842 332655 319443 215721 253121 279979 256641 227729 308594 368362 174642 323942 342805 269343 266788 342774 368433 309939 237675 400745 338866 410686 342872 331843 355793 269055 350038 413026 482612 361578 415488 437837 333280 405154 252372 381318 335065 386062 332167 355633 322343 229863 393862 426807 277083 283564 336975 214880 329070 217486 380008 448322 399182 209628 188957 389475 283176 360315 423264 291385 361498 316859 381552 201010 361407 327844 304298 270215 298828 340298 300700 354843 288204 176784 346380 436223 471133 418635 334573 345729 389484 274007 358841 216450 225687 241687 308594 172525 174406 288370 287502 336945 392870 191159 250636 243804 334724 294824 274138 308072 255870 412266 437300 398641 309204 368274 456165 397630 316889 215467 258171 287660 312430 338591 281664 255048 338811 376510 411413 255282 290057 325370 369966 464491 485197 271663 260082 363478 364248 270750 288225 250414 265349 214560 264339 343499 422191 357862 416777 433877 365419 282378 284475 397461 342746 352326 467692 376491 334764 263216 381002 248773 307109 217695 276986 368679 267152 204555 168005 434367 274169 268076 295130 403891 240549 406613 453121 457945 376991 287525 202228 309319 366737 268715 365358 414171 436003 477257 352212 364624 474521 402274 236960 261226 474705 433955 409167 336361 225312 188812 283337 229533 284610 176598 240809 203337 289719 360208 406244 301639 437235 401847 270174 352723 367936 222071 175502 223808 206547 310695 362748 384335 339585 368880 449944 287392 391076 393294 331759 260073 408253 468779 404194 344046 329820 317357 199845 220957 268591 231623 242446 254680 433415
49958 177406 289241 213255 430616 456134 377415 162034 210373 353264 387190 468566 562893 480366 389933 277725 474225 343287 268895 369287 211069 252325 371993 250424 294542 387241 388342 312341 178279 313060 238992 245820 296957 260616 212390 321790 346205 376282 234720 373148 463649 401074 459059 249120 296470 316665 320095 324455 291649 278261 297780 317245 278319 194897 259434 207076 334392 283052 227838 388690 451171 363842 252078 370519 364040 231906 154256 254579 229669 240855 314131 303143 423126 357132 236538 280990 370565 293428 412772 442651 322835 196727 287855 198407 202281 261624 274478 272662 308445 510830 294929 271978 390373 431703 270614 222479 330830 366057 344300 337101 359388 357006 434714 307457 270845 288265 304561 356080 342421 255551 361768 316442 356829 301322 237196 306845 337885 217164 290919 457654 262429 285870 230264 240449 237207 297601 338149 345879 418836 185948 109007 220113 195162 325360 306297 244113 285109 312916 488021 473788 353568 221335 272391 228403 284929 337873 277770 175955 250517 283217 188638 167490 167536 300159 246610 176470 241768 272664 351773 346683 413189 174133 299604 326731 464815 391374 261282 382114 451249 294400 342610 295118 351891 346043 170359 279646 201964 240216 309179 215526 303965 228669 296667 299921 309261 309881 377970 349162 513490 420449 273958 198622 283488 249448 356101 464467 404364 405505 490999 324080 306730 494712 453399 354976 382678 474962 425620 517238 426834 247251 275717 418313 312030 240999 242235 345826 418356 316331 274489 363665 278397 413871 327565 366570 458929 350275 281254 316530 289498 135509 177743 314319 233494 258342 213087 363434 199318 305305 354545 330620 325551 409805 518883 367596 305660 343906 232422 280121 292103 277842 336512 347152 279295 445266
122630 361871 349243 345510 367336 449482 347118 289524 307488 336990 376247 448036 414421 492540 386274 270493 382619 298673 396678 350315 201167 297972 345361 288159 342544 284041 405806 317346 159817 273559 178777 279430 309553 313924 278067 340131 192330 314991 343047 414993 306517 280442 342745 238304 353479 288275 205267 289433 242571 229062 335083 314095 191460 113271 235131 219144 404290 262539 338868 449262 506459 342546 245656 228596 235292 140586 285452 294652 161221 210127 276535 361771 342537 284132 334157 406495 351496 371256 463872 340196 277120 155390 195202 127444 215746 297527 310340 275020 359743 307635 298259 225013 399906 314341 255224 189897 186877 228979 363716 477729 466699 364926 378612 243864 259872 240328 275182 331171 431989 356264 330622 303878 273266 264120 130427 258450 269849 199369 431651 400746 259414 285647 261941 203769 217869 252201 216692 248437 231605 106396 207476 289542 264619 315418 221144 323484 345079 443602 533266 514589 472560 419783 399611 297821 127754 318211 281906 170568 199948 319007 204386 236378 296446 365090 175450 252202 352180 236889 260751 299055 388569 360572 354131 331021 336458 329982 275331 354022 361990 368375 277078 236642 418337 301301 199355 278524 229067 394463 363563 252167 237988 320316 408579 343384 245299 286858 267611 319326 395597 492810 257563 297718 174847 171645 274879 376914 245155 297783 355153 201186 271522 317507 440788 461675 387770 446625 429032 472758 330339 288545 312250 295662 376735 284061 186324 288323 412111 189924 275638 408090 311663 352410 386608 484515 435031 475780 410966 398118 214873 149604 280640 239267 215138 212229 202130 296956 328825 245387 202459 302931 185047 412048 494959 415966 432384 404646 261829 283931 327794 340714 323485 310329 333706 285910
291998 251196 243300 281913 351259 384459 310122 349188 396505 504501 521027 456204 375901 484745 394622 359639 409702 326257 448531 348028 181895 332061 372970 328779 279456 187485 452576 274017 231131 300066 135513 222987 255115 340500 270942 351247 199107 282267 397197 246480 113132 293156 297826 345331 398403 318747 300582 362397 383638 219369 313216 301014 175851 310914 271003 226070 375564 334343 339210 399870 429934 271896 296790 227634 151610 164218 293874 218732 179701 182364 261986 353650 194577 288481 297561 375113 326209 324437 275108 224316 249168 236647 169863 114031 282411 402308 327240 290865 321617 314860 366024 369734 263836 200567 279321 310611 330818 260488 408176 373960 499173 354138 293421 211896 138008 200616 299342 329595 490757 515230 410970 320252 401690 380154 176430 231196 238490 366681 413913 319364 292928 315307 320651 254566 283523 201397 135909 165395 143217 231415 202630 160675 323454 220547 321169 323611 501673 485211 511367 438524 445390 405272 408404 279681 279384 288329 356276 207333 391922 331472 389560 404103 434600 342390 228813 422789 341423 164469 165139 287659 340324 338363 216235 297999 194998 286337 282768 339786 356456 357222 285823 264260 419641 349580 281221 309494 416597 464849 505967 378852 299269 339329 419733 413857 360397 264585 302341 365426 287862 352594 225356 289783 265887 136292 183581 304137 182890 282276 356650 303547 337339 256070 249500 217895 293115 442662 365686 420247 363867 318925 317050 272841 288437 296147 289133 286239 343454 134489 235429 340437 285820 411333 482336 481233 414955 485425 435609 311787 255877 262224 352363 316630 171333 200464 305063 249473 403396 358043 385882 398999 353651 492703 573808 458231 410584 313761 171998 202003 357900 274620 279015 303083 352523 217342
288195 294384 275251 372459 388432 287191 210779 189155 424909 534348 479631 332512 419328 493956 473250 472118 351670 202556 285162 320504 354957 402226 389373 395053 251628 226097 359322 306665 284378 214921 250716 260738 402132 289245 183161 370373 150986 205290 298118 204106 338942 421449 359575 296686 312903 256004 203342 249711 374795 251887 496910 402310 355458 408851 302051 197692 330160 301626 321788 275412 389947 334286 412249 330022 276801 259817 326640 317836 320973 295028 370220 402745 341503 383680 334755 461160 468491 451053 267683 227327 285528 330991 198290 151141 202228 283396 195979 279720 362908 406952 436801 376512 291543 274066 382828 300633 248775 211554 247008 369348 283535 303665 246953 224845 212725 380000 367071 435002 438983 451585 241298 199640 331451 376867 171310 219907 311216 343887 366643 290216 371226 453919 421660 302347 290164 207926 255292 285376 238633 389647 264443 248162 278904 241782 346408 312344 385212 401341 403044 407731 361132 283385 319946 247424 228544 262034 348077 240017 331470 342795 362687 435093 335580 402951 289455 391660 336132 249232 361202 344800 161156 159546 254133 335953 255577 333020 320100 317484 245356 303634 298625 311336 388640 480315 404250 290374 277388 456445 505518 446135 296255 264196 304762 416754 419793 262474 340889 330990 361655 292461 288897 296495 314920 194860 243893 242508 269198 425252 355522 458740 450518 354586 220585 227415 287809 280205 219734 327757 223094 162886 274665 299567 305309 352697 381457 327509 220428 141208 189013 200706 328968 353856 562507 517291 380020 397605 324690 222895 336520 249723 381070 340380 204504 430436 288216 237261 386768 430434 420349 506849 388195 555031 392303 356732 221432 345145 214127 187218 255259 143037 304979 373815 273237 335296
365790 363687 412225 249733 252843 282785 275521 389583 474518 467317 336825 283467 326942 449858 524472 451155 229305 57971 132352 276646 264859 386639 307905 346908 311861 196003 408663 444069 215150 204518 210547 370212 469579 191883 222726 264328 180910 183876 125135 304392 430525 425256 438103 393681 209348 157583 180362 398013 462057 400928 407856 400667 362918 399659 319255 356855 373910 336531 284362 255826 293153 267165 387319 406429 393866 390284 332608 451504 331149 329058 321471 364097 240811 325779 307430 318833 474348 497710 360416 330495 298143 275530 236462 141241 149679 165438 218565 327219 372375 450755 392235 404273 381635 316605 358787 253167 281607 308770 262380 336851 346753 433993 339727 172025 209302 212485 291813 354224 321011 298504 131305 224115 352757 383473 208156 261731 249055 233260 225526 351111 345469 400578 389084 188729 132093 251964 344509 391230 274802 271744 227173 289077 237323 332719 283240 316927 345169 258758 366859 458439 365649 252539 274900 175085 299786 213435 310768 338417 386668 339000 343731 382521 366954 317675 302502 343656 320062 304550 487426 262957 140734 216422 327092 380031 300189 499275 446745 364984 271137 239711 302342 167153 293549 413076 468773 192243 229077 405686 355211 445508 210733 265667 262309 335922 363616 281545 260615 255581 329270 305462 302335 284248 235183 254450 331536 218032 374072 340218 220489 431900 485088 372408 376845 381693 356528 211147 183019 190102 160630 229254 407336 397531 350140 373843 343157 204926 156877 300044 325513 342546 264938 284091 495052 469460 234637 340513 349464 277282 321772 277950 397364 301358 326956 262317 335159 285212 238835 244688 267058 400047 347665 362054 404190 326941 254975 291864 275411 118061 126261 252884 358600 405162 257630 372757
310818 328596 189711 204653 361653 384533 417746 413129 305963 264309 310724 123406 187424 370031 463234 331098 203024 127830 226313 293658 318715 308429 368491 418273 349847 191643 343032 404513 213853 111591 239701 446339 362719 171258 284758 250221 214296 304055 224606 406369 418761 330003 515668 388270 257460 233126 328835 480114 371908 415049 291857 368986 337675 345044 403732 406942 462866 349789 351767 220764 282700 246783 305891 390268 324460 280230 281525 452304 328575 245535 389698 395469 323187 287048 336169 365664 497541 400549 323547 387612 417453 246136 323548 188795 131114 166830 232660 208806 373827 418457 284842 321422 253652 242298 228530 204572 402821 402984 268258 425009 328673 369914 365132 244399 151505 247098 392713 450920 336107 228478 196776 255411 372420 271033 148590 223840 209247 170368 216129 366370 440723 427872 331046 316862 214065 241115 346983 419608 330609 115945 175065 242001 266583 412855 361344 446690 250957 271197 295287 486082 383111 229494 150461 327193 304832 227986 260515 331829 251333 177025 223087 420394 271152 325935 400697 412358 354772 340554 393973 184307 196775 313415 346684 263046 369764 471636 444956 403087 333738 236384 353407 288390 242541 417625 353412 326900 233956 216592 224578 391758 264755 245337 250912 271899 362691 375394 407176 310467 159165 243279 203323 321234 302075 345485 339547 261715 393501 261876 204611 392675 416547 347129 297735 424493 292037 195745 176684 291903 182914 282606 413423 305790 175752 255600 206655 213451 339237 343307 444500 330899 231329 326431 472912 289170 319397 301069 345143 213378 393356 268094 317603 261708 259812 341004 436355 190782 174565 255347 255042 411174 335713 375052 412862 354530 174336 237930 290862 93152 204994 310509 385227 367754 331323 381695
292155 247778 270902 328031 398075 293804 249546 237840 262867 348991 362194 230045 329502 425974 270635 152760 273604 275782 236715 303141 391198 360164 435564 408672 311291 242808 327193 389833 259860 220990 260030 437961 281498 321831 327456 290854 222700 310178 312220 409286 299277 341883 393421 355108 362594 373316 396289 421546 218960 268283 210269 249322 291936 459980 391354 348221 290753 420585 311185 184756 317126 133057 218933 417409 311953 297297 463966 490924 396514 258144 308742 441734 335096 332247 275727 456371 325666 266908 228783 397676 393342 308776 377692 186602 279231 281156 380475 393864 322499 272706 214032 278306 423861 396128 228364 322570 352112 326094 440933 393274 261665 283324 378114 312765 195996 326565 384585 297637 203845 163256 270284 235960 265478 309391 237872 322062 260070 161109 240571 319400 390797 458527 430821 394368 212525 326989 425101 429386 405152 236834 325602 208023 237515 353795 334794 303109 205942 285110 396191 415876 427327 219803 189034 294943 267685 260390 170301 173628 83458 249738 305350 277909 264853 379244 383627 277780 312823 318799 416276 262075 285907 305609 256274 205281 300689 416878 321348 299107 304202 219609 318809 354488 304988 456946 396299 439935 302843 175828 242554 300987 220528 141834 175361 354387 260481 382031 448477 372365 303308 385807 435160 451432 343396 278615 253979 319757 230303 182776 211630 255968 340153 342531 212059 321138 209146 150358 313075 207868 333340 462858 510093 378111 231202 236100 213597 367790 427793 312230 455754 272772 270258 384543 294328 246420 319784 323088 279974 283926 353060 299175 331386 214950 243067 401805 356235 156152 226885 349165 206755 359969 308619 418980 386984 382983 380500 281360 227612 225770 298011 302625 349250 453575 390703 462117
167020 248784 304683 501461 403292 341766 271110 310279 328890 445717 391687 314541 430525 379865 200425 169967 371765 363935 272144 259177 317738 317531 334022 257937 315089 371229 347486 430822 316603 190767 241369 279350 394310 299409 316195 231989 281398 338741 473738 319412 344350 318738 370704 438983 457220 384848 372068 333202 248356 201890 169604 231114 351916 367234 398282 419509 244129 394152 276201 269489 287959 190942 333307 395435 207355 352677 490250 447855 420579 209590 195568 401561 387210 325117 315894 361890 209899 289852 246992 416383 406204 412195 328790 336412 294560 420026 434458 339779 260341 178585 230779 287419 529530 380393 188553 271092 266128 369182 486147 442329 233930 219532 301275 282312 275639 306739 397610 304581 116089 306699 416132 246621 326333 277576 388751 309662 192358 200064 335739 233835 351451 382105 365232 369898 241833 241401 328421 378635 359768 273406 394896 205375 190460 230457 212916 185220 181990 336309 323483 364637 347055 191443 175850 312403 239639 263014 296803 153753 165526 400611 268241 204976 294578 354740 266537 257644 297804 404796 339879 318303 273256 200626 200437 182526 306293 325107 367688 313274 209338 205167 325277 260130 333062 418729 375779 428887 448914 295071 220458 206462 189484 153910 326181 318541 314001 299929 270624 400988 356165 463919 403777 405590 220678 313278 356605 313718 223671 231832 200443 168778 416023 401470 275446 354697 273049 345542 374769 246197 434186 548912 446284 412820 337540 380064 435351 449103 344852 423759 339002 235601 355160 406537 297294 210940 183833 188826 300019 216117 324588 375981 367745 292854 311361 468339 303310 298305 228027 244942 260352 290943 324283 392870 263733 413895 445799 341022 208787 403483 303688 307054 414262 467794 337327 401527
344522 298554 284441 457501 336148 351228 279411 258715 203397 342566 460967 376398 433175 288458 229352 147380 310496 372275 327028 178864 263653 187599 265324 320889 228459 252151 350384 311370 292992 285617 218245 295749 236410 255314 324736 327678 218240 375361 451913 272291 187626 133347 226124 374193 427438 367032 318469 346599 343833 373655 321091 309696 287240 243281 363009 423235 354268 278413 361386 309289 229242 306255 307761 326760 247524 300840 392622 338281 374524 222133 314414 347266 288429 329489 310278 340298 221406 310169 278524 326573 463341 353627 363170 329330 408972 323308 371088 326080 245119 282346 226482 275177 416647 262797 170235 325780 409931 439806 459288 425047 273875 368422 426680 450210 255216 370554 410136 340076 192088 335801 434584 408299 410931 417419 438437 315957 158080 280475 314642 288492 291631 262268 421117 363252 320527 250926 399032 466631 291140 304747 387380 349961 279279 273646 226353 197748 154834 236738 264401 360111 452530 299224 277728 267221 198962 265665 175482 176672 189401 255653 329312 247269 273384 298914 175444 204893 284123 280038 308406 494242 295402 117693 124570 205281 274799 298841 408396 309585 289037 329108 276528 230506 266278 316189 332451 376831 321055 279176 235672 288347 161146 285736 404015 360248 439070 258918 384445 435349 415496 417246 291583 364087 327301 365348 367852 137825 184402 181141 169086 207678 452555 300553 384662 397502 456081 373472 371488 286715 430351 418846 402375 360614 457414 463178 435904 437215 409227 433313 298605 289692 380290 328256 281369 227105 150497 352381 368743 271083 221620 220490 181001 243051 276597 345510 443499 387923 136145 217729 341513 319831 373090 318149 296121 325290 442894 431910 420231 448378 239956 326131 472314 450162 378341 369472
403222 353121 402849 468303 312835 234312 297562 295210 179955 220061 378025 408700 329619 318696 230856 231756 475615 527571 414965 251417 281263 303226 331171 382995 299839 144909 168690 199051 241929 359259 322724 261043 233090 194424 365235 327684 418120 374087 402377 293952 195722 163499 200942 333137 270605 286600 239646 305716 411364 340727 309808 251378 178453 212116 379925 448271 244948 343201 451461 352978 335729 438998 355884 253857 281612 148359 375982 388004 341921 310112 350691 175112 172980 176004 311666 330788 239694 257586 177108 161537 300268 288029 319202 398143 340680 282259 298997 183193 287690 397863 332086 350775 285616 265622 321263 335452 391183 290112 289164 233762 260171 353811 288865 357698 396828 478435 344323 289611 212104 243261 334145 382042 375558 453092 414767 314245 341096 406321 381800 197815 87005 279767 348782 292452 385789 230819 414527 383101 228279 324610 377245 360311 424532 389763 375058 245250 308806 284560 186890 273032 463586 226775 198299 161435 254487 357561 263724 222094 226454 312077 318139 292460 331567 333191 201787 158609 159024 182190 360578 454162 287232 149807 189567 204962 192071 416565 440203 343038 394652 351424 228907 221776 331881 300891 340096 236452 152792 158123 238081 358033 197948 275912 458812 505492 491458 365388 430513 462688 372054 279539 335384 272495 432356 285519 286724 316115 181260 317249 238168 200908 273243 295638 256557 303655 356740 311871 222747 430354 349672 231752 243610 352831 495247 419891 292145 351493 402122 314225 201023 204374 166975 148330 339625 273460 310102 481855 348614 309137 259210 237883 228528 427251 242008 237422 459893 280064 250322 333392 316776 191764 315803 307467 323476 237534 453151 511343 536067 429752 205312 352021 376298 412097 367887 488242
382755 459842 413171 411113 229900 218843 429069 340118 192369 178146 392050 508898 424071 313183 306620 221219 441519 389257 458955 277151 333635 332836 351569 405647 427035 139202 91133 223325 188624 325989 392847 242090 370530 197213 206774 275278 290317 400023 340255 359666 325821 312840 300009 259883 337667 332615 261506 350031 413528 299399 323420 461246 354989 288547 464982 309556 179080 382544 433985 237539 341966 358339 316638 236074 248516 220329 399958 294038 219074 290938 304874 129302 145691 173039 275182 262768 174993 282869 206806 169851 283430 328005 348560 335958 295045 326355 191147 214655 204151 292239 289659 313269 307267 296392 466346 392722 291461 255452 154205 136681 277008 330046 339836 427687 503352 341293 315605 399948 213740 245508 212588 297575 296344 392947 380468 233084 476594 494715 398575 219274 173911 254356 225229 234749 393461 284427 352261 359695 291024 236405 296421 407664 449058 451556 397814 311209 397067 367811 315144 380165 299373 215318 175079 94005 300586 304170 351453 191130 313801 345415 319428 368544 446171 331536 279883 188986 179822 327376 448288 354202 288506 231133 238378 323481 311850 459474 390924 288974 339095 338868 292558 281143 257803 228633 237767 315245 229452 149924 320354 400484 169448 235769 495169 547104 480455 308007 407883 384900 306274 228357 224106 356442 370128 288001 215720 348682 225164 287749 329355 134509 254973 281868 238266 373269 367424 314444 283551 341046 206696 160504 326808 373859 482055 297594 166062 259013 272528 200291 309624 282158 234205 374625 421407 366338 376145 264173 198323 296730 306675 245769 380054 403966 250677 271273 325669 376754 287848 290811 249563 285680 344548 369711 252712 218703 399153 441514 514953 349453 307171 371936 316974 205413 283265 498945
480076 390328 346527 326910 193712 202958 353008 430301 258566 301913 331604 465324 275630 288215 234050 199573 270168 399899 390364 353091 367800 337316 374968 421924 433203 216717 179112 229255 318161 268031 402085 403353 432920 218577 302595 244553 286254 325059 283892 274333 407624 403174 284096 257688 488461 403115 279441 336909 344943 294544 300764 491419 391968 279046 362607 279452 147304 327180 285364 347599 284032 228447 269996 178801 242331 246722 269817 303903 293852 279591 198559 127828 196028 250361 253874 302933 408788 443766 338905 258111 309620 234801 251469 280017 268065 314839 294133 195578 237381 265214 461989 335212 328117 220935 435631 309837 276580 414057 230574 192499 257630 366332 424430 463051 413631 216836 220261 322166 210162 241856 294860 267666 254393 424677 313486 350665 353890 450523 356626 158572 225825 106232 82356 294977 294814 269662 340688 313217 426576 298780 388638 456097 544821 402793 399741 237693 306992 484085 483812 351585 274364 308449 139604 295039 301797 321313 221475 220034 185568 327710 331324 241753 279013 324552 341782 232942 306366 399433 392059 174458 255939 194408 233603 391646 412138 479008 461803 380973 374516 299940 325411 312765 292475 337834 415912 433487 377718 239745 347035 361385 195161 269608 415531 498277 300300 320888 371941 347384 268565 209527 237252 336775 496294 355326 269114 241011 128417 176209 239610 167981 196577 228025 291501 380033 333547 249908 250365 324352 233959 243135 405237 335762 394003 250708 323039 345901 208159 175896 395672 297390 417755 464771 344391 350075 361245 143128 134462 257804 216776 302014 327073 440747 393269 262691 333578 376429 200358 353111 299092 247476 229700 172320 209406 226409 252865 315829 444926 308927 253938 353356 184488 184779 260852 448690
481264 482694 413721 404351 189730 141881 368339 416719 296068 345713 309389 437178 372813 289954 263302 267712 373051 438266 221013 287148 343446 392039 360002 507083 449466 302919 209952 287551 240132 361741 361157 392387 443256 369150 431320 410370 394201 304060 417693 437408 492749 385447 339009 340269 485920 409059 394485 364663 469175 370969 462513 518654 263256 256432 399671 247874 301771 241110 247682 412226 407134 288586 371594 281840 428980 340497 386334 373221 347557 249334 172377 191893 306404 297490 192454 350945 489022 476024 278777 324525 348232 327667 331444 439481 362017 302346 378267 301700 158123 261382 254568 246246 283031 238322 354591 288294 383757 258062 225642 306377 328573 490582 433544 397447 418259 194948 295910 225390 276610 178853 282670 283692 404141 384798 400887 430687 413553 326355 349152 226721 361455 199514 266298 363094 293483 409337 334415 379814 382153 382000 320526 394704 450047 338660 350680 202383 231125 397215 360938 212607 365167 222009 183796 337539 302549 261723 219458 316128 268607 416658 409035 201280 194628 361764 275269 358230 479607 490075 342711 385206 426827 247959 289081 408299 445697 476001 419435 412282 272321 313059 229964 222825 306751 494026 353594 401249 321483 351461 272272 323150 233128 265719 351329 323713 323484 290545 346970 317297 126459 150351 230378 332490 415853 366503 228228 133509 203048 152768 118909 206189 205128 147867 324102 416319 423803 337908 309377 336887 241277 394620 427140 382203 312583 372941 433797 256418 145831 320272 400863 399827 371192 302634 192496 325799 224630 163149 175770 347402 427561 391341 341679 460474 428272 395726 364319 318425 336406 445196 228598 256635 233850 254431 414600 336595 158351 330837 478442 382645 363316 289573 240459 214480 279156 438786
431041 511239 422218 375656 191045 207056 371262 366041 260775 316988 307682 451002 388997 296756 356574 414880 489799 286926 198873 260019 310464 239916 335170 409511 339136 317410 274438 290575 349357 276289 241266 252796 389619 481723 407568 458667 385037 377479 438573 483294 397138 328703 367117 459086 396573 452508 292915 369174 336934 329852 433571 377866 310382 358321 286204 358579 455332 316065 288377 409747 415585 319494 406623 407784 389424 339861 284324 246999 332064 326702 322092 276876 360310 218957 300767 288474 460201 309927 309931 347332 288156 234795 271457 463146 374761 355877 517214 409090 256580 185776 272591 249222 215475 292072 313696 287823 343642 151132 272453 290116 283420 428878 241310 261808 302525 322046 283759 394675 354101 243209 303245 241417 323552 444921 400522 469211 339874 195401 212924 355781 356667 254501 403974 442494 495916 346899 325991 404724 487237 370574 409414 400785 375858 426049 434299 169735 170890 315401 199392 242442 332045 138655 127607 334931 213927 137791 301193 336806 320434 361937 281478 375959 323113 165552 142169 340862 431618 446008 332018 442217 370926 263081 235140 291758 418082 505342 370759 398484 213900 359088 386963 192136 363703 362962 292507 195270 248672 240724 315890 344695 264370 331856 223195 354612 195524 130420 232084 353822 150486 217091 234557 289411 381283 405682 362355 225006 349589 299295 229133 271598 200689 263097 299629 320309 357862 352177 276451 241296 338760 382191 386789 233369 260168 296737 417752 211946 291379 378189 459620 381902 220478 185780 409116 414863 127706 172985 226114 340780 458151 394009 459922 361519 264955 264521 157877 269903 376468 349087 299931 211928 102947 286836 422334 377223 231887 373994 347235 347335 321970 249368 386761 366565 372094 358971
422987 504800 431272 304999 198001 137831 291898 318717 276795 411149 317141 305460 445369 394524 466295 437704 354821 249146 194368 269429 282221 331278 357377 221760 123436 183922 332234 342536 328583 190149 331200 157177 205347 335773 236825 317032 320362 366924 289970 409771 312753 232040 321678 289331 365619 364259 340665 406181 355068 287782 391768 405899 364202 355586 260075 387920 455416 466934 321339 382968 242108 316341 325764 446003 457241 341282 342657 335281 274745 320969 321290 298259 247261 301552 378828 275565 370847 310779 477484 439482 267621 234380 316748 259704 322530 337710 446060 457286 308991 324984 298366 333150 306379 368019 312149 284220 253948 157988 298169 244209 215638 315688 192347 341393 338312 373870 307241 359877 427925 362593 241501 202601 337756 366618 308895 341138 309891 149089 286211 384026 379635 284802 380347 514082 487656 243180 322864 394244 482780 366945 378977 364388 206605 331069 294563 232830 318017 245291 181904 202677 325435 182627 279689 328773 331650 310306 295252 358402 245810 246569 351109 481718 322761 114617 97960 173909 411604 427516 321068 440154 394300 417416 345287 286350 371964 371672 376688 304215 291993 400267 403438 242322 416072 424052 234995 195152 254422 319753 404331 374570 425007 320029 341311 352858 285613 278947 369557 298382 277537 150166 131063 168979 299004 283719 298411 374656 336722 345428 296173 186490 258830 319732 253928 260297 312711 288916 236562 366876 357039 350353 274169 222335 236110 233658 279841 290244 301198 440929 348757 273959 194238 226720 351218 315109 174589 270745 311714 344999 418926 370715 347224 334632 213843 247408 198673 323321 280052 287508 409520 214267 159363 240417 345536 164645 289959 268899 306709 444990 357406 432338 429545 478687 272956 379856
405447 545959 449631 340107 279845 318850 373402 403915 372447 364244 259809 231443 370706 365787 342971 386568 261984 338785 133298 197241 297703 206177 248007 170448 109547 201333 296028 340041 258332 384429 306025 230526 214736 304843 283165 442944 457721 255643 309139 294279 320366 302743 196688 225924 344409 422435 291437 367952 225943 355657 352963 339732 360306 386016 272398 374787 467274 286889 257763 252401 192007 365777 277181 459832 401767 407393 357005 327406 310381 233821 280043 323277 278686 332718 270841 326793 371940 396116 434316 241734 233724 287472 269357 348692 340783 335967 405221 457128 353014 307070 193660 342179 375754 338971 387421 300717 295195 213408 339108 240467 205270 348218 376962 348165 363226 329404 329232 325239 318981 254495 201445 401374 442611 303749 269767 395619 340660 240643 342351 281654 323338 281333 288308 506390 348526 303024 283700 287945 447938 377013 288681 366207 160015 224142 293556 358748 349654 334508 200629 287751 305725 320599 341343 299399 332862 384904 328258 281293 179450 261715 338714 457326 264098 95729 72481 209539 301231 250845 220557 315562 353670 373243 143400 230081 188078 375871 347291 416714 316583 416530 335205 239265 295751 272354 178810 168266 375359 302895 351851 321604 333017 375764 301339 437256 416507 461872 401008 354125 278640 203754 294271 292327 295730 217359 330755 339211 284783 287083 306268 394126 356825 310319 376839 156096 186478 111947 341430 222378 264791 288392 146217 168875 295401 164675 174644 220984 349198 252865 199155 188797 175705 248723 205279 211582 208789 264881 249842 235349 415606 324997 242856 374563 304912 336191 284806 380386 251187 338936 275243 260985 191942 335352 280119 294463 299720 313243 262367 301212 231694 363641 431194 429059 480717 474819
380517 449824 291323 281008 308342 348575 381577 432941 380691 283435 344914 340718 336222 238884 213594 169302 238716 298112 254488 350092 336851 295622 233016 197724 109914 249002 328120 284748 472387 445770 312054 336573 326979 334793 353150 498825 472986 285695 211393 274594 348330 254504 192012 132531 288087 373882 425470 328858 351891 472082 399215 427057 468192 409099 336863 501220 464181 238952 365718 227620 370235 430829 423635 321827 363693 202899 292047 339616 335960 283073 252198 417897 376823 229412 322610 320916 384495 397985 396561 205022 271060 398934 408732 368460 337869 362161 294168 330432 260771 281105 259631 210695 313327 315681 176785 155371 293593 235627 217109 218229 301111 378368 406339 323304 181832 302459 275949 226432 212871 320713 324826 478399 418127 317160 340092 396126 221978 345552 335049 388503 395947 382453 413990 465165 292750 318764 248781 258322 392532 435034 418261 269368 301863 329944 336812 309162 204211 330279 343753 396643 450504 383023 448422 249868 164294 344315 276753 285099 168732 198621 319370 439956 321317 171641 126947 230265 230968 213304 200928 241514 472987 316645 288496 275253 301232 335535 319053 218816 275233 288534 366947 293073 313531 267165 223383 380268 436157 348253 323842 398952 295269 285606 368472 423751 461973 387869 473429 425518 318393 336780 283897 244821 215438 345499 397711 391625 311253 392239 304011 457813 284641 339080 289872 225411 163568 289802 298781 285685 256814 401601 331723 319623 357528 318422 233390 309484 301314 270524 286291 267299 203716 350350 265303 253616 280719 291634 262942 357881 441663 263632 387038 386048 281587 369099 412416 490377 447238 283710 303384 284503 293753 321224 344963 224911 249854 197699 215298 261252 290123 350771 483991 464832 523898 569114
383851 433578 332485 397019 322507 409478 409179 446406 356462 315934 338400 349733 187378 267175 191906 184817 263124 320882 364731 413802 448674 399460 252982 296705 256831 326921 351465 274543 417497 376585 358854 373194 382926 380049 430885 388089 504814 413347 255689 319001 335639 274704 193838 324167 294761 386877 320716 399639 407982 448057 358927 377107 369045 359930 351374 437035 483691 365203 330490 311115 423471 516913 326198 294525 270855 369529 354406 419002 329447 362392 308592 272036 351755 374437 456364 294402 285526 299252 324918 296139 184698 314612 355933 363347 301165 353076 246193 300235 249094 325652 327422 298407 458351 427966 159712 185878 377285 246158 369637 238182 388873 350397 360741 406257 367475 311764 283069 203093 268372 389879 395240 352610 362476 257124 382923 301860 295058 378175 359134 339558 226586 304184 478489 395980 243350 215983 198244 232070 300551 362703 351544 210309 313504 331889 352029 285259 297541 327919 474718 420991 288276 235292 390714 288968 343369 358628 381242 219058 234816 264899 339218 518391 367013 218873 280181 289929 277660 261836 136881 333698 298242 367295 260647 307959 408704 445683 284495 264294 266783 300697 385091 464590 476715 343542 341618 374742 417767 267802 325048 375063 219755 368055 408055 445113 416970 387795 329171 404866 408235 369134 188115 317496 384114 417679 453125 320050 340528 359645 409956 353183 394044 346983 279050 276507 204906 320199 279068 376323 197869 336317 437130 361007 363797 364506 312569 197301 206696 382216 335582 187725 254849 331938 395359 388036 327178 209564 287640 507156 361941 322754 306417 406772 362766 304507 431443 433297 285868 267196 295237 298142 332032 415095 342884 247176 340421 189778 190649 269081 338251 373900 417810 435853 510856 425566
287852 296398 190283 175407 206162 234310 306818 389720 480401 391493 274060 228513 215488 207102 213366 336936 416516 362165 355218 397188 306958 394483 341412 364988 220343 205079 217989 330752 265951 462349 475179 394613 281367 260708 402101 349320 402713 448085 285799 300735 292700 215243 309026 352936 403818 257309 323790 421194 380025 209516 211515 300145 296001 306226 288529 402638 511287 451537 307229 340929 314246 283545 216987 229446 247998 406143 282352 334038 344092 391212 300841 164767 325048 477874 317677 306273 224826 248760 327399 268835 241715 211725 445087 263730 213974 353098 429140 484993 339499 423043 398422 295294 444022 353235 167321 294794 257935 319929 260167 328844 431982 319662 360881 452210 428077 292974 362868 318401 232311 289048 317381 364719 345173 218044 199602 214991 313235 293444 409301 288702 270158 351009 475387 338166 313980 363134 327899 258498 179115 212533 316247 268982 322378 326801 352285 451358 271212 364042 503919 404629 213020 301677 322639 338048 422815 448559 252356 307388 360338 317609 328462 359652 352428 335351 347536 236947 192881 247957 304178 302517 358510 301572 376381 400747 444186 324950 267516 347156 262230 301893 307772 426370 389783 280811 365801 246723 225958 292143 445374 323357 375335 421602 485042 398369 357622 293043 280723 316442 432003 450758 360173 341462 261171 413177 409392 263120 312661 396670 412327 282212 316378 412546 281570 395478 303574 331365 368343 364384 291983 183184 296585 200086 220121 412236 305837 217588 235347 379424 397323 222003 226252 284378 442753 450641 341164 80993 221344 310876 421352 336763 349387 419666 464933 241990 285315 266725 243773 225237 252234 333324 300999 329308 343819 271794 354569 353408 327177 332603 474089 343417 251660 468435 417480 321753
236719 218804 165520 165772 205848 288804 256566 298770 333247 243665 259146 128807 286233 206301 370814 398726 357404 398449 359867 295349 280027 395855 367034 324177 181294 213578 357963 278928 324824 398354 314664 268934 280107 185689 447456 339736 289306 333714 449125 440755 302991 234060 326317 221603 375212 204638 376760 333611 279233 188762 189987 169343 184729 185679 234760 524614 546158 480089 399358 337646 245757 159200 194532 265968 300391 408840 357146 443875 302481 334777 209897 252927 270980 280017 321359 332652 225180 282547 284806 345345 318243 341002 304025 311044 263784 427976 476046 423017 306674 467126 401399 384642 304518 313782 204891 269765 327898 260984 192018 403761 234157 287099 310142 409633 455688 397165 337406 339053 305359 215081 365933 371005 411558 182079 187073 200184 221348 232276 284333 345530 416175 416981 289828 268391 259349 325162 421732 248874 242254 235987 444724 437899 360050 255348 324386 415763 337729 397170 418605 298071 371978 453777 230578 356181 292129 296796 240983 445423 492389 309044 367317 317147 426768 472938 367966 223865 230190 294245 288030 304800 414944 244320 384143 327494 318324 257271 304700 356492 396088 394442 336859 413060 256447 311311 409722 243187 223801 382402 418511 295877 342639 308183 326217 424580 362221 331130 396337 185496 300728 502009 464018 372898 227397 313383 372198 257835 255416 385318 365481 286709 289810 361934 249904 333671 312484 274634 439022 450184 343036 312960 233016 224331 369276 322241 286788 229667 319194 402680 410121 275154 188129 232698 356180 452278 237721 202315 148836 228529 347603 431645 365015 418927 335939 290191 272938 297554 210834 214876 252408 358110 236034 347634 407938 427618 336739 350379 225696 298826 383506 256728 211218 396447 364790 263434
280347 305610 316672 276004 382148 355004 351843 245127 237103 336307 275799 257190 283683 306173 242843 321303 218418 299178 397129 264764 282895 282313 253482 225073 163179 385864 372714 349509 387479 360994 236409 454674 335864 371935 275680 359818 273345 205621 432642 357184 309204 369300 249908 329452 263968 299012 223379 312928 299836 168458 202624 191849 270746 167370 238666 438663 463462 452011 500047 334947 237223 189721 204467 296499 339799 416682 309513 430817 343243 286183 279189 410539 287525 299337 385864 323986 264152 369517 283464 362672 458682 349364 405484 337367 254700 395506 369790 312141 353700 320762 343794 226841 245873 384638 251234 213658 229041 196986 204898 317367 337441 297636 263822 279133 398205 377574 355320 267055 272178 176959 345846 324793 395675 231058 252713 327762 236707 137876 270666 210285 355995 281983 324630 339563 398235 352515 386963 194284 303807 417011 358678 425233 371274 420191 440405 414120 408831 256480 296131 365991 501820 451918 325701 362466 324959 169649 242310 457697 438352 288886 292721 323180 336149 309649 200603 279302 287118 205993 262119 208302 391537 327655 248118 197296 222488 365156 267200 265205 341944 367942 353602 296103 255508 289438 313720 368688 329476 466660 253456 294943 224352 155559 308659 414409 312329 408177 297990 186744 381825 388329 455763 290712 264751 326691 342306 280873 209770 263961 453189 342750 408160 360597 266381 227958 158153 267030 325958 330709 397532 408763 351064 316266 396909 361806 393575 394289 328966 367752 416883 249760 177897 146133 265699 298803 262959 301980 271098 274366 276027 362093 387082 310160 407388 362596 359896 358334 359484 240507 183337 269381 308529 505411 435399 437270 279245 270071 300355 378728 493671 371942 273942 373704 355850 328440
246966 196981 371116 418387 331491 374949 437179 317770 387186 284839 263158 233798 228177 254738 323488 402961 266601 324715 431436 264581 308261 191303 301387 175375 351064 449433 356033 298330 319814 304122 335367 410783 417431 383719 284665 404860 364944 224429 313334 281370 251314 424578 315485 241690 262020 379037 327176 454907 427530 175640 238572 278861 241545 199136 283425 374664 345857 321642 456393 221796 320161 320844 312140 245682 280527 266092 206936 445761 325819 246505 368403 371849 410010 302208 269412 161406 198692 280263 199873 290270 417272 422631 413501 333690 346691 256402 173167 192553 185488 200280 133101 162777 284016 477104 370470 190804 232421 250866 159204 388414 472358 293517 408910 320255 410555 291888 320978 164600 185314 184049 355733 381548 323595 246386 334612 366018 252633 247283 328139 274373 224646 211436 291045 270991 306513 314960 364992 222140 416490 348246 292123 352520 396724 373675 351622 404551 336151 140164 282415 478515 465554 454761 333020 341994 330054 204818 166629 348854 416558 237007 244003 214325 153747 86445 160222 326127 284678 253732 197117 306461 430965 373781 266916 244703 347499 389296 293668 292421 398006 475817 408098 187838 192440 134292 355266 345287 285469 321362 315825 377976 312204 340029 434036 393714 331109 270285 221889 238159 371478 357392 276694 265994 351923 290033 267437 222418 127894 257356 391575 336082 285359 328797 325200 253848 229746 317034 286489 203155 291825 462898 261533 306897 347149 508856 449991 425726 312188 416735 322802 133969 248531 174165 284779 228258 440539 472654 367634 298836 214431 259197 244522 368986 408134 243144 300458 302281 369815 127561 124633 129066 296876 416528 323168 363879 476350 347538 441639 476432 538420 469162 427942 391987 489997 399609
270532 224965 379627 361960 286126 272095 324395 246966 228968 266210 281450 332682 340075 372954 426872 283967 280387 320557 461045 321115 402297 419541 314193 339373 432530 446253 368282 219510 270259 382355 401672 317005 460790 307968 343560 332162 292307 251722 432813 311265 278464 423236 317271 277709 357603 402681 283896 439384 280657 175730 236009 249994 347694 252052 295981 386348 330907 261283 352768 259622 225240 361724 285799 182818 375072 306645 244391 310469 142991 280226 304926 279318 395885 292418 269840 191999 237965 235677 291901 285291 415370 325683 453524 371125 362067 251264 234988 231558 284392 153334 142651 161364 316581 368601 396710 354200 323375 374143 298848 426177 372992 372003 385183 491218 412067 390750 317350 236825 284121 297390 208426 232935 327722 325159 382277 167733 226877 162708 333697 351607 290489 258606 376599 289993 381236 446550 381539 393974 328011 341862 285307 370545 360217 248441 205551 415048 313842 255987 278068 330293 408139 310354 237291 200659 301498 229274 130778 192986 259105 328941 367982 311890 263348 102731 203684 278591 230387 302399 192217 328836 289485 440484 355829 374749 334275 313114 267008 233169 464160 422700 305468 266135 148153 167151 297717 322087 275331 374037 430625 378006 427106 486977 468119 327089 274282 258649 256843 322669 366551 366599 230848 312330 291619 364952 417340 206460 165201 248528 414549 389090 272104 273948 259048 342833 271167 427996 358273 185001 258013 420988 324703 339927 285727 375984 440901 385507 470044 432824 319305 360548 272848 326385 239714 319465 490698 433367 315496 184669 208432 271376 315272 363702 249414 238356 431374 403894 448614 216115 166358 232922 320955 390689 194498 325710 328712 254641 465788 471231 453648 439988 322338 263128 260806 285484
242963 177837 292742 243630 236905 246890 223846 154865 144555 239509 404500 366709 511001 528168 336279 173418 157851 350465 331857 374321 459279 405180 292030 392555 341083 437674 466295 308960 388145 421984 345915 230690 385765 374595 258029 265192 247453 322692 257790 287813 279930 317407 285238 422035 420272 285597 349768 310327 266781 249915 319505 361006 304192 257127 357658 435510 333200 338374 307157 338771 194062 313214 312752 345770 439528 418551 345653 247537 192199 282671 304229 302480 266422 339107 220380 355697 375677 411476 328490 425149 366235 341553 426731 393233 422552 459699 397109 348289 414872 179364 296732 369022 274007 214092 253376 226518 332503 338525 327272 374985 330041 343382 421589 407826 458403 508847 444438 396119 396168 413708 301084 283332 412938 481113 302703 333848 326826 315666 377659 417801 340383 405027 425665 366760 451878 495730 495234 369371 425443 259741 218723 289919 394814 259552 305114 334521 435542 237430 152101 320731 327075 219574 237051 166972 273786 237983 258090 239530 275227 390185 382767 378175 360458 288151 409503 318927 291673 313104 295353 126843 292511 357476 235960 205698 260979 283495 147164 247263 456552 353782 195157 256364 148396 109222 279716 265903 357284 456972 372686 330135 369187 328852 367169 245160 181895 315200 359618 353903 340958 390268 288930 194800 139294 378643 272923 299163 201829 306678 378807 380405 425735 313595 380551 385910 272218 280585 292140 321788 401081 340489 314923 308012 333650 387278 489453 454276 429409 389765 475254 362566 352816 270886 242761 441655 455072 467337 231022 238502 293979 330813 384938 313074 185117 347368 410636 313832 449626 331045 290845 314061 334039 267403 217236 323370 302294 287321 436340 412744 351342 448437 301818 199813 252385 216766
159124 193391 185956 244893 163354 309471 248987 267269 190207 319993 324960 239402 491986 457636 254244 115010 274121 288070 375630 465233 427537 308178 319523 359649 298310 290436 438770 222063 226965 220991 345204 239624 510666 400913 149315 129544 334087 311926 327206 300963 316154 273236 346605 484876 337244 277724 288760 328518 400404 390688 310554 236778 206162 206570 354510 483006 370836 453194 322276 331270 191912 281470 279027 374900 369025 339865 323354 249627 174271 311515 356237 387323 306060 370072 243811 258489 385922 318705 230246 386128 249173 344372 492207 446659 474402 450134 414766 260285 352184 348053 426774 441685 184980 174646 112571 244471 431426 382933 309475 359690 367049 309475 410586 425848 426680 363197 319834 350626 281291 401946 427749 330013 377717 294544 211065 376153 386303 343544 397343 245736 237975 352015 455709 442727 395799 494976 360700 319244 456465 309246 241596 211704 268474 258275 264524 352518 364929 144793 250044 316464 210244 243551 196433 284574 377794 391959 440442 385224 323094 405538 321003 226790 378698 362380 420528 240073 304006 406219 259492 277948 310715 305289 228224 369045 433514 296352 342107 277515 441188 392159 271869 168197 211680 352659 334671 386212 471115 330854 346107 351118 259331 347978 401085 316094 185085 286048 360488 303791 311849 421640 357382 186881 337898 322334 300039 468062 313106 311543 382514 257088 362477 330924 452700 329942 414790 356693 335220 497710 399583 218988 222632 402544 471994 497194 438066 348800 347563 411122 341349 429062 447320 340462 345751 389187 292068 343818 223754 323369 346894 224839 367412 291069 392160 372016 226833 255096 442699 475581 379958 250968 297858 186329 278769 362676 399010 302338 427662 419479 354566 256037 206126 259654 231510 312936
246215 283143 367051 298546 256887 337465 353716 382719 346079 306629 211820 260058 528603 503692 235796 256754 404317 309103 452230 457924 351162 225687 312266 451104 426209 352749 360683 326809 127605 290199 236442 354383 481369 375393 195632 198005 292562 366022 384972 288673 342685 380256 424678 448446 230398 237955 133203 240692 439610 471378 205129 157914 147303 169698 290866 342303 321663 300358 312455 220053 315233 289888 263129 325792 265632 346191 256296 288005 344930 373125 339070 380504 429853 397231 175733 215164 473470 315449 271380 362088 247305 408671 392290 254010 373339 319871 252047 363235 330589 434160 391368 372554 287280 194666 253215 254614 369549 306917 237738 262299 318807 422966 371111 381583 317145 189526 254828 299950 291501 379226 456595 351000 301845 196225 169138 334561 381107 251985 365494 271467 189234 298380 298598 359347 338903 403416 311037 321008 425859 350792 335658 181381 251090 265034 332140 382436 249865 236842 321765 272116 337038 269279 282897 444168 456698 431298 406049 289592 273223 425177 410574 331981 348076 329042 223861 192768 279787 280532 332261 276658 274736 190393 205394 390566 232980 347929 394408 228979 302612 342726 245278 251540 318114 394893 395991 478363 385469 198081 290395 224781 323127 309662 442257 317957 166574 227024 243505 191361 258295 438707 303504 317171 348141 239117 415634 491291 404606 278187 328392 359932 234849 276502 222269 278377 441177 402723 313292 307555 338306 309562 259259 394582 501193 354722 337113 258884 385784 416849 352187 436888 432296 438776 444419 298062 199064 287485 159273 370988 370933 349540 273347 274370 473203 376834 162289 357363 489025 372094 320627 416763 290887 313350 346306 301771 316466 182133 292997 413111 396872 188714 345242 378743 315725 369824
322287 326006 411771 319299 328740 430435 473339 412994 354287 246270 167093 404469 454882 448428 270359 388321 439144 348164 333244 363444 388414 323135 327659 373896 442206 432566 429963 277881 273759 283510 263687 423824 378866 292702 339305 138713 236609 217124 304704 255007 287022 202394 345961 318343 348998 240641 130773 279956 302595 385736 244912 203672 167195 346350 391932 237233 256855 235505 321630 232099 194247 225814 300184 385519 397963 374642 305477 271980 393961 302746 350800 360829 433297 333872 319725 289754 371829 291624 236006 384539 375553 371240 233154 204731 339088 262572 375407 367556 378153 259294 305006 268123 189943 248819 332557 326161 289269 321250 257501 171804 352887 346125 274019 292072 317150 295117 178280 168813 187381 389886 404811 240217 262107 328690 255402 313326 349282 216992 408987 277598 239491 241244 271103 225758 339160 313990 348720 335058 304468 303256 334750 238272 304239 360410 389056 279289 228804 418881 387605 493534 420343 288628 287990 398791 273044 360457 339801 202523 300113 303389 474767 315481 397514 363816 155901 258439 204152 397109 318728 319934 256432 274269 266909 201809 241243 343197 352993 206758 235441 260097 343894 267422 313455 306690 420179 443972 376512 245949 225573 356048 377793 331757 429875 284890 226180 427145 412234 338220 405565 385527 309633 268585 264151 298065 399997 516719 419440 372707 372569 337197 284367 125060 158507 264901 395541 428125 358855 189261 285624 352895 373888 511293 409566 255681 303740 230089 363790 403302 431557 322822 418458 475190 343065 277995 330880 200325 247269 369725 355154 403170 178367 354076 509658 384876 265853 417681 401711 293871 305646 421502 325400 284793 457143 395605 249416 216611 351229 372998 417922 349094 469299 336451 289041 370221
309169 255146 403403 439649 320715 343858 312363 371250 316158 267692 325761 395001 420566 450502 308249 335368 445240 281493 254654 269878 393756 262277 268422 233356 411541 395067 412710 368412 326405 261483 356086 387469 131781 283683 246042 254880 268494 273392 342096 334232 268862 221379 272308 408467 345974 275620 298527 321541 277051 341722 372666 338839 318628 383271 272783 263712 258285 219409 267988 267720 169487 179152 351676 404413 372101 311848 352393 199390 330502 307234 367341 315734 345117 390555 469314 405727 330945 267952 288409 324623 338029 324800 168538 218643 352864 320824 452367 442421 416191 276326 300763 223356 201988 248951 255294 243611 286302 131333 175019 234420 285026 242082 303699 336257 348036 378456 195658 191827 332630 263055 366341 268271 331854 318019 366972 230354 240991 364858 278544 207776 187852 313662 287637 287060 284220 161738 165529 261040 268952 234348 296685 211466 218612 164867 225826 371723 399220 381210 396476 442143 441424 432022 397258 407772 258084 363301 297701 265073 308664 217614 337393 235985 411963 358705 315015 275053 273913 308785 215405 310405 344977 334512 276385 187777 198457 209922 315127 189157 229371 314112 464544 322433 265914 380673 323796 307255 281518 200120 226686 337411 519028 408096 235854 120337 184487 430494 429169 326100 403993 378825 292129 238788 309384 321049 365135 309573 457019 396066 338773 366716 404825 257998 143970 261538 309453 378830 357548 145347 244853 180185 405392 378081 319226 297964 306912 203270 365752 330077 386277 286363 347436 391891 310996 266287 334314 161757 305911 208979 318044 368621 241342 465795 335252 408609 332719 302476 399242 318070 418962 406773 353566 264163 390732 249146 236936 226775 378706 272975 365979 361612 294681 233939 256925 355932
278734 331940 390888 306537 287206 248340 376808 439446 269677 376413 333841 269037 441570 352166 264702 242732 345755 393321 434528 467078 312315 181101 328285 312298 298027 404873 396430 440153 393261 346762 407688 382060 344890 248060 151235 253924 270677 141806 157517 280355 177476 217714 375648 286356 315016 284082 302806 293410 298003 301030 423721 443851 355348 344297 251604 247560 269518 171875 232124 211184 239284 297618 357869 405225 331925 250844 295005 350053 380445 283781 271271 230184 351288 419344 402802 318612 308498 290556 218079 284859 293935 244662 261561 381458 307914 359047 413581 425441 279518 205542 106248 99500 177016 215626 219565 385110 313904 148275 175884 233729 232298 241851 321769 241156 284361 345425 300571 324451 337687 229460 370580 414340 327515 329153 312065 196717 385366 309258 295058 124114 230120 310671 334626 301825 334874 147171 184654 315598 317655 306506 183795 320424 290499 194049 301079 548680 459134 465839 483376 439305 359371 443724 456036 358603 376280 294604 239426 300738 181239 251281 343624 300476 410261 413747 361480 265663 271718 281756 294135 402701 416992 293802 195165 268860 229144 265261 251109 372350 422109 425627 462863 185281 268221 456541 325340 177629 163637 275552 175244 291370 465184 353809 184511 86238 292651 356745 323303 297601 268244 362367 350011 187660 296477 316937 360346 302544 321334 218455 326434 421385 491451 263603 312097 360476 369448 446114 307292 250978 334036 349798 273431 233021 255449 292176 322200 183518 236957 267833 288959 390942 290907 411762 352184 380856 281804 242620 287114 192943 397281 285690 257184 215046 213766 390696 242063 177882 194575 344114 294134 260312 263231 346388 295220 283677 207700 370308 421083 217433 186756 187689 255671 329493 364695 341576
290827 343888 328933 280332 288446 278837 344239 328888 445153 433629 340486 275378 450191 366602 451176 263819 213891 395922 442807 409043 291039 344995 450511 266382 263824 447813 348067 360051 437937 394225 331433 329193 393853 268749 215168 416117 478403 260803 274423 373338 295263 302565 305176 224611 298986 161593 315540 335059 226534 270510 303667 320144 420402 314051 241080 195776 221654 355913 209878 220135 242493 379148 371715 394022 433259 235191 371965 361481 216671 305639 219678 294187 330186 215518 312201 296940 354708 368136 353212 400688 460932 339485 448452 420983 388200 359381 307896 375176 274460 278118 243325 217637 241000 296894 302506 317669 224191 183242 174136 316338 454736 331086 430589 359058 274942 460988 425238 411162 375226 301999 275031 351326 328723 335639 338035 371031 302868 223758 326817 196374 264326 369396 382829 312529 348923 147477 263929 401278 339754 263274 377722 394811 289267 235421 417290 500490 488680 448361 391860 418105 260434 291277 345150 270381 397736 264500 367349 388124 204346 267685 339037 402090 351045 379640 275114 268098 297273 368199 255534 368691 381405 303830 219078 314049 413483 345754 242955 348335 432226 349363 382738 275567 359989 332766 398933 290784 282381 294794 192724 393024 369762 353120 268410 217378 295665 417998 313231 433920 242499 249856 324864 300025 392558 259951 266306 220150 210111 296180 458312 449508 382466 269202 292221 342500 261436 377497 230105 323791 392334 271204 200941 182815 286844 304528 350206 255411 266280 301441 211126 392102 370942 369545 422736 470088 239515 288553 309719 283430 411989 270698 182645 115254 192865 305722 212021 96559 238334 288978 223233 172684 252673 418761 428130 343800 220499 417734 427490 234005 167866 305872 358439 362809 247598 195670
202486 292246 249975 296160 392749 324942 293883 323474 476573 435489 309329 388408 312881 367741 304620 350535 246536 445948 516997 467128 435533 435575 319935 220029 238678 377977 338264 423929 363993 459132 244969 274760 421682 347283 278993 469809 454406 244534 257655 305518 402006 368787 316963 350902 315264 270467 375180 357380 365968 294266 264709 386536 419585 319070 323137 254508 327207 250899 279050 289605 421141 480240 294170 264512 323339 233376 422380 259197 345538 276900 326671 450608 422233 344162 296633 329356 321030 217586 266911 349277 341845 386433 425151 517719 386030 338628 319507 298262 322884 278951 297031 349875 337973 307925 167565 234949 314232 322966 272831 318107 416299 255318 447545 408051 261811 322835 421622 453239 484577 408073 262345 272166 178224 313156 327416 356112 335520 161483 262196 207235 297751 412494 434890 304542 256088 262115 371799 400267 291328 388924 420484 388007 139450 260737 338576 487871 478477 356827 179531 309883 138930 193345 297355 392730 426073 288962 355368 360591 156690 239311 380392 442878 283762 341701 307722 271811 205658 372547 305041 443358 324551 185830 153764 268505 369453 395273 246142 389153 351035 267427 360086 388019 289075 285512 381888 371620 399358 229715 333310 411247 332849 280996 237759 290361 352769 388617 341186 412692 301545 103793 246013 409372 468223 371648 267698 188492 288120 463735 496692 398905 374929 280795 261379 249613 412469 455343 387659 320075 205450 157124 181531 317532 407882 503374 430763 325737 221894 175905 234608 439922 431638 459483 422992 390103 321070 278647 409125 299470 426518 308696 233297 232042 248048 361659 322200 182661 239229 357618 259429 187489 177198 291831 341419 259588 247593 377966 361772 255414 206732 240921 250002 308328 208025 155433
315108 296213 217894 285866 262972 268234 354447 402152 381164 393285 318389 287176 340840 374071 390424 417171 388801 427911 414203 424659 282269 357035 238267 206852 296424 342773 393781 386591 319117 241348 218205 319134 442268 399524 449719 391896 398945 185422 216633 174821 237907 298051 376235 344281 249395 148123 289425 291679 314264 216275 320045 444453 378776 418223 364906 347610 307365 230184 201629 294386 449787 276861 157918 207197 250911 234490 293940 315931 359309 390227 471176 478792 560243 451445 297664 508220 364540 157858 179659 224036 261722 269691 311690 365613 383356 310709 392727 393772 431515 360010 391806 385241 470652 292990 245410 341389 366974 482437 287357 320698 441679 391413 492648 403628 344858 296933 266526 367835 432702 355095 441325 308462 370195 357109 320014 371630 335292 152903 163241 174098 340956 409021 408297 231494 324345 286200 411078 307286 447171 451744 483203 417811 210626 311695 219611 323166 447939 286278 258559 253252 304871 287655 458838 457478 364142 233038 232516 257321 181931 392564 406778 296531 197777 317146 466286 360133 381247 301773 392526 389698 206136 142848 249238 284741 351243 286178 323604 307045 362921 249815 390475 240435 297211 240540 314321 239196 305002 330106 405614 500312 404826 235123 295217 302124 420988 336821 341185 313271 245778 157111 353790 550512 530272 500567 271520 288872 462190 439874 303905 361518 313005 323966 200401 217724 449381 486200 427546 202178 153058 235783 253719 359316 418560 348426 322758 255828 96841 166669 361123 378847 319513 323455 318174 323392 374706 335247 259699 311840 262305 346964 270220 394894 394685 456906 249233 247539 283241 335396 365069 165199 130035 187044 289067 214978 241254 338741 196295 259942 275550 227049 325318 335884 229824 334211
375270 316558 204772 338240 175437 247285 468160 368933 365966 375740 240891 141709 311445 413731 391159 533504 385108 404866 304672 237354 268677 367443 338368 304548 366485 403497 492864 350420 282876 219098 329861 360688 395575 423389 365152 285473 362190 249167 237681 197516 278471 215486 404832 412061 239829 304408 300141 258427 242134 396809 469449 446699 320857 204740 184921 318576 253303 340135 215611 278154 310203 195105 252420 233884 346962 224326 302696 355337 387723 472744 433618 348365 514956 407381 373240 394007 284198 251152 287084 194129 311251 179305 215339 276245 210357 203990 442477 404997 371426 384360 385383 307975 323410 215051 228663 191281 307610 364987 281644 356741 477102 463013 306980 426367 443193 313662 278929 267494 258098 259838 275189 351230 485360 466611 460219 353497 279675 255601 164576 313341 340049 387356 247331 314750 315636 347337 344081 411819 309203 356329 482081 359695 392005 304196 218870 326189 222954 235983 218760 362305 315850 415586 392105 318332 379797 306724 314491 343985 198944 328994 379257 175145 181456 270608 363903 376703 252453 321727 427304 304309 186103 247669 153146 203616 258059 248857 352557 242746 264189 347805 280901 233152 302537 236034 210331 216652 189590 392192 343855 353157 456796 250427 347080 312278 206135 281471 192699 190060 170926 208625 418278 441520 349070 293014 214592 267611 337572 258322 220651 289393 365332 281876 234824 186688 391690 380252 408696 313604 283277 217871 261116 338303 236580 301704 341719 182852 162414 306227 365255 301081 289019 322472 295446 262413 399748 367626 316832 217858 182352 360932 285844 319788 445030 328411 267902 394765 356257 341383 282441 181416 208994 274115 378634 198589 165452 241098 250761 356371 201295 328003 345367 215037 217020 408365
369960 346379 352869 273794 134774 330040 428489 432573 466827 391897 217049 196575 270482 188869 333623 290506 271991 247747 233223 292503 270965 415755 417772 370547 199303 397960 325638 328400 217433 324813 388073 417105 394347 412104 337625 304361 281042 253250 264475 314990 406224 308711 319023 349950 265653 296247 356758 215584 161275 372287 385898 362746 393526 163725 332012 321853 303855 411439 281693 174904 153801 267714 285602 308719 354876 350966 238319 207815 292928 400654 318885 377734 490919 498691 394211 388560 240038 436063 450614 377375 277889 158443 270870 231439 116947 304157 227652 209107 225644 341528 336325 228692 187932 229474 185128 150611 265718 360473 469488 471583 463140 373440 245130 326893 300084 219262 345026 140679 259241 168955 290294 303695 442714 326135 294764 297720 326740 223015 304567 317568 211049 195531 327257 266649 424307 463024 480065 385091 218557 282701 412221 408957 376024 241376 248897 294795 260096 203881 342366 350572 277057 462757 376330 341344 366661 216063 406973 334227 245481 318900 350828 194549 298237 267204 392882 271501 347755 388253 329352 317360 329729 270871 256486 336617 307458 436400 296108 222691 177900 235099 258402 278934 204445 223147 298290 202621 302794 387004 318486 328479 268350 244822 312961 333408 343310 382143 318776 294639 327670 380925 388172 378861 179461 279164 212006 275398 160586 208375 225728 336445 336084 336182 297350 162274 261560 367627 434503 494760 322788 268000 336858 390830 336916 311207 385319 172167 210592 181407 263076 260116 412057 444611 320679 365454 315662 301883 191304 88216 169076 333241 318131 352357 238829 229780 357086 428258 444970 339013 266479 213427 278034 317612 401852 249620 160102 239174 305298 272067 221532 437521 464682 357903 159399 278778
350757 385090 470013 278831 222135 454092 495151 429328 313475 290821 241089 227423 312207 198103 251916 260197 353037 223665 381529 415576 248304 418656 341154 288481 317859 240825 291961 399801 179549 311977 225706 319851 363741 419567 305893 335567 221939 399876 370702 479987 451347 399053 344104 356551 275612 294465 413030 265447 306768 276800 319719 274490 382175 238575 300658 335405 372977 378806 276676 122497 202050 288247 273214 289520 311129 412518 313761 305984 471206 364804 272030 399377 360220 443411 469872 313421 290761 426351 523687 382286 310532 173570 272394 341377 253919 418520 264810 221326 326228 374795 261621 138800 289242 290463 342930 243818 263071 345346 406444 330907 341532 377715 161417 206769 285957 369963 325524 343599 233104 394778 343700 366254 276873 304435 285602 308672 321239 276724 357803 346998 247909 318609 235049 268831 367263 492319 475252 335430 298585 355107 380037 462295 391564 422926 245193 317454 224639 182267 337523 356652 280381 436602 473932 346386 400332 354639 417276 361649 309290 264096 267018 249295 362101 286044 221961 191456 281050 338208 193654 392194 402066 292218 339269 312100 357993 389059 196209 305104 279873 242347 215685 190364 173772 277818 342616 364378 365266 263249 333920 314934 299583 268671 310066 306286 408373 368506 409756 449421 407495 467622 318922 400052 297507 325485 386298 246513 199466 311508 322540 380399 413338 400910 241568 163538 334500 472066 461521 476141 334645 279320 231006 381256 370880 255417 245681 184562 159988 249004 215878 292176 465909 341136 384983 434177 303281 306687 184093 149240 217317 279997 490955 462101 240055 215412 338465 315148 330673 373382 289704 199392 330109 255277 310419 359381 368121 320876 382069 315586 201946 335593 510072 395840 214156 208058
208182 173766 436542 352636 388680 496650 412399 392436 276963 346878 274495 343724 263735 162670 123553 324318 365401 299157 330573 267056 226922 311906 194087 331668 226203 151007 275809 371034 239012 273785 234866 346799 393818 229686 266950 334549 282059 339049 388921 443334 443703 446178 433707 389843 438078 426298 430883 438314 374505 346452 459506 415835 372069 212696 278437 491778 506290 411779 221403 130364 192102 181434 98072 186086 200049 394440 361655 330302 423537 268295 288397 205425 218942 434025 378328 214960 300934 388866 446025 407571 351823 323621 366426 423878 394942 408495 380633 382051 399923 377531 213386 316750 443210 404002 431196 377188 292226 310924 285225 226735 444442 414993 306575 371041 408490 444803 293560 348493 276962 428203 375835 348550 191386 219538 304175 196924 330411 203905 207768 302636 322306 265185 229117 340198 389752 336287 379115 289091 312603 344427 364119 467993 371315 365769 347428 287466 248074 157123 257758 214398 283728 332459 291032 206639 331950 342355 426395 298746 220671 279919 165553 333094 332145 223415 163645 120430 295283 306753 160838 228384 361818 302506 355380 338636 466658 399022 263879 410087 405651 342708 164794 204708 224021 240147 461664 409715 375834 294965 205464 389869 345961 481245 440091 328324 271983 310746 316591 292429 380946 407226 355273 294606 268199 441467 400270 327089 277959 327448 301433 342987 465573 334498 294811 193567 285966 371351 359469 466226 240223 158226 159531 262888 321967 260227 137109 105399 224662 220658 220568 382301 333394 315878 258612 394166 416518 421251 264256 380033 316588 362688 459510 408300 375980 304109 264157 208708 228939 280600 284595 305203 172098 215665 207171 431912 386889 297803 428515 427230 249618 360497 452724 254413 186833 238938
258753 191752 353020 490883 401217 400450 280186 452859 365342 282061 301682 332770 310658 170669 226562 412446 289328 262198 149653 143689 252201 254526 266072 381987 226052 251040 344240 335247 258233 297294 329122 437686 327107 318552 254445 358623 255358 315715 409194 448773 439188 402574 377267 447841 488637 475228 545960 457806 317029 258201 469850 470122 289018 242676 212005 397168 479817 459510 279614 102324 213646 193841 238799 255859 310016 324520 402445 337454 416536 282648 232508 265098 321476 328042 249853 285998 342619 310756 359873 473506 392911 399309 487428 461417 318771 398764 282883 360506 351147 188092 216011 465146 531873 354920 362071 458757 400464 379856 317285 329375 468337 376841 448821 389591 455637 227918 208773 336126 322439 422523 472354 359092 182294 219864 357168 268695 232437 215874 272037 250606 188417 306806 284232 276220 355550 232664 378113 350423 282403 313750 463977 493674 313667 329338 414113 176396 255629 250352 286566 259984 364492 326011 296399 272018 212292 400927 376490 276697 239356 247793 340941 397524 411841 291152 226300 206018 334854 255073 181718 204202 394876 425710 325769 333672 315292 284245 261021 235495 319107 350595 276032 225338 291941 286124 408348 378868 474323 390928 267267 303530 296285 342025 395484 322927 320343 367339 300933 355682 468644 394086 453956 285090 214194 304066 494365 444703 255865 373285 255724 331249 247801 391426 386798 207197 145293 228939 372073 281846 124506 101782 75343 174229 178325 271538 250006 191116 311047 195013 235038 352385 360495 367498 338483 290730 367797 230997 291367 415163 372365 352506 338971 383055 436836 383377 343051 247558 253477 234082 376710 249418 189210 209630 331343 373141 450635 463700 473990 400323 334363 385949 332204 203874 276071 305539
183557 267179 291489 294444 316925 352425 390071 347746 357266 241016 211568 329558 203048 153314 330059 402409 350897 225019 215084 219439 226343 254110 265339 304480 315762 309711 293430 295147 420162 479370 451956 321815 286312 258228 180553 382786 231043 258919 352258 270606 248228 300414 273811 355465 361754 370869 354476 449357 393182 257758 398760 443188 427056 344724 355412 276131 455270 531576 344570 160311 306624 356958 372741 377307 340031 360204 354015 342849 240428 174141 246784 449043 442677 261209 274715 317990 355781 175040 256278 318881 257365 313304 431539 317154 316247 229871 215597 300454 342058 268191 328993 482643 330348 223083 151041 316699 275821 248337 308386 371375 323771 235752 233008 358968 268918 207012 331363 325950 318254 447550 439882 256764 218444 394904 443319 270229 201876 321024 301164 189136 205446 314564 272942 229201 397561 361343 366912 289038 252409 356931 440784 331091 205546 189541 400571 319882 323300 329710 278120 245946 251428 319645 480996 381973 421066 430199 369866 344807 151802 310895 267116 384943 311797 281541 253559 306970 358019 283504 299708 272466 435073 433556 345922 227184 231211 349109 334140 349317 419964 362436 352178 275093 277202 363997 367180 469370 557472 419957 306563 232888 292375 266451 448740 322422 290295 434055 348907 393357 294156 375123 491057 396316 134805 279064 335796 287921 340784 375988 155934 191158 273845 503137 406450 256320 247075 254901 344590 281060 229950 255576 159123 194274 355647 236699 262399 344071 409461 193783 218984 196241 341780 401329 401303 342625 308933 206271 238786 366736 251898 257351 321915 426241 419821 467719 289988 306906 283749 172997 208865 165257 224745 306527 456934 357397 374314 485710 370154 315825 240785 273049 211770 235796 331792 307675
255910 329933 376137 361252 292136 451200 439007 264068 331274 330292 460222 332274 187604 284885 340094 417730 309841 288234 246225 137947 197460 360398 403529 304352 391124 312173 326001 272307 382951 509377 415851 183070 264189 127530 236376 326482 141295 227529 338312 174019 245439 320960 285344 190865 367317 243426 313466 363292 399737 222700 219949 440716 395521 397589 408689 182847 293862 431477 297479 183715 284433 478765 483958 258013 290653 215413 325154 230104 194136 214624 348150 365595 427457 360967 324888 290667 156846 217293 299169 264620 269728 363266 300414 397757 225200 228644 133689 231554 279804 287468 358140 340935 384155 209397 187208 218944 300677 350137 303516 239262 263082 169755 324448 238624 246000 362667 312875 233379 225444 323180 377736 274005 406374 473258 340098 268848 268768 334730 263264 283351 200875 251938 284547 371625 496449 345659 320772 256328 282920 345658 249834 332126 317022 331852 366462 416298 304462 433142 330564 262546 256957 301429 398688 439586 411421 386876 239299 241434 274624 458690 412066 344269 326705 301708 309610 438012 401315 305134 392574 257779 394084 360081 251962 156703 223683 308990 281102 326762 313371 213170 298084 271621 303699 265216 316393 450269 424496 409041 269015 378135 343346 344450 419156 207290 183493 379468 458336 391116 409284 437641 519995 283499 216428 293455 295532 171795 384343 237824 118177 304738 385552 391350 383784 332334 422004 266812 311254 368076 369266 392182 163339 282360 341716 143866 257286 428750 296765 320209 360192 327433 354490 452891 310213 260190 285094 171180 153273 356932 195983 208897 253015 386686 383272 324537 255396 420063 326422 184561 229617 299246 355334 486741 448294 245428 261605 289480 416434 402020 265406 335263 288158 239595 409109 353971
250749 211405 397008 268464 191406 255711 369952 380151 269509 374630 452224 360099 234667 254870 252921 243830 389676 373819 331580 268911 387218 412259 389287 356356 357810 222772 215180 236944 341693 437659 244686 228501 344041 222560 222212 312321 201801 248086 306258 163622 283106 370950 299970 338547 332959 269132 291616 180479 360650 180009 271357 310869 401926 362235 373740 131724 282179 210648 237938 170610 334144 516204 433550 259260 201067 213175 334975 225562 288681 380175 315120 367056 413660 485481 516173 341618 196080 347659 242173 342919 345520 394051 368743 223027 282718 237206 267741 278099 294692 219268 193522 356898 435808 318660 189209 178384 435827 348701 243923 182483 242317 315947 323087 323669 415201 330785 409017 385820 241197 249821 398780 374506 418210 252510 238275 360611 321297 333075 365098 362351 277887 203654 398734 378417 338120 273325 371844 293799 239521 228743 343594 459313 329501 347208 347292 423267 285404 341387 250787 273089 440212 343198 379918 356840 361392 271138 189128 157472 319454 527786 442057 422625 374396 313101 328923 482311 294101 303550 422575 283665 248969 268624 186206 225182 326399 224324 263928 259950 264893 248285 382665 495817 403777 368837 347576 357328 337777 298983 271419 425995 191141 278822 431987 340208 168508 317805 430080 412308 415791 369038 395956 201471 273619 350698 392003 317617 311889 236118 217585 352497 354179 316997 283387 285762 437559 331339 314710 221472 212836 315855 349913 300060 178511 275509 290479 312624 221083 363007 395053 304619 379030 409691 185087 283642 266909 210187 204222 259230 146051 98749 136731 289645 301518 240224 329162 350138 211431 322198 365657 261567 252801 479030 365808 302993 201844 223879 420154 232502 265156 232439 334093 308174 340180 337340
291045 316492 217884 295818 207535 147428 295057 352365 243095 333360 414639 358923 139067 141911 231326 315988 413415 217758 216761 338980 341871 304820 421494 471131 393413 182574 153533 209533 404934 291667 264190 306210 326472 138976 234473 286871 249985 204263 217392 177677 304258 208929 350731 365033 346280 334663 265569 297842 322417 200118 316296 292893 336731 387664 234043 298615 223973 157685 180759 270852 291256 470201 312778 336163 298336 334104 461704 382217 345130 321674 308681 303598 387964 338680 363770 224689 341064 238924 210828 284875 299419 420298 271637 266784 275287 289054 413751 355331 484589 302422 254207 320799 407684 373671 263676 387783 420849 305888 232043 174720 248749 234550 388051 431263 274923 251770 263587 222349 310753 281409 440329 429799 300589 166096 349615 250786 156898 194270 421134 492841 282424 373105 449017 374111 305779 432078 487817 371193 231775 360487 494887 305933 228469 228257 374661 411034 359678 377140 377794 380165 275747 254891 263712 327358 282687 303313 325884 308165 321203 445335 379611 261808 191158 323781 415775 439609 230660 329105 358917 292754 249412 345734 246451 324020 318122 296048 240301 182013 185448 261338 449542 462426 468978 463285 255151 293113 253387 250021 387876 318372 267620 344749 427321 351926 220069 343822 287519 398873 314510 343532 287502 322287 401692 368924 360250 337415 296258 371756 217498 367069 315863 337193 418538 379864 362687 471775 484375 250363 252804 399365 465904 186623 196932 283441 332494 324472 174518 259845 213450 370190 459281 398717 390958 243909 208235 284126 250130 210632 83256 163871 194610 169677 181143 209547 336933 363458 427396 461188 295448 159401 193587 299749 304157 354064 198929 249655 212415 177006 214463 226292 270213 440941 390819 375318
376672 433883 417141 406976 327659 286334 314370 189937 306031 236101 343947 307482 199246 300773 226957 362668 280236 259809 292116 282524 204009 218806 496496 388904 297177 245737 211558 312921 285270 390875 342005 420590 384005 232669 257762 319211 357258 258880 213896 244628 330787 388379 505405 395968 382626 232974 305987 312854 290029 286380 381911 413540 310818 291744 276563 257767 177801 301686 377689 334582 197681 305539 282089 489073 435259 448689 448308 464949 400229 242233 280353 302410 212523 227939 270882 223720 257912 189685 278072 287830 189077 327296 214488 270018 342184 404612 357042 426430 393316 255789 193680 288117 237227 270483 384450 499626 436089 364838 336578 296644 311194 351883 330780 277326 259940 281280 152556 346322 410344 418626 425118 380660 201876 266708 356674 261101 199698 185261 458627 495479 395303 382771 484424 363970 395341 456442 380846 421887 363109 418931 364958 323242 285664 334189 340678 381460 354033 346897 362507 245585 139089 257599 371503 350037 490904 513151 374668 419008 379693 358153 399952 218729 319897 375100 549287 415343 400273 400777 238776 214813 255680 261456 351626 268455 344773 419692 331700 343149 333669 329180 370951 335837 453635 363885 297129 354994 327668 487335 474403 368612 428434 409381 293325 239514 358229 327692 302224 213658 232480 217952 347404 338683 365483 289320 199176 236799 304711 303888 353659 413485 319917 369719 471007 307423 313452 363060 379728 287574 208612 316502 366186 201492 147219 242846 372008 286998 182354 185022 165147 314197 417739 431541 275422 155364 320323 349007 365842 283845 194748 254400 337720 224620 226014 209364 157932 309763 375883 341763 169505 122086 143468 137768 241431 227271 285398 232358 228254 155075 171952 308742 378846 453052 381610 260168
307106 444999 473609 311626 306632 484764 367451 351539 385516 299643 348326 305283 263451 291569 264970 224597 206258 278342 307997 333852 155200 236075 262320 251958 270174 206745 284216 403207 349627 451393 254850 352079 310738 224482 139200 266188 283566 342082 245856 370295 394841 402788 361866 239973 171038 290514 311462 421802 360393 357193 380269 317364 297331 271359 342324 286824 262835 472396 491540 230800 174217 227327 397624 469747 402718 486547 367435 450693 229003 132919 283752 311872 299156 295808 368222 258385 214712 228804 360164 427169 232960 243158 351672 289667 424297 476076 409448 354739 308396 154236 327737 331202 191111 309926 397191 424267 453863 333915 343727 281670 348473 380330 262944 224788 274118 269173 350668 463488 454767 448106 463748 401784 220784 334650 324735 374185 287933 219904 462104 541367 466301 443886 319315 374200 451312 291241 320859 229465 308360 290127 406264 466970 484615 494313 369565 408208 361894 322344 211159 172661 213494 441647 368648 247166 338480 450328 247862 434854 413649 349062 389598 346247 262144 342599 291602 398895 389330 506420 381874 223704 226798 210398 470939 393435 444308 343365 342054 470317 461294 264093 270888 275444 256624 193269 186337 132128 286512 371204 462626 447478 407175 403133 250962 277524 355238 350287 299613 198487 225242 317976 340183 372565 392883 365934 384553 271399 238537 366837 359335 392819 499380 464785 279806 249408 247281 262394 403095 323774 300747 327535 273354 221988 279695 338187 387999 264720 236392 128588 232072 379145 405181 439111 205757 292430 318463 301966 192493 325594 259044 273576 274647 124340 260683 251325 115319 178808 291885 262284 163482 152054 190844 158008 296575 325222 322303 350585 412957 352360 245279 358793 451344 345294 286018 287198
320370 429112 436995 282116 259381 347214 415994 309571 393880 297624 126700 144312 134885 233109 303995 282047 289362 442142 394723 432189 281042 219174 316912 372879 330966 264110 250084 292503 372879 437234 372872 316822 230002 172990 312961 300917 308172 183338 261910 448411 401956 275313 264543 286761 202336 368214 315026 431712 318534 394705 369321 311851 369487 368661 391906 284279 245702 340140 303180 267956 200005 260837 451238 404002 407621 370764 337393 237940 135664 231100 311289 389727 302161 307803 342838 193706 290009 224456 271290 296006 237805 335136 288449 215351 268463 454727 390372 272378 257257 339132 305396 277778 286517 310429 336757 260159 304772 225235 319097 232906 346188 407426 381276 256108 149175 306887 481759 425807 438396 304536 377396 439048 356401 319029 309743 271979 261731 294226 466757 484809 470744 353354 233223 332802 371172 385405 281564 292459 344229 324310 461288 498862 438766 369735 277042 342339 338690 227610 173417 184468 320691 384736 223475 197002 273156 250136 311322 385459 410712 266202 404696 399516 379658 322918 221330 273314 419164 346140 403083 195416 229129 362777 289368 283978 186069 183014 262203 363180 294356 217665 238896 243137 170839 158106 215691 202097 352263 279336 287501 404571 313851 404276 338742 291443 398124 338712 330328 238939 354955 333030 296511 262488 325443 356978 279446 129565 186109 330984 299311 340370 303903 267498 305853 237790 284590 350151 268117 372627 465648 400726 324723 321896 338044 278922 382385 368449 217124 221370 365517 329362 461593 411583 323147 344952 347224 266295 220079 330072 412021 379669 240211 342536 405980 278861 160193 241108 275966 308650 243720 265167 222112 201261 371856 389572 215771 400688 523491 450348 200044 206047 243056 152412 181478 401391
344023 540119 431239 296597 312684 395995 322016 256278 416561 321922 306957 217102 116730 266130 313237 275668 374964 289216 320021 321568 394818 408808 403219 309846 352994 270563 272417 102949 290719 416599 366445 342739 356347 302205 383749 287271 223751 127896 282508 332554 288201 240107 185292 317673 195579 273603 378256 322696 227745 281788 168949 255272 220253 400624 301271 299443 99955 86471 192387 403346 338335 341139 446163 400150 317146 249835 165421 213773 275569 314342 366753 415751 381435 455643 303701 244067 403193 295370 296545 326996 429654 390805 226445 205506 243929 355330 313496 317067 280667 287088 194348 190526 314983 181451 170426 252961 312906 402680 306712 298330 346656 336389 297200 229108 154590 281723 317755 364727 334228 282093 338936 377179 324519 364306 322349 268226 317263 357703 396239 493249 349610 310740 357019 222285 249161 241734 297480 423562 330878 327759 418220 282936 337453 179286 191142 335159 221904 301159 291801 280371 289352 349757 194693 246460 281485 199068 356373 529474 341841 281893 306815 324803 261644 350901 229959 297581 236890 172733 280939 180249 322675 331797 248502 149676 133009 320996 328734 356283 220828 310319 216014 267085 259690 237755 303009 256917 363751 168852 242357 442817 454183 415414 400500 445990 461988 474369 308985 401717 363033 200276 163069 278816 327033 385262 243743 193866 241221 230202 356073 286605 160306 221435 337975 344204 476687 427360 364486 282855 293641 330071 249882 342582 260502 316799 338006 395148 277418 364452 276156 294775 388297 413002 367049 509731 395502 320936 213874 262837 303082 401256 341034 433842 381352 266373 218435 287108 298781 373665 316018 228295 232597 261569 296672 299872 387665 470701 531199 400333 196458 196506 252962 152812 261708 399027
391418 418464 260165 211060 354769 351916 297990 184927 253018 346603 489575 232174 191092 281535 174799 297452 420321 349242 202003 241832 453723 434492 381154 445792 418879 411531 245910 159067 226356 365626 169917 292777 373874 295745 277617 276890 244734 182963 275426 247694 361369 296710 210854 294811 259893 242709 254400 205049 329876 261763 289763 348405 343979 360284 404660 308393 248941 104454 201411 411805 427329 346678 236669 243338 225282 166715 323196 383193 357633 341948 322245 458924 313269 294796 272083 330783 362457 259132 358688 371939 484172 413411 393879 366900 283088 293939 163008 235185 263122 155298 207282 312489 286403 168378 264940 384898 318433 459758 281758 414817 413537 350443 179089 205910 285174 196341 326790 394513 479268 461689 339872 265013 248344 248007 268257 231233 395755 240679 375364 284215 303727 309130 348387 193567 123973 196098 326972 353278 292628 399016 304740 238055 186022 216064 285262 371487 345870 395403 437459 300230 438825 389975 246696 171842 153528 212455 242230 279529 239595 292628 356245 234654 255338 466677 380200 271483 173567 175136 241019 280233 287105 395086 347516 171264 251139 434178 328865 376394 325915 387462 371311 325812 329335 325872 299989 285715 266398 196385 367050 442034 394464 374713 324643 456222 523791 464348 396922 487010 439846 164420 303505 212262 285846 199069 233265 309670 370890 429050 434363 297623 105957 164811 398672 467668 441591 360809 339157 258227 289037 156631 181724 302855 269024 373948 353108 390098 492156 390987 427053 380154 256518 324640 317367 351123 447623 406327 389751 185690 233618 255205 289511 495428 474509 285997 278284 282413 364103 464429 253290 327319 254368 230907 275218 331158 406985 358014 490106 391020 324438 269065 388994 308712 357792 422094
411647 392730 167215 200936 327471 264592 208910 292335 279248 411557 393623 319385 258266 253848 186014 280184 403013 276130 311561 377487 316559 387216 383146 351586 299530 197284 154988 145555 356082 348503 258805 308851 182462 230506 322700 332649 407317 338260 226239 305405 418102 304806 272165 302206 426066 203886 89777 125911 238733 302601 292365 293955 249889 380666 372051 234660 349474 163979 176270 311026 286327 216833 219420 326477 321224 295604 428849 266641 328870 316015 255992 244356 290161 189542 371367 348206 420158 406699 435559 359868 476274 393831 506753 417038 383600 352710 215885 221282 259255 121829 263193 346147 219040 209126 408709 359082 364338 258744 260150 396922 414073 296388 253153 203482 391382 296340 383061 312910 303187 385068 283563 173572 294178 265674 239373 335648 367707 270159 192069 322065 255620 372521 322764 277285 191902 219167 304795 274226 245360 364749 262505 218693 290848 278943 398027 374305 415169 415560 331563 390337 384519 294031 298566 203324 249297 344145 251664 270933 171699 293839 385163 383252 282482 465363 323326 296048 271512 298241 338366 344523 416866 530102 328009 321483 337096 286278 339097 456150 416820 523833 406411 373249 339578 290879 353215 335597 170171 384454 445177 390999 320136 350753 291443 402025 470939 486645 420922 468272 286892 298521 262295 292887 278669 137429 264876 317084 322858 495077 418201 319232 157637 307375 482067 402328 230855 236871 269780 438099 330804 212078 249979 257411 376641 404626 393574 322225 355129 389460 496982 457314 335805 285176 294398 295749 396628 417417 364062 248819 220900 193342 347098 343215 299825 213996 282769 258013 353796 286982 343053 278559 276959 364315 308388 297040 233063 364226 452806 446589 379429 376314 320094 451707 479000 443920
423658 386811 269980 244019 331713 318099 275343 404496 422947 307145 422224 476617 287132 292126 319282 329364 324112 241976 340584 366189 323842 361006 385044 265878 161812 125736 216332 316561 329861 259117 419794 393415 181349 386286 247828 353166 471619 425920 424263 366537 282421 329718 290696 408883 433312 295924 135689 106615 143960 257248 277292 244547 293931 462920 268022 209806 311060 261794 276188 298315 159583 260284 310341 354789 382902 326679 343482 199456 460444 355400 215449 266953 328603 375785 322700 280727 448090 422037 336201 399700 410638 357470 391224 364933 221199 316073 371808 294022 202516 167038 309278 464618 354172 277177 444476 383800 251669 289968 247815 397959 383382 249982 227346 216254 288238 386679 384375 268347 258366 347915 314827 322287 447980 358688 276164 301409 349350 324855 345062 288091 353901 300139 346544 296991 377641 309387 477226 391482 369307 347560 337960 286412 333986 439796 324273 272948 263943 346808 426246 350026 254358 294672 312091 335519 334396 361288 414343 300417 293043 210433 416816 346338 393797 481094 328146 329534 393327 322412 419429 286141 473624 361756 312507 396997 335012 237553 301640 455391 449978 483299 348881 246820 134363 200463 370542 271855 314164 437343 456619 445470 284040 318486 327869 308719 341411 405775 373907 414473 233760 349829 275387 368150 201079 248418 299101 326447 201986 393176 346380 297081 172022 336370 389955 170925 208341 232407 335159 293805 353261 289207 292010 285373 489356 526735 376250 266203 361015 418758 462056 451980 388629 344316 327249 364763 350067 465206 331146 333556 314471 390830 301093 226793 277990 205382 268748 340455 299456 297625 365266 183485 365367 277516 145216 207105 258570 474167 353851 321356 359573 424736 246373 426630 425950 335256
529156 434512 305721 278313 404666 409454 362223 327312 347254 251609 425746 449482 374084 302113 387111 400613 421150 315708 255913 358132 253561 220651 235736 265438 131349 230114 358634 270441 219517 352606 402629 396378 213734 334658 407195 448326 495807 435697 429200 166421 191184 253495 231464 364335 383561 389649 286481 161809 119744 158610 117619 162084 361295 249813 179517 292038 348113 339745 404138 437548 248139 260261 294488 376381 387866 373657 273890 206247 314929 226958 331857 358057 345228 333149 217922 317763 397718 317875 207034 327138 350707 288023 280822 366290 235892 368811 509068 514935 264472 289551 338380 373740 357509 373748 443281 223804 261057 409256 327522 399961 267339 289202 234935 256114 302895 236966 376992 244925 224656 304467 303686 342980 429151 246643 190165 228144 318209 482092 408603 251879 338771 409500 296817 381825 469204 414399 343209 348131 412336 328568 303910 356243 394462 349934 267891 96544 230766 326141 416933 336235 363234 323390 408994 358326 388312 346359 409134 244271 342663 389096 384330 295633 475016 396213 199722 244145 357562 307780 263666 350066 353083 232203 368069 346924 384160 279434 305634 345596 384920 492125 314741 149617 106567 196762 310028 222196 352027 305074 367620 490923 433569 355162 324909 296758 324405 227807 333489 264677 257529 325665 303028 222445 191756 304609 324249 374890 254668 313849 420997 333049 259222 301744 273900 157214 289745 220185 185943 224180 332470 368662 421375 363338 325490 432982 296764 301189 451249 346683 381968 241689 330776 345792 307867 316026 398729 453344 315048 510401 469367 462278 285426 262700 322972 340377 312164 356475 351940 383880 366002 177112 251168 226990 297812 318527 389335 370704 223466 180805 249871 374738 339655 464331 346429 234562
354113 240526 255105 326352 400602 438392 312394 326495 380767 331220 429785 467127 370902 227575 192675 327838 465360 359741 358397 323520 215955 212893 343533 265554 328264 394110 300920 228879 284387 419397 347117 233340 289254 328078 464965 438998 327966 495094 396871 178054 209049 261003 283835 303539 318341 407728 421210 165097 317349 271783 157660 279067 271170 299343 199782 381435 299949 364631 363500 347220 159595 217727 361505 391384 292568 341926 311232 195470 380138 393551 370360 444005 384720 163748 277698 314502 307470 234455 306988 228291 386850 279132 212584 270131 260811 314307 471355 467507 347333 372169 349275 323197 354959 534027 424845 210941 337977 463388 435678 312209 241870 402155 330559 491801 330636 350126 261260 190112 342127 457067 351523 334367 334564 206237 183257 262760 375616 492306 342240 261611 290927 436723 329285 392073 465410 409609 280457 343301 401945 278095 214849 311269 407431 390977 278338 266702 309648 296969 469828 383376 296552 305093 232730 253328 196970 266265 361782 353879 369364 340135 369343 267799 443304 274483 228292 264123 413935 291085 273875 386225 248344 261577 419455 346316 391294 432683 345435 213753 340269 355041 228999 125913 148944 222617 230628 231395 272216 293498 379258 384113 368906 341074 324832 428662 398490 296505 273441 216886 296626 386817 298404 218488 202225 270472 356008 384435 209561 235335 240573 310730 299967 295330 240960 297211 362407 305148 212937 198974 317916 277926 269895 254788 171030 272159 293885 356316 282846 349190 253009 224023 310543 257852 120144 296195 400797 380204 415225 456838 334161 454717 322878 386211 420383 300953 305601 311032 417947 364856 325726 221197 286463 301741 461014 439368 385901 355911 234159 164250 205456 340148 429085 366971 351345 189642
249466 184842 222993 308722 396170 429216 279078 338850 345983 317177 370340 300401 409140 212090 204424 404172 380716 433122 376327 238783 284186 328712 418590 329878 461750 404041 369104 306983 274166 347314 301506 261162 332113 427656 475500 280852 215421 447915 419738 224202 162789 368528 358987 300190 313094 276222 283939 345114 380106 228129 140677 254354 362303 309165 179644 210823 372990 323416 404526 304350 197043 311975 331610 245094 286765 460394 449358 374257 523628 417946 275923 309236 442583 258415 374829 327110 243936 327066 405846 319683 432743 309743 192522 131728 131040 211735 434013 452817 404309 496590 454991 347735 287069 509619 388790 225144 306985 475864 281079 257280 263019 323658 299531 315130 311621 362266 249994 304981 420923 364398 305834 332846 357904 447255 330892 429371 418599 405434 371103 349702 412140 450616 455540 382188 403514 379470 387038 375450 276205 231899 196974 249792 462619 379750 235594 363367 233939 261627 434801 264832 214008 409256 331880 199150 151677 220632 479736 391767 166354 214951 215296 301398 293127 356181 269644 298765 366691 265016 235698 296747 228358 372857 376545 372750 369089 365764 289455 305400 442971 279793 248741 233598 190053 166751 229403 260634 261157 335351 402058 306498 311220 460168 412772 465195 333411 359531 353153 285014 341771 320357 334916 190805 152252 157691 327422 320002 318964 337375 303422 325075 465862 507540 352734 315859 399178 363175 255351 383072 375202 318742 328552 173408 94141 216337 247456 353286 278438 430042 314627 201320 257135 262131 176697 277412 381745 305413 430589 397635 293853 381916 355662 420852 270992 186697 378912 432815 396793 275233 238736 385600 381879 333717 363365 458066 385279 316033 191408 250343 209904 297131 466430 371256 365353 296010
359467 203094 261274 320091 273749 401944 277432 311644 403769 423338 408169 427263 370031 232134 244313 364149 321337 383852 254734 198279 345812 426141 409841 274457 313957 297818 377801 263960 262158 274844 369328 260130 352034 385356 318950 155509 257837 344499 330185 316373 354630 419917 337792 336569 306965 207441 278297 359408 203140 164526 185832 309290 412109 260012 281397 304643 344826 256490 358417 417971 213612 289687 343553 317779 295556 433308 424409 498402 453858 412604 288121 268516 424244 394416 397841 382721 381268 417164 433340 280478 337209 215188 245455 218163 255332 307894 303973 395828 350736 402048 332284 243777 328542 379322 371106 320922 260323 327347 292498 243834 354906 358776 268450 228444 404343 386896 392282 415539 411148 359873 279626 362191 382335 468977 365195 234339 237568 320545 393381 461197 481644 435129 426400 372117 374752 332009 254857 212774 146558 251136 142818 211433 371354 236765 345653 424711 289124 413907 419542 204785 217699 326273 329331 217031 184685 333669 429506 232452 164897 162465 165191 208723 235760 278556 394347 394431 380136 268357 308789 228691 215006 322812 275235 480585 496362 327501 295419 324632 286824 263953 276159 372006 172901 264080 282268 244937 142273 231491 264716 277994 352261 303690 384203 274849 203876 308468 362959 256346 301556 267686 441791 248868 300607 353380 366782 351903 436770 340201 260318 254271 424709 393654 271203 370813 461772 373795 258002 322509 253186 353801 393182 203284 150079 208315 319211 334834 284732 447551 414317 435875 416489 319974 162453 259293 263535 296311 271313 291879 400515 402778 281145 312063 118991 218907 304567 383736 366013 391836 344662 436719 507386 396740 322438 332680 412739 249927 231112 371139 266535 333786 493182 444768 309328 271332
366884 316735 354666 325697 334271 357349 329018 274680 328552 311747 466049 513843 385421 186237 226733 360381 316383 279782 177427 310762 297580 463621 263089 201216 213151 301402 375273 309513 288700 317748 410698 403414 354248 379556 333921 349135 279434 191582 320216 388172 395953 391737 155396 254919 215848 266527 381432 352283 185138 218994 176594 266161 386065 460211 445790 377093 314612 159082 229753 292236 226332 356545 435894 348315 284304 377665 425468 345315 354855 337282 362571 266197 465325 414813 355732 304408 371775 340794 267891 187883 261551 177194 321303 310567 273856 258156 346382 443007 291140 330075 295408 228354 342953 337121 462208 381702 387298 342919 232115 207424 438435 427546 279739 212788 384241 306863 402464 391786 344109 210803 361469 410789 464163 472513 397027 208005 188791 330200 352835 494624 378774 372000 270768 321863 338962 471152 417221 223529 254958 199788 106923 204677 288690 249644 372475 409930 428996 446698 328258 138158 146361 247189 367163 375570 361417 326809 269415 198552 192612 203870 200842 205250 181921 390176 513424 430795 239969 339297 298882 146198 187490 236799 183915 359079 350257 397759 390625 450505 301736 303307 265863 400137 341112 370837 310973 247055 303455 248486 172587 292587 297478 248930 292082 141622 146707 310494 323765 301952 250137 301411 371240 306727 436488 479235 301979 316724 348649 181491 114585 236096 310599 221433 364431 315249 306947 395479 294265 229360 191048 382523 416991 226238 133270 153559 340396 412777 260515 372546 439423 493849 408926 242789 291697 242784 236797 280507 266392 228301 413864 355520 224749 236654 228655 254054 282160 318160 290150 394342 371056 343423 326405 327743 264024 226807 347187 249375 313272 408901 350621 410035 420428 378855 275979 244915
372258 409719 206643 266363 364022 298034 415492 356495 393323 411640 439699 489744 348443 311495 242930 335382 171149 156357 285073 270931 286416 289362 322177 220028 416648 329671 401195 368675 348909 339726 482440 388199 346998 406370 451972 330392 327806 191421 391486 309991 338242 281100 258071 259884 390019 312681 354559 362522 270715 367025 312484 342542 463002 390558 342143 290561 190050 248781 168030 323138 293588 359861 465838 341482 396287 432446 355352 235541 384007 484210 296712 271815 357008 311370 152012 280638 325818 278344 224836 229073 158529 189688 440690 387150 303936 413748 463495 438695 318580 368563 256919 168698 231943 432309 346951 404245 362042 369459 198277 224722 362935 452041 282698 258839 364134 208390 320622 234282 200996 290434 332591 288960 423723 310875 310716 259934 399962 345655 309067 433125 335550 215688 200284 196951 285463 315386 341602 197299 180160 211636 239513 245878 363986 202869 304827 400688 425695 288549 230500 241229 188890 315666 495357 353047 275815 261896 139687 288060 332923 269611 392385 265295 343723 489226 458663 284325 251166 342698 401841 261098 257289 232282 143293 240259 309980 317137 354310 320274 444751 359693 392017 410417 342591 287567 303772 265576 341732 215559 237436 177672 271958 221861 274330 269897 261071 280670 296136 205585 295956 279393 335323 365756 447323 292856 243319 193839 349636 194322 344377 294244 216461 295577 321454 299337 341044 411595 437152 327082 184912 344818 371476 288460 113772 131611 286667 344584 307184 407925 455485 489925 330821 353285 357550 183784 181612 222337 250791 188913 353539 315020 152037 249021 236166 320470 216972 308629 295500 476505 327762 379493 246166 245537 258737 333041 226242 272765 313076 386575 378180 365506 215408 388324 438330 332474
304520 371695 299902 266676 277361 331968 395814 469527 512386 420388 407858 370006 333913 347304 360915 359977 277234 274545 266674 362457 276062 300851 279160 337404 288123 295271 341817 368603 385937 470122 466650 480888 369140 447184 325704 430029 362715 189004 203240 236605 219487 318611 284561 220641 456986 323227 245050 339103 325838 427650 492968 419265 386742 323619 221676 157210 318219 317279 267885 325766 211156 262014 381923 318450 311923 372930 211932 294026 301288 391964 289288 256929 413008 392329 269189 375164 424722 261257 249067 280439 103994 186726 422364 344132 364107 447304 488914 448577 312538 286002 151760 127221 169339 278234 284651 288405 262995 345629 351123 329291 375680 407016 307354 365199 259881 273311 349535 363863 363593 288475 156651 186211 366568 371892 348749 355983 408413 299959 297305 274207 378374 296027 253563 275196 284677 245083 285154 240848 267703 348976 278808 344172 293282 295947 404749 376739 385207 197336 219876 313914 293077 254616 442052 326672 307961 379656 282719 374270 352735 261770 320669 337602 322357 322582 376535 317727 203418 335884 345173 352900 279922 251361 230681 404243 404567 404767 304125 276291 310774 455659 458390 389161 324655 296552 309338 367246 380199 329243 296447 322075 357891 395862 304663 340303 385492 226504 305247 180690 197142 173162 193227 255764 331627 362050 271903 323447 198584 320570 285800 275735 244143 237876 274642 378086 403884 314223 442645 318650 280813 239199 340856 297424 166887 272049 291389 329923 408160 329549 400859 285234 387939 360970 335584 213035 148952 180098 208219 245519 241756 192959 329516 308306 475428 389587 239834 221810 338427 270886 324244 397702 384250 239136 326718 372154 285014 291771 222402 165247 155442 206431 234995 438796 360317 382882
305221 343640 402096 168531 243770 262822 265769 474224 380105 289746 366851 428284 314060 345570 343700 293892 278445 203552 309093 402189 327855 241308 171677 212606 310334 284539 272671 310061 418194 515168 457858 461610 407258 326779 277407 381825 275995 151365 231874 310758 281260 404375 315902 350348 375703 437690 389645 323486 393264 382758 448122 371558 317915 263280 230369 231100 273852 286495 146846 174050 249369 287947 324987 395820 426802 315399 371935 347214 360988 481600 322374 228970 329858 355481 265117 291889 257507 227288 347015 310039 185058 239515 362874 365103 370246 439948 375450 328327 341747 345699 184417 153548 258065 145960 199670 158180 221554 388027 329843 400259 474647 389404 353014 205513 210549 240301 300844 469671 458516 209872 271230 209340 427834 549162 502889 431622 401279 399801 290778 243282 356160 391895 336823 320104 243968 408839 458863 446615 375209 247022 358485 329959 253311 399061 356207 346860 254201 326063 291727 456056 342705 353253 491046 413172 293752 266445 287716 350673 258059 246028 231221 308365 146707 271415 306951 311998 255720 295786 316238 358511 269048 301446 328722 372820 279811 207696 229620 272716 293189 296986 479354 434564 469669 477564 333652 420213 484578 353734 266248 211591 366039 416789 322761 340143 286311 169022 279218 209340 184769 248103 351856 427516 466026 410900 431254 412638 270604 237241 323614 343741 264859 183837 147688 329073 290962 261791 382432 252882 287085 206158 248659 219794 171569 351772 180181 248797 462495 418364 310075 253994 312139 331026 356181 237070 189331 250692 268898 266948 195814 310297 329936 259192 390121 357792 196902 179620 253749 292087 388503 455548 420008 411937 370090 218322 204471 153122 97401 192768 175842 280242 238553 388744 348135 366508
309390 300037 303959 204896 269956 239544 334751 383208 338908 221624 319091 355875 310747 390754 319584 178199 263294 196756 405544 351560 332701 285064 120997 217006 267136 351982 320062 230056 360691 412559 470221 480665 409631 393361 308391 259561 160034 171895 381163 353344 305181 333627 361510 436837 434951 500528 334403 329739 400044 305129 352920 407081 206505 227539 252939 290734 260460 236718 245386 289641 377258 226408 200903 347390 416267 315648 363628 301549 273036 427840 315576 248695 285196 302958 147080 208367 187009 338028 451346 343776 185555 303734 215521 255879 277770 388843 260954 379117 485889 306772 252693 371769 356251 270114 227602 263962 377834 298978 276176 242907 352727 519341 312337 233395 346315 387979 368517 382136 301200 303723 354713 240949 426473 534302 475652 301998 286903 229689 263920 273884 174041 344115 407656 373875 411858 378323 450344 441194 241303 295459 374376 366974 302375 340067 447188 264359 240747 345088 277513 359942 315522 378220 484518 402734 260943 170021 253384 418321 287055 357559 234841 326796 194107 359854 313022 272815 244345 414637 406534 455554 361702 299792 372314 345111 298057 308226 247768 303224 232271 350975 355935 413703 365769 333696 230580 396322 471915 468910 317359 334656 360109 382481 283050 341773 275494 182942 222894 250000 322433 271542 371605 451018 378447 328983 491890 389595 179267 346254 459351 355016 211330 154373 258264 375720 262026 324344 402874 187666 187516 272570 323435 230789 331910 319066 266624 232223 444391 413814 144266 176564 296612 340673 291153 196530 226044 273155 286089 167170 242413 262896 300654 286456 277832 279980 266717 244018 317597 402452 463651 334204 337557 307385 320542 243720 291608 219784 241715 310953 263510 338691 321575 416987 405352 344276
380076 379740 360643 179638 260942 170747 390388 334636 358685 246682 262119 296177 315538 395850 300390 253964 315605 413686 332261 224741 216692 156132 280754 316678 342963 475252 401127 267951 291711 256340 444137 302215 336564 322571 238774 264206 183414 257224 439120 329017 325814 177047 404272 376211 497314 420698 338131 226346 260140 181427 428242 414604 232918 206976 219850 273863 222531 267562 304685 394026 324680 140487 174874 248047 329648 416304 435879 325874 220649 378209 269597 324641 300415 352067 260983 320857 349182 426084 413833 280836 260390 285514 354942 288032 417003 477992 384043 473699 377072 345420 376892 403122 335006 214967 257706 452307 317790 377716 282090 148316 235605 372893 308613 370006 346285 500150 297481 331923 346390 350714 241082 298188 450217 347291 281777 316123 256137 301364 364222 357413 192936 251591 379966 427596 409344 256166 365814 304229 174519 249451 283551 344140 330761 215112 179590 143207 365878 388546 449968 357497 301717 293385 375043 436754 356659 225650 339555 287730 273386 344879 342473 221713 341975 420432 474610 441481 429864 419801 322026 434261 469631 480307 537521 550053 471318 378095 128599 144626 183232 362855 355262 446290 314668 312386 263047 488088 411748 279440 236262 268722 365822 362830 381732 491506 337587 246406 202892 221637 344789 365112 359378 331474 361192 353729 363109 347813 370911 393550 497479 361860 254506 290265 181825 188749 224176 218533 367974 271169 211626 266207 143604 333620 298224 344579 351183 339033 455381 318234 131926 242759 444255 354206 291275 243479 258357 310498 259260 187670 267866 322379 351574 402517 301662 257557 286919 352754 377139 312499 338708 210282 155036 175244 362972 357969 217526 190889 259586 286351 278230 338961 296122 402839 385334 382007
273071 389115 326857 370045 320291 301671 386966 369788 269228 193933 295358 222617 344028 319470 337523 274231 453905 328137 359918 262449 227496 212646 406250 467214 356969 305551 317419 264583 205269 159199 331589 264420 451448 367538 327609 311315 332335 314288 424151 392580 370256 383587 323677 333377 421423 389850 278318 215311 193849 318283 495504 319702 166684 214993 266453 148878 220106 170203 194434 222665 186039 203385 294923 182007 242157 284269 370456 259998 255308 389482 411404 316424 294996 212046 380310 391517 419998 419391 229776 180046 251102 235618 422659 380130 473094 400507 391829 407687 359601 388562 348358 291281 250148 189506 337493 318561 288618 258226 311228 169844 244264 288456 435217 313301 342233 346337 314248 403759 423542 321789 228350 327966 282303 114127 191163 354098 327954 374198 475791 332014 164351 306220 304783 419476 367155 294268 397548 243002 148957 174461 259452 198582 258128 135369 76366 173152 394330 404569 445339 381788 299704 265735 218511 378279 335158 347301 322790 188325 207243 431262 380324 260263 444817 417366 331579 458874 448505 269963 304734 311269 371887 450211 526829 506837 364423 358036 242499 186349 295897 268173 377527 443011 423683 279136 238416 394690 274711 297662 367167 433583 428840 485762 474920 449787 364670 318546 275682 229449 439163 511425 408595 363487 355697 305928 292758 326798 410792 416393 456281 341570 520529 442699 214432 263844 253480 311030 300756 308346 281585 380002 326681 379469 217031 404991 417349 435904 402636 231058 176880 258600 464391 463403 365154 316445 365390 370833 344718 312763 407967 326721 428734 416998 392621 403944 362741 398671 381834 207872 236558 174511 153412 322657 346642 227555 123040 104278 196741 252630 403130 320350 247658 459776 466233 457979
339218 208504 310447 340754 225616 392961 373160 440350 299387 348342 278284 211949 220131 302835 259349 319696 270759 381048 276257 186020 216203 281348 297036 269498 147816 203350 284102 318982 186638 256606 243783 347979 372782 309622 147663 365975 478784 463239 407813 317544 414012 324854 274205 394004 313329 228969 305143 306266 272628 388121 421298 320970 193010 371655 362671 347294 150897 209556 247620 156591 267203 191984 329080 298187 276856 281205 340701 174263 281387 377907 317726 269277 312623 387013 421780 451369 399949 395284 146694 178161 192019 271060 483541 408299 371447 376521 348612 422651 388225 321922 321887 230574 203669 346975 360085 305923 221248 248188 242277 181250 162505 352726 477415 425901 336440 293795 338765 410339 263917 274454 282750 253806 164366 210669 323963 382080 289615 284862 403325 302300 272352 314976 227032 368917 346426 186810 259668 210767 282919 370663 391331 229350 280795 155119 143763 332898 489787 363084 384494 402618 354379 235187 199381 193695 253462 297522 295736 192085 235226 400678 355671 232798 450544 305930 339002 420250 361211 247903 342602 264161 258409 317907 474322 412760 300147 420993 363474 283614 328081 272537 367701 368818 406794 257107 181870 378461 276666 399448 373974 473576 334610 481184 427895 473180 472262 313498 311761 381184 485287 473269 471048 336969 222406 240764 179018 189176 391218 472224 261810 336070 494072 458048 393144 352035 399976 366429 300225 255198 271813 467330 301149 304106 297519 426524 362633 312620 229166 369417 287917 306041 475845 383413 213447 197131 268591 396177 312489 291135 279896 363070 402214 355818 295152 393644 301207 282174 312829 343405 178087 262976 221487 291711 232084 177467 143493 227096 309624 228487 369570 261549 278331 390624 334017 418016
271910 316831 363992 398842 365814 349623 352168 336231 277192 232605 190492 205684 288870 305411 364119 209759 349121 387769 247940 145326 204359 216510 236418 202519 184935 313162 487001 505700 374629 248478 215319 351676 421876 230574 321999 476875 394112 424727 374357 266579 243017 233238 307220 179945 236192 265891 441482 369533 216574 283921 417748 305227 358267 323246 469619 284590 235683 364077 302777 290841 275071 150254 218795 316726 369738 402784 253117 193257 309778 296317 215435 200904 370957 408077 463178 398897 431892 338856 189314 235344 294026 342488 435719 379504 261511 352554 210031 368131 442838 450055 377661 417213 275614 403006 239962 345596 217260 292519 223062 231605 399676 448585 534676 301611 207188 210764 284163 283278 280071 202687 273309 242135 202732 413868 417998 330884 214354 365833 413764 321053 327958 181665 257327 271420 307084 181978 233256 385279 424878 493631 388744 409935 364955 247789 276303 456464 262064 171931 286799 312757 306936 229501 121430 270651 405842 375023 367874 309434 315578 427330 334191 220192 254935 237324 298496 253401 217758 230583 383334 419502 404554 273941 383453 271051 284902 465851 433277 359311 313868 252461 301883 349141 290789 271570 318547 355540 331416 222131 349184 378857 306139 350015 340955 411871 361343 312980 291008 398493 399742 352395 399063 357704 166524 254160 201089 210487 341665 345658 199763 365092 409702 470711 461160 461135 528657 467421 367707 242378 340331 253822 212510 280720 345257 421322 365354 233529 215259 376547 371080 321656 429083 380273 323436 321645 256252 227314 293719 204482 335718 320479 363319 438922 341902 354926 269990 335521 349674 348897 275620 293623 333507 259197 289314 319608 237205 371243 360760 302124 378557 296059 266850 292237 204142 387779
195689 310444 323247 482667 447020 354507 235079 255782 261692 96525 104287 188011 303616 341269 355465 299957 390521 332834 315037 187673 231726 171250 272985 288363 199002 376210 447751 510085 425416 269239 304567 436768 254781 297217 388192 476465 406006 499800 399857 218687 160775 368434 339455 301865 345455 444934 520550 382697 203358 288942 289163 259376 404665 456610 416940 317865 271010 412858 266236 373327 204739 200442 284552 414761 477586 471609 252301 299628 366946 284741 181056 153766 284308 264243 379624 396237 343929 177383 295588 413912 501487 467259 389840 455087 428769 391968 257142 446839 448162 267360 330254 380386 307117 313720 339307 362803 344334 321122 224955 451812 394333 470200 337276 176860 308284 338724 350670 385088 388261 384393 326197 303821 327179 421713 266333 87638 148456 363878 351733 265062 327057 268843 236218 159485 158247 269351 202229 248131 250081 356588 395173 379021 453007 325642 401364 288077 147336 163066 169890 139322 245354 332639 241576 377130 330110 296761 352549 305474 295239 247321 222200 232568 243566 335738 241035 98608 107809 228268 338580 442775 386891 311909 277857 335554 421585 383768 434193 467019 388728 218986 236420 334996 239451 190620 372648 321002 385961 311884 305765 327286 242566 195474 261735 297396 365524 316496 342506 363330 310178 231497 438944 450232 335090 243077 216712 190630 309189 302310 297620 205943 396530 352987 378790 484154 364407 404259 227475 227784 248087 220869 264293 304345 413999 433102 381222 292730 195700 380314 416436 448913 439065 481755 417285 398367 240961 350837 411736 357476 297377 146119 302426 366952 297400 161079 357136 442177 329256 384109 369288 399667 399166 345705 363932 428277 309055 343628 326657 338289 435456 310567 224647 199808 302774 419710
179498 347551 373668 338684 435236 392159 222776 331791 293274 268931 183443 137899 231242 375793 296393 392555 323875 224010 236502 342250 318749 231190 303091 203777 229811 316670 342669 488992 442411 311723 298501 286614 348579 246564 371237 449532 400876 375690 317467 259752 291372 391548 352633 373287 404947 335428 497479 339388 306780 311633 167391 252969 312197 463238 386446 341691 420885 376429 312569 400046 377591 264093 384209 298319 449552 480372 415663 417805 350324 317849 167267 332597 305580 204660 290367 487488 338942 198426 382947 483048 530581 423482 326558 360239 472361 359234 299558 361390 271142 332779 347675 463529 356522 387731 380867 302267 421475 186841 247503 422597 384587 306875 284499 242051 339318 512808 526007 455814 403902 315164 345640 269514 432924 434964 211756 110235 214839 400255 320421 349987 281510 220137 258575 151606 211238 330347 310589 235064 235574 311192 385298 303429 454182 443410 355365 210653 160851 217900 94635 161761 369513 361972 315592 262553 318817 366353 453069 455235 360497 254682 304202 329354 404862 492173 268810 175348 203991 278825 438005 437502 498846 413524 277412 397730 337512 273595 404694 366971 405032 161342 220054 395400 249383 351276 323748 364173 390481 186012 258041 166406 311482 268155 187374 297001 261879 273792 276067 365029 315141 334228 349894 447834 446378 198514 244001 329475 313114 394534 366645 358664 394490 257918 270332 224258 235746 343183 352982 199644 316505 334546 220240 312850 295218 491956 412272 353921 253514 346307 301069 386900 396818 445451 364269 354484 358773 429662 403245 458077 397007 228542 362850 444476 420180 285220 437410 284000 308858 419879 355008 384952 240477 227666 381914 436917 312347 311488 285396 223082 308853 442302 284771 317770 343297 324183
289792 441877 426953 213438 295648 390661 334153 434983 421485 404784 214224 166530 196404 225964 234667 341455 252780 227212 164012 371640 252430 364141 433144 181781 316799 327252 312350 372148 257794 260059 195885 335501 274561 257304 316005 325731 327478 184144 251190 375024 330438 349002 373636 357480 231315 275784 381116 390390 344142 284037 351955 306933 282695 324558 241945 395095 483391 386262 381658 455990 296025 332110 229660 358417 522112 484841 381768 266732 252582 239919 376494 494107 362474 234772 298918 424398 304899 290882 265910 458920 349901 394233 234428 216496 346000 415285 399929 333923 391790 386648 262335 364682 432516 477524 329483 322660 273639 296411 265479 331640 361754 242055 311775 203257 181140 462506 373816 463647 384376 341306 418639 288245 328851 300319 235348 274874 348709 452916 347819 385165 276420 405111 294880 337658 304379 298462 369414 453767 271491 429177 394056 308203 428465 471494 399327 330147 352544 224876 168450 305626 395596 294461 274594 309359 180236 349326 430999 432111 252277 317271 298116 258820 394215 473149 365147 336106 256822 292200 411917 369208 506429 381918 374277 401474 275358 314929 238744 334636 254604 187865 306485 387955 323785 340952 234385 342935 221596 282088 296763 407764 364800 407527 260586 377394 320366 253684 289880 352944 228183 201400 164509 324543 337547 280692 304088 395797 237573 398754 378207 357485 482429 422346 222717 217532 215895 337709 244260 209096 412546 319656 430433 310508 317831 281499 312907 378090 261734 307223 365413 362703 496120 444755 333822 301027 305981 430793 426565 492701 434728 267913 370833 374414 417996 353298 369489 258093 325518 329144 182887 226655 252379 280120 380937 450241 314572 329488 286510 144469 274255 383714 458394 474564 346778 301594
324006 422216 345439 264832 392308 433624 363254 453913 416355 232334 290147 313348 240345 272056 265374 207423 334518 302500 314975 248660 235453 268878 322412 351346 467127 377700 241211 281092 184906 276447 377706 304602 278960 239783 332044 301575 283124 132364 359199 400625 387403 424225 395439 249654 226347 218754 283427 401580 306933 250439 395021 362351 296355 273005 388507 363199 326622 317687 359809 390898 291533 301060 411264 443332 484554 368785 212569 207714 184670 249463 403905 337776 392959 352465 392638 339199 456670 272379 308852 415428 289530 311257 270300 221952 262631 450525 447632 388729 429574 258786 233703 242457 403616 280200 304585 190869 276854 358011 240327 266938 251425 407656 434498 234812 302146 340131 263741 293013 346091 369915 398200 235900 265003 203065 418638 385656 465721 385143 326285 351042 422343 322847 279879 355370 329456 294169 320626 293142 362133 393959 226392 240313 404416 494613 486810 356836 337726 220443 215165 319437 326394 253305 383151 261674 266735 474858 362849 310354 203622 376036 401735 401155 433868 483924 486241 360008 263542 269708 319553 297782 367976 331569 419135 476827 338136 406291 293994 263010 189943 221425 306887 327958 269043 353792 293230 312947 295599 318404 349400 341334 276798 305853 273383 227325 197283 279281 301069 405624 248289 180241 109916 295278 237891 325106 395893 317193 268876 348957 267185 348067 411006 438940 233637 294729 312662 197150 183994 318674 259027 274495 380275 340831 310370 217272 381370 457297 406756 390490 414614 263977 436463 395919 279941 303885 270286 450281 465312 542501 412026 373535 276157 294451 458495 500662 398731 350159 319834 261310 132805 330356 332681 322812 264612 291829 189175 155897 190292 238851 344205 396183 475390 520418 435278 443966
508331 367151 386711 359793 458015 425462 301546 390571 312917 232836 425747 460457 367912 449362 317576 271437 387084 440849 401048 306005 236187 265936 245018 446351 354894 249612 204266 230694 212268 200945 286415 268870 286612 211003 381890 244732 210376 267021 327529 387634 420743 452935 379482 335955 285639 130297 213142 348950 197840 220425 377952 280452 226494 328868 285200 188041 108891 189621 347387 403029 269388 389437 425979 378242 395493 392845 175847 207293 234504 332806 229142 252201 325874 325939 314276 353696 387042 222565 287163 357574 342059 315521 444768 337875 304159 468670 328059 331804 264715 311573 274412 379120 425535 330015 367755 222008 319183 327175 354072 354557 290503 295583 224678 251288 322292 323457 229908 179658 378409 433822 298313 438117 359468 283504 356601 425828 332900 243928 373696 384762 346443 351805 277184 227341 363818 402975 277290 339863 300801 322060 349707 428425 362626 384021 263019 182648 357935 326260 397225 387578 386935 341448 366036 194618 369770 363873 283245 286680 245489 281340 448853 381168 387982 487188 468194 326447 329710 411497 282579 224926 327981 362526 432573 266674 240408 304533 200090 146645 118325 212426 323855 292311 329397 411676 317266 360170 265720 389498 307456 250694 361955 275143 252165 143667 208235 260864 272774 482863 395686 258943 165871 260399 139465 235114 242823 304263 303284 247651 337811 291676 320898 378762 363418 305178 437601 249168 314281 477459 411902 319352 276859 372049 272240 286693 361036 386549 465308 453881 295728 381658 389947 297502 321519 294095 428854 328101 421018 516279 518343 356294 194407 327972 428075 424719 303617 463415 468292 313503 272727 324390 352831 360036 212860 325851 187204 239912 339375 353814 353978 291407 420309 452318 476183 446187
451530 287193 294170 355263 384485 330557 367215 400454 339122 252649 410704 389531 358166 377770 377036 371528 434828 375420 450046 315434 234959 306595 222216 292306 354719 242313 244421 189438 280717 318181 290938 323750 267143 304194 271341 197698 262609 279580 270212 242828 391003 485585 457801 395532 289153 316961 246237 226530 217893 256369 415256 178208 353079 398341 334259 287113 138028 352979 389373 310520 383141 299001 273470 319173 426938 332023 318686 230961 264205 262187 249832 315388 384677 339238 461423 486125 402593 265800 298194 335797 360770 371321 462648 390737 463248 457692 331061 207376 294665 242210 224140 410258 456175 346613 331716 309072 226600 339354 375159 291564 364082 203572 204969 269725 333935 442050 380548 313778 433530 377886 360535 473388 386304 345667 306336 355688 262249 374633 461752 381747 365281 366975 231588 264063 322174 269193 267405 305848 192930 385426 500994 318921 301598 140899 184227 227722 403833 426735 521105 482137 449498 364868 324536 320562 390166 401410 470271 403526 358998 294860 317393 318435 435354 398622 382876 352169 358459 456002 286143 185270 338967 281476 246958 132985 153601 231192 195313 189349 191937 174070 278664 344696 270427 445734 537056 388519 281038 234455 148323 266783 428822 391960 292503 165094 199446 220727 332035 493056 429862 262807 139519 249879 145416 172175 293953 226637 368656 299348 409517 297565 375928 400797 414356 311532 284728 232395 357400 465711 523056 364230 295493 423218 243611 235160 257869 255074 418094 350748 332203 259085 268860 323207 238909 405879 414022 310295 349320 378935 342690 297983 183324 270920 365291 315219 383938 412879 379612 343684 217440 185683 242305 260983 330991 360635 310438 353132 341006 409961 390642 383018 325486 311335 470996 397411
325886 254293 163661 166960 241538 233679 230269 286740 281863 170577 355706 248583 186475 315852 342047 358771 372020 357647 269674 271970 351572 260808 154816 296733 355153 198107 280883 199787 380397 433570 252427 170023 201169 319353 254157 280270 475508 375913 293563 297497 250341 344364 294294 159450 323862 280288 227376 204517 223147 278256 288261 350340 462116 367949 426167 256534 288079 408853 429711 337054 297620 193822 217862 465003 408380 317404 400480 320158 198169 185687 256471 346373 296345 289105 378756 419525 393413 325791 408163 500349 359056 454325 235430 311106 453949 450622 424942 234493 396848 209398 297588 358035 431927 264323 317253 359880 272029 422215 417436 328022 397982 255903 221363 310315 345612 406701 317680 464483 405862 348509 503801 491431 382466 292504 306015 254204 281575 463276 410129 344236 453777 378793 314759 400534 283989 320846 284125 247532 279080 350197 374638 354172 349556 342997 275090 289678 298079 383833 526071 433642 310650 251357 258785 401616 345684 361965 352206 457521 327764 348372 201772 205658 335466 223136 371353 399059 348061 402907 293168 251672 338567 209689 196306 214814 269963 291214 334731 263670 354019 264043 391838 380560 229465 491690 434073 366189 272777 176779 107371 234997 324441 365588 260013 113682 316394 358003 356912 363797 405339 296624 202378 306275 241563 209644 243729 243098 335382 437631 406411 502642 433355 398977 450190 277040 217499 353644 333542 477114 429578 272953 375099 367206 377511 351371 343173 313223 264038 394106 304569 246507 276484 294044 380957 453439 380010 280349 230259 143127 298894 256095 133067 210545 164263 351546 387052 318994 222370 255490 232295 180460 170493 202904 276681 320237 375339 379956 242493 435002 434578 332517 308734 170975 290265 305581
231444 388295 176765 151456 359613 227841 312286 350059 312861 199013 312913 209934 247233 323545 176996 207460 418667 363786 205104 331836 369910 137744 322265 334560 399024 329455 231971 364140 404724 392619 228070 139489 282072 379693 319843 293980 308890 296210 286520 254989 274102 382617 277070 262492 407004 392322 352663 340525 247771 199463 297477 349091 304023 223034 301980 329866 279720 280303 443717 221688 231285 276255 173149 336790 340340 313337 384622 264906 213232 188101 236475 349905 334148 255566 297842 392415 428548 415901 474473 320237 312232 230687 153810 282417 464856 330981 260228 283741 320242 271732 239041 295295 453201 344610 373781 397892 279538 287670 379934 278433 385664 344059 375553 503950 512958 294142 259655 389355 255417 335549 417218 453968 323457 289313 251867 237303 327513 364573 191317 310013 426959 447144 414843 392324 333367 251498 305167 281142 322749 400142 307352 341413 457919 458488 295349 301314 168700 275883 466034 412395 295002 373153 386932 347930 358165 208457 286619 264417 340161 355702 185866 285936 329625 219108 310322 284695 316148 347720 199025 289322 314608 252555 417081 401717 301191 301595 334304 357357 390349 285583 430631 240600 319711 430060 327018 347622 233403 184403 127276 182185 200971 253495 211751 344157 435938 434883 352945 234887 356375 377912 260705 294017 363850 275618 228456 249555 414752 417580 365288 410802 249742 375517 390089 362136 259312 282363 338925 324209 298632 228322 281843 306748 340129 311870 250432 239442 245518 388272 274706 269599 133574 372805 380768 296950 304939 232918 198388 285890 302702 185412 152742 242521 288463 468473 393095 321686 361971 348228 287634 208966 175044 155112 273488 278223 467506 269092 284026 349407 330681 328405 257119 218515 180663 247538
360363 416046 250793 221351 314026 307761 441164 395719 351057 189439 299871 246960 308901 230703 193136 278529 257036 205834 270735 392473 310401 401624 334092 337528 373342 382693 319455 433005 455944 295612 341475 267943 413197 435825 442767 259720 207801 242516 164164 158009 392712 306201 296663 397691 461866 385989 361936 278671 319081 263222 294241 280038 272575 205036 259897 360179 208552 379133 449330 248856 379754 278830 270389 240820 318470 318692 347947 283840 179082 225596 251528 211767 238264 173491 199780 311479 434965 361922 315607 300841 319378 240105 136954 291447 419417 258418 243161 216133 317093 249473 242032 406843 316491 246776 179938 274884 225310 210463 211027 223417 483923 494184 463118 506593 468524 326839 344754 337490 379422 291280 363412 450906 402502 225483 239532 289375 454033 267625 211715 272242 433218 472835 447651 479819 326696 344553 353600 329502 332925 419129 347627 343842 503157 453065 245715 277993 302189 307125 428074 267927 412963 491935 362579 285110 276760 375777 221810 277613 427204 292570 309828 322799 281018 293299 330458 316500 269669 333304 253682 428403 344136 273148 443737 466421 449063 421937 344221 332703 235055 258323 378399 341306 342959 374383 308237 233296 190579 234560 172690 262502 232811 229211 345405 415012 244525 403481 296248 197484 355272 306720 288327 246248 395712 353195 328040 359911 351422 378019 352327 388879 306107 407230 431082 375379 171181 329671 351470 330082 293988 264879 131386 299825 330510 446887 351370 235047 236877 327105 336827 261896 222108 361773 324069 333022 456937 294070 317905 402822 409098 343028 176053 260659 447422 306907 185913 234578 329926 209890 182818 295367 395617 239346 276444 278215 299668 204998 262819 343655 264261 346572 255722 213553 257050 348354
505603 518181 269775 227303 328976 347103 464577 476655 300812 391051 296901 244416 283614 137821 182768 180560 205725 229736 326457 280819 422141 438399 239256 280613 229045 314834 266072 415506 404505 361803 255548 352169 308286 321217 411222 350596 131487 124995 232435 214635 231587 153429 235009 488784 448579 283218 196932 226696 336278 440969 320695 411997 377919 275037 198977 353403 325904 489894 443443 236872 305980 307510 337252 259351 199667 202652 413928 281329 263561 272355 263383 254562 288227 230832 204015 375634 476639 373959 317276 342868 375994 367841 265292 282899 389402 377452 283981 195962 200878 212797 306106 361557 276578 195601 260767 232384 218763 338152 233716 299618 326616 429233 520962 442286 378021 396360 343570 374340 408864 314418 404542 403381 254705 320810 231655 307819 273062 203235 63168 157189 320972 352420 387945 307290 293619 408710 378710 395751 495314 515045 340142 263354 442922 388819 212970 163007 332399 341975 405767 215502 497265 413357 319804 147074 225991 284598 263330 251891 385640 341706 316037 274266 323100 351454 450838 412621 264529 311106 273766 310284 346686 269716 330580 302879 529884 520637 395649 338498 208632 206529 408276 330583 374726 361549 223339 253563 332693 356204 227906 278541 343204 434054 434445 288818 264420 344995 213616 163462 278923 184535 281563 290189 350386 256968 311794 432379 312883 392752 361401 439910 309920 419274 325947 288801 258134 286444 399193 376218 432125 431595 172785 233651 304107 292443 238082 265033 168724 353404 344076 219788 223707 329654 370039 340892 320457 324887 271243 411646 506427 467041 328486 410001 294852 213616 172847 325925 284995 152245 198805 354248 391241 269313 233143 247993 246665 263731 327106 293181 294209 365344 331185 291988 431845 458558
474728 390863 187041 389195 400503 367716 442263 396929 272938 376199 238904 280418 296097 206932 128642 158815 267024 297975 221938 207296 457353 361594 254066 165158 278560 279921 333451 374558 525062 349481 338483 297657 232791 270377 495975 446763 258971 275761 316952 149537 185769 117976 190730 363435 309314 254383 217785 181437 357580 378920 303612 337220 267294 216465 346448 448487 318583 367966 272895 272112 228209 378773 335778 399347 279548 225322 234314 303798 321079 276570 342000 338727 406006 278583 412938 472325 451933 387622 415322 234508 261442 306628 300434 230142 271870 379731 199492 237181 222727 293633 353311 301122 165918 338636 280839 203858 260952 400427 364025 345732 270180 409808 448838 257295 293274 245732 253790 217308 363993 384650 375481 241438 277236 352974 359789 329198 315210 243471 112718 123459 177333 225083 296508 257267 402627 230177 290716 324274 472314 410801 276900 169719 320967 384062 281345 141401 172613 315747 312040 290355 346082 328202 227407 223592 274027 291908 343657 308803 427920 436140 415704 426372 435745 217429 405829 442077 374042 239427 249977 295925 386300 340467 226465 364831 375683 326272 356509 320162 277424 232594 281904 279204 519926 473359 263442 335595 309643 343797 260672 324204 473158 357993 308703 172864 257192 243854 180379 310322 188651 180543 240069 261815 379373 229057 227275 300837 380964 358653 368760 382357 373856 429222 348710 331824 175076 206702 360611 294284 491355 336240 179260 235831 292342 347327 310029 347382 349824 300601 390725 241972 192031 393220 376489 322761 311501 332739 198735 285017 445400 363163 488382 441414 332740 200333 271853 223034 188779 246919 248075 341769 327728 270853 204667 306170 249207 278703 210771 329028 411915 281693 344990 344828 437042 319509
375797 268820 255282 322864 341704 333592 430313 321856 334070 296923 347529 393327 332277 322307 263669 135410 223847 237813 209932 198436 407785 361465 294941 219971 273827 245109 286178 337751 438025 329871 391999 298342 206318 269212 460909 477148 427025 367524 263888 233420 274742 209389 347696 238100 178066 206374 266080 337138 416416 442955 368064 338683 167839 342154 446121 368449 228316 251403 228948 316828 381675 304532 333691 392989 370345 282124 249391 364777 325310 171857 327094 346333 367972 357032 400032 462042 281071 408493 323018 224082 226566 357614 375300 169844 311136 339508 262901 364103 280169 242492 326724 212614 308486 306916 317045 249647 360691 292373 316955 431118 449338 334642 360684 398578 362085 372834 371421 289068 206608 248041 147841 268853 236897 313180 399225 340466 206497 209277 156628 254483 265380 343684 172804 198710 362622 198357 306770 485590 401837 394177 416497 232078 194322 398688 233143 127510 164128 288573 302230 246240 246608 275895 114145 273101 378099 238230 341036 364555 375157 457275 321050 400222 393888 275967 448358 485662 394626 435737 315944 463892 432190 293412 352969 408183 289364 166780 351122 424692 321118 194156 193881 240680 512575 459643 274773 362699 272550 379658 193417 312533 404093 320091 187042 193344 271664 316127 312318 251517 154637 124727 147146 204276 332896 194419 171621 346220 390987 226556 270817 374521 388150 462368 439677 412687 160871 178643 176586 284125 344821 242966 182942 225578 327129 401575 320665 392220 400383 360902 456465 324979 201012 409363 275579 342650 345141 384552 284235 318433 260677 254284 440017 515999 299773 225309 268921 244032 359130 247483 120602 167662 269838 147364 170997 319976 398505 462254 439907 427009 376776 272894 359256 414734 393497 278330
227015 150680 294638 314577 326101 508420 367229 331774 195998 319057 269793 319265 349990 343660 359196 171245 267517 320674 279570 265792 308761 316515 271600 326814 382278 341567 413560 387995 379388 348271 428162 386247 374567 311962 448062 421201 503036 346635 410614 344862 331757 328929 455330 350778 179218 268426 356639 365047 405276 434497 505398 401639 304763 301145 353197 327841 271047 324921 189428 252759 325926 356375 353088 442246 407629 251473 287596 228362 305773 222859 342089 409395 494076 457969 333551 373592 322012 341998 307930 297563 232156 287377 230446 164416 301378 196844 341475 403409 422276 306040 273950 278275 265504 223420 249724 242930 319538 259216 322737 342574 300395 217989 253761 299991 226516 255102 340757 338713 341214 177378 188587 292764 258528 370856 508465 359015 264246 207097 260088 219443 320066 353837 274585 205023 376158 185077 272693 292405 242667 346647 350447 241569 286965 258582 285336 266399 223385 270891 293231 258459 353790 239019 154611 403487 281511 205555 175911 236698 320542 427744 305182 297106 409984 338040 358175 280352 353707 264599 279740 411748 337341 266445 436733 513582 305412 305314 308297 378168 270908 137115 192109 276450 505765 403847 352342 366458 397368 289621 269542 352115 530414 338986 298937 368069 349891 363303 265994 201872 283028 99490 198829 322917 328050 304930 278875 420992 303813 209595 184962 316727 374820 375311 454357 308455 307503 205248 333397 231175 229254 316655 355590 324424 432478 398982 373997 331308 399836 364178 480146 378499 280371 238713 324749 349324 338155 459441 436085 310860 311659 279007 411462 321538 296475 275433 240521 324529 299025 195074 99286 276604 322068 254274 327735 346207 453862 425978 457109 245491 242971 337148 385680 463257 401632 296895
76654 140949 294130 197731 191763 383080 362467 327207 320690 369690 259160 245192 358494 392989 432966 278112 403329 491453 313171 246670 200743 322393 332973 384592 461900 278081 297377 277468 345540 481921 424997 262512 300203 283845 398125 263606 305464 327427 390057 496873 513462 387901 388186 297207 330533 416525 360177 402856 363057 387684 423131 416802 349781 333039 321441 339824 278016 318330 165408 203909 255397 360953 234079 347530 283676 293713 355210 347016 230779 256898 178455 333755 278884 381724 190833 374421 302400 347834 291940 321038 215841 214392 220629 217972 219018 240987 319460 342085 332632 247255 273647 292760 296358 308087 283415 228628 276382 355376 271148 246038 156273 205612 275178 198446 82636 102743 217711 388556 267893 156465 149681 175981 181633 387061 346844 377663 177917 199660 220534 191613 326631 230335 323119 237923 387359 350330 216010 171081 343964 333589 247440 275457 352498 316433 345646 383925 254184 296750 240608 299123 258299 113744 157281 368277 222427 163127 144969 373250 441541 389795 190207 162366 301467 452690 309958 275869 237391 249669 293907 452002 287045 360931 395460 448912 356604 457364 276215 396985 286378 178753 105529 287481 413998 355392 357833 250240 367026 214920 363376 433280 324805 362202 440158 481364 434658 357484 285174 369465 368635 277457 312679 350435 420709 403434 394251 269981 284355 193745 212429 233333 235637 391185 367712 381539 301166 278981 295230 243878 261943 325814 289817 172861 283893 301988 318186 272032 257118 418554 482385 385368 243749 220515 360956 169421 279473 318965 402152 249724 282020 298265 320020 268513 344233 236815 218710 241937 239376 262058 131089 218348 338672 317908 404801 425320 249874 325718 294570 113555 219440 255073 271644 356481 320062 271328
118841 160703 253837 188500 318870 338303 312333 402310 327524 327272 375632 262939 373395 415004 402243 343987 455124 354740 215233 294677 386539 344019 301520 375446 383284 285881 125028 152653 235234 282929 210783 269053 302834 441004 340112 189582 299451 358204 298024 407477 355152 342377 197278 332855 392599 411594 277576 248054 364739 354026 338942 469021 509895 422552 325641 280596 185196 177005 214647 136002 235581 208406 219645 362765 346771 371792 515437 394534 261520 281957 362407 239289 285632 306043 393518 355593 417347 429236 308587 148920 242153 227993 387660 349016 305484 341590 263288 264461 252745 283446 138534 268581 222537 341045 372907 287236 303187 376882 297850 259302 163519 211302 435825 338113 137123 249415 332208 409479 154009 130375 229987 103091 198095 387225 450883 486113 380227 211443 213749 256087 278227 192836 250656 349527 340808 353541 220608 170422 243239 183257 187088 376349 298033 339951 250431 299684 303755 326075 274449 270444 148951 114922 185101 328879 220571 144032 261964 414281 341313 305415 183925 209684 276203 362711 348767 298930 205679 194802 332414 402409 446627 445626 416248 449780 449608 367785 260395 343737 272841 168917 204185 279407 311492 428757 339169 352938 302096 279493 342960 426751 327241 353881 419954 400017 374588 325421 364066 351176 356548 256733 150207 345953 326996 477220 332039 327625 337899 247193 217610 213554 310783 314788 401401 302253 291636 242782 353624 381648 329710 187646 228521 216696 394301 377621 318282 216239 199240 396097 446394 237993 307990 349699 445029 371397 301856 262864 425331 313286 269896 425370 390339 309911 205668 287231 238833 335120 439008 272727 207631 274838 327565 354221 413573 310800 322552 303245 189399 162957 208088 189869 176375 340741 220916 162508
208842 284534 292654 339070 468036 380478 361981 418201 293032 197792 378860 220420 383784 328483 366946 325348 331785 263736 251268 403407 489181 277589 315576 501636 466424 285785 261253 161483 204811 158047 239321 297626 476708 448232 252345 300485 248269 300134 371786 282222 336692 323232 307101 290275 300670 339539 295428 239430 250056 303525 236672 359324 430936 344456 422842 410597 262060 209546 255232 284155 238358 162825 334487 367068 224022 323437 436191 303009 241566 315398 317974 304357 331847 310306 429396 296117 300389 379513 299761 300660 288512 378102 360483 392720 462424 403066 332946 323447 377759 224785 223536 210110 215545 395940 423885 382823 293577 223231 307896 255716 174495 172150 366332 369588 260509 316883 431730 368478 180023 251037 292580 168915 320654 516073 532944 548496 454129 255207 194102 194515 265330 201987 420155 452228 365312 264172 299024 263237 172567 136972 188329 258883 219345 407300 320622 215658 226554 259898 267735 199353 152803 205003 290871 247637 265635 261018 241622 275058 319427 301638 338243 408923 375429 418656 527680 473554 241078 333538 505833 544403 492053 453397 441561 358817 437196 311912 419601 355555 334736 166227 253417 136394 228100 309852 377889 477542 328256 264935 396270 449083 380731 253669 230482 252363 354652 427305 477517 397303 349208 226917 304175 427301 211542 219753 333309 373420 348143 258806 361684 276151 233908 289115 313160 279982 182069 321259 346017 449283 289677 218406 234385 396274 377244 236958 227791 119741 271828 363680 379317 404582 360770 464720 499585 445720 308834 324398 447347 308847 161240 316332 400458 415861 424568 389427 278438 337069 352654 284205 244465 280890 412007 447596 401214 348228 400952 367453 255273 204483 234206 350831 248568 176975 224156 226443
326641 470155 441925 413296 382535 360333 424129 436195 220231 291472 336424 295772 258711 343845 264784 274668 214700 215888 227625 486753 465896 298459 373409 408495 303357 276327 364525 312485 249318 240975 224751 394705 527743 382423 306470 334363 209714 279956 334070 338982 226936 278422 248325 158597 110707 308634 270395 314208 284761 339287 187807 275326 300773 351003 414680 431000 315417 313112 339831 346324 174753 331481 452750 446059 278671 293022 267336 329808 212139 227489 412210 474883 324095 354765 434819 300848 188049 212753 274231 279972 319695 302624 258775 329120 409327 292951 249816 332399 415918 204307 126368 232928 280399 433460 390107 322178 174320 309853 407042 431061 296911 214369 268882 365701 239182 285858 253750 286705 257007 355450 229024 301287 483955 525186 395655 383461 427221 289187 262020 212439 336580 363311 384192 453099 428227 335687 355137 323867 245184 203307 176095 215830 291710 405372 296611 259586 287161 335178 160055 108256 238192 451759 367337 366941 323731 247944 283918 392436 354837 441682 450305 480603 403531 387874 520535 425754 202558 420735 515420 481814 440454 507712 335756 258241 280539 319474 400176 239377 257057 213912 280670 225009 141928 235743 383910 358939 200197 270071 331475 364157 290414 184071 110356 274050 528247 516790 376996 398089 328164 312058 318878 318384 245453 194199 290335 397154 201041 272606 262547 257616 292794 368442 455951 259085 252048 289721 223096 271325 303473 273601 357876 343756 388218 292875 294182 322373 382094 286553 398755 392211 406806 360006 473648 413437 314826 456875 332607 256832 228856 308173 292699 402385 511408 411351 269301 307095 447346 237245 150055 172513 301175 373097 322078 390193 239957 313971 331950 205477 429344 449726 312128 326045 267059 287711
275196 389937 500366 395754 210086 305817 467274 299069 345227 224767 317558 325834 366718 305637 252986 363041 322902 220780 317394 505176 493404 374244 363502 354107 278167 269924 430060 453174 378262 293964 249326 448925 442721 369136 275919 283572 343253 294458 226908 341584 247055 356766 426266 267642 270795 294130 316972 337504 292860 318465 211758 395081 377742 401304 448222 352384 429894 400385 471008 287713 247491 325803 435222 374929 332907 178488 228954 422980 288288 322969 399118 329975 158294 243604 452365 359330 156000 128403 215433 243127 317654 330448 282567 199694 308963 317185 257369 371629 403926 188014 259056 356841 375841 510989 420581 315499 155452 319105 308949 431961 347800 299607 271921 420875 413057 304166 203224 307271 408256 400769 292885 339168 502190 418105 207200 343077 243473 235295 269920 330909 483843 323067 266573 409303 365615 275323 293461 345803 321625 341281 323434 289142 305289 427755 229741 254095 300890 369165 261628 178536 269077 402611 394506 298622 157689 259025 439252 400390 296113 322524 485789 350627 306001 435833 531202 454555 233152 379286 406766 411786 324659 374076 341555 246051 204484 306843 309635 293491 182759 236104 339396 330180 229915 390568 467077 248259 314863 266076 248851 297038 231945 185554 300391 369697 456347 339730 320576 350251 531849 325675 383437 245162 409954 235764 287674 367136 312138 218841 205276 238632 286538 393235 315297 154846 272160 285020 156212 220187 396821 454026 404367 263349 277095 328032 263778 403375 233866 324120 265556 279664 309618 293801 364736 306191 292920 297066 238434 173768 426772 383252 341818 275507 380738 376430 179484 206497 370484 245799 337667 228920 231191 129140 303471 267895 189230 356252 363373 325836 449137 410924 429761 352277 151722 382972
340170 378267 427684 349886 188326 276496 350582 305563 246921 330858 340851 389853 408370 183636 287125 311048 219144 226824 354493 415631 376146 330321 335747 292323 376262 245480 380315 420406 404830 340765 195263 417904 326292 295016 265740 261256 377349 310253 227902 332896 286138 412137 418800 369473 280094 236998 452141 414117 475487 291985 228312 414070 266426 358376 327800 309859 231802 234245 268429 303741 229791 256652 388046 260288 298759 217755 303841 494892 400464 437383 282357 195290 160404 168871 302310 423023 210242 181633 326095 267648 422451 400181 347120 317258 334359 460037 450822 412589 425901 281924 316388 384291 366370 432477 456494 365545 196628 231513 327656 400693 426681 388178 335070 442903 355316 377763 340609 321791 486153 359738 295084 324481 332205 330822 377921 355475 292253 240754 361666 395895 374014 297589 202282 326046 338270 162667 256151 203843 148525 363492 339438 311657 186151 234104 273101 291653 382843 402612 337478 352781 278994 471483 409382 374473 217223 329490 413029 405855 239459 299544 339100 173657 196312 390778 479226 377113 347276 285938 389935 346101 289187 301114 328581 239167 175391 275664 333746 410347 279089 380058 382805 230664 260092 371035 384556 250644 225002 188609 118814 164370 173640 244568 392283 479320 301226 249417 280728 402610 345975 385614 382142 308005 410840 375726 353066 307469 313120 294696 275134 99986 259580 340926 218539 277833 345624 300237 241968 220094 353816 493289 335707 167088 255822 327515 397768 370341 370710 333869 213554 215467 352573 255106 234097 211036 287549 231228 391271 265117 335280 283902 282462 217665 324401 353056 261255 268744 299955 419154 484757 383850 232037 209435 308590 296753 191644 241033 403618 396085 391764 364568 397997 228660 334091 436049
370216 323842 383899 204998 316669 286588 327800 248363 331260 360829 473913 506982 450608 340805 457012 367020 196268 307992 224500 331283 297776 348078 432075 371954 383431 353051 258456 248662 380282 238399 197328 390104 370349 357430 398102 270295 257480 326669 227976 326975 446564 470975 443946 329297 328062 170508 284424 399948 328122 282205 240040 357932 308630 347110 218871 261493 123378 163212 275465 308825 251339 255377 333846 251393 416201 261933 350554 410228 373843 317995 169187 223410 148839 191484 326149 400524 264414 366053 393936 320349 396809 363735 380952 449674 471299 418913 386231 322116 389663 254805 440602 397083 395595 351993 392978 257084 310605 177410 253652 388237 418929 412356 448886 381132 399275 433768 307848 306736 356358 146050 173869 149490 298538 438433 438488 315705 436959 352496 346603 287129 433487 281571 290252 303190 334016 303435 387802 294050 294082 422785 475779 347399 186254 194747 412108 448953 367536 325800 340621 384382 397658 423985 362123 217591 228879 432864 436181 410088 256113 345124 321666 181866 251125 316434 346426 353045 453366 453044 300162 187581 242680 322733 279408 249484 286768 173767 390454 461118 342740 452705 254107 193647 362625 431031 270595 226147 148823 163892 293190 204554 239876 257273 339971 272078 250417 236513 324334 464489 423598 445023 325632 309953 332977 335044 371884 382728 320849 504546 271897 214800 312086 257362 221343 325729 243593 292291 289241 266837 298859 308743 263706 126266 265259 216843 360995 358459 347928 234605 325774 397525 338166 242554 280353 289235 280254 381967 365550 298760 182245 210948 220003 365505 367470 354165 266036 251175 276116 484397 472753 357546 236601 200016 199128 262115 152494 196598 384648 399887 250666 226107 345669 250898 329330 416163
323376 262296 247653 317954 304055 270752 209290 265492 317671 282746 405736 512336 415699 375162 373337 459493 379574 376808 353684 323000 255525 215353 491530 462608 410538 390383 168677 213266 356112 248338 202453 443877 397023 444032 355963 224043 273710 264280 113579 165514 344640 407787 364314 301012 363010 135132 272401 250557 362766 376218 289954 418266 386316 233824 174825 287097 176075 249751 153639 279043 149157 213667 169873 308687 233745 208959 277866 446914 320134 349027 378050 236401 169555 260779 424425 362426 392517 458659 388345 215023 447528 481117 371348 428014 376463 309360 359335 237057 323077 236387 400647 351857 382433 352611 328437 269038 441306 292928 270198 347835 451549 474244 362005 402030 304470 250418 282009 353878 295226 224603 289615 248547 323255 534383 318374 341115 433722 276161 222332 251525 247407 261091 428418 447338 252074 320405 241118 379194 300343 430870 458159 304390 261269 370116 343051 392177 154142 135497 298255 290655 309659 375061 278301 188525 302816 426122 444484 351557 410635 352951 318040 344485 418359 302024 288068 395249 412427 327921 188952 189814 312711 435604 200960 367892 382814 265606 325011 305019 382157 367801 270851 224275 332400 422361 398295 382187 192835 258611 412337 253651 237224 359903 360105 264829 320963 338914 367306 420721 495648 337513 308522 243208 273553 183744 391275 305213 391201 407201 314850 325514 311747 214020 156253 240910 268599 260201 217369 155826 156742 281716 261740 192567 323919 382118 359688 464225 280104 303429 394538 350882 332277 422229 414387 305105 262880 315330 307614 370366 271063 223998 337167 392198 408570 302497 220909 270382 268987 475803 326202 263216 299704 311499 227305 216042 209648 204694 361818 266612 245370 307189 344381 294772 302995 286006
381668 274586 255982 245220 280775 358308 404508 303953 233216 323999 256838 355085 305159 386849 298278 378066 300228 367764 500492 345714 359442 305751 423079 412816 349676 353387 265701 231691 325851 265681 266157 396079 284287 394553 431624 343562 220693 209934 165068 247805 333626 391589 356317 330025 230977 320475 240124 330655 351236 422148 462548 395412 348195 271217 180115 219869 337764 213844 319622 352257 317965 224911 205426 271106 290103 223943 267013 309946 186574 337488 281578 242665 187985 218608 330270 392298 340826 304465 443594 404970 482858 443418 207009 244569 310368 355936 325902 182221 215951 282740 262535 356832 312636 296232 216482 330865 480256 392287 262948 255611 350382 228530 250733 367023 291043 208529 245906 351451 221193 201527 423201 205989 366691 412002 210193 287095 370998 231744 238245 262061 316517 264191 482016 314385 381365 385144 249125 403838 286459 294355 367587 330501 352739 379264 334701 306736 217921 252951 358135 176072 103274 136743 257633 343274 435037 455100 390744 370907 328335 303710 287305 461393 410660 241733 335090 421127 299010 170913 248225 208739 389493 367552 281664 425632 417799 200688 126112 237174 478190 418004 383163 252882 243278 416945 442428 410449 322939 314812 392011 324168 384756 426861 416614 258614 223324 266537 278595 369915 413275 323328 441418 310991 397084 236674 254521 268426 424956 339705 427156 451245 349767 334549 166115 314597 369533 246145 209157 181046 117866 230806 264890 322256 378818 344369 426880 308877 268876 251262 177597 256210 354876 449972 438825 356771 335987 167275 287139 348735 355335 349748 452569 409772 283033 207286 237297 335571 423698 441228 251324 331272 437339 493171 264355 203835 221688 222655 202021 226058 281298 442204 496956 374903 315305 201469
472489 397054 261800 176658 284282 338093 339418 150958 303853 336073 254574 161854 335576 374030 309648 185183 239469 361065 345485 303226 275810 369089 344332 261075 298774 314482 236944 319519 323235 219693 239280 351401 260613 385388 411427 377362 257174 309303 159096 198253 268739 242558 291681 368702 280758 339057 320469 276325 270928 390769 394808 307796 386945 278313 194840 225847 303003 328046 295168 445035 497540 276660 348336 253530 326558 214404 302023 211650 253612 180309 182866 319305 282764 177559 335057 394698 203223 220559 464576 469635 525163 390237 232676 176346 323119 247783 267334 148472 222480 285463 200735 311214 333035 418598 241414 431849 359250 344375 385842 285521 272544 165284 237294 291688 359455 299246 404796 437816 292021 329905 267551 341965 338167 370973 196939 226825 269798 187080 207443 344680 403952 396786 390339 276467 350773 340929 287053 378606 331938 207807 294806 316687 330073 320191 272778 171539 318193 240572 391244 152217 117626 195152 372710 482994 503252 451462 452251 396440 330213 333238 402428 503706 408691 359474 406638 392754 314291 188611 253824 361097 428177 295843 285131 425369 276557 246858 215734 376129 439981 262353 296440 265870 273497 354127 300551 374007 393810 304359 321266 386546 390754 535641 455882 332765 424958 368605 323982 437416 285907 206736 224026 271542 452542 238178 235712 170753 229437 230661 260781 302134 375398 355784 245333 289827 345230 396725 364917 176700 111522 199271 410134 379364 263687 213163 381367 334976 403146 360073 315702 304708 394072 358888 245993 286238 339739 370032 349725 319680 395740 421847 457344 452737 257493 347254 283883 492415 444463 391703 380860 309535 514765 472010 175054 200746 306680 132086 196597 164892 228621 472332 438853 199347 249847 148984
351765 310530 186795 318665 337863 458630 257743 336389 424181 247361 325236 365285 329579 300266 312108 245026 407339 428248 339857 248232 258497 359203 308236 231541 257952 361107 228388 276786 303077 185815 300977 249734 315843 375150 256243 373168 310619 301795 254621 305038 360115 254858 278178 384145 237499 355667 270756 307023 280784 335123 319905 312720 271397 226944 218578 337254 301246 344521 385221 491416 455996 377538 381189 335645 173271 361439 408869 321229 313352 122118 113345 308436 349878 269634 391837 350349 131849 238902 292405 306246 478232 318693 196949 286768 280927 330240 266360 248720 271164 366109 226906 129611 327146 356845 373739 370616 169477 222690 332835 282007 203718 267931 198571 168359 243668 373413 353152 386313 287786 363652 306697 286881 359035 213893 144765 214410 321906 252000 340438 439467 506672 410507 375195 188621 250436 363707 267037 418510 356176 248230 238519 208532 385862 325497 239269 320722 330769 353874 414604 222059 139789 147670 313099 389453 296530 370328 481449 420983 415747 290842 423887 425325 448542 409806 320525 250383 280737 321704 236317 304234 274431 351872 373124 365906 275481 288618 297408 456386 346741 229531 333367 458563 349283 394507 365537 468270 358765 247177 270927 210933 292167 454475 352931 264522 393762 339879 287184 430129 206744 92464 147028 397625 487427 365857 377540 173042 226030 293961 205235 249428 425923 390680 187032 129874 353345 407579 347917 121077 142245 193861 306432 285203 180473 242828 323293 400253 390503 424393 204293 195022 212431 231064 304734 314264 432644 450349 210339 253771 330010 382742 412773 282612 332798 214495 308345 372657 347567 338422 379291 325072 394226 353573 324030 337690 311943 160917 158326 158943 287445 376406 384805 291296 275672 333417
247577 241242 180181 229581 364500 378331 265806 443120 288253 269258 344200 402899 201975 407666 376069 412935 388798 431040 334907 255518 232451 360176 429882 270627 313678 351505 285664 361547 286508 313665 291677 188640 270742 227437 248838 248842 250916 349487 334053 476241 450295 421885 377232 233468 207773 363822 299127 322064 156785 155106 190557 172617 357682 225882 345474 416585 253711 311460 492676 444683 491636 401584 293132 387323 330947 375451 451254 328476 240364 96351 183733 329259 384803 309674 439403 362245 236362 229582 159983 344972 395412 299850 267080 177675 251893 307975 295370 440529 457424 457751 334405 279973 368499 408142 360461 245402 176876 284308 341297 288140 297199 326206 223607 253645 323876 335714 236392 236769 317179 407233 335664 275374 363280 226756 165898 430960 292790 241123 254518 405395 376595 274037 287103 131783 222618 311933 216063 402716 316548 120967 224501 310170 383733 257163 197847 390447 264780 332425 334198 384177 209737 198607 325435 217707 182259 436299 412473 403297 434055 378378 351725 414012 335690 340479 237464 168628 249866 278140 153094 212323 360306 449207 335003 349172 401969 386430 382476 461280 293027 350253 300336 391083 194536 271623 326420 408199 193479 269023 243377 280211 317864 396192 389299 427461 353527 319403 318651 378563 240153 146904 276876 412871 475546 409538 291243 302844 263462 356746 330874 272438 402741 270370 130828 206742 424595 256728 271264 259025 148673 142141 233996 126625 317402 299872 272918 291982 248570 359023 266917 209896 268159 279646 305592 372050 440252 340192 179538 331818 447835 367911 335621 355172 323392 238623 301958 356350 374645 243817 418967 381779 228009 365150 437426 374880 136432 174364 205547 319245 382154 281321 306496 336517 337629 372000
347875 329041 236101 360687 408181 450618 326949 278274 276389 347766 380938 237271 228676 311311 361374 330779 414243 531634 421158 279061 121899 346721 403187 264421 320218 305587 442681 341728 335427 137172 139098 197427 228097 326592 310703 237005 222540 271039 374065 483239 463905 464631 338919 170458 350426 275675 287329 360867 358478 273078 297285 374305 303570 239041 351124 406952 236603 300483 490482 461137 371112 265882 172778 339950 315375 227147 349029 291615 278350 206902 224858 292857 288835 353360 338358 394829 304138 267801 364623 433539 391935 410333 329245 255387 225411 246161 255896 465589 348897 380388 376709 245953 327846 404885 321717 176784 151874 204800 212891 350709 424198 446385 350256 271418 328181 285851 282704 276992 388039 393026 292221 322716 317416 271542 282357 254275 165429 189929 272760 300151 218962 328422 256239 189152 267034 246396 331452 427292 283271 254117 275052 360431 290206 334911 373359 264626 166119 152644 277865 406080 333780 341597 456213 238280 303323 388525 308636 385772 435004 399880 283470 267258 209685 189053 285444 139393 205109 218252 319961 370723 353505 326726 365952 377408 527942 366739 356813 333144 253997 372576 333310 264046 232006 256280 345056 418354 263340 223044 340238 251749 304551 342189 317800 353986 238483 137860 216784 316796 270415 263069 194656 358807 321647 286861 318128 278664 340029 404898 287037 322445 327579 304806 290741 234786 335665 286673 339944 256874 255141 212653 162555 305169 397311 410474 353279 226704 210006 281479 283517 274705 391650 295588 292652 353160 411177 328857 191458 409825 302657 230984 313989 364477 386896 355276 318252 359064 299537 343130 423401 288820 280173 314749 427483 224104 193157 403864 394058 424374 359963 231066 393437 325868 403403 366810
310910 384504 465915 442431 452980 482926 311424 213161 365023 395698 384216 284878 263713 296192 245221 212797 378374 450007 333583 209741 205293 358916 281650 147799 333725 404073 443577 322012 373078 123108 148079 239846 237537 465417 437489 345548 244843 292732 340978 497560 488821 361843 193080 312723 347591 251694 172911 375868 364688 349639 307074 396069 327570 223287 282529 364816 319114 361316 459623 365288 288789 253215 207889 256140 208436 291996 249489 243990 299421 359201 308727 272154 291690 475570 453650 413466 179443 281716 278284 423856 481376 333331 284154 251331 310347 313187 285400 329561 199513 373294 415640 306062 173282 380856 367552 162648 138157 78588 169215 331381 512881 495201 434418 170444 155474 283342 238581 191151 325288 276011 213876 265558 202708 225245 233414 131625 227802 274647 289006 212069 307698 371139 344519 326832 323761 334100 333685 320695 247287 322797 265408 346653 336156 444794 354316 160272 173249 217723 414953 340086 417953 471363 317137 380669 257426 297537 265763 291476 416978 303108 131234 252776 239620 377867 268643 169408 325900 366650 444620 267994 305177 328515 410988 343271 336875 193009 185256 312470 250337 380515 237522 311405 284945 366010 344605 451128 244750 357816 318252 186809 361222 410026 347014 422896 339275 184504 217326 249741 279437 238192 237623 316527 316361 330585 363106 261484 440079 424371 186352 345533 302672 442275 411391 304093 405106 437398 276742 298647 303196 171751 168310 244881 378224 375260 363167 270758 340525 294943 227463 269965 433699 245089 266184 248806 422903 362306 267762 335384 200405 258073 235030 379576 443903 496580 255122 194649 324878 394996 307310 293071 285758 330885 303428 230527 373482 501595 493270 315204 214827 238479 364011 314430 321808 249821
197733 333426 315781 430932 451982 342436 365640 287509 278863 280426 405623 460358 455358 447623 193884 216306 428502 359620 446259 338373 257385 204780 137984 246933 297667 463570 379184 284474 331335 301042 275633 258808 281091 444263 397239 407737 253928 373485 235537 426936 473803 278701 273794 354753 331712 319205 182890 322353 339751 490438 328943 316989 237579 203497 239060 343347 541855 399295 270266 283731 296806 397149 277209 140995 290885 374177 305415 224142 345329 404361 485279 293754 392921 454942 420215 252441 173677 210165 213013 395664 420903 244713 267744 263801 399109 344239 335955 224981 299294 319676 468253 411755 246669 494752 411753 373046 222351 178108 237375 385210 453335 475205 367913 301096 234581 449332 368410 367728 429262 364467 402878 369507 276315 354828 254290 242217 277577 278979 341316 288261 315381 487384 391551 372176 304788 337039 382818 341150 375224 380222 368766 285228 311439 298226 219932 239872 203468 365111 252715 215004 254321 314312 380559 278415 292040 189104 184509 257635 327170 324639 251965 304263 397962 325681 163675 187420 274390 322311 411572 345509 331918 369992 296431 232618 209889 267478 254568 350510 375688 406531 211678 265763 344598 438283 435505 429910 343048 443452 212266 281888 225228 294949 274161 365560 387341 312365 268820 160970 102612 106213 158435 301109 495320 464898 280929 317008 342418 332918 243494 306013 429153 319609 359188 391240 362996 428295 276321 247677 132905 144924 131679 186160 236725 302208 306849 373858 362461 296632 201968 371432 282135 303431 125277 199068 384342 436211 350765 325957 365825 441732 280015 353716 423968 392381 200022 318852 381423 281181 366422 260805 317563 371723 293560 403439 367982 485943 302048 200637 194174 212641 399225 282551 237187 313430
317822 241626 270153 301910 283726 183736 379344 419674 192245 307342 261748 431744 424884 335835 274782 322153 359768 338856 299842 391276 310376 166692 218466 194676 270716 331546 334514 277691 451049 370533 350755 251142 220642 422411 354911 301308 377150 432820 256911 407956 390091 407407 440368 369508 339005 271914 247264 199927 385747 500855 339227 184797 351750 296734 260791 340782 428472 311294 289911 152005 223250 260496 351895 286490 265140 336943 260977 371332 359261 379307 360084 388614 333663 354132 199545 194297 155806 162519 286943 347014 469908 440543 352506 236757 294448 385086 314112 313618 267015 300223 278734 334062 250259 303048 382823 434969 274618 340448 316436 467047 381164 397501 446259 290188 309305 394036 522490 418590 428122 416140 380291 342976 341782 312616 347435 341693 294774 365677 332525 196558 319617 401727 404133 301914 261994 372844 461125 475622 497319 511440 340240 240822 289680 287313 177766 384660 372925 318499 262323 251817 148831 381983 428185 348529 400524 270764 224267 268720 295665 287567 299765 369833 332843 278169 235620 166575 151661 294320 292544 300894 277178 242509 280059 216841 208364 292185 325159 216941 431405 397610 216454 151253 336713 494734 439323 373960 507957 423999 289561 274607 244980 200154 262081 332746 524949 519506 355910 156974 121045 209418 196304 392095 426226 276371 305385 397480 333378 290816 255290 243670 313592 209700 306098 263345 312035 290872 349803 274087 277000 204840 193081 321650 363315 350969 470339 383456 290798 344698 393001 330130 373229 278844 257484 238130 345329 500083 396788 367257 499450 433018 240871 399618 341404 264088 370016 420773 373051 398637 293399 201944 402803 373549 361841 230494 341963 373001 324589 406695 329474 289817 261526 100896 242781 386254
378327 236936 125152 141400 124999 148730 393781 374279 426229 413403 297651 326859 275733 328398 389306 349850 438691 401301 325356 259560 273219 272899 249144 232545 278646 351548 263217 408770 440123 453686 400419 353377 239470 307431 319622 311959 513763 419602 332130 410886 441254 403798 365125 244484 240167 176056 213960 308958 419508 492032 326868 361441 427418 317942 327677 400190 366333 359318 309060 257138 102344 187064 357257 361855 222896 205096 336765 338290 421924 306620 288383 319204 218174 267812 324601 239831 283366 319658 305742 299753 461303 426076 359858 273105 241584 377434 332107 267922 310316 245972 227388 222408 203648 186018 368994 291601 330752 465238 402832 348395 355478 305990 276782 251797 298207 290982 470422 275282 412943 435534 391894 315537 296927 306484 340033 421504 391024 248620 128808 292090 303464 293977 407091 245412 274275 331041 505454 446255 538124 369997 237451 193356 379048 279555 312097 474697 372780 258219 223737 292699 256884 380998 448800 307012 401839 256147 238154 379140 298175 273355 285647 312311 272004 428643 377394 261049 354024 365854 204707 208600 242080 273426 250158 293266 327372 349423 303879 380977 477366 478664 205313 251477 384976 364958 303178 403550 452017 446096 226285 327869 293163 260836 247723 280201 473855 404116 258591 167657 281329 354920 366173 449720 233428 202208 194679 305283 239040 310551 312523 376077 381078 192547 238692 233453 326508 273418 227795 305353 242562 269270 315343 351220 369571 155210 227463 344248 382443 414254 425357 306826 399241 352114 360768 372349 410804 269029 249935 309385 331904 304233 295955 413764 162524 169037 456862 311929 326800 412469 249491 323248 350692 357860 203437 325894 463858 376702 486992 445534 312892 227905 106637 223709 382431 470515
330915 383873 174428 144359 134504 269666 345542 454220 457798 392488 300970 160093 279022 252938 389411 460408 483365 470114 401245 270677 333126 344932 292306 187678 414110 382322 287482 444711 446141 424338 293383 230245 257483 266909 296670 394098 454898 371508 387790 440750 400374 325993 267417 298394 295760 316136 308655 282189 288310 438677 431007 342403 340040 300902 418219 327490 252180 159831 349499 239260 172742 134336 337636 378134 312946 267664 369680 403078 316971 294314 248767 325308 318349 305259 362921 317668 272922 331726 232773 378799 392007 350189 294790 321697 244410 312187 431862 315920 298437 255724 178958 223467 292144 285772 207103 251604 270119 481802 350797 235751 293644 323225 227769 358430 298435 406610 423059 241402 303211 309309 319699 183360 328197 378247 336856 291734 169952 104949 198010 369418 226319 247644 278031 355965 263609 328881 400195 418880 451146 311193 181180 195017 419347 316111 409713 474801 318795 272743 198099 419783 382641 328449 380856 253085 186047 149097 324070 444074 372684 339389 259565 221271 288302 458050 347169 348953 344746 353638 147893 156665 266391 237284 129924 222223 411621 372005 352742 339112 366790 310697 323592 350285 331580 223934 305483 454965 487591 416806 319937 413934 347783 224287 182975 233329 320314 374652 353721 304955 408355 469338 515880 453404 216335 298320 247114 307910 174670 268919 265956 503765 483461 342494 226921 254158 421943 327724 321390 236117 246185 267231 331134 203157 252551 96161 200043 230772 320092 267583 433589 360093 352414 416260 377423 413206 335146 270535 376472 369000 207007 169409 229075 348830 207180 273308 260899 271948 197419 252709 315468 355237 347714 246276 345210 442147 369805 456287 542947 487686 346223 210918 185784 372518 434635 452631
220358 358913 193940 182191 279864 388024 358111 449024 391292 383379 366464 257751 229465 313707 425879 519917 410979 347031 249895 145072 282690 338443 368100 308685 477176 294791 216707 269091 389785 336226 291187 368396 308244 307082 370908 320963 348469 372536 341229 351906 356866 353133 218052 225065 289950 468929 349014 224705 263833 406100 310626 292255 167760 277872 337674 275979 270625 329468 298745 251618 220383 230629 424316 484308 414947 417876 379958 369308 389648 465307 264373 425870 328870 278348 310046 226737 277232 290856 292208 331063 277171 150166 306638 340294 311116 383917 446782 357134 300771 309063 252110 357646 444960 351402 268865 343976 411344 326831 274445 100354 286606 249468 300429 340534 342753 418880 398810 327589 276273 277708 262388 327883 249288 419974 340887 191280 119582 158076 348832 313245 218777 210699 239232 420457 286156 303585 393019 443530 418621 339382 109328 206968 263668 356437 426648 381526 303382 225366 373586 521824 501347 364254 442970 280112 177821 201855 394823 482412 313235 195498 217092 287287 329362 415828 467716 365594 308312 310108 249011 295082 230168 240611 116171 282294 426617 519307 372030 167656 205476 336352 363762 370581 252943 160943 211774 469532 431003 378752 477884 459845 383895 278270 290780 299127 274334 277271 366677 389669 343417 451378 487476 303240 296358 278897 466106 321270 350884 307909 334471 521779 508179 453268 218668 224502 257716 391417 365137 288759 258268 343828 205373 222349 199933 254209 216529 300086 209694 324891 467505 413622 333339 420482 377333 270674 259602 327902 368093 356474 227793 152808 194879 353924 315586 212124 224635 292544 239845 331706 347089 363283 207198 197366 365127 422654 291809 506951 491481 459188 226048 166285 308924 451683 433335 432277
302524 392235 355957 254989 370946 424118 372771 347835 384973 466884 399520 292341 193667 232688 348805 438377 459320 332982 295971 280388 262247 356605 266472 366504 412837 354757 132979 301312 274981 244340 333149 292350 199679 184860 341918 242446 337205 236063 288932 218114 402665 327364 334969 279993 360481 329956 255531 183821 190796 309102 374487 351600 361013 334700 304909 187514 329994 368948 281450 298949 332295 273806 444442 402560 300750 449406 352185 255225 398497 426463 399878 361390 315447 306103 229440 225105 287997 455446 350288 229385 165827 172918 317646 415087 466336 382952 411568 294533 296641 295923 303808 305251 275225 386394 242831 433859 423666 226456 168895 277445 315224 318923 365632 415306 423318 374531 283699 381486 268886 301814 333034 430652 393783 449287 339580 130017 159085 257438 471851 418825 226837 165299 279245 331628 212279 198606 316436 366683 305968 218058 116456 146086 253838 261876 394547 301199 267721 325415 379934 489229 378584 347566 367814 381863 217278 335446 402576 498521 392811 328365 379593 416652 415847 394425 361819 382800 338749 395093 494459 309288 262581 263723 303654 338598 418427 501302 370709 193232 279553 415627 437414 511074 302669 211900 220120 422864 302136 330726 298065 235111 305415 222562 339698 364069 317573 236347 342975 369401 429934 448361 375643 302381 270031 380031 365151 364391 310006 266182 245234 465963 452897 372605 280832 256451 174930 414230 444473 430593 445272 294002 266210 243325 310989 365071 329870 304194 244693 352252 477441 294373 281011 362512 286907 362848 357609 312297 450319 467516 263216 218830 351423 296356 256167 207977 122019 178047 370931 314690 308987 210234 159570 144883 301693 377030 383496 355205 385003 388527 355264 316391 502817 414063 364121 217626
418355 521334 337598 352635 338519 427569 358646 178700 306246 447285 307886 406064 168743 267868 234795 347862 444063 396520 403408 368167 406113 421865 326139 453000 422389 446879 351604 450636 259968 290607 210460 259241 338566 326127 334153 327555 336616 324076 258049 264089 381466 295623 278927 344182 377246 357733 354581 242384 201512 344031 346719 436215 469339 480841 405887 383097 364070 442525 426512 358212 430411 285076 382300 345233 252980 297348 370627 333609 434934 467943 479745 442010 355900 491969 329446 178716 294545 420876 425993 298540 158010 201215 371953 423505 326095 363671 339629 335220 206110 305677 317524 282076 200771 301838 287384 517180 492739 198695 274013 324693 258362 193944 249064 369704 510490 452439 297552 263178 386188 377549 477567 557956 517872 475847 338956 286879 162494 209091 504327 507745 286838 154376 262122 290032 222873 130571 253772 195851 211607 189602 155135 201679 216069 180078 265647 162822 257361 257021 219800 396892 240564 299702 335128 273605 399411 505788 445384 568289 546421 425327 350172 467790 431550 369447 328128 384448 330908 464841 314589 256144 162996 289453 439109 419705 473719 407674 410550 198294 306681 482908 504998 480768 382563 240367 204132 410393 285677 325233 112775 143651 363110 192574 322866 398530 307932 342179 298718 356730 458576 437231 457736 375163 365720 372517 398217 275918 345735 176005 303925 403382 443084 225087 246904 156547 244784 427942 441470 458227 281832 291435 274203 227446 307482 427413 324330 229612 224569 397128 383617 279660 394933 359581 328344 436184 408967 354174 341422 354224 150075 198473 322978 255674 359178 288836 239772 238549 289029 299333 288159 229236 269616 163161 194250 317354 379476 266362 224349 387476 310724 428159 417426 268090 214885 137291
352292 291284 336755 347056 315852 385386 256818 245395 353633 415278 400139 331545 292418 265573 247304 339254 453407 437545 521186 550420 400999 400351 322823 428287 361187 406518 415573 475329 419731 265252 343074 313316 399091 380522 201962 187419 372859 272691 243686 322691 196744 100408 193856 374850 412275 301403 252192 208357 291508 224347 280085 464901 405503 421549 309434 359091 335583 485572 431233 292148 252309 242237 285746 334317 196663 327134 417403 466490 350287 405272 414274 355731 335649 463471 223387 168723 372439 384417 316092 162990 242586 365434 512178 400501 404159 337738 348512 403406 324180 345716 392401 283395 116530 187255 403512 508205 326184 321369 258914 361521 211250 297505 203932 332144 355207 412914 336115 340706 408948 353684 483716 528302 367369 391523 360787 386410 145726 221101 483832 469299 368407 273400 303095 371322 290984 248516 205003 232380 232279 345399 256515 176875 132882 150907 354328 338333 417356 221595 271310 214790 190368 253063 208133 339803 468138 465980 391541 477790 465420 321341 252095 373723 442340 286537 247391 350405 293462 356906 202717 363978 251521 297320 427663 336264 399406 298305 323360 188232 387206 413528 361738 453731 455457 195373 266812 327220 433775 371293 162125 242355 248832 201405 392067 394105 331933 333899 411859 447675 418093 448364 418118 388688 247863 388322 211422 238524 303082 258467 383791 232846 254150 170608 160406 113640 264022 372894 342458 236440 334302 222134 307016 210204 232402 268652 180571 173842 298948 467256 342425 354899 429879 484119 397660 489345 475167 456063 313429 368015 140692 125997 338852 392630 438588 282020 243323 247338 248435 393379 381639 407090 352795 207190 239445 291790 434211 390182 269422 246197 302256 452718 272570 174992 240470 232677
184674 158060 266466 245222 278773 264345 201773 257857 373322 459934 432326 253845 326872 307307 326072 487336 452896 291396 503213 441057 268197 313510 351512 346810 280398 280198 360853 414976 253858 324474 417180 445310 345143 330726 246757 243215 341734 219235 291829 326725 152155 160981 278266 372246 434326 271949 277355 271062 320932 218005 363143 446506 529132 422163 262198 213864 245261 485198 295531 333122 239001 270371 286482 401348 366433 491472 566631 391829 281838 302515 327700 303955 462547 410555 214140 251198 361516 508341 341845 351416 329340 394772 511158 529578 393937 335342 280118 388991 419741 360183 410523 231778 225752 146270 426112 275033 352131 300814 166951 223703 357059 351259 252926 264728 321521 336750 435632 353880 376832 318406 522034 296116 347298 329615 334792 364561 214593 378540 395662 464332 383656 375095 455310 402637 380389 329928 245108 340712 299314 347680 375871 187213 293355 321539 480820 393054 290209 240204 324583 287867 283977 184147 334045 432676 493890 476681 342649 330751 456340 262846 275010 402988 417958 221195 214373 369619 253177 198144 173808 325264 323915 300009 378256 278618 308498 369674 312187 362615 344429 231965 200407 385068 337898 322329 253371 356138 357196 356865 198930 224753 268673 178092 392366 261326 253139 277231 405405 269808 406632 395638 495749 394438 297785 257792 283605 218543 340072 300365 316564 182560 211584 222822 107348 259646 369358 411501 253687 248363 216021 247348 342857 276077 226380 281546 266911 266285 323268 318532 390241 397687 396030 311970 316530 455714 440871 381307 344288 406988 110710 200543 389341 420644 306003 306323 265610 338283 327227 351663 475184 401866 326971 216124 297710 298647 393463 273339 321987 267941 289487 284932 293143 326130 419410 414065
229032 210285 261213 371948 417008 312422 199757 288869 418600 303770 284693 231350 419969 298269 332615 333555 333380 268656 463921 409396 216508 333674 302349 315031 307227 275569 346194 244104 323463 305904 355594 432336 273342 323597 251022 315962 230274 268626 278856 360866 290106 221461 345230 374274 359803 379308 274837 272798 285918 331863 345405 463764 458552 456419 211466 201444 363506 259214 251520 444763 257987 241464 366299 389780 452676 467770 375410 409152 338626 352084 351668 453911 468072 406153 228952 315586 300076 437561 398239 368631 385475 376278 435302 411763 414669 408283 190264 342631 294247 409809 374424 365755 235132 181301 274951 302716 329991 300406 207562 328350 426390 252801 267682 288955 186134 156902 220012 314405 221549 363896 397029 321043 398281 270672 272887 296296 284294 397368 409775 311585 293619 361889 364129 372057 359275 305396 308744 429573 257836 405568 306184 280904 430693 437482 449084 307156 246175 274166 437867 432431 325137 322557 499655 568414 550018 389997 311590 379474 392609 305466 336112 360639 390726 252934 294103 359903 200007 192621 178243 355454 416473 348091 463540 227912 235088 394826 383458 331079 238384 141618 249925 346321 310761 306029 316267 308359 257239 253291 160607 336176 364887 345948 421198 293466 263322 204303 347920 226199 267711 384067 324213 276804 238922 198675 327383 285287 223050 293850 254809 347387 349061 247390 184350 317172 451193 271417 252153 251506 210560 355104 538203 392748 306567 380958 317466 379355 279908 235277 425445 404524 424843 335979 354038 332482 431120 241241 346244 380635 223316 224097 220677 162572 323273 282959 194033 354445 379130 387558 321746 389090 236612 251422 371110 426818 273444 193630 462254 325503 233147 352289 468155 510991 554250 380399
249014 245931 179666 336400 330469 180139 259036 430695 303179 292349 188135 292585 352731 298858 312951 316306 232013 309963 369977 298843 216465 356451 267824 296888 268597 313104 341424 398748 286139 290169 318865 408220 271388 402866 403627 343343 253370 259143 202256 395911 334262 300444 420088 295571 336659 391489 240978 350582 354742 228267 330757 349539 499827 346400 138851 234546 426677 262620 303631 336693 312537 344922 467493 315438 339875 384123 279790 415348 315255 186659 390107 437467 318527 336886 190531 286896 358304 351375 277035 384965 413761 332503 277349 319320 353933 344260 218769 269982 350301 483528 343800 324970 226410 146368 225923 281681 313911 362204 279999 442781 422449 241113 310524 216115 101884 109303 203922 406759 250435 413471 407598 386267 332643 285853 293209 310753 262942 440404 499970 293026 372245 364371 256636 463709 298945 359681 365441 229503 272882 250135 302542 369092 400154 357932 461365 307687 191143 277596 360722 311337 255672 371718 532476 547464 469852 311840 464358 453383 484508 389236 321801 268167 369109 411490 495878 416369 423351 375114 285112 407329 411509 374215 274595 232005 253342 203822 290093 208874 289540 212423 253587 305269 231796 255641 422238 335687 223757 324765 186608 312860 466855 458950 377850 414225 235654 226313 321796 285127 155089 214530 104730 229780 345472 247972 275282 303754 294793 318349 484323 540314 425273 200585 231879 237739 198196 252423 236919 349625 341618 414795 387298 279377 341079 326335 451361 430031 261147 305623 321776 334812 518821 401206 347874 310135 278243 307086 274430 366046 304600 271933 109724 187333 445261 293352 278645 404943 521214 364525 342574 346703 272223 288869 263460 239769 188210 195486 266671 310206 360572 483768 489414 488629 474248 336033
385972 379958 293099 369804 438703 292840 458648 285667 300256 299290 251770 338894 331638 387951 329382 357034 299225 222526 240081 151399 176551 330388 197982 278493 298718 260045 430540 276716 268377 300343 344138 347947 351332 390009 377725 403725 430625 297373 330466 384554 234405 349315 240492 287333 265720 368279 252520 382006 367979 212412 253076 313994 402573 253847 183071 285881 465043 324035 277255 362367 415157 461816 397798 137329 145221 328041 352442 474552 380918 381321 360858 271582 187942 227682 209278 230277 392123 235978 316411 345583 407152 253218 240713 181172 224980 277419 231071 196713 482625 328973 312368 330195 285408 330233 280953 386426 354864 325394 327674 447445 479973 361617 288045 241855 204430 219181 215307 257146 290118 302040 374666 479566 495124 426590 461972 316256 370348 418552 441264 315079 337313 268367 349957 325230 346611 407355 415098 263627 253269 237530 383553 403298 236120 332594 332449 327404 227206 404056 314072 174973 267984 382148 535343 435533 278474 375654 302450 316246 448963 451452 278641 206454 373317 446581 391704 351049 431795 357077 338962 456230 367886 294964 343315 253910 289032 275492 255066 266536 307258 174596 249963 251548 248712 398029 476599 213683 347321 305587 208208 327626 428392 354156 190562 204263 168942 323450 338882 375168 281950 132699 202286 334228 454324 187301 294158 203119 270902 242053 430403 500479 275907 222329 249757 328941 205946 324484 377865 509030 432301 350114 421487 466304 370114 409554 405251 325596 157309 268235 345052 325850 278923 358534 345404 367401 341501 365897 232899 332397 379305 274591 191224 366420 432617 419361 239793 354800 448209 399054 248212 302706 331398 388932 170083 118052 291465 158813 165770 360147 418915 439237 411122 480548 470793 302860
450203 334609 222352 281008 382374 446009 434777 163381 159920 258838 301231 382634 319248 446895 411123 481538 417853 366035 279775 233306 335169 302166 299154 320705 293931 254013 214972 228014 295797 235368 235747 217602 314291 225104 330592 419443 281918 279624 314124 324846 283274 266114 386614 395753 294457 296821 330174 237268 235868 253496 367148 308210 325245 254621 329774 321493 425368 201890 241868 230992 348998 354161 295785 152776 176972 352158 306035 401852 357698 315712 169133 119910 113222 316462 327970 364824 342801 224413 196200 344801 430516 365423 385601 275154 257247 408845 265538 285891 376019 362089 448941 409211 401729 312826 304964 117059 166463 284184 419537 417405 400100 314458 271096 227594 376777 293202 286979 203268 237470 260278 386903 429388 461369 349581 232977 240793 285897 311972 350293 274522 311315 312953 350136 309906 305457 418660 444612 250419 292703 259542 428015 410098 354537 444916 304419 304094 316416 320081 110766 172201 257742 487035 526826 265633 204374 246581 183608 178626 350325 326562 279170 298832 516556 433694 262729 274377 226657 356562 314711 434546 224370 302709 347431 173546 231833 249237 309058 350775 232644 309875 298905 230453 281776 427883 344673 353300 325031 274301 257090 343969 354388 220445 262823 142867 306358 369717 346756 348736 402229 319315 285311 400519 319601 398513 436786 404487 256509 283692 407050 355604 295212 173382 213957 343234 285662 232116 325469 458068 283053 308398 443544 330669 266876 318526 427159 312374 273224 427105 437324 263026 210899 379453 396433 450059 353407 427575 261932 195767 192550 290153 346929 472177 470763 300606 351569 329070 472444 355432 148791 221642 277615 224073 236728 213970 412232 244838 334128 372554 294530 234314 325105 412093 358545 171293
363065 285538 233781 227635 296364 483486 340042 149918 178662 441413 529188 395573 401017 357710 458056 415665 492506 350706 402229 442558 458579 250761 242930 204572 148733 301701 149193 200989 241390 257154 170113 164754 224200 306219 494749 462561 344246 249655 359362 376163 226425 167292 343997 458026 328618 400786 426380 196441 296573 377855 370316 238608 235013 254493 275420 332285 367738 356413 213280 309916 287054 231851 203250 270161 170999 227327 268587 274171 351406 274311 229650 139476 313466 359387 433853 355244 261666 209199 178862 338950 297082 448277 332178 290141 263768 300761 236430 249379 329577 374919 344917 395934 389606 423089 323835 238776 258273 411107 374210 374095 306015 386531 304058 314209 335336 387859 419045 181613 244670 308904 366536 366140 372593 380838 258047 197139 196630 304333 335688 330389 424138 442687 273253 308617 446375 399782 384692 417022 342114 376086 283389 264398 302491 431764 253197 270681 416649 277690 291430 106867 191622 478044 450394 294306 76513 178760 264496 188755 175523 207361 312434 420453 399419 375047 287498 319965 231592 255264 314507 452020 328837 393251 377370 237756 347657 287988 325129 389551 230038 307549 295115 292913 293899 276021 279785 411350 350768 179319 263658 233654 233469 188420 329345 336836 288769 383878 211541 338665 361411 377365 398146 377077 374607 444299 521098 355142 274911 271699 356417 331968 217152 229485 230611 394288 356491 286572 398370 453940 410060 482823 401050 304736 182645 182858 308704 398807 356176 426710 456722 281122 270405 300209 378572 224788 279121 395037 269445 106260 275593 326950 371707 462551 321546 345558 275534 326309 331285 283893 291978 319510 416321 282266 353504 360009 330975 372555 435746 342530 178421 199116 364952 428304 338966 222358
258815 173384 150757 200463 231251 331383 273589 214995 322070 475524 380229 422024 299173 294271 369778 368190 244502 241620 361849 482411 279282 285492 362490 221343 335616 381738 262970 239047 206801 321137 269157 172479 232611 292701 517796 506816 279605 361098 433218 371094 231329 177471 303002 300449 259069 438812 430552 303380 309419 393633 331010 340590 329348 215427 165174 289973 362173 416715 329481 345083 358875 169874 186354 276897 179031 325539 314495 276208 478299 384998 351063 375527 324551 234520 265370 345135 310337 210415 297765 329359 272827 270810 223183 267382 262979 247931 271371 179274 345906 234546 354761 306474 309951 348190 325124 236812 358225 273010 444469 411906 246904 236351 286792 214031 287572 395948 457480 286322 233232 246203 299971 185482 278052 417168 246528 178791 321714 460140 444156 400989 451786 407014 187123 215818 398032 251449 349077 393983 295408 213782 170223 209191 273685 337847 385536 259498 332213 395688 325116 163009 211321 308986 476232 323548 239355 266689 375627 264793 253142 300099 482412 394417 329538 251665 413948 399792 290584 158141 285707 442512 277373 300390 463074 448203 416556 194749 352445 398993 256775 214260 263834 448295 415017 334391 266814 530348 452066 291495 321860 281027 244542 225307 250724 294819 229950 315043 281204 391958 280779 317818 429767 348648 319806 429959 429541 359497 236014 281489 327431 344665 238125 346082 306744 223990 250348 352770 373738 465601 471629 439620 434359 354511 170198 220219 186170 355259 290875 362741 478571 347553 285540 281598 196218 183204 298037 345700 167175 251775 284409 216645 296886 263525 425475 342184 362743 340287 274359 263538 315804 286398 339685 324489 353475 407626 326649 376182 346914 317635 131442 222859 370219 453013 424856 369700
363540 371469 308135 373167 191926 250742 322969 361269 404213 338179 414494 352047 180468 383947 386607 262966 194532 311581 349507 278862 177033 361342 372066 352467 332982 352932 452154 323773 262293 427056 343321 334112 289598 210046 364370 415479 235041 420064 367765 411152 225840 304184 226856 139018 332818 381308 396600 352894 345811 367479 377598 339576 335234 290574 196947 331579 404026 411161 288112 326108 425739 322111 142854 276631 334790 462698 370527 335071 380450 334559 310902 441287 363321 226810 433580 521676 383596 385044 370273 466882 289654 223720 266872 316531 303982 355861 309034 301163 418928 354273 400485 288676 356194 317434 315372 333103 206990 246957 426297 470096 308840 354488 378346 244628 155116 357539 417906 287292 213638 200642 265760 246144 368698 284959 287849 288379 479353 370310 298762 376239 473545 429970 168239 286887 327893 328425 370024 376607 273291 237944 271145 399478 261730 380395 323564 290353 359592 345770 253377 186057 119928 213533 378852 340561 272366 236285 414973 399794 369715 483734 333910 348972 332537 384990 526055 560677 300755 173143 343549 363523 276820 358041 374387 502258 299864 308567 366100 446127 309789 268557 284404 401439 414057 262299 384947 482553 408818 368792 303739 285095 275555 169172 250994 183379 171263 368994 379349 397497 292528 338841 483809 280119 387186 371747 440671 406314 265401 385316 255873 214451 358701 383906 218985 154248 219812 341692 259410 370431 473918 385089 294362 310375 179341 239902 265133 208165 349251 439714 372890 384958 400576 257070 311986 271450 300455 270846 127887 248728 372142 287573 249436 264418 391848 340903 389404 286019 265386 178072 201924 297719 250491 248987 338157 412164 342265 411171 413147 374147 199198 280404 357282 399471 454382 459710
400727 474848 389035 358918 273320 233932 370849 428547 229838 409897 403502 269757 326714 302517 311664 157493 255113 287010 207607 182283 228905 253080 348867 393391 316040 361010 345534 325769 298104 406060 443572 424756 366203 176328 345144 316697 264836 263091 354414 295525 322953 325095 197769 171878 372532 318839 395919 441711 375081 331546 215901 294339 247307 379150 350892 404185 483169 351328 241770 264524 484509 339745 287021 430055 442028 426678 409266 298732 300897 237304 248389 398587 331566 365155 457282 398743 458603 416014 326840 308889 296334 212248 220436 396373 382919 408430 250549 299296 453532 370404 369537 395761 271935 309097 365005 391581 194893 221682 391859 406730 268670 321193 287471 363251 274525 367935 344974 361198 288417 154333 277856 362860 436859 330313 258265 401292 312802 221643 187656 275458 350398 305600 212507 264959 312741 437932 383954 353121 286305 378902 381776 363528 370080 390530 297898 363377 467352 305289 260760 186788 155470 320074 312404 232041 312844 266685 379654 356515 332098 344455 296754 336278 390565 378864 467073 442503 290075 279963 461731 410408 470157 418406 339591 273303 363181 262239 240459 345025 213298 162560 227209 234310 340784 377007 358062 495671 352409 291482 395239 214385 198350 326114 323975 188851 320025 478571 443431 416472 278542 431108 392861 381385 360626 319882 341727 413566 316133 255307 238651 304840 443325 296033 264534 253325 323215 321232 217837 324759 440335 211734 290688 219502 242159 282736 212467 240997 374682 433683 311464 328481 264028 249270 378004 434075 312352 240520 131474 280165 381569 202540 180215 324827 252383 274352 374502 311779 359904 254763 216767 317142 111040 210169 394322 282088 345282 330111 359304 424998 256260 199441 164852 208589 288687 344745
315509 400097 356764 266764 313527 259491 366719 332761 328474 464375 343777 244820 402090 252175 345837 280981 284751 212828 244235 261576 249974 164651 265146 388844 350858 397199 367482 247787 246753 448933 365435 360259 306059 267560 308250 305403 343783 286280 312891 367737 411811 372575 262501 245793 463918 456650 399229 269118 261824 307063 372434 375907 412522 393212 402806 334246 358814 283661 203271 381078 346911 336735 359852 403565 392068 431295 390363 219774 179069 165972 342554 370904 405754 420445 298206 302714 501441 420902 254728 233499 167882 133731 251014 361175 447246 352772 270219 249988 278192 204151 407250 228877 171744 162385 287888 377298 206617 217656 355084 410272 374842 263633 377418 319350 276675 265576 355810 398020 217247 260930 401446 513381 461569 369791 361295 402306 259029 236245 291061 216116 244605 283591 246228 289056 380727 418815 353232 168371 265205 489145 300257 344319 413565 379103 345468 267408 425705 301539 205997 277360 378565 386692 337354 264353 352721 322430 314628 350612 391533 308084 325822 372516 249677 278606 315871 390446 293556 322366 283964 374858 435728 469989 252692 299884 281488 298422 194684 380404 240483 335026 238188 266055 478477 371710 304082 292863 250012 304051 429395 280802 248037 441468 257863 332191 351865 401764 282599 340900 362174 457165 393869 418830 373248 283174 200716 463479 375222 306349 290733 401886 359154 355927 426356 507058 380441 359071 321654 350622 335260 365339 282882 293176 436839 256071 121107 264607 325313 311974 315699 274986 213677 243308 359495 396075 240432 186020 282042 343948 396849 380073 291043 361435 198174 312722 348600 319473 325672 360261 376346 244567 186283 272090 448645 327742 309536 267564 258875 284279 272932 199909 185787 165688 212876 211173
407958 278741 340790 357222 354121 413477 250608 217604 424605 523474 455996 341105 429412 260886 269447 399758 251774 313607 286247 411249 266491 262811 377966 468574 300984 531179 475724 240201 338391 411107 304233 424765 386765 256920 292962 407206 311776 186174 275659 307903 452433 359904 412896 268949 423170 481582 285117 184181 145654 288660 439219 356032 446410 240437 255425 259797 204693 173437 361108 312618 240278 342883 264404 287318 368597 395961 320870 315211 166790 204600 296829 325006 399910 378977 261334 319051 352664 312790 301875 310273 204086 149058 307732 406203 484749 405897 265302 188097 105749 288491 343847 199327 218310 267420 340756 377924 200797 157616 202368 314225 341789 285490 293478 227539 235158 322692 440449 293239 306196 373837 341349 401393 289022 351650 425301 419791 310283 385947 260405 306588 457084 406042 351797 406267 349643 446802 267288 125532 250916 387058 303386 359953 269325 367508 311276 345970 433393 275777 334529 362086 360131 370594 345246 318051 318347 405306 373654 495898 416726 309452 288919 225941 346254 316839 252234 136859 265109 182102 282580 298788 442810 346027 284613 351628 242542 222814 241015 263114 360228 329265 230660 289107 367214 320727 338235 166285 298167 408700 443084 377935 363614 333718 339390 409313 255847 322971 330593 350894 394033 435235 341826 267431 452971 326989 383280 487246 476735 387326 331479 348264 301787 239312 469900 448950 365316 373550 431701 352522 400611 479391 349750 295383 408182 313377 240363 290048 238126 255292 223787 242852 340438 427646 417780 441172 235002 367081 390360 321670 476168 308232 388766 365585 289342 361795 181152 217756 268481 330506 387955 209520 231543 264535 311724 318186 274712 267044 243943 277932 212603 236026 224000 217683 354828 192013
289169 235652 219223 398910 382893 307249 197124 210616 396128 409840 470989 410188 406890 322585 352026 272143 246434 253290 339411 378786 309067 334232 340577 372868 399558 467000 428400 291448 361763 276439 216590 316798 360875 203931 347702 246166 257995 277978 209019 320612 234457 274139 245128 203775 243874 355763 295574 267444 266696 397557 365723 379927 418033 316686 250620 399626 326269 367762 332835 267651 218884 277256 270389 221226 296050 246159 193845 393296 199150 230912 359540 330147 404258 330625 394053 320655 307442 251146 295646 418977 257902 249234 290019 462916 346579 312084 188399 153231 178703 335418 291060 357416 304293 341672 395023 394219 254328 223792 209228 258293 213758 283841 236257 259167 297748 395576 283516 335616 419108 441164 271482 263422 286663 273549 440250 359994 342700 293132 235908 338465 344073 156176 271387 302228 200321 381230 260982 186292 368495 337988 334663 381031 247415 268967 389010 482029 405756 305135 312436 344910 278777 374469 535276 395490 496319 507191 454431 485885 440459 388205 316561 304850 401314 373066 231353 177980 294683 358620 338623 384916 262858 377134 418203 313173 172847 156122 223949 361034 312478 224913 291918 387214 313706 409726 428964 274685 314475 396753 323192 423094 447308 270272 388724 328558 193166 237016 313225 146730 283821 390179 277059 288150 261925 418668 466630 390103 429358 276930 387983 310724 373100 397207 480066 564877 458276 403037 423764 269298 369580 398283 416532 236956 446841 459937 254567 201290 313098 282563 235544 229168 275244 284387 232072 407592 370245 365178 300571 368767 443586 343994 427135 353300 351202 284577 228005 331115 343815 295200 290819 321182 287660 305330 268991 282645 319656 184788 208868 317400 195400 187110 230699 328813 414751 190593
205201 286226 214443 348302 358236 283678 252266 283639 259093 329376 332526 347410 404807 423555 323896 225966 139583 363249 424803 474608 474982 476786 318157 423492 441526 435737 386607 309076 223623 157832 190753 215290 297363 317415 303727 335211 385675 347409 210706 219290 165884 199057 136425 161499 228743 397747 425884 310797 383147 347681 340458 481463 349791 402742 249281 434578 419724 358324 374169 274240 267803 283103 265309 205847 231050 178247 243557 291869 260629 362324 321177 476699 374692 360277 317692 352367 318363 213167 323687 299478 411788 205416 175573 374403 218567 327067 220415 151989 318682 246032 301466 351820 255864 296035 450457 384190 363628 208956 297535 302740 250062 325346 267560 191298 244595 352391 353123 437582 316394 292957 245263 292971 284718 254248 336533 308111 418419 301319 275812 299949 218580 232342 398704 317728 315200 400500 313003 403455 426243 314294 348258 451591 297729 257272 392014 358053 428278 309757 271928 269673 328850 315104 355017 365058 470621 449432 419375 474624 372041 271788 201293 282917 346948 320683 194151 201337 342225 425094 324469 269625 252041 523790 471649 235396 209016 219452 278196 412112 321232 279619 386061 410227 354191 369479 421535 290964 293785 269596 290807 339249 347333 332338 282409 324753 253045 353624 280662 283157 199024 216652 306123 319850 231816 415108 347291 478052 466952 374926 310372 351987 496813 428321 442054 475689 415909 321605 304679 214318 267619 395590 360880 290983 404962 380072 218818 331287 354403 287017 383187 261312 228762 231715 289398 354163 426022 313771 353238 456486 445703 277668 281313 387822 457682 261533 286659 279880 348880 337689 246603 211602 179333 367169 267457 223845 193913 230676 166694 259327 220930 337235 416689 441325 384144 209385
