Cadence Genus(TM) Synthesis Solution.
Copyright 2022 Cadence Design Systems, Inc. All rights reserved worldwide.
Cadence and the Cadence logo are registered trademarks and Genus is a trademark
of Cadence Design Systems, Inc. in the United States and other countries.

[21:55:09.503729] Configured Lic search path (20.02-s004): 5280@paxos.inf.pucrs.br

Version: 21.12-s068_1, built Fri Mar 04 09:12:46 PST 2022
Options: -files logical_synthesis.tcl 
Date:    Sun Oct 04 21:55:09 2026
Host:    paxos.inf.pucrs.br (x86_64 w/Linux 4.18.0-553.155.1.el8_10.x86_64) (14cores*28cpus*1physical cpu*Intel(R) Core(TM) i9-7940X CPU @ 3.10GHz 19712KB) (131170900KB)
PID:     1790389
OS:      Rocky Linux release 8.10 (Green Obsidian)


[21:55:09.099912] Periodic Lic check successful
[21:55:09.099915] Feature usage summary:
[21:55:09.099915] Genus_Synthesis
Checking out license: Genus_Synthesis


***********************************************************************************************************
***********************************************************************************************************



Loading tool scripts...
Finished loading tool scripts (8 seconds elapsed).

#@ Processing -files option
@genus 1> source logical_synthesis.tcl
#@ Begin verbose source ./logical_synthesis.tcl
@file(logical_synthesis.tcl) 10: set LOGICAL_ROOT [file normalize [file dirname [info script]]]
@file(logical_synthesis.tcl) 11: set CONFIG_ROOT [file normalize [file join $LOGICAL_ROOT ..]]
@file(logical_synthesis.tcl) 12: set GIT_ROOT [exec git -C $CONFIG_ROOT rev-parse --show-toplevel]
@file(logical_synthesis.tcl) 13: set OUT_FILES [file normalize [file join $LOGICAL_ROOT results]]
@file(logical_synthesis.tcl) 17: set TOP_MODULE system
@file(logical_synthesis.tcl) 18: set top_file [file join $CONFIG_ROOT top-module.txt]
@file(logical_synthesis.tcl) 19: if {[file exists $top_file]} {
    set fp_top [open $top_file r]
    while {[gets $fp_top line] >= 0} {
        set line_trim [string trim $line]
        if {$line_trim ne "" && ![string match "#*" $line_trim]} {
            set TOP_MODULE $line_trim
            break
        }
    }
    close $fp_top
}
@file(logical_synthesis.tcl) 33: set TOP_PARAMETERS [list]
@file(logical_synthesis.tcl) 34: set parameters_file [file join $CONFIG_ROOT top-parameters.txt]
@file(logical_synthesis.tcl) 35: if {[file exists $parameters_file]} {
    set fp_parameters [open $parameters_file r]
    while {[gets $fp_parameters line] >= 0} {
        set line_trim [string trim $line]
        if {$line_trim ne "" && ![string match "#*" $line_trim]} {
            if {![regexp {^([A-Za-z_][A-Za-z0-9_]*)=(.+)$} $line_trim -> parameter_name parameter_value]} {
                error "invalid top parameter override in $parameters_file: $line_trim"
            }
            lappend TOP_PARAMETERS [list $parameter_name $parameter_value]
        }
    }
    close $fp_parameters
}
@file(logical_synthesis.tcl) 51: proc resolve_project_file ...
@file(logical_synthesis.tcl) 63: set file_list_path [file join $CONFIG_ROOT list-file.txt]
@file(logical_synthesis.tcl) 64: set HDL_FILES [list]
@file(logical_synthesis.tcl) 65: if {[file exists $file_list_path]} {
    set fp [open $file_list_path r]
    while {[gets $fp line] >= 0} {
        set line_trim [string trim $line]
        if {$line_trim eq "" || [string match "#*" $line_trim]} {
            continue
        }
        lappend HDL_FILES [resolve_project_file $line_trim $CONFIG_ROOT $GIT_ROOT]
    }
    close $fp
}
@file(logical_synthesis.tcl) 78: set defines_file [file join $CONFIG_ROOT list-define.txt]
@file(logical_synthesis.tcl) 79: set DEFINE_FLAGS [list]
@file(logical_synthesis.tcl) 80: if {[file exists $defines_file]} {
    set fp_def [open $defines_file r]
    while {[gets $fp_def line] >= 0} {
        set line_trim [string trim $line]
        if {$line_trim eq "" || [string match "#*" $line_trim]} {
            continue
        }
        if {[string match "-define *" $line_trim]} {
            set line_trim [string trim [string range $line_trim 8 end]]
        }
        if {$line_trim ne ""} {
            lappend DEFINE_FLAGS $line_trim
        }
    }
    close $fp_def
}
@file(logical_synthesis.tcl) 97: source [file join $CONFIG_ROOT scripts logical_synthesis_body.tcl]
Sourcing '/sim/tarsio/FastConv_SystemVerilog/rtl/conv3x3/synthesis/conv-tcn9-i40-h14-t10-o9-m05-stream10-prefetch15-rowconst5-trunc-column/scripts/logical_synthesis_body.tcl' (Sun Oct 04 21:55:17 -03 2026)...
#@ Begin verbose source /sim/tarsio/FastConv_SystemVerilog/rtl/conv3x3/synthesis/conv-tcn9-i40-h14-t10-o9-m05-stream10-prefetch15-rowconst5-trunc-column/scripts/logical_synthesis_body.tcl
@file(logical_synthesis_body.tcl) 5: puts "++++++++++++++++++++++++++++++++++++++++++++++++++++++++++++++++++++++++"
++++++++++++++++++++++++++++++++++++++++++++++++++++++++++++++++++++++++
@file(logical_synthesis_body.tcl) 6: puts "Load the pdk using MMMC"
Load the pdk using MMMC
@file(logical_synthesis_body.tcl) 7: puts "++++++++++++++++++++++++++++++++++++++++++++++++++++++++++++++++++++++++"
++++++++++++++++++++++++++++++++++++++++++++++++++++++++++++++++++++++++
@file(logical_synthesis_body.tcl) 8: read_mmmc [file join $CONFIG_ROOT scripts mmmc_tsmc_28_bv.tcl]
  Setting attribute of root '/': 'is_read_mmmc_flow' = true
Sourcing '/sim/tarsio/FastConv_SystemVerilog/rtl/conv3x3/synthesis/conv-tcn9-i40-h14-t10-o9-m05-stream10-prefetch15-rowconst5-trunc-column/scripts/mmmc_tsmc_28_bv.tcl' (Sun Oct 04 21:55:17 -03 2026)...
#@ Begin verbose source /sim/tarsio/FastConv_SystemVerilog/rtl/conv3x3/synthesis/conv-tcn9-i40-h14-t10-o9-m05-stream10-prefetch15-rowconst5-trunc-column/scripts/mmmc_tsmc_28_bv.tcl
@file(mmmc_tsmc_28_bv.tcl) 2: set CONSTRAINTS_PATH [file join $CONFIG_ROOT scripts]
@file(mmmc_tsmc_28_bv.tcl) 8: set LIB_PATH /pdk/tsmc/PDK28/PDK_TSMC28_bv/tcbn28hpcplusbwp30p140_190a/TSMCHOME/digital/Front_End
@file(mmmc_tsmc_28_bv.tcl) 9: set TECH_PATH /pdk/tsmc/PDK28/PDK_TSMC28_bv/tcbn28hpcplusbwp30p140_190a/TSMCHOME/digital/Back_End
@file(mmmc_tsmc_28_bv.tcl) 16: create_library_set -name libset_0p81v_125c \
    -timing  "${LIB_PATH}/timing_power_noise/NLDM/tcbn28hpcplusbwp30p140_180a/tcbn28hpcplusbwp30p140ssg0p81v125c.lib"
@file(mmmc_tsmc_28_bv.tcl) 20: create_library_set -name libset_0p90v_25c \
    -timing  "${LIB_PATH}/timing_power_noise/NLDM/tcbn28hpcplusbwp30p140_180a/tcbn28hpcplusbwp30p140tt0p9v25c.lib"
@file(mmmc_tsmc_28_bv.tcl) 24: create_library_set -name libset_0p99v_m40c \
    -timing  "${LIB_PATH}/timing_power_noise/NLDM/tcbn28hpcplusbwp30p140_180a/tcbn28hpcplusbwp30p140ffg0p99vm40c.lib"
@file(mmmc_tsmc_28_bv.tcl) 32: create_opcond -name opcond_0p81v_125c -voltage 0.81 -temperature 125.0
@file(mmmc_tsmc_28_bv.tcl) 33: create_opcond -name opcond_0p90v_25c  -voltage 0.90 -temperature  25.0
@file(mmmc_tsmc_28_bv.tcl) 34: create_opcond -name opcond_0p99v_m40c -voltage 0.99 -temperature -40.0
@file(mmmc_tsmc_28_bv.tcl) 41: create_timing_condition -name timing_cond_0p81v_125c \
    -opcond         opcond_0p81v_125c \
    -library_sets { libset_0p81v_125c }
@file(mmmc_tsmc_28_bv.tcl) 45: create_timing_condition -name timing_cond_0p90v_25c \
    -opcond         opcond_0p90v_25c \
    -library_sets { libset_0p90v_25c }
@file(mmmc_tsmc_28_bv.tcl) 49: create_timing_condition -name timing_cond_0p99v_m40c \
    -opcond         opcond_0p99v_m40c \
    -library_sets { libset_0p99v_m40c }
@file(mmmc_tsmc_28_bv.tcl) 58:  create_rc_corner -name rc_corner_125c_capwst \
    -temperature 125.0 \
     -qrc_tech ${TECH_PATH}/qrc/RC_QRC_crn28hpc+_1p09m+ut-alrdl_5x1y1z1u_rcworst/qrcTechFile
@file(mmmc_tsmc_28_bv.tcl) 62:  create_rc_corner -name rc_corner_25c_captyp \
     -temperature 25.0 \
    -qrc_tech ${TECH_PATH}/qrc/RC_QRC_crn28hpc+_1p09m+ut-alrdl_5x1y1z1u_typical/qrcTechFile
@file(mmmc_tsmc_28_bv.tcl) 66:  create_rc_corner -name rc_corner_m40c_capbst \
     -temperature -40.0 \
     -qrc_tech ${TECH_PATH}/qrc/RC_QRC_crn28hpc+_1p09m+ut-alrdl_5x1y1z1u_rcbest/qrcTechFile
@file(mmmc_tsmc_28_bv.tcl) 75: create_delay_corner -name delay_corner_0p81v_125c_capwst \
    -timing_condition timing_cond_0p81v_125c \
     -rc_corner rc_corner_125c_capwst
@file(mmmc_tsmc_28_bv.tcl) 79: create_delay_corner -name delay_corner_0p90v_25c_captyp \
    -timing_condition timing_cond_0p90v_25c \
     -rc_corner rc_corner_25c_captyp
@file(mmmc_tsmc_28_bv.tcl) 83: create_delay_corner -name delay_corner_0p99v_m40c_capbst \
    -timing_condition timing_cond_0p99v_m40c \
     -rc_corner rc_corner_m40c_capbst
@file(mmmc_tsmc_28_bv.tcl) 91: create_constraint_mode -name constraints_default \
    -sdc_files "${CONSTRAINTS_PATH}/constraints.sdc"
@file(mmmc_tsmc_28_bv.tcl) 99: create_analysis_view -name analysis_view_0p81v_125c_capwst_slowest \
    -constraint_mode constraints_default \
    -delay_corner delay_corner_0p81v_125c_capwst
@file(mmmc_tsmc_28_bv.tcl) 103: create_analysis_view -name analysis_view_0p90v_25c_captyp_nominal \
    -constraint_mode constraints_default \
    -delay_corner delay_corner_0p90v_25c_captyp
@file(mmmc_tsmc_28_bv.tcl) 107: create_analysis_view -name analysis_view_0p99v_m40c_capbst_fastest \
    -constraint_mode constraints_default \
    -delay_corner delay_corner_0p99v_m40c_capbst
@file(mmmc_tsmc_28_bv.tcl) 115: set_analysis_view -setup { analysis_view_0p81v_125c_capwst_slowest } \
                  -hold  { analysis_view_0p99v_m40c_capbst_fastest }

Threads Configured:3

  Message Summary for Library tcbn28hpcplusbwp30p140ssg0p81v125c.lib:
  *******************************************************************
  Missing a function attribute in the output pin definition. [LBR-518]: 1
  An unsupported construct was detected in this library. [LBR-40]: 1
  *******************************************************************
 
Info    : Created nominal operating condition. [LBR-412]
        : Operating condition '_nominal_' was created for the PVT values (1.000000, 0.810000, 125.000000) in library 'tcbn28hpcplusbwp30p140ssg0p81v125c.lib'.
        : The nominal operating condition is represented, either by the nominal PVT values specified in the library source (via nom_process,nom_voltage and nom_temperature respectively), or by the default PVT values (1.0,1.0,1.0).
Warning : Library cell has no output pins defined. [LBR-9]
        : Library cell 'ANTENNABWP30P140' must have an output pin.
        : Add the missing output pin(s), then reload the library. Else the library cell will be marked as timing model i.e. unusable. Timing_model means that the cell does not have any defined function. If there is no output pin, Genus will mark library cell as unusable i.e. the attribute 'usable' will be marked to 'false' on the libcell. Therefore, the cell is not used for mapping and it will not be picked up from the library for synthesis. If you query the attribute 'unusable_reason' on the libcell; result will be: 'Library cell has no output pins.'Note: The message LBR-9 is only for the logical pins and not for the power_ground pins. Genus will depend upon the output function defined in the pin group (output pin) of the cell, to use it for mapping. The pg_pin will not have any function defined.
Warning : Library cell has no output pins defined. [LBR-9]
        : Library cell 'ANTENNABWP30P140' must have an output pin.
Warning : Library cell has no output pins defined. [LBR-9]
        : Library cell 'BOUNDARY_LEFTBWP30P140' must have an output pin.
Warning : Library cell has no output pins defined. [LBR-9]
        : Library cell 'BOUNDARY_LEFTBWP30P140' must have an output pin.
Warning : Library cell has no output pins defined. [LBR-9]
        : Library cell 'BOUNDARY_RIGHTBWP30P140' must have an output pin.
Warning : Library cell has no output pins defined. [LBR-9]
        : Library cell 'BOUNDARY_RIGHTBWP30P140' must have an output pin.
Warning : Unusable clock gating integrated cell found at the time of loading libraries. This warning happens because a particular library cell is defined as 'clock_gating_integrated_cell', but 'dont_use' attribute is defined as true in the liberty library. To make Genus use this cell for clock gating insertion, 'dont_use' attribute should be set to false. [LBR-101]
        : Clock gating integrated cell name: 'CKLHQD20BWP30P140'
        : To make the cell usable, change the value of 'dont_use' attribute to false.
Warning : Unusable clock gating integrated cell found at the time of loading libraries. This warning happens because a particular library cell is defined as 'clock_gating_integrated_cell', but 'dont_use' attribute is defined as true in the liberty library. To make Genus use this cell for clock gating insertion, 'dont_use' attribute should be set to false. [LBR-101]
        : Clock gating integrated cell name: 'CKLHQD24BWP30P140'
Warning : Unusable clock gating integrated cell found at the time of loading libraries. This warning happens because a particular library cell is defined as 'clock_gating_integrated_cell', but 'dont_use' attribute is defined as true in the liberty library. To make Genus use this cell for clock gating insertion, 'dont_use' attribute should be set to false. [LBR-101]
        : Clock gating integrated cell name: 'CKLNQD20BWP30P140'
Warning : Unusable clock gating integrated cell found at the time of loading libraries. This warning happens because a particular library cell is defined as 'clock_gating_integrated_cell', but 'dont_use' attribute is defined as true in the liberty library. To make Genus use this cell for clock gating insertion, 'dont_use' attribute should be set to false. [LBR-101]
        : Clock gating integrated cell name: 'CKLNQD24BWP30P140'
Warning : Library cell has no output pins defined. [LBR-9]
        : Library cell 'DCAP16BWP30P140' must have an output pin.
Warning : Library cell has no output pins defined. [LBR-9]
        : Library cell 'DCAP16BWP30P140' must have an output pin.
Warning : Library cell has no output pins defined. [LBR-9]
        : Library cell 'DCAP32BWP30P140' must have an output pin.
Warning : Library cell has no output pins defined. [LBR-9]
        : Library cell 'DCAP32BWP30P140' must have an output pin.
Warning : Library cell has no output pins defined. [LBR-9]
        : Library cell 'DCAP4BWP30P140' must have an output pin.
Warning : Library cell has no output pins defined. [LBR-9]
        : Library cell 'DCAP4BWP30P140' must have an output pin.
Warning : Library cell has no output pins defined. [LBR-9]
        : Library cell 'DCAP64BWP30P140' must have an output pin.
Warning : Library cell has no output pins defined. [LBR-9]
        : Library cell 'DCAP64BWP30P140' must have an output pin.
Warning : Library cell has no output pins defined. [LBR-9]
        : Library cell 'DCAP8BWP30P140' must have an output pin.
Warning : Library cell has no output pins defined. [LBR-9]
        : Library cell 'DCAP8BWP30P140' must have an output pin.
Warning : Library cell has no output pins defined. [LBR-9]
        : Library cell 'FILL16BWP30P140' must have an output pin.
Warning : Library cell has no output pins defined. [LBR-9]
        : Library cell 'FILL16BWP30P140' must have an output pin.
Warning : Library cell has no output pins defined. [LBR-9]
        : Library cell 'FILL2BWP30P140' must have an output pin.
Warning : Library cell has no output pins defined. [LBR-9]
        : Library cell 'FILL2BWP30P140' must have an output pin.
Warning : Maximum message print count reached. [MESG-11]
        : Maximum print count of '20' reached for message 'LBR-9'.
Info    : Set default library domain. [LBR-109]
        : The default library domain is 'library_domain:timing_cond_0p81v_125c'.
  Library has 530 usable logic and 349 usable sequential lib-cells.
@file(mmmc_tsmc_28_bv.tcl) 122: read_physical -lefs "${TECH_PATH}/lef/tsmcn28_9lm5X1Y1Z1UUTRDL.tlef  ${TECH_PATH}/lef/tcbn28hpcplusbwp30p140_110a/lef/tcbn28hpcplusbwp30p140.lef"

  According to lef_library, there are total 10 routing layers [ V(5) / H(5) ]

Warning : The variant range of wire parameters is too large. An example of wire parameters are, a WIDTH for layer, PITCH for layer, MINSPACING for layers, etc. [PHYS-12]
        : The variant range (0.05, 2) of 'WIDTH' for layers 'M6' and 'AP' is too large.
        : Check the consistency of the parameters, and see if you can ignore this message or you're using different LEF file with wrong parameters.
Warning : The variant range of wire parameters is too large. An example of wire parameters are, a WIDTH for layer, PITCH for layer, MINSPACING for layers, etc. [PHYS-12]
        : The variant range (0.1, 4.5) of 'PITCH' for layers 'M4' and 'AP' is too large.
Warning : The variant range of wire parameters is too large. An example of wire parameters are, a WIDTH for layer, PITCH for layer, MINSPACING for layers, etc. [PHYS-12]
        : The variant range (0.05, 2) of 'MINSPACING' for layers 'M1' and 'AP' is too large.
Warning : Physical cell not defined in library. [PHYS-279]
        : The physical (LEF) cell ISOHID1BWP30P140 cannot be found in library.
        : Ensure that the proper library files are available and have been imported.
Warning : Physical cell not defined in library. [PHYS-279]
        : The physical (LEF) cell ISOHID2BWP30P140 cannot be found in library.
Warning : Physical cell not defined in library. [PHYS-279]
        : The physical (LEF) cell ISOHID4BWP30P140 cannot be found in library.
Warning : Physical cell not defined in library. [PHYS-279]
        : The physical (LEF) cell ISOHID8BWP30P140 cannot be found in library.
Warning : Physical cell not defined in library. [PHYS-279]
        : The physical (LEF) cell ISOLOD1BWP30P140 cannot be found in library.
Warning : Physical cell not defined in library. [PHYS-279]
        : The physical (LEF) cell ISOLOD2BWP30P140 cannot be found in library.
Warning : Physical cell not defined in library. [PHYS-279]
        : The physical (LEF) cell ISOLOD4BWP30P140 cannot be found in library.
Warning : Physical cell not defined in library. [PHYS-279]
        : The physical (LEF) cell ISOLOD8BWP30P140 cannot be found in library.
Warning : Physical cell not defined in library. [PHYS-279]
        : The physical (LEF) cell ISOSRHID2BWP30P140 cannot be found in library.
Warning : Physical cell not defined in library. [PHYS-279]
        : The physical (LEF) cell ISOSRHID4BWP30P140 cannot be found in library.
Warning : Physical cell not defined in library. [PHYS-279]
        : The physical (LEF) cell ISOSRHID8BWP30P140 cannot be found in library.
Warning : Physical cell not defined in library. [PHYS-279]
        : The physical (LEF) cell ISOSRLOD2BWP30P140 cannot be found in library.
Warning : Physical cell not defined in library. [PHYS-279]
        : The physical (LEF) cell ISOSRLOD4BWP30P140 cannot be found in library.
Warning : Physical cell not defined in library. [PHYS-279]
        : The physical (LEF) cell ISOSRLOD8BWP30P140 cannot be found in library.
Warning : Physical cell not defined in library. [PHYS-279]
        : The physical (LEF) cell LVLHLCD1BWP30P140 cannot be found in library.
Warning : Physical cell not defined in library. [PHYS-279]
        : The physical (LEF) cell LVLHLCD2BWP30P140 cannot be found in library.
Warning : Physical cell not defined in library. [PHYS-279]
        : The physical (LEF) cell LVLHLCD4BWP30P140 cannot be found in library.
Warning : Physical cell not defined in library. [PHYS-279]
        : The physical (LEF) cell LVLHLCD8BWP30P140 cannot be found in library.
Warning : Physical cell not defined in library. [PHYS-279]
        : The physical (LEF) cell LVLHLCLOD1BWP30P140 cannot be found in library.
Warning : Physical cell not defined in library. [PHYS-279]
        : The physical (LEF) cell LVLHLCLOD2BWP30P140 cannot be found in library.
Warning : Maximum message print count reached. [MESG-11]
        : Maximum print count of '20' reached for message 'PHYS-279'.
#@ End verbose source /sim/tarsio/FastConv_SystemVerilog/rtl/conv3x3/synthesis/conv-tcn9-i40-h14-t10-o9-m05-stream10-prefetch15-rowconst5-trunc-column/scripts/mmmc_tsmc_28_bv.tcl
@file(logical_synthesis_body.tcl) 10: puts "++++++++++++++++++++++++++++++++++++++++++++++++++++++++++++++++++++++++"
++++++++++++++++++++++++++++++++++++++++++++++++++++++++++++++++++++++++
@file(logical_synthesis_body.tcl) 11: puts "Configuration of the Genus"
Configuration of the Genus
@file(logical_synthesis_body.tcl) 12: puts "++++++++++++++++++++++++++++++++++++++++++++++++++++++++++++++++++++++++"
++++++++++++++++++++++++++++++++++++++++++++++++++++++++++++++++++++++++
@file(logical_synthesis_body.tcl) 13: set_multi_cpu_usage -local_cpu 8
@file(logical_synthesis_body.tcl) 14: set_db lp_default_probability 0.5
  Setting attribute of root '/': 'lp_default_probability' = 0.50000
@file(logical_synthesis_body.tcl) 15: set_db syn_global_effort high
  Setting attribute of root '/': 'syn_global_effort' = high
@file(logical_synthesis_body.tcl) 16: set_db auto_ungroup none
  Setting attribute of root '/': 'auto_ungroup' = none
@file(logical_synthesis_body.tcl) 17: set_db hdl_parameter_naming_style ""
  Setting attribute of root '/': 'hdl_parameter_naming_style' = 
@file(logical_synthesis_body.tcl) 18: set_db interconnect_mode ple
  Setting attribute of root '/': 'interconnect_mode' = ple
@file(logical_synthesis_body.tcl) 19: set_db hdl_error_on_latch true
  Setting attribute of root '/': 'hdl_error_on_latch' = true
@file(logical_synthesis_body.tcl) 21: puts "++++++++++++++++++++++++++++++++++++++++++++++++++++++++++++++++++++++++"
++++++++++++++++++++++++++++++++++++++++++++++++++++++++++++++++++++++++
@file(logical_synthesis_body.tcl) 22: puts "Control Clock Gating"
Control Clock Gating
@file(logical_synthesis_body.tcl) 23: puts "++++++++++++++++++++++++++++++++++++++++++++++++++++++++++++++++++++++++"
++++++++++++++++++++++++++++++++++++++++++++++++++++++++++++++++++++++++
@file(logical_synthesis_body.tcl) 24: set_db lp_insert_clock_gating true
Warning : The 'lp_insert_clock_gating' attribute should be set before elaboration. [POPT-104]
        : The design 'design:__default_mmmc_spec' is already read. The attribute will not be set.
        : Setting the 'lp_insert_clock_gating' attribute before elaboration will result in an optimal clock-gated design.
  Setting attribute of root '/': 'lp_insert_clock_gating' = true
@file(logical_synthesis_body.tcl) 26: puts "++++++++++++++++++++++++++++++++++++++++++++++++++++++++++++++++++++++++"
++++++++++++++++++++++++++++++++++++++++++++++++++++++++++++++++++++++++
@file(logical_synthesis_body.tcl) 27: puts "Load hdl files"
Load hdl files
@file(logical_synthesis_body.tcl) 28: puts "++++++++++++++++++++++++++++++++++++++++++++++++++++++++++++++++++++++++"
++++++++++++++++++++++++++++++++++++++++++++++++++++++++++++++++++++++++
@file(logical_synthesis_body.tcl) 29: if {[llength $DEFINE_FLAGS] > 0} {
    set DEFINE_STRING [join $DEFINE_FLAGS " "]
    read_hdl -define $DEFINE_STRING -sv {*}$HDL_FILES
} else {
    read_hdl -sv {*}$HDL_FILES
}
(* use_dsp = "no" *)
   |
Warning : Unused attribute. [VLOGPT-506]
        : Attribute 'use_dsp' in file '/sim/tarsio/FastConv_SystemVerilog/rtl/conv3x3/conv-tcn9-i40-h14-t10-o9-m05-stream10-prefetch15-rowconst5-trunc-column.sv' on line 1008, column 4.
@file(logical_synthesis_body.tcl) 37: puts "++++++++++++++++++++++++++++++++++++++++++++++++++++++++++++++++++++++++"
++++++++++++++++++++++++++++++++++++++++++++++++++++++++++++++++++++++++
@file(logical_synthesis_body.tcl) 38: puts "Elaboration"
Elaboration
@file(logical_synthesis_body.tcl) 39: puts "++++++++++++++++++++++++++++++++++++++++++++++++++++++++++++++++++++++++"
++++++++++++++++++++++++++++++++++++++++++++++++++++++++++++++++++++++++
@file(logical_synthesis_body.tcl) 40: if {[llength $TOP_PARAMETERS] > 0} {
    puts "Elaborating $TOP_MODULE with parameter overrides: $TOP_PARAMETERS"
    elaborate -parameters $TOP_PARAMETERS $TOP_MODULE
} else {
    elaborate ${TOP_MODULE}
}
Elaborating Conv with parameter overrides: {NUM_MULT 5}
Info    : Elaborating Design. [ELAB-1]
        : Elaborating top-level block 'Conv' from file '/sim/tarsio/FastConv_SystemVerilog/rtl/conv3x3/conv-tcn9-i40-h14-t10-o9-m05-stream10-prefetch15-rowconst5-trunc-column.sv'.
Warning : Removing unused register. [CDFG-508]
        : Removing unused latch register 'weight[8]' in module 'WeightTransformRowConst' in file '/sim/tarsio/FastConv_SystemVerilog/rtl/conv3x3/conv-tcn9-i40-h14-t10-o9-m05-stream10-prefetch15-rowconst5-trunc-column.sv' on line 1025.
        : Genus removes the flip-flop or latch inferred for an unused signal or variable. To preserve the flip-flop or latch, set the hdl_preserve_unused_registers attribute to true or use a pragma in the RTL.
Warning : Removing unused register. [CDFG-508]
        : Removing unused latch register 'weight[7]' in module 'WeightTransformRowConst' in file '/sim/tarsio/FastConv_SystemVerilog/rtl/conv3x3/conv-tcn9-i40-h14-t10-o9-m05-stream10-prefetch15-rowconst5-trunc-column.sv' on line 1025.
Warning : Removing unused register. [CDFG-508]
        : Removing unused latch register 'weight[6]' in module 'WeightTransformRowConst' in file '/sim/tarsio/FastConv_SystemVerilog/rtl/conv3x3/conv-tcn9-i40-h14-t10-o9-m05-stream10-prefetch15-rowconst5-trunc-column.sv' on line 1025.
Warning : Removing unused register. [CDFG-508]
        : Removing unused latch register 'weight[5]' in module 'WeightTransformRowConst' in file '/sim/tarsio/FastConv_SystemVerilog/rtl/conv3x3/conv-tcn9-i40-h14-t10-o9-m05-stream10-prefetch15-rowconst5-trunc-column.sv' on line 1025.
Warning : Removing unused register. [CDFG-508]
        : Removing unused latch register 'weight[4]' in module 'WeightTransformRowConst' in file '/sim/tarsio/FastConv_SystemVerilog/rtl/conv3x3/conv-tcn9-i40-h14-t10-o9-m05-stream10-prefetch15-rowconst5-trunc-column.sv' on line 1025.
Warning : Removing unused register. [CDFG-508]
        : Removing unused latch register 'weight[3]' in module 'WeightTransformRowConst' in file '/sim/tarsio/FastConv_SystemVerilog/rtl/conv3x3/conv-tcn9-i40-h14-t10-o9-m05-stream10-prefetch15-rowconst5-trunc-column.sv' on line 1025.
Warning : Removing unused register. [CDFG-508]
        : Removing unused latch register 'weight[5]' in module 'WeightTransformRowConst_3' in file '/sim/tarsio/FastConv_SystemVerilog/rtl/conv3x3/conv-tcn9-i40-h14-t10-o9-m05-stream10-prefetch15-rowconst5-trunc-column.sv' on line 1025.
Warning : Removing unused register. [CDFG-508]
        : Removing unused latch register 'weight[4]' in module 'WeightTransformRowConst_3' in file '/sim/tarsio/FastConv_SystemVerilog/rtl/conv3x3/conv-tcn9-i40-h14-t10-o9-m05-stream10-prefetch15-rowconst5-trunc-column.sv' on line 1025.
Warning : Removing unused register. [CDFG-508]
        : Removing unused latch register 'weight[3]' in module 'WeightTransformRowConst_3' in file '/sim/tarsio/FastConv_SystemVerilog/rtl/conv3x3/conv-tcn9-i40-h14-t10-o9-m05-stream10-prefetch15-rowconst5-trunc-column.sv' on line 1025.
Warning : Removing unused register. [CDFG-508]
        : Removing unused latch register 'weight[2]' in module 'WeightTransformRowConst_3' in file '/sim/tarsio/FastConv_SystemVerilog/rtl/conv3x3/conv-tcn9-i40-h14-t10-o9-m05-stream10-prefetch15-rowconst5-trunc-column.sv' on line 1025.
Warning : Removing unused register. [CDFG-508]
        : Removing unused latch register 'weight[1]' in module 'WeightTransformRowConst_3' in file '/sim/tarsio/FastConv_SystemVerilog/rtl/conv3x3/conv-tcn9-i40-h14-t10-o9-m05-stream10-prefetch15-rowconst5-trunc-column.sv' on line 1025.
Warning : Removing unused register. [CDFG-508]
        : Removing unused latch register 'weight[0]' in module 'WeightTransformRowConst_3' in file '/sim/tarsio/FastConv_SystemVerilog/rtl/conv3x3/conv-tcn9-i40-h14-t10-o9-m05-stream10-prefetch15-rowconst5-trunc-column.sv' on line 1025.
Info    : Done Elaborating Design. [ELAB-3]
        : Done elaborating 'Conv'.
Checking for analog nets...
Check completed for analog nets.
Checking for source RTL...
Check completed for source RTL.
Running Unified Mux Engine Tricks...
Completed Unified Mux Engine Tricks
--------------------------------------------------------
| Trick             | Accepts | Rejects | Runtime (ms) | 
--------------------------------------------------------
| ume_constant_bmux |       0 |       0 |         1.00 | 
--------------------------------------------------------
Starting clip mux common data inputs [v1.0] (stage: post_elab, startdef: Conv, recur: true)
Completed clip mux common data inputs (accepts: 0, rejects: 0, runtime: 0.002s)
Starting clip the non-user hierarchies [v2.0] (stage: post_elab, startdef: Conv, recur: true)
Completed clip the non-user hierarchies (accepts: 0, rejects: 0, runtime: 0.000s)
UM:   flow.cputime  flow.realtime  timing.setup.tns  timing.setup.wns  snapshot
UM:*                                                                   elaborate
@file(logical_synthesis_body.tcl) 46: init_design
Started checking and loading power intent for design Conv...
============================================================
No power intent for design 'Conv'.
Completed checking and loading power intent for design Conv (runtime:0.00s memory_usage:0.00M peak_memory:0.00M).
=================================================================================================================
#
# Reading SDC /sim/tarsio/FastConv_SystemVerilog/rtl/conv3x3/synthesis/conv-tcn9-i40-h14-t10-o9-m05-stream10-prefetch15-rowconst5-trunc-column/scripts/constraints.sdc for view:analysis_view_0p81v_125c_capwst_slowest (constraint_mode:constraints_default)
#
Warning : Unsupported SDC command option. [SDC-201] [set_input_delay]
        : The set_input_delay command is not supported on ports which have a clock already defined 'port:Conv/clk'.
        : The current version does not support this SDC command option.  However, future versions may be enhanced to support this option.
Statistics for commands executed by read_sdc:
 "all_inputs"               - successful      2 , failed      0 (runtime  0.00)
 "all_outputs"              - successful      2 , failed      0 (runtime  0.00)
 "create_clock"             - successful      1 , failed      0 (runtime  0.00)
 "get_lib_pins"             - successful      1 , failed      0 (runtime  0.01)
 "get_ports"                - successful      2 , failed      0 (runtime  0.00)
 "load_of"                  - successful      1 , failed      0 (runtime  0.00)
 "set_driving_cell"         - successful      1 , failed      0 (runtime  0.01)
 "set_false_path"           - successful      1 , failed      0 (runtime  0.00)
 "set_input_delay"          - successful      1 , failed      0 (runtime  0.00)
 "set_load"                 - successful      1 , failed      0 (runtime  0.00)
 "set_load_unit"            - successful      1 , failed      0 (runtime  0.00)
 "set_output_delay"         - successful      1 , failed      0 (runtime  0.00)
 "set_time_unit"            - successful      1 , failed      0 (runtime  0.00)
read_sdc completed in 00:00:00 (hh:mm:ss)

  According to qrc_tech_file, there are total 10 routing layers [ V(5) / H(5) ]

Warning : The variant range of wire parameters is too large. An example of wire parameters are, a WIDTH for layer, PITCH for layer, MINSPACING for layers, etc. [PHYS-12]
        : The variant range (0.045, 1.8) of 'WIDTH' for layers 'M6' and 'AP' is too large.

  According to qrc_tech_file, there are total 10 routing layers [ V(5) / H(5) ]

Warning : The variant range of wire parameters is too large. An example of wire parameters are, a WIDTH for layer, PITCH for layer, MINSPACING for layers, etc. [PHYS-12]
        : The variant range (0.045, 1.8) of 'WIDTH' for layers 'M6' and 'AP' is too large.

  According to qrc_tech_file, there are total 10 routing layers [ V(5) / H(5) ]

Warning : The variant range of wire parameters is too large. An example of wire parameters are, a WIDTH for layer, PITCH for layer, MINSPACING for layers, etc. [PHYS-12]
        : The variant range (0.045, 1.8) of 'WIDTH' for layers 'M6' and 'AP' is too large.

  According to qrc_tech_file, there are total 10 routing layers [ V(5) / H(5) ]

Warning : The variant range of wire parameters is too large. An example of wire parameters are, a WIDTH for layer, PITCH for layer, MINSPACING for layers, etc. [PHYS-12]
        : The variant range (0.045, 1.8) of 'WIDTH' for layers 'M6' and 'AP' is too large.
  Setting attribute of root '/': 'read_qrc_tech_file_rc_corner' = true
@file(logical_synthesis_body.tcl) 48: if {[info exists DEBUG_PRESERVE_CONV_DATAPATH] && $DEBUG_PRESERVE_CONV_DATAPATH} {
    puts "Debug: preserve Conv datapath observability"
    set_db delete_unloaded_insts false
    set_db optimize_constant_0_flops false
}
@file(logical_synthesis_body.tcl) 54: puts "++++++++++++++++++++++++++++++++++++++++++++++++++++++++++++++++++++++++"
++++++++++++++++++++++++++++++++++++++++++++++++++++++++++++++++++++++++
@file(logical_synthesis_body.tcl) 55: puts "Synthesis - mapping and optimization"
Synthesis - mapping and optimization
@file(logical_synthesis_body.tcl) 56: puts "++++++++++++++++++++++++++++++++++++++++++++++++++++++++++++++++++++++++"
++++++++++++++++++++++++++++++++++++++++++++++++++++++++++++++++++++++++
@file(logical_synthesis_body.tcl) 57: syn_generic
##Generic Timing Info for library domain: timing_cond_0p81v_125c typical gate delay: 20.1 ps std_slew: 6.8 ps std_load: 1.6 fF
Starting mux data reorder optimization [v1.0] (stage: pre_to_gen_setup, startdef: Conv, recur: true)
Info    : Deleting instances not driving any primary outputs. [GLO-34]
        : Deleting 32 hierarchical instances.
        : Optimizations such as constant propagation or redundancy removal could change the connections so a hierarchical instance does not drive any primary outputs anymore. To see the list of deleted hierarchical instances, set the 'information_level' attribute to 2 or above. If the message is truncated set the message attribute 'truncate' to false to see the complete list. To prevent this optimization, set the 'delete_unloaded_insts' root/subdesign attribute to 'false' or 'preserve' instance attribute to 'true'.
Info    : Deleting instances not driving any primary outputs. [GLO-34]
        : Deleting 32 hierarchical instances.
Info    : Deleting instances not driving any primary outputs. [GLO-34]
        : Deleting 32 hierarchical instances.
Info    : Deleting instances not driving any primary outputs. [GLO-34]
        : Deleting 32 hierarchical instances.
Info    : Deleting instances not driving any primary outputs. [GLO-34]
        : Deleting 32 hierarchical instances.
Info    : Deleting instances not driving any primary outputs. [GLO-34]
        : Deleting 4 hierarchical instances.
Info    : Deleting instances not driving any primary outputs. [GLO-34]
        : Deleting 4 hierarchical instances.
Info    : Deleting instances not driving any primary outputs. [GLO-34]
        : Deleting 4 hierarchical instances.
Info    : Deleting instances not driving any primary outputs. [GLO-34]
        : Deleting 4 hierarchical instances.
Info    : Deleting instances not driving any primary outputs. [GLO-34]
        : Deleting 4 hierarchical instances.
Info    : Deleting instances not driving any primary outputs. [GLO-34]
        : Deleting 4 hierarchical instances.
Info    : Deleting instances not driving any primary outputs. [GLO-34]
        : Deleting 18 hierarchical instances.
Completed mux data reorder optimization (accepts: 11, rejects: 0, runtime: 0.452s)
Info    : Deleting instances not driving any primary outputs. [GLO-34]
        : Deleting 1 hierarchical instance.
Current PLE settings:

Aspect ratio        : 1.000
Shrink factor       : 0.900
Scale of res/length : 1.000
Scale of cap/length : 1.000
Net derating factor : 1.000
Thermal factor      : 1.253
Via Resistance      : 16.501 ohm (from qrc_tech_file)
Site size           : 1.040 um (from lef [tech+cell])

                                   Capacitance  
  Layer                             / Length         Data source:
Name        Direction Utilization  (pF/micron)       qrc_tech_file
------------------------------------------------
M1              V         0.00        0.000210  
M2              H         1.00        0.000184  
M3              V         1.00        0.000138  
M4              H         1.00        0.000137  
M5              V         1.00        0.000138  
M6              H         1.00        0.000133  
M7              V         1.00        0.000194  
M8              H         1.00        0.000322  
M9              V         1.00        0.000582  
AP              H         1.00        0.000334  

                                    Resistance   
  Layer                              / Length         Data source:
Name        Direction Utilization  (ohm/micron)       qrc_tech_file
-------------------------------------------------
M1              V         0.00        14.633762  
M2              H         1.00        14.861223  
M3              V         1.00        14.861223  
M4              H         1.00        14.861223  
M5              V         1.00        14.861223  
M6              H         1.00        14.861223  
M7              V         1.00         3.005090  
M8              H         1.00         0.111088  
M9              V         1.00         0.004928  
AP              H         1.00         0.009992  

                                        Area     
  Layer                               / Length        Data source:
Name        Direction Utilization     (micron)        lef_library
-------------------------------------------------
M1              V         0.00         0.050000  
M2              H         1.00         0.050000  
M3              V         1.00         0.050000  
M4              H         1.00         0.050000  
M5              V         1.00         0.050000  
M6              H         1.00         0.050000  
M7              V         1.00         0.100000  
M8              H         1.00         0.400000  
M9              V         1.00         2.000000  
AP              H         1.00         2.000000  

Info    : Synthesizing. [SYNTH-1]
        : Synthesizing 'Conv' to generic gates using 'high' effort.
PBS_Generic-Start - Elapsed_Time 0, CPU_Time 0.0
stamp 'PBS_Generic-Start' being created for table 'pbs_debug'

  Total Time (Wall) |  Stage Time (Wall)  |   % (Wall)   |    Date - Time     |  Memory   | Stage
--------------------+---------------------+--------------+--------------------+-----------+----------------------
 00:00:38(00:00:34) |  00:00:00(00:00:00) |   0.0(  0.0) |   21:55:47 (Oct04) |  800.5 MB | PBS_Generic-Start
--------------------+---------------------+--------------+--------------------+-----------+----------------------
Number of threads: 8 * 1   (id: pbs_debug, time_info v1.57)
Info: (*N*) indicates data that was populated from previously saved time_info database
Info: CPU time includes time of parent + longest thread
TNS Restructuring config: no_value at stage: generic applied.
Info    : Partition Based Synthesis execution skipped. [PHYS-752]
        : Design size is less than the partition threshold '300000' for distributed generic optimization to kick in.
Starting mux data reorder optimization [v1.0] (stage: pre_to_gen_setup, startdef: Conv, recur: true)
Completed mux data reorder optimization (accepts: 0, rejects: 0, runtime: 0.060s)
Info    : Deleting instances not driving any primary outputs. [GLO-34]
        : Deleting 1 hierarchical instance.
Starting mux data reorder optimization [v1.0] (stage: post_to_gen_setup, startdef: Conv, recur: true)
Completed mux data reorder optimization (accepts: 0, rejects: 0, runtime: 0.013s)
Current PLE settings:

Aspect ratio        : 1.000
Shrink factor       : 0.900
Scale of res/length : 1.000
Scale of cap/length : 1.000
Net derating factor : 1.000
Thermal factor      : 1.253
Via Resistance      : 16.501 ohm (from qrc_tech_file)
Site size           : 1.040 um (from lef [tech+cell])

                                   Capacitance  
  Layer                             / Length         Data source:
Name        Direction Utilization  (pF/micron)       qrc_tech_file
------------------------------------------------
M1              V         0.00        0.000210  
M2              H         1.00        0.000184  
M3              V         1.00        0.000138  
M4              H         1.00        0.000137  
M5              V         1.00        0.000138  
M6              H         1.00        0.000133  
M7              V         1.00        0.000194  
M8              H         1.00        0.000322  
M9              V         1.00        0.000582  
AP              H         1.00        0.000334  

                                    Resistance   
  Layer                              / Length         Data source:
Name        Direction Utilization  (ohm/micron)       qrc_tech_file
-------------------------------------------------
M1              V         0.00        14.633762  
M2              H         1.00        14.861223  
M3              V         1.00        14.861223  
M4              H         1.00        14.861223  
M5              V         1.00        14.861223  
M6              H         1.00        14.861223  
M7              V         1.00         3.005090  
M8              H         1.00         0.111088  
M9              V         1.00         0.004928  
AP              H         1.00         0.009992  

                                        Area     
  Layer                               / Length        Data source:
Name        Direction Utilization     (micron)        lef_library
-------------------------------------------------
M1              V         0.00         0.050000  
M2              H         1.00         0.050000  
M3              V         1.00         0.050000  
M4              H         1.00         0.050000  
M5              V         1.00         0.050000  
M6              H         1.00         0.050000  
M7              V         1.00         0.100000  
M8              H         1.00         0.400000  
M9              V         1.00         2.000000  
AP              H         1.00         2.000000  

Running Unified Mux Engine Tricks...
Completed Unified Mux Engine Tricks
--------------------------------------------
| Trick | Accepts | Rejects | Runtime (ms) | 
--------------------------------------------
--------------------------------------------
Starting infer macro optimization [v1.0] (stage: pre_rtlopt, startdef: Conv, recur: true)
Completed infer macro optimization (accepts: 0, rejects: 44, runtime: 0.281s)
Starting decode mux sandwich optimization [v2.0] (stage: pre_rtlopt, startdef: Conv, recur: true)
Completed decode mux sandwich optimization (accepts: 0, rejects: 0, runtime: 0.001s)
Starting decode mux optimization [v1.0] (stage: pre_rtlopt, startdef: Conv, recur: true)
Completed decode mux optimization (accepts: 0, rejects: 0, runtime: 0.001s)
Starting chop wide muxes [v1.0] (stage: pre_rtlopt, startdef: Conv, recur: true)
Completed chop wide muxes (accepts: 0, rejects: 0, runtime: 0.002s)
Starting common data mux cascade opt [v1.0] (stage: pre_rtlopt, startdef: Conv, recur: true)
Completed common data mux cascade opt (accepts: 0, rejects: 0, runtime: 0.003s)
Starting mux input consolidation [v1.0] (stage: pre_rtlopt, startdef: Conv, recur: true)
Completed mux input consolidation (accepts: 3, rejects: 0, runtime: 0.008s)
Starting priority mux optimization [v1.0] (stage: pre_rtlopt, startdef: Conv, recur: true)
Completed priority mux optimization (accepts: 0, rejects: 0, runtime: 3.635s)
Starting constant-data mux optimization [v1.0] (stage: pre_rtlopt, startdef: Conv, recur: true)
Completed constant-data mux optimization (accepts: 0, rejects: 0, runtime: 0.005s)
Starting chain-to-tree inequality transform [v2.0] (stage: pre_rtlopt, startdef: Conv, recur: true)
Completed chain-to-tree inequality transform (accepts: 0, rejects: 0, runtime: 0.297s)
Starting reconvergence optimization [v1.0] (stage: pre_rtlopt, startdef: Conv, recur: true)
Completed reconvergence optimization (accepts: 0, rejects: 0, runtime: 0.000s)
Starting logic restructure optimization [v1.0] (stage: pre_rtlopt, startdef: Conv, recur: true)
Completed logic restructure optimization (accepts: 0, rejects: 0, runtime: 0.009s)
Starting common select mux optimization [v1.0] (stage: pre_rtlopt, startdef: Conv, recur: true)
Completed common select mux optimization (accepts: 0, rejects: 1, runtime: 0.006s)
Starting identity transform [v3.0] (stage: pre_rtlopt, startdef: Conv, recur: true)
Completed identity transform (accepts: 0, rejects: 30, runtime: 0.013s)
Starting reduce operator chain [v1.0] (stage: pre_rtlopt, startdef: Conv, recur: true)
Completed reduce operator chain (accepts: 0, rejects: 0, runtime: 0.001s)
Starting common data mux cascade opt [v1.0] (stage: pre_rtlopt, startdef: Conv, recur: true)
Completed common data mux cascade opt (accepts: 0, rejects: 0, runtime: 0.002s)
Starting mux input consolidation [v1.0] (stage: pre_rtlopt, startdef: Conv, recur: true)
Completed mux input consolidation (accepts: 0, rejects: 0, runtime: 0.005s)
Starting optimize datapath elements [v1.0] (stage: pre_rtlopt, startdef: Conv, recur: true)
Completed optimize datapath elements (accepts: 0, rejects: 0, runtime: 0.000s)
Starting datapath recasting [v1.0] (stage: pre_rtlopt, startdef: Conv, recur: true)
Completed datapath recasting (accepts: 0, rejects: 50, runtime: 0.311s)
Starting clip mux common data inputs [v1.0] (stage: pre_rtlopt, startdef: Conv, recur: true)
Completed clip mux common data inputs (accepts: 0, rejects: 0, runtime: 0.003s)
Starting clip the non-user hierarchies [v2.0] (stage: pre_rtlopt, startdef: Conv, recur: true)
Completed clip the non-user hierarchies (accepts: 0, rejects: 0, runtime: 0.001s)
Running Unified Mux Engine Tricks...
Completed Unified Mux Engine Tricks
--------------------------------------------------
| Trick       | Accepts | Rejects | Runtime (ms) | 
--------------------------------------------------
| ume_runtime |       0 |       0 |         1.00 | 
--------------------------------------------------
Number of big hc bmuxes before = 5
Number of non-ctl's : 29
mux_529_290 mux_529_4557 mux_529_4567 mux_529_4577 mux_529_4587 mux_cmbsop__463_27 mux_cmbsop__463_293 mux_cmbsop__463_297 mux_529_4545 mux_529_4553 mux_529_4563 mux_529_4573 mux_529_4583 mux_529_4547 mux_529_4555 mux_529_4565 mux_529_4575 mux_529_4585 mux_529_4549 mux_529_4559 mux_529_4569 mux_529_4579 mux_529_4551 mux_529_4561 mux_529_4571 mux_529_4581 mux_w_input_feat_en_517_4589 mux_w_input_feat_en_520_4591 mux_w_input_feat_en_527_4593 
SOP DEBUG : Module= Conv, Cluster= ctl_463_27, ctl= 29, Non-ctl= 29
Selected impl_type 0 (ctl + 1-hot mux form) for sop cluster ctl_463_27.
Info    : Pre-processed datapath logic. [DPOPT-6]
        : Pre-processing optimizations applied to datapath logic in 'Conv':
          live_trim(48) sop(1) output_trim(32) 
Info    : Optimizing datapath logic. [DPOPT-1]
        : Optimizing datapath logic in 'Conv'.
Info    : Implementing datapath configurations. [DPOPT-3]
        : Implementing datapath configurations for 'CDN_DP_region_0_0'
CSAGen Prep Share:0 Re-Write:1 Speculation: 0
MaxCSA: Successfully built Maximal CSA Expression Expr0
MaxCSA: Successfully built Maximal CSA Expression Expr1
MaxCSA: Successfully built Maximal CSA Expression Expr2
MaxCSA: Successfully built Maximal CSA Expression Expr3
CDN_DP_region_0_0 level = 0 loads = 1 drivers = 0
CDN_DP_region_0_0_c0 in Conv: area: 6224558100 ,dp = 11 mux = 9 sg = slow         worst_clk_period: -1.0000 
    wns: 0  norm_wns:  -1.0000 
    fail_endp: -1 
    tns:  0  tns_per_endp:  -1.0000   norm_tns_per_endp:  -1.0000 
    tns_sense_max:  -1.0000  tns_sense_avg:  -1.0000   tns_sense_num: -1
 skipped
CDN_DP_region_0_0_c1 in Conv: area: 6081561495 ,dp = 6 mux = 9 sg = fast         worst_clk_period: -1.0000 
    wns: 0  norm_wns:  -1.0000 
    fail_endp: -1 
    tns:  0  tns_per_endp:  -1.0000   norm_tns_per_endp:  -1.0000 
    tns_sense_max:  -1.0000  tns_sense_avg:  -1.0000   tns_sense_num: -1
 is current best
CDN_DP_region_0_0_c2 in Conv: area: 6081561495 ,dp = 6 mux = 9 sg = very_slow    worst_clk_period: -1.0000 
    wns: 0  norm_wns:  -1.0000 
    fail_endp: -1 
    tns:  0  tns_per_endp:  -1.0000   norm_tns_per_endp:  -1.0000 
    tns_sense_max:  -1.0000  tns_sense_avg:  -1.0000   tns_sense_num: -1
 is current best
CDN_DP_region_0_0_c3 in Conv: area: 6081561495 ,dp = 6 mux = 9 sg = very_fast    worst_clk_period: -1.0000 
    wns: 0  norm_wns:  -1.0000 
    fail_endp: -1 
    tns:  0  tns_per_endp:  -1.0000   norm_tns_per_endp:  -1.0000 
    tns_sense_max:  -1.0000  tns_sense_avg:  -1.0000   tns_sense_num: -1
 is current best
CDN_DP_region_0_0_c4 in Conv: area: 6081561495 ,dp = 6 mux = 9 sg = very_fast    worst_clk_period: -1.0000 
    wns: 0  norm_wns:  -1.0000 
    fail_endp: -1 
    tns:  0  tns_per_endp:  -1.0000   norm_tns_per_endp:  -1.0000 
    tns_sense_max:  -1.0000  tns_sense_avg:  -1.0000   tns_sense_num: -1
 is current best
CDN_DP_region_0_0_c5 in Conv: area: 6081561495 ,dp = 6 mux = 9 sg = very_fast    worst_clk_period: -1.0000 
    wns: 0  norm_wns:  -1.0000 
    fail_endp: -1 
    tns:  0  tns_per_endp:  -1.0000   norm_tns_per_endp:  -1.0000 
    tns_sense_max:  -1.0000  tns_sense_avg:  -1.0000   tns_sense_num: -1
 is current best
CDN_DP_region_0_0_c6 in Conv: area: 6081561495 ,dp = 6 mux = 9 sg = very_fast    worst_clk_period: -1.0000 
    wns: 0  norm_wns:  -1.0000 
    fail_endp: -1 
    tns:  0  tns_per_endp:  -1.0000   norm_tns_per_endp:  -1.0000 
    tns_sense_max:  -1.0000  tns_sense_avg:  -1.0000   tns_sense_num: -1
 is current best
CDN_DP_region_0_0_c7 in Conv: area: 6084365350 ,dp = 6 mux = 9 sg = very_fast    worst_clk_period: -1.0000 
    wns: 0  norm_wns:  -1.0000 
    fail_endp: -1 
    tns:  0  tns_per_endp:  -1.0000   norm_tns_per_endp:  -1.0000 
    tns_sense_max:  -1.0000  tns_sense_avg:  -1.0000   tns_sense_num: -1

Best config: CDN_DP_region_0_0_c6 in Conv: area: 6081561495 ,dp = 6 mux = 9 sg = very_fast    worst_clk_period: -1.0000 
    wns: 0  norm_wns:  -1.0000 
    fail_endp: -1 
    tns:  0  tns_per_endp:  -1.0000   norm_tns_per_endp:  -1.0000 
    tns_sense_max:  -1.0000  tns_sense_avg:  -1.0000   tns_sense_num: -1
  Smallest config area : 6081561495.  Fastest config wns;  0
##>+----------------------------------------------------------------------------------------------------------------------------------------------------------------+
##>Summary table of configs (Best config is CDN_DP_region_0_0_c6)
##>+----------------------------------------------------------------------------------------------------------------------------------------------------------------+
##>                     0                  1                  2                  3                  4                  5                  6                  7            
##>+----------------------------------------------------------------------------------------------------------------------------------------------------------------+
##>           Area       6224558100         6081561495         6081561495         6081561495         6081561495         6081561495         6081561495         6084365350  
##>            WNS          +741.90            +742.70            +742.70            +742.70            +742.70            +742.70            +742.70            +742.70  
##>            TNS                0                  0                  0                  0                  0                  0                  0                  0  
##>    Num Rewrite                0                  0                  0                  0                  0                  0                  0                  1  
##>     Num Factor                0                  0                  0                  0                  0                  0                  0                  0  
##>      Num Share                0                  0                  0                  0                  0                  0                  0                  0  
##>   Num CmultCse                0                  0                  0                  0                  0                  0                  0                  0  
##>   Num Downsize                0                  0                  0                  0                  0                  0                  0                  0  
##>  Num Speculate                0                  0                  0                  0                  0                  0                  0                  0  
##>     Runtime(s)                0                  0                  0                  0                  0                  0                  0                  0  
+----------------------------------------------------------------------------------------------------------------------------------------------------------------+
##>
##>
##>+------------------------------------------------------------------------------------------------------------------------------------------------------------+
##>Optimization Step DEBUG Table for config CDN_DP_region_0_0_c6
##>
##>                          Step                        Area   ( % Chg)        WNS (Change)        TNS (Change)          Runtime (s)        Comment                   
##>+------------------------------------------------------------------------------------------------------------------------------------------------------------+
##>createMaxCarrySave              START             6224558100 (      )    107374924.30 (        )             0 (        )              
##> datapath_rewrite_one_def       START             6224558100 ( +0.00)    107374924.30 (   +0.00)             0 (       0)              
##>  fast_cse_elim                 START             6224558100 ( +0.00)    107374924.30 (   +0.00)             0 (       0)              
##>                                  END             6084365350 ( -2.25)    107374925.10 (   +0.80)             0 (       0)           0  
##>  fast_cse_elim                 START             6084365350 ( +0.00)    107374925.10 (   +0.00)             0 (       0)              
##>                                  END             6084365350 ( +0.00)    107374925.10 (   +0.00)             0 (       0)           0  
##>                                  END             6084365350 ( -2.25)    107374925.10 (   +0.80)             0 (       0)           0  
##> dpopt_share_one_def            START             6084365350 ( +0.00)    107374925.10 (   +0.00)             0 (       0)              
##>                                  END             6084365350 ( +0.00)    107374925.10 (   +0.00)             0 (       0)           0  
##> csa_opto                       START             6084365350 ( +0.00)    214748364.70 (+107373439.60)             0 (       0)              
##>                                  END             6092776915 ( +0.14)    214748364.70 (   +0.00)             0 (       0)           0  
##>                                  END             6092776915 ( -2.12)    214748364.70 (+107373440.40)             0 (       0)           0  
##>canonicalize_by_names           START             6092776915 ( +0.00)    214748364.70 (   +0.00)             0 (       0)              
##>                                  END             6092776915 ( +0.00)    214748364.70 (   +0.00)             0 (       0)           0  
##>datapath_rewrite_post_csa_one_  START             6092776915 ( +0.00)    214748364.70 (   +0.00)             0 (       0)              
##>                                  END             6092776915 ( +0.00)    214748364.70 (   +0.00)             0 (       0)           0  
##>datapath_csa_factoring_one_gde  START             6092776915 ( +0.00)    214748364.70 (   +0.00)             0 (       0)              
##>                                  END             6092776915 ( +0.00)    214748364.70 (   +0.00)             0 (       0)           0  
##>dpopt_share_one_def             START             6092776915 ( +0.00)    214748364.70 (   +0.00)             0 (       0)              
##>                                  END             6092776915 ( +0.00)    214748364.70 (   +0.00)             0 (       0)           0  
##>datapath_rewrite_post_share     START             6092776915 ( +0.00)    214748364.70 (   +0.00)             0 (       0)              
##>                                  END             6092776915 ( +0.00)    214748364.70 (   +0.00)             0 (       0)           0  
##>dp_combine_const_mult_with_com  START             6092776915 ( +0.00)    214748364.70 (   +0.00)             0 (       0)              
##>                                  END             6092776915 ( +0.00)    214748364.70 (   +0.00)             0 (       0)           0  
##>speculate_in_gdef               START             6092776915 ( +0.00)    214748364.70 (   +0.00)             0 (       0)              
##> pre_speculate_mux_merge        START             6092776915 ( +0.00)    214748364.70 (   +0.00)             0 (       0)              
##>                                  END             6092776915 ( +0.00)    214748364.70 (   +0.00)             0 (       0)           0  
##>                                  END             6092776915 ( +0.00)    214748364.70 (   +0.00)             0 (       0)           0  
##>dp_operator_level_decompositio  START             6092776915 ( +0.00)    214748364.70 (   +0.00)             0 (       0)              
##>                                  END             6092776915 ( +0.00)    214748364.70 (   +0.00)             0 (       0)           0  
##>selective_flatten_dp_config     START             6092776915 ( +0.00)    214748364.70 (   +0.00)             0 (       0)              
##>                                  END             6092776915 ( +0.00)    214748364.70 (   +0.00)             0 (       0)           0  
##>createMaxCarrySave              START             6092776915 ( +0.00)    214748364.70 (   +0.00)             0 (       0)              
##> datapath_rewrite_one_def       START             6092776915 ( +0.00)    214748364.70 (   +0.00)             0 (       0)              
##>  fast_cse_elim                 START             6092776915 ( +0.00)    214748364.70 (   +0.00)             0 (       0)              
##>                                  END             6092776915 ( +0.00)    214748364.70 (   +0.00)             0 (       0)           0  
##>  fast_cse_elim                 START             6092776915 ( +0.00)    214748364.70 (   +0.00)             0 (       0)              
##>                                  END             6092776915 ( +0.00)    214748364.70 (   +0.00)             0 (       0)           0  
##>                                  END             6092776915 ( +0.00)    214748364.70 (   +0.00)             0 (       0)           0  
##> dpopt_share_one_def            START             6092776915 ( +0.00)    214748364.70 (   +0.00)             0 (       0)              
##>                                  END             6092776915 ( +0.00)    214748364.70 (   +0.00)             0 (       0)           0  
##> csa_opto                       START             6092776915 ( +0.00)    214748364.70 (   +0.00)             0 (       0)              
##>                                  END             6092776915 ( +0.00)    214748364.70 (   +0.00)             0 (       0)           0  
##>                                  END             6092776915 ( +0.00)    214748364.70 (   +0.00)             0 (       0)           0  
##>context_based_simplify          START             6081561495 ( -0.18)    214748364.70 (   +0.00)             0 (       0)              
##>                                  END             6081561495 ( +0.00)    214748364.70 (   +0.00)             0 (       0)           0  
##>group_csa_final_adder_dp        START             6081561495 ( +0.00)    214748364.70 (   +0.00)             0 (       0)              
##>                                  END             6081561495 ( +0.00)    214748364.70 (   +0.00)             0 (       0)           0  
##>dpopt_flatten_critical_muxes_i  START             6081561495 ( +0.00)    214748364.70 (   +0.00)             0 (       0)              
##>                                  END             6081561495 ( +0.00)    214748364.70 (   +0.00)             0 (       0)           0  
##>speculate_in_gdef               START             6081561495 ( +0.00)    214748364.70 (   +0.00)             0 (       0)              
##> pre_speculate_mux_merge        START             6081561495 ( +0.00)    214748364.70 (   +0.00)             0 (       0)              
##>                                  END             6081561495 ( +0.00)    214748364.70 (   +0.00)             0 (       0)           0  
##>                                  END             6081561495 ( +0.00)    214748364.70 (   +0.00)             0 (       0)           0  
##>create_score                    START             6081561495 ( +0.00)      742.70 (-214747622.00)             0 (       0)              
##>                                  END             6081561495 ( +0.00)      742.70 (   +0.00)             0 (       0)           0  
##>+------------------------------------------------------------------------------------------------------------------------------------------------------------+
Committed config: CDN_DP_region_0_0_c6
Info    : Done implementing datapath configurations. [DPOPT-4]
        : Selected 'very_fast' configuration 6 for module 'CDN_DP_region_0_0'.
          Optimizations applied to 'very_fast' configuration:
            rewriting(0), factoring(0), sharing(0), cmultcse(0), downsizing(0), speculation(0)
Info    : Implementing datapath configurations. [DPOPT-3]
        : Implementing datapath configurations for 'CDN_DP_region_2_0'
CSAGen Prep Share:0 Re-Write:0 Speculation: 0
MaxCSA: Successfully built Maximal CSA Expression Expr4
MaxCSA: Successfully built Maximal CSA Expression Expr5
MaxCSA: Successfully built Maximal CSA Expression Expr6
Info    : Accepted resource sharing opportunity. [RTLOPT-30]
        : Merged the following sets of instances in 'CDN_DP_region_2_0_c7 in InverseRowAccumulate':
	  (final_adder_ADD_TC_OP_5, ADD_TC_OP_6)

Info    : Accepted resource sharing opportunity. [RTLOPT-30]
        : Merged the following sets of instances in 'CDN_DP_region_2_0_c7 in InverseRowAccumulate':
	  (final_adder_ADD_TC_OP_43, ADD_TC_OP_39)

Info    : Accepted resource sharing opportunity. [RTLOPT-30]
        : Merged the following sets of instances in 'CDN_DP_region_2_0_c7 in InverseRowAccumulate':
	  (ADD_TC_OP_3, SUB_TC_OP, final_adder_ADD_TC_OP_2)

Info    : Accepted resource sharing opportunity. [RTLOPT-30]
        : Merged the following sets of instances in 'CDN_DP_region_2_0_c7 in InverseRowAccumulate':
	  (ADD_TC_OP_38, SUB_TC_OP37, final_adder_ADD_TC_OP_42)

Info    : Accepted resource sharing opportunity. [RTLOPT-30]
        : Merged the following sets of instances in 'CDN_DP_region_2_0_c7 in InverseRowAccumulate':
	  (final_adder_ADD_TC_OP_50, ADD_TC_OP_46, SUB_TC_OP45)

Info    : Accepted resource sharing opportunity. [RTLOPT-30]
        : Merged the following sets of instances in 'CDN_DP_region_2_0_c7 in InverseRowAccumulate':
	  (final_adder_ADD_TC_OP_51, ADD_TC_OP_47)

Info    : Accepted resource sharing opportunity. [RTLOPT-30]
        : Merged the following sets of instances in 'CDN_DP_region_2_0_c1 in InverseRowAccumulate':
	  (add_1154_48, sub_1165_48, add_1176_48)

Info    : Accepted resource sharing opportunity. [RTLOPT-30]
        : Merged the following sets of instances in 'CDN_DP_region_2_0_c1 in InverseRowAccumulate':
	  (add_1155_48, sub_1166_48, add_1177_48)

Info    : Accepted resource sharing opportunity. [RTLOPT-30]
        : Merged the following sets of instances in 'CDN_DP_region_2_0_c1 in InverseRowAccumulate':
	  (add_1178_48, add_1156_48, sub_1167_48)

Info    : Accepted resource sharing opportunity. [RTLOPT-30]
        : Merged the following sets of instances in 'CDN_DP_region_2_0_c1 in InverseRowAccumulate':
	  (add_1179_48, add_1158_48)

Info    : Accepted resource sharing opportunity. [RTLOPT-30]
        : Merged the following sets of instances in 'CDN_DP_region_2_0_c1 in InverseRowAccumulate':
	  (add_1180_48, add_1159_48)

Info    : Accepted resource sharing opportunity. [RTLOPT-30]
        : Merged the following sets of instances in 'CDN_DP_region_2_0_c1 in InverseRowAccumulate':
	  (add_1181_48, add_1157_48)

Info    : Accepted resource sharing opportunity. [RTLOPT-30]
        : Merged the following sets of instances in 'CDN_DP_region_2_0_c2 in InverseRowAccumulate':
	  (add_1154_48, sub_1165_48, add_1176_48)

Info    : Accepted resource sharing opportunity. [RTLOPT-30]
        : Merged the following sets of instances in 'CDN_DP_region_2_0_c2 in InverseRowAccumulate':
	  (add_1155_48, sub_1166_48, add_1177_48)

Info    : Accepted resource sharing opportunity. [RTLOPT-30]
        : Merged the following sets of instances in 'CDN_DP_region_2_0_c2 in InverseRowAccumulate':
	  (add_1178_48, add_1156_48, sub_1167_48)

Info    : Accepted resource sharing opportunity. [RTLOPT-30]
        : Merged the following sets of instances in 'CDN_DP_region_2_0_c2 in InverseRowAccumulate':
	  (add_1179_48, add_1158_48)

Info    : Accepted resource sharing opportunity. [RTLOPT-30]
        : Merged the following sets of instances in 'CDN_DP_region_2_0_c2 in InverseRowAccumulate':
	  (add_1180_48, add_1159_48)

Info    : Accepted resource sharing opportunity. [RTLOPT-30]
        : Merged the following sets of instances in 'CDN_DP_region_2_0_c2 in InverseRowAccumulate':
	  (add_1181_48, add_1157_48)

Info    : Accepted resource sharing opportunity. [RTLOPT-30]
        : Merged the following sets of instances in 'CDN_DP_region_2_0_c3 in InverseRowAccumulate':
	  (add_1154_48, sub_1165_48, add_1176_48)

Info    : Accepted resource sharing opportunity. [RTLOPT-30]
        : Merged the following sets of instances in 'CDN_DP_region_2_0_c3 in InverseRowAccumulate':
	  (add_1155_48, sub_1166_48, add_1177_48)

Warning : Maximum message print count reached. [MESG-11]
        : Maximum print count of '20' reached for message 'RTLOPT-30'.
CDN_DP_region_2_0 level = 0 loads = 1 drivers = 0
CDN_DP_region_2_0_c0 in InverseRowAccumulate: area: 24525319685 ,dp = 21 mux = 9 sg = slow         worst_clk_period: -1.0000 
    wns: 0  norm_wns:  -1.0000 
    fail_endp: -1 
    tns:  0  tns_per_endp:  -1.0000   norm_tns_per_endp:  -1.0000 
    tns_sense_max:  -1.0000  tns_sense_avg:  -1.0000   tns_sense_num: -1
 skipped
CDN_DP_region_2_0_c1 in InverseRowAccumulate: area: 14955762570 ,dp = 10 mux = 16 sg = fast         worst_clk_period: -1.0000 
    wns: 0  norm_wns:  -1.0000 
    fail_endp: -1 
    tns:  0  tns_per_endp:  -1.0000   norm_tns_per_endp:  -1.0000 
    tns_sense_max:  -1.0000  tns_sense_avg:  -1.0000   tns_sense_num: -1
 is current best
CDN_DP_region_2_0_c2 in InverseRowAccumulate: area: 14955762570 ,dp = 10 mux = 16 sg = very_slow    worst_clk_period: -1.0000 
    wns: 0  norm_wns:  -1.0000 
    fail_endp: -1 
    tns:  0  tns_per_endp:  -1.0000   norm_tns_per_endp:  -1.0000 
    tns_sense_max:  -1.0000  tns_sense_avg:  -1.0000   tns_sense_num: -1
 is current best
CDN_DP_region_2_0_c3 in InverseRowAccumulate: area: 14955762570 ,dp = 10 mux = 16 sg = very_fast    worst_clk_period: -1.0000 
    wns: 0  norm_wns:  -1.0000 
    fail_endp: -1 
    tns:  0  tns_per_endp:  -1.0000   norm_tns_per_endp:  -1.0000 
    tns_sense_max:  -1.0000  tns_sense_avg:  -1.0000   tns_sense_num: -1
 is current best
CDN_DP_region_2_0_c4 in InverseRowAccumulate: area: 14955762570 ,dp = 10 mux = 16 sg = very_fast    worst_clk_period: -1.0000 
    wns: 0  norm_wns:  -1.0000 
    fail_endp: -1 
    tns:  0  tns_per_endp:  -1.0000   norm_tns_per_endp:  -1.0000 
    tns_sense_max:  -1.0000  tns_sense_avg:  -1.0000   tns_sense_num: -1
 is current best
CDN_DP_region_2_0_c5 in InverseRowAccumulate: area: 14955762570 ,dp = 10 mux = 16 sg = very_fast    worst_clk_period: -1.0000 
    wns: 0  norm_wns:  -1.0000 
    fail_endp: -1 
    tns:  0  tns_per_endp:  -1.0000   norm_tns_per_endp:  -1.0000 
    tns_sense_max:  -1.0000  tns_sense_avg:  -1.0000   tns_sense_num: -1
 is current best
CDN_DP_region_2_0_c6 in InverseRowAccumulate: area: 14518361190 ,dp = 11 mux = 14 sg = very_fast    worst_clk_period: -1.0000 
    wns: 0  norm_wns:  -1.0000 
    fail_endp: -1 
    tns:  0  tns_per_endp:  -1.0000   norm_tns_per_endp:  -1.0000 
    tns_sense_max:  -1.0000  tns_sense_avg:  -1.0000   tns_sense_num: -1
 is current best
CDN_DP_region_2_0_c7 in InverseRowAccumulate: area: 15858603880 ,dp = 16 mux = 28 sg = very_fast    worst_clk_period: -1.0000 
    wns: 0  norm_wns:  -1.0000 
    fail_endp: -1 
    tns:  0  tns_per_endp:  -1.0000   norm_tns_per_endp:  -1.0000 
    tns_sense_max:  -1.0000  tns_sense_avg:  -1.0000   tns_sense_num: -1

Best config: CDN_DP_region_2_0_c6 in InverseRowAccumulate: area: 14518361190 ,dp = 11 mux = 14 sg = very_fast    worst_clk_period: -1.0000 
    wns: 0  norm_wns:  -1.0000 
    fail_endp: -1 
    tns:  0  tns_per_endp:  -1.0000   norm_tns_per_endp:  -1.0000 
    tns_sense_max:  -1.0000  tns_sense_avg:  -1.0000   tns_sense_num: -1
  Smallest config area : 14518361190.  Fastest config wns;  0
##>+----------------------------------------------------------------------------------------------------------------------------------------------------------------+
##>Summary table of configs (Best config is CDN_DP_region_2_0_c6)
##>+----------------------------------------------------------------------------------------------------------------------------------------------------------------+
##>                     0                  1                  2                  3                  4                  5                  6                  7            
##>+----------------------------------------------------------------------------------------------------------------------------------------------------------------+
##>           Area      24525319685        14955762570        14955762570        14955762570        14955762570        14955762570        14518361190        15858603880  
##>            WNS          +761.10            +764.10            +764.10            +764.10            +764.10            +764.10            +764.10            +764.10  
##>            TNS                0                  0                  0                  0                  0                  0                  0                  0  
##>    Num Rewrite                0                  3                  3                  3                  3                  3                  4                  0  
##>     Num Factor                0                  0                  0                  0                  0                  0                  0                  0  
##>      Num Share                0                  7                  7                  7                  7                  7                  7                  7  
##>   Num CmultCse                0                  0                  0                  0                  0                  0                  0                  0  
##>   Num Downsize                0                  0                  0                  0                  0                  0                  0                  0  
##>  Num Speculate                0                  0                  0                  0                  0                  0                  0                  0  
##>     Runtime(s)                0                  1                  1                  1                  1                  1                  1                  2  
+----------------------------------------------------------------------------------------------------------------------------------------------------------------+
##>
##>
##>+------------------------------------------------------------------------------------------------------------------------------------------------------------+
##>Optimization Step DEBUG Table for config CDN_DP_region_2_0_c6
##>
##>                          Step                        Area   ( % Chg)        WNS (Change)        TNS (Change)          Runtime (s)        Comment                   
##>+------------------------------------------------------------------------------------------------------------------------------------------------------------+
##>createMaxCarrySave              START            24525319685 (      )    107374943.50 (        )             0 (        )              
##> datapath_rewrite_one_def       START            24525319685 ( +0.00)    107374943.50 (   +0.00)             0 (       0)              
##>  fast_cse_elim                 START            24525319685 ( +0.00)    107374943.50 (   +0.00)             0 (       0)              
##>                                  END            24373911515 ( -0.62)    107374943.50 (   +0.00)             0 (       0)           0  
##>  fast_cse_elim                 START            24373911515 ( +0.00)    107374943.50 (   +0.00)             0 (       0)              
##>                                  END            24373911515 ( +0.00)    107374943.50 (   +0.00)             0 (       0)           0  
##>  rewrite                       START            24373911515 ( +0.00)    107374943.50 (   +0.00)             0 (       0)              (a,ar) add_c_ohmux_version3 --> add_c_ohmux_version4
##>                                  END            24261757315 ( -0.46)    107374943.50 (   +0.00)             0 (       0)           0  
##>  rewrite                       START            24261757315 ( +0.00)    107374943.50 (   +0.00)             0 (       0)              (a,ar) add_c_ohmux_version3 --> add_c_ohmux_version4
##>                                  END            24149603115 ( -0.46)    107374943.50 (   +0.00)             0 (       0)           0  
##>  rewrite                       START            24149603115 ( +0.00)    107374943.50 (   +0.00)             0 (       0)              (a,ar) add_c_ohmux_version3 --> add_c_ohmux_version4
##>                                  END            24037448915 ( -0.46)    107374943.50 (   +0.00)             0 (       0)           0  
##>  fast_cse_elim                 START            24037448915 ( +0.00)    107374943.50 (   +0.00)             0 (       0)              
##>                                  END            24037448915 ( +0.00)    107374943.50 (   +0.00)             0 (       0)           0  
##>  fast_cse_elim                 START            24037448915 ( +0.00)    107374943.50 (   +0.00)             0 (       0)              
##>                                  END            24037448915 ( +0.00)    107374943.50 (   +0.00)             0 (       0)           0  
##>  rewrite                       START            24037448915 ( +0.00)    107374943.50 (   +0.00)             0 (       0)              (na,csaa) and_en_v2 --> en_mux
##>                                  END            24152406970 ( +0.48)    107374943.50 (   +0.00)             0 (       0)           0  
##>                                  END            24037448915 ( -1.99)    107374943.50 (   +0.00)             0 (       0)           0  
##> dpopt_share_one_def            START            24037448915 ( +0.00)    107374943.50 (   +0.00)             0 (       0)              
##>                                  END            14661357795 (-39.01)    107374946.50 (   +3.00)             0 (       0)           0  
##> csa_opto                       START            14661357795 ( +0.00)    214748364.70 (+107373418.20)             0 (       0)              
##>                                  END            14661357795 ( +0.00)    214748364.70 (   +0.00)             0 (       0)           0  
##>                                  END            14661357795 (-40.22)    214748364.70 (+107373421.20)             0 (       0)           0  
##>canonicalize_by_names           START            14661357795 ( +0.00)    214748364.70 (   +0.00)             0 (       0)              
##>                                  END            14661357795 ( +0.00)    214748364.70 (   +0.00)             0 (       0)           0  
##>datapath_rewrite_post_csa_one_  START            14661357795 ( +0.00)    214748364.70 (   +0.00)             0 (       0)              
##>                                  END            14661357795 ( +0.00)    214748364.70 (   +0.00)             0 (       0)           0  
##>datapath_csa_factoring_one_gde  START            14661357795 ( +0.00)    214748364.70 (   +0.00)             0 (       0)              
##>                                  END            14661357795 ( +0.00)    214748364.70 (   +0.00)             0 (       0)           0  
##>dpopt_share_one_def             START            14661357795 ( +0.00)    214748364.70 (   +0.00)             0 (       0)              
##>                                  END            14661357795 ( +0.00)    214748364.70 (   +0.00)             0 (       0)           0  
##>datapath_rewrite_post_share     START            14661357795 ( +0.00)    214748364.70 (   +0.00)             0 (       0)              
##>                                  END            14661357795 ( +0.00)    214748364.70 (   +0.00)             0 (       0)           0  
##>dp_combine_const_mult_with_com  START            14661357795 ( +0.00)    214748364.70 (   +0.00)             0 (       0)              
##>                                  END            14661357795 ( +0.00)    214748364.70 (   +0.00)             0 (       0)           0  
##>speculate_in_gdef               START            14661357795 ( +0.00)    214748364.70 (   +0.00)             0 (       0)              
##> pre_speculate_mux_merge        START            14661357795 ( +0.00)    214748364.70 (   +0.00)             0 (       0)              
##>                                  END            14661357795 ( +0.00)    214748364.70 (   +0.00)             0 (       0)           0  
##>                                  END            14661357795 ( +0.00)    214748364.70 (   +0.00)             0 (       0)           0  
##>dp_operator_level_decompositio  START            14661357795 ( +0.00)    214748364.70 (   +0.00)             0 (       0)              
##>                                  END            14661357795 ( +0.00)    214748364.70 (   +0.00)             0 (       0)           0  
##>selective_flatten_dp_config     START            14661357795 ( +0.00)    214748364.70 (   +0.00)             0 (       0)              
##>                                  END            14661357795 ( +0.00)    214748364.70 (   +0.00)             0 (       0)           0  
##>createMaxCarrySave              START            14661357795 ( +0.00)    214748364.70 (   +0.00)             0 (       0)              
##> datapath_rewrite_one_def       START            14661357795 ( +0.00)    214748364.70 (   +0.00)             0 (       0)              
##>  fast_cse_elim                 START            14661357795 ( +0.00)    214748364.70 (   +0.00)             0 (       0)              
##>                                  END            14630515390 ( -0.21)    214748364.70 (   +0.00)             0 (       0)           0  
##>  fast_cse_elim                 START            14630515390 ( +0.00)    214748364.70 (   +0.00)             0 (       0)              
##>                                  END            14630515390 ( +0.00)    214748364.70 (   +0.00)             0 (       0)           0  
##>  rewrite                       START            14630515390 ( +0.00)    214748364.70 (   +0.00)             0 (       0)              (a,ar) add_c_ohmux_version1_1 --> add_c_ohmux_version2
##>                                  END            14518361190 ( -0.77)    214748364.70 (   +0.00)             0 (       0)           0  
##>  fast_cse_elim                 START            14518361190 ( +0.00)    214748364.70 (   +0.00)             0 (       0)              
##>                                  END            14518361190 ( +0.00)    214748364.70 (   +0.00)             0 (       0)           0  
##>  fast_cse_elim                 START            14518361190 ( +0.00)    214748364.70 (   +0.00)             0 (       0)              
##>                                  END            14518361190 ( +0.00)    214748364.70 (   +0.00)             0 (       0)           0  
##>                                  END            14518361190 ( -0.98)    214748364.70 (   +0.00)             0 (       0)           0  
##> dpopt_share_one_def            START            14518361190 ( +0.00)    214748364.70 (   +0.00)             0 (       0)              
##>                                  END            14518361190 ( +0.00)    214748364.70 (   +0.00)             0 (       0)           0  
##> csa_opto                       START            14518361190 ( +0.00)    214748364.70 (   +0.00)             0 (       0)              
##>                                  END            14518361190 ( +0.00)    214748364.70 (   +0.00)             0 (       0)           0  
##>                                  END            14518361190 ( -0.98)    214748364.70 (   +0.00)             0 (       0)           0  
##>context_based_simplify          START            14518361190 ( +0.00)    214748364.70 (   +0.00)             0 (       0)              
##>                                  END            14518361190 ( +0.00)    214748364.70 (   +0.00)             0 (       0)           0  
##>group_csa_final_adder_dp        START            14518361190 ( +0.00)    214748364.70 (   +0.00)             0 (       0)              
##>                                  END            14518361190 ( +0.00)    214748364.70 (   +0.00)             0 (       0)           0  
##>dpopt_flatten_critical_muxes_i  START            14518361190 ( +0.00)    214748364.70 (   +0.00)             0 (       0)              
##>                                  END            14518361190 ( +0.00)    214748364.70 (   +0.00)             0 (       0)           0  
##>speculate_in_gdef               START            14518361190 ( +0.00)    214748364.70 (   +0.00)             0 (       0)              
##> pre_speculate_mux_merge        START            14518361190 ( +0.00)    214748364.70 (   +0.00)             0 (       0)              
##>                                  END            14518361190 ( +0.00)    214748364.70 (   +0.00)             0 (       0)           0  
##>                                  END            14518361190 ( +0.00)    214748364.70 (   +0.00)             0 (       0)           0  
##>create_score                    START            14518361190 ( +0.00)      764.10 (-214747600.60)             0 (       0)              
##>                                  END            14518361190 ( +0.00)      764.10 (   +0.00)             0 (       0)           0  
##>+------------------------------------------------------------------------------------------------------------------------------------------------------------+
Committed config: CDN_DP_region_2_0_c6
Info    : Done implementing datapath configurations. [DPOPT-4]
        : Selected 'very_fast' configuration 6 for module 'CDN_DP_region_2_0'.
          Optimizations applied to 'very_fast' configuration:
            rewriting(4), factoring(0), sharing(7), cmultcse(0), downsizing(0), speculation(0)
Info    : Implementing datapath configurations. [DPOPT-3]
        : Implementing datapath configurations for 'CDN_DP_region_0_6'
CSAGen Prep Share:0 Re-Write:0 Speculation: 0
MaxCSA: Successfully built Maximal CSA Expression Expr7
MaxCSA: Successfully built Maximal CSA Expression Expr8
CDN_DP_region_0_6 level = 0 loads = 1 drivers = 0
CDN_DP_region_0_6_c0 in Conv: area: 328051035 ,dp = 3 mux = 2 sg = slow         worst_clk_period: -1.0000 
    wns: 0  norm_wns:  -1.0000 
    fail_endp: -1 
    tns:  0  tns_per_endp:  -1.0000   norm_tns_per_endp:  -1.0000 
    tns_sense_max:  -1.0000  tns_sense_avg:  -1.0000   tns_sense_num: -1
 skipped
CDN_DP_region_0_6_c1 in Conv: area: 269170080 ,dp = 3 mux = 2 sg = fast         worst_clk_period: -1.0000 
    wns: 0  norm_wns:  -1.0000 
    fail_endp: -1 
    tns:  0  tns_per_endp:  -1.0000   norm_tns_per_endp:  -1.0000 
    tns_sense_max:  -1.0000  tns_sense_avg:  -1.0000   tns_sense_num: -1
 is current best
CDN_DP_region_0_6_c2 in Conv: area: 269170080 ,dp = 3 mux = 2 sg = very_slow    worst_clk_period: -1.0000 
    wns: 0  norm_wns:  -1.0000 
    fail_endp: -1 
    tns:  0  tns_per_endp:  -1.0000   norm_tns_per_endp:  -1.0000 
    tns_sense_max:  -1.0000  tns_sense_avg:  -1.0000   tns_sense_num: -1
 is current best
CDN_DP_region_0_6_c3 in Conv: area: 269170080 ,dp = 3 mux = 2 sg = very_fast    worst_clk_period: -1.0000 
    wns: 0  norm_wns:  -1.0000 
    fail_endp: -1 
    tns:  0  tns_per_endp:  -1.0000   norm_tns_per_endp:  -1.0000 
    tns_sense_max:  -1.0000  tns_sense_avg:  -1.0000   tns_sense_num: -1
 is current best
CDN_DP_region_0_6_c4 in Conv: area: 269170080 ,dp = 3 mux = 2 sg = very_fast    worst_clk_period: -1.0000 
    wns: 0  norm_wns:  -1.0000 
    fail_endp: -1 
    tns:  0  tns_per_endp:  -1.0000   norm_tns_per_endp:  -1.0000 
    tns_sense_max:  -1.0000  tns_sense_avg:  -1.0000   tns_sense_num: -1
 is current best
CDN_DP_region_0_6_c5 in Conv: area: 269170080 ,dp = 3 mux = 2 sg = very_fast    worst_clk_period: -1.0000 
    wns: 0  norm_wns:  -1.0000 
    fail_endp: -1 
    tns:  0  tns_per_endp:  -1.0000   norm_tns_per_endp:  -1.0000 
    tns_sense_max:  -1.0000  tns_sense_avg:  -1.0000   tns_sense_num: -1
 is current best
CDN_DP_region_0_6_c6 in Conv: area: 269170080 ,dp = 3 mux = 2 sg = very_fast    worst_clk_period: -1.0000 
    wns: 0  norm_wns:  -1.0000 
    fail_endp: -1 
    tns:  0  tns_per_endp:  -1.0000   norm_tns_per_endp:  -1.0000 
    tns_sense_max:  -1.0000  tns_sense_avg:  -1.0000   tns_sense_num: -1
 is current best
CDN_DP_region_0_6_c7 in Conv: area: 322443325 ,dp = 3 mux = 2 sg = very_fast    worst_clk_period: -1.0000 
    wns: 0  norm_wns:  -1.0000 
    fail_endp: -1 
    tns:  0  tns_per_endp:  -1.0000   norm_tns_per_endp:  -1.0000 
    tns_sense_max:  -1.0000  tns_sense_avg:  -1.0000   tns_sense_num: -1

Best config: CDN_DP_region_0_6_c6 in Conv: area: 269170080 ,dp = 3 mux = 2 sg = very_fast    worst_clk_period: -1.0000 
    wns: 0  norm_wns:  -1.0000 
    fail_endp: -1 
    tns:  0  tns_per_endp:  -1.0000   norm_tns_per_endp:  -1.0000 
    tns_sense_max:  -1.0000  tns_sense_avg:  -1.0000   tns_sense_num: -1
  Smallest config area : 269170080.  Fastest config wns;  0
##>+----------------------------------------------------------------------------------------------------------------------------------------------------------------+
##>Summary table of configs (Best config is CDN_DP_region_0_6_c6)
##>+----------------------------------------------------------------------------------------------------------------------------------------------------------------+
##>                     0                  1                  2                  3                  4                  5                  6                  7            
##>+----------------------------------------------------------------------------------------------------------------------------------------------------------------+
##>           Area        328051035          269170080          269170080          269170080          269170080          269170080          269170080          322443325  
##>            WNS          +861.20            +861.20            +861.20            +861.20            +861.20            +861.20            +861.20            +861.20  
##>            TNS                0                  0                  0                  0                  0                  0                  0                  0  
##>    Num Rewrite                0                  0                  0                  0                  0                  0                  0                  0  
##>     Num Factor                0                  0                  0                  0                  0                  0                  0                  0  
##>      Num Share                0                  0                  0                  0                  0                  0                  0                  0  
##>   Num CmultCse                0                  0                  0                  0                  0                  0                  0                  0  
##>   Num Downsize                0                  0                  0                  0                  0                  0                  0                  0  
##>  Num Speculate                0                  0                  0                  0                  0                  0                  0                  0  
##>     Runtime(s)                0                  0                  0                  0                  0                  0                  0                  0  
+----------------------------------------------------------------------------------------------------------------------------------------------------------------+
##>
##>
##>+------------------------------------------------------------------------------------------------------------------------------------------------------------+
##>Optimization Step DEBUG Table for config CDN_DP_region_0_6_c6
##>
##>                          Step                        Area   ( % Chg)        WNS (Change)        TNS (Change)          Runtime (s)        Comment                   
##>+------------------------------------------------------------------------------------------------------------------------------------------------------------+
##>createMaxCarrySave              START              328051035 (      )    107375043.60 (        )             0 (        )              
##> datapath_rewrite_one_def       START              328051035 ( +0.00)    107375043.60 (   +0.00)             0 (       0)              
##>  fast_cse_elim                 START              328051035 ( +0.00)    107375043.60 (   +0.00)             0 (       0)              
##>                                  END              328051035 ( +0.00)    107375043.60 (   +0.00)             0 (       0)           0  
##>  fast_cse_elim                 START              328051035 ( +0.00)    107375043.60 (   +0.00)             0 (       0)              
##>                                  END              328051035 ( +0.00)    107375043.60 (   +0.00)             0 (       0)           0  
##>                                  END              328051035 ( +0.00)    107375043.60 (   +0.00)             0 (       0)           0  
##> dpopt_share_one_def            START              328051035 ( +0.00)    107375043.60 (   +0.00)             0 (       0)              
##>                                  END              328051035 ( +0.00)    107375043.60 (   +0.00)             0 (       0)           0  
##> csa_opto                       START              328051035 ( +0.00)    214748364.70 (+107373321.10)             0 (       0)              
##>                                  END              325247180 ( -0.85)    214748364.70 (   +0.00)             0 (       0)           0  
##>                                  END              325247180 ( -0.85)    214748364.70 (+107373321.10)             0 (       0)           0  
##>canonicalize_by_names           START              325247180 ( +0.00)    214748364.70 (   +0.00)             0 (       0)              
##>                                  END              325247180 ( +0.00)    214748364.70 (   +0.00)             0 (       0)           0  
##>datapath_rewrite_post_csa_one_  START              325247180 ( +0.00)    214748364.70 (   +0.00)             0 (       0)              
##>                                  END              325247180 ( +0.00)    214748364.70 (   +0.00)             0 (       0)           0  
##>datapath_csa_factoring_one_gde  START              325247180 ( +0.00)    214748364.70 (   +0.00)             0 (       0)              
##>                                  END              325247180 ( +0.00)    214748364.70 (   +0.00)             0 (       0)           0  
##>dpopt_share_one_def             START              325247180 ( +0.00)    214748364.70 (   +0.00)             0 (       0)              
##>                                  END              325247180 ( +0.00)    214748364.70 (   +0.00)             0 (       0)           0  
##>datapath_rewrite_post_share     START              325247180 ( +0.00)    214748364.70 (   +0.00)             0 (       0)              
##>                                  END              325247180 ( +0.00)    214748364.70 (   +0.00)             0 (       0)           0  
##>dp_combine_const_mult_with_com  START              325247180 ( +0.00)    214748364.70 (   +0.00)             0 (       0)              
##>                                  END              325247180 ( +0.00)    214748364.70 (   +0.00)             0 (       0)           0  
##>dp_operator_level_decompositio  START              325247180 ( +0.00)    214748364.70 (   +0.00)             0 (       0)              
##>                                  END              325247180 ( +0.00)    214748364.70 (   +0.00)             0 (       0)           0  
##>selective_flatten_dp_config     START              325247180 ( +0.00)    214748364.70 (   +0.00)             0 (       0)              
##>                                  END              325247180 ( +0.00)    214748364.70 (   +0.00)             0 (       0)           0  
##>createMaxCarrySave              START              325247180 ( +0.00)    214748364.70 (   +0.00)             0 (       0)              
##> datapath_rewrite_one_def       START              325247180 ( +0.00)    214748364.70 (   +0.00)             0 (       0)              
##>  fast_cse_elim                 START              325247180 ( +0.00)    214748364.70 (   +0.00)             0 (       0)              
##>                                  END              325247180 ( +0.00)    214748364.70 (   +0.00)             0 (       0)           0  
##>  fast_cse_elim                 START              325247180 ( +0.00)    214748364.70 (   +0.00)             0 (       0)              
##>                                  END              325247180 ( +0.00)    214748364.70 (   +0.00)             0 (       0)           0  
##>                                  END              325247180 ( +0.00)    214748364.70 (   +0.00)             0 (       0)           0  
##> dpopt_share_one_def            START              325247180 ( +0.00)    214748364.70 (   +0.00)             0 (       0)              
##>                                  END              325247180 ( +0.00)    214748364.70 (   +0.00)             0 (       0)           0  
##> csa_opto                       START              325247180 ( +0.00)    214748364.70 (   +0.00)             0 (       0)              
##>                                  END              325247180 ( +0.00)    214748364.70 (   +0.00)             0 (       0)           0  
##>                                  END              325247180 ( +0.00)    214748364.70 (   +0.00)             0 (       0)           0  
##>context_based_simplify          START              302816340 ( -6.90)    214748364.70 (   +0.00)             0 (       0)              
##>                                  END              269170080 (-11.11)    214748364.70 (   +0.00)             0 (       0)           0  
##>group_csa_final_adder_dp        START              269170080 ( +0.00)    214748364.70 (   +0.00)             0 (       0)              
##>                                  END              269170080 ( +0.00)    214748364.70 (   +0.00)             0 (       0)           0  
##>dpopt_flatten_critical_muxes_i  START              269170080 ( +0.00)    214748364.70 (   +0.00)             0 (       0)              
##>                                  END              269170080 ( +0.00)    214748364.70 (   +0.00)             0 (       0)           0  
##>create_score                    START              269170080 ( +0.00)      861.20 (-214747503.50)             0 (       0)              
##>                                  END              269170080 ( +0.00)      861.20 (   +0.00)             0 (       0)           0  
##>+------------------------------------------------------------------------------------------------------------------------------------------------------------+
Committed config: CDN_DP_region_0_6_c6
Info    : Done implementing datapath configurations. [DPOPT-4]
        : Selected 'very_fast' configuration 6 for module 'CDN_DP_region_0_6'.
          Optimizations applied to 'very_fast' configuration:
            rewriting(0), factoring(0), sharing(0), cmultcse(0), downsizing(0), speculation(0)
Info    : Implementing datapath configurations. [DPOPT-3]
        : Implementing datapath configurations for 'CDN_DP_region_0_5'
CSAGen Prep Share:0 Re-Write:0 Speculation: 0
MaxCSA: Successfully built Maximal CSA Expression Expr9
CDN_DP_region_0_5 level = 0 loads = 0 drivers = 0
CDN_DP_region_0_5_c0 in Conv: area: 196269850 ,dp = 1 mux = 1 sg = slow         worst_clk_period: -1.0000 
    wns: 0  norm_wns:  -1.0000 
    fail_endp: -1 
    tns:  0  tns_per_endp:  -1.0000   norm_tns_per_endp:  -1.0000 
    tns_sense_max:  -1.0000  tns_sense_avg:  -1.0000   tns_sense_num: -1
 skipped
CDN_DP_region_0_5_c1 in Conv: area: 165427445 ,dp = 1 mux = 1 sg = fast         worst_clk_period: -1.0000 
    wns: 0  norm_wns:  -1.0000 
    fail_endp: -1 
    tns:  0  tns_per_endp:  -1.0000   norm_tns_per_endp:  -1.0000 
    tns_sense_max:  -1.0000  tns_sense_avg:  -1.0000   tns_sense_num: -1
 is current best
CDN_DP_region_0_5_c2 in Conv: area: 165427445 ,dp = 1 mux = 1 sg = very_slow    worst_clk_period: -1.0000 
    wns: 0  norm_wns:  -1.0000 
    fail_endp: -1 
    tns:  0  tns_per_endp:  -1.0000   norm_tns_per_endp:  -1.0000 
    tns_sense_max:  -1.0000  tns_sense_avg:  -1.0000   tns_sense_num: -1
 is current best
CDN_DP_region_0_5_c3 in Conv: area: 165427445 ,dp = 1 mux = 1 sg = very_fast    worst_clk_period: -1.0000 
    wns: 0  norm_wns:  -1.0000 
    fail_endp: -1 
    tns:  0  tns_per_endp:  -1.0000   norm_tns_per_endp:  -1.0000 
    tns_sense_max:  -1.0000  tns_sense_avg:  -1.0000   tns_sense_num: -1
 is current best
CDN_DP_region_0_5_c4 in Conv: area: 165427445 ,dp = 1 mux = 1 sg = very_fast    worst_clk_period: -1.0000 
    wns: 0  norm_wns:  -1.0000 
    fail_endp: -1 
    tns:  0  tns_per_endp:  -1.0000   norm_tns_per_endp:  -1.0000 
    tns_sense_max:  -1.0000  tns_sense_avg:  -1.0000   tns_sense_num: -1
 is current best
CDN_DP_region_0_5_c5 in Conv: area: 165427445 ,dp = 1 mux = 1 sg = very_fast    worst_clk_period: -1.0000 
    wns: 0  norm_wns:  -1.0000 
    fail_endp: -1 
    tns:  0  tns_per_endp:  -1.0000   norm_tns_per_endp:  -1.0000 
    tns_sense_max:  -1.0000  tns_sense_avg:  -1.0000   tns_sense_num: -1
 is current best
CDN_DP_region_0_5_c6 in Conv: area: 165427445 ,dp = 1 mux = 1 sg = very_fast    worst_clk_period: -1.0000 
    wns: 0  norm_wns:  -1.0000 
    fail_endp: -1 
    tns:  0  tns_per_endp:  -1.0000   norm_tns_per_endp:  -1.0000 
    tns_sense_max:  -1.0000  tns_sense_avg:  -1.0000   tns_sense_num: -1
 is current best
CDN_DP_region_0_5_c7 in Conv: area: 165427445 ,dp = 1 mux = 1 sg = very_fast    worst_clk_period: -1.0000 
    wns: 0  norm_wns:  -1.0000 
    fail_endp: -1 
    tns:  0  tns_per_endp:  -1.0000   norm_tns_per_endp:  -1.0000 
    tns_sense_max:  -1.0000  tns_sense_avg:  -1.0000   tns_sense_num: -1
 is current best
Best config: CDN_DP_region_0_5_c7 in Conv: area: 165427445 ,dp = 1 mux = 1 sg = very_fast    worst_clk_period: -1.0000 
    wns: 0  norm_wns:  -1.0000 
    fail_endp: -1 
    tns:  0  tns_per_endp:  -1.0000   norm_tns_per_endp:  -1.0000 
    tns_sense_max:  -1.0000  tns_sense_avg:  -1.0000   tns_sense_num: -1
  Smallest config area : 165427445.  Fastest config wns;  0
##>+----------------------------------------------------------------------------------------------------------------------------------------------------------------+
##>Summary table of configs (Best config is CDN_DP_region_0_5_c7)
##>+----------------------------------------------------------------------------------------------------------------------------------------------------------------+
##>                     0                  1                  2                  3                  4                  5                  6                  7            
##>+----------------------------------------------------------------------------------------------------------------------------------------------------------------+
##>           Area        196269850          165427445          165427445          165427445          165427445          165427445          165427445          165427445  
##>            WNS          +861.90            +861.90            +861.90            +861.90            +861.90            +861.90            +861.90            +861.90  
##>            TNS                0                  0                  0                  0                  0                  0                  0                  0  
##>    Num Rewrite                0                  0                  0                  0                  0                  0                  0                  0  
##>     Num Factor                0                  0                  0                  0                  0                  0                  0                  0  
##>      Num Share                0                  0                  0                  0                  0                  0                  0                  0  
##>   Num CmultCse                0                  0                  0                  0                  0                  0                  0                  0  
##>   Num Downsize                0                  0                  0                  0                  0                  0                  0                  0  
##>  Num Speculate                0                  0                  0                  0                  0                  0                  0                  0  
##>     Runtime(s)                0                  0                  0                  0                  0                  0                  0                  0  
+----------------------------------------------------------------------------------------------------------------------------------------------------------------+
##>
##>
##>+------------------------------------------------------------------------------------------------------------------------------------------------------------+
##>Optimization Step DEBUG Table for config CDN_DP_region_0_5_c7
##>
##>                          Step                        Area   ( % Chg)        WNS (Change)        TNS (Change)          Runtime (s)        Comment                   
##>+------------------------------------------------------------------------------------------------------------------------------------------------------------+
##>EquationExtraction              START              196269850 (      )      861.90 (        )             0 (        )              
##> rewrite                        START              283189355 (+44.29)      861.90 (   +0.00)             0 (       0)              (a,ar) Expr9_from --> Expr9_to
##>                                  END              462636075 (+63.37)      861.90 (   +0.00)             0 (       0)           0  
##>                                  END              196269850 ( +0.00)      861.90 (   +0.00)             0 (       0)           0  
##>createMaxCarrySave              START              196269850 ( +0.00)      861.90 (   +0.00)             0 (       0)              
##> datapath_rewrite_one_def       START              196269850 ( +0.00)      861.90 (   +0.00)             0 (       0)              
##>                                  END              196269850 ( +0.00)      861.90 (   +0.00)             0 (       0)           0  
##> csa_opto                       START              196269850 ( +0.00)      861.90 (   +0.00)             0 (       0)              
##>                                  END              190662140 ( -2.86)      861.90 (   +0.00)             0 (       0)           0  
##>                                  END              190662140 ( -2.86)      861.90 (   +0.00)             0 (       0)           0  
##>canonicalize_by_names           START              190662140 ( +0.00)      861.90 (   +0.00)             0 (       0)              
##>                                  END              190662140 ( +0.00)      861.90 (   +0.00)             0 (       0)           0  
##>datapath_rewrite_post_csa_one_  START              190662140 ( +0.00)      861.90 (   +0.00)             0 (       0)              
##>                                  END              190662140 ( +0.00)      861.90 (   +0.00)             0 (       0)           0  
##>datapath_csa_factoring_one_gde  START              190662140 ( +0.00)      861.90 (   +0.00)             0 (       0)              
##>                                  END              190662140 ( +0.00)      861.90 (   +0.00)             0 (       0)           0  
##>dpopt_share_one_def             START              190662140 ( +0.00)      861.90 (   +0.00)             0 (       0)              
##>                                  END              190662140 ( +0.00)      861.90 (   +0.00)             0 (       0)           0  
##>datapath_rewrite_post_share     START              190662140 ( +0.00)      861.90 (   +0.00)             0 (       0)              
##>                                  END              190662140 ( +0.00)      861.90 (   +0.00)             0 (       0)           0  
##>dp_combine_const_mult_with_com  START              190662140 ( +0.00)      861.90 (   +0.00)             0 (       0)              
##>                                  END              190662140 ( +0.00)      861.90 (   +0.00)             0 (       0)           0  
##>dp_operator_level_decompositio  START              190662140 ( +0.00)      861.90 (   +0.00)             0 (       0)              
##>                                  END              190662140 ( +0.00)      861.90 (   +0.00)             0 (       0)           0  
##>selective_flatten_dp_config     START              190662140 ( +0.00)      861.90 (   +0.00)             0 (       0)              
##>                                  END              190662140 ( +0.00)      861.90 (   +0.00)             0 (       0)           0  
##>createMaxCarrySave              START              190662140 ( +0.00)      861.90 (   +0.00)             0 (       0)              
##> datapath_rewrite_one_def       START              190662140 ( +0.00)      861.90 (   +0.00)             0 (       0)              
##>  fast_cse_elim                 START              190662140 ( +0.00)      861.90 (   +0.00)             0 (       0)              
##>                                  END              190662140 ( +0.00)      861.90 (   +0.00)             0 (       0)           0  
##>  fast_cse_elim                 START              190662140 ( +0.00)      861.90 (   +0.00)             0 (       0)              
##>                                  END              190662140 ( +0.00)      861.90 (   +0.00)             0 (       0)           0  
##>                                  END              190662140 ( +0.00)      861.90 (   +0.00)             0 (       0)           0  
##> csa_opto                       START              190662140 ( +0.00)      861.90 (   +0.00)             0 (       0)              
##>                                  END              190662140 ( +0.00)      861.90 (   +0.00)             0 (       0)           0  
##>                                  END              190662140 ( +0.00)      861.90 (   +0.00)             0 (       0)           0  
##>context_based_simplify          START              179446720 ( -5.88)      861.90 (   +0.00)             0 (       0)              
##>                                  END              165427445 ( -7.81)      861.90 (   +0.00)             0 (       0)           0  
##>group_csa_final_adder_dp        START              165427445 ( +0.00)      861.90 (   +0.00)             0 (       0)              
##>                                  END              165427445 ( +0.00)      861.90 (   +0.00)             0 (       0)           0  
##>dpopt_flatten_critical_muxes_i  START              165427445 ( +0.00)      861.90 (   +0.00)             0 (       0)              
##>                                  END              165427445 ( +0.00)      861.90 (   +0.00)             0 (       0)           0  
##>create_score                    START              165427445 ( +0.00)      861.90 (   +0.00)             0 (       0)              
##>                                  END              165427445 ( +0.00)      861.90 (   +0.00)             0 (       0)           0  
##>+------------------------------------------------------------------------------------------------------------------------------------------------------------+
Committed config: CDN_DP_region_0_5_c7
Info    : Done implementing datapath configurations. [DPOPT-4]
        : Selected 'very_fast' configuration 7 for module 'CDN_DP_region_0_5'.
          Optimizations applied to 'very_fast' configuration:
            rewriting(0), factoring(0), sharing(0), cmultcse(0), downsizing(0), speculation(0)
Info    : Implementing datapath configurations. [DPOPT-3]
        : Implementing datapath configurations for 'CDN_DP_region_14_0'
CSAGen Prep Share:0 Re-Write:10 Speculation: 0
MaxCSA: Successfully built Maximal CSA Expression Expr10
MaxCSA: Successfully built Maximal CSA Expression Expr11
MaxCSA: Successfully built Maximal CSA Expression Expr12
MaxCSA: Successfully built Maximal CSA Expression Expr13
MaxCSA: Successfully built Maximal CSA Expression Expr14
MaxCSA: Successfully built Maximal CSA Expression Expr15
CDN_DP_region_14_0 level = 0 loads = 1 drivers = 1 is driven by : CDN_DP_region_0_1 
CDN_DP_region_14_0_c0 in WeightTransformRowConst_2: area: 98687284435 ,dp = 61 mux = 5 sg = slow         worst_clk_period: -1.0000 
    wns: 1866  norm_wns:  -1.0000 
    fail_endp: -1 
    tns:  61103  tns_per_endp:  -1.0000   norm_tns_per_endp:  -1.0000 
    tns_sense_max:  -1.0000  tns_sense_avg:  -1.0000   tns_sense_num: -1
 skipped
CDN_DP_region_14_0_c1 in WeightTransformRowConst_2: area: 79029457030 ,dp = 24 mux = 5 sg = fast         worst_clk_period: -1.0000 
    wns: 1876  norm_wns:  -1.0000 
    fail_endp: -1 
    tns:  37993  tns_per_endp:  -1.0000   norm_tns_per_endp:  -1.0000 
    tns_sense_max:  -1.0000  tns_sense_avg:  -1.0000   tns_sense_num: -1
 is current best
CDN_DP_region_14_0_c2 in WeightTransformRowConst_2: area: 77585471705 ,dp = 26 mux = 5 sg = very_slow    worst_clk_period: -1.0000 
    wns: 1866  norm_wns:  -1.0000 
    fail_endp: -1 
    tns:  37658  tns_per_endp:  -1.0000   norm_tns_per_endp:  -1.0000 
    tns_sense_max:  -1.0000  tns_sense_avg:  -1.0000   tns_sense_num: -1
 is current best
CDN_DP_region_14_0_c3 in WeightTransformRowConst_2: area: 78482705305 ,dp = 25 mux = 5 sg = very_fast    worst_clk_period: -1.0000 
    wns: 1866  norm_wns:  -1.0000 
    fail_endp: -1 
    tns:  37822  tns_per_endp:  -1.0000   norm_tns_per_endp:  -1.0000 
    tns_sense_max:  -1.0000  tns_sense_avg:  -1.0000   tns_sense_num: -1

CDN_DP_region_14_0_c4 in WeightTransformRowConst_2: area: 77585471705 ,dp = 26 mux = 5 sg = very_fast    worst_clk_period: -1.0000 
    wns: 1866  norm_wns:  -1.0000 
    fail_endp: -1 
    tns:  37658  tns_per_endp:  -1.0000   norm_tns_per_endp:  -1.0000 
    tns_sense_max:  -1.0000  tns_sense_avg:  -1.0000   tns_sense_num: -1
 is current best
CDN_DP_region_14_0_c5 in WeightTransformRowConst_2: area: 77585471705 ,dp = 26 mux = 5 sg = very_fast    worst_clk_period: -1.0000 
    wns: 1866  norm_wns:  -1.0000 
    fail_endp: -1 
    tns:  37658  tns_per_endp:  -1.0000   norm_tns_per_endp:  -1.0000 
    tns_sense_max:  -1.0000  tns_sense_avg:  -1.0000   tns_sense_num: -1
 is current best
CDN_DP_region_14_0_c6 in WeightTransformRowConst_2: area: 79029457030 ,dp = 24 mux = 5 sg = very_fast    worst_clk_period: -1.0000 
    wns: 1876  norm_wns:  -1.0000 
    fail_endp: -1 
    tns:  37993  tns_per_endp:  -1.0000   norm_tns_per_endp:  -1.0000 
    tns_sense_max:  -1.0000  tns_sense_avg:  -1.0000   tns_sense_num: -1

CDN_DP_region_14_0_c7 in WeightTransformRowConst_2: area: 76099428555 ,dp = 23 mux = 5 sg = very_fast    worst_clk_period: -1.0000 
    wns: 1866  norm_wns:  -1.0000 
    fail_endp: -1 
    tns:  37666  tns_per_endp:  -1.0000   norm_tns_per_endp:  -1.0000 
    tns_sense_max:  -1.0000  tns_sense_avg:  -1.0000   tns_sense_num: -1

Best config: CDN_DP_region_14_0_c5 in WeightTransformRowConst_2: area: 77585471705 ,dp = 26 mux = 5 sg = very_fast    worst_clk_period: -1.0000 
    wns: 1866  norm_wns:  -1.0000 
    fail_endp: -1 
    tns:  37658  tns_per_endp:  -1.0000   norm_tns_per_endp:  -1.0000 
    tns_sense_max:  -1.0000  tns_sense_avg:  -1.0000   tns_sense_num: -1
  Smallest config area : 76099428555.  Fastest config wns;  1866
##>+----------------------------------------------------------------------------------------------------------------------------------------------------------------+
##>Summary table of configs (Best config is CDN_DP_region_14_0_c5)
##>+----------------------------------------------------------------------------------------------------------------------------------------------------------------+
##>                     0                  1                  2                  3                  4                  5                  6                  7            
##>+----------------------------------------------------------------------------------------------------------------------------------------------------------------+
##>           Area      98687284435        79029457030        77585471705        78482705305        77585471705        77585471705        79029457030        76099428555  
##>            WNS          -186.60            -187.60            -186.60            -186.60            -186.60            -186.60            -187.60            -186.60  
##>            TNS            61103              37993              37658              37822              37658              37658              37993              37666  
##>    Num Rewrite                0                  3                  0                  1                  0                  0                  3                 10  
##>     Num Factor                0                  1                  2                  2                  2                  2                  1                  2  
##>      Num Share                0                  0                  0                  0                  0                  0                  0                  0  
##>   Num CmultCse                0                  0                  0                  0                  0                  0                  0                  0  
##>   Num Downsize                0                  0                  0                  0                  0                  0                  0                  0  
##>  Num Speculate                0                  0                  0                  0                  0                  0                  0                  0  
##>     Runtime(s)                0                  4                  3                  4                  3                  3                  3                 13  
+----------------------------------------------------------------------------------------------------------------------------------------------------------------+
##>
##>
##>+------------------------------------------------------------------------------------------------------------------------------------------------------------+
##>Optimization Step DEBUG Table for config CDN_DP_region_14_0_c5
##>
##>                          Step                        Area   ( % Chg)        WNS (Change)        TNS (Change)          Runtime (s)        Comment                   
##>+------------------------------------------------------------------------------------------------------------------------------------------------------------+
##>createMaxCarrySave              START            98687284435 (      )     -186.60 (        )         61103 (        )              
##> datapath_rewrite_one_def       START            98687284435 ( +0.00)     -186.60 (   +0.00)         61103 (       0)              
##>  fast_cse_elim                 START            98687284435 ( +0.00)     -186.60 (   +0.00)         61103 (       0)              
##>                                  END            98687284435 ( +0.00)     -186.60 (   +0.00)         61103 (       0)           0  
##>  fast_cse_elim                 START            98687284435 ( +0.00)     -186.60 (   +0.00)         61103 (       0)              
##>                                  END            98687284435 ( +0.00)     -186.60 (   +0.00)         61103 (       0)           0  
##>                                  END            98687284435 ( +0.00)     -186.60 (   +0.00)         61103 (       0)           0  
##> csa_opto                       START            98687284435 ( +0.00)     -186.60 (   +0.00)         61103 (       0)              
##>                                  END            79626678145 (-19.31)     -186.60 (   +0.00)         37822 (  -23281)           0  
##>                                  END            79626678145 (-19.31)     -186.60 (   +0.00)         37822 (  -23281)           0  
##>canonicalize_by_names           START            79626678145 ( +0.00)     -186.60 (   +0.00)         37822 (       0)              
##>                                  END            79626678145 ( +0.00)     -186.60 (   +0.00)         37822 (       0)           0  
##>datapath_rewrite_post_csa_one_  START            79626678145 ( +0.00)     -186.60 (   +0.00)         37822 (       0)              
##>                                  END            79626678145 ( +0.00)     -186.60 (   +0.00)         37822 (       0)           0  
##>datapath_csa_factoring_one_gde  START            79626678145 ( +0.00)     -186.60 (   +0.00)         37822 (       0)              
##>                                  END            78370551105 ( -1.58)     -186.60 (   +0.00)         37658 (    -164)           0  
##>dpopt_share_one_def             START            78370551105 ( +0.00)     -186.60 (   +0.00)         37658 (       0)              
##>                                  END            78370551105 ( +0.00)     -186.60 (   +0.00)         37658 (       0)           0  
##>datapath_rewrite_post_share     START            78370551105 ( +0.00)     -186.60 (   +0.00)         37658 (       0)              
##>                                  END            78370551105 ( +0.00)     -186.60 (   +0.00)         37658 (       0)           0  
##>dp_combine_const_mult_with_com  START            78370551105 ( +0.00)     -186.60 (   +0.00)         37658 (       0)              
##>                                  END            78370551105 ( +0.00)     -186.60 (   +0.00)         37658 (       0)           0  
##>dp_operator_level_decompositio  START            78370551105 ( +0.00)     -186.60 (   +0.00)         37658 (       0)              
##>                                  END            78370551105 ( +0.00)     -186.60 (   +0.00)         37658 (       0)           0  
##>selective_flatten_dp_config     START            78370551105 ( +0.00)     -186.60 (   +0.00)         37658 (       0)              
##>                                  END            78370551105 ( +0.00)     -186.60 (   +0.00)         37658 (       0)           0  
##>createMaxCarrySave              START            78370551105 ( +0.00)     -186.60 (   +0.00)         37658 (       0)              
##> datapath_rewrite_one_def       START            78370551105 ( +0.00)     -186.60 (   +0.00)         37658 (       0)              
##>  fast_cse_elim                 START            78370551105 ( +0.00)     -186.60 (   +0.00)         37658 (       0)              
##>                                  END            78370551105 ( +0.00)     -186.60 (   +0.00)         37658 (       0)           0  
##>  fast_cse_elim                 START            78370551105 ( +0.00)     -186.60 (   +0.00)         37658 (       0)              
##>                                  END            78370551105 ( +0.00)     -186.60 (   +0.00)         37658 (       0)           0  
##>                                  END            78370551105 ( +0.00)     -186.60 (   +0.00)         37658 (       0)           0  
##> csa_opto                       START            78370551105 ( +0.00)     -186.60 (   +0.00)         37658 (       0)              
##>                                  END            78370551105 ( +0.00)     -186.60 (   +0.00)         37658 (       0)           0  
##>                                  END            78370551105 ( +0.00)     -186.60 (   +0.00)         37658 (       0)           0  
##>datapath_rewrite_post_csa_one_  START            78370551105 ( +0.00)     -186.60 (   +0.00)         37658 (       0)              
##> rewrite                        START            78370551105 ( +0.00)     -186.60 (   +0.00)         37658 (       0)              (na,csaa) combined_csa2_signed_csa_signed_from --> combined_csa2_signed_csa_signed_to
##>                                  END            79183669055 ( +1.04)     -186.60 (   +0.00)         37658 (       0)           0  
##> rewrite                        START            78370551105 ( -1.03)     -186.60 (   +0.00)         37658 (       0)              (na,csaa) combined_csa2_signed_csa_signed_from --> combined_csa2_signed_csa_signed_to
##>                                  END            78833187180 ( +0.59)     -187.60 (   -1.00)         37850 (     192)           0  
##>                                  END            78370551105 ( +0.00)     -186.60 (   +0.00)         37658 (       0)           0  
##>datapath_csa_factoring_one_gde  START            78370551105 ( +0.00)     -186.60 (   +0.00)         37658 (       0)              
##>                                  END            78370551105 ( +0.00)     -186.60 (   +0.00)         37658 (       0)           0  
##>dpopt_share_one_def             START            78370551105 ( +0.00)     -186.60 (   +0.00)         37658 (       0)              
##>                                  END            78370551105 ( +0.00)     -186.60 (   +0.00)         37658 (       0)           0  
##>datapath_rewrite_post_share     START            78370551105 ( +0.00)     -186.60 (   +0.00)         37658 (       0)              
##>                                  END            78370551105 ( +0.00)     -186.60 (   +0.00)         37658 (       0)           0  
##>dp_combine_const_mult_with_com  START            78370551105 ( +0.00)     -186.60 (   +0.00)         37658 (       0)              
##>                                  END            78370551105 ( +0.00)     -186.60 (   +0.00)         37658 (       0)           0  
##>dp_operator_level_decompositio  START            78370551105 ( +0.00)     -186.60 (   +0.00)         37658 (       0)              
##>                                  END            78370551105 ( +0.00)     -186.60 (   +0.00)         37658 (       0)           0  
##>selective_flatten_dp_config     START            78370551105 ( +0.00)     -186.60 (   +0.00)         37658 (       0)              
##>                                  END            78370551105 ( +0.00)     -186.60 (   +0.00)         37658 (       0)           0  
##>createMaxCarrySave              START            78370551105 ( +0.00)     -186.60 (   +0.00)         37658 (       0)              
##> datapath_rewrite_one_def       START            78370551105 ( +0.00)     -186.60 (   +0.00)         37658 (       0)              
##>  fast_cse_elim                 START            78370551105 ( +0.00)     -186.60 (   +0.00)         37658 (       0)              
##>                                  END            78370551105 ( +0.00)     -186.60 (   +0.00)         37658 (       0)           0  
##>  fast_cse_elim                 START            78370551105 ( +0.00)     -186.60 (   +0.00)         37658 (       0)              
##>                                  END            78370551105 ( +0.00)     -186.60 (   +0.00)         37658 (       0)           0  
##>                                  END            78370551105 ( +0.00)     -186.60 (   +0.00)         37658 (       0)           0  
##> csa_opto                       START            78370551105 ( +0.00)     -186.60 (   +0.00)         37658 (       0)              
##>                                  END            78370551105 ( +0.00)     -186.60 (   +0.00)         37658 (       0)           0  
##>                                  END            78370551105 ( +0.00)     -186.60 (   +0.00)         37658 (       0)           0  
##>context_based_simplify          START            78163065835 ( -0.26)     -186.60 (   +0.00)         37658 (       0)              
##>                                  END            78163065835 ( +0.00)     -186.60 (   +0.00)         37658 (       0)           0  
##>group_csa_final_adder_dp        START            78163065835 ( +0.00)     -186.60 (   +0.00)         37658 (       0)              
##>                                  END            78920106685 ( +0.97)     -186.60 (   +0.00)         37658 (       0)           0  
##>dpopt_flatten_critical_muxes_i  START            78920106685 ( +0.00)     -186.60 (   +0.00)         37658 (       0)              
##>                                  END            78920106685 ( +0.00)     -186.60 (   +0.00)         37658 (       0)           0  
##>create_score                    START            77585471705 ( -1.69)     -186.60 (   +0.00)         37658 (       0)              
##>                                  END            77585471705 ( +0.00)     -186.60 (   +0.00)         37658 (       0)           0  
##>+------------------------------------------------------------------------------------------------------------------------------------------------------------+
Committed config: CDN_DP_region_14_0_c5
Info    : Done implementing datapath configurations. [DPOPT-4]
        : Selected 'very_fast' configuration 5 for module 'CDN_DP_region_14_0'.
          Optimizations applied to 'very_fast' configuration:
            rewriting(0), factoring(2), sharing(0), cmultcse(0), downsizing(0), speculation(0)
Info    : Implementing datapath configurations. [DPOPT-3]
        : Implementing datapath configurations for 'CDN_DP_region_13_0'
CSAGen Prep Share:0 Re-Write:10 Speculation: 0
MaxCSA: Successfully built Maximal CSA Expression Expr16
MaxCSA: Successfully built Maximal CSA Expression Expr17
MaxCSA: Successfully built Maximal CSA Expression Expr18
MaxCSA: Successfully built Maximal CSA Expression Expr19
MaxCSA: Successfully built Maximal CSA Expression Expr20
MaxCSA: Successfully built Maximal CSA Expression Expr21
CDN_DP_region_13_0 level = 0 loads = 1 drivers = 1 is driven by : CDN_DP_region_0_1 
CDN_DP_region_13_0_c0 in WeightTransformRowConst_1: area: 100602317400 ,dp = 63 mux = 5 sg = slow         worst_clk_period: -1.0000 
    wns: 1885  norm_wns:  -1.0000 
    fail_endp: -1 
    tns:  47113  tns_per_endp:  -1.0000   norm_tns_per_endp:  -1.0000 
    tns_sense_max:  -1.0000  tns_sense_avg:  -1.0000   tns_sense_num: -1
 skipped
CDN_DP_region_13_0_c1 in WeightTransformRowConst_1: area: 78454666755 ,dp = 21 mux = 5 sg = fast         worst_clk_period: -1.0000 
    wns: 1876  norm_wns:  -1.0000 
    fail_endp: -1 
    tns:  37820  tns_per_endp:  -1.0000   norm_tns_per_endp:  -1.0000 
    tns_sense_max:  -1.0000  tns_sense_avg:  -1.0000   tns_sense_num: -1
 is current best
CDN_DP_region_13_0_c2 in WeightTransformRowConst_1: area: 78454666755 ,dp = 21 mux = 5 sg = very_slow    worst_clk_period: -1.0000 
    wns: 1876  norm_wns:  -1.0000 
    fail_endp: -1 
    tns:  37820  tns_per_endp:  -1.0000   norm_tns_per_endp:  -1.0000 
    tns_sense_max:  -1.0000  tns_sense_avg:  -1.0000   tns_sense_num: -1
 is current best
CDN_DP_region_13_0_c3 in WeightTransformRowConst_1: area: 78454666755 ,dp = 21 mux = 5 sg = very_fast    worst_clk_period: -1.0000 
    wns: 1876  norm_wns:  -1.0000 
    fail_endp: -1 
    tns:  37820  tns_per_endp:  -1.0000   norm_tns_per_endp:  -1.0000 
    tns_sense_max:  -1.0000  tns_sense_avg:  -1.0000   tns_sense_num: -1
 is current best
CDN_DP_region_13_0_c4 in WeightTransformRowConst_1: area: 78454666755 ,dp = 21 mux = 5 sg = very_fast    worst_clk_period: -1.0000 
    wns: 1876  norm_wns:  -1.0000 
    fail_endp: -1 
    tns:  37820  tns_per_endp:  -1.0000   norm_tns_per_endp:  -1.0000 
    tns_sense_max:  -1.0000  tns_sense_avg:  -1.0000   tns_sense_num: -1
 is current best
CDN_DP_region_13_0_c5 in WeightTransformRowConst_1: area: 78454666755 ,dp = 21 mux = 5 sg = very_fast    worst_clk_period: -1.0000 
    wns: 1876  norm_wns:  -1.0000 
    fail_endp: -1 
    tns:  37820  tns_per_endp:  -1.0000   norm_tns_per_endp:  -1.0000 
    tns_sense_max:  -1.0000  tns_sense_avg:  -1.0000   tns_sense_num: -1
 is current best
CDN_DP_region_13_0_c6 in WeightTransformRowConst_1: area: 78454666755 ,dp = 21 mux = 5 sg = very_fast    worst_clk_period: -1.0000 
    wns: 1876  norm_wns:  -1.0000 
    fail_endp: -1 
    tns:  37820  tns_per_endp:  -1.0000   norm_tns_per_endp:  -1.0000 
    tns_sense_max:  -1.0000  tns_sense_avg:  -1.0000   tns_sense_num: -1
 is current best
CDN_DP_region_13_0_c7 in WeightTransformRowConst_1: area: 78454666755 ,dp = 21 mux = 5 sg = very_fast    worst_clk_period: -1.0000 
    wns: 1876  norm_wns:  -1.0000 
    fail_endp: -1 
    tns:  37820  tns_per_endp:  -1.0000   norm_tns_per_endp:  -1.0000 
    tns_sense_max:  -1.0000  tns_sense_avg:  -1.0000   tns_sense_num: -1
 is current best
Best config: CDN_DP_region_13_0_c7 in WeightTransformRowConst_1: area: 78454666755 ,dp = 21 mux = 5 sg = very_fast    worst_clk_period: -1.0000 
    wns: 1876  norm_wns:  -1.0000 
    fail_endp: -1 
    tns:  37820  tns_per_endp:  -1.0000   norm_tns_per_endp:  -1.0000 
    tns_sense_max:  -1.0000  tns_sense_avg:  -1.0000   tns_sense_num: -1
  Smallest config area : 78454666755.  Fastest config wns;  1876
##>+----------------------------------------------------------------------------------------------------------------------------------------------------------------+
##>Summary table of configs (Best config is CDN_DP_region_13_0_c7)
##>+----------------------------------------------------------------------------------------------------------------------------------------------------------------+
##>                     0                  1                  2                  3                  4                  5                  6                  7            
##>+----------------------------------------------------------------------------------------------------------------------------------------------------------------+
##>           Area     100602317400        78454666755        78454666755        78454666755        78454666755        78454666755        78454666755        78454666755  
##>            WNS          -188.50            -187.60            -187.60            -187.60            -187.60            -187.60            -187.60            -187.60  
##>            TNS            47113              37820              37820              37820              37820              37820              37820              37820  
##>    Num Rewrite                0                  0                  0                  0                  0                  0                  0                 10  
##>     Num Factor                0                  1                  1                  1                  1                  1                  1                  1  
##>      Num Share                0                  0                  0                  0                  0                  0                  0                  0  
##>   Num CmultCse                0                  0                  0                  0                  0                  0                  0                  0  
##>   Num Downsize                0                  0                  0                  0                  0                  0                  0                  0  
##>  Num Speculate                0                  0                  0                  0                  0                  0                  0                  0  
##>     Runtime(s)                0                  3                  2                  2                  2                  2                  3                 11  
+----------------------------------------------------------------------------------------------------------------------------------------------------------------+
##>
##>
##>+------------------------------------------------------------------------------------------------------------------------------------------------------------+
##>Optimization Step DEBUG Table for config CDN_DP_region_13_0_c7
##>
##>                          Step                        Area   ( % Chg)        WNS (Change)        TNS (Change)          Runtime (s)        Comment                   
##>+------------------------------------------------------------------------------------------------------------------------------------------------------------+
##>EquationExtraction              START           100602317400 (      )     -188.50 (        )         47113 (        )              
##> rewrite                        START           100602317400 ( +0.00)     -188.50 (   +0.00)         47113 (       0)              (a,ar) less_than_from_tc --> less_than_to_tc
##>                                  END           100602317400 ( +0.00)     -188.50 (   +0.00)         47113 (       0)           0  
##> rewrite                        START           100602317400 ( +0.00)     -188.50 (   +0.00)         47113 (       0)              (a,ar) less_than_from_tc --> less_than_to_tc
##>                                  END           100602317400 ( +0.00)     -188.50 (   +0.00)         47113 (       0)           0  
##> rewrite                        START           100602317400 ( +0.00)     -188.50 (   +0.00)         47113 (       0)              (a,ar) less_than_from_tc --> less_than_to_tc
##>                                  END           100602317400 ( +0.00)     -188.50 (   +0.00)         47113 (       0)           0  
##> rewrite                        START           100602317400 ( +0.00)     -188.50 (   +0.00)         47113 (       0)              (a,ar) less_than_from_tc --> less_than_to_tc
##>                                  END           100602317400 ( +0.00)     -188.50 (   +0.00)         47113 (       0)           0  
##> rewrite                        START           100602317400 ( +0.00)     -188.50 (   +0.00)         47113 (       0)              (a,ar) less_than_from_tc --> less_than_to_tc
##>                                  END           100602317400 ( +0.00)     -188.50 (   +0.00)         47113 (       0)           0  
##> rewrite                        START           100602317400 ( +0.00)     -188.50 (   +0.00)         47113 (       0)              (a,ar) a_minus_zero_from_tc --> a_minus_zero_to_tc
##>                                  END           100602317400 ( +0.00)     -188.50 (   +0.00)         47113 (       0)           0  
##> rewrite                        START           100602317400 ( +0.00)     -188.50 (   +0.00)         47113 (       0)              (a,ar) a_minus_zero_from_tc --> a_minus_zero_to_tc
##>                                  END           100602317400 ( +0.00)     -188.50 (   +0.00)         47113 (       0)           0  
##> rewrite                        START           100602317400 ( +0.00)     -188.50 (   +0.00)         47113 (       0)              (a,ar) a_minus_zero_from_tc --> a_minus_zero_to_tc
##>                                  END           100602317400 ( +0.00)     -188.50 (   +0.00)         47113 (       0)           0  
##> rewrite                        START           100602317400 ( +0.00)     -188.50 (   +0.00)         47113 (       0)              (a,ar) a_minus_zero_from_tc --> a_minus_zero_to_tc
##>                                  END           100602317400 ( +0.00)     -188.50 (   +0.00)         47113 (       0)           0  
##> rewrite                        START           100602317400 ( +0.00)     -188.50 (   +0.00)         47113 (       0)              (a,ar) a_minus_zero_from_tc --> a_minus_zero_to_tc
##>                                  END           100602317400 ( +0.00)     -188.50 (   +0.00)         47113 (       0)           0  
##> rewrite                        START           149594075815 (+48.70)     -194.30 (   -5.80)         40820 (   -6293)              (a,ar) Expr16_from --> Expr16_to
##>                                  END           325833185695 (+117.81)     -302.00 ( -107.70)         92241 (   51421)           3  
##> rewrite                        START           325833185695 ( +0.00)     -302.00 (   +0.00)         92241 (       0)              (a,ar) Expr17_from --> Expr17_to
##>                                  END           326503307040 ( +0.21)     -302.00 (   +0.00)         92241 (       0)           0  
##> rewrite                        START           326503307040 ( +0.00)     -302.00 (   +0.00)         92241 (       0)              (a,ar) Expr18_from --> Expr18_to
##>                                  END           327150997545 ( +0.20)     -302.00 (   +0.00)         92241 (       0)           0  
##> rewrite                        START           327150997545 ( +0.00)     -302.00 (   +0.00)         92241 (       0)              (a,ar) Expr19_from --> Expr19_to
##>                                  END           327798688050 ( +0.20)     -302.00 (   +0.00)         92241 (       0)           0  
##> rewrite                        START           327798688050 ( +0.00)     -302.00 (   +0.00)         92241 (       0)              (a,ar) Expr20_from --> Expr20_to
##>                                  END           328457593975 ( +0.20)     -302.00 (   +0.00)         92241 (       0)           0  
##> rewrite                        START           328457593975 ( +0.00)     -302.00 (   +0.00)         92241 (       0)              (a,ar) Expr21_from --> Expr21_to
##>                                  END           329127715320 ( +0.20)     -301.10 (   +0.90)         92115 (    -126)           0  
##>                                  END           266660629775 (+165.06)     -246.80 (  -58.30)         74675 (   27562)           7  
##>createMaxCarrySave              START           132543833560 (-50.29)     -188.50 (  +58.30)         57009 (  -17666)              
##> datapath_rewrite_one_def       START           132543833560 ( +0.00)     -188.50 (   +0.00)         57009 (       0)              
##>                                  END           132543833560 ( +0.00)     -188.50 (   +0.00)         57009 (       0)           0  
##> csa_opto                       START           132543833560 ( +0.00)     -188.50 (   +0.00)         57009 (       0)              
##>                                  END            79424800585 (-40.08)     -188.50 (   +0.00)         37989 (  -19020)           0  
##>                                  END            79424800585 (-40.08)     -188.50 (   +0.00)         37989 (  -19020)           0  
##>canonicalize_by_names           START            79424800585 ( +0.00)     -188.50 (   +0.00)         37989 (       0)              
##>                                  END            79424800585 ( +0.00)     -188.50 (   +0.00)         37989 (       0)           0  
##>datapath_rewrite_post_csa_one_  START            79424800585 ( +0.00)     -188.50 (   +0.00)         37989 (       0)              
##>                                  END            79424800585 ( +0.00)     -188.50 (   +0.00)         37989 (       0)           0  
##>datapath_csa_factoring_one_gde  START            79424800585 ( +0.00)     -188.50 (   +0.00)         37989 (       0)              
##>                                  END            79074318710 ( -0.44)     -187.60 (   +0.90)         37820 (    -169)           0  
##>dpopt_share_one_def             START            79074318710 ( +0.00)     -187.60 (   +0.00)         37820 (       0)              
##>                                  END            79074318710 ( +0.00)     -187.60 (   +0.00)         37820 (       0)           0  
##>datapath_rewrite_post_share     START            79074318710 ( +0.00)     -187.60 (   +0.00)         37820 (       0)              
##>                                  END            79074318710 ( +0.00)     -187.60 (   +0.00)         37820 (       0)           0  
##>dp_combine_const_mult_with_com  START            79074318710 ( +0.00)     -187.60 (   +0.00)         37820 (       0)              
##>                                  END            79074318710 ( +0.00)     -187.60 (   +0.00)         37820 (       0)           0  
##>dp_operator_level_decompositio  START            79074318710 ( +0.00)     -187.60 (   +0.00)         37820 (       0)              
##>                                  END            79074318710 ( +0.00)     -187.60 (   +0.00)         37820 (       0)           0  
##>selective_flatten_dp_config     START            79074318710 ( +0.00)     -187.60 (   +0.00)         37820 (       0)              
##>                                  END            79074318710 ( +0.00)     -187.60 (   +0.00)         37820 (       0)           0  
##>createMaxCarrySave              START            79074318710 ( +0.00)     -187.60 (   +0.00)         37820 (       0)              
##> datapath_rewrite_one_def       START            79074318710 ( +0.00)     -187.60 (   +0.00)         37820 (       0)              
##>  fast_cse_elim                 START            79074318710 ( +0.00)     -187.60 (   +0.00)         37820 (       0)              
##>                                  END            79074318710 ( +0.00)     -187.60 (   +0.00)         37820 (       0)           0  
##>  fast_cse_elim                 START            79074318710 ( +0.00)     -187.60 (   +0.00)         37820 (       0)              
##>                                  END            79074318710 ( +0.00)     -187.60 (   +0.00)         37820 (       0)           0  
##>                                  END            79074318710 ( +0.00)     -187.60 (   +0.00)         37820 (       0)           0  
##> csa_opto                       START            79074318710 ( +0.00)     -187.60 (   +0.00)         37820 (       0)              
##>                                  END            79074318710 ( +0.00)     -187.60 (   +0.00)         37820 (       0)           0  
##>                                  END            79074318710 ( +0.00)     -187.60 (   +0.00)         37820 (       0)           0  
##>datapath_rewrite_post_csa_one_  START            79074318710 ( +0.00)     -187.60 (   +0.00)         37820 (       0)              
##> rewrite                        START            79074318710 ( +0.00)     -187.60 (   +0.00)         37820 (       0)              (na,csaa) combined_csa2_signed_csa_signed_from --> combined_csa2_signed_csa_signed_to
##>                                  END            79710793795 ( +0.80)     -188.50 (   -0.90)         37989 (     169)           0  
##>                                  END            79074318710 ( +0.00)     -187.60 (   +0.00)         37820 (       0)           0  
##>datapath_csa_factoring_one_gde  START            79074318710 ( +0.00)     -187.60 (   +0.00)         37820 (       0)              
##>                                  END            79074318710 ( +0.00)     -187.60 (   +0.00)         37820 (       0)           0  
##>dpopt_share_one_def             START            79074318710 ( +0.00)     -187.60 (   +0.00)         37820 (       0)              
##>                                  END            79074318710 ( +0.00)     -187.60 (   +0.00)         37820 (       0)           0  
##>datapath_rewrite_post_share     START            79074318710 ( +0.00)     -187.60 (   +0.00)         37820 (       0)              
##>                                  END            79074318710 ( +0.00)     -187.60 (   +0.00)         37820 (       0)           0  
##>dp_combine_const_mult_with_com  START            79074318710 ( +0.00)     -187.60 (   +0.00)         37820 (       0)              
##>                                  END            79074318710 ( +0.00)     -187.60 (   +0.00)         37820 (       0)           0  
##>dp_operator_level_decompositio  START            79074318710 ( +0.00)     -187.60 (   +0.00)         37820 (       0)              
##>                                  END            79074318710 ( +0.00)     -187.60 (   +0.00)         37820 (       0)           0  
##>selective_flatten_dp_config     START            79074318710 ( +0.00)     -187.60 (   +0.00)         37820 (       0)              
##>                                  END            79074318710 ( +0.00)     -187.60 (   +0.00)         37820 (       0)           0  
##>createMaxCarrySave              START            79074318710 ( +0.00)     -187.60 (   +0.00)         37820 (       0)              
##> datapath_rewrite_one_def       START            79074318710 ( +0.00)     -187.60 (   +0.00)         37820 (       0)              
##>  fast_cse_elim                 START            79074318710 ( +0.00)     -187.60 (   +0.00)         37820 (       0)              
##>                                  END            79074318710 ( +0.00)     -187.60 (   +0.00)         37820 (       0)           0  
##>  fast_cse_elim                 START            79074318710 ( +0.00)     -187.60 (   +0.00)         37820 (       0)              
##>                                  END            79074318710 ( +0.00)     -187.60 (   +0.00)         37820 (       0)           0  
##>                                  END            79074318710 ( +0.00)     -187.60 (   +0.00)         37820 (       0)           0  
##> csa_opto                       START            79074318710 ( +0.00)     -187.60 (   +0.00)         37820 (       0)              
##>                                  END            79074318710 ( +0.00)     -187.60 (   +0.00)         37820 (       0)           0  
##>                                  END            79074318710 ( +0.00)     -187.60 (   +0.00)         37820 (       0)           0  
##>context_based_simplify          START            78802344775 ( -0.34)     -187.60 (   +0.00)         37820 (       0)              
##>                                  END            78802344775 ( +0.00)     -187.60 (   +0.00)         37820 (       0)           0  
##>group_csa_final_adder_dp        START            78802344775 ( +0.00)     -187.60 (   +0.00)         37820 (       0)              
##>                                  END            79116376535 ( +0.40)     -187.60 (   +0.00)         37820 (       0)           1  
##>dpopt_flatten_critical_muxes_i  START            79116376535 ( +0.00)     -187.60 (   +0.00)         37820 (       0)              
##>                                  END            79116376535 ( +0.00)     -187.60 (   +0.00)         37820 (       0)           0  
##>create_score                    START            78454666755 ( -0.84)     -187.60 (   +0.00)         37820 (       0)              
##>                                  END            78454666755 ( +0.00)     -187.60 (   +0.00)         37820 (       0)           0  
##>+------------------------------------------------------------------------------------------------------------------------------------------------------------+
Committed config: CDN_DP_region_13_0_c7
Info    : Done implementing datapath configurations. [DPOPT-4]
        : Selected 'very_fast' configuration 7 for module 'CDN_DP_region_13_0'.
          Optimizations applied to 'very_fast' configuration:
            rewriting(10), factoring(1), sharing(0), cmultcse(0), downsizing(0), speculation(0)
Info    : Implementing datapath configurations. [DPOPT-3]
        : Implementing datapath configurations for 'CDN_DP_region_12_0'
CSAGen Prep Share:0 Re-Write:10 Speculation: 0
MaxCSA: Successfully built Maximal CSA Expression Expr22
MaxCSA: Successfully built Maximal CSA Expression Expr23
MaxCSA: Successfully built Maximal CSA Expression Expr24
MaxCSA: Successfully built Maximal CSA Expression Expr25
MaxCSA: Successfully built Maximal CSA Expression Expr26
MaxCSA: Successfully built Maximal CSA Expression Expr27
CDN_DP_region_12_0 level = 0 loads = 1 drivers = 1 is driven by : CDN_DP_region_0_1 
CDN_DP_region_12_0_c0 in WeightTransformRowConst_0: area: 123804217525 ,dp = 78 mux = 5 sg = slow         worst_clk_period: -1.0000 
    wns: 1774  norm_wns:  -1.0000 
    fail_endp: -1 
    tns:  43863  tns_per_endp:  -1.0000   norm_tns_per_endp:  -1.0000 
    tns_sense_max:  -1.0000  tns_sense_avg:  -1.0000   tns_sense_num: -1
 skipped
CDN_DP_region_12_0_c1 in WeightTransformRowConst_0: area: 93791753605 ,dp = 26 mux = 5 sg = fast         worst_clk_period: -1.0000 
    wns: 0  norm_wns:  -1.0000 
    fail_endp: -1 
    tns:  0  tns_per_endp:  -1.0000   norm_tns_per_endp:  -1.0000 
    tns_sense_max:  -1.0000  tns_sense_avg:  -1.0000   tns_sense_num: -1
 is current best
CDN_DP_region_12_0_c2 in WeightTransformRowConst_0: area: 91192580020 ,dp = 28 mux = 5 sg = very_slow    worst_clk_period: -1.0000 
    wns: 0  norm_wns:  -1.0000 
    fail_endp: -1 
    tns:  0  tns_per_endp:  -1.0000   norm_tns_per_endp:  -1.0000 
    tns_sense_max:  -1.0000  tns_sense_avg:  -1.0000   tns_sense_num: -1
 is current best
CDN_DP_region_12_0_c3 in WeightTransformRowConst_0: area: 93791753605 ,dp = 26 mux = 5 sg = very_fast    worst_clk_period: -1.0000 
    wns: 0  norm_wns:  -1.0000 
    fail_endp: -1 
    tns:  0  tns_per_endp:  -1.0000   norm_tns_per_endp:  -1.0000 
    tns_sense_max:  -1.0000  tns_sense_avg:  -1.0000   tns_sense_num: -1

CDN_DP_region_12_0_c4 in WeightTransformRowConst_0: area: 91192580020 ,dp = 28 mux = 5 sg = very_fast    worst_clk_period: -1.0000 
    wns: 0  norm_wns:  -1.0000 
    fail_endp: -1 
    tns:  0  tns_per_endp:  -1.0000   norm_tns_per_endp:  -1.0000 
    tns_sense_max:  -1.0000  tns_sense_avg:  -1.0000   tns_sense_num: -1
 is current best
CDN_DP_region_12_0_c5 in WeightTransformRowConst_0: area: 91192580020 ,dp = 28 mux = 5 sg = very_fast    worst_clk_period: -1.0000 
    wns: 0  norm_wns:  -1.0000 
    fail_endp: -1 
    tns:  0  tns_per_endp:  -1.0000   norm_tns_per_endp:  -1.0000 
    tns_sense_max:  -1.0000  tns_sense_avg:  -1.0000   tns_sense_num: -1
 is current best
CDN_DP_region_12_0_c6 in WeightTransformRowConst_0: area: 93791753605 ,dp = 26 mux = 5 sg = very_fast    worst_clk_period: -1.0000 
    wns: 0  norm_wns:  -1.0000 
    fail_endp: -1 
    tns:  0  tns_per_endp:  -1.0000   norm_tns_per_endp:  -1.0000 
    tns_sense_max:  -1.0000  tns_sense_avg:  -1.0000   tns_sense_num: -1

CDN_DP_region_12_0_c7 in WeightTransformRowConst_0: area: 87783092340 ,dp = 22 mux = 5 sg = very_fast    worst_clk_period: -1.0000 
    wns: 0  norm_wns:  -1.0000 
    fail_endp: -1 
    tns:  0  tns_per_endp:  -1.0000   norm_tns_per_endp:  -1.0000 
    tns_sense_max:  -1.0000  tns_sense_avg:  -1.0000   tns_sense_num: -1
 is current best
Best config: CDN_DP_region_12_0_c7 in WeightTransformRowConst_0: area: 87783092340 ,dp = 22 mux = 5 sg = very_fast    worst_clk_period: -1.0000 
    wns: 0  norm_wns:  -1.0000 
    fail_endp: -1 
    tns:  0  tns_per_endp:  -1.0000   norm_tns_per_endp:  -1.0000 
    tns_sense_max:  -1.0000  tns_sense_avg:  -1.0000   tns_sense_num: -1
  Smallest config area : 87783092340.  Fastest config wns;  0
##>+----------------------------------------------------------------------------------------------------------------------------------------------------------------+
##>Summary table of configs (Best config is CDN_DP_region_12_0_c7)
##>+----------------------------------------------------------------------------------------------------------------------------------------------------------------+
##>                     0                  1                  2                  3                  4                  5                  6                  7            
##>+----------------------------------------------------------------------------------------------------------------------------------------------------------------+
##>           Area     123804217525        93791753605        91192580020        93791753605        91192580020        91192580020        93791753605        87783092340  
##>            WNS          -177.40            +357.80            +349.70            +357.80            +349.70            +349.70            +357.80            +361.10  
##>            TNS            43863                  0                  0                  0                  0                  0                  0                  0  
##>    Num Rewrite                0                  6                  0                  6                  0                  0                  6                 10  
##>     Num Factor                0                  0                  2                  0                  2                  2                  0                  2  
##>      Num Share                0                  0                  0                  0                  0                  0                  0                  0  
##>   Num CmultCse                0                  0                  0                  0                  0                  0                  0                  0  
##>   Num Downsize                0                  0                  0                  0                  0                  0                  0                  0  
##>  Num Speculate                0                  0                  0                  0                  0                  0                  0                  0  
##>     Runtime(s)                0                  6                  4                  5                  4                  3                  5                 17  
+----------------------------------------------------------------------------------------------------------------------------------------------------------------+
##>
##>
##>+------------------------------------------------------------------------------------------------------------------------------------------------------------+
##>Optimization Step DEBUG Table for config CDN_DP_region_12_0_c7
##>
##>                          Step                        Area   ( % Chg)        WNS (Change)        TNS (Change)          Runtime (s)        Comment                   
##>+------------------------------------------------------------------------------------------------------------------------------------------------------------+
##>EquationExtraction              START           123804217525 (      )     -177.40 (        )         43863 (        )              
##> rewrite                        START           123804217525 ( +0.00)     -177.40 (   +0.00)         43863 (       0)              (a,ar) less_than_from_tc --> less_than_to_tc
##>                                  END           123804217525 ( +0.00)     -177.40 (   +0.00)         43863 (       0)           0  
##> rewrite                        START           123804217525 ( +0.00)     -177.40 (   +0.00)         43863 (       0)              (a,ar) less_than_from_tc --> less_than_to_tc
##>                                  END           123804217525 ( +0.00)     -177.40 (   +0.00)         43863 (       0)           0  
##> rewrite                        START           123804217525 ( +0.00)     -177.40 (   +0.00)         43863 (       0)              (a,ar) less_than_from_tc --> less_than_to_tc
##>                                  END           123804217525 ( +0.00)     -177.40 (   +0.00)         43863 (       0)           0  
##> rewrite                        START           123804217525 ( +0.00)     -177.40 (   +0.00)         43863 (       0)              (a,ar) less_than_from_tc --> less_than_to_tc
##>                                  END           123804217525 ( +0.00)     -177.40 (   +0.00)         43863 (       0)           0  
##> rewrite                        START           123804217525 ( +0.00)     -177.40 (   +0.00)         43863 (       0)              (a,ar) less_than_from_tc --> less_than_to_tc
##>                                  END           123804217525 ( +0.00)     -177.40 (   +0.00)         43863 (       0)           0  
##> rewrite                        START           123804217525 ( +0.00)     -177.40 (   +0.00)         43863 (       0)              (a,ar) a_minus_zero_from_tc --> a_minus_zero_to_tc
##>                                  END           123804217525 ( +0.00)     -177.40 (   +0.00)         43863 (       0)           0  
##> rewrite                        START           123804217525 ( +0.00)     -177.40 (   +0.00)         43863 (       0)              (a,ar) a_minus_zero_from_tc --> a_minus_zero_to_tc
##>                                  END           123804217525 ( +0.00)     -177.40 (   +0.00)         43863 (       0)           0  
##> rewrite                        START           123804217525 ( +0.00)     -177.40 (   +0.00)         43863 (       0)              (a,ar) a_minus_zero_from_tc --> a_minus_zero_to_tc
##>                                  END           123804217525 ( +0.00)     -177.40 (   +0.00)         43863 (       0)           0  
##> rewrite                        START           123804217525 ( +0.00)     -177.40 (   +0.00)         43863 (       0)              (a,ar) a_minus_zero_from_tc --> a_minus_zero_to_tc
##>                                  END           123804217525 ( +0.00)     -177.40 (   +0.00)         43863 (       0)           0  
##> rewrite                        START           123804217525 ( +0.00)     -177.40 (   +0.00)         43863 (       0)              (a,ar) a_minus_zero_from_tc --> a_minus_zero_to_tc
##>                                  END           123804217525 ( +0.00)     -177.40 (   +0.00)         43863 (       0)           0  
##> rewrite                        START           191845366810 (+54.96)      316.30 ( +493.70)             0 (  -43863)              (a,ar) Expr22_from --> Expr22_to
##>                                  END           591579758740 (+208.36)     -410.60 ( -726.90)        173529 (  173529)           6  
##> rewrite                        START           591579758740 ( +0.00)     -410.60 (   +0.00)        173529 (       0)              (a,ar) Expr23_from --> Expr23_to
##>                                  END           592249880085 ( +0.11)     -410.60 (   +0.00)        173529 (       0)           0  
##> rewrite                        START           592249880085 ( +0.00)     -410.60 (   +0.00)        173529 (       0)              (a,ar) Expr24_from --> Expr24_to
##>                                  END           592920001430 ( +0.11)     -410.60 (   +0.00)        173529 (       0)           0  
##> rewrite                        START           592920001430 ( +0.00)     -410.60 (   +0.00)        173529 (       0)              (a,ar) Expr25_from --> Expr25_to
##>                                  END           593567691935 ( +0.11)     -410.60 (   +0.00)        173473 (     -56)           0  
##> rewrite                        START           593567691935 ( +0.00)     -410.60 (   +0.00)        173473 (       0)              (a,ar) Expr26_from --> Expr26_to
##>                                  END           594237813280 ( +0.11)     -410.60 (   +0.00)        173347 (    -126)           0  
##> rewrite                        START           594237813280 ( +0.00)     -410.60 (   +0.00)        173347 (       0)              (a,ar) Expr27_from --> Expr27_to
##>                                  END           594907934625 ( +0.11)     -409.70 (   +0.90)        173221 (    -126)           0  
##>                                  END           509238948955 (+311.33)     -352.60 ( -175.20)        138598 (   94735)          11  
##>createMaxCarrySave              START           209778823390 (-58.81)     -264.40 (  +88.20)         90902 (  -47696)              
##> datapath_rewrite_one_def       START           209778823390 ( +0.00)     -264.40 (   +0.00)         90902 (       0)              
##>                                  END           209778823390 ( +0.00)     -264.40 (   +0.00)         90902 (       0)           0  
##> csa_opto                       START           209778823390 ( +0.00)     -264.40 (   +0.00)         90902 (       0)              
##>                                  END            93671187840 (-55.35)      358.80 ( +623.20)             0 (  -90902)           0  
##>                                  END            93671187840 (-55.35)      358.80 ( +623.20)             0 (  -90902)           0  
##>canonicalize_by_names           START            93671187840 ( +0.00)      358.80 (   +0.00)             0 (       0)              
##>                                  END            93671187840 ( +0.00)      358.80 (   +0.00)             0 (       0)           0  
##>datapath_rewrite_post_csa_one_  START            93671187840 ( +0.00)      358.80 (   +0.00)             0 (       0)              
##>                                  END            93671187840 ( +0.00)      358.80 (   +0.00)             0 (       0)           0  
##>datapath_csa_factoring_one_gde  START            93671187840 ( +0.00)      358.80 (   +0.00)             0 (       0)              
##>                                  END            89092492625 ( -4.89)      361.10 (   +2.30)             0 (       0)           0  
##>dpopt_share_one_def             START            89092492625 ( +0.00)      361.10 (   +0.00)             0 (       0)              
##>                                  END            89092492625 ( +0.00)      361.10 (   +0.00)             0 (       0)           0  
##>datapath_rewrite_post_share     START            89092492625 ( +0.00)      361.10 (   +0.00)             0 (       0)              
##>                                  END            89092492625 ( +0.00)      361.10 (   +0.00)             0 (       0)           0  
##>dp_combine_const_mult_with_com  START            89092492625 ( +0.00)      361.10 (   +0.00)             0 (       0)              
##>                                  END            89092492625 ( +0.00)      361.10 (   +0.00)             0 (       0)           0  
##>dp_operator_level_decompositio  START            89092492625 ( +0.00)      361.10 (   +0.00)             0 (       0)              
##>                                  END            89092492625 ( +0.00)      361.10 (   +0.00)             0 (       0)           0  
##>selective_flatten_dp_config     START            89092492625 ( +0.00)      361.10 (   +0.00)             0 (       0)              
##>                                  END            89092492625 ( +0.00)      361.10 (   +0.00)             0 (       0)           0  
##>createMaxCarrySave              START            89092492625 ( +0.00)      361.10 (   +0.00)             0 (       0)              
##> datapath_rewrite_one_def       START            89092492625 ( +0.00)      361.10 (   +0.00)             0 (       0)              
##>  fast_cse_elim                 START            89092492625 ( +0.00)      361.10 (   +0.00)             0 (       0)              
##>                                  END            89092492625 ( +0.00)      361.10 (   +0.00)             0 (       0)           0  
##>  fast_cse_elim                 START            89092492625 ( +0.00)      361.10 (   +0.00)             0 (       0)              
##>                                  END            89092492625 ( +0.00)      361.10 (   +0.00)             0 (       0)           0  
##>                                  END            89092492625 ( +0.00)      361.10 (   +0.00)             0 (       0)           0  
##> csa_opto                       START            89092492625 ( +0.00)      361.10 (   +0.00)             0 (       0)              
##>                                  END            89092492625 ( +0.00)      361.10 (   +0.00)             0 (       0)           0  
##>                                  END            89092492625 ( +0.00)      361.10 (   +0.00)             0 (       0)           0  
##>datapath_rewrite_post_csa_one_  START            89092492625 ( +0.00)      361.10 (   +0.00)             0 (       0)              
##> rewrite                        START            89092492625 ( +0.00)      361.10 (   +0.00)             0 (       0)              (na,csaa) combined_csa2_signed_csa_signed_from --> combined_csa2_signed_csa_signed_to
##>                                  END            91590727430 ( +2.80)      359.90 (   -1.20)             0 (       0)           0  
##> rewrite                        START            89092492625 ( -2.73)      361.10 (   +1.20)             0 (       0)              (na,csaa) combined_csa2_signed_csa_signed_from --> combined_csa2_signed_csa_signed_to
##>                                  END            91433711550 ( +2.63)      359.90 (   -1.20)             0 (       0)           0  
##>                                  END            89092492625 ( +0.00)      361.10 (   +0.00)             0 (       0)           0  
##>datapath_csa_factoring_one_gde  START            89092492625 ( +0.00)      361.10 (   +0.00)             0 (       0)              
##>                                  END            89092492625 ( +0.00)      361.10 (   +0.00)             0 (       0)           0  
##>dpopt_share_one_def             START            89092492625 ( +0.00)      361.10 (   +0.00)             0 (       0)              
##>                                  END            89092492625 ( +0.00)      361.10 (   +0.00)             0 (       0)           0  
##>datapath_rewrite_post_share     START            89092492625 ( +0.00)      361.10 (   +0.00)             0 (       0)              
##>                                  END            89092492625 ( +0.00)      361.10 (   +0.00)             0 (       0)           0  
##>dp_combine_const_mult_with_com  START            89092492625 ( +0.00)      361.10 (   +0.00)             0 (       0)              
##>                                  END            89092492625 ( +0.00)      361.10 (   +0.00)             0 (       0)           0  
##>dp_operator_level_decompositio  START            89092492625 ( +0.00)      361.10 (   +0.00)             0 (       0)              
##>                                  END            89092492625 ( +0.00)      361.10 (   +0.00)             0 (       0)           0  
##>selective_flatten_dp_config     START            89092492625 ( +0.00)      361.10 (   +0.00)             0 (       0)              
##>                                  END            89092492625 ( +0.00)      361.10 (   +0.00)             0 (       0)           0  
##>createMaxCarrySave              START            89092492625 ( +0.00)      361.10 (   +0.00)             0 (       0)              
##> datapath_rewrite_one_def       START            89092492625 ( +0.00)      361.10 (   +0.00)             0 (       0)              
##>  fast_cse_elim                 START            89092492625 ( +0.00)      361.10 (   +0.00)             0 (       0)              
##>                                  END            89092492625 ( +0.00)      361.10 (   +0.00)             0 (       0)           0  
##>  fast_cse_elim                 START            89092492625 ( +0.00)      361.10 (   +0.00)             0 (       0)              
##>                                  END            89092492625 ( +0.00)      361.10 (   +0.00)             0 (       0)           0  
##>                                  END            89092492625 ( +0.00)      361.10 (   +0.00)             0 (       0)           0  
##> csa_opto                       START            89092492625 ( +0.00)      361.10 (   +0.00)             0 (       0)              
##>                                  END            89092492625 ( +0.00)      361.10 (   +0.00)             0 (       0)           0  
##>                                  END            89092492625 ( +0.00)      361.10 (   +0.00)             0 (       0)           0  
##>context_based_simplify          START            88854164950 ( -0.27)      361.10 (   +0.00)             0 (       0)              
##>                                  END            88854164950 ( +0.00)      361.10 (   +0.00)             0 (       0)           0  
##>group_csa_final_adder_dp        START            88854164950 ( +0.00)      361.10 (   +0.00)             0 (       0)              
##>                                  END            88854164950 ( +0.00)      361.10 (   +0.00)             0 (       0)           1  
##>dpopt_flatten_critical_muxes_i  START            88854164950 ( +0.00)      361.10 (   +0.00)             0 (       0)              
##>                                  END            88854164950 ( +0.00)      361.10 (   +0.00)             0 (       0)           0  
##>create_score                    START            87783092340 ( -1.21)      361.10 (   +0.00)             0 (       0)              
##>                                  END            87783092340 ( +0.00)      361.10 (   +0.00)             0 (       0)           0  
##>+------------------------------------------------------------------------------------------------------------------------------------------------------------+
Committed config: CDN_DP_region_12_0_c7
Info    : Done implementing datapath configurations. [DPOPT-4]
        : Selected 'very_fast' configuration 7 for module 'CDN_DP_region_12_0'.
          Optimizations applied to 'very_fast' configuration:
            rewriting(10), factoring(2), sharing(0), cmultcse(0), downsizing(0), speculation(0)
Info    : Implementing datapath configurations. [DPOPT-3]
        : Implementing datapath configurations for 'CDN_DP_region_0_7'
CSAGen Prep Share:0 Re-Write:0 Speculation: 0
MaxCSA: Successfully built Maximal CSA Expression Expr28
CDN_DP_region_0_7 level = 0 loads = 2 drivers = 1 is driven by : CDN_DP_region_0_2 
CDN_DP_region_0_7_c0 in Conv: area: 285993210 ,dp = 6 mux = 2 sg = slow         worst_clk_period: -1.0000 
    wns: 0  norm_wns:  -1.0000 
    fail_endp: -1 
    tns:  0  tns_per_endp:  -1.0000   norm_tns_per_endp:  -1.0000 
    tns_sense_max:  -1.0000  tns_sense_avg:  -1.0000   tns_sense_num: -1
 skipped
CDN_DP_region_0_7_c1 in Conv: area: 277581645 ,dp = 5 mux = 2 sg = fast         worst_clk_period: -1.0000 
    wns: 0  norm_wns:  -1.0000 
    fail_endp: -1 
    tns:  0  tns_per_endp:  -1.0000   norm_tns_per_endp:  -1.0000 
    tns_sense_max:  -1.0000  tns_sense_avg:  -1.0000   tns_sense_num: -1
 is current best
CDN_DP_region_0_7_c2 in Conv: area: 277581645 ,dp = 5 mux = 2 sg = very_slow    worst_clk_period: -1.0000 
    wns: 0  norm_wns:  -1.0000 
    fail_endp: -1 
    tns:  0  tns_per_endp:  -1.0000   norm_tns_per_endp:  -1.0000 
    tns_sense_max:  -1.0000  tns_sense_avg:  -1.0000   tns_sense_num: -1
 is current best
CDN_DP_region_0_7_c3 in Conv: area: 277581645 ,dp = 5 mux = 2 sg = very_fast    worst_clk_period: -1.0000 
    wns: 0  norm_wns:  -1.0000 
    fail_endp: -1 
    tns:  0  tns_per_endp:  -1.0000   norm_tns_per_endp:  -1.0000 
    tns_sense_max:  -1.0000  tns_sense_avg:  -1.0000   tns_sense_num: -1
 is current best
CDN_DP_region_0_7_c4 in Conv: area: 277581645 ,dp = 5 mux = 2 sg = very_fast    worst_clk_period: -1.0000 
    wns: 0  norm_wns:  -1.0000 
    fail_endp: -1 
    tns:  0  tns_per_endp:  -1.0000   norm_tns_per_endp:  -1.0000 
    tns_sense_max:  -1.0000  tns_sense_avg:  -1.0000   tns_sense_num: -1
 is current best
CDN_DP_region_0_7_c5 in Conv: area: 277581645 ,dp = 5 mux = 2 sg = very_fast    worst_clk_period: -1.0000 
    wns: 0  norm_wns:  -1.0000 
    fail_endp: -1 
    tns:  0  tns_per_endp:  -1.0000   norm_tns_per_endp:  -1.0000 
    tns_sense_max:  -1.0000  tns_sense_avg:  -1.0000   tns_sense_num: -1
 is current best
CDN_DP_region_0_7_c6 in Conv: area: 277581645 ,dp = 5 mux = 2 sg = very_fast    worst_clk_period: -1.0000 
    wns: 0  norm_wns:  -1.0000 
    fail_endp: -1 
    tns:  0  tns_per_endp:  -1.0000   norm_tns_per_endp:  -1.0000 
    tns_sense_max:  -1.0000  tns_sense_avg:  -1.0000   tns_sense_num: -1
 is current best
CDN_DP_region_0_7_c7 in Conv: area: 285993210 ,dp = 5 mux = 2 sg = very_fast    worst_clk_period: -1.0000 
    wns: 0  norm_wns:  -1.0000 
    fail_endp: -1 
    tns:  0  tns_per_endp:  -1.0000   norm_tns_per_endp:  -1.0000 
    tns_sense_max:  -1.0000  tns_sense_avg:  -1.0000   tns_sense_num: -1

Best config: CDN_DP_region_0_7_c6 in Conv: area: 277581645 ,dp = 5 mux = 2 sg = very_fast    worst_clk_period: -1.0000 
    wns: 0  norm_wns:  -1.0000 
    fail_endp: -1 
    tns:  0  tns_per_endp:  -1.0000   norm_tns_per_endp:  -1.0000 
    tns_sense_max:  -1.0000  tns_sense_avg:  -1.0000   tns_sense_num: -1
  Smallest config area : 277581645.  Fastest config wns;  0
##>+----------------------------------------------------------------------------------------------------------------------------------------------------------------+
##>Summary table of configs (Best config is CDN_DP_region_0_7_c6)
##>+----------------------------------------------------------------------------------------------------------------------------------------------------------------+
##>                     0                  1                  2                  3                  4                  5                  6                  7            
##>+----------------------------------------------------------------------------------------------------------------------------------------------------------------+
##>           Area        285993210          277581645          277581645          277581645          277581645          277581645          277581645          285993210  
##>            WNS          +681.00            +681.00            +681.00            +681.00            +681.00            +681.00            +681.00            +681.00  
##>            TNS                0                  0                  0                  0                  0                  0                  0                  0  
##>    Num Rewrite                0                  0                  0                  0                  0                  0                  0                  0  
##>     Num Factor                0                  0                  0                  0                  0                  0                  0                  0  
##>      Num Share                0                  0                  0                  0                  0                  0                  0                  0  
##>   Num CmultCse                0                  0                  0                  0                  0                  0                  0                  0  
##>   Num Downsize                0                  0                  0                  0                  0                  0                  0                  0  
##>  Num Speculate                0                  0                  0                  0                  0                  0                  0                  0  
##>     Runtime(s)                0                  0                  0                  0                  0                  0                  0                  0  
+----------------------------------------------------------------------------------------------------------------------------------------------------------------+
##>
##>
##>+------------------------------------------------------------------------------------------------------------------------------------------------------------+
##>Optimization Step DEBUG Table for config CDN_DP_region_0_7_c6
##>
##>                          Step                        Area   ( % Chg)        WNS (Change)        TNS (Change)          Runtime (s)        Comment                   
##>+------------------------------------------------------------------------------------------------------------------------------------------------------------+
##>createMaxCarrySave              START              285993210 (      )    107374863.40 (        )             0 (        )              
##> datapath_rewrite_one_def       START              285993210 ( +0.00)    107374863.40 (   +0.00)             0 (       0)              
##>  fast_cse_elim                 START              285993210 ( +0.00)    107374863.40 (   +0.00)             0 (       0)              
##>                                  END              285993210 ( +0.00)    107374863.40 (   +0.00)             0 (       0)           0  
##>  fast_cse_elim                 START              285993210 ( +0.00)    107374863.40 (   +0.00)             0 (       0)              
##>                                  END              285993210 ( +0.00)    107374863.40 (   +0.00)             0 (       0)           0  
##>                                  END              285993210 ( +0.00)    107374863.40 (   +0.00)             0 (       0)           0  
##> dpopt_share_one_def            START              285993210 ( +0.00)    107374863.40 (   +0.00)             0 (       0)              
##>                                  END              285993210 ( +0.00)    107374863.40 (   +0.00)             0 (       0)           0  
##> csa_opto                       START              285993210 ( +0.00)    214748364.70 (+107373501.30)             0 (       0)              
##>                                  END              291600920 ( +1.96)    214748364.70 (   +0.00)             0 (       0)           0  
##>                                  END              291600920 ( +1.96)    214748364.70 (+107373501.30)             0 (       0)           0  
##>canonicalize_by_names           START              291600920 ( +0.00)    214748364.70 (   +0.00)             0 (       0)              
##>                                  END              291600920 ( +0.00)    214748364.70 (   +0.00)             0 (       0)           0  
##>datapath_rewrite_post_csa_one_  START              291600920 ( +0.00)    214748364.70 (   +0.00)             0 (       0)              
##>                                  END              291600920 ( +0.00)    214748364.70 (   +0.00)             0 (       0)           0  
##>datapath_csa_factoring_one_gde  START              291600920 ( +0.00)    214748364.70 (   +0.00)             0 (       0)              
##>                                  END              291600920 ( +0.00)    214748364.70 (   +0.00)             0 (       0)           0  
##>dpopt_share_one_def             START              291600920 ( +0.00)    214748364.70 (   +0.00)             0 (       0)              
##>                                  END              291600920 ( +0.00)    214748364.70 (   +0.00)             0 (       0)           0  
##>datapath_rewrite_post_share     START              291600920 ( +0.00)    214748364.70 (   +0.00)             0 (       0)              
##>                                  END              291600920 ( +0.00)    214748364.70 (   +0.00)             0 (       0)           0  
##>dp_combine_const_mult_with_com  START              291600920 ( +0.00)    214748364.70 (   +0.00)             0 (       0)              
##>                                  END              291600920 ( +0.00)    214748364.70 (   +0.00)             0 (       0)           0  
##>dp_operator_level_decompositio  START              291600920 ( +0.00)    214748364.70 (   +0.00)             0 (       0)              
##>                                  END              291600920 ( +0.00)    214748364.70 (   +0.00)             0 (       0)           0  
##>selective_flatten_dp_config     START              291600920 ( +0.00)    214748364.70 (   +0.00)             0 (       0)              
##>                                  END              291600920 ( +0.00)    214748364.70 (   +0.00)             0 (       0)           0  
##>createMaxCarrySave              START              291600920 ( +0.00)    214748364.70 (   +0.00)             0 (       0)              
##> datapath_rewrite_one_def       START              291600920 ( +0.00)    214748364.70 (   +0.00)             0 (       0)              
##>  fast_cse_elim                 START              291600920 ( +0.00)    214748364.70 (   +0.00)             0 (       0)              
##>                                  END              291600920 ( +0.00)    214748364.70 (   +0.00)             0 (       0)           0  
##>  fast_cse_elim                 START              291600920 ( +0.00)    214748364.70 (   +0.00)             0 (       0)              
##>                                  END              291600920 ( +0.00)    214748364.70 (   +0.00)             0 (       0)           0  
##>                                  END              291600920 ( +0.00)    214748364.70 (   +0.00)             0 (       0)           0  
##> dpopt_share_one_def            START              291600920 ( +0.00)    214748364.70 (   +0.00)             0 (       0)              
##>                                  END              291600920 ( +0.00)    214748364.70 (   +0.00)             0 (       0)           0  
##> csa_opto                       START              291600920 ( +0.00)    214748364.70 (   +0.00)             0 (       0)              
##>                                  END              291600920 ( +0.00)    214748364.70 (   +0.00)             0 (       0)           0  
##>                                  END              291600920 ( +0.00)    214748364.70 (   +0.00)             0 (       0)           0  
##>context_based_simplify          START              280385500 ( -3.85)    214748364.70 (   +0.00)             0 (       0)              
##>                                  END              277581645 ( -1.00)    214748364.70 (   +0.00)             0 (       0)           0  
##>group_csa_final_adder_dp        START              277581645 ( +0.00)    214748364.70 (   +0.00)             0 (       0)              
##>                                  END              277581645 ( +0.00)    214748364.70 (   +0.00)             0 (       0)           0  
##>dpopt_flatten_critical_muxes_i  START              277581645 ( +0.00)    214748364.70 (   +0.00)             0 (       0)              
##>                                  END              277581645 ( +0.00)    214748364.70 (   +0.00)             0 (       0)           0  
##>create_score                    START              277581645 ( +0.00)      681.00 (-214747683.70)             0 (       0)              
##>                                  END              277581645 ( +0.00)      681.00 (   +0.00)             0 (       0)           0  
##>+------------------------------------------------------------------------------------------------------------------------------------------------------------+
Committed config: CDN_DP_region_0_7_c6
Info    : Done implementing datapath configurations. [DPOPT-4]
        : Selected 'very_fast' configuration 6 for module 'CDN_DP_region_0_7'.
          Optimizations applied to 'very_fast' configuration:
            rewriting(0), factoring(0), sharing(0), cmultcse(0), downsizing(0), speculation(0)
Info    : Implementing datapath configurations. [DPOPT-3]
        : Implementing datapath configurations for 'CDN_DP_region_0_3'
CSAGen Prep Share:0 Re-Write:0 Speculation: 0
MaxCSA: Successfully built Maximal CSA Expression Expr29
CDN_DP_region_0_3 level = 1 loads = 1 drivers = 2 is driven by : CDN_DP_region_0_7 CDN_DP_region_0_2 
CDN_DP_region_0_3_c0 in Conv: area: 173839010 ,dp = 3 mux = 1 sg = slow         worst_clk_period: -1.0000 
    wns: 0  norm_wns:  -1.0000 
    fail_endp: -1 
    tns:  0  tns_per_endp:  -1.0000   norm_tns_per_endp:  -1.0000 
    tns_sense_max:  -1.0000  tns_sense_avg:  -1.0000   tns_sense_num: -1
 skipped
CDN_DP_region_0_3_c1 in Conv: area: 159819735 ,dp = 3 mux = 1 sg = fast         worst_clk_period: -1.0000 
    wns: 0  norm_wns:  -1.0000 
    fail_endp: -1 
    tns:  0  tns_per_endp:  -1.0000   norm_tns_per_endp:  -1.0000 
    tns_sense_max:  -1.0000  tns_sense_avg:  -1.0000   tns_sense_num: -1
 is current best
CDN_DP_region_0_3_c2 in Conv: area: 159819735 ,dp = 3 mux = 1 sg = very_slow    worst_clk_period: -1.0000 
    wns: 0  norm_wns:  -1.0000 
    fail_endp: -1 
    tns:  0  tns_per_endp:  -1.0000   norm_tns_per_endp:  -1.0000 
    tns_sense_max:  -1.0000  tns_sense_avg:  -1.0000   tns_sense_num: -1
 is current best
CDN_DP_region_0_3_c3 in Conv: area: 159819735 ,dp = 3 mux = 1 sg = very_fast    worst_clk_period: -1.0000 
    wns: 0  norm_wns:  -1.0000 
    fail_endp: -1 
    tns:  0  tns_per_endp:  -1.0000   norm_tns_per_endp:  -1.0000 
    tns_sense_max:  -1.0000  tns_sense_avg:  -1.0000   tns_sense_num: -1
 is current best
CDN_DP_region_0_3_c4 in Conv: area: 159819735 ,dp = 3 mux = 1 sg = very_fast    worst_clk_period: -1.0000 
    wns: 0  norm_wns:  -1.0000 
    fail_endp: -1 
    tns:  0  tns_per_endp:  -1.0000   norm_tns_per_endp:  -1.0000 
    tns_sense_max:  -1.0000  tns_sense_avg:  -1.0000   tns_sense_num: -1
 is current best
CDN_DP_region_0_3_c5 in Conv: area: 159819735 ,dp = 3 mux = 1 sg = very_fast    worst_clk_period: -1.0000 
    wns: 0  norm_wns:  -1.0000 
    fail_endp: -1 
    tns:  0  tns_per_endp:  -1.0000   norm_tns_per_endp:  -1.0000 
    tns_sense_max:  -1.0000  tns_sense_avg:  -1.0000   tns_sense_num: -1
 is current best
CDN_DP_region_0_3_c6 in Conv: area: 159819735 ,dp = 3 mux = 1 sg = very_fast    worst_clk_period: -1.0000 
    wns: 0  norm_wns:  -1.0000 
    fail_endp: -1 
    tns:  0  tns_per_endp:  -1.0000   norm_tns_per_endp:  -1.0000 
    tns_sense_max:  -1.0000  tns_sense_avg:  -1.0000   tns_sense_num: -1
 is current best
CDN_DP_region_0_3_c7 in Conv: area: 173839010 ,dp = 3 mux = 1 sg = very_fast    worst_clk_period: -1.0000 
    wns: 0  norm_wns:  -1.0000 
    fail_endp: -1 
    tns:  0  tns_per_endp:  -1.0000   norm_tns_per_endp:  -1.0000 
    tns_sense_max:  -1.0000  tns_sense_avg:  -1.0000   tns_sense_num: -1

Best config: CDN_DP_region_0_3_c6 in Conv: area: 159819735 ,dp = 3 mux = 1 sg = very_fast    worst_clk_period: -1.0000 
    wns: 0  norm_wns:  -1.0000 
    fail_endp: -1 
    tns:  0  tns_per_endp:  -1.0000   norm_tns_per_endp:  -1.0000 
    tns_sense_max:  -1.0000  tns_sense_avg:  -1.0000   tns_sense_num: -1
  Smallest config area : 159819735.  Fastest config wns;  0
##>+----------------------------------------------------------------------------------------------------------------------------------------------------------------+
##>Summary table of configs (Best config is CDN_DP_region_0_3_c6)
##>+----------------------------------------------------------------------------------------------------------------------------------------------------------------+
##>                     0                  1                  2                  3                  4                  5                  6                  7            
##>+----------------------------------------------------------------------------------------------------------------------------------------------------------------+
##>           Area        173839010          159819735          159819735          159819735          159819735          159819735          159819735          173839010  
##>            WNS          +681.00            +681.00            +681.00            +681.00            +681.00            +681.00            +681.00            +681.00  
##>            TNS                0                  0                  0                  0                  0                  0                  0                  0  
##>    Num Rewrite                0                  0                  0                  0                  0                  0                  0                  0  
##>     Num Factor                0                  0                  0                  0                  0                  0                  0                  0  
##>      Num Share                0                  0                  0                  0                  0                  0                  0                  0  
##>   Num CmultCse                0                  0                  0                  0                  0                  0                  0                  0  
##>   Num Downsize                0                  0                  0                  0                  0                  0                  0                  0  
##>  Num Speculate                0                  0                  0                  0                  0                  0                  0                  0  
##>     Runtime(s)                0                  0                  0                  0                  0                  0                  0                  0  
+----------------------------------------------------------------------------------------------------------------------------------------------------------------+
##>
##>
##>+------------------------------------------------------------------------------------------------------------------------------------------------------------+
##>Optimization Step DEBUG Table for config CDN_DP_region_0_3_c6
##>
##>                          Step                        Area   ( % Chg)        WNS (Change)        TNS (Change)          Runtime (s)        Comment                   
##>+------------------------------------------------------------------------------------------------------------------------------------------------------------+
##>createMaxCarrySave              START              173839010 (      )    107374863.40 (        )             0 (        )              
##> datapath_rewrite_one_def       START              173839010 ( +0.00)    107374863.40 (   +0.00)             0 (       0)              
##>  fast_cse_elim                 START              173839010 ( +0.00)    107374863.40 (   +0.00)             0 (       0)              
##>                                  END              173839010 ( +0.00)    107374863.40 (   +0.00)             0 (       0)           0  
##>  fast_cse_elim                 START              173839010 ( +0.00)    107374863.40 (   +0.00)             0 (       0)              
##>                                  END              173839010 ( +0.00)    107374863.40 (   +0.00)             0 (       0)           0  
##>                                  END              173839010 ( +0.00)    107374863.40 (   +0.00)             0 (       0)           0  
##> dpopt_share_one_def            START              173839010 ( +0.00)    107374863.40 (   +0.00)             0 (       0)              
##>                                  END              173839010 ( +0.00)    107374863.40 (   +0.00)             0 (       0)           0  
##> csa_opto                       START              173839010 ( +0.00)    214748364.70 (+107373501.30)             0 (       0)              
##>                                  END              176642865 ( +1.61)    214748364.70 (   +0.00)             0 (       0)           0  
##>                                  END              176642865 ( +1.61)    214748364.70 (+107373501.30)             0 (       0)           0  
##>canonicalize_by_names           START              176642865 ( +0.00)    214748364.70 (   +0.00)             0 (       0)              
##>                                  END              176642865 ( +0.00)    214748364.70 (   +0.00)             0 (       0)           0  
##>datapath_rewrite_post_csa_one_  START              176642865 ( +0.00)    214748364.70 (   +0.00)             0 (       0)              
##>                                  END              176642865 ( +0.00)    214748364.70 (   +0.00)             0 (       0)           0  
##>datapath_csa_factoring_one_gde  START              176642865 ( +0.00)    214748364.70 (   +0.00)             0 (       0)              
##>                                  END              176642865 ( +0.00)    214748364.70 (   +0.00)             0 (       0)           0  
##>dpopt_share_one_def             START              176642865 ( +0.00)    214748364.70 (   +0.00)             0 (       0)              
##>                                  END              176642865 ( +0.00)    214748364.70 (   +0.00)             0 (       0)           0  
##>datapath_rewrite_post_share     START              176642865 ( +0.00)    214748364.70 (   +0.00)             0 (       0)              
##>                                  END              176642865 ( +0.00)    214748364.70 (   +0.00)             0 (       0)           0  
##>dp_combine_const_mult_with_com  START              176642865 ( +0.00)    214748364.70 (   +0.00)             0 (       0)              
##>                                  END              176642865 ( +0.00)    214748364.70 (   +0.00)             0 (       0)           0  
##>dp_operator_level_decompositio  START              176642865 ( +0.00)    214748364.70 (   +0.00)             0 (       0)              
##>                                  END              176642865 ( +0.00)    214748364.70 (   +0.00)             0 (       0)           0  
##>selective_flatten_dp_config     START              176642865 ( +0.00)    214748364.70 (   +0.00)             0 (       0)              
##>                                  END              176642865 ( +0.00)    214748364.70 (   +0.00)             0 (       0)           0  
##>createMaxCarrySave              START              176642865 ( +0.00)    214748364.70 (   +0.00)             0 (       0)              
##> datapath_rewrite_one_def       START              176642865 ( +0.00)    214748364.70 (   +0.00)             0 (       0)              
##>  fast_cse_elim                 START              176642865 ( +0.00)    214748364.70 (   +0.00)             0 (       0)              
##>                                  END              176642865 ( +0.00)    214748364.70 (   +0.00)             0 (       0)           0  
##>  fast_cse_elim                 START              176642865 ( +0.00)    214748364.70 (   +0.00)             0 (       0)              
##>                                  END              176642865 ( +0.00)    214748364.70 (   +0.00)             0 (       0)           0  
##>                                  END              176642865 ( +0.00)    214748364.70 (   +0.00)             0 (       0)           0  
##> dpopt_share_one_def            START              176642865 ( +0.00)    214748364.70 (   +0.00)             0 (       0)              
##>                                  END              176642865 ( +0.00)    214748364.70 (   +0.00)             0 (       0)           0  
##> csa_opto                       START              176642865 ( +0.00)    214748364.70 (   +0.00)             0 (       0)              
##>                                  END              176642865 ( +0.00)    214748364.70 (   +0.00)             0 (       0)           0  
##>                                  END              176642865 ( +0.00)    214748364.70 (   +0.00)             0 (       0)           0  
##>context_based_simplify          START              165427445 ( -6.35)    214748364.70 (   +0.00)             0 (       0)              
##>                                  END              159819735 ( -3.39)    214748364.70 (   +0.00)             0 (       0)           0  
##>group_csa_final_adder_dp        START              159819735 ( +0.00)    214748364.70 (   +0.00)             0 (       0)              
##>                                  END              159819735 ( +0.00)    214748364.70 (   +0.00)             0 (       0)           0  
##>dpopt_flatten_critical_muxes_i  START              159819735 ( +0.00)    214748364.70 (   +0.00)             0 (       0)              
##>                                  END              159819735 ( +0.00)    214748364.70 (   +0.00)             0 (       0)           0  
##>create_score                    START              159819735 ( +0.00)      681.00 (-214747683.70)             0 (       0)              
##>                                  END              159819735 ( +0.00)      681.00 (   +0.00)             0 (       0)           0  
##>+------------------------------------------------------------------------------------------------------------------------------------------------------------+
Committed config: CDN_DP_region_0_3_c6
Info    : Done implementing datapath configurations. [DPOPT-4]
        : Selected 'very_fast' configuration 6 for module 'CDN_DP_region_0_3'.
          Optimizations applied to 'very_fast' configuration:
            rewriting(0), factoring(0), sharing(0), cmultcse(0), downsizing(0), speculation(0)
Info    : Implementing datapath configurations. [DPOPT-3]
        : Implementing datapath configurations for 'CDN_DP_region_1_0'
CSAGen Prep Share:0 Re-Write:0 Speculation: 0
MaxCSA: Successfully built Maximal CSA Expression Expr30
CDN_DP_region_1_0 level = 0 loads = 0 drivers = 0
CDN_DP_region_1_0_c0 in InverseRow: area: 8711577485 ,dp = 8 mux = 0 sg = slow         worst_clk_period: -1.0000 
    wns: 0  norm_wns:  -1.0000 
    fail_endp: -1 
    tns:  0  tns_per_endp:  -1.0000   norm_tns_per_endp:  -1.0000 
    tns_sense_max:  -1.0000  tns_sense_avg:  -1.0000   tns_sense_num: -1
 skipped
CDN_DP_region_1_0_c1 in InverseRow: area: 6732055855 ,dp = 3 mux = 0 sg = fast         worst_clk_period: -1.0000 
    wns: 0  norm_wns:  -1.0000 
    fail_endp: -1 
    tns:  0  tns_per_endp:  -1.0000   norm_tns_per_endp:  -1.0000 
    tns_sense_max:  -1.0000  tns_sense_avg:  -1.0000   tns_sense_num: -1
 is current best
CDN_DP_region_1_0_c2 in InverseRow: area: 6732055855 ,dp = 3 mux = 0 sg = very_slow    worst_clk_period: -1.0000 
    wns: 0  norm_wns:  -1.0000 
    fail_endp: -1 
    tns:  0  tns_per_endp:  -1.0000   norm_tns_per_endp:  -1.0000 
    tns_sense_max:  -1.0000  tns_sense_avg:  -1.0000   tns_sense_num: -1
 is current best
CDN_DP_region_1_0_c3 in InverseRow: area: 6732055855 ,dp = 3 mux = 0 sg = very_fast    worst_clk_period: -1.0000 
    wns: 0  norm_wns:  -1.0000 
    fail_endp: -1 
    tns:  0  tns_per_endp:  -1.0000   norm_tns_per_endp:  -1.0000 
    tns_sense_max:  -1.0000  tns_sense_avg:  -1.0000   tns_sense_num: -1
 is current best
CDN_DP_region_1_0_c4 in InverseRow: area: 6732055855 ,dp = 3 mux = 0 sg = very_fast    worst_clk_period: -1.0000 
    wns: 0  norm_wns:  -1.0000 
    fail_endp: -1 
    tns:  0  tns_per_endp:  -1.0000   norm_tns_per_endp:  -1.0000 
    tns_sense_max:  -1.0000  tns_sense_avg:  -1.0000   tns_sense_num: -1
 is current best
CDN_DP_region_1_0_c5 in InverseRow: area: 6732055855 ,dp = 3 mux = 0 sg = very_fast    worst_clk_period: -1.0000 
    wns: 0  norm_wns:  -1.0000 
    fail_endp: -1 
    tns:  0  tns_per_endp:  -1.0000   norm_tns_per_endp:  -1.0000 
    tns_sense_max:  -1.0000  tns_sense_avg:  -1.0000   tns_sense_num: -1
 is current best
CDN_DP_region_1_0_c6 in InverseRow: area: 6732055855 ,dp = 3 mux = 0 sg = very_fast    worst_clk_period: -1.0000 
    wns: 0  norm_wns:  -1.0000 
    fail_endp: -1 
    tns:  0  tns_per_endp:  -1.0000   norm_tns_per_endp:  -1.0000 
    tns_sense_max:  -1.0000  tns_sense_avg:  -1.0000   tns_sense_num: -1
 is current best
CDN_DP_region_1_0_c7 in InverseRow: area: 6743271275 ,dp = 3 mux = 0 sg = very_fast    worst_clk_period: -1.0000 
    wns: 0  norm_wns:  -1.0000 
    fail_endp: -1 
    tns:  0  tns_per_endp:  -1.0000   norm_tns_per_endp:  -1.0000 
    tns_sense_max:  -1.0000  tns_sense_avg:  -1.0000   tns_sense_num: -1

Best config: CDN_DP_region_1_0_c6 in InverseRow: area: 6732055855 ,dp = 3 mux = 0 sg = very_fast    worst_clk_period: -1.0000 
    wns: 0  norm_wns:  -1.0000 
    fail_endp: -1 
    tns:  0  tns_per_endp:  -1.0000   norm_tns_per_endp:  -1.0000 
    tns_sense_max:  -1.0000  tns_sense_avg:  -1.0000   tns_sense_num: -1
  Smallest config area : 6732055855.  Fastest config wns;  0
##>+----------------------------------------------------------------------------------------------------------------------------------------------------------------+
##>Summary table of configs (Best config is CDN_DP_region_1_0_c6)
##>+----------------------------------------------------------------------------------------------------------------------------------------------------------------+
##>                     0                  1                  2                  3                  4                  5                  6                  7            
##>+----------------------------------------------------------------------------------------------------------------------------------------------------------------+
##>           Area       8711577485         6732055855         6732055855         6732055855         6732055855         6732055855         6732055855         6743271275  
##>            WNS         +1373.00           +1516.10           +1516.10           +1516.10           +1516.10           +1516.10           +1516.10           +1516.10  
##>            TNS                0                  0                  0                  0                  0                  0                  0                  0  
##>    Num Rewrite                0                  2                  2                  2                  2                  2                  2                  0  
##>     Num Factor                0                  0                  0                  0                  0                  0                  0                  0  
##>      Num Share                0                  0                  0                  0                  0                  0                  0                  0  
##>   Num CmultCse                0                  0                  0                  0                  0                  0                  0                  0  
##>   Num Downsize                0                  0                  0                  0                  0                  0                  0                  0  
##>  Num Speculate                0                  0                  0                  0                  0                  0                  0                  0  
##>     Runtime(s)                0                  0                  0                  0                  0                  0                  0                  1  
+----------------------------------------------------------------------------------------------------------------------------------------------------------------+
##>
##>
##>+------------------------------------------------------------------------------------------------------------------------------------------------------------+
##>Optimization Step DEBUG Table for config CDN_DP_region_1_0_c6
##>
##>                          Step                        Area   ( % Chg)        WNS (Change)        TNS (Change)          Runtime (s)        Comment                   
##>+------------------------------------------------------------------------------------------------------------------------------------------------------------+
##>createMaxCarrySave              START             8711577485 (      )    107375555.40 (        )             0 (        )              
##> datapath_rewrite_one_def       START             8711577485 ( +0.00)    107375555.40 (   +0.00)             0 (       0)              
##>  fast_cse_elim                 START             8711577485 ( +0.00)    107375555.40 (   +0.00)             0 (       0)              
##>                                  END             8711577485 ( +0.00)    107375555.40 (   +0.00)             0 (       0)           0  
##>  fast_cse_elim                 START             8711577485 ( +0.00)    107375555.40 (   +0.00)             0 (       0)              
##>                                  END             8711577485 ( +0.00)    107375555.40 (   +0.00)             0 (       0)           0  
##>                                  END             8711577485 ( +0.00)    107375555.40 (   +0.00)             0 (       0)           0  
##> dpopt_share_one_def            START             8711577485 ( +0.00)    107375555.40 (   +0.00)             0 (       0)              
##>                                  END             8711577485 ( +0.00)    107375555.40 (   +0.00)             0 (       0)           0  
##> csa_opto                       START             8711577485 ( +0.00)    214748364.70 (+107372809.30)             0 (       0)              
##>                                  END             6726448145 (-22.79)    214748364.70 (   +0.00)             0 (       0)           0  
##>                                  END             6726448145 (-22.79)    214748364.70 (+107372809.30)             0 (       0)           0  
##>canonicalize_by_names           START             6726448145 ( +0.00)    214748364.70 (   +0.00)             0 (       0)              
##>                                  END             6726448145 ( +0.00)    214748364.70 (   +0.00)             0 (       0)           0  
##>datapath_rewrite_post_csa_one_  START             6726448145 ( +0.00)    214748364.70 (   +0.00)             0 (       0)              
##> rewrite                        START             6726448145 ( +0.00)    214748364.70 (   +0.00)             0 (       0)              (a,ar) csa_add_and_inc_v2 --> csa_add_ci
##>                                  END             6729252000 ( +0.04)    214748364.70 (   +0.00)             0 (       0)           0  
##> rewrite                        START             6729252000 ( +0.00)    214748364.70 (   +0.00)             0 (       0)              (a,ar) csa_add_and_inc_v2 --> csa_add_ci
##>                                  END             6743271275 ( +0.21)    214748364.70 (   +0.00)             0 (       0)           0  
##>                                  END             6743271275 ( +0.25)    214748364.70 (   +0.00)             0 (       0)           0  
##>datapath_csa_factoring_one_gde  START             6743271275 ( +0.00)    214748364.70 (   +0.00)             0 (       0)              
##>                                  END             6743271275 ( +0.00)    214748364.70 (   +0.00)             0 (       0)           0  
##>dpopt_share_one_def             START             6743271275 ( +0.00)    214748364.70 (   +0.00)             0 (       0)              
##>                                  END             6743271275 ( +0.00)    214748364.70 (   +0.00)             0 (       0)           0  
##>datapath_rewrite_post_share     START             6743271275 ( +0.00)    214748364.70 (   +0.00)             0 (       0)              
##>                                  END             6743271275 ( +0.00)    214748364.70 (   +0.00)             0 (       0)           0  
##>dp_combine_const_mult_with_com  START             6743271275 ( +0.00)    214748364.70 (   +0.00)             0 (       0)              
##>                                  END             6743271275 ( +0.00)    214748364.70 (   +0.00)             0 (       0)           0  
##>dp_operator_level_decompositio  START             6743271275 ( +0.00)    214748364.70 (   +0.00)             0 (       0)              
##>                                  END             6743271275 ( +0.00)    214748364.70 (   +0.00)             0 (       0)           0  
##>selective_flatten_dp_config     START             6743271275 ( +0.00)    214748364.70 (   +0.00)             0 (       0)              
##>                                  END             6743271275 ( +0.00)    214748364.70 (   +0.00)             0 (       0)           0  
##>createMaxCarrySave              START             6743271275 ( +0.00)    214748364.70 (   +0.00)             0 (       0)              
##> datapath_rewrite_one_def       START             6743271275 ( +0.00)    214748364.70 (   +0.00)             0 (       0)              
##>  fast_cse_elim                 START             6743271275 ( +0.00)    214748364.70 (   +0.00)             0 (       0)              
##>                                  END             6743271275 ( +0.00)    214748364.70 (   +0.00)             0 (       0)           0  
##>  fast_cse_elim                 START             6743271275 ( +0.00)    214748364.70 (   +0.00)             0 (       0)              
##>                                  END             6743271275 ( +0.00)    214748364.70 (   +0.00)             0 (       0)           0  
##>                                  END             6743271275 ( +0.00)    214748364.70 (   +0.00)             0 (       0)           0  
##> dpopt_share_one_def            START             6743271275 ( +0.00)    214748364.70 (   +0.00)             0 (       0)              
##>                                  END             6743271275 ( +0.00)    214748364.70 (   +0.00)             0 (       0)           0  
##> csa_opto                       START             6743271275 ( +0.00)    214748364.70 (   +0.00)             0 (       0)              
##>                                  END             6743271275 ( +0.00)    214748364.70 (   +0.00)             0 (       0)           0  
##>                                  END             6743271275 ( +0.00)    214748364.70 (   +0.00)             0 (       0)           0  
##>datapath_rewrite_post_csa_one_  START             6743271275 ( +0.00)    214748364.70 (   +0.00)             0 (       0)              
##>                                  END             6743271275 ( +0.00)    214748364.70 (   +0.00)             0 (       0)           0  
##>datapath_csa_factoring_one_gde  START             6743271275 ( +0.00)    214748364.70 (   +0.00)             0 (       0)              
##>                                  END             6743271275 ( +0.00)    214748364.70 (   +0.00)             0 (       0)           0  
##>dpopt_share_one_def             START             6743271275 ( +0.00)    214748364.70 (   +0.00)             0 (       0)              
##>                                  END             6743271275 ( +0.00)    214748364.70 (   +0.00)             0 (       0)           0  
##>datapath_rewrite_post_share     START             6743271275 ( +0.00)    214748364.70 (   +0.00)             0 (       0)              
##>                                  END             6743271275 ( +0.00)    214748364.70 (   +0.00)             0 (       0)           0  
##>dp_combine_const_mult_with_com  START             6743271275 ( +0.00)    214748364.70 (   +0.00)             0 (       0)              
##>                                  END             6743271275 ( +0.00)    214748364.70 (   +0.00)             0 (       0)           0  
##>dp_operator_level_decompositio  START             6743271275 ( +0.00)    214748364.70 (   +0.00)             0 (       0)              
##>                                  END             6743271275 ( +0.00)    214748364.70 (   +0.00)             0 (       0)           0  
##>selective_flatten_dp_config     START             6743271275 ( +0.00)    214748364.70 (   +0.00)             0 (       0)              
##>                                  END             6743271275 ( +0.00)    214748364.70 (   +0.00)             0 (       0)           0  
##>createMaxCarrySave              START             6743271275 ( +0.00)    214748364.70 (   +0.00)             0 (       0)              
##> datapath_rewrite_one_def       START             6743271275 ( +0.00)    214748364.70 (   +0.00)             0 (       0)              
##>  fast_cse_elim                 START             6743271275 ( +0.00)    214748364.70 (   +0.00)             0 (       0)              
##>                                  END             6743271275 ( +0.00)    214748364.70 (   +0.00)             0 (       0)           0  
##>  fast_cse_elim                 START             6743271275 ( +0.00)    214748364.70 (   +0.00)             0 (       0)              
##>                                  END             6743271275 ( +0.00)    214748364.70 (   +0.00)             0 (       0)           0  
##>                                  END             6743271275 ( +0.00)    214748364.70 (   +0.00)             0 (       0)           0  
##> dpopt_share_one_def            START             6743271275 ( +0.00)    214748364.70 (   +0.00)             0 (       0)              
##>                                  END             6743271275 ( +0.00)    214748364.70 (   +0.00)             0 (       0)           0  
##> csa_opto                       START             6743271275 ( +0.00)    214748364.70 (   +0.00)             0 (       0)              
##>                                  END             6743271275 ( +0.00)    214748364.70 (   +0.00)             0 (       0)           0  
##>                                  END             6743271275 ( +0.00)    214748364.70 (   +0.00)             0 (       0)           0  
##>context_based_simplify          START             6732055855 ( -0.17)    214748364.70 (   +0.00)             0 (       0)              
##>                                  END             6732055855 ( +0.00)    214748364.70 (   +0.00)             0 (       0)           0  
##>group_csa_final_adder_dp        START             6732055855 ( +0.00)    214748364.70 (   +0.00)             0 (       0)              
##>                                  END             6827386925 ( +1.42)    214748364.70 (   +0.00)             0 (       0)           0  
##>dpopt_flatten_critical_muxes_i  START             6827386925 ( +0.00)    214748364.70 (   +0.00)             0 (       0)              
##>                                  END             6827386925 ( +0.00)    214748364.70 (   +0.00)             0 (       0)           0  
##>create_score                    START             6732055855 ( -1.40)     1516.10 (-214746848.60)             0 (       0)              
##>                                  END             6732055855 ( +0.00)     1516.10 (   +0.00)             0 (       0)           0  
##>+------------------------------------------------------------------------------------------------------------------------------------------------------------+
Committed config: CDN_DP_region_1_0_c6
Info    : Done implementing datapath configurations. [DPOPT-4]
        : Selected 'very_fast' configuration 6 for module 'CDN_DP_region_1_0'.
          Optimizations applied to 'very_fast' configuration:
            rewriting(2), factoring(0), sharing(0), cmultcse(0), downsizing(0), speculation(0)
Info    : Implementing datapath configurations. [DPOPT-3]
        : Implementing datapath configurations for 'CDN_DP_region_4_4'
CSAGen Prep Share:0 Re-Write:0 Speculation: 0
MaxCSA: Successfully built Maximal CSA Expression Expr31
CDN_DP_region_4_4 level = 0 loads = 0 drivers = 0
CDN_DP_region_4_4_c0 in MatrixC1: area: 13245411020 ,dp = 12 mux = 0 sg = slow         worst_clk_period: -1.0000 
    wns: 0  norm_wns:  -1.0000 
    fail_endp: -1 
    tns:  0  tns_per_endp:  -1.0000   norm_tns_per_endp:  -1.0000 
    tns_sense_max:  -1.0000  tns_sense_avg:  -1.0000   tns_sense_num: -1
 skipped
CDN_DP_region_4_4_c1 in MatrixC1: area: 10738764650 ,dp = 5 mux = 0 sg = fast         worst_clk_period: -1.0000 
    wns: 0  norm_wns:  -1.0000 
    fail_endp: -1 
    tns:  0  tns_per_endp:  -1.0000   norm_tns_per_endp:  -1.0000 
    tns_sense_max:  -1.0000  tns_sense_avg:  -1.0000   tns_sense_num: -1
 is current best
CDN_DP_region_4_4_c2 in MatrixC1: area: 10738764650 ,dp = 5 mux = 0 sg = very_slow    worst_clk_period: -1.0000 
    wns: 0  norm_wns:  -1.0000 
    fail_endp: -1 
    tns:  0  tns_per_endp:  -1.0000   norm_tns_per_endp:  -1.0000 
    tns_sense_max:  -1.0000  tns_sense_avg:  -1.0000   tns_sense_num: -1
 is current best
CDN_DP_region_4_4_c3 in MatrixC1: area: 10738764650 ,dp = 5 mux = 0 sg = very_fast    worst_clk_period: -1.0000 
    wns: 0  norm_wns:  -1.0000 
    fail_endp: -1 
    tns:  0  tns_per_endp:  -1.0000   norm_tns_per_endp:  -1.0000 
    tns_sense_max:  -1.0000  tns_sense_avg:  -1.0000   tns_sense_num: -1
 is current best
CDN_DP_region_4_4_c4 in MatrixC1: area: 10738764650 ,dp = 5 mux = 0 sg = very_fast    worst_clk_period: -1.0000 
    wns: 0  norm_wns:  -1.0000 
    fail_endp: -1 
    tns:  0  tns_per_endp:  -1.0000   norm_tns_per_endp:  -1.0000 
    tns_sense_max:  -1.0000  tns_sense_avg:  -1.0000   tns_sense_num: -1
 is current best
CDN_DP_region_4_4_c5 in MatrixC1: area: 10738764650 ,dp = 5 mux = 0 sg = very_fast    worst_clk_period: -1.0000 
    wns: 0  norm_wns:  -1.0000 
    fail_endp: -1 
    tns:  0  tns_per_endp:  -1.0000   norm_tns_per_endp:  -1.0000 
    tns_sense_max:  -1.0000  tns_sense_avg:  -1.0000   tns_sense_num: -1
 is current best
CDN_DP_region_4_4_c6 in MatrixC1: area: 10738764650 ,dp = 5 mux = 0 sg = very_fast    worst_clk_period: -1.0000 
    wns: 0  norm_wns:  -1.0000 
    fail_endp: -1 
    tns:  0  tns_per_endp:  -1.0000   norm_tns_per_endp:  -1.0000 
    tns_sense_max:  -1.0000  tns_sense_avg:  -1.0000   tns_sense_num: -1
 is current best
CDN_DP_region_4_4_c7 in MatrixC1: area: 10528475525 ,dp = 5 mux = 0 sg = very_fast    worst_clk_period: -1.0000 
    wns: 0  norm_wns:  -1.0000 
    fail_endp: -1 
    tns:  0  tns_per_endp:  -1.0000   norm_tns_per_endp:  -1.0000 
    tns_sense_max:  -1.0000  tns_sense_avg:  -1.0000   tns_sense_num: -1
 is current best
Best config: CDN_DP_region_4_4_c7 in MatrixC1: area: 10528475525 ,dp = 5 mux = 0 sg = very_fast    worst_clk_period: -1.0000 
    wns: 0  norm_wns:  -1.0000 
    fail_endp: -1 
    tns:  0  tns_per_endp:  -1.0000   norm_tns_per_endp:  -1.0000 
    tns_sense_max:  -1.0000  tns_sense_avg:  -1.0000   tns_sense_num: -1
  Smallest config area : 10528475525.  Fastest config wns;  0
##>+----------------------------------------------------------------------------------------------------------------------------------------------------------------+
##>Summary table of configs (Best config is CDN_DP_region_4_4_c7)
##>+----------------------------------------------------------------------------------------------------------------------------------------------------------------+
##>                     0                  1                  2                  3                  4                  5                  6                  7            
##>+----------------------------------------------------------------------------------------------------------------------------------------------------------------+
##>           Area      13245411020        10738764650        10738764650        10738764650        10738764650        10738764650        10738764650        10528475525  
##>            WNS         +1376.10           +1399.60           +1399.60           +1399.60           +1399.60           +1399.60           +1399.60           +1399.60  
##>            TNS                0                  0                  0                  0                  0                  0                  0                  0  
##>    Num Rewrite                0                  4                  4                  4                  4                  4                  4                  0  
##>     Num Factor                0                  0                  0                  0                  0                  0                  0                  0  
##>      Num Share                0                  0                  0                  0                  0                  0                  0                  0  
##>   Num CmultCse                0                  0                  0                  0                  0                  0                  0                  0  
##>   Num Downsize                0                  0                  0                  0                  0                  0                  0                  0  
##>  Num Speculate                0                  0                  0                  0                  0                  0                  0                  0  
##>     Runtime(s)                0                  1                  0                  0                  0                  0                  0                  2  
+----------------------------------------------------------------------------------------------------------------------------------------------------------------+
##>
##>
##>+------------------------------------------------------------------------------------------------------------------------------------------------------------+
##>Optimization Step DEBUG Table for config CDN_DP_region_4_4_c7
##>
##>                          Step                        Area   ( % Chg)        WNS (Change)        TNS (Change)          Runtime (s)        Comment                   
##>+------------------------------------------------------------------------------------------------------------------------------------------------------------+
##>EquationExtraction              START            13245411020 (      )     1376.10 (        )             0 (        )              
##> rewrite                        START            25072071410 (+89.29)     1270.50 ( -105.60)             0 (       0)              (a,ar) Expr31_from --> Expr31_to
##>                                  END            38651141175 (+54.16)     1200.10 (  -70.40)             0 (       0)           0  
##>                                  END            25405730155 (+91.81)     1205.10 ( -171.00)             0 (       0)           0  
##>createMaxCarrySave              START            20967227690 (-17.47)     1288.90 (  +83.80)             0 (       0)              
##> datapath_rewrite_one_def       START            20967227690 ( +0.00)     1288.90 (   +0.00)             0 (       0)              
##>                                  END            20967227690 ( +0.00)     1288.90 (   +0.00)             0 (       0)           0  
##> csa_opto                       START            20967227690 ( +0.00)     1288.90 (   +0.00)             0 (       0)              
##>                                  END            10573337205 (-49.57)     1402.40 ( +113.50)             0 (       0)           0  
##>                                  END            10573337205 (-49.57)     1402.40 ( +113.50)             0 (       0)           0  
##>canonicalize_by_names           START            10573337205 ( +0.00)     1402.40 (   +0.00)             0 (       0)              
##>                                  END            10573337205 ( +0.00)     1402.40 (   +0.00)             0 (       0)           0  
##>datapath_rewrite_post_csa_one_  START            10573337205 ( +0.00)     1402.40 (   +0.00)             0 (       0)              
##>                                  END            10573337205 ( +0.00)     1402.40 (   +0.00)             0 (       0)           0  
##>datapath_csa_factoring_one_gde  START            10573337205 ( +0.00)     1402.40 (   +0.00)             0 (       0)              
##>                                  END            10573337205 ( +0.00)     1402.40 (   +0.00)             0 (       0)           0  
##>dpopt_share_one_def             START            10573337205 ( +0.00)     1402.40 (   +0.00)             0 (       0)              
##>                                  END            10573337205 ( +0.00)     1402.40 (   +0.00)             0 (       0)           0  
##>datapath_rewrite_post_share     START            10573337205 ( +0.00)     1402.40 (   +0.00)             0 (       0)              
##>                                  END            10573337205 ( +0.00)     1402.40 (   +0.00)             0 (       0)           0  
##>dp_combine_const_mult_with_com  START            10573337205 ( +0.00)     1402.40 (   +0.00)             0 (       0)              
##>                                  END            10573337205 ( +0.00)     1402.40 (   +0.00)             0 (       0)           0  
##>dp_operator_level_decompositio  START            10573337205 ( +0.00)     1402.40 (   +0.00)             0 (       0)              
##>                                  END            10573337205 ( +0.00)     1402.40 (   +0.00)             0 (       0)           0  
##>selective_flatten_dp_config     START            10573337205 ( +0.00)     1402.40 (   +0.00)             0 (       0)              
##>                                  END            10573337205 ( +0.00)     1402.40 (   +0.00)             0 (       0)           0  
##>createMaxCarrySave              START            10573337205 ( +0.00)     1402.40 (   +0.00)             0 (       0)              
##> datapath_rewrite_one_def       START            10573337205 ( +0.00)     1402.40 (   +0.00)             0 (       0)              
##>  fast_cse_elim                 START            10573337205 ( +0.00)     1402.40 (   +0.00)             0 (       0)              
##>                                  END            10573337205 ( +0.00)     1402.40 (   +0.00)             0 (       0)           0  
##>  fast_cse_elim                 START            10573337205 ( +0.00)     1402.40 (   +0.00)             0 (       0)              
##>                                  END            10573337205 ( +0.00)     1402.40 (   +0.00)             0 (       0)           0  
##>                                  END            10573337205 ( +0.00)     1402.40 (   +0.00)             0 (       0)           0  
##> csa_opto                       START            10573337205 ( +0.00)     1402.40 (   +0.00)             0 (       0)              
##>                                  END            10573337205 ( +0.00)     1402.40 (   +0.00)             0 (       0)           0  
##>                                  END            10573337205 ( +0.00)     1402.40 (   +0.00)             0 (       0)           0  
##>context_based_simplify          START            10528475525 ( -0.42)     1402.40 (   +0.00)             0 (       0)              
##>                                  END            10528475525 ( +0.00)     1402.40 (   +0.00)             0 (       0)           0  
##>group_csa_final_adder_dp        START            10528475525 ( +0.00)     1402.40 (   +0.00)             0 (       0)              
##>                                  END            10674275985 ( +1.38)     1399.60 (   -2.80)             0 (       0)           0  
##>dpopt_flatten_critical_muxes_i  START            10674275985 ( +0.00)     1399.60 (   +0.00)             0 (       0)              
##>                                  END            10674275985 ( +0.00)     1399.60 (   +0.00)             0 (       0)           0  
##>create_score                    START            10528475525 ( -1.37)     1399.60 (   +0.00)             0 (       0)              
##>                                  END            10528475525 ( +0.00)     1399.60 (   +0.00)             0 (       0)           0  
##>+------------------------------------------------------------------------------------------------------------------------------------------------------------+
Committed config: CDN_DP_region_4_4_c7
Info    : Done implementing datapath configurations. [DPOPT-4]
        : Selected 'very_fast' configuration 7 for module 'CDN_DP_region_4_4'.
          Optimizations applied to 'very_fast' configuration:
            rewriting(0), factoring(0), sharing(0), cmultcse(0), downsizing(0), speculation(0)
Info    : Implementing datapath configurations. [DPOPT-3]
        : Implementing datapath configurations for 'CDN_DP_region_4_3'
CSAGen Prep Share:0 Re-Write:0 Speculation: 0
CDN_DP_region_4_3 level = 0 loads = 0 drivers = 0
MaxCSA: Successfully built Maximal CSA Expression Expr32
CDN_DP_region_4_3_c0 in MatrixC1: area: 13245411020 ,dp = 12 mux = 0 sg = slow         worst_clk_period: -1.0000 
    wns: 0  norm_wns:  -1.0000 
    fail_endp: -1 
    tns:  0  tns_per_endp:  -1.0000   norm_tns_per_endp:  -1.0000 
    tns_sense_max:  -1.0000  tns_sense_avg:  -1.0000   tns_sense_num: -1
 skipped
CDN_DP_region_4_3_c1 in MatrixC1: area: 10738764650 ,dp = 5 mux = 0 sg = fast         worst_clk_period: -1.0000 
    wns: 0  norm_wns:  -1.0000 
    fail_endp: -1 
    tns:  0  tns_per_endp:  -1.0000   norm_tns_per_endp:  -1.0000 
    tns_sense_max:  -1.0000  tns_sense_avg:  -1.0000   tns_sense_num: -1
 is current best
CDN_DP_region_4_3_c2 in MatrixC1: area: 10738764650 ,dp = 5 mux = 0 sg = very_slow    worst_clk_period: -1.0000 
    wns: 0  norm_wns:  -1.0000 
    fail_endp: -1 
    tns:  0  tns_per_endp:  -1.0000   norm_tns_per_endp:  -1.0000 
    tns_sense_max:  -1.0000  tns_sense_avg:  -1.0000   tns_sense_num: -1
 is current best
CDN_DP_region_4_3_c3 in MatrixC1: area: 10738764650 ,dp = 5 mux = 0 sg = very_fast    worst_clk_period: -1.0000 
    wns: 0  norm_wns:  -1.0000 
    fail_endp: -1 
    tns:  0  tns_per_endp:  -1.0000   norm_tns_per_endp:  -1.0000 
    tns_sense_max:  -1.0000  tns_sense_avg:  -1.0000   tns_sense_num: -1
 is current best
CDN_DP_region_4_3_c4 in MatrixC1: area: 10738764650 ,dp = 5 mux = 0 sg = very_fast    worst_clk_period: -1.0000 
    wns: 0  norm_wns:  -1.0000 
    fail_endp: -1 
    tns:  0  tns_per_endp:  -1.0000   norm_tns_per_endp:  -1.0000 
    tns_sense_max:  -1.0000  tns_sense_avg:  -1.0000   tns_sense_num: -1
 is current best
CDN_DP_region_4_3_c5 in MatrixC1: area: 10738764650 ,dp = 5 mux = 0 sg = very_fast    worst_clk_period: -1.0000 
    wns: 0  norm_wns:  -1.0000 
    fail_endp: -1 
    tns:  0  tns_per_endp:  -1.0000   norm_tns_per_endp:  -1.0000 
    tns_sense_max:  -1.0000  tns_sense_avg:  -1.0000   tns_sense_num: -1
 is current best
CDN_DP_region_4_3_c6 in MatrixC1: area: 10738764650 ,dp = 5 mux = 0 sg = very_fast    worst_clk_period: -1.0000 
    wns: 0  norm_wns:  -1.0000 
    fail_endp: -1 
    tns:  0  tns_per_endp:  -1.0000   norm_tns_per_endp:  -1.0000 
    tns_sense_max:  -1.0000  tns_sense_avg:  -1.0000   tns_sense_num: -1
 is current best
CDN_DP_region_4_3_c7 in MatrixC1: area: 10528475525 ,dp = 5 mux = 0 sg = very_fast    worst_clk_period: -1.0000 
    wns: 0  norm_wns:  -1.0000 
    fail_endp: -1 
    tns:  0  tns_per_endp:  -1.0000   norm_tns_per_endp:  -1.0000 
    tns_sense_max:  -1.0000  tns_sense_avg:  -1.0000   tns_sense_num: -1
 is current best
Best config: CDN_DP_region_4_3_c7 in MatrixC1: area: 10528475525 ,dp = 5 mux = 0 sg = very_fast    worst_clk_period: -1.0000 
    wns: 0  norm_wns:  -1.0000 
    fail_endp: -1 
    tns:  0  tns_per_endp:  -1.0000   norm_tns_per_endp:  -1.0000 
    tns_sense_max:  -1.0000  tns_sense_avg:  -1.0000   tns_sense_num: -1
  Smallest config area : 10528475525.  Fastest config wns;  0
##>+----------------------------------------------------------------------------------------------------------------------------------------------------------------+
##>Summary table of configs (Best config is CDN_DP_region_4_3_c7)
##>+----------------------------------------------------------------------------------------------------------------------------------------------------------------+
##>                     0                  1                  2                  3                  4                  5                  6                  7            
##>+----------------------------------------------------------------------------------------------------------------------------------------------------------------+
##>           Area      13245411020        10738764650        10738764650        10738764650        10738764650        10738764650        10738764650        10528475525  
##>            WNS         +1376.10           +1399.60           +1399.60           +1399.60           +1399.60           +1399.60           +1399.60           +1399.60  
##>            TNS                0                  0                  0                  0                  0                  0                  0                  0  
##>    Num Rewrite                0                  4                  4                  4                  4                  4                  4                  0  
##>     Num Factor                0                  0                  0                  0                  0                  0                  0                  0  
##>      Num Share                0                  0                  0                  0                  0                  0                  0                  0  
##>   Num CmultCse                0                  0                  0                  0                  0                  0                  0                  0  
##>   Num Downsize                0                  0                  0                  0                  0                  0                  0                  0  
##>  Num Speculate                0                  0                  0                  0                  0                  0                  0                  0  
##>     Runtime(s)                0                  0                  0                  0                  0                  0                  0                  1  
+----------------------------------------------------------------------------------------------------------------------------------------------------------------+
##>
##>
##>+------------------------------------------------------------------------------------------------------------------------------------------------------------+
##>Optimization Step DEBUG Table for config CDN_DP_region_4_3_c7
##>
##>                          Step                        Area   ( % Chg)        WNS (Change)        TNS (Change)          Runtime (s)        Comment                   
##>+------------------------------------------------------------------------------------------------------------------------------------------------------------+
##>EquationExtraction              START            13245411020 (      )     1376.10 (        )             0 (        )              
##> rewrite                        START            25094502250 (+89.46)     1271.90 ( -104.20)             0 (       0)              (a,ar) Expr32_from --> Expr32_to
##>                                  END            38651141175 (+54.02)     1200.10 (  -71.80)             0 (       0)           0  
##>                                  END            25405730155 (+91.81)     1205.10 ( -171.00)             0 (       0)           0  
##>createMaxCarrySave              START            20967227690 (-17.47)     1288.90 (  +83.80)             0 (       0)              
##> datapath_rewrite_one_def       START            20967227690 ( +0.00)     1288.90 (   +0.00)             0 (       0)              
##>                                  END            20967227690 ( +0.00)     1288.90 (   +0.00)             0 (       0)           0  
##> csa_opto                       START            20967227690 ( +0.00)     1288.90 (   +0.00)             0 (       0)              
##>                                  END            10573337205 (-49.57)     1402.40 ( +113.50)             0 (       0)           0  
##>                                  END            10573337205 (-49.57)     1402.40 ( +113.50)             0 (       0)           0  
##>canonicalize_by_names           START            10573337205 ( +0.00)     1402.40 (   +0.00)             0 (       0)              
##>                                  END            10573337205 ( +0.00)     1402.40 (   +0.00)             0 (       0)           0  
##>datapath_rewrite_post_csa_one_  START            10573337205 ( +0.00)     1402.40 (   +0.00)             0 (       0)              
##>                                  END            10573337205 ( +0.00)     1402.40 (   +0.00)             0 (       0)           0  
##>datapath_csa_factoring_one_gde  START            10573337205 ( +0.00)     1402.40 (   +0.00)             0 (       0)              
##>                                  END            10573337205 ( +0.00)     1402.40 (   +0.00)             0 (       0)           0  
##>dpopt_share_one_def             START            10573337205 ( +0.00)     1402.40 (   +0.00)             0 (       0)              
##>                                  END            10573337205 ( +0.00)     1402.40 (   +0.00)             0 (       0)           0  
##>datapath_rewrite_post_share     START            10573337205 ( +0.00)     1402.40 (   +0.00)             0 (       0)              
##>                                  END            10573337205 ( +0.00)     1402.40 (   +0.00)             0 (       0)           0  
##>dp_combine_const_mult_with_com  START            10573337205 ( +0.00)     1402.40 (   +0.00)             0 (       0)              
##>                                  END            10573337205 ( +0.00)     1402.40 (   +0.00)             0 (       0)           0  
##>dp_operator_level_decompositio  START            10573337205 ( +0.00)     1402.40 (   +0.00)             0 (       0)              
##>                                  END            10573337205 ( +0.00)     1402.40 (   +0.00)             0 (       0)           0  
##>selective_flatten_dp_config     START            10573337205 ( +0.00)     1402.40 (   +0.00)             0 (       0)              
##>                                  END            10573337205 ( +0.00)     1402.40 (   +0.00)             0 (       0)           0  
##>createMaxCarrySave              START            10573337205 ( +0.00)     1402.40 (   +0.00)             0 (       0)              
##> datapath_rewrite_one_def       START            10573337205 ( +0.00)     1402.40 (   +0.00)             0 (       0)              
##>  fast_cse_elim                 START            10573337205 ( +0.00)     1402.40 (   +0.00)             0 (       0)              
##>                                  END            10573337205 ( +0.00)     1402.40 (   +0.00)             0 (       0)           0  
##>  fast_cse_elim                 START            10573337205 ( +0.00)     1402.40 (   +0.00)             0 (       0)              
##>                                  END            10573337205 ( +0.00)     1402.40 (   +0.00)             0 (       0)           0  
##>                                  END            10573337205 ( +0.00)     1402.40 (   +0.00)             0 (       0)           0  
##> csa_opto                       START            10573337205 ( +0.00)     1402.40 (   +0.00)             0 (       0)              
##>                                  END            10573337205 ( +0.00)     1402.40 (   +0.00)             0 (       0)           0  
##>                                  END            10573337205 ( +0.00)     1402.40 (   +0.00)             0 (       0)           0  
##>context_based_simplify          START            10528475525 ( -0.42)     1402.40 (   +0.00)             0 (       0)              
##>                                  END            10528475525 ( +0.00)     1402.40 (   +0.00)             0 (       0)           0  
##>group_csa_final_adder_dp        START            10528475525 ( +0.00)     1402.40 (   +0.00)             0 (       0)              
##>                                  END            10674275985 ( +1.38)     1399.60 (   -2.80)             0 (       0)           0  
##>dpopt_flatten_critical_muxes_i  START            10674275985 ( +0.00)     1399.60 (   +0.00)             0 (       0)              
##>                                  END            10674275985 ( +0.00)     1399.60 (   +0.00)             0 (       0)           0  
##>create_score                    START            10528475525 ( -1.37)     1399.60 (   +0.00)             0 (       0)              
##>                                  END            10528475525 ( +0.00)     1399.60 (   +0.00)             0 (       0)           0  
##>+------------------------------------------------------------------------------------------------------------------------------------------------------------+
Committed config: CDN_DP_region_4_3_c7
Info    : Done implementing datapath configurations. [DPOPT-4]
        : Selected 'very_fast' configuration 7 for module 'CDN_DP_region_4_3'.
          Optimizations applied to 'very_fast' configuration:
            rewriting(0), factoring(0), sharing(0), cmultcse(0), downsizing(0), speculation(0)
Info    : Implementing datapath configurations. [DPOPT-3]
        : Implementing datapath configurations for 'CDN_DP_region_4_2'
CSAGen Prep Share:0 Re-Write:0 Speculation: 0
CDN_DP_region_4_2 level = 0 loads = 0 drivers = 0
MaxCSA: Successfully built Maximal CSA Expression Expr33
CDN_DP_region_4_2_c0 in MatrixC1: area: 13245411020 ,dp = 12 mux = 0 sg = slow         worst_clk_period: -1.0000 
    wns: 0  norm_wns:  -1.0000 
    fail_endp: -1 
    tns:  0  tns_per_endp:  -1.0000   norm_tns_per_endp:  -1.0000 
    tns_sense_max:  -1.0000  tns_sense_avg:  -1.0000   tns_sense_num: -1
 skipped
CDN_DP_region_4_2_c1 in MatrixC1: area: 10738764650 ,dp = 5 mux = 0 sg = fast         worst_clk_period: -1.0000 
    wns: 0  norm_wns:  -1.0000 
    fail_endp: -1 
    tns:  0  tns_per_endp:  -1.0000   norm_tns_per_endp:  -1.0000 
    tns_sense_max:  -1.0000  tns_sense_avg:  -1.0000   tns_sense_num: -1
 is current best
CDN_DP_region_4_2_c2 in MatrixC1: area: 10738764650 ,dp = 5 mux = 0 sg = very_slow    worst_clk_period: -1.0000 
    wns: 0  norm_wns:  -1.0000 
    fail_endp: -1 
    tns:  0  tns_per_endp:  -1.0000   norm_tns_per_endp:  -1.0000 
    tns_sense_max:  -1.0000  tns_sense_avg:  -1.0000   tns_sense_num: -1
 is current best
CDN_DP_region_4_2_c3 in MatrixC1: area: 10738764650 ,dp = 5 mux = 0 sg = very_fast    worst_clk_period: -1.0000 
    wns: 0  norm_wns:  -1.0000 
    fail_endp: -1 
    tns:  0  tns_per_endp:  -1.0000   norm_tns_per_endp:  -1.0000 
    tns_sense_max:  -1.0000  tns_sense_avg:  -1.0000   tns_sense_num: -1
 is current best
CDN_DP_region_4_2_c4 in MatrixC1: area: 10738764650 ,dp = 5 mux = 0 sg = very_fast    worst_clk_period: -1.0000 
    wns: 0  norm_wns:  -1.0000 
    fail_endp: -1 
    tns:  0  tns_per_endp:  -1.0000   norm_tns_per_endp:  -1.0000 
    tns_sense_max:  -1.0000  tns_sense_avg:  -1.0000   tns_sense_num: -1
 is current best
CDN_DP_region_4_2_c5 in MatrixC1: area: 10738764650 ,dp = 5 mux = 0 sg = very_fast    worst_clk_period: -1.0000 
    wns: 0  norm_wns:  -1.0000 
    fail_endp: -1 
    tns:  0  tns_per_endp:  -1.0000   norm_tns_per_endp:  -1.0000 
    tns_sense_max:  -1.0000  tns_sense_avg:  -1.0000   tns_sense_num: -1
 is current best
CDN_DP_region_4_2_c6 in MatrixC1: area: 10738764650 ,dp = 5 mux = 0 sg = very_fast    worst_clk_period: -1.0000 
    wns: 0  norm_wns:  -1.0000 
    fail_endp: -1 
    tns:  0  tns_per_endp:  -1.0000   norm_tns_per_endp:  -1.0000 
    tns_sense_max:  -1.0000  tns_sense_avg:  -1.0000   tns_sense_num: -1
 is current best
CDN_DP_region_4_2_c7 in MatrixC1: area: 10528475525 ,dp = 5 mux = 0 sg = very_fast    worst_clk_period: -1.0000 
    wns: 0  norm_wns:  -1.0000 
    fail_endp: -1 
    tns:  0  tns_per_endp:  -1.0000   norm_tns_per_endp:  -1.0000 
    tns_sense_max:  -1.0000  tns_sense_avg:  -1.0000   tns_sense_num: -1
 is current best
Best config: CDN_DP_region_4_2_c7 in MatrixC1: area: 10528475525 ,dp = 5 mux = 0 sg = very_fast    worst_clk_period: -1.0000 
    wns: 0  norm_wns:  -1.0000 
    fail_endp: -1 
    tns:  0  tns_per_endp:  -1.0000   norm_tns_per_endp:  -1.0000 
    tns_sense_max:  -1.0000  tns_sense_avg:  -1.0000   tns_sense_num: -1
  Smallest config area : 10528475525.  Fastest config wns;  0
##>+----------------------------------------------------------------------------------------------------------------------------------------------------------------+
##>Summary table of configs (Best config is CDN_DP_region_4_2_c7)
##>+----------------------------------------------------------------------------------------------------------------------------------------------------------------+
##>                     0                  1                  2                  3                  4                  5                  6                  7            
##>+----------------------------------------------------------------------------------------------------------------------------------------------------------------+
##>           Area      13245411020        10738764650        10738764650        10738764650        10738764650        10738764650        10738764650        10528475525  
##>            WNS         +1377.10           +1400.60           +1400.60           +1400.60           +1400.60           +1400.60           +1400.60           +1400.60  
##>            TNS                0                  0                  0                  0                  0                  0                  0                  0  
##>    Num Rewrite                0                  4                  4                  4                  4                  4                  4                  0  
##>     Num Factor                0                  0                  0                  0                  0                  0                  0                  0  
##>      Num Share                0                  0                  0                  0                  0                  0                  0                  0  
##>   Num CmultCse                0                  0                  0                  0                  0                  0                  0                  0  
##>   Num Downsize                0                  0                  0                  0                  0                  0                  0                  0  
##>  Num Speculate                0                  0                  0                  0                  0                  0                  0                  0  
##>     Runtime(s)                0                  0                  0                  0                  0                  0                  1                  1  
+----------------------------------------------------------------------------------------------------------------------------------------------------------------+
##>
##>
##>+------------------------------------------------------------------------------------------------------------------------------------------------------------+
##>Optimization Step DEBUG Table for config CDN_DP_region_4_2_c7
##>
##>                          Step                        Area   ( % Chg)        WNS (Change)        TNS (Change)          Runtime (s)        Comment                   
##>+------------------------------------------------------------------------------------------------------------------------------------------------------------+
##>EquationExtraction              START            13245411020 (      )     1377.10 (        )             0 (        )              
##> rewrite                        START            25139363930 (+89.80)     1297.30 (  -79.80)             0 (       0)              (a,ar) Expr33_from --> Expr33_to
##>                                  END            38651141175 (+53.75)     1201.10 (  -96.20)             0 (       0)           0  
##>                                  END            25405730155 (+91.81)     1206.10 ( -171.00)             0 (       0)           0  
##>createMaxCarrySave              START            20967227690 (-17.47)     1289.90 (  +83.80)             0 (       0)              
##> datapath_rewrite_one_def       START            20967227690 ( +0.00)     1289.90 (   +0.00)             0 (       0)              
##>                                  END            20967227690 ( +0.00)     1289.90 (   +0.00)             0 (       0)           0  
##> csa_opto                       START            20967227690 ( +0.00)     1289.90 (   +0.00)             0 (       0)              
##>                                  END            10573337205 (-49.57)     1403.40 ( +113.50)             0 (       0)           0  
##>                                  END            10573337205 (-49.57)     1403.40 ( +113.50)             0 (       0)           0  
##>canonicalize_by_names           START            10573337205 ( +0.00)     1403.40 (   +0.00)             0 (       0)              
##>                                  END            10573337205 ( +0.00)     1403.40 (   +0.00)             0 (       0)           0  
##>datapath_rewrite_post_csa_one_  START            10573337205 ( +0.00)     1403.40 (   +0.00)             0 (       0)              
##>                                  END            10573337205 ( +0.00)     1403.40 (   +0.00)             0 (       0)           0  
##>datapath_csa_factoring_one_gde  START            10573337205 ( +0.00)     1403.40 (   +0.00)             0 (       0)              
##>                                  END            10573337205 ( +0.00)     1403.40 (   +0.00)             0 (       0)           0  
##>dpopt_share_one_def             START            10573337205 ( +0.00)     1403.40 (   +0.00)             0 (       0)              
##>                                  END            10573337205 ( +0.00)     1403.40 (   +0.00)             0 (       0)           0  
##>datapath_rewrite_post_share     START            10573337205 ( +0.00)     1403.40 (   +0.00)             0 (       0)              
##>                                  END            10573337205 ( +0.00)     1403.40 (   +0.00)             0 (       0)           0  
##>dp_combine_const_mult_with_com  START            10573337205 ( +0.00)     1403.40 (   +0.00)             0 (       0)              
##>                                  END            10573337205 ( +0.00)     1403.40 (   +0.00)             0 (       0)           0  
##>dp_operator_level_decompositio  START            10573337205 ( +0.00)     1403.40 (   +0.00)             0 (       0)              
##>                                  END            10573337205 ( +0.00)     1403.40 (   +0.00)             0 (       0)           0  
##>selective_flatten_dp_config     START            10573337205 ( +0.00)     1403.40 (   +0.00)             0 (       0)              
##>                                  END            10573337205 ( +0.00)     1403.40 (   +0.00)             0 (       0)           0  
##>createMaxCarrySave              START            10573337205 ( +0.00)     1403.40 (   +0.00)             0 (       0)              
##> datapath_rewrite_one_def       START            10573337205 ( +0.00)     1403.40 (   +0.00)             0 (       0)              
##>  fast_cse_elim                 START            10573337205 ( +0.00)     1403.40 (   +0.00)             0 (       0)              
##>                                  END            10573337205 ( +0.00)     1403.40 (   +0.00)             0 (       0)           0  
##>  fast_cse_elim                 START            10573337205 ( +0.00)     1403.40 (   +0.00)             0 (       0)              
##>                                  END            10573337205 ( +0.00)     1403.40 (   +0.00)             0 (       0)           0  
##>                                  END            10573337205 ( +0.00)     1403.40 (   +0.00)             0 (       0)           0  
##> csa_opto                       START            10573337205 ( +0.00)     1403.40 (   +0.00)             0 (       0)              
##>                                  END            10573337205 ( +0.00)     1403.40 (   +0.00)             0 (       0)           0  
##>                                  END            10573337205 ( +0.00)     1403.40 (   +0.00)             0 (       0)           0  
##>context_based_simplify          START            10528475525 ( -0.42)     1403.40 (   +0.00)             0 (       0)              
##>                                  END            10528475525 ( +0.00)     1403.40 (   +0.00)             0 (       0)           0  
##>group_csa_final_adder_dp        START            10528475525 ( +0.00)     1403.40 (   +0.00)             0 (       0)              
##>                                  END            10674275985 ( +1.38)     1400.60 (   -2.80)             0 (       0)           0  
##>dpopt_flatten_critical_muxes_i  START            10674275985 ( +0.00)     1400.60 (   +0.00)             0 (       0)              
##>                                  END            10674275985 ( +0.00)     1400.60 (   +0.00)             0 (       0)           0  
##>create_score                    START            10528475525 ( -1.37)     1400.60 (   +0.00)             0 (       0)              
##>                                  END            10528475525 ( +0.00)     1400.60 (   +0.00)             0 (       0)           0  
##>+------------------------------------------------------------------------------------------------------------------------------------------------------------+
Committed config: CDN_DP_region_4_2_c7
Info    : Done implementing datapath configurations. [DPOPT-4]
        : Selected 'very_fast' configuration 7 for module 'CDN_DP_region_4_2'.
          Optimizations applied to 'very_fast' configuration:
            rewriting(0), factoring(0), sharing(0), cmultcse(0), downsizing(0), speculation(0)
Info    : Implementing datapath configurations. [DPOPT-3]
        : Implementing datapath configurations for 'CDN_DP_region_4_1'
CSAGen Prep Share:0 Re-Write:0 Speculation: 0
CDN_DP_region_4_1 level = 0 loads = 0 drivers = 0
MaxCSA: Successfully built Maximal CSA Expression Expr34
CDN_DP_region_4_1_c0 in MatrixC1: area: 13245411020 ,dp = 12 mux = 0 sg = slow         worst_clk_period: -1.0000 
    wns: 0  norm_wns:  -1.0000 
    fail_endp: -1 
    tns:  0  tns_per_endp:  -1.0000   norm_tns_per_endp:  -1.0000 
    tns_sense_max:  -1.0000  tns_sense_avg:  -1.0000   tns_sense_num: -1
 skipped
CDN_DP_region_4_1_c1 in MatrixC1: area: 10738764650 ,dp = 5 mux = 0 sg = fast         worst_clk_period: -1.0000 
    wns: 0  norm_wns:  -1.0000 
    fail_endp: -1 
    tns:  0  tns_per_endp:  -1.0000   norm_tns_per_endp:  -1.0000 
    tns_sense_max:  -1.0000  tns_sense_avg:  -1.0000   tns_sense_num: -1
 is current best
CDN_DP_region_4_1_c2 in MatrixC1: area: 10738764650 ,dp = 5 mux = 0 sg = very_slow    worst_clk_period: -1.0000 
    wns: 0  norm_wns:  -1.0000 
    fail_endp: -1 
    tns:  0  tns_per_endp:  -1.0000   norm_tns_per_endp:  -1.0000 
    tns_sense_max:  -1.0000  tns_sense_avg:  -1.0000   tns_sense_num: -1
 is current best
CDN_DP_region_4_1_c3 in MatrixC1: area: 10738764650 ,dp = 5 mux = 0 sg = very_fast    worst_clk_period: -1.0000 
    wns: 0  norm_wns:  -1.0000 
    fail_endp: -1 
    tns:  0  tns_per_endp:  -1.0000   norm_tns_per_endp:  -1.0000 
    tns_sense_max:  -1.0000  tns_sense_avg:  -1.0000   tns_sense_num: -1
 is current best
CDN_DP_region_4_1_c4 in MatrixC1: area: 10738764650 ,dp = 5 mux = 0 sg = very_fast    worst_clk_period: -1.0000 
    wns: 0  norm_wns:  -1.0000 
    fail_endp: -1 
    tns:  0  tns_per_endp:  -1.0000   norm_tns_per_endp:  -1.0000 
    tns_sense_max:  -1.0000  tns_sense_avg:  -1.0000   tns_sense_num: -1
 is current best
CDN_DP_region_4_1_c5 in MatrixC1: area: 10738764650 ,dp = 5 mux = 0 sg = very_fast    worst_clk_period: -1.0000 
    wns: 0  norm_wns:  -1.0000 
    fail_endp: -1 
    tns:  0  tns_per_endp:  -1.0000   norm_tns_per_endp:  -1.0000 
    tns_sense_max:  -1.0000  tns_sense_avg:  -1.0000   tns_sense_num: -1
 is current best
CDN_DP_region_4_1_c6 in MatrixC1: area: 10738764650 ,dp = 5 mux = 0 sg = very_fast    worst_clk_period: -1.0000 
    wns: 0  norm_wns:  -1.0000 
    fail_endp: -1 
    tns:  0  tns_per_endp:  -1.0000   norm_tns_per_endp:  -1.0000 
    tns_sense_max:  -1.0000  tns_sense_avg:  -1.0000   tns_sense_num: -1
 is current best
CDN_DP_region_4_1_c7 in MatrixC1: area: 10528475525 ,dp = 5 mux = 0 sg = very_fast    worst_clk_period: -1.0000 
    wns: 0  norm_wns:  -1.0000 
    fail_endp: -1 
    tns:  0  tns_per_endp:  -1.0000   norm_tns_per_endp:  -1.0000 
    tns_sense_max:  -1.0000  tns_sense_avg:  -1.0000   tns_sense_num: -1
 is current best
Best config: CDN_DP_region_4_1_c7 in MatrixC1: area: 10528475525 ,dp = 5 mux = 0 sg = very_fast    worst_clk_period: -1.0000 
    wns: 0  norm_wns:  -1.0000 
    fail_endp: -1 
    tns:  0  tns_per_endp:  -1.0000   norm_tns_per_endp:  -1.0000 
    tns_sense_max:  -1.0000  tns_sense_avg:  -1.0000   tns_sense_num: -1
  Smallest config area : 10528475525.  Fastest config wns;  0
##>+----------------------------------------------------------------------------------------------------------------------------------------------------------------+
##>Summary table of configs (Best config is CDN_DP_region_4_1_c7)
##>+----------------------------------------------------------------------------------------------------------------------------------------------------------------+
##>                     0                  1                  2                  3                  4                  5                  6                  7            
##>+----------------------------------------------------------------------------------------------------------------------------------------------------------------+
##>           Area      13245411020        10738764650        10738764650        10738764650        10738764650        10738764650        10738764650        10528475525  
##>            WNS         +1456.80           +1485.50           +1485.50           +1485.50           +1485.50           +1485.50           +1485.50           +1485.50  
##>            TNS                0                  0                  0                  0                  0                  0                  0                  0  
##>    Num Rewrite                0                  4                  4                  4                  4                  4                  4                  0  
##>     Num Factor                0                  0                  0                  0                  0                  0                  0                  0  
##>      Num Share                0                  0                  0                  0                  0                  0                  0                  0  
##>   Num CmultCse                0                  0                  0                  0                  0                  0                  0                  0  
##>   Num Downsize                0                  0                  0                  0                  0                  0                  0                  0  
##>  Num Speculate                0                  0                  0                  0                  0                  0                  0                  0  
##>     Runtime(s)                0                  0                  0                  0                  0                  0                  0                  2  
+----------------------------------------------------------------------------------------------------------------------------------------------------------------+
##>
##>
##>+------------------------------------------------------------------------------------------------------------------------------------------------------------+
##>Optimization Step DEBUG Table for config CDN_DP_region_4_1_c7
##>
##>                          Step                        Area   ( % Chg)        WNS (Change)        TNS (Change)          Runtime (s)        Comment                   
##>+------------------------------------------------------------------------------------------------------------------------------------------------------------+
##>EquationExtraction              START            13245411020 (      )     1456.80 (        )             0 (        )              
##> rewrite                        START            25520688210 (+92.68)     1375.70 (  -81.10)             0 (       0)              (a,ar) Expr34_from --> Expr34_to
##>                                  END            38651141175 (+51.45)     1294.60 (  -81.10)             0 (       0)           0  
##>                                  END            25405730155 (+91.81)     1291.90 ( -164.90)             0 (       0)           1  
##>createMaxCarrySave              START            20967227690 (-17.47)     1358.40 (  +66.50)             0 (       0)              
##> datapath_rewrite_one_def       START            20967227690 ( +0.00)     1358.40 (   +0.00)             0 (       0)              
##>                                  END            20967227690 ( +0.00)     1358.40 (   +0.00)             0 (       0)           0  
##> csa_opto                       START            20967227690 ( +0.00)     1358.40 (   +0.00)             0 (       0)              
##>                                  END            10573337205 (-49.57)     1488.30 ( +129.90)             0 (       0)           0  
##>                                  END            10573337205 (-49.57)     1488.30 ( +129.90)             0 (       0)           0  
##>canonicalize_by_names           START            10573337205 ( +0.00)     1488.30 (   +0.00)             0 (       0)              
##>                                  END            10573337205 ( +0.00)     1488.30 (   +0.00)             0 (       0)           0  
##>datapath_rewrite_post_csa_one_  START            10573337205 ( +0.00)     1488.30 (   +0.00)             0 (       0)              
##>                                  END            10573337205 ( +0.00)     1488.30 (   +0.00)             0 (       0)           0  
##>datapath_csa_factoring_one_gde  START            10573337205 ( +0.00)     1488.30 (   +0.00)             0 (       0)              
##>                                  END            10573337205 ( +0.00)     1488.30 (   +0.00)             0 (       0)           0  
##>dpopt_share_one_def             START            10573337205 ( +0.00)     1488.30 (   +0.00)             0 (       0)              
##>                                  END            10573337205 ( +0.00)     1488.30 (   +0.00)             0 (       0)           0  
##>datapath_rewrite_post_share     START            10573337205 ( +0.00)     1488.30 (   +0.00)             0 (       0)              
##>                                  END            10573337205 ( +0.00)     1488.30 (   +0.00)             0 (       0)           0  
##>dp_combine_const_mult_with_com  START            10573337205 ( +0.00)     1488.30 (   +0.00)             0 (       0)              
##>                                  END            10573337205 ( +0.00)     1488.30 (   +0.00)             0 (       0)           0  
##>dp_operator_level_decompositio  START            10573337205 ( +0.00)     1488.30 (   +0.00)             0 (       0)              
##>                                  END            10573337205 ( +0.00)     1488.30 (   +0.00)             0 (       0)           0  
##>selective_flatten_dp_config     START            10573337205 ( +0.00)     1488.30 (   +0.00)             0 (       0)              
##>                                  END            10573337205 ( +0.00)     1488.30 (   +0.00)             0 (       0)           0  
##>createMaxCarrySave              START            10573337205 ( +0.00)     1488.30 (   +0.00)             0 (       0)              
##> datapath_rewrite_one_def       START            10573337205 ( +0.00)     1488.30 (   +0.00)             0 (       0)              
##>  fast_cse_elim                 START            10573337205 ( +0.00)     1488.30 (   +0.00)             0 (       0)              
##>                                  END            10573337205 ( +0.00)     1488.30 (   +0.00)             0 (       0)           0  
##>  fast_cse_elim                 START            10573337205 ( +0.00)     1488.30 (   +0.00)             0 (       0)              
##>                                  END            10573337205 ( +0.00)     1488.30 (   +0.00)             0 (       0)           0  
##>                                  END            10573337205 ( +0.00)     1488.30 (   +0.00)             0 (       0)           0  
##> csa_opto                       START            10573337205 ( +0.00)     1488.30 (   +0.00)             0 (       0)              
##>                                  END            10573337205 ( +0.00)     1488.30 (   +0.00)             0 (       0)           0  
##>                                  END            10573337205 ( +0.00)     1488.30 (   +0.00)             0 (       0)           0  
##>context_based_simplify          START            10528475525 ( -0.42)     1488.30 (   +0.00)             0 (       0)              
##>                                  END            10528475525 ( +0.00)     1488.30 (   +0.00)             0 (       0)           0  
##>group_csa_final_adder_dp        START            10528475525 ( +0.00)     1488.30 (   +0.00)             0 (       0)              
##>                                  END            10674275985 ( +1.38)     1485.50 (   -2.80)             0 (       0)           0  
##>dpopt_flatten_critical_muxes_i  START            10674275985 ( +0.00)     1485.50 (   +0.00)             0 (       0)              
##>                                  END            10674275985 ( +0.00)     1485.50 (   +0.00)             0 (       0)           0  
##>create_score                    START            10528475525 ( -1.37)     1485.50 (   +0.00)             0 (       0)              
##>                                  END            10528475525 ( +0.00)     1485.50 (   +0.00)             0 (       0)           0  
##>+------------------------------------------------------------------------------------------------------------------------------------------------------------+
Committed config: CDN_DP_region_4_1_c7
Info    : Done implementing datapath configurations. [DPOPT-4]
        : Selected 'very_fast' configuration 7 for module 'CDN_DP_region_4_1'.
          Optimizations applied to 'very_fast' configuration:
            rewriting(0), factoring(0), sharing(0), cmultcse(0), downsizing(0), speculation(0)
Info    : Implementing datapath configurations. [DPOPT-3]
        : Implementing datapath configurations for 'CDN_DP_region_4_0'
CSAGen Prep Share:0 Re-Write:0 Speculation: 0
CDN_DP_region_4_0 level = 0 loads = 0 drivers = 0
MaxCSA: Successfully built Maximal CSA Expression Expr35
CDN_DP_region_4_0_c0 in MatrixC1: area: 13245411020 ,dp = 12 mux = 0 sg = slow         worst_clk_period: -1.0000 
    wns: 0  norm_wns:  -1.0000 
    fail_endp: -1 
    tns:  0  tns_per_endp:  -1.0000   norm_tns_per_endp:  -1.0000 
    tns_sense_max:  -1.0000  tns_sense_avg:  -1.0000   tns_sense_num: -1
 skipped
CDN_DP_region_4_0_c1 in MatrixC1: area: 10738764650 ,dp = 5 mux = 0 sg = fast         worst_clk_period: -1.0000 
    wns: 0  norm_wns:  -1.0000 
    fail_endp: -1 
    tns:  0  tns_per_endp:  -1.0000   norm_tns_per_endp:  -1.0000 
    tns_sense_max:  -1.0000  tns_sense_avg:  -1.0000   tns_sense_num: -1
 is current best
CDN_DP_region_4_0_c2 in MatrixC1: area: 10738764650 ,dp = 5 mux = 0 sg = very_slow    worst_clk_period: -1.0000 
    wns: 0  norm_wns:  -1.0000 
    fail_endp: -1 
    tns:  0  tns_per_endp:  -1.0000   norm_tns_per_endp:  -1.0000 
    tns_sense_max:  -1.0000  tns_sense_avg:  -1.0000   tns_sense_num: -1
 is current best
CDN_DP_region_4_0_c3 in MatrixC1: area: 10738764650 ,dp = 5 mux = 0 sg = very_fast    worst_clk_period: -1.0000 
    wns: 0  norm_wns:  -1.0000 
    fail_endp: -1 
    tns:  0  tns_per_endp:  -1.0000   norm_tns_per_endp:  -1.0000 
    tns_sense_max:  -1.0000  tns_sense_avg:  -1.0000   tns_sense_num: -1
 is current best
CDN_DP_region_4_0_c4 in MatrixC1: area: 10738764650 ,dp = 5 mux = 0 sg = very_fast    worst_clk_period: -1.0000 
    wns: 0  norm_wns:  -1.0000 
    fail_endp: -1 
    tns:  0  tns_per_endp:  -1.0000   norm_tns_per_endp:  -1.0000 
    tns_sense_max:  -1.0000  tns_sense_avg:  -1.0000   tns_sense_num: -1
 is current best
CDN_DP_region_4_0_c5 in MatrixC1: area: 10738764650 ,dp = 5 mux = 0 sg = very_fast    worst_clk_period: -1.0000 
    wns: 0  norm_wns:  -1.0000 
    fail_endp: -1 
    tns:  0  tns_per_endp:  -1.0000   norm_tns_per_endp:  -1.0000 
    tns_sense_max:  -1.0000  tns_sense_avg:  -1.0000   tns_sense_num: -1
 is current best
CDN_DP_region_4_0_c6 in MatrixC1: area: 10738764650 ,dp = 5 mux = 0 sg = very_fast    worst_clk_period: -1.0000 
    wns: 0  norm_wns:  -1.0000 
    fail_endp: -1 
    tns:  0  tns_per_endp:  -1.0000   norm_tns_per_endp:  -1.0000 
    tns_sense_max:  -1.0000  tns_sense_avg:  -1.0000   tns_sense_num: -1
 is current best
CDN_DP_region_4_0_c7 in MatrixC1: area: 10528475525 ,dp = 5 mux = 0 sg = very_fast    worst_clk_period: -1.0000 
    wns: 0  norm_wns:  -1.0000 
    fail_endp: -1 
    tns:  0  tns_per_endp:  -1.0000   norm_tns_per_endp:  -1.0000 
    tns_sense_max:  -1.0000  tns_sense_avg:  -1.0000   tns_sense_num: -1
 is current best
Best config: CDN_DP_region_4_0_c7 in MatrixC1: area: 10528475525 ,dp = 5 mux = 0 sg = very_fast    worst_clk_period: -1.0000 
    wns: 0  norm_wns:  -1.0000 
    fail_endp: -1 
    tns:  0  tns_per_endp:  -1.0000   norm_tns_per_endp:  -1.0000 
    tns_sense_max:  -1.0000  tns_sense_avg:  -1.0000   tns_sense_num: -1
  Smallest config area : 10528475525.  Fastest config wns;  0
##>+----------------------------------------------------------------------------------------------------------------------------------------------------------------+
##>Summary table of configs (Best config is CDN_DP_region_4_0_c7)
##>+----------------------------------------------------------------------------------------------------------------------------------------------------------------+
##>                     0                  1                  2                  3                  4                  5                  6                  7            
##>+----------------------------------------------------------------------------------------------------------------------------------------------------------------+
##>           Area      13245411020        10738764650        10738764650        10738764650        10738764650        10738764650        10738764650        10528475525  
##>            WNS         +1371.00           +1396.80           +1396.80           +1396.80           +1396.80           +1396.80           +1396.80           +1396.80  
##>            TNS                0                  0                  0                  0                  0                  0                  0                  0  
##>    Num Rewrite                0                  4                  4                  4                  4                  4                  4                  0  
##>     Num Factor                0                  0                  0                  0                  0                  0                  0                  0  
##>      Num Share                0                  0                  0                  0                  0                  0                  0                  0  
##>   Num CmultCse                0                  0                  0                  0                  0                  0                  0                  0  
##>   Num Downsize                0                  0                  0                  0                  0                  0                  0                  0  
##>  Num Speculate                0                  0                  0                  0                  0                  0                  0                  0  
##>     Runtime(s)                0                  0                  0                  0                  0                  0                  0                  1  
+----------------------------------------------------------------------------------------------------------------------------------------------------------------+
##>
##>
##>+------------------------------------------------------------------------------------------------------------------------------------------------------------+
##>Optimization Step DEBUG Table for config CDN_DP_region_4_0_c7
##>
##>                          Step                        Area   ( % Chg)        WNS (Change)        TNS (Change)          Runtime (s)        Comment                   
##>+------------------------------------------------------------------------------------------------------------------------------------------------------------+
##>EquationExtraction              START            13245411020 (      )     1371.00 (        )             0 (        )              
##> rewrite                        START            25072071410 (+89.29)     1269.00 ( -102.00)             0 (       0)              (a,ar) Expr35_from --> Expr35_to
##>                                  END            38651141175 (+54.16)     1198.40 (  -70.60)             0 (       0)           0  
##>                                  END            25405730155 (+91.81)     1203.40 ( -167.60)             0 (       0)           0  
##>createMaxCarrySave              START            20967227690 (-17.47)     1283.80 (  +80.40)             0 (       0)              
##> datapath_rewrite_one_def       START            20967227690 ( +0.00)     1283.80 (   +0.00)             0 (       0)              
##>                                  END            20967227690 ( +0.00)     1283.80 (   +0.00)             0 (       0)           0  
##> csa_opto                       START            20967227690 ( +0.00)     1283.80 (   +0.00)             0 (       0)              
##>                                  END            10573337205 (-49.57)     1399.60 ( +115.80)             0 (       0)           0  
##>                                  END            10573337205 (-49.57)     1399.60 ( +115.80)             0 (       0)           0  
##>canonicalize_by_names           START            10573337205 ( +0.00)     1399.60 (   +0.00)             0 (       0)              
##>                                  END            10573337205 ( +0.00)     1399.60 (   +0.00)             0 (       0)           0  
##>datapath_rewrite_post_csa_one_  START            10573337205 ( +0.00)     1399.60 (   +0.00)             0 (       0)              
##>                                  END            10573337205 ( +0.00)     1399.60 (   +0.00)             0 (       0)           0  
##>datapath_csa_factoring_one_gde  START            10573337205 ( +0.00)     1399.60 (   +0.00)             0 (       0)              
##>                                  END            10573337205 ( +0.00)     1399.60 (   +0.00)             0 (       0)           0  
##>dpopt_share_one_def             START            10573337205 ( +0.00)     1399.60 (   +0.00)             0 (       0)              
##>                                  END            10573337205 ( +0.00)     1399.60 (   +0.00)             0 (       0)           0  
##>datapath_rewrite_post_share     START            10573337205 ( +0.00)     1399.60 (   +0.00)             0 (       0)              
##>                                  END            10573337205 ( +0.00)     1399.60 (   +0.00)             0 (       0)           0  
##>dp_combine_const_mult_with_com  START            10573337205 ( +0.00)     1399.60 (   +0.00)             0 (       0)              
##>                                  END            10573337205 ( +0.00)     1399.60 (   +0.00)             0 (       0)           0  
##>dp_operator_level_decompositio  START            10573337205 ( +0.00)     1399.60 (   +0.00)             0 (       0)              
##>                                  END            10573337205 ( +0.00)     1399.60 (   +0.00)             0 (       0)           0  
##>selective_flatten_dp_config     START            10573337205 ( +0.00)     1399.60 (   +0.00)             0 (       0)              
##>                                  END            10573337205 ( +0.00)     1399.60 (   +0.00)             0 (       0)           0  
##>createMaxCarrySave              START            10573337205 ( +0.00)     1399.60 (   +0.00)             0 (       0)              
##> datapath_rewrite_one_def       START            10573337205 ( +0.00)     1399.60 (   +0.00)             0 (       0)              
##>  fast_cse_elim                 START            10573337205 ( +0.00)     1399.60 (   +0.00)             0 (       0)              
##>                                  END            10573337205 ( +0.00)     1399.60 (   +0.00)             0 (       0)           0  
##>  fast_cse_elim                 START            10573337205 ( +0.00)     1399.60 (   +0.00)             0 (       0)              
##>                                  END            10573337205 ( +0.00)     1399.60 (   +0.00)             0 (       0)           0  
##>                                  END            10573337205 ( +0.00)     1399.60 (   +0.00)             0 (       0)           0  
##> csa_opto                       START            10573337205 ( +0.00)     1399.60 (   +0.00)             0 (       0)              
##>                                  END            10573337205 ( +0.00)     1399.60 (   +0.00)             0 (       0)           0  
##>                                  END            10573337205 ( +0.00)     1399.60 (   +0.00)             0 (       0)           0  
##>context_based_simplify          START            10528475525 ( -0.42)     1399.60 (   +0.00)             0 (       0)              
##>                                  END            10528475525 ( +0.00)     1399.60 (   +0.00)             0 (       0)           0  
##>group_csa_final_adder_dp        START            10528475525 ( +0.00)     1399.60 (   +0.00)             0 (       0)              
##>                                  END            10674275985 ( +1.38)     1396.40 (   -3.20)             0 (       0)           0  
##>dpopt_flatten_critical_muxes_i  START            10674275985 ( +0.00)     1396.40 (   +0.00)             0 (       0)              
##>                                  END            10674275985 ( +0.00)     1396.40 (   +0.00)             0 (       0)           0  
##>create_score                    START            10528475525 ( -1.37)     1396.80 (   +0.40)             0 (       0)              
##>                                  END            10528475525 ( +0.00)     1396.80 (   +0.00)             0 (       0)           0  
##>+------------------------------------------------------------------------------------------------------------------------------------------------------------+
Committed config: CDN_DP_region_4_0_c7
Info    : Done implementing datapath configurations. [DPOPT-4]
        : Selected 'very_fast' configuration 7 for module 'CDN_DP_region_4_0'.
          Optimizations applied to 'very_fast' configuration:
            rewriting(0), factoring(0), sharing(0), cmultcse(0), downsizing(0), speculation(0)
Info    : Implementing datapath configurations. [DPOPT-3]
        : Implementing datapath configurations for 'CDN_DP_region_3_4'
CSAGen Prep Share:0 Re-Write:0 Speculation: 0
MaxCSA: Successfully built Maximal CSA Expression Expr36
CDN_DP_region_3_4 level = 0 loads = 0 drivers = 0
CDN_DP_region_3_4_c0 in MatrixC0: area: 12524820285 ,dp = 12 mux = 0 sg = slow         worst_clk_period: -1.0000 
    wns: 0  norm_wns:  -1.0000 
    fail_endp: -1 
    tns:  0  tns_per_endp:  -1.0000   norm_tns_per_endp:  -1.0000 
    tns_sense_max:  -1.0000  tns_sense_avg:  -1.0000   tns_sense_num: -1
 skipped
CDN_DP_region_3_4_c1 in MatrixC0: area: 10161170520 ,dp = 5 mux = 0 sg = fast         worst_clk_period: -1.0000 
    wns: 0  norm_wns:  -1.0000 
    fail_endp: -1 
    tns:  0  tns_per_endp:  -1.0000   norm_tns_per_endp:  -1.0000 
    tns_sense_max:  -1.0000  tns_sense_avg:  -1.0000   tns_sense_num: -1
 is current best
CDN_DP_region_3_4_c2 in MatrixC0: area: 10161170520 ,dp = 5 mux = 0 sg = very_slow    worst_clk_period: -1.0000 
    wns: 0  norm_wns:  -1.0000 
    fail_endp: -1 
    tns:  0  tns_per_endp:  -1.0000   norm_tns_per_endp:  -1.0000 
    tns_sense_max:  -1.0000  tns_sense_avg:  -1.0000   tns_sense_num: -1
 is current best
CDN_DP_region_3_4_c3 in MatrixC0: area: 10161170520 ,dp = 5 mux = 0 sg = very_fast    worst_clk_period: -1.0000 
    wns: 0  norm_wns:  -1.0000 
    fail_endp: -1 
    tns:  0  tns_per_endp:  -1.0000   norm_tns_per_endp:  -1.0000 
    tns_sense_max:  -1.0000  tns_sense_avg:  -1.0000   tns_sense_num: -1
 is current best
CDN_DP_region_3_4_c4 in MatrixC0: area: 10161170520 ,dp = 5 mux = 0 sg = very_fast    worst_clk_period: -1.0000 
    wns: 0  norm_wns:  -1.0000 
    fail_endp: -1 
    tns:  0  tns_per_endp:  -1.0000   norm_tns_per_endp:  -1.0000 
    tns_sense_max:  -1.0000  tns_sense_avg:  -1.0000   tns_sense_num: -1
 is current best
CDN_DP_region_3_4_c5 in MatrixC0: area: 10161170520 ,dp = 5 mux = 0 sg = very_fast    worst_clk_period: -1.0000 
    wns: 0  norm_wns:  -1.0000 
    fail_endp: -1 
    tns:  0  tns_per_endp:  -1.0000   norm_tns_per_endp:  -1.0000 
    tns_sense_max:  -1.0000  tns_sense_avg:  -1.0000   tns_sense_num: -1
 is current best
CDN_DP_region_3_4_c6 in MatrixC0: area: 10161170520 ,dp = 5 mux = 0 sg = very_fast    worst_clk_period: -1.0000 
    wns: 0  norm_wns:  -1.0000 
    fail_endp: -1 
    tns:  0  tns_per_endp:  -1.0000   norm_tns_per_endp:  -1.0000 
    tns_sense_max:  -1.0000  tns_sense_avg:  -1.0000   tns_sense_num: -1
 is current best
CDN_DP_region_3_4_c7 in MatrixC0: area: 9956489105 ,dp = 5 mux = 0 sg = very_fast    worst_clk_period: -1.0000 
    wns: 0  norm_wns:  -1.0000 
    fail_endp: -1 
    tns:  0  tns_per_endp:  -1.0000   norm_tns_per_endp:  -1.0000 
    tns_sense_max:  -1.0000  tns_sense_avg:  -1.0000   tns_sense_num: -1
 is current best
Best config: CDN_DP_region_3_4_c7 in MatrixC0: area: 9956489105 ,dp = 5 mux = 0 sg = very_fast    worst_clk_period: -1.0000 
    wns: 0  norm_wns:  -1.0000 
    fail_endp: -1 
    tns:  0  tns_per_endp:  -1.0000   norm_tns_per_endp:  -1.0000 
    tns_sense_max:  -1.0000  tns_sense_avg:  -1.0000   tns_sense_num: -1
  Smallest config area : 9956489105.  Fastest config wns;  0
##>+----------------------------------------------------------------------------------------------------------------------------------------------------------------+
##>Summary table of configs (Best config is CDN_DP_region_3_4_c7)
##>+----------------------------------------------------------------------------------------------------------------------------------------------------------------+
##>                     0                  1                  2                  3                  4                  5                  6                  7            
##>+----------------------------------------------------------------------------------------------------------------------------------------------------------------+
##>           Area      12524820285        10161170520        10161170520        10161170520        10161170520        10161170520        10161170520         9956489105  
##>            WNS         +1411.20           +1435.00           +1435.00           +1435.00           +1435.00           +1435.00           +1435.00           +1435.00  
##>            TNS                0                  0                  0                  0                  0                  0                  0                  0  
##>    Num Rewrite                0                  4                  4                  4                  4                  4                  4                  0  
##>     Num Factor                0                  0                  0                  0                  0                  0                  0                  0  
##>      Num Share                0                  0                  0                  0                  0                  0                  0                  0  
##>   Num CmultCse                0                  0                  0                  0                  0                  0                  0                  0  
##>   Num Downsize                0                  0                  0                  0                  0                  0                  0                  0  
##>  Num Speculate                0                  0                  0                  0                  0                  0                  0                  0  
##>     Runtime(s)                0                  0                  0                  0                  0                  0                  0                  1  
+----------------------------------------------------------------------------------------------------------------------------------------------------------------+
##>
##>
##>+------------------------------------------------------------------------------------------------------------------------------------------------------------+
##>Optimization Step DEBUG Table for config CDN_DP_region_3_4_c7
##>
##>                          Step                        Area   ( % Chg)        WNS (Change)        TNS (Change)          Runtime (s)        Comment                   
##>+------------------------------------------------------------------------------------------------------------------------------------------------------------+
##>EquationExtraction              START            12524820285 (      )     1411.20 (        )             0 (        )              
##> rewrite                        START            24858978430 (+98.48)     1331.90 (  -79.30)             0 (       0)              (a,ar) Expr36_from --> Expr36_to
##>                                  END            36281883700 (+45.95)     1289.10 (  -42.80)             0 (       0)           0  
##>                                  END            23757063415 (+89.68)     1296.20 ( -115.00)             0 (       0)           0  
##>createMaxCarrySave              START            19840077980 (-16.49)     1306.30 (  +10.10)             0 (       0)              
##> datapath_rewrite_one_def       START            19840077980 ( +0.00)     1306.30 (   +0.00)             0 (       0)              
##>                                  END            19840077980 ( +0.00)     1306.30 (   +0.00)             0 (       0)           0  
##> csa_opto                       START            19840077980 ( +0.00)     1306.30 (   +0.00)             0 (       0)              
##>                                  END            10001350785 (-49.59)     1437.80 ( +131.50)             0 (       0)           0  
##>                                  END            10001350785 (-49.59)     1437.80 ( +131.50)             0 (       0)           0  
##>canonicalize_by_names           START            10001350785 ( +0.00)     1437.80 (   +0.00)             0 (       0)              
##>                                  END            10001350785 ( +0.00)     1437.80 (   +0.00)             0 (       0)           0  
##>datapath_rewrite_post_csa_one_  START            10001350785 ( +0.00)     1437.80 (   +0.00)             0 (       0)              
##>                                  END            10001350785 ( +0.00)     1437.80 (   +0.00)             0 (       0)           0  
##>datapath_csa_factoring_one_gde  START            10001350785 ( +0.00)     1437.80 (   +0.00)             0 (       0)              
##>                                  END            10001350785 ( +0.00)     1437.80 (   +0.00)             0 (       0)           0  
##>dpopt_share_one_def             START            10001350785 ( +0.00)     1437.80 (   +0.00)             0 (       0)              
##>                                  END            10001350785 ( +0.00)     1437.80 (   +0.00)             0 (       0)           0  
##>datapath_rewrite_post_share     START            10001350785 ( +0.00)     1437.80 (   +0.00)             0 (       0)              
##>                                  END            10001350785 ( +0.00)     1437.80 (   +0.00)             0 (       0)           0  
##>dp_combine_const_mult_with_com  START            10001350785 ( +0.00)     1437.80 (   +0.00)             0 (       0)              
##>                                  END            10001350785 ( +0.00)     1437.80 (   +0.00)             0 (       0)           0  
##>dp_operator_level_decompositio  START            10001350785 ( +0.00)     1437.80 (   +0.00)             0 (       0)              
##>                                  END            10001350785 ( +0.00)     1437.80 (   +0.00)             0 (       0)           0  
##>selective_flatten_dp_config     START            10001350785 ( +0.00)     1437.80 (   +0.00)             0 (       0)              
##>                                  END            10001350785 ( +0.00)     1437.80 (   +0.00)             0 (       0)           0  
##>createMaxCarrySave              START            10001350785 ( +0.00)     1437.80 (   +0.00)             0 (       0)              
##> datapath_rewrite_one_def       START            10001350785 ( +0.00)     1437.80 (   +0.00)             0 (       0)              
##>  fast_cse_elim                 START            10001350785 ( +0.00)     1437.80 (   +0.00)             0 (       0)              
##>                                  END            10001350785 ( +0.00)     1437.80 (   +0.00)             0 (       0)           0  
##>  fast_cse_elim                 START            10001350785 ( +0.00)     1437.80 (   +0.00)             0 (       0)              
##>                                  END            10001350785 ( +0.00)     1437.80 (   +0.00)             0 (       0)           0  
##>                                  END            10001350785 ( +0.00)     1437.80 (   +0.00)             0 (       0)           0  
##> csa_opto                       START            10001350785 ( +0.00)     1437.80 (   +0.00)             0 (       0)              
##>                                  END            10001350785 ( +0.00)     1437.80 (   +0.00)             0 (       0)           0  
##>                                  END            10001350785 ( +0.00)     1437.80 (   +0.00)             0 (       0)           0  
##>context_based_simplify          START             9956489105 ( -0.45)     1437.80 (   +0.00)             0 (       0)              
##>                                  END             9956489105 ( +0.00)     1437.80 (   +0.00)             0 (       0)           0  
##>group_csa_final_adder_dp        START             9956489105 ( +0.00)     1437.80 (   +0.00)             0 (       0)              
##>                                  END            10102289565 ( +1.46)     1435.00 (   -2.80)             0 (       0)           0  
##>dpopt_flatten_critical_muxes_i  START            10102289565 ( +0.00)     1435.00 (   +0.00)             0 (       0)              
##>                                  END            10102289565 ( +0.00)     1435.00 (   +0.00)             0 (       0)           0  
##>create_score                    START             9956489105 ( -1.44)     1435.00 (   +0.00)             0 (       0)              
##>                                  END             9956489105 ( +0.00)     1435.00 (   +0.00)             0 (       0)           0  
##>+------------------------------------------------------------------------------------------------------------------------------------------------------------+
Committed config: CDN_DP_region_3_4_c7
Info    : Done implementing datapath configurations. [DPOPT-4]
        : Selected 'very_fast' configuration 7 for module 'CDN_DP_region_3_4'.
          Optimizations applied to 'very_fast' configuration:
            rewriting(0), factoring(0), sharing(0), cmultcse(0), downsizing(0), speculation(0)
Info    : Implementing datapath configurations. [DPOPT-3]
        : Implementing datapath configurations for 'CDN_DP_region_3_3'
CSAGen Prep Share:0 Re-Write:0 Speculation: 0
CDN_DP_region_3_3 level = 0 loads = 0 drivers = 0
MaxCSA: Successfully built Maximal CSA Expression Expr37
CDN_DP_region_3_3_c0 in MatrixC0: area: 13245411020 ,dp = 12 mux = 0 sg = slow         worst_clk_period: -1.0000 
    wns: 0  norm_wns:  -1.0000 
    fail_endp: -1 
    tns:  0  tns_per_endp:  -1.0000   norm_tns_per_endp:  -1.0000 
    tns_sense_max:  -1.0000  tns_sense_avg:  -1.0000   tns_sense_num: -1
 skipped
CDN_DP_region_3_3_c1 in MatrixC0: area: 10744372360 ,dp = 5 mux = 0 sg = fast         worst_clk_period: -1.0000 
    wns: 0  norm_wns:  -1.0000 
    fail_endp: -1 
    tns:  0  tns_per_endp:  -1.0000   norm_tns_per_endp:  -1.0000 
    tns_sense_max:  -1.0000  tns_sense_avg:  -1.0000   tns_sense_num: -1
 is current best
CDN_DP_region_3_3_c2 in MatrixC0: area: 10744372360 ,dp = 5 mux = 0 sg = very_slow    worst_clk_period: -1.0000 
    wns: 0  norm_wns:  -1.0000 
    fail_endp: -1 
    tns:  0  tns_per_endp:  -1.0000   norm_tns_per_endp:  -1.0000 
    tns_sense_max:  -1.0000  tns_sense_avg:  -1.0000   tns_sense_num: -1
 is current best
CDN_DP_region_3_3_c3 in MatrixC0: area: 10744372360 ,dp = 5 mux = 0 sg = very_fast    worst_clk_period: -1.0000 
    wns: 0  norm_wns:  -1.0000 
    fail_endp: -1 
    tns:  0  tns_per_endp:  -1.0000   norm_tns_per_endp:  -1.0000 
    tns_sense_max:  -1.0000  tns_sense_avg:  -1.0000   tns_sense_num: -1
 is current best
CDN_DP_region_3_3_c4 in MatrixC0: area: 10744372360 ,dp = 5 mux = 0 sg = very_fast    worst_clk_period: -1.0000 
    wns: 0  norm_wns:  -1.0000 
    fail_endp: -1 
    tns:  0  tns_per_endp:  -1.0000   norm_tns_per_endp:  -1.0000 
    tns_sense_max:  -1.0000  tns_sense_avg:  -1.0000   tns_sense_num: -1
 is current best
CDN_DP_region_3_3_c5 in MatrixC0: area: 10744372360 ,dp = 5 mux = 0 sg = very_fast    worst_clk_period: -1.0000 
    wns: 0  norm_wns:  -1.0000 
    fail_endp: -1 
    tns:  0  tns_per_endp:  -1.0000   norm_tns_per_endp:  -1.0000 
    tns_sense_max:  -1.0000  tns_sense_avg:  -1.0000   tns_sense_num: -1
 is current best
CDN_DP_region_3_3_c6 in MatrixC0: area: 10744372360 ,dp = 5 mux = 0 sg = very_fast    worst_clk_period: -1.0000 
    wns: 0  norm_wns:  -1.0000 
    fail_endp: -1 
    tns:  0  tns_per_endp:  -1.0000   norm_tns_per_endp:  -1.0000 
    tns_sense_max:  -1.0000  tns_sense_avg:  -1.0000   tns_sense_num: -1
 is current best
CDN_DP_region_3_3_c7 in MatrixC0: area: 10528475525 ,dp = 5 mux = 0 sg = very_fast    worst_clk_period: -1.0000 
    wns: 0  norm_wns:  -1.0000 
    fail_endp: -1 
    tns:  0  tns_per_endp:  -1.0000   norm_tns_per_endp:  -1.0000 
    tns_sense_max:  -1.0000  tns_sense_avg:  -1.0000   tns_sense_num: -1
 is current best
Best config: CDN_DP_region_3_3_c7 in MatrixC0: area: 10528475525 ,dp = 5 mux = 0 sg = very_fast    worst_clk_period: -1.0000 
    wns: 0  norm_wns:  -1.0000 
    fail_endp: -1 
    tns:  0  tns_per_endp:  -1.0000   norm_tns_per_endp:  -1.0000 
    tns_sense_max:  -1.0000  tns_sense_avg:  -1.0000   tns_sense_num: -1
  Smallest config area : 10528475525.  Fastest config wns;  0
##>+----------------------------------------------------------------------------------------------------------------------------------------------------------------+
##>Summary table of configs (Best config is CDN_DP_region_3_3_c7)
##>+----------------------------------------------------------------------------------------------------------------------------------------------------------------+
##>                     0                  1                  2                  3                  4                  5                  6                  7            
##>+----------------------------------------------------------------------------------------------------------------------------------------------------------------+
##>           Area      13245411020        10744372360        10744372360        10744372360        10744372360        10744372360        10744372360        10528475525  
##>            WNS         +1401.70           +1425.50           +1425.50           +1425.50           +1425.50           +1425.50           +1425.50           +1425.50  
##>            TNS                0                  0                  0                  0                  0                  0                  0                  0  
##>    Num Rewrite                0                  4                  4                  4                  4                  4                  4                  0  
##>     Num Factor                0                  0                  0                  0                  0                  0                  0                  0  
##>      Num Share                0                  0                  0                  0                  0                  0                  0                  0  
##>   Num CmultCse                0                  0                  0                  0                  0                  0                  0                  0  
##>   Num Downsize                0                  0                  0                  0                  0                  0                  0                  0  
##>  Num Speculate                0                  0                  0                  0                  0                  0                  0                  0  
##>     Runtime(s)                0                  0                  0                  0                  0                  0                  0                  1  
+----------------------------------------------------------------------------------------------------------------------------------------------------------------+
##>
##>
##>+------------------------------------------------------------------------------------------------------------------------------------------------------------+
##>Optimization Step DEBUG Table for config CDN_DP_region_3_3_c7
##>
##>                          Step                        Area   ( % Chg)        WNS (Change)        TNS (Change)          Runtime (s)        Comment                   
##>+------------------------------------------------------------------------------------------------------------------------------------------------------------+
##>EquationExtraction              START            13245411020 (      )     1401.70 (        )             0 (        )              
##> rewrite                        START            26462783490 (+99.79)     1322.40 (  -79.30)             0 (       0)              (a,ar) Expr37_from --> Expr37_to
##>                                  END            38651141175 (+46.06)     1265.60 (  -56.80)             0 (       0)           0  
##>                                  END            25405730155 (+91.81)     1256.30 ( -145.40)             0 (       0)           0  
##>createMaxCarrySave              START            20967227690 (-17.47)     1285.70 (  +29.40)             0 (       0)              
##> datapath_rewrite_one_def       START            20967227690 ( +0.00)     1285.70 (   +0.00)             0 (       0)              
##>                                  END            20967227690 ( +0.00)     1285.70 (   +0.00)             0 (       0)           0  
##> csa_opto                       START            20967227690 ( +0.00)     1285.70 (   +0.00)             0 (       0)              
##>                                  END            10573337205 (-49.57)     1428.30 ( +142.60)             0 (       0)           0  
##>                                  END            10573337205 (-49.57)     1428.30 ( +142.60)             0 (       0)           0  
##>canonicalize_by_names           START            10573337205 ( +0.00)     1428.30 (   +0.00)             0 (       0)              
##>                                  END            10573337205 ( +0.00)     1428.30 (   +0.00)             0 (       0)           0  
##>datapath_rewrite_post_csa_one_  START            10573337205 ( +0.00)     1428.30 (   +0.00)             0 (       0)              
##>                                  END            10573337205 ( +0.00)     1428.30 (   +0.00)             0 (       0)           0  
##>datapath_csa_factoring_one_gde  START            10573337205 ( +0.00)     1428.30 (   +0.00)             0 (       0)              
##>                                  END            10573337205 ( +0.00)     1428.30 (   +0.00)             0 (       0)           0  
##>dpopt_share_one_def             START            10573337205 ( +0.00)     1428.30 (   +0.00)             0 (       0)              
##>                                  END            10573337205 ( +0.00)     1428.30 (   +0.00)             0 (       0)           0  
##>datapath_rewrite_post_share     START            10573337205 ( +0.00)     1428.30 (   +0.00)             0 (       0)              
##>                                  END            10573337205 ( +0.00)     1428.30 (   +0.00)             0 (       0)           0  
##>dp_combine_const_mult_with_com  START            10573337205 ( +0.00)     1428.30 (   +0.00)             0 (       0)              
##>                                  END            10573337205 ( +0.00)     1428.30 (   +0.00)             0 (       0)           0  
##>dp_operator_level_decompositio  START            10573337205 ( +0.00)     1428.30 (   +0.00)             0 (       0)              
##>                                  END            10573337205 ( +0.00)     1428.30 (   +0.00)             0 (       0)           0  
##>selective_flatten_dp_config     START            10573337205 ( +0.00)     1428.30 (   +0.00)             0 (       0)              
##>                                  END            10573337205 ( +0.00)     1428.30 (   +0.00)             0 (       0)           0  
##>createMaxCarrySave              START            10573337205 ( +0.00)     1428.30 (   +0.00)             0 (       0)              
##> datapath_rewrite_one_def       START            10573337205 ( +0.00)     1428.30 (   +0.00)             0 (       0)              
##>  fast_cse_elim                 START            10573337205 ( +0.00)     1428.30 (   +0.00)             0 (       0)              
##>                                  END            10573337205 ( +0.00)     1428.30 (   +0.00)             0 (       0)           0  
##>  fast_cse_elim                 START            10573337205 ( +0.00)     1428.30 (   +0.00)             0 (       0)              
##>                                  END            10573337205 ( +0.00)     1428.30 (   +0.00)             0 (       0)           0  
##>                                  END            10573337205 ( +0.00)     1428.30 (   +0.00)             0 (       0)           0  
##> csa_opto                       START            10573337205 ( +0.00)     1428.30 (   +0.00)             0 (       0)              
##>                                  END            10573337205 ( +0.00)     1428.30 (   +0.00)             0 (       0)           0  
##>                                  END            10573337205 ( +0.00)     1428.30 (   +0.00)             0 (       0)           0  
##>context_based_simplify          START            10528475525 ( -0.42)     1428.30 (   +0.00)             0 (       0)              
##>                                  END            10528475525 ( +0.00)     1428.30 (   +0.00)             0 (       0)           0  
##>group_csa_final_adder_dp        START            10528475525 ( +0.00)     1428.30 (   +0.00)             0 (       0)              
##>                                  END            10674275985 ( +1.38)     1425.50 (   -2.80)             0 (       0)           0  
##>dpopt_flatten_critical_muxes_i  START            10674275985 ( +0.00)     1425.50 (   +0.00)             0 (       0)              
##>                                  END            10674275985 ( +0.00)     1425.50 (   +0.00)             0 (       0)           0  
##>create_score                    START            10528475525 ( -1.37)     1425.50 (   +0.00)             0 (       0)              
##>                                  END            10528475525 ( +0.00)     1425.50 (   +0.00)             0 (       0)           0  
##>+------------------------------------------------------------------------------------------------------------------------------------------------------------+
Committed config: CDN_DP_region_3_3_c7
Info    : Done implementing datapath configurations. [DPOPT-4]
        : Selected 'very_fast' configuration 7 for module 'CDN_DP_region_3_3'.
          Optimizations applied to 'very_fast' configuration:
            rewriting(0), factoring(0), sharing(0), cmultcse(0), downsizing(0), speculation(0)
Info    : Implementing datapath configurations. [DPOPT-3]
        : Implementing datapath configurations for 'CDN_DP_region_3_2'
CSAGen Prep Share:0 Re-Write:0 Speculation: 0
CDN_DP_region_3_2 level = 0 loads = 0 drivers = 0
MaxCSA: Successfully built Maximal CSA Expression Expr38
CDN_DP_region_3_2_c0 in MatrixC0: area: 13245411020 ,dp = 12 mux = 0 sg = slow         worst_clk_period: -1.0000 
    wns: 0  norm_wns:  -1.0000 
    fail_endp: -1 
    tns:  0  tns_per_endp:  -1.0000   norm_tns_per_endp:  -1.0000 
    tns_sense_max:  -1.0000  tns_sense_avg:  -1.0000   tns_sense_num: -1
 skipped
CDN_DP_region_3_2_c1 in MatrixC0: area: 10744372360 ,dp = 5 mux = 0 sg = fast         worst_clk_period: -1.0000 
    wns: 0  norm_wns:  -1.0000 
    fail_endp: -1 
    tns:  0  tns_per_endp:  -1.0000   norm_tns_per_endp:  -1.0000 
    tns_sense_max:  -1.0000  tns_sense_avg:  -1.0000   tns_sense_num: -1
 is current best
CDN_DP_region_3_2_c2 in MatrixC0: area: 10744372360 ,dp = 5 mux = 0 sg = very_slow    worst_clk_period: -1.0000 
    wns: 0  norm_wns:  -1.0000 
    fail_endp: -1 
    tns:  0  tns_per_endp:  -1.0000   norm_tns_per_endp:  -1.0000 
    tns_sense_max:  -1.0000  tns_sense_avg:  -1.0000   tns_sense_num: -1
 is current best
CDN_DP_region_3_2_c3 in MatrixC0: area: 10744372360 ,dp = 5 mux = 0 sg = very_fast    worst_clk_period: -1.0000 
    wns: 0  norm_wns:  -1.0000 
    fail_endp: -1 
    tns:  0  tns_per_endp:  -1.0000   norm_tns_per_endp:  -1.0000 
    tns_sense_max:  -1.0000  tns_sense_avg:  -1.0000   tns_sense_num: -1
 is current best
CDN_DP_region_3_2_c4 in MatrixC0: area: 10744372360 ,dp = 5 mux = 0 sg = very_fast    worst_clk_period: -1.0000 
    wns: 0  norm_wns:  -1.0000 
    fail_endp: -1 
    tns:  0  tns_per_endp:  -1.0000   norm_tns_per_endp:  -1.0000 
    tns_sense_max:  -1.0000  tns_sense_avg:  -1.0000   tns_sense_num: -1
 is current best
CDN_DP_region_3_2_c5 in MatrixC0: area: 10744372360 ,dp = 5 mux = 0 sg = very_fast    worst_clk_period: -1.0000 
    wns: 0  norm_wns:  -1.0000 
    fail_endp: -1 
    tns:  0  tns_per_endp:  -1.0000   norm_tns_per_endp:  -1.0000 
    tns_sense_max:  -1.0000  tns_sense_avg:  -1.0000   tns_sense_num: -1
 is current best
CDN_DP_region_3_2_c6 in MatrixC0: area: 10744372360 ,dp = 5 mux = 0 sg = very_fast    worst_clk_period: -1.0000 
    wns: 0  norm_wns:  -1.0000 
    fail_endp: -1 
    tns:  0  tns_per_endp:  -1.0000   norm_tns_per_endp:  -1.0000 
    tns_sense_max:  -1.0000  tns_sense_avg:  -1.0000   tns_sense_num: -1
 is current best
CDN_DP_region_3_2_c7 in MatrixC0: area: 10528475525 ,dp = 5 mux = 0 sg = very_fast    worst_clk_period: -1.0000 
    wns: 0  norm_wns:  -1.0000 
    fail_endp: -1 
    tns:  0  tns_per_endp:  -1.0000   norm_tns_per_endp:  -1.0000 
    tns_sense_max:  -1.0000  tns_sense_avg:  -1.0000   tns_sense_num: -1
 is current best
Best config: CDN_DP_region_3_2_c7 in MatrixC0: area: 10528475525 ,dp = 5 mux = 0 sg = very_fast    worst_clk_period: -1.0000 
    wns: 0  norm_wns:  -1.0000 
    fail_endp: -1 
    tns:  0  tns_per_endp:  -1.0000   norm_tns_per_endp:  -1.0000 
    tns_sense_max:  -1.0000  tns_sense_avg:  -1.0000   tns_sense_num: -1
  Smallest config area : 10528475525.  Fastest config wns;  0
##>+----------------------------------------------------------------------------------------------------------------------------------------------------------------+
##>Summary table of configs (Best config is CDN_DP_region_3_2_c7)
##>+----------------------------------------------------------------------------------------------------------------------------------------------------------------+
##>                     0                  1                  2                  3                  4                  5                  6                  7            
##>+----------------------------------------------------------------------------------------------------------------------------------------------------------------+
##>           Area      13245411020        10744372360        10744372360        10744372360        10744372360        10744372360        10744372360        10528475525  
##>            WNS         +1395.20           +1422.00           +1422.00           +1422.00           +1422.00           +1422.00           +1422.00           +1422.00  
##>            TNS                0                  0                  0                  0                  0                  0                  0                  0  
##>    Num Rewrite                0                  4                  4                  4                  4                  4                  4                  0  
##>     Num Factor                0                  0                  0                  0                  0                  0                  0                  0  
##>      Num Share                0                  0                  0                  0                  0                  0                  0                  0  
##>   Num CmultCse                0                  0                  0                  0                  0                  0                  0                  0  
##>   Num Downsize                0                  0                  0                  0                  0                  0                  0                  0  
##>  Num Speculate                0                  0                  0                  0                  0                  0                  0                  0  
##>     Runtime(s)                0                  0                  0                  0                  0                  0                  0                  1  
+----------------------------------------------------------------------------------------------------------------------------------------------------------------+
##>
##>
##>+------------------------------------------------------------------------------------------------------------------------------------------------------------+
##>Optimization Step DEBUG Table for config CDN_DP_region_3_2_c7
##>
##>                          Step                        Area   ( % Chg)        WNS (Change)        TNS (Change)          Runtime (s)        Comment                   
##>+------------------------------------------------------------------------------------------------------------------------------------------------------------+
##>EquationExtraction              START            13245411020 (      )     1395.20 (        )             0 (        )              
##> rewrite                        START            26462783490 (+99.79)     1319.90 (  -75.30)             0 (       0)              (a,ar) Expr38_from --> Expr38_to
##>                                  END            38651141175 (+46.06)     1263.10 (  -56.80)             0 (       0)           0  
##>                                  END            25405730155 (+91.81)     1254.00 ( -141.20)             0 (       0)           0  
##>createMaxCarrySave              START            20967227690 (-17.47)     1280.20 (  +26.20)             0 (       0)              
##> datapath_rewrite_one_def       START            20967227690 ( +0.00)     1280.20 (   +0.00)             0 (       0)              
##>                                  END            20967227690 ( +0.00)     1280.20 (   +0.00)             0 (       0)           0  
##> csa_opto                       START            20967227690 ( +0.00)     1280.20 (   +0.00)             0 (       0)              
##>                                  END            10573337205 (-49.57)     1424.80 ( +144.60)             0 (       0)           0  
##>                                  END            10573337205 (-49.57)     1424.80 ( +144.60)             0 (       0)           0  
##>canonicalize_by_names           START            10573337205 ( +0.00)     1424.80 (   +0.00)             0 (       0)              
##>                                  END            10573337205 ( +0.00)     1424.80 (   +0.00)             0 (       0)           0  
##>datapath_rewrite_post_csa_one_  START            10573337205 ( +0.00)     1424.80 (   +0.00)             0 (       0)              
##>                                  END            10573337205 ( +0.00)     1424.80 (   +0.00)             0 (       0)           0  
##>datapath_csa_factoring_one_gde  START            10573337205 ( +0.00)     1424.80 (   +0.00)             0 (       0)              
##>                                  END            10573337205 ( +0.00)     1424.80 (   +0.00)             0 (       0)           0  
##>dpopt_share_one_def             START            10573337205 ( +0.00)     1424.80 (   +0.00)             0 (       0)              
##>                                  END            10573337205 ( +0.00)     1424.80 (   +0.00)             0 (       0)           0  
##>datapath_rewrite_post_share     START            10573337205 ( +0.00)     1424.80 (   +0.00)             0 (       0)              
##>                                  END            10573337205 ( +0.00)     1424.80 (   +0.00)             0 (       0)           0  
##>dp_combine_const_mult_with_com  START            10573337205 ( +0.00)     1424.80 (   +0.00)             0 (       0)              
##>                                  END            10573337205 ( +0.00)     1424.80 (   +0.00)             0 (       0)           0  
##>dp_operator_level_decompositio  START            10573337205 ( +0.00)     1424.80 (   +0.00)             0 (       0)              
##>                                  END            10573337205 ( +0.00)     1424.80 (   +0.00)             0 (       0)           0  
##>selective_flatten_dp_config     START            10573337205 ( +0.00)     1424.80 (   +0.00)             0 (       0)              
##>                                  END            10573337205 ( +0.00)     1424.80 (   +0.00)             0 (       0)           0  
##>createMaxCarrySave              START            10573337205 ( +0.00)     1424.80 (   +0.00)             0 (       0)              
##> datapath_rewrite_one_def       START            10573337205 ( +0.00)     1424.80 (   +0.00)             0 (       0)              
##>  fast_cse_elim                 START            10573337205 ( +0.00)     1424.80 (   +0.00)             0 (       0)              
##>                                  END            10573337205 ( +0.00)     1424.80 (   +0.00)             0 (       0)           0  
##>  fast_cse_elim                 START            10573337205 ( +0.00)     1424.80 (   +0.00)             0 (       0)              
##>                                  END            10573337205 ( +0.00)     1424.80 (   +0.00)             0 (       0)           0  
##>                                  END            10573337205 ( +0.00)     1424.80 (   +0.00)             0 (       0)           0  
##> csa_opto                       START            10573337205 ( +0.00)     1424.80 (   +0.00)             0 (       0)              
##>                                  END            10573337205 ( +0.00)     1424.80 (   +0.00)             0 (       0)           0  
##>                                  END            10573337205 ( +0.00)     1424.80 (   +0.00)             0 (       0)           0  
##>context_based_simplify          START            10528475525 ( -0.42)     1424.80 (   +0.00)             0 (       0)              
##>                                  END            10528475525 ( +0.00)     1424.80 (   +0.00)             0 (       0)           0  
##>group_csa_final_adder_dp        START            10528475525 ( +0.00)     1424.80 (   +0.00)             0 (       0)              
##>                                  END            10674275985 ( +1.38)     1421.00 (   -3.80)             0 (       0)           0  
##>dpopt_flatten_critical_muxes_i  START            10674275985 ( +0.00)     1421.00 (   +0.00)             0 (       0)              
##>                                  END            10674275985 ( +0.00)     1421.00 (   +0.00)             0 (       0)           0  
##>create_score                    START            10528475525 ( -1.37)     1422.00 (   +1.00)             0 (       0)              
##>                                  END            10528475525 ( +0.00)     1422.00 (   +0.00)             0 (       0)           0  
##>+------------------------------------------------------------------------------------------------------------------------------------------------------------+
Committed config: CDN_DP_region_3_2_c7
Info    : Done implementing datapath configurations. [DPOPT-4]
        : Selected 'very_fast' configuration 7 for module 'CDN_DP_region_3_2'.
          Optimizations applied to 'very_fast' configuration:
            rewriting(0), factoring(0), sharing(0), cmultcse(0), downsizing(0), speculation(0)
Info    : Implementing datapath configurations. [DPOPT-3]
        : Implementing datapath configurations for 'CDN_DP_region_3_1'
CSAGen Prep Share:0 Re-Write:0 Speculation: 0
CDN_DP_region_3_1 level = 0 loads = 0 drivers = 0
MaxCSA: Successfully built Maximal CSA Expression Expr39
CDN_DP_region_3_1_c0 in MatrixC0: area: 13245411020 ,dp = 12 mux = 0 sg = slow         worst_clk_period: -1.0000 
    wns: 0  norm_wns:  -1.0000 
    fail_endp: -1 
    tns:  0  tns_per_endp:  -1.0000   norm_tns_per_endp:  -1.0000 
    tns_sense_max:  -1.0000  tns_sense_avg:  -1.0000   tns_sense_num: -1
 skipped
CDN_DP_region_3_1_c1 in MatrixC0: area: 10744372360 ,dp = 5 mux = 0 sg = fast         worst_clk_period: -1.0000 
    wns: 0  norm_wns:  -1.0000 
    fail_endp: -1 
    tns:  0  tns_per_endp:  -1.0000   norm_tns_per_endp:  -1.0000 
    tns_sense_max:  -1.0000  tns_sense_avg:  -1.0000   tns_sense_num: -1
 is current best
CDN_DP_region_3_1_c2 in MatrixC0: area: 10744372360 ,dp = 5 mux = 0 sg = very_slow    worst_clk_period: -1.0000 
    wns: 0  norm_wns:  -1.0000 
    fail_endp: -1 
    tns:  0  tns_per_endp:  -1.0000   norm_tns_per_endp:  -1.0000 
    tns_sense_max:  -1.0000  tns_sense_avg:  -1.0000   tns_sense_num: -1
 is current best
CDN_DP_region_3_1_c3 in MatrixC0: area: 10744372360 ,dp = 5 mux = 0 sg = very_fast    worst_clk_period: -1.0000 
    wns: 0  norm_wns:  -1.0000 
    fail_endp: -1 
    tns:  0  tns_per_endp:  -1.0000   norm_tns_per_endp:  -1.0000 
    tns_sense_max:  -1.0000  tns_sense_avg:  -1.0000   tns_sense_num: -1
 is current best
CDN_DP_region_3_1_c4 in MatrixC0: area: 10744372360 ,dp = 5 mux = 0 sg = very_fast    worst_clk_period: -1.0000 
    wns: 0  norm_wns:  -1.0000 
    fail_endp: -1 
    tns:  0  tns_per_endp:  -1.0000   norm_tns_per_endp:  -1.0000 
    tns_sense_max:  -1.0000  tns_sense_avg:  -1.0000   tns_sense_num: -1
 is current best
CDN_DP_region_3_1_c5 in MatrixC0: area: 10744372360 ,dp = 5 mux = 0 sg = very_fast    worst_clk_period: -1.0000 
    wns: 0  norm_wns:  -1.0000 
    fail_endp: -1 
    tns:  0  tns_per_endp:  -1.0000   norm_tns_per_endp:  -1.0000 
    tns_sense_max:  -1.0000  tns_sense_avg:  -1.0000   tns_sense_num: -1
 is current best
CDN_DP_region_3_1_c6 in MatrixC0: area: 10744372360 ,dp = 5 mux = 0 sg = very_fast    worst_clk_period: -1.0000 
    wns: 0  norm_wns:  -1.0000 
    fail_endp: -1 
    tns:  0  tns_per_endp:  -1.0000   norm_tns_per_endp:  -1.0000 
    tns_sense_max:  -1.0000  tns_sense_avg:  -1.0000   tns_sense_num: -1
 is current best
CDN_DP_region_3_1_c7 in MatrixC0: area: 10528475525 ,dp = 5 mux = 0 sg = very_fast    worst_clk_period: -1.0000 
    wns: 0  norm_wns:  -1.0000 
    fail_endp: -1 
    tns:  0  tns_per_endp:  -1.0000   norm_tns_per_endp:  -1.0000 
    tns_sense_max:  -1.0000  tns_sense_avg:  -1.0000   tns_sense_num: -1
 is current best
Best config: CDN_DP_region_3_1_c7 in MatrixC0: area: 10528475525 ,dp = 5 mux = 0 sg = very_fast    worst_clk_period: -1.0000 
    wns: 0  norm_wns:  -1.0000 
    fail_endp: -1 
    tns:  0  tns_per_endp:  -1.0000   norm_tns_per_endp:  -1.0000 
    tns_sense_max:  -1.0000  tns_sense_avg:  -1.0000   tns_sense_num: -1
  Smallest config area : 10528475525.  Fastest config wns;  0
##>+----------------------------------------------------------------------------------------------------------------------------------------------------------------+
##>Summary table of configs (Best config is CDN_DP_region_3_1_c7)
##>+----------------------------------------------------------------------------------------------------------------------------------------------------------------+
##>                     0                  1                  2                  3                  4                  5                  6                  7            
##>+----------------------------------------------------------------------------------------------------------------------------------------------------------------+
##>           Area      13245411020        10744372360        10744372360        10744372360        10744372360        10744372360        10744372360        10528475525  
##>            WNS         +1410.40           +1434.20           +1434.20           +1434.20           +1434.20           +1434.20           +1434.20           +1434.20  
##>            TNS                0                  0                  0                  0                  0                  0                  0                  0  
##>    Num Rewrite                0                  4                  4                  4                  4                  4                  4                  0  
##>     Num Factor                0                  0                  0                  0                  0                  0                  0                  0  
##>      Num Share                0                  0                  0                  0                  0                  0                  0                  0  
##>   Num CmultCse                0                  0                  0                  0                  0                  0                  0                  0  
##>   Num Downsize                0                  0                  0                  0                  0                  0                  0                  0  
##>  Num Speculate                0                  0                  0                  0                  0                  0                  0                  0  
##>     Runtime(s)                0                  0                  0                  0                  0                  0                  0                  1  
+----------------------------------------------------------------------------------------------------------------------------------------------------------------+
##>
##>
##>+------------------------------------------------------------------------------------------------------------------------------------------------------------+
##>Optimization Step DEBUG Table for config CDN_DP_region_3_1_c7
##>
##>                          Step                        Area   ( % Chg)        WNS (Change)        TNS (Change)          Runtime (s)        Comment                   
##>+------------------------------------------------------------------------------------------------------------------------------------------------------------+
##>EquationExtraction              START            13245411020 (      )     1410.40 (        )             0 (        )              
##> rewrite                        START            26462783490 (+99.79)     1331.10 (  -79.30)             0 (       0)              (a,ar) Expr39_from --> Expr39_to
##>                                  END            38651141175 (+46.06)     1274.30 (  -56.80)             0 (       0)           0  
##>                                  END            25405730155 (+91.81)     1265.00 ( -145.40)             0 (       0)           0  
##>createMaxCarrySave              START            20967227690 (-17.47)     1294.40 (  +29.40)             0 (       0)              
##> datapath_rewrite_one_def       START            20967227690 ( +0.00)     1294.40 (   +0.00)             0 (       0)              
##>                                  END            20967227690 ( +0.00)     1294.40 (   +0.00)             0 (       0)           0  
##> csa_opto                       START            20967227690 ( +0.00)     1294.40 (   +0.00)             0 (       0)              
##>                                  END            10573337205 (-49.57)     1437.00 ( +142.60)             0 (       0)           0  
##>                                  END            10573337205 (-49.57)     1437.00 ( +142.60)             0 (       0)           0  
##>canonicalize_by_names           START            10573337205 ( +0.00)     1437.00 (   +0.00)             0 (       0)              
##>                                  END            10573337205 ( +0.00)     1437.00 (   +0.00)             0 (       0)           0  
##>datapath_rewrite_post_csa_one_  START            10573337205 ( +0.00)     1437.00 (   +0.00)             0 (       0)              
##>                                  END            10573337205 ( +0.00)     1437.00 (   +0.00)             0 (       0)           0  
##>datapath_csa_factoring_one_gde  START            10573337205 ( +0.00)     1437.00 (   +0.00)             0 (       0)              
##>                                  END            10573337205 ( +0.00)     1437.00 (   +0.00)             0 (       0)           0  
##>dpopt_share_one_def             START            10573337205 ( +0.00)     1437.00 (   +0.00)             0 (       0)              
##>                                  END            10573337205 ( +0.00)     1437.00 (   +0.00)             0 (       0)           0  
##>datapath_rewrite_post_share     START            10573337205 ( +0.00)     1437.00 (   +0.00)             0 (       0)              
##>                                  END            10573337205 ( +0.00)     1437.00 (   +0.00)             0 (       0)           0  
##>dp_combine_const_mult_with_com  START            10573337205 ( +0.00)     1437.00 (   +0.00)             0 (       0)              
##>                                  END            10573337205 ( +0.00)     1437.00 (   +0.00)             0 (       0)           0  
##>dp_operator_level_decompositio  START            10573337205 ( +0.00)     1437.00 (   +0.00)             0 (       0)              
##>                                  END            10573337205 ( +0.00)     1437.00 (   +0.00)             0 (       0)           0  
##>selective_flatten_dp_config     START            10573337205 ( +0.00)     1437.00 (   +0.00)             0 (       0)              
##>                                  END            10573337205 ( +0.00)     1437.00 (   +0.00)             0 (       0)           0  
##>createMaxCarrySave              START            10573337205 ( +0.00)     1437.00 (   +0.00)             0 (       0)              
##> datapath_rewrite_one_def       START            10573337205 ( +0.00)     1437.00 (   +0.00)             0 (       0)              
##>  fast_cse_elim                 START            10573337205 ( +0.00)     1437.00 (   +0.00)             0 (       0)              
##>                                  END            10573337205 ( +0.00)     1437.00 (   +0.00)             0 (       0)           0  
##>  fast_cse_elim                 START            10573337205 ( +0.00)     1437.00 (   +0.00)             0 (       0)              
##>                                  END            10573337205 ( +0.00)     1437.00 (   +0.00)             0 (       0)           0  
##>                                  END            10573337205 ( +0.00)     1437.00 (   +0.00)             0 (       0)           0  
##> csa_opto                       START            10573337205 ( +0.00)     1437.00 (   +0.00)             0 (       0)              
##>                                  END            10573337205 ( +0.00)     1437.00 (   +0.00)             0 (       0)           0  
##>                                  END            10573337205 ( +0.00)     1437.00 (   +0.00)             0 (       0)           0  
##>context_based_simplify          START            10528475525 ( -0.42)     1437.00 (   +0.00)             0 (       0)              
##>                                  END            10528475525 ( +0.00)     1437.00 (   +0.00)             0 (       0)           0  
##>group_csa_final_adder_dp        START            10528475525 ( +0.00)     1437.00 (   +0.00)             0 (       0)              
##>                                  END            10674275985 ( +1.38)     1434.20 (   -2.80)             0 (       0)           0  
##>dpopt_flatten_critical_muxes_i  START            10674275985 ( +0.00)     1434.20 (   +0.00)             0 (       0)              
##>                                  END            10674275985 ( +0.00)     1434.20 (   +0.00)             0 (       0)           0  
##>create_score                    START            10528475525 ( -1.37)     1434.20 (   +0.00)             0 (       0)              
##>                                  END            10528475525 ( +0.00)     1434.20 (   +0.00)             0 (       0)           0  
##>+------------------------------------------------------------------------------------------------------------------------------------------------------------+
Committed config: CDN_DP_region_3_1_c7
Info    : Done implementing datapath configurations. [DPOPT-4]
        : Selected 'very_fast' configuration 7 for module 'CDN_DP_region_3_1'.
          Optimizations applied to 'very_fast' configuration:
            rewriting(0), factoring(0), sharing(0), cmultcse(0), downsizing(0), speculation(0)
Info    : Implementing datapath configurations. [DPOPT-3]
        : Implementing datapath configurations for 'CDN_DP_region_3_0'
CSAGen Prep Share:0 Re-Write:0 Speculation: 0
CDN_DP_region_3_0 level = 0 loads = 0 drivers = 0
MaxCSA: Successfully built Maximal CSA Expression Expr40
CDN_DP_region_3_0_c0 in MatrixC0: area: 13245411020 ,dp = 12 mux = 0 sg = slow         worst_clk_period: -1.0000 
    wns: 0  norm_wns:  -1.0000 
    fail_endp: -1 
    tns:  0  tns_per_endp:  -1.0000   norm_tns_per_endp:  -1.0000 
    tns_sense_max:  -1.0000  tns_sense_avg:  -1.0000   tns_sense_num: -1
 skipped
CDN_DP_region_3_0_c1 in MatrixC0: area: 10744372360 ,dp = 5 mux = 0 sg = fast         worst_clk_period: -1.0000 
    wns: 0  norm_wns:  -1.0000 
    fail_endp: -1 
    tns:  0  tns_per_endp:  -1.0000   norm_tns_per_endp:  -1.0000 
    tns_sense_max:  -1.0000  tns_sense_avg:  -1.0000   tns_sense_num: -1
 is current best
CDN_DP_region_3_0_c2 in MatrixC0: area: 10744372360 ,dp = 5 mux = 0 sg = very_slow    worst_clk_period: -1.0000 
    wns: 0  norm_wns:  -1.0000 
    fail_endp: -1 
    tns:  0  tns_per_endp:  -1.0000   norm_tns_per_endp:  -1.0000 
    tns_sense_max:  -1.0000  tns_sense_avg:  -1.0000   tns_sense_num: -1
 is current best
CDN_DP_region_3_0_c3 in MatrixC0: area: 10744372360 ,dp = 5 mux = 0 sg = very_fast    worst_clk_period: -1.0000 
    wns: 0  norm_wns:  -1.0000 
    fail_endp: -1 
    tns:  0  tns_per_endp:  -1.0000   norm_tns_per_endp:  -1.0000 
    tns_sense_max:  -1.0000  tns_sense_avg:  -1.0000   tns_sense_num: -1
 is current best
CDN_DP_region_3_0_c4 in MatrixC0: area: 10744372360 ,dp = 5 mux = 0 sg = very_fast    worst_clk_period: -1.0000 
    wns: 0  norm_wns:  -1.0000 
    fail_endp: -1 
    tns:  0  tns_per_endp:  -1.0000   norm_tns_per_endp:  -1.0000 
    tns_sense_max:  -1.0000  tns_sense_avg:  -1.0000   tns_sense_num: -1
 is current best
CDN_DP_region_3_0_c5 in MatrixC0: area: 10744372360 ,dp = 5 mux = 0 sg = very_fast    worst_clk_period: -1.0000 
    wns: 0  norm_wns:  -1.0000 
    fail_endp: -1 
    tns:  0  tns_per_endp:  -1.0000   norm_tns_per_endp:  -1.0000 
    tns_sense_max:  -1.0000  tns_sense_avg:  -1.0000   tns_sense_num: -1
 is current best
CDN_DP_region_3_0_c6 in MatrixC0: area: 10744372360 ,dp = 5 mux = 0 sg = very_fast    worst_clk_period: -1.0000 
    wns: 0  norm_wns:  -1.0000 
    fail_endp: -1 
    tns:  0  tns_per_endp:  -1.0000   norm_tns_per_endp:  -1.0000 
    tns_sense_max:  -1.0000  tns_sense_avg:  -1.0000   tns_sense_num: -1
 is current best
CDN_DP_region_3_0_c7 in MatrixC0: area: 10528475525 ,dp = 5 mux = 0 sg = very_fast    worst_clk_period: -1.0000 
    wns: 0  norm_wns:  -1.0000 
    fail_endp: -1 
    tns:  0  tns_per_endp:  -1.0000   norm_tns_per_endp:  -1.0000 
    tns_sense_max:  -1.0000  tns_sense_avg:  -1.0000   tns_sense_num: -1
 is current best
Best config: CDN_DP_region_3_0_c7 in MatrixC0: area: 10528475525 ,dp = 5 mux = 0 sg = very_fast    worst_clk_period: -1.0000 
    wns: 0  norm_wns:  -1.0000 
    fail_endp: -1 
    tns:  0  tns_per_endp:  -1.0000   norm_tns_per_endp:  -1.0000 
    tns_sense_max:  -1.0000  tns_sense_avg:  -1.0000   tns_sense_num: -1
  Smallest config area : 10528475525.  Fastest config wns;  0
##>+----------------------------------------------------------------------------------------------------------------------------------------------------------------+
##>Summary table of configs (Best config is CDN_DP_region_3_0_c7)
##>+----------------------------------------------------------------------------------------------------------------------------------------------------------------+
##>                     0                  1                  2                  3                  4                  5                  6                  7            
##>+----------------------------------------------------------------------------------------------------------------------------------------------------------------+
##>           Area      13245411020        10744372360        10744372360        10744372360        10744372360        10744372360        10744372360        10528475525  
##>            WNS         +1404.50           +1431.30           +1431.30           +1431.30           +1431.30           +1431.30           +1431.30           +1431.30  
##>            TNS                0                  0                  0                  0                  0                  0                  0                  0  
##>    Num Rewrite                0                  4                  4                  4                  4                  4                  4                  0  
##>     Num Factor                0                  0                  0                  0                  0                  0                  0                  0  
##>      Num Share                0                  0                  0                  0                  0                  0                  0                  0  
##>   Num CmultCse                0                  0                  0                  0                  0                  0                  0                  0  
##>   Num Downsize                0                  0                  0                  0                  0                  0                  0                  0  
##>  Num Speculate                0                  0                  0                  0                  0                  0                  0                  0  
##>     Runtime(s)                0                  0                  0                  0                  0                  0                  0                  1  
+----------------------------------------------------------------------------------------------------------------------------------------------------------------+
##>
##>
##>+------------------------------------------------------------------------------------------------------------------------------------------------------------+
##>Optimization Step DEBUG Table for config CDN_DP_region_3_0_c7
##>
##>                          Step                        Area   ( % Chg)        WNS (Change)        TNS (Change)          Runtime (s)        Comment                   
##>+------------------------------------------------------------------------------------------------------------------------------------------------------------+
##>EquationExtraction              START            13245411020 (      )     1404.50 (        )             0 (        )              
##> rewrite                        START            26462783490 (+99.79)     1331.60 (  -72.90)             0 (       0)              (a,ar) Expr40_from --> Expr40_to
##>                                  END            38651141175 (+46.06)     1274.80 (  -56.80)             0 (       0)           0  
##>                                  END            25405730155 (+91.81)     1266.30 ( -138.20)             0 (       0)           0  
##>createMaxCarrySave              START            20967227690 (-17.47)     1289.50 (  +23.20)             0 (       0)              
##> datapath_rewrite_one_def       START            20967227690 ( +0.00)     1289.50 (   +0.00)             0 (       0)              
##>                                  END            20967227690 ( +0.00)     1289.50 (   +0.00)             0 (       0)           0  
##> csa_opto                       START            20967227690 ( +0.00)     1289.50 (   +0.00)             0 (       0)              
##>                                  END            10573337205 (-49.57)     1434.10 ( +144.60)             0 (       0)           0  
##>                                  END            10573337205 (-49.57)     1434.10 ( +144.60)             0 (       0)           0  
##>canonicalize_by_names           START            10573337205 ( +0.00)     1434.10 (   +0.00)             0 (       0)              
##>                                  END            10573337205 ( +0.00)     1434.10 (   +0.00)             0 (       0)           0  
##>datapath_rewrite_post_csa_one_  START            10573337205 ( +0.00)     1434.10 (   +0.00)             0 (       0)              
##>                                  END            10573337205 ( +0.00)     1434.10 (   +0.00)             0 (       0)           0  
##>datapath_csa_factoring_one_gde  START            10573337205 ( +0.00)     1434.10 (   +0.00)             0 (       0)              
##>                                  END            10573337205 ( +0.00)     1434.10 (   +0.00)             0 (       0)           0  
##>dpopt_share_one_def             START            10573337205 ( +0.00)     1434.10 (   +0.00)             0 (       0)              
##>                                  END            10573337205 ( +0.00)     1434.10 (   +0.00)             0 (       0)           0  
##>datapath_rewrite_post_share     START            10573337205 ( +0.00)     1434.10 (   +0.00)             0 (       0)              
##>                                  END            10573337205 ( +0.00)     1434.10 (   +0.00)             0 (       0)           0  
##>dp_combine_const_mult_with_com  START            10573337205 ( +0.00)     1434.10 (   +0.00)             0 (       0)              
##>                                  END            10573337205 ( +0.00)     1434.10 (   +0.00)             0 (       0)           0  
##>dp_operator_level_decompositio  START            10573337205 ( +0.00)     1434.10 (   +0.00)             0 (       0)              
##>                                  END            10573337205 ( +0.00)     1434.10 (   +0.00)             0 (       0)           0  
##>selective_flatten_dp_config     START            10573337205 ( +0.00)     1434.10 (   +0.00)             0 (       0)              
##>                                  END            10573337205 ( +0.00)     1434.10 (   +0.00)             0 (       0)           0  
##>createMaxCarrySave              START            10573337205 ( +0.00)     1434.10 (   +0.00)             0 (       0)              
##> datapath_rewrite_one_def       START            10573337205 ( +0.00)     1434.10 (   +0.00)             0 (       0)              
##>  fast_cse_elim                 START            10573337205 ( +0.00)     1434.10 (   +0.00)             0 (       0)              
##>                                  END            10573337205 ( +0.00)     1434.10 (   +0.00)             0 (       0)           0  
##>  fast_cse_elim                 START            10573337205 ( +0.00)     1434.10 (   +0.00)             0 (       0)              
##>                                  END            10573337205 ( +0.00)     1434.10 (   +0.00)             0 (       0)           0  
##>                                  END            10573337205 ( +0.00)     1434.10 (   +0.00)             0 (       0)           0  
##> csa_opto                       START            10573337205 ( +0.00)     1434.10 (   +0.00)             0 (       0)              
##>                                  END            10573337205 ( +0.00)     1434.10 (   +0.00)             0 (       0)           0  
##>                                  END            10573337205 ( +0.00)     1434.10 (   +0.00)             0 (       0)           0  
##>context_based_simplify          START            10528475525 ( -0.42)     1434.10 (   +0.00)             0 (       0)              
##>                                  END            10528475525 ( +0.00)     1434.10 (   +0.00)             0 (       0)           0  
##>group_csa_final_adder_dp        START            10528475525 ( +0.00)     1434.10 (   +0.00)             0 (       0)              
##>                                  END            10674275985 ( +1.38)     1430.30 (   -3.80)             0 (       0)           0  
##>dpopt_flatten_critical_muxes_i  START            10674275985 ( +0.00)     1430.30 (   +0.00)             0 (       0)              
##>                                  END            10674275985 ( +0.00)     1430.30 (   +0.00)             0 (       0)           0  
##>create_score                    START            10528475525 ( -1.37)     1431.30 (   +1.00)             0 (       0)              
##>                                  END            10528475525 ( +0.00)     1431.30 (   +0.00)             0 (       0)           0  
##>+------------------------------------------------------------------------------------------------------------------------------------------------------------+
Committed config: CDN_DP_region_3_0_c7
Info    : Done implementing datapath configurations. [DPOPT-4]
        : Selected 'very_fast' configuration 7 for module 'CDN_DP_region_3_0'.
          Optimizations applied to 'very_fast' configuration:
            rewriting(0), factoring(0), sharing(0), cmultcse(0), downsizing(0), speculation(0)
Warning : Maximum message print count reached. [MESG-11]
        : Maximum print count of '20' reached for message 'DPOPT-3'.
CSAGen Prep Share:0 Re-Write:10 Speculation: 0
MaxCSA: Successfully built Maximal CSA Expression Expr41
MaxCSA: Successfully built Maximal CSA Expression Expr42
MaxCSA: Successfully built Maximal CSA Expression Expr43
MaxCSA: Successfully built Maximal CSA Expression Expr44
MaxCSA: Successfully built Maximal CSA Expression Expr45
MaxCSA: Successfully built Maximal CSA Expression Expr46
CDN_DP_region_15_0 level = 0 loads = 1 drivers = 1 is driven by : CDN_DP_region_0_1 
CDN_DP_region_15_0_c0 in WeightTransformRowConst_3: area: 65484033525 ,dp = 37 mux = 5 sg = slow         worst_clk_period: -1.0000 
    wns: 0  norm_wns:  -1.0000 
    fail_endp: -1 
    tns:  0  tns_per_endp:  -1.0000   norm_tns_per_endp:  -1.0000 
    tns_sense_max:  -1.0000  tns_sense_avg:  -1.0000   tns_sense_num: -1
 skipped
CDN_DP_region_15_0_c1 in WeightTransformRowConst_3: area: 59890342800 ,dp = 21 mux = 5 sg = fast         worst_clk_period: -1.0000 
    wns: 0  norm_wns:  -1.0000 
    fail_endp: -1 
    tns:  0  tns_per_endp:  -1.0000   norm_tns_per_endp:  -1.0000 
    tns_sense_max:  -1.0000  tns_sense_avg:  -1.0000   tns_sense_num: -1
 is current best
CDN_DP_region_15_0_c2 in WeightTransformRowConst_3: area: 59015540040 ,dp = 20 mux = 5 sg = very_slow    worst_clk_period: -1.0000 
    wns: 0  norm_wns:  -1.0000 
    fail_endp: -1 
    tns:  0  tns_per_endp:  -1.0000   norm_tns_per_endp:  -1.0000 
    tns_sense_max:  -1.0000  tns_sense_avg:  -1.0000   tns_sense_num: -1
 is current best
CDN_DP_region_15_0_c3 in WeightTransformRowConst_3: area: 59890342800 ,dp = 21 mux = 5 sg = very_fast    worst_clk_period: -1.0000 
    wns: 0  norm_wns:  -1.0000 
    fail_endp: -1 
    tns:  0  tns_per_endp:  -1.0000   norm_tns_per_endp:  -1.0000 
    tns_sense_max:  -1.0000  tns_sense_avg:  -1.0000   tns_sense_num: -1

CDN_DP_region_15_0_c4 in WeightTransformRowConst_3: area: 59015540040 ,dp = 20 mux = 5 sg = very_fast    worst_clk_period: -1.0000 
    wns: 0  norm_wns:  -1.0000 
    fail_endp: -1 
    tns:  0  tns_per_endp:  -1.0000   norm_tns_per_endp:  -1.0000 
    tns_sense_max:  -1.0000  tns_sense_avg:  -1.0000   tns_sense_num: -1
 is current best
CDN_DP_region_15_0_c5 in WeightTransformRowConst_3: area: 59015540040 ,dp = 20 mux = 5 sg = very_fast    worst_clk_period: -1.0000 
    wns: 0  norm_wns:  -1.0000 
    fail_endp: -1 
    tns:  0  tns_per_endp:  -1.0000   norm_tns_per_endp:  -1.0000 
    tns_sense_max:  -1.0000  tns_sense_avg:  -1.0000   tns_sense_num: -1
 is current best
CDN_DP_region_15_0_c6 in WeightTransformRowConst_3: area: 59890342800 ,dp = 21 mux = 5 sg = very_fast    worst_clk_period: -1.0000 
    wns: 0  norm_wns:  -1.0000 
    fail_endp: -1 
    tns:  0  tns_per_endp:  -1.0000   norm_tns_per_endp:  -1.0000 
    tns_sense_max:  -1.0000  tns_sense_avg:  -1.0000   tns_sense_num: -1

CDN_DP_region_15_0_c7 in WeightTransformRowConst_3: area: 59503410810 ,dp = 20 mux = 5 sg = very_fast    worst_clk_period: -1.0000 
    wns: 0  norm_wns:  -1.0000 
    fail_endp: -1 
    tns:  0  tns_per_endp:  -1.0000   norm_tns_per_endp:  -1.0000 
    tns_sense_max:  -1.0000  tns_sense_avg:  -1.0000   tns_sense_num: -1

Best config: CDN_DP_region_15_0_c5 in WeightTransformRowConst_3: area: 59015540040 ,dp = 20 mux = 5 sg = very_fast    worst_clk_period: -1.0000 
    wns: 0  norm_wns:  -1.0000 
    fail_endp: -1 
    tns:  0  tns_per_endp:  -1.0000   norm_tns_per_endp:  -1.0000 
    tns_sense_max:  -1.0000  tns_sense_avg:  -1.0000   tns_sense_num: -1
  Smallest config area : 59015540040.  Fastest config wns;  0
##>+----------------------------------------------------------------------------------------------------------------------------------------------------------------+
##>Summary table of configs (Best config is CDN_DP_region_15_0_c5)
##>+----------------------------------------------------------------------------------------------------------------------------------------------------------------+
##>                     0                  1                  2                  3                  4                  5                  6                  7            
##>+----------------------------------------------------------------------------------------------------------------------------------------------------------------+
##>           Area      65484033525        59890342800        59015540040        59890342800        59015540040        59015540040        59890342800        59503410810  
##>            WNS          +367.10            +366.00            +367.10            +366.00            +367.10            +367.10            +366.00            +366.00  
##>            TNS                0                  0                  0                  0                  0                  0                  0                  0  
##>    Num Rewrite                0                  1                  0                  1                  0                  0                  1                 10  
##>     Num Factor                0                  0                  0                  0                  0                  0                  0                  0  
##>      Num Share                0                  0                  0                  0                  0                  0                  0                  0  
##>   Num CmultCse                0                  0                  0                  0                  0                  0                  0                  0  
##>   Num Downsize                0                  0                  0                  0                  0                  0                  0                  0  
##>  Num Speculate                0                  0                  0                  0                  0                  0                  0                  0  
##>     Runtime(s)                0                  2                  1                  2                  1                  1                  2                  6  
+----------------------------------------------------------------------------------------------------------------------------------------------------------------+
##>
##>
##>+------------------------------------------------------------------------------------------------------------------------------------------------------------+
##>Optimization Step DEBUG Table for config CDN_DP_region_15_0_c5
##>
##>                          Step                        Area   ( % Chg)        WNS (Change)        TNS (Change)          Runtime (s)        Comment                   
##>+------------------------------------------------------------------------------------------------------------------------------------------------------------+
##>createMaxCarrySave              START            65484033525 (      )      367.10 (        )             0 (        )              
##> datapath_rewrite_one_def       START            65484033525 ( +0.00)      367.10 (   +0.00)             0 (       0)              
##>  fast_cse_elim                 START            65484033525 ( +0.00)      367.10 (   +0.00)             0 (       0)              
##>                                  END            65484033525 ( +0.00)      367.10 (   +0.00)             0 (       0)           0  
##>  fast_cse_elim                 START            65484033525 ( +0.00)      367.10 (   +0.00)             0 (       0)              
##>                                  END            65484033525 ( +0.00)      367.10 (   +0.00)             0 (       0)           0  
##>                                  END            65484033525 ( +0.00)      367.10 (   +0.00)             0 (       0)           0  
##> csa_opto                       START            65484033525 ( +0.00)      367.10 (   +0.00)             0 (       0)              
##>                                  END            59441726000 ( -9.23)      367.10 (   +0.00)             0 (       0)           0  
##>                                  END            59441726000 ( -9.23)      367.10 (   +0.00)             0 (       0)           0  
##>canonicalize_by_names           START            59441726000 ( +0.00)      367.10 (   +0.00)             0 (       0)              
##>                                  END            59441726000 ( +0.00)      367.10 (   +0.00)             0 (       0)           0  
##>datapath_rewrite_post_csa_one_  START            59441726000 ( +0.00)      367.10 (   +0.00)             0 (       0)              
##>                                  END            59441726000 ( +0.00)      367.10 (   +0.00)             0 (       0)           0  
##>datapath_csa_factoring_one_gde  START            59441726000 ( +0.00)      367.10 (   +0.00)             0 (       0)              
##>                                  END            59441726000 ( +0.00)      367.10 (   +0.00)             0 (       0)           0  
##>dpopt_share_one_def             START            59441726000 ( +0.00)      367.10 (   +0.00)             0 (       0)              
##>                                  END            59441726000 ( +0.00)      367.10 (   +0.00)             0 (       0)           0  
##>datapath_rewrite_post_share     START            59441726000 ( +0.00)      367.10 (   +0.00)             0 (       0)              
##>                                  END            59441726000 ( +0.00)      367.10 (   +0.00)             0 (       0)           0  
##>dp_combine_const_mult_with_com  START            59441726000 ( +0.00)      367.10 (   +0.00)             0 (       0)              
##>                                  END            59441726000 ( +0.00)      367.10 (   +0.00)             0 (       0)           0  
##>dp_operator_level_decompositio  START            59441726000 ( +0.00)      367.10 (   +0.00)             0 (       0)              
##>                                  END            59441726000 ( +0.00)      367.10 (   +0.00)             0 (       0)           0  
##>selective_flatten_dp_config     START            59441726000 ( +0.00)      367.10 (   +0.00)             0 (       0)              
##>                                  END            59441726000 ( +0.00)      367.10 (   +0.00)             0 (       0)           0  
##>createMaxCarrySave              START            59441726000 ( +0.00)      367.10 (   +0.00)             0 (       0)              
##> datapath_rewrite_one_def       START            59441726000 ( +0.00)      367.10 (   +0.00)             0 (       0)              
##>  fast_cse_elim                 START            59441726000 ( +0.00)      367.10 (   +0.00)             0 (       0)              
##>                                  END            59441726000 ( +0.00)      367.10 (   +0.00)             0 (       0)           0  
##>  fast_cse_elim                 START            59441726000 ( +0.00)      367.10 (   +0.00)             0 (       0)              
##>                                  END            59441726000 ( +0.00)      367.10 (   +0.00)             0 (       0)           0  
##>                                  END            59441726000 ( +0.00)      367.10 (   +0.00)             0 (       0)           0  
##> csa_opto                       START            59441726000 ( +0.00)      367.10 (   +0.00)             0 (       0)              
##>                                  END            59441726000 ( +0.00)      367.10 (   +0.00)             0 (       0)           0  
##>                                  END            59441726000 ( +0.00)      367.10 (   +0.00)             0 (       0)           0  
##>context_based_simplify          START            59015540040 ( -0.72)      367.10 (   +0.00)             0 (       0)              
##>                                  END            59015540040 ( +0.00)      367.10 (   +0.00)             0 (       0)           0  
##>group_csa_final_adder_dp        START            59015540040 ( +0.00)      367.10 (   +0.00)             0 (       0)              
##>                                  END            59015540040 ( +0.00)      367.10 (   +0.00)             0 (       0)           0  
##>dpopt_flatten_critical_muxes_i  START            59015540040 ( +0.00)      367.10 (   +0.00)             0 (       0)              
##>                                  END            59015540040 ( +0.00)      367.10 (   +0.00)             0 (       0)           0  
##>create_score                    START            59015540040 ( +0.00)      367.10 (   +0.00)             0 (       0)              
##>                                  END            59015540040 ( +0.00)      367.10 (   +0.00)             0 (       0)           0  
##>+------------------------------------------------------------------------------------------------------------------------------------------------------------+
Committed config: CDN_DP_region_15_0_c5
Warning : Maximum message print count reached. [MESG-11]
        : Maximum print count of '20' reached for message 'DPOPT-4'.
          Optimizations applied to 'very_fast' configuration:
            rewriting(0), factoring(0), sharing(0), cmultcse(0), downsizing(0), speculation(0)
CSAGen Prep Share:0 Re-Write:10 Speculation: 0
MaxCSA: Successfully built Maximal CSA Expression Expr47
MaxCSA: Successfully built Maximal CSA Expression Expr48
MaxCSA: Successfully built Maximal CSA Expression Expr49
MaxCSA: Successfully built Maximal CSA Expression Expr50
MaxCSA: Successfully built Maximal CSA Expression Expr51
MaxCSA: Successfully built Maximal CSA Expression Expr52
CDN_DP_region_11_0 level = 0 loads = 1 drivers = 1 is driven by : CDN_DP_region_0_1 
CDN_DP_region_11_0_c0 in WeightTransformRowConst: area: 65085886115 ,dp = 37 mux = 5 sg = slow         worst_clk_period: -1.0000 
    wns: 0  norm_wns:  -1.0000 
    fail_endp: -1 
    tns:  0  tns_per_endp:  -1.0000   norm_tns_per_endp:  -1.0000 
    tns_sense_max:  -1.0000  tns_sense_avg:  -1.0000   tns_sense_num: -1
 skipped
CDN_DP_region_11_0_c1 in WeightTransformRowConst: area: 59727719210 ,dp = 21 mux = 5 sg = fast         worst_clk_period: -1.0000 
    wns: 0  norm_wns:  -1.0000 
    fail_endp: -1 
    tns:  0  tns_per_endp:  -1.0000   norm_tns_per_endp:  -1.0000 
    tns_sense_max:  -1.0000  tns_sense_avg:  -1.0000   tns_sense_num: -1
 is current best
CDN_DP_region_11_0_c2 in WeightTransformRowConst: area: 58858524160 ,dp = 20 mux = 5 sg = very_slow    worst_clk_period: -1.0000 
    wns: 0  norm_wns:  -1.0000 
    fail_endp: -1 
    tns:  0  tns_per_endp:  -1.0000   norm_tns_per_endp:  -1.0000 
    tns_sense_max:  -1.0000  tns_sense_avg:  -1.0000   tns_sense_num: -1
 is current best
CDN_DP_region_11_0_c3 in WeightTransformRowConst: area: 59727719210 ,dp = 21 mux = 5 sg = very_fast    worst_clk_period: -1.0000 
    wns: 0  norm_wns:  -1.0000 
    fail_endp: -1 
    tns:  0  tns_per_endp:  -1.0000   norm_tns_per_endp:  -1.0000 
    tns_sense_max:  -1.0000  tns_sense_avg:  -1.0000   tns_sense_num: -1

CDN_DP_region_11_0_c4 in WeightTransformRowConst: area: 58858524160 ,dp = 20 mux = 5 sg = very_fast    worst_clk_period: -1.0000 
    wns: 0  norm_wns:  -1.0000 
    fail_endp: -1 
    tns:  0  tns_per_endp:  -1.0000   norm_tns_per_endp:  -1.0000 
    tns_sense_max:  -1.0000  tns_sense_avg:  -1.0000   tns_sense_num: -1
 is current best
CDN_DP_region_11_0_c5 in WeightTransformRowConst: area: 58858524160 ,dp = 20 mux = 5 sg = very_fast    worst_clk_period: -1.0000 
    wns: 0  norm_wns:  -1.0000 
    fail_endp: -1 
    tns:  0  tns_per_endp:  -1.0000   norm_tns_per_endp:  -1.0000 
    tns_sense_max:  -1.0000  tns_sense_avg:  -1.0000   tns_sense_num: -1
 is current best
CDN_DP_region_11_0_c6 in WeightTransformRowConst: area: 59727719210 ,dp = 21 mux = 5 sg = very_fast    worst_clk_period: -1.0000 
    wns: 0  norm_wns:  -1.0000 
    fail_endp: -1 
    tns:  0  tns_per_endp:  -1.0000   norm_tns_per_endp:  -1.0000 
    tns_sense_max:  -1.0000  tns_sense_avg:  -1.0000   tns_sense_num: -1

CDN_DP_region_11_0_c7 in WeightTransformRowConst: area: 59377237335 ,dp = 20 mux = 5 sg = very_fast    worst_clk_period: -1.0000 
    wns: 0  norm_wns:  -1.0000 
    fail_endp: -1 
    tns:  0  tns_per_endp:  -1.0000   norm_tns_per_endp:  -1.0000 
    tns_sense_max:  -1.0000  tns_sense_avg:  -1.0000   tns_sense_num: -1

Best config: CDN_DP_region_11_0_c5 in WeightTransformRowConst: area: 58858524160 ,dp = 20 mux = 5 sg = very_fast    worst_clk_period: -1.0000 
    wns: 0  norm_wns:  -1.0000 
    fail_endp: -1 
    tns:  0  tns_per_endp:  -1.0000   norm_tns_per_endp:  -1.0000 
    tns_sense_max:  -1.0000  tns_sense_avg:  -1.0000   tns_sense_num: -1
  Smallest config area : 58858524160.  Fastest config wns;  0
##>+----------------------------------------------------------------------------------------------------------------------------------------------------------------+
##>Summary table of configs (Best config is CDN_DP_region_11_0_c5)
##>+----------------------------------------------------------------------------------------------------------------------------------------------------------------+
##>                     0                  1                  2                  3                  4                  5                  6                  7            
##>+----------------------------------------------------------------------------------------------------------------------------------------------------------------+
##>           Area      65085886115        59727719210        58858524160        59727719210        58858524160        58858524160        59727719210        59377237335  
##>            WNS          +376.00            +376.00            +376.00            +376.00            +376.00            +376.00            +376.00            +375.00  
##>            TNS                0                  0                  0                  0                  0                  0                  0                  0  
##>    Num Rewrite                0                  1                  0                  1                  0                  0                  1                 10  
##>     Num Factor                0                  0                  0                  0                  0                  0                  0                  0  
##>      Num Share                0                  0                  0                  0                  0                  0                  0                  0  
##>   Num CmultCse                0                  0                  0                  0                  0                  0                  0                  0  
##>   Num Downsize                0                  0                  0                  0                  0                  0                  0                  0  
##>  Num Speculate                0                  0                  0                  0                  0                  0                  0                  0  
##>     Runtime(s)                0                  1                  1                  1                  1                  1                  1                  5  
+----------------------------------------------------------------------------------------------------------------------------------------------------------------+
##>
##>
##>+------------------------------------------------------------------------------------------------------------------------------------------------------------+
##>Optimization Step DEBUG Table for config CDN_DP_region_11_0_c5
##>
##>                          Step                        Area   ( % Chg)        WNS (Change)        TNS (Change)          Runtime (s)        Comment                   
##>+------------------------------------------------------------------------------------------------------------------------------------------------------------+
##>createMaxCarrySave              START            65085886115 (      )      376.00 (        )             0 (        )              
##> datapath_rewrite_one_def       START            65085886115 ( +0.00)      376.00 (   +0.00)             0 (       0)              
##>  fast_cse_elim                 START            65085886115 ( +0.00)      376.00 (   +0.00)             0 (       0)              
##>                                  END            65085886115 ( +0.00)      376.00 (   +0.00)             0 (       0)           0  
##>  fast_cse_elim                 START            65085886115 ( +0.00)      376.00 (   +0.00)             0 (       0)              
##>                                  END            65085886115 ( +0.00)      376.00 (   +0.00)             0 (       0)           0  
##>                                  END            65085886115 ( +0.00)      376.00 (   +0.00)             0 (       0)           0  
##> csa_opto                       START            65085886115 ( +0.00)      376.00 (   +0.00)             0 (       0)              
##>                                  END            59211809890 ( -9.03)      376.00 (   +0.00)             0 (       0)           0  
##>                                  END            59211809890 ( -9.03)      376.00 (   +0.00)             0 (       0)           0  
##>canonicalize_by_names           START            59211809890 ( +0.00)      376.00 (   +0.00)             0 (       0)              
##>                                  END            59211809890 ( +0.00)      376.00 (   +0.00)             0 (       0)           0  
##>datapath_rewrite_post_csa_one_  START            59211809890 ( +0.00)      376.00 (   +0.00)             0 (       0)              
##>                                  END            59211809890 ( +0.00)      376.00 (   +0.00)             0 (       0)           0  
##>datapath_csa_factoring_one_gde  START            59211809890 ( +0.00)      376.00 (   +0.00)             0 (       0)              
##>                                  END            59211809890 ( +0.00)      376.00 (   +0.00)             0 (       0)           0  
##>dpopt_share_one_def             START            59211809890 ( +0.00)      376.00 (   +0.00)             0 (       0)              
##>                                  END            59211809890 ( +0.00)      376.00 (   +0.00)             0 (       0)           0  
##>datapath_rewrite_post_share     START            59211809890 ( +0.00)      376.00 (   +0.00)             0 (       0)              
##>                                  END            59211809890 ( +0.00)      376.00 (   +0.00)             0 (       0)           0  
##>dp_combine_const_mult_with_com  START            59211809890 ( +0.00)      376.00 (   +0.00)             0 (       0)              
##>                                  END            59211809890 ( +0.00)      376.00 (   +0.00)             0 (       0)           0  
##>dp_operator_level_decompositio  START            59211809890 ( +0.00)      376.00 (   +0.00)             0 (       0)              
##>                                  END            59211809890 ( +0.00)      376.00 (   +0.00)             0 (       0)           0  
##>selective_flatten_dp_config     START            59211809890 ( +0.00)      376.00 (   +0.00)             0 (       0)              
##>                                  END            59211809890 ( +0.00)      376.00 (   +0.00)             0 (       0)           0  
##>createMaxCarrySave              START            59211809890 ( +0.00)      376.00 (   +0.00)             0 (       0)              
##> datapath_rewrite_one_def       START            59211809890 ( +0.00)      376.00 (   +0.00)             0 (       0)              
##>  fast_cse_elim                 START            59211809890 ( +0.00)      376.00 (   +0.00)             0 (       0)              
##>                                  END            59211809890 ( +0.00)      376.00 (   +0.00)             0 (       0)           0  
##>  fast_cse_elim                 START            59211809890 ( +0.00)      376.00 (   +0.00)             0 (       0)              
##>                                  END            59211809890 ( +0.00)      376.00 (   +0.00)             0 (       0)           0  
##>                                  END            59211809890 ( +0.00)      376.00 (   +0.00)             0 (       0)           0  
##> csa_opto                       START            59211809890 ( +0.00)      376.00 (   +0.00)             0 (       0)              
##>                                  END            59211809890 ( +0.00)      376.00 (   +0.00)             0 (       0)           0  
##>                                  END            59211809890 ( +0.00)      376.00 (   +0.00)             0 (       0)           0  
##>context_based_simplify          START            58858524160 ( -0.60)      376.00 (   +0.00)             0 (       0)              
##>                                  END            58858524160 ( +0.00)      376.00 (   +0.00)             0 (       0)           0  
##>group_csa_final_adder_dp        START            58858524160 ( +0.00)      376.00 (   +0.00)             0 (       0)              
##>                                  END            58858524160 ( +0.00)      376.00 (   +0.00)             0 (       0)           0  
##>dpopt_flatten_critical_muxes_i  START            58858524160 ( +0.00)      376.00 (   +0.00)             0 (       0)              
##>                                  END            58858524160 ( +0.00)      376.00 (   +0.00)             0 (       0)           0  
##>create_score                    START            58858524160 ( +0.00)      376.00 (   +0.00)             0 (       0)              
##>                                  END            58858524160 ( +0.00)      376.00 (   +0.00)             0 (       0)           0  
##>+------------------------------------------------------------------------------------------------------------------------------------------------------------+
Committed config: CDN_DP_region_11_0_c5
          Optimizations applied to 'very_fast' configuration:
            rewriting(0), factoring(0), sharing(0), cmultcse(0), downsizing(0), speculation(0)
CSAGen Prep Share:0 Re-Write:0 Speculation: 0
MaxCSA: Successfully built Maximal CSA Expression Expr53
CDN_DP_region_0_8 level = 0 loads = 0 drivers = 0
CDN_DP_region_0_8_c0 in Conv: area: 30842405 ,dp = 2 mux = 0 sg = slow         worst_clk_period: -1.0000 
    wns: 0  norm_wns:  -1.0000 
    fail_endp: -1 
    tns:  0  tns_per_endp:  -1.0000   norm_tns_per_endp:  -1.0000 
    tns_sense_max:  -1.0000  tns_sense_avg:  -1.0000   tns_sense_num: -1
 skipped
CDN_DP_region_0_8_c1 in Conv: area: 22430840 ,dp = 2 mux = 0 sg = fast         worst_clk_period: -1.0000 
    wns: 0  norm_wns:  -1.0000 
    fail_endp: -1 
    tns:  0  tns_per_endp:  -1.0000   norm_tns_per_endp:  -1.0000 
    tns_sense_max:  -1.0000  tns_sense_avg:  -1.0000   tns_sense_num: -1
 is current best
CDN_DP_region_0_8_c2 in Conv: area: 22430840 ,dp = 2 mux = 0 sg = very_slow    worst_clk_period: -1.0000 
    wns: 0  norm_wns:  -1.0000 
    fail_endp: -1 
    tns:  0  tns_per_endp:  -1.0000   norm_tns_per_endp:  -1.0000 
    tns_sense_max:  -1.0000  tns_sense_avg:  -1.0000   tns_sense_num: -1
 is current best
CDN_DP_region_0_8_c3 in Conv: area: 22430840 ,dp = 2 mux = 0 sg = very_fast    worst_clk_period: -1.0000 
    wns: 0  norm_wns:  -1.0000 
    fail_endp: -1 
    tns:  0  tns_per_endp:  -1.0000   norm_tns_per_endp:  -1.0000 
    tns_sense_max:  -1.0000  tns_sense_avg:  -1.0000   tns_sense_num: -1
 is current best
CDN_DP_region_0_8_c4 in Conv: area: 22430840 ,dp = 2 mux = 0 sg = very_fast    worst_clk_period: -1.0000 
    wns: 0  norm_wns:  -1.0000 
    fail_endp: -1 
    tns:  0  tns_per_endp:  -1.0000   norm_tns_per_endp:  -1.0000 
    tns_sense_max:  -1.0000  tns_sense_avg:  -1.0000   tns_sense_num: -1
 is current best
CDN_DP_region_0_8_c5 in Conv: area: 22430840 ,dp = 2 mux = 0 sg = very_fast    worst_clk_period: -1.0000 
    wns: 0  norm_wns:  -1.0000 
    fail_endp: -1 
    tns:  0  tns_per_endp:  -1.0000   norm_tns_per_endp:  -1.0000 
    tns_sense_max:  -1.0000  tns_sense_avg:  -1.0000   tns_sense_num: -1
 is current best
CDN_DP_region_0_8_c6 in Conv: area: 22430840 ,dp = 2 mux = 0 sg = very_fast    worst_clk_period: -1.0000 
    wns: 0  norm_wns:  -1.0000 
    fail_endp: -1 
    tns:  0  tns_per_endp:  -1.0000   norm_tns_per_endp:  -1.0000 
    tns_sense_max:  -1.0000  tns_sense_avg:  -1.0000   tns_sense_num: -1
 is current best
CDN_DP_region_0_8_c7 in Conv: area: 30842405 ,dp = 2 mux = 0 sg = very_fast    worst_clk_period: -1.0000 
    wns: 0  norm_wns:  -1.0000 
    fail_endp: -1 
    tns:  0  tns_per_endp:  -1.0000   norm_tns_per_endp:  -1.0000 
    tns_sense_max:  -1.0000  tns_sense_avg:  -1.0000   tns_sense_num: -1

Best config: CDN_DP_region_0_8_c6 in Conv: area: 22430840 ,dp = 2 mux = 0 sg = very_fast    worst_clk_period: -1.0000 
    wns: 0  norm_wns:  -1.0000 
    fail_endp: -1 
    tns:  0  tns_per_endp:  -1.0000   norm_tns_per_endp:  -1.0000 
    tns_sense_max:  -1.0000  tns_sense_avg:  -1.0000   tns_sense_num: -1
  Smallest config area : 22430840.  Fastest config wns;  0
##>+----------------------------------------------------------------------------------------------------------------------------------------------------------------+
##>Summary table of configs (Best config is CDN_DP_region_0_8_c6)
##>+----------------------------------------------------------------------------------------------------------------------------------------------------------------+
##>                     0                  1                  2                  3                  4                  5                  6                  7            
##>+----------------------------------------------------------------------------------------------------------------------------------------------------------------+
##>           Area         30842405           22430840           22430840           22430840           22430840           22430840           22430840           30842405  
##>            WNS         +1470.70           +1470.70           +1470.70           +1470.70           +1470.70           +1470.70           +1470.70           +1471.70  
##>            TNS                0                  0                  0                  0                  0                  0                  0                  0  
##>    Num Rewrite                0                  0                  0                  0                  0                  0                  0                  0  
##>     Num Factor                0                  0                  0                  0                  0                  0                  0                  0  
##>      Num Share                0                  0                  0                  0                  0                  0                  0                  0  
##>   Num CmultCse                0                  0                  0                  0                  0                  0                  0                  0  
##>   Num Downsize                0                  0                  0                  0                  0                  0                  0                  0  
##>  Num Speculate                0                  0                  0                  0                  0                  0                  0                  0  
##>     Runtime(s)                0                  0                  0                  0                  0                  0                  0                  0  
+----------------------------------------------------------------------------------------------------------------------------------------------------------------+
##>
##>
##>+------------------------------------------------------------------------------------------------------------------------------------------------------------+
##>Optimization Step DEBUG Table for config CDN_DP_region_0_8_c6
##>
##>                          Step                        Area   ( % Chg)        WNS (Change)        TNS (Change)          Runtime (s)        Comment                   
##>+------------------------------------------------------------------------------------------------------------------------------------------------------------+
##>createMaxCarrySave              START               30842405 (      )    107375653.10 (        )             0 (        )              
##> datapath_rewrite_one_def       START               30842405 ( +0.00)    107375653.10 (   +0.00)             0 (       0)              
##>  fast_cse_elim                 START               30842405 ( +0.00)    107375653.10 (   +0.00)             0 (       0)              
##>                                  END               30842405 ( +0.00)    107375653.10 (   +0.00)             0 (       0)           0  
##>  fast_cse_elim                 START               30842405 ( +0.00)    107375653.10 (   +0.00)             0 (       0)              
##>                                  END               30842405 ( +0.00)    107375653.10 (   +0.00)             0 (       0)           0  
##>                                  END               30842405 ( +0.00)    107375653.10 (   +0.00)             0 (       0)           0  
##> dpopt_share_one_def            START               30842405 ( +0.00)    107375653.10 (   +0.00)             0 (       0)              
##>                                  END               30842405 ( +0.00)    107375653.10 (   +0.00)             0 (       0)           0  
##> csa_opto                       START               30842405 ( +0.00)    214748364.70 (+107372711.60)             0 (       0)              
##>                                  END               36450115 (+18.18)    214748364.70 (   +0.00)             0 (       0)           0  
##>                                  END               36450115 (+18.18)    214748364.70 (+107372711.60)             0 (       0)           0  
##>canonicalize_by_names           START               36450115 ( +0.00)    214748364.70 (   +0.00)             0 (       0)              
##>                                  END               36450115 ( +0.00)    214748364.70 (   +0.00)             0 (       0)           0  
##>datapath_rewrite_post_csa_one_  START               36450115 ( +0.00)    214748364.70 (   +0.00)             0 (       0)              
##>                                  END               36450115 ( +0.00)    214748364.70 (   +0.00)             0 (       0)           0  
##>datapath_csa_factoring_one_gde  START               36450115 ( +0.00)    214748364.70 (   +0.00)             0 (       0)              
##>                                  END               36450115 ( +0.00)    214748364.70 (   +0.00)             0 (       0)           0  
##>dpopt_share_one_def             START               36450115 ( +0.00)    214748364.70 (   +0.00)             0 (       0)              
##>                                  END               36450115 ( +0.00)    214748364.70 (   +0.00)             0 (       0)           0  
##>datapath_rewrite_post_share     START               36450115 ( +0.00)    214748364.70 (   +0.00)             0 (       0)              
##>                                  END               36450115 ( +0.00)    214748364.70 (   +0.00)             0 (       0)           0  
##>dp_combine_const_mult_with_com  START               36450115 ( +0.00)    214748364.70 (   +0.00)             0 (       0)              
##>                                  END               36450115 ( +0.00)    214748364.70 (   +0.00)             0 (       0)           0  
##>dp_operator_level_decompositio  START               36450115 ( +0.00)    214748364.70 (   +0.00)             0 (       0)              
##>                                  END               36450115 ( +0.00)    214748364.70 (   +0.00)             0 (       0)           0  
##>selective_flatten_dp_config     START               36450115 ( +0.00)    214748364.70 (   +0.00)             0 (       0)              
##>                                  END               36450115 ( +0.00)    214748364.70 (   +0.00)             0 (       0)           0  
##>createMaxCarrySave              START               36450115 ( +0.00)    214748364.70 (   +0.00)             0 (       0)              
##> datapath_rewrite_one_def       START               36450115 ( +0.00)    214748364.70 (   +0.00)             0 (       0)              
##>  fast_cse_elim                 START               36450115 ( +0.00)    214748364.70 (   +0.00)             0 (       0)              
##>                                  END               36450115 ( +0.00)    214748364.70 (   +0.00)             0 (       0)           0  
##>  fast_cse_elim                 START               36450115 ( +0.00)    214748364.70 (   +0.00)             0 (       0)              
##>                                  END               36450115 ( +0.00)    214748364.70 (   +0.00)             0 (       0)           0  
##>                                  END               36450115 ( +0.00)    214748364.70 (   +0.00)             0 (       0)           0  
##> dpopt_share_one_def            START               36450115 ( +0.00)    214748364.70 (   +0.00)             0 (       0)              
##>                                  END               36450115 ( +0.00)    214748364.70 (   +0.00)             0 (       0)           0  
##> csa_opto                       START               36450115 ( +0.00)    214748364.70 (   +0.00)             0 (       0)              
##>                                  END               36450115 ( +0.00)    214748364.70 (   +0.00)             0 (       0)           0  
##>                                  END               36450115 ( +0.00)    214748364.70 (   +0.00)             0 (       0)           0  
##>context_based_simplify          START               25234695 (-30.77)    214748364.70 (   +0.00)             0 (       0)              
##>                                  END               22430840 (-11.11)    214748364.70 (   +0.00)             0 (       0)           0  
##>group_csa_final_adder_dp        START               22430840 ( +0.00)    214748364.70 (   +0.00)             0 (       0)              
##>                                  END               22430840 ( +0.00)    214748364.70 (   +0.00)             0 (       0)           0  
##>dpopt_flatten_critical_muxes_i  START               22430840 ( +0.00)    214748364.70 (   +0.00)             0 (       0)              
##>                                  END               22430840 ( +0.00)    214748364.70 (   +0.00)             0 (       0)           0  
##>create_score                    START               22430840 ( +0.00)     1470.70 (-214746894.00)             0 (       0)              
##>                                  END               22430840 ( +0.00)     1470.70 (   +0.00)             0 (       0)           0  
##>+------------------------------------------------------------------------------------------------------------------------------------------------------------+
Committed config: CDN_DP_region_0_8_c6
          Optimizations applied to 'very_fast' configuration:
            rewriting(0), factoring(0), sharing(0), cmultcse(0), downsizing(0), speculation(0)
CSAGen Prep Share:0 Re-Write:0 Speculation: 0
CDN_DP_region_6_0 level = 0 loads = 0 drivers = 0
MaxCSA: Successfully built Maximal CSA Expression Expr54
CDN_DP_region_6_0_c0 in Multip_496: area: 10536887090 ,dp = 1 mux = 0 sg = slow         worst_clk_period: -1.0000 
    wns: 0  norm_wns:  -1.0000 
    fail_endp: -1 
    tns:  0  tns_per_endp:  -1.0000   norm_tns_per_endp:  -1.0000 
    tns_sense_max:  -1.0000  tns_sense_avg:  -1.0000   tns_sense_num: -1
 skipped
CDN_DP_region_6_0_c1 in Multip_496: area: 10536887090 ,dp = 1 mux = 0 sg = fast         worst_clk_period: -1.0000 
    wns: 0  norm_wns:  -1.0000 
    fail_endp: -1 
    tns:  0  tns_per_endp:  -1.0000   norm_tns_per_endp:  -1.0000 
    tns_sense_max:  -1.0000  tns_sense_avg:  -1.0000   tns_sense_num: -1
 is current best
CDN_DP_region_6_0_c2 in Multip_496: area: 10536887090 ,dp = 1 mux = 0 sg = very_slow    worst_clk_period: -1.0000 
    wns: 0  norm_wns:  -1.0000 
    fail_endp: -1 
    tns:  0  tns_per_endp:  -1.0000   norm_tns_per_endp:  -1.0000 
    tns_sense_max:  -1.0000  tns_sense_avg:  -1.0000   tns_sense_num: -1
 is current best
CDN_DP_region_6_0_c3 in Multip_496: area: 10536887090 ,dp = 1 mux = 0 sg = very_fast    worst_clk_period: -1.0000 
    wns: 0  norm_wns:  -1.0000 
    fail_endp: -1 
    tns:  0  tns_per_endp:  -1.0000   norm_tns_per_endp:  -1.0000 
    tns_sense_max:  -1.0000  tns_sense_avg:  -1.0000   tns_sense_num: -1
 is current best
CDN_DP_region_6_0_c4 in Multip_496: area: 10536887090 ,dp = 1 mux = 0 sg = very_fast    worst_clk_period: -1.0000 
    wns: 0  norm_wns:  -1.0000 
    fail_endp: -1 
    tns:  0  tns_per_endp:  -1.0000   norm_tns_per_endp:  -1.0000 
    tns_sense_max:  -1.0000  tns_sense_avg:  -1.0000   tns_sense_num: -1
 is current best
CDN_DP_region_6_0_c5 in Multip_496: area: 10536887090 ,dp = 1 mux = 0 sg = very_fast    worst_clk_period: -1.0000 
    wns: 0  norm_wns:  -1.0000 
    fail_endp: -1 
    tns:  0  tns_per_endp:  -1.0000   norm_tns_per_endp:  -1.0000 
    tns_sense_max:  -1.0000  tns_sense_avg:  -1.0000   tns_sense_num: -1
 is current best
CDN_DP_region_6_0_c6 in Multip_496: area: 10536887090 ,dp = 1 mux = 0 sg = very_fast    worst_clk_period: -1.0000 
    wns: 0  norm_wns:  -1.0000 
    fail_endp: -1 
    tns:  0  tns_per_endp:  -1.0000   norm_tns_per_endp:  -1.0000 
    tns_sense_max:  -1.0000  tns_sense_avg:  -1.0000   tns_sense_num: -1
 is current best
CDN_DP_region_6_0_c7 in Multip_496: area: 10536887090 ,dp = 1 mux = 0 sg = very_fast    worst_clk_period: -1.0000 
    wns: 0  norm_wns:  -1.0000 
    fail_endp: -1 
    tns:  0  tns_per_endp:  -1.0000   norm_tns_per_endp:  -1.0000 
    tns_sense_max:  -1.0000  tns_sense_avg:  -1.0000   tns_sense_num: -1
 is current best
Best config: CDN_DP_region_6_0_c7 in Multip_496: area: 10536887090 ,dp = 1 mux = 0 sg = very_fast    worst_clk_period: -1.0000 
    wns: 0  norm_wns:  -1.0000 
    fail_endp: -1 
    tns:  0  tns_per_endp:  -1.0000   norm_tns_per_endp:  -1.0000 
    tns_sense_max:  -1.0000  tns_sense_avg:  -1.0000   tns_sense_num: -1
  Smallest config area : 10536887090.  Fastest config wns;  0
##>+----------------------------------------------------------------------------------------------------------------------------------------------------------------+
##>Summary table of configs (Best config is CDN_DP_region_6_0_c7)
##>+----------------------------------------------------------------------------------------------------------------------------------------------------------------+
##>                     0                  1                  2                  3                  4                  5                  6                  7            
##>+----------------------------------------------------------------------------------------------------------------------------------------------------------------+
##>           Area      10536887090        10536887090        10536887090        10536887090        10536887090        10536887090        10536887090        10536887090  
##>            WNS         +1523.50           +1523.50           +1523.50           +1523.50           +1523.50           +1523.50           +1523.50           +1523.50  
##>            TNS                0                  0                  0                  0                  0                  0                  0                  0  
##>    Num Rewrite                0                  0                  0                  0                  0                  0                  0                  0  
##>     Num Factor                0                  0                  0                  0                  0                  0                  0                  0  
##>      Num Share                0                  0                  0                  0                  0                  0                  0                  0  
##>   Num CmultCse                0                  0                  0                  0                  0                  0                  0                  0  
##>   Num Downsize                0                  0                  0                  0                  0                  0                  0                  0  
##>  Num Speculate                0                  0                  0                  0                  0                  0                  0                  0  
##>     Runtime(s)                0                  0                  0                  0                  0                  0                  0                  0  
+----------------------------------------------------------------------------------------------------------------------------------------------------------------+
##>
##>
##>+------------------------------------------------------------------------------------------------------------------------------------------------------------+
##>Optimization Step DEBUG Table for config CDN_DP_region_6_0_c7
##>
##>                          Step                        Area   ( % Chg)        WNS (Change)        TNS (Change)          Runtime (s)        Comment                   
##>+------------------------------------------------------------------------------------------------------------------------------------------------------------+
##>EquationExtraction              START            10536887090 (      )     1523.50 (        )             0 (        )              
##> rewrite                        START            38791333925 (+268.15)     1510.70 (  -12.80)             0 (       0)              (a,ar) Expr54_from --> Expr54_to
##>                                  END            23019649550 (-40.66)     1508.30 (   -2.40)             0 (       0)           0  
##>                                  END            10536887090 ( +0.00)     1523.50 (   +0.00)             0 (       0)           0  
##>createMaxCarrySave              START            10536887090 ( +0.00)     1523.50 (   +0.00)             0 (       0)              
##> datapath_rewrite_one_def       START            10536887090 ( +0.00)     1523.50 (   +0.00)             0 (       0)              
##>                                  END            10536887090 ( +0.00)     1523.50 (   +0.00)             0 (       0)           0  
##> csa_opto                       START            10536887090 ( +0.00)     1523.50 (   +0.00)             0 (       0)              
##>                                  END            10536887090 ( +0.00)     1523.50 (   +0.00)             0 (       0)           0  
##>                                  END            10536887090 ( +0.00)     1523.50 (   +0.00)             0 (       0)           0  
##>canonicalize_by_names           START            10536887090 ( +0.00)     1523.50 (   +0.00)             0 (       0)              
##>                                  END            10536887090 ( +0.00)     1523.50 (   +0.00)             0 (       0)           0  
##>datapath_rewrite_post_csa_one_  START            10536887090 ( +0.00)     1523.50 (   +0.00)             0 (       0)              
##>                                  END            10536887090 ( +0.00)     1523.50 (   +0.00)             0 (       0)           0  
##>datapath_csa_factoring_one_gde  START            10536887090 ( +0.00)     1523.50 (   +0.00)             0 (       0)              
##>                                  END            10536887090 ( +0.00)     1523.50 (   +0.00)             0 (       0)           0  
##>dpopt_share_one_def             START            10536887090 ( +0.00)     1523.50 (   +0.00)             0 (       0)              
##>                                  END            10536887090 ( +0.00)     1523.50 (   +0.00)             0 (       0)           0  
##>datapath_rewrite_post_share     START            10536887090 ( +0.00)     1523.50 (   +0.00)             0 (       0)              
##>                                  END            10536887090 ( +0.00)     1523.50 (   +0.00)             0 (       0)           0  
##>dp_combine_const_mult_with_com  START            10536887090 ( +0.00)     1523.50 (   +0.00)             0 (       0)              
##>                                  END            10536887090 ( +0.00)     1523.50 (   +0.00)             0 (       0)           0  
##>dp_operator_level_decompositio  START            10536887090 ( +0.00)     1523.50 (   +0.00)             0 (       0)              
##>                                  END            10536887090 ( +0.00)     1523.50 (   +0.00)             0 (       0)           0  
##>selective_flatten_dp_config     START            10536887090 ( +0.00)     1523.50 (   +0.00)             0 (       0)              
##>                                  END            10536887090 ( +0.00)     1523.50 (   +0.00)             0 (       0)           0  
##>createMaxCarrySave              START            10536887090 ( +0.00)     1523.50 (   +0.00)             0 (       0)              
##> datapath_rewrite_one_def       START            10536887090 ( +0.00)     1523.50 (   +0.00)             0 (       0)              
##>  fast_cse_elim                 START            10536887090 ( +0.00)     1523.50 (   +0.00)             0 (       0)              
##>                                  END            10536887090 ( +0.00)     1523.50 (   +0.00)             0 (       0)           0  
##>  fast_cse_elim                 START            10536887090 ( +0.00)     1523.50 (   +0.00)             0 (       0)              
##>                                  END            10536887090 ( +0.00)     1523.50 (   +0.00)             0 (       0)           0  
##>                                  END            10536887090 ( +0.00)     1523.50 (   +0.00)             0 (       0)           0  
##> csa_opto                       START            10536887090 ( +0.00)     1523.50 (   +0.00)             0 (       0)              
##>                                  END            10536887090 ( +0.00)     1523.50 (   +0.00)             0 (       0)           0  
##>                                  END            10536887090 ( +0.00)     1523.50 (   +0.00)             0 (       0)           0  
##>context_based_simplify          START            10536887090 ( +0.00)     1523.50 (   +0.00)             0 (       0)              
##>                                  END            10536887090 ( +0.00)     1523.50 (   +0.00)             0 (       0)           0  
##>group_csa_final_adder_dp        START            10536887090 ( +0.00)     1523.50 (   +0.00)             0 (       0)              
##>                                  END            10536887090 ( +0.00)     1523.50 (   +0.00)             0 (       0)           0  
##>dpopt_flatten_critical_muxes_i  START            10536887090 ( +0.00)     1523.50 (   +0.00)             0 (       0)              
##>                                  END            10536887090 ( +0.00)     1523.50 (   +0.00)             0 (       0)           0  
##>create_score                    START            10536887090 ( +0.00)     1523.50 (   +0.00)             0 (       0)              
##>                                  END            10536887090 ( +0.00)     1523.50 (   +0.00)             0 (       0)           0  
##>+------------------------------------------------------------------------------------------------------------------------------------------------------------+
Committed config: CDN_DP_region_6_0_c7
          Optimizations applied to 'very_fast' configuration:
            rewriting(0), factoring(0), sharing(0), cmultcse(0), downsizing(0), speculation(0)
CSAGen Prep Share:0 Re-Write:0 Speculation: 0
CDN_DP_region_7_0 level = 0 loads = 0 drivers = 0
MaxCSA: Successfully built Maximal CSA Expression Expr55
CDN_DP_region_7_0_c0 in Multip_497: area: 10536887090 ,dp = 1 mux = 0 sg = slow         worst_clk_period: -1.0000 
    wns: 0  norm_wns:  -1.0000 
    fail_endp: -1 
    tns:  0  tns_per_endp:  -1.0000   norm_tns_per_endp:  -1.0000 
    tns_sense_max:  -1.0000  tns_sense_avg:  -1.0000   tns_sense_num: -1
 skipped
CDN_DP_region_7_0_c1 in Multip_497: area: 10536887090 ,dp = 1 mux = 0 sg = fast         worst_clk_period: -1.0000 
    wns: 0  norm_wns:  -1.0000 
    fail_endp: -1 
    tns:  0  tns_per_endp:  -1.0000   norm_tns_per_endp:  -1.0000 
    tns_sense_max:  -1.0000  tns_sense_avg:  -1.0000   tns_sense_num: -1
 is current best
CDN_DP_region_7_0_c2 in Multip_497: area: 10536887090 ,dp = 1 mux = 0 sg = very_slow    worst_clk_period: -1.0000 
    wns: 0  norm_wns:  -1.0000 
    fail_endp: -1 
    tns:  0  tns_per_endp:  -1.0000   norm_tns_per_endp:  -1.0000 
    tns_sense_max:  -1.0000  tns_sense_avg:  -1.0000   tns_sense_num: -1
 is current best
CDN_DP_region_7_0_c3 in Multip_497: area: 10536887090 ,dp = 1 mux = 0 sg = very_fast    worst_clk_period: -1.0000 
    wns: 0  norm_wns:  -1.0000 
    fail_endp: -1 
    tns:  0  tns_per_endp:  -1.0000   norm_tns_per_endp:  -1.0000 
    tns_sense_max:  -1.0000  tns_sense_avg:  -1.0000   tns_sense_num: -1
 is current best
CDN_DP_region_7_0_c4 in Multip_497: area: 10536887090 ,dp = 1 mux = 0 sg = very_fast    worst_clk_period: -1.0000 
    wns: 0  norm_wns:  -1.0000 
    fail_endp: -1 
    tns:  0  tns_per_endp:  -1.0000   norm_tns_per_endp:  -1.0000 
    tns_sense_max:  -1.0000  tns_sense_avg:  -1.0000   tns_sense_num: -1
 is current best
CDN_DP_region_7_0_c5 in Multip_497: area: 10536887090 ,dp = 1 mux = 0 sg = very_fast    worst_clk_period: -1.0000 
    wns: 0  norm_wns:  -1.0000 
    fail_endp: -1 
    tns:  0  tns_per_endp:  -1.0000   norm_tns_per_endp:  -1.0000 
    tns_sense_max:  -1.0000  tns_sense_avg:  -1.0000   tns_sense_num: -1
 is current best
CDN_DP_region_7_0_c6 in Multip_497: area: 10536887090 ,dp = 1 mux = 0 sg = very_fast    worst_clk_period: -1.0000 
    wns: 0  norm_wns:  -1.0000 
    fail_endp: -1 
    tns:  0  tns_per_endp:  -1.0000   norm_tns_per_endp:  -1.0000 
    tns_sense_max:  -1.0000  tns_sense_avg:  -1.0000   tns_sense_num: -1
 is current best
CDN_DP_region_7_0_c7 in Multip_497: area: 10536887090 ,dp = 1 mux = 0 sg = very_fast    worst_clk_period: -1.0000 
    wns: 0  norm_wns:  -1.0000 
    fail_endp: -1 
    tns:  0  tns_per_endp:  -1.0000   norm_tns_per_endp:  -1.0000 
    tns_sense_max:  -1.0000  tns_sense_avg:  -1.0000   tns_sense_num: -1
 is current best
Best config: CDN_DP_region_7_0_c7 in Multip_497: area: 10536887090 ,dp = 1 mux = 0 sg = very_fast    worst_clk_period: -1.0000 
    wns: 0  norm_wns:  -1.0000 
    fail_endp: -1 
    tns:  0  tns_per_endp:  -1.0000   norm_tns_per_endp:  -1.0000 
    tns_sense_max:  -1.0000  tns_sense_avg:  -1.0000   tns_sense_num: -1
  Smallest config area : 10536887090.  Fastest config wns;  0
##>+----------------------------------------------------------------------------------------------------------------------------------------------------------------+
##>Summary table of configs (Best config is CDN_DP_region_7_0_c7)
##>+----------------------------------------------------------------------------------------------------------------------------------------------------------------+
##>                     0                  1                  2                  3                  4                  5                  6                  7            
##>+----------------------------------------------------------------------------------------------------------------------------------------------------------------+
##>           Area      10536887090        10536887090        10536887090        10536887090        10536887090        10536887090        10536887090        10536887090  
##>            WNS         +1523.50           +1523.50           +1523.50           +1523.50           +1523.50           +1523.50           +1523.50           +1523.50  
##>            TNS                0                  0                  0                  0                  0                  0                  0                  0  
##>    Num Rewrite                0                  0                  0                  0                  0                  0                  0                  0  
##>     Num Factor                0                  0                  0                  0                  0                  0                  0                  0  
##>      Num Share                0                  0                  0                  0                  0                  0                  0                  0  
##>   Num CmultCse                0                  0                  0                  0                  0                  0                  0                  0  
##>   Num Downsize                0                  0                  0                  0                  0                  0                  0                  0  
##>  Num Speculate                0                  0                  0                  0                  0                  0                  0                  0  
##>     Runtime(s)                0                  0                  0                  0                  0                  0                  0                  0  
+----------------------------------------------------------------------------------------------------------------------------------------------------------------+
##>
##>
##>+------------------------------------------------------------------------------------------------------------------------------------------------------------+
##>Optimization Step DEBUG Table for config CDN_DP_region_7_0_c7
##>
##>                          Step                        Area   ( % Chg)        WNS (Change)        TNS (Change)          Runtime (s)        Comment                   
##>+------------------------------------------------------------------------------------------------------------------------------------------------------------+
##>EquationExtraction              START            10536887090 (      )     1523.50 (        )             0 (        )              
##> rewrite                        START            38791333925 (+268.15)     1510.70 (  -12.80)             0 (       0)              (a,ar) Expr55_from --> Expr55_to
##>                                  END            23019649550 (-40.66)     1508.30 (   -2.40)             0 (       0)           0  
##>                                  END            10536887090 ( +0.00)     1523.50 (   +0.00)             0 (       0)           0  
##>createMaxCarrySave              START            10536887090 ( +0.00)     1523.50 (   +0.00)             0 (       0)              
##> datapath_rewrite_one_def       START            10536887090 ( +0.00)     1523.50 (   +0.00)             0 (       0)              
##>                                  END            10536887090 ( +0.00)     1523.50 (   +0.00)             0 (       0)           0  
##> csa_opto                       START            10536887090 ( +0.00)     1523.50 (   +0.00)             0 (       0)              
##>                                  END            10536887090 ( +0.00)     1523.50 (   +0.00)             0 (       0)           0  
##>                                  END            10536887090 ( +0.00)     1523.50 (   +0.00)             0 (       0)           0  
##>canonicalize_by_names           START            10536887090 ( +0.00)     1523.50 (   +0.00)             0 (       0)              
##>                                  END            10536887090 ( +0.00)     1523.50 (   +0.00)             0 (       0)           0  
##>datapath_rewrite_post_csa_one_  START            10536887090 ( +0.00)     1523.50 (   +0.00)             0 (       0)              
##>                                  END            10536887090 ( +0.00)     1523.50 (   +0.00)             0 (       0)           0  
##>datapath_csa_factoring_one_gde  START            10536887090 ( +0.00)     1523.50 (   +0.00)             0 (       0)              
##>                                  END            10536887090 ( +0.00)     1523.50 (   +0.00)             0 (       0)           0  
##>dpopt_share_one_def             START            10536887090 ( +0.00)     1523.50 (   +0.00)             0 (       0)              
##>                                  END            10536887090 ( +0.00)     1523.50 (   +0.00)             0 (       0)           0  
##>datapath_rewrite_post_share     START            10536887090 ( +0.00)     1523.50 (   +0.00)             0 (       0)              
##>                                  END            10536887090 ( +0.00)     1523.50 (   +0.00)             0 (       0)           0  
##>dp_combine_const_mult_with_com  START            10536887090 ( +0.00)     1523.50 (   +0.00)             0 (       0)              
##>                                  END            10536887090 ( +0.00)     1523.50 (   +0.00)             0 (       0)           0  
##>dp_operator_level_decompositio  START            10536887090 ( +0.00)     1523.50 (   +0.00)             0 (       0)              
##>                                  END            10536887090 ( +0.00)     1523.50 (   +0.00)             0 (       0)           0  
##>selective_flatten_dp_config     START            10536887090 ( +0.00)     1523.50 (   +0.00)             0 (       0)              
##>                                  END            10536887090 ( +0.00)     1523.50 (   +0.00)             0 (       0)           0  
##>createMaxCarrySave              START            10536887090 ( +0.00)     1523.50 (   +0.00)             0 (       0)              
##> datapath_rewrite_one_def       START            10536887090 ( +0.00)     1523.50 (   +0.00)             0 (       0)              
##>  fast_cse_elim                 START            10536887090 ( +0.00)     1523.50 (   +0.00)             0 (       0)              
##>                                  END            10536887090 ( +0.00)     1523.50 (   +0.00)             0 (       0)           0  
##>  fast_cse_elim                 START            10536887090 ( +0.00)     1523.50 (   +0.00)             0 (       0)              
##>                                  END            10536887090 ( +0.00)     1523.50 (   +0.00)             0 (       0)           0  
##>                                  END            10536887090 ( +0.00)     1523.50 (   +0.00)             0 (       0)           0  
##> csa_opto                       START            10536887090 ( +0.00)     1523.50 (   +0.00)             0 (       0)              
##>                                  END            10536887090 ( +0.00)     1523.50 (   +0.00)             0 (       0)           0  
##>                                  END            10536887090 ( +0.00)     1523.50 (   +0.00)             0 (       0)           0  
##>context_based_simplify          START            10536887090 ( +0.00)     1523.50 (   +0.00)             0 (       0)              
##>                                  END            10536887090 ( +0.00)     1523.50 (   +0.00)             0 (       0)           0  
##>group_csa_final_adder_dp        START            10536887090 ( +0.00)     1523.50 (   +0.00)             0 (       0)              
##>                                  END            10536887090 ( +0.00)     1523.50 (   +0.00)             0 (       0)           0  
##>dpopt_flatten_critical_muxes_i  START            10536887090 ( +0.00)     1523.50 (   +0.00)             0 (       0)              
##>                                  END            10536887090 ( +0.00)     1523.50 (   +0.00)             0 (       0)           0  
##>create_score                    START            10536887090 ( +0.00)     1523.50 (   +0.00)             0 (       0)              
##>                                  END            10536887090 ( +0.00)     1523.50 (   +0.00)             0 (       0)           0  
##>+------------------------------------------------------------------------------------------------------------------------------------------------------------+
Committed config: CDN_DP_region_7_0_c7
          Optimizations applied to 'very_fast' configuration:
            rewriting(0), factoring(0), sharing(0), cmultcse(0), downsizing(0), speculation(0)
CSAGen Prep Share:0 Re-Write:0 Speculation: 0
CDN_DP_region_8_0 level = 0 loads = 0 drivers = 0
MaxCSA: Successfully built Maximal CSA Expression Expr56
CDN_DP_region_8_0_c0 in Multip_498: area: 10536887090 ,dp = 1 mux = 0 sg = slow         worst_clk_period: -1.0000 
    wns: 0  norm_wns:  -1.0000 
    fail_endp: -1 
    tns:  0  tns_per_endp:  -1.0000   norm_tns_per_endp:  -1.0000 
    tns_sense_max:  -1.0000  tns_sense_avg:  -1.0000   tns_sense_num: -1
 skipped
CDN_DP_region_8_0_c1 in Multip_498: area: 10536887090 ,dp = 1 mux = 0 sg = fast         worst_clk_period: -1.0000 
    wns: 0  norm_wns:  -1.0000 
    fail_endp: -1 
    tns:  0  tns_per_endp:  -1.0000   norm_tns_per_endp:  -1.0000 
    tns_sense_max:  -1.0000  tns_sense_avg:  -1.0000   tns_sense_num: -1
 is current best
CDN_DP_region_8_0_c2 in Multip_498: area: 10536887090 ,dp = 1 mux = 0 sg = very_slow    worst_clk_period: -1.0000 
    wns: 0  norm_wns:  -1.0000 
    fail_endp: -1 
    tns:  0  tns_per_endp:  -1.0000   norm_tns_per_endp:  -1.0000 
    tns_sense_max:  -1.0000  tns_sense_avg:  -1.0000   tns_sense_num: -1
 is current best
CDN_DP_region_8_0_c3 in Multip_498: area: 10536887090 ,dp = 1 mux = 0 sg = very_fast    worst_clk_period: -1.0000 
    wns: 0  norm_wns:  -1.0000 
    fail_endp: -1 
    tns:  0  tns_per_endp:  -1.0000   norm_tns_per_endp:  -1.0000 
    tns_sense_max:  -1.0000  tns_sense_avg:  -1.0000   tns_sense_num: -1
 is current best
CDN_DP_region_8_0_c4 in Multip_498: area: 10536887090 ,dp = 1 mux = 0 sg = very_fast    worst_clk_period: -1.0000 
    wns: 0  norm_wns:  -1.0000 
    fail_endp: -1 
    tns:  0  tns_per_endp:  -1.0000   norm_tns_per_endp:  -1.0000 
    tns_sense_max:  -1.0000  tns_sense_avg:  -1.0000   tns_sense_num: -1
 is current best
CDN_DP_region_8_0_c5 in Multip_498: area: 10536887090 ,dp = 1 mux = 0 sg = very_fast    worst_clk_period: -1.0000 
    wns: 0  norm_wns:  -1.0000 
    fail_endp: -1 
    tns:  0  tns_per_endp:  -1.0000   norm_tns_per_endp:  -1.0000 
    tns_sense_max:  -1.0000  tns_sense_avg:  -1.0000   tns_sense_num: -1
 is current best
CDN_DP_region_8_0_c6 in Multip_498: area: 10536887090 ,dp = 1 mux = 0 sg = very_fast    worst_clk_period: -1.0000 
    wns: 0  norm_wns:  -1.0000 
    fail_endp: -1 
    tns:  0  tns_per_endp:  -1.0000   norm_tns_per_endp:  -1.0000 
    tns_sense_max:  -1.0000  tns_sense_avg:  -1.0000   tns_sense_num: -1
 is current best
CDN_DP_region_8_0_c7 in Multip_498: area: 10536887090 ,dp = 1 mux = 0 sg = very_fast    worst_clk_period: -1.0000 
    wns: 0  norm_wns:  -1.0000 
    fail_endp: -1 
    tns:  0  tns_per_endp:  -1.0000   norm_tns_per_endp:  -1.0000 
    tns_sense_max:  -1.0000  tns_sense_avg:  -1.0000   tns_sense_num: -1
 is current best
Best config: CDN_DP_region_8_0_c7 in Multip_498: area: 10536887090 ,dp = 1 mux = 0 sg = very_fast    worst_clk_period: -1.0000 
    wns: 0  norm_wns:  -1.0000 
    fail_endp: -1 
    tns:  0  tns_per_endp:  -1.0000   norm_tns_per_endp:  -1.0000 
    tns_sense_max:  -1.0000  tns_sense_avg:  -1.0000   tns_sense_num: -1
  Smallest config area : 10536887090.  Fastest config wns;  0
##>+----------------------------------------------------------------------------------------------------------------------------------------------------------------+
##>Summary table of configs (Best config is CDN_DP_region_8_0_c7)
##>+----------------------------------------------------------------------------------------------------------------------------------------------------------------+
##>                     0                  1                  2                  3                  4                  5                  6                  7            
##>+----------------------------------------------------------------------------------------------------------------------------------------------------------------+
##>           Area      10536887090        10536887090        10536887090        10536887090        10536887090        10536887090        10536887090        10536887090  
##>            WNS         +1523.50           +1523.50           +1523.50           +1523.50           +1523.50           +1523.50           +1523.50           +1523.50  
##>            TNS                0                  0                  0                  0                  0                  0                  0                  0  
##>    Num Rewrite                0                  0                  0                  0                  0                  0                  0                  0  
##>     Num Factor                0                  0                  0                  0                  0                  0                  0                  0  
##>      Num Share                0                  0                  0                  0                  0                  0                  0                  0  
##>   Num CmultCse                0                  0                  0                  0                  0                  0                  0                  0  
##>   Num Downsize                0                  0                  0                  0                  0                  0                  0                  0  
##>  Num Speculate                0                  0                  0                  0                  0                  0                  0                  0  
##>     Runtime(s)                0                  0                  0                  0                  0                  0                  0                  0  
+----------------------------------------------------------------------------------------------------------------------------------------------------------------+
##>
##>
##>+------------------------------------------------------------------------------------------------------------------------------------------------------------+
##>Optimization Step DEBUG Table for config CDN_DP_region_8_0_c7
##>
##>                          Step                        Area   ( % Chg)        WNS (Change)        TNS (Change)          Runtime (s)        Comment                   
##>+------------------------------------------------------------------------------------------------------------------------------------------------------------+
##>EquationExtraction              START            10536887090 (      )     1523.50 (        )             0 (        )              
##> rewrite                        START            38791333925 (+268.15)     1510.70 (  -12.80)             0 (       0)              (a,ar) Expr56_from --> Expr56_to
##>                                  END            23019649550 (-40.66)     1508.30 (   -2.40)             0 (       0)           0  
##>                                  END            10536887090 ( +0.00)     1523.50 (   +0.00)             0 (       0)           0  
##>createMaxCarrySave              START            10536887090 ( +0.00)     1523.50 (   +0.00)             0 (       0)              
##> datapath_rewrite_one_def       START            10536887090 ( +0.00)     1523.50 (   +0.00)             0 (       0)              
##>                                  END            10536887090 ( +0.00)     1523.50 (   +0.00)             0 (       0)           0  
##> csa_opto                       START            10536887090 ( +0.00)     1523.50 (   +0.00)             0 (       0)              
##>                                  END            10536887090 ( +0.00)     1523.50 (   +0.00)             0 (       0)           0  
##>                                  END            10536887090 ( +0.00)     1523.50 (   +0.00)             0 (       0)           0  
##>canonicalize_by_names           START            10536887090 ( +0.00)     1523.50 (   +0.00)             0 (       0)              
##>                                  END            10536887090 ( +0.00)     1523.50 (   +0.00)             0 (       0)           0  
##>datapath_rewrite_post_csa_one_  START            10536887090 ( +0.00)     1523.50 (   +0.00)             0 (       0)              
##>                                  END            10536887090 ( +0.00)     1523.50 (   +0.00)             0 (       0)           0  
##>datapath_csa_factoring_one_gde  START            10536887090 ( +0.00)     1523.50 (   +0.00)             0 (       0)              
##>                                  END            10536887090 ( +0.00)     1523.50 (   +0.00)             0 (       0)           0  
##>dpopt_share_one_def             START            10536887090 ( +0.00)     1523.50 (   +0.00)             0 (       0)              
##>                                  END            10536887090 ( +0.00)     1523.50 (   +0.00)             0 (       0)           0  
##>datapath_rewrite_post_share     START            10536887090 ( +0.00)     1523.50 (   +0.00)             0 (       0)              
##>                                  END            10536887090 ( +0.00)     1523.50 (   +0.00)             0 (       0)           0  
##>dp_combine_const_mult_with_com  START            10536887090 ( +0.00)     1523.50 (   +0.00)             0 (       0)              
##>                                  END            10536887090 ( +0.00)     1523.50 (   +0.00)             0 (       0)           0  
##>dp_operator_level_decompositio  START            10536887090 ( +0.00)     1523.50 (   +0.00)             0 (       0)              
##>                                  END            10536887090 ( +0.00)     1523.50 (   +0.00)             0 (       0)           0  
##>selective_flatten_dp_config     START            10536887090 ( +0.00)     1523.50 (   +0.00)             0 (       0)              
##>                                  END            10536887090 ( +0.00)     1523.50 (   +0.00)             0 (       0)           0  
##>createMaxCarrySave              START            10536887090 ( +0.00)     1523.50 (   +0.00)             0 (       0)              
##> datapath_rewrite_one_def       START            10536887090 ( +0.00)     1523.50 (   +0.00)             0 (       0)              
##>  fast_cse_elim                 START            10536887090 ( +0.00)     1523.50 (   +0.00)             0 (       0)              
##>                                  END            10536887090 ( +0.00)     1523.50 (   +0.00)             0 (       0)           0  
##>  fast_cse_elim                 START            10536887090 ( +0.00)     1523.50 (   +0.00)             0 (       0)              
##>                                  END            10536887090 ( +0.00)     1523.50 (   +0.00)             0 (       0)           0  
##>                                  END            10536887090 ( +0.00)     1523.50 (   +0.00)             0 (       0)           0  
##> csa_opto                       START            10536887090 ( +0.00)     1523.50 (   +0.00)             0 (       0)              
##>                                  END            10536887090 ( +0.00)     1523.50 (   +0.00)             0 (       0)           0  
##>                                  END            10536887090 ( +0.00)     1523.50 (   +0.00)             0 (       0)           0  
##>context_based_simplify          START            10536887090 ( +0.00)     1523.50 (   +0.00)             0 (       0)              
##>                                  END            10536887090 ( +0.00)     1523.50 (   +0.00)             0 (       0)           0  
##>group_csa_final_adder_dp        START            10536887090 ( +0.00)     1523.50 (   +0.00)             0 (       0)              
##>                                  END            10536887090 ( +0.00)     1523.50 (   +0.00)             0 (       0)           0  
##>dpopt_flatten_critical_muxes_i  START            10536887090 ( +0.00)     1523.50 (   +0.00)             0 (       0)              
##>                                  END            10536887090 ( +0.00)     1523.50 (   +0.00)             0 (       0)           0  
##>create_score                    START            10536887090 ( +0.00)     1523.50 (   +0.00)             0 (       0)              
##>                                  END            10536887090 ( +0.00)     1523.50 (   +0.00)             0 (       0)           0  
##>+------------------------------------------------------------------------------------------------------------------------------------------------------------+
Committed config: CDN_DP_region_8_0_c7
          Optimizations applied to 'very_fast' configuration:
            rewriting(0), factoring(0), sharing(0), cmultcse(0), downsizing(0), speculation(0)
CSAGen Prep Share:0 Re-Write:0 Speculation: 0
CDN_DP_region_9_0 level = 0 loads = 0 drivers = 0
MaxCSA: Successfully built Maximal CSA Expression Expr57
CDN_DP_region_9_0_c0 in Multip_499: area: 10536887090 ,dp = 1 mux = 0 sg = slow         worst_clk_period: -1.0000 
    wns: 0  norm_wns:  -1.0000 
    fail_endp: -1 
    tns:  0  tns_per_endp:  -1.0000   norm_tns_per_endp:  -1.0000 
    tns_sense_max:  -1.0000  tns_sense_avg:  -1.0000   tns_sense_num: -1
 skipped
CDN_DP_region_9_0_c1 in Multip_499: area: 10536887090 ,dp = 1 mux = 0 sg = fast         worst_clk_period: -1.0000 
    wns: 0  norm_wns:  -1.0000 
    fail_endp: -1 
    tns:  0  tns_per_endp:  -1.0000   norm_tns_per_endp:  -1.0000 
    tns_sense_max:  -1.0000  tns_sense_avg:  -1.0000   tns_sense_num: -1
 is current best
CDN_DP_region_9_0_c2 in Multip_499: area: 10536887090 ,dp = 1 mux = 0 sg = very_slow    worst_clk_period: -1.0000 
    wns: 0  norm_wns:  -1.0000 
    fail_endp: -1 
    tns:  0  tns_per_endp:  -1.0000   norm_tns_per_endp:  -1.0000 
    tns_sense_max:  -1.0000  tns_sense_avg:  -1.0000   tns_sense_num: -1
 is current best
CDN_DP_region_9_0_c3 in Multip_499: area: 10536887090 ,dp = 1 mux = 0 sg = very_fast    worst_clk_period: -1.0000 
    wns: 0  norm_wns:  -1.0000 
    fail_endp: -1 
    tns:  0  tns_per_endp:  -1.0000   norm_tns_per_endp:  -1.0000 
    tns_sense_max:  -1.0000  tns_sense_avg:  -1.0000   tns_sense_num: -1
 is current best
CDN_DP_region_9_0_c4 in Multip_499: area: 10536887090 ,dp = 1 mux = 0 sg = very_fast    worst_clk_period: -1.0000 
    wns: 0  norm_wns:  -1.0000 
    fail_endp: -1 
    tns:  0  tns_per_endp:  -1.0000   norm_tns_per_endp:  -1.0000 
    tns_sense_max:  -1.0000  tns_sense_avg:  -1.0000   tns_sense_num: -1
 is current best
CDN_DP_region_9_0_c5 in Multip_499: area: 10536887090 ,dp = 1 mux = 0 sg = very_fast    worst_clk_period: -1.0000 
    wns: 0  norm_wns:  -1.0000 
    fail_endp: -1 
    tns:  0  tns_per_endp:  -1.0000   norm_tns_per_endp:  -1.0000 
    tns_sense_max:  -1.0000  tns_sense_avg:  -1.0000   tns_sense_num: -1
 is current best
CDN_DP_region_9_0_c6 in Multip_499: area: 10536887090 ,dp = 1 mux = 0 sg = very_fast    worst_clk_period: -1.0000 
    wns: 0  norm_wns:  -1.0000 
    fail_endp: -1 
    tns:  0  tns_per_endp:  -1.0000   norm_tns_per_endp:  -1.0000 
    tns_sense_max:  -1.0000  tns_sense_avg:  -1.0000   tns_sense_num: -1
 is current best
CDN_DP_region_9_0_c7 in Multip_499: area: 10536887090 ,dp = 1 mux = 0 sg = very_fast    worst_clk_period: -1.0000 
    wns: 0  norm_wns:  -1.0000 
    fail_endp: -1 
    tns:  0  tns_per_endp:  -1.0000   norm_tns_per_endp:  -1.0000 
    tns_sense_max:  -1.0000  tns_sense_avg:  -1.0000   tns_sense_num: -1
 is current best
Best config: CDN_DP_region_9_0_c7 in Multip_499: area: 10536887090 ,dp = 1 mux = 0 sg = very_fast    worst_clk_period: -1.0000 
    wns: 0  norm_wns:  -1.0000 
    fail_endp: -1 
    tns:  0  tns_per_endp:  -1.0000   norm_tns_per_endp:  -1.0000 
    tns_sense_max:  -1.0000  tns_sense_avg:  -1.0000   tns_sense_num: -1
  Smallest config area : 10536887090.  Fastest config wns;  0
##>+----------------------------------------------------------------------------------------------------------------------------------------------------------------+
##>Summary table of configs (Best config is CDN_DP_region_9_0_c7)
##>+----------------------------------------------------------------------------------------------------------------------------------------------------------------+
##>                     0                  1                  2                  3                  4                  5                  6                  7            
##>+----------------------------------------------------------------------------------------------------------------------------------------------------------------+
##>           Area      10536887090        10536887090        10536887090        10536887090        10536887090        10536887090        10536887090        10536887090  
##>            WNS         +1523.50           +1523.50           +1523.50           +1523.50           +1523.50           +1523.50           +1523.50           +1523.50  
##>            TNS                0                  0                  0                  0                  0                  0                  0                  0  
##>    Num Rewrite                0                  0                  0                  0                  0                  0                  0                  0  
##>     Num Factor                0                  0                  0                  0                  0                  0                  0                  0  
##>      Num Share                0                  0                  0                  0                  0                  0                  0                  0  
##>   Num CmultCse                0                  0                  0                  0                  0                  0                  0                  0  
##>   Num Downsize                0                  0                  0                  0                  0                  0                  0                  0  
##>  Num Speculate                0                  0                  0                  0                  0                  0                  0                  0  
##>     Runtime(s)                0                  0                  0                  0                  0                  0                  0                  0  
+----------------------------------------------------------------------------------------------------------------------------------------------------------------+
##>
##>
##>+------------------------------------------------------------------------------------------------------------------------------------------------------------+
##>Optimization Step DEBUG Table for config CDN_DP_region_9_0_c7
##>
##>                          Step                        Area   ( % Chg)        WNS (Change)        TNS (Change)          Runtime (s)        Comment                   
##>+------------------------------------------------------------------------------------------------------------------------------------------------------------+
##>EquationExtraction              START            10536887090 (      )     1523.50 (        )             0 (        )              
##> rewrite                        START            38791333925 (+268.15)     1510.70 (  -12.80)             0 (       0)              (a,ar) Expr57_from --> Expr57_to
##>                                  END            23019649550 (-40.66)     1508.30 (   -2.40)             0 (       0)           0  
##>                                  END            10536887090 ( +0.00)     1523.50 (   +0.00)             0 (       0)           0  
##>createMaxCarrySave              START            10536887090 ( +0.00)     1523.50 (   +0.00)             0 (       0)              
##> datapath_rewrite_one_def       START            10536887090 ( +0.00)     1523.50 (   +0.00)             0 (       0)              
##>                                  END            10536887090 ( +0.00)     1523.50 (   +0.00)             0 (       0)           0  
##> csa_opto                       START            10536887090 ( +0.00)     1523.50 (   +0.00)             0 (       0)              
##>                                  END            10536887090 ( +0.00)     1523.50 (   +0.00)             0 (       0)           0  
##>                                  END            10536887090 ( +0.00)     1523.50 (   +0.00)             0 (       0)           0  
##>canonicalize_by_names           START            10536887090 ( +0.00)     1523.50 (   +0.00)             0 (       0)              
##>                                  END            10536887090 ( +0.00)     1523.50 (   +0.00)             0 (       0)           0  
##>datapath_rewrite_post_csa_one_  START            10536887090 ( +0.00)     1523.50 (   +0.00)             0 (       0)              
##>                                  END            10536887090 ( +0.00)     1523.50 (   +0.00)             0 (       0)           0  
##>datapath_csa_factoring_one_gde  START            10536887090 ( +0.00)     1523.50 (   +0.00)             0 (       0)              
##>                                  END            10536887090 ( +0.00)     1523.50 (   +0.00)             0 (       0)           0  
##>dpopt_share_one_def             START            10536887090 ( +0.00)     1523.50 (   +0.00)             0 (       0)              
##>                                  END            10536887090 ( +0.00)     1523.50 (   +0.00)             0 (       0)           0  
##>datapath_rewrite_post_share     START            10536887090 ( +0.00)     1523.50 (   +0.00)             0 (       0)              
##>                                  END            10536887090 ( +0.00)     1523.50 (   +0.00)             0 (       0)           0  
##>dp_combine_const_mult_with_com  START            10536887090 ( +0.00)     1523.50 (   +0.00)             0 (       0)              
##>                                  END            10536887090 ( +0.00)     1523.50 (   +0.00)             0 (       0)           0  
##>dp_operator_level_decompositio  START            10536887090 ( +0.00)     1523.50 (   +0.00)             0 (       0)              
##>                                  END            10536887090 ( +0.00)     1523.50 (   +0.00)             0 (       0)           0  
##>selective_flatten_dp_config     START            10536887090 ( +0.00)     1523.50 (   +0.00)             0 (       0)              
##>                                  END            10536887090 ( +0.00)     1523.50 (   +0.00)             0 (       0)           0  
##>createMaxCarrySave              START            10536887090 ( +0.00)     1523.50 (   +0.00)             0 (       0)              
##> datapath_rewrite_one_def       START            10536887090 ( +0.00)     1523.50 (   +0.00)             0 (       0)              
##>  fast_cse_elim                 START            10536887090 ( +0.00)     1523.50 (   +0.00)             0 (       0)              
##>                                  END            10536887090 ( +0.00)     1523.50 (   +0.00)             0 (       0)           0  
##>  fast_cse_elim                 START            10536887090 ( +0.00)     1523.50 (   +0.00)             0 (       0)              
##>                                  END            10536887090 ( +0.00)     1523.50 (   +0.00)             0 (       0)           0  
##>                                  END            10536887090 ( +0.00)     1523.50 (   +0.00)             0 (       0)           0  
##> csa_opto                       START            10536887090 ( +0.00)     1523.50 (   +0.00)             0 (       0)              
##>                                  END            10536887090 ( +0.00)     1523.50 (   +0.00)             0 (       0)           0  
##>                                  END            10536887090 ( +0.00)     1523.50 (   +0.00)             0 (       0)           0  
##>context_based_simplify          START            10536887090 ( +0.00)     1523.50 (   +0.00)             0 (       0)              
##>                                  END            10536887090 ( +0.00)     1523.50 (   +0.00)             0 (       0)           0  
##>group_csa_final_adder_dp        START            10536887090 ( +0.00)     1523.50 (   +0.00)             0 (       0)              
##>                                  END            10536887090 ( +0.00)     1523.50 (   +0.00)             0 (       0)           0  
##>dpopt_flatten_critical_muxes_i  START            10536887090 ( +0.00)     1523.50 (   +0.00)             0 (       0)              
##>                                  END            10536887090 ( +0.00)     1523.50 (   +0.00)             0 (       0)           0  
##>create_score                    START            10536887090 ( +0.00)     1523.50 (   +0.00)             0 (       0)              
##>                                  END            10536887090 ( +0.00)     1523.50 (   +0.00)             0 (       0)           0  
##>+------------------------------------------------------------------------------------------------------------------------------------------------------------+
Committed config: CDN_DP_region_9_0_c7
          Optimizations applied to 'very_fast' configuration:
            rewriting(0), factoring(0), sharing(0), cmultcse(0), downsizing(0), speculation(0)
CSAGen Prep Share:0 Re-Write:0 Speculation: 0
CDN_DP_region_0_12 level = 0 loads = 0 drivers = 0
MaxCSA: Successfully built Maximal CSA Expression Expr58
CDN_DP_region_0_12_c0 in Conv: area: 11215420 ,dp = 1 mux = 0 sg = slow         worst_clk_period: -1.0000 
    wns: 0  norm_wns:  -1.0000 
    fail_endp: -1 
    tns:  0  tns_per_endp:  -1.0000   norm_tns_per_endp:  -1.0000 
    tns_sense_max:  -1.0000  tns_sense_avg:  -1.0000   tns_sense_num: -1
 skipped
CDN_DP_region_0_12_c1 in Conv: area: 8411565 ,dp = 1 mux = 0 sg = fast         worst_clk_period: -1.0000 
    wns: 0  norm_wns:  -1.0000 
    fail_endp: -1 
    tns:  0  tns_per_endp:  -1.0000   norm_tns_per_endp:  -1.0000 
    tns_sense_max:  -1.0000  tns_sense_avg:  -1.0000   tns_sense_num: -1
 is current best
CDN_DP_region_0_12_c2 in Conv: area: 8411565 ,dp = 1 mux = 0 sg = very_slow    worst_clk_period: -1.0000 
    wns: 0  norm_wns:  -1.0000 
    fail_endp: -1 
    tns:  0  tns_per_endp:  -1.0000   norm_tns_per_endp:  -1.0000 
    tns_sense_max:  -1.0000  tns_sense_avg:  -1.0000   tns_sense_num: -1
 is current best
CDN_DP_region_0_12_c3 in Conv: area: 8411565 ,dp = 1 mux = 0 sg = very_fast    worst_clk_period: -1.0000 
    wns: 0  norm_wns:  -1.0000 
    fail_endp: -1 
    tns:  0  tns_per_endp:  -1.0000   norm_tns_per_endp:  -1.0000 
    tns_sense_max:  -1.0000  tns_sense_avg:  -1.0000   tns_sense_num: -1
 is current best
CDN_DP_region_0_12_c4 in Conv: area: 8411565 ,dp = 1 mux = 0 sg = very_fast    worst_clk_period: -1.0000 
    wns: 0  norm_wns:  -1.0000 
    fail_endp: -1 
    tns:  0  tns_per_endp:  -1.0000   norm_tns_per_endp:  -1.0000 
    tns_sense_max:  -1.0000  tns_sense_avg:  -1.0000   tns_sense_num: -1
 is current best
CDN_DP_region_0_12_c5 in Conv: area: 8411565 ,dp = 1 mux = 0 sg = very_fast    worst_clk_period: -1.0000 
    wns: 0  norm_wns:  -1.0000 
    fail_endp: -1 
    tns:  0  tns_per_endp:  -1.0000   norm_tns_per_endp:  -1.0000 
    tns_sense_max:  -1.0000  tns_sense_avg:  -1.0000   tns_sense_num: -1
 is current best
CDN_DP_region_0_12_c6 in Conv: area: 8411565 ,dp = 1 mux = 0 sg = very_fast    worst_clk_period: -1.0000 
    wns: 0  norm_wns:  -1.0000 
    fail_endp: -1 
    tns:  0  tns_per_endp:  -1.0000   norm_tns_per_endp:  -1.0000 
    tns_sense_max:  -1.0000  tns_sense_avg:  -1.0000   tns_sense_num: -1
 is current best
CDN_DP_region_0_12_c7 in Conv: area: 8411565 ,dp = 1 mux = 0 sg = very_fast    worst_clk_period: -1.0000 
    wns: 0  norm_wns:  -1.0000 
    fail_endp: -1 
    tns:  0  tns_per_endp:  -1.0000   norm_tns_per_endp:  -1.0000 
    tns_sense_max:  -1.0000  tns_sense_avg:  -1.0000   tns_sense_num: -1
 is current best
Best config: CDN_DP_region_0_12_c7 in Conv: area: 8411565 ,dp = 1 mux = 0 sg = very_fast    worst_clk_period: -1.0000 
    wns: 0  norm_wns:  -1.0000 
    fail_endp: -1 
    tns:  0  tns_per_endp:  -1.0000   norm_tns_per_endp:  -1.0000 
    tns_sense_max:  -1.0000  tns_sense_avg:  -1.0000   tns_sense_num: -1
  Smallest config area : 8411565.  Fastest config wns;  0
##>+----------------------------------------------------------------------------------------------------------------------------------------------------------------+
##>Summary table of configs (Best config is CDN_DP_region_0_12_c7)
##>+----------------------------------------------------------------------------------------------------------------------------------------------------------------+
##>                     0                  1                  2                  3                  4                  5                  6                  7            
##>+----------------------------------------------------------------------------------------------------------------------------------------------------------------+
##>           Area         11215420            8411565            8411565            8411565            8411565            8411565            8411565            8411565  
##>            WNS         +1636.40           +1636.40           +1636.40           +1636.40           +1636.40           +1636.40           +1636.40           +1636.40  
##>            TNS                0                  0                  0                  0                  0                  0                  0                  0  
##>    Num Rewrite                0                  0                  0                  0                  0                  0                  0                  0  
##>     Num Factor                0                  0                  0                  0                  0                  0                  0                  0  
##>      Num Share                0                  0                  0                  0                  0                  0                  0                  0  
##>   Num CmultCse                0                  0                  0                  0                  0                  0                  0                  0  
##>   Num Downsize                0                  0                  0                  0                  0                  0                  0                  0  
##>  Num Speculate                0                  0                  0                  0                  0                  0                  0                  0  
##>     Runtime(s)                0                  0                  0                  0                  0                  0                  0                  0  
+----------------------------------------------------------------------------------------------------------------------------------------------------------------+
##>
##>
##>+------------------------------------------------------------------------------------------------------------------------------------------------------------+
##>Optimization Step DEBUG Table for config CDN_DP_region_0_12_c7
##>
##>                          Step                        Area   ( % Chg)        WNS (Change)        TNS (Change)          Runtime (s)        Comment                   
##>+------------------------------------------------------------------------------------------------------------------------------------------------------------+
##>EquationExtraction              START               11215420 (      )     1636.40 (        )             0 (        )              
##> rewrite                        START               25234695 (+125.00)     1635.30 (   -1.10)             0 (       0)              (a,ar) Expr58_from --> Expr58_to
##>                                  END               56077100 (+122.22)     1635.30 (   +0.00)             0 (       0)           0  
##>                                  END               11215420 ( +0.00)     1636.40 (   +0.00)             0 (       0)           0  
##>createMaxCarrySave              START               11215420 ( +0.00)     1636.40 (   +0.00)             0 (       0)              
##> datapath_rewrite_one_def       START               11215420 ( +0.00)     1636.40 (   +0.00)             0 (       0)              
##>                                  END               11215420 ( +0.00)     1636.40 (   +0.00)             0 (       0)           0  
##> csa_opto                       START               11215420 ( +0.00)     1636.40 (   +0.00)             0 (       0)              
##>                                  END               19626985 (+75.00)     1636.40 (   +0.00)             0 (       0)           0  
##>                                  END               19626985 (+75.00)     1636.40 (   +0.00)             0 (       0)           0  
##>canonicalize_by_names           START               19626985 ( +0.00)     1636.40 (   +0.00)             0 (       0)              
##>                                  END               19626985 ( +0.00)     1636.40 (   +0.00)             0 (       0)           0  
##>datapath_rewrite_post_csa_one_  START               19626985 ( +0.00)     1636.40 (   +0.00)             0 (       0)              
##>                                  END               19626985 ( +0.00)     1636.40 (   +0.00)             0 (       0)           0  
##>datapath_csa_factoring_one_gde  START               19626985 ( +0.00)     1636.40 (   +0.00)             0 (       0)              
##>                                  END               19626985 ( +0.00)     1636.40 (   +0.00)             0 (       0)           0  
##>dpopt_share_one_def             START               19626985 ( +0.00)     1636.40 (   +0.00)             0 (       0)              
##>                                  END               19626985 ( +0.00)     1636.40 (   +0.00)             0 (       0)           0  
##>datapath_rewrite_post_share     START               19626985 ( +0.00)     1636.40 (   +0.00)             0 (       0)              
##>                                  END               19626985 ( +0.00)     1636.40 (   +0.00)             0 (       0)           0  
##>dp_combine_const_mult_with_com  START               19626985 ( +0.00)     1636.40 (   +0.00)             0 (       0)              
##>                                  END               19626985 ( +0.00)     1636.40 (   +0.00)             0 (       0)           0  
##>dp_operator_level_decompositio  START               19626985 ( +0.00)     1636.40 (   +0.00)             0 (       0)              
##>                                  END               19626985 ( +0.00)     1636.40 (   +0.00)             0 (       0)           0  
##>selective_flatten_dp_config     START               19626985 ( +0.00)     1636.40 (   +0.00)             0 (       0)              
##>                                  END               19626985 ( +0.00)     1636.40 (   +0.00)             0 (       0)           0  
##>createMaxCarrySave              START               19626985 ( +0.00)     1636.40 (   +0.00)             0 (       0)              
##> datapath_rewrite_one_def       START               19626985 ( +0.00)     1636.40 (   +0.00)             0 (       0)              
##>  fast_cse_elim                 START               19626985 ( +0.00)     1636.40 (   +0.00)             0 (       0)              
##>                                  END               19626985 ( +0.00)     1636.40 (   +0.00)             0 (       0)           0  
##>  fast_cse_elim                 START               19626985 ( +0.00)     1636.40 (   +0.00)             0 (       0)              
##>                                  END               19626985 ( +0.00)     1636.40 (   +0.00)             0 (       0)           0  
##>                                  END               19626985 ( +0.00)     1636.40 (   +0.00)             0 (       0)           0  
##> csa_opto                       START               19626985 ( +0.00)     1636.40 (   +0.00)             0 (       0)              
##>                                  END               19626985 ( +0.00)     1636.40 (   +0.00)             0 (       0)           0  
##>                                  END               19626985 ( +0.00)     1636.40 (   +0.00)             0 (       0)           0  
##>context_based_simplify          START                8411565 (-57.14)     1636.40 (   +0.00)             0 (       0)              
##>                                  END                8411565 ( +0.00)     1636.40 (   +0.00)             0 (       0)           0  
##>group_csa_final_adder_dp        START                8411565 ( +0.00)     1636.40 (   +0.00)             0 (       0)              
##>                                  END                8411565 ( +0.00)     1636.40 (   +0.00)             0 (       0)           0  
##>dpopt_flatten_critical_muxes_i  START                8411565 ( +0.00)     1636.40 (   +0.00)             0 (       0)              
##>                                  END                8411565 ( +0.00)     1636.40 (   +0.00)             0 (       0)           0  
##>create_score                    START                8411565 ( +0.00)     1636.40 (   +0.00)             0 (       0)              
##>                                  END                8411565 ( +0.00)     1636.40 (   +0.00)             0 (       0)           0  
##>+------------------------------------------------------------------------------------------------------------------------------------------------------------+
Committed config: CDN_DP_region_0_12_c7
          Optimizations applied to 'very_fast' configuration:
            rewriting(0), factoring(0), sharing(0), cmultcse(0), downsizing(0), speculation(0)
CSAGen Prep Share:0 Re-Write:0 Speculation: 0
MaxCSA: Successfully built Maximal CSA Expression Expr59
CDN_DP_region_0_11 level = 0 loads = 0 drivers = 0
CDN_DP_region_0_11_c0 in Conv: area: 185054430 ,dp = 6 mux = 0 sg = slow         worst_clk_period: -1.0000 
    wns: 0  norm_wns:  -1.0000 
    fail_endp: -1 
    tns:  0  tns_per_endp:  -1.0000   norm_tns_per_endp:  -1.0000 
    tns_sense_max:  -1.0000  tns_sense_avg:  -1.0000   tns_sense_num: -1
 skipped
CDN_DP_region_0_11_c1 in Conv: area: 182250575 ,dp = 7 mux = 0 sg = fast         worst_clk_period: -1.0000 
    wns: 0  norm_wns:  -1.0000 
    fail_endp: -1 
    tns:  0  tns_per_endp:  -1.0000   norm_tns_per_endp:  -1.0000 
    tns_sense_max:  -1.0000  tns_sense_avg:  -1.0000   tns_sense_num: -1
 is current best
CDN_DP_region_0_11_c2 in Conv: area: 168231300 ,dp = 5 mux = 0 sg = very_slow    worst_clk_period: -1.0000 
    wns: 0  norm_wns:  -1.0000 
    fail_endp: -1 
    tns:  0  tns_per_endp:  -1.0000   norm_tns_per_endp:  -1.0000 
    tns_sense_max:  -1.0000  tns_sense_avg:  -1.0000   tns_sense_num: -1
 is current best
CDN_DP_region_0_11_c3 in Conv: area: 182250575 ,dp = 7 mux = 0 sg = very_fast    worst_clk_period: -1.0000 
    wns: 0  norm_wns:  -1.0000 
    fail_endp: -1 
    tns:  0  tns_per_endp:  -1.0000   norm_tns_per_endp:  -1.0000 
    tns_sense_max:  -1.0000  tns_sense_avg:  -1.0000   tns_sense_num: -1

CDN_DP_region_0_11_c4 in Conv: area: 168231300 ,dp = 5 mux = 0 sg = very_fast    worst_clk_period: -1.0000 
    wns: 0  norm_wns:  -1.0000 
    fail_endp: -1 
    tns:  0  tns_per_endp:  -1.0000   norm_tns_per_endp:  -1.0000 
    tns_sense_max:  -1.0000  tns_sense_avg:  -1.0000   tns_sense_num: -1
 is current best
CDN_DP_region_0_11_c5 in Conv: area: 168231300 ,dp = 5 mux = 0 sg = very_fast    worst_clk_period: -1.0000 
    wns: 0  norm_wns:  -1.0000 
    fail_endp: -1 
    tns:  0  tns_per_endp:  -1.0000   norm_tns_per_endp:  -1.0000 
    tns_sense_max:  -1.0000  tns_sense_avg:  -1.0000   tns_sense_num: -1
 is current best
CDN_DP_region_0_11_c6 in Conv: area: 182250575 ,dp = 7 mux = 0 sg = very_fast    worst_clk_period: -1.0000 
    wns: 0  norm_wns:  -1.0000 
    fail_endp: -1 
    tns:  0  tns_per_endp:  -1.0000   norm_tns_per_endp:  -1.0000 
    tns_sense_max:  -1.0000  tns_sense_avg:  -1.0000   tns_sense_num: -1

CDN_DP_region_0_11_c7 in Conv: area: 263562370 ,dp = 6 mux = 0 sg = very_fast    worst_clk_period: -1.0000 
    wns: 0  norm_wns:  -1.0000 
    fail_endp: -1 
    tns:  0  tns_per_endp:  -1.0000   norm_tns_per_endp:  -1.0000 
    tns_sense_max:  -1.0000  tns_sense_avg:  -1.0000   tns_sense_num: -1

Best config: CDN_DP_region_0_11_c5 in Conv: area: 168231300 ,dp = 5 mux = 0 sg = very_fast    worst_clk_period: -1.0000 
    wns: 0  norm_wns:  -1.0000 
    fail_endp: -1 
    tns:  0  tns_per_endp:  -1.0000   norm_tns_per_endp:  -1.0000 
    tns_sense_max:  -1.0000  tns_sense_avg:  -1.0000   tns_sense_num: -1
  Smallest config area : 168231300.  Fastest config wns;  0
##>+----------------------------------------------------------------------------------------------------------------------------------------------------------------+
##>Summary table of configs (Best config is CDN_DP_region_0_11_c5)
##>+----------------------------------------------------------------------------------------------------------------------------------------------------------------+
##>                     0                  1                  2                  3                  4                  5                  6                  7            
##>+----------------------------------------------------------------------------------------------------------------------------------------------------------------+
##>           Area        185054430          182250575          168231300          182250575          168231300          168231300          182250575          263562370  
##>            WNS         +1786.50           +1786.50           +1784.10           +1786.50           +1784.10           +1784.10           +1786.50           +1787.00  
##>            TNS                0                  0                  0                  0                  0                  0                  0                  0  
##>    Num Rewrite                0                  3                  0                  3                  0                  0                  3                  0  
##>     Num Factor                0                  0                  0                  0                  0                  0                  0                  0  
##>      Num Share                0                  0                  0                  0                  0                  0                  0                  0  
##>   Num CmultCse                0                  0                  0                  0                  0                  0                  0                  0  
##>   Num Downsize                0                  0                  0                  0                  0                  0                  0                  0  
##>  Num Speculate                0                  0                  0                  0                  0                  0                  0                  0  
##>     Runtime(s)                0                  0                  0                  0                  0                  0                  0                  0  
+----------------------------------------------------------------------------------------------------------------------------------------------------------------+
##>
##>
##>+------------------------------------------------------------------------------------------------------------------------------------------------------------+
##>Optimization Step DEBUG Table for config CDN_DP_region_0_11_c5
##>
##>                          Step                        Area   ( % Chg)        WNS (Change)        TNS (Change)          Runtime (s)        Comment                   
##>+------------------------------------------------------------------------------------------------------------------------------------------------------------+
##>createMaxCarrySave              START              185054430 (      )     1786.50 (        )             0 (        )              
##> datapath_rewrite_one_def       START              185054430 ( +0.00)     1786.50 (   +0.00)             0 (       0)              
##>  fast_cse_elim                 START              185054430 ( +0.00)     1786.50 (   +0.00)             0 (       0)              
##>                                  END              185054430 ( +0.00)     1786.50 (   +0.00)             0 (       0)           0  
##>  fast_cse_elim                 START              185054430 ( +0.00)     1786.50 (   +0.00)             0 (       0)              
##>                                  END              185054430 ( +0.00)     1786.50 (   +0.00)             0 (       0)           0  
##>                                  END              185054430 ( +0.00)     1786.50 (   +0.00)             0 (       0)           0  
##> csa_opto                       START              185054430 ( +0.00)     1786.50 (   +0.00)             0 (       0)              
##>                                  END              213092980 (+15.15)     1779.80 (   -6.70)             0 (       0)           0  
##>                                  END              213092980 (+15.15)     1779.80 (   -6.70)             0 (       0)           0  
##>canonicalize_by_names           START              213092980 ( +0.00)     1779.80 (   +0.00)             0 (       0)              
##>                                  END              213092980 ( +0.00)     1779.80 (   +0.00)             0 (       0)           0  
##>datapath_rewrite_post_csa_one_  START              213092980 ( +0.00)     1779.80 (   +0.00)             0 (       0)              
##>                                  END              213092980 ( +0.00)     1779.80 (   +0.00)             0 (       0)           0  
##>datapath_csa_factoring_one_gde  START              213092980 ( +0.00)     1779.80 (   +0.00)             0 (       0)              
##>                                  END              213092980 ( +0.00)     1779.80 (   +0.00)             0 (       0)           0  
##>dpopt_share_one_def             START              213092980 ( +0.00)     1779.80 (   +0.00)             0 (       0)              
##>                                  END              213092980 ( +0.00)     1779.80 (   +0.00)             0 (       0)           0  
##>datapath_rewrite_post_share     START              213092980 ( +0.00)     1779.80 (   +0.00)             0 (       0)              
##>                                  END              213092980 ( +0.00)     1779.80 (   +0.00)             0 (       0)           0  
##>dp_combine_const_mult_with_com  START              213092980 ( +0.00)     1779.80 (   +0.00)             0 (       0)              
##>                                  END              213092980 ( +0.00)     1779.80 (   +0.00)             0 (       0)           0  
##>dp_operator_level_decompositio  START              213092980 ( +0.00)     1779.80 (   +0.00)             0 (       0)              
##>                                  END              213092980 ( +0.00)     1779.80 (   +0.00)             0 (       0)           0  
##>selective_flatten_dp_config     START              213092980 ( +0.00)     1779.80 (   +0.00)             0 (       0)              
##>                                  END              213092980 ( +0.00)     1776.10 (   -3.70)             0 (       0)           0  
##>createMaxCarrySave              START              213092980 ( +0.00)     1776.10 (   +0.00)             0 (       0)              
##> datapath_rewrite_one_def       START              213092980 ( +0.00)     1776.10 (   +0.00)             0 (       0)              
##>  fast_cse_elim                 START              213092980 ( +0.00)     1776.10 (   +0.00)             0 (       0)              
##>                                  END              213092980 ( +0.00)     1776.10 (   +0.00)             0 (       0)           0  
##>  fast_cse_elim                 START              213092980 ( +0.00)     1776.10 (   +0.00)             0 (       0)              
##>                                  END              213092980 ( +0.00)     1776.10 (   +0.00)             0 (       0)           0  
##>                                  END              213092980 ( +0.00)     1776.10 (   +0.00)             0 (       0)           0  
##> csa_opto                       START              213092980 ( +0.00)     1776.10 (   +0.00)             0 (       0)              
##>                                  END              213092980 ( +0.00)     1776.10 (   +0.00)             0 (       0)           0  
##>                                  END              213092980 ( +0.00)     1776.10 (   +0.00)             0 (       0)           0  
##>context_based_simplify          START              176642865 (-17.11)     1782.80 (   +6.70)             0 (       0)              
##>                                  END              168231300 ( -4.76)     1784.10 (   +1.30)             0 (       0)           0  
##>group_csa_final_adder_dp        START              168231300 ( +0.00)     1784.10 (   +0.00)             0 (       0)              
##>                                  END              168231300 ( +0.00)     1784.10 (   +0.00)             0 (       0)           0  
##>dpopt_flatten_critical_muxes_i  START              168231300 ( +0.00)     1784.10 (   +0.00)             0 (       0)              
##>                                  END              168231300 ( +0.00)     1784.10 (   +0.00)             0 (       0)           0  
##>create_score                    START              168231300 ( +0.00)     1784.10 (   +0.00)             0 (       0)              
##>                                  END              168231300 ( +0.00)     1784.10 (   +0.00)             0 (       0)           0  
##>+------------------------------------------------------------------------------------------------------------------------------------------------------------+
Committed config: CDN_DP_region_0_11_c5
          Optimizations applied to 'very_fast' configuration:
            rewriting(0), factoring(0), sharing(0), cmultcse(0), downsizing(0), speculation(0)
CSAGen Prep Share:0 Re-Write:0 Speculation: 0
CDN_DP_region_0_10 level = 0 loads = 0 drivers = 0
MaxCSA: Successfully built Maximal CSA Expression Expr60
CDN_DP_region_0_10_c0 in Conv: area: 11215420 ,dp = 1 mux = 0 sg = slow         worst_clk_period: -1.0000 
    wns: 0  norm_wns:  -1.0000 
    fail_endp: -1 
    tns:  0  tns_per_endp:  -1.0000   norm_tns_per_endp:  -1.0000 
    tns_sense_max:  -1.0000  tns_sense_avg:  -1.0000   tns_sense_num: -1
 skipped
CDN_DP_region_0_10_c1 in Conv: area: 8411565 ,dp = 1 mux = 0 sg = fast         worst_clk_period: -1.0000 
    wns: 0  norm_wns:  -1.0000 
    fail_endp: -1 
    tns:  0  tns_per_endp:  -1.0000   norm_tns_per_endp:  -1.0000 
    tns_sense_max:  -1.0000  tns_sense_avg:  -1.0000   tns_sense_num: -1
 is current best
CDN_DP_region_0_10_c2 in Conv: area: 8411565 ,dp = 1 mux = 0 sg = very_slow    worst_clk_period: -1.0000 
    wns: 0  norm_wns:  -1.0000 
    fail_endp: -1 
    tns:  0  tns_per_endp:  -1.0000   norm_tns_per_endp:  -1.0000 
    tns_sense_max:  -1.0000  tns_sense_avg:  -1.0000   tns_sense_num: -1
 is current best
CDN_DP_region_0_10_c3 in Conv: area: 8411565 ,dp = 1 mux = 0 sg = very_fast    worst_clk_period: -1.0000 
    wns: 0  norm_wns:  -1.0000 
    fail_endp: -1 
    tns:  0  tns_per_endp:  -1.0000   norm_tns_per_endp:  -1.0000 
    tns_sense_max:  -1.0000  tns_sense_avg:  -1.0000   tns_sense_num: -1
 is current best
CDN_DP_region_0_10_c4 in Conv: area: 8411565 ,dp = 1 mux = 0 sg = very_fast    worst_clk_period: -1.0000 
    wns: 0  norm_wns:  -1.0000 
    fail_endp: -1 
    tns:  0  tns_per_endp:  -1.0000   norm_tns_per_endp:  -1.0000 
    tns_sense_max:  -1.0000  tns_sense_avg:  -1.0000   tns_sense_num: -1
 is current best
CDN_DP_region_0_10_c5 in Conv: area: 8411565 ,dp = 1 mux = 0 sg = very_fast    worst_clk_period: -1.0000 
    wns: 0  norm_wns:  -1.0000 
    fail_endp: -1 
    tns:  0  tns_per_endp:  -1.0000   norm_tns_per_endp:  -1.0000 
    tns_sense_max:  -1.0000  tns_sense_avg:  -1.0000   tns_sense_num: -1
 is current best
CDN_DP_region_0_10_c6 in Conv: area: 8411565 ,dp = 1 mux = 0 sg = very_fast    worst_clk_period: -1.0000 
    wns: 0  norm_wns:  -1.0000 
    fail_endp: -1 
    tns:  0  tns_per_endp:  -1.0000   norm_tns_per_endp:  -1.0000 
    tns_sense_max:  -1.0000  tns_sense_avg:  -1.0000   tns_sense_num: -1
 is current best
CDN_DP_region_0_10_c7 in Conv: area: 8411565 ,dp = 1 mux = 0 sg = very_fast    worst_clk_period: -1.0000 
    wns: 0  norm_wns:  -1.0000 
    fail_endp: -1 
    tns:  0  tns_per_endp:  -1.0000   norm_tns_per_endp:  -1.0000 
    tns_sense_max:  -1.0000  tns_sense_avg:  -1.0000   tns_sense_num: -1
 is current best
Best config: CDN_DP_region_0_10_c7 in Conv: area: 8411565 ,dp = 1 mux = 0 sg = very_fast    worst_clk_period: -1.0000 
    wns: 0  norm_wns:  -1.0000 
    fail_endp: -1 
    tns:  0  tns_per_endp:  -1.0000   norm_tns_per_endp:  -1.0000 
    tns_sense_max:  -1.0000  tns_sense_avg:  -1.0000   tns_sense_num: -1
  Smallest config area : 8411565.  Fastest config wns;  0
##>+----------------------------------------------------------------------------------------------------------------------------------------------------------------+
##>Summary table of configs (Best config is CDN_DP_region_0_10_c7)
##>+----------------------------------------------------------------------------------------------------------------------------------------------------------------+
##>                     0                  1                  2                  3                  4                  5                  6                  7            
##>+----------------------------------------------------------------------------------------------------------------------------------------------------------------+
##>           Area         11215420            8411565            8411565            8411565            8411565            8411565            8411565            8411565  
##>            WNS          +898.10            +898.10            +898.10            +898.10            +898.10            +898.10            +898.10            +898.10  
##>            TNS                0                  0                  0                  0                  0                  0                  0                  0  
##>    Num Rewrite                0                  0                  0                  0                  0                  0                  0                  0  
##>     Num Factor                0                  0                  0                  0                  0                  0                  0                  0  
##>      Num Share                0                  0                  0                  0                  0                  0                  0                  0  
##>   Num CmultCse                0                  0                  0                  0                  0                  0                  0                  0  
##>   Num Downsize                0                  0                  0                  0                  0                  0                  0                  0  
##>  Num Speculate                0                  0                  0                  0                  0                  0                  0                  0  
##>     Runtime(s)                0                  0                  0                  0                  0                  0                  0                  0  
+----------------------------------------------------------------------------------------------------------------------------------------------------------------+
##>
##>
##>+------------------------------------------------------------------------------------------------------------------------------------------------------------+
##>Optimization Step DEBUG Table for config CDN_DP_region_0_10_c7
##>
##>                          Step                        Area   ( % Chg)        WNS (Change)        TNS (Change)          Runtime (s)        Comment                   
##>+------------------------------------------------------------------------------------------------------------------------------------------------------------+
##>EquationExtraction              START               11215420 (      )      898.10 (        )             0 (        )              
##> rewrite                        START               25234695 (+125.00)      894.80 (   -3.30)             0 (       0)              (a,ar) Expr60_from --> Expr60_to
##>                                  END               56077100 (+122.22)      894.80 (   +0.00)             0 (       0)           0  
##>                                  END               11215420 ( +0.00)      898.10 (   +0.00)             0 (       0)           0  
##>createMaxCarrySave              START               11215420 ( +0.00)      898.10 (   +0.00)             0 (       0)              
##> datapath_rewrite_one_def       START               11215420 ( +0.00)      898.10 (   +0.00)             0 (       0)              
##>                                  END               11215420 ( +0.00)      898.10 (   +0.00)             0 (       0)           0  
##> csa_opto                       START               11215420 ( +0.00)      898.10 (   +0.00)             0 (       0)              
##>                                  END               19626985 (+75.00)      898.10 (   +0.00)             0 (       0)           0  
##>                                  END               19626985 (+75.00)      898.10 (   +0.00)             0 (       0)           0  
##>canonicalize_by_names           START               19626985 ( +0.00)      898.10 (   +0.00)             0 (       0)              
##>                                  END               19626985 ( +0.00)      898.10 (   +0.00)             0 (       0)           0  
##>datapath_rewrite_post_csa_one_  START               19626985 ( +0.00)      898.10 (   +0.00)             0 (       0)              
##>                                  END               19626985 ( +0.00)      898.10 (   +0.00)             0 (       0)           0  
##>datapath_csa_factoring_one_gde  START               19626985 ( +0.00)      898.10 (   +0.00)             0 (       0)              
##>                                  END               19626985 ( +0.00)      898.10 (   +0.00)             0 (       0)           0  
##>dpopt_share_one_def             START               19626985 ( +0.00)      898.10 (   +0.00)             0 (       0)              
##>                                  END               19626985 ( +0.00)      898.10 (   +0.00)             0 (       0)           0  
##>datapath_rewrite_post_share     START               19626985 ( +0.00)      898.10 (   +0.00)             0 (       0)              
##>                                  END               19626985 ( +0.00)      898.10 (   +0.00)             0 (       0)           0  
##>dp_combine_const_mult_with_com  START               19626985 ( +0.00)      898.10 (   +0.00)             0 (       0)              
##>                                  END               19626985 ( +0.00)      898.10 (   +0.00)             0 (       0)           0  
##>dp_operator_level_decompositio  START               19626985 ( +0.00)      898.10 (   +0.00)             0 (       0)              
##>                                  END               19626985 ( +0.00)      898.10 (   +0.00)             0 (       0)           0  
##>selective_flatten_dp_config     START               19626985 ( +0.00)      898.10 (   +0.00)             0 (       0)              
##>                                  END               19626985 ( +0.00)      898.10 (   +0.00)             0 (       0)           0  
##>createMaxCarrySave              START               19626985 ( +0.00)      898.10 (   +0.00)             0 (       0)              
##> datapath_rewrite_one_def       START               19626985 ( +0.00)      898.10 (   +0.00)             0 (       0)              
##>  fast_cse_elim                 START               19626985 ( +0.00)      898.10 (   +0.00)             0 (       0)              
##>                                  END               19626985 ( +0.00)      898.10 (   +0.00)             0 (       0)           0  
##>  fast_cse_elim                 START               19626985 ( +0.00)      898.10 (   +0.00)             0 (       0)              
##>                                  END               19626985 ( +0.00)      898.10 (   +0.00)             0 (       0)           0  
##>                                  END               19626985 ( +0.00)      898.10 (   +0.00)             0 (       0)           0  
##> csa_opto                       START               19626985 ( +0.00)      898.10 (   +0.00)             0 (       0)              
##>                                  END               19626985 ( +0.00)      898.10 (   +0.00)             0 (       0)           0  
##>                                  END               19626985 ( +0.00)      898.10 (   +0.00)             0 (       0)           0  
##>context_based_simplify          START                8411565 (-57.14)      898.10 (   +0.00)             0 (       0)              
##>                                  END                8411565 ( +0.00)      898.10 (   +0.00)             0 (       0)           0  
##>group_csa_final_adder_dp        START                8411565 ( +0.00)      898.10 (   +0.00)             0 (       0)              
##>                                  END                8411565 ( +0.00)      898.10 (   +0.00)             0 (       0)           0  
##>dpopt_flatten_critical_muxes_i  START                8411565 ( +0.00)      898.10 (   +0.00)             0 (       0)              
##>                                  END                8411565 ( +0.00)      898.10 (   +0.00)             0 (       0)           0  
##>create_score                    START                8411565 ( +0.00)      898.10 (   +0.00)             0 (       0)              
##>                                  END                8411565 ( +0.00)      898.10 (   +0.00)             0 (       0)           0  
##>+------------------------------------------------------------------------------------------------------------------------------------------------------------+
Committed config: CDN_DP_region_0_10_c7
          Optimizations applied to 'very_fast' configuration:
            rewriting(0), factoring(0), sharing(0), cmultcse(0), downsizing(0), speculation(0)
CSAGen Prep Share:0 Re-Write:1 Speculation: 0
MaxCSA: Successfully built Maximal CSA Expression Expr61
CDN_DP_region_0_9 level = 0 loads = 0 drivers = 0
CDN_DP_region_0_9_c0 in Conv: area: 187858285 ,dp = 6 mux = 1 sg = slow         worst_clk_period: -1.0000 
    wns: 0  norm_wns:  -1.0000 
    fail_endp: -1 
    tns:  0  tns_per_endp:  -1.0000   norm_tns_per_endp:  -1.0000 
    tns_sense_max:  -1.0000  tns_sense_avg:  -1.0000   tns_sense_num: -1
 skipped
CDN_DP_region_0_9_c1 in Conv: area: 204681415 ,dp = 7 mux = 1 sg = fast         worst_clk_period: -1.0000 
    wns: 0  norm_wns:  -1.0000 
    fail_endp: -1 
    tns:  0  tns_per_endp:  -1.0000   norm_tns_per_endp:  -1.0000 
    tns_sense_max:  -1.0000  tns_sense_avg:  -1.0000   tns_sense_num: -1
 is current best
CDN_DP_region_0_9_c2 in Conv: area: 171035155 ,dp = 6 mux = 1 sg = very_slow    worst_clk_period: -1.0000 
    wns: 0  norm_wns:  -1.0000 
    fail_endp: -1 
    tns:  0  tns_per_endp:  -1.0000   norm_tns_per_endp:  -1.0000 
    tns_sense_max:  -1.0000  tns_sense_avg:  -1.0000   tns_sense_num: -1
 is current best
CDN_DP_region_0_9_c3 in Conv: area: 204681415 ,dp = 7 mux = 1 sg = very_fast    worst_clk_period: -1.0000 
    wns: 0  norm_wns:  -1.0000 
    fail_endp: -1 
    tns:  0  tns_per_endp:  -1.0000   norm_tns_per_endp:  -1.0000 
    tns_sense_max:  -1.0000  tns_sense_avg:  -1.0000   tns_sense_num: -1

CDN_DP_region_0_9_c4 in Conv: area: 171035155 ,dp = 6 mux = 1 sg = very_fast    worst_clk_period: -1.0000 
    wns: 0  norm_wns:  -1.0000 
    fail_endp: -1 
    tns:  0  tns_per_endp:  -1.0000   norm_tns_per_endp:  -1.0000 
    tns_sense_max:  -1.0000  tns_sense_avg:  -1.0000   tns_sense_num: -1
 is current best
CDN_DP_region_0_9_c5 in Conv: area: 171035155 ,dp = 6 mux = 1 sg = very_fast    worst_clk_period: -1.0000 
    wns: 0  norm_wns:  -1.0000 
    fail_endp: -1 
    tns:  0  tns_per_endp:  -1.0000   norm_tns_per_endp:  -1.0000 
    tns_sense_max:  -1.0000  tns_sense_avg:  -1.0000   tns_sense_num: -1
 is current best
CDN_DP_region_0_9_c6 in Conv: area: 204681415 ,dp = 7 mux = 1 sg = very_fast    worst_clk_period: -1.0000 
    wns: 0  norm_wns:  -1.0000 
    fail_endp: -1 
    tns:  0  tns_per_endp:  -1.0000   norm_tns_per_endp:  -1.0000 
    tns_sense_max:  -1.0000  tns_sense_avg:  -1.0000   tns_sense_num: -1

CDN_DP_region_0_9_c7 in Conv: area: 246739240 ,dp = 6 mux = 1 sg = very_fast    worst_clk_period: -1.0000 
    wns: 0  norm_wns:  -1.0000 
    fail_endp: -1 
    tns:  0  tns_per_endp:  -1.0000   norm_tns_per_endp:  -1.0000 
    tns_sense_max:  -1.0000  tns_sense_avg:  -1.0000   tns_sense_num: -1

Best config: CDN_DP_region_0_9_c5 in Conv: area: 171035155 ,dp = 6 mux = 1 sg = very_fast    worst_clk_period: -1.0000 
    wns: 0  norm_wns:  -1.0000 
    fail_endp: -1 
    tns:  0  tns_per_endp:  -1.0000   norm_tns_per_endp:  -1.0000 
    tns_sense_max:  -1.0000  tns_sense_avg:  -1.0000   tns_sense_num: -1
  Smallest config area : 171035155.  Fastest config wns;  0
##>+----------------------------------------------------------------------------------------------------------------------------------------------------------------+
##>Summary table of configs (Best config is CDN_DP_region_0_9_c5)
##>+----------------------------------------------------------------------------------------------------------------------------------------------------------------+
##>                     0                  1                  2                  3                  4                  5                  6                  7            
##>+----------------------------------------------------------------------------------------------------------------------------------------------------------------+
##>           Area        187858285          204681415          171035155          204681415          171035155          171035155          204681415          246739240  
##>            WNS          +904.70            +903.80            +904.70            +903.80            +904.70            +904.70            +903.80            +889.80  
##>            TNS                0                  0                  0                  0                  0                  0                  0                  0  
##>    Num Rewrite                0                  1                  0                  1                  0                  0                  1                  3  
##>     Num Factor                0                  0                  0                  0                  0                  0                  0                  1  
##>      Num Share                0                  0                  0                  0                  0                  0                  0                  0  
##>   Num CmultCse                0                  0                  0                  0                  0                  0                  0                  0  
##>   Num Downsize                0                  0                  0                  0                  0                  0                  0                  0  
##>  Num Speculate                0                  0                  0                  0                  0                  0                  0                  0  
##>     Runtime(s)                0                  0                  0                  0                  0                  0                  0                  0  
+----------------------------------------------------------------------------------------------------------------------------------------------------------------+
##>
##>
##>+------------------------------------------------------------------------------------------------------------------------------------------------------------+
##>Optimization Step DEBUG Table for config CDN_DP_region_0_9_c5
##>
##>                          Step                        Area   ( % Chg)        WNS (Change)        TNS (Change)          Runtime (s)        Comment                   
##>+------------------------------------------------------------------------------------------------------------------------------------------------------------+
##>createMaxCarrySave              START              187858285 (      )      904.70 (        )             0 (        )              
##> datapath_rewrite_one_def       START              187858285 ( +0.00)      904.70 (   +0.00)             0 (       0)              
##>  fast_cse_elim                 START              187858285 ( +0.00)      904.70 (   +0.00)             0 (       0)              
##>                                  END              187858285 ( +0.00)      904.70 (   +0.00)             0 (       0)           0  
##>  fast_cse_elim                 START              187858285 ( +0.00)      904.70 (   +0.00)             0 (       0)              
##>                                  END              187858285 ( +0.00)      904.70 (   +0.00)             0 (       0)           0  
##>                                  END              187858285 ( +0.00)      904.70 (   +0.00)             0 (       0)           0  
##> csa_opto                       START              187858285 ( +0.00)      904.70 (   +0.00)             0 (       0)              
##>                                  END              201877560 ( +7.46)      904.70 (   +0.00)             0 (       0)           0  
##>                                  END              201877560 ( +7.46)      904.70 (   +0.00)             0 (       0)           0  
##>canonicalize_by_names           START              201877560 ( +0.00)      904.70 (   +0.00)             0 (       0)              
##>                                  END              201877560 ( +0.00)      904.70 (   +0.00)             0 (       0)           0  
##>datapath_rewrite_post_csa_one_  START              201877560 ( +0.00)      904.70 (   +0.00)             0 (       0)              
##>                                  END              201877560 ( +0.00)      904.70 (   +0.00)             0 (       0)           0  
##>datapath_csa_factoring_one_gde  START              201877560 ( +0.00)      904.70 (   +0.00)             0 (       0)              
##>                                  END              201877560 ( +0.00)      904.70 (   +0.00)             0 (       0)           0  
##>dpopt_share_one_def             START              201877560 ( +0.00)      904.70 (   +0.00)             0 (       0)              
##>                                  END              201877560 ( +0.00)      904.70 (   +0.00)             0 (       0)           0  
##>datapath_rewrite_post_share     START              201877560 ( +0.00)      904.70 (   +0.00)             0 (       0)              
##>                                  END              201877560 ( +0.00)      904.70 (   +0.00)             0 (       0)           0  
##>dp_combine_const_mult_with_com  START              201877560 ( +0.00)      904.70 (   +0.00)             0 (       0)              
##>                                  END              201877560 ( +0.00)      904.70 (   +0.00)             0 (       0)           0  
##>dp_operator_level_decompositio  START              201877560 ( +0.00)      904.70 (   +0.00)             0 (       0)              
##>                                  END              201877560 ( +0.00)      904.70 (   +0.00)             0 (       0)           0  
##>selective_flatten_dp_config     START              201877560 ( +0.00)      904.70 (   +0.00)             0 (       0)              
##>                                  END              201877560 ( +0.00)      904.70 (   +0.00)             0 (       0)           0  
##>createMaxCarrySave              START              201877560 ( +0.00)      904.70 (   +0.00)             0 (       0)              
##> datapath_rewrite_one_def       START              201877560 ( +0.00)      904.70 (   +0.00)             0 (       0)              
##>  fast_cse_elim                 START              201877560 ( +0.00)      904.70 (   +0.00)             0 (       0)              
##>                                  END              201877560 ( +0.00)      904.70 (   +0.00)             0 (       0)           0  
##>  fast_cse_elim                 START              201877560 ( +0.00)      904.70 (   +0.00)             0 (       0)              
##>                                  END              201877560 ( +0.00)      904.70 (   +0.00)             0 (       0)           0  
##>                                  END              201877560 ( +0.00)      904.70 (   +0.00)             0 (       0)           0  
##> csa_opto                       START              201877560 ( +0.00)      904.70 (   +0.00)             0 (       0)              
##>                                  END              201877560 ( +0.00)      904.70 (   +0.00)             0 (       0)           0  
##>                                  END              201877560 ( +0.00)      904.70 (   +0.00)             0 (       0)           0  
##>context_based_simplify          START              179446720 (-11.11)      904.70 (   +0.00)             0 (       0)              
##>                                  END              171035155 ( -4.69)      904.70 (   +0.00)             0 (       0)           0  
##>group_csa_final_adder_dp        START              171035155 ( +0.00)      904.70 (   +0.00)             0 (       0)              
##>                                  END              171035155 ( +0.00)      904.70 (   +0.00)             0 (       0)           0  
##>dpopt_flatten_critical_muxes_i  START              171035155 ( +0.00)      904.70 (   +0.00)             0 (       0)              
##>                                  END              171035155 ( +0.00)      904.70 (   +0.00)             0 (       0)           0  
##>create_score                    START              171035155 ( +0.00)      904.70 (   +0.00)             0 (       0)              
##>                                  END              171035155 ( +0.00)      904.70 (   +0.00)             0 (       0)           0  
##>+------------------------------------------------------------------------------------------------------------------------------------------------------------+
Committed config: CDN_DP_region_0_9_c5
          Optimizations applied to 'very_fast' configuration:
            rewriting(0), factoring(0), sharing(0), cmultcse(0), downsizing(0), speculation(0)
CSAGen Prep Share:0 Re-Write:0 Speculation: 0
CDN_DP_region_5_0 level = 0 loads = 0 drivers = 0
MaxCSA: Successfully built Maximal CSA Expression Expr62
CDN_DP_region_5_0_c0 in Multip: area: 10536887090 ,dp = 1 mux = 0 sg = slow         worst_clk_period: -1.0000 
    wns: 0  norm_wns:  -1.0000 
    fail_endp: -1 
    tns:  0  tns_per_endp:  -1.0000   norm_tns_per_endp:  -1.0000 
    tns_sense_max:  -1.0000  tns_sense_avg:  -1.0000   tns_sense_num: -1
 skipped
CDN_DP_region_5_0_c1 in Multip: area: 10536887090 ,dp = 1 mux = 0 sg = fast         worst_clk_period: -1.0000 
    wns: 0  norm_wns:  -1.0000 
    fail_endp: -1 
    tns:  0  tns_per_endp:  -1.0000   norm_tns_per_endp:  -1.0000 
    tns_sense_max:  -1.0000  tns_sense_avg:  -1.0000   tns_sense_num: -1
 is current best
CDN_DP_region_5_0_c2 in Multip: area: 10536887090 ,dp = 1 mux = 0 sg = very_slow    worst_clk_period: -1.0000 
    wns: 0  norm_wns:  -1.0000 
    fail_endp: -1 
    tns:  0  tns_per_endp:  -1.0000   norm_tns_per_endp:  -1.0000 
    tns_sense_max:  -1.0000  tns_sense_avg:  -1.0000   tns_sense_num: -1
 is current best
CDN_DP_region_5_0_c3 in Multip: area: 10536887090 ,dp = 1 mux = 0 sg = very_fast    worst_clk_period: -1.0000 
    wns: 0  norm_wns:  -1.0000 
    fail_endp: -1 
    tns:  0  tns_per_endp:  -1.0000   norm_tns_per_endp:  -1.0000 
    tns_sense_max:  -1.0000  tns_sense_avg:  -1.0000   tns_sense_num: -1
 is current best
CDN_DP_region_5_0_c4 in Multip: area: 10536887090 ,dp = 1 mux = 0 sg = very_fast    worst_clk_period: -1.0000 
    wns: 0  norm_wns:  -1.0000 
    fail_endp: -1 
    tns:  0  tns_per_endp:  -1.0000   norm_tns_per_endp:  -1.0000 
    tns_sense_max:  -1.0000  tns_sense_avg:  -1.0000   tns_sense_num: -1
 is current best
CDN_DP_region_5_0_c5 in Multip: area: 10536887090 ,dp = 1 mux = 0 sg = very_fast    worst_clk_period: -1.0000 
    wns: 0  norm_wns:  -1.0000 
    fail_endp: -1 
    tns:  0  tns_per_endp:  -1.0000   norm_tns_per_endp:  -1.0000 
    tns_sense_max:  -1.0000  tns_sense_avg:  -1.0000   tns_sense_num: -1
 is current best
CDN_DP_region_5_0_c6 in Multip: area: 10536887090 ,dp = 1 mux = 0 sg = very_fast    worst_clk_period: -1.0000 
    wns: 0  norm_wns:  -1.0000 
    fail_endp: -1 
    tns:  0  tns_per_endp:  -1.0000   norm_tns_per_endp:  -1.0000 
    tns_sense_max:  -1.0000  tns_sense_avg:  -1.0000   tns_sense_num: -1
 is current best
CDN_DP_region_5_0_c7 in Multip: area: 10536887090 ,dp = 1 mux = 0 sg = very_fast    worst_clk_period: -1.0000 
    wns: 0  norm_wns:  -1.0000 
    fail_endp: -1 
    tns:  0  tns_per_endp:  -1.0000   norm_tns_per_endp:  -1.0000 
    tns_sense_max:  -1.0000  tns_sense_avg:  -1.0000   tns_sense_num: -1
 is current best
Best config: CDN_DP_region_5_0_c7 in Multip: area: 10536887090 ,dp = 1 mux = 0 sg = very_fast    worst_clk_period: -1.0000 
    wns: 0  norm_wns:  -1.0000 
    fail_endp: -1 
    tns:  0  tns_per_endp:  -1.0000   norm_tns_per_endp:  -1.0000 
    tns_sense_max:  -1.0000  tns_sense_avg:  -1.0000   tns_sense_num: -1
  Smallest config area : 10536887090.  Fastest config wns;  0
##>+----------------------------------------------------------------------------------------------------------------------------------------------------------------+
##>Summary table of configs (Best config is CDN_DP_region_5_0_c7)
##>+----------------------------------------------------------------------------------------------------------------------------------------------------------------+
##>                     0                  1                  2                  3                  4                  5                  6                  7            
##>+----------------------------------------------------------------------------------------------------------------------------------------------------------------+
##>           Area      10536887090        10536887090        10536887090        10536887090        10536887090        10536887090        10536887090        10536887090  
##>            WNS         +1523.50           +1523.50           +1523.50           +1523.50           +1523.50           +1523.50           +1523.50           +1523.50  
##>            TNS                0                  0                  0                  0                  0                  0                  0                  0  
##>    Num Rewrite                0                  0                  0                  0                  0                  0                  0                  0  
##>     Num Factor                0                  0                  0                  0                  0                  0                  0                  0  
##>      Num Share                0                  0                  0                  0                  0                  0                  0                  0  
##>   Num CmultCse                0                  0                  0                  0                  0                  0                  0                  0  
##>   Num Downsize                0                  0                  0                  0                  0                  0                  0                  0  
##>  Num Speculate                0                  0                  0                  0                  0                  0                  0                  0  
##>     Runtime(s)                0                  0                  0                  0                  0                  0                  0                  0  
+----------------------------------------------------------------------------------------------------------------------------------------------------------------+
##>
##>
##>+------------------------------------------------------------------------------------------------------------------------------------------------------------+
##>Optimization Step DEBUG Table for config CDN_DP_region_5_0_c7
##>
##>                          Step                        Area   ( % Chg)        WNS (Change)        TNS (Change)          Runtime (s)        Comment                   
##>+------------------------------------------------------------------------------------------------------------------------------------------------------------+
##>EquationExtraction              START            10536887090 (      )     1523.50 (        )             0 (        )              
##> rewrite                        START            38791333925 (+268.15)     1510.70 (  -12.80)             0 (       0)              (a,ar) Expr62_from --> Expr62_to
##>                                  END            23019649550 (-40.66)     1508.30 (   -2.40)             0 (       0)           0  
##>                                  END            10536887090 ( +0.00)     1523.50 (   +0.00)             0 (       0)           0  
##>createMaxCarrySave              START            10536887090 ( +0.00)     1523.50 (   +0.00)             0 (       0)              
##> datapath_rewrite_one_def       START            10536887090 ( +0.00)     1523.50 (   +0.00)             0 (       0)              
##>                                  END            10536887090 ( +0.00)     1523.50 (   +0.00)             0 (       0)           0  
##> csa_opto                       START            10536887090 ( +0.00)     1523.50 (   +0.00)             0 (       0)              
##>                                  END            10536887090 ( +0.00)     1523.50 (   +0.00)             0 (       0)           0  
##>                                  END            10536887090 ( +0.00)     1523.50 (   +0.00)             0 (       0)           0  
##>canonicalize_by_names           START            10536887090 ( +0.00)     1523.50 (   +0.00)             0 (       0)              
##>                                  END            10536887090 ( +0.00)     1523.50 (   +0.00)             0 (       0)           0  
##>datapath_rewrite_post_csa_one_  START            10536887090 ( +0.00)     1523.50 (   +0.00)             0 (       0)              
##>                                  END            10536887090 ( +0.00)     1523.50 (   +0.00)             0 (       0)           0  
##>datapath_csa_factoring_one_gde  START            10536887090 ( +0.00)     1523.50 (   +0.00)             0 (       0)              
##>                                  END            10536887090 ( +0.00)     1523.50 (   +0.00)             0 (       0)           0  
##>dpopt_share_one_def             START            10536887090 ( +0.00)     1523.50 (   +0.00)             0 (       0)              
##>                                  END            10536887090 ( +0.00)     1523.50 (   +0.00)             0 (       0)           0  
##>datapath_rewrite_post_share     START            10536887090 ( +0.00)     1523.50 (   +0.00)             0 (       0)              
##>                                  END            10536887090 ( +0.00)     1523.50 (   +0.00)             0 (       0)           0  
##>dp_combine_const_mult_with_com  START            10536887090 ( +0.00)     1523.50 (   +0.00)             0 (       0)              
##>                                  END            10536887090 ( +0.00)     1523.50 (   +0.00)             0 (       0)           0  
##>dp_operator_level_decompositio  START            10536887090 ( +0.00)     1523.50 (   +0.00)             0 (       0)              
##>                                  END            10536887090 ( +0.00)     1523.50 (   +0.00)             0 (       0)           0  
##>selective_flatten_dp_config     START            10536887090 ( +0.00)     1523.50 (   +0.00)             0 (       0)              
##>                                  END            10536887090 ( +0.00)     1523.50 (   +0.00)             0 (       0)           0  
##>createMaxCarrySave              START            10536887090 ( +0.00)     1523.50 (   +0.00)             0 (       0)              
##> datapath_rewrite_one_def       START            10536887090 ( +0.00)     1523.50 (   +0.00)             0 (       0)              
##>  fast_cse_elim                 START            10536887090 ( +0.00)     1523.50 (   +0.00)             0 (       0)              
##>                                  END            10536887090 ( +0.00)     1523.50 (   +0.00)             0 (       0)           0  
##>  fast_cse_elim                 START            10536887090 ( +0.00)     1523.50 (   +0.00)             0 (       0)              
##>                                  END            10536887090 ( +0.00)     1523.50 (   +0.00)             0 (       0)           0  
##>                                  END            10536887090 ( +0.00)     1523.50 (   +0.00)             0 (       0)           0  
##> csa_opto                       START            10536887090 ( +0.00)     1523.50 (   +0.00)             0 (       0)              
##>                                  END            10536887090 ( +0.00)     1523.50 (   +0.00)             0 (       0)           0  
##>                                  END            10536887090 ( +0.00)     1523.50 (   +0.00)             0 (       0)           0  
##>context_based_simplify          START            10536887090 ( +0.00)     1523.50 (   +0.00)             0 (       0)              
##>                                  END            10536887090 ( +0.00)     1523.50 (   +0.00)             0 (       0)           0  
##>group_csa_final_adder_dp        START            10536887090 ( +0.00)     1523.50 (   +0.00)             0 (       0)              
##>                                  END            10536887090 ( +0.00)     1523.50 (   +0.00)             0 (       0)           0  
##>dpopt_flatten_critical_muxes_i  START            10536887090 ( +0.00)     1523.50 (   +0.00)             0 (       0)              
##>                                  END            10536887090 ( +0.00)     1523.50 (   +0.00)             0 (       0)           0  
##>create_score                    START            10536887090 ( +0.00)     1523.50 (   +0.00)             0 (       0)              
##>                                  END            10536887090 ( +0.00)     1523.50 (   +0.00)             0 (       0)           0  
##>+------------------------------------------------------------------------------------------------------------------------------------------------------------+
Committed config: CDN_DP_region_5_0_c7
          Optimizations applied to 'very_fast' configuration:
            rewriting(0), factoring(0), sharing(0), cmultcse(0), downsizing(0), speculation(0)
CSAGen Prep Share:0 Re-Write:2 Speculation: 0
MaxCSA: Successfully built Maximal CSA Expression Expr63
MaxCSA: Successfully built Maximal CSA Expression Expr64
MaxCSA: Successfully built Maximal CSA Expression Expr65
MaxCSA: Successfully built Maximal CSA Expression Expr66
MaxCSA: Successfully built Maximal CSA Expression Expr67
MaxCSA: Successfully built Maximal CSA Expression Expr68
MaxCSA: Successfully built Maximal CSA Expression Expr69
CDN_DP_region_0_2 level = 2 loads = 3 drivers = 3 is driven by : CDN_DP_region_0_6 CDN_DP_region_0_7 CDN_DP_region_0_3 
CDN_DP_region_0_2_c0 in Conv: area: 30430238315 ,dp = 21 mux = 126 sg = slow         worst_clk_period: -1.0000 
    wns: 0  norm_wns:  -1.0000 
    fail_endp: -1 
    tns:  0  tns_per_endp:  -1.0000   norm_tns_per_endp:  -1.0000 
    tns_sense_max:  -1.0000  tns_sense_avg:  -1.0000   tns_sense_num: -1
 skipped
CDN_DP_region_0_2_c1 in Conv: area: 29325519445 ,dp = 19 mux = 124 sg = fast         worst_clk_period: -1.0000 
    wns: 0  norm_wns:  -1.0000 
    fail_endp: -1 
    tns:  0  tns_per_endp:  -1.0000   norm_tns_per_endp:  -1.0000 
    tns_sense_max:  -1.0000  tns_sense_avg:  -1.0000   tns_sense_num: -1
 is current best
CDN_DP_region_0_2_c2 in Conv: area: 29266638490 ,dp = 18 mux = 124 sg = very_slow    worst_clk_period: -1.0000 
    wns: 0  norm_wns:  -1.0000 
    fail_endp: -1 
    tns:  0  tns_per_endp:  -1.0000   norm_tns_per_endp:  -1.0000 
    tns_sense_max:  -1.0000  tns_sense_avg:  -1.0000   tns_sense_num: -1
 is current best
CDN_DP_region_0_2_c3 in Conv: area: 29325519445 ,dp = 19 mux = 124 sg = very_fast    worst_clk_period: -1.0000 
    wns: 0  norm_wns:  -1.0000 
    fail_endp: -1 
    tns:  0  tns_per_endp:  -1.0000   norm_tns_per_endp:  -1.0000 
    tns_sense_max:  -1.0000  tns_sense_avg:  -1.0000   tns_sense_num: -1

CDN_DP_region_0_2_c4 in Conv: area: 29266638490 ,dp = 18 mux = 124 sg = very_fast    worst_clk_period: -1.0000 
    wns: 0  norm_wns:  -1.0000 
    fail_endp: -1 
    tns:  0  tns_per_endp:  -1.0000   norm_tns_per_endp:  -1.0000 
    tns_sense_max:  -1.0000  tns_sense_avg:  -1.0000   tns_sense_num: -1
 is current best
CDN_DP_region_0_2_c5 in Conv: area: 29266638490 ,dp = 18 mux = 124 sg = very_fast    worst_clk_period: -1.0000 
    wns: 0  norm_wns:  -1.0000 
    fail_endp: -1 
    tns:  0  tns_per_endp:  -1.0000   norm_tns_per_endp:  -1.0000 
    tns_sense_max:  -1.0000  tns_sense_avg:  -1.0000   tns_sense_num: -1
 is current best
CDN_DP_region_0_2_c6 in Conv: area: 29266638490 ,dp = 18 mux = 124 sg = very_fast    worst_clk_period: -1.0000 
    wns: 0  norm_wns:  -1.0000 
    fail_endp: -1 
    tns:  0  tns_per_endp:  -1.0000   norm_tns_per_endp:  -1.0000 
    tns_sense_max:  -1.0000  tns_sense_avg:  -1.0000   tns_sense_num: -1
 is current best
CDN_DP_region_0_2_c7 in Conv: area: 30587254195 ,dp = 18 mux = 130 sg = very_fast    worst_clk_period: -1.0000 
    wns: 0  norm_wns:  -1.0000 
    fail_endp: -1 
    tns:  0  tns_per_endp:  -1.0000   norm_tns_per_endp:  -1.0000 
    tns_sense_max:  -1.0000  tns_sense_avg:  -1.0000   tns_sense_num: -1

Best config: CDN_DP_region_0_2_c6 in Conv: area: 29266638490 ,dp = 18 mux = 124 sg = very_fast    worst_clk_period: -1.0000 
    wns: 0  norm_wns:  -1.0000 
    fail_endp: -1 
    tns:  0  tns_per_endp:  -1.0000   norm_tns_per_endp:  -1.0000 
    tns_sense_max:  -1.0000  tns_sense_avg:  -1.0000   tns_sense_num: -1
  Smallest config area : 29266638490.  Fastest config wns;  0
##>+----------------------------------------------------------------------------------------------------------------------------------------------------------------+
##>Summary table of configs (Best config is CDN_DP_region_0_2_c6)
##>+----------------------------------------------------------------------------------------------------------------------------------------------------------------+
##>                     0                  1                  2                  3                  4                  5                  6                  7            
##>+----------------------------------------------------------------------------------------------------------------------------------------------------------------+
##>           Area      30430238315        29325519445        29266638490        29325519445        29266638490        29266638490        29266638490        30587254195  
##>            WNS          +643.40            +681.00            +681.00            +681.00            +681.00            +681.00            +681.00            +581.30  
##>            TNS                0                  0                  0                  0                  0                  0                  0                  0  
##>    Num Rewrite                0                  4                  5                  4                  5                  5                  3                  2  
##>     Num Factor                0                  0                  0                  0                  0                  0                  0                  1  
##>      Num Share                0                  2                  1                  2                  1                  1                  1                  4  
##>   Num CmultCse                0                  0                  0                  0                  0                  0                  0                  0  
##>   Num Downsize                0                  0                  0                  0                  0                  0                  0                  0  
##>  Num Speculate                0                  0                  0                  0                  0                  0                  0                  0  
##>     Runtime(s)                0                  1                  1                  1                  1                  1                  1                  2  
+----------------------------------------------------------------------------------------------------------------------------------------------------------------+
##>
##>
##>+------------------------------------------------------------------------------------------------------------------------------------------------------------+
##>Optimization Step DEBUG Table for config CDN_DP_region_0_2_c6
##>
##>                          Step                        Area   ( % Chg)        WNS (Change)        TNS (Change)          Runtime (s)        Comment                   
##>+------------------------------------------------------------------------------------------------------------------------------------------------------------+
##>createMaxCarrySave              START            30430238315 (      )    107374825.80 (        )             0 (        )              
##> datapath_rewrite_one_def       START            30430238315 ( +0.00)    107374825.80 (   +0.00)             0 (       0)              
##>  fast_cse_elim                 START            30430238315 ( +0.00)    107374825.80 (   +0.00)             0 (       0)              
##>                                  END            30430238315 ( +0.00)    107374825.80 (   +0.00)             0 (       0)           0  
##>  fast_cse_elim                 START            30430238315 ( +0.00)    107374825.80 (   +0.00)             0 (       0)              
##>                                  END            30430238315 ( +0.00)    107374825.80 (   +0.00)             0 (       0)           0  
##>  rewrite                       START            30430238315 ( +0.00)    107374825.80 (   +0.00)             0 (       0)              (a,csaa) inc_ci_with_inv_select_version1 --> inc_ci_with_select_version2
##>                                  END            30362945795 ( -0.22)    107374825.80 (   +0.00)             0 (       0)           0  
##>  rewrite                       START            30362945795 ( +0.00)    107374825.80 (   +0.00)             0 (       0)              (a,csaa) inc_ci_with_inv_select_version1 --> inc_ci_with_select_version2
##>                                  END            30295653275 ( -0.22)    107374825.80 (   +0.00)             0 (       0)           0  
##>  fast_cse_elim                 START            30295653275 ( +0.00)    107374825.80 (   +0.00)             0 (       0)              
##>                                  END            30295653275 ( +0.00)    107374825.80 (   +0.00)             0 (       0)           0  
##>  fast_cse_elim                 START            30295653275 ( +0.00)    107374825.80 (   +0.00)             0 (       0)              
##>                                  END            30295653275 ( +0.00)    107374825.80 (   +0.00)             0 (       0)           0  
##>                                  END            30295653275 ( -0.44)    107374825.80 (   +0.00)             0 (       0)           0  
##> dpopt_share_one_def            START            30295653275 ( +0.00)    107374825.80 (   +0.00)             0 (       0)              
##>                                  END            29729274565 ( -1.87)    107374843.30 (  +17.50)             0 (       0)           0  
##> csa_opto                       START            29729274565 ( +0.00)    214748364.70 (+107373521.40)             0 (       0)              
##>                                  END            29443281355 ( -0.96)    214748364.70 (   +0.00)             0 (       0)           0  
##>                                  END            29443281355 ( -3.24)    214748364.70 (+107373538.90)             0 (       0)           0  
##>canonicalize_by_names           START            29443281355 ( +0.00)    214748364.70 (   +0.00)             0 (       0)              
##>                                  END            29443281355 ( +0.00)    214748364.70 (   +0.00)             0 (       0)           0  
##>datapath_rewrite_post_csa_one_  START            29443281355 ( +0.00)    214748364.70 (   +0.00)             0 (       0)              
##> rewrite                        START            29443281355 ( +0.00)    214748364.70 (   +0.00)             0 (       0)              (a,ar) csa_add_and_inc_v2 --> csa_add_ci
##>                                  END            29446085210 ( +0.01)    214748364.70 (   +0.00)             0 (       0)           0  
##>                                  END            29446085210 ( +0.01)    214748364.70 (   +0.00)             0 (       0)           0  
##>datapath_csa_factoring_one_gde  START            29446085210 ( +0.00)    214748364.70 (   +0.00)             0 (       0)              
##>                                  END            29446085210 ( +0.00)    214748364.70 (   +0.00)             0 (       0)           0  
##>dpopt_share_one_def             START            29446085210 ( +0.00)    214748364.70 (   +0.00)             0 (       0)              
##>                                  END            29446085210 ( +0.00)    214748364.70 (   +0.00)             0 (       0)           0  
##>datapath_rewrite_post_share     START            29446085210 ( +0.00)    214748364.70 (   +0.00)             0 (       0)              
##>                                  END            29446085210 ( +0.00)    214748364.70 (   +0.00)             0 (       0)           0  
##>dp_combine_const_mult_with_com  START            29446085210 ( +0.00)    214748364.70 (   +0.00)             0 (       0)              
##>                                  END            29446085210 ( +0.00)    214748364.70 (   +0.00)             0 (       0)           0  
##>speculate_in_gdef               START            29446085210 ( +0.00)    214748364.70 (   +0.00)             0 (       0)              
##> pre_speculate_mux_merge        START            29446085210 ( +0.00)    214748364.70 (   +0.00)             0 (       0)              
##>                                  END            29446085210 ( +0.00)    214748364.70 (   +0.00)             0 (       0)           0  
##>                                  END            29446085210 ( +0.00)    214748364.70 (   +0.00)             0 (       0)           0  
##>dp_operator_level_decompositio  START            29446085210 ( +0.00)    214748364.70 (   +0.00)             0 (       0)              
##>                                  END            29446085210 ( +0.00)    214748364.70 (   +0.00)             0 (       0)           0  
##>selective_flatten_dp_config     START            29446085210 ( +0.00)    214748364.70 (   +0.00)             0 (       0)              
##>                                  END            29446085210 ( +0.00)    214748364.70 (   +0.00)             0 (       0)           0  
##>createMaxCarrySave              START            29446085210 ( +0.00)    214748364.70 (   +0.00)             0 (       0)              
##> datapath_rewrite_one_def       START            29446085210 ( +0.00)    214748364.70 (   +0.00)             0 (       0)              
##>  fast_cse_elim                 START            29446085210 ( +0.00)    214748364.70 (   +0.00)             0 (       0)              
##>                                  END            29446085210 ( +0.00)    214748364.70 (   +0.00)             0 (       0)           0  
##>  fast_cse_elim                 START            29446085210 ( +0.00)    214748364.70 (   +0.00)             0 (       0)              
##>                                  END            29446085210 ( +0.00)    214748364.70 (   +0.00)             0 (       0)           0  
##>                                  END            29446085210 ( +0.00)    214748364.70 (   +0.00)             0 (       0)           0  
##> dpopt_share_one_def            START            29446085210 ( +0.00)    214748364.70 (   +0.00)             0 (       0)              
##>                                  END            29446085210 ( +0.00)    214748364.70 (   +0.00)             0 (       0)           0  
##> csa_opto                       START            29446085210 ( +0.00)    214748364.70 (   +0.00)             0 (       0)              
##>                                  END            29446085210 ( +0.00)    214748364.70 (   +0.00)             0 (       0)           0  
##>                                  END            29446085210 ( +0.00)    214748364.70 (   +0.00)             0 (       0)           0  
##>datapath_rewrite_post_csa_one_  START            29446085210 ( +0.00)    214748364.70 (   +0.00)             0 (       0)              
##>                                  END            29446085210 ( +0.00)    214748364.70 (   +0.00)             0 (       0)           0  
##>datapath_csa_factoring_one_gde  START            29446085210 ( +0.00)    214748364.70 (   +0.00)             0 (       0)              
##>                                  END            29446085210 ( +0.00)    214748364.70 (   +0.00)             0 (       0)           0  
##>dpopt_share_one_def             START            29446085210 ( +0.00)    214748364.70 (   +0.00)             0 (       0)              
##>                                  END            29446085210 ( +0.00)    214748364.70 (   +0.00)             0 (       0)           0  
##>datapath_rewrite_post_share     START            29446085210 ( +0.00)    214748364.70 (   +0.00)             0 (       0)              
##>                                  END            29446085210 ( +0.00)    214748364.70 (   +0.00)             0 (       0)           0  
##>dp_combine_const_mult_with_com  START            29446085210 ( +0.00)    214748364.70 (   +0.00)             0 (       0)              
##>                                  END            29446085210 ( +0.00)    214748364.70 (   +0.00)             0 (       0)           0  
##>speculate_in_gdef               START            29446085210 ( +0.00)    214748364.70 (   +0.00)             0 (       0)              
##> pre_speculate_mux_merge        START            29446085210 ( +0.00)    214748364.70 (   +0.00)             0 (       0)              
##>                                  END            29446085210 ( +0.00)    214748364.70 (   +0.00)             0 (       0)           0  
##>                                  END            29446085210 ( +0.00)    214748364.70 (   +0.00)             0 (       0)           0  
##>dp_operator_level_decompositio  START            29446085210 ( +0.00)    214748364.70 (   +0.00)             0 (       0)              
##>                                  END            29446085210 ( +0.00)    214748364.70 (   +0.00)             0 (       0)           0  
##>selective_flatten_dp_config     START            29446085210 ( +0.00)    214748364.70 (   +0.00)             0 (       0)              
##>                                  END            29446085210 ( +0.00)    214748364.70 (   +0.00)             0 (       0)           0  
##>createMaxCarrySave              START            29446085210 ( +0.00)    214748364.70 (   +0.00)             0 (       0)              
##> datapath_rewrite_one_def       START            29446085210 ( +0.00)    214748364.70 (   +0.00)             0 (       0)              
##>  fast_cse_elim                 START            29446085210 ( +0.00)    214748364.70 (   +0.00)             0 (       0)              
##>                                  END            29446085210 ( +0.00)    214748364.70 (   +0.00)             0 (       0)           0  
##>  fast_cse_elim                 START            29446085210 ( +0.00)    214748364.70 (   +0.00)             0 (       0)              
##>                                  END            29446085210 ( +0.00)    214748364.70 (   +0.00)             0 (       0)           0  
##>                                  END            29446085210 ( +0.00)    214748364.70 (   +0.00)             0 (       0)           0  
##> dpopt_share_one_def            START            29446085210 ( +0.00)    214748364.70 (   +0.00)             0 (       0)              
##>                                  END            29446085210 ( +0.00)    214748364.70 (   +0.00)             0 (       0)           0  
##> csa_opto                       START            29446085210 ( +0.00)    214748364.70 (   +0.00)             0 (       0)              
##>                                  END            29446085210 ( +0.00)    214748364.70 (   +0.00)             0 (       0)           0  
##>                                  END            29446085210 ( +0.00)    214748364.70 (   +0.00)             0 (       0)           0  
##>context_based_simplify          START            29314304025 ( -0.45)    214748364.70 (   +0.00)             0 (       0)              
##>                                  END            29266638490 ( -0.16)    214748364.70 (   +0.00)             0 (       0)           0  
##>group_csa_final_adder_dp        START            29266638490 ( +0.00)    214748364.70 (   +0.00)             0 (       0)              
##>                                  END            29266638490 ( +0.00)    214748364.70 (   +0.00)             0 (       0)           0  
##>dpopt_flatten_critical_muxes_i  START            29266638490 ( +0.00)    214748364.70 (   +0.00)             0 (       0)              
##>                                  END            29266638490 ( +0.00)    214748364.70 (   +0.00)             0 (       0)           0  
##>speculate_in_gdef               START            29266638490 ( +0.00)    214748364.70 (   +0.00)             0 (       0)              
##> pre_speculate_mux_merge        START            29266638490 ( +0.00)    214748364.70 (   +0.00)             0 (       0)              
##>                                  END            29266638490 ( +0.00)    214748364.70 (   +0.00)             0 (       0)           0  
##>                                  END            29266638490 ( +0.00)    214748364.70 (   +0.00)             0 (       0)           0  
##>create_score                    START            29266638490 ( +0.00)      681.00 (-214747683.70)             0 (       0)              
##>                                  END            29266638490 ( +0.00)      681.00 (   +0.00)             0 (       0)           0  
##>+------------------------------------------------------------------------------------------------------------------------------------------------------------+
Committed config: CDN_DP_region_0_2_c6
          Optimizations applied to 'very_fast' configuration:
            rewriting(3), factoring(0), sharing(1), cmultcse(0), downsizing(0), speculation(0)
CSAGen Prep Share:0 Re-Write:0 Speculation: 0
MaxCSA: Successfully built Maximal CSA Expression Expr70
MaxCSA: Successfully built Maximal CSA Expression Expr71
CDN_DP_region_0_1 level = 1 loads = 5 drivers = 6 is driven by : CDN_DP_region_11_0 CDN_DP_region_15_0 CDN_DP_region_14_0 CDN_DP_region_13_0 CDN_DP_region_12_0 CDN_DP_region_2_0 
CDN_DP_region_0_1_c0 in Conv: area: 26381471695 ,dp = 8 mux = 38 sg = slow         worst_clk_period: -1.0000 
    wns: 0  norm_wns:  -1.0000 
    fail_endp: -1 
    tns:  0  tns_per_endp:  -1.0000   norm_tns_per_endp:  -1.0000 
    tns_sense_max:  -1.0000  tns_sense_avg:  -1.0000   tns_sense_num: -1
 skipped
CDN_DP_region_0_1_c1 in Conv: area: 25189833320 ,dp = 4 mux = 38 sg = fast         worst_clk_period: -1.0000 
    wns: 0  norm_wns:  -1.0000 
    fail_endp: -1 
    tns:  0  tns_per_endp:  -1.0000   norm_tns_per_endp:  -1.0000 
    tns_sense_max:  -1.0000  tns_sense_avg:  -1.0000   tns_sense_num: -1
 is current best
CDN_DP_region_0_1_c2 in Conv: area: 25189833320 ,dp = 4 mux = 38 sg = very_slow    worst_clk_period: -1.0000 
    wns: 0  norm_wns:  -1.0000 
    fail_endp: -1 
    tns:  0  tns_per_endp:  -1.0000   norm_tns_per_endp:  -1.0000 
    tns_sense_max:  -1.0000  tns_sense_avg:  -1.0000   tns_sense_num: -1
 is current best
CDN_DP_region_0_1_c3 in Conv: area: 25189833320 ,dp = 4 mux = 38 sg = very_fast    worst_clk_period: -1.0000 
    wns: 0  norm_wns:  -1.0000 
    fail_endp: -1 
    tns:  0  tns_per_endp:  -1.0000   norm_tns_per_endp:  -1.0000 
    tns_sense_max:  -1.0000  tns_sense_avg:  -1.0000   tns_sense_num: -1
 is current best
CDN_DP_region_0_1_c4 in Conv: area: 25189833320 ,dp = 4 mux = 38 sg = very_fast    worst_clk_period: -1.0000 
    wns: 0  norm_wns:  -1.0000 
    fail_endp: -1 
    tns:  0  tns_per_endp:  -1.0000   norm_tns_per_endp:  -1.0000 
    tns_sense_max:  -1.0000  tns_sense_avg:  -1.0000   tns_sense_num: -1
 is current best
CDN_DP_region_0_1_c5 in Conv: area: 25189833320 ,dp = 4 mux = 38 sg = very_fast    worst_clk_period: -1.0000 
    wns: 0  norm_wns:  -1.0000 
    fail_endp: -1 
    tns:  0  tns_per_endp:  -1.0000   norm_tns_per_endp:  -1.0000 
    tns_sense_max:  -1.0000  tns_sense_avg:  -1.0000   tns_sense_num: -1
 is current best
CDN_DP_region_0_1_c6 in Conv: area: 25189833320 ,dp = 4 mux = 38 sg = very_fast    worst_clk_period: -1.0000 
    wns: 0  norm_wns:  -1.0000 
    fail_endp: -1 
    tns:  0  tns_per_endp:  -1.0000   norm_tns_per_endp:  -1.0000 
    tns_sense_max:  -1.0000  tns_sense_avg:  -1.0000   tns_sense_num: -1
 is current best
CDN_DP_region_0_1_c7 in Conv: area: 25209460305 ,dp = 4 mux = 38 sg = very_fast    worst_clk_period: -1.0000 
    wns: 0  norm_wns:  -1.0000 
    fail_endp: -1 
    tns:  0  tns_per_endp:  -1.0000   norm_tns_per_endp:  -1.0000 
    tns_sense_max:  -1.0000  tns_sense_avg:  -1.0000   tns_sense_num: -1

Best config: CDN_DP_region_0_1_c6 in Conv: area: 25189833320 ,dp = 4 mux = 38 sg = very_fast    worst_clk_period: -1.0000 
    wns: 0  norm_wns:  -1.0000 
    fail_endp: -1 
    tns:  0  tns_per_endp:  -1.0000   norm_tns_per_endp:  -1.0000 
    tns_sense_max:  -1.0000  tns_sense_avg:  -1.0000   tns_sense_num: -1
  Smallest config area : 25189833320.  Fastest config wns;  0
##>+----------------------------------------------------------------------------------------------------------------------------------------------------------------+
##>Summary table of configs (Best config is CDN_DP_region_0_1_c6)
##>+----------------------------------------------------------------------------------------------------------------------------------------------------------------+
##>                     0                  1                  2                  3                  4                  5                  6                  7            
##>+----------------------------------------------------------------------------------------------------------------------------------------------------------------+
##>           Area      26381471695        25189833320        25189833320        25189833320        25189833320        25189833320        25189833320        25209460305  
##>            WNS          +356.10            +356.10            +356.10            +356.10            +356.10            +356.10            +356.10            +356.10  
##>            TNS                0                  0                  0                  0                  0                  0                  0                  0  
##>    Num Rewrite                0                  0                  0                  0                  0                  0                  0                  0  
##>     Num Factor                0                  0                  0                  0                  0                  0                  0                  0  
##>      Num Share                0                  0                  0                  0                  0                  0                  0                  0  
##>   Num CmultCse                0                  0                  0                  0                  0                  0                  0                  0  
##>   Num Downsize                0                  0                  0                  0                  0                  0                  0                  0  
##>  Num Speculate                0                  0                  0                  0                  0                  0                  0                  0  
##>     Runtime(s)                0                  0                  0                  0                  0                  0                  0                  0  
+----------------------------------------------------------------------------------------------------------------------------------------------------------------+
##>
##>
##>+------------------------------------------------------------------------------------------------------------------------------------------------------------+
##>Optimization Step DEBUG Table for config CDN_DP_region_0_1_c6
##>
##>                          Step                        Area   ( % Chg)        WNS (Change)        TNS (Change)          Runtime (s)        Comment                   
##>+------------------------------------------------------------------------------------------------------------------------------------------------------------+
##>createMaxCarrySave              START            26381471695 (      )    107374538.50 (        )             0 (        )              
##> datapath_rewrite_one_def       START            26381471695 ( +0.00)    107374538.50 (   +0.00)             0 (       0)              
##>  fast_cse_elim                 START            26381471695 ( +0.00)    107374538.50 (   +0.00)             0 (       0)              
##>                                  END            25203852595 ( -4.46)    107374538.50 (   +0.00)             0 (       0)           0  
##>  fast_cse_elim                 START            25203852595 ( +0.00)    107374538.50 (   +0.00)             0 (       0)              
##>                                  END            25203852595 ( +0.00)    107374538.50 (   +0.00)             0 (       0)           0  
##>                                  END            25203852595 ( -4.46)    107374538.50 (   +0.00)             0 (       0)           0  
##> dpopt_share_one_def            START            25203852595 ( +0.00)    107374538.50 (   +0.00)             0 (       0)              
##>                                  END            25203852595 ( +0.00)    107374538.50 (   +0.00)             0 (       0)           0  
##> csa_opto                       START            25203852595 ( +0.00)    214748364.70 (+107373826.20)             0 (       0)              
##>                                  END            25209460305 ( +0.02)    214748364.70 (   +0.00)             0 (       0)           0  
##>                                  END            25209460305 ( -4.44)    214748364.70 (+107373826.20)             0 (       0)           0  
##>canonicalize_by_names           START            25209460305 ( +0.00)    214748364.70 (   +0.00)             0 (       0)              
##>                                  END            25209460305 ( +0.00)    214748364.70 (   +0.00)             0 (       0)           0  
##>datapath_rewrite_post_csa_one_  START            25209460305 ( +0.00)    214748364.70 (   +0.00)             0 (       0)              
##>                                  END            25209460305 ( +0.00)    214748364.70 (   +0.00)             0 (       0)           0  
##>datapath_csa_factoring_one_gde  START            25209460305 ( +0.00)    214748364.70 (   +0.00)             0 (       0)              
##>                                  END            25209460305 ( +0.00)    214748364.70 (   +0.00)             0 (       0)           0  
##>dpopt_share_one_def             START            25209460305 ( +0.00)    214748364.70 (   +0.00)             0 (       0)              
##>                                  END            25209460305 ( +0.00)    214748364.70 (   +0.00)             0 (       0)           0  
##>datapath_rewrite_post_share     START            25209460305 ( +0.00)    214748364.70 (   +0.00)             0 (       0)              
##>                                  END            25209460305 ( +0.00)    214748364.70 (   +0.00)             0 (       0)           0  
##>dp_combine_const_mult_with_com  START            25209460305 ( +0.00)    214748364.70 (   +0.00)             0 (       0)              
##>                                  END            25209460305 ( +0.00)    214748364.70 (   +0.00)             0 (       0)           0  
##>dp_operator_level_decompositio  START            25209460305 ( +0.00)    214748364.70 (   +0.00)             0 (       0)              
##>                                  END            25209460305 ( +0.00)    214748364.70 (   +0.00)             0 (       0)           0  
##>selective_flatten_dp_config     START            25209460305 ( +0.00)    214748364.70 (   +0.00)             0 (       0)              
##>                                  END            25209460305 ( +0.00)    214748364.70 (   +0.00)             0 (       0)           0  
##>createMaxCarrySave              START            25209460305 ( +0.00)    214748364.70 (   +0.00)             0 (       0)              
##> datapath_rewrite_one_def       START            25209460305 ( +0.00)    214748364.70 (   +0.00)             0 (       0)              
##>  fast_cse_elim                 START            25209460305 ( +0.00)    214748364.70 (   +0.00)             0 (       0)              
##>                                  END            25209460305 ( +0.00)    214748364.70 (   +0.00)             0 (       0)           0  
##>  fast_cse_elim                 START            25209460305 ( +0.00)    214748364.70 (   +0.00)             0 (       0)              
##>                                  END            25209460305 ( +0.00)    214748364.70 (   +0.00)             0 (       0)           0  
##>                                  END            25209460305 ( +0.00)    214748364.70 (   +0.00)             0 (       0)           0  
##> dpopt_share_one_def            START            25209460305 ( +0.00)    214748364.70 (   +0.00)             0 (       0)              
##>                                  END            25209460305 ( +0.00)    214748364.70 (   +0.00)             0 (       0)           0  
##> csa_opto                       START            25209460305 ( +0.00)    214748364.70 (   +0.00)             0 (       0)              
##>                                  END            25209460305 ( +0.00)    214748364.70 (   +0.00)             0 (       0)           0  
##>                                  END            25209460305 ( +0.00)    214748364.70 (   +0.00)             0 (       0)           0  
##>context_based_simplify          START            25198244885 ( -0.04)    214748364.70 (   +0.00)             0 (       0)              
##>                                  END            25189833320 ( -0.03)    214748364.70 (   +0.00)             0 (       0)           0  
##>group_csa_final_adder_dp        START            25189833320 ( +0.00)    214748364.70 (   +0.00)             0 (       0)              
##>                                  END            25189833320 ( +0.00)    214748364.70 (   +0.00)             0 (       0)           0  
##>dpopt_flatten_critical_muxes_i  START            25189833320 ( +0.00)    214748364.70 (   +0.00)             0 (       0)              
##>                                  END            25189833320 ( +0.00)    214748364.70 (   +0.00)             0 (       0)           0  
##>create_score                    START            25189833320 ( +0.00)      356.10 (-214748008.60)             0 (       0)              
##>                                  END            25189833320 ( +0.00)      356.10 (   +0.00)             0 (       0)           0  
##>+------------------------------------------------------------------------------------------------------------------------------------------------------------+
Committed config: CDN_DP_region_0_1_c6
          Optimizations applied to 'very_fast' configuration:
            rewriting(0), factoring(0), sharing(0), cmultcse(0), downsizing(0), speculation(0)
CSAGen Prep Share:0 Re-Write:0 Speculation: 0
MaxCSA: Successfully built Maximal CSA Expression Expr72
MaxCSA: Successfully built Maximal CSA Expression Expr73
CDN_DP_region_0_4 level = 3 loads = 0 drivers = 2 is driven by : CDN_DP_region_0_2 CDN_DP_region_0_0 
CDN_DP_region_0_4_c0 in Conv: area: 283189355 ,dp = 2 mux = 2 sg = slow         worst_clk_period: -1.0000 
    wns: 0  norm_wns:  -1.0000 
    fail_endp: -1 
    tns:  0  tns_per_endp:  -1.0000   norm_tns_per_endp:  -1.0000 
    tns_sense_max:  -1.0000  tns_sense_avg:  -1.0000   tns_sense_num: -1
 skipped
CDN_DP_region_0_4_c1 in Conv: area: 238327675 ,dp = 2 mux = 2 sg = fast         worst_clk_period: -1.0000 
    wns: 0  norm_wns:  -1.0000 
    fail_endp: -1 
    tns:  0  tns_per_endp:  -1.0000   norm_tns_per_endp:  -1.0000 
    tns_sense_max:  -1.0000  tns_sense_avg:  -1.0000   tns_sense_num: -1
 is current best
CDN_DP_region_0_4_c2 in Conv: area: 238327675 ,dp = 2 mux = 2 sg = very_slow    worst_clk_period: -1.0000 
    wns: 0  norm_wns:  -1.0000 
    fail_endp: -1 
    tns:  0  tns_per_endp:  -1.0000   norm_tns_per_endp:  -1.0000 
    tns_sense_max:  -1.0000  tns_sense_avg:  -1.0000   tns_sense_num: -1
 is current best
CDN_DP_region_0_4_c3 in Conv: area: 238327675 ,dp = 2 mux = 2 sg = very_fast    worst_clk_period: -1.0000 
    wns: 0  norm_wns:  -1.0000 
    fail_endp: -1 
    tns:  0  tns_per_endp:  -1.0000   norm_tns_per_endp:  -1.0000 
    tns_sense_max:  -1.0000  tns_sense_avg:  -1.0000   tns_sense_num: -1
 is current best
CDN_DP_region_0_4_c4 in Conv: area: 238327675 ,dp = 2 mux = 2 sg = very_fast    worst_clk_period: -1.0000 
    wns: 0  norm_wns:  -1.0000 
    fail_endp: -1 
    tns:  0  tns_per_endp:  -1.0000   norm_tns_per_endp:  -1.0000 
    tns_sense_max:  -1.0000  tns_sense_avg:  -1.0000   tns_sense_num: -1
 is current best
CDN_DP_region_0_4_c5 in Conv: area: 238327675 ,dp = 2 mux = 2 sg = very_fast    worst_clk_period: -1.0000 
    wns: 0  norm_wns:  -1.0000 
    fail_endp: -1 
    tns:  0  tns_per_endp:  -1.0000   norm_tns_per_endp:  -1.0000 
    tns_sense_max:  -1.0000  tns_sense_avg:  -1.0000   tns_sense_num: -1
 is current best
CDN_DP_region_0_4_c6 in Conv: area: 238327675 ,dp = 2 mux = 2 sg = very_fast    worst_clk_period: -1.0000 
    wns: 0  norm_wns:  -1.0000 
    fail_endp: -1 
    tns:  0  tns_per_endp:  -1.0000   norm_tns_per_endp:  -1.0000 
    tns_sense_max:  -1.0000  tns_sense_avg:  -1.0000   tns_sense_num: -1
 is current best
CDN_DP_region_0_4_c7 in Conv: area: 238327675 ,dp = 2 mux = 2 sg = very_fast    worst_clk_period: -1.0000 
    wns: 0  norm_wns:  -1.0000 
    fail_endp: -1 
    tns:  0  tns_per_endp:  -1.0000   norm_tns_per_endp:  -1.0000 
    tns_sense_max:  -1.0000  tns_sense_avg:  -1.0000   tns_sense_num: -1
 is current best
Best config: CDN_DP_region_0_4_c7 in Conv: area: 238327675 ,dp = 2 mux = 2 sg = very_fast    worst_clk_period: -1.0000 
    wns: 0  norm_wns:  -1.0000 
    fail_endp: -1 
    tns:  0  tns_per_endp:  -1.0000   norm_tns_per_endp:  -1.0000 
    tns_sense_max:  -1.0000  tns_sense_avg:  -1.0000   tns_sense_num: -1
  Smallest config area : 238327675.  Fastest config wns;  0
##>+----------------------------------------------------------------------------------------------------------------------------------------------------------------+
##>Summary table of configs (Best config is CDN_DP_region_0_4_c7)
##>+----------------------------------------------------------------------------------------------------------------------------------------------------------------+
##>                     0                  1                  2                  3                  4                  5                  6                  7            
##>+----------------------------------------------------------------------------------------------------------------------------------------------------------------+
##>           Area        283189355          238327675          238327675          238327675          238327675          238327675          238327675          238327675  
##>            WNS          +871.70            +871.70            +871.70            +871.70            +871.70            +871.70            +871.70            +871.70  
##>            TNS                0                  0                  0                  0                  0                  0                  0                  0  
##>    Num Rewrite                0                  0                  0                  0                  0                  0                  0                  0  
##>     Num Factor                0                  0                  0                  0                  0                  0                  0                  0  
##>      Num Share                0                  0                  0                  0                  0                  0                  0                  0  
##>   Num CmultCse                0                  0                  0                  0                  0                  0                  0                  0  
##>   Num Downsize                0                  0                  0                  0                  0                  0                  0                  0  
##>  Num Speculate                0                  0                  0                  0                  0                  0                  0                  0  
##>     Runtime(s)                0                  0                  0                  0                  0                  0                  0                  0  
+----------------------------------------------------------------------------------------------------------------------------------------------------------------+
##>
##>
##>+------------------------------------------------------------------------------------------------------------------------------------------------------------+
##>Optimization Step DEBUG Table for config CDN_DP_region_0_4_c7
##>
##>                          Step                        Area   ( % Chg)        WNS (Change)        TNS (Change)          Runtime (s)        Comment                   
##>+------------------------------------------------------------------------------------------------------------------------------------------------------------+
##>EquationExtraction              START              283189355 (      )      871.70 (        )             0 (        )              
##> rewrite                        START              412166685 (+45.54)      869.50 (   -2.20)             0 (       0)              (a,ar) Expr72_from --> Expr72_to
##>                                  END              591613405 (+43.54)      869.50 (   +0.00)             0 (       0)           0  
##> rewrite                        START              591613405 ( +0.00)      869.50 (   +0.00)             0 (       0)              (a,ar) Expr73_from --> Expr73_to
##>                                  END              667317490 (+12.80)      869.50 (   +0.00)             0 (       0)           0  
##>                                  END              283189355 ( +0.00)      871.70 (   +0.00)             0 (       0)           0  
##>createMaxCarrySave              START              283189355 ( +0.00)      871.70 (   +0.00)             0 (       0)              
##> datapath_rewrite_one_def       START              283189355 ( +0.00)      871.70 (   +0.00)             0 (       0)              
##>                                  END              283189355 ( +0.00)      871.70 (   +0.00)             0 (       0)           0  
##> csa_opto                       START              283189355 ( +0.00)      871.70 (   +0.00)             0 (       0)              
##>                                  END              280385500 ( -0.99)      871.70 (   +0.00)             0 (       0)           0  
##>                                  END              280385500 ( -0.99)      871.70 (   +0.00)             0 (       0)           0  
##>canonicalize_by_names           START              280385500 ( +0.00)      871.70 (   +0.00)             0 (       0)              
##>                                  END              280385500 ( +0.00)      871.70 (   +0.00)             0 (       0)           0  
##>datapath_rewrite_post_csa_one_  START              280385500 ( +0.00)      871.70 (   +0.00)             0 (       0)              
##>                                  END              280385500 ( +0.00)      871.70 (   +0.00)             0 (       0)           0  
##>datapath_csa_factoring_one_gde  START              280385500 ( +0.00)      871.70 (   +0.00)             0 (       0)              
##>                                  END              280385500 ( +0.00)      871.70 (   +0.00)             0 (       0)           0  
##>dpopt_share_one_def             START              280385500 ( +0.00)      871.70 (   +0.00)             0 (       0)              
##>                                  END              280385500 ( +0.00)      871.70 (   +0.00)             0 (       0)           0  
##>datapath_rewrite_post_share     START              280385500 ( +0.00)      871.70 (   +0.00)             0 (       0)              
##>                                  END              280385500 ( +0.00)      871.70 (   +0.00)             0 (       0)           0  
##>dp_combine_const_mult_with_com  START              280385500 ( +0.00)      871.70 (   +0.00)             0 (       0)              
##>                                  END              280385500 ( +0.00)      871.70 (   +0.00)             0 (       0)           0  
##>dp_operator_level_decompositio  START              280385500 ( +0.00)      871.70 (   +0.00)             0 (       0)              
##>                                  END              280385500 ( +0.00)      871.70 (   +0.00)             0 (       0)           0  
##>selective_flatten_dp_config     START              280385500 ( +0.00)      871.70 (   +0.00)             0 (       0)              
##>                                  END              280385500 ( +0.00)      871.70 (   +0.00)             0 (       0)           0  
##>createMaxCarrySave              START              280385500 ( +0.00)      871.70 (   +0.00)             0 (       0)              
##> datapath_rewrite_one_def       START              280385500 ( +0.00)      871.70 (   +0.00)             0 (       0)              
##>  fast_cse_elim                 START              280385500 ( +0.00)      871.70 (   +0.00)             0 (       0)              
##>                                  END              280385500 ( +0.00)      871.70 (   +0.00)             0 (       0)           0  
##>  fast_cse_elim                 START              280385500 ( +0.00)      871.70 (   +0.00)             0 (       0)              
##>                                  END              280385500 ( +0.00)      871.70 (   +0.00)             0 (       0)           0  
##>                                  END              280385500 ( +0.00)      871.70 (   +0.00)             0 (       0)           0  
##> csa_opto                       START              280385500 ( +0.00)      871.70 (   +0.00)             0 (       0)              
##>                                  END              280385500 ( +0.00)      871.70 (   +0.00)             0 (       0)           0  
##>                                  END              280385500 ( +0.00)      871.70 (   +0.00)             0 (       0)           0  
##>context_based_simplify          START              257954660 ( -8.00)      871.70 (   +0.00)             0 (       0)              
##>                                  END              238327675 ( -7.61)      871.70 (   +0.00)             0 (       0)           0  
##>group_csa_final_adder_dp        START              238327675 ( +0.00)      871.70 (   +0.00)             0 (       0)              
##>                                  END              238327675 ( +0.00)      871.70 (   +0.00)             0 (       0)           0  
##>dpopt_flatten_critical_muxes_i  START              238327675 ( +0.00)      871.70 (   +0.00)             0 (       0)              
##>                                  END              238327675 ( +0.00)      871.70 (   +0.00)             0 (       0)           0  
##>create_score                    START              238327675 ( +0.00)      871.70 (   +0.00)             0 (       0)              
##>                                  END              238327675 ( +0.00)      871.70 (   +0.00)             0 (       0)           0  
##>+------------------------------------------------------------------------------------------------------------------------------------------------------------+
Committed config: CDN_DP_region_0_4_c7
          Optimizations applied to 'very_fast' configuration:
            rewriting(0), factoring(0), sharing(0), cmultcse(0), downsizing(0), speculation(0)
Info    : Deleting instances not driving any primary outputs. [GLO-34]
        : Deleting 4 sequential instances.
Info    : Done optimizing datapath logic. [DPOPT-2]
        : Done optimizing datapath logic in 'Conv'.
Number of big hc bmuxes after = 5
Starting logic reduction [v1.0] (stage: post_rtlopt, startdef: Conv, recur: true)
Completed logic reduction (accepts: 0, rejects: 0, runtime: 0.001s)
Starting mux data reorder optimization [v1.0] (stage: post_rtlopt, startdef: Conv, recur: true)
Completed mux data reorder optimization (accepts: 0, rejects: 0, runtime: 0.012s)
Info    : Deleting instances not driving any primary outputs. [GLO-34]
        : Deleting 4 sequential instances.
Starting mux speculation [v1.0] (stage: post_muxopt, startdef: Conv, recur: true)
Starting speculation optimization
Completed speculation optimization (accepts:0)
Completed mux speculation (accepts: 0, rejects: 0, runtime: 2.159s)
==================================
Stage : to_generic 
==================================
  =================
   Message Summary
  =================
--------------------------------------------------------------------------------
|     Id     |  Sev   |Count |                  Message Text                   |
--------------------------------------------------------------------------------
| CDFG-250   |Info    |   66 |Processing multi-dimensional arrays.             |
| CDFG-359   |Info    |  240 |Building ChipWare component.                     |
| CDFG-372   |Info    |  163 |Bitwidth mismatch in assignment.                 |
|            |        |      |Review and make sure the mismatch is             |
|            |        |      | unintentional. Genus can possibly issue         |
|            |        |      | bitwidth mismatch warning for explicit          |
|            |        |      | assignments present in RTL as-well-as for       |
|            |        |      | implicit assignments inferred by the tool. For  |
|            |        |      | example, in case of enum declaration without    |
|            |        |      | value, the tool will implicitly assign value to |
|            |        |      | the enum variables. It also issues the warning  |
|            |        |      | for any bitwidth mismatch that appears in this  |
|            |        |      | implicit assignment.                            |
| CDFG-373   |Info    |    7 |Sign mismatch in assignment.                     |
| CDFG-500   |Info    |   12 |Unused module input port.                        |
|            |        |      |(In port definition within the module, the input |
|            |        |      | port is not used in any assignment statements   |
|            |        |      | or conditional expressions for decision         |
|            |        |      | statements.                                     |
| CDFG-508   |Warning |   12 |Removing unused register.                        |
|            |        |      |Genus removes the flip-flop or latch inferred    |
|            |        |      | for an unused signal or variable. To preserve   |
|            |        |      | the flip-flop or latch, set the                 |
|            |        |      | hdl_preserve_unused_registers attribute to true |
|            |        |      | or use a pragma in the RTL.                     |
| CDFG-738   |Info    |  177 |Common subexpression eliminated.                 |
| CDFG-739   |Info    |  177 |Common subexpression kept.                       |
| CDFG-769   |Info    |    4 |Identified sum-of-products logic to be optimized |
|            |        |      | during syn_generic.                             |
| CDFG-771   |Info    |    2 |Replaced logic with a constant value.            |
| CDFG-893   |Info    |   18 |Optimized the MUX created for array read / write |
|            |        |      | or variable shifter.                            |
| CWD-19     |Info    | 2599 |An implementation was inferred.                  |
| DPOPT-1    |Info    |    1 |Optimizing datapath logic.                       |
| DPOPT-2    |Info    |    1 |Done optimizing datapath logic.                  |
| DPOPT-3    |Info    |   35 |Implementing datapath configurations.            |
| DPOPT-4    |Info    |   35 |Done implementing datapath configurations.       |
| DPOPT-6    |Info    |    1 |Pre-processed datapath logic.                    |
| DPOPT-10   |Info    |   28 |Optimized a mux chain.                           |
| ELAB-1     |Info    |    1 |Elaborating Design.                              |
| ELAB-2     |Info    |   15 |Elaborating Subdesign.                           |
| ELAB-3     |Info    |    1 |Done Elaborating Design.                         |
| GB-6       |Info    |  257 |A datapath component has been ungrouped.         |
| GLO-34     |Info    |   16 |Deleting instances not driving any primary       |
|            |        |      | outputs.                                        |
|            |        |      |Optimizations such as constant propagation or    |
|            |        |      | redundancy removal could change the connections |
|            |        |      | so a hierarchical instance does not drive any   |
|            |        |      | primary outputs anymore. To see the list of     |
|            |        |      | deleted hierarchical instances, set the         |
|            |        |      | 'information_level' attribute to 2 or above. If |
|            |        |      | the message is truncated set the message        |
|            |        |      | attribute 'truncate' to false to see the        |
|            |        |      | complete list. To prevent this optimization,    |
|            |        |      | set the 'delete_unloaded_insts' root/subdesign  |
|            |        |      | attribute to 'false' or 'preserve' instance     |
|            |        |      | attribute to 'true'.                            |
| GLO-40     |Info    |   15 |Combinational hierarchical blocks with identical |
|            |        |      | inputs have been merged.                        |
|            |        |      |This optimization usually reduces design area.   |
|            |        |      | To prevent merging of combinational             |
|            |        |      | hierarchical blocks, set the                    |
|            |        |      | 'merge_combinational_hier_instances' root       |
|            |        |      | attribute to 'false' or the                     |
|            |        |      | 'merge_combinational_hier_instance' instance    |
|            |        |      | attribute to 'false'.                           |
| LBR-9      |Warning |   86 |Library cell has no output pins defined.         |
|            |        |      |Add the missing output pin(s)                    |
|            |        |      | , then reload the library. Else the library     |
|            |        |      | cell will be marked as timing model i.e.        |
|            |        |      | unusable. Timing_model means that the cell does |
|            |        |      | not have any defined function. If there is no   |
|            |        |      | output pin, Genus will mark library cell as     |
|            |        |      | unusable i.e. the attribute 'usable' will be    |
|            |        |      | marked to 'false' on the libcell. Therefore,    |
|            |        |      | the cell is not used for mapping and it will    |
|            |        |      | not be picked up from the library for           |
|            |        |      | synthesis. If you query the attribute           |
|            |        |      | 'unusable_reason' on the libcell; result will   |
|            |        |      | be: 'Library cell has no output pins.'Note: The |
|            |        |      | message LBR-9 is only for the logical pins and  |
|            |        |      | not for the power_ground pins. Genus will       |
|            |        |      | depend upon the output function defined in the  |
|            |        |      | pin group (output pin)                          |
|            |        |      | of the cell, to use it for mapping. The pg_pin  |
|            |        |      | will not have any function defined.             |
| LBR-40     |Info    |    1 |An unsupported construct was detected in this    |
|            |        |      | library.                                        |
|            |        |      |Check to see if this construct is really needed  |
|            |        |      | for synthesis. Many liberty constructs are not  |
|            |        |      | actually required.                              |
| LBR-41     |Info    |    1 |An output library pin lacks a function           |
|            |        |      | attribute.                                      |
|            |        |      |If the remainder of this library cell's semantic |
|            |        |      | checks are successful, it will be considered as |
|            |        |      | a timing-model                                  |
|            |        |      | (because one of its outputs does not have a val |
|            |        |      | id function.                                    |
| LBR-101    |Warning |    4 |Unusable clock gating integrated cell found at   |
|            |        |      | the time of loading libraries. This warning     |
|            |        |      | happens because a particular library cell is    |
|            |        |      | defined as 'clock_gating_integrated_cell', but  |
|            |        |      | 'dont_use' attribute is defined as true in the  |
|            |        |      | liberty library. To make Genus use this cell    |
|            |        |      | for clock gating insertion, 'dont_use'          |
|            |        |      | attribute should be set to false.               |
|            |        |      |To make the cell usable, change the value of     |
|            |        |      | 'dont_use' attribute to false.                  |
| LBR-109    |Info    |    1 |Set default library domain.                      |
| LBR-155    |Info    |  270 |Mismatch in unateness between 'timing_sense'     |
|            |        |      | attribute and the function.                     |
|            |        |      |The 'timing_sense' attribute will be respected.  |
| LBR-161    |Info    |    1 |Setting the maximum print count of this message  |
|            |        |      | to 10 if information_level is less than 9.      |
| LBR-162    |Info    |  228 |Both 'pos_unate' and 'neg_unate' timing_sense    |
|            |        |      | arcs have been processed.                       |
|            |        |      |Setting the 'timing_sense' to non_unate.         |
| LBR-412    |Info    |    1 |Created nominal operating condition.             |
|            |        |      |The nominal operating condition is represented,  |
|            |        |      | either by the nominal PVT values specified in   |
|            |        |      | the library source                              |
|            |        |      | (via nom_process,nom_voltage and nom_temperatur |
|            |        |      | e respectively)                                 |
|            |        |      | , or by the default PVT values (1.0,1.0,1.0).   |
| LBR-518    |Info    |    1 |Missing a function attribute in the output pin   |
|            |        |      | definition.                                     |
| PHYS-12    |Warning |    7 |The variant range of wire parameters is too      |
|            |        |      | large. An example of wire parameters are, a     |
|            |        |      | WIDTH for layer, PITCH for layer, MINSPACING    |
|            |        |      | for layers, etc.                                |
|            |        |      |Check the consistency of the parameters, and see |
|            |        |      | if you can ignore this message or you're using  |
|            |        |      | different LEF file with wrong parameters.       |
| PHYS-279   |Warning |   44 |Physical cell not defined in library.            |
|            |        |      |Ensure that the proper library files are         |
|            |        |      | available and have been imported.               |
| PHYS-752   |Info    |    1 |Partition Based Synthesis execution skipped.     |
| POPT-104   |Warning |    1 |The 'lp_insert_clock_gating' attribute should be |
|            |        |      | set before elaboration.                         |
|            |        |      |Setting the 'lp_insert_clock_gating' attribute   |
|            |        |      | before elaboration will result in an optimal    |
|            |        |      | clock-gated design.                             |
| RTLOPT-30  |Info    |   52 |Accepted resource sharing opportunity.           |
| RTLOPT-40  |Info    |  107 |Transformed datapath macro.                      |
| SDC-201    |Warning |    1 |Unsupported SDC command option.                  |
|            |        |      |The current version does not support this SDC    |
|            |        |      | command option.  However, future versions may   |
|            |        |      | be enhanced to support this option.             |
| SYNTH-1    |Info    |    1 |Synthesizing.                                    |
| TIM-1000   |Info    |    1 |Multimode clock gating check is disabled.        |
| VLOGPT-506 |Warning |    1 |Unused attribute.                                |
--------------------------------------------------------------------------------
Current PLE settings:

Aspect ratio        : 1.000
Shrink factor       : 0.900
Scale of res/length : 1.000
Scale of cap/length : 1.000
Net derating factor : 1.000
Thermal factor      : 1.253
Via Resistance      : 16.501 ohm (from qrc_tech_file)
Site size           : 1.040 um (from lef [tech+cell])

                                   Capacitance  
  Layer                             / Length         Data source:
Name        Direction Utilization  (pF/micron)       qrc_tech_file
------------------------------------------------
M1              V         0.00        0.000210  
M2              H         1.00        0.000184  
M3              V         1.00        0.000138  
M4              H         1.00        0.000137  
M5              V         1.00        0.000138  
M6              H         1.00        0.000133  
M7              V         1.00        0.000194  
M8              H         1.00        0.000322  
M9              V         1.00        0.000582  
AP              H         1.00        0.000334  

                                    Resistance   
  Layer                              / Length         Data source:
Name        Direction Utilization  (ohm/micron)       qrc_tech_file
-------------------------------------------------
M1              V         0.00        14.633762  
M2              H         1.00        14.861223  
M3              V         1.00        14.861223  
M4              H         1.00        14.861223  
M5              V         1.00        14.861223  
M6              H         1.00        14.861223  
M7              V         1.00         3.005090  
M8              H         1.00         0.111088  
M9              V         1.00         0.004928  
AP              H         1.00         0.009992  

                                        Area     
  Layer                               / Length        Data source:
Name        Direction Utilization     (micron)        lef_library
-------------------------------------------------
M1              V         0.00         0.050000  
M2              H         1.00         0.050000  
M3              V         1.00         0.050000  
M4              H         1.00         0.050000  
M5              V         1.00         0.050000  
M6              H         1.00         0.050000  
M7              V         1.00         0.100000  
M8              H         1.00         0.400000  
M9              V         1.00         2.000000  
AP              H         1.00         2.000000  

Mapper: Libraries have:
	domain timing_cond_0p81v_125c: 530 combo usable cells and 349 sequential usable cells
Info    : Attempting to launch a super-threading server. [ST-120]
        : Attempting to Launch server 1 of 8.
        : The tool is entering super-threading mode and is launching a CPU server process.  This is enabled by the root attribute 'super_thread_servers' or 'auto_super_thread'.
Info    : Connection established with super-threading server. [ST-110]
        : The server 'localhost_1_0' is process '1792158' on this host.
        : The tool is entering super-threading mode and has established a connection with a CPU server process.  This is enabled by the root attributes 'super_thread_servers' or 'auto_super_thread'.
                  Library loading done successfully on server 'localhost_1_0'.
Info    : Connection established with super-threading server. [ST-110]
        : The server 'localhost_1_1' is forked process '1792466' on this host.
Info    : Connection established with super-threading server. [ST-110]
        : The server 'localhost_1_2' is forked process '1792468' on this host.
Info    : Connection established with super-threading server. [ST-110]
        : The server 'localhost_1_3' is forked process '1792470' on this host.
Info    : Connection established with super-threading server. [ST-110]
        : The server 'localhost_1_4' is forked process '1792472' on this host.
Info    : Connection established with super-threading server. [ST-110]
        : The server 'localhost_1_5' is forked process '1792474' on this host.
Info    : Connection established with super-threading server. [ST-110]
        : The server 'localhost_1_6' is forked process '1792476' on this host.
Info    : Connection established with super-threading server. [ST-110]
        : The server 'localhost_1_7' is forked process '1792478' on this host.
Multi-threaded constant propagation [1|0] ...
Info    : Replacing the synchronous part of an always feeding back flip-flop with a logic constant. [GLO-45]
        : The instance is 'r_output_addr_row_reg[0]'. The constant is '0'.
        : To prevent this optimization, set 'optimize_constant_feedback_seqs' root attribute to 'false'. The instance attribute 'optimize_constant_feedback_seq' controls this optimization. 
Info    : Replacing the synchronous part of an always feeding back flip-flop with a logic constant. [GLO-45]
        : The instance is 'r_output_addr_channel_reg[1]'. The constant is '0'.
Info    : Replacing the synchronous part of an always feeding back flip-flop with a logic constant. [GLO-45]
        : The instance is 'r_output_addr_channel_reg[0]'. The constant is '0'.
Info    : Replacing a flip-flop with a logic constant 0. [GLO-12]
        : The instance is 'r_output_addr_channel_reg[0]'.
        : To prevent this optimization, set the 'optimize_constant_0_flops' root attribute to 'false' or 'optimize_constant_0_seq' instance attribute to 'false'. You can also see the complete list of deleted sequential with command "report sequential -deleted" (on Reason "constant0").
Info    : Replacing a flip-flop with a logic constant 0. [GLO-12]
        : The instance is 'r_output_addr_channel_reg[1]'.
Info    : Replacing a flip-flop with a logic constant 0. [GLO-12]
        : The instance is 'r_output_addr_row_reg[0]'.
Info    : Replacing a flip-flop with a logic constant 0. [GLO-12]
        : The instance is 'st_conv_current_reg[2]'.
Info    : Replacing a flip-flop with a logic constant 0. [GLO-12]
        : The instance is 'st_input_current_reg[3]'.
Info    : Deleting instances not driving any primary outputs. [GLO-34]
        : Deleting 5 sequential instances.
Inserting clock-gating logic .....
Clock Gating Status
===================
Category                                Number    Percentage
------------------------------------------------------------------
Gated flip-flops                        1817		100%
Ungated flip-flops
  Cannot map to requested logic         0		  0%
  Enable signal is constant             0		  0%
  Excluded from clock-gating            0		  0%
  User preserved                        0		  0%
  Libcell unusable                      0		  0%
  Timing exception in enable logic      0		  0%
  Register bank width too small         7		  0%
Total flip-flops                        1824		100%
Total CG Modules                        52
Info    : Deleting instances not driving any primary outputs. [GLO-34]
        : Deleting 2 sequential instances.
Multi-threaded Virtual Mapping    (8 threads per ST process, 8 of 28 CPUs usable)
        Distributing super-thread jobs: csa_tree_ADD_TC_OP_46_group_8 mult_signed_4797 csa_tree_fac197_group_17853 csa_tree_fac4_group_5921 csa_tree_fac196_group_17851 csa_tree_fac3_group_5922 csa_tree_SUB_TC_OP_10_group_6 csa_tree_SUB_TC_OP_7_group_4 csa_tree_sub0057054_group_4 csa_tree_SUB_TC_OP_group_6 csa_tree_sub0022409_group_4 csa_tree_add_1079_53_group_6 csa_tree_add_1084_53_group_6 csa_tree_add_1060_52_group_6 csa_tree_28861 csa_tree_28783 csa_tree_SUB_TC_OP_17_group_58446 csa_tree_SUB_TC_OP_4_group_58444_2 csa_tree_SUB_TC_OP_17_group_58446_2 csa_tree_SUB_TC_OP_4_group_58444_3 csa_tree_SUB_TC_OP_17_group_58446_3 csa_tree_SUB_TC_OP_17_group_58446_1 csa_tree_SUB_TC_OP_4_group_58444 csa_tree_SUB_TC_OP_4_group_58444_1 csa_tree_SUB_TC_OP_7_group_58439 csa_tree_SUB_TC_OP_7_group_58439_2 csa_tree_SUB_TC_OP_7_group_58439_3 csa_tree_SUB_TC_OP_7_group_58439_1 WALLACE_CSA_DUMMY_OP_group_57015 WALLACE_CSA_DUMMY_OP1_group_57018 csa_tree_SUB_TC_OP_4_group_74417 csa_tree_SUB_TC_OP_17_group_74420 csa_tree_SUB_TC_OP_7_group_74411 csa_tree_SUB_TC_OP_11_group_58441_3 csa_tree_SUB_TC_OP_11_group_58441_2 csa_tree_SUB_TC_OP_11_group_58441_1 csa_tree_SUB_TC_OP_11_group_58441 csa_tree_add_1123_75_group_57017 csa_tree_SUB_TC_OP_11_group_74414 sub_signed_rtlopto_model_197_4881 sub_signed_rtlopto_model_197_4879 sub_signed_rtlopto_model_197_4880 sub_signed_rtlopto_model_197 mult_const_trivial_91052_91054_4847 mult_const_trivial_91055_91057 mult_const_trivial_91052_91054 mult_const_trivial_36050_36052 sub_signed_rtlopto_model_74202 mult_const_trivial_5968 mult_const_trivial_5969_5971 mult_const_trivial_5972_5974
          Sending 'csa_tree_ADD_TC_OP_46_group_8' to server 'localhost_1_7'...
            Sent 'csa_tree_ADD_TC_OP_46_group_8' to server 'localhost_1_7'.
          Sending 'mult_signed_4797' to server 'localhost_1_4'...
            Sent 'mult_signed_4797' to server 'localhost_1_4'.
          Sending 'csa_tree_fac197_group_17853' to server 'localhost_1_1'...
            Sent 'csa_tree_fac197_group_17853' to server 'localhost_1_1'.
          Sending 'csa_tree_fac4_group_5921' to server 'localhost_1_0'...
            Sent 'csa_tree_fac4_group_5921' to server 'localhost_1_0'.
          Sending 'csa_tree_fac196_group_17851' to server 'localhost_1_6'...
            Sent 'csa_tree_fac196_group_17851' to server 'localhost_1_6'.
          Sending 'csa_tree_fac3_group_5922' to server 'localhost_1_2'...
            Sent 'csa_tree_fac3_group_5922' to server 'localhost_1_2'.
          Sending 'csa_tree_SUB_TC_OP_10_group_6' to server 'localhost_1_3'...
            Sent 'csa_tree_SUB_TC_OP_10_group_6' to server 'localhost_1_3'.
          Sending 'csa_tree_SUB_TC_OP_7_group_4' to server 'localhost_1_5'...
            Sent 'csa_tree_SUB_TC_OP_7_group_4' to server 'localhost_1_5'.
          Received 'csa_tree_SUB_TC_OP_7_group_4' from server 'localhost_1_5'. (5550 ms elapsed)
          Sending 'csa_tree_sub0057054_group_4' to server 'localhost_1_5'...
            Sent 'csa_tree_sub0057054_group_4' to server 'localhost_1_5'.
          Received 'csa_tree_SUB_TC_OP_10_group_6' from server 'localhost_1_3'. (5634 ms elapsed)
          Sending 'csa_tree_SUB_TC_OP_group_6' to server 'localhost_1_3'...
            Sent 'csa_tree_SUB_TC_OP_group_6' to server 'localhost_1_3'.
          Received 'csa_tree_fac196_group_17851' from server 'localhost_1_6'. (5919 ms elapsed)
          Sending 'csa_tree_sub0022409_group_4' to server 'localhost_1_6'...
            Sent 'csa_tree_sub0022409_group_4' to server 'localhost_1_6'.
          Received 'csa_tree_fac3_group_5922' from server 'localhost_1_2'. (5989 ms elapsed)
          Sending 'csa_tree_add_1079_53_group_6' to server 'localhost_1_2'...
            Sent 'csa_tree_add_1079_53_group_6' to server 'localhost_1_2'.
          Received 'csa_tree_fac4_group_5921' from server 'localhost_1_0'. (6171 ms elapsed)
          Sending 'csa_tree_add_1084_53_group_6' to server 'localhost_1_0'...
            Sent 'csa_tree_add_1084_53_group_6' to server 'localhost_1_0'.
          Received 'csa_tree_sub0057054_group_4' from server 'localhost_1_5'. (1305 ms elapsed)
          Sending 'csa_tree_add_1060_52_group_6' to server 'localhost_1_5'...
            Sent 'csa_tree_add_1060_52_group_6' to server 'localhost_1_5'.
          Received 'csa_tree_fac197_group_17853' from server 'localhost_1_1'. (7064 ms elapsed)
          Sending 'csa_tree_28861' to server 'localhost_1_1'...
            Sent 'csa_tree_28861' to server 'localhost_1_1'.
          Received 'mult_signed_4797' from server 'localhost_1_4'. (7139 ms elapsed)
          Sending 'csa_tree_28783' to server 'localhost_1_4'...
            Sent 'csa_tree_28783' to server 'localhost_1_4'.
          Received 'csa_tree_ADD_TC_OP_46_group_8' from server 'localhost_1_7'. (7228 ms elapsed)
          Sending 'csa_tree_SUB_TC_OP_17_group_58446' to server 'localhost_1_7'...
            Sent 'csa_tree_SUB_TC_OP_17_group_58446' to server 'localhost_1_7'.
          Received 'csa_tree_28783' from server 'localhost_1_4'. (635 ms elapsed)
          Sending 'csa_tree_SUB_TC_OP_4_group_58444_2' to server 'localhost_1_4'...
            Sent 'csa_tree_SUB_TC_OP_4_group_58444_2' to server 'localhost_1_4'.
          Received 'csa_tree_SUB_TC_OP_17_group_58446' from server 'localhost_1_7'. (682 ms elapsed)
          Sending 'csa_tree_SUB_TC_OP_17_group_58446_2' to server 'localhost_1_7'...
            Sent 'csa_tree_SUB_TC_OP_17_group_58446_2' to server 'localhost_1_7'.
          Received 'csa_tree_28861' from server 'localhost_1_1'. (840 ms elapsed)
          Sending 'csa_tree_SUB_TC_OP_4_group_58444_3' to server 'localhost_1_1'...
            Sent 'csa_tree_SUB_TC_OP_4_group_58444_3' to server 'localhost_1_1'.
          Received 'csa_tree_SUB_TC_OP_4_group_58444_2' from server 'localhost_1_4'. (530 ms elapsed)
          Sending 'csa_tree_SUB_TC_OP_17_group_58446_3' to server 'localhost_1_4'...
            Sent 'csa_tree_SUB_TC_OP_17_group_58446_3' to server 'localhost_1_4'.
          Received 'csa_tree_SUB_TC_OP_17_group_58446_2' from server 'localhost_1_7'. (1074 ms elapsed)
          Sending 'csa_tree_SUB_TC_OP_17_group_58446_1' to server 'localhost_1_7'...
            Sent 'csa_tree_SUB_TC_OP_17_group_58446_1' to server 'localhost_1_7'.
          Received 'csa_tree_SUB_TC_OP_4_group_58444_3' from server 'localhost_1_1'. (1042 ms elapsed)
          Sending 'csa_tree_SUB_TC_OP_4_group_58444' to server 'localhost_1_1'...
            Sent 'csa_tree_SUB_TC_OP_4_group_58444' to server 'localhost_1_1'.
          Received 'csa_tree_SUB_TC_OP_17_group_58446_3' from server 'localhost_1_4'. (1066 ms elapsed)
          Sending 'csa_tree_SUB_TC_OP_4_group_58444_1' to server 'localhost_1_4'...
            Sent 'csa_tree_SUB_TC_OP_4_group_58444_1' to server 'localhost_1_4'.
          Received 'csa_tree_add_1079_53_group_6' from server 'localhost_1_2'. (3436 ms elapsed)
          Sending 'csa_tree_SUB_TC_OP_7_group_58439' to server 'localhost_1_2'...
            Sent 'csa_tree_SUB_TC_OP_7_group_58439' to server 'localhost_1_2'.
          Received 'csa_tree_SUB_TC_OP_4_group_58444' from server 'localhost_1_1'. (646 ms elapsed)
          Sending 'csa_tree_SUB_TC_OP_7_group_58439_2' to server 'localhost_1_1'...
            Sent 'csa_tree_SUB_TC_OP_7_group_58439_2' to server 'localhost_1_1'.
          Received 'csa_tree_add_1060_52_group_6' from server 'localhost_1_5'. (2628 ms elapsed)
          Sending 'csa_tree_SUB_TC_OP_7_group_58439_3' to server 'localhost_1_5'...
            Sent 'csa_tree_SUB_TC_OP_7_group_58439_3' to server 'localhost_1_5'.
          Received 'csa_tree_SUB_TC_OP_17_group_58446_1' from server 'localhost_1_7'. (1317 ms elapsed)
          Sending 'csa_tree_SUB_TC_OP_7_group_58439_1' to server 'localhost_1_7'...
            Sent 'csa_tree_SUB_TC_OP_7_group_58439_1' to server 'localhost_1_7'.
          Received 'csa_tree_SUB_TC_OP_4_group_58444_1' from server 'localhost_1_4'. (942 ms elapsed)
          Sending 'WALLACE_CSA_DUMMY_OP_group_57015' to server 'localhost_1_4'...
            Sent 'WALLACE_CSA_DUMMY_OP_group_57015' to server 'localhost_1_4'.
          Received 'csa_tree_add_1084_53_group_6' from server 'localhost_1_0'. (3779 ms elapsed)
          Sending 'WALLACE_CSA_DUMMY_OP1_group_57018' to server 'localhost_1_0'...
            Sent 'WALLACE_CSA_DUMMY_OP1_group_57018' to server 'localhost_1_0'.
          Received 'csa_tree_sub0022409_group_4' from server 'localhost_1_6'. (4989 ms elapsed)
          Sending 'csa_tree_SUB_TC_OP_4_group_74417' to server 'localhost_1_6'...
            Sent 'csa_tree_SUB_TC_OP_4_group_74417' to server 'localhost_1_6'.
          Received 'csa_tree_SUB_TC_OP_group_6' from server 'localhost_1_3'. (5287 ms elapsed)
          Sending 'csa_tree_SUB_TC_OP_17_group_74420' to server 'localhost_1_3'...
            Sent 'csa_tree_SUB_TC_OP_17_group_74420' to server 'localhost_1_3'.
          Received 'csa_tree_SUB_TC_OP_4_group_74417' from server 'localhost_1_6'. (591 ms elapsed)
          Sending 'csa_tree_SUB_TC_OP_7_group_74411' to server 'localhost_1_6'...
            Sent 'csa_tree_SUB_TC_OP_7_group_74411' to server 'localhost_1_6'.
          Received 'WALLACE_CSA_DUMMY_OP_group_57015' from server 'localhost_1_4'. (1340 ms elapsed)
          Sending 'csa_tree_SUB_TC_OP_11_group_58441_3' to server 'localhost_1_4'...
            Sent 'csa_tree_SUB_TC_OP_11_group_58441_3' to server 'localhost_1_4'.
          Received 'csa_tree_SUB_TC_OP_17_group_74420' from server 'localhost_1_3'. (569 ms elapsed)
          Sending 'csa_tree_SUB_TC_OP_11_group_58441_2' to server 'localhost_1_3'...
            Sent 'csa_tree_SUB_TC_OP_11_group_58441_2' to server 'localhost_1_3'.
          Received 'WALLACE_CSA_DUMMY_OP1_group_57018' from server 'localhost_1_0'. (1481 ms elapsed)
          Sending 'csa_tree_SUB_TC_OP_11_group_58441_1' to server 'localhost_1_0'...
            Sent 'csa_tree_SUB_TC_OP_11_group_58441_1' to server 'localhost_1_0'.
          Received 'csa_tree_SUB_TC_OP_7_group_58439_3' from server 'localhost_1_5'. (3020 ms elapsed)
          Sending 'csa_tree_SUB_TC_OP_11_group_58441' to server 'localhost_1_5'...
            Sent 'csa_tree_SUB_TC_OP_11_group_58441' to server 'localhost_1_5'.
          Received 'csa_tree_SUB_TC_OP_7_group_58439_1' from server 'localhost_1_7'. (2905 ms elapsed)
          Sending 'csa_tree_add_1123_75_group_57017' to server 'localhost_1_7'...
            Sent 'csa_tree_add_1123_75_group_57017' to server 'localhost_1_7'.
          Received 'csa_tree_SUB_TC_OP_11_group_58441_3' from server 'localhost_1_4'. (1628 ms elapsed)
          Sending 'csa_tree_SUB_TC_OP_11_group_74414' to server 'localhost_1_4'...
            Sent 'csa_tree_SUB_TC_OP_11_group_74414' to server 'localhost_1_4'.
          Received 'csa_tree_SUB_TC_OP_7_group_58439_2' from server 'localhost_1_1'. (3690 ms elapsed)
          Sending 'sub_signed_rtlopto_model_197_4881' to server 'localhost_1_1'...
            Sent 'sub_signed_rtlopto_model_197_4881' to server 'localhost_1_1'.
          Received 'csa_tree_SUB_TC_OP_11_group_58441_2' from server 'localhost_1_3'. (1651 ms elapsed)
          Sending 'sub_signed_rtlopto_model_197_4879' to server 'localhost_1_3'...
            Sent 'sub_signed_rtlopto_model_197_4879' to server 'localhost_1_3'.
          Received 'csa_tree_SUB_TC_OP_7_group_58439' from server 'localhost_1_2'. (3763 ms elapsed)
          Sending 'sub_signed_rtlopto_model_197_4880' to server 'localhost_1_2'...
            Sent 'sub_signed_rtlopto_model_197_4880' to server 'localhost_1_2'.
          Received 'sub_signed_rtlopto_model_197_4881' from server 'localhost_1_1'. (247 ms elapsed)
          Sending 'sub_signed_rtlopto_model_197' to server 'localhost_1_1'...
            Sent 'sub_signed_rtlopto_model_197' to server 'localhost_1_1'.
          Received 'sub_signed_rtlopto_model_197_4880' from server 'localhost_1_2'. (262 ms elapsed)
          Sending 'mult_const_trivial_91052_91054_4847' to server 'localhost_1_2'...
            Sent 'mult_const_trivial_91052_91054_4847' to server 'localhost_1_2'.
          Received 'sub_signed_rtlopto_model_197_4879' from server 'localhost_1_3'. (281 ms elapsed)
          Sending 'mult_const_trivial_91055_91057' to server 'localhost_1_3'...
            Sent 'mult_const_trivial_91055_91057' to server 'localhost_1_3'.
          Received 'sub_signed_rtlopto_model_197' from server 'localhost_1_1'. (225 ms elapsed)
          Sending 'mult_const_trivial_91052_91054' to server 'localhost_1_1'...
            Sent 'mult_const_trivial_91052_91054' to server 'localhost_1_1'.
          Received 'mult_const_trivial_91055_91057' from server 'localhost_1_3'. (221 ms elapsed)
          Sending 'mult_const_trivial_36050_36052' to server 'localhost_1_3'...
            Sent 'mult_const_trivial_36050_36052' to server 'localhost_1_3'.
          Received 'csa_tree_SUB_TC_OP_7_group_74411' from server 'localhost_1_6'. (2293 ms elapsed)
          Sending 'sub_signed_rtlopto_model_74202' to server 'localhost_1_6'...
            Sent 'sub_signed_rtlopto_model_74202' to server 'localhost_1_6'.
          Received 'mult_const_trivial_36050_36052' from server 'localhost_1_3'. (216 ms elapsed)
          Sending 'mult_const_trivial_5968' to server 'localhost_1_3'...
            Sent 'mult_const_trivial_5968' to server 'localhost_1_3'.
          Received 'sub_signed_rtlopto_model_74202' from server 'localhost_1_6'. (266 ms elapsed)
          Sending 'mult_const_trivial_5969_5971' to server 'localhost_1_6'...
            Sent 'mult_const_trivial_5969_5971' to server 'localhost_1_6'.
          Received 'mult_const_trivial_91052_91054_4847' from server 'localhost_1_2'. (631 ms elapsed)
          Sending 'mult_const_trivial_5972_5974' to server 'localhost_1_2'...
            Sent 'mult_const_trivial_5972_5974' to server 'localhost_1_2'.
          Received 'mult_const_trivial_5968' from server 'localhost_1_3'. (206 ms elapsed)
          Received 'csa_tree_SUB_TC_OP_11_group_58441' from server 'localhost_1_5'. (1533 ms elapsed)
          Received 'csa_tree_SUB_TC_OP_11_group_58441_1' from server 'localhost_1_0'. (1551 ms elapsed)
          Received 'mult_const_trivial_5972_5974' from server 'localhost_1_2'. (187 ms elapsed)
          Received 'mult_const_trivial_5969_5971' from server 'localhost_1_6'. (591 ms elapsed)
          Received 'mult_const_trivial_91052_91054' from server 'localhost_1_1'. (1011 ms elapsed)
          Received 'csa_tree_add_1123_75_group_57017' from server 'localhost_1_7'. (2232 ms elapsed)
          Received 'csa_tree_SUB_TC_OP_11_group_74414' from server 'localhost_1_4'. (3025 ms elapsed)
        Distributing super-thread jobs: csa_tree_fac245_group_30460 csa_tree_fac242_group_30458 csa_tree_fac243_group_30456 csa_tree_sub_1082_55_group_92781 csa_tree_sub_1058_53_group_96847 mux_ctl_0x_5196 csa_tree_SUB_TC_OP_17_group_58446_7 csa_tree_SUB_TC_OP_17_group_58446_8 csa_tree_SUB_TC_OP_4_group_58444_7 csa_tree_SUB_TC_OP_17_group_58446_5 csa_tree_SUB_TC_OP_4_group_58444_5 csa_tree_SUB_TC_OP_4_group_58444_8 csa_tree_SUB_TC_OP_7_group_58439_7 csa_tree_SUB_TC_OP_7_group_58439_5 csa_tree_SUB_TC_OP_7_group_58439_8 csa_tree_SUB_TC_OP_11_group_58441_7 csa_tree_SUB_TC_OP_11_group_58441_5 csa_tree_SUB_TC_OP_11_group_58441_8 csa_tree_fac244_group_30454 addsub_unsigned_4849 addsub_unsigned addsub_unsigned_4848 sub_signed_rtlopto_model_197_4877 sub_signed_rtlopto_model_197_4874 sub_signed_rtlopto_model_197_4875 add_unsigned_83_4557 add_unsigned_83_4556 csa_tree_6670
          Sending 'csa_tree_fac245_group_30460' to server 'localhost_1_7'...
            Sent 'csa_tree_fac245_group_30460' to server 'localhost_1_7'.
          Sending 'csa_tree_fac242_group_30458' to server 'localhost_1_4'...
            Sent 'csa_tree_fac242_group_30458' to server 'localhost_1_4'.
          Sending 'csa_tree_fac243_group_30456' to server 'localhost_1_1'...
            Sent 'csa_tree_fac243_group_30456' to server 'localhost_1_1'.
          Sending 'csa_tree_sub_1082_55_group_92781' to server 'localhost_1_0'...
            Sent 'csa_tree_sub_1082_55_group_92781' to server 'localhost_1_0'.
          Sending 'csa_tree_sub_1058_53_group_96847' to server 'localhost_1_6'...
            Sent 'csa_tree_sub_1058_53_group_96847' to server 'localhost_1_6'.
          Sending 'mux_ctl_0x_5196' to server 'localhost_1_2'...
            Sent 'mux_ctl_0x_5196' to server 'localhost_1_2'.
          Sending 'csa_tree_SUB_TC_OP_17_group_58446_7' to server 'localhost_1_3'...
            Sent 'csa_tree_SUB_TC_OP_17_group_58446_7' to server 'localhost_1_3'.
          Sending 'csa_tree_SUB_TC_OP_17_group_58446_8' to server 'localhost_1_5'...
            Sent 'csa_tree_SUB_TC_OP_17_group_58446_8' to server 'localhost_1_5'.
          Received 'mux_ctl_0x_5196' from server 'localhost_1_2'. (578 ms elapsed)
          Sending 'csa_tree_SUB_TC_OP_4_group_58444_7' to server 'localhost_1_2'...
            Sent 'csa_tree_SUB_TC_OP_4_group_58444_7' to server 'localhost_1_2'.
          Received 'csa_tree_SUB_TC_OP_17_group_58446_7' from server 'localhost_1_3'. (657 ms elapsed)
          Sending 'csa_tree_SUB_TC_OP_17_group_58446_5' to server 'localhost_1_3'...
            Sent 'csa_tree_SUB_TC_OP_17_group_58446_5' to server 'localhost_1_3'.
          Received 'csa_tree_SUB_TC_OP_17_group_58446_8' from server 'localhost_1_5'. (661 ms elapsed)
          Sending 'csa_tree_SUB_TC_OP_4_group_58444_5' to server 'localhost_1_5'...
            Sent 'csa_tree_SUB_TC_OP_4_group_58444_5' to server 'localhost_1_5'.
          Received 'csa_tree_sub_1082_55_group_92781' from server 'localhost_1_0'. (814 ms elapsed)
          Sending 'csa_tree_SUB_TC_OP_4_group_58444_8' to server 'localhost_1_0'...
            Sent 'csa_tree_SUB_TC_OP_4_group_58444_8' to server 'localhost_1_0'.
          Received 'csa_tree_sub_1058_53_group_96847' from server 'localhost_1_6'. (872 ms elapsed)
          Sending 'csa_tree_SUB_TC_OP_7_group_58439_7' to server 'localhost_1_6'...
            Sent 'csa_tree_SUB_TC_OP_7_group_58439_7' to server 'localhost_1_6'.
          Received 'csa_tree_SUB_TC_OP_17_group_58446_5' from server 'localhost_1_3'. (643 ms elapsed)
          Sending 'csa_tree_SUB_TC_OP_7_group_58439_5' to server 'localhost_1_3'...
            Sent 'csa_tree_SUB_TC_OP_7_group_58439_5' to server 'localhost_1_3'.
          Received 'csa_tree_fac245_group_30460' from server 'localhost_1_7'. (1617 ms elapsed)
          Sending 'csa_tree_SUB_TC_OP_7_group_58439_8' to server 'localhost_1_7'...
            Sent 'csa_tree_SUB_TC_OP_7_group_58439_8' to server 'localhost_1_7'.
          Received 'csa_tree_SUB_TC_OP_4_group_58444_8' from server 'localhost_1_0'. (640 ms elapsed)
          Sending 'csa_tree_SUB_TC_OP_11_group_58441_7' to server 'localhost_1_0'...
            Sent 'csa_tree_SUB_TC_OP_11_group_58441_7' to server 'localhost_1_0'.
          Received 'csa_tree_fac242_group_30458' from server 'localhost_1_4'. (1989 ms elapsed)
          Sending 'csa_tree_SUB_TC_OP_11_group_58441_5' to server 'localhost_1_4'...
            Sent 'csa_tree_SUB_TC_OP_11_group_58441_5' to server 'localhost_1_4'.
          Received 'csa_tree_fac243_group_30456' from server 'localhost_1_1'. (1944 ms elapsed)
          Sending 'csa_tree_SUB_TC_OP_11_group_58441_8' to server 'localhost_1_1'...
            Sent 'csa_tree_SUB_TC_OP_11_group_58441_8' to server 'localhost_1_1'.
          Received 'csa_tree_SUB_TC_OP_4_group_58444_7' from server 'localhost_1_2'. (1882 ms elapsed)
          Sending 'csa_tree_fac244_group_30454' to server 'localhost_1_2'...
            Sent 'csa_tree_fac244_group_30454' to server 'localhost_1_2'.
          Received 'csa_tree_SUB_TC_OP_4_group_58444_5' from server 'localhost_1_5'. (1818 ms elapsed)
          Sending 'addsub_unsigned_4849' to server 'localhost_1_5'...
            Sent 'addsub_unsigned_4849' to server 'localhost_1_5'.
          Received 'addsub_unsigned_4849' from server 'localhost_1_5'. (302 ms elapsed)
          Sending 'addsub_unsigned' to server 'localhost_1_5'...
            Sent 'addsub_unsigned' to server 'localhost_1_5'.
          Received 'addsub_unsigned' from server 'localhost_1_5'. (338 ms elapsed)
          Sending 'addsub_unsigned_4848' to server 'localhost_1_5'...
            Sent 'addsub_unsigned_4848' to server 'localhost_1_5'.
          Received 'csa_tree_fac244_group_30454' from server 'localhost_1_2'. (791 ms elapsed)
          Sending 'sub_signed_rtlopto_model_197_4877' to server 'localhost_1_2'...
            Sent 'sub_signed_rtlopto_model_197_4877' to server 'localhost_1_2'.
          Received 'csa_tree_SUB_TC_OP_11_group_58441_7' from server 'localhost_1_0'. (1628 ms elapsed)
          Sending 'sub_signed_rtlopto_model_197_4874' to server 'localhost_1_0'...
            Sent 'sub_signed_rtlopto_model_197_4874' to server 'localhost_1_0'.
          Received 'csa_tree_SUB_TC_OP_11_group_58441_5' from server 'localhost_1_4'. (1661 ms elapsed)
          Sending 'sub_signed_rtlopto_model_197_4875' to server 'localhost_1_4'...
            Sent 'sub_signed_rtlopto_model_197_4875' to server 'localhost_1_4'.
          Received 'csa_tree_SUB_TC_OP_11_group_58441_8' from server 'localhost_1_1'. (1731 ms elapsed)
          Sending 'add_unsigned_83_4557' to server 'localhost_1_1'...
            Sent 'add_unsigned_83_4557' to server 'localhost_1_1'.
          Received 'sub_signed_rtlopto_model_197_4874' from server 'localhost_1_0'. (230 ms elapsed)
          Sending 'add_unsigned_83_4556' to server 'localhost_1_0'...
            Sent 'add_unsigned_83_4556' to server 'localhost_1_0'.
          Received 'sub_signed_rtlopto_model_197_4875' from server 'localhost_1_4'. (227 ms elapsed)
          Sending 'csa_tree_6670' to server 'localhost_1_4'...
            Sent 'csa_tree_6670' to server 'localhost_1_4'.
          Received 'add_unsigned_83_4556' from server 'localhost_1_0'. (219 ms elapsed)
          Received 'csa_tree_6670' from server 'localhost_1_4'. (212 ms elapsed)
          Received 'sub_signed_rtlopto_model_197_4877' from server 'localhost_1_2'. (666 ms elapsed)
          Received 'add_unsigned_83_4557' from server 'localhost_1_1'. (617 ms elapsed)
          Received 'addsub_unsigned_4848' from server 'localhost_1_5'. (1072 ms elapsed)
          Received 'csa_tree_SUB_TC_OP_7_group_58439_7' from server 'localhost_1_6'. (5335 ms elapsed)
          Received 'csa_tree_SUB_TC_OP_7_group_58439_5' from server 'localhost_1_3'. (4925 ms elapsed)
          Received 'csa_tree_SUB_TC_OP_7_group_58439_8' from server 'localhost_1_7'. (5012 ms elapsed)
        Distributing super-thread jobs: csa_tree_fac5_group_7701 mux_ctl_0x_5198 cb_part_5221 add_signed_carry_3422
          Sending 'csa_tree_fac5_group_7701' to server 'localhost_1_7'...
            Sent 'csa_tree_fac5_group_7701' to server 'localhost_1_7'.
          Sending 'mux_ctl_0x_5198' to server 'localhost_1_4'...
            Sent 'mux_ctl_0x_5198' to server 'localhost_1_4'.
          Sending 'cb_part_5221' to server 'localhost_1_1'...
            Sent 'cb_part_5221' to server 'localhost_1_1'.
          Sending 'add_signed_carry_3422' to server 'localhost_1_0'...
            Sent 'add_signed_carry_3422' to server 'localhost_1_0'.
          Received 'add_signed_carry_3422' from server 'localhost_1_0'. (275 ms elapsed)
          Received 'mux_ctl_0x_5198' from server 'localhost_1_4'. (472 ms elapsed)
          Received 'cb_part_5221' from server 'localhost_1_1'. (493 ms elapsed)
          Received 'csa_tree_fac5_group_7701' from server 'localhost_1_7'. (1414 ms elapsed)
        Distributing super-thread jobs: mux_ctl_0x_5197 mux_ctl_0x_5195 mux_ctl_0x add_unsigned_83_4560 add_unsigned_83_4555 add_unsigned_83_4558 add_unsigned_83_4559
          Sending 'mux_ctl_0x_5197' to server 'localhost_1_7'...
            Sent 'mux_ctl_0x_5197' to server 'localhost_1_7'.
          Sending 'mux_ctl_0x_5195' to server 'localhost_1_4'...
            Sent 'mux_ctl_0x_5195' to server 'localhost_1_4'.
          Sending 'mux_ctl_0x' to server 'localhost_1_1'...
            Sent 'mux_ctl_0x' to server 'localhost_1_1'.
          Sending 'add_unsigned_83_4560' to server 'localhost_1_0'...
            Sent 'add_unsigned_83_4560' to server 'localhost_1_0'.
          Sending 'add_unsigned_83_4555' to server 'localhost_1_6'...
            Sent 'add_unsigned_83_4555' to server 'localhost_1_6'.
          Sending 'add_unsigned_83_4558' to server 'localhost_1_2'...
            Sent 'add_unsigned_83_4558' to server 'localhost_1_2'.
          Sending 'add_unsigned_83_4559' to server 'localhost_1_3'...
            Sent 'add_unsigned_83_4559' to server 'localhost_1_3'.
          Received 'add_unsigned_83_4560' from server 'localhost_1_0'. (224 ms elapsed)
          Received 'add_unsigned_83_4555' from server 'localhost_1_6'. (241 ms elapsed)
          Received 'add_unsigned_83_4558' from server 'localhost_1_2'. (234 ms elapsed)
          Received 'mux_ctl_0x_5197' from server 'localhost_1_7'. (469 ms elapsed)
          Received 'mux_ctl_0x' from server 'localhost_1_1'. (455 ms elapsed)
          Received 'mux_ctl_0x_5195' from server 'localhost_1_4'. (475 ms elapsed)
          Received 'add_unsigned_83_4559' from server 'localhost_1_3'. (606 ms elapsed)
        Distributing super-thread jobs: cb_part_5211
          Sending 'cb_part_5211' to server 'localhost_1_7'...
            Sent 'cb_part_5211' to server 'localhost_1_7'.
          Received 'cb_part_5211' from server 'localhost_1_7'. (10186 ms elapsed)
        Distributing super-thread jobs: cb_seq_5201 cb_seq add_unsigned_83 WALLACE_CSA_DUMMY_OP_group_101301
          Sending 'cb_seq_5201' to server 'localhost_1_7'...
            Sent 'cb_seq_5201' to server 'localhost_1_7'.
          Sending 'cb_seq' to server 'localhost_1_4'...
            Sent 'cb_seq' to server 'localhost_1_4'.
          Sending 'add_unsigned_83' to server 'localhost_1_1'...
            Sent 'add_unsigned_83' to server 'localhost_1_1'.
          Sending 'WALLACE_CSA_DUMMY_OP_group_101301' to server 'localhost_1_0'...
            Sent 'WALLACE_CSA_DUMMY_OP_group_101301' to server 'localhost_1_0'.
          Received 'add_unsigned_83' from server 'localhost_1_1'. (231 ms elapsed)
          Received 'cb_seq' from server 'localhost_1_4'. (378 ms elapsed)
          Received 'WALLACE_CSA_DUMMY_OP_group_101301' from server 'localhost_1_0'. (354 ms elapsed)
          Received 'cb_seq_5201' from server 'localhost_1_7'. (728 ms elapsed)
==================================
Stage : first_condense 
==================================
  =================
   Message Summary
  =================
--------------------------------------------------------------------------------
|   Id    |Sev  |Count |                     Message Text                      |
--------------------------------------------------------------------------------
| GB-6    |Info |   67 |A datapath component has been ungrouped.               |
| GLO-12  |Info |    5 |Replacing a flip-flop with a logic constant 0.         |
|         |     |      |To prevent this optimization, set the                  |
|         |     |      | 'optimize_constant_0_flops' root attribute to 'false' |
|         |     |      | or 'optimize_constant_0_seq' instance attribute to    |
|         |     |      | 'false'. You can also see the complete list of        |
|         |     |      | deleted sequential with command 'report sequential    |
|         |     |      | -deleted' (on Reason 'constant0').                    |
| GLO-34  |Info |    2 |Deleting instances not driving any primary outputs.    |
|         |     |      |Optimizations such as constant propagation or          |
|         |     |      | redundancy removal could change the connections so a  |
|         |     |      | hierarchical instance does not drive any primary      |
|         |     |      | outputs anymore. To see the list of deleted           |
|         |     |      | hierarchical instances, set the 'information_level'   |
|         |     |      | attribute to 2 or above. If the message is truncated  |
|         |     |      | set the message attribute 'truncate' to false to see  |
|         |     |      | the complete list. To prevent this optimization, set  |
|         |     |      | the 'delete_unloaded_insts' root/subdesign attribute  |
|         |     |      | to 'false' or 'preserve' instance attribute to        |
|         |     |      | 'true'.                                               |
| GLO-42  |Info |    2 |Equivalent sequential instances have been merged.      |
|         |     |      |To prevent merging of sequential instances, set the    |
|         |     |      | 'optimize_merge_flops' and 'optimize_merge_latches'   |
|         |     |      | root attributes to 'false' or the                     |
|         |     |      | 'optimize_merge_seq' instance attribute to 'false'.   |
| GLO-45  |Info |    3 |Replacing the synchronous part of an always feeding    |
|         |     |      | back flip-flop with a logic constant.                 |
|         |     |      |To prevent this optimization, set                      |
|         |     |      | 'optimize_constant_feedback_seqs' root attribute to   |
|         |     |      | 'false'. The instance attribute                       |
|         |     |      | 'optimize_constant_feedback_seq' controls this        |
|         |     |      | optimization.                                         |
| POPT-12 |Info |    1 |Could not find any user created clock-gating module.   |
|         |     |      |Looking for Integrated clock-gating cell in library.   |
| POPT-96 |Info |    1 |One or more cost groups were automatically created for |
|         |     |      | clock gate enable paths.                              |
|         |     |      |This feature can be disabled by setting the attribute  |
|         |     |      | lp_clock_gating_auto_cost_grouping false.             |
| ST-110  |Info |    8 |Connection established with super-threading server.    |
|         |     |      |The tool is entering super-threading mode and has      |
|         |     |      | established a connection with a CPU server process.   |
|         |     |      | This is enabled by the root attributes                |
|         |     |      | 'super_thread_servers' or 'auto_super_thread'.        |
| ST-120  |Info |    1 |Attempting to launch a super-threading server.         |
|         |     |      |The tool is entering super-threading mode and is       |
|         |     |      | launching a CPU server process.  This is enabled by   |
|         |     |      | the root attribute 'super_thread_servers' or          |
|         |     |      | 'auto_super_thread'.                                  |
| ST-128  |Info |    2 |Super thread servers are launched successfully.        |
--------------------------------------------------------------------------------
 
Global mapping target info
==========================
Cost Group 'clk' target slack:    60 ps
Target path end-point (Pin: r_input_weight_reg[1][19]/d)

Cost Group 'cg_enable_group_clk' target slack:    29 ps
Target path end-point (Pin: RC_CG_HIER_INST28/RC_CGIC_INST/E (CKLNQD1BWP30P140/E))


+-----------+--------------------+-----+----------------------+---------------------------+
|   Host    |      Machine       | CPU | Physical Memory (MB) | Peak Physical Memory (MB) |
+-----------+--------------------+-----+----------------------+---------------------------+
| localhost | paxos.inf.pucrs.br |  8  |        3515.6        |          3867.6           |
+-----------+--------------------+-----+----------------------+---------------------------+

+---------------+----------------------+---------------------------+
|    Server     | Physical Memory (MB) | Peak Physical Memory (MB) |
+---------------+----------------------+---------------------------+
| localhost_1_5 |      232.2 [1]       |          [1] [2]          |
| localhost_1_3 |      239.1 [1]       |          [1] [2]          |
| localhost_1_2 |      238.2 [1]       |          [1] [2]          |
| localhost_1_6 |      239.9 [1]       |          [1] [2]          |
| localhost_1_4 |      227.6 [1]       |          [1] [2]          |
| localhost_1_7 |      239.5 [1]       |          [1] [2]          |
| localhost_1_0 |      1899.5 [3]      |        2268.6 [3]         |
| localhost_1_1 |      229.9 [1]       |          [1] [2]          |
+---------------+----------------------+---------------------------+
[1] Memory is included in parent localhost_1_0.
[2] Peak physical memory is not available for forked background servers.
[3] Memory of child processes is included.


Test connection status for design: Conv
=======================================
Connected 0 out of 0 clock-gating instances.

State Retention Synthesis Status
================================

Category                        Flops   Percentage
--------------------------------------------------
Total instances                  1822        100.0
Excluded from State Retention    1822        100.0
    - Will not convert           1822        100.0
      - Preserved                   0          0.0
      - Power intent excluded    1822        100.0
    - Could not convert             0          0.0
      - Scan type                   0          0.0
      - No suitable cell            0          0.0
State Retention instances           0          0.0
--------------------------------------------------


+-----------+--------------------+-----+----------------------+---------------------------+
|   Host    |      Machine       | CPU | Physical Memory (MB) | Peak Physical Memory (MB) |
+-----------+--------------------+-----+----------------------+---------------------------+
| localhost | paxos.inf.pucrs.br |  1  |        2190.0        |          3867.6           |
+-----------+--------------------+-----+----------------------+---------------------------+

+---------------+----------------------+---------------------------+
|    Server     | Physical Memory (MB) | Peak Physical Memory (MB) |
+---------------+----------------------+---------------------------+
| localhost_1_0 |        551.6         |          2268.6           |
+---------------+----------------------+---------------------------+

Info    : Using '2' number of super-threading servers using the attribute 'super_thread_servers' could have
          saved '81' more seconds during global map.
Info    : Using '3' number of super-threading servers using the attribute 'super_thread_servers' could have
          saved '108' more seconds during global map.
Info    : Using '4' number of super-threading servers using the attribute 'super_thread_servers' could have
          saved '121' more seconds during global map.
Info    : Using '5' number of super-threading servers using the attribute 'super_thread_servers' could have
          saved '128' more seconds during global map.
Info    : Using '6' number of super-threading servers using the attribute 'super_thread_servers' could have
          saved '133' more seconds during global map.
Info    : Using '8' number of super-threading servers using the attribute 'super_thread_servers' could have
          saved '138' more seconds during global map.
PBS_Generic_Opt-Post - Elapsed_Time 449, CPU_Time 433.852491
stamp 'PBS_Generic_Opt-Post' being created for table 'pbs_debug'

  Total Time (Wall) |  Stage Time (Wall)  |   % (Wall)   |    Date - Time     |  Memory   | Stage
--------------------+---------------------+--------------+--------------------+-----------+----------------------
 00:00:38(00:00:34) |  00:00:00(00:00:00) |   0.0(  0.0) |   21:55:47 (Oct04) |  800.5 MB | PBS_Generic-Start
--------------------+---------------------+--------------+--------------------+-----------+----------------------
 00:07:51(00:08:03) |  00:07:13(00:07:29) | 100.0(100.0) |   22:03:16 (Oct04) |   2.19 GB | PBS_Generic_Opt-Post
--------------------+---------------------+--------------+--------------------+-----------+----------------------
Number of threads: 8 * 1   (id: pbs_debug, time_info v1.57)
Info: (*N*) indicates data that was populated from previously saved time_info database
Info: CPU time includes time of parent + longest thread
PBS_Generic-Postgen HBO Optimizations - Elapsed_Time 2, CPU_Time 2.0
stamp 'PBS_Generic-Postgen HBO Optimizations' being created for table 'pbs_debug'

  Total Time (Wall) |  Stage Time (Wall)  |   % (Wall)   |    Date - Time     |  Memory   | Stage
--------------------+---------------------+--------------+--------------------+-----------+----------------------
 00:00:38(00:00:34) |  00:00:00(00:00:00) |   0.0(  0.0) |   21:55:47 (Oct04) |  800.5 MB | PBS_Generic-Start
--------------------+---------------------+--------------+--------------------+-----------+----------------------
 00:07:51(00:08:03) |  00:07:13(00:07:29) |  99.5( 99.6) |   22:03:16 (Oct04) |   2.19 GB | PBS_Generic_Opt-Post
--------------------+---------------------+--------------+--------------------+-----------+----------------------
 00:07:53(00:08:05) |  00:00:02(00:00:02) |   0.5(  0.4) |   22:03:18 (Oct04) |   2.18 GB | PBS_Generic-Postgen HBO Optimizations
--------------------+---------------------+--------------+--------------------+-----------+----------------------
Number of threads: 8 * 1   (id: pbs_debug, time_info v1.57)
Info: (*N*) indicates data that was populated from previously saved time_info database
Info: CPU time includes time of parent + longest thread
##>=================== Cadence Confidential (Generic-Logical) ===================
##>=================== Cadence Confidential (Generic-Logical) ===================
##>Main Thread Summary:
##>----------------------------------------------------------------------------------------
##>STEP                           Elapsed       WNS       TNS     Insts      Area    Memory
##>----------------------------------------------------------------------------------------
##>G:Initial                            3         -         -    178921    249354       800
##>G:Setup                              0         -         -         -         -         -
##>G:Launch ST                          0         -         -         -         -         -
##>G:Design Partition                   0         -         -         -         -         -
##>G:Create Partition Netlists          0         -         -         -         -         -
##>G:Init Power                         0         -         -         -         -         -
##>G:Budgeting                          0         -         -         -         -         -
##>G:Derenv-DB                          0         -         -         -         -         -
##>G:Debug Outputs                      0         -         -         -         -         -
##>G:ST loading                         0         -         -         -         -         -
##>G:Distributed                        0         -         -         -         -         -
##>G:Timer                              0         -         -         -         -         -
##>G:Assembly                           0         -         -         -         -         -
##>G:DFT                                0         -         -         -         -         -
##>G:Const Prop                         2         -         -    108804    158921      2180
##>G:Misc                             449
##>----------------------------------------------------------------------------------------
##>Total Elapsed                      454
##>========================================================================================
Info    : Done synthesizing. [SYNTH-2]
        : Done synthesizing 'Conv' to generic gates.
      flow.cputime  flow.realtime  timing.setup.tns  timing.setup.wns  snapshot
UM:*                                                                   syn_gen
@file(logical_synthesis_body.tcl) 58: syn_map
##Generic Timing Info for library domain: timing_cond_0p81v_125c typical gate delay: 20.1 ps std_slew: 6.8 ps std_load: 1.6 fF
Current PLE settings:

Aspect ratio        : 1.000
Shrink factor       : 0.900
Scale of res/length : 1.000
Scale of cap/length : 1.000
Net derating factor : 1.000
Thermal factor      : 1.253
Via Resistance      : 16.501 ohm (from qrc_tech_file)
Site size           : 1.040 um (from lef [tech+cell])

                                   Capacitance  
  Layer                             / Length         Data source:
Name        Direction Utilization  (pF/micron)       qrc_tech_file
------------------------------------------------
M1              V         0.00        0.000210  
M2              H         1.00        0.000184  
M3              V         1.00        0.000138  
M4              H         1.00        0.000137  
M5              V         1.00        0.000138  
M6              H         1.00        0.000133  
M7              V         1.00        0.000194  
M8              H         1.00        0.000322  
M9              V         1.00        0.000582  
AP              H         1.00        0.000334  

                                    Resistance   
  Layer                              / Length         Data source:
Name        Direction Utilization  (ohm/micron)       qrc_tech_file
-------------------------------------------------
M1              V         0.00        14.633762  
M2              H         1.00        14.861223  
M3              V         1.00        14.861223  
M4              H         1.00        14.861223  
M5              V         1.00        14.861223  
M6              H         1.00        14.861223  
M7              V         1.00         3.005090  
M8              H         1.00         0.111088  
M9              V         1.00         0.004928  
AP              H         1.00         0.009992  

                                        Area     
  Layer                               / Length        Data source:
Name        Direction Utilization     (micron)        lef_library
-------------------------------------------------
M1              V         0.00         0.050000  
M2              H         1.00         0.050000  
M3              V         1.00         0.050000  
M4              H         1.00         0.050000  
M5              V         1.00         0.050000  
M6              H         1.00         0.050000  
M7              V         1.00         0.100000  
M8              H         1.00         0.400000  
M9              V         1.00         2.000000  
AP              H         1.00         2.000000  

Info    : Mapping. [SYNTH-4]
        : Mapping 'Conv' using 'high' effort.
Mapper: Libraries have:
	domain timing_cond_0p81v_125c: 530 combo usable cells and 349 sequential usable cells
Configuring mapper costing (none)
TNS Restructuring config: no_value at stage: map applied.
PBS_TechMap-Start - Elapsed_Time 0, CPU_Time 0.0
stamp 'PBS_TechMap-Start' being created for table 'pbs_debug'

  Total Time (Wall) |  Stage Time (Wall)  |   % (Wall)   |    Date - Time     |  Memory   | Stage
--------------------+---------------------+--------------+--------------------+-----------+----------------------
 00:00:38(00:00:34) |  00:00:00(00:00:00) |   0.0(  0.0) |   21:55:47 (Oct04) |  800.5 MB | PBS_Generic-Start
--------------------+---------------------+--------------+--------------------+-----------+----------------------
 00:07:51(00:08:03) |  00:07:13(00:07:29) |  98.6( 98.5) |   22:03:16 (Oct04) |   2.19 GB | PBS_Generic_Opt-Post
--------------------+---------------------+--------------+--------------------+-----------+----------------------
 00:07:53(00:08:05) |  00:00:02(00:00:02) |   0.5(  0.4) |   22:03:18 (Oct04) |   2.18 GB | PBS_Generic-Postgen HBO Optimizations
--------------------+---------------------+--------------+--------------------+-----------+----------------------
 00:07:57(00:08:10) |  00:00:04(00:00:05) |   0.9(  1.1) |   22:03:23 (Oct04) |   2.18 GB | PBS_TechMap-Start
--------------------+---------------------+--------------+--------------------+-----------+----------------------
Number of threads: 8 * 1   (id: pbs_debug, time_info v1.57)
Info: (*N*) indicates data that was populated from previously saved time_info database
Info: CPU time includes time of parent + longest thread
PBS_TechMap-Premap HBO Optimizations - Elapsed_Time 1, CPU_Time 2.0
stamp 'PBS_TechMap-Premap HBO Optimizations' being created for table 'pbs_debug'

  Total Time (Wall) |  Stage Time (Wall)  |   % (Wall)   |    Date - Time     |  Memory   | Stage
--------------------+---------------------+--------------+--------------------+-----------+----------------------
 00:00:38(00:00:34) |  00:00:00(00:00:00) |   0.0(  0.0) |   21:55:47 (Oct04) |  800.5 MB | PBS_Generic-Start
--------------------+---------------------+--------------+--------------------+-----------+----------------------
 00:07:51(00:08:03) |  00:07:13(00:07:29) |  98.2( 98.2) |   22:03:16 (Oct04) |   2.19 GB | PBS_Generic_Opt-Post
--------------------+---------------------+--------------+--------------------+-----------+----------------------
 00:07:53(00:08:05) |  00:00:02(00:00:02) |   0.5(  0.4) |   22:03:18 (Oct04) |   2.18 GB | PBS_Generic-Postgen HBO Optimizations
--------------------+---------------------+--------------+--------------------+-----------+----------------------
 00:07:57(00:08:10) |  00:00:04(00:00:05) |   0.9(  1.1) |   22:03:23 (Oct04) |   2.18 GB | PBS_TechMap-Start
--------------------+---------------------+--------------+--------------------+-----------+----------------------
 00:07:59(00:08:11) |  00:00:02(00:00:01) |   0.5(  0.2) |   22:03:24 (Oct04) |   2.18 GB | PBS_TechMap-Premap HBO Optimizations
--------------------+---------------------+--------------+--------------------+-----------+----------------------
Number of threads: 8 * 1   (id: pbs_debug, time_info v1.57)
Info: (*N*) indicates data that was populated from previously saved time_info database
Info: CPU time includes time of parent + longest thread
Info    : Partition Based Synthesis execution skipped. [PHYS-752]
        : Design size is less than the partition threshold '300000' for distributed mapping optimization to kick in.
Current PLE settings:

Aspect ratio        : 1.000
Shrink factor       : 0.900
Scale of res/length : 1.000
Scale of cap/length : 1.000
Net derating factor : 1.000
Thermal factor      : 1.253
Via Resistance      : 16.501 ohm (from qrc_tech_file)
Site size           : 1.040 um (from lef [tech+cell])

                                   Capacitance  
  Layer                             / Length         Data source:
Name        Direction Utilization  (pF/micron)       qrc_tech_file
------------------------------------------------
M1              V         0.00        0.000210  
M2              H         1.00        0.000184  
M3              V         1.00        0.000138  
M4              H         1.00        0.000137  
M5              V         1.00        0.000138  
M6              H         1.00        0.000133  
M7              V         1.00        0.000194  
M8              H         1.00        0.000322  
M9              V         1.00        0.000582  
AP              H         1.00        0.000334  

                                    Resistance   
  Layer                              / Length         Data source:
Name        Direction Utilization  (ohm/micron)       qrc_tech_file
-------------------------------------------------
M1              V         0.00        14.633762  
M2              H         1.00        14.861223  
M3              V         1.00        14.861223  
M4              H         1.00        14.861223  
M5              V         1.00        14.861223  
M6              H         1.00        14.861223  
M7              V         1.00         3.005090  
M8              H         1.00         0.111088  
M9              V         1.00         0.004928  
AP              H         1.00         0.009992  

                                        Area     
  Layer                               / Length        Data source:
Name        Direction Utilization     (micron)        lef_library
-------------------------------------------------
M1              V         0.00         0.050000  
M2              H         1.00         0.050000  
M3              V         1.00         0.050000  
M4              H         1.00         0.050000  
M5              V         1.00         0.050000  
M6              H         1.00         0.050000  
M7              V         1.00         0.100000  
M8              H         1.00         0.400000  
M9              V         1.00         2.000000  
AP              H         1.00         2.000000  

Mapper: Libraries have:
	domain timing_cond_0p81v_125c: 530 combo usable cells and 349 sequential usable cells
Updating ST server settings
Info    : Connection established with super-threading server. [ST-110]
        : The server 'localhost_1_8' is forked process '1794264' on this host.
Info    : Connection established with super-threading server. [ST-110]
        : The server 'localhost_1_9' is forked process '1794266' on this host.
Info    : Connection established with super-threading server. [ST-110]
        : The server 'localhost_1_10' is forked process '1794268' on this host.
Info    : Connection established with super-threading server. [ST-110]
        : The server 'localhost_1_11' is forked process '1794270' on this host.
Info    : Connection established with super-threading server. [ST-110]
        : The server 'localhost_1_12' is forked process '1794272' on this host.
Info    : Connection established with super-threading server. [ST-110]
        : The server 'localhost_1_13' is forked process '1794274' on this host.
Info    : Connection established with super-threading server. [ST-110]
        : The server 'localhost_1_14' is forked process '1794276' on this host.
Multi-threaded Virtual Mapping    (8 threads per ST process, 8 of 28 CPUs usable)
        Distributing super-thread jobs: csa_tree_ADD_TC_OP_46_group_8 cb_oseq_5255 mult_signed_4797 csa_tree_SUB_TC_OP_10_group_6 csa_tree_SUB_TC_OP_group_6 csa_tree_sub0022409_group_4 csa_tree_SUB_TC_OP_7_group_4 csa_tree_sub0057054_group_4 csa_tree_add_1084_53_group_6 csa_tree_add_1079_53_group_6 csa_tree_add_1060_52_group_6 csa_tree_28861 csa_tree_28783 WALLACE_CSA_DUMMY_OP_group_57015 csa_tree_SUB_TC_OP_17_group_58446_1 csa_tree_SUB_TC_OP_17_group_58446_2 csa_tree_SUB_TC_OP_17_group_58446 csa_tree_SUB_TC_OP_7_group_58439_2 csa_tree_SUB_TC_OP_7_group_58439_1 csa_tree_SUB_TC_OP_4_group_58444_3 csa_tree_SUB_TC_OP_4_group_58444 csa_tree_SUB_TC_OP_7_group_58439 csa_tree_SUB_TC_OP_17_group_58446_3 csa_tree_SUB_TC_OP_4_group_58444_2 csa_tree_SUB_TC_OP_4_group_58444_1 csa_tree_SUB_TC_OP_7_group_58439_3 WALLACE_CSA_DUMMY_OP1_group_57018 csa_tree_SUB_TC_OP_17_group_74420 csa_tree_SUB_TC_OP_4_group_74417 csa_tree_SUB_TC_OP_7_group_74411 csa_tree_SUB_TC_OP_11_group_58441 csa_tree_add_1123_75_group_57017 csa_tree_SUB_TC_OP_11_group_58441_2 csa_tree_SUB_TC_OP_11_group_58441_1 csa_tree_SUB_TC_OP_11_group_58441_3 csa_tree_SUB_TC_OP_11_group_74414 csa_tree_17364 csa_tree_2875 mult_const_trivial_5972_5974 mult_const_trivial_5969_5971 mult_const_trivial_5968 mult_const_trivial_36050_36052 mult_const_trivial_91052_91054_4847 mult_const_trivial_91055_91057 mult_const_trivial_91052_91054 sub_signed_rtlopto_model_197 sub_signed_rtlopto_model_197_4879 sub_signed_rtlopto_model_197_4880 sub_signed_rtlopto_model_197_4881 sub_signed_rtlopto_model_74202
          Sending 'csa_tree_ADD_TC_OP_46_group_8' to server 'localhost_1_0'...
            Sent 'csa_tree_ADD_TC_OP_46_group_8' to server 'localhost_1_0'.
          Sending 'cb_oseq_5255' to server 'localhost_1_13'...
            Sent 'cb_oseq_5255' to server 'localhost_1_13'.
          Sending 'mult_signed_4797' to server 'localhost_1_12'...
            Sent 'mult_signed_4797' to server 'localhost_1_12'.
          Sending 'csa_tree_SUB_TC_OP_10_group_6' to server 'localhost_1_9'...
            Sent 'csa_tree_SUB_TC_OP_10_group_6' to server 'localhost_1_9'.
          Sending 'csa_tree_SUB_TC_OP_group_6' to server 'localhost_1_8'...
            Sent 'csa_tree_SUB_TC_OP_group_6' to server 'localhost_1_8'.
          Sending 'csa_tree_sub0022409_group_4' to server 'localhost_1_14'...
            Sent 'csa_tree_sub0022409_group_4' to server 'localhost_1_14'.
          Sending 'csa_tree_SUB_TC_OP_7_group_4' to server 'localhost_1_11'...
            Sent 'csa_tree_SUB_TC_OP_7_group_4' to server 'localhost_1_11'.
          Sending 'csa_tree_sub0057054_group_4' to server 'localhost_1_10'...
            Sent 'csa_tree_sub0057054_group_4' to server 'localhost_1_10'.
          Received 'csa_tree_SUB_TC_OP_10_group_6' from server 'localhost_1_9'. (688 ms elapsed)
          Sending 'csa_tree_add_1084_53_group_6' to server 'localhost_1_9'...
            Sent 'csa_tree_add_1084_53_group_6' to server 'localhost_1_9'.
          Received 'csa_tree_SUB_TC_OP_group_6' from server 'localhost_1_8'. (718 ms elapsed)
          Sending 'csa_tree_add_1079_53_group_6' to server 'localhost_1_8'...
            Sent 'csa_tree_add_1079_53_group_6' to server 'localhost_1_8'.
          Received 'csa_tree_sub0022409_group_4' from server 'localhost_1_14'. (722 ms elapsed)
          Sending 'csa_tree_add_1060_52_group_6' to server 'localhost_1_14'...
            Sent 'csa_tree_add_1060_52_group_6' to server 'localhost_1_14'.
          Received 'csa_tree_SUB_TC_OP_7_group_4' from server 'localhost_1_11'. (724 ms elapsed)
          Sending 'csa_tree_28861' to server 'localhost_1_11'...
            Sent 'csa_tree_28861' to server 'localhost_1_11'.
          Received 'cb_oseq_5255' from server 'localhost_1_13'. (1172 ms elapsed)
          Sending 'csa_tree_28783' to server 'localhost_1_13'...
            Sent 'csa_tree_28783' to server 'localhost_1_13'.
          Received 'csa_tree_ADD_TC_OP_46_group_8' from server 'localhost_1_0'. (1440 ms elapsed)
          Sending 'WALLACE_CSA_DUMMY_OP_group_57015' to server 'localhost_1_0'...
            Sent 'WALLACE_CSA_DUMMY_OP_group_57015' to server 'localhost_1_0'.
          Received 'csa_tree_28783' from server 'localhost_1_13'. (775 ms elapsed)
          Sending 'csa_tree_SUB_TC_OP_17_group_58446_1' to server 'localhost_1_13'...
            Sent 'csa_tree_SUB_TC_OP_17_group_58446_1' to server 'localhost_1_13'.
          Received 'csa_tree_add_1079_53_group_6' from server 'localhost_1_8'. (1057 ms elapsed)
          Sending 'csa_tree_SUB_TC_OP_17_group_58446_2' to server 'localhost_1_8'...
            Sent 'csa_tree_SUB_TC_OP_17_group_58446_2' to server 'localhost_1_8'.
          Received 'csa_tree_sub0057054_group_4' from server 'localhost_1_10'. (1696 ms elapsed)
          Sending 'csa_tree_SUB_TC_OP_17_group_58446' to server 'localhost_1_10'...
            Sent 'csa_tree_SUB_TC_OP_17_group_58446' to server 'localhost_1_10'.
          Received 'mult_signed_4797' from server 'localhost_1_12'. (1935 ms elapsed)
          Sending 'csa_tree_SUB_TC_OP_7_group_58439_2' to server 'localhost_1_12'...
            Sent 'csa_tree_SUB_TC_OP_7_group_58439_2' to server 'localhost_1_12'.
          Received 'WALLACE_CSA_DUMMY_OP_group_57015' from server 'localhost_1_0'. (210 ms elapsed)
          Sending 'csa_tree_SUB_TC_OP_7_group_58439_1' to server 'localhost_1_0'...
            Sent 'csa_tree_SUB_TC_OP_7_group_58439_1' to server 'localhost_1_0'.
          Received 'csa_tree_add_1060_52_group_6' from server 'localhost_1_14'. (1196 ms elapsed)
          Sending 'csa_tree_SUB_TC_OP_4_group_58444_3' to server 'localhost_1_14'...
            Sent 'csa_tree_SUB_TC_OP_4_group_58444_3' to server 'localhost_1_14'.
          Received 'csa_tree_SUB_TC_OP_17_group_58446_2' from server 'localhost_1_8'. (208 ms elapsed)
          Sending 'csa_tree_SUB_TC_OP_4_group_58444' to server 'localhost_1_8'...
            Sent 'csa_tree_SUB_TC_OP_4_group_58444' to server 'localhost_1_8'.
          Received 'csa_tree_SUB_TC_OP_7_group_58439_2' from server 'localhost_1_12'. (140 ms elapsed)
          Sending 'csa_tree_SUB_TC_OP_7_group_58439' to server 'localhost_1_12'...
            Sent 'csa_tree_SUB_TC_OP_7_group_58439' to server 'localhost_1_12'.
          Received 'csa_tree_SUB_TC_OP_7_group_58439_1' from server 'localhost_1_0'. (178 ms elapsed)
          Sending 'csa_tree_SUB_TC_OP_17_group_58446_3' to server 'localhost_1_0'...
            Sent 'csa_tree_SUB_TC_OP_17_group_58446_3' to server 'localhost_1_0'.
          Received 'csa_tree_SUB_TC_OP_4_group_58444' from server 'localhost_1_8'. (196 ms elapsed)
          Sending 'csa_tree_SUB_TC_OP_4_group_58444_2' to server 'localhost_1_8'...
            Sent 'csa_tree_SUB_TC_OP_4_group_58444_2' to server 'localhost_1_8'.
          Received 'csa_tree_SUB_TC_OP_17_group_58446_3' from server 'localhost_1_0'. (211 ms elapsed)
          Sending 'csa_tree_SUB_TC_OP_4_group_58444_1' to server 'localhost_1_0'...
            Sent 'csa_tree_SUB_TC_OP_4_group_58444_1' to server 'localhost_1_0'.
          Received 'csa_tree_SUB_TC_OP_4_group_58444_2' from server 'localhost_1_8'. (561 ms elapsed)
          Sending 'csa_tree_SUB_TC_OP_7_group_58439_3' to server 'localhost_1_8'...
            Sent 'csa_tree_SUB_TC_OP_7_group_58439_3' to server 'localhost_1_8'.
          Received 'csa_tree_SUB_TC_OP_7_group_58439' from server 'localhost_1_12'. (708 ms elapsed)
          Sending 'WALLACE_CSA_DUMMY_OP1_group_57018' to server 'localhost_1_12'...
            Sent 'WALLACE_CSA_DUMMY_OP1_group_57018' to server 'localhost_1_12'.
          Received 'csa_tree_SUB_TC_OP_4_group_58444_3' from server 'localhost_1_14'. (826 ms elapsed)
          Sending 'csa_tree_SUB_TC_OP_17_group_74420' to server 'localhost_1_14'...
            Sent 'csa_tree_SUB_TC_OP_17_group_74420' to server 'localhost_1_14'.
          Received 'csa_tree_SUB_TC_OP_17_group_58446' from server 'localhost_1_10'. (1000 ms elapsed)
          Sending 'csa_tree_SUB_TC_OP_4_group_74417' to server 'localhost_1_10'...
            Sent 'csa_tree_SUB_TC_OP_4_group_74417' to server 'localhost_1_10'.
          Received 'csa_tree_SUB_TC_OP_17_group_58446_1' from server 'localhost_1_13'. (1073 ms elapsed)
          Sending 'csa_tree_SUB_TC_OP_7_group_74411' to server 'localhost_1_13'...
            Sent 'csa_tree_SUB_TC_OP_7_group_74411' to server 'localhost_1_13'.
          Received 'csa_tree_add_1084_53_group_6' from server 'localhost_1_9'. (2178 ms elapsed)
          Sending 'csa_tree_SUB_TC_OP_11_group_58441' to server 'localhost_1_9'...
            Sent 'csa_tree_SUB_TC_OP_11_group_58441' to server 'localhost_1_9'.
          Received 'WALLACE_CSA_DUMMY_OP1_group_57018' from server 'localhost_1_12'. (148 ms elapsed)
          Sending 'csa_tree_add_1123_75_group_57017' to server 'localhost_1_12'...
            Sent 'csa_tree_add_1123_75_group_57017' to server 'localhost_1_12'.
          Received 'csa_tree_SUB_TC_OP_4_group_58444_1' from server 'localhost_1_0'. (231 ms elapsed)
          Sending 'csa_tree_SUB_TC_OP_11_group_58441_2' to server 'localhost_1_0'...
            Sent 'csa_tree_SUB_TC_OP_11_group_58441_2' to server 'localhost_1_0'.
          Received 'csa_tree_SUB_TC_OP_17_group_74420' from server 'localhost_1_14'. (209 ms elapsed)
          Sending 'csa_tree_SUB_TC_OP_11_group_58441_1' to server 'localhost_1_14'...
            Sent 'csa_tree_SUB_TC_OP_11_group_58441_1' to server 'localhost_1_14'.
          Received 'csa_tree_SUB_TC_OP_7_group_58439_3' from server 'localhost_1_8'. (260 ms elapsed)
          Sending 'csa_tree_SUB_TC_OP_11_group_58441_3' to server 'localhost_1_8'...
            Sent 'csa_tree_SUB_TC_OP_11_group_58441_3' to server 'localhost_1_8'.
          Received 'csa_tree_SUB_TC_OP_11_group_58441_2' from server 'localhost_1_0'. (134 ms elapsed)
          Sending 'csa_tree_SUB_TC_OP_11_group_74414' to server 'localhost_1_0'...
            Sent 'csa_tree_SUB_TC_OP_11_group_74414' to server 'localhost_1_0'.
          Received 'csa_tree_SUB_TC_OP_11_group_58441_3' from server 'localhost_1_8'. (133 ms elapsed)
          Sending 'csa_tree_17364' to server 'localhost_1_8'...
            Sent 'csa_tree_17364' to server 'localhost_1_8'.
          Received 'csa_tree_17364' from server 'localhost_1_8'. (88 ms elapsed)
          Sending 'csa_tree_2875' to server 'localhost_1_8'...
            Sent 'csa_tree_2875' to server 'localhost_1_8'.
          Received 'csa_tree_SUB_TC_OP_11_group_74414' from server 'localhost_1_0'. (189 ms elapsed)
          Sending 'mult_const_trivial_5972_5974' to server 'localhost_1_0'...
            Sent 'mult_const_trivial_5972_5974' to server 'localhost_1_0'.
          Received 'csa_tree_2875' from server 'localhost_1_8'. (463 ms elapsed)
          Sending 'mult_const_trivial_5969_5971' to server 'localhost_1_8'...
            Sent 'mult_const_trivial_5969_5971' to server 'localhost_1_8'.
          Received 'csa_tree_SUB_TC_OP_11_group_58441_1' from server 'localhost_1_14'. (705 ms elapsed)
          Sending 'mult_const_trivial_5968' to server 'localhost_1_14'...
            Sent 'mult_const_trivial_5968' to server 'localhost_1_14'.
          Received 'csa_tree_SUB_TC_OP_7_group_74411' from server 'localhost_1_13'. (886 ms elapsed)
          Sending 'mult_const_trivial_36050_36052' to server 'localhost_1_13'...
            Sent 'mult_const_trivial_36050_36052' to server 'localhost_1_13'.
          Received 'csa_tree_SUB_TC_OP_4_group_74417' from server 'localhost_1_10'. (911 ms elapsed)
          Sending 'mult_const_trivial_91052_91054_4847' to server 'localhost_1_10'...
            Sent 'mult_const_trivial_91052_91054_4847' to server 'localhost_1_10'.
          Received 'csa_tree_28861' from server 'localhost_1_11'. (2923 ms elapsed)
          Sending 'mult_const_trivial_91055_91057' to server 'localhost_1_11'...
            Sent 'mult_const_trivial_91055_91057' to server 'localhost_1_11'.
          Received 'mult_const_trivial_91052_91054_4847' from server 'localhost_1_10'. (166 ms elapsed)
          Sending 'mult_const_trivial_91052_91054' to server 'localhost_1_10'...
            Sent 'mult_const_trivial_91052_91054' to server 'localhost_1_10'.
          Received 'mult_const_trivial_5969_5971' from server 'localhost_1_8'. (195 ms elapsed)
          Sending 'sub_signed_rtlopto_model_197' to server 'localhost_1_8'...
            Sent 'sub_signed_rtlopto_model_197' to server 'localhost_1_8'.
          Received 'mult_const_trivial_5972_5974' from server 'localhost_1_0'. (211 ms elapsed)
          Sending 'sub_signed_rtlopto_model_197_4879' to server 'localhost_1_0'...
            Sent 'sub_signed_rtlopto_model_197_4879' to server 'localhost_1_0'.
          Received 'csa_tree_SUB_TC_OP_11_group_58441' from server 'localhost_1_9'. (1429 ms elapsed)
          Sending 'sub_signed_rtlopto_model_197_4880' to server 'localhost_1_9'...
            Sent 'sub_signed_rtlopto_model_197_4880' to server 'localhost_1_9'.
          Received 'mult_const_trivial_91052_91054' from server 'localhost_1_10'. (438 ms elapsed)
          Sending 'sub_signed_rtlopto_model_197_4881' to server 'localhost_1_10'...
            Sent 'sub_signed_rtlopto_model_197_4881' to server 'localhost_1_10'.
          Received 'mult_const_trivial_91055_91057' from server 'localhost_1_11'. (453 ms elapsed)
          Sending 'sub_signed_rtlopto_model_74202' to server 'localhost_1_11'...
            Sent 'sub_signed_rtlopto_model_74202' to server 'localhost_1_11'.
          Received 'mult_const_trivial_36050_36052' from server 'localhost_1_13'. (625 ms elapsed)
          Received 'mult_const_trivial_5968' from server 'localhost_1_14'. (634 ms elapsed)
          Received 'csa_tree_add_1123_75_group_57017' from server 'localhost_1_12'. (1418 ms elapsed)
          Received 'sub_signed_rtlopto_model_74202' from server 'localhost_1_11'. (84 ms elapsed)
          Received 'sub_signed_rtlopto_model_197_4880' from server 'localhost_1_9'. (99 ms elapsed)
          Received 'sub_signed_rtlopto_model_197_4879' from server 'localhost_1_0'. (114 ms elapsed)
          Received 'sub_signed_rtlopto_model_197' from server 'localhost_1_8'. (523 ms elapsed)
          Received 'sub_signed_rtlopto_model_197_4881' from server 'localhost_1_10'. (462 ms elapsed)
        Distributing super-thread jobs: csa_tree_fac245_group_30460 csa_tree_fac242_group_30458 csa_tree_fac243_group_30456 csa_tree_fac3_group_5922 csa_tree_fac4_group_5921 csa_tree_fac196_group_17851 csa_tree_fac197_group_17853 csa_tree_sub_1058_53_group_96847 csa_tree_sub_1082_55_group_92781 csa_tree_SUB_TC_OP_7_group_58439_7 csa_tree_SUB_TC_OP_4_group_58444_7 csa_tree_SUB_TC_OP_17_group_58446_7 csa_tree_SUB_TC_OP_17_group_58446_8 csa_tree_SUB_TC_OP_7_group_58439_8 csa_tree_SUB_TC_OP_4_group_58444_8 csa_tree_SUB_TC_OP_17_group_58446_5 csa_tree_SUB_TC_OP_7_group_58439_5 csa_tree_SUB_TC_OP_4_group_58444_5 csa_tree_SUB_TC_OP_11_group_58441_8 csa_tree_SUB_TC_OP_11_group_58441_7 csa_tree_SUB_TC_OP_11_group_58441_5 csa_tree_fac244_group_30454 addsub_unsigned_4849 addsub_unsigned addsub_unsigned_4848 csa_tree_6670 WALLACE_CSA_DUMMY_OP_group_101301 add_unsigned_83 add_unsigned_83_4556 add_unsigned_83_4557 sub_signed_rtlopto_model_197_4875 sub_signed_rtlopto_model_197_4877 sub_signed_rtlopto_model_197_4874
          Sending 'csa_tree_fac245_group_30460' to server 'localhost_1_0'...
            Sent 'csa_tree_fac245_group_30460' to server 'localhost_1_0'.
          Sending 'csa_tree_fac242_group_30458' to server 'localhost_1_13'...
            Sent 'csa_tree_fac242_group_30458' to server 'localhost_1_13'.
          Sending 'csa_tree_fac243_group_30456' to server 'localhost_1_12'...
            Sent 'csa_tree_fac243_group_30456' to server 'localhost_1_12'.
          Sending 'csa_tree_fac3_group_5922' to server 'localhost_1_9'...
            Sent 'csa_tree_fac3_group_5922' to server 'localhost_1_9'.
          Sending 'csa_tree_fac4_group_5921' to server 'localhost_1_8'...
            Sent 'csa_tree_fac4_group_5921' to server 'localhost_1_8'.
          Sending 'csa_tree_fac196_group_17851' to server 'localhost_1_14'...
            Sent 'csa_tree_fac196_group_17851' to server 'localhost_1_14'.
          Sending 'csa_tree_fac197_group_17853' to server 'localhost_1_11'...
            Sent 'csa_tree_fac197_group_17853' to server 'localhost_1_11'.
          Sending 'csa_tree_sub_1058_53_group_96847' to server 'localhost_1_10'...
            Sent 'csa_tree_sub_1058_53_group_96847' to server 'localhost_1_10'.
          Received 'csa_tree_fac245_group_30460' from server 'localhost_1_0'. (660 ms elapsed)
          Sending 'csa_tree_sub_1082_55_group_92781' to server 'localhost_1_0'...
            Sent 'csa_tree_sub_1082_55_group_92781' to server 'localhost_1_0'.
          Received 'csa_tree_sub_1058_53_group_96847' from server 'localhost_1_10'. (1033 ms elapsed)
          Sending 'csa_tree_SUB_TC_OP_7_group_58439_7' to server 'localhost_1_10'...
            Sent 'csa_tree_SUB_TC_OP_7_group_58439_7' to server 'localhost_1_10'.
          Received 'csa_tree_fac4_group_5921' from server 'localhost_1_8'. (1203 ms elapsed)
          Sending 'csa_tree_SUB_TC_OP_4_group_58444_7' to server 'localhost_1_8'...
            Sent 'csa_tree_SUB_TC_OP_4_group_58444_7' to server 'localhost_1_8'.
          Received 'csa_tree_fac197_group_17853' from server 'localhost_1_11'. (1122 ms elapsed)
          Sending 'csa_tree_SUB_TC_OP_17_group_58446_7' to server 'localhost_1_11'...
            Sent 'csa_tree_SUB_TC_OP_17_group_58446_7' to server 'localhost_1_11'.
          Received 'csa_tree_fac196_group_17851' from server 'localhost_1_14'. (1193 ms elapsed)
          Sending 'csa_tree_SUB_TC_OP_17_group_58446_8' to server 'localhost_1_14'...
            Sent 'csa_tree_SUB_TC_OP_17_group_58446_8' to server 'localhost_1_14'.
          Received 'csa_tree_fac242_group_30458' from server 'localhost_1_13'. (1488 ms elapsed)
          Sending 'csa_tree_SUB_TC_OP_7_group_58439_8' to server 'localhost_1_13'...
            Sent 'csa_tree_SUB_TC_OP_7_group_58439_8' to server 'localhost_1_13'.
          Received 'csa_tree_SUB_TC_OP_7_group_58439_7' from server 'localhost_1_10'. (291 ms elapsed)
          Sending 'csa_tree_SUB_TC_OP_4_group_58444_8' to server 'localhost_1_10'...
            Sent 'csa_tree_SUB_TC_OP_4_group_58444_8' to server 'localhost_1_10'.
          Received 'csa_tree_sub_1082_55_group_92781' from server 'localhost_1_0'. (350 ms elapsed)
          Sending 'csa_tree_SUB_TC_OP_17_group_58446_5' to server 'localhost_1_0'...
            Sent 'csa_tree_SUB_TC_OP_17_group_58446_5' to server 'localhost_1_0'.
          Received 'csa_tree_fac3_group_5922' from server 'localhost_1_9'. (1730 ms elapsed)
          Sending 'csa_tree_SUB_TC_OP_7_group_58439_5' to server 'localhost_1_9'...
            Sent 'csa_tree_SUB_TC_OP_7_group_58439_5' to server 'localhost_1_9'.
          Received 'csa_tree_fac243_group_30456' from server 'localhost_1_12'. (1978 ms elapsed)
          Sending 'csa_tree_SUB_TC_OP_4_group_58444_5' to server 'localhost_1_12'...
            Sent 'csa_tree_SUB_TC_OP_4_group_58444_5' to server 'localhost_1_12'.
          Received 'csa_tree_SUB_TC_OP_17_group_58446_7' from server 'localhost_1_11'. (639 ms elapsed)
          Sending 'csa_tree_SUB_TC_OP_11_group_58441_8' to server 'localhost_1_11'...
            Sent 'csa_tree_SUB_TC_OP_11_group_58441_8' to server 'localhost_1_11'.
          Received 'csa_tree_SUB_TC_OP_4_group_58444_5' from server 'localhost_1_12'. (181 ms elapsed)
          Sending 'csa_tree_SUB_TC_OP_11_group_58441_7' to server 'localhost_1_12'...
            Sent 'csa_tree_SUB_TC_OP_11_group_58441_7' to server 'localhost_1_12'.
          Received 'csa_tree_SUB_TC_OP_11_group_58441_8' from server 'localhost_1_11'. (185 ms elapsed)
          Sending 'csa_tree_SUB_TC_OP_11_group_58441_5' to server 'localhost_1_11'...
            Sent 'csa_tree_SUB_TC_OP_11_group_58441_5' to server 'localhost_1_11'.
          Received 'csa_tree_SUB_TC_OP_4_group_58444_7' from server 'localhost_1_8'. (934 ms elapsed)
          Sending 'csa_tree_fac244_group_30454' to server 'localhost_1_8'...
            Sent 'csa_tree_fac244_group_30454' to server 'localhost_1_8'.
          Received 'csa_tree_SUB_TC_OP_11_group_58441_7' from server 'localhost_1_12'. (239 ms elapsed)
          Sending 'addsub_unsigned_4849' to server 'localhost_1_12'...
            Sent 'addsub_unsigned_4849' to server 'localhost_1_12'.
          Received 'csa_tree_SUB_TC_OP_7_group_58439_5' from server 'localhost_1_9'. (634 ms elapsed)
          Sending 'addsub_unsigned' to server 'localhost_1_9'...
            Sent 'addsub_unsigned' to server 'localhost_1_9'.
          Received 'csa_tree_SUB_TC_OP_7_group_58439_8' from server 'localhost_1_13'. (1059 ms elapsed)
          Sending 'addsub_unsigned_4848' to server 'localhost_1_13'...
            Sent 'addsub_unsigned_4848' to server 'localhost_1_13'.
          Received 'addsub_unsigned_4849' from server 'localhost_1_12'. (120 ms elapsed)
          Sending 'csa_tree_6670' to server 'localhost_1_12'...
            Sent 'csa_tree_6670' to server 'localhost_1_12'.
          Received 'addsub_unsigned' from server 'localhost_1_9'. (126 ms elapsed)
          Sending 'WALLACE_CSA_DUMMY_OP_group_101301' to server 'localhost_1_9'...
            Sent 'WALLACE_CSA_DUMMY_OP_group_101301' to server 'localhost_1_9'.
          Received 'addsub_unsigned_4848' from server 'localhost_1_13'. (125 ms elapsed)
          Sending 'add_unsigned_83' to server 'localhost_1_13'...
            Sent 'add_unsigned_83' to server 'localhost_1_13'.
          Received 'csa_tree_SUB_TC_OP_17_group_58446_5' from server 'localhost_1_0'. (994 ms elapsed)
          Sending 'add_unsigned_83_4556' to server 'localhost_1_0'...
            Sent 'add_unsigned_83_4556' to server 'localhost_1_0'.
          Received 'WALLACE_CSA_DUMMY_OP_group_101301' from server 'localhost_1_9'. (101 ms elapsed)
          Sending 'add_unsigned_83_4557' to server 'localhost_1_9'...
            Sent 'add_unsigned_83_4557' to server 'localhost_1_9'.
          Received 'add_unsigned_83' from server 'localhost_1_13'. (133 ms elapsed)
          Sending 'sub_signed_rtlopto_model_197_4875' to server 'localhost_1_13'...
            Sent 'sub_signed_rtlopto_model_197_4875' to server 'localhost_1_13'.
          Received 'add_unsigned_83_4556' from server 'localhost_1_0'. (115 ms elapsed)
          Sending 'sub_signed_rtlopto_model_197_4877' to server 'localhost_1_0'...
            Sent 'sub_signed_rtlopto_model_197_4877' to server 'localhost_1_0'.
          Received 'csa_tree_SUB_TC_OP_11_group_58441_5' from server 'localhost_1_11'. (615 ms elapsed)
          Sending 'sub_signed_rtlopto_model_197_4874' to server 'localhost_1_11'...
            Sent 'sub_signed_rtlopto_model_197_4874' to server 'localhost_1_11'.
          Received 'add_unsigned_83_4557' from server 'localhost_1_9'. (135 ms elapsed)
          Received 'csa_tree_SUB_TC_OP_17_group_58446_8' from server 'localhost_1_14'. (1434 ms elapsed)
          Received 'sub_signed_rtlopto_model_197_4877' from server 'localhost_1_0'. (104 ms elapsed)
          Received 'sub_signed_rtlopto_model_197_4874' from server 'localhost_1_11'. (104 ms elapsed)
          Received 'csa_tree_SUB_TC_OP_4_group_58444_8' from server 'localhost_1_10'. (1371 ms elapsed)
          Received 'csa_tree_6670' from server 'localhost_1_12'. (496 ms elapsed)
          Received 'csa_tree_fac244_group_30454' from server 'localhost_1_8'. (934 ms elapsed)
          Received 'sub_signed_rtlopto_model_197_4875' from server 'localhost_1_13'. (506 ms elapsed)
        Distributing super-thread jobs: csa_tree_fac5_group_7701 cb_part_5264 mux_ctl_0x_5248 mux_ctl_0x_5251 mux_ctl_0x_5249 mux_ctl_0x add_signed_carry_3422
          Sending 'csa_tree_fac5_group_7701' to server 'localhost_1_0'...
            Sent 'csa_tree_fac5_group_7701' to server 'localhost_1_0'.
          Sending 'cb_part_5264' to server 'localhost_1_13'...
            Sent 'cb_part_5264' to server 'localhost_1_13'.
          Sending 'mux_ctl_0x_5248' to server 'localhost_1_12'...
            Sent 'mux_ctl_0x_5248' to server 'localhost_1_12'.
          Sending 'mux_ctl_0x_5251' to server 'localhost_1_9'...
            Sent 'mux_ctl_0x_5251' to server 'localhost_1_9'.
          Sending 'mux_ctl_0x_5249' to server 'localhost_1_8'...
            Sent 'mux_ctl_0x_5249' to server 'localhost_1_8'.
          Sending 'mux_ctl_0x' to server 'localhost_1_14'...
            Sent 'mux_ctl_0x' to server 'localhost_1_14'.
          Sending 'add_signed_carry_3422' to server 'localhost_1_11'...
            Sent 'add_signed_carry_3422' to server 'localhost_1_11'.
          Received 'cb_part_5264' from server 'localhost_1_13'. (182 ms elapsed)
          Received 'mux_ctl_0x_5248' from server 'localhost_1_12'. (160 ms elapsed)
          Received 'csa_tree_fac5_group_7701' from server 'localhost_1_0'. (598 ms elapsed)
          Received 'mux_ctl_0x_5249' from server 'localhost_1_8'. (855 ms elapsed)
          Received 'mux_ctl_0x' from server 'localhost_1_14'. (835 ms elapsed)
          Received 'mux_ctl_0x_5251' from server 'localhost_1_9'. (874 ms elapsed)
          Received 'add_signed_carry_3422' from server 'localhost_1_11'. (915 ms elapsed)
        Distributing super-thread jobs: mux_ctl_0x_5250 add_unsigned_83_4560 add_unsigned_83_4558 add_unsigned_83_4559 add_unsigned_83_4555
          Sending 'mux_ctl_0x_5250' to server 'localhost_1_0'...
            Sent 'mux_ctl_0x_5250' to server 'localhost_1_0'.
          Sending 'add_unsigned_83_4560' to server 'localhost_1_13'...
            Sent 'add_unsigned_83_4560' to server 'localhost_1_13'.
          Sending 'add_unsigned_83_4558' to server 'localhost_1_12'...
            Sent 'add_unsigned_83_4558' to server 'localhost_1_12'.
          Sending 'add_unsigned_83_4559' to server 'localhost_1_9'...
            Sent 'add_unsigned_83_4559' to server 'localhost_1_9'.
          Sending 'add_unsigned_83_4555' to server 'localhost_1_8'...
            Sent 'add_unsigned_83_4555' to server 'localhost_1_8'.
          Received 'add_unsigned_83_4560' from server 'localhost_1_13'. (106 ms elapsed)
          Received 'mux_ctl_0x_5250' from server 'localhost_1_0'. (163 ms elapsed)
          Received 'add_unsigned_83_4558' from server 'localhost_1_12'. (161 ms elapsed)
          Received 'add_unsigned_83_4559' from server 'localhost_1_9'. (504 ms elapsed)
          Received 'add_unsigned_83_4555' from server 'localhost_1_8'. (502 ms elapsed)
        Distributing super-thread jobs: cb_seq_5254 cb_seq
          Sending 'cb_seq_5254' to server 'localhost_1_0'...
            Sent 'cb_seq_5254' to server 'localhost_1_0'.
          Sending 'cb_seq' to server 'localhost_1_13'...
            Sent 'cb_seq' to server 'localhost_1_13'.
          Received 'cb_seq' from server 'localhost_1_13'. (564 ms elapsed)
          Received 'cb_seq_5254' from server 'localhost_1_0'. (2143 ms elapsed)
 
Global mapping target info
==========================
Cost Group 'clk' target slack:    60 ps
Target path end-point (Pin: r_input_weight_reg[1][19]/d)

Cost Group 'cg_enable_group_clk' target slack:    29 ps
Target path end-point (Pin: RC_CG_HIER_INST28/RC_CGIC_INST/E (CKLNQD1BWP30P140/E))

Multi-threaded Technology Mapping (8 threads per ST process, 8 of 28 CPUs usable)
        Distributing super-thread jobs: cb_seq_5254 cb_seq
          Sending 'cb_seq_5254' to server 'localhost_1_0'...
            Sent 'cb_seq_5254' to server 'localhost_1_0'.
          Sending 'cb_seq' to server 'localhost_1_13'...
            Sent 'cb_seq' to server 'localhost_1_13'.
          Received 'cb_seq' from server 'localhost_1_13'. (2048 ms elapsed)
          Received 'cb_seq_5254' from server 'localhost_1_0'. (11665 ms elapsed)
        Distributing super-thread jobs: mux_ctl_0x_5250 add_unsigned_83_4558 add_unsigned_83_4560 add_unsigned_83_4559 add_unsigned_83_4555
          Sending 'mux_ctl_0x_5250' to server 'localhost_1_0'...
            Sent 'mux_ctl_0x_5250' to server 'localhost_1_0'.
          Sending 'add_unsigned_83_4558' to server 'localhost_1_13'...
            Sent 'add_unsigned_83_4558' to server 'localhost_1_13'.
          Sending 'add_unsigned_83_4560' to server 'localhost_1_12'...
            Sent 'add_unsigned_83_4560' to server 'localhost_1_12'.
          Sending 'add_unsigned_83_4559' to server 'localhost_1_9'...
            Sent 'add_unsigned_83_4559' to server 'localhost_1_9'.
          Sending 'add_unsigned_83_4555' to server 'localhost_1_8'...
            Sent 'add_unsigned_83_4555' to server 'localhost_1_8'.
          Received 'add_unsigned_83_4558' from server 'localhost_1_13'. (645 ms elapsed)
          Received 'mux_ctl_0x_5250' from server 'localhost_1_0'. (741 ms elapsed)
          Received 'add_unsigned_83_4559' from server 'localhost_1_9'. (812 ms elapsed)
          Received 'add_unsigned_83_4555' from server 'localhost_1_8'. (1130 ms elapsed)
          Received 'add_unsigned_83_4560' from server 'localhost_1_12'. (1199 ms elapsed)
        Distributing super-thread jobs: csa_tree_fac5_group_7701 cb_part_5264 mux_ctl_0x_5251 mux_ctl_0x_5248 mux_ctl_0x_5249 mux_ctl_0x add_signed_carry_3422
          Sending 'csa_tree_fac5_group_7701' to server 'localhost_1_0'...
            Sent 'csa_tree_fac5_group_7701' to server 'localhost_1_0'.
          Sending 'cb_part_5264' to server 'localhost_1_13'...
            Sent 'cb_part_5264' to server 'localhost_1_13'.
          Sending 'mux_ctl_0x_5251' to server 'localhost_1_12'...
            Sent 'mux_ctl_0x_5251' to server 'localhost_1_12'.
          Sending 'mux_ctl_0x_5248' to server 'localhost_1_9'...
            Sent 'mux_ctl_0x_5248' to server 'localhost_1_9'.
          Sending 'mux_ctl_0x_5249' to server 'localhost_1_8'...
            Sent 'mux_ctl_0x_5249' to server 'localhost_1_8'.
          Sending 'mux_ctl_0x' to server 'localhost_1_14'...
            Sent 'mux_ctl_0x' to server 'localhost_1_14'.
          Sending 'add_signed_carry_3422' to server 'localhost_1_11'...
            Sent 'add_signed_carry_3422' to server 'localhost_1_11'.
          Received 'cb_part_5264' from server 'localhost_1_13'. (771 ms elapsed)
          Received 'mux_ctl_0x_5251' from server 'localhost_1_12'. (783 ms elapsed)
          Received 'mux_ctl_0x_5249' from server 'localhost_1_8'. (1598 ms elapsed)
          Received 'mux_ctl_0x_5248' from server 'localhost_1_9'. (1637 ms elapsed)
          Received 'add_signed_carry_3422' from server 'localhost_1_11'. (1597 ms elapsed)
          Received 'mux_ctl_0x' from server 'localhost_1_14'. (2453 ms elapsed)
          Received 'csa_tree_fac5_group_7701' from server 'localhost_1_0'. (6208 ms elapsed)
        Distributing super-thread jobs: csa_tree_fac245_group_30460 csa_tree_fac242_group_30458 csa_tree_fac243_group_30456 csa_tree_fac3_group_5922 csa_tree_fac4_group_5921 csa_tree_fac196_group_17851 csa_tree_fac197_group_17853 csa_tree_sub_1058_53_group_96847 csa_tree_sub_1082_55_group_92781 csa_tree_SUB_TC_OP_7_group_58439_8_5245 csa_tree_SUB_TC_OP_17_group_58446_8_5243 csa_tree_SUB_TC_OP_7_group_58439_7 csa_tree_SUB_TC_OP_4_group_58444_8_5247 csa_tree_SUB_TC_OP_7_group_58439_8_5244 csa_tree_SUB_TC_OP_17_group_58446_8_5242 csa_tree_SUB_TC_OP_4_group_58444_8_5246 csa_tree_SUB_TC_OP_7_group_58439_8 csa_tree_SUB_TC_OP_17_group_58446_7 csa_tree_SUB_TC_OP_17_group_58446_8 csa_tree_SUB_TC_OP_4_group_58444_7 csa_tree_SUB_TC_OP_4_group_58444_8 csa_tree_SUB_TC_OP_7_group_58439_5 csa_tree_SUB_TC_OP_17_group_58446_5 csa_tree_SUB_TC_OP_4_group_58444_5 csa_tree_SUB_TC_OP_11_group_58441_8 csa_tree_SUB_TC_OP_11_group_58441_8_5240 csa_tree_SUB_TC_OP_11_group_58441_8_5241 csa_tree_SUB_TC_OP_11_group_58441_7 csa_tree_SUB_TC_OP_11_group_58441_5 csa_tree_fac244_group_30454 addsub_unsigned addsub_unsigned_4849 addsub_unsigned_4848 csa_tree_6670 WALLACE_CSA_DUMMY_OP_group_101301 add_unsigned_83 add_unsigned_83_4556 add_unsigned_83_4557 sub_signed_rtlopto_model_197_4877 sub_signed_rtlopto_model_197_4878 sub_signed_rtlopto_model_197_4876 sub_signed_rtlopto_model_197_4874 sub_signed_rtlopto_model_197_4875
          Sending 'csa_tree_fac245_group_30460' to server 'localhost_1_0'...
            Sent 'csa_tree_fac245_group_30460' to server 'localhost_1_0'.
          Sending 'csa_tree_fac242_group_30458' to server 'localhost_1_13'...
            Sent 'csa_tree_fac242_group_30458' to server 'localhost_1_13'.
          Sending 'csa_tree_fac243_group_30456' to server 'localhost_1_12'...
            Sent 'csa_tree_fac243_group_30456' to server 'localhost_1_12'.
          Sending 'csa_tree_fac3_group_5922' to server 'localhost_1_9'...
            Sent 'csa_tree_fac3_group_5922' to server 'localhost_1_9'.
          Sending 'csa_tree_fac4_group_5921' to server 'localhost_1_8'...
            Sent 'csa_tree_fac4_group_5921' to server 'localhost_1_8'.
          Sending 'csa_tree_fac196_group_17851' to server 'localhost_1_14'...
            Sent 'csa_tree_fac196_group_17851' to server 'localhost_1_14'.
          Sending 'csa_tree_fac197_group_17853' to server 'localhost_1_11'...
            Sent 'csa_tree_fac197_group_17853' to server 'localhost_1_11'.
          Sending 'csa_tree_sub_1058_53_group_96847' to server 'localhost_1_10'...
            Sent 'csa_tree_sub_1058_53_group_96847' to server 'localhost_1_10'.
          Received 'csa_tree_fac196_group_17851' from server 'localhost_1_14'. (5476 ms elapsed)
          Sending 'csa_tree_sub_1082_55_group_92781' to server 'localhost_1_14'...
            Sent 'csa_tree_sub_1082_55_group_92781' to server 'localhost_1_14'.
          Received 'csa_tree_fac197_group_17853' from server 'localhost_1_11'. (5460 ms elapsed)
          Sending 'csa_tree_SUB_TC_OP_7_group_58439_8_5245' to server 'localhost_1_11'...
            Sent 'csa_tree_SUB_TC_OP_7_group_58439_8_5245' to server 'localhost_1_11'.
          Received 'csa_tree_fac245_group_30460' from server 'localhost_1_0'. (7416 ms elapsed)
          Sending 'csa_tree_SUB_TC_OP_17_group_58446_8_5243' to server 'localhost_1_0'...
            Sent 'csa_tree_SUB_TC_OP_17_group_58446_8_5243' to server 'localhost_1_0'.
          Received 'csa_tree_SUB_TC_OP_7_group_58439_8_5245' from server 'localhost_1_11'. (5563 ms elapsed)
          Sending 'csa_tree_SUB_TC_OP_7_group_58439_7' to server 'localhost_1_11'...
            Sent 'csa_tree_SUB_TC_OP_7_group_58439_7' to server 'localhost_1_11'.
          Received 'csa_tree_sub_1082_55_group_92781' from server 'localhost_1_14'. (5618 ms elapsed)
          Sending 'csa_tree_SUB_TC_OP_4_group_58444_8_5247' to server 'localhost_1_14'...
            Sent 'csa_tree_SUB_TC_OP_4_group_58444_8_5247' to server 'localhost_1_14'.
          Received 'csa_tree_fac3_group_5922' from server 'localhost_1_9'. (11215 ms elapsed)
          Sending 'csa_tree_SUB_TC_OP_7_group_58439_8_5244' to server 'localhost_1_9'...
            Sent 'csa_tree_SUB_TC_OP_7_group_58439_8_5244' to server 'localhost_1_9'.
          Received 'csa_tree_fac243_group_30456' from server 'localhost_1_12'. (11329 ms elapsed)
          Sending 'csa_tree_SUB_TC_OP_17_group_58446_8_5242' to server 'localhost_1_12'...
            Sent 'csa_tree_SUB_TC_OP_17_group_58446_8_5242' to server 'localhost_1_12'.
          Received 'csa_tree_sub_1058_53_group_96847' from server 'localhost_1_10'. (11062 ms elapsed)
          Sending 'csa_tree_SUB_TC_OP_4_group_58444_8_5246' to server 'localhost_1_10'...
            Sent 'csa_tree_SUB_TC_OP_4_group_58444_8_5246' to server 'localhost_1_10'.
          Received 'csa_tree_fac242_group_30458' from server 'localhost_1_13'. (11763 ms elapsed)
          Sending 'csa_tree_SUB_TC_OP_7_group_58439_8' to server 'localhost_1_13'...
            Sent 'csa_tree_SUB_TC_OP_7_group_58439_8' to server 'localhost_1_13'.
          Received 'csa_tree_fac4_group_5921' from server 'localhost_1_8'. (11788 ms elapsed)
          Sending 'csa_tree_SUB_TC_OP_17_group_58446_7' to server 'localhost_1_8'...
            Sent 'csa_tree_SUB_TC_OP_17_group_58446_7' to server 'localhost_1_8'.
          Received 'csa_tree_SUB_TC_OP_7_group_58439_7' from server 'localhost_1_11'. (2496 ms elapsed)
          Sending 'csa_tree_SUB_TC_OP_17_group_58446_8' to server 'localhost_1_11'...
            Sent 'csa_tree_SUB_TC_OP_17_group_58446_8' to server 'localhost_1_11'.
          Received 'csa_tree_SUB_TC_OP_17_group_58446_8_5243' from server 'localhost_1_0'. (2540 ms elapsed)
          Sending 'csa_tree_SUB_TC_OP_4_group_58444_7' to server 'localhost_1_0'...
            Sent 'csa_tree_SUB_TC_OP_4_group_58444_7' to server 'localhost_1_0'.
          Received 'csa_tree_SUB_TC_OP_17_group_58446_7' from server 'localhost_1_8'. (2673 ms elapsed)
          Sending 'csa_tree_SUB_TC_OP_4_group_58444_8' to server 'localhost_1_8'...
            Sent 'csa_tree_SUB_TC_OP_4_group_58444_8' to server 'localhost_1_8'.
          Received 'csa_tree_SUB_TC_OP_7_group_58439_8' from server 'localhost_1_13'. (2949 ms elapsed)
          Sending 'csa_tree_SUB_TC_OP_7_group_58439_5' to server 'localhost_1_13'...
            Sent 'csa_tree_SUB_TC_OP_7_group_58439_5' to server 'localhost_1_13'.
          Received 'csa_tree_SUB_TC_OP_4_group_58444_8_5247' from server 'localhost_1_14'. (3361 ms elapsed)
          Sending 'csa_tree_SUB_TC_OP_17_group_58446_5' to server 'localhost_1_14'...
            Sent 'csa_tree_SUB_TC_OP_17_group_58446_5' to server 'localhost_1_14'.
          Received 'csa_tree_SUB_TC_OP_17_group_58446_8_5242' from server 'localhost_1_12'. (3338 ms elapsed)
          Sending 'csa_tree_SUB_TC_OP_4_group_58444_5' to server 'localhost_1_12'...
            Sent 'csa_tree_SUB_TC_OP_4_group_58444_5' to server 'localhost_1_12'.
          Received 'csa_tree_SUB_TC_OP_17_group_58446_8' from server 'localhost_1_11'. (1979 ms elapsed)
          Sending 'csa_tree_SUB_TC_OP_11_group_58441_8' to server 'localhost_1_11'...
            Sent 'csa_tree_SUB_TC_OP_11_group_58441_8' to server 'localhost_1_11'.
          Received 'csa_tree_SUB_TC_OP_7_group_58439_8_5244' from server 'localhost_1_9'. (4831 ms elapsed)
          Sending 'csa_tree_SUB_TC_OP_11_group_58441_8_5240' to server 'localhost_1_9'...
            Sent 'csa_tree_SUB_TC_OP_11_group_58441_8_5240' to server 'localhost_1_9'.
          Received 'csa_tree_SUB_TC_OP_4_group_58444_5' from server 'localhost_1_12'. (2174 ms elapsed)
          Sending 'csa_tree_SUB_TC_OP_11_group_58441_8_5241' to server 'localhost_1_12'...
            Sent 'csa_tree_SUB_TC_OP_11_group_58441_8_5241' to server 'localhost_1_12'.
          Received 'csa_tree_SUB_TC_OP_17_group_58446_5' from server 'localhost_1_14'. (2305 ms elapsed)
          Sending 'csa_tree_SUB_TC_OP_11_group_58441_7' to server 'localhost_1_14'...
            Sent 'csa_tree_SUB_TC_OP_11_group_58441_7' to server 'localhost_1_14'.
          Received 'csa_tree_SUB_TC_OP_4_group_58444_7' from server 'localhost_1_0'. (2703 ms elapsed)
          Sending 'csa_tree_SUB_TC_OP_11_group_58441_5' to server 'localhost_1_0'...
            Sent 'csa_tree_SUB_TC_OP_11_group_58441_5' to server 'localhost_1_0'.
          Received 'csa_tree_SUB_TC_OP_7_group_58439_5' from server 'localhost_1_13'. (2965 ms elapsed)
          Sending 'csa_tree_fac244_group_30454' to server 'localhost_1_13'...
            Sent 'csa_tree_fac244_group_30454' to server 'localhost_1_13'.
          Received 'csa_tree_SUB_TC_OP_4_group_58444_8' from server 'localhost_1_8'. (3412 ms elapsed)
          Sending 'addsub_unsigned' to server 'localhost_1_8'...
            Sent 'addsub_unsigned' to server 'localhost_1_8'.
          Received 'csa_tree_SUB_TC_OP_11_group_58441_8' from server 'localhost_1_11'. (2464 ms elapsed)
          Sending 'addsub_unsigned_4849' to server 'localhost_1_11'...
            Sent 'addsub_unsigned_4849' to server 'localhost_1_11'.
          Received 'csa_tree_SUB_TC_OP_4_group_58444_8_5246' from server 'localhost_1_10'. (7084 ms elapsed)
          Sending 'addsub_unsigned_4848' to server 'localhost_1_10'...
            Sent 'addsub_unsigned_4848' to server 'localhost_1_10'.
          Received 'csa_tree_SUB_TC_OP_11_group_58441_8_5240' from server 'localhost_1_9'. (2554 ms elapsed)
          Sending 'csa_tree_6670' to server 'localhost_1_9'...
            Sent 'csa_tree_6670' to server 'localhost_1_9'.
          Received 'csa_tree_SUB_TC_OP_11_group_58441_7' from server 'localhost_1_14'. (1887 ms elapsed)
          Sending 'WALLACE_CSA_DUMMY_OP_group_101301' to server 'localhost_1_14'...
            Sent 'WALLACE_CSA_DUMMY_OP_group_101301' to server 'localhost_1_14'.
          Received 'csa_tree_SUB_TC_OP_11_group_58441_5' from server 'localhost_1_0'. (1733 ms elapsed)
          Sending 'add_unsigned_83' to server 'localhost_1_0'...
            Sent 'add_unsigned_83' to server 'localhost_1_0'.
          Received 'WALLACE_CSA_DUMMY_OP_group_101301' from server 'localhost_1_14'. (990 ms elapsed)
          Sending 'add_unsigned_83_4556' to server 'localhost_1_14'...
            Sent 'add_unsigned_83_4556' to server 'localhost_1_14'.
          Received 'addsub_unsigned_4848' from server 'localhost_1_10'. (1400 ms elapsed)
          Sending 'add_unsigned_83_4557' to server 'localhost_1_10'...
            Sent 'add_unsigned_83_4557' to server 'localhost_1_10'.
          Received 'addsub_unsigned_4849' from server 'localhost_1_11'. (1642 ms elapsed)
          Sending 'sub_signed_rtlopto_model_197_4877' to server 'localhost_1_11'...
            Sent 'sub_signed_rtlopto_model_197_4877' to server 'localhost_1_11'.
          Received 'addsub_unsigned' from server 'localhost_1_8'. (1837 ms elapsed)
          Sending 'sub_signed_rtlopto_model_197_4878' to server 'localhost_1_8'...
            Sent 'sub_signed_rtlopto_model_197_4878' to server 'localhost_1_8'.
          Received 'csa_tree_fac244_group_30454' from server 'localhost_1_13'. (2618 ms elapsed)
          Sending 'sub_signed_rtlopto_model_197_4876' to server 'localhost_1_13'...
            Sent 'sub_signed_rtlopto_model_197_4876' to server 'localhost_1_13'.
          Received 'csa_tree_SUB_TC_OP_11_group_58441_8_5241' from server 'localhost_1_12'. (3417 ms elapsed)
          Sending 'sub_signed_rtlopto_model_197_4874' to server 'localhost_1_12'...
            Sent 'sub_signed_rtlopto_model_197_4874' to server 'localhost_1_12'.
          Received 'add_unsigned_83_4556' from server 'localhost_1_14'. (624 ms elapsed)
          Sending 'sub_signed_rtlopto_model_197_4875' to server 'localhost_1_14'...
            Sent 'sub_signed_rtlopto_model_197_4875' to server 'localhost_1_14'.
          Received 'add_unsigned_83' from server 'localhost_1_0'. (748 ms elapsed)
          Received 'add_unsigned_83_4557' from server 'localhost_1_10'. (1069 ms elapsed)
          Received 'sub_signed_rtlopto_model_197_4876' from server 'localhost_1_13'. (753 ms elapsed)
          Received 'sub_signed_rtlopto_model_197_4877' from server 'localhost_1_11'. (1116 ms elapsed)
          Received 'sub_signed_rtlopto_model_197_4875' from server 'localhost_1_14'. (706 ms elapsed)
          Received 'sub_signed_rtlopto_model_197_4878' from server 'localhost_1_8'. (1430 ms elapsed)
          Received 'csa_tree_6670' from server 'localhost_1_9'. (3012 ms elapsed)
          Received 'sub_signed_rtlopto_model_197_4874' from server 'localhost_1_12'. (1455 ms elapsed)
        Distributing super-thread jobs: csa_tree_ADD_TC_OP_46_group_8 cb_oseq_5255 mult_signed_4797 csa_tree_SUB_TC_OP_10_group_6 csa_tree_sub0022409_group_4 csa_tree_SUB_TC_OP_group_6 csa_tree_SUB_TC_OP_7_group_4 csa_tree_sub0057054_group_4 csa_tree_add_1079_53_group_6 csa_tree_add_1084_53_group_6 csa_tree_add_1060_52_group_6 csa_tree_28861 csa_tree_28783 WALLACE_CSA_DUMMY_OP_group_57015 csa_tree_SUB_TC_OP_7_group_58439_3 csa_tree_SUB_TC_OP_7_group_58439_2 csa_tree_SUB_TC_OP_7_group_58439_1 csa_tree_SUB_TC_OP_4_group_58444_3 csa_tree_SUB_TC_OP_17_group_58446_3 csa_tree_SUB_TC_OP_17_group_58446_1 csa_tree_SUB_TC_OP_7_group_58439 csa_tree_SUB_TC_OP_17_group_58446 csa_tree_SUB_TC_OP_4_group_58444_1 csa_tree_SUB_TC_OP_17_group_58446_2 csa_tree_SUB_TC_OP_4_group_58444 csa_tree_SUB_TC_OP_4_group_58444_2 WALLACE_CSA_DUMMY_OP1_group_57018 csa_tree_SUB_TC_OP_4_group_74417 csa_tree_SUB_TC_OP_17_group_74420 csa_tree_SUB_TC_OP_7_group_74411 csa_tree_SUB_TC_OP_11_group_58441 csa_tree_add_1123_75_group_57017 csa_tree_SUB_TC_OP_11_group_58441_3 csa_tree_SUB_TC_OP_11_group_58441_1 csa_tree_SUB_TC_OP_11_group_58441_2 csa_tree_SUB_TC_OP_11_group_74414 csa_tree_17364 csa_tree_2875 mult_const_trivial_91052_91054_4847 mult_const_trivial_36050_36052 mult_const_trivial_5968 mult_const_trivial_5972_5974 mult_const_trivial_91052_91054 mult_const_trivial_91055_91057 mult_const_trivial_5969_5971 sub_signed_rtlopto_model_197 sub_signed_rtlopto_model_197_4879 sub_signed_rtlopto_model_197_4881 sub_signed_rtlopto_model_197_4880 sub_signed_rtlopto_model_74202
          Sending 'csa_tree_ADD_TC_OP_46_group_8' to server 'localhost_1_0'...
            Sent 'csa_tree_ADD_TC_OP_46_group_8' to server 'localhost_1_0'.
          Sending 'cb_oseq_5255' to server 'localhost_1_13'...
            Sent 'cb_oseq_5255' to server 'localhost_1_13'.
          Sending 'mult_signed_4797' to server 'localhost_1_12'...
            Sent 'mult_signed_4797' to server 'localhost_1_12'.
          Sending 'csa_tree_SUB_TC_OP_10_group_6' to server 'localhost_1_9'...
            Sent 'csa_tree_SUB_TC_OP_10_group_6' to server 'localhost_1_9'.
          Sending 'csa_tree_sub0022409_group_4' to server 'localhost_1_8'...
            Sent 'csa_tree_sub0022409_group_4' to server 'localhost_1_8'.
          Sending 'csa_tree_SUB_TC_OP_group_6' to server 'localhost_1_14'...
            Sent 'csa_tree_SUB_TC_OP_group_6' to server 'localhost_1_14'.
          Sending 'csa_tree_SUB_TC_OP_7_group_4' to server 'localhost_1_11'...
            Sent 'csa_tree_SUB_TC_OP_7_group_4' to server 'localhost_1_11'.
          Sending 'csa_tree_sub0057054_group_4' to server 'localhost_1_10'...
            Sent 'csa_tree_sub0057054_group_4' to server 'localhost_1_10'.
          Received 'csa_tree_sub0057054_group_4' from server 'localhost_1_10'. (3963 ms elapsed)
          Sending 'csa_tree_add_1079_53_group_6' to server 'localhost_1_10'...
            Sent 'csa_tree_add_1079_53_group_6' to server 'localhost_1_10'.
          Received 'csa_tree_SUB_TC_OP_group_6' from server 'localhost_1_14'. (4510 ms elapsed)
          Sending 'csa_tree_add_1084_53_group_6' to server 'localhost_1_14'...
            Sent 'csa_tree_add_1084_53_group_6' to server 'localhost_1_14'.
          Received 'csa_tree_sub0022409_group_4' from server 'localhost_1_8'. (6096 ms elapsed)
          Sending 'csa_tree_add_1060_52_group_6' to server 'localhost_1_8'...
            Sent 'csa_tree_add_1060_52_group_6' to server 'localhost_1_8'.
          Received 'cb_oseq_5255' from server 'localhost_1_13'. (6674 ms elapsed)
          Sending 'csa_tree_28861' to server 'localhost_1_13'...
            Sent 'csa_tree_28861' to server 'localhost_1_13'.
          Received 'csa_tree_SUB_TC_OP_7_group_4' from server 'localhost_1_11'. (6845 ms elapsed)
          Sending 'csa_tree_28783' to server 'localhost_1_11'...
            Sent 'csa_tree_28783' to server 'localhost_1_11'.
          Received 'csa_tree_SUB_TC_OP_10_group_6' from server 'localhost_1_9'. (7179 ms elapsed)
          Sending 'WALLACE_CSA_DUMMY_OP_group_57015' to server 'localhost_1_9'...
            Sent 'WALLACE_CSA_DUMMY_OP_group_57015' to server 'localhost_1_9'.
          Received 'csa_tree_ADD_TC_OP_46_group_8' from server 'localhost_1_0'. (8629 ms elapsed)
          Sending 'csa_tree_SUB_TC_OP_7_group_58439_3' to server 'localhost_1_0'...
            Sent 'csa_tree_SUB_TC_OP_7_group_58439_3' to server 'localhost_1_0'.
          Received 'csa_tree_28861' from server 'localhost_1_13'. (2859 ms elapsed)
          Sending 'csa_tree_SUB_TC_OP_7_group_58439_2' to server 'localhost_1_13'...
            Sent 'csa_tree_SUB_TC_OP_7_group_58439_2' to server 'localhost_1_13'.
          Received 'csa_tree_28783' from server 'localhost_1_11'. (2662 ms elapsed)
          Sending 'csa_tree_SUB_TC_OP_7_group_58439_1' to server 'localhost_1_11'...
            Sent 'csa_tree_SUB_TC_OP_7_group_58439_1' to server 'localhost_1_11'.
          Received 'WALLACE_CSA_DUMMY_OP_group_57015' from server 'localhost_1_9'. (2585 ms elapsed)
          Sending 'csa_tree_SUB_TC_OP_4_group_58444_3' to server 'localhost_1_9'...
            Sent 'csa_tree_SUB_TC_OP_4_group_58444_3' to server 'localhost_1_9'.
          Received 'csa_tree_add_1060_52_group_6' from server 'localhost_1_8'. (3747 ms elapsed)
          Sending 'csa_tree_SUB_TC_OP_17_group_58446_3' to server 'localhost_1_8'...
            Sent 'csa_tree_SUB_TC_OP_17_group_58446_3' to server 'localhost_1_8'.
          Received 'csa_tree_add_1079_53_group_6' from server 'localhost_1_10'. (6365 ms elapsed)
          Sending 'csa_tree_SUB_TC_OP_17_group_58446_1' to server 'localhost_1_10'...
            Sent 'csa_tree_SUB_TC_OP_17_group_58446_1' to server 'localhost_1_10'.
          Received 'csa_tree_SUB_TC_OP_17_group_58446_3' from server 'localhost_1_8'. (2134 ms elapsed)
          Sending 'csa_tree_SUB_TC_OP_7_group_58439' to server 'localhost_1_8'...
            Sent 'csa_tree_SUB_TC_OP_7_group_58439' to server 'localhost_1_8'.
          Received 'csa_tree_SUB_TC_OP_7_group_58439_3' from server 'localhost_1_0'. (3411 ms elapsed)
          Sending 'csa_tree_SUB_TC_OP_17_group_58446' to server 'localhost_1_0'...
            Sent 'csa_tree_SUB_TC_OP_17_group_58446' to server 'localhost_1_0'.
          Received 'csa_tree_SUB_TC_OP_17_group_58446_1' from server 'localhost_1_10'. (2352 ms elapsed)
          Sending 'csa_tree_SUB_TC_OP_4_group_58444_1' to server 'localhost_1_10'...
            Sent 'csa_tree_SUB_TC_OP_4_group_58444_1' to server 'localhost_1_10'.
          Received 'csa_tree_SUB_TC_OP_7_group_58439_1' from server 'localhost_1_11'. (3228 ms elapsed)
          Sending 'csa_tree_SUB_TC_OP_17_group_58446_2' to server 'localhost_1_11'...
            Sent 'csa_tree_SUB_TC_OP_17_group_58446_2' to server 'localhost_1_11'.
          Received 'csa_tree_SUB_TC_OP_17_group_58446' from server 'localhost_1_0'. (2300 ms elapsed)
          Sending 'csa_tree_SUB_TC_OP_4_group_58444' to server 'localhost_1_0'...
            Sent 'csa_tree_SUB_TC_OP_4_group_58444' to server 'localhost_1_0'.
          Received 'csa_tree_SUB_TC_OP_17_group_58446_2' from server 'localhost_1_11'. (3018 ms elapsed)
          Sending 'csa_tree_SUB_TC_OP_4_group_58444_2' to server 'localhost_1_11'...
            Sent 'csa_tree_SUB_TC_OP_4_group_58444_2' to server 'localhost_1_11'.
          Received 'csa_tree_SUB_TC_OP_4_group_58444_1' from server 'localhost_1_10'. (3061 ms elapsed)
          Sending 'WALLACE_CSA_DUMMY_OP1_group_57018' to server 'localhost_1_10'...
            Sent 'WALLACE_CSA_DUMMY_OP1_group_57018' to server 'localhost_1_10'.
          Received 'csa_tree_SUB_TC_OP_4_group_58444_3' from server 'localhost_1_9'. (6135 ms elapsed)
          Sending 'csa_tree_SUB_TC_OP_4_group_74417' to server 'localhost_1_9'...
            Sent 'csa_tree_SUB_TC_OP_4_group_74417' to server 'localhost_1_9'.
          Received 'csa_tree_SUB_TC_OP_7_group_58439_2' from server 'localhost_1_13'. (6573 ms elapsed)
          Sending 'csa_tree_SUB_TC_OP_17_group_74420' to server 'localhost_1_13'...
            Sent 'csa_tree_SUB_TC_OP_17_group_74420' to server 'localhost_1_13'.
          Received 'csa_tree_add_1084_53_group_6' from server 'localhost_1_14'. (11360 ms elapsed)
          Sending 'csa_tree_SUB_TC_OP_7_group_74411' to server 'localhost_1_14'...
            Sent 'csa_tree_SUB_TC_OP_7_group_74411' to server 'localhost_1_14'.
          Received 'mult_signed_4797' from server 'localhost_1_12'. (16928 ms elapsed)
          Sending 'csa_tree_SUB_TC_OP_11_group_58441' to server 'localhost_1_12'...
            Sent 'csa_tree_SUB_TC_OP_11_group_58441' to server 'localhost_1_12'.
          Received 'csa_tree_SUB_TC_OP_7_group_58439' from server 'localhost_1_8'. (5333 ms elapsed)
          Sending 'csa_tree_add_1123_75_group_57017' to server 'localhost_1_8'...
            Sent 'csa_tree_add_1123_75_group_57017' to server 'localhost_1_8'.
          Received 'csa_tree_SUB_TC_OP_4_group_58444' from server 'localhost_1_0'. (2148 ms elapsed)
          Sending 'csa_tree_SUB_TC_OP_11_group_58441_3' to server 'localhost_1_0'...
            Sent 'csa_tree_SUB_TC_OP_11_group_58441_3' to server 'localhost_1_0'.
          Received 'csa_tree_SUB_TC_OP_4_group_74417' from server 'localhost_1_9'. (2115 ms elapsed)
          Sending 'csa_tree_SUB_TC_OP_11_group_58441_1' to server 'localhost_1_9'...
            Sent 'csa_tree_SUB_TC_OP_11_group_58441_1' to server 'localhost_1_9'.
          Received 'csa_tree_SUB_TC_OP_4_group_58444_2' from server 'localhost_1_11'. (2298 ms elapsed)
          Sending 'csa_tree_SUB_TC_OP_11_group_58441_2' to server 'localhost_1_11'...
            Sent 'csa_tree_SUB_TC_OP_11_group_58441_2' to server 'localhost_1_11'.
          Received 'csa_tree_SUB_TC_OP_17_group_74420' from server 'localhost_1_13'. (2291 ms elapsed)
          Sending 'csa_tree_SUB_TC_OP_11_group_74414' to server 'localhost_1_13'...
            Sent 'csa_tree_SUB_TC_OP_11_group_74414' to server 'localhost_1_13'.
          Received 'WALLACE_CSA_DUMMY_OP1_group_57018' from server 'localhost_1_10'. (2559 ms elapsed)
          Sending 'csa_tree_17364' to server 'localhost_1_10'...
            Sent 'csa_tree_17364' to server 'localhost_1_10'.
          Received 'csa_tree_17364' from server 'localhost_1_10'. (386 ms elapsed)
          Sending 'csa_tree_2875' to server 'localhost_1_10'...
            Sent 'csa_tree_2875' to server 'localhost_1_10'.
          Received 'csa_tree_SUB_TC_OP_11_group_58441' from server 'localhost_1_12'. (1841 ms elapsed)
          Sending 'mult_const_trivial_91052_91054_4847' to server 'localhost_1_12'...
            Sent 'mult_const_trivial_91052_91054_4847' to server 'localhost_1_12'.
          Received 'csa_tree_SUB_TC_OP_11_group_58441_3' from server 'localhost_1_0'. (1424 ms elapsed)
          Sending 'mult_const_trivial_36050_36052' to server 'localhost_1_0'...
            Sent 'mult_const_trivial_36050_36052' to server 'localhost_1_0'.
          Received 'csa_tree_SUB_TC_OP_7_group_74411' from server 'localhost_1_14'. (4004 ms elapsed)
          Sending 'mult_const_trivial_5968' to server 'localhost_1_14'...
            Sent 'mult_const_trivial_5968' to server 'localhost_1_14'.
          Received 'csa_tree_SUB_TC_OP_11_group_74414' from server 'localhost_1_13'. (1784 ms elapsed)
          Sending 'mult_const_trivial_5972_5974' to server 'localhost_1_13'...
            Sent 'mult_const_trivial_5972_5974' to server 'localhost_1_13'.
          Received 'csa_tree_SUB_TC_OP_11_group_58441_1' from server 'localhost_1_9'. (1988 ms elapsed)
          Sending 'mult_const_trivial_91052_91054' to server 'localhost_1_9'...
            Sent 'mult_const_trivial_91052_91054' to server 'localhost_1_9'.
          Received 'csa_tree_add_1123_75_group_57017' from server 'localhost_1_8'. (2609 ms elapsed)
          Sending 'mult_const_trivial_91055_91057' to server 'localhost_1_8'...
            Sent 'mult_const_trivial_91055_91057' to server 'localhost_1_8'.
          Received 'mult_const_trivial_91052_91054_4847' from server 'localhost_1_12'. (918 ms elapsed)
          Sending 'mult_const_trivial_5969_5971' to server 'localhost_1_12'...
            Sent 'mult_const_trivial_5969_5971' to server 'localhost_1_12'.
          Received 'csa_tree_SUB_TC_OP_11_group_58441_2' from server 'localhost_1_11'. (2216 ms elapsed)
          Sending 'sub_signed_rtlopto_model_197' to server 'localhost_1_11'...
            Sent 'sub_signed_rtlopto_model_197' to server 'localhost_1_11'.
          Received 'csa_tree_2875' from server 'localhost_1_10'. (1560 ms elapsed)
          Sending 'sub_signed_rtlopto_model_197_4879' to server 'localhost_1_10'...
            Sent 'sub_signed_rtlopto_model_197_4879' to server 'localhost_1_10'.
          Received 'mult_const_trivial_36050_36052' from server 'localhost_1_0'. (769 ms elapsed)
          Sending 'sub_signed_rtlopto_model_197_4881' to server 'localhost_1_0'...
            Sent 'sub_signed_rtlopto_model_197_4881' to server 'localhost_1_0'.
          Received 'mult_const_trivial_5968' from server 'localhost_1_14'. (771 ms elapsed)
          Sending 'sub_signed_rtlopto_model_197_4880' to server 'localhost_1_14'...
            Sent 'sub_signed_rtlopto_model_197_4880' to server 'localhost_1_14'.
          Received 'mult_const_trivial_91055_91057' from server 'localhost_1_8'. (891 ms elapsed)
          Sending 'sub_signed_rtlopto_model_74202' to server 'localhost_1_8'...
            Sent 'sub_signed_rtlopto_model_74202' to server 'localhost_1_8'.
          Received 'sub_signed_rtlopto_model_197' from server 'localhost_1_11'. (688 ms elapsed)
          Received 'mult_const_trivial_5972_5974' from server 'localhost_1_13'. (1205 ms elapsed)
          Received 'sub_signed_rtlopto_model_197_4881' from server 'localhost_1_0'. (757 ms elapsed)
          Received 'sub_signed_rtlopto_model_74202' from server 'localhost_1_8'. (825 ms elapsed)
          Received 'sub_signed_rtlopto_model_197_4880' from server 'localhost_1_14'. (1010 ms elapsed)
          Received 'mult_const_trivial_91052_91054' from server 'localhost_1_9'. (1955 ms elapsed)
          Received 'mult_const_trivial_5969_5971' from server 'localhost_1_12'. (1948 ms elapsed)
          Received 'sub_signed_rtlopto_model_197_4879' from server 'localhost_1_10'. (1611 ms elapsed)
 
Global mapping status
=====================
                                   Group   
                                  Tot Wrst 
                           Total  Weighted 
Operation                   Area   Slacks  
 global_map                56712        0 

             Cost Group            Target    Slack    Diff.  Constr.
--------------------------------------------------------------------
    cg_enable_group_clk                29      738              2000 
                    clk                60      147              2000 

 
Global incremental target info
==============================
Cost Group 'clk' target slack:    40 ps
Target path end-point (Pin: r_input_weight_reg[1][19]/D (DFCNQD2BWP30P140/D))

Cost Group 'cg_enable_group_clk' target slack:    19 ps
Target path end-point (Pin: RC_CG_HIER_INST28/RC_CGIC_INST/E (CKLNQD1BWP30P140/E))

              Distributing super-thread jobs: cb_seq_5254
                Sending 'cb_seq_5254' to server 'localhost_1_0'...
                  Sent 'cb_seq_5254' to server 'localhost_1_0'.
                Received 'cb_seq_5254' from server 'localhost_1_0'. (3257 ms elapsed)
              Distributing super-thread jobs: mux_ctl_0x_5248
                Sending 'mux_ctl_0x_5248' to server 'localhost_1_0'...
                  Sent 'mux_ctl_0x_5248' to server 'localhost_1_0'.
                Received 'mux_ctl_0x_5248' from server 'localhost_1_0'. (339 ms elapsed)
              Distributing super-thread jobs: cb_seq
                Sending 'cb_seq' to server 'localhost_1_0'...
                  Sent 'cb_seq' to server 'localhost_1_0'.
                Received 'cb_seq' from server 'localhost_1_0'. (727 ms elapsed)
              Distributing super-thread jobs: csa_tree_fac242_group_30458 csa_tree_fac245_group_30460 csa_tree_fac243_group_30456 mux_ctl_0x_5250 mux_ctl_0x_5249 mux_ctl_0x mux_ctl_0x_5251
                Sending 'csa_tree_fac242_group_30458' to server 'localhost_1_0'...
                  Sent 'csa_tree_fac242_group_30458' to server 'localhost_1_0'.
                Sending 'csa_tree_fac245_group_30460' to server 'localhost_1_13'...
                  Sent 'csa_tree_fac245_group_30460' to server 'localhost_1_13'.
                Sending 'csa_tree_fac243_group_30456' to server 'localhost_1_12'...
                  Sent 'csa_tree_fac243_group_30456' to server 'localhost_1_12'.
                Sending 'mux_ctl_0x_5250' to server 'localhost_1_9'...
                  Sent 'mux_ctl_0x_5250' to server 'localhost_1_9'.
                Sending 'mux_ctl_0x_5249' to server 'localhost_1_8'...
                  Sent 'mux_ctl_0x_5249' to server 'localhost_1_8'.
                Sending 'mux_ctl_0x' to server 'localhost_1_14'...
                  Sent 'mux_ctl_0x' to server 'localhost_1_14'.
                Sending 'mux_ctl_0x_5251' to server 'localhost_1_11'...
                  Sent 'mux_ctl_0x_5251' to server 'localhost_1_11'.
                Received 'mux_ctl_0x_5251' from server 'localhost_1_11'. (322 ms elapsed)
                Received 'mux_ctl_0x' from server 'localhost_1_14'. (399 ms elapsed)
                Received 'mux_ctl_0x_5250' from server 'localhost_1_9'. (442 ms elapsed)
                Received 'mux_ctl_0x_5249' from server 'localhost_1_8'. (441 ms elapsed)
                Received 'csa_tree_fac245_group_30460' from server 'localhost_1_13'. (520 ms elapsed)
                Received 'csa_tree_fac242_group_30458' from server 'localhost_1_0'. (646 ms elapsed)
                Received 'csa_tree_fac243_group_30456' from server 'localhost_1_12'. (650 ms elapsed)
              Distributing super-thread jobs: cb_oseq_5255 mult_signed_4797 csa_tree_ADD_TC_OP_46_group_8 csa_tree_fac5_group_7701 csa_tree_fac197_group_17853 csa_tree_SUB_TC_OP_10_group_6 csa_tree_fac4_group_5921 csa_tree_fac3_group_5922 csa_tree_fac196_group_17851 csa_tree_add_1079_53_group_6 csa_tree_add_1084_53_group_6 csa_tree_28861 csa_tree_sub_1082_55_group_92781 csa_tree_28783 csa_tree_sub0057054_group_4 csa_tree_sub_1058_53_group_96847 csa_tree_SUB_TC_OP_7_group_4 csa_tree_sub0022409_group_4 csa_tree_SUB_TC_OP_group_6
                Sending 'cb_oseq_5255' to server 'localhost_1_0'...
                  Sent 'cb_oseq_5255' to server 'localhost_1_0'.
                Sending 'mult_signed_4797' to server 'localhost_1_13'...
                  Sent 'mult_signed_4797' to server 'localhost_1_13'.
                Sending 'csa_tree_ADD_TC_OP_46_group_8' to server 'localhost_1_12'...
                  Sent 'csa_tree_ADD_TC_OP_46_group_8' to server 'localhost_1_12'.
                Sending 'csa_tree_fac5_group_7701' to server 'localhost_1_9'...
                  Sent 'csa_tree_fac5_group_7701' to server 'localhost_1_9'.
                Sending 'csa_tree_fac197_group_17853' to server 'localhost_1_8'...
                  Sent 'csa_tree_fac197_group_17853' to server 'localhost_1_8'.
                Sending 'csa_tree_SUB_TC_OP_10_group_6' to server 'localhost_1_14'...
                  Sent 'csa_tree_SUB_TC_OP_10_group_6' to server 'localhost_1_14'.
                Sending 'csa_tree_fac4_group_5921' to server 'localhost_1_11'...
                  Sent 'csa_tree_fac4_group_5921' to server 'localhost_1_11'.
                Sending 'csa_tree_fac3_group_5922' to server 'localhost_1_10'...
                  Sent 'csa_tree_fac3_group_5922' to server 'localhost_1_10'.
                Received 'mult_signed_4797' from server 'localhost_1_13'. (262 ms elapsed)
                Sending 'csa_tree_fac196_group_17851' to server 'localhost_1_13'...
                  Sent 'csa_tree_fac196_group_17851' to server 'localhost_1_13'.
                Received 'csa_tree_fac4_group_5921' from server 'localhost_1_11'. (271 ms elapsed)
                Sending 'csa_tree_add_1079_53_group_6' to server 'localhost_1_11'...
                  Sent 'csa_tree_add_1079_53_group_6' to server 'localhost_1_11'.
                Received 'csa_tree_fac197_group_17853' from server 'localhost_1_8'. (330 ms elapsed)
                Sending 'csa_tree_add_1084_53_group_6' to server 'localhost_1_8'...
                  Sent 'csa_tree_add_1084_53_group_6' to server 'localhost_1_8'.
                Received 'csa_tree_SUB_TC_OP_10_group_6' from server 'localhost_1_14'. (332 ms elapsed)
                Sending 'csa_tree_28861' to server 'localhost_1_14'...
                  Sent 'csa_tree_28861' to server 'localhost_1_14'.
                Received 'csa_tree_fac5_group_7701' from server 'localhost_1_9'. (404 ms elapsed)
                Sending 'csa_tree_sub_1082_55_group_92781' to server 'localhost_1_9'...
                  Sent 'csa_tree_sub_1082_55_group_92781' to server 'localhost_1_9'.
                Received 'csa_tree_fac196_group_17851' from server 'localhost_1_13'. (277 ms elapsed)
                Sending 'csa_tree_28783' to server 'localhost_1_13'...
                  Sent 'csa_tree_28783' to server 'localhost_1_13'.
                Received 'csa_tree_fac3_group_5922' from server 'localhost_1_10'. (437 ms elapsed)
                Sending 'csa_tree_sub0057054_group_4' to server 'localhost_1_10'...
                  Sent 'csa_tree_sub0057054_group_4' to server 'localhost_1_10'.
                Received 'csa_tree_sub_1082_55_group_92781' from server 'localhost_1_9'. (214 ms elapsed)
                Sending 'csa_tree_sub_1058_53_group_96847' to server 'localhost_1_9'...
                  Sent 'csa_tree_sub_1058_53_group_96847' to server 'localhost_1_9'.
                Received 'csa_tree_add_1084_53_group_6' from server 'localhost_1_8'. (308 ms elapsed)
                Sending 'csa_tree_SUB_TC_OP_7_group_4' to server 'localhost_1_8'...
                  Sent 'csa_tree_SUB_TC_OP_7_group_4' to server 'localhost_1_8'.
                Received 'csa_tree_ADD_TC_OP_46_group_8' from server 'localhost_1_12'. (717 ms elapsed)
                Sending 'csa_tree_sub0022409_group_4' to server 'localhost_1_12'...
                  Sent 'csa_tree_sub0022409_group_4' to server 'localhost_1_12'.
                Received 'csa_tree_add_1079_53_group_6' from server 'localhost_1_11'. (359 ms elapsed)
                Sending 'csa_tree_SUB_TC_OP_group_6' to server 'localhost_1_11'...
                  Sent 'csa_tree_SUB_TC_OP_group_6' to server 'localhost_1_11'.
                Received 'csa_tree_sub0057054_group_4' from server 'localhost_1_10'. (278 ms elapsed)
                Received 'csa_tree_sub_1058_53_group_96847' from server 'localhost_1_9'. (264 ms elapsed)
                Received 'csa_tree_28861' from server 'localhost_1_14'. (524 ms elapsed)
                Received 'csa_tree_SUB_TC_OP_7_group_4' from server 'localhost_1_8'. (260 ms elapsed)
                Received 'csa_tree_28783' from server 'localhost_1_13'. (461 ms elapsed)
                Received 'csa_tree_SUB_TC_OP_group_6' from server 'localhost_1_11'. (258 ms elapsed)
                Received 'csa_tree_sub0022409_group_4' from server 'localhost_1_12'. (292 ms elapsed)
                Received 'cb_oseq_5255' from server 'localhost_1_0'. (1469 ms elapsed)
==================================
Stage : global_incr_map 
==================================
  =================
   Message Summary
  =================
--------------------------------------------------------------------------------
|    Id    |Sev  |Count |                    Message Text                      |
--------------------------------------------------------------------------------
| LBR-155  |Info |   54 |Mismatch in unateness between 'timing_sense'          |
|          |     |      | attribute and the function.                          |
|          |     |      |The 'timing_sense' attribute will be respected.       |
| PA-7     |Info |  268 |Resetting power analysis results.                     |
|          |     |      |All computed switching activities are removed.        |
| PHYS-752 |Info |    1 |Partition Based Synthesis execution skipped.          |
| ST-110   |Info |    7 |Connection established with super-threading server.   |
|          |     |      |The tool is entering super-threading mode and has     |
|          |     |      | established a connection with a CPU server process.  |
|          |     |      | This is enabled by the root attributes               |
|          |     |      | 'super_thread_servers' or 'auto_super_thread'.       |
| ST-112   |Info |    7 |A super-threading server has been shut down normally. |
|          |     |      |A super-threaded optimization is complete and a CPU   |
|          |     |      | server was successfully shut down.                   |
| ST-128   |Info |    1 |Super thread servers are launched successfully.       |
| SYNTH-2  |Info |    1 |Done synthesizing.                                    |
| SYNTH-4  |Info |    1 |Mapping.                                              |
--------------------------------------------------------------------------------
 
Global incremental optimization status
======================================
                                   Group   
                                  Tot Wrst 
                           Total  Weighted 
Operation                   Area   Slacks  
 global_incr               52228        0 

             Cost Group            Target    Slack    Diff.  Constr.
--------------------------------------------------------------------
    cg_enable_group_clk                19      738              2000 
                    clk                40       44              2000 


+-----------+--------------------+-----+----------------------+---------------------------+
|   Host    |      Machine       | CPU | Physical Memory (MB) | Peak Physical Memory (MB) |
+-----------+--------------------+-----+----------------------+---------------------------+
| localhost | paxos.inf.pucrs.br |  8  |        2522.3        |          3867.6           |
+-----------+--------------------+-----+----------------------+---------------------------+

+----------------+----------------------+---------------------------+
|     Server     | Physical Memory (MB) | Peak Physical Memory (MB) |
+----------------+----------------------+---------------------------+
| localhost_1_9  |      101.9 [1]       |          [1] [2]          |
| localhost_1_10 |      100.6 [1]       |          [1] [2]          |
| localhost_1_14 |      101.5 [1]       |          [1] [2]          |
| localhost_1_13 |      114.6 [1]       |          [1] [2]          |
| localhost_1_11 |      100.8 [1]       |          [1] [2]          |
| localhost_1_8  |      100.5 [1]       |          [1] [2]          |
| localhost_1_12 |      106.5 [1]       |          [1] [2]          |
| localhost_1_0  |      909.7 [3]       |        2268.6 [3]         |
+----------------+----------------------+---------------------------+
[1] Memory is included in parent localhost_1_0.
[2] Peak physical memory is not available for forked background servers.
[3] Memory of child processes is included.


Test connection status for design: Conv
=======================================
Connected 0 out of 0 clock-gating instances.

State Retention Synthesis Status
================================

Category                        Flops   Percentage
--------------------------------------------------
Total instances                  1822        100.0
Excluded from State Retention    1822        100.0
    - Will not convert           1822        100.0
      - Preserved                   0          0.0
      - Power intent excluded    1822        100.0
    - Could not convert             0          0.0
      - Scan type                   0          0.0
      - No suitable cell            0          0.0
State Retention instances           0          0.0
--------------------------------------------------

INFO: skipping constant propagation
PBS_Techmap-Global Mapping - Elapsed_Time 184, CPU_Time 182.03739999999993
stamp 'PBS_Techmap-Global Mapping' being created for table 'pbs_debug'

  Total Time (Wall) |  Stage Time (Wall)  |   % (Wall)   |    Date - Time     |  Memory   | Stage
--------------------+---------------------+--------------+--------------------+-----------+----------------------
 00:00:38(00:00:34) |  00:00:00(00:00:00) |   0.0(  0.0) |   21:55:47 (Oct04) |  800.5 MB | PBS_Generic-Start
--------------------+---------------------+--------------+--------------------+-----------+----------------------
 00:07:51(00:08:03) |  00:07:13(00:07:29) |  69.5( 70.0) |   22:03:16 (Oct04) |   2.19 GB | PBS_Generic_Opt-Post
--------------------+---------------------+--------------+--------------------+-----------+----------------------
 00:07:53(00:08:05) |  00:00:02(00:00:02) |   0.3(  0.3) |   22:03:18 (Oct04) |   2.18 GB | PBS_Generic-Postgen HBO Optimizations
--------------------+---------------------+--------------+--------------------+-----------+----------------------
 00:07:57(00:08:10) |  00:00:04(00:00:05) |   0.6(  0.8) |   22:03:23 (Oct04) |   2.18 GB | PBS_TechMap-Start
--------------------+---------------------+--------------+--------------------+-----------+----------------------
 00:07:59(00:08:11) |  00:00:02(00:00:01) |   0.3(  0.2) |   22:03:24 (Oct04) |   2.18 GB | PBS_TechMap-Premap HBO Optimizations
--------------------+---------------------+--------------+--------------------+-----------+----------------------
 00:11:01(00:11:15) |  00:03:02(00:03:04) |  29.2( 28.7) |   22:06:28 (Oct04) |   2.32 GB | PBS_Techmap-Global Mapping
--------------------+---------------------+--------------+--------------------+-----------+----------------------
Number of threads: 8 * 1   (id: pbs_debug, time_info v1.57)
Info: (*N*) indicates data that was populated from previously saved time_info database
Info: CPU time includes time of parent + longest thread
Warning : Command 'commit_power_intent' cannot proceed as there is no power intent loaded. [CPI-506]
        : Command 'commit_power_intent' requires a valid power_intent to be loaded.
Warning : The parameter naming style is not LEC-friendly. [CFM-205]
        : Value of the hdl_parameter_naming_style attr is ''
        : To correctly translate the parameter naming style, value of the hdl_parameter_naming_style attr must end with '%d'.  There should not be anything after the '%d' descriptor.  Should there be black boxes in the design, the incorrect translation may induce false negative in LEC comparison.
Info    : Wrote formal verification information. [CFM-5]
        : Wrote 'fv/Conv/fv_map.fv.json' for netlist 'fv/Conv/fv_map.v.gz'.
Info    : Wrote dofile. [CFM-1]
        : Dofile is 'fv/Conv/rtl_to_fv_map.do'.
        : Alias mapping flow is enabled.
PBS_TechMap-Datapath Postmap Operations - Elapsed_Time 6, CPU_Time 5.567821999999978
stamp 'PBS_TechMap-Datapath Postmap Operations' being created for table 'pbs_debug'

  Total Time (Wall) |  Stage Time (Wall)  |   % (Wall)   |    Date - Time     |  Memory   | Stage
--------------------+---------------------+--------------+--------------------+-----------+----------------------
 00:00:38(00:00:34) |  00:00:00(00:00:00) |   0.0(  0.0) |   21:55:47 (Oct04) |  800.5 MB | PBS_Generic-Start
--------------------+---------------------+--------------+--------------------+-----------+----------------------
 00:07:51(00:08:03) |  00:07:13(00:07:29) |  68.9( 69.4) |   22:03:16 (Oct04) |   2.19 GB | PBS_Generic_Opt-Post
--------------------+---------------------+--------------+--------------------+-----------+----------------------
 00:07:53(00:08:05) |  00:00:02(00:00:02) |   0.3(  0.3) |   22:03:18 (Oct04) |   2.18 GB | PBS_Generic-Postgen HBO Optimizations
--------------------+---------------------+--------------+--------------------+-----------+----------------------
 00:07:57(00:08:10) |  00:00:04(00:00:05) |   0.6(  0.8) |   22:03:23 (Oct04) |   2.18 GB | PBS_TechMap-Start
--------------------+---------------------+--------------+--------------------+-----------+----------------------
 00:07:59(00:08:11) |  00:00:02(00:00:01) |   0.3(  0.2) |   22:03:24 (Oct04) |   2.18 GB | PBS_TechMap-Premap HBO Optimizations
--------------------+---------------------+--------------+--------------------+-----------+----------------------
 00:11:01(00:11:15) |  00:03:02(00:03:04) |  28.9( 28.4) |   22:06:28 (Oct04) |   2.32 GB | PBS_Techmap-Global Mapping
--------------------+---------------------+--------------+--------------------+-----------+----------------------
 00:11:07(00:11:21) |  00:00:05(00:00:06) |   0.9(  0.9) |   22:06:34 (Oct04) |   2.21 GB | PBS_TechMap-Datapath Postmap Operations
--------------------+---------------------+--------------+--------------------+-----------+----------------------
Number of threads: 8 * 1   (id: pbs_debug, time_info v1.57)
Info: (*N*) indicates data that was populated from previously saved time_info database
Info: CPU time includes time of parent + longest thread
PBS_TechMap-Postmap HBO Optimizations - Elapsed_Time 0, CPU_Time 1.562008999999989
stamp 'PBS_TechMap-Postmap HBO Optimizations' being created for table 'pbs_debug'

  Total Time (Wall) |  Stage Time (Wall)  |   % (Wall)   |    Date - Time     |  Memory   | Stage
--------------------+---------------------+--------------+--------------------+-----------+----------------------
 00:00:38(00:00:34) |  00:00:00(00:00:00) |   0.0(  0.0) |   21:55:47 (Oct04) |  800.5 MB | PBS_Generic-Start
--------------------+---------------------+--------------+--------------------+-----------+----------------------
 00:07:51(00:08:03) |  00:07:13(00:07:29) |  68.8( 69.4) |   22:03:16 (Oct04) |   2.19 GB | PBS_Generic_Opt-Post
--------------------+---------------------+--------------+--------------------+-----------+----------------------
 00:07:53(00:08:05) |  00:00:02(00:00:02) |   0.3(  0.3) |   22:03:18 (Oct04) |   2.18 GB | PBS_Generic-Postgen HBO Optimizations
--------------------+---------------------+--------------+--------------------+-----------+----------------------
 00:07:57(00:08:10) |  00:00:04(00:00:05) |   0.6(  0.8) |   22:03:23 (Oct04) |   2.18 GB | PBS_TechMap-Start
--------------------+---------------------+--------------+--------------------+-----------+----------------------
 00:07:59(00:08:11) |  00:00:02(00:00:01) |   0.3(  0.2) |   22:03:24 (Oct04) |   2.18 GB | PBS_TechMap-Premap HBO Optimizations
--------------------+---------------------+--------------+--------------------+-----------+----------------------
 00:11:01(00:11:15) |  00:03:02(00:03:04) |  28.8( 28.4) |   22:06:28 (Oct04) |   2.32 GB | PBS_Techmap-Global Mapping
--------------------+---------------------+--------------+--------------------+-----------+----------------------
 00:11:07(00:11:21) |  00:00:05(00:00:06) |   0.9(  0.9) |   22:06:34 (Oct04) |   2.21 GB | PBS_TechMap-Datapath Postmap Operations
--------------------+---------------------+--------------+--------------------+-----------+----------------------
 00:11:09(00:11:21) |  00:00:01(00:00:00) |   0.2(  0.0) |   22:06:34 (Oct04) |   2.21 GB | PBS_TechMap-Postmap HBO Optimizations
--------------------+---------------------+--------------+--------------------+-----------+----------------------
Number of threads: 8 * 1   (id: pbs_debug, time_info v1.57)
Info: (*N*) indicates data that was populated from previously saved time_info database
Info: CPU time includes time of parent + longest thread
 Doing ConstProp on design:Conv ... 

IOPT-REDREM: Performing redundancy removal: Detected 69 redundant wires. CPU time 0.228 seconds.


Test connection status for design: Conv
=======================================
Connected 0 out of 0 clock-gating instances.
  Decloning clock-gating logic from design:Conv
Info    : Clock-gating instances are decloned. [POPT-56]
        : New decloned instance is RC_CG_DECLONE_HIER_INST 
            Old instances were:
           RC_CG_HIER_INST33
           RC_CG_HIER_INST35
        : See the Genus Low Power manual for more information on Clock-gating decloning.
Info    : Clock-gating instances are decloned. [POPT-56]
        : New decloned instance is RC_CG_DECLONE_HIER_INST121692 
            Old instances were:
           RC_CG_HIER_INST34
           RC_CG_HIER_INST42
Clock-gating declone status
===========================
Total number of clock-gating instances before: 52
Total number of clock-gating instances after : 50
Time taken by ConstProp Step: 00:00:02
PBS_TechMap-Postmap Clock Gating - Elapsed_Time 3, CPU_Time 3.0
stamp 'PBS_TechMap-Postmap Clock Gating' being created for table 'pbs_debug'

  Total Time (Wall) |  Stage Time (Wall)  |   % (Wall)   |    Date - Time     |  Memory   | Stage
--------------------+---------------------+--------------+--------------------+-----------+----------------------
 00:00:38(00:00:34) |  00:00:00(00:00:00) |   0.0(  0.0) |   21:55:47 (Oct04) |  800.5 MB | PBS_Generic-Start
--------------------+---------------------+--------------+--------------------+-----------+----------------------
 00:07:51(00:08:03) |  00:07:13(00:07:29) |  68.4( 69.1) |   22:03:16 (Oct04) |   2.19 GB | PBS_Generic_Opt-Post
--------------------+---------------------+--------------+--------------------+-----------+----------------------
 00:07:53(00:08:05) |  00:00:02(00:00:02) |   0.3(  0.3) |   22:03:18 (Oct04) |   2.18 GB | PBS_Generic-Postgen HBO Optimizations
--------------------+---------------------+--------------+--------------------+-----------+----------------------
 00:07:57(00:08:10) |  00:00:04(00:00:05) |   0.6(  0.8) |   22:03:23 (Oct04) |   2.18 GB | PBS_TechMap-Start
--------------------+---------------------+--------------+--------------------+-----------+----------------------
 00:07:59(00:08:11) |  00:00:02(00:00:01) |   0.3(  0.2) |   22:03:24 (Oct04) |   2.18 GB | PBS_TechMap-Premap HBO Optimizations
--------------------+---------------------+--------------+--------------------+-----------+----------------------
 00:11:01(00:11:15) |  00:03:02(00:03:04) |  28.7( 28.3) |   22:06:28 (Oct04) |   2.32 GB | PBS_Techmap-Global Mapping
--------------------+---------------------+--------------+--------------------+-----------+----------------------
 00:11:07(00:11:21) |  00:00:05(00:00:06) |   0.9(  0.9) |   22:06:34 (Oct04) |   2.21 GB | PBS_TechMap-Datapath Postmap Operations
--------------------+---------------------+--------------+--------------------+-----------+----------------------
 00:11:09(00:11:21) |  00:00:01(00:00:00) |   0.2(  0.0) |   22:06:34 (Oct04) |   2.21 GB | PBS_TechMap-Postmap HBO Optimizations
--------------------+---------------------+--------------+--------------------+-----------+----------------------
 00:11:12(00:11:24) |  00:00:03(00:00:03) |   0.5(  0.5) |   22:06:37 (Oct04) |   2.21 GB | PBS_TechMap-Postmap Clock Gating
--------------------+---------------------+--------------+--------------------+-----------+----------------------
Number of threads: 8 * 1   (id: pbs_debug, time_info v1.57)
Info: (*N*) indicates data that was populated from previously saved time_info database
Info: CPU time includes time of parent + longest thread
-------------------------------------------------------------------------------
 hi_fo_buf                 52260      -74      -274         0        0
            Worst cost_group: clk, WNS: -74.3
            Path: r_weight_spatial_reg[3][3]/CP --> r_input_weight_reg[0][19]/D

           Trick     Calls     Accepts   Attempts    Time(secs) 
-----------------------------------------------------------
       hi_fo_buf         2  (        2 /        2 )  0.12

 
Incremental optimization status
===============================
                                   Group   
                                  Tot Wrst     Total - - DRC Totals - -
                           Total  Weighted      Neg      Max       Max 
Operation                   Area   Slacks      Slack    Trans      Cap 
 init_delay                52260      -74      -274         0        0
            Worst cost_group: clk, WNS: -74.3
            Path: r_weight_spatial_reg[3][3]/CP --> r_input_weight_reg[0][19]/D
 incr_delay                52260        0         0         0        0

           Trick     Calls     Accepts   Attempts    Time(secs) 
-----------------------------------------------------------
       crit_upsz         4  (        4 /        4 )  0.03
    plc_bal_star         0  (        0 /        0 )  0.00
     drc_buftimb         0  (        0 /        0 )  0.00
          plc_st         0  (        0 /        0 )  0.00
    plc_st_fence         0  (        0 /        0 )  0.00
        plc_star         0  (        0 /        0 )  0.00
      plc_laf_st         0  (        0 /        0 )  0.00
 plc_laf_st_fence         0  (        0 /        0 )  0.00
     drc_buftims         0  (        0 /        0 )  0.00
            fopt         0  (        0 /        0 )  0.00
   plc_laf_lo_st         0  (        0 /        0 )  0.00
       plc_lo_st         0  (        0 /        0 )  0.00
        mb_split         0  (        0 /        0 )  0.00

 
Local TNS optimization status
=============================
                                   Group   
                                  Tot Wrst     Total - - DRC Totals - -
                           Total  Weighted      Neg      Max       Max 
Operation                   Area   Slacks      Slack    Trans      Cap 
 init_tns                  52260        0         0         0        0

           Trick     Calls     Accepts   Attempts    Time(secs) 
-----------------------------------------------------------
    plc_bal_star         0  (        0 /        0 )  0.00
     drc_buftimb         0  (        0 /        0 )  0.00
     drc_buftims         0  (        0 /        0 )  0.00
       crit_upsz         0  (        0 /        0 )  0.00
   plc_laf_lo_st         0  (        0 /        0 )  0.00
       plc_lo_st         0  (        0 /        0 )  0.00
            fopt         0  (        0 /        0 )  0.00
       crit_dnsz         0  (        0 /        0 )  0.00
             dup         0  (        0 /        0 )  0.00
        setup_dn         0  (        0 /        0 )  0.00
        mb_split         0  (        0 /        0 )  0.00

PBS_TechMap-Postmap Cleanup - Elapsed_Time 3, CPU_Time 2.591301000000044
stamp 'PBS_TechMap-Postmap Cleanup' being created for table 'pbs_debug'

  Total Time (Wall) |  Stage Time (Wall)  |   % (Wall)   |    Date - Time     |  Memory   | Stage
--------------------+---------------------+--------------+--------------------+-----------+----------------------
 00:00:38(00:00:34) |  00:00:00(00:00:00) |   0.0(  0.0) |   21:55:47 (Oct04) |  800.5 MB | PBS_Generic-Start
--------------------+---------------------+--------------+--------------------+-----------+----------------------
 00:07:51(00:08:03) |  00:07:13(00:07:29) |  68.2( 68.8) |   22:03:16 (Oct04) |   2.19 GB | PBS_Generic_Opt-Post
--------------------+---------------------+--------------+--------------------+-----------+----------------------
 00:07:53(00:08:05) |  00:00:02(00:00:02) |   0.3(  0.3) |   22:03:18 (Oct04) |   2.18 GB | PBS_Generic-Postgen HBO Optimizations
--------------------+---------------------+--------------+--------------------+-----------+----------------------
 00:07:57(00:08:10) |  00:00:04(00:00:05) |   0.6(  0.8) |   22:03:23 (Oct04) |   2.18 GB | PBS_TechMap-Start
--------------------+---------------------+--------------+--------------------+-----------+----------------------
 00:07:59(00:08:11) |  00:00:02(00:00:01) |   0.3(  0.2) |   22:03:24 (Oct04) |   2.18 GB | PBS_TechMap-Premap HBO Optimizations
--------------------+---------------------+--------------+--------------------+-----------+----------------------
 00:11:01(00:11:15) |  00:03:02(00:03:04) |  28.6( 28.2) |   22:06:28 (Oct04) |   2.32 GB | PBS_Techmap-Global Mapping
--------------------+---------------------+--------------+--------------------+-----------+----------------------
 00:11:07(00:11:21) |  00:00:05(00:00:06) |   0.9(  0.9) |   22:06:34 (Oct04) |   2.21 GB | PBS_TechMap-Datapath Postmap Operations
--------------------+---------------------+--------------+--------------------+-----------+----------------------
 00:11:09(00:11:21) |  00:00:01(00:00:00) |   0.2(  0.0) |   22:06:34 (Oct04) |   2.21 GB | PBS_TechMap-Postmap HBO Optimizations
--------------------+---------------------+--------------+--------------------+-----------+----------------------
 00:11:12(00:11:24) |  00:00:03(00:00:03) |   0.5(  0.5) |   22:06:37 (Oct04) |   2.21 GB | PBS_TechMap-Postmap Clock Gating
--------------------+---------------------+--------------+--------------------+-----------+----------------------
 00:11:14(00:11:27) |  00:00:02(00:00:03) |   0.4(  0.5) |   22:06:40 (Oct04) |   2.21 GB | PBS_TechMap-Postmap Cleanup
--------------------+---------------------+--------------+--------------------+-----------+----------------------
Number of threads: 8 * 1   (id: pbs_debug, time_info v1.57)
Info: (*N*) indicates data that was populated from previously saved time_info database
Info: CPU time includes time of parent + longest thread
PBS_Techmap-Post_MBCI - Elapsed_Time 0, CPU_Time 0.0
stamp 'PBS_Techmap-Post_MBCI' being created for table 'pbs_debug'

  Total Time (Wall) |  Stage Time (Wall)  |   % (Wall)   |    Date - Time     |  Memory   | Stage
--------------------+---------------------+--------------+--------------------+-----------+----------------------
 00:00:38(00:00:34) |  00:00:00(00:00:00) |   0.0(  0.0) |   21:55:47 (Oct04) |  800.5 MB | PBS_Generic-Start
--------------------+---------------------+--------------+--------------------+-----------+----------------------
 00:07:51(00:08:03) |  00:07:13(00:07:29) |  68.2( 68.8) |   22:03:16 (Oct04) |   2.19 GB | PBS_Generic_Opt-Post
--------------------+---------------------+--------------+--------------------+-----------+----------------------
 00:07:53(00:08:05) |  00:00:02(00:00:02) |   0.3(  0.3) |   22:03:18 (Oct04) |   2.18 GB | PBS_Generic-Postgen HBO Optimizations
--------------------+---------------------+--------------+--------------------+-----------+----------------------
 00:07:57(00:08:10) |  00:00:04(00:00:05) |   0.6(  0.8) |   22:03:23 (Oct04) |   2.18 GB | PBS_TechMap-Start
--------------------+---------------------+--------------+--------------------+-----------+----------------------
 00:07:59(00:08:11) |  00:00:02(00:00:01) |   0.3(  0.2) |   22:03:24 (Oct04) |   2.18 GB | PBS_TechMap-Premap HBO Optimizations
--------------------+---------------------+--------------+--------------------+-----------+----------------------
 00:11:01(00:11:15) |  00:03:02(00:03:04) |  28.6( 28.2) |   22:06:28 (Oct04) |   2.32 GB | PBS_Techmap-Global Mapping
--------------------+---------------------+--------------+--------------------+-----------+----------------------
 00:11:07(00:11:21) |  00:00:05(00:00:06) |   0.9(  0.9) |   22:06:34 (Oct04) |   2.21 GB | PBS_TechMap-Datapath Postmap Operations
--------------------+---------------------+--------------+--------------------+-----------+----------------------
 00:11:09(00:11:21) |  00:00:01(00:00:00) |   0.2(  0.0) |   22:06:34 (Oct04) |   2.21 GB | PBS_TechMap-Postmap HBO Optimizations
--------------------+---------------------+--------------+--------------------+-----------+----------------------
 00:11:12(00:11:24) |  00:00:03(00:00:03) |   0.5(  0.5) |   22:06:37 (Oct04) |   2.21 GB | PBS_TechMap-Postmap Clock Gating
--------------------+---------------------+--------------+--------------------+-----------+----------------------
 00:11:14(00:11:27) |  00:00:02(00:00:03) |   0.4(  0.5) |   22:06:40 (Oct04) |   2.21 GB | PBS_TechMap-Postmap Cleanup
--------------------+---------------------+--------------+--------------------+-----------+----------------------
 00:11:14(00:11:27) |  00:00:00(00:00:00) |   0.0(  0.0) |   22:06:40 (Oct04) |   2.21 GB | PBS_Techmap-Post_MBCI
--------------------+---------------------+--------------+--------------------+-----------+----------------------
Number of threads: 8 * 1   (id: pbs_debug, time_info v1.57)
Info: (*N*) indicates data that was populated from previously saved time_info database
Info: CPU time includes time of parent + longest thread
##>=================== Cadence Confidential (Mapping-Logical) ===================
##>Main Thread Summary:
##>----------------------------------------------------------------------------------------
##>STEP                           Elapsed       WNS       TNS     Insts      Area    Memory
##>----------------------------------------------------------------------------------------
##>M:Initial                            1         -         -    108804    158921      2175
##>M:Pre Cleanup                        0         -         -    108804    158921      2175
##>M:Setup                              0         -         -         -         -         -
##>M:Launch ST                          0         -         -         -         -         -
##>M:Design Partition                   0         -         -         -         -         -
##>M:Create Partition Netlists          0         -         -         -         -         -
##>M:Init Power                         0         -         -         -         -         -
##>M:Budgeting                          0         -         -         -         -         -
##>M:Derenv-DB                          0         -         -         -         -         -
##>M:Debug Outputs                      0         -         -         -         -         -
##>M:ST loading                         0         -         -         -         -         -
##>M:Distributed                        0         -         -         -         -         -
##>M:Timer                              0         -         -         -         -         -
##>M:Assembly                           0         -         -         -         -         -
##>M:DFT                                0         -         -         -         -         -
##>M:DP Operations                      6         -         -     34735     36667      2210
##>M:Const Prop                         0        44         0     34735     36667      2210
##>M:Cleanup                            3        11         0     34764     36699      2213
##>M:MBCI                               0         -         -     34764     36699      2213
##>M:Const Gate Removal                 0         -         -         -         -         -
##>M:Misc                             188
##>----------------------------------------------------------------------------------------
##>Total Elapsed                      198
##>========================================================================================

+-----------+--------------------+-----+----------------------+---------------------------+
|   Host    |      Machine       | CPU | Physical Memory (MB) | Peak Physical Memory (MB) |
+-----------+--------------------+-----+----------------------+---------------------------+
| localhost | paxos.inf.pucrs.br |  1  |        2213.3        |          3867.6           |
+-----------+--------------------+-----+----------------------+---------------------------+

+---------------+----------------------+---------------------------+
|    Server     | Physical Memory (MB) | Peak Physical Memory (MB) |
+---------------+----------------------+---------------------------+
| localhost_1_0 |        578.2         |          2268.6           |
+---------------+----------------------+---------------------------+

Info    : Done mapping. [SYNTH-5]
        : Done mapping 'Conv'.
      flow.cputime  flow.realtime  timing.setup.tns  timing.setup.wns  snapshot
UM:*                                                                   syn_map
@file(logical_synthesis_body.tcl) 59: syn_opt
Current PLE settings:

Aspect ratio        : 1.000
Shrink factor       : 0.900
Scale of res/length : 1.000
Scale of cap/length : 1.000
Net derating factor : 1.000
Thermal factor      : 1.253
Via Resistance      : 16.501 ohm (from qrc_tech_file)
Site size           : 1.040 um (from lef [tech+cell])

                                   Capacitance  
  Layer                             / Length         Data source:
Name        Direction Utilization  (pF/micron)       qrc_tech_file
------------------------------------------------
M1              V         0.00        0.000210  
M2              H         1.00        0.000184  
M3              V         1.00        0.000138  
M4              H         1.00        0.000137  
M5              V         1.00        0.000138  
M6              H         1.00        0.000133  
M7              V         1.00        0.000194  
M8              H         1.00        0.000322  
M9              V         1.00        0.000582  
AP              H         1.00        0.000334  

                                    Resistance   
  Layer                              / Length         Data source:
Name        Direction Utilization  (ohm/micron)       qrc_tech_file
-------------------------------------------------
M1              V         0.00        14.633762  
M2              H         1.00        14.861223  
M3              V         1.00        14.861223  
M4              H         1.00        14.861223  
M5              V         1.00        14.861223  
M6              H         1.00        14.861223  
M7              V         1.00         3.005090  
M8              H         1.00         0.111088  
M9              V         1.00         0.004928  
AP              H         1.00         0.009992  

                                        Area     
  Layer                               / Length        Data source:
Name        Direction Utilization     (micron)        lef_library
-------------------------------------------------
M1              V         0.00         0.050000  
M2              H         1.00         0.050000  
M3              V         1.00         0.050000  
M4              H         1.00         0.050000  
M5              V         1.00         0.050000  
M6              H         1.00         0.050000  
M7              V         1.00         0.100000  
M8              H         1.00         0.400000  
M9              V         1.00         2.000000  
AP              H         1.00         2.000000  

Info    : Incrementally optimizing. [SYNTH-7]
        : Incrementally optimizing 'Conv' using 'high' effort.

Test connection status for design: Conv
=======================================
Connected 0 out of 0 clock-gating instances.
  Decloning clock-gating logic from design:Conv
Forcing hierarchical CG on for clock_gating declone -hier
Clock-gating declone status
===========================
Total number of clock-gating instances before: 50
Total number of clock-gating instances after : 50
 
Incremental optimization status
===============================
                                   Group   
                                  Tot Wrst     Total - - DRC Totals - -
                           Total  Weighted      Neg      Max       Max 
Operation                   Area   Slacks      Slack    Trans      Cap 
 init_iopt                 52260        0         0         0        0
IOPT-REDREM: Performing redundancy removal: Detected 0 redundant wires. CPU time 0.195 seconds.

-------------------------------------------------------------------------------
 const_prop                52260        0         0         0        0
 simp_cc_inputs            52229        0         0         0        0
-------------------------------------------------------------------------------
 hi_fo_buf                 52229        0         0         0        0

           Trick     Calls     Accepts   Attempts    Time(secs) 
-----------------------------------------------------------
       hi_fo_buf         0  (        0 /        0 )  0.00

 
Incremental optimization status
===============================
                                   Group   
                                  Tot Wrst     Total - - DRC Totals - -
                           Total  Weighted      Neg      Max       Max 
Operation                   Area   Slacks      Slack    Trans      Cap 
 init_delay                52229        0         0         0        0

           Trick     Calls     Accepts   Attempts    Time(secs) 
-----------------------------------------------------------
        crit_msz         0  (        0 /        0 )  0.00
       crit_upsz         0  (        0 /        0 )  0.00
       crit_slew         0  (        0 /        0 )  0.00
        setup_dn         0  (        0 /        0 )  0.00
    plc_bal_star         0  (        0 /        0 )  0.00
     drc_buftimb         0  (        0 /        0 )  0.00
          plc_st         0  (        0 /        0 )  0.00
    plc_st_fence         0  (        0 /        0 )  0.00
        plc_star         0  (        0 /        0 )  0.00
      plc_laf_st         0  (        0 /        0 )  0.00
 plc_laf_st_fence         0  (        0 /        0 )  0.00
     drc_buftims         0  (        0 /        0 )  0.00
   plc_laf_lo_st         0  (        0 /        0 )  0.00
       plc_lo_st         0  (        0 /        0 )  0.00
            fopt         0  (        0 /        0 )  0.00
       crit_swap         0  (        0 /        0 )  0.00
       mux2_swap         0  (        0 /        0 )  0.00
       crit_dnsz         0  (        0 /        0 )  0.00
       load_swap         0  (        0 /        0 )  0.00
            fopt         0  (        0 /        0 )  0.00
        setup_dn         0  (        0 /        0 )  0.00
       load_isol         0  (        0 /        0 )  0.00
       load_isol         0  (        0 /        0 )  0.00
        move_for         0  (        0 /        0 )  0.00
        move_for         0  (        0 /        0 )  0.00
          rem_bi         0  (        0 /        0 )  0.00
         offload         0  (        0 /        0 )  0.00
          rem_bi         0  (        0 /        0 )  0.00
         offload         0  (        0 /        0 )  0.00
           phase         0  (        0 /        0 )  0.00
        in_phase         0  (        0 /        0 )  0.00
       merge_bit         0  (        0 /        0 )  0.00
     merge_idrvr         0  (        0 /        0 )  0.00
     merge_iload         0  (        0 /        0 )  0.00
    merge_idload         0  (        0 /        0 )  0.00
      merge_drvr         0  (        0 /        0 )  0.00
      merge_load         0  (        0 /        0 )  0.00
          decomp         0  (        0 /        0 )  0.00
        p_decomp         0  (        0 /        0 )  0.00
        levelize         0  (        0 /        0 )  0.00
        mb_split         0  (        0 /        0 )  0.00
             dup         0  (        0 /        0 )  0.00
      mux_retime         0  (        0 /        0 )  0.00
         buf2inv         0  (        0 /        0 )  0.00
             exp         0  (        0 /        0 )  0.00
       gate_deco         0  (        0 /        0 )  0.00
       gcomp_tim         0  (        0 /        0 )  0.00
  inv_pair_2_buf         0  (        0 /        0 )  0.00


           Trick     Calls     Accepts   Attempts    Time(secs) 
-----------------------------------------------------------
         crr_220         0  (        0 /        0 )  0.00
        crr_glob         0  (        0 /        0 )  0.00
         crr_320         0  (        0 /        0 )  0.00
        crr_glob         0  (        0 /        0 )  0.00
         crr_330         0  (        0 /        0 )  0.00
        crr_glob         0  (        0 /        0 )  0.00
         crr_230         0  (        0 /        0 )  0.00
        crr_glob         0  (        0 /        0 )  0.00
         crr_130         0  (        0 /        0 )  0.00
        crr_glob         0  (        0 /        0 )  0.00
         crr_420         0  (        0 /        0 )  0.00
        crr_glob         0  (        0 /        0 )  0.00
         crr_310         0  (        0 /        0 )  0.00
        crr_glob         0  (        0 /        0 )  0.00
         crr_200         0  (        0 /        0 )  0.00
        crr_glob         0  (        0 /        0 )  0.00
         crr_300         0  (        0 /        0 )  0.00
        crr_glob         0  (        0 /        0 )  0.00
         crr_400         0  (        0 /        0 )  0.00
        crr_glob         0  (        0 /        0 )  0.00
         crr_410         0  (        0 /        0 )  0.00
        crr_glob         0  (        0 /        0 )  0.00
         crr_500         0  (        0 /        0 )  0.00
        crr_glob         0  (        0 /        0 )  0.00
         crr_120         0  (        0 /        0 )  0.00
        crr_glob         0  (        0 /        0 )  0.00
         crr_111         0  (        0 /        0 )  0.00
        crr_glob         0  (        0 /        0 )  0.00
         crr_210         0  (        0 /        0 )  0.00
        crr_glob         0  (        0 /        0 )  0.00
         crr_110         0  (        0 /        0 )  0.00
        crr_glob         0  (        0 /        0 )  0.00
         crr_101         0  (        0 /        0 )  0.00
        crr_glob         0  (        0 /        0 )  0.00
         crr_201         0  (        0 /        0 )  0.00
        crr_glob         0  (        0 /        0 )  0.00
         crr_211         0  (        0 /        0 )  0.00
        crr_glob         0  (        0 /        0 )  0.00
        crit_msz         0  (        0 /        0 )  0.00
       crit_upsz         0  (        0 /        0 )  0.00
       crit_slew         0  (        0 /        0 )  0.00
        setup_dn         0  (        0 /        0 )  0.00
    plc_bal_star         0  (        0 /        0 )  0.00
     drc_buftimb         0  (        0 /        0 )  0.00
          plc_st         0  (        0 /        0 )  0.00
    plc_st_fence         0  (        0 /        0 )  0.00
        plc_star         0  (        0 /        0 )  0.00
      plc_laf_st         0  (        0 /        0 )  0.00
 plc_laf_st_fence         0  (        0 /        0 )  0.00
     drc_buftims         0  (        0 /        0 )  0.00
       plc_lo_st         0  (        0 /        0 )  0.00
            fopt         0  (        0 /        0 )  0.00
       crit_swap         0  (        0 /        0 )  0.00
       mux2_swap         0  (        0 /        0 )  0.00
       crit_dnsz         0  (        0 /        0 )  0.00
       load_swap         0  (        0 /        0 )  0.00
            fopt         0  (        0 /        0 )  0.00
        setup_dn         0  (        0 /        0 )  0.00
       load_isol         0  (        0 /        0 )  0.00
       load_isol         0  (        0 /        0 )  0.00
        move_for         0  (        0 /        0 )  0.00
        move_for         0  (        0 /        0 )  0.00
          rem_bi         0  (        0 /        0 )  0.00
         offload         0  (        0 /        0 )  0.00
          rem_bi         0  (        0 /        0 )  0.00
         offload         0  (        0 /        0 )  0.00
       merge_bit         0  (        0 /        0 )  0.00
     merge_idrvr         0  (        0 /        0 )  0.00
     merge_iload         0  (        0 /        0 )  0.00
    merge_idload         0  (        0 /        0 )  0.00
      merge_drvr         0  (        0 /        0 )  0.00
      merge_load         0  (        0 /        0 )  0.00
           phase         0  (        0 /        0 )  0.00
          decomp         0  (        0 /        0 )  0.00
        p_decomp         0  (        0 /        0 )  0.00
        levelize         0  (        0 /        0 )  0.00
        mb_split         0  (        0 /        0 )  0.00
        in_phase         0  (        0 /        0 )  0.00
             dup         0  (        0 /        0 )  0.00
      mux_retime         0  (        0 /        0 )  0.00
         buf2inv         0  (        0 /        0 )  0.00
             exp         0  (        0 /        0 )  0.00
       gate_deco         0  (        0 /        0 )  0.00
       gcomp_tim         0  (        0 /        0 )  0.00
  inv_pair_2_buf         0  (        0 /        0 )  0.00
 init_drc                  52229        0         0         0        0

           Trick     Calls     Accepts   Attempts    Time(secs) 
-----------------------------------------------------------
          plc_st         0  (        0 /        0 )  0.00
        plc_star         0  (        0 /        0 )  0.00
        drc_bufs         0  (        0 /        0 )  0.00
        drc_fopt         0  (        0 /        0 )  0.00
        drc_bufb         0  (        0 /        0 )  0.00
      simple_buf         0  (        0 /        0 )  0.00
             dup         0  (        0 /        0 )  0.00
       crit_dnsz         0  (        0 /        0 )  0.00
       crit_upsz         0  (        0 /        0 )  0.00
       crit_slew         0  (        0 /        0 )  0.00


           Trick     Calls     Accepts   Attempts    Time(secs) 
-----------------------------------------------------------
          plc_st         0  (        0 /        0 )  0.00
        plc_star         0  (        0 /        0 )  0.00
      drc_buf_sp         0  (        0 /        0 )  0.00
        drc_bufs         0  (        0 /        0 )  0.00
        drc_fopt         0  (        0 /        0 )  0.00
        drc_bufb         0  (        0 /        0 )  0.00
      simple_buf         0  (        0 /        0 )  0.00
             dup         0  (        0 /        0 )  0.00
       crit_dnsz         0  (        0 /        0 )  0.00
       crit_upsz         0  (        0 /        0 )  0.00


           Trick     Calls     Accepts   Attempts    Time(secs) 
-----------------------------------------------------------
          plc_st         0  (        0 /        0 )  0.00
        plc_star         0  (        0 /        0 )  0.00
      drc_buf_sp         0  (        0 /        0 )  0.00
        drc_bufs         0  (        0 /        0 )  0.00
        drc_fopt         0  (        0 /        0 )  0.00
        drc_bufb         0  (        0 /        0 )  0.00
             dup         0  (        0 /        0 )  0.00
       crit_dnsz         0  (        0 /        0 )  0.00
       crit_upsz         0  (        0 /        0 )  0.00

 init_tns                  52229        0         0         0        0

           Trick     Calls     Accepts   Attempts    Time(secs) 
-----------------------------------------------------------
            fopt         0  (        0 /        0 )  0.00
    plc_bal_star         0  (        0 /        0 )  0.00
     drc_buftimb         0  (        0 /        0 )  0.00
     drc_buftims         0  (        0 /        0 )  0.00
        crit_msz         0  (        0 /        0 )  0.00
       crit_upsz         0  (        0 /        0 )  0.00
   plc_laf_lo_st         0  (        0 /        0 )  0.00
       plc_lo_st         0  (        0 /        0 )  0.00
       crit_swap         0  (        0 /        0 )  0.00
       mux2_swap         0  (        0 /        0 )  0.00
       crit_dnsz         0  (        0 /        0 )  0.00
       load_swap         0  (        0 /        0 )  0.00
            fopt         0  (        0 /        0 )  0.00
        setup_dn         0  (        0 /        0 )  0.00
       load_isol         0  (        0 /        0 )  0.00
       load_isol         0  (        0 /        0 )  0.00
        move_for         0  (        0 /        0 )  0.00
        move_for         0  (        0 /        0 )  0.00
          rem_bi         0  (        0 /        0 )  0.00
         offload         0  (        0 /        0 )  0.00
          rem_bi         0  (        0 /        0 )  0.00
         offload         0  (        0 /        0 )  0.00
       merge_bit         0  (        0 /        0 )  0.00
     merge_idrvr         0  (        0 /        0 )  0.00
     merge_iload         0  (        0 /        0 )  0.00
    merge_idload         0  (        0 /        0 )  0.00
      merge_drvr         0  (        0 /        0 )  0.00
      merge_load         0  (        0 /        0 )  0.00
           phase         0  (        0 /        0 )  0.00
          decomp         0  (        0 /        0 )  0.00
        p_decomp         0  (        0 /        0 )  0.00
        levelize         0  (        0 /        0 )  0.00
        mb_split         0  (        0 /        0 )  0.00
             dup         0  (        0 /        0 )  0.00
      mux_retime         0  (        0 /        0 )  0.00
       crr_local         0  (        0 /        0 )  0.00
         buf2inv         0  (        0 /        0 )  0.00

 init_area                 52229        0         0         0        0
 undup                     52213        0         0         0        0
 rem_buf                   52094        0         0         0        0
 rem_inv                   52006        0         0         0        0
 merge_bi                  51418        0         0         0        0
 rem_inv_qb                51411        0         0         0        0
 seq_res_area              51391        0         0         0        0
 io_phase                  51348        0         0         0        0
 gate_comp                 51118        0         0         0        0
 gcomp_mog                 51103        0         0         0        0
 glob_area                 50586        0         0         0        0
 area_down                 50125        0         0         0        0
 rem_inv                   50124        0         0         0        0

           Trick     Calls     Accepts   Attempts    Time(secs) 
-----------------------------------------------------------
           undup        18  (       18 /       18 )  0.29
         rem_buf       113  (      103 /      103 )  0.52
         rem_inv        99  (       80 /       80 )  0.77
        merge_bi      1152  (     1152 /     1152 )  3.93
      rem_inv_qb        33  (        2 /        2 )  0.20
    seq_res_area        33  (        3 /        7 )  12.40
        io_phase       517  (       79 /       79 )  1.24
       gate_comp       879  (      383 /      397 )  5.71
       gcomp_mog       126  (       18 /       18 )  2.03
       glob_area       175  (      172 /      175 )  7.39
       area_down       982  (      375 /      435 )  10.41
      size_n_buf         8  (        0 /        1 )  0.42
  gate_deco_area         0  (        0 /        0 )  0.10
         rem_buf         9  (        0 /        0 )  0.02
         rem_inv         3  (        1 /        1 )  0.01
        merge_bi         0  (        0 /        0 )  0.12
      rem_inv_qb        13  (        0 /        1 )  0.04

 
Incremental optimization status
===============================
                                   Group   
                                  Tot Wrst     Total - - DRC Totals - -
                           Total  Weighted      Neg      Max       Max 
Operation                   Area   Slacks      Slack    Trans      Cap 
 init_delay                50124        0         0         0        0

           Trick     Calls     Accepts   Attempts    Time(secs) 
-----------------------------------------------------------
         crr_220         0  (        0 /        0 )  0.00
        crr_glob         0  (        0 /        0 )  0.00
         crr_320         0  (        0 /        0 )  0.00
        crr_glob         0  (        0 /        0 )  0.00
         crr_330         0  (        0 /        0 )  0.00
        crr_glob         0  (        0 /        0 )  0.00
         crr_230         0  (        0 /        0 )  0.00
        crr_glob         0  (        0 /        0 )  0.00
         crr_130         0  (        0 /        0 )  0.00
        crr_glob         0  (        0 /        0 )  0.00
         crr_420         0  (        0 /        0 )  0.00
        crr_glob         0  (        0 /        0 )  0.00
         crr_310         0  (        0 /        0 )  0.00
        crr_glob         0  (        0 /        0 )  0.00
         crr_200         0  (        0 /        0 )  0.00
        crr_glob         0  (        0 /        0 )  0.00
         crr_300         0  (        0 /        0 )  0.00
        crr_glob         0  (        0 /        0 )  0.00
         crr_400         0  (        0 /        0 )  0.00
        crr_glob         0  (        0 /        0 )  0.00
         crr_410         0  (        0 /        0 )  0.00
        crr_glob         0  (        0 /        0 )  0.00
         crr_500         0  (        0 /        0 )  0.00
        crr_glob         0  (        0 /        0 )  0.00
         crr_120         0  (        0 /        0 )  0.00
        crr_glob         0  (        0 /        0 )  0.00
         crr_111         0  (        0 /        0 )  0.00
        crr_glob         0  (        0 /        0 )  0.00
         crr_210         0  (        0 /        0 )  0.00
        crr_glob         0  (        0 /        0 )  0.00
         crr_110         0  (        0 /        0 )  0.00
        crr_glob         0  (        0 /        0 )  0.00
         crr_101         0  (        0 /        0 )  0.00
        crr_glob         0  (        0 /        0 )  0.00
         crr_201         0  (        0 /        0 )  0.00
        crr_glob         0  (        0 /        0 )  0.00
         crr_211         0  (        0 /        0 )  0.00
        crr_glob         0  (        0 /        0 )  0.00
        crit_msz         0  (        0 /        0 )  0.00
       crit_upsz         0  (        0 /        0 )  0.00
       crit_slew         0  (        0 /        0 )  0.00
        setup_dn         0  (        0 /        0 )  0.00
    plc_bal_star         0  (        0 /        0 )  0.00
     drc_buftimb         0  (        0 /        0 )  0.00
          plc_st         0  (        0 /        0 )  0.00
    plc_st_fence         0  (        0 /        0 )  0.00
        plc_star         0  (        0 /        0 )  0.00
      plc_laf_st         0  (        0 /        0 )  0.00
 plc_laf_st_fence         0  (        0 /        0 )  0.00
     drc_buftims         0  (        0 /        0 )  0.00
       plc_lo_st         0  (        0 /        0 )  0.00
            fopt         0  (        0 /        0 )  0.00
       crit_swap         0  (        0 /        0 )  0.00
       mux2_swap         0  (        0 /        0 )  0.00
       crit_dnsz         0  (        0 /        0 )  0.00
       load_swap         0  (        0 /        0 )  0.00
            fopt         0  (        0 /        0 )  0.00
        setup_dn         0  (        0 /        0 )  0.00
       load_isol         0  (        0 /        0 )  0.00
       load_isol         0  (        0 /        0 )  0.00
        move_for         0  (        0 /        0 )  0.00
        move_for         0  (        0 /        0 )  0.00
          rem_bi         0  (        0 /        0 )  0.00
         offload         0  (        0 /        0 )  0.00
          rem_bi         0  (        0 /        0 )  0.00
         offload         0  (        0 /        0 )  0.00
       merge_bit         0  (        0 /        0 )  0.00
     merge_idrvr         0  (        0 /        0 )  0.00
     merge_iload         0  (        0 /        0 )  0.00
    merge_idload         0  (        0 /        0 )  0.00
      merge_drvr         0  (        0 /        0 )  0.00
      merge_load         0  (        0 /        0 )  0.00
           phase         0  (        0 /        0 )  0.00
          decomp         0  (        0 /        0 )  0.00
        p_decomp         0  (        0 /        0 )  0.00
        levelize         0  (        0 /        0 )  0.00
        mb_split         0  (        0 /        0 )  0.00
        in_phase         0  (        0 /        0 )  0.00
             dup         0  (        0 /        0 )  0.00
      mux_retime         0  (        0 /        0 )  0.00
         buf2inv         0  (        0 /        0 )  0.00
             exp         0  (        0 /        0 )  0.00
       gate_deco         0  (        0 /        0 )  0.00
       gcomp_tim         0  (        0 /        0 )  0.00
  inv_pair_2_buf         0  (        0 /        0 )  0.00
 init_drc                  50124        0         0         0        0

           Trick     Calls     Accepts   Attempts    Time(secs) 
-----------------------------------------------------------
          plc_st         0  (        0 /        0 )  0.00
        plc_star         0  (        0 /        0 )  0.00
        drc_bufs         0  (        0 /        0 )  0.00
        drc_fopt         0  (        0 /        0 )  0.00
        drc_bufb         0  (        0 /        0 )  0.00
      simple_buf         0  (        0 /        0 )  0.00
             dup         0  (        0 /        0 )  0.00
       crit_dnsz         0  (        0 /        0 )  0.00
       crit_upsz         0  (        0 /        0 )  0.00
       crit_slew         0  (        0 /        0 )  0.00


           Trick     Calls     Accepts   Attempts    Time(secs) 
-----------------------------------------------------------
          plc_st         0  (        0 /        0 )  0.00
        plc_star         0  (        0 /        0 )  0.00
        drc_bufs         0  (        0 /        0 )  0.00
        drc_fopt         0  (        0 /        0 )  0.00
        drc_bufb         0  (        0 /        0 )  0.00
      simple_buf         0  (        0 /        0 )  0.00
             dup         0  (        0 /        0 )  0.00
       crit_dnsz         0  (        0 /        0 )  0.00
       crit_upsz         0  (        0 /        0 )  0.00


           Trick     Calls     Accepts   Attempts    Time(secs) 
-----------------------------------------------------------
          plc_st         0  (        0 /        0 )  0.00
        plc_star         0  (        0 /        0 )  0.00
        drc_bufs         0  (        0 /        0 )  0.00
        drc_fopt         0  (        0 /        0 )  0.00
        drc_bufb         0  (        0 /        0 )  0.00
             dup         0  (        0 /        0 )  0.00
       crit_dnsz         0  (        0 /        0 )  0.00
       crit_upsz         0  (        0 /        0 )  0.00

 init_tns                  50124        0         0         0        0

           Trick     Calls     Accepts   Attempts    Time(secs) 
-----------------------------------------------------------
            fopt         0  (        0 /        0 )  0.00
    plc_bal_star         0  (        0 /        0 )  0.00
     drc_buftimb         0  (        0 /        0 )  0.00
     drc_buftims         0  (        0 /        0 )  0.00
        crit_msz         0  (        0 /        0 )  0.00
       crit_upsz         0  (        0 /        0 )  0.00
   plc_laf_lo_st         0  (        0 /        0 )  0.00
       plc_lo_st         0  (        0 /        0 )  0.00
       crit_swap         0  (        0 /        0 )  0.00
       mux2_swap         0  (        0 /        0 )  0.00
       crit_dnsz         0  (        0 /        0 )  0.00
       load_swap         0  (        0 /        0 )  0.00
            fopt         0  (        0 /        0 )  0.00
        setup_dn         0  (        0 /        0 )  0.00
       load_isol         0  (        0 /        0 )  0.00
       load_isol         0  (        0 /        0 )  0.00
        move_for         0  (        0 /        0 )  0.00
        move_for         0  (        0 /        0 )  0.00
          rem_bi         0  (        0 /        0 )  0.00
         offload         0  (        0 /        0 )  0.00
          rem_bi         0  (        0 /        0 )  0.00
         offload         0  (        0 /        0 )  0.00
       merge_bit         0  (        0 /        0 )  0.00
     merge_idrvr         0  (        0 /        0 )  0.00
     merge_iload         0  (        0 /        0 )  0.00
    merge_idload         0  (        0 /        0 )  0.00
      merge_drvr         0  (        0 /        0 )  0.00
      merge_load         0  (        0 /        0 )  0.00
           phase         0  (        0 /        0 )  0.00
          decomp         0  (        0 /        0 )  0.00
        p_decomp         0  (        0 /        0 )  0.00
        levelize         0  (        0 /        0 )  0.00
        mb_split         0  (        0 /        0 )  0.00
             dup         0  (        0 /        0 )  0.00
      mux_retime         0  (        0 /        0 )  0.00
       crr_local         0  (        0 /        0 )  0.00
         buf2inv         0  (        0 /        0 )  0.00

 init_area                 50124        0         0         0        0
 undup                     50108        0         0         0        0
 io_phase                  50107        0         0         0        0
 gate_comp                 50097        0         0         0        0
 gcomp_mog                 50096        0         0         0        0
 glob_area                 50056        0         0         0        0
 area_down                 49993        0         0         0        0

           Trick     Calls     Accepts   Attempts    Time(secs) 
-----------------------------------------------------------
           undup        19  (       18 /       18 )  0.20
         rem_buf         9  (        0 /        0 )  0.02
         rem_inv         2  (        0 /        0 )  0.01
        merge_bi         0  (        0 /        0 )  0.13
      rem_inv_qb        13  (        0 /        1 )  0.04
        io_phase       438  (        2 /        3 )  0.89
       gate_comp       478  (       13 /       20 )  3.11
       gcomp_mog       104  (        1 /        1 )  1.65
       glob_area       139  (      100 /      139 )  6.83
       area_down       843  (      113 /      151 )  6.58
      size_n_buf         0  (        0 /        0 )  0.13
  gate_deco_area         0  (        0 /        0 )  0.00

 
Incremental optimization status
===============================
                                   Group   
                                  Tot Wrst     Total - - DRC Totals - -
                           Total  Weighted      Neg      Max       Max 
Operation                   Area   Slacks      Slack    Trans      Cap 
 init_delay                49993        0         0         0        0

           Trick     Calls     Accepts   Attempts    Time(secs) 
-----------------------------------------------------------
        crit_msz         0  (        0 /        0 )  0.00
       crit_upsz         0  (        0 /        0 )  0.00
       crit_slew         0  (        0 /        0 )  0.00
        setup_dn         0  (        0 /        0 )  0.00
    plc_bal_star         0  (        0 /        0 )  0.00
     drc_buftimb         0  (        0 /        0 )  0.00
          plc_st         0  (        0 /        0 )  0.00
    plc_st_fence         0  (        0 /        0 )  0.00
        plc_star         0  (        0 /        0 )  0.00
      plc_laf_st         0  (        0 /        0 )  0.00
 plc_laf_st_fence         0  (        0 /        0 )  0.00
     drc_buftims         0  (        0 /        0 )  0.00
   plc_laf_lo_st         0  (        0 /        0 )  0.00
       plc_lo_st         0  (        0 /        0 )  0.00
            fopt         0  (        0 /        0 )  0.00
       crit_swap         0  (        0 /        0 )  0.00
       mux2_swap         0  (        0 /        0 )  0.00
       crit_dnsz         0  (        0 /        0 )  0.00
       load_swap         0  (        0 /        0 )  0.00
            fopt         0  (        0 /        0 )  0.00
        setup_dn         0  (        0 /        0 )  0.00
       load_isol         0  (        0 /        0 )  0.00
       load_isol         0  (        0 /        0 )  0.00
        move_for         0  (        0 /        0 )  0.00
        move_for         0  (        0 /        0 )  0.00
          rem_bi         0  (        0 /        0 )  0.00
         offload         0  (        0 /        0 )  0.00
          rem_bi         0  (        0 /        0 )  0.00
         offload         0  (        0 /        0 )  0.00
           phase         0  (        0 /        0 )  0.00
        in_phase         0  (        0 /        0 )  0.00
       merge_bit         0  (        0 /        0 )  0.00
     merge_idrvr         0  (        0 /        0 )  0.00
     merge_iload         0  (        0 /        0 )  0.00
    merge_idload         0  (        0 /        0 )  0.00
      merge_drvr         0  (        0 /        0 )  0.00
      merge_load         0  (        0 /        0 )  0.00
          decomp         0  (        0 /        0 )  0.00
        p_decomp         0  (        0 /        0 )  0.00
        levelize         0  (        0 /        0 )  0.00
        mb_split         0  (        0 /        0 )  0.00
             dup         0  (        0 /        0 )  0.00
      mux_retime         0  (        0 /        0 )  0.00
         buf2inv         0  (        0 /        0 )  0.00
             exp         0  (        0 /        0 )  0.00
       gate_deco         0  (        0 /        0 )  0.00
       gcomp_tim         0  (        0 /        0 )  0.00
  inv_pair_2_buf         0  (        0 /        0 )  0.00

 init_drc                  49993        0         0         0        0

           Trick     Calls     Accepts   Attempts    Time(secs) 
-----------------------------------------------------------
          plc_st         0  (        0 /        0 )  0.00
        plc_star         0  (        0 /        0 )  0.00
        drc_bufs         0  (        0 /        0 )  0.00
        drc_fopt         0  (        0 /        0 )  0.00
        drc_bufb         0  (        0 /        0 )  0.00
      simple_buf         0  (        0 /        0 )  0.00
             dup         0  (        0 /        0 )  0.00
       crit_dnsz         0  (        0 /        0 )  0.00
       crit_upsz         0  (        0 /        0 )  0.00
       crit_slew         0  (        0 /        0 )  0.00


           Trick     Calls     Accepts   Attempts    Time(secs) 
-----------------------------------------------------------
          plc_st         0  (        0 /        0 )  0.00
        plc_star         0  (        0 /        0 )  0.00
        drc_bufs         0  (        0 /        0 )  0.00
        drc_fopt         0  (        0 /        0 )  0.00
        drc_bufb         0  (        0 /        0 )  0.00
      simple_buf         0  (        0 /        0 )  0.00
             dup         0  (        0 /        0 )  0.00
       crit_dnsz         0  (        0 /        0 )  0.00
       crit_upsz         0  (        0 /        0 )  0.00


           Trick     Calls     Accepts   Attempts    Time(secs) 
-----------------------------------------------------------
          plc_st         0  (        0 /        0 )  0.00
        plc_star         0  (        0 /        0 )  0.00
        drc_bufs         0  (        0 /        0 )  0.00
        drc_fopt         0  (        0 /        0 )  0.00
        drc_bufb         0  (        0 /        0 )  0.00
             dup         0  (        0 /        0 )  0.00
       crit_dnsz         0  (        0 /        0 )  0.00
       crit_upsz         0  (        0 /        0 )  0.00

==================================
Stage : incr_opt 
==================================
  =================
   Message Summary
  =================
--------------------------------------------------------------------------------
|   Id    |  Sev   |Count |                   Message Text                     |
--------------------------------------------------------------------------------
| CFM-1   |Info    |    1 |Wrote dofile.                                       |
| CFM-5   |Info    |    1 |Wrote formal verification information.              |
| CFM-205 |Warning |    1 |The parameter naming style is not LEC-friendly.     |
|         |        |      |To correctly translate the parameter naming style,  |
|         |        |      | value of the hdl_parameter_naming_style attr must  |
|         |        |      | end with '%d'.  There should not be anything after |
|         |        |      | the '%d' descriptor.  Should there be black boxes  |
|         |        |      | in the design, the incorrect translation may       |
|         |        |      | induce false negative in LEC comparison.           |
| CPI-506 |Warning |    1 |Command 'commit_power_intent' cannot proceed as     |
|         |        |      | there is no power intent loaded.                   |
| LBR-155 |Info    |   54 |Mismatch in unateness between 'timing_sense'        |
|         |        |      | attribute and the function.                        |
|         |        |      |The 'timing_sense' attribute will be respected.     |
| PA-7    |Info    |    4 |Resetting power analysis results.                   |
|         |        |      |All computed switching activities are removed.      |
| POPT-56 |Info    |    2 |Clock-gating instances are decloned.                |
|         |        |      |See the Genus Low Power manual for more information |
|         |        |      | on Clock-gating decloning.                         |
| POPT-96 |Info    |    3 |One or more cost groups were automatically created  |
|         |        |      | for clock gate enable paths.                       |
|         |        |      |This feature can be disabled by setting the         |
|         |        |      | attribute lp_clock_gating_auto_cost_grouping       |
|         |        |      | false.                                             |
| ST-112  |Info    |    7 |A super-threading server has been shut down         |
|         |        |      | normally.                                          |
|         |        |      |A super-threaded optimization is complete and a CPU |
|         |        |      | server was successfully shut down.                 |
| SYNTH-5 |Info    |    1 |Done mapping.                                       |
| SYNTH-7 |Info    |    1 |Incrementally optimizing.                           |
--------------------------------------------------------------------------------
Info    : Done incrementally optimizing. [SYNTH-8]
        : Done incrementally optimizing 'Conv'.
      flow.cputime  flow.realtime  timing.setup.tns  timing.setup.wns  snapshot
UM:*                                                                   syn_opt
@file(logical_synthesis_body.tcl) 61: puts "++++++++++++++++++++++++++++++++++++++++++++++++++++++++++++++++++++++++"
++++++++++++++++++++++++++++++++++++++++++++++++++++++++++++++++++++++++
@file(logical_synthesis_body.tcl) 62: puts "Write Reports"
Write Reports
@file(logical_synthesis_body.tcl) 63: puts "++++++++++++++++++++++++++++++++++++++++++++++++++++++++++++++++++++++++"
++++++++++++++++++++++++++++++++++++++++++++++++++++++++++++++++++++++++
@file(logical_synthesis_body.tcl) 64: file mkdir [file join $OUT_FILES reports]
@file(logical_synthesis_body.tcl) 65: file mkdir [file join $OUT_FILES gate_level]
@file(logical_synthesis_body.tcl) 66: file mkdir [file join $OUT_FILES physical_synthesis work]
@file(logical_synthesis_body.tcl) 68: report_clock_gating > [file join $OUT_FILES reports ${TOP_MODULE}_clock_gating.rpt]
Info   : ACTP-0001 [ACTPInfo] Activity propagation started for stim#0 netlist
       : Conv
Info   : ACTP-0009 [ACTPInfo] Activity Propagation Progress Report :   0%   1%   2%   3%   4%   5%   6%   7%   8%   9%  10%  11%  12%  13%  14%  15%  16%  17%  18%  19%  20%  21%  22%  23%  24%  25%  26%  27%  28%  29%  30%  31%  32%  33%  34%  35%  36%  37%  38%  39%  40%  41%  42%  43%  44%  45%  46%  47%  48%  49%  50%  51%  52%  53%  54%  55%  56%  57%  58%  59%  60%  61%  62%  63%  64%  65%  66%  67%  68%  69%  70%  71%  72%  73%  74%  75%  76%  77%  78%  79%  80%  81%  82%  83%  84%  85%  86%  87%  88%  89%  90%  91%  92%  93%  94%  95%  96%  97%  98%  99% 100%
Info   : ACTP-0001 Activity propagation ended for stim#0


@file(logical_synthesis_body.tcl) 69: report_ple > [file join $OUT_FILES reports ${TOP_MODULE}_ple.rpt]
@file(logical_synthesis_body.tcl) 70: report_gates > [file join $OUT_FILES reports ${TOP_MODULE}_gates.rpt]
@file(logical_synthesis_body.tcl) 71: report_area > [file join $OUT_FILES reports ${TOP_MODULE}_area.rpt]
@file(logical_synthesis_body.tcl) 73: set CURRENT_VIEW analysis_view_0p81v_125c_capwst_slowest
@file(logical_synthesis_body.tcl) 74: set_analysis_view -setup ${CURRENT_VIEW} -hold ${CURRENT_VIEW}
@file(logical_synthesis_body.tcl) 75: report_timing > [file join $OUT_FILES reports ${TOP_MODULE}_timing_setup_${CURRENT_VIEW}.rpt]
@file(logical_synthesis_body.tcl) 76: report_power -unit mW > [file join $OUT_FILES reports ${TOP_MODULE}_power_${CURRENT_VIEW}.rpt]
Info    : Joules engine is used. [RPT-16]
        : Joules engine is being used for the command report_power.
Info   : ACTP-0001 Activity propagation started for stim#0 netlist Conv
Info   : ACTP-0009 [ACTPInfo] Activity Propagation Progress Report :   0%   1%   2%   3%   4%   5%   6%   7%   8%   9%  10%  11%  12%  13%  14%  15%  16%  17%  18%  19%  20%  21%  22%  23%  24%  25%  26%  27%  28%  29%  30%  31%  32%  33%  34%  35%  36%  37%  38%  39%  40%  41%  42%  43%  44%  45%  46%  47%  48%  49%  50%  51%  52%  53%  54%  55%  56%  57%  58%  59%  60%  61%  62%  63%  64%  65%  66%  67%  68%  69%  70%  71%  72%  73%  74%  75%  76%  77%  78%  79%  80%  81%  82%  83%  84%  85%  86%  87%  88%  89%  90%  91%  92%  93%  94%  95%  96%  97%  98%  99% 100%
Info   : ACTP-0001 Activity propagation ended for stim#0
Info   : PWRA-0001 [PwrInfo] compute_power effective options 
       : -mode : vectorless
       : -skip_propagation : 1
       : -frequency_scaling_factor : 1.0
       : -use_clock_freq : stim
       : -stim :/stim#0
       : -fromGenus : 1
Info   : ACTP-0001 Timing initialization started
Info   : ACTP-0001 Timing initialization ended
Info   : PWRA-0002 [PwrInfo] Skipping activity propagation due to -skip_ap
       : option....
Warning: PWRA-0302 [PwrWarn] Frequency scaling is not applicable for vectorless
       : flow. Ignoring frequency scaling.
Warning: PWRA-0304 [PwrWarn] -stim option is not applicable with vectorless mode
       : of power analysis, ignored this option.
Info   : PWRA-0002 Started 'vectorless' power computation.
Info   : PWRA-0009 [PwrInfo] Power Computation Progress Report :   3%   6%   9%  12%  15%  18%  21%  24%  27%  30%  33%  36%  39%  42%  45%  48%  51%  54%  57%  61%  64%  67%  70%  73%  76%  79%  82%  85%  88%  91%  94% 100%
Info   : PWRA-0002 Finished power computation.
Info   : PWRA-0007 [PwrInfo] Completed successfully.
       : Info=6, Warn=2, Error=0, Fatal=0
Output file: /sim/tarsio/FastConv_SystemVerilog/rtl/conv3x3/synthesis/conv-tcn9-i40-h14-t10-o9-m05-stream10-prefetch15-rowconst5-trunc-column/logical/results/reports/Conv_power_analysis_view_0p81v_125c_capwst_slowest.rpt
@file(logical_synthesis_body.tcl) 78: set CURRENT_VIEW analysis_view_0p90v_25c_captyp_nominal
@file(logical_synthesis_body.tcl) 79: set_analysis_view -setup ${CURRENT_VIEW} -hold ${CURRENT_VIEW}

Threads Configured:3

  Message Summary for Library tcbn28hpcplusbwp30p140tt0p9v25c.lib:
  ****************************************************************
  Missing a function attribute in the output pin definition. [LBR-518]: 1
  An unsupported construct was detected in this library. [LBR-40]: 1
  ****************************************************************
 
Info    : Created nominal operating condition. [LBR-412]
        : Operating condition '_nominal_' was created for the PVT values (1.000000, 0.900000, 25.000000) in library 'tcbn28hpcplusbwp30p140tt0p9v25c.lib'.
Warning : Library cell has no output pins defined. [LBR-9]
        : Library cell 'ANTENNABWP30P140' must have an output pin.
Warning : Library cell has no output pins defined. [LBR-9]
        : Library cell 'ANTENNABWP30P140' must have an output pin.
Warning : Library cell has no output pins defined. [LBR-9]
        : Library cell 'BOUNDARY_LEFTBWP30P140' must have an output pin.
Warning : Library cell has no output pins defined. [LBR-9]
        : Library cell 'BOUNDARY_LEFTBWP30P140' must have an output pin.
Warning : Library cell has no output pins defined. [LBR-9]
        : Library cell 'BOUNDARY_RIGHTBWP30P140' must have an output pin.
Warning : Library cell has no output pins defined. [LBR-9]
        : Library cell 'BOUNDARY_RIGHTBWP30P140' must have an output pin.
Warning : Unusable clock gating integrated cell found at the time of loading libraries. This warning happens because a particular library cell is defined as 'clock_gating_integrated_cell', but 'dont_use' attribute is defined as true in the liberty library. To make Genus use this cell for clock gating insertion, 'dont_use' attribute should be set to false. [LBR-101]
        : Clock gating integrated cell name: 'CKLHQD20BWP30P140'
Warning : Unusable clock gating integrated cell found at the time of loading libraries. This warning happens because a particular library cell is defined as 'clock_gating_integrated_cell', but 'dont_use' attribute is defined as true in the liberty library. To make Genus use this cell for clock gating insertion, 'dont_use' attribute should be set to false. [LBR-101]
        : Clock gating integrated cell name: 'CKLHQD24BWP30P140'
Warning : Unusable clock gating integrated cell found at the time of loading libraries. This warning happens because a particular library cell is defined as 'clock_gating_integrated_cell', but 'dont_use' attribute is defined as true in the liberty library. To make Genus use this cell for clock gating insertion, 'dont_use' attribute should be set to false. [LBR-101]
        : Clock gating integrated cell name: 'CKLNQD20BWP30P140'
Warning : Unusable clock gating integrated cell found at the time of loading libraries. This warning happens because a particular library cell is defined as 'clock_gating_integrated_cell', but 'dont_use' attribute is defined as true in the liberty library. To make Genus use this cell for clock gating insertion, 'dont_use' attribute should be set to false. [LBR-101]
        : Clock gating integrated cell name: 'CKLNQD24BWP30P140'
Warning : Library cell has no output pins defined. [LBR-9]
        : Library cell 'DCAP16BWP30P140' must have an output pin.
Warning : Library cell has no output pins defined. [LBR-9]
        : Library cell 'DCAP16BWP30P140' must have an output pin.
Warning : Library cell has no output pins defined. [LBR-9]
        : Library cell 'DCAP32BWP30P140' must have an output pin.
Warning : Library cell has no output pins defined. [LBR-9]
        : Library cell 'DCAP32BWP30P140' must have an output pin.
Warning : Library cell has no output pins defined. [LBR-9]
        : Library cell 'DCAP4BWP30P140' must have an output pin.
Warning : Library cell has no output pins defined. [LBR-9]
        : Library cell 'DCAP4BWP30P140' must have an output pin.
Warning : Library cell has no output pins defined. [LBR-9]
        : Library cell 'DCAP64BWP30P140' must have an output pin.
Warning : Library cell has no output pins defined. [LBR-9]
        : Library cell 'DCAP64BWP30P140' must have an output pin.
Warning : Library cell has no output pins defined. [LBR-9]
        : Library cell 'DCAP8BWP30P140' must have an output pin.
Warning : Library cell has no output pins defined. [LBR-9]
        : Library cell 'DCAP8BWP30P140' must have an output pin.
Warning : Library cell has no output pins defined. [LBR-9]
        : Library cell 'FILL16BWP30P140' must have an output pin.
Warning : Library cell has no output pins defined. [LBR-9]
        : Library cell 'FILL16BWP30P140' must have an output pin.
Warning : Library cell has no output pins defined. [LBR-9]
        : Library cell 'FILL2BWP30P140' must have an output pin.
Warning : Library cell has no output pins defined. [LBR-9]
        : Library cell 'FILL2BWP30P140' must have an output pin.
  Library has 530 usable logic and 349 usable sequential lib-cells.
Warning : Physical cell not defined in library. [PHYS-279]
        : The physical (LEF) cell ISOHID1BWP30P140 cannot be found in library.
Warning : Physical cell not defined in library. [PHYS-279]
        : The physical (LEF) cell ISOHID2BWP30P140 cannot be found in library.
Warning : Physical cell not defined in library. [PHYS-279]
        : The physical (LEF) cell ISOHID4BWP30P140 cannot be found in library.
Warning : Physical cell not defined in library. [PHYS-279]
        : The physical (LEF) cell ISOHID8BWP30P140 cannot be found in library.
Warning : Physical cell not defined in library. [PHYS-279]
        : The physical (LEF) cell ISOLOD1BWP30P140 cannot be found in library.
Warning : Physical cell not defined in library. [PHYS-279]
        : The physical (LEF) cell ISOLOD2BWP30P140 cannot be found in library.
Warning : Physical cell not defined in library. [PHYS-279]
        : The physical (LEF) cell ISOLOD4BWP30P140 cannot be found in library.
Warning : Physical cell not defined in library. [PHYS-279]
        : The physical (LEF) cell ISOLOD8BWP30P140 cannot be found in library.
Warning : Physical cell not defined in library. [PHYS-279]
        : The physical (LEF) cell ISOSRHID2BWP30P140 cannot be found in library.
Warning : Physical cell not defined in library. [PHYS-279]
        : The physical (LEF) cell ISOSRHID4BWP30P140 cannot be found in library.
Warning : Physical cell not defined in library. [PHYS-279]
        : The physical (LEF) cell ISOSRHID8BWP30P140 cannot be found in library.
Warning : Physical cell not defined in library. [PHYS-279]
        : The physical (LEF) cell ISOSRLOD2BWP30P140 cannot be found in library.
Warning : Physical cell not defined in library. [PHYS-279]
        : The physical (LEF) cell ISOSRLOD4BWP30P140 cannot be found in library.
Warning : Physical cell not defined in library. [PHYS-279]
        : The physical (LEF) cell ISOSRLOD8BWP30P140 cannot be found in library.
Warning : Physical cell not defined in library. [PHYS-279]
        : The physical (LEF) cell LVLHLCD1BWP30P140 cannot be found in library.
Warning : Physical cell not defined in library. [PHYS-279]
        : The physical (LEF) cell LVLHLCD2BWP30P140 cannot be found in library.
Warning : Physical cell not defined in library. [PHYS-279]
        : The physical (LEF) cell LVLHLCD4BWP30P140 cannot be found in library.
Warning : Physical cell not defined in library. [PHYS-279]
        : The physical (LEF) cell LVLHLCD8BWP30P140 cannot be found in library.
Warning : Physical cell not defined in library. [PHYS-279]
        : The physical (LEF) cell LVLHLCLOD1BWP30P140 cannot be found in library.
Warning : Physical cell not defined in library. [PHYS-279]
        : The physical (LEF) cell LVLHLCLOD2BWP30P140 cannot be found in library.
Warning : Inconsistency detected among the units specified in the timing libraries being used. [LBR-714]
        : Libraries with inconsistent time/capacitance units were loaded.
        : Default system time/capacitance unit will be used.
#
# Start activating view: analysis_view:Conv/analysis_view_0p90v_25c_captyp_nominal
#
#
# Done activating view: analysis_view:Conv/analysis_view_0p90v_25c_captyp_nominal
#
@file(logical_synthesis_body.tcl) 80: report_timing > [file join $OUT_FILES reports ${TOP_MODULE}_timing_setup_${CURRENT_VIEW}.rpt]
@file(logical_synthesis_body.tcl) 81: report_power -unit mW > [file join $OUT_FILES reports ${TOP_MODULE}_power_${CURRENT_VIEW}.rpt]
Info    : Joules engine is used. [RPT-16]
        : Joules engine is being used for the command report_power.
Info   : ACTP-0001 Activity propagation started for stim#0 netlist Conv
Info   : ACTP-0009 [ACTPInfo] Activity Propagation Progress Report :   0%   1%   2%   3%   4%   5%   6%   7%   8%   9%  10%  11%  12%  13%  14%  15%  16%  17%  18%  19%  20%  21%  22%  23%  24%  25%  26%  27%  28%  29%  30%  31%  32%  33%  34%  35%  36%  37%  38%  39%  40%  41%  42%  43%  44%  45%  46%  47%  48%  49%  50%  51%  52%  53%  54%  55%  56%  57%  58%  59%  60%  61%  62%  63%  64%  65%  66%  67%  68%  69%  70%  71%  72%  73%  74%  75%  76%  77%  78%  79%  80%  81%  82%  83%  84%  85%  86%  87%  88%  89%  90%  91%  92%  93%  94%  95%  96%  97%  98%  99% 100%
Info   : ACTP-0001 Activity propagation ended for stim#0
Info   : PWRA-0001 compute_power effective options 
       : -mode : vectorless
       : -skip_propagation : 1
       : -frequency_scaling_factor : 1.0
       : -use_clock_freq : stim
       : -stim :/stim#0
       : -fromGenus : 1
Info   : ACTP-0001 Timing initialization started
Info   : ACTP-0001 Timing initialization ended
Info   : PWRA-0002 Skipping activity propagation due to -skip_ap option....
Warning: PWRA-0302 Frequency scaling is not applicable for vectorless flow.
       : Ignoring frequency scaling.
Warning: PWRA-0304 -stim option is not applicable with vectorless mode of power
       : analysis, ignored this option.
Info   : PWRA-0002 Started 'vectorless' power computation.
Info   : PWRA-0009 [PwrInfo] Power Computation Progress Report :   3%   6%   9%  12%  15%  18%  21%  24%  27%  30%  33%  36%  39%  42%  45%  48%  51%  54%  57%  61%  64%  67%  70%  73%  76%  79%  82%  85%  88%  91%  94% 100%
Info   : PWRA-0002 Finished power computation.
Info   : PWRA-0007 Completed successfully.
       : Info=6, Warn=2, Error=0, Fatal=0
Output file: /sim/tarsio/FastConv_SystemVerilog/rtl/conv3x3/synthesis/conv-tcn9-i40-h14-t10-o9-m05-stream10-prefetch15-rowconst5-trunc-column/logical/results/reports/Conv_power_analysis_view_0p90v_25c_captyp_nominal.rpt
@file(logical_synthesis_body.tcl) 83: set CURRENT_VIEW analysis_view_0p99v_m40c_capbst_fastest
@file(logical_synthesis_body.tcl) 84: set_analysis_view -setup ${CURRENT_VIEW} -hold ${CURRENT_VIEW}

Threads Configured:3

  Message Summary for Library tcbn28hpcplusbwp30p140ffg0p99vm40c.lib:
  *******************************************************************
  Missing a function attribute in the output pin definition. [LBR-518]: 1
  An unsupported construct was detected in this library. [LBR-40]: 1
  *******************************************************************
 
Info    : Created nominal operating condition. [LBR-412]
        : Operating condition '_nominal_' was created for the PVT values (1.000000, 0.990000, -40.000000) in library 'tcbn28hpcplusbwp30p140ffg0p99vm40c.lib'.
Warning : Unusable clock gating integrated cell found at the time of loading libraries. This warning happens because a particular library cell is defined as 'clock_gating_integrated_cell', but 'dont_use' attribute is defined as true in the liberty library. To make Genus use this cell for clock gating insertion, 'dont_use' attribute should be set to false. [LBR-101]
        : Clock gating integrated cell name: 'CKLHQD20BWP30P140'
Warning : Unusable clock gating integrated cell found at the time of loading libraries. This warning happens because a particular library cell is defined as 'clock_gating_integrated_cell', but 'dont_use' attribute is defined as true in the liberty library. To make Genus use this cell for clock gating insertion, 'dont_use' attribute should be set to false. [LBR-101]
        : Clock gating integrated cell name: 'CKLHQD24BWP30P140'
Warning : Unusable clock gating integrated cell found at the time of loading libraries. This warning happens because a particular library cell is defined as 'clock_gating_integrated_cell', but 'dont_use' attribute is defined as true in the liberty library. To make Genus use this cell for clock gating insertion, 'dont_use' attribute should be set to false. [LBR-101]
        : Clock gating integrated cell name: 'CKLNQD20BWP30P140'
Warning : Unusable clock gating integrated cell found at the time of loading libraries. This warning happens because a particular library cell is defined as 'clock_gating_integrated_cell', but 'dont_use' attribute is defined as true in the liberty library. To make Genus use this cell for clock gating insertion, 'dont_use' attribute should be set to false. [LBR-101]
        : Clock gating integrated cell name: 'CKLNQD24BWP30P140'
  Library has 530 usable logic and 349 usable sequential lib-cells.
Warning : Inconsistency detected among the units specified in the timing libraries being used. [LBR-714]
        : Libraries with inconsistent time/capacitance units were loaded.
#
# Start activating view: analysis_view:Conv/analysis_view_0p99v_m40c_capbst_fastest
#
#
# Done activating view: analysis_view:Conv/analysis_view_0p99v_m40c_capbst_fastest
#
@file(logical_synthesis_body.tcl) 85: report_timing > [file join $OUT_FILES reports ${TOP_MODULE}_timing_setup_${CURRENT_VIEW}.rpt]
@file(logical_synthesis_body.tcl) 86: report_power -unit mW > [file join $OUT_FILES reports ${TOP_MODULE}_power_${CURRENT_VIEW}.rpt]
Info    : Joules engine is used. [RPT-16]
        : Joules engine is being used for the command report_power.
Info   : ACTP-0001 Activity propagation started for stim#0 netlist Conv
Info   : ACTP-0009 [ACTPInfo] Activity Propagation Progress Report :   0%   1%   2%   3%   4%   5%   6%   7%   8%   9%  10%  11%  12%  13%  14%  15%  16%  17%  18%  19%  20%  21%  22%  23%  24%  25%  26%  27%  28%  29%  30%  31%  32%  33%  34%  35%  36%  37%  38%  39%  40%  41%  42%  43%  44%  45%  46%  47%  48%  49%  50%  51%  52%  53%  54%  55%  56%  57%  58%  59%  60%  61%  62%  63%  64%  65%  66%  67%  68%  69%  70%  71%  72%  73%  74%  75%  76%  77%  78%  79%  80%  81%  82%  83%  84%  85%  86%  87%  88%  89%  90%  91%  92%  93%  94%  95%  96%  97%  98%  99% 100%
Info   : ACTP-0001 Activity propagation ended for stim#0
Info   : PWRA-0001 compute_power effective options 
       : -mode : vectorless
       : -skip_propagation : 1
       : -frequency_scaling_factor : 1.0
       : -use_clock_freq : stim
       : -stim :/stim#0
       : -fromGenus : 1
Info   : ACTP-0001 Timing initialization started
Info   : ACTP-0001 Timing initialization ended
Info   : PWRA-0002 Skipping activity propagation due to -skip_ap option....
Warning: PWRA-0302 Frequency scaling is not applicable for vectorless flow.
       : Ignoring frequency scaling.
Warning: PWRA-0304 -stim option is not applicable with vectorless mode of power
       : analysis, ignored this option.
Info   : PWRA-0002 Started 'vectorless' power computation.
Info   : PWRA-0009 [PwrInfo] Power Computation Progress Report :   3%   6%   9%  12%  15%  18%  21%  24%  27%  30%  33%  36%  39%  42%  45%  48%  51%  54%  57%  61%  64%  67%  70%  73%  76%  79%  82%  85%  88%  91%  94% 100%
Info   : PWRA-0002 Finished power computation.
Info   : PWRA-0007 Completed successfully.
       : Info=6, Warn=2, Error=0, Fatal=0
Output file: /sim/tarsio/FastConv_SystemVerilog/rtl/conv3x3/synthesis/conv-tcn9-i40-h14-t10-o9-m05-stream10-prefetch15-rowconst5-trunc-column/logical/results/reports/Conv_power_analysis_view_0p99v_m40c_capbst_fastest.rpt
@file(logical_synthesis_body.tcl) 87: report_timing -lint -verbose > [file join $OUT_FILES reports ${TOP_MODULE}_timing_setup_${CURRENT_VIEW}_verbose.rpt]
Info    : Timing analysis will be done for this view. [TUI-744]
        : View is 'analysis_view:Conv/analysis_view_0p99v_m40c_capbst_fastest'.
        : Worst paths will be shown in this view.
@file(logical_synthesis_body.tcl) 88: report_timing -unconstrained > [file join $OUT_FILES reports ${TOP_MODULE}_timing_setup_${CURRENT_VIEW}_verbose_unconstrained.rpt]
@file(logical_synthesis_body.tcl) 90: puts "++++++++++++++++++++++++++++++++++++++++++++++++++++++++++++++++++++++++"
++++++++++++++++++++++++++++++++++++++++++++++++++++++++++++++++++++++++
@file(logical_synthesis_body.tcl) 91: puts "Write netlist"
Write netlist
@file(logical_synthesis_body.tcl) 92: puts "++++++++++++++++++++++++++++++++++++++++++++++++++++++++++++++++++++++++"
++++++++++++++++++++++++++++++++++++++++++++++++++++++++++++++++++++++++
@file(logical_synthesis_body.tcl) 93: write_hdl > [file join $OUT_FILES gate_level ${TOP_MODULE}_logic_mapped.v]
@file(logical_synthesis_body.tcl) 95: set CURRENT_VIEW analysis_view_0p81v_125c_capwst_slowest
@file(logical_synthesis_body.tcl) 96: set_analysis_view -setup ${CURRENT_VIEW} -hold ${CURRENT_VIEW}
#
# Start activating view: analysis_view:Conv/analysis_view_0p81v_125c_capwst_slowest
#
#
# Done activating view: analysis_view:Conv/analysis_view_0p81v_125c_capwst_slowest
#
@file(logical_synthesis_body.tcl) 97: write_sdf > [file join $OUT_FILES gate_level ${TOP_MODULE}_${CURRENT_VIEW}.sdf]
Warning : Default value for an option has changed in this release. [WSDF-104]
        : Default value for -setuphold has changed from split to merge_always. Specify '-setuphold split' to preserve the behavior of the previous release.
        : Specify the option explicitly.
Warning : Default value for an option has changed in this release. [WSDF-104]
        : Default value for -recrem has changed from split to merge_always. Specify '-recrem split' to preserve the behavior of the previous release.
@file(logical_synthesis_body.tcl) 99: set CURRENT_VIEW analysis_view_0p90v_25c_captyp_nominal
@file(logical_synthesis_body.tcl) 100: set_analysis_view -setup ${CURRENT_VIEW} -hold ${CURRENT_VIEW}
#
# Start activating view: analysis_view:Conv/analysis_view_0p90v_25c_captyp_nominal
#
#
# Done activating view: analysis_view:Conv/analysis_view_0p90v_25c_captyp_nominal
#
@file(logical_synthesis_body.tcl) 101: write_sdf > [file join $OUT_FILES gate_level ${TOP_MODULE}_${CURRENT_VIEW}.sdf]
Warning : Default value for an option has changed in this release. [WSDF-104]
        : Default value for -setuphold has changed from split to merge_always. Specify '-setuphold split' to preserve the behavior of the previous release.
Warning : Default value for an option has changed in this release. [WSDF-104]
        : Default value for -recrem has changed from split to merge_always. Specify '-recrem split' to preserve the behavior of the previous release.
@file(logical_synthesis_body.tcl) 103: set CURRENT_VIEW analysis_view_0p99v_m40c_capbst_fastest
@file(logical_synthesis_body.tcl) 104: set_analysis_view -setup ${CURRENT_VIEW} -hold ${CURRENT_VIEW}
#
# Start activating view: analysis_view:Conv/analysis_view_0p99v_m40c_capbst_fastest
#
#
# Done activating view: analysis_view:Conv/analysis_view_0p99v_m40c_capbst_fastest
#
@file(logical_synthesis_body.tcl) 105: write_sdf > [file join $OUT_FILES gate_level ${TOP_MODULE}_${CURRENT_VIEW}.sdf]
Warning : Default value for an option has changed in this release. [WSDF-104]
        : Default value for -setuphold has changed from split to merge_always. Specify '-setuphold split' to preserve the behavior of the previous release.
Warning : Default value for an option has changed in this release. [WSDF-104]
        : Default value for -recrem has changed from split to merge_always. Specify '-recrem split' to preserve the behavior of the previous release.
@file(logical_synthesis_body.tcl) 107: set_analysis_view -setup analysis_view_0p81v_125c_capwst_slowest \
                  -hold analysis_view_0p99v_m40c_capbst_fastest
#
# Start activating view: analysis_view:Conv/analysis_view_0p81v_125c_capwst_slowest
#
#
# Done activating view: analysis_view:Conv/analysis_view_0p81v_125c_capwst_slowest
#
@file(logical_synthesis_body.tcl) 109: write_design -innovus -base_name [file join $OUT_FILES physical_synthesis work data]
Warning : This command will be obsolete in a next major release. [TUI-37]
        : Option '-innovus' is being obsoleted. Use 'write_db -common' for saving design databases to operate with other Cadence tools. Use 'write_design' in future releases for saving files for operations with non-Cadence tools.

(write_design): Writing Innovus content. Constraint interface is: 'mmmc2'
(write_design): Writing Genus content. Constraint interface is 'mmmc2'
Warning : Attribute design_process_node is not set for this design. [PHYS-1011]
        : Missing data.
        : When attribute design_process_node is not set to an appropriate integer value >=5 and <=250, then Innovus will assume its own default value for the design process node. See the Innovus setDesignMode -process <> command for more information about what this setting does.
Exporting design data for 'Conv' to /sim/tarsio/FastConv_SystemVerilog/rtl/conv3x3/synthesis/conv-tcn9-i40-h14-t10-o9-m05-stream10-prefetch15-rowconst5-trunc-column/logical/results/physical_synthesis/work/data...
%# Begin write_design (10/04 22:09:40, mem=2462.38M)
      flow.cputime  flow.realtime  timing.setup.tns  timing.setup.wns  snapshot
UM:*                                                                   write_design
No loop breaker instances found (cdn_loop_breaker).
File /sim/tarsio/FastConv_SystemVerilog/rtl/conv3x3/synthesis/conv-tcn9-i40-h14-t10-o9-m05-stream10-prefetch15-rowconst5-trunc-column/logical/results/physical_synthesis/work/data.mmmc.tcl has been written.
Finished SDC export (command execution time mm:ss (real) = 00:01).
Info: file /sim/tarsio/FastConv_SystemVerilog/rtl/conv3x3/synthesis/conv-tcn9-i40-h14-t10-o9-m05-stream10-prefetch15-rowconst5-trunc-column/logical/results/physical_synthesis/work/data.constraints_default.sdc has been written
Info: file /sim/tarsio/FastConv_SystemVerilog/rtl/conv3x3/synthesis/conv-tcn9-i40-h14-t10-o9-m05-stream10-prefetch15-rowconst5-trunc-column/logical/results/physical_synthesis/work/data.constraints_default.sdc has been written

Number of user defined NDR nets found: 0

Number of NDR nets found: 0
Number of nets with minimum layer assignments: 0

** To load the database source /sim/tarsio/FastConv_SystemVerilog/rtl/conv3x3/synthesis/conv-tcn9-i40-h14-t10-o9-m05-stream10-prefetch15-rowconst5-trunc-column/logical/results/physical_synthesis/work/data.invs_setup.tcl in an Innovus session.
** To load the database source /sim/tarsio/FastConv_SystemVerilog/rtl/conv3x3/synthesis/conv-tcn9-i40-h14-t10-o9-m05-stream10-prefetch15-rowconst5-trunc-column/logical/results/physical_synthesis/work/data.genus_setup.tcl in an Genus(TM) Synthesis Solution session.
Finished exporting design data for 'Conv' (command execution time mm:ss cpu = 00:01, real = 00:06).
.
%# End write_design (10/04 22:09:46, total cpu=05:00:01, real=05:00:06, peak res=3867.60M, current mem=2390.38M)
@file(logical_synthesis_body.tcl) 111: set CURRENT_VIEW analysis_view_0p90v_25c_captyp_nominal
@file(logical_synthesis_body.tcl) 112: set_analysis_view -setup ${CURRENT_VIEW} -hold ${CURRENT_VIEW}
#
# Start activating view: analysis_view:Conv/analysis_view_0p90v_25c_captyp_nominal
#
#
# Done activating view: analysis_view:Conv/analysis_view_0p90v_25c_captyp_nominal
#
@file(logical_synthesis_body.tcl) 113: write_db [file join $OUT_FILES gate_level ${TOP_MODULE}_logic_mapped.db]
Finished exporting design database to file '/sim/tarsio/FastConv_SystemVerilog/rtl/conv3x3/synthesis/conv-tcn9-i40-h14-t10-o9-m05-stream10-prefetch15-rowconst5-trunc-column/logical/results/gate_level/Conv_logic_mapped.db' for 'Conv' (command execution time mm:ss cpu = 00:01, real = 00:01).
@file(logical_synthesis_body.tcl) 115: exit

Lic Summary:
[22:09:48.321739] Cdslmd servers: paxos
[22:09:48.321747] Feature usage summary:
[22:09:48.321747] Genus_Synthesis


+-----------+--------------------+-----+----------------------+---------------------------+
|   Host    |      Machine       | CPU | Physical Memory (MB) | Peak Physical Memory (MB) |
+-----------+--------------------+-----+----------------------+---------------------------+
| localhost | paxos.inf.pucrs.br |  1  |        2356.1        |          3867.6           |
+-----------+--------------------+-----+----------------------+---------------------------+

+---------------+----------------------+---------------------------+
|    Server     | Physical Memory (MB) | Peak Physical Memory (MB) |
+---------------+----------------------+---------------------------+
| localhost_1_0 |        578.2         |          2268.6           |
+---------------+----------------------+---------------------------+

Info    : A super-threading server has been shut down normally. [ST-112]
        : The server 'localhost_1_0' was process '1792158' on this host.
        : A super-threaded optimization is complete and a CPU server was successfully shut down.
