-0.562552 -0.293856 -0.596461 -1.444310 0.169852 2.201445 -0.242779 0.122596 -0.768164 -0.171003 0.605658 -0.533359 0.274930 -0.721343 0.528612 -0.492479 1.683623 1.090817 0.073607 0.099519 -1.034977 1.877282 -0.596027 1.104519 -0.523589 -0.358216 1.759714 -2.263119 -0.369866 0.046488 0.409439 -0.844614 -0.383544 -0.599986 0.201340 -0.171917 0.283700 -1.372494 -1.524916 1.028742 1.049989 -1.190007 -0.429436 0.074780 -1.352846 -1.075291 2.179420 -0.312002 -0.652298 -0.954648 -0.005386 -0.062992 0.005017 0.279766 0.204235 -0.152398 0.405327 0.303692 -0.689317 1.896664 0.233201 -0.214331 -0.571714 -0.217535 -1.406852 -1.075932 -0.288847 1.145054 1.889425 -0.388456 -0.429894 -0.674268 -1.035662 -1.116797 -0.245360 0.285700 0.651579 -1.594759 -1.556985 1.545801 0.936113 -0.753604 0.757321 0.172041 -0.819638 -0.558070 -1.047795 -0.520090 -0.407832 0.158294 -0.925368 0.365871 -0.355461 -0.891747 -1.525549 1.609475 -0.884419 0.122614 -1.290078 0.493501 0.583134 -0.213907 0.695582 0.543572 -0.380084 1.375652 -0.329553 0.371851 -0.091370 0.364740 0.428334 -1.215153 -0.571079 1.130328 -0.161802 -0.952987 -0.233852 -1.941498 0.572416 0.892932 0.636325 -1.062323 -1.413473 -0.871208 -0.643148 0.110344 0.500754 -0.940992 0.774252 -1.006958 -0.139283 -0.864416 -0.125961 0.408795 0.020786 -0.734558 -1.426432 1.698479 -0.535802 -0.196106 0.984433 -0.188712 -0.620524 -0.105436 -0.615096 0.223003 -0.657967 -1.572854 0.453941 -0.099422 0.534537 -0.464452 1.276550 -0.384072 -1.278649 0.440114 -0.557071 0.496888 -1.541791 1.193517 1.629458 0.440474 -1.342998 2.045181 -0.255669 0.545767 -1.450881 -0.580865 -1.564109 -1.522630 1.494864 -1.439148 0.824752 0.413452 -0.508612 -0.027713 0.483616 -0.022438 -0.865846 -0.017972 -0.600277 -0.032338 0.222617 -0.389611 2.031504 -0.447607 -0.437591 0.610525 0.200863 -0.902307 -0.361465 0.554073 0.134244 -0.897055 1.171092 -1.543557 1.266893 0.840291 -1.745842 0.094900 -1.758038 -0.388771 0.167883 -0.518241 -0.726573 -0.704383 0.520673 -0.840148 0.844795 -0.949204 -0.768251 -1.093493 0.396075 -3.443406 1.198773 -0.288630 -1.326847 1.497250 2.030333 0.504162 0.131235 -0.557353 -0.621472 -0.756537 -0.435339 0.780038 0.744710 0.859543 -0.554377 -2.583718 0.244019 0.711554 -0.440988 -0.663544 0.171867 -0.333455 0.292761 1.044899 1.849089 -0.035197 -0.188747 0.019404 -0.619767 -2.567854
0.650614 1.456611 0.274692 -0.787957 -0.413089 -0.273971 -1.476994 1.409044 -2.533331 -1.189652 1.269165 1.307400 1.012525 -0.167974 -0.377081 0.340790 1.971170 -0.941487 -0.194276 -0.777742 -0.750831 1.099657 0.092911 1.310564 -1.252533 0.806377 2.470808 -0.757114 1.572468 -0.925580 0.664233 0.926923 0.137951 -0.042664 -0.775557 -0.733705 -0.121934 -0.061259 0.578112 0.147619 0.427047 -1.821325 -1.006450 -1.219224 -0.280473 -1.178529 -0.860892 -0.295512 0.968195 -0.235004 0.502092 -1.891945 0.051863 0.094673 0.231723 -0.764767 -0.695227 1.123574 0.358712 1.645137 -1.758834 -0.880152 -0.394798 -0.299854 -0.086985 -1.197118 -0.325300 2.157424 1.486834 2.002747 1.313244 -1.341504 -0.268136 -0.670426 -0.930487 0.701015 -0.380718 1.699263 1.135683 -0.525282 0.495714 1.079536 1.037489 1.511130 0.733687 -0.251100 -1.442753 -1.236514 0.439272 -0.090092 -0.836079 0.414782 -0.083843 0.544073 -0.951377 -0.021281 -0.278305 0.013408 -0.299613 1.369618 -1.148075 -1.660687 -0.259852 1.004210 0.650935 -0.446903 -0.251578 0.571112 -1.740755 -0.814671 1.752171 0.828309 -1.565733 -0.264181 -1.073497 0.421370 -0.451267 0.739482 -0.434606 1.329269 0.227284 0.667855 0.384483 -0.014537 0.300060 -1.528182 0.332395 -2.696588 -0.550992 0.293722 -1.154740 -1.014924 0.522585 -0.064846 -2.148318 0.521291 -1.043448 -1.530202 -0.040134 -1.461711 0.199293 0.159393 -1.418659 0.096397 0.763018 -0.089600 -1.044611 0.669735 0.744171 0.587992 0.130141 0.057198 0.762585 1.247309 0.058706 -0.401723 -1.116614 0.227983 0.206761 0.412642 -0.228347 1.134425 -0.283694 0.960617 -2.449972 -1.074849 1.320363 -0.623988 -2.677541 0.035816 0.986829 -0.077239 -1.262843 -1.703938 -0.566588 -0.901603 -1.428880 -0.372508 -1.358821 -1.865450 -0.546768 -0.248717 -0.096593 0.770252 -0.751416 0.109032 -2.379843 -0.742581 0.415746 -1.322789 -0.786932 2.214057 -1.994294 0.940309 -0.581180 0.108207 -0.373485 1.288015 1.121487 -0.552772 -0.947448 -1.551831 0.681921 1.877439 1.321432 0.579920 2.918020 -0.319840 1.507298 -0.819602 -1.649232 -1.330675 -0.107248 -0.822074 -2.333589 0.224579 0.463346 -0.809269 -1.114279 0.680095 1.084429 -0.323553 -0.154368 0.681974 -1.315151 -0.730770 -0.894068 0.774633 -1.019052 -0.264698 0.531980 -0.410841 -0.342545 0.054419 -0.117162 -2.531567 -0.720651 0.307271 0.512964 2.147889 -1.261075 1.525063 0.999158 -0.009126
-0.127186 -1.148102 -0.650660 -0.870170 -1.611915 -1.019635 -1.152666 0.055266 0.237472 -0.297797 1.276838 0.422032 -0.049873 -0.505293 0.215448 -0.696481 -1.212395 0.280832 -0.284758 -0.993667 0.434717 0.802864 1.370026 1.403097 -0.696240 -1.166465 -0.131944 -1.271123 -0.840217 -0.609245 0.693144 -1.473328 -0.011294 1.124369 -1.530770 -0.229156 -0.873658 -0.394866 -1.125896 0.868442 -0.265945 0.449323 -0.423917 0.209077 -0.150989 0.806047 -0.232962 1.180221 0.478332 -0.355423 -0.309694 0.345570 -0.596528 -0.053192 1.006197 -0.546215 -2.025788 -0.305974 -1.648860 2.034718 -0.164570 -0.711675 -0.692917 0.236933 -0.489030 1.247372 -0.212676 1.404653 -1.367667 -1.553864 -1.941072 1.094820 0.813146 0.061342 0.491463 -1.477525 0.552799 0.220559 0.210559 0.291930 -0.217616 -0.125875 -0.482843 0.462682 0.503019 0.472524 -1.159160 0.595857 -2.277428 0.872965 -0.638049 0.219581 0.851784 0.332384 0.470315 0.328169 -0.190971 -0.102879 1.625473 -0.451599 2.518628 0.133636 0.386735 0.348561 1.794498 3.137933 1.649815 -1.012691 1.528839 1.319538 -0.065742 -0.533547 -1.562611 0.372354 -0.095592 -0.691642 -0.094909 -0.522438 -1.065467 -0.624803 -0.047881 -0.664264 -1.713771 0.274538 -0.984350 -1.551197 -1.134934 0.390903 0.751940 -0.403110 -1.074496 0.531820 -0.525509 -0.457177 0.824504 0.270746 1.798841 0.956330 0.340067 0.689117 -1.172233 1.246614 1.359182 0.466339 -0.469142 0.546946 -0.508053 2.628980 0.904672 -0.642583 -0.210171 -1.370769 0.438673 -0.692488 0.808082 0.849351 -0.974149 1.250886 0.180092 2.456696 0.662943 0.763744 2.030812 -0.893778 -0.595726 -0.477980 1.432273 -0.405543 -0.914566 0.141417 0.901188 -0.740311 0.307774 0.919468 -2.683420 -1.876271 0.210658 1.711496 1.042101 0.056351 0.801404 0.390159 0.887395 0.039919 -0.156518 -0.266528 0.083568 -0.107675 -0.610329 -0.665459 0.773019 0.145991 0.327799 -0.206834 0.163570 -0.355358 0.120768 -0.024434 -1.775474 -1.012576 0.882879 -1.087115 -0.029541 0.701064 0.922861 0.122439 -0.592784 0.811348 -0.608430 -0.250238 -0.236590 -0.137313 0.404946 -0.029075 -1.418644 -0.355328 0.269165 1.461898 -0.017683 -0.028530 0.875121 -0.499364 -0.571205 0.330128 0.537794 1.367067 1.425648 1.394728 -0.485060 0.443634 0.073788 0.037480 -0.672334 0.645199 1.522241 -1.001498 1.385658 0.905885 0.710006 -0.282096 1.302396 -1.121295 1.017298 0.456175
0.267673 -0.416403 1.262209 -1.330412 -1.128123 -1.613933 -0.154920 -0.721918 1.199105 -2.200783 0.192332 -0.263779 0.556010 -1.087766 1.241243 -1.019908 -2.558020 0.836325 -1.690690 -2.418581 -1.169769 -1.143338 0.085448 0.338315 -0.712424 1.979236 0.947509 -0.053176 1.621356 -0.295340 0.952747 -0.060439 -0.297772 -0.880692 1.817051 -0.672789 -0.031109 1.150132 -0.367799 -0.731311 -1.418353 1.929875 0.629887 -0.269185 0.472631 -0.480425 0.360465 0.127780 0.769896 -0.024320 0.398409 -0.292185 -0.352736 -0.613982 1.160386 -0.367577 -0.010671 -1.421875 -1.130508 -0.884945 -0.194210 -0.031781 1.155725 -0.208229 0.634846 -0.143343 -0.909110 1.092741 -0.066657 1.011840 1.562392 1.136047 0.458970 1.300814 1.289064 -0.197332 -1.111466 -0.128335 -0.466039 1.845021 -1.270785 -0.974614 1.458945 -1.691549 0.617544 0.176776 0.265940 -1.542150 -0.632378 0.581596 0.801176 1.360846 1.187093 -1.988339 -1.781941 0.202827 -0.857371 1.090901 0.978934 0.408683 -1.461008 -0.335592 -0.728745 0.156021 -0.051946 1.094573 -1.089587 0.388347 1.053715 0.421377 0.454307 -0.912713 -0.520637 -0.058267 0.736488 0.461646 -0.843754 0.252924 0.056082 0.866346 1.785761 -0.184446 1.001994 -0.335831 0.075958 -0.693534 1.609966 1.028434 -0.732664 -0.216511 -1.477981 -1.100715 -0.696066 -1.359127 0.961053 -0.027987 -0.681317 -0.700947 -0.172714 0.346573 -2.058965 0.494607 -0.363308 0.570067 -0.251976 1.206076 1.865047 0.648160 -0.453726 0.672486 -0.702055 0.625651 -2.362497 1.053702 0.755176 -0.250349 -0.019466 0.549596 -0.806895 -1.017297 -1.443288 -0.660390 0.850478 0.779383 1.143926 -0.584515 1.403504 -2.776463 0.821644 0.532951 1.999698 1.745721 0.010166 -0.740265 0.334471 -1.197648 1.365005 0.203946 0.393741 -0.809014 0.019492 -0.435364 -1.782672 -0.282456 -0.100145 0.642612 0.174827 0.007511 -0.505520 -2.159198 -1.747178 -0.053957 0.524794 -0.179655 -1.231445 -0.531271 0.778275 -1.589105 -1.845226 0.573604 0.913149 -0.123834 1.422977 -0.084148 -0.096234 0.740612 -0.174551 -2.135094 0.152100 0.687045 -0.603056 0.119113 -0.876751 2.110106 0.514483 1.481079 -0.703344 0.610012 -0.819635 0.325439 0.348165 1.206489 1.044135 -0.107055 -1.306130 0.343238 -0.320594 -0.197809 -1.283494 0.884192 -0.373866 0.794139 0.129982 1.086494 0.643094 0.539298 -0.873877 -0.452936 0.257354 -1.631045 0.899013 -0.208560 -0.740816 1.019611
1.865481 0.326256 -0.110772 0.507006 -2.351151 0.357249 0.010351 0.736408 -0.039801 1.332016 0.011029 -1.258458 1.111295 -3.204047 -1.433811 -0.656297 0.946885 -0.201982 0.646261 -0.682731 -1.229801 -0.857140 -1.891691 0.447253 0.820729 -0.100411 1.390821 0.607848 -0.079268 0.685107 -1.399558 -0.455200 0.285288 0.237951 1.503664 0.256902 -0.050572 0.523376 -0.332224 1.999819 -0.438100 0.520191 -0.310175 -0.872274 1.145887 -0.399791 -0.142928 0.929782 -1.721069 -0.401878 2.211381 1.200525 -0.151557 -0.560614 3.223226 0.476498 0.178720 0.902728 1.923001 -0.939182 -0.555687 -0.417121 1.815953 -0.652688 1.158786 0.904083 -0.565156 2.037858 0.375398 -1.869812 0.585441 -0.966578 0.498432 1.621893 0.511658 -0.511680 1.211354 -1.569566 -2.036923 1.663336 0.501551 2.479050 -1.415365 -1.075882 0.723422 -0.972310 -2.150605 -0.385076 -0.963985 -0.624288 1.948961 -0.544847 1.015714 0.413150 -0.317443 -2.371120 0.216118 1.080632 -2.192381 0.024619 1.041226 -0.502674 -0.119998 -1.204800 -0.438657 1.012501 1.368687 -1.147745 -1.559880 -0.149715 1.009938 0.867501 -1.473547 -0.678112 -0.601860 -0.874768 -0.594182 1.626463 0.094026 -0.740098 0.013569 1.059813 0.023103 1.714116 0.912963 -2.001833 -0.480511 1.434579 -0.253446 0.259398 -2.472040 -0.453071 0.821023 0.220624 -2.372095 -0.997823 -0.181370 0.471568 0.345722 0.422034 -0.584386 0.068203 -0.464758 0.270467 -1.770356 -0.086420 0.276855 -0.606700 0.237218 -0.049512 1.275332 0.581837 -0.040944 -0.167279 0.615798 0.420436 -0.893487 -1.209991 0.295255 1.269539 -0.963375 0.683899 -0.397649 -0.300602 -0.982289 -0.260946 0.852102 0.439920 -2.289080 0.098935 0.582542 1.530243 0.244038 0.778726 1.707832 0.883241 0.745570 0.674817 -0.005941 0.239917 0.408685 -1.817469 -0.876861 0.462191 -0.540240 1.103304 -0.599822 2.088842 -1.291591 -0.537744 -0.458359 0.529288 1.506630 -0.906565 0.460949 0.407492 -2.006168 0.804701 -1.259167 0.376315 -0.986642 0.114053 0.104319 -0.576078 -0.934245 0.057254 -0.206966 -0.193045 -1.046052 -0.151801 0.373640 -0.142905 -1.677817 -0.287601 -2.267938 0.439270 -0.823235 0.913810 -0.001347 -0.152591 -0.851938 0.513402 0.966096 -0.935118 0.028430 -0.624459 1.388049 -0.077317 0.150470 1.196311 1.373642 -1.079465 1.161761 -0.593113 -0.789855 0.981994 -0.198423 0.098203 -0.449934 -1.356143 -0.841248 0.969552 -0.000863 -0.175294
-0.231000 0.445621 -0.570408 -0.318810 0.009833 -0.299102 0.347064 -1.794249 1.163725 -0.447688 0.473265 -0.396553 -0.119012 0.922581 1.372875 -0.538702 -0.041748 0.970982 -2.412467 1.178187 -1.723499 -1.670514 0.108480 0.762122 1.660275 0.345735 0.966822 0.173368 0.497896 0.649979 0.066984 0.051131 0.162970 1.167985 -1.819194 -0.439207 1.815608 -0.776999 0.947626 0.309903 -1.170074 0.501154 1.714947 -0.779791 -0.050736 0.231418 1.564220 1.198950 -0.189693 0.611833 -1.414228 -0.691286 0.231338 0.504372 -1.255857 -0.541045 2.346256 -1.656238 1.105861 -1.446728 0.533074 -1.075091 1.776265 -0.216356 -2.265647 -0.236329 0.160300 0.095984 1.058580 -0.089263 0.536922 0.902666 -0.357958 1.453286 -0.860135 -1.066545 0.500608 -0.202051 -0.684762 -0.461869 0.259708 2.991550 -0.887522 -2.354348 -0.049446 0.648749 1.531798 -2.705280 -0.145903 -0.514209 0.245868 1.343734 -0.258649 0.064634 0.259918 -0.278262 0.777827 0.613841 -0.878417 -1.125286 2.215697 1.122962 0.143680 -0.652806 -0.237624 1.252639 -0.655787 -0.394062 -0.342680 -0.337635 0.620524 -0.964977 1.209111 -0.879228 1.049595 0.501562 -0.195452 0.534812 2.219328 -1.228787 -1.346305 0.405619 0.619449 -0.715594 -0.983109 1.282529 0.204729 2.069800 0.840035 -0.536930 1.155434 0.430162 -1.141583 0.441017 1.208838 0.138638 -0.129982 -0.178001 0.915007 -0.760763 0.582460 1.868373 0.021061 -1.820324 -0.990598 -1.582975 -0.388774 0.620160 -0.068025 0.256765 -0.464207 0.820014 1.018838 -0.734757 0.757910 -0.482246 0.599849 0.629351 -1.482028 -1.968713 0.736056 -0.866191 0.772649 0.812750 -0.329737 -1.774466 1.000927 -0.657490 -0.464710 -0.923973 -0.677816 -1.614968 1.512277 1.088596 0.760926 -0.453880 0.039762 0.539782 -0.241192 0.446539 -0.537206 0.946345 -0.254428 0.498189 1.548973 -0.925160 -0.358467 0.890828 -0.355871 -0.741787 -0.694560 0.084382 0.846403 -0.187267 0.202627 1.928003 -0.810499 0.712518 -0.778904 -1.106816 -0.698069 -0.270840 -0.003662 1.535438 -0.798383 1.206747 -1.125870 0.091915 -0.844518 0.946394 1.509675 1.388643 -0.419171 0.465821 -1.033359 0.302154 -0.320112 -0.023471 -0.455028 0.310982 -0.589964 0.802693 1.552754 -0.484196 -0.637660 -1.677109 -0.381823 -1.485023 -0.709741 1.119159 -1.604349 -1.767959 1.954221 -0.390228 -1.319105 0.268750 1.929366 -0.226091 -2.383282 0.394797 -0.329149 0.601861 -0.581012 -0.789247
2.126961 -0.818511 -0.436622 -0.467813 1.476937 1.719822 0.212332 -1.300947 -1.344768 -0.654918 -0.753486 1.406649 -0.356704 0.902265 0.682263 0.034857 0.346026 0.661409 -0.449447 0.503831 0.937472 0.812646 -2.686754 1.342785 -0.507991 -0.879345 -0.131598 0.613391 -1.259771 -1.307092 -1.083761 0.587208 -0.875528 -0.991495 -1.478332 1.208619 -0.880419 -0.574363 1.962054 -0.498651 -0.407243 0.113220 -0.047651 0.821746 -0.535985 0.598833 0.118149 0.018560 0.435994 -0.714803 -0.313697 0.365557 0.514537 0.656513 0.137207 -0.741581 1.949473 -0.161991 -2.482074 -0.463293 -0.674742 0.249527 0.428140 -1.648970 0.301802 1.568862 -1.518671 -0.582804 -1.836570 0.985838 -1.240958 -0.063040 -2.624746 -0.069151 -0.252575 1.337901 0.131415 -0.206355 0.958026 1.875408 0.277854 -0.506001 -1.270026 0.067674 -0.152275 0.299778 -1.992391 -0.746907 1.720594 -1.152107 -0.774990 1.657852 -0.675150 0.605640 2.577929 -0.432541 0.691916 -0.397585 2.910774 1.837684 -0.134082 -0.199181 -0.376300 -1.040917 0.870332 -1.011700 0.147998 -1.260447 -2.073588 -0.544215 -1.030719 -0.670322 1.365313 -0.391761 2.302326 -0.172927 -0.308710 -1.643788 0.177558 -1.223416 0.780817 -0.834407 -0.485373 0.755922 0.224325 0.261843 -0.623977 -1.913889 0.181891 0.853712 0.658901 0.372591 0.162551 -0.388049 0.161906 0.106343 0.000503 -0.496711 1.037169 1.013865 2.558164 -0.769647 -0.273406 0.247898 1.268040 -0.736544 -0.760234 0.717583 -0.788588 0.751522 -0.521283 0.964510 1.626430 0.617484 -0.409170 2.483817 -0.146254 -1.356101 1.892417 -0.235125 -1.892251 -1.017191 -0.434266 -1.420261 -2.540256 -0.217174 0.176457 0.573497 -0.140864 -1.500165 -1.929881 -0.514378 -0.822168 -0.193339 0.852588 0.087778 1.029035 0.283135 -1.204688 -0.564859 -1.895913 -1.503306 -0.761908 -1.187475 -0.434190 0.276127 0.508811 0.352446 -0.894246 0.383565 -0.195556 0.335893 -0.377221 -0.917969 -0.502491 -1.675324 -0.497804 1.770020 0.400922 0.192359 1.248083 -0.065187 -0.154398 0.366254 0.333314 -0.866659 0.250930 0.606136 0.025097 2.380935 -0.230009 0.543440 0.727630 -0.368399 1.294741 -0.159762 0.127517 -0.226040 -1.220045 0.368430 -1.642676 0.815929 -1.824861 1.343845 0.809421 1.760927 0.506365 -0.763144 1.169518 -0.568515 0.862919 -0.075242 0.211854 -1.217936 -1.084836 -1.535515 0.600665 -0.069333 -0.226579 -0.678093 -0.204415 0.444152 -0.203426 1.205731
2.354494 -0.421583 -0.880918 -1.294299 -0.779568 -1.931340 -0.064728 -0.156879 -0.173612 0.326490 -1.119882 1.825583 -2.562935 0.386078 -1.718755 -1.088347 1.326304 0.565921 0.338083 1.911282 1.483239 0.364862 0.081073 0.159299 0.868666 0.627058 0.143066 1.193302 -1.208478 1.984486 -0.063504 0.509779 -0.376176 -1.249783 0.302628 -1.708101 -2.312368 -0.824223 1.910034 -0.069219 -1.428947 0.435550 -0.491290 1.948790 0.036286 -0.406423 0.032968 0.125529 -1.231000 -0.236985 0.322838 -1.725891 -1.686171 -1.207714 -0.495627 0.758472 -0.364022 2.202586 0.662642 -0.121888 1.336658 0.924114 0.083823 -1.266059 -0.114433 -0.718733 -0.196114 1.553091 0.519528 0.032087 0.682275 -1.726295 -0.926250 2.358869 1.608811 0.063425 -2.831881 0.371290 1.935313 -2.364826 0.954289 -0.382476 -0.249801 -1.153445 1.409427 -0.952667 2.131765 0.053493 1.502344 -0.186246 0.171760 1.848582 -0.770544 1.255362 -0.488232 -0.337576 -0.301051 -1.024496 -0.003970 -0.512460 -0.310244 0.493986 -0.878819 0.178141 -0.076537 -0.444660 -1.529873 0.139533 -1.530465 0.750083 0.492015 -0.198933 0.723399 1.081008 1.242169 0.752143 -0.334603 0.279847 0.390839 0.255094 0.150559 -0.693589 -2.606937 0.145307 0.200655 -0.378099 -1.922754 0.168427 0.895093 0.954540 -1.415851 0.220851 2.550752 -1.278410 1.838263 -1.223914 -1.257726 -0.187398 0.904508 0.383474 -1.690864 0.248683 -0.613888 0.816014 1.864740 -0.215808 0.223064 -1.549658 1.259559 1.142406 -2.043726 0.368429 -1.687078 -0.450539 0.746619 3.202135 0.615091 -1.286371 1.450137 -0.371429 -0.488105 0.611360 -0.451432 -0.428419 -0.919030 0.011354 0.766674 0.580870 -0.039730 -1.392934 -0.946167 -0.724285 -1.660240 1.195385 1.060737 0.993263 0.085017 -1.928658 1.366603 -1.761273 0.185407 0.050974 0.038053 -0.054732 -0.173887 0.567917 -0.588141 0.259609 1.030303 -0.509512 -0.445970 1.279270 -0.675560 -0.112218 1.894926 0.009081 1.530271 0.180905 0.764495 0.474566 1.790877 1.306646 2.141280 1.286657 1.090088 -0.084837 0.375492 0.056479 -0.872340 0.631055 -0.627624 -0.788263 -0.477208 0.561722 1.634387 1.450715 2.221487 -0.040374 0.959659 1.067535 0.464693 1.705702 1.608865 -0.319729 -1.113449 -0.466030 0.336507 -0.129061 0.868468 -1.195170 0.386255 -0.943627 1.001113 1.858323 2.136118 -0.141710 -2.171483 -2.973068 -1.186504 -0.057464 0.425891 -2.580816 -1.462985 1.009888
-1.614793 -0.526794 0.539840 0.372977 2.068641 -0.327147 -2.009451 -0.198217 -0.276908 1.130527 -0.310193 0.051887 0.936259 -1.318265 0.176380 1.414318 0.655905 1.596587 -0.737451 -0.971776 -0.776783 1.428572 0.540882 -0.661759 0.125200 0.244129 -1.856970 1.365878 -1.792838 -0.419263 0.873239 0.075216 0.042686 -0.819047 -1.153713 0.897925 0.192668 0.590397 0.210688 -0.469013 1.401344 -1.020401 -1.068527 1.738445 -1.063576 0.280915 0.736558 -0.988862 0.005737 1.054003 0.697488 -0.190261 0.525038 1.077092 -0.202744 -0.002882 0.828057 0.483155 -0.218276 0.768814 0.749933 0.466460 -0.970921 0.562654 0.821053 1.607357 -1.452982 -0.028344 -0.327796 -0.358423 -1.968383 0.118526 0.651542 -0.208955 0.290251 -1.453460 0.775808 -1.282788 -1.027391 0.368318 -0.214127 0.336375 -0.269661 0.488518 0.963158 1.137688 0.033774 -0.147858 1.541495 -1.147527 0.446941 1.260435 1.630363 -0.050879 -0.654430 0.433082 1.816169 2.110065 -0.466435 0.067731 1.351405 0.830170 0.829649 0.683657 -1.310318 0.045812 -0.612681 -0.283011 -0.101326 -0.596822 0.582201 0.315195 -1.504272 0.761848 -0.153511 0.170151 -0.407335 -0.753614 0.394160 -0.869860 -0.398326 -0.248898 -1.070181 2.029644 1.172320 -0.063367 0.145332 -0.296514 0.659107 0.960247 -0.088905 1.263292 0.527028 0.863712 0.904883 -1.487538 -0.384967 0.687947 -2.117363 -1.076583 -0.169041 -0.622919 -1.154496 0.185264 0.342876 -0.463038 -0.414335 1.309597 -1.065577 -1.136120 0.597395 -0.310281 0.867444 -0.641644 0.988018 0.783758 -0.179569 -1.670813 -1.124292 -0.654500 1.298273 -1.723116 0.504540 -1.747198 -0.190340 0.315682 -0.354703 -1.491633 -0.326739 -0.422610 -0.623076 0.648533 -2.250474 -0.131521 -0.079466 -0.053768 0.415942 -0.456055 0.406794 -0.986989 -1.428237 0.779920 1.000225 -0.719924 -0.441493 -1.099731 -0.108313 -0.729864 0.463960 -2.518112 1.680257 0.850374 -1.137370 0.485058 -1.194159 2.568038 -2.431444 2.331195 0.876729 -0.878282 0.209238 1.197782 1.011697 0.505617 1.429873 0.032303 -0.138378 -0.463127 -0.441585 0.226102 0.454034 0.578505 0.021663 0.029100 -0.691873 0.079561 0.282590 -1.715466 0.313198 0.226844 0.716244 -0.852786 -1.628291 0.455666 -1.469230 -2.523923 -0.249976 -1.629415 0.846489 -1.443647 0.179167 -0.823226 -1.492998 -0.148345 -0.538822 -0.543015 -1.358148 -0.484375 -0.582406 1.735940 0.153106 -0.339919 -0.458313 -0.878470
-0.249338 1.254644 0.577787 -2.367210 1.144014 -1.311323 -0.068548 1.868431 1.125374 0.074530 -0.133880 -0.067271 -0.206383 0.541702 1.702076 0.644693 -1.653249 0.729359 1.021117 0.039402 0.186146 0.324939 0.853833 -0.539159 -0.662630 -0.174211 0.620215 -0.006178 -1.335218 -1.302314 1.480335 0.580447 -0.247427 -2.483455 0.613830 -0.229240 1.908371 -0.817011 0.558996 -0.426693 0.125099 0.951602 -0.073087 -1.035167 1.119980 -0.285203 1.667100 1.022699 -1.765168 -1.312013 -0.073634 0.121973 -0.195623 -0.028209 -0.766848 -0.821780 -0.712182 1.556086 0.682558 -0.713914 0.248037 -0.464247 -0.388228 -1.846615 0.307315 0.220991 0.698910 -0.416692 -2.060248 0.996971 0.213466 -0.844782 0.867795 -0.666720 0.795601 -1.152995 1.908195 0.995243 1.008783 0.315657 0.193135 0.118680 0.760163 0.926470 -0.090471 1.093955 1.687621 -0.918057 -0.282737 0.091722 1.375445 -0.863945 0.241518 0.703028 -0.442208 -0.601878 -2.294622 0.928705 -1.386639 0.032878 -0.311457 0.647824 1.431487 -0.629598 0.207175 -0.491170 -0.023665 0.146928 -1.468298 -0.202649 0.800045 0.492394 0.300125 1.235635 0.854961 -0.994386 0.381685 -1.010622 -2.389750 0.779816 -1.411478 0.277447 -1.303379 -0.052734 -1.168536 0.277583 -2.454730 -0.496204 0.628378 0.214132 0.347339 -0.027057 -1.007587 1.295926 0.727133 -1.283904 -0.503134 1.214638 0.682401 1.286652 1.330869 -0.849369 -0.143009 -0.934172 -0.409631 1.446740 -0.406713 1.805643 0.829615 -1.095201 0.596231 1.254933 1.431450 0.574572 0.253274 -0.135020 -0.332134 0.144094 1.030727 1.305387 0.377434 1.099148 -1.058276 -0.715951 -0.661707 0.588289 1.046817 0.045096 -0.082706 -2.179792 1.307095 -0.624094 -0.729102 -0.599616 0.881507 1.898924 -2.458855 -0.508301 -0.580620 -0.055934 -1.881829 0.356969 -0.009880 -0.669888 -1.245773 -1.932141 0.126725 0.309902 -1.012672 1.917213 -2.165514 -0.751843 -0.188323 0.212963 -2.250430 0.216989 -0.663624 0.050641 -0.216712 -0.277059 1.711070 -0.321929 1.165450 -0.946756 0.347065 -1.210735 0.207409 0.430798 0.677646 0.828452 -0.414735 0.038660 0.177081 -1.279820 0.893280 -0.470412 -1.195304 0.620586 -0.162745 1.056748 1.686740 1.110464 -0.339997 -0.748706 0.009867 0.908255 -0.771478 1.741392 0.766305 -0.121165 -0.739920 1.109071 0.255081 -1.131843 -2.673035 0.019955 -0.250575 -1.050044 0.598467 0.959006 0.203890 -1.070709 -0.889212 -0.751596
0.347466 -0.780856 -0.638233 -1.706103 0.994127 1.383949 1.540081 0.625231 -0.362692 -1.362369 -0.381068 0.128041 -1.315781 -1.062833 1.153288 0.619510 0.947614 -1.616782 1.254166 -1.434248 0.358805 -0.864974 -0.726683 2.290382 -0.664872 0.623587 1.284267 0.612107 0.009346 -0.764516 -0.138247 1.202463 -1.587257 -0.718860 1.387390 -1.319164 1.117149 -1.151816 0.812558 -0.183722 -0.098612 -0.897021 -0.080920 -0.191785 0.446608 -1.728616 0.290219 -1.804881 0.211723 -0.116801 0.854684 0.372061 0.011562 0.324417 -0.635677 0.440285 0.186549 -0.272972 1.215527 0.577148 0.678129 -0.655083 -0.700875 0.665526 0.326191 0.469177 -0.381315 -0.444150 -1.627140 -0.941434 -0.751159 0.754468 -0.888709 1.674488 -1.392090 1.661265 -0.816097 -0.794266 -0.977191 0.073196 0.328777 -0.906026 0.476224 1.984695 2.489706 -0.152059 -0.623440 0.183651 0.669722 0.339767 0.063378 1.441346 0.215029 1.396193 -0.475015 -0.425029 1.220106 1.671863 0.248864 -0.910359 -0.809192 -0.148108 1.721996 -2.410674 1.306602 1.109652 -0.065494 0.311243 -0.650704 -0.155816 0.980816 -0.228117 1.861253 -1.384795 -1.765839 2.821699 0.129355 0.409162 0.951934 -1.625621 0.869865 -1.131183 -0.023136 1.138754 -1.287833 -0.545351 -1.058618 -1.617701 -2.566698 -1.257497 0.125647 -1.104241 1.774468 0.317753 1.030562 0.260716 -1.624583 1.029647 -0.676891 -0.494055 -0.481928 1.345062 -1.147110 0.501033 -0.128491 -1.187157 0.517178 -0.170412 0.624479 1.782816 0.743145 -0.599157 0.714076 0.276328 -0.104192 1.208091 -1.030730 -0.924357 0.759505 -0.888555 1.044934 0.903370 0.475558 1.033065 -0.168797 0.687910 0.046185 -0.117914 -0.403632 0.441710 1.540232 -0.039776 1.052806 -1.061158 1.073003 2.788973 0.309545 -0.827734 -1.882868 -0.007308 0.139483 0.786609 -0.839673 0.354542 0.671997 -1.454613 1.116392 0.195901 0.021387 -0.236704 0.848827 0.311628 1.546821 -2.150901 -0.291213 -0.338902 -0.718997 -0.058747 -0.424981 -0.190781 -0.921899 0.376567 0.097301 -0.527102 1.046860 -1.017217 -0.967770 1.147201 -0.105532 -0.804770 0.834086 1.155790 -0.309754 1.316513 -0.670058 -0.816351 -0.468401 0.538134 -0.527505 0.602581 0.260496 -0.502356 0.269106 -0.299237 0.404920 -0.831661 0.377499 -1.054979 -0.106327 0.595667 0.811088 0.331064 1.852830 -0.539426 0.838080 -0.593923 -1.422647 0.352781 0.944279 -0.384484 1.251815 0.454597 0.766340 -0.923786
0.942558 -0.139323 -1.040013 -1.078365 -1.583969 0.397914 2.520867 -1.478901 -0.142652 1.467338 -1.089587 -1.198342 -0.222663 0.379894 -1.244267 0.848245 -0.052718 -1.762926 0.870963 0.560176 1.710663 0.412901 0.110716 -0.012715 -0.773936 1.185961 -0.836996 1.373158 -1.432448 1.325288 -2.279600 0.798358 -0.471336 -1.033162 1.346386 -0.046957 -0.303656 -0.868397 1.066764 0.227566 0.692453 -1.639385 -1.006152 -0.100221 -1.454173 2.542862 -0.242374 -0.905393 -0.042174 -1.088927 -2.088682 -2.160287 -0.353908 -0.028007 0.614599 0.288533 -0.601443 0.271446 -1.608407 1.159736 -0.008210 -0.900227 -0.281257 -1.641298 -0.933089 -0.165511 0.683309 0.568176 0.991256 -0.262368 0.500578 -1.034467 1.339824 2.319168 1.171481 0.560218 0.226364 -0.393154 1.929435 -2.295216 0.674804 -0.645626 -0.921279 -0.117452 -0.074129 -1.072170 0.041860 -0.232941 -0.611009 -0.470214 2.639770 -1.369655 0.838536 -0.014170 0.790570 0.370335 1.483107 -1.347932 0.451968 0.659106 0.347501 -0.384740 0.555587 -1.762908 2.480225 0.749108 1.050375 0.246965 -0.255094 0.537806 1.540031 0.414718 1.426003 0.728576 0.634826 0.473814 0.265209 -0.868645 0.762290 0.727419 0.516530 -1.271481 -0.157449 0.653810 -0.648985 -0.659899 -0.882646 0.823774 -1.079543 0.287931 -0.183232 -2.611600 -1.455274 0.059073 -2.785914 1.348433 0.160837 1.055347 0.812968 0.136567 0.297030 -1.071359 2.613825 0.644493 0.475930 -0.108529 -0.065978 -0.370518 -1.003319 0.113732 0.179120 1.846533 -1.137586 1.131202 0.746595 1.073864 -0.136513 -0.316873 -1.793864 0.421093 -1.833765 -0.138869 -0.922038 0.339302 -0.248867 -0.028955 -0.966133 1.730774 -0.651801 0.962339 0.526377 -0.282304 -1.049040 -0.124432 -0.854364 0.804519 1.078820 0.821865 1.028612 -0.143632 0.699116 2.239176 -0.347367 1.478448 -0.979489 0.293439 0.750342 -0.560896 -1.384526 -1.752774 -1.091575 -0.259769 1.567054 0.667732 1.154034 0.122173 0.725471 1.069071 0.186043 -0.134444 0.592755 -0.362013 0.525054 1.322348 -0.651779 -0.213321 1.652757 -0.035505 -0.812502 -1.930293 0.591095 -0.809728 -0.737423 1.024286 0.579910 0.488609 -2.188662 -0.749300 -0.493671 -0.197505 -2.656997 -1.073368 -1.094215 -1.599727 0.596977 -0.501510 -2.262348 1.694966 -0.091119 0.540379 -1.351719 -0.988014 -0.516013 1.075535 0.758748 0.277342 -0.581520 1.593805 0.108025 1.523572 0.426376 -0.843239 1.121765 -0.079594
-0.678397 0.535251 -0.169199 -0.620450 0.445508 -1.772076 0.045475 -0.709865 -1.117042 0.257911 -0.301047 -0.185290 1.318841 -1.600526 1.010378 -0.999389 0.370660 -0.724746 0.575294 -0.586699 -1.110973 -0.631170 -1.800878 0.504215 1.551157 -0.198394 -1.688608 -0.341840 -0.698488 -1.377574 0.930893 1.281919 0.331634 0.965485 0.749532 0.489328 -1.132996 -1.571362 -0.257044 1.214981 1.695091 -0.692748 -1.312205 0.832022 0.638484 -0.225805 0.208007 -0.381292 0.221443 -0.132921 -0.292527 -0.360703 0.170435 0.075785 -0.529437 0.420752 0.625404 -1.190977 0.880630 0.658066 1.242001 -0.685543 0.301769 -2.309932 0.389151 1.150867 0.521857 0.196496 0.624245 0.986457 2.390011 -0.284577 -0.435391 -0.353130 1.910250 0.068601 -1.470918 0.231805 0.014450 -0.530099 -0.641434 0.478710 0.266175 -1.407296 1.094135 -0.295946 0.927436 0.857233 0.909769 -0.412680 1.081141 -0.664136 -0.036721 -0.611641 -0.296706 -0.181247 0.252360 -1.206699 0.061706 -0.843088 0.800822 -0.795863 0.336408 -0.674866 -0.339617 0.553688 -0.692499 -0.443836 0.608823 0.419084 -0.631124 -1.200791 -1.003347 1.270183 -1.169837 -1.477945 0.312888 0.200531 0.922376 -0.810709 1.412084 0.321856 -0.521885 0.928357 0.651861 0.020904 -0.556146 -0.639686 -0.752287 0.950573 1.299374 2.508701 -0.724396 1.122524 -0.706172 0.465370 -0.901597 -0.476512 0.699895 -0.651470 -0.371943 -1.611618 1.568019 0.556697 0.700584 -0.085711 1.026426 0.278867 -0.244588 -0.239828 0.376341 0.447515 0.405810 1.283456 0.646909 -1.555285 -1.170342 1.808067 -0.421446 0.176885 -0.450092 2.225080 -0.406974 1.261510 2.392688 -0.106386 0.910283 0.031083 -0.092970 0.157212 0.442966 0.021821 0.714652 0.636707 0.128229 0.167672 -1.254834 0.401145 -0.502577 1.260176 -0.371525 0.487518 -0.770129 -0.772378 -0.120574 0.717951 0.492858 -0.942979 -1.961718 -0.924727 1.932545 1.450862 0.162764 -1.430549 0.759980 1.697748 0.875402 -0.404117 0.355988 -0.533267 -1.657916 0.596269 0.106568 0.872084 -0.544683 -1.174821 -0.246481 1.768248 0.775943 2.310037 0.544301 0.076306 0.539309 0.599146 -1.181225 -0.065600 -1.987545 2.366924 -1.284881 -0.450626 1.749301 0.318497 -0.314564 -0.366492 1.605418 -1.894071 1.850422 0.729956 -0.492085 0.321964 -0.032714 -0.676003 1.225730 0.989392 1.105577 0.530567 -1.280795 -1.280430 0.090937 -0.179583 -1.277623 0.517353 -1.529663 -0.203476
0.563066 0.845192 -0.197754 0.717724 -1.136655 -0.478440 1.178536 0.075773 0.674345 1.005619 -1.067835 0.678100 0.208970 -1.617908 0.536310 -0.733046 -0.551027 -0.717882 -0.517938 0.338420 1.933691 -0.228699 -0.524940 -0.107340 -0.625077 -0.295151 -0.264664 0.341814 -0.029188 0.072334 -0.703438 0.927968 0.308110 1.148776 -1.694994 0.484182 0.836913 -1.629894 -0.087482 -1.620904 0.595634 -1.094041 1.775229 2.421159 0.785614 -0.760487 0.698391 0.264195 -1.222049 1.786287 1.387029 0.052440 -0.167253 0.755689 -1.502403 -0.385675 -0.529033 0.935320 -1.004134 -0.414889 1.356666 -0.071855 -0.171102 1.884331 -0.740668 0.112542 -1.012318 -0.273941 -1.614121 1.370558 0.855010 -1.548976 -0.000274 -1.296737 -0.670935 -0.208710 -0.458983 0.976886 -0.368723 -0.003405 -0.913223 -0.173882 -0.420942 0.345091 -0.065103 -1.789577 -1.500129 0.324353 0.577241 2.161285 -0.527940 0.391009 -0.761805 -0.044179 -0.040101 -0.148718 -0.615987 -1.680712 -0.147996 0.380116 1.439596 0.103138 -0.583107 0.300636 -2.006957 0.614366 0.256031 -1.151027 1.573045 -1.417232 0.992506 0.554332 -1.287583 0.070052 0.527800 0.042593 0.312152 -0.618796 0.390773 -0.281712 1.104307 1.775440 -0.544813 0.044000 -0.175036 1.940724 0.471456 0.413521 1.156723 0.477111 1.477447 1.478054 0.554226 -2.367250 0.357816 0.073558 -0.173449 0.108617 -0.543200 0.421129 1.462887 0.944764 -1.495155 2.548755 0.897869 -0.335836 -0.386309 -0.870123 -0.366100 0.060431 -0.998678 0.209492 1.102614 0.179886 -0.448505 -0.092523 0.230825 2.028586 0.498651 0.191808 0.726545 0.744626 1.009577 0.592440 -0.471366 -0.602400 0.356723 -0.017826 1.624032 0.201861 0.557034 1.092823 -0.451546 0.535334 -0.411362 0.193042 -2.288115 -0.331940 1.826515 0.333771 0.296391 2.031334 -1.485789 -0.653371 -1.518265 0.479007 -0.404050 0.680577 0.572905 -0.720788 -0.556267 -0.391619 -0.866368 0.073882 1.762319 -1.106084 -0.357557 0.622810 -0.027201 -0.028031 -0.331721 0.066790 -0.318177 -0.874469 -0.802003 1.127764 0.979237 -1.125106 -0.165391 -1.735080 1.151257 -0.208093 1.339252 -0.695558 -1.031202 -0.171834 1.774582 -0.177928 -0.167570 -0.310916 -0.218004 0.669981 0.449714 -0.624779 -0.384910 -1.940312 0.803063 0.010819 -0.593376 -0.652389 0.408411 1.183635 0.292616 1.093837 -0.988778 0.215616 -0.144266 -0.828088 1.518066 -2.188022 0.078677 -0.419049 0.030683 -0.110627
-0.127361 -0.320288 0.107307 -0.146634 0.460121 -0.305552 -0.730674 0.626485 0.753523 0.491819 -0.521931 -0.447676 -1.570958 -2.099115 0.125073 0.926348 -1.388372 0.644604 -0.961858 -0.408284 0.209566 0.990428 1.604969 0.460493 0.482812 -0.999194 0.417948 -0.463418 -0.190720 0.779205 -0.063895 -0.713072 -1.499459 1.472487 0.833220 0.712092 2.886969 0.349878 -0.315547 -0.397258 -0.920201 -0.333083 0.230230 0.123607 0.242909 0.987592 0.512671 0.380064 -0.005794 -0.124658 0.915590 -0.053889 0.342596 2.115530 0.143484 1.382907 -0.256674 -0.493037 0.121580 -0.417496 -0.527542 -0.662162 0.788770 -0.462637 -1.154817 -0.059380 -0.504861 0.659608 -1.824946 -0.212975 -0.598429 -1.018919 -0.263522 -0.079321 -0.724668 -0.752882 -0.729776 -1.426732 -0.849594 -0.769368 -0.087875 -2.320509 -0.460233 -1.364001 -0.351027 0.406172 0.134216 0.861165 0.186677 -0.822037 0.014214 -1.075664 -2.224404 0.451566 -1.112070 -0.574640 -1.568461 -0.740732 1.360122 0.626589 0.279861 -1.829941 -0.373961 -0.519096 -0.821497 -0.886397 0.055146 -1.313992 0.581688 -1.068372 0.402817 0.744756 1.172759 -0.355398 -0.259536 0.337644 -0.879567 -0.379388 -0.284402 1.057044 -1.431226 -0.878366 -0.172120 -0.710283 -2.128390 0.190922 -0.365594 -0.335694 0.490581 -0.157677 -1.190403 -2.324077 0.416107 1.368892 -0.243869 -0.337803 0.190499 1.125534 0.848342 0.570219 0.109730 -0.819765 0.644753 -0.283040 -1.003662 0.735076 0.076330 0.113452 -1.170998 0.091141 0.087423 -0.494653 -0.824681 0.489744 1.270305 -0.650693 -0.917112 -0.593481 -0.735767 0.644965 0.512818 0.763168 -0.385036 -0.033498 -1.184889 0.986931 -0.358376 -0.803356 1.285545 -1.662084 0.072742 0.464650 1.453226 -2.330583 -0.183347 -1.555173 -0.224830 0.558311 -2.430930 0.284951 -0.371424 0.301359 -0.269711 -2.295062 -0.243022 -1.073663 -1.287882 0.073345 0.591886 0.043643 -0.100295 -0.213845 -0.255905 0.370130 1.786025 -1.009446 0.901519 -0.065760 1.758587 0.085402 1.946721 -0.896454 0.683342 0.075854 0.702412 -1.113049 1.128858 -0.161127 0.126848 0.644531 -1.025143 0.266389 0.134135 0.695553 -0.089936 0.108792 -0.390287 0.772438 -1.292289 -0.640564 0.100190 -2.241065 0.267130 0.426851 -1.095910 0.783184 -0.352647 0.960245 -1.918203 -0.545393 0.893074 -0.790016 -0.148889 -0.836574 0.248929 1.464868 -0.180688 0.599358 1.792989 -0.172879 1.870102 1.142164 1.530502 -0.707643
2.209160 0.962735 1.224919 -0.953261 -2.316298 0.011042 -0.346502 0.885374 -0.512326 -0.999755 0.826137 0.449695 -1.431980 1.656673 -0.380050 -0.639397 -0.914875 -0.090877 -0.797146 -1.705057 0.769247 -0.595236 0.874736 0.011129 -0.323954 -0.041842 0.726596 -2.813782 -0.424575 1.691097 -1.222396 -0.522775 -1.695931 1.398014 -1.991494 -0.244948 -1.882591 -0.432036 -0.862232 0.713772 -0.217747 -1.561343 0.926025 0.684499 -0.762878 -2.389696 1.438521 1.841521 -0.718483 0.183677 0.975940 -0.020387 -0.253773 -0.951300 -0.597577 0.498745 0.875431 2.420081 -0.388729 -1.054089 -1.421266 0.746911 -0.071548 -0.558582 1.213788 -1.960468 -1.128620 -0.335322 0.192881 -0.493125 -0.936671 0.728752 -0.503804 0.606293 -1.007910 0.097389 0.700689 -0.507876 0.229058 0.358899 0.579519 -0.501486 1.383745 0.849782 1.866309 -1.242702 -0.050135 -1.403872 -1.444304 1.407635 -3.339471 0.071454 0.426142 0.521946 1.075745 -1.054980 0.663226 -1.943466 0.155096 0.935159 0.861900 -0.271990 0.717778 -0.198777 0.043743 -0.061550 -0.117633 -0.075841 0.585478 1.760940 -0.254166 1.223116 -0.207795 -0.351118 -0.108489 1.200479 0.827426 -0.303228 -2.671111 -0.308635 1.889701 -0.581075 -0.314561 1.054525 -1.255941 1.346942 0.119147 -1.090413 -0.016850 -0.350646 -0.896782 0.195486 -1.209394 2.653289 0.307880 3.075567 -1.096137 0.837502 0.622113 -1.389592 1.756985 -0.612393 -0.447841 1.007838 0.145356 0.747711 0.620053 -1.616693 0.056725 -1.016978 -1.163807 0.148568 -0.044209 -1.573231 0.110996 -0.344499 1.017864 0.923982 1.060774 -0.026520 1.017568 -2.470930 -0.488839 0.169941 -1.035079 -2.065833 0.712199 -1.853821 -0.142423 0.586157 3.260610 -1.009873 -0.787707 -0.626958 -1.769406 0.319758 -0.729490 0.008616 0.298494 1.379580 0.392898 0.082087 0.088800 1.415816 0.545136 1.288561 0.770402 -0.106013 0.810915 -0.789907 1.374434 -2.108521 -2.119151 0.057962 -0.181388 0.772494 -0.948635 0.296402 -1.444775 0.576898 -1.262117 -0.113861 -0.403885 1.090110 0.452120 0.120046 -0.393953 -0.475171 -1.771082 2.141775 -0.915499 2.266496 0.660468 -0.234322 0.724098 -1.127849 0.973601 -1.071224 -0.701154 0.442610 -0.662732 -0.852145 0.795233 -0.616339 -2.175758 1.085954 1.808007 -0.212775 -0.543861 0.599287 -0.019829 -0.610467 0.671299 -1.507856 1.196726 0.797913 -0.243601 -0.623631 -1.521966 -0.042421 -0.539226 -0.309562 0.677164 1.589226
-0.617558 0.202015 -1.620483 1.312767 1.656892 -0.467948 -0.766363 -1.738214 -1.526758 -0.121082 0.613055 -1.039204 -0.448321 -0.647849 -1.053608 -0.106936 0.447194 1.005309 0.137500 -0.162482 -0.054487 0.295682 0.230323 0.958103 -0.298852 0.759614 -1.653404 -2.962859 0.399203 -0.249431 0.333797 -0.343514 0.713202 0.086049 -0.848180 0.878277 -0.044689 0.124490 -0.006318 -0.372417 0.007621 0.904500 -1.791337 -0.097067 -1.343883 0.006883 -1.118238 -0.633863 -0.428584 -0.280464 -1.790841 0.229925 -1.926663 0.433748 0.100792 0.045030 0.118381 -0.223260 0.640743 0.289386 -1.937824 -0.070486 -0.586018 -1.371421 0.578341 -1.084577 -0.532571 -0.780405 1.766583 0.397330 -0.024386 -0.845997 -1.296660 -0.127166 1.036199 0.552261 -0.192143 0.027901 0.060042 0.886073 -1.231380 -0.067935 -0.099569 0.720844 -0.342739 -0.485896 1.464391 -0.484762 -0.825593 -0.515053 -0.460776 -0.091485 -1.068616 0.490260 -0.708335 0.456389 -0.086432 -0.126643 -0.212883 0.310531 -2.046207 0.247602 -1.114117 -1.392115 1.695646 -0.637061 -2.334244 1.145853 -0.765989 0.773586 -0.341769 0.076077 -0.607635 2.576144 -0.720148 -1.526714 0.146602 0.661359 0.555784 -0.473367 0.173758 0.231220 -0.557188 1.911391 -0.308493 -1.613230 0.216852 1.238000 0.000118 1.439386 1.294553 -0.028660 0.320510 -0.834017 -0.922877 0.021710 1.923143 -0.043343 -0.964827 2.087585 2.983481 -0.138846 -2.140545 -0.707116 0.224399 0.087834 0.053894 -1.387797 0.627900 -0.061216 -0.774995 -0.386534 -0.387546 0.389837 -0.544264 0.840598 -0.172882 -0.592693 -1.817924 -1.731152 -0.397847 0.121978 -0.550543 -0.488766 0.811625 1.510687 0.655731 -0.746669 -0.601140 0.585131 -0.266653 -1.802559 0.379494 0.233254 0.801078 1.262866 -0.906714 -0.300346 0.336637 0.418192 -0.700325 0.433858 1.205774 -0.032329 -1.892169 -0.440056 0.125751 -1.400068 -0.916547 1.340181 -0.218153 -0.381568 -1.952854 0.215199 1.214553 1.243773 -0.487836 -2.868736 -0.888576 -0.201852 -0.951230 -0.761167 0.484536 0.255787 0.881307 -0.278932 -0.212624 0.591439 -0.591771 -1.802994 1.625098 -0.059501 0.208386 -0.106772 0.226636 0.211378 0.764204 0.049957 -0.332115 0.077442 -0.280991 -0.413229 -0.286699 -0.710187 -1.287593 -2.521559 -0.865888 -1.171278 -0.043280 -0.626239 1.631380 -0.499055 2.382375 -1.414777 -0.318408 1.306254 0.365064 0.045424 0.039368 -1.003636 0.924823 0.330871 -0.957771 -0.408255
-1.239124 0.401306 0.521278 2.222623 1.241442 1.250636 -0.441459 0.207428 -1.060793 0.185744 0.288084 -2.125620 -0.221161 -0.928004 -0.493156 -0.340251 1.034326 0.505792 -0.359595 0.322908 -2.387660 -0.686608 -1.352355 -0.183329 -1.343145 0.069578 0.721602 0.557687 -1.127293 1.104885 0.199310 -0.156329 1.311112 -0.803513 0.342408 -1.186226 -1.836119 1.270686 0.039657 1.098907 -1.118810 0.746705 -0.917340 0.153597 -0.162867 -0.061470 0.309387 -0.753967 0.110000 0.109181 -0.887840 -1.049692 0.684722 -0.817085 0.572399 -0.758552 0.379678 0.710136 -0.083843 -0.529693 0.619754 -0.207075 -0.550519 0.418479 0.928152 0.850547 0.459667 -1.128668 0.241676 1.331744 0.075161 0.383894 -1.130917 -0.926874 -1.203665 -2.200172 0.700889 0.453469 -1.635654 -2.157020 -0.151904 -0.589832 -1.617728 -0.754335 0.232348 2.339911 -0.126178 -0.185035 -0.404359 1.256080 0.463469 -0.754258 -1.059643 0.139908 -0.123717 0.667060 -1.484925 -0.271381 -0.035915 -0.751685 -0.595877 1.849221 0.151981 1.521419 -1.194751 -1.962564 1.094596 -0.481032 -0.968050 -0.328556 -0.636739 -1.234902 0.375740 0.552100 1.703898 -0.099538 -1.256952 0.111611 0.699604 1.000863 0.534457 0.701387 -1.089300 1.203871 -1.389019 0.394076 1.493824 0.292344 0.274914 -0.044968 0.196591 -0.029576 -0.262313 0.974705 -0.432263 0.664157 -2.019502 2.510858 0.130153 -0.919070 0.408961 0.400583 -1.563213 -0.258882 1.135792 0.307334 0.797551 0.312361 -0.207901 0.861670 0.613944 -0.667318 0.531013 -0.645939 0.357782 1.150872 1.422904 -0.425160 0.105744 0.355007 -0.930561 -0.740774 -0.100773 0.912936 0.651447 0.468336 -0.689114 1.893486 -0.610209 -0.760128 -0.379914 1.077067 -0.703192 -0.709725 1.881314 0.488015 0.545717 0.435592 -1.252804 -0.639076 -0.485586 0.470429 -0.160740 1.039440 -0.774894 0.490579 0.240716 -0.225039 0.329874 -0.268124 1.090419 -0.002495 -2.383483 0.769721 -0.711998 0.877834 0.461461 1.870859 -0.464480 0.067351 -0.281104 -1.160029 1.196336 -0.375621 -2.431486 -1.973197 0.853491 -0.403043 -1.363260 0.598677 -0.199889 1.136584 -1.749873 -1.082707 -0.373634 0.330855 -1.003008 0.042396 -0.264924 1.204489 0.214525 0.046385 -0.727173 0.862746 -0.933209 -1.105958 -0.299053 -1.214043 0.630722 0.110520 -1.222395 0.272597 1.412519 -1.326846 -0.932964 -0.285521 1.673596 0.117623 -1.591687 -0.892077 0.041228 0.114363 0.465680 -0.500096
-1.517064 0.589980 2.069368 0.960498 1.413280 -0.515796 1.187925 -0.203933 1.277947 -1.191657 -1.663785 1.171681 -0.059198 0.043728 0.296912 1.391168 1.441220 0.661526 -0.363963 -1.229528 -0.580106 0.499465 0.599498 0.115905 0.225005 -0.819253 -1.872135 0.475395 -1.461644 0.580600 -0.611440 1.540557 -0.007470 -0.319268 -2.217954 1.243302 0.806135 -0.517789 1.300219 -0.121886 0.105692 1.360833 0.419612 -0.066645 2.129779 -0.619614 -0.372767 0.964855 -1.995918 1.218135 -1.242108 0.081004 0.075013 -0.271045 -0.260143 0.187772 -0.721312 0.986884 -0.624213 0.530578 -1.245520 0.193922 0.243729 -0.684811 0.084326 1.483668 1.323482 -1.421491 0.130997 1.633529 0.127630 -0.685316 -0.668603 1.660686 -0.302553 0.296850 1.427471 -1.442797 -1.007659 -0.482000 0.406584 -1.760842 -0.720020 -0.053780 -0.913477 -0.623503 1.673026 -0.366870 -0.931012 1.154876 -0.122418 1.191947 -0.453124 0.694944 1.430380 -0.200986 -0.030237 -0.696565 0.591592 -0.606171 0.109686 -0.599402 1.205151 -0.373495 -1.492904 0.905644 -1.425304 0.439632 1.243618 1.306328 -0.213958 1.988843 -0.682260 -1.340759 1.311255 0.222460 -1.107561 -0.870158 0.273295 1.194813 0.904032 0.550766 0.090602 0.861844 0.572186 -2.251734 0.846770 2.469835 0.464858 0.979135 -0.488373 0.594462 -0.229245 -0.334761 -1.611537 0.956265 -0.681049 -0.830067 1.709838 -0.736849 1.001490 -0.395385 0.032260 -0.090069 -0.610687 -0.230430 -0.564995 2.244571 -0.569818 -0.200677 -0.810597 -1.094894 0.429957 2.518496 -0.696777 -0.119751 -0.195192 -0.891622 -0.518824 1.047101 1.309079 0.616399 -0.268782 0.558743 -0.330324 0.934517 1.598198 -1.260299 -0.438959 -0.104018 0.032892 0.062609 -0.048869 1.110485 2.096672 -1.896288 1.916798 -0.506731 -0.008255 1.277932 1.260531 0.383318 -0.012469 0.949164 -0.987829 0.349837 -0.905678 0.125610 -1.060605 -0.479135 -0.147140 -1.194443 1.004650 0.085991 0.560955 -1.906806 0.747350 1.154972 1.665600 -0.527946 -1.120737 1.180143 1.276986 -1.242597 -0.698358 -0.647386 0.356475 -1.100317 0.535521 -1.810566 -0.751611 0.671242 -0.145996 0.073051 0.156411 0.287728 0.641607 0.833529 0.550569 -1.206053 -1.337374 1.186523 0.961040 0.535894 1.253012 -0.676264 -0.064371 -0.124354 -0.309985 1.282841 1.565695 0.594931 0.258146 0.032472 0.915048 -0.196538 0.671535 -1.220992 1.008613 -0.651523 -0.289354 -0.557446 -0.153736 -0.578375
-0.273486 -0.531893 0.339113 -1.173673 0.419158 1.619748 0.870879 1.498931 -2.483141 -1.362098 -0.290169 -1.396962 -0.267500 0.121223 0.756357 -1.096947 1.150952 -0.790471 0.395262 -0.160408 0.165114 -1.314190 0.317594 -0.349546 0.199247 -0.655134 1.025185 2.378327 -0.485298 1.036156 0.159547 1.274514 0.067425 0.737900 -0.364183 0.542390 0.289725 -0.191901 0.011396 -0.544603 0.027461 2.311862 1.023064 -1.301548 -0.807056 -0.759363 -0.526205 0.210043 -0.513780 -1.068316 -1.035626 -0.190841 2.148613 0.567370 -0.317848 0.502966 -0.210792 0.832275 -1.184470 -0.526819 -0.572865 0.672060 0.046439 -0.451577 -0.939604 -1.206986 -2.311317 -1.694057 -1.575056 -0.534761 0.811412 1.188768 -1.115771 -0.160592 -1.325984 -0.501966 -0.540048 0.324175 0.112950 1.887429 0.864334 0.526889 -1.918514 -0.085583 -0.717915 -1.108488 0.403925 -0.949747 -1.340301 -0.306033 -0.293273 -1.003664 -0.742722 -1.049599 -1.373378 0.188743 -1.425898 0.117518 -1.010638 0.023511 -1.383679 -0.556771 3.088278 -0.960710 0.030219 -1.329812 -0.401646 -0.736208 1.743014 1.666415 1.770387 -0.302445 0.250194 -0.054315 0.179494 0.356601 -0.409685 -0.368589 -0.248293 -0.166973 -0.316019 0.477450 0.082809 -1.389423 1.070812 -0.151924 0.112216 0.412183 0.741228 1.489536 -0.966812 -0.923604 -0.426664 1.059062 -0.819332 1.805202 0.519798 -0.369918 0.084885 0.891901 -1.209925 1.258015 1.592671 -1.096953 0.123392 0.899307 -0.376732 -0.702417 -1.847615 -0.137917 -0.032346 0.634499 1.357650 0.951627 1.013517 -0.770752 1.654722 -0.839152 -0.029681 -1.545443 0.937957 0.027856 -0.228949 0.936823 -0.002961 1.628958 -0.469120 -0.045094 0.105681 0.626996 -0.852181 0.312056 1.468754 0.663786 -1.258589 0.667731 2.293687 -1.112475 0.743716 -0.633825 0.063813 -0.281345 0.313677 0.098160 0.855470 0.677633 -0.753146 1.358971 1.185804 -0.788650 1.369856 0.578433 0.278319 -0.000636 0.927034 -2.009062 -0.458713 1.175530 0.180484 0.141602 0.598420 0.455937 -0.781024 -0.093702 -1.288315 -0.662275 0.497952 1.437259 -0.521177 0.160833 -0.531307 0.292020 0.427803 -0.172568 -0.216276 -0.118770 0.641046 -0.552017 -1.044402 1.110038 -2.592197 1.417532 0.887632 0.493993 -1.391130 -1.196283 0.426029 0.261153 -1.147434 -0.589911 -0.309415 -0.487086 0.641352 0.198068 -2.348810 1.407226 -0.385773 1.688429 3.164178 -0.233748 -0.858424 0.350936 0.006397 -0.293953
0.591611 -0.538286 -0.769493 3.016719 0.525518 0.228504 -0.307441 1.131946 0.101843 -0.876096 -0.718158 1.238542 1.940911 0.201210 -0.806725 -0.826084 0.094880 -0.625170 -1.245553 0.321530 -0.349522 0.443836 -0.360970 -1.036899 -1.343491 -1.114249 0.810365 0.556977 -0.031886 -1.308417 0.435407 -0.899217 -0.352774 1.352792 -0.786275 -0.584622 1.372622 -0.564113 0.367524 -0.215261 2.130850 -0.555519 0.760678 1.155988 -0.169957 0.294855 1.491115 0.948068 -0.730112 -0.470142 -0.035574 1.060493 -0.829883 -0.839858 -0.214224 0.269887 0.749279 0.452961 -1.124886 1.446098 0.539992 0.623571 -0.488982 1.257289 0.730675 -1.740189 -0.435719 -0.462924 -0.152087 -0.803833 0.240782 0.579602 0.278270 -1.255771 -0.913027 1.614798 -0.486640 0.101735 -0.118025 -0.356568 0.271812 1.379805 1.491373 0.583475 0.154651 0.549583 1.576711 -1.064840 -0.998651 -0.194455 -0.688278 -0.693965 0.634279 1.075170 0.480947 0.232994 -2.048082 1.086321 0.669061 0.957509 -0.835596 -1.736786 0.474429 -1.286145 -0.485045 -0.737652 0.542077 -1.910774 -0.273292 2.026624 0.343899 1.795367 -0.559178 1.348934 -1.895785 2.108104 -0.949484 0.248619 1.435824 0.775173 0.613352 -0.307497 -1.520003 0.565346 -1.280120 0.523706 0.185543 -0.199681 -1.177239 0.439484 1.136339 0.507640 -0.488486 1.332239 -1.003281 0.968954 -1.181974 0.742777 0.325540 -0.460718 1.622422 0.119800 0.615981 -1.835848 -0.353897 0.962831 -1.488578 -1.915332 0.383069 0.023693 0.626721 -1.056228 -0.545226 -0.070936 0.610972 0.122073 0.457277 0.313200 0.021785 0.296722 0.876013 0.006374 0.114393 -0.224898 0.340605 0.064368 -2.344985 -0.351499 0.417424 1.636461 1.021328 0.302457 -0.532914 -0.209542 1.815855 0.543106 -0.181397 0.126917 -1.245039 -0.976986 -1.699301 -1.908029 -0.820920 -0.363510 -1.211688 -0.176288 -0.408228 0.301393 -0.643730 -1.257525 -1.299349 0.296437 1.323631 0.800826 0.181607 -1.783473 1.734694 0.808514 -0.433331 -0.307578 0.652229 -0.618759 -0.987627 1.459945 0.107802 0.207232 -0.712090 0.839854 -1.002733 2.671901 0.404052 0.255914 1.157160 -0.327534 0.814268 -0.889120 1.574487 -0.306965 -1.441999 1.035507 0.713615 -1.998099 -0.316580 0.133187 -0.852946 0.360096 -3.098764 -0.744994 0.319715 1.584179 0.999636 -0.252978 -0.691686 1.611087 3.442174 1.011419 1.277669 1.099803 0.564571 0.087255 -1.141574 0.724071 2.312764 -0.658990
-0.563532 0.782896 -1.047032 0.704207 -0.063008 -1.091756 -0.255788 -1.527552 -0.014724 1.166258 0.341842 0.583907 -1.121693 0.439276 0.210605 -0.081443 -0.466077 0.555352 -0.962653 0.752758 0.150275 1.883054 -1.096354 0.853959 0.371630 0.831240 -0.444103 0.362691 -0.523765 0.740879 2.266038 0.265699 -1.743988 0.859361 2.273450 -1.567380 -1.079841 0.960903 -1.483034 -2.340453 -0.470285 -0.701996 0.021414 0.320158 -1.453560 0.014490 0.357538 -1.839125 -0.338246 0.557738 -1.297989 -0.638721 -0.012858 0.030081 -0.248827 -0.144065 0.175777 -0.438703 0.093435 0.862491 0.372943 1.342429 1.298878 1.230606 -0.166498 -1.428916 0.515043 -1.218938 -2.148982 0.405712 -0.195986 1.358967 -0.649492 0.434576 -0.033193 0.446591 1.282114 1.017002 -0.045202 -0.102914 -0.242158 -0.277759 0.961143 -1.012540 0.099449 0.011036 -0.534968 -0.427479 -0.278890 0.001690 0.896160 -0.824968 -0.536257 -0.982545 0.800808 -1.324334 0.639645 -3.969041 -0.382274 -0.853140 -0.291360 -0.633332 0.144016 0.452916 -0.410915 -1.509008 1.356247 0.335853 1.060689 0.195782 0.339198 1.204566 -0.188756 -1.261762 -0.022956 -0.605459 0.602537 -0.222898 1.788072 -0.461529 -0.120257 0.409479 0.308158 0.515592 -0.352997 1.241895 -0.470725 -0.388844 0.678764 2.038776 -0.082322 -0.280640 -0.864569 -0.704646 0.990430 0.137292 1.846119 -2.765926 -1.256016 0.203873 1.025040 0.010196 0.622082 2.538768 -0.408637 0.720035 0.148306 0.054030 -0.545182 -1.315374 0.447992 -1.169477 1.355807 -0.530735 -1.487924 0.794370 -0.219645 0.166804 -0.899002 -0.971163 -0.773570 0.258467 -1.676439 0.573518 -1.003728 0.558508 -0.081334 0.988281 -1.470840 0.694137 -1.645383 -0.625531 0.027284 0.546031 -0.432290 1.075822 -1.396926 0.798627 0.839144 -0.538294 -2.682156 -0.086142 -0.617372 1.165686 -0.666475 -1.188794 -0.212991 1.410436 -0.036619 -1.010589 0.723674 -0.764299 0.017354 0.716193 -1.741749 -0.001092 -1.625707 -0.418042 -0.292404 0.315669 1.500492 0.898861 -0.270995 0.438629 -0.038200 -0.672413 0.515958 0.294427 0.865110 -1.361983 0.420272 -1.466846 0.733326 -1.068562 1.285440 -0.095007 0.888863 -0.770064 -1.336390 -0.113562 0.962442 -1.566714 0.108570 -0.325699 0.412695 -0.333430 -0.731387 1.479009 1.149363 -2.745401 -0.744374 2.244074 -1.346035 1.656596 0.852743 0.400602 -0.674515 -0.218127 -0.847480 0.353289 -0.208756 -0.909129 1.453931 1.093017
0.681340 -0.998424 0.455866 -0.349617 1.953448 1.981377 -1.188631 -0.899104 -0.900772 -0.474204 0.256515 0.363134 0.794338 2.141366 -0.270781 -0.721246 2.699716 1.005888 -0.300795 -1.291672 1.195576 -0.374374 1.162089 -0.601130 0.230802 0.363571 -0.588263 -1.012324 0.925291 -0.057422 -2.058544 -0.846047 0.547009 -0.160071 1.079775 -0.930699 -0.289773 -0.671801 -0.638687 -2.059057 -0.035256 1.458363 -0.032131 1.239190 -1.316338 0.757306 0.787430 0.311401 -0.515340 -0.642480 1.593552 0.336385 1.491958 -0.170478 -0.202034 -0.166589 -3.462015 0.120705 -0.325750 1.044407 -0.616683 0.639673 0.703111 -1.023694 0.076042 1.654216 0.393803 0.457616 -0.786342 -1.352531 1.615521 -1.192173 1.262268 1.155549 -1.498483 0.303233 -0.627806 -1.361576 -1.119550 -1.598354 -0.316753 0.747739 -0.377602 1.246199 0.297987 -0.103008 0.874125 -0.697053 0.771293 2.110452 0.220099 -0.866099 1.772157 -2.646317 0.340509 -0.285478 0.833337 0.586934 -0.090693 0.773057 -1.261387 0.608334 0.060353 0.864854 -0.289257 -1.290259 0.714651 0.019639 0.450435 -1.204706 2.125115 -0.440150 0.172100 0.752071 0.632054 0.741639 0.344381 -1.441853 -2.006587 0.089954 0.032767 -0.482383 0.158306 1.061381 -0.321639 -0.062146 0.047745 1.884191 0.166776 0.174824 0.290805 -1.453449 -0.324970 0.460244 0.330495 -0.842535 -0.987237 0.083197 0.328335 -0.271711 -0.141889 0.139904 -0.317968 -0.930269 -0.904196 -0.861333 0.143960 0.337674 -1.819123 -0.725460 -0.488550 -0.870510 0.416242 -0.356259 0.176758 -0.444494 -0.388286 1.040912 0.506839 0.473366 1.913278 0.706394 1.924945 -1.101770 1.415960 -0.866114 0.469405 -0.320154 -1.092346 1.040717 -0.696511 1.170047 -0.967166 -0.146045 -0.320234 -0.779109 -0.154194 -0.461462 -0.299409 0.989528 -0.284934 0.169487 0.987635 -1.030022 0.549651 -0.559289 0.700502 0.599150 0.784110 -0.585387 0.071134 0.280354 0.224797 -0.282997 1.454830 0.301557 -0.202531 -0.451840 1.111848 -0.590716 -0.103979 0.306764 -1.749070 -1.338215 0.269737 1.481653 -1.562569 1.471289 1.065920 -0.709182 -1.562410 -0.462900 -1.588031 -1.212215 -0.857045 -0.521269 0.486545 0.411716 1.231878 1.078558 -1.077118 -0.252761 -0.442918 0.242830 1.269923 0.187985 0.438483 -0.595490 0.323018 1.189541 0.780283 0.181341 1.176421 -0.948369 0.175825 0.498218 -0.125899 -0.810138 0.386789 1.741251 1.477079 -0.487859 1.287645 -0.812475
2.324342 1.062464 0.157217 1.087443 -1.363872 -0.986623 -0.235009 -0.764281 0.461373 0.442861 0.552035 -0.838506 0.489651 -0.125432 -0.691686 0.156229 -0.057439 -0.401377 -1.441419 0.107755 0.447311 0.278441 -0.707750 -0.996551 0.721238 -0.944197 0.134616 0.611078 -0.455784 1.111813 -0.895309 -0.606503 0.455177 1.232431 0.215300 0.984574 0.324930 0.683586 0.021615 0.831550 1.293934 0.175804 -0.783506 0.583307 -0.100919 -0.251625 -0.223511 0.178123 0.339360 0.142047 0.844341 1.168266 -0.533249 -0.552054 0.474966 1.049040 0.936724 -0.649853 0.393643 0.375722 0.419911 -1.295107 -1.407223 1.501793 -0.428901 -0.959608 -1.123385 0.600841 2.620354 -0.279958 0.954030 -0.150650 -0.245483 -0.484901 0.222476 0.856344 1.093480 -0.362543 1.382777 -0.435720 0.184496 -0.012317 0.284242 -0.501720 1.491385 -1.452803 0.272878 1.057317 0.424796 0.242453 1.103243 0.933155 1.348669 -1.188815 0.873598 1.921445 0.884384 -0.276147 -0.636890 1.718867 1.572306 0.077882 -0.800796 1.353101 0.372579 0.013386 0.836545 -0.325370 0.658683 -0.741356 -1.374143 -1.478106 0.882586 -0.701114 -0.834001 0.181679 0.366615 -0.326707 0.248817 0.960790 -1.271777 0.451562 -1.726596 0.078862 -0.865144 0.409610 0.781301 -0.641074 0.460239 -1.081435 -1.052217 -0.762112 1.514491 0.617592 0.185191 1.558288 0.240586 1.656336 -0.088147 -1.560373 0.324760 0.738335 -0.719961 0.428425 0.970629 -0.180693 0.339521 -1.285652 -0.585781 1.179591 0.015021 -1.048624 0.809732 -2.110474 0.628957 -0.548367 -0.943856 0.723800 -0.460708 -0.086175 -1.798330 0.064226 0.154526 0.188432 -0.449646 0.082199 0.565779 0.692125 0.345644 -1.162360 -2.496289 0.535342 -0.152038 -0.419070 -0.073135 0.605826 -1.130621 -0.200355 -1.177792 1.695326 0.521582 -0.058383 1.319910 0.739006 -0.926031 -0.046303 0.433026 -1.809789 -0.516285 1.058678 -0.211767 0.548303 0.248950 0.415135 1.507981 -1.035672 -0.475937 2.543705 -0.901529 0.918630 1.709426 -0.981580 -0.322418 0.051595 -0.406260 -1.131925 0.163034 1.208709 1.016562 -0.480283 -0.434728 -0.125892 -0.055622 -1.731022 1.644940 1.449398 -0.638315 0.195258 0.718463 -1.534291 2.229457 1.146268 -0.848685 -1.160971 -0.385805 1.015438 0.313838 -1.430572 -2.666577 2.011848 0.767737 0.381671 0.886550 1.347372 0.239242 0.299406 0.254145 0.131230 -0.440241 1.454418 0.034181 0.244611 -0.890646 0.207512
1.015766 -0.028092 -0.321594 -0.820346 1.155889 0.156238 -0.998629 0.001618 0.457070 0.630254 1.485910 0.273370 -0.781117 -1.287544 0.816048 -0.251638 1.211946 0.126167 1.832257 -1.192836 -1.446856 -1.777663 0.670111 -0.112731 0.825874 -1.001688 -0.319298 0.487866 0.442807 0.360674 -0.932464 -0.283972 0.492794 -0.023173 -2.045093 1.237073 1.029802 -2.582718 -0.410450 -1.054634 -0.262903 0.513146 -0.032001 -0.181538 0.389705 0.009526 -1.184828 -0.147976 1.428853 0.978117 1.076884 0.924066 0.741754 2.389462 -0.346368 0.730273 -1.798061 -0.576755 -1.008300 0.727222 0.793406 0.999656 -0.188093 -1.254513 0.157033 -0.908376 -0.121007 1.092633 -1.281818 -1.120582 -0.366788 0.465098 1.032545 -0.305388 -0.630515 -1.171042 -0.515627 0.547376 0.988093 -0.676452 0.798100 -0.084796 0.580139 0.169678 1.137234 0.094831 1.402367 -0.861225 0.188510 -0.365059 -0.813821 1.678479 -0.025826 -0.821692 0.562814 0.109879 0.511563 -0.315686 -0.108334 -0.306278 0.507060 -0.946841 -0.215559 0.711065 2.315727 -0.577828 -0.774141 -1.905362 -0.162099 2.163343 0.092152 -0.564441 2.284026 3.053652 -0.069135 -1.430267 0.129919 -1.435258 1.627275 -1.434339 -0.460949 0.476902 0.712636 -0.161224 1.286971 -0.033034 -0.597110 0.670896 -0.063763 -1.409010 -0.478937 2.047358 0.678431 0.287550 -0.852460 0.414220 0.424410 -0.467678 0.752041 -1.997702 -0.519566 0.045188 0.296429 1.228392 0.052730 1.218284 0.985995 -0.178965 0.995073 0.065926 -0.450673 1.226181 0.227649 1.016293 -0.025134 0.004836 0.816901 -0.892911 -0.647316 1.344206 0.606847 0.276288 0.551660 0.902367 -0.739967 2.125642 0.616228 -0.645750 0.522990 -1.487257 1.038269 1.082544 0.162433 1.239348 1.399666 -0.274134 -0.243411 1.253435 0.165466 0.741634 0.156709 2.804468 0.221694 -1.989998 1.633200 0.524219 -0.767928 -0.251487 0.756646 -1.527263 0.707089 -0.239431 -1.582986 0.203927 -0.029676 -1.118076 0.328634 -1.255912 0.511241 -0.922649 -0.275932 0.230679 -2.487403 -0.484382 0.797624 1.814348 0.153715 -0.319019 0.087788 1.309742 1.384020 -1.237461 -0.152176 0.133778 1.040507 -1.532353 -0.881500 0.943249 0.444142 -0.418686 0.542477 1.080057 -1.207362 0.765913 -0.347536 1.118686 -0.379549 1.233314 -0.654458 0.364138 -0.038238 -0.228560 -0.693492 0.709839 0.673623 0.879991 -1.082763 0.066977 1.663835 -1.462732 0.292593 1.492159 -0.530262 0.413394
-0.444915 0.695128 -0.528719 -0.143431 0.264602 0.159777 0.182416 -0.241512 -0.395493 0.894938 -0.266020 0.310384 0.650398 -0.202950 -0.291482 0.327483 -0.152829 1.713091 0.236794 0.638100 -0.996673 -1.401464 -0.344079 1.071529 -0.456302 0.546120 -0.622761 -1.054984 -2.107275 -1.369055 0.400919 0.229151 -0.679274 0.467564 0.114485 0.306514 0.803403 0.483991 -0.864360 -1.072071 0.463709 -0.057215 -0.498010 1.089163 0.394267 0.882443 -0.499178 -0.321248 -1.022538 -0.336081 1.112814 0.106755 0.645311 -0.587350 0.438537 -0.219610 -0.219129 -1.044117 1.323069 -1.670002 -0.213646 1.427163 -1.633007 -0.288376 -1.355007 0.037390 -0.229092 -0.035531 0.353733 0.503177 0.694199 3.123071 -1.750168 -0.562585 0.462284 0.960274 0.202223 -2.047565 0.361277 -0.408693 -0.842257 -0.150337 -0.349983 -0.382962 -0.374647 1.254488 0.800060 0.530921 0.294016 -0.030381 -1.517468 0.165619 0.257401 -0.040517 -1.559949 -0.078722 1.293131 -0.942482 -0.457317 0.536809 0.470149 -0.450263 -0.991903 -2.273210 0.788831 0.902378 -0.591443 1.368317 0.274801 -0.126871 -0.933198 0.448120 0.996648 1.673446 -0.994998 1.304966 -0.312814 0.755251 -1.813480 -0.270389 -0.051981 0.859254 0.749657 0.743363 0.495892 -0.626836 -1.258707 -1.645769 -0.086404 1.541545 1.899617 0.575702 1.081623 1.605378 0.430710 0.751775 1.865435 -1.058082 1.288831 -1.488089 -0.545368 0.647372 -0.523653 1.077876 0.013511 1.171180 -1.417594 -0.850432 -0.324570 1.245924 -1.036959 -0.302197 -0.546987 -0.868130 1.697969 1.432753 -0.106586 0.755405 0.580786 1.030903 -1.231641 -0.579340 0.507491 0.703627 0.409719 -1.197351 2.130321 0.487177 1.125386 1.211516 -0.631438 -1.973360 -1.790369 -0.158059 -0.501780 1.220334 -1.531514 0.134114 0.479294 0.712688 1.791444 0.324698 0.510161 1.001015 0.360011 0.277199 1.314204 0.226954 -0.766322 -1.489299 -1.771237 1.849510 0.361054 -0.358278 0.504742 -0.488416 -0.740407 -2.285112 0.276369 0.211845 0.880477 -0.593913 -1.263717 0.925852 0.238372 0.040300 0.820538 -0.169016 1.187115 0.064764 2.003662 0.960033 -0.546962 0.172365 0.150739 -0.448543 2.541573 0.801022 0.051800 -1.050315 0.475533 -2.066481 0.402086 -0.505247 -0.448827 -1.603967 -0.482516 0.058084 0.110476 0.339217 1.915473 -0.161746 -2.690402 1.010109 0.387717 -1.830211 0.114822 0.848195 0.054215 -0.453864 0.093066 -0.410118 -1.425565 0.770553
-1.591476 0.736208 0.143689 1.875486 0.539188 -0.475737 0.156294 2.024622 0.273782 -1.027277 -1.971167 1.770823 0.644888 -1.009784 -0.251545 1.689157 0.491776 -0.108879 1.000203 0.795542 1.867316 1.102499 -0.563370 -0.931432 0.828384 -2.287258 -0.411154 0.156104 -1.383063 0.174552 1.494211 -0.080345 -0.580842 -0.225957 -0.478989 -1.542764 0.823402 -0.324213 0.270996 -0.427802 1.279910 -0.402162 0.791700 0.566244 -1.196041 1.045046 0.936112 0.540505 0.432898 0.074725 -0.254062 -0.333492 0.562127 -0.430832 -0.028207 0.778439 0.309701 0.916258 0.036873 0.831753 -1.400975 1.243603 -0.814429 1.287578 -0.794108 0.510085 -0.594146 -1.745701 -0.467493 -0.733434 -0.515249 1.565183 0.517584 -0.461729 -0.143536 -0.220826 -1.743681 1.191568 -1.848853 0.727773 -0.540752 0.220201 -0.859939 1.847659 -1.442051 0.465420 -0.477226 -1.844550 -2.556308 0.509529 -0.757331 -1.479851 -0.051212 -0.361709 2.304497 1.002845 1.290270 1.112314 1.277731 0.676544 -1.078749 1.140989 0.134174 -0.178807 1.647383 -0.771864 1.232807 -0.110050 -0.332387 -1.741223 2.044315 -0.615001 0.696702 1.177837 -0.016556 -0.294282 0.670618 0.361476 -1.679461 1.984749 0.154623 0.898243 -0.099823 -0.572556 -0.138640 1.408712 0.857600 -0.496044 1.063163 0.535928 1.455073 -0.288745 -1.200153 0.726312 1.150284 0.865057 -0.219714 -1.422470 -1.221158 -0.928085 0.116352 -0.732684 0.424918 0.160227 -1.932453 0.100925 -0.274847 1.356583 1.111978 0.280899 -0.989846 -0.603354 0.142596 0.033484 -0.031018 0.721478 1.154840 -1.372036 -0.222198 1.239064 1.472264 0.319133 0.157265 -0.632703 -2.067113 0.312324 -0.634907 0.433785 -0.001822 -0.187504 1.041152 0.654067 0.573228 1.596951 0.729397 1.229546 1.365933 -0.217218 0.820168 0.452272 -1.199844 0.639307 0.902894 0.248117 -0.223490 -0.295293 -0.173139 0.905030 1.811544 0.290764 -0.170249 0.470526 -1.572251 -0.366041 -0.314568 -0.437256 0.022261 0.624056 -0.751497 -1.552293 -2.163350 1.466441 0.063889 0.489185 -1.035869 2.167703 0.430193 -1.184931 3.018432 -1.242173 -0.145268 -0.571951 -0.426569 -0.716484 0.592816 -0.115890 1.193701 0.196566 -1.237900 2.664410 1.244231 1.553875 -1.624490 1.141060 0.747018 -0.228149 -0.894252 0.954611 0.512373 1.437598 -0.217902 -1.465164 -0.849258 0.618192 -0.366054 0.320992 0.613644 -0.016355 0.544637 0.881060 1.048773 0.605521 0.568787 1.521228
0.847524 1.568462 1.321991 -0.953839 1.149899 -0.305041 -0.701030 0.592561 1.718960 1.506030 -1.464966 -0.051380 -0.111644 1.362817 -0.081665 0.549668 0.646539 1.203371 -0.061358 0.421383 0.858616 -1.008867 1.820045 1.105984 1.316854 0.513371 -2.025931 0.029390 0.167934 1.829726 1.062880 0.532124 1.760559 -0.412957 1.190896 1.561585 -0.065452 1.102863 0.656846 -0.931331 -1.808880 0.767337 -0.465535 0.678136 0.383734 -0.820824 1.537756 0.285346 -0.443741 -0.297069 0.016342 -0.687149 1.794313 0.467832 0.772448 -2.486973 0.918860 0.395656 -1.850240 0.460980 0.129787 0.068361 -0.501221 0.810549 -0.225385 -0.711027 1.770662 -0.488234 -0.387697 -1.045205 0.206599 -0.790064 -0.269695 -0.612886 -0.797961 0.266518 -0.397856 -0.303743 1.191007 -0.122595 1.097877 -0.161149 0.513315 0.258514 0.347900 0.213620 0.075431 0.101230 0.187061 -1.539866 -2.067902 0.497636 -0.493192 -0.246530 -1.089478 1.180357 -0.487137 0.620918 -1.701232 1.510701 0.288352 0.930227 2.479169 -0.448429 0.072866 -0.385300 -0.689561 -1.666901 -1.564130 -0.680364 -0.055643 0.675303 0.900251 -0.730954 0.842686 -0.347797 -0.634860 -0.680994 -0.625159 1.590701 -2.481275 -0.150677 1.633341 0.276300 0.025216 -0.335339 0.950782 -0.186121 0.378660 -1.604083 0.062781 0.138188 -1.932982 2.840259 0.337935 -1.774812 -1.864478 -0.646531 0.372634 0.939533 -0.421235 -0.847354 0.739270 -0.185044 -0.607922 -0.544314 -0.289039 0.613542 -3.084114 0.215365 1.383093 -0.100492 -1.026967 1.031196 1.578803 -0.719370 -0.273529 -0.408105 1.391053 -0.143296 -0.318348 -0.313424 -1.700497 -1.551610 -0.412943 -0.020455 -0.893736 0.505972 1.727184 -0.668223 0.761374 -1.040935 -1.641457 0.343881 0.051305 0.279883 0.539594 -1.312788 1.223137 -0.133610 0.621297 -0.946562 -0.906822 0.284705 0.800060 -1.216962 -0.426454 0.193619 0.945805 0.250326 0.634131 -0.581622 1.188170 -0.473467 0.288848 -1.116228 -2.330357 -1.647499 -0.097861 -1.033806 -0.425854 -0.007746 2.076167 -0.017248 0.405964 0.745252 -0.823253 0.703205 1.260540 -0.935862 0.642800 -1.845620 -0.011176 0.540887 -0.353785 -0.303748 0.279956 -1.052097 1.716231 -1.616069 0.204379 2.323209 -1.301837 1.084220 -0.923212 1.636281 0.970273 -1.023683 -0.080808 1.715709 -0.501669 -0.776276 -1.320502 -1.128574 0.033323 0.840042 0.379956 2.413954 -0.769695 0.176256 0.707550 0.960268 1.385523 -0.720087
-2.174954 -1.514946 1.021237 1.486123 -1.515729 1.292082 2.023201 -1.022472 1.113253 -0.522884 0.730425 -2.182292 -0.494562 -0.247987 2.326596 1.257329 1.442152 0.621193 2.188978 0.046282 0.792707 -0.243623 -0.270167 1.681177 -0.626297 0.136301 -1.047360 -0.758624 -0.066097 1.500146 -0.618491 0.596671 0.779847 1.155367 -0.677572 0.388487 -0.716303 1.593981 0.894317 0.462747 0.685014 -1.185312 0.130613 -0.910232 0.609965 1.280343 -1.301349 -0.987087 -0.187880 0.986619 0.310848 1.040598 2.698642 0.217627 -0.406892 1.221655 0.262630 0.899328 -0.486066 -2.235324 -0.201542 -1.789050 -0.430250 0.710131 0.927834 1.959349 -0.336045 -0.082793 1.985428 0.154191 -0.457609 0.999636 -0.506219 0.438789 0.149458 1.610489 0.346507 0.515081 -0.179955 0.893596 -1.898930 0.909899 0.549946 1.658843 0.931310 -2.282019 -2.009316 -2.158246 -0.742433 -0.408420 0.482439 0.606230 -1.028054 -0.780178 0.212227 -0.690437 0.954994 -1.074714 -0.511600 -0.777605 -0.726469 -0.669321 2.877754 2.408955 -1.148942 -0.105584 0.012920 0.752661 -0.545441 -1.285562 0.202784 -0.197640 -0.552836 0.464596 0.188945 0.067220 1.196258 0.723981 0.342698 1.428165 0.633313 -2.772373 0.091876 -0.802978 0.439948 0.574532 1.917404 -0.232686 0.094621 1.174832 0.067036 -0.063200 0.853978 1.645305 0.275438 0.056548 -1.686256 0.854700 -1.238949 0.237453 -0.735040 1.550281 0.115292 -0.256357 1.087623 -2.200624 1.367106 -1.882005 -1.705400 1.263197 -0.998327 0.430248 1.189194 -0.432858 1.256485 -1.148271 -1.706755 0.082994 -1.447077 -0.011964 -0.459621 0.468929 -0.676783 0.275868 1.032279 0.416071 0.602924 -0.308257 -1.150092 -0.775424 -0.077246 -0.105978 -0.400436 -1.138448 2.008514 -0.737026 -0.504143 -0.427330 0.872644 -0.808503 -1.081592 -0.933128 2.505715 2.087662 -1.030116 -1.401714 1.151216 -1.474398 1.773936 -0.702072 1.084936 0.129068 0.878871 -0.267837 0.428110 -0.817739 -1.587537 -1.187988 -1.009361 -1.203384 2.140234 -1.006008 -0.513177 0.929726 0.203601 -0.892047 1.918923 -0.819906 -0.256239 1.246908 -0.227761 -0.087121 -0.195215 2.455123 -0.451980 1.114120 -0.521767 -1.461233 -0.366361 -0.303938 -0.119149 0.289295 -0.008631 1.063433 -0.672205 -0.238303 0.937480 -0.035581 -0.792672 -0.297417 -0.760030 0.725565 -1.053276 -0.688312 0.451457 0.514826 -1.129012 1.367482 0.620342 -1.980854 -0.611756 0.101276 0.805646 -0.785592
-1.261019 1.166841 -0.402730 0.568588 0.225528 -1.713022 0.481914 1.132380 -1.809914 -0.440028 -0.908033 0.519476 1.355406 -0.203670 0.482843 -1.358600 1.820194 0.207057 -0.209219 -0.164757 0.769631 0.817390 -2.566769 0.205975 1.334958 -0.423715 0.093784 2.046662 -0.275866 0.063764 0.851500 -0.101334 -0.796202 -1.560910 1.519491 1.586120 1.376371 -0.305441 -1.848376 0.622925 -0.704859 -0.326579 -0.953963 0.922858 -0.287805 0.167635 0.768937 -1.172553 0.441823 0.005056 1.187411 -0.323071 0.086559 0.109590 -0.205391 0.211917 0.467453 1.839812 -0.401721 1.949231 0.191356 -0.766854 1.970657 -0.301109 -1.448244 -0.530777 -1.647500 0.735597 0.597284 -2.003886 0.514313 -1.186484 0.956029 0.625479 0.250813 -0.859695 0.736983 0.411317 0.598247 0.807541 0.548628 -1.199172 1.476265 -2.084449 0.857709 -2.212348 -0.318133 -1.902433 -0.062246 0.036488 1.433509 0.112715 -0.304102 0.156515 0.269528 0.463383 -0.740477 -0.657915 1.118880 -0.640742 1.164624 -0.416511 -0.795546 -0.810405 0.154709 -2.449150 -0.359296 -0.349715 -0.001007 -0.430491 -0.355526 0.417747 -2.319847 -0.708952 2.187468 0.664701 -0.237303 -0.662052 -1.082672 0.821898 -0.040585 -0.431729 0.089615 0.935421 -1.039067 -0.483681 1.016527 -0.349496 1.669636 -1.131514 -0.709224 -1.423284 -2.370240 -0.433712 1.091597 -0.717448 0.453034 1.174278 1.168542 -0.527617 0.468843 -0.064722 -1.276515 -0.514664 0.499568 -1.026244 1.125302 0.207273 1.314334 0.896655 -1.150540 -0.321749 2.161044 -1.703958 1.540598 -0.631146 -0.238613 -0.266049 -1.151925 -0.229989 0.377665 -1.663418 -0.497356 1.713659 -0.393244 -0.022593 -0.269948 0.858020 -0.195814 1.464056 1.381453 -0.336773 -1.850697 0.146512 -0.478512 0.245564 -1.390151 -0.531506 0.772839 0.139244 0.786125 1.084300 -0.537732 0.938206 -1.472521 -0.079028 0.160241 -1.181214 0.659666 -0.620879 1.046407 0.053162 2.042105 -0.668536 -0.417400 -1.464916 0.537588 0.792772 -0.463495 1.241027 1.699163 0.049483 -1.353181 0.836426 -0.672898 0.664030 -0.457540 -1.373566 0.963446 -0.425972 -0.396076 0.485462 -0.587907 0.230100 0.054556 0.785223 0.323599 1.391550 0.343982 0.435909 -0.813731 0.284088 0.593012 3.312517 0.190274 0.038932 -2.505383 1.872020 -1.138543 0.547345 -0.793231 0.335200 -0.365759 1.438192 0.769735 -0.953705 1.067768 0.961239 0.869570 -0.449087 -0.624242 0.703618 -0.758555 0.563746
-0.585974 0.241821 0.644471 1.370852 -0.945857 0.389874 -1.255255 -0.000893 0.220779 -0.396147 0.386638 -0.569527 -1.496827 1.283774 -0.402758 -1.128572 0.625167 -0.395280 0.253535 0.413627 -0.120288 -0.531084 -1.817527 1.341714 0.648428 0.003191 -2.442916 -0.907531 0.116825 -0.275740 -1.786180 0.812706 2.337893 -0.134376 -2.260437 -2.851911 -0.321895 -0.097364 -0.844910 -1.192553 -1.269107 -0.809957 2.390982 -0.676550 1.993170 1.075824 -0.540232 -0.678372 -0.251929 2.557402 0.454591 0.314661 -1.046000 0.082044 -0.005878 -0.762773 -1.454712 0.757990 -0.165195 0.534464 -1.191100 1.929477 0.839935 0.200166 1.213638 -1.518600 0.412914 1.750636 0.044104 -0.557967 2.280751 -0.409045 0.604632 -1.417474 -0.252998 -0.034746 0.468154 0.993151 1.097607 -0.656536 -0.898864 -0.223515 0.103109 0.264821 -1.021077 -0.673060 -0.142458 0.638063 -0.255093 0.435346 0.926612 0.025825 -1.045970 0.228134 -0.637080 0.267241 0.629544 -0.140823 0.048218 0.954346 1.982221 -0.598054 1.044292 0.417750 0.814659 -0.362229 0.402341 -0.929851 -1.002613 0.918648 0.542696 1.088889 -1.115660 -0.061050 0.784891 -0.294459 0.863857 -1.002709 -1.290602 -1.089340 -0.265191 0.414281 -1.017366 -1.570631 -0.672941 -0.629477 1.190916 -1.339633 -0.170943 -0.621577 0.973617 0.583346 0.235776 2.018735 -0.264612 0.758982 -0.306895 0.233298 -0.777662 -1.426069 0.809828 -0.079802 -0.746819 -1.711595 -0.423245 -0.895601 -0.867207 -0.437886 0.492722 0.485579 1.012065 -1.179531 -0.508630 0.296513 2.279004 -0.598095 -0.419476 -1.000099 -0.041396 0.546955 2.422949 -0.388021 1.114044 -0.584322 -0.479202 2.045598 0.190926 0.615221 -0.410964 1.440423 0.144002 -0.162335 -0.484650 -0.085375 -1.189575 1.825779 0.700899 0.949864 -1.233156 1.256879 -0.417592 0.859516 0.376103 0.689757 -0.160831 -0.180676 -0.371145 -0.270148 0.315417 -0.138495 1.396472 -1.776498 -0.396725 -0.199235 1.368389 -2.093056 0.600546 -2.336716 -1.164425 -1.060710 1.548725 -0.068393 -0.575426 0.841944 -0.725859 -1.945648 1.633002 1.328836 -0.476652 0.670120 0.847242 0.529713 0.943782 -0.194491 -0.983444 -0.072543 0.370741 1.931169 -1.132501 -0.318679 1.004356 0.370650 -0.510623 -1.279835 0.206238 0.791791 -1.716691 -0.677196 2.407852 -0.602348 1.789639 -1.268658 -0.135342 -0.367326 0.035734 0.104717 1.437989 0.062715 -2.826900 1.354136 -1.354044 -1.171454 1.548590 -0.944954
0.334313 -1.594524 -1.901841 -2.288991 -0.613818 0.620833 -0.072452 0.398013 -0.152543 0.603207 0.524943 -0.636873 -0.292971 0.262798 -0.392321 -0.266164 -1.403107 0.572078 -0.324127 1.082843 -0.507969 -0.729079 -0.601883 0.160634 1.187703 -0.758104 -0.091824 -0.836451 1.663672 -0.206408 1.674875 -0.780780 -1.513615 -0.218155 -1.088892 1.387201 -0.901382 0.378338 0.385268 0.191302 -0.842362 -0.526716 -0.079079 -0.510709 -0.190275 -0.208567 0.902912 0.544232 0.557944 -1.706370 -1.104344 0.815283 0.499878 -0.616460 0.796595 -0.672056 -0.972714 -0.415399 1.055808 0.463878 -1.019800 -0.327174 0.395646 0.821112 0.581122 -0.598253 -0.356122 1.732225 0.429393 -0.927049 -2.601160 -0.205929 -0.854370 -0.648152 0.147435 1.137705 -0.715730 -1.378944 0.083529 0.500503 -0.893994 0.729486 -0.174335 0.240960 -0.231832 0.472802 0.167756 0.109649 0.865478 0.582695 1.669072 -2.252957 -0.230557 -2.008080 0.640917 0.014037 -1.434761 1.570941 0.640679 2.112113 -1.087837 -1.159767 -1.603630 -1.611622 0.080517 0.064624 0.128467 -0.866731 -1.349516 -1.393467 1.764846 0.214488 0.060547 -0.064061 -1.523479 0.143599 1.148311 2.469520 0.270182 0.509746 0.464180 0.625339 -0.085184 0.449337 0.298969 -1.457133 0.106656 -0.605162 -0.333451 0.736931 -0.493186 0.268504 0.260408 1.275569 0.043430 -0.637561 -0.047853 0.348266 1.176752 0.142988 -1.437754 -0.316631 0.835304 1.387111 -0.649793 -1.726246 -0.229742 1.985436 0.245200 0.181305 -0.229505 1.413219 2.458639 0.245680 1.658515 -0.743378 -0.232109 -0.864476 -0.809168 -0.320759 -0.164268 -0.818027 -0.670946 0.136129 -0.249802 0.822594 -0.671132 0.834875 1.110418 1.664412 0.145405 -1.533628 0.205240 0.850458 -1.509742 1.762366 -1.638059 1.891134 0.845372 -2.987404 0.738647 -0.345719 1.324109 0.385450 2.096106 -0.558920 -1.423128 0.556630 -0.198382 -0.219641 0.452683 -1.032636 -0.331875 -0.455980 0.208393 -1.293563 -0.467458 0.779620 1.182897 0.228386 -0.577619 0.577745 -1.344770 -1.661255 0.784543 -0.522651 -0.795620 -0.464682 1.258867 -1.808498 0.025735 0.389382 -3.024668 1.899081 1.247604 -1.347536 -1.055467 0.409134 2.173600 -0.420723 1.914354 -2.451817 -0.956744 0.764613 -0.251192 -0.910835 0.184202 0.741891 -0.673607 -2.108417 0.233130 0.450762 -1.419037 -0.579465 1.333830 0.082459 -1.096553 -2.325873 -1.134619 -0.733665 -1.449299 -1.050751 -1.525378 0.772560
-0.710374 -0.569315 0.188349 0.032721 -0.307695 -0.786673 0.300023 0.432681 1.991430 -0.572259 -0.217188 -0.563183 0.744529 0.184952 -1.402363 -1.031087 0.960576 2.341065 -2.204109 -0.060468 1.438459 -0.788946 1.058894 0.442973 1.095015 -0.421584 0.228642 -0.446555 -0.133654 0.778521 -0.804157 1.030593 -1.054342 -0.761651 1.214626 1.014728 -0.121413 0.626437 -1.995314 1.135246 0.029135 0.116515 0.886373 0.783880 -0.895386 1.177437 0.853432 0.939876 -0.629753 -1.734519 0.621829 0.447614 0.180761 -0.456221 -1.112368 -0.569504 0.297574 -1.439517 1.999104 -0.602397 -1.501251 0.727737 -0.434245 -0.578085 0.045503 -0.186188 -0.762801 0.392797 -0.588634 -0.389372 0.787830 -0.381007 -0.980785 0.214920 -1.135131 -0.015627 0.493032 0.048516 0.485538 -2.279135 0.688391 -0.477225 0.052796 0.332411 -0.663936 0.244412 0.059786 1.093660 0.153672 -1.488816 2.501519 0.475326 -0.306687 -0.820876 0.812629 -1.606831 1.111394 -0.171496 0.212007 0.358872 0.407572 -0.790664 1.332376 0.358640 -0.288475 0.865108 -1.310582 1.163203 1.737213 0.458587 0.352327 -0.550350 1.227830 -2.496075 0.103817 -0.334235 1.132688 -0.214087 0.724947 -0.218692 0.902467 -0.651959 1.178551 0.421378 0.192380 -0.167625 0.844883 -1.211494 0.656454 0.977266 0.954246 -0.055317 0.538633 -0.504925 -0.058831 1.713348 1.166155 -0.077217 -0.161259 0.322838 0.584721 -0.622107 0.387278 0.453806 -0.772687 0.306267 1.511599 -0.154843 -0.177831 -0.990837 0.520840 -0.070783 -0.267002 -0.617218 0.200987 0.463588 -1.804638 -0.622004 -1.457953 -0.071452 -2.047826 0.159531 -0.770306 -1.779783 2.197527 1.582164 -2.423316 -0.315888 -0.561381 1.117417 -0.034719 -0.568201 0.174624 -0.710030 -0.397581 0.673658 0.260746 -0.152810 0.668261 0.983194 -0.035732 0.869390 -1.010186 0.742508 -0.228058 1.772056 -0.533668 0.733915 0.575874 -0.169133 -0.443741 0.640686 -0.084849 -0.301203 -1.800058 -0.918477 -1.236846 -0.505967 1.257659 -0.678554 -1.306042 0.973954 0.111148 0.954420 -0.957860 0.499435 0.081249 0.527367 1.058752 1.075878 1.064603 0.760578 -0.494819 1.200722 -0.566097 -0.586201 1.933180 -0.309624 0.572288 -0.926577 1.435882 1.129490 -1.200727 -0.180497 1.622284 -0.136123 -0.109054 0.617527 0.112532 -1.083453 1.129766 -1.084098 -0.620617 -0.526375 -1.311468 -0.522579 0.448523 1.060464 -1.175606 0.477792 0.356330 0.540399 0.442111 1.174068
0.863679 0.356266 1.769095 -1.006595 1.814457 0.838820 -0.145457 -1.555724 0.658174 -1.470135 0.010187 -0.529474 0.331780 0.266318 -0.067710 -0.735986 0.177626 -1.929099 -0.587239 -0.932407 -2.090321 -1.531583 -0.459246 -0.274763 0.613872 1.208997 -0.055923 0.052637 -0.708203 1.202355 0.339159 0.385704 1.311866 -1.937739 -0.031971 -1.330108 0.462460 -0.435300 -0.369422 0.360799 -0.215387 0.203749 -0.779547 0.667240 1.708744 -0.439939 0.412488 0.890909 0.916225 1.103793 1.832606 -0.326887 -0.590076 0.462374 0.704812 -2.339016 -0.216643 -0.407156 0.497522 0.435092 0.595215 0.722934 1.043531 -0.367437 -0.379049 -1.549392 0.313831 -0.982391 -1.804966 1.264567 0.091400 2.100296 -0.146011 0.417301 -0.790699 0.088898 -1.422882 0.023367 0.226472 -2.485635 0.434687 1.271082 0.472323 -0.012162 1.943188 -1.200609 1.811585 0.272070 1.137137 0.580560 -0.192088 -0.081386 -0.220151 0.026582 -1.111920 0.874695 1.027683 -0.859591 -1.793925 -0.650803 0.946895 0.541817 -1.227653 0.072057 -1.869308 -1.059336 0.905680 0.194749 0.994766 1.730265 3.010132 -2.178635 -1.071165 0.163862 -0.112268 -2.022371 1.851594 0.966715 0.264863 -0.005874 2.849343 -1.455339 0.071291 0.646232 2.068753 -0.249191 -0.328787 0.459030 -0.267898 1.362482 -0.353133 0.649056 1.056601 -1.025213 -0.679742 0.222781 0.408255 -1.171963 -1.112355 -0.249371 0.536040 -0.694241 0.048814 -0.889454 -0.037678 -0.932617 1.973716 -0.839897 -0.341253 -0.046309 0.126810 -0.071906 1.205877 -0.342622 -0.702011 0.572142 -1.378282 1.037659 -0.375326 0.004854 -1.631316 1.875472 -0.589851 1.581621 -0.119825 -0.929941 -0.410715 -1.075652 1.192113 -0.238852 0.041092 -0.272269 0.346097 0.225308 -1.046751 0.175460 0.330473 0.585713 -0.632267 -0.169033 0.276986 0.506245 -0.785132 0.193911 -0.386377 -2.304775 -0.251569 0.627729 -0.180415 1.740212 0.548853 -0.668574 0.201933 0.739570 -0.058875 0.119418 2.473614 -1.196902 -1.132911 -1.761573 -0.341726 0.082606 0.066326 -0.966195 0.210345 -0.160062 -0.432603 -0.698178 -0.287414 0.381659 -0.758411 0.962997 0.438794 -1.756352 1.130621 -0.080969 0.915966 0.318370 -0.175684 -0.847381 0.328031 -1.608830 0.829918 -0.290564 0.575498 0.699259 0.393006 -1.192955 1.932526 0.286639 -0.704329 -0.314827 -1.459696 -1.179437 2.387504 -1.315841 1.052367 -0.013560 -0.465394 -0.947480 0.440391 -0.827573 -0.397987 0.606040
0.592579 1.449711 -0.166837 1.469827 -1.254167 1.840643 -1.374737 0.160815 -1.451013 2.596861 -0.858478 0.715305 0.384890 0.801607 0.397950 1.172425 -0.947280 -0.311087 -1.295961 0.343347 -0.702043 2.044108 -0.642844 -0.084543 -0.584712 0.147296 -0.858895 -1.531828 0.775511 0.152052 0.816361 0.019681 2.289480 0.274901 0.425062 -2.430409 -0.670823 -0.507722 0.834527 0.441390 0.729159 -0.601843 -0.203390 -0.588261 -0.870483 -0.861918 -0.637427 -1.077278 -0.725703 0.256769 -0.945988 -1.080523 0.034071 -0.185264 0.067416 -1.721206 0.435913 0.173684 0.012358 0.117536 -1.985072 -0.998578 0.608969 0.401202 -0.589893 1.358593 -0.707634 -0.003047 -0.029499 -1.579097 2.769389 -0.256976 0.272444 -0.681768 -0.035154 0.294544 -2.308310 0.043817 -0.002840 0.665951 -0.121966 -0.603686 0.555277 1.865925 -0.707979 0.434710 -0.567178 0.330322 -0.480142 0.695331 -1.656554 -0.615867 0.600324 -0.377555 0.662277 0.454388 1.083568 1.690095 0.796959 0.836057 0.908369 -0.373371 -1.328136 -0.761868 -1.561697 0.182901 1.299790 -1.192938 1.428673 -0.354059 0.039844 -0.870000 0.151208 1.466418 -1.024285 -1.667944 -0.511553 0.466035 0.589875 0.343697 -0.321746 -1.085980 -0.451846 0.722435 0.202565 0.395782 -0.192079 -0.213176 -0.360125 0.578988 0.706017 0.311252 -1.493604 -1.144503 -0.596562 0.464540 0.366766 1.746548 -0.755347 1.925022 -0.163750 -1.365513 1.537318 0.588736 0.056028 -0.356060 1.010392 0.604829 -1.141129 -1.009678 -1.895716 -0.496214 0.510500 -2.925497 0.877910 -0.420174 -0.086859 1.192727 0.048746 -0.257365 -0.197226 -0.445757 0.096140 -1.060182 0.674184 0.561867 0.205901 1.437962 0.301559 0.666939 -0.097563 0.417172 0.739427 -0.450592 0.317645 -0.507370 -0.801958 1.458226 -0.639289 -1.246040 -0.704697 -0.899315 0.475469 0.541839 0.417569 -0.673309 1.332766 -0.756929 -0.738219 -0.618816 -1.136128 0.248012 0.272152 -0.256430 0.317539 0.314226 0.300337 0.168884 -0.997457 0.789469 -1.253400 0.830329 0.305299 -0.622747 0.407725 -1.544778 -0.132840 0.284936 0.462965 -1.383537 -1.079890 0.419376 0.532468 0.061589 -0.090737 0.106835 0.554574 -0.055673 2.010983 0.308790 0.649152 1.005167 -0.799000 0.233517 -0.495730 0.521450 -0.150565 -0.086353 -0.297927 0.021951 -0.910133 0.368060 0.999021 -0.111374 -0.501986 -0.827549 -0.275351 -0.628649 -0.405404 -2.940696 -1.810614 -0.883735 -1.091186 -0.737495
-0.191265 0.084383 -0.178481 -0.031217 -0.742006 -0.995412 1.301714 1.176466 0.318339 -0.689349 -0.480371 0.337459 0.347985 1.209624 -2.075387 0.933054 -0.239215 0.670323 1.392957 -1.393977 -0.432123 -0.214821 0.912942 0.303584 0.785329 -0.850082 1.236203 1.319656 0.170776 -2.044467 0.433879 -0.762890 -0.641823 -0.382428 -0.244260 1.252602 0.604695 1.121560 -0.749310 -0.469585 0.657025 1.567027 0.510595 -0.523600 -0.500240 2.209034 -0.738159 -0.096612 0.956888 -0.826302 -1.216992 0.744931 -0.489327 -0.241507 -0.431312 -0.709742 1.306960 1.277004 0.745814 0.916263 -0.412923 1.009789 0.876622 -0.390888 0.263344 -1.436836 1.600237 0.865564 0.083227 1.084272 0.035763 0.573100 -1.539788 -0.745618 0.482663 1.740683 -0.708685 1.435806 -0.436646 -0.702232 1.545844 0.076976 0.975210 1.203251 -0.662094 -1.321939 -0.383905 -0.017847 -1.966160 -0.617150 -0.372107 0.273959 0.450708 1.412229 1.040428 -0.814009 -1.514849 0.003746 -1.176176 0.350881 1.826230 0.554510 -0.231047 -0.408167 0.594611 -2.167408 -0.048505 0.677263 -1.283935 -0.072474 1.209647 0.935828 0.975084 -0.281898 0.435121 -1.765227 0.369396 -0.076384 1.283499 1.466276 0.752792 0.527866 1.256315 0.181140 -0.641744 1.667410 0.603286 -1.596969 1.761738 2.121770 0.388114 1.007257 -1.584405 -0.756530 0.000748 -1.217405 1.544232 -1.817811 -0.563608 -0.145737 1.355960 1.099735 1.641510 0.574669 0.362403 -0.259656 1.488407 0.004730 -1.459649 1.059919 0.513046 1.048756 -1.154317 -0.129247 -0.634284 -0.136748 1.376319 -2.107812 1.532179 -2.463720 -0.853626 -2.114079 0.721456 0.421623 -0.228320 -1.602240 1.320976 0.017798 -0.070249 -1.005713 0.121733 1.135634 1.730276 0.031253 -0.637934 -0.555029 -0.985822 -0.268200 0.459346 0.000899 -0.565826 -0.670379 -0.176694 1.462771 -1.537629 1.832845 0.819060 -0.653884 -0.073862 0.139171 -0.556608 -0.443561 0.588902 0.108000 1.134104 0.327259 -0.998509 1.425166 -0.431015 -0.003583 -0.388881 -1.276359 0.463938 0.755107 -1.832019 0.296486 0.744317 -0.224794 -1.043934 -2.059889 -0.922710 -1.562953 -2.481251 -1.286315 1.394528 0.229968 -0.161135 -1.793688 -0.323387 -0.937438 -0.354047 0.019445 0.993269 0.473963 -0.796632 0.086768 0.042993 -0.305562 -0.180472 1.373511 -0.132741 1.910917 -0.092320 -0.869024 0.417158 0.995997 -0.013750 -0.236295 -0.871311 -0.804631 0.309430 1.183864 -0.378756 -0.859753
-0.015299 0.284220 -0.561218 -0.147306 -2.211710 -0.827657 0.604485 -0.909540 -0.193801 0.644789 1.014285 -0.968714 0.579285 -1.375237 0.404481 -0.819681 -0.293329 -1.760110 -0.248554 0.034334 -0.087725 0.888005 0.039695 1.166775 0.462205 1.032457 0.342684 1.023493 1.310594 -0.208924 0.619558 -0.882239 -0.107531 1.167343 -0.773795 -0.515878 0.300695 -0.248541 -0.675660 0.587433 0.953385 -0.223469 1.555226 -0.311316 -0.753991 -1.919468 -0.067968 -0.612198 0.677954 -1.605335 0.125246 0.988753 -0.411018 -1.344529 -1.738719 -0.139208 0.873112 0.676789 0.801077 0.615048 -1.983853 -2.281750 2.013322 -0.557456 -0.557296 -1.120837 -0.512882 0.687310 0.418004 0.911692 -0.812503 0.225887 1.026972 -0.144484 1.422370 -0.623476 0.214078 0.723669 -0.021124 1.091968 -0.894140 -0.819238 0.830371 0.085834 -1.115782 0.316293 -0.488963 -2.048851 1.908375 -0.665863 -0.359897 -0.268014 -0.552726 -0.663774 -0.100153 -1.241594 -0.006329 -1.990388 0.335651 -0.679235 1.148031 -0.586808 0.940751 -1.234101 0.301931 0.541388 3.100997 1.123153 0.539274 2.091502 -0.040240 0.362329 1.427706 0.277771 -0.411868 -0.674612 -0.964467 0.151148 -1.334285 -0.473453 0.616689 -0.321738 0.204140 -0.171157 0.669622 -0.786230 -0.155358 -0.411728 -2.607249 1.122735 -1.380959 0.710852 -0.211428 -0.524628 -0.757246 2.285408 -0.172061 -0.039125 1.896010 1.361626 1.501423 0.851836 -1.355812 0.478995 1.945244 -0.171575 -0.997775 0.315862 0.137290 -1.140521 0.091719 0.250708 0.872727 -0.108651 1.205217 -0.817006 1.730256 -0.663305 0.136261 0.273329 0.629427 2.599776 -0.286991 -0.895429 0.585368 1.109924 -0.321273 -0.386148 -0.259695 -0.331004 -1.316567 -0.415203 0.190353 1.296200 1.150495 -0.363726 0.964797 0.730926 -0.305178 0.744292 0.788457 0.498721 1.032050 0.044876 -0.396246 0.011177 -1.190660 0.852529 -0.767397 0.587199 0.420169 -1.797435 0.408938 0.363229 0.903599 -0.931902 -0.187720 -0.567779 -0.355862 -1.234764 -0.793176 -1.272578 -1.653872 0.100615 -0.589790 0.308008 0.056872 -1.173213 -0.836749 -0.065901 -1.745108 -1.653011 -0.640039 -0.134453 -0.903729 -2.032784 -2.670957 -0.379900 -0.586089 -0.189416 2.254506 -1.562198 0.666592 -0.149752 1.697445 -0.175431 -1.032742 -0.580621 -0.499982 0.066099 0.850666 0.153680 -1.027989 0.529723 0.380226 -0.100388 -0.496564 2.004211 2.395088 0.068963 0.204601 0.234040 0.114221 -0.079786
-2.656486 -0.268445 0.692003 -0.427719 -0.930447 -0.005756 1.238318 -2.667258 0.911239 -0.599167 1.334600 1.900563 -0.286596 1.633248 -0.882827 -1.940141 -1.794632 -1.720892 -0.955355 2.133134 0.545166 0.634358 -0.029264 -1.546630 -0.481810 0.740067 -0.001974 -0.603990 0.447170 -0.863743 -0.004644 1.302333 1.266499 0.590123 2.100262 -0.834141 -0.283079 0.118571 -0.878185 0.042356 -1.112211 0.175445 -0.859175 0.789586 0.909900 -0.798357 -2.941436 -0.249022 -0.630988 -1.566521 -0.679068 -0.276194 1.099580 1.132318 0.232813 -1.319384 0.179257 0.039625 -0.897129 -0.873469 0.469792 0.783715 -1.429503 0.708003 2.429395 -0.859754 0.672602 -0.596552 -0.770952 0.660852 0.285425 -1.555988 0.937235 0.902141 -0.659269 -0.660656 -1.493020 -0.783422 0.819750 -1.848206 0.196159 2.508214 -0.119258 1.436762 1.347697 -2.429692 -0.210406 -0.011624 0.367697 -0.992889 -1.792043 -0.617534 -0.064962 1.377380 -0.617615 1.263370 1.277008 1.293111 0.312145 -2.032800 0.437512 1.950569 -0.363771 -0.767446 0.656269 1.421630 -0.320226 0.888833 -1.704847 -0.865028 0.658021 -1.434217 0.900183 0.258116 0.304693 -1.131735 -0.191632 0.114509 0.874888 0.221871 -1.787692 0.317373 -0.311002 0.761385 0.649332 -1.003539 -1.026705 -0.920000 -0.679399 -0.273468 -0.419245 1.643348 -0.083090 0.094791 0.249353 -0.261893 1.404304 -0.952661 1.114285 -0.056206 0.001273 0.073709 -0.419091 0.053787 -0.129448 2.129015 -1.277766 -2.047416 -0.599112 -0.402100 1.801482 0.280604 0.718054 1.371001 0.803192 -2.197837 -0.984886 -1.357836 0.018484 -0.174206 1.329157 0.718501 -1.060661 0.824543 1.880830 0.125930 0.935455 0.351443 0.157207 -1.613759 -0.165139 -0.712043 1.357799 0.044861 -1.822223 -0.885132 0.184764 0.527943 -0.085060 -1.573982 -0.039835 1.437183 -0.890436 -0.003054 -1.591575 0.877514 -1.113737 1.463225 -0.470882 1.184344 0.373076 0.170467 0.181866 -0.408617 0.482528 0.256565 0.504319 0.242314 0.590424 -0.554579 -0.585376 -1.139864 -2.241888 0.917354 -1.415852 1.200442 3.341454 -0.382686 -1.037690 -0.321313 -1.527481 -1.386010 0.906139 1.504311 0.239445 0.089588 0.713552 -0.162601 -0.097521 1.944819 -1.150293 -0.066970 0.687930 1.301421 1.174996 -2.725478 1.539185 -0.631901 -0.935707 0.211179 0.049474 -0.794932 1.095308 0.085817 -0.962855 1.500213 -1.451449 0.897301 -0.461583 -0.614574 -0.421964 -1.502231 -0.219473 0.577047
-0.503552 -1.112800 -0.528738 -0.227300 1.147603 -1.346434 0.437497 0.963412 0.351061 0.067159 -0.250870 0.695393 -0.323224 -0.672736 -0.177066 0.447586 -1.783398 0.923062 0.470966 1.817623 0.533299 -0.282866 0.250198 0.202785 0.234360 -0.096317 -0.794041 0.550063 -0.423397 2.398612 -1.220746 -0.196411 0.554691 1.204084 -1.063161 -1.415055 0.308191 -0.352177 -0.180268 -1.539243 -1.049778 1.223710 -0.445949 1.560092 2.190438 0.370234 -0.086678 0.117441 -0.415152 -1.134333 2.684170 0.885688 -0.156976 0.670167 -0.593758 -1.454860 -0.021242 -0.860939 -2.047884 -1.750446 0.954803 -0.416338 -0.829962 -0.036974 1.852403 -0.427325 -1.983160 0.030291 2.227506 0.028196 -1.544752 -0.625973 0.927403 -1.109794 -0.719386 -1.195374 -0.640098 1.542869 1.157753 0.476645 -0.737076 -0.262678 -1.550612 -0.010081 1.727836 1.601266 0.655636 -0.191544 -0.844544 -0.078877 -0.866113 0.685817 1.377655 -0.695108 -0.849646 0.287278 1.653925 -0.390188 -1.364751 -0.331182 -1.902161 1.049388 -0.244404 -1.171944 -0.377752 1.152817 -0.582821 -1.994984 1.010943 -0.331029 -1.412849 -0.497520 0.753795 -0.975646 0.887748 -1.249939 -0.882191 1.022042 0.764846 1.627240 -1.089855 0.473101 -0.760252 1.549916 -0.180508 -0.587825 -3.001710 -1.866536 0.538198 -0.475235 1.455940 -0.443834 -0.682394 -0.519345 0.651784 -0.354903 -0.107714 0.370576 -1.087247 1.943635 -0.785427 -1.645513 0.377980 0.538262 -0.543613 -0.633505 3.332430 -0.069528 0.660311 -0.627053 -0.270828 -0.690161 1.237577 -1.855693 0.201932 -0.933403 -0.931829 -1.735226 -0.400257 -0.468780 -0.950049 0.853060 -0.827775 -1.085980 1.463802 0.280205 0.047558 -0.939052 1.047013 -0.335086 -1.541755 -0.269632 1.431090 -0.532188 -0.558574 -1.057008 -0.208235 -0.971054 0.506600 -1.434300 1.604876 -0.863905 0.614397 -1.207329 1.253612 -0.139257 -0.564145 -0.530941 1.625885 1.682397 0.536021 1.719455 0.700618 -1.989581 2.672284 -0.337847 0.589387 -0.209956 -0.063906 0.347453 1.613629 -0.411294 0.964333 -2.093799 -0.429180 -0.245167 1.031149 -0.106150 1.357345 -0.288495 -0.609491 -0.250715 -1.089586 -0.243285 0.009112 -0.520975 -0.416734 0.517651 0.119310 0.144435 1.930001 0.942444 -0.652490 0.513977 -0.622662 -0.875776 -0.617282 -0.216285 0.369704 -0.469380 0.104231 0.575650 1.236005 -0.480484 -0.292821 0.330089 -0.164695 -1.215004 -1.543681 1.197898 -0.191569 0.136109 -1.987221 -0.016152
0.381422 -1.223139 1.598647 -1.270436 -1.072739 -0.536908 0.347289 -0.055689 0.388117 -0.581034 0.079477 -1.268431 1.383992 0.473484 -1.445961 -0.969484 -0.435677 2.699834 0.165933 -0.853594 -0.458763 -0.350747 0.000035 -0.877760 -0.779215 0.140294 -0.103849 -0.411445 0.242023 0.082607 -1.652420 0.964086 -0.825025 -2.076188 -2.384468 -0.633554 -0.922198 -0.471786 -0.382670 1.334230 0.937592 -1.346045 -0.596326 0.075208 -0.172274 1.477435 -0.660903 0.691977 -0.319052 0.377653 0.878604 -0.302126 0.039663 0.031851 -0.647420 -0.340999 1.761297 0.479885 1.313096 0.251410 -2.852673 -0.094065 -1.255034 -0.937968 1.037940 1.039145 1.830835 -1.279045 0.768955 -1.237272 0.210979 -0.687565 -0.959518 -0.618576 -1.284189 -0.676290 -0.738194 -0.836203 -0.887558 -0.457837 0.526706 -2.096056 -0.891190 0.720848 -0.012171 1.645621 0.460930 1.238163 -1.340497 -0.693079 0.317808 -0.586792 -0.163595 0.346022 0.647159 0.520747 -0.184213 -1.271259 -0.792200 -0.385335 -0.106830 -0.930230 -1.359783 -0.193364 1.031868 -0.898070 0.075606 0.947710 -0.899885 0.253152 1.465710 -0.417493 0.667501 0.321968 -1.441551 0.148182 -0.980469 -1.377165 -0.139232 1.787880 0.977817 0.185260 -0.656640 0.504590 -1.707512 0.148575 -0.248870 0.331523 1.635554 -1.078478 -1.785593 -2.174724 0.806255 -0.353990 -0.504548 -0.954115 -2.038820 0.315166 0.567982 -0.414705 1.580533 1.606805 -0.018184 -1.030828 1.483366 -1.469281 0.084518 -1.684877 -0.251200 0.848525 0.049985 1.647496 -0.849112 0.928160 0.455703 -0.506032 1.017682 -0.167685 -0.085585 -1.434006 -0.140874 0.285433 0.351989 0.164870 -0.922569 -0.181789 -0.566624 0.860292 0.474672 -0.345064 -0.546186 -0.377393 0.133619 0.708712 -1.403436 0.281321 -0.508857 1.492101 -1.288478 1.706455 -0.647262 0.480700 -1.932612 1.366749 0.361571 0.254122 -0.167799 -0.748047 -0.697437 0.558025 -0.858956 1.437236 2.070192 1.342039 0.577139 -0.732486 -0.261142 0.878633 -0.328912 -1.163971 0.616306 -1.449226 -0.920202 -1.502544 -0.931261 1.491990 -1.092880 -0.703893 -1.832102 1.600215 0.978043 0.708542 1.453568 -1.500246 -0.990472 -0.157477 0.074688 1.387081 -0.184374 -0.896414 -1.264877 -0.572245 0.975309 -0.675490 -2.572080 0.565871 1.024613 1.427148 1.956776 -0.590092 0.635388 0.160001 -0.898808 -1.549947 -0.978896 0.620509 -0.535513 2.051588 -1.880798 -0.949641 1.007944 -1.491524 1.330722 0.570781
0.928477 1.135666 -0.395989 0.460698 -0.761968 -0.427233 -0.409598 -0.033834 1.576551 2.105475 0.198484 0.328992 -0.105011 0.411262 1.278821 0.686726 -0.150015 1.107378 0.665640 -1.370721 1.116405 -0.010813 -1.020362 -0.914334 0.272450 -0.801979 0.212094 -0.113641 -0.904316 -0.288871 -0.933413 -0.836646 0.309152 -0.242017 -0.711192 1.062566 -1.105764 0.286887 -1.320903 0.129760 0.565819 -1.612191 0.022990 -0.963701 -1.492496 -0.179547 -0.505476 0.031495 -1.140433 1.368313 -1.615126 1.057305 0.104390 -2.076663 -0.007545 1.357916 0.565503 1.371978 0.448359 -0.739044 0.254946 -0.065356 0.122053 0.194861 0.721845 0.721892 0.043626 -0.574407 0.537111 -0.212962 -0.774780 0.233712 1.036344 -0.722283 -0.530561 0.312765 -0.439948 -1.019025 0.463232 0.739208 -1.067683 0.181904 0.376063 -0.867486 0.043351 -0.156636 -0.616991 -0.530176 -1.252741 -1.625459 0.636743 -1.767089 0.760596 0.175222 1.690861 0.219338 -0.463996 -1.126587 -0.571041 1.783293 -0.567018 1.373996 -0.440470 -0.571565 0.044546 0.356482 0.206655 0.951879 0.840121 0.967722 -0.126545 -0.864803 -0.396242 1.704408 -0.362297 0.418820 0.276407 0.460607 -0.681979 -1.991769 0.580094 0.684290 -0.173198 -0.010087 1.744701 -1.943421 1.086673 0.112552 -0.458623 -0.008083 0.148064 -0.894516 -1.345568 -0.753616 0.774354 -1.222660 0.915750 -0.626434 1.175214 0.375575 -0.013622 1.224743 1.534276 -0.746855 1.135524 -0.025789 1.178158 -0.810446 0.865957 2.279566 -1.565009 -0.638665 -1.001020 -0.350465 0.986641 -0.136393 0.020112 0.986621 0.829995 -1.362865 1.432966 -1.258550 1.052276 -1.206697 -0.038613 -0.334410 -1.170669 0.170308 -0.945608 -0.777473 0.053001 1.470500 -0.491120 0.405108 -0.143410 -1.176457 0.185504 -0.232600 0.879575 0.211195 -0.118451 -0.337758 -0.534332 -0.107897 -1.158964 -1.113273 -0.253973 0.048328 -0.252945 -1.880270 -0.674140 0.971902 0.332849 -0.134060 2.305898 0.020447 -1.532064 0.077474 -0.013323 -0.693849 1.115881 0.333193 -0.096953 0.058179 -1.378487 -0.749391 1.518249 -1.860608 -0.539019 -1.790562 1.804774 2.012916 2.486813 -1.767110 -0.711002 -0.762702 1.940263 0.655379 1.421404 0.703579 -0.573858 2.027322 -0.776791 -0.305234 -0.825793 -0.634400 1.898843 -0.199268 0.139951 0.793766 0.773970 0.085780 -0.945804 0.247600 1.668922 -0.587887 -0.660112 0.006717 0.267544 -0.071887 -1.208600 0.513876 -0.091543 1.325147
0.412598 -0.630043 1.176244 -0.896589 -0.458075 1.144452 -1.520411 0.493956 0.544699 -2.686845 0.241999 -1.023704 -1.913979 -2.459179 -1.010678 -0.844942 1.061264 -1.186317 -0.372249 0.344493 -0.441933 -1.421396 -0.543209 0.722930 -1.025356 -0.649129 -1.670883 -0.368458 -0.274274 -0.857151 -0.711305 -1.701024 -0.978592 0.602414 2.788088 0.879447 -0.322932 -0.907801 -0.749039 -0.409930 0.081847 0.155795 0.735296 -0.920447 0.065364 1.044739 0.744568 0.091040 0.340925 -0.816674 -0.112164 0.610556 -1.320001 -0.061532 -0.442859 -0.017307 -1.607948 1.162990 -0.389690 -0.728229 -1.287005 1.336645 -1.505179 -1.105331 -1.249038 -0.884547 -0.102025 -1.364061 -0.517821 1.326418 -0.311422 -0.118905 -0.016238 -0.882080 -0.629718 1.056815 -0.690355 -0.832107 -0.163769 1.198389 -1.954615 -1.066139 0.024503 -2.075883 0.149833 1.236623 -1.289582 0.792725 -0.008318 -0.140434 0.210007 -0.395237 -0.995366 -0.666971 -1.047359 1.899093 -1.203150 -0.086183 -0.110757 -1.077355 -0.445308 -1.139972 -0.745185 -0.969108 -0.879412 2.332102 3.217921 -1.444730 0.571490 -0.353245 1.297065 0.209832 -0.705260 -0.030766 -0.381717 0.439585 0.090783 -0.277647 1.561710 -0.511683 2.176403 0.914357 -1.716002 0.146664 -1.199784 0.557168 -0.869876 -0.347190 -0.144005 0.185236 0.588062 -0.386186 0.961037 -0.796161 1.282975 -1.026097 0.737371 2.310695 1.822998 0.785503 0.704337 -0.459895 0.016069 -0.286330 0.896328 1.831863 -1.343376 -1.228777 0.650866 -0.642804 -0.543820 1.064644 0.577307 -0.278227 0.511145 0.336035 -1.078872 2.963303 -0.882844 0.521721 -2.790243 -1.270411 -0.999444 -1.390287 -0.387912 -1.223598 1.613038 -0.698540 0.093766 1.202688 1.399510 0.129126 -0.367826 0.821947 -0.079781 -1.536039 -1.831810 -0.811065 -0.590763 1.279035 -1.298687 1.293083 -0.563160 0.906660 -0.051313 -0.242510 -1.256085 0.364209 -0.169974 0.659682 0.219785 -1.078811 -1.477855 -1.217387 0.783837 -0.871785 -1.038931 -0.939718 -0.241036 -0.363607 0.479378 -0.865726 -1.060422 0.267538 0.790428 0.345244 -1.561325 -1.114424 -0.607258 -0.283363 -0.064184 -0.893051 1.904507 -1.998642 0.909066 0.355481 -0.097012 0.508545 -2.141609 -1.038839 -0.750467 1.761537 -0.946105 -1.916582 0.227177 0.165783 0.383410 0.977548 0.480659 1.353341 0.574832 -0.566944 1.417844 1.028485 -1.126517 -0.141677 2.002600 0.452416 0.001721 1.478689 0.024436 -0.826757 1.008806 -0.123835
1.911381 -0.412786 -0.535051 -1.634809 -0.230746 -0.039716 -0.287914 -0.306133 -2.555449 -0.593096 0.119267 0.615284 -1.065202 -0.780293 0.233213 1.896205 -0.399713 -1.100977 -0.721275 0.872990 -0.190246 -1.099305 -0.312817 -0.057276 0.365054 -0.425460 2.262638 0.989688 0.781401 -1.243838 -1.378136 -0.276340 -1.354678 0.534626 0.332604 1.569551 -0.884793 -0.363812 -0.022224 0.037121 0.466051 -0.157120 -0.137404 -0.234340 0.152219 -0.937167 0.390995 -1.860009 -0.107086 0.503640 -1.379874 -3.144631 0.305510 0.285484 1.394365 1.224863 -1.498816 -1.581713 -0.675464 0.499458 1.628446 0.840238 0.694781 -0.620575 -0.481358 -1.622724 1.489822 0.358752 -1.066379 -0.036996 -1.650254 0.454286 0.575556 -0.967914 -0.565661 -0.452385 1.515546 -0.326893 -0.131623 0.459596 -1.085234 -1.506507 0.205079 1.365734 -1.172955 1.333969 1.453497 -2.835635 1.008285 0.668183 1.455186 -0.189178 0.027914 2.008021 -0.849215 0.573451 0.422157 0.548344 2.749764 0.967580 1.938290 -0.520740 -0.649763 -0.606576 -1.234795 0.408992 0.061805 1.458594 1.514434 -0.905390 0.248553 -0.009298 0.164086 0.561231 0.342700 0.523872 -0.326974 -1.345560 2.028643 -0.258060 -0.436317 -0.449463 1.022603 0.407150 -0.370843 0.241543 -0.805492 -0.616236 -1.042373 0.172026 0.906785 -0.776294 -1.718444 -2.117294 -0.005369 -0.548485 -0.095141 1.189083 -0.241296 0.286471 -0.180966 -0.715785 -0.055816 -0.058736 -0.400334 0.324670 -0.954267 -0.239604 0.284310 0.974891 0.636798 -1.368636 -0.189256 -1.288959 -0.572856 -0.527112 0.425461 0.731121 -0.040495 0.383022 0.402604 -1.039898 -0.470832 0.268309 2.081426 -0.369813 0.714491 -2.168043 -0.471160 1.662566 0.891337 1.039887 -1.061391 0.018767 -0.301830 -1.140780 1.126162 -0.241743 -0.871826 1.274842 -0.703218 -2.327853 1.268078 0.634210 1.403308 -1.149574 -0.131421 -1.065976 -0.394753 -0.708665 -1.721064 -0.370879 0.785573 -0.205471 -1.205551 1.426843 0.611429 -2.345474 -1.138044 0.639268 -0.273296 1.635498 0.233187 -0.487737 0.315821 -1.131902 0.052242 -2.033168 0.023867 -1.080051 -0.927001 -0.916891 -0.413600 -0.540134 1.318690 0.484493 1.235632 -0.492055 0.375013 -0.985747 -0.236472 -1.105392 0.200918 -0.217012 0.716441 1.251221 -0.090737 -0.088377 0.786110 0.126442 -0.486369 1.561852 1.620481 -1.925457 -1.103091 -1.110856 -0.729474 -0.101551 1.190057 -1.315291 0.760170 -0.678868 -1.308450 0.853593
-0.287771 0.569210 2.214838 0.719978 -0.660918 -0.419968 1.897805 -0.242786 -0.484239 0.770670 -1.317674 -0.977886 -0.557753 0.225598 1.565670 0.104203 -0.475575 -0.760244 1.580729 -1.706512 0.030156 -1.283523 0.222826 -0.411826 1.127224 0.807881 1.222787 -1.064578 -1.870511 0.455991 0.280879 1.651349 1.070469 -1.159658 -1.314072 -0.501701 0.335668 0.966768 1.550474 -1.049072 0.158112 -1.603534 -0.080650 1.172833 0.739860 0.659773 -0.504333 0.282314 -0.326182 1.080274 0.225876 -0.005202 -0.177766 0.761501 1.651925 -0.740644 0.716637 -0.418045 0.081124 0.005293 1.153584 -0.092401 -1.517613 0.548086 0.278721 0.517712 -0.820591 0.057673 2.347022 -1.480154 1.581967 0.669264 -0.064802 1.147958 -0.258269 -0.308778 -1.452701 -0.500023 1.221729 0.828423 -0.793134 0.704325 -0.703135 -0.072068 0.450508 -0.184500 1.622666 0.210872 -0.698136 0.235729 -0.510093 0.617321 0.076997 2.564850 0.559747 1.298705 -0.326328 0.113494 0.633923 -1.362817 -0.451084 -0.744773 -0.492562 -0.612438 -1.047023 0.161803 -1.343432 -0.415894 0.316433 0.546585 0.003855 1.453859 1.723494 -0.562677 -0.671670 1.486413 1.091936 -0.802099 0.638570 0.583613 0.858565 -0.265437 0.348840 0.814351 -1.185608 -0.488256 1.130983 1.312699 0.660441 0.459857 0.984603 0.173822 -1.021457 -0.881674 -0.509785 -0.535583 1.165945 1.523824 0.505596 0.150871 -1.624071 0.007217 -0.919080 0.137566 0.892197 0.052623 0.975600 -0.289826 -0.305351 -0.055735 -0.187757 0.831310 0.537836 -1.031143 -0.756939 -0.810885 1.049217 -0.376824 1.506933 -0.868868 -1.768646 0.156909 0.424562 1.347254 -0.338546 0.746549 -0.388914 0.078205 -0.985125 -0.423439 -0.027856 -2.181994 -0.816477 -1.656256 -0.555334 -0.898373 0.786731 0.210141 -1.074489 -0.377872 1.455834 -1.632067 0.086507 0.127066 0.238889 0.033184 0.401919 0.490149 -1.706523 -0.608848 -0.245290 -0.867931 -0.360684 0.397497 -0.112759 0.947608 -0.391259 -0.522831 -0.158275 0.564552 -1.905466 0.313442 -0.315814 -0.361965 0.221649 -0.089260 0.207066 -2.210942 0.624354 -0.528519 -0.533606 1.705225 0.929707 -0.640101 -1.475055 0.164874 0.109828 -0.290063 -0.272344 1.297286 0.857235 -1.035713 -1.095056 -0.680488 -0.461479 0.782226 -0.444462 0.984410 -1.559598 1.096117 1.588118 -0.095423 0.676364 0.193025 0.007771 -1.578340 1.058379 -0.610927 -0.491326 -2.147814 -0.418599 1.016152 1.009019 0.853122
1.707804 -1.441752 0.882219 2.423347 1.145000 0.437103 1.208038 0.978120 0.475905 0.700782 1.124554 -0.959034 0.415207 0.811823 -1.431566 0.362928 0.433104 -0.296515 1.734040 0.298262 1.261995 -0.438485 1.780609 0.378647 -0.307678 -0.348344 -0.698608 -0.007046 -0.027713 -0.856321 0.341821 0.812670 -0.496102 -1.074104 0.228244 -0.121017 0.557978 0.232034 1.168010 -0.292169 0.299571 0.500765 -1.005214 -0.962933 -0.825733 -0.805311 -1.069199 -0.397362 0.114351 -1.159562 0.759142 0.016852 -0.848301 -0.795321 0.955175 0.148558 -1.447989 -0.653102 -0.607490 -0.499120 0.384910 -0.011315 0.498882 1.374399 -1.537179 0.847784 1.006778 0.441662 0.239724 0.666977 -0.036322 -0.373400 0.515747 -0.286207 0.118540 -0.027431 -0.965530 1.681545 1.064441 -1.189227 -0.133183 1.272941 0.103211 0.906170 0.953334 1.748249 1.188487 1.733105 0.806424 -0.389680 -0.098375 -0.320715 0.020510 -1.305272 -1.072087 -0.979244 -0.292072 -0.201995 -0.985560 0.198587 -0.179535 -1.364632 -0.145200 0.272489 -0.010818 1.172810 -0.526467 -0.296487 -0.878114 1.152066 0.617798 1.040571 -0.229578 -0.657180 -0.008544 1.223911 -0.121679 -1.016072 -0.792935 0.274813 -0.962093 -0.188475 -0.483077 1.061552 0.212392 0.528930 -1.319327 0.034271 0.781350 -0.115853 -0.715762 -0.861254 0.057543 0.378677 -0.888797 0.573697 -0.990485 -0.487138 -0.192949 0.064921 3.269346 -0.757711 0.238612 0.806427 -0.765243 -0.528407 0.032427 0.473131 0.283410 -0.660865 0.160973 -0.076524 0.914769 0.477308 -0.761451 -1.072867 -0.121242 -0.260083 0.663381 -0.217473 -0.657418 -1.536935 -0.369175 -1.367436 0.127345 0.946327 -0.368438 0.120011 -1.090867 0.133241 -0.572686 -1.139661 -0.352756 -1.435724 0.121835 0.441742 0.527215 0.558317 0.565259 -0.907696 0.806162 0.991094 -0.348760 0.413051 0.381422 1.658434 1.326031 -0.777785 0.783136 -0.025815 -0.578647 -0.519285 -0.574360 0.190900 -0.482094 -0.142962 -0.596228 -1.103825 0.048140 0.936487 -0.451064 -0.248046 0.834755 1.252113 1.375786 -0.825037 0.325930 -0.494579 -1.414966 0.036168 -0.091888 -0.454896 1.495788 -0.134797 1.902716 -1.556532 1.424674 0.247235 0.659992 -1.177676 -0.498738 -0.769676 -0.767731 0.833806 0.830038 -0.076892 0.322568 -0.108388 2.994800 2.725758 0.259940 0.916699 0.879434 -0.125332 2.484495 1.669262 0.415913 0.305060 0.915463 0.674000 1.780124 0.105347 0.227419 -1.259955
-0.685225 -1.030369 0.281338 -0.707676 -0.856377 1.109274 -1.540597 -0.273632 1.592432 0.200212 0.179502 -0.901466 -1.707247 -0.836388 1.766534 -0.449399 0.301765 -2.257219 0.314709 0.688278 0.428265 -0.530168 -0.240364 -0.983772 0.152006 -0.974719 0.396995 0.407568 -0.237148 -1.186613 -0.824344 -0.001712 0.653474 -0.000426 -0.244239 1.922751 1.342068 0.594346 -1.490027 -0.763653 -0.935321 -0.819206 1.980555 -1.032284 1.555259 -0.656340 1.232933 0.869286 1.626307 -0.930213 -0.167796 0.106535 -2.090750 -0.071068 -0.067741 -0.842600 1.857773 0.948615 0.504793 -1.089156 -0.029078 0.002509 -0.804764 1.299087 1.622061 -0.366380 -0.959126 0.177662 -0.204662 0.311764 -0.686105 -0.072128 -0.731761 2.210371 -0.977902 -0.095881 0.166588 -0.278383 0.676544 0.611151 0.156832 -0.563063 -0.313338 0.583401 0.976563 -0.757377 0.746468 0.225676 -0.849213 0.421614 0.168961 2.071717 1.164918 -0.684453 1.265647 -0.720631 -0.236262 -0.313121 -2.193156 0.026443 0.616086 0.300897 -1.108203 -0.188169 -0.912670 -0.007282 0.059095 -0.520661 -1.526140 1.933247 -0.037511 -0.685397 -0.407517 -1.765974 -0.752409 0.303540 -0.505365 2.006497 -1.003181 0.300388 2.039306 -0.432132 1.343007 -0.933091 1.586912 0.190673 -1.633994 1.410472 0.970366 -0.466150 1.370013 -0.530614 -1.182065 -0.376211 0.856272 0.819728 1.078263 0.212204 0.136966 -0.675453 0.006411 -0.683676 -0.446599 -1.988827 0.954943 -1.773534 -0.884138 2.090047 -0.079282 -0.777070 -0.637324 1.414858 0.608968 -1.276802 0.068820 -0.435208 -1.889380 -0.628119 -2.205622 -0.062596 -0.084667 0.051187 1.087681 -1.414154 -0.424584 3.174956 0.204610 0.756586 -1.261832 1.328437 0.030351 0.255630 -1.426691 -0.481907 0.863388 0.900109 1.903144 1.594991 0.674589 -1.098407 -0.784122 -0.001483 -1.113733 -0.250169 0.307600 -1.357879 -0.929990 0.005979 -0.048456 -0.518492 -0.051102 -0.220688 -0.529038 0.701833 -0.748494 1.353465 -0.117552 -2.102280 0.024504 0.274959 -0.207160 1.953726 -1.655629 0.067431 0.154131 -1.366385 -0.407735 0.366389 -1.096515 0.249169 1.258818 1.765014 1.163715 -0.658402 1.433771 0.780015 -1.486429 0.341013 0.700970 0.118042 -1.132780 -0.014401 1.702379 -1.277666 0.019532 0.753710 -2.684414 -0.615449 0.565042 0.777096 0.515021 1.062799 -0.869189 1.345419 0.464535 1.659186 -0.803462 0.162774 -1.076487 -0.812891 0.285642 1.058191 0.173204 -0.656420
0.790170 -1.045488 0.775396 -0.178155 -1.072789 -0.245857 1.263341 0.822530 1.118817 -0.330164 -0.332642 -0.324927 0.518069 1.294300 -1.082627 0.848620 0.570773 0.043819 -0.836707 0.227674 0.090053 0.803829 0.247566 -1.518088 0.908419 -1.126974 0.234433 -0.290565 -1.489609 -0.333266 0.740797 0.435712 0.937970 -0.219575 0.363281 -0.224805 -0.137396 0.934292 -0.575238 -0.031682 0.490585 -0.106822 -0.314518 0.610550 -0.586236 0.856523 1.543163 -0.741722 1.243191 -0.658415 0.115524 0.011812 0.332797 1.672203 1.194893 1.048188 -0.294852 -0.035711 -1.338717 -1.172681 0.735460 0.707421 0.880362 0.213126 1.725546 -0.258208 -1.002768 0.588499 -0.585742 0.755860 -0.648327 1.179950 0.665223 -1.359092 -1.126249 1.329391 -0.521975 0.112300 -0.358814 -0.871303 1.009837 -0.552718 0.662137 -2.079146 -0.288619 -1.953098 -1.357680 1.134139 1.623562 -0.131730 -1.916504 0.120383 0.790034 -1.135804 -0.359060 -1.450462 -0.068544 -0.739155 0.144550 -0.067983 1.876736 -0.243557 0.987463 0.253535 0.533759 -0.993485 0.158828 1.902709 0.081481 0.172927 1.617214 0.776535 -0.176960 1.583474 -0.275493 -1.102381 2.296657 -1.170295 1.384443 0.820339 -0.413294 1.084604 -0.179996 1.333132 -0.457255 0.071953 0.004988 0.097882 -0.242066 1.332351 0.157162 -0.533492 -0.719338 -0.289155 0.566693 -0.424445 -0.648186 -1.588311 1.483249 -0.080235 0.667517 -0.379219 -0.211663 0.841214 0.216703 0.278863 -0.604457 0.335899 -1.105862 0.625863 0.905198 0.264961 -0.675019 -0.211722 1.109566 0.727168 0.760748 -0.034194 -1.668171 -0.168688 -0.078294 1.959415 -0.332076 1.313486 2.198807 0.389316 -0.582149 -0.531749 -0.557060 1.459768 1.060293 1.361859 -1.397084 0.656516 0.732338 0.314438 0.414683 -0.750857 -0.413018 -0.467798 -0.678158 0.230934 -0.708708 -0.478980 0.123671 0.798497 -0.549364 1.727152 -0.995996 0.193571 -0.931188 0.458870 0.388992 -0.361991 0.091938 -0.443225 0.150352 0.352264 -0.401582 0.988160 0.667646 0.641998 -0.616306 -1.025244 0.110812 -1.577145 0.576807 1.340181 -0.262706 -2.786178 -0.240560 0.370343 0.608106 -0.394271 -0.253667 -1.511058 0.048117 -1.810594 1.068171 0.707245 0.578898 1.939573 -1.060809 -0.024169 0.576766 1.352967 -0.578981 -0.061409 -1.341822 0.112864 -1.110206 -0.002529 0.385302 0.190817 -0.034775 0.369108 -0.307616 1.222743 0.496602 0.198222 -1.346747 -0.048046 -0.478172 0.123039
0.009943 -0.921337 -0.242965 -0.026070 0.465708 0.057891 -0.423457 0.098317 -1.388439 0.393931 0.097662 2.758958 0.033459 -1.660122 -0.333536 0.428621 -0.434320 -1.192672 0.315260 2.410324 -2.278450 0.419613 0.058124 -1.031966 0.436664 -0.166295 -0.507721 -1.500002 -1.292310 -0.240954 -1.076857 1.111056 -0.353761 1.291865 -0.107012 -1.104096 -0.765059 -0.667348 -0.985829 1.212175 -0.687896 -0.594239 -0.516502 1.277557 0.397512 -0.577506 0.739980 -1.252099 0.290674 -0.163431 -0.224304 0.595952 -0.671767 -0.925206 -1.303529 0.409608 0.953258 0.787454 0.430148 0.257645 1.924372 -0.667800 -0.672832 0.633357 -0.465068 0.839435 0.521055 -1.041190 -2.241110 0.733314 -0.084810 -0.521291 -0.632231 -0.096996 -1.241632 -0.368974 -0.075808 0.639717 0.615514 0.317725 -0.880732 -1.477228 -0.520340 0.785668 0.134990 -0.140273 -1.569798 1.925281 0.177205 0.217035 0.686945 0.999390 -0.204017 -0.187782 -0.667759 -2.554430 0.406257 0.680702 1.208997 0.818755 -0.138615 0.974766 -1.409713 -0.040730 -0.699084 0.073972 2.414229 -0.007113 -0.729238 -0.768900 -1.136323 1.105189 -0.620269 -1.483804 0.264667 0.575582 -0.722700 1.207237 -0.355857 0.109324 0.362384 0.116792 0.163148 -1.614793 -0.217028 -0.013666 -0.044295 0.564972 0.975434 -0.006660 1.135143 -0.233544 0.984699 0.214033 0.174952 2.250046 -0.335235 0.465186 -0.092694 -0.779570 -2.576143 0.151255 -0.300550 1.277225 2.401046 0.002500 1.252583 0.476266 -1.181592 -1.968936 -1.917610 0.804198 0.073232 -1.066341 0.772141 0.374190 0.319021 0.854198 -0.273682 0.458450 -0.776835 -0.673491 -2.128707 0.728571 -0.413393 0.138760 0.329465 0.871756 0.602894 -1.340353 1.218374 0.818504 1.986741 0.073472 0.155886 -0.769486 1.130352 -1.392901 1.184195 -0.880170 -1.483972 1.023571 1.703554 1.033888 0.703154 -1.270070 0.214587 -0.973023 2.116964 0.953865 1.026392 -0.130653 -0.567416 0.071775 -0.583933 -0.025308 0.588812 0.093060 2.004186 -0.141374 0.592421 -1.534095 0.329596 -0.450103 0.229331 1.865294 -0.952231 -0.216510 0.528913 -1.323730 -0.508915 -1.201876 1.352121 0.500369 -0.816727 -1.701612 0.485942 -2.512910 0.951363 -0.425373 -1.049557 1.880241 -0.340582 0.458522 -0.714802 -0.029137 0.004255 -1.002426 -0.404463 -1.030692 -0.040457 -1.052157 -0.953155 0.058006 0.551007 -0.887983 0.929454 -0.627313 -0.020348 1.697126 -0.377432 -1.625788 1.591488 1.488488
1.894004 -1.228738 0.900158 -2.327440 -0.426328 -0.274301 0.146438 0.646371 0.033910 0.339075 1.534352 1.117717 -1.321946 0.222803 0.878808 -0.591606 -0.486623 -1.368395 -0.287660 0.338063 1.597003 -0.374610 -1.495035 0.214146 0.495567 1.260954 -1.276222 0.254734 0.562771 0.818623 -0.651060 -0.234208 0.055412 0.926130 -1.241432 -0.061345 -0.354622 0.719356 0.032255 -0.755641 0.197440 0.983050 0.579574 -0.033978 0.962276 1.371228 -1.335635 1.414034 -0.197219 -0.460241 -0.869456 0.413468 -0.531666 -0.536041 0.216375 0.673149 0.675016 0.446976 -0.379313 -0.823238 1.655550 0.721460 -2.343052 0.241071 -0.226374 -0.903092 -0.156179 -0.504938 1.158582 -0.274481 -0.640240 -0.332099 -0.713276 1.282950 -1.876876 0.606156 -1.467352 1.112416 -1.883530 -2.140206 0.713865 0.188121 1.192123 1.260726 1.134198 -0.290658 1.388743 0.938287 0.331617 -0.384309 0.003757 0.030864 0.059587 -1.383605 0.747234 -2.046945 -0.307055 0.130698 -0.891479 0.480626 -1.810378 -0.237320 -1.129703 0.365779 -1.361797 -0.805632 0.215750 -1.074994 1.596564 0.643482 -0.195206 0.234470 -0.297057 0.192979 0.944628 -0.212071 0.720592 -0.261514 -1.724640 1.818338 0.705147 0.125640 1.400598 -0.632584 1.510155 1.567972 1.086510 -0.852609 -1.487142 2.108994 -0.910048 -1.617360 0.488986 -0.710911 -0.710225 -0.786617 0.798057 0.949786 -0.048397 -0.708875 -0.451025 -1.686066 0.889249 0.097660 0.723083 0.191689 1.408522 1.140452 0.901045 -0.367100 2.015279 1.188799 0.525597 -0.191790 0.286986 1.709329 -2.326607 0.346459 0.335105 0.388343 -0.133000 0.654175 0.602828 0.173788 -1.593232 0.198185 1.216421 1.406655 2.471341 1.280565 2.095456 -0.702387 0.065520 2.143977 0.407612 0.550729 1.717716 -1.182630 0.212349 -0.147125 -1.178903 0.412195 1.861081 0.709944 -0.004383 -0.233786 -1.852243 -0.659913 0.462452 0.579340 -1.475139 -0.017020 0.585174 -1.418205 -1.800083 -0.794751 -0.752506 1.043719 -0.979663 0.398817 0.798937 -0.428051 0.543700 -1.154512 1.338521 0.416861 -0.110791 0.133071 -2.071572 -0.567180 0.811936 -2.347652 1.661934 -0.517526 -1.317948 -0.342698 -0.876242 0.131499 0.438151 -1.831554 -0.344935 -0.331105 -0.847922 0.678326 1.516868 0.386714 -0.699946 1.551973 -0.675261 1.754945 1.055552 -0.263423 0.670836 -0.817896 0.012020 0.131534 -1.108710 -1.509713 0.271822 -0.404653 -0.413612 -0.281590 -0.065320 0.855980
-0.546881 -1.048608 -0.018359 -0.164189 -1.746603 -0.425765 1.117845 1.011943 0.163617 -1.983399 -0.752567 0.893940 1.858476 0.637282 -0.546790 0.140225 -1.435853 -0.826177 1.330820 0.040153 0.859638 0.618180 -0.686041 0.375559 -0.986901 0.439511 0.504849 1.249877 -1.503070 0.651007 1.029449 -0.070684 -2.089817 0.322972 1.432305 -1.512248 -0.840572 -1.228357 2.655979 -0.227087 -1.762768 0.436974 0.955555 -0.434704 -0.737864 0.312913 -0.790534 -0.117453 -0.790029 -0.092764 0.213658 0.101543 0.522506 -1.021839 -0.751463 1.373632 0.173918 -1.085582 0.159521 -0.728214 0.429989 0.304540 1.224384 1.557880 0.713019 -1.109192 -2.482689 -1.274663 -0.668199 -1.096457 -1.366840 -0.487908 0.548764 -0.930910 -0.754591 1.805657 -1.721587 1.160800 -0.207402 -2.183012 1.070009 1.020068 0.648284 -0.183634 -0.152107 0.689254 0.419185 -0.085052 1.292592 -0.589214 -0.702414 -0.587765 -3.102693 0.670362 1.104977 -2.611575 2.099920 -1.087874 -0.083167 0.826159 0.862873 -1.113165 -0.173062 -0.099277 0.946925 1.296522 0.631430 1.924690 0.513529 0.333507 -0.042961 0.168003 1.039870 -0.357574 -1.392966 -0.210012 -0.540020 0.619317 1.132299 0.364423 -0.126440 -0.498390 -0.366077 0.150673 0.810038 0.337636 -1.579283 -0.234709 0.752889 -1.546646 -1.501136 -0.056794 -1.086096 -0.244946 0.114484 -0.097490 -0.752809 0.097722 1.119252 0.659019 -0.837560 -0.010478 -0.500855 0.756314 -0.199134 0.176472 0.528449 -1.512280 -1.371812 0.287958 0.521293 0.204498 1.369368 0.667272 -0.462481 1.040932 0.191330 0.375466 -0.534429 1.382659 -0.023246 -1.564155 0.127495 0.260243 -1.736872 1.260078 -1.046433 0.782031 -1.366377 -0.052348 1.079430 1.490793 0.615368 0.201991 -0.878457 0.996951 1.438360 0.269465 0.044374 1.639206 -0.687677 -1.015093 -1.179358 0.585789 0.070784 -0.872961 -1.293375 0.697396 -1.163283 -0.086332 -0.851351 1.091987 0.515696 -0.014403 -0.946280 1.733945 0.973859 -2.514266 -0.105008 -0.082829 -0.085999 1.171925 -0.288442 -0.433190 0.520335 -0.726839 0.647505 -0.149324 0.787073 -0.066869 -1.446146 1.627775 0.171992 -1.787551 1.119262 0.583177 -0.280408 0.894733 -0.591067 1.795902 0.472237 1.482768 -0.920760 -1.817678 -0.448294 0.216801 1.412754 1.108234 0.270613 -0.922653 1.374160 1.690062 0.366555 -0.548393 -0.312352 1.694995 -1.922937 -0.827200 0.829897 -1.837371 0.865692 -0.899017 -0.617006 1.194255
-1.704815 1.116955 1.382527 0.036624 0.764766 0.410147 -0.281658 0.510002 1.216896 3.040990 -0.747250 0.007325 0.051808 -0.298936 0.568262 0.027454 0.802752 -0.016751 -0.852974 0.601721 0.369578 -0.398519 0.112892 -0.785715 -0.202988 -1.568661 1.967999 0.044060 1.392182 -0.129340 1.101231 0.388023 0.549612 -1.351491 0.919300 -0.562840 0.990836 1.236310 0.032285 0.596184 0.049504 -0.543686 0.143965 -0.425884 0.723140 -2.019192 -0.128289 -1.147170 2.848020 1.907004 -0.402114 0.958464 -1.831389 -0.415812 1.681148 -0.296734 -0.747048 1.207883 0.614652 -0.534016 -0.744153 -0.977296 1.090025 -0.021225 -0.552165 0.489537 -0.000312 -1.419839 -0.189933 -0.665036 1.808727 0.469144 -1.756676 -0.246096 0.844243 0.242497 -1.184242 -1.432251 0.206796 -0.240664 -2.007900 2.461818 -0.490815 -0.140819 -0.270987 -0.325073 -0.902070 -0.016411 0.949026 -0.483575 1.146255 0.018489 1.254620 0.046051 -0.961009 -0.519276 -0.565894 -1.257756 -0.718913 -0.605352 -0.174513 0.181681 -1.659724 -0.498720 0.582381 -1.223577 -0.562701 0.927198 -0.779848 0.232492 -1.114851 -1.066137 0.303005 -1.361366 -0.813355 -1.637400 1.937645 -1.151330 -0.248271 1.521228 -1.539737 -0.867306 -0.882242 -0.205365 1.516638 -0.637502 1.006367 -0.781773 0.691410 -0.720408 -0.103354 -1.021423 0.795976 0.754517 0.537269 -1.018949 -0.011126 0.222327 -1.000406 1.338820 0.450081 -0.630676 0.508414 0.863262 1.205319 -1.455215 -0.171428 1.667774 -0.928397 -0.371642 0.918175 0.594688 1.735135 -0.153105 -1.883223 1.512053 1.238057 0.253812 -1.828848 -0.110802 0.240053 -0.967911 0.873008 -1.480740 -0.045722 0.721670 -0.574663 -1.299824 2.079773 2.441980 0.392129 0.538327 -0.055877 0.118821 0.524311 -2.973350 -0.577089 -0.456724 -2.123542 0.096552 -0.561457 1.072282 -1.411316 0.607217 0.084768 0.707137 -1.121946 0.257815 0.298936 0.175978 1.555327 -0.292254 0.721344 0.633219 0.632299 -0.678359 -2.207658 0.138319 -0.220164 0.840344 -0.038896 -0.168008 -1.252668 0.329921 -0.235040 -0.877070 -1.963836 -0.321134 0.958416 1.930483 0.969810 0.446336 -0.324205 0.646549 0.168346 -0.271030 1.207706 0.510249 0.560800 0.347453 -0.907060 -0.784312 -0.211632 0.805503 -0.057308 0.036829 -0.484696 -0.524807 1.814728 1.949763 -1.251981 0.610455 0.400332 0.417015 0.379577 -0.890292 -1.918184 -0.521705 -1.703566 0.233969 1.783135 -1.270709 -0.580214 2.508675
0.602839 0.449474 1.242985 -0.171626 0.021857 1.206140 -0.097355 1.295616 -0.749556 -0.863928 -0.129582 -0.194228 0.709643 -1.099095 0.977380 0.233348 -0.329618 2.214812 0.475034 0.402479 1.214304 0.800132 -0.536894 1.234160 -0.677870 -0.332093 0.183165 0.832851 0.989409 -1.110519 -1.363840 0.320008 -0.627922 -1.009266 1.063142 -0.080502 0.389041 0.455120 -1.256430 -1.020069 -0.292673 -1.328275 -0.815938 -1.901200 0.523545 -1.106324 0.599130 -1.206329 1.751589 -0.375778 1.330757 1.999608 0.368930 -0.478601 0.166894 -0.514607 0.299313 1.055709 0.537144 -0.280557 -0.189886 0.503904 -1.968774 -0.084798 -0.698663 0.918640 -0.574365 -1.063126 -0.582073 -0.561913 1.632456 -1.051398 -1.411968 0.018204 -1.475707 -1.669673 0.527732 -0.997810 -0.784820 -0.238945 0.292668 -1.512715 -2.025726 0.679495 0.543061 -0.723747 -1.307411 0.808170 -0.465317 -0.705800 -0.205240 0.345397 -0.004393 -0.594962 -0.964238 1.379572 2.796898 -1.016102 -0.255190 -0.838235 0.132267 -0.670344 -0.819111 0.010104 0.363396 0.042297 -0.573085 0.845379 0.372724 1.034086 0.138116 -0.492200 0.792134 0.495184 -0.567407 0.807167 -0.108444 -1.496944 -0.681822 -2.202149 -0.111546 0.784159 -1.110862 0.593852 -0.179415 -0.833236 1.494314 0.031654 -0.108409 1.432959 0.084238 0.837302 1.064248 0.632225 -0.640449 -1.418924 0.780876 -1.573559 -1.251280 0.184182 -0.992316 -0.009722 -0.228545 1.063124 1.100450 0.215469 -1.338613 1.332569 0.542492 -0.220970 -0.669196 -0.858831 -1.470430 0.761714 -0.307894 -0.929969 1.577027 0.544081 0.911120 0.283121 0.572581 -1.077201 -0.161128 0.143215 1.470166 -1.439696 -0.179012 0.261325 -0.043465 -0.986178 0.861739 0.043829 -0.376429 -2.598335 0.522883 0.275840 -2.013221 -0.801578 -0.760374 1.590124 0.411061 1.332146 1.301817 0.517215 3.192460 0.365307 -1.048553 0.471262 -0.852944 -0.867404 -0.083686 -1.092901 -0.592995 1.600567 0.231875 -0.037788 0.495944 1.304274 -0.302997 0.190730 0.758110 -0.236249 -1.915286 -0.271273 0.722823 -1.452293 -0.980219 -1.032015 1.198429 0.847290 -0.320114 -1.839327 2.066208 0.361768 0.347124 -1.293929 1.645886 -0.176374 0.832799 0.235904 -0.938405 -0.084927 -0.655295 0.577045 0.560483 -1.472047 -0.134378 -0.404458 -1.404105 0.443115 0.370014 -1.462729 0.898934 0.412197 0.798687 -0.530991 1.216441 1.115492 -0.004840 -1.269595 -2.638986 0.385932 -0.901862 -1.523322
0.689773 1.275999 1.252404 -1.523605 -1.856911 1.305902 -0.614905 -0.521936 0.332656 -0.992036 0.023254 2.393126 -0.801866 0.358340 -1.303980 -0.365415 0.523890 -0.686355 -2.414474 1.143831 0.603360 0.285301 -0.309050 0.034687 0.688553 -0.292519 0.993382 0.642598 0.647341 0.150483 -0.205448 0.920505 -0.360259 -0.908973 -0.835522 0.038988 -2.069292 -0.009214 -0.253963 -1.014084 0.668316 -0.231780 -0.988127 0.627828 1.012257 0.412723 -0.404551 -0.433496 -0.394734 1.116917 -0.467607 -0.912528 0.497059 0.185499 1.400240 0.026685 1.294357 0.472799 1.869632 1.112972 -0.293998 0.262032 -1.687322 0.031954 0.526853 -0.044336 1.349599 -1.003090 2.453194 0.939688 -1.085717 0.766067 1.893985 0.389488 0.262446 -0.163837 -1.448818 1.182206 -0.659735 0.558515 0.406388 0.984906 -1.235155 -0.757284 -0.236996 0.105092 0.029454 0.130944 1.550321 -0.109532 1.483592 -0.435395 1.196847 1.362866 -0.999458 0.185155 1.912929 -1.307952 1.529175 0.387549 -1.212335 0.237124 -2.010868 -1.731824 1.295323 -0.116802 0.922367 -1.342417 0.967363 -0.817951 1.586565 -0.548853 -0.492413 0.435066 -0.141420 -0.818336 -0.298860 0.953679 -0.157805 0.608002 1.807592 1.130720 -0.227586 0.821438 -0.628628 -0.493412 -0.095571 0.367045 -1.746681 0.032491 0.017271 0.395190 -2.664852 -1.612009 0.196245 0.410608 -0.649374 1.679871 0.609089 -1.673492 -1.671761 -1.286674 0.705954 0.250304 0.583066 0.681806 -1.559188 -0.698311 -0.636128 1.129531 1.705077 0.355346 0.004828 -0.708355 -0.567678 -0.038546 0.498509 0.476830 0.993742 -1.174607 -0.065270 0.361914 -0.132463 -1.215184 -0.056029 0.706452 -0.548544 0.218847 0.603861 0.071835 1.394337 1.804473 0.533801 -0.712421 0.673481 0.040776 -0.827590 0.428059 0.491393 1.227848 1.166004 -0.006353 -1.328300 0.173244 -0.549306 -1.070243 0.419333 1.240781 -0.099732 -0.248945 -1.417537 -0.648787 -0.926282 1.586479 0.997611 0.951587 0.886571 0.753295 -0.076352 0.342070 -0.061439 -0.242994 -0.229320 1.294636 -0.551745 0.511641 -1.028642 -0.825260 -1.165089 -1.484633 -1.186780 -0.051331 0.461840 -0.132075 -1.052115 -0.799582 0.698761 -0.034983 -1.149771 -0.285519 0.410364 0.196760 -1.853497 -0.697247 2.387092 -0.301625 -0.395603 0.588530 0.143137 -1.834721 -1.458037 0.655201 -0.594993 -0.027714 -0.299482 1.145548 -0.311638 -0.089113 -0.532275 0.386894 0.207483 -0.728694 0.154383 0.852741
0.205133 2.156143 -0.755231 0.148494 0.167718 0.666154 -0.313217 -0.204292 -0.450337 1.260572 0.394734 0.232267 -1.155871 -0.339485 -0.125104 0.634128 -0.416558 0.286870 -0.148452 1.464497 1.443252 -0.367025 0.555871 -0.286661 0.163033 1.573685 -0.746782 0.372808 1.064393 -0.557284 0.438682 -0.793980 2.154327 0.534530 -0.654140 -0.290225 -1.327369 0.105004 0.089474 -0.569710 -1.252051 1.039197 -1.724814 -0.283005 -0.406562 -0.134744 -0.611801 0.973049 0.689180 -0.063849 -0.139489 0.406030 0.346421 0.594025 0.128069 -2.701580 -0.270913 0.373225 0.219366 0.719443 -1.457559 0.761758 -0.832780 0.769075 0.259661 0.887741 -1.803098 -1.289272 0.471126 0.300893 -1.141304 -0.245968 -1.635628 0.179790 -0.780597 0.244698 -0.356059 -2.044956 0.099503 0.050218 -0.102442 -1.924431 -0.338743 -0.785165 0.526732 -0.376163 0.355192 0.347045 -0.586162 -0.032004 1.407778 0.648367 0.362650 0.392329 1.282724 -0.890985 -0.196932 0.750419 -0.857602 -0.899403 -0.516323 -0.714691 -0.532019 1.190095 0.236274 0.655589 -0.122151 0.015562 1.607512 1.043367 -0.074707 -1.184068 0.144024 -0.477965 0.009171 0.266529 2.930064 -0.719597 0.636728 1.989454 -1.173224 1.955905 0.330070 -0.791260 -0.132101 0.599210 1.681642 1.343400 0.619396 0.620151 -0.743490 0.807944 -0.000221 -0.014128 -0.449935 1.007878 -0.932611 -0.819618 2.248594 0.764380 2.400222 0.745105 1.232456 -1.326922 -0.026736 -1.320174 -0.363298 0.170181 -1.329514 -0.663870 0.030600 -0.993140 -0.940451 -0.193671 0.848440 0.193103 0.994035 0.327783 -0.348410 -0.171448 -0.451236 1.101262 -1.222942 0.213736 -0.453202 0.285476 -0.321520 0.582863 -0.700613 -0.244651 0.228747 0.258186 1.351131 -0.223060 -0.396086 -0.389122 0.707716 -0.492875 0.954377 0.048465 -1.079124 0.126180 -0.183768 0.555579 -0.859821 0.166684 0.212440 -0.057445 2.145244 0.111573 2.053313 -1.006053 0.022845 0.222535 -0.572500 0.320351 0.866763 0.665941 -1.086567 0.786511 2.011283 0.208848 -1.191812 1.420790 -0.635439 1.137835 0.831651 -0.981292 -0.914627 -1.019183 0.260500 1.224971 0.540934 -1.557113 -0.349674 -0.993040 -0.002452 -0.509617 0.840120 1.108505 0.576056 0.168382 -1.236516 1.692433 -0.083626 -1.548789 -1.013456 -0.250170 0.550860 -0.159441 -1.009518 -0.569443 -1.310401 0.950318 0.282477 -0.034688 -2.962749 -0.039692 -0.144449 0.448321 -1.348416 1.060173 -0.140671 0.411138
0.506013 -0.667304 -0.928305 0.830710 0.145875 -0.378840 2.099779 0.970571 -0.719688 -1.366934 1.118272 0.237657 0.273065 -0.290139 -0.926124 2.356227 0.396364 -1.072578 0.196062 0.052368 0.663680 -1.171598 -0.078098 1.505707 0.402091 1.336832 -0.355980 1.865208 -1.031182 -0.894311 -1.042164 -1.414040 0.994705 -0.136724 0.248238 -0.111670 -1.272384 -0.921650 -1.962659 -0.772282 1.057200 -1.186560 -1.376924 0.088918 -0.749434 -0.035827 0.111585 -0.354656 0.868876 0.561757 -1.205983 0.991620 -0.159281 -0.252375 -0.301777 -0.291259 0.783895 -1.909309 0.537093 -0.519112 -0.398775 -0.099305 -0.638214 -1.442011 -0.743933 -1.601016 0.699752 0.135169 -1.780549 -1.366995 -0.511690 0.824827 -2.283311 -1.360409 -0.081136 -1.697419 -1.163514 -0.072250 0.491977 0.493666 -1.555448 -0.804056 0.473628 1.210753 1.597622 -0.615310 -0.702891 0.147683 -0.751480 -1.087218 -0.665705 -0.035823 -1.020078 -1.942362 -0.706387 0.998328 0.930589 -0.225692 -0.356104 1.050070 0.139549 -0.528127 0.077024 0.985299 1.130249 0.533763 1.644390 1.520359 -1.130232 -0.107198 -0.898627 0.494421 -0.148373 -1.136654 0.203368 -0.237957 -1.158340 -0.883831 -0.170572 0.508851 0.426609 -1.575893 0.462420 0.012184 -0.527452 1.579679 -1.036490 1.937135 0.532645 1.015837 1.667354 2.401564 1.210989 1.897464 0.812622 -1.104171 -0.406064 -0.670374 0.010882 -0.772060 -0.479865 0.683300 -0.656276 -0.492110 0.311032 -0.106596 0.328500 -0.089031 0.391882 0.855391 0.299781 -0.966804 -0.224546 0.666107 -1.115228 0.371601 1.152862 0.101888 -0.513512 1.143934 -0.298862 -1.462786 0.495010 0.091086 0.621363 1.408260 0.473975 -1.148762 -0.754418 0.198440 0.433139 1.047648 -0.372931 -0.354458 2.129778 1.530918 -1.315461 -0.048218 0.339899 -1.068207 -0.744486 0.864918 0.933194 -0.064154 1.541413 -0.841705 0.836348 2.134769 1.092454 0.325885 -1.077113 0.315710 0.464025 0.852440 0.265401 -0.179103 0.340130 -0.328870 -0.088944 1.529448 0.608319 -0.410225 -0.041046 -0.332000 0.147134 1.496088 0.222084 -0.259117 0.474384 0.904940 2.130871 -0.212791 -0.657786 -0.331657 0.101900 0.828070 0.876007 -0.984565 -2.138542 1.422491 -0.048532 0.121746 0.761417 0.667291 0.678920 -0.166871 1.717819 -1.029120 -1.695873 0.577119 -0.478197 0.541050 -1.311253 -1.123288 0.048163 -1.702531 0.386967 0.013865 0.364817 1.084130 -1.407599 2.095019 0.147062 1.306183
0.788924 -0.743691 1.133242 -0.368158 1.627516 1.156934 1.503983 -0.136857 0.705815 0.027349 1.051725 -1.143978 0.025155 -0.751072 -1.961662 0.476778 -0.087773 0.143574 -0.418631 -1.437455 1.233943 -0.621769 -0.420722 -0.990982 -1.057057 -0.985090 0.079124 0.298646 -0.409073 -0.741930 -1.659560 -0.380332 -0.646709 -0.381984 0.109338 1.918526 1.044106 0.244552 0.467659 0.263089 -0.601279 -0.129929 0.862608 1.717039 1.961181 0.820191 -0.463294 0.014501 1.737646 0.960879 -2.293951 -0.431833 0.229743 -1.837508 0.730527 -1.945959 -0.113921 -1.276512 0.830657 -2.306092 1.465922 0.099709 -1.020015 -0.302263 -0.141955 -1.228786 -1.796160 1.383377 -0.314350 -2.088946 -0.539440 -0.775637 -0.611863 0.525443 0.121589 -1.368443 -1.295656 -1.295062 -1.514064 0.573601 0.809825 0.479388 -1.493247 0.479217 0.356787 1.093572 1.577991 -1.285006 -0.465097 -1.444181 -0.293462 -0.173908 -1.235308 0.767160 -0.116861 -0.716426 -0.092993 0.906459 -0.868310 -0.373167 0.256052 0.948336 1.576890 -1.126705 1.404356 0.181073 -0.033562 -1.618020 -0.173189 -0.384511 0.268235 -0.175823 -0.166326 1.024142 0.345451 -0.264840 1.231564 1.295244 -1.585971 0.400380 0.174195 0.427451 0.267697 0.253535 -0.307712 -0.163212 0.698765 -0.633894 0.977612 0.716567 -1.232383 0.761271 0.428735 -1.159381 1.296920 1.068935 1.824134 -0.831231 0.097347 -0.884216 0.758569 -2.230522 -1.278094 -0.421042 0.512519 -0.393956 1.261349 -0.446866 -0.239403 -0.482424 -0.292663 0.480332 0.117815 -0.001834 -0.565781 -1.065830 -1.076472 -1.018232 0.640988 -0.180682 0.938155 -0.158459 -0.406397 -0.430096 1.440653 -0.565701 1.787839 1.011477 1.296196 0.736700 1.250828 -0.746700 -0.664558 0.373122 0.921943 -0.460826 1.138929 1.098386 -0.457593 -0.194811 -0.658933 2.316769 -0.397809 0.692351 1.941691 0.434824 0.768751 -1.772296 -1.542773 -0.012845 1.838874 0.628556 0.457884 0.411375 0.127609 -1.421578 0.555935 1.678006 -0.860871 0.053657 0.841939 -2.038805 0.926065 1.243920 -0.224936 0.366506 -0.113118 2.111255 -0.081807 -0.670526 1.243567 -0.663572 0.138654 -0.089068 -2.525640 -0.675897 -0.549537 0.162659 -0.032234 -0.303471 0.179953 0.407046 0.183366 0.014110 -1.344212 -0.619100 -1.115021 -1.788808 0.229672 -0.155238 1.936257 -0.497580 1.444326 0.194938 -0.213310 -0.706412 -1.093189 1.399099 -0.611078 0.643170 -0.137808 0.513447 -2.397032 0.171493
-2.376184 0.424486 -1.061929 0.529367 0.068164 1.410813 -1.348383 -0.950663 1.070903 -0.175744 0.517421 0.033775 -0.289952 0.399953 -1.151738 0.618721 -1.381287 -0.103438 0.244671 1.237841 0.596240 -1.299207 0.796897 1.508813 0.044498 0.413563 0.216590 -0.238998 0.943207 0.257337 -1.442795 -1.028095 -0.156983 2.072446 0.072919 0.510446 -1.603448 -1.960525 1.034997 1.904595 0.467013 -1.214351 1.023994 1.134673 -0.319346 -0.197813 0.125777 -1.359199 -0.873131 0.052568 1.461750 -0.156263 -2.648378 -0.989502 0.367029 -0.325067 1.719496 0.333316 0.586923 0.002958 -1.046455 -1.043208 -0.212797 1.467069 -0.614745 -0.654481 0.656552 -0.932070 0.496827 1.284894 -1.555360 0.620068 -0.343969 -0.859272 0.520703 -0.932647 0.618215 0.933566 0.278077 0.100964 -0.936904 0.187869 0.564595 0.527780 0.990081 -1.222859 1.427897 -0.945349 -0.577969 0.842861 -1.283658 0.944769 -1.507368 -0.663867 1.108056 2.128191 -0.645106 0.006070 1.626965 -0.967928 -0.677074 0.218143 0.293000 0.502491 0.134115 0.205851 -0.341385 0.101313 0.355276 -0.755990 0.938767 0.503375 -0.793562 0.953092 0.634000 -0.691993 -0.206984 -0.567510 1.075051 1.317604 0.783209 0.883390 -0.246721 -0.788469 0.840218 1.630641 -1.304031 0.659445 -0.029302 0.725160 -0.167797 1.090750 -1.363896 0.736539 0.303323 -0.151149 -1.095115 -0.465907 -0.756851 -0.428084 -2.312434 0.308636 1.349535 0.762505 0.301026 0.005831 1.439610 -0.758393 1.160975 -1.040779 0.114219 0.693419 -0.419605 -1.466084 -1.233436 0.008468 0.572688 -0.653857 0.080164 0.189390 -0.799143 0.012308 -0.816124 2.122359 -0.026905 -0.086668 1.049315 0.617706 1.875819 -1.081069 -0.282686 1.517281 0.874893 0.748910 -0.182161 -0.517492 1.081190 -0.958972 -1.205907 1.028810 0.767089 -2.334380 -0.391937 0.647285 -0.422375 1.832059 -1.041979 0.566871 0.567709 0.439558 -1.347555 -0.002307 -0.819492 1.754210 -0.161555 0.795074 0.273653 1.036073 1.724859 0.279391 -0.272939 0.488737 0.659700 0.308048 1.426226 0.594504 0.111047 -1.342138 -1.558050 2.291982 0.074060 0.071236 0.348362 2.544180 -1.534201 -2.565935 -1.050299 0.078841 -0.658239 -2.881250 0.191254 -1.425625 -0.506298 -0.595191 0.419843 -1.043820 2.509425 -1.063142 1.220226 -1.077175 0.110887 -0.191143 0.406557 1.028365 -0.011500 -0.357708 0.270319 0.280792 -0.832016 0.458676 -1.074186 0.262319 -0.709087 -0.767953
-1.656348 0.338847 0.293137 -0.552481 1.009400 -0.833470 0.489993 0.546622 0.811799 -1.561142 0.530738 0.942977 0.844321 -0.044509 -0.609605 -0.621351 -0.757514 -0.347845 -0.428852 -0.344151 1.447471 -1.512178 -1.526074 0.509234 -0.602576 0.814421 -0.222516 2.309025 0.296711 -0.462017 2.336091 0.337785 0.147040 -1.153788 0.260735 -0.544743 1.096086 -0.894198 0.341104 -0.471870 -0.296440 -0.256744 -0.642520 1.290091 -0.512535 -1.575372 0.164690 0.187278 0.567828 -0.359088 0.315128 -0.142056 -0.296430 0.142723 -0.906735 0.469006 0.738531 -2.210219 -2.585645 1.215530 0.193598 0.859298 0.017524 0.876936 0.492988 -0.320050 -0.339542 -0.122606 -1.585341 -1.120815 -0.736232 1.213855 0.654121 -0.834603 -0.888203 -0.594168 1.109995 1.084020 0.400186 0.771837 1.177853 -1.635757 0.870897 0.329933 -0.628953 -1.242519 1.617937 0.397039 0.114680 -0.979835 -0.494902 0.567173 -1.147361 -1.178087 -1.750891 0.981257 -0.238116 -1.982588 -0.562886 0.452951 -1.062356 0.608771 -0.822058 1.608837 -1.413577 -0.750616 1.768710 -0.643163 -1.261042 -0.543707 1.627566 -0.211444 -0.873555 -1.145493 -0.536780 -0.510020 -0.247972 -0.576615 1.152944 0.861617 -0.479569 0.711793 -0.860663 0.013886 -0.327316 -0.508448 1.626769 -2.076954 -1.205146 -1.270234 0.240173 0.462649 1.189460 0.215099 -1.168840 -1.286158 1.647243 0.583360 -0.651971 -0.375318 -0.610961 1.464103 0.078447 -0.632094 0.878734 0.365242 -0.659174 -0.359108 -0.871899 0.206489 0.142057 -1.283305 0.323421 0.990001 1.943850 0.833602 0.325010 -0.676309 -1.510876 1.043939 0.747679 0.607058 1.795612 -2.225312 -0.335390 -0.045367 -0.316457 0.804157 -0.846835 -1.035772 0.333709 2.078223 0.976444 -2.095214 -0.616221 0.672680 -0.125875 -0.153134 0.627971 0.473244 -1.609767 -0.703597 -0.634228 -0.665123 -0.039288 -1.344451 -1.120666 -1.476778 1.967271 1.298848 2.155310 -0.186160 -0.394840 -0.184499 -0.938441 1.655607 1.093223 -1.044527 0.169728 -1.126211 0.425918 0.376414 -0.333676 -1.932449 0.758422 1.112129 -0.512526 0.295867 -1.283508 0.155169 0.015618 -0.328265 0.423418 -2.107350 -0.767275 0.296629 0.726786 -0.418555 0.458579 -0.638535 1.708419 0.229301 -0.416906 -1.159957 -0.334323 -1.898650 -1.201494 0.221410 -0.073873 0.147881 0.182875 0.784026 -0.706798 -1.157207 -0.515795 0.615877 0.955557 -0.033273 0.426845 0.774062 -0.169880 0.966931 2.017024 -0.791664
0.175436 -0.206054 1.139541 -0.524335 -1.239002 0.078399 -0.371175 0.669759 -0.212459 -0.496666 0.466847 0.441427 0.790280 0.506870 0.213593 -1.406472 -0.606233 -0.347408 0.109433 0.653491 -0.584738 -0.564176 -0.517381 -1.401982 -0.764843 -0.399012 0.783298 -0.363863 -1.389410 -0.098581 1.289939 0.124653 -0.563468 0.159435 -0.256378 0.318833 0.014431 -1.883883 2.072844 0.263385 0.486384 -0.907248 -0.209180 0.701808 0.262422 -0.173171 -0.407550 -0.534764 -0.558958 -0.404982 1.011543 2.461449 -1.295929 0.454709 0.106083 1.034137 0.382482 -0.392848 1.115107 0.656354 -0.297652 0.027578 -0.493736 -1.720715 0.549110 0.300857 -0.707360 -1.252362 -0.583918 -1.536662 1.141349 -0.022721 0.386452 0.657867 -0.689982 0.006229 -1.687112 -0.511437 -0.773551 -0.514013 1.332275 1.412621 0.465718 -0.576372 0.081371 0.635333 -0.723877 -1.193539 1.544563 0.731796 1.579921 0.450193 -2.912552 1.206105 -0.293227 0.132481 -2.247985 0.302978 -0.535162 0.433147 0.469644 0.864746 0.754553 0.175235 -0.370791 -0.134885 -0.797880 -1.011762 -1.378739 0.831121 0.807619 0.874495 0.975292 -0.170191 0.078595 0.130288 0.056942 1.245850 0.391382 -1.171398 -0.859809 0.689296 0.993422 1.040016 -0.711487 0.383400 -2.183019 -0.859345 0.377368 0.781801 -0.578752 0.879473 0.281946 0.259728 -0.322924 -0.583169 -0.395670 0.771818 1.701920 0.808836 -0.503420 -0.188566 0.833528 -0.806779 -0.303872 -1.180829 2.236050 1.420712 0.944080 1.354253 0.861588 -0.192791 1.839055 1.199698 0.080160 -1.125930 1.209369 0.396357 -1.780725 -1.242662 -1.159523 0.160399 1.985353 0.011924 1.405815 -0.822970 -0.304424 -0.791291 -0.567874 1.446602 1.634067 1.353880 -1.223692 0.087636 0.853431 -0.059361 -0.854457 -1.509042 0.187120 1.051861 -0.257051 0.872397 -0.853181 0.740000 0.521372 -0.299235 -0.529889 -0.571064 1.538088 -0.985233 -1.405603 0.366783 1.078811 -1.134462 -0.323370 -0.436891 1.108333 -1.420512 -0.612722 0.584301 -0.322835 0.289282 -0.666678 -1.084191 -0.940114 -1.730668 0.288426 -0.614297 -1.347501 -0.358438 1.087524 0.020150 0.139170 1.702787 -0.832996 -0.144507 0.493017 -0.849309 -0.207014 1.140109 -1.705244 0.700524 -0.476671 -1.644043 -0.640321 1.244678 -0.626500 1.060462 1.551514 0.795970 0.297702 -0.207699 1.931994 0.107834 -0.284469 0.666457 0.868116 1.619758 1.729646 0.901049 0.295719 -0.828758 -0.929381 0.172253
-0.185567 -1.519889 0.262344 -0.784175 0.471064 0.191471 -0.084337 0.062002 2.877261 -0.428003 1.519355 -0.478209 -0.597220 0.361764 0.497575 -0.560481 0.375791 1.064267 -0.214660 -0.348532 0.425802 -0.871817 0.902445 0.598332 -0.709823 0.580090 -0.089036 -0.466857 -0.103620 -0.553127 -0.274284 2.551419 -1.767643 -0.609838 -0.080801 2.194422 0.881278 -0.417683 1.166680 -0.487268 -0.197995 0.161365 -1.270674 0.797233 -0.575325 1.015004 1.773045 0.984791 1.595183 0.066779 -1.231369 1.837444 -0.969974 -0.466598 -1.266683 1.372038 0.244438 -0.898136 -1.173934 0.940500 0.019289 0.295292 -0.194376 0.898837 1.297295 -0.009184 -0.372668 -0.847870 -0.108479 0.135599 0.417727 0.036780 0.650166 -0.628850 0.167527 -0.722743 -0.516045 -0.271728 -1.721741 0.567902 0.069586 -0.596916 1.519005 1.910307 0.856926 0.492412 -0.719181 0.451947 -1.623820 0.493182 0.565894 0.877910 -0.150660 -0.622191 1.673381 -1.478826 -1.386322 -1.020620 0.608157 -1.324342 1.247698 0.021886 -0.400418 -1.251798 -0.768725 0.143420 -1.849671 1.485612 0.154033 0.126455 0.263824 -0.893422 -0.318286 1.660000 -2.002432 0.500575 -0.721917 -0.018025 -1.054888 0.522126 -2.641661 0.657007 -0.301062 0.232062 -0.624665 -2.120577 0.223633 1.261783 0.196764 1.186150 0.278017 0.008125 0.154971 0.528508 -1.392383 0.265248 1.750090 -0.740283 -1.266187 -0.130751 -0.795509 -1.628086 0.113054 0.145611 0.128294 1.159662 1.983466 0.031237 -0.721254 -1.290102 0.528508 -1.750278 0.723157 2.338721 0.739899 2.557530 -0.290407 -1.441616 -1.474045 0.459689 -0.674382 -2.326430 -0.890567 -0.727703 1.846162 1.476415 -0.487729 0.528065 -1.627254 0.136493 -0.497199 0.402284 0.862250 -0.263543 -1.595908 0.313107 -0.521985 0.011085 0.548976 0.079455 1.011994 0.654007 1.841764 0.081484 -0.154872 -1.058524 0.554913 -0.484921 -0.975682 0.367860 1.074944 0.032445 -0.572893 0.426749 -1.114958 -0.831442 0.532114 -1.084855 -0.270494 -1.136747 -1.500362 0.468601 0.243145 -0.581293 0.161668 0.051873 -0.324712 2.102090 -1.168439 1.491392 0.888794 0.752226 0.331037 0.045418 1.076237 1.475131 0.363816 -0.325733 -0.154453 -0.052197 -0.835386 -0.736182 0.302994 -0.700859 0.652213 1.722896 0.854602 -1.297151 0.071030 0.844837 0.390682 -0.302442 -0.337800 1.441841 0.754563 -0.854373 -0.304101 0.207881 -0.285817 0.900315 -0.148125 -1.604706 -1.099512 0.278738
-0.378153 -0.908653 -0.155037 1.083109 -0.268902 0.711310 0.039911 0.331020 -0.005818 -0.933260 -0.613086 -0.484544 -0.174336 2.277383 -0.728628 -0.850012 -0.770058 -0.963864 -1.694312 0.492271 0.709433 1.211885 -0.170881 -1.376915 -0.622079 -0.035654 -1.098574 -1.021756 0.555911 -0.389219 -1.333334 1.212069 -0.093194 -0.430603 2.047693 -0.788935 0.590919 1.774872 0.823116 -0.135693 0.506549 0.566547 -0.381743 0.035107 -0.691157 -1.365537 -0.171583 -1.308312 -0.091535 0.042413 1.383762 -0.305396 0.405388 0.437824 -0.418560 0.945285 0.346380 0.642542 -0.771824 0.346928 -0.047199 1.347154 -0.714818 0.137558 0.392473 -0.805979 1.509782 0.376698 -0.061850 -1.107812 -0.587175 -1.532420 -0.157863 -1.724250 -1.903095 -0.253333 0.908661 0.544596 0.282826 0.318354 0.683426 -0.890792 0.902310 0.410312 -0.044287 0.327010 -0.097887 1.621244 -0.862882 -0.718193 1.124590 -1.446247 -0.694988 1.074079 0.642661 0.483682 -0.088390 -1.686210 -0.801285 0.155329 -2.557965 -0.104185 -0.252328 -0.101145 -0.352112 1.093526 1.535685 -1.526843 -0.218071 -0.745873 -0.945774 -2.279508 0.314274 -1.576087 1.662301 -0.105232 -0.458061 1.088726 0.031828 -1.756530 1.329095 -0.481848 0.805867 1.392715 1.664022 -1.079987 2.339451 0.431911 1.879397 0.542325 0.116717 -1.926339 1.943444 0.574885 -0.247161 1.233870 0.741971 -0.060826 -1.066468 0.989789 1.783678 0.622808 0.462477 0.074298 0.061181 -1.209457 0.044733 0.580213 -0.470397 -0.788125 0.210136 -0.253998 1.982783 0.137618 0.406465 0.021499 1.005433 -1.648610 -0.960678 -0.042300 0.798420 -0.761629 -0.977518 0.112830 -0.918661 -1.145321 -0.262290 0.109665 0.867237 -0.021230 0.971178 0.381028 1.349952 0.691320 0.411859 -0.978604 1.140414 -1.614355 0.364888 2.045070 -0.380963 -0.612202 -0.614697 0.206195 -0.947207 -1.116809 0.685165 2.058663 -1.453899 2.378933 -0.288212 -1.565902 1.231520 -0.417922 0.414332 -1.435950 0.584452 0.017611 -1.134500 1.627744 -0.178516 1.329404 -0.438702 2.124942 0.930991 1.884700 -1.349140 -1.097464 3.306757 -0.124192 0.964581 -0.308734 0.298351 2.938992 -0.251064 -0.331922 -0.144250 -0.171594 0.631490 -1.705685 2.661679 -0.040795 -0.531525 -0.998909 0.260004 -0.938269 0.146698 -0.748713 -0.931654 0.068626 -1.182799 -0.756102 0.760858 -0.767341 1.171153 -0.208763 -0.773021 0.125645 -1.143362 -1.681867 0.777118 0.146274 -0.673194 0.180564
-1.026751 -0.480047 -1.124356 1.238955 0.953926 -0.091805 -2.117453 -0.252491 -0.271317 -0.345889 0.035727 0.276766 -0.537574 -1.452495 -0.359607 0.049141 0.054439 -0.702024 0.855050 0.633905 -0.994404 -2.077664 -1.809282 -1.577533 1.934154 0.511395 0.095694 -1.227210 0.162664 0.683808 0.958005 2.133869 -0.311836 -0.131822 0.486921 0.495629 -0.923349 -0.769663 1.795270 0.769785 0.390039 0.397144 0.332407 -2.207267 0.575511 1.065494 -0.636344 0.166618 -0.336376 -0.501565 -0.237275 -0.477642 1.215981 1.380041 1.535702 0.141949 -0.565953 -0.630750 -0.072074 -0.409344 1.165965 0.667305 -0.210051 -0.320941 1.488129 0.254551 2.328050 -0.664023 -0.326520 -2.077867 0.371022 -0.145855 -0.971529 0.200748 0.888145 1.273449 -0.705281 0.531735 0.145179 -1.674676 0.241903 -0.356731 -0.023369 -1.141006 1.362604 -0.246754 0.269867 -0.117689 -0.599070 -1.016891 0.516544 1.743168 -0.544511 0.920339 -0.980693 0.437616 -0.171045 1.017217 -0.644593 -1.174343 -0.942465 1.023297 -0.414693 0.012333 -0.337431 1.593854 -0.273708 0.049839 0.950922 -0.485930 0.286508 1.688577 0.816311 -0.339179 2.135480 0.840306 2.955427 -0.677794 -1.358836 2.066689 0.134073 -0.406685 -1.078573 1.185501 -0.568533 -0.817744 -0.100229 1.153323 1.479869 0.009984 0.779024 1.427139 -1.198464 1.050041 1.332642 -0.796179 -1.138267 -0.726634 -0.776771 0.453504 0.705050 -0.080003 -0.178340 -0.285165 0.465075 -1.094333 -1.465550 0.992342 -0.478627 -0.488515 1.075805 0.141093 0.993930 0.677066 -1.625702 -0.378930 -0.193348 0.769967 0.240018 0.067495 1.854610 -0.784386 -0.013020 -0.138508 1.191428 -0.023872 0.562249 -0.296355 -0.187416 0.330544 -1.302964 0.108877 0.526286 0.885221 0.575567 -1.652288 0.765256 1.536200 -0.219359 0.723266 -0.486744 0.813282 -0.262966 -1.193843 -1.270142 0.231373 -1.423023 -1.935738 -0.245305 -0.762902 1.602292 -0.451519 0.948606 -1.476004 -0.724751 0.993759 -1.643323 1.079607 -0.975147 -0.279382 -0.775790 0.294226 0.047071 0.382322 -0.286106 0.925372 -0.255653 0.408458 -0.466597 0.133349 -1.341037 -0.215442 2.095115 -1.110636 -0.163961 -0.032257 0.079199 -0.078759 1.143880 -0.314342 -0.231183 -1.727497 -0.383720 0.292840 -0.544957 -0.195224 1.139747 -0.347411 0.101721 0.824863 -0.901035 -1.664720 -0.445375 1.558903 2.550396 0.542057 -0.344244 -1.274224 -0.148962 0.901261 1.132175 1.150119 0.392873 0.290584
0.322487 -0.348865 1.377522 -0.848433 0.006544 0.174710 0.591971 -0.489372 0.898409 -2.616865 -0.181037 0.673144 -1.109384 1.457580 -1.313725 -0.083517 0.669007 -1.436111 0.031589 0.794197 0.123498 -0.751288 -0.352207 -0.071581 -2.307635 -1.634945 0.515302 -0.861660 1.022489 0.902390 0.192694 0.543501 -0.362568 2.535433 -0.413994 1.612567 -0.202887 0.255092 1.199188 -0.699299 -0.452078 -0.261772 0.324466 -0.158362 -0.986836 2.547376 -0.378337 -0.170581 0.120596 -1.162665 0.814582 -0.205664 0.387663 -1.895777 -0.337690 0.432439 -0.257000 -0.797813 -1.427969 -0.964194 -1.572054 -0.507795 -1.056663 0.949036 -1.238678 0.342170 -1.050539 0.423084 0.407139 -2.128346 1.272790 0.801055 -0.370475 0.192209 -0.253768 -0.542489 0.459440 1.599848 -0.848316 -0.990596 -0.359987 -0.432535 -0.144250 -1.961723 1.165649 -0.171380 0.326545 0.804768 -1.593010 -1.016388 -1.209102 -1.053893 1.085031 -0.689145 0.595976 1.510938 -0.829206 0.686207 -1.206031 0.157620 0.618509 -0.464059 1.469281 0.053867 -0.384032 -1.117793 -0.532886 -0.487135 -0.113413 1.179393 0.194427 -0.442686 0.034525 0.176916 0.216894 -0.470340 -0.385275 0.823480 -0.745176 -0.240725 -0.673505 0.010195 -1.680579 1.906077 -1.229977 1.356741 0.794863 -0.333074 -1.446323 0.166598 -0.246488 -0.905915 -0.358276 2.168332 0.853872 0.076863 1.177582 1.031942 -1.021344 -0.979918 -0.915168 0.060418 0.122236 0.219447 -1.862462 2.220540 -0.545403 -1.024627 0.023067 -0.349665 -0.624476 0.845540 1.092551 0.340854 1.095058 0.749908 0.795509 -1.123248 1.201384 0.647714 1.627820 0.245155 1.342901 0.475110 -0.497797 -0.495014 -1.383543 0.083058 -1.661119 -0.651616 -0.884977 -2.852074 -0.950091 -1.290206 0.187565 -1.398473 -1.151106 0.318243 -0.675719 -1.202768 -2.220612 0.337394 0.035490 0.049909 1.292015 0.403923 -0.512285 0.421893 1.897898 1.782585 -0.282003 -0.398149 -0.243845 0.285461 0.729275 1.915598 0.068436 0.367592 0.936673 1.205090 -2.184915 1.245463 -0.160454 0.397101 2.997599 0.694866 0.749263 -1.315593 -1.134918 -0.674178 1.525276 0.032776 0.598293 0.753558 -2.176152 0.362400 0.003311 -0.596207 -0.174187 -1.260634 0.700778 2.140271 0.128288 -0.803444 -0.566996 0.375135 -0.684533 0.047386 0.850044 1.221195 -0.549261 0.888995 -1.163558 -0.943181 1.193040 -0.619124 -0.446854 -1.629906 0.741123 -1.332835 0.087874 1.677410 0.678009 0.325601
-1.464068 -0.325581 0.454380 -1.106224 1.267535 0.073803 -1.115418 -2.413935 0.903505 0.028031 -0.432813 0.857649 1.475829 0.173551 1.658270 0.354268 -0.773145 -0.217942 0.672789 -0.838955 0.125610 -0.671948 0.597026 -0.955652 1.399319 -0.481622 -1.323185 1.270776 0.011834 -1.028211 -0.050200 0.806851 0.445075 -0.150153 0.710732 -1.033817 0.447380 0.401287 -0.432784 -0.523347 1.316987 1.838011 1.614288 1.065325 -0.473111 -2.110467 -0.773470 1.174050 0.451577 -1.103331 -0.934010 -0.241401 0.170905 0.474065 -0.446295 -0.275785 -0.311815 -0.456811 -0.321581 0.979262 -1.109494 -0.178754 -0.231518 -0.951436 -0.128602 -0.007513 -0.050449 0.121895 -0.576475 0.350390 0.212216 0.786615 0.337665 0.693633 -1.174844 0.056593 -0.146549 0.630319 0.393814 0.307135 0.794869 0.234007 0.970668 -0.944521 -1.610126 0.271714 0.653017 -0.901259 -0.697283 -0.194589 -0.896840 0.323421 -0.181993 0.217712 0.265342 -0.453186 -0.687723 0.877360 -0.223777 -0.966671 1.190484 0.978629 -1.650718 0.047607 0.373998 -2.205436 -0.627151 -0.766707 0.890368 0.250948 -0.744469 0.253575 -0.532435 0.836460 1.039573 -0.028193 0.557881 1.031913 -0.325207 1.907976 -0.092791 -1.168029 -1.177079 -0.081190 0.778407 1.312956 -1.565988 -0.292501 0.935067 0.143724 -1.521596 -0.150452 0.457755 0.134142 1.639115 0.448289 0.043008 2.526233 1.182528 0.769678 -1.034233 -1.618157 0.322024 -0.956730 0.334657 -0.290503 1.163102 0.523272 1.535067 0.538853 -0.153181 0.748518 -1.173493 1.029691 0.968275 -1.600475 1.403620 0.166330 -1.161062 -1.373619 -1.212851 0.373063 1.440984 1.031755 0.702320 0.442127 -0.350413 -0.394790 -1.829040 -0.032828 0.757778 -2.398916 -1.128313 -1.449749 -0.920345 -0.654473 1.056484 1.811299 -0.493410 0.693998 0.435013 0.159509 1.005276 0.903297 -1.289224 0.214985 -0.861635 -2.596864 -0.390985 -0.977394 -0.090673 0.110157 0.377106 0.236930 -1.378958 -0.321040 2.066218 1.290219 -0.796167 -1.691843 -0.000866 0.606867 0.283251 -1.052539 -0.380845 0.100655 0.112511 -0.193198 -0.744689 0.890591 -0.504835 -0.243337 -1.276433 -0.129607 0.550225 1.167235 -0.719454 -0.553521 -0.640813 2.639935 1.428334 1.091000 -2.025274 0.561350 -0.638083 0.700273 1.577197 0.143630 0.275615 1.471528 3.083828 0.246613 0.312107 0.117843 -1.662369 1.044309 0.861280 -1.864090 0.631103 -0.689929 -0.588954 -0.837001 -0.694416 -0.858734
1.235944 0.184137 -1.173892 0.134196 -0.565214 -1.130074 -0.450461 0.061874 1.193575 -1.173456 0.268710 -0.772300 1.450693 1.242396 -2.010706 0.409063 -1.634633 -0.251048 1.182636 1.410917 0.410513 -0.469247 0.621055 -0.294695 0.062140 -0.282012 -0.346924 0.568605 0.499418 -0.594875 1.766504 0.011333 0.510380 0.535698 -1.081683 0.389591 0.574717 -0.994573 -0.184775 0.094838 0.870065 1.979697 -1.776284 -0.852225 -0.353165 1.349819 -0.520735 -0.902002 2.760532 1.136365 0.813227 -0.118182 -0.225503 -1.903805 -0.958661 0.169863 -1.384683 -0.461433 0.809254 0.282907 -0.578537 0.126065 0.240978 -0.907499 0.455838 0.317214 0.218216 -0.026449 -0.154935 0.211727 -0.827612 -1.569922 1.441987 0.089358 1.988523 -0.756082 0.454736 0.229724 1.274901 -0.731585 2.635225 1.727413 -1.433948 0.753912 0.044248 -0.476074 -0.049913 0.059007 -1.125479 0.350203 -1.222806 1.403648 0.762157 0.320553 1.366338 0.970126 0.594495 0.267236 -0.323515 -0.363730 -1.143700 1.097783 -0.513102 -0.193317 -2.278671 -0.292723 -2.127093 -0.424815 -0.815528 -0.605931 -0.074814 0.039567 0.266644 -2.459924 -2.118169 -1.594084 -0.167042 -0.560303 0.081759 -1.175816 -2.043935 -1.033782 -0.662373 -1.499106 -0.707887 -0.085802 -0.076489 1.265242 -0.296289 -0.332571 -1.259967 -0.363525 0.080110 1.431257 -1.630834 0.933202 -1.334987 0.584331 2.196064 0.280300 0.325356 0.683615 -0.210173 -0.538286 0.077327 -0.075945 1.174837 0.062555 0.344769 -0.706412 0.009930 0.539418 1.175863 -0.443261 0.179490 -0.293915 0.298509 0.297046 1.697447 1.755283 1.756261 -2.722303 -1.309595 0.574333 -0.331632 -0.621669 1.043221 -0.651460 0.085932 -2.253254 0.756533 0.635867 1.557193 -1.222995 -1.179248 -1.136584 -0.210750 1.747428 -0.150011 -1.425966 -0.236122 0.443363 -1.717599 -0.121349 -0.882457 -0.008306 0.360776 -1.864428 1.073330 0.046200 -0.486772 1.203005 0.901628 0.812530 1.433131 -0.719816 0.050961 1.557147 -0.665571 1.443531 -0.076653 -2.327608 -0.196576 -0.868952 -0.631401 -1.741187 1.586517 -1.995560 -0.626030 0.301143 0.551527 -0.413139 0.392249 0.978089 -1.314323 -0.100430 0.833723 -0.147338 -1.359675 -0.468753 0.218954 0.404210 -1.233352 0.048818 0.359489 -0.346766 0.911104 -1.008670 -2.027288 1.178276 -2.485233 -0.119821 -0.526530 0.794770 1.160962 -1.290247 1.397927 -0.856144 -0.183358 -0.425834 -0.076686 -0.033428 -0.220833 -0.791556
0.554990 0.137665 -0.622102 -0.347709 -1.287006 0.383949 -1.967219 0.349656 -2.840596 -0.263149 1.620984 -1.226004 0.259584 -1.696518 -0.212500 -2.047937 -0.197164 -1.000105 -1.458144 1.571435 0.496367 -2.201885 0.121050 1.484147 0.236322 -0.164944 -0.037242 -0.708960 1.332204 -0.424820 1.328969 0.687115 0.071273 -0.520183 0.811572 0.730330 -1.281145 0.717034 -0.741819 -1.167231 -0.731702 2.554734 1.366230 0.485944 -0.647442 -0.914658 -0.801764 -1.451468 -0.530025 1.442451 1.194720 0.350637 0.212787 -0.895633 1.225904 1.703972 -1.174134 0.530282 0.705412 -0.668493 0.514786 -0.085948 -0.044593 2.099496 1.549494 -1.502036 -0.421853 0.745070 0.654521 -1.591664 -0.292326 2.066712 0.045030 0.418776 -0.603011 -0.711709 -2.940573 -0.538221 3.023923 -1.552964 1.219072 0.692560 1.129107 -0.548134 -1.545698 1.453451 0.872524 0.846395 -1.046896 0.214305 -0.142726 0.610505 -0.861544 -0.709101 -1.214527 -0.140054 1.602094 -0.385683 -0.809004 -0.861689 0.861476 0.571841 -1.061376 -0.762065 1.537163 1.236959 0.430721 0.784925 -0.856305 -0.331893 -0.121462 -0.980986 0.262956 -0.185119 -0.812873 -1.330408 -0.575147 -0.938019 -0.142653 0.028396 0.063731 -1.888868 -1.987321 -0.320779 -1.449428 -1.063412 1.643033 1.625842 2.175916 -0.347969 1.289591 -0.575582 1.317643 1.025915 0.055648 0.507369 2.059522 0.805098 -0.263722 1.393434 0.582890 -1.239727 -1.239211 0.014209 0.750786 -0.806468 0.532021 -1.771451 -0.309302 0.022050 0.672660 -0.052335 -0.117130 1.553255 1.239998 0.738544 -0.012828 -0.180461 0.008324 0.471127 0.948388 0.632447 -1.288010 0.728670 0.593685 -0.232310 0.203157 -1.642145 0.016853 -0.349878 2.285446 1.128189 0.385066 0.792060 -0.521768 -0.139552 -0.673372 -0.203724 0.197694 -0.810377 -0.657089 -0.483773 -1.782625 -0.324454 0.451958 2.060784 0.400808 -1.578903 -0.952829 -1.530109 -1.644169 -1.358165 1.124316 0.584933 0.888919 0.061166 -0.411339 0.115519 1.705396 0.891576 1.249407 -0.277993 1.221051 -0.683201 -1.371477 0.067388 0.376736 -0.782808 -0.963435 0.821784 -0.241709 -0.790678 -2.221012 -0.632941 -0.874059 0.206935 -0.670673 0.624230 -0.301332 -0.528443 -1.286010 0.545268 1.732367 1.691610 -0.994761 3.256386 0.081263 -2.029219 -0.155983 -0.559592 0.193132 0.984650 -1.636516 -0.073853 0.257848 0.293942 -1.233396 -0.823678 -1.592397 -1.803941 0.616124 2.414709 -1.752335 0.137073
-1.331348 -0.893087 3.227251 0.024388 0.529885 -1.284830 0.887434 -1.102818 0.888884 -0.743446 0.813134 -0.298802 0.563536 0.232012 0.741218 0.383645 0.512999 0.725793 0.304185 -0.614172 -3.223174 -1.090617 -0.196050 -1.636387 -0.254244 1.602492 1.168541 -0.890671 2.135217 1.053646 -0.033796 0.072481 1.371064 -0.686291 0.032064 0.030212 1.927079 1.120760 1.090418 0.189553 1.214797 -0.933494 0.000263 0.648595 0.067293 0.337412 0.435572 0.286042 -1.096170 1.262965 -1.042270 -0.182787 0.253234 -0.015368 0.133844 0.680788 0.688277 -0.244499 1.154060 1.596955 -0.062298 0.789692 -0.298969 -1.577140 0.728669 -1.094092 -1.235263 1.491679 1.028579 0.854326 -0.938399 -0.834087 0.731049 0.676069 0.642238 -0.698349 0.984138 -0.526176 -1.259846 0.029679 -0.181219 -0.470522 -2.347240 0.128945 -0.231104 -1.452815 0.929584 -0.107714 -1.610782 -1.688467 -0.497583 2.477118 0.488184 1.213618 -0.972509 -1.369224 1.324621 0.914020 0.800729 -1.283620 0.923615 0.543114 0.548604 -0.937544 0.699483 -0.354661 -0.444271 -0.225025 1.023033 0.265708 -0.450310 0.017034 -0.252361 1.450514 -0.360349 0.788185 -1.566059 -0.835343 -2.948203 -1.061168 2.059190 -1.591271 1.609229 0.982257 -1.013627 0.824292 -0.491621 2.007482 -0.388437 0.288095 0.078219 1.442985 -0.732927 -0.031637 -0.095517 0.026108 -0.009067 -0.695713 1.533292 1.296097 -0.045330 -0.704063 -2.161171 -1.908344 1.296943 -1.263665 -0.058119 0.094148 -0.113948 -1.067680 0.200153 1.477913 -0.001215 0.540207 -0.289490 -0.446171 0.483775 -1.521572 -0.023724 -0.020924 -0.661320 -0.875792 1.215797 1.609053 -0.500004 -0.079742 -1.136747 0.036974 1.189315 -2.321617 0.003670 1.845555 -0.154929 1.705865 0.617885 0.006122 0.461215 -0.537968 -1.154245 0.396564 0.541102 0.539639 0.882650 1.470363 -1.092280 0.892477 1.239958 0.062388 1.053823 -1.759294 -0.210250 -1.647360 1.289874 0.963747 0.009851 0.024557 -1.065084 0.235383 0.722666 -0.423420 0.145204 -0.113864 -0.904341 1.553932 1.010459 0.450369 -0.028654 0.479983 -0.510790 -0.822140 -0.658634 -0.118922 -0.747541 0.831210 0.995302 1.471868 -0.884646 0.394829 -1.429666 1.698460 0.290874 0.053335 -0.283295 -0.045222 -0.295302 1.413432 0.103708 -0.367648 -0.043515 0.217460 -0.119169 1.383724 -0.222545 1.355990 -3.129417 0.680665 -0.276141 -1.363617 1.759152 -0.285617 -0.526262 -2.546721 0.367262 -0.754699
-0.374140 0.876318 0.613288 0.354003 0.562095 -0.417793 -0.108202 0.305693 0.994541 0.494836 -0.796383 0.614002 1.141831 0.815958 -1.075051 0.885249 0.771880 0.063092 1.770108 2.019726 0.021310 -1.223484 1.460073 -0.544871 -0.149443 0.178308 -2.504900 -1.064624 1.501383 0.035576 1.564667 0.479068 -0.773604 -0.409410 1.186318 0.970314 4.488044 0.425689 -0.375450 -0.848196 0.734350 1.958511 1.401441 0.660753 -0.453589 -1.113574 -0.833843 1.992862 1.180116 0.670168 0.448941 0.290445 -0.081608 1.868144 0.759314 -0.582402 -0.192599 0.634471 -0.173671 -0.579016 -0.081789 -2.397143 -0.732021 1.321850 -0.093693 -0.576714 0.277508 -0.193550 -0.680444 -1.100120 1.042433 -0.428677 1.974131 -1.106096 1.779662 0.263166 0.034770 -0.794394 -0.376119 0.005723 2.029423 -0.305610 1.041864 0.263228 -1.466425 0.151702 -1.236040 0.568389 -1.344467 1.835532 1.788324 -0.038239 0.317428 -2.418657 0.229174 0.521193 1.258218 -1.648192 1.269930 -0.290670 -0.556945 -0.018614 -0.278747 0.721831 2.593793 0.240556 -0.929586 -0.708428 -0.089910 -0.256974 0.960177 -0.059850 1.305055 -1.788721 0.641667 1.367320 1.772096 1.165250 -0.315348 2.236635 -0.535665 0.103278 -0.087776 0.115658 -0.642230 -1.222892 0.104505 -0.456357 -0.650930 -0.286769 0.630663 -2.167611 -1.661780 -0.163049 0.581573 0.560425 0.742601 0.008191 -0.022400 0.850471 -0.213997 -0.342488 1.454623 -1.541634 -0.408763 -1.672182 0.305125 -1.026256 1.387137 -0.799030 2.359026 1.532037 -0.057672 0.505187 0.361578 0.170666 0.136260 -1.477235 1.454876 -0.072749 2.257647 -1.160320 -0.951673 0.758391 -0.314390 -0.502422 -0.682447 -1.350714 1.054873 -0.851678 -0.160766 -1.626957 0.534665 2.031029 0.591003 -0.844143 -0.766892 0.552254 -0.751225 -0.947982 -0.641929 -1.018444 -0.293545 -1.139748 -1.258134 -0.844112 0.815038 1.357323 -0.350096 0.715424 0.318743 0.885606 -0.728691 -0.212392 0.086635 0.091331 -0.656809 -0.013410 0.227189 -1.202951 0.643151 1.224689 -1.144884 -0.494002 -0.554741 1.437793 -0.810487 -1.263434 1.537619 0.303893 0.381289 1.500663 -1.346445 0.229693 -0.430125 -0.157238 -2.315570 -0.003462 -0.390025 -1.490375 0.109726 -0.426319 1.831987 0.823304 -0.871293 0.028238 0.628883 0.328984 0.197147 -0.363310 0.967338 -1.258378 -0.521244 0.944938 0.194461 -0.048049 -0.943087 -1.984623 -0.457001 -0.703302 -0.336168 0.162657 -1.599467 1.782412
2.082792 -0.509435 -1.121719 1.069957 1.430539 -1.048579 2.192157 -0.706496 -0.991363 0.374191 0.684735 -0.516006 0.743412 -1.303832 0.430009 0.751403 -0.419368 -1.593620 0.293084 0.810463 0.086650 0.859743 1.395091 -0.260529 -0.604475 -1.524565 0.612522 -1.655823 0.947089 -1.143763 -0.606755 1.036886 -0.073008 0.422156 -0.352376 -0.276524 0.575984 -1.008959 -0.936337 0.614765 0.762198 0.315681 0.335453 -0.522902 0.644204 0.974189 -1.297484 -0.864961 1.969820 1.100242 0.441998 0.088178 -0.032794 -0.148418 -0.066091 -0.364674 -0.734975 -0.592311 -1.790428 0.424046 0.552562 0.900309 1.128031 0.986834 0.177449 -0.226258 0.137477 1.278995 0.038882 1.034167 1.000580 -0.344786 0.254633 -0.161901 0.409279 0.464415 -0.010054 -1.957102 0.501418 -1.215047 -0.431877 -0.895546 0.041384 -1.132265 -0.487169 0.289788 0.864140 -0.570909 1.826227 0.751331 -1.148007 0.426621 1.235434 -0.693887 -0.013024 0.885621 -1.721492 -0.922313 0.384793 0.405516 2.453908 -0.465169 0.548417 1.004261 0.602644 0.602239 0.421460 -0.564959 -0.524133 -1.329423 0.883361 0.738960 2.568737 -0.362009 0.672088 0.604570 1.223738 -1.041131 1.750230 0.201547 -0.880915 -1.450449 0.586562 -0.599124 0.533919 0.442594 0.056331 -0.420409 1.472891 0.486875 -0.134013 -0.435421 0.930271 0.942904 0.027982 -1.099116 0.890708 0.949483 -0.585761 0.123620 -0.889890 0.380907 -1.073711 -1.610946 -0.197564 0.314911 -1.683940 0.203371 0.533800 1.148021 1.292701 -0.641468 -0.596157 -0.328088 2.140729 -0.437501 1.733632 0.341621 -1.318784 0.405472 -0.356782 -1.070074 -0.071832 -1.344335 0.733986 0.612287 -1.637509 -0.095851 0.623827 -0.701190 -0.818923 -0.403183 0.236468 1.110519 0.595914 -0.345572 1.010240 0.385063 -1.656956 0.925099 -0.803156 0.379706 0.083081 2.005260 -0.412402 1.215789 -0.373399 0.913746 -1.090629 0.470643 0.022354 -0.958287 -2.800612 0.267679 -0.486708 1.145802 1.410287 -2.192497 -1.112357 0.407683 0.822512 0.040578 -1.280846 0.879078 1.531471 -1.684483 1.662421 0.612503 -0.574019 1.458052 -0.978651 -3.516651 -0.434159 -0.813617 -1.813052 -1.539304 0.132791 -0.862566 -1.846518 -2.405346 -0.310290 0.983802 0.994212 0.365813 0.307426 -0.378931 -1.840834 -1.066396 -0.073715 0.578856 0.507089 0.712699 0.432841 0.265224 -0.594914 2.074044 0.452785 0.751288 1.723832 0.904449 -0.467651 -0.948137 0.908083 0.491095
0.867608 -1.125298 -0.679709 -1.324402 -0.604235 -0.225295 1.008959 -0.294136 -0.548276 0.673385 0.068716 0.984539 -1.739909 1.124677 2.346647 0.164807 -0.968758 -0.435078 -1.189624 -0.790079 -0.184494 1.435433 1.037680 0.067988 0.398904 0.970297 -1.941897 -0.930314 -0.792439 0.985272 0.486193 -0.252480 -1.013361 0.444605 -2.702590 0.899386 0.383016 -1.001757 -1.416900 -0.035383 -0.222700 0.039800 0.160694 2.344154 0.543604 -0.703886 2.657563 -0.498191 1.558860 -1.242373 -1.049421 0.313382 0.159692 -0.337704 0.923530 0.327196 -1.535845 0.094616 -0.064822 1.188600 1.120647 0.040360 1.126939 0.899473 -0.069364 0.090905 -0.142528 0.141131 0.191452 -1.495081 1.169084 1.394694 0.780553 0.165264 -0.652107 -1.198368 -1.522846 0.303482 -0.512930 -1.548586 -0.724683 -0.750047 0.013404 -0.108821 -1.630036 -0.111767 0.264130 -1.171721 0.738486 0.623518 -0.562158 1.707492 1.119634 1.010298 1.483261 -0.193737 0.440913 1.463831 -0.054173 0.603437 -0.948635 -0.013493 -1.157658 -0.528840 -0.993019 0.242180 -1.855572 0.277088 -1.541819 -2.435258 0.057848 0.377874 0.009883 0.724950 -0.299634 1.466603 0.073495 0.838808 0.669267 -0.731092 -1.760754 1.251145 0.122733 1.456399 -0.197935 0.218586 0.966767 0.973995 0.996898 0.441707 -1.223425 -0.523006 1.875404 0.128162 1.420062 0.331452 -0.577906 -1.136694 2.440514 -0.450527 -0.427676 -0.550027 -0.745219 0.754610 -0.348305 1.214492 -2.132185 0.489034 -0.830684 -0.780085 1.666058 -0.810060 0.463888 2.341804 -1.619757 -0.627915 0.013634 0.449848 -0.607495 0.528833 1.913446 1.068304 -0.139485 0.262787 -0.631052 0.120010 0.036678 -0.400009 -0.278265 0.875955 0.469440 2.118169 0.433793 -0.640025 -1.444938 1.701279 0.397887 2.113683 -0.702853 -0.707509 1.644406 -0.930726 1.556730 -0.175171 -0.012338 0.533981 -0.983468 -0.221384 -1.449014 -0.058105 0.253523 0.613805 -1.162307 -0.769558 -1.380326 -0.685456 -0.993979 -1.794858 2.410584 -0.260456 0.983026 -0.834121 0.519587 -1.036272 0.226808 1.330282 0.729568 0.100924 0.530036 -0.759634 1.194137 -0.197580 0.589540 -0.476507 -1.257957 0.516140 -0.623532 -0.108687 1.362238 0.651354 1.960022 1.465171 -0.033302 -0.731682 -1.727058 -0.317228 -0.248561 -0.795558 0.505439 -0.594598 -0.565494 0.421545 -0.847146 1.075586 -0.995072 0.375101 -0.918529 -0.130164 0.846142 -0.315560 -0.136979 0.203230 0.174290 -0.733773
0.637209 -2.026595 0.497331 -0.644623 -0.708514 0.627068 -0.197931 1.195140 0.434150 0.567544 0.626370 -0.215116 0.195387 -1.108840 -0.388634 -2.382468 -0.243833 0.104034 0.756071 -0.498430 0.167982 -0.983455 2.101133 -0.107947 0.381364 -0.234746 0.865563 0.467253 2.314804 -0.679823 0.303143 -1.028286 -1.583622 -1.261434 -0.142629 0.544735 0.572989 1.512499 -1.435923 -0.559465 -2.278687 2.189812 1.153684 0.868358 0.674216 0.266165 0.244006 0.248667 0.429959 -2.038981 -0.818706 -0.653951 -0.789793 1.108990 -0.774951 0.641873 0.024110 0.141186 -0.469131 -0.326393 0.351196 2.003184 -0.070183 0.695715 0.945762 -0.811792 0.674121 -0.811421 0.579700 0.143423 0.826379 0.522614 0.773214 0.274108 -0.046709 1.806577 0.065961 -0.753673 -0.895045 -0.977259 -1.867204 -0.425235 -0.299601 -0.136413 -0.035375 -0.239961 0.014495 1.676448 1.008632 0.094683 1.098986 0.200201 0.933351 -0.587242 -0.715288 -0.005064 0.748835 -1.763564 0.085453 -0.165561 0.196621 1.645218 0.157155 2.173367 0.994033 -0.872897 -0.181836 -1.438911 0.859054 -0.637837 0.091029 2.170762 0.104160 0.482544 -0.341583 -0.869784 -0.203867 0.248997 -0.562489 0.298547 -0.476866 -0.478880 0.921388 -0.524558 -0.979753 -0.871113 -0.237504 0.485432 -0.936761 0.051730 -1.773243 -0.126943 -0.580768 0.327299 -0.072545 -3.072140 -1.390184 -0.009372 0.296813 1.132914 0.237391 0.715562 0.173830 1.358626 -0.008159 0.479375 -0.585525 -0.178992 -1.314759 0.061908 -0.548439 -0.044074 -1.149143 1.013049 -2.653083 1.671547 0.349014 0.813596 0.398783 0.728733 -0.739173 0.381772 0.857122 0.244471 0.592322 0.359253 1.586912 -0.819752 1.172861 0.384532 1.090860 0.523790 0.017846 1.193035 1.793030 0.019431 -0.426440 0.754356 -3.832562 -2.769520 -1.280127 -0.157306 -0.148929 3.139337 -0.323346 -0.108832 -0.200437 0.825307 -1.163448 -0.200522 -0.211833 0.466509 0.466973 -1.456603 -0.661291 1.375747 0.398711 1.033067 -0.980118 1.041028 1.528302 -1.854752 -2.129895 -1.179147 -0.656297 1.051510 0.353389 -1.216964 -0.383507 -0.844804 1.877362 0.490006 0.154029 0.434799 0.497639 -0.074154 0.849207 0.333950 -0.308342 0.967697 0.880188 0.120610 -0.806561 0.732644 1.853765 -0.008604 -2.842110 -0.542351 0.555683 1.176931 -0.383135 -0.164837 0.024906 1.578292 0.938514 -0.428825 -0.665300 -0.097776 -0.014623 -0.178125 -1.609077 -1.395880 0.497553 -1.148825
-0.473896 0.336538 -0.826006 1.111039 -1.043365 -0.107386 0.765414 -0.865162 0.764012 0.832625 0.177435 -0.515542 -1.090375 -0.937116 -0.199006 -1.945827 -0.703672 -0.169748 -0.702646 -1.107775 -0.154041 -1.557909 0.259569 -0.968851 0.496985 0.760437 -1.057269 -0.041096 -0.503908 -0.104033 -1.570969 -0.136350 -0.540615 -0.773143 -0.430930 0.034420 1.538782 0.218083 0.928007 0.127053 0.135268 -2.262571 -0.090482 1.606982 -0.857013 0.250693 1.088932 0.707733 -0.157919 1.279178 -1.157923 0.331013 0.627454 -0.715206 1.253546 1.228088 -0.751781 -0.073552 2.294700 0.081992 0.078480 0.572752 -0.532738 -1.998092 -0.112996 0.145638 -1.308114 1.433496 -0.431054 -0.550629 -0.168674 0.775025 -1.206325 0.346202 0.036564 0.569741 -1.641316 0.015381 -0.486339 0.533751 1.539001 -0.559707 -0.229723 1.389933 -1.723215 1.974364 -0.739466 0.188893 1.979884 -0.617660 0.632153 -0.924910 0.453581 0.351468 -0.340314 -0.401944 0.772438 0.216209 1.347979 -0.582016 -0.422030 0.723339 -1.279410 0.525124 0.211906 -0.134857 -0.415390 0.158344 -0.750999 -0.336782 0.050036 -0.723018 0.008725 0.862679 0.485210 0.294790 1.755657 -0.019577 -0.983151 -1.510784 -0.080651 0.822257 0.734999 0.298948 1.369114 1.103494 0.103455 -1.111177 1.045132 -0.778706 0.503806 0.484382 -0.938103 -0.745456 0.523386 0.721973 -1.198227 -2.887548 -1.744879 -2.064130 -0.969270 1.141180 0.422691 -0.520203 -1.586525 0.041928 0.427632 -0.401471 0.007003 -0.144449 -2.091738 0.498598 -0.003562 0.881482 0.730720 -0.345257 2.106071 -0.663199 -0.527274 0.707445 -0.661138 0.454445 -0.045933 -1.187636 0.245596 0.441894 1.327699 -1.648886 -0.867299 -0.607781 2.326974 0.729706 0.195598 -1.193238 0.565823 -0.839401 0.585526 -1.160440 -0.712948 -0.797279 0.567044 -0.628767 -0.257035 -2.052565 0.578441 -0.262462 -1.248176 -0.190554 0.640741 -1.635852 -0.639418 -0.404430 1.348991 1.195491 0.244583 1.510196 1.170373 -0.794455 -0.257876 -0.329428 1.730737 1.158874 -0.564485 -1.936153 0.484160 -0.018691 -1.354272 -1.538201 0.329384 1.051026 0.958308 -0.723179 0.961683 -0.035585 0.055473 0.657470 -1.475955 -0.663990 -1.184410 -0.941854 -1.010723 0.628532 -1.053367 2.009457 -0.796660 0.891385 -0.215980 1.430103 2.327359 -0.440413 -0.897389 0.010767 -0.469816 1.356547 1.593535 -0.206852 -2.211156 -1.027219 0.080788 0.332419 0.086405 1.174119 0.645645 -1.152031
0.398284 0.143978 0.160473 1.399025 -1.480170 -0.612867 0.547698 0.093674 -0.633074 0.210154 0.379333 -0.320543 1.471896 -1.329480 0.939019 -1.011449 1.057456 -0.439905 -0.618673 -1.326621 1.715354 1.734515 -1.090680 -1.348749 -1.110207 0.666887 -0.709269 -1.495675 1.161900 0.198723 0.156125 0.841699 0.327414 1.731978 -0.885476 0.178645 -1.003117 0.198603 -0.342260 0.139734 -1.028721 -0.409588 1.353985 -0.857492 -0.291281 0.696436 -0.312954 -2.672350 0.271103 1.237211 0.075700 -0.036831 0.410882 0.676388 0.878562 -0.605204 -1.082916 -0.225060 0.489619 2.079587 2.234644 -0.145698 -0.289708 -1.709120 0.271445 0.467112 1.421305 0.574753 1.012647 0.464017 0.654470 -0.797492 2.185340 1.671166 -0.395224 1.365397 0.684641 -1.619837 -0.001262 -0.105733 1.201295 -0.680513 1.207463 2.334152 -0.564076 -0.192417 -1.309561 0.531274 -0.366728 -1.281753 -0.454789 -0.445735 1.193620 -0.653876 -0.577649 -0.649511 0.975876 0.111859 1.418433 1.842487 -0.490673 0.432096 -1.332385 -0.630208 2.572825 0.137727 0.834100 0.061716 0.184641 -1.490769 1.297201 -0.942707 -0.688822 -1.356158 -0.705329 -1.997570 -0.711788 1.966782 -2.654348 1.314490 0.981589 -0.718195 -0.214178 -0.718285 0.617950 -1.054806 -0.460779 -0.860801 2.389963 0.080575 0.387940 -1.670557 -0.605394 -0.166792 -0.683740 -0.501819 1.578725 -1.097471 -0.034824 -0.771118 -2.250442 -0.574582 -0.953070 1.010646 -0.846250 -1.199310 -0.120238 -0.248818 -0.162913 0.823141 -0.656939 0.775341 0.487824 0.503551 0.847593 1.215053 -1.109828 0.441279 -1.246778 0.291551 0.019513 -0.376921 -0.802246 1.022270 -0.097341 0.270130 0.632158 0.418605 -0.427365 0.447513 0.800251 0.029286 -0.139317 0.315288 -1.317327 -1.291554 1.894609 -1.383794 -1.179503 -1.693838 -0.830314 -0.678724 -0.936909 -0.559328 -0.431939 1.091685 -1.412213 -0.773715 0.068389 -1.908730 2.425387 -1.229328 -1.040298 -0.935629 0.004710 -0.664072 -0.191573 -1.948962 2.642564 0.709862 0.785064 -0.487995 1.162725 0.842685 0.501179 -0.073585 0.307590 2.449022 -0.933976 -0.415031 1.065976 1.192431 0.106732 0.104581 -0.769518 -1.091256 -0.162319 -0.684179 -0.387647 0.252791 -1.273803 -0.114298 -0.663868 0.160252 -0.158530 -1.226071 0.441370 -1.109384 0.969195 0.888663 -2.129954 1.168116 -0.949942 -1.221079 -1.474990 -1.167711 0.266245 0.841590 -0.770412 -0.788454 -1.128910 -1.899382 -0.190780 -0.360683
-0.774755 0.356602 0.862553 -0.404356 -1.020217 0.935297 -1.857162 -0.003405 0.624486 0.942879 -0.583477 -1.648883 -0.457252 -0.481536 -0.377123 0.784433 -1.317418 0.943160 0.377948 1.307923 0.570488 -0.294896 2.458353 -0.495622 -1.068980 -2.556203 -0.039769 0.492346 -0.428165 -1.493437 0.308866 -1.097243 0.531295 0.246770 -0.506087 -0.613408 -0.396204 -0.380507 1.366490 0.673389 -0.121810 0.483499 -0.140213 1.333009 1.589725 2.330688 -1.674077 -0.474080 1.184318 -1.209616 0.611631 -0.035899 0.821379 -0.019154 -0.214556 1.251941 0.272185 -0.099005 -0.713903 -2.076904 -0.681881 0.443939 -0.302469 -0.587596 -0.012950 -0.134034 -1.037921 -0.714952 1.263761 0.985017 0.965439 2.719097 -0.368073 0.064943 -0.202479 -0.153295 -1.106407 -0.203615 -1.656390 -0.246196 1.605464 -1.016207 0.042844 1.944709 -1.799670 -2.878323 -0.953555 -0.675711 -0.668360 0.228072 0.063115 0.059730 0.571886 -0.192223 0.864368 -0.273017 0.419277 -0.799095 0.416271 1.658789 1.676916 2.189153 -0.263480 -1.282147 0.287055 1.533509 0.883383 -0.825119 0.182683 0.465268 -0.095152 0.049880 0.276050 2.303410 -0.379168 -0.711887 0.927255 0.635685 0.516009 -0.320262 0.237652 0.653798 -0.104206 0.218971 1.223251 0.043249 -0.195407 0.174201 0.442942 1.053115 -0.507040 1.120833 -0.916523 -0.101956 -1.066096 0.501476 0.483104 -1.021626 -0.038738 1.104380 0.113595 0.481038 0.870474 -0.174815 -0.407035 -0.328126 1.228944 2.075139 -0.073176 -0.154407 0.052677 0.915388 0.201909 -0.719468 0.989753 0.774541 -1.419566 0.415786 -0.170499 -0.226697 0.995588 -0.476551 -0.335013 1.192650 1.614423 0.207048 0.140309 0.833032 0.938278 -0.825538 -0.455597 -1.001011 -0.032244 -1.417384 1.123652 -0.416618 1.054814 -0.018353 0.436709 -0.015691 1.250991 -0.164931 1.196133 0.235584 0.572591 -0.810770 -0.682675 0.664994 0.403313 2.307546 -0.080671 0.876566 0.652523 -1.392505 -2.103921 -0.120230 1.018244 -0.168041 -2.537334 -0.223133 -0.422722 -0.567989 1.525187 -1.132706 0.816102 0.562045 0.124600 -1.201090 0.418497 1.473192 -0.106536 -0.074187 -1.020499 -1.175483 -0.497252 -0.514941 0.803634 -0.791689 -0.875841 -0.867404 -0.272616 0.052583 -1.796834 0.647959 0.147063 1.785756 1.363775 0.585676 -1.138877 0.532191 -0.305005 -2.057880 -0.859842 -1.613602 1.995069 1.251232 -2.624407 0.687212 1.268200 0.660049 0.286707 0.623513 -0.255860 -0.338551
1.514153 -1.317883 -1.149159 -0.215615 -1.695976 -0.607714 -0.591188 -0.210456 0.708346 -0.470201 0.637089 0.261712 -1.222909 1.357878 -0.362421 -0.188760 1.236115 0.258841 -1.227436 1.049318 0.031716 -0.832373 -1.006210 -0.339784 -0.643370 -1.185674 -0.969341 0.678578 -0.708648 0.046356 -0.732476 -1.134282 0.076280 0.229043 -0.559420 0.677148 1.451942 -1.460893 -1.861002 -1.196551 0.308323 -0.901504 0.186188 -0.597318 0.111664 -0.492000 0.738700 1.643353 -0.247938 1.152066 2.515743 -0.058786 -0.017608 1.551856 1.395046 2.629524 1.101961 0.039667 -0.833065 -0.037179 -0.845015 0.264782 -0.593445 0.105638 -2.037262 0.028795 0.266033 -1.034763 -2.084587 2.059046 0.097200 0.369813 1.012337 -0.462490 0.050286 0.881992 0.289732 1.145101 0.215868 1.788077 0.864423 -0.970118 -0.311028 -0.588526 -0.430599 1.277476 0.714360 0.207460 0.825616 -0.775233 -0.526299 0.751950 0.275243 -0.377834 -0.068206 -0.654277 1.544279 0.091077 1.664564 0.869132 -0.170707 2.131273 -0.406517 -1.229211 -0.314178 -0.674701 1.843672 -1.147969 -0.182446 1.696047 -1.890469 0.551778 -0.506956 -1.356927 0.531551 1.680662 0.229878 0.747414 -0.034675 0.077350 0.862345 -0.605822 -0.044426 -0.018802 -0.869850 0.141319 -0.406659 0.901297 0.794268 -0.314642 0.732735 0.297868 -1.358280 0.073216 -0.418948 0.992139 0.326421 -0.576735 1.113530 -0.569421 0.076255 -0.214367 2.749107 0.738254 0.103503 0.138394 -0.063655 0.894810 1.323536 -1.075870 0.284358 -0.410254 1.190951 2.869867 0.597564 0.560479 1.653096 -0.345194 -1.724603 1.646679 -0.929980 -1.279512 0.034378 -0.629828 -0.534672 -0.002588 -1.325277 0.766213 -0.359525 0.768062 0.853799 -0.100372 -0.606165 0.562110 -0.694535 1.820879 0.179135 -0.149070 -0.392804 1.120438 0.864603 0.280426 1.675079 0.388230 -1.195100 -0.327229 1.552746 0.498646 0.675040 -0.694753 -1.133502 -0.710860 0.166467 -1.066820 0.238757 1.013868 -0.403189 1.355801 -1.932923 -1.889170 -1.267324 0.603243 0.549817 0.340930 0.726824 -0.213040 0.752351 -0.174668 0.411207 -1.690846 0.714427 1.329614 -1.249231 -0.144574 0.373620 -0.296064 -0.200195 0.718332 0.463715 -0.131290 0.047454 -1.848852 0.682470 -1.254577 -1.262306 -0.570685 0.381547 0.594357 0.513327 -1.090954 0.621791 0.135379 0.871569 0.639669 -1.217951 -0.055167 -1.592826 0.559491 0.332732 -0.085527 0.885265 0.790696 -1.180998 -0.968039
-1.052870 -1.260931 -0.407680 -1.850685 -0.295068 -1.467661 0.227235 -0.923648 1.572893 -1.226259 0.658656 -0.090183 0.129846 -1.143714 -1.825781 -0.476489 2.042808 0.051229 -0.848987 0.105756 0.207181 0.550213 -0.036177 -0.213518 1.142448 0.289954 0.078649 1.256125 -0.500917 0.462162 3.512867 -0.922395 -1.231714 0.678865 0.660535 1.166683 1.195955 1.292151 -0.339829 -0.099340 -1.119653 0.612153 2.657771 1.654751 0.356253 -0.056107 1.068633 -0.354610 -0.509610 0.549051 -1.375703 1.891943 -0.668804 -0.998520 -0.280722 -0.420183 0.611047 0.227916 -1.598897 -0.960219 -0.767284 -0.369168 2.840207 -0.407867 0.864959 0.037634 0.511928 0.534290 -1.286388 0.873862 0.347557 0.910470 -0.992381 -0.891712 -0.967412 -0.630753 0.735702 -0.441389 0.444612 0.140455 -1.042037 0.410662 0.032464 -2.295288 -0.006146 -0.023043 0.785718 -0.351005 0.284181 -0.283353 -2.663771 0.246671 -1.730645 0.320558 2.843850 -0.763683 0.871392 1.295379 0.525932 0.043845 0.462723 1.782491 -0.688814 -1.131622 1.685546 0.803000 -0.435794 1.112350 -1.135383 0.401840 0.691041 1.677138 -0.191976 0.581707 -0.735917 -0.033711 -1.090835 0.396319 -0.072014 0.867990 -1.098838 -0.229588 0.811610 1.327632 0.962355 0.020178 -0.899261 -0.953015 -0.650253 0.532108 0.261902 -1.080392 -1.881367 -1.068101 -0.124317 0.309663 0.838825 1.217559 1.835454 -1.257887 -1.947662 -0.255847 0.415783 -0.513279 0.375468 -0.353449 0.509708 -0.948066 0.888314 0.661977 0.346616 -0.418045 -0.043227 -0.597254 -2.112647 -0.183857 -0.861651 -0.136519 0.177116 0.338643 2.258848 0.950286 0.229874 0.121088 1.230339 0.228089 0.308949 0.622421 0.023622 -0.552691 0.531060 -0.596426 -0.148754 0.411601 1.777170 -1.537503 -1.438112 -1.222471 -1.701660 0.500458 -0.914143 -1.176370 -2.180326 0.106978 -0.248031 -0.225776 0.156940 -0.702597 -0.433647 0.627537 0.568733 -0.128166 0.008694 -0.352209 -1.624221 0.087856 -1.248025 -0.520324 -0.599346 1.014114 -0.587117 0.544968 -0.252026 -0.237746 0.344505 -0.812330 -0.008479 1.349816 -0.193611 -0.343400 -0.441952 -1.367367 0.749994 -0.431230 -1.378999 -0.016087 0.702361 -1.487763 -1.020054 -1.883245 0.108223 1.209171 -1.515761 -1.219913 -0.762738 -0.220130 -0.049420 -0.244279 0.143451 -1.199606 0.248580 0.329194 -0.095746 -0.857101 -0.733281 0.294336 -0.998376 0.803550 0.021394 -0.926327 1.470730 0.620716 -0.077358 -0.354067
1.528196 0.896650 0.721455 -1.103635 -1.991060 -1.465383 -0.150572 -1.482647 -0.143438 0.453279 -2.598183 -0.276467 0.226257 -1.494212 -0.986878 -1.463244 -0.467337 0.843867 -1.072704 -0.855101 -1.038052 0.484650 0.474565 -1.386447 -0.260758 -0.681065 1.447303 -0.230062 -0.905862 0.803384 0.710734 -0.753518 0.561989 0.353729 0.411887 -0.539625 -0.069094 0.090471 0.578649 -0.781495 -0.295254 -1.680713 0.354470 -0.296687 -1.302893 -0.961228 -0.145022 0.275201 0.698472 -2.801284 0.706945 -1.742141 -0.502950 1.218674 -0.425228 -3.198774 -0.780528 0.829121 0.899427 -1.393687 -0.887730 -0.753327 -1.329440 0.116288 -1.591074 -1.246330 0.305497 -0.690812 0.031596 -0.814154 0.134084 -0.209871 0.573462 -0.896552 0.414679 -0.945459 1.424216 0.019309 1.155031 0.220423 0.096035 -1.294765 1.755476 0.783732 -0.219746 0.338593 -0.141234 1.632245 -0.213212 0.902378 -2.017905 0.290723 0.220071 -1.253843 0.480659 -1.178893 0.810919 -1.685366 0.229494 -0.076598 0.365394 -1.441937 0.776418 -0.852789 -1.445149 0.815907 0.363895 2.072242 -0.609772 2.008927 -1.594354 0.358276 0.285138 0.468678 0.942146 0.669988 -1.901632 -1.175327 -1.243806 -0.745866 0.645318 -0.867619 -0.483931 1.686973 0.610381 -0.986882 -0.230111 -0.078120 -0.827461 -0.851622 -1.441178 -0.523848 0.216235 1.339049 -0.685667 0.140879 0.314447 0.123585 -1.745469 -0.616057 -0.762987 0.338247 -0.040944 -0.389713 -1.686113 1.579869 -0.893280 -0.041344 -2.015922 -0.155462 -0.351522 -0.021394 0.798388 -0.492509 -0.300299 -0.863384 1.087048 -0.066008 -0.975051 0.799806 -1.498482 -0.191510 2.127480 -0.775858 1.941680 0.330383 1.646246 0.184089 -0.392320 1.260648 0.239281 0.265382 1.342679 -0.288785 -0.266766 -0.979305 1.305629 -0.993701 -0.053974 0.023221 1.236568 0.660920 0.614005 1.717964 -1.055940 0.902786 -1.954567 0.284189 -1.643402 -1.323370 0.588103 0.567309 0.459358 0.378983 0.445127 -0.985612 1.023542 -1.191254 0.472902 -0.833030 1.126715 -1.323561 -0.429145 0.384029 0.277118 0.434601 -0.475363 -0.276200 -0.267741 1.191517 -0.846212 0.042287 0.133867 -0.400441 -0.044252 1.759821 0.271708 0.033349 1.625206 0.692879 0.325692 0.808101 1.030974 -0.177022 -2.227591 -0.368321 1.486809 0.390184 -0.194701 1.197532 -0.612340 -2.780620 -0.044734 2.391996 1.395320 -1.371756 0.083224 1.046463 0.596581 0.181126 -0.294229 0.042449 1.498219 -0.986674
0.416386 0.661701 -0.410745 0.465045 -1.095890 0.523756 -0.573559 -1.268422 -1.293137 -0.200681 0.725214 0.022324 0.520745 -0.218044 -0.355743 2.367115 -0.221925 0.447993 0.277236 0.608848 0.941730 -1.656561 0.130171 -0.010493 -1.436059 -1.233461 1.204754 -0.624475 -0.343020 0.862567 -0.014571 -1.682404 0.230649 0.592418 0.997481 -0.045402 -0.168035 0.824370 -0.561448 1.500498 0.477010 -1.141248 0.399748 -0.114290 0.491008 0.917032 -0.398787 0.292217 -0.287013 -1.214124 0.580605 0.355885 1.734056 -1.993422 -2.559540 1.028204 0.074118 -1.080659 0.929144 0.450270 -1.847189 1.076423 0.043395 -1.405083 -1.548430 0.781548 -0.364014 0.312738 -0.882371 -0.440439 -0.469855 0.432931 0.939948 0.703509 -1.937872 1.531710 0.074385 -0.607128 -0.265670 1.027731 -0.513374 -1.973092 1.536734 0.393289 0.728102 0.214314 1.834406 -0.054037 0.198980 0.577451 -0.707394 0.444867 -1.929961 0.820053 -1.415375 -0.135077 1.874119 1.117662 -0.309974 1.258968 0.694305 -1.282253 -0.343971 -0.554680 0.456203 -1.259214 0.647662 0.450768 1.253551 0.395758 0.940371 -1.295526 -2.246895 -0.502260 -0.514213 -1.028279 -1.258899 0.370154 -0.211482 1.664277 0.190465 1.680676 0.858521 0.826065 -0.585347 0.440834 0.615689 0.725244 -0.826585 1.405549 0.077772 -0.279519 -2.375194 1.103878 -0.462342 -1.043071 0.473596 0.024492 1.919428 0.935502 -0.641617 0.610763 -0.775436 0.849761 -1.385570 -0.034397 0.504856 -0.838255 1.285065 -0.889558 -1.812617 -0.305935 -0.143632 1.258509 -0.359549 1.014087 -0.215934 -1.869831 -0.228719 -0.108341 -0.053847 1.483994 -0.592287 -0.483072 -0.337257 -0.585558 -0.149867 -0.509426 -0.440124 -0.247751 0.197388 0.191061 -0.158939 -0.006642 0.593410 0.632539 -0.321977 0.613017 0.512160 0.530240 -1.766640 -0.189576 1.042286 -0.208896 -0.615438 -1.271417 0.733713 0.532217 0.323595 -1.162243 0.480914 -1.431123 1.648152 0.152743 0.096862 -1.042150 -0.475811 -0.758533 0.602192 -0.923801 0.399799 0.206699 0.554164 -0.288914 -1.324931 1.291531 0.586592 -0.493513 -1.692827 1.705060 0.826719 -0.369932 -0.505161 -1.294242 1.249416 -0.376206 -1.147931 -0.533026 -0.477952 1.106919 1.620922 0.540308 -1.371431 0.373435 -1.026013 -0.586909 0.541644 -0.665127 0.609475 -1.913456 -1.322476 0.002469 0.320529 -0.397864 0.307245 -0.571055 -0.668566 -0.455773 1.926501 -1.033828 0.419770 0.362765 1.405724 0.085556
0.984153 0.344787 -0.426148 0.786441 -1.869895 1.908805 0.020569 -0.692262 -0.438490 0.189414 -0.293154 0.576714 -0.991047 -0.203908 -0.489025 -1.074942 1.162449 1.615798 -0.028482 -0.450684 1.413274 -0.457139 0.864978 -1.015838 -0.241463 -1.410277 0.001383 -0.221011 -0.548060 1.103407 0.446971 0.390104 0.388278 0.781490 -1.731661 -0.652230 -0.170179 2.014459 1.185189 -0.677998 -0.323064 1.682585 -0.603233 1.466867 -0.391119 1.625009 -1.226912 -0.209058 0.946138 -0.694796 0.274064 0.760395 2.933178 3.155117 -0.670889 0.788087 1.199804 0.457204 -0.056607 0.848110 0.591305 1.279426 1.080762 0.572443 1.011053 1.098195 0.887186 -1.696897 -0.181708 -1.101423 -0.010780 -0.932447 1.377731 2.288335 1.109160 -0.314352 0.914503 0.655546 0.069064 1.296147 -0.255826 0.460451 -1.487216 0.419530 -0.538863 -0.834729 0.421246 1.089107 -0.689423 0.325325 0.544897 0.211744 0.536903 -0.186821 -1.357105 -1.905266 0.368361 1.699900 -1.501662 1.594213 0.721990 0.297041 -0.828875 -0.567887 -2.034697 -0.160624 0.951258 -0.262201 0.586457 -0.868695 0.911637 -1.055923 0.288145 0.902049 0.953327 -0.133032 1.409315 -0.652989 0.671004 -0.008227 -0.970878 -0.675523 0.917548 0.558029 1.361837 -1.872649 0.544425 -0.047240 -0.762990 -1.994685 0.493038 1.089217 0.550071 -0.170592 -0.563789 -0.852215 -1.603204 1.423064 -0.908632 -1.647000 -1.187021 -0.254041 -1.312397 2.578647 0.443005 -0.594994 -0.283463 0.176612 0.303242 0.153802 -0.293444 -0.985060 0.409919 1.152985 -1.880279 -0.017864 0.916617 0.374534 0.444070 -1.637362 0.629166 0.131967 -1.835758 0.858760 -0.631694 -1.018780 0.394335 -0.478797 0.636821 0.036661 0.451389 -0.724858 -0.329499 0.660385 0.088104 -1.004282 -0.415666 -0.351708 0.090916 0.646754 -0.020261 -0.003804 0.234805 -1.154715 0.769654 -0.216877 0.194703 0.680909 -0.154335 0.878442 0.864398 -1.299982 -0.898831 -1.401624 0.255962 1.112488 2.446158 0.299199 -0.563011 -0.501638 -0.313926 1.043833 -0.341006 -0.241107 0.272928 -0.032497 -0.604485 1.871671 0.911842 -0.280363 0.249856 0.666995 -0.771920 -0.795156 -0.905213 2.741571 0.246704 0.964153 2.872674 1.429645 -0.663673 0.034587 -0.272512 -0.399099 1.488134 -0.655941 -0.341358 0.154572 -0.058008 0.449329 -1.503372 -1.910808 -0.237326 -0.253311 0.479645 -1.856220 2.492064 0.483091 -1.813152 -0.692143 0.495154 -1.081527 -0.469563 -1.388523
1.623913 1.020636 0.860174 0.181246 0.648919 -0.277481 -1.579274 0.450812 -0.964514 -0.647395 -0.026188 -0.950157 -1.736394 1.751563 0.501323 -0.981915 0.054958 -1.036548 0.340305 -0.573927 0.149916 0.845504 -0.231972 -1.392961 0.537312 1.031658 0.287033 0.714199 1.245682 1.021538 -0.924202 0.391627 0.406668 -3.254197 0.482341 -1.133445 -0.001808 1.481896 1.514679 -0.048105 0.857023 0.639302 1.900663 0.435505 0.270063 -0.345712 0.908886 -1.000714 0.988542 -0.425399 0.750161 -1.428253 0.961002 -0.059043 0.398487 0.662932 -1.439649 -0.286576 -0.490276 1.030937 -1.028148 -1.391168 -2.705081 0.039807 -1.266235 -0.019331 1.230551 -0.550350 0.032692 0.494584 -0.508896 -0.598705 -0.428369 -0.003151 -0.549378 0.415708 -0.912170 0.086473 -1.235978 0.035673 -0.167040 0.488279 -0.399826 0.210116 0.770587 0.500849 0.124846 -1.382215 0.756418 -0.332258 0.534598 2.071697 -0.900213 2.003426 1.507320 -0.570096 -0.939366 -1.966883 2.488586 -0.148738 1.523485 -1.086277 -2.614398 -0.937399 1.005601 1.038231 1.551760 -0.210013 0.262061 0.979387 0.830283 0.583945 -0.172811 0.183257 1.020105 -0.998322 -0.766356 0.945929 1.338051 0.781652 0.267746 -1.222727 -0.655099 2.033803 0.475852 0.496208 -1.811022 0.601416 -0.030778 -0.996859 0.279586 -0.031832 -3.100449 -0.498523 0.486481 0.446820 0.076540 1.132343 0.720929 -0.694550 0.648811 1.749224 -0.086436 -0.525186 0.606519 0.397480 1.293503 1.303471 1.264833 2.015778 -0.123071 0.770944 -0.481831 -0.913584 -0.072061 -1.622704 -0.133813 0.382651 0.375135 -1.110028 -0.242596 -0.540378 0.928294 -0.893308 -1.746996 1.166368 0.439823 -0.935408 -0.679628 0.218769 1.369086 -0.150663 1.242178 0.624890 -1.107873 -0.800044 1.534969 0.307272 0.114011 -1.416070 0.372710 -0.176862 -1.149647 0.263769 -0.112408 -0.347519 2.478579 0.426459 -0.307319 -0.377635 1.218504 -0.997428 -0.586345 0.444274 0.031687 0.664857 -0.743632 1.166545 -0.296783 0.595709 -0.523878 -0.161061 -1.107324 1.023597 -0.426462 0.742635 -0.827096 -0.697318 -1.054003 -0.843165 0.511661 0.635900 1.609837 -0.033364 -0.187446 0.916447 -0.900556 -0.510758 0.322595 -0.974707 -0.395311 1.558672 -0.828556 -0.157116 0.272012 0.237722 -1.680746 0.509771 0.989202 -0.557366 -0.400164 -0.142868 -0.511024 1.374212 -0.425042 -0.607463 1.229265 -0.327438 -0.874404 1.552200 -0.186225 -0.492224 0.037944 -2.061403
-0.367791 -2.072665 0.505882 1.483815 -0.362018 -0.895249 0.331907 0.725494 1.562152 -1.916121 2.428309 0.162735 -0.614890 0.293089 0.837227 0.605081 2.893762 0.433872 -2.062502 2.152833 -0.351445 0.044973 0.028545 -1.482143 0.065744 1.221748 -0.787321 1.069478 -0.625634 1.448110 0.044557 1.227621 1.128581 -0.910844 -0.114294 -1.738794 -0.388813 -0.571000 1.333405 1.779555 -0.088374 -0.718912 1.144648 -0.710210 0.406399 -0.450721 -0.546583 -0.662581 -0.450789 -0.461696 0.279102 2.045402 0.765438 -0.852857 -1.533530 0.291384 -0.515986 -0.138054 1.011490 2.423387 0.862709 0.360079 1.618999 1.733686 -0.762920 0.269311 -0.932282 0.313651 0.671408 0.525570 0.143902 -0.712680 -0.889389 1.255594 0.807998 -2.435970 -0.486678 1.076557 2.337577 1.588079 -0.433184 -1.080168 -0.386975 -0.252827 0.738333 0.280090 1.320572 -2.070892 0.298078 -2.238899 0.801363 2.034690 1.581357 0.613584 -0.956433 -1.734441 -0.008398 -1.039601 0.689377 0.258541 -0.802257 -0.284488 0.250228 0.030584 -1.427376 -0.787091 -0.152171 -0.945499 -0.185917 0.115765 0.501894 0.429658 -0.243464 1.019279 -1.058530 0.244867 1.205965 0.002082 -0.294374 -0.579215 1.611706 -2.291757 -1.099966 0.695053 0.718037 -0.074236 1.600886 -1.252054 0.805533 0.835198 0.612346 -0.392199 -0.359328 1.678707 -0.895480 -0.203105 0.515829 0.745066 -0.618744 -1.032916 -1.278698 -0.379935 0.447738 0.662544 -2.209344 1.099347 0.995578 -0.685787 -1.595211 0.141676 -0.181306 0.929809 1.484780 2.157291 1.796518 -0.533026 -0.228499 1.556050 0.096177 0.260592 -1.471351 -0.156162 0.400635 0.413735 1.715393 0.301211 0.734478 -0.968191 -1.115569 0.964713 -1.541065 -1.184527 -1.462455 0.764156 -1.745810 -0.621060 0.085576 -0.145509 1.347607 0.061344 0.562086 -1.174746 -0.483083 1.924320 0.605366 0.133984 0.901096 -0.532633 -0.995504 -0.552795 -0.637684 0.037652 -0.733042 -0.191320 -0.734231 0.088920 -0.042148 -0.382167 -0.347732 0.084310 -0.023684 0.274457 0.460752 0.673352 0.391394 0.472132 0.021093 -0.821081 -0.134330 -0.718595 1.074304 -1.770449 -1.548741 -0.367289 0.012459 -1.495483 -0.978093 -0.989750 -0.857591 1.753308 -1.471186 0.930286 0.910266 0.567197 0.270501 0.381373 -0.912619 0.564670 0.171986 0.181193 -1.346268 0.747077 1.192353 -0.515820 -0.772552 0.615041 0.229185 0.992120 0.323235 1.171115 -1.075062 1.271913 2.267944 -1.196115
-0.035394 -1.598043 -1.046279 1.054665 -0.975490 0.624414 1.344437 0.166825 -0.987100 0.252930 1.614711 0.731634 0.529162 -0.576486 -1.044586 1.779164 -1.104273 1.011409 0.895427 -0.188517 1.202600 -1.594716 -0.787423 -2.501545 0.571351 0.856408 -0.293685 -0.923197 -0.418648 -1.077492 0.475589 -0.183445 0.470649 0.485608 1.238743 -0.403526 0.295777 0.744239 0.863189 0.910326 0.775942 -0.582358 -2.083213 0.771749 -0.298300 -2.027054 -0.177840 0.645264 1.450522 0.248727 0.638534 -0.294578 -0.013876 1.245342 -0.178651 0.646890 1.683027 0.676230 -0.487532 0.249069 -2.519144 0.129753 0.841406 -0.844728 0.990366 -2.243851 0.049083 0.268020 1.168272 -1.562734 -0.372549 -0.114681 1.118082 -0.646470 -0.528170 -1.111976 -1.073347 1.817134 0.279038 0.029346 -0.864723 1.840739 1.119765 -1.854909 1.416018 -0.426240 0.126026 -1.150161 1.672109 0.600728 -0.664648 -0.237644 -1.360970 -1.273942 -0.390698 -0.946293 0.082172 -2.471464 -0.445245 0.771596 0.811977 -0.493975 1.902545 1.503099 1.222441 0.161503 -0.988077 0.482354 -0.501187 2.036511 -0.511491 0.266782 1.524813 -0.619102 1.047593 0.633414 0.201051 -0.910914 -2.679704 1.425475 1.948155 0.766984 1.205811 1.691307 -0.030392 -0.642642 0.048193 -0.267454 0.913270 0.999663 1.274422 -0.016519 0.518889 -0.263796 0.137392 -1.245680 0.825066 0.904675 0.079240 -0.128061 1.873685 0.227787 0.276442 -0.480544 -0.186564 -0.264540 -0.743184 1.294640 1.208941 -1.706527 0.054257 -0.803575 1.712901 -1.214845 -0.995076 1.933476 1.725589 -0.245839 0.051413 -1.978778 -0.053635 0.648121 0.353957 1.695652 0.523735 -1.302696 -0.696145 -0.280506 -0.613527 -0.070877 -0.215751 -2.469599 1.102134 -0.315716 -0.482760 -0.434294 -0.472902 0.461942 -1.037405 1.201922 0.136167 -0.614657 -0.796054 1.712803 1.644276 -0.563330 -0.247247 1.718062 -0.150645 -1.571548 -0.344614 -1.114923 -0.621108 0.475321 0.278453 -0.475354 -0.233892 -0.680171 1.900952 -2.082611 0.353155 -0.397618 -1.281842 0.478491 1.834931 -0.269436 -2.015847 -1.154226 -1.456496 1.230269 1.312359 0.667559 -0.142624 0.740773 -0.563337 -0.045979 1.869394 -0.006273 -0.432463 1.269619 -0.012348 -0.952498 -0.039968 -0.480659 -2.520415 0.495818 0.105221 0.128072 -1.023012 -1.504897 1.970125 1.237257 0.767707 0.742114 1.043860 -1.126892 0.518576 -1.163189 0.047712 1.213055 -0.885739 -1.989655 -0.106497 0.477631
-0.657385 1.087854 -0.605329 -1.054441 -0.673601 1.454075 -0.091374 0.928828 -0.145105 0.770264 0.303684 -1.300578 -0.581999 0.659139 -0.516305 -0.054205 -1.244026 -1.042969 1.108018 -1.291955 -0.808242 0.412484 1.722526 -0.995840 0.348157 -0.943887 0.730210 -1.134692 0.432966 0.360263 0.932502 -1.556023 1.359858 -1.015146 -0.429409 0.797349 1.121632 -0.092572 -0.079482 -1.040552 1.561552 0.161355 -0.034757 0.945224 0.403919 -1.294155 0.281121 -1.486059 0.839633 0.208092 0.960134 -1.304279 -1.832364 0.936894 -0.130833 0.541432 -1.049136 0.532366 0.010073 0.724547 0.583241 0.570838 2.319805 -0.109461 -0.101777 0.075262 0.063020 -2.148322 0.931777 0.449882 1.207581 -0.228998 0.035631 0.887937 -0.505480 0.038057 0.334877 -0.173826 2.024945 -0.346810 -2.221158 -1.199960 -0.284211 -0.738212 0.347124 0.113439 -0.454984 -0.182084 0.199715 0.197704 -0.560159 1.466274 0.496063 -0.709617 0.046330 1.528013 -0.746854 -0.875104 0.153548 -0.458887 -0.998820 -1.663650 -0.582893 0.004242 -0.519702 -0.540917 0.143870 0.705419 0.162019 0.707163 -0.735764 0.062055 -1.819996 0.722315 -0.361350 0.301685 0.430002 2.105443 -2.012051 0.533864 -0.464289 -0.587207 -0.841442 -0.199133 0.491596 -0.255311 -1.784370 0.391719 0.132706 -1.154056 0.917141 -0.643370 -1.197092 -1.074502 0.090642 -0.550660 -0.674253 -0.255898 -0.418470 -2.090278 1.370793 -1.159029 0.014656 0.993899 -0.630005 0.312936 -0.176273 0.177367 0.611065 -1.263400 1.634524 -0.837733 0.400500 -0.309078 -1.290708 0.015193 0.543797 0.771375 0.160553 0.030422 0.322231 1.339100 0.462651 0.006830 0.025031 0.381827 -0.471585 0.717043 -0.041164 1.162218 1.082403 -0.479832 1.031036 0.898449 0.864647 0.044571 0.115118 -0.953570 -0.475856 1.417766 0.313517 -2.244445 -1.452063 0.218292 1.531351 0.685971 -1.079894 0.135997 0.023893 -1.296662 -0.294869 0.135597 0.708776 0.814015 -0.557495 -0.000668 0.586732 -0.761149 0.858680 0.841534 -1.263571 -0.162124 -0.181542 -0.174710 0.730652 0.747802 -0.164660 0.418016 0.678416 -2.127283 -0.746203 0.583381 0.838631 -0.659174 -0.831179 0.914647 0.194890 0.566637 -1.298538 -0.630974 0.897544 1.288323 1.868673 -0.445880 0.339798 -0.094156 -0.833707 0.413653 -0.469805 -0.655678 2.282913 0.157513 -1.033119 -0.797319 0.542827 -0.102097 1.744838 -0.726998 1.249630 -1.306349 -0.659812 -1.214289 -0.331452 0.943208
-1.428134 -1.190660 0.193411 -2.088442 -1.351791 1.248075 0.018060 1.350435 -1.241167 0.606422 -1.121236 0.139042 -0.904187 0.258831 -1.832740 -0.882858 0.692500 1.336857 0.249231 0.304777 0.349816 0.215754 0.387400 -0.559434 -1.105053 1.115672 -0.426976 -0.873627 -0.734029 -2.349411 -1.450860 -0.252035 0.416954 0.110814 0.402638 -0.450252 0.418637 0.307492 1.625601 1.151424 -0.344398 1.946051 0.257727 -0.612023 -0.283839 0.405407 2.135334 -0.456127 -1.272179 -0.553297 0.715965 0.858687 1.181310 -1.169554 -0.219904 1.262279 0.430757 -1.264763 -1.775474 0.573213 0.522746 0.596113 -0.388431 -1.386971 0.504611 -0.134625 2.987046 0.398412 -0.210316 1.739793 1.484523 -0.120350 -0.565943 -0.438443 -0.644829 0.392288 0.053045 -1.707426 1.247281 0.934939 0.093750 -0.533363 1.099408 -0.118905 0.587902 -0.704568 -1.913855 -0.117209 0.894237 -0.147633 -0.403729 0.904046 1.209961 -0.676826 -0.448286 0.347898 -0.283004 0.015376 -0.316502 0.357769 0.340687 0.231233 -1.066593 -0.005257 0.158651 -2.139369 0.057265 -0.806801 -0.319319 0.813814 0.358931 -0.745951 0.158419 -0.277402 -0.633251 -0.983330 -0.022158 -0.132327 0.285208 -0.688308 -0.812277 -1.372596 0.794181 -1.329333 -0.370962 0.335585 1.062391 1.164141 1.333728 0.704465 0.561274 -1.027188 -0.071909 0.594432 0.180437 -0.988764 -0.155616 1.337797 -1.952331 -0.484382 -0.264823 -0.159151 -1.064033 -0.433491 -1.055054 -0.131249 2.066305 0.542907 -0.390772 0.792184 -0.789062 0.947873 -2.357975 -0.738946 -1.430521 1.250473 -1.913142 -1.344107 -0.452602 -0.031259 -0.151351 -0.248318 0.087763 -0.467931 1.259157 0.422730 -0.672150 -0.152531 -1.354338 0.171065 0.386513 0.395610 -1.958644 -0.589752 -0.272142 -0.649031 -1.719796 -1.214049 0.435759 1.886687 -0.649859 -2.080134 -0.182120 1.079719 1.397006 1.522699 1.029075 -0.837352 0.115766 -0.270339 -2.913003 -0.815821 -1.011134 -1.625716 -0.263743 0.443300 0.301725 -0.078942 -0.208736 -0.863972 -0.273769 1.326672 -0.535746 0.973897 -2.092833 0.591676 0.075201 -0.927072 -0.013133 2.456693 -0.847830 1.061063 -0.377259 1.512067 -0.556712 -1.159347 1.440101 -0.168387 0.793051 1.449748 -1.120661 1.968404 -0.454049 -0.732021 0.476326 0.452636 0.286586 1.194553 -0.037507 0.522730 -0.926783 -1.105207 -1.658094 0.668378 0.382601 0.417523 -0.297013 1.998411 -0.147789 -0.776628 1.104632 -0.945893 1.623835 -0.881654
0.609404 2.012708 1.122751 0.236121 1.071134 1.840085 1.208942 -0.648671 -0.777437 -0.829094 1.424243 2.437374 -0.359341 -1.449563 1.018261 2.503354 -0.892597 -0.377251 -0.065500 1.048874 1.997972 0.999756 2.184420 -0.208526 2.555021 0.507896 0.639837 0.143718 -0.191239 -0.287175 0.720017 2.543751 -1.427877 1.379742 -0.610934 0.522280 -0.222973 -0.197087 2.014033 1.560330 -0.896737 1.325548 -0.521214 -0.973384 -1.244948 -0.034071 0.011056 -0.112340 -0.338456 -0.140926 0.044629 -1.140927 -0.615581 1.547469 -0.802994 -0.863120 0.365719 -0.537370 0.432832 -0.763175 -0.358744 -1.688336 2.548176 -0.786855 -2.379609 -0.227334 -1.656159 0.917264 0.279774 -1.079643 -0.095480 -0.415753 -0.037500 1.581788 0.296481 0.327408 0.359129 -0.631527 0.417812 -0.452784 -1.289182 -0.314139 -1.287912 0.020230 0.004175 1.360753 -1.080867 0.914933 -0.410303 0.357013 -0.746139 -0.944808 1.321342 1.562838 0.159260 0.681008 -0.618185 0.202069 1.217638 -0.907166 1.167804 2.104281 1.373165 -0.508182 -1.178986 1.173512 -0.115516 0.246595 0.708736 1.129817 -0.597356 0.702025 0.067749 -0.331881 0.749264 -0.918021 -0.277642 1.645827 0.160232 -0.641314 1.629774 0.089652 -1.274989 0.100857 2.107834 -0.072414 -1.085453 -1.494289 -1.663366 1.182852 0.205618 -0.115517 0.920339 -0.430018 -0.655682 1.393514 0.041653 0.580421 -0.762059 0.493814 1.002546 -1.314852 1.048355 -0.142252 1.355762 -0.587984 0.715561 -0.519655 1.598897 0.942695 0.247099 -0.549345 0.466932 -0.373480 -0.104131 -0.682874 -1.164955 -0.866512 -1.676631 -0.174800 0.312851 -0.047983 -1.447609 -0.927244 2.091398 1.107176 0.033062 0.712410 -0.270365 -1.506514 0.033071 -0.098293 -0.450386 0.765870 0.837813 0.202667 -0.619628 0.499770 1.855110 -0.003513 2.727761 0.194244 0.657835 0.309423 0.072069 -0.958485 1.647784 0.042850 0.231124 0.439722 -1.693895 -2.285462 -1.636120 1.008056 -0.824923 0.721474 0.730403 0.162078 1.283244 0.852078 -0.097189 0.545228 -0.087163 1.370117 0.177716 1.572897 -0.337616 -0.700884 -0.532161 2.156500 -1.391822 0.446818 -0.195826 -2.203186 -0.322033 -0.518056 1.229086 -1.770162 -1.597028 0.831794 0.370020 0.225929 0.721846 0.653921 0.019918 0.550035 -1.325902 -0.533463 0.545999 0.446257 0.179554 -1.349806 1.398152 -0.224694 0.027777 0.837366 -0.786909 1.086972 -0.342159 0.289583 -0.292212 -0.400576 -0.512648 1.041599
0.521612 0.457890 2.566339 -1.567049 -0.640734 1.792905 0.953257 0.510904 1.319666 -2.602384 0.200438 -0.798972 -0.257561 -0.455934 -0.026889 0.342876 -0.046832 -1.121809 0.228062 -0.512080 0.042247 0.562645 -0.230847 -1.693215 0.477041 0.424129 0.430211 -1.243428 0.032887 0.978090 -0.028040 0.867133 0.575595 0.151687 -2.900609 0.857735 -0.747059 -1.381891 -1.547004 -0.077746 0.890592 -1.430552 2.214395 -0.547504 0.263084 -0.797522 0.861466 -1.320895 -0.345286 -0.846513 0.233184 -0.211540 0.576366 0.660396 -0.592875 0.049979 -0.901553 1.086430 -0.520345 -0.280737 1.721485 0.802045 1.110592 -1.564331 -0.064455 -0.274192 -0.572227 -0.759072 1.280734 -0.271339 -2.070037 0.321385 1.866557 -0.050838 0.299807 -1.099369 -0.632491 0.236659 -0.593232 -0.423722 -0.899500 -0.501066 1.795402 -1.501241 0.716815 -0.784798 -0.645988 -0.512292 -1.711864 -0.615613 0.906561 -0.787589 0.579493 -0.771555 1.669428 1.235905 0.102012 -2.284584 0.302581 -0.618616 0.344899 1.616008 1.665064 -1.079966 0.548037 -0.280318 -0.125302 0.912306 0.109459 -0.979275 -1.900570 0.746500 -0.671478 -0.833093 0.283893 -0.077756 -1.185445 0.835220 1.325719 -0.309139 0.232546 -0.415906 -0.447023 -0.861609 0.357969 -0.312470 -0.357027 -0.971949 -0.401182 0.485085 0.072592 0.471472 0.194660 1.702690 -0.189193 1.128454 -0.611311 -0.908713 0.558498 -0.127341 -0.335816 -0.599026 -1.542293 -0.587497 0.726152 1.025972 0.119586 0.531983 0.520812 0.554876 -0.741645 -1.277044 -0.614665 1.768715 -0.836608 0.646108 1.200358 -0.152736 1.267857 -1.766238 -0.761190 0.257073 1.105033 -0.979319 0.355364 -0.847889 0.476920 1.345094 -0.284274 0.248290 0.998247 -0.047104 -0.115708 0.438481 -1.869554 -0.506892 -0.270209 -1.762228 -0.738097 0.222338 -1.410044 0.979959 -1.169027 -0.276211 1.394379 2.104438 -0.160635 -0.458061 -0.190580 0.044189 0.945886 1.133068 -0.827811 -0.924685 0.541053 -0.804411 0.814077 -0.537436 -0.881366 -1.231398 -0.444771 -0.666759 0.045073 0.219176 -0.099498 0.046715 -0.933929 0.006319 1.553607 -1.228242 -3.331235 -0.651537 -0.117274 2.284160 1.931602 -0.636073 0.033799 -0.198958 0.469970 -1.290506 0.377854 0.712265 0.713838 1.972528 0.838737 0.875527 0.282105 0.987687 -0.627558 -0.267421 0.190913 -0.213819 -1.111817 -1.514139 0.233642 -0.498528 0.351552 -0.287181 0.557652 0.230422 -0.907297 -1.531435 1.051782 -0.738540
0.403718 0.056975 1.669179 -0.974364 1.159954 0.315637 -0.093929 1.672094 0.503400 1.011656 0.635455 -0.536442 1.158038 -1.822599 0.419175 -0.942324 -1.207430 0.988300 -0.910278 -2.116302 0.178703 1.194172 -0.587442 0.855525 -0.827493 -0.311538 -0.775547 0.059842 -2.231435 -1.159805 0.655358 0.336632 0.633855 -0.919796 1.279539 -0.231696 -0.858464 -1.903925 1.171643 -0.303123 -0.168314 -1.743380 1.220144 1.896446 -1.662653 -0.283234 -0.358912 2.151061 0.192458 -0.356123 -1.445732 -0.346304 0.279722 -1.033393 -0.249224 0.930703 -1.107593 -1.355750 0.034344 -0.350550 0.635959 0.442088 1.303495 -0.266411 -0.077757 -2.227578 1.882399 -0.211451 -0.675075 -0.970498 0.869995 -0.703153 -0.776821 -0.552027 -0.319045 0.905739 -0.792283 -0.230329 -0.701566 -1.790609 1.766809 -1.279463 0.351998 0.604522 -0.672034 -0.199571 0.251075 -0.750871 -0.658312 -1.441561 0.578863 -0.652911 -1.217270 0.032269 -1.516953 3.047232 0.325631 -1.689471 -0.740088 0.886803 -0.244909 -0.312274 -0.391202 0.738347 -0.418997 0.737610 -0.762735 -1.018255 -0.730016 -0.563926 -0.521591 0.219248 -0.851536 0.208828 -0.746934 -0.243281 -1.103438 -0.147080 0.699294 -0.013893 -0.595200 0.524620 0.915296 2.408815 1.359040 0.248524 0.248182 0.117517 -0.656116 2.232939 -0.945633 0.809272 -0.238583 0.612611 -0.369350 0.824397 0.579096 1.331522 0.008462 -0.719971 0.864198 0.653516 1.119221 0.066474 0.172066 -1.633726 -0.121614 0.334454 0.379182 0.849625 0.502283 -1.810299 0.796062 -1.205147 -0.091312 -0.845601 -1.617017 -1.288259 -1.152553 -1.910137 0.391820 -1.549948 -0.159052 -0.933770 0.683102 1.410680 0.492569 -0.519978 -0.385269 0.306347 1.770585 -0.858375 0.200017 -1.308178 -1.834399 -0.917034 1.106354 1.704358 0.107059 2.204533 0.235609 -0.798157 0.722895 0.285933 1.860807 1.213713 -0.546501 0.083583 1.501530 -1.839130 0.339378 -1.464548 -0.854673 0.885874 0.114764 -0.242172 -1.711585 -0.082993 1.644187 -1.408954 -0.165409 -0.445833 -2.462864 -0.117812 -0.301839 0.392558 -0.607406 -0.396395 0.640290 1.692725 0.577266 0.042497 0.859367 -0.007784 -1.096822 -0.774613 0.192987 -0.063571 0.893886 0.157255 1.719855 0.471588 -0.057324 0.692013 -0.725749 -0.110754 -1.631474 -0.195837 -0.366836 -2.574777 -1.108886 1.350395 0.028114 0.995878 -0.549629 1.152179 -0.596525 -0.470040 -1.382083 0.456609 0.695689 -0.860682 -1.255209 0.490680
1.430900 1.826283 1.031849 0.611927 0.139151 -1.951066 0.013030 1.830860 0.952652 1.245062 -1.654557 -1.475414 -0.795442 -0.812729 0.235791 1.660772 0.072349 0.775689 -1.548926 0.404389 0.635470 0.607538 1.465254 0.651918 0.030016 -0.868363 -0.774356 2.285806 0.727965 0.477046 0.792632 0.303200 0.795604 0.043472 -0.600930 1.595728 1.158893 0.407357 1.182887 -0.937076 -0.769494 0.878926 -0.370350 -1.965867 0.830487 -0.764883 -0.357590 -1.400972 -0.103372 -1.225214 2.232900 0.521903 0.169253 -0.046275 -0.758939 0.991757 0.380912 1.594949 0.136012 0.913375 0.307082 0.038481 -0.826392 -1.380370 -1.264995 -0.322498 -0.647725 0.602830 -0.640696 1.457001 -0.599792 -0.735646 -0.104120 0.422824 0.127877 -0.238329 0.907309 0.854809 0.231686 -1.596653 -0.782918 -1.460436 0.833405 -0.139771 -1.117714 -2.009760 1.024035 -0.798042 -0.195239 0.965301 0.101287 -1.124145 0.983117 -0.045908 0.817000 1.072319 1.445484 -1.045161 -2.200601 -1.303265 1.168247 1.499932 1.150166 0.512222 0.286400 0.724224 0.999884 -0.500309 -2.182521 0.102043 -0.725248 -0.262595 -0.305032 -0.979399 -1.282342 1.236626 -1.411769 -0.469594 -0.807470 1.094950 0.936769 0.842999 -1.741779 -1.734295 1.186737 -0.023979 -0.913932 0.102459 -1.086290 0.148682 -0.322767 0.615076 1.067816 -0.096204 -0.018384 0.528979 0.368095 -0.000837 0.381690 0.305741 1.275185 0.817433 0.510741 0.250931 -1.248424 0.431526 -0.507709 -1.231364 0.925122 -0.286109 0.021127 -0.250228 -0.882318 1.561435 0.736817 -2.236885 1.597390 1.312713 -0.863833 -0.576161 -1.620036 -0.161750 -1.770904 0.638585 -0.085608 0.306766 -0.659069 -0.763479 1.508758 -0.880636 -0.272712 1.303014 0.803075 -1.031242 2.264825 0.567389 -1.803470 0.080575 -0.767081 -1.463225 -0.543914 1.433919 -0.651708 -1.091197 0.121245 0.032345 1.088735 -1.387144 -0.073714 -0.345185 1.930741 0.017215 2.245086 -0.346551 1.691403 1.178824 -0.727660 0.328374 0.213258 -2.956438 1.555671 0.578561 0.695293 0.280129 0.059185 0.487640 0.375177 -1.038399 -1.350280 0.320605 1.250337 0.399496 -0.540882 -0.304495 -0.506844 0.095819 1.705922 0.186268 1.720943 -0.186201 -0.022794 -0.421199 0.435711 -1.053886 0.092920 -1.347963 -0.484983 0.525354 -2.138526 -0.780555 0.410025 0.639007 -0.050989 -1.230861 0.464513 -1.020171 0.649870 -0.538560 -1.200966 0.833624 -0.396223 0.347952 0.907931 -0.438151
-0.137685 -0.458278 -0.812100 0.878210 -0.495744 -0.519363 -0.418872 -0.377893 -0.604694 -1.227443 1.070364 -0.213039 0.440376 -1.507838 -0.415608 -1.454835 -0.345778 1.416432 0.758335 -0.974655 0.634076 -0.174156 -1.029784 -0.898975 -1.506277 0.176783 -1.134973 0.454245 -0.628062 -2.412287 1.083600 0.002651 0.946031 0.473109 -0.027338 -0.526216 1.222989 1.326014 0.934513 -0.365489 -1.213153 -0.887237 -0.882813 -0.379553 1.066537 0.060602 0.668291 0.150347 -0.995571 -1.186866 -0.317244 0.455001 -0.197739 0.813601 0.662967 -0.429279 1.996239 -1.081910 0.749473 0.666782 0.815063 1.408253 -0.218106 0.131604 0.455497 -1.100798 -0.589783 0.315714 0.333408 0.401689 1.256499 0.039093 1.065954 -0.496106 0.366137 -0.663622 0.304945 0.193793 -0.450386 -0.670912 -0.236648 -0.928255 -0.824570 0.112455 0.302487 -0.150127 0.205212 0.164262 0.217324 0.510828 0.677874 -0.298420 0.138670 0.468996 0.059764 -0.740464 0.061452 1.153618 1.751496 1.425939 -0.661937 0.428816 -1.200542 0.977201 1.037330 -3.001459 0.728945 -2.063298 1.915294 -1.234197 1.773060 0.157652 -1.034990 0.082941 1.211872 -0.963113 0.067976 0.662168 0.529015 1.376574 0.467422 -1.217838 -0.311159 -1.199094 -0.739748 0.047849 -0.281677 0.563499 0.993369 -0.106008 -1.257962 -0.361608 1.338712 1.380312 1.456224 0.753652 -0.133596 0.836673 2.698918 0.278935 1.662168 -1.591890 -0.797759 0.317057 0.492446 -1.701181 -2.018159 1.766940 -0.762832 0.224360 -0.276868 -1.205487 1.288599 -0.489124 -0.212444 -1.851275 -0.470160 2.319756 0.109770 1.289192 0.517959 -0.460859 -0.049540 0.684041 -0.379554 1.607640 0.466710 1.580044 0.871083 1.634405 0.114932 -0.379232 -1.061203 -1.906116 1.965458 -0.662786 0.847404 -1.041677 -1.452279 0.589404 -0.028463 -0.258480 -1.809851 1.091675 1.995370 -1.481547 0.374775 -0.772219 -1.696434 -1.845890 -1.039764 0.338462 -0.076098 -0.836020 -0.296937 0.297984 -0.492255 0.633961 1.074187 0.910366 -0.661880 1.157428 1.504842 0.280861 -1.452631 -0.955064 -0.422753 -0.786938 1.125811 -2.416468 0.261397 -0.981615 0.672900 -0.904451 -0.178777 1.035245 -0.197157 1.787818 -0.724718 0.202643 -0.677445 1.429132 -0.578138 -0.752702 0.409641 1.028984 -0.056532 -1.872999 0.176255 -0.893015 0.716771 -0.223637 -1.981193 -1.059185 0.141027 -0.339625 -0.472888 0.253966 0.893393 -0.370137 1.305901 -0.594506 -0.914739 -0.342189
0.319618 -0.572380 -0.685552 -0.043324 -1.656283 -0.461041 1.670509 0.270978 1.847890 0.111162 -0.400014 -1.879109 -1.402057 -0.148542 -0.914053 -0.490947 -0.858152 1.426462 0.025877 0.182976 0.468135 2.023047 1.604955 0.823572 -0.499644 -0.179574 -0.313064 -0.452498 -0.216271 0.727971 1.461969 -0.842029 -1.868052 -1.112152 0.278702 0.293009 2.033582 0.097422 2.178642 -0.003274 0.166810 2.727407 1.033059 1.392454 -0.393057 -0.646248 -0.688165 1.450307 0.602368 0.084928 0.626993 -0.234569 -1.173542 -0.534441 0.304365 0.135874 -0.353896 -1.167777 0.564490 0.389895 -1.934804 -0.716367 0.025096 -0.901452 0.790108 0.119912 -0.260839 1.376301 -0.019290 1.014548 -2.096491 -0.088076 0.193490 -0.740576 0.955504 0.268269 0.494779 2.217859 -0.559373 -1.040259 0.480409 -1.220341 -1.165683 0.761556 0.185694 0.757571 0.650828 -1.415369 -0.576287 -0.821164 -1.005747 -0.718870 1.655341 0.008282 -0.190527 1.083092 0.009291 -1.452912 0.388689 0.789643 0.493784 -0.611212 -1.761789 -0.838773 -1.275963 -0.367556 -0.289681 -2.877291 -0.546469 0.412747 -0.022923 -0.995635 -1.718982 -1.359735 -0.267143 0.402996 0.147665 -0.539820 0.050051 0.205861 -0.596784 -1.316526 -1.070428 -0.569657 -0.059436 0.127587 -1.096012 1.961046 -0.641114 -0.127639 0.593318 -0.068184 0.661840 2.969841 0.674935 0.830290 1.062433 -1.774288 0.696639 -0.699273 0.974163 1.253301 -0.016770 0.880497 0.028915 -0.560581 -0.938620 -0.556316 2.163776 -1.810767 -1.420720 0.133854 -0.911802 -1.292916 -1.668193 -1.679118 1.425721 1.174700 -0.359535 0.150606 -0.594689 -0.064502 0.812244 -0.218465 -0.473448 0.084881 0.461149 -0.251396 -0.020392 -0.765411 -1.112242 2.737950 0.531866 -0.407901 0.290586 -0.630279 -0.712148 2.039868 -1.610822 0.425240 0.111753 -1.164771 -0.720834 -0.275923 -1.945865 -0.498033 -0.597939 -0.099734 0.667095 0.400222 0.644296 -0.243450 -2.576385 0.036054 -2.253372 -0.498315 -0.168741 -0.396355 0.899404 0.230459 1.290192 0.026163 -0.494852 -0.645849 -0.317151 -1.483350 -2.488965 -0.259786 0.267862 -0.535431 0.864191 0.742046 0.169451 -0.316786 -1.458399 -0.537560 -0.014778 -0.221603 -0.246822 -0.936258 0.543424 -0.307244 -0.315415 1.072819 -0.509357 -0.831920 1.054498 0.331592 -0.046129 0.971425 -0.772487 -0.611695 -0.863713 0.318744 -0.061708 0.800512 1.788686 -0.751935 0.328115 1.006523 -0.523388 0.640442 1.407504 1.051513
-1.504506 -0.312950 -1.633782 0.597630 1.540237 0.421485 1.038194 -0.910170 0.486137 0.818475 0.013487 0.100956 1.405147 0.979446 -0.022031 -0.318949 -1.565718 0.550597 -0.396180 -1.043190 -0.033163 -0.489656 0.534962 -1.490591 0.597579 0.162547 0.501344 0.842277 0.867272 -1.125574 1.081215 0.053020 0.244023 -0.642344 0.721120 -0.501636 -1.210190 -0.793361 -0.333534 -2.047231 1.898757 -0.132512 -1.564953 -0.404929 -0.066563 -1.665550 0.338360 0.159958 -1.999063 1.294300 -2.008574 -1.189410 -0.610444 0.496869 -1.155789 0.028796 0.359691 0.003696 -1.580891 -0.642487 1.070029 0.163983 -0.010094 1.578931 -0.704451 -0.926922 1.004716 0.255719 -0.561074 1.775972 -1.359320 0.884649 -1.265283 -1.181399 -0.481774 -0.159944 0.193484 -1.199805 -0.374344 -0.554305 0.229132 -0.662030 -0.241336 -0.320202 -0.186177 -1.365832 0.496297 -1.427831 0.029067 2.137804 -0.198436 -0.382054 0.084152 1.596283 -0.369361 2.194634 -1.447372 -1.913287 1.020803 1.144116 0.427153 0.144785 0.700152 0.293932 -0.240212 0.570516 0.324902 -0.572839 0.753088 2.917127 0.164104 1.987945 -0.088648 0.000162 0.082078 -1.118841 0.371326 -0.870473 1.050492 0.665702 0.610656 -0.047756 0.425916 1.064843 -0.964536 0.251784 -0.640726 0.746012 0.375009 0.227327 1.659971 0.369222 -0.253053 0.433859 1.128132 -1.655032 -0.778448 2.170574 -0.363713 -2.048039 0.829588 -0.235264 0.258467 0.419723 -0.623106 -1.433851 -1.433023 0.246834 -0.013729 -0.251524 0.922796 0.640355 -0.501824 -2.243620 1.679002 1.092211 -0.840118 -0.349585 -0.782015 0.142723 1.435611 -0.035075 1.484168 0.311864 -0.227191 -0.894013 0.858487 0.926758 0.699894 -1.467202 1.042182 -0.152999 -1.265373 -1.545438 -0.945065 1.145005 0.968897 0.643271 -1.440643 -1.385758 -0.252975 -1.876225 -0.110785 0.644657 -2.367802 -0.279780 -0.667373 -0.095339 -0.403675 -0.868864 1.385866 0.944853 1.619561 -0.434921 -0.849948 0.995386 0.767402 -0.481061 -0.846439 -1.129127 0.183141 1.378100 0.845807 -1.580686 0.379089 0.037464 -1.614443 -1.398129 2.172944 -0.181441 0.093622 -0.143300 -1.207822 1.243670 -0.459730 0.289177 0.240724 0.072968 -0.156565 1.530253 -1.539834 -1.593066 -0.968471 -0.385413 1.181396 -0.335950 0.377055 2.364955 0.221631 0.138816 -1.108378 -1.952589 -0.023840 0.150229 -0.429395 0.284717 1.455202 0.906064 0.495066 -1.014270 -1.767050 -1.768616 0.310073 0.045653
-1.350378 0.538827 -0.100152 0.400114 0.450861 -1.199301 0.210547 -0.601714 -0.062104 -0.510290 -1.248077 -0.336221 -0.176085 0.637674 -0.389260 -2.036499 -1.416676 -1.426247 -0.487508 0.785955 -1.074181 0.480455 0.885445 1.085606 1.081333 0.213298 -0.204596 0.626470 -0.114288 0.291261 -1.316114 -1.211891 0.862868 0.515499 0.149046 2.266504 0.908048 1.171099 1.406976 -0.593804 1.142108 0.568366 0.728957 0.573499 0.173048 -0.661617 -0.255644 0.775499 1.650056 -0.962677 0.911541 0.319929 -0.366789 -0.485921 0.432584 -0.584122 0.234823 0.230486 0.078273 2.131210 -1.746496 -1.515993 1.741433 -0.721155 1.576790 1.184061 -0.383705 1.154791 -1.611260 -0.002392 1.187124 -0.594813 -0.677312 1.522472 0.238681 -1.102341 -0.033372 1.645924 1.249403 0.805682 -0.380841 -1.339980 1.219261 0.528760 -0.239656 -1.119079 -1.000689 -0.256427 0.027340 -0.366257 -0.525079 0.309067 0.244060 -1.114801 0.711145 -0.082221 -0.423079 -0.368910 1.275635 0.693823 0.009531 -1.938472 -0.096967 0.952662 0.596417 0.007725 -0.516070 -1.087038 0.337341 0.308656 -0.974956 -1.339548 0.388935 0.070278 -1.049159 -0.531904 1.875494 -0.806794 -1.661977 0.040208 0.430911 0.170941 -1.722734 0.074172 0.421543 -0.130421 0.558126 0.421127 -1.175123 -0.544031 -1.661571 0.745193 0.684482 -2.930329 -0.291890 -1.067931 -0.493933 0.954085 1.008068 0.089441 0.415691 0.022505 -0.825573 -1.339711 0.040198 -0.905734 -0.890768 0.041028 0.256487 0.323371 1.671887 0.119675 1.158561 -0.948563 0.782107 -0.385331 0.491385 -0.298554 -0.886292 1.892956 -1.627083 1.381658 1.162234 -1.008993 -2.439698 1.506453 -0.813405 0.686223 0.827792 -2.134783 -1.287234 0.545801 -0.521409 0.778244 0.800580 0.048097 1.541349 -0.019100 -0.521400 -0.625570 1.014475 0.509799 -1.111437 -1.381496 -0.508963 -0.830320 -2.085003 1.448673 -0.056800 -0.979592 0.407604 -0.952432 -0.216882 -1.505072 1.201292 0.012718 2.548965 0.998335 0.078269 2.020520 -0.225523 -0.735688 -0.501532 -0.288195 0.315741 -0.122141 0.025321 0.208642 1.022556 -0.890379 1.560682 -0.604019 -0.794809 0.970872 -1.273042 -1.060201 0.745264 -0.379216 -0.085429 0.481270 0.035369 -0.371464 0.009822 -1.059222 2.447845 -1.237419 -0.427535 0.236825 -0.861523 -0.121968 -0.300445 -0.257502 -0.733358 -0.000753 0.646977 0.265501 0.979828 -1.388392 1.424950 0.095826 0.902716 0.357827 -1.048025 1.367985
0.499874 0.719843 -0.019623 0.937867 -0.231536 0.176758 0.557258 -0.745726 1.779956 1.238835 0.246630 -0.086383 -0.619229 0.648096 0.768398 -2.031239 -0.541499 -0.396219 0.463622 -0.668550 1.853270 0.637552 -0.900267 -1.568051 -0.584361 -1.075751 -0.624749 0.869420 0.732125 -0.927521 0.592575 0.280257 0.068168 -2.415450 0.613589 -0.417653 0.264403 -0.366773 0.283498 -0.769511 0.536005 0.677431 -1.673372 0.364302 0.460755 1.736777 2.097850 -0.024482 1.100856 -0.336992 0.110695 -1.366188 0.073992 -1.527068 0.582314 1.455475 -1.284042 0.524879 1.602816 0.615193 -1.140210 0.231076 -1.106827 0.260757 -0.307746 -0.778576 -0.232713 -0.504335 2.083319 -0.679523 -1.625065 1.032487 -0.600884 0.274330 -0.419646 0.397921 0.455321 -0.882215 1.346727 0.757433 2.286017 0.281401 -1.231273 -0.477595 -0.482396 0.326476 0.531516 -0.409546 2.359065 -0.014692 -0.082739 0.694798 0.334785 -0.531437 0.106274 0.926989 0.198688 2.007560 -1.301687 -0.048369 1.267641 1.642283 -1.641510 -0.465083 -0.723892 -0.584826 0.584174 0.554056 -0.393149 0.835315 -0.460320 -1.380784 0.656193 0.752133 1.933514 0.399951 0.460657 -1.033426 -0.063911 -0.057657 0.693709 0.342031 -0.957166 0.199525 -2.529483 0.422615 -0.113588 2.084794 1.094010 -1.466182 -0.671235 -1.220480 0.414030 -1.184079 -0.359671 -1.023073 -0.417662 0.900208 -0.941115 -0.354329 -1.285889 1.191871 0.715229 1.759990 -1.516733 -0.441106 -0.565971 -0.247851 0.346182 1.068615 0.895082 1.020157 1.055993 -0.488281 -0.232376 1.423993 -1.028793 0.343541 0.273567 -1.141154 0.437881 -0.135715 1.733499 0.548649 -0.005745 0.566320 0.919135 1.471241 0.420132 -1.602742 -0.402655 -1.662144 -0.638959 0.020641 0.595690 -0.565907 0.325483 0.791484 -0.566220 0.731324 1.378338 0.438462 -0.959096 1.275922 0.055220 -2.845211 0.258804 0.003543 0.179147 -0.665631 -0.311870 -0.238227 -0.993659 1.360132 0.272566 2.010548 -1.124718 -1.203608 0.388886 1.542301 1.233989 -0.815526 -0.879255 0.283744 0.234959 -0.302378 -0.244450 0.145290 -0.409495 -1.254590 -0.342771 1.528099 -0.973908 1.331595 0.023453 0.096949 1.205820 -1.791755 0.260213 0.685572 1.807610 -0.215586 0.575366 -0.831025 -1.580798 -0.399078 -1.098082 -0.331739 1.116042 -0.086848 0.308094 -0.669013 0.889843 1.553150 0.653308 0.364421 -0.996962 -0.936447 -1.040408 0.587796 -1.266956 -1.107423 -1.083333 0.382289
1.297694 -1.343343 0.273534 -0.271117 0.338444 0.533644 0.699517 -1.827714 0.652100 -0.063141 0.063879 -0.300780 1.264527 -0.177655 -1.286050 -1.124964 -0.805784 0.269229 0.262819 1.198106 -0.506409 0.773951 -0.568080 0.822689 0.436238 -0.883573 -0.542759 -0.675632 -0.638381 0.079868 1.284132 -2.324891 -0.473730 -0.588842 0.479192 0.858701 -0.208854 -0.220369 -0.844534 0.282022 1.200952 0.051575 -0.358214 0.074348 -0.984512 -0.030337 -0.896740 1.304214 -0.300484 0.426557 1.988902 -1.535652 0.210214 -1.486556 -0.953745 -1.433615 0.134941 0.118348 0.962938 2.466625 -0.318947 -0.547051 -1.308362 -0.551674 -0.578481 0.814925 -0.443536 0.594524 -1.662397 -1.172431 -0.329169 -0.731581 0.925957 2.513479 -0.943718 -0.399573 0.700164 0.594961 1.265111 -0.308595 -1.667289 0.323123 1.019632 -2.247693 1.471441 0.014306 1.932867 0.114499 -0.548080 0.609250 0.252320 -1.539753 -2.396378 -0.628970 -0.010826 -0.107655 -0.193940 -2.125291 -0.875323 -0.586601 -0.196845 0.381728 1.093851 -0.654784 1.182502 0.496898 0.802700 -0.766876 0.151616 1.273017 -1.211214 1.179759 -1.249231 -1.554526 0.062054 -0.519623 -0.096072 0.661551 -1.332345 -0.137057 0.846496 -1.634863 1.896826 -0.195488 -0.331166 0.254629 -0.885789 -0.728809 -0.412955 0.198634 -0.297343 -0.984568 0.692427 -0.964600 0.336297 -1.588374 1.490258 -0.265521 -0.333265 0.137450 -1.568432 -0.383786 -2.042544 0.464177 0.611808 1.272042 -0.860572 -0.824124 0.884581 -0.518553 0.705422 2.384672 0.234008 1.248562 -1.194186 -0.291908 -0.068497 -0.251020 -0.127879 -0.264446 0.085215 -1.060003 0.978020 0.630839 -0.216381 0.300912 0.491757 -0.460998 -0.598178 -1.069141 0.903373 -1.752780 1.862827 0.434541 0.111033 -2.159468 1.408095 1.523635 -0.611985 1.051000 -1.214560 -0.368247 -0.356091 -0.548716 -0.322211 0.151721 -1.414615 0.741861 -0.024864 0.309615 1.611967 -0.355324 0.037904 1.453350 0.328029 -0.425853 -0.533801 -0.117026 0.717627 0.089270 -0.492166 1.311114 -1.945021 0.766342 1.941668 0.783398 0.609193 0.426459 0.578520 -0.623668 -2.187833 2.587374 -1.153846 0.211474 0.392347 0.857394 0.959083 0.142321 -0.171687 -2.195366 2.159169 -0.628390 0.022201 1.029142 1.045457 -0.070553 -0.634338 0.488583 -0.970091 0.615064 -0.602827 -1.237252 -0.334210 1.850518 -0.506957 -0.632782 0.126122 -0.397209 -1.315555 -0.229669 0.541593 -1.379229 -0.062045 -0.026915
2.978794 1.175430 2.420018 -0.008340 0.120101 -0.614235 0.812363 1.175891 -0.944407 2.625399 -1.079991 0.456771 -0.964467 0.651031 0.032435 0.695623 0.680730 -0.518803 1.262944 0.266993 -0.087254 1.200724 -1.742602 0.093953 -0.126932 -1.499014 1.203539 0.074159 0.375543 1.423623 0.872785 -0.137426 1.536758 -0.915566 -0.231874 0.176495 0.815219 0.914331 0.263884 0.824914 1.307319 0.783387 0.332114 -0.038806 -0.931657 0.842314 -1.833708 0.551566 -0.672457 -0.179578 0.068884 1.288953 0.130478 -0.610194 -1.247290 -1.640618 0.031688 -1.531052 1.532475 -1.516390 -0.847000 0.038853 1.468619 -0.861118 1.628475 -0.924107 -0.813489 0.245397 -0.843934 0.620973 0.528718 -0.096852 -0.892165 -0.623447 0.481115 0.968008 -0.583681 -1.990612 0.599181 0.887226 -1.373965 -0.268753 0.168039 -0.385263 0.269768 -0.723352 -1.122981 2.060869 -1.326286 -0.741974 0.153891 -0.691534 -0.513222 0.543761 0.170312 0.315966 1.573947 -0.106964 1.567517 -0.917738 -1.414378 -0.191516 -0.787959 1.760050 -0.030387 -0.821996 -0.112374 0.866215 -1.042849 0.320743 0.611147 0.371876 1.059948 0.010992 -0.248200 -1.419354 0.606816 0.391375 1.169836 -0.664636 -1.478049 -0.553997 0.312820 -1.501590 0.306028 -2.480420 0.082916 0.788777 -1.026799 -1.300948 0.920814 -0.754665 -1.172925 -0.981777 0.670218 -0.058873 0.784259 0.844209 -0.605832 -0.080931 0.393247 0.941124 -0.360852 0.215615 0.868568 0.680634 0.640713 1.076870 0.962704 2.125909 0.525833 2.071527 0.974830 -0.531693 -0.571084 -0.466401 0.260195 -2.249721 1.753157 -1.498933 -1.389919 0.395004 0.561380 -0.923150 1.193826 -1.018224 0.033765 -0.736267 -1.046116 0.193662 -0.427676 -0.110930 -1.282826 0.974193 0.736103 -0.227523 -0.532126 0.325167 0.485856 -1.359869 -0.256787 -1.682544 -0.208125 -2.285752 0.006089 0.163739 -1.835977 -1.806464 -1.254409 -0.186783 0.677452 1.124800 1.786254 -0.963296 1.443612 -0.354476 0.588074 0.586031 -1.167262 -0.535860 -1.175375 0.298539 -0.157339 -0.741402 -1.096951 -0.442086 0.469037 0.106849 -1.151583 0.844893 -0.517491 -1.549248 0.456588 1.049448 1.340375 -0.360463 -0.421484 1.647741 -0.829657 2.182020 -0.564516 0.616261 -0.368149 0.726343 0.536927 -0.158077 -0.448239 -0.877475 1.112337 -1.607200 -2.574607 -1.043949 -0.007373 0.467719 -0.792077 0.123065 3.187203 -0.760181 -0.412065 0.226065 -1.257140 -0.141715 -0.164531 -0.746606
1.589650 -0.411028 -0.035332 -0.101408 0.887831 -0.452190 -0.569810 -0.080161 0.173907 0.401991 0.836425 -0.124171 -1.985016 0.370705 1.096507 1.354722 -0.386055 0.749697 -0.314531 0.466602 -0.944532 -0.594290 -1.359916 -0.417876 0.306522 2.589803 0.132205 0.401097 1.216744 -1.815440 0.415539 0.181276 0.284644 -1.088340 -0.181720 0.635896 0.015781 0.855036 -0.478971 1.138866 -0.048202 -0.616567 1.105682 0.878393 0.930472 -1.468510 0.171918 -1.484734 -0.055995 0.175625 -0.499157 -2.000948 -0.619899 -1.324517 -0.956348 -0.134782 -1.001110 -1.501526 1.794815 0.345323 -0.253964 -1.172660 0.752879 0.426631 -0.747796 -1.000458 -0.190782 -0.266639 -0.462716 -0.648208 1.506489 -1.181993 -0.509539 1.538606 -0.027784 0.036550 0.273212 0.973023 0.817000 -0.547480 0.177381 -0.772005 1.344588 1.323230 -0.274953 1.483062 -0.406917 0.806195 0.009034 -0.297437 -0.204243 0.978136 -0.243466 -0.402120 -1.167061 0.262129 -1.540221 -0.781069 -1.149279 -1.404111 -0.354509 0.945759 -0.274392 0.235505 -0.003118 -0.642281 -0.104622 0.821683 1.597580 -0.079347 0.925375 1.082513 -0.436136 0.952975 -0.379288 -1.205447 1.367978 -0.253290 -2.114518 -2.025518 -0.138166 -0.726307 -0.373416 0.269356 0.756092 -1.393096 0.732031 0.704551 0.819910 -0.793256 0.471646 -0.877507 -1.302880 -0.773464 -0.748244 -0.974595 -1.280282 -1.356337 -1.810364 1.124734 -0.746801 -0.403319 0.231216 0.813456 -0.154102 0.714361 -0.876556 0.549992 -0.349800 1.332695 -0.220400 -0.417643 1.697226 -0.858415 0.378324 1.632001 -0.786106 0.337882 1.038661 0.577835 2.285107 0.395785 0.235119 1.216840 0.951307 0.577258 -2.134539 0.011323 0.628852 -0.319578 1.716160 2.095907 -2.199700 -1.364122 1.562356 -0.079244 -0.793949 -0.190245 -0.772460 0.389262 -0.332969 0.017663 0.728617 -0.639363 1.639764 0.520663 0.623247 -1.929786 2.357998 -1.511108 0.134113 1.435214 1.836876 -0.756950 -0.278161 2.583873 -2.041875 -1.302994 0.125374 -2.195089 0.783572 0.621436 -0.972623 -0.473948 0.716335 0.471131 -0.595385 -0.524540 -0.167004 -0.038051 0.304000 2.110380 0.549534 -1.077547 0.576076 -1.712546 -1.089006 0.737450 -1.208820 0.348878 -0.466718 -0.106796 -0.453903 1.104269 -0.336170 0.101538 -0.555844 -2.131712 -0.836813 -1.554699 2.106403 -0.473254 0.252303 0.085287 -0.761670 0.744859 -1.261070 0.397450 -0.754806 -0.214317 0.491908 1.216378 -2.323230 -0.244572
-0.945919 -0.764421 -0.205952 0.381022 -1.446109 0.151683 1.061609 -3.047139 0.509425 1.091941 0.288884 -0.438989 -1.336806 0.479267 -0.847434 -1.445740 0.748024 -0.313776 -1.109987 -0.824355 0.272877 0.083637 -0.236461 -0.455742 0.035869 -0.612158 1.631484 -1.327727 0.856845 0.571835 -1.169548 -0.917612 -1.886445 -0.564589 0.320699 -0.004512 -1.378385 -1.591706 0.769036 -2.884424 0.945780 -0.190289 -0.175887 -0.639710 -0.809963 -1.287970 -0.380454 0.545242 1.459301 0.905335 -1.542998 -0.883377 1.242814 0.201030 2.011915 0.307350 0.652306 1.009995 -0.552310 2.303359 -0.077470 1.046205 0.032602 0.192565 -0.343268 -0.281788 1.157389 0.113211 1.463542 -0.733757 0.403185 -1.046102 -0.809141 -0.336895 -0.567035 0.108607 2.035848 0.581175 0.067488 -0.258425 0.537886 -1.044509 0.821104 -0.450695 -0.227142 -0.857862 -0.619651 1.334774 0.639425 -1.212542 0.507873 0.565303 0.381226 -1.794459 1.017895 -0.292302 -0.906736 -1.334029 0.228068 -0.370803 -0.333134 0.683295 -0.577487 0.766169 -0.633078 0.480803 0.986685 1.975430 0.764508 0.895869 0.403070 0.072771 -0.097392 0.682495 -0.207553 0.623971 -0.239131 -0.640060 0.000727 -0.239719 -0.917461 1.114825 -0.698879 -0.534144 1.567097 -0.929308 -1.933381 -0.384566 -0.483606 -0.767177 2.064591 -0.363797 0.045089 -0.518470 0.470084 -0.691236 1.243151 -0.469264 0.525496 0.770399 0.914346 0.377041 -0.627795 -0.184651 -0.391758 -0.461170 0.932439 0.593488 0.803631 -1.412327 -1.596611 1.422181 0.291419 -1.234855 1.459547 2.179052 -0.670725 -0.339294 -0.235003 -0.873888 1.027151 1.521085 1.132672 -1.082328 -0.046910 -0.323723 0.771920 -0.403130 1.400352 0.392951 -0.512224 -0.972977 -2.173577 0.335171 -0.131732 0.219223 0.679075 0.714235 -0.324226 -0.384589 0.091166 0.459497 0.456055 -0.561425 -0.090753 0.071451 1.276122 1.090408 -0.655417 0.596167 0.367659 0.081471 0.136250 -2.541330 0.543422 0.148834 -0.137428 0.515812 -0.854191 -0.716297 -0.269668 0.214636 -1.370567 1.482854 2.867170 0.694256 0.013876 1.563489 -2.295066 -0.103891 -0.133901 -0.717910 0.182754 2.068835 1.600468 0.418670 1.604570 -0.395426 -3.450772 -1.167336 1.241863 1.104660 -0.006858 2.692793 0.690747 0.517834 0.986907 0.601823 0.818258 0.334112 0.375281 -0.984285 -0.310159 -0.225819 -1.587962 -0.984180 -0.503462 1.324448 1.037139 -0.797320 -0.128699 1.258030 -1.536578 -0.067670
0.561776 -1.195970 0.505589 -1.712404 0.782663 0.523932 -1.714013 0.150604 -1.806003 0.556261 -0.022213 -0.370258 0.343538 -0.663239 0.796312 0.428166 -0.537474 0.485899 0.003400 -1.321555 -0.547017 0.987662 1.128143 -0.543555 -1.095584 -0.886483 -1.599747 0.693562 -1.058630 -1.131566 1.152350 -1.253927 -0.478816 -1.339991 -1.614886 0.023958 -0.165061 0.150096 -0.420308 0.968186 0.321792 0.717247 1.581055 -0.564490 -0.101333 -0.961923 -0.028962 -0.489862 -0.157654 0.129160 0.114916 -0.605189 -0.015563 0.322129 1.170425 1.076893 -0.555160 -0.349388 -1.619725 -0.413983 0.987400 -1.326152 -0.540313 0.331600 -0.123201 -0.469650 0.618404 0.610714 0.699077 -1.165763 1.020618 -0.354852 -0.455967 0.083237 0.034803 0.574349 -1.396612 0.132896 0.633475 0.308999 1.420541 -0.263359 1.569891 -0.415632 -0.726948 -1.388324 1.283139 0.144052 -0.634018 0.266397 -0.901108 0.369037 0.162282 -0.624234 0.232546 -0.135947 0.821326 0.521181 -0.317135 -1.101590 0.443004 1.047121 -0.547276 -0.549016 -1.633572 -0.803244 0.818211 -0.045102 -0.160537 -1.680425 -0.139243 -0.424943 -0.401700 -1.320706 -1.053576 -0.100498 0.894251 -0.081954 -0.459192 -2.055422 0.548736 -0.952414 -0.071709 -0.599809 0.742044 -0.442726 0.062896 0.784085 1.596342 1.233142 0.342939 0.733937 0.212672 0.803770 0.771984 1.218584 -0.124473 1.344988 -0.271818 2.495653 0.771845 -0.495361 0.386322 0.520318 -0.215574 1.527748 0.540757 -0.065581 0.836761 1.883963 -0.869671 0.522709 -0.674974 1.155005 2.472863 -1.278754 -0.237147 1.324270 -2.035550 0.958981 0.389216 0.037378 -0.158616 -0.942915 -0.423220 -0.634548 0.817431 0.950595 0.475968 0.044353 -1.001993 -0.370643 0.575704 1.343908 -0.315784 0.760090 -0.029290 2.212196 -0.025351 0.400912 0.677963 -0.129926 1.131869 0.872691 0.311806 0.955077 -1.762619 -0.821466 0.539914 0.709346 -0.982438 -0.443592 -1.288354 1.048827 -0.971307 0.120449 0.683403 0.108975 0.589753 0.413565 1.161914 0.169872 0.976931 -1.742591 0.696300 -0.535717 0.172174 0.265986 -1.270962 -1.732712 -1.988163 1.303126 -0.488527 0.377263 1.314241 0.191642 -0.322197 0.664756 0.553032 0.686543 0.082811 -1.057926 1.126864 0.623476 -0.196600 2.403535 0.055878 0.460332 0.030247 -0.279359 -0.290823 -0.491733 -0.060911 -0.661513 0.664887 0.362341 1.067950 -0.349403 0.800313 0.192229 0.796356 0.698911 -1.706992 -1.009657
-0.487263 0.421763 -0.802783 -0.840346 0.516962 0.462687 -0.639987 0.734233 0.972460 -1.015256 0.301112 -0.111480 -0.186837 0.817149 -2.186754 0.728293 -0.260697 -0.727890 -0.596535 -0.053780 0.693316 -1.169074 -1.346179 -0.860752 1.427549 0.088211 -0.184014 0.843296 1.043448 0.337523 0.903812 0.592242 0.089798 1.298486 -0.242330 0.416596 1.216499 -0.212088 -0.533798 -1.106438 0.510417 -1.428707 -1.147153 -0.041828 -2.532602 0.633364 -0.058439 0.109263 0.337056 2.577176 1.736825 0.496504 0.862077 -1.252956 -0.078639 2.022654 0.769234 -0.213601 0.934118 0.179810 0.156604 0.154368 0.497650 -0.018374 0.522116 0.095850 -0.925824 -1.193733 0.782991 -0.221476 -0.987897 1.584673 0.837900 0.006485 -0.422549 0.209299 -0.421649 -0.466127 -0.283512 -1.121039 0.638471 0.970783 -1.637341 -0.385600 1.190823 -0.109411 1.352169 1.993566 1.520855 -1.134493 1.722877 -0.021082 0.919207 1.935257 -1.227050 1.901726 -0.208321 -0.619695 -0.866187 0.796973 0.346242 -0.345395 1.019992 0.024409 0.798971 -1.069991 2.310505 -0.774411 -0.535664 0.144322 -1.955718 -0.706507 -0.873124 -0.595281 0.148070 1.070288 -0.553084 -0.252130 1.062623 1.709013 -0.949297 -0.761464 -1.135150 1.637287 0.388632 -1.657846 -0.114100 0.410951 -1.848132 0.376705 0.107483 0.389605 -0.696260 -1.170112 0.767003 0.735736 0.056083 -0.248353 -1.144247 0.909926 -1.271496 0.680052 1.298077 -0.881776 -1.836259 0.397790 -0.926341 -1.214521 -0.413832 0.503004 -0.346711 -0.589201 1.750723 0.360392 0.026964 0.048723 0.019023 -0.278437 -0.497764 0.822560 -1.606186 0.065529 -1.824188 0.792482 1.447014 0.466009 0.439904 -0.495002 1.998238 1.297340 0.322421 -0.419614 -1.223359 0.169440 -0.508406 0.122304 -2.916898 0.368337 -1.465501 1.042033 1.332072 1.758123 0.245089 0.021438 -0.207103 -1.928854 -0.980803 -0.262730 -1.103524 1.517811 0.111609 -0.547554 2.597068 -2.135678 -1.782963 -0.374320 -0.334660 0.110324 0.824319 -0.042333 -0.007899 -1.649210 0.271304 -0.710302 1.678705 -0.611222 0.459290 -1.251254 0.951277 0.505041 -0.205786 -0.981996 0.749380 1.621608 -0.093668 -0.477322 0.059867 1.465627 -0.282689 -1.701543 1.943950 0.935938 -0.929905 -0.787982 0.616389 0.481949 -1.204721 0.019350 1.869072 -0.554890 -0.635724 -0.499213 1.195258 0.896476 1.188060 0.118260 1.273951 -0.284233 -0.976184 1.406015 0.757789 0.299079 -0.862485 -1.141321
0.415953 -0.327667 -0.086491 -0.597493 -0.662984 -0.912167 1.574191 -1.468315 -0.765373 0.410189 0.138176 0.206206 1.325297 -0.841342 -0.590640 -3.045079 0.097959 0.108724 0.650597 -1.331072 -0.773533 -0.732999 1.349804 -0.019379 -1.364484 0.640109 1.312308 0.176256 -0.464091 0.432847 0.430391 1.112823 0.201684 0.417557 0.516610 1.576204 -1.170367 0.499247 -0.231578 0.571850 -2.755875 -0.070435 -0.636681 -0.935420 -0.719494 -0.838250 -0.024915 -0.942318 -0.131275 0.007462 0.392851 -1.365980 1.943381 -0.414960 1.126793 0.313380 1.780494 -0.797285 1.101339 -2.498143 -0.376056 1.008144 0.319280 -0.226026 -1.054273 -0.174173 -0.559661 -1.111410 -0.422711 1.026788 0.557314 -0.120713 0.602115 0.700469 -1.390041 -1.297823 -0.383106 0.254759 -0.032523 -1.894545 1.303838 -1.815503 1.543103 1.352322 0.702604 0.299765 -0.101724 -1.031716 -0.913188 -0.689623 -0.945420 0.090934 1.180298 2.556598 2.247884 -0.210588 -0.150132 -0.919173 -0.680570 0.675188 0.211488 0.476266 0.162383 -0.350657 1.006430 0.001367 0.125271 1.217661 -1.266657 0.508926 -2.099805 0.179693 0.246873 0.423743 0.952383 -0.020550 -1.055997 -0.205925 -0.788105 -0.601045 0.121967 0.423412 -0.163846 1.472126 0.500603 -0.919902 -0.121522 0.249496 0.186763 -0.266188 0.205411 1.104116 -0.402131 1.361557 -0.044250 0.372612 0.320370 -1.513872 -0.611663 -1.085060 -0.413987 1.955666 -0.213397 -1.113335 -0.284934 0.590171 -0.332393 0.081813 -1.477626 -0.218256 -0.304536 -1.369888 -1.208428 1.237653 0.175498 0.600061 -0.988762 1.811310 0.735106 -0.634694 -1.015031 -0.396130 3.198374 -0.752582 1.988954 0.788704 0.598464 0.839602 -0.623751 0.382865 -1.884810 0.233242 0.852305 -0.280783 1.408053 0.794275 -0.046032 1.211504 2.083438 0.584437 0.030929 1.059968 -0.140037 1.436272 0.852575 -1.435482 -1.155039 -1.407750 -0.995554 0.429229 1.236211 -0.952377 -1.235779 -2.522861 0.520874 0.754448 -0.860634 -1.204130 0.286547 -1.817579 0.211980 0.818106 0.528256 -0.315674 1.353361 1.228468 -1.769760 -0.310179 0.258667 0.749069 0.335686 -0.304479 -1.692530 -1.205697 1.773004 -0.231735 0.941021 1.502176 -0.445344 -0.044890 -0.348637 1.085325 -0.867472 0.762648 1.111954 -0.634046 1.242300 1.107641 1.795472 0.476703 1.795361 -1.172734 1.652999 -0.315811 0.065755 -0.445535 -0.810602 -0.339341 1.363342 -0.215284 0.609606 -0.530568 0.511793 0.422954
0.904167 -0.548275 1.288293 -1.360061 -2.645233 0.434526 0.005394 0.342264 -0.255051 -0.256900 0.232324 0.330345 -0.420687 -0.242543 -0.322175 -0.174046 -0.345532 0.897349 -0.139453 0.774904 -0.604579 2.744457 1.699222 0.516774 -1.704940 -0.949889 0.297347 -1.134847 -0.173991 0.533422 -0.265525 0.459985 -0.360978 0.636159 -0.170581 0.366786 1.572365 -1.814082 0.451591 1.127484 0.865699 -0.040796 0.743586 -1.008331 -0.498041 0.550204 -0.508132 0.280818 0.033459 1.257234 -0.229070 0.657340 0.984432 -0.343081 0.049195 -0.628069 0.454350 -1.059462 -0.031354 -0.563901 0.609184 1.660015 -0.360844 -0.012124 -0.513116 -0.352701 -0.486206 0.665727 1.338058 -0.683604 0.703748 0.932249 -1.575332 0.079040 0.556308 1.601248 -0.007219 0.026222 1.089579 -0.075225 -0.303765 0.975698 -1.373390 0.256415 -0.686511 1.900996 0.202627 2.545677 1.273144 0.057668 -1.291308 -0.188592 -0.230222 -0.448957 0.924798 -0.456536 -0.384387 -0.991534 -0.151453 -1.036147 0.911840 0.330905 -0.419842 -0.620154 1.430407 -0.675310 -0.614685 -1.476003 -0.944109 -0.014170 0.233023 2.416698 1.977904 -1.037800 0.704518 -0.624120 -0.942116 0.252420 -0.130406 -2.454997 -1.288433 -0.544199 -0.893295 0.059342 -0.174497 -0.549975 0.552183 0.041008 -0.320765 -0.932598 -0.990858 -0.896987 0.200857 0.670622 -1.451270 -0.865352 -0.458394 -1.141967 0.385942 1.011331 0.550816 0.014898 -0.250398 0.576417 0.794240 0.729738 -0.586510 -1.264705 -0.590503 -0.473700 -0.169735 -0.744260 1.018495 -1.079553 -0.713091 1.388274 1.077423 0.916034 0.525326 0.798306 -0.129296 0.379951 1.818957 -0.597123 0.599206 1.909827 0.040513 0.784431 -1.268754 0.938458 0.576006 1.105479 -0.063547 -0.623694 1.828053 0.568625 0.255088 -0.630604 -0.775512 -0.472428 -1.001153 0.430903 -0.534058 1.034666 -0.116052 0.563686 0.350047 0.402173 0.725192 0.915812 1.611317 2.005141 -1.286148 -0.235036 -2.256851 -0.209085 -0.281371 0.683039 -0.638277 -0.531329 -0.254276 -0.194343 -0.259078 0.090444 -1.145508 0.459716 0.349197 -0.959540 -0.061921 -0.981865 0.602305 -0.771877 0.855075 0.702739 -1.886372 -0.075309 0.864430 0.992775 1.235451 -1.364305 -0.261317 2.190254 2.240465 0.733989 -1.196372 1.267165 -0.387274 0.953128 3.662672 -1.779840 -0.157657 -0.776573 0.232310 -0.185163 -0.367438 -0.276206 -0.046754 -0.183080 -0.582059 1.020200 -0.088543 1.684225 -0.615468 0.490260
-1.001687 -1.350797 0.366455 0.306903 0.441330 -0.488220 -1.009623 0.579689 0.142324 -0.830240 -1.400462 1.226689 -0.431333 0.550863 0.939447 0.832626 1.325212 -0.897051 1.493718 -0.707743 -2.689683 0.657175 1.415688 -0.114149 0.954451 2.103881 0.811809 -0.916794 0.659021 1.273000 -0.619785 -0.267350 -0.686585 -0.361650 1.097765 -0.848475 -0.078069 -0.543368 -0.760238 1.172375 2.113049 -0.407537 -1.601113 -0.494844 -0.309259 -1.018839 1.037411 -0.429536 1.185549 -1.995054 -0.569291 -0.065387 -0.569064 -1.115241 -0.090421 1.969101 -1.434559 -0.773586 1.253271 -1.686643 0.441355 -0.412353 -0.377959 -0.887850 1.130759 -0.849017 0.358612 0.672359 0.169636 1.236683 0.063405 1.369824 -0.883030 0.186117 -0.453767 1.026978 -1.244730 1.241262 1.137269 -0.254937 -0.298328 0.421771 1.012497 0.598893 -0.991437 0.241946 -0.069254 -0.188227 -0.326833 -2.374103 -1.334341 0.064515 0.896782 0.142381 0.203629 1.929447 0.055952 0.960764 0.293915 0.486036 0.254541 -0.527592 -0.733341 -0.251996 1.480110 -0.758955 0.318832 1.246585 1.705372 -0.880846 -0.919757 0.893694 -0.498332 -0.672217 1.356279 0.449888 1.055515 0.716536 1.540720 0.778227 -0.282505 -0.295701 0.720665 -0.577756 -1.532038 -0.391707 -1.025976 1.346293 -0.259267 0.024465 -1.520610 0.319573 1.006073 -0.114644 -0.543552 0.038393 0.138049 0.474266 -0.915603 -0.519611 -0.113045 -0.680883 -2.391720 -0.497335 0.067071 -0.332473 -1.758501 -0.766529 0.377532 -0.471958 -0.888833 0.272411 1.058752 -0.215208 1.298226 0.597612 -1.410394 1.633272 -1.287005 -0.531809 0.960011 1.628903 -1.260394 1.626497 2.438991 0.196766 0.626713 0.669087 -0.625727 1.453088 -1.400885 -0.642327 0.172530 1.109658 0.097578 -0.132958 0.180070 0.701455 -0.863587 1.347293 1.665375 -0.123744 -0.689251 -1.004606 0.357490 -1.116603 -0.255795 0.229868 -1.665621 1.568702 -0.188281 -0.379442 0.024815 -0.387857 -0.387239 -0.354371 -0.087366 0.626951 0.022232 -0.315871 0.799667 -0.886724 1.581573 0.363552 -0.612897 0.941314 1.221707 1.912990 0.516134 -0.957214 -1.252304 -0.649079 0.606257 -0.687908 -0.730822 0.472531 0.896711 -0.495775 -0.626017 0.110977 0.856630 -0.116460 -1.441000 -0.345733 0.836698 -1.993899 1.615181 0.219431 0.502455 -0.695750 -0.675055 -0.426306 1.331189 -1.334874 -0.241834 0.654241 -0.632355 0.904321 1.226727 -0.824824 0.923451 -2.574405 1.831454 -1.446957
-0.001582 1.402745 -1.439558 1.101934 1.360665 0.849654 -1.514241 -0.643035 -1.682946 -0.044530 1.215566 0.835750 -0.102677 -1.522351 1.873520 -1.426776 -0.858798 -0.710623 0.328597 -0.680120 0.723980 -1.647232 -0.393278 0.146319 -0.272642 0.370112 -1.089188 0.391640 -0.197020 -0.184928 0.458598 1.750868 -1.227380 0.542732 -0.035977 -1.436944 -2.713527 0.348593 -0.060308 0.364868 0.123479 0.249185 -0.380314 -0.044644 0.133821 1.588274 0.016215 1.667628 -0.663968 -0.433281 0.324241 -0.291688 0.463937 1.865854 -0.547245 0.057998 -1.560606 0.757608 -2.150635 -0.907622 -0.690730 1.056018 -1.418702 -1.480091 1.624129 -1.194296 -0.431549 -0.381157 0.707987 0.017543 -1.895280 0.995403 0.432327 0.551354 -0.364061 1.233222 -0.346905 -1.232803 0.633268 0.209335 -0.484056 -0.650795 -1.476713 -0.867644 0.074701 -0.080164 -1.285867 0.039133 -1.903824 0.312315 1.436588 -1.602358 0.665116 1.028539 -0.011676 -1.408748 -0.193530 1.352123 0.448444 0.061824 -0.355384 -1.166227 0.423403 -1.152219 -2.969317 -0.104810 1.711689 -0.945134 0.884572 0.048677 -0.102975 -0.574751 0.532800 -0.620397 0.951469 2.254286 1.657602 0.072668 -0.916388 -0.011303 -1.315392 -1.058723 -0.199078 0.367032 -0.732075 -0.695275 0.681366 -0.634606 0.099985 -0.316100 -1.452693 0.841479 0.488444 -0.615928 -0.846032 -0.867044 -0.250793 -0.086044 -0.127074 0.435436 0.684107 0.702932 0.254813 0.132096 0.566957 0.255711 0.849690 -0.337875 0.115780 -1.015297 -0.759582 0.271965 1.288681 2.140686 1.146598 0.979310 0.279217 1.449649 0.150325 0.639872 0.182357 0.689222 0.426210 -1.023598 -1.628133 -0.281031 -0.027160 -0.554051 -0.761436 -0.111917 -0.381049 -1.282546 -1.307688 -0.321049 0.558608 -1.150882 -0.025629 -2.175696 0.794590 -0.769701 -1.483070 0.687240 -1.260606 1.859333 1.698732 1.106712 1.279246 0.025462 0.824022 0.195774 2.025135 0.206703 0.792489 -0.157717 -0.249839 1.001912 -0.815095 0.756732 -1.052221 0.442148 1.474683 -0.172242 1.029015 -0.251189 -2.046774 -1.067598 -1.391190 -0.779436 -1.007850 0.053601 -0.802964 1.727871 -0.555180 1.558166 -1.223025 0.536415 -1.176858 -0.097553 0.978951 0.947167 -0.485170 -1.598660 -1.393711 1.204980 -0.288374 -2.006433 0.476734 2.060261 0.138302 -1.060357 -2.225092 -0.811033 -1.298234 0.433546 -0.780467 0.022941 -1.388861 -1.665414 0.570590 0.500424 -1.014886 1.007953 -1.519696 0.202820
-0.136404 1.341834 1.848692 -1.520466 -0.732217 -0.756786 -0.950112 -0.711858 0.346557 -0.819313 -0.767889 1.191758 2.209047 -1.219791 -0.271666 0.655410 -0.802196 -0.322210 1.470759 0.658117 -0.276396 -1.922385 -0.618526 -1.787095 0.271840 -1.691425 0.533190 0.024117 -0.374729 0.075300 0.638770 -1.421461 -0.128484 0.150456 0.446263 2.335833 -0.052138 1.854373 -0.870525 0.752161 1.006387 0.092792 -1.819030 1.236647 0.088295 1.050082 -0.978018 -1.223102 -1.032670 -1.608149 -1.302754 -0.703877 -1.317032 -0.691288 -0.906568 -0.593450 -0.050271 -1.120156 0.593627 -1.828785 0.576928 -0.643321 -2.208764 -1.733701 0.051957 2.066871 1.267793 0.255963 0.512605 -0.390926 2.040150 0.144687 0.734268 -0.172994 -1.052256 -0.551111 -0.295148 -1.368608 -0.731688 -0.367380 1.013962 -2.000677 -0.394834 1.446580 -0.399680 -0.394028 0.044964 0.383548 0.802023 -0.773573 -0.443472 -0.203143 -0.351895 -0.628158 -0.531613 1.417336 0.661680 -0.852186 -0.848265 -0.230113 0.276563 0.783953 0.286296 0.831480 -0.478037 -1.061606 0.784330 -0.188566 -0.175281 0.367510 0.367808 0.888625 0.223134 0.464261 1.296662 -0.335246 -1.144798 0.416401 0.151907 -0.018059 -0.691976 0.565226 -1.190984 -1.384720 0.808810 -1.755859 0.944578 -0.056069 -0.305437 -0.307541 2.126951 -1.276468 4.303893 -3.165693 1.201512 -2.151767 -1.354856 -0.979195 -0.515423 0.206214 1.053738 0.466184 1.609324 1.191340 0.047948 2.033178 -0.030733 1.222285 0.032528 -1.445841 -0.002346 -0.706191 -0.941843 -0.432924 -0.726531 -0.764702 0.410559 -0.982077 -0.778930 0.153973 1.580696 -0.100920 0.782243 -0.710101 1.004489 -0.919446 0.886305 -0.932710 0.650924 0.387063 0.599215 0.240485 0.941483 -0.447415 -0.141089 -0.277237 -0.330501 -0.337376 0.477240 3.390127 -2.283477 0.333055 1.546284 -0.124450 1.052504 1.586242 0.059558 -1.349132 -0.253245 1.305647 -0.188052 1.630835 0.909080 -0.444092 0.725263 0.534995 0.235544 1.153272 0.002533 -0.637406 0.453392 -0.866962 -1.243586 -0.169352 0.754293 -0.985497 0.097290 1.225128 -0.812522 -0.204060 -0.564525 1.353547 0.650852 -0.310810 0.572324 -0.129107 2.418024 1.473477 1.296631 0.074343 0.490368 0.313448 0.954556 0.661736 0.579905 -0.770149 1.680322 1.475045 0.912869 -0.386781 1.655270 0.404417 0.819492 0.766357 0.666435 0.355561 0.471901 1.053785 -0.172525 0.709550 -1.290300 -2.107150 -0.700221 -1.829097
-0.477078 1.357903 0.243992 -0.846780 1.703404 1.613773 0.185427 0.698900 0.869989 0.085942 -0.144969 0.940045 -0.958146 -0.565779 -0.715925 -0.419015 0.200178 -0.116265 1.140097 0.080412 0.096198 -1.200954 2.398623 -0.070559 -0.325524 0.287242 0.940948 -0.971190 1.338423 0.164477 0.243210 -0.137368 1.347695 -1.633643 0.995492 0.598887 0.824231 0.755388 0.011545 1.144593 1.709582 -0.343102 -0.678651 0.663711 0.794558 0.143003 0.880126 -1.821031 -0.465230 0.055942 1.354167 -1.102671 0.312170 1.192377 -0.196606 1.604918 -0.571135 -0.308955 -1.690907 -0.544314 -0.182938 0.952904 0.600944 -1.825112 -1.405774 -0.333853 0.345715 -0.932695 0.552397 0.869940 -0.396268 0.601923 0.679792 0.807034 0.087804 0.954315 -1.318727 -0.079866 0.351650 -1.033263 -0.948327 -1.230894 0.750563 1.426966 0.348019 0.731052 0.810589 -0.679465 1.515495 0.426979 1.696245 0.216576 -0.746357 1.621437 -0.646268 1.069353 0.378278 -1.185243 0.037908 0.032221 -0.467929 -0.024833 1.774551 -0.655129 0.775118 -0.150688 0.863562 -0.155963 1.593330 0.759245 -0.152720 -0.020982 -0.814842 -0.763516 0.749257 1.149472 -0.219757 -0.816577 0.560976 0.404813 0.248280 -0.316708 -0.732206 -0.244896 -0.704143 0.116527 -0.987501 0.389373 0.023438 0.203044 -0.528683 0.771902 -1.782535 0.078587 -0.279545 0.265005 0.422918 0.546011 -0.828421 -1.215249 0.880290 -0.385760 -0.635604 -1.762025 0.008339 0.582534 0.001439 -0.352989 -0.426426 -1.680667 0.639848 0.604491 -0.451866 1.009380 0.063077 -0.300093 1.458893 0.684017 0.350052 0.712392 0.111370 -1.472063 1.820178 -0.568916 0.103518 1.972503 0.884203 1.922908 -0.304724 0.626491 1.280960 -1.537272 0.883375 -0.239038 -0.251073 0.405936 0.407175 1.400852 0.425098 0.193174 -0.157239 -1.622238 -1.039179 -0.440857 -0.989142 0.216948 1.057392 -0.960873 -1.351451 -0.342717 -0.328059 1.106859 0.585219 0.041772 1.250806 1.872189 -1.446723 0.555517 0.028029 0.150388 -0.476700 -0.759586 -2.766295 -0.573239 -0.419581 -1.035573 0.218712 -0.972870 0.058925 1.013788 0.065109 1.723067 -1.588016 1.374856 0.708171 0.775757 -1.864858 0.656677 0.063376 1.804135 0.381555 -0.673152 1.243138 0.179648 2.823217 1.442736 -1.306304 -0.127511 0.268071 0.820127 -2.637242 0.999593 1.417211 1.235134 -0.467758 2.164997 -1.980019 -0.674640 -0.975780 -0.815113 0.739075 -0.127518 -0.451782 1.226310
0.227512 -0.177069 0.081699 -0.395504 1.484251 -0.264296 -0.695771 0.012165 -0.551595 -0.247045 0.604848 2.300497 2.396099 2.033599 1.843895 -2.749127 1.892711 0.554604 0.007644 -0.683637 1.377929 2.180604 1.722243 0.140728 -0.122331 1.481206 -0.443318 -0.677324 1.404705 0.011557 -0.213696 -0.152403 -0.078482 -0.021158 0.595574 0.802917 1.046338 -0.691572 -0.678442 0.291513 0.269734 -0.478345 0.588382 -1.747502 0.529049 0.219957 0.705761 -0.693716 0.277101 -1.678408 -0.550193 -1.057704 -0.672850 -1.909377 -0.181588 0.128254 -0.479347 -0.922132 -0.360070 0.120321 0.315019 0.272540 0.296676 1.579708 0.613091 -0.953659 -1.139736 0.633814 0.351462 0.682909 -0.430154 -1.223061 0.468153 1.511127 0.222410 0.416126 1.133109 0.922929 -0.992627 -1.191243 -0.645776 -1.456878 -0.802067 0.510420 -1.172524 1.311515 -0.386443 0.880461 0.276530 0.693728 2.141126 0.418707 -0.922740 0.734937 0.441266 -0.417600 0.777432 0.357332 -0.991463 -1.988661 0.798768 -0.795087 -0.276438 0.049198 -0.356112 0.544968 -1.568603 0.526092 -0.951075 -1.152727 -1.190110 -1.162126 0.333137 -1.347676 0.468823 0.684384 -0.230538 0.804429 -0.147399 -0.651542 0.890139 0.220496 -1.013861 -1.735262 0.055985 -0.074571 0.654298 -0.534215 0.562315 0.257663 -0.442054 -0.169609 1.594899 1.996650 -1.285298 1.507236 1.256515 -0.402472 0.533560 -0.079616 -0.905251 0.494618 0.293623 -0.775766 -1.477049 -0.688968 0.700110 0.567097 2.256658 0.306561 -0.637166 0.025658 -1.393650 0.591626 -0.377928 -0.298483 -0.925165 0.753965 -0.615571 -0.109865 -0.032994 -0.502037 0.783369 -2.438391 -0.095807 2.432548 -0.102169 -0.369705 -1.494734 2.710530 -0.993348 -1.799420 -1.067832 -0.132302 0.510787 -0.140714 -2.596495 -0.794477 1.901795 -0.947229 0.023477 0.484446 0.613567 -0.122277 0.447330 -1.180147 0.162618 -0.311200 -0.833160 0.137658 0.393217 -1.349286 -0.250067 -0.168339 -0.664910 -0.249227 -0.485087 0.603067 0.435151 0.968087 0.632620 -0.816890 1.341085 1.520678 -0.265111 -0.248750 -1.341114 -0.709005 1.180233 -0.633150 -1.261358 0.300118 0.318884 -0.703339 -0.829410 0.144755 -0.417567 1.099073 1.492228 1.175667 -1.343655 -0.549228 -1.283956 0.939310 -0.932919 0.224276 0.287088 -1.452899 0.651159 0.971148 -1.721832 -0.089001 0.038703 0.512359 -0.765350 1.970113 0.242645 -1.014815 0.056157 -0.257313 0.228200 1.660721 0.856378 -0.927326
-0.436862 -1.350957 0.671029 -3.774644 0.430154 1.828795 -0.041279 0.074243 -0.701542 0.755828 0.501503 -0.817380 -0.112106 0.368254 -0.191194 0.222781 0.612913 -0.730258 -1.049567 -0.989784 -0.380317 -0.234865 1.665763 -0.789037 -0.062444 0.753004 0.092597 0.988044 1.885647 -1.842029 0.759724 -0.494020 0.987203 0.737804 0.511699 0.128688 -0.765430 1.094974 0.727307 0.377684 -1.348116 -2.206625 0.436815 -0.744133 -1.395465 3.097971 -0.085865 1.153965 0.660172 -1.569556 -1.854089 0.026711 0.147854 -0.321566 -1.569046 0.336905 0.268413 -0.172431 -0.951591 1.511842 -1.250717 0.370207 -0.907379 0.774958 -1.931007 -1.251889 -0.127760 -1.227678 -0.504651 -0.642902 0.194740 -0.468226 0.534948 1.610794 0.470124 -0.565077 -0.928764 0.210331 2.184738 -0.478900 -1.200045 -0.971951 1.847839 0.886181 -0.291538 -0.320439 0.053162 0.721151 -0.035371 -0.328882 1.970092 -1.003665 0.199739 -0.583104 -0.591518 -2.704681 -0.884732 1.362397 0.447717 -0.690341 0.713127 0.603015 1.154480 0.779935 -0.065494 -2.284587 1.107415 1.217548 -0.320596 -0.575003 0.772670 -0.324967 0.181297 0.518111 1.488203 -0.972634 -0.340465 -0.389577 1.058059 -0.279894 0.276443 0.176573 -0.008479 1.048103 1.390988 -0.176372 -0.332376 0.492779 -0.780458 -0.923911 -0.330352 -0.166606 1.432777 -1.279395 1.055344 0.354454 1.149537 -0.184320 -0.521128 -0.219834 0.587281 -2.238734 -0.479454 0.519173 -0.102056 -2.380527 -1.702129 0.654895 -0.927968 1.145082 -0.515229 -1.160147 0.753903 1.834110 0.925154 0.706244 0.146049 -0.778243 0.438640 0.606721 1.061709 -1.766982 0.561227 -1.383986 1.134490 -1.227528 2.150338 -0.816283 -1.735800 -0.612110 -0.427995 -0.559802 -0.609991 0.425475 0.745285 -0.357596 -0.782637 -1.253644 -0.803050 0.505139 0.706949 -1.065265 2.569590 1.024222 -0.863680 -1.008504 -0.367382 -0.261654 1.037538 0.018696 1.114663 0.731344 -2.265588 -1.058219 0.799843 -2.226997 0.050409 -1.250398 -1.691920 2.040773 -2.411062 0.554495 -0.019508 -0.380476 -0.297913 1.411319 1.645266 -0.767325 1.397445 -0.309366 -1.488639 -0.541438 -0.023620 1.222987 0.509560 0.089066 0.563739 0.948572 1.741691 1.591755 -0.057605 1.192203 0.267287 -1.126362 -1.186687 0.209562 -0.575135 0.937788 -0.180018 -0.344245 -0.653605 2.591864 0.292850 0.227761 -1.184177 -0.850587 0.632264 -1.493077 -1.337456 0.568281 -0.354513 1.028170 -1.723400 1.700799
2.522535 -1.196045 0.117543 1.037901 -1.002105 0.498361 0.799614 1.016225 -0.718572 -1.673306 1.112034 -0.942957 0.575505 1.443355 -0.527200 0.109072 -0.546064 1.051300 0.835899 0.111484 -0.494532 -1.211502 -1.171503 1.087131 0.870280 0.113320 0.826480 0.384247 0.082139 -1.126293 1.733404 0.252538 0.369857 -0.544482 -0.600049 1.448188 -0.394161 -1.873967 0.115083 -1.487834 -0.383216 -1.990308 -1.053487 0.762000 -1.003359 -1.271225 1.075769 -1.315199 -0.173662 0.411034 -0.073304 -2.320892 0.143345 1.227727 0.036960 0.114521 -0.048413 -0.116387 -0.490240 0.849784 -1.380178 0.206870 -1.572428 0.845527 -0.735432 -1.922490 -0.028232 0.397383 0.612489 -0.929236 -0.155847 1.763385 -0.645979 -0.922206 -0.128667 0.167340 0.505643 0.501448 -1.905512 0.228571 -0.165319 1.428899 1.941643 -0.379235 -0.947634 0.615698 0.312794 2.542186 0.670127 -0.614935 0.561420 0.684308 -0.339374 0.112861 0.659002 0.267948 0.122611 0.763752 1.262442 1.065874 -1.177462 2.910032 1.747106 0.407923 0.618611 -1.625217 -2.329081 1.236680 -0.978380 -1.681496 1.497922 -0.041290 -1.352304 3.240025 2.742202 -0.781965 -0.423829 0.868480 0.132388 -0.068170 0.085652 0.623500 -0.321457 -0.865493 -1.831182 -0.503776 -0.501075 -0.185578 -0.565393 1.567498 0.179702 0.036068 0.662783 -0.275969 -1.629251 -0.482651 0.948652 0.596559 1.176909 -1.427205 -0.331603 1.496178 0.819801 0.037148 -1.996255 0.785473 0.728292 -0.252742 0.275681 0.335060 -0.547296 -1.262407 -0.726749 0.257578 0.087649 -2.219589 -0.244381 1.516699 0.576342 0.489481 -1.074933 -2.620562 -0.634358 0.412682 0.451226 -0.257760 -1.559929 -0.589268 0.485361 1.402289 0.447344 -1.515622 -0.712559 2.218460 0.389301 1.190340 -1.167475 -0.615019 -0.226185 0.004094 -0.440175 1.940931 -0.168634 -1.854243 0.858944 0.517810 1.263367 0.300923 1.249200 1.090959 0.986665 -0.352057 0.362499 1.892225 0.220967 0.611930 0.540153 -1.760178 0.781735 -0.020501 -0.940442 -0.373524 -0.339619 -0.014113 0.500184 -0.219079 -1.575246 -0.016292 -0.536066 -2.060228 1.007324 0.964579 1.186199 -0.229875 -1.368482 0.553123 -1.316387 0.534903 0.887037 -0.619220 -1.795122 -1.014540 0.662736 -0.003144 0.452626 0.198636 0.645618 0.544001 -0.682185 -2.549882 -1.503715 -0.057278 1.004634 -0.593220 1.508015 0.123203 0.140799 1.410328 -1.322959 -1.006479 -0.009027 1.669610 -0.890419 -0.667247
1.475154 0.585197 -0.773873 -0.408983 0.944779 -1.204667 0.673771 1.328345 0.014047 0.123463 0.285536 0.478269 -0.384660 0.336789 0.181193 -0.170322 0.163850 1.104732 -0.735472 -0.163602 -1.199114 -1.358167 0.832321 -1.742649 -1.293051 -2.079907 -1.569362 -0.884061 0.133697 -0.744713 -0.322948 -0.720524 1.828003 -0.259663 -1.290643 2.488035 0.889116 -0.230222 -1.345665 0.208576 -1.157139 -2.190357 0.066549 -0.277496 -1.248055 2.191038 -0.475504 0.222448 0.181326 -0.763967 -1.422886 0.087721 -0.353007 -0.301151 -1.224209 1.553534 -0.250666 0.975233 -0.726537 -0.595065 0.004006 -0.141542 -0.569674 1.621261 -0.375423 -1.002847 0.525702 1.277396 -1.300716 1.803760 -0.156544 0.115402 -0.179124 -1.515643 -0.719496 -0.728155 1.434872 -0.565348 -0.319377 -1.064914 1.493376 0.823825 -0.555845 -0.571579 1.474586 1.347276 2.021024 1.433895 0.728306 -0.812956 0.459945 -1.647406 -0.248900 -0.227481 -0.616173 -0.177924 -1.863619 -1.298523 -0.081258 -1.318723 2.504407 -0.389243 -0.283156 -0.235977 -0.295180 1.339606 1.072946 0.375970 0.689673 0.929112 -0.941076 -0.236189 0.411676 -1.520265 1.286264 1.311769 -0.066444 -1.751849 -1.159403 0.577021 0.504097 -2.965174 2.153166 0.476478 -0.134955 1.314773 -1.148902 -0.833827 0.994653 0.397508 -0.587181 -1.144111 2.151744 -0.469344 2.688674 -0.857555 0.797778 1.086803 0.525748 -2.246308 -0.813045 -0.091566 1.075924 -1.898594 1.415665 0.409774 0.228895 -0.408481 0.084430 -0.799508 -0.479193 -0.048743 -0.020098 -0.860645 0.539643 1.253769 -0.417189 0.552356 -0.755895 0.627729 0.317446 -0.730150 -0.158216 0.126428 -0.050678 0.235730 0.603041 0.361425 0.013800 -0.131415 -0.019279 0.581225 -1.260043 0.934688 -0.514124 0.210400 -0.466210 0.034921 -0.416528 -0.466867 0.482032 0.412606 0.169395 -0.151485 -0.669500 -0.305006 1.485735 -0.727854 0.360380 0.258735 -0.966402 -0.050292 0.252919 -0.987960 -1.330781 1.062926 1.027755 -1.156968 -0.701495 -0.376932 -1.585529 -2.128339 1.990713 -1.011121 -0.026677 -1.828126 0.440479 -0.326992 -1.504187 -0.277406 -0.009666 -0.746759 0.048234 0.194063 1.279141 -0.708521 -0.887995 -0.317279 -0.309133 -0.324001 1.100291 -0.376844 -1.036908 0.416577 -0.153375 -0.287687 0.332904 -0.211322 1.711954 -0.305647 1.751222 -0.600115 -1.213331 0.685554 -1.056156 1.489325 -1.012488 -0.630057 -0.690174 0.291879 0.444800 -1.311937 -0.554661 -0.242041
-0.621650 1.043496 -0.366538 -0.876899 1.095457 -0.310740 -0.562352 0.785944 -0.035245 0.552922 -1.948753 -0.472822 0.768557 -0.339815 0.308518 -1.000876 -1.825447 0.332039 0.562723 0.168650 1.703438 -2.458002 0.703101 0.929729 0.612266 0.030934 -1.156077 1.306222 -0.502336 -0.705625 -0.001658 0.495365 -2.033641 -1.438844 -0.616621 0.813427 -1.605961 1.531829 1.655475 0.025045 -0.872514 -0.999924 -0.820640 1.407400 0.408006 0.552400 -0.995904 -0.414323 -0.478761 -0.601847 -1.658136 0.982591 0.898847 2.054239 -0.439875 0.755875 0.164931 -0.250435 -0.217484 0.474765 1.158774 0.773644 -0.161032 -0.095067 -1.059168 -1.545877 -1.212372 0.034653 0.818412 -1.032272 -0.289533 -1.032971 -0.245884 -1.731239 0.250169 0.848735 2.676575 0.467366 0.109307 -1.209288 0.848944 0.405445 0.992662 1.023346 0.184146 0.175181 1.677915 0.342478 -0.110630 -0.815864 -0.819491 0.325209 -0.163350 0.479215 -0.494413 -0.379118 0.006366 0.946532 -1.360961 -1.052011 -0.323931 0.539685 0.813249 -1.090724 0.182876 0.367137 1.669574 -0.432934 -0.895456 -1.616554 -1.263371 -1.299224 -0.637337 0.984332 -1.553654 -0.549653 -0.393680 1.253943 -0.114327 -1.268159 0.596742 -1.468926 0.613918 0.132892 -2.337544 -0.422689 -1.315611 -0.473998 0.154589 0.508963 0.475926 0.450504 0.710787 -0.019781 0.951068 1.056140 0.964111 -0.834795 1.159329 0.147629 -0.894766 -1.674892 0.085752 0.015393 0.956438 -1.185264 -0.161894 0.626242 -0.595601 0.805981 0.600407 -0.853376 -2.068464 -0.592229 1.215410 0.450021 1.919799 -0.896898 -1.308605 -1.201960 1.148262 1.156183 -0.896849 0.885566 -1.770056 -2.062519 -1.502648 0.312339 1.286981 -0.816504 -0.978973 0.381541 0.494314 0.987745 1.361001 0.588306 -0.632475 -0.009720 -1.495591 0.147343 -0.594315 0.702266 0.782116 1.993930 0.680643 0.933161 -0.124541 1.427821 0.603364 1.090194 0.976630 0.132689 0.472617 -0.966385 2.441103 0.797746 0.152018 -0.337548 -0.293200 -0.149559 1.717578 -0.545313 0.062783 1.653504 0.263703 -0.327065 0.759206 0.253855 -1.312599 1.238137 -1.175691 0.343785 -1.287539 -1.446704 -0.514404 0.508437 -0.914205 -0.023846 0.705517 0.994628 -1.052987 -0.116235 0.352391 -0.608513 0.841583 1.100064 -0.904575 -0.485040 1.298137 0.623500 -2.066080 0.356352 -3.019759 0.744195 1.693888 0.171833 0.427230 0.719281 -0.109624 0.343023 1.997243 0.394117 1.746383 0.649763
-0.500098 -2.599309 -0.327889 2.425051 0.310792 -0.170200 -1.012046 2.411436 -0.835862 -0.298144 0.733279 1.435896 0.602164 -0.298248 -0.514214 1.317022 2.978905 -0.853020 -0.130289 -0.337246 -2.180056 -0.084255 -0.143810 -0.029109 0.153391 -0.667171 0.672831 0.546030 -0.254887 -0.111222 1.447582 -0.506677 2.730350 -1.320948 1.426037 1.704928 0.862975 -0.865943 -1.328725 1.163352 -1.424614 1.477712 1.119391 -0.227842 0.544750 -1.036642 0.954104 0.848500 0.646726 -0.808983 1.108630 -0.432916 -1.330376 -0.448279 0.356230 -1.304760 1.390531 0.856129 0.847973 0.594482 2.393693 -0.185982 0.521796 1.221185 -0.991677 2.002743 0.638089 1.522525 0.143903 -0.697919 0.206361 -1.276162 -0.126309 -2.318947 -0.440225 -0.673983 -1.784846 0.844542 0.613172 0.796588 -0.723184 -0.260095 1.212471 0.105757 -0.981845 -1.666230 -0.641853 -1.518285 0.641694 0.138803 -0.901066 -1.081115 -1.052027 -0.204290 -0.325093 0.088933 -0.529073 -1.045452 0.274340 1.502922 0.610760 -0.746449 1.070891 -1.310349 0.589601 1.400562 -0.748914 -1.676119 0.371286 0.626043 -1.122278 2.069883 -1.143552 -0.058382 0.448750 -0.876485 1.043510 -0.799562 -2.044093 -0.247917 -0.755397 -0.507220 1.634753 0.176383 0.004799 -0.150231 0.074855 0.617008 0.890246 -0.657585 -0.511629 0.737844 -0.671843 -0.548930 0.722191 -0.215774 0.423340 -0.965299 -0.509293 -0.529475 -1.353827 -1.215906 0.490208 -0.289351 0.825018 -1.583717 -0.827066 0.210499 0.126564 1.449066 0.736864 0.359848 0.734516 1.265904 -0.071593 2.286612 -1.662043 1.382098 0.705998 -1.574533 -1.594937 -0.332582 0.528327 -1.333625 -1.404116 -0.227316 0.818876 -0.435973 0.722808 1.347369 0.904160 -0.628996 -0.825953 -0.210653 0.888418 -0.878601 0.872180 0.810008 -0.370919 -0.543063 -0.674571 -0.062142 0.916095 1.075472 1.157843 -0.459851 0.480939 -1.437977 0.059686 0.300416 -0.662727 0.608231 -0.804633 -0.064134 0.236026 -0.050962 -1.140469 0.022485 1.119426 1.405376 1.147727 0.215456 -1.036303 -0.458713 -0.583398 -0.605712 1.091647 0.763450 -1.164778 -1.262066 -1.134567 0.436668 -0.378889 0.066873 0.289289 0.200867 1.368805 -0.691329 0.247311 -0.089343 -0.178586 1.655028 0.474913 -0.356003 0.805379 -0.488225 1.481430 1.016337 1.410063 0.823148 -1.288103 2.311863 0.118701 -0.043509 -1.505081 -0.495803 0.215536 1.238336 -1.731642 0.158131 1.152975 0.668291 -0.107643 -0.378051
0.730163 0.117358 -1.522521 0.238990 -1.007036 1.392677 1.240641 1.123159 0.502702 0.185333 -0.257569 -0.857467 0.605033 1.195597 -0.550593 -0.533450 -0.650662 1.636034 0.411026 -0.080373 1.240431 -0.389067 1.216259 -0.670929 0.680937 0.228234 0.505904 0.225610 -0.201623 -0.867394 -0.131883 1.431268 -0.203525 2.604634 -1.299986 1.800840 0.148180 1.572239 -0.602796 1.451029 -2.268988 -1.429155 1.307909 -0.180530 -1.083332 0.095242 0.165163 0.363720 -0.787720 -0.017543 1.195401 -0.086524 -1.216932 -0.865614 0.081796 -1.401766 1.786141 -1.627417 -0.317178 0.835143 -0.597193 0.422190 -1.031600 0.161757 0.068435 1.129393 0.640781 -0.875265 0.507258 -0.010473 0.161402 -0.102445 -2.676465 1.222985 -0.183970 -0.613071 0.365819 1.050920 0.779584 0.043578 -0.757473 -1.022198 1.322073 -1.078559 0.091529 -1.477351 0.257566 0.234171 1.118815 -1.050848 1.168498 0.764840 -1.463416 0.573286 1.719727 -0.457771 0.709014 -1.055849 1.011230 1.109205 0.904713 0.775639 -1.121453 -0.772597 1.185665 -0.859055 -0.798157 -1.513634 1.126882 0.935662 0.332826 -0.971208 -0.445879 -0.407866 -0.066175 0.136050 1.650870 -0.168076 1.007961 -0.525404 -1.066256 -0.798315 -1.377426 -0.478319 -0.811228 -1.850289 -1.881593 0.202105 0.653891 0.632608 -0.784404 0.167087 -0.959040 -0.642140 1.898330 0.053614 -0.623628 -2.001943 -1.299710 0.215171 0.753871 -0.727255 0.413804 -0.205969 0.529397 -0.581487 -0.346233 -0.707200 0.442727 0.371098 -0.462507 0.585082 -0.429439 0.775150 -1.902350 0.547443 -0.063542 -1.040281 0.528640 -0.412852 -1.628511 0.211635 2.195906 -1.375748 0.363450 2.545207 -1.830165 1.432064 0.768223 -0.859969 0.075471 -1.078113 -0.655733 -1.102136 0.155141 -0.036623 -0.965808 0.145082 -0.369715 -0.027029 0.564724 -0.071612 -1.581104 -0.355918 -0.181476 0.334370 0.629040 1.532555 -1.164302 -0.584716 -0.508270 0.120637 -1.416324 1.173954 0.494337 0.097768 0.913875 -0.831329 -1.598453 0.081105 -0.216884 -0.741808 1.417588 -0.956529 -0.798187 -0.146892 -0.039895 1.917988 -0.161594 1.355161 -0.119108 1.287524 0.244974 -0.427257 0.314537 -0.900818 -0.724697 -0.325139 -2.392009 0.671968 -0.131506 -1.662157 0.063933 -1.514502 -0.286593 0.729069 1.755186 0.937706 -1.734044 0.784913 1.044265 -0.164641 -1.570721 -0.056860 -0.841841 1.389043 1.094079 -0.295316 0.705991 1.801632 -1.210118 0.507566 -2.520949 -0.184254
-1.025749 1.654693 -0.753998 0.729063 0.653598 -0.812285 0.664120 0.467712 -1.054313 -0.715294 0.589781 0.245074 -0.831798 1.673772 -1.019952 1.953582 1.851441 0.674709 -1.511356 -0.517709 0.522718 1.573436 1.010630 1.512925 1.405010 1.438818 -0.881367 -1.842710 0.857256 -0.291388 0.250595 -0.317335 1.653371 -0.182085 0.977799 0.321231 0.369058 -0.655639 -0.417595 0.904490 -0.349475 -1.063417 -0.161538 -0.284355 0.531753 -0.570376 0.686044 -1.307741 -0.450870 -1.026158 2.556533 1.166246 -0.546339 -0.133457 -1.191302 -0.979141 -0.063512 -0.972078 0.235403 -0.890873 1.188858 -0.705068 0.194450 -0.795584 -0.873295 -0.050567 0.636996 0.107747 -0.485199 1.061622 0.786671 -0.423606 0.647025 -0.220250 0.383328 -0.518642 -0.747529 0.860377 -0.018662 0.992937 0.430273 0.420662 -0.424639 0.470848 0.692807 -0.184233 0.557023 0.331113 0.785953 1.382087 0.313552 1.422358 -0.045007 -0.832359 0.359896 0.585880 2.070044 0.385868 -0.498913 -1.291269 -0.450885 -0.954154 1.795444 -0.673815 0.699888 1.238567 -0.722269 1.588773 1.739222 0.166589 1.918830 2.330884 1.141170 -0.054092 -1.701441 -0.433844 1.058840 -1.086657 0.540965 1.413411 0.053626 -1.228978 -1.827983 1.125308 -1.189826 -0.557763 0.234322 -2.076573 1.519405 -2.173815 -0.552972 0.503553 0.385426 -1.314845 0.673082 -1.724055 1.432226 0.739580 1.261575 0.477091 -2.048401 -1.367977 -0.323469 0.313328 -1.861634 -0.553771 -1.319443 0.265775 -0.440279 -0.022853 -1.358332 0.649839 0.431175 -0.061747 0.803492 -1.203443 0.154541 -0.756292 0.593260 -0.854412 -0.017240 0.433961 0.513243 -0.281241 -1.040036 -0.235803 -0.676689 -0.873107 0.487182 0.852267 -0.052590 -1.020831 0.996849 -0.364138 0.678635 0.391592 -1.518426 0.942378 0.330002 0.382603 0.546771 0.274022 0.060859 0.977214 -1.226705 -2.347892 -0.744416 1.253905 0.532229 0.529679 -0.719526 1.074995 0.663681 0.602789 -0.512255 -0.410522 1.188187 -0.392533 -1.077995 -0.312436 0.246539 -0.114420 -0.421023 -1.013330 0.853045 0.276579 -1.864701 0.687325 -0.096511 -0.121337 -0.701752 1.324278 -0.629165 1.588211 0.328070 0.734332 -0.791635 1.418806 1.049721 0.766968 -0.527404 0.260377 1.137044 1.666500 0.521212 0.251816 -0.764635 -1.387390 -0.412901 0.329675 -0.050781 0.876345 -0.564981 -0.512113 1.312335 -0.235065 0.619270 -0.989806 0.432192 -1.286205 -1.102320 -0.277418 -0.164421 -1.743982
1.392788 -0.113239 1.094479 -0.355462 -1.432184 0.803645 0.984696 -0.709953 0.665300 -0.580218 1.435859 2.061179 -0.929302 0.171280 -0.162149 -0.325428 -0.885855 0.031859 -2.332590 -1.096466 -1.816952 -0.907419 0.045105 -3.142239 0.568653 2.531250 1.748380 -0.195267 -0.314799 -2.102002 0.164675 -0.759871 -0.124213 -0.624169 -0.303032 -1.142150 0.567879 1.077435 -0.643935 1.288581 0.267085 1.098654 -1.141246 -0.253944 1.428784 0.635421 -1.128541 -1.173400 -0.749657 1.006181 1.555467 -1.298225 -0.515973 0.762371 -1.759130 0.408073 -0.616714 0.790291 -1.142614 0.347750 0.041100 1.238181 -0.418114 1.700047 -0.371714 -0.264179 2.187934 0.962768 -0.231299 2.046737 -0.859708 0.620977 -0.321756 -0.724404 0.948432 1.552323 0.058024 -0.261607 0.521511 1.070034 -0.180443 -0.778314 -0.849700 -0.078559 0.731593 0.830600 -0.168769 0.562968 0.969061 1.015113 -0.759217 0.378595 1.124682 1.031507 -0.482678 -0.415828 -0.357674 0.778541 0.055193 -0.753091 -0.329031 -1.511999 -0.895423 0.186834 -0.049740 0.859499 1.418374 -0.762282 0.755022 0.987684 0.325232 -0.775336 0.672893 0.952430 0.701644 -0.706100 -0.911703 -0.222355 0.028294 0.925370 0.464136 -0.959178 0.029220 0.478447 0.154966 -1.143435 1.104798 -0.690175 0.211779 -0.106318 -1.814056 -0.063692 0.002371 0.806602 1.720021 -1.166110 -1.170470 -0.288823 0.169965 0.959932 1.373360 -1.595066 -1.462902 0.318983 0.662451 -0.791233 -0.164730 0.048805 0.139124 0.135523 0.741771 2.923451 0.267460 -0.224808 -0.662765 -0.111799 0.528161 -0.564324 0.676940 -0.171574 1.617763 -1.211217 -0.718072 0.279775 -1.248177 -0.517847 1.183307 -0.453651 1.665337 -0.553063 0.063463 0.216192 -0.698361 -1.040948 0.082477 -0.201621 -1.059400 -0.763369 -1.333325 1.897673 0.391473 -2.147422 0.520529 -0.364570 -0.185044 -0.512726 -1.982434 -0.040425 -1.289329 -1.163583 -0.189903 -0.394783 0.021053 0.658747 -0.848982 -0.109904 -1.096619 0.168617 -0.712915 0.551104 -0.971627 1.573325 -0.482271 -0.088381 -0.557034 0.513067 -0.378556 -0.694838 -0.058804 -1.618785 0.800141 0.842906 0.621090 0.225313 0.073007 -1.956210 0.007459 0.463992 0.299454 0.508584 -0.882297 0.242728 -0.387016 0.961950 0.900835 0.612785 -2.060081 -0.061401 -0.038309 -0.247136 -0.174047 -1.149785 -0.447129 -0.182361 1.005975 -0.693675 -0.503222 0.818446 0.607520 -0.670943 0.122291 0.244196 -0.130282 -0.212622
-0.870548 -0.270963 1.280403 0.846958 -0.748916 0.625433 -0.038859 1.564911 0.024909 -0.243590 -0.085966 0.071763 -0.335398 0.258390 0.159307 -0.614422 0.731824 0.210811 -0.034786 1.403550 -1.614054 0.077602 -1.387396 -0.221102 -0.658687 0.542921 0.087258 -0.611273 0.778816 -0.042833 1.467692 -1.873530 -0.344773 -0.176007 -0.410777 0.663964 -0.957191 -1.557479 -0.790599 -1.702371 1.966394 0.481639 -1.510616 -0.016602 -1.036366 0.485430 -1.400860 1.517940 -0.992249 -1.551446 -0.299146 0.005794 1.295506 -0.937223 -0.550542 -0.048838 0.331687 0.673205 1.699719 -0.345341 -0.870125 -0.100593 -0.152817 0.895632 -0.009085 -1.982456 0.669150 -1.388503 -0.774956 0.239259 0.889447 0.637583 0.939744 1.069868 -1.217578 1.159188 -1.104352 -0.538712 -0.679842 -1.025858 2.868330 0.704704 0.767136 -0.057738 -0.037071 -0.755080 1.205311 -0.057806 1.368377 -2.149637 0.255195 -0.338328 0.271309 -0.134628 1.307772 -0.736112 0.717023 -1.720261 -0.359333 -1.239462 0.378249 -0.458999 -0.088213 -0.206923 1.668812 -0.473484 0.781020 0.621291 0.507723 -0.884081 1.051778 -0.813702 1.261605 0.444148 -0.234336 0.247566 -1.447621 -0.867760 0.942229 -0.683142 -1.022294 0.809025 -0.545457 0.508854 -1.508821 -1.361195 -0.471981 -2.096847 0.350705 0.383346 -1.434096 -1.464769 0.480048 -1.702853 -0.818750 0.562080 -0.038180 0.283923 -1.659183 -0.817275 0.728134 -0.061467 1.332528 0.527585 0.693523 -1.515146 1.331332 2.013304 0.786327 1.868350 -0.396587 2.309763 1.615827 -0.326134 -2.322075 -0.057655 0.432552 0.428905 1.030660 0.817267 -1.639472 0.771525 0.022239 -0.331086 0.537720 0.378675 -0.426005 0.293410 1.440327 0.421066 1.559924 -1.389075 -2.096838 -1.270441 -1.121497 -0.991913 -1.143403 1.599049 0.609998 -1.403161 0.423121 -0.640944 -0.195000 -2.544906 0.166108 0.257203 -0.215273 -1.186106 0.647697 1.303030 -1.061271 -0.467176 0.941997 0.639272 -1.555808 -0.685357 1.620240 0.160003 -0.110140 0.146547 -0.544442 0.247712 2.185434 1.235881 0.427577 0.132689 -1.978650 -0.378235 -0.791379 -0.113496 0.379496 -0.140134 0.010708 -1.385112 0.483966 0.267293 1.524376 1.671482 -1.092512 -1.332367 -1.341900 -1.155877 0.125448 0.059925 -1.342082 -0.480968 0.684397 -1.131727 0.042817 -0.006177 0.537671 -2.164481 -0.426929 0.290667 -0.061485 -0.474680 -0.648859 1.067757 -0.368263 0.678244 0.871501 -1.830584 0.762275 -0.520089
-0.534740 0.287862 -1.056644 0.791186 1.233518 -0.191872 -1.275907 -0.278188 -1.957240 0.027316 -0.841069 2.259751 0.781426 1.222991 -0.527795 1.015900 -0.106110 1.187500 -1.285877 -0.500080 0.583757 1.061901 -0.150429 -0.140396 1.089329 -0.298945 2.846312 -0.252390 0.951872 -0.100317 -0.388669 1.077716 -0.188041 0.011810 -1.885408 -0.642172 -0.902676 -0.068596 1.571224 0.747223 0.347311 1.345888 1.304488 -2.301265 -0.139325 0.434417 0.575698 0.114343 -0.776513 -0.560933 -0.714054 -0.935508 0.544946 -0.268358 -0.060577 0.644210 -0.727077 -1.700830 0.345838 -0.215835 0.667443 -0.100501 1.463042 0.206821 0.091651 -0.236900 -0.620341 -1.327140 -1.568925 -0.613450 0.710291 -0.445765 -0.339700 -0.516830 0.595866 0.518390 0.995101 -0.037650 -0.849518 -1.933882 -0.024692 0.329982 -1.993374 0.924127 -0.486963 -1.753786 -1.652963 2.491435 -1.108089 1.989511 0.001927 0.453125 -0.667369 0.869888 1.154007 1.700215 -0.239586 -0.936841 -1.028938 0.633946 0.105023 0.358770 -0.823825 -0.882669 0.761557 -1.165541 0.640748 -1.636066 0.191995 -0.007631 -1.538684 0.910122 0.447949 -0.607172 0.120055 -0.897095 0.260956 0.253223 -1.316482 -0.835387 -3.038146 0.400676 -0.210011 0.303814 0.061618 -0.007331 1.303973 0.628649 -1.641270 0.325262 0.427253 0.351732 -1.467072 0.307448 -0.050225 0.102590 -0.875195 -0.836454 -0.855209 -0.000946 -0.161473 -1.172047 0.905327 0.685705 0.321914 0.617907 -0.313567 -1.372325 -0.770573 0.961058 -0.038367 0.108806 -1.780768 -0.895849 -1.259399 0.858524 0.035403 -0.936265 0.317487 0.022107 0.508815 0.593109 -0.326402 -1.521623 0.610456 -0.184361 -0.042433 -0.681975 0.259250 -1.499579 0.735858 -0.088578 -1.209780 -0.188021 0.263882 0.332086 -0.172653 -0.692684 -0.058734 0.827273 0.310023 0.572689 1.027781 1.536726 -1.605517 -1.865661 -0.767070 -0.352494 0.186111 -0.188470 0.203781 0.832457 0.314199 0.162548 0.889801 1.789566 -0.004699 0.363223 0.393953 -0.347362 0.691523 -2.369018 1.335193 0.062686 0.435103 1.087033 2.066975 1.819228 1.060360 1.246840 -0.924803 1.311337 1.188043 -1.543862 0.788562 -1.026948 1.341137 -0.137840 -0.043534 1.464891 -0.402150 0.143797 -0.260850 -1.299153 1.381668 0.959915 0.584431 -1.205310 -1.490571 0.020218 -0.866767 -0.053032 0.336355 -1.240683 -1.363140 -0.201839 0.133702 -1.318072 1.963694 -0.256403 1.607498 -2.057517 0.313377 -0.012971
-1.108260 -0.493352 -0.795008 -0.420994 1.432180 1.408430 0.828848 0.113854 -0.628718 0.287476 -0.544483 -0.247660 -0.526081 -0.231947 0.065202 -0.466884 -1.195082 -0.060601 0.717049 0.158661 0.957915 -0.345295 0.432323 -0.414615 -1.042768 0.140363 -0.737489 1.443928 -2.147957 -2.779404 0.805175 -0.388021 0.761262 1.250432 0.247053 0.585360 -0.746579 0.989446 -0.164548 0.063824 0.713083 1.695037 1.552271 -1.077739 -0.035377 -0.468255 -0.233056 -0.971616 -0.858434 0.601000 -0.026796 -0.505739 0.819002 0.509882 -0.614838 -0.548687 -0.172226 -0.904824 1.423822 0.007572 -1.399807 -0.284848 -0.490587 -0.235906 0.157559 -0.474282 -0.981845 0.126209 -0.133386 -0.020474 -1.128000 -0.303346 -0.708995 -0.534060 0.080278 -0.595328 0.006093 -0.448937 -0.839882 1.127478 -0.091180 -0.568032 -0.065842 -1.390327 -0.763644 2.127508 0.246127 -1.255623 -1.093523 0.013154 0.883700 0.403808 0.119843 0.656725 1.326448 0.368084 -0.354077 2.144640 0.947539 -0.821751 -1.173371 -1.492998 0.780487 -0.991791 0.630096 -2.146081 0.979063 -0.561094 -1.368965 0.404694 0.811939 -0.161972 1.532908 -1.238173 -1.411899 -1.024188 0.804145 -0.280339 0.147645 -0.081906 1.239937 1.868873 -0.516219 -0.676235 -0.106857 0.531309 0.026792 0.108669 0.965050 1.087447 0.359253 1.059739 1.094009 0.509882 0.193457 -0.651856 -0.129432 -1.108098 -1.151722 0.591001 -0.405473 -1.339673 1.787548 -0.330710 1.203883 0.785662 -1.084456 -0.681202 0.402542 1.196987 1.527980 -0.346872 0.047215 -0.817088 0.909825 0.133952 -0.665623 0.540188 0.401342 0.676411 0.341369 -1.496104 1.415127 0.580120 -0.840840 -0.304447 -0.142055 -0.489182 -1.392989 -0.444956 -0.581670 0.675761 -0.640156 -1.344770 0.721424 0.082174 1.028079 -2.075518 -0.330371 -1.304674 0.865737 -1.269504 -0.050316 -0.259568 0.325892 -1.054279 -0.343851 0.103959 -0.028839 0.443279 0.823681 -0.227447 -2.079726 2.061896 0.908192 0.294624 0.868020 0.279335 1.333854 0.830785 1.225079 1.213890 -0.967162 -0.484857 -1.283910 1.179967 1.119525 -0.867335 -1.011250 -1.637151 0.435519 -2.021704 -1.799265 0.745996 0.686720 -0.327839 -0.998862 -1.288713 2.255929 -1.589782 1.337703 0.646347 0.526622 0.130364 -0.508672 -0.872783 -1.285338 -0.489457 -0.910235 1.738703 1.412209 -0.237951 -0.576990 0.439639 0.906359 1.617642 -0.063472 0.175325 -1.271498 0.268596 1.034003 -0.899100 -0.616966 -0.249115
1.094266 -1.380366 -1.325498 -0.079238 0.305959 0.371276 0.352719 0.594998 -0.341234 -1.943663 0.259749 0.094370 -1.787289 -0.664396 0.778524 0.316184 -1.149623 0.860929 -0.279228 0.317693 0.483363 -0.392138 -1.024598 1.585312 -0.734286 -0.008319 0.830711 0.937683 0.210123 -2.053863 -1.460117 -0.273753 0.120379 2.497967 -0.259087 -0.082479 -0.740194 0.209813 -0.355563 1.006264 0.545773 0.118424 0.720289 -2.798808 -0.299881 -1.283041 1.392776 -1.254565 0.261938 0.103201 -0.614720 -1.009733 1.155990 -0.414728 -0.040412 -0.440985 -0.585983 -2.689776 -1.447703 1.576254 -0.233939 -0.060060 0.016942 1.960164 -2.389541 -0.778521 -0.198414 0.869393 -1.312002 -0.642283 -1.717081 0.442755 1.160553 0.160343 -0.184347 0.657844 0.170924 0.936049 -0.057411 -0.319406 -0.959099 -0.375902 0.908260 0.792761 -1.759882 -0.366596 -0.347247 0.438893 -0.354572 -1.071433 0.718506 2.533943 1.723914 -0.480032 -0.574871 -0.594856 1.087030 1.370157 0.243358 -1.098773 -0.379290 0.823808 1.461549 -0.136120 0.067451 1.437175 -0.477092 -1.524249 1.157733 -1.177556 1.739214 1.329980 1.316158 -0.090970 -0.066269 0.531639 1.099850 1.327245 -0.759482 0.913800 -1.339847 -0.363057 -2.090266 0.731554 -0.790986 -0.014038 -0.266799 -0.022629 0.136090 -1.571609 1.465088 0.591969 1.242990 -1.868353 1.323510 1.785627 0.805085 -1.609479 -1.382842 0.722180 -0.646598 -0.515956 0.715713 -0.695358 0.330184 -0.482846 2.594196 0.677032 0.443591 1.144567 0.270566 0.448453 0.387778 -1.922236 -0.010973 0.102161 -1.752906 0.391883 0.242244 0.510199 -0.774309 -1.695320 -1.450778 0.292189 0.018137 -0.359660 0.526653 0.087318 1.344297 -0.307412 -1.214288 0.686353 1.477903 1.472782 -1.513060 -0.310265 0.068369 0.453312 -1.486478 1.230056 0.419108 0.824128 -1.258658 -1.115963 1.224664 0.623911 -0.416264 0.889173 0.566958 0.036416 -0.055182 -0.938979 -0.673703 1.220806 0.105522 1.250712 2.620445 -0.968664 -0.170346 -0.448572 -0.406073 -1.665491 2.653706 0.056692 -0.258091 1.110855 -0.694951 -0.539165 0.658506 -1.720608 -2.333167 -1.199463 0.049150 -0.502976 -1.765015 -3.090630 -1.905121 0.047162 1.362903 1.100611 1.778709 -0.277252 -0.779828 0.532518 -0.943068 -2.084198 1.674862 -0.298922 0.344403 -0.787426 0.040950 1.615543 -0.699618 1.482545 -2.586930 -2.635232 0.199558 -0.624041 0.209774 0.034693 -0.788653 0.881431 3.016854 0.559583
0.742388 0.175896 1.403881 -1.459730 -0.272051 -0.501586 0.674814 -0.627058 0.242765 0.871843 0.211853 -0.160189 -0.049195 0.608445 0.896915 -0.413944 -1.339064 -1.553835 -1.007644 -0.139264 1.464236 0.687798 -1.369039 -0.222755 -0.427614 1.046054 0.244299 0.922813 -0.753475 0.275273 0.169099 0.614374 0.593299 -1.670376 -0.784691 -1.410194 -0.220280 -0.028577 0.596361 0.362583 -0.348132 -2.257857 -1.360501 0.963623 -0.051199 1.070242 0.630880 0.329772 0.227513 0.493534 1.410099 -0.478964 0.338508 -0.097456 -0.206587 0.954606 -0.692159 1.737145 -1.140467 -0.754883 -0.830628 -0.992495 -1.584557 -0.400257 0.432700 0.180820 0.451170 -0.185720 -0.453925 1.221776 -0.242646 0.863479 -0.066450 0.656495 -0.004142 0.056951 -1.074427 0.808180 -1.078643 0.069701 0.204672 0.117220 -0.167019 -0.140881 -0.574599 1.511094 -0.313095 -0.360203 1.175162 -1.662745 -0.828579 -1.617975 -2.121923 0.577881 -0.708134 1.763733 -0.776699 0.243900 0.411700 0.221956 2.093575 -0.056370 0.282028 1.831103 0.509233 0.136973 0.249697 -1.726606 0.303840 -0.674112 1.253468 1.367517 0.643691 0.348041 -0.731326 0.076134 -0.091567 0.903600 -2.021857 -0.045251 -1.920968 0.303966 -1.046841 1.558365 0.366462 -0.555398 -1.007617 -0.823631 -0.350954 0.514064 0.902420 0.500297 1.304786 -2.055081 0.113486 -0.875899 1.053293 -1.282082 -1.244219 2.406138 0.429386 0.267962 -0.411306 1.008251 0.962313 -0.953494 0.291931 2.519260 0.352986 -0.202621 -0.428880 0.552871 1.100855 1.244306 -0.603221 1.449287 0.884712 0.359163 -0.033689 0.492209 1.086951 -1.417252 -0.613893 0.017064 1.293086 1.077725 0.189760 -0.375792 0.342360 -1.328448 0.037214 1.298193 -0.904068 -0.018848 0.788356 -0.180205 -0.200040 -0.811642 -1.325439 1.961852 -1.438689 -0.748162 0.939875 0.938623 -0.221853 0.698151 -1.228251 -0.181128 0.341013 1.719947 -1.177719 -1.405955 -0.299895 1.070172 0.567309 -1.313015 -0.662754 0.019121 -1.032174 0.256600 -1.175273 -0.093767 -1.050520 1.880622 -1.237565 0.699684 2.288138 -0.543681 0.889612 0.340373 0.266700 -0.784569 0.546282 1.279505 -1.464262 -0.768538 0.856250 0.493519 -0.813678 1.024097 1.237329 0.168845 -0.702006 -0.382762 0.016405 -0.425251 -0.272195 0.393024 1.688756 0.093034 0.945897 -2.080981 0.309194 1.133069 -0.053974 -1.270164 -1.363747 0.704213 -1.739004 0.253233 -1.345193 0.127918 -0.862745 -1.442371
0.900302 -0.900303 -0.463722 0.230180 -1.376651 -1.252112 -0.717346 0.739777 -0.138567 -0.001655 0.749408 0.343627 -0.412495 0.046328 1.932064 -0.179579 -1.039953 -0.457852 0.606431 -2.900678 -0.306947 -0.638355 0.372007 -0.072952 1.119492 -0.418373 0.740305 1.592201 0.296131 0.747897 -0.664357 -1.130482 -0.076559 -1.059929 -0.332211 -2.153258 0.580679 -2.938484 0.007879 -0.782918 -0.084036 0.686561 1.037609 1.676407 -0.377436 -0.158624 -0.181348 1.510447 0.803603 -0.534085 0.706610 0.321670 0.966665 -1.811032 -0.367718 1.398656 -0.667652 -0.541705 0.058794 0.406114 -1.669904 -0.489094 0.609936 -0.971123 -1.567967 0.028535 -0.536149 0.512348 1.446871 -0.037380 0.295758 -0.967694 -1.923531 -0.397948 0.547132 -0.794578 -0.742561 0.870482 0.327868 0.913389 -0.879144 -0.986419 -0.214341 1.379931 -0.018737 -0.030822 -0.210966 -1.660772 -1.770610 -0.938404 -0.614988 0.901061 0.799511 -0.263349 0.415542 -0.756811 -0.832637 1.060432 -0.589512 0.094618 -0.744042 -0.895115 -1.077480 -1.024434 0.479024 -0.703740 -0.141528 0.804720 -1.143734 -0.147269 -0.806224 0.164947 0.884945 0.635716 -2.541838 -0.407716 -0.525889 -0.966800 -0.219628 -1.022605 0.101146 1.334485 0.858454 0.083038 -0.747071 0.008311 -0.407693 0.471462 -1.589306 -1.585110 0.445671 -0.450307 -0.465060 0.693115 0.271986 -1.390604 0.440698 -0.234647 0.569713 -1.284878 1.092041 -0.824412 -0.600229 0.309197 0.785357 -0.083802 1.604425 -1.113169 -0.649418 -1.022834 0.177467 -0.744150 0.606887 -0.803480 1.391173 0.640996 -0.466606 2.731941 -0.425869 -0.714426 -0.222310 -0.131113 1.568893 -0.927477 -1.053692 -0.744876 0.631433 -1.794970 -1.102389 -0.513561 -0.445864 -2.763219 0.712535 -0.383764 0.066956 -0.155249 -0.151166 -1.293903 -0.003666 -0.326746 -0.763379 2.221805 -1.734744 0.060311 0.611724 1.290026 -0.016244 -0.223505 0.807524 0.016671 -1.540433 -0.748268 0.963130 -0.486004 -0.530679 1.898170 -1.633856 -1.531990 0.049360 1.500488 -0.107011 0.740664 -0.047022 -0.523996 -0.184555 -2.074561 -0.216877 0.274125 -0.362367 0.958202 0.378688 0.199661 0.223971 -1.330395 -1.106994 -0.930988 0.316178 0.339094 -0.771052 1.053054 0.325766 1.205161 0.593001 0.396829 -1.387125 0.564021 -0.172970 -0.806660 0.039328 -1.282086 0.216937 -0.907342 1.163323 0.060240 -0.570151 -0.114901 0.533490 -0.509445 -0.073962 -3.079980 0.118590 1.605989 -1.199948 -0.966647
2.006580 -0.088568 0.704694 -1.108848 1.441305 0.287259 -1.727551 -0.293232 0.121957 0.374465 1.244644 1.443106 -2.442246 -2.180881 -0.846548 -0.510499 0.691410 -2.310789 1.171713 -0.027917 0.351098 0.013080 -2.303693 -0.484346 -0.047517 0.892959 0.013928 2.405490 -0.198470 0.247982 -0.088658 0.496747 0.915670 1.898255 -1.170136 -1.659156 0.448782 1.277288 0.302002 0.896078 -0.142899 -0.017665 1.109083 -0.980159 -0.914812 -0.704844 1.173905 -0.406615 -0.230887 2.016162 -0.029263 0.641734 0.244008 -0.873634 -1.441394 0.027520 -0.626839 -1.887836 -0.423852 0.288052 -1.287561 0.165358 0.411951 0.823619 0.662488 -0.500800 -1.076756 1.763229 -0.315824 -1.825895 -1.182353 0.217876 0.660821 -1.276445 -1.870145 0.802579 -0.322761 -0.482735 0.827459 -1.107272 -0.078287 1.004356 0.767460 1.672628 -1.428098 -0.221560 0.770151 1.283434 0.398521 0.439958 0.584296 1.489898 -0.578232 0.631163 -0.364551 -0.146473 -0.653476 0.335436 0.065918 0.462636 -2.356549 -0.874904 -2.000213 0.036363 1.838042 1.088996 -0.664208 0.717841 0.620120 1.689587 0.785769 1.569926 0.573101 -1.607688 0.113853 -0.467752 1.213309 0.242569 -0.631264 0.235300 1.027849 -0.781371 0.071331 -0.640148 0.833359 0.679505 0.190132 -0.193599 -0.658906 0.740460 0.286373 0.331570 2.339352 -0.533575 -0.549640 -0.513634 0.355670 1.523394 -0.333630 0.584944 0.184518 1.425907 2.258936 0.787934 -0.198380 0.507700 0.548749 1.683336 0.740215 1.854403 0.740908 0.404390 2.006893 -1.183075 -1.023738 1.924470 0.249368 0.083980 1.131448 -0.874383 0.730982 0.270757 1.204933 -0.558835 -0.026044 0.233366 -1.244818 0.950463 -1.074299 0.262298 -0.525820 -0.843653 -0.001520 1.164890 -0.998609 -0.444720 1.562460 -0.839185 -0.096950 0.029553 -0.601556 -0.206432 -2.112225 -0.519297 -0.069156 -0.523484 -0.124770 0.403679 -0.906194 -0.044551 1.503017 -1.544154 0.895359 0.328266 -2.092481 0.212243 0.240082 1.662507 -0.331979 -0.005692 -0.304870 -0.054821 0.062231 -0.743050 -0.604029 0.873413 0.206975 0.774556 -0.869030 1.347888 -1.990041 -0.983627 -0.275424 0.104181 0.474432 -1.378965 -1.342544 0.011188 0.704410 0.295469 -1.033189 0.493620 2.176280 -1.611035 1.301915 0.595484 0.354266 -1.169004 -0.143648 -0.241381 0.302430 -1.406585 -0.734974 -0.429839 0.355440 -0.522670 -0.452813 -0.759798 -0.242543 -0.006287 -1.754952 0.345271 -0.175071 0.453805
-0.305646 1.672097 0.232891 1.044176 0.313962 -0.283364 -0.064494 1.758370 -0.984870 -0.116598 0.095547 -0.043800 0.644458 -0.670556 -0.778333 0.688399 -0.695315 -0.679230 -0.652988 0.914514 0.168315 0.166861 -0.279340 -0.904474 -1.398330 1.317826 0.019129 0.373401 1.325022 0.551466 1.197351 -0.575767 1.444149 0.212241 -0.067548 -1.155788 -0.834590 -0.556867 0.017100 -1.096921 1.008600 0.724843 -1.005255 0.801035 0.536456 -0.352773 1.097655 -0.174979 -0.138379 -0.239495 -0.802049 0.063512 -0.694606 -0.969415 0.584501 -0.275740 -1.203819 -0.136315 0.022778 -0.338494 -0.180236 -0.060761 0.857775 -0.529369 0.307643 -0.475771 -0.137562 0.814814 -1.567622 0.105878 -0.582221 -0.361410 -0.135472 0.458627 1.398276 0.892539 0.093675 0.365098 -0.251812 -0.009845 -0.292716 -0.439433 0.815537 0.234611 -2.122097 -0.392783 0.499122 0.138826 2.005035 -0.265660 0.253169 1.360408 -0.031699 1.064304 -0.396630 0.859871 0.300381 1.231582 -0.355721 0.227863 -2.642823 -2.311723 -0.305669 0.810499 -1.830250 0.734367 1.306567 -1.159039 0.624836 -0.401477 -1.755461 -0.771958 -0.009713 -1.407734 -0.383058 1.557318 -0.533604 -0.083952 1.502197 2.607423 -0.763510 -1.619727 0.050061 -0.462030 0.514542 1.823195 -0.555965 0.846339 -0.085880 -1.198404 -0.255819 1.411259 0.384578 0.002422 -0.227771 0.852961 -0.036676 -1.801607 -0.201134 1.841549 -1.578907 0.065237 -0.765891 -1.149924 -0.016495 -0.348107 0.183957 0.351566 1.466484 1.688528 1.267254 -0.408878 -3.171923 -0.682885 0.167354 -0.091388 -0.591787 -1.464635 0.820268 0.075440 -1.230164 1.559149 -0.546334 -0.651413 0.668536 -0.137599 0.169020 0.307494 -2.892265 0.370768 -0.114950 -2.170218 -0.375366 -0.321347 -0.589326 0.333594 1.522034 -1.624447 0.803553 2.832214 1.422992 -0.196845 -0.891009 1.073278 0.645141 -0.798653 0.032533 -0.289984 -0.289025 0.437880 0.622137 0.787789 0.973794 0.328371 -1.982613 2.250942 -1.577231 -1.336142 0.094696 1.595525 -0.316389 -2.060069 1.487471 -0.780893 1.038161 0.496537 0.053427 0.084701 0.077686 0.268602 -1.114336 -0.075577 -0.675933 -0.438779 1.015042 -0.253543 -1.972018 0.384855 0.465111 0.201777 -0.697133 0.617649 -0.030696 2.122581 0.800390 0.184738 0.221088 0.065149 -1.874661 2.805888 0.058754 0.771621 1.317306 0.248769 -0.412147 0.454025 -1.444520 0.363077 0.657532 -0.541968 1.103911 -0.188233 -0.330604 1.214714
0.656476 -0.200117 -0.994849 -0.970172 -1.384037 -0.207448 -1.393410 1.289900 -2.690074 -0.265361 -0.230103 1.647623 -0.138118 -0.846896 0.768481 -0.201585 0.644535 1.455038 0.066984 -0.782396 -0.769846 0.145255 -1.317098 -0.078125 0.729206 0.661481 0.303542 1.241411 -0.211906 -1.807893 0.597538 0.491914 0.297981 0.416261 -1.312816 2.094815 -0.916610 -0.872528 1.139185 0.299927 -0.246847 0.640364 -0.604763 2.361273 1.291062 -0.953387 -0.502130 0.512426 1.252478 1.773589 0.829572 -0.460545 -2.315793 2.152619 0.427217 -0.256046 1.794635 -0.935543 -0.441563 -2.029024 -0.124799 0.900166 -1.922986 1.184942 -0.398191 0.159755 0.293358 0.616653 -0.564336 0.989571 -0.059327 -0.982906 0.309921 -0.676642 -0.652277 0.291622 0.533339 -0.396130 -0.028816 0.167963 -0.008103 -0.340892 -1.777337 0.060198 1.118049 0.763951 1.270870 -1.147919 -0.753721 -0.580348 -0.374830 1.568167 0.543974 1.793116 -0.088512 2.302771 0.419145 -0.017561 -0.044183 0.590506 -1.229873 -0.432920 -0.180162 -0.486652 0.008417 0.089637 0.372949 -0.361528 1.435828 1.153908 -0.412136 -0.319272 -1.337239 -0.235372 0.580129 0.944924 -0.075530 -1.223501 1.261139 -0.803228 -1.063651 0.591707 -0.638215 -0.682194 -0.586048 0.146445 -1.173346 -0.815377 -0.956256 -0.153860 0.190266 -0.141989 1.987209 0.602191 -0.906704 -0.875618 -1.371576 -1.736120 -0.257605 -0.783283 1.921451 1.405484 0.799700 -0.262407 0.195789 0.547450 0.323133 -0.190395 -0.988876 0.930247 0.061303 1.613233 -0.930016 -2.565665 1.683870 1.266504 0.174507 0.713749 1.775288 -0.356223 -1.130811 0.529767 -1.590270 0.923429 0.931722 -0.420702 1.155856 0.761662 -0.402804 1.165378 0.633024 -0.750177 -0.939601 -0.886424 0.432637 0.877683 0.155942 -0.408150 -1.196669 0.287414 -1.779554 0.837143 -0.886697 -1.331241 -0.951476 0.639090 -1.221220 -0.913458 -0.366099 1.908585 -0.340358 0.282542 0.291729 -1.156895 0.555710 -0.683951 1.098139 -0.503317 1.561658 -0.344966 0.537293 -0.465777 -0.257559 0.300758 -0.617015 -0.579258 -1.705268 -0.238090 -0.062014 2.080481 -1.165589 0.012116 0.909055 -0.515248 2.262919 0.242439 -0.606981 -0.073725 1.128579 -0.713220 0.191823 -0.159424 0.277287 -0.294349 1.372680 0.255846 -1.484723 0.075343 1.029630 0.581573 1.342287 -1.502073 -1.387142 -0.482154 0.823627 -0.744346 0.450990 1.111445 0.615829 -1.244250 -0.907406 1.205192 0.260544 0.955887
-0.867867 -1.047937 1.372390 -0.076376 0.458619 0.234239 0.165237 2.067474 0.601160 0.134659 0.286171 -0.973172 -0.210043 -0.279276 0.633366 0.821900 -0.014055 0.795261 0.186074 -0.004258 -0.689092 -0.296883 -0.917936 -0.812164 -0.287350 1.044422 -0.084713 -0.313216 -0.056097 0.060818 -0.309820 -1.265303 1.268201 -0.280690 -0.122527 -0.317224 -0.457119 0.704140 -0.364313 2.003722 -1.155046 0.156346 -1.126891 -0.238341 0.469677 0.589587 0.938464 -0.566975 1.640932 -0.205930 -2.723924 1.035937 -0.821147 -2.265782 -0.112562 -0.114540 1.271565 0.242520 -0.114024 1.376952 -0.460348 -0.488892 0.346225 1.036760 0.143964 -0.362138 1.465738 1.377786 -1.448783 -0.057106 0.580999 1.974717 0.367156 -2.624919 1.741924 -0.003578 -0.534499 -0.888070 -0.723950 -1.462732 0.279354 0.639951 0.587456 -0.291096 -1.208263 -0.479222 1.539625 0.413551 -1.356607 -0.804132 0.865425 -2.558605 -0.032381 0.365050 -1.258831 0.272513 -0.382609 -0.734026 -1.147157 1.337000 1.171670 1.615799 0.702831 -1.846455 -0.615143 -0.225649 1.055017 0.687367 1.639908 -0.480188 -0.057337 2.107018 0.747445 0.690027 0.407653 -1.239537 -0.008215 0.041465 -0.252182 0.973861 0.539400 1.177113 0.329557 -0.290008 0.107847 0.292681 -0.476875 -0.456357 0.871483 -0.692995 -1.470630 0.487329 -0.036752 0.392026 -0.030589 0.738166 -0.264458 0.054374 0.845022 -1.794818 1.160327 -1.080970 0.210613 1.318417 0.181515 1.555649 0.865645 -1.028268 0.200567 -0.147032 0.263635 0.159947 -1.035262 0.033645 2.724878 -1.155096 0.685133 1.964225 -1.059265 1.006842 -0.138099 0.411526 0.847559 0.744900 0.010365 0.447335 0.872280 2.107076 -0.231155 0.052056 -1.836851 -0.440622 1.333939 -1.186736 -0.574166 -2.158436 1.148404 0.351308 0.627395 0.029181 -0.078595 1.241805 0.479804 -1.854894 -0.406943 -1.005430 2.376302 -2.025078 -0.985798 0.069950 -1.010041 -0.417019 0.895534 0.467648 0.677488 0.153748 0.114256 0.049501 -1.998703 -0.414362 -1.123620 2.494773 -1.343674 -1.731372 0.400972 0.450934 -1.390962 1.264732 -1.880701 -0.549689 -1.693887 0.368315 0.367822 0.082982 -0.421441 0.584317 -1.697739 1.183873 0.171752 0.501069 0.348098 -1.643274 1.628424 0.772092 -0.660750 -0.102903 -0.090953 0.881672 1.005593 1.451528 -0.994870 -0.227045 0.297222 0.042839 -0.198057 -0.066044 -2.088601 -0.342707 -0.050710 0.194092 -0.294059 0.062672 1.724023 -0.204288
0.677100 -0.393641 -0.408339 0.326679 -1.503864 0.789080 -0.258570 -0.656917 -1.066380 0.178717 -0.750915 2.012961 -1.156401 -0.486651 -0.106530 -0.224079 1.536532 0.561501 -1.573057 0.234541 -0.076979 0.741921 -0.752171 0.790280 0.771442 0.724535 0.749918 0.589830 1.680168 1.947624 0.508440 -0.089237 -0.371330 -1.056185 -0.440942 0.091823 0.709431 -0.389994 -2.024096 1.642106 -1.119454 -1.647008 0.019340 2.363266 0.986123 -0.165691 -0.633918 -0.474921 -1.302923 1.328894 -0.114257 0.333576 -0.257393 -2.321775 -0.108948 -1.302690 0.846341 -0.149990 1.903778 0.482542 1.576046 0.705425 -1.540580 0.256390 1.854450 0.161033 -0.869215 0.963904 -0.470601 -1.069172 0.516463 -0.979209 -0.114899 0.022716 0.885035 1.147543 -0.325749 0.398333 -0.600818 -0.181404 -0.008570 0.659723 -1.725460 -0.977465 0.692071 0.282238 -0.715926 -0.133019 0.985303 1.202754 1.139760 1.376964 0.148030 0.997834 1.743455 2.247326 1.447629 1.126476 -0.309025 -0.313320 0.023808 1.440537 1.495331 -0.512721 -1.188664 -0.368794 -0.970262 0.274896 0.196924 0.397331 1.013849 0.535028 0.352762 1.688949 -1.172542 0.578232 0.078360 0.788507 0.944614 -1.538543 -0.604491 -1.848718 -0.832274 1.094183 1.103292 -0.742920 0.205233 0.059882 0.380464 -0.033535 -0.864293 -0.863004 0.728919 -0.246218 -0.433542 1.452377 -0.135675 -0.801894 0.670545 -0.058948 1.477452 -0.436668 0.362867 0.059259 -1.729438 -0.351465 0.959939 1.136778 0.826979 -0.825207 -0.322325 0.572921 1.273892 1.328603 -0.279127 -0.848926 -1.434273 -1.305105 -2.906322 1.555665 -0.589998 -1.275197 0.235140 -0.963574 0.574840 0.749739 -2.599930 -1.303354 0.830558 0.451257 -0.456964 -0.843780 -0.884143 -0.692458 -0.829771 0.176903 -1.279035 -0.888183 0.567862 0.436398 2.541834 0.346520 0.537120 0.050313 -0.477631 -1.383468 -2.096050 -0.564835 -0.215180 0.306880 -0.559878 1.315542 0.416028 -0.696322 0.632477 -0.744861 -1.086147 -0.617883 -1.933243 -0.749131 0.649015 -0.278474 -0.649601 -1.825796 -1.252493 -1.860126 -0.568127 -0.530311 -0.809574 0.507487 -1.810520 -0.615796 0.765809 -0.959333 1.033140 -2.775962 -1.430418 0.596981 0.867494 -0.004718 0.921496 -1.879777 0.736505 -2.186409 -1.911771 1.191692 0.166472 -1.734677 -0.991284 0.302548 -1.635050 -0.026992 -0.763878 -0.662446 0.507663 0.339467 0.955245 0.266874 0.873677 0.858916 0.319014 -1.144973 -0.236419 -1.745466
0.548602 0.142068 1.175753 2.412084 1.583789 -1.116822 1.404790 1.010617 -2.094113 0.826855 0.698893 1.383187 0.463963 -1.409439 -0.875314 0.917643 0.546805 2.286270 0.695244 1.024812 1.056130 1.143609 -0.253297 -0.372134 -0.235826 -1.661641 0.231803 -1.694955 -0.649492 0.674053 0.823277 0.492998 0.237750 1.206913 0.782498 -0.709220 1.138109 -1.654195 -1.733720 0.221293 -0.271452 -0.658704 1.273562 -0.754436 -1.082232 0.144930 0.877907 1.657264 0.898576 -0.758648 0.144994 -2.228901 0.093474 0.632741 1.807208 -0.835769 0.123676 -1.549164 0.829179 0.269126 0.735704 0.003204 0.347030 -0.347680 -0.056839 -0.052149 -1.415455 -0.810578 -0.095628 0.379443 0.535770 0.114219 1.316913 -0.388326 -1.486693 -1.108019 0.815924 -1.001686 -1.017046 0.065011 -0.009767 0.595942 0.907970 -1.108667 0.079191 -0.569218 -0.823176 0.974333 -0.846060 -0.495704 -0.366989 -0.618611 2.235643 0.202136 -0.236548 0.607114 1.015835 -0.059517 0.598556 0.808214 1.507747 0.899491 1.814975 0.792682 -0.794412 0.360925 -0.467091 -0.901023 0.366483 -1.331727 -0.157975 -0.399987 -1.856239 1.736082 -1.105342 -1.225024 -0.699230 -0.310746 -2.070508 0.070510 0.362510 -0.918056 -1.265102 -0.373970 0.438628 0.164417 -0.710038 -0.205772 -1.037046 -0.875629 0.667550 0.599402 0.147837 -1.412921 1.510041 0.560051 0.282299 1.284765 -0.076956 -0.787602 -1.200929 -1.161762 1.496036 0.409304 -0.884824 -0.753059 0.530206 0.078530 0.502766 -0.659992 0.091515 -0.655295 -0.069423 -0.090009 -0.531895 -0.032618 -1.389452 1.324606 0.581323 -0.280602 -0.450251 -0.750219 1.682042 0.195620 0.748909 -0.741115 -1.300555 -1.716095 1.448312 -1.237837 1.056710 0.924781 1.177745 -0.105008 -0.633928 -0.808576 -1.543448 1.639366 0.585216 -0.438112 0.206376 1.282707 -0.655908 -1.529417 0.818134 1.291073 -0.009416 0.608344 0.012150 0.290034 -0.268484 0.388883 -0.900461 1.221220 -0.361478 -0.181272 -0.135938 0.493776 -0.622664 -2.248732 -0.657341 -1.093555 -1.364121 0.421367 -1.120542 -0.265532 -0.014203 -0.129716 -0.049380 -2.266244 -0.163233 -0.068526 -0.136666 0.027626 -0.701168 0.745248 0.299062 0.239850 1.468210 -1.189891 -0.302417 -1.642061 -1.071329 -1.249638 0.308757 -0.698612 1.704752 -0.691325 -0.247867 -1.541903 1.820442 0.348044 -0.866531 0.182522 -1.980775 2.016578 1.474011 -0.109515 -0.999004 -0.834288 1.053526 0.647045 1.700775 -2.444937
1.847681 0.546439 -0.220854 0.568890 -0.195823 -0.577465 1.848247 -0.286034 0.029075 1.494071 -0.941742 -0.177313 -1.212437 -0.205920 -0.472981 0.008626 -0.592918 -1.095553 -0.305449 0.773035 -1.160401 -0.018876 1.680829 2.155024 -0.661642 0.831087 0.602663 0.106076 -1.117639 0.112836 1.062842 0.600294 0.253837 1.208834 0.013261 -1.851477 -1.074177 2.166504 1.344201 -0.430960 0.348349 -0.645358 -0.147717 -1.176687 -1.812378 0.295125 0.495810 0.550341 0.095243 0.198925 -0.208359 0.777338 1.756701 0.162053 -0.155481 -0.273810 -0.090058 -0.359480 0.581603 -1.087569 -2.434721 1.192600 1.028389 -0.510209 -0.748455 0.315283 0.627919 0.276553 -0.639923 2.696346 1.799619 0.116219 1.263762 -1.657146 -0.201038 0.198869 -0.363686 1.243143 0.450026 -2.527127 -0.966587 -0.461961 0.865077 -2.186000 -0.748483 2.130416 0.273912 -0.688099 -0.208822 -0.473466 1.505260 1.841282 1.224436 -0.397353 0.240895 0.590892 -0.479628 1.554123 -1.242513 -0.592261 -0.505090 -2.416709 -0.657030 0.599382 0.391392 0.818498 -0.873180 0.065088 -0.515858 -0.626519 -1.590742 1.286806 -1.299850 0.370978 -0.146317 1.045962 0.542572 -0.938928 0.822950 0.337091 0.994460 -0.357320 -0.052285 1.460883 -0.326280 -1.295790 -1.170806 0.914051 0.285006 -0.095840 0.076670 -0.060654 -0.796432 -0.711729 -0.319322 -0.207826 0.704025 -0.308486 -1.145291 -0.004832 -1.382237 -0.348897 -1.647838 1.427138 -0.313220 -1.497692 0.076928 -0.246320 0.637595 0.542357 -0.076375 -1.083613 1.769451 0.390599 -0.439461 0.268962 0.996082 0.056753 1.026414 -1.796685 0.545389 -3.072962 -0.979506 -1.887756 0.016749 -1.516066 -0.087282 0.040213 0.327585 -2.351083 -0.568169 -1.600121 0.132645 -1.484804 0.147930 -0.439890 -0.785764 -0.947518 -0.398968 -0.845431 1.416816 -1.445096 -0.638993 -0.397588 -0.948103 0.970938 0.949848 -0.295850 0.137113 -0.995836 0.662314 0.533812 -2.814843 -0.941556 0.355674 0.174977 -0.582953 0.056306 0.678541 -0.224497 -1.794818 -0.702338 1.688121 -1.032256 1.381568 -0.783893 -0.525014 -1.135448 1.005761 0.385109 0.163399 -1.063909 -1.663311 -1.817903 -0.103707 0.569013 -0.112503 1.809854 0.287571 0.331659 0.456035 0.241393 -0.546893 -1.570151 0.790455 0.384462 -0.793310 -0.192307 -0.006072 0.651747 1.382873 -0.422790 0.170532 -0.297096 -0.635198 -0.739842 -1.381311 -0.305164 -0.642434 -0.323214 -0.135488 0.905178 1.457366 -0.243155
1.805539 -0.384459 1.241145 -2.104415 1.154847 0.379318 0.895825 1.061791 -1.821588 0.103055 1.331029 -0.047209 -2.309972 -0.503273 -0.052627 0.621141 0.107324 0.123763 -1.170487 -1.308087 1.097190 0.528287 0.049405 -1.133927 -1.528741 0.852571 2.322619 2.041298 0.313938 0.032748 -0.088617 0.052290 0.164672 -0.933121 -0.651381 0.087498 -0.118125 1.603459 0.131254 0.967368 -0.089206 -1.511905 0.057499 0.656270 -0.459573 0.283850 -1.968535 -0.423577 -0.303663 0.837604 -0.919103 0.896383 -0.847618 0.706117 -0.564962 0.252577 -0.062408 1.057591 0.625590 1.042173 -0.115041 0.301733 0.089236 -0.813064 0.343592 -0.353982 0.533741 0.587345 0.304614 -1.679192 1.135718 0.462656 -1.145571 0.265012 -0.572561 -1.195392 -0.027938 -1.209073 1.237068 -0.762877 0.162128 1.621658 0.606182 0.496463 -1.977430 0.167081 0.051531 0.529023 0.705837 -0.783360 0.623944 -0.020491 1.378390 -1.443933 0.504816 -1.860693 0.088800 -1.348957 0.319396 -0.324564 0.777054 1.465627 0.258596 -0.608569 -0.089486 -1.379680 -1.151470 -0.210149 0.035865 -0.763650 -1.225890 -0.913101 -1.998536 -2.972552 1.267515 -1.296091 -0.768295 -0.798976 -0.045149 -0.215075 -1.854741 -0.649782 -0.347626 1.310318 -0.929213 -0.075971 -0.804832 -0.264972 -2.652905 -0.099033 0.586977 -0.200745 -0.411011 -0.768146 0.012568 0.547867 -2.319338 -1.067950 -0.167869 0.756274 0.353398 0.113199 0.045001 -1.093996 -1.050853 2.698986 -0.437128 -0.264710 -0.898754 1.305269 -0.883161 0.142003 -1.425206 1.801179 -0.155782 -0.949659 0.299450 -0.270024 0.927504 1.132798 0.102069 1.025986 -0.610147 -2.010823 -0.427651 -1.406639 -0.358047 -0.119997 -0.930323 0.269552 0.537389 3.092099 0.836670 1.340755 0.543744 -0.880656 -0.994018 0.312781 -0.611304 0.212441 -0.253353 0.316345 -1.679775 -0.175386 -0.751944 1.101487 1.288467 -0.707706 -3.206630 0.446806 -1.060869 0.395558 0.914864 0.320428 3.154801 -0.192248 0.166103 -2.437451 0.443539 -0.683104 -0.468417 1.601115 -0.549428 -1.018187 -0.442187 0.517748 -0.737917 2.085684 0.184386 0.420291 0.074474 0.157412 -0.560545 1.725301 -1.155327 -0.276516 -0.901958 -0.870883 0.037545 0.475908 -0.384438 -0.815690 0.597130 -0.447211 -0.062041 0.266828 -0.553278 0.258196 0.936674 0.297179 -0.037752 0.173212 0.392501 -0.086087 0.530232 0.835272 1.237561 -0.858245 1.187218 -0.154953 1.156908 0.429165 0.560835 0.950385
0.103268 0.532356 -0.799308 -0.165326 -0.512324 2.249881 2.385683 1.007119 -0.515429 0.186212 -0.108198 1.253761 -0.267603 1.374988 0.020426 -0.353505 0.126430 0.232659 -0.392722 -1.454479 -0.744916 1.570876 1.664097 -1.462940 1.148339 0.202587 -1.438773 0.656637 -0.138143 1.525470 0.536301 1.579584 -0.154883 -0.117278 0.366903 -0.316581 0.516547 0.760578 1.684636 -1.553844 -0.185712 1.010766 -0.062341 -1.510619 -0.933387 -0.625420 0.158652 1.572441 0.187468 0.003113 0.805416 -0.119861 0.856704 0.919507 -0.737326 -0.419753 -2.106310 -1.738675 0.686818 -0.260549 -0.325427 1.351635 -0.311353 0.280696 -0.142552 -0.410114 0.174134 0.994059 -0.936035 -0.566038 1.017064 -0.450957 -0.978985 -1.572829 0.372211 -1.090536 -0.131710 -1.041537 -2.237144 0.331202 -0.222227 0.193629 1.196200 -0.164046 -0.403115 0.852196 0.618253 -1.439195 -2.518889 0.086455 0.995416 -1.078078 0.138347 -0.057614 -0.465259 2.497199 -1.221457 -0.354727 0.363720 1.356631 0.316472 -0.799650 -2.301420 0.596665 -0.642294 1.505389 -0.274440 -0.203692 1.957225 -1.397638 0.898074 -0.810866 0.276360 0.942057 -0.082784 0.708424 -0.765705 -0.548311 -0.765764 0.155199 -0.828698 -0.250284 -0.609179 -0.166905 1.375652 -0.551127 0.317366 -0.740808 -0.305653 1.255979 -0.788515 0.338201 0.412100 1.807436 0.033591 -0.524101 -0.922403 0.943475 -0.393946 0.061296 0.200591 -0.658916 -0.039609 -0.229087 1.711814 0.923003 1.543460 1.205925 -1.143012 0.945292 -0.156936 1.944742 -0.372183 -0.472313 1.091834 -1.348368 -0.715724 -2.939673 -0.813750 -0.162549 0.987147 0.493996 1.733311 -0.451285 0.378001 0.688851 -1.038675 -0.316810 -0.941776 -0.239308 0.251469 -1.004806 -2.354998 -2.173064 -0.203127 -1.753443 1.957342 0.228272 1.175425 0.507362 -1.322728 1.544074 -0.536299 0.371240 -1.097864 1.201908 -0.087181 -0.944481 0.405492 -1.226912 0.643856 -0.259373 0.844802 2.055447 -0.098104 -2.216663 0.909551 0.189178 -0.178234 0.360533 0.029410 3.031330 -0.014545 0.166295 1.179415 0.757723 1.126883 -1.208446 1.569233 0.176717 1.866592 0.753579 2.346347 1.325061 -0.015022 0.097755 -0.495450 1.319410 -0.610296 -0.067437 -1.146322 0.925943 -1.345384 -1.129704 0.412513 -0.095142 1.873137 -0.185541 -0.781815 -0.311833 0.419114 -0.354088 -0.825829 1.073950 -0.749775 -1.164544 0.300922 -1.270694 -0.315738 -0.416188 -0.516519 0.407517 0.143914 0.509959
2.223951 -0.556696 -0.062580 -0.734499 1.326759 -0.557443 0.584990 0.717596 -0.108844 0.258580 -0.034578 0.906971 -1.714319 2.054113 0.314902 0.974220 0.871275 0.943328 -0.795549 -0.489603 1.351818 -1.599867 2.210480 0.899395 -0.439505 0.510304 2.953626 0.363187 0.559053 -0.218742 -0.583999 1.726500 -0.980297 0.084723 -0.925528 0.620112 0.739823 0.569113 -0.578775 -0.828290 -0.693888 -0.469169 -0.551141 0.638807 -0.384873 -0.985855 -0.282573 -0.480501 -2.133328 0.490558 -0.205173 0.286513 0.857834 -0.334894 0.488845 1.751672 -2.734298 1.744431 0.450226 0.046900 -0.257668 0.899833 -0.927317 -0.715042 -0.174250 -0.791260 1.174595 0.445763 -1.003220 -0.775370 -0.128856 0.944524 -0.360343 -0.562225 0.836258 0.531250 -1.470044 -0.098379 -0.522286 -1.819764 0.510130 -0.341093 -0.952980 1.870976 3.480805 0.108232 -1.162899 0.862847 0.772233 -1.058047 -1.254491 0.727929 -1.559037 0.900822 0.231749 0.558196 -0.421205 1.385806 -2.150844 -0.947361 0.900336 1.218843 1.065673 0.992286 0.182788 0.453854 -0.050401 0.292378 -0.561329 0.530235 -0.566870 0.895083 -0.016842 -3.106974 -1.265463 0.326943 1.177013 -0.289833 0.341855 2.280907 0.408255 0.636870 -0.870334 -0.029654 -0.052819 -1.841238 -0.265104 -2.115885 -0.673151 -0.423551 1.817690 -1.246552 -0.013099 0.922580 1.967396 1.516123 0.750201 -0.234844 0.158727 -1.295155 -0.598742 -2.140566 0.119310 0.896623 -0.361848 -0.488732 -1.780777 -2.180662 0.402810 0.462505 0.175456 1.367295 -0.276984 2.063986 0.292929 -0.076934 -0.940036 0.455283 0.494000 0.092148 -1.466695 -0.115804 -1.404706 -0.920450 0.569664 -0.063088 -0.300778 0.268213 -0.885606 -0.783438 -0.490835 -1.747612 0.689874 -1.521786 -0.378589 -0.807520 -1.210284 0.182582 -0.192968 0.320796 2.557242 -0.026209 -0.954037 -0.575631 1.017937 -0.226437 -0.304358 2.357539 0.587375 0.314874 -0.608659 -0.423929 0.995091 -0.348989 -0.697015 0.023151 -0.179508 0.540797 -0.805246 -0.958508 0.431916 2.716274 0.289789 0.399679 -1.805818 -0.642931 0.389679 1.416352 -0.017469 -1.190489 -0.101601 1.264787 -1.556479 0.721487 -0.791424 1.445171 0.094513 -0.684928 0.208940 -0.238655 0.516450 -1.451445 -1.217075 -0.291138 0.311578 -0.251986 -1.487160 0.376346 2.431211 0.299977 0.781473 0.128468 -0.005601 1.113224 1.398541 0.542229 1.573072 -0.506217 -0.186786 1.236206 0.243780 -1.417970 -0.112865 0.863856
-0.639774 -1.516079 -0.390268 -1.146007 -0.237814 -0.779564 1.288074 0.701331 -0.420186 0.930975 -0.371038 1.388371 0.412843 -1.629024 -0.265268 0.696929 -1.917003 -0.564700 1.249365 -2.348056 0.373371 -0.353175 0.335109 -1.037410 0.106072 -0.922636 -0.444783 -0.513719 0.563586 -0.100102 -1.577834 -0.671503 -0.171683 -0.169612 -0.306881 -1.329227 0.495202 0.374417 -0.300127 -0.617855 1.143577 -0.350589 -0.767677 -1.467058 -0.414544 -0.998979 1.276893 0.508520 1.830036 -0.921461 0.461315 -1.615175 -1.564132 0.241867 1.665230 -2.580017 1.855772 -1.273449 -1.047866 1.480720 -0.153605 -2.308475 -1.990291 -0.551155 -0.006020 0.797766 0.529912 0.573090 0.873278 -0.701098 0.953945 -0.608501 0.805565 -1.119803 -1.395333 0.681962 1.148451 0.707796 -1.667440 1.358075 1.541370 -0.158297 0.900227 1.068845 -0.597727 1.285078 -0.870262 1.116213 0.356966 -0.550807 0.460005 1.027449 -0.358087 -0.639357 -0.639257 -0.435491 0.534044 -0.702946 -1.730214 -0.355000 -0.608326 1.374808 -1.081613 2.586059 1.165509 -0.745142 -0.013247 -2.110762 -0.956265 0.729349 -0.343615 2.337710 -0.428744 -0.496091 0.891524 -0.060703 -0.413781 0.955863 -0.821473 -0.261998 -0.517887 -0.060050 0.790626 0.180626 -0.395401 -2.753748 0.937099 1.250719 -0.819719 -1.363724 -0.214191 0.519457 0.050843 -1.418605 0.226398 2.090092 1.072858 -0.457611 -0.452062 1.002302 2.337783 -0.359092 -2.068557 -0.351373 -0.235442 -0.804811 -0.915557 -1.641869 0.811205 -0.812029 -0.052100 1.513367 -1.568199 -1.519215 1.521534 0.208754 0.805078 1.353536 -0.353615 -0.854134 -0.251801 -0.874225 0.082308 1.318639 -1.311646 1.352136 0.787836 -0.873035 1.130113 0.201451 -0.351080 0.437872 0.603547 0.957587 1.827274 0.093262 -0.612601 -0.359351 0.148468 0.365431 0.945020 -0.163958 -2.183190 0.017662 -0.184022 -0.290175 1.008807 -0.250248 0.321789 1.560975 -0.213234 0.218119 -0.006554 0.158239 -1.068980 1.061545 0.049806 2.199111 0.243621 0.995537 0.706999 -0.622769 -0.040797 0.662584 -0.198451 0.110654 0.872718 0.849427 0.268394 -0.016219 -0.489363 0.801060 1.030383 1.381424 1.034425 -0.651667 -1.086698 -0.636543 0.875121 0.569611 0.094480 -0.179924 0.622978 -0.177629 0.395814 -2.279808 0.548347 -0.864313 -1.502144 -1.929131 -1.165395 -0.102743 -1.028523 -1.035159 0.415503 0.294247 -1.043429 0.343659 0.250579 1.003705 0.350659 0.430556 -0.187118 -0.780088
-0.880075 -1.484189 0.427080 0.808391 0.683914 0.342340 -0.816786 0.670489 -0.962899 0.462082 1.877056 -0.291713 -0.154749 0.842905 1.106894 0.322747 -1.490837 0.980378 -1.001706 -0.724391 1.294589 2.417503 0.914953 -1.998223 0.138379 1.034610 -1.492855 0.216792 1.434184 -1.998026 0.657681 1.267974 -0.933276 -0.116879 0.303762 -0.663816 -1.885879 -1.723767 0.415664 -0.601791 0.554984 -1.712001 -0.427983 0.588191 -0.925721 0.079062 -0.920660 1.381482 -1.933526 0.148916 -0.108892 0.544416 -0.701120 2.235430 1.522184 0.056247 0.173251 0.725824 1.035819 0.549086 0.982627 0.025266 0.104074 0.406967 -2.330945 -1.472562 -0.647379 0.815060 -0.306219 0.378660 0.578846 1.720090 2.666856 0.899465 -0.734337 0.443196 1.063700 0.646289 -0.720081 1.965622 1.530226 0.258191 -0.773370 -0.436737 -0.756421 -0.023135 -0.643607 -0.063704 -0.975359 -0.581027 0.803296 -0.137240 -0.638850 -0.913999 -1.485197 0.889458 -0.793245 -1.553900 -1.529852 1.003629 -0.440361 0.919380 -1.171449 -2.691918 -1.075810 0.130933 0.190346 0.308784 0.809840 -1.910551 -0.418081 -0.946293 -0.681354 0.519548 -0.980300 1.041102 0.895421 0.211126 -1.377376 1.184054 -2.532750 1.048988 0.518440 -0.795867 -0.482893 -1.513735 -1.328509 0.573689 0.308124 1.663631 1.071094 0.363271 -0.220723 0.277176 -0.411157 1.306313 -0.466936 -0.638429 -1.068647 0.629984 -0.473703 -1.021667 0.533557 0.066111 -0.397484 -2.819343 -2.123077 0.549401 -0.203019 -0.336837 0.512964 0.511097 0.424702 0.563797 0.553129 0.179452 1.311405 1.302543 -0.374058 -1.535026 1.627878 0.634176 -0.824968 2.885366 0.456630 0.506023 1.143102 -0.539941 0.944174 0.315021 -1.620990 -2.516534 0.455201 1.239665 -0.999227 0.711331 0.167954 0.198250 0.891931 -0.061425 3.260061 1.077740 0.213971 -0.147776 0.514453 -0.361521 -1.105682 -0.470331 1.119216 -0.738124 -0.454788 0.755857 0.430868 1.447767 -1.870385 -0.636622 -0.240047 0.248959 -1.250786 -0.342871 -1.507578 0.244550 -1.742739 0.831966 -0.951317 -0.053986 -1.258621 -0.743715 -0.533181 0.378192 0.888658 -1.089034 -1.381515 -0.328700 0.496732 -0.721402 0.101156 -0.032179 0.596673 -0.992807 -0.436774 0.461430 -0.013629 0.899353 1.235892 -0.408967 1.248624 0.271354 -0.337947 -0.811775 0.546917 -0.408862 0.202632 0.161422 0.289826 1.376805 -0.236568 -1.437537 0.440274 -0.746536 -0.317204 0.054155 2.003346 -2.137687
-2.201109 -0.186276 -0.689556 -0.347675 0.808909 2.469693 -0.203380 0.631213 0.485192 -0.657688 -0.573218 1.453261 0.685573 1.485541 -0.576228 -0.983780 2.061557 0.348514 1.712163 0.673485 -1.623320 -1.007526 -0.198738 -0.736606 0.817449 0.351782 0.966381 -2.612226 1.927521 -0.169681 0.851742 0.932011 -0.882288 -1.374709 -0.097698 -3.734071 0.512315 0.857015 0.314748 -2.850238 -0.784282 -0.066302 -0.647425 0.726007 -0.302063 1.862064 -1.257521 0.707693 0.711444 0.901870 2.078813 1.023971 -0.458621 -1.615592 -0.189161 1.863544 0.280202 0.813113 1.475776 0.303257 0.760110 -0.273526 -1.177610 0.458136 -0.020244 0.192662 -0.320047 -1.718973 1.711648 -0.218544 -2.643982 -2.548205 -0.486993 -0.748404 -0.233874 -2.081223 0.835154 0.033973 -1.632428 1.031700 -0.850914 -0.471286 -0.050930 1.260067 1.296069 -0.795542 -0.741149 -0.608415 0.092753 0.732073 -0.916234 -0.353984 -0.275304 -0.936838 -0.236724 -1.121103 -0.033246 1.105851 -1.478116 1.567676 -0.779786 -0.403866 -0.601655 0.384553 0.448686 -1.011946 -0.067832 0.294638 -0.022559 -0.034599 -1.019011 -1.751519 -0.550471 -0.226228 -1.479550 0.775059 -0.709828 -0.550961 0.827223 1.142706 -0.892268 -1.493486 -0.386188 -1.068838 0.584225 0.128204 -0.464921 -1.228156 1.183790 -0.518776 0.636748 0.320267 -0.202780 0.833790 0.323523 -0.236559 -1.038956 1.312599 -0.548815 -1.554903 1.506587 1.229035 0.396202 0.979499 0.184474 -1.895979 -0.199937 0.740352 0.682053 -2.228942 0.242294 -2.437491 -0.206320 1.033465 -0.303670 -0.135881 0.621313 -0.826459 -1.226782 0.662044 -0.178041 0.051538 0.345115 -0.173976 -1.545252 0.980063 -0.840443 0.500596 0.511498 0.290110 0.006314 0.378606 0.936715 -2.198970 -0.560070 -0.852730 1.150712 0.015271 0.645820 1.823499 -1.059376 -0.163024 0.136053 0.006840 0.082517 0.140624 1.080888 -0.446411 -1.568823 0.287054 -1.900081 0.820854 0.976814 -0.408666 1.378794 0.445579 0.152340 -0.397313 0.439869 -0.741678 -1.013226 1.640743 0.027110 -1.032268 2.829844 0.580980 -0.593380 -0.932670 0.346620 -0.215332 0.844346 0.577191 -0.151247 -0.680731 -1.357004 -0.118570 -1.277253 -0.080361 -0.883831 1.143950 -0.410909 -1.622411 -0.186075 -0.329260 -0.455427 2.711633 0.969449 2.273776 -1.786852 -0.574262 -0.584920 0.178872 0.364165 -0.074499 0.746751 0.239683 0.614389 0.222722 -0.627623 -0.763467 -0.481251 -0.807756 1.076050 0.642987
0.382947 0.015001 1.583976 -1.534528 -0.368449 -1.486102 0.972929 1.406708 -1.027124 1.232236 -0.489954 0.637299 -0.050334 1.268758 1.599070 0.041373 -0.074281 -0.275308 0.424105 -0.100028 -1.572934 -1.168596 0.211821 -0.435025 0.379001 0.867023 1.509370 -1.110281 1.733925 2.230984 -0.450980 0.072846 2.080195 -0.689648 -0.320842 0.430351 -0.393863 1.221257 -1.015927 0.655889 0.331483 1.618620 -0.862928 1.170999 -0.069173 0.269018 -0.615678 1.433890 1.598239 -0.444914 -0.234089 0.601476 -0.725751 0.984683 0.474903 1.191393 0.813602 0.248325 -0.055205 0.065995 1.792125 1.982233 0.713748 -1.378256 0.636708 -0.704912 0.985221 -1.884192 0.312547 -0.029001 0.060596 1.388722 -0.127574 0.864320 -0.541384 0.016172 -0.729810 -0.584654 3.108286 -2.662944 -0.163006 0.017662 0.387133 0.291008 0.250675 -1.277696 2.130587 2.023119 -1.757419 -0.216478 0.275089 0.735779 0.737003 0.935832 -0.929756 0.445965 0.203191 1.551364 0.911254 0.140909 0.434008 -0.149282 -0.835933 -0.302202 0.663676 -0.209430 0.982318 -0.167789 -1.904317 -0.418049 -1.361866 2.387518 0.623102 1.552051 0.586908 0.434649 0.081940 1.198530 -0.619170 -1.427391 -1.430453 -0.679691 -0.195652 0.142164 -0.297410 -1.603877 -0.041357 0.842004 -0.192265 -0.377868 -0.325938 -0.022713 1.024413 1.386890 -0.050348 -0.329547 0.018661 0.216631 -0.145986 1.251204 1.667524 -2.064099 -2.470294 -2.106560 1.382051 0.256549 -0.114555 1.016693 1.263261 -1.088409 -0.417156 -0.903901 -0.846352 0.086776 -0.298095 -0.630236 0.365917 1.702866 -2.450655 1.310133 -0.252198 0.385137 -1.375849 -0.086901 -0.097900 -1.095733 -0.994945 2.216136 0.812211 0.421441 -0.929824 -2.133053 -1.250141 1.745563 0.194970 1.890831 0.932275 1.543445 -0.226508 -1.603107 1.050217 2.495573 -0.401323 1.384228 0.008157 -0.703847 0.046647 -1.782417 -1.732659 -0.523361 -0.066962 -0.608503 1.127578 -0.591775 0.797378 0.182585 -0.867039 -0.809902 -1.306908 -0.421424 0.127380 -0.380229 -2.778981 0.780760 0.040788 0.793887 -1.912697 -1.386440 0.078450 0.975825 -1.332378 0.041860 0.020142 -0.255303 -0.556522 -0.739090 -1.889769 -1.254747 0.343413 -0.705424 1.142371 -1.685663 0.493107 0.241113 2.804108 0.870161 0.727041 -1.883709 1.057471 0.783941 -0.832005 -0.041858 -1.772994 1.180448 -0.837880 1.139287 -1.482446 -0.289513 0.308440 0.359035 0.701506 0.012272 -0.698546 -0.574472
-1.052990 -1.503294 0.689542 0.144028 0.484811 0.729808 -0.312726 -0.513345 1.618650 0.221487 -0.059060 0.099064 -1.959016 0.895417 -0.680657 -0.590588 -1.596090 -0.876164 -0.547132 0.810721 -0.332311 0.653421 0.961900 1.482053 -0.611794 0.556912 -0.809911 -1.914601 1.279175 -0.001254 1.381173 -0.781466 0.705031 1.289990 -1.898404 -1.312188 -0.688549 -1.056793 -0.727160 -0.889668 -2.302002 2.059072 -2.134655 -0.055351 0.637380 0.564717 0.270653 0.507450 0.197482 -1.193836 0.164304 0.060351 -0.086015 0.721294 -0.406649 0.758878 0.065712 -0.859846 -0.554275 -0.178687 -1.273432 -0.574506 -0.579913 0.771869 -0.322507 1.034792 -0.843908 -1.069299 -0.167200 1.963300 1.114053 1.050421 0.668802 0.387765 -0.015734 0.327362 -0.336982 -0.608374 2.647695 -1.538243 -0.156005 0.713461 -0.792290 -1.259888 -0.501105 1.322366 -0.506688 -0.778358 0.304178 -0.274681 -1.271442 0.606090 0.294105 1.123040 0.236387 0.711793 -0.845698 -1.087543 1.457220 -0.823000 1.272670 0.996142 0.424146 0.269821 0.028699 -0.018522 -0.521101 -0.042966 -0.304343 -1.633334 -1.163160 -2.135494 -0.743759 -0.891547 -1.216613 -1.010101 -0.316907 0.467726 -0.433973 0.858142 0.440223 -0.659842 -0.359579 -0.963987 -0.579078 -2.166690 1.842000 -0.841403 -1.708804 0.554923 -0.530465 -0.580210 -2.288127 -2.138401 -1.378756 2.586671 -1.017783 -0.394694 -0.674247 -0.340440 0.135183 1.139426 1.316586 0.306741 0.096103 0.498614 1.138287 1.342954 0.798840 -0.392473 -0.886546 0.455845 -0.312989 -2.100248 -0.225087 -0.747044 -0.931441 0.383130 0.128649 0.587600 0.965373 2.368413 0.540132 1.008510 -0.458177 0.493070 -1.288811 -1.226855 -0.218650 1.493518 -2.582080 -1.072791 0.758669 -0.549760 0.290083 -1.303560 -0.508933 0.062250 0.162642 2.365879 1.086866 -0.345682 -0.024499 0.805892 -0.905571 -0.217697 0.148064 1.203493 1.045295 0.429693 -0.419169 0.881143 -1.126431 0.557365 -1.599197 0.909354 -0.396251 -1.254530 -0.161733 -1.055009 -0.172478 -0.660950 1.517983 2.786067 0.367544 0.604270 -1.027528 0.191469 0.255793 0.482151 -0.730099 -0.374539 0.856218 0.867603 -1.071152 0.675335 -0.089695 0.673535 -0.316038 -1.096076 0.804983 0.523707 -1.055077 1.438894 0.304673 -0.150609 -1.935086 0.652753 -0.888541 -0.896238 -1.327077 1.579059 0.920393 0.219611 0.429315 1.049260 -0.299922 -0.275361 0.687805 1.431953 0.546461 1.191233 -0.231796 1.161012
0.330929 -0.747443 -0.839683 2.427426 1.318525 0.797245 0.722483 0.261343 0.183712 0.376893 1.379406 -2.141291 -0.205772 1.176719 1.286113 1.346329 1.143291 -0.170995 -0.767969 -0.533508 0.387245 0.189940 -0.117060 -1.128127 0.961595 0.037461 0.639316 0.086067 -0.100128 0.756105 -1.416714 2.057589 1.403227 -1.208001 1.106167 0.577691 -1.136902 0.217641 0.705176 -1.786630 0.985878 1.349116 -0.214669 -1.160939 0.903814 0.939698 -0.814103 -0.906860 -0.082040 0.792799 0.737309 -1.318185 -0.405504 0.479924 -1.465582 1.225566 -0.921524 -0.561060 1.307423 -0.358732 1.066081 0.448112 2.280682 1.681842 1.213768 0.231046 0.206090 0.772606 0.961267 -0.885928 -0.677191 -0.036455 -0.252091 0.397805 -0.523838 -0.536907 -2.445901 0.016161 -0.795616 -0.518918 -0.255857 0.752524 1.825441 -1.282710 -1.979441 0.440033 0.291442 -0.487677 -0.836341 0.223659 1.257401 0.822740 0.508724 0.114863 0.550292 -1.646325 -0.779671 0.269821 -0.294378 1.398484 0.791215 1.689759 0.552793 -1.122157 1.353884 0.920642 0.332675 -0.398675 -1.342866 -1.269079 0.355146 1.189871 -1.460867 0.745743 -0.233289 0.886285 2.008289 -0.818998 -0.523156 0.445889 -0.902844 0.381497 -0.485333 -0.337059 0.529907 -0.788147 0.077453 -0.287905 0.306243 -1.335372 0.508217 1.336145 -1.664247 -0.085315 -0.195374 -0.048208 -0.537399 -0.179236 0.523280 0.443328 -1.733237 0.629982 -0.703085 -0.484677 0.040615 0.813479 2.478219 1.126290 1.080824 0.035656 -0.464393 -0.361531 1.584251 -1.281345 -0.247481 1.429616 -0.886761 -1.218785 -0.515977 0.067405 -1.973804 -2.193629 -0.814860 -0.150859 0.923262 -0.483194 -0.763078 -0.696201 -0.347872 0.390905 -0.251387 0.148172 0.548816 0.321432 -0.334041 -1.437228 -0.799618 0.527887 0.213330 -0.773429 0.253278 -2.692912 1.310783 -0.378948 -1.605270 -1.223839 -1.236440 -0.137597 0.691967 0.733382 -1.599028 -1.760946 -0.509108 -0.918962 0.274175 -0.233095 0.659595 -0.240072 -0.073121 -0.987299 0.767215 0.054263 0.508922 1.186597 -0.030324 -0.876958 -0.464779 1.432747 -2.047218 -0.468455 -2.062639 -1.409155 0.833770 0.623842 0.797202 -0.945107 -0.619964 -0.951910 -1.396458 0.669566 0.373576 0.627903 -0.798009 -0.854377 0.357457 0.868817 -0.362958 -0.645307 -0.103228 -0.644410 -0.557976 0.823687 -1.209137 -1.769207 1.075455 1.063332 -0.246098 -0.675375 -2.003554 -0.110480 0.221551 -0.507129 -1.103426 0.469307
0.381158 -1.022767 0.487633 1.676250 -1.023682 0.477173 1.323520 -0.758755 -1.083504 0.781229 0.268790 0.406571 0.387791 0.138344 0.659589 0.801828 -1.387365 0.158949 -1.222087 0.180988 -0.675732 -1.928323 0.719712 0.781488 2.409131 1.561855 -1.290387 -0.294824 -0.913004 0.135929 1.520717 1.124041 0.357822 -0.840897 0.420108 -0.858197 1.683713 -0.744271 -2.285510 0.977005 0.741187 -1.728314 -0.483698 -0.925029 -1.419732 -0.050168 0.310717 -0.461883 -0.930079 -1.250430 -2.323290 -1.521270 -0.640854 1.338672 1.282880 0.593347 1.016309 -0.754610 -1.478810 -0.321589 0.770922 -0.761953 1.215950 -0.578199 1.145846 -0.939167 -0.665384 -1.945095 -0.275073 1.502332 2.522641 0.103651 0.164730 -0.678045 -1.272354 1.372235 -0.639791 1.058372 -0.945561 0.415147 -0.520718 -1.305831 1.017768 -0.104948 1.565868 1.575981 -1.734638 -1.751871 -3.247638 0.161694 -0.838530 -0.092149 0.442196 -0.163006 0.907342 0.390553 0.954023 0.531612 -1.393510 -0.478134 -0.583902 0.918824 1.183094 0.346967 0.085963 1.485743 -0.678995 -0.248752 -0.667309 0.499714 -1.268651 -0.322825 0.284769 0.818620 1.912288 -1.151250 1.766287 1.300129 0.046780 -0.843412 0.789797 1.165032 -1.008210 0.987005 0.089534 0.050740 -0.836537 1.055888 -0.487027 -1.705842 -2.231247 1.244193 -0.405733 1.521739 -1.878291 1.154582 0.696943 0.930373 -0.662311 0.463109 -0.413055 0.134874 0.586129 1.037327 0.325294 1.948584 0.788262 -0.488242 0.386252 -2.057976 -1.761704 -0.221915 0.339438 -0.560967 1.822949 0.239180 -0.257245 -1.386662 1.965106 0.330941 0.328595 0.460410 1.107596 -1.872371 -0.628987 -1.733203 -0.276017 0.566126 -1.241021 -0.106660 1.010670 -0.004732 -0.279627 -1.066833 0.135296 -0.680261 2.283724 -0.694635 0.570611 0.294755 1.709802 0.207895 0.088322 -0.395182 0.538391 2.438428 -0.533997 -0.256523 0.771691 0.440665 -0.112738 0.524265 0.460174 0.235249 1.503984 0.203164 1.953477 1.915514 0.401909 -0.660911 -0.116556 1.187934 0.361563 -0.748446 -0.178713 0.224820 -0.028382 -0.751163 0.124783 -1.001998 1.889648 1.349907 0.762464 -0.337278 0.000547 -1.918315 0.410351 0.412662 -0.270795 -0.441764 -1.627592 -0.684572 -0.274972 0.718172 0.155454 0.509066 -1.309923 -0.516384 2.075469 0.067954 0.859952 2.141410 0.148325 1.296577 1.089750 1.596011 -1.158992 1.544804 0.070927 -1.048412 1.693363 0.136690 -1.040533 -0.786652
0.956290 -1.387643 -0.038952 0.534623 -0.041059 -0.400775 0.646897 -0.678176 -0.396653 -0.410167 -1.184938 -1.484798 0.539555 -0.056910 -0.296228 0.232149 0.561582 -0.361584 0.113660 0.162719 1.304852 -0.319435 -0.452252 -0.331345 -0.942951 -0.395774 -0.139981 0.947584 -0.155563 0.798382 0.441828 0.654637 0.473078 1.135774 -0.041032 -0.714538 -0.604053 0.394877 0.655454 0.385265 -0.870808 2.315281 -0.202574 1.281520 -1.225328 -0.484974 -1.438885 -0.628853 0.257390 -1.258080 -0.183611 -2.706154 -0.616466 -0.100857 -1.598285 0.232292 -1.007438 -1.754007 0.988888 -0.495876 0.465860 -0.403961 -0.368659 -2.984386 -1.425550 -0.787963 -1.343169 -0.644668 -0.709755 -0.098395 -0.369055 -0.097924 -1.719826 -0.503939 1.499083 1.032696 1.150031 1.124415 0.646831 1.140531 1.008630 0.750281 1.163306 -0.127965 1.357724 0.667467 -0.240469 0.207940 -1.579249 -0.134690 -0.090462 0.802840 0.855511 -0.684898 -0.524900 -1.810413 0.736509 0.100629 -0.725973 -0.964020 0.321294 -0.313081 0.396087 -0.150762 0.501936 -0.885953 1.496932 0.552493 -1.251992 1.210247 -0.530030 0.875520 0.074251 0.289687 -0.400695 0.074760 -0.052749 -0.488401 0.406871 0.776771 -0.377330 1.332919 -0.654351 -0.151918 -0.204302 -0.028393 -0.401102 -0.042337 0.605254 0.897827 -0.802260 0.543591 -0.855196 1.508044 1.750219 -0.558304 -0.620669 0.279598 0.326242 -0.318961 -0.765141 0.595619 0.856477 -1.121072 0.082355 0.796847 -0.788425 0.611075 0.220741 -0.413276 -0.343555 0.110460 -1.192811 0.762956 -0.820041 0.517591 1.181435 -1.591064 -1.718584 -0.898804 -0.126710 -1.337674 0.724844 -0.568313 1.243783 1.732091 1.618719 0.351597 0.477302 0.195430 -0.926186 0.112072 0.177616 1.196772 -2.086260 0.515713 0.761757 -1.021872 0.857984 -0.921930 0.986708 0.678076 -0.612059 -0.180039 -0.706240 0.129942 1.725247 -0.373948 -0.481537 1.085077 0.251379 -1.163229 -0.865547 0.185179 0.710489 0.805519 -0.167563 -1.101667 -0.803841 1.706578 1.640355 0.146810 1.263500 0.945065 -0.037616 0.884653 -0.361963 0.315003 0.610789 0.342071 -0.641822 0.480055 0.103298 -0.803953 0.206843 0.058296 0.903699 -0.794142 2.032871 -2.356746 -1.162635 0.848145 0.365877 -0.728255 -0.317026 -0.148431 1.151572 -1.158032 0.587237 -0.452283 -0.595679 0.450717 -0.201540 0.397258 1.220434 1.820918 -1.240730 0.324518 0.300089 -0.117796 -0.438511 1.120134 -0.849989 0.027686
-0.851014 1.534306 0.246098 -1.138365 0.568701 1.355530 0.927524 1.895157 0.793699 0.171115 -0.126270 -0.403529 1.081765 -1.258849 -0.226034 2.115486 -2.655974 0.338914 -0.502019 -0.606720 0.077197 -2.314884 0.375078 -0.417284 -1.649835 -0.250191 -1.419383 0.857547 -1.430268 0.879993 -0.409523 0.457040 -1.021611 -0.307849 0.525369 0.459015 -0.533491 -0.680755 0.911737 -1.410474 -0.505706 -0.178196 -1.224917 -0.515883 1.683618 1.134823 0.650716 -0.118766 0.391245 -0.464845 0.072492 0.427085 0.870528 0.120417 -0.854328 -0.730006 -0.188038 -0.939918 0.187926 -0.916549 0.823092 1.396830 0.634319 -0.457608 -1.756923 0.106900 -0.058129 -0.439592 0.535343 -0.252321 -1.235688 0.687162 1.187345 -3.357215 -0.515153 -1.111714 0.816758 -1.534475 2.488539 -1.864295 1.441472 0.809043 0.962857 0.094449 -0.970589 0.369467 0.217640 1.223823 -0.125044 -0.530987 0.253748 -0.028633 0.863993 -2.129334 -2.268352 -0.098176 -1.248266 -1.529665 0.320536 0.633863 -1.930737 1.094593 -1.371752 -1.342460 -0.603741 1.439469 -1.136125 -0.014039 1.111183 0.447161 -0.905290 -0.301116 -1.341210 1.003955 -1.235019 2.444541 1.391372 -0.633244 1.270249 1.089430 0.236086 -0.002298 -0.215340 -1.153426 -0.706165 -1.013742 -1.801910 -1.412611 1.400703 0.693729 -1.558914 1.242417 -0.192146 0.518653 0.984103 -0.729928 0.748044 0.038540 0.464771 -2.127089 0.172122 -0.493929 -0.163141 1.355038 -0.264454 0.055933 -1.011138 -0.143129 -0.008115 -1.066577 -0.701087 -0.294938 0.689347 -0.903187 -2.338202 -0.385051 1.248168 0.280610 0.344012 -1.432261 -0.832945 -0.139813 -0.026570 -0.424024 0.361058 2.096370 -0.360197 -1.752908 0.162291 -0.582709 0.082156 0.453631 0.481599 0.134297 -1.316746 -0.503799 0.390017 -1.367509 1.327404 1.885427 -1.799289 0.912836 -0.540698 -1.302917 -0.831101 -0.856114 0.132739 0.078842 0.502805 1.192508 1.070669 -0.346487 -0.389996 0.638610 1.826970 2.048645 -0.901547 0.316510 -1.120164 -0.365987 -0.016687 -2.711297 0.830991 -0.348393 0.572350 -0.929787 -0.643492 0.277666 -0.630337 0.741726 -0.112189 1.018507 -0.064432 1.722231 1.609462 -1.156248 0.065194 0.725774 0.722355 -1.586537 1.278317 -0.591988 1.388474 -2.248797 0.126961 0.703506 -0.856588 0.071307 0.007730 0.828687 0.086914 -0.911255 -1.303502 0.303908 0.293900 -1.394803 0.440584 -1.004724 0.974770 1.426605 1.079077 0.723678 2.567192 -0.733930
0.505402 -0.973825 -0.056280 0.074966 -0.737288 -0.629942 1.244891 1.127975 0.849587 -0.707929 0.457439 -0.893048 0.305307 -1.510625 -0.286938 -0.545262 0.809180 0.882817 -0.150705 -0.113919 -0.091238 0.410069 -1.346259 0.111192 -0.830310 -1.046506 -1.085375 0.369015 0.179781 0.706131 0.114016 -1.136313 -0.179819 0.546181 0.192527 -0.994652 1.263554 -0.904535 -0.000681 1.075107 -0.398577 1.406671 2.039807 1.285057 1.624534 1.934432 1.133370 0.370880 -1.334027 0.957138 0.349772 0.702062 -0.843020 1.708097 0.159117 -0.164112 0.088063 -0.457851 2.177208 -2.062485 -1.177618 0.968237 0.569995 0.023590 -0.037190 -0.348557 -0.229417 -0.680814 0.872297 -1.778274 1.429447 -1.497220 -1.160936 0.676702 -0.648134 -0.281717 -0.921018 0.393654 -1.355292 -0.139819 0.436455 1.080078 -1.649479 -0.177522 -1.475573 0.097068 1.014428 2.476040 -0.153346 -1.473041 1.675379 -1.672183 -0.716338 -0.352709 1.287039 -1.967297 1.210920 1.177033 -1.149889 1.394646 0.326926 0.179081 0.168291 -0.636912 0.438099 -1.614236 -1.193490 -1.469644 -0.603688 0.158173 -1.873965 1.086740 0.559274 -0.697242 1.222787 -0.013117 0.562413 1.445255 0.804784 0.220283 -0.449260 0.940291 1.142186 0.585789 0.271958 0.639423 0.241899 -0.283957 -0.365785 0.283045 0.875269 -0.218348 -0.500139 0.766691 0.436928 -1.730295 -1.418651 -0.112405 -0.087801 0.764566 -1.493243 -1.437599 -0.930230 1.639555 0.230847 1.201215 -0.501683 3.094692 -0.002701 1.068697 -1.472007 0.964360 -0.535225 -0.848614 0.906067 0.369185 -0.069015 0.871072 -1.011775 -0.345735 -1.415048 -1.091358 -1.293458 -0.020738 -0.434161 -0.952223 1.085080 0.261274 1.877661 -0.673594 -0.288615 0.485662 -0.167825 -1.942427 1.256761 2.205802 0.181412 1.335319 -0.362575 1.091396 -0.462111 1.760312 0.770095 0.231252 -0.356209 0.225781 0.190725 0.761225 -0.266477 -0.390555 -1.121706 0.846502 0.756918 -1.117208 0.240736 1.214813 -0.910700 -0.442343 -0.186818 0.671610 1.379349 0.584155 1.547798 -1.745423 -0.464359 -0.465949 1.584880 -0.470233 0.320721 0.514358 0.047483 -1.262400 -0.038934 0.159022 -0.274551 -1.345836 0.394721 -0.575921 -0.277275 0.029644 -0.610924 2.049603 -1.243841 0.392883 0.904227 1.452169 -0.217296 3.064605 0.950673 -0.200465 -0.236195 -0.452425 -0.858814 -0.423410 0.587809 -2.648578 1.154661 -0.861607 0.889282 0.059878 0.431064 -2.479595 0.305432 -0.753518
0.732978 -0.236402 0.888737 0.770896 -0.497747 -1.114554 -0.441847 -0.021087 0.091809 -1.016230 0.178620 -0.060372 -0.034388 0.316371 -0.078829 1.985177 -0.064726 1.115642 1.876682 0.375218 0.261149 2.036646 0.372944 -0.513055 -0.433329 -0.388693 -0.198945 -0.989530 1.225546 1.274193 -1.865357 0.670417 0.371654 -0.531477 -2.927886 0.776279 0.547878 0.200131 -1.760233 -1.263516 0.133824 0.301768 1.338570 -1.973891 1.878859 1.707263 1.027077 -0.446349 1.335192 0.686063 1.256086 0.094957 2.146508 -0.536201 0.778022 -0.262803 -2.249701 -0.547676 -0.435232 -1.395518 -0.415169 1.505604 0.523655 1.499981 -2.314193 -2.175019 -0.175982 0.338440 -0.382213 0.748244 0.527555 0.592601 -0.165338 1.962898 1.067966 1.282304 -0.225576 2.120591 1.519967 -0.428241 0.336851 0.850188 0.557650 -1.706025 -0.910261 0.364489 1.637188 -1.021016 1.468271 -0.382575 0.630229 1.204027 0.960278 -2.066125 0.418109 0.832227 -0.144711 -0.749922 0.273836 0.166148 -2.167309 -1.026381 0.693859 -1.617372 0.598599 -0.038886 -0.320653 2.252262 0.926587 -0.675437 0.313206 -1.294949 0.490558 -0.046653 -0.538359 -1.941861 0.722134 -0.038001 -0.732051 -0.564657 -1.228943 0.529925 1.932903 -2.073624 -1.859670 -0.159759 0.806329 1.642803 -0.838976 1.424878 -0.638332 0.828015 -2.249530 -0.069817 -1.551742 0.198012 -0.414017 -0.496516 -0.679859 0.359477 -0.499091 1.438145 -1.102476 0.506375 -0.156919 0.705534 1.690983 -0.497769 -0.133101 -0.060409 0.404330 -1.367103 -0.166110 1.296209 -0.762434 0.523506 -1.993961 -0.525915 -0.664791 0.870082 -1.374527 0.709701 0.991804 -1.732142 -0.693770 -0.333489 0.942198 1.875906 1.275691 0.074002 1.394242 1.800916 1.209362 1.197682 1.114771 0.208277 0.435836 0.615972 0.280854 0.067579 1.889703 -0.330041 1.368827 -0.172165 0.360173 -0.041097 0.629535 -1.289306 -0.972489 -0.549927 0.219791 0.468193 -0.607908 0.289010 -0.160730 1.542058 1.865600 0.999272 2.005240 -0.320190 -1.597883 -0.532849 -0.550195 -0.451658 -0.139861 -1.685491 -0.121754 -0.702058 -1.223148 -0.667929 0.695463 0.166251 -0.501052 1.720934 -0.867674 -0.435976 0.006683 0.613149 0.500760 1.089940 -0.388682 0.232350 -0.765463 -0.537836 0.695227 0.160112 0.314492 0.165039 -0.179037 -0.284681 -0.040123 0.560428 0.917717 0.715172 -0.257513 0.519197 1.099600 0.132330 1.414180 0.296537 0.654407 0.539799 -0.164894 1.252065
-0.778982 -0.851068 1.855872 0.322697 0.024304 -0.123964 -0.075948 -0.003562 1.433982 -1.095486 1.238116 0.754904 1.037101 -0.922535 -0.706185 -0.888445 -0.536733 -0.049631 0.752188 -1.295191 -0.328561 0.862349 -1.666424 1.519685 -0.149602 -1.587619 1.336991 -0.558790 0.543633 -1.234905 -1.048012 -0.173690 0.784045 0.448068 1.037345 -0.944202 0.551192 -0.275314 -1.153485 2.330308 -0.421296 0.469219 1.377602 -0.810244 -0.058117 0.273125 -0.770321 -0.690821 0.367369 -1.405238 -0.754248 0.024752 -2.549028 2.504886 -0.533156 -0.447589 -0.166081 -0.244818 -0.172354 -0.857092 -1.271989 -0.178804 -0.467653 -0.462840 -0.819733 1.340343 -0.759549 -0.113985 0.030175 -2.377447 0.355666 -0.163182 1.163629 0.778432 -1.286522 0.670491 -0.056581 -0.873883 0.007855 1.190523 -0.356152 0.757230 -2.154852 0.687504 0.376031 0.320958 -0.842726 -0.456690 0.605010 -0.498444 1.040089 0.104222 0.518331 0.631564 0.371377 -0.107786 -0.646836 -0.356779 1.207719 -2.137420 -0.543508 -1.064988 1.130987 1.198786 -2.002997 -0.598333 0.159340 -1.138349 -0.186358 1.775260 -0.597485 -0.687558 -0.282074 -0.264532 -0.444276 0.247847 -0.128677 0.129268 -0.958497 0.376567 1.114714 0.342297 -0.382282 -0.359688 -2.786780 0.266513 -0.503405 1.250221 -1.693208 -0.629658 -0.272596 0.670574 0.452876 0.608944 -1.523443 -1.439040 0.539357 -0.449230 0.866702 -0.947326 0.199613 -0.323021 -0.049884 0.205227 -0.525754 -0.296375 0.228306 0.082501 1.855596 -0.442271 0.234502 -0.417195 0.945320 -0.983526 -1.114885 -1.209414 -2.013978 0.446462 0.131512 -1.461063 -2.018543 0.763884 1.875165 0.759504 0.898718 -0.448220 2.279496 -2.147424 2.241991 -0.051241 1.761856 0.710235 2.096793 0.074671 0.176749 1.448796 -1.083383 -0.427262 -0.330465 -0.387729 -0.706101 1.034207 1.228256 0.029985 0.443851 1.205573 -0.769934 0.076118 -1.207654 0.662511 -0.383024 -0.774172 1.496371 -0.189946 1.352819 -0.863956 0.536887 0.047525 -0.863551 -0.251861 -1.052862 -1.279038 -1.578946 0.285303 0.898939 -1.182940 0.593615 0.881784 -2.761445 0.257900 -0.483830 -1.178797 2.457552 2.244035 0.739801 1.063421 1.826377 0.346441 3.050866 0.697384 0.149151 -0.550053 1.683203 -0.973984 -1.123873 0.064956 0.989174 -0.360323 -2.091756 -0.973962 -0.191173 1.420794 1.822436 1.815560 1.144001 -0.108757 2.578347 1.207596 -1.877525 -0.356350 0.929561 1.119999 0.729949 0.813525
1.256680 0.287713 0.264702 1.076047 0.702741 -0.056347 0.241062 -0.977075 1.162495 -0.187176 1.096418 -1.321976 0.439851 -1.003285 1.251188 -0.788986 1.290696 1.214405 -0.716748 -0.837815 -0.625803 -0.638586 1.682809 -0.627641 0.268794 -0.158260 -1.978000 -0.589499 -0.766266 1.540171 0.433075 -0.826277 1.569758 -0.589759 0.170707 1.128671 -0.982201 0.578118 0.581447 0.623729 -0.730028 -0.907394 0.489192 -0.872009 1.400238 -0.316291 -1.280242 -0.213464 -1.834057 -0.081280 0.876566 -1.090283 0.420688 -0.440775 0.354837 -1.063636 -0.842949 -1.322622 0.159292 0.948631 0.350550 -0.050184 -0.187199 1.858935 -0.735353 -0.118244 0.063609 -1.423981 0.276674 0.341044 1.262887 -0.147390 -1.004777 -0.099978 0.409411 0.878348 0.352155 1.598368 0.908798 -0.564163 -0.239440 0.564881 0.304676 -1.448009 1.550100 -1.127580 0.135490 1.051215 0.439594 -0.794440 0.412997 -0.948810 1.635476 0.400473 0.381974 1.235503 -0.598609 1.375536 1.078652 -0.180632 -1.439982 0.035053 -0.128159 -0.876400 -0.489651 0.127007 -0.934637 0.209562 -0.764746 -0.111032 -0.858857 -0.894728 0.192586 0.481174 1.853951 -0.847752 -0.178224 -1.161249 0.768894 -0.549697 -1.704815 -0.698452 -0.158929 0.530124 -0.199644 -1.469841 0.405738 -1.576816 0.651757 -1.543986 1.245891 -0.219390 2.323821 0.916016 0.523633 -0.403371 0.881200 -1.201898 -1.500312 1.609472 0.448641 1.783631 1.220468 -1.556543 -0.462430 0.877112 -0.256262 1.951263 -1.188744 1.781758 -0.216167 -1.077713 1.157464 -0.999929 -0.029950 -0.527396 0.132571 -0.033926 -0.063950 0.489314 -0.580921 -1.548800 -0.258350 -1.002010 1.300249 0.933665 0.365994 0.793984 -0.688336 0.771417 0.774863 0.399002 1.397282 0.784556 -0.676956 -0.653859 -0.149775 -1.792680 -0.423350 -0.458221 0.525488 -1.640485 2.365225 -0.762904 -0.331791 -1.571210 1.658040 0.264930 0.396296 -1.315073 0.150028 0.636217 0.076528 1.387439 -0.618000 -0.468506 2.084772 0.755269 0.261325 -0.129999 -1.858624 0.668425 -1.494300 1.244915 0.823076 2.675052 0.808550 -1.056229 -2.594048 0.274987 0.424067 1.436554 -0.133653 -1.974763 0.263591 1.227112 -0.547245 -1.581437 0.282763 -0.281146 1.034184 -0.502412 1.493406 1.924664 0.570666 -0.331124 0.486647 0.343373 1.350822 -1.028295 0.395897 0.953347 0.798580 -0.500048 -1.625300 -1.674987 -0.762629 -1.346415 0.263607 1.949160 0.163494 0.248862 -0.146782 -0.712631
-0.109153 -0.305368 0.827301 -0.560277 0.283664 -1.456260 0.547609 0.582930 -0.301213 -0.430631 -1.732082 -1.194668 -0.357362 0.106970 -0.210194 -2.094796 -1.019654 0.932774 0.228581 0.016035 -0.511271 1.787463 -0.953027 0.887740 -0.573614 0.416895 0.106175 -1.288708 -0.048160 0.231548 -0.052853 -1.094305 1.601665 -0.043798 0.241903 0.283523 -1.061932 -1.426581 0.863309 -1.563309 -0.136064 0.454660 1.126796 -0.047801 -1.302705 -1.238428 0.376316 -0.187570 -0.767245 -0.307724 0.506164 -0.211940 0.737392 -1.256260 -1.918008 0.728412 -0.465583 -1.516776 -1.099199 0.031501 -0.336127 1.803372 1.408903 -1.213213 -0.631149 -0.472955 -0.970099 0.423787 -1.390127 0.562566 0.869505 -1.017344 -1.049076 0.471522 0.615656 -2.300342 -2.050722 -0.029169 0.941398 -1.277754 1.540728 -1.797502 -0.629125 0.067147 1.033143 -0.226139 1.402459 0.151778 -0.304923 1.062671 -1.625850 -0.117977 0.972313 0.561526 0.875396 -0.538997 1.388535 -0.383695 0.441042 -1.402135 -0.729043 -0.335313 0.505447 0.420085 2.400775 0.705184 -0.325776 -0.082294 0.417515 0.462249 0.293531 -0.313950 0.026509 0.927096 -1.444216 0.231249 -1.735318 0.191314 0.036392 0.141555 -1.091886 -0.796658 -1.070724 0.001253 0.854749 0.661134 0.042615 -1.753757 -2.099648 -0.666288 -0.048154 -0.456051 -1.159956 0.859025 -0.743399 1.232887 -0.487709 -0.960768 -1.657543 -1.710676 -1.005206 1.291345 0.281108 1.813688 1.730815 -0.493242 -0.736858 0.263550 0.704173 0.686317 -0.375872 2.049413 0.403181 0.709396 -1.245360 -0.347670 -0.309921 1.040886 -0.254519 1.420084 0.775220 2.666574 0.031619 0.284638 -0.697536 0.167751 2.257611 0.151796 0.942495 -0.499056 0.442199 -0.723380 -0.408126 1.286333 -0.839269 0.293635 -0.394559 0.276451 -0.494064 -1.490904 -0.109985 0.826038 0.439455 -1.563904 0.101563 0.511449 -0.259364 -1.593948 0.647850 -0.484713 -0.168574 0.941576 0.623145 -1.156562 -1.313814 1.466894 -1.664414 1.091007 1.219898 -0.626528 1.053153 -0.393737 0.980319 0.213610 0.163198 1.396129 1.512966 -0.984230 -0.313877 -1.103499 -0.260499 0.680775 -2.239620 0.532129 0.653237 -0.577953 -0.830407 0.697438 1.917477 -0.598800 0.141667 -1.552366 0.177260 -0.291045 0.585849 0.939689 -0.479017 -0.964871 1.558893 0.562475 1.900650 -0.569912 0.036619 0.945653 0.414707 0.610916 0.530476 0.822714 -1.457237 -0.391591 1.233747 -0.852090 0.003576 -0.221197
-1.089613 0.106519 -0.700029 -1.017664 0.892773 1.401289 0.747802 0.541529 -0.033835 -0.415276 0.569478 0.936408 0.096545 -1.662069 -0.960442 0.077590 -0.922575 1.307873 -1.189527 0.158289 -1.027137 1.096247 0.527315 -0.896278 1.677220 -1.079287 -0.421374 -1.040137 -0.390087 -0.446386 1.132587 0.325488 0.988276 0.457997 -0.455677 0.572898 0.302650 0.876024 0.381923 -0.257428 -0.021762 0.988418 -1.972582 0.433510 -0.932974 -0.913969 0.464117 0.573071 -0.120447 0.894114 -0.099749 0.288271 0.048154 -0.219008 0.521966 -0.393291 0.243053 -1.800620 -1.230954 -1.029775 -1.481031 0.231369 -0.274729 0.844649 0.605923 -0.904169 0.733917 -1.722120 1.845188 -0.273827 -2.239810 -1.347964 1.126089 1.187165 0.235619 -0.188974 -0.731199 1.641323 -1.611670 -0.347465 -0.714695 0.651615 1.058308 -0.473645 0.217238 1.534457 0.651937 -0.230707 -0.069310 0.053185 -0.060756 -0.815781 0.844876 -0.334450 0.935906 -1.292793 -1.323038 -0.373581 -0.548809 -0.888133 1.008600 -0.086370 -1.290660 -1.243149 1.531391 -0.607524 1.162834 -0.612209 -1.560909 -0.854282 1.220555 -0.927109 0.644425 -0.865576 0.462748 1.082168 1.509912 0.890523 1.164624 0.098816 -0.067185 0.679165 0.766569 -0.392606 0.037582 -2.120855 -1.629981 0.307978 -1.464818 -0.187979 0.326121 0.527615 0.328217 -1.162875 1.128993 -0.502870 -0.909677 -1.240400 -1.885024 -1.323930 -0.467038 -0.116602 -1.292607 -0.948937 -0.193157 1.968911 -0.203444 0.762067 0.346040 0.247953 -0.724739 1.238623 -1.043138 -0.270648 -0.497419 -0.592395 -0.796960 0.960760 0.468901 -0.490807 0.447332 0.560262 -0.240782 -2.248348 -2.285331 1.079813 -0.825250 -0.495424 -0.722947 0.870985 -0.215487 -0.602617 -0.687373 -0.468350 1.073163 -0.417179 -0.641993 -1.191412 -0.779565 -1.498272 0.896069 -1.714891 -0.821572 0.471559 0.673565 0.855446 1.075137 1.215993 2.398892 0.692517 -1.240265 0.159101 0.255291 2.495776 0.701000 -0.191188 -0.353433 -0.327006 -0.018887 1.199383 1.486365 1.052333 -1.288971 0.082615 0.852191 -1.068036 -0.366090 0.187259 1.558682 0.277011 -1.852390 1.504687 -0.222412 1.464582 0.162805 1.026158 -0.050159 -0.150221 0.363883 0.272839 0.257923 -0.530572 -0.363010 -0.744067 -2.220141 1.361098 -0.012483 1.566282 -1.520931 0.057262 -0.628125 2.295693 -0.079820 -0.272461 1.249974 -0.579596 0.966503 -0.687602 1.096569 -0.196598 0.020117 1.727946 -1.822138 -1.577249
0.342383 1.132958 0.188404 -0.569770 1.906720 -0.903451 0.540328 0.920468 -0.797472 -1.389201 1.271378 -0.170226 -0.656324 -0.701787 -0.973105 -0.075399 0.989009 -0.023802 0.420118 0.329332 -1.192565 1.437358 -0.486385 1.499030 -0.698517 0.022705 1.216443 -1.205960 0.126826 -0.505853 -1.249327 -0.288759 -0.258306 0.422984 -0.857147 0.792097 -1.572992 0.581956 0.353220 0.528952 -2.627593 -0.131614 1.008229 0.474376 0.776354 1.094158 0.288910 1.615546 0.539479 0.279415 -1.409788 -0.028847 2.079905 -0.139315 0.537934 -1.116404 -0.298646 -0.178010 1.360216 0.992978 0.003119 -0.559216 0.243856 -0.257475 -0.604805 -1.292113 -0.659624 0.144264 0.400948 -0.249372 0.331397 -0.415418 -0.150349 0.457071 1.171575 -0.457128 1.001042 -0.074901 0.727845 0.577644 0.253948 0.599451 1.717703 0.129539 -0.857241 0.530018 -1.894897 -0.993969 0.085194 0.270187 1.640410 -0.196022 -0.187258 0.364846 0.944515 0.052390 -0.207507 -1.769398 0.702166 0.603842 -2.151376 1.479283 -0.767615 -0.648701 -1.882051 0.457480 -0.404942 1.572978 -0.438258 0.314875 -0.185539 -0.196581 -0.865603 -0.170441 0.730677 -0.453729 0.289757 0.123700 0.978526 1.212131 0.063021 2.107527 0.630742 -0.535205 1.528150 0.159288 -1.028749 2.472803 0.398420 -0.417766 -0.113425 -0.602903 -0.531236 0.565012 2.327777 0.526105 -0.628280 1.039624 -0.943283 -0.806582 -0.457017 -0.003110 0.788192 -1.124729 0.552392 0.729584 -1.059389 -1.103671 1.294399 -0.247400 0.260541 0.578686 1.680985 -0.164619 1.084133 -2.136191 0.514987 0.957726 -0.667058 -0.499449 -0.030498 0.835219 -1.070405 0.544241 -1.293237 0.314039 0.359946 0.226774 1.301455 0.072801 -1.277355 0.390617 -0.446147 0.566967 -0.081662 0.384837 -1.979662 -0.425197 0.824180 0.198592 -0.605509 -0.318642 -0.081223 0.631684 -0.395601 0.580129 -0.674817 -0.083650 -0.033160 0.901128 1.875225 1.067056 1.185544 1.637283 0.635844 0.329606 -0.717826 -1.279560 0.522874 1.843104 0.298819 0.763454 0.014219 -1.545405 0.087086 0.036445 2.682008 -0.609007 -0.870548 0.142271 2.100943 -0.398614 -0.937908 0.313152 -0.940460 -1.163873 0.725092 0.410891 -2.081341 1.021357 -2.036914 -0.853078 0.759057 -0.334085 -0.680230 -1.338295 1.806696 -0.255196 -0.847888 0.640836 1.318397 0.291327 -1.733575 0.581303 0.539047 0.953986 -0.074053 0.977067 -1.333297 -0.806051 1.372405 0.321193 0.308851 -0.403786
0.110034 0.312151 -1.300157 1.680591 -1.611011 0.776963 1.205466 0.002142 0.964103 -0.963028 -1.101568 1.220306 0.138309 1.480996 1.136691 0.293411 1.498116 -0.589676 -1.812710 2.164052 -0.304970 1.845543 -1.392913 -1.061112 0.499364 0.306239 -0.176001 -0.641008 1.129161 -1.076364 -0.673779 1.026312 0.682186 -0.226817 -0.045615 1.866551 3.228127 -1.492047 0.368160 1.147818 -0.060107 0.768157 0.964303 0.159440 -1.827690 -0.427896 0.878624 0.376907 -1.318826 1.965278 0.960975 -0.300965 1.471480 0.476715 -1.255369 -0.047171 1.459094 0.881421 -1.301440 0.965392 1.707329 -0.270597 -0.716727 -0.888373 1.465004 1.268420 -0.736094 0.081676 0.768428 0.342614 0.166649 -0.035449 -0.302048 1.203557 -0.628929 -0.038620 -0.702521 -0.247178 0.337847 0.190335 -0.040914 -3.611943 0.571047 -0.209484 -0.483123 -1.278179 1.258576 -0.771882 1.074067 1.464577 0.266195 0.470111 0.779511 0.221761 -0.667851 -0.278972 -0.062875 0.429332 0.275771 -0.124696 -0.854073 -0.487273 -1.973651 -0.268201 1.402073 -2.116226 -0.252061 0.059260 1.011354 -0.336823 0.804824 -2.437194 -0.254886 -0.229780 -1.736219 0.896164 -2.099229 -0.739890 0.755962 -0.359385 -0.281219 0.309665 1.561271 0.033155 -0.231073 0.285544 1.989418 -1.025263 -0.695102 -0.029773 -0.828910 -0.039615 -0.648489 -1.182398 -0.922213 -0.065950 0.054587 -1.023613 1.178861 -0.538991 0.886489 -0.093857 -0.731355 -0.894585 -1.139098 -1.510391 -1.061319 1.244872 -0.496711 -0.886994 -0.086484 0.550250 -1.182442 -0.933382 0.663952 -0.028078 0.675737 0.698382 -1.111114 -0.395889 -0.220648 -1.235651 -0.213190 -0.502582 0.719678 0.349302 -0.704930 -0.648345 0.545203 -1.578570 -1.154264 -0.566000 0.306644 -0.853932 0.395634 -0.284469 1.558045 0.941779 0.182655 -0.852680 0.439951 -1.432233 -1.932191 1.157126 -2.634843 -0.340700 -0.720886 0.394714 0.418313 -0.167912 0.632332 1.346990 -0.028241 1.030761 -0.671725 -2.003830 -1.567943 0.204655 0.376714 -1.797413 -0.481591 0.111811 -0.070863 -1.211794 0.598465 0.473333 0.959338 -0.797941 0.022760 -0.862835 0.211280 0.494253 1.413544 0.261384 1.044284 0.773242 -1.124873 -0.982573 1.285716 1.976275 -0.322389 0.232389 3.522660 2.973114 1.277785 1.578052 0.108047 -1.380352 0.506758 -0.575765 0.866392 0.769461 -0.327717 0.621485 -0.818608 0.635097 -0.070611 1.884797 0.163118 -1.418016 0.875752 -1.760902 -0.243148 -0.458726
-0.511130 0.672558 0.350545 1.223053 0.141864 0.848308 -0.257733 0.606450 -0.013212 1.182928 2.512765 0.743946 0.327816 0.931153 1.200369 0.722698 -0.722449 -0.200713 -0.240187 -0.013253 -1.712219 -0.851749 0.120162 -1.537333 -0.307370 -0.805737 -1.138931 -0.803012 0.651790 -0.375957 0.883955 -0.488216 0.120993 -1.019721 -1.398736 1.572873 1.336080 -0.115731 -1.148048 0.181881 -0.482898 -0.017477 0.471023 -1.130953 2.012621 -1.073980 -0.241900 0.916880 1.296799 -0.481118 -0.584911 -0.301145 -0.563120 0.812537 1.904165 0.813107 -1.057432 0.467260 1.167805 1.298487 -2.245986 1.032622 -0.670252 0.571575 1.958818 -0.599807 0.359171 -0.501860 -0.145383 -0.282969 -1.958723 1.438012 1.376296 0.842107 -0.854082 -0.106490 -1.103259 0.822976 -2.213438 0.625156 1.774749 -1.084682 -1.184414 0.587118 -0.228109 -0.436964 -0.072677 -0.377573 -0.058826 1.531055 0.399868 -0.283125 -0.626527 1.780865 1.690447 0.993992 0.775343 -0.156590 -0.797284 -0.827437 0.556465 0.458013 1.713410 0.481803 1.020772 0.990131 0.254062 0.299869 -1.203774 -0.100145 -0.779317 1.472814 0.411266 0.765845 -1.695624 0.269799 0.453346 0.370913 0.404514 0.880245 0.907244 0.175031 0.776289 -0.456137 0.177985 1.816677 0.108482 1.648819 0.648572 -1.061250 0.271264 -0.691741 0.027618 -0.484895 -1.163526 -1.242536 -1.772506 -1.509518 1.343048 0.628506 -1.003822 0.702549 1.983206 -0.731503 -0.738205 0.405925 0.465507 0.752102 1.569523 0.098321 -1.512498 -0.048015 1.127879 -0.754053 -0.652609 -0.677920 -0.455161 -0.004988 0.599535 -1.293318 -0.448040 -0.961642 -0.121627 1.208709 -1.424153 1.918891 -0.422654 1.373070 0.806873 -1.285987 -0.744519 -0.131647 -1.524108 0.298777 0.017553 0.398974 0.576646 0.118304 0.666247 -0.354303 -0.757191 -1.036046 0.732405 -0.061831 0.687597 1.636381 0.745830 0.781536 0.701045 -2.157050 1.037704 -0.772923 0.731851 -1.754062 -0.275813 -1.934841 -0.092480 0.173373 -0.820849 -0.140239 -0.572424 0.438713 0.570638 -0.771191 -1.498174 0.411232 -0.035711 0.245877 -1.764649 -0.684088 0.204564 -0.177809 0.613670 0.656191 1.060218 2.163206 -0.123928 -1.435022 -1.974084 0.585037 -0.618629 0.686001 0.759859 -0.238909 1.141144 0.154594 -0.078736 -0.687148 0.729376 0.427120 -0.131570 1.409468 -0.725894 -0.315327 -1.866155 -0.031720 0.579242 0.142538 2.742325 0.320824 0.850180 0.254760 0.989585 -0.535403
-0.057428 0.284303 -0.430814 -0.326642 -0.246260 0.176804 -0.114631 2.572325 -0.667630 -0.695283 1.196864 -0.945811 -2.224980 -0.400772 0.050274 -0.232653 0.418527 1.749284 -0.622668 1.213176 -0.951366 1.834753 3.006724 0.843610 1.126196 0.442004 -0.059903 0.616087 0.272063 1.175950 1.259257 -0.082068 0.961555 2.202449 0.571674 0.321695 -1.350570 -0.797980 -1.457202 1.087868 -0.279047 0.620103 0.841301 0.441066 0.920312 0.811277 0.239203 0.520451 1.572040 1.625388 0.443377 0.939264 0.514733 0.250052 1.202103 0.779442 -0.706235 0.261925 -0.114385 -0.091343 -0.629131 -0.811246 -1.018517 -0.318287 0.822348 -0.063109 0.627620 1.193086 -0.582521 1.142870 0.858221 0.468939 0.808007 -1.210347 -1.300436 0.816305 -0.143239 -0.019942 0.671313 -0.312066 0.004480 -0.738442 0.800389 -0.554647 0.318678 0.167092 -0.348064 -0.821763 0.334077 -0.617397 -0.325824 -0.976965 -2.175096 1.078004 0.665397 -1.337762 -0.698022 1.204977 -0.373145 -0.685582 0.379485 0.146096 0.036417 -1.006838 -1.041120 -0.090816 -0.168600 2.288714 -1.247735 -0.215384 0.206066 -0.071395 -2.220150 1.088389 -1.943200 1.334421 0.143768 -0.703466 0.202181 -0.841980 0.297459 0.847043 0.675296 -0.469192 -0.727811 0.999475 1.487236 1.499903 -0.738467 0.253255 0.369149 0.505072 1.534849 1.031687 -1.208580 1.697632 -0.977050 1.173439 -0.598787 1.743739 -1.328371 2.035338 -0.799060 1.505593 -0.914937 -0.807182 -0.229079 0.528421 0.321569 -2.318183 -1.878492 -0.706143 -0.646724 -0.701948 1.340791 0.570280 0.080548 0.345089 -0.779284 -2.336380 -0.030182 1.834891 -0.679046 0.060816 0.849655 -1.030599 0.075457 -0.111926 -0.351642 -2.270882 0.948837 0.865008 0.416527 -1.244435 -2.457203 0.060328 0.590538 1.102005 0.629664 2.190155 -1.283584 -1.879790 1.077365 0.308936 1.352702 -2.177327 0.671463 -0.563612 -1.287088 -0.166621 -1.650482 -0.928645 1.006760 2.011758 -0.476102 -0.511091 0.045646 -0.847622 -0.450844 -2.249048 0.705536 1.600520 -0.994425 0.310173 -1.061891 -0.649975 0.675060 2.906563 -0.028477 -1.311064 0.948270 1.237865 -0.641465 -1.401240 0.695424 -0.793544 0.765048 -1.486540 0.309954 -0.983314 -1.452970 -0.026810 0.266575 0.006037 0.303934 0.150852 0.682666 -0.134250 0.697387 -0.354016 1.364500 -0.925158 0.888769 0.786813 0.258894 1.186861 -2.122102 0.822722 0.565298 0.021945 0.321684 -0.512170 1.355457 0.024359
-0.670052 2.580359 -1.889983 0.646704 -0.269538 -1.192774 -0.868409 -0.251197 2.906108 -0.364394 1.668824 0.794773 -1.310081 1.508648 0.948781 0.524627 -1.363081 -0.015632 1.097337 0.882847 -0.025699 0.841870 0.189906 -0.090410 -0.373552 -1.064237 0.176675 -2.084314 -0.210816 2.256464 -2.577046 -0.645314 1.438417 -1.218458 0.150026 -1.005047 1.232351 1.778190 0.478122 0.000261 -0.709090 -0.336313 0.140072 0.092628 -1.364555 0.222459 0.015594 2.243319 0.431334 0.159806 0.469256 -0.135653 1.405435 1.418461 -0.533879 -0.552768 -0.431920 0.054987 -0.347755 -0.267556 1.921077 -0.506564 -0.382883 0.551726 -0.723073 1.082186 1.232518 0.537028 -0.254629 -1.428124 -0.712876 1.233809 -0.841463 -0.632198 1.341663 -2.402573 -0.153532 0.899782 -1.192048 -0.334510 -0.596094 -0.699778 -0.553053 -0.458524 0.709371 0.394086 -0.217759 -0.417619 -0.417953 -1.550972 -0.585434 -2.104618 0.079129 -2.043791 -0.169454 1.002539 1.586296 0.536001 -0.140339 -0.161148 0.345662 1.733111 -0.598599 0.152210 -0.685487 -0.437603 -0.912967 -1.167411 1.498123 -0.969819 0.386786 -1.029973 0.443960 1.489462 1.331599 -0.712538 1.509677 1.065827 1.298310 -0.486837 0.274143 -0.168857 -2.529958 0.843936 -1.237775 -0.980087 0.907114 -0.381549 -0.198388 -0.878750 1.713770 1.865452 0.126297 0.932240 -0.498379 -0.793775 0.961637 0.528366 0.832387 -0.570458 1.116332 -0.890577 -0.559198 0.954942 1.197752 -0.858975 -1.693493 0.491442 -0.471964 1.444389 -0.239018 0.469608 -0.159182 -0.227560 -1.016354 -2.093368 -0.411185 0.892207 -0.455189 0.366383 -0.915889 -1.188909 0.137433 1.324125 -0.265330 1.440373 0.294429 -0.171367 0.909267 0.304901 -0.273683 0.740663 0.647184 0.280163 -0.185871 1.460483 -0.039316 0.485228 -2.063787 -0.221551 -0.689623 0.756662 0.677777 0.693366 -0.968141 -1.208809 0.086588 0.391854 0.903888 1.456020 0.457689 1.298276 -2.347878 0.449532 0.539015 1.672379 -0.343239 0.150604 -0.026803 -0.742425 0.447377 -0.055058 0.214142 0.938818 -0.611106 0.156151 -0.673796 2.057784 -0.794451 0.467341 0.240268 -1.533567 1.185447 1.463783 0.277257 0.594752 0.276144 -0.031033 -1.821246 1.557723 0.798481 0.647877 -1.090290 -0.624998 0.076276 0.231797 1.717867 1.496595 -0.454911 1.976563 -0.514227 -1.289156 2.294932 0.939854 1.124211 -1.645438 -0.119152 0.348086 1.221607 0.045357 -0.742283 0.863885 -0.111519 0.926901
0.017189 -1.279062 -2.537390 -0.664196 0.041906 0.158832 0.879872 -0.214371 1.537658 -0.824744 -0.264949 0.822433 0.492505 -0.619713 -1.690681 1.448386 1.891679 0.704809 -0.232217 1.313568 0.900177 0.273500 2.045390 0.706010 -1.338600 0.812071 -0.960896 1.545893 0.397672 -0.437346 0.851347 -0.416214 2.052438 -0.452389 0.925760 -0.287523 -0.033473 0.762638 -0.225850 -0.401738 -1.552092 0.648792 -0.207024 0.462934 0.248322 -0.504964 -1.555360 -0.744903 0.019472 0.503292 0.276718 0.552106 1.048354 -0.122590 -0.302551 0.951486 -0.103989 1.682758 1.265179 1.332365 -1.005403 0.771847 0.960083 1.507542 -0.349368 -0.451391 -0.004442 0.220443 -0.327976 1.219459 -1.476883 1.842759 0.172529 0.121043 -0.065602 0.766978 -0.896008 -1.065939 0.332017 0.898321 -0.778376 -0.231511 0.630883 0.058209 0.035153 0.567182 -0.800773 -1.047748 -0.859188 -1.390129 0.179882 -0.184027 -0.093380 1.766194 -0.781758 0.434244 -0.208093 0.310484 0.256838 -0.561021 0.291599 1.149592 1.358743 0.281920 0.131643 1.400575 -1.376999 -0.248246 -1.819976 -0.097056 1.377346 0.810426 1.353630 0.212107 -2.078673 0.521948 0.686394 0.352265 -2.347021 0.747755 0.165251 0.679566 0.997412 -0.341522 2.855358 0.084068 -1.830983 0.644809 -0.825038 -1.408088 0.164431 -0.551286 1.098571 -0.279285 -0.900586 -0.256625 -0.042576 -0.586743 -0.638308 -1.987911 -0.657250 0.704442 -0.010831 -0.440213 -1.641595 0.975489 0.807227 0.865408 -0.602644 -0.768231 1.143145 -0.355538 -1.557639 -1.060275 -0.752327 0.937246 -0.572209 -0.672370 -0.294303 -0.576039 -0.379615 -0.489084 0.807219 -0.005444 -0.377053 -0.440610 1.309523 0.989582 -0.245986 1.406330 -0.175072 -0.953747 0.948607 -0.293980 -2.800123 -0.007818 0.525450 0.056328 -0.634219 0.822457 -0.041021 -0.246952 -1.055370 0.189898 1.025267 -1.088054 -1.736160 0.317885 0.568011 0.589661 1.488463 0.572941 -0.299778 0.956626 -0.128509 -0.536559 -1.903272 -0.397327 -0.683902 -0.253689 -0.569540 -0.691036 1.934626 -0.311472 -0.181057 0.542296 -0.420937 -0.235027 -0.135920 -1.398120 -0.239514 1.176605 0.472729 0.186216 -0.872601 0.088504 0.618414 0.858109 -0.295138 -0.031737 -0.060415 1.458755 0.574626 0.470030 0.578131 -1.001293 -0.392911 0.613264 0.781822 0.004483 0.091879 0.894821 -2.346475 0.148799 0.076035 -0.796031 0.298204 -2.365994 1.015318 -0.984682 -0.795772 0.322022 -0.848074 0.409926
-0.315095 0.782619 -0.357038 -0.768477 0.309330 1.097996 1.001272 -0.082644 0.166661 0.688966 -1.961710 0.235619 0.618922 -2.090807 0.047885 -0.694730 0.648864 0.736387 1.363229 -0.893290 -0.643130 -0.290931 0.279724 0.516634 -0.427978 -1.410957 0.089307 -0.714271 -2.253622 -0.738427 1.931086 -0.985873 -1.388193 3.371049 0.488424 -0.181958 -0.136320 -0.623134 -0.568611 0.425353 -0.083778 0.153611 -0.360129 0.266196 0.253030 -0.782179 -2.051889 -1.516353 -0.751951 -1.141464 -0.674244 -1.502651 0.423727 0.258911 -1.251696 0.868635 -0.121198 -0.531740 1.305498 -0.308832 -0.526509 2.369354 -1.258873 -1.166055 -0.031443 -0.507780 -0.142201 0.600756 -0.517857 -1.351134 0.952111 0.588190 -1.302099 -1.422056 1.154865 -1.271173 -1.253403 1.208024 -1.366906 -1.197905 -0.039704 0.221851 -0.651259 1.321606 1.226877 -0.563669 0.758523 -0.129582 -0.958973 2.253628 -0.336643 1.253205 2.080861 -1.286588 -0.222058 2.069644 0.714186 0.513308 1.350226 1.002552 -0.619624 1.377666 0.866472 0.428676 1.028458 -0.305622 -0.061078 -0.137425 0.084106 -0.363242 -1.324600 -0.432202 -2.139683 1.286432 -1.325737 1.160461 -0.164504 0.938254 0.602839 -0.061448 0.174810 -0.493116 -2.075271 -0.462421 1.932242 -0.335935 -1.926401 -0.248563 0.082878 0.231843 0.136530 0.258326 -0.445089 -0.912761 0.161380 0.000196 1.140312 -0.798977 0.111422 -0.371157 2.116389 0.311712 0.049838 -1.796605 -2.236309 1.125257 1.674858 -0.174394 1.608559 2.213687 1.723841 -0.650620 0.825204 0.556027 0.341122 1.021950 -0.164879 -1.139236 -0.710712 1.233596 -0.444724 0.331398 0.617522 1.634964 0.133523 1.385884 0.244547 0.378478 0.324588 0.697929 -2.874394 0.885816 -0.228580 1.916138 -0.082963 1.098123 -0.946294 -1.306076 0.091400 2.479159 -1.243738 -1.551669 -0.231150 -0.507703 -0.759160 -0.259760 -0.292216 1.157235 0.788617 0.124860 0.340622 -1.112738 0.400866 -0.155763 -0.301528 0.161063 0.144779 -0.691816 2.118987 -0.941889 -1.922492 1.157022 0.696703 -0.559625 -0.502538 -1.109117 -0.452689 0.521263 0.686186 -0.375255 0.420583 0.452655 -1.484240 0.146672 0.659532 -0.145532 -0.230218 0.477991 -0.149896 0.718721 0.419847 0.228690 -0.329438 -0.659693 -1.100339 0.177247 1.291422 1.207094 -0.421532 -0.154926 -0.702274 1.888840 -2.583573 -0.574104 1.055427 0.380193 1.606996 -0.918111 0.570496 -0.152789 0.418053 -0.412192 0.410568 -0.725221
-0.700357 1.737943 -0.003696 -0.676669 -0.062238 -0.664159 -0.177377 -1.345679 -0.619304 1.219485 -0.148110 -0.317198 1.090432 -1.033491 0.544399 -1.226288 0.503936 0.150683 -0.421117 -0.445872 0.565112 1.357680 1.094844 1.008826 0.030363 0.495269 -0.910329 -1.237190 -0.126719 0.177634 0.983480 0.140636 0.012989 1.214535 -0.345279 0.322719 0.083117 0.562331 0.855111 -1.475181 1.959455 -1.061750 -0.296885 -0.126544 -0.052485 0.997623 0.176791 0.271721 0.093773 -0.707748 0.667720 -0.235425 0.987081 1.027945 0.787246 1.578420 0.548319 0.610252 -0.135015 0.581515 0.606153 -0.879307 -0.206942 -1.050140 -0.012695 2.143283 0.325763 -0.701985 1.708024 1.884211 1.723306 -0.629691 1.656763 0.647178 -1.830140 -0.079517 1.826433 0.286097 -0.161533 1.178109 1.791019 -0.532980 1.559832 -0.013440 0.654022 0.395867 0.803916 -0.467540 -1.284098 -1.333828 1.096818 1.178997 0.725514 -0.931934 -1.086328 -0.762025 0.457959 1.633066 0.651749 -0.960226 -1.027081 0.432569 0.210293 0.617570 -0.562019 0.217709 -1.191180 1.445990 0.590612 -1.347813 0.004929 0.770763 1.380128 -0.630499 1.484584 -2.201393 -0.006387 -0.095576 -1.488030 0.536247 0.044488 0.946295 -1.058362 1.332588 -0.727105 0.239173 -0.359557 0.015198 -0.676426 0.677985 0.690861 -0.731947 0.229498 -0.005073 1.171240 -0.031839 -0.234429 0.162815 2.326830 -0.605841 1.114412 0.199081 0.341462 -1.591436 1.718184 0.661921 0.493864 -1.471409 0.020520 0.304911 -0.614404 0.327099 0.642528 0.358683 -0.387862 0.772190 -0.333063 -2.638128 0.266407 -0.709858 -0.211117 -0.398134 0.826583 0.759217 2.085716 0.978230 -0.162634 1.629064 -0.692898 0.520021 1.349457 -1.115680 -0.403451 0.405397 0.885863 0.026072 1.474052 -1.353902 0.461768 -0.193188 -1.920214 0.412713 -0.276562 -1.137906 -0.810341 1.065098 -1.145697 0.244603 -0.048277 0.025023 -0.170986 -0.117539 0.040564 0.660684 1.620244 -1.211519 1.359698 0.417914 -0.455772 -0.923576 -0.906845 -0.055872 -0.048708 0.229370 -0.859400 -1.411992 1.524459 1.143663 -0.012056 -2.108511 -0.413082 -0.908983 0.453495 -0.082204 0.935405 -2.011083 -3.352990 -1.197799 0.482093 -0.502064 -0.444553 -1.677581 0.894047 -0.213849 -0.840978 -0.356821 -0.971360 0.033947 0.535710 -0.337690 -1.037079 0.232406 -0.071967 -1.786662 -0.164426 -0.103732 0.317192 -0.598939 -1.774472 -0.690795 -2.577099 -0.871340 0.397504 0.254040
1.150036 -0.490051 -0.185563 -1.527132 1.884207 0.034664 -1.537369 -1.140739 -0.649514 0.781359 -0.250944 0.335838 -0.149220 -0.098307 0.755493 -0.636792 -2.733808 -0.628512 -1.107673 -2.226397 0.699894 -1.106424 0.029434 2.014964 1.123128 0.961358 0.938124 1.683569 -1.011518 0.130320 -1.457436 -0.394236 -0.567184 -1.994161 0.544114 0.619014 0.959110 -2.630466 0.099969 -0.622618 1.077425 1.263383 0.047819 -1.925824 0.789565 0.221114 0.857418 0.941995 -0.127178 2.073591 -0.550214 -0.653219 -0.910299 0.213497 1.840308 0.375632 0.075766 -0.519617 0.895056 -0.182612 0.727140 0.764117 -0.733578 -1.020390 1.244189 -1.962381 0.107856 0.448128 -0.498216 0.249803 2.073934 -0.469178 -1.618727 0.108625 -0.878642 0.311597 -1.829033 0.402053 -0.148907 -1.397031 -1.183005 0.371716 0.397211 -1.180690 0.709035 -0.492876 0.683922 1.018462 1.406375 0.825699 -0.067601 -1.365314 0.962205 1.137258 -1.050821 1.330171 -0.775699 1.117748 -1.960254 1.177498 -0.753703 -0.140060 -2.178796 1.180654 0.696307 0.162387 -0.642672 0.584766 -1.071358 1.556287 -0.682059 0.931141 1.482744 0.291224 -0.804801 0.417032 -0.367058 -0.859363 -2.012605 0.655901 0.915662 0.027195 -2.649239 0.156427 -0.877818 -0.449705 -1.226881 -0.309310 0.271516 0.920438 0.057136 1.039507 -1.835138 0.894116 0.205700 -1.408962 0.355594 2.806019 -1.479238 -0.742856 -0.155043 -0.803326 1.987660 0.148822 1.374745 -0.191874 0.270261 -1.565221 0.081661 -2.318266 -0.633211 -0.074774 0.458901 0.200503 0.865215 0.724456 -0.741221 1.890798 -0.277719 -0.397803 -0.231848 0.201096 -1.294149 0.091412 -1.575197 -2.875464 0.963145 0.738465 -0.510474 0.912003 0.453134 0.851240 -0.476878 1.111649 0.540593 0.745967 1.758391 0.303109 0.185006 -0.947073 1.353758 -0.597820 -0.347662 -0.009829 0.037690 -0.858740 0.988815 -2.442142 -1.062490 1.646083 0.393462 0.694332 -0.037857 -1.176278 -0.160169 -0.201547 0.505144 0.028193 -0.986966 -0.073375 -0.554676 -0.098087 1.459783 0.113506 0.041233 -0.496491 -1.455778 0.424016 1.284469 -1.952684 -0.457751 0.595841 -1.058622 0.613588 0.111080 -0.618841 -0.928924 0.263885 -0.433975 -0.327825 -0.334060 0.559733 -0.904689 -0.109920 -0.889026 0.536397 1.103036 -0.723527 -0.098511 0.710424 -0.043361 1.382047 0.596400 -0.967054 0.307543 1.093690 -0.936845 1.906843 0.719604 0.240691 1.619769 -0.079559 0.585217 -1.293622
1.122643 0.865382 -1.014710 -0.355574 0.466039 -1.175685 0.839981 0.188608 -0.655938 -0.711362 -0.384801 -0.944497 0.575884 0.052802 0.415122 -0.110722 -0.698115 0.462979 -0.060339 0.497484 1.970939 1.326155 1.523221 -0.185052 -1.160503 0.245177 0.855249 1.537168 -0.380582 1.882554 -0.216982 -0.183680 1.623426 1.086439 0.614471 -0.733062 1.426368 0.013017 1.714325 -0.353982 -1.846187 -0.099405 1.136225 2.464118 -0.401219 -0.828606 -0.816878 0.656507 0.466111 -0.824254 -0.780363 0.608229 2.239500 0.284202 0.627372 -0.817325 -1.065381 0.128293 -0.826046 -0.145880 -0.672109 1.572412 1.892088 0.120591 0.252787 -1.098142 -0.605912 -0.141820 -0.293999 3.077966 -1.329895 -0.211250 0.927852 -0.542266 -2.085071 0.279863 0.880826 0.372845 -0.743499 -0.552657 1.049722 -1.705559 -0.642077 0.529441 0.077436 0.201665 0.105939 -1.028661 0.431785 0.528288 -0.118886 -0.467857 0.712756 2.052631 0.729993 -0.246713 1.124843 1.675982 0.615038 1.106215 -1.408941 0.477286 0.784330 0.822729 -0.708120 -0.135514 -2.146070 0.256629 0.657335 -0.906117 -0.625070 1.142282 -1.205539 -1.288744 -2.660076 -0.995514 -1.199566 -0.312724 1.346159 0.136201 -0.183049 -2.505854 1.152616 -1.702614 1.154120 -0.990721 0.652647 -0.153956 -0.528272 1.172240 1.184022 -1.443388 0.562369 0.454482 1.509040 -0.723172 0.385442 -0.140036 -0.206528 -0.689446 0.473329 -0.841726 1.328934 -0.564923 -0.355567 -0.039050 0.328633 0.173928 0.355931 -1.308946 -0.644485 -1.344246 -0.919908 -1.056704 0.739204 0.855143 0.111962 -0.370425 -0.540470 0.684443 -0.668704 0.793884 1.424572 -0.494255 -0.511224 0.863419 -0.213390 -0.040465 -1.207374 0.789192 0.094936 0.142660 0.726067 -0.461045 -0.694189 1.877684 0.686879 0.285856 -0.241497 -0.996995 -0.827641 0.282091 0.267873 0.778976 -0.661305 0.051936 -0.558443 -1.645588 -1.263863 -1.437575 -0.040036 0.930360 -0.790710 -0.503245 0.768373 0.160449 -0.500546 -0.464353 -0.173814 1.433852 0.380919 1.152939 -0.112068 1.487183 -1.416362 0.513633 0.573734 -0.580898 -0.417207 -0.361314 -0.915317 1.112962 -0.458850 1.494343 -0.493724 -0.080255 0.405258 -0.975949 0.985358 -1.009679 -0.843540 -2.451897 0.867527 -0.657332 1.433990 0.666640 1.090881 1.846917 1.950855 0.797097 -0.063733 0.507633 0.078117 -0.468136 -0.954521 0.529910 0.158811 -1.630683 -0.482336 -1.048184 0.804758 -0.331498 0.292473 0.116834
-0.589182 -0.680196 -1.187429 -1.371003 0.004830 0.021301 -1.241051 -2.023209 -1.844579 -0.144353 -0.811649 0.741219 0.452103 0.371760 0.541755 0.626663 -0.382521 -0.021600 -2.339261 0.626464 -1.983821 -1.072429 0.498549 0.190492 -0.899859 0.416832 1.006547 0.927155 0.298434 -0.868578 -0.833159 0.779269 1.429011 0.880113 0.168226 1.354623 -0.186070 2.308619 -2.176966 1.106991 0.423701 -0.335204 -0.639318 0.423976 -0.112237 -0.512955 -0.545377 -0.496307 0.625834 0.699369 -0.165033 0.007318 -0.456115 0.358755 0.338996 1.398832 1.286774 0.463094 0.556419 0.371321 -0.729808 -0.837479 -0.561840 0.657108 -0.206113 -1.093286 -0.831793 -1.061073 0.238525 1.478416 0.015988 -0.681511 -0.545574 -0.825854 0.078019 0.324492 1.166205 -1.057709 -0.557820 0.326265 -3.245250 -1.030347 -1.178845 1.732427 0.074456 -0.317696 -0.326298 0.419543 0.558240 1.353783 1.990446 -1.366212 0.400739 -1.200333 -0.655539 -0.623632 -0.711413 -1.344856 0.919064 -0.519413 -1.319654 -0.381990 0.806406 -0.486218 0.726173 0.109803 -0.566551 0.722650 -0.702479 0.492085 -0.055447 -0.195701 1.706192 0.560591 -0.134343 -0.388992 1.045844 -0.144932 2.327041 1.202724 -1.456478 2.593073 0.050813 0.549788 0.848054 0.964799 1.367169 0.449547 -0.815313 -0.439671 0.194699 -0.676029 0.333536 0.744190 -1.065200 0.367832 1.166615 -0.853360 -0.490044 0.956072 1.195323 -0.999974 0.317301 -1.513578 -0.904719 0.177066 1.286351 0.380223 -0.478499 0.725237 0.937356 0.829956 1.388139 0.220001 -0.490792 -1.107780 0.890262 0.782944 -0.510616 -0.494546 -0.085251 -1.406897 0.183456 -1.018318 2.157255 -0.088304 1.297945 -1.353013 -0.147787 0.189243 -0.051749 0.851620 -1.089009 1.345161 0.248706 2.040491 0.980881 1.075730 -0.007386 0.933029 0.558603 -1.533697 0.007101 1.039659 0.249122 0.368041 -0.694653 0.398277 -1.033571 0.068332 0.467289 -0.303499 0.824854 -0.401139 -0.649069 0.479244 -0.155475 0.323059 -1.260218 -0.188449 -0.773584 -0.701129 -0.149334 -0.287943 0.745833 -0.594097 -1.213810 0.417135 0.032511 -1.127777 -0.819927 0.547505 -0.244435 -1.223833 -1.389429 -0.198681 1.708214 -1.215437 0.757785 -1.690818 -0.698537 1.013421 -1.218200 -0.259474 -0.043306 0.093926 0.080398 1.808474 -1.130979 0.796971 -0.106992 -0.943033 0.171008 -0.406510 0.006042 0.011115 0.051253 0.511722 0.593047 0.111823 0.564783 -0.467033 0.051252 0.401358
1.629731 0.993956 -0.379083 0.696595 -1.325594 -1.434514 0.190682 -1.082195 0.692948 1.538030 2.355160 -0.704736 -1.104904 0.120613 -0.099634 2.314560 -1.000963 1.234334 2.057776 0.331734 1.259964 -0.266238 0.260433 -0.144967 -0.380127 -0.870960 0.642834 -0.685475 0.447039 0.944416 0.625213 0.843998 0.614018 0.810306 -0.170049 0.978131 0.809447 -0.016345 0.596604 -1.561127 0.047952 0.221670 -0.604237 -0.275111 1.517305 -0.287028 -0.427739 -0.796342 -0.121185 -1.799929 0.693493 0.658491 1.832621 0.407103 0.989529 1.402877 1.215487 -0.599668 -0.599746 0.187693 -0.318048 0.172949 -0.261107 0.670106 -0.733939 1.205809 -0.719540 0.193421 -1.288509 1.423604 -0.503758 -0.772961 -0.717652 0.066918 0.088652 0.554708 -0.454002 0.048894 -0.036893 -1.047519 1.022825 0.902466 -0.166811 -1.941011 -0.577856 -0.132696 -0.992017 -1.673438 0.591267 -2.322592 1.412153 -0.378113 -0.042249 -0.488865 -2.100726 0.407818 1.755112 -0.283580 -1.192719 -0.556197 -1.390494 1.269067 -0.137629 1.041709 0.399497 0.880647 -0.405673 0.898663 -0.181082 -0.332487 1.710239 -0.035625 -0.641243 -0.211283 0.983365 -0.079079 -1.684835 0.743529 0.648998 -0.255545 -0.627895 0.365904 -0.494022 -1.868515 -0.147776 -0.300973 -0.239690 0.031605 0.098133 0.795193 -0.295533 -0.604416 -0.107887 2.822018 0.990364 1.125055 -0.422659 0.508956 -0.917386 2.058396 -0.272998 -0.271996 -0.824250 -0.078466 0.004554 0.621466 0.623763 -0.170489 0.436988 -0.095995 -0.307996 -2.518271 -0.094112 0.795732 -3.491834 0.238923 -0.332887 -0.071176 -0.851485 -3.263690 0.168559 -0.509610 -1.330187 -0.689055 1.985231 -0.292399 -1.057857 1.145010 0.007888 -0.620209 0.395445 -0.065446 0.625639 -0.486206 2.279283 0.208650 0.591034 1.428388 -0.254757 0.928808 1.953794 0.611500 0.194727 0.228908 0.669360 -0.235756 0.556887 -0.086710 -0.958249 0.193087 -0.890516 -0.542111 0.576704 -0.370150 -1.733627 0.221412 -1.013622 0.024479 -0.446489 1.300854 0.385856 -1.289523 1.883177 -1.540504 -0.394552 0.050583 -0.857763 0.818655 0.770257 -1.426900 1.491324 0.857413 0.320365 -1.925350 0.005617 1.030911 0.060673 -1.469229 0.155750 1.986132 0.599554 -0.737812 0.300670 -0.533413 -0.116798 0.346670 -0.564420 0.888156 -1.676124 0.420654 -0.030072 1.433944 -0.130123 -0.804667 0.561041 0.525340 1.235190 0.371451 -1.473846 -0.135480 -0.324373 -0.073009 -0.029397 -1.687214
1.261519 0.801236 0.075014 -0.619487 1.643063 -0.303086 -1.356581 -1.096802 -0.885222 -0.018801 0.832518 0.210610 -0.740868 -1.745954 -2.526661 1.290426 2.009730 0.916053 1.162451 1.147243 -0.472111 0.586514 0.482486 1.777828 -0.612427 -0.464092 0.923839 -0.983367 -1.143994 -0.703545 -0.852224 -0.465759 0.922593 0.503813 -0.780281 -0.783335 -0.244051 -0.216131 -0.036693 1.253983 0.912316 -0.654755 0.185540 2.120547 0.004927 -0.257076 -0.825996 1.041767 -1.589548 -1.361135 -0.098346 0.736124 -1.283891 0.037156 -0.123791 0.337845 -0.474376 0.390686 -0.383961 -0.861114 1.217658 -0.071310 -1.340206 0.599253 -0.776073 1.669406 0.485784 -0.792425 -0.828566 -1.154582 0.325940 0.806522 0.909915 -1.530261 -0.950104 0.638566 -0.879401 -0.702916 -0.587239 1.632774 0.904840 -2.336206 1.590795 0.252508 -0.844620 0.475238 -0.612904 -0.569892 0.328838 -0.149141 -0.835438 0.381474 -0.227172 0.068428 1.133056 -0.928880 0.266764 -0.481343 -0.844396 0.838777 -0.034272 0.407195 -0.150043 0.020366 0.427866 -0.246201 -0.676230 0.953282 1.551535 0.184482 0.242085 0.308209 -0.679851 0.997494 2.754758 -0.142370 -0.346671 1.074673 -0.567837 0.162642 -0.153232 -1.305498 0.953412 -2.077050 1.422720 -0.330927 -1.069403 2.806593 -0.469964 0.484538 -0.084867 -0.619429 1.778231 1.791755 0.142647 -1.300412 0.674511 -0.141662 0.228777 -0.144247 1.891300 -0.695276 0.543046 1.928033 0.158796 -0.960916 0.620077 0.081930 0.319008 -1.793652 -0.867717 -1.435618 -1.576749 0.813171 1.539684 0.359126 0.431296 0.249492 -2.320580 0.759043 -0.583077 -1.418927 0.272998 -0.742065 0.438138 -0.281823 -1.179799 0.292440 1.269046 -1.005722 -0.717585 -0.335429 -0.744660 -2.095774 -1.127491 -0.566397 1.561225 0.727177 -0.835917 -1.281583 -1.032676 -0.252044 0.569652 0.460426 0.581680 -0.566292 0.120217 -0.684853 -0.462864 0.795090 1.680431 0.684172 0.380887 0.616078 -1.002867 1.403552 0.392870 0.688213 0.819040 0.250179 -1.037697 0.154009 2.246493 -0.830338 -1.054144 -0.117962 0.032003 -0.027684 -0.656378 -0.114623 1.447046 -1.658451 0.095542 0.160366 -1.282406 0.593934 0.237962 -1.872007 -1.221128 0.757451 -0.916286 -0.300133 0.636962 -0.317644 1.738561 -1.449386 0.754446 -1.225875 -0.666099 -1.213627 -0.727281 0.974551 -0.348334 1.108121 -1.323244 0.604241 0.454283 -0.117962 -0.667852 0.212847 0.729141 0.242068 0.512115 -0.241962
-0.112864 0.087868 0.016637 -2.073461 -1.070294 -0.212469 0.017628 2.062516 -0.832447 1.264288 2.289415 0.560655 -0.870372 -1.260147 -1.741599 0.093918 0.151095 -1.127480 -0.343966 1.200285 -1.037039 0.068798 -0.261402 0.268490 -0.683074 -0.350725 -1.744022 -0.030740 -1.067799 -0.100038 -0.481307 -2.230627 -0.759839 0.910511 -0.729830 0.835288 -1.154535 -0.917408 -0.441300 1.173551 1.144726 -0.091532 1.627965 -0.319764 0.868773 2.028483 0.780117 -0.502461 -0.903441 0.395248 2.142405 0.589127 -0.071523 0.560507 -0.324496 1.595606 -1.381226 0.300183 -0.814588 -0.842478 -1.558539 0.141691 0.656628 -0.563546 -2.165792 -0.302598 -0.358953 -0.024736 -1.034099 1.248825 0.034181 0.938512 -0.031968 0.470792 1.095274 0.656990 0.146138 1.994032 -1.175282 0.939808 2.518079 -0.903076 -0.002744 -3.091094 0.432188 0.568223 -1.661147 -0.328673 -0.272377 -0.517646 -0.087738 -1.445699 -0.985668 1.517958 -0.409179 -1.297703 0.181208 0.369950 -1.082928 -0.567265 0.347766 0.279663 0.086765 0.279774 -1.019654 -1.111446 1.363249 0.876796 -0.418689 -0.051327 0.075164 0.817076 -1.045423 0.656461 -1.072635 0.759838 1.240495 -2.041026 -0.958391 0.320260 -0.538400 0.286396 0.672689 -0.736851 -0.599190 -0.823988 0.170579 2.478097 1.523486 -0.796278 1.232435 -0.013974 1.290111 0.466617 -0.311610 -1.324797 0.143499 0.465218 1.024090 0.441226 -0.540404 -1.291097 0.927167 0.963156 1.702076 0.183437 1.408202 -0.965939 0.928484 -0.794809 -1.177750 -0.897629 -1.152886 0.092797 -3.062379 -0.729328 0.006272 -0.148470 -0.178963 1.418969 0.064541 1.777406 -0.011733 1.035956 0.047633 -0.925050 -0.521876 0.125224 -0.373287 -0.193346 0.215990 0.249532 0.382550 1.208150 0.594171 -1.649278 0.277292 -0.228534 -0.129687 -0.288045 -1.672434 1.293998 0.655854 -1.019952 2.160694 -0.597941 -1.313415 -1.051449 -1.788031 -0.079905 0.868630 -0.038429 -0.156323 -1.338068 -2.215183 0.456030 -0.332149 0.092600 -0.809459 -0.433544 0.278255 0.705239 0.349271 -0.390955 0.134670 -1.362026 -0.398313 0.038406 -2.432601 -1.260159 -1.074503 -0.781858 1.436182 -0.599078 -0.996359 0.231872 1.053884 -0.615392 -0.571548 -0.016071 1.042889 -1.129251 -1.524654 -0.048939 -0.966263 0.456656 1.843702 0.539419 -0.299723 -1.081510 -0.480108 -1.363189 -1.080042 -0.766418 0.057381 -0.624592 -0.948175 0.356999 2.307811 0.718122 -2.875329 -0.587054 -0.958155 -0.733205
-2.970456 0.219040 -0.565816 -0.120723 -0.822521 -1.429266 1.894050 0.477743 -1.021891 -0.531873 1.442835 1.032335 -2.076287 0.811072 0.059845 -0.501862 -1.477999 -0.834551 0.737523 -0.992875 -0.384203 0.278313 -0.906338 0.394209 0.193013 0.303506 -0.680988 -0.510335 -0.998308 -0.240243 0.392856 -0.171921 -1.123373 -0.682742 -2.331537 -0.687723 0.095914 -0.375742 -2.138920 0.976823 0.993945 1.424890 0.733878 -0.299794 0.591226 1.033501 -0.357498 0.248762 -0.120991 2.047198 0.146969 0.832913 -1.745756 0.798181 1.188545 0.531089 0.652604 1.364952 -0.957313 2.273625 0.852098 1.638062 -0.893649 -0.524433 -0.941995 -0.406896 -1.016339 -0.373377 -0.604526 -0.065817 -0.436511 -0.212936 0.301938 -0.741948 0.006217 0.589824 0.241444 0.771137 0.399375 -0.722693 -0.013572 -0.613030 1.482266 -1.512901 -1.006217 -0.439613 -2.060207 1.364525 0.339054 -0.288116 -0.714314 1.319899 0.815371 -0.180056 -1.250210 1.144397 0.916975 1.162240 1.517325 0.055707 -1.866406 0.621682 -0.498153 -0.296085 0.503027 0.603436 1.903302 0.364729 0.760146 0.206850 0.337973 0.854850 0.206864 0.761019 1.532788 0.134147 0.094788 -0.614268 -0.219548 -1.206154 1.032325 -0.348150 0.269909 -0.555986 -0.846019 0.003229 -0.900419 0.348635 -2.019252 -0.028611 2.456376 0.273290 0.276576 -0.075896 -1.802660 -0.529282 0.854610 -1.633547 0.773498 -0.756711 -2.770562 -0.365660 -0.629953 -0.608474 -0.359954 0.091645 0.567384 0.163013 -1.214349 -0.921579 -0.624355 -0.591058 -0.914824 -0.683601 0.483766 -0.730046 1.905314 -0.016012 -0.246914 0.134098 0.660572 0.453317 0.967772 -0.025334 -0.788876 -0.532593 0.535809 0.239309 0.692379 -0.291158 0.336957 1.004786 -0.875270 0.284261 -1.780698 -0.146413 -0.564156 -0.686791 -0.995690 0.208753 -0.322626 -0.787222 0.932517 -2.673931 -0.531355 1.481180 1.180309 -1.059235 -1.270349 1.701618 0.553570 0.397675 2.211204 0.515587 -1.612089 2.085613 -0.478716 0.681333 -1.991119 1.000256 -1.363155 0.838467 -0.504037 0.312278 0.377308 0.103713 0.462426 -1.061065 -0.188309 0.396949 -0.875728 -0.048902 -0.287948 0.322197 0.051063 0.223126 0.858472 1.379013 1.497182 -1.358640 -0.919829 0.714739 -0.877579 -0.142418 1.299839 0.238667 0.538805 -1.371461 -0.515366 0.132188 -0.251507 0.283874 -0.597877 0.449060 0.517399 0.045149 1.124282 0.107442 1.973671 -0.906739 0.090904 -1.444573 0.659993 -0.477516
-1.964240 0.236870 2.093901 -0.629047 0.977370 -0.226490 -0.425126 0.727322 0.596149 1.923923 -0.734228 1.100508 -0.271881 1.000845 -0.697074 -0.134582 1.035078 0.165746 1.069891 0.316081 -0.421807 0.234414 -1.527996 0.835782 -0.301676 -1.008236 0.255528 1.816814 -0.908231 0.045819 -0.385992 -0.213931 -0.890022 2.077625 0.567890 1.120293 0.776920 1.416979 0.150551 -0.882553 1.593942 -0.711583 1.029861 1.445437 0.941574 1.074682 0.748637 0.662825 -0.880936 0.172297 2.711374 2.044799 -0.240745 0.411607 0.672232 -0.378952 -0.953498 -0.040072 0.299323 0.880353 1.023631 1.990820 1.161049 1.075055 0.089919 -0.961456 -0.332944 0.787490 -0.386128 0.511429 1.258936 -0.255524 0.376970 -1.152983 -0.554442 0.671714 -1.151332 0.163038 -0.940936 -1.280716 2.089299 -2.042515 -0.252248 -0.430142 -0.293034 0.824921 -1.721712 -0.065146 2.359295 -0.454418 0.327477 -0.876333 -0.039386 0.338701 -0.376645 -0.880137 0.459110 1.723939 2.574225 2.934163 0.269360 -0.813097 0.580887 1.474183 0.737513 -0.742495 0.827994 -1.191055 -0.985414 1.078042 0.144508 0.014965 0.889071 1.121008 -0.662172 2.590722 -0.366604 0.332423 -0.218794 -0.587050 -1.672784 -0.611452 1.989458 -0.565817 0.240614 0.031227 -0.527906 -1.368536 0.315527 1.341550 1.216778 0.141151 0.695224 -1.720782 0.676840 -1.036258 1.127815 -0.169412 0.420918 -1.322328 0.594486 -0.508672 0.206864 -1.413202 -0.844623 0.566770 -1.837727 -0.783908 -0.444033 -0.993303 2.095619 -2.040941 -0.148049 1.393126 -0.027176 -0.039792 0.737734 0.552277 0.507749 -0.050610 0.441723 1.788962 -0.432783 -0.212427 -0.241709 0.161379 -0.666743 -0.233737 1.044592 1.208984 0.351110 1.581383 -0.808542 -1.170496 -0.507077 1.016585 -0.934695 -0.267953 1.004821 2.002858 0.864549 0.064306 -1.371555 -1.754788 1.112431 0.158522 1.601123 -0.029265 1.391378 0.159754 0.425407 1.082319 0.930238 -0.358502 -0.772469 -1.123031 1.502796 -0.137259 0.390648 -0.668282 0.235883 0.333753 0.888621 -0.216290 1.968943 -0.839798 1.567737 2.519277 -0.457525 -1.705331 -0.980322 1.962840 1.938265 -0.260776 1.591534 -1.037925 0.489140 0.104075 -0.721026 2.066104 -0.667055 0.633584 -0.295135 0.468194 1.511726 -0.046344 0.925451 0.753484 1.059064 1.455048 0.613929 1.345538 0.398268 2.637697 1.319806 -0.611726 0.752626 -1.995405 -0.146237 0.968515 1.506936 0.791259 -0.064845 0.560434
0.188875 -0.820561 -0.554532 1.061850 0.691834 0.513241 0.461419 -0.525303 0.721036 -0.458975 -1.664347 -0.096846 1.788423 0.240930 -1.235732 -0.772867 -0.124749 -1.017926 0.522080 -1.488064 -0.824859 0.150322 0.073900 -0.240951 -0.648391 0.401699 -0.241914 -0.451910 0.931118 0.403353 0.459788 1.736044 -0.069022 1.355750 0.302572 1.646360 -0.912960 1.114753 0.012993 -0.115795 -0.296807 -1.084056 0.454699 0.800399 -1.013730 -0.909658 0.093570 -0.043081 -0.789169 1.073766 0.312133 -0.998390 -0.195169 -3.478005 -0.488754 2.065348 0.730574 1.071746 0.505444 0.890900 0.670009 1.820322 -1.465527 0.167505 1.285269 -1.351688 -0.248925 -0.384343 -0.566704 -1.025076 1.183593 -0.209359 -0.553070 0.884853 -0.505934 1.637241 -2.388497 -0.145818 -0.966492 0.894929 -0.473913 0.014495 1.078033 0.108787 -0.300746 0.383177 0.193613 -0.273603 1.986231 1.651619 0.888696 0.263318 0.335605 0.743061 -0.359828 0.515665 0.592409 0.624518 0.337182 -0.122458 3.002557 0.454490 1.060741 -0.310533 -0.764627 -0.422813 -0.674747 1.242988 1.275544 0.155625 1.346171 0.123992 1.247338 -0.307718 -0.732150 -0.387150 -0.077203 0.006072 2.146689 0.944191 2.028574 1.182370 -0.548046 0.796403 0.458954 0.296538 0.478575 -0.851101 0.094377 0.595638 -1.432958 0.177382 3.223501 -0.008192 1.204541 -0.547876 0.137390 1.156201 -1.195296 0.787779 -0.066168 1.599871 -0.183391 0.572828 0.141100 -0.112168 -0.001176 0.085480 -0.016591 -0.808483 1.215032 1.202832 0.868282 1.032576 0.597165 -1.351234 -0.591512 1.113407 0.544727 0.646462 -0.269668 0.242545 1.240674 0.443792 -1.135859 -0.231664 -0.221572 0.926233 1.265709 -0.378288 0.104865 -1.118840 -0.050593 -1.142868 -1.194673 0.459746 2.156899 -0.458077 -1.595655 0.105427 1.559591 -0.142887 0.283717 -0.673596 -0.468230 0.227748 0.254143 -0.120612 1.256434 0.833421 2.562068 -0.590781 0.861421 0.611743 -0.348500 -0.549034 -0.134401 0.384722 0.128319 -1.745267 0.876507 -0.429734 -0.608380 -1.370624 0.310128 -0.013554 0.931174 -0.434385 -0.290536 0.039927 1.285268 0.525237 0.623791 0.281194 -0.778390 0.037138 1.749307 1.056903 -0.381710 -0.866657 -0.512295 -0.249902 -0.367448 0.043258 -0.025949 -0.292465 0.102075 1.944797 0.210626 -0.586706 -0.660752 0.807523 0.071995 0.807409 1.125427 -0.825820 0.691953 0.004413 -1.005826 -1.647060 -0.804774 -0.645347 0.397059 1.771763
0.980249 0.656412 0.689793 1.182209 1.829110 -0.448664 1.010430 0.331816 -2.189720 0.125625 0.184500 0.776228 0.909022 -0.112177 0.391412 0.533798 -1.603621 0.140276 0.780865 -0.993587 -2.025503 -0.147076 0.058994 -1.207627 -0.235020 -1.671776 0.928298 -0.731505 -0.392860 -0.667732 -0.413503 -0.298992 0.147395 0.115647 -0.531230 1.004903 -0.340757 1.156472 0.397856 -0.323837 0.331474 0.720348 0.157963 1.702822 0.841726 0.285593 0.383129 0.312166 0.914572 0.963250 -0.669737 0.250959 -0.162746 0.750659 1.419131 -0.598489 0.746640 -1.218204 -0.770141 0.501197 -0.319390 -0.767533 1.610828 0.789703 -0.818919 1.268080 0.164738 -1.616660 -0.327749 0.828214 -0.134266 0.178640 0.588125 -0.686816 -0.561646 0.131889 0.325200 -2.758331 -0.429402 0.778008 0.273913 0.734162 -1.104119 -0.025759 -2.514397 -0.780900 0.531261 1.137379 -1.580856 0.024830 -0.426526 0.498162 0.597933 -0.030635 -0.224242 2.038009 1.066093 0.600599 2.369510 0.285232 0.480775 0.283847 1.492073 -0.293989 -0.348716 -0.326211 0.500550 0.007747 1.154707 0.975700 1.420378 -0.792799 1.051348 0.449923 0.779928 -2.022206 0.682091 -0.301727 -0.421471 1.054167 0.490489 1.718618 -0.365935 -2.350862 0.942960 1.547461 -0.086821 -2.100997 0.363639 0.137339 0.584110 -0.597035 -1.350191 -1.288434 0.171482 0.876593 -0.123718 0.138338 -1.319379 -0.736537 -1.418738 1.156846 -0.120614 -0.370903 1.902619 0.396994 -0.608102 -0.732273 0.651136 -2.406689 -1.216957 0.938706 1.385308 -1.610774 0.523191 0.547645 -1.295842 -0.104683 2.312030 -1.317640 1.234236 -0.441320 -0.014820 -0.293255 -1.136390 0.622705 -0.396820 0.546976 0.055448 -0.396200 -0.093018 -0.274623 0.380449 1.305161 -1.778558 0.762969 -0.376778 -0.917739 0.781688 -1.109733 -0.138120 -0.200244 -0.545948 0.063037 -0.531304 1.985984 0.143077 0.702576 0.595071 -1.190359 0.746157 0.863422 -0.264403 -0.276524 -0.005361 -0.558348 0.362855 0.947006 0.335348 -0.904052 -2.402560 -0.791359 -0.596410 -0.550130 0.013684 0.080720 1.076171 1.191424 -0.661652 0.959969 -0.512408 -1.742140 0.144072 -0.074514 -0.176418 -0.002831 -1.073253 0.759446 -0.669891 -0.264362 -1.229483 -0.505507 0.704423 0.440548 -0.394153 0.088333 -0.983466 1.244635 -0.805717 -0.658561 0.145628 -0.185769 0.145444 0.621324 1.008457 0.496581 1.082333 -0.077895 -0.442533 -0.110089 -0.169317 0.776136 0.203636 1.331706
-0.584303 -1.393072 -0.155817 1.898964 0.393426 -1.259484 -0.727964 -0.519683 0.005887 0.390364 -1.017541 0.544546 -2.024081 -0.746493 0.408611 -0.898758 -0.523217 -2.245319 -0.746647 -1.298248 -1.389873 -1.180832 -0.549804 0.658285 -0.091584 -0.370689 0.407376 -1.741160 0.861304 1.434076 0.384043 -0.077591 0.982995 1.327462 0.040072 1.320995 1.829102 -1.083501 0.339114 0.397840 -0.784320 -0.040381 1.297242 0.018593 -0.645885 -0.870194 0.312845 1.678635 1.405832 -0.875492 1.652483 1.129085 1.164463 0.914454 0.409122 -0.518400 -1.190385 -0.469337 -0.470753 -1.027067 -0.572206 -0.429340 -0.674040 -0.646743 0.641559 -0.521740 0.146826 -1.134567 0.630389 0.055195 -1.029652 0.315113 -0.461974 -0.930094 -0.933135 0.276620 0.236778 0.612317 -0.552409 0.091174 0.467120 0.252340 1.009425 0.935428 0.000253 1.018179 -0.695564 1.872138 -1.229150 0.559723 1.244238 1.909593 -1.748934 0.558226 -1.335768 -0.557788 -1.891233 -1.170602 -0.086113 -0.991337 0.841202 -0.355460 -0.234458 -0.570800 -0.322714 0.773940 0.023227 0.434455 -1.755018 -1.858917 0.651419 0.770391 0.515240 -0.138382 0.723370 -1.072806 -0.763098 -1.420526 0.828418 -0.707361 0.754625 -1.398121 -0.634504 0.951400 -0.973152 0.717836 -1.490124 1.637191 -0.058196 -0.538612 0.974256 -0.779621 -2.005690 1.520476 0.817844 1.318161 1.414818 1.553117 -1.354739 0.517650 1.598242 0.887057 -0.112761 0.396087 -0.712112 3.377800 -1.820787 2.915354 0.693709 -0.387274 -0.000633 0.307135 -0.075650 -1.403760 -0.562621 1.430479 -2.052445 0.370972 0.375691 1.134728 -0.978806 0.794490 -0.065394 0.499596 -0.213497 -1.613134 1.349611 -1.348790 -1.221453 1.258537 -1.377215 -0.401405 0.723195 -0.505773 -0.886721 -1.946732 1.189977 -1.783054 -0.204185 -1.559137 1.696865 2.572361 -0.078431 -0.154622 -0.472425 -0.975944 0.638046 1.322446 1.023314 -0.989478 -0.626639 -0.989911 0.157850 1.559902 -0.049370 0.033505 0.494443 0.213911 -0.600563 -1.924683 0.177989 0.524722 -0.802776 3.037767 -0.077135 0.767292 0.459243 0.435342 -1.801702 0.788683 -0.950725 -0.590521 -1.506531 -0.192222 -1.232498 1.166457 0.429120 -0.387313 -1.287125 0.194331 0.854720 0.108076 -0.852649 1.203062 -1.638422 -0.141788 -0.170795 0.155098 -1.353878 -0.345178 -1.173889 -0.423876 0.420705 0.707101 -0.633358 -0.046639 0.916336 -0.336659 0.434821 -0.059249 0.614571 0.810678 1.191838 -0.202960
-1.544908 -1.806242 -1.420684 -0.112990 1.458155 0.105663 1.093033 0.597155 0.047262 1.282272 -1.701459 -1.184267 0.570284 0.662665 0.049349 -1.025754 0.489634 -0.061262 2.173965 -1.486167 -2.120124 -0.954146 0.936377 1.302220 0.065702 1.788935 -0.537535 -0.262960 1.629963 -1.435447 -0.466202 -0.104458 1.728388 -0.618847 2.240733 1.428400 -0.648893 1.848274 0.827422 1.060565 -0.278403 1.040710 0.947036 -0.022162 0.646645 -0.188802 -0.828497 0.665526 -0.779868 -1.978931 -0.367757 -0.021509 0.821967 0.251959 -0.258070 -1.177842 0.546142 -0.969793 -0.962846 0.226092 -0.195659 1.175372 0.882878 -0.918482 -0.154648 1.235363 1.018049 -1.865910 0.591400 1.573805 0.601544 -1.374405 -0.175907 -0.578026 0.400026 -0.564661 1.507492 0.096210 0.683969 -1.564513 -0.769676 -0.935649 -0.071772 0.248558 -0.042853 0.823172 -0.565159 1.258448 -0.209195 0.034502 0.998106 -0.391273 0.218531 -0.625320 0.592514 -0.325002 -1.156573 0.777157 -1.315727 -1.833886 -0.157401 0.841949 -0.333651 -0.616574 -0.153381 0.267396 -0.090868 -1.832048 -0.706312 -2.756700 -0.070920 -0.851576 0.387796 1.134707 -0.301174 1.719664 0.589110 0.706297 1.224479 1.105444 0.172477 0.602825 -0.712744 1.293750 1.111151 -0.340303 -0.114139 -1.055782 -0.944693 0.316227 -0.637154 0.287242 -0.314474 0.756101 -0.457584 -0.381071 -1.149846 -0.736295 -0.398352 0.177698 0.794062 1.671149 0.094390 1.341128 0.281652 0.830522 0.870216 -1.794542 0.904177 -1.337009 -0.280683 -0.051754 0.973662 -1.286419 0.327575 0.401516 0.729927 0.688846 -0.352800 0.569722 1.622396 -1.017210 1.471737 -0.729039 1.169635 1.118609 0.396117 0.021502 -1.526228 -1.407935 0.612629 -2.165368 -0.085495 -1.199623 0.846249 -0.979758 -1.819829 -0.178147 -0.207580 0.609118 0.882950 0.158821 -0.575515 1.589682 1.618679 -0.078102 0.012327 0.912200 -0.678219 -0.676413 -1.270829 1.781267 0.094900 0.031019 0.244089 -0.399700 -0.721234 0.747893 0.303453 1.993368 1.562238 0.580022 0.039846 0.222644 -1.043482 -1.153139 1.668083 0.598257 1.461779 2.378273 1.650448 0.451600 0.232978 0.970930 -0.636317 0.211381 0.445339 0.217104 -0.699132 -0.688486 -0.121613 1.331219 1.378238 0.898555 1.060335 -0.481272 1.001286 0.547062 -0.438869 0.857862 -0.368482 -0.453426 0.529265 -0.555127 -0.089820 -1.328125 -0.324992 0.398296 -0.334053 -0.191847 -0.350873 1.368554 1.071728 -1.163775
0.583582 0.947733 -1.083368 0.132414 -0.065253 -0.489481 1.361568 0.204454 -0.307690 -2.077952 -0.048103 0.727942 -0.373613 -0.628725 1.396574 -0.321980 -2.075815 0.288393 1.175170 0.264420 0.930656 -0.445236 -0.189379 -0.340468 -0.548184 -0.828708 1.580279 -0.175094 -0.725249 -0.379603 -0.374366 0.081226 1.253069 0.516114 0.049394 0.895921 -0.353763 1.213035 0.662278 -0.681040 -0.110845 0.013294 -1.141097 -1.563250 1.427771 -1.364988 -0.260331 0.584152 -0.780063 0.289562 -1.193304 1.523681 1.473783 1.392769 -1.300587 -0.568711 0.903391 1.147032 -0.997360 0.094150 0.274515 1.682119 -0.533261 -1.503584 2.234450 0.478643 -0.243007 1.338338 -0.915577 -0.652914 -2.461311 -0.484815 0.127192 -0.095046 1.170969 -1.571964 -0.452955 -0.297074 -1.228752 0.118786 -0.971034 0.319957 -0.279155 0.234437 0.112851 1.293629 -1.821108 0.807296 1.288370 0.207215 0.651390 -0.635698 0.450640 0.003925 1.409282 0.061696 -1.168876 0.344877 1.555137 0.672636 0.394147 -0.550040 0.156319 -1.922058 1.400585 -0.589053 -0.433779 0.004986 0.465622 -0.546050 -0.033208 1.609680 -1.205536 -0.088458 1.413002 0.221790 -1.110828 -0.936560 -0.202927 -1.499151 -0.207495 0.654423 -0.827581 0.727221 -0.949366 -1.761400 -0.932178 0.823007 0.690960 0.542200 -1.581739 0.533649 0.810102 -2.089618 0.031512 -0.630837 1.218156 1.412145 0.899551 -0.210712 0.441107 -0.466951 -0.392064 0.244724 0.611750 0.239504 0.944224 -0.945735 -1.087334 0.657231 -0.828116 0.159394 -0.887313 0.124204 -1.121437 -1.059040 -0.599251 1.345332 0.501171 -0.006638 -2.160279 -1.247479 -0.209030 -0.786220 0.445336 -0.366857 -1.102556 -0.971004 -0.440262 -0.896300 0.118843 1.400841 0.188584 0.706219 -0.409468 -0.264547 0.375885 0.725171 -0.637091 -1.259274 0.311139 0.384519 -0.659710 -1.783177 1.646779 -0.694192 -1.834457 1.608638 0.756766 0.027358 -0.529466 -0.471918 -0.840915 -0.078054 -0.740577 -1.736956 0.555110 1.337950 -0.248961 -1.182707 0.758302 -2.332112 -0.469130 -1.308234 1.536163 -0.670033 -1.279041 0.776590 0.790724 0.714157 0.381245 0.556710 -0.059360 -0.332655 -0.173934 -0.578782 -1.024188 2.516762 0.745079 0.462803 0.954819 1.936594 0.129362 0.531651 -1.100216 0.995203 0.312669 0.823395 0.846742 -0.543714 -0.455531 0.416080 -0.779500 -0.256891 -0.723616 0.561946 -0.697829 0.710864 -0.752663 1.078507 -0.771063 0.069025 1.253708 0.000291
0.108217 0.148382 1.517796 -0.558120 -0.325721 -1.030488 0.197156 -0.264654 1.334727 0.533961 0.130788 0.085130 -0.920565 -0.568839 -1.495654 0.530110 -0.308492 2.200910 1.166160 -0.002416 0.115604 -1.356647 1.178098 0.698469 -0.253190 0.188015 -0.413429 0.519386 1.038147 1.047159 2.465732 -1.811191 1.130667 -0.772269 -0.224847 1.024016 0.351485 1.010331 0.056197 0.389362 -2.799800 -0.475955 1.790764 0.402340 -0.249865 -0.123395 1.131187 -1.079059 -0.388503 -0.521687 0.211794 0.409438 -0.026855 -1.501733 2.824268 -1.950837 -0.981260 0.880062 -0.002163 1.691972 0.933603 0.706975 -0.076675 0.144708 0.953588 -0.556747 -0.003550 -0.311190 -0.141843 1.861553 -1.472514 0.162203 0.753962 1.614925 0.885245 -0.938636 -0.765790 -0.776051 -1.082431 -0.756549 0.254433 2.142784 -0.518843 1.873775 0.206748 1.615912 0.948325 -0.164233 0.236973 0.236555 0.528883 -1.598176 0.485123 0.644460 -1.579618 0.402392 0.458725 1.213811 -0.697955 0.727666 1.589593 -0.627408 -0.428740 1.038298 -0.152694 -0.529059 0.648908 0.200739 1.001522 0.153767 -0.738280 1.011971 -0.452621 -0.546645 0.153169 1.186977 -0.977964 -0.961300 0.392146 -0.645146 -0.579432 -0.059062 0.239048 0.078141 0.769036 0.662319 -1.032259 2.494410 2.227421 0.393980 -0.099258 -0.281360 0.216602 -1.239895 0.976287 1.215311 1.747477 1.347344 -1.436334 -0.315602 -0.494226 0.689515 -1.084431 -0.362099 -0.047873 1.537913 1.257542 1.312612 0.013357 0.202472 1.390787 1.404795 0.443542 -0.003844 -2.360373 0.580619 0.199952 -0.660379 -1.018806 0.394952 1.286741 0.440749 1.536766 0.459913 0.651430 0.752878 0.206441 1.334288 -0.226518 -1.444492 1.367313 -0.667275 -0.095878 0.381553 1.041928 -1.353273 -0.735443 1.012917 0.286979 -0.827269 -0.192686 0.147777 0.428848 1.054561 -0.508031 -0.093676 0.964048 0.303281 -0.120048 0.478731 1.094535 0.431543 -0.042105 -1.729383 -0.285906 -0.306419 -0.880620 -2.043151 -0.321245 0.386765 -0.175568 -0.609321 -0.182179 -0.397286 0.116833 -1.230568 -1.382315 -0.193223 0.241385 -0.571390 -0.348232 -1.691950 -1.951435 1.393207 -0.467133 2.615917 0.290821 1.076018 -2.203892 -1.127039 1.053029 -1.240055 -1.038455 -1.186272 -0.154738 -1.486539 2.495563 0.080524 0.782388 2.293031 -1.359064 0.243892 2.296646 -0.059006 0.377283 1.566821 0.122760 0.490853 -1.251334 -0.394440 -0.674003 0.272376 0.470110 0.457687
0.030701 0.616649 2.722508 -0.669219 0.558955 1.744243 -1.379046 -1.677190 0.295504 -1.508186 -1.005055 0.833923 1.141292 1.608999 1.788956 -0.394736 -1.852819 -0.073748 -0.705629 2.057616 2.044049 0.666602 1.060830 0.632681 -1.379789 -0.260918 1.425063 0.212293 -1.115351 0.192998 0.409258 1.569375 0.546175 -1.049942 -0.431665 -1.089206 1.324722 0.986762 -0.220154 0.565437 -0.173557 -0.839022 -2.730282 0.839994 -1.429018 -0.645059 -1.574620 -0.747336 0.334993 -0.465236 -0.007386 1.201549 0.506776 -0.464866 0.322642 -1.211278 -0.070767 -0.175153 1.924826 2.455929 0.777658 -0.614991 -0.547013 1.482513 -1.096164 0.150626 0.306754 -0.793732 0.710987 0.072184 -0.524642 -0.579941 1.076972 0.514437 1.757364 -0.606105 0.608452 -0.098248 0.983317 0.034830 0.401812 0.337245 -0.400801 1.367921 -0.082934 -1.160745 0.627552 1.004012 -0.086841 0.120626 0.121897 0.539502 0.057761 -0.994483 0.593976 0.417667 0.971228 -0.680694 -0.695527 0.986573 1.863654 -0.103877 0.732825 0.480578 -0.382412 0.283579 0.073743 0.675099 -1.650696 0.320525 0.274030 -0.030110 -0.839475 0.473154 -0.163609 -0.154280 0.671020 0.218234 -1.125366 -0.741570 -0.847436 0.837188 -1.824228 0.318451 0.913242 -1.755932 -0.590483 -1.989067 -0.228720 -0.432118 0.178757 2.076660 0.153459 -0.854339 -0.948061 -1.246116 -1.253470 -0.411822 1.186785 0.558361 -0.213889 0.092346 1.145958 1.915891 -1.204181 -0.208338 -0.854607 -0.037145 -0.188987 0.037095 -1.438484 -1.883873 2.602161 -1.320816 -0.401329 -0.141465 0.069024 0.244157 2.793376 -1.628215 -0.826437 0.476052 -0.538597 0.061135 0.717229 0.962893 1.431335 1.487777 2.346337 1.562424 1.165491 -0.980217 1.227109 0.611298 -0.398802 -1.462510 1.914820 0.436967 -0.641951 -0.115060 -0.011889 -0.313465 -0.358285 -0.847553 0.367482 -1.749157 1.176671 -0.924387 0.289435 1.335316 1.462430 1.451497 -1.429039 -1.604388 -0.273553 -0.714511 0.193866 0.803792 1.439592 -0.150626 -0.289510 -0.200471 -0.451522 0.339731 1.297778 0.576057 0.859535 -1.554697 0.995663 -0.105273 -0.646071 0.901529 0.740922 -0.348836 0.202227 -0.784729 -0.092348 -1.257596 0.886287 0.084681 -0.738240 -0.002055 0.686480 0.365026 -0.519329 -0.475517 1.458873 -1.758678 -0.465359 -1.800367 -0.291899 0.724826 0.961294 1.931651 -0.151130 0.385759 -0.325865 -0.676508 0.092402 -1.591486 -0.433210 -0.273641 -0.279138 -1.210028
0.061454 -0.630984 -0.601916 0.690109 1.619312 0.125549 -1.475796 0.772013 2.119271 0.202697 0.466541 -0.171103 -1.656677 -0.659540 -0.150972 -1.029687 0.201272 0.657912 -0.457401 0.731856 -0.762515 -1.431837 0.171384 1.918602 0.581098 -0.203974 1.298856 1.223044 0.865896 -0.952621 -1.218676 -0.973376 2.328825 0.411806 -0.545237 -1.037833 -1.254662 0.066888 0.468878 -0.482466 -0.535876 -0.389789 0.647390 0.043468 -0.355035 -0.276695 0.017401 0.055954 -0.400065 -0.124765 0.660756 1.080195 -0.069702 -0.780501 -0.705915 0.023354 -0.287404 0.876085 -0.997908 -1.803709 0.520552 1.325536 0.066778 -1.365183 0.789298 -0.193345 1.099638 -2.273621 -1.223142 2.238249 0.407924 0.453593 -0.355312 0.611674 3.437567 -0.804706 -0.430058 0.938507 0.938312 -0.535122 -0.810658 -1.513640 -0.079866 -0.368197 0.081826 0.640899 -0.676956 0.166260 1.657389 0.148339 -0.677186 1.605300 -0.465597 -1.235930 -0.615229 -0.573378 -0.362857 0.462120 -0.153491 0.287974 -0.833372 0.646617 -0.293220 0.796779 -0.622553 1.930316 -1.460270 -0.544836 -0.029632 1.414045 0.553031 1.033758 0.469306 -0.564547 -1.022653 -0.155061 1.542546 0.337253 0.705580 2.002617 -0.272699 2.184301 0.906309 1.410701 -1.218124 -0.639594 -0.988003 0.057280 1.556619 -1.539753 0.369754 0.389486 0.497925 0.757852 -0.500610 -0.661950 0.803520 1.150893 -1.690299 0.833539 -0.122346 -0.668481 0.447932 0.154607 0.414109 -1.955385 -0.413557 0.194459 -0.710186 -0.109383 -2.336188 -0.109284 -1.629632 -0.307430 0.346609 0.918061 0.572038 0.705314 0.622396 0.351958 -0.253336 0.261531 0.246052 1.661559 -1.501139 1.146906 -0.471820 -0.268403 -0.970252 -0.434019 0.786159 -1.340287 1.314908 0.933545 -2.256631 -0.871372 -1.250043 -1.018669 -1.308239 -0.089463 0.600201 -1.044672 -0.312037 1.455132 -0.230765 -0.570869 -0.170823 0.286325 -0.466068 1.741810 0.419214 3.208223 1.132105 0.178277 -0.982106 -0.590869 0.538578 0.107266 0.149761 0.166952 0.374215 -1.519019 0.272748 -0.220505 -1.664012 -1.235384 1.421500 2.120150 -0.441532 0.216286 0.830990 -1.644027 1.368010 -1.472031 0.955273 -1.764851 -1.565961 -1.194146 0.907804 0.156151 -0.488006 0.355344 -0.040476 0.370596 0.420835 -1.313269 0.377182 -0.254097 -1.839105 1.367857 -2.461745 0.481796 -2.824743 0.050899 -1.668091 0.352933 -1.220797 -0.401530 -0.539425 0.130310 -1.042480 -0.184497 -1.439394 -0.692801
0.605789 0.325344 -0.726595 -1.481800 -0.059997 0.249695 1.334269 -1.426680 -0.037928 -0.423263 0.643475 0.994481 -1.686524 0.137646 -0.479237 0.254894 1.460767 -0.233580 0.198096 -0.377181 -0.553795 -0.166337 -0.305625 2.143580 -0.612820 1.734682 -0.721936 0.666406 0.426759 1.302809 1.089977 1.422764 0.161399 -0.533851 -0.490010 0.510817 -0.887048 -2.363704 0.678735 -0.829040 1.028109 -1.551232 0.540527 0.870368 0.278422 -1.067672 1.111336 0.815212 1.004292 -0.573998 0.150942 0.508295 -0.601763 0.151905 0.411219 -2.897369 -0.245939 -2.282869 -0.033755 -1.093310 1.717963 -0.650288 -1.518959 -1.641354 0.680855 -0.507038 -0.297307 0.314537 -0.081775 -0.591950 0.621535 1.102247 -0.943256 -0.199292 1.278913 -1.741141 -0.833672 1.051713 0.726138 -2.186491 0.688395 0.068831 0.303901 1.069012 1.648802 -1.687079 -0.193348 -0.393215 -0.868180 1.117364 -0.408592 -0.482855 0.274600 1.036761 -1.060652 0.141187 0.425193 0.029975 0.558050 -0.381511 -1.270907 0.643799 -0.389088 0.795605 -0.109119 -0.290907 0.328938 -1.006700 -0.099100 0.721946 -0.152380 0.533818 0.092563 -0.057484 0.126163 -2.143781 -1.688387 -0.893860 -0.635892 2.132095 0.701993 -1.038232 -0.052171 0.605703 -1.269371 0.949272 -0.632075 1.173080 0.080707 -0.890432 0.085448 -0.601339 0.001771 -0.382704 0.019687 -1.202418 0.863049 0.062221 -0.587546 -0.578572 0.610530 1.180532 0.025414 0.472858 -1.381993 0.288218 -1.971713 0.428425 0.535619 -0.765773 -0.131486 0.267468 1.216515 -0.301527 -0.129439 -0.436681 -0.233839 -0.589471 -1.422372 2.422368 0.376521 0.799258 0.396660 -1.696214 1.887168 -1.418599 -1.318686 -0.072467 0.916873 -0.946350 -0.407665 -0.485029 0.303504 0.567757 1.741560 1.809903 -0.670613 0.941141 1.628764 0.208519 -0.948294 -1.788618 1.134259 0.195446 -1.535532 1.335967 -0.509852 -0.386920 -0.952804 -0.425142 -1.106978 0.381748 -0.868098 0.078573 -1.074638 0.851515 -0.903081 -1.232002 -1.476650 0.030131 1.259505 0.680382 -1.800754 1.324943 -0.854656 0.495687 1.549455 -0.950704 -1.189511 -1.346234 -1.519717 -0.535665 -1.126115 -0.530301 -0.572005 0.325919 0.345228 0.208123 1.349790 -1.138779 -0.364844 1.776555 1.795692 0.970779 -0.445699 -2.057798 -0.694169 -1.335967 -0.738545 0.183699 0.599122 0.004702 -0.553150 1.805301 -0.312432 1.275320 -0.240362 -0.257406 2.082786 0.335479 1.342098 0.382166 -2.622491 -1.670378
1.774758 -1.109148 1.411155 -0.550326 0.150465 -1.138704 3.142094 0.831584 1.022012 -1.778976 0.658559 0.179484 0.477331 1.338553 0.163303 -0.416217 1.539628 0.332895 0.842224 -0.746942 -0.583742 -0.306601 1.713786 0.645294 -1.593048 1.017471 0.133072 -0.139164 0.971941 0.041571 -0.850542 0.065804 0.412415 0.832290 0.572578 0.424310 -0.251205 -1.019729 -0.051285 -1.362129 -1.357970 -0.563996 -0.977787 -0.957269 0.108631 -0.639829 0.818932 0.752539 1.496807 -0.300591 0.566049 1.041999 0.038030 -1.364872 -0.866780 -0.981902 -0.265325 -0.682333 -0.194146 -1.205083 0.409906 1.050438 0.672727 0.792965 -1.683830 0.892954 1.332762 0.078007 -0.217405 -1.428782 0.332205 -0.423799 -0.617101 1.042008 0.459252 -0.718068 -1.528006 -1.218560 -0.336379 -0.704084 0.711922 0.312824 -0.589831 1.408111 0.388057 0.437517 0.130947 0.226904 1.093385 0.267103 1.589288 -0.497462 -0.460975 -0.552065 -1.558475 1.959244 -0.810814 0.672553 0.215311 -0.044355 1.770437 -2.881065 1.826251 -0.416116 0.871353 2.201495 1.219632 1.510898 0.475502 -2.219997 -0.191714 0.790694 0.171159 -0.830069 1.753505 -1.495754 1.715253 0.426385 0.999290 0.827319 2.275039 1.349438 0.036877 -0.893797 -0.200126 0.077088 -0.539841 -0.757103 0.058315 -0.000115 -1.108142 -0.676079 0.271541 -0.179094 -0.738027 0.874259 0.634543 -0.422592 0.562360 0.047820 0.341631 0.390016 -1.163723 -0.930804 -0.676820 1.563132 0.949735 0.554977 0.406610 -1.516740 -0.543347 1.107927 -0.694057 0.614615 -1.156764 0.147967 -0.982659 -0.653077 -0.803948 -0.112466 0.336237 -0.164345 -1.315109 -0.690350 1.954379 1.342686 -0.543831 0.685481 0.893526 1.032629 0.518091 -2.660841 0.692601 0.011920 0.139891 -0.509215 1.908649 0.698016 1.598202 -1.202232 -0.788945 -0.653195 0.122591 1.122337 0.481807 -0.912560 -0.092448 0.570973 -0.742684 -0.103802 0.819259 -0.008019 -1.598827 -1.455687 -0.255876 -1.860614 2.900414 0.493654 -1.043841 -1.090585 1.358947 -0.943078 -0.359237 0.813734 0.315905 1.012606 0.497295 -0.268988 0.693503 -2.209702 0.127374 0.493834 -0.072135 0.684848 -1.016019 1.385753 -0.958781 -0.633645 0.034497 0.441707 -0.413822 0.471602 -0.999576 0.934231 -0.773468 0.547279 1.671143 -0.561216 -0.180541 -2.433588 -0.484587 -0.330376 0.334629 -1.023075 0.304040 -0.851553 -0.596091 -0.501416 0.396007 -1.383592 0.738666 -0.836543 0.418425 -0.479852
0.827031 0.994473 1.281174 -0.713185 0.453130 1.831603 1.725911 -0.776428 -2.140711 -0.039748 0.246700 -0.323221 0.979552 -1.735322 0.642966 0.779009 -0.374758 -0.004159 2.440381 1.175618 0.007597 -0.956605 0.563582 -0.385336 0.243384 -0.844881 -0.999696 -1.269332 -1.017396 -0.651633 0.310296 -0.443469 0.345768 1.068854 -0.005043 -1.892180 1.169221 0.626095 0.963669 0.017794 0.495070 -1.685795 0.294082 -1.185511 1.831902 -1.263009 0.977321 -0.075174 0.853423 0.940427 0.902676 0.835360 -0.945220 0.314845 -0.286956 -0.545975 -0.953914 1.417933 -1.375322 -0.355259 1.617115 -0.518792 1.060766 -0.307833 -0.508065 -1.737760 -2.488374 2.291484 0.819728 -0.500744 0.168422 0.305514 -0.665091 0.216920 0.607274 2.009590 -0.317924 -0.298358 -0.476313 -0.909820 -0.578373 1.983275 -0.538723 -0.144596 -0.963701 1.216625 0.143820 -1.190897 0.128084 0.782141 0.374262 1.041138 0.151654 0.108864 -1.510318 -0.940535 0.573861 0.546142 -0.159385 -0.299716 -1.440599 0.520645 0.394987 -1.106200 1.162410 -1.461280 1.052334 0.145837 -1.249581 0.599224 0.258583 -0.783723 -0.751761 0.179425 -0.374081 0.634257 -0.651569 -0.732392 -2.358754 1.013420 0.518013 0.267282 -0.429574 0.868581 -0.261947 -1.009819 -0.041869 0.039394 0.926123 1.360159 -1.668115 -0.181299 0.915436 1.520556 -0.497003 -1.798752 -0.020404 -0.242150 -1.264316 -0.352624 -0.840523 -1.556922 0.155759 -0.474164 0.977523 -0.636327 -1.258399 -0.898655 -0.257807 0.575801 -0.148729 -1.141599 0.762734 1.574539 -1.902804 -1.224152 -0.245042 0.840261 0.357573 0.083513 -2.726936 -1.699427 0.324246 0.258156 0.266573 -0.868658 -1.476380 -0.122108 -0.782502 -1.504452 1.108688 -0.744846 -0.150177 -2.044716 -1.302855 -0.388517 -0.656040 0.838194 -0.204108 -0.175674 -0.108589 -0.680000 1.721216 0.638033 -0.893121 1.690977 -0.361048 0.395519 -0.767892 2.027985 0.500905 -0.003947 0.132847 -0.285756 -0.621964 0.370914 -0.992558 0.584584 -0.134871 0.252394 -0.191240 0.300468 1.634926 0.525204 0.995412 2.010916 -0.512788 -1.452781 -0.218296 0.553877 0.613500 0.014807 -0.189366 1.491080 -1.847251 0.147216 1.263647 -0.189048 0.715998 1.204824 0.576737 0.235073 -0.331056 0.520205 0.045241 0.646216 -0.200863 -0.875712 0.423881 -0.388217 -0.286147 -0.737449 0.354331 0.745665 0.693618 -1.481247 2.013942 -0.073711 0.591390 -1.146216 0.202094 1.814345 -0.303096 -2.129809
1.134472 -2.019310 0.251303 0.615272 -0.549442 0.912126 0.946058 0.343251 -1.121889 -0.235759 -0.265052 -0.765676 2.148842 -1.640447 0.616257 -0.312919 -0.269004 -1.227913 -1.533662 0.272216 0.905685 0.951282 -0.642006 1.023208 1.168046 1.665461 0.558078 -1.281071 -0.779353 -1.449742 -0.962510 -0.670776 0.626715 0.174470 0.831135 2.195625 1.507867 0.753531 -0.883283 0.053511 0.070393 0.492270 -1.211491 0.211949 1.005139 -0.186757 -0.818517 -0.257110 -1.517035 0.451949 -0.024313 -1.277512 0.439285 -1.002809 -0.246852 -0.411561 -0.114019 -1.951210 0.986315 -1.102399 -0.921702 -0.447183 0.365371 1.300470 0.778177 -0.554660 -0.477896 -1.122279 1.608567 0.225332 1.575755 -0.257251 0.951448 0.500597 0.743207 0.421353 -0.412571 0.363320 1.407618 1.892139 -1.277291 -0.420977 2.153363 1.247380 -0.780765 -0.699947 -0.095634 -1.726044 1.316525 0.702409 -0.253795 0.255535 -0.264959 -0.568385 -0.530287 0.445652 0.055758 -0.126643 0.375177 -0.363144 0.214322 2.530934 1.388899 0.259142 -1.100490 -0.938583 0.429243 -0.164554 0.111853 -1.205144 0.033846 1.551260 0.809897 1.581789 -0.537425 -1.261414 -0.234961 1.452926 0.201618 0.862823 -0.908681 -0.064454 0.049460 0.520845 0.960832 -1.418073 0.516317 0.172464 0.349982 0.856970 -0.329646 -0.684188 1.667603 0.263725 -0.398589 1.081712 -0.458312 0.067000 -0.062618 0.859576 0.761344 1.150456 0.841816 1.126641 0.526991 -1.027766 -1.178644 0.822617 -0.559184 -0.839757 -0.645772 -0.491884 -1.222982 0.807170 0.451458 0.275315 0.039244 1.065029 0.015256 -0.109214 0.360154 -0.702433 1.241454 -0.326332 -1.824638 0.017142 0.399492 0.697606 0.625514 0.293200 1.030941 -1.474981 1.036680 -0.433399 1.160432 -1.185172 -1.944678 -1.212208 1.127885 -1.147864 -0.324670 -0.132163 1.461385 -0.284006 0.633305 -1.474852 0.056038 1.161234 -1.444418 -0.280157 -2.479236 1.175973 -0.296129 -0.049162 -0.476858 -0.411630 -0.842873 -0.282569 -0.584668 -1.437110 0.976837 -0.526293 -0.818570 1.385678 0.489423 0.941523 0.316252 -0.411928 0.253086 -0.455983 -1.071191 -0.158122 0.330584 -0.665445 -0.030117 0.184877 -0.164281 0.556776 0.281162 0.130550 1.343937 1.256510 -0.344036 -0.332958 1.073608 0.018345 -1.813773 -0.856480 1.122820 1.360248 0.355092 -0.343304 1.226036 -0.540644 -0.427975 -0.587079 -2.372740 -0.073052 1.000188 -2.323811 0.990182 0.892842 -0.440158 2.157929
-0.292615 -0.249889 -1.265850 -0.343481 -0.980391 0.494226 -0.037642 0.759075 1.598752 1.099136 -2.252180 1.037556 -1.555136 -1.103112 -1.610497 -0.510663 -0.802291 1.623549 -0.398604 -0.586648 0.141729 -2.218465 -0.101467 -1.132327 1.322907 -0.234856 -0.588834 1.268391 0.205105 0.409007 0.005195 -1.034935 -2.237590 0.086511 1.175869 -1.739942 -1.895599 -0.856532 0.342812 -1.389092 1.924799 0.262425 -0.306166 -0.564424 0.760718 0.364420 0.033681 -0.485674 0.491406 0.572694 -0.061111 1.014953 0.136535 0.562510 0.713732 -1.360580 0.868572 1.077226 -0.964112 0.059817 -0.200697 0.679272 1.220508 0.272186 -1.416686 0.459378 1.305347 0.913334 0.654801 -0.195576 0.506653 0.932957 -1.240681 -1.535846 1.360104 0.557929 -0.399175 -1.231525 -0.566616 1.210551 0.674202 -0.195294 0.603746 0.806185 0.744070 -1.733333 0.417332 0.479398 -1.447036 0.207341 1.624317 0.290559 -1.397167 -0.417183 -0.686549 0.023721 0.774994 -0.207766 1.509858 -2.304785 1.639181 -2.101860 -0.969631 -0.969893 -0.304584 -0.408811 -0.773787 2.477851 -2.113771 0.199993 -0.013650 1.352412 1.297995 0.441373 2.061016 0.015545 -0.193319 0.659888 -0.167521 0.034583 1.076940 -0.348146 -2.357135 0.263368 -0.670155 -0.057141 0.307036 0.208678 -0.076212 0.094801 2.000131 1.755221 1.297535 0.477198 0.040987 -0.710306 -0.958096 1.530722 1.040053 -0.583712 0.610057 -2.192464 -1.689757 1.567738 -2.694387 0.522875 0.810050 -1.243095 0.883597 0.408060 -0.838417 -1.719009 0.116030 -0.154813 0.942249 -0.151306 0.926722 1.724044 0.890329 0.416015 -0.824991 -0.689693 1.609208 -1.104899 1.390205 -0.849455 -0.643912 -0.861598 -0.671477 -1.464966 -0.872206 -0.950808 -1.755883 -0.773609 -0.251264 -0.489453 0.860469 0.915110 1.162602 -1.019376 0.829638 -0.209858 -0.455729 0.548047 -1.847640 0.729171 -0.053675 0.793590 -0.285159 -0.697787 0.363824 1.385881 1.289677 -0.075268 -0.345261 -1.343300 -0.239767 0.565348 1.228119 0.541557 -2.379616 0.774984 0.145224 -0.917385 0.759879 -0.152595 1.064439 1.091602 0.627335 1.319850 -2.879516 -0.401793 1.323722 0.670345 1.564990 0.220448 -2.218483 0.008162 1.076793 1.104981 -0.380999 -0.528628 0.393774 -1.439492 -1.685221 2.819557 -0.595121 -0.444240 -2.184539 1.505049 1.433631 -0.075830 -1.828096 0.631565 1.169980 1.109253 0.122796 -0.500340 -1.031503 0.457608 1.715064 0.036196 2.418646 0.067332
0.658642 -0.423746 -0.465976 -0.766460 -0.031736 0.164566 -0.395708 -0.641295 0.330814 0.364056 0.825339 -0.923983 0.027821 0.169429 -0.539834 -0.447420 -1.621878 -0.192684 -0.440106 0.362011 -0.807559 -0.528318 -0.810156 -0.323746 -0.751710 -0.678957 -0.119618 -0.770846 -0.466231 0.573575 -0.692721 0.218150 -0.800656 0.884064 1.374118 -0.448117 -0.118784 -1.115884 0.229320 0.843488 -1.655389 0.008256 -1.056660 0.867176 -0.989787 -2.218609 2.540820 1.529469 0.268275 0.461781 1.109205 0.671933 -0.462115 -0.115261 1.109098 -0.443198 -2.353431 2.425647 -1.062252 -0.307931 -1.065365 1.653352 0.230232 0.141154 0.003549 -2.201582 -0.392100 0.190482 0.614242 -0.404501 0.693024 0.723278 0.066328 -0.570667 -0.600273 0.175322 -1.350754 0.876985 1.280627 -1.583557 0.156222 0.177639 -1.785848 -0.483055 0.335006 -0.066155 1.881756 -0.644433 -0.032886 1.286436 0.419710 -1.678395 1.807028 0.964309 1.132196 0.077427 0.363720 0.209562 -0.678734 1.569268 -1.712495 -0.933168 0.159456 -0.021164 0.996446 0.516142 0.750701 0.182979 -0.360678 -1.843576 -0.066539 -0.216627 0.651959 0.943305 0.472698 0.457537 0.935935 -0.155480 -0.115121 -0.964965 1.192670 0.310472 -0.679030 -1.858538 1.980176 -0.682398 -1.817700 -0.839829 0.181969 -1.169450 0.985407 -1.238094 0.276587 -0.180676 0.113834 -0.001211 1.082672 -0.670299 0.590500 0.944585 1.599872 2.114344 0.740629 0.535159 0.164262 -1.986217 -0.440734 0.087567 1.104555 -1.167557 -0.904917 -0.211680 1.019010 -0.241977 -0.315809 0.445370 -1.373638 -0.730488 -1.583680 0.815598 0.619834 1.889381 0.185177 1.015718 1.167732 0.269347 -1.027473 -0.671014 0.398094 -1.059343 0.899213 -0.885254 -0.676064 0.215157 0.726747 -0.613827 1.277074 1.623450 -0.228068 -0.932670 -1.171588 -1.084372 -1.572477 0.813492 -0.328334 1.050539 0.636699 0.848071 -1.261353 0.173011 0.130066 -0.921551 1.478560 -1.311324 1.145442 -1.529980 -1.974832 0.697171 1.079205 -0.420615 1.029024 -0.139628 0.920268 -0.471481 1.093170 1.669856 -0.806373 0.222608 1.041488 -0.419098 0.691651 -0.622198 -1.179814 1.936419 -0.101635 -1.463256 0.598388 -0.364427 -0.926121 1.262797 -0.002573 -0.978360 0.534739 0.479495 -0.049999 -0.118003 -0.076747 1.023326 0.023944 0.198780 -0.658411 0.317844 0.590522 -0.024406 -0.150556 -0.729952 1.354204 0.389799 0.257824 -0.246760 -0.434171 -0.764805 -1.212443 0.059647
0.521295 -0.021064 -0.433542 2.135597 -1.290502 -0.148016 0.535747 -1.110410 -0.171248 0.977625 -0.391790 0.036274 0.444042 0.841395 0.723118 -0.274976 -1.908254 1.039325 -1.891289 0.603134 0.054793 -1.320630 1.531088 -0.707841 0.926732 0.374049 -0.783458 -0.651091 0.145669 1.612366 0.166160 0.093685 0.340172 0.455851 -0.097104 -0.888021 -1.108505 0.876777 -1.844317 -0.608953 -0.877575 0.150610 0.251541 0.020644 -1.384681 -0.577520 1.782797 -0.421221 0.914529 -0.428288 0.091350 0.718294 0.297056 -0.107642 -0.991454 2.980887 -0.670135 -0.389210 -0.412326 -0.667897 -0.365850 0.058406 1.921411 -0.612114 0.199354 1.254764 0.966326 -0.470084 2.086284 2.553746 2.027820 -0.711195 0.623511 -0.098747 -0.739351 -1.832992 -0.147648 -1.196662 1.701600 -0.108230 0.500659 -0.140246 -0.525478 0.820861 0.369088 -1.886021 0.932665 0.381235 -1.725649 -0.046085 0.199571 -1.626753 0.760049 -1.135179 -0.136671 1.870710 0.704284 -0.433139 0.016973 -0.437064 -0.419312 0.060654 -0.138012 0.517135 1.542580 0.545183 0.402038 0.762035 -1.905184 1.833797 0.033489 -0.192524 -0.572104 -1.210145 2.389761 1.304867 1.538022 -1.943475 0.230049 -1.341370 0.567744 1.225803 -0.099050 1.389018 0.906501 0.396545 0.210838 -0.469952 0.103600 -0.752616 -0.567248 -0.479766 0.386530 0.105056 -0.296534 0.320029 0.343575 0.716390 -0.477734 2.393081 -1.050834 0.070561 -1.419777 -0.626618 0.023845 -0.258690 1.209173 -0.231032 2.631749 0.808781 1.172059 -2.609025 1.950980 1.477293 0.130717 -0.987559 -0.337951 -0.715261 0.201352 -0.268006 -0.324728 -0.290265 0.853600 1.012640 -0.814847 -2.553992 1.778938 0.940123 -1.179690 -0.538622 0.595297 -0.914045 0.446306 -1.043723 -0.678385 -0.176476 -1.143280 0.692209 0.526505 0.185548 1.654221 -0.580599 0.245935 0.365020 1.001850 -0.215080 -0.968165 0.490030 0.655646 1.337544 -0.726115 -0.206881 0.007095 0.089417 -0.426449 -1.933367 -1.112641 0.147291 0.001695 -0.425963 -1.649519 -0.831881 0.939272 0.407352 -0.484847 -1.169575 0.428384 -0.429368 -0.835893 -1.437055 1.477022 -0.265268 -0.287676 0.977499 -0.584655 0.376624 1.008084 -0.527338 -2.133164 -0.088529 0.323558 -1.954655 0.493181 -0.202643 1.142122 0.826166 0.650597 2.000152 0.083356 -0.853725 -1.151625 -1.199929 1.154894 -0.962383 -1.348472 0.830215 -1.846526 -1.197265 0.092257 -0.134200 -0.830654 -0.838239 1.292779 0.343629
-0.582360 -0.188618 1.024529 -0.094592 -0.304109 -1.134070 0.613848 -0.525088 -1.406107 0.469167 -1.384794 0.738162 2.108712 -0.237673 0.326902 -1.489910 -0.132705 -1.423712 -1.369780 -1.500436 0.355400 0.197837 0.882392 0.789642 1.038093 -0.011073 -0.649002 0.606792 -0.059864 -1.295075 -0.029802 -1.833412 1.709631 0.556660 -0.133297 0.800738 0.097560 0.150595 -2.505418 0.933892 -0.773845 0.710612 -0.091407 -0.435138 -0.784843 -1.500805 0.667735 -2.054694 1.465758 0.863080 -1.353856 -0.254256 -2.592949 -0.336534 -0.279962 -0.076176 -0.620948 -1.041796 -0.771872 1.266313 -0.963203 0.422293 0.945805 -0.223420 -0.307073 0.434704 -0.919262 -0.347711 -2.203886 -2.697484 -0.420824 0.802806 -1.717456 -0.734386 0.196430 -0.950972 -0.061773 -0.915512 1.408486 -0.316369 0.553159 0.940444 -0.132911 -0.770201 0.151863 0.941241 0.089612 0.957946 1.187817 -0.091471 0.769779 1.529310 0.199468 -1.252481 -0.727307 -0.550188 -0.031413 1.209378 0.171838 -2.380495 0.854838 -0.539296 -0.629766 0.060356 0.110057 -0.677553 1.452465 0.497361 -1.413396 0.644750 0.135492 1.258536 -0.026526 0.205932 -0.211123 0.498944 -1.973766 2.665374 0.329320 0.369992 0.031117 1.494580 -0.234246 -0.245497 0.448939 -0.233762 -1.097925 -1.851031 -0.576924 0.486242 0.044165 2.793535 1.263494 0.199720 -0.403686 -0.474414 0.017738 -0.152254 -0.352733 0.568662 -0.308252 1.137995 0.441957 0.817972 0.400583 0.078464 1.459630 -0.525775 -1.119200 0.718227 -0.755994 -0.770441 0.269612 0.505835 -0.304912 -1.898049 0.776511 0.047410 -0.210165 1.274317 0.460061 1.164666 1.245440 0.008000 -0.031985 1.400759 -0.120126 -0.605683 -0.748841 0.567220 -1.065008 -2.032139 -0.133524 -0.600993 0.005431 -0.099411 1.199345 -1.005733 -1.389039 0.185324 0.185616 -0.096128 -1.994951 1.559736 0.894829 -1.823671 0.211806 -1.170180 0.220102 0.307413 0.228094 -0.784759 -2.757459 -0.501639 -1.864656 0.281832 -0.715352 -0.999640 0.209875 0.144931 0.945614 1.638642 0.944861 0.495519 -0.521435 -1.581234 -1.690833 0.341343 0.147156 -0.512049 -0.047863 -0.241959 0.138419 -1.077056 -1.277820 -0.350830 -0.105717 0.484199 0.341385 -0.497509 0.836079 0.380188 0.713006 -0.246998 1.065333 0.614288 1.438422 -0.054772 -0.578152 -0.377478 -1.366711 0.347506 0.236950 0.611236 -0.117488 0.673769 -0.590613 0.579046 -0.687239 0.560579 -0.658184 0.560271 -0.313885 -0.009502
0.702500 -0.736333 0.441496 1.187530 0.601271 0.903165 0.835149 0.573951 -1.600746 -0.223485 1.259740 -0.505387 0.467285 0.420284 -0.043440 -1.882410 -0.815265 -0.880306 -1.627989 -1.323675 0.759468 -2.001500 1.658835 -0.374802 1.014211 -1.359100 0.633583 -0.213269 2.116743 -1.114141 1.730154 0.191031 0.331937 -1.022070 1.793586 0.892758 -0.034081 -0.050388 0.716600 -1.100838 1.118042 -0.515373 -0.212086 -1.150703 2.048063 1.055407 1.288589 0.420248 -1.356380 0.808240 -0.125332 1.457973 -0.602946 -0.425281 0.498310 0.171849 0.375656 0.042631 -0.112017 0.418300 -0.885002 -1.297734 1.488662 1.230712 -0.434763 0.001005 0.383908 1.336582 0.183332 -0.633024 -0.787631 0.426479 -0.128673 -0.051424 -0.592060 -1.526653 0.636258 1.361135 -0.922462 -0.197696 -0.094737 1.060586 0.005563 0.405099 -1.990559 0.194936 0.171878 1.711646 -2.158577 -0.727624 0.876319 0.390353 -2.230006 1.025548 -0.287715 -1.508604 -0.769612 0.200394 0.389100 2.139278 -0.556135 -0.740542 1.891307 -0.194316 -1.228529 -0.412324 1.602243 -0.899382 0.031216 -2.153767 0.829998 -0.704271 0.314571 2.271193 0.399061 0.179092 -0.416437 0.106770 1.035623 0.901135 -0.148701 1.485358 0.732098 1.200182 0.581369 0.473187 0.253770 0.485716 -0.066312 0.816282 0.080325 -0.975287 -1.010663 0.374699 0.170789 -0.696944 1.888173 -0.277438 -0.122067 -0.000982 0.905184 0.771790 -1.358555 1.099390 -0.000436 0.903599 1.002787 1.592525 0.059389 -1.351145 -0.687776 -0.531027 0.688676 0.349939 2.381096 -0.648086 0.926843 -0.780054 0.779907 -0.570537 -1.272486 -1.087300 -1.149807 -0.927192 0.077946 0.751869 0.831840 -1.776849 0.239089 0.643934 0.413214 0.742412 -0.478214 0.367559 0.223568 1.659627 1.143371 -0.804803 1.942152 0.205384 -0.278014 -0.972141 -0.583685 0.293432 0.799608 -0.033385 0.929233 0.441967 1.230229 0.273182 1.190601 -0.371829 -2.052563 -0.493322 -1.266764 -0.226796 0.441633 -0.260884 0.675204 -0.458675 0.184011 1.144481 0.396088 -1.238465 -0.152573 -0.947864 -1.772234 -0.398072 0.418443 0.784978 0.279723 0.162829 0.408132 -0.969040 1.814131 -0.454137 0.795578 -1.772302 1.217616 -0.912254 -0.004956 0.193991 -0.923050 -0.808650 0.202184 0.746306 0.009851 -0.045507 -1.653326 -1.332427 1.438009 0.451589 -1.141091 -0.730746 -1.060025 -0.695585 1.458984 1.591490 0.380453 -0.646864 0.274639 -1.520834 -1.765984 -0.596030
-0.555106 -0.653292 -0.416075 -0.004761 0.358669 -1.865065 1.150039 -1.126351 -0.860764 1.519393 -2.037594 -0.648475 -0.128548 0.640141 1.759577 0.012281 1.188333 -1.004634 0.378563 1.096595 0.256732 -0.252357 0.281639 -0.837037 -0.208015 -0.207923 0.152024 1.246579 -1.928769 -0.473691 0.685521 0.680163 -1.848555 0.763397 -0.349241 -0.654638 2.212301 -1.137071 0.218171 -0.439203 -0.124888 0.866856 0.310585 -0.663891 -0.455678 -1.191300 0.733469 -2.637024 1.175131 -0.481485 0.239187 -1.249740 -0.202348 1.274333 0.942826 1.044078 0.812816 0.149433 -0.821241 -0.575795 1.334332 -1.136408 0.194937 0.136284 -0.592212 1.300181 0.965298 0.355751 -0.317575 2.401544 1.029117 0.751894 1.686406 0.632804 -0.905100 1.745907 0.231006 0.095492 0.050533 0.206484 0.650929 0.830488 0.710027 1.663808 1.032592 0.368699 0.990771 1.499714 0.605902 0.810229 0.061574 -1.516205 -0.714439 -0.530896 0.855488 -2.158016 0.101140 -0.291991 0.463550 0.533651 -0.474271 0.517545 0.813459 -0.176142 0.150842 -0.328159 -0.581912 0.151699 1.226267 -0.695297 -1.331700 1.783819 0.999505 -0.073668 1.456526 0.199629 -0.672655 0.643222 -0.178074 -2.216921 1.189276 -0.121957 0.428381 -1.459384 0.249179 0.048413 -1.038836 0.109787 -1.318046 0.530186 1.266496 -0.564922 -1.487358 -0.564296 0.611446 -0.638963 1.164114 -0.813562 0.088882 -0.355094 0.598197 -0.136360 0.438823 -1.661406 1.631166 -0.475061 -1.606475 0.376985 -0.044184 -0.492993 -0.219675 1.968652 -0.519348 -0.842373 -0.781488 2.191276 -0.454060 0.402337 0.031977 -0.194786 -1.164399 1.477637 -1.445005 1.100169 -0.182273 0.914823 0.902126 0.412959 -0.385058 0.325848 2.037829 0.144354 -0.882736 0.066200 0.456267 -1.836439 0.465717 1.261816 0.054627 -0.233732 -1.014811 0.227034 0.824403 -1.111854 -0.958154 -1.780560 -2.337393 -1.510794 0.320571 2.498584 0.014906 -0.350437 -0.110322 -0.313870 0.355512 -0.660120 -0.374036 -0.184254 0.300018 -0.069408 0.333563 0.671893 -0.876394 0.501317 0.871157 0.882398 1.025403 0.717976 -0.117072 0.117813 -1.752344 -1.230537 -0.029569 -1.345801 0.730164 0.313634 -0.152788 -0.242695 -1.866038 -1.065329 0.474958 0.464734 0.305837 0.708341 1.281439 0.394633 1.035853 0.198493 0.825191 -1.077902 -0.318646 0.537005 -0.541347 0.763034 0.921894 1.315663 1.448906 0.263554 0.765619 0.541565 -0.409191 -0.134178 0.774833 -0.125830
-1.543955 -1.057407 -2.187436 -0.516638 -1.015659 0.354981 -0.306414 1.034632 -2.169482 -1.513677 -0.541141 -1.274036 1.443571 -0.545603 -0.409050 1.388925 0.259590 -0.768232 1.382790 -0.294127 -0.708556 0.149955 -0.449344 0.251508 1.179117 -0.276842 -0.440945 -0.928205 -0.059350 -1.035448 -0.428606 -0.368794 -2.267918 -1.075490 -0.235317 0.179257 0.392709 -0.074038 -0.669463 -0.774184 0.291882 -1.325425 0.567038 0.083829 -0.552523 -0.637114 -1.926218 1.768770 0.908350 0.513004 0.466901 0.887568 -1.279139 0.630013 1.471554 -0.617402 -0.240697 0.693294 0.245489 0.433415 0.257539 -0.115629 -0.482588 0.029481 -0.340820 1.428152 -2.146766 0.536859 -1.389398 -1.037729 -0.018784 -0.284078 -0.808216 -0.454244 1.562270 -1.468386 -0.743747 0.025059 0.731472 -0.065349 -1.193373 0.942995 0.161757 -1.248356 -1.679361 -1.622850 0.093701 1.134247 -0.102697 -3.268196 0.739097 -0.089591 0.049166 -0.624206 0.306079 0.996784 0.344689 1.612912 0.828557 1.181060 0.155338 0.594390 1.163733 -1.042208 -0.941295 0.291152 0.069510 -0.395154 0.545971 0.663995 -0.119244 -1.517599 -0.698876 0.534917 0.325845 -0.093574 0.077135 -0.838818 -0.583869 0.855561 -1.564339 -0.757156 -0.302989 1.181910 -0.531817 -0.537825 -0.449925 0.353454 1.702274 0.652965 0.358376 -0.247863 -0.980550 0.874814 2.267029 2.941308 0.067818 0.210709 0.126683 -1.147202 -1.213124 -1.719990 -0.323052 -0.070440 -0.254991 1.106204 0.352232 0.117535 -0.527517 -0.479188 2.576217 0.418400 1.114328 0.205748 -0.039716 -0.523835 0.570230 1.350461 -0.644820 1.698408 0.084822 0.311074 1.331140 -0.865073 0.196414 0.258328 -0.319971 0.225744 1.277683 -0.348009 -0.624013 -0.479575 -0.078795 -1.534621 0.480907 0.736506 -0.233273 -0.671686 -0.042174 -1.327148 -1.693571 -0.385033 0.127958 0.792181 -0.960778 -0.343210 -1.017206 -0.120729 -0.567334 -1.715921 -0.073044 0.221129 -0.472912 0.310616 -0.432455 -1.263283 1.112399 0.869106 1.363320 0.586041 -0.076703 -1.402759 0.273220 0.610541 -2.416076 -1.215169 -0.897578 0.992599 -1.192265 0.255785 1.365293 0.989934 1.421519 0.474420 -0.441281 -1.493093 -1.048994 -0.500996 -0.059020 0.500750 -0.465164 -0.246904 -0.980004 -0.716573 -0.136270 0.089754 -0.920595 1.965573 -0.898580 -0.178360 -1.134758 1.806416 1.319713 -0.457823 0.896300 -0.065647 0.706143 0.877714 1.840087 0.744370 0.427603 0.091119 0.652590 0.121317
-0.509241 -0.409457 0.035512 1.715960 0.100985 1.314421 -0.025438 -0.376706 0.167096 -0.063197 1.162031 -0.468782 -0.713339 -0.528814 -1.707587 1.115432 -0.680183 1.063820 -0.200046 0.615036 -0.718590 -0.348305 -0.142260 -0.724135 -0.931533 -0.789061 0.197953 0.978575 0.158033 -0.845330 0.746319 0.400347 3.672741 0.408414 0.251778 -0.431686 0.806289 -1.229926 -1.068602 -0.566378 0.345447 -0.566689 -0.713767 0.495115 1.083833 0.080440 1.149388 0.886595 -0.738300 -1.336028 0.751775 -0.378598 -0.150242 0.955453 -0.845354 -0.545652 0.753044 -0.473853 -0.915850 -0.481403 0.471509 -2.265170 0.700558 -1.538680 0.129664 -1.228813 0.646686 -1.107569 0.659252 0.229638 -0.469339 0.039396 -0.591525 -1.262236 -1.119044 1.442481 -0.000345 -0.473586 1.182615 1.089221 0.235453 -0.629918 -1.043234 -0.022624 0.239569 -0.697710 0.869697 -0.072283 -0.151941 -0.123293 1.182619 -0.123648 -0.599132 0.071662 -0.312688 -0.049117 1.593063 -1.994135 -0.047489 0.557702 -1.528027 -0.192621 -0.575368 0.811040 -0.505705 1.395677 0.305231 -1.755672 0.838475 0.632141 -1.260995 1.236854 0.116845 -0.708199 1.676855 -2.292036 0.568881 0.356759 -0.804798 -0.048313 0.834199 0.746288 -0.004193 -0.743238 -0.529164 -0.098997 -0.150784 -1.661890 0.819786 -0.078591 -0.276165 -1.380354 -0.105050 -0.422432 -0.946698 0.533318 0.386307 -1.338167 0.055441 2.078426 0.558320 1.039090 -0.165126 -0.594084 0.170770 -0.134051 0.504408 -0.688569 -0.387704 -0.227164 -0.620065 0.946060 0.552726 -0.963340 0.433862 -0.134777 0.415848 -1.618025 1.439301 -1.232240 -0.925394 0.992739 0.993517 -1.237252 -0.515609 0.159805 0.574354 -0.662663 -0.170919 -0.239573 -0.951225 2.359493 -0.088616 -0.814600 0.389507 -0.298870 0.339008 0.328294 0.850174 1.386215 -0.469016 -0.461967 -0.338616 -0.736878 -0.274250 2.276128 -1.259709 0.567784 -0.027356 0.752145 1.250527 0.011348 0.212405 1.042344 0.236192 -0.582415 -1.390297 -0.177930 -1.167844 -0.630812 -1.318524 0.944066 0.544459 0.550607 -1.109468 -0.073814 1.283639 -0.353980 -0.996748 -0.371410 0.306443 1.392900 -1.431092 0.739511 -0.813123 -1.901934 -1.229514 -2.338892 -0.797859 -0.069185 0.220561 1.261029 0.202738 0.424849 0.183843 0.055378 -0.749968 -0.580884 -0.810873 -0.119127 -0.687747 0.284006 1.100342 -0.971347 -0.744579 0.163754 0.350755 -0.421909 0.053156 0.174443 1.084405 -0.982453 0.164068 1.127836
0.805707 0.772379 0.288178 1.434793 1.991176 1.775037 -0.514906 -0.564362 0.542053 0.133643 -0.435891 0.294954 0.539910 0.886478 0.003036 -1.578525 -1.846752 -1.023862 -2.063901 1.690215 -0.191718 -1.330200 -0.123590 0.455802 1.864766 -1.187309 -0.781650 1.014604 0.560688 0.616906 0.296399 -0.226630 -1.139129 0.729521 0.691365 -1.587232 1.184112 0.283370 0.493136 0.309766 -0.958956 -0.147838 -2.461400 -1.461002 -0.362904 -0.770905 0.667051 0.733637 -0.590216 0.165791 0.257812 -1.630930 -0.442030 -0.726080 0.475434 0.891485 1.069235 -2.888640 -1.092540 0.735580 -0.806545 0.072499 0.185845 -0.256074 0.106721 -0.346584 0.671400 0.484469 0.372502 0.218874 1.132224 -0.816227 -0.660043 -0.689354 -0.057475 -0.557879 -1.108864 0.235084 -0.308326 -0.195634 0.640015 1.355417 1.097336 0.348231 0.340350 -0.560011 0.656830 0.469428 1.062473 0.870281 -1.833461 -0.041846 0.920012 -0.868385 0.418496 -0.659206 0.683082 0.853765 1.239908 -0.207534 0.523861 1.391986 0.666340 -1.553848 0.464289 -0.088173 -0.328477 0.872419 1.302234 0.713958 1.312680 0.154268 0.366594 -0.694794 -0.421081 -0.867039 0.682885 -0.285054 -0.552986 0.566248 0.593592 0.187665 -0.596495 0.131918 0.073783 1.179229 0.617665 -1.054940 -0.944681 -1.870364 0.700595 -0.313392 0.617115 -0.108703 0.116034 0.479729 -0.313307 0.749628 -0.846604 -0.018623 -0.478992 0.328271 -0.976767 1.025951 -0.549083 2.091847 -0.532349 -0.866311 1.245047 0.293734 -1.865839 -1.030604 0.187363 -1.225086 0.055933 0.045090 -1.172115 -1.012867 0.324827 0.618778 0.169124 -0.813549 0.866050 2.005049 -0.528757 0.751577 0.159798 -0.285526 -0.681257 -0.161706 -0.890345 1.868676 1.971142 -0.402282 -1.005141 0.772388 -0.022508 -0.729052 1.017044 -0.811759 -0.154554 0.586900 1.575950 -1.170163 -1.560983 1.601491 1.136560 0.214326 -0.360033 1.016215 -0.744403 0.837776 0.061936 -0.679274 0.842169 0.590055 0.612558 -0.107233 1.833343 -0.270826 0.800179 -0.718397 -0.998475 -1.554329 0.349858 0.090319 -1.368327 -1.086683 -0.948620 0.829494 -0.826376 -1.135906 0.626477 0.608481 -1.459448 2.004716 0.867421 -0.768600 1.000033 1.155977 -1.263690 -1.170474 -1.401378 1.942650 -1.464141 -0.902692 -2.275570 -0.391495 -0.465007 -0.034578 -0.189186 -0.834605 1.192762 -0.747986 2.600405 -0.009593 -0.444944 0.510781 -1.065630 0.009810 1.354826 -1.837113 2.270114 0.439823
0.101998 -0.781301 0.097723 1.726254 0.017347 0.142270 0.971586 0.767868 2.308048 1.416923 -0.080139 -0.123524 -1.255059 0.430966 -1.715538 0.549328 1.081486 2.259221 -1.515084 -1.727983 0.655413 -2.583492 -0.013610 -1.250917 0.485034 -0.577560 0.029323 0.412671 -2.477748 -0.575266 -0.682199 1.840202 -0.531932 0.333822 0.221714 -1.013378 -1.767995 -0.601839 -0.562121 0.421141 -0.759132 -0.367904 0.435966 -1.072498 1.003255 -1.103684 1.443152 -1.041150 0.654071 1.513941 -0.555472 -1.539644 -0.952471 -1.417230 0.930798 -0.741709 -0.358822 0.537881 0.668050 -0.421311 0.043897 -1.224743 -0.653360 1.857645 0.849942 -0.886772 -1.248242 -2.302249 -1.296998 -0.335211 0.095322 -0.761713 -1.274023 -0.623752 -1.235376 -1.258577 0.638313 -1.337906 -0.260743 -1.060655 -0.388310 -0.726617 1.310298 -0.671747 0.502869 -0.867624 -0.646462 -0.589683 0.966666 1.201928 0.176517 0.476402 -1.319821 0.556282 0.636355 0.721949 -0.044916 0.123942 0.169901 -1.321959 -1.601076 0.532273 1.176661 0.485458 -0.543198 2.095173 0.949897 -0.388608 0.004032 -0.078578 0.743016 -1.045171 1.811433 -1.539294 1.197305 0.011829 1.385589 0.576170 0.730542 0.981679 2.253520 2.060409 -0.966779 1.511524 0.558055 1.292309 1.000934 1.095861 1.275021 0.695802 1.523141 -1.130422 0.146041 -0.718318 0.715433 0.306200 -0.489337 1.158454 1.920449 0.753843 -0.142817 1.844506 -0.808607 0.064368 -0.322432 -1.041777 0.572419 -0.491608 -0.124186 -0.118706 1.143046 -0.157518 -0.850461 -1.352564 0.556715 -1.865656 2.315754 1.241065 -0.084731 2.285707 -0.146514 -0.259306 0.000261 0.927033 0.325982 0.734064 -2.193700 0.260015 1.935446 1.306624 -0.446555 -0.618714 0.165533 0.611693 0.911716 -0.074841 -1.613398 -1.404119 -0.299513 0.014032 -0.162290 -0.609133 -0.590456 -0.836761 1.003331 -0.515757 -0.151204 -0.792711 0.244556 0.111935 1.136071 1.657661 1.022777 0.104723 -1.754075 -0.469132 1.659397 -1.182367 -0.107336 0.232238 1.236045 1.477526 -1.055073 -0.307895 0.589816 0.102585 -0.125845 1.067909 -0.441953 0.755768 -0.425226 -0.107371 -0.631095 -0.025462 0.533640 -1.319300 1.321910 -0.764897 0.167125 -1.909653 -2.680380 -0.320943 1.633702 0.394728 -0.090008 1.127724 1.419159 -1.980840 -2.754474 -1.891253 -0.556656 -1.657108 0.347097 -1.562990 -0.989198 -1.620396 -0.847610 0.143829 -0.928254 0.079172 -0.099014 -1.223983 0.404452 0.965177
-1.088800 0.405623 -1.186878 1.080877 -0.400019 0.108071 0.938681 -1.144009 -0.476019 -0.276425 0.443193 0.100687 -1.061994 -1.574392 -1.217574 -0.097476 1.077641 -1.925311 -0.106578 0.749676 -0.932585 0.363686 -0.894944 0.814694 -1.174271 0.115396 0.223945 0.338685 1.907263 -0.408521 -0.320303 0.647727 -0.980943 0.278780 -0.640023 1.199828 -0.228018 0.727376 -0.100831 -0.701344 -0.282662 -1.335971 -0.188533 -1.231058 1.526547 1.308734 1.811914 0.460927 -0.161241 0.519114 0.430689 -0.890031 0.976037 -2.148813 -1.165111 0.774554 0.779626 -1.398403 0.321512 -1.016910 -0.075494 0.412255 0.562606 1.086186 1.553967 -0.193677 0.956947 0.711033 -0.486076 0.300059 0.564314 0.256115 0.969436 -0.207195 -0.401025 -0.222987 -0.042396 0.247501 -1.548901 1.294918 1.482475 -1.642073 -0.198353 0.915454 0.027131 -0.722359 -0.476662 0.105546 -0.281108 -1.279466 0.226846 -0.422116 1.982919 -0.591176 -0.244528 -0.447372 2.173335 0.015383 0.149052 1.255555 0.357136 -0.588242 -0.675536 -1.039556 2.429533 0.965410 -1.603216 -0.752949 1.234378 1.081263 -0.209700 0.913418 -0.456182 0.347926 0.617227 0.036576 -0.993127 -0.711594 -0.017816 0.594301 0.872574 0.061832 0.334146 0.952330 0.980002 -0.072089 0.096945 0.895238 -0.344638 0.567272 -0.566237 0.186672 -1.266844 0.058595 0.186061 0.125767 0.686207 -0.232098 1.472965 -1.649981 -1.107108 -0.064943 -0.043491 0.906032 -1.264139 0.225239 1.067980 1.098067 0.579890 0.307823 -0.769784 -0.001264 0.037064 -0.449760 0.158297 0.254268 -2.388582 -0.942697 0.219101 0.660951 -0.843661 -0.810759 1.623480 -1.537629 1.101689 0.714019 1.140118 0.535769 0.496179 -0.524396 0.825018 -0.346362 -0.342327 1.005664 -0.829108 -0.528062 -0.627450 -1.924311 -0.221379 1.213510 -0.005197 -0.849589 -1.033589 -0.999085 -2.625904 0.298215 0.364887 0.295540 1.673094 -0.149103 0.480883 -0.023065 -0.097380 1.215101 -1.288033 -1.124880 -1.042094 -2.605697 -0.210898 -0.468564 -0.134973 -2.235972 -0.124789 0.675827 -1.316059 -0.181288 -1.699781 -0.390066 0.121264 -0.374379 -0.239897 -1.357054 -0.702396 0.582561 -0.739870 0.225769 -0.594340 0.022840 -2.432998 -0.645869 0.823621 -1.538245 1.094329 0.291688 -2.947231 -2.373939 1.160497 -0.108441 -0.262676 0.185555 -1.153545 -0.653294 -0.269759 0.571402 -0.983031 0.483499 -1.710903 0.552737 0.419110 -0.701873 -0.249742 0.815552 0.387722 -0.854687
0.062340 0.348264 -0.951224 -1.559978 0.429593 0.482877 -0.216977 -0.695681 -0.556781 -1.732865 -0.436920 -0.048221 0.297015 1.951758 1.379189 0.028428 1.220131 -0.572280 0.960595 0.121984 0.896874 -2.270457 0.149659 1.333343 -0.087390 -0.446466 0.722684 -0.165314 0.755380 0.131064 -1.350797 0.350405 -1.155060 -0.047168 1.318537 2.227358 0.266581 -0.335552 0.149862 -0.247685 -0.195024 0.169414 -1.737645 -0.159012 -0.055559 -0.413625 1.955000 0.599679 -1.322321 -0.710144 -0.136375 -0.271789 -0.564812 0.587566 1.146411 -0.725340 -0.606884 -1.938934 -0.128921 0.606533 -0.841239 0.562783 2.490266 1.821807 0.779095 1.133700 -0.166674 -0.954097 1.267813 -0.003159 -2.116390 -0.462329 2.608253 -0.649497 0.128764 -1.565127 -0.025472 0.428271 0.174921 -1.856432 1.957669 -0.548833 -0.660601 -0.055997 -0.133272 -0.884590 0.953330 0.973455 1.028052 0.840878 -0.002074 -0.705431 0.172973 -0.987407 1.093741 -1.323423 0.953704 -1.729805 -0.505656 -1.399206 0.068842 -0.906453 -0.980879 0.201761 0.227267 -0.117848 -0.977765 0.247954 0.950731 0.230620 -0.074470 0.248196 -1.146224 0.812244 -0.003881 2.741679 0.591597 0.971287 1.248802 -0.489242 -0.296890 -1.680924 0.767558 0.410697 -1.308372 0.129903 -0.820248 0.079119 1.137652 0.531487 0.318033 -0.280168 1.016439 1.384677 -2.183106 -0.720143 -2.804131 -0.070154 1.627244 0.351729 -0.951053 -1.472028 -0.095551 0.361581 -1.917737 -1.788184 0.478886 0.363297 -0.019834 -0.707595 -2.145820 -0.463254 0.175292 -0.475961 0.276489 -0.322418 0.101931 1.274878 2.207419 -0.090797 0.928283 -0.018851 -0.583586 0.027668 -1.007653 -0.319858 0.053681 -0.185596 1.426161 1.353119 -0.394750 -0.900916 1.126509 -1.414862 -1.089096 0.389691 1.240348 0.482958 -0.384261 0.476784 -0.830453 0.686336 0.253929 0.410788 -1.127262 -0.479522 1.885831 -1.531680 -0.714567 -0.055451 0.255662 -1.141016 0.683692 -0.041811 0.235412 -0.933084 0.238780 -0.401065 -0.086735 1.368958 0.885725 -0.417442 0.447779 -0.072615 0.261916 0.974101 -0.831331 -1.278327 0.179988 -0.835581 1.395410 1.977844 -0.172740 -0.242249 1.574878 0.985799 -1.271476 0.483246 -1.046270 -0.699923 1.192289 -0.566922 -0.454687 0.351328 -0.615639 -0.559744 -0.618156 -0.555232 -1.078167 -0.057510 -1.621654 -0.425631 -0.035605 -0.606069 0.834563 0.438883 0.354943 0.409377 0.122790 -0.424995 1.855724 0.215075 1.188679 1.866136
2.642215 -1.395967 0.028946 -1.586230 1.133261 -0.333487 0.455580 -0.127346 -1.466518 0.053277 -0.588782 -0.118969 0.240193 1.343037 -0.533053 -0.288332 0.617719 -0.143428 0.196175 0.746280 0.757774 0.677249 0.463112 -1.989152 0.654335 -1.213585 -0.042847 -0.110537 1.978512 0.873109 0.062406 -0.283671 -1.475169 0.466026 -0.404081 -0.403662 -0.056940 1.113151 -0.698821 -0.737450 1.100698 0.974414 -0.329703 0.096260 -0.614287 -0.331200 0.831803 0.859797 0.321274 -0.930352 1.237213 0.458230 1.995307 -3.560222 0.096107 0.006845 -1.032737 1.032915 1.080862 0.443760 0.741991 0.127385 2.631900 -0.919086 -0.091802 -0.590480 0.008535 0.233215 1.825975 -0.190604 -0.172918 0.007486 0.959251 -1.447989 -0.477181 -0.727844 0.886972 1.310760 -1.331504 0.389437 -0.844729 -0.413012 -1.193353 -0.197861 0.335675 -0.339373 0.739288 -1.171894 -0.447303 -0.418739 -0.612583 1.178798 -0.068654 -1.388782 0.460513 0.543749 -1.093839 0.398282 -1.371006 -1.278223 -0.085198 -0.912154 -0.192489 -1.658552 2.031826 -0.294733 -2.079991 -1.647435 -1.230606 0.852399 1.545966 1.295283 -2.646960 -1.577119 -1.747506 1.380530 0.177865 0.603736 0.222912 0.103251 0.895025 -1.009127 -0.364349 1.245005 -1.007786 -1.433735 -0.075094 0.271009 -0.026460 0.700107 0.325608 -0.488532 -1.387163 0.537521 2.446712 -0.307252 -0.407775 -1.388333 -1.524545 -0.883993 0.462377 -1.171831 -1.084988 -0.684131 1.274395 0.707242 -0.102028 1.510179 0.680056 0.007855 -1.003207 -0.330695 1.568099 -0.109146 0.821134 -0.166802 -1.094827 -0.174507 -0.846542 -0.833076 -0.075588 0.843829 0.053138 -0.504968 -1.749315 -0.886267 -0.654831 0.753228 0.877242 1.040495 1.733403 0.446141 0.279623 0.465989 0.637224 0.693066 1.581112 0.347775 -0.362473 -0.693055 -0.678125 -1.344534 -2.115354 0.845799 -0.243227 1.970712 1.692293 -1.761700 -0.070587 0.547081 -0.166551 -0.006163 1.084336 0.068871 2.208991 -0.664209 1.204000 -1.927419 0.020645 -1.263542 -0.149976 1.112154 1.236470 1.073735 0.555864 -0.099478 -0.515025 0.593368 -1.419842 -1.534147 -1.273250 -1.014695 0.859052 0.514391 0.067969 -0.365280 2.014523 0.086540 0.051625 1.464927 -0.711026 1.232271 0.778650 -0.122240 0.212078 -0.663334 1.044580 -1.421006 0.336523 0.244426 -0.044613 1.257328 -0.195729 -0.061999 0.062421 0.110370 1.141824 0.685065 0.459428 0.584228 -1.712905 -0.267333 0.487740 0.204633
-1.640291 1.554751 -0.248770 -1.040194 0.581555 0.059485 -0.643067 -1.382868 1.363410 0.350067 -0.008812 0.845782 0.900289 0.309449 -0.039997 -1.533836 -1.209769 -0.367390 0.821198 -0.966100 -1.075087 -0.319923 1.142255 -0.153903 -0.351007 1.164368 0.859099 -0.010873 2.229374 -0.502233 -0.400602 -0.390965 -1.105795 0.785224 -0.444300 1.358235 -2.144176 0.056097 -0.799973 -1.308455 -0.372109 1.054207 -1.717237 0.242521 -2.085791 -0.214219 -1.562128 -0.781540 0.069336 -0.145230 -0.044898 0.010022 0.939260 -1.300119 -0.763330 -0.253863 0.535016 0.473008 0.943111 -1.971132 -0.473213 -0.025328 -1.053645 0.775045 -0.234651 -1.303782 -0.030691 2.885727 -2.361793 -0.582234 -1.473353 1.107728 0.122632 -0.228911 0.113406 -0.062396 0.515533 0.086167 -1.340918 0.842037 1.038914 -1.141169 0.107841 0.815089 0.509061 -0.293958 -0.301284 0.082061 -0.683910 -1.018004 0.384832 -0.972025 -1.700419 2.769935 0.239285 1.700965 -0.360437 -1.826646 1.306504 -0.522434 -1.047112 1.831541 -0.044989 -0.126876 -0.220875 -0.407559 1.854058 -0.242004 -0.874136 -0.040757 0.402377 0.679749 -1.109460 0.748337 1.303649 -0.301139 -0.494810 -0.490845 0.155435 0.963998 -1.344254 -0.541648 -0.263006 0.931873 0.127445 1.255602 2.444804 -1.115399 0.262139 1.420073 -1.025725 -0.620172 1.047875 0.821872 -0.596395 -0.329025 -0.622838 -0.656263 0.893007 0.546455 0.940657 0.438949 -2.079724 1.288064 1.370810 -0.422719 0.185640 -0.975601 0.353523 0.973251 -0.229675 0.962236 -1.416470 -0.487857 2.671186 0.456404 -1.403246 1.262756 1.604159 2.214027 -0.011337 -1.352263 -0.162130 0.909429 -0.417838 0.382710 0.250122 -0.550135 0.258739 0.746744 0.565470 1.092288 2.029763 0.744629 0.130735 -1.110788 -1.893259 -0.871099 0.783321 -0.127237 -0.262173 0.312815 0.913078 -1.198204 -1.015469 1.129743 1.030424 0.756252 -0.580033 -0.140918 1.082351 0.489670 0.953687 -0.517524 1.437062 0.404315 -0.760150 1.229631 -0.856607 1.466933 0.478304 1.000753 0.237184 -1.426129 -0.165035 -1.060262 -1.845819 -0.129942 -0.712686 -0.603282 -0.641844 1.019869 -0.360196 -0.201997 -0.255774 1.732928 1.470710 -0.454315 0.236872 -0.478140 0.341417 1.639698 -0.423472 0.015938 0.444449 -0.979618 0.368699 -0.637504 0.231246 -0.090968 1.026127 -0.209639 -1.362100 0.080053 -0.044389 0.047869 0.658575 -0.292935 0.486418 -0.309050 -1.384779 0.357559 0.295853 1.608454
1.155204 -0.884811 0.578980 -0.385482 0.642590 -0.703093 1.734982 0.888890 -0.319688 0.423873 0.897521 -0.930848 0.478638 -0.156127 0.515584 -0.351133 -0.762750 0.896950 -0.248056 -1.211150 -0.027275 0.689693 -0.604801 -0.648602 -1.041111 0.063663 0.655980 1.397748 0.896390 1.363295 -0.269140 -1.345322 1.222122 1.502453 -0.867656 2.236636 -0.717485 0.802569 -0.364917 -0.382472 -0.963500 0.446606 0.317348 0.089915 -1.670245 1.117864 -1.056832 -1.113906 -0.045737 0.763946 -0.793787 -0.075984 0.734329 1.366119 0.075354 -1.028547 1.721380 -0.413579 0.695740 -1.803314 0.658526 -0.816358 -1.212021 0.253881 -0.058398 -0.360291 -0.560791 1.024888 0.280545 -1.865151 -0.192833 -2.585711 -0.079942 -0.594344 0.326582 0.285161 -0.623708 0.416444 1.215845 -1.199995 0.177319 -0.151014 1.541094 0.517453 -1.200395 -0.135835 0.553768 -1.585989 -1.475640 0.834899 0.870891 -0.076628 0.004827 -0.754800 0.753237 -1.544535 0.298765 -0.102557 -1.315044 -0.414765 1.639921 -0.557575 -0.985699 0.397144 -0.154302 0.475698 1.296633 -0.229559 0.537197 0.612391 0.486380 -0.676718 0.675203 0.724327 -0.489160 -1.304970 1.143920 -1.422901 0.000690 -0.473814 -0.663363 -0.043709 0.537088 -2.199579 -0.624923 -1.122264 -0.776892 0.420679 -0.188543 -0.695575 -1.852749 0.538703 0.230254 -0.137788 0.620237 0.235820 0.228555 0.509299 -0.680843 0.342795 0.071610 -1.284826 0.095719 1.342043 -1.290662 0.626737 -0.667236 -1.127220 0.054744 -1.081476 -0.499919 -0.612889 0.858807 1.415860 -0.438697 0.597149 -0.583941 -0.895877 -1.579896 -1.439149 -0.802735 -0.606532 1.567761 -1.030552 0.253707 -0.501008 -0.971955 -2.315352 -0.906470 -0.754701 -0.887614 -0.622758 0.336558 1.048596 0.219398 -1.974940 0.901305 -1.208360 0.310370 -0.000710 0.213146 -0.867118 -1.994299 -0.897848 -0.191645 0.994267 -1.464989 0.011364 0.576780 1.162239 -0.705869 -0.700989 0.703973 0.661517 0.715539 0.189625 0.814237 0.851155 -1.670807 -0.812976 0.387822 -1.225530 0.068125 0.323202 -1.062057 -0.407045 0.257660 0.185460 1.403244 0.317398 -0.375709 -0.021171 -0.796414 0.990411 -1.212157 0.128016 -1.426522 -2.411948 0.099367 -0.387259 -0.425845 1.317269 -0.523374 -0.715434 1.275479 2.132412 0.080402 0.236045 0.115997 2.113141 -1.496118 1.467255 0.177633 0.006028 1.132775 -2.772184 0.574239 -0.796281 -0.873458 2.049473 -1.115160 -0.573918 1.399492 1.572165
1.291537 -0.609446 0.365517 -0.207097 -0.516112 -1.406234 -0.265898 -0.895615 -0.655752 -0.364761 -0.206892 0.100396 0.583529 0.662658 1.437118 0.782651 0.853328 -1.058420 1.164888 0.957791 0.105777 0.314318 -0.609393 -2.303800 -0.886694 0.554549 0.549253 0.110387 0.621751 1.157067 1.355730 -1.092039 -0.812570 0.317026 0.159047 -1.739167 1.530105 -0.815196 -0.257757 -1.508539 -0.545279 -0.783388 -0.018306 0.969000 -2.813181 2.278766 -0.683394 1.176322 0.691612 -1.509965 -0.968631 -1.868603 0.917838 0.640397 0.985664 1.630496 -2.337520 -0.033363 -0.009319 -0.088422 -0.696681 -0.803591 -0.938136 1.289112 1.933786 -0.960187 -0.817672 -0.377158 1.833560 1.305153 -0.449426 -1.929491 0.104703 1.513308 -1.503862 1.753557 0.179744 0.124884 0.300790 0.315360 0.277711 -0.600768 -0.235283 -0.133024 -0.164808 -0.306246 0.707182 2.434299 -0.669629 0.485272 -1.772841 0.521901 -0.753692 -0.955316 0.063433 -1.101070 0.096124 -1.397865 0.333310 -0.910495 1.821581 -0.038201 0.039542 0.406118 1.070259 -0.062191 -0.458029 -0.391659 0.644372 0.529916 0.819562 -0.089328 0.704139 -0.841462 -1.022378 0.745368 0.469789 1.605349 0.138424 1.567006 0.835280 -0.226828 1.219313 0.334712 -1.886655 0.490608 -0.487689 0.276067 0.984297 0.664996 -0.619066 -0.505037 0.907104 1.088012 -0.279447 -0.374807 1.115533 -1.324567 -0.636243 -0.112435 1.767502 0.121286 0.016506 2.067888 -0.938081 -0.257321 -0.762670 0.078445 1.142312 -0.553176 0.137129 -0.620153 1.810364 -0.352827 -0.840282 -0.335108 1.265928 1.625823 0.417321 -1.174573 0.685919 -0.592837 1.191504 0.569870 0.372000 0.137252 -0.386027 -0.396663 -0.459662 -1.613275 -1.920526 0.890939 0.200832 0.108807 0.814300 0.866066 -1.637513 -0.117811 -0.359846 -0.722922 0.145717 2.698062 1.325340 0.770060 0.715413 -0.160459 0.416632 -0.259028 -0.766224 0.135608 -1.049390 1.048905 1.118864 -1.656651 0.826845 1.544824 -0.797440 1.401888 1.383072 -0.080287 -1.919940 -0.014523 -0.331248 0.054761 0.204503 -0.627845 -1.422380 -1.472334 1.686186 -1.404095 -0.664549 0.744969 -0.561098 0.450954 -0.281935 0.754620 0.347317 -0.458542 -0.618609 -0.311513 -0.216499 0.216175 -0.064085 -0.070043 0.571751 -1.373571 -0.177355 0.472055 -0.302793 -1.623276 1.230321 -0.950416 -1.173955 -0.380579 -0.862983 0.296159 0.367992 -1.081092 -0.560816 -0.430002 0.078945 0.700075 0.077228 -0.069004
-0.807387 -1.372790 0.387360 0.939690 1.329913 0.406754 -1.056798 0.776426 -0.262556 -1.908580 1.663515 -0.510251 0.024930 -0.600366 0.774861 -0.180646 0.426282 -0.135490 -1.549065 0.376506 -0.468165 0.289203 0.459231 1.482025 0.470541 -1.599686 0.615581 0.635941 1.413108 0.367745 -0.731755 -2.013385 -0.439912 -0.020700 0.620860 -0.509256 0.401678 1.268152 -0.368531 -0.461785 0.913607 -0.794743 0.142338 0.077254 0.699626 -0.864754 1.012933 1.401382 0.274270 -0.619030 -0.516501 0.652342 -0.464799 -0.929084 0.375097 1.523114 -0.493763 1.858127 -0.264434 -0.022072 0.623873 -0.842109 -0.634427 -0.142658 -0.513423 -1.249509 -0.748632 0.848060 -0.861841 -0.623363 -1.260612 0.406542 -0.103827 0.695231 1.163005 -0.755658 -0.185661 -0.052740 2.072243 1.401283 -0.282266 -0.518110 -0.778289 0.636576 1.562955 -0.172827 -1.219873 -0.759588 -0.730435 -0.249934 1.065107 -1.510912 1.271282 1.018391 0.741729 0.285198 1.645845 0.272020 0.331791 -1.176293 0.438238 -0.520326 -0.206144 -1.149453 0.956342 -0.996365 -0.289821 -1.548314 -0.169401 -1.331415 1.057321 -2.788763 0.948376 0.634982 -0.976962 -0.428603 -0.358438 1.707361 -0.491156 0.118169 0.853212 0.456776 -0.764979 -0.448101 -0.070970 0.268421 0.471379 -0.064315 -0.429965 -2.015288 -1.442174 0.821176 -0.693954 0.396462 0.206211 -0.780398 -0.970740 0.149472 1.717399 -0.116671 -0.013246 -1.197411 -0.224525 -0.454252 2.217353 0.053674 1.236716 -1.047310 0.252633 1.049017 1.005021 -0.978811 0.249482 1.762752 -0.178657 1.134871 1.687060 -0.544760 1.898230 -0.939355 -0.406524 0.219604 1.618028 -0.979510 -0.202441 -0.657809 1.223747 0.685837 -1.053558 0.128347 -1.771245 -1.283238 0.694580 -0.154345 -1.085645 -0.699118 -0.816726 -0.304988 -0.850963 1.170814 -0.266178 0.579683 -1.338923 -0.162904 -0.136892 1.524336 0.806242 0.570788 -0.030906 0.703326 0.141280 -2.184276 -0.601074 -1.842111 0.564731 -0.574315 -0.079691 1.095117 0.486240 -0.208282 0.724173 0.599327 0.549646 0.585477 -0.967858 2.066409 1.099758 0.647882 -0.727153 -1.296857 -2.269328 -0.234053 -0.076708 0.614388 -1.282181 -0.622335 -0.313968 0.669000 -0.213930 -0.774264 1.514802 0.741822 0.827734 0.176781 0.554277 -0.833198 0.457649 0.756156 -0.135825 -0.679054 0.818436 0.444172 -0.169119 -1.506235 -0.704815 0.097142 -0.399729 -0.243435 -0.053298 -0.901540 -0.586702 1.503600 2.340324 -0.771865
0.612142 -0.412364 -1.775320 -1.893367 0.115754 1.310819 1.336033 -0.655341 -2.017529 -0.168633 0.629009 1.548889 -0.712389 1.035532 -1.093818 -0.944894 -0.942434 -0.050459 -1.317573 0.194893 1.606605 -0.281787 0.313459 -0.195769 1.216754 0.682891 1.758080 2.036150 1.019424 1.600799 -0.634405 -1.282961 0.918545 0.808200 -0.710196 1.774332 0.255779 -1.476650 0.851701 1.009816 -1.270894 1.039943 1.614212 0.023501 -1.594158 -1.539735 1.437476 -1.532441 0.457069 0.508088 0.568258 -0.731064 0.882401 0.592164 1.356814 -1.019241 -0.010174 0.595400 -0.158547 -1.194209 2.931263 0.587065 -1.446530 0.507268 -0.457822 -1.072719 -1.074218 -0.441223 -0.631531 -0.466699 -1.342158 -0.004370 -0.341259 0.107665 -0.634970 -0.882001 -0.953139 0.738098 1.092987 0.545021 0.004109 -0.521365 0.651248 1.707563 -1.514202 0.312356 0.140318 1.091756 -1.374584 1.512402 0.132501 -0.876109 -1.037498 1.031470 0.117199 -0.163788 -2.240586 1.062817 -0.999422 1.004823 0.982629 0.323121 1.509783 -1.206331 -2.163070 -1.836499 0.722642 -0.450952 0.622775 -1.479215 -2.728390 -0.257867 0.698434 -1.421508 1.412857 -0.765130 0.751746 1.269656 0.847570 -1.498270 0.110643 0.598577 0.874705 -0.636241 -0.547886 0.107366 0.616240 -2.291058 -1.526636 -1.138396 0.568502 -1.618525 1.924953 0.654590 -0.729983 0.304621 -1.799364 0.814230 -0.676702 -0.324821 -2.096872 0.641001 -0.063554 -0.503779 -1.106729 0.115266 -0.288412 -1.665518 0.092750 0.704142 -0.773454 -0.037888 -0.359468 -0.180233 -0.317824 -1.830632 -0.182206 0.506318 -0.217068 -1.605967 0.393908 -1.105715 -0.565600 1.043981 -0.143576 0.916329 1.049924 0.432890 -0.593283 -0.726357 0.049357 0.078549 0.040032 -1.252724 -1.802804 0.525953 0.460247 0.707555 0.927098 0.432720 -0.984374 1.457761 0.431460 -0.401982 -0.706423 1.522515 1.341578 0.242239 -0.818174 -1.062979 -0.017647 0.098388 -0.165119 1.642779 -2.143186 0.958420 -0.677233 -0.613180 -0.171376 -1.490698 -1.595347 -1.304954 1.763723 -2.012661 -1.092950 0.776823 -1.128822 1.149320 0.908870 1.031858 0.476647 0.671607 -0.641703 2.342795 1.308337 -0.152296 1.279470 1.291773 1.614522 0.177924 0.738918 1.375341 -0.989389 1.109124 -1.435140 -0.619949 -0.519264 0.646148 0.842129 1.335843 0.449435 -0.536461 -0.784263 0.289144 -0.770262 -0.107165 0.884577 -0.310145 -0.433546 0.449340 0.599710 1.411926 -0.094767 0.801589
-0.380629 0.527967 0.663715 -0.811528 -1.511014 -0.000400 -2.418638 1.231930 -1.653846 -0.023643 0.518208 0.376906 -1.386993 0.281459 -0.558228 0.237651 -0.060676 -1.392728 0.074131 -0.318098 -1.228905 0.450912 -0.250775 1.484931 0.979242 -0.227802 -2.237132 -1.279994 -2.611613 2.491609 -0.268090 -0.616563 -1.294106 0.133669 1.901770 0.686409 -0.458039 0.097122 0.659862 0.128974 1.355232 0.015143 -0.865008 0.030191 -0.755072 0.717647 -1.751741 1.996404 0.966441 1.771959 0.064598 -0.002668 -0.879999 0.237367 0.248100 -0.602053 0.331925 -1.261691 -0.211043 0.781406 -1.573007 0.177227 -1.917747 -1.047038 1.100483 -0.908300 3.322310 -0.669126 3.242855 1.114121 -0.681300 0.072058 -0.290505 -0.557601 -0.952618 -1.398290 -0.035082 -0.817390 -0.605073 -0.545084 -1.455166 -1.354582 -0.229949 -1.844322 -0.167298 0.474695 -1.695054 -0.512215 0.324702 -0.369945 -0.247266 0.525376 -0.373313 -1.313493 0.257009 -0.865279 0.296848 -1.658135 0.037269 0.211033 -0.417606 -0.292826 1.374317 -0.030685 0.524650 0.076077 -0.104541 -0.781148 0.691894 2.118410 -0.856383 0.872411 1.945837 -0.496123 -0.844101 0.231996 1.058827 0.261689 -0.128769 -0.025042 -0.339082 -1.616901 -1.487493 0.494391 -1.322949 -2.874494 -1.216039 -0.559728 -0.829263 0.108429 -0.875708 0.167323 -2.517565 1.402973 -0.793661 -0.235922 -1.996186 -0.245274 0.329365 1.082031 1.320017 -1.010533 0.097270 1.345862 -1.182542 -0.273947 0.280671 1.051493 -1.735313 -1.591274 -1.362398 -1.792071 1.681687 1.408301 0.265448 -0.399209 0.339428 1.190237 -0.209928 -0.248360 -0.255112 -0.142929 2.311264 -0.358033 1.755134 0.630250 -0.645759 -0.721138 -0.816357 0.953663 0.776530 0.319754 0.398861 -0.195593 -0.143242 0.268758 0.496629 -0.285264 0.659118 0.353471 -1.035166 -0.777049 -1.581397 0.221402 -0.600018 -0.196146 -0.602556 0.058498 0.143496 -0.583804 0.283213 -0.408525 -0.516642 1.496813 0.669561 0.350093 2.388024 1.182996 -0.153216 1.553449 -0.500310 1.104082 1.202702 1.527575 0.059664 1.858713 0.652963 0.199690 1.205357 -1.601306 -0.758766 1.377574 -0.446426 -1.188389 1.100741 0.830359 1.473651 0.012003 -0.624549 0.578461 0.234626 -0.512303 1.073048 -1.704868 0.123371 0.599307 0.823475 0.021943 -0.019831 -0.598950 -1.006245 -1.201223 0.833453 -1.173180 -0.907384 0.083370 0.320031 -0.568400 -0.068997 -0.120598 0.924031 1.646382 -0.767675 -0.113433
1.589666 0.987094 1.303916 0.185501 1.012115 -0.710866 1.878276 -0.351116 -1.130819 -0.122463 -0.681088 0.854617 0.727248 0.291244 1.996358 1.755543 -0.301597 -1.780852 -0.478824 -1.488021 -1.073853 1.800209 0.113083 2.141631 0.832451 1.535036 -0.968974 0.527628 -1.134596 1.170652 -1.377143 0.280902 -0.751715 0.129945 -0.674709 -0.427787 -1.922871 0.292855 -1.893165 -0.225517 -0.154817 -2.278593 -0.720493 0.342315 -0.166796 -0.263159 -0.070939 0.656862 -0.993677 0.374665 -1.109408 1.451517 -1.940577 2.683135 0.106931 -0.345743 1.754734 -1.299710 -0.194986 -0.415044 -0.877117 0.043413 -0.380540 -1.010698 -0.739921 -0.624051 -2.027267 0.735480 -1.962558 1.150131 2.961940 -0.074540 -1.427859 0.639216 -0.499579 -0.130973 -0.494749 -0.735414 -1.611459 -0.712546 0.499291 -1.509537 -0.241202 1.573784 0.739596 -1.092888 1.295080 1.568433 1.075667 0.646070 -1.186181 0.069680 -3.022434 -0.884581 -1.116052 1.754282 0.617057 -2.186296 1.030136 0.497950 1.736160 -0.618049 -0.867856 1.309450 -0.640350 0.369327 -1.869153 1.590699 -0.754697 0.638381 1.290017 -0.797673 1.108651 1.390348 -0.719273 0.585677 0.401245 -0.234302 1.524596 -0.466645 -0.737421 1.162214 0.577803 0.437160 0.089131 0.910331 0.381518 1.326914 1.170723 -0.591866 1.764904 -0.559509 -0.069444 -1.756958 0.563161 -0.787242 1.104945 -1.433604 -1.651107 -1.089623 -0.046252 2.575792 -0.639230 1.094720 0.270545 0.921572 0.374660 1.174187 1.514053 1.022736 0.059080 0.260141 -0.247956 0.874822 -1.195470 -0.579604 -1.433843 -1.213733 -1.245280 -0.059807 1.443068 -0.145112 2.630674 1.446263 0.663602 1.868897 -1.017908 0.210113 0.540565 -0.033722 -0.917420 -0.721482 -0.069605 0.184962 -1.216380 -0.942062 0.027293 0.411101 0.198538 -0.670748 -0.051317 2.046710 0.831689 -2.114471 0.394351 0.639179 -0.975096 2.067956 0.423010 0.336479 -1.318812 -0.434700 -0.630756 1.246878 0.681316 1.420287 -1.073228 -0.620473 0.637768 -0.219179 -1.715706 0.160841 1.174371 -0.285747 -1.159107 2.026579 -0.114939 0.209491 -1.650377 0.136624 0.839174 -1.776631 2.072431 0.537734 -1.516323 0.980104 -1.065727 0.026657 0.351072 1.235819 0.534350 1.188164 -1.084722 0.639362 1.148603 -2.102412 0.870533 -1.344885 0.485616 0.086219 -3.125621 -0.581882 0.341522 1.325363 0.941730 -1.401215 -0.994635 1.312985 -1.111961 1.815443 -3.106181 0.776944 0.981601 0.965019
0.966595 -0.032680 -0.377574 0.762427 0.234149 1.512765 -0.652051 -2.158181 -0.905958 -0.369639 -0.697968 -1.557634 -0.099272 0.298467 1.357820 2.506115 0.731098 -0.880707 0.194562 -0.125198 0.961900 1.293647 -0.419325 -2.671889 0.134438 0.305304 -0.094712 -0.227893 1.219305 0.343716 -0.443891 0.295577 -0.718582 0.720370 0.104112 -0.179370 -0.321001 -0.910571 -2.248186 -0.219411 -0.174162 -0.897896 -1.333673 -0.043311 -0.260032 0.241365 1.676311 0.036315 1.760801 -0.664225 -0.269753 1.010886 0.493592 -0.537370 0.612066 -0.053708 -0.086011 -0.915827 1.033354 1.054423 -0.530270 -1.237582 0.119880 -0.856602 -0.371700 0.269494 -0.904416 0.258716 0.672832 2.241920 -1.049977 0.131414 -0.940204 -2.271893 1.035215 -1.261888 -0.042936 -1.386528 1.046182 0.400796 1.119061 -0.969407 1.822466 0.796439 -0.395405 1.916206 1.260472 0.469089 -0.122793 0.632113 0.202277 0.857808 1.107598 -0.342037 1.230133 -0.097853 -0.440041 2.215290 -0.509543 0.428906 1.027480 0.164814 -1.375744 -0.864436 -0.205274 1.245700 0.314676 0.439238 0.155707 -1.025916 -1.465052 -0.658841 1.366871 0.344333 -1.418217 1.081182 -0.105406 -0.050675 0.002749 -0.005338 -1.012629 0.710620 -0.361557 -0.636980 -0.590402 -0.987531 -0.198636 -1.783604 -0.136682 0.708599 0.121702 -0.203121 0.171494 -1.047239 -0.414510 -1.718465 0.858462 0.052026 0.125050 -0.308810 0.033342 -0.452174 -1.961571 1.914300 1.171401 -0.285226 -0.231850 0.417287 0.220478 0.233554 0.268076 -0.533375 0.075371 -0.014600 -0.291166 0.149564 -0.883283 -0.622367 -0.602462 1.078309 0.616411 1.873865 0.476068 1.260204 0.742313 0.945152 -1.381806 0.812436 -1.076606 -0.608290 -1.710899 0.735058 -1.878069 -0.469267 -0.193899 -0.211142 -1.280844 -2.663737 -0.939900 0.383136 -1.869656 -0.490435 -1.843105 -0.895107 -2.019027 -0.509152 -3.458939 -0.848082 0.497921 1.131830 0.529460 0.983485 0.697743 1.430927 -0.663187 -0.249528 -1.194950 1.448862 -0.284005 0.625080 1.023433 1.993016 -1.348333 -0.891067 0.602325 1.155464 0.272257 -0.307325 1.568112 -0.310585 -1.383608 0.190467 -0.647871 0.216668 -0.151616 -1.316226 -0.333089 -0.650417 0.716889 -0.810336 1.630947 -0.956702 -0.195539 0.361663 -0.154244 -1.547419 0.993954 -0.853150 -0.674883 0.155404 0.998136 0.308733 0.724226 -0.231270 -0.104882 -0.575092 1.572090 0.956132 0.401823 0.806702 -0.036080 -0.182856 0.097689 -0.864765
3.547386 -0.346181 0.246010 -0.631948 -0.155432 1.909685 1.159901 0.434239 -0.345633 -1.319081 0.097053 -0.715060 -0.480173 0.788172 0.101557 1.816213 -0.932620 -0.724259 0.135912 1.533827 0.776130 0.095900 -1.233169 -0.102050 1.034150 -0.011809 -0.922434 0.544455 -0.006793 -0.577001 1.137313 0.231090 -1.760394 -0.968081 0.063003 0.914409 -0.744053 1.567163 0.790769 -0.383371 1.466640 0.079955 0.428682 0.159646 0.199828 -0.084277 0.966346 1.013612 2.090947 -1.075898 0.060644 -0.473690 -0.125222 1.202157 -1.079081 -1.233679 -0.508907 -0.380794 -0.132550 -2.034989 0.630430 -0.749339 -0.487066 -0.637971 0.508253 0.526140 0.188652 -0.567929 0.273597 1.302864 -0.603579 1.132449 0.996620 0.411822 -1.180822 0.926880 2.153982 -0.237980 1.649159 1.684708 0.114239 -1.364530 -0.518402 -0.245449 0.210572 0.040091 -0.493513 1.501613 0.246867 -0.627462 1.541901 0.419188 0.259462 -0.807727 0.767683 0.467157 -1.266026 1.243743 -0.300990 -0.199116 0.449990 0.729738 0.419580 2.058965 0.917717 0.575278 0.384276 -1.193930 0.386370 0.247688 -0.721952 -0.555606 0.614513 -0.851726 0.333685 1.281642 1.047183 0.260522 -0.511057 -0.929790 -0.029820 -0.294644 -0.698724 -0.634137 0.287284 -0.512281 -0.295741 0.426882 -0.210208 0.182065 0.830565 -2.416628 -1.300646 1.014839 -0.514551 -0.237290 -1.282674 0.934965 0.096459 0.179002 2.973349 0.417368 -1.106660 -0.556195 0.837985 -1.352609 0.640243 -2.129534 -0.034244 0.121083 -1.102167 -0.971081 -1.055521 -0.165613 0.342387 1.955135 -0.693932 1.236328 -0.338097 0.247934 -0.022089 -1.263373 1.012939 1.749800 -0.688489 0.017363 0.644835 0.190681 -2.361187 -1.531638 -0.432907 -0.124955 0.933076 0.643111 0.931613 1.440263 0.650043 0.011391 -0.872530 -0.873769 -0.374842 -0.104474 -0.127711 -1.311707 0.873455 1.299916 -0.342624 -2.087044 0.483039 1.299196 -0.697921 0.508009 2.183826 -0.057956 2.210592 -0.388395 -0.074198 -0.328201 0.013136 1.150875 1.786568 -0.732758 1.763065 0.365723 1.800542 -1.591037 2.374026 1.199862 -0.306108 0.606709 -1.191650 -0.423422 -0.671232 -1.089543 0.073137 -0.256222 -0.401403 0.670413 -1.745980 -0.496970 1.285788 -1.165430 -0.871178 0.106331 -1.490404 0.377765 -0.714098 0.163528 -0.003433 0.519447 -1.047338 -0.286744 0.417643 -0.956697 1.063287 0.768319 -1.371404 0.060729 -1.503185 -0.431216 -1.475047 -0.580397 0.613092 1.409213
1.475900 -0.056392 -0.257397 0.042931 -0.912747 -1.092315 0.439240 0.933579 -1.334549 -0.964885 0.733955 -0.238559 -1.323583 -0.521056 1.200709 -1.457671 -0.347624 -0.746716 0.539713 0.071847 1.553979 -0.015900 0.458656 -1.187530 0.678908 1.323411 -0.729255 -0.816553 0.200698 -1.127456 -1.214818 2.062057 0.880091 -0.665836 -0.962445 0.437744 -0.752173 0.556636 -1.222454 -0.313788 0.757976 0.236758 1.674398 1.699612 -0.080047 0.446684 2.677098 -0.593697 -0.563623 1.084768 -0.828026 -0.588313 -1.497951 -0.454609 0.916168 -2.099033 1.411253 0.257027 0.249414 0.412478 1.276066 0.416979 0.262351 -0.341362 1.694187 0.740958 -0.608547 1.623559 1.217358 -1.466118 1.408134 1.531680 -0.528116 0.336442 -1.650682 0.963372 0.850482 0.623276 -1.043696 -1.947998 1.760263 -0.875604 0.535454 -1.664840 -0.630890 1.385512 -1.535491 0.628614 0.590764 0.256048 1.083248 -1.755189 0.846944 0.940989 -0.145833 2.355866 -0.440675 1.836832 0.550898 0.123207 -0.542737 0.772996 -0.445996 0.820274 0.995375 -2.186013 0.051756 -0.971864 1.420978 -1.524254 0.903576 -1.160320 -1.349124 0.722116 0.003719 -1.151469 0.258257 0.004567 -1.895566 -0.123383 -0.924857 -0.619409 -0.898445 -0.066929 -0.408172 -0.718117 -0.404463 0.770631 -0.967015 -1.484597 0.621859 -0.729216 -0.006598 -0.265428 -0.968411 1.121944 0.817051 0.515039 -0.949891 2.232101 0.010322 0.752709 -0.617591 -0.678591 -0.504992 0.254305 0.492224 -0.197831 -0.481753 -0.976109 -1.049351 -0.377962 -0.419675 0.428462 0.930807 -0.413403 0.541642 -1.301634 0.144523 -0.550844 -0.704076 1.299348 1.451132 -1.950545 -0.813474 -1.695309 0.495406 -0.670488 -0.415019 0.762494 1.250789 0.389648 0.862349 0.948853 0.734458 -1.175994 0.787580 0.836330 0.342752 0.728888 -0.402769 -1.554419 1.342480 0.508128 0.181744 1.097044 0.289363 0.251758 0.164926 -0.012503 0.171691 -0.923594 -0.416265 -0.142877 -0.127626 0.005520 -0.471231 -0.014456 -2.178045 -0.535238 0.879125 0.959238 -0.087921 0.132975 0.253097 -3.051940 -1.459841 -0.430927 1.179968 -0.876628 1.071545 0.352286 -0.091729 -0.928887 -0.337306 -0.114474 0.190812 1.519299 -1.156017 1.471697 -1.465997 0.048618 0.762473 0.370556 0.056726 -1.203326 -0.419590 1.342645 1.102610 0.184357 -0.857380 -0.053029 -0.119215 -1.174665 0.259251 -2.970612 -0.838269 -1.094916 0.236500 0.980623 -0.517110 0.538988 -0.203776 0.206927
0.196946 -0.918665 0.844898 0.041138 1.383693 0.916326 -0.548048 -0.264496 1.084376 -0.242351 0.655440 -0.956267 1.714201 -1.418445 -0.302275 -1.831601 0.177655 -1.603739 -0.029608 -2.518437 1.609991 0.391709 -0.406383 0.311058 -0.452397 1.533943 -0.132889 0.170422 2.697485 0.554949 -0.473229 -0.941956 0.076121 0.352323 -1.284900 -0.765484 -0.915402 0.445919 -0.360944 -1.110511 0.725526 1.025047 -0.528770 -0.376767 0.991335 0.445143 -0.400967 0.801659 -0.717761 0.713304 0.094396 -1.533849 -0.869098 -0.146522 -0.620432 -0.826206 -1.451599 0.661462 0.058432 -0.361299 -0.174008 -1.728899 -0.865204 -0.550592 -1.990497 -1.038796 -0.870570 1.083256 1.575656 0.478598 -0.195204 -0.155840 -0.520056 0.515110 0.876973 1.294151 1.727598 -1.057382 1.991407 1.345318 1.696686 -2.306992 0.058469 0.302556 -0.615438 -0.598086 -0.662262 -0.225495 -1.616782 2.042085 1.231306 -0.270200 0.601653 -0.248820 -0.706165 -0.938432 0.401156 0.826161 -1.721854 -1.002905 -0.243364 -0.294454 1.381186 0.260620 0.546081 0.152084 1.635632 -0.188237 0.284130 -1.523436 0.730107 -0.400955 -0.389533 2.227931 -1.385408 -1.195629 -0.967473 -1.080919 -0.867424 0.543697 -0.128315 0.306055 0.042031 1.147341 0.038411 -0.528283 -0.988147 -0.914730 -0.064318 0.114026 -0.651081 0.573525 -0.173667 -2.009935 0.517555 1.192689 1.567434 1.294857 0.191917 -0.041860 1.020613 -0.421358 -0.019792 -0.027690 0.505683 -0.462251 0.417869 2.711781 0.741628 -1.560072 -1.156985 0.435030 3.077031 -0.180094 -0.191874 -2.212783 1.279981 0.516923 0.399412 -0.378178 1.480184 -0.669853 0.388894 -1.324479 -0.468547 -0.966256 -0.488152 1.036582 0.089169 0.794292 0.216325 -0.088461 1.271095 -0.002718 1.188700 -0.193236 1.099063 0.024378 1.369002 -0.259503 0.154047 0.693184 0.834477 0.632642 -0.734720 -1.924676 0.761468 0.537760 -0.401508 1.074545 -0.515600 0.897365 -1.031632 0.155005 -0.839848 0.260495 -1.274124 -0.120646 1.020680 -0.116566 -0.516764 0.649293 -0.458642 -0.229015 -0.426825 -0.779356 1.209718 -0.249375 1.240326 1.020351 0.178573 -0.485108 0.876527 1.095585 -0.550519 0.852905 -2.033542 -1.539355 0.766436 0.406232 1.159492 2.274322 0.290740 -1.154642 -0.975908 0.260753 2.578097 0.939830 0.973039 -1.123822 -0.979015 -0.963930 1.118918 -0.805751 0.642280 -0.992618 -1.060504 -0.440508 -0.470326 -0.378923 0.343805 1.383955 0.072738 -1.032419
3.186976 1.235724 0.047118 0.954023 0.105837 -1.415628 -0.294934 -1.767412 -1.299242 -0.689155 -0.105605 1.125993 0.708229 0.008185 0.440338 0.545396 0.605265 1.857729 -0.053012 0.192224 -2.037663 -0.620928 0.921002 -0.712283 0.437383 1.156995 -0.638131 -0.212285 -1.166659 -0.844044 0.728562 -0.963659 -0.606178 0.637771 -0.028879 1.049283 -0.576728 -0.282231 -1.068688 0.880029 1.494232 -0.201894 -1.004446 1.645267 0.310448 1.269435 1.453673 -0.909880 -0.520435 -0.282076 0.983231 1.636915 0.276725 -0.117769 -1.497919 0.374112 0.168668 1.234941 -0.759544 -0.774644 0.193918 0.556548 0.923340 1.907953 0.721862 0.485559 0.694506 -0.174770 -0.037358 -0.906600 0.056635 0.831186 1.523199 0.058032 0.612165 -1.038684 -0.869977 1.766534 0.636606 -1.733337 -0.566048 0.592266 0.876911 0.094950 0.165703 -0.256002 0.930691 0.360789 -0.172220 -0.031872 0.797149 -0.674458 0.196325 -0.248512 0.200758 -0.683126 0.438227 0.119504 0.177658 -1.448418 -1.290413 1.130724 -0.470832 -3.181736 -0.898519 -1.057171 0.528763 -0.756175 0.964332 -1.894554 1.679356 1.924169 -0.192427 -0.184753 -0.167296 0.596195 -1.060107 -0.533539 0.700318 -1.058447 0.707134 0.655694 1.660594 0.761089 2.023611 0.847958 -1.128822 -0.831575 -0.682252 0.272602 -2.229883 -1.887693 -0.174930 0.465243 0.147563 0.240378 0.279221 -0.430102 1.371851 0.230411 -0.672279 1.109731 -0.818211 0.314493 0.938823 0.596023 -0.344355 -0.407637 1.406450 -2.055559 -0.629888 1.218496 -0.460473 1.025032 1.619588 0.095565 1.846421 -1.439689 0.147305 -0.568927 0.481935 1.340623 -0.281921 -0.430127 0.648159 -0.662029 0.236040 0.139257 -0.201226 -0.046798 -0.516420 -1.089083 0.491189 -1.617614 1.097761 -0.225205 -0.897575 0.226895 0.698871 1.013488 -1.884805 0.921204 0.898800 1.130871 0.031731 -0.197292 1.024551 1.233814 0.292516 0.583078 0.428092 -1.155006 0.311172 -0.135617 0.166328 1.620284 0.831906 1.831324 -0.584009 0.094789 -0.726189 0.421917 -0.433393 1.308805 -2.098183 0.359264 0.954671 -0.268586 -1.847160 2.337458 -0.079918 0.054153 1.153176 -0.963934 -1.062504 -1.080671 -0.106268 -0.786981 -0.161408 -0.073447 -0.360376 -1.022819 0.824820 1.141246 0.021813 -0.536066 1.142879 1.238669 -0.709248 -0.588721 0.010646 -1.391061 -0.109308 0.157332 1.252478 1.104976 -0.310409 0.044522 -0.118362 0.042271 0.274767 -0.137023 -0.168303 0.139070
1.135373 0.545000 1.238512 -1.551456 -1.187064 -1.376981 1.193522 -0.409853 -1.188477 -1.515562 0.471983 1.520463 -0.380888 0.127263 -0.600582 1.344036 -1.490154 0.629182 -1.521332 0.454519 -0.453115 0.593481 1.065113 -2.647591 -1.550407 -0.443737 1.500595 0.434894 -0.830439 -2.525035 0.762981 -0.726915 -0.150332 -0.661566 -0.036499 -0.243745 0.101866 -0.676831 -2.227088 0.011927 -0.738789 1.223684 -0.460338 1.413380 -0.573244 0.164809 -1.769981 0.947455 0.982314 0.464222 1.211166 -0.014659 -0.641717 -0.306049 -0.307089 0.899503 0.594525 1.592316 -0.426922 -0.869218 0.142257 -1.699909 -0.476383 1.926342 -1.122822 0.271184 -0.070855 0.182686 0.030616 0.811514 -1.380181 -2.363537 -0.491330 -0.046341 -0.475739 1.077557 1.246625 0.540317 1.296818 2.140035 1.648278 2.195640 0.916340 0.135776 0.737161 0.843946 0.400434 -0.067838 -1.397683 0.439444 0.067437 -0.714602 0.693804 -0.723945 0.409932 0.967413 0.284291 0.316146 -1.341734 -3.148242 1.371605 0.506647 -0.846557 1.824500 0.995249 -1.266891 0.501435 -0.160736 0.477137 -0.958095 -0.790740 -0.511989 -0.028196 0.206721 -0.115515 -1.678005 1.492653 0.846258 0.544766 0.897220 -0.699194 1.248947 1.090281 -1.258576 1.964509 0.625862 -0.936300 -0.254089 -0.464424 0.292273 0.057604 0.946157 -0.193193 0.855740 -0.174560 -0.462497 -1.293781 1.268491 -0.140295 -0.080317 0.759148 -0.138421 1.065156 -2.144718 1.639368 -0.063926 -0.588615 -0.533945 -0.779236 0.822361 -0.150562 1.279815 0.394320 -1.511118 -1.614643 0.594085 0.616176 0.058651 -0.910489 -0.035069 -0.964065 -0.329115 0.842069 0.172534 -0.482173 -1.464367 -0.736589 1.152340 -0.274642 -0.408923 1.267014 0.488322 0.962356 -0.698584 -0.634497 2.019515 1.557995 -0.414298 0.708478 0.183773 0.496257 -0.796737 0.568294 -0.557276 -0.689900 2.692666 -1.749613 1.440119 0.035556 0.673847 -1.301108 -0.269174 -1.465486 -0.960216 0.083581 -0.056295 -0.484423 -0.127396 0.504126 -0.706995 -0.336567 1.560951 -0.788807 0.934767 0.791098 -0.192644 -0.797317 -0.905358 0.696562 -0.158534 -1.281144 0.735656 -0.944425 -0.214885 2.168851 0.808797 -1.496050 -0.009966 -2.075480 0.853434 1.016841 -2.678280 0.969172 1.017145 -0.969738 -2.424703 -1.487324 1.558938 -0.320066 -0.197661 -0.352959 0.495421 -1.475826 -1.279538 -0.690234 0.771227 -0.687077 -1.431070 0.136942 -0.092523 0.830673 -0.950055 -0.507707 0.439119
-0.479427 -0.665720 0.244721 1.750246 0.003513 1.071236 0.193943 -2.285356 0.366215 0.587533 1.184110 -2.638680 -1.184431 -0.389633 0.077375 -0.282879 0.005946 -0.665405 -0.238939 -0.500867 0.011367 0.150468 1.853056 0.451582 -1.318355 0.006866 -1.073079 0.053776 0.926677 -0.298141 1.847332 -0.166539 1.623913 2.157834 -1.284561 0.026535 -1.368167 -1.745426 -0.640915 0.555020 0.452317 0.368211 0.197547 -0.340027 2.437886 1.538285 -0.283406 1.418056 2.520810 -0.910470 0.668213 0.180502 -1.988955 -0.244925 -0.432726 -0.770960 -0.040437 1.755302 -1.944851 0.222694 1.559265 -0.584992 0.296247 1.843801 -0.273115 -0.151176 -1.502285 1.969344 -1.265339 -1.283475 -0.748284 -0.964334 -1.215203 0.697102 1.539094 1.154254 -1.314601 0.420659 -1.028251 0.683239 -0.857431 0.383166 -1.523500 -0.170654 0.319310 -0.342043 -0.533153 -0.580830 0.875453 -0.450071 -0.700349 1.219247 0.844431 -0.388081 -0.408028 -0.400724 0.482108 0.273323 0.478049 0.534852 -0.393743 -1.994983 0.717431 0.984527 0.571940 -0.640138 0.748718 1.319737 0.057949 1.222143 -0.783491 0.580541 0.022019 0.353336 -1.084681 0.487289 0.167932 1.082912 -1.668895 -1.094049 0.617734 1.114460 -1.467301 1.213820 0.297956 -0.083500 -0.780847 0.566005 -0.880947 0.704664 -2.265316 -0.195212 0.403450 0.521819 1.040222 -0.896155 0.354262 -0.341243 -0.299722 0.957837 0.125066 0.838457 2.063488 1.902604 1.014461 -1.167057 0.232297 0.218699 -0.222617 -0.074095 -0.818867 1.441755 0.936667 -0.525480 -0.242856 0.738632 1.172421 -1.471250 0.407882 -0.678762 -0.530242 -0.835395 -0.173763 0.017191 0.781668 0.618935 1.912306 -1.411857 -1.114884 -0.442478 3.970536 1.160542 -1.378216 -0.710579 -1.388564 0.373171 0.563789 0.838165 0.301709 -0.052873 0.472963 -0.580669 -1.988234 -0.279744 -0.003609 -1.045198 0.635534 -0.538643 0.941311 -0.993240 2.260925 -0.322098 0.576313 1.623544 1.265501 0.554826 -0.016395 -0.118293 0.341367 -0.042740 -0.333353 -0.214206 0.341874 1.388006 -0.327124 -2.230167 -0.172125 1.250185 1.165119 -2.035242 0.135947 1.621306 0.948055 -0.143013 0.089914 0.435974 1.205203 0.535847 2.393432 0.334702 0.512109 1.940273 -0.338857 -0.602959 1.187235 0.563707 0.311023 -1.411468 -2.113773 0.473354 -0.824316 0.157565 0.930430 -0.483180 -0.053532 -0.039473 2.080511 -0.449672 -0.163283 -1.567645 1.083414 1.355889 -0.544717 0.467546
-0.132809 -1.886969 -1.505695 -0.765722 0.177106 1.457848 1.439735 0.383636 -0.059602 -0.483326 0.195605 1.818132 0.531693 -0.528604 -0.766108 1.121509 -0.157594 -1.123286 -1.286594 -0.168122 -0.124761 0.799643 -0.150441 0.421119 2.621644 0.160867 0.221388 -2.258416 0.703878 0.425830 1.230730 1.205057 0.914423 -0.767810 -0.200001 1.467626 -0.143705 -1.584298 2.194315 -0.513370 -0.655513 -0.413043 -1.282063 0.454333 -0.414372 -0.612067 -0.096810 0.301807 1.062980 -0.069998 -1.858727 -0.676529 0.519178 -1.379235 -2.024703 0.369029 -0.651593 0.481976 -1.085436 0.057704 0.017838 0.620816 -0.279736 1.875983 -1.513145 1.706144 -0.395690 0.705161 -1.068278 -0.799108 0.201103 1.009226 0.249238 -0.967090 0.276877 -0.105249 -0.198759 -0.635691 0.232890 0.361022 -1.349275 -0.706954 -0.000128 -2.160562 -0.077711 -2.147315 -0.751450 -0.372290 0.911438 -1.739078 0.594442 -1.185411 -0.042927 0.795406 0.936918 0.416412 0.679135 0.657048 -1.381084 1.108435 -2.872092 -1.522246 1.185935 -0.015555 -1.072177 -0.362644 -0.110870 1.674131 -0.604329 -0.920255 0.560104 -0.191067 -0.046385 -0.755496 0.058802 1.458871 0.832405 0.839850 -0.734879 1.012731 -0.215983 0.240232 0.253516 -1.089552 -0.936044 -0.786891 -1.343810 -0.854014 -0.021775 1.648875 -1.498474 -0.242931 1.114737 0.311377 -0.097511 1.159123 -0.814524 0.034859 0.514937 0.094150 0.590781 0.039557 -0.211321 0.439358 -0.544954 -0.755563 -0.415455 0.827162 0.356770 0.099653 -0.060792 -0.206145 -1.141119 -0.893075 -1.142347 0.000415 0.235431 -0.002634 0.389234 0.661223 -1.300400 0.295293 -0.123834 0.171286 -0.027749 1.894863 0.183911 0.561865 0.959767 -0.900052 0.434125 0.755504 0.484485 0.452999 -0.992102 -0.137626 -1.800028 -2.118056 -2.408008 0.207123 -1.297895 1.158242 1.020244 -0.244221 -1.948688 1.062300 -0.220218 0.783445 -0.398352 0.217269 -1.369071 -1.943478 -1.812181 -1.465190 1.120680 -1.300130 0.396601 -0.913747 -2.731646 -1.990467 1.105003 -0.081209 0.207540 -2.635909 -0.530787 -0.198200 -0.192847 -1.072846 1.402911 1.025707 -0.289246 0.441052 1.046165 -0.810601 -2.677289 0.203952 1.588870 -0.811877 -0.642734 -0.171917 -0.463482 0.292656 -1.914134 -0.427525 -0.677616 -0.027039 -0.889893 0.016245 0.496831 1.061210 1.904578 0.280464 0.674220 0.683191 -0.294058 -1.760627 -0.207463 0.256883 -1.509276 -0.828618 0.126314 -0.927758 -0.283932 -0.974950
-0.428430 1.642501 0.377604 0.303463 1.286530 0.544193 -0.626468 -1.719585 0.715576 2.004776 0.991705 0.546490 -0.493080 0.157083 0.224920 0.596251 -0.838429 -0.889775 1.788042 -0.680264 0.547023 1.373277 0.596096 0.950365 -0.446765 -0.456695 0.497954 -0.893945 -0.248451 -0.360602 1.296663 0.354348 -0.370144 0.437109 -1.493993 -1.924208 1.137007 -1.490504 0.446760 2.128592 -1.228438 1.287599 0.705101 -0.940217 1.241159 -0.152669 -0.575714 0.253583 -0.785838 -1.197715 -1.078067 -1.146615 -0.193039 0.491936 -1.146789 0.904757 1.763955 -0.057222 0.024605 -0.703662 0.730866 -0.965283 0.936552 -0.071271 1.344652 -0.535736 0.031970 -1.093143 -0.174653 -1.065190 -0.275835 -0.566270 0.499397 -2.550635 0.048734 -0.909208 -0.191282 2.319913 -0.096124 -0.399677 -1.621688 -0.821315 -1.187419 0.587821 -0.029092 0.760294 0.966202 1.224229 -0.919588 0.636140 -0.613137 0.280657 -1.471037 1.754906 -0.115962 -0.925865 -1.061742 1.038276 -0.541960 -1.443879 1.339941 -0.232812 -0.992643 -0.919305 -0.991601 0.116823 -0.197723 0.605736 0.079928 -0.871247 1.438703 0.004771 1.070950 1.443037 -0.675989 -0.220874 1.635697 -0.471887 0.012066 1.194759 0.278892 1.137933 1.763736 1.798910 0.113788 0.452947 -0.660786 -0.248221 1.062831 0.429793 -0.589862 -1.348132 -0.860874 0.962039 -0.138372 1.655270 0.618512 -1.161646 1.472029 -1.060235 0.610056 -0.028352 -0.200998 -0.051934 -0.204989 -1.421162 -0.725568 -1.137344 -0.254114 1.159062 -2.161959 -1.455044 -1.102587 0.134422 -0.278017 -0.463507 0.160375 -0.727814 -0.971726 -1.656564 0.875562 1.186181 1.296171 -0.307732 2.460750 -1.014284 -0.623953 0.230261 0.340771 0.367835 0.530172 -0.151498 0.015577 -0.368092 -0.402960 0.446798 -1.700721 -0.244951 0.002833 0.359779 -0.001845 2.095200 -0.812526 1.046576 -0.262568 0.013874 -1.869912 0.375038 0.251422 -0.033946 0.288223 -1.360040 -0.599535 -0.024103 0.028857 -0.977212 -0.400156 -0.729174 -3.190333 -0.270133 0.633216 1.432515 0.111115 -1.501777 -1.668231 0.176431 0.167651 -0.697065 0.890933 0.540194 1.956755 0.545254 0.877992 0.186279 -0.641797 -2.081763 1.867250 0.406586 -0.225041 2.615063 -0.049295 2.735760 0.609657 0.114412 0.227001 0.568372 1.356452 0.132943 -0.972005 1.901925 -0.453859 2.777265 0.327143 -0.535570 0.114791 2.260849 -0.000845 0.920926 3.477081 1.374780 -0.049644 0.445842 -1.749113 0.164257
-0.362009 0.143417 -0.532482 1.335118 0.928195 0.829587 -0.491862 -0.124552 -1.071808 2.276949 3.141631 -1.652678 0.008767 1.147983 -0.445017 0.255358 1.242025 -0.505266 -1.425638 -1.136412 0.825275 -0.813597 -1.230304 -1.451937 0.361617 -2.131066 0.065718 0.348130 -1.297556 -0.404765 0.628418 0.820527 -2.110205 0.332171 1.059964 0.663387 -0.858143 1.481635 -1.229366 -0.745489 0.627580 0.150891 -0.143131 0.183191 1.730203 2.435373 1.161948 2.649310 -0.195914 -0.726648 -0.831679 -1.762073 -0.544208 -0.486294 -0.733281 0.740050 1.998523 0.722695 1.383374 3.006101 0.322491 1.682837 0.714572 0.832207 -0.978888 -1.212451 0.141367 1.198073 0.584842 -0.948984 -1.746371 0.533482 -1.408988 -1.419217 0.330947 1.947609 0.670983 -0.121676 -0.132365 0.343993 0.553580 0.323001 -0.490369 0.607908 -0.434004 0.808093 1.050942 0.276877 -1.225462 0.826989 -1.188685 -0.550217 1.057331 -0.021321 -1.555294 1.250272 -3.156095 -0.877975 -0.951032 -1.207187 -0.324990 -0.476469 -0.813131 -0.517273 0.301739 0.267821 -1.218320 1.679512 -0.092659 -0.574752 0.476997 0.192551 0.018303 1.102085 -0.772997 -0.367832 0.196914 0.148501 0.170446 0.391902 1.138169 0.312040 -0.152992 -0.075329 -1.108910 0.788827 0.780482 -0.458795 -0.075293 -1.068358 1.354414 0.957484 1.438645 -0.164951 -0.790315 0.411754 -0.575547 0.310419 0.221315 -1.485984 0.743182 -0.378751 -0.338775 1.588543 -0.207244 1.666888 -1.424089 0.899611 -0.018321 -0.337937 0.648050 0.780743 0.720035 -0.264229 0.518665 -0.142227 0.150488 -1.383281 -0.319676 -0.005980 -0.720844 -0.764575 1.429889 0.143385 -1.075360 -1.357257 -0.358766 -0.281325 0.065502 -0.448078 0.852781 -0.625012 -2.615904 0.570317 1.523006 0.438332 -1.813980 2.695956 -0.984385 -0.596129 0.953984 0.061863 -0.807809 1.326519 -0.108295 -0.731063 1.809598 0.256349 0.912392 -1.034687 -0.102045 0.151506 0.988253 -1.251727 0.560160 -0.580003 0.433162 1.941661 -0.151978 -2.204160 -1.840525 0.822045 0.688022 0.918227 0.472500 0.447950 -1.224269 -0.749761 -0.059495 -0.759198 -0.766929 -1.492331 -0.123235 0.956864 -2.904950 -0.166155 -0.573523 -0.082795 -0.384527 0.175124 0.152606 -1.232624 -0.672822 0.127522 -0.431390 0.015631 0.672172 0.344727 0.638926 -1.330034 -1.691343 -1.036020 0.404696 0.668845 -0.957461 -0.054734 -0.509827 -0.059921 0.512471 0.524449 -0.220631 0.540484 0.052844 0.040624
-1.672937 0.673539 -1.954356 0.343648 -0.873483 -1.344502 0.594154 -1.444992 -0.515037 1.409157 1.235517 0.709138 1.600674 1.669142 0.309065 -0.711338 -1.183819 0.630732 -0.913335 -1.821957 -0.886093 0.620429 -0.515762 -1.264144 -1.419929 0.842979 1.283758 1.623532 0.570255 0.711869 0.240293 0.232624 -0.100086 -0.867593 0.038240 0.320079 0.783316 0.344455 -0.699191 0.044406 -0.022517 0.320998 -0.791527 1.188639 0.565021 -0.807805 -0.869786 1.430669 -1.422057 0.148093 -0.164211 -0.785304 1.797671 0.014217 0.560436 0.239753 1.165882 -1.123982 0.430311 0.251620 2.266172 0.340979 0.357484 0.157476 -0.825173 1.795035 -0.488298 -0.098691 -1.295619 -0.220674 0.360057 0.144089 -0.489259 -0.549417 1.911561 -0.239258 -1.033392 -0.170471 0.457885 -0.262776 -1.809902 -0.426011 -0.001432 -0.228109 2.180629 -0.145759 0.523871 0.634405 1.318416 -1.642835 0.347537 -2.107751 0.557457 0.123975 0.192608 0.669014 -0.516580 -0.487522 0.945532 0.404670 -0.179882 0.231091 -1.137338 -0.013865 1.231890 0.239628 0.771328 1.056179 0.237076 -0.912206 0.766705 -0.749813 -0.137217 0.502831 0.055198 0.279151 -2.016732 0.048472 1.052142 0.330834 3.677647 0.596201 -0.683211 0.028558 -0.285664 1.592794 0.827527 0.871216 -0.090334 1.164749 -0.695619 -0.677008 0.096805 -0.548177 -0.833210 -0.950264 0.205988 -0.474938 0.674712 -2.179846 0.876752 -0.249790 0.706031 -0.023744 -1.224975 0.257001 1.509871 -0.117886 1.379952 -1.006573 0.302444 -0.208791 -1.645408 -0.893377 -1.698422 0.843561 -0.106720 0.155836 3.185060 -0.194638 -0.206094 -0.685861 -0.055023 0.095123 -0.051942 0.183672 0.544989 -0.112909 -0.966108 1.438792 0.054934 -0.401653 -0.619287 -0.640772 0.569088 -0.524719 -0.156885 1.863314 -1.438608 -0.922163 0.967068 -1.235856 1.916580 -0.464836 0.250388 1.077886 -0.019981 0.358683 -0.645292 -0.254428 -0.525190 -0.365995 1.305433 1.585589 -0.210670 0.625546 -1.443998 -1.374949 0.037321 1.077347 -1.084247 1.343405 -1.146493 0.008417 1.546501 1.354752 -0.269573 -3.381600 0.386334 0.820017 -0.940612 1.825435 -0.031325 3.014892 0.164544 0.198653 -1.437493 -0.494923 -0.092433 1.496510 1.465661 -0.569908 1.227013 -1.720391 0.980821 2.715705 -0.843825 1.686882 -1.230438 -0.389438 2.192827 1.146592 0.407286 -1.983508 -1.115156 0.566778 0.102627 -1.533460 -1.015710 -0.910100 0.638298 0.175212 0.165366 2.338868
0.161194 -0.095862 -0.460592 1.110368 0.312242 0.941528 -0.090739 0.325833 -0.240289 -0.799899 -0.957600 0.496030 -0.491022 -0.214224 0.392345 0.180739 -0.876952 0.308741 -0.875891 0.518217 0.222451 0.277595 0.583066 2.270206 -0.430091 -0.197030 -0.167887 -1.228751 1.528952 1.680938 -0.503837 -0.645422 0.777597 -1.153051 1.045531 0.018113 -1.252084 -0.592240 0.093019 -0.441281 -0.245629 -1.298835 -0.157292 0.477606 0.454238 -1.682284 0.185351 0.024553 0.833251 -0.176766 0.096352 -0.499687 -0.328726 0.798510 1.252841 2.099307 0.065150 -0.151552 -1.308630 -1.203692 -0.299739 1.028204 0.444764 -0.886668 -1.534134 0.856755 -0.083743 -1.484853 0.693846 1.098481 -0.900439 0.772675 -0.488118 -0.535678 0.724470 -1.863665 1.652727 -0.194364 1.820550 -0.256900 0.582345 -0.876704 0.241003 -0.538748 -2.342863 1.013743 -0.163670 0.235806 -0.803961 0.175490 -1.355619 0.580157 -0.789575 -1.049362 -0.880750 -1.755622 -0.577710 -1.896690 0.972475 1.132964 -1.357473 0.644427 0.776820 0.313168 -1.668434 0.832662 -0.961847 -0.145130 -0.985743 -0.381006 -0.781933 1.158577 -1.874559 -1.155371 1.067266 0.028951 -1.732727 -1.923060 -0.839103 0.523832 -0.382845 -2.074632 0.952019 -1.485313 -0.230274 -0.528610 -0.082015 0.512933 0.072488 -0.138511 -1.732530 0.403513 0.015358 -0.581505 -0.682702 -0.769158 -0.585083 -0.407683 1.014751 0.277230 -2.074425 -1.733404 -0.249048 0.646568 -0.405465 -1.068996 -0.782933 0.411118 -0.218303 0.601388 -0.389548 -0.251501 0.900195 -1.173449 0.636052 0.140896 -0.723211 -1.337970 -1.611649 -0.453284 0.484555 -1.120383 0.643775 0.422651 0.355012 -1.003950 1.561551 -0.583496 -0.394398 -0.565974 -1.147010 -2.055194 -1.514864 -0.285035 1.377362 -0.996967 -0.932233 -0.968207 0.017682 0.527769 0.263839 0.392027 -0.043494 -0.716717 -0.537401 -0.706721 0.073899 -0.014341 0.718679 1.151949 0.040006 -0.913765 -0.213638 1.054333 0.858889 0.196845 0.215328 0.439511 -0.205789 -0.226977 -1.180890 -0.415511 1.057316 0.372702 0.205541 0.077284 -1.400801 -0.335734 -0.222608 -0.574259 -1.174575 0.387292 -0.382528 0.665002 -1.929728 0.617599 0.602271 0.392410 1.309423 -0.057571 -0.628459 -1.826243 -2.119483 -1.646127 1.037005 -0.212025 -0.889100 0.472801 -1.052442 0.859069 -0.204046 1.725585 0.537139 -0.939367 0.615836 0.065340 -0.599590 1.492985 0.007581 -2.574909 0.258855 -0.268303 0.284323 -1.035977
-0.428851 1.391297 -0.070791 0.043315 -1.264770 -0.589522 -1.006353 -0.903160 -0.498304 -0.164976 0.830691 -0.166231 -0.877482 1.574414 0.776509 -0.580878 1.162687 0.257078 -1.044526 0.848796 -1.017555 0.341266 0.525830 0.836049 1.324593 -0.895494 -0.969263 -0.850773 1.108982 0.649551 -1.017559 0.713562 -0.204489 0.471681 -0.566276 -1.008793 -0.391831 0.776375 -0.503439 -0.060305 1.105138 -1.214732 -0.949368 0.095124 -1.110955 -0.776922 0.318266 0.961411 1.213264 0.142898 1.035386 -1.274217 0.313661 -0.570285 -1.126298 1.538152 -0.437995 -0.937110 -1.237059 -0.235983 0.324756 1.051134 -0.211897 -0.061714 -1.763501 -1.172336 -0.468247 -0.687418 0.330595 -0.183300 0.040219 0.640780 -0.857026 1.344506 -1.045885 -0.788539 0.163639 -1.503503 -0.349796 -0.634793 1.262619 2.819213 2.296203 0.485053 0.940621 1.276847 -1.113488 1.265259 -0.267414 1.655507 0.125594 -0.611865 0.223110 0.192664 -0.871401 -0.250767 -1.288029 -1.072885 -0.472171 -0.319685 0.721561 -2.728580 -1.118903 0.368917 -0.350761 1.881200 0.504070 0.349105 -2.461143 0.543153 0.558131 -0.670781 0.229050 -0.777008 2.292128 1.622669 -0.099958 0.095639 0.579447 0.204958 0.102783 -0.034054 1.185301 -1.909782 -0.047926 -1.604851 -1.371995 0.632273 -0.121250 -0.114215 1.321135 -1.050312 -0.267484 0.768252 0.367565 -0.540078 0.787051 0.698964 0.663164 0.751072 0.597662 0.061649 -0.141171 0.414797 -0.505962 0.551093 0.355218 0.091153 0.945018 0.337873 0.933361 -0.775238 -0.666928 -1.101899 -0.218823 -0.617503 -1.793703 1.187525 1.831731 1.017086 -0.616236 -1.841296 -1.538696 1.914514 -2.833152 -0.044043 0.417400 1.224405 -0.098153 0.388738 0.050588 0.506701 0.998343 -1.562155 0.761114 -0.781784 1.149091 0.678641 0.742901 -0.990026 0.467894 -1.844098 0.722693 -0.305646 1.067933 0.283039 -0.996199 -0.914646 0.376521 0.214377 1.295786 -1.150006 -0.491826 -0.738806 -2.801778 2.084799 -1.229883 -0.274067 -1.587141 -0.205055 -0.824082 2.057851 0.095479 -1.243217 -0.989597 -0.504663 0.723351 -0.861119 0.438322 -0.259682 -0.181974 -1.689841 1.133046 0.368055 -0.808642 -0.559456 -1.500721 0.956535 -0.413444 0.772207 1.095333 -0.230304 0.839648 -2.074247 -0.098151 0.669954 1.683826 -0.564335 0.660770 1.128249 -0.677332 -1.656924 1.372815 -1.049074 -0.383761 0.115522 -1.051250 -0.696029 0.948885 -0.488535 0.272624 -3.094909 -0.617228 0.147387
-1.118675 1.569553 -1.167138 -0.610337 0.428795 0.970377 -0.973951 2.029834 1.615746 -0.586398 -1.918374 -0.804960 -0.013581 1.670019 0.300815 -0.482903 -0.686835 0.926182 0.992346 -0.199408 1.462571 1.628348 1.116313 1.685769 0.679214 -1.452714 0.118849 -0.033868 0.451008 -1.004370 -0.434049 -1.128068 -0.707266 1.181341 0.117418 0.128482 -0.761496 1.005922 0.087154 0.245304 0.340614 1.067996 -0.628026 -0.309329 2.019118 1.458666 0.621542 -0.284559 0.154975 0.146320 0.547741 1.517839 -1.296482 1.842468 -0.254749 -0.072013 0.135424 -0.356661 -0.545171 -0.408438 -1.676130 1.178821 0.860501 -0.376160 1.460167 1.103589 0.278138 1.002769 1.032922 -0.682647 1.822919 2.201101 1.619300 -0.241310 0.744437 0.226250 -0.865023 -1.368663 0.937279 -0.818117 1.488330 -1.870996 -1.607833 -0.800350 0.998750 0.269188 -1.661419 1.243778 -0.570748 1.388247 -0.404440 0.762338 1.976910 0.685211 0.324459 2.314420 0.383387 -0.393413 -3.039141 -0.099033 0.952950 -1.084945 0.418636 -0.526612 -0.199584 -1.073319 1.332724 -3.225849 1.156205 1.049182 -2.052787 0.404728 0.086314 -0.425334 -0.727610 0.227651 1.016160 -0.626088 0.996036 -0.279178 -0.226991 0.097760 -1.402204 -0.941378 -0.169053 -1.251551 -1.036819 -0.648647 -0.956724 1.067080 -0.198554 -1.422676 0.561668 -0.813421 -0.124392 0.593844 -0.482935 1.119797 0.315238 1.408765 0.379203 0.487035 0.386433 0.230326 -0.054865 0.740044 -0.328684 0.906703 0.302563 -1.941485 -0.924049 0.173043 -0.320584 0.043977 0.582568 0.257313 -0.437705 -1.414754 1.483595 1.183720 -0.150716 -0.287614 -0.306230 0.628825 -0.657998 -1.513064 -0.070034 -0.482716 -0.881822 0.000688 2.345759 -0.552102 -0.077067 -0.315242 -0.511216 -0.666733 0.303698 -0.468678 0.643065 -0.308781 -0.884402 1.086358 0.800758 -0.908091 1.990548 -0.038703 1.070015 1.058716 -0.332110 0.039083 -1.417541 0.779074 1.012448 0.760488 0.213939 -0.853200 0.685294 1.023895 -0.382216 -1.185350 0.061712 -1.063704 -0.600158 -1.237221 -0.474210 1.603258 -0.950627 0.064468 0.421474 1.195058 -1.372058 2.712268 -1.455579 0.182710 0.070245 -0.301773 -2.074566 -1.191125 0.741304 -0.392679 -0.538616 0.382532 -0.475846 -0.115077 1.457455 -1.015706 0.628973 -0.319462 -1.603209 -0.665028 0.975460 -1.458024 1.281133 -0.802564 -0.473683 -1.526799 -0.102338 -1.487357 -1.077143 -0.656366 -0.929248 1.279877 0.734417 -0.920012
-0.006662 -1.147823 -0.070861 0.661304 0.881290 0.506262 0.311524 0.022281 1.096815 -1.553422 1.146426 0.400845 1.208731 -0.760941 0.209331 0.074005 -0.476090 -0.090577 3.085905 -0.305881 2.212215 -0.505004 -0.902520 -0.564585 -1.736557 -0.633045 -0.616740 -3.472539 0.344995 -0.172046 -1.983759 -0.426757 0.126401 -1.284784 -0.876232 0.765473 -0.483354 -0.929045 -0.069019 0.861085 2.522505 0.757154 -0.504008 0.563352 0.868727 -1.473967 -0.254068 -1.212664 -1.158885 -0.215357 -0.714249 -0.542023 -0.110630 -0.879610 0.262200 1.085373 -1.088545 -1.599715 1.704384 0.029816 -0.585574 -0.165362 -2.126303 0.821706 -1.541313 0.484536 0.249825 -1.442505 -1.111745 -0.505087 -1.006465 1.679300 0.280853 -1.620689 -1.267036 -0.284546 1.683653 1.267322 -0.232304 -1.962211 -1.388465 1.453269 -0.138235 0.197790 -0.455961 2.581272 -2.091183 -1.282250 -0.938383 -0.272102 0.027704 0.381030 -0.026983 -0.794427 -0.464068 0.610987 -0.974621 -2.186026 0.727123 -1.588364 -0.321442 0.628699 -1.295170 1.139914 0.608953 1.470095 0.990865 0.651530 -0.540415 -1.636256 -0.536870 0.142364 -0.020480 0.302760 0.472490 1.109667 -0.045394 1.397057 -1.125857 -0.434726 -0.457742 -2.419329 1.053707 -1.133667 1.388363 -0.991128 0.880618 0.280753 -0.922638 0.358725 -1.204111 -1.274954 -0.027001 -1.220978 0.491819 -1.786224 -0.426472 -0.778560 1.423787 -1.111318 -0.720096 0.615114 0.680793 0.810487 1.336942 -1.246468 -0.589764 0.278379 1.044086 1.488717 1.165525 -0.048081 2.091866 1.005408 -0.558293 1.045438 -1.112964 1.357184 0.161682 0.969662 0.527976 0.742062 1.751542 -0.922567 -1.031844 -0.685321 0.555676 0.035107 0.077664 0.955778 -0.312704 0.545721 0.685611 -0.033719 -0.836768 2.050000 -0.277658 0.501817 0.650451 -0.730257 -1.132063 0.938491 -0.268532 -0.254685 0.288548 0.032890 -0.232033 -1.258127 1.964871 1.158629 -0.235801 -0.682655 1.012540 0.882405 0.201297 1.862395 1.104802 0.977787 0.509355 0.997032 0.425217 -1.495547 -1.629677 1.258062 -1.148082 0.208974 0.396752 2.714924 -1.845223 -0.505087 -0.831626 -0.069672 -0.927910 -1.001715 -0.665359 -0.196625 -1.776699 -0.446877 0.630739 -1.565626 0.899372 -0.166548 1.208828 0.511936 -0.937715 -0.681582 2.119600 1.416365 -0.181397 1.155530 -0.770586 1.637611 1.454077 1.058025 0.442237 1.878522 -0.539745 0.648329 0.478314 0.438228 -0.618996 1.814438 -1.275947 0.142576
0.063045 -0.707866 1.956769 -0.082566 -2.215443 2.314563 -0.766730 0.505002 0.656401 0.844146 -0.820640 1.010476 0.173152 0.413366 -2.379000 -2.562660 0.151665 -0.552918 -0.114218 0.166854 0.110093 1.170193 -0.299344 -0.128484 -1.083656 1.098483 -1.124767 1.249133 0.870828 -0.622678 0.076818 1.166224 1.697988 0.220439 -2.250811 -0.537743 -0.833815 -0.642281 0.177394 0.588675 1.261320 -1.331525 -0.029045 0.853416 1.167445 -0.051265 -0.234774 0.854700 1.044049 -0.285019 1.638046 -1.598790 -1.238321 0.108644 -0.661655 -0.694317 0.088907 -0.337240 1.488840 -1.210135 2.084736 0.476985 -0.547250 -0.147234 0.266012 -1.645181 0.065368 1.262859 0.683837 0.720420 0.502040 0.014872 -1.878137 -0.186409 1.529527 0.501477 -1.099910 0.500460 -0.251695 -0.217286 0.837005 1.163581 1.102913 2.489893 -2.296401 0.414890 -0.111765 -0.957810 0.463846 -1.629307 -1.417347 1.639232 0.503617 1.846435 -0.726854 -1.043745 -0.203289 -1.170449 -0.251580 -1.880206 0.634953 0.934917 0.087014 -1.225299 1.432906 1.732666 -0.928315 -0.533560 -0.270023 1.989533 0.538251 -0.557673 0.399667 -0.047880 1.589688 0.113721 1.364053 0.048074 0.153574 -0.159727 -0.092215 -1.705538 -0.860870 -0.627265 -1.009433 -1.004369 1.700241 -1.253440 -0.558061 -0.425672 -1.500644 0.888413 0.841423 0.008283 -0.933496 -1.009371 1.247317 -1.197204 1.623885 0.318881 -0.597450 -0.019192 1.597606 1.695672 0.025817 -1.382459 -0.834868 2.033883 -1.132472 0.456182 -1.969656 -1.102764 -0.566564 -0.176517 -1.530269 0.605580 -1.788171 -0.134545 -0.245771 1.675170 0.956924 0.613689 0.453546 1.233598 0.874214 1.490402 2.888712 0.365762 0.979625 0.031520 -0.476176 -0.670748 -1.220080 0.567797 1.739901 0.476070 -0.397454 -0.079079 -0.331827 -0.771326 0.790186 0.118444 -0.121290 1.043160 0.704747 0.121634 0.802118 0.078337 -0.380186 -1.914030 -1.527463 0.615038 -0.564028 0.667837 -1.180534 0.449085 1.624628 1.501928 -0.254029 0.877247 0.932853 -2.363802 -1.612214 -0.053372 -0.224714 0.110625 -1.582608 2.201773 -0.067635 1.301212 -0.592986 -0.430243 -0.222156 -0.887351 0.481390 -0.425021 -0.067683 2.480323 -0.417926 -0.293254 1.267126 1.131410 0.812555 -0.696940 0.568356 0.034569 -0.084973 0.354822 -1.307734 -0.236993 -0.542747 0.306639 0.998827 -2.668226 0.073202 0.023389 -0.926819 -0.451006 -0.141346 -0.559455 -0.350906 0.594874 1.623832 0.046425
0.997653 -0.254962 0.413962 -1.192806 -0.329855 -1.094613 0.432077 -0.014231 0.986964 -0.021780 0.498731 0.107815 0.305337 -0.252300 -0.313994 0.859541 -0.528842 0.600925 -0.233665 1.634574 -1.570096 -0.877610 -0.067675 -0.194227 -0.472715 0.836717 0.121838 0.480885 0.731960 -1.964717 0.052265 -0.675141 1.024207 -0.120399 -1.060267 -1.480994 -0.867915 -0.198097 -1.319171 -1.480697 -0.261105 -0.079226 0.205161 0.179137 -1.851614 -0.189166 0.536639 1.773430 0.273264 0.807720 1.108203 -0.334798 0.233985 0.670301 -0.369395 0.139671 -0.059323 -0.812278 -0.553709 1.395438 0.201933 1.617092 -0.380963 -0.224971 -0.407002 0.909970 -0.526300 0.009488 -1.895106 -0.041867 1.771091 -0.295586 1.163367 1.113891 0.515303 -1.699206 -0.163445 0.188205 0.450142 -0.924853 -1.316366 -1.834243 -0.667545 1.056669 -1.273059 -1.495394 0.714596 0.184744 -0.824795 0.597242 -0.459195 -0.466974 0.417007 -1.672793 -0.080785 0.179374 0.182871 -1.386905 -0.316921 0.250504 0.137654 -0.852624 0.263298 -1.473294 -0.328362 1.866370 -0.701664 -1.531595 -0.087669 0.371234 -0.082024 -0.172828 -0.062323 -0.865885 1.144231 -0.642161 0.607305 1.825855 0.516956 0.370229 0.698234 -0.619433 1.261924 0.460027 1.875785 -1.163713 -1.905446 -0.620525 0.184438 -0.094205 0.123678 -0.817611 -0.390495 0.981629 -0.415220 -1.198693 -1.907026 0.371287 -0.722992 -0.152842 -0.531966 0.246246 -1.495158 -0.154920 0.540548 0.335050 0.031173 -0.783808 -1.554828 0.576593 0.319920 -0.538567 0.949440 1.527954 0.058147 -0.955247 0.192246 -0.024892 -1.054194 -0.062828 0.956060 -0.451932 -1.272192 0.497735 1.100143 -0.624357 0.319778 -0.582740 -2.638050 -0.203425 0.471725 0.811790 -0.170398 -0.144854 0.871606 -1.051815 -0.785719 -1.165004 0.975754 -1.709436 -0.330183 -3.012148 0.397956 1.638723 0.382443 -1.742242 -0.031237 0.127345 0.405828 0.177602 -0.527305 1.906059 -0.668761 -0.461920 -0.242533 0.415540 -0.284734 -1.058981 1.699005 0.215109 -0.583929 0.616225 -1.368165 -0.503016 -1.324494 0.065997 -1.721384 -2.903785 1.069198 -0.834825 0.614990 0.547773 -1.208386 0.119642 0.001981 -0.125644 0.129197 0.386732 0.977496 2.053875 1.385499 -0.061017 0.650362 0.250270 -0.669794 -1.445164 -0.548418 -0.086544 0.230277 0.500644 1.232135 0.773691 1.440701 -0.466597 -0.475539 -1.570994 1.895652 0.822311 1.668882 0.847681 0.074797 0.983899 0.225052 -0.042045
0.696316 1.639649 0.120952 -0.495595 0.432759 0.130736 -2.587021 -0.642806 -0.195241 0.987702 0.189829 0.758487 0.225352 1.343264 -2.009625 -0.411964 1.100342 -0.015408 -1.428288 0.025481 1.616904 1.372522 0.245890 -1.058153 1.449334 0.849966 0.422486 1.313746 0.451577 0.891167 -0.168285 -0.968935 -0.916259 2.064695 1.795235 -1.650718 0.420197 -0.727340 -0.872129 0.111826 0.134698 -1.193410 -0.279502 1.398694 -0.581170 2.527132 -1.280987 -0.424957 0.774354 0.084676 -1.142703 0.826085 1.235597 0.866888 0.422767 1.112807 -0.145256 -0.782651 -1.161452 -0.131985 -0.994116 -0.272640 -0.364020 -0.226259 1.644246 0.081791 -0.530494 -0.969988 0.027302 -0.558068 1.108117 -0.721052 0.582149 -0.381257 -0.256402 0.769746 0.969111 0.533664 0.255662 -2.001936 -0.764671 0.218142 0.762164 0.853734 -1.247011 -0.412926 -1.719615 -0.120863 2.861490 -0.651221 -1.568146 -0.150618 -0.107826 -0.730338 -0.135919 1.227478 -0.352307 -0.914278 0.125616 0.341535 0.940108 -0.761164 -0.926838 -0.350197 1.308779 -0.613374 1.630529 1.455823 -0.398641 1.523424 1.295820 -0.047969 1.579985 -0.380020 0.875793 -0.597107 -1.236622 -0.707717 -1.244430 -0.215170 0.907254 -0.526366 0.134114 1.040600 -1.195339 0.326053 -0.247164 0.632624 -0.056537 -0.388063 -0.712320 1.537413 1.858035 -1.355207 -0.871517 -1.411005 -1.135447 0.706027 1.506238 -0.044511 1.244735 -0.053253 -1.112598 0.046896 -0.547911 1.960585 -2.246947 -0.395925 0.134786 0.481794 -1.391753 -1.655654 0.978426 0.406143 -0.590258 -0.346436 -1.535403 0.009338 -0.781180 -0.278302 -0.159080 1.000134 0.293296 1.267531 0.172897 0.322549 -1.111703 0.071794 -0.112763 1.231318 0.923190 0.779859 -0.136647 -1.259061 1.343481 0.455031 0.120999 -0.385497 -0.402374 2.666930 -0.183710 0.003552 1.632984 0.622682 -0.406722 -0.230276 1.088726 1.614394 0.609481 -0.539689 -0.246815 -1.409866 -0.072614 -0.877829 -0.635573 -0.503726 0.483924 -1.241476 -2.183321 -0.245897 0.181523 -0.607654 -0.929552 -1.088166 -0.526108 0.921245 1.082032 0.578235 -0.187203 -1.093963 -0.167024 1.998956 0.438350 0.236504 -1.627435 -0.017888 2.148440 0.545039 -1.056318 -0.849583 0.569501 -0.421227 -1.305096 0.982644 -1.620455 -0.375700 -0.725798 -1.822431 1.314284 0.139529 -1.467456 0.273217 -2.353059 -2.607107 2.359172 -0.020624 -1.736651 0.914015 0.351861 0.927445 -1.270460 -0.230286 -0.419185 0.354554
-1.162912 -0.159251 0.873902 0.428997 -0.329623 -0.923422 -0.270806 -1.334099 0.092694 -0.770660 2.058201 -0.562530 0.789748 0.221991 -1.066372 -0.773610 -0.157022 1.524154 -0.406120 0.078123 -0.847092 -0.919241 -1.881965 2.106936 -1.633687 2.143663 0.534736 -0.937517 -1.136570 0.415544 0.726047 -1.047216 -0.379559 0.772754 -0.316099 -1.751509 0.423514 0.754475 -0.164867 -0.788922 0.536598 -0.389188 0.509579 -0.329391 2.784157 0.047833 0.399478 -2.418019 0.921204 -0.548118 -0.173375 1.739338 -1.220126 0.677891 -1.010521 0.800737 0.771607 -0.055585 -0.179274 -1.186871 0.333967 -0.927103 0.741491 -1.230230 0.219106 -0.631203 0.151132 -0.199114 1.788599 0.893346 2.132769 -0.649786 0.602515 2.659708 1.261958 -0.032127 -0.173006 -0.148750 -0.665502 0.484664 -1.384976 -0.648625 1.061754 0.712161 -0.919837 -0.650405 -1.089579 0.435073 1.845368 1.460061 -1.862402 0.462980 0.412971 -0.794859 -0.812465 0.363631 0.176653 2.356617 -0.408177 0.218073 1.871153 -1.389824 -1.148223 -1.060504 -1.096640 -1.041066 -0.130671 -0.177625 0.891522 1.516958 1.573271 -0.293627 0.449129 0.011841 0.656401 0.649655 0.071918 0.974603 -0.326494 1.042492 0.829044 0.716212 -1.152381 1.000822 0.668411 1.056908 -0.569913 0.676295 0.227400 -0.053271 0.027182 0.216472 0.753859 0.643001 -1.077419 -0.294673 -1.098570 0.314248 -1.901086 -0.226854 -0.912459 0.512281 -0.872466 -1.560147 0.359126 -0.396957 0.395710 0.886182 -1.704992 0.668858 0.548912 1.987863 -0.395572 -0.449587 -1.051398 1.160438 1.745905 1.283954 0.817250 0.507536 -0.896344 -0.192260 0.666735 0.515804 0.436773 0.373372 0.305448 -0.540454 -0.572199 0.089250 -0.080340 1.046738 -0.340737 1.366454 -0.685812 0.606596 -0.571537 0.918161 -0.479474 -1.289843 -2.343016 1.147947 0.777613 -0.882803 0.922078 -1.173687 -0.011497 -1.542470 -0.271142 1.648012 0.578484 -0.302666 1.286749 -1.074595 -0.307042 1.277808 -0.025565 -0.673861 1.772376 -0.488755 -0.012957 -1.849197 -0.387628 -1.174763 -0.404526 -1.150705 0.255856 -0.198149 0.427014 -1.398918 1.614374 -0.125565 1.624382 -0.527286 1.306298 -1.481618 0.477911 -1.205779 0.897580 0.664389 -1.005712 -1.366051 -0.226119 0.884982 0.324098 -0.224340 0.678233 1.230812 -0.242067 -0.162824 0.352015 -1.002287 -1.285907 0.164931 0.762421 0.420325 -1.106283 0.099531 -0.257830 0.528393 -1.191653 -0.517421 -1.008681 -0.085030
1.704955 -0.350966 1.818057 -1.557409 -1.358033 2.210815 -0.070457 0.414569 0.609406 -1.072151 1.231071 -0.713691 0.966481 1.147783 -0.408630 -0.494062 1.859671 1.747459 0.573575 0.133954 -0.600136 -1.723111 -1.201850 0.049414 -1.698761 0.711841 -1.160215 -0.625164 0.344548 0.749493 -0.842508 -0.161718 0.956540 1.286448 0.634857 1.528802 -1.398935 -0.821472 -0.678316 0.351243 -1.811138 -1.276963 1.388540 1.407339 0.594463 0.498377 -0.100446 0.907091 0.199854 0.338085 0.833359 0.887011 -0.417952 -0.472607 0.477481 -1.048143 2.860339 -0.032870 -0.815388 0.110165 -1.386389 -0.408235 1.384815 0.215811 1.594549 -0.558159 -1.534470 0.370784 0.109855 -0.379405 0.205417 -0.162096 1.330283 -0.617994 2.742867 -0.284848 0.698397 1.368503 1.801934 0.671690 1.456769 1.283010 -1.587362 -1.479361 1.366657 -0.755684 -0.113904 0.530709 -0.616327 0.820551 -1.129801 -0.333996 -0.310591 -0.279800 -0.223778 0.456469 0.904330 -0.413968 -0.068212 0.877110 -1.782671 -0.574991 -1.004041 1.866579 0.633488 0.657580 -1.358461 0.616719 0.199688 -0.350418 2.097928 0.757606 -0.210657 0.927422 -0.020270 0.390817 0.350644 -0.084409 -0.035532 0.511322 -1.136057 0.147367 0.463405 -0.466154 0.642268 -0.381551 -0.711226 0.147859 -0.072757 0.930379 0.557371 -0.981429 -0.504892 -1.030869 2.185701 1.175385 0.352506 0.687933 -2.748808 -0.385811 -0.202601 -3.082232 0.597034 0.314851 0.710462 -1.123685 -0.659317 -0.957755 -1.203791 1.403025 -0.242728 0.233998 0.339544 0.407510 -0.384708 -0.280605 -0.107856 -0.371471 -0.136458 1.003564 -1.868700 0.075654 -2.100414 -0.491008 -1.216922 0.860462 -0.023885 0.292942 0.404588 -1.798149 0.196060 -1.697674 0.761930 -0.776193 -0.789644 1.318491 0.563397 0.247117 1.341406 0.568949 1.226236 0.574635 -0.475286 -0.825795 -1.034486 0.810450 -0.601806 -1.867143 -2.067994 -0.577307 0.563061 -0.420486 1.011684 -0.961129 0.647460 0.643254 -0.862519 -0.996554 -1.584644 -0.984783 -0.629771 -0.107676 2.380095 -1.162455 -0.215287 0.354679 -0.273747 0.520850 -1.992108 -0.229040 0.289863 0.228670 -1.075214 -0.905572 -0.853319 -1.264390 0.170138 0.067356 -0.880059 -1.662770 -0.611017 -0.285431 0.645501 0.625988 0.242431 0.389698 1.389565 0.833801 1.444864 -0.003677 -1.296535 0.028094 -0.828915 -0.731108 1.222163 0.671440 0.559039 0.018081 1.222401 0.188596 -0.418264 -0.190376 -0.294257 -0.624100
-0.820609 0.041706 0.242363 1.034262 1.278088 0.618958 -0.281908 1.979363 -1.151725 -1.111903 0.188961 0.618895 -0.977560 -1.136545 0.727053 0.121996 0.050963 0.353758 0.863015 -0.029318 0.322781 1.228842 -0.248815 0.332284 -0.573063 -0.596518 1.834516 -0.730879 3.124962 0.534252 1.147931 -0.500772 -0.414606 1.229169 0.201823 -0.054806 1.231344 -0.083053 -1.872636 0.574606 -0.382336 0.824791 -0.011310 1.660214 -0.013339 -0.988435 -0.131602 -0.272322 1.104261 0.686167 0.470202 0.481394 0.639751 1.301821 -0.239790 1.000506 0.001374 0.718711 0.600202 0.430151 0.463387 1.273625 0.350230 -0.982237 -0.207651 -2.457096 -0.175707 1.474459 0.839949 -0.209087 -1.169684 -0.298240 0.461730 -0.792309 -0.063840 0.396243 -0.813367 0.452083 2.309374 -0.255536 -0.419452 0.913546 0.232153 0.367335 -0.545724 0.650097 -0.788855 -0.120259 -0.887641 2.215883 0.797133 -0.149701 -0.122743 1.942751 -0.783665 0.776872 -0.123943 1.442955 -0.746908 -0.520992 -0.590132 0.253304 -0.064555 2.073726 -0.088147 0.935514 0.111644 -1.419426 0.077215 0.567148 1.895903 -0.017593 2.288562 1.075931 2.582322 1.497225 -0.587787 1.372183 0.009452 0.524814 0.158211 0.491198 0.947613 0.539632 0.979262 -1.100803 0.490378 0.363077 -0.273355 0.377530 -1.560226 1.846116 0.755748 -0.734750 0.591579 1.518025 -0.522559 -0.559245 0.438687 -0.999712 1.110606 0.156367 1.437667 -1.336266 0.106640 -0.395522 -1.298629 -0.869543 -0.660188 0.520322 -0.500420 -0.231410 0.786422 -1.356830 -1.848125 1.798622 -0.932861 0.144645 -2.124611 -1.587663 0.339513 0.562186 -1.542688 0.316294 3.156056 -0.462242 0.144515 -0.127060 -0.311827 1.053836 0.233620 -0.598481 -0.459782 -0.137137 -0.052657 -0.793568 -0.372000 -0.870951 0.219685 -0.060474 2.356091 -0.060029 -2.181190 -0.687012 0.213176 1.246718 0.341817 0.019261 -2.357292 0.296923 1.093932 -0.477731 -0.252548 0.508114 -0.127390 1.318809 -0.224577 -0.562612 -1.415613 1.190624 -0.645323 0.863592 -1.021420 1.777816 0.417899 -0.512983 0.553039 -0.462790 -0.075313 -0.283171 0.350294 -0.689779 0.797774 2.294824 -1.982776 -1.782916 -1.013111 -0.396459 0.259379 -0.758467 -0.436968 -0.414394 0.790512 1.022374 0.473588 -0.306725 0.411938 0.194480 -0.321690 -2.108565 0.047910 1.449279 -2.418372 1.261618 -0.885215 0.875670 0.138992 -0.462865 -0.316051 -0.830770 -1.585675 -0.654382 1.068126 -0.762237
-2.046918 0.642138 -0.420855 0.211510 1.117218 0.003581 0.700407 1.895910 -0.281716 0.218135 0.089798 -1.179130 1.102198 -0.930049 0.971938 -0.982437 -0.343281 -0.844238 0.723627 1.555061 0.091160 0.858243 0.648311 0.513737 0.441125 1.052274 -1.252081 -0.759242 2.356654 0.485172 2.014914 -0.712678 -0.468959 1.181803 1.137666 -1.626945 1.659797 0.946406 -0.695757 1.073338 -0.669188 0.321369 0.096573 -0.135960 0.043990 1.231834 -0.188907 -0.525170 -0.404371 -1.003941 -0.179257 -1.422117 0.565395 0.930483 -0.678429 -0.362124 -0.807777 -0.963305 0.484392 -0.307905 -1.200220 -0.623436 -0.657240 -0.241032 -0.243091 2.507621 -1.214003 0.495201 -0.447874 0.530286 -0.138403 0.039224 0.041651 -0.058824 -1.806344 0.008456 -0.638265 0.116572 -0.857758 0.041718 -1.623389 -0.601012 2.249013 0.727027 0.845003 0.339715 -0.507354 0.675287 1.070161 -0.798241 1.484760 0.758945 -0.148550 -0.701381 1.529552 -1.139365 0.981947 0.995933 -0.762874 -1.203445 0.624833 0.032963 -0.628074 1.223711 0.168591 1.031782 -0.392685 0.380073 0.884324 -0.091838 -0.372119 1.021986 1.080258 0.805573 -0.116096 0.811418 -1.293048 0.129336 0.955113 1.290020 0.227677 -1.834760 -1.699339 2.427887 -0.216718 0.250872 -0.354977 0.873719 1.129408 -0.506033 -0.586777 -2.929958 -0.521639 -0.596872 -0.114645 -1.086196 -0.400532 0.106378 -0.225211 -1.093648 2.163456 1.372268 -0.321192 -0.354589 -0.338308 0.238258 1.320192 0.329005 -0.012282 -1.170212 -0.258598 0.107960 -0.017746 1.087462 -0.342802 1.133491 -0.292717 -0.406622 1.013243 -1.295422 0.402616 0.814475 0.800401 -1.357472 -0.645000 -1.146483 -0.250632 0.816763 -0.260411 -0.397641 -0.767767 -1.189753 -0.715515 0.865846 -0.241792 -1.266075 -0.113362 0.398013 -0.602086 1.375531 -0.468590 0.348779 0.962616 -1.348152 -0.898450 -0.319164 0.159786 -0.334177 -0.780435 2.091051 0.220263 -0.260008 0.225059 0.251069 0.644855 -0.700676 0.208770 0.087350 -0.878804 1.607714 -2.090696 0.244503 -0.467015 0.403477 1.060265 -0.496743 0.366865 1.750282 -0.194320 -1.116378 0.168214 -0.731384 0.130550 0.804050 -0.121384 0.651742 0.097039 -0.423617 0.557372 0.446200 0.426098 1.375713 -0.759423 0.836389 0.110650 1.003310 1.568544 -1.534828 -1.287434 0.485190 -0.966453 -1.123289 -0.520163 -0.701898 1.044588 1.224700 -0.067477 0.144848 -0.541969 -0.145818 -0.679561 1.577729 -1.677566 -0.620494
0.522852 0.394364 -1.634213 -0.954852 0.707933 2.215187 -1.007849 0.354067 -1.236077 0.153679 1.737567 0.663907 -0.900336 0.953391 2.854924 0.613897 1.173935 -1.007830 -0.091216 1.242631 0.786611 -0.334905 -0.765936 1.833568 -0.047867 -0.424818 0.872879 1.588640 -0.159361 -0.527716 -0.543168 0.441511 -0.213239 -1.769143 -0.066203 0.539783 -0.580026 2.446623 -0.207253 -1.075560 -1.576100 2.239730 0.238269 0.258265 1.609768 -0.089527 1.535952 0.070336 -0.128073 0.848252 -0.915367 0.072024 -1.789264 -1.178850 -0.897471 0.990748 0.511650 -0.606997 -0.014552 0.558114 1.150893 0.393322 -1.254106 -0.014056 -0.171706 0.417597 -0.774910 -0.112708 0.532807 0.509539 -0.704902 -0.404862 1.636873 -0.566977 1.333193 -1.676717 0.414546 2.214149 0.454184 -0.546510 0.782777 0.311195 0.651807 0.039590 -0.176671 1.004649 -0.788243 -0.931816 -2.198750 0.066379 0.456827 -0.115325 0.024263 2.435781 1.021736 0.179403 -0.514105 -1.433516 -2.900094 1.714106 1.890189 -1.090222 -0.682363 1.873307 1.122925 -1.329505 -0.963697 -0.501446 -0.312636 -0.608146 -1.278735 0.063689 1.865837 0.143566 -0.730169 1.536599 -1.019797 0.217013 -1.620456 -0.880108 1.446716 -0.801067 -1.783353 0.275068 -0.198593 0.879587 1.131493 2.508539 0.067076 -0.033127 -0.704739 -2.818362 1.053444 -0.349982 -1.512667 -0.213164 -1.084249 -1.211583 0.034726 0.590721 -0.660446 -0.786084 -0.257541 0.611758 -0.349581 -0.428650 -0.960397 -1.088751 -1.247967 0.287597 0.312177 -1.345224 0.260185 -1.068389 0.728122 0.276178 1.494301 0.804487 0.715643 1.198699 0.596944 -1.840611 -1.150112 0.168108 -0.450425 -0.840255 1.344512 -1.372082 -2.182555 0.651408 1.626293 0.340224 0.572299 -1.438756 -0.328923 -0.776116 -1.384871 0.570109 -0.048597 -0.083809 0.038880 0.072998 2.364539 0.418461 1.002914 -1.647495 -0.330723 0.683516 1.096497 -0.694885 -2.611965 -0.438056 1.012700 -0.090585 -1.150154 0.775670 0.512307 -0.084940 -0.743142 -0.041913 -0.426356 0.343425 -1.064696 -0.339189 -0.702898 -1.168532 -1.027876 -0.663626 -0.397333 1.785527 -0.763311 -2.260292 1.158960 1.341185 0.919513 0.692808 -0.663360 0.476919 0.626945 0.064109 -0.080968 -0.770719 -0.431051 0.029142 -0.045332 -0.290658 0.523972 -1.699324 -0.402714 -0.516718 0.376966 -0.848206 -0.395944 -0.055856 1.039360 -1.431539 0.364714 -0.306465 0.169536 -1.047534 -0.817308 1.263863 -0.568406 1.405960
-0.190289 0.363272 1.105960 -0.233088 -0.359002 -0.015699 2.114313 0.988438 0.241043 0.128037 0.999196 0.186722 -1.292060 -0.515859 0.309485 0.434497 1.954962 -1.383416 -0.348770 0.481598 -1.485134 -1.335256 0.604512 -0.207751 -0.848844 0.367851 -1.060312 -0.409782 -1.238759 -0.552757 1.879037 -0.020107 1.194655 -1.334069 0.141794 -0.484498 0.403167 1.092743 0.242101 1.514210 -0.510818 0.160908 1.535254 0.329291 0.416215 1.079693 0.062869 3.100649 0.196496 -0.623920 -1.184180 1.873601 1.294173 -0.224059 -0.535604 0.161349 0.825527 0.000337 0.141432 -0.904434 0.772104 1.389794 1.087302 -0.754613 -0.548204 -0.436198 1.213157 -0.558542 1.232538 0.017346 0.415697 -0.504536 2.272195 0.633076 -1.183711 -0.749527 0.368081 -2.206076 -0.610400 0.320990 -0.736287 0.062844 0.096762 0.921713 -1.453835 0.706676 0.361080 0.600156 1.898328 -0.291359 -0.956936 0.546232 -0.578772 0.976541 2.357654 0.225414 -1.484543 -0.389992 0.050928 0.642216 1.490034 0.279840 0.927207 2.158788 -0.685036 -1.440725 0.393605 -1.423276 -1.396285 0.643362 -1.235651 -0.273458 0.426173 1.362422 0.075064 0.834527 -0.925869 -1.052347 1.108244 -1.452407 0.113784 1.837638 -0.938694 1.028061 -1.587073 0.242374 -0.060025 2.398547 -1.288699 -0.870415 0.697258 -0.461073 0.420067 0.178117 1.622066 -1.568309 -0.412907 -0.087010 -0.774813 -0.284304 0.670952 0.701001 -0.769675 -1.320284 -1.286972 0.637820 1.288696 -0.354404 -1.172100 -0.130746 0.736863 0.719962 0.140087 0.204148 0.428550 -0.370371 -0.728639 0.506125 0.411596 1.274686 0.795571 0.557477 -1.500973 0.710943 0.859963 2.144715 0.028804 -0.210179 -0.798289 -0.039311 -0.534464 0.384122 0.406701 0.258612 -0.255465 -0.202952 -0.010222 -0.949612 -1.085914 0.633409 -1.147129 -0.596594 -0.837681 -0.017881 -1.118348 1.476206 0.790917 0.375717 0.569375 -0.302178 -1.404303 -1.044799 -0.154025 -0.340358 -0.643727 -0.415216 0.318988 0.190225 -1.541824 1.139946 -1.187250 0.980701 1.316975 -0.361876 1.328533 0.167477 -1.529190 0.695587 0.082711 0.927940 0.068188 0.973924 -0.351354 0.108829 1.365088 1.365102 0.893179 -1.029741 0.383708 1.027901 0.304745 0.129089 1.167701 -1.588668 -0.340473 -0.369816 -2.738300 0.305177 0.007307 1.111574 -0.423938 1.817580 -1.975242 -1.373434 -0.893097 -0.418398 0.588713 -0.457576 -0.446092 -0.061889 0.880519 -0.602080 -0.859320 0.540533
-1.016482 0.648071 -0.011223 -1.314584 -1.013119 0.343359 0.124549 3.098879 0.471463 -0.272555 0.627826 0.653956 -0.898313 0.277576 0.518950 0.127080 -0.127268 -1.256951 1.092488 -1.050394 -0.030003 1.894289 -1.643194 0.705856 -1.748085 -0.515996 2.894004 -0.734164 -0.147638 -1.108302 1.417687 -0.360751 -0.136971 -0.420319 0.581532 0.453541 -0.726297 -1.044627 -0.197361 0.280563 -0.250998 -0.876240 -0.274511 0.976754 -1.004588 -1.773950 1.198033 1.126614 -0.522330 1.068331 -0.677807 -0.329587 0.459040 0.078308 0.371169 -0.075431 -0.192707 -1.186756 -1.371095 1.514198 0.906143 -0.094377 -0.761831 0.746599 -1.530475 0.280252 1.471409 0.445318 1.633973 1.046316 0.721069 0.652102 -0.468913 -2.060184 -2.375617 1.146388 0.241642 -0.015289 0.458850 0.496303 1.233821 0.402942 0.863147 0.695879 -0.977879 0.954803 0.084389 -0.186804 1.617685 0.361659 1.094205 0.891041 0.831828 -0.583769 0.847541 -0.935875 0.506911 -0.508172 -0.033101 -0.184293 0.491296 1.163372 -1.174181 -0.224382 -0.758571 0.165636 -0.520538 1.284825 -1.153896 -0.777947 0.720143 -0.520763 0.414079 0.267108 -0.066400 -1.579077 -0.024667 -0.569383 1.681181 -1.605684 -0.599014 1.257703 0.903540 -0.808187 0.240959 0.578689 1.275609 0.616584 1.489485 -0.066749 0.134485 -1.565074 0.705468 -0.412062 -1.085523 0.569729 -0.385618 0.972988 0.053295 1.293603 2.007926 -0.516953 1.194714 1.022696 0.432007 0.275078 1.400038 -1.146437 0.911251 -0.891872 -1.451363 0.598436 1.528171 -1.205072 0.526294 -0.145450 -0.586239 -1.213564 -1.507812 -0.695496 0.920508 -1.736663 -0.702455 -0.406889 -0.419447 -1.764241 0.903251 1.133131 -1.846202 0.677802 0.575690 0.028730 1.416776 2.172611 -1.227897 1.444006 0.270935 -0.474470 0.956659 0.229887 -1.040626 -0.684376 -1.243372 -0.272383 -0.701382 -0.955407 0.298289 1.013144 0.328108 -0.237612 0.051978 0.859653 -0.673294 0.484712 -0.076429 1.144166 0.660419 -1.083028 -1.586777 -1.069974 -1.320957 0.090137 1.103827 -0.631622 1.447776 0.604740 0.637522 -0.544833 -0.084380 1.016021 -0.395503 1.517678 -1.266634 0.094635 0.693014 0.241703 -1.806882 1.216870 -0.634856 1.164104 0.423375 -0.835700 -0.434895 0.815236 -0.891795 0.425888 -0.030958 -0.388356 -0.311637 -1.093369 -2.015008 -0.880935 0.747716 -2.264210 -0.259988 -0.505237 1.215799 0.116858 0.069279 -0.544672 -0.578241 -0.776709 0.040290 0.007481
-0.253433 -0.021436 1.026862 0.234279 0.071082 0.683061 0.320539 -1.563376 0.412151 0.572335 -0.252443 -1.131209 -0.298607 0.704215 0.269729 0.392963 0.927565 -0.070357 1.590202 -0.089638 0.630681 -0.091525 1.151917 0.737457 0.764183 1.554879 -0.879045 1.235613 0.572059 1.897895 1.450481 1.697910 -1.518578 1.352749 -0.544287 0.752740 0.707238 0.904599 -2.113214 1.692992 -0.845522 -0.941170 0.707631 -1.115401 -1.576602 -0.976464 1.618011 0.972350 -0.732701 -2.742123 -0.200576 0.716554 0.262402 -0.639574 -0.838544 -0.860418 -1.371821 -1.054542 -1.366780 0.200100 -0.356121 -0.185003 1.386329 -1.681709 0.087642 0.824438 -0.486620 0.282703 -0.359449 -1.069242 0.742939 2.364098 -0.222663 -1.206737 0.068303 -1.405077 0.271224 0.015788 -0.068445 -0.803512 -0.840977 0.619694 -0.610820 -0.555712 1.021811 -0.415533 0.702915 -0.281739 -0.410317 2.574074 0.733421 -0.742827 1.573689 -1.542591 -0.684007 1.323170 0.465369 0.748754 0.143841 0.318610 -1.304187 -0.811962 1.014939 -0.998924 0.999665 0.231005 0.457852 -0.456560 -0.385376 -0.352910 -0.591152 -0.972512 1.374569 -0.262106 -0.713393 -0.661820 2.345070 -1.542180 -1.036771 3.130088 0.132833 1.324061 -1.594280 -1.783811 -1.332062 0.458354 0.685828 -0.060623 0.086142 1.288760 -1.081744 -0.295536 -0.206324 -0.934280 -1.221240 -0.757792 0.452087 0.453115 0.575890 -0.678936 0.135904 0.650501 0.001294 -0.259910 0.656555 -2.461721 0.156395 0.524379 1.665041 2.031648 -0.301143 -0.700964 0.364624 -0.065106 0.638749 -0.145711 -0.261952 -0.125302 -1.030989 1.019300 -0.328329 -0.066703 0.488701 -1.151941 -0.845391 1.007378 -0.980123 0.224012 1.222060 0.882755 -1.392307 -0.886668 -0.076281 0.731457 -0.212266 0.274831 0.146363 -0.396857 0.846977 1.529274 0.016823 -1.260568 0.826625 0.627621 0.736696 1.412371 0.785720 -0.301762 0.801612 -0.716282 0.734528 0.837026 1.080955 0.860168 -0.074466 -1.392088 -0.719480 2.297380 0.475856 0.026139 -1.060853 -0.644992 -0.198215 -0.257237 0.271358 -0.262477 -0.069389 0.454626 0.628401 0.204412 0.257211 -0.323442 0.360666 0.541268 -1.034664 1.315588 0.941301 -0.087239 0.545477 0.995310 -0.908041 0.526688 -0.173669 -0.720227 1.947351 0.689392 -0.130869 -3.247049 0.158109 -0.140924 1.038267 1.022678 1.662795 -1.617664 0.322750 0.516603 0.383028 1.524057 0.474918 0.922601 -0.442793 1.063023 0.550480 0.575995
-0.830995 1.431617 -0.194745 -0.709813 0.949884 -1.336907 -0.517276 -0.048242 1.163420 0.208699 0.684175 0.075826 -0.411499 -0.836462 -0.781376 -1.300001 -0.603949 -0.407174 0.637209 -1.201750 -1.738301 -1.278024 1.938153 0.723436 -0.558628 -0.424170 -0.214509 -0.028351 0.964513 -1.963380 0.182291 0.860631 1.935639 -1.295941 -0.589340 -1.982519 -1.643558 1.483484 -0.664155 0.578700 0.594300 -0.256181 0.176875 0.907373 -0.167916 0.003592 -0.642953 -1.330918 0.442005 0.889191 -0.036466 0.079426 0.649045 1.225684 0.651836 0.202785 0.952106 0.415111 1.207876 2.516060 0.266346 -1.378522 0.852567 1.882859 -1.146162 0.238456 -0.452733 0.783609 0.893651 -0.112517 0.677831 0.619211 0.331607 -0.834566 0.332896 1.227186 0.505108 -1.230302 -0.220370 0.499147 -0.621676 -1.792542 -0.280696 -0.022160 -1.027558 -1.347016 -0.112024 0.801406 0.462133 0.090241 1.434137 -0.232091 0.923340 -0.861786 1.010978 1.298242 -0.464566 -1.286362 0.384909 -0.606652 -0.190638 0.674333 0.180678 0.819368 0.220154 -1.540930 -0.499110 -0.688403 -0.183184 1.952037 -1.200979 0.043752 0.946920 -0.128530 0.967524 2.153166 -0.189709 -0.424224 0.582420 1.562795 -1.656287 -1.242663 -0.541225 0.074660 0.771312 -0.477388 -0.514770 -0.801718 1.117741 -0.012521 -0.680924 -0.380946 0.470066 0.520025 0.038882 1.114654 -0.757677 0.631826 0.116668 1.684895 0.587220 -1.700420 0.498505 1.121956 0.869329 -0.063074 -1.211256 -2.106068 -1.490377 -0.458687 0.560074 1.041192 -0.351863 -1.107629 -1.410095 0.704355 1.304779 0.616163 1.558688 -0.383096 0.324605 -0.295476 0.982890 -1.059036 0.622120 -0.019887 0.634762 0.252681 -1.591855 0.274549 0.253083 0.225376 1.510142 0.892658 -0.051099 -2.292729 1.426867 0.255325 1.485971 0.092090 -0.662360 -0.650148 1.083299 0.120181 -1.428158 0.239935 -0.822399 -1.212160 0.399269 -1.038683 0.820661 1.595289 -0.997857 -2.481496 0.305642 1.212328 -0.473868 0.596832 0.054945 0.959273 0.742506 0.052959 0.714693 -0.006369 -0.718412 1.612424 -0.005717 0.093689 -0.225927 0.560441 0.428671 -0.269152 1.781385 -0.068111 0.405981 -0.303859 0.862114 -0.533856 0.136983 -0.030273 -0.523832 0.539997 -0.587723 1.037600 0.698670 -1.275118 0.190113 -0.495710 -0.167869 0.614447 -1.161184 0.948534 0.542947 -0.046534 0.103368 -0.537128 1.422607 -0.673398 -0.417293 1.963384 1.570692 0.477532 -0.171594 -0.796843
1.137434 0.201204 -1.491065 -1.981717 0.666775 1.181846 -1.032629 -0.251647 1.309200 0.333888 1.358130 -1.076634 0.568699 0.222177 -1.563676 0.473589 0.285524 0.074788 -0.203323 -0.608608 0.224198 0.152912 0.459035 -0.400603 2.963525 -0.174921 0.793371 -0.611265 0.829501 0.091286 -0.072418 -1.461174 -0.081339 0.580246 -0.481124 0.621823 -1.348582 -0.882214 1.077505 1.224672 -2.144551 0.655645 1.269241 -1.272313 -1.033108 1.429774 -0.059237 1.500610 -0.087529 0.451630 -0.536991 0.110960 0.016210 0.252348 -0.708159 -1.923150 0.782802 0.150256 -0.319340 -1.071717 0.162225 0.523161 0.143538 -0.503906 0.086077 0.855882 -1.107393 2.192276 1.258505 0.217598 -0.064628 -0.570315 -1.657339 0.097120 -0.291484 -2.565695 -0.404799 0.735786 -1.144786 -0.906064 0.324058 -0.128714 0.660891 0.066922 0.744038 1.032419 1.966202 -0.330648 -1.432126 -1.767911 0.525350 1.900352 -0.322160 -0.214489 -1.302161 -1.325228 -0.049774 -1.623678 -0.050837 -0.278065 -1.463448 -0.718244 0.892978 1.284004 -1.260705 -1.436312 0.016170 0.189375 0.625256 -1.035466 0.597650 2.469490 0.135967 -0.667699 -0.794400 1.550442 1.109691 0.268712 0.708138 -0.049423 0.334357 -0.693365 -1.757703 -0.298016 -0.995866 -0.034098 -0.915816 0.277821 0.029645 1.337594 -0.889858 0.762338 -0.781066 1.556620 -0.471124 -0.557168 1.210650 2.148384 -0.358913 -0.047384 0.473600 -0.557176 -0.303635 -1.341682 2.424221 0.397121 2.547922 1.244506 0.626896 -1.296598 0.893499 -0.684693 2.430266 -0.465684 0.157440 -1.264276 1.310711 1.031362 0.082445 -1.038036 -1.633021 0.287676 0.557879 -0.125483 1.247245 -0.437485 -0.555156 -0.750501 -0.224172 1.354875 -0.597034 -1.009622 0.246404 1.222573 0.123420 -0.746957 0.612072 1.788532 2.381116 -0.086985 0.124736 -0.900065 -0.776308 -0.977520 -0.639979 0.587947 0.339457 -0.156428 0.484360 -1.147135 0.083633 -0.660891 0.665511 0.089575 -2.453012 -1.599841 -0.993693 1.635698 1.484998 0.207810 -0.796864 0.510287 -1.327448 -0.483991 0.839045 0.964765 -0.955485 0.011231 0.485560 -1.630620 0.301360 0.401109 -1.031485 -2.265737 -0.851893 0.177031 -0.050913 -2.368435 0.599332 1.061917 -0.624804 1.285786 -0.437907 0.163198 0.187419 0.451439 1.595222 0.288541 -2.277091 2.525354 -0.039748 0.708697 -0.153159 -1.216998 0.118436 0.183150 -1.144806 0.430416 0.338887 -0.072172 -1.355286 1.263672 1.146381 0.153060
-0.421665 -1.090375 -0.168844 -1.276278 -0.274033 -0.565728 0.478971 -0.261512 0.424794 0.960795 -1.077057 0.089268 0.447119 0.648877 -0.283774 0.087909 0.946854 1.022321 -0.253881 -0.254563 -0.768015 -0.471319 -0.496089 0.848229 0.188589 0.659411 -0.325286 -0.854584 1.668945 0.956953 -1.433692 -0.621197 0.492480 1.383527 -0.810041 -1.463561 0.138027 1.883674 0.615877 -2.045589 -1.493132 1.126266 -1.973654 -0.575066 1.164700 -1.839419 0.844691 -0.336003 -1.153633 1.813193 1.753369 0.830801 1.417103 -0.095246 -0.469140 0.341219 -1.214898 0.827382 0.239015 -0.852097 0.245534 -0.379944 0.403865 -0.214199 0.909399 0.329680 -1.797778 -1.097686 0.268132 0.447957 0.497043 -0.084380 0.708639 0.523006 1.281949 0.495049 -1.286700 0.123323 -0.783113 1.390602 -0.865434 0.444623 2.458787 0.717831 -0.403263 -0.432199 0.086501 -0.745219 -0.154894 0.240322 1.895196 -0.387261 -1.090764 2.084537 -0.273314 1.421971 1.219290 2.293416 -1.044647 -0.729445 1.481506 0.208184 0.739676 -0.722917 0.414883 -0.327653 1.407982 -0.083354 -0.610647 -1.382973 0.476256 -1.531229 1.240594 0.030676 0.427705 -0.653692 0.333661 -0.197114 0.012188 1.239746 -0.723597 0.856337 -2.252970 0.569272 -0.855619 1.365211 1.779199 0.410979 -0.311827 -0.191179 -1.022720 1.169301 0.281183 0.688688 -1.254955 0.696098 -0.206564 -0.627895 -1.358842 1.088079 -1.137373 0.870596 1.489915 1.404011 0.409651 0.535974 -0.749369 1.251242 1.531118 1.365946 0.763810 -2.293961 0.223787 0.238556 0.004729 1.301630 -0.436638 0.528481 0.674945 -0.540011 -0.538817 0.413023 -0.134040 0.024430 0.958062 0.283231 -0.766960 0.875423 -0.837148 -0.863638 -2.050271 -0.878289 0.663776 -0.188421 0.858747 -0.618916 0.781921 0.148988 -0.802587 1.016570 0.180192 1.491404 0.689372 1.362606 1.003535 -0.075655 -2.644707 0.259679 1.376821 0.809473 0.358414 -1.278695 -2.381271 0.921606 1.768008 -0.344728 1.716550 -0.709289 0.346346 0.848194 0.639980 0.781741 -1.467352 -0.851238 -0.449508 0.683091 -1.128756 -1.568796 -0.230951 -0.299006 -0.847638 -1.502720 -0.171055 -0.664380 -0.126073 -0.529520 -1.067818 -1.875235 -2.937627 -0.141903 0.347443 -0.117394 0.820100 0.224469 -0.531505 -0.251605 -0.442502 -1.329906 1.425725 -0.930429 -0.894635 0.416519 -0.933454 1.339811 -0.098883 -0.333037 0.944928 0.131365 -0.557016 0.194461 -0.469658 1.257586 -0.484963 -0.783334
-0.680723 0.499099 0.213215 1.301432 -0.442197 -0.022541 -0.172137 -0.519070 0.595307 1.052738 0.630771 0.799798 1.244838 -0.507117 -0.281254 -1.845244 0.453513 -1.061520 -0.168969 0.562485 0.861399 1.182313 -0.487901 1.326952 -0.993508 -0.073815 -1.508532 1.379439 -1.119175 0.357833 0.274349 1.993481 0.560582 1.033824 -1.115676 0.720607 -0.291284 -0.296872 0.297681 -1.277522 0.405279 -1.248958 -0.707186 0.358880 -0.015737 0.456918 1.133763 0.218241 1.827276 -0.528137 -0.170110 -0.328708 -0.873770 0.537802 -0.175268 0.548142 -0.151421 1.469442 -0.172148 0.307795 0.790681 -0.934310 -0.309875 -2.860314 -0.902881 -1.488745 -1.012530 0.000255 0.541520 1.955864 -0.612550 0.248787 0.144018 1.003222 0.415767 -0.705101 -0.881460 -0.509617 1.973155 0.260679 -1.708552 -1.161289 0.686041 0.843162 0.268621 0.901206 -0.790885 1.941734 -0.186155 -0.709967 -0.611802 0.140142 -0.857927 1.709248 0.744997 -1.712185 -0.361382 0.138313 -0.874015 -0.569637 -0.938941 0.898867 -0.756669 1.379270 -0.742151 1.461553 0.374246 0.413563 -0.385265 0.852550 -0.533687 -0.417039 0.413312 -0.486355 1.311277 1.389093 0.951943 -2.010927 -0.060835 0.655715 0.540109 -0.389170 -0.022413 -0.443985 -0.391313 1.395601 -1.765368 0.373533 -0.818861 1.239607 0.662976 1.252697 -0.046979 -0.399009 -0.570753 0.439615 -0.040420 -0.881734 2.025840 -1.310630 0.332748 -0.393529 2.263242 -0.384714 -0.420179 -1.347169 -0.321752 -1.040471 0.497047 -0.416775 -0.194233 0.288455 2.212564 0.319133 0.762552 0.257049 -0.999581 0.616660 -0.582979 0.699073 -0.695180 1.525312 -1.852220 -0.977677 0.339244 1.426518 -0.287989 0.517190 -1.267171 -0.796536 -1.573715 1.619461 -0.790089 1.152956 0.442116 -0.943562 -0.494828 0.502343 -0.989704 -0.485110 1.824643 1.040611 0.322323 0.679874 -0.123861 0.876540 -0.686701 2.178911 -0.592305 0.171886 -0.188452 -0.639963 0.015950 -0.690701 -0.144185 1.099969 1.918617 0.421248 0.806745 1.051419 -0.823883 2.081615 0.484387 0.777086 -0.944901 1.295135 0.536931 2.382986 0.794954 -1.199748 -0.464432 -0.226078 0.074516 0.484342 -1.010503 -1.323211 -0.412936 1.071328 -2.090852 -2.035661 1.729471 0.756978 -0.906744 0.566241 0.907111 -2.334378 2.433487 -0.496187 0.218031 1.256667 -0.511548 -1.228290 -0.686486 -0.715070 0.859019 0.679824 -0.027250 2.629381 -0.026801 -0.640094 -3.266530 -0.160985 -0.785222 -0.359610
-0.440883 0.448282 -0.138254 0.477290 0.233711 0.227413 0.295178 1.187523 0.996420 1.700867 -0.147286 -1.071839 -0.217314 -0.974191 0.321153 0.441417 0.898772 -0.029109 0.160844 0.735150 0.549411 -0.168796 0.463772 1.697738 0.070386 1.062321 0.151874 0.325726 0.427203 0.098657 -1.590919 1.949235 -1.526050 -0.312390 0.644009 -0.788349 0.485289 -0.087376 -0.711847 -0.264185 0.950389 -0.323276 -0.016691 0.938847 0.691361 0.460491 1.662541 0.013188 -0.003218 -0.622566 -0.288220 1.296712 0.482662 -1.665836 0.249715 -0.578203 -1.611724 -0.489489 -0.724946 -0.409094 -2.180029 -1.427794 -0.435994 1.939561 -0.369041 0.184503 0.101446 2.915135 -0.014448 -0.758067 0.116643 -0.518220 -0.582575 0.390723 0.424041 -1.201648 -0.765697 0.789534 -0.293827 0.991445 -0.538435 -0.545488 -0.249725 1.140741 0.427062 0.364263 0.201914 -0.606829 -0.507479 -1.410001 0.628775 -0.268770 -0.301508 -1.954934 -0.930988 -0.922168 0.986142 0.337586 0.600457 1.163065 1.358723 -1.115959 1.452261 -0.384750 0.579104 -0.929079 -0.389209 0.370445 -0.032259 -1.651152 0.432706 0.749562 -1.419707 1.284303 0.899365 0.839854 -0.797300 2.121881 -0.255189 -0.252180 -1.479195 0.584130 -1.064590 -1.702658 -0.069900 -0.323848 0.020099 -1.305689 0.448970 0.444273 -0.628080 0.644240 -0.118112 0.360856 -0.040411 -0.287976 -0.989812 -1.304011 0.515208 2.965977 0.773718 0.943251 -0.337618 0.121291 -0.485869 -1.214862 0.356639 1.043398 0.591116 1.369442 -0.146788 -1.464910 -0.468555 -0.188241 0.720401 1.772970 -0.895682 -1.358582 1.333594 0.054548 -1.167782 0.218300 -1.843613 -0.460507 -0.797206 0.369896 0.644107 -0.315738 0.411294 0.410972 -1.150013 0.511951 -0.684051 1.890414 -1.726924 0.404307 1.009328 0.278011 0.205506 -0.561896 0.141166 -0.901688 -0.411805 -0.089552 1.819634 0.545831 0.478102 0.745379 1.783342 -0.302747 -1.105699 -2.625512 2.812431 -1.489106 -0.895258 -0.783698 1.786389 -0.206537 0.021923 0.439676 0.171872 1.400538 -1.183469 -0.095817 0.104810 -1.706371 -0.211113 0.629126 0.056537 0.886831 -1.080131 0.419020 0.780092 0.271121 0.219806 -0.169583 -0.198927 -0.168135 -0.879710 -0.300092 -0.744133 0.600356 0.136085 -0.006210 0.782841 1.190253 -0.932965 -1.532377 -0.192294 -0.125138 -0.197989 -0.415222 0.958336 0.599945 0.798655 -0.317571 -0.337654 0.403008 -0.062809 0.613948 0.434943 -0.406954 1.519747 -2.515374
1.864188 -0.536644 0.759754 0.376026 -0.384767 0.589912 1.304270 0.895114 0.679410 0.881318 0.212491 0.988724 1.253845 -0.191686 0.935362 -1.007424 -0.966180 -2.636531 2.300715 -1.188937 -0.372130 -1.366131 -0.840706 -0.558421 1.562059 -0.818814 0.223459 0.608434 -1.757651 1.997411 -1.653349 0.340407 0.489196 -1.288866 0.461475 1.039547 -1.305909 -0.658402 1.784305 0.477334 0.158224 0.591621 -0.488306 0.195638 0.679800 -0.109035 -0.274728 0.580766 0.790861 0.263236 1.392238 0.417241 0.654772 -0.882581 1.570829 0.273203 1.569043 2.059794 -0.446008 0.466532 0.771949 0.965762 0.072262 -0.636906 -1.229177 -0.027824 1.640083 1.279701 -0.745709 0.691928 0.880781 -0.597458 0.041657 -0.072209 0.081883 0.239266 -0.927187 -1.200361 0.045651 0.851660 0.831250 0.830517 0.027856 -0.037227 -1.376655 -1.770910 -0.934477 -0.661836 0.331202 0.541565 -0.870210 -0.528829 1.381809 -1.023530 -1.725392 -2.892896 0.367471 1.160051 1.295968 -0.634644 -0.131973 1.726927 0.454886 -0.161109 -1.152508 0.758000 1.020024 1.427026 1.514458 1.767784 1.524047 -0.019014 1.626758 0.981318 0.525336 -0.221678 0.533656 -0.352990 1.590595 0.662781 0.704872 -0.221279 -0.032246 -1.359618 0.839859 0.228763 -0.273381 -0.562762 0.160728 -1.354278 0.350751 -0.104834 2.258168 0.682880 1.724084 -2.332889 2.118251 0.844133 -0.439381 0.905187 1.027130 -1.255331 -0.892954 -0.910823 -0.889654 -0.588974 -1.268543 -1.999255 -0.901430 -0.300462 0.163659 0.629399 -1.653976 0.230830 0.793656 2.596949 0.063003 0.672185 0.498952 -0.332648 0.681758 -0.327037 -1.223399 1.090518 -0.894779 -0.802799 -1.202033 -0.528339 1.907365 1.153276 1.437971 -0.771084 0.384306 -0.490102 0.821861 -0.345115 0.660463 0.932663 -0.368827 1.087594 1.488889 -1.342983 -1.800928 2.843964 0.230955 0.872531 -1.974436 -0.063072 0.220552 -0.582584 -1.762906 0.955024 0.123768 0.451536 -0.904773 1.542873 1.052919 1.398219 -0.848727 -0.472241 -0.307862 -0.818025 -1.318459 0.447894 0.867977 0.307508 0.559158 0.462385 1.406686 0.810510 -0.397397 -1.374422 0.976981 2.776750 0.233895 0.691987 1.930088 -0.324534 -0.306246 1.959922 -0.854853 -1.118649 0.663797 0.370057 -0.999806 -1.297401 -0.541564 -1.752599 1.153562 -2.394644 2.305983 -0.029601 1.323237 -0.998562 -0.923642 -0.573393 0.124345 1.382263 0.451734 -0.141969 1.009762 0.060880 0.806256 0.523145
0.591233 -1.014570 0.030936 0.112732 -0.066037 -0.636713 0.658462 -1.491675 1.656178 0.647166 -0.505939 0.199066 0.050907 -0.709470 1.056588 -1.386473 1.807347 -0.521253 -0.045206 -0.845984 -0.063877 -0.442283 -0.148317 0.014238 1.184675 -0.617816 -1.040539 0.184996 -0.377182 1.854613 -1.660842 1.840768 0.820076 -0.989969 0.144257 0.126199 0.208427 2.946614 -0.101738 -1.464388 0.437776 1.060901 -0.399324 0.752637 -0.745764 0.433409 0.385993 0.233048 -0.534368 0.024948 0.628759 -0.678328 -1.029591 3.119726 -1.474727 -0.417867 1.038232 1.922718 0.146846 -1.378409 -1.221687 1.252591 -0.791907 1.722384 1.186407 -0.109299 1.430152 -0.556241 -0.215882 0.091653 -1.515900 -0.632091 0.864005 0.391767 0.979908 1.684860 -2.689776 -2.092179 -0.670371 0.888133 0.924286 0.365337 -0.307809 -0.608593 0.775082 0.358696 0.329400 -0.766925 0.364756 0.670435 -0.330501 -0.727542 0.277226 -0.505491 1.763670 0.039586 0.169535 1.303394 1.326850 -0.345323 -2.478580 -0.757527 -0.859738 -1.269027 0.410777 -0.402558 0.508807 -0.984281 -1.903329 0.197640 -0.016131 -0.431510 -1.742646 -0.220917 0.304377 1.203563 -1.247958 -0.778394 -0.296798 0.945884 0.039313 0.166598 1.601802 -0.724464 0.990042 -0.866445 0.194840 1.155047 -0.595264 1.334690 -0.426330 -1.693174 0.172793 -0.135744 -0.172998 -0.045710 0.418066 0.143464 0.346678 1.509030 0.787172 -1.737281 -0.687015 -1.056992 -0.107013 0.110126 0.225911 0.341940 0.154139 -0.822180 0.343072 1.799514 1.331505 -0.242161 -1.049513 -1.742138 -0.224219 2.004552 1.384145 -0.375887 0.330877 1.192372 -0.738133 -1.936276 -0.105736 0.569480 -1.111385 -0.553285 -0.710577 0.113536 -0.100550 1.560481 1.696540 1.134159 0.061090 -0.122105 0.169068 -1.779735 1.358822 0.877248 1.110507 -1.526929 0.480619 -0.972767 0.995980 0.290981 -1.297973 0.500012 -1.321253 -0.787053 -1.787201 -0.761430 3.450532 -0.141880 0.533833 -1.368342 0.022540 -0.343175 0.963238 -0.637891 -1.318402 -1.354222 -1.216174 0.820281 1.162489 0.521996 0.897807 1.149957 0.844859 -1.191106 -1.295388 -0.590687 -0.343784 -0.890056 0.499827 -1.490141 1.542999 -0.261038 -0.768645 0.478892 -0.339788 1.443567 0.028152 -1.291993 -0.547186 1.369404 -0.932384 -0.361247 -1.272565 -1.025510 -0.842525 -0.010459 -0.489882 -0.378755 1.147888 -0.658124 0.232281 -0.294495 0.358491 0.469518 1.050222 0.360730 -1.426983 -1.126559
-0.969930 0.573985 2.390298 -1.373554 -0.405017 -0.068688 -1.000750 0.183661 -0.835701 -0.486743 -0.391044 -0.230846 0.613838 1.361535 -1.303955 -0.226777 -0.794787 0.125656 1.112733 1.163254 -1.188495 0.127342 -1.329814 0.180253 0.311063 0.077277 -0.304123 0.562891 -0.033906 -0.155124 0.266391 -0.122422 0.509157 -0.853099 -0.138285 -1.253090 -0.864925 0.270372 0.624515 0.316088 0.438477 -1.249751 1.232747 -0.282962 0.161358 -0.467326 -0.851607 0.810919 0.126326 -0.158560 -0.787157 -0.309638 -0.112613 0.124717 -0.717724 -0.187535 -0.398786 -2.219352 0.605637 -0.255697 0.422438 -1.621561 -1.531340 1.973698 1.389693 1.771733 -1.640594 2.009403 0.452737 -1.497834 0.145156 0.141793 1.361925 -0.784207 0.187245 0.236181 1.326225 -1.542385 -0.407158 -0.852655 0.847317 -0.521195 -0.842462 -0.494304 -1.607808 0.460439 -0.365012 -0.117671 1.826468 -1.674360 0.787312 -0.868455 0.171595 0.637835 1.182993 0.511763 -0.883669 0.438939 -0.762867 -0.557099 1.898488 1.454214 1.261908 -1.601662 -1.016917 0.683468 -0.132758 1.054103 0.862496 -1.460211 -1.409018 -0.034906 1.281480 -1.639874 -1.982569 0.633487 -0.733656 0.048818 0.545010 -1.091168 1.354240 1.415595 1.753274 -0.165152 0.480130 -0.103675 0.328597 -0.927579 -0.184977 -0.302758 -0.682944 0.685888 -0.562239 -0.202865 0.961558 -0.899791 -1.174998 0.227269 0.686923 0.184157 -0.986953 -0.920172 2.314655 -1.782938 -0.647839 0.386254 1.787660 -0.830573 -2.030664 -0.857032 -0.471346 0.751962 1.393935 -0.205759 0.568982 -0.573665 0.592177 1.530136 0.218249 0.429670 -0.599540 -1.033380 0.415542 0.459029 -1.355614 -0.566140 -0.478093 -1.167831 0.450247 0.667518 0.927672 1.525424 0.638170 0.198895 1.386382 -0.389121 -0.058057 0.857893 2.816147 0.171115 0.803043 0.503363 -0.027429 0.420602 2.178851 0.283220 -0.807320 -1.726165 -0.373992 -2.018673 0.753051 -0.775992 -1.274566 0.788136 -0.114778 -0.655629 1.458239 1.002963 -1.606387 -1.270168 -0.187380 0.353678 -1.015454 1.177988 0.095231 -1.015294 0.929328 1.024676 -0.344559 -0.919161 -0.130542 -2.091332 -1.584910 0.872727 0.907497 0.688135 0.682453 -1.093565 -1.730976 -0.350982 -0.330191 -1.144811 0.550051 -0.949150 0.400656 0.371372 -0.034098 0.892141 -0.507892 -0.466087 -0.283280 1.003514 0.757851 -0.493640 -0.557364 1.125486 0.302051 1.249353 0.019704 -0.405705 0.343997 -0.526490 -0.076224 1.278177
0.588889 1.092303 0.093111 1.120468 0.847136 -0.020157 -0.848858 -0.322421 -1.458385 1.506106 0.676762 1.255095 -0.146178 -1.713313 -0.113291 0.030149 -0.308185 -0.506526 0.088925 2.356498 0.338591 -1.862953 -0.876515 -0.420549 -0.685017 -1.810973 0.831851 -0.100115 1.098738 1.005744 0.106962 0.205319 0.426121 -0.148289 0.228024 -0.191188 0.505920 0.674913 1.457544 0.029212 1.763377 1.088113 1.029903 -0.932443 -1.889038 0.672165 0.073091 0.446655 0.156713 0.545250 1.031328 3.010819 -0.584828 -0.209767 1.781953 -0.550378 -1.608514 1.181926 1.866323 -1.113956 2.247554 -0.027798 -0.507873 2.251412 -0.835964 -1.254006 1.442764 0.645683 -0.265270 0.528562 0.673082 0.293291 1.614674 -1.766967 1.235923 -0.075928 0.546622 -0.007571 1.078988 0.205105 1.230895 0.251038 0.065525 -0.310293 -0.085597 -0.273260 0.411583 0.286738 -0.176456 -0.768140 0.518647 -0.688799 0.540310 -1.430931 -0.145502 1.343635 2.043058 1.009320 0.604645 -0.998993 -0.453804 0.591599 -0.534950 -0.737234 -0.315631 -1.779742 0.401798 -2.076449 0.211386 -0.097392 -0.445919 0.811574 -1.597354 0.219288 -0.386153 -1.293921 -1.244878 -0.803769 0.461243 -0.275293 0.362485 -0.150081 -1.652540 -0.397683 -0.611211 -0.355569 0.763010 0.636896 0.071094 -1.823532 1.183551 2.040919 0.247668 0.503776 -1.174037 -0.058823 -0.073000 -0.058501 -0.860452 1.048206 1.528703 0.845567 0.262895 0.494836 0.239958 0.133009 -0.350590 0.282449 -2.153268 -1.302778 1.281432 1.993926 -0.026132 -0.176629 0.570858 -0.710274 0.466449 0.434172 0.049023 0.476565 0.159665 -0.650702 0.296025 -2.089670 -0.011022 0.512204 -0.132689 0.861407 1.669435 -0.909027 0.834427 1.589969 -0.262849 -1.115909 -0.298162 0.366582 -1.537776 -1.301300 -1.196846 -0.629435 -0.279870 -2.074413 -0.362278 -0.139648 -0.787550 -0.779074 -1.222559 -0.140698 -0.282433 -1.595190 1.234826 -0.954206 -1.209433 1.702389 -0.840015 -3.161698 -1.427497 -1.047039 -1.273277 1.441883 1.082749 -0.553415 -0.147662 -0.087199 0.484536 -0.271054 -0.370633 -0.568978 0.246525 -0.210804 -1.353001 1.614606 -0.131634 1.153623 -1.878017 1.704794 -0.366723 0.496004 -0.822090 0.492803 0.144311 0.298680 -0.978697 -0.098765 -0.303399 1.337243 1.390383 0.497842 0.263076 -0.051503 -1.040720 0.864534 0.374736 0.666305 1.373007 0.332345 -0.356061 0.110202 -0.253930 -0.551247 -1.842234 0.960728 1.998471 -1.286096
-1.699502 1.006109 -0.854087 -1.284510 0.155099 0.031855 0.438670 0.190320 0.622649 -1.621293 0.114109 0.988295 1.049883 0.200755 1.544194 1.370067 1.532508 -0.938055 -1.512941 0.943802 -1.385173 0.943619 0.767921 -0.271433 0.846587 -0.236188 -0.202540 -0.628320 -1.285415 -0.069132 -1.735579 1.401141 0.138889 -0.295851 0.516606 1.332991 -0.542727 0.215116 -1.017429 0.866803 -1.994756 0.189960 0.123086 1.571860 -2.796844 0.457812 -2.720453 -0.603073 0.453165 0.366436 -1.191389 0.506851 0.303660 1.180470 0.902775 0.327415 -0.319863 0.401146 0.219793 -2.282770 -0.143923 -1.263641 0.968026 -3.061645 -0.301990 -0.982846 0.664334 -1.444801 0.514506 1.931944 -0.411439 -0.095927 -0.434215 2.872061 -1.456443 0.852286 -0.560316 -0.010975 -0.577543 1.001636 0.895474 0.708577 0.049735 0.265525 -0.450472 0.167955 -0.146517 1.265645 1.758686 -0.242146 0.335950 -0.652071 -1.336915 0.153151 0.033824 -0.987226 0.109067 -0.313306 -0.369913 -0.780704 1.077106 0.344492 -0.025970 -0.887820 1.314612 -1.833275 1.287387 1.983198 -0.878853 -0.399354 -0.558133 -1.885980 -1.467100 -0.293501 -0.280452 -0.734962 0.715001 0.992519 -1.233588 1.162447 0.037277 1.027108 0.235982 1.196328 -0.047062 0.075821 0.700074 -0.554031 0.627512 0.475612 0.709441 0.487541 -0.079397 -0.231380 0.307574 -0.674833 0.896541 -0.769294 -0.440392 -0.452708 -0.628551 1.081113 -0.176208 -1.522851 0.838331 -0.829621 0.216503 -1.544467 0.465109 -0.152024 -0.250721 -0.476425 -0.176417 1.072838 -0.819152 -1.009001 1.676538 0.579065 0.411562 -0.832400 0.216272 1.123275 -1.187594 -0.410156 -0.732167 0.508652 1.385240 -1.035161 0.597478 0.979104 -0.007986 -0.524842 1.055397 0.073271 1.649712 0.512411 -0.344284 -0.580155 -0.733667 0.554563 0.214418 -0.031425 -0.368475 0.105657 0.045602 1.715074 0.827953 0.814269 -1.575799 0.614343 0.613040 0.156603 -2.299651 -0.269728 0.960782 -1.278820 0.130241 0.106037 0.338370 -0.982350 -1.606358 0.024903 1.182451 0.565370 -1.678801 0.318289 -0.510897 -0.702757 -1.385633 2.488757 -0.955169 -0.495699 -0.067017 -0.558472 -0.003814 2.796420 -0.669404 0.443927 0.964049 -0.468860 -0.591218 -0.931965 0.293352 1.253303 -1.395451 0.755128 -1.355870 -0.927056 0.197575 1.248651 -2.008277 -1.453017 -0.630576 0.344727 -0.734153 0.737191 1.466778 2.217456 1.732728 0.094331 2.191700 1.447054 -0.631020 -1.888198
-0.929085 -1.050692 0.324326 -1.570034 -0.012252 1.096725 0.448943 0.538934 0.836262 0.554780 -0.738934 0.312424 0.735352 -0.504266 0.426764 -0.225441 0.287697 -0.449306 1.479539 -0.848264 1.823951 0.364771 -0.218181 -1.558040 -1.054740 -0.723044 -0.098991 0.197741 -0.795381 1.135512 1.316514 0.723734 -0.704545 -1.570564 -0.195275 0.532200 -1.332346 0.560554 -1.042642 1.546847 1.061343 0.432748 -0.379746 0.256411 0.060336 -1.314144 0.483417 -0.086127 -0.188197 -1.594585 -1.247938 -0.511079 0.258065 -0.386792 0.383522 -0.167734 1.522523 -0.050712 0.654276 0.141535 0.844843 1.058145 0.382616 0.921217 0.798896 0.238366 -1.300476 1.411992 -0.706066 2.004761 -1.415845 -1.411490 -0.733801 0.923922 0.740920 -1.116378 0.112684 0.357574 -0.994675 1.324596 0.668391 1.314265 -0.221246 2.249708 -0.770815 0.652884 -0.598571 -1.103435 -1.126559 0.625163 0.211193 -0.953039 -0.683372 -1.783417 -0.261589 -0.247150 -0.908079 -0.775516 2.353064 -0.146803 -0.697196 -0.190692 0.125324 0.169263 -0.003492 -1.014489 -1.033020 -0.081207 -1.187011 -0.500995 -0.993456 -0.532349 -0.056046 1.551458 -0.490111 -0.436023 1.593977 -0.432617 0.395040 -1.495082 0.307110 0.164424 -0.199939 -0.325019 1.428594 0.453439 0.783805 0.158394 -0.556180 0.601433 -1.841527 0.610315 -0.278808 -1.356814 0.166670 0.154677 0.150000 0.338545 0.240852 -0.515046 0.664085 0.169781 1.435562 -0.167670 0.618480 0.834442 -1.008446 0.024372 -0.741453 0.088887 0.296927 -0.857129 -1.176485 0.837390 -0.294098 -0.020399 0.201256 -2.086690 2.488232 -0.363838 0.531359 -1.323909 0.063495 0.714533 -0.588582 -1.898103 -0.143337 0.256936 0.149164 2.104563 -0.552921 1.460406 0.415838 -0.977403 -2.086409 -1.590591 -0.284934 -1.811210 1.397133 -1.269766 1.412355 0.750826 -0.404671 -1.081066 -0.011005 2.342744 -0.251753 -0.461992 1.677476 -0.527316 0.831697 0.335170 0.104197 -2.422455 0.195926 0.508152 0.847285 0.078888 0.334308 1.072384 -2.112273 1.253506 -0.797727 -0.400158 -0.397428 -0.344720 -0.797841 -1.598788 0.914023 -0.999731 -0.432746 -0.318721 -1.166223 -0.040277 -0.237814 -0.485163 1.811793 0.644016 0.820220 0.886612 -0.563015 -1.356684 0.920790 -0.064205 -0.252795 -1.264075 0.391034 0.239978 -0.263541 -1.063621 -1.386383 -1.215294 -0.884456 -0.404214 -0.720623 1.312973 -0.948820 0.418406 -0.811470 1.447158 1.508711 -0.346382 -0.967318 -1.704806
0.730036 0.058692 0.764382 0.503023 -0.092864 -1.596684 -1.634410 0.495663 -0.585119 -0.589827 -0.138392 0.604635 -0.440128 0.924691 -1.621015 -0.830546 1.039120 -0.599834 0.005283 0.951892 -0.975110 -1.070561 -0.895826 -1.017937 0.380555 -0.124809 0.913137 -1.632649 -1.069847 1.175606 -1.470939 1.057087 0.605312 -1.382364 -0.007978 0.820406 0.293397 0.298141 -0.492935 0.190730 1.166203 1.855842 0.714956 0.354051 -0.128193 -0.251885 0.353437 -0.927768 0.744686 0.037228 -0.944387 -0.526489 0.493771 0.205718 1.181125 0.631932 0.102628 0.123778 1.310432 0.278610 -0.938364 0.529650 -0.041409 1.209660 1.572511 0.458093 2.398834 -0.925719 1.115516 1.234636 -0.685389 0.279837 -1.326145 0.339743 -0.319524 -0.053644 -0.719351 -0.965888 0.528181 -0.545422 0.316799 -0.436516 -0.119912 0.121977 0.090624 0.445872 0.698282 -1.837858 -1.607986 1.617682 -1.220591 -0.054287 2.017185 0.564149 -1.958104 0.756634 1.576944 0.736070 0.001045 -0.290337 -0.136870 0.540320 -2.043197 2.338369 0.416427 0.974354 0.856709 2.114551 0.794881 1.129008 -0.047948 0.267113 0.685859 0.215752 -0.695781 -1.128593 -1.044275 0.786517 -0.407738 2.263004 -0.317747 1.542704 -0.667639 -1.812594 0.968226 -0.031716 1.267762 -0.042741 -0.460650 -2.642677 1.192119 -1.649300 -0.383908 -0.307013 -0.882687 -0.695765 0.820174 -0.544471 -0.205002 -0.175791 -0.095101 0.544157 -1.025232 -0.499979 -0.596818 0.172277 0.370418 0.539366 -0.560302 -1.499333 0.879341 0.970993 -0.511740 0.080651 -0.469976 -1.422223 0.906089 -0.056138 -1.227732 -0.074015 0.530633 0.566690 1.571732 0.131057 1.229008 0.155387 0.888821 0.227278 -1.218742 1.328285 -0.081493 0.150469 -0.881075 0.100529 1.595958 1.484653 -0.359656 0.077479 1.807606 -1.015976 1.313085 -1.117917 0.811835 0.602033 0.739311 0.839530 -1.121893 2.114749 0.707890 0.535602 -0.448814 -0.484350 0.147566 0.639001 0.655767 -1.329313 1.336176 -0.628647 -1.196251 -0.103088 -0.920914 -2.510858 0.491526 0.604791 0.736423 -0.245578 -0.067102 0.219435 0.994760 0.007452 1.204369 0.281878 -0.640061 0.267437 0.515961 0.145185 1.034451 -0.103799 -0.630680 -0.830066 0.607874 0.236172 -0.444466 1.270045 -1.781687 0.021144 1.971836 -0.024867 -0.598332 1.573368 0.333801 0.913432 0.639234 -0.085199 -0.338068 0.158673 0.014528 2.079472 -0.020157 1.034780 0.710886 0.348549 -1.140923 0.138787
0.974686 0.575930 -1.376673 -1.051334 0.501162 1.117367 -0.402429 0.392795 -0.544266 0.599504 -0.394166 -2.940416 -0.048177 0.497086 0.337345 1.694332 -1.333024 0.097671 0.196407 0.697135 0.511340 1.490793 0.689734 1.634585 -1.073531 -0.980267 1.071150 -1.247659 0.547190 -0.092303 -2.315037 0.125330 -1.665697 0.277061 -0.626810 0.653206 0.827375 -0.437850 -0.200184 0.301987 -0.103783 1.626441 -0.430371 -0.957886 -1.035665 1.419606 0.402071 -1.754840 -1.999344 -1.308399 -0.708342 1.252229 -0.031110 0.661070 -0.190931 -2.350926 -0.497178 0.586099 -0.577895 -0.964995 2.007380 -0.728404 0.133974 -0.019989 1.662314 -1.950772 -1.670212 -0.400152 0.467342 -0.568695 1.645455 -0.110008 -0.556430 -0.299959 1.650866 -0.454437 0.691925 0.200598 1.724894 0.044347 -1.331600 -0.523807 -2.275583 -0.775085 0.539821 -0.962744 -1.715553 -1.086333 0.145148 0.311522 -0.479866 -0.440176 0.922683 0.709039 -1.066378 -0.041531 0.127348 1.758921 0.782002 1.123086 2.424087 -1.037721 0.009128 -0.992327 2.215534 0.246371 0.271547 0.273239 -1.510354 -0.029626 1.428393 -0.303397 -1.990706 0.587459 0.631071 1.424488 -1.011163 -0.400541 -0.039296 0.927549 -1.618920 -0.023381 -1.724554 -0.264460 -0.085225 0.456666 -0.702856 -0.443272 0.578656 -0.832031 -0.997426 -1.808126 -1.390075 -1.855140 -0.646216 -1.082873 1.422231 0.339917 0.854104 -0.236679 -1.121970 0.303058 1.578446 0.439551 0.568537 -2.450738 0.298159 0.498297 -0.859124 -0.991317 -1.438035 0.120915 -1.285704 0.685234 -0.507137 0.102981 -1.720127 0.868506 0.724467 -0.085131 0.855200 0.316512 -0.320470 -0.651290 0.811832 -0.043113 0.579187 0.098586 -0.463043 -1.295378 1.168784 0.262563 0.258424 -0.162653 -0.157018 -0.569261 0.824515 -0.739145 -2.014297 -0.557741 -1.457239 -1.952509 -0.181131 -0.389535 0.189833 -0.314339 -1.192001 0.643567 -0.228680 -0.615959 1.685468 -0.766688 -0.384559 -0.977540 -1.201712 -1.018907 -0.078884 -0.610496 -0.606454 -1.420611 -0.569096 1.391700 0.423380 -0.432758 0.632020 0.090876 1.558785 1.332653 1.068396 -0.948035 -1.632260 -0.487031 -1.266982 0.031603 -0.377352 -0.072546 0.158368 -0.984070 2.137660 -0.507687 -0.262149 -0.188865 -0.190957 0.948003 -2.103724 0.033471 0.291552 -1.230399 -0.048707 0.508501 -1.125322 -2.355045 -2.484795 1.497736 -0.755238 0.873828 0.145030 1.362811 -0.160560 0.723539 0.944201 -0.565347 -0.099327 0.882771
0.335606 0.496665 0.079593 0.535613 -0.462085 -0.021568 1.436156 -1.048331 -0.998567 0.491652 -0.501761 -0.065496 0.217410 2.056238 -1.618461 -0.426484 -0.273794 0.706184 -0.792247 -1.215567 0.328163 0.137779 -1.115519 0.188205 1.079566 0.732373 -0.123269 0.024295 0.852152 -0.285261 0.866855 -0.944720 -1.171264 0.121921 -0.109756 0.202571 0.153735 0.160670 -0.702185 -0.783097 1.380730 0.213970 0.652323 0.633575 -1.486011 2.297071 0.839976 1.849168 0.380596 3.279112 -0.354085 0.015169 -0.904690 -0.025717 -0.076929 -1.561563 2.501210 0.768363 0.629285 0.021094 -0.510438 -0.785554 -0.599757 0.157355 0.067470 0.375852 -1.555807 0.582686 0.846748 1.650846 1.034794 0.054166 -0.356957 -0.718006 -0.042400 0.208771 -0.946078 -1.031980 -0.580921 -0.749116 0.606970 0.750638 1.277912 -0.448393 0.211221 1.845897 -1.946403 -1.404151 -1.733475 0.584046 0.719648 -0.077704 -1.050324 0.167283 -0.191203 0.973195 0.237450 0.025533 0.430649 -0.821259 0.499205 -2.188653 -0.521678 0.832613 -1.445493 -0.883969 -0.649983 0.470368 -0.773097 0.184745 -0.641894 0.362931 1.423313 0.616141 0.363571 1.471074 0.128996 -1.159479 0.148882 0.298299 1.682733 -0.637230 1.499711 -0.997765 -1.258204 0.069686 0.871123 1.143732 1.476575 -0.996490 0.529252 -0.071491 -1.067507 1.270636 -1.341574 0.694667 1.017327 -1.360128 0.580413 -0.949606 -1.728702 -1.256078 0.804983 2.106624 -0.003534 -1.230422 1.592379 0.042530 -0.219017 1.130558 -0.990633 0.031087 -0.347193 0.589166 -3.155346 1.783797 0.492105 -1.959736 1.113503 0.509542 0.220342 -1.209829 0.506464 1.754177 0.142586 0.755160 -1.764029 -0.555652 -0.155142 0.050354 -0.906958 -0.251438 2.878699 0.873889 -0.152918 -0.739479 0.952466 -0.243792 -0.558723 1.414147 -1.016128 -0.037752 0.891368 0.685872 0.153301 -0.844583 -0.615914 -0.852073 -0.122838 1.271861 0.309398 0.217414 1.398838 -1.447922 -1.036205 -3.364792 0.771866 1.392972 -0.979289 -0.198640 0.355738 1.683223 1.249729 0.032824 -0.062147 0.016638 -0.320174 1.474457 -0.484112 1.119318 0.246939 -0.135106 -0.792086 0.948234 0.716363 0.978765 -1.575899 -1.022598 -0.057441 0.639702 0.185532 0.180379 0.041516 1.821090 0.251721 0.479915 0.398096 -1.501095 -0.841365 -1.078328 0.882301 1.748687 -0.871352 -1.508898 -0.164584 0.863949 0.061957 -0.194475 -0.127512 0.092338 -0.103072 -0.580442 1.826672 -0.591740
-2.198121 -1.546186 -1.266150 0.521173 -0.683534 -1.370922 -1.892746 0.538814 -2.988961 -0.795975 0.368359 -0.094400 -1.364582 -0.950404 -0.442187 1.051311 0.382280 1.479315 -0.429582 0.470962 0.848172 -0.048382 0.446668 -0.948739 -0.099410 0.862169 -0.216305 1.281477 0.148542 0.579619 -0.397307 0.096790 1.031573 0.524968 0.150931 0.355416 0.930339 -0.389582 1.140108 1.651289 0.338339 -1.334624 0.040786 0.505743 -0.706471 1.474436 0.522442 -0.838630 0.231917 0.102916 1.137020 -1.461003 -0.676677 0.144193 0.335903 0.303448 0.571182 -0.338860 1.356486 0.990076 0.696601 0.425880 0.496675 -0.309093 0.707757 0.270902 0.581640 -0.476849 0.136636 0.908044 -1.438367 -0.718699 1.166022 -0.195832 2.359591 -0.697058 -0.012263 1.138223 -0.697276 1.028333 -0.391941 0.433698 0.120768 1.086099 0.184920 0.104227 -0.053745 0.280997 1.588586 -0.647769 1.343561 1.453048 0.608284 1.918646 -0.508606 -0.478610 1.765650 -1.315149 1.349747 0.104656 0.148674 -1.548268 0.294628 -1.255362 -0.098657 0.219271 0.504525 -0.045410 0.824344 0.178783 1.259276 -0.432738 0.269202 0.383912 -0.959418 -1.019676 -1.212711 0.443990 -0.260589 -0.372286 -1.117616 0.761300 -0.726735 0.023853 -0.561540 0.644852 -0.193731 1.164407 0.825423 0.370769 -0.709051 0.317834 0.413325 0.760320 -1.810064 1.219833 0.310192 -0.696505 -0.694013 -1.586461 1.250743 0.241236 0.651779 -0.950822 1.142506 -1.348867 0.670798 0.767605 0.488363 -0.626019 0.212816 -1.140136 -0.583149 -0.146639 -1.202760 0.515810 -0.614009 0.436742 -0.563767 -0.021079 -0.619454 -0.863837 -0.860792 -0.869792 -1.152221 -1.257720 -0.435081 1.137210 -1.971761 1.322902 -0.307618 -0.452314 1.937126 -0.286152 -0.824386 2.123809 0.428065 2.694147 -0.070402 1.341165 0.772308 0.863042 -0.448036 -0.440490 -0.297066 0.819531 0.191922 -0.617210 1.090399 -0.223063 0.301707 1.054858 -1.644416 0.910562 -0.389190 -0.335861 -0.533906 -0.643803 -0.705182 0.776418 -2.078972 -0.364941 1.829567 -2.195564 0.477974 -0.172645 1.443947 0.466347 -2.320123 0.356710 0.357705 -0.625193 -0.673489 1.112775 -0.702673 -0.792112 0.645793 0.782468 1.032087 -0.258959 -1.097219 -0.942736 0.475759 -1.348625 -0.946448 0.290265 1.302125 0.577259 0.284861 -0.798506 2.109490 0.571509 -0.333740 0.317682 -0.201593 -2.157073 0.988298 -0.537228 0.900759 -0.446551 -0.511289 0.365916 -1.526133 0.806306
-1.190815 -0.465759 0.144658 -1.260731 -0.922274 0.806892 0.361139 0.556856 -0.435607 -0.052287 -0.611143 -0.007420 0.184461 -0.480257 -0.424104 1.010234 -0.834742 -1.683918 0.354865 -0.381471 1.151283 -0.621728 -1.798367 2.272562 -0.111200 -0.968001 1.072879 -0.886457 0.424847 -0.332237 0.035561 1.270854 0.643069 -0.848329 0.011054 -0.404183 -0.702335 -0.241684 2.132676 -0.482789 0.683949 1.281656 -1.244483 -2.225746 0.994461 -0.032452 1.976480 -0.412999 -0.272638 0.958537 -0.078361 -0.394241 -0.463329 -0.546446 1.668245 0.399472 0.811860 -0.160072 1.221712 0.528735 -0.615774 0.041528 0.204247 0.983996 -0.927498 -0.907414 1.140668 -0.604648 1.402862 0.111660 0.310068 -1.289220 -0.932588 1.654435 -2.091308 -0.689779 -1.034915 -0.215687 1.799362 -0.146017 -0.208424 -1.077428 -0.416905 -0.033313 -0.059214 0.249327 1.349991 -0.145440 1.410714 -0.772132 1.506185 2.272315 1.081733 -0.742793 -0.355278 1.003975 0.660680 -0.067182 0.595191 0.404369 0.504450 -1.385607 1.021494 0.500881 1.351977 -0.067604 -0.457440 -0.993652 -1.520805 -0.108316 -1.414129 0.005133 -0.577901 -0.981500 0.833657 0.106557 -0.471432 0.722698 0.005276 0.816196 -1.100808 2.044559 -0.474236 1.334516 0.308078 -2.847204 1.121106 -0.975574 -0.624792 1.377484 -0.173063 -0.194950 -1.213392 1.113955 2.377791 -1.683823 -0.730867 -0.446313 -1.165571 0.449278 -0.256659 -2.438953 1.378115 -1.257198 -0.148697 -0.712555 0.475029 -1.141851 -0.099500 -1.798056 0.510447 -0.539327 -0.462768 1.671422 -0.500674 -0.022146 -0.591125 0.946057 -0.724686 -0.960164 0.986614 -0.189833 0.114934 -0.522508 0.677635 -0.212125 0.643002 0.693309 0.539203 0.282473 -0.214169 0.049795 0.171079 0.768313 1.096709 0.181034 -0.668403 0.418610 1.083778 -1.664005 0.984358 0.079070 -0.487945 -1.539980 1.073380 0.612628 1.927176 -1.129531 0.067164 -1.075872 0.475617 0.239834 -0.463498 0.273038 -0.929605 -0.365745 -0.296265 0.858422 0.329539 0.322867 0.792661 1.953112 0.410457 -0.380381 0.425296 -0.183819 0.870367 0.962634 -0.707344 -0.357426 0.082780 -0.976620 0.173776 1.212731 -0.564883 -0.181485 -0.492454 1.567509 0.534734 -0.674666 0.809345 0.356656 -0.186318 -0.476464 0.184974 1.073891 0.011268 -0.756848 -1.321045 2.717143 -1.158701 0.314722 -1.445433 -0.430195 -0.459571 -1.638862 -0.889961 -0.240654 0.600372 0.838397 1.491796 0.056856 -1.392694 -0.287900
0.908789 -0.872550 0.306846 -0.681513 -1.499215 0.059838 -0.324881 -0.040947 -0.827557 0.504953 -0.308713 1.378724 0.250432 -0.042268 0.939250 1.509796 -0.815396 1.012243 -0.856914 0.669774 0.606687 0.888625 1.221946 0.922177 0.894679 -0.786254 -0.446576 0.211456 -0.936214 -0.383804 0.860981 1.579150 -0.842550 -0.990143 -0.129676 -0.355853 -1.277284 -0.080240 1.003672 -1.882661 0.283757 1.995288 0.983513 0.518479 -0.729048 0.238785 0.852407 0.270864 0.347520 0.399293 -0.621655 0.185175 1.659775 -1.609181 -0.379642 1.020544 0.810485 0.397754 0.354999 0.616056 0.059395 -1.328633 0.949070 -0.730515 0.909976 0.533843 0.012802 -1.992891 0.934916 0.669049 -0.875237 -0.113934 -0.765941 0.737688 -0.237922 -0.163651 -0.673259 -0.668161 1.495959 -1.018725 1.274631 -0.160774 1.169602 0.089553 0.068003 0.209537 -1.499892 -1.249447 -0.540103 -0.422492 -0.786023 -0.644283 1.768636 -0.251139 -0.081461 0.825771 1.504395 0.087276 -0.668862 0.094527 0.777569 -0.890869 -0.651831 -0.259180 -1.065191 1.021597 0.551165 0.420475 0.866926 0.092458 -0.635563 -0.226460 -0.685595 -0.367268 -0.420688 1.267547 -0.998996 -0.929190 -0.103849 0.498056 -1.354424 0.100804 -0.227357 2.263709 -0.242935 0.519745 0.843238 0.240208 -0.611227 1.195915 0.701624 0.275214 0.817085 0.195536 -0.709668 -0.088985 -0.309670 -0.891573 0.575021 -0.585688 -2.852698 1.128529 0.580526 0.885069 -0.370136 -0.973166 -1.790735 -0.079721 0.780953 0.279191 0.713605 -0.908977 -1.515751 1.115164 0.258013 0.449251 -0.004239 -0.487668 -0.511826 -1.464700 -0.681898 -1.135456 0.749084 0.442742 0.135202 -0.095580 -0.517874 0.165636 0.511340 -0.433662 0.026921 -1.225306 -0.017709 0.339721 -1.844407 0.643815 -0.523331 -2.019152 0.374413 0.335216 -1.959765 -1.389417 -0.734777 -1.686614 0.635592 -3.124393 -0.311921 -0.408342 -3.095580 1.185031 1.335794 -1.471055 0.795643 0.723046 -2.168586 -0.375747 0.350132 0.293426 0.229470 2.063698 0.882843 -0.729629 0.174822 -0.262991 -0.346148 -1.160834 -0.492361 0.440873 -0.650000 -0.527596 -2.517707 0.399982 2.990885 1.485383 -0.486824 -1.785034 -0.150663 -0.667602 -0.267299 -0.969988 -0.856550 0.491388 -0.853459 0.583527 0.495027 1.494934 0.077654 -0.106949 0.500661 1.462894 0.572386 -0.323236 2.007354 0.726557 -0.145818 -1.169898 -0.104479 1.181947 -2.029413 0.040613 -0.245173 -0.424203 0.013984 2.070657
-0.163977 -0.144903 -1.273702 -1.232113 -0.962393 -0.728231 -0.686437 0.233862 0.339877 -0.217113 0.830104 -0.485209 -0.660621 -0.189384 -0.008712 0.151145 0.269473 1.821476 -0.545688 -0.738094 -1.616153 1.364851 -1.354575 -0.256239 0.057199 1.447949 -0.365490 -0.878068 0.854763 -0.013309 0.894077 -1.229337 -0.229467 -0.631692 -0.447413 -0.525455 0.654152 0.517502 -1.109705 -0.856092 -2.553654 -0.503840 -0.155137 1.515695 1.086278 0.129189 -1.316380 1.001402 1.608302 -0.480352 0.193229 0.760954 0.976259 1.484360 -0.400795 -1.103580 -1.310439 -0.288908 -0.219912 0.755273 1.360832 -0.050526 -0.521360 -0.691186 0.347985 -0.127624 0.042191 0.047576 0.799199 0.013525 2.041532 2.616254 1.392572 -1.313918 0.233606 -0.291359 1.590377 -1.793419 0.994335 -1.506752 0.081990 -0.382219 0.457299 1.994309 0.084841 -0.272568 1.392907 -0.935654 1.182875 -2.105946 0.032149 2.417602 -0.205823 0.469048 -0.006563 -0.680641 1.163930 -0.028071 -1.114213 -0.369720 -0.057080 -2.188994 0.277473 1.168463 -0.622537 -0.743543 0.685262 1.981929 0.551003 0.343295 -1.220386 -1.107951 -0.927850 0.291086 -1.180264 0.961616 -0.386723 0.191677 0.277540 -1.030975 -1.804338 0.305159 -2.391442 0.674963 -0.232444 1.397785 0.405912 1.770201 -1.029789 0.601330 0.587992 -0.181918 -3.246048 -0.386169 0.442375 -0.345313 0.488674 -0.667021 -1.242749 -1.743999 -0.074620 -0.206058 0.928559 2.027461 0.562165 -0.039100 -1.680433 -1.203588 -0.866379 0.415372 -1.080565 0.018866 0.897406 -2.300162 -0.881993 1.009293 0.309506 0.686671 0.043420 -1.155241 -0.403046 0.912928 0.402987 0.270043 -0.890400 -0.622752 -0.089797 0.507963 0.808543 0.977695 -0.474939 -1.125259 -0.279929 0.817600 0.848263 -0.904103 -0.718973 0.021428 -1.430799 1.824435 2.479665 -0.400500 -0.273002 1.004060 -1.595072 -0.300959 1.132919 0.247288 -1.824946 -1.517823 -0.424139 0.678698 0.535597 0.121587 -1.084954 -0.963350 0.579364 0.458387 -0.186308 -0.999022 0.800724 0.434024 0.152373 -0.511113 0.808167 0.750750 0.114632 -0.018050 -1.327364 1.085911 -0.532791 1.554173 -0.147708 -0.186425 1.688924 0.128588 1.026483 0.084097 -0.859609 0.007338 -0.517164 -0.191886 -0.451251 -0.724643 -1.402481 -0.866079 -1.803512 -1.376850 0.323444 -0.947371 -0.170704 1.248750 0.622687 1.134469 -0.575255 0.667545 0.390154 -1.035018 -0.722268 -0.153470 -1.911507 0.751754 -0.832353 2.936354
-0.123012 -2.289425 -0.671820 0.399854 -0.842580 -0.574819 -0.024835 -0.599145 -0.374484 0.789619 1.376456 -0.111211 0.418046 0.521271 -1.347544 0.175675 0.561908 0.487909 -0.994171 1.540747 -1.275430 0.262582 -0.357497 1.030907 1.363239 -0.714244 0.164549 -0.017719 -1.405757 1.388186 0.447815 0.073215 -1.193110 -0.294077 0.344275 0.204300 0.572442 1.634076 -0.856998 0.750690 -0.462252 -1.359789 1.580130 -1.167173 0.874948 1.241328 1.151468 2.229361 0.442693 -0.308884 -1.088741 -1.119292 1.081303 -1.188999 -1.814889 1.200825 -1.020107 0.601997 0.087263 0.193216 -0.399924 -0.378265 0.661805 1.230317 -0.713542 0.572589 -0.349802 -0.904871 0.425889 0.553342 0.047995 -1.599077 -0.008525 -0.732097 -0.094423 -0.529119 -1.539365 -0.656603 1.579340 -0.539179 -0.241552 0.596627 -0.648708 -1.832871 0.074309 -1.220016 -1.875304 -1.181512 -0.745087 0.661642 -0.747422 -0.185771 -0.328315 0.348434 0.125464 0.217893 1.395922 0.184559 1.198693 0.347643 1.215453 -0.982647 -1.157392 -1.296365 -0.993130 -1.269036 0.910502 0.644484 -0.541928 -0.498797 -0.102395 -0.753861 0.270454 -0.466863 -1.144242 0.783574 -0.092339 -0.786435 -0.309313 -0.459705 -0.502961 0.654996 -0.788134 -0.885167 -0.609449 -0.164863 -0.097802 0.774472 -1.608793 1.145520 -1.503921 0.808775 -0.180716 0.220797 0.999769 0.177073 1.633239 0.336448 -0.731337 0.233662 1.081879 0.269657 -0.284368 -1.360070 0.339372 0.580004 0.494542 -0.558553 0.386862 -0.280750 1.274739 0.087429 1.678979 0.806369 0.334929 0.129151 -0.853496 -0.396234 -0.546113 -0.146083 1.604126 -0.854871 1.107221 -1.672725 0.136805 0.886400 -0.866535 1.751016 -0.796729 0.980670 -0.407153 -0.127204 -0.688400 -2.769569 1.906527 -0.638684 -0.724221 -0.503789 0.089608 1.350413 -2.316159 0.136961 -1.712632 -0.437932 -1.689013 -0.254741 0.275925 -1.496529 -0.712334 -0.111141 0.061404 0.278693 0.910512 0.401328 -0.026232 1.704230 0.685335 -0.606846 -2.729096 2.497707 -1.516272 -0.949188 0.673771 0.411494 0.943324 -0.690816 0.872624 1.470365 0.789184 -0.014482 -0.239200 1.350449 -1.050633 0.226722 0.953898 -0.240235 -0.629013 -0.409385 0.059073 1.832296 0.258745 -0.273151 -0.049702 -0.831952 -0.628122 1.190834 0.022055 1.354608 1.318999 -0.330518 0.012487 -0.254000 -0.389532 0.387063 1.562107 -0.946668 -0.073048 2.860985 -0.634939 1.532750 0.197976 -1.486775 1.241257 -0.238035
1.401550 -1.365920 0.072621 1.057630 1.441930 -0.362560 -0.731725 -0.688678 -0.762860 -0.837816 -1.842803 0.215152 -0.601333 0.829911 0.277508 -1.488609 -0.977071 -0.656324 2.355347 -0.877023 -0.773781 -0.067310 0.741861 -1.066711 0.944995 -1.765509 -0.200898 -1.328364 0.008102 -1.833030 -0.343728 -0.461643 -1.062310 -0.787513 -0.334302 -1.934028 0.238997 -0.586453 0.093936 -0.028224 1.285219 0.975221 -0.606264 0.362163 2.227338 -1.014842 0.612989 0.411676 -0.621722 0.210978 2.050479 -0.149967 -0.414968 0.015445 -0.763865 -0.941265 -1.241678 1.423086 0.609756 -0.784191 -0.283396 0.129533 -1.490803 0.606690 -0.588615 0.351013 -0.450768 -1.813859 0.551221 -0.158361 -0.188877 1.233130 -1.068843 0.708182 -0.089682 0.135859 -1.335499 0.524719 1.177423 1.489795 0.103731 1.697872 -0.104586 0.174083 -0.668443 -0.801823 0.130497 -0.049356 -2.701354 -1.323431 -3.500849 -0.932537 1.991980 -0.091719 -1.486876 0.257252 -1.218082 -0.866379 0.281676 -0.540872 -0.778350 -1.181596 0.918070 0.549091 -0.806712 -0.488176 -0.910882 -0.819366 0.186655 0.822821 0.501353 -0.313254 1.108556 -1.025012 -0.586881 -0.070934 0.165892 0.749168 0.014770 0.718541 -0.311655 1.719442 -0.196879 -2.055642 -3.111690 1.169666 1.084650 -0.380195 0.093296 1.228597 1.495448 -0.365304 -0.634369 -1.375878 0.042739 0.490577 1.689491 -1.448274 0.521291 -0.451165 -0.726274 1.401928 -1.198285 0.092345 -1.252478 0.093467 1.035337 -1.393767 0.441945 1.264470 -0.892226 -0.509933 1.251645 0.581861 -0.240452 0.080688 0.953285 -0.130644 2.557414 2.117813 -0.604544 0.079238 -0.012566 0.395033 -0.796468 0.777033 -0.673912 -0.474354 -0.525245 0.378915 -0.254280 0.237994 -0.452524 0.061637 -1.118473 0.482462 -1.772623 1.500976 -0.275977 -0.146866 -0.908546 0.435221 1.138632 0.939902 0.427921 -1.220235 0.904177 -0.245022 3.569234 1.857247 0.086904 1.246360 0.724389 -0.755270 -1.294168 0.972191 0.212222 -0.100686 0.022514 -0.407581 1.084865 0.257974 -0.364193 1.192572 1.455482 1.570008 -0.318397 -0.722719 0.766978 0.516712 -1.404945 -1.915356 -0.338433 -0.227214 -1.199323 -1.955718 1.090140 -1.650444 -1.174375 0.044423 -0.091023 1.051901 -1.528503 -1.311230 0.432675 0.612228 1.232873 -1.845319 -2.971804 -1.303589 0.818663 -0.101500 1.534740 -0.118659 -0.006125 0.972602 0.730443 -1.327058 -0.750911 -0.262488 -1.670890 1.134122 -0.578237 -2.681723
-0.177932 -0.852381 -0.287428 -0.887357 1.162705 0.726396 0.189902 -1.440935 1.030511 0.364043 -0.391790 0.960636 -0.671731 0.120414 1.185459 0.561728 -0.415432 1.873808 1.347151 -0.779219 1.377584 0.972136 -0.358705 0.709641 -0.590623 0.877083 1.177436 -0.797199 0.756362 -0.283808 -2.073375 -1.559844 -0.663623 -2.128345 0.970378 0.193905 -0.290263 -0.579456 -0.611745 -0.961843 0.274694 -0.082235 -0.229429 0.177318 0.259403 0.646230 0.644714 0.272547 0.338417 -1.385076 1.117348 0.092516 1.035152 0.326574 1.035517 -1.245541 0.559549 0.188047 0.766066 -0.952428 -0.864504 0.195857 1.083061 0.182927 -1.399611 -0.263756 0.375364 0.560983 0.241726 -0.980239 -0.178545 2.024583 1.063500 1.803253 -1.187572 -0.780335 2.033424 -0.076626 -2.901258 -0.144822 -0.658389 -1.155969 1.605171 0.236643 0.376809 -0.254456 -0.848931 0.998114 1.916161 0.420138 0.991174 0.281517 -0.701369 -1.302833 1.082900 0.717161 -0.204553 -0.587495 -0.207566 1.109641 -2.141003 -0.545536 -0.119835 0.893075 0.173231 1.204274 0.446869 -0.570911 0.402638 -1.067806 0.498426 -1.692914 0.553446 -0.643073 0.128119 -0.338792 -1.837589 -0.650271 1.256869 0.077193 -1.260373 0.318716 0.062512 0.188917 -1.949250 -0.791635 0.089156 -1.230426 0.415538 -0.475859 -0.701767 1.503753 -0.062299 1.801549 0.428941 3.233423 -1.110135 -0.986828 0.054369 2.069726 -0.062715 -0.586922 -1.302158 -0.407559 0.771849 0.175998 0.857786 -1.562496 1.373430 -1.091984 1.380413 0.069109 0.639033 -1.438247 -0.203612 0.686957 0.360287 0.258515 2.326252 1.029822 1.461723 -0.267460 -1.226703 1.475995 -0.124249 -1.172307 -0.351556 0.244300 -0.221256 -0.454357 0.274029 -0.749922 0.960878 -0.227339 0.013615 -0.246090 -0.416293 -0.763434 -0.750484 0.242586 -0.424662 -0.059200 1.057401 -0.830732 -0.227223 -0.346142 -0.620723 -0.968994 -0.790005 -1.416700 -1.471668 -0.061718 -1.152642 1.594307 -0.327801 -0.638235 -0.569910 -0.416605 0.355428 -0.004838 0.794128 1.378759 1.510066 0.176662 -1.236541 -0.749388 0.286749 0.402426 -0.941019 0.823402 -0.402377 -0.582450 1.792607 1.030899 0.058088 -0.450355 -0.412758 1.147412 -0.427992 0.641861 -0.219447 0.045245 0.289263 0.699820 -1.396472 -0.830457 -1.226785 0.373439 -0.293026 -0.457173 -0.210610 0.269238 0.741245 -0.886212 -0.035556 0.922004 1.131928 0.382519 0.726416 -0.111838 -1.279380 1.225190 0.241186 0.538089
-0.601902 0.839528 0.553573 0.034269 1.087886 -0.057195 0.780976 1.457772 0.463286 1.001809 -1.756949 0.797793 -0.322156 1.822440 0.929980 0.808635 0.815570 0.619761 -0.881134 -0.892018 0.496488 0.793725 -1.344335 -0.825842 -0.249435 -0.669195 0.652895 -1.550219 0.782105 -0.740980 -1.320141 0.669822 0.239714 -0.300077 -0.628482 0.109715 -0.944319 1.635328 -0.559165 0.375843 0.575054 0.234091 -2.037659 0.751865 -0.560320 1.689376 -0.524365 0.799755 -1.429974 0.738638 0.470965 -0.622120 0.700936 0.235076 -0.008169 -0.184878 0.220219 -0.176780 -1.306732 -0.551413 0.652388 0.882302 -0.378598 1.398208 1.066178 1.640546 1.190146 -0.499936 -0.455269 0.794322 -0.794721 -1.592273 1.733854 -1.416081 -0.330616 -0.287981 0.427020 0.312892 1.036798 1.013222 1.295210 -0.231820 -0.682936 0.555682 0.013478 -1.788430 1.158170 0.516904 -0.840230 -0.378357 -1.210430 1.244032 -1.160750 0.123438 0.108214 -1.403155 2.698412 0.370101 -0.258155 -0.955997 -1.743378 -0.604672 1.510490 -0.602082 0.315795 -0.699317 -0.676434 0.962401 -0.264430 0.316565 -0.215416 0.600824 -0.933558 -1.399821 -0.098911 0.368970 1.273351 -1.285499 -0.007256 -0.923328 0.080975 1.153966 1.203513 1.158839 0.476937 2.055661 0.302177 -0.070769 0.206005 0.278369 0.513863 0.581597 2.382999 0.011847 -0.953659 -1.094151 -0.038314 0.721316 0.225741 -1.263787 -0.068663 -0.185611 0.638853 -0.743477 2.022589 -2.005579 -0.084581 1.577298 -0.446818 0.357553 1.278773 -0.595509 -0.830963 -0.127810 -1.922402 1.076178 -1.301874 1.145006 0.157198 -0.527824 0.309550 0.397752 0.325890 -1.874268 -0.068190 0.174678 -0.320032 -0.561149 -0.009326 -0.576836 -1.385817 -0.639217 -0.008364 1.492794 0.798048 0.705466 -0.298946 0.707469 0.530373 0.307537 1.055610 1.325878 1.667993 0.502399 -0.017186 0.090942 0.188522 1.138944 0.769926 -1.711814 1.058075 -1.332938 -0.117468 0.412577 -0.638377 -0.277318 0.033729 -1.693816 -0.441694 -0.682488 -0.552869 1.188867 -0.144150 -1.021329 0.070771 0.110400 -0.740937 0.155568 -0.703924 -0.603709 0.124291 1.438364 1.857885 -2.210935 -1.527458 -0.570453 -0.743123 1.489159 1.645868 1.266797 -0.931599 0.471037 0.351957 -0.109694 1.125533 -1.135691 0.638466 -0.991473 0.461375 -0.087352 0.085201 -1.736795 -0.322160 -0.766033 -0.191252 -1.026049 -0.550589 0.307043 -0.057197 -0.673053 2.303821 -0.427952 1.681252 -0.494721
0.496809 -0.748546 0.122070 0.549863 -1.030308 -1.050154 -0.162747 -1.384631 -0.254847 -0.505687 -1.235354 -0.325902 0.053184 -0.414941 0.069845 -1.280103 -0.586165 1.220630 -1.360693 0.923289 -1.174299 -0.669333 -0.380046 0.993579 0.927347 1.270836 -1.509588 -1.245677 -0.704100 -0.875864 -0.123385 0.064594 0.240844 -0.413098 1.308022 0.025806 1.089960 0.228682 -0.976257 -0.683650 -1.107912 0.993500 0.686101 1.274588 -1.410095 -1.378468 1.166123 -2.419007 -0.068332 0.442127 -0.497907 -1.523848 -1.052328 0.168452 -0.052098 1.301146 -0.138599 -1.581196 -0.646211 0.469516 1.105342 0.303831 0.587812 0.101896 1.684467 -0.495957 1.384267 -1.015334 0.701963 -0.331853 0.853446 0.485568 -0.789812 -0.272558 -0.067474 1.921738 0.758142 0.048921 0.508806 0.401821 1.483551 0.210870 0.125055 -0.054517 0.593805 -0.311242 2.624399 -1.149242 1.863545 0.182912 -0.514840 2.173933 0.898279 0.102771 1.327660 -1.289900 0.054668 0.248100 1.525862 0.231662 -1.190776 -0.354323 1.533988 -1.885695 0.799520 0.173317 0.828399 -0.614763 0.176133 0.272436 0.628501 0.652638 -0.246299 0.895388 1.457744 -0.650708 -1.599736 0.252706 0.701391 2.553966 0.399434 0.119888 0.827200 -0.289702 -0.392031 0.672876 -0.508730 1.154167 0.562803 -2.361467 1.154616 -0.436326 -1.067539 -0.020429 -1.599158 -2.552020 0.992875 0.271699 0.389341 0.604986 -0.434560 0.868580 -0.551119 -2.162646 -0.359745 -0.456440 0.249379 0.766361 1.236044 0.886196 0.587503 -0.334628 0.320127 -1.137650 0.920528 0.291963 -0.288371 -1.259147 -0.155616 -1.181430 -0.554147 -1.370188 2.531750 1.358984 -1.364360 0.000427 1.893596 -0.110756 0.631851 0.275453 2.872443 1.182415 -0.423065 0.893318 -0.003633 -1.618607 -0.264782 -1.586024 0.516717 -0.248016 -0.076046 -0.448231 -2.897555 1.294342 -0.588362 -0.342880 0.460394 0.254135 1.658687 0.736931 -0.302145 -0.926441 0.130753 0.398122 0.190535 2.602389 -1.049528 0.585459 -0.550261 -1.268414 -0.255182 0.075951 0.058333 -1.679888 0.758460 -1.201707 0.250120 0.367220 0.947389 -0.847974 0.987858 -0.512932 0.407821 -0.311780 -0.847643 -0.117646 -0.740802 -0.441156 1.847746 -0.348291 1.026295 -0.610482 -0.256791 0.670284 -0.033072 0.271912 1.619557 1.470184 1.030748 -0.260059 1.486947 -0.494387 0.469469 0.530144 -0.392763 0.335310 -0.120755 -0.791981 -0.029757 1.131703 -0.964791 0.301482 1.034911 -0.767244
-1.053001 0.248526 -0.056087 -0.307656 0.458341 0.061858 0.398834 -1.623379 0.431234 0.759754 0.669985 -1.048036 -0.570694 -0.257030 2.098618 1.082364 1.478374 -1.639183 0.047728 -1.415383 0.633214 0.050401 -0.023616 -0.808238 0.470748 -0.956526 0.315864 1.527904 -1.253117 -0.952159 0.727930 0.390594 2.407767 -1.440763 -1.272880 -0.646455 -0.815085 0.066775 1.382575 0.491945 -0.150602 -1.508782 -0.318738 -2.758465 -0.025544 -1.639311 -1.209401 -1.135220 -0.052551 -1.293212 -2.141417 1.288840 -0.250843 -0.716915 2.067509 -0.670495 -0.154318 -0.859545 1.375178 1.122124 0.255339 1.901686 0.054174 -0.925155 1.104949 -0.540302 2.302776 -2.249319 0.609366 -0.733355 -2.118846 -0.239134 0.801920 -0.946216 -0.082821 -0.713474 -0.826873 1.200604 -1.415327 -0.143776 1.458922 0.884149 -1.152047 -1.602845 -0.001012 -0.516080 1.545926 1.908304 0.517146 0.297868 -1.033950 0.653671 -1.534898 0.395878 0.941795 -0.132500 2.638795 -1.536059 -0.499910 -0.060565 -0.281698 -0.738391 -0.200753 1.438772 -1.205564 0.634379 -0.402421 0.180705 -0.895730 1.307535 0.851074 0.744802 0.455771 1.441474 0.635807 0.159323 1.149304 0.388088 -0.804359 0.047055 -0.025375 -0.259119 2.369803 0.824553 0.622562 -0.973127 0.368241 1.213635 -1.229824 -0.014895 -0.952325 2.652481 -0.153251 1.738702 -0.715247 -0.455224 0.719512 -1.085063 0.057580 -1.999442 -0.380647 -0.698933 0.698967 -0.816239 0.338980 2.013015 -2.287099 -0.448461 2.031607 2.008370 -0.825027 -0.111421 -1.566548 0.943352 -0.161853 0.060595 -0.546364 0.637333 -0.658426 0.712055 -0.204999 0.052657 1.301544 1.243546 -0.029251 1.218667 -0.305709 0.267581 -1.858321 1.520001 0.077392 1.470578 -0.934892 -0.921421 -0.179307 1.455546 -1.078453 1.140716 0.119898 -0.461356 -0.842964 -0.756183 0.315467 -0.498922 -1.425740 -1.498841 0.520710 1.592416 0.085882 -0.223567 -0.755558 0.270495 1.721170 -0.009532 -0.392597 -0.763432 -0.497664 -0.142902 0.331739 1.208007 -0.002152 0.608815 -0.041980 0.219321 0.007073 -0.556084 0.706534 0.843553 -0.515084 -2.034606 0.521486 -0.587647 0.393699 0.505714 0.858809 0.429508 -1.390685 0.541378 -1.702850 -0.258237 -0.836852 -1.289268 -0.437041 -1.175241 1.102864 0.817483 -1.197530 -0.910849 0.862178 -0.060124 -0.307357 0.542790 -0.252208 -0.070858 0.059807 -0.897438 -0.395630 1.255591 1.779540 -1.761888 0.075921 -0.205150 -0.522470 -2.044012
-1.230250 0.982734 -0.923401 -0.208710 -0.996875 0.674059 0.033173 -0.613814 -0.047944 -2.003282 0.620152 0.161822 -1.078615 -0.550054 -0.849456 0.997304 0.190053 -0.526995 0.805301 -0.514483 0.015269 1.178091 0.562573 -0.592463 0.608096 -0.019869 -2.032254 -0.300206 0.983008 1.145414 -0.051529 -1.204690 0.203045 0.647283 0.817556 1.241945 0.181513 -0.716078 -0.124100 -1.115751 0.316820 -0.409916 -0.506840 -1.256948 -0.259613 -1.035526 -0.664312 0.052867 -0.147900 1.119238 -0.304531 -1.127856 1.333890 1.182754 -1.358338 0.903960 -1.605132 0.641138 1.455908 0.686129 0.180054 1.919425 -0.308580 -1.550039 -0.575025 -0.234069 -0.861125 -1.023417 -0.719545 0.813066 -0.423678 -0.077193 -1.766226 -0.257911 0.672439 -2.621989 0.047035 3.627503 1.961347 -0.177375 -1.633168 -1.387664 -0.049834 -0.601725 2.130419 1.054689 0.049768 2.225203 -0.224635 0.521028 -1.784950 -1.206747 -0.382247 -0.324725 0.151415 1.086062 1.180688 -0.111084 0.939550 0.268376 0.174779 1.127137 0.662350 0.933364 1.248943 -1.183448 0.091363 0.408555 -0.572513 -0.245611 -0.521998 1.228542 -0.725452 0.874915 0.485916 1.041058 0.561007 -1.406636 0.002307 -3.291369 0.874477 0.614801 0.207279 0.165320 0.301660 -0.690619 0.156724 -1.090155 1.612848 -0.069206 -2.540208 0.647301 -1.053149 1.986662 0.469884 1.168033 -0.280380 0.039725 1.253590 -1.461428 0.859530 -0.709271 -0.179675 -0.004242 -0.912866 1.256925 -0.514291 -0.776155 -0.886993 -1.001556 0.992552 -2.134446 -0.595524 1.916560 0.076423 -0.325026 0.225494 0.232560 0.593899 -1.078837 -0.954325 0.593458 -1.494634 -0.908968 0.022793 -1.300802 -0.831862 0.991805 -0.361024 -0.199625 0.709691 1.235435 -0.503260 1.356420 -0.026566 -0.535731 0.767562 0.540929 0.971397 -1.805008 0.394747 0.119252 0.132819 0.202845 1.088593 -1.379099 0.640803 -0.336396 -0.599024 -0.431587 0.571965 -0.136238 -1.182281 0.617923 -0.110342 -0.487946 -2.771596 -0.302440 0.398840 0.180251 -0.555823 -0.581522 1.422260 0.264213 0.388930 -1.010825 0.886385 -0.214757 1.232923 -0.305362 0.437614 -0.029321 -0.075650 -0.655832 0.862547 0.304694 0.888850 -0.207316 -0.032910 0.490616 0.401071 -0.479396 -1.614566 1.608131 1.154462 1.746922 -0.723551 -0.664756 -0.455939 -0.154053 0.888787 0.496586 -0.877553 -1.085328 -0.019527 0.420561 0.639164 -0.343758 1.324819 1.438625 -0.226460 0.224337 -0.359864 -1.350153
