-99 -253 -332 345 285 -218 -274 -252 -249 -136 23 -244 -180 -156 -95 -80 -20 -181 1 -65 -377 119 -179 -422 -398 -91 -57 -312 -341 -329 260 137 -371 -201 -341 -233 -341 -225 -149 -527 -457 335 -110 -169 -353 -210 73 -122 -41 -202 183 -1 -451 -139 -9 -382 -389 226 186 90 -14 -518 -112 101 27 -316 -329 106 -361 -509 -24 24 -120 127 -422 -65 -157 -264 -223 116 -507 -422 5 257 -468 -304 -45 -404 -355 -65 -182 187 -356 -178 -287 -418 206 -138 -75 -4 -23 -87 -40 -28 -242 -308 -33 -340 -163 -410 -197 209 -206 -149 -127 -357 -436 -318 -77 -666 -90 231 -180 -381 -500 -539 -124 50 137 -177 -372 -459 -36 340 158 -398 -107 181 27 -32 -347 -352 -500 62 -197 -505 -125 92 251 -121 -202 -170 -247 -463 -120 -15 25 -231 -340 -78 -200 -335 -92 -12 -532 -584 -102 -379 -378 -98 -383 -490 -262 -192 -48 -441 -174 102 -326 -237 55 -60 -457 -130 -502 -397 10 -219 -345 -452 -265 -378 142 -116 -116 -178 -247 194 -1 -232 -186 169 -83 -676 -593 133 -93 -364 -365 152 233 -364 -594 78 100 -111 -64 -219 -257 -214 -196 -657 -127 161 -28 -326 -70 133 -476 -667 -23 -342 -266 -135 -358 -175 108 -147 -83 -236 -152 -424
-14 -442 -108 -151 -512 -279 -154 71 173 -619 -564 -366 -287 -2 -172 -486 -279 9 -528 -161 33 -389 -462 -252 -57 100 -74 -124 -626 131 -320 -474 39 14 -82 -264 -109 -607 -336 50 -369 -403 97 -63 -309 -534 -150 -174 -380 -79 -342 -352 119 -459 -191 -356 -109 -26 -397 -460 -331 145 73 -199 -441 -562 -239 -416 82 -37 39 -234 -406 -318 128 -190 -176 -123 -326 -249 -426 -244 -92 -32 173 -416 -294 155 182 -357 20 -76 -382 -329 -133 74 -368 -273 45 -514 -232 -202 -196 -21 -103 -614 -481 -3 -144 160 -323 -368 -124 -434 -338 152 89 -148 -319 -150 -179 -215 17 -201 -51 52 23 -424 -645 -476 -205 222 -52 -531 -134 159 -246 -576 -656 -416 -114 173 37 -125 52 -83 -295 -198 -162 -357 -379 -492 -168 -10 -438 -500 -286 -295 10 69 -392 -144 -86 -437 -246 231 124 83 -342 -237 214 -57 -352 24 -19 27 -310 -151 -177 -566 -229 -443 61 -217 -145 291 -160 -208 39 92 -28 -11 -633 -112 58 -149 -568 -332 -8 -324 -166 -395 -334 -83 -321 30 -134 2 136 -415 -608 -516 -271 -43 -158 -261 -44 -79 -219 -150 -74 -163 -77 -368 -445 146 -73 -273 -529 8 229 -59 -449 21 128 -338 -268 -21 -185 -562 -647 329
-286 -37 -245 14 262 -324 -586 63 -263 -161 103 13 3 -228 195 154 -68 -439 -58 -42 -7 -195 -183 -64 -167 -6 -344 -100 -149 -405 -1 -76 -265 -305 -370 -422 -31 82 -260 -162 141 -223 -462 -353 80 227 -359 47 144 -477 -451 -323 119 -333 -595 -70 -54 -457 -364 -73 -187 -86 -395 -44 0 -357 -268 193 23 -167 -208 -304 -478 -67 -340 -116 -30 -204 -349 336 15 -309 -51 39 -324 -588 -333 -77 -233 -121 -374 -270 -296 -308 -194 -294 -145 112 -179 -299 -226 -224 -170 -192 182 64 -417 -388 -156 -238 -169 -120 -12 30 -193 -615 -455 69 19 -130 -614 -520 -197 -29 -447 -709 -36 88 -14 134 21 -517 -174 -11 -193 7 -16 -434 -48 149 -107 -453 -347 -125 -415 -313 73 -86 -201 -238 -449 -193 -100 -206 -91 -476 47 392 70 -320 -268 -122 -456 -36 242 -313 -477 -358 -154 -20 -137 -206 -459 -485 218 -249 -300 -262 -618 -5 265 -64 -171 -240 -144 -340 -600 199 72 -214 -504 -646 -106 -168 -174 34 -154 41 -125 -353 -551 -154 -6 11 -69 -407 -408 -304 7 88 -551 -79 288 -515 -331 -251 4 241 -68 -462 -459 -235 -372 -311 131 -245 -138 -363 -100 127 -458 -551 214 -427 -157 -166 -166 -310 -525 -303 206 -169
-229 -557 201 86 -553 -204 287 -167 -301 -471 -208 -227 -328 -66 -191 -697 -590 -50 -319 -325 -321 -442 34 -10 -489 -175 -4 -421 -120 -175 -486 44 -347 -546 -18 -54 -239 -418 -533 -309 -450 -96 -70 -425 -182 -19 -310 -481 209 -7 -171 -177 -463 25 -295 118 162 -77 -414 -385 205 -91 -238 -376 -338 -287 -80 -435 -336 -267 89 -442 -468 180 549 -656 -11 -137 -377 -358 -317 70 -48 -245 -476 -295 351 207 -394 -572 65 -144 38 -478 -116 -135 -462 -109 -239 -260 -82 2 90 -322 -375 -294 -151 -334 -5 -340 -156 104 189 -400 -447 -131 -11 -228 -166 105 -276 -310 -252 -362 -13 -304 -94 -270 -325 -335 -391 -49 -122 -385 -370 -319 -48 142 -449 -19 76 -337 -400 -80 3 -313 -471 -698 71 -80 -221 -217 -432 -239 37 -547 -391 -256 -441 -248 -191 -94 -84 131 -373 -400 -182 62 -157 -65 -330 -714 -15 132 -269 -172 45 40 -199 -452 -379 -307 -246 18 146 -460 -198 -176 -360 -109 -191 -461 73 -483 -400 19 -166 -114 -230 -14 -482 -322 8 -510 -53 -101 -297 -51 -341 -320 188 -17 -498 -6 -330 -230 -154 -374 -325 -290 127 243 -258 -489 -285 16 -389 -84 -62 -236 -236 -228 -327 172 -203 -396 -188 -402 254 36 -218 -30
-114 29 179 -24 -693 -414 -149 180 -47 -114 -78 -359 -186 137 158 -128 -12 -211 -187 -170 -206 -398 -434 -224 152 91 -205 -529 -208 146 -213 -4 -384 -307 -200 -213 -47 -86 -113 -458 15 205 -445 -148 -19 -277 -373 211 70 -157 -377 -546 -141 -202 -94 -176 -544 -320 -218 -8 -353 -357 70 -90 149 -379 -166 184 -16 -81 -115 -233 -422 -67 -289 -122 -201 -216 90 187 -202 -268 -75 -243 -392 -346 -344 -480 -125 213 -413 -123 -111 -473 -117 81 -274 -114 -11 -96 -108 -496 -349 -51 -87 -532 -90 -61 -378 139 -147 48 288 -567 -573 -225 -129 -169 -80 -175 -348 -241 -497 97 -180 -93 -302 -311 41 193 63 16 85 -265 -452 -44 -33 -359 -171 -196 -108 -190 -52 -23 -558 -26 -157 -181 -74 -128 -453 -306 26 -266 -572 -596 -98 382 -214 -305 -400 -332 -98 -305 82 -211 -400 -29 129 -115 -219 -138 29 -338 -490 -119 -84 -315 -254 183 -205 -217 106 -382 -638 -205 -237 -219 78 98 -564 -302 -428 -26 220 -586 -263 -236 -364 -136 -249 -262 -314 280 102 -322 -144 -47 -391 -362 -236 78 250 -559 44 -21 -251 -182 241 -112 -115 -342 -334 288 79 1 -253 -342 -209 -275 6 -303 -246 -199 -281 -78 -168 46 -194 -534 -300 -206
-395 -356 123 -150 -73 -400 -126 -321 -191 -442 -434 99 -106 -415 152 -114 -330 -326 -237 -583 -545 -137 402 87 -433 -497 -154 -11 -42 -210 76 -107 -142 -277 -193 -8 -110 -405 -600 16 -51 -428 -98 -22 -423 -317 329 -342 -307 -11 -154 -207 -15 -316 -477 82 -248 62 -11 -267 -346 -1 -211 -158 -84 -335 -13 -268 -162 -219 -734 -4 142 -324 -234 -213 -109 -314 -209 -356 -552 10 12 -481 -413 -37 -119 -131 120 -176 -251 -403 -186 77 -177 -421 -112 -74 -225 -33 153 -161 -254 -48 -412 -2 252 -228 -204 -538 -81 -298 -237 -211 -3 458 -39 -183 -248 -370 -508 51 -67 -604 -209 -115 23 151 9 -442 -571 -10 -402 -309 -220 -260 156 -238 -280 -211 -226 285 -137 -465 -574 43 78 -385 -299 -3 159 -348 -218 -381 -212 -35 104 -385 -332 24 34 -433 -507 107 -12 -115 -258 205 -201 -373 -39 -410 -631 -38 66 -234 -170 -304 -239 -160 -142 -233 -206 -504 -141 131 -96 -34 169 -96 1 -318 4 -101 -311 2 -39 -328 -171 -48 -336 -462 -131 -255 -117 145 -329 -205 -153 -225 -144 -75 -228 3 -289 -376 -188 -116 -409 -275 -468 129 31 -526 -771 -430 -51 -45 -184 -36 -144 97 68 3 -154 -587 241 -147 -407 -148 -231 -69
331 -28 -372 -310 -547 92 -228 -163 -79 77 -153 -162 4 -153 -246 -30 -312 -238 -78 -128 -22 73 -470 -647 -261 -91 -112 -287 56 133 -359 -184 -188 -317 -602 -405 -187 -66 -313 -333 -53 -371 -373 116 -87 -453 -450 70 -351 42 277 -699 -551 108 -86 -470 -237 181 -39 -710 -487 -251 -178 -557 -270 -68 -127 -322 -385 -386 -147 -213 -214 -403 -108 43 -309 -302 186 -186 -157 -121 -225 -218 -118 -289 -110 206 -307 -162 -136 -266 -449 -50 -232 -333 117 -372 -483 -217 -200 -633 49 -191 -62 -593 -461 -195 -299 -44 -255 -155 -242 -272 -35 -190 -403 -220 -380 -147 115 20 -245 -337 -365 -165 -585 -263 -53 -103 -477 -263 -23 -307 -256 182 -46 -275 -240 -185 170 -438 -447 -167 111 -283 -291 30 0 -569 -410 -74 -93 -125 -181 -276 -498 -483 -110 84 -306 -329 -298 -499 -216 161 59 -570 -169 92 -270 -471 -427 -190 -351 232 265 -152 -510 194 -112 -532 -265 277 -91 -336 73 -479 -232 65 -568 -274 -267 -415 -277 -497 -128 -210 -498 -126 -311 87 257 -334 -569 -57 -229 -264 252 -325 -606 -304 70 -415 -340 -214 -503 -256 185 223 -13 -295 -300 -97 -32 262 -385 3 -313 -487 -273 -441 -370 -211 -340 -219 3 -195 -415 -566 286 -122
-144 -700 -3 185 -5 -467 -477 21 99 -469 -129 -251 -427 -146 -104 -288 -158 -397 -416 -281 15 -330 -297 -161 -252 -172 -315 148 69 -3 57 -587 -190 -282 38 -183 -158 100 -255 -391 -51 98 -423 -352 -82 71 186 -424 8 -242 -490 68 61 -135 -20 -19 -593 -285 -237 -8 172 23 -73 -1 -243 -419 -2 -96 -322 -400 136 -6 -567 -63 -4 -371 -306 -231 -214 -199 -167 -142 -574 68 -146 -303 -493 32 -109 -192 164 -531 -195 8 -113 -413 -35 -23 -331 -93 -163 225 -228 -252 -253 128 -225 -418 -22 -254 -2 82 194 -32 -262 -253 -260 71 -99 -170 -688 -447 -172 -454 -156 34 31 -280 -159 73 -190 159 -480 52 -82 -94 10 -167 -442 -82 15 -389 -355 158 -117 -153 -141 -256 -286 -147 92 -221 -116 -402 -513 -149 -140 -83 -94 -411 -228 -27 -157 -265 68 -267 -696 116 124 -296 -469 -220 131 99 26 -572 -425 -128 91 -376 -158 1 -338 -206 -157 -294 -292 230 -211 -559 -8 -321 -183 112 -225 -175 -188 -20 -185 -217 306 -464 -324 57 19 -537 -416 111 165 -432 -163 175 18 -73 -181 -337 20 269 -423 -65 -296 -319 161 -411 -447 -212 -135 -394 -52 -11 -2 -12 -165 -348 -376 309 -74 -186 401 32 -221 -357
-222 128 114 -146 -480 -441 -236 55 -122 -411 -81 31 -41 -369 -562 -239 -118 -231 44 73 -146 -150 31 339 -6 -309 -165 -178 -314 -111 26 -393 -258 158 -329 -225 -282 7 -254 -526 -334 -229 -323 -515 -82 -233 -385 -305 36 -60 20 -46 -584 -469 -216 -139 -303 17 -226 -431 -473 -271 108 -76 -149 -209 -432 -300 -428 -178 -34 -70 70 -439 -129 -87 -307 353 -200 -40 55 -355 -170 -230 137 146 -91 -248 -386 -321 -119 174 -76 -187 -496 -63 -73 -364 70 -255 -326 -333 71 84 20 -473 -349 -180 168 124 -140 -318 -625 -151 41 -43 -220 -385 -211 -108 -267 -416 -278 175 -492 -343 16 149 -473 -322 -97 -232 9 -478 -296 -351 -200 155 -426 -424 -70 -195 -341 -494 -14 -197 -485 -124 -135 -556 -25 41 -193 -200 -385 15 47 -345 -414 -377 162 -327 -376 -69 -206 -455 -253 -21 -457 -545 -129 -126 133 149 -457 -184 -395 -244 50 16 -728 -479 22 72 86 -134 152 -519 -313 171 51 -239 -291 -109 -154 -61 -95 -571 -314 -88 -205 171 -33 -58 61 -152 -397 -166 273 95 -533 -483 -194 -269 -37 -576 -718 160 -112 -608 -313 -60 -411 -296 6 290 -615 -381 -247 68 -182 -181 -633 -391 276 -368 -406 -370 -286 89 -281 -579
139 228 -386 -323 91 -504 -458 -140 103 113 -241 -393 -576 -511 57 289 -170 -460 57 84 -287 -448 -357 -219 -508 162 59 -469 -202 139 -239 -104 -148 -321 -269 -418 -140 260 -386 -125 -78 -209 159 -413 -263 200 313 -112 -165 -471 -244 -479 -28 -302 99 -81 -64 -104 -306 -167 164 55 -467 -685 -50 138 -167 -75 -37 -532 -604 -264 -31 -153 -338 25 74 -337 -272 58 -548 -658 -87 -270 -493 71 13 -434 -468 116 -82 -199 -140 -334 -168 -495 -260 -205 -244 -387 23 -61 -343 188 -317 -495 -14 53 -488 -518 -12 -103 -63 -59 -105 -171 -451 -159 41 -403 -406 -39 -215 -402 -231 34 -400 -381 -346 15 -23 -337 -349 271 -285 -63 224 -202 -262 -339 -459 72 -269 -250 41 -176 13 -175 -84 -5 -336 58 -69 -450 -288 -577 -189 -412 -122 -111 -315 101 -91 -192 -247 -131 -86 47 -253 -156 -51 -261 -383 -247 -155 -235 -231 -466 2 71 -168 70 -370 -334 107 -73 -506 -553 67 193 -34 -215 -391 -293 60 -197 -226 -288 -496 -206 -270 83 -285 -508 -282 -75 -292 -642 -344 -265 -278 215 -123 -29 129 -147 -160 -160 -270 -240 -89 -283 163 -16 -265 -433 -322 277 140 -151 -128 -294 -229 -155 -472 166 -96 -266 106 -16 -38 -292
-513 -345 -140 -461 -530 -412 23 63 -26 -116 -314 -272 -118 -77 -337 -654 -284 272 -227 -245 230 81 41 -26 33 -284 -440 147 -350 -450 -169 -107 353 -375 -156 30 -20 -452 -469 -227 -78 23 -435 -424 -156 -285 -164 -23 -219 -527 -179 66 -268 62 -242 -495 -72 169 -329 -253 -284 -277 108 -22 -92 -576 -617 -460 -390 -274 21 281 -380 -530 -240 -179 -222 -125 -66 -224 -540 109 311 71 -23 -379 -166 125 -359 -442 -327 39 -218 -495 -182 104 55 123 -188 -87 23 -116 -25 -503 -199 -42 -151 -189 -351 -117 -205 9 -134 -377 -16 -369 -310 -130 -531 -219 128 -159 -252 -66 -334 -521 -114 -341 -336 -386 263 -58 -360 -372 -542 -323 -187 -36 -100 -457 -117 240 -327 -499 -77 -226 -64 -320 -454 -115 49 -632 -561 33 -321 -235 44 78 -266 -70 -105 -95 -51 -513 -291 -174 -6 -33 -349 -246 -184 -677 -334 163 -43 -442 -110 0 -350 -200 -413 -307 -304 -221 -318 -378 -174 -301 112 50 -396 -398 -237 -421 -142 -120 52 -355 -517 147 265 -202 -181 -261 -83 -103 -78 -139 276 -320 -266 -36 -113 -415 -294 -233 -199 -342 -58 302 -574 -360 -385 183 69 2 -125 -616 -66 -398 -718 -217 49 -104 -361 -438 -250 -161 -223 -203 -183 -158
98 151 -290 -183 310 160 -336 -190 35 -689 -519 -4 -249 -511 -78 -138 165 -420 -569 -253 -134 -390 -714 -288 -470 -61 29 -329 -251 19 -209 -374 -214 191 7 -150 -301 -385 -387 -186 94 -250 -411 22 116 -637 -253 77 -14 -85 39 -259 86 -449 -72 -56 -399 -91 105 -199 -430 -443 -438 -275 83 -254 -167 282 -247 -377 61 -108 -296 224 77 -49 28 -392 -76 -75 -422 -429 -124 -160 17 -292 -589 -222 191 -155 -109 -555 -379 153 281 -431 -259 -367 -524 -215 -74 -74 60 -107 -512 -118 -74 -338 -317 -418 -336 -18 84 -394 -618 -217 -157 213 -55 -196 34 -5 -411 -264 -370 -201 -399 25 -166 6 67 -250 -148 -16 25 -95 -449 -49 87 -160 -498 -331 -292 -279 76 -42 -163 -167 -140 3 -375 17 37 -285 -90 -191 -176 -12 7 -616 -45 90 -75 -412 -350 128 -332 -437 -107 -85 -74 -341 -192 -208 -295 86 -562 -236 -78 -389 -644 -62 35 -254 -243 210 -177 -14 -99 -554 -403 -355 -256 230 -286 -179 -391 -128 246 47 -387 -130 29 -48 -404 -199 -93 -156 -262 -380 -44 -253 -297 -149 43 -237 159 -67 -515 -380 -121 27 -142 -113 -167 -406 -426 11 -46 -27 -28 -199 -73 -94 -262 -288 -109 -228 140 273 -19 -78
-91 -376 9 -204 -371 -738 -326 -46 -172 62 65 -84 -66 -152 -635 -160 -12 -336 -77 67 -38 -124 -62 -23 -157 -49 -215 -261 153 108 -477 -47 283 10 -369 -381 -378 -323 -200 -68 -463 108 150 -273 -397 -144 66 -453 -290 115 -411 -367 -229 -155 -241 76 125 -439 -310 -488 -104 6 26 -166 -179 -350 -392 -7 -32 -311 -532 -178 38 -399 -374 -60 -493 -317 -244 -166 -213 161 -188 -187 45 -188 -30 -150 -354 -171 -109 -442 -307 -58 76 -282 -180 118 -319 -358 -354 -168 -331 -352 -465 11 51 -371 0 -168 86 -435 -668 52 101 -204 -237 105 -260 -501 -198 -176 66 -473 -352 -15 -283 -430 -261 -292 -4 -60 -82 -366 -352 -473 -55 214 -508 -315 59 76 -159 -219 -307 -546 -284 -265 -289 9 -51 -464 -475 57 34 -35 -278 -653 -266 -202 -394 -411 -359 -330 198 185 -354 -514 -522 -219 -346 14 -16 -351 -16 -279 -39 -321 -189 -6 -66 -210 -98 138 -519 -419 -168 -3 50 -525 -61 307 -9 -402 -114 -202 -225 -124 -385 9 -110 -585 -142 -19 -420 -307 -156 -254 -114 -2 -203 -157 -121 -70 -204 -1 -115 -99 -74 -83 105 -279 -132 134 -306 -417 -413 0 -146 -270 -85 -479 -435 -121 -27 5 -430 -347 -349 -72 -105 -133
-387 -193 -72 -243 115 -193 -218 -116 -434 -492 70 -151 -431 -307 -78 -336 1 -237 -302 -317 -430 -72 -94 -399 -747 76 27 -416 -308 153 -158 -545 -384 173 109 -313 -76 -365 -186 -224 108 -130 -229 131 -208 -241 -508 -301 105 42 -17 -213 -637 -343 278 -17 -480 -184 60 -478 -470 -95 -18 119 -415 -487 -347 -39 -244 -624 -229 97 -163 -208 13 -155 -120 -578 -374 151 93 -496 -130 -115 -432 -167 -189 -242 -93 -36 -442 -533 -77 -172 18 121 -223 -463 -377 -103 -126 146 124 -209 -18 51 -143 -69 -761 -400 -415 -551 52 -82 -356 -172 115 160 -196 -212 -663 -271 -457 -264 -235 -172 -164 -303 -28 -329 -301 -101 96 27 -416 -195 86 -303 -165 -336 -520 135 -456 -332 -57 -22 -8 -163 180 -298 -355 -168 167 -35 -236 -338 -388 -62 -463 -403 -240 338 6 -92 -108 -322 -256 -108 160 -400 -417 -149 105 -503 -335 -43 -476 -255 -41 -100 -333 -144 -696 14 192 -401 -65 17 -188 -42 -363 -591 -170 -220 -300 13 -36 -214 -133 100 -312 43 -65 -399 -248 -413 -78 329 6 -174 -263 -119 -510 -281 -17 -383 -50 52 -305 -445 69 186 -403 -236 -173 -198 77 -367 -267 -15 -79 -127 104 -132 -210 -512 -81 36 166 -104 -85 -269
91 -259 -431 -269 -205 -287 -144 -444 -120 -94 -420 -64 -264 -497 -443 -170 -288 119 35 -250 64 -77 -336 -273 -60 -237 -218 -46 -281 -347 64 118 -481 -443 63 -164 -616 -6 -202 169 -79 -464 -380 -221 -31 -157 -352 -368 -53 -242 51 -284 -239 319 -372 -279 -336 -139 97 -207 -439 -370 95 -183 -411 -162 16 -215 -522 -140 -189 75 251 -313 -133 -142 -423 -196 -163 12 -561 -497 -19 -179 -349 -290 53 169 -115 -355 -376 199 271 -120 -292 -602 -282 -111 144 -102 -229 -195 -606 -29 101 -482 -565 -589 77 60 -149 -148 -25 -531 -242 -103 -276 16 -30 -300 -115 94 -87 25 -97 -266 -384 -17 189 -276 -317 -261 -274 57 64 -311 -104 -199 -246 -49 -224 -118 -120 -410 -114 -43 -429 -466 8 -128 -542 -218 -185 43 -190 -76 -92 -233 -193 -331 199 -345 -178 -78 -423 -202 -118 -85 79 -279 -364 -209 -355 198 84 -126 -90 -127 -252 -45 178 -386 -72 -203 -227 300 -221 -586 -302 12 -171 -274 -292 -117 -212 -298 -128 -462 -240 281 -387 -558 -140 96 34 -198 63 -353 -453 -284 77 -312 -153 259 -157 -532 -412 -294 -188 239 69 -325 -482 -334 -103 36 -125 -505 -344 42 -36 -106 -543 -241 48 -155 -583 -39 -103 -343 -402 -311
36 -22 -583 -409 144 209 -180 -154 -17 -364 -189 269 -388 -69 233 -169 -436 -141 94 -133 -630 -439 185 -342 -533 -4 -415 -357 -23 -144 -161 -176 -191 -49 -73 -452 16 -91 -177 -100 -392 -471 201 168 -517 -186 -430 -401 -207 -194 -86 127 -14 -227 -318 -224 -372 -357 -237 32 -116 -416 -155 247 -36 -162 -393 -490 55 -354 -384 -166 18 27 -365 -383 -130 -291 -364 -431 103 203 -293 -128 46 -390 -404 -268 -375 -145 -180 -104 -193 -277 -20 254 -48 -543 -120 -272 -226 89 -337 42 -467 52 -171 -185 41 -222 -207 -146 -428 -508 -331 -148 163 -285 -445 314 94 -256 -242 -776 -440 106 -279 -402 70 -95 -297 -168 -357 37 -216 -426 -236 -97 -288 -392 -363 242 -65 -612 -218 -212 47 -235 15 -87 -404 -309 178 -244 -487 -7 -98 -219 45 -557 -704 12 72 -528 -648 -179 -212 -70 -207 -729 18 -184 -416 -176 46 -137 -593 -223 -101 -263 -90 -33 -483 -12 -192 -448 -214 115 -41 -114 -549 -641 -184 -108 -162 -284 15 -273 -156 -273 -16 92 -431 -524 -236 -58 -495 -254 -210 -125 -217 82 -168 -204 -501 -92 43 15 -110 -473 -262 -212 34 -27 -137 -264 79 -1 -71 -262 -520 178 231 -94 -179 -401 -297 -490 4 -291 -79 80
-518 -559 85 -113 -317 -352 -326 -94 -458 -70 -127 -430 -60 -362 -454 137 232 -411 -351 -280 52 -370 -493 -45 89 -214 -322 53 -185 -282 134 97 -485 -147 -312 -99 -60 -534 39 0 -176 55 -257 -526 -80 -165 -240 -65 162 -165 -253 -364 174 -61 -390 -404 -155 -195 -121 -90 -376 56 -170 -482 114 66 -363 -368 48 -213 -303 -71 -236 -464 -584 -213 4 -120 -514 68 27 -381 -147 -5 -446 -512 -337 -262 60 -75 -359 -143 199 114 -415 -367 -187 -51 -289 159 233 -435 -142 -317 -227 -224 -410 -20 -53 -278 -603 -722 -219 21 -119 232 -262 -335 8 -343 -445 157 -313 -315 138 -197 -248 -518 -365 -112 -395 -52 115 -397 -248 -311 112 -267 -408 86 -54 -182 -280 -48 63 -9 -386 -319 -179 68 -325 -147 -409 6 -90 -84 -150 -283 -464 -308 280 20 -278 -367 -52 180 -22 -355 -303 76 225 -187 -211 171 -48 -659 -58 -129 -325 -169 100 -124 -582 -203 28 42 -141 -254 88 -290 -319 55 -313 -227 196 -125 -154 -427 -606 24 -391 110 -188 -226 254 -165 -371 -169 -235 57 95 192 -150 -402 -150 56 -283 -543 -398 -412 -37 65 -224 -8 -61 -255 -575 -148 128 -566 -299 -187 -449 -143 41 -323 -591 -175 -115 140 77 -172
84 0 -27 62 -376 -303 -64 -39 -478 -433 -241 -114 -88 90 -529 -40 -172 -330 -316 -152 -85 -494 95 16 -492 50 88 -93 -401 -525 -312 63 137 -459 -418 -104 -397 -199 -2 -181 -281 -237 -214 -133 15 -120 -461 5 -262 -36 76 -172 -325 -195 -348 -429 -23 -160 -308 137 111 -305 -141 -207 -491 -400 -340 196 -21 -131 -414 -431 -437 -368 151 188 -375 -123 -193 -115 -422 -493 26 -301 -462 -51 35 71 150 -386 -207 207 -238 -490 -260 -61 -103 -313 139 -213 -589 -342 59 235 -203 -33 4 -345 -105 -439 -692 304 113 -474 -23 -104 -72 58 -390 -358 -180 -176 -318 -57 -96 -214 -691 -260 82 -29 -263 -370 13 128 -353 -214 -230 -56 -164 -159 -414 2 76 -78 -251 -561 -75 -262 -115 -567 -170 95 -512 -502 -68 -182 -358 155 -271 -248 -57 -379 -461 -293 -372 -408 -208 -68 -216 -102 -261 -395 64 -57 -76 -78 -531 -391 127 239 -45 -93 -96 -436 -82 34 -524 -554 -164 -6 -114 -67 -263 -126 -414 -452 -168 -486 65 -154 -121 -270 121 51 -532 -393 268 -187 -306 -97 84 -325 -538 -93 -183 -283 -164 -93 -188 265 263 -381 -503 -363 211 138 -198 -190 -479 -32 140 -193 -257 -282 -281 150 -119 -171 24 -485 -676 81
-299 -179 -16 -273 -495 117 -142 -480 -296 -112 -21 -19 29 -554 -100 -251 -364 3 30 -144 244 43 -380 -439 -128 -90 -393 -260 209 9 -54 -74 -603 -80 107 -194 89 -99 -28 -511 -287 -82 -32 -140 -154 -611 -204 -286 -129 -181 -126 -210 -493 -683 105 -41 -373 102 -481 143 52 -673 -155 -55 -137 275 131 -315 -484 -490 -16 -453 -438 159 239 -431 -653 -272 110 265 -4 -378 -514 45 8 -303 75 -126 -618 -105 -13 -557 -416 -40 25 -349 180 198 -30 -281 -75 -20 -300 -68 -204 -517 -83 -226 -317 -491 -54 -155 -186 26 -459 -344 -36 -11 -118 18 -218 -275 30 197 -195 -399 -154 -450 -289 92 -81 -236 -129 147 -112 -59 -199 -649 -348 -215 -296 -350 -415 0 -296 -369 -179 175 76 42 -321 -421 4 -253 -350 -239 -117 -17 7 -403 -333 -179 -145 -109 -146 87 -89 -300 -5 320 -520 -549 -95 -52 -118 -239 -447 -29 146 -493 -441 -84 -258 -533 -525 29 -7 -31 -116 -84 -278 -561 -121 -308 -70 30 -588 -470 -310 208 -46 19 -510 -111 -64 -213 -361 7 -113 -437 -254 -158 -330 -175 -144 -282 -302 -211 -298 -305 -299 147 52 -258 -393 93 -302 -411 -36 -244 -149 -404 -363 -238 -97 31 -127 -601 -671 -266 90 -9
-12 -96 -308 -292 -181 -26 -323 -254 232 179 -139 -58 -543 40 177 -7 -337 -126 -178 -81 -341 -514 -14 -353 169 317 -435 -396 -476 79 -134 -742 -148 -87 -124 -40 -820 -331 -203 -62 -360 -208 -139 -379 -542 149 -358 -531 -12 363 -408 -268 219 -29 48 -340 -46 -314 -15 -348 -440 -49 207 -14 -495 -344 -126 -238 -247 166 -92 -68 -399 131 -54 -480 166 155 -122 -219 -416 -265 33 -227 -546 -97 -100 53 88 -255 -479 -160 -272 -304 -298 -211 -65 -592 -56 137 -587 -474 -354 2 -74 -650 -321 111 -298 -72 241 -310 -30 184 -167 -307 -502 -10 -17 -335 -339 -150 -125 -269 -256 -322 -525 297 237 -286 -728 -224 -98 -244 51 -196 -628 -239 227 178 -260 3 166 -211 44 -426 -109 -175 -328 -505 -426 -132 -503 -59 111 168 -250 -151 -375 -330 -392 -132 -175 118 -26 -297 -333 190 215 -517 -18 254 -261 -264 79 -190 -238 -97 46 -515 -350 -134 -106 28 -316 -372 -206 -57 -203 -395 -280 -91 -261 -290 -644 -111 0 -118 -364 -454 22 -302 -78 136 -178 -452 198 -45 -510 -147 -70 -66 166 -114 -41 -49 -149 -48 -505 -32 -247 -398 121 -342 -281 144 4 -325 -196 -63 -605 -14 202 -613 -421 -62 -173 89 -7 7 -113 61
-285 128 -179 -90 -368 -187 -163 -104 -374 -682 25 -439 -508 -375 -126 -424 64 -136 -552 -134 -189 -344 -213 -140 -225 -220 -81 -400 -81 -206 -20 -157 91 -436 -318 -397 52 -268 -472 -261 14 -298 157 215 -158 -141 197 187 -82 -399 -305 -87 -336 -610 -389 -7 -330 -222 -106 119 -313 -317 4 -413 -331 -288 -141 249 37 -193 -444 -659 -242 -455 -231 -287 -96 -329 -452 -191 -233 -179 -386 6 218 -141 -355 -400 -204 -276 -411 -143 99 -233 -249 -40 145 -203 -616 -283 -144 -320 240 -222 -390 79 39 -402 -86 -254 -285 -380 -307 -236 -59 -270 -268 -99 -292 -25 45 -115 -369 -350 -196 -204 -99 -187 -145 -290 42 86 -463 177 2 -190 -102 -371 -283 -138 -288 -533 -434 -338 -166 -398 -152 180 -379 -394 -45 -72 34 -171 -371 -127 -116 -190 -269 -151 123 36 44 -398 -553 -268 -171 -29 75 39 -628 -551 -281 -260 -73 -128 -24 -232 -576 -197 -260 -347 -71 -342 -21 -27 -376 -480 -421 72 152 -36 -171 -163 -69 -387 -56 -80 -189 -232 -510 -66 -73 -375 -260 -130 89 -104 -450 -407 177 213 -375 -423 -157 -63 -8 -521 -74 -159 44 73 -499 -356 154 -239 -489 -36 -269 -29 -73 -416 -511 115 -121 -244 178 -596 -775 -224 164 -433
6 -196 -368 -147 -184 -128 117 -268 -240 -277 -218 65 -41 -82 -271 143 -82 -248 -429 52 189 -212 -28 176 -246 -409 20 18 -386 -93 -195 -538 -286 172 -415 13 -221 -255 -108 2 -208 -118 -291 -422 -314 -208 -471 -443 -226 122 -113 -357 -508 124 21 -343 12 -520 5 -140 -233 -127 60 -256 -327 -104 -18 -264 -430 162 -10 -469 -466 343 55 30 109 6 -37 -318 21 118 -121 -80 -523 -407 -1 -134 -193 -248 -360 -315 -142 -88 -237 -396 -261 -531 -184 -43 -207 -39 -234 -184 157 -145 -58 -159 -501 -55 -206 -68 202 -408 -34 -111 -561 -180 -189 190 121 -46 52 -381 -468 90 190 -251 -512 51 -227 -414 142 -19 -519 -167 2 -241 -42 23 30 -114 164 18 -59 -60 -286 -87 314 -427 -74 -189 -693 11 -149 -112 -163 65 2 -371 -603 -407 -53 174 -280 38 -7 -307 -302 -330 128 151 -352 -180 142 -189 -273 -98 92 102 -290 -460 -208 -84 104 -350 -300 191 -65 -344 -128 -422 -701 -121 -59 -498 -254 -132 -125 -324 43 101 -152 -66 46 -138 -328 6 -478 -416 38 -86 -480 170 94 -336 -255 -31 -352 -176 -513 -203 219 -238 -105 -567 -108 346 -9 -710 -336 -384 -458 -108 -304 -23 -25 -127 185 -222 -358 151
-493 -119 -275 -445 161 -125 -423 -145 -111 -382 -309 -28 -26 -257 -287 -405 -142 -217 68 -225 -466 -341 92 -287 -441 -56 20 -166 -458 -357 -125 -55 87 -192 84 1 -123 -151 -28 -496 -21 -280 -492 -133 111 50 -190 -171 -112 -452 -355 -45 -258 -31 -275 -29 149 -199 -327 -160 -278 -256 -529 -18 78 -360 -362 -184 36 -183 -13 -24 -389 -608 -59 -73 -137 -683 -492 -206 -325 -323 -139 214 -537 -332 88 56 -185 31 -166 -177 -79 -353 -691 -331 -9 -33 -384 -137 -128 -255 -145 -449 -399 -210 -229 -270 -312 -163 267 -297 -330 -345 -14 -325 -144 -45 -430 -96 -62 -199 -167 -359 -428 191 -43 -158 63 -124 -149 -76 -107 -88 -372 -301 -381 -364 -238 -441 -283 -178 -241 -79 -188 -274 -193 -538 -416 -341 -180 74 25 -20 -314 174 -18 -111 -271 -47 -10 -418 -457 -346 -117 -161 -361 184 63 -309 -432 -180 -379 109 -272 -189 104 -517 -559 -370 6 240 -326 -184 82 -316 -592 -600 -70 13 -123 -209 -148 243 -249 -71 -175 -342 -76 -179 -472 -284 27 -420 -344 -118 180 -356 -68 -148 -272 10 -464 -192 -289 121 57 -153 -21 -334 95 -247 -440 -164 -394 -478 -399 -318 -525 107 39 -249 140 162 -35 -600 -429 -275 -132 163 -127 -565
-105 -336 16 108 -298 -433 21 -148 -409 -257 -392 -485 179 117 -408 -359 -135 -186 -183 -102 -173 -190 -189 80 -199 -134 -550 -372 -173 -462 -105 -200 -12 -4 -218 -479 -148 19 -601 -314 -464 -492 5 -23 -220 -224 -299 158 38 0 -146 -105 -279 -494 -271 -390 -303 -213 251 -40 -123 -457 -286 -130 -459 -439 -58 -16 126 -115 -535 -8 -23 -186 -385 -136 -166 -41 52 -268 -22 27 -101 -459 -600 -121 -112 -231 -382 -67 -123 -13 -371 -333 -76 -251 -109 -34 -334 -251 -400 -678 -212 104 -270 -128 -80 -60 53 -40 -179 -314 -40 -238 -208 -379 -172 -178 -169 -73 -132 105 -514 -487 158 -109 -360 -224 -290 31 49 -13 -437 -520 98 -380 -153 -21 154 110 -184 -189 -326 -323 -136 46 -68 -160 -128 66 -87 -425 3 -280 -166 -428 -333 -166 -333 -450 -481 49 -162 -499 -79 -195 230 -292 -436 -201 240 -207 -209 -239 -150 32 29 -158 -232 -130 -2 -367 -328 -6 -279 -414 -326 140 37 -476 77 157 -672 -346 -206 -233 -111 127 77 -427 -132 79 -288 -292 113 10 -508 -51 -262 -524 121 -69 -78 -68 -315 -136 -286 -89 -349 -463 67 -216 -193 -386 -137 -134 -40 -72 -35 -270 -333 -253 -257 -381 -517 -150 -171 -189 81 -262 -517 -316
-533 -74 -319 -372 -319 -176 -298 -5 157 -172 -54 -385 -356 -295 -515 44 -89 -204 -319 -260 219 -402 -162 -145 -215 -447 -301 -313 39 -66 4 -296 -411 -120 -436 -150 -57 -65 -247 -321 192 28 -71 -394 -675 -217 20 -353 -444 -430 -306 14 -197 -459 28 55 -264 9 -285 -387 0 -415 -173 -78 -146 187 -196 -205 -454 -44 92 -543 -655 -48 -68 -391 34 -347 -411 70 54 -602 -346 142 -116 -336 -401 -81 12 -91 -56 -526 -303 187 -294 -542 -368 -302 -255 103 -214 -110 -367 -502 -65 200 -340 -319 2 -548 -423 54 -53 -470 -674 -106 -55 65 74 -519 -314 -159 -43 45 -118 -571 -745 -331 37 52 -199 -656 -463 65 -429 15 -264 -388 29 -264 -94 -322 -277 -169 74 -177 -176 -314 -351 124 -265 -235 -397 12 2 -145 -488 -52 79 -674 -71 32 -66 165 -314 -143 -292 126 -275 -307 -242 -144 -27 1 -85 -505 -404 -376 -115 171 -391 -318 -313 -109 -264 -382 -280 -336 63 -213 -133 -287 0 -274 -214 -179 -431 -505 -177 101 29 -417 -447 -284 -124 -249 -83 -265 -146 64 -203 -434 -53 -54 -302 -170 -177 67 -263 78 -189 -270 47 4 -74 -420 -333 -103 -438 -464 -42 122 -31 79 131 -446 -244 83 109 -242 -293 203
72 -174 -132 -146 187 -389 8 -84 -249 -238 -385 -179 31 38 -9 -265 -299 -117 -153 -479 -239 128 -67 -195 -225 -71 -175 -346 -567 145 -80 -228 -242 39 42 -308 -193 -12 -364 -632 -201 -393 -5 -44 -113 -360 -470 -164 -25 357 -209 -324 -119 113 -355 -395 163 -445 -490 -250 -281 -96 -286 137 -10 -442 -361 -157 91 -522 -602 -353 202 31 -134 31 -578 -141 -35 -237 -383 -50 -177 -303 -192 57 -127 -262 7 76 -404 -190 178 -422 -292 -100 -313 5 -109 87 -627 -472 -200 -219 81 139 -17 -451 -569 -18 65 -396 -226 -399 86 -68 -96 -208 -549 -215 -34 -72 -519 -373 -162 1 75 36 13 -317 -448 -135 8 -195 -269 -474 -218 8 -229 -121 -90 -130 -227 -383 -5 36 -294 -446 -91 -267 -646 135 129 -256 -127 -94 -399 -501 -341 67 -122 -536 -11 -352 -102 -437 -180 -61 -219 -10 80 -204 -230 -335 -425 -190 -326 -468 -15 -275 -183 -100 -420 -121 284 -9 -238 -104 -216 -125 258 -581 -567 263 31 -11 -560 169 -164 -308 -141 -227 -270 -399 174 -10 -288 67 -406 -23 -324 -245 -109 -295 38 -181 -304 -17 96 -388 -533 -163 -234 -79 -295 -197 19 -270 -549 -260 -21 -209 -343 -447 -213 -226 -178 234 -460 -641 282 154
-82 -230 -300 -248 -291 -194 -221 -553 119 -77 -612 -93 89 -224 -371 -425 -254 -515 -729 19 228 -217 -375 -513 -597 -263 -94 -124 63 -379 -176 39 -97 -516 -463 -5 82 -396 69 -169 -250 98 -189 -133 -196 -290 159 -174 -106 -342 -634 -220 -58 -302 -516 23 -254 -588 -312 40 330 37 -165 -66 -96 -267 -493 -260 -172 -233 -193 -216 -99 46 -91 -325 20 -353 -237 -318 45 -289 -347 -133 -152 -509 -313 -65 -443 -407 -389 -532 -43 57 -178 -148 -477 -273 58 -138 -222 8 -416 -568 220 -254 -674 222 44 -631 -57 -2 -476 238 93 60 -757 -317 -32 -92 -86 -389 -48 20 8 -659 -812 -161 -300 -388 76 62 -379 -496 -390 24 -169 -442 105 -277 -108 -360 -504 -228 50 4 -338 -9 -166 134 -335 -166 -91 -457 -99 -596 -480 93 369 -146 -187 -111 -209 -239 -456 -206 -294 -202 -165 -11 106 -283 -518 -408 -22 -119 -242 -108 -345 -403 -158 -112 7 230 -160 -264 -149 -48 -326 -19 -398 -134 -277 -231 136 -505 -161 -75 -152 22 -334 -648 -33 152 -67 -449 -296 80 -449 -352 295 122 9 -465 -574 -178 -370 -232 -135 -184 -515 -103 282 -99 -343 -147 29 -131 34 62 -356 -215 4 184 -382 -212 365 -290 -525 34 -296 -234
-378 -254 -69 46 -32 -168 -53 -407 -63 -332 -196 -88 -355 -196 -9 -6 -142 10 -167 -77 -377 -178 -10 -547 -21 -110 -370 198 -309 -448 -77 48 -461 -216 -223 -225 41 -471 -603 -199 -261 -234 -253 -347 -322 -402 -316 -285 92 115 -112 -5 -202 -177 -188 -454 -257 -42 -87 -354 -466 68 -360 -577 -354 -195 -97 109 -413 -675 -100 -99 -29 -169 152 -251 -547 -296 -334 189 134 11 -34 -274 -282 -205 -135 103 -71 -176 13 127 -12 -459 -565 -304 -123 381 93 -425 -615 -163 -180 -3 -295 -337 39 -282 -438 79 -130 -363 250 -391 -654 -413 13 -187 -145 -467 -425 150 -293 -300 -279 -143 98 -125 -370 -483 -374 -346 -61 54 -263 77 -168 -226 -61 -25 -76 48 148 -196 -68 -637 -155 -120 -217 -20 -571 -630 54 126 -413 -157 -321 -288 -127 -17 -34 -465 -237 -37 -4 -117 -375 -417 -203 -30 -47 190 -12 -120 -255 -589 -219 64 -333 -25 34 -48 -194 -421 -49 -122 -547 -693 285 -359 -90 -198 -90 -164 -708 -343 -221 -274 -170 -206 -430 15 280 -136 -441 -137 -20 -202 -230 -55 -24 -261 -781 -20 35 -283 0 -110 -39 -349 -23 359 -559 -492 -148 -163 -241 -217 -136 -413 -142 -62 -67 -256 -128 -139 -480 -389 219 183 -161 -234
-21 -396 -85 -369 -271 -137 -297 -272 126 -349 -155 10 -463 -198 -246 -37 -101 -376 -366 -546 31 -415 -310 -35 -180 -148 -178 -195 102 -454 -414 -48 -111 49 -209 -249 -47 -595 -210 113 -19 -79 -27 -335 -122 -277 -355 125 -3 -4 -394 -562 -110 -340 -196 188 -258 -162 -359 -623 8 285 -486 -83 346 -213 -235 -67 -158 59 -198 15 80 59 -545 -215 -143 -221 -14 -351 -326 -52 217 -345 -512 13 -198 -660 54 -242 -551 -320 -72 -170 285 -358 12 -200 -516 -252 -142 215 151 -375 -219 -166 69 -99 -336 68 -313 -155 -241 -99 241 -218 -189 226 -444 -111 -382 -258 -28 -461 -101 -80 31 -461 -235 238 -195 -301 -148 -129 -507 -165 189 -651 -445 117 156 -492 -614 35 -394 -55 -155 -276 -71 -378 -217 12 -278 -214 -444 -623 296 156 45 -414 -605 -6 -135 -509 -49 -324 -520 65 48 -83 -147 -394 -124 -208 -165 -456 -161 -366 -511 -56 -72 -76 -23 -271 -427 145 -62 -23 -359 -309 -155 122 -142 -148 -29 -443 -135 98 -443 195 -99 -365 -424 -251 -363 -231 -239 -111 92 -263 -363 -176 66 205 -153 -338 -490 -201 -135 89 -226 -322 -280 -193 -185 98 -400 -327 -227 -70 109 -245 -327 -219 -315 -211 83 410 -637 -439 -339 -394
-371 -214 -82 190 -504 -227 -207 -79 224 -224 -290 -375 -474 219 226 117 -585 -256 -301 -102 21 -389 -85 -276 -172 -311 -552 45 -141 43 -20 -230 -196 -133 -56 -154 -90 -94 -15 -180 -576 -465 123 -441 -265 -192 -360 -156 104 -132 -75 -157 -349 -354 -384 -5 138 -313 -447 -97 32 -500 -471 -379 22 207 -197 -307 -221 -399 -582 -505 -84 -391 5 -404 -78 251 -712 -425 -95 85 -360 -255 -145 -506 304 37 -526 -202 8 67 -266 -297 -337 -330 -308 64 251 -473 -402 167 -513 -663 -48 -303 -56 142 -497 -315 -19 -169 0 -554 -124 -133 -81 168 -517 -335 -67 -445 53 -340 -148 -3 -282 -144 79 -464 -759 -38 79 -225 -127 290 -345 56 81 -594 -418 160 -382 -614 263 -418 -97 108 -459 -299 -363 -103 85 -379 -451 -51 -172 -221 -48 -429 -508 -310 -242 1 64 -225 -469 -63 -255 -174 -133 162 -69 43 -82 -104 -346 -70 4 -555 -93 -64 -622 193 92 -605 -137 -356 -255 -546 -357 155 -24 -506 -217 -219 -347 67 77 -567 -145 -323 -209 -217 85 -89 70 -22 -136 308 -522 -450 -84 -43 -88 -238 -465 -327 -307 -295 77 141 -52 -284 -281 -255 -285 -227 80 -34 -621 35 -1 -622 -130 -94 -139 -250 -27 62 -318 320
-383 -639 89 -41 42 -263 -214 -44 -255 91 -24 -407 -45 -200 -184 -271 -545 -355 -57 -131 -502 -170 -38 -138 -19 -282 -132 -190 1 18 -409 -423 91 -367 -740 108 -50 -285 -655 -544 137 -54 -307 -88 -344 -65 -342 -412 -189 -96 106 110 -280 -354 -486 153 -427 -634 40 104 -612 -426 -107 155 -361 -348 -105 -272 -382 -35 -28 -71 -70 63 1 -73 -17 -368 -93 -175 -128 2 -208 -380 -376 205 -310 -21 -224 -523 0 -259 -315 -309 23 189 -323 -463 -299 -167 327 -45 -55 -100 -513 -253 124 -325 -301 -8 -127 -83 -222 -383 -119 -464 -469 -208 113 -129 -589 18 -238 -88 -459 -477 -52 -29 -463 -111 113 -423 -506 -120 59 -549 -263 -433 -237 127 -106 -351 -62 51 -170 -182 28 -557 3 -11 -412 -191 -196 -603 -257 33 -110 -100 34 -395 -12 15 79 49 -259 -314 -585 -145 81 -190 -67 151 -282 -602 -70 40 -316 -567 -260 287 246 -409 -103 -48 -381 35 -96 -153 -60 -81 202 -321 -481 -61 -323 -491 276 25 -565 205 -53 -13 -126 -298 -374 -142 88 -39 -559 -511 -153 26 -250 -483 -391 229 220 -501 -394 99 -177 -388 10 -305 -263 -270 15 -588 -118 -238 -8 103 -162 -180 -8 -509 -512 -115 -79 -339 145 -262
-301 -79 -174 -511 -619 -323 -344 7 4 -418 -235 -16 -81 -32 -84 59 -154 -233 22 -364 -17 -190 -216 -484 -395 238 -338 -299 -97 -249 -209 15 62 -480 -96 -230 -250 -124 227 248 -513 -164 -197 -563 68 -43 -226 -493 125 77 -393 -349 55 -303 -122 -316 85 -280 -112 263 -337 -434 -37 -328 -422 157 -146 39 -299 -240 -363 -301 -423 109 -470 -132 -82 -554 -627 -370 -321 -260 26 56 -153 -266 -15 -30 -273 -297 -220 -145 283 85 -65 -41 -507 -236 341 -110 -647 -120 -1 -618 -576 -82 -9 -28 -432 65 -199 -158 -233 -263 167 -19 128 -171 -141 -494 11 54 -32 -581 -52 116 -143 -181 -213 -79 -235 -167 -265 31 -309 -69 -4 -44 -473 -234 -258 10 -115 -363 -442 -342 -158 -93 -376 -384 74 -323 -226 -67 -457 -197 234 -587 -395 -127 118 -127 -590 -425 -109 -253 -170 276 -26 128 -421 -620 -254 3 130 -371 -422 -118 -75 -303 -371 -308 -45 -171 -386 114 -139 -258 -327 -595 -282 -356 -173 -222 -256 313 -241 -496 -88 -263 -311 -433 -293 -175 204 293 -183 -354 -125 -15 -339 -62 125 17 -62 -266 -220 -108 -119 96 -101 -78 -473 -261 -351 -19 -257 -194 -285 -231 -167 -282 -483 -136 -80 -78 -470 35 -202 -63 -50 -355
-17 -248 -231 -161 -324 151 274 -31 -555 -420 -124 -101 11 17 -39 -503 -387 -221 -528 -46 -348 -293 -370 151 145 -549 -35 -337 -241 237 146 -475 -288 96 -502 -54 -234 -364 -81 -96 85 -457 -267 -187 -254 126 -49 -72 -558 -418 57 332 -568 -390 -209 -40 -215 -673 -50 -196 -399 -73 2 -55 -205 -280 -78 -137 -278 -273 -178 -212 -68 -423 -87 -380 -274 -262 94 81 -50 133 -102 -77 -147 -586 -429 -161 -204 -177 54 28 -435 -519 39 74 -417 -515 -347 -320 174 -357 -139 -291 -187 -117 -61 -74 -426 -292 -213 -437 -26 161 -479 -384 -422 107 -300 -142 -240 -19 38 -312 -409 -337 -291 -248 -377 -25 -206 -357 -474 -308 103 -63 -356 -458 86 -182 -69 41 -406 -392 151 -254 -364 -146 193 -142 -416 -241 -173 -243 18 153 -300 16 -494 -217 -326 -522 13 13 -508 -2 172 -429 -442 -57 88 -25 -209 -177 -21 -99 115 -429 -449 60 -80 -174 -43 30 -45 -659 -503 -180 -91 40 -104 -347 297 -487 -101 -92 -341 -352 -242 117 99 103 52 -143 -525 -320 -112 78 -75 -394 -615 -403 62 -128 -626 -345 70 -240 -372 -78 -11 -678 -664 -405 159 -353 -449 84 139 -548 -121 77 -111 -363 -125 -403 -167 -455 102 -184 -401 -453
-362 -534 -286 -111 -81 -341 41 -400 -32 -38 -188 65 -42 -12 -589 -248 -415 -2 47 -592 -418 7 108 -334 -283 65 -232 -467 -221 -132 -12 -182 -113 -350 -43 -270 -196 -32 -101 -288 -360 -24 181 -353 -306 -263 206 -399 -217 -420 -207 -151 203 89 -366 -137 -200 -46 -25 -466 92 -124 -294 135 -372 -553 -325 -66 -171 -190 84 -168 -589 120 78 -64 -64 -54 -603 -626 -93 -6 -347 -589 -433 223 94 -52 -351 -284 -298 103 -142 -201 -237 -472 129 -251 -443 47 -243 -394 -63 -198 -423 -313 -161 191 81 -455 -163 107 -374 -570 -174 -171 -45 -396 -254 -230 -248 -341 -217 -229 -111 -268 -345 -270 -312 298 -217 -178 -120 36 -47 -505 -476 -11 -252 -107 -206 103 -170 -266 -439 -153 49 -345 -110 -248 -67 -448 -475 -276 -1 -341 -187 -433 -464 -254 178 138 -206 -481 -244 273 -200 -155 -315 -361 -311 -318 -69 17 -399 -298 -29 -229 -206 -138 -213 -153 -322 83 248 -224 -276 -216 -254 72 -313 -179 -88 -108 -172 -239 -7 -206 -408 -75 -277 -126 67 -457 -74 39 -99 -546 -567 -125 139 -251 -274 138 1 -214 -384 -17 -43 -43 -421 -97 45 -346 -169 347 -269 -112 -105 -320 -441 -27 324 -243 -395 -366 -213 76 230 77 -531 27
-307 264 118 -583 10 93 -212 56 -362 -434 -75 -297 -473 -510 14 77 90 -451 -226 103 79 -266 -381 -419 -217 -93 -246 -220 72 326 -439 -338 -5 -145 -113 34 -98 -385 79 145 -314 -104 -376 72 -173 -128 -257 -343 -207 225 -102 -395 -166 -377 112 88 -427 -599 -72 122 87 -143 -206 129 -493 -383 -46 91 -398 -90 -268 -428 138 68 -538 -112 -303 -471 -63 48 -251 -450 48 51 33 -235 -85 -171 -66 -445 -547 -351 -251 -40 36 -23 -408 -18 -230 -203 69 -121 140 -675 -229 -74 -186 -236 -283 -302 -279 -189 -155 186 -444 -390 134 147 -110 -200 -215 -293 -54 120 -51 -60 -162 233 -162 -343 -714 -334 -97 -94 -245 -485 245 -237 -79 -1 -292 -299 -360 -386 2 -62 82 -285 -500 -527 -298 -27 -143 216 144 -132 -554 -284 5 -74 -500 203 -86 -162 -116 -417 -657 -68 -10 -352 -342 -409 176 -210 -306 -199 -172 -167 -80 -86 -465 -94 22 -390 -455 -13 25 -497 -148 21 -419 -358 -44 -107 -123 -608 -656 -209 -339 -325 295 92 -387 -391 -418 -106 39 -475 12 -88 -490 188 176 -520 -683 -117 24 -43 -104 -164 9 -426 -336 -294 -73 -375 -344 -240 -247 -144 98 -555 -700 -437 -379 -44 -232 -29 -375 -514 51 -225
95 -679 -524 102 -141 -159 -98 -623 -334 65 -12 123 98 -197 -325 -726 -251 -177 -226 85 -620 -292 -53 -146 -460 -404 -126 -366 18 -137 -46 -27 -425 -383 -247 -11 -143 -469 -109 -290 -335 -254 -174 -456 -252 -270 -54 -250 -35 -586 -171 143 -161 -400 -91 -350 119 162 -366 -389 -55 -13 -272 -551 -93 7 -480 -271 83 -47 -490 -473 82 -162 -29 -246 -487 -155 210 -393 -590 -84 152 58 -430 -541 -289 -222 -110 -173 -42 -195 12 -62 -498 -164 -23 -570 -386 118 -304 -608 -312 182 -62 -137 -286 -254 270 -300 -287 -246 6 -374 -341 -193 -319 -228 -379 -82 -281 211 27 -368 101 -498 -430 -296 78 -413 -342 -4 -217 -109 -252 328 55 103 -537 -115 86 -606 -598 177 246 -203 -292 -471 -138 4 -390 -79 -165 -507 -66 -422 -113 253 -335 -298 38 -95 -286 -65 -291 -407 -34 -78 -487 -176 50 201 -322 -96 -225 93 -341 -455 -128 -209 -33 -35 66 -114 -16 -328 -469 -129 -283 -253 202 -327 -234 224 -12 42 -418 -538 168 404 -265 -61 -375 -165 44 -40 -412 -300 -138 -105 87 -165 -659 -91 159 -464 -70 17 -694 -381 -268 -149 0 -65 -563 42 -331 15 60 -421 -257 -56 190 337 128 -342 -147 41 -162 -35 -264 -189
-155 -144 -43 -47 -253 -495 -99 30 68 -401 -385 -275 -390 -74 -267 -21 -174 -357 -142 -398 -61 -91 -263 -349 100 -4 -31 1 -615 -461 -69 -292 -382 152 266 -368 6 -32 -422 -356 -60 160 -376 278 288 -153 -333 74 -328 -179 -145 -537 -155 282 -69 -176 -115 -353 151 104 -521 -460 -472 -154 -236 -219 91 -344 -213 -303 -173 84 -337 -279 -517 -191 197 -138 -492 9 -39 -37 -24 -244 -631 107 -171 -14 -339 -499 113 -281 -549 -318 -117 -207 -678 -150 220 -265 -26 152 -158 -483 -8 -56 -337 -37 -76 -333 -377 -80 -97 -505 -427 -35 -60 -365 246 -265 -209 -260 -318 -324 -369 75 -245 -47 -220 -299 78 -22 -292 -151 -443 -223 -261 -584 182 -61 -313 101 -278 -112 -505 -542 -41 -478 -244 -9 -356 -106 353 -89 -215 -50 -159 -378 -434 -244 -181 -354 -194 -206 -353 220 -284 -369 -147 -382 -84 -259 -191 -492 -147 -94 -30 8 62 -371 -199 204 -196 -171 -409 -90 -227 -412 -52 -53 -210 -182 -241 -420 -519 -371 165 143 -219 -518 -432 -311 -487 -331 208 -427 -370 -194 6 -70 75 -41 -79 -68 -392 -154 -146 -136 -511 -486 -140 234 195 -328 -37 -251 -509 -348 -45 -212 -109 -328 -633 -291 -259 -210 -114 -534 -446 -165 -525 253
-456 -338 -202 -482 -135 -22 53 -152 -602 218 -207 -116 198 -287 41 -198 -159 56 110 -412 -602 -113 195 -25 -387 -237 -203 -670 -206 374 5 -291 -381 -77 -160 36 -29 -426 -472 -332 -247 -260 322 -113 -78 -203 -170 -493 -159 45 -79 -237 -98 -249 -515 -195 -222 119 6 -375 42 116 157 -157 -330 -174 57 -95 -470 -359 54 259 -343 -396 105 -99 -306 47 -47 -448 -418 -2 44 -593 -170 -288 -289 -326 139 178 -185 -190 -126 -584 -197 40 23 59 -387 11 -281 -180 -144 -269 -185 -94 -140 -147 -488 -199 66 -346 -625 -333 212 -184 -676 -2 -58 -183 -46 37 -102 28 76 -253 -376 -444 -25 -241 -59 -206 77 261 -126 -320 -369 227 110 -604 -255 -10 -137 -292 -362 -530 -222 265 125 -120 -229 -451 -272 -44 -132 -424 -205 -208 -427 73 196 -231 -389 -343 239 -383 -142 -136 -309 69 -367 120 -423 99 -274 -396 -64 39 -655 -420 -148 26 -488 -430 -315 -357 305 338 -236 -347 138 193 -337 -253 -33 -47 -253 23 -193 -164 34 -287 -128 200 -422 -145 -206 -94 -48 14 -61 -249 -286 -213 -43 -74 -225 -301 -103 241 -371 -487 25 -292 -506 -90 200 -137 -361 -142 80 71 -413 -133 51 -51 -570 74 258 -273 -29 -14
-591 -251 26 -194 -124 -284 -293 -338 -124 -142 -262 -40 259 -93 -422 -168 -448 -566 -431 -64 147 -159 -297 -73 -105 -375 -302 -361 -412 -443 -388 -79 81 -46 -585 -575 -191 2 -128 -460 -76 240 -287 -414 -298 95 -458 -565 -244 -211 -205 -127 -378 -291 136 237 62 -503 -455 -412 -195 59 -440 -415 80 -284 -231 14 -154 -399 -454 -317 10 65 -387 -143 -146 -422 -71 -317 -23 221 -59 -549 -501 192 102 -287 -630 -463 -252 -37 -269 -427 82 -362 -578 -367 -272 -371 74 -100 -17 -9 -97 -447 137 -52 3 80 -295 -612 -273 132 205 -279 -45 -378 -543 -323 -350 -209 -125 -39 -317 -531 64 -51 -692 -172 -248 201 -23 -393 -209 -47 -164 32 -124 12 -373 -125 -431 -555 -219 -269 35 -199 -392 -193 120 -227 -539 29 -487 -43 -161 28 128 45 -622 -640 -56 269 -362 -249 -420 -167 -280 -273 56 -274 -363 -279 207 -229 -237 -244 -18 -52 -279 -249 221 -204 -95 -392 -372 -327 -250 -92 -544 -276 -384 -367 -55 -371 -367 -14 83 -294 -754 -102 138 21 36 -274 -527 -385 -161 -294 -43 -20 -349 -169 194 -283 -634 -486 -44 -457 -229 216 239 16 -495 -59 -128 -395 -321 -156 57 60 -237 -501 -208 -204 -117 -196 -445 -384 -35 94
-20 -129 -500 -170 210 180 -349 -73 -25 -396 -77 -157 -624 -328 -194 -106 239 80 -255 -44 -13 -431 -161 21 -754 -250 -459 -499 134 236 38 -458 -258 -13 -102 -230 -356 -100 -137 -27 -255 240 261 6 28 -571 -134 384 -213 -162 44 -375 -302 -383 -294 101 -291 -67 -364 -607 -59 9 171 -304 -312 -350 56 156 -201 -428 -338 -148 -415 60 -280 -397 -286 -443 -230 -342 -72 -160 -404 -80 -347 -50 -111 -249 -137 -212 -549 90 -176 -434 -162 -88 -241 126 78 -131 27 -3 -388 -432 -331 93 -382 -248 -423 -219 -167 -18 -462 -267 -176 -404 -367 -292 -10 -190 230 257 -322 -70 142 -113 -137 -552 -159 -143 -47 97 -13 -376 -378 -205 -290 -220 -229 -480 -521 -238 -224 47 172 -223 -179 -398 -197 182 252 -583 -60 -226 -130 -122 -122 -430 -92 -370 -165 261 -166 -122 -506 -438 283 -150 -217 -86 24 -54 -384 -239 -252 104 -141 -167 -35 -485 -358 24 -296 -404 23 -21 -99 -96 -11 -52 -301 -45 146 80 -442 195 266 -321 -244 -200 -59 -80 -434 11 -213 -379 79 -438 153 -31 -420 -384 -69 250 15 -626 -478 180 -228 101 65 -318 -382 -382 64 -337 -160 108 -85 -309 -471 -241 86 145 -476 -403 -377 -365 68 -135 -394 -273
-483 -581 137 126 -286 -595 -62 -267 -431 -194 -400 -325 237 30 -438 16 94 -372 -108 -465 -294 -321 -168 -517 -66 -63 -405 -229 -188 118 -286 -181 -136 -250 -449 -390 -524 -166 -10 -374 -97 -474 -501 -487 -257 -178 -218 -331 -550 -131 -35 -349 -334 256 422 -537 -175 63 -307 64 -130 -32 -34 -337 -393 -87 -116 -326 -327 -67 188 -73 -65 -233 -430 -105 244 -10 -239 -401 104 24 -628 -353 236 -386 -384 -263 6 -210 -4 -220 -191 31 -133 -61 -228 -499 174 171 -577 -633 -13 -309 -224 -177 252 -31 85 -380 -284 -150 -510 -210 -62 226 -63 -238 -14 -294 -516 -173 -16 -351 -187 -290 -292 -283 -197 -142 -419 -149 -341 -315 217 -225 -121 -146 -232 119 -154 -243 -239 -546 105 -267 -73 -42 -377 -253 -325 -73 -254 -23 -24 -29 -505 -312 -231 -60 211 -206 -311 -209 -382 -162 -169 169 -222 -147 -301 -40 30 -580 -64 168 -447 -350 -440 23 -128 -24 -216 -116 -52 -324 -419 -381 -80 -171 49 -98 -119 -170 -242 -295 -133 -566 -382 -71 1 101 -37 -166 -422 -364 -289 -122 -13 -85 -537 111 -108 -491 -87 -16 -188 -151 291 -410 -334 -221 -84 102 -123 -305 -294 -71 26 -172 -393 -348 -496 -136 -153 -58 -391 10 -113 -354 248 318
-250 -310 -170 -117 -335 -332 293 -146 -500 119 294 -189 -139 -103 -507 -15 -253 -614 -254 167 32 -64 -45 -26 -332 -449 -7 -6 -222 -243 -203 -134 -320 -573 -162 -8 -344 324 107 -8 -338 261 2 31 -364 -448 -233 -29 -118 26 -325 -233 -38 -173 -193 -269 5 -345 -214 -331 -436 -180 -98 -98 79 -307 -101 -188 -196 -184 -60 282 -437 -120 -472 -208 -86 -439 -135 10 -442 -12 -226 -288 -368 4 -221 -337 -283 -120 101 148 -545 -72 53 -566 -351 -112 -380 -473 134 233 -117 -82 -284 89 -530 -472 -183 -148 194 -232 -26 -98 -344 -451 -479 3 89 -277 -125 -94 -314 -146 -68 247 -296 -116 -434 -286 140 -76 -65 -77 -215 -436 -38 -6 -446 -125 -59 -308 -355 -65 -97 -458 -182 167 -95 -161 -43 -430 -457 -522 -72 -117 -212 -461 -338 258 -263 -477 -352 -140 -225 -290 -62 -46 -187 -379 5 -83 -496 -243 -328 -316 -5 -428 1 -209 -391 -295 -115 -449 -279 -369 -349 5 26 -415 -476 -204 -77 95 -441 -120 -64 -129 -247 -425 -250 -262 -376 -518 318 -80 -23 -54 -210 -515 45 -227 71 -217 -427 -250 -44 -23 -420 -495 -368 -210 -10 -83 -116 104 -248 -372 18 -14 -209 197 78 -127 -53 -620 -16 -228 -144 -16 -280 -479
-451 -229 82 -354 -178 82 -207 -675 -117 -131 -357 -555 -173 62 75 -327 -418 93 64 -20 -551 -542 10 -98 -533 -359 -81 -352 -339 -273 -223 -39 -97 116 -139 -400 -532 -393 -154 -504 40 -333 -537 -474 204 61 126 116 -242 -523 -149 53 -393 -219 -22 -47 -21 -451 -274 -108 -3 -235 -616 37 -168 18 -255 -327 218 -81 -105 -164 -462 -470 105 -110 -374 -244 70 -240 -298 68 -180 -573 -6 48 -257 -206 -396 -150 82 -397 -334 -266 223 -219 -624 -46 -68 76 -267 -193 -378 -606 46 -167 76 -325 -355 -68 -271 -225 -231 -180 -23 161 -36 -489 -288 85 -274 -31 111 -514 -193 -211 -240 -300 -238 139 -393 -687 -76 -358 -420 230 -207 -160 332 -513 -89 -18 -486 -379 -129 -155 7 -365 -9 -225 -235 -11 148 187 -136 -290 -341 -4 263 -302 -395 -373 155 77 -322 152 26 55 -34 -313 -13 -447 -119 282 -390 -45 250 -442 -168 35 -259 13 58 213 -504 -56 -6 -106 -184 229 209 43 -260 -337 -380 -113 -196 -338 259 -160 208 -543 -94 300 -303 -378 -101 -33 -318 -27 -50 -260 -494 6 43 73 -14 -283 -20 -163 -476 -250 -179 3 -4 -202 -176 42 -135 -210 -377 -108 -328 -126 -606 -333 -363 -293 -17 -39 -215 106
-147 -139 37 -579 -379 -235 -302 105 7 -438 -290 207 260 -305 -222 -329 -208 -152 33 -300 -52 -276 -79 84 -308 -220 -76 -248 -68 146 -347 -412 -125 -144 -120 -323 -432 -7 -103 169 -96 -289 -421 238 -87 -481 -491 -149 19 -249 -252 69 -68 -362 -274 -479 288 -442 -121 258 -329 -210 34 -89 -476 -588 -103 129 128 -610 -494 -111 -208 360 -423 -535 4 85 -632 -347 8 -16 -194 -183 -507 -392 25 -23 -296 -483 -259 -123 -246 -392 -198 -106 20 -197 -105 -350 -48 -5 -70 -277 -395 -192 -275 -97 -224 -257 -55 -172 52 -389 -461 -103 30 -2 -482 -323 51 -38 -180 -434 -109 -119 -77 95 -211 -511 -274 109 195 -296 -59 -292 -78 88 -548 -573 -304 67 -62 -467 -216 -107 27 -38 -359 -300 -482 -517 -355 -307 -472 -71 -189 -256 178 -603 -417 153 -179 -87 -561 -509 -151 -396 -404 -438 -336 154 13 -692 -248 -173 -345 -375 -330 59 -49 -348 -305 -133 -163 -43 -188 -179 -125 -448 -654 -226 75 118 8 -399 -86 -160 -307 -256 -456 -136 -437 -645 15 -16 -232 -168 112 -666 -668 -156 -147 -377 140 -198 -824 -176 -179 -520 -106 15 -320 -190 262 -22 -94 -226 -350 108 -309 29 -251 -723 75 243 -194 -398 -360 -311 -53 -254
-319 -591 -385 14 172 -288 -443 -430 -360 79 -238 -486 -340 37 -264 -217 -203 -38 -399 -145 -116 -382 -493 35 -50 -517 -284 -5 -353 -588 -477 166 -36 -433 -323 4 273 61 -296 -711 19 67 -386 -650 -345 139 276 -474 -359 23 -476 -548 -147 -131 -6 -14 -259 -279 5 -78 -309 -6 -402 -240 -83 -74 189 -534 -542 152 105 -561 -328 -84 -367 -30 103 -498 -209 62 -198 -19 -404 -454 -208 71 206 -250 -557 -113 106 23 -422 -160 147 119 -171 15 -413 -5 -353 -166 -85 -353 -336 -208 -167 -192 85 -644 -395 -126 -462 0 254 -280 -306 164 -342 -430 -200 -406 -19 11 -433 -298 87 -92 -272 -22 -474 -712 -137 -85 -91 -50 -95 -359 -113 -210 -170 -337 -430 -155 0 12 213 -304 -152 -339 -268 -338 -99 -206 -347 164 -71 17 -290 -66 -10 109 -113 -437 -13 87 -135 -169 -40 134 42 66 -361 -203 -239 -564 346 173 92 -453 -123 -88 34 -406 -462 160 -294 -460 -243 -319 -75 -1 -499 -306 -306 -240 -185 90 -197 -195 -51 -595 133 -42 -388 -222 -326 -53 117 -8 99 -156 -328 -225 -126 -29 -80 229 -124 -311 -137 54 -308 -10 -322 93 -63 -487 -335 -204 -165 -484 -530 72 69 -449 -125 1 -340 -393 192 -111
-18 -427 20 -67 -295 -200 5 -333 89 143 -179 135 88 -210 -51 38 -413 -438 253 7 -275 -65 278 -488 -32 121 -531 -118 -254 -657 150 39 -227 95 -201 -605 -361 -340 -251 36 -131 -177 -514 -335 283 -81 -243 -318 -176 173 -483 -306 168 -62 -386 -387 29 -426 -452 -207 -209 -25 8 -24 -91 -311 -776 -358 41 -83 -217 -53 -284 -316 -402 -70 -161 -255 -463 -96 -63 -502 -185 140 135 -189 -262 -115 -18 -274 -422 -417 22 -234 -326 -35 -171 -505 -238 -303 -240 207 30 -75 -593 -329 261 -88 -178 -358 52 -225 -342 -236 -330 26 -420 -158 134 -421 -532 168 -3 -195 156 -137 -290 -409 -317 -423 -365 35 -26 -40 -243 -243 -278 -448 -57 382 -271 -125 83 -225 -424 -81 -230 -250 -338 -227 -91 -410 -347 -1 64 -250 -207 121 -33 -496 -638 -504 18 -259 -615 -375 -427 -156 -28 -542 -206 142 -204 -306 -172 24 -376 -196 -220 -70 -124 -138 -314 -415 82 -256 -203 71 -139 -357 -343 -67 13 17 -81 -374 -179 -408 -147 -377 -578 91 -333 -317 -35 -160 -134 129 -506 -202 -193 -506 -74 -198 -301 -163 -240 -284 -448 -161 110 -67 -561 -226 296 -172 -86 -168 -298 84 -199 12 -481 -50 -240 -371 -36 -60 -427 -187 -326 -572
0 -494 -395 -63 -167 -407 -243 -165 -609 -364 -7 -284 -452 -2 -434 -338 -426 -319 -49 388 -297 -209 -405 -457 -285 -298 26 -137 -382 -98 -201 -393 -512 -434 -108 135 316 154 -405 -414 43 -261 -391 -360 43 23 -662 -289 115 -148 -384 -76 -267 -583 243 171 -43 -310 -117 -207 -157 -129 141 -264 -613 -99 178 -77 -355 -212 -61 -276 -319 -364 -392 -346 -10 120 22 -335 -529 -195 -51 -411 77 26 -481 -414 -19 -317 -186 -34 -398 -216 -193 -294 -23 38 -90 -75 -2 -186 -741 -269 -67 112 -316 -710 -379 183 -149 -659 -39 291 22 -401 -132 144 -384 -306 -123 -34 16 -428 -331 -220 -290 -147 -84 -114 -559 -335 129 -189 -80 -318 36 -255 -14 -338 -422 -132 -313 -141 -414 -6 87 -457 -54 -217 -491 -182 68 -162 -294 -204 -240 85 -209 -572 -193 268 42 -54 -579 -200 338 -57 -299 -54 -91 -463 -537 80 209 -678 -291 -417 -158 -24 -308 -410 -79 9 145 -452 -461 -164 -211 -179 -486 -288 192 120 -287 -50 -8 -325 -140 -131 -176 -104 -132 86 65 -354 -231 77 -366 -338 -240 -251 -7 -39 -446 29 -63 -386 -435 -324 189 -123 -245 -246 -169 208 -537 -336 -21 -151 -219 -389 -250 -354 -295 2 212 -312 -612 70 187 -164
-616 39 32 -432 42 -365 -336 0 263 59 -52 -239 -183 -464 -382 -51 -226 -293 78 -334 -202 -66 -101 -177 -40 102 -428 -350 40 -245 -315 51 -28 -367 -91 -33 -582 -255 196 -83 -226 -229 -41 -551 -460 -96 118 -183 -415 -424 -202 -333 65 -52 -284 -308 -123 201 -332 -157 -166 -184 323 -335 -396 260 -131 -675 -263 146 -64 -309 -470 -454 -461 -19 -170 78 146 -458 -581 -155 -135 206 -62 -594 86 92 -397 39 59 -62 -392 -381 -83 -281 -66 -87 -257 -81 -109 -319 -118 -43 -138 -197 -543 41 200 -190 -615 94 240 -279 -569 -124 -50 -282 -458 -178 -376 -91 -166 -503 -203 -207 -117 -136 -454 -630 17 143 -505 -543 -292 -93 -464 -151 -335 -93 91 -323 -198 -205 -7 -360 -483 0 48 -332 -287 -298 -582 -5 -39 -126 -411 -604 223 -20 -554 -206 -3 -311 19 -168 -586 -102 -200 -459 -20 108 -244 -455 -431 -6 -287 -257 -194 -64 356 -248 -310 -158 -472 -91 7 -169 -69 -240 30 -526 -270 -153 -110 -171 -345 -268 -88 -148 -667 -266 -246 -367 -616 -294 14 21 -506 -326 75 -267 -259 -2 -404 -93 -85 -34 -60 -161 -78 -176 -489 -22 -46 -447 -323 -450 87 -28 -385 -3 -149 -274 -521 -279 -276 -294 2 22 -296 -6
-421 -196 -189 -16 -341 -264 2 -213 -294 -65 -69 -80 -241 -146 -69 -262 -25 -71 -524 159 -276 -347 138 -104 -306 122 -33 -306 -592 -254 -509 -543 -22 218 -359 -132 -178 -104 -550 -332 -183 -40 -442 -156 -17 149 -341 -413 -138 -134 -166 -137 -101 -89 -194 -562 -261 -328 -96 42 -369 -474 -120 -36 45 -448 -491 128 96 -134 -253 -537 -103 -59 69 -215 -489 -560 -150 -86 6 -59 -216 -465 15 175 -406 -324 -477 122 -109 -702 -308 190 -308 -405 -53 -139 237 -239 -520 126 121 -410 -566 -48 57 -288 -221 -7 -92 -487 -497 -355 -238 -191 62 43 60 -423 -91 -93 -303 47 -343 -307 -261 -467 -269 -28 -551 -210 201 87 95 -270 -92 41 -30 -179 -429 -72 74 -400 -681 295 -64 -280 242 17 -251 -83 185 -303 -201 95 -466 -57 -155 2 -154 -328 -189 -82 -141 -98 42 -516 -210 -158 -348 -231 -283 134 19 -37 -46 -373 -58 -193 -297 73 -89 -380 183 -26 -41 -627 -215 81 -480 -233 -258 -278 -380 -296 -172 283 63 -543 -187 -208 13 394 -67 -86 -408 -163 20 -69 -464 -68 169 -551 -407 -96 -16 -277 -447 -341 -200 -522 278 43 -134 -124 -202 61 -195 -253 -289 -248 -571 -1 44 -490 -76 -260 -538 -164 -157 -281
-379 -245 -124 -265 114 3 -220 -223 -406 -169 -309 -511 -422 73 -272 -604 -361 -378 146 -315 -337 -254 -55 -244 -455 191 -103 -451 -311 -101 -18 -302 -1 -401 -617 -281 19 -149 -74 -82 -243 -370 -376 65 166 -508 -42 -30 -349 29 -295 -377 83 -87 102 -102 -63 -119 -240 -406 144 123 -332 -89 -449 -153 13 -410 -153 61 -200 -107 -342 -121 -636 -272 18 3 197 -631 -502 -239 -237 135 -141 -93 -355 -461 16 92 -192 -231 -143 10 -428 -269 -187 55 -158 -82 -19 -180 -165 -487 -310 -3 -297 16 189 -98 -276 197 -569 20 149 -143 -114 -284 -565 -440 -102 2 -32 -188 -348 -24 -228 -393 -601 -329 -103 283 -384 -644 -52 -13 -480 -166 -232 -77 94 -288 -301 -39 53 -518 -431 -283 -464 85 -421 29 -85 -411 -123 -548 -102 -305 -57 -115 -293 -403 -405 -242 -115 -288 -456 86 -12 -252 -10 -269 -481 -315 -319 -41 -160 -318 -402 -416 57 -320 -538 -176 -306 -532 -249 129 -311 -432 -407 -262 147 134 148 -479 8 -295 -294 -301 -199 226 -585 -556 -369 -137 -31 -354 -141 -65 -458 -5 -419 -385 -15 -234 -75 -50 -241 -210 -80 31 -487 -524 49 -100 -196 -33 -548 -358 54 -185 -276 -246 -102 58 -61 -57 -177 -3 11 -10
-112 254 52 -478 42 164 -512 -277 -96 -500 -59 -205 -151 -75 134 96 64 183 -579 -49 204 18 -347 -192 12 -140 -188 -260 -171 44 -478 -296 -446 -150 -10 -173 202 203 -395 7 -304 -184 -193 -344 -592 -121 -55 128 -242 -139 -427 -159 132 -356 -591 -211 -125 -127 -532 -173 57 -481 -439 -219 204 6 -44 -283 -509 -464 -130 -243 78 -247 -196 -177 -347 -223 -311 -240 -48 -14 135 -311 -259 -504 -40 1 -560 -341 142 -307 -293 -281 -344 64 -318 -400 -110 -226 -231 108 41 -148 -390 -147 -174 -37 21 -646 -270 -303 -101 -299 -174 -262 -632 -96 -12 -78 -313 134 -240 -676 0 -304 -217 -207 -253 111 13 -223 -238 228 -551 -456 -42 -191 -233 191 -354 -203 -202 -466 -529 -14 -133 -323 120 -176 7 -148 -236 -180 -280 -29 -90 -13 -374 -404 72 -43 -111 7 -355 -365 -75 42 -221 -301 59 136 -262 -115 -154 -83 -42 -595 -269 157 13 61 130 85 130 -292 -401 -169 182 33 -93 -348 -479 -240 -236 -204 -271 134 -387 -94 -37 -485 -69 57 -104 -432 -486 155 -212 -448 -128 -114 131 101 -499 -356 70 20 -396 -405 -216 -395 108 -179 -383 -183 -407 -404 -167 -7 6 -101 -178 -389 -546 -164 -107 -363 -409 -213 -203 -423
195 -266 -337 274 -590 -690 -42 23 -265 -74 -124 -364 -546 -133 30 -180 -612 -261 39 -376 -409 43 165 -335 -278 -165 -377 -224 -264 -363 -351 -181 -53 34 -566 -355 -340 -509 190 -410 -473 -407 -85 40 -38 -214 -267 -182 -320 -82 -12 -229 -547 -229 70 -254 -219 -31 -245 -102 -272 -494 -8 -29 -220 27 -467 -14 -26 -167 19 8 93 -343 -324 -357 -392 17 -75 -241 -138 -169 25 153 -601 -63 99 71 -130 -59 -640 91 86 -298 -180 91 3 -152 -157 -458 -481 -261 -35 -482 -110 165 -385 -52 -138 -157 109 42 -542 -221 41 -133 -27 -297 19 137 -232 -385 -448 64 -307 -500 -251 351 207 -253 -330 -541 -154 -375 -193 -101 -172 -246 -51 -234 -58 2 -374 -526 -93 310 -234 -473 -534 -267 -315 -160 -192 71 370 -432 -403 -406 -52 -29 -210 -511 -235 -113 -275 195 -486 -162 280 -213 -203 -247 -532 84 -2 -415 -478 -231 -27 130 -386 -645 -429 -489 -461 -193 -96 16 -538 -600 -106 -125 -74 48 -155 -68 -370 -372 219 -40 -47 -11 -74 -346 -434 -147 -17 -180 -65 -226 -400 -229 -130 -327 -347 -61 -227 -357 -36 -219 -25 -300 -131 104 -510 -222 98 85 -420 -102 5 -344 -438 -339 -163 265 -304 -257 282 -165 -431 -12
-191 -154 -188 -350 158 -18 -31 -6 -330 -281 -466 -548 115 -33 -405 -54 -4 -65 -339 -89 160 -260 -508 -410 -309 -139 -113 -65 -351 -535 -175 -140 -81 40 -95 -521 -79 301 -273 -56 97 -39 -161 -470 -654 264 170 -298 -110 350 -259 -494 -28 -124 -325 -277 47 -41 -502 -171 -386 -117 267 -285 -588 -260 -345 -288 -121 -164 -313 -588 -299 150 -162 -29 -316 -463 -211 -312 382 -115 -354 -462 -81 -287 -490 -430 128 -321 -309 -326 10 113 -472 -598 -282 -191 -297 2 -202 107 -81 24 -179 -366 -301 -180 -244 -500 -91 -407 -439 -345 -216 84 -302 -148 -571 -520 -373 84 353 -67 -28 -266 -485 -337 -348 -374 -238 353 -19 -136 -479 143 -210 -13 -300 -506 -546 54 -135 -107 154 -412 -301 -52 -122 118 -75 -352 -239 -75 -227 -189 -186 -115 125 7 -127 -1 -147 -78 -133 -552 -174 74 -259 -75 -438 -612 14 -53 -476 -83 43 -209 -56 -213 -414 -82 203 111 16 -472 -99 -80 -235 3 -211 -541 -145 -216 -273 -126 -573 -221 -52 -323 -129 120 -731 -507 -258 -186 -267 -433 -202 -152 227 -182 -521 229 37 -272 34 -28 -473 -289 -176 154 -86 -275 -318 141 -235 -248 12 -289 -62 216 -427 -181 149 -354 -271 -252 -247 -211 98 -319
280 56 -208 213 -209 7 -491 -527 -34 -490 -96 155 -150 -259 -303 15 -80 -256 -355 67 -177 -110 310 -481 -193 175 -329 -103 -14 -642 -192 -85 -169 177 -654 -70 94 -140 -539 -309 17 -248 -183 -568 -723 -119 -48 -244 -453 -120 17 -287 -600 -155 -65 -342 -114 -204 41 8 -494 -448 -193 -363 -169 238 62 -111 -229 15 -106 -303 -160 -311 -174 -184 -170 -80 -278 212 -214 -257 -83 4 -292 -343 -72 116 -453 -184 -298 -408 -285 -268 -444 113 28 -542 170 -229 -258 -575 -411 -307 -170 -32 3 -167 -153 210 -504 -172 170 -226 -469 -267 158 -112 -45 -127 -166 -80 -453 -196 -294 -676 238 146 -47 -37 -54 -635 -442 -196 -295 -429 -186 -236 -175 -108 -144 19 92 -249 -536 -299 -52 61 -479 -869 -400 145 -17 -361 31 -82 94 -40 -608 -432 -367 -155 144 -279 -537 -165 -343 -375 -48 33 -125 62 -233 -320 -373 -368 261 143 -521 -308 -304 10 51 63 -172 -135 -209 -204 -297 -57 -92 -54 -107 -127 -269 -29 -56 -315 -603 -293 71 -387 -249 177 148 -272 -325 -92 -218 -463 -146 -127 106 -388 -219 -65 32 -574 -295 65 -52 -292 52 -361 -692 -179 191 -1 -580 -425 -148 -339 -407 -119 -149 -287 85 86 -506 -155 -298 -183
-144 -395 -281 -303 -505 -418 49 -52 -618 -1 66 -87 -353 -439 -145 -126 142 -105 -282 -276 -83 94 -524 -354 11 -314 8 -432 -232 112 -164 -371 -730 -126 67 -398 -500 -10 162 -626 -188 92 -194 -260 -68 -131 -310 11 -58 -1 -127 -48 -91 -192 -440 89 -208 -228 -353 -432 122 30 90 -243 -121 141 -483 -534 -59 41 -100 -494 -118 -206 -200 128 -476 -309 -150 -627 126 -41 -239 -61 -509 -52 275 -485 149 21 18 -53 -87 -283 106 209 -459 -47 -5 -136 -14 -158 -389 -237 -175 -314 6 4 -277 -215 -261 -23 -248 -86 -327 -653 -51 120 -362 -347 -247 -355 -68 27 -104 89 -55 -572 -35 126 -316 -4 -48 -232 -499 -36 -26 15 -151 -40 -374 -412 -492 141 -268 -515 -64 29 -150 37 14 -506 -283 -301 -365 -169 -326 -536 26 -81 -157 -406 -325 287 -112 -593 -235 -76 26 -69 -510 -581 -358 -225 210 -95 -246 -324 -461 -90 207 -203 -112 -113 -564 -493 -273 -441 -7 -71 -695 -198 -123 -435 -268 125 -164 -270 -33 -65 -144 -425 -395 -6 -248 -341 -410 -185 -330 158 -224 86 -300 -148 69 -23 -438 -209 49 -198 -364 -434 -362 -329 291 -147 -660 -259 38 -56 -70 -254 -2 141 -81 -350 -150 217 -497 -118 379 -556
-316 -360 221 257 -52 -210 -107 -56 -241 -72 -413 -526 -249 -174 -157 -388 -9 67 -378 -164 34 -342 -89 56 -380 -504 -412 64 -110 -650 -82 -407 96 220 -96 120 -208 -52 -234 -120 -477 -147 -301 -473 23 -162 -293 -125 -365 -181 140 -27 -483 -611 -29 -363 -429 150 25 -273 -318 -227 -453 -259 -316 -544 -2 -28 -388 -64 -396 -368 -222 -83 -312 -318 -19 -18 -146 -308 116 -356 -392 69 -496 38 -301 -276 -219 -386 -402 -523 -31 -420 -285 -163 -307 -425 -67 -172 23 -293 -327 6 231 -38 -270 -555 -520 -310 -456 -56 40 -538 -151 176 -161 -322 -278 -640 318 239 -617 -341 -281 -415 -368 -102 -196 -257 -357 -731 -197 -305 -403 78 -95 -365 -214 -268 -108 -198 -52 -272 -473 -107 180 -28 -89 -373 -459 -389 -39 116 -254 -1 244 -84 47 106 -564 -264 335 -515 -266 -24 -280 208 76 -470 -558 145 117 -93 -304 -467 3 25 -40 112 -157 -419 -391 -39 -169 34 -156 -60 57 -152 -182 -5 -40 -150 -305 -509 -503 -144 -206 -113 18 -686 -339 143 -216 -386 94 -205 45 -416 -104 -253 -252 -351 -68 61 -569 -236 -204 -664 -79 195 124 114 -405 -2 178 -136 -328 -196 -303 80 93 -357 -286 -407 -306 -318 220 -375 -714 206
-341 -467 -329 -364 186 -271 -473 -63 -270 -213 -10 -88 105 -295 -462 127 218 -203 -7 52 -523 -91 -340 -473 78 0 -249 -196 -48 88 -269 -368 -435 -396 -122 -15 -250 -613 -359 -294 -536 -369 208 -67 -566 101 -226 -225 102 -104 -618 -536 -234 -64 21 -220 -19 -1 -274 -399 -419 191 -183 -347 162 -170 -501 -399 -18 -154 -94 7 -253 -268 -310 -314 109 -263 -314 -113 -384 -452 -100 -252 -198 -389 -614 -98 -75 -268 203 2 -259 -232 -186 -204 -301 46 -188 -333 64 -122 -480 -264 -394 -505 -361 -103 294 91 31 -217 -588 -261 -471 14 -288 -327 -145 -128 -431 -589 263 52 -54 -27 170 27 -42 -443 -269 165 -163 -130 -307 -575 -98 -153 -137 -290 -307 180 -515 -351 163 58 -239 -199 -492 -124 -355 -166 -59 -489 -304 -60 -286 -553 58 -298 -701 -6 -24 -200 -187 -451 -93 -223 -109 -122 -277 -139 -115 -384 169 -115 -382 85 -445 -452 -101 -90 -193 -157 -294 -169 -180 -208 -158 -494 -235 -32 -527 -371 20 285 -533 75 -119 -630 -384 88 -243 -569 69 148 -438 -570 -495 117 49 -73 84 -193 -242 -75 -392 -450 -91 -200 -169 -337 -25 -463 -302 -315 34 279 -495 -415 -150 -424 -271 -97 -82 -72 -259 173 -296 -444 325 159
47 -77 -524 136 -153 157 -123 -150 355 -226 -513 -617 -161 -32 116 -353 -413 -349 -238 -230 -321 -74 -10 -127 -596 -421 -93 89 36 -609 -455 250 231 -137 -273 -423 -50 -232 -255 -189 -80 125 -303 -160 188 -255 9 -41 -432 -357 -46 -543 -162 -134 -152 -83 -536 -548 -14 -142 -335 -317 -293 -120 30 -23 -151 35 -362 89 75 -316 -160 -299 -130 -126 -347 -184 59 -217 -225 -16 -154 -45 -227 -151 -5 16 -271 -193 -53 -593 -605 -89 75 -95 -464 -173 229 -101 -326 -239 -13 33 214 -64 -219 -258 -59 -395 -383 -94 34 16 -67 -29 -145 -330 14 -232 -235 -66 -342 -320 -454 -34 -382 -223 -191 -293 33 -308 -130 -56 42 -95 -200 -28 -586 -277 -45 -136 -118 -136 -50 71 -621 -161 273 -653 89 87 -90 -38 -48 -105 -278 -457 24 79 -211 -125 -448 -228 -126 -551 -406 109 -334 -457 -148 163 -402 -558 103 -270 -479 -291 87 93 -18 -133 -278 -257 -211 -37 203 -93 -395 -82 27 -51 30 -419 -146 -146 63 -453 -24 107 -394 -359 152 58 -530 11 -41 -236 103 -332 -627 44 -379 -504 -106 1 -477 -440 -106 -120 132 174 -323 95 -318 -389 33 -264 -397 -87 -15 -14 -336 131 -204 -423 45 -165 -506 -522 -198 -276
-309 -152 23 -277 -508 -393 -229 -194 -101 -199 -420 -144 242 -199 -191 95 -225 98 149 -393 -592 -195 208 -205 -187 -132 -30 29 -401 -491 -86 -298 -128 100 -445 -206 -438 4 -95 -550 -320 -195 -329 -81 -175 -228 -299 -672 -293 -21 -147 -37 6 -19 -21 -208 -375 -192 -153 -121 -28 -443 -248 44 -269 107 -112 -472 -339 -573 -108 -23 -23 -257 -355 -635 -9 -376 -421 -319 -418 176 127 -248 -245 -569 -543 6 -50 -559 -273 -33 113 -155 -506 -346 158 250 -486 -248 -51 -149 -417 -417 -175 -373 -448 -183 -72 -161 -125 189 87 -328 -353 -309 -123 -222 -410 -215 -328 -548 292 -214 -43 -130 -436 -434 -189 72 -202 -701 -236 -326 -359 -7 -153 -203 -84 -271 -91 166 -637 -417 165 136 -65 -625 -538 -5 -248 -492 -495 -98 -40 -523 -526 -243 29 162 -277 -355 -22 -262 -266 -102 -236 278 -112 -392 -69 -316 -304 142 -20 -389 199 251 -132 -308 -501 -265 -229 -96 -280 -609 -368 -59 -344 -359 -108 -520 -54 219 -431 -106 -364 -468 -312 -114 -245 -274 132 -368 -227 -117 -251 -137 139 -249 -96 -440 -7 -248 -636 -15 127 -70 -239 -246 -130 -318 -400 -441 -84 180 144 -317 -191 126 -24 -399 -65 -173 -130 142 -255 -237 -170 22 211 78
-95 49 222 -103 -107 -349 -303 132 -203 -233 275 65 -583 -375 -70 -86 7 -589 -449 218 165 -408 -565 -38 -268 115 -275 -95 -247 -383 -220 -177 142 -336 -375 -211 141 -212 -108 48 -248 -82 5 -412 -359 -165 -388 16 -48 -230 -325 -197 263 -376 -576 -20 -173 -300 -100 -572 -264 -121 103 -343 -197 -290 -372 -43 -48 -87 -243 -245 -229 -268 294 -138 -255 131 -215 -112 -345 -561 -407 -274 -121 -94 -525 -534 -142 -33 -45 -159 -271 -268 -28 -135 -173 -179 -68 -184 -653 -264 -19 148 -216 3 225 201 -321 -123 -70 -447 -695 -313 -282 20 -481 -138 231 -287 -573 -98 -200 -123 -130 -370 -550 1 -117 14 -103 -135 -133 141 416 -365 -453 -232 -100 -369 -233 5 -293 -311 -23 -359 -496 -99 376 -440 -244 246 -175 -107 -125 -533 212 -72 -20 -79 -280 -167 -500 -594 -130 -251 -298 -402 -112 15 -22 -110 -603 -388 -87 -125 -356 -82 -356 -345 -133 73 194 -272 -54 6 -511 -119 394 -146 -168 -204 -414 -225 -43 -459 -203 32 26 -314 -168 -294 -137 306 132 -72 -623 -175 -262 -541 -389 -133 -141 -12 12 -132 -442 -104 47 -214 -103 185 -308 68 -506 -226 -313 -510 -252 -334 -321 189 -358 -424 -277 -269 89 -340 -584 -380 -356 -435
-234 -394 -380 -541 -167 -193 -2 -81 -436 -346 104 -24 -41 -308 -426 -251 -271 24 143 -469 -480 -179 249 -39 -231 -419 -55 -402 -467 47 -115 -39 107 -173 -185 -18 -413 30 -396 -391 -89 -239 -396 -446 160 40 -226 -315 -265 -289 -447 52 -228 -324 -110 -392 -298 -62 -87 52 -27 -333 -247 40 -442 -68 66 -275 1 -207 -490 -721 -32 -124 -428 -210 -52 -182 -114 -326 -373 123 277 179 -96 -224 -69 -444 -429 -70 -267 -248 -181 -206 8 -193 -324 207 -344 -398 22 -27 -416 -199 -320 -279 76 -369 -241 -527 -153 -39 -280 28 0 -514 82 -254 -358 -394 -303 119 91 -355 24 -202 -6 -206 -216 -364 79 -435 -398 -136 -226 -448 -247 217 -242 34 -198 -280 -610 253 -268 -6 -150 -132 -151 -363 -110 -419 -479 -276 -178 218 117 -306 -670 -435 -423 106 -159 -291 -38 -316 -244 156 -357 -249 -228 -640 -224 326 -315 -401 200 -11 -369 -82 180 45 -645 -192 2 -563 -298 -76 -363 -340 -193 -32 -309 -463 -43 11 -318 -665 -167 -43 207 -13 61 -24 -620 -747 107 -216 -45 -235 -472 196 119 -292 -218 135 -307 -369 -197 -278 39 -333 -380 -242 -47 -128 -488 57 207 108 -128 -393 -198 23 -156 18 -429 -133 -13 -311 -286 -61
-167 -250 -142 -59 249 191 -83 -187 -427 -655 -238 -85 95 4 -257 48 -312 -326 -207 -203 -103 229 -218 -233 -9 -233 -688 192 163 -565 -394 -427 -343 -279 -129 -295 -320 -190 220 -62 -300 -597 -326 101 -199 -416 -92 -80 -267 -190 -136 85 -365 -331 71 -59 -652 -139 51 -247 -49 -239 -32 -161 -538 -77 -334 -228 -148 -344 170 -168 -37 20 -66 -255 -451 62 -202 -639 -30 -245 -253 -480 -359 -37 -665 -38 83 -126 -162 18 -43 -171 -393 -363 98 -423 -539 -203 -40 -12 -133 -31 29 -307 -327 -353 -239 75 -116 -366 -510 -9 92 -44 -343 7 -167 -355 -57 176 17 -122 -416 -129 -445 -281 -76 -305 -468 -72 -200 -125 50 -325 75 -186 -142 -306 -312 -126 -89 -67 -320 -289 89 -464 -268 147 223 -539 -500 -186 11 -196 -44 98 -234 -284 139 -247 -136 -146 -215 -56 -222 -365 -192 -3 -53 -164 109 -434 -174 -298 -392 -268 43 -164 -255 -465 -141 31 -237 -225 -431 -225 -37 -116 -261 -470 47 110 -220 -210 68 -106 -536 -274 -358 -354 -255 -145 -261 106 -58 -6 -250 -508 148 -242 -333 -15 -142 -52 -434 -558 -322 5 -261 -229 -52 317 -609 -438 110 -393 -307 -252 -348 -284 56 -99 -66 -61 -154 -221 192 -196 -319 84
-427 -421 -235 -107 8 -471 -228 -102 -472 -42 -81 -388 -25 -261 -339 -465 -365 -250 161 -327 -241 -344 14 -143 -119 -355 -258 -212 109 42 -351 56 -344 -118 115 -92 109 -107 -289 -148 125 51 -504 -283 120 155 -176 -471 -213 27 -128 -311 -152 -319 -197 77 -120 -217 -393 -214 48 -22 -535 -113 87 -655 -32 44 -216 -252 -533 -597 -48 -227 -768 -84 46 -692 -73 65 -72 188 -188 -362 -601 -110 203 -327 -237 -163 -237 -318 -43 -291 -345 -93 -220 -81 74 -105 -10 58 -728 -239 -244 -411 -409 -92 -103 -407 -137 -64 -179 -602 -438 -137 -21 -181 -214 -425 -48 68 -324 -455 -137 -345 -259 15 177 -570 -401 32 -236 -199 -15 -234 -84 17 -292 -156 -132 -19 -314 -241 -481 109 -280 -58 198 -528 -613 130 134 -245 -297 -274 -202 -138 -67 -223 -451 -253 -303 -226 -512 -330 -316 -516 331 -173 -425 8 -70 -26 -5 -496 -338 253 -264 28 1 -14 -235 -179 -315 -241 -336 -195 -38 -369 -484 135 -34 -392 -91 34 -199 -446 -185 -354 61 251 -255 -206 23 -127 -301 -517 -30 91 -474 -205 -109 -475 -154 -6 -271 -90 -63 16 91 -415 -221 -309 -167 3 -353 -279 -247 -229 -475 -263 -219 -335 -513 7 -287 -48 -320 -545 8 -456
-49 398 -58 -219 -386 -335 -159 176 -5 -478 -18 207 -514 -265 -171 12 169 -118 -183 -194 -245 -214 -104 -368 -181 -59 111 -302 -670 -44 -64 -399 -158 164 -125 -280 -192 -354 -360 30 -413 -431 95 -370 -492 -226 -353 -52 37 -140 -242 -294 -225 -263 -292 -4 -538 13 1 -349 -192 -47 -93 24 -355 -274 113 -285 -350 -104 -70 -244 -204 128 127 -66 -359 21 -344 -148 -122 -581 69 -70 -232 -156 -115 -93 -320 154 -459 -89 168 38 -408 -526 144 75 -379 -131 -282 -297 174 -181 -219 -274 -118 -152 -38 -209 68 -557 -657 160 -100 -286 -146 -170 -395 -226 -112 -157 -20 -349 71 -10 -426 -441 -486 -231 -6 -9 -84 -418 -165 312 -212 -273 -334 -117 115 -454 -409 -232 -402 -406 298 49 -426 96 -42 -580 -312 -190 138 -21 -570 -306 -179 215 -63 -551 -111 -15 -2 152 -248 -69 -307 -683 -208 -358 -253 -297 249 -103 -234 -587 -331 -183 -167 -346 -247 31 11 -337 -262 -158 -302 -328 -363 286 78 -327 -263 -548 -411 -58 -60 -358 -363 -258 -357 85 -66 -184 -389 183 -284 -538 68 -9 -175 -101 -123 -496 -57 55 -361 -578 -402 -109 -54 186 -287 -353 -413 -206 -98 -461 67 186 -349 123 38 -439 -205 -12 -87 -153 -94 -230
-230 -571 9 -109 -398 88 198 -240 -244 -96 -507 -605 -15 238 -212 -387 -517 -58 33 -321 -497 -90 -229 -471 14 -61 -155 -98 192 -251 -309 -508 -336 -378 -390 -385 -67 -152 -217 -64 -179 -33 -337 -383 136 87 -76 -123 -480 -105 -450 -156 52 -354 -438 -170 -122 19 -546 -548 -121 -317 -479 -26 -42 -181 -42 -305 -595 -372 -387 -416 131 -238 -661 -306 8 -569 19 -439 -559 91 -238 -381 46 -159 -332 144 -398 -316 144 -295 -603 -491 -107 -61 -232 -345 -380 -247 -228 -265 -430 57 59 -470 -267 20 -478 -506 -397 -517 122 -30 -269 -300 -123 261 -11 73 -354 -56 -157 -117 -154 -37 -292 -518 65 233 -75 -127 -258 -311 -124 -178 -160 -75 -519 -310 5 -299 -121 -240 -245 62 -359 -474 -72 -63 -303 92 -183 24 -320 -640 -30 -212 -167 -90 -242 82 -300 -591 54 -247 -645 -401 -106 -90 96 27 59 -18 -524 -230 -382 -605 -83 -226 -294 110 117 -321 -604 -415 -103 -237 -541 228 -3 -511 -626 -355 -410 66 130 -341 -159 -222 -583 320 290 -483 -388 -374 -287 -337 -101 114 -6 -255 -607 -129 108 -46 -526 -381 -559 -40 221 -61 -555 -125 -132 -199 -135 -370 -538 -413 177 -5 -217 -285 -323 30 -209 -232 -294 -62 -224 -44
237 -77 -150 -359 -421 -61 -233 -321 -172 -386 -281 329 -6 -609 -593 -181 -18 -348 -599 -385 193 -310 -357 154 -171 -191 -331 -184 69 -616 -467 208 -266 -59 165 0 -19 -84 -242 -225 99 18 -310 128 60 -163 -558 -134 146 -109 -12 -482 -184 -97 -382 223 -165 -176 -76 -18 -370 26 257 60 -249 -252 -41 -530 -417 -333 -112 277 39 27 -223 -49 -178 -22 -142 -50 7 -96 -453 90 -75 -600 255 -366 -37 -33 -110 -239 -209 121 -302 -37 57 -187 -340 186 240 -448 -205 42 -392 -364 -26 -111 -103 -272 177 -30 -483 -185 43 -121 -269 -80 -577 -507 -264 -278 -27 -90 37 -180 -48 -180 -477 -98 -63 -76 -477 -438 144 -484 -540 -171 -339 -32 -218 -275 -98 -87 -21 -208 -74 -127 195 -189 -400 -383 -343 -258 88 -60 -252 -401 77 128 -591 -184 -182 -208 163 151 -342 -79 77 -75 -418 -196 -7 -492 180 94 73 -7 -336 -87 -46 -512 -72 306 -145 -113 -36 -519 -127 -190 -93 -259 2 224 52 62 -39 -584 -135 -263 -574 -355 -193 144 47 -46 -307 -426 -285 -149 -28 -20 -317 -483 -186 -61 -296 -381 -310 -26 -105 -87 -254 -228 -331 109 -76 -199 24 -158 -376 -484 -231 69 15 -453 -653 -297 -260 -183 -79 7
74 -102 -89 -429 -192 -310 -87 -373 -615 -35 -121 -146 -633 -177 217 -165 -131 -241 10 318 -114 -284 -277 -133 -190 -452 161 -160 -383 -235 -301 -21 -62 -243 -48 -439 -616 -315 -511 -75 -333 -346 155 -253 -546 -118 -58 19 -402 -518 -478 23 -428 -52 52 -395 -327 -330 -161 -323 -220 -244 -318 -274 -144 47 -430 -176 133 38 -325 -251 51 -556 -325 240 -301 -589 -427 -220 -48 -445 -134 -116 -590 1 -339 48 -237 -301 -257 -467 -339 -297 -68 -114 -139 -201 -341 -82 -244 -38 78 -279 -14 41 -258 -420 -265 -85 -303 -670 114 -141 -205 -517 -261 -315 -197 268 -321 -82 210 -127 -422 -277 -379 -258 -154 -288 117 -250 -152 120 -450 65 -130 96 135 -433 -191 -375 -169 -65 -272 -124 -186 -98 -301 3 -112 1 -240 63 229 -182 -444 -401 -284 -163 -182 52 -164 282 -73 -630 -97 -257 -451 -341 -44 -150 -42 -260 -591 -205 -285 -521 -80 54 -212 -372 -566 -347 -182 -89 -712 47 -226 -111 -267 -530 -146 -512 -496 -364 -563 -25 -251 -187 146 154 -64 -267 -647 -141 -341 -136 182 -72 -162 -495 -466 -140 -141 -88 -253 -71 42 -344 -455 -358 146 -83 -570 -69 -110 -531 -180 -181 -405 -185 124 -35 -499 -684 -141 24 105 -275 -190 40
-532 19 -466 -308 -140 -242 -203 -185 -45 -165 63 -205 -28 231 -380 -478 -257 -207 -635 -212 14 -9 -181 -77 -147 -151 -447 -83 137 -556 -31 -248 -417 26 -113 -391 -160 174 24 -466 -140 247 -326 -425 -121 83 45 -4 -610 -426 174 -111 -216 -149 -127 -81 -591 102 -132 -353 -69 176 -502 -106 -170 -223 82 -26 -591 -469 -108 -168 -321 85 83 -598 -379 -130 -30 215 -7 -285 -210 70 -60 -136 -84 -367 -424 175 6 -350 -56 187 -116 -88 -528 1 -118 -366 -471 -54 -148 -479 -516 -67 -152 -40 -112 -47 -8 -154 -309 -37 -328 -83 248 -30 -335 -184 -463 -506 -176 -317 -365 -261 -10 -51 73 -32 -401 8 -267 -392 -328 -414 124 -252 -651 -152 47 197 -544 -535 -129 -6 -244 -202 9 -108 -323 -196 -264 235 -159 -310 -89 -546 -445 -201 116 -287 -467 -252 -333 28 33 91 -181 -400 -9 -133 -338 -405 -109 232 -384 -324 260 -118 -136 -297 -494 -225 276 -190 -1 -227 -441 -230 -55 -288 166 114 -289 -215 -201 60 -377 -280 166 -74 -398 -534 -264 -326 47 100 -311 -419 -243 123 -289 -338 -207 -130 -466 210 -425 -105 -23 -85 -346 -164 129 -354 -425 -204 -244 -78 -292 -415 75 -302 -284 -6 -237 -428 -415 -48 -471 -279
-206 -149 378 -409 -470 -308 -179 -410 -240 -188 -170 181 78 -471 -480 -61 130 -378 71 132 -537 -238 -192 -56 -225 -361 -236 133 51 -157 -582 -179 -216 26 -128 -450 -565 -42 -66 -272 -135 -570 -557 -300 -101 -184 -74 -207 -101 -69 -258 -50 -53 -110 -607 -171 260 -40 -166 -491 -335 -96 -85 -291 -84 13 236 -301 -207 -498 -71 110 -613 -291 -56 132 153 -207 -181 -214 -523 -340 -120 16 -129 -596 -418 -281 -174 -123 -329 -294 -274 -480 -308 -355 -67 -247 -159 -312 -520 119 86 -191 -139 -95 -161 -49 -228 -100 -548 -511 -96 -430 -377 -140 -265 -48 62 -541 -413 186 30 -175 -399 170 -237 -208 -70 -420 -420 151 166 -352 -97 -225 137 -230 -177 31 -21 207 -331 -278 130 -390 -69 58 -133 -136 -486 -172 155 -200 -460 -121 104 16 -321 176 8 -30 -67 -288 61 -312 125 -81 -543 -189 208 -37 -372 7 25 -322 -8 -171 -262 -117 -416 -354 -55 -61 -379 -721 -163 -234 71 108 -372 -180 -262 -759 139 -43 -237 -384 32 -277 -448 61 113 -190 -416 -386 -135 -300 -19 -21 -408 -259 -276 276 -44 -234 -60 -231 -327 -208 -215 -231 156 -133 -292 -187 -85 -329 -252 47 80 -67 10 -66 -415 -375 -41 22 15 -121 25 -242
-241 -70 -200 -422 91 -293 -314 247 -90 -196 -85 -279 -511 -211 -267 110 266 -218 -629 -426 19 -246 -376 -39 -118 -268 101 -99 -35 -431 -450 -201 197 -62 -187 -116 -122 -23 -328 -577 91 153 -254 -128 177 3 -487 -347 -353 -192 -234 -238 -590 -267 -255 -22 -123 -465 -511 -279 -382 -129 28 223 -270 103 -279 -211 138 -302 -192 -93 -121 -493 -386 25 -63 -705 -504 73 270 -369 -528 -156 20 -28 -363 178 -62 -464 -701 47 50 17 -228 -69 -183 9 -382 -351 -303 -231 70 89 -339 -325 -59 -187 -114 -249 -352 -74 90 211 -402 -378 79 -366 -83 -82 -84 -332 -285 -227 -254 -224 19 216 -545 -343 42 87 -300 -423 -211 369 -260 -274 -67 -382 -195 -161 -467 51 -46 -227 -450 -240 -298 -219 120 -138 -354 -128 -302 -36 53 -227 -92 -643 -500 -199 -479 -19 -236 -16 -343 -133 -343 -404 -195 -215 -352 -513 183 268 -506 -210 -105 -186 -357 -184 -15 -189 -192 -47 -278 -179 -338 -108 121 -262 -590 -129 -65 -428 -223 -27 -457 -81 -174 -349 -204 95 -115 -161 -138 -290 -254 -244 -145 -105 -706 -61 -229 -181 -400 -85 -10 -18 -112 -368 -414 -547 3 233 -204 -751 -436 -157 -99 -115 -562 -797 53 -98 -677 -246 -326 -17 -75 -441
-377 -131 -130 -399 225 -274 -586 -132 -9 -288 14 -173 -220 51 -79 -122 -415 36 151 -7 -135 53 -418 -214 -36 -175 -60 12 -247 -403 -380 139 -170 -61 -625 -464 -222 -67 -239 -112 53 -563 -125 -265 -674 -251 2 -141 -242 -387 81 -236 -34 303 -4 -431 61 22 -222 -455 129 -106 -344 -239 100 -312 -483 -224 -356 -304 36 -314 -482 -22 -123 -92 -68 -63 117 -526 -739 -298 -104 160 70 -347 -132 -496 -552 58 321 -386 -260 -393 -279 -182 -519 -238 -122 -382 -260 274 -60 -331 -174 169 51 -447 -725 90 -235 -227 159 -550 -331 29 -39 -63 -357 -13 87 -541 -392 27 -323 -389 -153 -140 -213 -360 -86 200 -458 -459 -227 -249 -43 -108 -222 -129 -261 -117 365 -511 -198 -72 -645 -241 173 205 -656 -401 -92 -237 113 -6 -192 -15 -518 -169 197 -331 -233 33 217 -540 -174 -418 -188 82 77 -176 -319 8 91 -534 -60 75 -307 -446 214 -468 -66 -26 10 -194 -221 -137 -43 -449 -389 12 -182 -421 -44 -186 -290 199 -319 -177 -99 -313 -217 -409 -6 -140 -18 -199 -300 -411 -2 -34 55 -41 -222 -251 -289 -8 -33 -452 -37 -172 -414 18 166 -500 -591 154 169 -371 -395 -82 124 94 88 -321 -311 -158 -206 -232 -210 175
-221 32 -217 -662 -120 -142 85 213 -170 -56 -102 -49 -105 -392 -201 -62 -198 -407 -161 -338 -207 -289 -294 -166 -145 -169 -298 -481 -36 -71 -324 98 82 -558 43 -233 -421 -223 -182 -245 20 258 -407 -52 131 -557 -6 210 -355 -121 -467 -85 -144 -389 -282 122 -544 -506 -227 -240 -355 144 220 -60 -231 -119 100 5 -126 -406 -76 67 -432 -196 -323 -75 -101 -449 -162 294 18 -61 -406 -350 -164 -83 -375 96 -106 -35 -140 -552 -102 -180 -162 218 -40 -284 -504 -129 -16 -371 -484 -281 -419 118 -490 -511 120 -345 -187 141 -266 -274 30 98 -484 -726 -57 60 -503 -562 -133 251 104 -266 -63 -151 -111 44 -620 -407 -167 -250 88 -311 -343 280 42 -233 44 -250 -253 186 -90 -98 -205 -590 -32 -156 -260 -10 -81 -286 -157 -359 -369 41 66 -248 -338 -493 -271 -279 -595 115 -28 -85 174 141 -499 -258 -177 -266 -114 -75 -9 -486 -370 -445 -229 111 -186 16 -567 -577 50 29 -336 -465 -157 -347 -66 1 -230 199 -288 -535 -38 -69 -321 -231 87 -332 -454 -130 -237 -182 -41 128 -114 -150 -440 -456 -98 -230 -69 -354 -78 -205 -432 179 183 -312 -406 239 57 -143 -314 -355 112 189 -361 -653 -277 -177 -520 -264 -94 -73 25 -235
-505 -39 134 98 -175 -251 -264 -131 -435 60 51 -368 -752 65 -244 -331 350 -16 -156 -31 -308 -32 -123 -579 -50 147 -140 -376 -88 75 -609 -327 -55 -114 -376 -117 21 -166 -318 53 -86 -475 10 -177 -348 95 -362 -457 51 -219 -479 -202 100 -366 -180 -274 -15 -132 -211 145 -153 -272 -304 -454 -176 -12 -72 -763 -363 -371 -351 -140 -75 -288 134 -212 -130 -210 -245 -157 -695 -107 196 -334 -654 -401 66 -187 -302 -340 -338 184 38 -199 -82 -328 -696 -114 159 -245 -53 -20 -226 -379 -472 202 207 -228 -130 235 -491 -234 -55 -306 -516 -33 -39 -97 -110 -456 -252 144 -111 -410 -512 -206 -309 30 -281 -432 -289 -6 181 -168 -535 38 -81 -329 -187 -585 -325 -274 -196 -232 -29 -43 -446 -170 -145 -515 -464 47 -238 -550 -248 218 -253 -579 40 -50 -97 -581 -95 248 60 -364 -472 -511 -261 -419 -357 -244 -184 -155 75 -375 -155 -165 7 276 -112 -277 -346 -388 285 -19 -338 -210 -426 38 -295 -127 -407 -362 -307 -360 -310 -46 21 187 -64 -474 -382 -362 243 214 -399 -149 -17 -591 -620 -308 -104 141 -152 -157 -92 -50 -434 -2 174 -572 -386 -293 -262 -165 246 -221 -668 -176 -384 -3 -268 70 248 -538 -29 61 -269 93 122 -384
-204 -90 -80 -515 -177 -35 163 -181 -421 43 -88 -438 -11 -187 -553 205 -120 -528 -410 -388 -461 45 -77 -159 -355 -620 208 -138 -379 -362 -43 222 -150 -209 -136 -369 -386 -158 -218 -553 295 -132 -303 -153 -445 262 -202 -562 -298 -13 -195 -49 -192 -397 -58 335 46 -196 -298 -569 -246 -334 286 31 -240 -150 -289 -202 -209 -173 166 168 -147 -101 -512 -266 127 -353 -437 -118 -190 -148 -648 -104 271 140 -400 -458 -4 -60 33 -155 -413 -384 -18 -90 -86 -146 -433 -374 -358 -123 -77 -377 8 -346 -315 -309 -683 -470 251 -386 -286 -120 -187 7 179 -353 -197 -8 -233 -438 -444 40 -136 -134 34 -129 -148 -66 -168 -420 -133 41 -406 -274 -60 48 -141 70 232 -143 -172 0 252 -67 -387 104 -157 -407 173 59 -275 -498 -154 72 -254 -56 -163 -360 -130 -152 128 -117 -180 -253 -724 63 258 50 162 -68 -382 -675 -12 -123 -171 -153 36 -128 -367 -305 -99 -268 -534 33 -153 -420 -322 -212 231 -159 -259 -197 22 123 52 -322 -17 15 -790 -186 -187 -339 45 44 -206 -524 -250 226 -125 -5 -59 -159 -296 -296 -157 -282 207 -79 -532 -208 411 -316 -379 112 30 -280 26 -49 96 -280 -146 -96 -239 42 -112 -365 -443 -523 46 76
-41 -564 2 64 -537 -524 -378 -68 -78 -138 -170 -136 -288 -165 102 4 -261 -115 -294 -266 -8 -3 -114 81 -353 -241 -75 -86 -71 -264 -95 -45 -87 -76 -62 -291 -426 -252 -123 -173 -26 -207 19 59 -532 -210 -110 -110 -100 -158 32 -131 -211 -60 134 -348 -535 -272 -371 156 32 92 -170 -135 -378 -580 -269 -471 1 -209 -263 -322 24 -83 -474 -199 154 -120 -242 -227 157 12 -96 -246 -628 -8 4 -309 -180 135 -302 -165 229 -227 -174 133 -394 -148 -168 -541 -61 -10 37 -408 -484 88 -327 -388 204 333 -611 17 54 -122 -334 117 -458 -657 -14 -141 -456 -63 -34 16 -361 -435 120 -395 -266 7 51 -576 -87 -330 -677 -304 22 8 116 -599 -553 -344 -334 23 -448 -594 -85 -385 -460 134 -476 -548 19 7 11 9 -266 -102 -340 -436 50 96 -418 -420 -157 -411 -8 -140 -600 -16 -398 -174 32 -74 -371 -375 47 24 26 -421 -313 135 -469 -508 255 152 -92 39 -364 -439 6 -18 -320 -402 -443 -306 156 -59 -207 -317 41 35 -181 -16 170 -620 -619 -313 44 -114 -175 -126 -313 -313 -231 -79 -111 -238 -554 -335 -300 56 -408 -564 -97 -111 -389 -24 24 -283 -590 -80 -171 -278 -340 -108 -137 -293 -105 -291 -369 -250
-198 -95 -269 -383 -181 118 207 -379 -339 -164 170 116 -253 -18 -372 -605 40 -231 -301 21 -292 -518 -368 -230 -320 145 -150 -507 -261 -161 -447 -294 -252 1 -466 -478 -110 -337 -213 140 31 -612 -394 -227 36 165 -266 -298 -186 -263 -377 -252 -51 158 -528 -72 278 -17 -422 -233 -163 -510 189 25 -429 -111 397 110 -170 -168 -422 -101 312 80 -559 -108 -83 -183 -177 -445 -257 115 17 -557 -224 65 -481 -296 -320 -227 74 -441 -543 -308 -181 -558 -287 -305 -265 -17 -128 -483 -324 -33 80 125 -12 -141 -142 -792 -93 -403 -210 -419 -138 -111 -157 -152 -204 -343 -411 263 -414 -257 -11 -461 -254 239 -152 -162 -368 -318 -400 -19 60 -154 -446 -185 -67 -66 -129 -222 -9 88 119 -305 -207 104 -71 -350 -229 -53 -533 -427 -426 -272 -352 -245 -44 259 -190 -624 -14 -5 -131 -108 -219 -473 -209 -123 -124 -379 18 -43 -561 -605 -142 -274 109 99 -464 -390 -98 179 96 -53 -373 -431 -359 29 -288 -130 -99 -95 20 -13 -233 -227 -577 -335 -411 -389 -179 -50 -266 -88 41 -233 -476 -191 -302 -20 -94 187 -481 -519 -110 125 -148 -452 256 14 -210 -100 -180 163 145 -180 -192 -307 -401 70 141 -27 -321 -482 -139 222 130 -119 -299 -71
222 -267 -651 -48 10 -500 -407 -19 -418 -247 -109 -36 -398 -174 -323 72 107 -187 -333 -112 -446 -26 262 -246 13 -59 -251 -352 17 -177 -72 -114 -149 -386 -416 -124 -13 26 172 -154 -337 -173 -203 -259 38 91 -240 -443 -62 -149 -175 50 -7 -403 -59 -116 -413 -208 -238 199 -152 -243 -185 -495 -64 -49 -184 -550 -106 -59 -524 -308 -300 -142 -330 -109 -188 -550 -211 24 67 -479 -366 118 89 -481 -385 -300 -347 -65 76 265 -189 -132 -203 -53 -183 -157 -153 -173 71 -171 -153 -18 -92 -217 -690 -257 -93 -110 -482 -265 -177 87 -115 -250 197 -8 69 82 -57 -496 -271 -163 109 -178 -463 -61 -328 -306 -82 -398 228 -395 -130 76 -83 -86 -476 -300 -94 -323 -356 -290 -17 -190 -147 -116 -372 -353 -183 -168 7 -193 -414 -28 276 -213 -138 57 -518 -328 -66 -120 -378 67 -292 -454 9 -123 -401 247 136 -209 -269 -31 -275 -114 289 -512 -143 64 -395 -56 -254 -702 -274 -289 68 19 -121 -1 -327 -528 -92 -280 -623 -84 314 -438 -67 -245 -183 -151 -270 -390 172 -109 -323 -164 210 -137 -300 -72 -347 -168 -223 -267 -339 -34 -15 -374 8 329 -541 -615 -347 -339 -479 93 189 -468 -54 13 -449 -581 28 -126 -321 -411 -568 -150
-360 -590 44 -132 -19 44 -92 -403 -161 -343 -442 -169 237 -62 -367 -459 45 106 -319 -231 -439 -428 61 -31 -588 -446 -361 266 183 -2 -255 -239 -149 -42 -165 -261 -578 -413 -286 226 65 -227 -254 -89 205 -370 -602 -1 -249 -28 172 -197 -385 -606 -338 -203 -264 -336 280 128 -470 -308 125 176 -242 -397 -69 -25 -262 -511 198 -89 38 -124 -131 109 -97 -292 -478 -564 -301 -144 -327 -127 12 -508 -175 44 -118 -372 -233 -291 -280 -140 -393 -439 -144 -92 144 -467 -160 -251 89 -35 -327 -561 -350 60 -346 -103 375 -45 -433 -630 -92 -109 -425 -309 -487 -207 -435 -145 -260 -358 -360 174 116 -311 -50 -217 -646 -64 -42 -595 -144 193 -259 -631 -426 129 -77 -374 -207 129 24 -512 -473 -16 -49 -463 -510 100 -335 -460 51 142 -126 -31 -208 -342 -391 23 125 73 -397 -469 -130 84 253 -430 -262 -317 -452 -286 -294 -265 -433 102 -211 -664 -233 -267 126 -283 -340 168 -273 -177 -180 -338 -193 -350 -338 9 -128 -112 -16 -317 -538 -340 -72 102 -233 -218 -306 171 -373 -142 -207 -158 214 -617 -254 -87 -571 -113 -357 -110 -86 -171 27 281 -241 -698 66 150 19 -275 -236 -295 -105 141 -176 -157 -328 -13 -309 -556 -131 -78 39 230
96 -322 -186 -293 -304 41 -189 -154 -39 65 -359 -339 -202 -209 -285 97 -45 -438 -213 -21 -572 -489 155 -31 -309 -195 -42 -215 -364 -481 -185 -80 -570 -68 125 -288 6 -97 -286 -310 -382 -342 -2 -82 -532 -13 -28 -268 -270 -254 -372 -142 120 -91 -92 189 -514 82 -113 -300 143 -219 -511 -52 -176 -1 -126 -173 -23 -49 -538 -307 -260 -189 -218 -238 -223 -204 -240 -109 28 -245 -270 252 -380 -33 36 -169 -296 58 22 62 83 -370 -354 -191 4 -174 -453 -283 -406 -135 -283 -532 134 294 -37 -281 -519 -389 -368 -568 160 28 -336 -287 -4 -125 57 282 74 -175 -106 -234 -29 -107 -328 -159 -350 -725 -88 -19 -431 -465 -151 -353 -243 -3 -261 -232 -205 -141 39 -247 16 -311 -377 -100 78 -182 -421 -432 -175 -202 -112 -384 -309 -360 -436 -249 -254 -197 254 -314 -705 -185 -241 157 -260 -149 -117 -30 -354 -485 -243 -217 86 -284 -181 244 -334 -58 20 -356 -49 -26 -380 -447 -90 -160 52 -102 -160 29 -695 -443 -345 -115 105 -548 -15 -258 -545 -394 -2 -200 -201 -150 72 93 -438 -106 -5 -249 -93 -384 -199 -173 -64 169 -268 -428 -365 75 58 -426 -437 -93 -23 97 -528 -581 -171 -188 -153 -210 -326 -147 -303 -197 15 -448
-329 -113 -418 -243 323 -172 -185 -277 -548 -560 81 52 -46 -141 -534 -60 4 -618 -7 -202 -40 197 -389 -647 -89 -122 -191 -189 30 42 -72 -308 -348 -305 -494 -127 -457 -286 41 -117 -99 93 -87 -349 -286 113 -107 -32 -478 -515 -211 -81 -506 -348 34 -270 -229 -506 -34 -238 -478 -199 -205 -197 19 92 176 -363 -217 -591 -419 -241 -89 -25 -339 -143 -253 -6 -138 -568 -410 253 39 -284 -410 -437 -204 -336 -526 -337 -35 -132 -340 -69 -148 -479 -437 -509 -139 118 16 -175 -466 -60 -205 -371 -438 -488 152 260 -19 -290 -195 185 14 -427 -83 266 -53 -582 -832 -58 -18 -122 -564 -333 -284 -586 171 118 -574 -53 89 -202 126 -193 -186 -137 -499 67 -88 174 -192 -443 -345 -97 -38 -80 -206 -292 -113 -110 -56 21 -155 -420 61 346 1 5 -452 22 -299 -366 315 -44 -168 -211 13 -154 -244 -423 -410 -95 -40 80 -399 -381 -289 16 -31 7 -229 -279 -322 9 59 -392 -441 186 -207 -644 -261 170 66 -153 31 -250 -518 28 -140 -37 317 -280 -146 -136 -540 243 -275 -572 34 -72 15 -334 -581 35 -256 -110 -360 163 15 -175 203 -500 -476 35 -32 -421 -6 -316 -283 -167 -4 16 -226 -343 -170 14 -388 -106 -162 -675
-124 -138 210 -133 -354 -532 -225 9 -295 -256 -176 -108 -141 -403 27 -161 -399 -198 -183 -15 -368 -153 -344 -122 -210 -152 -203 33 -102 -233 6 176 -334 -233 56 -181 84 -157 -278 -330 -294 -373 -412 -76 -284 -175 -173 31 -247 -558 43 -372 88 165 -241 -227 -425 -111 -142 -295 -298 13 17 38 -199 45 -503 -624 109 180 -126 -508 -99 -229 -88 -147 -416 -334 -253 -121 205 -455 -589 -460 90 357 -187 -457 115 94 -235 26 -308 -291 -269 -110 -163 113 -83 -506 -251 -34 62 -441 -357 -77 -177 174 -79 -258 -263 -208 -456 -540 -48 -341 -545 77 -200 -307 57 -92 -144 -196 -593 -170 -78 -175 -329 -157 120 -602 -339 -335 -530 123 -53 -362 -260 -193 11 -10 -97 100 -611 -292 -174 -11 -198 -33 -10 -468 -87 -311 -351 -339 -44 -277 -340 -70 -86 -568 49 237 -553 -665 236 61 -372 -353 -25 -275 -99 -14 -314 14 -661 -429 -145 -230 147 -91 -498 -339 -217 -454 139 -360 -38 245 -148 -402 -214 -450 -429 121 -354 -639 -45 -215 -348 -257 -247 -528 -236 119 -68 -510 -109 167 -89 -561 -332 -124 -158 -482 -312 78 191 -510 -320 -11 -273 -20 251 -415 -512 -154 9 -300 -428 -12 -1 -330 -692 -17 -164 -554 -352 141 -39 -117
-204 -67 -430 -436 -44 -130 217 -556 -401 112 -71 -508 -76 -18 -207 -10 78 -585 -168 -268 130 -198 -223 -46 -531 -337 71 -286 -386 -59 114 -277 -258 -93 -397 -154 -109 -661 -315 68 -318 -412 -214 -177 -95 111 -63 -35 -422 -73 -77 -14 -381 -523 -156 -11 271 -397 -69 125 -64 -76 138 -594 17 52 -80 -428 -485 -91 -148 39 -238 -29 -425 -491 -5 110 -229 -421 -374 314 -133 -115 -37 -388 -462 20 -269 -300 81 -428 -249 -378 -185 13 -168 -733 -387 -120 -532 99 -48 -241 -137 -78 -388 -133 -104 -409 -295 193 -42 -381 -157 79 -95 -251 -308 110 55 -216 -301 -520 -113 65 -373 -364 31 37 -32 -426 -181 -197 -255 -240 -71 -228 -274 -112 -132 34 -105 -444 -124 -392 -448 -328 279 -188 -702 74 -401 -509 -80 202 -455 -476 146 135 -408 -239 -149 -359 -101 162 -329 -550 -259 -194 -194 -428 -414 -280 96 22 -109 -21 -36 119 -477 -212 -412 132 183 -546 -456 260 -85 -378 -421 -104 -223 17 260 -422 -540 51 -321 156 89 -210 -174 -329 157 -76 -562 199 -179 -487 -361 -137 128 -129 -96 46 -272 -501 -488 -36 -348 -437 -171 37 -385 -284 75 -588 -541 116 182 -113 -220 -477 -271 50 -126 -124 90 73 -248 -346
-207 -55 -164 129 -95 -289 -262 -335 -195 -286 -214 120 104 -575 -264 147 -408 -612 -352 44 -379 -201 53 176 -22 -310 -286 153 -76 -442 -9 -65 -667 -477 208 165 -290 -2 187 -372 -647 -40 51 -109 -251 -189 54 -162 -536 -402 -188 38 -85 -101 -143 -675 -123 104 -378 -288 -218 -196 -530 -305 -310 -235 -193 -252 -55 -299 -261 -293 -68 109 -179 -17 -370 -612 -91 -276 -385 -206 84 -193 -347 -367 -145 -100 -208 30 113 -153 -258 46 -193 -108 -490 -136 274 -127 -81 -635 -447 -284 52 -291 -72 -215 -124 -134 -315 -247 -392 14 -45 -190 -584 -348 339 140 -229 -481 -624 -382 -446 -308 134 344 -452 -404 -301 -9 44 -479 181 -136 -424 128 -419 -296 -96 -348 -252 -79 -419 221 386 -9 -152 -652 32 -200 -95 81 37 -113 -221 -401 -213 183 -89 -374 -214 -312 -87 -4 -361 -350 -26 -94 30 138 237 109 -187 -159 -320 -653 -382 -92 -90 -236 66 -383 -153 187 -317 -181 -207 -544 -79 16 -122 -563 -516 -196 -45 42 113 -537 -451 -369 -333 225 54 -194 -191 -390 -194 225 -114 -203 -466 -116 -323 -638 -325 50 59 -408 -277 72 382 -207 -384 -3 0 -160 -8 -160 -480 -82 -183 -470 -278 -162 313 -85 -245 -448 -448 -159
146 227 -471 -645 -179 20 133 7 -191 -280 102 -6 -529 -274 -208 -479 148 289 119 -312 -31 61 -344 -425 -168 77 -199 -468 -181 -237 -404 -97 26 -196 -585 -417 -224 -366 -297 -427 -161 132 -171 -179 147 -482 -289 161 -43 -491 104 -146 -454 -179 -29 198 -476 -228 -84 -121 49 -244 -208 -102 -395 -346 -178 -28 165 -115 -190 -25 129 -32 -191 -797 -247 119 -54 -325 -26 -164 -57 211 -223 -26 123 -566 -410 231 151 -444 -137 -421 -466 -467 -287 47 -566 -364 -123 -146 -74 -100 -221 -154 -448 18 -394 -150 -203 -208 -83 -331 -90 -377 -533 -266 -242 16 106 -58 68 -53 -147 -111 -471 -530 -26 -26 -220 -534 -267 131 -204 -178 151 -613 -46 59 -381 -226 -367 -95 -240 -205 -330 -171 -419 -255 27 10 -192 -40 -394 -566 -301 -301 -360 -152 -67 -267 57 218 -239 -208 -141 -199 -170 -321 51 -148 -173 -351 -418 -17 201 -356 -566 -269 -139 -297 -215 -216 -188 -82 31 -436 -388 -43 -334 -143 -9 41 -89 -402 -266 -136 -168 -2 -595 -134 261 21 -31 -234 -326 -305 -163 5 -282 -115 -225 -533 -93 -89 -373 -385 30 -59 -517 -359 -292 -131 99 -498 -182 -260 -195 -448 -163 -155 -107 150 -306 -466 -240 60 -123 -290 260 -7
-32 -104 64 -53 -203 -163 270 -410 -387 -313 -193 -377 -68 -271 -314 23 -133 -318 -130 -304 -388 1 -338 -597 -310 83 -80 -319 -172 -40 -328 -196 -149 -1 17 145 -384 -130 -124 -345 -18 -26 -92 -289 -277 185 129 -304 -97 -19 -604 -168 -161 -434 -38 -309 -244 -133 -274 -484 -110 -213 -113 -186 18 281 -231 -334 -52 -311 -28 -198 -453 -50 -45 -48 -434 -142 -305 -405 -288 -64 -71 -283 -222 -179 -258 -7 74 -441 -508 9 -24 -302 -161 -283 -145 -344 -47 182 -73 -140 -755 -392 93 -325 -381 -413 -8 -383 101 -378 -279 110 -461 90 33 -134 -262 -208 -412 -287 -560 -524 2 -2 -423 93 -139 -249 -170 129 -43 -415 11 -178 -412 -631 -322 -181 -122 -363 193 166 -209 -20 159 -293 14 -34 -199 -547 -311 32 -397 -240 30 -447 207 33 -262 -133 -316 -227 -114 -228 96 68 -328 -480 -207 -143 -136 -12 -538 -54 -286 9 138 -237 -397 -97 -83 5 -131 -294 -131 -576 -218 -51 -67 -338 41 -73 15 -31 -337 6 -14 -339 2 -593 -247 -306 -408 -381 -174 86 -258 -466 -143 -58 -171 -148 -652 -160 67 -301 -466 -214 -325 -150 120 20 -383 -351 -120 -101 -240 -431 32 -83 -540 -326 -19 38 -72 -138 -353 -74 -193 -124
-248 5 -52 -303 -632 23 -326 -349 -394 143 229 -343 -477 -131 58 -78 -418 -127 177 -225 -289 -297 -278 -128 -130 -315 -197 -117 -85 -52 27 -166 -455 -309 23 -294 -248 30 6 -304 -610 -70 -128 -167 -92 -472 -481 -105 -37 -572 -262 -253 -11 286 -335 -141 -297 -291 -126 148 -340 -167 -427 -187 -84 105 -543 -299 41 -474 -522 260 -133 -563 -453 -308 -151 -111 331 -288 -379 32 -323 80 203 -491 -423 -193 -387 -229 -230 -384 -137 40 -212 -599 -149 -320 -340 -44 -110 -460 -111 -78 -174 -149 -607 -183 100 148 -451 -521 -90 -51 -190 -328 -271 -94 131 -429 43 93 -154 -115 -263 -241 -44 -321 -430 -313 137 -220 -178 91 -363 -52 -265 -398 62 -48 -132 90 -353 -296 4 -357 -444 -470 -339 -379 -222 223 -76 -525 59 -157 -226 -46 -429 -95 135 -449 -277 -166 -66 -176 -269 -379 -112 61 21 -175 -113 -430 -57 -113 -325 -142 -449 -124 32 -245 -129 -374 -596 -168 -142 -7 87 -52 -295 -206 -311 -377 -468 96 -97 -407 -433 80 -473 -224 -124 167 -73 18 -226 -347 -350 -498 60 178 -324 -383 -50 24 -496 -430 223 -149 57 -215 -428 -289 -205 50 -179 -364 -249 67 33 -154 75 -151 -361 -271 -234 -312 104 252 -179 -208
-39 -220 176 72 46 -45 14 -339 -16 -455 -528 76 -19 -209 -196 -664 -8 -8 -626 -67 -410 -238 10 -206 -241 -220 55 -99 -531 -289 -470 -468 -131 -162 -255 -76 -133 -255 -244 -7 75 -28 -8 -488 -162 170 -228 35 -204 -152 -271 -559 -182 -42 -480 -444 -425 -182 22 -48 -23 -251 -132 115 -318 -79 -116 -362 -374 -356 93 33 123 -221 -167 7 -438 -245 -275 -211 -99 -140 101 -221 -275 -4 127 -437 -181 -257 -457 53 18 -358 164 33 -164 -174 -448 -74 -199 -149 -119 -396 -288 93 -447 -285 31 -317 -589 -44 177 -351 -523 149 61 -611 -505 -82 -104 -458 -199 172 -24 -197 -391 -120 -448 96 -116 -317 -555 -362 66 -171 -463 46 131 -457 -94 -296 -457 67 -276 -27 342 42 -374 -89 61 -107 -313 -110 94 -198 -432 -257 199 -75 -369 -40 -375 -350 -203 -50 -211 144 -180 -170 52 -389 71 54 -215 -445 -407 -160 -158 -128 34 9 -365 131 -27 -258 -280 -265 -245 -639 -320 -221 303 -281 1 -55 -58 -461 -411 -475 -390 -187 222 -225 -182 -421 -158 95 -447 30 -27 -486 -336 44 129 -613 -682 219 -274 -486 -258 -265 -71 -293 -299 -105 -232 -157 107 -572 -162 104 -541 -183 71 -572 -201 14 113 -454 -509 -53
-357 -216 -136 -405 -446 -41 -12 -73 -422 -335 -362 -401 87 -180 -444 -25 77 -385 -195 -146 94 152 -581 -723 47 -265 -354 -257 -85 301 -104 182 -521 49 -191 -493 -235 -185 140 3 -222 -468 -565 -288 -203 -163 -352 -367 -79 -305 -466 206 -10 -500 -51 -281 -209 93 -280 -9 182 -653 -317 -157 -353 -128 -661 -187 199 93 -377 -407 -399 -104 179 -570 -495 -180 235 236 -86 -426 -652 313 -123 -273 -179 -137 -191 -212 14 -248 -368 22 -44 -638 -410 -438 155 103 -56 -223 -151 -248 -192 -327 -304 34 -221 -593 133 53 -171 -116 -447 -445 149 91 -518 -449 -137 -160 -95 -421 -149 -343 31 17 -237 -400 -509 -212 132 27 -449 -316 -410 -91 -147 -95 -257 -313 -119 -321 -120 -139 -582 -308 -131 -247 -227 -283 -291 -340 34 -314 -185 -193 -92 -246 -130 -133 -99 -281 -75 -214 -416 34 -103 -280 -277 -324 -374 68 -26 -219 -57 228 -99 -419 -381 -59 64 -553 -613 -2 -269 -563 31 216 136 -64 -276 11 -196 -549 -273 175 -80 5 -412 -386 -317 268 178 61 -433 -590 3 -54 -658 -456 -51 -80 -336 -29 186 -340 -246 -204 73 258 -272 -158 -90 -299 -12 -174 -230 93 -486 -501 -214 -160 -233 262 16 -467 -636 234 -110 -392
-21 -330 -345 237 91 -321 -717 -210 73 -68 -406 -157 -84 -143 -135 -124 -269 -289 -298 159 -88 -564 -93 307 -424 -145 173 -106 -248 -419 -137 -438 -233 -417 -282 -319 295 172 -596 -335 -61 66 127 -254 -443 -136 -266 113 -393 -262 16 -523 -131 -26 -169 96 -311 -304 -390 129 -54 -76 -13 -53 -197 -566 -226 -11 -243 -461 -436 12 -320 88 -51 -189 -241 -264 -336 30 121 6 -402 -510 -472 -213 108 -113 -654 -304 -108 -609 -193 122 -323 -158 173 -287 -254 -344 -160 -214 -364 -338 -79 402 197 -69 -507 7 -285 -288 6 -229 -102 -450 -324 -15 9 -216 -292 -286 -222 213 -109 -234 -316 77 34 -614 -158 -141 -42 196 -220 -136 19 -66 9 -602 -171 70 -334 -319 -35 0 -92 100 -587 -436 128 24 -158 69 -372 -282 -356 -224 -244 291 102 -330 -455 -148 -148 -293 -4 -238 -136 -145 90 -376 -478 53 -174 -500 -202 -346 -244 32 -60 -432 -291 -73 -224 -91 -65 83 -196 -489 116 -34 -354 -823 -278 -78 -214 -13 105 -339 -367 -402 116 -144 -600 -443 -145 48 -314 -533 73 128 -346 -119 -56 -125 92 -152 -666 -178 -192 -47 -172 -122 -453 -526 157 -38 -316 -354 -358 -45 -159 -249 -215 -473 -59 -37 211 -105 -576 -156
-225 -406 -168 43 -190 -187 -252 -191 -511 248 52 -501 -75 -31 -52 -425 -317 -153 -514 -4 -74 -324 -2 -221 -480 -203 76 -392 -623 -436 -361 138 -83 -90 7 -28 -417 -203 45 -94 -224 -304 -501 -615 133 -83 -6 -205 -533 -125 -230 -83 153 -111 -349 -247 1 -172 -104 -537 -620 -358 -25 -47 -374 -351 -46 59 -252 -611 -64 -137 -13 -285 -164 -283 152 -185 -531 -56 -119 -59 -183 -110 60 -79 -45 -213 -131 -93 -162 -368 -257 -184 151 -80 -289 -32 -372 -98 261 1 -563 -238 -209 -285 -338 -225 194 -515 -420 -143 -251 84 -1 -388 -42 -58 -386 -87 -106 -418 -546 -64 -50 -390 47 -83 -42 -285 -331 161 75 -480 -481 104 -67 -437 -272 -126 -145 -6 -438 -476 -273 -196 -80 95 -50 -147 18 -263 -678 -165 -178 -186 121 -275 -250 -309 -43 -237 18 87 -321 -213 132 -38 -652 -300 -125 -526 -489 12 245 -317 -399 131 -142 -410 -378 -100 -135 13 202 -640 139 -186 -517 16 -82 -425 -74 116 -43 -401 -293 -134 21 -108 -305 -278 -90 76 -73 -51 -230 31 -87 -110 -156 -56 -337 -232 -99 -172 -281 -66 76 -459 39 -272 -180 -123 -385 -18 -300 -513 108 -291 -329 -202 15 249 -274 -90 -20 -250 -269 -407 48 -230
-559 -439 -319 -167 -92 -329 -179 -70 -65 -341 -396 -276 -356 -219 -51 -24 -531 -396 94 279 -201 -96 -478 -197 -136 -22 212 -668 24 319 -163 -183 -230 -216 -296 -456 -209 -443 -180 -419 34 186 -313 -151 -524 40 -252 -461 76 128 -329 8 -298 -347 -255 -352 -213 -162 -155 217 -248 -473 -296 165 -76 -276 -119 -683 -417 195 -371 -239 -237 -151 -102 -145 -142 -409 237 -166 -46 251 -194 -210 -716 -136 -268 -132 -278 -618 -471 -185 83 -87 -279 -45 -6 61 100 -381 -168 -178 -194 -500 21 -66 39 165 -362 -284 -240 -406 45 -130 -485 41 80 -515 -416 51 -214 -183 -55 218 -232 -514 -400 51 -306 -170 -114 -506 -241 -252 -48 -413 -218 143 -120 -546 -135 -472 -118 97 -552 -88 -235 -335 -399 -243 -405 -224 233 -315 -510 -17 -20 -463 -60 10 -391 126 -233 -332 -432 -371 -333 -352 115 12 -80 -73 1 32 -213 -288 -198 -201 82 -310 -176 154 22 -354 -503 -31 -307 -115 112 -43 -234 -291 82 -731 -630 0 -98 -82 -252 -483 -78 -250 -372 -137 -323 -129 13 -391 -248 -322 -49 -172 -75 5 -244 -458 -115 85 -369 -239 -454 -367 -189 140 -245 -343 311 -370 -654 -91 67 266 -447 -508 -266 -119 305 -538 -281 -294 -224 178
278 52 -218 -455 -435 209 24 -164 -613 25 -424 0 108 -542 -106 118 85 -127 -148 -499 -361 -422 -397 47 -22 8 -85 -240 -411 -583 -182 157 -397 -303 116 -411 -500 157 -136 -172 81 107 -190 -495 -104 -356 -486 -124 240 -3 -92 -381 -246 -326 -12 -163 -253 -267 55 -16 -106 -59 -413 -309 50 -289 18 -160 -50 -434 -578 -29 -90 -47 -241 -272 98 37 -155 -130 -420 -281 -82 -282 -196 -364 58 -492 -597 -207 122 305 -142 -562 -245 -3 -194 143 -454 -686 -381 -87 -184 -535 -335 -57 -241 160 133 -189 -199 -318 -150 64 7 -153 -569 -313 274 -166 -452 -174 -230 -471 -305 47 -209 -498 -58 86 -221 -62 -203 -26 -35 -255 -58 -237 -183 54 -141 -67 -502 -355 -64 206 -290 -349 -124 -264 -162 -42 -375 56 180 40 -488 -152 -107 -558 -192 -15 7 -193 291 51 -21 -98 38 -412 -502 -586 -378 159 -248 -455 -50 -129 -564 -620 -90 -189 -188 11 275 -417 -399 23 3 -734 -346 -115 9 -54 -274 -551 -9 -14 -109 -234 -89 -139 -187 -410 -375 245 -97 -228 -8 24 -591 -326 -257 -99 -164 -62 -226 -173 62 -403 -264 -352 -75 269 -124 -187 -225 -447 161 -205 -357 -465 -387 25 -77 -263 -278 44 -23 76 -194 -404
-345 -275 -287 -35 137 -394 -314 234 4 -550 19 -81 -567 -20 -4 -143 -246 -165 -358 -24 -156 -510 124 -36 -355 -330 -178 -329 -98 -279 74 -265 -241 -127 -54 -311 -405 -373 376 19 -447 -208 -253 -157 -181 57 -541 -502 -326 -332 -366 18 -254 -103 -212 73 -261 23 -414 -305 -65 -455 -112 -241 -341 -100 49 -131 -683 -389 196 -329 -218 -30 -31 171 -147 -143 -147 -618 -216 -276 -322 41 -532 -66 -135 -5 -179 -161 -241 -287 -386 -219 100 -388 -198 -136 -170 326 -107 -101 -43 22 84 -292 -306 210 -455 -580 18 -263 -493 -253 4 0 140 -158 -371 -177 62 0 -176 -340 -374 -78 -218 -453 90 -53 -203 -162 -447 -109 46 -413 -164 -29 -173 20 7 -492 -144 -98 -213 -283 -426 -297 -98 -145 8 202 -437 -201 -133 -384 -437 -326 -181 -348 -170 69 -207 -398 -445 215 -35 -665 -609 160 -85 149 -120 -566 -261 138 186 -534 -279 307 -270 -153 -185 -432 -122 88 116 -3 -522 -133 -231 -283 149 -273 -246 86 -314 -160 -218 -284 -126 15 -204 -182 21 34 -67 -508 -444 -200 -161 -316 118 114 -448 -194 -261 -313 -117 -467 -420 404 2 -586 -502 -17 26 -199 -415 -103 -92 -49 66 -363 -17 -291 -421 -550 104 -473 -505 143
114 -97 -441 -208 80 -273 -337 -252 -399 -385 -368 62 -74 -400 -458 -41 -72 -86 -10 -546 -438 103 -312 -43 -58 -91 -338 -25 -168 -421 -94 112 -204 -381 -431 79 -326 49 144 -545 -486 -340 80 332 -351 -525 -38 77 -186 45 14 -270 -409 192 233 -456 -30 -53 -80 -159 -507 11 -98 -47 36 -117 -289 -314 -236 -404 -363 50 -202 -332 -248 -389 -302 -68 63 -359 -159 -60 -228 -167 38 -316 -326 -34 -122 -318 31 79 -21 -94 -336 -283 28 -368 -514 -392 -314 -369 343 -323 -439 -370 -27 -216 -50 -387 43 183 -323 -110 -235 -127 -460 22 15 -147 -67 -26 -379 -101 -280 -48 -6 -251 -264 10 -35 -510 -271 -288 -539 -162 -200 -234 -27 -150 -468 -513 30 -134 -540 -187 121 196 5 -17 -218 -556 22 -243 -209 209 54 -170 -332 -265 -333 -120 -262 -199 330 -202 -610 110 43 -528 104 -389 -437 70 -247 -194 -66 -94 -67 -442 -576 -285 158 -185 -389 -260 -394 -170 141 -227 -197 -288 -403 -452 -393 -341 106 41 -134 -189 -176 -638 -277 -241 -675 -255 -291 -198 -313 -144 210 -43 -396 -37 -356 -364 -170 164 201 -362 -334 -237 -199 -198 -257 -97 64 -337 -441 185 -212 -346 -344 -42 -482 3 -90 16 -275 -60 255 -569
-292 -393 42 -107 -298 -303 69 148 -166 -125 -181 -178 91 -448 -313 -231 -451 -292 -48 -82 -196 -79 -8 -649 127 66 -428 -267 -148 -141 -7 -317 -435 201 213 -473 -315 -254 -337 9 189 214 -196 -529 -86 -93 -599 145 -125 -507 -409 -42 -240 -552 49 -394 -609 -77 -36 -548 -243 -9 -455 -434 -70 -25 -231 -316 -314 -355 121 -261 -289 -187 27 -54 -285 -389 -100 277 -355 -416 -185 189 -30 -210 -367 -184 -360 11 -183 -691 121 20 -274 -300 -566 44 -67 -51 -351 -148 -226 -242 -197 121 77 -166 -490 176 -51 -68 -629 -523 128 -160 225 -73 -480 -444 248 -359 -780 -388 -110 -190 -212 -235 -143 -207 -621 16 147 -568 -462 136 356 -12 -405 -218 -92 -83 -188 68 -131 -288 -126 66 -221 -745 -445 -80 -485 -140 -365 -183 -124 -244 -177 -137 -70 -122 -471 -69 -37 -162 -144 -444 -529 214 -262 -223 37 -12 42 -151 -442 -437 -101 -169 -237 183 75 -272 -270 139 198 -103 -421 -297 -298 -111 280 -536 -99 235 -391 -531 -226 -268 -403 98 -40 -211 -284 36 37 -286 -513 -113 -216 -174 145 -464 -36 -333 -464 -35 -16 -274 -46 138 -46 -128 -275 -503 -268 -218 -177 -276 -224 -259 -237 -288 -235 -424 101 -212 -325 -60 -350 -390
-288 -205 -169 -69 -45 -364 -272 -20 -226 9 -339 -447 -254 -252 -110 0 -108 -165 -271 35 154 206 -607 -35 -101 -631 -13 -181 -96 -118 -569 -109 -41 -467 -565 0 -161 -493 245 54 -218 -550 -462 -298 -94 -217 -82 -96 -220 -362 -121 104 -274 -33 -261 -237 -206 79 42 -240 38 -328 -448 -174 20 20 -477 -428 -124 136 31 -59 -373 -264 -422 -86 -214 -531 -27 -363 -491 -76 236 -296 -408 -367 -290 -229 -401 -138 16 -80 -239 -155 -112 -609 -279 -150 28 -104 62 -354 -522 36 -94 -311 -53 -425 -448 -393 133 -487 -100 198 -329 -403 -246 -236 -411 143 -171 60 189 -424 -461 -104 32 -377 -298 -64 -418 -47 -196 -45 -232 -249 -207 -448 -563 -231 51 -337 -417 -196 215 -42 -411 -105 199 -30 -315 -396 90 -87 38 -106 -349 -288 -351 -258 10 -291 -234 288 -30 -129 -104 -79 -180 -397 -491 -495 133 -412 -496 -145 115 196 -108 -274 -269 -111 -82 -468 -533 88 -227 -70 -73 -325 -134 -122 -154 6 -103 -337 -263 -165 -293 16 173 -270 -607 40 248 -261 -412 -512 -210 92 -126 -159 111 -538 -448 130 -230 -256 231 -92 -848 -192 -306 -151 -100 -33 -331 -372 -53 133 -166 87 -409 -356 -143 163 -46 -478 -108 -34 -493 -416
-83 -211 -393 -308 -3 -99 -643 -93 -301 -169 -97 7 60 -200 -141 -591 -357 77 -137 -553 -427 -365 -360 -129 -203 24 56 -112 -636 -88 41 -462 -578 -255 -77 100 9 -8 -390 -667 -526 57 59 -165 -262 193 156 -118 -228 -228 -213 -515 -608 -497 -48 96 -534 -543 -33 -216 -367 -532 32 36 -134 -174 -195 -484 -194 -399 -478 -274 101 -171 -420 -474 -169 99 134 169 21 -431 -552 325 123 -505 -504 170 123 -66 -387 -535 -61 -359 4 219 -436 -316 -223 -398 -216 -99 2 -446 -70 -14 -414 -100 226 212 -152 15 -309 -324 -256 -356 134 152 -74 -265 37 -300 -551 -302 71 205 -215 -255 -261 -175 -150 -200 -2 -202 -51 -263 19 -348 -112 218 -13 68 57 -412 -662 141 265 -498 -501 -402 -69 132 -408 -189 -184 -305 -356 83 -241 -192 74 172 -340 -404 -238 -507 -496 -34 -238 -110 -196 -62 -410 117 444 21 -513 -596 5 -278 -65 -125 -312 131 21 -364 -14 -94 -403 -382 -105 -200 -329 -294 -6 -320 -628 -248 -47 11 -355 -388 133 119 -476 -409 -360 33 194 -211 -260 -128 -30 -150 -145 -454 -99 -164 -151 -292 133 65 -261 -335 -82 154 -639 -293 -166 -594 -142 -251 72 0 -48 -15 -200 -128 -528 -203 -155 -175
-153 -49 -220 -345 -488 135 -110 -514 85 -152 -460 -397 143 82 -49 -217 -363 -224 -411 -154 -81 -370 186 -128 -391 -425 -1 195 -270 12 -256 -424 -199 -72 -252 -448 -255 -569 -93 207 95 -195 28 -400 -435 -248 -108 -66 -457 -320 -221 -531 153 154 -530 -238 117 -180 -438 -173 54 -108 -42 -144 -312 -131 -351 -119 253 -273 -106 226 -270 -150 -256 -301 -164 6 -575 -746 -371 -17 -197 -428 -463 -48 -258 10 -17 -413 -116 -74 -287 -130 58 -192 -84 -29 194 -200 -50 -156 -472 -60 -209 -405 -53 138 -397 -361 -248 -278 -562 -215 227 -88 -135 77 -450 -233 -75 -56 -145 -435 -323 -114 -259 -242 -169 -70 -387 -177 -347 -186 -159 -205 -319 -421 -553 -156 -290 -29 -13 -444 12 144 -517 -137 159 49 -291 -100 -172 -287 -343 -363 -285 -389 -317 -211 -283 151 -157 -280 -216 -126 -122 -229 48 -534 -118 -50 -339 -241 -454 -367 -161 -257 -335 -43 -72 -85 -351 -278 -158 344 -133 -514 27 247 -205 -194 -289 -342 -103 230 -29 -175 -250 -57 -186 -187 136 -240 -409 94 192 -448 -461 101 -108 -231 -512 -735 -271 -121 145 -93 -294 -249 -205 1 -234 -248 -133 -466 -258 72 -335 -476 40 -144 -385 -266 -356 -518 78 -150 -622 -256 -109 -28
-40 -234 -133 -375 -170 254 -69 -88 -444 -443 -177 331 -150 11 -202 -388 -14 -232 -98 -324 -130 -171 -409 -104 -28 -199 83 -353 -250 -272 -360 74 -178 -120 -632 -382 116 64 -143 -70 -364 -132 -617 -369 -222 -153 -71 -59 264 -218 -211 -290 -388 -528 -80 87 -169 -22 -639 -324 -227 -174 -264 -292 -323 -423 267 -209 -198 -338 -249 159 -261 -692 -220 -265 -308 156 -312 -205 -136 -332 -83 5 148 -378 76 209 -452 -380 90 -254 -305 -24 91 -34 -479 -108 -558 -393 -277 -134 153 -523 -532 212 -156 -91 312 -167 -100 -350 21 -10 -431 -57 -142 -197 -32 -161 7 -523 -484 7 54 -690 -600 -257 -130 12 -301 -616 -334 2 58 -507 -182 94 -134 -23 -23 -437 -400 24 -183 -213 -283 -271 -273 -214 -25 -244 -151 29 -235 -179 -520 -357 207 172 51 -304 -421 -95 -428 -296 141 -165 -664 15 -218 -304 -285 -100 27 -344 -169 -133 246 134 -208 -239 -36 -113 -521 -402 -68 -60 -460 -113 -382 -655 -149 -67 270 -150 -362 141 -15 -454 -284 -40 -375 -330 -5 -29 -70 2 -450 -577 215 43 44 24 -374 -181 -112 -365 14 -93 -16 196 -123 -106 -481 -44 -256 53 -83 -429 -265 -36 159 -22 -449 257 184 -534 -226 -70 60 26
13 -642 -312 143 -547 -280 -273 -348 -466 -183 -107 -301 -104 -490 -364 -145 -128 -7 -420 -219 -446 -284 -351 -571 67 -208 -600 -62 146 -253 -632 51 -63 -492 -85 -171 53 -331 -467 -207 -449 -281 -75 171 -81 -410 -124 -285 -548 72 -104 -175 -292 -243 160 -275 -204 -377 -206 -382 -246 175 161 -304 88 -131 -266 -429 -266 167 -14 -457 -532 186 -249 -297 -60 -77 -655 -623 155 191 -549 -313 -303 -423 -276 139 -134 -418 -226 -233 -438 -373 211 -305 -114 -124 -399 -363 -217 -190 -146 166 10 -611 -107 -250 -418 -319 -191 125 -343 -438 -476 -54 222 -81 -414 -242 -474 -356 26 107 -75 -206 -98 -27 -107 -202 -49 -13 -134 -287 -139 -125 -48 -376 -189 -135 -513 -240 -184 -35 -236 -234 -475 -272 94 215 -435 62 -222 -462 -440 -622 -70 46 -315 -276 -527 -238 -45 92 141 -471 -166 247 -87 -233 -17 4 -107 -258 -414 -131 -256 -333 -458 -317 -270 -285 306 -314 -150 305 189 -137 -358 8 -234 -564 -246 -112 25 61 -613 183 -278 -412 195 74 -217 -346 -327 -64 -110 -190 -625 -290 -218 -488 -262 -268 -169 -128 -306 -275 -211 -229 297 -361 -416 -98 -125 -358 -439 -172 -300 84 -40 -370 146 -534 -112 -28 -531 -178 -205 -150 -148 13
-489 72 -181 -384 248 13 -299 -132 -55 -45 -33 -91 -199 -162 -55 -13 -84 -630 -65 -249 5 -41 -444 -147 15 -188 -147 92 -202 -393 -45 -265 -106 128 -408 -344 -87 134 39 -466 -188 -273 4 -112 -529 -143 41 -133 124 94 129 -427 -310 -410 -521 -292 -446 21 -220 123 -173 -264 -152 -293 -452 -54 -441 -138 -204 -150 92 -407 -54 -175 -445 -220 -376 -74 12 -102 -36 -505 -323 -127 -285 -274 62 -414 -375 113 -142 -390 23 -141 -314 64 -56 -510 -424 311 148 -11 -433 -273 -75 -217 -113 -295 306 77 -441 -383 145 236 35 -277 -454 73 -161 -357 -23 -298 -310 120 -185 -277 -370 -430 -223 -194 -471 -298 -304 84 1 -148 -150 -277 -278 -107 -152 -550 -63 -116 -7 -110 -2 245 -29 -350 -209 -70 -285 -161 -224 153 112 -215 -532 -253 -2 -279 -114 -281 -213 -342 -204 -294 -339 -57 -68 -318 -342 197 -246 -269 -250 -353 42 264 -161 22 -246 -98 -356 -263 -252 -712 -38 -341 -557 154 295 -373 -98 -229 -61 -244 -219 5 42 -48 -303 -463 -50 -401 -386 140 63 -195 -262 102 -71 127 -47 -266 79 -350 -400 220 -361 -49 -90 -245 94 -322 -235 91 -407 -272 -154 60 -79 27 -140 -260 -105 -180 20 -384 -104 -48
256 190 -349 -374 -368 -12 -217 -101 -223 -244 -182 177 41 -214 -214 -240 -459 22 113 -312 -645 -614 -94 19 48 -375 -401 -380 -321 -52 -269 6 -32 -172 -241 -291 -13 268 -497 11 -260 -447 -287 214 -171 -465 -169 -274 -433 54 -508 -360 2 -38 -47 -270 -173 304 -10 -429 -278 -266 -106 -143 -345 44 270 -428 -274 -71 -351 -276 33 237 -45 -58 -55 -281 -397 -88 -331 -54 43 -135 -224 -231 -401 -132 -70 -98 -345 -432 -383 -114 0 91 -400 -272 135 -252 -359 -80 -471 22 -99 -338 -52 65 -342 -460 -287 89 -54 -525 -748 -250 187 -133 -347 -330 -374 -322 -96 -290 251 -449 -443 -25 22 359 -312 -71 -93 -503 249 -106 -553 -95 -94 -557 -405 -79 -431 -332 -426 171 -25 -230 -447 -563 -518 -223 -114 -503 -453 -354 -221 -191 -272 -72 -186 -24 -217 -206 -251 -179 308 -521 -440 -147 -231 -123 -310 -408 -30 -208 -255 50 -164 -228 -511 106 -1 -552 77 111 -50 -43 -457 -29 106 -383 -583 -174 -348 160 -212 -129 -365 -553 -107 30 35 -342 -430 -154 -24 -517 -466 5 -76 -574 -1 -462 -533 -315 5 -140 -178 -117 -192 -426 -374 14 -155 -178 -517 -420 12 -141 -206 -215 -328 -349 38 -6 -181 -312 -639 38 -318 -420
158 -276 -641 -322 148 -76 199 33 -172 -69 -360 -426 -188 137 -495 -550 -295 -396 24 -35 -408 -185 65 -355 -379 213 -18 18 -419 -311 132 -293 -317 -294 48 -232 39 -218 3 -288 -205 184 -75 -592 -521 -23 5 -267 -100 -64 211 -202 -472 -207 -93 -443 -177 65 -440 -442 -176 260 -357 -94 -146 -380 -319 -300 -152 -39 -53 -231 -218 -233 -9 -206 -392 -394 -177 -486 -520 -472 172 -424 -307 -299 -593 -139 137 -162 -235 -290 122 -93 -37 -552 -92 -7 -130 -216 -172 -388 -139 -285 -540 169 -6 -697 -85 83 106 -451 -366 267 178 -1 -126 -285 -35 -91 -279 -255 -403 87 32 46 129 -260 -268 -228 -669 -344 -349 -118 -143 152 2 -567 -315 -53 -153 -164 -244 -334 286 201 -394 -599 -77 167 112 119 -334 17 -165 -230 180 223 -135 -397 -527 -163 273 -114 -15 -272 -560 -178 -105 -2 -230 -549 -7 135 -144 -167 -78 -249 -202 -16 -616 -512 -52 -21 126 -403 -497 -396 -287 -433 -285 -268 158 20 -268 -455 -306 147 114 91 -215 -41 -355 -324 -382 -623 -66 111 -222 -190 -423 -380 -322 -69 -53 196 -372 -372 64 153 -300 -477 197 -81 -148 211 62 -76 -175 -328 -422 -263 207 -265 -560 -94 76 -212 -384 -354 -91 57
-140 -177 -175 -137 -384 -341 -221 97 -77 -497 -210 -40 23 -285 -28 19 -290 15 -490 -151 180 -338 -319 -357 -94 46 -468 -410 1 -17 -63 -410 -154 61 68 -250 -421 -99 -488 -241 94 -203 -563 241 84 -61 -355 -316 132 188 -560 -348 -42 -20 61 -8 -427 -287 40 -359 -86 -169 -286 -206 -379 -71 75 -214 -176 135 -423 43 110 -91 -90 -523 -287 -4 -285 -310 -283 161 -310 -211 87 -375 -321 50 -121 -76 -357 -435 -423 -71 -263 -37 -161 -278 -284 -261 -602 212 26 -342 -199 12 -420 131 -100 -546 -591 -338 -49 -388 -175 -9 -540 -53 -240 -207 -271 -357 -57 -108 -538 -464 -482 -237 -90 -179 102 336 48 -380 -459 -279 -301 -277 90 -6 -262 108 -267 -123 -152 -218 -182 -367 -505 -195 -361 -244 26 -317 -144 120 -166 -700 -251 -119 -434 -73 -168 -405 -648 -44 127 -317 -261 -159 -266 -9 87 -106 -48 -342 -107 12 -413 -53 -21 -211 -251 96 -254 -316 7 -86 21 42 -356 -294 -418 -239 68 -34 -475 -618 103 -425 -286 -252 -522 100 -257 -331 -246 31 124 -258 -108 -345 45 -301 -138 -467 46 44 -350 -442 -436 27 -64 -252 -420 -191 -419 -199 -274 -199 293 -255 -96 33 -436 -128 -362 -416 109 -238 15 -23
60 -248 -70 -478 -500 362 -113 -182 18 -193 -178 -376 -434 183 -213 -306 111 -419 -45 112 -465 -441 44 -13 -120 -106 -501 47 320 -354 -532 -91 -95 -65 -190 -239 35 -227 -74 -471 -271 -94 -103 -500 -139 -293 -26 -216 -131 -198 -441 -86 -465 -1 -289 -154 149 -245 -287 -583 -472 290 -95 -492 -413 -256 128 -132 -484 -357 -283 -81 -166 -465 -109 -301 -439 -257 -117 24 -128 -80 -136 -315 -254 -80 -367 -450 99 -31 24 -569 -299 161 112 -463 -49 64 -153 -400 -184 -66 -379 -266 -240 -21 -133 106 -274 62 -117 -4 -311 -129 -113 -567 80 -304 -417 -409 -204 -134 36 -241 -4 -261 129 -29 -526 304 184 -68 -349 -245 107 -365 -410 373 -74 -439 -271 -268 -74 -107 -551 -111 65 -153 -252 -286 95 -146 -364 -202 -429 17 102 11 65 -346 -181 -13 -537 -483 211 117 -120 -336 -25 -381 -239 -132 -539 -429 -325 124 -325 -604 -229 -149 -132 -502 -481 -108 158 -253 -595 -519 -360 -107 -312 -156 439 -349 -217 -54 -223 71 -453 -366 236 81 -168 -341 -5 -250 34 -128 -529 -555 -247 -89 148 -386 -527 48 -59 -333 -135 -506 -504 174 -321 -425 224 4 -386 -427 -337 -238 -507 -147 -263 -445 113 -256 -129 123 -378 -65 -361 -495
-383 -215 74 21 -459 -260 -165 -32 -195 -189 -192 -261 -54 -109 -337 54 99 -268 -341 -48 -323 -641 -40 -114 -86 -150 -335 -309 -400 -107 -492 -445 13 -102 138 -44 -475 -222 -532 59 13 -54 -282 -61 218 -550 -252 255 33 -355 -238 -357 26 -105 -215 -380 12 -83 -392 -173 67 -352 -137 152 -537 27 203 -128 -380 -288 -59 51 -311 -156 28 45 -468 -447 249 -55 -441 63 -282 -433 79 -348 -148 34 -460 -228 -115 -187 -519 20 203 -346 -212 -426 -146 -329 -163 -245 -547 -187 71 -128 -24 -177 -209 -306 -380 -503 -333 212 264 -208 -437 129 -216 -330 49 173 -303 -85 26 58 -624 -533 144 -304 -568 -137 -339 -336 -409 -100 168 -234 -120 -132 -292 -195 72 33 -287 -233 -430 23 117 -239 -255 -65 115 -286 -22 189 -429 -565 -436 16 -203 -653 142 -84 -461 -201 -179 -163 -363 -467 267 133 -388 -381 195 -82 -552 69 221 -202 -221 -75 -316 -428 -100 -93 -188 -297 5 -65 -385 -287 -402 -516 -103 15 -50 -580 -407 -4 -330 -353 -195 -114 -550 81 -394 -231 -55 53 -382 -294 -162 -1 -204 -239 73 -304 -324 -243 -148 -164 -26 -114 -239 -434 -262 103 153 -381 -73 -385 -205 -249 -405 -135 -313 -207 51 -254 -166 -316
-318 -426 -234 -296 -56 -224 20 -216 -428 152 -456 -572 -21 -75 -218 -11 -275 -362 -388 -27 -203 -122 227 -208 -231 -51 -21 -347 135 -219 -46 135 -438 -431 60 -19 -149 -553 -434 -176 50 -211 -150 -65 -640 37 -323 -359 -286 -346 -114 190 -478 -160 -334 -20 183 -262 -465 -255 57 -326 -186 -298 -380 -547 -295 -361 -227 210 -306 -511 -565 18 284 -699 -427 -447 -108 -131 -300 -185 -122 -245 -442 18 35 -21 -5 -303 -162 -174 20 -466 -458 -24 -267 122 -473 -141 -126 -48 -176 -165 -184 -310 -180 16 -226 -106 -156 -252 -220 -241 -109 33 -76 -697 16 -171 -601 -439 -141 -306 -338 -369 282 88 -489 30 250 -491 -235 287 25 -86 -550 -489 -19 -287 -599 -16 -94 -118 -164 -17 -3 -483 -508 -268 -226 -185 -356 -297 -137 -285 -111 133 -328 -222 107 -433 -364 -127 -367 234 -195 -468 -90 336 -305 -544 -257 -239 -175 27 38 -42 -635 -469 -87 -158 -503 -294 13 -144 -103 -101 31 -86 -171 -216 102 214 -482 -259 105 -373 -270 18 -385 -131 227 -236 -395 -113 203 -159 -81 -402 -187 -138 -207 -268 -56 -163 -292 -195 -349 -601 -438 73 -349 -235 -34 -133 -341 -291 -299 -2 3 -222 -480 281 -474 -30 195 -567 -215 -258 -384 290
-91 159 -227 -468 101 338 -673 -250 -18 -188 -83 -87 -217 -129 -225 152 17 -405 26 -237 -533 -236 -253 189 261 1 -564 -290 -445 -36 -107 -539 -338 -54 -329 50 51 -434 -237 81 -219 -499 -8 -89 -280 -322 163 -318 -206 390 -288 -274 -256 -164 -28 -512 -464 -21 -66 -494 55 -230 -433 21 -172 59 -63 60 -364 -584 108 80 -94 -72 -449 -122 -256 81 372 -231 -528 -250 261 -22 -279 -386 -320 -167 -43 -246 -381 -13 -146 142 -33 -224 -400 -247 244 129 -258 -509 11 -206 -189 75 -130 66 -230 -576 -93 -62 135 -77 -195 -206 -666 -424 -343 -16 72 128 -125 -189 -90 -231 -233 -2 30 -328 -380 -53 -247 -398 69 -490 -153 -10 -100 -473 31 -93 -13 -375 -383 62 39 -83 67 -54 136 -155 -488 -147 19 -31 -199 -97 -474 -423 -422 -39 -152 -7 129 -522 190 -61 -312 -313 -345 -89 424 250 -473 -419 -82 19 43 -196 -518 -210 194 -297 -254 111 -62 -226 -641 -574 36 -494 -373 -408 -337 -228 -56 -59 -490 -359 -64 204 -544 -91 112 -504 -182 -325 -544 -456 -497 -244 -69 208 172 -161 -522 -795 10 52 -116 -418 -256 -191 -169 -499 -460 -146 262 -644 -661 -273 99 -395 -139 -147 -508 36 -383 -490 -3 -242
-489 -526 -155 100 -158 -210 52 -153 -81 -534 -412 -209 -178 -11 -78 -493 -346 -59 -241 -379 138 -68 -211 -265 -199 -210 2 -201 -205 107 -242 -358 136 -355 -154 -393 -399 -51 -2 -233 -357 -201 -345 -573 116 -11 -470 -182 -29 -322 -264 -233 -75 -316 -284 180 -273 11 -41 -438 28 -40 -131 -125 -273 -365 -330 -479 -470 -262 -87 -266 -342 30 -255 -645 -339 -123 -304 -246 33 -320 -180 -428 -329 34 -95 -263 -296 -323 -116 -340 -377 -68 166 -367 -251 -16 -238 48 -332 -137 -37 -630 -379 -276 214 -425 -129 147 -278 -242 -433 -506 -31 20 -435 -191 66 -325 -255 -274 -475 -96 -200 -231 -114 154 -527 -465 245 48 -247 -53 -484 -338 10 -51 -377 -206 -352 -16 -236 -215 216 -465 -239 -28 -309 -444 -563 -470 11 303 -260 -591 -169 -108 -128 -270 -4 129 -265 -548 -454 -142 -391 -191 200 -165 -493 -107 -271 -174 -66 -537 -38 -62 -339 -300 -36 -306 -315 -275 -191 -123 -14 -416 141 -111 -420 -33 -9 58 -512 -426 -244 203 -145 -173 -123 -290 -152 115 -360 -414 -80 13 15 114 -38 -50 -419 -138 -54 -386 -85 -3 -398 -426 -251 -232 -284 -16 -351 -6 233 -59 -506 -219 297 -219 -596 160 47 -352 -302 130 -193 -299 -394 41
-48 -228 2 -355 -283 119 -67 -346 -691 -241 -160 -237 -197 13 26 109 -267 -346 -337 -185 36 316 -491 -213 159 -485 -436 -195 -278 -16 -324 -68 -90 -80 -500 -485 -12 173 -338 -328 126 -81 -258 -63 -281 -397 286 18 -448 -174 113 -388 -546 51 193 -403 -433 -144 -25 -202 -433 -261 37 1 32 -16 -677 -452 -158 -182 2 0 111 -373 -195 -102 -19 109 -409 -63 -177 -252 5 -175 -384 126 192 -358 -242 207 262 91 -194 -481 -239 -38 -148 -285 -252 136 -48 -409 -388 16 30 -73 -182 -57 103 -572 -114 33 17 -227 -584 -438 133 -236 -40 -593 -271 -301 -83 -240 -55 234 -83 -637 -299 -289 -319 156 27 -551 -315 -138 -254 -187 -118 -57 144 -582 -62 -390 -177 151 -73 -170 -371 -236 266 -264 -153 -262 -1 -55 -279 128 -644 -279 121 -721 -287 -3 -427 109 234 -423 -585 21 248 -106 -259 -97 2 206 -519 -432 -325 -6 31 -148 -484 -194 -92 -33 -26 -273 -262 -507 143 2 -174 -208 -218 -254 36 75 -368 -461 -103 181 -342 -355 -100 -111 -448 -29 -12 -682 -503 -263 -74 147 -349 -462 62 8 -318 -174 -65 -218 -269 -485 -168 -410 7 73 -159 -428 -327 -125 46 10 -360 -453 90 -68 -371 -531 -2 -32
32 -136 -504 -472 -203 82 92 -125 -300 38 -294 -443 80 -148 -209 -572 -224 -218 -306 168 -204 -584 -203 102 -297 -79 -130 -150 -387 -332 -229 -128 -96 -516 101 69 -265 -167 -19 -293 -540 -113 -159 -430 29 -73 -474 -324 -335 -441 -300 -1 -366 -196 -234 -30 115 -191 -1 -151 -500 -200 -192 -274 -522 -375 210 111 -138 -172 -407 -29 61 -427 -166 -17 -453 -92 -177 -636 126 -148 -134 -259 -546 133 -224 -379 -194 -212 -401 -564 112 29 -288 -64 -322 -31 88 -655 -515 -114 145 -269 -180 22 -249 -81 -157 -186 -163 -222 -378 -370 146 -45 -528 -336 -303 -246 -72 -93 -195 -148 -396 -202 -164 -77 -391 143 -240 -269 -306 -530 6 87 -35 -44 -483 -599 -324 39 -130 -340 24 -9 136 -205 -453 -657 -22 -225 -639 -156 -340 -29 24 -710 -55 151 -524 -429 -135 -175 -498 -247 -200 -108 98 160 -482 -683 -145 6 24 -312 -260 115 67 -326 -137 -222 -358 -410 -323 -239 46 -70 -327 -323 -219 -49 -139 -615 -286 -36 -631 -307 -403 -102 -27 -173 -147 161 -481 -603 254 -6 -443 -405 -105 131 -312 -225 91 37 -593 -441 -66 -102 -369 -348 121 24 -90 -33 -437 -449 -317 -534 294 -134 -191 -79 -201 44 -325 -226 -184 -503 -47 -47
-354 -178 -225 -509 100 -161 -56 155 -509 -728 -87 224 21 -332 -125 35 -80 -329 -244 8 -9 -105 -195 -441 -164 103 -182 -486 -180 73 -380 -435 -16 77 -239 -327 -375 -20 68 -206 -494 -484 81 124 -48 -459 -123 -280 2 68 -47 -529 -90 -8 -265 -7 -50 -309 -242 -96 21 -325 -124 1 -185 21 -197 -342 -341 -265 151 -400 -200 -343 -494 -292 -359 -275 -183 36 -132 -334 -140 -193 -106 -46 -188 -223 32 213 158 -217 -381 -158 -225 -297 182 -141 -584 -131 316 -315 -560 15 -149 -184 -254 -300 -116 -376 67 -118 -503 73 -65 -447 -141 -198 131 -302 -487 -212 -7 -245 6 -335 -323 -269 -38 -253 -284 68 104 -451 -306 -188 -26 46 -355 2 1 -213 -299 96 -34 -343 -29 -554 -546 115 143 -228 -108 175 -422 -66 85 -244 -85 -482 -490 80 18 -597 -191 -203 172 -121 -127 -377 -777 84 -141 -523 90 -196 -345 242 -365 -249 22 -603 -453 -13 87 -354 -531 215 -42 -584 -27 341 -289 -427 -208 -352 131 142 40 -190 -8 -152 -248 -413 24 -38 -556 -175 -207 -338 70 -67 -18 71 -110 -575 -79 89 -441 -133 -48 -21 -367 -437 85 54 -71 -389 -339 120 -195 -140 -491 -322 -300 97 -163 -401 -346 -227 138 -257
-88 -605 -103 82 -59 3 -35 -191 -272 -369 -314 -273 -129 136 -83 -149 -593 -437 140 64 -300 -90 -277 -269 -380 -396 -282 1 -309 -31 -433 -23 339 -481 -473 -272 -24 -302 -259 -388 -182 -234 -301 153 -294 -681 223 202 -607 -37 -168 -272 -79 -90 -216 -408 -55 -531 -476 -240 93 -198 -236 -198 -620 -84 -47 -163 -185 158 117 6 -396 -210 -257 60 -126 -239 55 -342 -7 -44 -409 -126 97 -1 -180 -411 -413 -11 -445 -345 34 -507 -337 -8 -136 -360 -252 -312 -15 -290 -108 56 12 -199 -350 -430 10 321 -214 -453 61 -403 -472 233 -472 -347 172 28 -443 -188 -219 -179 -171 -342 -542 -213 -238 79 -232 -205 -174 3 58 -417 14 -352 -202 -75 -235 -518 -245 -269 -69 -231 -40 -68 -95 -234 -67 -75 -403 -289 -209 -337 -411 -27 -45 -308 -211 -356 -20 148 -419 -110 -197 -174 18 -503 -94 57 -428 -304 -21 -182 -267 -459 -165 -107 -111 -119 32 3 48 -208 -281 75 -31 -310 -51 -189 -468 -127 -105 73 -389 -318 -269 -433 -347 -45 -211 -398 -232 79 47 -382 -355 -134 22 -34 -555 -156 -207 -299 -303 -270 69 -393 -196 36 -339 -348 -257 -390 -410 117 -23 -332 -91 -426 -12 -27 -137 -143 74 -288 -277 -180 161 106
-309 -318 -253 -62 -248 -285 -193 -99 -376 -168 144 -266 -135 -310 -327 -147 -386 -154 -384 -5 -196 -455 -129 -16 -178 39 -298 -358 -376 135 -237 -515 -388 5 -392 -274 262 41 -203 -165 -72 -19 -244 -365 -400 172 -218 -648 -133 -151 -292 198 -256 -278 24 -112 -229 30 -272 -13 -19 -549 -237 144 94 -254 103 -266 -414 -419 68 -270 -263 -28 -303 -594 -268 49 -305 36 35 -383 27 -9 -415 8 -189 -190 -220 -27 181 -133 -261 -442 -113 287 -578 -555 4 71 -267 -77 -336 -17 -72 -341 36 41 -280 -288 -312 -119 70 -144 -303 -381 10 -199 -359 -244 -171 -459 105 -206 -707 -345 274 -77 -43 136 -230 -673 159 -120 -491 -5 -408 -335 42 239 -465 -296 -222 -148 -146 0 55 -527 -397 93 -254 -384 -301 -268 -86 -125 -94 -382 -43 -14 -143 -499 -555 -29 -185 -63 -2 -443 4 -477 -350 296 -91 -35 -322 -27 -415 -168 63 -288 -273 -129 -413 -533 -376 -169 -290 -337 -148 67 -61 -347 -213 362 -150 -326 -237 -7 -379 -70 307 -235 -496 -234 -30 -207 19 -230 -207 -13 -195 -458 214 154 -224 -16 -319 -101 -25 -175 -401 -250 -79 238 -109 -240 -178 -363 -125 -13 -97 -448 -387 -117 -113 101 -295 -554 -385 30 -63 132
-240 220 34 -509 -325 124 -146 -198 324 -331 -357 -529 -80 -186 -53 -85 -313 -138 19 -154 80 -297 -221 -284 -399 -143 -357 -219 -49 -190 -120 -527 -337 85 171 -279 -270 -430 -34 -437 -569 -153 -409 -206 -30 -73 -300 325 198 -480 5 -140 -31 -183 -575 -252 -270 -156 -223 -404 143 -1 -673 -377 -348 -370 -493 274 -234 -204 -162 -322 128 1 -337 -218 -121 -451 -177 -281 -122 42 -697 -402 -106 -220 120 -294 -422 165 -70 -67 -422 -543 -157 -125 80 274 -220 -378 150 -346 -548 -265 -116 -201 -193 -4 63 -223 -242 -349 -347 -78 -279 -164 -432 115 -98 10 -12 -20 45 -381 -185 -82 -670 205 -330 -33 -280 -255 -6 -305 167 -75 10 -495 -126 -307 -421 -57 -364 -150 145 -253 -311 220 136 -51 -559 -532 -78 -185 -259 -82 -172 137 -114 -380 -610 -292 -31 -229 -236 -398 -141 -1 44 8 -317 -561 -52 -453 -336 -331 -111 -11 -155 -108 135 84 -463 -231 -7 -248 119 -394 -234 -76 -337 -131 -459 -356 -291 -130 -124 -622 -537 -390 -32 -209 -107 54 -456 -18 -35 -309 -320 92 -138 -373 -595 -414 -311 -465 -41 -31 25 -285 -180 -274 -280 -310 -220 -374 -132 -198 -108 -106 -378 -176 -266 -36 -278 -128 -268 27 -23 -541 -167 -348
97 -14 -650 -35 -408 -300 -213 83 153 -465 -497 218 -145 -529 -364 -6 81 -46 -212 151 -422 -88 -53 -336 -208 46 -64 -464 -372 107 -415 -18 -471 -227 -251 -316 -173 -34 9 -127 -87 -191 -243 -201 131 -337 -370 -382 -291 2 -285 -284 -262 -97 -67 -330 -257 36 -366 -227 -11 -587 0 93 -121 -438 145 74 -162 -87 -249 -381 174 -245 -272 -85 -334 -108 -156 -302 -30 -219 -102 7 -310 -209 -81 142 -204 -294 -632 -286 102 97 -333 -403 -594 -310 -265 -292 -415 -179 13 -311 207 -67 -531 -144 -159 -360 -600 232 189 -605 -341 -213 -79 -138 -109 114 -511 -521 -260 -418 -296 11 -20 -308 -223 -222 -129 129 -367 -163 -200 -214 -83 -308 -537 217 -163 -325 -20 20 22 -452 -273 -223 -326 -618 -231 217 108 2 -618 -176 -139 -368 222 -72 -329 -72 -339 -122 116 56 -169 -343 -145 -78 31 -110 -285 39 -152 -443 -158 128 -447 -491 -512 -114 78 -262 122 -81 -235 -86 -370 -324 -28 -1 100 -311 -243 -23 -150 -195 -383 -239 160 116 -537 -588 151 -404 -256 -382 -248 -110 -17 -192 -51 50 -169 89 -23 -488 -262 -258 -76 6 -538 88 -14 -145 -270 -373 -446 58 79 -307 -390 -590 263 -219 -157 -214 -72 149 135 -132
32 -111 34 -161 13 -119 -157 -69 -223 -630 88 -12 -105 -93 -516 -406 -21 -254 -319 -285 -281 -225 -383 12 -22 -225 -464 -331 -247 -79 -5 -497 -75 -271 -65 -23 -373 -467 32 -40 -312 -187 -309 -41 -410 -303 -93 57 -476 -315 356 -150 -280 -281 -381 308 -104 -50 -387 -491 -89 -83 -61 -363 -525 -173 -105 45 -372 -697 -435 122 -280 -557 -38 -369 -156 238 -75 -288 -524 -368 -119 -438 -420 -179 93 -317 -180 -246 -145 253 -89 -227 -156 14 36 170 -255 -103 11 -31 -369 -246 -379 -39 -194 -529 67 -177 -194 132 -418 32 264 -162 -289 -346 64 -237 -95 -180 -45 205 -104 -354 -531 65 -219 -404 -65 -263 -341 -99 175 -398 -239 -359 -3 -165 -563 -177 -235 -196 -188 -90 -25 -133 -80 -39 -39 -607 -662 -393 -95 -153 -134 -33 -240 -379 -64 -25 -320 149 47 -267 -125 -251 114 100 -177 -580 -472 -261 -441 44 54 -425 -143 280 -4 -207 -438 -286 -497 -335 42 -567 -286 81 -100 -321 -681 -209 -211 -321 -15 -214 -314 -171 230 -162 -334 -66 -228 23 -370 -163 133 -163 -174 -45 -410 -55 -298 -694 -274 -26 -401 -196 -240 -272 -208 -37 -347 -276 96 -114 -164 -276 -203 -90 -253 -302 -436 -265 -129 -41 -345 -246 -488 -373
51 -266 -488 -32 -62 -154 -512 -62 -329 -134 -74 -179 -68 -41 130 -113 -229 -201 -457 -100 116 -270 -246 -158 -233 56 -266 -448 35 157 -279 -272 33 -315 -500 -244 161 -32 238 -295 -613 -232 -201 -69 86 -488 -217 122 -97 -244 -203 -295 -134 -102 -169 -321 146 -415 -89 118 -448 -131 207 -167 -200 32 -4 -427 -446 86 11 -254 -468 -215 117 -287 -408 -406 -241 207 -2 -146 93 -254 -446 27 328 25 -212 -350 -483 -292 -513 -297 84 -205 -729 -187 -143 -484 -236 -381 -237 146 180 -217 -164 -196 -92 -384 -262 -215 -321 121 -307 -422 -533 -68 207 -77 -718 -363 -217 -93 18 -553 -329 -143 -85 -57 -411 -148 -121 -303 -494 -207 -244 -504 -509 -92 -128 -112 -295 -235 170 198 -336 -231 -336 -503 -295 125 -63 -113 -82 90 -258 -304 -202 -311 -207 -241 -21 77 -299 -422 -202 23 -300 -422 -249 91 -123 -183 -3 -496 -533 -51 -251 -500 -233 -387 -30 229 -118 -64 -345 -466 84 -268 -732 3 200 -78 -131 -291 -533 -5 -52 -172 -477 -595 -34 28 -103 -441 -169 -20 -453 -305 -337 -431 86 -268 -68 71 -235 -415 -81 -247 -492 -155 339 66 -90 -243 -140 -69 -401 -457 -366 -199 61 12 -197 -246 -270 -208 181 152 -238 -375
-368 -599 -65 -21 68 -325 -551 -251 303 9 -34 34 -553 -476 -326 -243 150 -240 -48 -434 -192 261 -239 -253 -312 -476 -76 243 -163 -401 -368 -109 -351 -420 -232 90 -218 -286 -232 -462 27 226 163 -438 -620 -41 -412 -354 -270 -50 -499 -463 -130 170 -329 -171 -311 -409 -329 -647 57 -259 -646 -451 46 -286 -655 -598 15 -63 -349 -317 -260 -297 -48 -294 96 -40 -227 -631 -66 -18 -653 -403 -6 -204 -325 -544 -264 -173 124 58 -294 -359 9 132 -108 44 -119 -457 -413 23 -191 -43 -182 -341 -368 -76 58 -440 -377 156 83 -290 -123 79 -26 -142 -459 -468 255 77 -118 -254 -738 -112 103 -192 -248 -467 -447 -86 -165 -570 -158 77 8 -368 152 37 -57 255 -159 -374 -339 -92 -622 -31 1 -645 -127 -394 85 -119 -259 -321 -513 -204 -67 128 -51 -344 58 51 -361 -346 -49 -266 -10 -234 -137 -99 -383 -530 -400 -125 266 -161 -292 271 -288 -275 214 -481 -564 -215 -241 -81 153 -343 -28 -303 -239 -422 -731 -381 226 -31 -374 -102 -26 -440 -109 -226 -255 213 23 -419 -340 -391 -71 -94 -414 -296 -169 49 -41 -69 -258 -80 -607 -421 -172 -321 -203 -367 -405 -287 160 -60 -269 -105 39 -93 -336 -612 -207 49 -65 -476 12 -79
-477 -44 -79 -267 -198 -288 -410 -43 35 -168 -515 -407 -317 -65 -221 272 -22 -385 -461 -62 -294 -286 -117 -394 -38 71 -555 -554 -207 78 216 -324 -531 -432 314 -30 -293 21 -16 -242 -82 -19 -393 -85 193 -329 -128 -386 69 -53 -186 -361 -1 196 -471 -504 173 -143 -148 -184 15 53 -499 -367 97 29 -202 -272 -276 -79 143 -164 -516 -253 -53 -14 -671 -212 43 -77 -454 -180 115 -454 -67 -371 -504 208 -71 -295 83 -243 -422 -112 -441 -479 91 -354 -587 30 95 -314 -205 179 -632 -65 -91 -675 -191 -126 -168 66 -472 -302 -293 -229 -69 -88 -360 -111 -227 -501 -349 -331 34 -190 -441 -482 -261 53 182 -89 -308 -138 149 -388 -664 -218 -169 -485 29 -335 -637 -170 155 -186 -103 108 -46 -287 -617 129 -169 -127 -9 85 -562 -288 15 -66 -39 -106 -267 -451 11 -54 -562 116 167 -161 -537 -364 -382 -167 34 -89 -471 -413 -266 -355 33 11 -458 -303 77 204 -162 -194 -341 -287 36 -687 -352 20 -138 316 -79 -93 -381 -166 -43 -86 -311 -380 39 -342 -656 -46 -42 -110 -481 -257 63 -285 -567 -409 -494 -455 24 -226 -166 235 -216 -259 -524 -37 -30 124 -465 -253 -244 23 -168 -213 -98 -140 -268 -550 -227 160 -45 -360
-1 -222 -438 -388 -71 -376 -117 204 -133 -320 -361 -314 344 -72 -263 53 -250 -66 237 -401 -61 185 52 -252 -89 -53 -147 -439 -268 118 96 -313 -350 -135 -240 -281 -202 -45 -183 51 166 -553 -565 -62 -139 -306 -51 -22 -515 -265 120 -358 -464 128 -358 -63 -310 -97 123 -325 -489 -600 -1 11 -339 -111 -169 -379 -266 -42 -50 -440 -295 -205 85 -333 -215 -74 -275 -551 -254 -431 -608 146 -190 -43 336 -673 -390 56 81 -424 -241 -306 -200 -283 -546 178 -145 -291 -26 -242 -33 -258 -52 -205 -422 155 127 -437 -228 -204 -481 -174 -247 219 -426 -700 -1 -249 -92 -388 -57 62 -533 -278 -238 -268 -199 88 -407 -634 -30 -121 -506 -141 -70 -528 -435 35 70 -190 -119 -136 -570 -198 -59 28 -607 -274 140 -355 -216 -270 -435 -475 -184 -363 -141 -336 -418 -270 -364 173 29 -473 -56 7 -598 -131 -154 -382 -7 -122 -182 -507 49 -101 -339 403 -435 -283 224 -309 -140 -366 -410 -57 -145 -223 -99 -74 -60 -319 -576 -455 -136 -287 -532 -47 11 -442 -157 -320 95 -54 -31 -54 -209 -158 -149 -235 -372 -135 125 -485 -67 45 -352 -163 -371 -339 -290 65 -83 -239 97 -320 -216 -54 -57 -76 -315 -214 -267 -216 44 306 -113 -262 -47 -264
-251 -460 -426 13 -57 -506 -293 -12 -351 -337 -275 128 -102 -487 -83 -193 -578 -76 -216 -32 52 -153 -588 -235 -465 -595 -65 93 -137 -463 -275 -485 -116 -390 -436 11 -154 -175 247 -58 -482 -471 45 -110 -246 209 31 -335 -272 -405 -290 -206 -58 -77 -159 -422 -100 -434 -450 -250 -131 -29 -262 -580 -100 -223 278 -272 -334 -95 -42 -374 -528 -294 -302 -334 -98 83 -378 -109 99 -282 -68 -212 -389 -162 -251 -7 -112 -85 130 -124 -247 -330 -277 -196 -207 -155 -64 102 -309 -2 -59 -405 -641 -347 166 44 -370 -390 -373 -120 74 202 -248 -410 44 50 -280 116 124 -34 -192 -134 -483 -53 -227 -678 190 -193 -72 140 -138 -461 -365 209 11 -531 -467 269 99 -100 -240 -364 -71 -413 -63 -187 -432 -262 5 -245 -432 -182 -3 15 123 1 -134 -153 -87 -121 -425 -256 -8 -258 -188 -197 -491 -442 150 -206 -197 191 -657 -188 20 -253 -230 -82 -169 -167 -483 -165 -250 -271 237 -160 -296 -352 -393 -193 -201 52 5 -385 -150 -200 12 -108 -435 -60 -430 -313 -223 -118 -450 -46 -83 -404 -425 -253 -224 -269 -340 -135 -4 -502 -327 -42 81 177 -54 -399 -535 -252 -324 129 -139 -505 -176 -237 147 -157 -59 118 -161 -542 -428 -108 17 106
-124 -340 -336 -18 -255 -566 91 -17 -217 190 -265 -142 75 -369 -301 78 14 -122 -317 -1 -256 -75 102 -258 9 27 -367 -403 -238 -127 -269 -275 6 -70 216 -119 -31 -42 -402 -362 -166 -105 146 -270 -309 217 -271 -302 -90 -548 -83 255 30 -334 -344 -195 -110 57 -249 96 -487 -238 -194 -152 -157 -284 -404 -187 -14 -211 -393 35 -284 -450 105 -185 -276 62 -383 -477 -289 -394 106 -142 -146 45 -466 -167 -169 -602 -308 -300 -253 -236 167 228 -144 -111 -538 -364 62 179 -30 -196 -291 -141 -338 -468 -193 -4 -115 -349 -389 -314 31 -322 -517 -284 -277 -361 -150 -281 -498 -471 119 -140 -386 -28 -177 -6 -348 -224 86 -433 -357 55 -229 -17 109 -585 -497 -93 -479 -292 -275 -84 -227 -222 -22 -395 -293 238 37 1 -521 -306 -148 -117 -444 -209 108 -402 -213 -8 117 -113 -368 67 -90 -292 13 -75 -634 -253 209 -324 -340 -136 44 -37 -154 -70 0 -263 -452 -69 -152 -430 -335 -310 213 -71 -246 -70 -58 -76 -150 -77 -392 34 146 -82 -148 -74 31 -393 -58 -58 -161 71 -148 -557 -144 -47 -43 -233 -589 -83 -79 -239 -546 -346 -242 -461 -108 331 -151 -372 -121 215 -23 11 40 -139 -249 210 -122 -206 -496 -203 354 -332
-318 -287 -340 -54 -26 82 -122 -620 -308 102 -408 -262 -319 -454 94 -74 -408 -283 -421 -129 254 -297 -30 62 -504 -35 -77 -220 -169 -240 190 -99 -588 -372 -32 -10 -197 -429 -502 51 -218 -497 -123 -255 -282 -142 69 44 -305 -269 -195 -198 -371 -309 -122 174 -414 -524 123 -95 -85 -82 -362 -607 135 -164 87 14 -164 -187 -274 -323 120 -231 -521 61 -45 -404 -257 -479 -257 196 -243 -111 -501 -522 63 270 -178 -438 -429 -112 -163 -85 -219 -196 -282 -183 204 -161 -447 -357 -498 -344 -400 -200 -46 258 -299 -159 -169 -143 -98 -90 -411 -277 -75 161 31 -431 -10 -124 -195 -232 -367 -16 -170 -313 83 -304 -549 -132 -96 -258 -136 -106 -287 -267 -126 50 -147 42 70 -474 28 192 -104 -132 -592 -197 -150 -453 -189 -40 -124 -313 -201 -565 -105 -410 -16 -281 -633 39 -189 -135 -183 -375 143 -320 -270 -309 -482 -49 -100 29 -475 126 -418 -388 -343 -155 -161 41 19 -467 12 133 -155 -342 -603 -311 -443 294 -211 -627 -413 -263 220 -570 -601 -475 -24 -379 -613 18 -343 -413 -171 -295 -118 99 -499 -183 -197 55 57 -526 -532 40 247 -91 -388 -94 -253 -413 -142 155 -325 -716 199 -342 -277 -201 -368 -372 29 -284 -339 209 -322 -667
-545 -2 22 -395 -250 -277 -613 -5 115 -451 -430 -154 -74 -8 -258 -301 -60 181 -167 -423 -360 254 -323 -264 -240 -604 -320 -258 -323 202 69 -505 -84 -293 -176 1 -398 -252 215 -266 -150 -267 -300 15 -173 -282 -136 -285 -343 -48 2 -1 -228 -48 -123 -287 -285 32 -207 -537 9 -25 -565 -123 -47 -285 -349 -133 -5 -471 -628 -1 -163 -122 -238 -262 121 -176 -522 233 323 -544 -358 -111 277 146 -243 -661 -44 -76 45 17 106 91 -35 -292 -516 156 -136 -574 -39 307 32 -156 -13 198 44 -432 -559 -59 106 -250 -384 204 -469 -482 -300 -279 25 -122 -243 -112 -424 -90 133 -292 -281 -162 86 -230 -461 -21 -33 -523 -302 153 9 -574 73 -212 -421 -301 -321 -192 -423 -390 -503 -279 181 51 -319 -347 121 -137 -419 -140 -329 106 -172 -345 -30 52 63 -43 -408 -560 -215 -295 -318 215 161 -165 -121 -17 -67 -85 81 -435 -49 -313 -211 -158 -148 -229 -443 -388 150 -86 -291 -117 52 -315 -36 -348 -107 197 -359 -245 -118 9 -176 -202 -70 -15 -110 -147 -278 -406 82 57 -45 -223 -565 -268 -133 -395 54 -54 -217 -209 -383 -132 -62 -296 -10 -166 68 232 -264 7 -149 -190 -200 -163 -174 132 -451 -249 -179 -228 -35 90
-153 -2 -55 -219 -108 -308 38 -41 -178 -254 -45 -285 -130 -81 -222 32 -243 -126 -327 -264 -88 -292 292 272 -270 -77 30 -212 -357 -315 -242 -48 -418 -159 -341 -634 -206 -106 -10 -398 -158 301 -413 -272 94 -433 -214 148 -30 -346 -323 -535 -160 -219 -293 47 -272 -184 12 20 -184 -318 157 -254 -493 229 18 -31 -365 -291 44 212 -137 -563 -142 -307 -430 -318 -9 -130 -368 36 65 -159 -577 -129 -184 17 -140 -289 -533 -304 -284 -269 -544 73 53 -237 -454 -172 171 -475 -479 -336 -252 -162 -173 -281 -281 -261 98 -234 -171 -250 -144 -434 -263 283 -241 -409 -130 -59 -158 -709 -365 -149 -257 131 -154 -492 -20 -217 -485 70 144 -163 -446 -39 165 -22 -442 57 90 -274 -321 -313 276 -155 -472 96 -158 -236 183 -405 -204 77 106 -700 -255 290 134 -321 -366 -168 -231 62 152 -286 133 6 -573 -171 -358 -643 -328 56 -403 -391 -90 192 -273 -151 -383 4 -278 -122 -60 -257 -755 -495 -278 -38 3 -161 -159 -200 -641 -108 161 -648 -121 7 -185 -96 -54 -339 -509 -327 -247 -213 0 170 -399 -64 -39 123 -1 -343 -245 -187 -298 130 9 -419 -594 -57 20 -421 -341 -426 -523 -380 9 49 -213 -122 -76 6 42 -502 -319 -381
152 -134 -434 -12 40 -67 -259 -102 -358 -40 -32 -209 -322 -434 -262 -1 17 -466 -162 -74 -145 -292 -302 -276 -71 -35 -100 8 -64 -650 -365 224 188 -350 -105 260 -115 -278 -279 -89 -32 -170 -131 43 -149 -366 -331 141 -574 -242 -191 179 -80 -518 -562 107 -76 24 -217 -453 -360 -46 -326 -73 -16 -447 -532 -352 69 -395 -454 -304 -97 -241 -138 0 -65 -42 -417 -219 -67 -349 -212 -340 -130 -49 -321 -508 178 -349 -340 116 15 -326 74 47 -244 -230 -191 -416 -410 149 -289 -283 275 84 -558 -182 208 113 -436 -227 -310 -82 -170 117 -267 -505 -168 244 314 -245 -162 8 44 -197 -59 -193 -381 -361 36 -40 1 -192 -136 -252 -370 -490 135 -212 -423 -317 -49 -404 -564 81 -43 34 -381 -472 -163 127 -87 -159 -164 -435 -482 -51 -394 -585 -321 124 -127 -653 -274 -141 -460 -471 138 32 -190 75 166 -39 -400 -270 -39 49 132 -499 -326 -32 -240 -599 -344 -242 -163 -386 -81 271 -405 -538 -215 -97 -123 -446 -184 -55 -325 -182 -347 -167 -61 -271 -252 -299 -451 180 410 -103 -10 -395 -342 -399 -29 -168 -431 -507 19 -127 -306 -232 -110 -538 -194 75 -292 -19 95 62 -453 -289 328 -235 -541 -366 -114 -409 -610 37 -252 81
-379 -334 -488 53 -42 -208 -40 -636 -446 -73 -33 -136 -221 -244 -451 -250 277 -42 -382 -81 -197 -589 -54 -75 -314 -159 -348 -311 -371 54 45 -245 -481 -581 -328 -171 -73 -227 -308 214 -431 -507 -306 -145 51 -466 -241 -206 -368 -306 228 -228 -325 58 -8 -471 -357 -171 82 -342 50 -112 -420 177 -239 -451 120 307 -56 -267 -451 -276 -36 122 85 -31 -182 -325 -127 -232 157 192 -322 -21 -226 -345 -332 -99 -157 101 -89 83 -124 -115 -194 -278 -314 -90 -455 -422 -288 -11 348 -196 -155 -396 -242 186 -324 -293 148 -390 -443 183 -158 -633 -116 -192 -163 -380 -263 -285 -381 -14 22 -382 -426 -34 191 -22 -507 -624 21 -126 -448 -79 -283 -506 -223 -17 214 110 -332 -508 -190 207 -126 -236 -53 -44 -79 -469 80 -53 -477 15 -460 -500 338 105 -12 -376 -251 327 -128 -433 -163 380 -272 -447 -297 -394 -471 -177 -92 -318 240 -64 -650 -547 201 206 -312 -65 -282 -344 -528 124 81 -572 -257 257 -207 -118 -253 -235 -118 -328 -121 -93 10 -403 -455 -410 -158 157 -344 -526 -461 -233 -271 -336 -398 76 -412 -204 -76 -206 -307 -177 -159 38 -246 -29 126 -280 -350 -325 3 189 -473 -268 -109 -330 59 54 -279 -103 -188 -478 -313 -429
-107 184 -223 -370 -106 -353 -13 337 -161 -425 -406 -66 200 -200 -80 -86 -359 -588 -394 -250 -66 -151 -384 -483 -157 257 291 -8 -330 -339 -10 -99 -442 -505 -154 -82 -202 -111 117 10 -311 -104 -186 -47 74 17 -343 -29 285 -467 -530 117 -365 -615 64 128 -567 -472 -150 285 7 -334 -172 0 -171 -191 -435 76 -353 -231 210 23 -271 -522 -309 -135 -251 -317 -125 -257 -514 -378 -77 5 -295 -645 -535 -321 156 -250 -568 -357 -412 -379 21 -285 -241 -279 -474 -10 -12 -2 -565 -399 -379 54 -35 -160 -314 -245 -78 -372 -384 0 -317 -43 -140 -29 -150 -644 232 46 -496 -154 -321 -345 -386 -551 -201 -431 -19 26 -58 -43 -531 -40 -192 -346 -191 -262 -410 -13 79 -108 -38 65 -368 -469 -242 -129 -606 -446 -48 -260 -7 -75 -42 -33 -661 -428 -407 -455 -126 -226 -560 -45 301 -417 -307 64 69 -488 -250 122 -139 151 -501 -344 -107 -183 -315 -105 -73 -443 -289 -181 -496 205 -26 -249 -378 -348 -326 -125 -24 -264 -444 -521 -427 -171 56 36 -90 -160 -54 -269 -269 -44 -116 61 0 -11 77 -112 -35 -34 -97 -273 -193 -9 -194 -289 -344 -511 -487 -202 -12 -87 -378 -301 28 33 159 -180 -518 -480 -356 -247 18 191 -386 -87
-601 -383 -195 -162 -150 -212 176 -259 -524 -132 -272 -86 35 -158 -431 -415 -79 -45 -257 -63 -252 -82 -182 -227 -55 -275 -333 -444 -119 -119 -239 -336 -140 94 -416 -220 -232 60 82 -232 -353 -288 -459 -15 -290 -32 -179 -222 -381 -262 322 -402 -221 20 -166 -622 -59 153 74 -155 -388 -373 -546 -119 23 -228 -500 -216 132 -422 -687 -124 -239 -130 -199 -230 73 -450 -294 -163 -190 -184 126 30 -222 44 148 -121 -162 129 66 -178 -338 -319 62 -358 -143 325 -371 -500 -4 -100 34 -362 -307 -145 119 -64 -82 -529 -292 -140 -201 -266 -265 -99 47 -143 -511 54 140 -204 -360 -13 193 -64 -120 -76 -528 137 316 -220 -590 -339 85 -302 -96 328 -2 -402 114 294 -495 -752 -96 -402 -434 -12 -126 -214 -59 -416 -573 54 -268 -221 -356 -69 -74 -122 73 36 12 68 -67 -440 -484 68 -6 -222 -107 -1 68 -488 -632 -232 163 58 -298 -282 -316 -346 42 116 -377 -351 -220 -15 -221 -431 -198 157 -315 -382 -321 145 -111 -123 -257 -627 -63 -449 -494 -323 -519 68 24 -601 -384 -246 18 -161 -522 -353 39 -400 -332 -147 -133 -284 -86 -433 -270 -200 80 25 -530 -376 -172 -173 -142 9 -408 -188 -167 -424 84 -285 36 -502 -321 -74
-257 -286 -256 57 -33 -253 -328 -294 29 -199 179 -144 -126 -91 -467 -382 7 1 -354 -504 -449 -532 -89 -142 -566 -389 -248 287 137 16 -277 -445 -378 -41 39 -334 -27 -190 -414 182 -124 -406 -132 -63 -48 -341 -32 13 71 -451 -459 37 -28 -213 -414 -164 163 -279 -382 -588 -517 -130 118 179 -216 -48 -58 -397 -1 42 -215 34 -187 -278 -351 -140 8 -363 119 62 -505 -72 45 32 -217 -737 -648 -314 -108 -5 -691 -355 -280 -33 -4 73 -78 -425 -523 318 10 -198 -363 -168 -383 121 -299 -233 96 -35 -162 -192 -182 -23 -666 -393 -355 -269 135 -343 -203 -194 -317 -246 -14 -684 -148 -354 -100 -212 -559 -191 -179 108 1 -335 -238 -339 -505 -97 -205 -384 106 32 -60 -56 -200 -114 -506 -231 17 48 -126 -513 -129 313 -116 -442 -252 93 -329 -390 -363 -553 -445 -234 -10 -88 -411 -202 -339 -138 125 -74 -137 -89 -226 19 -235 -299 -206 188 120 -505 -487 295 120 -459 -555 -263 -60 48 -197 -259 -283 -251 -390 -140 -231 -71 -84 -57 41 41 79 -161 -409 -158 -362 87 118 -221 -626 143 37 -379 -208 33 -672 -39 -474 -338 109 -390 -581 -485 252 37 -443 39 209 -133 90 17 -490 -85 -303 -111 -36 -594 -342 364
-385 -139 309 160 -214 -285 292 -3 -243 60 -433 -317 -280 -350 154 -152 -310 -475 -304 -104 -390 205 -37 -37 -17 -40 96 -309 -228 -404 -780 -295 97 334 -169 -529 -602 -76 -49 -338 -152 179 -555 -137 -207 -53 -159 -162 -119 -238 -445 151 15 -393 -329 -426 112 -85 -422 -196 48 -38 -541 -216 -412 -216 -133 197 28 -540 -260 -267 -421 -54 -71 -179 -176 -290 -557 -76 -120 -356 -111 -260 107 -107 -163 86 18 -417 -449 65 117 -340 -599 -369 136 -352 -290 -236 -74 -39 -244 -578 -250 5 -199 -497 0 -393 -510 -7 -210 -489 -127 -246 -152 278 67 -259 -505 -162 -300 136 -42 -122 -351 -139 -461 -139 139 82 66 -456 -279 289 -497 -282 -121 -257 -187 320 -109 -320 -476 -331 29 -377 -60 -154 -352 -446 -57 -160 38 -185 -230 -65 -345 -580 -464 -325 -107 -337 -314 398 149 -413 146 72 -2 -76 -601 -482 57 -318 28 -297 -100 -206 -292 97 -417 -342 247 -196 -594 -480 53 366 -502 -512 58 2 30 110 -221 -550 -548 45 -129 -351 -211 -392 120 -312 -301 -98 -263 -224 126 -276 -124 -151 -257 -333 -104 3 -476 -477 6 119 -305 -197 -228 -261 -209 -451 -253 -205 -393 126 -345 -500 -90 -162 -128 -419 -44 80 -231 -529
285 274 -398 -537 -34 145 -391 -685 -82 -200 -429 -53 -232 -208 -173 8 86 -234 -395 -74 143 -183 -488 -302 -73 -484 -557 -6 21 -384 -438 467 113 -642 -414 56 71 -22 -205 -253 55 -774 -132 -177 -330 -161 -216 -308 -132 -417 -323 -171 24 83 -270 -505 22 30 -164 -466 -105 -382 -25 -148 -201 -34 -302 -140 10 -157 -517 37 -508 -446 75 -370 -175 87 -340 -345 -119 189 -264 -260 70 -33 -438 -488 -107 62 18 -253 -266 289 -340 -247 -455 -119 19 106 40 -22 -6 -35 -159 -198 -562 -475 -307 221 183 -372 -3 -279 -616 -26 -161 -328 -426 -277 -198 -329 154 -58 -52 -303 -228 -468 -146 -120 83 -603 -342 -97 -227 -589 -416 -189 176 231 26 -528 -273 2 -385 -280 -153 0 -307 -294 -242 12 -303 -535 -95 36 -181 -457 -322 160 193 -64 -316 -252 -259 -455 -355 139 142 -384 -464 -127 -80 104 -382 -431 -258 117 -280 -23 -183 -294 -115 -372 -85 -270 -25 111 -195 -523 -74 -38 -527 73 81 -664 -427 53 237 -175 -140 -396 -381 -158 -52 138 -251 -283 -399 -442 -65 -298 -255 -73 -174 -280 -648 -399 -5 375 71 -357 -524 -264 101 11 42 -194 -263 -152 87 -224 -226 37 -409 -151 -420 -288 -65 -77 -262 -127
-490 -348 -132 115 -151 -454 -230 -64 144 -253 -316 -429 -173 -258 44 32 -608 -279 -59 -235 -522 -228 -97 -235 -81 41 -263 -82 -2 -424 -183 -3 -627 138 216 -230 -463 -417 -403 -136 -453 -133 35 -406 -49 49 -561 -484 -133 -122 -504 -191 -97 -375 -370 235 -173 -377 -498 -287 -230 4 -427 -468 187 184 -476 -122 -164 164 -73 -401 -314 35 -31 -129 -106 -686 -296 -167 -424 -3 -439 -477 -120 -387 -21 -204 -309 -111 -297 -351 -209 -228 -217 -305 -90 -109 -349 106 -207 -498 -426 -302 -47 -20 -315 -348 5 208 -380 -196 -208 -201 -155 -600 -72 6 -630 -317 204 65 -195 -296 -317 -24 -208 -247 78 -255 -393 -132 280 -129 -531 -302 -10 -156 -278 -76 -250 -627 -311 -146 157 -175 -321 12 21 -420 186 -507 -356 55 -153 171 -315 -399 -233 -457 -198 -217 -426 -127 48 -99 154 -242 -281 -116 -514 -165 119 -365 -231 41 -218 -113 -284 -539 -93 -21 -263 -287 -24 57 -70 -75 -311 -172 140 -468 -260 145 -342 -549 -144 -337 -392 -184 -390 -257 62 183 -173 -520 70 -207 -276 93 -360 -59 179 -93 -506 -144 56 136 -261 -505 -375 -162 99 -5 -376 -83 -319 -543 112 193 -532 -454 -51 -3 -137 -348 51 -78 -126 226 -177 -127
-210 83 -456 -310 200 -35 5 -17 -306 -75 -141 -157 -144 188 1 -287 20 -83 -435 -138 -227 -12 -199 -275 -281 99 208 -127 -202 -435 -377 -472 -148 -268 -419 -161 -435 -47 240 -133 -340 -453 -191 118 -289 -290 151 -210 -281 -414 133 247 43 104 -2 -484 -198 96 241 -355 -179 -287 171 187 -594 -465 162 -236 -71 -219 -122 -454 -394 226 -463 -159 -143 -265 -53 -473 -90 177 -174 -174 -178 103 -141 47 -92 -307 116 -51 -256 -38 -191 -130 -516 -175 55 -45 -349 -342 -58 84 34 -196 -79 -148 -540 -572 -287 -321 47 56 -221 -188 -137 -462 -412 136 -278 -163 104 -116 -353 -460 -126 7 -256 -139 -128 -444 -468 -210 -10 -192 107 83 -293 -215 -230 -227 -398 -392 -301 67 -189 -12 -167 -458 -449 -95 147 -390 -137 -198 -440 -413 -147 83 235 12 -160 -670 -669 -262 -59 -428 -349 239 169 -176 -439 -90 112 -109 101 -210 -165 -251 -184 260 252 -427 -395 -196 -57 -322 -247 -166 -377 -444 -141 -58 -115 -51 -124 184 -135 -56 130 -433 -204 90 -190 -268 -410 -109 -172 37 -107 -621 2 86 -459 -694 -239 -323 50 -65 60 -111 -122 -291 -66 -130 -345 63 -173 -419 47 75 -50 -177 -336 -102 -485 -335 41 -266 -358 -263
-175 -240 -51 90 -307 -186 -190 -124 11 -534 -423 -263 93 -283 -683 -218 -405 87 68 -155 -194 -444 -103 -7 -502 -518 -31 -122 -154 -125 -393 84 86 -30 82 -310 -55 -168 -144 -255 -164 -48 -155 -488 -627 6 -374 -257 -23 -83 -325 -541 -495 -335 -416 -184 -276 190 -390 -175 -253 -419 -2 -381 35 134 -400 20 -325 -185 -315 87 -136 -585 60 -203 -223 26 -615 -54 -129 -309 -124 -365 -160 -71 -375 -531 -307 -205 -197 -119 -389 -122 -180 148 139 -234 -111 -451 -370 368 126 -372 -406 -148 -341 -491 213 124 29 -92 -47 -212 -317 -402 -92 22 -62 -74 -424 -695 -171 -189 -474 -373 143 -147 -272 -435 -88 -324 177 -328 -329 -57 -294 -339 -174 -180 -1 13 -284 -139 -114 -399 338 90 -128 -423 -145 104 -233 -275 -65 96 -51 -51 -210 -43 156 -269 -291 -83 184 -12 -338 -19 -270 -314 -387 -215 38 -327 -87 -162 -548 -127 -188 -579 65 -124 -536 -41 68 -312 -408 156 216 -565 -111 24 -434 -285 -199 -99 -70 -498 -73 -96 -265 -399 38 139 -455 -37 39 -311 -287 -341 -169 -161 -220 -344 -211 31 41 -201 -406 -65 0 -111 -441 -446 -321 12 -237 267 -93 -487 200 -542 -336 -105 -82 -511 -54 -209 -113 83 -187 -220
140 142 -513 -44 -340 -414 -285 -160 -249 -475 14 -115 -557 -169 90 204 57 -10 -49 -38 -355 -441 -38 -350 -624 319 149 -79 -434 -515 -94 -457 -311 -334 -351 -17 -290 -284 -277 -141 -286 -404 -280 -36 124 -189 -445 43 31 -5 -698 -594 127 287 100 -555 -241 -196 248 -289 -351 -434 -38 -111 133 -269 -404 297 16 -238 -101 -192 147 1 -512 -205 -95 -365 -135 -175 -319 -335 -547 -303 23 -112 -269 -65 -97 152 47 -396 -81 -192 214 -394 -519 -21 -136 30 -506 -594 43 -266 -477 100 -105 -282 -286 -246 -306 -148 32 -391 -489 -209 -486 -536 -420 -107 -167 -343 287 -233 -229 77 -244 192 2 -381 -30 324 -441 -216 159 -136 -377 -36 212 -339 -577 -442 -188 -285 -488 109 -331 -274 -227 -434 -172 50 -352 -595 -91 101 -350 -643 -479 -304 -146 -122 -526 -191 -433 -514 160 -450 -200 -122 -368 51 -106 126 -2 -586 101 165 27 -380 -607 5 38 -386 -421 -267 -283 -506 -195 -68 -299 -245 219 -383 -239 -261 128 223 -520 -216 -169 -256 -65 -347 -6 -200 -378 -27 6 -127 -374 -99 -138 -43 -157 -302 77 -512 -179 -61 -378 68 -165 -279 351 -296 -325 -153 59 210 -356 14 -242 -245 -266 -250 -177 -452 192 258 -591 -224
15 -430 -124 138 -60 -224 68 -20 -51 -388 -114 248 -57 -386 -556 -375 108 -297 -685 -258 -97 -341 -313 49 309 -194 -269 -360 -484 -84 -222 195 301 -419 -154 130 -49 -224 -283 -301 90 -99 -423 -305 -227 88 32 -134 -302 -315 -95 53 -341 -293 -353 17 -57 -231 -322 -121 -297 135 -77 -318 94 -167 -245 -215 -123 -424 -449 123 -316 -548 -31 -185 77 334 -39 -536 -323 159 -627 87 -38 -443 -311 -309 48 -81 -426 -345 -309 -72 -342 141 -53 -457 -68 -84 -7 126 -482 -306 -256 17 -48 -83 84 -388 -367 106 -340 -616 -116 -106 -29 -434 83 31 -336 -80 -202 -370 -230 -490 -102 -247 -43 -247 -512 -349 -98 92 -58 -305 -97 -450 -451 -165 -71 86 -315 -370 252 -336 -209 61 -65 123 -342 -418 -258 32 73 -392 96 -22 40 -338 -489 -75 312 -95 -165 -360 -392 124 -76 -226 -204 24 -316 -340 -90 -85 -90 72 -387 -293 21 -254 -339 -28 -224 -293 -392 196 -110 -198 -139 -371 -97 15 -253 3 61 -72 -456 -314 -125 -319 -282 104 119 -235 -325 163 -222 -468 202 -510 -319 142 46 -149 -664 -317 -333 26 -27 -261 -416 -430 -416 128 250 -327 -570 -54 -68 -506 -164 74 309 -214 -92 -65 -435 -422 221 -458
-423 -92 69 -314 -568 140 -40 -401 -205 -317 -129 -332 -537 92 -164 45 -79 -19 -238 46 -95 -218 -215 -412 -271 -96 6 -382 -206 -63 119 -197 -704 -74 11 87 -88 -411 -430 -302 -244 -80 -326 -137 48 -153 -102 -91 -264 135 -621 -242 247 -385 -305 -135 -258 68 -158 -305 1 -476 -445 6 -75 -338 -363 30 -247 161 209 -209 -400 -217 -179 -10 -86 -303 -505 -118 23 -366 -192 -278 -285 49 -33 87 -85 -532 -51 205 -540 -215 35 -572 -92 12 -314 -295 84 -408 -267 -10 -116 -71 -107 -483 -485 -31 26 -610 -12 230 -185 -116 -553 -203 -126 -101 93 -340 -107 -96 -91 -131 -305 24 12 -89 155 -242 -461 -180 38 -332 -545 -296 312 75 -222 -231 -269 -138 306 -123 -158 -545 -468 -88 -199 -417 -438 312 -136 -110 -100 -88 -284 -306 -38 -444 -319 208 -350 -331 243 -371 -321 58 36 -430 -537 -17 -118 -265 59 -408 -178 -9 -483 -100 -198 -452 12 -336 -334 -98 126 -248 -176 42 -230 -233 77 -159 -334 -607 165 -233 -98 257 165 -234 -539 -341 -30 211 -13 -61 -299 -239 -123 -360 -19 -431 -214 41 -44 -444 -130 -81 -230 -3 94 -290 -408 172 129 -518 27 186 -522 -375 -204 -310 -171 -481 -51 -241 -587 66
-54 207 -134 -249 -144 -216 -389 -264 -34 -229 -596 86 -234 -379 -105 -297 -265 -217 -158 78 -473 -665 151 228 101 -296 -468 -214 122 -50 -325 -197 -56 -436 -329 -364 -44 -186 -477 -270 63 -43 -147 -419 -160 21 -5 -7 -254 -583 -361 -32 -422 -648 -30 66 -141 -277 -226 -63 -244 -48 -48 -558 -177 -327 -193 -246 115 -191 -62 -148 -597 -276 -214 59 239 205 -377 -527 -81 113 -496 94 207 -349 -400 -382 -43 232 -101 -278 -341 -203 66 -225 -503 -69 83 -248 -332 -224 -201 -361 50 -154 -353 -364 -407 -43 -228 -48 -307 -600 -160 122 -594 -338 -54 -590 -148 -52 -300 -586 19 -93 -258 -554 -143 -344 -575 154 58 -232 -15 14 -512 -32 3 81 -474 -179 8 -233 -365 -462 -342 -183 -21 -153 81 245 -193 -626 -504 -441 210 -316 -452 300 -542 -306 -8 -286 182 -368 -428 309 -49 -308 -102 -10 -269 79 -6 -183 24 -233 -278 12 -284 -492 -216 -28 -126 -517 -187 -349 -550 -12 -214 -550 -187 -126 -85 -5 -282 148 -105 -205 -85 -427 -267 -7 -154 -48 -256 -289 -424 -323 167 60 -346 -191 -636 -394 76 -161 -542 -102 -139 -411 -257 -17 -171 36 -193 -340 -545 -126 20 -26 -352 -570 -203 -122 -188 -147 265 105 53 -253
-348 -516 47 -201 -55 263 -67 -245 -224 56 -323 -260 -261 -210 193 -169 -151 -206 -287 159 -62 140 -435 -450 -137 -299 -258 248 350 -373 -612 -140 -76 98 -159 -172 -214 -296 -288 230 -102 -129 -341 -342 -122 -309 -381 -85 -67 102 123 -44 -39 0 -321 -316 -374 -274 -463 92 -14 -260 -181 -114 -254 8 -98 -49 -455 -19 160 -518 -137 366 101 -370 -474 -350 -195 142 -419 -581 211 -54 -366 -308 -402 -330 -198 -159 97 -141 -185 -45 -32 -354 -210 -353 -324 -98 -170 167 -235 -318 230 186 -425 -331 93 110 -266 -209 -120 -421 26 -88 -464 -66 192 -136 -358 -300 -331 23 -115 -561 -262 -202 195 126 67 -371 -45 73 -653 -614 48 -345 -491 -362 -322 -119 112 -438 -376 -250 49 -210 -261 -280 -334 -273 -122 218 -2 -22 -110 -403 33 -299 -395 96 -279 -196 -59 -326 -339 -245 10 -175 -86 -236 -473 -314 -212 -372 -472 -375 -185 107 -140 -300 -400 -110 -165 -5 -80 -146 -192 -59 -76 269 174 -1 123 -491 -70 -29 -256 -128 -265 -609 -238 -15 -72 -272 40 -92 -102 214 -201 -381 -90 -511 -56 179 -241 -387 -35 -423 -198 26 -309 -500 -191 -8 197 -119 -110 -82 -309 -823 12 119 -134 -125 60 -338 -642 -219 -481 -205
-286 -226 110 -272 -143 -276 -393 17 -247 -202 -239 -75 -23 -196 -156 6 -394 -333 -92 -104 -360 -457 -124 -71 -372 -95 -215 -378 -285 58 -73 -439 54 -238 -328 -219 -159 -149 -39 196 -234 -130 22 -172 -358 -442 366 251 -489 -657 -388 -192 -388 -529 82 -98 -415 277 130 -665 -226 -106 -104 -367 -346 56 -112 -370 18 63 -589 -554 -496 -98 -296 -78 88 -48 -70 -478 -510 152 -288 -138 -368 -411 -32 -135 -162 -213 -217 -131 -316 -186 -348 -363 -246 -168 119 -72 -66 48 -383 -343 16 -502 -652 96 -242 -399 -121 -476 -403 211 135 -490 -276 104 -389 -674 108 -186 -201 -113 -71 -74 -62 -139 87 -347 -523 -77 -191 92 52 -84 -271 -241 -226 -44 364 115 -504 -241 149 29 -309 -530 164 300 -395 -379 -224 -278 -165 -12 -280 -311 -132 -424 -120 177 129 -372 -284 -230 -188 306 -413 -330 -308 93 60 -196 -384 -193 -279 -6 -49 -160 -481 -114 212 -181 -329 -561 126 15 -558 -363 -392 -389 -106 -258 -257 68 -199 -149 -211 -428 -207 -53 191 -118 -88 -42 -694 -364 -142 -68 98 -192 -619 -116 -315 -279 -355 -16 -255 -48 -56 -265 178 115 -386 -136 -398 -291 -264 -575 -63 125 -258 -412 -4 -331 -221 -391 97 218 29 -230
91 74 -351 9 -68 -159 -238 -556 -229 -59 -571 -454 -181 164 -459 -541 -252 -124 -266 245 -26 -374 -399 -115 41 -408 -438 268 276 -493 -453 -385 -130 44 92 145 -230 -400 -274 -157 -173 -506 -700 -98 79 -529 -438 -280 -141 158 291 -404 -230 89 -44 -487 -176 -33 -439 -82 170 -252 -493 -381 -144 -341 75 29 -155 -392 -37 -168 -51 43 104 -335 -480 -265 -373 77 -234 -393 116 -420 24 -8 -21 85 -442 -234 -177 -235 171 88 -282 -287 21 116 22 -242 -119 -415 -463 -143 44 -31 -272 -254 -67 -225 -316 -153 -408 -258 11 193 -382 -245 -64 -47 -451 -339 -291 -239 -444 -462 -49 -48 -354 -411 -185 -268 -183 -248 -346 -311 -372 -91 -32 2 -628 -421 -141 -97 -3 -470 -148 -189 -550 1 234 -498 -581 158 -166 -604 -320 128 -278 -585 -243 117 -213 -245 -291 -38 339 -291 -255 -470 -78 -54 -110 -241 -175 -28 26 83 -71 -508 -177 -426 -480 -319 -418 49 -191 -301 115 -183 12 359 -328 -352 57 -127 -440 -135 -443 -11 -89 -641 1 -45 -594 -158 136 -390 -474 -87 -81 -313 -386 -498 7 -250 -88 -167 -205 -368 119 111 -736 -504 41 -391 -299 -313 -277 330 -29 -226 -197 -163 255 -224 -292 -521 -439 -196 -391 -33
-143 170 -37 -85 -223 -451 -132 -206 -356 -47 192 -340 -238 -161 -198 -152 -185 -286 123 30 -303 -269 -483 28 298 -221 -138 -340 -507 -34 176 -129 -146 -191 -260 -472 -289 -209 -286 -24 0 -231 121 173 -384 -216 73 -39 94 -195 -480 -84 -192 -613 -310 218 -361 -77 28 -44 -151 -464 -395 223 24 -283 -286 -295 -57 -218 -88 -326 -291 245 -259 -87 -115 -356 -310 -74 -256 -115 -106 44 -766 -348 153 -441 -329 92 48 -414 -160 -106 -421 -120 -182 -513 -75 -49 -387 -12 39 -14 -256 -372 -425 -507 -85 61 -569 -497 105 -12 -316 -174 261 79 -150 -319 -72 -93 -188 48 92 -370 -291 74 -385 -34 -241 -305 365 416 38 -408 -137 117 -28 -324 -41 -154 -305 -489 -153 228 -335 -340 -383 -58 -267 -449 90 26 -349 -143 333 -248 -32 -94 20 -382 -251 -99 -361 136 -481 -317 79 62 -372 -542 -24 42 -618 -461 -228 -486 -412 82 -140 5 -203 -125 -47 -192 -166 -371 -285 -62 19 -373 -602 -68 146 40 -164 -326 -51 -192 -274 -9 19 -368 -204 -169 -156 180 -255 -78 -137 -372 85 45 81 -63 -544 -64 154 -112 104 -518 -160 -325 -505 -24 -146 71 200 -493 -541 -90 2 -459 -276 -107 -257 -89 18 138 291 -650
-186 -395 -121 -102 -123 -2 -333 -317 -366 -109 -599 -466 233 121 -324 126 -485 -336 -169 -208 -593 -320 43 195 -307 -185 -42 -414 -316 129 -94 -233 -31 -162 -276 -398 -85 35 14 -210 -559 -178 -336 -517 -137 -169 13 -177 -327 -98 -323 -651 108 106 -76 -322 -56 -307 -160 -25 -468 -277 30 -440 -120 -302 -391 164 13 -533 -228 218 24 -347 -69 -383 -18 -295 -39 -416 -203 -106 -265 -351 -4 142 -602 -450 -100 -95 -329 40 -361 -506 -169 -381 -206 12 -387 -369 -108 -105 -71 -165 -320 -391 -428 88 34 -281 -160 -102 -364 -481 -381 39 -26 -301 -386 -165 -129 -66 -334 -400 -334 -149 52 -156 -471 -542 379 -227 -569 -385 -392 38 -353 -292 -260 -521 -214 -288 -59 313 -162 -517 -172 -360 39 184 114 15 41 -54 -701 -236 -296 -341 -398 -315 -19 208 -71 -393 -148 -135 -33 165 -597 -164 147 -171 44 -81 -470 -398 89 -76 -139 -333 -242 22 -307 -266 -383 -38 -232 -32 251 -18 -187 -371 77 127 -296 -76 -140 -323 -167 61 -464 -241 160 -488 -452 -221 245 33 -214 -75 -463 -373 -280 17 -107 -380 -287 -328 -332 51 -314 -294 64 -272 -379 92 237 -393 -288 -240 -301 292 -150 -266 -168 -115 11 -88 -420 -532 -205 -42
-395 -43 -366 -421 -139 -413 -326 -343 -113 45 149 -78 -654 -412 55 -183 -129 -125 116 -538 0 -112 -514 -157 -106 -432 -172 -258 -192 -530 86 -141 -67 -277 -486 -490 -72 2 -237 -78 -238 -495 44 30 -295 -188 -53 -155 -11 -372 -46 -79 99 -385 -327 -48 -731 -417 -288 -193 -205 290 207 -130 -10 -60 -351 -118 -368 71 89 -258 -291 -184 -113 -171 -426 -101 107 -199 -450 15 81 -406 -501 13 79 -527 18 -281 -294 290 -417 -299 50 -305 -144 -252 82 146 -73 -387 -326 -129 9 -361 -573 -54 157 -32 -402 -75 128 81 138 -451 -252 -175 -346 26 244 -172 -241 -204 -392 76 -56 -339 -145 198 -259 -190 -176 28 -59 -155 56 -166 -17 173 -422 -513 -492 -66 -303 -22 -158 -419 -307 -103 -158 -188 -473 -502 -49 -123 -192 -314 128 90 -238 -284 -535 120 -110 -242 -156 -449 -37 81 -500 -269 -384 -540 39 -295 -532 166 124 -242 -446 -273 174 -52 -200 92 -168 -155 -20 -374 -586 -195 56 -377 -380 -284 54 -27 -279 -390 -425 -11 -74 -594 -525 -134 -156 -221 -465 -187 120 -180 -173 -249 -386 197 -250 -439 27 -68 -15 -50 41 -324 -437 -240 -229 -162 -320 -404 -168 -427 -59 -164 -427 68 -265 -592 190 318 -185 -104
-85 -479 -290 36 140 -6 -215 -352 -125 26 -426 -544 51 -79 -517 -385 -187 -58 -106 55 -448 -12 223 -94 -535 -59 186 -314 -531 -87 -165 -46 -198 -41 326 -51 -261 -111 -480 -701 -151 259 -89 -375 -400 -64 168 -601 -131 -143 -328 -12 -257 -366 -189 -176 -114 241 31 -395 -403 -257 -350 -75 -50 -721 -68 -290 -113 -174 -151 -195 -29 -413 -20 -258 -194 201 -130 -421 20 -520 -416 -190 15 -227 -577 161 -265 -183 24 -572 15 154 -357 -99 -346 -485 65 -250 -463 -399 59 349 -503 -379 -329 98 -204 -186 -112 -535 -300 -582 -519 41 70 -342 -316 294 -365 -600 -112 -71 -214 82 -246 -66 -89 -402 -12 -141 79 -143 -374 -611 51 -157 -646 -558 -15 29 36 -175 -230 99 4 -188 -443 -149 75 83 5 -241 -181 -295 -303 -275 -512 -157 -67 -178 3 123 -185 -279 -537 -111 -323 -468 -41 -202 -184 -351 87 198 -368 -182 -17 -223 -428 -257 -300 -212 -180 -308 161 -116 -430 -350 -384 239 -222 -460 51 -72 -401 -70 -95 -482 -137 -153 -111 56 -266 71 123 -170 50 -232 91 -450 -470 -33 -205 -365 -319 86 44 -682 -373 -212 -377 -228 -220 -132 91 -268 -380 208 -182 -116 -70 -254 -517 -33 -56 -18 104 -538 -227 -412
-274 -86 -282 -118 -11 -311 -393 -585 -189 -239 -282 265 -304 36 -220 -28 -250 -255 252 -642 -376 -281 -395 -113 103 -574 -263 -150 -301 -374 -222 -208 18 -195 -218 -490 -151 121 -334 -47 85 -559 -126 146 -127 -317 -263 96 133 -308 -80 -413 -141 -166 -461 -59 -443 -33 -365 -142 -162 80 156 -101 -400 -191 -73 -42 10 -183 -346 -429 -343 213 -351 -106 -240 -500 -209 108 131 -334 -376 14 23 -36 91 -254 -261 -201 -91 139 76 -393 -307 -292 -273 -121 -97 -377 -460 -4 -79 -436 147 -257 168 -141 -509 -86 -7 161 166 -138 -89 -89 -207 -128 -49 -408 -338 116 -138 -438 117 -224 -78 -228 -296 -149 -216 102 -321 -372 -182 -204 -380 -468 -23 248 -79 -287 -560 -189 -221 -329 -72 -68 -2 -495 -285 -198 -104 -139 -560 219 -86 1 -75 -373 -112 -290 -497 -141 -264 -383 183 -231 -140 12 -205 -68 -239 -196 83 -183 -195 -327 -100 194 -68 60 -119 -295 63 186 -262 -593 -207 -24 -218 -274 117 213 -33 -174 -138 -534 -373 -92 30 -84 -675 -223 -162 -216 -381 -18 -417 -629 -212 312 -23 74 -43 -312 -182 -283 -429 205 191 -199 -314 -261 -20 -418 -206 -2 -21 -361 -35 -315 2 -81 -222 382 -392 -177 -66 -58 -518 -375
-173 -123 -502 -566 -195 -18 16 -181 11 256 -69 -573 -134 -385 -172 -124 -686 -247 -176 -61 64 -187 158 -19 -274 -461 -391 71 -46 -424 -516 39 -265 -163 37 -142 185 -202 -635 -229 -363 -91 8 -231 -424 -168 -299 -452 -146 10 -23 -363 -208 -100 -256 -143 -234 153 -359 -344 -123 -170 -173 -477 -52 -15 -317 -360 -334 -115 -198 -187 341 -170 -190 -1 125 -324 -238 -320 -96 -266 -184 -84 -194 -479 -240 133 -1 -528 -311 -308 62 -177 -466 -257 -261 -68 104 -659 119 5 -312 -27 -362 13 -319 -185 -117 -285 -96 -241 -607 11 -88 -750 -36 -199 -390 -238 29 -59 -270 53 -216 25 -438 -107 110 -466 -446 -65 -89 -203 -559 -190 44 -212 87 101 -392 -493 -1 -414 -428 148 -246 -76 -288 -272 46 -293 -507 4 -301 -239 -18 -447 -492 48 138 -278 -439 -31 -98 -322 -60 83 -466 64 214 -236 -474 -420 -10 -428 -4 144 -437 -383 -290 -672 -373 -310 29 -286 -551 99 -7 -380 -198 -34 -170 -123 -248 -116 -118 -119 -147 -476 -251 11 -152 -256 -301 -162 -122 -490 184 11 -108 -477 -504 -323 -63 -18 -503 -216 143 -437 -428 -5 223 -92 -508 -414 -435 -199 -51 46 -522 -153 -242 -604 -245 -363 -231 -93 -76 -290 -183 -222
-44 -201 -367 -24 -228 -218 222 -244 -469 -393 -495 17 -228 20 -149 -285 -32 -55 -413 41 -385 -373 -156 2 -277 -436 -313 36 -468 -384 110 -188 -57 155 -178 -328 -388 74 57 -374 -102 -113 -434 -406 -249 -164 183 467 -177 -597 -264 -8 -283 -490 106 -218 -264 -104 -76 -314 -274 300 -327 -640 -6 157 -384 -617 41 -23 -30 -247 -501 -213 -60 250 -51 -157 -119 -59 -9 -320 -445 -48 -140 -260 -140 -264 89 -8 -421 -265 39 -57 98 -36 -418 -67 115 -171 -518 45 -340 -549 120 -247 -117 127 -115 -191 68 -152 -249 -180 -247 168 -260 -267 -142 -197 -38 45 -61 -40 -153 -516 101 -433 -206 99 -196 -12 -189 -349 37 -279 -524 -455 1 42 -136 -247 -490 -282 -12 109 173 -447 -203 -42 -254 11 18 -314 -569 3 -268 40 300 -338 -375 -12 -365 -11 -60 -474 -222 143 141 -271 -469 -343 252 34 -398 -257 -274 -61 -113 -189 2 -38 6 122 -99 -164 -97 -138 -328 -343 -241 -71 25 45 -449 -414 -235 -174 -32 -106 -17 -165 -254 35 -607 -265 -306 -109 -195 -174 31 -401 -153 -136 190 -76 -94 -252 -225 107 -319 -435 -235 -355 55 -283 14 203 -122 -112 -135 -350 -129 45 344 -211 -70 -241 -58 -351 -235 77
-237 -350 -175 -129 -61 -126 -97 -484 -156 0 -292 -342 -344 -198 -47 -312 -230 -324 35 118 -67 -263 17 -561 -196 -174 -325 -350 -429 -202 121 -167 -351 152 -600 -731 -72 -35 57 -271 -156 -336 -294 138 54 -131 -45 -296 -655 14 215 9 -367 -17 -411 -405 -92 -19 -292 260 -436 -556 -256 158 -24 -123 91 -217 -346 -100 -14 -358 -473 -77 -136 -338 -229 -468 -156 -72 -506 -538 -85 -22 -221 -50 -230 -212 80 -44 -2 -119 -358 -698 46 -326 -655 -435 -85 -283 -68 -443 -27 109 -373 -470 -295 -338 227 78 -551 -487 -201 -210 -102 -269 -190 -350 -463 -116 -98 -169 -185 -625 -303 103 -127 -357 -135 145 -199 -686 -732 51 -36 -182 34 -23 -420 -253 -105 -188 22 -191 -493 -394 -136 -215 -500 39 103 -347 -757 -394 145 20 30 -245 -493 -329 9 -102 -204 -266 117 -432 -247 -116 -440 -192 -246 -181 6 -601 76 -115 13 -672 -525 -2 -204 -560 -385 -207 44 -175 -167 -740 -47 -146 -416 111 48 -421 -236 -241 157 -166 -78 -258 -489 -144 104 -293 -307 -62 0 -211 -144 -224 -198 -195 -506 -93 -135 -546 -290 -198 -392 -80 172 -92 -139 -83 -367 -181 165 -226 -418 -263 -388 -370 -112 -27 -322 -216 -73 -420 -457 336 -115 -543
-460 -457 -79 -477 32 -57 -425 -242 -161 -55 -508 -329 -1 -72 3 -288 -543 199 -71 -480 -374 -205 -234 -112 -327 -458 -316 15 -120 -220 171 -371 -196 71 -126 -299 -42 56 -420 -646 -426 218 -234 -459 -186 -143 -518 30 73 61 -181 -644 95 -451 -560 146 221 -409 -155 -292 -141 48 -26 -13 -141 -250 -298 -510 -15 -457 -123 67 -218 -407 -416 365 99 -110 -235 -216 327 -284 -63 -226 -439 221 8 -77 -495 -538 -209 -70 -396 -29 42 15 112 -99 -93 -264 -275 -110 -266 91 -270 -74 -267 -233 -149 -106 -242 -216 -231 -231 79 161 -539 -280 161 -164 -379 113 200 -67 -121 -499 -37 -125 -516 209 157 -364 42 -134 -367 -30 -469 -385 -156 -418 -63 -35 -279 -311 -411 -365 62 113 89 -318 -786 -78 153 68 -147 -248 -169 -320 -250 -55 -160 -475 -199 13 -62 44 -81 -3 -554 -140 -278 -122 -377 -298 -211 -106 -324 -284 230 -164 -456 -337 5 -68 -177 24 -558 -134 -52 -379 -575 135 -175 -6 -341 10 -12 100 -344 -83 -64 -377 -474 -22 -260 -543 14 70 -389 -440 186 -519 -381 129 -41 -111 -309 -284 426 78 -590 -456 5 -368 -307 -116 -344 -125 -244 -586 -252 191 210 -664 -110 -316 53 -260 78 17 -480 -126
96 -140 -292 -44 68 -164 -453 -225 226 -558 -343 2 -212 -305 27 91 144 -306 -167 16 -6 -216 -327 -341 52 -84 119 -313 -452 124 -6 -16 -316 -68 -312 -377 -72 -546 -126 84 -113 -357 -607 -434 342 -140 -177 -85 -298 41 -298 -283 -198 -29 86 -481 -316 -233 -258 333 -131 -362 -367 -348 -355 -490 -496 130 -288 -176 -281 -156 110 -398 -118 -93 49 -199 -466 -235 -152 -227 -81 -278 -379 -219 -13 -327 69 -340 -176 21 -328 -645 -366 -78 -108 -375 -253 -244 -377 -363 -49 -226 -114 -359 -385 -147 43 164 -194 -738 -363 3 -107 -476 23 95 -595 -522 -92 -93 -390 -469 22 -162 -416 -306 107 -208 -450 -146 -150 -349 101 -64 -242 -250 -195 -226 -69 -295 -2 59 -316 -309 -321 -45 -411 -450 132 -197 -487 10 -145 -134 -196 -387 90 58 -440 -303 -290 -425 -241 -313 -42 -192 -227 -313 -148 -361 -96 -162 -423 -493 -379 -32 127 -264 -199 -373 -570 -253 -12 -94 -33 -438 -96 -45 -112 -387 -435 -154 75 -94 -65 -526 -663 -451 20 -185 99 171 -247 -454 9 23 -526 -326 -209 -214 -271 -561 -60 -281 178 230 -326 -101 120 87 -386 -302 117 -324 -160 -470 -342 170 247 35 -483 -51 -234 -459 -347 -156 -329 -72 -216 218
-520 -351 -166 107 -650 -191 -374 -154 -265 -343 -157 -439 9 -221 -346 108 -222 -763 -224 -245 -182 -95 -202 -154 28 -688 -218 -126 -366 -202 47 -494 -147 -82 265 -165 -234 -382 -231 -269 -257 -321 3 -259 -465 -86 -74 -21 -306 -556 87 -294 -199 -130 -97 -296 -426 218 -92 -566 -148 -17 -333 -182 403 -119 -60 -169 -185 -410 -201 -426 71 -231 -667 -178 -264 -77 346 -495 -597 -174 175 -26 -268 -148 -438 23 -450 -122 145 -454 -219 118 -17 -148 -425 -107 188 -458 -568 -91 -193 67 36 -648 -133 -147 -323 -197 93 111 -135 -126 -432 -122 -345 -392 -37 -467 -51 -88 170 -172 -83 -202 -226 70 -244 -178 -72 -311 -273 -219 -210 -239 -339 -9 13 -22 -232 -504 -472 -146 -98 -89 -167 -116 -158 -123 -21 58 -431 -109 165 -634 -476 49 -100 -431 -90 -80 -134 -347 -119 87 -109 -89 -288 -427 -271 -159 20 115 -86 -118 107 -264 -194 -388 -172 -275 -32 19 -426 33 137 -242 -320 110 -101 -97 -165 -3 32 -401 -404 -82 -74 416 -203 -190 -305 -429 7 -21 -108 -51 -410 -336 -48 -22 31 13 -478 -467 -139 -276 -417 -240 76 -223 -322 -74 -221 -187 -445 -253 -128 -305 -97 -112 -440 -594 243 250 -15 -349 45 -17 -111 -292
-125 -270 -39 -144 -287 -291 221 -320 -30 -13 -426 -482 153 -76 -338 -379 -103 163 -157 55 67 -617 249 102 -459 -264 -126 -508 199 333 -421 -195 33 -271 -355 -316 -116 -72 -414 -262 129 27 -380 -179 -423 -125 -222 -465 280 -110 -556 32 21 -314 -308 -395 56 -79 -362 354 -146 -308 -133 -45 -378 -378 -176 -197 52 -233 -250 -64 -563 -135 105 -359 -285 -280 -396 -29 289 -88 -576 -190 -215 -389 -28 278 57 -503 -732 -9 -268 -426 -179 -450 -184 -3 -183 -440 -287 -26 187 -273 -371 -218 -162 -522 -287 165 -199 -573 -292 -198 -305 -99 47 -37 -578 52 -151 -173 -104 20 -405 -229 -69 -202 -328 10 -134 -566 152 -251 -214 254 84 -201 -306 -307 -282 -119 121 -343 -414 -266 -476 -577 47 36 -530 -545 -7 -38 -321 -36 5 -348 177 64 -317 -213 -146 -558 -47 -173 -275 -68 -550 -251 -191 -233 -562 -440 -404 33 -279 -537 -491 -391 -182 128 116 -325 -447 -434 -125 -252 -316 -358 -100 -418 -550 -476 -403 -106 40 -121 -227 -266 -347 -183 -258 -52 -273 -178 -130 -134 154 -131 -102 69 -233 -705 8 315 -273 -102 -118 -522 -238 -102 90 32 -45 -384 -135 -215 -35 -372 -153 -236 -694 233 -113 -420 -262 -214 -126 -55 -81 -133
71 240 -31 -497 -519 -228 -477 107 -272 -33 -82 -142 -203 -192 -137 -367 20 -513 125 -289 -523 199 -316 -141 -191 -72 9 -135 -69 -221 -239 -20 -415 -655 149 -186 -7 -171 -464 -605 -150 17 -42 -505 -138 48 99 65 -303 -167 -36 -456 -287 -197 121 -74 -296 -100 -447 -120 -337 -155 305 -12 -105 -282 -292 -107 -193 -319 43 -227 -178 -17 -217 -287 -544 -2 295 -386 -493 -469 234 -77 -163 -36 -433 -450 -204 -288 -3 57 -274 -139 -93 -536 0 -22 -410 -217 21 -54 -642 -225 117 -150 -117 21 116 70 -393 -423 123 -360 -110 -171 -256 -417 -24 -56 -460 -429 8 -306 68 142 -518 -537 -320 -331 -74 118 94 136 -219 -101 -198 -97 -261 -251 -488 -278 -166 -64 -280 -223 -22 -93 42 -305 -322 -470 50 -198 -367 7 -333 -199 -470 -420 -263 -243 -319 -188 40 -357 -321 51 12 -248 -473 -68 239 -246 -322 -369 212 150 -219 -292 -112 232 -583 -312 -131 7 -293 -365 -190 -285 -302 64 284 -35 -248 -373 -338 -14 2 -195 156 32 -337 -498 -315 -91 -152 -314 -93 122 -260 -520 -93 -29 -643 -461 17 -234 -431 56 -224 -101 -351 -690 -380 86 -262 -392 -15 -523 -214 -3 -74 -108 -96 -326 -490 -66 30 -213 -203 110
-251 -428 -426 -56 12 -307 215 130 -251 -593 -360 -227 -138 -22 -287 -272 243 -549 -520 201 -78 -252 62 -226 -152 -432 -370 -263 -390 -177 216 -95 74 -39 -446 -119 10 -225 -413 -246 172 -280 -684 11 -91 -606 -343 -330 -84 42 -629 -226 -5 -234 35 -453 -198 -125 -33 -51 -263 -379 -310 62 -330 -373 255 85 -338 -426 -614 -350 -254 -536 -252 -296 -91 -49 -465 -11 -211 -280 -132 108 -258 -365 -6 212 -276 -126 -326 -321 -154 -213 -349 -119 -12 -396 129 216 -292 -325 -52 59 -513 -638 -281 -475 -176 -537 -324 58 -16 -91 -91 -397 -220 86 -545 -591 -122 117 82 -251 -410 -257 182 255 128 -368 0 187 -520 -754 -30 -385 -345 86 -310 -51 -56 -442 -413 -331 -24 -29 -479 -271 -607 -184 -182 -116 -29 -54 -212 94 91 -404 -192 -305 -188 141 148 -237 -208 -265 -279 -398 -300 -193 -241 156 -416 -288 69 -204 -644 -220 39 -428 -240 97 -71 -477 64 230 -459 -286 0 -111 277 -16 -357 -462 -319 178 378 -459 -244 331 -375 -123 -3 -187 -139 165 -162 -362 181 94 -201 -77 -421 -264 -315 13 229 -121 -314 -47 -144 -297 -17 60 -321 -216 -243 -61 228 -267 -264 -99 -595 20 -343 -340 239 -120 -467 303 35 -201
-26 495 172 -83 -86 -222 -440 -397 -67 9 -87 -157 -358 -437 -256 210 -217 -49 -7 -487 -183 -285 -138 -215 -405 -146 -266 -181 -14 -295 -432 253 -227 -446 170 -188 -344 -185 -172 -516 -246 113 -34 -27 -286 -171 -12 -359 -86 213 -213 -533 -326 -293 -491 249 -90 -546 -396 352 -348 -23 263 -449 -307 60 82 -387 -237 -184 -67 0 -420 129 36 -297 -150 -102 -372 28 -151 -433 -251 -194 5 -334 -272 115 -337 -51 220 -621 -83 117 -226 -283 -194 -334 -438 -496 -173 46 32 -502 -466 171 -39 -198 -199 -173 135 -127 -161 -373 -351 -351 -170 -131 -541 -15 -28 -343 -371 8 73 -190 -183 -262 -631 64 -385 -533 111 229 -414 -274 -120 -253 -460 -448 115 -216 -326 26 -23 -163 -392 39 -53 -410 -314 -353 -50 -386 -198 -418 -359 -49 -271 41 249 -80 -585 -347 -355 -304 184 104 -64 93 -177 -371 -408 212 112 -222 -282 -283 4 56 -451 -334 -412 -389 -92 -282 -34 -140 -511 -31 -294 -563 -153 -207 -328 203 -309 -289 -213 -559 -334 -379 80 -280 -704 -195 -46 -409 -358 -173 -347 -319 -124 -182 -126 58 -208 -315 -4 -282 -156 -391 -673 -313 46 2 -181 -485 -258 -414 -290 -183 -506 -306 31 -42 -401 -100 4 -328 -348 -458
-116 -346 -325 -172 -434 -408 172 -93 -125 -266 -483 54 -218 -379 -17 -252 -282 -366 -416 -70 -282 94 -207 26 -276 -457 10 216 -137 67 98 -456 -369 -422 -223 -5 -105 -284 -265 -230 -55 -337 -233 -149 -85 -38 -121 -273 -443 -418 110 76 -193 235 223 -334 -219 110 159 -567 -484 -284 -101 105 -255 -288 -164 -136 -172 -337 -517 148 -90 -217 -327 -237 -787 -244 -55 -374 -203 -92 -351 -62 339 -208 -372 -420 -373 -58 -278 -306 -179 -23 -330 -206 60 -341 -367 88 240 -281 -204 -528 -75 152 -608 13 179 -162 -391 -316 -298 -295 -109 -532 32 180 -67 -57 -159 -617 -418 101 -229 -94 138 268 -209 -491 81 -89 -481 -429 -14 -347 -487 -36 -28 127 -440 -110 -190 -307 58 10 -269 -134 -662 -119 153 -18 -261 -161 -225 -51 -55 -33 -365 -421 -322 -395 15 -270 -173 -175 -190 -99 -213 -333 -103 71 -429 -251 -108 -139 -483 -471 -44 24 -424 -31 72 125 -307 -365 -249 117 -33 -442 -226 -9 120 -211 -421 -40 -244 -131 160 58 -92 -7 -342 -72 46 -142 23 -73 -179 35 -185 -127 -272 -47 -92 -482 -273 -332 -56 80 -594 43 -156 -407 -166 43 -118 -14 -383 -325 -31 258 -170 -98 -176 -184 -203 -307 -385 315 -99 -332
-305 103 -101 -193 -11 -150 -24 -506 -90 -301 -462 -352 -136 -53 -189 112 -18 -444 -615 -155 -62 21 -197 -455 -298 0 -16 -231 20 -230 -539 -15 -367 -77 283 -314 -449 -236 -314 146 -11 -65 -236 -355 -219 53 -40 -514 -260 -358 -287 -222 -233 -152 -172 -381 -501 28 -103 -125 -13 201 -243 -308 -188 -92 -467 -523 53 -226 -220 -62 -174 -165 -143 -342 10 165 -162 -378 -242 118 -346 -420 -372 -240 -277 195 378 -333 -277 -167 88 -135 -166 -456 -317 79 -83 -404 -392 -331 -243 -161 100 -296 -18 -226 -554 -192 -294 -198 148 95 -296 -118 -540 -183 -72 -404 -450 -9 215 -318 -269 -295 13 -259 -503 0 -79 110 -435 -183 -80 -219 -247 -182 -139 -344 57 -3 -350 -212 151 -233 -291 -207 -114 -143 -619 -282 -279 108 -124 -600 65 -283 -344 244 152 -123 -341 -227 85 -202 -511 -198 208 313 -497 -550 -245 27 -56 -573 -331 17 176 -346 -113 -296 -154 12 -499 -292 207 72 -35 -484 -277 -207 -1 -21 -281 220 -323 -530 -453 -439 -64 -298 -539 -218 -74 155 -167 -197 -629 -539 -346 -113 159 -126 -150 0 -205 -185 -134 -339 4 -90 -67 -207 -168 -351 -69 28 -268 -453 -476 -120 -58 -396 -192 -115 -212 -223 -123 -291 -269 -44
-345 -446 -334 -233 -99 -608 -686 -19 -146 39 -32 -302 -165 -365 -571 53 -406 -259 -23 -317 -145 -50 -301 93 -30 103 -222 -404 -384 -6 7 -653 76 -222 -263 -228 88 245 -362 -469 -184 -219 -235 -109 -66 -473 44 190 -225 -161 -283 -87 108 -90 -462 -294 219 85 -618 -250 -224 -466 -242 -254 -222 122 196 -254 -82 84 -199 -401 -651 -141 -213 363 -497 -335 -474 -209 235 -197 -449 -275 290 -279 -522 -113 -219 -246 -367 -275 -79 79 -14 -144 -234 -178 55 -124 -512 -178 28 -217 -373 -457 -72 -42 -479 -259 -62 -168 63 68 -595 -441 97 -322 -175 -334 -580 8 -299 -323 131 405 -399 -242 -285 -344 167 -313 -358 -62 -113 -343 -137 -293 -281 422 -267 -592 42 241 -446 -207 -67 -103 -441 -320 -94 -151 -78 219 -206 -478 -338 -208 249 47 -138 -461 -478 -73 -30 -297 229 -47 -83 -540 -189 239 -396 -82 -85 9 27 -71 -471 -442 -322 188 -30 -499 43 -160 -248 102 -522 -109 4 -404 -79 -236 -79 -186 -152 -288 -326 181 -461 -204 74 -90 -397 -430 131 -116 -505 52 218 212 -215 -522 -453 -45 -98 -695 -433 -87 -190 75 -280 -342 -196 -117 -95 -296 -458 -473 -98 -147 -380 84 -249 33 -99 -234 -194 -440 -147 -175
-29 52 54 -52 -212 -144 -39 -347 -444 -177 35 -83 -347 -583 137 285 -20 -448 -281 -370 -260 -175 -548 -351 -309 -205 -332 -181 -248 35 -195 -412 -258 -360 -235 183 -8 -198 -147 -210 -396 -476 -283 220 -44 -180 117 -376 -493 -207 274 -357 -521 -288 175 9 -69 -242 -123 -173 212 157 -326 -195 -287 -165 -420 -129 -394 -670 -201 -326 -32 -157 -171 -238 -148 -74 63 -124 -388 -433 51 160 -584 -137 255 3 -233 -362 219 -182 -379 26 29 -744 -405 12 -21 -431 -384 -72 -92 -69 -202 -55 28 -170 -241 40 -352 -177 99 -321 -452 156 -200 -340 -96 -123 -154 18 169 -330 -552 -338 49 -340 -286 195 -308 -111 -52 -358 -305 -482 -74 -250 -367 -325 -95 151 -277 -181 -194 -399 132 47 -238 -69 86 -530 -274 42 -163 14 -296 -476 90 157 -624 -138 102 -324 -280 -322 -315 -225 -271 -37 -129 -540 12 -177 -153 -123 -284 -185 134 -179 -421 41 -203 -220 102 -373 -413 -165 -159 -211 -202 -230 -365 -311 -208 343 -553 -324 -40 60 95 -536 -214 2 -349 168 -193 -383 116 -261 -322 -177 -205 -128 30 30 -488 -197 -144 -232 52 75 -268 -356 -386 -41 -19 -110 -22 176 -191 -75 -346 -141 73 -188 -464 -167 -55 -428 -168 -85
-189 -352 -597 42 -379 -496 -106 43 -403 -574 124 -52 -470 -397 -26 -428 -446 -375 14 128 -112 40 -88 -116 -130 -107 -95 -416 -383 84 -80 90 80 -406 -42 32 -651 -10 129 12 -92 33 -24 -366 -62 -15 -419 -106 43 -222 -418 -15 35 -362 58 -135 -672 -181 -199 -378 -479 16 -172 -285 5 96 -119 -149 61 -346 -409 220 -132 -305 57 93 -253 -471 -188 -230 -440 204 107 -572 -329 155 -150 -347 -423 -152 178 -188 -309 -365 -490 13 -95 -572 -57 113 -225 -323 -313 -99 12 -334 -316 142 -508 -49 147 -199 -420 -93 -23 -230 -450 -15 -378 -402 67 -466 -628 -318 -222 13 -84 -18 -135 -166 1 -550 -365 88 -53 -297 -396 -3 73 19 10 -547 -576 -243 38 45 -89 -198 -433 -315 -344 90 -123 -601 -279 -92 -334 -306 16 -177 -99 -208 -185 54 -418 -264 -207 -198 255 -766 -301 172 -12 -360 -523 -220 -295 -246 -148 125 -43 -552 -307 55 115 -240 -265 -72 49 -198 -106 -248 -6 -42 112 -368 -77 -178 -492 -412 -392 91 94 -371 -614 -186 162 -277 -597 -132 30 -39 -348 -99 -69 -370 -111 -379 -205 71 -339 -547 -346 -213 186 -146 -348 -384 -353 -376 -122 -259 -451 -430 132 11 199 -435 -130 -90 -459 10
204 -204 -113 -118 63 -19 -597 30 -45 -190 -503 -407 -172 2 263 -147 -343 15 -329 -288 -30 -491 -429 -376 -365 91 -161 -336 117 -328 -59 -389 -221 -155 -129 -291 -248 145 -222 -424 -337 -454 -99 -82 -369 12 -311 -643 -139 -279 -69 -368 -188 157 -310 -569 -173 257 -35 -149 85 -420 -140 169 -543 -199 16 -277 -554 -252 48 -524 -160 181 -355 -471 -706 -475 -13 221 -297 -495 -309 51 112 -247 -398 -53 119 -446 -474 -455 -362 104 -112 -172 91 -290 -511 -442 179 30 -48 -211 -316 -326 -43 -167 -131 -316 -609 -293 -119 -307 -108 27 -78 -227 -525 -185 72 -157 -309 -99 115 -135 -37 7 -607 -696 -153 -66 -147 132 -128 -553 -69 -28 -21 24 -471 10 134 -115 -250 37 -505 -531 45 -385 -463 -285 -450 265 222 -244 -219 48 -87 90 -99 -407 -415 -420 39 -135 -274 -142 -285 -52 -398 -518 -109 33 -159 -173 -326 -108 120 -197 24 -253 -647 -327 165 -1 -552 -470 -212 -495 -424 21 -338 -200 -398 -357 -94 232 -211 -44 242 -524 -556 -111 -60 17 204 -419 -337 -285 -504 -287 40 11 -423 -356 -160 -234 -316 55 -526 -554 96 263 -455 -301 -312 -303 -178 210 -279 -62 176 174 -339 -173 -400 -157 -174 -447 -151 -395
-355 -182 -73 -43 -422 19 223 -436 -305 -99 171 -54 -433 -275 75 -304 -92 -543 -429 -346 -77 -356 -317 120 -45 -368 -477 27 170 76 -159 -177 -426 -106 -159 264 -143 -466 -438 183 32 -426 211 117 -306 -205 -282 -65 -280 -226 198 21 62 -197 -137 -53 -268 -607 -241 -132 -75 -348 -189 -265 -161 -103 -212 -629 -433 -15 155 -64 -223 -334 -116 45 86 -122 -70 -99 -177 -406 -207 -101 76 -68 -211 75 87 -509 -385 297 188 -136 -153 -755 -372 57 -12 -278 -427 -174 -337 -273 -447 16 146 -498 -371 147 130 5 -228 -471 -67 -175 -641 -633 -382 113 139 -584 -543 -409 21 -112 -257 64 -13 -30 -224 -292 -235 -169 -141 -118 -421 -242 95 -397 -200 -149 -207 -446 -31 49 -81 -644 -424 232 28 -302 130 -395 -315 -397 -404 -133 140 -237 -401 95 58 -119 -109 -24 -394 -219 14 -558 -151 -38 -140 -365 -444 94 20 -167 -329 -156 -211 65 -90 -213 -484 33 -207 -57 119 -57 -45 -513 45 44 -430 -416 -103 105 -366 -543 -73 -87 -272 -211 -361 -440 -164 -220 -113 -340 -6 328 -229 -222 -26 -178 -23 -309 -70 -28 -128 -281 -320 -109 69 -402 -583 -20 32 -1 -19 54 -229 -334 -657 -388 144 -52 -376 -66 -150 115
-186 -374 -308 -168 -337 112 -222 -385 -275 -185 -315 42 241 8 -558 -213 -203 -565 -370 89 -26 165 121 -503 -127 173 -70 -425 -520 -320 -373 -389 196 97 -533 -494 -53 -58 -245 -362 -338 -232 -108 -126 10 162 -323 -426 -264 -464 -282 -321 -396 -60 -113 -607 -268 19 -60 -102 -241 -153 -554 -138 20 -425 -515 -216 209 -55 -216 -660 -589 -211 -378 216 -566 -593 -193 -160 -438 -442 -218 57 -307 -442 -94 -187 -542 -232 -231 -405 -175 7 -550 -136 -216 -437 104 45 -452 -181 259 -181 -265 31 -546 -34 -235 -484 -148 -319 -51 -76 -433 65 72 18 -157 -160 -327 -77 98 -302 -43 -53 -398 -139 -363 -346 -77 -166 -51 -90 -454 -43 128 -105 -168 -350 -510 321 -15 -526 -397 160 -44 -229 -184 -282 -283 8 -467 28 -451 -244 262 -349 -361 -175 -73 -154 -448 197 -108 -367 -108 -433 -245 -77 -231 -83 -244 -325 -417 -269 162 116 -424 -34 146 -582 -178 -71 -174 -372 -38 -326 -143 -175 -368 -189 -668 -176 173 88 -286 -176 91 -185 -399 -78 105 -181 -503 -270 -82 -159 -18 -17 -334 -569 -391 -162 -172 -271 -1 171 -321 -159 -94 -498 -492 -247 -32 -386 -9 -197 -319 -38 -109 -323 -257 -177 77 107 -139 44 -288 -314 43 -434
-134 -455 61 -108 -233 22 -187 -421 -24 -26 -288 87 -123 -568 -85 -294 44 -88 -11 -519 -209 -255 -128 -331 -6 -470 -494 290 58 19 22 -118 -46 -349 -314 146 11 -118 -159 118 56 -316 -258 -469 -97 86 -297 -242 9 -275 -346 -209 52 42 -118 -14 -125 -116 19 -476 -167 -209 -380 -162 -106 -208 52 -29 -391 -399 -573 -87 250 -164 -121 -192 -63 129 -303 -498 -8 307 -316 -249 315 -301 59 37 -315 -40 -177 -66 -281 41 104 -103 81 -71 -32 -576 -641 -297 255 -362 -196 278 -54 -634 -387 -157 -120 181 -184 -470 48 -556 -355 -258 -66 -272 -150 -191 -273 -248 -72 -382 -71 -90 -582 -112 -215 -239 -58 -33 -529 -398 -28 -444 -304 16 208 -544 -328 252 -6 -287 -414 -97 -468 -194 -123 -442 -58 -469 -227 157 -317 31 -251 -223 255 -434 -192 -136 -420 -195 -201 -391 -170 17 -457 -440 -282 -135 -74 85 -64 -89 -192 -388 -410 -124 -353 -139 -27 144 -515 -355 -323 -268 49 -1 -109 -109 -282 -404 -401 -154 -141 -325 -349 -218 -216 -455 -197 -509 -80 -127 -188 -159 -406 -232 -145 -238 -186 190 -139 -533 15 -270 -85 47 -184 5 -417 -177 10 181 -465 -404 283 -72 -563 133 -450 -514 41 -201 -314 28 -41 -471
-53 -323 -593 -100 279 -146 -189 -24 -417 -360 89 -92 -355 -20 -122 -89 -358 -205 -236 -89 -290 -34 -208 -195 221 -165 -411 -579 -309 -207 -360 -350 -2 -375 -307 -279 -235 -285 104 -235 -214 12 -657 -209 172 -502 -636 50 -345 -173 139 -338 -638 -462 -178 -152 -85 -428 -469 -211 -78 -447 -99 -238 -251 -476 -344 69 -40 -358 -64 -420 -388 -87 -263 -397 29 -81 -538 -94 77 48 -529 -461 -3 -2 -631 -326 191 -432 -340 -285 -200 -245 -497 -286 -339 -339 -340 -317 105 145 -273 -346 -249 -467 -321 -45 -56 -33 20 -481 -353 -16 -155 -39 -7 -218 -384 -446 -370 -17 -64 -169 -324 -590 -448 -43 93 -147 -391 -122 38 -325 -103 139 -438 -360 140 31 -384 -218 58 -433 -532 127 100 -556 -74 -349 -487 35 -176 -164 50 -487 -279 -373 -115 232 -319 -174 -266 -527 213 103 -373 -387 -22 -332 -150 218 137 -484 -88 239 -558 -596 -198 -281 -14 -50 -348 -179 -298 -153 31 -384 -437 -91 -362 -256 -184 -175 -130 -68 -121 -300 78 -42 -270 28 -354 -298 186 175 -380 7 -452 -193 -64 -663 -20 -90 123 -225 -228 164 56 44 -518 -622 -284 -373 -319 -90 2 -300 -64 78 -505 -637 -178 -34 19 -100 -376 -75 -68 -214 -62 -107
-292 -330 -453 -191 -394 -180 40 37 -587 -432 118 -113 -235 -195 -536 -462 -71 -208 -19 -353 -549 -137 -48 -65 -438 -308 -26 48 -65 -90 166 -342 -372 90 -69 69 -124 -160 -154 -535 -178 -158 -186 -34 94 -149 -195 -35 -80 -530 -94 -152 -4 81 -237 -202 -270 -177 -259 -389 -118 -97 -502 -78 -177 -224 111 -336 -259 -534 65 134 -485 -32 310 -126 -361 -561 -321 -278 -329 -176 -129 113 150 -271 -597 -189 -153 76 -162 -165 -344 -173 -387 -269 86 306 97 -298 -236 -121 38 -146 -574 -51 40 -252 -407 66 -333 -362 90 -67 -299 -527 111 -167 -371 76 30 -149 -332 -438 -157 -58 2 -276 -305 83 47 -466 93 81 -282 -410 -149 3 -336 -488 -63 -203 -123 -197 53 -251 -596 17 -286 -246 -112 -47 -110 -130 28 88 -86 -293 -440 -334 -189 -33 -431 -302 -225 -261 -322 138 -216 -434 228 -166 -360 -194 -189 -238 -347 56 -312 -303 54 -183 -291 36 -29 -181 -227 -49 -29 -51 195 -153 52 58 -335 -242 -445 -235 -400 -321 145 -266 -539 -72 -95 -514 -45 -615 -110 -19 -27 -54 -294 -315 -326 66 137 -591 -172 -156 -31 244 -361 -166 -16 -149 155 -96 -218 -512 -87 83 132 -177 -270 -57 -278 -132 -62 -342 55 -216
3 -415 -234 -40 49 -460 -300 -183 -130 47 -23 -292 -408 -137 -226 -384 -164 -221 -93 -265 -169 -91 -235 4 -3 -573 -535 -363 -232 -206 -65 -57 -94 -350 -594 -476 23 59 -416 -20 -5 -576 -237 -92 -557 -745 -21 -240 -96 27 -628 -141 -388 -102 61 -375 -80 -314 -336 -37 -173 -284 -98 19 4 -570 -359 155 -336 -161 -161 -201 -225 -727 -478 -83 -231 -272 42 238 12 -184 -493 -379 -209 -225 -262 -288 125 -180 -150 -184 -409 235 -405 -428 -190 114 -226 -331 312 -156 -100 -679 -185 -192 -359 -327 173 139 -443 -170 -68 -610 -370 237 -181 -440 51 -297 -319 -306 -281 -290 -15 -312 -368 -10 47 -209 -306 -31 -402 -355 -463 -456 212 -88 -412 -221 -77 -413 -229 -378 -467 -68 16 -351 -195 -78 -278 -148 -145 -326 0 -562 73 124 -309 -322 86 85 -71 -472 -273 1 -42 -360 94 196 -612 -268 -77 -273 -56 -133 84 -219 -48 -315 -207 204 -298 -423 -688 -22 -354 86 -192 -682 -557 55 -5 2 -406 -462 -49 -224 -183 -112 -456 -185 71 74 -307 -47 -218 -73 296 -41 -519 -354 118 -172 -224 51 -256 117 151 -270 -559 -336 -241 -86 -265 -59 -360 -317 -192 -273 -111 -315 -428 -119 -185 -473 -290 -111 -153 -104 -157 174
-312 -182 159 -150 -316 -45 -407 -486 109 78 -601 -338 -34 -664 -415 -16 -321 -182 149 -372 -521 138 92 -185 -479 -355 111 165 170 -100 -342 -452 -89 -239 79 -55 -194 -261 -363 -544 -197 91 68 100 -147 -56 -258 -279 163 -237 -111 204 2 -656 -320 -177 -304 -492 -356 212 200 -313 -155 -542 -464 140 -295 -386 73 -95 72 -205 -243 -219 282 -322 -144 -358 -255 -84 -524 -307 13 287 9 -344 -48 76 -504 -32 -445 -597 110 -228 -43 48 -361 -216 -244 28 -346 -298 -292 -154 -220 -112 -19 -34 145 -469 -322 -285 -479 21 159 -609 -275 4 12 -462 -582 171 203 -205 -392 -393 -88 45 -274 -542 -3 150 -265 -274 -220 -270 -380 -26 -335 -482 220 -176 -243 108 -383 -53 -215 -131 278 -411 -117 -165 -197 275 -262 71 -260 -516 -3 -324 -326 -287 -372 63 17 -423 -387 -356 178 -65 -152 -168 -277 -510 -308 -202 -536 -76 -115 -447 -163 -302 -120 163 6 -1 -197 -579 37 94 241 -222 -355 -255 -188 -414 -260 -291 0 213 -10 -18 -467 -385 332 -345 -198 -347 -274 -576 -361 -44 -53 -373 24 -125 -134 -470 -567 -457 165 170 -112 -291 -182 -407 -88 287 73 -504 -262 -55 -394 -20 193 -328 -487 -324 42 -91 2 -344
-362 -11 -173 -524 44 -274 -275 -297 -495 -4 140 -349 -148 80 -355 -228 203 -451 -332 27 -117 -292 21 -270 -443 -384 -315 119 -414 -354 -291 123 258 -268 -512 -352 -467 -116 -91 21 -231 -699 152 -288 -527 -91 -183 -151 -383 -239 -179 -321 -412 213 187 -14 -226 -420 -334 -164 -282 129 41 -662 -412 -7 -45 -56 -388 -6 -141 -786 -154 63 -497 -261 -223 -316 116 -117 -266 185 -156 -545 -403 -364 -531 -25 -70 45 202 -204 -346 -269 -570 3 -51 -444 -100 99 188 -229 -335 -304 -188 -97 149 -201 -496 -48 56 64 35 -202 -403 -16 145 -91 -234 -312 -427 -539 -26 -205 -382 -109 131 -262 -420 -538 -240 -156 17 -393 -262 -54 -216 52 -41 -426 -353 -155 -180 -206 21 -296 -70 212 -464 -91 81 -484 -233 -109 -18 -146 -567 84 -17 -143 -334 -346 -135 -40 -168 -109 169 -56 -115 -348 -210 128 -447 -205 111 -510 -116 117 -378 -648 -89 70 -281 -215 -317 -330 -57 145 -469 -136 -382 -644 -177 -178 48 154 -176 -363 -179 37 -209 -78 -205 -222 -387 -346 -47 -379 -339 270 198 -166 149 -63 -401 -317 -469 153 147 170 -226 80 -501 -439 -48 -216 -24 -119 -416 18 -450 -307 251 -470 -538 -116 247 -80 -277 -180 -365 144
112 129 -389 -650 -350 278 147 -238 -337 -128 -354 -361 -167 -133 -542 -270 -182 -356 56 -198 -547 -424 -90 -177 -286 -96 6 -58 -107 -460 -411 -351 -56 -263 -13 -110 -48 -114 -343 -283 -605 -32 -277 -471 153 -144 0 -23 -484 101 110 -257 -149 -307 -423 -263 -340 -354 299 53 125 -397 -635 192 -93 -472 -201 -241 324 -161 -564 61 149 -256 -143 -243 -291 -107 -137 8 -67 -241 -160 -147 -256 -135 -117 -448 -77 310 -330 -385 -242 -297 25 257 -92 -459 -125 -298 -415 -384 -62 -115 -297 33 -81 -20 -230 -19 -19 -657 -494 36 -47 -448 -378 91 -319 -250 9 -112 -284 -611 -431 -13 283 -173 -649 -150 -125 -31 221 -138 -330 -332 -335 -262 -93 -371 -131 173 -31 -604 -471 -254 -411 -483 -189 -270 -64 -186 -91 -302 109 -177 -244 -8 165 -197 -454 -216 -345 -100 297 -98 -599 -100 -58 -315 -329 -332 -165 -15 -316 56 -353 -168 -87 -140 -136 -585 -10 68 -172 -408 -333 -114 -351 -137 251 -117 -293 108 -337 -240 -187 -301 206 -402 -588 21 -130 -435 -530 -169 -77 -325 49 -168 -493 -117 -420 -287 36 -160 181 -262 -249 -458 -18 -435 -371 -286 178 -16 -117 6 -55 -555 -135 107 -477 -141 0 -250 -320 -18 104 -456 -161 34
-238 -339 -555 104 288 -463 -566 -194 159 -420 -254 212 -139 -63 -156 -198 -115 -164 -294 -358 -294 24 287 -465 -528 -76 -55 -266 2 -465 -313 239 -373 -146 165 -373 -383 -367 -85 -178 -126 -148 64 -305 -432 -271 -292 8 19 -374 -281 92 179 -400 91 -66 -25 105 -231 -340 -264 -256 -205 -322 -156 -181 -347 80 -79 -58 45 -263 -219 -339 -529 -340 62 -337 -85 -227 -165 236 -350 -366 -261 -267 -143 67 130 -659 -302 -393 -450 -6 -149 -196 -140 -34 -198 -60 -297 -207 -117 -171 -63 -244 -34 -289 -369 12 215 -102 -192 -214 -303 -242 -110 -439 -313 -117 92 -107 -444 -240 -72 -109 -226 -784 40 53 -378 -157 -33 -281 -174 -215 -480 -106 74 -224 -421 -647 -208 84 -204 -168 142 47 -360 -285 -246 -38 -199 206 -214 -315 -144 -291 -328 -82 73 -352 -77 58 -215 -231 214 -397 -224 -262 -416 -319 97 10 -597 -514 119 18 -185 -324 -219 -378 -319 -173 -110 -492 4 -49 -211 134 -103 -119 -460 -324 280 -321 -277 98 -427 -397 -37 234 -80 -309 -85 -494 -225 -197 137 118 -159 -516 291 6 -412 -167 -334 -28 -339 -28 -92 3 -155 -329 -264 86 -150 3 -195 2 -379 -405 95 -307 -72 38 -511 -487 -12 -132 -379 -528
-298 -350 132 -254 -422 -27 -218 -74 9 -550 -226 -246 -93 -88 -353 -440 -109 -142 -498 -419 -162 40 71 -334 -225 31 -421 -422 6 -303 -239 -247 -379 48 -21 -348 -325 -38 -400 -322 -353 -244 -430 -112 -60 -176 82 -144 -435 -50 -226 -294 -108 89 -361 -361 -106 6 -388 -132 59 -16 133 -79 -171 -296 39 -103 -554 -135 35 -558 -149 -202 -436 270 -231 81 170 -302 -390 -229 1 -235 -337 -201 -9 -382 -349 -237 -131 94 97 -226 -412 -187 -399 -246 -54 -553 -120 -280 -81 -253 -186 60 -80 66 8 -613 -330 -241 -31 36 -417 102 -219 -174 -37 -420 -221 -56 -308 -467 -567 22 -293 -223 17 -145 -328 -364 -225 -27 41 -125 -231 -436 -351 -236 -176 144 252 -275 -462 -325 122 -324 -286 -266 -189 -311 280 -13 -499 -179 135 141 -71 -170 -108 -83 -380 -179 -120 -87 -435 -284 -108 -287 -54 89 -235 -522 -18 120 -673 -48 72 -288 -326 -32 -237 -55 -436 -208 304 -181 -275 299 -122 -698 56 -135 -643 -169 246 -305 -407 -106 106 -191 -406 33 -496 -270 -92 -82 -349 -230 -256 -95 -436 -330 -130 -252 254 26 -321 -402 -207 -498 62 150 -58 -241 -267 -21 -212 -375 221 -45 -199 -466 -259 -195 113 -76 -347 59 -296 -276
124 -187 -378 39 -261 -183 21 -508 -406 203 -64 -303 -433 -257 -60 133 -277 61 -536 -143 143 -14 151 -112 -388 -428 -195 25 -218 -321 224 -37 -228 -565 -395 -385 -429 -46 56 -255 -215 -312 -76 -53 -492 -256 -440 -332 -125 -546 238 -250 -246 -69 -477 18 -102 -356 403 -520 -313 6 -340 -302 -100 -148 -33 -427 -422 -32 -382 78 -378 -595 134 -275 -62 -95 -65 67 -366 -8 -289 -391 189 74 -499 -275 -147 -312 -422 -332 -173 -450 26 -206 -326 260 -254 -179 -240 -128 18 -132 -68 151 0 -363 -339 69 -398 -303 16 -128 -586 -250 -185 -109 101 -52 -110 -105 -163 -472 -69 -213 -287 -18 -190 -490 -491 -195 -58 -85 -342 -295 -439 -475 -243 -3 -23 -309 -232 58 -328 -310 -411 -310 -13 -63 -253 -67 -220 -193 259 -264 -454 -153 -433 -196 -243 -371 -73 -327 221 -351 -263 -112 -389 47 -118 -564 -111 -170 -203 -177 126 65 -503 -525 -40 -342 -298 -518 33 -295 -528 -289 -265 -325 -443 5 -62 -318 -168 -79 -399 -495 -7 -261 -350 243 101 -452 -612 -276 -74 -265 -146 -46 -65 -478 -36 -304 -237 139 -504 149 -196 -223 -36 -346 -219 -190 140 -182 -105 -161 -289 35 -150 -462 -96 32 -397 -377 -288 -313 -188 4 46 -426
-474 44 -149 -274 -311 -601 333 196 -114 -700 -123 -116 -302 -217 65 -122 -448 -319 -7 -3 -448 -467 -273 -107 -62 -461 -296 -261 -445 -4 -449 -539 91 -55 -300 -203 72 -229 -193 -79 -536 240 -87 -242 -91 -201 12 -17 -572 -165 -103 58 -155 -11 154 -289 -225 124 -318 -139 -264 -367 -22 -214 -389 -98 119 -288 -296 -527 -249 -375 18 193 -323 -210 -408 -353 -318 -315 -168 -28 -375 -472 -262 -445 165 59 -400 -552 83 -219 -366 136 62 -40 -149 -169 -229 -329 -51 -125 -54 -590 -295 -150 -366 -408 -7 -205 -331 -492 175 155 -336 -434 13 -296 -37 240 -360 -248 -208 -197 -385 -269 -128 -455 -347 -375 -519 375 -2 -224 -91 118 -116 -58 102 -288 55 -180 -439 -234 117 -44 -280 -378 -208 -190 0 -205 -323 -127 -319 90 -76 -313 169 -12 -106 29 -47 -68 -146 -139 -368 -478 113 -175 -573 83 -279 -73 -129 -418 -367 -213 -172 -287 -2 146 -207 -141 -392 -129 -268 -35 84 270 1 -39 -99 -260 -557 20 114 -10 -10 -262 -66 -404 -616 66 142 -74 -231 -164 -4 -446 -331 171 -252 -410 161 -188 -119 -356 -388 198 -278 -649 152 31 -233 -128 -237 134 -20 23 -311 -216 -324 -603 139 -109 68 193 -203 -412 -648 -158
-378 -291 -216 -291 -88 75 -363 -221 -212 -56 -25 -188 -172 -245 -363 -153 -315 -122 54 -421 -364 95 16 -369 -517 182 61 -38 84 -440 -143 110 -496 -167 -318 -500 -205 -371 77 -342 -200 -307 -152 -104 -425 -20 115 -504 -168 -351 27 -301 -136 -124 -564 -505 -520 -173 -178 -199 -4 200 -67 -294 -195 93 -139 -480 -543 220 130 -303 -604 -205 -95 32 -534 -342 325 -94 -83 -190 -175 231 -67 -360 13 -63 -293 -248 38 -22 -219 -312 -414 -474 -444 102 -405 -39 -198 -581 -416 -9 -148 -371 208 174 -308 -268 265 -11 -410 -408 -191 1 -135 119 26 -521 -417 -181 -332 -147 -166 -429 -168 212 -124 -236 -257 -396 -64 -475 -488 -263 25 -60 -565 -574 -444 -196 180 258 -475 -338 -218 -288 -222 57 51 -280 -163 -217 -267 -60 40 -227 -538 -184 -310 38 -214 -323 221 -389 -422 142 -328 -447 49 -88 -184 -454 -231 136 405 -158 -285 -395 -404 -559 2 -367 -225 183 -236 -617 22 -225 -24 -175 -635 -686 35 -266 -506 116 -78 -436 -232 -294 247 38 -187 -114 -574 -162 -415 -289 -171 -441 -254 136 -102 -271 -128 169 -254 -676 -163 273 -225 -370 -250 114 253 -486 -42 -72 -262 -21 -157 -325 -56 -54 -546 -402 -201 -172 245 86
-46 -220 -104 50 -228 -156 -169 -548 -546 -220 -373 -247 16 -229 -70 -543 -243 73 -255 47 167 -381 -523 22 288 -188 -239 -480 -257 -533 -241 -57 -290 32 134 -156 -535 72 -289 -371 -12 104 -237 -281 -232 -95 -524 -333 -330 110 -437 -257 -466 -90 234 -375 100 58 -272 -99 -113 -33 -324 -281 28 -414 -224 -368 17 -401 -544 22 170 -295 -260 -181 -90 -419 -410 127 81 -67 -178 -717 -531 167 -224 -361 -449 -355 124 -137 -330 -552 -303 -375 6 -184 -256 -465 -518 195 93 -60 -10 -316 -328 -342 -264 -303 -222 -226 -202 -121 -192 59 -407 -633 46 130 -582 -168 280 -155 -203 -458 -453 -144 -420 -160 -119 -330 -52 155 -224 22 16 -564 -536 -68 -13 31 -387 -120 -187 -455 12 -161 154 -157 -287 204 -138 -246 -273 -460 3 -129 -106 -156 -167 -385 130 -210 -426 -139 14 239 -424 -586 -348 -189 -242 111 -12 -56 -522 -246 -92 -88 -58 -167 -413 -168 -382 -152 -99 -196 -367 -364 -516 50 103 115 -37 -96 -286 -315 -91 48 -399 -535 -3 -277 -44 33 -20 -359 -117 -378 -278 -347 -332 -131 -199 -472 133 70 -568 -279 92 -334 -143 -84 -276 129 -333 -409 -322 -79 -199 -269 -182 -202 -229 -126 -351 -425 -246 104 -352 -170
-344 -43 -344 -723 -111 91 -249 -420 -217 289 8 -400 -451 43 118 -152 -150 -209 -546 -431 -199 78 -146 -320 -579 -105 -6 -289 -487 -27 220 -88 -570 -460 -107 -440 -295 20 -60 70 -136 -229 -220 -413 -523 -169 87 61 -91 -494 -68 -314 -319 -25 -203 -164 -247 -365 -103 -50 -171 -363 -516 82 -273 92 -383 -118 -297 -74 -188 -97 -126 -247 2 -183 -641 202 -246 -278 119 -342 -230 -36 -190 -266 60 -98 -30 71 -331 -400 102 44 -384 -189 -367 -170 -254 25 145 -226 -319 -497 -445 -328 -100 86 -80 -374 308 217 -450 -567 236 105 -3 -338 -303 -212 -156 139 -223 -504 -391 -99 -91 -84 -117 -50 -391 -354 -196 -533 -273 -214 -377 -194 294 -369 -34 -136 -416 18 56 -342 -244 253 -122 -441 -96 -27 -534 -76 -336 -170 -212 113 127 -453 -342 150 -254 -403 -192 79 80 -250 -364 51 -15 -90 -213 -209 133 -502 -33 -51 -73 -431 -428 -104 -381 -358 -40 98 -147 -273 -117 -128 28 -291 -383 -318 -331 -206 -413 -122 -277 -245 79 38 -290 74 11 -315 -557 -149 -136 -53 -228 -382 -545 347 -48 61 -28 -114 -34 -450 -203 -206 109 -217 -356 213 53 -215 -61 -399 -527 -207 -306 74 31 -407 -278 1 -208 15 25 -605
-62 -71 -127 -75 -359 -472 -247 -176 -236 -392 -344 -196 82 124 -656 -438 -474 -457 63 143 -46 -569 -304 -321 -31 32 -461 13 -46 -154 -588 -598 248 9 -447 -491 -99 -239 26 -57 -338 -455 -255 -58 -220 -69 -422 -155 45 -35 -289 -85 -285 -265 -180 -248 -88 112 -43 -254 -518 153 142 -502 -441 -367 105 -68 -105 -275 -470 -242 -247 -193 -131 -297 172 -357 -424 -164 -97 -307 -209 -73 -177 -532 -173 -130 -389 -359 -418 -104 -247 -501 -361 -165 158 -27 -78 -216 -248 -299 -191 -294 -323 -186 27 134 -326 -79 -362 -406 -199 59 -275 -217 -180 -504 -342 -290 -279 -109 -36 -43 -83 -235 -14 0 -343 -599 -230 -246 -183 -246 -388 12 -115 -118 -395 -579 88 62 -213 -70 -108 -588 -556 19 -246 89 -177 -451 288 -261 -93 -161 -1 -46 -429 -511 -98 236 96 -474 14 -34 -586 -134 95 -129 -442 -13 -372 -222 -460 -150 -429 -463 -300 203 -130 -388 -187 -278 -36 71 -614 -799 7 -397 -218 -104 -147 67 -398 -260 170 -264 -6 82 -457 -396 -365 -63 -200 -555 135 137 -77 -629 -202 -406 -259 -4 -73 -611 -112 -384 -403 -159 -93 -134 -540 -63 57 -203 -663 -441 -54 130 -34 -484 53 -59 -590 163 -241 -575 59 17 -522 -480
8 -32 -37 -125 -558 39 24 -231 -219 -141 -496 -255 69 3 -45 -259 -38 -412 -61 10 -257 -122 -231 -109 40 -426 -196 -83 -393 141 -280 -380 -238 -57 159 -88 -312 -223 -283 -137 91 -397 -475 -160 -246 59 -250 -142 -236 -307 -252 -74 -346 -384 356 126 -352 -479 -573 -174 70 -25 -53 -110 -162 -158 -527 -212 -122 -282 38 -7 -199 -20 -495 -124 -365 -324 -349 32 -16 -303 -282 76 -97 -486 -195 119 -99 -176 -69 -207 -126 93 -308 -35 -145 -258 -181 -218 -399 -621 -654 -208 -256 -33 84 -467 -95 -24 -206 -17 -28 -42 -156 48 -167 -238 -358 -22 -120 -183 270 -10 -252 -89 -445 -477 -22 -159 -493 -473 197 142 -104 -110 144 53 -269 -474 -211 140 -195 -418 -486 -80 205 -157 -479 -302 -247 -202 -197 -273 -23 -89 -441 -34 269 -323 -235 -171 -353 -186 66 -257 -312 -416 -172 -72 99 -328 -156 -603 -99 -45 -197 -137 -33 -224 -312 -339 -105 27 -581 115 85 -62 -297 -109 -149 -324 225 -3 -222 -385 -274 -62 -508 -184 51 -303 49 -186 -189 -16 -183 5 -648 41 -312 51 -22 71 -588 -202 -171 96 273 -155 -78 186 -348 -456 -30 -21 -17 87 -440 -116 -258 -136 -86 -616 -244 -124 94 108 -251 -372 26 -350
-541 67 -176 -441 11 -189 -315 -418 -24 -333 -437 -186 -380 38 -355 -89 60 -152 -623 -392 -587 -97 -224 -293 -453 22 110 -338 -232 -365 -427 -147 -88 -8 -336 -452 -530 -297 57 -87 -426 -30 68 -67 -581 -320 -203 -120 -26 -257 52 -38 -492 -398 -191 -48 24 -177 -28 -77 -256 -488 -504 -278 -210 -349 -124 -12 -337 214 -24 -371 -47 11 -206 -548 91 281 40 -123 -153 -53 -286 -633 -102 -75 81 143 -247 -565 -154 -24 -31 111 -297 -371 24 58 -383 -294 -258 -355 -290 87 14 -235 -87 -19 -179 -486 -375 35 -16 -425 -478 -287 -212 -374 -320 128 -132 -294 162 -137 -721 -605 -140 110 11 -81 13 -486 -85 -165 -522 -173 51 -310 -270 -94 -281 -183 -143 -508 -169 -107 -131 -298 -96 264 -195 -99 -237 170 -152 58 295 -268 -584 -513 -14 -34 -323 48 93 -372 -459 32 111 -133 -483 -558 -389 245 99 -463 -581 -133 -17 193 -316 -516 -460 -305 -71 35 -109 -200 -379 -48 -153 -223 -123 -320 -103 -42 -604 -191 284 -229 -288 -236 -639 -356 212 -302 -92 -362 -144 -152 -91 -430 -36 -366 -371 -245 211 -98 -500 -390 -289 -51 -182 -416 -466 -216 -387 -406 -5 -64 -287 119 2 -98 -328 -91 -264 -386 87 -9 -427 -277
17 -334 -301 -2 138 173 -6 -356 -718 -118 38 214 106 -82 -245 -284 -362 -576 57 -97 167 -285 -96 267 -27 -380 -358 -169 -269 269 -13 162 -192 -369 60 -320 -162 270 -129 -387 -163 -9 150 -498 -112 -71 45 110 -583 -302 -68 -71 -175 -248 -126 -67 -224 -129 -271 -103 -389 67 188 -10 -467 112 72 -317 52 -140 -682 36 -96 -304 -320 -409 38 -372 -201 -63 -349 -738 -149 145 -280 -417 60 -240 -550 -35 -110 -256 -161 -415 -214 -8 -570 -254 86 -164 -199 -554 -355 138 -201 -428 -142 -171 -440 46 -264 -185 -56 -52 -40 -188 -271 104 -102 -232 -30 81 -428 -294 20 -302 -419 75 -84 -697 -265 61 -130 -516 -242 -152 -404 -343 -88 178 -178 -484 -264 61 -216 -429 -530 -179 116 -273 -286 -230 -213 167 -136 -591 -209 -21 -304 -110 -95 -15 113 -50 -584 -313 28 -268 -555 -56 13 -562 16 136 -322 -647 -130 11 72 128 -289 -1 -146 -82 -123 -415 -252 -354 -89 -215 -193 -184 153 -191 -111 -181 -434 -378 -302 232 -41 -503 -101 168 -499 -132 -387 31 -218 -150 -209 -302 -314 44 -246 -29 -199 -310 168 -243 -440 -200 -28 151 -502 98 438 -94 -240 -286 -165 -347 -361 -290 -128 -83 75 323 -245 -295 -61 -405
-381 -39 -157 -385 -215 -268 -413 -128 49 -116 -329 -403 -80 -337 -324 94 63 -394 -702 -221 -350 53 -253 -363 -43 -260 -228 -356 -156 -226 -217 -343 -466 -393 -113 1 -515 -130 77 201 -607 -386 -361 -372 -302 -62 -269 -497 1 144 -220 -545 -307 24 -37 -553 -204 -286 -230 -135 -143 62 -197 -435 -210 -184 -426 -363 -294 -258 -4 -246 -628 -88 -205 -140 27 19 -180 -148 -433 -367 57 -36 -372 -431 -155 5 -180 61 -168 -128 50 126 -495 -377 93 173 -570 -510 -499 146 -257 -399 -128 -260 -214 167 108 -398 -215 40 -440 -466 -205 -202 -274 -37 -302 -450 14 260 57 -300 -57 -384 -527 -103 -258 32 36 -25 89 -494 -410 189 246 74 -115 -484 -105 39 -23 -96 -350 -470 -335 -26 -108 -160 -63 293 -631 -263 243 -427 -372 -182 -249 -335 -398 -108 139 -470 -159 -254 8 79 57 -602 -382 86 -171 -231 -316 33 -236 -609 275 -18 -191 -623 -571 -327 -357 261 -385 -10 -317 209 -53 -458 -340 -329 -351 -7 88 -484 -357 -316 -84 -178 -63 48 -223 -153 -340 -390 -399 -40 180 -3 -195 -282 -353 -242 18 -74 49 -311 -38 373 -4 -371 -576 -67 -403 -538 -341 -276 -33 -14 -62 -257 -74 -122 -561 -356 -134 -20 -348 -626
-388 -170 -263 106 222 -4 -277 -380 -112 -340 -621 -131 -186 138 3 -299 -365 62 119 -69 -270 -126 -15 -453 -322 142 214 20 -6 -146 -148 165 -680 -70 57 -148 -127 -245 -66 -331 -27 22 -235 -177 170 -506 -281 28 -208 -144 -489 -369 -18 17 -501 76 168 -126 -347 -53 -555 -547 260 -338 -242 33 -47 -355 -322 176 -53 -272 197 -66 -331 -2 248 -483 -423 -168 -122 -21 12 -594 -69 -287 -189 -67 82 -88 -110 -159 -683 -309 191 -444 -397 9 98 -138 -128 -215 -155 30 -252 -269 -139 -256 -349 -435 78 -178 -122 108 -348 -126 30 2 -273 60 31 -386 -608 69 -212 -581 -234 -33 158 -151 -308 -319 -4 -559 -30 -26 -550 -11 -26 -84 -542 -679 -223 -423 92 -187 -240 80 -379 -569 170 -258 -266 52 -484 -261 13 -517 133 209 -149 -156 -497 80 -149 -34 -478 -380 63 105 -327 -208 21 -281 -293 -418 -507 15 -185 -643 -161 266 150 -323 -406 -301 -10 -273 -108 -274 -174 117 -33 -302 -346 158 -406 -114 254 64 -352 -276 -240 -228 -143 -298 -482 -412 270 -201 -366 -424 -318 166 -100 -318 -36 -243 -413 -457 -38 -18 -599 -535 -138 -164 164 187 3 56 6 -262 -255 139 -78 -254 -285 63 -266 -430 125 280
-56 -202 48 -294 -599 -305 11 106 -249 -251 61 59 -205 -297 49 -436 -515 -141 -224 49 -115 -718 -195 14 -166 -211 -237 174 -501 -523 164 -209 -161 -482 27 -239 -353 -113 -541 241 -284 -79 -319 -389 -119 -152 -69 -52 -399 -321 -211 -364 -208 83 97 -411 -368 59 -197 -312 4 21 -557 101 -306 -279 -257 34 32 -106 -232 -221 -623 -436 -172 46 -393 -637 -225 80 -50 -359 -341 147 -208 -533 -95 104 -134 -110 -226 -216 -279 104 -405 -255 182 -312 -455 -358 -223 -167 -186 -29 1 -427 -329 -64 137 330 -472 -156 -180 -307 -397 -463 101 -6 -179 -257 -236 -178 -166 -549 -220 66 -242 -86 -182 -170 -291 -164 -262 -9 -131 -230 -74 -603 -92 -79 -248 126 -344 -30 -374 66 136 -369 -553 -71 -132 -14 -21 -236 -717 -57 -76 -290 -97 -362 -121 -344 -7 93 -277 -502 89 -36 -411 -314 -43 -420 -389 21 141 -503 -52 -6 -370 -43 127 -523 -437 -29 272 -33 -336 329 0 -494 -382 -123 -203 -509 142 -80 -30 -112 -247 -225 -42 -133 -141 64 -538 -172 -205 -352 34 166 -466 -133 201 -347 -484 -222 108 -98 140 64 -114 -666 -194 -21 -149 -57 60 -414 -637 -202 -330 -250 -183 -110 -261 -318 -135 -259 -282 -497 -367 -372
-732 -444 -144 -377 106 73 -278 -470 -418 113 -154 -617 -324 -9 -224 139 -29 -521 -412 -90 -212 43 224 -234 -166 49 -65 -571 -595 -188 -282 -171 -20 -94 -577 80 -32 -408 44 -67 -224 -459 -257 85 209 -655 -240 153 -270 -461 -99 -301 -495 -295 197 -130 -156 -126 -489 -123 -103 -513 -185 -144 -166 -442 -500 -142 118 -109 -286 -755 145 134 -136 -402 -265 136 -123 -260 -340 -652 366 -359 -28 187 -259 -386 -422 -62 -242 -347 -181 -251 -66 -413 -464 7 41 -99 -265 41 -632 -267 -170 -500 -239 -151 -120 -473 -309 -76 152 -150 -552 -283 270 -196 -568 42 -46 -65 -22 -68 -188 -247 -170 -219 -465 -4 -262 -245 100 -211 -479 20 -364 -253 146 -441 -631 -223 242 -157 -40 -273 -476 -166 150 18 -410 -619 -59 -28 76 -152 -226 -188 -142 -325 -61 22 -350 -369 72 -267 -243 -577 -663 -160 -348 230 60 -483 -373 -80 -341 -222 -157 -395 -381 -395 -101 -73 -349 -277 -158 -410 -451 53 -307 -154 -45 -200 -303 22 -294 -446 30 -84 -530 -301 -472 -461 194 -110 -386 -275 144 -232 -414 -192 -171 63 -324 0 -337 -498 -185 -374 -33 67 -213 -243 -360 -99 81 -294 -116 118 -95 167 -423 -165 -290 -420 92 -161 -521 -453 -59 205
-56 -93 -196 -95 -441 -351 -35 -123 -608 -263 122 -15 -51 -421 -315 -368 -240 115 -241 -359 142 -126 -721 -281 172 219 -333 117 -215 -5 -173 -111 -273 -397 213 -428 -169 -429 -18 -16 -487 -255 -31 -562 -348 228 99 -500 -406 -148 -393 -464 -360 -283 -229 -147 -397 -44 -63 -1 -251 -250 -184 -1 -332 -416 -303 96 -385 -89 -268 -308 237 -269 -372 104 -333 -214 19 -84 -238 26 -269 -133 -252 -124 -20 -411 -312 -75 219 -87 -17 -209 -224 72 -251 -604 -291 -124 -267 66 98 -124 -324 -151 -206 -418 18 137 -97 22 -267 -599 -191 -113 -323 -51 197 -238 -364 -281 218 -579 -700 -370 15 -194 -87 2 -45 -274 -158 85 -164 -577 -138 -73 -176 53 -204 -488 -363 -92 79 -180 -405 -162 -376 73 74 -308 -512 -420 -411 -47 -489 -341 -214 -94 59 -437 -427 -17 -305 -289 -10 -117 -21 -292 103 0 -383 -61 -98 -578 -93 77 -100 -532 222 25 -261 -101 157 -429 -101 403 -505 -284 350 -139 -438 -716 130 -257 -28 225 -346 -261 -154 -473 294 -179 -476 68 -33 -374 -471 -273 -163 -81 -225 -295 3 -570 -19 138 -408 -301 -19 -269 -103 -55 -94 -653 -491 -228 -261 -174 -181 -341 -278 -411 -252 169 -195 -538 -47 235 -360 -513
-200 -590 -461 25 -77 -484 -126 -196 -365 -92 -499 -16 -291 -272 -260 117 4 -31 -34 -562 -20 -45 -51 -110 -428 -361 -256 -204 -8 -295 -317 -356 6 -73 -377 -227 -316 -30 -295 -368 -76 -21 -247 -264 -71 -397 -302 175 -452 -191 30 -30 140 -4 62 -431 133 99 -128 -427 -299 -294 67 -581 -209 -84 -53 -498 -228 -18 153 -450 -455 -16 -173 -529 -281 -143 -465 -420 13 -418 -550 -378 28 -128 -439 138 -52 -312 -226 -248 -392 -719 -6 52 -257 -54 -501 -87 -281 -496 -152 -385 -314 -512 227 178 -396 -596 -215 -85 -137 -477 35 162 -288 -225 -345 -72 -346 -141 -220 11 18 -106 -86 -9 -131 -679 -465 -31 -110 -372 -460 -228 -629 108 -300 -465 130 278 -346 -270 161 -499 -542 41 -72 -323 -307 -165 223 -160 76 49 -11 -458 -122 -120 -416 61 206 -300 21 -269 -324 -508 -577 -362 -399 -137 -276 -159 67 -74 -281 80 -266 -184 -303 -46 -83 -105 36 -313 -334 -315 -290 231 -362 -179 -161 -200 32 -281 -52 -18 -150 -193 -466 -180 -455 -551 -325 110 -33 -447 43 -272 -50 -114 -304 242 -151 -129 26 -230 -480 -515 36 -268 39 56 -410 -194 -40 -479 66 126 -386 -108 -214 -2 246 -556 -492 -14 190 -403 -562 -244
-147 116 231 -413 -192 161 30 -150 -391 -223 -17 152 -2 -497 -323 -217 133 -256 -402 -226 -278 -317 -333 95 -262 90 315 18 -466 26 -14 127 -493 -382 -163 3 82 -242 121 -234 -358 -517 -55 -259 -26 -82 -288 -305 144 -495 -322 7 -381 -421 -321 -165 -526 -240 -363 -11 -383 -323 -242 47 -510 -88 -107 -226 -306 -86 -488 -417 -20 -174 -374 72 -17 -293 -208 -132 -142 -293 51 271 -130 -108 -320 -210 97 -68 -698 -96 -38 -382 -27 -307 -352 -422 -288 -235 -237 95 -519 -102 -72 -341 -467 56 -357 -384 0 133 8 -163 -198 -346 -205 -458 -78 -342 -374 -164 -114 -397 -105 -59 -430 -115 -730 -160 -200 -500 -42 -6 -154 -450 -80 47 -292 -274 -264 -536 -37 214 -327 -206 -92 -468 10 -165 -209 85 -318 -302 63 -431 -522 -159 -201 -37 229 17 -531 -477 -209 -263 -138 -159 -119 -108 -25 274 13 -575 -612 -138 107 -426 -321 -513 188 -69 -519 -515 -314 -358 -7 -133 80 -290 -364 -220 -185 -172 -74 -273 -72 -214 -370 -69 63 -233 -85 -257 -250 23 100 -106 -247 -284 -205 -236 -107 201 -452 -199 96 -673 -542 174 -309 -292 -208 -266 89 26 -691 -14 -217 -482 -176 -51 -137 -416 -371 -117 -57 132 -331 -368 72 -323
-82 55 -550 -424 -426 -295 -280 -194 16 -258 -598 -179 -394 -276 -183 137 137 -218 -247 -20 -121 -473 -330 -350 98 -119 -608 -386 -55 -253 -228 -363 -417 -311 85 -242 -246 -186 -542 -15 -218 -155 124 -290 -394 134 -450 -193 -158 59 -40 -437 -123 -318 -29 140 -3 -591 -106 99 42 -283 -106 -659 48 -146 -133 -254 -46 -172 -507 -349 115 -206 -293 -325 -291 -195 -99 -21 -269 -14 -95 -633 -230 -383 -132 -408 -305 -73 -110 -353 -89 -168 -233 -148 -285 -126 21 89 -141 -602 -93 17 -193 -26 265 -357 -103 -149 116 -104 -412 -99 -106 -243 -290 -95 -217 -562 -59 198 -566 -342 89 -319 -250 -92 -155 -185 -409 -229 -62 -563 -299 127 -65 -91 -371 -178 -418 325 106 -619 -110 -226 -309 -408 -128 -8 -233 -158 -191 -13 -129 -83 -428 -370 46 -302 -337 -334 -111 77 -203 -31 -19 -327 -271 -440 -230 -340 -513 43 -104 129 -160 -197 -382 -39 -13 -136 -305 70 -16 -88 -64 -338 -263 -146 -216 75 173 -476 -145 225 -260 -500 68 12 -133 -566 -221 -335 -505 278 -277 -349 -312 -173 -51 37 31 -339 -286 -290 -521 220 139 -625 -197 81 -313 -240 -185 -572 -70 -408 -46 298 33 -406 -558 135 186 -356 -530 -492 -77 -4 -505 -494
-215 -190 -512 -8 195 -25 -236 -41 -190 -533 53 141 -163 86 7 -270 -165 -254 -507 -587 -145 125 -408 -224 148 -292 124 164 37 -199 -432 -452 69 368 -500 -273 -254 -267 101 333 -255 -377 5 -446 -134 200 -277 -490 -43 -520 176 -41 -534 -260 133 156 -831 -110 -267 -624 -24 142 -308 -22 -227 -31 -399 -263 -60 -442 -60 -6 -415 -160 -24 -460 -233 147 -676 -370 -122 -242 -433 -48 -196 -143 -225 57 105 -102 -351 -205 -687 -19 55 -602 -189 -25 -252 -418 -494 -265 16 30 -366 -665 -121 -116 -576 94 -25 -442 -63 -395 -296 -429 -306 -19 1 -335 -637 -203 280 150 -277 -391 -190 261 -64 -312 -196 -45 -360 -121 137 -463 -602 -453 245 -169 -170 42 -233 54 -210 -36 -222 -257 274 35 -263 -278 133 -370 -165 -275 22 -177 -303 82 -335 17 190 44 -189 -286 -125 -470 -421 -180 -255 170 89 -193 -131 -371 -570 -358 54 -252 -94 142 -471 -640 -258 -102 -21 -394 -289 -211 -111 -128 -164 -146 -98 -414 -135 -134 -214 -85 -207 28 -231 -221 86 -418 -233 -252 -244 43 128 -422 -501 92 -136 -624 -308 -252 -297 -30 -132 -164 41 -273 -589 -16 -3 -239 -100 -504 -113 -283 -464 -425 96 -17 -305 32 102 81 -125 -199
112 -331 -555 235 238 -59 -212 -217 -222 -407 -396 56 44 -562 -505 -451 -372 158 -148 -430 -46 61 63 63 -419 -286 -409 105 -269 -193 -77 8 -417 -616 14 -357 109 289 -94 -480 -461 44 -466 -181 -347 -434 -363 5 -50 10 -206 -321 37 -95 -238 -384 -52 -273 -351 104 27 -497 -446 -410 -46 -180 -422 -278 18 64 -523 -501 -380 -277 -162 125 -247 -484 -182 3 -118 77 67 -96 -284 -331 255 -630 -284 -223 -62 -281 -232 -235 -10 -14 -260 -391 -344 193 -13 -456 -125 79 -175 -310 154 -250 -364 -283 -386 40 -220 -384 -90 -149 188 -254 -564 -319 -67 -255 -134 -210 -4 -601 -562 -126 -377 -519 -35 -34 -454 -26 -552 -114 84 -254 -330 -146 91 95 -521 -462 -23 -304 -244 -36 -353 -480 -19 -252 -579 -492 -322 131 -199 -331 -244 -276 255 -132 -249 -59 -543 -160 -157 -307 -173 155 -104 -157 -550 -575 -32 -151 -186 -207 -308 33 -121 -568 -434 -58 381 -64 -578 123 243 -3 -493 -253 383 -334 -264 72 -48 -98 -7 73 -267 -529 98 -52 -414 -92 59 -250 -296 -8 -255 -270 -13 -18 -96 -178 -22 -402 -384 207 -68 -185 -254 -485 117 192 -547 -318 -221 -216 -48 76 -74 -176 107 -343 -588 -281 -95 -372 -205 -101
-305 52 109 -471 -495 -40 -95 -513 -346 -288 -261 -79 -317 154 218 -200 -489 -311 -174 76 -380 -294 20 -200 -128 -195 -439 -533 67 -177 -397 -433 -20 159 -49 -3 -470 -638 -137 -82 -308 -363 134 102 -345 -369 -94 -153 -318 119 185 -469 -363 -159 -180 -367 99 -264 -143 -108 -641 88 -137 -372 210 103 -142 139 -205 -284 -97 -126 -316 -428 -107 17 -94 -95 -276 -315 -405 -132 -135 -506 -459 15 -232 -169 -72 -106 -348 -33 -148 -724 -383 -289 -406 -144 -111 -216 -145 -10 164 -79 -432 -220 -47 -532 -25 277 -192 -460 -158 -23 -311 -159 -256 -109 -29 -26 -303 -309 -120 -23 -48 75 81 -2 -400 -440 185 -110 -15 -374 -228 -290 -442 -155 -260 -160 301 -78 -582 -125 23 -454 -78 -67 21 -158 -221 -178 19 110 -214 -487 129 -254 -405 280 -92 -416 -183 126 112 -400 -202 -131 -88 55 -504 -408 308 81 -254 -48 54 -230 -300 -139 28 -202 -281 -138 84 -304 -163 -144 -262 42 -287 -176 -571 -290 -112 -248 -276 -23 -389 -666 -523 -271 -153 -67 132 -112 -452 -238 -538 97 126 -504 -635 -378 -418 -90 -159 -116 -96 -520 -299 -57 -324 -413 -305 -69 -1 -91 67 -283 -352 -47 -290 -215 -88 -255 -44 -197 -495 -36 123 -212
-145 -29 45 -513 -372 -151 22 29 -317 -129 212 -316 -32 18 -672 -522 147 115 -64 -383 -261 -298 -462 -24 -50 7 -390 -159 -29 -98 -125 -66 -480 -61 -271 -697 -248 56 331 -379 -360 128 -426 -316 268 -314 -423 -299 117 -19 -494 -329 -160 -151 -228 -167 -67 -28 -365 -492 334 214 -391 -197 196 -346 -264 -384 -580 91 123 -617 -283 -278 -523 -155 -7 48 -597 -379 85 49 10 -398 -259 -143 -350 -219 134 -225 -324 -206 -310 4 436 -86 98 -440 -377 -172 -105 -290 -356 142 -168 -631 107 151 -557 -379 -329 28 -195 -251 114 -364 -407 -130 64 -368 -391 -134 -204 -291 -22 -545 -359 -247 -44 -10 -221 -375 -190 -45 -228 -76 -54 12 104 -108 -468 -111 -104 -191 -78 -31 -213 -188 -304 -370 47 -410 3 -118 -530 30 90 14 27 -305 -268 -40 -251 -122 -330 -233 -240 -181 -395 -311 -249 -461 -77 -190 -179 -18 -270 -564 -65 2 -473 -161 -307 -607 57 -179 -394 -268 -13 -161 -142 106 31 -507 -39 -96 -104 110 -293 -481 19 146 -168 -74 -232 -222 -104 -382 -397 -166 168 -138 -149 -21 -39 -409 -269 49 -537 -629 49 -221 -505 312 21 -455 -153 130 -277 -582 -14 -319 -136 118 -206 -397 -362 -46 -488 283 -131 -407
-324 -415 -572 -50 -427 285 -126 -238 -236 -84 -148 -557 -270 110 -290 -433 72 316 -635 -257 138 -127 -115 -450 -133 29 -484 -372 -278 -393 -204 -254 -221 189 35 -233 -335 -74 -80 -28 -459 -416 104 85 -366 -343 172 135 -231 -106 -220 -205 57 -587 -503 -66 -111 -128 -340 -108 -279 -499 -117 -31 -251 6 -572 -224 179 -121 -599 -297 -161 -135 126 -410 -181 1 -273 -137 -327 -350 -209 -58 -61 116 -2 -271 -285 -192 148 -512 -72 -137 -426 -205 -25 -581 -253 20 21 137 -9 -495 -176 -76 -616 -166 -216 -417 127 -189 -529 5 -29 -320 -429 -254 -5 -184 -228 104 -19 -189 -274 233 -79 -28 -366 -401 -295 -176 -114 -222 159 -181 -138 -144 -513 -475 143 5 -214 -41 -440 -295 -69 -618 17 189 -146 -138 -423 -279 -113 -356 -45 -69 -764 -407 -343 66 140 -644 -214 8 -262 6 -4 -288 -472 106 -7 -55 -159 -323 -217 87 -118 -156 157 -407 -152 72 -4 -217 -419 -104 -100 -357 -378 -172 -431 -230 -261 -337 -95 115 -167 -431 -75 -147 -443 -496 53 -250 -234 -274 -301 287 -382 -152 -232 -309 -402 -348 -33 -328 -54 110 -119 -47 111 -320 -376 -271 -96 -228 52 -78 -295 -40 135 -462 -225 -167 -192 -160 -297 -121 -86 -380
-371 -253 72 -96 56 -301 -166 -187 -274 -259 -421 153 86 -136 -217 -506 -497 -290 10 171 -338 -175 44 -446 -501 20 -533 -505 215 345 -540 -243 155 138 -140 -458 -278 -162 159 -341 -384 -246 -444 -299 -33 -362 -301 -87 -310 -573 -230 -234 -410 168 120 -241 -466 -163 208 -108 -203 89 129 -295 -279 -554 -37 -109 -405 -232 -25 145 -80 -189 -227 -194 -199 -200 -257 -298 66 -259 -133 -373 -249 151 -268 -380 -110 60 -387 -185 -37 -378 -354 238 5 -192 -168 -187 -124 -219 -402 -89 -350 -177 -91 -301 -194 -118 -293 -301 10 238 -515 -300 87 46 -42 -108 -34 -404 -247 -63 -433 -373 -403 -340 -156 -196 -299 19 -78 -72 -275 -47 -246 -149 187 47 -216 -567 11 60 -197 -409 -386 259 153 -278 -417 -123 -42 -585 77 -217 -73 44 -132 116 27 -8 -47 -332 -53 47 -180 -485 -588 -494 -162 139 -150 -467 -504 -420 -67 -257 -36 -189 -655 -502 -344 27 -40 -62 -394 -446 -342 35 -182 -354 -174 5 84 -137 -234 -341 8 -167 0 -208 -383 -258 -220 202 -281 -350 -161 -79 17 -521 -162 -336 -413 115 -87 192 -602 -687 -231 -195 -201 314 -376 -86 -209 -361 133 78 -709 -89 -33 -198 -268 -197 -372 -375 -224 124 -185 -284
-135 37 -99 -284 -297 -46 -78 49 -578 -135 205 -86 -70 -101 -263 -268 -271 -20 -218 -320 -71 -120 -402 -199 189 -672 -219 -73 -289 -342 84 -351 -422 -59 -348 -452 -67 227 -228 -638 -27 105 -207 -243 -232 -49 23 -508 -119 217 -375 -473 159 -455 -169 -310 -130 50 -229 -342 -238 -263 -416 -421 -194 189 -291 -379 -436 7 161 -120 -158 -611 -193 47 -210 -10 -429 -131 252 -130 -429 -507 -260 -70 -183 -399 60 -567 -178 -171 -21 -118 -291 -277 -326 -213 -37 -110 -202 -534 -439 -174 176 -396 -371 135 -263 -489 -58 135 -495 -213 31 -116 -474 -281 -215 -584 -396 -86 -111 -237 -137 -19 -51 -13 -372 -282 -34 120 79 -253 -223 -245 -302 -636 -260 -192 -409 -201 -244 -245 -673 -334 86 -286 -141 -67 -466 -608 -76 -336 -394 120 -324 -357 -242 -45 -458 -710 -184 -6 -316 -479 -190 -246 -144 28 -80 -466 -73 -149 -148 182 -21 67 -93 -234 -271 245 373 -477 -163 -158 -298 -7 -23 -174 1 -204 -627 212 65 -311 -487 99 -105 -314 -410 -549 -121 -232 31 16 -394 -452 104 74 -497 -112 -35 -185 2 -409 -409 -465 9 258 -369 -340 -86 -207 114 -253 -102 199 5 -561 -69 -170 -352 -222 46 -343 -466 31 265 -115 -417 -154
-71 165 -163 -229 -404 -371 14 -20 -355 -231 75 -337 -725 -32 28 -477 -364 -2 -395 -98 -82 -21 -413 -275 -319 -161 12 -78 -543 -156 110 -136 -528 -99 53 131 -22 -402 -39 23 -554 -154 -252 -466 -290 -22 268 -249 -391 -278 -294 -44 -401 173 -369 -166 -39 -55 -318 -436 73 -17 -213 -101 9 -603 -342 -233 -112 -175 -208 64 -178 -354 -186 -85 -484 -549 279 -46 -239 -614 -213 65 -419 -41 -231 -448 -206 83 64 -516 -301 -58 -122 73 -130 -318 -339 -85 -467 -376 135 -306 -320 132 167 -250 -144 -40 -378 -195 132 -705 -453 -5 -100 -346 -183 146 -129 -24 -438 -386 115 27 -782 -121 -48 -551 -219 -282 -205 78 -441 -362 163 48 -83 -228 -159 -47 -138 -551 -107 -238 -493 262 -7 -169 -291 45 -277 -256 265 -131 -214 -151 -295 -265 -47 -205 -296 -158 -381 3 -119 -201 23 -351 -371 -122 -313 -162 -166 -231 -6 -617 -607 -369 -220 -98 -350 -152 -252 -290 -10 -47 -481 -107 35 -327 -40 -352 -213 -138 -191 -70 -123 -31 115 -413 -278 348 -189 -576 -692 143 22 -264 53 -316 -448 -396 -6 -29 -380 -64 -75 -334 -153 -331 -96 63 -307 113 -59 -290 -454 -187 -152 -121 -63 -227 -330 -197 -223 -270 -19 -200 -87 -589
-113 -249 -479 66 198 -145 -360 -134 -89 -344 -86 299 -157 -345 -301 -380 130 -74 -4 -5 -351 -152 123 -340 -260 -13 -307 -100 -231 -386 -44 -347 -355 -125 -297 220 -570 -166 -239 -343 30 -270 -171 8 -314 -215 -175 -438 96 -427 -9 -136 -200 -380 -205 -141 -357 -289 4 -257 -302 12 -212 -428 -578 -434 -294 40 -200 -82 -65 -277 82 -79 -424 -106 165 186 -552 -274 -192 -314 66 -353 -187 -45 -269 -399 -147 181 -341 -507 303 -101 -283 -511 -205 195 134 -215 -439 133 -96 -153 -237 -514 -130 -314 -229 305 -484 -250 -387 -91 -40 -583 -64 71 -139 -547 37 -256 -498 223 -202 -595 -32 263 -331 -132 173 -273 -158 -49 -73 -410 -107 -288 -278 -252 -8 -475 -195 262 -429 78 -81 -346 -329 -484 -92 -71 -323 -292 -266 -119 -118 -48 5 -423 -460 -359 -96 345 -127 -116 139 -284 -202 -371 -229 -104 -552 -482 -240 -426 -395 123 -171 -74 -143 31 35 -101 -22 -241 -69 -185 -178 -358 -514 104 -187 -386 -123 -165 -191 105 -333 -602 -317 -327 -1 -114 -224 82 -95 -482 -479 186 -290 -319 152 -156 -581 -118 -196 -70 383 -349 -99 92 -629 -348 27 -287 -469 -344 -91 102 -155 -119 -178 -316 -476 -92 -334 -539 -110 -98 -294 -355
-458 -121 151 -249 -403 -173 -357 84 -380 -352 -75 -320 -461 102 -149 -83 -63 -235 -736 40 130 -77 -178 -369 -123 -322 -445 -205 -73 -220 -366 12 -38 -368 -13 -166 -153 -207 -340 247 -49 -585 -667 150 -275 -156 265 -254 -499 -465 -420 -95 142 -314 -299 279 -46 -510 -63 -135 -397 -180 -166 -224 -360 -39 105 -26 -263 -340 -107 -186 -10 -326 -300 -61 -362 -566 -77 60 -158 -559 -284 179 -101 -143 -239 -683 -109 -167 -485 31 -75 0 -341 -124 -110 -240 -585 -83 40 -484 -455 110 201 24 -415 -554 -8 -338 -214 30 212 -303 -342 172 -298 -227 -391 -225 24 -201 -82 -154 -106 103 -219 -402 -444 -393 -422 -39 -280 -189 -273 -435 198 -89 -188 -275 -532 -367 -126 -332 0 -196 -228 -178 -98 -119 -248 -454 -183 -203 38 -404 -525 -186 -501 -436 -193 -106 -37 -333 -422 -120 -166 -467 -144 -421 -101 -203 -622 215 -25 181 -101 -333 -30 -100 -489 -381 -91 -293 -399 -254 138 -355 -485 -133 -225 -269 -440 -146 -230 281 66 -663 -241 -158 -176 54 -224 -230 -86 -4 -240 148 -255 -341 -51 21 -567 -558 109 -273 -435 -198 -386 -456 -157 -169 36 196 -425 -457 27 414 -298 -299 197 -400 -185 84 -493 -230 121 -204 -417 -164 -52 -261
191 -93 10 -82 -263 -83 -126 -68 -234 -268 -69 80 25 -35 19 -377 -177 32 53 285 -576 -430 108 -326 -499 31 66 -423 -441 -16 -266 -88 -290 -232 -346 -232 226 -205 -286 -316 -130 -36 -228 -448 -308 -95 -25 -145 -196 88 -484 -155 -227 -494 -99 -367 -325 83 -552 -536 224 -138 -195 -185 -183 -197 -353 -299 -251 -259 -233 -379 -192 119 -398 -159 -10 -93 -313 -432 -539 179 10 -283 -205 -299 -598 2 40 -116 -38 -509 -85 -488 -434 -344 -230 -295 205 -23 -431 -154 194 -132 -319 -444 -154 -20 -50 105 -445 -496 -158 -3 64 -601 -202 -14 29 -25 -196 -163 -536 -166 -37 -506 -490 -269 161 175 -80 -85 57 -691 -199 192 -465 -562 -95 -189 -428 1 1 15 -99 -404 -247 -261 -40 -106 -589 -141 22 -205 126 -156 -169 -350 -107 179 -97 130 -216 -485 -119 239 -306 54 154 -292 -525 -234 138 -42 -6 -417 -153 -400 -136 -110 -306 -27 -379 -207 214 201 -125 61 -416 -456 -146 156 128 -332 -275 -220 -181 189 -116 55 -278 -556 -147 -203 211 -178 -642 -462 144 -198 -170 -269 -154 247 -348 -362 -152 223 250 78 -352 166 -142 -456 72 -261 -328 -42 -262 -73 152 -477 -469 -355 -229 -46 -93 -173 -238 -315 -8 -83
-683 62 -189 -363 -49 -509 -208 -38 -578 -428 191 -321 -562 -303 -284 -307 78 -104 -643 -367 115 72 -290 -262 -460 -483 28 188 -221 -383 -218 -111 44 -319 -351 122 -141 -136 -15 -220 -264 -116 -61 -432 -506 -156 280 -375 -232 -165 -306 -357 -188 21 -334 78 204 -290 -59 -264 -431 -271 -238 64 61 -392 -303 -24 -29 -530 -56 -379 -385 105 -55 -186 -74 -122 -261 -377 -137 -516 -76 -101 -456 -288 201 -196 -588 81 -181 -154 -335 -222 -84 -215 6 172 34 -435 -184 242 -685 -522 117 174 -607 -230 -295 -170 221 -234 -195 160 -512 -212 -357 -421 -264 -292 46 -295 -324 -154 -415 -129 170 3 -379 -315 -316 -159 1 -14 -174 -358 -280 -370 -181 131 9 -464 -480 -173 -271 85 -31 -287 -298 -138 -114 -544 -340 -324 -255 154 -392 -637 -353 -83 -389 -433 -438 -149 -210 -294 -95 -172 -238 -225 102 -54 3 200 -567 -147 -283 -237 58 20 -68 -172 -260 -216 91 -641 -239 -352 -300 4 -227 -359 -130 143 -221 -231 -106 -388 -248 -473 -403 -29 -17 91 -353 13 -81 75 -162 -38 -342 -455 -346 -295 -160 -313 19 -58 -443 -456 112 -263 -559 -141 -292 -41 -264 -299 -277 -269 82 41 -32 18 -313 -211 -538 -514 26 -124 -119 100
81 -286 -448 -102 -150 -222 -144 -327 -245 81 -125 17 86 -187 38 -85 -118 -424 -324 286 6 -417 -246 3 -344 -234 -228 -257 -319 -136 89 14 132 -104 -226 99 -268 -145 -44 -599 -317 -55 16 -644 -181 463 -525 -265 94 -356 -499 -194 -47 139 239 49 -194 -109 -312 -191 -437 -105 228 -630 -580 77 -352 -515 -340 -73 -86 -421 -248 -223 -108 -95 -146 -167 -176 -409 -657 231 -221 -287 -332 -296 73 -101 -114 73 -301 -379 -268 -120 114 -383 -513 -72 -394 41 149 -526 -159 187 -461 -580 -25 -211 -15 -126 -472 -35 33 -499 -225 156 116 -250 -117 -409 13 -195 -348 337 72 -496 -368 -81 -71 -128 -272 -175 -437 -418 110 -339 -458 174 182 57 -295 -472 -22 250 28 -292 -300 -525 16 10 -324 -445 -79 40 108 -355 -1 -81 -99 -172 -123 -164 9 -42 -540 207 151 -291 -196 -316 35 20 -559 -218 -354 -275 -119 -50 -117 -251 125 -68 -700 -317 -291 -298 -340 -288 72 -5 -152 -96 -468 -274 -58 -111 -193 -409 -115 -171 30 -2 -255 -548 142 -343 -353 -265 -298 84 182 -454 -311 72 -391 79 -200 -313 -210 491 -218 -429 -4 -46 -186 108 -114 -215 233 119 -58 54 -660 -540 -64 -15 164 -513 -455 -202 175 163
-392 -274 -244 -223 -139 5 -254 -343 203 -66 -541 -413 -392 -85 -182 -471 -503 135 -113 -613 37 168 -222 -172 -379 -486 -260 57 127 -46 -165 101 -374 -722 -158 -169 6 -403 -555 -137 -106 75 -11 -233 24 -328 -190 -129 -591 -32 36 203 -136 -510 -597 -320 -94 -473 -292 -331 -383 -221 -35 -71 -89 -110 -33 -65 62 -277 -96 -138 -73 -305 -327 -11 87 -641 -713 -456 -32 -196 106 -261 -169 218 -80 -241 -350 -353 -337 -111 -397 -396 -284 -377 -392 231 262 -547 -330 -127 -372 -64 -209 128 -392 -373 2 -177 138 192 -367 -43 -328 -412 -413 -366 -303 -21 -357 -243 -9 -307 -364 -140 -83 -276 105 101 59 -325 106 205 -420 33 65 -460 -362 -453 -25 -115 -326 -222 -474 -125 -29 -179 -224 -592 -201 -126 281 -71 -484 68 -46 -118 -309 -219 -469 -272 -29 -118 -235 -371 -243 88 78 -46 -344 -477 -201 -230 97 -112 -108 159 -141 -452 -326 -109 37 -168 -8 -230 101 -330 -322 -185 -408 -285 -176 -94 -319 -328 -209 -219 -107 197 -490 -155 -140 176 -245 -195 -26 -209 -387 -276 -210 -7 52 -458 125 -257 -404 6 -406 -468 11 -248 -10 158 -105 -37 -354 -282 -527 -37 7 -574 -286 -210 -215 120 -179 -249 -236 -143 -22 -500
-15 -178 -36 -719 -374 15 25 -384 -19 58 -345 -227 180 -242 -368 -355 147 -66 -458 -139 184 -378 -139 -81 -211 -283 -14 93 -381 -684 -408 -311 135 25 187 -367 -278 73 -385 -120 -76 -476 110 -310 -482 -323 -208 -166 94 220 -100 -706 -196 -55 -254 149 -129 -30 -88 -284 -118 -181 -208 -112 -362 -709 206 103 -353 -440 -503 -123 -424 -315 148 -407 -601 -48 -281 79 -48 -48 -291 -554 168 63 -189 -489 -342 54 -128 -298 -235 55 39 -284 -48 86 -354 -530 -155 -84 1 -524 -376 -140 138 -301 -198 269 -223 -435 -42 166 33 -365 -78 -4 -31 -47 -55 -205 -5 -510 -549 -189 -146 122 -388 -182 -314 -439 -564 -442 -384 -284 228 -118 -572 -319 -15 -248 -361 286 -238 -176 65 -481 -287 -193 -253 131 -226 -370 129 -268 -241 -215 -519 -422 76 366 -447 -217 -261 -345 -283 -97 -98 5 -266 -172 -160 62 -161 -112 193 -361 -291 -288 -303 -125 -401 -283 -256 -56 97 -303 -292 -158 35 18 -168 -349 -150 -535 -224 -69 161 -429 -191 -221 -453 -450 -386 -283 85 105 -244 6 -405 -469 -231 -441 -431 79 152 -279 -56 201 -208 -159 -176 -443 -525 -76 257 -301 34 15 -450 -469 -452 16 38 -183 -387 38 210 -437 -599 207
-200 -211 -386 -142 -32 -366 -206 -115 -78 -280 -546 -141 -28 -609 -58 15 -561 -390 77 136 -627 -385 -65 -39 -114 -158 -394 -261 -172 -95 196 28 -494 -485 -214 -37 -288 -434 -44 -136 82 108 -373 -146 -98 -106 63 -352 -492 -82 -260 -243 -28 -103 -322 -318 -70 -426 -432 -213 -376 79 107 -212 -421 -357 -214 -269 -429 -193 142 -343 -42 -38 -247 -259 69 -409 -288 160 -111 -710 -398 107 82 -530 -375 282 -486 -237 24 -272 -528 -137 148 -243 -336 -558 -281 344 -360 -54 -466 -136 92 -192 -247 -389 -324 -98 -165 -430 10 -387 5 -248 -378 -171 -511 -137 -203 -198 -235 -344 -111 -81 67 129 -171 -92 45 8 31 -453 128 -272 -491 257 46 -457 -342 319 143 -516 -173 160 -100 -232 236 -457 -261 -283 -95 217 -230 -605 -39 -5 -126 -367 -341 -171 -222 -167 -87 -254 115 -281 55 -73 -386 0 -524 -667 -231 -96 -159 -491 16 0 -171 -539 -462 115 -2 -593 -303 43 125 -304 -530 -71 -358 -436 -386 -27 -343 40 -190 -250 3 -410 -531 43 -50 184 -276 -703 95 -163 -11 -55 -17 12 -91 -299 -362 -136 -518 -137 -170 -441 -264 -98 20 -105 -334 -76 -323 24 -27 -98 -236 -94 -112 -256 -37 -370 -7 -211 -116 12
109 -161 -587 70 109 -532 -233 28 -53 -131 -375 -280 -229 -199 -514 21 -9 -444 -67 -204 -370 312 -260 -58 -462 -525 57 -274 -389 -119 44 -232 -73 -65 -87 -420 -51 -84 -404 -115 -341 24 -473 -471 -90 -56 -238 -541 33 108 106 -453 -428 -446 -280 -63 -119 -239 -547 -270 163 -455 11 123 -114 -219 80 -459 88 48 -563 108 -349 -549 31 9 -66 -608 -438 -63 -318 0 -151 -206 -387 -6 325 -438 -364 -157 -113 124 -296 -16 -332 -174 -94 -184 -394 -295 -151 -42 -346 -538 -192 -303 -126 4 213 -115 -438 106 -67 -102 303 -566 -330 53 -454 -387 129 -168 -439 -355 87 76 -205 -446 -330 -338 -500 -574 -555 112 -462 -56 -24 -509 -194 145 122 -566 -363 -192 -189 -131 -248 -318 -364 -305 191 -272 -312 -242 -309 158 -394 -335 -77 -33 -91 -316 -227 112 -182 -490 -440 -272 -428 -305 161 188 -355 -173 50 42 -441 -575 128 276 -178 -119 -340 -71 175 -185 -217 -382 -312 -333 -21 -1 -165 -92 -146 -521 -39 -215 -221 -43 -140 -72 52 -157 -101 -322 -203 -1 -246 -398 -451 205 -59 -164 8 -361 -484 -380 62 -110 -119 -571 -380 179 141 -446 -490 52 -402 -426 78 -304 -413 6 -56 -341 -437 -229 -162 -327 -399 -305
-582 -528 199 -134 -31 -31 -283 -295 -630 -78 -106 -321 1 -532 -294 -309 136 -500 -171 -232 -674 -245 182 -261 -43 151 -402 -401 -349 4 -149 -115 -2 -452 -250 -376 52 -273 -582 -267 31 -290 105 11 -153 -16 -319 -241 16 -149 -395 -306 -83 -249 -283 -518 128 -184 -420 98 -154 -14 -361 -630 -435 89 -43 -345 -180 -331 -182 -297 -452 41 -183 14 -106 -430 -6 -225 -423 318 173 -377 -274 -430 -301 118 -38 -392 19 -348 -85 -191 -217 -195 -338 -298 -45 -152 -275 -80 -524 148 22 -63 231 -642 -510 -343 52 -297 -153 43 -283 -82 -241 -231 -171 -371 -203 -339 -286 -353 -157 -240 -138 -346 -124 61 -137 94 -398 -377 303 18 -124 -322 -161 -193 -477 -51 -249 -508 -326 -173 -30 174 177 -492 -315 112 -452 0 184 -218 -236 60 -515 -389 -122 -227 -107 -289 186 110 -319 -219 385 -10 -602 -478 -115 117 -62 -561 -399 -54 -339 -523 -259 -164 -102 -527 -376 75 -228 -126 -187 -230 -347 -342 -58 80 -410 -142 132 -261 -457 -53 -485 -291 -387 -631 -110 135 -90 -518 -421 -113 -241 -415 -223 -190 -326 -99 62 -315 -278 -355 -335 46 -293 -83 -451 -596 79 -101 -247 185 -393 165 68 -210 -537 -223 24 -697 -594 246 65 -95
-306 254 -241 -63 -314 -674 -234 34 -165 -101 -404 -213 185 -214 -575 -149 -268 33 -230 -48 61 -411 -489 29 -23 -418 -486 66 -46 -121 -173 -184 -105 -627 -99 172 -153 62 -177 -23 62 29 -349 -319 -405 -123 33 -386 -333 -149 44 -218 -624 -212 -204 -116 81 -289 32 -309 -592 -408 315 -72 -20 -462 -303 68 -23 -34 -97 -449 -176 -391 -180 -297 -302 -90 -119 -180 -236 -347 -543 -341 -421 39 70 122 -309 -388 -155 -263 -210 -189 -74 91 -508 -144 -96 132 1 -449 -488 -239 -361 -345 -316 -10 -297 -6 88 -311 -349 -147 68 -463 -346 -8 -290 -335 -117 -455 -173 249 -67 -95 -61 -273 33 -243 -496 -196 -251 -24 -384 -476 -232 -591 -530 110 200 -545 -35 82 -192 -149 -73 -81 -408 -117 95 -701 2 0 -249 -538 -79 -160 -438 -144 -141 193 -251 28 -94 -619 -439 -33 -408 -305 197 129 -96 -599 -217 -142 -410 64 4 -307 194 102 -419 -203 -361 -435 136 -225 -532 -88 133 210 119 -363 -142 -99 -309 -379 -42 -100 -100 -92 46 -145 -53 93 -188 -285 84 -399 -111 287 -379 -287 -228 -177 -8 -212 -644 -80 15 -252 -88 -475 -610 -87 7 -241 -139 88 -348 -456 -456 -131 -373 7 56 -232 -12 -309 -194 -364
226 -48 -179 -639 -734 -172 120 -156 30 -396 -609 -207 -276 -219 124 -207 188 -555 -118 8 -317 -317 -337 -357 -330 -55 222 -230 -142 -2 -527 -259 23 -301 -20 -314 -309 -386 -278 190 -148 -539 -356 -196 -53 87 48 -356 -205 -135 -138 -298 -41 -570 -222 -99 -313 -168 -540 -548 -34 153 -303 -195 -275 -27 -195 -158 -62 -295 -655 -133 -176 -41 -133 -303 -437 -151 -165 -452 83 167 32 173 50 -405 -64 -311 -753 67 98 -348 -440 -398 -257 -55 -174 -268 -78 -397 137 -298 -224 187 -175 10 -141 -274 -44 102 -558 -338 263 -408 -116 -67 80 -350 -457 60 -175 -54 -108 -209 -248 -413 -341 -83 -121 -504 -40 -60 -324 -204 98 -37 -313 -48 -18 -90 -435 -297 -33 -371 -332 -78 -499 -334 -129 -160 -122 26 -46 -385 -172 196 -616 -484 -186 -180 89 -136 -120 -79 -98 -438 -44 270 -201 -261 -256 -152 -137 -370 42 -134 -448 -202 -18 -321 -520 151 203 -511 -405 -75 178 70 -502 -227 29 70 -531 -310 -73 -195 -409 -80 -467 -580 -319 -284 -183 -126 -313 -53 -390 -172 -500 -504 -126 -119 -71 -380 -85 -181 -213 -45 71 -220 -342 -607 -671 -333 220 165 -315 -361 -561 19 58 -192 -393 -41 16 12 -32 -82 -570 -613 95 22
81 -379 -391 0 189 -143 -357 -367 -506 201 62 -52 -8 -86 -398 -123 -404 -203 -302 -155 -167 -137 -39 -130 -296 -83 -328 -489 -102 -178 -44 -120 -631 -209 87 -4 -220 -145 -32 142 -337 -178 -52 -424 120 -548 -681 -206 -176 -268 -73 -192 -698 -441 -394 -99 117 12 -12 -428 -262 -146 102 57 -341 -457 -44 -32 -153 44 -32 -355 -531 -48 -25 -26 -166 -91 -317 -481 69 -191 -523 152 75 -364 -379 -170 59 -125 -300 -129 -53 -99 273 178 -254 -114 -320 -21 -101 -216 -97 -617 -127 -328 -270 -383 -188 -400 -521 -286 -178 -209 -217 88 -114 -439 65 -132 -193 -408 -124 -77 -366 -565 -295 15 92 -400 -611 -383 -157 85 -71 -538 -135 -371 -110 3 -453 -367 67 -61 -382 -297 -316 21 332 -322 -460 -253 -206 -353 -338 -286 -89 117 -32 -246 -438 203 92 -250 -561 -155 -92 -204 -549 -469 114 194 -437 -208 -200 -340 39 -280 -403 -367 -302 -305 -55 -271 -538 87 9 -322 -141 96 -137 -324 -416 -433 92 -261 -91 -160 -587 -173 -113 -256 225 -177 -430 -399 181 33 -28 -333 -352 150 90 45 -413 -402 -90 141 -232 -381 -259 163 -169 114 -191 -378 -251 -317 -5 -218 -443 -226 -279 -222 -122 -104 -120 -76 -46 -246 -637 -223
-455 -332 -5 -409 -353 -410 -181 419 16 -356 -360 -256 -254 -483 12 -291 -339 -390 37 -202 -550 134 -537 -418 -171 -314 -230 -160 26 -334 -71 -226 -89 -298 -113 -594 -389 -340 -339 -165 -456 -78 -253 -165 -105 -449 -211 103 -151 -288 -84 -240 -101 73 43 -127 -169 -411 -370 -255 -130 -345 -39 -217 -378 -337 1 -105 -326 -429 -234 -127 -11 -303 19 -319 -487 -67 -396 -9 -74 -300 -294 -325 -94 -141 -404 -160 67 -196 -406 -379 -244 14 -315 -517 -289 -429 -315 108 -160 -72 -17 -554 -272 42 -416 99 -214 -275 -470 261 77 -169 -359 -152 -248 -190 -297 -540 47 -197 -128 -121 -510 -274 -257 -331 49 -286 -71 186 -559 -353 -354 -446 -217 35 -14 -26 -215 -460 25 -26 -531 -249 267 -61 -560 -348 112 -73 -301 5 -507 -341 -287 -133 130 -52 -174 -592 24 -32 -368 -325 -439 83 232 -331 -470 -369 22 -7 -110 -267 139 -429 38 54 -354 -186 113 -126 3 -391 -395 -181 -135 -443 -330 -7 -10 -191 -78 150 -832 -452 -63 143 -71 -50 -308 -21 102 62 -146 -67 -589 -655 -400 -9 -96 -588 -239 197 -100 -495 -216 -374 -143 -195 -535 -264 -65 -350 -239 124 -53 -92 -177 -364 -371 435 -136 -175 -67 -12 -366 -433 252 64
-334 -323 -367 -25 -118 -34 70 -521 -211 -93 -119 -144 -375 -128 124 252 -49 -476 -439 -222 -83 18 -194 -429 -340 -205 286 20 -184 -99 -423 -373 -485 -103 -210 -293 126 147 -257 -393 -397 306 26 -425 41 -147 -209 -107 -573 -233 -94 -348 -356 -117 -52 -239 -684 -440 -272 89 -33 12 -44 -212 -280 42 -221 94 150 -427 -353 -26 -179 -49 -51 -222 -26 -236 52 -169 19 -54 -194 -10 5 -387 -653 134 -345 -699 -227 -182 74 -312 138 -229 -129 238 -48 -384 -430 -165 -464 123 -191 -285 172 -527 -177 -34 -142 -353 -75 -142 34 -540 -343 227 -99 -383 -224 -119 -14 -163 -275 -208 186 -283 -485 12 -20 -415 -240 -148 66 -291 -512 -57 59 102 -546 -346 176 -176 -269 -197 -377 -494 -14 -256 -285 15 -19 -206 -299 -48 116 -79 -457 -177 -303 -9 242 -192 -397 -421 17 -398 -741 226 -284 -215 186 -1 -361 -80 -292 -181 -308 -187 -40 -425 -131 59 -280 -474 -143 295 -202 2 9 -324 -387 -368 -103 -362 -114 -278 -162 121 -423 -318 -185 -600 147 -232 -454 -161 43 -47 -40 162 45 -53 -350 -609 12 -54 -454 -18 -164 -240 -254 161 -113 56 -372 -41 -469 -477 -20 -349 -86 -350 -99 -289 -246 -322 -249 -39 -74 -98
-176 288 113 -72 3 -285 -156 258 -55 -173 -556 -518 -458 -97 -156 -232 -698 30 -224 -238 271 21 -335 -56 -47 -289 -398 -169 -141 -240 -254 -500 -142 -22 -144 -356 -236 0 -308 -483 -54 -343 -347 236 -86 -105 -604 -576 -43 -167 -238 246 105 -627 -404 -123 19 -51 1 -190 -244 -425 -167 -159 -246 -27 128 -594 -408 -84 -91 241 -430 -420 -219 -120 -141 -322 -509 -7 -307 -457 25 -4 -106 -375 -121 -347 -258 210 184 -74 -489 -64 -292 -310 -196 177 -282 -611 76 -110 40 15 61 -36 -430 -79 -76 4 -132 -509 -653 -102 -307 -117 67 -668 -390 109 -236 -442 -481 79 -56 -392 -424 -120 142 -537 -302 -124 -330 -160 -5 -378 -117 -7 -183 -259 -463 -257 -277 -317 -84 91 -247 176 82 -415 5 90 -602 -247 -376 -356 -326 -274 -137 353 80 -57 -615 -351 -172 -125 -44 242 -17 -385 -309 -136 -321 -289 -351 -154 -45 -426 -232 -318 172 -412 -292 -168 -210 -200 -8 -463 -433 -358 -145 -27 -155 -165 -137 -165 -155 -91 -155 -85 -326 -311 -366 107 -52 -549 -94 -67 11 -299 -155 -355 -844 -208 -98 166 -109 -259 -84 -346 -416 -109 -285 -134 48 -93 60 -508 -128 -405 -394 -75 -95 -40 -181 -279 -338 211 -42 79 116 -416
184 -262 -640 -143 -401 -310 11 -466 -359 -144 -262 -223 135 -78 -126 -5 -160 -429 -441 22 103 -382 -369 -445 -263 33 -108 -592 -299 104 130 -174 -346 -239 30 -397 -78 -266 -219 58 -175 -97 -156 -622 -140 -340 -194 -281 -389 -181 -10 111 -643 -200 -42 -297 -491 -529 -210 -177 38 21 -278 122 -394 -428 -397 67 184 -313 -26 -467 -181 10 -265 -385 89 124 -124 -248 -280 225 -125 -515 -42 -198 -567 -252 184 -304 -363 77 -546 -220 117 -311 85 -478 -374 86 -227 -231 -556 -330 -216 -343 -44 -408 -497 13 -324 -103 91 -186 -227 -410 -79 -40 -11 -266 -118 -462 47 -392 -193 -250 179 -326 -574 113 -140 -8 -435 -413 -80 -8 -56 -298 -213 89 -132 -346 -349 -310 -297 -178 -155 -67 28 -146 -435 -433 100 275 -185 -174 -66 -90 -155 -304 -163 -337 -285 -356 -183 -54 -197 -488 -479 -323 -132 -96 5 -100 44 -146 -248 19 -189 -205 -227 -402 -382 -127 -121 -250 58 96 -177 -227 -41 -199 -290 -227 -404 -96 -338 -649 -308 41 -120 -665 88 88 -249 -234 -408 -268 -82 -119 -418 34 30 -123 -332 -576 -142 -242 -354 37 -79 -407 57 5 72 -41 -579 -77 -336 -127 157 -196 -44 -499 -385 12 -65 -509 -193 -38 -469 -570
-379 -594 133 73 107 -259 -176 -68 -101 -300 -510 -298 -47 -288 -279 85 -143 87 7 -151 -441 -470 -209 184 -254 -163 -426 -186 -75 130 88 -506 -396 -360 -393 -212 -159 -40 -85 -14 -290 -94 -507 -470 176 109 -538 -495 184 -16 -348 119 -418 -81 -86 -288 2 -233 135 302 -185 -481 -549 -542 151 92 16 63 -165 -78 -642 -369 38 -27 -247 -446 -342 -394 -78 -220 -86 -244 -209 -185 -372 39 -388 34 -101 -527 -28 10 -44 -465 -284 118 -243 -117 -206 -373 -204 101 -109 -72 -90 77 -522 -32 -65 -354 -192 -463 -592 60 -266 -123 72 -405 -466 -18 -194 -194 -252 -110 -259 10 -219 -190 -146 -175 3 -246 30 -29 -430 -461 -550 149 -254 -324 -23 -313 -339 377 255 -318 -206 283 -168 -440 -543 -87 -443 -307 -161 -479 -60 -232 -52 185 -493 -292 161 -191 -459 -318 -155 74 206 148 -290 -92 -53 -210 -271 -674 -409 55 -349 -79 -9 9 218 -166 -385 -397 136 15 -395 -219 -149 -332 -326 -222 -92 -65 -172 -316 -229 134 -321 -55 98 -404 -291 -159 -62 181 -135 -154 -41 -403 -357 128 -354 -276 -8 -9 -194 -241 -180 -293 -124 69 -530 -433 -213 130 96 -363 -155 -312 -379 -161 81 -311 -112 108 -566 -380 252 -30
378 162 -146 -90 -516 -778 -537 -13 -195 18 70 -211 -20 21 -66 -337 -340 -360 -741 -115 136 -173 -353 -353 -20 -328 44 -230 -169 -76 -293 -275 -30 48 -193 9 -463 -684 -20 -396 -513 -91 -93 -26 -129 -319 -241 -262 -75 -364 20 -251 -169 -88 -560 -454 -207 -219 -156 -315 -640 -36 253 -68 -563 -458 -62 -189 -251 -444 -83 -378 -213 161 -497 -461 -132 -38 14 20 -41 -314 -406 -136 147 -25 -120 -304 -86 60 -163 -457 -541 52 28 -381 -122 -17 -345 -359 -96 -450 -185 -24 -104 -495 -190 -7 28 71 0 -176 -198 -453 -319 122 -13 -145 -583 -520 -42 -125 -331 -303 137 -229 -247 -330 -307 -251 -190 -342 82 -121 -149 -483 70 -216 -27 -198 -441 -263 -313 -500 2 -257 -85 168 -163 -442 -178 46 -48 161 -276 -169 -395 19 -259 -509 -40 228 -422 -305 -5 -313 -293 243 -80 -455 -309 -21 -23 -537 -461 79 -11 -323 -226 -84 48 -630 -543 -119 -241 155 -214 -620 -327 -421 -316 33 -292 -207 110 -196 -571 -228 107 -176 -157 -7 -40 -192 -446 -85 47 -206 -337 -563 -39 153 -355 -315 -226 61 -355 -188 -96 -302 -314 -142 108 -85 46 -458 -376 244 -412 -477 -170 -192 116 -302 -687 -126 -33 -229 17 -113 -496 -234
-426 -231 -180 -300 -41 166 188 -33 -327 -524 -525 -214 -166 -338 -360 -390 117 33 -189 108 -222 -354 -249 -580 -205 146 -81 -239 -605 115 249 -512 -305 -431 -196 -57 -145 -112 38 -425 -309 -306 -432 -256 -161 -20 -151 -552 -90 17 -76 -174 -275 -250 -516 -190 319 -306 -387 -162 181 12 -292 -459 -301 -324 -181 197 -427 -106 -89 79 -158 -579 -16 54 -418 -62 -184 -483 177 248 42 -300 -525 -140 48 39 -528 37 -113 -177 -108 -127 -642 -197 45 -224 -359 -440 -294 380 -429 -103 -85 -396 -166 -410 -427 -419 -471 -106 -58 -413 -120 15 -142 -46 -161 -395 -428 -183 254 113 88 154 -526 -348 -176 -202 106 269 -470 -309 -408 63 -201 -319 -391 -56 -118 52 400 -61 -511 -310 -318 -337 -425 -160 -122 -33 -244 -217 -351 -290 -213 -230 173 -392 -320 -7 -424 -333 -332 -176 166 -160 -296 -327 74 17 -91 -17 -52 -236 -203 -464 -412 106 -294 -37 185 -423 -87 -220 -84 123 -169 -112 -504 -216 44 84 -225 -533 -496 77 115 -157 -290 -299 -423 -20 300 -139 -327 24 -204 -202 -228 -536 13 -46 -225 -436 -233 262 -208 -676 -568 -182 166 -205 -710 231 164 -381 -403 -371 224 207 -370 -200 95 -52 -508 -475 -449 -112 101 -305
-110 -234 -131 -68 105 -487 -347 -427 -105 218 155 47 -285 -371 -135 -247 -266 -54 -116 -459 -445 6 -56 -104 188 -577 -387 -92 -77 -133 -232 -339 -424 201 -401 -311 -193 -163 -235 -200 -231 -221 130 42 -260 -295 2 -372 86 -240 -194 127 -271 -276 41 -85 -587 -73 -189 49 -172 -250 -42 -464 -13 -36 -36 -226 -204 -149 -112 -480 -107 -201 -390 -30 -225 -32 -40 -327 -85 -247 -449 -153 -222 -314 -125 -372 -19 -164 -69 -203 -43 -194 -110 -631 -157 64 -419 -494 -118 -142 -385 -455 -88 -73 -431 -349 -70 61 105 -14 -165 -442 -94 -260 -533 -105 -488 -244 -281 169 -159 -475 -247 -456 -277 57 81 -376 -102 -292 -167 6 -194 -669 -291 220 45 -186 26 -373 -584 -272 -26 -314 -79 148 -66 35 -357 -336 -133 -305 -504 -34 -177 -217 161 19 88 -161 -227 73 234 -363 -516 -429 -141 -116 -333 -95 -167 -290 -110 -196 -69 -6 -269 -311 -138 -222 -90 -93 -407 -55 -363 -337 48 -100 -154 -90 -129 -218 -325 -449 -10 -122 -490 -221 -239 130 107 -32 -81 -533 -396 -219 -86 49 -401 -69 -262 -431 -137 -291 -78 -299 -258 94 -22 -291 -109 18 -226 -227 -73 -237 -260 -157 -451 -354 -156 -376 -291 -56 -131 -350 194 -305 -551 67
-542 -422 -133 -70 -141 148 -119 -402 -356 27 -551 -657 63 103 -411 -364 -289 202 -112 -134 -206 -364 -72 -217 -207 -215 -519 -134 -121 -72 -99 -89 -298 -465 -101 -32 -60 -56 -516 -218 108 76 -537 -665 -340 13 20 -174 -256 -289 -246 -379 -154 171 48 -399 -211 -16 -475 -212 -412 -214 -73 -316 88 -116 -773 -149 173 -524 -259 73 -240 -415 -159 -122 9 -14 -586 -244 -156 -117 225 -173 -372 -181 26 119 -614 -383 -270 -91 -106 -25 -226 -124 -118 -206 -353 -191 -6 -2 -343 -209 -161 -180 -181 -46 -36 -202 -371 -783 82 -228 -44 334 -170 -273 -286 -203 -12 153 -188 -87 -336 6 99 -243 -455 -381 -143 27 -529 -251 -345 140 -235 -521 -254 -33 -242 -661 228 -11 -149 -18 -266 -239 -112 -540 -2 39 -211 -141 -95 -22 -465 -578 -166 -353 -438 -385 -127 3 -560 -214 -74 233 234 -410 -52 23 -156 211 50 -174 -335 -122 -260 -258 95 45 -350 -303 -110 -378 224 -252 -404 -55 -251 -191 -167 -396 -606 238 -19 -492 -413 114 74 -160 -185 -217 -268 -527 172 96 -155 -459 5 -326 -347 194 -322 -285 81 -67 33 -84 -191 -324 -560 -120 -182 -477 -341 -135 4 -107 -399 -175 -279 229 283 -447 -530 -207 -228 -91 73 108
78 -459 -328 -374 -4 -200 147 44 -52 -490 54 295 -250 -179 31 -440 -117 -185 -475 -49 -27 -355 117 -415 -516 79 94 -512 -339 4 -122 -382 21 236 -395 -485 86 -360 -22 -322 -358 -452 -350 56 -90 -102 -195 -379 -139 -150 -33 -154 -269 -241 -598 -291 33 -249 -92 -156 102 189 -270 -557 -168 -257 22 -130 -468 -39 15 -55 -252 -397 -113 -382 -85 -130 228 347 -226 -36 -84 -132 28 -472 -125 -97 -181 -263 -66 -225 -407 -187 -267 -256 -20 -392 -435 -12 52 -185 -188 -68 -323 -428 -20 57 -562 -314 218 -100 -468 -260 -383 -256 -181 -306 -580 60 158 -433 -478 -185 -39 -401 10 -12 -173 -445 -494 -274 64 -238 -50 -319 -341 -105 54 32 -468 -275 -39 39 -455 -552 -6 -102 -322 117 -12 -311 -191 -62 -169 -257 -418 -240 15 -74 260 -115 -349 -190 28 -294 -256 -373 -140 69 -113 -264 -358 -26 146 -206 -400 -239 -491 -394 -239 -252 14 -180 -251 -497 -154 -56 -233 -360 -84 -172 -49 -178 -468 -23 -251 -106 245 -27 -132 -230 -290 -290 -5 90 -350 -388 -269 -154 -18 -149 -436 -219 245 15 -295 -330 -153 188 -441 -463 -269 -200 25 -107 89 -97 -23 -538 -211 -71 -184 -394 -429 -298 -318 206 174 -373 -74 -153
-444 -198 -245 11 -20 65 -250 -276 61 -87 -367 -213 -526 -463 -273 208 -241 -164 -86 -474 101 -8 -578 -522 -164 -186 -62 148 -192 -512 -425 -163 -420 -330 -177 98 -365 -56 -365 -179 202 122 28 -280 -539 -556 -75 -202 -47 246 -204 -409 49 -42 -181 25 -415 -409 -244 86 -386 -434 -420 -408 -103 334 -392 -10 -215 -250 138 -135 -409 -298 -129 -130 -239 -417 -223 -284 -375 -418 -94 -281 162 -240 -544 -478 -164 154 -216 -434 -131 -68 -152 -369 -272 236 -121 -255 133 -494 -378 -561 -36 -231 -433 78 -398 -499 -197 -257 -234 -100 51 224 -234 -79 1 -422 105 -254 -223 192 -713 -510 -425 37 -347 -290 274 224 -347 -142 -77 -145 -177 -287 -248 -247 -462 -510 13 -125 -36 -278 -1 -140 -549 -394 -273 -212 85 -95 -510 -188 2 -481 -111 -320 -36 59 -202 -390 -181 -193 -291 26 -144 -434 -51 -206 -126 -251 -434 75 157 -354 -154 -14 -463 31 -280 -166 168 73 12 146 -384 -208 31 -40 -82 -416 87 232 -134 -403 -417 -584 -268 -17 -336 55 116 -738 -405 -15 210 -396 -205 -127 263 -28 -399 -426 -356 -141 -202 -43 -12 -128 -99 -69 39 -146 -535 -349 -216 -666 -484 -162 -307 -247 314 333 27 -220 -280 -142 32 -256
-263 -54 221 -482 -405 -280 19 -133 -500 -510 -170 -123 200 -195 -350 -361 -254 -73 116 -277 -412 -180 114 -416 -392 46 83 -127 -509 -21 87 32 174 -315 -337 -292 -260 -45 196 -112 -257 -160 -728 -258 -144 -353 -132 190 -438 -471 27 -144 -525 -181 139 21 -502 -475 295 -12 -3 -58 -77 -154 -72 -215 -500 -273 -245 -295 -279 -399 -139 79 -402 -352 341 168 135 -424 -459 82 -20 -28 -370 -255 -413 158 60 -590 -39 -234 -497 -82 -341 121 -182 -282 182 -153 -503 -145 -108 -56 240 -246 -77 -557 -70 187 -350 -226 -61 -437 -273 45 -206 -576 -517 -201 -384 -200 126 -376 -244 -128 -51 -179 -474 -58 -179 -621 -323 -40 187 -342 -524 -312 -69 -165 -476 139 -5 -24 25 -47 44 -176 29 -387 -222 -212 -472 -215 -219 -44 -290 -43 -225 -493 -74 -381 -212 -318 -385 8 107 -219 -105 177 -92 -163 -182 91 19 7 -444 -520 -64 -380 -119 -173 90 -263 -221 -201 -576 -384 -291 -74 138 -410 -393 -21 -168 -444 -389 98 -254 -42 144 -495 -77 -105 -252 16 244 0 -537 -461 -281 11 -330 -117 -368 -303 -25 119 -145 -386 14 74 -541 -690 -242 -261 -31 64 158 -206 -297 -20 166 54 -344 -627 -481 -157 148 -351 -551 -407
-112 -46 -52 -341 -416 356 -508 -599 6 181 92 47 -304 -373 -107 -129 -534 77 22 -161 -10 -421 -540 -552 -259 -168 -23 67 -345 -520 -375 -60 -37 -91 55 -201 -466 -52 69 31 -105 -514 -29 -113 7 -454 -87 -58 -223 -41 -441 -56 -105 -60 -174 -491 -281 77 -292 -333 -234 -204 -76 -333 -81 -279 -278 -273 -242 121 142 -352 97 111 -106 -224 -540 -692 -335 -32 140 -224 -169 -426 143 -484 -177 -385 -84 185 -202 -114 -321 -405 62 13 -56 -103 -326 -143 -33 -221 -296 -118 -237 -363 -343 -67 -523 -338 -224 -433 -258 237 60 -258 -315 63 -301 -114 339 -375 -505 9 -18 -539 -487 372 -166 -213 -276 30 184 -210 -368 -253 -273 -152 -213 15 -40 -530 -256 -387 -198 -425 -99 32 -122 -359 -148 -78 22 -294 -40 -157 -448 -414 -1 -2 -350 57 89 -403 -230 -197 -202 -128 13 47 -200 -91 42 -428 -543 -274 -79 -34 -103 76 -272 -483 -592 -301 -254 -102 51 -234 -205 249 -301 -356 -47 -219 89 -155 -128 -13 -8 -337 -399 53 -206 -372 -388 -59 -69 -503 -444 98 267 -198 -170 -129 11 77 -74 -509 -469 186 -126 -240 169 -117 -409 -333 -22 130 -146 -310 -440 -147 -263 -340 -96 -107 -30 -313 -393 -45 216 -210
-207 -195 -244 -284 16 -127 -180 307 -318 -184 50 -277 -496 -6 232 -200 -90 -329 -325 -13 59 -146 -240 -16 -174 -233 142 -76 -78 -131 -484 -513 -9 -76 -348 -459 -370 -220 -110 -205 -235 76 -52 -361 -666 14 -206 -427 -321 -266 -194 -138 -270 172 218 -208 -73 -184 -452 -110 -68 -346 -394 -443 -320 -387 -447 -124 -167 144 260 -221 -362 -240 -198 -139 -309 -165 -8 -93 26 -416 -664 -213 -264 95 -213 -76 -117 -165 -166 -470 -69 41 -245 -391 -233 -272 -657 -189 -190 -404 -95 32 316 -322 -129 -9 2 -512 -235 -170 -543 -243 -114 -200 -493 158 28 -416 -361 -321 19 -70 -58 -351 -331 -534 -157 -63 -261 -620 -503 -526 63 -277 48 -105 -451 -232 38 66 -392 -207 15 272 -126 -496 126 -248 -463 -550 -279 -136 -191 -99 281 51 -148 -15 -196 -491 -286 62 -540 -266 199 6 -168 34 -294 -139 -561 -51 72 -392 -470 -388 -292 -37 -512 -194 247 -16 -188 85 -338 -408 22 7 -141 -441 -375 116 -170 47 -159 -666 -413 -418 -322 -233 -164 -417 145 -160 -171 144 -194 -320 11 -325 -395 20 -197 -159 -505 -75 -205 -171 -200 -343 -400 -406 -305 -399 -22 -274 -103 -373 -246 -148 -95 68 -155 -135 -380 -366 48 -116 -103 93
-16 -166 -47 -318 -455 -267 -419 -280 -202 -448 -213 -16 -471 -569 -52 -446 -342 -96 -328 -369 -420 -110 -257 -658 37 -17 -295 85 -305 -418 -213 -82 -125 -302 -52 -128 85 140 -196 -80 -392 83 183 -619 -213 -21 -33 -321 -366 -222 -384 -47 -190 -161 28 -446 -464 115 -299 -183 223 -276 -275 -278 62 -193 141 -459 -366 66 -329 -458 -186 49 130 -340 -513 -414 46 -216 -310 -704 128 1 -150 -238 107 -430 -299 -141 -453 -477 -292 44 113 -504 -420 331 103 18 -375 -260 -224 -60 -289 -469 -129 -341 -278 -63 -297 -515 -80 99 -246 -275 25 252 -199 -474 -274 8 -275 -184 -339 -282 -32 6 -260 -123 -33 -92 -36 37 -293 -170 -259 -122 24 -458 -484 8 348 -217 -88 -247 -523 59 41 -278 -424 82 126 -136 -288 -463 -339 -286 -150 -57 -29 -256 -112 -182 -240 -160 -429 -241 130 -81 -91 16 60 -440 -519 99 -128 -327 -199 -126 86 53 -189 -374 -213 -266 -170 164 -268 -123 -200 -321 -401 -353 -180 -229 -547 -7 368 -141 -90 239 -490 -37 168 -91 -476 -498 -230 60 -66 -22 -52 -43 -170 -153 -108 -216 -156 -570 -335 -26 -206 -197 58 -361 -397 94 -95 -361 -453 139 -79 -177 -192 -405 -418 73 267 -346 -465 -418
-87 -139 -564 -551 59 229 71 -120 -309 -72 92 -67 -120 18 -285 119 -261 -515 95 395 168 20 -312 -195 53 -12 -68 -593 0 167 -313 -459 -158 -299 254 7 -480 -231 -178 -312 141 94 -375 -164 -98 -224 -467 -192 7 80 -345 -393 375 143 -320 -477 -491 111 150 -378 -558 -253 -245 -238 -5 -129 -632 -244 -197 -348 108 -9 -149 -349 -217 -513 -176 112 50 26 -336 -355 -44 34 -282 -188 -437 -556 -378 -231 -25 121 96 -195 -137 -240 42 -76 -431 -348 -82 -176 87 -472 -172 -389 245 -138 -177 16 -227 2 -319 -199 -86 -560 -117 -8 -404 -103 -214 -159 -276 9 -22 -400 -335 -335 -456 -522 -280 -62 -290 -479 128 48 -116 -380 -428 -160 309 -15 -507 -462 -364 226 -87 -590 -348 -143 47 -416 -277 109 -290 -368 125 -225 -120 -243 -427 -128 -95 -184 -405 259 -248 -550 -248 -103 -282 -257 -487 -16 212 -183 -300 -38 174 -323 -478 -158 -60 256 -558 -436 -133 -473 -402 -82 8 -514 -111 -25 -18 110 -75 -232 -424 -573 -242 -519 -149 -22 -4 -495 -482 -113 131 -233 -219 -356 -240 -202 -448 -215 -635 -97 -236 -88 -189 -480 163 -118 -207 -152 -132 -440 -320 -203 -374 -267 154 -182 -109 27 -439 -329 -60 -473 -552 -154
-143 -118 -129 -131 -306 -385 165 -200 -268 -493 -231 -27 -34 -340 -422 -453 -76 181 -204 -473 -169 -343 -450 -91 -58 -79 -209 48 -174 -433 -362 15 37 -222 -219 -68 20 -345 -405 73 -300 -392 -344 -324 -265 -209 143 -346 -466 54 -255 -296 -201 -116 12 -41 -19 -34 -150 -707 -461 142 112 -738 -427 -103 -45 -8 91 -83 -410 -12 -316 -544 -313 233 198 -364 -373 -546 -253 21 -240 -624 -87 61 -40 -117 -242 -118 -215 103 -149 -133 -601 -667 -329 -367 -31 222 -411 -525 -27 93 -317 -77 -354 16 -151 -407 -471 -360 187 -14 -243 -64 90 -176 -356 -768 -251 -395 3 -267 -27 -119 -271 120 -357 -79 -10 -372 31 -403 -425 -160 -55 99 -296 -203 -280 -264 -44 -333 -212 -140 -294 172 -191 -395 -97 24 146 -44 -95 -454 -374 -337 -50 212 187 -271 -256 54 -14 -362 -301 88 58 -409 -323 200 418 -156 -486 -261 21 -236 -467 -421 -141 -10 94 -234 -70 52 -278 -273 -181 -108 -460 -336 -151 40 -109 -206 -481 -438 65 -133 -125 -119 146 -130 -635 -296 -270 146 283 -469 -654 140 53 -528 -162 222 -102 -452 -178 -289 -368 -49 30 -348 -321 -326 -592 -293 -189 -230 -187 -154 -118 -36 -196 -433 -148 -351 -191 383 -148 -18
119 -402 -569 -246 -84 -108 -400 -262 16 -261 -667 -180 -143 -400 -118 72 -361 -364 -356 -74 18 -257 -138 28 -313 -333 -198 -37 68 -513 16 67 -324 -134 -219 -495 -195 -31 -448 -177 103 -338 232 -43 -299 97 14 -218 -217 -170 137 -135 -223 -23 -440 -442 10 -233 -446 -24 -194 -417 -472 9 -326 -351 29 -211 -118 -190 -335 -255 -77 -173 -122 -277 -7 336 -411 -31 181 -267 -378 -421 -3 103 -100 -474 -647 -405 -13 -294 -221 -155 -344 95 -211 -44 -48 -361 -300 37 -210 -346 -202 -475 -10 -417 142 -26 -398 -302 -105 -378 -330 -181 -148 -266 -235 -71 -383 -50 -288 -514 -331 -274 -334 -245 -118 -270 156 -148 -228 23 -62 -271 -268 -503 -270 266 47 -448 -84 -458 -237 -224 -575 137 -142 -556 -150 -214 -351 10 45 -321 -483 94 154 -543 -565 -191 -108 206 -450 -458 -164 -182 46 -137 -184 161 -323 -265 -430 -622 19 -319 -423 -71 195 186 -584 -105 -254 -373 -329 -219 110 -118 11 -183 -395 -357 -366 -186 -189 82 -53 -551 -141 -38 -433 -307 -145 -408 168 136 -590 -205 125 -275 -166 44 -124 -355 -642 92 9 -387 -242 -139 160 -247 -638 -454 171 -50 -387 71 -229 -491 77 -138 9 -45 -221 -423 -38 -289 -459 -308
-470 -269 -23 -157 -338 -111 184 -35 -315 -55 -103 -377 -339 155 58 -456 -3 -27 -49 -6 -323 -415 179 -113 -155 252 -123 -242 -86 -121 107 -234 -291 360 -169 -499 -15 89 -509 -383 -285 34 -230 -83 -278 -384 91 -107 -421 -228 -207 -293 -298 -158 5 121 20 -283 -354 -409 -36 -141 200 -303 -66 96 -561 -444 -141 -153 -247 -108 -569 68 -291 -415 -276 -361 -70 -131 -302 -125 -226 -343 21 -537 -648 116 222 -337 -35 -140 -467 -167 -112 -2 -575 -459 142 -397 -89 2 -200 -398 -459 245 170 20 -440 -245 -219 -155 26 -184 -203 33 -2 -22 -337 -364 62 -239 -291 -63 152 -303 -364 216 138 -237 -79 -332 -347 -70 -441 -24 -165 -68 137 -414 -468 -54 -157 -61 95 101 -126 -154 -92 -65 -91 -3 -342 -288 -117 -218 -103 -252 -231 -439 -184 282 161 -609 -598 156 370 2 -572 -510 -332 -242 145 -51 -21 5 13 -158 -103 -305 -529 -299 307 -330 -332 77 -52 -241 -354 -259 -347 -162 -189 -16 86 -325 -97 -139 -105 -85 -28 -246 -296 -290 -193 183 373 -585 -263 -40 -303 -316 -55 -182 -336 -380 -174 37 -143 -26 115 -436 -553 -275 -88 -120 143 37 -62 83 -416 -73 -336 -111 -199 -650 -85 -87 -326 -103 -248 -164
-3 -169 -365 -238 60 -248 -256 -148 -172 -395 -400 -293 -356 -471 -100 0 26 -128 -266 -185 -428 -156 -342 18 -226 -160 -290 -277 -417 -477 196 -282 -164 -206 -369 259 -64 -292 -168 -361 -13 -313 -422 136 312 -436 -38 -498 -322 187 -451 -264 -173 -420 -277 -109 -146 -549 -402 308 -35 -263 -483 -563 0 -244 -7 -36 -45 -110 -121 -244 43 265 100 -312 -158 126 -212 -257 -155 -471 -217 62 -461 -129 27 -293 -569 -324 -439 -30 -79 -287 -38 -396 -91 368 -203 72 -423 -269 -133 -245 132 135 -252 -399 -214 -140 -330 -621 -148 -272 31 89 -25 -438 -99 5 -223 -528 -199 -294 -209 -187 -68 -91 -506 -119 -168 -459 -445 -150 91 115 148 -272 -501 -300 -500 200 -209 -352 -188 -504 -473 -281 -306 -496 -248 -215 62 -283 -82 163 -366 -467 -192 50 -330 -459 61 139 51 -488 -486 -237 -84 -74 -100 -274 -402 -55 -61 9 -33 -287 -555 -542 259 375 -347 -507 -316 -64 -29 279 -65 -191 50 -114 -505 -132 -212 -432 -249 57 -433 -343 -423 -12 -295 -216 174 -267 -359 107 -302 -623 -222 178 257 -306 -102 -15 -589 -141 -65 59 -406 -167 -124 -212 103 52 -421 -476 -442 -184 9 -466 -60 -57 -232 -278 72 95 -215 -193 -271 -402
-474 -69 72 -251 -448 -58 -9 -154 -10 266 -308 -16 -305 24 197 -194 -402 -454 -90 163 -435 -632 259 -207 -120 -48 -168 -415 42 292 -532 42 -182 -437 -66 -109 -603 -298 -421 -227 225 -173 -277 -167 -156 -288 -360 -67 285 -492 -136 99 114 -164 -295 26 -77 -240 -85 -290 -300 -104 168 22 -249 -128 -202 -434 -98 -410 -484 221 -453 -516 -353 -412 -269 155 -249 -169 169 -231 -101 -247 -432 103 -48 -546 -106 95 -191 -424 -36 167 -534 -435 213 -470 -570 -284 -61 -146 -432 -68 -15 -362 -580 -250 28 -51 -185 -101 201 -392 -23 88 -640 -340 -314 228 -288 -167 11 -34 -160 -515 -313 -26 -532 -431 -108 -199 334 111 -373 -214 -427 -308 81 202 -174 -212 130 -334 -339 297 88 -236 -267 -19 -176 -388 -429 -90 -158 -467 -13 75 -209 -65 -397 -90 -192 -145 -502 -147 194 -110 -415 -360 -33 91 -452 -163 -208 48 -368 -462 -128 -73 -453 -290 -125 32 132 -472 -344 -165 -715 -487 -346 -328 80 -117 -37 -184 70 179 -217 -446 157 61 -267 -118 1 -544 -465 -180 34 133 177 -263 -711 -373 -386 -185 -15 -210 -285 -235 -11 -96 -353 -390 -150 -138 -128 67 68 -204 -496 50 -55 -175 -534 -461 -202 -324 -415 -314 264 247
-49 -449 -459 -102 -329 146 -66 -490 -324 -328 -17 42 -30 -464 -447 -200 3 -442 -202 -71 -349 32 -343 -445 258 -18 -482 151 -233 -451 28 -402 -566 -172 218 -82 -143 97 70 -227 -484 -286 -340 37 204 -430 -538 17 -232 -411 -244 110 -374 -222 -123 -725 -310 -62 -173 -201 -9 -308 -297 -334 -427 -76 151 -125 -191 -152 -134 -371 81 143 -206 -253 -248 -471 -19 -398 -353 109 -301 -525 104 -107 -362 -100 -127 -67 -100 -123 -339 -698 6 163 -452 -179 54 -66 39 -191 -195 -145 -487 -152 5 -262 -342 -274 -383 -270 -179 -319 -5 135 -462 -227 272 -122 -425 -127 -53 -643 -308 -386 -599 150 121 41 -317 -394 -88 -163 -13 -147 -397 23 30 96 -414 -476 -246 -144 -246 -171 -252 -91 -264 -499 -359 -188 25 -318 212 26 -318 -545 -400 -359 -232 -262 -140 -178 50 -277 -287 122 -379 -248 -223 -363 131 -78 2 -65 -450 17 160 -300 153 28 -479 -185 175 -224 -102 45 31 -83 -255 -17 160 -461 -587 -131 -290 86 77 8 -686 -526 -68 -99 -310 -242 218 -270 -198 -128 -428 -327 -19 -20 -123 -234 -315 37 191 119 -477 -383 -36 167 -441 -346 -12 -78 -118 16 56 172 -69 -171 22 -359 -566 -4 406 148 -478 -615
46 -207 -102 -291 -193 38 -115 3 -78 -31 -153 -471 -90 -84 -340 -110 -318 -218 -21 -77 -445 -32 255 -448 -394 -157 52 -463 -15 -13 -200 -395 -75 179 -510 -144 -260 -564 -251 -15 -173 -155 -101 -398 -438 -284 -429 -257 -65 -456 -319 -236 209 -420 -265 11 -342 -452 -189 160 -165 -170 -53 6 -332 -338 -320 4 -255 -673 25 50 -184 -593 -84 87 -67 85 -226 -294 -526 -500 -139 -150 -43 -5 -548 -177 -285 -33 -172 -414 -390 -94 -114 -47 -422 -301 -7 -272 -441 -442 -180 -34 -76 15 -179 -232 -371 -275 -192 -178 -206 -398 -61 -345 -366 4 -9 -286 -390 37 -109 -314 -30 201 -115 -408 -496 -251 -370 -59 337 48 -484 -299 62 -405 -312 -372 -219 -140 175 -316 -279 257 -16 -427 -419 -333 -326 189 -235 -58 -436 -238 -215 -454 -36 277 1 -204 -399 -213 -66 -458 -224 -316 40 -56 -491 192 308 -341 -757 -40 104 146 -385 -310 -266 -73 174 -213 -725 -317 -187 -581 -600 -520 -322 38 13 -248 -465 -358 -214 -95 -133 -354 -103 238 -319 -224 -204 -238 65 -526 -370 -284 -208 223 -82 -51 -560 -443 67 -66 -362 -122 -29 -12 -199 -409 2 -235 -225 -9 -510 115 143 -483 -452 -320 -631 -218 221 -156 -373 -70 -121 -150
-207 -235 -133 -490 -373 -12 76 -120 -243 -534 -137 -91 -396 -7 197 -587 -268 -55 -351 -41 -355 133 -455 -426 -153 169 -94 -43 -291 -9 -36 -430 -392 -84 80 -371 6 100 -405 -116 107 -435 -85 59 -125 25 -84 -100 -131 -94 128 -100 -294 -37 -569 77 135 -185 21 -130 -273 -499 -131 -372 -129 -195 -309 -65 -308 -135 -148 -99 168 -270 -180 -85 -54 -625 -340 160 -189 -197 -51 -26 180 -300 -430 -209 195 -288 -13 -69 -252 -84 -72 -417 86 -473 -133 -241 -439 -104 7 -138 -580 -657 -258 -36 -135 -268 -272 -100 218 65 63 70 -185 -413 -394 252 -142 -93 -282 -463 -516 -267 -365 -105 -289 39 92 -355 -693 -152 -225 205 -275 -14 -281 -56 314 15 -550 -209 -217 -480 -4 84 -309 -614 -50 -158 -429 -217 156 -477 -58 186 -242 -280 -422 -128 -586 -98 18 -94 -258 -78 -266 104 -316 -654 -273 -131 108 -160 -291 -467 -28 -278 -257 10 -456 -183 151 -53 -371 -219 178 263 119 -115 -377 38 -24 -232 24 161 -7 -365 -126 -198 -462 -16 -212 -333 10 -143 -207 68 -83 -204 -708 -366 206 -54 -214 -301 -129 -133 -557 41 -110 -237 -257 -563 -24 -95 -49 -195 -389 83 92 -246 -45 -119 -280 -158 -176 -491 -509 -60
-155 -482 97 -259 -113 -225 -380 261 -424 -132 135 -140 -355 -152 -404 -595 143 -18 -271 -79 -256 -409 248 64 -321 -576 -69 -205 -297 -328 -117 85 39 -377 -608 -130 -178 -237 -242 -272 -332 -352 -296 110 72 -747 -511 -207 -317 -286 -260 -391 -357 -88 74 -248 -153 116 -324 -157 -516 -325 14 61 -475 -280 43 -404 -356 -246 -179 -228 -222 194 -100 -202 -297 -512 -223 91 -493 -325 -297 -509 -80 95 -201 -24 -282 -123 -122 -290 -517 -63 21 -207 -402 -108 4 -48 -349 -208 213 -144 -338 -120 -184 -538 -411 161 185 -356 -515 -40 -163 -287 -329 -222 -130 41 -108 -54 -380 -474 -118 -75 42 -361 3 -125 -193 -141 -13 2 50 -384 27 -190 -379 -92 -396 -277 -21 -376 140 -190 -419 -260 -417 -5 -54 -277 -593 -35 -255 81 159 -342 -255 -313 -117 -357 -106 -565 -220 25 -371 -673 85 -94 -375 188 224 -118 -499 72 -273 -163 -150 -171 305 1 -153 -223 -262 -626 -370 -514 -80 -452 -677 -317 -124 -234 -291 -157 -220 -263 -589 -541 -126 -212 -242 -79 -53 -341 -169 -57 -177 -501 -519 -312 -116 -247 -687 -31 -82 -160 -139 -302 -439 -338 -231 -65 -352 -18 -112 -437 -400 377 -38 -264 -248 -495 -282 22 -224 -5 -148 -412 240 -187
-84 -6 -137 -265 -182 -78 -387 -450 -406 -309 4 81 -509 -433 52 -42 -426 -303 12 -295 -529 240 -234 -227 -73 -28 -124 -434 24 -208 -201 -320 -229 -232 79 230 -393 -71 -75 -478 -114 89 -72 -312 -287 -168 -181 -418 33 -161 30 -7 -530 -62 179 -309 -706 -144 -260 -381 -157 -178 -204 4 -446 -75 244 -439 -502 -1 130 294 -346 -488 -122 -241 -154 -334 67 -131 -465 -134 304 -150 -10 -289 -312 -332 -346 -359 13 -149 112 -333 -413 -221 -31 -208 -377 -163 -253 -438 -367 -316 -47 17 -111 195 91 -429 -198 -382 -534 -146 -64 -287 123 -391 -467 -126 -167 -295 -356 -355 -486 216 50 -132 -509 -282 -373 -85 38 -440 -684 191 -285 -531 -202 -346 -7 -120 -300 -36 -69 -62 -38 -344 -96 -67 -105 -430 -293 -111 -56 -23 -98 -409 -379 -259 -119 153 -553 11 114 -193 -659 6 25 -540 -420 -273 -214 -354 -248 231 -383 -465 135 -214 -252 -123 -17 -162 -273 -237 -362 137 -255 -177 327 -317 -481 -32 165 82 -467 -70 -162 143 44 42 -169 -304 32 -207 -356 -484 -667 193 26 -294 26 -75 -151 -310 -404 228 -191 -247 -94 -296 160 -317 -89 161 236 -388 -351 -332 33 -256 -28 72 6 -528 -88 -318 -79 -282 -719 145
-741 -282 -144 130 -316 -384 -49 -194 46 -69 -142 -555 -504 -298 -128 55 -208 -166 -419 5 -240 -346 -195 14 111 -606 -325 11 -378 67 -289 84 -92 -21 -186 -615 -200 -93 -449 -152 -80 -188 -33 -305 -284 -262 37 -422 62 -302 -209 -138 -4 -120 -499 -246 202 -176 -212 -24 -6 -211 -650 -259 136 -382 -547 -124 -219 -317 121 -296 -185 -125 -283 -31 238 83 -408 -283 115 -173 -251 -94 -458 -696 -270 83 -170 178 1 56 -315 -12 -89 -228 -27 -254 -28 50 -248 -562 29 -292 -245 -207 -732 -427 -405 174 -187 -225 154 76 5 -128 -224 -250 -75 -238 -480 192 -67 -13 82 -418 -194 13 212 -90 -51 -438 -441 -118 1 -461 -295 266 -89 -187 -317 -130 -333 44 119 -714 -451 132 -145 -480 -670 -123 20 16 -514 -312 168 90 -354 -357 -21 -588 -35 -251 -533 -250 -76 242 -141 -178 -233 -224 -140 322 -35 -468 -329 -253 -231 -58 -383 108 94 -518 -527 -120 -10 -440 -306 87 -548 -239 204 -67 -143 -73 -166 -209 -221 -506 -588 -143 -242 0 -318 -246 30 -41 -19 -345 -350 96 -377 -662 48 222 -389 -460 -279 -242 -141 -197 -350 82 -69 -386 -365 76 -79 -335 -443 165 -10 -373 -355 124 -409 -340 -64 317 145 -128
29 -345 -65 46 -419 -64 -364 -420 125 -102 -684 -125 246 -170 -57 -103 -337 -182 80 -378 32 176 -145 -265 -237 -64 -65 -187 -127 -452 95 -99 -652 -261 50 -93 72 8 -251 -208 -385 -348 -184 -412 -265 50 165 -158 -474 13 -131 7 -301 -405 -140 -118 -388 -4 2 -143 -447 103 65 -202 -526 255 81 9 -66 -415 -282 134 -503 -393 -31 -129 -321 -254 -334 -406 -332 -117 -242 -400 -378 -8 273 -90 -451 -107 205 -502 -20 -389 -531 -87 4 -404 -68 -64 -191 -238 -36 -70 -188 -434 -177 276 -63 -523 -66 126 -642 -538 -296 121 -186 -588 121 -77 41 39 -295 -347 -549 138 -292 -231 -379 -523 -234 -13 -37 -7 -402 -163 145 -172 -168 -40 -175 -295 -391 -399 -283 106 287 -337 -148 -170 -77 -496 -152 -63 -22 -101 -454 -425 -72 88 133 -125 -302 -476 -206 -200 -80 -221 -322 -202 -416 72 -377 -637 -219 -137 -21 -105 -376 -271 220 -277 -463 -42 -184 -184 94 -386 24 -72 -22 -130 -265 -198 -239 -298 -228 -182 -214 -162 -337 -436 84 -154 -193 47 -593 -306 -211 -448 -119 28 -437 -19 -34 -475 -409 -491 -205 292 225 -322 -216 -96 -262 -281 135 -484 -83 -49 -43 -36 -255 -635 71 45 -194 -460 111 -27 -660 -86
-506 -426 -109 17 -257 -444 306 141 -510 -386 29 -216 -535 -142 -88 -332 -455 -233 -535 214 -57 -573 -371 -568 -264 -293 -176 -247 -405 -229 -89 101 150 -134 -486 -454 -208 -400 61 -358 -523 37 216 -160 23 -595 -357 -434 -26 -467 -169 -303 -268 -400 53 34 10 -249 -246 -182 -522 -330 137 -362 -116 -192 -299 -114 -368 145 110 -543 -19 190 -17 -107 -57 -208 -85 -262 -339 -200 181 -265 -67 -378 -234 -224 -377 82 -268 -240 -434 40 -64 -243 -326 -150 -275 138 173 -351 -382 -222 59 -142 -327 -74 -189 -281 -95 -487 -141 -27 -344 -377 -302 60 -49 -199 -376 -142 -49 -179 -137 -279 -94 -374 66 -136 -357 -227 -31 -388 -262 -230 45 -159 -576 -232 -622 -44 274 139 -359 -262 -233 -259 -265 -26 -578 -346 -320 -324 79 36 -362 -200 -116 -533 35 -49 -629 -194 153 -400 -117 2 -250 -160 -584 119 194 -180 -391 156 74 -408 -374 -38 -435 -232 -412 -379 6 162 -401 -609 -35 71 -306 43 -177 -448 -320 139 68 -574 -150 86 -355 182 -106 -382 -150 -294 -451 117 13 -584 -225 -200 139 47 44 -96 -214 -33 -336 -187 82 -54 -411 -129 86 -500 -196 216 -44 -285 71 -9 -668 -161 -284 -483 -230 141 -120 -161 -49 -477
