-772 -1430 -928 50 497 1205 -917 -413 140 62 461 -530 -106 -356 1150 393 1016 828 -470 325 -16 1378 76 714 457 -831 -76 -1786 -302 19 -230 -1400 -349 -107 -30 -482 -1037 -1184 -250 443 -154 -656 -694 -975 -364 385 975 -567 -650 -913 19 339 -3 114 537 319 -204 441 -183 1435 -6 -567 -1035 -1296 -1390 288 1232 1661 461 -1562 -1507 -928 -1043 -271 285 -384 -715 -1189 188 1186 517 -90 -64 -602 -1115 -956 -774 -285 -1122 127 -675 -225 -1145 -445 -349 684 -1143 -52 -318 88 1229 683 459 349 482 1735 -48 -62 1067 331 -783 -673 -229 469 -578 -1436 -703 -468 686 200 -529 -1810 -1714 -736 -176 -708 -71 -147 112 -1201 -452 -164 -395 22 -761 -503 271 789 299 408 -334 -61 -53 -233 -763 -717 -843 -95 552 -109 581 -29 -56 -960 -593 416 -814 212 223 2140 488 798 172 995 -298 -626 -1686 -1479 -832 -760 493 -674 884 420 -838 -274 -101 -91 -389 -103 -92 142 854 459 510 -212 471 -21 -679 -153 -58 85 287 -683 540 79 647 -414 -2317 -1042 -632 -323 -486 -884 -33 -812 127 -448 -643 -1323 -601 -1794 -752 -1310 -58 -467 625 2438 1521 1 -264 -895 -1187 -407 453 1516 861 -535 -1221 -1022 262 -34 -710 -485 357 376 1710 1784 678 9 13 -1736
1024 692 -57 -862 -1127 -358 -1250 -748 -1037 -99 1496 1025 418 -313 1057 464 267 -678 -918 -626 -139 899 -105 200 504 1614 1753 -7 1246 -88 1068 891 -724 -803 -325 -714 140 788 601 -817 -1312 -1436 -1068 -1191 -971 -1169 -188 4 723 -550 -428 -1029 155 -362 -509 -115 294 1523 -41 -626 -1676 -613 -177 -544 -502 -29 884 2534 2029 1689 634 -1107 -796 -364 107 988 679 1031 576 790 675 1661 1837 644 -352 -960 -1258 -782 -233 -221 -72 878 154 -615 -1073 -211 -308 517 478 -341 -1913 -736 528 851 32 -438 -834 -480 -639 588 690 -318 -1475 -582 -323 419 -403 776 404 1323 713 719 573 -663 -419 -1743 -525 -1509 -869 -530 -1153 -605 -662 -987 -995 -709 -1569 -1666 -627 -514 -608 -536 -721 411 -262 327 472 625 600 404 588 881 473 963 -643 -575 -335 745 43 206 -38 398 -826 -596 -905 -268 -581 -2010 -879 252 502 -609 -2080 -1777 -923 -1142 -1193 -1598 -1677 -1522 -291 -60 -540 16 -1300 -1060 -1473 -628 -439 -677 -794 737 -736 280 -764 456 847 507 -132 -1243 -843 339 2090 1644 1965 1873 1949 -495 -5 -1507 -1503 -1286 -1740 -932 -648 476 -707 -687 -19 577 299 443 126 -416 -1613 -423 -822 -280 -692 1 -182 -144 -9 -1066 -1090 -1320 -398 1104 750 754 645 1227
-209 -1416 -1365 -1512 -2138 -933 -313 -195 553 1103 827 -128 333 -1261 -1434 -563 -524 -611 -9 -11 1160 1452 466 411 -780 -1507 -485 -1339 -364 -491 -701 -593 100 -138 -1081 -425 -1178 -574 -484 1346 -93 95 -376 161 453 689 722 884 -608 -406 209 218 -62 0 183 -1366 -2073 347 460 693 -782 -695 -190 179 322 1391 -188 261 -2023 -1630 -390 651 811 -138 -355 -418 963 60 -544 -13 256 354 -250 644 316 -423 -1734 -66 -1432 307 417 26 847 1108 251 -405 875 545 831 907 1929 445 1111 1927 2568 2397 1742 266 866 235 -561 -458 -916 -174 -677 -942 -736 -465 -701 -1092 -995 -952 -1346 -348 -1193 -1671 -545 594 -116 -433 -1115 -232 486 362 564 957 1557 1144 -103 614 421 1475 786 432 -483 1025 928 1510 26 -975 -464 -511 470 44 584 839 -331 1232 1503 2269 1584 1205 535 -1206 -174 -278 788 -209 -536 117 170 109 -494 -1298 -1655 -71 1326 1409 901 751 905 239 474 -29 -228 -154 -316 -304 -626 124 632 309 267 -402 510 -347 -1195 -690 -1016 -686 -107 -348 588 776 85 -152 -45 334 -937 -326 135 340 -516 -927 -1500 473 507 1051 491 157 -181 -362 -17 906 1376 1750 1377 838 -93 712 3 -136 818 297 635 526 1563 649 915 -384 322 394
266 -75 -727 -1770 -1189 -1112 -4 -1036 -11 -1600 533 -846 119 82 -134 -1523 -1547 -1192 -2978 -1878 -1592 -677 60 743 1197 1567 1155 550 1078 309 586 -529 530 198 -9 94 577 226 -880 -328 -176 1304 1031 -372 -33 66 702 562 1114 275 -684 -921 605 66 -305 -667 -449 -2164 -1085 -756 588 35 1409 134 -826 106 -146 586 1333 1601 1752 1681 1238 1352 76 -1052 -966 905 -20 -108 -723 -23 406 -1275 119 162 -307 -1465 503 852 1547 818 -1096 -2042 -1073 427 269 1422 74 -948 -816 -207 -296 500 166 314 -419 929 1087 140 -622 -964 255 216 570 390 -589 513 1729 1016 906 448 679 -1170 130 1199 983 630 -1283 -1251 -833 -1370 -1310 -277 807 -367 -815 -305 -738 -785 -938 983 -192 449 1079 1202 1097 598 -89 321 -1399 -23 -342 720 239 -223 356 112 -2087 -1781 -651 -45 1401 1061 977 -1145 -165 -990 1685 1870 1434 189 272 -509 272 -216 933 8 -74 -866 -1003 -645 -1343 386 568 327 -353 -984 -1804 -2003 -826 -79 -125 -910 -773 -56 -1067 -1147 -597 442 955 211 721 558 171 -260 -1208 -875 -19 282 -463 878 479 2252 509 960 -472 -12 -334 921 1023 1098 394 -437 -654 -313 -925 -595 -427 712 -313 546 1155 1176 -222 -199 19 -1057 -678 -294 133 58
1578 131 -932 -785 -761 790 644 706 250 -53 -239 -1104 -1267 -2663 -680 74 484 175 -624 -1386 -1070 -808 -958 803 788 439 1043 843 -604 -798 -1018 289 454 445 1097 487 -328 938 698 1110 51 -459 -164 65 478 257 -617 -308 -334 900 1768 541 863 1379 2368 287 1886 818 -10 -1081 267 439 820 82 1267 1485 578 242 -669 -883 -89 366 418 570 702 -26 -943 -1258 91 2985 615 -280 -1025 -392 -553 -1962 -2368 -711 481 29 1038 494 309 -673 -461 -813 -594 -640 312 804 71 -963 -919 -374 758 428 -92 -1609 -812 471 129 -575 -1164 -929 -532 22 527 62 -595 46 843 856 825 986 -353 -428 7 -13 -915 -843 -1379 369 -131 -1439 -1914 -411 270 264 207 622 -38 -648 -1030 -445 -442 -165 -108 -193 422 916 822 214 603 225 150 159 -1368 -538 1240 623 -754 115 -802 -1298 -674 317 -293 -434 -895 496 1011 1352 758 1252 1687 1187 972 581 61 -340 -1296 -1474 -483 -78 -357 1448 159 305 -1320 -107 709 635 546 4 -684 -876 -1465 314 -896 24 -85 45 -787 -481 -666 -415 -544 -505 -231 508 -885 -774 -2008 -931 -1086 234 19 416 -584 -142 100 149 -499 -706 579 669 845 693 1119 472 1446 -259 -107 -300 -90 8 -551 -426 -1027 -869 -166 353
230 -70 -358 -269 -393 -1493 -206 -647 782 -28 -14 437 481 909 -14 -157 -408 7 -1430 -280 -1737 -284 1096 1043 1732 875 785 504 391 1080 110 642 -311 -90 -287 -292 720 -191 548 -103 -29 709 424 139 713 1085 1451 751 -761 -292 -728 -397 -587 -958 186 -52 479 -416 447 -986 967 118 113 -1056 -1626 -459 432 1096 798 655 544 466 -26 782 -157 -686 -762 -74 -302 272 1118 514 -1586 -1212 732 -265 485 -1895 -63 502 622 935 209 91 108 364 572 -555 -464 375 1751 431 -277 31 222 73 -1085 -380 -369 -88 774 -570 978 232 798 388 1021 782 432 -998 -189 191 -918 -289 148 1265 976 1545 1055 455 -218 43 459 677 1171 -400 0 31 937 260 543 439 -1249 -2004 -1129 -524 -127 55 330 551 349 584 -129 -378 511 685 336 -1284 -1385 -1279 473 270 417 -242 -528 -792 228 -905 -999 -1521 -435 -69 1338 937 545 332 -229 71 26 -31 201 677 780 665 448 -228 -364 240 -474 -884 -95 495 188 648 983 1435 -176 -511 -1032 -1084 -384 734 776 1164 -124 369 -820 252 210 1757 1221 416 -575 -71 -464 377 -85 -29 -265 511 498 1533 1072 -1203 -1606 -2061 -968 -667 -388 -926 -923 -843 411 -201 1059 1146 -473 -1719 -1576 657 -12 -795
-48 -1036 160 1099 2434 619 -1397 -1623 -1481 377 -434 1146 635 311 924 723 411 979 248 419 -546 240 -955 39 -614 -312 -799 -174 -2168 -1163 -578 -517 -1248 -1079 -1157 436 571 436 308 -268 246 196 -86 599 -283 601 239 -376 -47 -324 151 660 933 612 381 516 258 -1517 -1843 -242 -14 -530 -559 -135 581 639 -2126 -854 -994 -358 -2339 -595 -1324 154 -54 703 1091 248 1275 1145 -674 -841 -619 39 -329 -699 -893 -185 372 -444 -238 1226 1257 1048 1272 -236 1938 2213 2114 988 -156 -506 72 -553 -277 -832 -1440 -1634 -1710 -1273 -3 133 1209 746 899 -794 -858 -1441 -22 -992 -398 -384 78 1037 13 -689 -816 -749 578 1028 974 32 106 95 94 -377 538 780 1206 1216 1126 -512 396 254 76 -847 -208 965 -1077 407 775 1456 1390 1346 823 621 316 -418 -331 -1168 -1464 -1637 -1770 -2272 -1275 394 95 -861 -1523 -1907 -1638 -272 -498 201 720 285 541 -687 -1466 -1843 -2401 -1385 -856 -734 -124 320 172 -118 -611 -129 262 -287 -644 -1593 -1201 -151 -46 1853 1086 316 613 206 177 -55 214 -105 255 1274 746 1343 538 761 1039 290 564 -226 -578 -815 -1254 60 -955 -317 -663 2108 1201 458 357 -590 949 -275 826 -372 -1050 -2044 -1486 -971 173 -323 -442 -193 -17 1074
959 -552 -1153 -2416 -1435 -1510 -84 579 -205 373 -752 -167 -2126 -541 -371 250 417 1159 1814 2123 1051 187 696 662 345 1095 234 954 -29 961 315 -135 -853 -1538 -1385 -2221 -532 33 769 -792 -970 1477 297 679 154 -478 116 5 -1054 -1151 -1187 -1994 -1757 -625 -115 825 640 1948 1041 669 1033 173 -504 -1381 -766 146 1162 867 -92 81 -473 -623 1200 1795 -29 -1374 -430 521 750 -997 230 -767 247 -276 938 595 2398 145 627 1043 929 741 -231 667 -193 -850 -1339 -752 -424 -252 -567 163 -422 -194 -739 -959 -1222 -272 -646 533 388 775 1439 1752 982 168 480 31 -74 142 -1519 -1033 -1395 -300 -951 -912 -1196 826 333 159 465 507 1362 -333 168 -1438 -841 524 306 32 -871 231 855 712 947 -234 -321 417 738 -372 -1553 -505 -449 1563 1913 1229 194 -185 992 -175 26 205 -964 -625 -482 507 979 58 -1152 -1734 -1382 -681 -57 1228 1534 203 -703 -1427 -27 -693 -72 -56 -87 66 -328 -270 407 7 465 751 -822 241 400 1057 883 922 1306 260 1125 1727 2716 2040 2438 904 614 -232 -126 54 -187 -11 -1048 -354 468 1366 2783 1309 1460 1020 1046 1472 1813 2036 191 -1340 -357 -65 478 170 400 -985 -109 1111 2518 1549 -392 -1993 -2955 -2204 -409 -772 -1353 -1903
-766 -411 1232 446 311 -450 -884 239 -6 188 230 80 -168 -455 741 2102 1070 -147 -960 -532 567 222 -131 308 -660 -3 -1097 -22 -454 -9 452 -292 -1023 -447 195 440 541 -9 652 96 -159 -735 -154 750 -24 -110 -400 -698 921 903 695 589 648 492 86 964 581 118 728 1119 391 -295 9 1591 712 316 -1208 -65 -1266 -1469 -754 226 379 -462 -142 -437 -731 -1314 -847 320 4 -37 228 1676 1799 225 224 242 906 -192 1379 1735 629 104 106 1904 1990 1472 499 808 1265 1051 410 -780 -629 -45 -642 -317 -61 62 -132 29 -27 -432 -530 196 -699 -35 -162 -979 -602 -100 804 1990 268 -49 498 217 85 759 393 1228 1448 22 55 -475 -1002 -643 -1796 -1449 -899 -529 -666 562 -343 -62 -4 -681 -670 181 698 -344 649 235 830 95 -1399 -1700 -440 -780 200 -1447 -318 -580 9 -496 -1015 -1472 -529 -55 -876 -500 -1000 -347 -129 572 608 -618 -1358 -750 185 593 -268 -910 -465 -1069 -75 -881 -466 -601 1142 575 -825 446 -453 1287 -149 1295 429 -131 795 1272 1251 790 1126 -408 -601 -2 -240 223 795 327 -81 135 -574 -565 -427 -597 579 214 -824 -1238 -1202 -1159 -2064 -2088 -333 -1645 -292 -750 -750 -1247 -1048 -325 -538 -1360 -1436 478 476 563 -72 -474
840 -44 -55 -1397 -479 81 1523 875 751 545 -564 -288 1158 1373 274 -5 -180 317 733 356 890 822 -55 -861 -106 248 -387 -1035 -803 543 253 -604 -803 -1611 1411 320 837 -555 298 298 703 -220 -69 -699 977 1516 697 -648 -1325 -811 -649 -519 -651 -619 -797 -194 658 846 -232 -310 -310 -1040 -804 -1222 162 97 -644 -511 -360 570 20 -604 589 127 916 492 1768 1366 1254 -295 755 894 715 628 727 797 641 -632 -19 465 965 -387 224 -205 -1118 -529 -1340 -681 -873 445 979 399 649 -600 204 -123 -353 -609 -581 456 1159 691 988 1366 374 -835 -1078 -1789 -1322 208 -1097 -507 -1402 -312 -1567 -1376 -1559 358 676 510 92 -505 95 329 -1265 -35 488 1593 1636 1300 5 -1166 7 -145 464 1419 945 1015 -65 -280 1629 1887 738 682 -28 -55 632 824 1117 1538 -186 -163 -1459 -372 290 535 383 -469 -414 -805 376 -1141 -393 1048 -177 -403 -1855 -150 -716 -790 -847 335 -608 -1598 -1579 -684 -33 454 -763 -502 -1893 -885 -689 -390 -1267 -118 -249 95 366 550 1449 -359 738 -682 -675 -156 1022 787 452 110 -142 -621 -407 -515 208 -204 -999 584 1161 1600 772 53 -780 -471 449 514 112 1768 263 186 -6 -240 -1585 -1567 -1581 -404 -230 145 909 649 -736 -1633
-721 -1261 -794 248 2243 955 899 -209 -1346 -1025 -716 -610 -680 -8 1527 -351 589 -873 560 -1191 -729 -145 -357 1597 789 1182 470 182 -839 -323 116 -221 -348 -136 781 -587 412 -795 130 -394 -68 -660 -367 16 -259 -1912 -410 -1088 289 385 825 474 84 69 -415 460 368 467 1383 354 100 -457 18 259 471 233 -941 -1461 -1656 -386 296 976 -727 740 34 142 -1271 -1073 -312 -248 -306 797 2103 1687 1329 -326 74 757 1060 490 888 1424 537 291 30 705 1500 658 -657 -1148 362 -647 922 -459 1006 772 -523 -228 336 330 1112 -325 -437 -48 -139 1279 730 240 235 -1439 384 1 -307 5 -1177 -1119 -2442 -2685 -2114 -1392 690 1049 1235 1230 174 2 -996 -71 -639 -129 -52 116 -400 -194 -333 -577 629 1049 1400 1189 250 97 668 1002 113 -769 -1058 22 334 185 1178 1616 393 1091 589 611 -48 -77 578 757 1142 29 737 1237 2182 1318 -1173 -1419 -1074 854 -172 384 -406 -382 322 -163 769 -226 -281 231 1973 443 -229 -2030 -486 3 -533 -455 -406 -601 -675 276 127 -86 -62 -1016 -456 323 357 932 806 1255 422 195 -1354 -696 -374 956 -655 179 653 -221 240 -173 -85 -814 317 -356 214 833 1321 775 1430 -98 -125 -375 -621 189 943 109 1175 330
233 -917 -1489 -1098 -36 666 859 -207 412 29 -1248 -572 -389 -299 -203 -370 -437 -642 962 1350 1579 441 13 -28 -738 828 -423 672 -841 275 -1424 -53 70 86 -71 -409 227 113 1034 -796 -994 -1562 -643 829 232 746 -234 -1050 -1714 -1914 -1804 -1388 43 609 23 -374 -767 319 -741 8 -206 -1674 -1008 -622 -445 333 921 493 399 -150 289 646 2503 1651 495 221 789 -190 336 -1116 -362 -1096 -494 -255 -360 -1054 -725 -846 776 647 1119 -353 603 519 1288 244 347 -721 654 400 643 -713 556 473 1557 1124 667 178 786 595 1942 1536 894 643 983 246 190 -167 1056 -35 -189 -13 -105 -436 -1165 -42 -562 417 -230 -788 -1792 -1561 -1903 -1147 -911 1191 1050 891 314 -295 1538 853 1445 1040 492 -259 -798 -831 -363 902 90 1149 387 1062 569 667 -912 -424 -1519 -306 -1484 -224 65 -9 -787 95 -231 1102 624 574 -9 -406 -1124 -53 202 1362 703 897 1124 963 1318 2094 -91 493 -409 93 -719 -1267 -1293 -1522 -408 337 1421 1334 1342 220 835 722 96 226 476 661 442 -113 33 1258 834 -1161 -1317 -1759 -133 -292 394 847 -845 -522 -1412 -927 -1068 -1780 -2663 -1529 -670 -1120 -767 -822 -642 1170 -513 -998 -1093 -43 583 1155 -190 521 409 1644 1016 383 245 -114
-391 -55 -352 -924 -28 -1397 -962 -567 -663 136 364 -411 206 -1394 377 -539 -67 -92 -336 -1377 -1896 -651 124 1052 228 -1046 -1255 -1218 -710 499 1335 963 189 1380 376 -926 -692 -439 1194 1021 132 -389 -311 227 426 78 -59 183 60 -587 -219 -187 -192 327 296 561 2 -204 1603 520 189 -1024 -544 -923 616 875 578 1181 1506 1093 925 -721 348 788 423 -381 -896 -421 -739 -331 -27 -519 -88 -1050 692 871 1455 1164 555 -271 423 -945 -733 -413 -339 -721 -685 -971 466 -257 107 -895 -456 -201 -252 -457 -156 -187 402 -653 -1521 -344 -28 -497 -1141 -620 489 0 917 733 123 51 502 830 -334 -563 -929 -399 736 2249 988 447 39 1071 -693 -452 -493 61 376 -958 -673 113 1721 97 421 595 751 71 -454 335 854 698 557 558 -308 -517 -304 512 -511 912 684 1693 1058 1447 1548 653 451 -51 355 -55 273 866 993 62 -648 -607 -120 551 -584 978 -689 -283 -883 -438 526 24 -1159 -1867 -660 930 1713 329 -112 135 1646 1142 519 -345 -465 -600 -273 423 288 185 -705 -589 1096 2037 1982 1736 371 368 -78 71 -1134 -78 -787 817 -527 760 995 -806 406 -422 872 227 1089 522 -536 37 320 408 1256 889 493 -565 -1150 -844 -283 -382 -763 -56
1051 998 253 -559 -991 320 1059 955 12 60 -37 -349 -336 -240 -473 -1006 -977 -433 477 717 999 -639 -474 -626 -651 107 105 -435 -267 370 -173 1168 -60 345 -493 -254 -939 -1822 -716 -753 562 706 2595 1823 55 -788 367 690 476 1609 936 571 -526 -658 -1534 -317 31 571 -241 -35 536 808 79 945 -371 -789 -1807 -304 225 256 -244 -1167 -884 -1014 -910 89 182 338 -445 -521 -657 -223 133 -13 -926 -1609 -430 618 1006 1361 -1447 145 -394 72 -203 -1020 -634 -1305 489 803 785 29 -868 -475 -617 -90 346 -743 919 303 320 -67 -652 182 259 193 548 -198 -444 875 1756 567 -512 1035 759 1809 1016 662 1309 1149 1847 298 -939 -947 434 791 -534 233 324 811 1169 688 303 2013 268 -435 -763 -837 -362 -634 -382 961 679 -648 -458 740 1356 1825 900 918 1213 425 496 283 -687 -679 1214 68 899 1249 1532 36 -267 50 -1315 -681 -1200 711 1504 1454 494 -123 -1581 -481 -805 866 578 354 -205 -800 -364 -990 -12 27 434 -347 85 245 -310 -228 -592 -504 -953 -313 673 680 -15 -1607 -832 -257 952 767 83 -882 72 518 958 -663 -238 -56 249 432 13 -1420 -1321 -394 425 -653 -237 362 707 1190 352 136 -341 -88 435 -1034 -263 -1299 -355 -737
-279 -553 -654 572 457 -77 -7 268 222 53 -1210 -1680 -1730 -1129 -412 196 -788 -106 -329 230 1198 1403 1249 230 221 -552 -453 -191 49 -49 -970 -204 172 1334 1691 1999 1728 144 -695 -1140 -180 326 -244 202 910 1323 -113 -78 527 104 254 832 684 2070 702 704 -593 -791 -78 -399 -574 -272 -220 -1231 -852 31 -858 -696 -1037 -419 -785 -881 -959 -690 -568 -1273 -1393 -1441 -672 -1315 -1326 -2030 -896 -884 -296 521 810 540 -737 -934 -967 -1392 -1615 -606 -1589 -1323 -592 625 1295 -400 -1102 -1267 -1215 -1213 -248 -1262 -655 -538 -278 23 899 412 391 718 -506 -924 -1151 423 322 -617 -1329 -755 -1483 -503 -1311 -913 -36 179 -432 -1036 -1270 -153 847 433 -905 240 1561 727 549 537 649 -102 -667 -464 -159 322 -392 -665 -467 78 -535 -756 306 658 115 -650 -965 -553 -328 105 389 596 -985 -557 57 437 178 -545 330 -798 337 -418 -305 -1837 -497 -432 -986 -531 -1306 32 -474 -565 -785 -1815 -1568 -1268 -343 -273 272 -23 -410 109 340 614 1133 313 986 192 1609 506 795 -212 765 -122 494 -382 472 895 -424 -220 -15 197 394 201 -54 180 -320 -160 -1041 -1259 -608 -1057 -379 430 -324 -53 -991 -566 -1088 -454 402 -959 386 -54 404 1146 805 1243 1667 879 2571 1277
1647 819 -287 -1337 -1314 349 -56 141 -416 32 85 -61 -339 434 -881 -770 -670 -1089 -742 -720 98 -53 54 -193 -495 -1188 -289 -841 -260 468 -1559 -393 -1068 -73 -1719 -1557 -1983 -174 -133 15 -844 -74 319 -749 -926 17 1427 675 -4 752 84 -516 -503 -742 307 1328 1525 1008 -1604 -910 -214 -48 210 -575 -447 -1366 -318 -643 -587 -242 -413 722 -345 -66 -767 -425 599 311 -94 -228 859 629 1387 290 847 -812 -1388 -956 -1601 -146 -1573 349 634 347 561 -980 -725 -597 597 554 574 237 882 336 -850 -179 521 823 771 1335 41 477 -524 0 1426 1063 -1039 -1596 -756 625 821 245 -441 464 -390 755 -156 -623 -383 -707 -912 443 436 3119 1414 1400 -757 1147 784 -909 249 3 35 916 815 -82 52 -1196 -1083 -730 -473 -540 -601 -1114 284 770 1510 768 1309 -234 -898 -1809 -496 -780 -1024 -1920 -599 -203 1316 754 1257 -665 -1676 -1048 -1008 -141 90 866 496 828 386 547 551 1767 1170 999 685 287 634 -908 -684 -1966 -1392 418 -586 -229 -708 507 -1170 -158 -903 55 921 780 -603 -580 -895 -563 -399 1826 676 1758 184 -532 382 -648 -497 -788 -538 -127 -287 -493 -832 -713 -108 1260 714 -351 420 -19 -230 -720 418 -20 551 -87 -507 -1048 -1300 -499 -414 778
-1252 247 638 1396 412 -1416 -1685 -1523 -126 -909 -560 -658 -959 -869 -298 843 923 816 -339 -311 105 869 504 909 -97 -1658 -2537 -1409 44 -273 357 361 241 -254 -877 1231 202 -157 -67 59 -362 49 -1595 -554 -622 -1039 -938 -473 -1523 -643 -1731 -495 -775 174 158 74 40 301 -202 -590 -1763 -615 -489 -1221 -482 -901 393 246 1101 230 -965 -1453 -465 814 872 673 27 -132 -99 140 -780 -153 240 440 -342 -180 724 -817 -1019 -586 -820 55 -809 432 -119 167 -99 -202 -704 -335 -1593 -957 -384 -826 -88 -657 -1753 699 111 370 -188 1524 300 79 -891 -335 482 192 132 100 -39 847 212 713 -436 -1121 703 1705 1267 1491 706 85 -535 -1008 -294 1425 438 -64 1885 2344 744 -1309 -1048 -280 59 -756 -466 69 1 -671 -941 -722 -47 1083 -94 -29 -1170 -1988 -2248 -951 59 -73 -180 637 973 1392 92 -962 -250 -295 -844 -989 790 1424 773 -175 -295 -136 94 539 557 830 -125 -796 -1265 -775 -959 -614 -166 462 -1575 -979 -246 1372 1119 -1036 -1965 -1865 -482 -1174 -768 264 669 87 538 25 -309 -531 -210 -750 560 15 296 275 397 491 492 377 -60 -750 -922 -246 -929 -1890 -1711 -2406 -806 -966 -39 488 2263 24 434 -232 966 915 -66 -596 420 -61 263 -552
-59 1241 1651 1623 1128 818 -96 -26 -1228 -466 -786 -2085 -785 -580 121 136 651 -93 -899 -795 -2062 -1352 -1346 -778 -692 464 475 840 -173 942 583 188 341 -351 -882 -1007 -313 1124 -72 301 -757 592 -8 -440 -360 -205 -432 -37 -320 -1000 -960 -730 774 -371 33 197 473 378 -377 -263 56 -102 336 1176 1082 -333 -571 -51 192 474 -2 -43 -1706 -2002 -1393 -1197 -368 -1218 -1717 -1292 -629 -998 -1551 634 1160 938 -367 236 197 651 -599 -964 -478 -156 -699 -399 -1088 -493 -692 67 80 1639 664 -295 -1115 -1039 48 -1033 -866 -369 -512 -694 1449 1018 229 -492 -276 884 1002 880 -15 688 -734 -424 380 1354 877 102 327 456 -220 -132 -83 947 -949 821 385 836 -13 -139 -679 -97 -269 136 1152 1211 410 45 24 321 355 65 147 321 1370 898 1038 119 -115 -918 -824 -148 493 1125 524 762 -92 579 -651 -38 -368 203 700 200 1142 961 289 -514 -918 -640 -297 617 -132 441 96 351 -130 288 759 0 176 -482 -1341 389 511 1132 816 878 -613 -275 236 -534 -651 -1902 -2047 -1267 46 -392 -709 999 -465 -472 -1434 -645 -523 -147 -463 -102 277 1215 -617 261 -58 -348 -1560 -1459 -251 -98 -179 -573 -297 31 304 -1426 -464 590 162 -511 -545 -523 100 156
495 1070 2022 1888 1171 58 553 111 -86 -1237 -705 1107 728 610 1234 1444 1038 -418 -1202 -855 169 820 499 -387 -1199 -1044 -1518 52 -873 506 331 377 -1096 -245 -674 669 1009 45 657 869 1200 265 1127 916 686 14 -201 317 -1292 138 -187 239 -630 -379 -482 295 -139 394 -830 309 -326 -148 -362 625 1235 489 230 39 1011 620 -713 162 268 514 455 663 -247 -1172 -669 -1148 -1170 -970 -348 -650 -21 404 700 -254 -158 991 19 522 679 1336 935 -389 -578 -155 286 -171 567 -504 -170 -786 -1167 144 282 840 1051 1455 467 606 -373 25 -20 -282 -1178 137 1288 1565 1046 326 597 -43 -660 257 1875 1964 -153 456 282 345 -1028 -103 -852 -172 -359 306 776 -109 972 -396 -189 -694 -711 727 -162 658 -506 -685 -432 290 776 818 -264 -610 -688 -362 797 1550 957 599 -84 601 956 567 -317 -1064 -389 371 550 500 652 768 1944 -681 860 293 833 1320 558 183 -26 199 -1222 -58 -768 -683 -811 -1062 -714 -268 1206 -430 -342 -398 1999 1231 164 -297 408 414 -366 -921 -214 -470 -304 -1236 -995 -414 -113 375 146 242 608 507 1241 289 -1370 -139 555 676 972 427 712 -234 -1153 -24 1090 2015 1643 286 -259 940 1492 -57 857 -632 16 -648 -834 -418
-391 -51 -387 117 1140 1863 32 -1391 -2134 -935 -431 -965 -363 -13 641 -523 327 -123 54 -475 -210 -544 -230 -201 664 1275 1205 1344 51 1319 1279 1266 -513 680 997 -196 -77 82 -308 -37 1178 1172 -310 -1375 -1156 -395 -608 -1095 -1009 -765 -278 701 1432 523 -29 515 -445 -206 -1012 -266 -171 565 -134 -1089 -2063 -2388 -2291 -2204 -1169 615 516 184 -1421 -408 -1333 -453 215 1165 1257 1806 -110 -641 -1350 -1010 -489 -1066 -1011 -1178 -1110 -633 -453 -1238 -1656 -1288 -1448 -182 -812 -1214 -1395 -1182 352 390 1386 -767 -768 -1749 405 1483 2538 1507 876 316 -124 178 -29 -342 -242 -370 -22 -323 -219 -6 -44 -302 671 350 205 1013 1070 519 -1239 -156 -562 852 467 1434 769 -636 -236 522 568 467 701 617 -2 -6 -855 -938 -1248 -205 685 1209 2111 429 578 90 536 -979 -357 -798 342 242 8 1245 -47 827 169 622 -213 133 -338 831 937 128 280 1023 596 -386 551 -641 -357 67 433 1112 386 284 525 1205 765 421 1538 200 531 -569 -466 -673 -315 573 345 444 450 352 -1010 -809 -970 350 620 1147 -294 -444 94 -92 137 -574 466 -3 -283 -258 -1367 -158 -322 1248 60 -732 -1274 -554 27 268 -720 -1713 -314 688 -442 -169 -853 1360 1526 1950 970 -52 -165 -471
-207 440 1016 1587 880 889 232 439 -845 -495 671 1556 1198 -61 -1125 -778 -139 -314 -821 111 -232 -340 -819 -1741 -925 79 404 -344 277 -1043 -1239 -115 481 -139 -144 181 524 -535 993 111 1365 794 761 948 436 1071 1197 421 -1034 -72 497 98 -571 -488 576 491 -582 433 161 1519 227 834 463 -328 -316 -1032 -576 -149 -501 -173 598 -443 -259 -214 -187 927 -531 -435 -381 10 1435 1534 1023 998 853 566 217 -1355 -585 -257 -637 330 1533 201 -358 -787 -114 1624 586 -363 -1208 -1106 -496 -1114 -221 -1119 -486 -344 662 1884 1063 887 -416 966 -325 1177 532 537 747 729 -367 -769 -1143 358 -599 -15 -268 240 -201 859 646 217 30 920 -356 -321 -653 772 944 310 1175 -21 -816 -1082 -599 -1123 -1373 -929 261 -286 -272 -1040 -298 448 709 144 180 424 489 776 684 382 418 -51 -376 -1168 -1329 516 1036 1541 619 257 44 978 911 209 -366 -1208 -2177 -1604 -2028 -1230 -1008 -1175 -749 -21 -314 -648 -1079 -1321 -107 1279 819 -216 366 180 1133 208 334 -311 -378 -43 -353 397 183 417 -830 1276 1113 1545 683 433 667 -425 454 -247 0 -206 538 110 -758 -1181 -602 -111 -1398 -1024 -1728 -430 1209 2046 50 406 2014 2316 2725 1681 1294 671 -68 189 1042 1218
180 464 59 417 -1336 -1716 -833 -532 819 1279 119 42 -422 -25 143 88 -656 -149 -289 1243 648 970 -399 907 405 34 -2 356 555 1768 750 -440 465 855 151 -752 -720 -1059 -1906 -1213 -263 -263 -815 -215 -498 -719 -926 -997 -180 -514 -730 -180 -418 -342 -476 350 407 90 515 1379 1578 1108 906 771 -554 -1475 -1685 -1379 -248 535 502 848 -644 237 692 1265 1253 480 288 -104 88 -10 95 -642 232 -924 -493 154 43 -274 348 -1077 -152 -962 392 -1508 -1307 -2890 -1121 -365 152 -178 -176 -417 -120 -24 1435 527 1346 598 49 -44 -357 -1159 -305 -367 810 542 1128 -51 123 798 -189 512 -85 739 -114 647 1380 588 -867 -785 0 -79 1278 124 -390 -1542 -319 178 935 1276 972 1697 470 670 -254 -1133 -641 -663 365 -341 60 -1063 -416 410 -534 -563 -1010 -879 -1396 -630 -969 75 -540 654 -262 694 -954 -804 -1841 -44 97 339 -205 503 -283 561 -1157 -1102 -1634 -97 296 68 -1135 31 562 -303 -273 -286 39 -117 -267 -135 -1424 -1366 -1018 173 136 1568 1292 234 247 357 -518 -279 918 36 96 -1175 -201 -840 412 -498 1651 392 -468 -824 -767 -768 593 -536 90 -569 -371 332 957 -124 -1434 -657 152 1142 433 1868 357 -217 -601 -164 -446 -237 206 424
147 -428 455 1061 1955 299 -1539 -1008 -610 -47 1070 1569 837 610 743 999 1793 216 473 -525 414 -462 787 -90 251 -557 -590 -14 -257 -1254 -1375 -184 861 -153 -466 -420 -525 -1927 -1204 -1013 294 1521 -34 329 69 928 27 -404 387 678 1609 617 1059 392 -1452 -1522 -2362 221 -285 461 269 961 -77 -337 873 1195 587 -512 -763 -903 633 425 960 301 -1016 -1133 -1463 -1755 -1347 -841 136 651 646 617 587 395 765 499 1580 729 308 -645 10 -1346 407 210 651 817 -141 -75 -561 628 94 -44 237 -493 412 -991 386 544 1219 -223 1086 1929 863 -293 -1305 -1658 -915 -466 -392 408 510 512 311 493 769 1367 173 -785 -377 -248 214 204 -851 -667 -486 -196 336 -407 -449 -483 -675 -1169 -899 -139 -384 -584 -1254 -1284 -420 -457 341 29 -455 278 634 600 882 1747 2405 766 1300 -333 536 179 -259 -467 -714 651 143 253 -760 -75 -389 -871 -472 525 247 247 472 934 -48 -1070 940 102 703 839 282 -530 554 29 359 453 667 193 -54 -307 706 -789 -619 -905 -2096 -425 469 1451 217 578 -508 -749 -1338 -1887 -1547 -818 -529 -449 839 1178 1054 42 -1020 -265 211 1069 948 -84 -164 1039 1073 977 1034 174 1 -266 504 63 -724 740 1821 832 1139 293
1623 1172 73 -353 -1457 -850 -46 -147 706 215 -206 -358 365 -327 -310 -190 -693 -694 -724 579 183 -827 -508 -593 -40 141 222 404 -859 -330 -259 333 397 1517 871 509 733 1044 678 1013 629 -176 -307 366 -285 105 341 289 191 779 889 461 -482 71 958 714 314 62 990 -620 -901 -628 -495 197 -1351 -533 361 1100 1898 229 860 223 -857 -123 1074 1389 1131 -421 855 -257 43 -97 556 -498 265 -221 863 1019 868 1201 1148 403 910 485 1170 1337 408 -12 926 1699 761 501 194 67 505 177 613 580 -433 -1924 -1026 -460 -181 -864 -330 311 522 337 -508 274 -1162 -388 -1035 16 8 393 58 -1332 -732 -599 59 262 1230 1419 909 1792 1171 -63 -272 -630 215 464 -39 752 787 -338 -846 -833 43 719 -303 -1092 -533 -1525 275 -303 -578 561 -690 -628 -1260 43 -111 432 -68 -45 1184 -46 -781 -829 -1401 -354 -573 -399 -351 231 -1596 7 182 1569 1018 284 1072 385 -666 -531 -163 -852 114 276 -449 1169 1075 262 503 222 307 852 510 1079 433 -838 -256 -149 -802 -275 1093 1068 395 -885 121 -434 -104 103 969 801 682 -88 647 592 1179 -534 -957 -318 166 -177 -1696 -1165 -450 1655 1529 1097 622 1364 166 -179 359 419 327 1160 -271 -390
3 -509 39 577 412 -654 -388 1146 1268 633 246 -266 -582 -782 746 1001 1429 188 -127 -2024 -663 -159 359 -136 50 -1192 80 650 -83 -92 -189 100 -582 -319 -359 -224 -700 -2196 -623 -476 174 240 383 72 -727 -429 -36 1064 2002 1382 1136 1614 1420 1323 -674 -549 -1322 -491 126 1540 291 77 -661 -646 -364 127 -175 -661 -1379 -609 -197 707 581 -838 -1006 -1181 234 761 103 126 635 131 800 1178 1006 450 508 -1121 -1093 453 203 261 -553 -235 1308 127 194 55 475 -419 -575 -240 1292 1459 823 -1430 -965 -331 438 828 1303 1708 2390 1472 -660 -1414 182 -803 -53 -290 324 719 767 6 225 303 219 0 -522 -196 1196 1479 -334 -1 300 234 408 -1156 -1020 -1219 -223 554 947 1229 263 793 876 892 585 335 145 995 881 671 -35 249 135 -639 16 1294 1211 978 553 598 577 1274 52 -575 -254 -379 1247 1454 1366 1634 441 544 886 1035 889 1489 871 1084 110 -235 900 -340 -643 -377 443 -167 -118 -833 -1108 -443 -542 -1327 171 -367 -151 -1191 -1722 -556 -1077 594 1093 1488 -103 204 1952 581 -112 -822 282 -321 -42 -880 172 148 51 738 839 756 -979 894 434 995 -136 700 129 388 -889 -249 259 793 265 424 119 -54 524 43 617 1012
66 723 -109 -350 598 223 -541 -242 374 1264 73 -88 131 475 -161 629 970 1602 15 -458 -1549 -990 603 620 201 -22 -2232 -2062 -1311 -228 -48 225 167 83 1040 1022 231 -204 -306 -814 -327 366 -53 1490 508 -113 -486 -718 -458 270 878 -125 613 227 131 -1194 258 -654 -683 -211 -133 35 -1743 -482 -1068 -412 523 394 580 1914 1079 436 -1078 103 403 160 -914 -1122 -48 -648 -530 -179 -606 131 753 1043 623 939 -131 -1192 -960 409 -207 -842 -708 303 164 -607 -531 728 -383 -1407 -433 -831 689 829 139 298 -253 -518 -97 1714 854 765 200 900 -967 -431 -997 419 -162 902 1325 700 -515 -1809 -1161 -204 1442 1332 1637 1353 1223 2151 1309 154 596 -775 206 -534 -332 466 91 1168 -44 -274 -991 -199 -1134 182 -376 -807 -369 1186 1982 621 237 1300 744 -331 -806 77 126 -54 650 402 1533 1349 1346 -374 -1645 -2101 -1697 198 -376 64 -628 311 1247 1428 1731 452 445 950 1051 635 543 -888 -1782 -688 -246 966 625 -197 88 -1517 -1933 -1584 480 452 -388 -545 53 849 675 24 965 473 1469 1247 1421 -99 10 147 884 1107 1410 349 255 -1896 -644 -683 -186 -1176 -1541 -414 105 -110 848 1070 -69 -652 -1258 -319 -416 -712 632 927 -326 -473 -679 -121
-1143 415 1519 1289 -507 1144 1635 701 -1283 -693 187 552 -540 -190 1242 1425 647 778 2149 1485 1680 -51 -435 -826 -1100 -1245 -745 -506 -45 805 462 -519 -354 -545 -882 -713 243 -150 402 628 1063 166 227 -259 593 1570 406 162 179 -105 58 159 681 -393 508 1367 347 1361 -147 -36 -704 509 -425 457 78 -284 -1670 -1523 -152 -72 506 1111 -117 -300 -816 -85 -909 177 -790 303 -1050 591 -229 1186 -491 -1049 -2459 -2574 -1920 -426 -745 -854 389 1255 2153 1469 1737 1448 616 201 -270 34 1239 816 752 -179 541 -451 -86 -497 1332 112 794 621 -59 213 144 632 -341 2065 958 -374 -541 -118 926 1086 1089 25 1484 1231 -80 -72 344 1098 960 -55 -1208 -1355 -1382 -1013 -50 224 -655 -547 -992 287 891 909 507 -359 -1320 77 476 30 1006 81 -62 -431 510 1375 817 5 -1027 -878 -1154 325 318 -79 27 307 880 1527 1137 1508 1993 812 974 417 421 -254 -638 654 1380 291 -728 97 1231 1077 1351 -8 -222 -535 -1045 -602 -380 -69 -23 -724 -2327 -1232 233 609 -435 1057 182 879 1578 -446 1109 -863 -483 -764 -346 195 793 761 394 135 773 2949 374 609 -124 1262 -148 -494 331 1627 525 -228 -1210 -713 -461 333 370 610 -2 886 1396 755 905 1018
1819 1535 331 198 547 -1067 806 1878 677 -197 -1208 820 1082 1066 262 623 1371 698 250 23 1085 999 1155 1362 371 -853 -850 1524 985 1676 1889 1001 732 384 1503 1888 1231 232 -1113 -1036 -950 332 101 618 65 267 1084 -180 -361 -368 932 239 1225 -239 -316 -975 -14 -438 -729 857 -160 305 648 155 -166 -239 498 -585 -755 -1033 -369 -1119 -469 -204 -570 -464 161 381 888 747 932 227 739 -396 298 -100 281 -716 -1327 -1419 -995 -109 -730 -146 -48 735 -1049 190 -59 1268 2305 1529 480 -530 -244 -1595 -1889 -2092 -1010 -191 643 691 -142 -429 734 -506 -970 -165 -934 -479 -729 685 1249 394 78 -123 538 -380 -68 -1094 -553 225 -553 846 -1310 -2085 -1181 508 669 117 -87 -416 -107 -899 -487 -517 -1199 -431 -716 859 97 -137 881 464 581 -590 241 303 377 -161 -938 -1995 -1641 -691 -706 -373 174 808 995 -19 -219 -1352 -795 236 155 -9 25 -510 820 -212 299 -427 -541 -97 -261 -812 366 344 942 64 651 -15 1061 -721 -1567 -2613 -1761 -1276 -457 -580 868 1008 1095 371 369 490 -46 526 746 -1243 -441 -425 -230 -45 -299 -651 547 -103 562 227 328 1091 -614 1537 984 701 -549 446 279 693 -1366 -1567 -1129 234 382 1474 1205 969 141 832 1419 784
-1625 91 873 707 505 1505 512 -341 792 -731 -263 -1934 184 1529 2483 1382 1834 1124 1755 468 -78 242 241 909 -446 -332 -1668 -217 638 597 -556 1207 1719 947 -1098 -367 267 1717 910 -207 -588 -867 314 -20 991 -115 -1279 -527 470 1553 1778 1877 1165 542 554 1066 -175 -362 -1257 -2382 -1074 -536 167 1786 1388 670 862 940 927 244 560 690 1 436 904 1256 348 890 -194 -326 -495 1096 1554 400 -1443 -3175 -2187 -1384 -346 251 238 -395 -948 -573 -127 -414 270 -1308 -962 -757 623 1592 2478 740 -456 450 319 -633 -1040 -474 -224 84 159 413 436 715 1323 1172 794 -442 -690 -1472 -496 -450 1225 956 1410 -85 256 457 417 1149 1755 1349 -517 4 -1046 -20 -1175 144 326 942 434 -987 342 -1529 -888 -1382 -1102 627 733 -35 758 -23 -32 -1339 -1702 -772 -1031 -21 125 459 331 292 897 905 -200 -830 -976 -417 -510 -558 187 -240 180 -449 414 -74 -486 -981 -322 1523 1795 346 -552 -1058 746 -413 1184 249 1481 -265 136 -238 -302 -1657 -1730 -1922 -453 -603 655 -333 117 638 139 -764 1306 191 -1 814 -177 1001 1075 1645 -263 -259 -901 -734 -882 -156 461 1103 -197 -451 -231 817 -409 -583 -489 -170 -123 -399 -689 -383 23 545 694 -87 -1365 -773 -513 -42
-50 614 -573 -877 -605 -174 175 -309 -1575 -273 187 893 855 -607 621 -30 730 75 38 752 -496 -400 -887 457 520 524 917 953 234 614 1029 -1406 -1245 -11 2227 1889 -382 -705 -902 88 -644 -434 -221 445 -224 -282 345 191 848 -336 94 181 146 -115 275 1146 625 1515 832 1240 399 -73 522 -1002 -1505 -643 -606 117 310 -1734 -477 -196 666 19 266 448 661 204 809 335 320 -686 134 -1720 -505 -1869 -1076 -1081 725 914 884 -273 -126 -25 440 -530 -653 165 1271 252 6 -989 -1142 -1856 -1069 -1672 -326 -214 -685 -521 -781 -999 -391 648 1013 -282 -738 65 -101 514 -165 94 93 240 -101 -440 1065 -93 332 -1272 -2146 -1813 -1171 190 442 44 1018 868 1263 -8 -832 -1102 -352 43 125 -512 1355 1531 784 -424 -256 561 1851 -649 664 -702 -605 -737 -501 -867 -739 -770 14 1079 -370 193 -208 1185 1284 1609 -162 -1286 -1074 304 -802 -518 -1383 902 885 192 771 643 -448 -28 -224 -632 -354 -498 585 -132 1446 574 818 -1430 -502 -775 185 1073 1602 1422 215 186 -1155 -152 331 -195 -1027 -494 579 -705 15 -118 -1181 1090 979 983 197 1096 635 172 200 904 1737 2404 -1220 -611 -474 985 -904 -605 -387 815 286 675 1020 399 663 548 -68 -532 -197 -116
-336 788 859 923 -954 -520 -740 155 623 -537 -777 -460 -210 181 -983 -773 784 652 -451 -117 -755 -604 143 1001 -450 -1449 -1385 -776 -645 -662 -127 1787 35 -2125 -2356 -1626 -295 -886 -2061 -1297 -73 238 2145 973 1231 353 -468 580 783 1641 228 -261 -344 -398 -1336 -673 -440 352 -14 316 326 1826 906 -280 218 208 843 594 178 632 1756 -667 -341 -687 -438 329 1333 1147 -133 -1211 -386 -144 -186 -445 -1045 -259 184 812 297 -128 665 -175 -680 80 -163 286 675 323 912 995 1217 72 1665 591 523 -437 -1110 -334 828 1384 117 190 -292 -261 858 -20 -453 -1732 -1188 -538 -365 -974 -1205 -1530 -132 -253 150 -1250 45 518 1117 1370 896 861 -13 912 27 -879 -1083 -333 475 -1049 -1370 -1724 -1118 -511 -172 14 715 181 261 -964 602 493 923 -792 -998 -433 1063 1039 1210 318 -165 -128 1279 1883 -162 629 134 754 -111 -157 -962 169 107 2013 457 -180 12 1222 468 1038 339 49 -633 176 -276 47 921 -425 -221 -1007 439 -512 -194 -1787 -1340 -2363 -291 -154 177 18 174 -379 -933 217 1472 612 499 1352 970 1042 344 -641 -905 1026 1297 291 -322 -266 800 127 -1131 -496 245 -451 -462 325 1929 3 499 -1161 72 -256 18 248 31 -224 -1877 -170 -573 -74
-1042 -2344 -2072 -1650 435 904 143 -50 317 9 24 -479 -375 -64 -616 -184 -1104 130 478 -178 -1251 -861 44 -23 426 -546 289 186 1204 617 -114 -1014 -801 -236 -640 277 -332 501 31 -480 -605 -513 -877 -113 637 258 773 -272 -522 -602 318 192 23 65 104 -1588 -104 216 116 -13 -442 400 1135 533 -284 35 873 376 -1396 -1614 -1988 -161 -709 262 378 -223 -1275 -636 47 -354 -220 814 -245 384 467 212 758 387 2041 330 -416 -2300 -494 -1100 -378 386 401 1855 316 -55 -1226 -1803 -1843 -680 -577 -365 -418 -1827 -782 526 1997 -729 -790 -218 -405 952 2184 1877 423 776 1208 152 0 -68 198 -1289 -301 -2 -87 416 -243 923 946 478 -393 -322 623 530 -81 -771 -473 721 633 -260 -1115 -530 1104 995 167 615 1274 1884 2546 500 227 -846 -1049 -582 -710 -607 -902 -580 -81 973 -660 326 375 1569 1623 186 -440 -559 18 736 -993 952 399 473 -766 -1566 759 659 1607 1253 140 -1318 -599 19 -184 240 -209 -1200 -425 -502 -749 -356 1468 766 32 -45 -612 -768 -1330 -993 64 -778 -137 -623 -61 -921 -1412 185 -525 518 230 -1153 566 990 1889 -317 -680 -1866 141 -239 -495 216 48 -1158 -466 -919 -408 -486 -1133 192 1000 -1455 -1989 -1971 -1539 -1567 -1735 -1096
-275 -273 194 -154 -764 -17 1117 575 590 -33 -212 233 -44 -901 -580 846 546 357 -1077 169 1043 774 1240 635 336 -273 -477 -172 86 468 -333 -488 45 768 1304 285 -887 -65 -510 858 502 753 731 243 74 1392 541 -695 -837 -649 142 33 -409 -1207 -751 -982 561 -120 451 -579 -1201 -423 -395 -540 -248 45 -851 299 -329 -211 365 -674 -957 -522 -365 318 118 -1029 -213 -613 72 -547 312 136 -253 702 413 85 326 521 1035 -261 -231 -704 477 -771 575 565 868 370 468 233 479 176 -436 632 618 1465 1799 -417 142 -814 -86 -1283 495 -25 475 75 1159 -175 466 185 1010 180 217 -16 185 12 922 1009 1140 -106 -366 217 1076 1195 621 389 325 641 31 -395 498 192 507 496 867 -251 -375 -597 -188 -359 -505 -564 -334 -780 -1822 -761 -1791 -533 -1466 -894 -401 -1 1094 -248 -1423 315 127 493 -210 -347 -388 -297 420 213 94 965 764 718 -420 135 -249 927 506 1296 554 612 -19 -482 -286 429 -914 -1408 -1523 -1458 -560 -108 -40 -249 -550 1085 181 385 -279 94 660 1472 1547 1098 503 463 322 305 143 384 1015 -433 1017 383 1190 335 -241 601 671 12 492 -18 -219 -630 -440 -996 -318 -1189 -904 231 34 299 -157 -36 214 963
1142 608 1089 736 864 -586 -233 -463 -245 -1332 -129 -63 506 47 -934 -1038 -1142 -1259 -1184 -2045 -2290 -1386 13 785 831 236 261 803 225 508 1207 -249 -393 -2163 -462 -316 344 85 -390 -190 -271 460 608 598 968 765 742 1546 1939 877 585 15 72 -566 -735 -1651 113 374 663 873 1208 1080 306 -779 -930 -1592 -503 -882 7 1739 794 1378 -616 -265 -1064 -154 -589 -411 -1022 -988 1344 1089 1078 619 1137 -92 1626 950 177 -4 -83 -194 -466 359 539 471 -835 -1629 -1330 127 493 -2 -1524 -876 -726 -931 1201 1335 1951 1210 637 -1096 -613 -946 -3 -137 1615 494 1406 763 1134 -192 1492 985 689 375 -143 275 767 1226 455 584 -343 -644 -198 -125 -542 -1519 -815 -634 502 -374 -171 -824 461 -21 819 -855 -590 302 1012 222 264 -109 -1030 509 -383 23 -477 -359 -600 826 600 828 -869 -1354 39 -187 467 -554 23 227 320 -231 -556 615 -171 -309 -119 313 105 -118 -427 -951 -1505 -765 59 835 833 1152 53 -172 467 496 1326 539 113 -1376 -1669 -901 -168 -826 43 -547 -565 -258 -337 -478 -593 162 260 -319 -806 -829 1367 610 735 -635 -507 -1136 -534 -714 874 509 581 80 488 85 831 -6 -907 -839 -586 -527 1378 -41 478 -849 -737 -681 -45 1
906 1388 2 952 -767 584 -1282 31 -243 1757 206 871 431 947 557 101 -1087 -1298 -1016 767 354 961 -644 -218 -388 -545 -995 -588 1215 541 1427 828 1673 -123 -1216 -1949 -347 -2 888 679 79 -896 -365 -607 -1456 -1742 -978 -946 -743 -885 -873 -404 5 -1115 -739 -641 362 214 -539 -789 -1853 -790 747 318 101 297 -741 -500 530 306 1062 -279 218 13 -733 -925 -1281 163 579 381 -418 527 851 663 -561 517 -872 -92 1 -562 -914 -138 317 -99 707 1409 1563 1318 1436 540 -221 -1167 -1384 -1585 -410 539 1291 -124 1100 -20 -448 55 632 -356 -1390 -1008 154 809 -128 -556 -635 -666 -91 901 399 -475 82 44 -389 819 -637 -790 -1348 -1103 131 1433 322 1514 868 811 426 114 519 260 969 319 -185 -152 -1654 -1829 -1362 -1188 -443 -1350 640 -230 1015 229 -285 -521 234 251 -367 -605 1140 1328 637 1008 528 663 220 -35 77 -10 -197 -99 325 164 -1388 -1253 -408 283 674 386 629 -505 -104 -754 -1388 -467 -241 -263 272 251 389 395 -212 -153 -765 -74 -138 209 -565 -732 -352 -737 105 -640 -687 -907 -722 230 689 235 30 -437 582 917 1226 1066 1060 -11 -752 145 427 140 -450 -103 -775 -95 213 272 164 -280 -702 -1143 -949 -1214 -1459 -2544 -1910 -1371
-896 -68 -382 -792 -305 615 1482 145 -99 -963 393 998 -17 715 -982 237 427 3 -189 -489 128 706 944 -272 414 782 1331 -248 -527 -1694 -434 -343 -637 281 1252 1190 422 276 -318 468 1148 744 -610 465 955 799 -582 -94 -355 -757 -933 -255 -392 -14 275 389 1649 1420 26 254 1328 912 -313 -458 723 277 1559 765 130 1119 -193 -1124 -615 577 602 1272 -458 398 49 -505 1604 1418 448 523 -750 -1720 -682 -976 -1473 -545 -351 614 1380 1023 -501 -1005 -871 208 355 478 1360 414 -197 -953 -67 -807 -460 188 -905 607 1662 400 585 -599 -314 -1003 485 1088 2203 1311 738 891 484 641 749 420 -104 790 1910 1598 12 -140 -1283 -485 -36 -928 356 -1444 339 785 1543 1582 1554 30 491 1223 82 -808 -408 1263 711 -65 -761 -36 504 -841 142 -1724 -557 -2390 -906 -977 250 -94 -72 -464 947 -187 -499 -327 1229 1405 1246 -638 -1393 -999 -595 329 79 -1032 -555 344 -318 825 -149 1343 -64 -77 -233 -361 -81 304 867 353 395 405 -61 652 -214 -701 -586 -372 -452 -68 -1150 567 719 -1296 -2048 -2231 -2408 -2665 -1208 104 684 -304 -589 -1662 -267 -526 -167 588 672 409 -567 -602 317 208 347 1546 376 624 198 -124 471 990 -503 -873 -985 129 396 -265
150 -440 -1619 -1157 -898 -1346 113 12 769 569 107 -597 -326 -1461 -142 -1199 -1278 -532 -30 626 342 648 758 1572 944 900 1080 884 935 582 -307 -338 455 235 -1006 -444 -206 -102 207 245 857 670 333 -1104 -1129 -1062 205 -710 -506 -602 1174 104 -1586 -1544 -772 406 1108 810 -460 -1576 -1246 -677 725 -1236 -495 -729 -602 1133 1004 31 -225 662 1112 -32 410 -338 475 961 472 509 -731 -218 -341 -905 -338 -197 -90 -809 331 -597 -637 -175 -393 -1039 -757 -1391 -363 -1713 333 78 174 -347 249 -515 1411 2444 1943 1164 1787 1113 421 998 777 -567 -620 -971 -1135 -575 -724 299 225 -113 235 44 55 -651 -1979 -1161 -1514 534 -239 -103 -819 155 770 911 759 1229 1959 2306 371 -290 363 1437 -43 -856 496 8 103 -621 225 573 1112 -670 1053 10 712 -467 586 1274 886 1351 -345 -241 927 459 -620 -865 -382 -897 -1091 356 1111 1006 990 455 563 242 500 1031 1175 548 351 -187 -386 8 -920 185 356 -62 -281 -201 710 -135 608 -897 -332 -1152 -1262 -1438 -1491 -923 -902 -396 105 -642 -1081 -956 -894 -1518 -1637 -1034 -1164 -1406 -2311 -2633 -2053 -164 110 69 1585 -367 893 212 595 -852 -1416 -375 233 176 239 83 -131 501 -241 747 1597 1609 1156 375 475 375
-1346 -77 484 -1097 -300 -431 -58 -1414 793 1029 1254 1148 660 82 -2540 -2792 -1995 278 546 1261 442 -234 -801 -1044 -245 361 -132 -327 -157 -242 931 2003 1509 187 455 -584 -673 -649 -1083 415 -666 -172 303 175 -1178 -1508 -2164 -1020 -981 -1077 -190 681 1146 31 -511 -708 -132 -602 267 98 -694 243 364 628 979 87 622 -697 -304 -340 294 -377 403 -132 -1418 -1058 -832 -1145 -709 70 1162 1477 1222 538 -523 -1382 102 133 -1275 -1509 -996 -223 10 1206 1116 1802 1078 -144 -758 59 1077 195 -622 717 950 410 -86 -272 -1629 -612 656 -555 1099 -242 -743 -244 169 106 -502 -117 -727 525 358 172 -1141 -1352 -959 -627 1 134 -291 482 485 13 567 -129 176 282 495 -547 466 543 -537 621 1112 -471 -2015 -2122 95 681 1729 1054 1078 550 -915 -2333 -733 -614 379 581 510 177 962 1386 1158 332 750 -149 -764 -1225 338 -80 47 -1006 -1506 -285 435 -285 -706 -49 212 305 -1418 9 -1045 703 85 1027 110 903 -56 -183 939 447 556 177 543 521 -89 -1312 -1497 -1699 -1616 108 1095 2246 1270 -1192 -1980 -1004 -1021 552 1737 590 193 267 372 985 564 404 -1096 707 1771 -214 -501 -1020 443 -311 -25 -204 460 12 -2 -81 -670 387 -665 938 -1152 -1276 -1077 -981
-462 -843 -172 63 283 -271 575 466 507 562 310 132 -986 -300 -161 382 -593 1436 1243 894 683 9 0 176 -134 -396 -199 1095 -86 951 -797 127 421 -224 -970 -546 -118 -613 -1424 -987 -238 993 1403 1882 897 147 -199 -676 359 907 1384 1141 -133 -1040 -678 -963 -1094 -1724 -1912 -787 205 -657 515 732 321 -1191 -275 772 859 -928 -1120 -231 17 -1542 -1162 -176 589 1316 936 -243 -1447 -339 -81 1287 1915 1062 -365 -621 -1007 -375 380 379 262 -587 610 636 144 -1212 -1625 -344 -905 522 -619 -669 -3 -177 -933 -687 341 -830 -745 -653 74 -251 -458 -729 508 2146 474 -59 -738 795 -212 812 -1119 -2707 -1752 -1243 247 173 883 -781 -844 -275 112 -72 14 251 325 249 -1326 -464 708 -489 857 1006 2341 -97 348 -63 -437 -731 -228 -1553 -308 -1733 -1546 -1125 -669 -331 -240 -492 -266 -128 1067 -147 -75 -284 -483 -1215 -250 644 44 -712 -843 -1125 -545 -818 483 -470 594 -552 459 -279 93 -890 38 1378 1720 1489 1374 624 302 -387 2201 138 -195 -139 807 430 1292 -578 -346 -1018 -518 86 1353 465 305 -1183 -590 -373 -278 -513 -598 -283 259 279 1183 1322 1448 857 -879 -68 -974 -870 193 -577 -41 232 862 477 78 145 330 -285 -1668 -1044 69 421 -945 -610
124 -605 162 -1728 -604 79 169 417 -167 -1490 211 13 154 -1251 -1893 334 1231 632 -336 -550 -709 -989 -519 -581 -481 -219 -624 -89 -508 -349 -786 -1040 -2809 -2103 -1408 -654 -960 -22 708 262 -267 -816 -351 406 314 1118 -157 724 234 306 581 -372 -382 -41 213 611 1307 989 -244 -1327 -2289 -542 -877 143 1338 606 891 -1316 -206 -474 -429 -1148 -1386 -1308 -1383 -841 -1112 -1149 -553 -515 -1254 -1478 -224 529 945 1784 -104 -18 -649 -580 125 -164 278 257 164 9 -1173 -769 -764 -755 -1113 -1529 -470 -367 -197 673 782 -55 47 316 1282 520 -291 -497 -1176 -738 -1422 -373 1464 1558 908 146 -893 -728 -1114 391 283 356 -249 -2233 -1664 -965 473 -982 -1155 -1684 -645 781 1006 1397 1819 114 105 -740 637 -1109 -1091 -629 17 694 281 1285 408 388 574 20 380 -373 -490 -669 -336 92 -352 -510 -1176 -81 564 226 -29 -32 -202 16 -242 67 -658 293 -454 671 -388 990 -1191 267 -571 1182 471 -200 -957 -682 -498 1099 1135 1896 1778 394 -234 -218 -5 -381 -349 -927 -567 -2040 -1972 -617 339 15 -2055 -779 252 1903 1248 -144 -86 -1675 -23 570 660 465 -1660 -1435 -784 181 -1018 -1676 -437 1196 1846 1607 1222 254 -117 -1012 -818 -986 -1134 984 372 -45 -1200 -155 454 -107
1452 571 -575 -351 -1000 -374 699 999 1356 1322 131 396 532 883 1328 1155 508 196 68 -202 240 -788 -1060 -778 -276 -443 331 -264 -731 -1247 -915 -275 -139 -119 -571 452 -1237 -345 -404 -244 -152 -1459 -1031 -993 -1094 -482 -681 -514 -610 1026 -998 -914 -772 -620 1090 2158 790 73 -316 37 357 167 674 742 618 -260 455 205 -263 -541 -316 374 211 -448 -685 -625 -41 29 -76 123 -417 -692 163 -5 -893 61 -772 -2239 -970 -1198 133 -804 1273 1639 482 -542 -969 -198 698 1586 584 315 -505 71 316 59 596 1756 1260 -66 -761 -9 381 1138 215 677 12 -1188 -335 -596 -115 212 864 142 561 -546 451 -237 -439 -274 -394 -1497 -1078 -1144 311 -440 755 305 643 639 1016 876 1139 196 731 -12 692 670 750 945 -1331 -1288 -310 -63 131 533 688 329 141 -534 1023 -1005 -77 -697 94 -560 -888 -1037 -894 297 570 1110 -403 -460 -804 -752 826 408 237 520 -734 -1002 -618 -829 -1029 -751 -157 -953 -1138 -1314 -450 609 1617 671 240 -36 -510 -785 15 114 541 762 -370 -874 -718 -695 -16 -2243 -203 271 2919 1028 211 -1548 138 838 1884 1151 1123 1169 -15 114 -679 -717 226 728 918 284 884 463 24 395 335 181 581 -900 -743 326 -242 -816 -61 532
-31 -244 795 110 -706 139 -227 -581 -415 -1445 -1487 -2679 -2572 -1772 -275 -711 -283 -444 92 -1040 -1040 -881 -378 -486 -1066 -874 -950 -1255 -1407 -1311 -1508 -465 1273 1717 1237 -331 -787 -609 -173 -289 367 -442 38 47 1069 891 557 85 -455 -366 79 18 -981 80 -960 -569 -273 356 -868 -426 -485 -591 -2247 -1510 -650 -857 -1498 -267 426 345 349 -554 -668 13 133 -152 -1379 -134 -149 -603 -1431 -948 -1225 -512 270 -117 178 697 -50 -318 -675 -704 -1454 355 1 805 -615 -456 -598 -1757 -1322 -1445 -1256 14 1713 2261 1186 -1180 701 498 413 279 -119 -273 -320 403 1088 50 1372 1137 1280 -229 -1347 25 -1233 -442 -480 228 503 140 608 -122 786 -350 381 608 2250 2641 1862 457 -36 -323 -80 1038 762 30 -623 -612 -174 -545 280 994 600 96 -135 881 302 1487 -864 -1787 -2961 -1585 -861 -1364 -214 -401 640 591 931 1308 451 -170 0 -614 -1378 -2136 -1522 93 -758 391 240 690 57 144 -685 -554 -355 567 -249 82 -665 -1967 -1302 -429 -200 -1487 -1217 -576 70 -115 -950 -949 -225 431 44 -869 -1501 -1384 -358 -765 255 5 1152 -749 272 248 -685 -1283 -2050 166 318 -288 -1379 -1010 140 604 959 1372 442 1262 1108 174 755 336 65 765 1805 649 567 -70 -290 324
1253 -1703 -1254 -572 227 -319 -1265 -1147 -1762 96 224 -534 -372 444 188 502 -732 -864 130 105 -453 -815 523 138 897 725 1543 718 -480 -1494 -1276 -594 -752 942 686 477 -517 -409 356 -56 365 241 -258 -674 -430 -1262 -862 -760 -448 -1897 -1755 -1364 727 784 1014 -510 -2088 -1052 422 1101 1293 565 351 -966 -936 25 1142 -521 -1141 -209 -761 138 -285 -1148 62 135 690 523 -329 -1113 -1222 -40 303 840 778 464 17 -419 1593 920 742 979 507 649 -473 408 1658 1539 2457 1360 590 -1115 -1176 -590 -513 1123 1370 1001 275 -95 505 272 184 681 420 -305 98 -171 772 -572 -236 298 260 302 17 -198 -1583 -785 112 124 -897 -2275 -1668 -1332 -162 449 -7 405 -655 6 341 -617 104 90 -619 -562 -645 571 865 246 -287 -1630 -671 -939 -308 -86 544 357 188 239 -323 -792 394 459 1311 -600 -763 -761 687 1603 418 51 -716 -849 -10 -137 54 209 112 -1014 -668 -176 1433 427 285 -619 -715 -1230 -799 -1262 -875 43 -209 78 2 49 -1187 -1739 -666 1207 564 617 225 -200 14 -1828 -440 -1582 -1210 -1018 -1145 -1260 15 722 1866 176 885 -143 -57 -1595 -731 -803 156 1062 993 695 -156 246 1288 834 949 1019 -402 -2315 -589 -584 -84 -229 608 -167 128 -503
775 1728 1327 -541 162 721 172 -123 -62 -620 -1196 -687 -412 734 1276 -444 236 -1044 210 -1392 -195 -844 88 349 1398 360 -311 -1106 -661 897 881 743 -92 -1480 -898 658 1715 828 162 -1202 -1177 -654 1091 1102 728 154 4 638 873 541 14 171 630 913 444 -540 758 151 735 218 96 -443 -1124 1037 715 -222 195 461 1274 50 1127 561 264 934 -1211 -707 -435 84 817 876 -420 -122 -335 359 923 450 857 -329 -763 94 2 1806 1419 2165 1144 578 154 -217 -881 -1428 -442 -623 -1126 -652 -1390 -705 -709 27 180 1363 1153 1125 468 -240 460 634 498 639 485 717 902 487 243 -481 -129 641 1220 1506 896 637 749 -656 -1621 -974 1 910 1821 1294 141 -964 -1478 -165 -478 73 1277 -167 145 91 -215 -43 375 738 -513 -1600 -65 -167 870 -138 -842 -1308 -766 937 1054 552 -210 903 -515 -420 -986 -941 -1038 -2182 -1641 -1502 -292 4 498 -203 112 -351 -88 -849 -33 384 466 -273 -438 -601 -1463 -914 -596 -492 -146 578 14 559 -434 -426 -688 -545 -786 451 -613 -310 173 -1183 -728 -1011 -310 28 1208 1510 -86 -1382 -171 251 -628 109 920 732 -784 -958 -579 -755 93 802 -786 314 -99 1173 1354 272 470 -252 -313 -473 109 -1299 -1520 -1398 503 1447
964 291 2122 2218 775 971 1834 1215 1139 289 97 -142 656 142 -870 217 1137 928 1379 352 1197 898 1089 -328 -330 -599 -321 -582 -656 36 590 -76 -542 -334 468 -59 556 642 547 190 492 -752 -1242 -1206 -1427 -670 -445 -1014 25 -369 -146 -688 -234 231 621 -442 -1445 -995 -772 -337 418 1101 509 304 111 1053 724 705 245 278 -179 601 270 -727 -402 499 567 1072 -206 -496 641 1309 1070 1068 1784 1649 1085 1525 859 -250 -673 -894 -674 -1800 -1328 -979 -900 -451 -383 -467 -587 -770 217 825 462 -126 -868 715 148 1046 1077 147 -354 805 178 356 -590 -1204 -18 -420 -877 100 386 1208 -644 15 -201 -37 160 -444 -891 -349 -139 134 -467 -367 -1225 -774 1513 1097 1761 -321 381 19 -631 401 241 -155 -398 82 741 269 183 -498 -929 -503 342 199 -154 -1183 -975 -1452 -1039 503 767 330 -896 -423 -926 -468 -743 -1115 -850 -338 697 829 681 -271 113 225 570 687 102 708 1441 1387 791 183 79 -440 -1052 -177 -435 -54 -580 -1267 -569 -6 62 647 -104 838 1533 663 523 -790 -519 -258 -652 -749 172 127 1786 209 537 -331 1263 -566 -317 -1109 -336 -238 -137 883 390 358 1646 2330 2663 2033 371 930 1576 1678 2037 1115 561 1032 1902 1377 796 -559
-614 -918 -761 -273 -214 -72 -361 375 597 -293 -771 -610 -851 -293 1013 -929 -944 -1263 1003 912 -619 -875 -349 -1132 -17 -85 79 -610 -911 -1127 -388 293 184 1014 1171 1801 200 -913 -1556 -857 -288 -191 1085 234 1302 209 1865 447 476 -582 -830 -447 -1267 -761 -236 626 1695 413 44 -323 155 -126 733 1179 -27 -95 -263 -126 -818 180 -600 90 -46 1139 -837 -315 184 397 1118 327 -433 -865 348 603 656 156 94 154 -627 1231 1871 1424 817 -33 199 -1211 -1056 -914 -456 366 89 -158 -1367 -686 -826 185 -278 -276 25 502 -876 -750 -1547 -1836 1 605 51 1224 26 942 1520 180 909 -255 319 -61 -67 1321 987 -67 186 -937 -114 276 1235 1346 1013 138 -74 -949 -1088 -1275 -948 -1145 -208 -511 636 1194 -578 -767 -148 804 -12 -1076 -780 -1369 -2351 -1061 -1130 358 247 -329 -361 230 738 2057 -12 1002 -25 469 -655 -397 -30 460 1500 1731 2087 549 -20 -1140 -1380 -427 -150 -58 -753 -1187 -843 -576 123 -64 62 -220 -386 600 -53 -44 -1039 -888 520 887 -44 -26 -661 -791 -334 -78 -934 -534 277 1464 1725 798 1262 643 403 -301 -194 197 226 -540 -448 457 591 -179 -1096 -959 -1623 137 722 967 593 506 -61 1722 614 653 -578 -1078 -998 647 496 -20
677 -314 228 -1176 -419 624 1395 1031 366 -149 202 295 76 950 157 538 46 -190 -973 562 1165 -337 -410 -912 278 -537 -936 -728 -482 707 804 489 655 -111 -222 170 0 766 -220 -257 154 527 -74 115 1069 868 811 283 443 -368 -42 801 1157 1879 1208 583 -594 -937 -1004 -511 1409 1134 715 928 474 -732 -951 619 206 445 254 282 -709 -456 -458 715 -505 -79 -871 -945 767 -632 -383 -1821 -1559 -1001 715 1344 227 -848 -862 -34 -289 -1749 -408 -1316 -211 -435 566 796 800 252 777 155 -36 21 495 839 1118 1468 1112 767 478 611 300 -9 1609 -76 597 1116 174 942 507 496 71 600 400 -22 289 1117 -663 -1023 -223 41 -535 -1516 -243 -164 815 287 130 -194 711 434 -22 -3 -657 62 17 1067 934 -127 210 549 1451 1090 -911 -734 -1036 594 418 1892 1606 1772 773 -210 -676 19 1288 2335 1157 -73 -383 1139 829 143 233 -1073 -791 -247 -691 -354 -241 -12 363 862 -165 529 -735 -147 -725 450 345 -603 -307 -346 179 474 52 1015 599 -221 -708 -1172 -283 -184 1090 -575 -1987 -1433 551 -68 306 -1239 -754 -1813 -330 26 1028 1327 651 390 -768 896 1138 325 -954 -353 -1268 14 -342 409 576 -105 219 655 174 926 -216 -879 -737 -66
-612 -1072 165 383 -308 -173 -529 11 -341 824 530 1083 -99 -915 -294 -412 -979 422 718 376 -1129 99 -104 -321 -557 -905 -981 -1215 -1846 -44 207 1042 -506 440 -364 -1343 -1526 -692 495 226 -1315 -23 734 634 -154 -322 -84 -855 -255 165 -140 -267 -999 -1137 -328 1295 906 412 1377 567 58 -354 128 832 697 124 -1370 -1486 -1214 -39 -886 -392 -940 -1031 -918 466 -49 921 346 -1152 -1036 -406 201 122 -581 263 -166 1132 796 742 811 -8 -1087 -1160 -1226 -1249 1372 980 721 1105 15 -174 -1281 -456 971 1121 1428 -95 -1258 -427 -546 -119 -377 -677 -165 338 -516 1042 412 185 406 -800 -725 -815 79 -42 -72 1223 1177 -343 905 391 353 1041 1194 1409 -429 -273 -1062 -1419 -1406 511 1215 1843 1845 923 561 -1590 -2406 -1458 -895 -90 261 140 201 898 760 505 -438 167 -1540 -1427 -1137 317 -51 851 775 261 -192 -366 1871 1970 1347 -403 46 -573 781 -627 -348 -126 501 1332 1176 484 -149 -1238 626 964 1532 811 287 -224 -517 -235 -256 1131 1246 259 1447 -688 -138 -729 148 629 420 403 -583 -406 173 -1874 -319 674 276 -1089 -646 -1587 -269 -1393 -186 514 211 1731 -255 -594 -877 -238 -355 -695 -640 -1596 -526 -635 -208 -266 274 -63 -48 359 582 -152 23 153
524 -876 -574 -1543 234 310 63 47 1151 2291 875 83 -620 181 -10 -1086 -355 -810 365 904 23 -745 -599 840 197 25 -350 783 857 -75 -574 626 311 -564 -893 -75 826 296 -658 399 996 543 500 1118 686 399 -536 194 178 -93 -414 -134 -1085 312 1125 382 273 105 369 537 122 -586 -1122 -688 -990 -452 377 -160 38 -595 13 27 -1175 464 -1320 391 -1339 -1668 -1182 -847 483 1511 1475 1163 1096 596 1134 427 -30 -274 -80 -173 512 -1673 -436 -1249 -705 -148 -1104 -992 -1498 -296 -1316 -566 -934 -1074 147 324 929 488 -304 -160 153 312 431 -50 221 -617 14 1672 699 293 910 897 1892 954 87 -583 -328 309 -1080 -1233 -20 -731 -398 73 1107 168 -990 -897 -531 -626 834 727 1381 434 1545 1523 1027 944 2011 969 657 584 -548 411 -693 689 -174 158 506 770 -271 -660 -318 1467 1802 1842 3485 1959 902 438 855 2019 1459 -238 447 -605 -1024 -724 222 1690 1101 221 -820 -794 -1467 86 -126 -17 -228 -566 -1007 -1378 -1204 -1070 -826 528 -100 748 484 -700 203 140 1045 51 -1313 -1264 -1156 -198 458 -1167 339 -620 -1462 -521 -121 -201 -426 -1184 -1105 -830 503 1565 965 617 -445 792 1505 1914 255 -326 66 48 -440 -1323 -1119 -1248 -584 -308 -42 -92
-438 -702 -523 -1118 -815 830 1315 468 -1575 -1502 664 1539 1238 -71 -515 -1025 -885 709 1207 540 804 219 -658 169 -2 849 163 534 165 460 -589 -862 -586 -21 121 -1581 105 447 392 -940 -407 301 -95 -1010 -512 -286 -404 -467 -534 -197 433 336 38 -499 -10 430 -171 -768 -27 -246 1232 1414 1047 719 -1110 -2080 -2227 -1565 -1368 -1372 -687 -652 -294 1 -995 329 -177 -419 -1059 128 1484 112 -251 317 521 353 659 384 180 -1062 -1855 -1289 -1195 -471 -19 -652 1378 -402 633 337 -153 -887 271 716 1392 1936 1110 1521 423 425 614 160 71 -847 -786 116 259 1095 308 -780 -257 -151 223 613 -189 -820 -301 -592 -858 -1301 -1185 -278 -410 -99 -500 -389 185 580 443 -181 -825 126 -122 327 481 -6 -1392 -1122 -48 525 962 491 176 1142 277 394 -5 711 638 192 -345 -1120 -665 324 -636 30 -453 297 -743 599 1621 1356 -21 -873 822 1618 345 659 375 648 -1442 -494 -237 173 -188 -695 -928 22 -1073 -220 149 492 -247 478 292 481 -205 -1104 -287 355 514 432 -569 -369 302 -307 591 138 79 163 -495 -86 261 -217 830 324 214 877 688 1755 458 -157 -1666 -925 456 795 1733 407 -469 904 1737 497 -12 210 -373 -241 -795 -308 607 -1662 -824 368
193 1519 1404 175 50 697 201 1766 1812 1037 -179 261 170 250 151 587 384 -600 -591 574 30 -322 -569 -1218 185 -29 1910 427 1129 711 1025 77 326 -795 602 602 411 921 295 -112 92 -592 132 -591 -125 -1587 728 1060 2211 1809 -901 -870 -525 381 790 145 451 602 242 -664 -567 -20 60 128 -152 -375 -528 -1344 1280 532 -144 -210 -383 291 582 -1067 -1527 -487 -827 -124 -278 1730 -495 -687 -867 -309 -237 119 1072 364 1378 248 638 -15 -1006 -1250 -1066 -1543 -178 -298 -858 -504 -1382 -904 -288 -326 -72 86 -775 -1035 -440 -1113 -980 -1495 -397 -1091 480 -72 -117 255 -1287 -684 78 335 1082 -392 483 -201 -412 -911 136 178 104 -353 213 -643 -621 1010 412 423 -204 33 1331 286 0 176 33 -41 -704 614 1772 1388 266 -608 158 1486 51 -505 -792 -833 63 -452 0 -1174 9 -30 -219 1004 2521 1681 594 507 523 -792 -1251 -2136 -1430 -783 -1303 531 -1 84 -526 592 -726 -228 -312 539 1061 558 772 421 638 482 -584 -937 -1202 377 312 398 -874 -554 -362 -201 -1408 -1195 -713 1026 1328 1019 673 479 170 135 384 388 1320 653 -406 -546 -652 -20 -342 77 381 -413 -5 1683 1613 76 -412 954 423 -212 -834 -1115 -2167 -1226 -541 836 387 -374
1170 796 189 774 576 1157 277 -171 -920 45 83 -320 -36 -257 737 902 535 1877 1016 1324 971 653 165 9 -251 587 532 509 -336 -1009 -1043 -850 187 117 495 310 -232 -702 -965 -1420 -1336 -1440 -1225 -1408 -142 -1035 355 339 1436 886 1820 1216 264 -131 34 -421 820 721 17 -13 -1118 -395 -1393 93 102 -49 -1237 -1299 -126 85 84 -1393 -1841 -1319 -1650 -649 -555 -1458 -311 -393 -1526 -1920 -643 277 -403 -735 -267 -55 -845 -510 359 220 -955 -59 1745 981 1161 -684 -919 -774 -754 -1103 6 473 66 62 119 949 1230 702 -41 148 456 95 -240 192 -383 -2315 -865 -714 -703 738 -472 -405 55 312 939 868 944 1276 305 1260 1009 -370 -772 -602 -1076 -1943 -854 -68 125 729 1001 968 -97 -296 152 1198 -163 -966 -1419 -1137 -949 -20 293 412 1777 635 771 -5 -205 -571 379 346 -16 -775 96 -160 -169 -117 131 -1342 -671 -1121 -705 -939 -1569 -161 731 1389 792 1565 2285 1742 1478 230 -977 -563 -695 -788 -220 -173 599 905 71 681 863 727 -216 462 129 -926 -1220 -229 -881 -1363 -252 58 698 -512 74 348 1411 -469 439 -266 895 174 531 -12 -857 -212 343 389 -563 -1268 -1055 -957 -339 156 -148 -546 699 737 942 495 442 161 -1427 -1795 -1917 -384
1360 256 -789 -828 -978 65 111 -21 -472 -36 737 1233 -565 -642 -962 376 -875 -1024 -542 859 428 -380 65 640 603 586 1288 1013 164 188 47 -269 -1014 -908 -1188 -694 -1277 -769 -979 -196 80 -630 -19 979 369 81 -525 -220 287 166 -661 28 840 264 1271 1155 1796 1130 1305 593 -765 -385 -764 30 262 -369 1914 1074 751 -7 459 1772 838 145 -420 -881 -731 752 245 792 -182 -430 -965 -129 352 16 458 781 1502 129 927 891 739 -333 -52 830 1244 -223 531 121 -1330 -1341 -1384 -326 1098 -243 1040 -294 421 -333 371 -89 -204 -297 -56 -481 -258 735 493 1903 1472 206 112 25 -423 29 -999 -222 -1143 320 -530 -1182 -1900 27 102 273 875 492 -941 -2492 -1357 -442 498 516 70 -385 -1509 -319 1025 1701 1116 -235 -260 -546 -454 432 1022 106 -44 11 -236 -676 -487 -473 157 742 87 63 817 1334 2014 1091 -161 -285 835 122 -347 1008 1142 912 -34 -202 -921 -458 -216 -330 1087 936 -330 -1196 -1844 5 543 1941 1474 1191 609 414 330 304 -434 429 121 539 -366 -368 -1504 -1637 -1614 -857 9 -255 -381 -922 -595 144 419 -847 -1139 287 -703 -689 -248 313 1039 142 775 -667 -1761 -1293 -805 550 -679 84 -246 254 -97 -133 -15 233 -378 323
665 1045 -116 125 776 500 -491 -47 780 1174 0 -755 -803 131 -402 16 -110 917 931 830 1177 143 206 361 31 589 15 327 590 -635 728 654 953 -344 -1214 -267 -528 15 -160 -497 -1362 -203 -1149 3 63 187 196 809 648 423 -286 545 448 -921 -865 -2072 72 579 -186 -359 -440 286 -223 900 147 -1050 -2017 -3 63 -567 -1744 -1093 -1011 35 -400 -824 -1026 -1413 -633 -725 -422 -1282 -591 -622 44 568 461 -348 157 634 1173 370 725 979 367 -700 -191 107 -1290 -1331 -827 346 593 678 748 541 175 648 1240 138 -363 -1096 -63 170 1094 910 2165 1038 387 1193 410 1128 -212 24 540 1730 1869 974 745 544 -532 661 -329 -492 -103 242 497 625 2451 1891 2314 -177 -84 -1314 -681 -878 -331 -692 -1094 -1119 -836 -725 -351 442 1115 386 63 -79 -428 -134 139 309 -970 141 -166 -230 31 305 -86 393 953 283 600 -203 -440 -376 1051 255 14 -369 -573 541 -349 -9 62 709 1152 249 1297 557 1277 -301 -78 110 141 301 533 822 238 1322 793 -375 -39 1438 335 319 -237 -682 -800 -292 861 172 -147 -1283 -1102 -1181 -292 945 1247 708 29 369 102 219 -1159 -1602 -1068 -107 -193 -660 -1143 -713 314 632 -852 -1416 -1907 463 -810 443 -162 719
-705 -431 -249 468 863 1213 836 -502 -270 -445 943 118 -496 641 620 1171 -535 -787 686 236 -225 -547 906 1882 802 1578 62 108 -1141 -1250 -1014 -818 682 681 -240 -905 -2405 -2244 -910 76 -266 -1385 -689 -173 -765 -94 592 72 -571 234 493 202 -796 -680 -19 -631 393 -1173 378 -275 -1021 -1241 -1129 -1477 -1148 -234 -100 -1880 -1424 -300 -1142 -639 -1967 -1799 -1245 -1701 -346 843 221 -730 -1563 325 1609 1404 553 -1107 -400 -980 -1059 -671 -1058 -778 -2042 -1455 762 1519 -141 160 840 325 -171 -178 1044 1382 1416 1400 1073 548 -968 -439 -104 -55 -694 -509 -155 -961 -1609 -575 633 88 -26 -446 -157 78 399 1418 231 1890 1110 2372 2623 2527 1639 1320 36 -1366 -811 -792 -359 -751 -985 175 53 -46 336 39 401 374 948 49 -234 -151 -383 -396 -367 827 838 167 219 -80 -824 -778 642 1248 1137 556 -479 -697 257 94 257 745 862 1355 1250 384 -513 -731 -896 210 368 138 1292 143 746 773 1343 2131 942 -82 -685 512 518 633 294 320 -295 515 1427 668 190 11 -248 444 1104 1307 222 -390 1344 1742 773 -667 -537 1022 650 -56 -904 -683 -795 352 370 313 629 543 886 1 562 -1053 -421 -45 -549 -814 -1245 -1106 -630 -592 452 579 10 925 -354 1967
251 119 1177 997 1914 814 1427 502 911 -435 105 -631 -959 -913 -1116 167 -131 -569 -588 -779 818 -1062 -1509 -1435 -1079 -489 73 281 -1600 -1423 -638 -98 -573 231 998 1371 1467 632 84 -598 77 980 1681 2404 1159 -255 380 1370 827 -753 -1731 -876 12 -1478 -512 -1362 -24 -1987 -689 -504 648 -71 -913 -660 -984 -1046 -455 82 -1881 -2028 -999 -268 277 -409 -1235 -1856 -1697 -1028 -432 1241 387 -537 -203 762 1125 388 384 -1083 -1070 -1172 -847 -183 -242 -17 -1068 137 203 -708 -758 463 1076 761 881 403 301 -630 -186 -1372 -460 -176 242 380 393 175 411 805 625 193 -416 536 198 434 133 217 -511 26 1039 -30 -12 -63 -453 317 767 341 1310 727 1194 -583 -304 -1068 -761 -1567 -886 -429 1028 57 390 -771 -696 129 -31 -275 -258 -259 -564 -1304 -592 -559 144 453 308 225 524 -588 1359 765 2035 1358 1134 535 205 16 242 -259 829 683 635 567 -161 247 116 1611 624 1507 1446 -383 -1216 -2088 -96 1380 2024 929 422 -528 -576 611 1017 301 -353 -657 200 -74 873 187 60 986 646 1414 -99 -270 471 39 -1182 -2350 -1985 -119 -115 -399 126 11 771 542 -372 -1001 -1130 -2154 -1573 -1029 753 564 1608 782 573 -721 -977 -88 -231 793 -84 648 -997 -400
-1457 -97 133 629 -149 -66 -765 -252 710 218 238 -14 -429 188 -853 -511 -836 412 1203 387 -229 463 1056 811 19 394 611 -28 -77 -916 -1173 0 775 1427 -294 -1038 -1513 -337 1951 956 240 137 786 320 35 -432 -848 -1293 -106 291 31 -1018 -2141 -416 904 583 1061 803 409 -719 -1193 69 73 -251 -239 -264 -109 -17 71 279 -438 -439 -312 -436 381 246 395 561 -403 -810 148 1072 839 -105 1022 -155 -290 -913 -260 654 -434 -528 -1351 1513 1452 579 -123 597 -11 -612 -149 820 448 299 395 -50 -378 -349 230 229 292 486 495 552 51 -777 265 1129 1385 1103 339 152 208 699 914 465 -1200 494 577 1027 -225 436 -511 470 9 -824 -1592 -672 -1058 -635 -839 848 1530 517 281 -95 1381 -17 518 -107 326 -254 -743 -1060 -751 -467 335 183 -346 -602 -1077 139 664 1459 693 620 1429 234 425 449 1283 1288 327 492 379 -195 -402 -1027 -149 102 -553 -1069 -253 1011 214 798 43 887 430 -855 -1727 559 395 1270 304 655 1521 974 968 469 192 562 1198 1153 629 -531 -1062 -566 -184 1220 514 801 756 450 -2426 -1918 -686 -1717 -1178 -1924 -1250 -1093 -383 -1163 702 499 1281 -311 645 -357 -98 261 1187 609 -45 -61 -15 389 -416 248 -431 -966
-626 -293 112 -280 598 83 536 9 650 -246 1439 688 -34 -616 -838 -886 -528 -131 -21 -287 -381 -1605 -573 561 -45 1392 707 1272 1177 453 1430 446 -688 -1037 300 89 833 -489 5 -778 -484 232 -246 -119 -1204 -589 683 475 961 0 -564 194 -478 -273 -335 -73 -1257 -2079 -1305 1249 463 639 637 965 184 -447 -888 -1410 -1421 -343 330 754 -359 -1175 -377 432 1342 971 878 605 58 -928 681 -26 -99 30 1415 40 -943 -584 -866 -104 -1829 -1078 -444 -454 -1430 -1229 -444 -196 -346 633 -522 -302 -484 -123 -223 -490 -94 376 549 -1435 -1132 -726 -1010 -373 -30 148 722 833 -720 181 -857 -120 -167 -1035 -69 -1813 -1217 -89 885 730 374 -868 -987 509 1607 -337 -1255 133 238 93 73 42 633 243 -520 -400 -635 -672 -136 -719 1264 1770 1996 1126 -1010 -1076 -300 1623 1603 -401 -432 -1846 30 446 -143 61 -931 302 874 824 -22 -1338 -616 197 134 624 -148 -678 -1481 -693 -106 -948 -1214 -2006 2 190 1919 1862 1514 -609 -778 380 467 684 274 -878 -172 -630 -161 -649 -647 -523 969 433 -773 126 -689 233 140 -465 -1159 -1611 363 557 481 -137 445 549 725 -846 -782 -1487 -1427 -913 -250 -304 -66 574 481 -576 -1421 -120 623 596 685 292 275 878 1036 810
507 -116 12 -519 -928 284 355 27 -168 -196 432 594 887 272 -788 -1141 -612 -310 -246 -171 -452 -586 -1384 -1529 -314 -88 -549 -1030 -73 697 -58 -5 -356 433 397 -1182 217 253 1500 -1 -174 -45 252 625 -35 -758 -748 -1169 -522 1500 1254 744 -398 1003 600 500 526 872 673 169 -323 -485 -842 -672 -59 -892 -718 -1268 -444 -565 675 78 308 -355 -1602 -923 -1414 -516 29 846 1796 737 126 -141 -168 -425 -375 785 1683 1242 101 -1062 -1193 609 -1075 -397 -1062 -392 261 843 182 715 333 -49 -929 -134 -949 -1238 -83 1012 908 743 113 -325 612 456 551 920 -983 -909 602 975 716 627 -721 -936 -1110 78 687 703 -18 305 400 -131 -348 -100 746 1469 743 230 527 231 112 -804 376 282 1994 1792 1496 763 1141 1495 1876 348 -182 -219 356 -1120 -2225 -1338 534 899 1873 519 -194 -1223 -1033 -13 1128 2062 1243 218 -289 777 173 -1054 -707 -911 652 1357 -71 105 -223 511 -189 -1018 234 330 -171 -409 -576 -19 144 -992 315 -749 -3 -988 -544 816 -163 -545 -1310 -1279 -835 -319 -1450 -1190 337 170 780 344 686 1367 -522 -473 -280 29 -497 -180 -41 -418 -1269 -606 -108 335 798 1580 1195 410 433 850 1126 -219 727 1423 1739 2236 1067 -357 -337 -527
-713 -1054 -390 136 694 36 618 881 1940 163 539 134 -302 -432 130 335 419 414 409 3 -32 -525 -106 52 178 265 -65 -840 -620 831 533 793 -1107 254 1328 1853 353 -386 757 -88 -601 127 -661 -110 1115 1892 1991 1448 547 52 -536 298 -1176 177 385 563 -992 -708 -331 653 194 544 705 832 921 -307 -221 -619 19 -245 789 -77 -245 -375 176 -447 -1326 -408 -674 -415 535 1142 1732 1401 663 284 -930 -370 -420 315 700 807 369 -153 -522 -2037 -928 -296 -49 -470 600 -406 -1126 -936 -970 -118 -588 1077 377 -572 -70 453 -11 224 -1147 434 -58 -907 -1450 0 -1213 297 -452 -985 -1088 -860 581 1462 793 387 851 644 -857 259 451 278 -227 -1022 -1044 -1038 -1047 -881 50 464 1611 1312 465 -651 -824 -1268 257 159 1893 2753 1080 334 -1513 -860 -808 -961 -1429 -1988 -204 826 1800 996 -429 -484 -944 70 -62 412 -282 -545 -771 -699 170 936 544 566 1479 1561 964 -849 -243 -43 -964 -741 -201 150 938 9 -368 -1140 -665 -451 -733 -650 -1381 -1157 -839 329 35 -254 -403 659 806 1261 130 1450 418 1020 884 492 1338 868 30 -469 199 -589 -1015 -1077 234 595 1239 800 131 -381 593 798 12 -325 527 1118 378 -220 -355 -170 335 74 -1099 -954
-707 120 713 385 -227 730 392 -69 -398 -1563 -637 396 522 1126 -1384 -1158 -1229 -1348 -695 1035 868 0 -308 -854 -1591 -1377 -721 -563 -78 12 -446 181 658 786 812 757 1597 1484 742 164 215 -193 -156 -758 -1370 -802 -764 -754 484 241 1157 429 329 -231 21 1029 284 65 -348 557 -202 211 -97 73 415 116 486 -142 -576 -1845 -837 -1347 -1424 -1683 -1159 182 1100 722 488 15 285 -7 731 -77 228 672 404 435 -444 -389 -837 -868 379 804 801 -57 -1263 -1292 -1705 -643 -1581 -364 45 537 709 296 160 -1567 -856 -1160 -1337 -2129 370 -137 894 -328 -214 522 -276 -941 725 674 1393 1174 1163 1108 2652 933 969 -165 -308 -381 1326 939 544 975 395 383 474 1204 1136 550 588 -700 -961 460 -36 -512 -252 -610 581 929 1164 266 979 197 -425 -1711 107 -44 -119 -693 -351 -680 -1143 -913 0 540 381 668 1247 550 924 -321 521 -774 -274 167 835 469 -1248 -650 -793 -507 -445 339 609 1567 803 965 -388 -839 471 -408 -130 -16 -190 95 395 1608 -129 1666 661 2488 1354 321 279 447 1658 109 1225 828 1459 1634 -803 -191 238 -634 457 -493 1519 144 -591 -1066 -52 -774 -897 -729 -865 -780 -571 226 455 -397 255 -589 -933 -1079 -787 -1015 97 147
-1439 -371 159 913 110 -937 -1684 -1256 0 198 -440 -259 -976 -984 500 -341 -140 469 451 -1182 -2173 -2520 -1144 -105 2129 -370 -554 159 620 1285 1170 1497 -153 363 151 -781 164 568 1133 555 806 -161 -218 212 344 -434 -558 -7 -172 -775 -103 453 1968 1842 593 -556 -764 -698 277 856 657 417 174 337 1799 911 1064 -1655 -809 -822 -411 -309 65 1048 601 809 -410 -399 -397 -855 124 -702 656 -335 286 169 -207 -1026 -583 279 916 1122 -361 588 -565 374 -160 141 -1202 -1038 303 572 -958 572 503 423 75 243 683 359 1068 1194 973 1149 2858 1512 912 -122 110 1649 -599 -163 -769 44 -231 43 329 1330 1580 800 197 1046 276 603 407 -1256 -1588 -177 437 961 102 -504 -253 -235 -806 -1228 -339 317 266 457 1270 728 -124 -61 -1109 -602 859 811 753 12 313 -518 477 540 982 365 107 -223 -878 -346 -120 344 868 -265 -450 -55 1298 1267 -293 953 175 -173 -639 -961 -1604 -928 -1644 -1936 -233 -377 1052 -342 -64 -510 -1299 9 -210 576 -1596 -642 -191 505 511 84 -203 346 -208 64 -519 -365 -104 302 -54 -728 314 180 352 -135 364 -73 -654 -1145 -749 76 -255 406 1042 183 -340 -179 -823 -588 1917 2008 948 -48 -438 -833 933 1654 1157 634
1173 -72 374 -245 -59 -359 630 -620 -557 -1353 -155 89 36 396 -1099 -260 -518 -755 652 560 -246 -755 -834 -1729 -1997 -885 276 236 1033 885 569 997 952 1808 110 1222 479 48 321 -611 111 291 -932 -140 403 1966 -533 -1033 394 14 850 -501 -798 -1552 -194 -132 -1412 -1355 -1739 -1398 -1571 -328 -622 21 -867 19 -263 -393 -57 -133 545 15 -272 -92 311 408 616 243 -921 -1191 341 -950 -993 -259 934 69 -123 -540 -1974 -1431 -967 -98 661 377 830 1170 -498 -154 -133 115 159 635 961 -915 -1229 -952 -762 137 123 472 -108 159 509 -600 -749 -324 -370 180 -698 -942 -1533 100 -540 868 -309 761 42 -413 -1089 -377 -748 0 1356 1779 548 1346 206 -297 -1137 -1104 -111 387 -571 143 -292 637 -431 -693 -502 -280 172 1358 1605 519 1418 314 101 -47 1890 2031 2283 199 381 -38 -1333 -962 -1338 -725 -1358 -2743 -2073 -2117 -481 -1291 -945 -1321 -1049 -116 -1725 -1900 -924 349 -77 694 462 48 778 1455 2060 740 -539 7 152 1497 1944 1026 284 1013 209 1016 -806 120 1232 1806 2005 -68 -274 -1798 -541 292 1098 470 200 0 -1645 -166 8 -507 -594 91 1047 1085 -714 -425 -215 -173 208 650 791 770 -1193 -481 -1018 236 572 -1751 -212 -1237 -237 -151 1029 1417
-866 -313 287 -315 236 -1200 -1298 -1122 -457 239 1220 1167 1153 744 678 -577 113 -424 -414 -345 161 -1157 483 203 87 -183 -277 51 -48 -455 685 815 198 -307 599 -336 2 206 49 668 1483 2493 1707 13 -1645 -1352 504 21 -995 -947 -392 71 61 -102 -170 -128 -556 216 -263 -99 -589 -900 -599 138 239 -435 -382 316 -41 -112 877 1374 182 -140 -689 130 -500 504 1473 330 601 391 -1 -1490 -923 400 -117 -610 -1111 -151 -262 242 61 -103 -833 -263 209 -61 -416 334 703 -36 -1359 -831 -643 -1478 -13 244 220 1 -548 -274 435 1100 900 476 535 879 343 834 -677 -1659 -669 956 -56 -216 -509 570 267 -565 -407 164 984 1194 911 1399 2404 2132 303 -163 -1000 -1572 -372 -393 781 443 1522 617 905 683 38 25 -21 659 763 -18 555 -916 -1810 -1651 200 1678 1228 1127 748 -45 -1109 -1558 -722 -539 -420 -2478 -1675 -1223 -289 1089 880 776 334 678 483 789 41 -122 -743 -893 -1365 -2130 -928 -636 -258 -97 5 -666 55 1437 974 -228 -873 -879 656 179 -53 -986 -123 -53 -270 -69 -326 335 -750 -742 -1251 407 598 70 -1241 676 1507 2397 -166 39 -491 363 460 1880 777 702 1740 2005 2325 659 -681 -546 137 267 -312 -1078 -575 -1525 -646 -657
-413 -511 -205 -332 -1072 -871 177 -18 894 -1198 483 472 653 -21 -1357 -428 -555 1492 1848 234 -370 142 137 -936 -367 311 521 -27 1296 689 920 389 506 -61 -643 97 197 -507 476 1792 969 -487 -1719 -92 155 200 705 1372 2307 1058 -51 -1099 -1067 -1232 -1380 -504 -423 -153 670 293 -204 387 -137 -923 612 121 -218 -9 -7 -171 -917 -630 1651 707 774 -82 1849 -77 1122 1568 1759 322 -1256 714 -171 -658 -357 -200 -1250 -297 -47 1608 1280 1622 1366 402 340 177 -463 -469 -455 449 -879 -1206 -2204 -1327 -2067 -940 -377 -383 94 -898 -1823 -2720 -1775 -912 -333 -789 -2088 -2231 -1661 -1617 -774 -1043 -246 641 333 571 -920 -1012 -655 821 -338 444 -855 198 -53 1211 1869 601 404 236 -734 -755 796 1 827 195 -44 -590 684 1111 653 -258 -176 15 1060 1286 2507 680 -1205 -2060 -128 179 -74 -399 63 -885 -53 -1342 1109 770 -303 -1283 -1136 40 840 93 -1126 -614 -692 -390 -804 67 -805 -779 -16 -391 638 96 768 1065 1685 889 478 231 351 1267 284 -410 -932 -2020 -1231 -950 -39 -1162 -250 -861 -68 -114 -2 329 5 181 -138 617 -215 -1007 -1297 564 198 -195 -949 200 283 -415 -596 -913 -1552 -321 -1911 218 908 657 -211 -274 96 -1041 459 283 -737 -1053
567 -227 -1141 -641 -1074 -647 -2091 -1076 -706 82 242 -1131 -254 -1762 -1372 -1390 -1118 -834 76 891 -379 -901 1194 1086 302 -618 -307 -143 1045 485 1654 176 -226 241 399 440 244 -345 -1312 -498 1204 2773 1054 -142 -1081 -1870 -1710 140 921 1494 1152 -154 168 1241 1147 355 -92 671 73 -182 167 -162 1517 1554 -131 -483 606 6 -925 -533 1004 1484 223 -729 -1281 -1755 -872 276 1372 -86 1547 754 349 -526 61 1551 -13 -22 -799 1240 187 -211 -1467 -1779 175 875 502 -1513 -30 161 147 -682 -489 886 2120 1311 192 -191 -935 -660 -248 -171 -128 -1499 -1412 -1198 -481 -382 549 -410 -1553 -1815 -2112 -1016 -791 676 2409 1453 1407 380 1076 18 813 733 1138 1507 1783 959 461 550 -1068 -1179 419 -265 92 -1088 -630 -1394 306 264 777 768 964 1693 1181 331 -153 -82 642 950 1127 -25 -633 640 206 -630 -574 -1627 1022 1575 1674 611 438 523 -430 -780 -644 6 -463 -1061 -1381 -1202 -1234 635 1101 261 -560 -1912 -1939 -2000 -628 346 870 576 305 7 493 1108 1771 558 1208 637 -239 -1313 -756 326 -910 -925 45 100 -1137 -1153 -1976 -531 -860 -28 -848 382 -937 -1090 -11 1554 1780 2183 534 866 -718 -1250 -306 342 27 -483 -1404 533 127 -746 -1551 -2239 -1700 -240 950 676
777 551 1658 -33 202 -853 1079 -773 12 13 822 135 535 323 1067 892 703 4 -1555 -2334 -2176 -1128 -647 -254 468 820 1641 549 1918 216 163 489 755 -153 1035 996 1675 736 1070 647 438 -329 87 160 621 1152 -429 -230 -162 403 -523 233 180 20 605 668 670 651 872 978 273 268 -291 -954 -429 -679 278 1729 755 36 -215 -164 1056 339 380 -45 -238 -1051 -349 -605 -1383 -1294 -1611 -811 -566 -221 -195 -1314 -1030 -335 452 1933 801 -214 -337 75 1122 149 0 100 1490 86 586 -368 -188 -337 307 415 433 -421 -271 427 901 1150 -349 -378 -2532 -2158 -965 -382 889 -104 916 163 -154 1239 225 1006 443 635 98 605 0 312 -125 -673 502 1058 1249 304 -1060 -2071 -1848 -1463 447 -648 -269 -531 -194 532 746 831 -187 -47 158 -954 389 -795 -408 -713 -612 764 1065 199 -472 -455 -316 -388 -165 -823 663 1831 793 1180 476 76 -92 -762 -525 829 769 1142 695 1151 463 1437 958 -86 -434 -1510 -239 -362 618 540 -707 156 259 -446 92 107 -293 -22 194 2083 805 -228 754 -182 -1031 -36 -1235 -836 417 1354 137 476 -552 110 -284 538 170 143 -410 501 835 667 -597 -518 87 525 425 1627 -619 -494 -1855 -32 87 102 1150 -995 -1575 -1527
328 966 806 -335 63 -280 441 814 484 126 485 1095 32 829 556 659 1187 1744 1506 380 85 -145 549 -483 -511 -1177 -1500 -302 1163 1379 954 -365 -199 578 2310 2738 2623 -276 -434 522 1662 1644 983 481 -1421 -393 1707 1987 1349 231 39 941 986 1015 389 -108 -375 185 -246 -975 -1127 -1204 238 543 -172 -107 -317 -661 -441 -990 1362 460 1618 397 1013 -754 -590 -399 476 449 1337 145 252 -271 -1508 -273 -831 216 581 1794 1150 -708 -665 -612 883 -93 909 -111 687 -506 -691 317 936 1363 1078 -672 -1217 -372 56 -193 1232 -424 139 -87 1621 1976 1481 1690 545 628 -453 267 -145 -287 -1016 -934 -35 -419 -81 -716 -1492 -1967 -592 168 1396 957 -148 99 785 273 197 -567 51 -1421 -892 -918 89 -58 1077 786 2108 714 929 925 -22 -623 -247 -112 1441 351 961 -583 -148 299 -1101 -1013 -266 -934 -34 -1088 -323 814 1572 563 -574 -328 -634 327 -1367 -1256 -597 -1113 -944 -1595 -722 541 624 861 -49 658 132 577 -436 -46 -262 -703 -885 -423 532 17 353 93 -720 -659 128 423 -509 293 1004 266 764 633 -730 -291 -1173 -898 -1900 -917 -363 -536 1175 1137 1073 -153 -842 403 680 172 531 -473 -272 -613 -48 1053 -432 -1244 -1688 -1626 -748 -736 -585 337
489 -752 604 701 1284 15 336 -285 -52 500 314 -308 493 -537 -64 -953 -926 -366 820 1057 868 586 833 -906 -1045 -1429 182 -536 394 -702 91 696 -632 -137 94 -532 -344 -170 -11 462 141 831 367 207 704 -429 -321 805 1665 622 240 -355 -91 -42 -940 -540 -1183 -715 -675 415 1271 1805 862 708 193 339 746 744 1118 1107 559 -197 259 49 370 199 -477 -1661 -411 -1333 -896 -964 -899 -647 366 -43 1040 1270 853 314 291 486 683 -392 -618 -252 -1186 -650 1205 884 1404 563 964 1770 838 319 -365 -1559 -29 -140 1830 1849 1536 617 990 173 973 40 396 -402 -945 -806 459 -103 411 -93 442 566 639 5 121 408 789 386 -259 -736 733 163 -819 54 -732 -625 -1301 -493 -882 -262 -605 626 1352 820 136 -510 -29 379 1275 1043 554 -7 -287 -242 -1164 -1139 -235 -148 89 -261 -472 -113 -43 -681 -385 28 519 1380 1126 386 64 -7 -1370 -444 -458 717 615 2239 -81 767 -268 528 -489 -125 -1765 -1446 -1525 6 639 503 119 -1389 -561 869 491 -598 -168 345 642 179 1045 331 -220 -1196 -1781 -2464 -1475 -1522 -1545 -1206 -552 -2188 -2210 -857 625 837 335 506 103 -1446 -2081 -640 491 1232 584 653 -30 1128 930 1545 1286 1410 1205 53 -706 -298
-170 -1374 -1352 -656 -332 331 333 -452 175 915 -137 90 161 1447 1126 -672 -1188 -1117 -1255 -165 1114 951 625 267 157 -433 -1813 -726 23 541 -713 -330 -1344 -511 -1164 382 -790 -1241 -803 567 194 191 1274 1512 725 517 2185 -362 -2 -600 -691 494 261 90 458 -183 -1278 476 1524 1374 1005 1031 918 -178 64 -116 -138 1 -108 5 1600 1243 -119 -419 -1396 -1344 -1339 -697 -1534 -1128 -184 -664 -536 -664 -1144 239 -349 -185 878 686 925 1441 1624 1308 935 294 939 1294 208 -55 -1063 -490 -1577 -844 -1172 -657 -1361 -1377 -2067 -890 76 111 84 907 495 1401 1073 610 -882 -1124 -303 1430 477 815 793 1407 1140 969 318 -598 138 778 1421 166 944 252 158 -198 600 -1262 -1042 78 -113 540 -1026 3 -1322 -359 92 -150 221 891 275 891 -974 -241 443 -20 406 1643 1472 792 -287 -385 -219 -39 136 -277 -8 1319 1711 1480 -459 -695 -101 1975 531 208 96 109 1402 481 459 -626 72 -136 -1723 -684 -465 49 -273 -859 -1250 -778 -1432 -1098 -289 -184 1643 -621 570 -91 -60 -124 1235 924 285 -424 775 342 763 -204 -123 -725 -531 173 -246 771 1684 1345 1369 605 -886 -1047 -1870 -417 -125 92 252 -627 -594 397 -615 436 -363 -151 -699 -120 121 -237 349 236
-281 -1114 -197 -118 -411 461 803 1208 454 422 178 -422 -131 -2064 -1147 -1374 481 95 88 -1096 1154 786 1194 -219 52 659 1348 630 1254 -601 -767 -1725 -1251 -80 479 1085 140 5 -2002 -641 -168 2458 1409 538 753 726 114 -1098 -1049 -1467 -890 -469 -123 918 -154 205 -50 -570 -514 1330 1431 1203 654 248 253 -180 512 -228 945 966 768 467 1187 1144 386 1240 -398 -1450 -1538 -1643 -1317 -513 -145 563 -174 300 1137 1415 895 233 903 342 207 -796 -183 -508 -90 -1290 303 1182 702 2040 969 1091 585 -1036 -244 -575 262 228 1369 1508 14 -442 -613 -1234 -431 200 -884 404 180 -283 -116 -1081 -1017 -819 -437 -313 -676 -489 -1349 -646 -109 -931 -2391 -2657 -256 492 1057 1240 131 583 319 1408 -38 -377 -954 -728 -1145 95 -788 101 -1177 -13 -146 1463 317 1145 -118 375 177 297 753 887 1148 257 1058 360 1486 1003 795 523 1407 1559 431 -118 -997 -2397 -3847 -2523 -1014 784 1111 1488 -463 545 -362 -334 -1079 -177 1130 -228 -1019 -652 399 1044 -122 163 1288 779 -968 -2865 -1483 -159 86 -67 -20 -334 -108 78 1636 787 469 604 181 184 510 269 635 1225 -80 215 334 1274 -172 -1478 -1370 -243 756 605 -640 1084 1086 658 -699 -871 -6 249 -825 -1249 -1551 -1724
-721 558 -408 -161 -155 144 -241 141 1143 602 -502 -1668 -1110 -1603 -1065 -1383 -1212 -793 -514 -722 -1097 -1405 628 313 -119 -862 -483 58 -1190 -936 -1160 -756 -860 -591 236 690 1150 451 859 -655 -622 -816 18 963 540 1047 563 1230 105 -24 -148 232 784 304 681 737 744 1328 1324 -558 -291 -717 -1093 -1030 -314 62 -704 127 -353 -235 292 842 -932 488 -300 -753 -1200 106 188 628 962 24 -354 1287 -910 410 317 314 997 -307 330 -258 176 -96 315 210 1177 271 33 -86 -140 643 -45 -154 -234 196 -346 -777 -261 -396 -466 -275 736 1307 1000 1150 404 -711 -817 -947 578 1006 1087 1138 1507 237 311 -577 437 -127 72 13 -770 -5 128 -1194 -2548 -3469 -2445 -767 185 978 -440 -1146 -772 -96 400 342 -1011 -809 -880 858 633 499 1168 542 321 -137 -283 228 -29 -239 -607 -168 1276 121 -448 -1211 530 714 1473 -48 -448 -1153 790 -914 -472 -1266 -406 -307 144 -1257 -469 -675 -290 -1109 -522 -679 -42 -988 -343 1188 1802 1031 666 857 1114 -615 -345 808 1091 -275 -758 -1303 -89 -658 -1569 -934 1364 1170 520 -61 226 -73 -351 -516 -1316 -1239 -1775 -875 -587 704 -451 994 -78 1310 1940 1827 140 -150 -691 -213 517 949 868 -1046 -2497 -422 473 693 1073 786
928 264 -222 114 -1400 -196 151 -46 -197 -228 1000 -39 435 -269 166 -234 674 -1020 -530 768 1592 -356 -2125 -1148 -471 -547 -791 -341 854 591 470 1114 495 592 -1021 93 76 -197 -1190 -703 -204 -36 446 -353 -523 -1213 -634 -789 476 1093 811 229 656 831 67 -405 -292 690 1992 2280 940 -926 -671 -630 297 1156 1943 603 503 846 552 1025 1991 1117 507 575 -308 -750 797 485 986 1188 1047 317 -836 87 -513 -105 -635 -1348 -43 135 296 -958 -378 -145 1425 1602 1848 1037 -906 -320 48 828 1588 119 972 -757 79 -384 -278 -855 -1606 -2564 -1187 -221 -620 556 -637 1038 290 -941 33 -673 -577 -1140 240 871 1481 -471 -553 -1278 -991 -515 52 23 397 -769 -1026 -1755 -2019 -505 63 -96 -781 -647 -585 219 278 407 74 335 1223 1840 242 632 -321 -453 -716 402 -804 -174 140 309 145 568 151 109 20 772 745 -71 -320 -887 -631 -70 50 -2087 -1723 -1401 -1014 -954 -493 -117 -844 -175 -700 -778 263 -772 195 -1849 -1207 -875 84 -1168 -185 850 1918 4 624 489 1287 888 380 819 1062 1198 -400 47 1311 973 -418 -616 -676 -1170 -739 -244 -414 -204 -1291 -414 26 -569 -700 -1288 -77 436 166 -462 -972 -182 -894 -1427 -1932 -184 174 -71 -1322 -1731 -1275 -1127
-384 417 -267 -549 -900 -439 -734 463 837 -585 -1274 -1019 -444 -499 -804 161 60 1361 829 633 1143 895 682 -1858 -1406 -1044 59 -264 -1161 -1008 964 -453 -214 -151 -431 -801 196 1013 1290 413 -347 781 1733 2703 1299 664 -578 -385 673 -744 181 1015 308 289 241 364 -100 -1021 -1869 -1391 -740 -96 -40 -365 -90 -958 -371 1006 1279 1997 1792 1518 -484 -126 -922 -682 -1294 -906 -223 -223 193 534 106 -1077 -2587 -2374 -904 -779 -72 247 -138 67 -60 281 1337 -576 294 683 1437 2542 1782 779 -812 -247 1870 809 102 326 -361 216 361 1193 1173 1283 -338 98 680 403 440 249 -12 316 538 1031 947 200 55 255 353 1061 -230 77 -1339 -437 -269 -119 27 179 981 582 458 509 24 -537 132 1245 1668 524 70 522 706 588 161 -77 14 -221 -1252 345 19 -129 905 316 860 1535 1196 674 910 761 53 -1247 -706 -1193 -397 -37 1363 -276 491 -10 502 524 1163 112 189 80 -36 -462 20 1058 850 1810 869 142 -834 -1601 -1225 425 -1013 -1697 -1622 -22 174 -36 634 -156 842 -446 -241 202 932 1062 -968 -1268 -803 -1228 -594 -10 37 -1458 -1259 -1325 -488 -120 -1132 972 1381 1871 526 -106 -455 -851 -1252 -1982 -606 182 448 31 -747 1350 1048 546 400 154
275 -1075 -980 -1212 -1765 -871 36 -538 640 260 -676 98 -324 451 442 33 12 352 -314 68 -1048 -860 -693 -1197 -1537 -795 -274 -62 -472 -816 -1175 -470 177 335 648 255 -811 -2082 -1371 -796 145 -1023 -213 -672 -52 333 767 1705 1239 1431 1501 -201 1203 3079 2350 1165 -199 -68 -444 -449 -263 -430 -1402 -672 -1456 -472 -1276 -598 -177 1181 382 340 505 47 687 831 963 1471 1286 1233 -102 -1561 -31 356 632 950 799 434 -269 1 -325 672 455 -961 203 371 1610 559 1252 1548 400 25 -242 -1258 -338 39 491 255 47 920 -1596 -463 -747 168 1407 1666 146 280 -173 23 605 -573 -544 -13 -645 -26 530 942 583 -125 -550 -519 -548 688 219 564 676 -401 -269 -356 1116 1357 2047 251 -153 646 929 722 -107 -818 295 1408 2073 2182 1150 735 545 -312 -498 170 -1799 -987 -13 -805 -598 -127 -214 387 454 966 111 132 154 429 -5 989 170 233 491 925 1388 1268 1053 -125 -208 738 1005 603 -725 -1587 -805 -674 -359 208 395 818 -171 -776 -2433 -1410 25 291 698 369 735 481 322 -916 -180 19 464 250 -799 -165 217 220 188 485 794 -364 -732 -1210 -97 -1363 -1356 -29 1061 -25 186 335 516 -278 151 673 -1106 -746 -492 462 891 745 -13 -411
-1240 -1755 -1358 -1653 -630 -908 398 -438 -55 -419 795 -583 -1031 -1819 -329 1370 632 -349 -333 849 640 -409 489 609 582 430 429 628 1354 1483 1099 -1110 -192 1145 1549 1642 1164 465 -865 52 894 1951 2190 941 914 585 271 -436 -555 194 -286 1003 -390 -1902 -548 880 -129 -1482 -1339 -925 84 1333 1806 -339 644 608 10 169 -334 892 71 -317 -873 -1195 -757 193 439 -275 -215 16 -398 -1001 -873 -1236 299 429 707 -280 -1168 -1018 -1866 -639 73 1186 1256 207 1749 1247 411 1134 1037 4 -519 623 1275 544 -401 482 -230 1325 1555 807 -575 -45 -1242 -701 -648 567 84 116 -466 1374 1668 982 -15 -589 -1009 -606 -266 426 -638 -1795 -2216 -266 323 749 1398 915 356 -1316 -1060 -191 -63 229 -133 -395 80 93 1497 176 -273 -765 -1171 -1125 -1441 -116 -745 -136 943 1335 2220 853 625 606 830 305 221 196 -131 -494 179 -326 556 240 204 -1949 -2164 -990 -680 -439 -2431 -1420 -1270 -77 -579 -605 -255 -200 558 557 191 -557 -416 -894 -1181 -965 -1294 -245 84 170 -238 382 181 -501 -589 369 774 448 -1000 -539 -199 -670 -534 -813 -187 -539 -685 -2227 -1690 -287 509 -511 -2239 -872 -415 -312 -194 -415 -220 -1317 114 402 -613 -1178 -609 216 -531 -5 496 77 1244 66
1652 392 -887 -1944 -2182 -1142 -757 -726 -766 -958 -1465 -571 -1151 -1458 -1692 -1203 -10 116 -1439 -1075 70 63 -393 -1343 414 -204 281 -155 -59 391 506 198 934 248 -525 -500 20 655 201 -1828 -656 -583 -492 -792 -1296 -147 -69 -793 -142 -2055 -555 -1122 466 355 -1919 -1863 712 429 -809 -1157 -1147 -940 -1264 -715 -1055 -453 1 -1030 -273 -539 218 -623 7 93 682 -267 1469 818 738 -398 622 508 853 587 -66 368 537 1459 -874 -112 -1033 -1 -10 -887 98 -1515 -196 -578 -96 -419 114 -646 -398 -1029 -772 1559 1056 1655 -114 260 -753 376 902 1099 111 -618 -1711 -1428 -567 -415 -503 -317 576 1122 189 -1085 -498 -430 -1619 -1993 -1137 887 684 339 -52 -3 -543 -441 -1980 -882 -539 -182 -1290 344 -330 216 -1242 -988 -1529 18 162 0 292 -476 -655 -392 474 277 -757 -432 65 236 1319 765 1726 753 865 374 585 1021 843 355 542 -376 -132 -573 249 -725 204 959 1488 1333 453 543 -610 -151 -1616 -1170 -1240 -44 1234 524 189 -547 106 -297 1039 -771 294 -636 -96 -599 -274 710 385 -447 -907 1017 362 -34 -392 35 49 33 386 1700 718 1321 2243 1028 443 918 -578 -1233 -261 339 907 402 151 -181 -1703 -1125 1446 1433 44 -717 1767 857 -247 52 689 14
499 702 -552 348 -273 -832 -1649 -1070 -756 194 619 -270 -307 1067 1038 1506 -63 213 1035 -210 -44 -701 -668 -1546 -627 -149 200 130 582 -76 -872 -212 482 23 747 162 -28 847 657 825 -135 -327 718 713 278 369 139 -730 -294 -125 1515 -24 -1207 -2002 -593 252 -481 -138 0 289 -600 -404 -1694 -1106 -1128 109 -161 -494 -728 -124 415 1055 -118 -165 -443 784 -534 44 -303 -499 -682 -135 1210 513 1540 1278 846 -24 311 -69 -741 -3 -1806 210 581 1525 630 706 1206 413 87 -1341 -1079 -756 423 -51 1370 689 1346 194 -672 -1545 -1752 -913 -837 -1417 -923 969 762 1929 1479 1245 481 470 404 966 -225 640 347 781 -725 -873 -1927 -183 -488 -26 966 1221 1346 394 -263 1209 -669 -596 -597 -43 706 -150 -103 -1091 -1044 720 -149 871 394 -666 -1095 -1259 21 422 -78 553 -271 -1138 -747 -222 -257 -794 -545 -15 294 137 532 495 71 350 692 1060 -259 -875 -450 11 140 -744 -856 -185 1285 151 -217 -1290 519 -331 1088 17 -274 -1238 -790 -382 138 63 426 -14 -455 -32 -93 1254 -589 -675 -254 1008 -49 -870 63 17 101 -812 -1020 -170 489 1052 621 203 -1003 -623 -546 -278 -176 -651 -921 -1934 -447 -13 168 -188 -174 -775 60 -108 923 37 841 837
265 -387 -492 738 -610 714 -483 -215 -28 -260 140 235 -910 -1022 -287 623 2246 617 -42 788 771 -400 112 -1437 -694 -722 -334 187 -87 1191 614 605 317 -460 -1310 285 1100 865 560 649 268 1067 164 1080 208 123 -410 -130 238 -423 1778 3509 2940 1622 -132 1172 728 528 612 1553 1201 1639 1800 1601 1547 205 -624 -1311 -505 -898 274 747 1878 2202 959 -173 453 1120 1166 1315 -680 -424 -905 -388 -503 167 822 214 -55 74 412 805 299 -1488 -1875 -693 747 736 289 1178 -408 -331 -902 -1014 -1124 -113 518 -350 266 -593 196 -130 1087 851 559 578 1267 -115 -355 -830 -73 20 986 159 -60 -606 402 -1648 -822 -177 707 651 411 -200 -1612 -592 -467 -210 -1661 -1497 -1792 -32 913 1489 -605 -8 343 144 -477 -559 -652 -29 280 318 -196 470 843 -104 -38 -501 -521 -523 -1216 237 -129 -684 447 -155 653 105 -397 -618 -343 118 -611 -975 -585 -131 688 563 66 -682 -97 -34 816 262 317 502 631 47 -624 -1458 -1060 -267 1272 1927 1257 -383 -792 -51 6 564 -104 103 -104 534 788 1207 571 334 574 -811 -1653 421 645 1643 1651 1820 1868 1148 -1014 -190 581 266 328 -288 -114 185 -394 -1104 -2142 -828 201 -1033 514 194 720 -348 -954 -655 -721 -1129
1938 878 494 209 -574 -329 -566 -787 -922 -660 -1066 -286 293 508 12 -790 -1126 -69 148 0 695 -526 -673 -505 840 1305 839 1299 591 128 -63 -1255 -988 -2026 113 -87 1447 1745 1078 597 2022 1007 890 550 201 -739 365 -138 1059 -120 303 -936 489 823 -172 -236 -502 420 -276 -618 -2767 -1686 -2240 -593 -99 -189 545 104 224 -668 -964 -201 -53 -590 -543 -144 -933 -68 -969 -272 -259 876 419 280 1073 -563 -305 -975 1138 1412 765 1401 319 1088 314 -1456 -202 -676 1597 336 -479 -2255 -1300 629 2129 1093 751 424 908 1575 299 559 472 -53 323 -371 593 971 679 47 -414 258 1120 1859 -128 -595 -830 -22 -249 -366 -905 -1212 -1818 8 591 459 826 718 192 668 1662 926 -303 215 1297 850 1260 2674 1865 1167 66 -93 -260 -2002 -1277 -72 566 -78 -560 -1406 169 -212 -325 -359 -253 -4 -673 -517 -12 666 1049 436 692 -518 -217 199 1180 -399 -671 -559 -274 -394 -860 229 1202 597 1249 524 168 -280 -35 -918 -300 745 136 414 -288 874 277 -360 -571 -266 -836 820 267 -342 -1499 -1550 -981 28 1314 1309 1008 281 -401 31 -81 -294 -653 301 283 219 -315 -92 -1148 -175 -155 575 -443 -805 153 282 39 800 240 -64 270 -272 -44 1133 -210 -1960
-987 296 579 -12 -348 63 849 518 1264 261 1157 -579 -120 1226 1707 1781 756 -50 -27 493 -610 -453 62 -160 102 489 -100 604 451 1591 1079 594 622 -1710 -1176 -1041 368 988 1250 249 171 15 597 -379 -4 -630 -627 -1197 -291 735 1613 905 -1013 -859 -691 -111 -438 1350 1601 2117 1553 1567 1954 480 -673 325 -100 -136 702 368 -115 -530 268 230 -910 -730 1033 2031 2309 542 -1231 -1546 33 145 1073 -181 130 -1883 -623 -256 1676 2383 1016 -996 -1064 -1188 -286 -4 387 -459 -492 -310 -613 -1036 -1570 -958 -514 -225 121 457 565 283 -490 442 -241 357 562 469 223 -542 -604 -1532 -494 404 1302 38 401 244 989 202 283 155 -173 155 -158 459 112 -242 -1290 -1687 -557 -210 -294 104 -575 1038 -296 -1233 -933 232 1445 1657 2412 2059 551 -142 534 971 -307 -355 -664 680 1111 684 1363 241 -516 -506 -877 -523 -1482 -1005 -1156 -320 -1000 -155 462 318 935 125 -278 -346 488 1076 1046 646 -445 -1135 -967 -841 -735 -186 -491 -315 -596 -71 25 -851 123 462 -163 751 904 454 212 82 -392 -177 464 -1309 -1151 -1543 -860 -1072 -908 -1567 -1364 121 -745 265 38 1516 970 735 320 -47 -498 463 -244 -109 474 728 -129 -799 -82 828 975 1364 387 193 855 1073
-1527 -1210 -373 143 -81 1129 501 39 10 962 1208 635 -449 8 -873 581 620 1029 798 40 18 -2358 -1147 -1106 466 228 -715 -1004 -524 -1294 167 170 891 912 827 -82 669 1018 1840 733 -858 -283 -891 -935 -1245 -868 1485 1102 833 -130 68 968 816 486 616 1799 1330 -51 -1573 -795 -671 139 134 -1220 -475 -1424 1534 171 -251 -781 472 273 -45 -1212 -1239 -165 369 556 -321 651 883 709 727 -516 855 -826 -187 313 1064 44 -1153 -1169 -1141 -1188 -833 -1603 -1054 -1279 183 539 1283 1330 1903 1553 461 -424 -556 616 127 1270 326 575 1182 333 840 69 -1751 -1053 80 1755 1586 1478 1709 304 -682 -278 588 665 1861 1317 835 -187 396 -330 -135 -282 1041 601 616 673 1215 266 -414 -575 -901 9 1191 405 189 -1231 338 45 -546 -525 957 2135 389 -1285 -882 -723 283 1008 975 576 -249 -952 -792 -432 -727 -1316 -405 -843 -180 -761 -636 -458 -946 161 156 660 -738 -252 1080 1541 535 702 826 -57 -574 -1344 -1390 -716 -455 -265 -87 -643 510 -234 21 -1519 -363 -345 380 1134 -484 -1237 -2101 -1520 275 2274 948 537 -156 818 187 487 930 110 842 653 -537 -512 -1477 -1306 -1202 486 -204 -806 11 612 1477 915 953 563 607 -1123 -172 206 -81 -541 -1168 -844
145 251 -935 42 423 1682 381 686 -4 -302 -216 31 -596 -421 -150 -154 -1008 -910 -394 -731 690 723 837 -587 623 -746 273 -423 674 -17 934 -243 -81 -256 454 1065 479 -617 438 510 741 552 475 72 -222 -1403 -430 -376 1089 181 -649 -1811 -816 1375 -485 -367 -509 821 852 820 1028 749 2161 -184 -90 -1032 -1209 -151 1344 186 368 -2 178 768 -47 -23 1191 710 156 -1842 -1894 -1198 -650 -440 -76 183 -157 176 -179 750 329 186 184 658 452 318 -973 -408 -275 -1715 -1468 -590 -3 -925 -592 381 355 907 352 121 -1208 -218 -991 326 384 901 314 902 -1284 -312 -103 -838 -873 238 187 -586 -922 -742 -522 -458 -258 -1083 -825 -1191 -557 -151 -864 -1134 -634 -781 322 -506 295 538 309 54 -33 -251 719 -10 471 -562 -210 -432 -608 259 746 450 -158 626 1147 951 -76 -83 256 475 -35 1236 962 584 559 418 1313 1043 647 -297 -523 287 420 -329 -595 -1408 155 1184 493 -512 -216 -406 -791 -442 79 -7 376 607 -284 38 365 159 683 291 -967 -201 -159 782 920 757 346 -280 -1008 -890 -168 802 -296 -1076 98 870 192 -819 -1314 867 1742 1080 1311 56 -89 2 -936 -419 341 725 792 -647 -214 -416 936 691 930 -457 40 -1491 -888 -741
-1336 -1359 -657 -1616 -489 1302 26 836 -343 -303 -1184 -731 -945 -710 -1462 255 1091 927 636 148 496 86 -450 -810 -436 245 -903 -2121 -1810 -1568 -1178 277 796 -59 -387 281 1214 1062 437 1444 663 491 209 -200 946 860 679 -1227 -727 22 1208 747 156 -318 676 293 -1081 -1020 -860 553 1140 -119 -843 -780 1465 1536 1648 453 1670 1481 -37 -135 -397 -401 -75 -838 -228 -10 884 360 -116 248 1250 -206 -715 -1339 -783 134 -267 -65 1056 840 13 -757 46 552 -116 -648 214 439 -227 -166 -461 -738 -611 -1709 -368 102 265 9 -390 -341 -361 -1107 -663 -414 -370 -232 54 -1314 -942 -919 -25 -1069 128 974 1522 1590 1286 160 -32 -494 219 561 -356 169 -628 -392 -1078 -690 -485 -763 -1540 -1074 329 1142 1378 612 -184 542 -1050 -1204 -2273 -217 -1411 -418 -1685 -670 208 -622 -619 -158 1003 382 392 -420 -895 -531 -567 615 -203 -743 -1213 -677 -1678 -1452 -1066 -343 878 -207 -1699 -603 436 1416 2430 1474 117 -602 -1566 -1975 -1979 -761 -1595 -946 326 125 384 -487 -946 -319 38 854 -743 8 -988 -220 -684 924 1053 1093 -866 393 144 929 413 -483 803 1229 812 700 87 656 -349 362 555 922 993 1174 -387 -783 -1268 -961 -915 515 143 907 606 628 216 -242 535 -286
1810 1428 1188 1468 2194 1050 106 -1142 -97 1507 1704 726 -151 344 1418 403 -776 593 940 1341 2437 1333 2262 1537 1748 303 382 200 -588 867 1024 1444 -858 803 283 6 221 1149 1961 880 -58 -449 -886 -700 -940 -440 -290 308 35 -542 -990 -208 -112 -146 -672 -56 -163 -811 9 -1319 73 -384 443 -1277 -2334 -955 299 195 -927 -781 418 105 454 786 404 467 -49 -314 -823 -1162 -669 -1276 -565 700 -139 742 -405 488 -289 -837 -37 410 1488 1074 -416 649 481 -87 676 1264 2119 1034 20 -172 -293 1094 160 466 310 795 -7 177 208 -125 -320 131 503 524 594 261 191 -544 422 1478 960 -1096 -1730 -1056 -381 1143 234 431 -71 89 -13 931 292 608 4 -73 421 -126 1572 544 712 -680 782 742 1272 600 183 -195 97 -771 -509 -1464 -1917 -1675 -1329 -51 -140 -1477 -487 430 1853 1506 190 -536 -859 -786 72 37 332 605 -44 -434 892 1493 2034 1958 1787 245 837 24 513 181 801 545 66 -1569 -2666 -2159 -821 691 380 662 296 1029 1503 422 380 766 17 1386 498 628 -610 -223 -311 1423 -273 -327 -742 -1926 -334 -612 -638 -1506 -266 918 1003 866 666 622 -408 -462 -1255 174 628 -936 -288 -139 985 409 41 858 -104 439 -731 -87 18 -287
1923 872 809 -69 622 1180 1193 79 87 -1502 -545 -1252 -515 -418 46 326 -297 -914 -245 338 45 -314 -392 -435 671 -392 -667 174 876 1088 687 683 -374 -923 -1987 -184 -1096 -1180 -342 -710 904 587 512 -1009 493 -365 -356 -1695 -853 -681 966 397 465 265 -1020 -8 23 659 381 1134 1948 259 -274 -1562 -256 -742 -467 -53 -60 -539 -571 770 1180 -37 -702 -967 -285 -105 -386 -1149 -329 -263 799 -779 -443 -1376 -1069 -1573 -685 62 168 -611 747 1110 1586 -320 -299 -1254 -581 -83 1706 1632 894 -383 41 220 793 84 -1495 -900 -1231 -119 -610 -734 -549 161 135 659 321 53 292 -252 -1045 -1109 166 -755 -989 -228 -392 406 174 1190 929 1316 154 201 -574 -561 259 -325 -761 -1147 -687 164 700 1229 320 537 415 -871 -963 -495 -200 1469 133 213 1649 35 -131 -1377 -84 143 112 -392 -8 151 361 761 927 -11 289 405 -805 -865 -327 -758 -1708 -977 -1132 -856 -784 436 -255 1016 1220 997 110 -924 103 786 878 287 -218 -882 550 16 73 -1082 -1399 -1753 -459 15 438 200 -481 -206 429 88 -1440 -2453 -1798 540 1339 1713 746 -334 467 -365 387 -348 544 1510 1503 1630 862 712 514 67 -882 87 -277 -936 -1352 -1063 16 -560 452 127 10 -878 -1062 -372
824 -4 740 -6 754 1107 800 1475 345 165 936 -370 320 -1185 -824 -1163 -984 -176 -1008 -842 677 722 -596 -398 -1196 -83 -1454 -1251 -1742 -837 932 -2 552 299 278 -1612 -575 -570 621 -715 -577 -213 765 232 -1079 470 1103 1253 -478 -1194 -1113 -514 -563 82 -145 -371 -896 -1223 212 190 1146 867 504 -768 -31 -699 493 -579 -553 -546 176 -741 -580 -215 46 0 -810 -1318 -563 -838 855 -493 -236 -144 31 -312 -474 -1058 -760 -906 -112 -917 -1222 846 578 606 -1269 -670 756 796 -520 -189 -527 1042 -40 -996 -1490 -1258 -460 -718 5 -211 -1094 142 -813 -1022 -362 470 385 322 11 1241 2423 1816 594 314 -260 893 572 1244 -567 288 84 865 736 1257 650 691 635 431 1516 377 289 -214 -341 -1564 73 1085 544 115 -439 -1113 303 -1469 -825 -1992 -2306 -1669 -1366 -1051 -422 -1274 -56 314 970 951 255 -208 694 1234 875 -1150 -1328 -2168 -1066 616 1741 1414 831 1519 117 -443 827 1911 1857 -16 498 -9 143 -2006 -890 -849 -58 310 -1045 -900 -464 -235 920 -666 -1599 -1111 -1152 115 -545 -541 -597 956 1751 683 463 191 209 -991 -619 -373 511 644 979 872 1128 782 -179 -278 -973 -206 -1438 -1654 -1445 -1420 194 960 -140 536 93 102 -1429 -336 -201 174 35 -1068
2026 1749 833 -480 -1226 -446 1362 1910 1114 -362 -1891 -2104 -947 276 780 1351 -378 -29 -421 646 1013 1588 1489 423 -744 183 744 1302 1082 1141 1373 393 -359 19 861 1767 1497 183 243 -729 -163 179 -171 -706 -57 -1430 -1201 -1078 520 677 1753 384 -471 -246 440 1261 745 1159 862 838 -775 -1058 -1537 -1802 -946 -127 -324 877 292 386 -1172 -368 93 -36 551 533 1052 460 -972 -1961 -554 -741 -193 -1262 -1052 -692 341 -380 303 -124 -432 -304 1217 506 1485 1366 -395 -2436 -1580 536 1872 1567 843 -5 736 765 -289 -1910 -1480 -132 -815 -747 -1233 -1136 -881 230 -1260 -232 363 1177 107 -1216 -1472 -472 408 -421 -950 -3 -1113 212 876 626 665 650 237 840 811 -256 843 459 1332 1216 24 -222 -842 -61 -834 -463 1022 -850 -438 214 231 -48 -346 -54 1404 335 -1410 -1233 -1905 -429 -618 531 -322 -339 -14 -142 290 -720 324 1191 1450 536 866 -833 -1479 -187 -1522 -372 -101 107 -425 -993 43 -165 -386 -1048 816 1008 2400 578 1392 1118 591 480 -164 -995 -623 -624 1904 616 97 280 632 -317 -1128 -1309 -91 777 961 24 -509 -171 19 859 1555 663 738 -268 44 -828 -24 -600 -1016 -1275 -513 -845 -1174 263 63 -324 -282 -841 -109 -152 181 -842 -255 500 -150 545
-883 -306 -914 247 1 -442 -392 -1329 -534 -365 544 -329 -173 -1333 -843 -276 377 818 211 -348 -141 -1039 -1748 -1478 -1100 -238 -610 -511 -674 -1401 890 696 975 76 710 537 1408 839 -553 -1165 -872 -1178 -815 108 807 254 349 -1054 -1434 -323 -684 191 627 707 604 37 1345 123 245 1103 1429 614 334 315 -804 -786 158 371 547 1086 1171 458 406 -602 -123 113 -105 -882 -567 -985 -898 -674 -251 176 103 -403 306 -55 632 1016 589 -166 188 318 -223 425 883 1626 1508 774 -850 199 382 -79 -344 -2308 430 -857 1487 454 574 171 108 456 299 -543 528 965 1163 506 -261 -1261 -643 -677 -805 405 215 679 110 -706 107 1271 1605 1710 1395 -228 1298 2404 2191 -54 -39 -1194 -48 -233 -1354 -1429 -640 552 -803 -294 130 -127 104 -1661 -176 169 364 1676 456 824 445 -87 348 1057 597 1382 1380 2165 1173 972 -149 -1665 -840 -1032 800 141 -418 -764 -769 -138 -944 -835 248 1067 297 -977 -755 -1796 -2352 -1693 -635 276 -102 -608 -260 500 795 1144 552 230 509 1789 573 -1283 -1346 -673 -409 -1254 330 -1567 21 -898 -465 126 295 1290 398 590 -333 876 -384 94 -892 -65 1092 -389 -759 -703 11 -237 -749 -1680 -1406 -593 -283 -541 410 842 955 0 -146 -1263
-661 -340 -799 -785 -437 109 1831 1023 916 -1015 -1667 -1794 -1395 -476 -1226 -257 -116 325 353 1257 1514 1992 1279 559 -213 -354 -465 -203 954 884 -730 -2089 -1105 -500 881 1501 2264 1139 1882 1044 1478 2648 1325 392 -567 -139 -15 1631 781 -174 218 -513 -997 -156 310 -701 -636 -380 226 -254 -2051 -831 37 -594 1041 734 301 1627 -1093 -253 -890 -690 150 649 960 695 892 999 -131 -614 -917 -1165 60 886 839 -184 -648 -990 -1160 -1514 -297 679 696 249 280 -314 -285 -203 934 613 -650 -1945 -2006 -861 -771 -1514 -1639 -1580 -194 -44 -1513 -2296 -1437 -810 -229 26 576 -309 -600 -750 -1060 -1287 -1506 -276 -363 433 242 844 -165 -131 -71 1859 2143 1377 988 340 -140 -1188 931 648 1189 1204 30 -126 -551 -901 -11 -193 -43 -1412 -993 -994 -1139 -1999 -1259 -44 1330 424 -173 12 -443 591 447 -803 -344 567 -146 -408 -358 -306 231 1545 158 168 -177 104 -92 533 -713 -427 -256 -583 -1830 -1377 -1331 -855 -548 716 987 375 -640 -1520 -2719 -1230 -1352 -742 539 259 1338 1460 527 -966 -761 -995 -1937 -2095 -979 -119 176 212 1126 362 -683 -758 -1359 -627 -70 -534 -586 -531 171 278 108 -111 316 89 547 381 -265 -216 -828 -441 -656 499 1273 1087 779 -432 444 583 1127 1465
-1403 -527 7 1128 1399 447 371 -236 906 876 823 1060 922 456 -591 -956 -820 -37 -852 -926 680 -337 -276 -940 362 369 750 659 384 -491 1155 273 -8 -551 -195 -1278 -1086 -1665 -240 -575 615 -805 -1568 -1106 -647 -127 42 -474 -1126 -458 -2008 -980 -529 -701 -213 509 -863 -579 -598 -35 957 682 214 473 -708 -93 -8 559 787 376 -1363 -8 -1479 -1192 -354 -3 -491 -1418 -427 -509 649 -387 -765 -1110 -662 -874 -269 -28 1327 1005 -210 478 749 1463 41 -85 -805 295 652 445 1120 1183 124 98 -113 -46 565 1311 1488 2646 914 821 -183 -250 497 -783 21 148 1239 569 473 704 503 223 -1218 124 -207 1238 1181 949 977 -368 651 30 -396 -468 432 348 -891 -1124 -9 159 546 -153 -1877 -1250 -755 -85 433 558 695 -631 -258 -366 1123 383 -1315 20 -24 496 1547 349 928 222 -181 227 1478 339 183 -347 -12 -1538 -1814 -860 536 1013 168 -713 -1507 -1402 -820 -1018 -812 -143 -1916 -751 -417 -756 124 275 1800 767 412 22 618 1211 -696 -1315 -1007 156 1352 340 -147 -625 -356 -1247 -540 -7 1238 -614 -668 353 -682 768 133 491 273 211 -152 -297 -1521 -1513 368 -225 178 986 852 1430 27 -1112 -1499 -1250 201 350 730 1017 1387 99 -993 -1804 -2052 -956
-406 182 239 -215 -54 -676 129 -846 -800 -1065 -1096 74 523 -922 -1890 -2408 -1650 -795 -31 426 -433 963 1317 1459 785 368 118 11 -658 -540 -664 -935 801 1185 1517 2300 1596 845 783 567 1177 920 908 289 -314 -583 601 900 585 77 991 -451 16 -270 -450 -479 498 773 200 515 -936 -439 1089 409 1183 1115 -21 37 -1166 323 12 -409 663 1162 -544 -285 1389 2039 1418 -518 -1134 220 972 -627 -721 -1231 94 -402 -713 60 173 -649 -594 -341 173 -72 -180 18 1093 -404 -1377 -715 811 623 519 -357 -580 -556 22 -801 -907 4 -348 -1047 -205 -202 167 -887 -1030 393 -551 -876 -537 267 604 649 -126 -1091 -1708 -551 -312 -638 -845 -2262 -829 -520 756 834 772 521 -136 -950 -1865 -1216 -373 -470 -555 257 1089 589 1607 408 633 166 16 -212 -94 -14 -301 1025 217 562 -668 -850 -1068 966 192 -494 -1154 -1632 -620 179 902 963 967 188 904 -172 2 432 -182 -595 -1432 -1925 -1220 -552 -905 456 -430 -579 32 -1173 -219 134 1520 1086 1910 1642 1027 341 -740 -363 -777 -15 508 237 566 205 1189 -155 -228 345 -817 -532 -697 -529 480 391 72 -473 266 -962 261 309 1020 -785 -280 -266 -878 -149 -576 -688 -255 703 518 -194 685 -23 754 517 401 199
1057 1149 863 621 137 -501 1099 975 1469 1278 -138 -76 -257 -72 -577 -1122 -148 -309 859 614 1027 -330 -1712 -1610 -1228 -822 555 440 505 -174 496 -523 -227 -1359 38 -388 215 -142 225 113 48 41 -543 1029 1738 2166 1217 387 605 -1164 -528 -1034 -292 -46 298 382 83 1232 839 -682 -1393 -68 -359 -201 -203 -955 172 199 200 -450 -341 777 -983 -313 478 515 261 -324 1926 1850 844 -928 -860 -231 313 -205 681 1352 1004 -139 210 309 144 258 419 1258 692 819 303 1041 614 -320 -1473 -262 -470 -314 460 852 -572 -122 -617 -337 1915 1577 1314 -205 -336 -471 830 28 22 -99 -1632 -838 -1351 311 1420 1436 -597 -1925 -255 -1150 -710 -1547 -464 -429 -154 227 -1520 -326 109 2055 624 267 -1332 -675 33 476 1228 1996 1240 1265 325 10 16 590 -440 -511 385 -1017 680 1156 1060 406 913 992 1280 115 -563 -1834 -921 -1198 -643 -20 717 353 -161 708 492 900 603 136 -43 -830 -1041 -1172 -38 -634 -463 -884 -767 561 346 1287 749 122 -592 236 1031 1069 -507 -505 138 -96 -539 -373 -43 -791 -1380 565 -197 385 169 1147 897 -492 -88 -712 1429 1502 893 50 -693 -1254 -1497 -678 -607 272 1140 -679 -276 686 1337 1147 -220 -435 -750 -842 -622 -761 -1855 -762
588 -1079 -122 144 1052 -78 -512 -567 153 -144 722 287 -352 -1064 -1159 -782 -170 871 313 1034 -570 394 -5 -195 3 -338 -971 -206 390 -962 -243 -1779 -379 21 620 433 -580 -268 114 933 315 -385 -509 116 -920 0 3 381 903 828 406 -1920 -1086 -2172 -1002 -655 371 962 1712 1403 -801 -1549 -841 -180 -533 458 -704 -732 -1678 -1210 94 538 1275 1361 -618 -69 1384 1280 -181 -837 -316 -577 607 -533 1460 1504 663 74 244 -333 -1490 -1689 -1535 -552 -105 -1004 -1556 -2053 -1336 -524 481 880 720 161 1217 282 -116 367 581 562 -365 -396 -1506 -897 -260 -159 245 -339 -1228 -698 739 -549 798 -135 -216 -553 -1027 -438 152 -521 -287 -784 118 -1085 70 -442 235 -720 -974 -342 -2171 -1078 -506 1153 537 169 -644 -184 370 1298 1233 1610 393 -211 -530 -199 -140 -319 -341 -129 681 -127 861 525 548 296 -782 -737 -389 -1143 1009 722 770 -1003 22 48 1150 703 -530 -38 -1018 -610 -384 -312 -574 -55 -454 460 1468 355 762 484 1247 359 -104 237 -794 95 174 -30 -151 288 -376 1482 2059 1031 424 270 -859 -658 -361 1886 -280 303 992 721 237 -575 -503 -600 861 -10 849 1105 181 14 -397 -434 -1244 -511 -225 -61 381 540 -100 -619 -1141 -638 -963 -558 136 -612
2765 1477 1595 -237 -414 821 808 563 306 1395 -938 118 -187 938 70 157 878 320 383 329 -195 121 -863 -305 -511 -522 1251 90 1482 1466 895 -156 -66 -474 435 950 429 914 1036 499 1590 672 -218 -442 -1053 -469 -1204 196 -13 460 236 397 -532 -1292 -978 -1626 592 -701 -408 -905 293 638 959 -228 134 -743 -563 111 547 286 -88 -566 -754 -3 178 -375 -426 -566 105 -195 -585 -263 7 -353 -709 -397 -477 617 -912 -783 -373 -230 -114 260 1058 783 1256 -76 160 -1055 -1253 297 219 678 -598 -39 237 394 -89 873 814 649 448 -768 -238 -190 525 210 167 -1253 -1064 -358 -512 -1950 -222 -1079 -448 -735 -1022 -818 53 -1274 -762 -354 623 520 762 391 -144 532 857 679 28 757 715 977 1350 2233 1856 1594 1417 1630 -36 -902 -210 -588 -55 -1152 -188 -1706 -439 644 675 -742 -200 -810 -364 -950 -137 241 -1288 -736 -36 851 -213 -190 212 148 -469 -1671 -814 -1889 -791 -1318 -883 -1753 -1573 -1547 -809 1064 1754 894 953 -267 666 -24 440 -351 -1318 -617 -769 -345 -1152 -656 -112 -56 135 303 -961 -72 -888 -961 1235 1328 585 735 684 1432 -657 870 91 679 227 1080 102 -774 58 -481 -471 -2242 -1923 -575 -186 113 399 796 1133 -144 -251 -598 -1109 -184
883 -280 135 -229 673 -882 -396 539 114 508 -567 -598 -528 844 1509 1001 -334 685 -143 -684 -1574 -823 -421 809 1394 1185 472 400 -517 -1014 637 -269 -110 -734 -386 573 486 433 278 741 5 642 1667 197 47 -1307 -358 -934 -574 -921 -988 -2026 -1252 -1283 -782 -754 -661 183 504 -429 -127 -594 140 -384 -806 -918 -243 -530 74 -507 342 -261 260 914 534 564 290 593 406 -555 607 639 1529 1170 0 945 521 31 -197 305 -52 135 -565 -657 -1358 -945 -1229 -1191 -1533 -759 171 847 -121 -184 -610 -109 1001 1098 1103 313 737 888 -76 -384 -536 -335 131 -1639 -2359 -1654 -467 -758 399 -323 -38 -218 1063 494 1012 -452 -709 -1262 -1266 -1093 -976 -1504 -2005 -861 -913 710 -540 14 542 646 -30 681 -370 256 369 1263 341 -153 620 1025 808 105 294 981 1429 1860 1597 543 942 1198 -124 -830 -662 371 871 1255 521 -207 -836 95 555 -428 -943 104 -395 287 188 -161 1012 718 1771 108 -246 -932 1037 -108 1244 736 600 920 -241 174 -1645 -1630 -398 -454 350 192 77 -344 193 -207 -835 -225 63 329 938 1558 -64 -1181 -462 -1314 -1439 240 -44 382 -753 131 290 231 -353 -526 -1534 -2085 -309 -384 996 -103 -352 -157 -400 460 -564 -538 -267 795 -43 -200
-892 -333 -623 -368 -463 -572 -751 -647 1172 243 -398 -772 -632 -484 -1415 -351 -143 -1338 -1045 53 482 -669 -957 -661 710 15 568 -127 730 -592 -1666 -1506 -1183 294 -383 -1043 -853 -1545 -548 -1450 695 -996 -867 -1358 -1646 -497 557 1154 580 4 -387 426 1883 647 1222 1220 538 1264 1115 1524 314 915 51 -231 456 558 969 -101 1056 -841 -931 -609 -546 -343 263 1253 1530 223 103 -801 559 -304 -509 -835 -264 -306 465 1165 181 -411 1073 -501 258 -399 -58 -548 -1102 -1185 -227 346 -306 242 -203 506 507 1332 2142 1387 1090 875 -181 44 -91 489 357 207 -753 -853 112 413 -470 -180 -136 465 -229 -1756 -1156 -693 -383 292 1065 -196 -216 -656 492 189 717 300 810 754 34 215 -236 -560 -382 357 942 -26 -1111 -801 -453 421 931 446 1272 1140 -866 -666 126 586 1376 710 -343 -553 620 264 672 206 1028 -30 -1190 -1276 -1535 223 394 839 -117 -66 -674 25 813 687 -56 -146 188 469 1049 505 -426 847 56 -567 -105 -1657 93 93 -341 -298 -629 -385 -649 -463 975 2265 2224 1052 -423 -596 -1165 230 -368 87 1978 2313 1494 595 -501 -1647 -2261 -343 1877 2055 943 2032 1130 853 666 806 1196 -156 -524 -971 -578 -888 -1279 -306 1059 675 -55 326 -226 97
40 -1258 92 -394 -465 -341 -1066 -1075 -971 302 -150 -69 277 309 358 -642 -135 -5 -423 -1011 81 741 747 -1171 -2185 -631 -585 -593 -753 -645 -70 -1107 -1559 -1496 -574 175 -606 269 649 957 408 1081 314 -671 -445 -902 -249 -223 -15 -276 -369 -717 910 1353 989 140 -733 -1000 -523 -1013 -269 -626 -39 -118 -386 173 1013 -130 0 152 429 -627 -74 583 -621 -582 -529 596 1065 581 1136 -214 1059 -826 -246 140 513 -681 -612 -249 -651 42 -297 447 907 251 508 -345 -544 -40 620 264 -1228 -1543 -441 -348 287 -412 -1146 -1086 -794 -871 -1069 -925 -115 177 302 -880 -1404 -1672 -73 -492 8 -158 410 65 711 1777 1730 978 560 810 911 1688 751 1273 352 1553 966 1174 570 381 8 727 734 1045 756 1264 559 859 -247 34 616 1378 891 -360 -692 909 -541 605 -406 -206 217 -1261 131 348 1470 993 -311 -686 -1145 776 875 838 151 1560 802 1821 1146 543 611 685 987 1230 155 -543 -1347 -60 -80 -204 -532 -751 -1377 -146 124 721 546 284 904 101 1248 91 321 -1153 642 37 -583 -1061 -2313 -1237 -388 930 -326 393 1058 291 466 884 910 65 -290 160 739 1555 820 1356 727 229 -165 -210 101 -690 304 -123 1054 306 241 423 1207 577 -37 -981
-352 -458 -139 -479 -67 174 194 743 227 -592 279 75 -849 -466 -838 190 -673 -744 -136 -180 -586 -947 -304 471 587 72 532 792 1142 948 685 862 454 1028 72 888 736 -1243 -854 -605 -433 -1280 -1434 -1082 -1133 435 68 1272 2045 2402 1669 307 126 48 1154 1093 811 -148 582 347 560 522 290 321 -73 -1030 -855 50 249 -277 765 1486 -365 -342 -7 299 -614 -1044 168 -198 340 147 -1000 -4 911 1364 2116 1965 1469 208 1266 1357 719 880 37 624 -822 -330 -91 184 674 263 798 -163 1202 152 445 -934 -1409 -1117 -1589 -301 -227 -123 322 129 -183 1220 1094 -171 -1579 -248 0 205 -619 -813 -445 -372 -821 402 -438 -705 -440 74 471 -10 -696 -551 -638 853 131 216 -427 -822 -1033 -402 -1443 -867 -173 -272 72 817 1485 -194 -360 403 0 -176 -584 39 -1258 -476 215 997 1181 618 773 1146 1267 925 -51 -474 -884 -186 -1156 -734 -1754 -267 -193 1741 1313 1184 4 -1000 -1490 -1461 -1000 259 321 525 1148 243 77 -1852 -1980 -584 363 455 407 -525 -622 -1292 686 127 171 -509 399 -142 558 -467 -392 150 1861 810 -773 399 414 272 187 -123 766 343 193 -161 -71 110 -271 841 1419 -1405 -63 389 1459 988 1051 479 508 -216 179 1236 299 -227
-115 -970 -872 -523 273 -610 -312 -824 -1 107 324 527 7 -1822 -1438 -1194 489 -301 -39 -1317 -820 31 60 -581 449 1478 758 -48 264 1184 648 884 213 1065 916 100 -496 459 -1308 -675 -1201 -907 -1452 -996 -977 -1023 -285 -371 273 -857 438 -212 1153 -109 1673 1001 668 -959 -230 -1285 265 443 -550 -763 -656 -870 -690 -560 456 1070 296 752 131 -585 -1596 -818 -352 -364 -144 -1190 246 230 2057 1515 243 -90 -840 -1383 -1449 -1270 -303 1537 2956 2094 1075 -233 -657 -371 217 900 335 1 294 144 744 176 52 931 -751 -521 -1078 159 408 435 194 -328 -802 -871 -262 316 93 846 1059 485 -307 -658 -179 316 103 360 154 1240 363 765 249 -313 -420 -1180 -1189 -200 573 502 -1167 -605 -76 -3 -1126 -689 -823 -967 -1320 -804 -85 1233 503 540 203 1453 -742 -1197 1085 820 1729 1361 2031 932 442 497 -800 -94 -1094 -39 1225 1032 933 671 1335 1855 1083 1254 845 1260 628 438 -461 -2140 -1507 -1101 -161 836 -658 -2239 -1642 -845 370 -423 -970 -1194 -516 -556 709 386 996 974 469 -270 -740 728 929 220 -860 -1318 -911 -210 1320 1093 1239 179 -691 714 403 287 -536 888 874 159 2624 1158 1804 498 985 -26 1071 -685 -415 -646 -349 758 1096 73 186 -429
1139 46 -1306 -1598 -988 779 -92 -347 -784 325 413 207 -539 -545 118 -431 -5 563 -418 1549 2031 1895 419 -577 -1308 -1174 -546 -191 -274 70 122 717 -58 543 803 -235 -361 -101 1306 762 452 11 -155 -755 13 421 -2 806 193 1009 551 329 712 347 -325 -853 -35 -812 -433 367 797 1072 -668 -658 -249 -244 315 658 986 215 -484 32 -476 1056 770 1408 472 -65 519 402 -176 -44 -1541 442 677 2068 1509 1680 -321 -45 -409 -859 149 515 51 -1312 -770 -761 -46 -91 265 -339 659 -470 -604 -928 -913 -1752 -455 1338 1810 1555 1239 -807 -144 -118 31 -931 -1922 -2152 -1469 -1011 -747 -32 -302 97 330 -704 -979 -1328 -962 -4 -161 -602 -1473 -1273 -778 -197 874 825 120 421 686 959 379 -196 -650 -1138 -637 -768 -82 -625 145 93 526 1915 1149 1180 871 831 482 1095 1551 163 602 1405 -274 301 -432 1136 947 247 7 534 1494 179 -687 -1140 -520 -1000 -1053 340 -154 1053 604 1037 683 1149 1492 1843 1674 558 -1533 -1257 -1392 305 -238 -67 -922 -464 92 -144 -400 -128 -530 -99 -632 -1473 -517 -665 468 402 -82 41 -773 665 895 541 460 258 1372 2007 1068 595 -204 425 1642 1783 1363 -1526 -485 -849 -399 -59 -493 -40 -562 -612 326 927 592 1040
-1395 57 1210 -210 -812 -668 -553 115 -374 -823 -961 874 1190 553 1204 925 808 -302 -47 -1123 -744 802 926 938 1593 846 545 204 600 701 -881 -949 -86 -457 126 -10 -251 207 618 1542 697 -1202 -1577 -417 -170 70 537 -870 -413 -1723 -728 -605 -1268 -150 -152 334 -865 -737 408 -1030 67 -974 -259 -1026 220 499 947 1031 277 1410 843 482 -458 428 -619 282 414 879 26 -77 544 344 586 447 -743 -5 -408 -870 -1145 -2330 -410 703 474 385 835 2197 752 517 156 -71 -163 -636 -153 706 945 -220 1556 1029 65 -576 -155 148 25 795 1736 547 952 1488 1094 87 108 288 -889 -1353 -1152 -550 105 681 -1152 -212 -60 401 1031 -807 219 -82 -355 -499 -904 -575 -1242 -1601 -1100 -288 -712 -963 -1194 -155 -393 -628 311 530 751 459 80 372 -563 -144 -899 820 1011 863 831 2080 2005 472 459 531 -161 -65 -972 408 1026 387 69 80 151 281 864 2354 -87 -409 -173 -1133 -169 -337 -709 -391 -223 709 -454 -12 -253 -502 -374 85 197 595 404 -406 892 26 113 380 761 1543 1840 1333 -748 -1228 -984 20 -317 -569 10 328 756 -72 86 112 -131 -392 -411 -748 456 -222 1383 110 -430 -810 383 31 245 -430 -90 333 933 1059 581 -641 -244 -1582
68 594 -92 1304 915 -50 -1625 -961 -351 1012 1322 -307 -295 -533 -174 -1575 -424 -517 233 -890 -568 -1265 500 17 -443 203 -531 -124 391 611 445 969 -215 -440 -1691 -1698 -1405 357 207 554 145 63 -277 813 666 1555 688 36 -614 39 514 470 976 1023 -758 -8 -1263 -1024 -2119 -524 -872 -227 -231 -625 -75 -1227 -173 -291 53 -298 -729 960 300 758 408 171 -775 -149 608 -753 -1452 -1321 -1085 -376 -408 -245 -1330 -988 -245 318 867 -351 703 554 -778 -263 576 793 311 -466 -805 -845 -1204 -2226 -731 304 895 -147 906 -14 -111 -338 266 516 2083 2454 594 -606 -1018 -736 -1252 -751 -73 -575 -373 -269 -188 -380 -289 -717 157 73 -784 -1074 -1187 -442 66 430 262 548 1095 611 35 88 647 484 351 -782 -753 -1153 311 1643 1991 2306 1209 1060 1053 1384 760 878 360 -224 -336 -1752 -996 -155 -240 -185 -800 -475 -1016 -1837 -507 -476 -271 -1524 -417 -462 -854 -753 -630 109 557 2194 1422 988 1430 521 979 941 1463 383 339 141 319 961 -969 90 311 811 1122 194 -722 -1607 -2271 -1399 -1644 -1236 -816 683 276 1408 -524 821 -350 -71 -892 524 693 181 -1455 -1154 -396 -457 164 364 722 465 -808 -1774 -2882 -664 -511 -39 -911 -624 -1753 -606 -348 -161 -389 -107
1249 669 239 -1319 -930 -1247 -756 -666 -732 -433 751 1395 1088 224 146 -727 563 829 766 -977 -639 -1550 -835 -1586 -179 -525 61 -210 306 -285 -177 -1086 182 1297 1233 2263 565 848 188 741 -331 -22 -282 641 191 -463 -1371 -1558 -1467 -2239 -1655 -1075 -1668 -1355 -914 -852 -487 -1271 -138 -851 -722 -2367 -2023 522 1799 1395 823 460 905 948 1424 -77 -60 -398 -1192 -960 -492 -1056 -447 -734 -270 -857 33 417 -562 -25 546 424 -109 -649 -159 -266 -1002 207 628 353 -15 -574 -847 -65 1049 518 247 -187 -303 -337 139 187 -149 455 260 576 1055 477 113 -607 -304 621 -356 -320 -425 -501 -1190 -1446 -5 -487 556 -428 629 378 1909 -321 2205 -1767 -1065 -1737 -1300 -913 659 682 1052 1436 1752 1581 417 1314 452 120 204 -833 -844 -929 -1279 -824 -389 -758 -767 -637 49 465 1364 55 563 -818 540 72 233 -520 689 1000 711 -1 -103 -343 56 -320 -967 1132 1126 620 -594 1066 1333 1189 1553 -55 -734 -319 210 1629 1060 685 700 388 206 707 581 426 -91 -291 -821 -1206 123 147 222 -81 -132 388 -449 105 -106 1131 752 -248 727 1555 2420 1724 1362 390 722 625 1049 494 -74 941 2066 745 916 1024 1384 782 859 962 222 1172 775 605 -92 -1138 -1984 -1533
214 505 713 -223 1615 1735 783 730 414 876 151 -415 -1172 -1344 -379 145 520 201 691 -347 228 44 1378 -132 170 64 781 469 1098 -240 714 -304 746 -34 1339 684 416 1247 1518 1364 244 -852 517 472 606 200 -496 -941 576 -170 15 -80 898 1299 -95 539 -922 -1145 -1273 296 313 223 -1050 -1783 -1386 -368 134 -184 249 264 453 977 756 1183 196 -193 -1304 -362 71 -1532 -1145 156 1515 1634 731 351 815 593 1713 930 831 370 186 997 203 -416 -698 -480 185 -337 437 651 1290 343 384 -297 1347 1057 1011 293 -39 -837 -452 740 1056 82 -453 -264 954 169 -432 -799 -691 44 -311 -371 -351 536 -397 -25 -628 -16 -1271 -209 462 391 411 -548 -950 -206 319 -1894 -1342 -369 592 -342 -440 -1134 -1146 -78 123 287 366 779 634 1105 1195 535 617 119 465 -870 889 831 1150 1776 1647 1483 90 -242 435 -549 272 26 61 1017 1365 550 -103 -232 -1189 -1900 -474 -422 -188 31 -610 -1188 -763 -132 966 1223 186 1253 1073 384 -371 -61 -286 -249 -2065 -1451 -2182 -1270 -887 -449 303 -328 688 1391 -80 490 -163 1780 76 13 -588 1172 992 1068 406 817 1980 1535 1556 -34 -650 822 -863 -550 -471 2283 1166 1688 -487 -258 -1499 -1451 -827 53 250 -23
836 -948 788 1027 12 -551 -429 166 -370 527 2413 2883 3075 1142 643 -752 969 296 604 1249 2571 1440 529 1033 480 430 377 -32 583 -324 233 63 236 214 845 1257 5 -958 -370 -325 457 -1153 -504 116 276 -171 483 -1609 -985 -1045 -882 -2305 -1379 -663 -60 -521 -896 -470 -160 434 209 961 581 989 -458 -1257 -270 1012 558 -644 -448 785 742 628 547 1200 1251 -493 -2051 -1583 -1067 -463 -439 57 -448 972 261 1419 1644 1051 1072 296 -228 202 623 699 191 -1124 -580 -1010 -323 93 -78 -16 -11 -345 -1682 -310 -1696 -1985 -595 -1256 -542 307 981 409 233 285 -31 57 210 -657 -1089 -1360 -291 6 204 -261 211 339 510 1172 1564 1237 -41 941 715 256 320 -966 -298 748 -379 -1737 -1411 737 1667 1421 1217 -129 -773 -361 -915 163 -800 -1063 -447 563 -121 -290 -85 -1593 -624 -409 1366 1040 -1574 92 136 868 -1586 -1907 -491 374 -735 -1235 -1250 50 801 -713 701 1157 -72 -975 18 -520 1 -499 2 29 -667 -1230 -8 -296 -597 245 41 968 904 504 544 508 1145 891 -386 -1364 -842 -40 -629 -1252 -142 483 -59 -932 -751 479 546 1891 879 -200 -1996 -958 -689 415 -233 -190 7 42 -22 -423 -1463 -15 -153 560 1055 583 -240 25 -251 324 1015 1553
-287 -1573 -1472 -1181 1291 692 -314 83 394 285 19 -50 -282 215 228 111 -162 -1109 -1366 -878 -48 404 1011 -556 127 411 728 294 904 -987 240 194 1505 653 -366 446 778 963 -151 -1082 -1784 -1489 -562 -212 549 2533 518 604 -876 -2159 -1113 350 -728 -1018 -888 482 -326 507 -743 371 -931 131 -1010 -681 -1623 -1334 -476 -1209 -757 249 -55 498 1245 692 -566 -701 465 875 489 -1277 224 509 753 192 9 580 651 315 774 304 737 -1104 -265 -1696 -1853 -1247 -95 475 -321 230 1859 727 788 -927 -937 382 1227 76 503 160 -187 647 1149 -467 350 -191 126 -454 287 489 37 -328 1345 1215 799 364 -658 -380 -679 -696 40 -268 707 -80 2026 393 539 -257 -69 -945 -1016 -1280 -313 -933 -1167 -1797 -1029 455 -311 -369 -549 633 1550 1096 1130 794 -84 -67 511 -10 328 -1149 248 -874 696 -45 566 -1124 -1461 -1161 -648 91 -114 510 -359 -1101 -1229 -725 -137 283 981 580 1841 -9 -1284 -891 410 142 1135 609 -235 -627 -1353 -1588 -819 -1666 -736 -724 -1273 437 -1621 -170 252 83 768 891 1459 -266 8 -749 -1089 -204 336 1218 839 592 1413 1654 1179 1344 1206 259 -1010 -924 -846 215 -246 -6 -233 877 1584 1329 -266 -691 -1037 -269 -1227 -1529 -665 1056 -521 51
601 30 125 42 312 1104 336 -362 -471 -679 -159 225 899 580 -245 105 -169 967 244 -435 -652 -1499 121 1218 1143 615 663 143 124 -16 1690 219 -1007 7 204 -363 -1671 -1092 -275 -1922 -1362 -1442 -1013 157 -544 -790 -151 -824 -85 -794 -1301 -715 777 1437 -55 181 -334 -158 -501 86 -1077 222 -852 -750 -1231 -1088 -234 387 97 -196 315 75 -884 -874 327 616 212 -268 -830 440 1127 1363 1050 -3 -215 1445 1710 1331 404 -218 312 461 87 610 250 298 1247 1622 771 900 849 2766 1551 -230 -1249 -1386 -764 -312 -1013 -684 186 114 1861 3127 511 -842 74 1206 124 -362 623 -244 -1168 -1288 -2067 -802 -626 200 219 910 814 233 -148 -1307 -695 852 1283 -330 256 55 732 526 -192 -231 -420 215 444 109 -118 -174 -773 -1184 -735 -643 -1011 -572 1171 1222 -234 -1722 -1592 -1297 -52 685 -714 -1556 -1450 529 1397 226 -1101 -131 693 2037 606 78 -1028 -510 -466 617 252 230 -462 -74 1634 884 1210 1442 1448 1159 861 684 836 1437 1341 -209 -183 -638 -257 -648 75 -649 -118 398 -279 -759 -1020 -1024 -788 -183 1320 1213 -102 -1036 -1280 157 -372 354 -20 -1343 -1648 -122 606 -20 945 855 185 -1236 -1484 -2133 -971 334 34 697 1202 506 307 115 -1244 -48 620 492
596 -1141 -81 249 293 28 811 1360 -350 197 650 565 155 -94 -445 1059 1166 38 -661 -1634 -1337 -814 -853 -2398 -2434 -2133 -1034 -783 -454 -670 63 175 1097 142 756 2348 438 -1153 -1557 -1175 -1891 -623 -310 141 -137 776 133 163 -852 -849 -330 -190 -1398 -133 -173 689 211 265 -511 -215 51 109 316 339 -632 718 682 1121 -92 927 -16 -808 -888 -1665 150 -458 -269 -928 338 656 708 -12 264 882 2160 1822 1600 309 432 -642 -619 -1326 -765 -576 -1113 -1133 -1993 -1782 574 745 1272 -704 -188 1 1195 1613 558 324 609 58 -483 182 -378 188 1372 125 -868 -1695 -469 -751 -316 -568 1379 846 94 -96 -477 408 744 -709 7 186 1896 494 1562 58 1326 -208 -1195 -1841 -252 -444 520 -438 1244 -32 -297 -506 -398 -565 -444 -262 413 378 906 875 -1013 712 562 29 -883 -335 -17 -402 11 836 896 -244 -138 699 133 88 -723 333 -503 -339 -289 -9 -214 75 388 285 -202 -292 170 271 763 -547 3 -407 -582 -334 -690 -641 -9 412 -564 -1152 -745 -1531 -760 -443 424 -1571 -747 -1137 -367 -453 -1242 -805 -583 -370 639 590 -60 -767 -293 -497 -54 -83 145 -143 -328 171 -269 -393 1281 707 1555 396 -208 190 -209 397 -861 2 -983 -298 -347 -264 -226 -932
386 632 -467 -501 -192 512 116 675 -232 -411 -1184 -572 510 71 -701 -1848 -1074 921 811 8 584 -725 1267 537 124 184 -292 316 -416 -652 -363 -1284 -1891 -58 -1048 364 297 2084 553 -173 -1688 -871 644 975 -72 -123 -868 -808 -1331 -655 -37 1825 1077 1048 190 382 240 -547 697 987 709 535 -1024 -972 -1671 -1053 -378 -476 70 -1197 -394 -1680 -1252 -42 1324 1812 1968 64 -54 -150 966 885 1093 436 920 581 1232 107 -755 -1051 28 545 -486 157 -140 48 66 -500 -1187 -574 787 288 -248 -219 1012 349 314 -1444 -1630 -1385 -1546 -941 -497 -540 -1270 18 244 335 71 -1107 122 -702 -939 -1064 -2044 -1353 -1289 -185 599 960 560 517 559 659 1834 712 536 -371 -85 -848 -779 -989 548 -263 32 -344 -109 383 379 261 -892 -1425 -1005 616 876 951 282 -2076 -704 317 451 658 -523 -1393 -1921 -1294 -635 964 123 -1075 -291 720 1239 965 944 162 -1308 -659 -1160 201 703 1577 1174 1433 605 833 1064 2032 837 999 721 -220 582 1039 1640 553 402 -483 56 320 337 280 1254 690 349 127 -240 249 -650 780 -1014 -587 -1432 -841 -189 -473 -279 545 -175 585 -576 -640 365 -42 503 254 337 562 -634 117 -1822 -1046 -1203 1074 1121 1101 383 284 1449 1532 1748 1192
-1897 -228 735 1868 -41 153 232 928 -694 417 1596 1036 -260 198 1072 2344 1846 -676 -1351 -1476 -1201 20 110 87 475 567 118 -345 603 565 1499 488 1556 511 2085 1119 -462 -749 -1176 748 624 1020 416 -231 424 161 1185 210 353 -534 312 -729 -647 -677 209 -128 1302 1192 1516 1129 1624 535 611 987 279 1726 1283 622 -316 -537 -677 -1442 -929 -1929 -989 -821 -565 1019 196 157 392 341 135 -952 -1278 -1705 -570 -769 332 -388 -1601 -649 -538 -654 -484 -572 14 485 873 517 -77 -732 926 -284 694 -100 -959 31 152 347 128 1287 -30 -133 13 -492 -391 -1856 -1601 -212 131 154 744 194 -380 540 791 203 196 -836 -448 108 50 -280 234 -975 -115 -524 -368 -1294 -1515 -916 600 -432 -905 -1328 -463 884 853 1242 471 1227 706 1775 550 749 22 373 -983 -1752 -455 -670 -695 -1060 -1144 84 540 38 1432 1108 -215 -963 108 -110 633 251 354 280 -556 -572 -161 801 1691 1387 468 -1157 -786 -562 167 253 -771 399 -52 80 -500 -698 -68 1126 1509 1203 649 -562 -1360 -863 283 642 -61 -391 -1662 -1118 -724 90 -180 458 867 533 125 202 500 414 673 892 720 559 1218 849 1215 1229 787 686 50 1659 -739 -701 -582 107 44 131 -594 499 416 328
0 -477 -675 -109 165 2091 1302 732 494 -558 4 912 282 432 -541 -221 68 1077 518 324 564 53 580 -973 378 738 1012 -82 -675 -421 671 1533 415 1578 -122 1215 648 1528 -832 -675 -1106 1 -55 -675 -7 348 -327 -469 145 910 164 -1358 -1057 -927 -21 -688 254 -609 -155 297 -552 -30 -605 1087 651 429 606 -90 474 231 -1138 -511 -1231 23 -76 795 934 829 306 -450 -427 -592 171 -1328 -253 -460 595 335 838 412 21 -167 500 1248 1151 -666 4 339 1475 1280 678 -801 -729 -132 -344 -1009 -187 -485 1371 738 -555 -1427 -646 131 1208 387 1063 234 -213 -1037 -1539 -1111 -1323 -1233 -1862 -2140 -209 333 427 346 -1094 -866 -69 632 1522 -1103 -2000 -1801 -798 421 927 -546 -245 30 119 -778 -305 -68 70 203 150 1056 -493 -376 -1052 -86 -102 -697 -506 -604 491 72 586 524 176 1120 168 908 373 -1220 -404 -1187 -937 -744 -474 -200 -639 -495 -293 777 -378 -1201 -1185 -497 553 1323 246 131 -1559 -608 -753 -268 -186 971 786 -23 -872 -1055 -874 -351 -100 68 218 -913 -936 985 743 1440 251 998 624 942 235 -327 -662 -1274 -1373 -939 -1171 -258 -731 -1415 -990 -653 1061 1470 319 315 -219 922 -232 -1135 -1182 142 761 749 663 1000 683 684 -1317 -938
-487 694 247 703 341 -199 191 -116 -502 102 -248 318 -201 1349 858 2064 695 -527 -650 931 1315 1612 1717 2464 906 -466 -1167 -1137 681 79 1008 17 1197 264 982 550 -598 -323 -343 -460 -341 -756 34 -200 -91 -724 -472 -586 305 242 1388 716 -708 -1097 -1185 -927 -525 -558 781 -251 138 -613 -685 -630 -30 -32 120 97 32 700 663 -113 940 168 -634 -149 -202 942 31 462 811 533 581 595 276 106 1024 1256 1158 994 966 416 -498 -159 1514 1476 1291 -964 -1127 -1622 150 70 909 504 1063 618 1084 2051 1728 1479 2710 1705 233 -1043 -786 -33 34 173 1204 -137 -1363 -721 -1029 -67 -950 -1215 -340 -1856 -296 -959 -165 -159 253 -1899 -191 162 1885 1368 -255 -1652 -2006 -545 -325 -720 -1803 -1158 -502 281 -479 213 -713 781 997 -234 -424 -1037 90 -473 498 -436 -168 738 -381 -801 -491 -771 -646 -15 695 364 347 -655 400 74 -357 -431 -640 1685 711 -176 693 753 -190 -1505 -2089 -824 223 694 654 816 16 1084 633 116 -539 52 471 -676 -696 80 -431 -783 146 275 101 -427 -1126 80 -402 363 -54 1101 314 718 268 827 1032 2012 375 113 -53 1119 1767 1217 -645 -679 -835 -1100 -153 586 265 -360 72 146 796 -277 79 -890 -876 -881 -728 -1317
1386 293 -689 -223 334 673 303 -623 317 923 1032 1310 -235 -17 -563 -360 -1386 -932 -3099 -1952 -1235 -1429 -1117 -399 2109 1930 1467 -1092 -626 -1832 -406 -304 -342 -776 -902 -335 254 772 1029 1441 -248 597 111 251 448 -257 -1288 -789 624 800 93 -1013 -675 -144 -908 630 -549 -461 -706 735 472 1297 619 438 803 1165 1422 1174 120 947 -171 -116 -539 551 1176 814 478 592 913 -229 -810 -965 -699 851 879 -18 323 1176 461 970 263 1107 773 141 -269 209 144 -87 -497 -995 -1086 -979 -486 196 954 724 837 -293 1261 210 -152 545 959 485 -432 -1133 -120 305 342 284 -815 -258 66 -175 113 -589 1064 -22 -1275 -919 -542 220 632 1043 124 -1189 -1065 46 1140 604 -498 -1692 -306 -19 268 72 -187 -274 39 1870 1979 1387 -939 -587 -214 243 357 -313 633 169 390 -723 -843 -842 -431 58 1288 133 736 -820 -206 -507 -961 -634 -352 -369 -1386 -819 237 560 -499 -1350 639 263 -1484 -1692 -1667 -842 -1519 -1116 11 298 -361 -181 -339 -74 -1028 142 -588 697 235 123 -477 -272 -592 38 1 -654 76 -107 723 1109 790 -734 -586 -1022 254 171 90 393 -408 600 164 806 469 -336 -952 -344 -401 -959 -960 -542 257 -328 -295 0 102 196 528 -429 544 -400
-387 749 673 51 -155 1331 778 923 -135 253 -186 -150 -353 -6 209 -23 -63 537 236 371 -1371 -766 -794 -389 -26 -157 -8 452 263 -584 -18 -1534 -467 259 -100 -492 -1356 -1640 -619 8 820 -341 -930 -179 -867 198 -698 -491 -1486 -833 448 51 323 -512 -452 93 1167 873 971 -617 -754 132 14 -347 -524 -1618 -776 -839 345 721 843 1129 447 557 -590 -228 -1240 -1380 336 1420 1919 865 497 -1125 -82 1210 1201 -547 -353 -1382 202 10 693 378 817 -1151 -631 -803 -189 -823 -499 -720 852 247 1149 -254 1278 171 -249 -64 955 144 1256 -29 -933 -901 -831 -472 -425 -348 141 916 -797 -1109 -1461 -1664 -1426 -859 188 -799 -1453 -988 -400 -913 -302 287 -481 -1044 -1144 -73 836 615 1460 -143 559 506 1609 2229 1058 2041 1493 1804 -153 -1095 -814 94 734 1136 376 407 -771 -282 679 419 52 56 597 698 1465 260 -808 -1838 -2213 -1829 -1472 -302 542 393 -242 -1071 143 -1635 -1519 -1507 364 -491 -318 102 435 347 -87 50 -271 59 -562 283 1053 18 68 -231 1264 1993 1706 796 -703 -531 -1416 -742 -915 -70 537 -1548 -768 -285 1362 1461 559 22 -1434 -2255 -910 -584 -2 -454 -818 -879 -465 -689 -33 -151 -269 -1540 -473 99 -92 92 326 696 67 -142 305 -934
-219 -256 162 967 44 -869 -1643 -605 -1567 77 982 2146 323 660 236 1080 -97 88 -758 381 879 199 -10 723 1369 1049 1780 246 933 -93 -156 409 -867 -511 -1824 -701 -58 789 1314 1482 1360 282 -219 -1672 126 295 316 -558 -791 -996 -695 -520 252 -62 47 -545 -791 -1657 -228 522 940 481 1250 496 -942 -1050 -1369 -1409 -1147 -406 -367 -485 220 114 919 766 188 -666 -1220 -1191 -929 -528 -569 246 -2047 -1182 -460 2084 257 848 -105 1001 990 1474 838 497 -647 -648 -388 174 -23 -288 -142 -989 450 -501 -699 -898 -189 -742 119 569 105 -638 -12 -248 26 -505 -2187 -1183 -2043 -147 -298 485 368 740 382 -4 -838 115 91 -80 -674 -504 -63 -145 -964 -1033 -770 -525 -105 -75 1041 705 -121 -549 -289 -456 129 555 -759 -831 -1651 -1094 -366 183 -578 -324 480 437 543 -702 -1172 -620 283 -494 -322 -730 303 -559 -551 -759 56 573 -87 -582 -284 -51 282 958 1010 1705 234 -949 -1664 -1307 -609 60 320 276 293 722 640 1132 1068 1508 969 43 313 -809 -707 -1218 1539 820 1713 2192 1927 1916 1306 385 -213 769 698 -976 82 -886 568 223 644 1167 102 -731 -354 412 956 -28 -368 -976 -942 -954 -475 -31 -646 -714 -1628 -1254 161 -82 1971 -554 -369 -739
-1269 -395 433 649 1580 1142 282 -570 -224 235 -811 -526 -141 -41 -546 -628 -633 -61 557 178 875 265 -702 -863 -748 577 -632 -1345 -2307 -1120 756 1200 1037 523 -156 157 -158 606 429 1151 1742 160 165 -546 -84 -621 -770 -509 -405 202 641 140 431 -301 -659 -922 76 1057 67 -934 -1142 -430 -1117 -501 -184 -369 -601 -230 -642 -182 -795 -617 -733 -278 -108 -534 -733 -116 -396 418 -27 -774 -1250 -447 610 1281 -1021 -1232 234 641 673 -309 234 1044 904 1439 705 1039 -354 -1222 -345 -1239 201 -537 -197 -1134 55 -1123 -156 426 1167 143 -122 -1542 -948 -359 282 81 87 1083 809 732 -799 167 373 290 267 454 1238 1404 1157 1200 1308 32 -412 -1343 -813 -1061 -834 78 233 -243 1190 935 1068 -715 -886 907 1363 1001 546 -753 435 323 -104 462 393 788 403 -32 397 -84 578 -281 -274 -124 -711 -1118 -1395 -457 61 -95 -1311 -493 1206 -240 -574 -1992 -419 -419 -718 -1214 570 -156 -529 -463 -415 -69 630 880 -741 -320 -45 2042 1378 -59 845 1050 1429 1362 1079 -86 -1644 160 -375 892 490 -1884 -1138 -1239 -1003 -1815 -355 679 -455 -906 406 -341 884 -79 1322 826 -89 -785 -723 -1281 -1577 52 1093 1943 449 -700 -23 1305 1650 741 -580 -156 -597 401 121 -904
-156 -1859 -729 456 324 162 168 -251 -1034 -1076 -323 -788 -1145 -29 418 -55 -603 821 568 -378 -748 -172 -124 787 113 491 940 102 -1097 -1569 -1025 410 936 1220 -500 -372 -282 -230 310 309 535 -294 -511 -1763 -204 -895 227 -134 189 -916 -287 2 634 -823 -562 -1031 -2348 -1838 -44 869 -650 853 363 -410 -2052 -285 -589 24 -1423 -819 -143 576 121 199 278 694 201 496 -257 -449 -581 114 72 119 -1330 -219 114 -885 -850 400 1846 2528 769 -533 -113 288 1256 645 -337 -508 448 1090 421 161 532 -458 -261 -592 807 685 1672 1131 928 290 122 1362 464 668 -687 -382 -1714 -251 -862 -150 -818 -162 37 -197 -310 -399 1735 -424 327 562 1970 276 -888 -648 -671 -495 -112 -369 144 -618 1048 1547 2191 550 576 869 613 -400 -817 -1167 -200 -743 -864 1229 61 -1137 -1989 -1197 -36 -79 -396 -120 1114 -45 -29 -20 -202 908 1179 -61 -1013 31 -508 239 -259 720 374 114 -1303 52 775 821 451 914 353 -596 -977 -163 466 651 1587 2109 534 -1178 -458 -763 103 697 1251 386 344 -638 -447 -683 -1432 -2336 -1630 -491 -1052 -2607 -3029 -2656 -578 1126 1901 1248 407 -40 -240 -903 -1041 -294 1105 -532 -194 -320 421 1319 -577 -1520 -2732 -1335 -64 -51 -263 -733 1274 2256
1351 327 -34 -1483 495 65 -187 -67 615 499 402 601 325 -54 -753 -1295 -1565 -2198 258 1010 949 -229 -1455 -182 298 1249 156 766 -426 309 610 -113 -307 -1403 -1220 -1560 304 779 474 -461 -1694 -1276 -304 602 367 1089 894 -42 905 1133 740 -247 195 372 -395 923 -152 -162 -1497 -1129 -1568 -1500 -1027 448 810 28 0 606 56 338 -335 1029 791 -87 -890 345 -779 36 -503 -326 142 317 -117 525 -236 242 196 36 -162 -1693 -1660 -1439 -1332 785 -101 938 -375 378 1322 1038 861 591 723 1221 910 -144 -820 -1103 503 1027 1853 1685 -111 -376 -296 200 -60 -343 -2044 -315 -1122 59 -35 650 -214 -798 -1130 -670 499 1076 1029 320 538 -1787 56 -718 -257 -157 535 1612 -63 820 1247 642 301 345 1267 1740 220 325 530 1414 1581 648 158 2057 437 167 852 20 72 -1103 217 876 1564 308 -192 -241 -465 -359 352 230 -143 549 -92 -647 -529 -347 -541 568 -976 197 576 749 -462 -492 -465 777 -156 55 -808 -902 753 652 -1238 -1364 -417 385 -1086 -427 -1223 169 -231 371 458 1508 1499 362 756 267 -429 -142 78 26 -408 -107 -144 469 760 1194 52 -166 -423 -667 83 -99 816 624 1389 -309 70 -863 234 75 -856 -1145 -1282 -726 -1117 58 -1670 -1016
-214 -470 -492 -606 -1862 -887 136 822 99 494 -126 -171 998 724 681 -779 -444 -1236 -1200 -1821 -540 -55 895 78 398 1178 933 1183 422 -66 -631 -1077 -606 -1751 -557 -2066 -1167 -2017 -544 -580 1120 1380 703 999 -52 331 985 1244 444 -62 780 -226 -725 -643 399 27 -744 114 -572 -668 -850 -298 -517 -1436 -1168 137 556 656 588 31 -939 -1832 -1387 65 104 -351 279 929 156 20 -1082 -141 471 703 -400 -717 -1647 -2040 -1178 -489 215 925 518 -162 -548 -161 -91 667 -762 -421 -1800 -1756 -336 -526 -911 168 134 -201 -792 -418 -541 272 -181 -1227 -1659 -463 -1235 -1207 110 540 699 795 314 -412 -478 263 -853 -580 -1333 -1322 49 -69 -17 -100 -164 -130 197 -1023 348 -88 -85 -654 -372 228 1069 200 53 -1307 -544 -519 729 -858 -447 634 968 1146 587 566 -300 -598 285 456 -195 -1295 -675 -753 -606 -1666 -1633 -1394 -1046 -1660 38 -467 -33 -571 -475 -1363 -395 1067 20 476 -729 1105 1025 575 121 115 13 -1146 -668 93 165 224 -229 558 -2077 -825 673 1631 42 -286 -109 -1181 -773 -1037 -311 517 222 687 390 -188 -1028 -1840 -621 -170 -259 358 91 1273 1101 680 -48 505 -556 -250 -195 -1095 -755 -568 78 294 930 -276 -185 -8 -266 -1304 -1410 -999 664 -93
1560 -217 331 -287 20 -600 -1332 186 220 1093 390 -727 -2832 -1751 -343 -1174 77 -209 882 -143 -828 -1228 -1969 321 562 1425 1171 1754 -177 -338 730 1487 867 -326 -1394 385 694 903 953 584 93 92 -239 -713 83 -385 76 453 868 1903 708 -285 -1137 -528 -1283 -865 -741 -1204 -750 -815 -223 561 426 768 -392 107 -96 214 -1437 -1142 -307 -173 -621 -1377 -1202 188 3 -489 -40 -228 965 1454 -285 273 -143 1015 1647 674 341 982 506 1066 -151 391 -517 367 -241 274 -898 -1064 -2403 -1033 -672 1205 1484 390 147 1192 1487 2217 1535 314 -626 -818 385 525 631 12 134 -399 265 -383 77 313 570 429 -440 -500 -144 942 1087 738 1350 -415 -519 82 459 1013 -376 618 2031 2298 1813 523 384 1385 1591 1935 1178 1307 1003 1294 199 -957 630 1313 760 494 824 27 838 257 173 35 -329 -113 -801 439 -589 -356 -347 58 -193 -102 191 -7 663 -180 -461 -713 -1808 -707 -1468 -1132 -425 56 -544 -443 114 421 472 -289 -531 -448 -1093 484 1043 1043 -134 -568 293 -415 -485 -139 -23 702 -294 396 -756 31 -1947 -574 301 -438 -581 -1092 -483 435 204 -121 527 739 992 -420 1499 30 -1020 -386 101 -459 -189 -1703 -1033 -281 -216 -954 -398 -298 -527 -1027 -1256 685
113 1186 942 717 100 644 56 999 -205 311 271 -475 -173 -538 -248 114 -1068 -342 122 795 -128 -342 -1062 -798 -342 1230 543 572 1648 891 758 98 957 -114 -943 -1604 -483 -689 -161 582 215 604 -238 25 494 564 731 -240 -8 -884 -1574 213 -622 -1180 -200 -924 -588 -394 -27 369 -202 86 532 -156 -107 -135 -9 242 -1454 -701 -299 591 494 745 1745 642 -2 62 -478 -741 -197 501 251 -922 -1561 -362 1449 1026 776 796 872 589 208 929 -69 965 491 412 -1663 -1726 -2207 -578 -324 -374 -400 331 774 -232 -381 -1666 -1458 -476 -381 36 181 96 504 1474 1330 849 -976 -873 128 696 798 1174 -143 44 -211 -457 496 1007 -204 157 204 -136 -782 -113 403 236 -1088 -1296 -897 -530 -97 381 852 1433 2092 1373 -765 -2207 -2023 96 167 -1332 -182 -308 -495 501 -470 587 103 -197 397 123 -864 -312 -1363 -907 -1783 -1467 -48 -229 77 -470 575 763 2215 2177 340 195 357 462 -355 -681 503 -257 9 721 798 669 163 346 -530 58 -1094 -147 154 -418 -613 -53 483 -306 905 432 116 773 -834 -653 -1116 -526 176 -7 -560 -795 -951 578 44 360 -201 714 1774 1753 141 190 -415 466 503 1926 401 1185 1023 68 -466 -38 -911 -122 493 429 252 279
384 -1015 -1538 -1201 -1758 265 -1341 -890 -1918 120 453 1089 -278 -239 338 670 1462 536 -1042 -706 -864 -421 -612 871 887 981 662 -63 -296 -252 1056 639 -359 250 -413 656 -143 43 100 708 -430 481 1281 2124 445 -726 520 1203 1018 1730 -536 -435 -132 1062 896 -71 332 -1400 -945 -924 160 444 -1319 484 643 518 -339 747 114 200 -324 -1443 -139 -461 -17 376 115 -124 93 61 -684 -825 -1186 595 1993 579 -641 -1361 -382 31 979 2333 747 2011 1440 1808 522 779 -164 -534 -1151 -529 96 -157 189 -12 450 665 953 717 -697 -994 -475 564 449 208 -134 -28 236 -846 -775 -893 -1139 -181 -587 -954 -1178 -981 -589 194 664 817 1185 -511 -1548 -1392 -1563 -1828 478 927 2253 1167 573 221 -16 -114 -118 258 81 958 6 -402 -160 -165 1470 1265 680 520 -165 -43 -1119 -204 -270 447 1240 950 -107 213 536 831 -9 -1485 -999 -277 899 674 -957 -908 -1395 13 -457 -707 -1251 -695 -321 -1092 -1911 182 419 992 124 237 -92 -839 625 -276 665 177 509 111 10 -544 -62 -402 -1756 -1328 -1318 400 342 1019 -595 85 1171 855 1246 -669 -203 236 533 -481 530 -171 591 -173 -86 99 -219 297 961 230 -585 -1559 -935 -395 141 356 1317 451 -382 -297 403 911
-442 -98 930 1057 717 552 1628 1737 -22 167 -364 -486 297 41 666 801 128 1034 45 -176 -715 -508 -887 -144 119 150 -16 -541 -540 -688 -111 -376 594 149 -181 -195 -18 956 -236 513 -1003 -101 -187 -206 396 398 1015 1017 -17 -904 -1466 -1513 -1423 -1054 967 554 866 231 444 414 -559 361 1117 314 320 1131 465 -264 -501 1023 1296 406 339 -681 152 -774 -759 -1650 -1068 -389 338 644 221 -970 -361 305 591 -289 -946 -1175 -1032 -1447 317 -134 -985 -290 -1023 -560 445 2207 1912 357 -376 -1168 -147 853 1470 796 858 231 1164 1635 285 528 -414 -911 -16 -120 -107 1283 1152 838 -73 -350 118 -102 -170 -187 -822 -1101 -268 680 -89 372 460 124 435 66 375 -1182 -202 -251 911 1617 1128 773 166 -724 181 159 -21 -433 303 455 1209 272 288 1867 52 390 327 701 1216 865 390 1308 1247 967 -761 -1371 -547 122 372 -1585 -882 -993 896 995 675 128 585 521 -1012 -2197 363 49 314 -1298 -956 -350 -338 64 879 834 263 123 -772 -599 -1552 -152 -302 -304 -1518 -509 -242 265 -1011 26 -2151 -1405 -381 270 208 -268 -954 659 -235 1001 816 -642 255 -361 502 351 -394 -160 1071 1702 422 14 22 29 244 -162 -1457 -596 -912 -76 -483 -456 654 954
590 28 -762 -406 -740 145 -862 -807 -475 975 -245 88 -1206 -166 490 977 255 -695 -771 537 -631 117 697 1310 980 1077 1551 2069 1730 1210 258 -490 -738 -551 238 -625 -1112 420 -501 -317 -1003 -139 1266 1496 -17 -373 -1015 -471 -207 599 -87 -359 -554 -2063 -410 -589 1261 1043 2202 751 -84 127 241 851 381 152 95 -115 -707 -185 252 -536 291 414 1132 540 -501 563 -177 -335 -631 -884 -886 -808 -16 577 -78 579 1382 1441 1880 1658 1186 2097 2694 2182 1152 839 -464 406 1130 522 -328 -836 -1028 -448 -371 353 697 665 500 1708 100 432 -362 1109 616 150 1 -1857 -1342 -1043 650 1248 257 -699 -37 370 145 -613 -551 -481 217 220 31 518 0 -494 688 415 963 -216 -1055 -456 -648 376 1302 448 155 -180 397 1171 1551 390 -1368 -1270 -2214 -1340 -1146 -64 -316 -1559 -374 -465 -587 -1589 -1324 -69 621 -513 -1126 -1520 -1295 -1018 -885 -452 -897 -485 1271 1566 1967 -142 306 -642 -2097 -1652 -1322 -291 -301 228 682 957 -523 -764 -221 -999 -1904 -1687 -734 -164 -612 -964 -1385 -2436 -1228 -1570 -1074 -972 -621 -314 -807 -505 -36 -1540 -1078 -1993 -99 836 770 -367 169 -1368 -1251 -1915 -42 35 -1353 -1471 -848 -226 -1227 -625 -585 294 1013 240 466 760 1099 111 -455 -1629
903 1649 2406 958 1449 283 600 439 -1284 1233 1595 469 -1133 -913 64 1672 1730 2307 695 1122 1537 776 -626 -1378 -1171 -1539 -489 -418 547 918 623 1017 930 150 424 -192 -598 -1600 -996 41 12 -612 -104 -446 74 1179 1033 799 219 -1049 -743 -978 693 868 613 -1069 -198 -383 743 1052 809 -84 -151 -263 -450 -1087 -1213 270 395 -268 1205 242 -271 -926 -1155 -699 -463 -1604 -307 195 831 344 339 -233 -985 -582 -442 216 -495 -657 350 504 1434 179 486 583 562 103 1356 1037 2212 2297 1168 251 -613 -683 -746 -915 -420 -783 -1193 -309 -1278 -423 -1044 -1585 -1418 -1087 -824 -324 -1162 -1234 -791 53 -152 8 -765 -1094 -1354 21 746 -183 59 -108 1520 1059 -62 160 -958 -1192 -538 544 780 -1223 -643 571 581 -134 -169 -493 -48 -516 -816 226 -784 -338 14 450 322 -696 186 861 1383 -230 -415 -1795 -832 -1219 490 -19 1696 1540 622 -172 -1188 -721 -50 1043 368 188 343 32 -1039 55 878 1109 746 112 -498 380 -1091 393 174 689 262 218 -15 -1432 -1679 -2224 -983 -721 -1069 -690 -928 -305 0 -438 -1085 -1455 -266 -227 -103 666 -196 804 566 -109 268 -1294 -1544 -2181 -626 -821 396 59 455 -950 292 -109 699 -45 -1220 -34 269 2089 631 -945 -254 317 1893 -60
1275 274 31 -39 74 842 1169 660 487 225 -1466 -441 -754 163 -522 -819 -1001 -375 -40 -403 -410 1849 1714 1220 976 768 -661 -543 -258 975 1129 1159 538 95 -1103 -566 753 1889 1014 -1064 -53 -309 -1340 -1606 -1147 346 760 948 -99 434 942 1185 1234 149 -205 -207 -513 -763 -1031 -1382 -490 1045 93 -361 -43 447 301 934 1361 2377 1589 1 -312 -1339 24 250 848 -456 -1721 -1682 -572 -810 -735 -729 623 1407 167 -1217 -328 1242 2400 892 697 -235 288 1335 -323 5 -981 -943 -1415 -1885 -434 717 57 649 -768 -401 -929 -717 -774 -96 -40 768 478 707 229 -150 677 549 414 539 39 120 -904 -893 -310 474 491 155 -599 -761 -665 -15 -225 -211 -91 -241 -1276 -718 -1561 -597 -680 467 -590 -1032 605 755 221 -156 128 1045 814 -115 650 549 945 -810 -364 -2040 -1403 -3003 -847 -1760 -395 -563 -141 -736 -1116 -1830 -812 -1686 -1126 -1565 -766 -1161 -632 -971 384 -452 -491 -873 -846 -72 183 913 -76 -311 95 -260 -249 -1504 -1316 114 -354 -921 363 358 -517 -1028 -693 338 1017 -137 355 -567 -281 -493 965 -153 -841 -1676 -1350 -675 187 860 894 1702 354 238 156 -432 -1045 -569 152 -131 117 77 482 731 868 -514 -357 -308 -1365 -1517 -1001 -830 -546 -15 682 1113
1712 -622 164 -337 1619 600 36 -21 -448 716 -126 -1104 -1963 162 317 654 -141 -861 -1042 338 1144 -957 -422 -677 -223 2514 2992 1528 322 -181 -148 -48 -632 -852 -594 830 990 1170 256 29 -821 -1010 14 630 -851 -772 -1373 -374 -570 467 -555 610 -474 -50 -35 694 388 1760 773 795 44 62 -364 -622 164 202 836 -163 -66 -604 202 52 -692 -724 -496 -1064 -528 -81 418 -101 1348 1004 -864 137 -55 -30 -78 864 936 -704 717 149 -58 -832 -600 -1740 -103 -207 -303 167 1015 1179 207 -565 -1078 -1406 -404 -647 -850 -1272 -1973 -1870 -1887 -2408 -636 -1334 -532 -688 -802 -666 -1252 179 21 336 -946 -788 -1666 -1508 -1745 107 590 -782 -831 -331 -351 -479 -1666 -375 483 388 96 -875 -546 292 390 1244 -1534 -477 -188 573 -1051 115 22 877 -334 -774 301 1085 1472 1110 110 -636 -1820 -1950 -1009 -1071 -607 -180 -240 1433 1462 2303 1724 345 -95 -916 -982 -6 -905 465 -30 -631 -1725 96 823 398 -805 -1109 -1731 113 -243 900 1961 861 1852 -857 -828 -1223 -453 -53 127 599 -546 -420 -796 263 786 1883 363 -79 78 702 -631 301 -1349 -302 -958 -519 -9 42 -227 -863 55 -140 243 -206 -634 770 1274 251 266 373 219 529 1501 772 1177 -184 1001 1084 1135 463
-359 -390 -596 304 1387 2535 1785 471 -314 734 0 1851 607 111 44 99 -770 -626 -627 -1235 1170 1143 518 -423 582 -568 -976 717 912 1971 376 534 -32 147 289 -23 1239 524 70 -587 636 129 -1222 -1899 -879 130 757 1403 941 217 1058 120 75 555 -1700 -2054 -921 -1407 -133 898 212 104 -473 -274 -11 440 -58 68 -126 25 58 -1450 -603 -1419 -988 -941 -892 -1538 -1483 619 558 741 1126 -150 -152 518 -1297 -1763 -1116 90 204 -158 -42 606 -7 859 -732 200 903 561 -1112 -1135 -1736 1284 365 648 496 -343 644 -670 268 140 353 1079 429 -366 -1024 -48 -949 -578 -1173 -491 424 305 533 -1260 112 525 157 -61 -289 1539 1155 314 -745 15 -42 50 -415 47 716 -254 -10 802 1803 1448 952 515 -174 1029 585 1338 -536 -906 -79 -2145 -1582 -1732 -438 443 1336 486 1333 394 -344 280 -1103 -934 -169 -531 -1098 -2422 -2326 -1686 333 125 1576 736 622 279 -273 703 -818 221 -402 560 -109 -1242 -60 -232 742 992 1217 247 -808 -655 430 477 254 2093 1268 1336 271 1004 1556 596 821 -34 1844 1364 1845 2055 2041 1313 161 29 -247 303 -562 -184 -936 -331 -783 -366 744 358 1319 -745 -831 -648 -502 51 -489 -539 -569 -1203 -881 -798 -530 -390 80 894
829 -1003 306 113 1195 310 272 631 -394 746 131 113 -81 2102 1058 1221 685 -24 -407 -532 1245 995 1648 -40 1283 1900 1707 590 0 -225 415 934 -1131 -188 408 984 -173 -680 -698 -972 -844 -791 -105 -33 -621 -882 -1153 -945 -1572 155 237 583 616 805 473 475 -900 1678 333 0 -18 73 -444 -453 -446 -231 362 -507 -974 -224 156 395 396 665 94 -328 -1107 -820 -840 -723 162 328 1271 2514 1297 -29 4 214 -745 -786 -923 -4 -455 558 82 930 -807 -830 -1436 704 1287 2177 961 -234 -60 170 -144 721 -116 281 -156 -1254 -1686 -2129 -526 937 883 729 1237 1893 -310 282 -506 -1157 -616 -2028 -1870 -1872 294 598 764 -508 1237 2254 1983 1102 226 -599 -608 -1861 -1797 -925 639 351 -1107 -2667 -1931 -711 354 1021 376 1299 1293 1455 -273 -200 13 704 -454 -995 -888 -875 -1371 435 337 -154 -117 -616 -819 -1019 -1093 -1924 -75 -1296 -1508 -751 -615 282 1045 1067 1449 -234 -186 -13 717 554 641 1854 361 -590 -247 96 275 56 -822 145 -238 -440 -839 379 1246 1904 -748 -633 -1122 433 446 11 -817 103 285 139 -1296 368 93 462 69 -226 277 -843 -806 -1440 -773 -157 -183 -628 410 1391 1767 632 582 343 1238 1455 1551 1261 596 -61 583 -5 -813 -409
-1374 -1271 -1019 -1392 105 979 693 837 447 451 182 669 -218 -436 -1234 -679 -516 -797 703 -795 -321 -1162 -283 -779 -637 -581 87 -995 79 -771 -1194 -281 -370 -839 -869 -1356 743 346 182 -853 56 -919 -1419 -1373 -111 731 1083 774 991 -749 -600 -837 -107 -1005 428 -739 124 -442 238 -140 -1639 -2412 -1925 2 783 1348 616 41 1261 26 169 -1179 -1055 -931 -27 645 385 356 89 1362 701 456 617 1311 197 685 -126 347 482 463 204 105 -844 -643 -402 -877 -566 -794 -1573 512 -483 856 883 2148 550 -1496 -1204 -1529 -311 1396 402 736 -186 61 185 261 -662 83 -736 144 44 -120 146 -1475 -852 -253 630 -265 -888 -958 134 -231 -576 491 1481 1083 9 568 816 795 846 -914 -1410 -553 -858 -1525 -821 -620 302 -123 -6 -1050 -922 43 1230 1098 864 -275 -590 -649 -829 430 255 347 -68 736 332 193 396 -71 499 1518 1449 913 661 -575 -141 -209 1184 905 -995 -1157 -1214 -247 -58 280 1226 350 424 1029 -483 499 -602 -158 353 1721 885 1706 955 431 -172 531 -66 56 925 944 863 535 95 -199 486 1745 1833 696 -319 -1046 -686 -47 557 853 134 -194 523 -1341 -595 -939 -411 -1427 -2327 -1764 -1266 -791 -814 -182 -63 -378 7 816 540 856 361 -742
-849 -170 1398 924 -220 -472 -186 198 132 1416 828 149 355 1141 902 0 -885 -245 -523 1035 1876 736 -91 -755 -84 -45 291 -364 633 233 13 175 189 -718 -602 -1411 -1655 -1264 -16 -453 -396 -513 -551 397 -1037 119 -790 424 -549 21 -404 671 1050 2431 952 561 1108 981 971 498 784 944 -514 -1585 -2165 -975 361 93 -192 864 2462 2846 1666 393 365 1139 -131 1180 1695 1114 692 -161 -746 -679 -992 -692 8 -69 -1062 -214 228 -664 -1011 -648 -919 -221 -1934 -584 -481 638 -136 -931 -2357 -2130 -400 389 921 -304 -953 -2083 -1097 -11 -550 821 378 939 334 542 -1571 -506 -983 351 -80 -996 -1627 -1748 -111 1312 1255 1482 401 198 101 718 -34 434 -968 -892 -356 450 -84 -680 -611 -2054 -1832 -1991 -1097 54 345 -56 714 824 446 586 903 753 1277 445 -672 282 968 1178 392 2296 948 110 638 658 228 -1206 -1822 -1743 63 943 36 885 751 1125 1302 1048 2795 1096 185 376 -192 -987 -515 -317 -356 -198 363 915 389 -337 -1285 -361 -564 -761 -1877 -458 -1167 -733 -1237 176 -1243 -710 -1540 -844 431 397 -933 -1410 -781 -142 16 -396 -185 -190 -304 -845 244 329 716 1266 1622 728 296 -975 141 -109 261 -261 34 911 578 343 -1072 -1087 -126 -436 1072 155
-1747 -1150 -201 1075 1781 2011 -169 257 123 -5 705 1700 522 248 -116 320 1713 884 288 -609 -1313 -849 248 475 1018 -455 26 -873 1182 532 1056 -865 -962 -1766 -1841 -1638 498 -668 -1203 -2241 -1270 463 -716 889 157 1075 94 986 1449 1621 1356 -194 -905 -129 677 1599 1025 983 1447 501 -595 -1060 -487 420 52 -603 -365 -593 -292 -1671 -2612 -1724 -616 -1322 -675 -718 15 -667 -388 -111 -590 478 822 328 358 -382 -1311 -286 377 -145 -1053 -626 -806 -844 -388 168 -466 282 -308 88 -703 -88 274 34 -76 -543 -335 333 -387 -940 -1678 -1798 -1140 -701 -1125 -251 -480 260 426 73 -1001 -1402 -504 -549 -7 -748 181 -780 357 317 625 547 -263 -385 -494 621 -469 -35 -383 -396 1105 1569 1518 64 -984 -729 786 -124 -305 -2232 -1140 -629 148 -92 139 -113 -1122 -536 -396 208 103 601 -186 -288 -833 1022 -288 -4 381 460 -89 29 -419 -1760 -135 -349 574 485 921 1504 -647 -223 154 66 349 51 -347 -330 -1041 -305 -154 767 825 581 505 396 -34 -437 -335 -394 -381 450 1282 1439 1492 -316 -570 -210 339 574 535 -188 -657 -898 -1677 -507 -791 292 -192 -652 -650 -969 -385 967 1253 2347 586 734 -1822 -883 -603 826 646 405 733 675 253 -553 -687 -777 -171 388
1244 -201 -173 -1037 -309 181 1134 864 -496 1016 34 451 1042 1449 1008 262 467 187 -672 -1278 -1069 -537 -283 -32 1262 445 1562 1038 1872 903 182 1417 598 -836 368 689 -395 761 -275 1096 625 1330 115 440 60 731 654 812 618 302 -12 161 141 1251 841 1237 183 152 815 1472 2251 1043 500 -329 587 -916 -8 -324 493 224 342 931 -21 398 -567 -770 462 -327 221 -1498 -251 413 1084 -287 -111 916 1599 201 -1428 453 1130 1336 447 452 -254 379 1282 1166 690 521 -110 -144 -386 -320 903 498 -71 -1232 -2155 -286 828 2532 889 1407 467 1219 743 -294 -1493 -1788 -1371 -332 -311 -819 -345 -741 -96 534 -317 -859 288 1168 929 1202 -295 -331 -90 515 1461 769 -1138 -2978 -2017 -659 754 679 1265 718 218 -965 -1164 -1059 -71 -619 -297 1053 -148 188 -811 1128 -1097 -1023 -1274 -511 -773 -344 686 1857 -165 -1042 -1602 -1020 252 1868 1211 1826 944 602 -376 240 1289 1340 628 441 -437 -1205 -1690 -2125 -1086 -179 -344 -395 428 29 239 -816 -1094 -1137 -899 -524 -805 -819 -1334 901 -574 -1196 -1415 3 -521 -60 -1091 -338 -437 -371 -1087 -1815 -1553 -1312 195 -354 62 -258 1310 1205 2087 497 -3 -527 576 204 -1047 -150 -1273 366 -432 90 -603 93 39 496 112 -638
-1002 -454 963 694 32 185 570 226 846 -84 -763 39 -847 -55 -1032 -1397 -1880 -401 -174 816 158 701 1081 939 237 -440 -1047 -546 721 482 1254 275 288 -572 -2209 -1512 -363 -1806 -2101 12 -1285 -336 -781 400 108 505 698 67 -305 -1049 -465 17 -309 996 290 195 84 -1013 -1267 -824 -962 -332 -116 469 118 -193 -1086 -706 784 2466 1926 1166 600 -22 -443 211 679 326 690 -296 -121 -1028 -1403 -241 792 590 -745 -762 -898 -401 -679 810 760 709 174 -87 12 -26 743 293 973 713 805 257 -237 -45 -706 -942 -1105 -1869 -2427 -1934 -1277 -1039 -731 -1155 58 949 133 180 118 -776 -924 -1501 -405 -834 -78 -737 -781 -403 -2223 -2004 -2489 -514 -617 1084 -646 -426 -862 533 967 1179 1124 632 998 1702 1486 831 -19 -910 -610 -909 -1324 -1377 -522 -722 -466 333 929 1539 1935 2459 1017 177 -859 -1186 -1201 61 -908 -669 -1256 -425 110 -1074 -731 -738 344 700 1547 1448 1130 330 -363 -318 -267 1153 1011 1256 491 274 -182 436 -911 109 -421 -274 -420 -777 -348 -1117 173 1805 2120 1541 12 384 -708 236 -117 -506 537 998 572 170 -516 145 168 192 -109 -151 -274 81 225 1165 -626 -630 -1586 -460 -1007 -388 348 1514 1082 1132 737 408 -444 1297 1277 1206 1059 1275
-171 96 792 2333 1516 611 542 469 894 -86 -534 -1195 1061 1733 1342 1273 356 -644 -555 -195 840 -200 -4 -293 123 36 376 548 -96 820 519 1095 913 279 655 -370 -853 96 522 -522 845 711 -248 569 581 -316 -1342 -324 502 225 -97 -999 -472 -47 -986 64 -808 -147 1436 238 1929 1940 2499 772 492 260 691 715 21 -1080 -661 -75 -841 -82 -1247 -1113 -1563 -348 -677 -55 1278 928 -32 -1316 -917 42 -423 -131 -43 891 1304 935 856 -357 -879 -1579 -499 640 605 1774 1546 571 303 483 1077 137 -54 -1149 -1484 85 175 647 -386 400 1037 1233 294 -899 -188 266 -813 255 -287 -406 -126 -361 -137 -914 -94 573 171 103 -1639 371 302 -515 -533 391 -83 -360 -1122 194 -478 -136 1387 1760 2090 1045 374 -158 453 -170 285 -157 -390 45 -474 -1124 -1598 -1734 -2367 -2209 -178 -146 316 -220 -672 -307 303 148 -218 252 642 -310 -1329 -862 -164 4 138 -1738 -334 -1026 -58 -1117 -2447 -1399 111 350 -163 -566 -1676 -1901 -687 -587 589 427 11 -1242 -459 403 916 458 1058 559 -528 -60 -540 -234 -1680 -1488 -1722 -231 981 -79 -58 -860 -1357 -885 22 197 29 113 -556 -163 45 123 92 -936 -461 -212 -742 -719 -1083 -158 1024 703 -1478 -1441 -721 -273 -828 -365
-230 936 528 240 322 605 104 -98 -66 703 607 573 699 248 439 259 -1775 -178 -867 -1010 -1103 -952 1837 1987 1319 236 -1458 -370 -115 1286 1436 613 -378 -927 683 227 -355 -1034 -543 152 -579 -1601 -1842 -1427 -377 248 -65 -1227 -1853 -2604 -2142 -214 841 1717 1188 185 -84 -1249 -707 -502 684 -86 1203 -92 -391 -1436 -1275 -598 1709 1814 981 356 -49 -965 -657 779 -424 199 -138 -1043 -165 -310 1508 1205 419 -561 -3078 -1890 -1995 -293 -279 43 785 -202 865 1051 -291 -953 -805 -86 239 1474 588 256 557 837 -1423 -79 -342 -236 -824 35 987 813 953 1168 1834 317 147 676 483 606 -83 441 -313 -26 -659 -562 -1601 -1332 -1277 1547 -242 414 -356 1263 733 537 -386 -159 244 258 882 1983 1176 1280 225 -987 -1328 -2131 -1287 -38 983 361 566 -919 83 491 1692 102 793 0 -330 -2062 -1052 -452 -644 -627 -489 233 543 -312 -661 -690 610 80 1265 -551 1685 1402 518 255 4 791 1158 690 -313 470 631 466 543 619 873 880 2087 1907 1916 1423 -174 -46 447 -29 -215 -379 63 -452 -278 -792 117 898 1960 882 225 -356 -198 -1220 466 -70 -1140 -1098 -1026 -334 447 162 71 -508 -302 567 1433 1634 1549 1535 875 2112 460 726 160 87 351 623 519 -454
77 -1112 341 424 -232 -391 61 -577 -811 -1445 -835 -882 174 19 -409 23 591 40 705 216 684 -284 -1213 -531 -867 12 -93 915 496 1141 618 676 848 605 -771 -727 559 189 163 1029 60 1986 638 272 -1288 -843 -597 -820 -773 -1586 -1231 -1878 -1390 -272 -1070 -1010 -977 -704 1232 -604 -432 -1546 -2118 -2386 -1495 -1339 -1339 -709 -714 -334 -297 -1922 -776 1124 1853 1260 1582 1209 926 1432 1522 973 659 773 619 290 -491 -75 -1100 59 1121 -134 -526 -897 -520 -1309 801 -281 -1251 -39 224 -165 480 104 517 0 573 -99 -629 693 -427 1176 -57 155 170 -671 69 647 475 653 -148 472 -263 -70 -328 -1 496 626 -116 652 -266 378 803 1485 736 -837 -440 -212 -40 142 -141 -10 -253 -106 77 406 -69 778 -71 -82 -729 30 -1184 247 832 167 -683 -1964 -1561 -927 -491 -977 468 1220 1654 1164 1489 700 457 -323 -422 823 -608 -602 -150 461 632 -83 8 289 503 237 -463 -248 383 716 744 330 321 -134 -1119 -508 232 449 419 146 -1135 -452 878 1526 1927 1446 1464 380 -122 582 467 517 314 397 -178 -190 -71 -590 300 33 1123 -969 -131 -1634 -82 466 -567 -323 305 5 390 244 106 -529 -332 439 421 1360 1055 98 -131 284 76 311 92 -516
346 514 57 349 1407 1756 1431 1299 472 -408 273 -429 18 31 -121 695 -1843 -92 -78 -1230 -888 -741 -477 -1200 -1671 -198 -1060 -40 -185 502 -861 98 -163 -186 -240 -147 -17 -216 -814 -1292 -706 -648 -181 311 1919 1103 298 -71 383 81 497 933 627 -853 -489 -949 -628 -1154 -271 303 1300 975 -250 -494 -1517 -704 157 -313 -220 -346 9 -182 -1033 -2234 -181 -646 553 4 1693 -172 1264 1202 362 -529 -387 1206 568 -160 389 -539 400 121 -890 -2988 -1548 -660 -1594 -535 0 -51 -1758 -678 -1404 -957 -121 170 -202 1407 449 -65 -962 -835 -530 1150 609 1412 1207 472 1039 634 -258 -303 -416 -1821 -2052 -2140 -818 390 466 378 -514 1125 162 49 105 224 701 -667 -879 -1523 -67 847 158 706 -837 74 -361 -776 -1025 -801 -137 -823 -655 -1309 -1097 621 375 -533 -812 -1104 -886 237 281 265 913 180 -615 -911 -114 -87 650 566 287 -12 -789 -710 124 691 645 877 -486 -446 -1016 -1417 -694 -226 418 351 857 1016 562 -288 661 2097 1149 1080 -449 -11 -49 -1399 -1110 -1759 319 -156 -101 -1111 -515 151 -491 407 598 1250 1253 1433 390 -451 551 214 363 -86 787 -630 -139 -968 -30 342 -391 61 232 7 -975 -810 -70 -453 -151 -788 398 467 1802 1233 2220 1325
-435 -668 -48 -607 -120 704 1417 690 643 -775 198 -656 -308 -1113 -310 120 746 330 -152 -116 -427 -511 -1443 -189 -1456 -1263 92 721 218 -223 -601 -711 -59 498 671 -654 274 -432 345 1629 1091 1991 2836 2235 2065 1536 137 45 -98 498 331 283 -285 1539 -392 -237 877 -246 23 -1126 -271 790 -145 -646 -43 4 -295 -467 315 -1548 -395 -947 -203 16 -1322 -10 -823 -1032 -676 858 140 -381 -2163 -280 37 1298 1365 659 -33 -748 152 -1812 130 -4 416 -304 549 919 54 556 435 -545 542 -399 -1468 -1723 -1462 -1769 -989 83 -402 516 363 -179 1059 977 1127 1190 9 567 1201 924 833 826 200 468 -352 179 -196 233 -146 119 475 284 -1360 -1944 -847 317 -166 -774 -1920 -652 340 1598 467 1389 752 2284 328 121 -648 280 -149 -113 327 173 -405 350 -1243 -1557 -2151 -1349 -618 -179 -1 334 1724 -35 1073 -216 131 -464 17 49 1778 2220 243 890 244 776 531 1584 557 -24 197 576 135 216 -839 -43 -324 233 306 167 691 -192 -559 -286 234 1264 1607 -31 -411 -1332 401 -44 1099 265 58 6 -979 -860 318 -282 -415 -459 72 -312 160 723 -164 721 473 952 648 1975 1857 1960 -94 -635 -747 -590 -233 -581 -137 -1526 1466 133 108 -921 -608 -1248
1280 536 450 3 -778 -729 -93 -777 -49 -310 225 -379 -68 796 973 1369 1682 1694 1146 1215 625 1220 236 -1075 5 -698 -469 52 182 786 -460 230 -797 -1648 -946 963 -744 -650 -1326 -466 686 -400 562 302 2484 1066 925 377 983 1204 1497 968 1385 -351 -366 -1421 -1877 -1487 -1055 -5 765 1469 20 -294 -2534 -1166 -55 -306 439 1165 964 1040 565 2037 1197 1367 1434 2305 917 53 418 422 -620 -1454 456 98 1260 148 1064 424 1134 72 157 -755 570 275 -263 -188 -326 -1172 -1439 -661 -465 -968 401 637 995 1761 102 -940 -334 -735 -70 -725 -382 -906 -131 -670 -612 -767 -269 21 -802 -1535 -705 844 591 807 55 697 -764 -602 -1658 -501 -619 -184 -316 -971 -791 827 -95 1163 -244 32 890 962 957 -238 -292 69 -450 -606 228 437 -1092 -576 -1380 -505 -688 771 155 -232 -726 -1854 342 749 2136 1790 1088 1476 2121 1855 1820 1599 501 406 670 119 747 931 1520 -126 1333 105 -6 -689 -290 -1026 -596 -521 377 123 -161 887 946 1949 2558 1466 542 -1237 -1648 -432 -701 -1117 -610 -371 -896 -1365 -1128 -211 801 1301 -256 -241 -447 244 462 526 246 392 -94 -811 -296 689 888 82 -148 121 256 10 770 1233 887 250 380 528 471 256 1559 1198 518 793
-260 496 1343 -9 -102 -604 851 332 938 -33 1052 180 24 -1035 -887 -1162 -541 -185 -111 -639 -194 604 -613 352 -608 -298 867 -603 -582 -1322 -316 98 1285 463 356 -223 -463 86 162 788 560 593 952 -332 -841 -626 -517 -704 -611 -1310 -1333 33 -262 523 -1018 -143 -128 -681 -1201 -1340 -1191 300 -592 -470 -190 68 -456 -794 -1103 -1143 627 466 334 567 -232 -455 -951 -176 344 830 -324 -872 -764 630 63 -166 -91 -479 674 359 587 509 727 743 -189 -456 352 -717 -548 -2046 -397 135 268 -194 -794 -487 -582 -59 449 563 -516 -622 -122 -313 -531 97 -619 -143 -92 951 623 -167 -1814 -1512 -1297 654 -143 -702 -1630 -268 558 613 -491 -936 -1271 -561 268 24 -44 -1049 -269 -395 -286 542 87 -16 439 754 1139 -619 461 105 -167 -1283 -2135 -1469 -945 -85 -1519 -1441 245 2132 2027 799 739 -103 1549 -147 2217 865 2306 998 1012 827 199 85 -898 -212 -620 -701 795 1357 723 173 818 721 -1134 -721 -343 -90 -64 537 1367 -445 806 0 -693 -211 -1062 -979 -1629 -1182 -26 166 52 -72 -361 -411 -1416 -707 205 951 2192 2484 1624 1009 2201 2070 2593 137 624 -124 -92 -1376 -2 639 -570 -1930 -1465 328 1630 1862 1966 1555 1823 1599 1641 308 -1390 461 1496 970
865 707 608 395 749 150 248 -71 785 -343 562 -453 402 -1009 750 834 923 225 -1266 -805 -384 418 729 -396 -243 -1510 -1679 -98 174 453 961 16 854 260 -111 374 252 935 372 -240 -295 -597 -169 54 122 -969 -1520 -833 -572 44 235 -698 -76 -214 -395 -1631 -832 -441 506 615 -108 208 133 1060 -403 -504 -556 -790 1604 447 -528 -718 -39 392 663 1404 1516 1228 34 -521 -145 291 579 -936 558 180 658 532 -158 -593 663 181 1328 745 913 627 338 968 -311 -734 -357 -259 -848 -944 -647 -364 -264 -295 -1314 -970 -570 -223 903 444 527 -711 142 -337 -336 -1373 -1359 85 424 -244 -561 -2090 -581 -954 78 -507 1465 1634 1825 473 742 -565 -767 -892 -282 1862 1526 1010 -354 -1430 -221 1658 274 1480 -19 635 -204 -355 -208 -841 -141 -304 -232 503 41 -580 -1155 -1277 -52 -262 1150 1141 19 139 95 1092 1096 1249 454 -194 -400 -1112 -1132 -1702 -380 -625 811 -976 699 -931 -176 -205 1453 108 345 -127 113 503 257 1297 306 963 1745 59 -700 -417 -847 469 -448 2351 2190 818 -1341 -1540 -599 1008 109 319 -571 -418 367 272 -622 -1176 384 43 1134 1129 2019 979 -281 154 1380 754 242 -451 683 1385 -529 -1647 -1715 -1833 -1034 -49 1577 935 248 352
228 166 451 -580 79 -744 529 247 -1241 -1594 -1357 -1062 -353 -800 -1719 -1028 -33 559 112 614 -32 913 -219 616 -517 -107 -192 -819 372 -413 -128 -101 818 258 -171 -695 -1260 -1096 64 -514 -426 717 323 -1124 -730 -359 -213 -126 -164 -43 -11 -328 -358 -1201 -822 -822 -1578 -1284 -415 1069 1179 1111 194 -1312 -952 -984 -846 -30 -575 243 159 -746 -419 -372 -1335 -1977 -841 -290 842 -545 -43 -1268 501 570 978 481 215 158 -485 -123 -34 469 1058 381 870 428 740 -1072 -48 -1217 -1006 497 1748 1252 1148 115 -352 678 803 243 85 102 -386 208 -1178 -702 -942 -16 -236 -504 -1308 -506 -299 278 1124 -155 -1803 -1478 -1189 -556 -683 -801 -721 764 307 84 -1449 -1546 -2030 -923 -194 1624 1860 1570 585 -316 -374 434 669 1101 599 1674 377 -119 -806 -259 424 1111 630 2071 1543 1438 -400 487 299 1031 1695 537 895 -558 -493 5 108 519 -509 134 -798 -764 -430 -610 226 168 -205 -520 160 -309 -582 -1073 -469 197 1028 733 -479 -556 -671 730 -179 610 1076 227 535 555 896 194 998 1265 1210 -1350 -1495 -103 -125 -420 -951 474 -571 -797 979 957 569 -716 -1077 -1089 240 832 337 -248 154 145 1624 1330 1216 -184 315 890 870 940 253 -44 -1016 -6 314 -705
-776 -903 -358 486 852 1672 628 8 638 73 308 38 -1070 -855 -510 262 2 -19 -1568 644 131 1046 84 -593 673 -1284 -996 -916 204 87 1064 1130 618 189 -303 1473 1532 105 -177 514 -81 98 -945 -412 -1317 -134 715 379 -327 1112 565 -121 467 -118 -210 -789 -434 -1758 -2308 -993 -334 356 53 -17 717 -429 294 -372 224 -1573 -1336 168 1347 795 -284 215 -557 84 -1314 111 327 -322 376 578 601 762 676 -297 382 -154 -203 -64 1053 -323 -801 -1729 -940 -471 -508 127 10 -1367 -1331 54 1479 -423 -458 -1356 -587 -244 646 -1091 446 -100 1080 1861 1202 973 707 320 310 336 816 -1072 -1991 -1221 -853 -1058 -891 193 372 209 357 -779 -476 -964 -1978 -2315 -1521 -983 -416 -1112 -1226 228 210 709 472 1022 -184 154 -68 174 -1250 -1097 -662 -49 210 602 79 289 163 -868 -2168 -1859 -780 170 -1057 -330 -213 -59 -895 -805 -131 -150 -120 -1067 -492 -1272 -875 -1237 -226 -1458 -285 1168 527 1254 1919 2178 1367 -263 -453 1432 1392 1858 -44 -1029 -527 797 1055 1175 591 -48 -342 -183 272 -714 366 871 565 -435 -853 1567 745 1184 1083 857 -671 4 661 394 -248 -883 -773 -324 -19 1847 -252 157 -834 392 454 1407 532 247 554 -172 476 428 823 449 97 -873
413 795 539 354 1229 80 325 -490 -888 228 998 -487 -1008 -822 216 348 231 661 3 334 -922 900 356 378 22 -189 94 -1099 -687 -684 -646 -291 -235 59 -885 -125 -278 882 -942 -820 -1201 520 670 910 1772 1079 630 1785 336 -809 27 651 726 -127 557 -656 -384 977 1926 299 -813 -176 -220 -536 -1020 -1101 93 46 304 -424 -639 331 850 668 730 33 879 619 53 468 1829 1068 334 -15 -788 -992 -1403 -438 630 1039 948 -326 -7 950 879 -417 -316 -513 -566 -192 -1034 469 -750 -1230 -842 1134 558 781 -380 -443 -689 -38 -197 385 -228 -106 1005 954 1021 1822 1503 1210 712 188 825 655 384 1995 83 -657 -470 -558 961 1617 1234 135 -637 -538 -615 -580 -499 74 678 -363 55 -73 -583 -189 1298 356 438 924 1846 -561 -176 -719 31 126 -337 -289 -135 -16 -639 40 -890 662 832 968 381 -486 -598 112 -328 495 -534 -626 -1060 44 600 -389 -950 196 -30 273 53 455 -204 580 1182 1430 1988 1711 1622 760 110 -775 -495 4 1036 1590 348 -154 -208 -910 816 771 1006 -590 35 784 762 -668 -723 -673 -717 293 189 -376 -2208 -679 -946 38 -245 -1206 -150 -333 613 -393 582 1100 64 33 -639 891 224 1051 -330 -635 192 179 1126 390
-239 448 -832 466 -243 770 1111 748 -312 -741 149 1131 680 1278 1080 309 106 91 -470 1918 -170 322 -378 -29 543 -61 283 -272 -35 -256 482 497 351 1440 2472 1682 875 -430 402 1122 643 849 275 -924 -813 645 192 228 634 1725 1068 990 791 -344 -157 1110 739 449 -89 1307 564 -963 -231 316 1086 309 109 691 241 794 370 438 77 -10 -967 -51 -663 228 792 -1630 -1623 -1743 244 -1052 -164 -397 708 680 1378 849 643 606 -106 -35 -444 -586 -22 592 -171 -676 -1239 -1159 -651 -621 -537 -1551 191 871 461 -621 -387 -1770 -1542 -330 -1665 -297 -1194 -282 197 -567 608 962 980 88 390 732 819 -882 -893 -353 -754 -697 -866 -1033 -732 -106 326 -35 499 323 258 -641 -1551 -1008 -1781 -1002 -240 315 -822 -750 -390 -812 -1203 -423 979 731 435 -153 -1124 -1458 -563 -327 -499 463 421 -568 -342 -932 -1090 -2019 -673 -84 383 -734 150 732 1455 258 69 -269 -1300 -1541 -1481 -139 -1743 -879 147 -181 431 764 459 602 442 -45 -1822 -1530 -711 -438 -902 -1704 115 -282 -636 70 713 -37 190 -9 -136 -560 1233 1419 1120 779 313 -839 -553 819 1669 883 1056 2620 3826 2788 1302 348 -80 -705 319 492 748 143 -194 474 277 1229 554 636 -221 -1118 -354 -1512
107 1472 385 1387 321 643 -554 523 2242 1756 2018 1121 922 1627 1086 340 -1199 -261 -670 -757 -921 -1065 -811 -1332 -1208 -1272 -683 -926 817 307 -377 -428 -747 -928 74 977 513 234 -546 -99 -177 -393 740 -232 173 -502 894 1432 175 -639 -715 -297 1241 1933 651 60 28 1256 6 155 -648 452 825 900 740 -46 51 -156 -893 -944 -45 1795 304 435 -610 -894 -974 -66 -559 571 116 -1041 -708 -9 -232 -398 -122 375 651 679 -491 312 1280 1233 1435 1338 394 -785 -515 -167 1290 1395 1408 1285 1077 1057 -820 -709 -569 67 86 1206 -191 420 -362 35 872 978 1280 1010 1163 -79 -276 995 716 1537 905 688 -69 -1068 410 -220 -908 -793 -2168 -2200 -977 272 507 327 713 672 185 -438 443 606 878 747 128 -64 -321 285 370 -792 -1204 -1148 -187 -368 -200 -674 -1118 -623 110 844 -247 1869 595 301 137 -809 -1263 -688 -825 533 684 899 762 430 -828 -1408 -413 -19 947 769 1184 1324 779 -31 27 -854 1197 -315 -1267 -2111 -737 -745 -389 -371 -544 65 -106 33 -527 -747 -547 546 -899 -872 -1197 91 -19 -295 1526 1946 1563 592 -1179 -1552 -1721 827 690 778 521 239 597 -329 439 189 621 1137 -70 158 -919 -538 -936 -24 1562 1330 2332 478 985 439
-198 -483 -960 -572 -184 1260 1261 751 119 -488 -1046 -1181 -994 -713 -712 1057 1442 1297 -484 1319 1429 2540 3011 1089 690 346 170 1801 730 946 1524 1023 2015 1516 325 -579 -1795 -613 -536 567 203 1013 770 1193 1243 932 524 1153 1726 1480 959 1098 852 662 701 408 -440 340 325 -546 -1588 -799 -190 636 753 466 469 611 565 1611 563 391 -235 -1240 -389 986 -254 -229 461 -269 -195 -308 651 -94 78 -244 -540 -829 -375 -1244 -1214 -1270 -356 1037 -458 -612 -299 310 -253 -182 57 -150 -536 -1110 -545 1051 527 514 -1282 -187 -495 -90 -1033 3 -909 745 181 -888 -723 112 424 1028 -72 -346 1681 1701 733 827 -111 433 708 1167 1011 531 -356 1083 -281 949 -167 585 -479 1831 89 -319 -1639 59 540 -72 -1828 -2552 -1236 -1020 -533 -122 1070 1080 -301 -1173 -1551 -827 484 936 76 75 -141 -927 285 -990 -923 -63 985 -84 -902 -1639 -1876 636 935 1717 749 317 -895 -598 719 -132 652 -1308 -724 -792 -1534 -1037 -940 797 1429 1123 -526 -839 -868 -1729 -923 -310 354 609 -538 -676 -631 1469 1336 1068 -140 -521 922 396 -643 -867 85 -829 -132 -602 -685 -1405 -1005 325 509 471 841 93 154 351 823 -383 1358 427 250 764 -245 330 -535 161 529 -178 401 349
-319 1336 -734 -401 -888 -943 882 681 2213 1102 291 551 153 1351 470 -644 -538 1162 1383 484 382 356 -365 -288 -743 -1442 -598 -726 -793 -173 -410 -899 -6 -262 197 776 1556 900 -273 -139 -383 -79 -495 -415 -635 972 867 1365 362 87 618 578 1242 470 -1000 -104 -429 -363 472 196 903 454 -790 30 582 1230 780 22 -1449 -765 174 159 -653 -861 -99 -1620 -154 427 -1545 -1073 -630 -875 -511 621 554 -277 -178 -1269 -1087 -1431 -1419 -1288 -576 -1362 888 1882 1150 121 408 1018 557 927 -549 -95 -945 -1228 -507 -302 1058 -823 -179 -170 634 1446 1021 787 1354 1361 957 -193 -638 -1078 -1926 -591 -642 -236 -143 -903 385 1041 2004 1550 -65 -158 -193 199 1285 114 604 22 545 -254 549 407 -787 -724 -879 306 738 1449 38 -84 -299 -1067 -1543 -805 20 91 -558 -376 -939 -138 554 1429 814 1242 277 526 775 154 -35 837 -25 1184 890 1318 -1006 -1044 -1350 461 -206 764 503 -801 -1412 -409 666 1444 1540 1573 -308 -226 -843 930 592 1058 -174 -224 494 -621 157 669 275 395 -701 255 46 1028 21 -70 205 162 825 1266 831 421 -749 -180 -97 1795 409 -344 -844 -608 410 1581 1852 1610 258 289 -184 1105 1651 83 89 -877 1093 576 368 238 -91 840
-1710 -1722 -1573 -205 457 156 930 -143 11 127 504 139 -391 -496 574 1705 1478 626 460 1095 1592 1598 1070 154 -572 908 -201 661 757 -169 1041 952 1380 -103 252 102 143 581 -870 -853 -267 259 157 -82 -923 -1008 -950 -43 336 442 1063 721 388 447 397 1332 1482 2022 623 1195 42 1009 1144 154 -369 516 -199 -17 258 1452 -27 821 1005 386 -835 -39 -491 -325 275 573 -97 232 833 -17 37 -289 -1118 -1166 -1468 -1207 412 520 463 1055 -645 -196 256 523 -11 94 1014 1244 1053 744 -1 45 -1868 -515 -552 516 1427 1664 184 -385 -328 231 -234 -699 -1311 736 636 857 1833 1197 383 -301 -904 -549 -1188 -709 343 -238 214 -535 -216 -576 -811 -1229 -739 -1294 -61 148 -1098 -508 517 1282 712 -232 -211 -446 -334 -1123 -1491 -472 -417 188 -860 -972 -540 -857 -122 49 197 -201 568 674 1087 1358 -306 773 401 -390 -945 -1267 -1453 164 522 223 -66 -113 -777 -218 -165 -199 -584 -815 -814 561 1111 1019 988 555 -2 598 -763 -1646 -861 -607 -1137 -534 151 43 851 66 -332 -166 78 -433 -742 -768 148 790 237 -129 171 315 -264 170 -36 484 503 802 950 222 -112 -523 -165 603 643 563 -1081 -317 -848 -560 -160 -1459 -235 -1362 -351 -938 -1250 -297
249 -246 -587 -210 1604 987 292 267 -536 -331 -635 -506 -578 -1466 462 140 552 605 -70 -1115 -224 -330 -9 -79 -736 -1086 -668 -1118 -798 -13 -264 396 496 1463 224 3 -319 -1249 -11 -66 -25 593 -45 -366 -904 -1971 -1873 -1684 -1001 -986 -825 -653 -559 63 -62 252 58 51 594 249 397 564 -1411 -559 -113 -900 254 -132 -814 -355 943 -863 -1578 -801 -18 -804 -1349 -29 -1067 -1245 -435 525 613 821 865 -378 -155 554 934 2127 953 400 721 191 1057 2105 1089 1065 424 1318 668 1161 404 814 537 -49 -4 -528 -771 -431 -1904 -638 -690 357 -494 1309 428 627 -31 68 -677 -1232 -1192 413 91 -1181 -1508 -38 377 223 192 -204 -869 -188 398 -356 893 -81 351 705 1049 -910 -985 -1286 22 1077 1569 1447 2441 1209 954 145 736 935 774 -319 -753 162 -123 556 330 1188 1044 1684 -9 434 536 655 -599 -566 -1293 1429 619 1589 120 -366 -650 509 240 290 -975 -1469 -731 -350 -855 199 994 294 357 93 18 -173 185 -704 -47 -72 618 -8 -156 -756 -491 742 182 -1036 -451 -587 -411 343 766 -251 -24 -182 -680 203 -72 63 278 595 230 408 450 -60 -1201 -815 -342 1400 1465 140 -743 530 -589 -66 -1088 122 1605 517 284 161 348 113 887 -157
576 791 -252 -599 -726 -1305 -521 -200 -41 387 51 -380 607 -918 -222 -358 189 -351 -55 588 1655 2302 1509 557 -514 -582 -1127 -571 258 1027 518 279 943 1217 16 -144 869 314 1335 -379 -143 -1334 289 1093 434 529 -116 309 11 -708 286 968 2054 1588 1346 1035 463 521 281 128 -594 -768 136 159 1106 1045 350 779 2789 2033 604 745 895 -529 -1046 992 1481 477 783 1465 1805 -303 1094 537 902 637 -224 -1666 -912 88 1495 542 -555 -657 -742 279 1194 1257 -134 -686 -881 903 629 258 -833 204 -482 863 -104 -758 1030 973 766 -788 -601 -1618 -1182 -250 -2 817 -583 360 -47 226 -294 -141 -103 -19 -98 821 92 -566 746 389 957 254 585 566 1556 99 1129 -515 504 -165 1236 -208 -205 -682 56 90 71 361 119 62 -67 -310 -1179 -2009 -266 -485 -365 725 1886 1211 1849 1628 168 807 136 575 -48 -470 556 289 1019 380 468 -653 -377 -1065 -1359 -251 -779 -495 -403 87 -695 339 -335 -603 -139 247 730 543 1248 111 479 -502 -1015 -650 -201 121 -296 -577 -987 643 1752 -651 -1137 -1617 -705 -151 624 -245 -1864 -2778 -2169 -836 187 -1049 -1004 -1166 136 -669 -563 -773 -279 655 182 -284 -527 -726 -721 -1068 -439 277 -645 -1829 -2371 -2122 -1571 -487
44 -1081 -117 -513 694 -824 -1922 -1149 -443 333 -114 297 230 7 -867 -1491 -2090 -1757 -1415 -1184 -641 -303 1210 2081 1313 1740 834 970 -1056 -1150 -1273 -1053 -742 -782 1168 -179 -269 -1410 -664 1006 1610 96 -885 -838 867 968 734 939 646 1030 -624 -841 22 841 1065 491 428 107 910 885 509 -770 -602 -748 -104 -935 -146 184 409 969 621 -1085 -1663 -195 -867 -276 -813 -724 -754 -1228 -1099 -227 -199 -166 495 144 1343 1608 1003 251 302 126 634 226 -361 986 -1125 -33 -885 217 -1510 -542 -546 849 233 174 -332 439 -461 1343 278 987 908 300 -385 -195 -1013 -1185 19 491 -521 -504 -1690 -417 -1039 -639 -438 615 475 554 -214 121 -296 -56 -720 662 1023 326 -1280 -540 758 269 1704 270 561 -576 -121 -1930 -1380 -1484 -69 469 1278 1053 187 403 461 1150 -597 -169 -418 -838 -1627 -1747 -1335 -886 811 398 324 943 581 675 27 1595 1354 1480 1316 -90 186 319 575 -868 -336 -145 165 -1164 -954 -1041 160 1658 384 -218 -138 -922 -246 144 32 -122 -1047 -322 -67 533 537 -120 -316 -1055 -483 226 -262 -1146 -617 462 -354 -261 -922 -682 -134 -374 -443 -741 -34 235 -1053 -223 102 448 450 -19 -253 1173 718 352 -10 82 335 678 535 1632 1432 861 1202 -420
958 53 -311 -77 -390 -653 266 -535 -743 -334 331 -507 266 4 -126 205 -852 924 1265 1654 2825 1353 243 -372 -181 979 957 1005 465 1272 755 1087 1606 751 395 586 1240 750 394 -1548 -664 1567 1255 776 -537 -533 52 298 -616 -1060 672 1594 2029 207 -211 -606 -628 -519 -1058 185 1016 1884 1212 -399 -664 -651 -403 1183 252 1251 -566 -146 -588 -974 -524 561 136 -48 -702 -821 111 -275 -104 -241 86 -54 -423 -279 514 -823 278 753 1643 1253 137 1064 2318 1605 -136 46 -329 1051 492 305 -1302 -633 -975 322 -408 -433 318 -373 -2696 -2337 -1850 -1321 -510 668 472 -800 -786 -1545 333 -1253 507 -532 -221 47 839 757 278 -635 829 1199 1199 -293 -59 -277 -235 -307 421 -318 124 -334 104 307 300 -215 -352 -1367 -1345 -2325 -587 33 257 586 -500 -27 -474 -406 763 760 214 -289 486 -25 -903 260 -355 495 261 377 -50 203 1120 1272 433 -71 -1063 -905 233 970 177 197 -592 -835 -1368 -2033 -1313 -450 -134 -155 -214 102 5 -263 -893 139 566 1801 655 1082 560 -1 -559 403 -236 -501 -751 -303 113 1195 135 242 210 -125 187 -1168 -245 -1031 -1184 -1454 972 373 1542 1756 1920 2291 1072 413 313 557 -606 -630 -213 -111 -326 -1519 -696 -512 334 193
-1038 -1164 -1524 -1018 237 -1303 -2388 -1968 -1549 -497 -32 1073 719 410 -555 421 -487 -793 -1568 -818 -1573 -331 129 264 2 966 1390 272 -741 -682 107 1225 1392 1316 472 1285 -62 451 -624 1192 -58 -630 103 405 -603 -912 -238 447 394 163 -53 -10 -333 947 1268 1265 906 904 -14 -576 -599 -450 -460 -34 -1175 -969 -743 212 500 39 -473 -486 -277 -665 406 420 -132 -1131 -1453 -833 -2835 -1232 578 1083 -413 -137 292 727 2044 1064 421 -1014 -900 -868 -291 -1513 -766 -744 -423 -545 -526 33 470 89 244 14 -597 418 371 128 437 809 958 342 540 223 1621 1444 991 1336 124 1342 793 758 1825 1006 499 427 -746 -402 -167 193 474 457 -235 56 141 -69 424 478 700 -1273 -582 -546 83 449 811 451 446 535 1482 1047 -261 -188 214 111 849 -349 -717 -345 -885 -1335 949 67 1577 76 -225 -760 393 234 -169 552 181 1153 819 1927 1265 1220 687 -258 -802 -576 672 904 152 -15 -739 -323 -629 228 1009 100 -24 -136 -440 640 -375 -85 -794 -973 -941 -601 540 -108 -621 -554 -304 -496 -856 -468 -177 -1001 -983 -1064 -546 134 974 -1170 -796 -964 -697 -84 -822 44 285 682 361 727 -325 -201 -600 -716 100 73 -236 311 315 552 497 174 303 -196
996 710 -155 -1267 -1817 -1399 114 792 1775 1820 1019 -776 -823 1075 510 1363 707 1301 1580 848 553 25 -281 -691 -143 -721 -232 228 724 1332 1080 501 302 798 655 1189 469 -514 -427 -723 -18 104 306 -98 641 64 -544 -1541 -707 -165 1701 1383 1708 1226 1612 1418 -72 -504 -221 -181 -893 494 163 598 -627 99 -929 -10 -370 684 -825 -841 -547 637 297 33 -38 261 -442 30 1685 -114 -1474 -2050 -545 -1090 -1252 -1625 -263 -759 688 -909 -1067 -716 -469 533 433 -561 -1702 -565 -268 1078 685 1181 -42 547 634 344 202 437 685 -120 141 66 -776 74 -142 25 -133 -383 -366 -779 -718 -1260 -711 -215 -245 848 512 -194 -23 880 1578 2312 893 383 -459 782 734 958 -883 -617 -545 125 896 749 659 -338 347 -1254 -1472 -1047 -814 -989 -2817 -214 -873 -1632 -1684 -1992 -430 -756 -174 648 447 -255 47 220 -355 -177 457 -187 1150 1368 2014 622 605 851 1138 1521 1186 953 415 15 1084 -41 -299 -444 -1087 -561 -435 -121 -576 -1048 -1688 -264 -717 305 7 281 830 -588 31 -860 -383 -321 190 320 182 -356 907 -81 -386 -715 258 -151 -300 209 890 1119 678 -822 -200 -517 -503 342 -235 182 -780 917 457 230 -639 -93 1247 669 -254 -325 -91 -98 -833 -885
444 27 350 522 10 -1233 -1254 -845 -251 52 428 -893 -2662 -1063 214 1694 1557 1619 968 373 221 1286 475 598 -195 -35 -384 -1364 -1485 -1201 -50 683 276 -426 -1530 -877 58 412 414 759 596 785 1070 1173 -347 -161 -880 -578 -1180 -195 -308 11 -1304 418 -114 127 8 -252 -417 576 639 -71 -1237 706 487 794 -661 -1119 -886 -204 687 215 -329 -1245 -745 -35 -1249 238 1151 -81 -158 -836 1290 -10 -859 -457 -790 83 -29 -588 -643 852 593 -289 141 -261 -449 -49 540 618 -325 337 -215 -123 162 228 777 1262 1242 406 -110 480 978 1921 1905 -107 -61 671 -457 -684 74 -1337 260 -842 243 803 376 1206 -713 4 981 1154 1822 364 -566 -305 603 -389 1020 77 631 738 1108 453 -193 -446 773 -487 -1333 -2070 -1757 -1071 -470 1218 1455 390 -123 -345 -1379 -292 -835 -894 254 -531 -585 -535 24 369 211 -1101 -657 -1023 -1810 -2161 -549 743 761 -638 -1780 -860 -456 46 1215 -564 -390 -90 -72 -477 696 1732 1226 714 543 708 17 1623 819 851 -40 22 82 717 363 -1016 -563 210 -405 -634 357 49 302 -948 -673 -11 -225 -509 -1164 -719 -148 -651 -737 319 626 53 1218 -885 -441 -1940 -1228 -632 -155 952 -278 410 -372 653 390 -205 -174 449 843 -10
-441 -625 -919 -1918 -37 668 71 1271 1484 2314 597 -259 -1526 -1301 -1283 -329 -90 -358 121 466 -712 70 -530 -10 -1437 -1363 -1278 -24 -850 -1129 -1676 -1446 -696 1039 -164 -205 -1263 437 847 1002 1431 18 1320 1356 1648 1418 133 -143 -8 1151 1817 1068 225 866 102 422 -1468 -377 -1353 -1072 -668 346 -442 -952 -1459 -569 -608 242 -226 1244 739 653 736 789 917 1361 245 946 313 1115 1723 -2368 -1332 -1356 -219 -7 -1606 -626 3 -694 -876 -1044 -276 542 -667 -862 -219 -460 -467 855 428 -64 -17 -218 -255 108 1110 -130 -491 638 -124 206 -335 115 -23 607 -590 -1370 -323 -25 -522 35 167 -1014 -541 787 1374 1362 1491 273 1203 845 631 -645 -316 -904 1001 954 204 -556 -156 37 1734 1022 1648 455 146 -633 -472 -1266 -1041 -1508 -1640 -1232 -1858 -547 -201 570 689 1373 962 1721 173 152 -390 -589 -610 -395 15 362 351 1210 638 -30 -158 -696 -321 -362 -617 23 357 433 356 151 684 -1565 -1830 -984 -314 110 641 -417 -1674 -1195 -1523 -157 -389 -256 -497 54 592 480 201 -688 -320 -1456 -736 -610 -2468 -2023 -668 482 490 -614 349 184 309 -1124 -175 658 -662 -1218 -1192 -144 572 953 1238 -4 -580 -1073 -1195 -1355 -785 -41 -281 -621 807 668 192 -936 -1717 -838
-1292 -658 -903 -781 -312 473 969 -304 -182 576 -135 53 -402 311 -841 -1342 -948 -692 -152 -951 -808 155 -140 137 -41 115 -1360 -1033 -286 -92 -215 -222 -1812 -1531 -1406 -197 -1271 -697 -149 1487 1329 862 656 669 308 262 -273 791 1050 1952 -584 -17 -154 49 842 1585 826 1536 862 2438 1041 603 -1687 -899 -795 -873 -1037 -488 -619 -651 41 -552 -247 100 323 1107 126 73 163 -697 8 -159 94 -1292 -1863 -441 -126 442 39 350 660 1137 -52 -164 150 1821 1884 1512 -405 -911 -285 395 51 -38 1226 940 1142 1190 879 529 927 1022 1150 1311 659 -401 -493 -1045 -28 -162 1503 -225 -691 -452 -845 -229 -900 -621 14 1034 967 65 168 -938 -506 -789 207 -877 -1120 -1639 -1932 -523 -836 -62 -85 270 73 -710 -1072 -1546 -832 -405 -507 -246 978 -6 761 65 342 849 584 511 630 -392 -765 -122 732 680 553 437 54 -98 -922 -692 -1849 -487 -146 -639 -1193 -496 -60 -1222 -338 -1194 735 862 -304 -585 211 1710 1866 971 893 561 13 1084 -891 94 -1277 63 -301 282 -22 -127 481 178 -366 -1044 -439 279 -153 -238 229 149 102 1053 1951 1450 -271 -1129 -663 -71 64 453 993 -363 -434 -384 -344 -137 -488 379 -33 357 941 126 1714 959 721 -1454 -709 -1016
-42 1054 1399 222 579 -271 789 1399 81 1298 296 1038 -169 106 335 462 770 672 830 53 -1133 -154 -686 -87 -632 -134 935 581 -762 -205 -914 256 633 1832 778 1668 1014 688 373 -347 1220 797 1327 1873 1591 1294 262 258 976 1975 2138 883 307 1210 121 -754 -283 94 776 1974 1295 1731 1867 75 -739 154 5 -19 692 887 503 -175 -371 -645 -972 186 -761 -1330 -363 -589 565 -1312 -625 36 -1101 -622 443 1116 764 -678 -393 -201 9 -478 -428 803 1992 3243 3615 1386 -146 336 1418 815 318 -380 -247 -883 148 906 682 495 696 1677 733 1043 301 -302 -1153 -1213 -565 859 842 -924 185 -369 -806 -450 1032 1446 1769 -555 -558 -1590 388 193 587 -313 -214 -856 -200 -531 -989 -1085 -474 -588 -1741 -1079 572 -983 -185 -325 668 51 440 912 412 562 727 593 1260 625 -619 -298 -456 -38 -24 732 1153 1269 523 -104 -961 -25 -246 104 -777 1090 2243 1152 -122 -1365 -1186 -500 1276 1091 1562 935 1218 64 1154 1151 -152 -1085 -300 -155 1015 -136 488 -259 -27 232 1207 342 1372 1002 1964 799 -1263 -244 796 1359 1481 107 986 -389 -416 574 155 1173 -558 323 853 921 1215 815 1014 1495 1163 1655 1103 1882 1880 1663 955 -638 -366 -959 911 1508 1263 962
-639 -708 452 1362 889 42 -231 -222 -126 -883 -278 801 75 -718 -1200 -858 -139 -1536 -989 -1150 -455 -450 -389 -141 -124 29 -55 -205 1081 1490 1029 1398 799 1870 323 1467 348 137 11 -430 -777 33 533 -435 -1144 -832 -237 586 77 45 13 -1730 -1350 -1304 1044 1651 714 1349 846 1161 741 503 -760 124 217 -1361 -522 -837 -77 -243 240 10 -270 791 -688 -479 -1600 373 -490 318 -9 481 576 264 484 439 439 1668 1866 1468 1283 862 -10 888 124 542 433 100 1033 1149 2617 389 -37 -849 -822 118 888 1569 834 -54 1452 733 311 -892 -266 -270 439 1189 2551 1881 1431 -88 431 1256 293 -359 -192 411 -336 -353 729 1073 1991 750 512 340 389 727 -812 1401 998 1067 492 114 -207 385 -227 175 210 817 1763 1264 1180 36 -634 -289 256 822 656 529 135 972 322 98 -979 -67 1162 360 451 -296 -736 -973 -1064 -855 117 526 838 -1252 -477 191 1318 432 -302 -178 -286 -248 687 937 2430 1318 1208 -188 702 296 -452 -67 255 -435 -762 -1145 387 -1133 -832 49 615 432 240 -298 -18 703 1243 669 -117 -292 -148 1620 1446 -96 -1210 -716 -36 -300 -380 153 -547 792 947 838 -473 -315 -303 735 1051 697 347 -260 12 -1109 -1487 -1468 -510 797
942 1063 1104 877 1427 384 197 -544 -1078 905 146 419 1036 485 -286 -693 -519 247 -143 -1692 -1622 -623 -326 -1381 -295 -614 -36 -462 -381 -1157 -461 105 -36 45 719 684 182 1167 298 393 653 1327 1087 1364 1102 600 636 895 588 31 -565 294 880 753 564 -629 -117 -1115 -519 -124 30 906 1288 248 15 500 -423 -1188 28 1053 386 -313 -276 -473 -71 -955 -962 -1273 491 541 -95 -258 -1774 -1340 -1617 476 -133 234 -937 198 -28 464 198 536 1292 1680 1865 1737 1485 -18 889 879 519 -437 -167 217 508 493 1761 493 778 -233 1260 -262 -327 -653 387 161 729 1531 880 191 -1157 74 1266 227 -697 -1472 484 26 -859 -1032 -1042 -136 417 437 -1157 -957 -1463 -661 -378 698 446 1393 655 171 -194 -1736 -943 -1718 79 380 508 -457 -244 -201 564 570 810 -118 780 -531 -393 -865 -8 574 42 621 -713 -595 340 53 -200 -28 -161 -425 -726 -731 124 -252 -434 -674 -773 913 1128 1573 668 126 -45 -332 531 948 -370 -473 81 40 416 104 -976 -1145 -1689 -427 -560 -329 90 624 821 887 70 80 -647 -803 103 308 -598 -292 -562 272 -914 -1179 -935 617 479 340 -275 31 -234 171 -721 -106 112 252 700 905 1357 266 344 -167 -373 80 199 1302
-655 327 931 745 -733 -1319 -410 175 -614 -698 -814 -452 -1579 -890 250 -1669 -1866 -2313 -1687 -1515 -894 -511 -227 258 -484 -1047 529 -315 956 982 641 718 1552 1433 973 1299 650 -57 27 -235 206 484 68 -881 -421 80 1383 1018 1137 765 1614 1719 1536 673 -679 -1218 -855 -448 -1110 -962 -571 -543 -774 -408 811 -1082 -21 330 -114 -767 -1213 -412 -983 -710 145 132 98 -183 -360 407 683 1100 871 952 233 1329 -652 844 416 1583 859 373 -1201 -457 -1481 -1399 -2065 -1259 412 143 229 -622 -555 -422 486 229 -610 -1285 -1186 -567 1103 1147 -15 -98 85 -1473 -889 -825 260 -1075 -512 -454 -314 485 -1100 -148 -484 1027 418 -106 -982 -281 -87 1189 1383 1702 1231 981 374 1440 1190 473 -365 1258 384 2087 881 1439 10 164 130 -603 -935 -206 -717 -261 -1158 1150 789 345 -660 315 33 -446 -194 -1020 -738 -1012 -531 -507 -570 205 112 -1291 -1212 -1242 153 -1333 -191 436 1956 1785 -444 -1244 -45 35 713 1024 82 -815 -725 -160 601 917 -149 -25 361 -328 -1151 -1071 5 691 382 1646 1270 644 -631 89 -965 -321 -1422 -814 -1566 -222 100 305 -825 -189 -116 699 531 490 -545 -238 -1260 132 -728 -286 -1190 -1128 -578 266 126 -104 -72 473 425 -11 366 975 957 572
-2511 -1557 184 466 1383 530 632 517 331 -46 -1194 -238 757 -264 -882 -280 1291 745 15 -2104 -1393 23 1362 1563 836 640 -170 22 229 -546 1004 64 1719 935 1430 1498 865 1763 1006 1048 -280 722 1582 182 -285 104 -321 -915 -1604 -1197 372 589 -172 -699 547 -1207 -957 -833 -453 1032 771 501 364 76 769 410 -126 -565 1160 1123 -425 -1128 78 -165 757 321 965 -298 -857 -1830 -675 -113 -35 874 -216 1197 602 456 249 340 569 -752 476 -211 -931 -256 -382 -659 -1977 -672 533 -335 -311 8 -259 -656 -921 -2448 -1291 -1719 -590 304 735 922 628 1750 965 1093 1418 1009 -204 607 488 796 782 -404 -1131 -336 -411 239 -188 19 -48 -167 -588 -622 -650 -402 -150 887 1097 1771 567 956 795 194 237 -642 -301 -932 468 247 378 -589 178 1286 719 108 31 633 1489 -127 1406 573 1263 843 -178 -744 -1279 -1394 -341 -1964 -422 -568 -267 -1687 -1507 172 720 713 126 211 1490 1767 341 650 530 -197 -1408 -146 298 1373 144 -577 -75 152 -337 566 1738 1916 1098 406 -49 -792 -547 221 1591 1852 2462 2178 1186 109 -103 431 -263 1322 377 -353 -1315 84 1153 1343 1143 734 611 37 1153 111 185 764 -760 -185 526 -875 -677 -329 -74 242 -724 111 823 709
251 205 -160 -489 675 944 519 -1070 -1063 -1376 -314 55 153 729 466 -804 -901 282 737 635 862 -197 -276 -626 -505 133 1087 -510 -854 -871 393 1237 990 714 42 526 819 812 -350 -165 177 -1387 -1445 -634 92 -935 -705 49 -624 147 469 2115 1405 -235 -825 587 455 174 21 1329 720 -185 57 449 1021 813 59 200 -1812 -1594 -1527 -277 548 -307 46 -1271 -819 -599 -653 93 -597 168 -109 1104 -197 -278 -65 1319 1065 -124 407 241 484 432 601 -63 174 867 1225 353 253 -842 12 -801 403 -459 154 29 -568 542 265 172 -237 930 152 -923 -647 -1113 -1088 -835 -114 450 -959 -415 -1631 -1000 174 225 -327 -476 -237 227 -131 -1302 155 388 815 872 982 139 -366 -497 629 1149 676 41 -661 -837 -429 305 -1475 -673 -603 -907 -1188 -511 100 1358 346 -1870 -1908 -1069 -541 -443 -353 -845 -1158 -1121 161 533 769 998 676 119 -575 240 808 -464 -910 -319 159 -675 -747 -717 46 -833 46 944 310 -234 -480 -447 -1059 -1205 -1069 -616 862 658 8 -1388 -730 -2077 -354 -429 205 -157 178 645 1136 536 113 841 -40 -285 -762 30 293 1502 1649 1322 1005 1358 211 288 72 1080 1052 565 -405 -919 -130 -327 -734 362 -556 349 -675 463 -186 70 114 595
1067 -8 77 -436 -353 -949 281 765 1406 754 176 -512 -1697 -1098 -1179 877 1384 2097 868 -437 -345 -527 566 811 114 -19 354 1571 2416 891 529 -1380 765 39 662 1004 105 792 -794 -1362 -1515 882 1288 22 145 -35 303 -958 -506 38 447 -258 520 -750 278 -1129 93 1702 545 747 814 1108 158 -89 522 -404 235 -182 -303 931 -119 1144 1166 941 561 -1406 -1271 -948 -591 529 519 1561 488 1369 1391 1555 141 73 894 -337 -303 -152 -33 -269 -619 541 283 980 810 611 223 -15 -16 335 -14 569 254 412 474 376 -195 563 -202 37 -65 -154 -704 -756 -17 -130 -549 556 1064 687 31 714 1114 2788 1745 -27 -151 -829 75 390 1553 1837 1600 247 -1665 104 -337 -204 -1067 445 1227 1490 1281 883 507 1039 1690 819 -1309 -764 -904 349 -151 -871 -6 1241 1419 983 1648 1160 522 1321 615 -33 -649 -814 598 -531 818 154 -342 -714 -356 96 -543 -437 245 256 572 568 213 296 597 457 521 1002 433 30 -318 -1053 -823 -1322 -1241 -1287 -245 79 -397 -814 157 -664 -1556 -2069 -239 308 -572 -776 -1508 -1615 -512 1363 1273 1606 -523 -947 -1216 -650 -282 -1535 -1322 -1177 577 -292 1878 1045 764 1331 21 1244 684 570 585 1118 -381 -644 -1139 -222 -181 415
1503 1575 1500 40 34 105 -709 -1870 -1077 -1170 296 1793 1839 1437 -20 -753 -1142 507 1256 1981 1907 1201 274 -218 -262 957 172 -495 -534 1131 1805 1080 -538 -1503 -248 802 942 128 18 -104 -1198 -1686 -1737 -100 -1680 -1573 -930 -211 327 143 654 603 12 -206 -246 -1137 414 983 2495 1588 362 -319 -386 172 -187 -566 -61 553 184 -802 18 630 1600 549 978 -411 553 593 644 -268 492 595 296 793 -36 -356 1012 289 -347 839 109 -533 57 145 656 536 30 -235 876 1223 1046 563 298 621 -350 308 -93 -247 -692 362 -276 -242 -466 393 538 -195 -402 -854 -1655 239 -679 -536 -742 -234 -643 -1777 -1100 -1314 -255 666 1036 813 -797 -1474 -1443 -1491 -504 620 717 -114 627 1569 1090 282 -1228 -252 -1118 92 -744 -1389 -663 -329 1252 -876 -287 -42 1275 240 134 -559 -372 561 -382 531 1906 1264 1903 2522 2863 624 763 212 268 -460 514 501 742 314 245 -162 -652 -775 -96 -1292 -315 -426 289 269 1155 1983 603 -684 -1919 -1396 -342 319 865 683 210 -535 107 -44 -142 1168 1385 579 363 -774 224 -526 218 480 199 -706 -586 -801 70 -61 411 -617 -329 795 830 -28 89 -653 -457 -1927 -1540 -729 560 1525 1266 1607 -96 111 -586 -939 -488 -1091 -1 -544
-352 -691 1032 1251 292 -793 923 1829 1715 -48 -667 -1088 -1052 -448 -319 -469 393 582 -87 -577 -1209 217 1490 1320 263 1109 1607 721 -74 -1440 -562 325 1276 -98 -1160 -1184 -262 4 39 -1099 -392 224 -71 -624 -190 -184 -76 -166 231 589 817 626 -481 -1356 -598 74 -99 -607 -926 -703 610 365 404 -374 238 -225 -480 -866 420 1469 163 78 1496 1493 1520 -8 284 72 -24 -1231 -928 -973 -199 -25 44 349 218 1106 818 417 597 302 -1213 -1507 -843 59 -240 389 -578 508 -63 10 242 577 75 548 -780 964 830 855 872 742 -480 -1105 109 518 1731 1692 1199 1613 1633 2714 443 -51 -1346 -585 -53 -324 536 -511 303 596 540 -278 -278 732 199 135 -386 302 -109 -34 56 -796 -1077 -730 -9 -132 -1269 -1408 -1901 -793 -1073 426 625 1085 570 1068 227 35 215 598 49 401 -298 784 -705 -797 -321 73 527 -343 536 -637 -2597 -1573 -1111 -1019 -400 -630 -93 -254 37 1065 -319 -681 -158 818 364 2548 2308 2455 -98 -568 -965 -672 1139 578 223 -491 -360 -917 -696 -1208 -598 743 1317 1213 287 -581 400 -829 675 -973 -867 -1776 -1128 -646 321 425 6 195 -133 -293 -396 -413 -176 -108 -1336 -653 -2559 -617 -2267 -682 -1232 -767 -949 -442 -700 -729 -1571 -1213
353 -435 -883 -1161 1013 677 485 -1540 -374 595 67 115 -1029 -661 796 825 450 -428 205 -91 -277 455 188 1765 328 711 -11 774 741 1684 1427 541 -243 41 -645 -1630 -938 -1280 536 -362 251 -597 830 49 596 19 1572 374 463 224 250 -19 -335 -712 -958 -2856 -1143 -1460 -116 47 357 -1757 -1295 -644 390 -1057 -831 320 260 286 449 392 -252 -584 -326 -422 387 79 -146 -1230 318 1219 1240 370 -111 -821 -499 -527 -98 192 -411 488 212 654 -837 -43 688 165 -69 -1065 -740 849 3 429 50 -846 -65 -795 -61 1074 277 -76 181 -1040 -1378 -1958 -1596 -208 369 1256 -184 -620 -319 570 -689 425 178 319 -60 -417 -487 -613 18 -23 -188 -854 407 -466 -569 452 417 456 -305 79 -1018 -710 -1069 -356 -127 154 306 163 752 65 -799 -966 -977 315 786 1920 -162 -456 717 -470 -202 -1595 -563 63 -410 -1608 128 287 1084 1224 1459 965 508 1188 406 -887 -879 -448 577 -252 -664 897 -947 -892 -1158 -110 -971 -178 -598 -247 -179 -283 -2234 -1301 -7 749 -14 413 -467 581 610 965 -61 -2220 -1842 -1198 -1408 -1057 -1099 57 -674 320 1168 207 197 213 1292 2253 1110 -361 -1093 -1961 -1476 -1379 105 537 119 145 412 1664 176 261 1122 794 2066 472 5 -943
1323 -1016 708 -370 721 823 2443 459 89 -697 495 580 1387 535 534 508 1712 -76 -785 -1012 615 929 370 135 -270 1048 613 252 277 -604 -533 528 786 410 744 387 -181 -1083 -1367 -1810 -1173 -1021 -1000 -807 429 298 1308 880 574 647 457 -128 -741 -1791 -1109 -586 -800 -1380 185 -441 686 927 -62 299 1 1623 642 -1184 -370 -658 -66 -136 555 773 -637 -1663 -1711 -1208 281 833 -301 140 924 1670 309 101 509 450 1672 781 396 -678 -1329 -401 -235 1264 -215 376 717 -541 642 -647 1773 976 1678 2235 1324 363 -607 -1584 178 563 710 214 835 -486 1297 1567 2161 2036 1519 467 -528 -493 -59 -708 -386 -316 -648 -534 -739 -340 -23 -432 304 965 163 8 441 325 202 -365 -1007 76 635 1187 847 303 -727 -987 -2 634 -1286 -99 -651 -373 -1094 -578 -763 -13 -35 -851 163 703 829 897 431 1177 1487 -57 -492 -1658 553 97 1092 754 1420 325 372 -1575 -605 186 696 731 -78 -851 -39 492 -247 -139 -731 -1011 -1702 -1531 96 360 1316 -556 -764 -667 714 -660 -10 1373 624 584 588 -568 -272 -1184 -109 730 -376 318 -42 17 -861 78 -69 90 -181 587 -641 382 782 671 230 -1627 -1105 -1386 -190 -324 201 -1153 -65 -1066 -1129 -636 85 -1073 352 -877
1448 1012 261 457 1593 1390 -570 -1230 -463 30 344 -396 -194 -552 151 -88 526 2121 1987 376 -378 -801 248 -627 -392 -1898 -1697 -1141 -629 -122 501 87 57 239 57 -886 525 665 730 -709 -15 -1140 476 -648 880 -176 719 693 1465 1079 597 363 -547 153 -657 -725 46 309 -631 322 1127 359 657 -1296 -2511 -1114 439 1707 451 -345 173 336 -491 746 1258 1129 -361 -995 -1433 174 794 801 -1019 177 232 -296 124 -59 -114 1029 1171 691 -741 -905 -1200 -101 583 234 -591 -562 -1 -680 -271 -984 655 -591 174 183 -771 369 -556 -386 -589 51 379 52 -1651 -887 -1003 901 765 243 -382 -238 -711 -467 421 1048 125 -240 0 1262 1029 237 -1032 -1484 -860 -281 -954 -1085 -840 -1671 54 -93 -1025 -734 -1087 -839 334 91 -544 127 404 -464 -1586 -520 455 912 -509 -1706 -2283 -802 311 -115 -210 -1219 -1291 -1135 -680 -1211 295 -1434 -1770 -2148 -1566 -263 402 540 -128 -505 774 379 889 503 -322 1332 -562 872 351 1380 461 183 8 -202 -699 -281 -491 358 694 223 -50 1572 1543 1267 1214 77 -743 -567 621 948 -351 303 -27 373 40 609 331 538 1552 1365 -75 62 438 -50 -405 605 83 -542 -772 -443 287 -171 134 197 625 451 1787 -746 -281 554 744 295
-31 -775 83 432 530 1171 260 -564 -1304 -223 518 -555 832 -587 196 -589 -1664 -1500 -332 794 620 640 628 1688 1208 776 -514 -1924 -1499 -1536 -876 149 815 1280 2042 2305 1016 -352 35 478 -759 -304 -191 886 -393 -1239 -494 -189 -781 -119 -101 -806 -423 -1058 202 -1170 -1161 -592 -363 -1311 -668 684 801 1157 286 -1482 -333 66 1703 639 1064 455 1457 737 197 -24 106 2177 1398 -185 162 1284 961 -328 -768 -846 -68 -340 1229 755 -557 -629 -185 -51 298 158 391 -494 337 1164 1138 2020 515 -654 -705 84 99 -422 -341 -312 992 1563 1127 200 -1097 -12 733 1231 119 -253 -551 599 400 -203 853 -613 3 481 610 16 244 -33 795 234 -99 820 68 -147 646 1069 1430 2381 1055 800 -224 -1457 -631 150 -812 -1397 -1153 -342 195 594 462 904 199 140 -506 -225 865 186 -117 -780 -664 562 507 645 917 -74 545 -705 823 -89 -397 -2094 -804 -491 107 -947 60 192 416 -241 -219 -135 134 -39 -2088 -390 -1079 223 -307 -682 -287 -920 -1211 -810 -818 -502 365 -262 551 1145 1197 939 -246 -181 -775 -810 166 -487 -308 128 -529 60 798 352 336 1347 1193 27 62 957 -179 -1478 -1120 1085 1693 553 -10 372 722 -648 -1730 -1694 -781 -265 358 -675 872 838
-705 -1015 -1116 173 -756 553 1156 1268 523 113 -1593 -445 -1985 -1300 -1231 -49 -89 762 -918 -947 -1006 -1898 261 -369 790 228 72 844 257 200 -1338 -1353 -469 -185 -870 -2478 -1271 -463 -257 -29 874 -1 -2 -122 642 210 46 5 769 514 248 973 924 -313 -318 1195 387 -20 -681 343 443 934 627 -777 -32 1752 1511 316 883 1230 489 -882 -642 148 535 -496 -914 -1037 783 1038 448 373 1062 448 43 -1238 80 35 -517 681 714 -673 -1143 -1071 -199 727 967 -250 336 -1717 -184 -1916 -1109 -724 -346 424 -101 365 -1393 1227 1213 1616 1317 697 1571 557 311 -114 539 -9 -523 -1121 -1145 129 -452 373 502 5 1010 1336 2199 1676 1054 9 -618 -316 642 1165 679 -327 -1532 -1442 -1773 -456 -1032 340 514 -463 705 -241 -846 -1735 709 762 711 749 1457 1616 596 -303 -406 -356 1337 -72 -447 -1770 -279 -1181 -1524 -1653 -1605 -1535 -1120 -1100 51 512 784 491 472 -174 529 37 -712 13 -397 563 -343 74 49 482 1333 1072 666 -665 -1142 -764 608 931 154 -465 -1402 -172 333 111 323 471 1648 1269 -559 -973 -1075 800 1623 941 48 -587 -565 979 411 161 -153 -1003 -1105 -552 212 1333 -1251 -105 -28 1351 -207 -797 -13 887 1238 780 -1111 -872 309 962 1553 994
-311 -466 -566 -458 -47 -683 -117 -25 373 143 -302 -145 327 -384 -1346 -967 -1207 -291 -628 -916 -724 -812 -748 -501 -661 -866 -577 95 -409 -176 -767 -276 800 803 434 -314 -375 -332 -569 58 -1394 79 -777 -779 -353 149 2132 565 1187 1305 606 -26 -591 573 -654 -503 -790 421 -1189 368 150 1020 305 -677 -1023 -1436 255 553 -153 -787 695 449 -1000 -760 -605 -225 252 242 302 -930 -492 -410 -1075 -738 1124 801 392 429 1077 -105 596 618 1920 1130 632 -218 -20 917 -497 -615 -1024 -538 491 607 836 515 500 -474 -1237 -1298 118 694 1368 1048 833 3 -36 80 204 281 445 -418 -424 -653 221 -1489 -1508 -1382 -161 -808 221 30 373 70 439 126 461 403 1088 1897 1896 1899 953 -198 -772 -1249 862 -174 -555 -1354 -130 311 191 -89 -693 -1010 -1403 -819 -417 1668 1374 1924 1037 683 820 88 -1036 -913 275 -379 -343 -1176 -110 165 490 1065 1809 110 -1165 -1561 -1612 -1034 -1104 1139 462 1000 370 -190 -772 -183 622 -568 191 -1247 -1121 -1003 -493 368 630 77 1360 543 847 928 1148 307 -464 426 1050 -269 -519 118 125 217 -561 -993 -550 222 251 -58 79 112 654 166 -46 600 606 374 -289 -173 -17 378 115 -13 33 281 1203 396 -326 -589 -872 -733
417 336 75 698 -325 -115 -94 2 -381 531 559 175 853 738 -393 -933 -1523 -53 -989 -139 155 -760 1220 41 351 -545 -664 191 1216 664 951 652 45 -364 -450 -466 -1373 -184 -1484 -799 -41 55 -692 -1209 303 331 1828 202 -269 105 334 971 -224 633 457 1196 -580 -382 -712 -327 411 90 1183 600 773 782 1097 1794 3430 2176 709 -148 263 -1033 -1417 -2031 560 277 850 70 -111 61 436 98 -732 -592 328 -265 -1500 -617 -5 -1378 -609 490 1046 997 -27 -946 49 261 -686 146 1346 1021 1032 819 -191 439 -273 626 -217 -1258 154 1391 2366 1018 45 -1781 11 192 600 1287 1104 1525 712 54 171 -207 -454 -284 -282 -646 -276 153 40 519 705 1182 172 984 -766 -761 -1381 -355 447 203 1620 1957 2296 -482 266 -94 1633 401 220 -903 -371 -381 155 -462 -136 221 171 -876 -945 -192 1022 -464 -710 -563 472 -478 -525 -941 -770 -15 -283 700 1638 645 498 -26 698 198 240 -341 107 1305 814 341 -365 13 -439 -814 -1735 -1620 -371 4 -603 -1313 -939 307 410 -851 -559 -573 -555 -1405 -390 -105 672 123 -165 424 696 573 -411 -1654 -741 -862 -370 -978 476 479 1335 1550 1162 887 -1369 -1596 -119 -396 -537 -867 -1610 -1001 -1228 -209 -321 -716 -125 -161
-76 315 256 -502 -444 -968 -412 -1082 -828 241 -142 1063 973 -678 -171 -1231 -1048 -2259 -849 -500 901 854 1287 504 315 -118 286 -128 -1016 -1581 81 -195 995 901 -200 435 -300 -978 -1138 286 -319 368 -107 -1096 -1077 -1537 -178 -620 958 -73 -1972 -1901 -1668 -80 -278 -502 -878 -283 -714 309 617 461 150 -258 -462 150 -1360 -2504 -2720 -711 -435 -444 -775 -864 -292 -247 -58 -149 923 562 701 181 -497 463 869 1097 740 1149 1427 1249 819 344 -817 -1415 -474 -106 640 -70 -624 -1380 163 -452 -430 -161 763 162 134 -122 127 657 223 1531 -11 -2 -392 511 156 2147 12 429 802 708 -65 -467 -183 -1326 -1797 -1066 -533 1375 2009 2257 327 -439 -128 -453 -121 -131 4 620 278 1391 753 343 1403 331 -375 -667 -640 -391 -437 447 379 -1219 -838 -345 321 510 495 1171 1144 1453 557 891 464 353 -318 -131 -863 -823 -1087 -1415 -509 -45 498 -791 3 -763 -764 -66 -1009 48 268 330 -184 -1707 -828 -1069 463 424 -1615 -1747 -2479 -866 -920 -708 -791 -517 573 1223 1707 1324 276 -494 -1633 -1155 -252 314 -77 -368 -476 -829 -722 -1660 -767 -177 562 211 -234 50 874 398 847 849 1572 932 529 -338 -412 -837 -849 517 169 682 408 840 -267 36 -160 252 -576 340
110 88 633 860 1046 1045 50 240 -1221 -161 630 -4 967 -925 -1242 -1542 -1538 -1613 -856 -1453 148 -668 970 -160 607 -413 670 123 1703 43 936 -54 39 123 1617 320 266 -84 184 -266 332 -1312 338 625 2314 721 91 493 -352 905 545 817 -661 207 799 -59 -66 230 76 -687 -391 450 993 572 129 804 321 1041 -780 -921 -190 38 -952 -631 -298 -573 306 338 -307 201 93 1163 -487 -868 -1382 480 -98 231 -1394 -888 -67 -152 -760 -618 -981 -822 -98 1466 950 941 187 416 778 -1089 -514 261 698 -1642 -643 -507 453 -7 1182 1595 -29 115 277 250 1188 1392 421 1142 1199 1538 376 468 10 745 953 94 -866 -895 -498 -60 1226 839 849 -32 483 522 20 -306 -111 868 373 1978 1497 352 -1133 -1060 19 -38 1730 1408 1263 -642 731 -241 -563 -646 -1850 -1214 -668 -391 834 17 -507 -522 1170 648 -100 421 27 289 1518 1611 903 238 1060 -574 -1010 -1026 96 620 562 570 1342 1400 954 -192 -263 -1234 -1850 -791 -883 -331 642 116 605 588 497 -3 81 -913 -1680 -1850 -1238 401 78 553 825 42 1076 381 1000 -989 -252 -1008 627 -177 -348 -578 -910 -340 455 178 -780 -977 -1086 4 135 37 -1016 -1172 -146 590 1592 961 299 -721 -984 -1844
-933 -617 42 -151 -36 -569 -478 -631 -489 -188 -845 -265 698 1097 1132 24 460 175 589 867 -4 -334 -65 -874 -534 114 -23 -24 -1035 146 -401 56 217 295 447 69 996 -1021 -249 -139 656 276 -652 -961 -452 -1056 312 -1032 244 -893 -532 -388 1099 1552 882 1062 450 -591 -447 -202 294 -844 63 281 236 1137 645 647 1602 2176 1412 1490 1082 17 -85 1666 242 -76 427 1205 1199 1006 1083 1575 1354 1351 1542 902 846 139 -614 -1468 -328 -612 -621 -1022 437 -321 293 379 56 190 197 84 -320 25 275 -35 79 -457 114 1977 1056 612 923 -559 -9 -294 -988 -944 1140 0 -336 -1013 -333 -129 -951 -688 35 580 -323 -1254 -459 -319 -75 -212 412 -1204 38 361 779 -90 141 -409 87 -860 -727 -186 33 220 183 786 -992 -219 457 1489 -329 28 -154 -517 -751 798 -226 698 396 1170 835 -69 578 829 754 212 -201 -444 -380 -569 872 515 -339 59 -40 107 -614 -2145 -2134 -2029 -2056 169 1262 1652 26 -403 -32 -156 185 -573 -381 -98 -68 -100 -94 581 -69 1034 1081 1518 1083 338 -700 -1319 -1306 -1107 -752 -215 363 -106 -1050 -1760 -1582 -386 569 913 1122 1265 1290 1060 742 -263 -284 -286 -246 238 685 1065 1439 1593 1401 473 255 135 274 -150
-1916 -1394 -2003 -366 -102 757 -723 -1028 -1765 -1689 -575 -308 448 685 595 341 82 -392 -161 35 -495 -395 80 775 1004 -888 -920 -965 -394 -651 -771 -1890 -2457 -426 232 -290 23 -470 -210 -799 -270 -270 -249 -806 -1448 -652 -24 1510 986 1045 130 54 -170 377 710 238 386 -42 415 199 -126 -224 -327 396 -344 -42 -1316 -488 -1353 -557 -173 -937 -194 59 70 -1479 -174 469 -356 -501 -252 518 -729 -1999 -1440 -574 455 -639 -548 -1453 -279 -145 67 34 976 797 1208 2202 1041 813 961 1013 -109 -1081 -239 -422 89 622 467 57 -632 -1041 299 0 46 -287 -507 -491 -575 -294 -1242 -222 -52 252 -677 -166 974 1161 957 -121 -92 -170 752 2681 2683 1569 228 257 -1089 -1961 -1675 -1311 -405 374 455 1258 -255 -487 936 1260 1670 407 769 -340 112 343 540 801 265 1610 808 -253 648 253 77 172 467 500 155 -484 -971 -730 139 -523 286 339 -472 -910 -1219 -1996 -1187 375 536 -151 -1763 -370 -465 -978 -951 -891 -392 413 -420 -876 -336 358 1506 1312 1313 1 -122 -536 -1041 -1496 -1751 -679 -1035 -125 -11 1558 1196 1066 1089 -807 -1624 -969 -565 -109 448 482 -1006 -1355 -1093 33 -674 198 -540 650 -1116 281 660 1061 809 108 1491 463 1473 1706 1269 608 602 164
-521 224 952 1876 168 353 84 -34 970 644 350 -798 -1530 -813 -1375 843 367 1812 -489 -574 -412 -841 -594 -1626 -876 136 882 336 -541 -403 1788 2468 2343 27 628 -481 -914 -1553 -938 -275 -738 -435 502 682 1346 848 808 -705 -376 -347 146 -59 -197 -129 -135 -895 -337 -243 -419 -975 -258 -2077 -377 -803 193 -833 -95 -817 60 -245 -505 -831 -1401 -661 -483 596 471 400 1281 419 -749 -1033 -331 -382 422 -145 202 -370 181 626 820 -398 -764 -52 671 132 64 -952 -285 -607 -1665 -285 217 834 163 879 126 -538 172 275 -230 257 678 -956 545 -924 300 35 -54 636 1264 490 -706 -299 -329 -824 -425 -485 773 -325 -420 -1199 -680 -537 -24 -36 -685 295 1599 1892 648 835 -461 -30 -27 -600 229 -692 -1041 -59 848 382 -123 -443 109 -1099 891 -546 -86 -306 380 618 -429 -756 297 67 -762 -511 -103 1035 505 440 -549 -64 619 16 460 666 742 609 -411 -1053 -1108 624 727 733 -711 538 639 897 1021 726 1160 580 -1240 -1061 -768 -1248 -1619 -686 101 1255 24 -112 -205 220 278 -325 -704 471 357 593 -1275 -291 -1601 -3047 -1611 -1527 -469 -84 -15 1300 597 120 -379 99 -275 -989 -1366 -633 193 -91 305 -1103 -691 -237 -189 -120 589 -20 441 -293
784 1381 1212 2414 1590 719 75 -314 -268 -199 142 1009 391 -372 -1485 -1737 -2454 -1611 -149 286 -762 -522 885 743 -50 -486 -225 1211 1328 543 -460 -304 -174 -139 -95 45 1073 848 -44 -379 -1490 -2005 -2175 -1730 101 319 883 538 -439 -541 -678 -1370 209 -442 645 268 -810 -2155 -593 -274 -422 408 118 -277 272 57 1082 892 743 261 -31 -845 -421 -690 -527 -831 -541 -134 -425 1176 1921 810 833 316 173 7 1107 1320 -2 -609 -1005 93 958 -674 -118 126 1729 631 700 1268 1527 330 -663 -757 850 120 140 1092 1953 1014 1155 -49 -338 -738 -47 -270 -263 -354 241 814 -94 -106 -165 790 986 369 -398 -1654 -1027 -1062 419 68 154 246 -15 631 50 42 -505 -308 -955 -29 -196 1226 132 595 3 420 445 -1025 -1782 -1046 -168 -898 159 -558 -1828 -292 498 64 -213 793 1356 787 -91 595 360 -305 -1070 20 1359 1662 609 -193 -676 91 124 -701 147 -5 825 383 -25 -1005 -478 1463 622 550 378 693 -2 -79 -129 584 1125 292 655 176 1333 62 -622 -2118 -788 -531 -545 -850 -2098 -717 -522 -362 -735 -466 64 440 419 1181 563 291 -329 -55 -1198 -847 -243 452 -2779 -2549 -1693 -360 -14 -338 -48 -521 1342 737 1282 268 -917 87 117 -538 939 558
-194 635 503 572 720 748 1673 2020 1847 325 -891 -730 -1177 416 159 1431 1132 110 -1305 -1458 -589 -2461 -378 -383 89 -209 -493 -1247 -1805 234 -163 1037 -448 -139 -711 -1006 -1449 -607 -378 -377 -227 -433 68 -431 495 -713 985 488 512 -310 -1185 -2166 -1086 -126 538 -655 170 -94 282 -468 -1078 -150 1348 1169 -191 -1531 -2510 -2164 -264 -469 -1421 -1318 -1008 -1360 -909 -1308 -511 -800 -632 -1798 419 18 483 -626 -474 -1148 -73 561 1483 1242 -4 -281 -508 773 1104 211 140 -525 -1264 -1651 -214 704 823 1011 590 1260 416 -61 287 -94 690 -485 695 -464 1029 1331 1481 1434 2081 2220 1536 1031 629 1498 934 1692 1134 1411 1777 727 316 -960 638 359 114 145 308 1460 1608 1486 237 473 -611 -292 -657 -920 94 -330 327 203 -195 -1093 -767 -1275 179 217 1943 2049 1111 998 394 3 528 1132 -620 -518 -546 1186 1914 645 -739 62 908 204 -470 -1344 -1141 -498 -285 -475 -855 -771 -292 137 143 -631 305 -795 352 1255 1655 1301 -150 -962 -447 -370 671 -622 478 1365 1172 487 -593 5 394 806 170 475 -207 -246 -154 378 -384 -412 738 -309 49 -902 -1735 -2576 -549 606 517 592 1427 497 -1304 -3087 -2787 -1977 -1126 -1301 -1054 -2027 -1533 -1014 -521 -302 -689 -386 -47 -429
-465 -199 -256 344 313 -177 80 -1116 -399 263 -204 -912 -1576 -1358 -460 -550 -78 -905 -110 -34 -518 848 -701 -507 -265 2 873 741 993 222 -196 -34 -712 699 -260 412 206 390 -745 -1214 -694 -1039 126 465 2162 1534 942 605 399 -72 341 -381 -242 -2408 -60 -24 -178 -569 -201 -279 655 1065 1734 936 980 198 717 430 127 517 1227 419 344 -785 -456 -106 -196 -20 345 806 -263 -657 23 133 -282 -382 -163 -848 -801 -1157 674 674 868 -1094 822 593 1095 762 551 419 -401 -929 17 430 1633 -285 -931 0 548 1002 528 988 -292 220 -504 -574 -785 -259 431 697 1082 373 730 1351 327 41 490 580 -301 260 -446 -435 -1564 246 922 517 1346 -477 -983 -1668 -326 261 -754 -270 454 1223 1156 1214 169 -3 -532 -230 230 -95 -463 -1078 -1639 -415 -225 -605 -338 -111 786 -178 1120 812 1023 503 200 -76 790 -22 -243 313 -672 -1205 -1029 -528 248 370 -690 -1736 -2663 -1538 -1009 812 1173 527 1172 82 216 497 -23 -314 -1141 -2036 -1511 -1861 -326 -1811 -1178 -849 -59 136 -1492 -1240 -888 -64 -225 -887 -1614 -1293 -22 313 -1069 -136 -854 -1423 -933 -469 -92 132 -315 -2029 -2214 -892 651 -333 -531 -636 -827 6 -213 144 -1161 -246 -372 226 339 -81 -129 351
-696 -435 -908 -695 510 16 -1124 -1529 -819 -1148 -120 1206 1570 1742 1474 -67 446 226 1237 -693 -778 -1062 1037 403 -84 368 897 350 257 -558 -1242 -306 -290 1386 1916 1680 -497 -270 -26 -419 -848 -552 -1329 -247 390 896 361 -870 -900 -521 -398 -619 658 562 -255 -1327 -971 -720 39 -312 961 1709 2037 2092 813 -263 448 519 -734 -1279 -553 612 1190 -897 -410 -554 144 -489 -282 -182 781 -850 -286 -256 147 51 1271 1480 711 262 -26 -1465 -113 50 342 -432 -684 -2204 -267 -1384 -897 -509 -13 170 -944 -477 561 886 621 127 -735 -106 -534 2161 1813 2061 1068 623 623 -993 -929 -401 -128 -385 -991 352 532 416 1152 538 -42 801 987 -428 -2979 -1741 -1258 698 1069 -757 -897 -671 -934 -864 -1507 -552 419 -561 -1220 -1313 -944 -202 -586 -445 596 397 1026 1686 2083 1132 241 -774 -891 -319 -653 118 668 841 1299 190 -328 -376 108 -821 302 600 19 23 -154 73 -331 1183 269 -635 -271 -371 366 -763 -592 -473 264 -254 713 -633 212 -840 -156 453 702 1495 707 231 262 63 213 -450 -1449 -1125 247 747 1712 1298 255 614 895 606 -800 -332 -561 -310 485 -173 -526 -268 -619 -1123 -923 -771 -1349 -728 -843 -681 -221 208 852 608 433 59 559 502 1495 1323
1157 -1817 30 -498 533 -396 367 -396 -1322 -3 -68 274 440 205 -57 39 456 468 490 775 1199 -58 -512 -1314 -372 -992 995 1139 1512 846 -920 -809 -411 198 -818 622 134 135 -171 559 418 572 -279 -360 -416 842 893 -17 343 359 1541 -646 -246 -1419 -338 -143 644 929 1123 478 1661 730 816 -917 -174 64 237 994 1006 -121 300 -852 -289 -1443 -34 484 62 717 -463 -831 -1224 -658 -151 -133 -54 -181 -80 -1556 -896 142 127 654 -469 -476 18 -697 -516 -819 -1998 -805 -59 -1604 -220 -179 332 -1621 -2351 -1128 497 1896 198 -1108 -2396 -978 -730 915 772 338 336 -165 -132 131 47 -647 -1068 -1422 -234 831 274 -48 -743 -398 189 1068 1210 -886 -1083 -1600 -1197 -628 -1029 -1550 49 411 652 1086 741 1154 -86 -708 -482 104 1897 436 -531 -224 -777 -825 -1443 -832 61 512 -628 -1564 -1425 -527 146 840 1461 1373 1159 199 457 992 1032 944 1374 -477 -802 -1059 -1449 -1678 -1530 1163 1596 1248 -403 -943 524 562 86 105 1730 858 1285 -492 121 -1220 -941 -456 856 969 1501 900 -353 45 -560 -843 -1551 -1501 -857 -209 667 616 626 572 729 96 454 1032 208 1190 326 -708 629 -31 169 -643 561 881 -168 1043 -44 282 783 165 1310 402 -449 163 -1113 36
-104 246 -173 -342 170 -951 -670 -272 883 226 630 988 668 -394 -984 -1041 -431 -769 -2 -717 -316 377 304 -235 557 1258 1399 643 738 -502 -209 -415 -968 1187 -773 -489 -1153 -983 -1235 -619 -476 -334 -1677 -599 -2462 -841 -1213 139 43 -340 190 -452 -309 -1377 380 560 274 -338 -305 -1241 -948 -276 -625 164 -228 379 -63 -97 -1613 -176 -306 191 269 147 -217 666 0 -422 29 665 405 -413 235 546 132 -729 -294 205 -455 -887 -1270 -58 229 2035 739 67 -654 -896 363 -306 325 1072 -185 -179 864 311 387 -572 -286 385 273 389 271 371 406 -634 -329 486 -110 237 -863 -401 725 1183 1193 1562 849 -49 450 546 -471 136 1002 368 -921 -633 -113 -55 857 666 374 26 -222 1628 516 -779 -297 34 748 810 -228 -143 320 911 769 -155 560 2717 1966 600 -280 -789 313 634 27 -19 67 305 726 654 1282 2113 1415 -351 -597 -1575 -1443 -89 174 -561 90 741 87 -231 216 1337 1026 154 -250 335 1057 968 1033 -110 974 662 -857 1173 1041 1275 401 237 -769 -1238 -948 -1407 -1720 -859 -675 -609 -234 635 -612 488 1004 1392 1134 -257 -99 645 567 622 125 170 -114 -1181 17 169 -9 77 400 -1002 -831 -480 145 480 437 67 -708 -964 -182 1291
227 -783 324 -147 1244 726 1000 941 180 -70 763 -413 422 -170 -91 -434 190 -8 -1114 -421 -210 -444 -851 43 -145 376 1351 1923 1394 46 -555 62 892 1157 528 1036 -202 380 -867 -388 48 423 -859 238 -767 -583 -758 -299 -23 -165 48 1222 854 142 -26 135 1224 -234 -290 -1036 -265 -766 -450 -306 -705 -309 453 284 -1095 -2670 -1324 -1321 -549 307 394 -267 98 178 761 -416 613 628 317 -93 64 -178 -1441 -1471 -577 998 622 -874 363 -544 4 -786 71 -598 -1 -12 245 -541 -487 72 696 592 911 152 610 112 394 -627 650 84 -454 -962 -81 -576 -636 -778 169 -541 -1396 -1927 -1080 -697 -41 30 -1336 -1588 -790 619 -34 298 834 33 -400 353 464 -283 -628 -154 -369 212 -308 -175 -365 -1496 -684 -748 240 117 740 1194 -139 230 -1256 -2062 -1232 -1617 -196 119 826 -901 -694 -1824 -1480 -1972 -1364 -558 -950 -151 1031 -40 -857 -1361 122 -785 192 352 -967 -1773 -1945 -489 -354 229 -512 858 456 600 -182 -562 825 673 667 623 276 -477 -1432 -751 7 -408 22 -562 -1103 347 1516 930 610 -37 -1097 -42 -421 341 -1438 -1817 -1888 -1209 -408 -25 392 382 137 891 1708 1271 269 1013 512 929 -158 1231 571 -861 -306 -1772 -485 95 31 242 -656 1241
1096 -13 -455 -1537 -1318 -761 -289 -1374 -785 -382 255 792 1234 1567 1267 126 167 363 727 821 373 -898 -1745 -1886 212 790 1026 1031 1428 1007 -125 -960 138 -505 -170 52 232 -1723 -497 -1356 -1073 271 -143 230 -1303 1446 506 -257 -608 -1630 -954 -768 1407 1901 427 -242 -1397 12 -509 -1069 -380 -163 486 1235 359 -988 -176 881 1314 -161 -1207 -406 183 780 -216 904 244 519 359 44 -285 -568 276 -86 -583 1053 1373 1465 -963 -55 -832 -501 -1113 -792 -58 -1370 -941 -1044 316 471 1089 271 1319 424 -259 -831 34 277 1468 -28 180 267 -576 -903 244 1242 984 1882 1363 740 616 657 406 -485 -1172 345 369 154 146 168 -245 131 1430 317 17 -146 -227 -970 147 425 620 1146 883 454 -1223 -470 -72 73 600 -617 372 558 336 -591 -37 243 1633 700 -266 -741 951 -192 824 713 211 28 -546 -887 -1955 -1593 -296 811 428 371 -230 -96 -1078 -140 -160 654 1310 2739 1614 645 273 211 92 -244 -1006 -539 331 300 656 360 336 1539 533 1152 112 -1052 -1779 -247 181 -424 -740 -1630 -1291 -665 150 -361 106 414 -642 940 601 421 -92 -475 -1 -162 131 182 46 -205 -565 -716 -303 -595 -33 -342 -127 -1543 -1253 -197 -455 -109 -182 -1206 -620 362 788 288
-1255 -134 1682 1361 430 -319 -1110 -9 -431 -440 738 -449 -322 -201 448 326 -535 -761 -473 -139 -315 897 1069 805 310 -285 692 494 -146 -541 -1138 -1322 -681 226 779 161 609 613 -288 -42 880 -552 -96 -171 824 339 808 1163 -65 -64 -19 -133 -668 86 595 1519 413 373 618 78 -934 -605 -1111 -1086 -1163 -675 127 -305 -497 -354 -625 549 640 466 22 -549 900 1164 1472 315 -906 -304 35 432 576 -679 -1951 -752 57 -681 362 570 1355 640 928 1160 1238 -492 75 -725 -191 -1134 -283 -635 533 -1128 -931 -1978 -279 -742 -178 -838 1105 -400 -1144 514 533 511 123 930 451 -853 -981 260 132 -634 -267 -993 -1483 -1527 -461 340 -943 347 -777 -674 -254 530 718 34 -156 -1403 596 1123 1515 -212 712 515 520 354 -191 -254 1190 1532 1170 1181 1541 172 641 -662 202 702 780 -979 651 511 269 -354 -1369 -887 -1106 -558 -154 -598 -1092 -747 -833 -214 -85 1095 -488 -724 -1287 771 926 1166 287 540 464 -388 -984 -2223 -1367 -619 75 -34 1256 760 404 747 1110 719 276 1282 656 2418 806 -285 -1606 -2295 -1677 744 -413 -1069 -916 95 411 -262 -72 773 1173 927 824 -538 220 333 823 209 -64 -136 150 -450 -782 -1386 -559 -212 -394 -526 -639 -211 1367 1856
-166 -1666 -1718 -221 1048 1208 163 -1384 -938 685 272 1238 -346 -260 -834 -582 -1031 -702 -208 311 737 285 621 818 1598 2197 2074 2770 932 60 -874 168 802 877 162 342 -296 -49 66 497 109 749 129 -1028 -1185 -713 598 -391 377 11 176 349 958 1031 258 -403 592 -242 375 699 1054 -21 -448 -591 -784 -1634 -1208 -628 -2205 -564 -65 -251 -731 -463 -1009 -541 185 992 328 38 339 84 487 1156 -834 287 450 944 222 796 -769 -659 -583 202 -1105 -146 -1115 228 276 1256 1963 17 -695 -2051 -1744 -1077 256 18 -1894 -1877 -899 -946 433 -129 776 492 1113 460 274 -948 394 983 95 -838 118 -209 -1149 -1882 -1024 -1044 574 458 1039 -263 -1118 -198 -325 -78 -1660 -1562 -911 881 -1060 -611 -480 -451 -1133 -608 484 281 -120 -9 -551 -917 -1135 -792 -345 -860 -1036 -1132 -34 -716 645 1086 696 1405 261 0 -296 -411 -182 -690 -1162 -1081 -848 426 960 1137 144 12 119 1683 -10 -464 937 1525 373 -252 -641 -480 -358 669 -389 452 -596 356 -1319 -1030 -1188 -2083 -1098 -698 -104 -1447 -990 678 387 1159 560 1591 229 358 1977 1969 956 1001 1398 1476 1379 1010 962 782 -985 347 -1049 -767 366 853 1486 712 -770 -826 -726 406 269 -355 72 1 332 1523 -171 1053
473 33 -663 -1188 -1495 -81 -1897 -401 -858 536 -167 -722 -853 -23 -272 -145 -374 -1050 -613 -213 -310 1329 685 450 -663 -1497 -3013 -728 -340 1091 -929 -800 -104 1288 1072 445 76 204 623 414 536 -263 -1026 -102 -987 646 314 2344 1657 981 -610 307 -194 -412 389 -856 -656 -687 -181 285 -1678 -1425 -1029 -651 1397 893 2512 1470 2768 577 -1077 69 -1064 -1708 -910 -1345 -821 -1187 -731 -1397 -1368 -1494 -470 -1220 -582 4 -806 -373 -386 -12 -359 -81 -306 -663 302 -1692 -344 -155 -165 -288 301 748 583 -117 42 209 -48 839 1264 744 244 1124 720 -588 -178 817 787 -46 -339 -638 -1562 -1206 -1260 -1410 -2557 -2364 -1267 -1347 -658 -165 -1544 -513 -911 299 -1394 -1604 -1129 558 1384 1142 306 -362 -339 631 -413 307 -70 -746 -2329 -2128 -848 221 1501 635 95 444 490 418 -198 -291 1027 1114 1656 1051 1000 -162 -1048 -200 -32 723 615 542 -487 -221 455 535 162 -536 65 -119 -1816 -1566 -1213 -139 -1031 -188 -1076 -596 -182 -195 -63 490 903 1611 1128 1306 1752 1484 -36 1226 1322 2115 722 1658 1176 1526 649 48 434 -1054 -19 254 -853 425 1473 797 582 31 -36 135 469 -739 123 -840 615 402 786 -339 -1321 -1106 -191 -491 -195 -1356 -643 115 144 -77 7 1258 1249 580
2467 1260 1288 37 722 292 835 -300 -1038 -373 450 847 1364 1915 1677 238 -1328 -2016 -1212 -100 256 1486 1112 2424 995 553 -804 454 -984 88 -602 103 -1016 -767 -1261 -928 -2107 -122 -957 -1238 -1108 -1276 -146 113 -50 -119 -40 274 -540 314 -736 665 202 1785 317 -338 441 -736 -959 -1196 -315 -651 -1095 -1167 -1451 -674 -1437 27 356 1903 841 -378 -58 104 -998 -350 -652 -1408 -593 -502 -221 -541 403 882 645 224 1527 2019 325 -225 -1417 -1579 -2451 -530 467 669 -546 -433 1506 579 181 -232 8 1297 -764 212 -681 365 364 769 944 539 695 592 67 588 1027 450 119 -157 354 913 344 513 746 920 1281 1339 978 335 1014 -1809 -796 -903 647 -576 -981 -1764 -1607 404 1354 2119 91 804 677 1098 1436 1165 1380 690 -123 206 -561 -392 -1397 -1100 -1865 -738 -155 760 1571 1107 2626 2166 244 792 29 373 -673 -789 -1127 -451 -113 -699 -1006 -249 639 461 -529 217 1049 783 -398 -1032 148 1370 762 1077 0 -299 -1520 180 523 1462 988 310 -633 -385 -418 -293 -550 69 596 589 251 579 144 -387 -801 12 365 101 643 -342 -769 61 -231 739 580 1252 591 323 12 -234 57 -1296 -168 -387 -650 -1381 -2162 258 1036 272 158 -446 -793 1002 -1408 -133 -1406 887
453 46 206 1506 290 -784 -1567 -1638 -1199 -1268 -829 -638 204 1874 2147 875 130 -384 428 701 1001 -350 -1010 -1744 191 521 191 300 952 -302 -1065 650 436 372 -441 -402 -1425 -1631 -1643 -664 -1045 -1147 -476 278 483 1113 2407 -87 430 239 392 638 -318 -190 458 -810 338 153 968 29 -563 -832 -375 -547 -55 -224 -305 2014 864 478 -398 -1004 -1302 -1227 -72 -1324 113 239 543 -373 1291 597 1435 545 988 2231 453 360 521 1020 920 184 1297 389 261 1194 365 1494 563 770 -4 -556 -1425 128 645 359 376 -47 -822 -1733 -81 -98 81 509 -400 133 -38 -155 -663 -80 -628 -162 -736 -970 -924 -1455 -927 -498 80 -261 81 -176 -422 -1698 -975 -152 907 -192 111 -17 -1314 -140 281 1104 368 -176 333 663 150 -244 -223 -271 -94 310 -510 -502 -940 -494 450 1176 1242 2500 1177 941 154 -64 -1081 -526 -1460 -446 -1009 -489 -1183 -37 -702 -2195 -2195 -1654 -895 -372 -2176 -1913 -1706 -1276 -2865 -2175 -1832 565 777 1294 1342 1020 702 229 -1131 -69 -82 1119 73 1071 1180 432 -895 162 1265 117 -125 323 226 -930 -638 24 -207 -600 -898 -1152 -224 -202 933 -7 -121 -312 50 -165 -274 -1160 -171 -339 249 630 950 353 345 -294 96 111 1150 715 643 590 94 -105
1736 -517 -194 199 1737 2139 219 -574 -242 -926 -653 -335 795 824 257 127 -610 141 974 537 309 -607 -273 540 -84 -22 -406 37 766 862 20 -1550 -1398 137 -133 662 260 1222 926 111 1368 636 -86 -71 1033 519 1474 1346 480 -600 -211 -114 131 -496 -1149 -1166 -941 -873 -538 -1175 -254 -1332 -179 18 -98 -29 -221 140 979 1292 236 1049 -88 306 852 1667 1732 649 2426 960 -406 -1780 -276 436 -358 310 603 392 102 664 1467 225 155 265 -253 -26 -58 552 -589 264 499 1375 1843 1417 930 172 443 -497 78 -732 -384 -401 268 546 969 1150 72 -647 -791 -564 -429 -628 -479 -188 -55 -118 -428 -196 574 -517 -1193 -1162 -725 -75 -755 -196 -151 1214 1223 1417 1517 -657 -534 -333 329 -1729 -557 -471 -187 -1077 -1880 -776 323 814 548 612 297 854 -200 -127 331 -79 1003 494 24 88 -652 -1121 -1965 -988 -19 598 1305 1072 1646 1220 86 -661 -822 -1036 -39 -373 -143 506 591 -798 -672 -464 507 683 642 1438 1935 754 919 -302 -771 327 1804 1128 1172 555 1806 -66 1041 739 2185 529 -35 23 -1278 -1274 -517 -415 -107 432 -1429 -819 -744 -333 399 -352 -985 -895 -1383 300 291 452 -128 -424 -804 -633 555 -152 634 -127 -1377 -625 -1883 -1276 -739 872
1584 129 -383 -414 -1012 -335 321 -841 -1169 -713 -74 -796 -479 -476 143 -1306 -53 90 1440 940 268 -332 162 65 754 276 -390 -911 -1516 -569 829 1104 -471 -596 -545 585 -701 -628 -690 661 1415 1184 1571 1407 995 1593 1303 -282 -357 -411 -1099 -564 -467 -832 -226 -265 1223 636 603 536 974 336 721 1247 1273 1215 1184 741 402 34 1080 1086 -377 51 61 393 236 -137 -589 -1664 615 -530 -546 -672 -414 378 -256 1140 946 -331 341 -432 703 1344 889 1866 525 1352 461 -224 -192 1070 322 -679 -454 -1887 105 -741 721 -1451 -168 -140 -744 -419 -236 -336 -862 -640 -1354 -990 -1093 -525 -529 -529 -209 -26 -366 -672 -961 -579 -473 -1280 -349 286 333 1223 46 536 879 1399 -70 153 -1022 -534 297 785 -296 -1084 -866 -1448 -539 -262 -220 473 1080 -149 111 -1285 -275 -452 812 783 -459 -2098 -806 -924 -90 -221 544 1073 1165 777 1188 -51 589 -127 723 766 571 -139 -788 -18 1052 814 859 906 410 546 110 -26 -521 -1005 -300 -230 -351 66 -608 -776 -1323 536 688 472 202 -829 -2022 -2391 -114 -300 183 457 714 33 -440 -822 -655 272 630 926 -576 473 -868 -199 725 260 -337 -583 917 1326 36 -249 -276 -944 -561 -1836 -1220 -2099 -824 -103 393 757 -171 -6
-135 119 1350 428 581 -147 343 374 578 -499 840 -194 204 -1690 -852 -1207 -951 -1965 -987 -522 1060 465 63 179 -339 656 1406 1710 1511 -842 -538 -270 -339 -699 -1543 -733 -332 -332 -594 -218 257 640 -59 659 677 20 -799 706 247 133 -743 -1449 -1120 -673 -1226 -615 -498 515 -169 -881 -1044 -1973 -1589 -1299 -2147 -577 503 1332 1198 671 -555 -802 119 888 1404 1608 1562 314 2501 1152 480 -736 0 -397 -592 -476 -1022 -94 218 1587 748 -71 91 -1112 -470 220 45 -528 -2038 -1178 678 -4 958 1192 1388 397 1133 -749 194 -578 -385 160 174 488 -1973 -1992 -806 -741 -36 605 -62 985 631 58 -423 -1033 -1069 -434 -574 -122 141 -152 -736 -234 1467 1507 1388 1077 171 388 376 -115 428 -460 517 914 1798 723 -936 -725 628 1909 1961 -1645 -868 -652 1230 368 595 333 254 -976 -150 -1238 -922 -712 6 1217 249 284 971 539 1619 143 572 976 1615 442 493 427 993 855 477 -1200 -752 34 -21 771 135 680 -442 207 -1203 -172 -809 -415 -769 217 415 -238 -197 497 -1040 -333 452 -134 508 1003 1487 129 182 508 144 655 26 -793 -1615 -414 480 1937 2013 446 -520 -703 605 1014 1662 709 -251 -1620 -397 -38 399 -893 -776 -965 -1139 -902 -282 507 975 177
2191 484 369 380 -309 -1158 -1662 -2449 -807 685 842 229 245 521 524 1309 1020 1060 -750 -1054 -1046 -659 792 602 613 293 -1493 -1186 -350 -470 8 -737 470 1267 39 303 -1390 -522 296 1326 398 314 -24 1298 1707 1386 214 -486 517 565 1467 1018 -867 -383 -674 518 288 197 -1137 -145 1050 1583 1511 1905 1020 272 90 150 -838 -672 1091 1068 713 127 186 -142 294 735 -780 -887 41 571 212 64 397 235 196 172 572 -299 149 -128 332 -223 -195 -330 232 -741 -389 -337 -879 -1120 -1704 -2666 -636 -843 568 -693 423 683 1590 1106 -173 -130 -233 -111 -469 -110 -405 -271 1730 1158 1904 1975 840 -435 -1298 -497 -1116 -1284 -2740 -1004 116 498 373 178 653 134 645 387 -302 165 676 1452 612 -278 256 -206 -286 -996 -282 957 881 1403 1726 478 538 -1205 134 329 807 275 -333 -436 249 387 594 -471 -723 -780 465 -922 -305 -407 -53 -712 -55 1039 83 49 9 1170 417 1010 -26 630 1351 958 389 -142 310 -782 436 1054 1328 2127 1076 701 -517 196 -661 422 -280 348 -906 -174 -209 502 -84 874 372 484 402 -1475 -1590 -880 -473 -186 522 -1131 42 1031 493 -67 539 1412 1116 -378 -1050 -690 -1051 -794 833 1186 792 357 443 132 2 -525 257 344
1527 79 -907 -2232 -860 -504 526 -924 -1069 -757 663 1481 -76 123 -502 676 -1111 -347 -1078 258 622 -181 -1715 -2148 116 836 866 -1729 -992 -1463 324 -187 -586 -912 -140 -33 -1188 -1319 -898 55 -177 812 145 852 -1395 -393 -64 827 1510 840 -374 -365 -192 -369 107 1701 442 433 -432 -1313 -854 -146 15 811 -983 859 -65 374 -363 -1265 -1930 -988 -197 -19 379 1374 1334 1609 2387 2897 1748 1708 1027 350 857 130 -417 -421 -583 -69 238 -945 66 316 1027 880 40 -1564 -1704 -930 101 587 981 745 59 -609 314 204 -807 -1255 -492 -212 -155 -799 -111 365 1387 1008 559 1118 188 930 1089 14 758 -146 -1197 -471 -205 972 182 781 506 -16 -741 -22 -534 794 247 246 1133 -471 178 -770 556 -613 -1031 -129 -141 1168 790 44 -1309 -1352 -574 301 54 -374 -762 -448 -555 374 441 -766 -1036 -618 -310 730 959 187 754 421 201 429 1192 1768 671 -507 257 -163 -448 2 411 186 -236 1524 -291 1121 54 -147 -1736 -1291 -1708 -894 -113 -565 227 -238 -961 -360 469 1288 160 -205 74 -381 -635 -1022 201 246 -918 -103 613 916 333 -76 -1104 -855 -704 -46 -300 -863 403 -831 -2321 -1626 -767 895 -354 206 -4 -944 -1507 -358 -152 -1010 -1035 -815 229 60 -332 -748
-620 942 1055 1687 955 -129 -1087 -1541 1082 469 -673 -2284 -1039 -78 49 -453 -799 -634 134 -358 842 1260 1205 -206 -1538 -746 96 344 1012 478 1867 1210 1277 1187 -1792 -1864 -1171 -1572 25 1042 90 704 1019 1145 2285 1337 1478 1532 866 -331 -304 -1259 -1548 -310 -882 539 245 332 -348 539 754 502 664 1023 -507 -19 -649 -195 -1399 -1423 -1454 -909 349 1035 794 -192 -886 734 -730 85 -1040 -934 -951 -78 -212 -354 322 -151 -39 37 434 990 -76 -142 -186 -228 118 1061 -202 -1071 120 -349 634 318 247 688 790 1220 294 441 4 299 109 525 -619 699 40 -637 -1162 210 204 462 142 1208 -118 11 -621 434 -1064 -521 -985 -139 544 570 137 -64 80 -117 568 649 1301 2130 2244 1028 211 -520 7 -445 -386 509 -41 602 1 107 683 264 339 -907 -812 -1349 -509 -216 305 842 1969 202 -51 -1616 804 2112 2260 -247 -1773 -959 -465 725 381 847 397 40 -477 -1072 -1702 -73 7 -582 -13 -234 897 181 1473 482 1742 1646 973 77 -82 -137 -243 -300 -58 697 842 -363 -1532 -830 1083 340 -310 -367 1636 1170 385 583 807 263 2109 1389 1686 1614 731 1365 271 433 927 83 -704 -1522 -1345 14 -235 990 220 -879 931 1316 463 -828 711 339 1100 766
-1490 -2207 -1167 435 1307 1533 1158 134 -687 1052 1585 552 -101 108 -384 122 -317 -1370 -1317 187 426 419 623 1113 1798 -1316 -435 -658 900 1076 1693 923 -623 -92 1150 95 80 579 104 -872 -754 -842 -730 -290 -365 170 755 1122 -141 -1075 -1148 -900 -1296 -1524 -1288 75 -397 -301 -116 748 295 1328 362 1239 -644 609 -311 -16 -544 -208 470 223 -424 -823 105 455 -242 -438 -487 -546 -823 -1014 -918 -1982 -1326 -1460 -141 -524 -170 -968 -680 -210 1072 595 819 1359 -572 -128 -1358 -1376 -2024 -481 41 -576 -558 387 141 590 -353 -496 321 -354 -495 320 1041 1272 432 757 -159 663 482 -99 -874 -1528 -1803 -1139 -731 158 -258 -269 -270 995 1120 624 -25 54 -200 366 521 76 377 -108 -191 -209 -677 53 38 1147 -148 -349 -316 -513 -1277 -1069 -371 127 231 18 257 251 -941 -206 604 728 352 1224 709 336 285 -149 1110 542 -679 17 -1008 -1782 -2955 -1383 -2108 126 225 843 -465 -246 -1127 797 575 463 -455 -1639 -2413 -2105 -959 -1217 332 -1185 -1399 -1588 -1444 -1126 73 -1196 -1183 -1339 -71 -576 -157 355 1261 473 135 -138 -747 -1528 -1011 556 -25 -536 -842 59 -891 -1379 -1670 -463 -783 -505 -444 1103 1665 1433 940 72 740 32 -1291 -1088 -391 -969 -1407 -777 -705 -824
337 1473 560 1018 237 -877 -702 12 1779 1443 546 507 125 810 381 -750 -586 245 1070 -135 775 1598 773 -355 -572 -82 -100 -433 563 725 433 420 -342 -1365 -1481 -971 287 88 725 1227 102 624 496 458 439 -513 -868 -686 -1714 -1572 -1243 -547 1 324 732 1288 1130 -350 -333 -505 837 -207 944 10 598 -50 -519 -1388 -1194 -740 -103 -1186 -784 -1493 38 30 466 1153 -545 -1294 -2268 -730 -657 672 1258 1128 444 998 -317 -64 -531 -258 -316 788 -1076 -414 -350 -353 -20 -200 278 -838 -1548 -821 -554 447 355 128 325 24 1352 913 747 429 473 441 170 233 654 1251 2088 2171 1530 1269 37 14 97 490 827 -77 -1411 -1033 -278 1182 611 582 492 -599 828 -767 300 83 -32 -653 -1638 -1423 -664 -336 -135 -937 -2063 -1364 -912 -543 -677 -463 -856 -1216 -198 -143 1724 925 1285 335 792 -563 140 224 468 650 -65 1 -100 -378 -962 -440 -1041 216 -31 939 402 1232 277 82 -530 -402 -814 194 90 -348 -750 -1438 49 -59 -434 -496 -2302 -2685 -1625 1205 1070 546 -1665 -1610 -617 415 161 -666 1625 1284 1621 1177 -54 -250 -115 -130 809 974 863 2758 1545 2030 658 -210 1352 1408 361 591 -597 1911 1779 2072 -28 100 776 1914 1947 2247 2096 739 -397 -610
-396 350 563 1493 993 318 -783 854 1711 1575 946 -299 -48 239 376 672 -232 -1536 -1078 -218 -364 -1836 -1001 -669 -499 -930 -653 -999 -294 736 -374 -447 -491 754 950 601 -832 -58 -655 -59 183 -84 686 1791 2386 2801 1476 1112 -451 -1543 -1091 -1614 -1064 -260 1070 1799 2089 2319 2076 2006 879 1850 434 -463 -1410 13 601 173 -323 -852 -1568 -681 -1119 65 966 993 662 -25 403 644 547 75 326 119 -139 1270 330 -332 -872 -393 -564 513 -187 -215 -1892 -1301 -2557 -1833 -942 -811 -1200 -634 27 -118 -526 557 -267 437 -148 -291 299 1022 -380 -116 -385 165 197 -212 881 938 46 -273 -308 -285 -2 330 62 -513 64 94 1443 1201 398 -356 -461 -16 -242 -678 372 -370 -338 -202 158 1792 256 284 -556 217 57 592 585 687 633 20 599 -483 -278 -1419 -1197 -660 -66 16 556 -697 -1307 -1241 -71 -160 200 -308 -1035 -1687 -934 1125 658 675 -779 394 -129 61 523 323 -46 458 121 223 1340 -1 232 -213 636 -142 -86 -521 235 483 1278 535 -1870 -1589 -897 934 1479 1047 -120 -1050 -1069 -378 -808 -1314 -1346 -287 -877 -929 -2609 -244 -319 211 373 -486 -643 -1458 -992 -8 -8 317 497 -180 -665 -1747 -1506 -40 122 62 -481 -628 -274 1031 584 -78 103 628
-1565 187 -1187 -665 -1122 -1195 -710 -785 546 1758 1880 1490 1574 1226 -667 -710 -444 -685 -1678 -1020 -680 -128 -1581 -895 460 1371 1560 1429 758 456 163 -252 -276 -108 97 333 432 93 -604 141 200 207 189 378 -580 -353 -384 427 -662 -189 460 232 1530 170 445 380 187 -626 1075 1333 1685 415 -141 781 -206 288 -794 -581 -842 27 141 -425 322 533 537 -623 -349 -421 -844 -1540 -1027 316 940 1042 1840 499 764 450 48 -1043 -458 -1194 591 398 195 -51 -114 313 134 452 -46 -1087 -675 685 992 1237 1267 353 -528 -79 -53 -512 376 188 -400 -437 -598 898 2304 1715 2232 192 -270 305 945 1254 481 992 -190 336 -179 -973 -633 -800 -732 -749 521 -719 -430 -902 1077 377 -141 -546 -122 1042 1369 163 560 -431 -145 -1416 -2054 -986 -711 87 656 1707 2347 -207 -368 -852 -144 324 -212 116 -162 357 -15 586 -404 -230 81 -783 -80 182 475 489 -690 -686 752 -590 1032 200 1010 924 -308 -287 -818 -563 409 975 1480 541 -1003 -281 -1590 -458 -369 489 -405 884 -41 882 834 -686 -1160 -1609 208 1031 99 1859 1394 2075 -238 -952 -1263 305 773 1253 1149 -266 948 48 997 2188 -3 187 261 1668 1560 -549 -624 -1545 -484 35 -1333 -2199 -334 167 589 237
-313 463 -137 902 752 660 -253 400 -164 -797 -1151 -77 -123 279 169 -316 -1185 394 -156 350 877 1581 1389 1273 -457 -957 260 785 1216 417 -270 -858 138 -79 255 -595 -1145 -307 -46 -1090 -744 -164 -78 -409 250 -316 631 73 427 -565 -16 108 254 2521 1495 924 -526 -1028 -1173 -478 -120 631 -841 -992 -34 89 -274 213 551 327 -202 720 -24 -960 691 -401 1290 395 1445 74 509 -1325 -1602 -1009 -882 623 -624 127 -1039 -223 -1026 -198 -924 -1673 -1432 -1435 -270 -252 -147 64 -73 971 57 -10 -1149 -112 -1190 -1281 -296 -68 -1155 -496 -736 -177 -637 -1475 -1882 -1342 -213 -785 -498 -1567 -506 -1263 -425 -73 106 -54 -707 -467 -1010 -39 -345 -1308 -820 -704 -251 435 -101 -1193 -1994 -670 -5 -178 -892 -732 -365 729 97 -575 -278 -221 244 -300 141 -274 -1511 -2088 -834 -486 19 174 363 220 550 -323 409 -900 -1309 -1498 -1464 -2287 -321 4 -48 -1343 -963 -626 590 228 185 353 -448 -1074 -434 -534 797 1069 1048 -4 -957 -9 627 1752 627 -60 364 488 -722 -648 -395 -149 650 11 -200 -417 -1231 -558 -646 -797 -554 1048 -1260 -174 -481 1001 498 536 802 -1302 -2010 -2736 -1671 -214 589 -724 -491 278 -980 786 1232 523 357 -176 -84 108 583 -521 -1171 -2057 -39 285
172 290 -402 -456 -1377 -774 -977 -980 -240 -123 445 614 660 565 654 471 116 -72 -16 327 260 644 973 189 -336 -979 -635 -684 692 171 -810 800 -43 -840 -1150 -24 -187 -152 -65 206 207 -1021 -786 -353 -816 -374 1049 856 980 134 -281 -709 -573 -638 44 634 -1594 -1462 -353 702 771 135 -1069 -1011 -2192 -885 -245 -861 107 127 -375 729 -237 -348 -1471 -1251 27 -809 207 451 2260 3207 2185 1042 413 1638 -608 1046 291 630 155 -120 -302 -392 -1228 -1077 -2053 -1089 465 -1549 -1103 -1802 -978 880 1101 1334 -64 34 -1456 -59 187 -674 594 1245 2227 890 374 685 116 288 127 -771 128 -1933 -1040 -1361 -254 524 303 -21 73 -586 225 401 333 52 786 944 1227 281 76 183 -104 619 346 232 408 193 1168 890 72 -1201 -276 -820 -1227 -683 257 2254 990 -378 -1733 -524 -794 -496 -1598 565 751 823 552 410 309 240 400 -1080 537 719 1183 455 271 -1137 -321 -879 826 296 354 -432 -1224 -705 1154 694 122 -1391 -1566 -892 -1097 1081 -1369 -962 -1093 690 619 216 -1044 -712 -933 -583 641 351 -569 -714 -670 -433 433 -630 -1526 -595 -722 728 452 577 924 -683 163 -973 479 631 1255 666 918 -349 -656 -493 362 -691 -289 -305 -698 51 629 -1166 -1277 -1820
-537 221 -29 -75 -225 1354 810 1381 261 -1210 -1586 202 999 1212 -980 -724 850 510 1010 922 1710 2342 1516 592 -190 -974 210 412 -414 -1350 -868 -309 671 1087 -654 -89 -102 699 495 833 318 -135 344 1173 2237 883 113 350 497 990 966 593 -200 1172 -506 -491 5 -482 -1215 -738 224 1217 718 1001 1566 411 875 1099 1149 1717 2878 1430 448 389 961 -624 -1166 -916 602 -271 -421 -2058 -414 896 -848 -160 -563 1067 403 450 495 1616 1713 2103 1018 886 -884 -1663 -1528 -342 239 -173 -45 -1166 379 -1003 -530 -1438 275 609 -826 1 -411 -367 228 412 793 -143 468 -337 -307 -1217 -1234 -1256 -1377 -1410 -1018 -533 -261 -358 -700 -695 329 -331 -345 555 709 893 1176 1424 413 405 733 599 72 321 409 380 -1128 -1447 -847 -254 -260 317 -74 -341 -591 94 1147 805 -10 -274 -359 -281 -837 -674 -42 -431 594 805 1120 -778 -955 -235 -72 -439 241 -249 -426 -42 484 418 858 552 1560 727 1456 793 -994 -952 -185 1349 824 411 -351 92 978 219 -855 -946 -484 -1509 -1444 -314 251 639 -1079 862 346 1578 -371 896 -754 -41 -933 -1738 -1041 -110 -27 -357 -18 312 131 -93 1165 -337 -617 -1006 -1191 -496 402 -402 241 -1756 -1056 -1522 -1232 -1632 -1397 -219 -105 733
-44 -418 235 1159 686 63 756 -111 398 -156 1417 422 208 -663 330 114 817 1186 2588 1093 196 -1175 -1498 -1200 -1680 -1710 -1532 -1830 -560 -1285 -1187 -999 -931 -664 -416 -454 -640 -30 1110 1201 1403 638 592 -25 -832 -1469 -872 -1073 -920 -658 -655 -591 -199 121 203 -353 -391 -686 794 -44 -1421 -299 -1422 -321 -527 314 -852 -1559 -1854 -93 271 357 -397 -1148 -365 702 1351 -90 -1153 -1069 -513 448 -729 1227 -200 -421 -1717 -1367 -896 609 120 -30 -687 -1059 -319 -794 -1065 -1997 -252 -390 -532 -48 286 1219 1005 1859 521 -578 -1219 -1271 -237 246 336 602 920 782 121 509 -941 -1425 -800 -1394 801 -227 1643 -476 -373 -118 -917 -519 -970 -1610 -562 -936 -291 -1938 -229 -133 -313 -742 375 1113 610 133 100 -267 147 849 1127 1412 1621 1113 1483 1349 -440 469 279 1423 424 954 1541 683 -186 -1016 -240 -487 465 186 -483 455 388 973 223 414 282 1042 31 83 13 -615 -599 -384 -19 393 173 -1030 -44 365 1585 499 -13 904 744 1223 1577 2116 736 894 1397 -284 -1187 -550 -927 202 -739 1924 115 -69 -1526 -1026 -557 -774 -1344 -871 -1195 -735 -1161 -918 408 22 1090 347 761 -163 -170 765 1387 1125 103 1131 1149 1765 1854 1781 404 677 559 859 597 961 114 636
655 657 163 -175 -124 1301 -470 598 318 684 47 809 -482 -1302 -2978 -1647 169 -163 -672 340 989 951 -766 -235 -270 706 359 726 437 524 1374 1030 -389 -493 -1382 -1048 -573 -332 804 600 234 -799 546 1109 801 1011 152 622 1449 -353 -641 -1130 -752 -398 -478 -275 529 43 965 404 794 -225 -487 -499 -160 -363 509 1197 1182 435 -263 -870 -488 231 530 361 -239 227 39 130 1294 2418 888 607 -1019 -176 -1089 -816 -205 -1104 -150 1695 781 236 -884 -972 -781 -1557 -682 -403 1125 -194 -205 962 1156 -184 -278 768 686 1441 403 -207 1307 592 1771 800 557 -291 -364 -940 -785 -1720 -911 -1259 -908 -191 408 -887 -1036 -835 -451 1561 519 -1202 -705 -654 537 301 1062 9 516 1326 1615 284 -864 0 -752 951 -913 -904 -2094 -1138 -880 -645 -1252 -481 -1588 548 981 1326 703 1320 1407 1723 2349 2199 1592 713 608 -119 -900 -462 204 756 1202 210 -73 -952 -271 364 513 861 977 693 630 442 601 -454 -1567 -1231 -1031 -78 -421 0 -65 1357 2000 816 -175 32 -1126 -2121 -1204 -284 -987 186 725 2052 243 6 -879 -206 43 -459 -462 742 1500 1441 -197 375 1683 500 81 -70 58 333 -632 -791 -518 -270 92 -428 -1459 -2140 734 -510 -1198 -459 -445 23 393 826
132 -721 -89 -1027 -898 -493 791 342 567 124 811 31 -124 100 75 168 -396 1304 237 77 -1522 -1281 -359 430 -391 1342 700 -506 -811 -1345 293 82 248 -1266 -1710 -1682 -1070 -873 -1457 -1274 -3 354 -778 -572 -539 810 1362 935 924 664 873 457 -36 382 -576 -258 -480 68 257 1345 700 578 -85 -224 -253 72 -1045 -868 27 788 1764 383 1324 946 -76 -1005 86 -463 -686 -1382 -2023 -1041 -377 -380 -1252 -551 273 -223 -220 361 -599 -637 -306 -899 -193 -685 -389 -172 -181 -122 172 -1115 -514 -516 166 71 -1452 -832 280 280 250 -654 83 -390 568 718 1363 1626 829 352 886 590 1114 738 101 -1448 -1411 -249 102 -89 -267 -640 90 68 -1618 -1144 -1038 -244 -1030 -388 -1164 -236 -907 213 167 -374 -423 -645 -1143 71 859 1332 991 242 -768 -160 84 -202 97 459 -420 -618 -26 493 394 -271 -902 -1491 -1446 260 412 230 431 220 -495 -1415 -657 -226 -358 -2946 -1647 -546 904 235 -140 -924 73 -437 -49 935 346 678 -378 -496 21 -82 -335 315 1455 100 -704 -776 -1485 -741 -1392 -2139 -1885 -1614 497 70 290 -292 -622 104 655 -149 273 1014 2459 1950 585 175 10 -527 -1089 -1361 270 652 423 1247 1587 372 725 -949 -333 510 1984 1468 1124 994 422 590
1579 868 393 -742 -944 -839 -1743 166 681 651 634 838 -50 0 -995 255 335 -303 -40 1316 1410 485 -3 421 1147 1020 518 1275 889 15 -1188 -27 1188 1163 949 -404 -788 -1111 -266 -193 -1046 -656 794 1710 153 435 -408 410 -75 188 197 1539 1030 1173 644 -65 -229 -1130 -1044 -573 -1142 -587 562 733 1265 -709 -830 -605 263 -489 393 72 86 -421 986 869 840 13 -816 -1332 742 1257 -460 -553 -1243 -1036 446 942 199 -853 -1022 -637 -567 75 252 577 -516 -668 980 211 -727 -1184 -372 523 1533 1068 1172 1575 807 993 1760 577 1076 137 -359 -970 -1494 -1006 -263 80 -212 366 218 146 -622 232 -9 51 -537 424 1201 968 -412 -2015 -1045 -639 421 1200 775 767 49 -1388 -524 824 -139 -53 -1731 -238 -317 -509 -1372 -558 535 200 -914 -912 -1319 -703 -692 346 362 1252 330 679 -496 -196 -741 793 900 1233 652 -342 31 -286 742 530 -283 477 854 1913 1122 858 1065 -292 -95 1212 1578 895 -504 -1273 -593 -1341 -588 -944 -190 -553 -927 -1962 -1723 -706 -802 -994 -578 -772 623 1297 921 -249 -875 63 1118 1365 -450 -868 -287 768 1259 -181 -1140 -946 -423 -249 -812 -282 -1338 -1053 -595 -331 731 -571 -1997 -1606 -1570 -704 646 -177 -361 1098 250 -91 -1028 -65
-502 112 252 437 -350 -1334 -551 -685 396 -157 1405 474 -390 -1028 -523 256 127 632 -491 -961 -1477 19 -924 1640 -129 926 -197 -868 274 259 319 -544 -195 -66 -1108 -664 1017 108 -774 -402 675 130 1129 1346 1635 -895 -558 -1348 509 459 27 630 -490 379 389 854 -67 -371 -453 -874 512 -328 126 -1049 -455 -875 754 1262 2534 1094 1003 801 2279 1657 526 48 -714 -157 -185 -685 -1132 326 1031 -243 -1365 -355 91 1443 545 706 -411 -63 -334 -174 -287 1117 899 1751 207 148 -26 -1449 -1423 -1192 -1375 -285 320 382 1872 1556 917 19 808 656 1352 932 167 1165 408 1324 429 302 236 1445 631 439 240 604 210 -260 -52 1178 750 -368 -1185 -156 -1803 -700 -1268 -858 -240 -223 -680 -1360 233 278 -368 128 -559 1424 844 853 -609 -770 295 2254 1810 1556 -493 -551 -189 501 225 992 1290 -14 -185 -895 -305 675 506 873 -122 1031 -280 222 -148 -411 -1879 -1269 -16 501 -131 -597 44 -1249 -570 -163 426 1140 1063 -347 151 -88 154 653 404 -21 659 -698 -622 -1886 -1293 -656 -593 -643 110 -534 479 -133 1325 -13 1634 288 79 -1380 -266 -227 569 -571 -1239 -612 458 784 550 546 918 580 -467 -867 -471 -882 -549 861 -119 -34 -534 67 -524 -578 -1727 -855
1203 177 -270 -595 137 1425 360 218 505 -52 515 131 1260 243 465 1048 1922 873 282 -428 -1672 -1342 -1265 -431 -582 -175 -1020 -132 369 32 196 763 1130 1874 674 -546 -1278 -303 -937 -778 -1167 624 1519 822 584 985 542 728 401 735 568 -179 -204 -233 830 562 1063 -550 -774 -621 -704 37 1354 101 275 135 -861 -43 -308 -26 719 138 1718 764 1217 713 1926 1587 1544 1679 174 -740 -617 -333 568 -279 -308 931 -279 -635 -611 61 -740 -160 688 247 452 243 -592 -630 -1402 124 199 1689 150 -19 -507 597 1216 699 1348 891 566 719 -17 546 -246 9 -45 326 -154 -589 -18 149 -66 -349 -628 704 679 760 -290 -2102 70 962 1638 628 -535 -887 -1878 -1793 -551 -1274 644 -4 -656 -1229 -840 -130 -214 446 193 179 24 559 -451 -158 -603 69 115 -341 -2054 -639 -1129 -929 -734 273 198 0 -444 -1783 -473 -1231 -292 -24 264 734 1085 950 1660 1201 72 49 -469 -665 -752 -706 -2148 -2227 -1005 102 459 -150 405 227 322 -734 -1517 -1452 -1560 -508 -11 676 627 -705 181 -1 -630 -118 -1107 -188 -45 -606 -1706 -1553 -799 -249 -103 -1176 -1359 -1257 134 709 471 555 776 1532 2048 396 243 34 -1615 -672 -452 149 1499 737 807 588 411 -229 -107 -174
20 664 783 879 1120 1665 -119 108 -1432 -465 652 -507 -1097 -163 967 479 944 437 387 877 854 422 -408 225 -189 -199 2638 1502 2421 168 -35 512 404 -73 799 537 -454 130 -970 7 -168 1555 605 787 -322 -889 609 468 1219 876 818 1351 262 563 32 1091 833 661 431 1066 1367 612 -520 -1301 -1437 -886 651 1075 108 -616 -885 -322 -57 -180 148 -451 678 1712 936 -85 825 851 83 84 -467 364 -713 -36 316 1631 237 252 624 1472 152 1278 95 -417 -1449 157 86 695 578 2051 579 -294 -574 -706 925 1087 1618 1333 3075 2186 1585 1466 377 1170 -353 80 1006 1210 750 76 122 -157 731 612 -686 229 51 689 782 275 516 587 -617 -982 684 302 791 -231 281 -608 -442 -1180 -1626 -1021 -625 313 -20 -430 -964 -1023 -675 557 -828 -1503 -1558 107 36 -940 203 1430 1501 -87 321 -298 -319 533 84 -117 -207 -904 -397 -1013 -873 -120 932 833 395 -1441 -1083 578 1126 388 -975 -289 -326 29 -353 -208 388 504 95 683 -869 -225 -950 689 -283 902 287 819 117 -229 -279 -998 76 308 -39 392 757 38 -1985 -1584 -745 -236 -214 -590 -309 325 997 716 367 -211 94 -931 -1190 -764 -125 159 -1143 962 -65 -25 -240 -699 -1077 -1494 -1090 -189
-1447 324 864 846 333 872 1473 1305 262 -305 23 -399 664 -828 -242 -1028 133 326 1171 1244 102 968 920 571 223 60 -427 470 1844 863 983 -251 1027 466 513 231 1032 443 -200 1239 -392 5 497 294 607 330 -603 13 -725 -1532 -955 219 899 307 -945 -1063 -500 -257 -261 -1295 -1365 -288 -181 666 92 1050 -338 231 0 248 143 -240 -42 -812 -1556 206 -650 -1117 -1093 -782 -463 760 1965 1152 -73 198 209 916 1623 294 890 430 -99 -231 1270 59 87 131 -374 -655 185 507 620 1365 7 475 550 133 9 484 660 1076 732 1181 -271 172 -728 832 1762 -482 -1479 -247 28 1655 -405 352 497 1119 -264 -2131 -1279 -2043 -884 -523 -265 -1159 -127 -287 -83 594 1958 918 -601 -711 -25 966 1259 -161 -786 -1008 137 613 429 1091 413 205 -227 -269 175 -351 1098 560 -728 -1573 -456 -77 -151 466 -384 -1167 -1458 -789 -33 19 -860 -349 31 166 -82 906 337 -170 -597 -1692 -917 332 -88 220 375 1315 173 -193 266 246 100 -490 -122 287 -866 363 -1730 361 543 321 973 606 592 848 -633 -1111 239 482 94 495 294 680 368 -219 670 1102 484 1063 271 534 1321 250 -892 -1105 -735 -546 -1156 -523 -405 0 832 743 -22 -415 -865 603 -183 -167
-276 -698 -1107 323 973 792 -1094 396 197 915 861 479 955 2105 2633 248 -83 -91 837 367 445 635 -59 1132 -577 706 1724 578 -312 -606 95 -813 -986 -873 221 1360 372 664 -1371 -338 317 1109 795 1210 1021 402 1021 102 -256 739 -1219 -1516 -1944 -543 350 546 20 -662 438 1525 567 -682 -941 259 -473 -176 4 384 497 -54 559 541 871 -1112 -135 152 1359 1458 296 257 1120 608 364 490 -68 92 -1646 -1654 -1018 353 403 1267 1825 1620 168 -828 -1742 -1322 -82 1075 523 295 334 575 -236 -1477 -1004 -16 -1320 -996 350 898 816 541 -375 52 -991 -1008 -302 -335 -642 -707 -949 207 785 2321 1595 1329 331 -1315 -1189 -1554 244 -1362 -1688 -840 -1226 -298 40 192 -638 -677 214 521 -520 -1062 -1495 -1108 66 -454 -824 -857 306 -533 1168 1286 1515 1060 687 96 -925 -1701 -677 -230 -465 -1168 -384 -1181 -763 1415 1372 -317 -29 -921 -1300 -506 -661 379 190 23 874 1133 1605 252 -330 -1228 558 718 -840 -1790 -996 352 -108 -189 -54 1020 -1 -349 -934 -260 -690 -502 -831 -1134 -1314 -995 -746 -2 194 -74 -976 3 1413 1497 758 -74 -253 927 126 -56 -307 -1135 -325 146 -416 -260 -313 -1220 -326 -534 -1134 -895 477 -517 144 -928 334 -380 -452 -615 -459 1017
393 340 566 -65 714 1885 1580 -48 752 851 -124 -934 -764 103 1041 462 680 -786 -316 -543 -1402 -646 34 -304 76 -353 -1733 -882 102 760 1868 206 -4 -576 -303 303 1227 1489 144 1035 156 959 1287 330 534 1807 1605 2067 -898 -900 702 1735 540 -409 -55 175 218 -203 -118 210 1064 1192 212 -1226 369 144 890 347 577 -506 979 1261 866 -124 -666 -1578 -846 -1258 -377 -415 -516 615 -607 218 -159 602 1588 697 410 331 -561 228 1459 1034 689 -395 -891 230 1099 1341 666 1228 1312 209 -632 -937 -950 -1357 -806 -298 -891 435 1142 893 -252 -238 320 -1564 -282 904 735 1206 -1017 -320 -1068 1123 630 200 -801 -267 289 50 811 154 -208 -1203 -520 -250 -9 -109 389 -166 -1659 -956 265 -97 62 -810 -197 1273 947 103 348 219 -146 -439 -74 940 1170 1302 -105 210 -5 1084 1531 1585 -1080 -390 -58 70 -190 403 -158 140 -219 -602 -751 -919 -811 53 -1317 -918 -731 93 576 1861 888 186 -256 -1261 -1324 -631 -185 -211 -361 -822 -715 508 -612 761 275 677 1145 433 184 -524 -638 1065 487 1119 127 267 759 1146 1087 1279 420 -46 1023 690 450 312 -461 -1347 -895 -883 -1510 -200 91 1167 185 -180 -1673 -1547 -192 -177 -76 -266 182 200 -122 -204
-309 200 -1184 -1003 -140 878 1430 2009 510 238 512 393 -204 291 210 -846 -250 -742 369 -90 -370 367 -870 -261 -438 576 1215 -656 210 -748 69 -2 454 35 295 -1060 -1593 -36 -283 -355 -275 -438 -272 -286 -413 167 433 77 198 743 -386 -197 457 444 135 -533 -992 -534 582 1862 352 -799 -428 544 -499 909 1472 1404 1964 1422 399 -780 -1918 -2038 -604 1247 391 -45 904 1400 1023 350 621 396 -353 85 452 1254 1461 693 1723 441 527 -289 624 -176 -164 -650 3 303 539 65 -933 10 -543 -25 -387 -364 -616 32 274 2 250 -708 -42 -847 50 112 275 -358 -93 208 166 240 1273 956 1283 928 962 -675 -403 -945 -166 -365 -223 836 35 926 1358 2026 1401 38 1417 825 1299 713 640 -978 -1131 -1310 319 859 630 -895 -501 -658 -1338 -1189 -445 -836 -396 -1552 -653 -1049 -616 -199 760 166 -1244 564 999 1634 1517 1646 -123 125 651 470 457 -805 -1438 -1000 -740 -760 -981 -84 516 320 167 -3 431 916 -656 -222 814 1163 -808 -1867 -2063 -907 -45 323 1215 315 1152 835 174 -22 99 1086 -105 409 -213 617 -64 -335 -596 857 150 460 -308 -426 -140 652 -447 -629 -38 -663 -1234 -1668 -1451 -1229 -534 -1343 8 335 1046 -501 -761 -349 -198 -303
615 483 447 -262 626 327 -462 -581 524 -91 -597 -824 484 614 375 790 1356 506 823 80 1255 892 815 1218 1390 1063 488 1250 1915 2754 1059 122 -657 817 260 1726 -478 -24 -269 305 -1194 -273 -414 -2164 -927 582 1226 -320 -1691 -1324 242 369 -431 -965 -1578 -1930 -1501 -760 -1147 -815 456 286 -191 -853 363 468 -515 -43 -50 782 1365 417 -898 -760 -546 -1619 137 81 -1087 -979 -312 32 -177 -215 858 472 703 642 853 783 886 -54 88 -403 -190 804 759 280 -220 -557 -1087 -659 840 63 528 -116 -66 -103 -752 -1371 194 474 504 -775 -238 100 580 210 559 2174 368 -623 -2342 -1560 -549 449 413 474 69 381 -796 -510 -1169 -846 -1195 -333 1057 857 -60 -425 571 511 -142 -1308 -464 -1267 1561 2411 1943 649 -475 -564 890 439 357 -660 -262 35 -232 105 -331 -358 -471 -511 -95 197 -364 789 687 -57 -1203 -567 42 414 324 -83 252 1087 1425 374 121 -238 590 1027 1162 1027 859 -86 648 271 850 708 1559 386 -1560 -708 427 1933 302 -810 -992 -452 -647 -76 279 69 104 812 643 -418 503 363 -294 -209 229 1245 575 -15 491 614 -499 323 338 385 1271 -791 -809 -1855 -204 1396 1796 762 289 -930 863 927 600 1849 785 396 -174 1212
-347 117 266 -486 -590 -1169 489 395 1231 390 -29 -386 -1005 -1043 -1200 -1241 -59 -254 -742 -1864 -858 97 1389 2 -667 -222 81 -616 222 -619 918 738 433 -1275 -2170 -1791 -251 1567 -94 -31 453 276 -324 829 -163 -1119 -542 -539 136 888 612 1034 1389 761 1090 820 772 1859 1956 974 -96 138 847 758 -549 641 107 229 609 492 657 261 150 -54 1422 853 -684 -799 -51 -360 -1541 -1067 62 -695 -1173 -769 131 378 968 1038 1396 -551 244 734 970 114 -153 -105 -641 -297 812 1068 343 -414 -536 -1231 -200 213 105 794 -475 -291 1035 1538 1546 657 -14 399 380 -193 -1831 -648 -346 258 -307 -402 333 249 178 -578 -649 562 603 639 147 1015 -338 622 886 591 -602 -293 1813 1289 208 -1384 -2652 -2092 -375 888 980 -667 -1340 -1100 285 1599 1280 788 885 -138 545 -156 352 -458 716 313 -192 98 -841 -26 432 1157 1199 -614 -190 -482 1871 422 221 -473 -265 381 240 103 -507 -853 -1489 -1061 442 705 1099 -863 -2514 -589 946 1127 542 294 510 1092 884 518 57 190 14 1172 -167 -386 368 615 450 11 1211 182 556 -307 495 -396 -1039 51 -356 356 666 464 0 -881 -847 92 162 -175 -220 503 235 270 128 48 745 158 918 2109 1159 65
48 -1317 -1237 -8 485 165 -244 453 1281 491 743 9 -14 -340 -560 147 36 -688 -435 -134 663 448 1268 1221 1702 -310 564 412 -185 -718 -402 -44 20 268 -589 -11 -836 14 158 283 -459 0 -17 -769 -5 1556 465 1419 575 -189 -259 -133 -528 -755 -1029 -556 474 -354 -605 -147 605 159 -48 -447 -500 460 768 1826 984 210 -1029 -960 -930 -840 -1533 -1410 -725 -327 -400 -322 278 -189 517 776 1831 1244 278 -863 -1100 -385 597 1076 -1061 -644 -1027 -1735 -1099 -1222 -531 -1251 -968 405 465 -176 -1325 -474 254 -149 316 778 1440 1208 -600 -408 913 1953 1187 76 300 56 -924 -1174 -1402 -656 -634 -203 -948 620 -87 1088 -249 993 -164 411 -85 1076 1127 1239 313 -246 39 -985 606 335 2276 1683 2248 213 161 -1198 1031 746 1647 -493 215 199 1116 126 -1191 -990 -549 719 411 -83 222 -367 -742 43 -93 -136 -606 305 544 687 177 305 1816 2251 1004 -446 -216 -1036 -1016 -694 -353 605 641 137 -420 -1030 -272 215 -159 -2074 -2544 -569 1004 1787 872 23 -1238 -129 -283 701 119 64 -82 349 -146 -1003 -43 -1113 -1707 -1342 -730 -1370 -834 44 205 316 567 710 -533 660 902 454 942 -71 -326 2249 80 -202 -781 -930 44 -269 -460 1052 -133 -126 -557 1038
-775 -1022 -921 -1058 -145 -314 447 698 441 567 -375 115 193 -136 439 980 1043 480 -457 -412 -941 -232 124 1037 184 376 53 637 1119 -270 -1147 757 -123 -80 -880 -277 1349 354 -1243 -1397 -986 -364 -889 -352 364 -763 366 -85 644 1835 1725 1603 668 -419 -449 32 -649 47 -19 -719 -407 -867 531 950 -106 -992 -1129 612 273 173 651 382 936 1011 454 -506 -766 356 -620 789 863 1501 1362 318 -456 -167 -297 -677 551 593 584 487 201 816 587 2177 1325 522 -263 881 1330 60 463 -276 836 8 328 -536 -871 -1716 471 -329 642 318 299 -728 -6 1159 331 464 -1211 13 -1648 369 507 1710 1040 -143 -405 -33 -241 995 -111 368 -403 -61 -900 -1213 -738 1153 794 1724 1299 1184 73 139 897 2028 1845 699 -179 -1538 -77 426 428 1369 -107 125 278 -228 -540 86 217 621 -24 249 -442 -371 -1465 -1284 -1490 -308 709 134 8 298 302 212 412 1249 852 1418 1016 1160 -242 -745 -988 1105 1768 147 -1735 -1805 459 1031 1344 -56 1103 39 559 1235 285 -321 -1838 -137 -313 -1011 -1504 -1436 -536 -844 -1406 -1013 -412 -704 -526 -1226 -2781 -2585 -1193 77 -20 550 475 -669 38 -435 -635 -677 -120 -966 -793 309 365 857 262 402 152 -364 -817 811 257 347
266 759 712 539 -511 -100 206 551 963 1007 1181 1021 698 -945 -409 -1386 -766 -834 1030 851 759 899 -573 230 -899 -429 -488 356 -848 1820 641 1811 599 -77 -170 477 -754 -694 398 -1043 -557 -594 -385 367 915 600 1166 718 808 -216 -289 -508 -251 315 116 821 975 1338 8 157 351 -1105 -1716 -2865 -1903 -1011 -70 852 697 1163 -46 591 746 215 -373 -568 -171 351 404 -1009 -918 363 971 969 -87 455 -10 454 -280 -375 -1025 182 989 697 -644 -1737 -533 -94 -751 -967 -383 1127 8 814 -51 1362 372 376 322 746 -349 -151 1062 999 1530 592 -411 -1224 625 796 271 -544 -260 -56 -88 163 -1116 494 160 1236 774 468 -43 20 -67 -768 1172 398 431 -633 1038 284 765 -1225 -872 -1064 -682 -953 -345 -619 1102 1447 1372 639 80 231 -228 629 -528 750 -358 -454 -1399 589 683 616 -880 -680 -1524 -25 -237 1122 -28 353 54 -743 -348 -306 -201 1211 2039 511 287 1233 109 1252 -56 874 -433 -701 -173 -528 -516 43 1202 1782 1745 1403 382 1140 379 1350 -16 438 434 2175 1612 1299 -52 -632 -343 -486 29 -141 -1408 -271 -224 -1279 -1298 546 713 -71 406 55 39 -903 1148 258 482 -532 -487 -1100 -4 -112 422 1257 1077 1587 -1521 -1931 -1874 -926
-51 193 87 589 424 684 952 1360 1550 621 -652 -1155 -479 -428 639 187 1484 265 396 381 420 767 1160 1336 814 753 -85 565 -413 356 -909 638 -488 -231 -17 -592 432 370 -391 -280 434 351 750 1050 943 1134 1162 -261 -467 60 710 -339 -212 -298 -1136 -1286 -1453 -290 -1208 -2102 -2300 -257 38 1554 379 1400 1281 1196 -60 -716 -852 -498 135 -81 -223 -277 -651 361 -133 280 -504 84 188 665 740 338 -138 -1221 -668 -493 292 -1316 -1719 -2098 243 322 935 984 1754 1001 332 -464 458 -421 23 -494 191 -728 -1021 -624 184 261 -483 1128 757 1245 221 749 -988 -449 -1185 -804 -874 -1081 -92 -1053 -166 -345 209 778 -20 46 78 -401 -381 -895 -1124 616 1975 2561 768 171 -467 -800 -715 -240 1030 1719 958 -105 -1130 -576 571 1213 327 -647 -660 192 650 -594 -1329 -168 -1781 -1088 18 588 562 92 -273 -432 -888 1028 213 733 -383 985 503 -376 326 -615 -548 -402 501 510 1464 823 1313 1121 69 -1535 -1181 -1046 1207 -1230 104 -99 564 -88 652 776 -96 64 -820 -571 -562 -762 410 1076 32 -251 -170 1011 285 -88 114 -753 -314 -401 -1235 -529 49 943 209 233 637 -51 -1059 -1194 -170 -467 -114 230 704 602 552 -67 -60 167 480 422 1036 -418
713 550 976 -117 651 1019 1433 1328 409 863 920 734 1423 36 -313 -2108 -1150 -1094 1065 -1088 -1254 -1287 -260 -89 517 -21 -330 768 -1108 687 -421 -402 32 -116 202 -205 -745 152 1516 991 -26 -26 245 347 422 -167 88 969 1317 746 887 576 398 33 1765 1964 1197 315 261 1393 1011 -101 -1021 -792 492 1247 641 1348 115 162 468 -169 327 4 -795 -785 -395 -266 655 917 933 279 -451 -1404 -2259 -1675 -849 251 286 -700 95 -383 -160 -2350 -1818 -799 1136 835 -336 125 1345 1543 287 -661 -98 1366 1447 2721 2641 1192 869 1306 2174 373 -220 -50 690 1036 1421 157 659 -500 118 -438 518 63 -401 -885 -393 -1100 1095 1446 1985 239 1206 -342 1036 844 754 146 -789 -1388 -558 -1443 -1501 -1439 -1349 -1903 -933 158 -480 -305 -489 1356 1788 1917 729 460 446 305 -608 -838 -207 315 -1744 -1256 -258 736 2198 1165 949 -225 154 -96 916 71 626 1221 1370 378 -197 -302 209 2210 18 -52 -1292 -477 -1037 -990 354 365 -624 535 417 1725 1453 459 -1381 -1069 -932 -565 -225 1009 734 322 1269 1167 715 -178 -224 116 1507 1957 1562 1342 886 339 -66 463 -864 -678 214 -641 -1348 -1751 -576 -1229 534 -450 1708 404 384 -1490 -887 446 944 1292 629 259 693 254
417 -705 -193 200 142 -576 305 -145 687 523 129 435 -191 -986 766 -107 897 -885 -688 -2 -211 -626 391 274 -324 -1022 -562 516 207 1275 190 928 165 -524 200 1422 1446 1186 -325 -486 1042 1082 93 -53 -610 803 164 -124 -182 -79 73 1170 -231 1002 -27 473 1164 1133 -734 -1204 -55 1329 926 1975 423 160 948 -661 -729 -567 -602 210 1212 999 559 -1285 -2692 -1040 693 1039 676 -41 -191 263 737 -81 386 -182 274 -150 -318 -373 846 -42 641 914 1557 1401 122 -1679 -2199 -1493 -1108 -435 173 -561 -767 -2054 -1079 50 -540 -1173 -1552 969 237 -410 -1342 -510 487 766 945 196 553 -430 64 -195 530 1284 -105 -514 -633 -558 315 -205 -400 372 665 667 625 608 218 -1775 -1016 -236 417 55 60 160 -557 141 1960 1765 126 -1311 -1266 -266 1244 1506 637 427 556 -240 -1449 -1465 -142 -376 -1123 -96 -56 378 1399 2322 1491 179 -2 -384 -81 -570 1123 375 6 -1504 482 -123 -242 -555 -1173 -543 -1721 -1696 225 810 1965 96 -155 -1450 -377 -582 -404 -870 -1651 -897 82 916 1519 1265 1011 227 -296 -1799 -1447 -158 -11 -829 -148 -188 231 -59 -416 697 699 337 -886 -438 -333 601 -975 -1123 -1284 -845 -863 -405 -110 365 838 -297 -5 66 957 562 -409 -266
223 1126 415 -1416 -831 -373 -840 46 -577 -1005 -271 567 607 260 -917 -39 575 1003 321 -139 -1539 14 -423 87 561 246 160 154 -278 -257 -60 94 -142 -1220 -703 -602 -72 356 672 54 -355 -658 644 281 -699 -194 -775 297 -15 -254 -1241 -425 2 -189 -731 -820 -678 -1160 587 -1050 -1441 -486 530 1433 1054 1123 -24 259 -51 -329 732 -262 670 388 402 240 -56 -1496 -404 -204 17 -759 -1256 -721 -869 30 227 258 1134 -990 382 -486 528 1473 700 -223 -737 -552 -154 1045 2363 745 -430 -1213 7 69 1202 1023 -906 -1227 -532 -524 -967 -1660 -1315 -76 322 -44 131 676 1812 1653 1282 361 458 -144 -270 -1159 -166 251 -337 56 -262 -51 -203 -978 -157 519 226 -951 -298 80 148 -1429 589 612 -396 -2046 -1122 -84 310 509 1044 111 14 364 1349 1339 117 -828 -379 -161 -241 -413 -1501 -688 -153 -800 1040 1860 1107 815 1142 698 828 147 1475 1638 1901 582 824 613 874 1095 957 -391 -894 -1968 -889 -1021 -278 -264 -1127 -304 509 580 643 -147 -1132 -1165 -913 266 453 328 -417 319 894 -302 -1005 -501 -1762 -1560 -473 979 1196 754 -1071 -1255 -914 -841 -766 -1086 334 174 291 632 -317 -274 -508 561 220 289 16 -156 -197 1256 917 1012 26 -86 885 297
564 780 1073 636 146 -280 -1117 -353 379 1976 678 -33 -632 -1024 -136 -649 -687 955 1258 633 -312 -1528 -875 -1595 -1144 -936 800 856 714 1182 787 343 164 -310 131 354 840 1121 1023 1562 2319 909 -1079 -811 -889 329 758 715 547 1667 1402 1360 323 213 -43 -487 651 656 1638 323 1428 524 396 812 36 -51 832 951 113 1076 839 110 146 -279 1043 -154 824 636 1017 871 893 121 -154 155 -102 509 377 -782 -592 -335 150 -651 -387 -864 1354 2040 1349 247 552 -487 -516 -375 -486 -1333 -553 -1545 -1031 -1296 -257 -166 -794 -148 -785 -206 -1339 -1448 -795 -221 387 -402 -450 -828 -1595 -808 165 356 989 -276 -216 306 1112 1623 -153 -626 -565 -156 -479 188 536 1640 1325 573 926 327 282 93 -974 -1157 -1503 650 1716 939 -239 -130 461 209 130 -140 844 314 -193 -1516 -585 -521 212 -139 896 888 886 660 1042 766 -376 -764 -1325 -1263 -2104 -1601 -791 -1685 -853 -1075 -644 -957 -1191 -534 -1373 -775 164 -967 -337 -8 19 -1415 -2364 -2527 -1543 -762 403 1336 212 -95 -432 54 61 -575 -710 -124 -373 -496 -39 1199 -545 959 -938 687 190 65 -88 724 -262 -345 -744 481 746 1108 1408 735 -576 -468 -147 857 827 959 906 454 -449 -589 -1287 -266 208 577
-580 -421 -704 -114 358 -220 279 -148 -609 -634 1041 992 1335 1545 1573 859 283 -1141 -776 642 -468 353 377 5 434 -245 -703 -1236 -1366 -138 -960 872 407 410 441 866 -534 278 -1060 -511 -925 1194 -169 -185 -2384 -997 -1655 -387 141 106 -426 730 1077 1172 946 270 -71 -571 -463 -1761 -520 -1498 -957 -2067 -393 -405 379 13 1042 842 -362 1198 209 1155 -692 441 -920 161 632 1124 728 572 -270 -69 -307 632 1381 1006 870 -81 -1106 -978 92 -96 -989 -516 574 -517 -399 60 973 -234 -357 -349 452 490 1318 1007 -655 -922 -1619 -1485 -976 -609 -6 -165 54 326 -146 1603 481 1594 560 288 332 62 587 427 379 418 956 -417 82 -155 -41 -393 204 -1013 -636 -143 200 -30 -645 -887 -181 -1002 -193 -443 -22 -917 -272 538 -24 -70 -368 -215 2050 158 -506 -147 151 327 -979 -564 699 701 908 200 285 640 271 -94 698 864 1671 191 -655 -344 305 398 -43 -603 86 1219 1177 1363 150 383 -208 861 -702 -1466 -886 290 136 -940 603 -235 -1397 -868 -681 -16 347 -66 -879 -503 -941 52 -75 880 -517 -402 -373 799 1199 1545 369 501 -288 -1293 -182 103 85 551 -1433 -340 -647 -229 -387 -383 -1848 -599 -307 379 273 1737 2426 2572 2004 1487 1602 -261
-462 -859 -958 -1017 687 1533 817 813 395 639 -199 -355 132 -313 797 125 171 167 1035 302 1212 -254 -724 -1094 -1197 -712 -229 312 715 1500 522 -823 -1431 -521 -624 107 -828 383 618 1554 534 460 -212 -757 -502 -201 502 -1026 -1864 -2042 -773 -51 239 211 572 -129 1174 454 191 803 1556 1049 931 976 645 -579 -889 1424 -415 -159 -1357 -652 61 358 257 -622 25 371 780 1551 686 1502 -57 1145 -93 -776 -1817 -653 -298 72 -374 -1703 -1375 -907 -527 -1042 -105 700 979 33 -145 202 57 -646 -327 -873 -989 -797 -1873 -934 -238 103 -243 402 421 852 640 -612 -264 -463 -204 -456 202 602 1407 700 -102 -222 -247 -259 -1097 -449 -1000 -983 156 -20 508 238 485 45 477 625 1352 903 458 -511 -833 -277 -112 -211 -1072 -740 -684 326 166 -744 -448 0 1732 -490 111 -437 -55 -785 -1051 -1068 12 1364 548 1119 602 731 -650 -1948 -2330 -1890 233 -1319 506 67 632 -457 -762 253 750 1125 155 250 696 42 1141 -706 -841 -1493 543 457 425 685 -304 -476 -837 860 -721 -750 -725 -1165 -346 -585 346 -1099 -1318 -769 -915 -340 345 715 1281 840 1291 -301 -688 -371 289 -471 -612 -452 10 -491 -1034 -1409 -1720 -2040 -1530 297 -380 834 -730 648 664 1433 313 -1422
520 512 914 -58 -1740 -1310 -593 -426 -837 -432 60 679 -268 144 -1488 -505 493 356 -207 -490 -1220 -1352 -1404 -677 1075 -287 -649 -779 -899 642 142 170 -429 -358 539 573 111 218 -36 1317 1838 1236 747 300 -346 -342 110 79 401 484 -566 -53 567 637 805 380 1102 765 1021 -71 -534 611 1146 1188 1912 1131 1217 381 1188 857 -738 -188 -547 -264 -459 -559 -647 -829 -327 -565 -127 63 612 -45 540 382 -1087 -1325 -1249 474 519 1057 115 -255 -95 1803 1194 306 31 -374 -700 -227 323 2111 493 1476 1366 2094 1091 607 -266 782 738 -503 -1435 -448 -306 1025 239 1888 396 -100 -143 -795 565 367 768 -978 -734 -1937 67 -1319 -649 -517 -549 87 270 -793 -166 57 -431 -830 -905 -245 -149 474 435 -726 -581 336 468 460 -226 -791 -1404 326 197 -1178 -225 620 1004 513 1714 998 1288 722 -403 -131 133 878 -873 -388 827 1516 1391 496 520 326 1128 -255 507 41 1259 1191 249 878 431 1263 668 74 -599 205 935 73 151 -1289 264 -648 -1266 -1271 -1333 -771 1169 570 422 -134 341 477 671 1007 687 -3 -200 577 1124 634 216 -1022 -683 53 317 482 -698 395 49 890 1034 269 5 727 1052 1800 41 -539 -107 1203 775 1478 767 890 -158 -114
-228 -1064 -1331 253 785 21 -655 590 -934 -1179 -1185 -1191 -310 616 393 702 -594 534 620 1427 1158 1910 965 -193 -737 -566 369 -344 -525 -979 -2248 -348 -742 264 225 656 208 -490 508 1284 439 29 -1248 -122 97 650 -1335 -2321 -2242 -662 328 637 77 -803 -844 -1085 -451 -535 210 138 1020 -103 827 -144 -631 -1711 -585 -337 791 360 76 -614 350 480 1419 -236 1296 1049 519 -409 -1895 -1726 -1427 -90 -1081 -1915 -1444 14 485 -551 0 684 668 525 -842 643 1411 1334 2222 1164 930 -878 349 44 1496 596 -339 -476 -225 613 367 -930 -602 1410 311 -354 -928 390 -72 -524 -1722 -814 -1469 112 -17 -76 -412 -397 -178 -1486 -2223 -2082 -1679 -1647 -464 171 1442 393 -559 -812 685 1471 1138 -920 -130 -1385 -18 -85 -1535 -1199 -1131 -366 -1056 456 -876 -674 -210 1033 521 281 508 -50 -373 -239 147 -175 441 -455 -844 213 1078 108 185 -797 -22 -9 -636 -735 -2143 -1518 -1264 -1057 -376 -612 -607 -165 -456 158 480 -192 825 -1104 -1603 -1430 -799 -431 -878 -1476 -984 -103 -184 685 527 -425 958 1359 2266 885 -979 -1396 -1598 -859 -816 133 -719 -728 794 528 1201 -513 -628 291 -447 -802 -1374 -556 -138 -250 -132 -1041 -2349 -1962 -978 1375 -188 540 717 945 818 360 534 -134
272 801 183 -447 -23 615 -109 -664 -232 64 -574 871 536 356 -1175 343 -588 -819 -720 -608 183 -804 -495 1641 667 322 441 26 695 -373 -234 -598 -623 -73 216 24 -392 -318 92 -326 1445 1285 -474 318 562 2148 1883 2384 1502 1699 -642 -235 -703 -789 635 478 2181 714 402 -479 -1034 -801 -50 574 -749 -463 -172 1347 1626 1419 909 -867 -343 -128 -899 -631 -1723 -1068 -7 156 1152 608 473 432 -32 -207 -1980 -1418 -209 415 114 248 -553 -73 557 687 485 -108 82 -1105 -713 -1484 -355 -188 -1026 -574 -411 -245 -777 -205 10 1182 816 745 1096 598 -389 -445 882 806 1059 196 -183 -399 -403 384 1892 403 328 5 4 -98 -1359 1036 659 -301 81 -1140 -682 -1331 -1434 -153 1764 326 78 108 878 86 -120 -217 -559 -41 -1314 245 -892 380 -195 -163 639 -357 37 245 1019 1239 -75 -341 -1429 -49 -201 -551 746 1247 1608 644 304 -14 -222 349 43 -82 -142 646 651 -114 -404 -964 -177 -227 486 799 677 260 -191 -2590 -1876 -1195 542 666 -706 619 2004 1627 750 93 9 340 69 1434 358 547 -319 -121 251 1336 285 -550 -1443 -84 135 304 615 851 726 1333 785 124 -749 -2200 -466 1058 463 116 -1490 -826 493 147 -307 -295 -169 105 720 364
-2044 -1444 -634 -445 -1926 -1357 -2137 -1348 -2048 -295 -359 -736 -1396 -232 526 1326 772 1094 178 582 389 365 68 -270 642 616 445 1094 -141 176 517 861 645 326 604 385 769 901 1545 111 -621 -425 610 810 334 601 10 -128 719 -111 -538 -846 478 -112 318 385 956 819 1311 1253 758 196 374 -124 1230 442 175 -360 83 -404 -856 279 1096 649 1137 155 231 608 -82 276 230 813 889 767 424 160 444 143 1177 975 1122 1354 1242 761 137 11 1391 -111 624 -616 -69 -1297 -419 -948 -221 433 562 653 1262 572 602 -99 15 -719 -1575 -442 -827 -230 -824 -53 -954 -36 -609 18 23 938 818 1382 118 156 -126 928 427 -244 -746 732 -567 -1288 -141 -870 697 227 518 -270 505 -517 415 251 393 -485 -381 -981 -1323 -288 -659 499 -435 -161 -409 -848 -1347 -1521 -1028 -1362 -1240 -413 -739 360 -661 429 429 206 871 219 20 2805 1320 1220 1182 1687 48 -233 -534 -7 474 -694 347 -246 -55 932 65 -82 -409 363 -1028 -612 -757 -508 -833 140 -553 -706 402 -1080 784 461 -183 -520 -864 -178 -1076 50 404 397 -590 9 1094 427 120 -1184 -1057 -890 -826 -851 155 1088 936 465 580 868 1165 199 453 -625 -634 -1204 1017 226 -248 -432 -1112 -342
-738 -664 -1209 -854 -116 631 11 298 -487 -146 -51 -371 -323 31 -440 -527 -976 -441 608 -275 -516 74 -487 437 -72 78 150 -654 451 620 734 189 106 -680 -725 -672 841 455 1252 729 -173 -1095 -1543 -474 1840 529 355 329 429 198 -164 -867 334 1266 1498 155 526 510 449 31 290 516 60 -249 -487 -599 1107 525 737 -527 -339 414 -375 -561 -1998 -824 577 150 1136 -899 -721 -1075 -250 550 300 588 1605 272 1280 406 2597 1876 -44 123 514 522 707 416 595 -173 -61 -663 1390 1343 450 -1018 -1095 -871 -1385 -493 -1248 -900 -480 19 -51 170 61 1015 -76 556 -73 1732 -245 -344 -536 -1401 15 234 -46 667 -235 -279 -246 904 438 -1522 -699 -603 -1242 -847 -432 -1522 240 -750 -53 -403 -309 -1713 -706 -1107 -643 676 595 30 -785 192 -181 2 -343 -512 625 48 205 -55 267 291 881 674 553 290 -71 228 481 1380 743 -508 385 73 -495 -97 1152 -975 -166 -201 1224 888 728 -518 -238 -1088 104 386 -676 -278 -832 -189 453 1140 477 690 1571 1287 156 -374 728 1002 687 -77 -973 -198 201 348 -222 15 -153 443 910 801 158 306 393 16 -119 215 247 39 -1228 23 -53 634 -951 -382 -1209 -1081 -1375 -877 -531 213 1420 943 1 -449
130 -1264 -707 -772 -1095 -64 -414 -443 -483 823 645 857 779 1081 503 1107 -348 214 -169 1615 841 1252 1388 1092 159 -926 -189 -525 -656 884 964 222 -1238 -807 -536 -764 -354 -159 -412 285 1366 1778 816 -463 -120 894 1252 755 201 171 83 71 272 -1310 153 1417 639 867 678 -235 -485 -868 946 432 589 -261 -489 -761 731 431 -1019 -882 -252 200 -180 -1002 -490 -307 1292 -191 1183 962 394 -384 -133 -1371 -1893 -1661 -877 -168 -322 37 767 87 984 1172 597 -140 268 -24 331 -673 -1261 -559 -95 908 980 637 -68 -454 -712 -494 -624 84 -335 128 -933 -674 -609 -175 -985 1250 732 1293 270 693 192 374 335 1132 69 885 521 -198 -422 -567 -36 -524 -1090 -876 -495 1606 302 -622 -1524 -1182 -536 501 740 64 -206 -1053 19 1477 543 79 -624 -1356 -1411 -1247 -257 -269 714 -240 56 -31 -49 470 -206 -686 -465 -149 -866 -1111 -601 -637 -1272 -771 146 -1264 -2597 -1528 -1345 -2057 -1171 -1976 -1803 -1498 -684 841 462 -245 -78 -759 -1045 616 679 530 1036 1969 -238 -794 48 -486 -838 -1028 -363 328 -1371 -1184 -72 2163 2014 -45 -846 -1415 -828 -1070 -852 -253 -547 111 -101 862 760 1004 397 1077 1410 1126 1030 826 964 83 -191 -900 -356 477 -1513 444 -349 610
-299 -1191 -1751 -1143 -616 -655 -279 260 550 -369 -439 -597 -833 314 472 622 61 657 -801 -797 -1050 307 -624 104 627 72 -484 -48 939 -655 -288 -1065 -623 -738 -310 -64 -65 -653 -2083 -2016 -1030 333 672 1763 580 -247 329 834 311 154 1607 1274 716 661 -1303 -1611 -1182 406 809 730 736 -409 -944 -198 59 43 316 96 1331 1491 2923 1799 129 -594 578 -185 516 -1262 100 -620 35 890 1322 1163 138 -45 1262 -569 -605 -539 -2 1355 682 -84 80 127 -109 -814 -663 -1349 -1303 -957 741 282 -230 736 998 1129 51 -565 -1405 -863 -714 16 -511 213 34 -34 -948 -1036 -1940 -118 -921 314 -124 2079 563 769 -275 917 -555 -1618 -1849 -579 268 -62 -429 -1825 -1088 -1369 38 1188 1555 1530 -737 -1190 -1569 -1292 -410 78 -482 -671 -643 -1214 -230 994 517 -169 310 -163 204 586 61 -189 -1076 198 247 854 549 -112 -898 -669 955 490 -518 -796 -1212 696 573 1828 823 124 -143 210 -360 -22 -100 -1205 -898 -394 321 981 75 -862 -1089 -157 123 310 -359 -424 1249 163 32 333 1248 1073 -680 -515 -306 1434 -215 268 724 634 856 241 685 -448 -1019 -584 -441 -324 -1536 -1415 -1852 -1412 -869 -1611 -1153 -390 692 1506 1150 313 -44 914 -512 -1282 -1259 -1098 -1192 1747
-1359 -1278 -607 -822 -663 -288 -457 -521 827 1175 958 630 -285 -473 -209 606 362 806 -503 316 -219 399 843 777 296 -38 -177 -293 363 1162 -703 -754 -816 -575 920 1180 658 840 -379 -465 -370 -617 982 -93 1394 2297 1711 1515 -46 -1526 -712 -598 -497 -827 -774 524 -107 319 156 -348 -568 735 1003 680 -675 -510 -119 221 476 -518 -919 -827 74 -241 -1491 -1211 432 93 -228 -55 -560 -1050 -834 -1472 -924 -2017 -2511 -495 -170 281 289 25 -624 112 963 921 1489 507 1348 531 -420 -1613 -1821 -1596 -712 246 780 70 -517 -860 -114 -978 -503 -425 -96 129 -1090 -871 -246 -77 -700 -650 -1116 -224 -554 -124 -468 160 -766 -150 -911 563 501 948 1688 1401 477 -366 47 1462 536 -676 -1003 -418 973 257 291 -250 566 36 1941 1255 1370 219 -26 -371 -734 -369 259 370 1464 -838 -386 3 37 437 -105 1247 -282 299 -623 -1574 -665 -930 416 -620 -573 -65 -510 22 -1900 -724 -1663 -1472 -812 -589 -474 -1243 -931 -297 275 278 268 1559 1018 764 -1118 -621 -922 304 -1062 374 1516 432 3 132 1722 1245 -100 451 -38 389 200 553 583 -837 -696 946 921 1296 -297 -718 -157 124 -6 618 464 1476 1003 -345 -242 -95 577 342 401 466 1014 2186 510 466 -289 -573
105 -133 1301 1184 428 -1154 -645 -649 -1398 -906 -1644 186 192 352 -881 -1153 474 120 479 -986 -160 96 -32 -965 -251 -1856 -572 -1746 -920 -1644 -913 -901 -652 -1256 -1097 -1412 -234 7 520 1041 1141 441 318 800 1026 97 244 -55 368 1217 980 -428 -351 -848 -1290 -398 319 552 -581 -534 -294 -281 -1253 463 1 -194 -521 -1223 151 969 -330 272 -280 -92 -231 -405 -592 1521 1666 1726 1393 916 -518 -293 -899 -659 -407 -1679 -3621 -2828 -1925 379 490 -270 -1591 -1143 -257 -219 -603 -1338 -882 33 720 -241 -923 -1431 -858 34 686 433 737 172 -261 -1187 -632 587 1046 490 -114 744 505 250 -2185 -1886 -479 1358 648 307 1060 1455 342 -760 -324 -282 304 -269 701 -157 -268 -542 -488 431 -917 -389 207 -913 389 163 316 323 77 106 809 342 -20 469 1425 2100 1978 607 -533 718 -84 -524 -342 211 -869 -482 -53 37 -416 -310 -790 47 -943 178 -592 957 -527 -318 414 1219 1507 381 36 -527 1820 2450 2844 1507 1085 623 -403 -679 -395 711 225 -527 267 183 506 625 505 1607 1614 569 -450 305 -94 -1428 -1530 -681 -453 -2032 -1383 -1353 -896 -1139 -223 596 -398 -372 -1480 -319 1199 151 -1088 -3068 -1760 -218 1136 17 714 417 763 -45 -592 -1123 -1618 -249 -227 -754
-395 -1267 127 397 784 -70 -220 -559 297 411 -295 432 182 666 746 429 850 1369 964 920 531 332 -146 644 992 878 439 -456 -866 -1615 -2000 -2047 -1014 -716 659 4 -378 -939 -674 -752 -582 243 422 1013 121 603 677 -751 238 -228 1097 278 807 8 340 19 521 -340 -304 -593 75 808 218 -483 -528 -63 643 2 -352 -156 1800 2289 571 106 -141 865 169 -1281 -1942 -907 -76 292 1160 -60 -74 127 882 1219 2064 866 140 -179 -293 -38 1501 -201 -856 -56 -180 -301 -1497 -7 559 564 816 959 317 -771 -47 -984 -157 -1075 83 22 -189 -1663 -1277 53 468 452 -450 307 -554 -1027 -1546 -1058 -443 -206 -213 -440 762 1225 425 2560 804 563 -819 66 1038 1065 -737 -767 -497 -589 642 61 205 -695 1286 50 968 -153 -485 -643 515 913 1230 1139 2350 993 -141 -752 654 809 -1206 -737 258 -189 -428 -374 1098 322 381 21 -411 -819 -918 -1039 -304 -10 398 -330 -626 -414 -673 -805 -1075 -1764 -1041 -1246 -1438 52 -183 348 -424 -405 -502 244 397 806 1517 1397 438 -877 -858 -396 -82 278 -105 153 558 227 1375 574 -366 302 -65 594 -64 261 362 143 -33 -572 -1712 -911 -289 340 -354 -442 629 48 231 -102 739 1442 1070 87 270 -6 -406 1033
3 926 529 256 1102 958 1317 1057 -58 494 -453 779 658 1486 1546 1743 501 -554 -796 -406 329 -153 -1156 -919 -434 -1243 355 -374 -649 -842 -357 531 559 -712 -905 111 -606 777 401 1023 -278 -518 -1469 144 601 514 -799 277 -242 -269 -167 608 331 121 399 -474 -603 -885 -224 343 615 1352 837 1555 1838 1158 738 -587 122 -646 -1184 -730 513 -940 -105 -354 708 1286 1172 834 668 90 -371 -777 -133 -829 916 241 -1143 50 -682 117 -910 -562 488 761 2357 -710 -1620 -1452 -374 -522 853 -66 -597 -306 -122 556 -314 594 -195 -480 -918 -598 355 431 736 -765 -696 -247 847 1416 1738 2065 1274 1036 477 -10 447 467 1083 1880 922 -612 -820 -131 449 -55 -532 -1144 -94 -529 1093 -547 655 49 -184 567 870 798 83 -979 -1462 -144 -1272 302 -177 561 -120 120 749 -295 -782 -878 304 -120 -424 -627 -925 -961 -1317 645 704 829 749 748 268 1130 886 1048 1245 1865 1450 167 -159 146 1160 644 -17 -1295 -221 -417 270 181 -809 -1094 -1001 -1708 -562 225 165 111 -303 -433 -245 -227 -339 -277 -709 -170 1459 524 -573 -1942 -1070 -10 996 2033 725 445 -458 314 368 -391 960 -452 -340 -818 576 -877 -896 -1196 -758 -840 -711 -1120 -372 558 794 6 2033 197
-96 18 -163 -638 -1297 -1220 -658 -835 -931 -1625 -647 -157 23 -888 -996 -589 -431 396 -514 -343 -1176 83 738 1249 808 -153 -2459 -1674 -299 -57 208 -699 163 506 1420 1018 605 -642 -1513 -891 228 1169 425 -556 -977 -1408 -344 -1340 -227 186 -1421 -1757 210 633 112 149 -1237 -716 435 953 948 723 1168 175 1424 -435 459 -632 198 703 728 -321 -1081 749 1116 768 386 1220 1937 1013 249 -335 282 -12 1953 716 1601 492 830 1045 444 1447 1200 -166 423 -647 700 994 705 -600 -166 143 247 -318 1137 -121 272 133 482 424 417 895 566 820 70 -596 -636 1399 1559 815 1096 420 20 -191 -54 773 49 -317 371 -746 -516 -756 -1656 -1490 -1235 -780 654 555 553 360 261 -828 -1292 -1356 -863 376 1375 1356 587 412 456 -947 30 254 463 -439 -802 -1020 -597 -1791 204 1079 892 127 -67 283 905 810 1553 1703 1954 803 155 492 -1049 -1736 -445 -655 232 -767 -1126 -938 -1551 467 167 125 1080 887 837 -59 -9 -530 -150 1435 988 1208 -1141 -334 -893 -745 -381 -756 -74 -1038 142 -511 587 -39 1035 -237 639 -99 -292 -778 -960 -343 226 304 1334 62 537 -449 -81 860 786 1726 2053 1033 758 301 1065 271 147 -124 -183 220 -191 -621 356 799 -87 254
