#-----------------------------------------------------------
# Vivado v2023.2 (64-bit)
# SW Build 4029153 on Fri Oct 13 20:13:54 MDT 2023
# IP Build 4028589 on Sat Oct 14 00:45:43 MDT 2023
# SharedData Build 4025554 on Tue Oct 10 17:18:54 MDT 2023
# Start of session at: Thu Oct  1 23:43:26 2026
# Process ID: 2427375
# Current directory: /sim/tarsio/fastconv-ifn9m18-nbits16-ab5dee07
# Command line: vivado -mode batch -notrace -log /sim/tarsio/reports-ifn9m18-nbits16-ab5dee07/ifn9_m18_16/vivado.log -journal /sim/tarsio/reports-ifn9m18-nbits16-ab5dee07/ifn9_m18_16/vivado.jou -source /sim/tarsio/fastconv-ifn9m18-nbits16-ab5dee07/rtl/stream-column/fpga_zcu104/multicore/synth_replicas.tcl -tclargs /sim/tarsio/fastconv-ifn9m18-nbits16-ab5dee07 /sim/tarsio/reports-ifn9m18-nbits16-ab5dee07/ifn9_m18_16 ifn9_m18 16 /sim/tarsio/fastconv-ifn9m18-nbits16-ab5dee07/rtl/stream-column/fpga_zcu104/constraints/zcu104_317mhz.xdc
# Log file: /sim/tarsio/reports-ifn9m18-nbits16-ab5dee07/ifn9_m18_16/vivado.log
# Journal file: /sim/tarsio/reports-ifn9m18-nbits16-ab5dee07/ifn9_m18_16/vivado.jou
# Running On: paxos.inf.pucrs.br, OS: Linux, CPU Frequency: 3100.000 MHz, CPU Physical cores: 14, Host memory: 134319 MB
#-----------------------------------------------------------
source /sim/tarsio/fastconv-ifn9m18-nbits16-ab5dee07/rtl/stream-column/fpga_zcu104/multicore/synth_replicas.tcl -notrace
read_verilog: Time (s): cpu = 00:00:05 ; elapsed = 00:00:05 . Memory (MB): peak = 1362.078 ; gain = 2.016 ; free physical = 17266 ; free virtual = 103815
Command: synth_design -mode out_of_context -top IFN9M18ReplicaTop -part xczu7ev-ffvc1156-2-e -generic {N_CORES=16 NADDR=12 NBITS=16}
Starting synth_design
Attempting to get a license for feature 'Synthesis' and/or device 'xczu7ev'
INFO: [Common 17-349] Got license for feature 'Synthesis' and/or device 'xczu7ev'
INFO: [Device 21-403] Loading part xczu7ev-ffvc1156-2-e
INFO: [Synth 8-7079] Multithreading enabled for synth_design using a maximum of 4 processes.
INFO: [Synth 8-7078] Launching helper process for spawning children vivado processes
INFO: [Synth 8-7075] Helper process launched with PID 2427441
---------------------------------------------------------------------------------
Starting RTL Elaboration : Time (s): cpu = 00:00:03 ; elapsed = 00:00:03 . Memory (MB): peak = 2706.465 ; gain = 291.699 ; free physical = 15671 ; free virtual = 102221
---------------------------------------------------------------------------------
INFO: [Synth 8-6157] synthesizing module 'IFN9M18ReplicaTop' [/sim/tarsio/fastconv-ifn9m18-nbits16-ab5dee07/rtl/stream-column/fpga_zcu104/multicore/ifn9_m18_replica_top.sv:6]
	Parameter N_CORES bound to: 32'b00000000000000000000000000010000 
	Parameter NADDR bound to: 32'b00000000000000000000000000001100 
	Parameter NBITS bound to: 32'b00000000000000000000000000010000 
INFO: [Synth 8-6157] synthesizing module 'Conv' [/sim/tarsio/fastconv-ifn9m18-nbits16-ab5dee07/rtl/conv3x3/conv-ifn9-i40-h15-t12-o9-m18-stream12-prefetch15-rowconst6-trunc-column.sv:12]
	Parameter NADDR bound to: 32'b00000000000000000000000000001100 
	Parameter NBITS bound to: 32'b00000000000000000000000000010000 
	Parameter NUM_MULT bound to: 32'b00000000000000000000000000010010 
INFO: [Synth 8-6157] synthesizing module 'WeightTransformRowConst' [/sim/tarsio/fastconv-ifn9m18-nbits16-ab5dee07/rtl/conv3x3/conv-ifn9-i40-h15-t12-o9-m18-stream12-prefetch15-rowconst6-trunc-column.sv:1020]
	Parameter NBITS bound to: 32'sb00000000000000000000000000010000 
	Parameter ROW_INDEX bound to: 32'sb00000000000000000000000000000000 
INFO: [Synth 8-6155] done synthesizing module 'WeightTransformRowConst' (0#1) [/sim/tarsio/fastconv-ifn9m18-nbits16-ab5dee07/rtl/conv3x3/conv-ifn9-i40-h15-t12-o9-m18-stream12-prefetch15-rowconst6-trunc-column.sv:1020]
INFO: [Synth 8-6157] synthesizing module 'WeightTransformRowConst__parameterized0' [/sim/tarsio/fastconv-ifn9m18-nbits16-ab5dee07/rtl/conv3x3/conv-ifn9-i40-h15-t12-o9-m18-stream12-prefetch15-rowconst6-trunc-column.sv:1020]
	Parameter NBITS bound to: 32'sb00000000000000000000000000010000 
	Parameter ROW_INDEX bound to: 32'sb00000000000000000000000000000001 
INFO: [Synth 8-6155] done synthesizing module 'WeightTransformRowConst__parameterized0' (0#1) [/sim/tarsio/fastconv-ifn9m18-nbits16-ab5dee07/rtl/conv3x3/conv-ifn9-i40-h15-t12-o9-m18-stream12-prefetch15-rowconst6-trunc-column.sv:1020]
INFO: [Synth 8-6157] synthesizing module 'WeightTransformRowConst__parameterized1' [/sim/tarsio/fastconv-ifn9m18-nbits16-ab5dee07/rtl/conv3x3/conv-ifn9-i40-h15-t12-o9-m18-stream12-prefetch15-rowconst6-trunc-column.sv:1020]
	Parameter NBITS bound to: 32'sb00000000000000000000000000010000 
	Parameter ROW_INDEX bound to: 32'sb00000000000000000000000000000010 
INFO: [Synth 8-6155] done synthesizing module 'WeightTransformRowConst__parameterized1' (0#1) [/sim/tarsio/fastconv-ifn9m18-nbits16-ab5dee07/rtl/conv3x3/conv-ifn9-i40-h15-t12-o9-m18-stream12-prefetch15-rowconst6-trunc-column.sv:1020]
INFO: [Synth 8-6157] synthesizing module 'WeightTransformRowConst__parameterized2' [/sim/tarsio/fastconv-ifn9m18-nbits16-ab5dee07/rtl/conv3x3/conv-ifn9-i40-h15-t12-o9-m18-stream12-prefetch15-rowconst6-trunc-column.sv:1020]
	Parameter NBITS bound to: 32'sb00000000000000000000000000010000 
	Parameter ROW_INDEX bound to: 32'sb00000000000000000000000000000011 
INFO: [Synth 8-6155] done synthesizing module 'WeightTransformRowConst__parameterized2' (0#1) [/sim/tarsio/fastconv-ifn9m18-nbits16-ab5dee07/rtl/conv3x3/conv-ifn9-i40-h15-t12-o9-m18-stream12-prefetch15-rowconst6-trunc-column.sv:1020]
INFO: [Synth 8-6157] synthesizing module 'WeightTransformRowConst__parameterized3' [/sim/tarsio/fastconv-ifn9m18-nbits16-ab5dee07/rtl/conv3x3/conv-ifn9-i40-h15-t12-o9-m18-stream12-prefetch15-rowconst6-trunc-column.sv:1020]
	Parameter NBITS bound to: 32'sb00000000000000000000000000010000 
	Parameter ROW_INDEX bound to: 32'sb00000000000000000000000000000100 
INFO: [Synth 8-6155] done synthesizing module 'WeightTransformRowConst__parameterized3' (0#1) [/sim/tarsio/fastconv-ifn9m18-nbits16-ab5dee07/rtl/conv3x3/conv-ifn9-i40-h15-t12-o9-m18-stream12-prefetch15-rowconst6-trunc-column.sv:1020]
INFO: [Synth 8-6157] synthesizing module 'WeightTransformRowConst__parameterized4' [/sim/tarsio/fastconv-ifn9m18-nbits16-ab5dee07/rtl/conv3x3/conv-ifn9-i40-h15-t12-o9-m18-stream12-prefetch15-rowconst6-trunc-column.sv:1020]
	Parameter NBITS bound to: 32'sb00000000000000000000000000010000 
	Parameter ROW_INDEX bound to: 32'sb00000000000000000000000000000101 
INFO: [Synth 8-6155] done synthesizing module 'WeightTransformRowConst__parameterized4' (0#1) [/sim/tarsio/fastconv-ifn9m18-nbits16-ab5dee07/rtl/conv3x3/conv-ifn9-i40-h15-t12-o9-m18-stream12-prefetch15-rowconst6-trunc-column.sv:1020]
INFO: [Synth 8-6157] synthesizing module 'Multip' [/sim/tarsio/fastconv-ifn9m18-nbits16-ab5dee07/rtl/multip/multip.sv:1]
	Parameter QUANT bound to: 32'sb00000000000000000000000000001000 
	Parameter NBITS bound to: 32'sb00000000000000000000000000010000 
INFO: [Synth 8-6155] done synthesizing module 'Multip' (0#1) [/sim/tarsio/fastconv-ifn9m18-nbits16-ab5dee07/rtl/multip/multip.sv:1]
INFO: [Synth 8-6157] synthesizing module 'InverseRow' [/sim/tarsio/fastconv-ifn9m18-nbits16-ab5dee07/rtl/conv3x3/conv-ifn9-i40-h15-t12-o9-m18-stream12-prefetch15-rowconst6-trunc-column.sv:1126]
	Parameter NBITS bound to: 32'sb00000000000000000000000000010000 
INFO: [Synth 8-6155] done synthesizing module 'InverseRow' (0#1) [/sim/tarsio/fastconv-ifn9m18-nbits16-ab5dee07/rtl/conv3x3/conv-ifn9-i40-h15-t12-o9-m18-stream12-prefetch15-rowconst6-trunc-column.sv:1126]
INFO: [Synth 8-293] found qualifier priority on case statement: implementing as full_case [/sim/tarsio/fastconv-ifn9m18-nbits16-ab5dee07/rtl/conv3x3/conv-ifn9-i40-h15-t12-o9-m18-stream12-prefetch15-rowconst6-trunc-column.sv:330]
INFO: [Synth 8-293] found qualifier priority on case statement: implementing as full_case [/sim/tarsio/fastconv-ifn9m18-nbits16-ab5dee07/rtl/conv3x3/conv-ifn9-i40-h15-t12-o9-m18-stream12-prefetch15-rowconst6-trunc-column.sv:627]
INFO: [Synth 8-294] found qualifier unique on case statement: implementing as parallel_case [/sim/tarsio/fastconv-ifn9m18-nbits16-ab5dee07/rtl/conv3x3/conv-ifn9-i40-h15-t12-o9-m18-stream12-prefetch15-rowconst6-trunc-column.sv:692]
INFO: [Synth 8-6157] synthesizing module 'Transform' [/sim/tarsio/fastconv-ifn9m18-nbits16-ab5dee07/rtl/conv3x3/mult-matrices/ifn9/mult_matrices.sv:1]
	Parameter NBITS bound to: 32'sb00000000000000000000000000010000 
	Parameter CONV_OUTPUT_SIZE bound to: 32'sb00000000000000000000000000000011 
	Parameter CONV_INPUT_SIZE bound to: 32'sb00000000000000000000000000000101 
	Parameter HADAMARD_SIZE bound to: 32'sb00000000000000000000000000000110 
INFO: [Synth 8-6157] synthesizing module 'MatrixC0' [/sim/tarsio/fastconv-ifn9m18-nbits16-ab5dee07/rtl/conv3x3/mult-matrices/ifn9/mult_matrices.sv:69]
	Parameter NBITS bound to: 32'sb00000000000000000000000000010000 
	Parameter CONV_INPUT_SIZE bound to: 32'sb00000000000000000000000000000101 
	Parameter HADAMARD_SIZE bound to: 32'sb00000000000000000000000000000110 
INFO: [Synth 8-6155] done synthesizing module 'MatrixC0' (0#1) [/sim/tarsio/fastconv-ifn9m18-nbits16-ab5dee07/rtl/conv3x3/mult-matrices/ifn9/mult_matrices.sv:69]
INFO: [Synth 8-6157] synthesizing module 'MatrixC1' [/sim/tarsio/fastconv-ifn9m18-nbits16-ab5dee07/rtl/conv3x3/mult-matrices/ifn9/mult_matrices.sv:113]
	Parameter NBITS bound to: 32'sb00000000000000000000000000010000 
	Parameter CONV_INPUT_SIZE bound to: 32'sb00000000000000000000000000000101 
	Parameter HADAMARD_SIZE bound to: 32'sb00000000000000000000000000000110 
INFO: [Synth 8-6155] done synthesizing module 'MatrixC1' (0#1) [/sim/tarsio/fastconv-ifn9m18-nbits16-ab5dee07/rtl/conv3x3/mult-matrices/ifn9/mult_matrices.sv:113]
INFO: [Synth 8-6155] done synthesizing module 'Transform' (0#1) [/sim/tarsio/fastconv-ifn9m18-nbits16-ab5dee07/rtl/conv3x3/mult-matrices/ifn9/mult_matrices.sv:1]
INFO: [Synth 8-6157] synthesizing module 'InverseRowAccumulate' [/sim/tarsio/fastconv-ifn9m18-nbits16-ab5dee07/rtl/conv3x3/conv-ifn9-i40-h15-t12-o9-m18-stream12-prefetch15-rowconst6-trunc-column.sv:1142]
	Parameter NBITS bound to: 32'sb00000000000000000000000000010000 
	Parameter ROWS_PER_CYCLE bound to: 32'sb00000000000000000000000000000011 
INFO: [Synth 8-6155] done synthesizing module 'InverseRowAccumulate' (0#1) [/sim/tarsio/fastconv-ifn9m18-nbits16-ab5dee07/rtl/conv3x3/conv-ifn9-i40-h15-t12-o9-m18-stream12-prefetch15-rowconst6-trunc-column.sv:1142]
INFO: [Synth 8-293] found qualifier priority on case statement: implementing as full_case [/sim/tarsio/fastconv-ifn9m18-nbits16-ab5dee07/rtl/conv3x3/conv-ifn9-i40-h15-t12-o9-m18-stream12-prefetch15-rowconst6-trunc-column.sv:813]
INFO: [Synth 8-6155] done synthesizing module 'Conv' (0#1) [/sim/tarsio/fastconv-ifn9m18-nbits16-ab5dee07/rtl/conv3x3/conv-ifn9-i40-h15-t12-o9-m18-stream12-prefetch15-rowconst6-trunc-column.sv:12]
INFO: [Synth 8-6155] done synthesizing module 'IFN9M18ReplicaTop' (0#1) [/sim/tarsio/fastconv-ifn9m18-nbits16-ab5dee07/rtl/stream-column/fpga_zcu104/multicore/ifn9_m18_replica_top.sv:6]
WARNING: [Synth 8-7129] Port pin[2][15] in module WeightTransformRowConst__parameterized4 is either unconnected or has no load
WARNING: [Synth 8-7129] Port pin[2][14] in module WeightTransformRowConst__parameterized4 is either unconnected or has no load
WARNING: [Synth 8-7129] Port pin[2][13] in module WeightTransformRowConst__parameterized4 is either unconnected or has no load
WARNING: [Synth 8-7129] Port pin[2][12] in module WeightTransformRowConst__parameterized4 is either unconnected or has no load
WARNING: [Synth 8-7129] Port pin[2][11] in module WeightTransformRowConst__parameterized4 is either unconnected or has no load
WARNING: [Synth 8-7129] Port pin[2][10] in module WeightTransformRowConst__parameterized4 is either unconnected or has no load
WARNING: [Synth 8-7129] Port pin[2][9] in module WeightTransformRowConst__parameterized4 is either unconnected or has no load
WARNING: [Synth 8-7129] Port pin[2][8] in module WeightTransformRowConst__parameterized4 is either unconnected or has no load
WARNING: [Synth 8-7129] Port pin[2][7] in module WeightTransformRowConst__parameterized4 is either unconnected or has no load
WARNING: [Synth 8-7129] Port pin[2][6] in module WeightTransformRowConst__parameterized4 is either unconnected or has no load
WARNING: [Synth 8-7129] Port pin[2][5] in module WeightTransformRowConst__parameterized4 is either unconnected or has no load
WARNING: [Synth 8-7129] Port pin[2][4] in module WeightTransformRowConst__parameterized4 is either unconnected or has no load
WARNING: [Synth 8-7129] Port pin[2][3] in module WeightTransformRowConst__parameterized4 is either unconnected or has no load
WARNING: [Synth 8-7129] Port pin[2][2] in module WeightTransformRowConst__parameterized4 is either unconnected or has no load
WARNING: [Synth 8-7129] Port pin[2][1] in module WeightTransformRowConst__parameterized4 is either unconnected or has no load
WARNING: [Synth 8-7129] Port pin[2][0] in module WeightTransformRowConst__parameterized4 is either unconnected or has no load
WARNING: [Synth 8-7129] Port pin[1][15] in module WeightTransformRowConst__parameterized4 is either unconnected or has no load
WARNING: [Synth 8-7129] Port pin[1][14] in module WeightTransformRowConst__parameterized4 is either unconnected or has no load
WARNING: [Synth 8-7129] Port pin[1][13] in module WeightTransformRowConst__parameterized4 is either unconnected or has no load
WARNING: [Synth 8-7129] Port pin[1][12] in module WeightTransformRowConst__parameterized4 is either unconnected or has no load
WARNING: [Synth 8-7129] Port pin[1][11] in module WeightTransformRowConst__parameterized4 is either unconnected or has no load
WARNING: [Synth 8-7129] Port pin[1][10] in module WeightTransformRowConst__parameterized4 is either unconnected or has no load
WARNING: [Synth 8-7129] Port pin[1][9] in module WeightTransformRowConst__parameterized4 is either unconnected or has no load
WARNING: [Synth 8-7129] Port pin[1][8] in module WeightTransformRowConst__parameterized4 is either unconnected or has no load
WARNING: [Synth 8-7129] Port pin[1][7] in module WeightTransformRowConst__parameterized4 is either unconnected or has no load
WARNING: [Synth 8-7129] Port pin[1][6] in module WeightTransformRowConst__parameterized4 is either unconnected or has no load
WARNING: [Synth 8-7129] Port pin[1][5] in module WeightTransformRowConst__parameterized4 is either unconnected or has no load
WARNING: [Synth 8-7129] Port pin[1][4] in module WeightTransformRowConst__parameterized4 is either unconnected or has no load
WARNING: [Synth 8-7129] Port pin[1][3] in module WeightTransformRowConst__parameterized4 is either unconnected or has no load
WARNING: [Synth 8-7129] Port pin[1][2] in module WeightTransformRowConst__parameterized4 is either unconnected or has no load
WARNING: [Synth 8-7129] Port pin[1][1] in module WeightTransformRowConst__parameterized4 is either unconnected or has no load
WARNING: [Synth 8-7129] Port pin[1][0] in module WeightTransformRowConst__parameterized4 is either unconnected or has no load
WARNING: [Synth 8-7129] Port pin[0][15] in module WeightTransformRowConst__parameterized4 is either unconnected or has no load
WARNING: [Synth 8-7129] Port pin[0][14] in module WeightTransformRowConst__parameterized4 is either unconnected or has no load
WARNING: [Synth 8-7129] Port pin[0][13] in module WeightTransformRowConst__parameterized4 is either unconnected or has no load
WARNING: [Synth 8-7129] Port pin[0][12] in module WeightTransformRowConst__parameterized4 is either unconnected or has no load
WARNING: [Synth 8-7129] Port pin[0][11] in module WeightTransformRowConst__parameterized4 is either unconnected or has no load
WARNING: [Synth 8-7129] Port pin[0][10] in module WeightTransformRowConst__parameterized4 is either unconnected or has no load
WARNING: [Synth 8-7129] Port pin[0][9] in module WeightTransformRowConst__parameterized4 is either unconnected or has no load
WARNING: [Synth 8-7129] Port pin[0][8] in module WeightTransformRowConst__parameterized4 is either unconnected or has no load
WARNING: [Synth 8-7129] Port pin[0][7] in module WeightTransformRowConst__parameterized4 is either unconnected or has no load
WARNING: [Synth 8-7129] Port pin[0][6] in module WeightTransformRowConst__parameterized4 is either unconnected or has no load
WARNING: [Synth 8-7129] Port pin[0][5] in module WeightTransformRowConst__parameterized4 is either unconnected or has no load
WARNING: [Synth 8-7129] Port pin[0][4] in module WeightTransformRowConst__parameterized4 is either unconnected or has no load
WARNING: [Synth 8-7129] Port pin[0][3] in module WeightTransformRowConst__parameterized4 is either unconnected or has no load
WARNING: [Synth 8-7129] Port pin[0][2] in module WeightTransformRowConst__parameterized4 is either unconnected or has no load
WARNING: [Synth 8-7129] Port pin[0][1] in module WeightTransformRowConst__parameterized4 is either unconnected or has no load
WARNING: [Synth 8-7129] Port pin[0][0] in module WeightTransformRowConst__parameterized4 is either unconnected or has no load
WARNING: [Synth 8-7129] Port pin[5][15] in module WeightTransformRowConst__parameterized3 is either unconnected or has no load
WARNING: [Synth 8-7129] Port pin[5][14] in module WeightTransformRowConst__parameterized3 is either unconnected or has no load
WARNING: [Synth 8-7129] Port pin[5][13] in module WeightTransformRowConst__parameterized3 is either unconnected or has no load
WARNING: [Synth 8-7129] Port pin[5][12] in module WeightTransformRowConst__parameterized3 is either unconnected or has no load
WARNING: [Synth 8-7129] Port pin[5][11] in module WeightTransformRowConst__parameterized3 is either unconnected or has no load
WARNING: [Synth 8-7129] Port pin[5][10] in module WeightTransformRowConst__parameterized3 is either unconnected or has no load
WARNING: [Synth 8-7129] Port pin[5][9] in module WeightTransformRowConst__parameterized3 is either unconnected or has no load
WARNING: [Synth 8-7129] Port pin[5][8] in module WeightTransformRowConst__parameterized3 is either unconnected or has no load
WARNING: [Synth 8-7129] Port pin[5][7] in module WeightTransformRowConst__parameterized3 is either unconnected or has no load
WARNING: [Synth 8-7129] Port pin[5][6] in module WeightTransformRowConst__parameterized3 is either unconnected or has no load
WARNING: [Synth 8-7129] Port pin[5][5] in module WeightTransformRowConst__parameterized3 is either unconnected or has no load
WARNING: [Synth 8-7129] Port pin[5][4] in module WeightTransformRowConst__parameterized3 is either unconnected or has no load
WARNING: [Synth 8-7129] Port pin[5][3] in module WeightTransformRowConst__parameterized3 is either unconnected or has no load
WARNING: [Synth 8-7129] Port pin[5][2] in module WeightTransformRowConst__parameterized3 is either unconnected or has no load
WARNING: [Synth 8-7129] Port pin[5][1] in module WeightTransformRowConst__parameterized3 is either unconnected or has no load
WARNING: [Synth 8-7129] Port pin[5][0] in module WeightTransformRowConst__parameterized3 is either unconnected or has no load
WARNING: [Synth 8-7129] Port pin[4][15] in module WeightTransformRowConst__parameterized3 is either unconnected or has no load
WARNING: [Synth 8-7129] Port pin[4][14] in module WeightTransformRowConst__parameterized3 is either unconnected or has no load
WARNING: [Synth 8-7129] Port pin[4][13] in module WeightTransformRowConst__parameterized3 is either unconnected or has no load
WARNING: [Synth 8-7129] Port pin[4][12] in module WeightTransformRowConst__parameterized3 is either unconnected or has no load
WARNING: [Synth 8-7129] Port pin[4][11] in module WeightTransformRowConst__parameterized3 is either unconnected or has no load
WARNING: [Synth 8-7129] Port pin[4][10] in module WeightTransformRowConst__parameterized3 is either unconnected or has no load
WARNING: [Synth 8-7129] Port pin[4][9] in module WeightTransformRowConst__parameterized3 is either unconnected or has no load
WARNING: [Synth 8-7129] Port pin[4][8] in module WeightTransformRowConst__parameterized3 is either unconnected or has no load
WARNING: [Synth 8-7129] Port pin[4][7] in module WeightTransformRowConst__parameterized3 is either unconnected or has no load
WARNING: [Synth 8-7129] Port pin[4][6] in module WeightTransformRowConst__parameterized3 is either unconnected or has no load
WARNING: [Synth 8-7129] Port pin[4][5] in module WeightTransformRowConst__parameterized3 is either unconnected or has no load
WARNING: [Synth 8-7129] Port pin[4][4] in module WeightTransformRowConst__parameterized3 is either unconnected or has no load
WARNING: [Synth 8-7129] Port pin[4][3] in module WeightTransformRowConst__parameterized3 is either unconnected or has no load
WARNING: [Synth 8-7129] Port pin[4][2] in module WeightTransformRowConst__parameterized3 is either unconnected or has no load
WARNING: [Synth 8-7129] Port pin[4][1] in module WeightTransformRowConst__parameterized3 is either unconnected or has no load
WARNING: [Synth 8-7129] Port pin[4][0] in module WeightTransformRowConst__parameterized3 is either unconnected or has no load
WARNING: [Synth 8-7129] Port pin[3][15] in module WeightTransformRowConst__parameterized3 is either unconnected or has no load
WARNING: [Synth 8-7129] Port pin[3][14] in module WeightTransformRowConst__parameterized3 is either unconnected or has no load
WARNING: [Synth 8-7129] Port pin[3][13] in module WeightTransformRowConst__parameterized3 is either unconnected or has no load
WARNING: [Synth 8-7129] Port pin[3][12] in module WeightTransformRowConst__parameterized3 is either unconnected or has no load
WARNING: [Synth 8-7129] Port pin[3][11] in module WeightTransformRowConst__parameterized3 is either unconnected or has no load
WARNING: [Synth 8-7129] Port pin[3][10] in module WeightTransformRowConst__parameterized3 is either unconnected or has no load
WARNING: [Synth 8-7129] Port pin[3][9] in module WeightTransformRowConst__parameterized3 is either unconnected or has no load
WARNING: [Synth 8-7129] Port pin[3][8] in module WeightTransformRowConst__parameterized3 is either unconnected or has no load
WARNING: [Synth 8-7129] Port pin[3][7] in module WeightTransformRowConst__parameterized3 is either unconnected or has no load
WARNING: [Synth 8-7129] Port pin[3][6] in module WeightTransformRowConst__parameterized3 is either unconnected or has no load
WARNING: [Synth 8-7129] Port pin[3][5] in module WeightTransformRowConst__parameterized3 is either unconnected or has no load
WARNING: [Synth 8-7129] Port pin[3][4] in module WeightTransformRowConst__parameterized3 is either unconnected or has no load
WARNING: [Synth 8-7129] Port pin[3][3] in module WeightTransformRowConst__parameterized3 is either unconnected or has no load
WARNING: [Synth 8-7129] Port pin[3][2] in module WeightTransformRowConst__parameterized3 is either unconnected or has no load
WARNING: [Synth 8-7129] Port pin[3][1] in module WeightTransformRowConst__parameterized3 is either unconnected or has no load
WARNING: [Synth 8-7129] Port pin[3][0] in module WeightTransformRowConst__parameterized3 is either unconnected or has no load
WARNING: [Synth 8-7129] Port pin[8][15] in module WeightTransformRowConst__parameterized2 is either unconnected or has no load
WARNING: [Synth 8-7129] Port pin[8][14] in module WeightTransformRowConst__parameterized2 is either unconnected or has no load
WARNING: [Synth 8-7129] Port pin[8][13] in module WeightTransformRowConst__parameterized2 is either unconnected or has no load
WARNING: [Synth 8-7129] Port pin[8][12] in module WeightTransformRowConst__parameterized2 is either unconnected or has no load
INFO: [Common 17-14] Message 'Synth 8-7129' appears 100 times and further instances of the messages will be disabled. Use the Tcl command set_msg_config to change the current settings.
---------------------------------------------------------------------------------
Finished RTL Elaboration : Time (s): cpu = 00:00:05 ; elapsed = 00:00:05 . Memory (MB): peak = 2810.434 ; gain = 395.668 ; free physical = 15547 ; free virtual = 102097
---------------------------------------------------------------------------------
---------------------------------------------------------------------------------
Start Handling Custom Attributes
---------------------------------------------------------------------------------
---------------------------------------------------------------------------------
Finished Handling Custom Attributes : Time (s): cpu = 00:00:05 ; elapsed = 00:00:05 . Memory (MB): peak = 2816.371 ; gain = 401.605 ; free physical = 15546 ; free virtual = 102095
---------------------------------------------------------------------------------
---------------------------------------------------------------------------------
Finished RTL Optimization Phase 1 : Time (s): cpu = 00:00:05 ; elapsed = 00:00:05 . Memory (MB): peak = 2816.371 ; gain = 401.605 ; free physical = 15546 ; free virtual = 102095
---------------------------------------------------------------------------------
Netlist sorting complete. Time (s): cpu = 00:00:00.73 ; elapsed = 00:00:00.73 . Memory (MB): peak = 2816.371 ; gain = 0.000 ; free physical = 15544 ; free virtual = 102094
INFO: [Project 1-570] Preparing netlist for logic optimization

Processing XDC Constraints
Initializing timing engine
Parsing XDC File [/sim/tarsio/fastconv-ifn9m18-nbits16-ab5dee07/rtl/stream-column/fpga_zcu104/constraints/zcu104_317mhz.xdc]
WARNING: [Vivado 12-2489] -period contains time 3.154574 which will be rounded to 3.155 to ensure it is an integer multiple of 1 picosecond [/sim/tarsio/fastconv-ifn9m18-nbits16-ab5dee07/rtl/stream-column/fpga_zcu104/constraints/zcu104_317mhz.xdc:1]
Finished Parsing XDC File [/sim/tarsio/fastconv-ifn9m18-nbits16-ab5dee07/rtl/stream-column/fpga_zcu104/constraints/zcu104_317mhz.xdc]
Completed Processing XDC Constraints

Netlist sorting complete. Time (s): cpu = 00:00:00.01 ; elapsed = 00:00:00 . Memory (MB): peak = 3080.777 ; gain = 0.000 ; free physical = 15416 ; free virtual = 101966
INFO: [Project 1-111] Unisim Transformation Summary:
No Unisim elements were transformed.

Constraint Validation Runtime : Time (s): cpu = 00:00:01 ; elapsed = 00:00:00.37 . Memory (MB): peak = 3080.812 ; gain = 0.000 ; free physical = 15409 ; free virtual = 101959
---------------------------------------------------------------------------------
Finished Constraint Validation : Time (s): cpu = 00:00:23 ; elapsed = 00:00:19 . Memory (MB): peak = 3080.812 ; gain = 666.047 ; free physical = 15407 ; free virtual = 101957
---------------------------------------------------------------------------------
---------------------------------------------------------------------------------
Start Loading Part and Timing Information
---------------------------------------------------------------------------------
Loading part: xczu7ev-ffvc1156-2-e
INFO: [Synth 8-6742] Reading net delay rules and data
---------------------------------------------------------------------------------
Finished Loading Part and Timing Information : Time (s): cpu = 00:00:23 ; elapsed = 00:00:19 . Memory (MB): peak = 3080.812 ; gain = 666.047 ; free physical = 15407 ; free virtual = 101957
---------------------------------------------------------------------------------
---------------------------------------------------------------------------------
Start Applying 'set_property' XDC Constraints
---------------------------------------------------------------------------------
---------------------------------------------------------------------------------
Finished applying 'set_property' XDC Constraints : Time (s): cpu = 00:00:23 ; elapsed = 00:00:19 . Memory (MB): peak = 3080.812 ; gain = 666.047 ; free physical = 15407 ; free virtual = 101957
---------------------------------------------------------------------------------
---------------------------------------------------------------------------------
Finished RTL Optimization Phase 2 : Time (s): cpu = 00:00:24 ; elapsed = 00:00:20 . Memory (MB): peak = 3080.812 ; gain = 666.047 ; free physical = 15400 ; free virtual = 101950
---------------------------------------------------------------------------------
---------------------------------------------------------------------------------
Start RTL Component Statistics 
---------------------------------------------------------------------------------
Detailed RTL Component Info : 
+---Adders : 
	   2 Input   16 Bit       Adders := 336   
	   4 Input   16 Bit       Adders := 816   
	   3 Input   16 Bit       Adders := 144   
	   2 Input   12 Bit       Adders := 112   
	   4 Input   12 Bit       Adders := 16    
	   2 Input   10 Bit       Adders := 16    
	   2 Input    7 Bit       Adders := 80    
	   2 Input    6 Bit       Adders := 16    
	   2 Input    5 Bit       Adders := 16    
	   2 Input    4 Bit       Adders := 48    
	   2 Input    3 Bit       Adders := 32    
	   2 Input    2 Bit       Adders := 128   
+---Registers : 
	               16 Bit    Registers := 1936  
	               12 Bit    Registers := 96    
	               10 Bit    Registers := 16    
	                7 Bit    Registers := 80    
	                6 Bit    Registers := 16    
	                5 Bit    Registers := 16    
	                4 Bit    Registers := 64    
	                3 Bit    Registers := 48    
	                2 Bit    Registers := 128   
	                1 Bit    Registers := 112   
+---Muxes : 
	   2 Input   25 Bit        Muxes := 32    
	   2 Input   16 Bit        Muxes := 3184  
	   7 Input   16 Bit        Muxes := 144   
	   6 Input   16 Bit        Muxes := 144   
	   4 Input   16 Bit        Muxes := 864   
	   3 Input   16 Bit        Muxes := 576   
	   2 Input   12 Bit        Muxes := 208   
	   2 Input   10 Bit        Muxes := 48    
	   2 Input    7 Bit        Muxes := 96    
	   2 Input    6 Bit        Muxes := 48    
	   4 Input    6 Bit        Muxes := 16    
	   2 Input    5 Bit        Muxes := 48    
	   2 Input    4 Bit        Muxes := 128   
	   7 Input    3 Bit        Muxes := 16    
	   2 Input    3 Bit        Muxes := 224   
	   3 Input    3 Bit        Muxes := 16    
	   4 Input    3 Bit        Muxes := 16    
	   2 Input    2 Bit        Muxes := 192   
	   4 Input    2 Bit        Muxes := 16    
	   2 Input    1 Bit        Muxes := 1344  
	   3 Input    1 Bit        Muxes := 48    
	   4 Input    1 Bit        Muxes := 272   
---------------------------------------------------------------------------------
Finished RTL Component Statistics 
---------------------------------------------------------------------------------
---------------------------------------------------------------------------------
Start Part Resource Summary
---------------------------------------------------------------------------------
Part Resources:
DSPs: 1728 (col length:144)
BRAMs: 624 (col length: RAMB18 144 RAMB36 72)
---------------------------------------------------------------------------------
Finished Part Resource Summary
---------------------------------------------------------------------------------
---------------------------------------------------------------------------------
Start Cross Boundary and Area Optimization
---------------------------------------------------------------------------------
WARNING: [Synth 8-7080] Parallel synthesis criteria is not met
DSP Report: Generating DSP MAC_LANES[17].multip/partial_product, operation Mode is: A*B.
DSP Report: operator MAC_LANES[17].multip/partial_product is absorbed into DSP MAC_LANES[17].multip/partial_product.
DSP Report: Generating DSP MAC_LANES[16].multip/partial_product, operation Mode is: A*B.
DSP Report: operator MAC_LANES[16].multip/partial_product is absorbed into DSP MAC_LANES[16].multip/partial_product.
DSP Report: Generating DSP MAC_LANES[15].multip/partial_product, operation Mode is: A*B.
DSP Report: operator MAC_LANES[15].multip/partial_product is absorbed into DSP MAC_LANES[15].multip/partial_product.
DSP Report: Generating DSP MAC_LANES[14].multip/partial_product, operation Mode is: A*B.
DSP Report: operator MAC_LANES[14].multip/partial_product is absorbed into DSP MAC_LANES[14].multip/partial_product.
DSP Report: Generating DSP MAC_LANES[13].multip/partial_product, operation Mode is: A*B.
DSP Report: operator MAC_LANES[13].multip/partial_product is absorbed into DSP MAC_LANES[13].multip/partial_product.
DSP Report: Generating DSP MAC_LANES[12].multip/partial_product, operation Mode is: A*B.
DSP Report: operator MAC_LANES[12].multip/partial_product is absorbed into DSP MAC_LANES[12].multip/partial_product.
DSP Report: Generating DSP MAC_LANES[11].multip/partial_product, operation Mode is: A*B.
DSP Report: operator MAC_LANES[11].multip/partial_product is absorbed into DSP MAC_LANES[11].multip/partial_product.
DSP Report: Generating DSP MAC_LANES[10].multip/partial_product, operation Mode is: A*B.
DSP Report: operator MAC_LANES[10].multip/partial_product is absorbed into DSP MAC_LANES[10].multip/partial_product.
DSP Report: Generating DSP MAC_LANES[9].multip/partial_product, operation Mode is: A*B.
DSP Report: operator MAC_LANES[9].multip/partial_product is absorbed into DSP MAC_LANES[9].multip/partial_product.
DSP Report: Generating DSP MAC_LANES[8].multip/partial_product, operation Mode is: A*B.
DSP Report: operator MAC_LANES[8].multip/partial_product is absorbed into DSP MAC_LANES[8].multip/partial_product.
DSP Report: Generating DSP MAC_LANES[7].multip/partial_product, operation Mode is: A*B.
DSP Report: operator MAC_LANES[7].multip/partial_product is absorbed into DSP MAC_LANES[7].multip/partial_product.
DSP Report: Generating DSP MAC_LANES[6].multip/partial_product, operation Mode is: A*B.
DSP Report: operator MAC_LANES[6].multip/partial_product is absorbed into DSP MAC_LANES[6].multip/partial_product.
DSP Report: Generating DSP MAC_LANES[5].multip/partial_product, operation Mode is: A*B.
DSP Report: operator MAC_LANES[5].multip/partial_product is absorbed into DSP MAC_LANES[5].multip/partial_product.
DSP Report: Generating DSP MAC_LANES[4].multip/partial_product, operation Mode is: A*B.
DSP Report: operator MAC_LANES[4].multip/partial_product is absorbed into DSP MAC_LANES[4].multip/partial_product.
DSP Report: Generating DSP MAC_LANES[3].multip/partial_product, operation Mode is: A*B.
DSP Report: operator MAC_LANES[3].multip/partial_product is absorbed into DSP MAC_LANES[3].multip/partial_product.
DSP Report: Generating DSP MAC_LANES[2].multip/partial_product, operation Mode is: A*B.
DSP Report: operator MAC_LANES[2].multip/partial_product is absorbed into DSP MAC_LANES[2].multip/partial_product.
DSP Report: Generating DSP MAC_LANES[1].multip/partial_product, operation Mode is: A*B.
DSP Report: operator MAC_LANES[1].multip/partial_product is absorbed into DSP MAC_LANES[1].multip/partial_product.
DSP Report: Generating DSP MAC_LANES[0].multip/partial_product, operation Mode is: A*B.
DSP Report: operator MAC_LANES[0].multip/partial_product is absorbed into DSP MAC_LANES[0].multip/partial_product.
WARNING: [Synth 8-3332] Sequential element (r_hadamard_product_reg_reg[17]__15) is unused and will be removed from module Conv.
WARNING: [Synth 8-3332] Sequential element (r_hadamard_product_reg_reg[17]__16) is unused and will be removed from module Conv.
WARNING: [Synth 8-3332] Sequential element (r_hadamard_product_reg_reg[17]__17) is unused and will be removed from module Conv.
WARNING: [Synth 8-3332] Sequential element (r_hadamard_product_reg_reg[17]__18) is unused and will be removed from module Conv.
WARNING: [Synth 8-3332] Sequential element (r_hadamard_product_reg_reg[17]__19) is unused and will be removed from module Conv.
WARNING: [Synth 8-3332] Sequential element (r_hadamard_product_reg_reg[17]__20) is unused and will be removed from module Conv.
WARNING: [Synth 8-3332] Sequential element (r_hadamard_product_reg_reg[17]__21) is unused and will be removed from module Conv.
WARNING: [Synth 8-3332] Sequential element (r_hadamard_product_reg_reg[17]__22) is unused and will be removed from module Conv.
WARNING: [Synth 8-3332] Sequential element (r_hadamard_product_reg_reg[16]__15) is unused and will be removed from module Conv.
WARNING: [Synth 8-3332] Sequential element (r_hadamard_product_reg_reg[16]__16) is unused and will be removed from module Conv.
WARNING: [Synth 8-3332] Sequential element (r_hadamard_product_reg_reg[16]__17) is unused and will be removed from module Conv.
WARNING: [Synth 8-3332] Sequential element (r_hadamard_product_reg_reg[16]__18) is unused and will be removed from module Conv.
WARNING: [Synth 8-3332] Sequential element (r_hadamard_product_reg_reg[16]__19) is unused and will be removed from module Conv.
WARNING: [Synth 8-3332] Sequential element (r_hadamard_product_reg_reg[16]__20) is unused and will be removed from module Conv.
WARNING: [Synth 8-3332] Sequential element (r_hadamard_product_reg_reg[16]__21) is unused and will be removed from module Conv.
WARNING: [Synth 8-3332] Sequential element (r_hadamard_product_reg_reg[16]__22) is unused and will be removed from module Conv.
WARNING: [Synth 8-3332] Sequential element (r_hadamard_product_reg_reg[15]__15) is unused and will be removed from module Conv.
WARNING: [Synth 8-3332] Sequential element (r_hadamard_product_reg_reg[15]__16) is unused and will be removed from module Conv.
WARNING: [Synth 8-3332] Sequential element (r_hadamard_product_reg_reg[15]__17) is unused and will be removed from module Conv.
WARNING: [Synth 8-3332] Sequential element (r_hadamard_product_reg_reg[15]__18) is unused and will be removed from module Conv.
WARNING: [Synth 8-3332] Sequential element (r_hadamard_product_reg_reg[15]__19) is unused and will be removed from module Conv.
WARNING: [Synth 8-3332] Sequential element (r_hadamard_product_reg_reg[15]__20) is unused and will be removed from module Conv.
WARNING: [Synth 8-3332] Sequential element (r_hadamard_product_reg_reg[15]__21) is unused and will be removed from module Conv.
WARNING: [Synth 8-3332] Sequential element (r_hadamard_product_reg_reg[15]__22) is unused and will be removed from module Conv.
WARNING: [Synth 8-3332] Sequential element (r_hadamard_product_reg_reg[14]__15) is unused and will be removed from module Conv.
WARNING: [Synth 8-3332] Sequential element (r_hadamard_product_reg_reg[14]__16) is unused and will be removed from module Conv.
WARNING: [Synth 8-3332] Sequential element (r_hadamard_product_reg_reg[14]__17) is unused and will be removed from module Conv.
WARNING: [Synth 8-3332] Sequential element (r_hadamard_product_reg_reg[14]__18) is unused and will be removed from module Conv.
WARNING: [Synth 8-3332] Sequential element (r_hadamard_product_reg_reg[14]__19) is unused and will be removed from module Conv.
WARNING: [Synth 8-3332] Sequential element (r_hadamard_product_reg_reg[14]__20) is unused and will be removed from module Conv.
WARNING: [Synth 8-3332] Sequential element (r_hadamard_product_reg_reg[14]__21) is unused and will be removed from module Conv.
WARNING: [Synth 8-3332] Sequential element (r_hadamard_product_reg_reg[14]__22) is unused and will be removed from module Conv.
WARNING: [Synth 8-3332] Sequential element (r_hadamard_product_reg_reg[13]__15) is unused and will be removed from module Conv.
WARNING: [Synth 8-3332] Sequential element (r_hadamard_product_reg_reg[13]__16) is unused and will be removed from module Conv.
WARNING: [Synth 8-3332] Sequential element (r_hadamard_product_reg_reg[13]__17) is unused and will be removed from module Conv.
WARNING: [Synth 8-3332] Sequential element (r_hadamard_product_reg_reg[13]__18) is unused and will be removed from module Conv.
WARNING: [Synth 8-3332] Sequential element (r_hadamard_product_reg_reg[13]__19) is unused and will be removed from module Conv.
WARNING: [Synth 8-3332] Sequential element (r_hadamard_product_reg_reg[13]__20) is unused and will be removed from module Conv.
WARNING: [Synth 8-3332] Sequential element (r_hadamard_product_reg_reg[13]__21) is unused and will be removed from module Conv.
WARNING: [Synth 8-3332] Sequential element (r_hadamard_product_reg_reg[13]__22) is unused and will be removed from module Conv.
WARNING: [Synth 8-3332] Sequential element (r_hadamard_product_reg_reg[12]__15) is unused and will be removed from module Conv.
WARNING: [Synth 8-3332] Sequential element (r_hadamard_product_reg_reg[12]__16) is unused and will be removed from module Conv.
WARNING: [Synth 8-3332] Sequential element (r_hadamard_product_reg_reg[12]__17) is unused and will be removed from module Conv.
WARNING: [Synth 8-3332] Sequential element (r_hadamard_product_reg_reg[12]__18) is unused and will be removed from module Conv.
WARNING: [Synth 8-3332] Sequential element (r_hadamard_product_reg_reg[12]__19) is unused and will be removed from module Conv.
WARNING: [Synth 8-3332] Sequential element (r_hadamard_product_reg_reg[12]__20) is unused and will be removed from module Conv.
WARNING: [Synth 8-3332] Sequential element (r_hadamard_product_reg_reg[12]__21) is unused and will be removed from module Conv.
WARNING: [Synth 8-3332] Sequential element (r_hadamard_product_reg_reg[12]__22) is unused and will be removed from module Conv.
WARNING: [Synth 8-3332] Sequential element (r_hadamard_product_reg_reg[11]__15) is unused and will be removed from module Conv.
WARNING: [Synth 8-3332] Sequential element (r_hadamard_product_reg_reg[11]__16) is unused and will be removed from module Conv.
WARNING: [Synth 8-3332] Sequential element (r_hadamard_product_reg_reg[11]__17) is unused and will be removed from module Conv.
WARNING: [Synth 8-3332] Sequential element (r_hadamard_product_reg_reg[11]__18) is unused and will be removed from module Conv.
WARNING: [Synth 8-3332] Sequential element (r_hadamard_product_reg_reg[11]__19) is unused and will be removed from module Conv.
WARNING: [Synth 8-3332] Sequential element (r_hadamard_product_reg_reg[11]__20) is unused and will be removed from module Conv.
WARNING: [Synth 8-3332] Sequential element (r_hadamard_product_reg_reg[11]__21) is unused and will be removed from module Conv.
WARNING: [Synth 8-3332] Sequential element (r_hadamard_product_reg_reg[11]__22) is unused and will be removed from module Conv.
WARNING: [Synth 8-3332] Sequential element (r_hadamard_product_reg_reg[10]__15) is unused and will be removed from module Conv.
WARNING: [Synth 8-3332] Sequential element (r_hadamard_product_reg_reg[10]__16) is unused and will be removed from module Conv.
WARNING: [Synth 8-3332] Sequential element (r_hadamard_product_reg_reg[10]__17) is unused and will be removed from module Conv.
WARNING: [Synth 8-3332] Sequential element (r_hadamard_product_reg_reg[10]__18) is unused and will be removed from module Conv.
WARNING: [Synth 8-3332] Sequential element (r_hadamard_product_reg_reg[10]__19) is unused and will be removed from module Conv.
WARNING: [Synth 8-3332] Sequential element (r_hadamard_product_reg_reg[10]__20) is unused and will be removed from module Conv.
WARNING: [Synth 8-3332] Sequential element (r_hadamard_product_reg_reg[10]__21) is unused and will be removed from module Conv.
WARNING: [Synth 8-3332] Sequential element (r_hadamard_product_reg_reg[10]__22) is unused and will be removed from module Conv.
WARNING: [Synth 8-3332] Sequential element (r_hadamard_product_reg_reg[9]__15) is unused and will be removed from module Conv.
WARNING: [Synth 8-3332] Sequential element (r_hadamard_product_reg_reg[9]__16) is unused and will be removed from module Conv.
WARNING: [Synth 8-3332] Sequential element (r_hadamard_product_reg_reg[9]__17) is unused and will be removed from module Conv.
WARNING: [Synth 8-3332] Sequential element (r_hadamard_product_reg_reg[9]__18) is unused and will be removed from module Conv.
WARNING: [Synth 8-3332] Sequential element (r_hadamard_product_reg_reg[9]__19) is unused and will be removed from module Conv.
WARNING: [Synth 8-3332] Sequential element (r_hadamard_product_reg_reg[9]__20) is unused and will be removed from module Conv.
WARNING: [Synth 8-3332] Sequential element (r_hadamard_product_reg_reg[9]__21) is unused and will be removed from module Conv.
WARNING: [Synth 8-3332] Sequential element (r_hadamard_product_reg_reg[9]__22) is unused and will be removed from module Conv.
WARNING: [Synth 8-3332] Sequential element (r_hadamard_product_reg_reg[8]__15) is unused and will be removed from module Conv.
WARNING: [Synth 8-3332] Sequential element (r_hadamard_product_reg_reg[8]__16) is unused and will be removed from module Conv.
WARNING: [Synth 8-3332] Sequential element (r_hadamard_product_reg_reg[8]__17) is unused and will be removed from module Conv.
WARNING: [Synth 8-3332] Sequential element (r_hadamard_product_reg_reg[8]__18) is unused and will be removed from module Conv.
WARNING: [Synth 8-3332] Sequential element (r_hadamard_product_reg_reg[8]__19) is unused and will be removed from module Conv.
WARNING: [Synth 8-3332] Sequential element (r_hadamard_product_reg_reg[8]__20) is unused and will be removed from module Conv.
WARNING: [Synth 8-3332] Sequential element (r_hadamard_product_reg_reg[8]__21) is unused and will be removed from module Conv.
WARNING: [Synth 8-3332] Sequential element (r_hadamard_product_reg_reg[8]__22) is unused and will be removed from module Conv.
WARNING: [Synth 8-3332] Sequential element (r_hadamard_product_reg_reg[7]__15) is unused and will be removed from module Conv.
WARNING: [Synth 8-3332] Sequential element (r_hadamard_product_reg_reg[7]__16) is unused and will be removed from module Conv.
WARNING: [Synth 8-3332] Sequential element (r_hadamard_product_reg_reg[7]__17) is unused and will be removed from module Conv.
WARNING: [Synth 8-3332] Sequential element (r_hadamard_product_reg_reg[7]__18) is unused and will be removed from module Conv.
WARNING: [Synth 8-3332] Sequential element (r_hadamard_product_reg_reg[7]__19) is unused and will be removed from module Conv.
WARNING: [Synth 8-3332] Sequential element (r_hadamard_product_reg_reg[7]__20) is unused and will be removed from module Conv.
WARNING: [Synth 8-3332] Sequential element (r_hadamard_product_reg_reg[7]__21) is unused and will be removed from module Conv.
WARNING: [Synth 8-3332] Sequential element (r_hadamard_product_reg_reg[7]__22) is unused and will be removed from module Conv.
WARNING: [Synth 8-3332] Sequential element (r_hadamard_product_reg_reg[6]__15) is unused and will be removed from module Conv.
WARNING: [Synth 8-3332] Sequential element (r_hadamard_product_reg_reg[6]__16) is unused and will be removed from module Conv.
WARNING: [Synth 8-3332] Sequential element (r_hadamard_product_reg_reg[6]__17) is unused and will be removed from module Conv.
WARNING: [Synth 8-3332] Sequential element (r_hadamard_product_reg_reg[6]__18) is unused and will be removed from module Conv.
WARNING: [Synth 8-3332] Sequential element (r_hadamard_product_reg_reg[6]__19) is unused and will be removed from module Conv.
WARNING: [Synth 8-3332] Sequential element (r_hadamard_product_reg_reg[6]__20) is unused and will be removed from module Conv.
WARNING: [Synth 8-3332] Sequential element (r_hadamard_product_reg_reg[6]__21) is unused and will be removed from module Conv.
WARNING: [Synth 8-3332] Sequential element (r_hadamard_product_reg_reg[6]__22) is unused and will be removed from module Conv.
WARNING: [Synth 8-3332] Sequential element (r_hadamard_product_reg_reg[5]__15) is unused and will be removed from module Conv.
WARNING: [Synth 8-3332] Sequential element (r_hadamard_product_reg_reg[5]__16) is unused and will be removed from module Conv.
WARNING: [Synth 8-3332] Sequential element (r_hadamard_product_reg_reg[5]__17) is unused and will be removed from module Conv.
WARNING: [Synth 8-3332] Sequential element (r_hadamard_product_reg_reg[5]__18) is unused and will be removed from module Conv.
INFO: [Common 17-14] Message 'Synth 8-3332' appears 100 times and further instances of the messages will be disabled. Use the Tcl command set_msg_config to change the current settings.
---------------------------------------------------------------------------------
Finished Cross Boundary and Area Optimization : Time (s): cpu = 00:00:40 ; elapsed = 00:00:37 . Memory (MB): peak = 3080.812 ; gain = 666.047 ; free physical = 15371 ; free virtual = 101920
---------------------------------------------------------------------------------
 Sort Area is Conv MAC_LANES[0].multip/partial_product_12 : 0 0 : 1937 1937 : Used 16 time 0
 Sort Area is Conv MAC_LANES[10].multip/partial_product_8 : 0 0 : 1937 1937 : Used 16 time 0
 Sort Area is Conv MAC_LANES[11].multip/partial_product_7 : 0 0 : 1937 1937 : Used 16 time 0
 Sort Area is Conv MAC_LANES[12].multip/partial_product_6 : 0 0 : 1937 1937 : Used 16 time 0
 Sort Area is Conv MAC_LANES[13].multip/partial_product_5 : 0 0 : 1937 1937 : Used 16 time 0
 Sort Area is Conv MAC_LANES[14].multip/partial_product_4 : 0 0 : 1937 1937 : Used 16 time 0
 Sort Area is Conv MAC_LANES[15].multip/partial_product_3 : 0 0 : 1937 1937 : Used 16 time 0
 Sort Area is Conv MAC_LANES[16].multip/partial_product_2 : 0 0 : 1937 1937 : Used 16 time 0
 Sort Area is Conv MAC_LANES[17].multip/partial_product_0 : 0 0 : 1937 1937 : Used 16 time 0
 Sort Area is Conv MAC_LANES[1].multip/partial_product_11 : 0 0 : 1937 1937 : Used 16 time 0
 Sort Area is Conv MAC_LANES[2].multip/partial_product_10 : 0 0 : 1937 1937 : Used 16 time 0
 Sort Area is Conv MAC_LANES[3].multip/partial_product_f : 0 0 : 1937 1937 : Used 16 time 0
 Sort Area is Conv MAC_LANES[4].multip/partial_product_e : 0 0 : 1937 1937 : Used 16 time 0
 Sort Area is Conv MAC_LANES[5].multip/partial_product_d : 0 0 : 1937 1937 : Used 16 time 0
 Sort Area is Conv MAC_LANES[6].multip/partial_product_c : 0 0 : 1937 1937 : Used 16 time 0
 Sort Area is Conv MAC_LANES[7].multip/partial_product_b : 0 0 : 1937 1937 : Used 16 time 0
 Sort Area is Conv MAC_LANES[8].multip/partial_product_a : 0 0 : 1937 1937 : Used 16 time 0
 Sort Area is Conv MAC_LANES[9].multip/partial_product_9 : 0 0 : 1937 1937 : Used 16 time 0
---------------------------------------------------------------------------------
Start ROM, RAM, DSP, Shift Register and Retiming Reporting
---------------------------------------------------------------------------------

DSP: Preliminary Mapping Report (see note below. The ' indicates corresponding REG is set)
+------------+-------------+--------+--------+--------+--------+--------+------+------+------+------+-------+------+------+
|Module Name | DSP Mapping | A Size | B Size | C Size | D Size | P Size | AREG | BREG | CREG | DREG | ADREG | MREG | PREG | 
+------------+-------------+--------+--------+--------+--------+--------+------+------+------+------+-------+------+------+
|Multip      | A*B         | 16     | 16     | -      | -      | 32     | 0    | 0    | -    | -    | -     | 0    | 0    | 
|Multip      | A*B         | 16     | 16     | -      | -      | 32     | 0    | 0    | -    | -    | -     | 0    | 0    | 
|Multip      | A*B         | 16     | 16     | -      | -      | 32     | 0    | 0    | -    | -    | -     | 0    | 0    | 
|Multip      | A*B         | 16     | 16     | -      | -      | 32     | 0    | 0    | -    | -    | -     | 0    | 0    | 
|Multip      | A*B         | 16     | 16     | -      | -      | 32     | 0    | 0    | -    | -    | -     | 0    | 0    | 
|Multip      | A*B         | 16     | 16     | -      | -      | 32     | 0    | 0    | -    | -    | -     | 0    | 0    | 
|Multip      | A*B         | 16     | 16     | -      | -      | 32     | 0    | 0    | -    | -    | -     | 0    | 0    | 
|Multip      | A*B         | 16     | 16     | -      | -      | 32     | 0    | 0    | -    | -    | -     | 0    | 0    | 
|Multip      | A*B         | 16     | 16     | -      | -      | 32     | 0    | 0    | -    | -    | -     | 0    | 0    | 
|Multip      | A*B         | 16     | 16     | -      | -      | 32     | 0    | 0    | -    | -    | -     | 0    | 0    | 
|Multip      | A*B         | 16     | 16     | -      | -      | 32     | 0    | 0    | -    | -    | -     | 0    | 0    | 
|Multip      | A*B         | 16     | 16     | -      | -      | 32     | 0    | 0    | -    | -    | -     | 0    | 0    | 
|Multip      | A*B         | 16     | 16     | -      | -      | 32     | 0    | 0    | -    | -    | -     | 0    | 0    | 
|Multip      | A*B         | 16     | 16     | -      | -      | 32     | 0    | 0    | -    | -    | -     | 0    | 0    | 
|Multip      | A*B         | 16     | 16     | -      | -      | 32     | 0    | 0    | -    | -    | -     | 0    | 0    | 
|Multip      | A*B         | 16     | 16     | -      | -      | 32     | 0    | 0    | -    | -    | -     | 0    | 0    | 
|Multip      | A*B         | 16     | 16     | -      | -      | 32     | 0    | 0    | -    | -    | -     | 0    | 0    | 
|Multip      | A*B         | 16     | 16     | -      | -      | 32     | 0    | 0    | -    | -    | -     | 0    | 0    | 
+------------+-------------+--------+--------+--------+--------+--------+------+------+------+------+-------+------+------+

Note: The table above is a preliminary report that shows the DSPs inferred at the current stage of the synthesis flow. Some DSP may be reimplemented as non DSP primitives later in the synthesis flow. Multiple instantiated DSPs are reported only once.
---------------------------------------------------------------------------------
Finished ROM, RAM, DSP, Shift Register and Retiming Reporting
---------------------------------------------------------------------------------
---------------------------------------------------------------------------------
Start Applying XDC Timing Constraints
---------------------------------------------------------------------------------
---------------------------------------------------------------------------------
Finished Applying XDC Timing Constraints : Time (s): cpu = 00:00:48 ; elapsed = 00:00:45 . Memory (MB): peak = 3411.895 ; gain = 997.129 ; free physical = 15061 ; free virtual = 101611
---------------------------------------------------------------------------------
---------------------------------------------------------------------------------
Start Timing Optimization
---------------------------------------------------------------------------------
---------------------------------------------------------------------------------
Finished Timing Optimization : Time (s): cpu = 00:00:56 ; elapsed = 00:00:53 . Memory (MB): peak = 3619.348 ; gain = 1204.582 ; free physical = 14834 ; free virtual = 101384
---------------------------------------------------------------------------------
---------------------------------------------------------------------------------
Start Technology Mapping
---------------------------------------------------------------------------------
---------------------------------------------------------------------------------
Finished Technology Mapping : Time (s): cpu = 00:01:19 ; elapsed = 00:01:16 . Memory (MB): peak = 3792.121 ; gain = 1377.355 ; free physical = 14668 ; free virtual = 101218
---------------------------------------------------------------------------------
---------------------------------------------------------------------------------
Start IO Insertion
---------------------------------------------------------------------------------
---------------------------------------------------------------------------------
Start Flattening Before IO Insertion
---------------------------------------------------------------------------------
---------------------------------------------------------------------------------
Finished Flattening Before IO Insertion
---------------------------------------------------------------------------------
---------------------------------------------------------------------------------
Start Final Netlist Cleanup
---------------------------------------------------------------------------------
---------------------------------------------------------------------------------
Finished Final Netlist Cleanup
---------------------------------------------------------------------------------
---------------------------------------------------------------------------------
Finished IO Insertion : Time (s): cpu = 00:01:29 ; elapsed = 00:01:26 . Memory (MB): peak = 3896.324 ; gain = 1481.559 ; free physical = 14560 ; free virtual = 101110
---------------------------------------------------------------------------------
---------------------------------------------------------------------------------
Start Renaming Generated Instances
---------------------------------------------------------------------------------
---------------------------------------------------------------------------------
Finished Renaming Generated Instances : Time (s): cpu = 00:01:39 ; elapsed = 00:01:36 . Memory (MB): peak = 3896.324 ; gain = 1481.559 ; free physical = 14562 ; free virtual = 101112
---------------------------------------------------------------------------------
---------------------------------------------------------------------------------
Start Rebuilding User Hierarchy
---------------------------------------------------------------------------------
---------------------------------------------------------------------------------
Finished Rebuilding User Hierarchy : Time (s): cpu = 00:01:48 ; elapsed = 00:01:46 . Memory (MB): peak = 3896.324 ; gain = 1481.559 ; free physical = 14562 ; free virtual = 101112
---------------------------------------------------------------------------------
---------------------------------------------------------------------------------
Start Renaming Generated Ports
---------------------------------------------------------------------------------
---------------------------------------------------------------------------------
Finished Renaming Generated Ports : Time (s): cpu = 00:01:49 ; elapsed = 00:01:46 . Memory (MB): peak = 3896.324 ; gain = 1481.559 ; free physical = 14562 ; free virtual = 101111
---------------------------------------------------------------------------------
---------------------------------------------------------------------------------
Start Handling Custom Attributes
---------------------------------------------------------------------------------
---------------------------------------------------------------------------------
Finished Handling Custom Attributes : Time (s): cpu = 00:01:57 ; elapsed = 00:01:55 . Memory (MB): peak = 3896.324 ; gain = 1481.559 ; free physical = 14560 ; free virtual = 101110
---------------------------------------------------------------------------------
---------------------------------------------------------------------------------
Start Renaming Generated Nets
---------------------------------------------------------------------------------
---------------------------------------------------------------------------------
Finished Renaming Generated Nets : Time (s): cpu = 00:01:57 ; elapsed = 00:01:55 . Memory (MB): peak = 3896.324 ; gain = 1481.559 ; free physical = 14560 ; free virtual = 101110
---------------------------------------------------------------------------------
---------------------------------------------------------------------------------
Start Writing Synthesis Report
---------------------------------------------------------------------------------

DSP Final Report (the ' indicates corresponding REG is set)
+------------+-------------+--------+--------+--------+--------+--------+------+------+------+------+-------+------+------+
|Module Name | DSP Mapping | A Size | B Size | C Size | D Size | P Size | AREG | BREG | CREG | DREG | ADREG | MREG | PREG | 
+------------+-------------+--------+--------+--------+--------+--------+------+------+------+------+-------+------+------+
|Multip      | (A*B)'      | 30     | 18     | -      | -      | 32     | 0    | 0    | -    | -    | -     | 0    | 1    | 
|Multip      | (A*B)'      | 30     | 18     | -      | -      | 32     | 0    | 0    | -    | -    | -     | 0    | 1    | 
|Multip      | (A*B)'      | 30     | 18     | -      | -      | 32     | 0    | 0    | -    | -    | -     | 0    | 1    | 
|Multip      | (A*B)'      | 30     | 18     | -      | -      | 32     | 0    | 0    | -    | -    | -     | 0    | 1    | 
|Multip      | (A*B)'      | 30     | 18     | -      | -      | 32     | 0    | 0    | -    | -    | -     | 0    | 1    | 
|Multip      | (A*B)'      | 30     | 18     | -      | -      | 32     | 0    | 0    | -    | -    | -     | 0    | 1    | 
|Multip      | (A*B)'      | 30     | 18     | -      | -      | 32     | 0    | 0    | -    | -    | -     | 0    | 1    | 
|Multip      | (A*B)'      | 30     | 18     | -      | -      | 32     | 0    | 0    | -    | -    | -     | 0    | 1    | 
|Multip      | (A*B)'      | 30     | 18     | -      | -      | 32     | 0    | 0    | -    | -    | -     | 0    | 1    | 
|Multip      | (A*B)'      | 30     | 18     | -      | -      | 32     | 0    | 0    | -    | -    | -     | 0    | 1    | 
|Multip      | (A*B)'      | 30     | 18     | -      | -      | 32     | 0    | 0    | -    | -    | -     | 0    | 1    | 
|Multip      | (A*B)'      | 30     | 18     | -      | -      | 32     | 0    | 0    | -    | -    | -     | 0    | 1    | 
|Multip      | (A*B)'      | 30     | 18     | -      | -      | 32     | 0    | 0    | -    | -    | -     | 0    | 1    | 
|Multip      | (A*B)'      | 30     | 18     | -      | -      | 32     | 0    | 0    | -    | -    | -     | 0    | 1    | 
|Multip      | (A*B)'      | 30     | 18     | -      | -      | 32     | 0    | 0    | -    | -    | -     | 0    | 1    | 
|Multip      | (A*B)'      | 30     | 18     | -      | -      | 32     | 0    | 0    | -    | -    | -     | 0    | 1    | 
|Multip      | (A*B)'      | 30     | 18     | -      | -      | 32     | 0    | 0    | -    | -    | -     | 0    | 1    | 
|Multip      | (A*B)'      | 30     | 18     | -      | -      | 32     | 0    | 0    | -    | -    | -     | 0    | 1    | 
|Multip      | (A*B)'      | 30     | 18     | -      | -      | 32     | 0    | 0    | -    | -    | -     | 0    | 1    | 
|Multip      | (A*B)'      | 30     | 18     | -      | -      | 32     | 0    | 0    | -    | -    | -     | 0    | 1    | 
|Multip      | (A*B)'      | 30     | 18     | -      | -      | 32     | 0    | 0    | -    | -    | -     | 0    | 1    | 
|Multip      | (A*B)'      | 30     | 18     | -      | -      | 32     | 0    | 0    | -    | -    | -     | 0    | 1    | 
|Multip      | (A*B)'      | 30     | 18     | -      | -      | 32     | 0    | 0    | -    | -    | -     | 0    | 1    | 
|Multip      | (A*B)'      | 30     | 18     | -      | -      | 32     | 0    | 0    | -    | -    | -     | 0    | 1    | 
|Multip      | (A*B)'      | 30     | 18     | -      | -      | 32     | 0    | 0    | -    | -    | -     | 0    | 1    | 
|Multip      | (A*B)'      | 30     | 18     | -      | -      | 32     | 0    | 0    | -    | -    | -     | 0    | 1    | 
|Multip      | (A*B)'      | 30     | 18     | -      | -      | 32     | 0    | 0    | -    | -    | -     | 0    | 1    | 
|Multip      | (A*B)'      | 30     | 18     | -      | -      | 32     | 0    | 0    | -    | -    | -     | 0    | 1    | 
|Multip      | (A*B)'      | 30     | 18     | -      | -      | 32     | 0    | 0    | -    | -    | -     | 0    | 1    | 
|Multip      | (A*B)'      | 30     | 18     | -      | -      | 32     | 0    | 0    | -    | -    | -     | 0    | 1    | 
|Multip      | (A*B)'      | 30     | 18     | -      | -      | 32     | 0    | 0    | -    | -    | -     | 0    | 1    | 
|Multip      | (A*B)'      | 30     | 18     | -      | -      | 32     | 0    | 0    | -    | -    | -     | 0    | 1    | 
|Multip      | (A*B)'      | 30     | 18     | -      | -      | 32     | 0    | 0    | -    | -    | -     | 0    | 1    | 
|Multip      | (A*B)'      | 30     | 18     | -      | -      | 32     | 0    | 0    | -    | -    | -     | 0    | 1    | 
|Multip      | (A*B)'      | 30     | 18     | -      | -      | 32     | 0    | 0    | -    | -    | -     | 0    | 1    | 
|Multip      | (A*B)'      | 30     | 18     | -      | -      | 32     | 0    | 0    | -    | -    | -     | 0    | 1    | 
|Multip      | (A*B)'      | 30     | 18     | -      | -      | 32     | 0    | 0    | -    | -    | -     | 0    | 1    | 
|Multip      | (A*B)'      | 30     | 18     | -      | -      | 32     | 0    | 0    | -    | -    | -     | 0    | 1    | 
|Multip      | (A*B)'      | 30     | 18     | -      | -      | 32     | 0    | 0    | -    | -    | -     | 0    | 1    | 
|Multip      | (A*B)'      | 30     | 18     | -      | -      | 32     | 0    | 0    | -    | -    | -     | 0    | 1    | 
|Multip      | (A*B)'      | 30     | 18     | -      | -      | 32     | 0    | 0    | -    | -    | -     | 0    | 1    | 
|Multip      | (A*B)'      | 30     | 18     | -      | -      | 32     | 0    | 0    | -    | -    | -     | 0    | 1    | 
|Multip      | (A*B)'      | 30     | 18     | -      | -      | 32     | 0    | 0    | -    | -    | -     | 0    | 1    | 
|Multip      | (A*B)'      | 30     | 18     | -      | -      | 32     | 0    | 0    | -    | -    | -     | 0    | 1    | 
|Multip      | (A*B)'      | 30     | 18     | -      | -      | 32     | 0    | 0    | -    | -    | -     | 0    | 1    | 
|Multip      | (A*B)'      | 30     | 18     | -      | -      | 32     | 0    | 0    | -    | -    | -     | 0    | 1    | 
|Multip      | (A*B)'      | 30     | 18     | -      | -      | 32     | 0    | 0    | -    | -    | -     | 0    | 1    | 
|Multip      | (A*B)'      | 30     | 18     | -      | -      | 32     | 0    | 0    | -    | -    | -     | 0    | 1    | 
|Multip      | (A*B)'      | 30     | 18     | -      | -      | 32     | 0    | 0    | -    | -    | -     | 0    | 1    | 
|Multip      | (A*B)'      | 30     | 18     | -      | -      | 32     | 0    | 0    | -    | -    | -     | 0    | 1    | 
|Multip      | (A*B)'      | 30     | 18     | -      | -      | 32     | 0    | 0    | -    | -    | -     | 0    | 1    | 
|Multip      | (A*B)'      | 30     | 18     | -      | -      | 32     | 0    | 0    | -    | -    | -     | 0    | 1    | 
|Multip      | (A*B)'      | 30     | 18     | -      | -      | 32     | 0    | 0    | -    | -    | -     | 0    | 1    | 
|Multip      | (A*B)'      | 30     | 18     | -      | -      | 32     | 0    | 0    | -    | -    | -     | 0    | 1    | 
|Multip      | (A*B)'      | 30     | 18     | -      | -      | 32     | 0    | 0    | -    | -    | -     | 0    | 1    | 
|Multip      | (A*B)'      | 30     | 18     | -      | -      | 32     | 0    | 0    | -    | -    | -     | 0    | 1    | 
|Multip      | (A*B)'      | 30     | 18     | -      | -      | 32     | 0    | 0    | -    | -    | -     | 0    | 1    | 
|Multip      | (A*B)'      | 30     | 18     | -      | -      | 32     | 0    | 0    | -    | -    | -     | 0    | 1    | 
|Multip      | (A*B)'      | 30     | 18     | -      | -      | 32     | 0    | 0    | -    | -    | -     | 0    | 1    | 
|Multip      | (A*B)'      | 30     | 18     | -      | -      | 32     | 0    | 0    | -    | -    | -     | 0    | 1    | 
|Multip      | (A*B)'      | 30     | 18     | -      | -      | 32     | 0    | 0    | -    | -    | -     | 0    | 1    | 
|Multip      | (A*B)'      | 30     | 18     | -      | -      | 32     | 0    | 0    | -    | -    | -     | 0    | 1    | 
|Multip      | (A*B)'      | 30     | 18     | -      | -      | 32     | 0    | 0    | -    | -    | -     | 0    | 1    | 
|Multip      | (A*B)'      | 30     | 18     | -      | -      | 32     | 0    | 0    | -    | -    | -     | 0    | 1    | 
|Multip      | (A*B)'      | 30     | 18     | -      | -      | 32     | 0    | 0    | -    | -    | -     | 0    | 1    | 
|Multip      | (A*B)'      | 30     | 18     | -      | -      | 32     | 0    | 0    | -    | -    | -     | 0    | 1    | 
|Multip      | (A*B)'      | 30     | 18     | -      | -      | 32     | 0    | 0    | -    | -    | -     | 0    | 1    | 
|Multip      | (A*B)'      | 30     | 18     | -      | -      | 32     | 0    | 0    | -    | -    | -     | 0    | 1    | 
|Multip      | (A*B)'      | 30     | 18     | -      | -      | 32     | 0    | 0    | -    | -    | -     | 0    | 1    | 
|Multip      | (A*B)'      | 30     | 18     | -      | -      | 32     | 0    | 0    | -    | -    | -     | 0    | 1    | 
|Multip      | (A*B)'      | 30     | 18     | -      | -      | 32     | 0    | 0    | -    | -    | -     | 0    | 1    | 
|Multip      | (A*B)'      | 30     | 18     | -      | -      | 32     | 0    | 0    | -    | -    | -     | 0    | 1    | 
|Multip      | (A*B)'      | 30     | 18     | -      | -      | 32     | 0    | 0    | -    | -    | -     | 0    | 1    | 
|Multip      | (A*B)'      | 30     | 18     | -      | -      | 32     | 0    | 0    | -    | -    | -     | 0    | 1    | 
|Multip      | (A*B)'      | 30     | 18     | -      | -      | 32     | 0    | 0    | -    | -    | -     | 0    | 1    | 
|Multip      | (A*B)'      | 30     | 18     | -      | -      | 32     | 0    | 0    | -    | -    | -     | 0    | 1    | 
|Multip      | (A*B)'      | 30     | 18     | -      | -      | 32     | 0    | 0    | -    | -    | -     | 0    | 1    | 
|Multip      | (A*B)'      | 30     | 18     | -      | -      | 32     | 0    | 0    | -    | -    | -     | 0    | 1    | 
|Multip      | (A*B)'      | 30     | 18     | -      | -      | 32     | 0    | 0    | -    | -    | -     | 0    | 1    | 
|Multip      | (A*B)'      | 30     | 18     | -      | -      | 32     | 0    | 0    | -    | -    | -     | 0    | 1    | 
|Multip      | (A*B)'      | 30     | 18     | -      | -      | 32     | 0    | 0    | -    | -    | -     | 0    | 1    | 
|Multip      | (A*B)'      | 30     | 18     | -      | -      | 32     | 0    | 0    | -    | -    | -     | 0    | 1    | 
|Multip      | (A*B)'      | 30     | 18     | -      | -      | 32     | 0    | 0    | -    | -    | -     | 0    | 1    | 
|Multip      | (A*B)'      | 30     | 18     | -      | -      | 32     | 0    | 0    | -    | -    | -     | 0    | 1    | 
|Multip      | (A*B)'      | 30     | 18     | -      | -      | 32     | 0    | 0    | -    | -    | -     | 0    | 1    | 
|Multip      | (A*B)'      | 30     | 18     | -      | -      | 32     | 0    | 0    | -    | -    | -     | 0    | 1    | 
|Multip      | (A*B)'      | 30     | 18     | -      | -      | 32     | 0    | 0    | -    | -    | -     | 0    | 1    | 
|Multip      | (A*B)'      | 30     | 18     | -      | -      | 32     | 0    | 0    | -    | -    | -     | 0    | 1    | 
|Multip      | (A*B)'      | 30     | 18     | -      | -      | 32     | 0    | 0    | -    | -    | -     | 0    | 1    | 
|Multip      | (A*B)'      | 30     | 18     | -      | -      | 32     | 0    | 0    | -    | -    | -     | 0    | 1    | 
|Multip      | (A*B)'      | 30     | 18     | -      | -      | 32     | 0    | 0    | -    | -    | -     | 0    | 1    | 
|Multip      | (A*B)'      | 30     | 18     | -      | -      | 32     | 0    | 0    | -    | -    | -     | 0    | 1    | 
|Multip      | (A*B)'      | 30     | 18     | -      | -      | 32     | 0    | 0    | -    | -    | -     | 0    | 1    | 
|Multip      | (A*B)'      | 30     | 18     | -      | -      | 32     | 0    | 0    | -    | -    | -     | 0    | 1    | 
|Multip      | (A*B)'      | 30     | 18     | -      | -      | 32     | 0    | 0    | -    | -    | -     | 0    | 1    | 
|Multip      | (A*B)'      | 30     | 18     | -      | -      | 32     | 0    | 0    | -    | -    | -     | 0    | 1    | 
|Multip      | (A*B)'      | 30     | 18     | -      | -      | 32     | 0    | 0    | -    | -    | -     | 0    | 1    | 
|Multip      | (A*B)'      | 30     | 18     | -      | -      | 32     | 0    | 0    | -    | -    | -     | 0    | 1    | 
|Multip      | (A*B)'      | 30     | 18     | -      | -      | 32     | 0    | 0    | -    | -    | -     | 0    | 1    | 
|Multip      | (A*B)'      | 30     | 18     | -      | -      | 32     | 0    | 0    | -    | -    | -     | 0    | 1    | 
|Multip      | (A*B)'      | 30     | 18     | -      | -      | 32     | 0    | 0    | -    | -    | -     | 0    | 1    | 
|Multip      | (A*B)'      | 30     | 18     | -      | -      | 32     | 0    | 0    | -    | -    | -     | 0    | 1    | 
|Multip      | (A*B)'      | 30     | 18     | -      | -      | 32     | 0    | 0    | -    | -    | -     | 0    | 1    | 
|Multip      | (A*B)'      | 30     | 18     | -      | -      | 32     | 0    | 0    | -    | -    | -     | 0    | 1    | 
|Multip      | (A*B)'      | 30     | 18     | -      | -      | 32     | 0    | 0    | -    | -    | -     | 0    | 1    | 
|Multip      | (A*B)'      | 30     | 18     | -      | -      | 32     | 0    | 0    | -    | -    | -     | 0    | 1    | 
|Multip      | (A*B)'      | 30     | 18     | -      | -      | 32     | 0    | 0    | -    | -    | -     | 0    | 1    | 
|Multip      | (A*B)'      | 30     | 18     | -      | -      | 32     | 0    | 0    | -    | -    | -     | 0    | 1    | 
|Multip      | (A*B)'      | 30     | 18     | -      | -      | 32     | 0    | 0    | -    | -    | -     | 0    | 1    | 
|Multip      | (A*B)'      | 30     | 18     | -      | -      | 32     | 0    | 0    | -    | -    | -     | 0    | 1    | 
|Multip      | (A*B)'      | 30     | 18     | -      | -      | 32     | 0    | 0    | -    | -    | -     | 0    | 1    | 
|Multip      | (A*B)'      | 30     | 18     | -      | -      | 32     | 0    | 0    | -    | -    | -     | 0    | 1    | 
|Multip      | (A*B)'      | 30     | 18     | -      | -      | 32     | 0    | 0    | -    | -    | -     | 0    | 1    | 
|Multip      | (A*B)'      | 30     | 18     | -      | -      | 32     | 0    | 0    | -    | -    | -     | 0    | 1    | 
|Multip      | (A*B)'      | 30     | 18     | -      | -      | 32     | 0    | 0    | -    | -    | -     | 0    | 1    | 
|Multip      | (A*B)'      | 30     | 18     | -      | -      | 32     | 0    | 0    | -    | -    | -     | 0    | 1    | 
|Multip      | (A*B)'      | 30     | 18     | -      | -      | 32     | 0    | 0    | -    | -    | -     | 0    | 1    | 
|Multip      | (A*B)'      | 30     | 18     | -      | -      | 32     | 0    | 0    | -    | -    | -     | 0    | 1    | 
|Multip      | (A*B)'      | 30     | 18     | -      | -      | 32     | 0    | 0    | -    | -    | -     | 0    | 1    | 
|Multip      | (A*B)'      | 30     | 18     | -      | -      | 32     | 0    | 0    | -    | -    | -     | 0    | 1    | 
|Multip      | (A*B)'      | 30     | 18     | -      | -      | 32     | 0    | 0    | -    | -    | -     | 0    | 1    | 
|Multip      | (A*B)'      | 30     | 18     | -      | -      | 32     | 0    | 0    | -    | -    | -     | 0    | 1    | 
|Multip      | (A*B)'      | 30     | 18     | -      | -      | 32     | 0    | 0    | -    | -    | -     | 0    | 1    | 
|Multip      | (A*B)'      | 30     | 18     | -      | -      | 32     | 0    | 0    | -    | -    | -     | 0    | 1    | 
|Multip      | (A*B)'      | 30     | 18     | -      | -      | 32     | 0    | 0    | -    | -    | -     | 0    | 1    | 
|Multip      | (A*B)'      | 30     | 18     | -      | -      | 32     | 0    | 0    | -    | -    | -     | 0    | 1    | 
|Multip      | (A*B)'      | 30     | 18     | -      | -      | 32     | 0    | 0    | -    | -    | -     | 0    | 1    | 
|Multip      | (A*B)'      | 30     | 18     | -      | -      | 32     | 0    | 0    | -    | -    | -     | 0    | 1    | 
|Multip      | (A*B)'      | 30     | 18     | -      | -      | 32     | 0    | 0    | -    | -    | -     | 0    | 1    | 
|Multip      | (A*B)'      | 30     | 18     | -      | -      | 32     | 0    | 0    | -    | -    | -     | 0    | 1    | 
|Multip      | (A*B)'      | 30     | 18     | -      | -      | 32     | 0    | 0    | -    | -    | -     | 0    | 1    | 
|Multip      | (A*B)'      | 30     | 18     | -      | -      | 32     | 0    | 0    | -    | -    | -     | 0    | 1    | 
|Multip      | (A*B)'      | 30     | 18     | -      | -      | 32     | 0    | 0    | -    | -    | -     | 0    | 1    | 
|Multip      | (A*B)'      | 30     | 18     | -      | -      | 32     | 0    | 0    | -    | -    | -     | 0    | 1    | 
|Multip      | (A*B)'      | 30     | 18     | -      | -      | 32     | 0    | 0    | -    | -    | -     | 0    | 1    | 
|Multip      | (A*B)'      | 30     | 18     | -      | -      | 32     | 0    | 0    | -    | -    | -     | 0    | 1    | 
|Multip      | (A*B)'      | 30     | 18     | -      | -      | 32     | 0    | 0    | -    | -    | -     | 0    | 1    | 
|Multip      | (A*B)'      | 30     | 18     | -      | -      | 32     | 0    | 0    | -    | -    | -     | 0    | 1    | 
|Multip      | (A*B)'      | 30     | 18     | -      | -      | 32     | 0    | 0    | -    | -    | -     | 0    | 1    | 
|Multip      | (A*B)'      | 30     | 18     | -      | -      | 32     | 0    | 0    | -    | -    | -     | 0    | 1    | 
|Multip      | (A*B)'      | 30     | 18     | -      | -      | 32     | 0    | 0    | -    | -    | -     | 0    | 1    | 
|Multip      | (A*B)'      | 30     | 18     | -      | -      | 32     | 0    | 0    | -    | -    | -     | 0    | 1    | 
|Multip      | (A*B)'      | 30     | 18     | -      | -      | 32     | 0    | 0    | -    | -    | -     | 0    | 1    | 
|Multip      | (A*B)'      | 30     | 18     | -      | -      | 32     | 0    | 0    | -    | -    | -     | 0    | 1    | 
|Multip      | (A*B)'      | 30     | 18     | -      | -      | 32     | 0    | 0    | -    | -    | -     | 0    | 1    | 
|Multip      | (A*B)'      | 30     | 18     | -      | -      | 32     | 0    | 0    | -    | -    | -     | 0    | 1    | 
|Multip      | (A*B)'      | 30     | 18     | -      | -      | 32     | 0    | 0    | -    | -    | -     | 0    | 1    | 
|Multip      | (A*B)'      | 30     | 18     | -      | -      | 32     | 0    | 0    | -    | -    | -     | 0    | 1    | 
|Multip      | (A*B)'      | 30     | 18     | -      | -      | 32     | 0    | 0    | -    | -    | -     | 0    | 1    | 
|Multip      | (A*B)'      | 30     | 18     | -      | -      | 32     | 0    | 0    | -    | -    | -     | 0    | 1    | 
|Multip      | (A*B)'      | 30     | 18     | -      | -      | 32     | 0    | 0    | -    | -    | -     | 0    | 1    | 
|Multip      | (A*B)'      | 30     | 18     | -      | -      | 32     | 0    | 0    | -    | -    | -     | 0    | 1    | 
|Multip      | (A*B)'      | 30     | 18     | -      | -      | 32     | 0    | 0    | -    | -    | -     | 0    | 1    | 
|Multip      | (A*B)'      | 30     | 18     | -      | -      | 32     | 0    | 0    | -    | -    | -     | 0    | 1    | 
|Multip      | (A*B)'      | 30     | 18     | -      | -      | 32     | 0    | 0    | -    | -    | -     | 0    | 1    | 
|Multip      | (A*B)'      | 30     | 18     | -      | -      | 32     | 0    | 0    | -    | -    | -     | 0    | 1    | 
|Multip      | (A*B)'      | 30     | 18     | -      | -      | 32     | 0    | 0    | -    | -    | -     | 0    | 1    | 
|Multip      | (A*B)'      | 30     | 18     | -      | -      | 32     | 0    | 0    | -    | -    | -     | 0    | 1    | 
|Multip      | (A*B)'      | 30     | 18     | -      | -      | 32     | 0    | 0    | -    | -    | -     | 0    | 1    | 
|Multip      | (A*B)'      | 30     | 18     | -      | -      | 32     | 0    | 0    | -    | -    | -     | 0    | 1    | 
|Multip      | (A*B)'      | 30     | 18     | -      | -      | 32     | 0    | 0    | -    | -    | -     | 0    | 1    | 
|Multip      | (A*B)'      | 30     | 18     | -      | -      | 32     | 0    | 0    | -    | -    | -     | 0    | 1    | 
|Multip      | (A*B)'      | 30     | 18     | -      | -      | 32     | 0    | 0    | -    | -    | -     | 0    | 1    | 
|Multip      | (A*B)'      | 30     | 18     | -      | -      | 32     | 0    | 0    | -    | -    | -     | 0    | 1    | 
|Multip      | (A*B)'      | 30     | 18     | -      | -      | 32     | 0    | 0    | -    | -    | -     | 0    | 1    | 
|Multip      | (A*B)'      | 30     | 18     | -      | -      | 32     | 0    | 0    | -    | -    | -     | 0    | 1    | 
|Multip      | (A*B)'      | 30     | 18     | -      | -      | 32     | 0    | 0    | -    | -    | -     | 0    | 1    | 
|Multip      | (A*B)'      | 30     | 18     | -      | -      | 32     | 0    | 0    | -    | -    | -     | 0    | 1    | 
|Multip      | (A*B)'      | 30     | 18     | -      | -      | 32     | 0    | 0    | -    | -    | -     | 0    | 1    | 
|Multip      | (A*B)'      | 30     | 18     | -      | -      | 32     | 0    | 0    | -    | -    | -     | 0    | 1    | 
|Multip      | (A*B)'      | 30     | 18     | -      | -      | 32     | 0    | 0    | -    | -    | -     | 0    | 1    | 
|Multip      | (A*B)'      | 30     | 18     | -      | -      | 32     | 0    | 0    | -    | -    | -     | 0    | 1    | 
|Multip      | (A*B)'      | 30     | 18     | -      | -      | 32     | 0    | 0    | -    | -    | -     | 0    | 1    | 
|Multip      | (A*B)'      | 30     | 18     | -      | -      | 32     | 0    | 0    | -    | -    | -     | 0    | 1    | 
|Multip      | (A*B)'      | 30     | 18     | -      | -      | 32     | 0    | 0    | -    | -    | -     | 0    | 1    | 
|Multip      | (A*B)'      | 30     | 18     | -      | -      | 32     | 0    | 0    | -    | -    | -     | 0    | 1    | 
|Multip      | (A*B)'      | 30     | 18     | -      | -      | 32     | 0    | 0    | -    | -    | -     | 0    | 1    | 
|Multip      | (A*B)'      | 30     | 18     | -      | -      | 32     | 0    | 0    | -    | -    | -     | 0    | 1    | 
|Multip      | (A*B)'      | 30     | 18     | -      | -      | 32     | 0    | 0    | -    | -    | -     | 0    | 1    | 
|Multip      | (A*B)'      | 30     | 18     | -      | -      | 32     | 0    | 0    | -    | -    | -     | 0    | 1    | 
|Multip      | (A*B)'      | 30     | 18     | -      | -      | 32     | 0    | 0    | -    | -    | -     | 0    | 1    | 
|Multip      | (A*B)'      | 30     | 18     | -      | -      | 32     | 0    | 0    | -    | -    | -     | 0    | 1    | 
|Multip      | (A*B)'      | 30     | 18     | -      | -      | 32     | 0    | 0    | -    | -    | -     | 0    | 1    | 
|Multip      | (A*B)'      | 30     | 18     | -      | -      | 32     | 0    | 0    | -    | -    | -     | 0    | 1    | 
|Multip      | (A*B)'      | 30     | 18     | -      | -      | 32     | 0    | 0    | -    | -    | -     | 0    | 1    | 
|Multip      | (A*B)'      | 30     | 18     | -      | -      | 32     | 0    | 0    | -    | -    | -     | 0    | 1    | 
|Multip      | (A*B)'      | 30     | 18     | -      | -      | 32     | 0    | 0    | -    | -    | -     | 0    | 1    | 
|Multip      | (A*B)'      | 30     | 18     | -      | -      | 32     | 0    | 0    | -    | -    | -     | 0    | 1    | 
|Multip      | (A*B)'      | 30     | 18     | -      | -      | 32     | 0    | 0    | -    | -    | -     | 0    | 1    | 
|Multip      | (A*B)'      | 30     | 18     | -      | -      | 32     | 0    | 0    | -    | -    | -     | 0    | 1    | 
|Multip      | (A*B)'      | 30     | 18     | -      | -      | 32     | 0    | 0    | -    | -    | -     | 0    | 1    | 
|Multip      | (A*B)'      | 30     | 18     | -      | -      | 32     | 0    | 0    | -    | -    | -     | 0    | 1    | 
|Multip      | (A*B)'      | 30     | 18     | -      | -      | 32     | 0    | 0    | -    | -    | -     | 0    | 1    | 
|Multip      | (A*B)'      | 30     | 18     | -      | -      | 32     | 0    | 0    | -    | -    | -     | 0    | 1    | 
|Multip      | (A*B)'      | 30     | 18     | -      | -      | 32     | 0    | 0    | -    | -    | -     | 0    | 1    | 
|Multip      | (A*B)'      | 30     | 18     | -      | -      | 32     | 0    | 0    | -    | -    | -     | 0    | 1    | 
|Multip      | (A*B)'      | 30     | 18     | -      | -      | 32     | 0    | 0    | -    | -    | -     | 0    | 1    | 
|Multip      | (A*B)'      | 30     | 18     | -      | -      | 32     | 0    | 0    | -    | -    | -     | 0    | 1    | 
|Multip      | (A*B)'      | 30     | 18     | -      | -      | 32     | 0    | 0    | -    | -    | -     | 0    | 1    | 
|Multip      | (A*B)'      | 30     | 18     | -      | -      | 32     | 0    | 0    | -    | -    | -     | 0    | 1    | 
|Multip      | (A*B)'      | 30     | 18     | -      | -      | 32     | 0    | 0    | -    | -    | -     | 0    | 1    | 
|Multip      | (A*B)'      | 30     | 18     | -      | -      | 32     | 0    | 0    | -    | -    | -     | 0    | 1    | 
|Multip      | (A*B)'      | 30     | 18     | -      | -      | 32     | 0    | 0    | -    | -    | -     | 0    | 1    | 
|Multip      | (A*B)'      | 30     | 18     | -      | -      | 32     | 0    | 0    | -    | -    | -     | 0    | 1    | 
|Multip      | (A*B)'      | 30     | 18     | -      | -      | 32     | 0    | 0    | -    | -    | -     | 0    | 1    | 
|Multip      | (A*B)'      | 30     | 18     | -      | -      | 32     | 0    | 0    | -    | -    | -     | 0    | 1    | 
|Multip      | (A*B)'      | 30     | 18     | -      | -      | 32     | 0    | 0    | -    | -    | -     | 0    | 1    | 
|Multip      | (A*B)'      | 30     | 18     | -      | -      | 32     | 0    | 0    | -    | -    | -     | 0    | 1    | 
|Multip      | (A*B)'      | 30     | 18     | -      | -      | 32     | 0    | 0    | -    | -    | -     | 0    | 1    | 
|Multip      | (A*B)'      | 30     | 18     | -      | -      | 32     | 0    | 0    | -    | -    | -     | 0    | 1    | 
|Multip      | (A*B)'      | 30     | 18     | -      | -      | 32     | 0    | 0    | -    | -    | -     | 0    | 1    | 
|Multip      | (A*B)'      | 30     | 18     | -      | -      | 32     | 0    | 0    | -    | -    | -     | 0    | 1    | 
|Multip      | (A*B)'      | 30     | 18     | -      | -      | 32     | 0    | 0    | -    | -    | -     | 0    | 1    | 
|Multip      | (A*B)'      | 30     | 18     | -      | -      | 32     | 0    | 0    | -    | -    | -     | 0    | 1    | 
|Multip      | (A*B)'      | 30     | 18     | -      | -      | 32     | 0    | 0    | -    | -    | -     | 0    | 1    | 
|Multip      | (A*B)'      | 30     | 18     | -      | -      | 32     | 0    | 0    | -    | -    | -     | 0    | 1    | 
|Multip      | (A*B)'      | 30     | 18     | -      | -      | 32     | 0    | 0    | -    | -    | -     | 0    | 1    | 
|Multip      | (A*B)'      | 30     | 18     | -      | -      | 32     | 0    | 0    | -    | -    | -     | 0    | 1    | 
|Multip      | (A*B)'      | 30     | 18     | -      | -      | 32     | 0    | 0    | -    | -    | -     | 0    | 1    | 
|Multip      | (A*B)'      | 30     | 18     | -      | -      | 32     | 0    | 0    | -    | -    | -     | 0    | 1    | 
|Multip      | (A*B)'      | 30     | 18     | -      | -      | 32     | 0    | 0    | -    | -    | -     | 0    | 1    | 
|Multip      | (A*B)'      | 30     | 18     | -      | -      | 32     | 0    | 0    | -    | -    | -     | 0    | 1    | 
|Multip      | (A*B)'      | 30     | 18     | -      | -      | 32     | 0    | 0    | -    | -    | -     | 0    | 1    | 
|Multip      | (A*B)'      | 30     | 18     | -      | -      | 32     | 0    | 0    | -    | -    | -     | 0    | 1    | 
|Multip      | (A*B)'      | 30     | 18     | -      | -      | 32     | 0    | 0    | -    | -    | -     | 0    | 1    | 
|Multip      | (A*B)'      | 30     | 18     | -      | -      | 32     | 0    | 0    | -    | -    | -     | 0    | 1    | 
|Multip      | (A*B)'      | 30     | 18     | -      | -      | 32     | 0    | 0    | -    | -    | -     | 0    | 1    | 
|Multip      | (A*B)'      | 30     | 18     | -      | -      | 32     | 0    | 0    | -    | -    | -     | 0    | 1    | 
|Multip      | (A*B)'      | 30     | 18     | -      | -      | 32     | 0    | 0    | -    | -    | -     | 0    | 1    | 
|Multip      | (A*B)'      | 30     | 18     | -      | -      | 32     | 0    | 0    | -    | -    | -     | 0    | 1    | 
|Multip      | (A*B)'      | 30     | 18     | -      | -      | 32     | 0    | 0    | -    | -    | -     | 0    | 1    | 
|Multip      | (A*B)'      | 30     | 18     | -      | -      | 32     | 0    | 0    | -    | -    | -     | 0    | 1    | 
|Multip      | (A*B)'      | 30     | 18     | -      | -      | 32     | 0    | 0    | -    | -    | -     | 0    | 1    | 
|Multip      | (A*B)'      | 30     | 18     | -      | -      | 32     | 0    | 0    | -    | -    | -     | 0    | 1    | 
|Multip      | (A*B)'      | 30     | 18     | -      | -      | 32     | 0    | 0    | -    | -    | -     | 0    | 1    | 
|Multip      | (A*B)'      | 30     | 18     | -      | -      | 32     | 0    | 0    | -    | -    | -     | 0    | 1    | 
|Multip      | (A*B)'      | 30     | 18     | -      | -      | 32     | 0    | 0    | -    | -    | -     | 0    | 1    | 
|Multip      | (A*B)'      | 30     | 18     | -      | -      | 32     | 0    | 0    | -    | -    | -     | 0    | 1    | 
|Multip      | (A*B)'      | 30     | 18     | -      | -      | 32     | 0    | 0    | -    | -    | -     | 0    | 1    | 
|Multip      | (A*B)'      | 30     | 18     | -      | -      | 32     | 0    | 0    | -    | -    | -     | 0    | 1    | 
|Multip      | (A*B)'      | 30     | 18     | -      | -      | 32     | 0    | 0    | -    | -    | -     | 0    | 1    | 
|Multip      | (A*B)'      | 30     | 18     | -      | -      | 32     | 0    | 0    | -    | -    | -     | 0    | 1    | 
|Multip      | (A*B)'      | 30     | 18     | -      | -      | 32     | 0    | 0    | -    | -    | -     | 0    | 1    | 
|Multip      | (A*B)'      | 30     | 18     | -      | -      | 32     | 0    | 0    | -    | -    | -     | 0    | 1    | 
|Multip      | (A*B)'      | 30     | 18     | -      | -      | 32     | 0    | 0    | -    | -    | -     | 0    | 1    | 
|Multip      | (A*B)'      | 30     | 18     | -      | -      | 32     | 0    | 0    | -    | -    | -     | 0    | 1    | 
|Multip      | (A*B)'      | 30     | 18     | -      | -      | 32     | 0    | 0    | -    | -    | -     | 0    | 1    | 
|Multip      | (A*B)'      | 30     | 18     | -      | -      | 32     | 0    | 0    | -    | -    | -     | 0    | 1    | 
|Multip      | (A*B)'      | 30     | 18     | -      | -      | 32     | 0    | 0    | -    | -    | -     | 0    | 1    | 
|Multip      | (A*B)'      | 30     | 18     | -      | -      | 32     | 0    | 0    | -    | -    | -     | 0    | 1    | 
|Multip      | (A*B)'      | 30     | 18     | -      | -      | 32     | 0    | 0    | -    | -    | -     | 0    | 1    | 
|Multip      | (A*B)'      | 30     | 18     | -      | -      | 32     | 0    | 0    | -    | -    | -     | 0    | 1    | 
|Multip      | (A*B)'      | 30     | 18     | -      | -      | 32     | 0    | 0    | -    | -    | -     | 0    | 1    | 
|Multip      | (A*B)'      | 30     | 18     | -      | -      | 32     | 0    | 0    | -    | -    | -     | 0    | 1    | 
|Multip      | (A*B)'      | 30     | 18     | -      | -      | 32     | 0    | 0    | -    | -    | -     | 0    | 1    | 
|Multip      | (A*B)'      | 30     | 18     | -      | -      | 32     | 0    | 0    | -    | -    | -     | 0    | 1    | 
|Multip      | (A*B)'      | 30     | 18     | -      | -      | 32     | 0    | 0    | -    | -    | -     | 0    | 1    | 
|Multip      | (A*B)'      | 30     | 18     | -      | -      | 32     | 0    | 0    | -    | -    | -     | 0    | 1    | 
|Multip      | (A*B)'      | 30     | 18     | -      | -      | 32     | 0    | 0    | -    | -    | -     | 0    | 1    | 
|Multip      | (A*B)'      | 30     | 18     | -      | -      | 32     | 0    | 0    | -    | -    | -     | 0    | 1    | 
|Multip      | (A*B)'      | 30     | 18     | -      | -      | 32     | 0    | 0    | -    | -    | -     | 0    | 1    | 
|Multip      | (A*B)'      | 30     | 18     | -      | -      | 32     | 0    | 0    | -    | -    | -     | 0    | 1    | 
|Multip      | (A*B)'      | 30     | 18     | -      | -      | 32     | 0    | 0    | -    | -    | -     | 0    | 1    | 
|Multip      | (A*B)'      | 30     | 18     | -      | -      | 32     | 0    | 0    | -    | -    | -     | 0    | 1    | 
|Multip      | (A*B)'      | 30     | 18     | -      | -      | 32     | 0    | 0    | -    | -    | -     | 0    | 1    | 
|Multip      | (A*B)'      | 30     | 18     | -      | -      | 32     | 0    | 0    | -    | -    | -     | 0    | 1    | 
|Multip      | (A*B)'      | 30     | 18     | -      | -      | 32     | 0    | 0    | -    | -    | -     | 0    | 1    | 
|Multip      | (A*B)'      | 30     | 18     | -      | -      | 32     | 0    | 0    | -    | -    | -     | 0    | 1    | 
|Multip      | (A*B)'      | 30     | 18     | -      | -      | 32     | 0    | 0    | -    | -    | -     | 0    | 1    | 
|Multip      | (A*B)'      | 30     | 18     | -      | -      | 32     | 0    | 0    | -    | -    | -     | 0    | 1    | 
|Multip      | (A*B)'      | 30     | 18     | -      | -      | 32     | 0    | 0    | -    | -    | -     | 0    | 1    | 
|Multip      | (A*B)'      | 30     | 18     | -      | -      | 32     | 0    | 0    | -    | -    | -     | 0    | 1    | 
|Multip      | (A*B)'      | 30     | 18     | -      | -      | 32     | 0    | 0    | -    | -    | -     | 0    | 1    | 
|Multip      | (A*B)'      | 30     | 18     | -      | -      | 32     | 0    | 0    | -    | -    | -     | 0    | 1    | 
|Multip      | (A*B)'      | 30     | 18     | -      | -      | 32     | 0    | 0    | -    | -    | -     | 0    | 1    | 
|Multip      | (A*B)'      | 30     | 18     | -      | -      | 32     | 0    | 0    | -    | -    | -     | 0    | 1    | 
|Multip      | (A*B)'      | 30     | 18     | -      | -      | 32     | 0    | 0    | -    | -    | -     | 0    | 1    | 
|Multip      | (A*B)'      | 30     | 18     | -      | -      | 32     | 0    | 0    | -    | -    | -     | 0    | 1    | 
|Multip      | (A*B)'      | 30     | 18     | -      | -      | 32     | 0    | 0    | -    | -    | -     | 0    | 1    | 
|Multip      | (A*B)'      | 30     | 18     | -      | -      | 32     | 0    | 0    | -    | -    | -     | 0    | 1    | 
|Multip      | (A*B)'      | 30     | 18     | -      | -      | 32     | 0    | 0    | -    | -    | -     | 0    | 1    | 
|Multip      | (A*B)'      | 30     | 18     | -      | -      | 32     | 0    | 0    | -    | -    | -     | 0    | 1    | 
|Multip      | (A*B)'      | 30     | 18     | -      | -      | 32     | 0    | 0    | -    | -    | -     | 0    | 1    | 
|Multip      | (A*B)'      | 30     | 18     | -      | -      | 32     | 0    | 0    | -    | -    | -     | 0    | 1    | 
|Multip      | (A*B)'      | 30     | 18     | -      | -      | 32     | 0    | 0    | -    | -    | -     | 0    | 1    | 
|Multip      | (A*B)'      | 30     | 18     | -      | -      | 32     | 0    | 0    | -    | -    | -     | 0    | 1    | 
|Multip      | (A*B)'      | 30     | 18     | -      | -      | 32     | 0    | 0    | -    | -    | -     | 0    | 1    | 
|Multip      | (A*B)'      | 30     | 18     | -      | -      | 32     | 0    | 0    | -    | -    | -     | 0    | 1    | 
+------------+-------------+--------+--------+--------+--------+--------+------+------+------+------+-------+------+------+


Report BlackBoxes: 
+-+--------------+----------+
| |BlackBox name |Instances |
+-+--------------+----------+
+-+--------------+----------+

Report Cell Usage: 
+------+----------------+------+
|      |Cell            |Count |
+------+----------------+------+
|1     |CARRY8          |  2656|
|2     |DSP_ALU         |   288|
|3     |DSP_A_B_DATA    |   288|
|4     |DSP_C_DATA      |   288|
|5     |DSP_MULTIPLIER  |   288|
|6     |DSP_M_DATA      |   288|
|7     |DSP_OUTPUT      |   288|
|8     |DSP_PREADD      |   288|
|9     |DSP_PREADD_DATA |   288|
|10    |LUT1            |   112|
|11    |LUT2            | 12832|
|12    |LUT3            | 19005|
|13    |LUT4            |  5248|
|14    |LUT5            | 17632|
|15    |LUT6            | 49760|
|16    |MUXF7           |   464|
|17    |FDCE            | 29392|
|18    |FDPE            |    64|
+------+----------------+------+
---------------------------------------------------------------------------------
Finished Writing Synthesis Report : Time (s): cpu = 00:01:58 ; elapsed = 00:01:55 . Memory (MB): peak = 3896.324 ; gain = 1481.559 ; free physical = 14560 ; free virtual = 101110
---------------------------------------------------------------------------------
Synthesis finished with 0 errors, 0 critical warnings and 145 warnings.
Synthesis Optimization Runtime : Time (s): cpu = 00:01:43 ; elapsed = 00:01:45 . Memory (MB): peak = 3896.324 ; gain = 1217.117 ; free physical = 14560 ; free virtual = 101110
Synthesis Optimization Complete : Time (s): cpu = 00:01:58 ; elapsed = 00:01:56 . Memory (MB): peak = 3896.332 ; gain = 1481.559 ; free physical = 14560 ; free virtual = 101110
INFO: [Project 1-571] Translating synthesized netlist
Netlist sorting complete. Time (s): cpu = 00:00:00.86 ; elapsed = 00:00:00.87 . Memory (MB): peak = 3910.402 ; gain = 0.000 ; free physical = 14831 ; free virtual = 101381
INFO: [Netlist 29-17] Analyzing 3408 Unisim elements for replacement
INFO: [Netlist 29-28] Unisim Transformation completed in 1 CPU seconds
INFO: [Project 1-570] Preparing netlist for logic optimization
Parsing XDC File [/sim/tarsio/fastconv-ifn9m18-nbits16-ab5dee07/rtl/stream-column/fpga_zcu104/constraints/zcu104_317mhz.xdc]
WARNING: [Vivado 12-2489] -period contains time 3.154574 which will be rounded to 3.155 to ensure it is an integer multiple of 1 picosecond [/sim/tarsio/fastconv-ifn9m18-nbits16-ab5dee07/rtl/stream-column/fpga_zcu104/constraints/zcu104_317mhz.xdc:1]
Finished Parsing XDC File [/sim/tarsio/fastconv-ifn9m18-nbits16-ab5dee07/rtl/stream-column/fpga_zcu104/constraints/zcu104_317mhz.xdc]
INFO: [Opt 31-138] Pushed 0 inverter(s) to 0 load pin(s).
Netlist sorting complete. Time (s): cpu = 00:00:00.02 ; elapsed = 00:00:00.01 . Memory (MB): peak = 4154.035 ; gain = 0.000 ; free physical = 14629 ; free virtual = 101179
INFO: [Project 1-111] Unisim Transformation Summary:
  A total of 288 instances were transformed.
  DSP48E2 => DSP48E2 (DSP_ALU, DSP_A_B_DATA, DSP_C_DATA, DSP_MULTIPLIER, DSP_M_DATA, DSP_OUTPUT, DSP_PREADD, DSP_PREADD_DATA): 288 instances

Synth Design complete | Checksum: ece35cf4
INFO: [Common 17-83] Releasing license: Synthesis
49 Infos, 203 Warnings, 0 Critical Warnings and 0 Errors encountered.
synth_design completed successfully
synth_design: Time (s): cpu = 00:02:27 ; elapsed = 00:02:22 . Memory (MB): peak = 4154.070 ; gain = 2791.992 ; free physical = 14628 ; free virtual = 101177
INFO: [Common 17-2834] synth_design peak Physical Memory [PSS] (MB): overall = 3468.716; main = 3398.792; forked = 392.611
INFO: [Common 17-2834] synth_design peak Virtual Memory [VSS] (MB): overall = 4908.184; main = 4154.039; forked = 1011.855
Command: opt_design
Attempting to get a license for feature 'Implementation' and/or device 'xczu7ev'
INFO: [Common 17-349] Got license for feature 'Implementation' and/or device 'xczu7ev'
Running DRC as a precondition to command opt_design

Starting DRC Task
INFO: [DRC 23-27] Running DRC with 8 threads
INFO: [Project 1-461] DRC finished with 0 Errors
INFO: [Project 1-462] Please refer to the DRC report (report_drc) for more information.

Time (s): cpu = 00:00:03 ; elapsed = 00:00:00.99 . Memory (MB): peak = 4218.066 ; gain = 63.996 ; free physical = 14627 ; free virtual = 101176

Starting Cache Timing Information Task
INFO: [Timing 38-35] Done setting XDC timing constraints.
Ending Cache Timing Information Task | Checksum: 1e4a879d7

Time (s): cpu = 00:00:27 ; elapsed = 00:00:06 . Memory (MB): peak = 4341.879 ; gain = 123.812 ; free physical = 14529 ; free virtual = 101079

Starting Logic Optimization Task

Phase 1 Initialization

Phase 1.1 Core Generation And Design Setup
Phase 1.1 Core Generation And Design Setup | Checksum: 1e4a879d7

Time (s): cpu = 00:00:00.02 ; elapsed = 00:00:00.02 . Memory (MB): peak = 4344.848 ; gain = 0.000 ; free physical = 14520 ; free virtual = 101070

Phase 1.2 Setup Constraints And Sort Netlist
Phase 1.2 Setup Constraints And Sort Netlist | Checksum: 1e4a879d7

Time (s): cpu = 00:00:00.06 ; elapsed = 00:00:00.06 . Memory (MB): peak = 4344.848 ; gain = 0.000 ; free physical = 14520 ; free virtual = 101070
Phase 1 Initialization | Checksum: 1e4a879d7

Time (s): cpu = 00:00:00.07 ; elapsed = 00:00:00.07 . Memory (MB): peak = 4344.848 ; gain = 0.000 ; free physical = 14520 ; free virtual = 101070

Phase 2 Timer Update And Timing Data Collection

Phase 2.1 Timer Update
Phase 2.1 Timer Update | Checksum: 1e4a879d7

Time (s): cpu = 00:00:09 ; elapsed = 00:00:02 . Memory (MB): peak = 4344.848 ; gain = 0.000 ; free physical = 14520 ; free virtual = 101070

Phase 2.2 Timing Data Collection
Phase 2.2 Timing Data Collection | Checksum: 1e4a879d7

Time (s): cpu = 00:00:09 ; elapsed = 00:00:03 . Memory (MB): peak = 4344.848 ; gain = 0.000 ; free physical = 14518 ; free virtual = 101068
Phase 2 Timer Update And Timing Data Collection | Checksum: 1e4a879d7

Time (s): cpu = 00:00:09 ; elapsed = 00:00:03 . Memory (MB): peak = 4344.848 ; gain = 0.000 ; free physical = 14518 ; free virtual = 101068

Phase 3 Retarget
INFO: [Opt 31-1566] Pulled 16 inverters resulting in an inversion of 32 pins
INFO: [Opt 31-138] Pushed 0 inverter(s) to 0 load pin(s).
INFO: [Opt 31-49] Retargeted 0 cell(s).
Phase 3 Retarget | Checksum: 12d17909d

Time (s): cpu = 00:00:13 ; elapsed = 00:00:06 . Memory (MB): peak = 4344.848 ; gain = 0.000 ; free physical = 14517 ; free virtual = 101067
Retarget | Checksum: 12d17909d
INFO: [Opt 31-389] Phase Retarget created 2304 cells and removed 2320 cells

Phase 4 Constant propagation
INFO: [Opt 31-138] Pushed 0 inverter(s) to 0 load pin(s).
Phase 4 Constant propagation | Checksum: 85829204

Time (s): cpu = 00:00:14 ; elapsed = 00:00:07 . Memory (MB): peak = 4344.848 ; gain = 0.000 ; free physical = 14513 ; free virtual = 101063
Constant propagation | Checksum: 85829204
INFO: [Opt 31-389] Phase Constant propagation created 0 cells and removed 0 cells

Phase 5 Sweep
Phase 5 Sweep | Checksum: 9ccb19cf

Time (s): cpu = 00:00:16 ; elapsed = 00:00:09 . Memory (MB): peak = 4344.848 ; gain = 0.000 ; free physical = 14512 ; free virtual = 101062
Sweep | Checksum: 9ccb19cf
INFO: [Opt 31-389] Phase Sweep created 0 cells and removed 0 cells

Phase 6 BUFG optimization
INFO: [Opt 31-1077] Phase BUFG optimization inserted 0 global clock buffer(s) for CLOCK_LOW_FANOUT.
Phase 6 BUFG optimization | Checksum: 9ccb19cf

Time (s): cpu = 00:00:16 ; elapsed = 00:00:10 . Memory (MB): peak = 4376.863 ; gain = 32.016 ; free physical = 14512 ; free virtual = 101062
BUFG optimization | Checksum: 9ccb19cf
INFO: [Opt 31-662] Phase BUFG optimization created 0 cells of which 0 are BUFGs and removed 0 cells.

Phase 7 Shift Register Optimization
INFO: [Opt 31-1064] SRL Remap converted 0 SRLs to 0 registers and converted 0 registers of register chains to 0 SRLs
Phase 7 Shift Register Optimization | Checksum: 9ccb19cf

Time (s): cpu = 00:00:17 ; elapsed = 00:00:10 . Memory (MB): peak = 4376.863 ; gain = 32.016 ; free physical = 14512 ; free virtual = 101062
Shift Register Optimization | Checksum: 9ccb19cf
INFO: [Opt 31-389] Phase Shift Register Optimization created 0 cells and removed 0 cells

Phase 8 Post Processing Netlist
Phase 8 Post Processing Netlist | Checksum: 9ccb19cf

Time (s): cpu = 00:00:17 ; elapsed = 00:00:10 . Memory (MB): peak = 4376.863 ; gain = 32.016 ; free physical = 14512 ; free virtual = 101062
Post Processing Netlist | Checksum: 9ccb19cf
INFO: [Opt 31-389] Phase Post Processing Netlist created 0 cells and removed 0 cells

Phase 9 Finalization

Phase 9.1 Finalizing Design Cores and Updating Shapes
Phase 9.1 Finalizing Design Cores and Updating Shapes | Checksum: 898bc6d8

Time (s): cpu = 00:00:19 ; elapsed = 00:00:12 . Memory (MB): peak = 4376.863 ; gain = 32.016 ; free physical = 14512 ; free virtual = 101062

Phase 9.2 Verifying Netlist Connectivity

Starting Connectivity Check Task

Time (s): cpu = 00:00:00.3 ; elapsed = 00:00:00.31 . Memory (MB): peak = 4376.863 ; gain = 0.000 ; free physical = 14512 ; free virtual = 101062
Phase 9.2 Verifying Netlist Connectivity | Checksum: 898bc6d8

Time (s): cpu = 00:00:20 ; elapsed = 00:00:13 . Memory (MB): peak = 4376.863 ; gain = 32.016 ; free physical = 14512 ; free virtual = 101062
Phase 9 Finalization | Checksum: 898bc6d8

Time (s): cpu = 00:00:20 ; elapsed = 00:00:13 . Memory (MB): peak = 4376.863 ; gain = 32.016 ; free physical = 14512 ; free virtual = 101062
Opt_design Change Summary
=========================


-------------------------------------------------------------------------------------------------------------------------
|  Phase                        |  #Cells created  |  #Cells Removed  |  #Constrained objects preventing optimizations  |
-------------------------------------------------------------------------------------------------------------------------
|  Retarget                     |            2304  |            2320  |                                              0  |
|  Constant propagation         |               0  |               0  |                                              0  |
|  Sweep                        |               0  |               0  |                                              0  |
|  BUFG optimization            |               0  |               0  |                                              0  |
|  Shift Register Optimization  |               0  |               0  |                                              0  |
|  Post Processing Netlist      |               0  |               0  |                                              0  |
-------------------------------------------------------------------------------------------------------------------------


Ending Logic Optimization Task | Checksum: 898bc6d8

Time (s): cpu = 00:00:20 ; elapsed = 00:00:13 . Memory (MB): peak = 4376.863 ; gain = 32.016 ; free physical = 14512 ; free virtual = 101062
INFO: [Constraints 18-11670] Building netlist checker database with flags, 0x8
Done building netlist checker database: Time (s): cpu = 00:00:00.04 ; elapsed = 00:00:00.04 . Memory (MB): peak = 4376.863 ; gain = 0.000 ; free physical = 14512 ; free virtual = 101062

Starting Power Optimization Task
INFO: [Pwropt 34-132] Skipping clock gating for clocks with a period < 2.00 ns.
Ending Power Optimization Task | Checksum: 898bc6d8

Time (s): cpu = 00:00:00.06 ; elapsed = 00:00:00.07 . Memory (MB): peak = 4376.863 ; gain = 0.000 ; free physical = 14512 ; free virtual = 101062

Starting Final Cleanup Task
Ending Final Cleanup Task | Checksum: 898bc6d8

Time (s): cpu = 00:00:00.01 ; elapsed = 00:00:00 . Memory (MB): peak = 4376.863 ; gain = 0.000 ; free physical = 14512 ; free virtual = 101062

Starting Netlist Obfuscation Task
Netlist sorting complete. Time (s): cpu = 00:00:00.01 ; elapsed = 00:00:00.02 . Memory (MB): peak = 4376.863 ; gain = 0.000 ; free physical = 14512 ; free virtual = 101062
Ending Netlist Obfuscation Task | Checksum: 898bc6d8

Time (s): cpu = 00:00:00.02 ; elapsed = 00:00:00.03 . Memory (MB): peak = 4376.863 ; gain = 0.000 ; free physical = 14512 ; free virtual = 101062
INFO: [Common 17-83] Releasing license: Implementation
71 Infos, 203 Warnings, 0 Critical Warnings and 0 Errors encountered.
opt_design completed successfully
opt_design: Time (s): cpu = 00:00:51 ; elapsed = 00:00:22 . Memory (MB): peak = 4376.863 ; gain = 222.793 ; free physical = 14512 ; free virtual = 101062
Command: place_design -directive Explore
Attempting to get a license for feature 'Implementation' and/or device 'xczu7ev'
INFO: [Common 17-349] Got license for feature 'Implementation' and/or device 'xczu7ev'
INFO: [Common 17-83] Releasing license: Implementation
INFO: [DRC 23-27] Running DRC with 8 threads
INFO: [Vivado_Tcl 4-198] DRC finished with 0 Errors
INFO: [Vivado_Tcl 4-199] Please refer to the DRC report (report_drc) for more information.
Running DRC as a precondition to command place_design
INFO: [DRC 23-27] Running DRC with 8 threads
INFO: [Vivado_Tcl 4-198] DRC finished with 0 Errors
INFO: [Vivado_Tcl 4-199] Please refer to the DRC report (report_drc) for more information.
INFO: [Place 46-5] The placer was invoked with the 'Explore' directive.
INFO: [Place 30-611] Multithreading enabled for place_design using a maximum of 8 CPUs

Starting Placer Task

Phase 1 Placer Initialization

Phase 1.1 Placer Initialization Netlist Sorting
Netlist sorting complete. Time (s): cpu = 00:00:00.02 ; elapsed = 00:00:00.02 . Memory (MB): peak = 4408.879 ; gain = 0.000 ; free physical = 14515 ; free virtual = 101065
Phase 1.1 Placer Initialization Netlist Sorting | Checksum: 079258fd

Time (s): cpu = 00:00:00.03 ; elapsed = 00:00:00.04 . Memory (MB): peak = 4408.879 ; gain = 0.000 ; free physical = 14515 ; free virtual = 101065
Netlist sorting complete. Time (s): cpu = 00:00:00.01 ; elapsed = 00:00:00.01 . Memory (MB): peak = 4408.879 ; gain = 0.000 ; free physical = 14515 ; free virtual = 101065

Phase 1.2 IO Placement/ Clock Placement/ Build Placer Device
INFO: [Timing 38-35] Done setting XDC timing constraints.
Phase 1.2 IO Placement/ Clock Placement/ Build Placer Device | Checksum: 6f326801

Time (s): cpu = 00:00:43 ; elapsed = 00:00:22 . Memory (MB): peak = 4800.387 ; gain = 391.508 ; free physical = 14205 ; free virtual = 100755

Phase 1.3 Build Placer Netlist Model
Phase 1.3 Build Placer Netlist Model | Checksum: cf16d9f4

Time (s): cpu = 00:01:25 ; elapsed = 00:00:41 . Memory (MB): peak = 5116.914 ; gain = 708.035 ; free physical = 13735 ; free virtual = 100285

Phase 1.4 Constrain Clocks/Macros
Phase 1.4 Constrain Clocks/Macros | Checksum: cf16d9f4

Time (s): cpu = 00:01:26 ; elapsed = 00:00:41 . Memory (MB): peak = 5116.914 ; gain = 708.035 ; free physical = 13735 ; free virtual = 100285
Phase 1 Placer Initialization | Checksum: cf16d9f4

Time (s): cpu = 00:01:26 ; elapsed = 00:00:41 . Memory (MB): peak = 5116.914 ; gain = 708.035 ; free physical = 13735 ; free virtual = 100285

Phase 2 Global Placement

Phase 2.1 Floorplanning

Phase 2.1.1 Partition Driven Placement

Phase 2.1.1.1 PBP: Partition Driven Placement
Phase 2.1.1.1 PBP: Partition Driven Placement | Checksum: 82667657

Time (s): cpu = 00:02:24 ; elapsed = 00:01:05 . Memory (MB): peak = 5196.953 ; gain = 788.074 ; free physical = 13728 ; free virtual = 100278

Phase 2.1.1.2 PBP: Clock Region Placement
INFO: [Place 30-3164] Check ILP status : ILP-based clock placer is skipped.
Phase 2.1.1.2 PBP: Clock Region Placement | Checksum: 82667657

Time (s): cpu = 00:02:24 ; elapsed = 00:01:05 . Memory (MB): peak = 5196.953 ; gain = 788.074 ; free physical = 13728 ; free virtual = 100278

Phase 2.1.1.3 PBP: Compute Congestion
Phase 2.1.1.3 PBP: Compute Congestion | Checksum: 82667657

Time (s): cpu = 00:02:42 ; elapsed = 00:01:10 . Memory (MB): peak = 5486.938 ; gain = 1078.059 ; free physical = 13405 ; free virtual = 99955

Phase 2.1.1.4 PBP: UpdateTiming
Phase 2.1.1.4 PBP: UpdateTiming | Checksum: 86a78fc6

Time (s): cpu = 00:02:50 ; elapsed = 00:01:13 . Memory (MB): peak = 5518.953 ; gain = 1110.074 ; free physical = 13403 ; free virtual = 99953

Phase 2.1.1.5 PBP: Add part constraints
Phase 2.1.1.5 PBP: Add part constraints | Checksum: 86a78fc6

Time (s): cpu = 00:02:51 ; elapsed = 00:01:13 . Memory (MB): peak = 5518.953 ; gain = 1110.074 ; free physical = 13403 ; free virtual = 99953
Phase 2.1.1 Partition Driven Placement | Checksum: 86a78fc6

Time (s): cpu = 00:02:51 ; elapsed = 00:01:14 . Memory (MB): peak = 5518.953 ; gain = 1110.074 ; free physical = 13403 ; free virtual = 99953
Phase 2.1 Floorplanning | Checksum: 86a78fc6

Time (s): cpu = 00:02:51 ; elapsed = 00:01:14 . Memory (MB): peak = 5518.953 ; gain = 1110.074 ; free physical = 13403 ; free virtual = 99953

Phase 2.2 Update Timing before SLR Path Opt
Phase 2.2 Update Timing before SLR Path Opt | Checksum: 86a78fc6

Time (s): cpu = 00:02:51 ; elapsed = 00:01:14 . Memory (MB): peak = 5518.953 ; gain = 1110.074 ; free physical = 13403 ; free virtual = 99953

Phase 2.3 Post-Processing in Floorplanning
Phase 2.3 Post-Processing in Floorplanning | Checksum: 1352e5aa4

Time (s): cpu = 00:02:52 ; elapsed = 00:01:14 . Memory (MB): peak = 5518.953 ; gain = 1110.074 ; free physical = 13403 ; free virtual = 99953

Phase 2.4 Global Placement Core

Phase 2.4.1 UpdateTiming Before Physical Synthesis
Phase 2.4.1 UpdateTiming Before Physical Synthesis | Checksum: 156f964cc

Time (s): cpu = 00:07:02 ; elapsed = 00:02:44 . Memory (MB): peak = 5757.953 ; gain = 1349.074 ; free physical = 13164 ; free virtual = 99714

Phase 2.4.2 Physical Synthesis In Placer
INFO: [Physopt 32-1035] Found 144 LUTNM shape to break, 6446 LUT instances to create LUTNM shape
INFO: [Physopt 32-1044] Break lutnm for timing: one critical 81, two critical 63, total 144, new lutff created 0
INFO: [Physopt 32-1138] End 1 Pass. Optimized 2696 nets or LUTs. Breaked 144 LUTs, combined 2552 existing LUTs and moved 0 existing LUT
INFO: [Physopt 32-1030] Pass 1. Identified 224 candidate driver sets for equivalent driver rewiring.
INFO: [Physopt 32-661] Optimized 156 nets.  Re-placed 605 instances.
INFO: [Physopt 32-775] End 1 Pass. Optimized 156 nets or cells. Created 0 new cell, deleted 8 existing cells and moved 605 existing cells
Netlist sorting complete. Time (s): cpu = 00:00:00.39 ; elapsed = 00:00:00.39 . Memory (MB): peak = 5757.953 ; gain = 0.000 ; free physical = 13162 ; free virtual = 99712
INFO: [Physopt 32-65] No nets found for high-fanout optimization.
INFO: [Physopt 32-232] Optimized 0 net. Created 0 new instance.
INFO: [Physopt 32-775] End 1 Pass. Optimized 0 net or cell. Created 0 new cell, deleted 0 existing cell and moved 0 existing cell
INFO: [Physopt 32-456] No candidate cells for DSP register optimization found in the design.
INFO: [Physopt 32-775] End 2 Pass. Optimized 0 net or cell. Created 0 new cell, deleted 0 existing cell and moved 0 existing cell
INFO: [Physopt 32-1123] No candidate cells found for Shift Register to Pipeline optimization
INFO: [Physopt 32-775] End 2 Pass. Optimized 0 net or cell. Created 0 new cell, deleted 0 existing cell and moved 0 existing cell
INFO: [Physopt 32-1401] No candidate cells found for Shift Register optimization.
INFO: [Physopt 32-677] No candidate cells for Shift Register optimization found in the design
INFO: [Physopt 32-775] End 1 Pass. Optimized 0 net or cell. Created 0 new cell, deleted 0 existing cell and moved 0 existing cell
INFO: [Physopt 32-526] No candidate cells for BRAM register optimization found in the design
INFO: [Physopt 32-775] End 1 Pass. Optimized 0 net or cell. Created 0 new cell, deleted 0 existing cell and moved 0 existing cell
INFO: [Physopt 32-846] No candidate cells for URAM register optimization found in the design
INFO: [Physopt 32-775] End 1 Pass. Optimized 0 net or cell. Created 0 new cell, deleted 0 existing cell and moved 0 existing cell
INFO: [Physopt 32-846] No candidate cells for URAM register optimization found in the design
INFO: [Physopt 32-775] End 1 Pass. Optimized 0 net or cell. Created 0 new cell, deleted 0 existing cell and moved 0 existing cell
INFO: [Physopt 32-949] No candidate nets found for dynamic/static region interface net replication
INFO: [Physopt 32-775] End 1 Pass. Optimized 0 net or cell. Created 0 new cell, deleted 0 existing cell and moved 0 existing cell
Netlist sorting complete. Time (s): cpu = 00:00:00.02 ; elapsed = 00:00:00.02 . Memory (MB): peak = 5757.953 ; gain = 0.000 ; free physical = 13162 ; free virtual = 99712

Summary of Physical Synthesis Optimizations
============================================


-----------------------------------------------------------------------------------------------------------------------------------------------------------
|  Optimization                                     |  Added Cells  |  Removed Cells  |  Optimized Cells/Nets  |  Dont Touch  |  Iterations  |  Elapsed   |
-----------------------------------------------------------------------------------------------------------------------------------------------------------
|  LUT Combining                                    |          144  |           2552  |                  2696  |           0  |           1  |  00:00:03  |
|  Retime                                           |            0  |              0  |                     0  |           0  |           1  |  00:00:00  |
|  Equivalent Driver Rewiring                       |            0  |              8  |                   156  |           0  |           1  |  00:00:08  |
|  Very High Fanout                                 |            0  |              0  |                     0  |           0  |           1  |  00:00:01  |
|  DSP Register                                     |            0  |              0  |                     0  |           0  |           1  |  00:00:00  |
|  Shift Register to Pipeline                       |            0  |              0  |                     0  |           0  |           1  |  00:00:00  |
|  Shift Register                                   |            0  |              0  |                     0  |           0  |           1  |  00:00:00  |
|  BRAM Register                                    |            0  |              0  |                     0  |           0  |           1  |  00:00:00  |
|  URAM Register                                    |            0  |              0  |                     0  |           0  |           1  |  00:00:00  |
|  Dynamic/Static Region Interface Net Replication  |            0  |              0  |                     0  |           0  |           1  |  00:00:00  |
|  Total                                            |          144  |           2560  |                  2852  |           0  |          10  |  00:00:12  |
-----------------------------------------------------------------------------------------------------------------------------------------------------------


Phase 2.4.2 Physical Synthesis In Placer | Checksum: 1dc7f6cda

Time (s): cpu = 00:07:27 ; elapsed = 00:03:02 . Memory (MB): peak = 5757.953 ; gain = 1349.074 ; free physical = 13162 ; free virtual = 99712
Phase 2.4 Global Placement Core | Checksum: f7be70e7

Time (s): cpu = 00:07:57 ; elapsed = 00:03:12 . Memory (MB): peak = 5757.953 ; gain = 1349.074 ; free physical = 13260 ; free virtual = 99810
Phase 2 Global Placement | Checksum: f7be70e7

Time (s): cpu = 00:07:57 ; elapsed = 00:03:12 . Memory (MB): peak = 5757.953 ; gain = 1349.074 ; free physical = 13260 ; free virtual = 99810

Phase 3 Detail Placement

Phase 3.1 Commit Multi Column Macros
Phase 3.1 Commit Multi Column Macros | Checksum: 10501c54b

Time (s): cpu = 00:08:24 ; elapsed = 00:03:20 . Memory (MB): peak = 5757.953 ; gain = 1349.074 ; free physical = 13259 ; free virtual = 99809

Phase 3.2 Commit Most Macros & LUTRAMs
Phase 3.2 Commit Most Macros & LUTRAMs | Checksum: 14de5a28d

Time (s): cpu = 00:08:38 ; elapsed = 00:03:26 . Memory (MB): peak = 5757.953 ; gain = 1349.074 ; free physical = 13259 ; free virtual = 99809

Phase 3.3 Small Shape DP

Phase 3.3.1 Small Shape Clustering
Phase 3.3.1 Small Shape Clustering | Checksum: acbc6958

Time (s): cpu = 00:10:23 ; elapsed = 00:03:53 . Memory (MB): peak = 5757.953 ; gain = 1349.074 ; free physical = 13194 ; free virtual = 99744

Phase 3.3.2 Slice Area Swap

Phase 3.3.2.1 Slice Area Swap Initial
Phase 3.3.2.1 Slice Area Swap Initial | Checksum: 113b9cc0c

Time (s): cpu = 00:10:35 ; elapsed = 00:04:03 . Memory (MB): peak = 5757.953 ; gain = 1349.074 ; free physical = 13194 ; free virtual = 99744
Phase 3.3.2 Slice Area Swap | Checksum: 113b9cc0c

Time (s): cpu = 00:10:36 ; elapsed = 00:04:04 . Memory (MB): peak = 5757.953 ; gain = 1349.074 ; free physical = 13194 ; free virtual = 99744
Phase 3.3 Small Shape DP | Checksum: 1c021bb52

Time (s): cpu = 00:11:00 ; elapsed = 00:04:11 . Memory (MB): peak = 5757.953 ; gain = 1349.074 ; free physical = 13195 ; free virtual = 99746

Phase 3.4 Re-assign LUT pins
Phase 3.4 Re-assign LUT pins | Checksum: 171eb831f

Time (s): cpu = 00:11:06 ; elapsed = 00:04:18 . Memory (MB): peak = 5757.953 ; gain = 1349.074 ; free physical = 13196 ; free virtual = 99746

Phase 3.5 Pipeline Register Optimization
Phase 3.5 Pipeline Register Optimization | Checksum: 13d68ae37

Time (s): cpu = 00:11:07 ; elapsed = 00:04:19 . Memory (MB): peak = 5757.953 ; gain = 1349.074 ; free physical = 13196 ; free virtual = 99746

Phase 3.6 Fast Optimization
Phase 3.6 Fast Optimization | Checksum: 11d3ad063

Time (s): cpu = 00:12:01 ; elapsed = 00:04:32 . Memory (MB): peak = 5757.953 ; gain = 1349.074 ; free physical = 13193 ; free virtual = 99744
Phase 3 Detail Placement | Checksum: 11d3ad063

Time (s): cpu = 00:12:02 ; elapsed = 00:04:33 . Memory (MB): peak = 5757.953 ; gain = 1349.074 ; free physical = 13193 ; free virtual = 99744

Phase 4 Post Placement Optimization and Clean-Up

Phase 4.1 Post Commit Optimization
INFO: [Timing 38-35] Done setting XDC timing constraints.

Phase 4.1.1 Post Placement Optimization
Post Placement Optimization Initialization | Checksum: db6b8e5a

Phase 4.1.1.1 BUFG Insertion

Starting Physical Synthesis Task

Phase 1 Physical Synthesis Initialization
INFO: [Physopt 32-721] Multithreading enabled for phys_opt_design using a maximum of 8 CPUs
INFO: [Physopt 32-619] Estimated Timing Summary | WNS=-0.130 | TNS=-0.888 |
Phase 1 Physical Synthesis Initialization | Checksum: 105c0231b

Time (s): cpu = 00:00:06 ; elapsed = 00:00:02 . Memory (MB): peak = 5757.953 ; gain = 0.000 ; free physical = 13164 ; free virtual = 99714
INFO: [Place 46-56] BUFG insertion identified 0 candidate nets. Inserted BUFG: 0, Replicated BUFG Driver: 0, Skipped due to Placement/Routing Conflicts: 0, Skipped due to Timing Degradation: 0, Skipped due to netlist editing failed: 0.
Ending Physical Synthesis Task | Checksum: 105c0231b

Time (s): cpu = 00:00:08 ; elapsed = 00:00:04 . Memory (MB): peak = 5757.953 ; gain = 0.000 ; free physical = 13163 ; free virtual = 99714
Phase 4.1.1.1 BUFG Insertion | Checksum: db6b8e5a

Time (s): cpu = 00:13:26 ; elapsed = 00:04:57 . Memory (MB): peak = 5757.953 ; gain = 1349.074 ; free physical = 13163 ; free virtual = 99714

Phase 4.1.1.2 Post Placement Timing Optimization
INFO: [Place 30-746] Post Placement Timing Summary WNS=0.119. For the most accurate timing information please run report_timing.
Phase 4.1.1.2 Post Placement Timing Optimization | Checksum: 17812aff6

Time (s): cpu = 00:14:00 ; elapsed = 00:05:28 . Memory (MB): peak = 5757.953 ; gain = 1349.074 ; free physical = 13161 ; free virtual = 99712

Time (s): cpu = 00:14:00 ; elapsed = 00:05:28 . Memory (MB): peak = 5757.953 ; gain = 1349.074 ; free physical = 13161 ; free virtual = 99712
Phase 4.1 Post Commit Optimization | Checksum: 17812aff6

Time (s): cpu = 00:14:01 ; elapsed = 00:05:29 . Memory (MB): peak = 5757.953 ; gain = 1349.074 ; free physical = 13161 ; free virtual = 99712

Phase 4.2 Post Placement Cleanup
Phase 4.2 Post Placement Cleanup | Checksum: 17812aff6

Time (s): cpu = 00:14:25 ; elapsed = 00:05:39 . Memory (MB): peak = 5760.938 ; gain = 1352.059 ; free physical = 13124 ; free virtual = 99674

Phase 4.3 Placer Reporting

Phase 4.3.1 Print Estimated Congestion
INFO: [Place 30-612] Post-Placement Estimated Congestion 
 ________________________________________________________________________
|           | Global Congestion | Long Congestion   | Short Congestion  |
| Direction | Region Size       | Region Size       | Region Size       |
|___________|___________________|___________________|___________________|
|      North|                1x1|                1x1|                4x4|
|___________|___________________|___________________|___________________|
|      South|                1x1|                1x1|                8x8|
|___________|___________________|___________________|___________________|
|       East|                1x1|                1x1|                8x8|
|___________|___________________|___________________|___________________|
|       West|                1x1|                1x1|                8x8|
|___________|___________________|___________________|___________________|

Phase 4.3.1 Print Estimated Congestion | Checksum: 17812aff6

Time (s): cpu = 00:14:26 ; elapsed = 00:05:40 . Memory (MB): peak = 5760.938 ; gain = 1352.059 ; free physical = 13124 ; free virtual = 99674
Phase 4.3 Placer Reporting | Checksum: 17812aff6

Time (s): cpu = 00:14:26 ; elapsed = 00:05:41 . Memory (MB): peak = 5760.938 ; gain = 1352.059 ; free physical = 13124 ; free virtual = 99674

Phase 4.4 Final Placement Cleanup
Netlist sorting complete. Time (s): cpu = 00:00:00.02 ; elapsed = 00:00:00.02 . Memory (MB): peak = 5760.938 ; gain = 0.000 ; free physical = 13124 ; free virtual = 99674

Time (s): cpu = 00:14:27 ; elapsed = 00:05:41 . Memory (MB): peak = 5760.938 ; gain = 1352.059 ; free physical = 13124 ; free virtual = 99674
Phase 4 Post Placement Optimization and Clean-Up | Checksum: 1b84c7b84

Time (s): cpu = 00:14:27 ; elapsed = 00:05:42 . Memory (MB): peak = 5760.938 ; gain = 1352.059 ; free physical = 13124 ; free virtual = 99674
Ending Placer Task | Checksum: 1817dacaf

Time (s): cpu = 00:14:28 ; elapsed = 00:05:42 . Memory (MB): peak = 5760.938 ; gain = 1352.059 ; free physical = 13124 ; free virtual = 99674
113 Infos, 203 Warnings, 0 Critical Warnings and 0 Errors encountered.
place_design completed successfully
place_design: Time (s): cpu = 00:14:36 ; elapsed = 00:05:46 . Memory (MB): peak = 5760.938 ; gain = 1384.074 ; free physical = 13124 ; free virtual = 99674
Command: phys_opt_design -directive Explore
Attempting to get a license for feature 'Implementation' and/or device 'xczu7ev'
INFO: [Common 17-349] Got license for feature 'Implementation' and/or device 'xczu7ev'
INFO: [Vivado_Tcl 4-137] Directive used for phys_opt_design is: Explore

Starting Initial Update Timing Task
WARNING: [Timing 38-242] The property HD.CLK_SRC of clock port "clk" is not set. In out-of-context mode, this prevents timing estimation for clock delay/skew
Resolution: Set the HD.CLK_SRC property of the out-of-context port to the location of the clock buffer instance in the top-level design

Time (s): cpu = 00:00:33 ; elapsed = 00:00:08 . Memory (MB): peak = 5760.938 ; gain = 0.000 ; free physical = 13126 ; free virtual = 99676
INFO: [Vivado_Tcl 4-383] Design worst setup slack (WNS) is greater than or equal to 0.000 ns. Skipping all physical synthesis optimizations.
INFO: [Vivado_Tcl 4-232] No setup violation found. The netlist was not modified.
INFO: [Common 17-83] Releasing license: Implementation
118 Infos, 204 Warnings, 0 Critical Warnings and 0 Errors encountered.
phys_opt_design completed successfully
phys_opt_design: Time (s): cpu = 00:00:34 ; elapsed = 00:00:09 . Memory (MB): peak = 5760.938 ; gain = 0.000 ; free physical = 13126 ; free virtual = 99676
Command: route_design -directive Explore
Attempting to get a license for feature 'Implementation' and/or device 'xczu7ev'
INFO: [Common 17-349] Got license for feature 'Implementation' and/or device 'xczu7ev'
Running DRC as a precondition to command route_design
INFO: [DRC 23-27] Running DRC with 8 threads
INFO: [Vivado_Tcl 4-198] DRC finished with 0 Errors
INFO: [Vivado_Tcl 4-199] Please refer to the DRC report (report_drc) for more information.


Starting Routing Task
INFO: [Route 35-270] Using Router directive 'Explore'.
INFO: [Route 35-254] Multithreading enabled for route_design using a maximum of 8 CPUs

Phase 1 Build RT Design
Checksum: PlaceDB: d72d901e ConstDB: 0 ShapeSum: aa501c91 RouteDB: 0
Nodegraph reading from file.  Time (s): cpu = 00:00:00.75 ; elapsed = 00:00:00.76 . Memory (MB): peak = 5856.984 ; gain = 0.000 ; free physical = 13132 ; free virtual = 99683
WARNING: [Route 35-197] Clock port "clk" does not have an associated HD.CLK_SRC. Without this constraint, timing analysis may not be accurate and upstream checks cannot be done to ensure correct clock placement.
WARNING: [Route 35-198] Port "reset" does not have an associated HD.PARTPIN_LOCS, which will prevent the partial routing of the signal "reset". Without this partial route, timing analysis to/from this port will not be accurate, and no routing information for this port can be exported.
WARNING: [Route 35-198] Port "p_output_data_read[11][26]" does not have an associated HD.PARTPIN_LOCS, which will prevent the partial routing of the signal "p_output_data_read[11][26]". Without this partial route, timing analysis to/from this port will not be accurate, and no routing information for this port can be exported.
WARNING: [Route 35-198] Port "p_output_data_read[11][27]" does not have an associated HD.PARTPIN_LOCS, which will prevent the partial routing of the signal "p_output_data_read[11][27]". Without this partial route, timing analysis to/from this port will not be accurate, and no routing information for this port can be exported.
WARNING: [Route 35-198] Port "p_output_data_read[11][28]" does not have an associated HD.PARTPIN_LOCS, which will prevent the partial routing of the signal "p_output_data_read[11][28]". Without this partial route, timing analysis to/from this port will not be accurate, and no routing information for this port can be exported.
WARNING: [Route 35-198] Port "p_output_data_read[11][29]" does not have an associated HD.PARTPIN_LOCS, which will prevent the partial routing of the signal "p_output_data_read[11][29]". Without this partial route, timing analysis to/from this port will not be accurate, and no routing information for this port can be exported.
WARNING: [Route 35-198] Port "p_output_data_read[11][30]" does not have an associated HD.PARTPIN_LOCS, which will prevent the partial routing of the signal "p_output_data_read[11][30]". Without this partial route, timing analysis to/from this port will not be accurate, and no routing information for this port can be exported.
WARNING: [Route 35-198] Port "p_output_data_read[11][31]" does not have an associated HD.PARTPIN_LOCS, which will prevent the partial routing of the signal "p_output_data_read[11][31]". Without this partial route, timing analysis to/from this port will not be accurate, and no routing information for this port can be exported.
WARNING: [Route 35-198] Port "p_output_data_read[11][16]" does not have an associated HD.PARTPIN_LOCS, which will prevent the partial routing of the signal "p_output_data_read[11][16]". Without this partial route, timing analysis to/from this port will not be accurate, and no routing information for this port can be exported.
WARNING: [Route 35-198] Port "p_output_data_read[11][17]" does not have an associated HD.PARTPIN_LOCS, which will prevent the partial routing of the signal "p_output_data_read[11][17]". Without this partial route, timing analysis to/from this port will not be accurate, and no routing information for this port can be exported.
WARNING: [Route 35-198] Port "p_output_data_read[11][18]" does not have an associated HD.PARTPIN_LOCS, which will prevent the partial routing of the signal "p_output_data_read[11][18]". Without this partial route, timing analysis to/from this port will not be accurate, and no routing information for this port can be exported.
WARNING: [Route 35-198] Port "p_output_data_read[11][19]" does not have an associated HD.PARTPIN_LOCS, which will prevent the partial routing of the signal "p_output_data_read[11][19]". Without this partial route, timing analysis to/from this port will not be accurate, and no routing information for this port can be exported.
WARNING: [Route 35-198] Port "p_output_data_read[11][20]" does not have an associated HD.PARTPIN_LOCS, which will prevent the partial routing of the signal "p_output_data_read[11][20]". Without this partial route, timing analysis to/from this port will not be accurate, and no routing information for this port can be exported.
WARNING: [Route 35-198] Port "p_output_data_read[11][21]" does not have an associated HD.PARTPIN_LOCS, which will prevent the partial routing of the signal "p_output_data_read[11][21]". Without this partial route, timing analysis to/from this port will not be accurate, and no routing information for this port can be exported.
WARNING: [Route 35-198] Port "p_output_data_read[11][22]" does not have an associated HD.PARTPIN_LOCS, which will prevent the partial routing of the signal "p_output_data_read[11][22]". Without this partial route, timing analysis to/from this port will not be accurate, and no routing information for this port can be exported.
WARNING: [Route 35-198] Port "p_output_data_read[11][23]" does not have an associated HD.PARTPIN_LOCS, which will prevent the partial routing of the signal "p_output_data_read[11][23]". Without this partial route, timing analysis to/from this port will not be accurate, and no routing information for this port can be exported.
WARNING: [Route 35-198] Port "p_output_data_read[11][42]" does not have an associated HD.PARTPIN_LOCS, which will prevent the partial routing of the signal "p_output_data_read[11][42]". Without this partial route, timing analysis to/from this port will not be accurate, and no routing information for this port can be exported.
WARNING: [Route 35-198] Port "p_output_data_read[11][43]" does not have an associated HD.PARTPIN_LOCS, which will prevent the partial routing of the signal "p_output_data_read[11][43]". Without this partial route, timing analysis to/from this port will not be accurate, and no routing information for this port can be exported.
WARNING: [Route 35-198] Port "p_input_valid[11]" does not have an associated HD.PARTPIN_LOCS, which will prevent the partial routing of the signal "p_input_valid[11]". Without this partial route, timing analysis to/from this port will not be accurate, and no routing information for this port can be exported.
WARNING: [Route 35-198] Port "p_start" does not have an associated HD.PARTPIN_LOCS, which will prevent the partial routing of the signal "p_start". Without this partial route, timing analysis to/from this port will not be accurate, and no routing information for this port can be exported.
WARNING: [Route 35-198] Port "p_input_valid[9]" does not have an associated HD.PARTPIN_LOCS, which will prevent the partial routing of the signal "p_input_valid[9]". Without this partial route, timing analysis to/from this port will not be accurate, and no routing information for this port can be exported.
WARNING: [Route 35-198] Port "p_output_valid[9]" does not have an associated HD.PARTPIN_LOCS, which will prevent the partial routing of the signal "p_output_valid[9]". Without this partial route, timing analysis to/from this port will not be accurate, and no routing information for this port can be exported.
WARNING: [Route 35-198] Port "p_output_data_read[11][24]" does not have an associated HD.PARTPIN_LOCS, which will prevent the partial routing of the signal "p_output_data_read[11][24]". Without this partial route, timing analysis to/from this port will not be accurate, and no routing information for this port can be exported.
WARNING: [Route 35-198] Port "p_output_data_read[11][25]" does not have an associated HD.PARTPIN_LOCS, which will prevent the partial routing of the signal "p_output_data_read[11][25]". Without this partial route, timing analysis to/from this port will not be accurate, and no routing information for this port can be exported.
WARNING: [Route 35-198] Port "p_output_data_read[11][44]" does not have an associated HD.PARTPIN_LOCS, which will prevent the partial routing of the signal "p_output_data_read[11][44]". Without this partial route, timing analysis to/from this port will not be accurate, and no routing information for this port can be exported.
WARNING: [Route 35-198] Port "p_output_data_read[11][45]" does not have an associated HD.PARTPIN_LOCS, which will prevent the partial routing of the signal "p_output_data_read[11][45]". Without this partial route, timing analysis to/from this port will not be accurate, and no routing information for this port can be exported.
WARNING: [Route 35-198] Port "p_output_data_read[11][46]" does not have an associated HD.PARTPIN_LOCS, which will prevent the partial routing of the signal "p_output_data_read[11][46]". Without this partial route, timing analysis to/from this port will not be accurate, and no routing information for this port can be exported.
WARNING: [Route 35-198] Port "p_output_data_read[11][47]" does not have an associated HD.PARTPIN_LOCS, which will prevent the partial routing of the signal "p_output_data_read[11][47]". Without this partial route, timing analysis to/from this port will not be accurate, and no routing information for this port can be exported.
WARNING: [Route 35-198] Port "p_input_data[9][30]" does not have an associated HD.PARTPIN_LOCS, which will prevent the partial routing of the signal "p_input_data[9][30]". Without this partial route, timing analysis to/from this port will not be accurate, and no routing information for this port can be exported.
WARNING: [Route 35-198] Port "p_input_data[9][14]" does not have an associated HD.PARTPIN_LOCS, which will prevent the partial routing of the signal "p_input_data[9][14]". Without this partial route, timing analysis to/from this port will not be accurate, and no routing information for this port can be exported.
WARNING: [Route 35-198] Port "p_input_data[9][15]" does not have an associated HD.PARTPIN_LOCS, which will prevent the partial routing of the signal "p_input_data[9][15]". Without this partial route, timing analysis to/from this port will not be accurate, and no routing information for this port can be exported.
WARNING: [Route 35-198] Port "p_output_data_read[9][40]" does not have an associated HD.PARTPIN_LOCS, which will prevent the partial routing of the signal "p_output_data_read[9][40]". Without this partial route, timing analysis to/from this port will not be accurate, and no routing information for this port can be exported.
WARNING: [Route 35-198] Port "p_output_data_read[9][41]" does not have an associated HD.PARTPIN_LOCS, which will prevent the partial routing of the signal "p_output_data_read[9][41]". Without this partial route, timing analysis to/from this port will not be accurate, and no routing information for this port can be exported.
WARNING: [Route 35-198] Port "p_output_data_read[9][46]" does not have an associated HD.PARTPIN_LOCS, which will prevent the partial routing of the signal "p_output_data_read[9][46]". Without this partial route, timing analysis to/from this port will not be accurate, and no routing information for this port can be exported.
WARNING: [Route 35-198] Port "p_output_data_read[9][47]" does not have an associated HD.PARTPIN_LOCS, which will prevent the partial routing of the signal "p_output_data_read[9][47]". Without this partial route, timing analysis to/from this port will not be accurate, and no routing information for this port can be exported.
WARNING: [Route 35-198] Port "p_output_data_read[9][12]" does not have an associated HD.PARTPIN_LOCS, which will prevent the partial routing of the signal "p_output_data_read[9][12]". Without this partial route, timing analysis to/from this port will not be accurate, and no routing information for this port can be exported.
WARNING: [Route 35-198] Port "p_output_data_read[9][13]" does not have an associated HD.PARTPIN_LOCS, which will prevent the partial routing of the signal "p_output_data_read[9][13]". Without this partial route, timing analysis to/from this port will not be accurate, and no routing information for this port can be exported.
WARNING: [Route 35-198] Port "p_output_data_read[11][32]" does not have an associated HD.PARTPIN_LOCS, which will prevent the partial routing of the signal "p_output_data_read[11][32]". Without this partial route, timing analysis to/from this port will not be accurate, and no routing information for this port can be exported.
WARNING: [Route 35-198] Port "p_output_data_read[11][33]" does not have an associated HD.PARTPIN_LOCS, which will prevent the partial routing of the signal "p_output_data_read[11][33]". Without this partial route, timing analysis to/from this port will not be accurate, and no routing information for this port can be exported.
WARNING: [Route 35-198] Port "p_output_data_read[11][34]" does not have an associated HD.PARTPIN_LOCS, which will prevent the partial routing of the signal "p_output_data_read[11][34]". Without this partial route, timing analysis to/from this port will not be accurate, and no routing information for this port can be exported.
WARNING: [Route 35-198] Port "p_output_data_read[11][35]" does not have an associated HD.PARTPIN_LOCS, which will prevent the partial routing of the signal "p_output_data_read[11][35]". Without this partial route, timing analysis to/from this port will not be accurate, and no routing information for this port can be exported.
WARNING: [Route 35-198] Port "p_output_data_read[11][36]" does not have an associated HD.PARTPIN_LOCS, which will prevent the partial routing of the signal "p_output_data_read[11][36]". Without this partial route, timing analysis to/from this port will not be accurate, and no routing information for this port can be exported.
WARNING: [Route 35-198] Port "p_output_data_read[11][37]" does not have an associated HD.PARTPIN_LOCS, which will prevent the partial routing of the signal "p_output_data_read[11][37]". Without this partial route, timing analysis to/from this port will not be accurate, and no routing information for this port can be exported.
WARNING: [Route 35-198] Port "p_output_valid[11]" does not have an associated HD.PARTPIN_LOCS, which will prevent the partial routing of the signal "p_output_valid[11]". Without this partial route, timing analysis to/from this port will not be accurate, and no routing information for this port can be exported.
WARNING: [Route 35-198] Port "p_output_data_read[8][40]" does not have an associated HD.PARTPIN_LOCS, which will prevent the partial routing of the signal "p_output_data_read[8][40]". Without this partial route, timing analysis to/from this port will not be accurate, and no routing information for this port can be exported.
WARNING: [Route 35-198] Port "p_output_data_read[8][41]" does not have an associated HD.PARTPIN_LOCS, which will prevent the partial routing of the signal "p_output_data_read[8][41]". Without this partial route, timing analysis to/from this port will not be accurate, and no routing information for this port can be exported.
WARNING: [Route 35-198] Port "p_input_data[9][63]" does not have an associated HD.PARTPIN_LOCS, which will prevent the partial routing of the signal "p_input_data[9][63]". Without this partial route, timing analysis to/from this port will not be accurate, and no routing information for this port can be exported.
WARNING: [Route 35-198] Port "p_input_data[9][58]" does not have an associated HD.PARTPIN_LOCS, which will prevent the partial routing of the signal "p_input_data[9][58]". Without this partial route, timing analysis to/from this port will not be accurate, and no routing information for this port can be exported.
WARNING: [Route 35-198] Port "p_input_data[9][10]" does not have an associated HD.PARTPIN_LOCS, which will prevent the partial routing of the signal "p_input_data[9][10]". Without this partial route, timing analysis to/from this port will not be accurate, and no routing information for this port can be exported.
WARNING: [Route 35-198] Port "p_input_data[9][61]" does not have an associated HD.PARTPIN_LOCS, which will prevent the partial routing of the signal "p_input_data[9][61]". Without this partial route, timing analysis to/from this port will not be accurate, and no routing information for this port can be exported.
WARNING: [Route 35-198] Port "p_input_data[9][60]" does not have an associated HD.PARTPIN_LOCS, which will prevent the partial routing of the signal "p_input_data[9][60]". Without this partial route, timing analysis to/from this port will not be accurate, and no routing information for this port can be exported.
WARNING: [Route 35-198] Port "p_input_data[9][47]" does not have an associated HD.PARTPIN_LOCS, which will prevent the partial routing of the signal "p_input_data[9][47]". Without this partial route, timing analysis to/from this port will not be accurate, and no routing information for this port can be exported.
WARNING: [Route 35-198] Port "p_input_data[9][43]" does not have an associated HD.PARTPIN_LOCS, which will prevent the partial routing of the signal "p_input_data[9][43]". Without this partial route, timing analysis to/from this port will not be accurate, and no routing information for this port can be exported.
WARNING: [Route 35-198] Port "p_input_data[9][11]" does not have an associated HD.PARTPIN_LOCS, which will prevent the partial routing of the signal "p_input_data[9][11]". Without this partial route, timing analysis to/from this port will not be accurate, and no routing information for this port can be exported.
WARNING: [Route 35-198] Port "p_input_data[9][12]" does not have an associated HD.PARTPIN_LOCS, which will prevent the partial routing of the signal "p_input_data[9][12]". Without this partial route, timing analysis to/from this port will not be accurate, and no routing information for this port can be exported.
WARNING: [Route 35-198] Port "p_input_data[9][13]" does not have an associated HD.PARTPIN_LOCS, which will prevent the partial routing of the signal "p_input_data[9][13]". Without this partial route, timing analysis to/from this port will not be accurate, and no routing information for this port can be exported.
WARNING: [Route 35-198] Port "p_input_data[9][27]" does not have an associated HD.PARTPIN_LOCS, which will prevent the partial routing of the signal "p_input_data[9][27]". Without this partial route, timing analysis to/from this port will not be accurate, and no routing information for this port can be exported.
WARNING: [Route 35-198] Port "p_input_data[9][31]" does not have an associated HD.PARTPIN_LOCS, which will prevent the partial routing of the signal "p_input_data[9][31]". Without this partial route, timing analysis to/from this port will not be accurate, and no routing information for this port can be exported.
WARNING: [Route 35-198] Port "p_input_data[9][44]" does not have an associated HD.PARTPIN_LOCS, which will prevent the partial routing of the signal "p_input_data[9][44]". Without this partial route, timing analysis to/from this port will not be accurate, and no routing information for this port can be exported.
WARNING: [Route 35-198] Port "p_input_data[9][46]" does not have an associated HD.PARTPIN_LOCS, which will prevent the partial routing of the signal "p_input_data[9][46]". Without this partial route, timing analysis to/from this port will not be accurate, and no routing information for this port can be exported.
WARNING: [Route 35-198] Port "p_input_data[9][62]" does not have an associated HD.PARTPIN_LOCS, which will prevent the partial routing of the signal "p_input_data[9][62]". Without this partial route, timing analysis to/from this port will not be accurate, and no routing information for this port can be exported.
WARNING: [Route 35-198] Port "p_input_data[9][42]" does not have an associated HD.PARTPIN_LOCS, which will prevent the partial routing of the signal "p_input_data[9][42]". Without this partial route, timing analysis to/from this port will not be accurate, and no routing information for this port can be exported.
WARNING: [Route 35-198] Port "p_input_data[9][28]" does not have an associated HD.PARTPIN_LOCS, which will prevent the partial routing of the signal "p_input_data[9][28]". Without this partial route, timing analysis to/from this port will not be accurate, and no routing information for this port can be exported.
WARNING: [Route 35-198] Port "p_output_data_read[9][42]" does not have an associated HD.PARTPIN_LOCS, which will prevent the partial routing of the signal "p_output_data_read[9][42]". Without this partial route, timing analysis to/from this port will not be accurate, and no routing information for this port can be exported.
WARNING: [Route 35-198] Port "p_output_data_read[9][43]" does not have an associated HD.PARTPIN_LOCS, which will prevent the partial routing of the signal "p_output_data_read[9][43]". Without this partial route, timing analysis to/from this port will not be accurate, and no routing information for this port can be exported.
WARNING: [Route 35-198] Port "p_output_data_read[9][8]" does not have an associated HD.PARTPIN_LOCS, which will prevent the partial routing of the signal "p_output_data_read[9][8]". Without this partial route, timing analysis to/from this port will not be accurate, and no routing information for this port can be exported.
WARNING: [Route 35-198] Port "p_output_data_read[9][9]" does not have an associated HD.PARTPIN_LOCS, which will prevent the partial routing of the signal "p_output_data_read[9][9]". Without this partial route, timing analysis to/from this port will not be accurate, and no routing information for this port can be exported.
WARNING: [Route 35-198] Port "p_output_data_read[11][38]" does not have an associated HD.PARTPIN_LOCS, which will prevent the partial routing of the signal "p_output_data_read[11][38]". Without this partial route, timing analysis to/from this port will not be accurate, and no routing information for this port can be exported.
WARNING: [Route 35-198] Port "p_output_data_read[11][39]" does not have an associated HD.PARTPIN_LOCS, which will prevent the partial routing of the signal "p_output_data_read[11][39]". Without this partial route, timing analysis to/from this port will not be accurate, and no routing information for this port can be exported.
WARNING: [Route 35-198] Port "p_output_data_read[11][40]" does not have an associated HD.PARTPIN_LOCS, which will prevent the partial routing of the signal "p_output_data_read[11][40]". Without this partial route, timing analysis to/from this port will not be accurate, and no routing information for this port can be exported.
WARNING: [Route 35-198] Port "p_output_data_read[11][41]" does not have an associated HD.PARTPIN_LOCS, which will prevent the partial routing of the signal "p_output_data_read[11][41]". Without this partial route, timing analysis to/from this port will not be accurate, and no routing information for this port can be exported.
WARNING: [Route 35-198] Port "p_output_data_read[8][44]" does not have an associated HD.PARTPIN_LOCS, which will prevent the partial routing of the signal "p_output_data_read[8][44]". Without this partial route, timing analysis to/from this port will not be accurate, and no routing information for this port can be exported.
WARNING: [Route 35-198] Port "p_output_data_read[8][45]" does not have an associated HD.PARTPIN_LOCS, which will prevent the partial routing of the signal "p_output_data_read[8][45]". Without this partial route, timing analysis to/from this port will not be accurate, and no routing information for this port can be exported.
WARNING: [Route 35-198] Port "p_output_data_read[8][46]" does not have an associated HD.PARTPIN_LOCS, which will prevent the partial routing of the signal "p_output_data_read[8][46]". Without this partial route, timing analysis to/from this port will not be accurate, and no routing information for this port can be exported.
WARNING: [Route 35-198] Port "p_output_data_read[8][47]" does not have an associated HD.PARTPIN_LOCS, which will prevent the partial routing of the signal "p_output_data_read[8][47]". Without this partial route, timing analysis to/from this port will not be accurate, and no routing information for this port can be exported.
WARNING: [Route 35-198] Port "p_input_data[9][72]" does not have an associated HD.PARTPIN_LOCS, which will prevent the partial routing of the signal "p_input_data[9][72]". Without this partial route, timing analysis to/from this port will not be accurate, and no routing information for this port can be exported.
WARNING: [Route 35-198] Port "p_input_data[9][8]" does not have an associated HD.PARTPIN_LOCS, which will prevent the partial routing of the signal "p_input_data[9][8]". Without this partial route, timing analysis to/from this port will not be accurate, and no routing information for this port can be exported.
WARNING: [Route 35-198] Port "p_input_data[9][56]" does not have an associated HD.PARTPIN_LOCS, which will prevent the partial routing of the signal "p_input_data[9][56]". Without this partial route, timing analysis to/from this port will not be accurate, and no routing information for this port can be exported.
WARNING: [Route 35-198] Port "p_input_data[9][57]" does not have an associated HD.PARTPIN_LOCS, which will prevent the partial routing of the signal "p_input_data[9][57]". Without this partial route, timing analysis to/from this port will not be accurate, and no routing information for this port can be exported.
WARNING: [Route 35-198] Port "p_input_data[9][9]" does not have an associated HD.PARTPIN_LOCS, which will prevent the partial routing of the signal "p_input_data[9][9]". Without this partial route, timing analysis to/from this port will not be accurate, and no routing information for this port can be exported.
WARNING: [Route 35-198] Port "p_input_data[9][45]" does not have an associated HD.PARTPIN_LOCS, which will prevent the partial routing of the signal "p_input_data[9][45]". Without this partial route, timing analysis to/from this port will not be accurate, and no routing information for this port can be exported.
WARNING: [Route 35-198] Port "p_input_data[9][25]" does not have an associated HD.PARTPIN_LOCS, which will prevent the partial routing of the signal "p_input_data[9][25]". Without this partial route, timing analysis to/from this port will not be accurate, and no routing information for this port can be exported.
WARNING: [Route 35-198] Port "p_output_data_read[9][34]" does not have an associated HD.PARTPIN_LOCS, which will prevent the partial routing of the signal "p_output_data_read[9][34]". Without this partial route, timing analysis to/from this port will not be accurate, and no routing information for this port can be exported.
WARNING: [Route 35-198] Port "p_output_data_read[9][35]" does not have an associated HD.PARTPIN_LOCS, which will prevent the partial routing of the signal "p_output_data_read[9][35]". Without this partial route, timing analysis to/from this port will not be accurate, and no routing information for this port can be exported.
WARNING: [Route 35-198] Port "p_output_data_read[9][36]" does not have an associated HD.PARTPIN_LOCS, which will prevent the partial routing of the signal "p_output_data_read[9][36]". Without this partial route, timing analysis to/from this port will not be accurate, and no routing information for this port can be exported.
WARNING: [Route 35-198] Port "p_output_data_read[9][37]" does not have an associated HD.PARTPIN_LOCS, which will prevent the partial routing of the signal "p_output_data_read[9][37]". Without this partial route, timing analysis to/from this port will not be accurate, and no routing information for this port can be exported.
WARNING: [Route 35-198] Port "p_output_data_read[9][32]" does not have an associated HD.PARTPIN_LOCS, which will prevent the partial routing of the signal "p_output_data_read[9][32]". Without this partial route, timing analysis to/from this port will not be accurate, and no routing information for this port can be exported.
WARNING: [Route 35-198] Port "p_output_data_read[9][33]" does not have an associated HD.PARTPIN_LOCS, which will prevent the partial routing of the signal "p_output_data_read[9][33]". Without this partial route, timing analysis to/from this port will not be accurate, and no routing information for this port can be exported.
WARNING: [Route 35-198] Port "p_output_data_read[9][38]" does not have an associated HD.PARTPIN_LOCS, which will prevent the partial routing of the signal "p_output_data_read[9][38]". Without this partial route, timing analysis to/from this port will not be accurate, and no routing information for this port can be exported.
WARNING: [Route 35-198] Port "p_output_data_read[9][39]" does not have an associated HD.PARTPIN_LOCS, which will prevent the partial routing of the signal "p_output_data_read[9][39]". Without this partial route, timing analysis to/from this port will not be accurate, and no routing information for this port can be exported.
WARNING: [Route 35-198] Port "p_output_data_read[9][44]" does not have an associated HD.PARTPIN_LOCS, which will prevent the partial routing of the signal "p_output_data_read[9][44]". Without this partial route, timing analysis to/from this port will not be accurate, and no routing information for this port can be exported.
WARNING: [Route 35-198] Port "p_output_data_read[9][45]" does not have an associated HD.PARTPIN_LOCS, which will prevent the partial routing of the signal "p_output_data_read[9][45]". Without this partial route, timing analysis to/from this port will not be accurate, and no routing information for this port can be exported.
WARNING: [Route 35-198] Port "p_output_data_read[9][0]" does not have an associated HD.PARTPIN_LOCS, which will prevent the partial routing of the signal "p_output_data_read[9][0]". Without this partial route, timing analysis to/from this port will not be accurate, and no routing information for this port can be exported.
WARNING: [Route 35-198] Port "p_output_data_read[9][1]" does not have an associated HD.PARTPIN_LOCS, which will prevent the partial routing of the signal "p_output_data_read[9][1]". Without this partial route, timing analysis to/from this port will not be accurate, and no routing information for this port can be exported.
WARNING: [Route 35-198] Port "p_output_data_read[9][10]" does not have an associated HD.PARTPIN_LOCS, which will prevent the partial routing of the signal "p_output_data_read[9][10]". Without this partial route, timing analysis to/from this port will not be accurate, and no routing information for this port can be exported.
WARNING: [Route 35-198] Port "p_output_data_read[9][11]" does not have an associated HD.PARTPIN_LOCS, which will prevent the partial routing of the signal "p_output_data_read[9][11]". Without this partial route, timing analysis to/from this port will not be accurate, and no routing information for this port can be exported.
WARNING: [Route 35-198] Port "p_output_data_read[9][2]" does not have an associated HD.PARTPIN_LOCS, which will prevent the partial routing of the signal "p_output_data_read[9][2]". Without this partial route, timing analysis to/from this port will not be accurate, and no routing information for this port can be exported.
WARNING: [Route 35-198] Port "p_output_data_read[9][3]" does not have an associated HD.PARTPIN_LOCS, which will prevent the partial routing of the signal "p_output_data_read[9][3]". Without this partial route, timing analysis to/from this port will not be accurate, and no routing information for this port can be exported.
WARNING: [Route 35-198] Port "p_output_data_read[9][4]" does not have an associated HD.PARTPIN_LOCS, which will prevent the partial routing of the signal "p_output_data_read[9][4]". Without this partial route, timing analysis to/from this port will not be accurate, and no routing information for this port can be exported.
WARNING: [Route 35-198] Port "p_output_data_read[9][5]" does not have an associated HD.PARTPIN_LOCS, which will prevent the partial routing of the signal "p_output_data_read[9][5]". Without this partial route, timing analysis to/from this port will not be accurate, and no routing information for this port can be exported.
WARNING: [Route 35-198] Port "p_output_data_read[9][14]" does not have an associated HD.PARTPIN_LOCS, which will prevent the partial routing of the signal "p_output_data_read[9][14]". Without this partial route, timing analysis to/from this port will not be accurate, and no routing information for this port can be exported.
INFO: [Common 17-14] Message 'Route 35-198' appears 100 times and further instances of the messages will be disabled. Use the Tcl command set_msg_config to change the current settings.
Post Restoration Checksum: NetGraph: af94adce | NumContArr: e234a04 | Constraints: c2a8fa9d | Timing: c2a8fa9d
Phase 1 Build RT Design | Checksum: 24309ed0c

Time (s): cpu = 00:00:52 ; elapsed = 00:00:08 . Memory (MB): peak = 5856.984 ; gain = 0.000 ; free physical = 13133 ; free virtual = 99683

Phase 2 Router Initialization

Phase 2.1 Fix Topology Constraints
Phase 2.1 Fix Topology Constraints | Checksum: 24309ed0c

Time (s): cpu = 00:00:53 ; elapsed = 00:00:08 . Memory (MB): peak = 5856.984 ; gain = 0.000 ; free physical = 13133 ; free virtual = 99683

Phase 2.2 Pre Route Cleanup
Phase 2.2 Pre Route Cleanup | Checksum: 24309ed0c

Time (s): cpu = 00:00:54 ; elapsed = 00:00:08 . Memory (MB): peak = 5856.984 ; gain = 0.000 ; free physical = 13133 ; free virtual = 99683

Phase 2.3 Global Clock Net Routing
Phase 2.3 Global Clock Net Routing | Checksum: 24309ed0c

Time (s): cpu = 00:00:59 ; elapsed = 00:00:09 . Memory (MB): peak = 5856.984 ; gain = 0.000 ; free physical = 13129 ; free virtual = 99679

Phase 2.4 Update Timing
Phase 2.4 Update Timing | Checksum: 2381b350b

Time (s): cpu = 00:01:22 ; elapsed = 00:00:15 . Memory (MB): peak = 5856.984 ; gain = 0.000 ; free physical = 13130 ; free virtual = 99680
INFO: [Route 35-416] Intermediate Timing Summary | WNS=0.170  | TNS=0.000  | WHS=0.024  | THS=0.000  |


Router Utilization Summary
  Global Vertical Routing Utilization    = 0 %
  Global Horizontal Routing Utilization  = 0 %
  Routable Net Status*
  *Does not include unroutable nets such as driverless and loadless.
  Run report_route_status for detailed report.
  Number of Failed Nets               = 115773
    (Failed Nets is the sum of unrouted and partially routed nets)
  Number of Unrouted Nets             = 74973
  Number of Partially Routed Nets     = 40800
  Number of Node Overlaps             = 0

Phase 2 Router Initialization | Checksum: 19a6ea3d5

Time (s): cpu = 00:02:14 ; elapsed = 00:00:33 . Memory (MB): peak = 5856.984 ; gain = 0.000 ; free physical = 13127 ; free virtual = 99677

Phase 3 Initial Routing

Phase 3.1 Global Routing
Phase 3.1 Global Routing | Checksum: 19a6ea3d5

Time (s): cpu = 00:02:14 ; elapsed = 00:00:33 . Memory (MB): peak = 5856.984 ; gain = 0.000 ; free physical = 13127 ; free virtual = 99677

Phase 3.2 Initial Net Routing
Phase 3.2 Initial Net Routing | Checksum: 20d292eb4

Time (s): cpu = 00:03:07 ; elapsed = 00:00:49 . Memory (MB): peak = 5856.984 ; gain = 0.000 ; free physical = 13126 ; free virtual = 99676
Phase 3 Initial Routing | Checksum: 19d18c578

Time (s): cpu = 00:03:11 ; elapsed = 00:00:49 . Memory (MB): peak = 5856.984 ; gain = 0.000 ; free physical = 13126 ; free virtual = 99676

INFO: [Route 35-449] Initial Estimated Congestion
 ________________________________________________________________________
|           | Global Congestion | Long Congestion   | Short Congestion  |
|           |___________________|___________________|___________________|
| Direction | Size   | % Tiles  | Size   | % Tiles  | Size   | % Tiles  |
|___________|________|__________|________|__________|________|__________|
|      NORTH|     4x4|      0.23|     2x2|      0.05|     8x8|      1.18|
|___________|________|__________|________|__________|________|__________|
|      SOUTH|     4x4|      0.27|     2x2|      0.16|     8x8|      2.07|
|___________|________|__________|________|__________|________|__________|
|       EAST|     4x4|      0.28|     2x2|      0.08|   16x16|      1.96|
|___________|________|__________|________|__________|________|__________|
|       WEST|     4x4|      0.59|     4x4|      0.35|   16x16|      2.39|
|___________|________|__________|________|__________|________|__________|
Congestion Report
SHORT Congestion bounded by tiles (Lower Left Tile -> Upper Right Tile):
EAST
	INT_X16Y337->INT_X23Y352 (CLEL_L_X16Y337->DSP_X23Y350)
	INT_X16Y344->INT_X23Y351 (CLEL_L_X16Y344->DSP_X23Y350)
	INT_X24Y264->INT_X31Y271 (CLEM_X24Y264->DSP_X31Y270)
	INT_X8Y247->INT_X15Y254 (CLEM_X8Y247->CLEL_R_X15Y254)
	INT_X16Y343->INT_X23Y350 (CLEL_L_X16Y343->DSP_X23Y350)
WEST
	INT_X8Y320->INT_X15Y335 (CLEM_X8Y320->CLEL_R_X15Y335)
	INT_X48Y248->INT_X55Y255 (CLEM_X48Y248->CLEL_R_X55Y255)
	INT_X8Y327->INT_X15Y334 (CLEM_X8Y327->CLEL_R_X15Y334)
	INT_X48Y247->INT_X55Y254 (CLEM_X48Y247->CLEL_R_X55Y254)
	INT_X8Y326->INT_X15Y333 (CLEM_X8Y326->CLEL_R_X15Y333)

Phase 4 Rip-up And Reroute

Phase 4.1 Global Iteration 0
 Number of Nodes with overlaps = 47285
 Number of Nodes with overlaps = 9980
 Number of Nodes with overlaps = 3539
 Number of Nodes with overlaps = 1536
 Number of Nodes with overlaps = 702
 Number of Nodes with overlaps = 320
 Number of Nodes with overlaps = 132
 Number of Nodes with overlaps = 54
 Number of Nodes with overlaps = 27
 Number of Nodes with overlaps = 17
 Number of Nodes with overlaps = 12
 Number of Nodes with overlaps = 8
 Number of Nodes with overlaps = 4
 Number of Nodes with overlaps = 3
 Number of Nodes with overlaps = 0
INFO: [Route 35-416] Intermediate Timing Summary | WNS=-0.489 | TNS=-42.605| WHS=0.039  | THS=0.000  |

Phase 4.1 Global Iteration 0 | Checksum: 17bf9d268

Time (s): cpu = 00:13:44 ; elapsed = 00:04:35 . Memory (MB): peak = 5856.984 ; gain = 0.000 ; free physical = 13137 ; free virtual = 99688

Phase 4.2 Global Iteration 1
 Number of Nodes with overlaps = 336
 Number of Nodes with overlaps = 135
 Number of Nodes with overlaps = 78
 Number of Nodes with overlaps = 44
 Number of Nodes with overlaps = 34
 Number of Nodes with overlaps = 25
 Number of Nodes with overlaps = 19
 Number of Nodes with overlaps = 12
 Number of Nodes with overlaps = 7
 Number of Nodes with overlaps = 4
 Number of Nodes with overlaps = 3
 Number of Nodes with overlaps = 2
 Number of Nodes with overlaps = 1
 Number of Nodes with overlaps = 0
INFO: [Route 35-416] Intermediate Timing Summary | WNS=-0.206 | TNS=-17.169| WHS=N/A    | THS=N/A    |

Phase 4.2 Global Iteration 1 | Checksum: 24d562426

Time (s): cpu = 00:15:07 ; elapsed = 00:05:31 . Memory (MB): peak = 5856.984 ; gain = 0.000 ; free physical = 13150 ; free virtual = 99699

Phase 4.3 Global Iteration 2
 Number of Nodes with overlaps = 1303
 Number of Nodes with overlaps = 231
 Number of Nodes with overlaps = 118
 Number of Nodes with overlaps = 71
 Number of Nodes with overlaps = 41
 Number of Nodes with overlaps = 21
 Number of Nodes with overlaps = 19
 Number of Nodes with overlaps = 7
 Number of Nodes with overlaps = 9
 Number of Nodes with overlaps = 11
 Number of Nodes with overlaps = 5
 Number of Nodes with overlaps = 4
 Number of Nodes with overlaps = 4
 Number of Nodes with overlaps = 2
 Number of Nodes with overlaps = 2
 Number of Nodes with overlaps = 1
 Number of Nodes with overlaps = 0
INFO: [Route 35-416] Intermediate Timing Summary | WNS=-0.189 | TNS=-5.492 | WHS=N/A    | THS=N/A    |

Phase 4.3 Global Iteration 2 | Checksum: 208e9db9a

Time (s): cpu = 00:16:57 ; elapsed = 00:06:43 . Memory (MB): peak = 5856.984 ; gain = 0.000 ; free physical = 13162 ; free virtual = 99705

Phase 4.4 Global Iteration 3
 Number of Nodes with overlaps = 573
 Number of Nodes with overlaps = 115
 Number of Nodes with overlaps = 86
 Number of Nodes with overlaps = 37
 Number of Nodes with overlaps = 29
 Number of Nodes with overlaps = 19
 Number of Nodes with overlaps = 14
 Number of Nodes with overlaps = 12
 Number of Nodes with overlaps = 13
 Number of Nodes with overlaps = 9
 Number of Nodes with overlaps = 4
 Number of Nodes with overlaps = 2
 Number of Nodes with overlaps = 3
 Number of Nodes with overlaps = 0
INFO: [Route 35-416] Intermediate Timing Summary | WNS=-0.087 | TNS=-1.068 | WHS=N/A    | THS=N/A    |

Phase 4.4 Global Iteration 3 | Checksum: 2ce3dc9ba

Time (s): cpu = 00:18:28 ; elapsed = 00:07:47 . Memory (MB): peak = 5856.984 ; gain = 0.000 ; free physical = 13174 ; free virtual = 99713

Phase 4.5 Global Iteration 4
 Number of Nodes with overlaps = 2514
 Number of Nodes with overlaps = 632
 Number of Nodes with overlaps = 267
 Number of Nodes with overlaps = 159
 Number of Nodes with overlaps = 98
 Number of Nodes with overlaps = 71
 Number of Nodes with overlaps = 43
 Number of Nodes with overlaps = 28
 Number of Nodes with overlaps = 18
 Number of Nodes with overlaps = 7
 Number of Nodes with overlaps = 8
 Number of Nodes with overlaps = 4
 Number of Nodes with overlaps = 3
 Number of Nodes with overlaps = 3
 Number of Nodes with overlaps = 1
 Number of Nodes with overlaps = 0
INFO: [Route 35-416] Intermediate Timing Summary | WNS=-0.074 | TNS=-0.458 | WHS=N/A    | THS=N/A    |

Phase 4.5 Global Iteration 4 | Checksum: 29a35ae8b

Time (s): cpu = 00:21:00 ; elapsed = 00:09:15 . Memory (MB): peak = 5856.984 ; gain = 0.000 ; free physical = 12003 ; free virtual = 98871

Phase 4.6 Global Iteration 5
 Number of Nodes with overlaps = 1657
 Number of Nodes with overlaps = 214
 Number of Nodes with overlaps = 117
 Number of Nodes with overlaps = 75
 Number of Nodes with overlaps = 46
 Number of Nodes with overlaps = 26
 Number of Nodes with overlaps = 13
 Number of Nodes with overlaps = 9
 Number of Nodes with overlaps = 5
 Number of Nodes with overlaps = 4
 Number of Nodes with overlaps = 2
 Number of Nodes with overlaps = 2
 Number of Nodes with overlaps = 0
INFO: [Route 35-416] Intermediate Timing Summary | WNS=-0.084 | TNS=-0.318 | WHS=N/A    | THS=N/A    |

Phase 4.6 Global Iteration 5 | Checksum: 30cd502b4

Time (s): cpu = 00:22:29 ; elapsed = 00:10:10 . Memory (MB): peak = 5856.984 ; gain = 0.000 ; free physical = 12013 ; free virtual = 98893
Phase 4 Rip-up And Reroute | Checksum: 30cd502b4

Time (s): cpu = 00:22:29 ; elapsed = 00:10:10 . Memory (MB): peak = 5856.984 ; gain = 0.000 ; free physical = 12013 ; free virtual = 98893

Phase 5 Delay and Skew Optimization

Phase 5.1 Delay CleanUp

Phase 5.1.1 Update Timing
Phase 5.1.1 Update Timing | Checksum: 23f35f057

Time (s): cpu = 00:22:54 ; elapsed = 00:10:16 . Memory (MB): peak = 5856.984 ; gain = 0.000 ; free physical = 12016 ; free virtual = 98897
INFO: [Route 35-416] Intermediate Timing Summary | WNS=-0.074 | TNS=-0.458 | WHS=0.039  | THS=0.000  |


Phase 5.1.2 Update Timing
Phase 5.1.2 Update Timing | Checksum: 30e06ec73

Time (s): cpu = 00:23:10 ; elapsed = 00:10:21 . Memory (MB): peak = 5856.984 ; gain = 0.000 ; free physical = 12049 ; free virtual = 98931
INFO: [Route 35-416] Intermediate Timing Summary | WNS=-0.074 | TNS=-0.458 | WHS=0.039  | THS=0.000  |

 Number of Nodes with overlaps = 0
Phase 5.1 Delay CleanUp | Checksum: 1cd46c2bc

Time (s): cpu = 00:23:14 ; elapsed = 00:10:21 . Memory (MB): peak = 5856.984 ; gain = 0.000 ; free physical = 12051 ; free virtual = 98933

Phase 5.2 Clock Skew Optimization
Phase 5.2 Clock Skew Optimization | Checksum: 1cd46c2bc

Time (s): cpu = 00:23:14 ; elapsed = 00:10:21 . Memory (MB): peak = 5856.984 ; gain = 0.000 ; free physical = 12051 ; free virtual = 98933
Phase 5 Delay and Skew Optimization | Checksum: 1cd46c2bc

Time (s): cpu = 00:23:15 ; elapsed = 00:10:21 . Memory (MB): peak = 5856.984 ; gain = 0.000 ; free physical = 12052 ; free virtual = 98934

Phase 6 Post Hold Fix

Phase 6.1 Hold Fix Iter

Phase 6.1.1 Update Timing
Phase 6.1.1 Update Timing | Checksum: 1b0ad119e

Time (s): cpu = 00:23:32 ; elapsed = 00:10:26 . Memory (MB): peak = 5856.984 ; gain = 0.000 ; free physical = 12091 ; free virtual = 98978
INFO: [Route 35-416] Intermediate Timing Summary | WNS=-0.058 | TNS=-0.299 | WHS=0.039  | THS=0.000  |

Phase 6.1 Hold Fix Iter | Checksum: 1b0ad119e

Time (s): cpu = 00:23:33 ; elapsed = 00:10:27 . Memory (MB): peak = 5856.984 ; gain = 0.000 ; free physical = 12092 ; free virtual = 98979
Phase 6 Post Hold Fix | Checksum: 1b0ad119e

Time (s): cpu = 00:23:33 ; elapsed = 00:10:27 . Memory (MB): peak = 5856.984 ; gain = 0.000 ; free physical = 12093 ; free virtual = 98980

Phase 7 Route finalize

Router Utilization Summary
  Global Vertical Routing Utilization    = 9.48798 %
  Global Horizontal Routing Utilization  = 11.5212 %
  Routable Net Status*
  *Does not include unroutable nets such as driverless and loadless.
  Run report_route_status for detailed report.
  Number of Failed Nets               = 0
    (Failed Nets is the sum of unrouted and partially routed nets)
  Number of Unrouted Nets             = 0
  Number of Partially Routed Nets     = 0
  Number of Node Overlaps             = 0


--GLOBAL Congestion:
Utilization threshold used for congestion level computation: 0.85
Congestion Report
North Dir 1x1 Area, Max Cong = 85.9155%, Congestion bounded by tiles (Lower Left Tile -> Upper Right Tile):
   INT_X24Y272 -> INT_X24Y272
South Dir 1x1 Area, Max Cong = 89.0995%, Congestion bounded by tiles (Lower Left Tile -> Upper Right Tile):
   INT_X34Y43 -> INT_X34Y43
East Dir 1x1 Area, Max Cong = 86.5385%, Congestion bounded by tiles (Lower Left Tile -> Upper Right Tile):
   INT_X14Y247 -> INT_X14Y247
West Dir 1x1 Area, Max Cong = 87.5%, Congestion bounded by tiles (Lower Left Tile -> Upper Right Tile):
   INT_X56Y251 -> INT_X56Y251
   INT_X56Y250 -> INT_X56Y250
   INT_X56Y249 -> INT_X56Y249

------------------------------
Reporting congestion hotspots
------------------------------
Direction: North
----------------
Congested clusters found at Level 0
Effective congestion level: 0 Aspect Ratio: 1 Sparse Ratio: 1
Direction: South
----------------
Congested clusters found at Level 0
Effective congestion level: 0 Aspect Ratio: 1 Sparse Ratio: 1
Direction: East
----------------
Congested clusters found at Level 0
Effective congestion level: 0 Aspect Ratio: 1 Sparse Ratio: 1
Direction: West
----------------
Congested clusters found at Level 0
Effective congestion level: 1 Aspect Ratio: 0.333333 Sparse Ratio: 0.75

Phase 7 Route finalize | Checksum: 1b0ad119e

Time (s): cpu = 00:23:37 ; elapsed = 00:10:27 . Memory (MB): peak = 5856.984 ; gain = 0.000 ; free physical = 12096 ; free virtual = 98983

Phase 8 Verifying routed nets

 Verification completed successfully
Phase 8 Verifying routed nets | Checksum: 1b0ad119e

Time (s): cpu = 00:23:37 ; elapsed = 00:10:27 . Memory (MB): peak = 5856.984 ; gain = 0.000 ; free physical = 12097 ; free virtual = 98984

Phase 9 Depositing Routes
Phase 9 Depositing Routes | Checksum: 1b0ad119e

Time (s): cpu = 00:23:49 ; elapsed = 00:10:35 . Memory (MB): peak = 5856.984 ; gain = 0.000 ; free physical = 12134 ; free virtual = 99022

Phase 10 Resolve XTalk
Phase 10 Resolve XTalk | Checksum: 1b0ad119e

Time (s): cpu = 00:23:51 ; elapsed = 00:10:36 . Memory (MB): peak = 5856.984 ; gain = 0.000 ; free physical = 12139 ; free virtual = 99027

Phase 11 Post Router Timing
WARNING: [Timing 38-242] The property HD.CLK_SRC of clock port "clk" is not set. In out-of-context mode, this prevents timing estimation for clock delay/skew
Resolution: Set the HD.CLK_SRC property of the out-of-context port to the location of the clock buffer instance in the top-level design
INFO: [Route 35-20] Post Routing Timing Summary | WNS=-0.058 | TNS=-0.196 | WHS=0.039  | THS=0.000  |

Phase 11 Post Router Timing | Checksum: 1b4d07e36

Time (s): cpu = 00:24:38 ; elapsed = 00:10:46 . Memory (MB): peak = 5856.984 ; gain = 0.000 ; free physical = 12240 ; free virtual = 99130
Time taken to check if laguna hold fix is required (in secs): 0

Phase 12 Physical Synthesis in Router

Phase 12.1 Physical Synthesis Initialization
INFO: [Place 30-3164] Check ILP status : ILP-based clock placer is skipped.
INFO: [Physopt 32-668] Current Timing Summary | WNS=-0.058 | TNS=-0.196 | WHS=0.039 | THS=0.000 |
Phase 12.1 Physical Synthesis Initialization | Checksum: 1b4d07e36

Time (s): cpu = 00:25:02 ; elapsed = 00:11:02 . Memory (MB): peak = 5856.984 ; gain = 0.000 ; free physical = 12158 ; free virtual = 99108

Phase 12.2 Critical Path Optimization
INFO: [Physopt 32-668] Current Timing Summary | WNS=-0.058 | TNS=-0.196 | WHS=0.039 | THS=0.000 |
INFO: [Physopt 32-953] Path group WNS did not improve. Path group: clk. Processed net: CORES[14].core_inst/r_transform_feature_reg_reg[1]_52[9].
INFO: [Physopt 32-953] Path group WNS did not improve. Path group: clk. Processed net: CORES[14].core_inst/r_input_feat_reg_n_0_[2][0].
INFO: [Physopt 32-953] Path group WNS did not improve. Path group: clk. Processed net: CORES[14].core_inst/trf/matrix_c0/r_transform_feature_reg[1][9]_i_2__13_n_0.
INFO: [Physopt 32-668] Current Timing Summary | WNS=-0.058 | TNS=-0.196 | WHS=0.039 | THS=0.000 |
Netlist sorting complete. Time (s): cpu = 00:00:00.02 ; elapsed = 00:00:00.02 . Memory (MB): peak = 5856.984 ; gain = 0.000 ; free physical = 12152 ; free virtual = 99102
Phase 12.2 Critical Path Optimization | Checksum: 1ee1d63c4

Time (s): cpu = 00:25:10 ; elapsed = 00:11:05 . Memory (MB): peak = 5856.984 ; gain = 0.000 ; free physical = 12152 ; free virtual = 99102
Netlist sorting complete. Time (s): cpu = 00:00:00.02 ; elapsed = 00:00:00.02 . Memory (MB): peak = 5856.984 ; gain = 0.000 ; free physical = 12144 ; free virtual = 99094
INFO: [Physopt 32-669] Post Physical Optimization Timing Summary | WNS=-0.058 | TNS=-0.196 | WHS=0.039 | THS=0.000 |
Netlist sorting complete. Time (s): cpu = 00:00:00.02 ; elapsed = 00:00:00.02 . Memory (MB): peak = 5856.984 ; gain = 0.000 ; free physical = 12144 ; free virtual = 99094
Phase 12 Physical Synthesis in Router | Checksum: 2f92990c6

Time (s): cpu = 00:25:14 ; elapsed = 00:11:08 . Memory (MB): peak = 5856.984 ; gain = 0.000 ; free physical = 12144 ; free virtual = 99094

Phase 13 Route finalize
Phase 13 Route finalize | Checksum: 2f92990c6

Time (s): cpu = 00:25:14 ; elapsed = 00:11:08 . Memory (MB): peak = 5856.984 ; gain = 0.000 ; free physical = 12143 ; free virtual = 99093
CRITICAL WARNING: [Route 35-39] The design did not meet timing requirements. Please run report_timing_summary for detailed reports.
Resolution: Verify that the timing was met or had small violations at all previous steps (synthesis, placement, power_opt, and phys_opt). Run report_timing_summary and analyze individual timing paths.
INFO: [Route 35-253] TNS is the sum of the worst slack violation on every endpoint in the design. Review the paths with the biggest WNS violations in the timing reports and modify your constraints or your design to improve both WNS and TNS.
INFO: [Route 35-16] Router Completed Successfully

Phase 14 Post-Route Event Processing
Phase 14 Post-Route Event Processing | Checksum: 21ac4868a

Time (s): cpu = 00:25:18 ; elapsed = 00:11:12 . Memory (MB): peak = 5856.984 ; gain = 0.000 ; free physical = 11956 ; free virtual = 98936
Ending Routing Task | Checksum: 21ac4868a

Time (s): cpu = 00:25:22 ; elapsed = 00:11:15 . Memory (MB): peak = 5856.984 ; gain = 0.000 ; free physical = 11540 ; free virtual = 98569
INFO: [Common 17-83] Releasing license: Implementation
148 Infos, 306 Warnings, 1 Critical Warnings and 0 Errors encountered.
route_design completed successfully
route_design: Time (s): cpu = 00:25:34 ; elapsed = 00:11:21 . Memory (MB): peak = 5856.984 ; gain = 96.047 ; free physical = 11498 ; free virtual = 98529
INFO: [Timing 38-91] UpdateTimingParams: Speed grade: -2, Temperature grade: E, Delay Type: max.
INFO: [Timing 38-191] Multithreading enabled for timing update using a maximum of 8 CPUs
report_timing_summary: Time (s): cpu = 00:00:15 ; elapsed = 00:00:06 . Memory (MB): peak = 5856.984 ; gain = 0.000 ; free physical = 11111 ; free virtual = 98210
INFO: [Timing 38-91] UpdateTimingParams: Speed grade: -2, Temperature grade: E, Delay Type: max.
INFO: [Timing 38-191] Multithreading enabled for timing update using a maximum of 8 CPUs
INFO: [Timing 38-78] ReportTimingParams: -max_paths 100 -nworst 1 -delay_type max -sort_by slack.
Command: report_drc -file /sim/tarsio/reports-ifn9m18-nbits16-ab5dee07/ifn9_m18_16/drc.rpt
INFO: [IP_Flow 19-234] Refreshing IP repositories
INFO: [IP_Flow 19-1704] No user IP repositories specified
INFO: [IP_Flow 19-2313] Loaded Vivado IP repository '/soft64/xilinx/ferramentas/Vivado/2023.2/Vivado/2023.2/data/ip'.
INFO: [DRC 23-27] Running DRC with 8 threads
INFO: [Vivado_Tcl 2-168] The results of DRC are in file /sim/tarsio/reports-ifn9m18-nbits16-ab5dee07/ifn9_m18_16/drc.rpt.
report_drc completed successfully
report_drc: Time (s): cpu = 00:00:32 ; elapsed = 00:00:11 . Memory (MB): peak = 5905.008 ; gain = 48.023 ; free physical = 10207 ; free virtual = 97502
MULTICORE_CAPACITY_COMPLETE algorithm=ifn9_m18 cores=16 wns_ns=-0.058 timing_closed=0
INFO: [Common 17-206] Exiting Vivado at Fri Oct  2 00:04:00 2026...
