1.764052
0.400157
0.978738
2.240893
1.867558
-0.977278
0.950088
-0.151357
-0.103219
0.410599
0.144044
1.454274
0.761038
0.121675
0.443863
0.333674
1.494079
-0.205158
0.313068
-0.854096
-2.552990
0.653619
0.864436
-0.742165
2.269755
-1.454366
0.045759
-0.187184
1.532779
1.469359
0.154947
0.378163
-0.887786
-1.980796
-0.347912
0.156349
1.230291
1.202380
-0.387327
-0.302303
-1.048553
-1.420018
-1.706270
1.950775
-0.509652
-0.438074
-1.252795
0.777490
-1.613898
-0.212740
-0.895467
0.386902
-0.510805
-1.180632
-0.028182
0.428332
0.066517
0.302472
-0.634322
-0.362741
-0.672460
-0.359553
-0.813146
-1.726283
0.177426
-0.401781
-1.630198
0.462782
-0.907298
0.051945
0.729091
0.128983
1.139401
-1.234826
0.402342
-0.684810
-0.870797
-0.578850
-0.311553
0.056165
-1.165150
0.900826
0.465662
-1.536244
1.488252
1.895889
1.178780
-0.179925
-1.070753
1.054452
-0.403177
1.222445
0.208275
0.976639
0.356366
0.706573
0.010500
1.785870
0.126912
0.401989
1.883151
-1.347759
-1.270485
0.969397
-1.173123
1.943621
-0.413619
-0.747455
1.922942
1.480515
1.867559
0.906045
-0.861226
1.910065
-0.268003
0.802456
0.947252
-0.155010
0.614079
0.922207
0.376426
-1.099401
0.298238
1.326386
-0.694568
-0.149635
-0.435154
1.849264
0.672295
0.407462
-0.769916
0.539249
-0.674333
0.031831
-0.635846
0.676433
0.576591
-0.208299
0.396007
-1.093062
-1.491258
0.439392
0.166673
0.635031
2.383145
0.944479
-0.912822
1.117016
-1.315907
-0.461585
-0.068242
1.713343
-0.744755
-0.826439
-0.098453
-0.663478
1.126636
-1.079932
-1.147469
-0.437820
-0.498032
1.929532
0.949421
0.087551
-1.225436
0.844363
-1.000215
-1.544771
1.188030
0.316943
0.920859
0.318728
0.856831
-0.651026
-1.034243
0.681595
-0.803410
-0.689550
-0.455533
0.017479
-0.353994
-1.374951
-0.643618
-2.223403
0.625231
-1.602058
-1.104383
0.052165
-0.739563
1.543015
-1.292857
0.267051
-0.039283
-1.168093
0.523277
-0.171546
0.771791
0.823504
2.163236
1.336528
-0.369182
-0.239379
1.099660
0.655264
0.640132
-1.616956
-0.024326
-0.738031
0.279925
-0.098150
0.910179
0.317218
0.786328
-0.466419
-0.944446
-0.410050
-0.017020
0.379152
2.259309
-0.042257
-0.955945
-0.345982
-0.463596
0.481481
-1.540797
0.063262
0.156507
0.232181
-0.597316
-0.237922
-1.424061
-0.493320
-0.542861
0.416050
-1.156182
0.781198
1.494485
-2.069985
0.426259
0.676908
-0.637437
-0.397272
-0.132881
-0.297791
-0.309013
-1.676004
1.152332
1.079619
-0.813364
-1.466424
0.521065
-0.575788
0.141953
-0.319328
0.691539
0.694749
-0.725597
-1.383364
-1.582938
0.610379
-1.188859
-0.506816
-0.596314
-0.052567
-1.936280
0.188779
0.523891
0.088422
-0.310886
0.097400
0.399046
-2.772593
1.955912
0.390093
-0.652409
-0.390953
0.493742
-0.116104
-2.030684
2.064493
-0.110541
1.020173
-0.692050
1.536377
0.286344
0.608844
-1.045253
1.211145
0.689818
1.301846
-0.628088
-0.481027
2.303917
-1.060016
-0.135950
1.136891
0.097725
0.582954
-0.399449
0.370056
-1.306527
1.658131
-0.118164
-0.680178
0.666383
-0.460720
-1.334258
-1.346718
0.693773
-0.159573
-0.133702
1.077744
-1.126826
-0.730678
-0.384880
0.094352
-0.042171
-0.286887
-0.061626
-0.107305
-0.719604
-0.812993
0.274516
-0.890915
-1.157355
-0.312292
-0.157667
2.256723
-0.704700
0.943261
0.747188
-1.188945
0.773253
-1.183881
-2.659172
0.606320
-1.755891
0.450934
-0.684011
1.659551
1.068509
-0.453386
-0.687838
-1.214077
-0.440923
-0.280355
-0.364694
0.156704
0.578521
0.349654
-0.764144
-1.437791
1.364532
-0.689449
-0.652294
-0.521189
-1.843070
-0.477974
-0.479656
0.620358
0.698457
0.003771
0.931848
0.339965
-0.015682
0.160928
-0.190653
-0.394850
-0.267734
-1.128011
0.280442
-0.993124
0.841631
-0.249459
0.049495
0.493837
0.643314
-1.570623
-0.206904
0.880179
-1.698106
0.387280
-2.255564
-1.022507
0.038631
-1.656715
-0.985511
-1.471835
1.648135
0.164228
0.567290
-0.222675
-0.353432
-1.616474
-0.291837
-0.761492
0.857924
1.141102
1.466579
0.852552
-0.598654
-1.115897
0.766663
0.356293
-1.768538
0.355482
0.814520
0.058926
-0.185054
-0.807648
-1.446535
0.800298
-0.309114
-0.233467
1.732721
0.684501
0.370825
0.142062
1.519995
1.719589
0.929505
0.582225
-2.094603
0.123722
-0.130107
0.093953
0.943046
-2.739677
-0.569312
0.269904
-0.466846
-1.416906
0.868963
0.276872
-0.971105
0.314817
0.821586
0.005293
0.800565
0.078260
-0.395229
-1.159421
-0.085931
0.194293
0.875833
-0.115107
0.457416
-0.964612
-0.782629
-0.110389
-1.054628
0.820248
0.463130
0.279096
0.338904
2.021044
-0.468864
-2.201441
0.199300
-0.050604
-0.517519
-0.978830
-0.439190
0.181338
-0.502817
2.412454
-0.960504
-0.793117
-2.288620
0.251484
-2.016407
-0.539455
-0.275671
-0.709728
1.738873
0.994394
1.319137
-0.882419
1.128594
0.496001
0.771406
1.029439
-0.908763
-0.424318
0.862596
-2.655619
1.513328
0.553132
-0.045704
0.220508
-1.029935
-0.349943
1.100284
1.298022
2.696224
-0.073925
-0.658553
-0.514234
-1.018042
-0.077855
0.382732
-0.034242
1.096347
-0.234216
-0.347451
-0.581268
-1.632635
-1.567768
-1.179158
1.301428
0.895260
1.374964
-1.332212
-1.968625
-0.660056
0.175819
0.498690
1.047972
0.284280
1.742669
-0.222606
-0.913079
-1.681218
-0.888971
0.242118
-0.888720
0.936742
1.412328
-2.369587
0.864052
-2.239604
0.401499
1.224871
0.064856
-1.279689
-0.585431
-0.261645
-0.182245
-0.202897
-0.109883
0.213480
-1.208574
-0.242020
1.518261
-0.384645
-0.443836
1.078197
-2.559185
1.181379
-0.631904
0.163929
0.096321
0.942468
-0.267595
-0.678026
1.297846
-2.364174
0.020334
-1.347925
-0.761573
2.011257
-0.044595
0.195070
-1.781563
-0.729045
0.196557
0.354758
0.616887
0.008628
0.527004
0.453782
-1.829740
0.037006
0.767902
0.589880
-0.363859
-0.805627
-1.118312
-0.131054
1.133080
-1.951804
-0.659892
-1.139802
0.784958
-0.554310
-0.470638
-0.216950
0.445393
-0.392389
-3.046143
0.543312
0.439043
-0.219541
-1.084037
0.351780
0.379236
-0.470033
-0.216731
-0.930157
-0.178589
-1.550429
0.417319
-0.944368
0.238103
-1.405963
-0.590058
-0.110489
-1.660700
0.115148
-0.379148
-1.742356
-1.303243
0.605120
0.895556
-0.131909
0.404762
0.223844
0.329623
1.285984
-1.506998
0.676461
-0.382009
-0.224259
-0.302250
-0.375147
-1.226196
0.183339
1.670943
-0.056133
-0.001385
-0.687299
-0.117475
0.466166
-0.370242
-0.453804
0.403265
-0.918005
0.252497
0.820322
1.359949
-0.090382
1.367597
1.034410
-0.996213
-1.217939
-0.304964
1.028935
-0.072287
-0.600658
1.552243
0.286904
-2.320594
0.317161
0.520041
0.225609
0.449712
-0.067276
-1.318396
-0.370704
-0.945616
-0.932741
-1.263068
0.452489
0.097896
-0.448165
-0.649338
-0.023423
1.079195
-2.004216
0.376877
-0.545712
-1.884586
-1.945703
-0.912783
0.219510
0.393063
-0.938982
1.017021
1.422983
0.396087
-0.591403
1.124419
0.755396
0.867407
-0.656464
-2.834555
2.116791
-1.610878
-0.035768
2.380745
0.330577
0.949246
-1.502397
-1.777667
-0.532703
1.090750
-0.346249
-0.794636
0.197967
1.081935
-1.444940
-1.210543
-0.788669
1.094638
0.234822
2.132153
0.936446
-0.035095
1.265078
0.211497
-0.704921
0.679975
-0.696327
-0.290397
1.327783
-0.101281
-0.803141
-0.464338
1.021791
-0.552541
-0.386871
-0.510293
0.183925
-0.385490
-1.601836
-0.887181
-0.932789
1.243319
0.812674
0.587259
-0.505358
-0.815792
-0.507518
-1.051880
2.497200
-2.245322
0.564009
-1.284552
-0.104343
-0.988002
-1.177629
-1.140196
1.754986
-0.132988
-0.765702
0.555787
0.010349
0.720034
-1.824257
0.303604
0.772695
-1.661598
0.448195
1.696182
-0.014858
0.821406
0.670570
-0.707506
0.039767
-1.566995
-0.451303
0.265688
0.723100
0.024612
0.719984
-1.102906
-0.101697
0.019279
1.849591
-0.214167
-0.499017
0.021351
-0.919113
0.192754
-0.365055
-1.791328
-0.058587
-0.317543
-1.632423
-0.067134
1.489356
0.521304
0.611927
-1.341497
0.476898
0.148450
0.529045
0.422629
-1.359781
-0.041401
-0.757871
-0.050084
-0.897401
1.312470
-0.858972
-0.898942
0.074586
-1.077099
-0.424663
-0.829965
1.411172
0.785804
-0.057470
-0.391217
0.940918
0.405204
0.498052
-0.026192
-1.688230
-0.112466
-0.532490
0.645055
1.011842
-0.657951
0.468385
1.735879
-0.667713
1.681922
-0.852586
0.022960
-0.011146
0.011499
-0.837678
-0.591183
-0.667720
0.326963
0.330035
2.225944
1.370989
-0.509843
0.324870
0.997118
0.030602
-0.069642
0.051575
0.867277
-0.848321
-0.325669
0.470433
0.311447
0.239583
-0.369801
0.972536
2.133868
0.406415
-0.193177
0.755740
-0.539133
-0.749690
0.032809
-2.582797
-1.153950
-0.347962
-1.353389
-1.032643
-0.436748
-1.642965
-0.406072
-0.535270
0.025405
1.154184
0.172504
0.021062
0.099454
0.227393
-1.016739
-0.114775
0.308751
-1.370760
0.865653
1.081376
-0.631376
-0.241338
-0.878190
0.699380
-1.061222
-0.222477
-0.858920
0.050954
-1.794229
1.326462
-0.964606
0.059895
-0.212523
-0.762115
-0.887780
0.936399
-0.525641
0.271170
-0.801497
-0.647181
0.472247
0.930408
-0.175316
-1.421920
1.997956
-0.856549
-1.541587
2.594425
-0.404032
-1.461733
-0.683440
0.367545
0.190312
-0.851729
1.822724
-0.521580
-1.184687
0.960693
1.329063
-0.817493
-1.401347
1.030438
-2.047324
-1.226622
0.967446
-0.055353
-0.263937
0.352817
-0.152774
-1.298687
1.276075
1.325014
0.205333
0.045134
2.339625
-0.276433
-0.259577
0.364481
1.471322
1.592771
-0.258573
0.308331
-1.378083
-0.311976
-0.840290
-1.006832
1.681577
-0.792287
-0.531606
0.365849
1.297825
0.481115
2.759355
-0.074668
0.258716
0.275601
1.435049
0.507239
-0.116230
-0.947489
0.244443
1.401345
-0.410382
0.528944
0.246148
0.863520
-0.804754
2.346647
-1.279161
-0.365551
0.938093
0.296733
0.829986
-0.496102
-0.074805
0.012232
1.569260
0.690429
0.796672
-0.657926
0.968883
0.225582
1.389145
2.014060
-0.306766
-0.406303
-0.864045
-0.143580
-0.382025
0.359504
-0.144567
-0.361599
1.064585
-0.937880
0.433108
-0.405942
0.724369
1.385262
-0.303098
0.441033
0.178793
-0.799422
0.240788
0.289121
0.412871
-0.198399
0.094192
-1.147611
-0.358114
0.555963
0.892474
-0.422315
0.104714
0.228053
0.201480
0.540774
-1.818078
-0.049324
0.239034
-1.000330
1.673986
0.161559
1.563405
-0.790523
-0.907300
0.224252
-1.678688
0.214966
0.097219
1.015665
0.701041
-0.417477
-1.097497
1.712305
-0.792115
-1.045525
-1.084856
1.117305
-0.518900
-0.753704
0.137690
-0.206945
-0.678095
0.753991
1.065315
0.985318
0.766920
0.402626
-1.775888
1.669251
0.301989
0.608156
1.114962
1.433353
0.418398
0.435546
-0.599224
0.033090
-0.854161
-0.719941
-0.893574
-0.156024
1.049093
3.170975
0.189500
-1.348413
1.264983
-0.300784
-0.660609
0.209849
-1.240625
0.222463
-0.088376
0.098378
0.381416
0.067492
0.016338
0.284315
0.415401
-1.031482
-1.429991
-0.061638
-1.432735
0.087531
0.938747
0.607112
-1.048170
-0.860262
0.328301
-0.401298
-0.316655
0.596906
-0.987287
-0.401235
-0.800082
-1.043129
-0.857078
0.677462
0.051820
-0.879161
-0.231102
-1.638807
-0.733313
2.149575
-0.090244
0.731659
-0.065488
0.348169
0.663258
-1.104617
-0.030936
1.578865
-0.795501
-0.566440
-0.307691
0.269024
0.524918
1.267412
0.499498
-0.062053
1.259167
0.704111
-1.495680
2.526368
1.769921
-0.168214
0.377910
1.324359
-0.172201
0.730352
1.104578
-1.014826
-0.602332
0.921408
0.460814
0.923797
-0.132568
-0.289005
-1.998639
-1.146000
0.047066
0.824557
0.531178
-0.128242
-0.271772
0.217180
0.078211
1.404546
0.146441
-1.481246
-1.272558
1.518759
-1.171160
0.764497
-0.268373
-0.169758
-0.134133
1.221385
-0.192842
-0.033319
-1.530803
0.206691
0.531043
0.239146
1.397896
0.055171
0.298977
1.648504
-1.550014
-0.455825
1.426159
0.936129
0.678380
0.832651
0.327066
1.631597
0.377759
0.239867
0.158959
0.192864
-1.157017
0.770673
-0.130440
1.821915
-0.075650
0.420918
0.246602
-0.625557
0.992137
1.905064
-0.014777
-0.300479
-0.355029
-1.892362
-0.177813
0.250998
1.054758
0.960048
-0.416499
-0.276823
1.123905
-0.173464
-0.510030
1.392518
1.037586
0.018792
-0.593777
-2.011880
0.589704
-0.896370
-1.962732
1.584821
0.647968
-1.139008
-1.214401
0.870962
-0.877971
1.296150
0.616459
0.536597
0.404695
0.191451
0.880511
-0.454080
0.085952
0.751947
0.562990
-1.194987
-0.500410
0.252804
-0.408015
1.774659
-0.393153
-0.162218
0.769430
0.330533
-0.145274
-0.756494
0.301514
1.039096
0.479095
-0.778184
1.736775
-1.446578
-1.582686
0.960557
0.225840
-0.549499
-1.098571
2.320800
0.117091
0.534201
0.317885
0.434808
0.540094
0.732424
-0.375222
-0.291642
-1.741023
-0.780304
0.271113
1.045023
0.599040
-0.340692
-1.263173
-2.777359
1.151734
-0.589229
-0.448465
0.131574
-1.405560
-0.349782
2.023472
0.505387
0.359249
-1.582494
2.243602
-1.422795
1.922325
-2.115056
1.405365
1.618054
-0.824409
0.422580
0.547481
-0.813794
-1.449118
-1.317717
0.541008
-0.085116
-0.564301
0.966768
0.508068
-0.755463
-1.201202
0.523262
-0.537583
0.099205
1.576299
0.502328
-0.862267
0.160661
-0.952645
1.608522
-0.561579
0.207271
0.307733
0.159250
-1.958549
-1.446421
-0.452350
0.319432
-0.137779
-0.957147
-1.348424
-0.401558
-0.468476
0.512836
-0.326318
0.602708
-0.594650
-0.255958
-0.348046
-0.782367
0.625119
-0.813596
-0.521642
-0.073120
-1.297380
-0.324935
-0.711306
-0.388154
-0.059928
-0.799914
-0.220076
1.308669
-0.025799
1.145262
0.346494
0.774161
-0.774459
0.104907
0.133913
-0.612626
-0.822828
-1.490265
1.496140
-0.972403
1.346221
-0.467493
-0.862493
0.622519
-0.631192
0.568459
-0.332812
0.480424
-0.968186
0.831351
0.487973
-0.919651
2.642936
0.540123
2.290467
1.600268
-0.188835
-0.412272
-0.403459
-1.830029
-0.695835
0.246766
1.525958
-0.772772
0.882057
-1.252593
-0.586320
-0.457641
0.371811
0.457310
0.962342
0.770837
0.243168
0.390365
1.588531
-0.510926
0.774728
-1.808144
0.411334
-0.483250
0.002571
1.040086
0.164644
0.885188
1.473765
0.389094
1.171041
-0.326561
-0.008210
-0.522619
1.042978
0.414091
-0.507234
0.154669
1.041568
-0.039268
-0.948933
0.131912
-1.980566
0.768771
-0.421328
-0.469311
0.875696
-1.365163
1.947099
-0.480242
-0.523251
1.021225
0.708695
2.451230
-0.211206
-0.120407
-1.479316
-0.332102
-0.721431
-0.448767
-1.744188
1.660608
-1.416603
-2.802203
-1.188424
-0.603840
-1.149554
1.098304
-0.137839
0.025386
0.610392
0.286013
0.978567
-1.109478
-0.547518
0.665967
-2.534554
-1.375184
0.500992
-0.480249
0.936108
0.809180
-1.198093
0.406657
1.201698
0.147434
-0.977465
0.879390
0.635425
0.542611
0.715939
-2.994613
0.880938
1.808132
0.436638
0.192729
0.696439
0.338225
0.651781
0.001471
-0.766705
-1.004323
-0.998192
-1.373043
-1.067742
1.761266
0.754096
-0.625027
-0.390393
0.112558
-0.655545
0.067517
0.777604
-0.035743
0.336016
0.886492
-0.272132
0.284791
-0.309378
-0.028529
-0.324730
-0.528870
0.173712
0.566545
0.146304
0.498727
-0.737932
-1.203735
0.417044
0.687881
0.049857
1.348036
0.907699
2.680571
-0.200809
-0.998849
-0.740137
-0.565498
0.476031
-2.158069
1.318551
-0.239297
-0.246794
-1.079343
-0.114226
0.013240
-0.121945
0.339059
-0.589632
-0.895816
0.548328
0.098667
0.197181
1.059027
-1.022564
-0.855240
1.257220
-1.482883
-1.309412
0.817862
0.238200
0.105232
-0.091659
0.031268
-0.092112
1.355443
-0.398148
-0.161374
1.794449
0.027510
2.232016
-0.104980
1.367415
-1.655344
0.153644
-1.584474
0.844454
-1.212868
0.283770
-0.282196
-1.158203
-1.619360
-0.511040
1.740629
-0.293485
0.917222
-0.057043
0.876727
-1.826911
-0.403188
0.949406
-0.163255
-0.086455
-0.430462
1.149379
0.297514
0.044022
0.643055
0.588225
0.212587
1.547031
-0.060288
0.278081
-0.642953
0.150115
1.587762
-0.643258
-1.133593
0.996760
-0.148766
0.096004
-0.045113
0.079122
0.850531
-0.839124
-1.011774
0.084968
-1.606440
-1.373054
1.866683
0.757468
-0.010056
1.238007
-1.040599
-0.315603
0.623454
0.890672
0.512917
-2.541239
-0.968082
0.477068
-0.355951
2.540232
0.926558
0.558082
-1.116950
-0.035297
0.241204
1.127784
0.881131
1.032989
-0.923912
1.412152
-1.380431
-0.535915
0.430771
-0.149892
-1.006037
-0.821550
-1.548254
0.531975
1.260569
-0.100394
-0.400349
-1.472323
0.913202
2.211304
-1.797456
-1.063433
-0.679593
-0.564318
0.227346
1.614250
1.008597
0.527597
-0.723929
-1.119628
-0.796775
1.548067
-0.061743
-0.446836
-0.183756
0.824618
-1.312850
1.414874
0.156476
-0.216344
0.442846
0.218397
-0.344196
-0.252711
-0.868863
0.656391
-0.531994
-0.956258
0.165864
1.329141
-0.048345
-0.608101
0.403896
1.936712
-1.451906
0.382203
0.205087
1.161534
0.990909
-0.186709
-1.684517
0.806564
-0.835193
-0.946740
1.148351
-0.910850
1.402845
0.335845
0.319118
0.307265
-1.638424
-1.776389
0.215553
0.568007
0.082611
-0.821535
0.018922
-0.082034
-0.957158
1.013972
-1.730276
0.588742
0.384323
1.009712
-1.005312
0.101407
2.171165
0.662074
0.100581
0.539161
0.086177
2.190898
0.983636
-0.085615
0.252331
-0.390798
1.209850
-1.406105
-1.604739
1.458715
2.153120
0.468305
0.112738
0.657268
-0.647054
0.171244
0.038909
0.626564
-1.557999
-0.507035
0.844996
-0.675594
-0.993361
2.042072
0.038118
-0.578918
-1.692370
0.729346
0.699136
-0.298760
-1.102230
-0.024549
-0.835856
-0.942094
-0.103213
-1.051390
0.246649
0.607993
-0.839632
-1.368245
1.561280
-0.940270
-0.659943
0.213017
0.599369
-0.256317
0.460794
-0.400986
-0.971171
1.426317
2.488442
1.695970
0.141807
1.833435
0.355704
-0.477286
0.466380
-0.094393
-0.983118
-0.898322
0.802052
-1.846532
0.604137
-1.629584
-2.121176
-1.838847
1.966764
-0.196234
0.086583
1.419255
0.934180
-1.391505
0.869006
0.184181
-0.341678
0.024291
1.279812
-0.885966
0.400886
-0.009657
-1.797165
-0.802253
0.193214
1.297342
1.001331
0.597213
-0.815276
1.801214
0.215240
-1.006366
-0.182905
0.896248
0.007617
0.886865
1.103694
0.400531
-0.857703
0.135455
0.045166
1.859346
-1.626322
-0.134822
-0.584094
0.335106
-2.437564
1.114925
0.013748
-1.844701
-0.361113
0.608962
-1.591448
0.003222
-1.057474
-0.555985
0.026738
0.183450
-0.470742
0.272796
0.817978
-0.278914
1.431568
1.462214
-0.428702
-0.637841
-1.664173
-0.126569
-0.363438
0.779051
-1.509662
-0.277391
0.968744
-0.730357
-0.762362
-1.446940
2.620574
-0.747473
-1.300347
-0.803850
-0.774295
-0.269390
0.825372
-0.298323
-0.922823
-1.451338
0.021857
0.042539
1.530932
0.092448
-0.099008
-1.050654
-0.305953
-0.438474
-0.370164
-0.959255
0.538330
-0.142445
-0.200353
-1.714046
0.493644
0.487015
-0.839129
0.990121
-1.364758
-0.021870
-0.271207
-1.317175
0.189703
1.702570
0.067634
-0.463022
0.447024
0.105720
0.027762
-0.425542
1.421976
0.456363
-0.528671
-0.108004
-0.740867
-0.608291
-0.640726
-1.134312
0.777277
-0.291041
0.554128
-0.670126
-0.060362
-0.711041
0.719668
-0.248419
-0.730874
-1.641703
0.275667
-0.708385
-0.015779
-0.491730
0.954190
0.544145
0.447212
-0.616121
0.466290
1.714832
-0.832186
0.172339
-1.649217
1.398562
-0.397912
0.782579
-1.723228
1.797539
-0.356872
0.545657
0.150818
-0.255471
1.685792
-1.648046
0.298714
0.910646
-0.029856
-0.118171
-0.142688
-1.227636
0.038127
0.512718
0.068599
-0.272276
-0.489725
-0.279297
1.257744
-2.086635
0.040071
-0.327755
1.455808
0.055492
1.484926
-2.123890
0.459585
0.280058
1.390534
-1.641349
-0.155036
0.066060
-0.495795
1.216578
-0.338682
2.034763
1.054178
0.950834
0.559299
-1.063696
-0.431096
0.572751
0.677557
1.307184
-0.467441
-0.860153
0.859104
-0.809627
0.873312
1.199736
0.456153
-0.357579
0.041082
0.593466
0.010186
2.198296
-0.990671
-1.002669
-0.976895
-0.589580
-2.178932
-0.629650
-0.653285
0.078514
0.417801
-1.240216
0.900054
1.802242
-0.208285
1.574371
0.198989
1.988732
1.117283
-1.563905
0.018627
1.054325
0.030547
-0.036884
1.269765
-0.709854
0.017516
0.323626
-0.333791
-0.020129
0.775023
0.432838
-0.808718
-1.104124
-0.789102
0.001248
-0.159940
-0.831957
-0.598150
-1.520039
0.417854
-0.040019
-1.259787
0.028621
1.342622
-0.739936
1.315138
-0.323457
0.197828
0.097751
1.401523
0.158434
-1.141901
-1.310970
-1.532921
-1.711970
0.046135
-0.958374
-0.080812
-0.703859
-0.770784
-0.480845
0.703586
0.929145
0.371173
-0.989823
0.643631
0.688897
0.274647
-0.603620
0.708860
0.422819
-3.116857
0.644452
-1.913743
0.663562
-0.154072
1.193612
-0.098161
-0.886614
-0.147354
1.059806
0.026247
-0.114335
0.743554
0.210359
-0.005927
1.366060
1.555114
0.613326
-0.285959
1.496911
1.183120
0.718897
-1.216077
0.140672
-0.743672
-0.159012
0.240057
0.100159
-0.475175
1.272954
-1.696131
0.730184
-1.857483
0.382598
-0.886904
0.878304
0.086453
0.247706
-1.018279
-0.654570
0.207217
0.583570
2.929096
0.222858
0.976038
-1.556934
-1.329892
-0.355495
-1.197428
1.486399
-0.410219
1.382182
1.486782
0.042780
0.501800
-0.056099
0.538437
0.483342
-0.123650
0.504970
1.723696
0.713016
0.325800
0.124770
-1.012673
-1.027297
0.323357
-1.369391
-0.766328
1.281511
1.914230
-1.665956
1.626650
-0.211438
-0.015005
-0.113412
1.080544
-1.607677
0.456164
-0.944870
0.570789
1.542796
-0.000417
0.374155
0.409552
-0.799593
1.511639
1.706468
0.701783
0.073285
-0.461894
-0.626490
1.710837
1.414415
-0.063661
-1.579931
-2.832012
-1.083427
-0.130620
1.400689
-0.651656
0.504815
1.303181
0.128536
-0.142448
-1.308764
-1.202475
0.416100
-0.200908
0.122531
-0.047278
0.664144
-0.784687
-0.335581
1.896182
-0.799786
-0.281575
-0.589387
0.444781
1.022392
-0.498212
-0.431414
-0.278982
0.529834
-0.739395
-0.375960
-2.372194
-1.381745
-0.112444
0.897864
0.295076
-1.098768
-1.400256
0.174680
-1.652804
1.065927
0.063896
-1.607320
-0.965954
-0.724311
-0.773193
-1.489933
-0.874663
-0.684402
-0.711286
1.127957
0.104828
-0.993257
-0.334622
-0.879557
-0.300007
0.875509
0.252271
2.285601
0.375927
-0.913595
0.809741
1.079931
1.094167
-1.094241
-0.147637
1.131812
-1.684729
-0.499417
-1.426938
-0.932570
-1.012457
1.250570
-0.234538
-0.863356
-1.035606
0.141667
-0.011136
1.344074
0.500017
-1.431798
-0.628981
1.070073
-0.621083
1.734572
-1.098289
0.572613
-0.861216
-0.509595
1.098582
-0.127067
0.813452
0.473291
0.753866
-0.888188
-0.221574
0.424253
-0.849073
1.629500
-0.777228
-0.300004
-1.006559
-2.143308
1.796919
-0.204339
-0.447915
-0.198715
1.419864
-0.965107
0.679568
-0.423788
-0.596671
0.567058
0.988241
-0.513903
-0.768849
-1.169096
1.103504
-0.575256
-1.849131
1.409952
-1.369860
0.779461
0.183429
0.287915
-0.584375
0.365591
-1.667780
0.588038
1.557010
0.884027
-2.019540
-0.984209
-0.187795
0.486937
-0.106653
-0.493214
0.595300
1.164152
-0.232294
0.728930
-2.579051
-0.937509
-0.321259
-0.488566
0.332798
1.013751
0.506669
-0.622225
-1.522768
0.556964
-1.838177
0.653037
-0.188449
-1.175835
0.287257
-0.002876
-0.036597
-0.084223
0.419524
0.924434
0.496615
1.012133
-0.044140
1.618459
0.571110
-0.543694
-1.093895
0.205797
-1.306522
-0.973376
0.239087
-0.607887
-0.933316
-0.034475
0.072678
-0.205834
-0.377547
0.854643
0.342427
-0.223426
2.464322
0.193832
1.132005
-0.560981
-1.362941
-0.791757
-0.268010
-0.496608
1.336386
-0.120041
0.461469
-0.046481
-0.433554
0.037996
1.714051
-0.767949
0.766990
-1.026007
-0.459626
0.003583
0.326375
1.483129
-0.050083
-0.843616
0.650042
-0.364170
0.238682
-0.116222
-1.943457
0.508299
0.583368
0.926605
1.800463
-1.195104
0.516507
0.409295
-0.419082
0.397106
0.499647
-1.218684
0.246223
-0.917984
-0.651856
-1.774745
-0.473361
-0.203571
0.549857
0.000900
-1.542288
0.862148
-0.118587
0.488371
0.965936
1.422605
1.961227
-0.072239
0.311124
-1.078361
1.061600
-1.184887
-1.805252
0.830386
-0.521697
0.777607
0.408075
-1.630003
-2.719679
-1.096602
0.016491
-1.221776
-0.652761
-1.458941
0.169878
0.090826
-0.481393
1.397065
1.497715
0.565267
-1.799771
-1.104690
0.407130
-0.628558
-0.487091
0.898967
0.510875
1.314154
-0.429209
1.375225
-0.554131
1.499491
0.105835
-0.860510
-1.631220
-0.301472
-0.256233
0.857662
-0.110591
-0.432432
1.077037
-0.224827
-0.576242
0.574609
-0.489828
0.658802
-0.596917
-0.222959
0.152177
-0.374126
-0.013451
0.815472
0.410602
0.480970
-0.635430
0.852830
0.669562
1.004419
-0.726366
-0.172459
0.633534
-0.608815
-0.226122
1.925806
1.951761
1.239941
0.938585
-1.019251
0.512562
-0.359117
-1.058572
-0.509006
0.115665
-0.547356
-0.550799
0.792041
0.144106
0.233458
0.111872
-0.675703
-1.370572
0.310565
-0.507037
-2.010782
-0.392567
-1.092218
0.698650
0.521625
0.496893
-0.665042
0.731552
0.319650
-0.409855
-0.453337
0.892708
-0.473604
0.303656
1.033957
1.909343
1.663873
0.900823
-1.505911
-0.689048
-0.548087
1.653150
-0.699318
0.386166
0.100867
-0.935127
0.381824
0.398296
-1.255775
1.222877
-2.086510
-0.590757
0.971970
-1.193258
0.350266
-1.296360
-0.093024
-2.313773
-0.842572
-1.542921
-0.401764
-0.415231
-0.673664
0.797913
-0.886880
0.634387
1.629276
0.139064
-0.857670
-1.249339
-0.709785
0.704643
0.155591
0.936795
0.770331
0.140811
0.473488
1.855246
1.415656
-0.302746
0.989679
0.585851
1.136388
0.671617
-0.974167
-1.619685
0.572627
1.902618
-0.775664
-0.188090
-1.035748
1.177830
-2.305167
-2.263660
0.375020
-0.082344
-0.479623
-0.301095
0.536988
-0.413804
-1.096925
-0.927363
0.888339
-0.524742
-1.385278
0.102178
0.504995
1.328961
0.217903
-0.659711
0.474008
0.727175
-0.038905
-0.044599
0.260133
-0.069856
0.250114
-1.021913
-1.150438
-0.836111
0.642211
0.258798
1.040239
-0.186691
-1.143641
1.144554
-0.018767
1.283455
0.597946
2.188619
-0.219773
0.900724
0.891364
-0.555126
-0.172482
-1.461738
-1.548796
0.126569
0.793007
0.638024
0.340025
0.863017
-0.589698
-0.272533
0.737522
0.433119
-0.210189
1.320794
-1.292001
-0.518679
-0.283398
0.816535
0.002385
-1.261492
0.514004
1.087546
0.739305
0.619155
-1.874313
-0.899886
0.482081
-0.054888
0.522558
-1.266343
-0.061495
-1.389781
-1.953679
0.295779
0.842589
0.245616
-0.032996
-1.562014
1.006107
-0.044045
1.959562
0.942314
-2.005125
0.755050
-1.396535
-0.759495
-0.250757
-0.094062
0.397565
-1.022855
-1.150692
0.600605
-0.013250
0.174373
-2.193683
-0.177137
-0.890729
-0.920626
0.921935
-1.095671
-1.092897
-0.331011
0.450289
-0.884015
1.234144
1.449848
-0.881447
-0.245082
-0.778675
-1.685382
0.303011
0.733595
2.011864
-0.897410
1.336235
1.342354
0.197853
0.602163
0.873273
1.974100
0.477809
-0.060138
-0.866169
0.305321
1.024165
0.244610
-0.779923
0.089076
-0.129153
0.264739
-1.661848
0.550789
0.595423
0.444853
-0.003763
-1.805936
-0.019323
1.060715
-0.860129
-1.989269
-1.540558
0.314026
0.372876
0.886293
-0.055259
-1.500328
-0.818504
0.818839
0.140496
0.649830
0.434789
-0.204961
-0.174007
1.857102
0.414674
-0.128588
0.455420
0.222906
-2.157356
0.650085
1.820939
-0.780280
1.454036
-0.256870
0.293471
1.070360
-0.720001
1.242494
-1.214217
-0.875155
-0.593520
0.662005
-0.340874
-1.519974
-0.216533
-0.784221
0.731294
-0.343235
0.070774
-0.405472
0.433939
-0.183591
0.325199
-2.593389
0.097251
0.413914
-0.199280
0.669392
0.738607
1.304214
0.104812
-1.913801
-2.285499
-1.601841
-0.037907
-0.157305
0.276240
-0.625246
-0.736491
0.555048
0.655924
-0.256650
-0.038477
0.404314
0.504344
-1.143981
-0.719574
-1.230546
-0.506907
0.812334
0.546272
-1.098098
0.512267
0.085843
-0.493927
-1.406460
-0.174823
0.679944
-2.163098
-0.396123
2.254284
0.672637
0.259832
-0.737185
-0.678330
-0.083288
1.602864
0.465589
-0.872158
1.176787
-0.292594
1.697346
-0.566603
-1.003266
0.174630
0.982327
1.037445
0.159192
-0.988097
-0.505341
-2.018282
-0.913122
-0.178457
0.389002
-0.339454
-0.056979
-0.396185
0.751025
-0.899113
0.837548
1.960881
0.472790
-0.527092
-0.536270
1.209837
-1.126589
-0.953804
-1.164448
-1.278514
-1.044816
0.789905
1.102283
-0.697073
0.207334
0.759157
0.100564
-0.954943
-1.470402
1.010428
0.496179
0.576956
-1.107647
0.234977
0.629000
0.314034
-0.745023
1.012261
-1.527632
0.928742
1.081056
1.572330
-0.342492
-0.999430
0.793880
-0.699215
0.043996
-0.317462
-0.902072
0.320999
-1.392016
0.592206
-0.966931
-1.731731
-0.050107
0.431634
0.576935
0.818354
-2.353640
-1.005144
0.106652
1.519003
0.783744
1.901340
-0.524939
0.274417
-1.099971
-0.404352
-0.735296
-0.633989
-0.393449
0.002718
0.022213
0.543453
0.139988
-0.344046
-0.522579
-0.307132
-0.449037
0.490971
0.865525
1.274045
-0.797703
0.469372
-1.394680
0.373175
1.082672
-0.149590
1.072636
-1.138568
-0.888645
-0.135810
1.022210
-0.417429
-0.453553
-0.991628
0.202881
1.246695
0.700680
0.696651
-0.206974
-0.563309
0.677246
-0.031911
-0.173608
0.898241
-0.197787
-0.837776
0.909188
0.080720
-1.037029
-1.112906
0.095412
2.337410
-0.392821
-0.336274
1.523771
-0.057281
-1.448467
-1.572796
1.226664
0.666355
0.826126
-0.057757
-0.726712
-0.217163
0.136031
-0.838311
0.561450
-1.259596
-0.332759
-0.204008
-0.691020
-2.205505
0.447870
-0.755751
1.325708
-0.341982
-0.541360
0.091522
1.053440
-0.563408
1.014738
1.440304
0.990323
1.626431
1.292646
1.514882
1.604326
0.208070
-0.429224
-2.262244
-1.322733
-0.448283
-0.381735
-0.152794
-1.000760
-1.595778
-0.130223
-0.189418
-0.807554
-0.742152
-0.940157
-0.396524
-0.856303
1.259875
0.240997
-0.972318
-0.280448
-1.180286
1.012168
1.384187
1.252002
-1.144693
-0.091267
-0.401571
0.562013
-1.007910
-0.675892
-0.413217
0.153288
0.694129
-0.328728
0.663965
0.822076
-0.213215
-1.245658
-1.171190
0.591727
-0.476224
-1.712629
0.612952
0.129555
-1.405967
1.179420
0.836636
0.138745
-1.274319
-1.402331
-0.307068
-1.713915
0.405080
-1.410823
0.164913
-0.288131
0.711785
-0.937948
0.273729
-1.394840
0.795550
-0.114962
0.495851
-1.320525
0.499084
0.306203
0.363698
0.312634
-0.193464
1.241299
-0.155898
-0.739169
-0.058726
-0.950518
-0.463996
-0.177247
-0.379554
0.199397
1.945761
0.570950
1.072301
-0.503709
-0.587016
-0.378178
0.852889
-2.148118
-1.033165
0.102336
-0.224092
1.967730
0.447683
-0.662191
-1.577607
-0.340560
-1.303220
0.466751
0.161106
0.320032
2.079177
-0.907466
-0.192404
-1.212516
-0.080599
1.593274
0.568722
-0.114487
0.251630
-1.210856
-0.393734
0.085253
0.099422
-1.530616
0.327623
0.279196
-0.377051
0.004175
-1.483492
-1.479796
0.134687
-0.667723
-0.011556
0.839491
-0.173930
-2.810668
-0.150654
-0.481044
-0.234694
0.899731
-1.578530
0.243957
1.570304
-0.625943
0.472328
0.966306
0.210231
-0.685097
-0.709521
0.743800
0.592149
-0.786468
-1.176473
-1.280807
1.661652
-0.067945
2.360229
0.555546
0.439522
0.306272
0.999150
-0.966063
2.160013
-0.100302
-0.703400
0.302561
1.092339
-1.007555
0.566869
-0.716444
-0.506274
-0.489482
0.763541
-1.109073
0.192616
-0.343418
-0.847210
-1.213524
-1.202888
-1.633796
0.896167
-0.241653
0.158652
1.178189
-1.220117
-0.941546
0.254716
-1.824080
-0.578709
-0.924893
0.329522
-0.425816
2.008149
0.937891
-0.853238
-0.387313
-0.347585
3.306574
-1.510200
0.203540
-2.084432
-0.006937
1.909891
-0.408455
1.104554
-0.066115
-0.422499
-0.251656
-0.586903
-0.626058
-1.330194
1.506801
-0.393076
0.293774
-0.876532
1.116991
-0.273556
-0.091033
-1.828977
0.395976
1.811506
-0.869078
-0.458229
-1.138324
0.129162
0.064024
0.705081
0.551474
-0.812516
0.224948
-0.328301
-1.091033
-0.126856
3.801660
2.315171
0.139827
1.738857
-0.045383
-0.053138
-1.949572
-0.960106
-0.783499
0.107519
0.013985
-0.578942
-0.588813
-0.166153
-1.381412
-0.612639
-0.381290
-1.248949
-0.330238
-0.834807
1.235382
-0.243804
-0.189546
0.428028
0.556968
-1.736242
-0.376784
-0.909032
-0.145170
-0.536333
0.157069
-0.980459
-0.567767
-0.591160
1.082591
0.368004
0.368889
-0.286318
-0.384718
0.561003
0.777434
0.015147
1.141648
1.274155
-1.664698
0.430379
-0.042602
0.388289
1.115977
-0.920538
-1.620274
1.106191
-0.998485
-0.686220
0.204621
-0.686102
-1.592211
0.034190
-0.781485
0.597860
-0.506077
-0.688446
-0.210001
1.052153
0.907904
-1.093226
2.799708
-0.325776
-1.152416
0.888232
-0.361672
2.153720
0.847408
-0.198720
1.575307
0.849115
-1.228895
0.888394
-0.516487
-0.083326
0.131054
-0.879096
-1.333342
0.367784
-1.388233
-2.575203
-0.836106
0.331092
-0.269881
1.267131
0.183753
-0.766310
-0.439584
-1.436541
1.085797
-1.381100
-0.920408
-0.160286
0.002353
-1.502650
-0.905536
0.265041
1.129723
0.349004
-0.025810
-1.562409
-0.617342
0.521494
1.080947
0.889376
0.138072
1.204600
2.881461
-0.593862
-0.763116
1.518483
0.235465
0.112308
0.392374
-0.654487
-1.034795
-0.777148
1.245946
-1.436641
0.498655
-0.557687
-0.353367
0.742951
0.843989
0.342977
-1.873120
1.570965
1.310197
0.091437
0.010258
1.801449
0.947224
-0.029294
-0.292339
-0.193537
1.177232
1.039992
-1.613423
0.464642
0.864121
-1.506463
-0.002965
-1.777044
0.129493
-2.083235
-0.681746
-0.611066
-0.708850
1.451528
0.535511
-0.399569
-0.933078
-0.238776
-1.029113
0.973080
1.996766
1.053200
0.331690
-0.165629
-0.405106
1.745285
-0.575936
1.561099
-1.131539
-0.296232
-1.714057
0.159234
-1.263728
1.665049
0.412272
0.537397
0.282678
-1.092541
0.124118
1.837081
0.008555
-1.017016
-1.852343
-0.713327
-1.762229
0.830517
0.781167
-0.875682
0.613981
-0.576455
-0.045614
0.371956
-0.443960
0.418203
-1.685728
0.117475
-0.034952
-2.046393
-1.809690
-1.859524
0.414307
0.123960
0.273958
-1.326378
1.138974
0.982841
-0.766963
1.176060
-0.250922
-1.776205
-1.632695
0.733723
-0.104049
0.881225
-0.088373
0.267671
2.123526
1.396849
-0.432827
0.374969
0.494445
0.761391
0.071009
-0.493532
-0.003623
-0.480287
1.683367
1.240726
-0.203615
0.428292
-0.165459
1.193241
1.048881
0.568611
0.871264
0.660571
1.174062
0.531131
0.151901
-0.577226
-1.571751
-0.027848
-0.741056
0.060009
1.140488
0.172825
-0.415002
-0.853129
-1.430135
1.332805
-1.776691
-0.934783
-2.313202
-0.316142
-0.342285
-0.404294
-0.063130
-0.821265
-0.913656
1.817826
-0.334063
0.907659
-0.836771
1.612729
1.514182
0.231019
-1.099532
0.087001
0.047305
0.239624
-0.978221
-1.523000
0.162363
-0.010291
0.002075
1.026801
-1.475160
1.010694
-0.743228
-0.395222
-0.825779
0.089620
-1.905818
-0.568086
-0.515757
1.263930
0.150698
0.695518
0.005939
-1.048900
0.907205
-0.845441
-0.526243
0.182100
0.945539
-0.201385
1.510525
-0.571478
0.665589
0.003616
1.546672
0.214406
-1.877313
1.088335
-0.081549
-0.553062
1.222965
-0.331309
0.599987
-0.768383
-0.836130
1.810582
-0.787033
-0.584771
-1.708321
1.629982
0.397998
0.237780
0.975138
-1.329337
-0.541047
-0.091438
-1.548471
1.311427
-0.018429
-0.323289
0.236225
-0.752582
0.045113
3.427539
0.604682
1.668311
-0.355083
-0.751569
0.309704
-1.341705
-2.306958
0.731593
0.641338
0.833851
0.028170
1.978373
-0.087328
-0.553965
-3.006499
-0.047166
0.831878
0.006861
1.124222
2.294881
-0.173350
1.231254
-1.585853
1.031319
0.063490
-0.221390
-0.163399
-0.156303
-0.308803
0.198673
-0.174292
-1.155792
0.417054
-0.607868
1.047987
-0.033827
0.127024
-2.049232
-1.256680
0.939614
-0.733817
-0.532438
-0.277940
1.363743
0.374138
1.310265
-0.267748
0.213176
-1.203243
1.178031
0.108648
0.044129
0.338316
1.446792
-0.214495
1.663039
-0.851523
0.422185
2.009219
-0.489815
0.245256
0.877505
-0.137900
-1.500353
-1.055959
0.580933
0.891515
0.784555
1.146432
0.071985
0.208233
-1.518869
0.317329
0.612681
-0.583211
0.644002
-1.815889
0.751100
0.300284
2.110609
1.413086
1.506980
0.817397
0.646616
-1.181631
-0.335091
1.826728
-1.456164
-0.450282
-1.419234
1.450952
-0.565781
1.544534
-0.413762
-0.504132
1.278529
0.938832
-2.716280
0.451141
0.600167
0.209807
-0.657658
0.028408
-0.398061
0.211323
-0.202394
-0.621928
0.163770
0.802439
0.289006
-0.553642
0.336254
1.069792
1.595404
1.207553
0.537380
-1.009124
-1.365553
-0.202381
-1.409185
-0.784785
-0.170122
-0.484210
-0.327918
-1.328005
0.231467
0.996508
-0.548137
0.725755
2.662727
-0.091811
0.651210
0.196770
0.969624
-1.718650
-1.056957
0.143464
0.886963
0.130524
-1.664573
-0.823613
-0.794706
0.388992
-0.762039
-0.680807
1.084748
1.335316
-0.413275
0.424903
-1.881484
0.198327
1.189978
0.526782
0.101061
-0.388643
-0.646792
-0.179082
-1.551441
1.610459
0.564211
-0.102437
-0.619805
-0.070340
0.797795
1.011448
-0.903691
-0.973529
2.078230
1.136593
0.708520
-0.138646
0.924020
-1.273233
1.531768
-0.035772
0.790862
0.646218
-0.131571
-0.175366
1.221583
1.026497
-1.772231
-1.692406
-0.946221
-0.893545
-1.118526
0.272111
-0.463704
1.206125
1.452878
-0.028683
1.683458
0.024214
-0.434791
0.064786
0.944860
-1.614461
-0.208599
0.297406
0.363085
-0.368436
0.488786
0.292122
-0.591908
2.181599
0.439550
-0.331183
-0.571719
1.029409
0.102060
2.548113
-0.435924
-1.242607
-0.027698
0.175067
-2.118451
-0.309169
-0.368415
-0.368764
-0.630226
-1.343193
0.758038
-0.583841
-1.023701
-0.759934
-0.472323
0.108647
0.668339
-0.953179
-0.479297
-1.345508
-3.392300
0.155794
1.520004
0.522083
-0.507060
0.096479
-1.174820
-0.122292
-0.427709
-0.852714
0.405652
2.599867
1.665450
-0.072073
0.884115
0.862707
-0.647538
0.643904
-1.440992
-0.805298
0.238753
-0.414788
1.756479
0.648040
-0.382038
-0.470580
0.186971
-1.055531
0.595612
-1.375302
0.623010
-0.164595
0.414614
-1.012586
0.244985
2.412348
-0.457217
0.317400
1.505567
0.761704
0.431885
-1.013689
-1.277588
0.053432
-0.463236
-0.019058
0.205657
-0.676428
0.494103
1.858556
-1.009341
-0.469546
-0.049611
1.140460
-1.186382
-1.065148
-2.163661
-0.440362
0.680146
1.065225
0.357154
-0.600957
0.706472
0.204319
-1.920706
-1.228095
1.511865
0.322205
-1.374794
0.819953
1.061435
-0.435034
0.657682
-3.740101
0.973577
1.175155
-1.124703
0.282085
-0.338121
-0.102529
-0.424880
-1.332295
1.890404
-0.310311
0.104755
-1.009401
-1.036867
0.412598
0.526392
0.877924
1.103774
-0.210208
-0.444203
0.746814
-0.637439
0.871758
0.374500
1.155026
0.670392
-1.054446
-0.865634
0.732485
1.907056
-1.322812
0.023212
0.281675
-1.525778
0.478125
-0.093123
-2.096557
1.621728
-0.863208
-1.282503
0.420142
0.557487
0.736411
-0.386003
-0.010914
-0.730807
-1.310197
1.079131
-0.102763
-0.182314
-1.999268
-0.178371
-0.842494
-0.174614
-0.219244
-0.446465
0.938839
0.447054
1.127155
-1.324827
-0.648956
-0.040281
-0.406639
-0.079258
-1.182103
-0.716178
-1.641554
-0.890026
0.694177
-0.214207
1.505753
-0.595534
0.119071
-1.213252
2.600672
-0.178621
0.829630
0.413385
-0.583879
-1.330901
0.156143
-0.556790
-0.155504
0.651302
0.078241
0.377116
0.150047
-1.467249
1.396062
1.175852
-1.136165
0.505301
-0.662024
-0.746916
-0.004842
1.747668
1.057958
0.605221
-1.150606
2.554449
0.873731
-2.348837
0.399474
-0.488695
0.409982
0.400640
-0.918519
1.825886
0.199785
0.941348
1.351424
-0.738158
-0.911768
1.121907
1.392837
-1.377019
2.011243
-0.235503
0.691785
0.564388
-0.971342
-0.864048
-2.083592
-1.151150
-1.482476
0.040191
1.369402
-0.027145
0.338854
0.778004
0.679709
-0.385832
-1.463345
-0.429806
0.062959
-0.871645
0.361961
-0.292712
0.621822
-0.803239
-0.921968
1.774056
0.028756
0.552964
-1.098422
-0.377264
0.682169
1.565616
-0.724485
-0.802917
-0.022669
-1.524395
-0.030133
-0.064728
0.724749
1.414610
0.569844
0.741551
0.052279
-0.359745
-1.995977
-0.886221
0.217267
-1.645594
0.242890
-0.400835
-1.021560
-0.470024
0.728782
0.885501
-1.937021
-0.149484
0.913885
-0.257895
0.108815
-1.495411
-0.480034
1.828775
-0.788068
-1.440632
0.149472
0.788629
1.193810
-0.517723
0.222476
0.544355
0.649211
-0.547203
1.712725
-0.687297
0.707872
-0.021911
-0.587219
-0.642851
-0.586347
-0.446871
-1.018886
0.697410
-0.703515
-0.615021
0.488691
-0.107962
-1.421904
-0.936009
-0.196557
-0.574988
0.750483
-0.764402
-0.967127
-1.010546
0.406657
0.483472
-1.672445
0.622075
0.860973
-1.690998
-0.690431
1.428892
1.006102
0.024793
0.501249
2.112020
0.502797
-1.220809
1.364939
-0.870939
0.993902
0.656271
0.889514
1.540933
-1.465914
-0.069589
1.946050
0.976382
0.177158
-1.023173
0.106720
-0.911881
-1.468367
0.576479
0.065306
-0.773513
0.394948
-0.503890
1.779559
-0.030572
1.577088
-0.812802
0.613349
1.843700
0.271091
1.136448
-1.738332
0.707135
0.030386
0.765002
0.867665
-2.256250
-0.443603
-0.670023
0.152164
-1.940533
-1.090509
1.001921
0.176892
-1.088015
-0.253217
1.098273
-1.839567
-0.211429
-0.229663
0.186979
0.503779
1.910343
0.553781
-0.587481
1.257950
-0.858668
0.436187
1.571463
1.077315
0.811090
-2.231538
-0.101003
-0.587375
1.324868
0.840648
0.261106
0.794442
-0.649616
0.634285
0.095003
-1.683207
0.344046
0.707158
1.193415
0.527389
1.006704
-1.732327
-0.373412
-0.142510
-0.329742
-0.089042
-0.577396
0.736165
-0.991206
0.125175
0.073153
0.143937
-0.947724
1.399230
-0.226124
-1.438854
0.801301
-0.003331
-0.096942
-0.095871
0.395437
-0.053243
-0.773500
-1.419186
0.303452
-1.518207
1.119708
-0.953861
-0.849614
-0.981900
-1.363078
-0.772599
-0.283625
-2.327604
-2.445227
-0.715865
0.883397
-1.300440
-0.076339
1.430557
-1.323409
-0.438356
-0.743152
0.891968
0.463873
0.617661
2.496417
1.629475
-0.099045
-0.201992
-1.448826
-1.714165
-0.049642
-1.299395
0.625355
-0.791719
-0.582943
-1.552681
2.110154
0.758830
-0.709930
0.151147
1.323091
-0.927825
1.906599
-1.032175
-0.177361
-1.650378
-2.538511
1.010091
0.085702
-1.733861
-1.640601
1.145361
-0.150595
1.431443
0.636587
-0.066563
0.032330
-0.555074
0.097786
-0.060985
0.837517
-0.163418
0.823555
0.920632
0.180763
-1.312968
-0.160477
-1.906075
-1.206622
0.730418
0.494893
-0.003209
-0.302433
-0.739401
-0.512812
0.965252
0.476679
-1.371216
0.198853
0.139963
1.648673
-1.757552
-0.783130
0.973626
-1.110932
2.385622
-1.178944
0.029122
0.559548
0.881037
0.715208
-0.462078
0.913207
-0.754652
-0.534977
0.456642
1.509577
-0.228171
-0.890342
1.209772
-1.264800
1.838181
-0.984083
0.640948
0.926691
0.785034
0.227003
0.049530
-1.653181
-0.780820
0.724645
0.663369
-1.037881
0.346979
0.252031
1.750919
-0.418401
-0.519857
-0.923443
-0.999278
0.374948
-0.704341
1.074704
-0.627299
1.533996
0.417725
0.258384
-1.150429
0.329114
0.045522
0.632083
-0.510847
-1.453630
0.275222
0.139787
0.243892
1.005650
-0.939641
-2.381750
0.475027
0.405913
-0.477056
0.170598
-1.047781
-2.106197
-1.692911
0.042361
1.382710
-0.389518
0.813938
-0.594332
-0.055439
0.796561
0.133180
-0.541678
-0.865302
-0.092528
1.182102
-1.570655
0.859331
0.283647
-0.969112
-0.018374
-0.204035
-0.947740
-0.539435
-1.256287
-2.071524
0.151236
1.044489
1.633349
-1.111379
2.147365
1.526307
1.423475
-0.785666
-0.562252
-1.938357
0.191159
-0.393603
0.161791
-0.834518
0.672870
0.343188
-1.144123
-0.045888
0.284685
2.008442
0.095781
-0.940409
-0.316263
-0.031223
-0.133595
-1.841472
-0.331577
-0.693309
-0.260513
2.120962
-0.832291
1.437941
1.160618
0.683498
0.003110
0.654393
-0.449920
-0.546459
-0.747862
0.273902
-0.209771
-0.239585
1.420229
-0.704749
0.735365
-0.521928
-1.592195
-1.425950
-0.491552
0.629611
0.641786
-0.240687
0.618422
0.076263
-0.261490
0.854731
1.187894
1.016027
-0.306873
0.567708
-2.129246
0.195067
0.361002
0.151975
-0.222273
1.304773
-0.093238
-0.139538
-0.240937
1.034105
-0.292460
-0.834349
-0.108759
1.707714
-0.300686
0.615772
-0.278111
-0.276747
-0.560841
-1.216304
-0.109782
0.718456
1.576193
0.441869
-0.816861
0.745505
0.454029
1.398363
2.089610
1.214608
-0.392758
-0.159230
1.157941
-0.507693
-0.140483
0.634340
1.070606
0.222911
-2.892520
0.339366
-0.312049
-0.975921
0.024130
1.120464
-1.129877
1.589923
0.978730
0.934164
-0.814709
-0.251242
-0.382835
0.000341
-0.062205
-0.317349
-0.177927
-0.211620
0.267484
-1.651817
0.486578
1.697272
1.072501
-0.945897
1.044608
2.289628
-0.242556
0.721032
2.299380
1.030296
1.550721
-1.095226
0.235621
0.391969
0.564287
0.789508
0.156175
-1.312394
1.066272
0.378860
-1.178617
0.758996
0.552980
0.537035
-0.286835
1.634406
0.571227
-0.789954
-1.542758
-0.767332
-2.369623
-0.260560
0.128957
-1.207666
-0.545444
1.553283
0.107291
1.535344
-0.184951
-0.176783
-2.199254
0.729289
1.100558
-0.342368
-0.310304
0.813036
-0.736297
-0.782324
0.317098
-0.606251
0.611058
-0.920310
1.509509
0.656464
0.065851
-0.873631
-1.057754
-0.897237
-1.432203
1.340430
0.342075
1.070628
1.739065
1.306606
0.449617
-0.411050
0.749300
0.211138
-0.260651
-0.515198
1.079217
1.477463
-0.275109
-0.437008
0.698170
-0.635176
0.603677
1.736930
-0.417834
0.024513
1.989693
-0.373168
0.141037
-0.941815
-0.702835
-1.378837
2.925250
0.571752
-0.045876
-1.057064
-1.824693
0.241738
-0.145152
0.501993
0.692329
1.012275
-0.042177
0.622010
-0.407536
-0.851446
-0.338183
0.768968
0.606498
-0.012613
0.322428
1.607508
-1.802410
-1.255068
-0.013034
0.700357
-0.215273
0.903088
-3.007437
-2.330467
-0.567803
2.667322
-0.000068
-2.241449
-0.360030
0.617494
0.962222
0.470549
-0.235804
0.678789
1.153618
-0.554733
-0.123601
-0.136098
-1.705542
-1.257096
-2.318625
0.084338
-0.297673
-0.339033
-0.034404
0.519269
-0.672583
1.173611
-1.592229
-0.013649
-0.098345
0.849877
-0.494986
1.068731
-0.233866
-0.101805
-0.149077
0.698096
0.853148
-0.604741
-1.408891
-0.981102
0.165183
-0.016646
0.140933
-0.725172
0.795741
-0.176439
-1.633435
0.155350
0.547426
0.143760
0.130221
0.227172
-1.053729
1.531753
-0.326494
1.466845
-0.554129
0.966675
0.240180
0.100314
-0.938791
1.205819
0.418972
-0.090250
1.207375
0.088580
2.209806
1.016677
-0.330709
1.358382
0.060856
2.005891
0.081658
-0.079209
0.093968
0.399507
1.549311
0.292857
-0.106715
-0.493460
0.785681
-0.554345
-1.168830
-0.942246
-0.464928
-0.124434
1.053172
-0.577244
1.197128
-1.637706
2.634603
-1.586424
0.198087
-0.217580
-0.785315
0.676409
1.057214
-0.172186
1.209385
0.064058
-1.063780
-0.079188
-0.527496
0.460215
-0.399167
-0.074183
-1.085357
1.069356
-0.355628
-1.069477
2.631474
-1.412974
0.507430
-2.163666
0.308523
0.188114
-0.252378
-1.363544
-0.858531
-0.806561
-1.174124
-0.948046
1.435126
0.391209
1.330828
-0.988842
-0.431303
-1.737050
-1.190456
-0.291113
-0.420606
1.777354
0.108047
-0.265100
0.459463
0.026879
-1.085704
-0.626888
1.398957
1.303788
0.257235
1.019485
1.642809
-0.441726
0.184315
0.221091
-0.826814
0.446432
-1.143678
0.102260
-0.268914
0.429547
-1.354861
-0.521099
1.883164
-0.134846
0.068144
-0.669571
0.045371
0.379771
-0.475564
-0.249496
-0.166460
0.295737
1.130517
-0.669326
0.805981
0.804606
0.254832
1.081652
0.099068
0.107816
-0.173552
-0.270364
-0.210498
-1.860821
0.600274
-0.322256
-1.468866
0.970322
-0.975542
0.859492
-0.741556
0.958888
1.898921
-1.595063
-0.254962
0.956809
0.279689
0.281697
0.915603
-0.788860
-1.283047
-0.713810
1.333552
-0.763906
-1.534958
1.156781
-0.512181
-0.449009
-1.393872
0.530389
0.567966
-0.550456
-1.193732
-1.892100
0.568058
2.596495
0.404323
0.608322
0.146561
0.349577
-0.233016
0.294189
-0.801007
-1.240693
0.111239
0.098162
-1.174422
-0.551431
-0.350073
0.715783
0.158668
-0.167610
-1.592216
0.270411
0.529199
2.198112
0.446333
0.924111
0.933661
-1.812702
-0.124618
-0.169645
-0.459970
0.856534
1.626721
-0.924470
-0.155994
0.424998
-0.779551
-2.116536
-0.215063
-1.104091
-1.938459
0.901897
1.635481
0.528926
0.415964
0.434083
-0.077608
0.449169
-0.131302
-0.750935
1.277652
0.748762
2.657273
-0.818607
-1.445151
1.341763
-0.105190
1.356787
2.014014
-1.372630
-0.857428
-1.681288
-0.150599
-0.721064
-1.940882
0.099905
1.281836
-0.970079
1.245377
0.696871
-0.064552
-1.057840
-0.469222
2.128395
-0.389241
0.569613
-0.274299
-1.098417
0.689721
1.649248
1.065133
1.609045
0.143017
-0.002557
0.527680
-0.222621
-0.491485
-1.593840
1.018373
0.049685
-1.601849
-1.818411
1.771657
1.075603
0.383403
-1.466997
-0.264782
-1.032079
-0.364435
-0.216874
-0.725282
-1.393769
0.738705
0.249347
0.548552
1.134898
1.102947
1.663230
0.925866
0.459116
-0.412345
-1.289731
0.590259
-0.292061
1.997626
-0.504553
0.280078
0.284664
-1.473234
-0.765097
-1.986660
0.274504
0.186681
0.743763
-0.725189
-1.059526
-0.321963
0.413256
-1.082994
0.381849
0.490253
0.820316
-0.357466
0.087138
1.228502
-0.699969
-0.038244
2.006026
0.304047
0.943274
0.300478
1.006934
0.484680
-0.219420
-0.240284
-0.228420
0.657788
0.024372
-0.016738
0.080445
0.274499
1.563248
-0.926580
1.078571
-0.426220
-0.335052
-0.148293
-1.354585
-0.634844
-0.135872
-0.596771
1.297082
-0.824147
-0.167253
-0.604033
1.251292
-1.342867
0.415251
1.196870
1.407704
0.176887
1.728332
-0.951684
-0.551577
-0.539119
0.257271
-2.113932
0.948533
1.231276
-0.288187
1.258197
0.573756
-0.976875
-0.691030
-0.507291
0.328753
0.940587
0.672007
-0.620276
0.112850
-0.613204
1.582271
-0.384438
-0.067375
-0.283410
-1.199518
-0.079035
0.821873
-0.170750
-1.651031
-0.208626
-0.710947
0.052347
0.965360
-0.700208
-0.155508
0.046361
-1.427675
0.352934
-0.294159
-0.956312
-1.345773
-0.042498
0.820502
0.490995
-1.178042
-0.341079
0.458680
1.192809
1.507616
0.215930
1.076200
-1.399356
0.508623
1.592426
-0.041443
1.375942
1.355604
0.625325
1.675502
-0.290196
-0.228995
1.524646
0.389195
-1.242944
0.027099
2.979976
-2.368803
1.322194
-0.508675
0.528439
0.825217
-1.348432
-1.558124
-0.869865
-0.097838
-1.682501
0.656260
0.592232
0.298335
0.224785
-1.318878
-0.315904
0.041678
0.773517
0.130982
1.667159
0.624447
0.054561
0.452399
1.614796
-1.126841
-0.360084
-0.349691
-0.670759
-0.956580
0.597939
-0.456774
0.611096
-0.460454
-1.262019
1.198047
1.798412
0.224679
0.523085
1.736767
0.508653
1.165039
0.713120
1.319977
0.311109
0.298932
0.608673
-1.349546
-0.873316
1.361042
1.420655
0.430374
-0.951992
1.202768
0.079926
-1.170261
0.619543
0.892489
0.876115
-0.309581
-0.519604
-1.306872
1.519599
0.212861
1.566498
-0.258905
1.711489
-1.820816
0.163495
-0.813117
-0.605355
-1.327524
-0.644172
1.908883
-0.563545
1.082473
-1.951911
2.441216
-0.017285
0.912282
1.239658
-0.573367
0.424889
-0.271260
-0.683568
-1.537438
-0.101374
0.746666
0.929182
0.229418
0.414406
0.309724
-0.737456
-1.536920
-0.562255
-1.599511
0.824390
2.491486
1.011855
-0.281238
0.016707
1.153920
-0.600915
0.132937
-2.169974
-1.116559
-0.569368
0.636267
-0.767649
0.618479
0.183161
1.859351
-1.075515
-2.019220
-2.437464
-0.148564
1.151151
0.185323
0.658461
-0.049536
0.237399
-1.511580
1.932370
0.482422
-1.315783
-1.963615
0.533068
-0.109323
-0.283183
1.433744
-0.568617
-0.849846
0.724446
0.605898
-1.290258
0.789433
1.960914
-0.335540
-0.607612
-0.727242
0.851409
0.888417
-1.111323
1.137844
1.275549
0.294599
-2.185680
0.792377
-1.625041
0.739831
1.014269
0.958208
-2.615371
-0.728131
0.742498
-0.082144
-1.524902
-0.438179
-0.005392
-1.712085
1.705586
0.811190
0.149361
-0.735456
-0.312967
-0.653416
-0.991226
0.148966
1.103324
-0.190049
-0.412264
0.178620
0.781681
-0.524640
-1.381097
0.945476
-1.361691
0.534988
-0.095959
-0.896407
1.387181
0.997393
0.576468
0.440001
0.475470
-0.983577
-0.561994
-1.641003
0.292283
1.433105
-0.383711
0.237493
-0.532755
-0.471180
-0.340085
-1.463206
1.138598
-0.005025
0.971588
0.302341
-0.806236
-0.316912
-1.586865
0.788687
0.137225
-0.785181
-1.506570
-0.576410
-1.107288
0.135283
-1.052778
2.052293
0.985309
-0.372840
-1.486236
-0.111661
-1.959615
1.060701
0.791298
1.448645
-0.556655
0.805564
1.384041
-0.435665
-0.733842
1.348113
0.145476
0.425298
-0.088040
-1.248473
1.104597
-2.029386
0.997976
-0.279238
-0.187632
-0.532541
0.526850
0.408745
1.611498
-0.184072
-0.182061
-0.353795
0.103931
-0.448981
1.155266
1.370400
-1.922386
-1.288861
-1.018784
0.661616
-0.892039
0.551889
1.371330
0.770885
-1.044818
-1.199904
-2.668061
0.490012
-1.255039
0.042394
0.230788
-1.309774
0.943393
-1.035967
-0.594156
-1.182276
0.049040
-0.664644
2.270059
-0.643594
0.186374
-0.280315
0.886659
0.003909
-1.461771
0.198876
0.439975
-1.279135
-1.042794
-0.655607
0.257154
-0.356809
-2.252247
-0.760276
1.135156
0.632681
0.653863
-0.056068
2.172996
-0.068731
-0.231319
-0.472346
-0.398688
0.782281
-2.084000
-1.185218
1.400778
-0.775764
-1.127582
-0.167248
-0.748299
0.292871
-1.196332
1.499101
-1.310930
-0.083947
0.055821
0.246392
-0.060607
-0.005779
-0.070002
1.305684
-0.125399
0.963553
-0.732265
-0.002419
-0.130170
1.000471
-0.586602
-0.691723
-0.156080
-0.021203
-2.102351
-0.858481
1.110172
-0.254574
-0.241626
0.570245
0.540535
1.739275
0.631244
-0.440285
0.055037
0.774104
0.961669
-0.902624
0.669783
1.767132
-0.173421
0.011310
-0.925463
-1.061874
0.011534
0.788092
-0.298743
1.105651
0.907803
-0.366147
0.730094
-0.129341
0.092950
1.073859
2.438684
-1.396215
-0.330331
1.160260
-0.244241
-0.429362
1.667689
-0.060836
0.787298
-0.309336
-1.558638
-0.511101
0.683766
0.192982
-0.797861
2.063872
0.117895
-0.995360
1.299512
0.916603
-0.559934
0.654174
0.790547
0.462341
0.129854
-1.768078
-0.323381
-0.052915
-0.583363
-0.356246
0.701507
-0.498703
-1.696172
-0.625828
-0.535584
-0.161891
-1.226760
-0.310638
-0.876860
0.779547
-0.193539
0.547569
0.276812
-1.284571
-0.042360
1.669884
-1.610850
0.947847
0.098646
-1.510664
0.573416
1.003454
-0.060991
0.307165
1.822393
-0.605418
1.828015
1.641788
-1.325293
0.123541
0.066932
1.293410
1.169079
1.510159
-1.619323
1.377156
0.567917
-1.838673
1.313083
-1.107092
0.772959
-0.586082
-0.205840
0.443604
-0.209698
-1.452173
0.305803
-1.152520
0.544356
-1.252270
0.139334
0.364208
2.013717
-1.937597
0.316160
-1.260336
0.478613
-0.112248
0.769181
1.416186
-0.337464
-0.013370
0.904142
-0.529141
0.403164
0.838859
-1.076188
-1.524973
0.175713
0.876726
-1.504967
0.491094
-0.365393
-0.171604
1.031659
0.140505
-0.855085
-0.012255
-0.233622
-0.281150
1.179335
-0.654688
-0.793112
0.250454
0.638913
-0.133837
-1.231552
0.108746
2.424255
0.566313
-1.662220
-0.951646
0.093501
0.541827
-0.695674
2.164173
0.537853
0.332644
1.256947
0.245619
-1.965461
-0.394223
-0.639287
-0.337306
0.114029
0.692507
-0.773763
-0.765226
-0.077640
0.575670
0.551034
0.600293
1.109558
-0.360985
1.120129
0.334544
0.157896
1.801444
-0.318745
-0.766266
1.465151
-0.044859
1.105299
0.398478
-1.752419
0.281023
0.624609
-0.072546
0.623351
1.192175
1.471532
0.791971
-0.844757
0.124144
-0.713904
-0.460423
-0.475682
-0.053399
0.221880
2.083893
0.247515
1.782746
-0.013489
0.767971
-0.355492
0.036212
-0.716643
0.692742
-0.779134
-0.297421
0.220336
0.434984
0.524904
-0.473790
-1.359320
-2.259976
-0.893481
-0.656715
-0.692990
-0.841654
0.460620
-0.274902
-0.137153
-0.786284
1.631779
-0.276026
-2.351153
-0.777234
-1.328378
-1.401197
0.462693
2.381686
-1.208986
-0.418867
-0.785321
-2.164551
1.144581
-0.950502
0.764123
1.319490
-0.120325
-1.054310
-2.758928
0.659755
2.143406
-0.450877
0.465107
-0.387744
-0.606736
1.536559
0.171157
0.013563
0.128522
0.123785
-1.612687
-0.169906
1.718791
0.795276
-0.562186
0.193950
1.260308
0.332623
2.495995
0.334872
0.244085
-1.081475
-1.671211
1.029452
-0.395552
-0.764782
0.564002
-0.613929
0.705637
0.241072
-0.625265
0.257596
-1.476500
0.439631
-0.513410
-0.036907
1.234065
0.031094
-0.654621
0.986429
-0.045557
1.203282
-0.745862
-0.297846
-0.982235
-1.321825
0.163357
-0.624967
-0.741712
0.136223
-1.059449
-0.080974
-0.524548
1.838266
-0.836072
-1.359158
-0.553493
0.154737
-0.877861
-0.554523
-1.275889
-0.847276
0.339490
0.886784
0.397001
0.962960
-0.079727
0.644843
0.404672
-0.021283
-2.438133
-0.165711
0.922355
-0.805489
1.817659
0.826579
1.518518
1.763453
-2.100680
0.957312
0.247875
1.182572
0.978519
-0.573164
-0.984446
-0.994186
0.169308
-0.931714
-0.954363
-0.612607
0.326476
-0.801569
1.048546
-0.781579
1.367483
-1.021426
-0.200914
0.102552
-0.963609
-0.734633
0.246883
-0.466162
-0.567265
-0.416772
0.182802
-0.839417
1.663421
-1.883646
0.039071
-0.148785
-0.356176
-1.401372
0.619891
-1.671564
0.522012
-0.102740
-0.538994
-1.278386
-0.721320
-2.351311
0.617173
0.138094
0.512541
-1.201120
-0.596415
0.595135
0.233907
1.100631
0.424736
0.337243
0.138936
1.405944
-0.478353
-0.644919
0.013150
-0.037476
-0.243614
0.879404
0.387263
-0.504255
2.157701
-0.569286
0.588986
-0.851910
-0.540621
-0.351258
1.859206
0.107128
0.188121
-1.438777
0.227848
-1.030172
-0.676196
0.443996
-0.471159
1.513440
1.292071
0.185051
0.072435
-0.180964
0.323814
0.470044
-0.254326
-1.164221
0.256729
0.176871
-0.674122
-0.054403
-0.816759
0.602663
0.157167
0.184836
0.724624
2.191634
0.039529
0.588530
1.086237
-0.093345
0.897423
1.254605
0.012417
2.841767
-1.747250
-0.772711
-1.164875
1.148887
0.278407
-0.748828
0.798762
-0.291600
2.630057
-0.504095
1.089087
-1.007032
0.538999
-0.449902
-1.300630
-2.050024
-0.285237
0.981871
0.039206
-1.416159
1.410622
0.424755
0.782228
0.447113
2.536914
0.180524
-0.800615
1.079820
-2.182867
0.288310
-0.378736
1.282981
0.046352
-0.755243
0.139162
-1.308171
1.847414
-0.229900
0.688946
-0.629217
0.439618
-0.083647
1.926555
-1.471742
-0.413301
-0.508967
-1.231050
-0.128566
0.853637
-0.727752
-0.012629
0.454412
0.549810
-0.517976
-2.412362
-0.446991
2.069475
-0.939424
-1.052124
0.203696
0.007131
-0.687050
-0.015582
-0.164745
0.372484
0.441780
-1.082960
0.695707
-0.220089
-0.638427
1.045046
-0.027534
-0.359966
-0.262936
0.528764
0.182918
0.676832
-1.826346
1.130380
-0.084229
0.554689
1.397361
1.369847
-1.373075
1.015120
0.264719
1.031523
-1.578459
-0.990763
0.256726
-0.899628
-0.386775
1.409773
2.229974
-0.189618
0.952467
0.170209
0.939885
0.532162
-1.238775
1.289432
-0.858206
-1.300798
1.198187
-0.336650
0.841947
0.543372
-0.962988
-1.600955
1.757337
0.693595
1.465480
-0.179738
1.243758
1.712570
-0.249004
-0.268640
0.093038
-0.037562
-2.660022
-0.950913
0.280639
0.293681
0.256731
-0.301426
-2.033287
0.123043
0.213727
-0.907536
0.352692
0.256358
-0.540776
-0.123674
0.837024
0.293087
-0.931367
1.567161
1.161551
-0.816761
-0.718210
-0.633376
0.585639
0.678089
0.589031
0.712359
-1.284896
-0.560930
-1.911417
0.837892
1.015717
1.095313
-0.400084
0.334357
0.386321
1.516669
-1.912469
0.742420
-0.338237
-0.350982
0.630377
0.431083
-0.849705
0.522138
0.404606
1.650256
0.249221
0.784159
-1.482420
-0.454546
-0.972274
-0.050935
1.707453
-1.725418
-0.309002
-0.045379
-0.505819
1.387160
1.120771
1.012427
-0.303740
-0.105409
0.523768
0.142974
-0.818748
0.745831
-2.110367
1.072824
1.731285
0.359305
0.876583
-0.028239
-1.037402
1.349531
-0.879811
2.214819
-0.353536
0.063484
0.006447
0.410248
-0.577676
-0.328235
1.212363
-1.431414
-0.682390
-0.886463
-0.106569
0.067330
-0.207495
0.291216
0.953480
0.797864
-0.170141
0.228678
-0.870103
1.322219
0.181506
-2.439409
-0.347412
-0.906985
0.988151
-0.594399
-0.677693
-0.505468
-1.756021
-1.463325
0.532316
-0.800028
1.168331
-1.044768
0.063571
-0.335682
-1.147648
0.142980
-0.648273
0.007226
0.435922
-0.887852
2.465396
-0.586558
0.787484
-0.077219
0.090667
0.174133
-0.714944
-0.043452
0.023977
0.167424
-0.382029
-0.032614
-1.281649
-0.289726
-0.594695
0.043057
0.374951
0.012118
1.763483
-1.351047
1.188150
0.491517
0.000934
-1.891359
0.453654
-0.372336
0.231261
-1.413693
-0.584051
-0.106443
1.376203
-0.425119
-1.907582
0.282737
1.495254
-0.297598
-0.746114
0.322444
-1.408269
0.146043
-0.154879
-0.257751
-0.207764
-0.674734
-0.516172
-0.742764
0.266105
0.069559
-0.486040
0.524489
0.473071
1.762343
0.899112
-0.018432
-1.050405
0.255167
-1.187092
0.659357
-0.313643
1.217697
-1.087466
-0.051539
0.206130
-0.626527
1.392167
2.825771
1.033557
-0.808648
-1.090128
-0.310668
-0.163263
-0.460341
-1.334141
0.515452
-0.489945
0.303284
2.452996
-1.873634
-0.068109
0.057227
0.004421
-0.065359
0.233836
-1.139200
-0.010400
-0.520939
-1.089221
-0.346203
-1.845407
-2.598922
0.198222
-0.484180
0.207029
0.754987
1.359420
0.696072
0.682201
-0.011214
1.344760
-0.831492
-0.407972
-1.330804
0.352599
-0.537885
0.393444
0.286518
2.042536
-0.919461
0.114670
-0.137424
1.365527
-0.261638
-1.286241
-1.654657
0.037233
1.270301
-0.143277
0.795255
-0.072072
-0.742424
1.225654
-2.205388
-0.530638
0.168214
-0.968846
0.309654
0.940108
-0.163390
-0.320882
-0.403431
-0.664067
-0.116287
-0.416404
-0.210625
2.611800
-0.817096
0.229693
0.135286
2.015309
-0.983595
-0.039840
-0.709986
0.251904
1.010051
-0.746995
-0.227140
0.842467
-0.002845
0.057319
-0.791155
1.511507
-0.429204
-0.281490
-0.298651
0.971363
1.165934
-0.184506
0.006585
0.506548
0.195783
0.785216
1.099251
-0.638159
-0.225811
-0.051891
-0.491036
-2.245990
-0.798511
-0.809394
0.240431
0.437696
0.302163
0.276812
-0.912311
-1.463644
0.801110
-1.477597
1.960286
0.291998
0.114903
0.389295
-0.461850
0.722021
-0.133376
-0.837945
0.444084
2.723573
-1.115825
-0.227754
1.331713
-0.492146
1.359046
1.084773
0.015616
-0.173428
0.940284
-0.777464
0.760896
1.401753
1.231653
1.001158
-0.978052
0.677956
-0.069464
-1.057361
-0.140121
-1.433495
-0.179081
-0.123043
0.538195
1.065478
-1.401320
-1.327604
-2.046316
0.838534
-0.686931
-0.562013
-0.044288
-0.004737
0.684186
-2.160271
-0.197359
-1.232533
1.691840
0.531288
0.351969
2.172092
-0.146207
0.896195
-1.461201
0.201412
2.274656
0.498011
-0.751855
-0.975596
-1.573866
0.443637
0.861052
0.127106
-0.811347
0.241821
-0.686743
1.220735
-0.410869
-0.882769
-0.545628
0.386800
-1.230491
0.667029
-0.271261
0.081820
-0.129966
2.264059
-0.169505
0.845225
2.453229
0.425752
1.847596
0.097455
0.796707
-0.588708
-1.112179
-0.968771
-0.024155
0.285738
-1.116903
-1.378356
-1.876728
2.126709
0.107593
-2.145268
-0.009091
-0.159271
-1.377173
1.159312
-0.457362
0.041293
-0.284312
0.046385
1.017533
0.605671
-0.451887
1.575488
1.540193
-1.463203
-1.114549
-0.611164
1.525084
-0.182713
-0.571921
-0.033994
-0.224143
-0.155979
-1.069637
-0.793159
-0.267161
1.381576
1.289161
0.915687
0.363326
-2.611876
1.780367
1.118012
-0.369319
-0.648383
0.186072
0.044710
-0.692673
1.493981
-0.655053
0.249871
-1.204252
-0.255289
1.082266
0.042570
-0.586913
-1.948176
-0.340991
-0.354654
0.733346
1.322219
-1.218571
0.801691
-0.968736
1.149338
-0.436796
0.557279
1.548829
-1.703670
0.146859
1.577395
0.779122
2.165941
-0.496248
1.085210
0.718440
0.050588
-1.012320
0.223732
1.933760
1.249881
0.488416
-0.493917
-1.407513
-0.199030
-0.908987
-0.355910
1.102628
1.225241
1.087178
0.544154
-0.529796
0.438998
-1.726708
1.104046
-1.099343
1.334137
-0.633545
2.233114
-0.263858
-0.115697
0.762400
-1.341866
0.218600
-1.005283
0.676851
0.499756
0.224330
1.236182
0.143497
-2.194766
-0.753216
-0.959582
0.663386
-0.202360
-0.643029
-0.813453
-0.341617
0.421840
0.889507
0.037506
-0.442879
0.039251
-1.211100
-0.457923
1.428613
1.072204
2.236463
-0.733202
2.600243
-0.506851
-0.653152
0.296998
0.491304
0.194240
-0.077575
2.061826
-1.197944
-1.096549
0.212838
-0.097306
0.050913
2.317882
1.671679
0.643268
-0.765865
0.255103
-1.741829
-0.848843
0.749750
-0.939474
-0.614059
0.224215
-2.937464
0.212629
0.313521
0.567826
1.682660
-0.516287
-0.205855
-0.785945
-0.620885
-0.722304
-0.719337
-1.960869
-1.141708
0.795877
-0.340183
-0.492150
-0.434962
0.313791
-1.327164
0.910620
-2.079486
1.017787
0.426675
-2.059080
0.086566
0.399969
-1.194174
-0.065596
-1.516735
0.867877
0.704036
-0.014163
-2.551337
-0.059105
-0.178263
-0.672131
-1.457736
-0.841527
-0.492428
-0.105459
0.658707
0.627759
0.202706
-1.028616
0.199859
0.657179
0.690478
0.958952
-2.322067
-1.443154
-0.393106
0.783827
0.843108
-0.627495
2.080205
-1.862350
-0.325187
0.691860
-0.464467
-0.938917
1.212339
-0.130561
0.212309
1.201288
-0.799431
0.202868
-0.415315
-1.198378
1.068135
0.538985
0.284617
0.082549
1.406201
-2.580359
-0.287998
-1.454151
0.242415
1.223798
-0.851228
1.526587
0.369451
0.781736
0.807586
0.395243
-0.936288
-0.724720
-0.032801
-0.471613
0.563769
-2.267927
0.342654
-0.097967
-0.240245
-0.096304
-2.194386
0.694276
0.029121
2.453035
0.718793
0.213391
-1.087456
-0.887342
-0.940305
1.922119
-0.826697
-1.522364
0.922024
0.872963
-0.100550
0.940455
0.274938
-1.273522
2.106997
-2.214957
-0.342288
1.466830
1.970291
-0.925093
-0.006071
-0.988292
1.488770
0.280411
-0.348911
0.554253
-1.542241
-1.257531
0.271502
1.290229
-0.246541
0.342479
-1.030433
1.764942
0.847560
1.334679
1.674733
-0.236881
-0.355701
-2.032497
-0.442835
0.671444
1.084361
0.276469
-0.115548
0.988373
0.411294
-0.627007
-0.146056
0.272931
-1.098943
-2.757264
0.756136
-0.982768
0.910849
0.660414
-0.128932
1.828012
0.675961
-0.351956
1.621526
-1.088266
-2.527136
-0.357133
0.947977
0.436882
-0.271729
0.699366
-0.778022
-1.186369
-0.558370
-0.735977
-1.025190
-0.163890
1.251046
-0.317254
-0.920941
-0.537824
-0.224357
0.557343
0.778837
1.766566
-0.564812
0.507357
-0.187758
-1.003090
0.002017
-2.209064
-0.391971
-0.089293
-0.276808
-0.738292
0.478169
-0.527123
-0.856516
-0.011489
-0.340968
0.922037
0.454824
1.110510
-0.854046
-0.534238
-0.158724
0.378658
1.622564
-2.405512
-0.966727
0.705771
0.216877
-1.853907
-1.312089
-1.165320
-0.537446
-0.495144
0.610609
1.465070
0.283345
0.003410
-0.460161
-0.707745
-0.161989
-0.371073
1.219107
1.480642
-1.086871
-2.064871
-0.912428
-1.989286
0.895146
0.810966
0.796371
0.762637
0.669903
1.309994
0.177927
0.398010
-0.222363
0.742029
-2.405761
0.742540
0.773981
1.807010
-1.384666
0.188001
-0.190951
-1.517404
1.244337
0.442482
0.748482
-1.835957
-1.096154
-0.520116
-0.477372
-2.121389
-0.791554
-0.168771
-0.389912
0.289598
-0.351122
-1.348781
-0.093024
0.369657
-0.392786
0.151256
2.944984
1.628818
-0.346419
-1.018766
0.134662
-0.140706
-0.260977
0.817049
0.073754
0.598213
0.149660
2.720085
-1.613784
1.523005
-2.385016
0.916711
-1.084699
0.183543
1.848799
0.398947
0.891963
1.231501
-0.023414
-0.748202
0.148795
0.438148
0.383654
1.549136
-0.726584
0.975196
-1.284788
2.104185
0.227257
-1.129166
-0.281332
-0.739417
-2.584321
-1.176648
0.971201
-1.240022
0.678571
0.780602
0.931010
0.230803
-0.952187
-1.056938
0.010104
1.290811
0.843435
-1.031413
-1.381720
-0.057072
0.409803
0.722852
-0.161942
-0.112795
-1.360538
1.695985
-0.101915
1.085746
-0.193062
0.513036
0.202667
0.781860
-0.595597
0.193907
-0.246118
-0.295291
1.102492
0.441911
-1.178517
-0.134037
-0.375852
0.116555
-1.136983
0.972295
0.169951
-1.149762
-0.557765
2.432556
2.030063
0.317218
1.042055
1.397003
-1.386032
0.675649
-0.208802
0.041612
-0.364793
-1.382662
0.032714
-1.730045
-0.612037
1.165867
0.784878
-0.533384
1.370193
-0.606399
-0.908674
2.284885
0.688306
0.662397
0.888896
0.544374
-0.726521
-0.686947
0.335909
0.488495
0.921521
-0.109633
1.847967
-1.325154
1.930136
1.403290
0.326910
0.306912
-0.245137
-0.816981
-0.449693
0.406504
2.240693
0.885442
-1.440149
-0.997730
0.940431
0.027680
-1.029724
-0.959195
-1.191047
1.755515
-0.045794
-0.015377
-0.342404
-0.602462
-1.507610
0.316826
1.298970
-0.343785
0.360061
1.147426
0.827660
-0.794863
-0.321486
0.149947
1.691506
1.244288
-0.111723
-1.886600
-0.065277
-0.848412
0.915793
-0.881016
-0.676689
0.071754
-0.094366
-0.881015
1.513925
-1.065279
-3.069207
-1.723354
0.214539
-0.076169
-1.652493
-1.859108
0.006445
1.443520
0.438789
-0.829514
0.445627
-0.829765
-2.284616
0.306714
0.238498
0.931344
0.738294
-0.027384
0.764850
-0.831727
-1.410857
-1.798279
-0.698159
0.606902
0.850187
-0.850901
0.438367
0.624846
0.873945
0.380687
-0.963451
-0.105331
-1.050484
-1.217319
1.471011
0.667058
0.025739
-0.921140
-0.537425
-0.037046
0.901601
0.624296
-0.005015
0.838349
-0.656570
1.828608
0.578902
-2.317783
-0.585854
-0.340377
1.721194
-0.040365
-0.000572
0.983725
1.170461
-2.055056
0.599075
-1.305810
-0.103333
-0.331690
0.904045
2.956399
-1.584759
0.497096
1.265664
-0.182023
-0.637904
1.764202
-0.353522
-0.390465
0.081924
-0.496045
0.640100
-1.153280
-0.720615
-0.402486
0.742659
0.669440
1.434784
-0.306563
0.367911
1.268154
0.065453
0.834569
-1.115651
0.847658
0.238571
-0.463588
-1.145754
-0.018751
0.538716
0.254868
-0.091577
1.068479
1.085213
-0.839408
-0.180970
-0.392431
0.145094
-0.058708
0.686470
-1.041768
0.296341
2.950796
-1.925068
-0.143357
-1.186374
0.186666
0.959463
0.317448
1.453343
0.567064
1.309549
0.133300
-0.966290
0.359765
0.160278
0.207174
0.849637
-0.720971
0.118936
-0.754493
0.874322
-0.668168
0.338340
-1.189131
-0.020724
0.360097
1.082388
0.439085
0.667316
-0.192955
-0.045142
-0.457597
0.268702
0.541413
0.560366
0.463423
1.297806
-0.230910
1.712177
0.248428
-0.738683
0.330432
-0.057806
-0.030583
0.941293
-0.598482
-0.980355
0.207021
-0.655022
0.132017
0.790022
-1.368904
0.938048
0.484731
0.243340
-1.430705
-1.067282
-0.757088
-0.475011
0.080769
1.295681
0.530083
-0.424635
-0.600747
1.376987
0.414011
1.027761
-0.824861
0.257111
-0.709690
-0.152003
-0.622890
-0.140098
-0.194306
-1.368116
-1.163993
0.430824
0.133907
-0.811671
-0.528279
0.462801
1.313237
0.833175
-0.201892
0.093311
-1.009972
0.417053
0.433208
-0.200063
-0.481925
0.052676
0.590432
0.419488
1.438054
-0.209167
0.140549
0.845546
-0.157686
0.791405
0.560312
0.622597
-0.649512
1.605774
-1.456516
-0.159247
0.945274
-1.150932
1.186234
-0.923201
-1.486823
1.288707
-0.503980
-0.929357
1.411416
-1.304802
-0.525961
0.147493
-0.638863
-0.454460
1.600682
1.898108
1.295223
-0.677051
-0.034313
0.042441
0.059367
0.112528
0.172153
0.232374
1.007139
1.161884
2.073811
-1.551737
0.579293
-1.530137
-0.941255
1.547766
-0.158887
-0.514125
-0.160758
0.588576
0.749952
-1.081978
0.286758
-0.842626
-0.446643
-0.716602
1.515189
-0.363055
-1.295238
0.223313
0.702296
1.299799
-0.218589
-0.355931
0.932410
-1.172972
0.869899
0.351531
0.534739
0.584338
-0.904450
0.204418
-1.129361
1.072630
-0.582288
1.237818
0.289368
-1.004584
-1.032532
-0.901072
-0.514878
0.417854
-2.048833
-0.989744
-0.338294
1.503827
-0.258209
-0.154596
-1.655827
-0.093555
-1.090081
0.778008
2.168954
0.587482
-1.101444
0.647622
-0.864606
-0.319154
0.137911
1.247326
0.105161
0.598658
0.066523
0.618592
-0.102752
1.228180
-1.433920
-0.761386
-1.112908
-0.693291
-0.979285
0.494383
-0.651002
-0.036413
-0.535066
-0.756931
0.100195
-1.308251
-1.089114
-1.664019
-0.700280
-0.075927
1.159910
-0.836504
1.582104
-0.127180
0.433656
0.169408
0.572465
1.829893
1.418651
-0.977628
-0.419567
0.429714
-1.063328
0.391182
-0.074786
-0.999361
0.344403
0.973681
-0.943087
1.602595
0.237616
-0.128196
0.392323
-2.592894
0.775291
0.264917
-0.456757
0.337155
0.404934
-1.060948
0.093694
-1.592293
1.813806
-0.103458
-0.305241
-1.404708
-0.365750
-0.097275
0.275136
-1.558889
-0.368788
0.746565
0.327954
0.150097
0.671278
-0.398021
-0.800105
-0.553789
0.713312
0.890695
0.004502
-0.985396
-0.178279
0.923813
0.714544
-1.021254
0.232299
-0.154917
-0.399993
-2.658387
-1.003429
1.389284
-0.071352
0.138888
-0.096762
0.403115
0.628149
0.567997
1.181981
0.458706
1.703775
1.510628
0.018815
-1.213214
-1.159540
-0.996044
0.182014
-1.258197
-0.010906
1.220376
0.620080
-0.203400
-0.059780
-1.112165
0.369880
0.242988
-1.455687
0.204596
0.236298
-0.208656
-0.818601
-0.272065
-0.545855
-1.291390
1.241292
1.495336
-0.221428
0.508897
-1.547736
-0.734109
-0.061785
-0.916700
1.748294
0.611358
0.124472
-1.765470
-0.813156
-0.226672
-0.243316
-0.958662
-0.359826
-0.178670
-1.854960
0.482820
-0.237415
-0.223485
-0.792812
-0.008800
-0.113839
-1.161303
0.557975
-1.196415
1.276102
-0.542851
-0.767608
-2.038022
-0.837418
1.807693
0.672551
-0.414382
0.019059
0.625417
-0.282033
0.874877
-0.516302
-1.089866
0.127574
-0.139527
-1.557512
0.424912
-0.160774
1.315239
-0.766228
-0.141937
-1.144274
0.541940
-0.060365
0.011580
-0.426025
-0.869334
0.332105
-0.223230
0.185918
0.075560
0.481256
0.080554
-0.188178
-1.311192
-0.088724
1.512770
0.573708
-0.541004
0.101177
0.994552
0.018713
0.255672
-0.711177
1.103842
0.749876
-0.690178
-0.616114
-0.875481
1.383399
-1.464259
-1.290574
-1.136988
-1.816337
-2.059307
-1.577350
-0.180910
2.633002
-0.873853
0.462649
0.571720
-0.576855
-0.378128
-0.187443
0.196720
0.362153
-1.787854
1.123284
2.231484
-0.259203
0.419704
0.364720
-0.498288
0.853370
0.669865
1.457492
0.186719
3.006052
0.071143
-0.215497
0.029323
-0.088986
0.124394
0.064533
-0.229494
-1.048777
0.169538
-0.482387
-0.283051
-1.247298
0.128314
0.447886
-0.697544
0.165488
-0.336283
-0.165727
-0.674838
-0.660717
-1.285744
0.220459
-1.450177
-0.033649
0.819369
-0.777355
1.297096
-0.529859
-0.287252
-0.086331
0.333919
0.300510
0.937992
-0.467214
1.948441
-0.308745
-2.027256
0.230228
0.148821
3.292694
-0.502375
0.936831
0.422379
-1.214615
-0.363353
-1.016375
0.816155
-2.642065
-0.999590
-0.684297
-1.378620
-0.116662
-0.500927
1.304927
-1.170061
0.427337
-0.486877
-0.939968
0.193671
-0.130467
1.636411
-1.247317
0.455548
0.787487
1.054879
1.402895
-0.340315
-0.766243
0.791061
-0.568084
-1.686438
1.795107
-0.517076
1.385358
-0.487561
0.953825
-0.412738
1.254566
0.981136
2.565204
0.485501
-1.631963
-1.982758
0.719625
0.330677
-0.387987
1.614368
-1.762891
-0.299237
-0.281605
-0.491334
0.106211
0.611044
0.448229
0.811051
-0.050493
-1.031786
0.582335
0.844499
-0.384941
-1.355083
0.630688
0.317111
0.009540
0.856830
1.801986
-0.995239
3.211847
-0.166101
1.776636
-0.334089
-0.228534
-0.081092
-1.727157
0.443460
-0.704759
0.532492
0.458841
0.606909
-1.116879
-0.420529
-0.408224
0.915915
0.019783
-0.965955
-0.003139
-1.109276
1.199397
-0.916933
-0.325098
-0.655460
1.040301
-0.846841
-0.020110
1.048323
1.384784
0.287673
0.354245
0.498613
-0.243211
-0.137261
0.523465
-1.265604
0.480674
3.003123
-0.151272
-0.724395
0.038790
-0.119819
0.820849
-1.007497
-0.667793
0.048303
0.175038
0.208316
-1.919060
0.976651
1.891318
0.427344
-1.328595
-0.146934
-1.356273
-0.366963
0.191958
1.382992
-1.064811
-0.270850
2.761026
0.600449
1.311166
0.976603
-0.118660
-0.444890
-1.097870
-0.426350
-0.274024
-0.106867
1.088315
-2.981372
-1.154596
-0.034820
0.265199
-0.403312
-0.841078
1.030970
0.403604
0.164570
-0.499079
0.827053
-3.126201
0.274482
0.810133
0.758161
-0.718127
-1.380871
-0.507660
0.083878
-0.885339
0.612328
-0.162614
0.267746
-1.412652
-0.444241
-1.262502
1.503296
0.611024
-0.463391
-0.261344
1.870758
0.676205
-0.388811
-1.040696
-2.424537
0.455240
-0.419912
2.008749
0.638931
-0.314666
-0.053151
-0.108131
-0.894237
-0.272002
1.174416
-0.515211
-1.505209
-1.397262
-0.051160
-0.041239
-0.235441
-1.275677
0.177450
-0.198849
0.869820
0.415062
-1.186789
-1.266621
1.586552
0.061099
-0.177095
-0.585432
-0.438535
0.017596
1.331462
1.584075
-0.323664
2.341122
-0.613557
0.924924
-0.223781
0.891121
0.145156
0.244815
0.377613
2.029699
0.632408
0.358943
0.449688
-0.305846
1.109409
0.487281
-0.303851
-1.457317
-0.920524
0.682665
-0.355473
0.392739
-0.381076
-1.706382
-0.160255
-1.616971
0.616263
2.406587
0.315202
1.260790
0.331003
-1.300221
0.552774
-0.764560
-1.603076
0.282604
0.188426
-1.105255
-0.025625
-1.461770
2.306931
0.101411
-0.588780
-0.048229
0.760493
0.712606
-1.128883
0.388762
-0.217583
1.492403
-0.120389
-0.400851
-0.499887
-0.909268
-1.434845
-1.246406
0.490583
-0.458488
-1.762442
-1.284876
0.186923
1.668062
1.485734
-1.309282
-0.400138
-0.690262
-0.285184
0.561170
-0.222448
0.102590
-1.363247
-0.550503
0.941857
0.416713
1.558805
-0.462428
-0.352055
0.692373
-1.345959
-1.396778
-1.252307
1.192995
-0.857846
0.245980
1.184894
-1.667617
0.321902
0.142588
0.887803
1.384392
-2.063531
0.418131
-1.678002
2.865602
-0.675515
-1.213975
-1.723544
-0.011559
-1.283446
0.660915
-0.115704
0.300711
-0.961867
0.678842
0.410665
0.769163
-1.860349
-0.260268
-0.655481
0.815129
-1.104477
-0.025844
-0.684695
0.743029
0.092774
-1.810833
1.464235
2.109737
0.511302
0.921470
-0.796112
0.155784
1.626491
1.683975
-0.101778
-0.027000
-0.556097
-0.334942
0.430564
-0.314852
0.532333
0.480864
0.636670
1.190873
1.218377
-0.087177
0.133171
0.053264
-1.294480
-0.627096
1.033209
0.841159
-1.118821
0.910635
2.463494
1.305476
-0.507849
0.640165
-2.094903
-1.535900
-2.132940
-1.221419
-0.051094
-0.626954
0.908538
-1.770139
0.127112
0.202536
0.219387
-0.141953
0.471259
-1.121632
0.234890
0.266071
0.122121
-0.033959
-0.411912
0.239608
0.445039
0.145614
0.178377
-0.879563
0.082918
0.222071
-0.259860
1.297092
-1.650746
0.611510
-0.325315
0.111703
0.747927
0.457175
0.100762
1.438354
-1.400189
-1.954720
-0.758857
0.119426
0.736410
-0.665872
-0.052111
0.142015
-1.200824
-0.014129
0.172282
1.018502
0.362555
-0.219281
0.685341
1.010966
0.072039
-0.531772
-0.260489
-0.217431
0.986092
0.319974
-0.039322
1.514221
-1.873413
-0.856306
0.739420
0.921998
-0.889094
-0.546632
0.560765
0.817281
-0.234656
1.435589
-0.546820
0.124764
-0.628275
-0.251250
0.040559
0.496689
0.719264
-0.512181
0.278683
2.327715
1.732464
-0.135506
0.940703
1.778506
2.065151
1.174988
0.064465
0.334523
-0.275935
-0.903869
0.073794
1.714520
-0.004946
-0.458080
0.893932
-1.560959
1.199761
-1.357112
0.214775
0.604150
-0.482703
0.426313
0.358054
2.095601
-0.279342
-1.621959
-0.270299
1.002588
0.701176
0.172251
-0.177385
0.779100
0.863600
-1.004901
0.632323
-0.763820
0.307923
-0.328801
0.394630
0.878489
-0.130666
3.094980
-1.414658
0.333137
1.151912
-0.128361
-0.694143
0.114712
-0.027439
-1.729387
2.331277
1.654254
-1.763229
-1.941552
-1.190738
-0.004849
0.422242
0.034198
1.521315
-0.176605
0.224400
0.728263
0.115932
-1.415487
0.316568
0.878322
-1.156103
0.557265
1.500416
-0.851163
-0.593949
-1.193630
0.681981
-0.031335
-0.028647
0.888899
1.001874
-0.142525
0.255682
0.765225
0.163132
-0.249863
-1.500853
-2.927334
0.660740
0.132748
0.593724
0.112546
-1.643754
1.534149
2.128575
-1.079616
-0.287998
-2.291472
-0.824452
0.406614
0.614717
-0.519315
-0.732568
0.461165
-0.426803
-1.184346
-0.109714
-1.166286
1.332862
-1.492825
-0.238230
-1.271141
-1.069635
0.697616
0.392541
1.243926
-0.356723
1.263094
0.098230
-0.578703
-1.295654
0.818896
0.464677
1.206230
-0.075515
0.223394
0.021968
-0.226238
0.800553
0.258334
0.013417
-0.956636
0.610780
-0.328288
-0.532641
0.358033
1.671417
1.423073
-0.566348
-0.725820
0.563476
-0.435632
-0.104553
-2.321273
-0.214094
0.543405
-0.537454
-0.380275
0.265473
-0.145432
0.390075
-0.142926
-0.014118
-0.541292
0.915340
0.768111
0.101635
0.809442
0.000456
-0.226717
1.281717
-0.073499
1.069635
0.792015
0.339708
0.633513
-0.312690
0.365682
0.322766
-0.133974
0.302537
-1.660661
0.181274
-0.315350
-1.007366
-0.748424
-1.716682
-0.157205
0.861895
-0.995609
-1.158217
1.317630
-1.623300
0.179895
0.685859
0.060297
-0.603880
1.048914
-2.257168
-0.058434
-0.113886
0.085555
-0.768874
-1.254133
-1.490291
0.129495
0.092683
-0.518818
-0.784726
-1.004293
-0.070750
-1.536997
-0.881153
-0.904198
0.704027
1.199060
1.837671
1.326834
-0.172814
-0.125052
-1.526191
-1.810352
0.397540
1.749409
1.723878
-1.328198
0.190832
-0.855048
0.143620
-0.330830
0.134710
-0.598194
-0.903616
0.844851
-0.598426
-0.397163
-0.197862
-1.256541
-0.438517
-0.672553
-0.563917
0.046037
-1.907004
0.458839
-0.496153
0.532868
0.275881
1.066597
-0.189708
-1.072584
0.936366
1.108472
-0.360968
-0.604420
0.730812
-0.289566
0.921467
1.193671
0.142021
0.990304
1.024855
0.781983
-1.515585
-0.120473
-0.264603
-0.478156
-1.257802
-0.887962
0.883404
0.368100
-0.345552
-0.108353
0.836264
-0.811863
-0.837658
1.315288
-0.364523
1.993571
1.584878
-2.104663
-2.553118
-1.242666
0.201987
-0.305332
-1.195587
-1.577903
0.849912
0.327590
-0.001670
-0.035563
-0.489252
1.930498
-0.262645
0.825932
-0.643267
-0.828981
-0.202735
-0.257866
0.070815
0.997845
0.260081
0.925066
1.476076
-1.879252
-0.782529
-1.402205
-1.455286
-1.152335
0.096549
0.292280
0.886721
0.113221
-0.029482
0.278256
0.970433
-1.431263
-1.402235
-0.194625
-0.535497
0.604277
-1.415712
-0.972317
1.031283
1.453874
0.233708
1.308024
0.761769
0.592166
-1.236163
-0.908408
-0.763219
-0.802038
-1.376421
-1.550233
-0.166393
0.759890
-0.287546
-0.340835
-0.438068
0.142414
-0.299517
-2.100525
2.405715
0.338218
0.363241
0.313305
0.424356
0.182803
0.404356
2.542335
-0.379143
-0.149574
-0.834700
-0.774274
1.214965
0.760617
0.317108
-0.167219
0.123047
-0.534006
-0.062328
0.499380
-0.611262
0.227978
-1.263296
-1.077302
0.360745
-0.257662
0.781847
-0.476355
1.305445
0.684312
0.452769
-2.447202
0.636152
-0.592281
-0.140744
-1.118649
-0.271242
0.335322
0.904281
-2.189012
-0.390239
-1.215857
-1.468088
-0.274805
0.875046
-1.008341
-0.464785
-0.186598
-2.088946
-0.560087
-1.348682
-0.364170
1.179398
0.199719
1.686534
-1.075230
0.581157
0.302373
-0.594945
1.383430
0.326089
-1.504526
-0.611864
0.198676
1.094609
0.982795
-0.068060
-1.045727
-1.746985
-0.595877
-0.393510
0.781985
0.131579
1.336570
1.213744
0.432984
0.775490
1.203200
-0.492107
3.019670
0.602456
0.227731
0.526913
-0.151646
-0.258885
-0.524534
0.271713
-0.887487
-0.896464
-0.196867
0.091198
-0.887304
-1.868182
-0.076098
-0.780597
0.480244
0.032037
-0.706707
-0.463155
-1.173544
0.544524
-1.301710
0.369976
-0.085002
-0.723702
-0.746459
0.250956
-2.124691
1.672370
-0.716988
-0.534827
0.357596
-0.239539
1.992326
0.198205
-1.463027
-0.505329
0.865052
-1.306580
-0.652815
1.701400
0.220198
-1.617604
-0.585816
0.346175
1.792518
-0.865866
0.019424
-0.247279
-0.983016
-1.246017
-1.401189
-2.340386
-0.789250
-0.187878
-0.024108
-1.237436
0.444493
1.446496
-0.628074
0.066764
0.685916
1.852707
1.581691
0.094388
-0.666796
0.666045
0.532039
-1.050808
-0.528919
-1.978994
-0.093651
-0.553708
0.157762
0.371436
0.453641
1.136214
0.412756
0.074607
1.472927
-0.052189
-0.333401
-0.224973
-0.517929
-1.046635
0.984866
-0.099444
1.741869
1.131347
1.563067
-1.060208
1.666931
-1.478980
-1.905770
0.355273
-0.744724
0.130676
0.928737
-0.109254
0.357931
0.062054
0.934129
-1.321741
-0.188785
0.545003
1.194613
0.115548
-0.015668
0.081819
0.312817
-0.517580
-0.949331
-0.500919
0.358195
-0.691665
0.708608
1.211662
-0.583971
-0.102327
-0.403161
-0.077570
-0.111626
0.557123
0.653622
0.117515
-1.226595
0.284589
-0.334194
-0.903473
0.381607
-0.052080
1.359030
0.240198
-0.510340
1.403989
1.009901
-0.468205
-0.190315
0.227571
0.329671
1.313935
0.354525
1.675682
-0.459896
0.096870
0.901208
-0.612933
0.560759
1.757056
0.684980
-0.186878
-0.410297
-1.444374
-0.052258
2.245020
0.179862
0.754863
1.185605
0.284337
-0.410741
0.436435
1.259090
-0.306425
0.704786
0.480585
-0.172568
-1.056388
1.020840
0.926775
0.189176
-0.382202
-1.481746
1.237953
-1.576248
-0.882106
1.723272
-0.565481
-0.066026
-1.168185
-0.662846
0.772249
0.260723
2.202298
-0.768817
0.003374
-0.117326
-0.913685
0.326753
-0.144104
-1.222416
0.883484
-0.658844
-0.224805
-0.813586
-1.123721
-1.065534
0.461910
-0.750393
0.347737
0.265571
0.827834
-1.286981
0.318826
-0.856258
0.781395
0.615456
0.657571
0.179704
-2.278379
-1.399486
0.763722
-0.602238
1.057346
-1.241713
0.844434
0.419098
0.540849
0.142685
-0.993178
-0.379471
0.595397
-0.891139
1.254901
1.070941
1.368118
0.754042
-1.361790
0.214890
0.766670
-0.572147
-0.932604
-1.346319
-1.058354
0.308220
0.126306
1.474655
0.019866
-0.153340
0.542725
-0.898243
1.072834
0.921201
-1.045983
0.239885
-0.239987
0.201527
1.095374
-0.764146
-1.059081
0.970977
-2.724549
0.026343
0.031136
-0.178709
0.419499
-0.868389
0.474706
-0.497693
-0.613181
-0.899308
-0.695137
0.254858
2.462782
1.288023
1.366351
-2.084140
1.054540
-0.658446
0.701671
-1.484210
0.701834
-0.736703
-1.135368
0.803427
1.947138
0.281815
0.616347
1.690109
-1.759683
-0.094029
-1.535624
-0.482064
-0.281397
1.912941
0.178970
0.269839
-0.475628
-0.058244
0.610403
-0.153765
-0.307158
0.003142
-1.182524
-1.844622
-1.316992
0.147934
-0.653969
-0.366085
-0.577259
-0.585070
-0.292417
-1.848530
-0.148934
-0.751272
-0.715301
1.077842
0.623174
-1.696838
-0.851699
-0.922525
0.923324
-0.395004
0.709935
-0.042934
-0.649640
-0.318538
-1.872091
0.072127
0.291206
-0.278348
0.604955
0.670609
0.728398
1.335929
-0.872750
-0.182048
-0.276649
0.538549
-1.242191
-0.648934
-0.894170
0.101468
-0.052099
-0.610604
-2.979746
-0.689237
-2.206919
-0.432790
-0.677480
0.166255
-0.137444
-0.776629
0.402380
-1.838461
-0.733777
-2.010480
-0.868922
-0.049527
-1.344233
0.060234
-1.768835
-0.840305
-1.011530
1.903530
-1.284398
-0.489889
0.758172
1.147216
-1.368855
0.608081
-0.530095
-0.609455
1.062412
-0.040150
-0.276421
1.577559
0.263682
1.267041
1.184748
0.600481
0.662761
-0.963121
-0.065184
0.396537
1.224730
-1.596662
-0.916152
2.056894
0.180420
-0.066709
-0.028354
0.484805
0.817301
0.895306
-0.762516
1.437594
1.197436
-0.664878
0.491133
0.436179
2.483625
1.250875
-0.865225
-1.152383
-2.531765
0.676801
-0.823549
-0.001655
-0.292658
-1.713336
0.277513
-0.468412
-1.021237
0.311108
-0.554371
-0.527705
0.093434
0.055364
0.183960
1.074436
-0.808890
0.017709
-1.055375
0.053726
0.892005
-0.143683
0.542886
2.615181
0.908922
-0.670107
0.146299
-0.417750
-0.307175
0.270318
0.006145
-0.041413
1.252048
-0.585337
0.018367
-0.388252
1.101614
1.887422
-0.650037
1.451056
0.200622
0.107525
0.411005
0.220127
-0.955843
-0.072911
-0.220055
-0.195588
-0.388833
-0.149227
0.206491
-0.490721
1.338052
1.033349
-0.392443
0.276188
-0.050001
0.278344
-0.220885
0.407609
-1.686838
-1.132299
-0.449199
-1.628560
-0.074751
-0.990017
-0.502110
-0.016900
0.661745
0.521937
0.071092
-0.103332
-0.124183
0.505072
1.746532
-0.938476
-0.205018
-1.440847
2.065996
-1.217646
1.043691
-1.636800
-0.831173
0.038393
-1.432773
1.650221
-0.095707
2.222869
0.307683
-1.724322
-1.695199
0.278303
0.938301
-0.874103
-1.146208
-0.645769
-0.820873
1.143629
1.412579
0.280420
-1.682250
-0.424236
0.660532
-0.033139
-0.038437
-0.811657
0.174183
1.477837
-0.219289
-0.561451
-0.882525
-1.234251
1.135392
0.853689
0.661952
0.194043
1.251985
1.454035
-1.487691
-0.528628
-0.561362
0.459419
0.461485
-0.841556
-2.404757
-1.494455
-2.204729
-0.710470
-0.686504
0.487186
0.970333
0.019165
0.030557
2.126039
0.382540
0.101776
1.243770
0.084188
0.026025
-0.396306
0.207116
-0.488260
-0.116854
-0.928662
1.106126
-0.245418
-0.063545
-1.329066
-0.262805
1.484042
0.585284
-0.679244
-0.408286
-0.342531
-0.531060
-0.252580
1.239379
-0.616166
-0.874387
-1.141882
-0.578863
2.353774
1.339160
0.708636
1.013331
-0.640296
-0.475222
1.248338
-0.041223
-0.349425
1.286947
-1.326191
1.092625
0.383355
-0.690864
-0.072144
0.472948
-0.464519
0.815169
-0.745010
0.358543
-1.322501
-0.536247
0.055674
-0.510648
-1.420218
1.165940
0.744288
-0.645323
0.473352
-1.034450
1.779397
-0.747033
1.766742
1.027563
0.052204
-1.973967
-1.111404
-0.324610
-0.350604
-0.371077
-1.901759
2.059215
0.168564
0.042777
-1.354498
0.527439
-0.816624
-0.633162
-0.017775
1.537601
1.584035
-1.507334
0.066576
0.377961
0.902158
0.017875
-0.106061
0.949775
1.145574
1.176222
-0.837864
-0.506493
-0.500535
0.074223
0.542398
0.671984
0.395528
0.192919
-0.041682
0.582307
0.407501
0.934440
1.615686
-0.403067
-0.541480
0.370681
-0.414337
1.224503
-1.761234
0.022084
0.096366
-0.934346
-2.030527
-0.636161
-0.419512
0.711605
0.610640
-0.264427
0.421194
-1.110747
-0.650077
-0.155659
1.847730
-1.457594
0.454450
0.536147
-1.832457
0.042900
0.567301
-0.381229
0.158606
-0.743208
-2.300359
-3.017878
-0.419253
0.367350
-0.377953
0.369671
0.766748
1.132347
0.171369
1.992031
1.037113
0.797260
-1.534820
-0.224038
-0.721165
1.239120
-0.525120
0.367232
-0.287386
0.108305
-0.360525
0.071279
0.979960
0.662424
-1.781786
-1.084845
0.550426
-0.416668
1.612660
-0.204924
-1.021109
0.345515
-0.531738
-0.737706
-0.418867
0.852126
0.281955
0.845064
-1.028006
0.975520
-0.062969
-0.617027
-1.391425
1.187411
0.136741
0.446020
-1.261147
0.038625
-0.964237
0.414514
-0.175222
-2.575418
-1.654025
-0.034928
0.044896
-0.401898
-0.718010
-0.079427
-1.019369
0.046609
1.036901
-0.415593
-0.622495
0.236377
2.034837
-1.315507
1.402756
0.732330
1.233495
1.365912
-0.080841
0.532899
-0.088169
-1.830918
-0.543455
0.623924
0.824823
-0.536552
-1.241554
0.743827
1.125817
0.161998
0.217147
-0.094521
-0.770536
-0.265254
0.396442
-1.024483
1.487041
-0.159518
-2.522048
0.838849
-1.231724
-0.956241
-0.658132
-0.205401
0.086471
-1.546765
-0.016710
0.097521
-1.622505
-0.653187
1.110379
0.178098
1.412552
0.665915
0.782181
-2.061739
0.862790
-0.387858
-0.165276
0.014210
0.047562
0.880880
0.093073
1.985358
0.207535
0.049235
1.805140
-0.530720
-1.183699
2.324105
-0.369392
-0.035615
1.720789
-0.021915
-1.082918
-1.576701
-0.140922
1.347787
-0.153493
-1.172858
-0.714480
-0.224125
0.354004
-0.115314
-0.926535
0.168525
-0.647734
-0.563837
0.104988
-0.084172
-0.506115
-1.237672
-1.230211
-0.241843
-0.047562
0.347055
-0.790745
0.082979
-0.965247
-0.895353
0.756129
0.493720
-0.359665
0.925668
1.182803
-1.110897
0.613996
1.388229
-0.251800
-0.756391
-0.935223
0.939233
0.546047
0.960375
-0.948856
-0.498123
-0.402699
0.592046
0.009057
-0.886322
0.049100
-0.178147
0.280068
-0.970769
1.388777
-0.607726
-0.224270
1.932981
-0.891384
0.018778
1.301545
1.371868
0.547800
-1.049579
-2.170890
1.319245
-0.902698
-1.401151
2.044151
-2.023317
-0.008068
-1.621757
0.442903
0.047336
0.913580
-0.045627
0.028814
-0.556614
-0.160213
0.789444
-2.343587
-0.893696
-0.632461
1.487390
-0.735527
0.018526
0.291059
1.808833
-1.217250
-1.475050
-0.527656
2.035254
0.457990
0.053107
0.188168
-0.812624
-1.081047
0.684116
1.417079
0.443729
-0.076973
-1.091534
-0.437457
1.674010
-2.924153
1.682530
-0.147113
-0.367859
0.137375
-0.220107
-2.501424
-0.603821
0.726356
1.206265
-1.037853
-0.245858
-1.389653
-0.078631
0.979513
-0.207132
-0.494727
-1.672523
0.215002
-0.672310
-0.216854
-0.900317
-1.247777
-0.177184
-0.659076
1.197796
-1.593738
-0.792513
-0.622147
-1.659761
0.435045
-2.573836
-0.624857
0.336225
1.073586
-1.485272
-0.294646
-0.311186
1.279586
1.450967
-0.908771
-0.875056
-0.645388
-2.564749
0.243749
0.573477
1.102734
-0.747571
2.095337
-1.343973
-1.297400
1.159612
-0.950377
0.001498
0.182697
0.188465
0.397596
-0.664581
-0.133331
-2.841551
0.418096
-2.776437
0.265807
0.227559
1.401155
1.555511
0.842882
0.902897
0.321230
-0.599694
-1.024242
-0.615804
1.692707
0.268754
-0.399500
-0.300573
0.221637
-0.220489
0.690276
-1.416999
-0.815186
-1.990480
0.442397
0.670680
0.718526
-0.297277
1.110876
-0.817700
-0.575487
1.197757
-2.628149
1.586740
1.416104
0.767169
0.165838
0.815073
-1.627733
0.300319
1.333679
0.829296
-0.484893
0.161826
-0.584978
-0.696728
-1.147052
0.719630
-0.939569
-1.248523
0.977258
-0.974969
-0.919455
0.155265
-1.340796
1.057030
-0.077869
1.703830
-0.273921
-0.310248
-1.754890
0.419147
1.282593
-0.529667
1.029459
0.152771
-0.858043
0.466065
0.271053
-0.757339
1.708582
0.259353
0.272732
0.030510
0.654318
0.717642
-0.272501
1.164632
-0.188619
0.654836
0.748486
1.559614
-1.260884
-0.630416
0.632118
0.291215
-0.831264
-0.209091
-0.705122
-1.557159
1.740083
-1.174704
-0.372501
-0.363798
0.485246
-1.667912
-0.409245
0.487462
-0.068513
-0.234881
0.182835
1.025346
-0.395237
-1.076744
-0.453094
-0.504675
-0.490937
-0.383364
-1.825499
-1.102243
0.356926
-0.224372
-1.788518
0.982222
-1.402539
0.821341
0.386977
-1.186098
-1.205283
-0.153338
1.831475
0.815427
-1.072419
0.838429
-2.099983
0.243681
-0.034913
0.793261
1.111042
2.497480
-2.838198
-1.060512
1.058907
0.958561
0.824762
-2.523029
1.567250
-0.202685
2.030881
-0.063761
0.532429
0.965016
-0.356165
-2.244161
0.572133
-0.042063
0.833380
-0.129480
0.218202
0.362546
-0.340090
-1.353757
-1.295209
0.772378
-0.064841
-1.240077
1.682795
1.140158
-1.525897
0.815926
-1.195925
-1.550592
-0.603400
-0.608335
-1.071506
-0.119464
0.014026
-0.996461
-0.117271
-0.543945
-1.699555
-0.000863
-0.997884
0.359613
-0.702630
-0.532447
-0.760053
-1.323205
-0.534053
-2.164429
0.406726
-1.640533
-0.348793
1.160925
0.290411
-0.146930
-1.534704
0.285621
0.013426
-2.177195
1.004580
0.874654
1.115762
-0.090742
1.475323
0.506786
-0.719190
-0.357588
-0.108890
-0.457866
1.691065
-0.351221
-0.347734
-0.001617
1.601131
0.812435
0.160396
-0.360044
-0.248729
-0.577367
0.829808
-0.489648
-0.719788
-0.061075
-0.337456
-1.563574
-0.610545
0.517273
-1.231093
0.638552
0.238640
1.526491
0.582624
-0.679933
-0.534629
-0.203698
-0.743931
0.414747
0.007808
-1.043598
-1.209731
-0.326586
-0.872582
1.761095
-0.971435
1.534985
0.281409
1.237972
0.471884
1.167628
-1.280400
-1.577651
0.437270
-1.103348
0.647573
0.447371
-0.146771
0.779457
-0.680326
0.962252
-0.858723
1.217500
0.289700
-2.598197
-1.541810
0.081970
1.587325
-0.734940
0.729076
0.926982
0.708075
-1.257721
1.177021
-1.920381
0.704793
-1.093695
-0.282966
0.688773
1.250266
0.184820
0.426367
0.018203
-1.579209
-0.392798
0.877929
-0.401951
0.469070
-1.501608
0.369686
-0.909731
0.730227
-0.780838
0.571044
-0.698217
1.868310
0.053629
2.734218
0.996534
-1.373284
0.527929
-1.594654
0.511482
-0.009309
-1.911607
0.579587
-1.323744
-0.914702
-0.583948
-0.146876
0.912506
-0.121356
0.630302
-0.434890
1.043107
-0.346153
1.072532
0.937685
-0.633828
-1.786289
-0.835669
0.463198
-1.374175
-0.151254
0.459094
-0.753462
-0.804171
-0.179856
-0.279376
1.349651
0.911785
0.628443
-0.118135
0.522789
-0.807141
-1.442775
-0.525101
-0.471208
-0.432881
-0.062508
0.270131
-1.239526
1.981950
0.588958
0.708252
0.135432
-0.434221
0.835055
-1.538043
2.201508
-1.292014
1.650376
0.437087
-0.692241
-1.832737
-0.117562
0.018905
-0.107093
-1.765298
0.571350
-0.833247
0.307753
-0.545176
0.543221
0.943109
0.233132
0.459554
0.605375
-0.524164
0.663396
-0.513687
0.369544
2.594962
-1.850583
1.373678
-0.297238
-1.722577
0.326924
-0.989049
1.954952
0.529282
0.643207
0.209770
-0.313816
0.011037
-0.836854
0.633898
2.172536
-1.309607
0.557667
-0.802677
-0.002492
0.720113
1.192823
0.227123
-0.006231
-2.367670
-0.240245
-0.572039
0.834625
0.193863
0.682014
-0.113883
0.099225
0.632310
-1.843369
-0.247132
0.861664
0.636730
0.653924
0.554404
-0.317753
-0.764333
0.590080
0.791313
0.757734
0.778590
-1.044040
-0.663366
1.501300
-0.009163
0.756021
0.897554
-0.973618
-0.227694
0.997394
-0.333459
-0.808831
-0.351730
2.348861
0.685437
0.306418
-0.439170
2.629679
0.238497
-0.932363
-0.140195
-0.872009
0.707771
-0.313699
-0.093262
0.646027
-0.456958
1.722247
0.248672
-0.594782
-0.572446
-1.292801
0.351857
-0.276844
0.174488
0.771581
-0.315522
-0.601200
-0.077892
0.654753
-1.526880
-0.869888
-0.216581
1.148402
0.604365
-0.742040
-0.044657
-1.383701
0.597310
-1.201723
-0.469256
1.099696
0.484382
0.392493
0.517738
2.131728
1.779754
1.802321
0.540273
1.649248
-1.199828
-1.138382
-1.354422
1.051128
-0.366389
-0.066613
-1.712602
-0.156315
-1.685129
-1.660219
-1.335559
-0.216477
1.358871
-0.774971
-0.597175
-1.513432
0.615972
-1.024049
0.439979
-0.293818
1.382400
0.906340
1.743978
-0.802325
0.786809
0.000458
0.444697
1.373697
-0.331981
1.690385
-0.811450
1.707023
0.359550
-0.116607
0.646397
2.551540
-0.907656
-0.177782
-2.195762
-1.998164
0.433459
-0.751987
-1.010461
-0.752841
-0.258864
-1.237198
-0.069889
0.221249
0.412814
0.544837
-0.355942
0.198996
-0.701385
-0.677516
-0.467438
1.017581
-0.942319
-1.464493
1.011921
-0.537906
2.379046
-0.776623
-0.248674
-1.735269
-0.049026
0.382293
0.736216
0.776332
-0.152795
1.248565
0.223998
0.615040
0.129564
0.096083
-0.142110
0.613336
0.835654
0.774220
0.176225
0.170370
-0.325765
0.547119
-1.545982
-1.510463
-0.340470
1.101984
0.825286
-0.227715
-0.430121
-0.068888
0.800232
1.429224
0.434542
-1.442071
0.160688
0.323576
0.141138
0.135765
-0.422293
-1.084739
1.802310
-1.366707
1.577891
-0.013188
0.319069
0.845027
1.164196
-0.716237
0.393881
-0.321954
-1.723983
-1.185039
-0.267408
1.180410
-0.973241
0.153035
-0.513161
0.581802
-0.179652
-0.384281
0.468707
-0.308036
0.646046
-1.988122
-1.734179
0.040568
-1.255755
1.195975
-0.280715
-1.105458
-0.999421
1.373191
0.524883
1.186696
-0.861336
-0.254607
-0.479961
-1.896970
0.203682
0.027382
-1.916929
-0.990814
0.178345
0.499533
-0.363570
-0.045025
1.670173
-0.101325
1.043543
-0.869697
-1.163209
0.183167
0.645733
0.200664
1.576416
1.434836
0.486758
0.099804
0.212223
-0.068603
-0.226361
0.351640
0.774259
-0.368759
-1.523899
-1.508588
0.277723
-0.366800
0.122831
-0.894645
-0.574897
-0.055244
0.130643
0.440691
2.417459
-0.971400
-0.519117
-0.518854
1.317810
0.104198
1.246374
-0.079043
0.618670
1.286451
-0.815204
0.491701
-1.106780
0.092764
-0.181128
-0.469784
0.350057
0.329419
0.194786
0.896671
1.938109
-0.919505
0.726096
0.866285
-0.514577
0.175720
-0.823893
0.105657
-0.137466
-1.286182
0.584910
1.864620
-1.682077
-0.983404
1.380775
-1.243596
-1.613090
-0.738897
2.224263
-0.415429
-1.748073
-0.224936
-0.799320
0.646040
0.176605
-1.643724
-0.011055
-1.447640
-0.280442
1.261733
-0.235578
-1.687300
0.812186
-1.627230
0.762691
0.141413
-0.991078
0.896300
1.489587
-0.751925
-0.114021
-0.239738
1.831759
0.971062
-2.138956
-1.138137
-0.753443
-1.234997
-0.983874
0.786929
0.739356
-0.901082
-0.118388
-1.519380
1.023406
0.492973
-0.598323
-0.854662
-0.992849
0.858088
0.856650
0.319827
-0.243084
0.252921
-0.479216
-1.486495
1.455532
1.330630
1.200024
-1.255648
0.472217
0.738576
-0.378894
-0.473754
0.972207
-0.918950
0.663240
-0.133491
-1.566370
-1.748651
-1.122592
0.798551
-0.088093
-0.217826
0.367593
-2.163678
1.576837
0.033291
-0.615115
0.740403
0.726082
-0.831447
0.655856
-0.302776
-1.385526
0.083968
-0.891428
-1.568029
-0.632811
-0.119325
0.283250
0.209114
0.076504
1.070746
1.131311
0.623507
1.178459
-1.436333
-0.490521
0.124827
0.391168
0.209948
-1.499089
0.541299
-1.171078
1.218730
0.699116
1.268679
0.098426
0.102527
1.602376
0.329788
-0.931725
-1.277726
1.572936
0.726155
-2.745665
2.269013
-0.405015
1.780869
1.901688
-0.321857
-0.204368
0.148977
-1.459383
-1.501741
-0.867036
0.212624
1.335106
1.631276
1.630445
-0.438094
-1.365091
-1.451177
1.031603
0.814290
-1.609517
0.733058
-0.381202
0.577219
-1.042391
-1.727322
-0.056856
1.225661
1.600827
0.420652
-0.572474
-0.265344
0.570444
-0.262853
-0.771846
-0.127745
1.182043
0.472480
1.460669
0.049150
0.409594
-0.530494
1.300717
-1.695281
-0.375669
0.348402
-1.618500
-0.192101
0.070848
2.435729
0.971681
-0.932962
2.865204
-1.792048
0.544934
2.449449
0.017083
-1.396088
0.591299
0.790823
-0.210120
1.090836
0.910930
0.105352
0.927351
0.893021
0.537804
-0.690361
-1.187853
-0.494187
1.177066
1.058262
0.511042
0.518802
1.361553
-0.213824
0.448854
1.464706
-0.383552
0.727646
1.193956
0.212265
-1.012907
-0.565316
0.130566
0.273907
0.741300
0.061567
-0.466875
2.549112
1.099157
0.690314
0.674799
-0.493959
-1.800153
-0.204303
0.003537
-0.005733
1.061264
-1.462644
0.431598
-0.622801
1.240477
0.170446
1.986898
0.111301
1.209655
-0.457330
0.923183
1.325519
-0.953166
-0.678130
0.334100
-0.754928
-0.388383
-0.626576
-1.306421
-0.038496
0.143567
-0.789074
-0.098504
-1.452866
-0.947866
-0.869579
-0.305517
-0.605147
0.224821
-1.038472
0.771819
-0.480009
1.834745
-0.108765
0.454475
0.098709
-0.458305
-0.857044
-0.774403
0.708787
0.018474
-0.104081
-0.234858
-0.250906
-0.962750
0.493405
2.133050
0.983888
-1.809282
0.042359
0.516872
-0.032921
1.298111
-0.202117
-0.833231
1.733600
0.190649
-0.177810
-1.085025
0.972262
1.431472
-0.245073
-0.623254
-0.395999
-1.358522
1.322603
0.003444
-0.000197
1.533704
-0.773082
-0.401255
-0.115357
1.011555
1.513236
0.917069
0.728893
0.552032
-2.803234
-0.396053
-0.713144
1.300834
-0.552866
2.070897
-0.365908
-0.897630
1.444936
0.172942
0.282688
1.090870
-0.201348
-0.680686
0.803275
-0.342164
-0.472489
-0.692257
-0.046671
-0.619580
0.869526
-0.146883
0.328092
-1.363043
0.807834
0.660664
0.778850
1.507320
0.379576
0.651930
0.352000
-0.483739
-0.135743
-0.134971
1.005336
-0.854325
-1.794765
0.982911
0.802775
-0.467396
-1.414233
-1.119993
0.887197
0.076282
1.223129
-0.665636
-0.341274
-0.504656
0.327573
1.142387
0.746531
1.791056
-0.072537
1.247682
0.071143
-1.847773
1.965915
-0.241074
-0.157804
0.525458
-1.911671
0.934805
0.845946
0.118465
0.502914
-0.198277
0.765536
0.907339
0.197391
1.373848
-0.989330
-0.989102
-2.476985
0.770254
-0.086127
-0.857668
0.639174
-0.247200
0.233380
0.870814
0.673855
1.627267
0.751697
-0.788341
-0.808221
-1.373604
-0.404599
1.028063
-1.518782
-0.483800
0.615073
0.821620
0.126659
0.575250
2.106238
0.894490
-0.787151
-1.397220
0.327320
0.794654
-0.416020
0.711274
-0.040538
-1.704456
0.583753
-1.007588
0.725185
0.946719
0.506733
1.644949
0.513110
0.326010
0.516519
0.161972
1.914276
0.685209
2.671464
-1.261583
0.063376
-0.612251
0.706436
-0.149068
0.321451
-0.342670
0.345726
-0.468280
0.291892
0.465051
0.124975
0.559934
0.678624
-0.404555
0.669244
0.493822
1.220940
0.103688
0.697565
-0.669591
-1.290911
0.194861
0.194225
-0.674827
-1.997033
2.405771
0.620078
0.377298
1.552503
-1.465527
0.364494
-0.015523
1.198562
-0.417814
-1.695163
0.821074
-1.773673
-1.059450
0.728453
1.159185
0.281554
-0.394514
-1.985350
-0.442342
-0.939588
-0.320318
-0.922317
-0.529762
1.663476
-2.526467
-2.269043
0.521688
-0.379711
-1.072711
-1.299086
0.179748
0.267923
0.770187
1.319512
-0.425853
0.093230
-0.100866
-0.052796
-0.242089
-1.235877
0.218813
0.247435
0.091124
0.935639
0.664236
-1.798844
-0.977535
1.006874
-0.441264
0.263072
-0.293827
1.239855
0.153041
0.091940
-1.494603
-1.642417
-0.392482
0.938059
-0.775520
1.430621
-0.597309
0.415377
-0.496699
0.455167
1.396945
0.960333
1.669488
-0.725053
-1.135685
-1.233109
-0.227119
-1.285493
-0.931806
-0.760677
3.220502
0.220943
-0.062912
-0.629887
-1.073209
0.001056
-1.017721
-1.574328
-1.635432
1.704314
-0.661770
-1.659917
-0.333391
0.677761
-0.010468
-1.132322
-0.090440
-0.587911
1.027610
1.462169
0.245237
-1.856894
-0.207528
0.092454
-0.543444
-0.501600
0.385823
0.588855
1.158640
-0.747517
-0.243463
-0.131063
0.266757
0.525976
0.112122
-0.533280
0.840795
1.048871
1.614971
0.931840
-2.271243
-0.738225
0.047329
0.185692
-1.305817
-0.706423
-0.179188
0.503855
-0.626305
-0.028282
-0.715499
0.487841
-0.084341
1.773789
-0.443395
-1.082073
-0.512709
-0.446024
1.890014
1.337377
0.303965
-0.112879
-2.211496
-0.765981
0.012160
-0.555361
1.855542
0.917955
0.235241
0.858458
-1.175179
1.624208
2.277077
-0.180487
0.559075
-0.199274
-0.545398
0.575951
1.165238
1.687216
1.879462
-1.192313
-0.345531
-0.092610
0.029812
-2.234076
-0.012846
1.781000
-1.769806
-0.165760
-0.296254
0.398448
-0.278454
-0.765741
0.588103
-0.026851
1.249188
0.596909
0.805359
1.225088
-1.665482
0.745855
0.176718
-1.029494
-0.304701
-0.834807
-0.548122
-0.227542
-0.391998
1.753764
-0.454885
-0.202415
-0.795781
0.755022
0.548320
-0.604000
-1.074231
-0.233974
-0.731268
0.603147
-1.909085
-0.464469
1.812701
0.572707
-1.130730
-0.212634
0.914187
1.028926
-0.933654
0.968584
-0.446826
-1.315529
0.966466
-0.130593
-0.140997
-0.277796
0.193486
0.279049
-1.082718
-0.617237
-0.906294
1.624948
-0.823890
0.657445
1.333902
-0.739622
0.035374
-0.958065
-0.108133
-0.525381
0.840000
-0.620339
-0.135286
1.857881
-0.998138
1.320678
-0.012640
0.556984
-0.127025
0.488043
0.557430
-0.454767
-0.607267
-1.067431
-0.502306
-0.485728
-0.091922
-0.962360
-0.003530
-0.075893
0.093326
1.228130
-0.017855
-0.472045
0.221414
1.446860
0.430600
1.067733
-1.624093
-1.187286
-1.106347
1.189328
-1.340997
0.750752
0.214460
0.316871
1.252269
0.964439
2.130352
-0.763230
1.795561
-0.348619
-0.385947
0.282518
-1.090486
0.247978
-0.300982
0.448604
0.955159
1.456822
-0.647968
-0.371351
1.016821
1.200919
1.080097
-0.394148
-0.101990
-2.373123
-0.352410
-1.071195
0.555383
-1.709067
-0.687198
0.062364
0.040838
0.436877
-0.947405
1.300130
1.158772
0.498857
0.228109
-0.610194
-1.824205
-0.044102
2.448177
0.933012
-0.153151
0.043077
1.413068
1.131797
-0.883888
-0.464116
0.840160
-0.136072
0.755141
0.994978
-1.562442
-0.336007
0.258275
0.602277
0.178423
0.726907
1.048858
-0.362107
0.674448
-0.478656
-0.233459
0.407107
0.283919
0.773801
0.413428
-0.132013
1.082573
-0.817500
1.448602
1.085378
-0.235814
-1.658947
1.117864
1.070991
-0.382995
-0.198118
-1.398810
-0.063864
-0.114795
-0.383120
-0.885700
-0.829679
1.453054
-1.651163
-2.565427
-1.125227
0.347256
0.978096
-0.791500
1.947794
0.358087
0.111814
-0.280469
0.461023
0.602362
-0.533563
0.054248
-1.766486
-0.050808
1.995090
1.567286
1.435326
-0.590877
-1.208072
-0.675241
-0.768353
0.240622
-0.864690
-1.635256
1.787984
0.377617
1.570446
-1.446623
0.842506
-1.201396
-0.346941
-0.766039
-0.634627
1.655999
-0.623350
0.490757
0.844789
-0.981349
-1.445811
0.633731
-0.556143
-0.506569
0.110207
-0.510139
-1.194824
0.744110
0.085712
0.051598
1.148332
0.780487
0.541978
1.218842
2.076941
-2.486274
-0.422372
1.009973
-0.752631
0.081016
0.561621
-0.412733
0.132527
-0.523847
-0.382658
0.063183
0.258539
-1.042008
-0.486369
0.038725
-0.418823
0.014051
-0.998703
-0.818983
0.221845
-0.542413
-1.545770
-0.434609
0.425548
-0.239698
-1.625215
0.331091
-2.362145
0.252025
-0.227517
0.329708
0.949176
-0.002886
0.395877
-0.380873
-0.721541
0.962035
-0.963019
-0.443354
1.298180
0.050637
1.320222
-0.013782
-2.158601
-0.285115
1.069360
-0.487795
1.057434
-0.510576
-0.583000
1.826182
-1.257750
2.438402
-1.290816
-1.255208
-1.070871
0.355876
2.270277
1.627961
0.927143
0.419410
0.699686
0.276493
0.060092
-0.271983
-0.021666
-1.081774
0.289802
-0.795855
-0.554313
0.058765
0.207361
1.638719
0.956347
-0.114478
0.408374
0.312555
-0.044372
-1.447820
-1.452887
-1.049805
-1.076882
-0.981791
1.005747
2.173976
-0.170623
-0.397343
-0.810607
-0.311763
1.738597
0.463629
-0.392441
-0.557353
-1.312790
-0.050053
-0.331882
0.639534
0.112419
1.618854
1.597514
0.773138
0.130687
-1.323560
-0.472225
-0.298598
-0.439748
0.902859
0.768542
0.923043
1.684280
1.441808
-2.513115
0.408624
0.065570
-0.332087
1.746678
0.373417
-0.272829
-1.601785
0.701896
0.460412
2.368357
0.498243
-0.362502
-1.740231
-1.160485
-0.012434
-0.077113
1.262916
0.235528
-1.059964
-1.450368
0.196880
-0.374582
-0.685225
1.801381
0.493093
0.748356
2.184059
0.083043
-0.673260
1.021572
-0.568677
0.842443
-1.974031
0.698901
0.031286
1.732098
1.070798
-1.067025
-0.216756
1.771427
-0.234507
2.486514
0.241427
1.739478
0.426789
-0.687559
1.119263
2.261895
-0.116790
0.467685
1.300648
2.900354
1.514641
-1.147053
-1.245154
-0.587999
0.581278
2.125387
-0.050687
0.401114
0.788210
-0.616034
-1.264740
-0.236318
-1.572748
-0.053176
-0.514468
0.239501
-0.883389
0.291938
0.252884
1.352506
0.180290
-0.958705
-0.182095
3.057101
1.516791
-1.012610
-0.171937
0.407913
0.175413
0.352858
-0.269273
-0.804998
0.046044
-0.079860
1.072181
-1.102899
-0.604113
3.457179
-0.484654
-0.690153
1.077457
0.141188
-0.463241
0.176979
0.828727
-0.786569
-0.883416
0.898129
-0.341801
0.437619
-0.819334
0.773170
0.351690
2.364206
-1.388729
-0.382597
0.664203
-0.849918
0.809037
-0.088729
-0.765752
0.409401
-0.258946
-0.071042
-0.299465
0.147456
-0.026549
1.610718
-0.881294
0.024990
-0.314226
-1.507764
-0.501802
1.016574
-0.018365
0.361589
0.797544
1.212146
-0.650684
0.354858
0.248427
-0.278966
0.585878
2.301535
1.274615
1.036381
0.777448
1.102886
-0.106811
0.197004
0.193254
-0.395247
1.158386
1.405998
2.121933
-1.835850
-1.208536
-1.324914
0.420550
1.103726
0.909319
1.475291
-0.828734
1.016925
-0.697244
-1.481022
-0.740862
-0.618629
0.536982
-0.282209
-0.144300
-0.792336
-0.614813
-0.063217
0.118642
0.337341
-1.399413
0.584382
0.183536
-1.369317
0.658126
-2.253670
-0.709725
-0.299345
-0.774418
-0.715070
2.747824
-0.446419
-0.539399
0.504845
0.030902
0.789318
0.825321
-0.121634
0.835805
-0.553025
-0.623278
0.118085
-0.587756
0.357262
0.608375
-1.688297
0.301376
-0.936164
0.687879
-0.511345
1.385374
0.284695
0.432995
0.125018
-0.899454
0.235224
-1.203251
-1.719382
0.593199
-0.977893
0.265307
0.506700
0.528921
-0.842448
0.391374
-1.166430
1.498070
-2.302869
1.211606
-0.243905
-1.205258
-0.291733
0.061605
-0.688323
0.631432
0.214745
-0.465161
0.091335
-0.687761
2.588762
2.268822
1.640970
0.708041
-1.653353
-1.603272
1.029644
-0.146884
0.707930
0.775074
-0.550320
-0.195261
2.206903
-0.373776
1.354429
-0.181115
0.139350
-0.111473
1.011448
-0.693576
0.278763
-2.054700
-0.570909
-0.306237
-0.315686
-0.889707
-2.323144
0.479762
0.041713
0.078691
0.831097
-1.664372
-2.125664
1.295264
-0.976633
0.143639
-0.711044
-1.148014
-1.145263
-0.801924
1.535149
2.170728
0.765780
1.562086
0.175628
-1.350317
1.791749
0.716084
-0.193857
-0.452629
0.283514
-1.259252
0.363031
0.349019
0.493124
-0.883660
-1.286192
0.627884
0.529874
-1.441378
-0.283526
-0.533792
-0.537672
0.208107
0.979998
2.277776
1.212762
0.564275
0.035449
-1.078927
0.112521
-0.215299
1.775925
0.984085
-0.076719
0.667953
-1.011531
-1.524034
0.160926
0.857890
-1.695041
1.221484
-0.119736
0.903564
-0.230198
1.805730
0.013448
-0.803789
0.445261
0.124850
-0.530192
-0.845135
1.150239
-0.111413
1.018291
0.179827
0.072554
-0.072568
0.608673
0.650469
-0.038883
0.645358
1.519226
-1.347119
0.311860
-0.695882
-0.888968
-1.820867
0.389682
-0.291576
-0.071202
0.495994
0.524586
0.124857
2.285458
-0.377303
-0.409996
0.261114
-1.131928
-0.811862
-0.075504
0.824757
-0.265835
-0.530853
-0.598112
0.571399
0.144261
-0.021517
-1.518034
-1.915488
0.987708
-0.237463
1.330284
0.146726
-0.215043
0.678577
-0.729208
-0.254272
0.453942
-0.086712
-1.229887
-1.149035
0.975245
-0.162397
-2.702793
1.021407
-1.621370
0.434044
1.348112
-1.292695
0.322021
-0.656966
1.641913
0.164312
-0.013228
-1.833311
-0.934603
-0.940616
-0.923587
0.650432
0.104469
1.226814
-0.220942
-0.238408
-1.201517
-0.531618
0.175222
0.689357
0.234595
0.460638
-0.602577
-0.806366
-0.569338
-1.832290
-0.458872
-0.443891
1.381349
-0.716642
-1.320544
1.698623
-0.961049
0.740299
0.596878
-2.001396
1.507576
-0.038940
0.493682
-0.368782
-0.387573
1.223768
0.326204
0.899885
2.190078
1.270354
2.195156
0.215677
-1.566399
-2.207803
0.068529
-1.558103
-1.003683
-1.370238
0.169418
-0.913753
1.096109
-0.197299
-0.875929
-0.524164
0.410307
0.144953
-0.745139
0.233355
1.178226
0.141280
-1.436145
-0.359781
-0.891146
-2.299557
0.026973
-0.503543
-1.456067
1.781041
-1.331017
-1.886981
-0.224297
0.727128
0.755950
1.470832
-0.047533
-0.550506
-1.209114
1.097272
0.179823
0.097597
0.601508
-1.574711
-2.380423
0.224288
0.414423
-2.069472
0.068983
-0.878543
-0.226376
0.287090
-0.125765
-0.528050
-0.640161
-0.901890
0.688320
-0.287100
2.064810
2.532129
-0.123498
0.370255
1.396918
-0.287264
-0.517542
0.147531
0.077035
1.005558
1.437895
-0.551807
-0.045428
-0.954731
-1.741774
0.551637
1.449418
1.229999
0.034476
0.805038
0.158656
-1.441791
0.803849
-0.461694
-1.556324
-0.243447
0.845812
-0.315672
-0.952394
-0.338259
0.152036
0.363104
1.672639
-0.684940
1.633714
0.375746
-1.114941
-0.129246
0.584502
2.710790
0.195481
2.007901
-0.313662
-1.496613
-0.482779
-0.549092
0.866802
-0.442538
-0.347022
-0.010661
0.145848
0.988231
1.506539
1.026668
-1.698505
-1.225169
-0.053747
0.628058
-2.110004
0.092158
2.010895
0.136857
0.266628
0.525964
-0.514168
-0.125439
-1.984613
-0.637604
0.183052
-1.344863
1.795260
-0.695324
-0.444584
-0.285098
-0.682146
-0.611626
-0.042088
-1.101717
0.669715
-0.383514
-0.129849
-0.469680
1.439570
0.028360
0.434650
0.902807
-1.274565
-0.808585
0.215167
1.106925
1.068320
-1.101207
-0.210874
1.031655
0.022038
0.195619
-0.030830
0.981885
-0.978865
-0.460463
0.717371
-2.190036
-0.052111
0.040360
1.245362
0.583583
1.423587
0.964087
0.289207
0.228153
0.188897
-0.664441
-0.366293
-0.465423
-0.126558
-0.527934
-0.282126
0.574177
-0.989477
-1.603036
0.536251
-0.064201
-0.599048
-0.398134
-0.488486
0.882944
-0.919187
-3.597163
-1.108898
-0.282569
0.080186
2.006107
0.538171
-0.698940
-0.634270
0.678356
-1.727575
0.103080
-1.121801
-0.842582
-0.206933
-1.235447
-0.656783
0.108324
0.804438
0.265608
-1.128392
-0.772604
-0.267803
-0.823873
-0.739759
0.342025
0.674362
1.077156
-1.156005
-0.398809
-0.234703
-2.553695
-0.435276
-0.736546
0.690810
1.741614
-0.896123
1.100349
1.554933
0.720452
0.294457
-0.523767
-1.240683
0.191058
-0.513232
-0.107890
0.291286
-0.177502
-0.443498
-1.612991
-0.883128
2.122309
0.592432
-0.158063
-1.509383
-0.105222
0.494653
1.304449
-0.528635
0.529380
-0.065837
-2.114223
-1.663837
0.190188
0.072227
1.624887
-0.159691
0.909103
0.045733
-0.147312
-1.265008
1.229352
-2.226284
0.803682
-1.507910
-0.302222
-0.533920
-0.002815
0.960415
1.020761
-1.776593
0.312573
-0.519976
-0.703521
-1.559406
-0.971189
-0.809498
-0.299260
0.103806
0.489941
-0.486615
-0.427096
-0.120402
0.000038
-0.710630
-1.157117
1.258454
-0.909829
0.460610
-0.896750
-0.748771
1.133029
-0.248769
0.048569
0.990842
1.719428
1.138865
0.405037
0.719766
-0.009545
-1.785090
0.280736
0.311346
-0.414878
-0.514447
2.337050
-0.901860
-0.043265
0.629421
-1.221499
-0.348048
0.494130
-0.842771
-1.092027
1.133165
0.544585
-1.998865
-0.513664
1.566981
-1.485289
1.169750
0.171403
-0.149800
-1.716757
0.207748
-0.283548
0.681017
0.179905
-0.323417
1.228573
-0.249483
0.495161
1.283534
-0.215307
-1.565542
1.064252
-0.446577
0.625803
-0.451845
-0.695814
-0.400947
-0.743873
-1.015107
0.228447
-0.520007
1.773870
-0.980817
1.665906
-1.265566
0.161943
0.571444
0.821402
-0.715194
-0.736820
-0.552737
-0.428129
-1.347057
0.230980
-1.180465
-0.197081
-0.684475
0.122247
-0.509772
1.038832
-0.003298
-0.945544
0.052133
0.940651
1.422406
0.705190
-0.048549
0.003072
-0.082842
0.362110
1.150696
-1.241129
0.601613
-1.868102
-0.294807
-0.545972
-1.327103
0.014606
0.082012
1.187218
0.022624
0.557734
-0.683566
-0.382862
-0.017203
-0.305927
-1.153337
0.293750
-1.130434
-1.536221
1.106789
-1.715911
0.162710
3.491550
0.825279
-0.633765
-0.602415
0.247229
0.088855
0.354939
0.688522
0.029929
-0.066413
-0.632735
-0.173919
-0.825816
0.194988
-0.216370
1.057089
-0.757349
-1.529794
0.353774
0.340722
1.330978
0.750101
-1.197175
0.384240
0.110649
0.933257
1.243393
1.048928
-0.714430
0.399369
-1.192487
-1.638871
0.628294
-0.322146
2.231720
-1.003252
2.598942
0.726227
1.838223
1.066545
0.629788
-1.796648
0.202639
-0.631482
-2.069182
-0.322791
-0.697204
-0.085369
-0.753515
0.392563
-1.519335
-0.293806
0.356223
-0.963130
-0.311992
-3.021993
-1.254277
0.305849
-0.013110
-0.012232
-0.038785
-1.096774
0.556472
-0.666658
0.388427
1.960356
-0.580467
0.853072
-0.329307
-0.781143
0.548699
-0.215643
0.497417
1.814918
-0.083125
-0.207642
0.482421
0.203583
0.257546
-1.208062
-0.982202
-0.801266
1.142578
0.792276
1.231162
-1.568877
0.704767
0.285156
2.209868
1.057069
-0.032104
-0.128372
0.359063
-1.370295
-1.428103
-0.261039
0.653055
0.418409
0.293668
-0.155684
0.937783
-0.135996
-0.817079
-1.240077
-0.473242
-1.167097
-0.841302
-1.402742
1.037108
-0.868862
-0.532626
0.555522
-1.464845
-1.083673
1.880087
-0.862134
0.510735
1.950221
0.621619
0.419050
2.229796
-0.820820
-1.799109
-0.642299
-0.752636
-0.010268
-0.621903
0.914686
0.633282
-1.311053
0.821331
-0.109685
-2.459997
0.696406
-1.653355
1.454516
-0.031768
-0.236640
0.807872
0.104389
1.044194
0.573576
-0.359214
1.643857
-2.312703
-0.634255
-1.009116
-0.323872
0.159944
0.007600
1.295788
0.113832
0.815229
-0.695365
-0.739721
0.235488
-0.015277
1.137904
-0.495600
0.673590
0.115729
1.325308
-0.047397
0.074920
1.112667
-1.345482
0.565791
-0.317373
-0.662381
0.939073
-0.350313
0.522463
1.701853
1.191730
2.528602
-0.982771
-1.751531
0.325864
1.189412
0.279382
-2.515118
0.246176
-0.024827
0.861076
-1.412525
0.999384
-1.458559
-1.222201
-2.595895
1.763642
-2.384934
0.863758
-0.176094
-0.330709
1.314556
0.514936
0.583087
2.394798
1.330461
2.753978
-1.133908
-1.789750
0.080531
0.252251
0.249134
0.663088
0.254390
-0.176971
0.546065
-0.167592
0.643488
1.228680
-2.299540
-0.292701
0.644391
-1.006754
1.683518
0.993132
0.472919
-1.143264
-0.743660
-0.256014
0.944471
0.791133
1.634622
-0.130226
-1.028937
0.008542
-1.333129
1.178011
-0.950007
0.675437
1.006720
-0.824382
-1.048365
-1.909167
0.049787
0.242896
0.093012
0.174719
-0.294058
-1.844137
-0.656456
-1.374795
-0.295057
-0.591164
-0.999691
-1.045296
-0.823427
-1.307155
0.451953
1.158904
-0.527256
0.414411
0.980681
1.784755
-1.014530
0.571221
-0.598053
0.502962
-0.061285
0.762451
-1.322631
-0.434611
0.605647
-0.049850
-0.378375
-1.501890
0.062801
0.626526
0.833398
0.314048
0.042472
-1.960006
1.505358
-1.978014
-0.585768
0.684142
0.611468
-1.301905
0.254007
0.912783
0.441787
1.283641
0.103997
1.214032
-0.554930
-0.498551
0.629250
0.368587
1.115714
1.552338
-2.320502
0.588335
-1.674359
-1.380803
-1.148642
-0.454096
-0.293282
-1.093803
1.247066
0.148308
-1.392543
-0.833117
-0.266663
1.505709
-0.806881
-1.088590
2.391601
-0.404238
-0.477076
-0.156454
-0.657547
0.287134
-0.003554
-0.105887
0.148822
0.360538
-2.491656
-1.500188
0.415037
0.820241
-1.498483
1.250699
-0.923965
-0.968920
-0.674703
-0.962517
0.091977
1.788822
-0.318375
-1.561627
0.780848
-0.072523
0.723669
-0.848088
0.433207
-0.718430
-0.507326
-0.715509
0.192263
-1.822583
-1.541678
-0.460902
-0.459691
0.210783
-2.051659
1.519523
0.827001
-0.394939
1.247461
1.362427
-2.097754
0.336731
1.349786
-0.114925
-0.110693
-0.645297
0.469545
0.096399
-0.213214
1.395654
-0.472481
-0.859405
1.876019
-0.134917
-0.360438
0.493876
0.216518
-1.335611
1.178343
0.167027
-0.045871
0.295971
-0.854801
-0.273345
0.430907
0.598134
-0.633770
0.115470
-0.103676
0.895579
0.347062
0.322363
0.670364
0.369525
-1.293136
2.088159
-0.316370
-0.099634
-0.041353
-1.417507
-0.593039
0.445713
-0.149613
-0.168735
0.387408
-0.858909
-0.576898
1.715197
-0.699617
-0.278526
-1.026073
1.312519
0.276863
0.714371
-0.272679
-0.057150
-0.062878
-0.773467
-1.755489
1.322232
0.891835
1.304130
-1.363316
0.035397
0.328604
0.615979
1.344965
-0.022769
1.663907
-1.922840
0.512023
-1.025179
0.637237
1.593040
-0.640944
1.421717
0.065814
1.862545
0.678732
-0.440946
0.139498
-0.703058
0.733819
-0.729145
-0.378207
-2.815455
-0.862719
-0.833314
1.222246
0.841199
0.350997
0.235919
0.916623
0.006651
1.572903
0.400354
-0.491352
0.844534
0.020080
1.065425
1.398171
-1.605595
0.022854
0.841094
-1.581818
-0.308784
-0.783979
0.824334
-0.978274
-0.129108
-1.166145
1.257916
0.391216
-0.182652
-1.538805
0.068130
0.700677
0.029584
0.199251
0.252645
-1.814496
-1.181676
-0.991889
0.609639
0.201669
-0.676270
-1.358918
0.735005
-0.199341
-2.688775
-1.283625
1.951068
0.162215
-1.402347
1.409809
0.063093
1.096140
-0.883342
1.870262
-0.108989
-0.305843
-0.708192
-0.391144
-0.708910
1.907729
-0.559880
0.999102
0.715009
-0.386920
-0.971057
-0.067585
1.132961
0.652934
1.230450
1.119004
-0.900479
-0.016959
1.538868
-1.997430
-0.031921
0.223966
0.945508
0.422924
-1.175680
-0.204851
0.956495
1.586134
0.791284
-0.550834
-0.671678
-0.696827
-1.396155
-0.560050
0.324677
1.407609
-0.079835
0.251529
0.490971
0.326337
1.477489
1.050735
-0.502558
-2.582746
-1.396392
0.393834
0.132411
0.609201
-0.640544
1.071023
0.977911
0.946540
-0.908460
-1.047869
-0.133656
-0.960124
-0.224670
-1.393329
1.680874
-0.873284
-0.431528
-1.274013
0.432411
1.180717
2.502800
-1.159271
2.485017
1.299683
-0.181155
-0.456783
0.058342
0.488606
1.910781
-0.410427
0.712209
0.119957
0.705267
0.138282
1.192956
-0.174097
0.928335
-0.798242
-0.642322
1.160485
-1.054109
0.756761
-0.141824
-1.370280
2.944605
-1.444018
-0.086862
-0.474107
-0.828315
0.901694
-0.196339
-0.677803
1.117489
0.231736
-1.028223
-0.200513
-2.219235
0.201787
0.049378
1.337552
0.472990
-0.714461
-0.998350
0.603718
-1.825474
0.240003
0.233018
2.525622
-1.417547
-0.373544
1.624558
0.205236
0.649741
0.407738
-0.223014
-0.756481
-0.091613
1.087311
-0.266537
-0.568461
-0.796842
-1.670345
-0.860737
0.318393
-0.965835
0.043512
-0.515096
-1.109717
0.169856
2.941958
-2.347747
-1.324707
-0.496274
-0.177400
-0.016404
2.553854
1.765978
-0.098936
0.334094
2.134465
-0.490727
0.116391
-0.244637
-1.298303
-1.793649
-0.684970
0.814425
0.318148
1.909291
0.808600
0.780296
-0.088635
-0.258872
0.069518
0.366738
-0.376225
0.207495
-0.341471
0.138440
-0.785628
0.517877
1.363026
-0.648390
0.807238
-0.330907
0.273240
0.595365
0.495037
0.472580
-0.813368
0.403164
-0.846331
-1.249444
-0.779049
-0.300125
0.760670
-2.603613
0.231241
0.062179
1.317423
-0.590032
1.110716
1.048253
-0.289286
0.221197
-0.855952
0.011558
-0.933668
1.946205
-2.126034
0.294892
1.246460
-1.722308
0.816127
-1.055195
-1.062324
0.616464
0.614043
0.759888
1.304775
1.547318
-1.101706
0.328761
0.528180
2.553689
0.207763
-2.292220
-1.493362
-0.237007
-0.732795
2.160671
-1.178345
-1.321150
-0.747931
-0.570691
-2.535140
1.187965
-0.693717
0.083646
-0.576122
0.964781
0.379050
-0.536928
-0.988928
-0.071333
-1.973163
0.017703
-0.018372
0.378357
0.016312
-1.310802
1.735782
0.846457
-0.390301
-0.336853
0.496767
-2.790839
-0.396518
-0.362408
0.488113
-0.170269
-1.169091
-1.826187
-0.423037
0.478851
0.465855
0.231034
0.098536
0.473836
-0.734445
1.238409
-2.630627
-1.532072
-1.275339
1.546742
1.637956
1.003007
0.989814
0.042463
-0.477128
1.129808
0.671065
-0.327426
0.731413
-0.834756
-0.220983
0.830592
-0.110764
-1.006486
-0.786832
0.285679
-1.187203
-2.685447
1.183720
-0.501794
-0.763045
-0.759932
-1.740602
-0.356938
-0.329532
0.154405
-1.615234
-0.781668
0.930270
-0.433168
-1.474690
-1.275883
-0.895543
1.111937
-0.440430
-0.256390
-1.300793
-1.054595
1.792359
0.534447
-0.105598
1.254037
-0.127511
0.133909
-0.248719
-0.400600
-0.211424
1.173267
0.509159
-0.158269
0.691676
-0.110227
0.209823
-0.268422
-0.221089
1.408825
-0.468152
-1.245482
-0.758492
-0.544265
1.298761
-0.090371
-0.703806
-1.861818
1.391389
-2.050670
1.066812
1.002417
-0.904635
-0.305396
-0.231488
-0.126383
-0.830446
-0.806132
-0.242275
-1.952010
-0.723652
0.447390
0.125779
0.604505
-1.018165
-0.230125
1.051879
0.221146
-2.103961
0.476734
-0.575810
-0.704091
-1.365654
-0.918794
0.114188
-0.063089
0.928533
-2.311635
-2.170272
0.634323
-1.601332
-0.215422
1.527595
-0.677281
1.927433
0.786102
-0.265291
-0.888391
0.225344
-0.535202
-0.562078
0.574008
0.311101
1.527427
-0.396359
-0.202990
1.339206
0.406058
-1.055036
-1.050957
-1.003923
-1.621411
-1.116136
-0.543200
-1.687991
2.147216
-0.534258
-1.173240
0.282851
0.696811
-0.355336
-1.320965
1.484177
1.495178
-0.084377
-1.151063
0.267626
-1.919090
1.337359
1.032280
0.429371
-1.097314
1.122846
-0.125999
-0.395643
0.573113
-0.741369
0.025471
-0.174724
-0.609098
-2.348494
-0.898892
1.001385
-0.617875
3.214509
1.701645
-0.183449
0.385084
2.878067
-0.334158
-0.373453
-0.113066
0.181356
-0.576148
-0.534154
1.437977
0.040532
-0.618339
0.401827
0.352545
-0.605823
-0.564821
0.092231
0.155193
1.545231
-0.968137
-0.578464
0.355256
0.451686
-1.909874
0.249991
-0.866694
0.805180
-0.814415
-0.248017
0.157536
0.294156
-0.195645
-0.358001
-0.950335
-0.628224
-1.377934
1.539128
0.097466
-1.564941
0.616993
-1.574491
-0.890845
-0.038270
-1.013680
-0.268508
0.474573
-1.853156
1.531752
0.680050
-0.652588
2.008086
-1.095891
1.052212
-0.323411
1.924513
0.328999
-0.197315
-0.160011
-0.101996
-0.136947
-0.333878
-0.421732
-0.627617
-0.008831
0.249536
0.625187
0.204288
-0.048199
-0.435725
0.189127
0.152754
-0.386690
1.020930
0.682381
-0.694587
-0.769156
-0.577733
0.013019
-0.839848
-0.215579
0.445169
-0.267045
0.174106
-0.521700
-0.899203
0.317942
-1.755951
2.441446
-1.011532
-0.771591
-0.307544
-0.675571
-0.656645
0.305143
-0.155947
-0.473190
-1.513344
-0.969287
0.114778
0.133019
-1.418713
-0.210610
-2.485289
0.384919
-0.445951
1.028316
0.423627
1.146769
-0.403720
-0.071772
-0.849229
0.875845
0.112481
-0.177607
1.206069
-1.854626
1.020166
-0.821502
0.063085
-1.861869
0.155197
-0.759735
-1.171090
1.403112
-1.375929
-0.424708
0.443466
0.480091
-1.343735
-0.379410
1.721629
-0.460775
1.842328
0.305734
0.517923
-2.263681
-0.433368
1.289655
-0.428572
-0.800692
-0.437585
0.520244
-0.958784
-0.511805
-0.942138
-1.118424
1.611869
-1.274671
0.707154
0.121806
1.198104
0.636353
-0.072816
0.975779
-0.417360
-0.001544
-0.762025
-0.534372
0.440513
-1.324042
1.442638
0.406503
1.563268
0.015618
-0.452475
1.075293
1.203595
-0.871114
0.204111
0.246899
-0.177484
-1.150346
-1.238202
2.413712
1.175092
1.596784
-1.656708
-2.331481
1.339419
-1.023258
0.982859
0.638548
0.666415
-0.103443
1.029734
0.268095
-0.535062
-0.428398
-1.209487
-0.197334
0.510606
1.099040
-0.333729
-0.458837
-0.828075
-0.263495
-0.719275
-0.004614
-0.280374
1.831349
-0.269789
1.593577
-0.603857
-0.186221
-0.248642
-0.168400
-1.214882
-0.447837
0.381497
0.309836
0.367274
-0.510830
-1.126083
0.452258
-2.319980
1.276413
0.007107
0.895313
-0.173299
-0.834347
1.200072
0.602794
0.006558
-0.523527
1.407311
1.551139
-0.602878
-0.678813
-0.425521
-1.297888
-0.214968
0.198289
-1.813231
-0.714856
0.937697
0.093413
-2.218336
0.213585
0.919142
1.043906
0.912751
-0.570182
-0.576957
-0.388919
0.882412
-1.030743
-0.669270
0.445430
-0.381830
-1.533922
0.332982
1.065053
-0.741476
-0.179874
-0.313381
0.033081
0.871815
0.332023
-0.549636
-0.635251
0.485258
-1.385666
-1.016732
0.320558
0.429467
-0.785763
-0.190662
1.421365
-1.394604
0.007800
-1.076018
1.218225
-1.178805
-0.367114
-0.122349
-0.672978
-0.329117
-0.038908
0.592174
-1.697734
-0.249113
-0.400618
-0.396121
1.591340
-0.585017
0.939336
0.497438
-0.470543
0.490676
0.083717
0.392571
-0.585189
1.066181
-0.482472
-0.226107
1.215871
-0.160124
-0.098304
0.535296
1.668885
-0.551609
0.141966
0.387546
-0.324627
-0.548788
1.035281
-0.384298
1.418768
-1.311723
0.293563
0.613068
0.454906
-0.875125
-1.333293
-0.814777
1.052982
1.275693
-0.586736
2.016956
-0.207072
0.809436
-0.006139
-0.217464
0.948177
1.274591
1.142725
0.010748
0.324168
0.362240
2.076551
-0.815125
-0.074344
-0.901989
-0.054830
-0.450676
0.710070
-1.015132
1.871829
0.645437
-1.471651
-0.761465
-0.604567
-1.580732
1.368374
-0.708785
-0.536059
-1.113764
0.054684
-0.215548
0.091259
0.571180
-0.526438
-0.284858
-0.942569
-2.430311
-0.118159
-1.466746
0.993266
0.196571
0.368607
-0.318959
-1.366869
1.022991
0.323734
-1.115938
1.094834
-0.715981
0.903335
0.643566
-0.115598
1.055770
0.625616
-1.828281
0.886386
2.253036
0.989480
0.094206
0.055961
-0.643754
-0.519427
-0.111353
-0.595405
0.030551
2.039658
-0.932330
1.199979
-0.150563
-0.071616
-0.120213
1.683647
-0.381902
1.042212
1.239570
-1.100872
0.335959
0.358362
0.308828
-0.777979
0.246880
-0.054744
-1.185797
-0.771746
-0.638705
0.560241
1.762515
-0.066389
-1.308726
-0.631064
-0.038181
-0.617386
0.378945
-0.213960
-1.170761
1.301836
0.709522
-0.003580
0.145831
0.041052
0.222323
-1.132416
1.368120
1.046228
-1.537693
-1.699841
1.151722
-0.282892
-0.126870
0.017545
0.615272
2.924655
0.055051
-0.408446
-0.408217
-0.088320
-0.683480
0.140312
-0.070134
-0.548897
-0.744142
0.078028
-0.586513
-1.982269
-0.537251
-0.104193
-1.228091
0.891812
0.805057
0.790261
0.168928
0.810379
-0.313907
-1.074191
0.870377
1.044931
-1.306579
-0.329081
0.096739
1.624861
1.008525
0.762569
-0.688116
-0.037526
-0.183727
-0.599826
-0.649598
1.860409
-0.301162
0.787801
0.332968
0.040934
-0.939072
1.204995
-0.160671
0.664192
1.154511
-0.469102
0.951098
0.345338
0.632615
0.841141
3.379540
-0.557939
-2.278416
1.268497
-0.167987
0.574727
-1.226757
2.699568
1.244714
2.023772
-1.239045
-1.254579
1.731663
-2.125331
0.392790
0.708551
-0.843242
-0.085241
1.629438
-0.616123
0.923888
2.052462
0.822790
0.494716
0.863756
-0.273091
0.813661
-0.373997
0.487911
1.656979
0.381599
-1.289991
1.964084
-0.058030
-0.155799
-0.691332
-1.401708
0.372702
-0.636947
-0.630375
-2.625930
-0.049369
-0.983295
1.002447
-0.376239
1.306975
-1.226805
-0.782382
-0.087997
-0.137136
-2.068354
1.313719
-0.542049
-1.869059
-0.422952
1.242814
-2.019938
1.158274
0.333990
-0.154090
-0.329195
0.543120
0.554885
0.804913
-0.991462
-0.242693
0.439661
1.129165
1.553990
0.020649
3.109318
-0.611576
0.642180
0.354915
-0.558706
1.360296
0.857459
2.186978
-2.083955
-0.141095
-0.220779
0.345665
1.772201
0.210464
-0.093763
-0.693990
-1.443839
-1.431695
1.347311
1.171974
0.100023
-2.502797
0.560069
-1.741198
0.676319
1.164294
0.111167
1.028316
-0.982240
-1.545311
-0.822580
-0.644098
-0.071146
1.955252
-0.301077
-2.180444
-0.415967
-0.208652
0.032334
0.736773
-0.193834
0.021844
-0.619892
-1.236018
0.032522
-0.181541
-0.867951
-1.239860
2.716145
0.855737
0.029965
-0.412410
1.700669
-1.112407
0.090886
-0.151665
-0.201184
-0.878025
0.148752
-0.108160
-2.698646
-0.650232
-1.382024
1.354920
0.208252
1.015896
-0.360298
1.031475
0.770652
-1.467719
0.494101
0.493353
-0.736969
0.593883
-0.938864
0.369807
0.197747
2.057751
1.824463
-0.662194
0.983109
1.837309
-1.702689
-0.027023
-0.725431
-0.534246
-0.249547
0.920741
1.101907
1.401071
-0.471847
0.776508
-0.291278
0.349829
-2.712975
0.331935
-0.418754
1.309592
1.186867
0.880677
0.341924
0.397165
-0.531034
1.270328
1.253675
-0.238459
0.713893
-0.695854
1.073054
1.010421
-0.272027
2.434250
-0.182704
-1.178028
1.528943
0.287082
1.099328
1.062407
0.969952
-1.542893
-0.373174
-0.952451
1.652258
-0.650667
1.893978
0.759844
-1.489139
0.236465
-0.403734
-0.331695
0.411206
-0.468441
-1.535232
0.706704
-0.231849
-1.124043
1.536811
-0.183516
-0.474438
0.341388
-0.671749
0.711925
-0.250522
-1.055777
-1.372330
-0.359737
-0.429484
0.798141
0.171691
0.785725
-0.275660
1.348194
0.169664
0.444022
-0.839121
0.451344
-1.558664
-0.348339
-0.852237
1.590799
-0.307430
0.248069
0.758123
-0.576025
-1.863008
1.042219
-1.739899
1.222251
0.532943
-0.544241
-0.494260
-0.855114
0.043658
-0.572188
0.610705
0.323958
-0.796787
-0.665360
-0.929916
0.517458
2.700650
0.094834
0.520637
-0.340596
-1.635516
-1.180108
-1.008906
0.882683
0.840998
0.537979
-0.886952
-0.695952
0.897069
1.143920
0.283776
0.652083
1.553818
0.940944
1.698434
-0.248923
-0.493435
1.110379
-0.042556
-0.263733
2.331710
0.134273
-1.100283
-0.353153
-0.994970
-1.243777
-0.325470
-0.207844
0.616468
1.485276
-0.604764
-1.653281
0.418449
-1.696352
-0.233837
-0.722812
-0.162535
-0.430832
0.009922
0.470008
-1.228151
-2.730998
0.311076
0.484541
-0.255869
-0.763521
-0.353463
0.985364
2.003588
0.142800
0.345891
1.122636
-0.455788
-0.775987
1.342055
0.075220
-1.510304
-0.091587
-1.278889
-0.219619
0.206256
0.233169
0.215517
-0.511923
0.201610
-0.227869
-0.693728
-1.173279
-0.277408
-1.601639
1.090601
-1.160299
1.126248
-1.002573
0.027105
-0.257902
0.461488
-0.158987
0.184016
-0.689853
0.012542
-0.462556
-0.803513
-0.215399
-1.366976
-0.343425
0.292156
-1.137080
1.958809
0.858223
1.334278
-0.151945
-0.129148
-0.635720
-1.139644
0.806234
-1.245918
-0.904690
-1.242550
-2.111539
-0.497054
-0.873356
1.157851
1.006984
0.496886
0.366615
0.655661
-0.387507
-0.548876
-0.083650
2.024929
-1.067715
0.362851
0.324640
-1.187545
0.268778
-1.085265
0.755057
-0.406624
1.209501
-0.173660
-0.359673
-0.655120
0.321718
0.387750
-0.533151
-0.528191
1.208465
-1.303289
0.762805
-0.107916
0.445600
1.135014
-0.158907
-0.641485
-0.604647
0.970269
0.756350
1.102240
0.959922
0.382466
-0.251305
1.981698
-0.170975
2.529228
-0.072655
0.852870
-0.216782
-1.192335
0.786162
-0.176487
0.531244
-0.633781
0.509312
-0.683994
0.578297
1.604595
0.813193
-0.717382
-0.378092
1.323822
-0.511269
0.010134
-0.277534
-0.566053
1.067934
0.181820
0.021049
0.273034
0.937319
-0.565848
-2.981920
-0.731295
-0.639274
0.313027
1.385291
-1.722557
-0.177884
-0.291779
2.596015
-2.071762
-0.565868
-0.134942
-0.698339
0.034947
1.125633
-1.477075
-0.536363
-0.240348
-1.176756
0.119575
-0.244824
0.524630
1.832850
-1.384366
-0.011027
-0.053656
-0.064333
0.179599
-0.981664
0.317630
-0.180236
0.985346
-1.163316
0.066138
0.140105
1.137633
-0.458575
1.617074
-0.862200
0.074651
-2.077063
0.968627
0.239510
0.799764
-0.713744
-0.459153
1.076404
0.768650
1.042642
-1.166584
-0.019096
0.291454
-0.746198
-1.026477
1.131804
-0.641297
0.482860
0.443541
-0.249734
0.721185
-0.979083
-0.147443
0.584948
0.387109
-1.699442
-0.929405
-0.404659
0.039483
-2.265685
0.861064
-0.529342
-0.923402
-0.798348
0.386979
-0.012523
-0.601805
-1.591737
-0.640482
-0.848866
0.350216
-1.961826
0.460950
0.799308
-1.268650
-2.072711
0.481349
2.208504
-0.132821
-0.121941
0.738921
-1.290829
-0.662970
0.068969
-1.891168
-0.009561
2.236288
-0.292048
-0.430438
0.618089
0.316620
-0.267704
0.749635
-1.595386
1.612004
-1.256194
-0.265833
-1.653205
0.325031
0.228023
-1.794458
0.986310
0.965508
-1.273234
0.829541
1.744689
0.454773
0.903107
-0.000953
0.108289
0.062770
-0.763811
0.118443
-0.643997
-0.693406
-0.636938
0.075778
-0.332981
-0.813824
0.658806
0.040510
-0.796288
0.191686
1.639201
1.556835
-0.272539
0.447565
-1.860911
0.268683
0.563060
-0.818163
0.751008
0.539713
0.118812
-1.572658
1.146321
-0.159946
-1.590848
1.140256
0.053499
0.671282
-0.225711
0.210491
1.260089
-0.842390
0.430114
0.058048
-0.108527
0.278356
-0.184359
1.125965
-0.987511
-1.334069
-0.207079
1.133013
-0.504534
-0.049310
-0.991177
-1.016169
0.614592
0.217234
0.891520
0.786352
-1.505092
-0.460899
-0.915931
-1.046371
-0.484142
1.462381
0.949984
0.145713
-0.073299
0.499476
0.010516
-0.920211
-1.798574
-1.877878
0.138516
-0.199891
-0.657128
1.370522
-0.039395
-0.611582
0.112261
1.763358
1.145035
0.014521
0.413439
1.094192
-0.758705
0.151139
0.806744
0.330869
0.813015
-0.432523
-0.399681
0.712431
0.559603
1.240766
-1.510361
-0.765392
0.440996
-1.389305
0.252641
-1.541399
2.194440
0.629283
-0.863208
0.248687
-0.459043
-0.986768
0.362698
-1.073008
-1.634518
0.295362
0.216275
-0.257462
-1.354947
-0.611555
0.760212
1.948076
0.990374
-0.273026
-0.992511
1.054140
0.288063
-1.191226
0.809979
-0.146786
-1.124322
0.236891
-1.048374
1.553575
1.734917
1.720039
0.421557
-0.539146
0.764281
-1.488645
0.788050
-0.138397
0.207845
1.273207
-1.300258
0.455944
-1.158608
-2.539228
-0.118119
-0.108206
0.544676
-0.036097
0.726172
2.208953
0.203845
1.184871
0.074709
-0.350672
-1.008981
0.436561
0.227238
-1.205669
0.103034
0.871201
-1.437760
1.392770
-1.116503
0.129858
-1.014115
0.059661
-1.494053
-0.216022
-0.051284
0.927157
-0.484446
-0.231841
0.659966
-1.715179
0.770666
0.011947
0.903511
-0.186705
0.066516
0.844275
-0.048600
0.567319
-0.296072
-0.149871
-0.402474
-1.239443
1.566332
-1.030425
-1.646684
-0.881007
-1.104976
-0.463978
-1.522086
0.233527
2.780346
0.053989
0.913593
-0.969037
-0.109599
0.195894
1.752904
1.559038
1.550941
0.876823
-1.784047
-0.173211
-0.630150
0.395663
2.387766
-0.026894
0.547862
-0.537907
2.184323
-0.538064
-0.525424
0.581807
-0.707902
1.336997
0.806042
-1.665814
-0.513473
0.706722
0.829752
-0.413170
-0.202159
-0.587987
-0.799244
-1.058444
-0.822761
0.368961
-1.154280
-0.056655
1.387346
0.627438
1.180634
-0.012735
0.782951
-1.761132
-1.845232
-0.486442
-1.262792
-0.970692
0.132692
-0.044708
-1.267294
0.507199
0.193757
-0.415698
-0.704506
1.520929
1.046362
0.285690
-0.259849
0.366174
0.529523
-1.422196
-0.876757
0.629600
-0.080118
0.620087
-0.568919
0.171812
-0.342238
-0.955411
-0.274979
1.554979
0.034867
-0.626449
0.448632
0.179057
-2.091965
1.027274
-0.322420
1.372114
0.065690
0.118086
0.122077
-0.182950
0.567575
0.805360
1.921891
-0.744011
0.034882
-1.874956
-1.434409
-1.382881
-0.011649
-0.954845
0.295346
-1.413631
-0.941663
-0.559404
0.604921
1.021166
0.259073
0.910618
-0.231111
-1.251819
-0.741537
0.442102
1.123484
1.320313
0.633285
0.546316
0.264272
-0.563157
0.298980
0.332850
-0.434257
-0.848398
-1.779693
0.079505
0.718612
-0.615707
0.114789
0.083879
-0.252418
2.883760
0.844488
-1.946241
0.765884
-0.489662
-1.764825
-0.348350
0.836319
1.167594
0.781518
-0.523745
0.022025
0.643276
0.275686
-1.345004
0.079468
-0.444615
0.411154
-2.121457
-0.791365
0.627532
-0.163279
0.317655
1.325646
1.913584
-0.355126
-0.178617
0.678714
0.239150
1.017237
-1.853195
0.346816
-1.467325
-0.269722
-0.707700
-0.669786
-1.438045
-2.530797
0.873624
1.143402
0.614090
-0.172718
0.552432
-1.133810
0.306020
-0.379322
1.474968
0.843661
1.792763
-0.367087
0.294090
0.699647
0.186509
0.271460
-1.187837
0.053503
-0.365434
-2.107850
-0.845036
0.720268
0.684766
-1.538032
0.107120
-1.437779
0.528593
1.130972
-0.240996
1.171147
0.024165
0.147480
1.078744
-0.204170
1.182142
0.713402
-0.181510
0.609706
-0.731080
1.321324
-0.469051
-0.120644
-1.962103
0.079247
-0.903724
-0.672797
-0.581385
0.763890
-0.798299
-1.117095
-0.027815
0.743672
-0.034930
-1.560775
-3.694285
0.239263
1.624279
0.107856
0.838915
-1.081258
-1.333494
-0.395043
0.176443
-1.574115
-0.264148
-0.576973
0.057904
1.628495
1.382107
-0.160485
0.539622
0.382376
-0.541364
0.383267
0.376071
0.653035
0.708279
1.636130
-0.825581
0.477034
0.775409
0.599762
-1.065011
-0.100597
-0.656381
-0.433051
0.243660
-0.193481
0.437367
-0.138287
-0.095761
-0.922359
0.264159
0.448690
0.717965
-0.250731
-0.342906
2.718605
-0.003143
-1.786385
-0.149149
-2.414419
1.858488
1.081639
-0.069136
0.041214
-0.121465
0.875639
0.626340
-0.271416
2.599941
0.003112
-0.609317
0.819452
0.259813
-1.501093
-0.346705
-0.514567
0.883355
1.552853
1.137879
0.453533
-0.214190
-1.011332
-0.047554
-1.986357
-0.089812
0.872148
0.668392
1.509412
-0.567483
-0.272206
1.154505
0.923321
1.784578
-1.106573
0.889923
1.199100
0.353745
2.052032
0.447996
-2.465524
1.121253
-1.605575
-0.520108
0.529913
2.247657
-0.710803
-0.068076
1.357196
-1.894373
0.629243
-1.071167
-1.920088
-0.009526
-0.061230
0.371044
0.931735
0.232382
1.596824
1.294287
-0.786522
-0.099680
-0.243252
-1.879836
1.619014
-0.456082
1.080283
-0.397711
0.991338
-0.481033
1.120761
0.321567
0.686884
0.701264
0.302772
-0.566919
-0.821889
2.144839
1.517809
0.320495
1.238354
-0.607343
0.199393
-1.600040
-0.760510
-0.150788
-0.151513
0.134498
-1.368426
0.047135
0.077459
0.250672
0.747544
-0.568450
-1.491562
0.450053
0.362784
0.290710
1.436067
0.208908
0.777674
0.057555
0.122012
-0.583812
-0.032496
0.203936
0.332509
1.327127
1.429152
1.614234
-0.256638
0.089172
1.074636
0.061173
1.387300
-2.310197
1.593637
-0.690787
-0.069489
-0.297278
0.831119
-0.177733
2.018485
0.565615
-0.205141
0.932939
0.628063
-0.173767
1.249280
0.843948
1.207224
-1.025908
-0.297403
-0.404362
0.848549
1.010542
1.016763
-0.343974
-0.706413
-0.302917
1.463529
1.800252
0.465122
-0.371584
-0.297113
0.357193
-2.678413
0.364937
-0.377774
-0.759056
-0.015170
-0.882119
0.595189
-0.085271
0.975021
-2.026463
0.324000
-1.546827
-0.603602
1.273315
-0.517084
1.388629
2.012886
0.684131
0.564274
-1.707829
-0.122069
0.802254
2.940222
-0.544001
0.544035
-0.302825
-0.123647
1.071106
0.171156
-1.167702
-1.594858
1.149863
1.707440
-1.795752
-0.314969
0.156834
-0.311489
0.021165
0.189016
0.955529
-0.274504
2.766243
0.414719
-0.403447
0.371362
0.369165
-0.816441
-0.041999
0.850104
0.417466
-0.466161
0.710590
-0.127905
0.352336
-0.207386
-1.198857
-0.035184
0.167368
2.162904
2.372093
0.570754
-1.285903
-1.775475
-2.216862
2.372480
0.064885
0.421698
-0.421046
-1.170691
1.284976
0.028878
0.002994
-0.251214
1.079239
0.043032
-0.115032
1.323722
1.246674
-0.773716
0.356837
-0.724224
2.055266
0.578273
-2.119441
-0.437169
0.596489
-0.100956
-0.259982
-0.589347
1.436068
-1.259679
1.688806
0.101537
1.065679
0.552069
-0.184223
0.363055
0.324500
-1.766428
-0.618908
0.878956
-0.049885
0.138818
-0.630943
-1.251420
-0.932027
-1.381358
1.692498
0.478308
-0.215770
-0.440908
1.709836
-0.006684
-0.626697
0.306279
0.860495
0.390695
0.662101
-0.341537
-0.132774
0.109003
0.539517
1.344119
0.389020
-1.500349
-1.676541
1.094756
-0.419475
2.224776
1.441563
-0.729101
-1.159132
0.044874
0.164202
-0.412028
-1.080083
0.030234
-0.197920
0.241798
-0.421729
2.880737
-0.291633
-0.111950
1.448349
1.307974
3.141496
1.999083
1.366681
-0.408988
-1.943025
0.138329
-0.275609
-0.330240
0.376758
-0.145629
-0.073674
-0.263267
-1.024625
-0.099752
1.414686
0.347425
-0.310573
-0.698363
0.170437
0.588960
0.304598
-0.900269
-1.073745
0.977628
-0.821629
-1.405962
-0.858425
-0.943031
0.086384
0.430065
1.004694
-0.196063
-0.906146
-1.290888
-0.837962
-1.283358
-0.442546
0.882052
1.754277
-0.945348
0.411888
-1.117961
0.175566
-0.601918
-0.243896
1.460832
0.603180
0.405844
1.370452
-0.874970
-0.239576
0.386679
1.181347
1.030350
0.432954
0.679936
0.189884
0.516785
1.348893
-0.984278
-0.997067
0.431308
1.489931
0.268411
-0.860701
1.538791
-0.237351
0.118217
-1.964973
0.128547
0.716149
0.036212
0.953441
-0.943327
-0.947128
0.412544
1.580753
-0.625102
0.083956
-1.310812
0.844450
-0.943622
0.246491
0.150143
-0.916618
0.856089
-1.765262
1.072784
-1.110846
2.279557
0.988673
0.799665
-0.758296
0.523235
-0.589256
-0.495948
0.599161
-0.985146
0.570706
-1.146275
0.003786
0.393122
0.621649
0.659678
0.839620
0.178227
-0.414559
-0.114353
1.419835
0.454244
1.048971
0.157318
1.691642
0.211751
0.605610
-0.841984
0.823415
0.998083
1.022081
0.661273
-1.016245
-0.672148
-1.023997
0.738963
0.606442
0.432730
0.480721
0.154850
-0.175689
-0.415403
-0.560137
-0.628650
1.079692
0.523132
1.202583
2.760549
0.944837
0.489751
0.300530
-0.356999
1.489490
1.076995
0.945744
1.383681
-1.238813
-0.919484
0.659217
1.181163
0.150461
1.152026
0.704088
-0.730285
-0.723852
0.678330
0.553577
-1.189480
0.186291
-0.715726
-1.687773
0.256525
0.941748
-1.126468
0.371709
-0.684878
0.849681
0.550025
1.237311
0.526702
-0.337011
1.740233
0.620825
0.149652
-0.014528
-1.099033
1.091489
0.314651
-0.232784
-0.992752
0.280124
-0.872568
-0.305753
-1.411064
0.051159
0.000945
0.438159
1.037823
-0.886623
0.170933
-0.214737
-0.575199
-0.412326
0.323120
-1.246445
-0.115114
1.031673
-1.782694
-0.227791
0.245610
-0.124755
1.171811
-0.928016
-0.876366
-0.953132
0.305005
0.916020
1.189922
-0.313919
-0.571992
0.269272
0.669534
-1.417610
-0.181036
0.891902
0.325382
0.210239
1.151084
-0.273163
0.916101
-0.352985
0.724691
0.371947
-0.660804
-0.702595
-0.261757
-1.506278
-0.298338
0.775744
0.540757
-0.894816
-0.327814
-0.284368
0.319881
0.784710
1.083387
-1.184341
0.907943
0.724235
-0.133936
0.420999
0.342676
1.302303
-0.111586
1.196138
-0.627381
0.556995
-2.075152
0.487455
0.011201
-1.913148
-1.652560
-0.986004
-0.418922
-0.296962
-0.472422
-0.292068
-0.636611
1.464080
0.000100
0.669688
0.305681
0.219932
0.547673
0.298902
-0.306030
1.586627
-0.192342
-0.753543
2.464239
1.420690
-1.329844
-1.672907
-0.208946
0.128696
0.216574
-1.250911
-1.251726
0.014448
-0.525048
-1.494363
1.789940
0.798014
-0.246704
0.113753
-0.836063
-1.079026
-1.459355
0.632908
-0.195113
0.210957
-0.645285
1.381367
0.391469
2.440092
0.863224
0.498974
0.457549
0.600496
1.402321
-0.914714
0.393924
-0.219789
-0.974503
-0.809540
-0.159583
0.325342
-0.951485
-1.263129
-1.990579
-0.158946
-0.268643
-1.036238
-0.592987
2.127876
0.674182
-0.340238
-0.857545
0.128568
-0.197478
1.309143
-0.049164
-0.800629
-1.917117
-1.613376
0.672435
0.276468
-1.094783
0.714097
-0.458970
-0.504054
-2.657151
0.493860
-0.111218
-1.141334
0.306583
-0.035118
-0.207774
-1.200764
1.344272
-0.288220
0.779457
-0.035760
-0.491498
-0.651070
0.447622
-0.243436
0.330334
-0.124783
0.945684
0.338764
-0.085866
0.083682
0.319731
-0.522460
0.066793
0.959910
-1.294427
-1.612183
-0.461022
-0.068669
-0.620989
-0.509426
-1.329613
-0.651995
0.387427
0.254870
0.605734
-1.115688
1.755823
1.376957
-0.506762
-0.254002
0.116950
1.409087
-0.206169
-0.382622
0.074405
-1.070107
0.266679
0.015971
-1.080100
0.302001
-1.122128
-0.060369
0.430223
0.803037
0.381363
-0.517767
-0.574523
-1.213344
1.035953
-1.077368
-1.058176
-0.719454
0.791187
0.357515
0.473407
1.375593
-0.341325
-0.721642
1.416107
-1.065732
-0.575873
-0.055463
-0.567681
1.049176
-0.546003
0.000038
-0.113477
-0.190213
1.112224
0.036196
-0.520258
-0.928721
0.467323
0.207691
-0.526857
-1.415870
0.920994
-1.245118
0.317701
1.363125
-0.669419
-0.527377
0.116828
-0.141637
1.090290
-1.550567
0.845705
1.271371
0.861537
-0.680305
-0.943688
-0.804243
1.276488
-1.439309
0.646064
0.176023
0.602227
-0.628902
0.205242
-0.905431
-2.286732
-0.508008
-0.370292
-0.356267
1.688859
1.024865
1.286825
-1.449855
0.426923
0.769006
1.206873
2.250977
-1.385308
-0.043792
0.508393
-0.140589
-1.924100
-0.069569
1.029079
-0.686352
1.592111
-0.514991
0.431314
1.232522
0.738182
0.050648
0.271875
-0.045897
-0.281348
0.147074
1.124096
-0.472963
0.303202
-0.037869
0.755190
0.272689
0.806218
-0.991482
-1.346142
1.395313
-0.396304
-0.134894
0.186130
-0.128292
1.319173
-1.392721
1.652468
-1.457086
0.197075
0.787368
-1.587227
0.778979
0.725716
0.910489
-1.045809
0.131115
0.052304
-0.561785
0.631504
-0.804771
-0.732440
0.547283
-1.124808
0.760565
1.930645
-0.899840
-0.914587
0.773737
-0.755596
-0.008580
0.610210
1.070395
0.012294
1.741890
-0.856584
-0.148581
2.586367
0.229697
0.492173
-0.215745
1.770834
1.443581
0.308860
0.382101
0.782853
0.828894
1.265477
0.532100
1.603596
0.055583
-0.780804
-0.476895
0.060912
-0.468563
0.040182
-0.798015
-0.198032
0.362219
-0.012424
0.001921
-1.869027
-0.666181
1.260376
0.392599
-0.947158
0.925903
-0.698938
-0.595727
0.805916
-0.020454
-0.760540
-0.871461
-0.078557
0.217692
-0.095264
-0.623726
0.892836
0.020748
-0.805046
-1.160660
-2.198616
0.574351
-0.374735
-0.986507
0.602541
-1.626042
0.424138
-1.576192
-0.523142
-1.236815
1.323635
-0.262889
0.900610
-0.588311
0.931566
0.390123
0.361358
-0.903684
0.653198
-0.523733
-0.437701
1.241206
-1.807766
1.089628
-0.585097
0.999388
0.979396
1.752686
-0.162781
0.078990
-0.600852
0.642396
-1.371800
0.817748
0.133366
-0.711660
-0.737202
0.019328
0.581651
0.632212
-0.951222
-2.319832
-0.122563
-0.754830
1.784998
-0.417213
1.181070
-0.683089
0.938855
-1.236327
-0.673204
-1.173905
-0.376233
-2.270149
-1.874118
-0.946785
0.184583
0.029097
-1.133225
1.548190
0.667729
1.656538
-0.181392
-1.447216
-0.949368
-2.320341
-0.104700
-0.536204
0.150363
-0.211949
0.195198
0.359489
1.107117
0.554163
-2.239168
-0.098220
0.149995
-0.203838
-0.364125
1.232773
-1.042852
-1.185768
-0.375867
-0.743793
-0.525888
1.609021
-0.547702
-0.583106
-0.769324
0.959219
0.761272
0.628882
0.485465
-1.074608
1.005482
0.026111
-1.346527
0.856910
-0.840260
-1.003482
0.034005
0.632658
0.062472
-0.827280
0.987272
-0.649326
-0.012469
-0.051079
-1.002066
1.765363
0.653193
1.780665
-1.214916
0.197357
1.224863
-0.689198
-0.580615
-1.409135
-1.445290
-0.162105
0.255348
0.560794
-0.371513
-1.281997
0.161319
0.728381
0.901824
-0.469933
0.752251
0.047348
-1.456597
0.287368
0.610509
2.308709
-0.437847
1.586105
-0.090240
0.245056
1.666580
-0.287555
-0.626739
-1.120008
-0.117693
-0.988412
0.099882
-0.310412
1.664061
1.804734
1.707907
-0.294593
1.453607
-0.904203
-1.525043
-1.241623
0.951159
1.664029
0.914969
0.534848
0.027125
-0.410097
-0.492326
-0.528452
0.732697
-0.632044
-0.136175
1.782090
-0.410270
0.114958
0.417609
0.561586
-0.124150
-0.271197
0.833919
-0.391184
0.803512
0.434739
0.325634
-1.091273
-1.106426
-1.002391
-0.001434
0.657205
1.176851
-0.161216
0.243054
-0.420700
-0.681882
-1.545860
-0.441532
0.860132
0.568268
0.509368
0.673934
0.280211
1.009261
0.573969
0.478374
-0.718871
-0.755521
-1.277379
0.967394
0.716985
0.631884
-0.351035
-0.278494
0.924577
0.145612
0.859695
0.587032
0.322221
-1.105884
0.131007
0.135186
1.497666
0.064258
0.980597
-0.262562
-2.022908
-0.257791
0.845952
-0.981668
0.049448
0.163328
0.887238
0.234617
-1.455367
-1.207582
0.989980
-0.726519
-0.107069
0.431502
1.551106
1.064890
1.251350
-1.617990
-0.196054
-1.117456
-0.062728
0.364806
0.494399
0.469974
1.589705
0.478707
-0.259498
0.983924
-1.129645
-0.215169
1.866817
1.235909
-0.787620
2.241022
-0.600184
0.679041
1.938662
-0.271615
-2.498800
0.798865
-1.735240
-0.848815
-0.240516
0.002260
-0.856518
-1.765536
0.022780
1.167868
1.597746
0.613776
-0.156090
-1.224926
1.069132
0.800267
0.907949
-0.581240
-0.609656
0.841401
0.857466
0.819499
1.916623
-1.248133
0.127620
1.202722
0.628442
1.838881
0.753094
-0.581033
-0.198380
2.469982
0.587017
-0.397353
0.433550
0.500297
1.236835
-1.019225
-0.472224
0.142993
-0.664375
0.999170
-0.723023
-0.924268
-0.656359
1.814793
1.048116
0.596392
0.316104
-1.570504
-3.048247
-1.491157
-0.562002
-1.576227
-0.279222
-0.018305
-0.342743
0.432566
0.084194
-1.559672
-2.395447
0.665048
0.916483
-0.699577
0.759261
1.965399
2.177873
1.367928
0.318472
-1.375374
-0.540872
-1.324226
-0.048625
-1.474317
-1.905972
0.458502
-1.356302
-2.102706
-1.616025
-0.811185
0.683318
0.343152
1.067921
0.396733
1.374762
-1.925241
-1.562143
0.356703
0.160922
-0.459777
-1.514168
0.233148
-1.261875
-0.751206
-1.016623
-0.506621
1.914264
1.305518
-0.358241
0.341040
0.715963
-0.902633
0.906170
-1.359380
0.256447
0.637151
0.450724
2.055853
0.467450
0.400892
1.142128
-0.780556
0.875466
1.109147
-0.474043
-1.047109
0.569689
1.461091
0.293792
-1.359527
0.594838
-0.525968
0.697975
2.618803
1.786037
1.381663
0.364593
0.641386
-0.317953
-0.669434
0.853176
-0.561284
0.654077
-0.717381
0.717104
-0.333726
-1.269669
-0.319162
-0.095160
1.643728
0.410402
-0.679122
-0.534305
0.123664
-0.686753
0.432703
-0.989908
0.352036
-0.037229
0.095494
0.892454
-1.389748
0.290815
0.143374
-1.200248
-1.157854
0.201801
-1.733079
-0.390098
0.344243
0.561221
-2.373580
0.467728
-0.875528
0.384020
0.714003
-0.016118
-0.232716
-1.366110
1.801710
0.109598
-0.914031
-2.116699
1.534919
1.517184
-0.783121
0.875940
-0.335007
-0.625876
1.108816
0.165931
0.385913
2.146744
-1.481986
-0.104477
0.022752
-1.324786
-0.046040
-0.219983
0.322378
-1.870546
-0.286003
1.383573
0.075648
0.779870
1.185517
1.079347
1.532289
0.483382
0.711182
1.297572
0.563025
1.659807
-0.305887
1.000417
0.239914
2.003679
-1.027287
-0.289816
0.339745
-0.553606
0.185714
-0.808538
-1.543453
-0.000716
1.088197
0.684532
-1.842442
0.610592
1.373222
-1.060147
1.199620
-1.223058
1.118614
-0.638556
1.100552
-1.849826
1.975862
0.374842
0.902403
0.666559
-0.540771
-1.138677
0.866672
-0.727211
-0.557287
0.333520
0.241923
0.135663
0.063446
0.507109
-0.197635
-0.163336
3.030758
-0.631749
-0.264327
-1.227745
-1.042007
-0.283699
0.836856
-1.436826
-0.412144
-0.172689
-2.327776
-0.573573
0.464572
-0.102492
0.912401
-0.910208
1.387597
0.708076
-1.591029
0.193565
0.860057
0.336605
0.450698
0.651477
-0.076486
-0.567377
-0.296260
-1.198320
1.093072
-0.454825
0.907443
0.077045
0.874657
-0.276602
1.237978
-0.066485
-1.243733
-0.457472
0.750736
0.655626
-0.270445
-1.591740
0.917387
-1.818370
-0.661467
1.041370
1.256473
-0.528765
-0.786891
0.476037
1.400480
-0.391218
-0.331964
-0.127438
-0.348640
-0.587455
-0.404183
-1.262602
-0.273587
-1.830244
1.127205
-0.910303
0.936349
1.704433
-1.440550
0.121353
-0.743203
-0.394977
-0.621962
-1.027043
0.398862
-1.203724
0.087965
-1.012325
2.270343
-0.198652
1.014280
-0.576568
-0.185031
0.921815
-1.421530
-0.304599
0.878146
0.483947
0.340683
0.138573
0.553054
-0.217864
0.657201
-0.766092
-0.150479
-0.695512
-0.803991
0.193570
-0.610769
1.477575
2.148201
1.270610
0.891955
0.551795
0.474591
-1.375000
-1.962811
-0.244160
-0.275670
2.375070
-1.012504
2.362787
-1.048423
0.020295
-1.629144
1.546046
-0.262670
-1.371694
1.744837
-1.900396
0.734016
-0.971993
0.487877
0.842656
-0.003700
1.160889
-0.144612
-0.386731
-1.206071
-1.842701
-2.176290
0.540146
-0.523219
0.686370
1.725276
0.945338
-1.227187
-0.528763
-0.557393
1.140021
0.853177
-0.787459
1.486029
-0.396683
-0.865348
0.668287
-1.346012
1.110139
2.537440
1.578101
-0.207416
1.181063
1.387658
0.434387
1.018736
-0.346987
-0.069790
0.684972
-0.793864
1.081068
-0.787334
0.487550
-0.589020
0.642811
-0.537180
-0.032054
-0.635523
0.284005
-0.723173
1.675799
-1.374908
-0.187134
-0.550927
0.224758
0.096323
0.534332
0.417762
-1.053827
1.703342
-0.104137
-0.568971
0.144902
1.510117
-0.807757
0.163508
0.368179
-1.369729
-0.902645
0.141923
-0.435503
1.470945
-1.299456
-0.139877
0.405671
-0.927934
-0.400834
-0.183232
-0.493277
1.181059
-0.429489
0.258696
-0.602637
-1.694931
-2.428146
0.336041
0.000765
0.645242
0.001374
1.261961
-0.629491
1.075571
-1.694605
0.413822
-0.901343
-0.915394
0.275078
-1.774563
1.242305
1.485307
0.658236
-0.494495
0.858027
-2.525660
-0.441685
0.035885
0.263741
0.139609
-0.211392
-1.085014
0.866734
0.686363
-0.788070
0.256399
0.627625
0.576547
1.037665
-0.895042
-0.737447
-0.573358
1.546830
1.018030
-1.355230
1.508324
-1.501598
-0.433110
-0.723611
-1.265230
1.835522
-0.949190
0.784553
-0.100495
-0.917191
-0.624851
-0.543410
0.293689
0.747630
-0.175968
0.741521
0.163624
0.391364
-1.040638
1.596669
1.715751
-0.919337
-0.515561
0.386638
0.350235
0.601275
-0.272893
1.010848
-0.360759
-0.935274
0.011394
-1.087743
-1.203559
-0.579690
0.086467
-0.710157
0.053111
-0.717006
-0.095215
0.392527
-1.038887
1.164137
0.468165
1.269726
0.585597
0.805418
0.545937
-0.019301
-0.079939
-0.703153
-0.333278
0.876350
-0.327554
-0.089947
-0.780407
1.597679
-0.084569
-0.838093
1.291948
0.380142
1.065046
-0.491551
0.379689
0.308242
-1.251543
0.857488
0.045363
-0.899465
0.181781
-0.398261
-0.424583
0.475972
-0.519694
0.908429
-0.257445
0.666989
1.454284
0.696552
-0.402607
0.436898
-0.145008
-0.721308
-1.905028
0.189302
2.135737
1.512387
1.454182
-1.638545
-1.591009
-0.693925
-0.878522
-0.807593
-0.381212
0.809373
0.279831
0.527018
-2.366438
0.513046
0.091612
0.626279
-0.743641
0.327720
-0.776001
-2.506804
0.475956
-0.901019
0.014563
0.898762
0.335319
0.960668
-0.287468
-2.993960
1.250458
-1.172088
-1.035665
0.695813
0.494809
-0.457261
-1.643562
1.574462
-0.030055
-1.000966
-0.931139
1.073297
-0.236193
0.237150
-0.583969
0.853716
-0.218146
1.765928
0.209158
1.583292
-0.161284
-0.630961
-1.761492
-0.558790
-1.024202
0.037729
0.473285
-0.191808
-0.016314
0.218960
-0.972878
-2.527711
-2.958643
0.624894
0.995428
0.990400
2.019398
0.423986
0.802456
-0.287448
0.270724
-0.701668
0.360619
-0.367424
1.894316
2.428264
1.556539
0.810847
-0.479561
-1.806796
1.322596
-1.469544
-0.473006
-0.111155
-0.163321
0.737311
0.069720
0.139076
-0.572304
0.194578
0.493495
0.867140
0.040094
-0.875410
0.375447
-0.114254
-0.476165
1.796641
-0.249713
-1.345612
-0.253185
-0.017389
-0.858145
-0.818229
-1.210348
-1.895764
-0.546241
-0.327825
0.418140
-0.802768
-0.124884
0.366967
-0.432029
-0.643182
-0.366917
-0.418079
-1.111439
1.566241
0.496656
-1.527126
1.680935
0.945243
0.792627
-0.126018
-0.341498
1.115015
0.762893
0.718639
2.060866
-1.142709
-0.672096
0.423863
-0.267443
-0.120017
1.111906
0.204658
-0.174233
-0.689934
0.489580
0.592801
-0.689416
-0.792741
-1.309208
0.659946
1.159234
-0.647158
-0.853080
0.253008
-1.234980
-0.469817
0.637802
0.064608
1.266513
-0.003530
-0.426402
1.955758
0.336833
0.194204
0.297662
-0.244793
-1.172023
0.002219
-0.568132
-0.008316
-0.242340
0.407969
-0.402595
-1.666868
1.107672
1.174279
0.837118
-1.204920
0.898972
0.506987
1.265005
0.547983
-0.610564
-0.732491
-0.760614
2.352613
0.323225
-0.097453
0.491066
-0.399024
1.586086
0.855505
-0.161828
1.536072
-0.018712
0.453406
0.504453
-0.269919
0.783119
-0.031049
-1.535527
0.174021
-0.570849
-1.203291
1.013357
-0.992565
0.619382
-0.500900
-0.094875
0.521020
1.490501
-0.034210
-0.743103
-0.100985
1.380337
2.717515
-1.666383
-0.639387
0.221024
-1.611436
-2.291614
-0.163669
-0.508662
1.326478
-0.717316
-0.677297
-0.395039
1.399279
0.413446
0.933379
0.899331
0.204867
-0.289876
-1.487031
-0.022491
-0.610009
-0.098225
1.424325
-1.546722
-0.399342
1.225945
0.124767
-1.801820
0.422852
-0.283034
0.208614
-1.864204
0.279492
0.891253
0.476402
1.116986
-0.809756
0.691791
-0.551076
-0.171117
0.724278
-0.186291
-0.800439
0.173485
-2.332771
1.072940
-0.005414
-0.690658
0.194970
1.152673
0.627772
-0.416808
-0.498595
-0.441545
0.475906
-0.999519
-0.055643
-0.890544
1.515035
-0.401208
-0.510439
-0.357950
-0.887676
-0.126062
1.210075
0.316328
0.117421
-1.048860
0.800642
0.819359
-1.423606
0.053027
0.841933
-2.381129
0.312326
2.031659
-0.133424
0.956675
0.310537
-0.028001
0.169816
-0.643479
1.468744
0.822343
0.525365
-0.941432
0.250122
-1.430606
0.441756
-1.339191
-2.179017
-0.656391
1.690525
-1.032416
0.010597
-0.426503
0.177429
1.101581
-1.250409
1.996217
-0.754873
-0.449583
-0.126080
-0.916862
-0.538652
0.405287
-1.689730
-1.101671
0.302474
1.594366
-1.409235
2.660755
1.107149
0.239042
0.457316
-0.180743
-1.909861
-0.301514
-0.595361
0.168514
0.381401
-0.019655
0.117200
0.537975
0.030032
-0.758496
2.205073
0.764728
1.412525
-0.650067
0.784290
0.647223
0.136826
2.144840
-0.467966
-0.369063
-0.830564
0.482955
-0.426062
2.003615
0.890852
-0.457831
-0.466704
0.565327
-0.210376
0.065450
-1.056379
0.838920
-0.914590
-3.007413
0.863431
-0.316563
1.318133
0.777104
-0.372866
-0.997547
1.301563
0.580917
-0.199199
0.461590
1.688840
-0.947692
-1.056817
0.632584
-0.220370
1.199425
0.228246
0.764864
-0.625420
0.012286
-0.124065
-0.355927
0.545128
1.289764
-0.141828
-0.023783
2.416458
0.312851
1.258376
-0.018332
-0.290465
1.126376
-0.127180
-0.699142
0.435032
-0.993013
-0.073289
-0.009676
0.608235
-1.462300
0.373401
-0.251673
-0.554914
0.270453
0.883944
0.948034
-1.773224
-0.340003
1.080155
0.407674
1.109224
-0.509035
0.015466
0.808186
0.144459
0.483824
0.400294
-1.857743
0.083300
0.105978
0.795224
0.037531
-0.019201
0.570805
-0.674999
0.647292
-0.577847
0.576822
2.381323
-0.888281
-0.037080
-1.581885
-0.540364
0.922381
0.876861
1.682360
0.464169
0.554727
-0.747631
-0.107969
-0.573688
-1.193367
0.219258
-0.132514
0.029441
-0.720263
0.072882
-1.444040
1.107571
-1.738099
-0.312265
0.512681
0.052060
-1.675249
-0.457233
-1.440308
0.327930
-2.207994
-0.293072
1.525064
-0.743681
0.123506
-0.955951
-0.783151
-1.133185
2.110216
1.419388
0.747107
-0.106302
-1.962653
-0.834032
1.993837
-0.666660
0.976290
-0.803021
1.003510
0.438418
1.193230
-0.267144
1.653759
-0.030093
1.740529
1.197493
-0.273090
-0.414829
-0.919905
0.971538
0.249539
1.986048
0.363228
1.049347
-1.786345
0.496064
-0.525315
1.208239
0.716695
-0.122828
0.547711
-1.197614
-0.406325
0.170860
-0.502377
1.981621
1.494496
1.348684
0.130155
2.259849
1.060802
0.682844
-0.196996
-0.094231
-0.196597
-0.014534
-0.497714
1.462159
-0.536514
-0.180927
0.004557
0.569078
0.758637
0.204686
-0.272793
1.088524
-1.151425
0.066523
-1.588074
0.812027
-0.052665
0.072861
-0.009636
-0.177359
0.801367
1.679705
-0.276528
-0.522737
0.465228
1.006257
-1.023801
-0.317101
2.159024
0.179365
0.297438
-1.780552
0.236589
0.583890
0.868959
-0.161930
-1.825186
1.052600
-0.736693
0.223228
-0.212461
1.122488
-0.525371
0.842934
-0.454774
0.213929
-0.352974
-0.400525
-0.358829
0.534285
1.069721
0.362738
-0.618094
0.720623
2.356348
0.788118
-0.110449
-0.102034
0.992873
0.841663
-0.210942
0.059455
0.171457
0.973606
-0.253641
-0.509073
0.209195
-0.395232
0.673447
1.849251
0.540616
2.166607
-0.401726
-1.050416
-0.541000
-0.127561
-0.865400
-0.743938
1.720197
-0.353104
1.336487
-0.635576
1.075216
0.155441
0.849984
0.287896
1.383160
1.086921
-1.914522
-0.644662
-0.647633
0.586702
-0.133026
0.335593
-1.063593
1.162438
-0.208780
0.996553
0.470933
-0.788849
-0.900493
-1.550635
-1.188522
0.046255
-0.244702
0.323761
0.581531
-0.011693
1.900515
1.509607
1.062528
-2.680190
-1.492858
2.750414
1.573544
0.119670
0.273064
-0.636472
-1.672747
-0.674325
1.058237
-1.665855
1.027450
0.821072
-0.327903
-0.561209
-0.848052
-1.227944
-0.680028
0.934133
-0.085365
-0.607467
-0.570014
1.155438
-1.688101
0.833178
1.507626
1.904399
1.418143
0.670579
-0.215480
-0.198565
0.863470
-0.218604
-0.726009
0.874486
1.086974
-1.021136
-0.498405
0.055019
0.183088
0.812601
0.816126
-0.856927
-0.185437
0.979658
-1.785122
-0.428595
1.230425
1.019605
0.195670
-0.960838
0.058565
0.597990
-1.110690
-1.037905
-1.702196
0.237171
1.361877
0.130880
1.542397
0.052170
0.329592
-0.345144
0.058574
0.252617
0.174065
0.033552
0.699430
1.510513
-0.450327
-0.436351
1.300698
0.885983
0.678337
0.736356
-1.723403
1.457031
0.877467
-0.638906
-1.006393
-0.460689
-0.749108
-0.458110
0.005610
0.303395
-0.594198
1.016444
-0.195103
-2.024299
0.995020
-1.647947
-0.291960
-0.474280
0.880932
2.038681
-0.197670
-0.387432
0.177414
-1.538021
0.769108
0.236026
0.134033
-2.068583
-0.442426
-0.294310
0.744240
0.530166
0.079682
0.867557
0.120766
0.436384
0.395712
0.461177
0.635442
-0.637180
-0.305653
0.465147
-0.124663
1.182610
-0.071350
0.481152
0.036379
-0.401617
-0.267463
0.339328
0.564307
-0.985147
0.536764
0.805117
-0.762352
0.354160
1.139627
0.758364
0.481980
0.549321
-0.277979
-0.541645
-1.072905
2.449430
-0.495221
-0.913464
1.059991
0.651976
-1.110223
0.373682
1.182418
1.043220
-0.181102
0.305780
1.553721
-0.322482
0.341788
-0.762772
0.387757
-0.590517
3.126233
-0.063671
0.294861
0.885766
-1.391900
-2.075952
2.013960
0.518151
0.219250
-0.459029
-0.732688
-0.074351
0.277703
-0.059000
0.771588
-0.158728
-0.562065
0.357731
0.355310
1.760898
0.388745
0.286925
-1.505780
0.135357
-1.138700
-1.735213
-1.097208
-0.892561
1.009001
0.441674
-0.189565
0.508649
1.214910
-0.564705
1.061252
-0.057866
0.370818
-0.054184
1.822523
0.302787
1.023840
-2.008539
0.048192
0.389730
0.222338
1.153407
0.820792
0.090854
-1.384170
-1.457616
-1.212992
-0.927792
0.162343
-1.026291
3.598310
0.601775
0.567277
0.654462
-0.930185
0.168261
1.410937
-2.055191
0.920496
0.010966
-0.035598
0.143986
-0.229630
0.970658
1.023117
-1.031697
1.820117
-0.263341
0.497366
-0.876126
-0.769800
0.966000
0.224931
0.280929
-0.933050
0.454784
0.542491
0.004184
0.802330
-0.371827
1.340933
-1.730772
-0.092967
-0.146479
0.605427
-0.358453
1.156211
0.319077
0.903117
1.109841
0.331920
-0.722566
0.029233
-0.679860
-1.096530
0.802789
-0.219659
-0.678486
-0.686184
-0.974960
0.655928
-0.203637
-0.571830
0.265327
0.324438
-0.036457
1.839406
-0.820671
0.560500
0.370691
-0.894837
-0.109987
0.982620
-1.892061
0.835563
1.191309
-1.789298
0.818546
1.166461
-0.638406
1.436518
1.899109
1.448100
0.535358
-0.101493
0.231733
-0.048989
0.278811
-0.353002
0.700770
0.825196
0.544646
-0.240315
-0.222857
0.668072
-0.918793
-0.062619
0.334612
-0.014429
-0.931224
-0.141045
-0.177976
-1.494804
-0.849140
-0.601284
-1.147261
-1.049305
0.905102
-0.852833
-0.871754
-0.816724
2.201123
0.591248
0.778117
-0.888477
-1.381939
-1.163349
1.293779
0.371213
0.128965
1.708883
-0.121267
2.037543
0.241486
0.594437
0.659182
1.250944
0.877404
0.076498
1.622405
0.206574
-0.837545
0.360803
-0.731154
1.880155
-1.225037
0.725966
1.448316
-1.571041
0.892866
-0.177622
0.582867
-1.109241
1.069378
1.747162
-0.063834
-0.284328
0.120907
1.773556
-1.408571
1.358688
-1.779550
-0.577081
1.838960
1.533352
2.296980
0.617028
0.583158
0.001630
-1.434546
-0.331262
0.728105
-0.061243
0.170421
-0.739925
-0.958827
1.404212
2.075823
-0.754794
0.057269
-0.992498
1.144756
2.073809
0.414446
-0.491003
0.872042
2.174736
-0.341139
1.149421
0.389334
-0.261581
-0.133678
0.356645
-0.194837
-1.108544
0.045254
-1.646744
-1.098696
-0.458139
0.929397
-0.944441
2.248274
-1.893747
-1.094010
-1.533662
0.974253
-3.267244
0.596930
-0.422968
1.941025
0.346148
-0.192919
0.850839
-0.894208
-0.065806
-0.904049
-1.676379
1.982784
0.414102
0.721699
0.334099
0.452946
0.394835
-0.391679
-0.650109
-0.176200
-0.491058
-0.951806
0.532260
-1.158138
-0.782843
-0.878474
-0.751204
0.251510
-0.792687
0.903102
-0.662003
0.209987
0.110356
-0.340923
0.334674
-0.561080
-0.690298
0.645412
2.114878
-0.191675
-0.503661
1.388181
-1.238058
1.719164
0.322195
1.520979
0.373870
-0.780659
-0.437774
-0.399676
0.952790
-0.198320
0.234074
-0.317297
1.415922
0.752960
0.779580
-0.216299
-0.135823
-0.961344
-1.373222
1.209206
0.653717
0.033992
1.492950
1.320737
-0.765239
-1.017765
-0.636291
1.275570
0.008838
1.089999
1.222572
0.783343
0.404308
1.790980
-0.347989
0.783134
-1.417902
-0.110048
1.290081
0.246412
0.951527
-0.309869
-0.366925
0.097801
0.886458
-0.187796
0.570204
-0.115999
-0.350180
1.902914
0.310000
-0.530251
-0.656600
-0.468757
0.922417
2.470485
0.003506
1.660717
-1.133386
0.157302
0.173310
0.305534
-0.141679
0.305615
-0.518532
-0.278005
1.101535
-0.903541
-0.495181
0.859859
1.042981
0.266498
-0.029885
0.853371
0.003971
0.956508
-1.592189
-0.891391
2.336435
-1.146947
0.067722
-0.926761
-0.204119
0.306318
0.221410
1.014654
-0.255860
-1.394385
0.146850
1.329745
-0.814259
-0.213236
2.499514
0.089994
0.042998
-0.153791
-0.426604
0.805601
1.189180
0.297452
-0.145476
0.145717
-0.038153
-1.463461
-1.346214
0.066400
-0.786598
-0.930692
0.323291
1.351612
-1.355726
-0.576496
0.293741
0.796045
0.200310
0.333544
0.114579
-1.447356
-0.355109
-1.269131
-0.148777
0.163683
0.936026
-0.766529
0.584208
1.230917
-0.830286
1.638464
-1.688672
0.725994
-0.998411
1.080573
-0.468027
-0.335886
-1.347143
-2.398920
-0.847808
0.189898
0.727022
1.845125
-1.451883
-0.175507
-1.797214
-0.320905
-0.253552
-1.199185
-1.036667
-0.371960
-1.233546
-1.325480
1.115331
-0.593613
-1.235487
0.439346
1.699167
1.620383
-0.024410
-0.305449
0.996378
0.532053
1.105133
-0.360689
0.480948
-0.620412
0.622419
-0.983962
-1.042592
0.828556
0.669050
-0.517063
0.122734
-0.536650
-0.423071
0.449474
0.080155
0.328567
-1.455283
-0.054561
0.395101
0.874958
0.781817
-0.743840
-0.398326
0.077037
0.196395
0.991639
-1.039728
-2.113533
0.249919
0.804877
-0.010753
0.610577
-1.098981
-1.495779
0.559036
-0.497682
0.003873
-3.169979
-0.502301
-1.227786
0.904853
-0.330720
0.323636
-0.350689
-1.846567
0.242380
-0.871200
0.555243
-1.025245
-0.985184
-1.033614
-0.307238
-0.301565
0.930072
-1.163454
1.523744
0.460397
0.984630
0.760265
1.269732
-0.390570
-1.498322
-1.472334
-0.730491
-0.259876
0.825043
0.754421
0.644428
-0.838362
0.296780
0.752313
-0.776424
0.795861
1.205693
-0.966264
-0.933542
-0.167966
0.274095
-1.584793
-0.759816
0.066375
0.488594
1.433461
0.122338
1.275185
-0.559483
0.453513
1.408135
-0.411010
-0.468978
0.142286
-0.077868
0.639589
-0.547428
-0.187820
-0.576613
-1.873233
-0.121213
-0.061286
-0.152799
1.802735
1.427588
0.452679
-0.021617
0.762280
-0.154055
0.422823
-1.246734
-0.567484
1.269567
-0.830848
-1.934611
-0.575452
0.258244
1.057826
-0.426926
-0.418731
-0.597410
0.750982
1.037241
1.217091
-0.072308
-0.945408
-0.253569
-0.056609
-0.157799
0.756865
1.441414
0.408773
-1.504832
0.496856
1.299391
-0.923298
-0.479294
0.659889
1.923865
0.045812
1.759499
-0.237749
1.257801
0.090328
-1.475745
-0.774751
0.150054
0.528176
-1.505337
1.370264
-1.534229
-1.857601
-1.555140
-0.858906
2.240588
1.420041
-0.227915
1.584287
-0.520669
0.531790
0.803664
-1.558145
0.554117
0.307472
1.356611
-0.699637
-0.208824
-0.249613
-1.282943
1.911160
-0.055152
2.091988
-0.678155
0.192381
-1.112820
0.357402
-0.197861
0.696942
0.903292
0.158946
-0.435059
-0.351241
-0.051946
0.990443
1.298478
0.628442
-1.150353
-1.122037
0.383174
1.077853
0.384392
0.437472
0.780992
-0.023087
0.914561
-0.525510
-0.801404
-0.515397
-0.804619
0.927886
0.612211
-1.895655
-0.931854
-0.447570
-1.408906
0.504437
1.046645
-0.488221
1.631520
-0.693505
3.468383
0.675646
0.436381
-0.025261
0.778655
-1.318207
0.575108
2.305833
1.353300
-1.396794
-0.364113
-1.020927
0.212671
0.452514
0.253721
0.148485
-0.837781
-0.313093
-2.077392
0.834854
0.406610
-1.712146
0.468631
0.946071
1.706953
-0.623394
-0.856979
0.030317
-0.575697
0.150044
-0.225450
0.523479
0.750063
-1.213217
0.251002
0.257008
1.035788
-0.643394
1.498234
-0.907717
1.471610
-1.784215
1.144743
-0.626638
-2.269351
0.318233
-1.061392
0.644269
-0.500096
-2.045259
1.431038
1.810005
-0.670133
1.548231
-0.513709
0.508189
-1.340630
1.368269
1.273782
-0.386506
-0.478069
0.777958
-1.747689
-1.100882
0.026315
1.881598
0.332318
0.267467
-1.308800
2.111804
0.267567
-0.492204
1.772058
-0.711004
0.158915
-0.488131
-1.578379
-0.092554
0.598697
-2.129537
1.746113
-0.978581
0.395560
0.676484
-0.993457
0.725382
2.691799
-0.545594
0.404315
0.341134
-0.385516
1.674367
0.561667
1.506796
0.278732
0.877978
-1.853588
-1.311910
-1.451475
-0.368982
-0.606824
-2.326542
-0.232456
1.000208
-0.616085
0.017031
-0.236337
1.965332
-0.259974
-1.277305
0.433977
-0.692863
-1.005358
-0.189603
0.688645
-1.917224
0.492703
0.529641
0.283028
2.358525
0.101541
0.189871
-0.379303
0.226475
-0.114749
-1.271825
0.532284
-0.150937
-1.079665
0.221157
-1.634958
0.728961
-0.092489
1.265467
-0.770413
0.374096
-0.615827
-0.673594
-0.728139
-0.119334
0.777618
0.442368
1.374182
-0.407491
-0.195774
0.490890
-0.796777
-1.556436
0.608064
1.160070
-0.398456
-0.173015
2.043301
0.924402
1.090739
-0.156956
-0.965101
-1.516418
-0.004601
1.851149
2.063035
-1.858354
1.292292
-1.078164
0.317660
-1.409662
-0.656323
-0.111763
0.629759
1.215420
0.288838
0.795674
0.351054
-1.107554
2.021489
0.991620
0.564703
0.599362
0.523104
-0.811659
0.656992
-1.831534
-0.688549
0.335119
-0.001394
0.826731
-1.979966
-0.682802
0.796890
-0.280851
0.051261
0.174344
-0.711648
-1.978714
0.562886
-0.611427
-0.401119
-0.239601
1.016946
-0.809130
-1.135333
0.013357
1.020259
0.222667
1.140981
-1.581073
-0.368464
-0.155484
-2.310056
1.054266
1.626968
-1.703847
-1.287934
1.040368
2.240129
0.170307
-0.517962
1.084595
0.445576
0.216707
-0.483976
0.915193
-0.511167
-1.038738
0.805575
-0.507674
0.032821
-1.580191
-0.439836
-1.131513
0.254464
-0.662392
-1.147145
0.264268
-0.131163
0.148977
0.897548
-0.227807
0.110652
-0.454591
0.090282
-0.392391
-0.797612
-0.012683
-0.352342
-0.104096
-0.225429
-0.494447
0.593462
1.122607
-2.117722
0.634740
0.177431
0.194261
-0.019557
-0.103861
-1.288092
-1.835438
-1.015296
-1.409782
1.768610
0.636856
-0.135880
0.722875
-0.918483
0.202624
-1.690230
-0.751577
-1.460359
0.143869
-2.337692
0.802846
-1.704010
0.860902
1.747854
-1.385326
-1.247795
-0.538999
0.778046
1.235813
-0.933385
-0.434875
-1.205311
0.242636
1.039797
-1.231627
0.695984
-1.754422
-0.646422
-0.485654
-0.373123
-2.005134
0.253375
-1.309040
0.850084
0.551344
1.528186
0.999727
0.782048
-0.456557
-1.112608
0.538291
-1.164699
0.316431
-2.393849
-1.004448
0.464035
-1.215551
0.176437
-0.817289
-1.273976
-1.360096
0.862607
-0.991667
-1.262430
0.987448
-0.214573
-0.508277
-1.645840
-0.370258
-0.976853
0.290441
1.325553
1.210021
0.122766
0.259593
-0.467906
0.427412
-1.315490
0.123657
-0.985479
0.544026
-0.540219
-1.103948
-0.990711
-1.306064
-0.565266
0.977622
0.247339
0.849959
0.705719
-1.308038
1.018784
-0.022741
0.608821
-0.643368
0.654490
0.920455
-2.713709
0.732553
0.075234
0.836684
0.927909
-1.159682
0.356836
-0.219685
-0.272707
0.592837
-0.177185
-0.288304
1.107921
-1.076992
0.475388
0.345010
-0.352381
1.488956
-0.271028
0.239625
0.658643
1.048238
0.338000
-0.473966
1.651372
-0.829618
-1.306745
-0.611783
-1.729550
-0.945175
-0.688783
0.463211
0.082100
-1.130927
-0.160362
-0.595031
0.392376
-1.525260
0.421094
-1.516414
-1.239322
-1.781456
-0.289725
-2.194986
2.812010
-0.825709
0.193760
1.068122
-0.810237
1.171398
0.331656
-1.256446
-1.210255
-1.811091
-0.311863
-0.699472
-1.554754
2.207088
-0.516288
1.377861
-0.789868
0.229960
0.148773
-0.802265
0.562566
-0.830877
-1.221890
0.771949
1.679321
0.641072
0.555235
-0.686686
-2.368597
-0.592868
-1.276099
-2.539001
1.258754
0.489501
0.103839
0.511009
0.338168
0.754881
0.127610
0.686924
1.232577
-0.686866
-0.838786
-0.890191
-0.829987
0.657052
-0.849710
-1.919629
0.107420
0.990968
1.081313
1.295748
0.751295
0.602141
-1.148862
0.635262
0.019876
0.932207
-1.403273
-0.597289
-1.157217
-0.139125
-0.002611
-1.207814
-0.607510
-0.155966
1.292120
-0.628511
-0.572341
-0.044093
2.264047
1.101786
0.178507
-0.458522
-1.487843
-0.461660
2.784296
-0.856213
-0.834805
0.512563
-1.684842
1.698442
0.429785
0.665954
-1.036409
-0.832409
0.221699
0.505235
-0.488704
-0.116003
0.726307
1.220411
0.179083
1.065864
0.297775
-0.587667
-0.776243
-0.515883
0.256577
0.880949
0.843138
-0.402709
-0.178264
-0.158794
1.333843
-1.460624
-2.037867
-0.147334
1.128579
-0.422015
1.286640
-0.226206
-0.629956
-0.783725
0.785702
-0.287492
-0.714458
-1.569319
0.470276
1.346542
1.092262
0.329234
-0.339743
-1.170713
-0.834571
0.105359
-0.955110
-0.015842
-0.673352
0.578031
0.703123
-0.039328
-0.938391
0.380597
0.719618
0.221074
0.571544
0.261520
1.478418
-0.036151
-0.988669
-2.548180
1.366183
-0.347202
-1.621576
-2.004281
0.220134
-0.171750
0.636940
1.392006
1.821095
-0.617234
0.144836
-0.483406
1.141440
1.842352
1.458464
2.506597
-0.469546
-0.260209
-0.562628
1.950441
0.452634
0.493063
0.636822
-0.711578
0.914337
1.067401
-1.470533
-0.161088
0.081874
0.149877
1.649119
0.007264
0.720376
1.176277
0.263845
1.999123
1.017711
0.328614
-1.270666
-0.144682
1.764174
0.892714
0.489642
-0.994213
0.983481
0.188280
0.799706
-0.626944
-0.783947
-0.738955
0.775141
0.779336
0.509688
0.231401
-1.400136
-1.278388
0.391579
-1.631568
1.253779
-0.725232
0.918624
-0.506603
0.536495
0.384639
-0.760884
-0.987929
1.053700
0.123934
-0.602462
0.772241
0.604417
-0.100313
0.767050
-0.545851
-1.451947
0.277115
0.351870
0.024952
2.605770
-0.913711
0.521859
0.015390
2.644486
1.316718
0.332767
0.659393
0.239011
-1.489558
0.634013
-1.639054
-1.267550
1.043305
1.251918
0.326365
-0.172663
0.551903
-0.114316
0.216220
0.934170
0.303362
-0.546393
0.875367
1.383385
0.829172
-1.221820
0.590657
-0.790515
-1.752411
0.366399
2.160927
0.867111
-0.582641
0.180418
0.693561
-0.631217
-0.254569
0.137475
-1.449191
-0.088308
-0.010530
-1.231890
-0.828985
-0.360208
-0.870340
-0.726235
-0.662094
0.647190
0.093665
-1.335685
-1.916296
-0.131008
0.892704
-1.878982
-0.694115
-0.880106
-2.417908
-0.351031
1.025041
-2.025316
-0.217165
-0.694396
0.461476
-0.294058
1.099389
-0.467640
-1.050822
1.728711
-0.668315
-0.129881
2.132439
0.966626
0.844311
-0.601378
0.727689
1.030268
-1.272430
0.975100
-0.117099
-0.257393
0.035647
-0.529875
-0.904707
-0.109784
0.807634
-0.303503
0.736420
-0.153274
-1.551712
1.344868
0.906945
-1.153520
-1.183669
0.053191
-0.978772
-0.847715
1.539529
0.136603
1.139631
2.347434
-0.082805
0.558776
-0.170146
0.256388
0.457657
-0.593661
-0.066643
-1.249553
-1.775922
-1.050360
1.424767
0.391446
0.076122
0.284249
0.603894
1.293158
-0.268815
0.683909
-0.086359
0.152190
-2.159154
0.344773
-0.414314
0.315618
0.154496
1.302570
-0.063632
0.649762
0.539765
-0.251772
-0.996845
0.242754
-1.670713
0.425667
0.420153
1.664411
-0.163727
-1.009627
-0.750140
0.388936
-0.328012
0.068356
-0.229354
0.005970
-1.283477
-1.471981
1.035213
-0.149098
0.253356
-1.174913
0.502872
-0.266637
0.767829
0.539001
0.114379
0.036945
-2.110096
-0.103584
0.173477
-0.520626
-1.538858
0.294422
-0.554260
0.396093
-0.566092
-0.578143
-0.466456
0.080415
0.439044
-0.061603
0.700307
0.647836
-0.212527
0.934188
-0.978410
0.418021
-0.691435
0.791961
-1.154548
-0.002916
0.816456
-2.145059
-0.714128
-0.127337
0.906317
0.729286
-1.444530
-0.521178
0.708751
1.813120
-1.204149
1.494072
-1.309056
1.716758
-1.758361
0.310865
-1.571116
-0.690142
-1.015898
0.440173
1.699204
1.718650
0.568317
0.723129
0.074092
-0.342245
-0.496707
0.705474
1.321148
0.272439
0.640879
-0.962157
-0.315329
-1.374921
0.679149
-0.794077
-1.009526
-1.392470
-0.202645
0.067753
-0.150898
0.541418
0.714434
-0.670593
-1.329859
-1.341283
-0.563446
-0.291666
0.772944
1.514247
-0.027805
-0.501846
0.617708
0.042450
0.276590
0.640355
-0.502541
0.592353
0.647862
-1.544439
-1.257975
1.280926
0.635384
0.413174
0.315874
1.180116
-0.456417
0.409152
-1.479898
1.272940
-0.800475
-0.443214
0.368684
0.750743
0.942691
1.649274
-1.545505
-1.234023
-0.900997
-1.273540
-0.061548
1.864099
-0.349314
0.217389
-2.437473
-0.038373
-0.251039
-0.713956
0.890927
1.336674
-0.083041
2.513040
0.098081
-0.848641
0.499863
-0.409462
0.545860
-0.486216
-2.045500
1.039320
0.116849
-1.716588
-1.107088
0.251838
-1.244869
0.558983
1.777067
-1.595933
1.540743
-0.589731
-1.814247
0.169820
-0.129510
0.527755
0.244613
-0.323508
1.256186
0.755040
0.151388
-0.421484
0.814836
1.430173
0.130090
0.460389
-0.869939
-0.023731
-1.123836
0.137734
0.244179
-1.729085
-0.497240
1.300398
-0.568002
0.594568
0.744251
-0.256902
-0.985052
0.236336
0.335424
-2.016871
0.654172
0.100954
0.079748
1.622050
1.127886
1.564340
1.732649
0.097239
-0.068254
0.545728
-1.905353
1.763530
-1.551502
-1.220381
-0.180135
-2.693478
0.171535
0.602949
0.057304
2.357343
-0.208334
-0.451653
-0.241708
0.466324
-0.632639
0.120878
0.214939
1.343926
1.275150
-0.450532
-0.575639
1.406344
-1.487802
-0.503813
0.984024
-1.084432
-0.278417
0.441551
-0.116285
0.175782
0.741143
-0.366882
-0.720574
-0.502402
0.206226
0.724178
1.590278
0.093277
-0.689047
-1.999014
-0.426222
-1.173817
1.130053
0.418162
-2.313104
0.592281
-0.300138
1.709783
-1.159567
-2.129333
-0.330719
1.260239
-0.710982
1.760782
-0.652812
1.646747
-0.948259
-0.834723
-0.654057
-0.311582
-1.614119
-1.073109
0.042673
-1.099895
1.048972
1.408038
-0.387113
0.285262
1.354060
0.500031
-0.019373
1.162950
1.770707
-0.777370
0.816116
-0.607430
1.934850
-0.731809
0.964668
0.491235
0.500528
-0.188681
0.646870
-0.611584
-1.402055
-0.252465
0.000845
-0.385246
0.259191
-0.268270
-1.572309
0.332045
3.200688
0.615554
0.802346
0.119081
0.117933
-0.013322
-0.146298
0.055872
0.006014
0.752771
0.232441
0.591500
-1.021144
0.146819
0.994773
-0.115347
-2.203884
-0.366456
0.830055
0.754067
-1.210709
0.266170
1.350596
1.939522
-0.192334
-0.579893
1.108814
-0.572739
0.601881
1.745751
-0.753962
0.339261
-1.816286
0.470398
-1.636039
0.518032
0.307241
-0.372163
1.784198
1.778129
0.725607
-0.546926
-1.114916
-1.201036
-0.093401
-0.495930
-0.215795
-2.634875
-0.741719
-0.504184
-1.921182
-0.479374
-1.313812
-0.630305
-0.864864
-1.527109
1.207739
1.353761
-1.029862
0.251677
-1.185785
-1.275902
-0.132389
0.007752
-1.159443
0.173464
-0.842056
-0.112687
-0.460671
-1.169454
2.266441
0.439352
0.867008
-0.636341
1.012811
0.535299
1.298055
-0.336617
0.744673
0.070616
0.532917
1.577788
-0.791286
-2.427379
-0.099952
0.440131
-0.212377
-0.811922
-1.148560
-0.417700
-0.189819
-1.569152
0.712388
-0.403335
0.199260
-1.010796
-0.748718
-0.347473
0.549024
-1.311727
0.452999
1.264988
-1.328295
2.269482
-1.972603
-0.141747
2.048911
0.684805
-1.186414
0.009534
0.551351
0.496723
-0.502221
0.763609
0.749349
0.988743
1.053460
-0.520847
1.593073
1.194630
-1.194095
-0.694113
-0.275341
0.341847
-0.399267
0.014436
-0.159450
-0.456388
1.402794
0.241144
0.007248
-0.876535
0.456142
-0.098024
-1.008591
-1.353327
-0.858114
0.806197
-1.063947
-0.105818
0.427617
-0.823960
1.808985
-1.579864
-0.030221
-0.319396
0.527800
-1.465861
0.593924
-0.869626
0.368357
0.451052
0.596856
-1.145657
-0.063094
-0.072509
-0.652187
1.940710
-1.999700
-0.473343
-0.682198
-2.006791
-0.196909
0.011781
0.863402
0.549043
0.503626
0.877719
-0.500996
-0.247685
0.769200
-0.438958
0.762618
-0.994699
-0.900220
-0.235820
0.555894
-0.583558
0.042484
0.547675
0.449791
2.006204
0.563049
-0.430235
-0.392755
0.612782
-0.354942
-0.046591
0.797240
-0.029200
-0.187307
-0.266618
-0.590891
0.449061
0.465536
1.377045
0.374420
2.063945
-0.503509
2.264052
0.820039
0.376225
0.134986
-0.748595
-0.691968
-1.508145
-0.855077
-0.334678
-0.270439
0.744849
0.636825
1.190940
-0.365242
0.026670
0.185702
-2.128902
-0.061201
-0.164711
1.598289
0.378389
-0.887969
0.159683
0.970209
-0.432277
0.762299
-0.991260
-0.020608
-1.867586
1.329732
-0.285565
0.405463
-0.680920
-0.513387
-1.893071
-0.078174
-0.459127
1.438307
0.953732
-0.909866
-0.560617
-1.129060
1.025396
-1.352345
0.339537
0.709647
-0.467481
-1.645124
0.810752
1.717385
-0.055369
0.388935
-1.208681
-0.017603
1.272781
-2.361851
-0.091102
-0.609927
1.435119
-0.291694
0.254627
1.469957
-0.034793
1.354315
0.058269
0.711990
1.304165
-0.268204
-0.387165
1.233336
-1.175862
-1.574311
0.200838
1.655850
1.395410
0.243199
0.687351
-1.539845
-2.101226
-0.887424
1.086864
-0.893312
-2.381761
-0.232205
0.574491
1.186405
2.098115
-1.014297
-0.272576
1.140563
-0.318811
-1.689583
-0.909842
-0.999240
0.297074
0.473921
-0.394626
0.965748
0.171432
-0.472579
0.079321
-1.210954
-0.971499
-1.490310
0.548117
-1.327422
0.103366
0.324093
-0.092764
-0.785968
-0.410066
0.134984
-0.612303
-0.482189
-0.011364
-0.630541
-0.644753
0.958811
2.085742
1.636192
-0.080931
0.417556
0.557648
1.154795
-0.908818
-1.332197
-0.699367
0.838434
-0.005672
0.096315
-2.040642
-0.569934
0.210923
0.175864
-0.113278
-0.138864
-0.567463
-1.092774
0.466484
1.345366
0.964298
0.173539
-0.606611
-1.837289
0.098978
-1.059574
-1.748451
1.384375
0.008355
0.331114
-0.233020
-0.434194
-0.396923
-0.779181
1.158687
-0.787074
-1.321530
0.529790
-0.504259
-1.601398
0.643410
-1.110689
1.032331
0.025323
-0.532612
-0.709150
1.114608
0.324611
0.432812
0.106151
0.996801
-1.570002
0.911132
-0.188016
0.072019
-0.172267
-1.295640
0.162323
0.953338
0.845343
1.024702
0.831416
0.216915
-1.160557
0.620265
0.792287
-1.144360
-0.155547
0.205493
-0.069688
1.567250
-0.639252
0.600461
0.280882
0.969763
1.399405
-0.936986
-1.059849
0.691563
0.025730
0.567330
-1.962238
-0.767571
0.362548
0.799494
-0.052070
0.068819
0.739027
0.261067
-1.596538
0.345830
-0.752131
-1.320895
0.513363
0.676924
0.841478
1.787087
0.501680
0.627989
-0.025917
0.085854
-0.114946
-0.991875
1.396669
0.531920
0.087251
1.223802
-0.645744
0.614881
-0.294385
-0.767635
-1.995796
0.000621
-0.428298
-0.366914
-0.233499
-0.181305
2.384374
0.027481
-0.280171
0.014951
-0.264916
0.202225
-0.384732
-1.157615
1.647868
0.582075
-0.207912
-0.140458
0.975067
-0.665680
-1.051551
-0.518140
-0.072351
0.924694
1.055852
-0.261791
0.010008
1.438454
-1.520634
0.769610
-0.783030
-0.665817
0.858733
0.030236
0.732527
0.676376
-0.967004
0.543667
-0.092897
0.272855
0.747651
0.818285
0.040150
0.070361
0.710075
-1.180941
0.152568
-1.436059
-0.936290
0.651286
2.555982
-0.489834
-0.557048
0.308224
-0.126801
-0.169027
1.107903
0.557771
1.207929
0.305759
1.470460
-1.529901
-0.437247
-0.183879
0.410333
-0.007993
-1.435091
3.005063
1.944025
-0.530848
0.767006
-0.169531
-0.493740
-1.006536
-0.333591
0.216457
2.056750
1.038592
-0.917286
0.136068
-1.475830
0.210917
-0.628393
0.461943
1.239609
-1.290110
-0.478795
-0.048212
-1.373735
0.358762
-0.197057
-1.188455
-0.384751
-0.405925
-0.841372
-0.234631
-0.525042
-0.879771
-2.243669
-0.120445
-0.904745
0.162337
-0.124933
-0.460459
-0.180615
-1.581845
0.756408
-0.352673
-0.501127
-0.488870
0.232824
-0.819005
-0.874432
-1.667730
1.365644
1.382945
-0.132978
0.639631
-1.652489
0.863674
-0.669485
0.865166
-0.983492
0.988320
-1.261665
0.213683
-1.494803
-0.557662
-2.119906
-2.605125
0.802151
0.209231
0.864793
-1.063472
-1.771660
0.174933
-1.304792
0.858536
-0.065351
0.811453
-0.802609
-0.234846
-0.197225
-0.173129
-0.976312
-0.442578
0.187605
0.239018
0.549556
-0.443048
0.519114
0.331321
-0.273269
-0.130533
-0.355230
-1.242354
-0.415469
-0.519201
-1.014688
0.087263
1.013283
0.735514
-0.862658
-0.903584
-0.165910
-0.430446
0.871001
0.209345
1.757798
-1.449587
0.338951
0.327770
-1.383329
-1.030979
0.593803
0.338113
-0.750635
0.586496
0.681860
0.919077
-0.994307
0.756022
-0.282308
0.461969
-1.056944
-1.689672
2.296842
0.186304
-0.467112
-1.716468
-0.064042
-0.971379
0.903022
-1.031879
0.702277
-2.593739
0.934756
-0.040711
-0.084295
2.185706
0.812292
-0.159775
-1.279712
-2.532101
-0.983684
-0.368138
1.467129
-2.606385
0.141319
1.127291
-0.314334
0.297028
-0.999501
0.384042
-0.854113
0.126294
0.887445
3.321601
-0.043477
-0.240240
-1.733496
-1.192254
0.039563
0.312332
1.515683
0.170940
0.408337
-0.202305
1.552254
-0.480234
1.696850
1.445608
0.222205
-1.363517
0.452397
-0.148686
-1.381306
0.292616
-1.481507
0.046000
0.068552
0.865752
-0.492621
0.361634
0.238429
-0.506254
0.979316
-0.310691
1.410846
1.462052
0.249085
1.367878
-0.698125
1.004215
0.997912
0.401363
-0.529471
-0.960478
0.761677
1.086791
2.445117
0.500977
0.594106
2.156823
-0.286433
-0.720348
0.220196
0.021194
0.249956
-0.591370
0.420777
0.514933
-2.267492
-1.317095
0.080648
1.644172
-1.681193
-0.795092
-0.591467
-0.473813
1.394412
-1.195577
-1.424974
0.643571
-1.545151
-0.010147
2.208717
-0.980081
-1.477638
0.778277
-0.778930
-0.010203
-0.088091
-0.484073
0.751457
0.054994
-2.443011
2.191408
-1.061817
1.404032
-0.289052
-1.875419
-0.490782
-0.063028
-0.758232
-1.130348
-0.783278
-0.516041
0.070046
0.662216
1.192404
1.441431
0.606517
-0.413544
-0.138670
-1.027281
0.486603
0.153076
-0.302627
0.284678
0.042442
0.540100
-0.711537
1.583114
-0.267564
-0.021374
-0.004347
-1.564258
0.968021
-1.340878
0.148886
0.298593
-0.577547
-0.795116
-0.400719
-0.516297
0.473303
0.299575
0.825670
1.227200
-0.065909
0.478567
-1.127032
-0.599322
-1.586748
0.187835
-1.297323
2.139274
-0.523701
0.406190
0.132133
0.181909
0.316620
0.183049
1.156686
-0.936030
-0.166901
-0.519764
0.751749
0.068973
-0.316405
0.228399
-0.472041
0.338571
0.473173
0.482142
-0.788482
0.373173
-0.775900
0.750219
1.017975
-0.213260
-0.625682
0.656364
-2.035125
-1.686603
0.768108
-1.053837
0.096732
-1.343260
-0.251690
1.445433
0.153724
0.785268
0.198649
-0.229596
0.337744
0.998112
0.703348
0.817902
2.885470
0.144983
1.565372
-0.883021
0.244781
-1.665731
-1.041851
-0.091471
-2.258873
0.260721
-0.690456
-0.276692
0.419877
0.665048
1.236223
0.231839
-1.766438
0.220308
-0.643987
1.394393
-0.221222
0.539652
-0.932677
-1.148389
-0.555946
-2.160524
-1.523766
-0.851211
1.454848
1.471071
-0.025590
-0.039287
0.806666
0.260584
-0.071709
-0.492114
-0.708897
1.310684
-0.742718
0.595065
0.410273
-0.745037
1.244849
0.881905
1.292941
0.754378
1.501247
0.501236
1.602574
-0.124489
-0.743729
0.762566
1.568448
-0.871555
1.565545
-0.401109
0.305470
1.025359
-0.670900
0.333665
-0.780853
0.203259
0.462989
0.830513
1.379215
1.066606
-0.538675
1.838434
1.648923
-0.540812
1.149113
0.387226
0.737818
0.529219
0.156673
-0.863998
-0.454322
-1.117245
-0.137362
0.049339
-0.624213
-0.074720
-0.041870
0.128617
-0.273208
-1.278032
0.063550
-0.464181
-0.204634
-1.770461
-0.629227
-1.595476
-0.612556
1.355312
-0.621466
0.324461
-0.139227
-1.789332
-1.633794
1.250548
-0.381786
1.020355
-1.770796
1.579494
0.936032
0.623910
-0.574290
0.351919
1.614628
0.447789
-0.314298
0.478179
0.660680
-0.033522
-0.542736
-2.532858
2.141520
-1.895135
-0.297332
1.105022
1.279461
-1.470312
-0.499714
-1.134040
0.518885
1.546187
0.683230
-1.018153
-1.828047
0.057066
0.268629
-1.234716
0.606608
0.853001
0.356842
-0.354540
0.335795
-1.122192
0.161401
-1.275111
0.151324
0.605223
-0.064573
0.350722
-0.374401
-2.775897
-1.128708
-0.011615
1.398003
-0.017637
-0.179118
-0.494856
-0.434840
0.960396
-0.980131
-0.662200
-0.026543
1.693649
-0.089006
-0.106377
-0.645677
-0.621048
-2.462951
0.530025
-1.127465
0.120263
0.753950
-1.669416
0.843222
-0.634623
0.551118
-1.684703
-0.389775
-0.179922
-0.350300
0.797481
0.718707
0.519177
-0.115963
0.915721
-2.112830
0.501019
-0.407221
-1.276582
1.987699
1.344386
0.234978
0.662045
1.339397
-1.202873
-1.101880
-0.277926
-0.565111
0.455747
0.429416
0.352999
0.726452
1.400277
-1.000908
0.096532
0.921906
0.341072
-0.742695
-1.009152
1.418183
1.562049
0.485283
0.456975
-1.520564
0.860696
-0.015970
-0.195247
-1.796644
1.219638
-0.256811
0.149361
0.147164
-0.133493
-0.095151
0.802754
1.846195
0.552706
1.399218
-0.427796
1.214235
0.089008
1.172489
0.842120
-2.053130
-0.381523
-1.245677
-0.263142
0.349851
3.301367
-0.339561
0.984445
0.779513
-0.380102
0.474250
-0.551527
0.334717
0.460498
0.832403
-0.046197
-0.193542
-1.083482
-0.509407
1.431307
1.101655
-0.213885
0.468695
1.363029
-0.510011
-0.155634
0.342975
-0.323850
-1.042641
0.144560
0.104943
-0.222216
0.442410
-0.125424
0.535857
1.550805
0.676339
0.640798
0.186535
-1.262447
-0.491945
1.083958
0.867506
0.216037
1.463956
1.139474
-0.710756
0.031030
0.445105
1.264645
0.696184
0.395250
0.869875
-0.857080
0.244475
-0.338038
-0.306320
-0.650651
1.012606
-1.248666
-0.453116
1.386550
0.840034
0.888710
0.133188
-0.494950
0.290931
1.371108
-4.446632
-0.346107
-0.421450
-0.319111
1.432111
0.508285
-0.488785
-0.284261
-0.416738
-0.515335
0.121600
-0.990987
0.291275
-0.030949
0.068667
0.311637
-0.944647
-1.431814
-2.307059
0.193450
0.064283
1.617326
-1.400107
0.993069
0.498616
-2.169175
0.327276
-0.529031
0.302961
0.710625
-0.562822
0.353244
-1.217186
1.022449
0.065336
1.494228
-0.978406
0.960271
-0.266506
0.468221
-0.642061
-0.789630
-0.270978
0.879808
-0.244207
0.108794
-0.300229
-0.527726
0.414011
-0.296426
1.454504
0.412869
-0.897182
1.067499
0.134627
-1.000229
-1.537467
-3.432215
-2.108169
1.678195
0.043008
-0.231844
0.412645
1.426406
-0.548317
1.182563
0.012841
0.336787
-1.414369
0.101954
-1.784307
0.295974
0.672620
-0.426615
0.106734
0.273897
-1.553415
-0.884687
0.438119
0.815808
-0.065258
-1.320668
0.663508
2.638048
-0.618799
-1.013675
1.858414
0.653311
-0.425944
-0.177401
1.440208
-0.189896
-1.120527
-0.548540
0.169887
0.068716
0.031111
0.308891
0.378735
0.380939
0.091459
-1.457110
0.945000
-0.744452
-0.755108
0.924836
-0.294799
0.980670
0.676516
-0.496059
0.847511
0.717316
0.783710
0.431761
1.010286
2.103208
0.157605
0.017300
0.707999
0.606181
-0.604753
-0.185984
-0.964887
0.360276
1.532568
0.065143
1.065004
2.546015
-0.673099
0.215357
0.996859
-0.418480
0.391347
0.280139
-0.188784
1.617068
0.382535
-1.991491
0.494185
-0.111539
0.082419
0.239815
0.743940
0.223334
-0.704343
2.840758
0.317182
-0.078091
1.011721
-1.397021
0.270457
1.105396
-0.855201
0.199479
-0.796763
-1.746460
-1.458771
-0.969495
0.434797
0.712399
2.555564
0.216458
0.494995
0.854855
0.533848
1.877345
1.884098
-0.605742
-0.292121
0.376462
-0.862612
0.631260
0.197215
0.895019
2.143253
-0.500962
-0.087021
0.299224
0.127372
-0.563495
0.887797
-2.212830
0.428047
-0.250352
-0.059552
-0.099057
-1.353515
-1.069949
0.960032
0.350653
-0.097218
0.628872
-1.350963
0.111160
0.276290
0.810814
-0.174951
0.618093
0.053781
0.408330
0.793809
1.373534
0.112954
0.708758
0.254358
-0.740648
1.161677
-0.425889
0.505442
-0.407927
-0.897311
1.577340
0.096744
2.541131
1.156132
-0.389484
-1.956323
-0.372097
-0.448573
1.440765
2.297143
-0.107494
-0.170664
0.239359
-1.289730
-0.283826
1.436694
0.502136
-1.312045
1.336271
-0.934920
-0.179588
0.279698
0.327534
-1.568297
-0.158121
-0.431425
0.525722
0.536116
0.963314
0.038595
-0.225033
0.039498
-0.615143
-0.440209
-1.777878
-1.098737
-1.111793
-1.458702
-0.559942
-0.895604
0.501794
-0.327952
0.138940
0.331422
0.903010
-1.150036
-1.914006
-0.454115
1.177417
0.354485
1.151368
-1.073715
-0.292006
-1.402866
1.505704
0.365083
-0.819754
-0.699868
0.380424
0.471298
0.500573
0.203549
0.971662
0.543240
1.357389
-1.009663
1.620811
-0.527724
0.837222
1.899011
0.055553
-0.741468
-1.011916
-0.186654
0.821996
0.262634
-0.051739
1.096767
0.463196
-2.276358
-0.900576
0.450293
1.267555
1.402903
0.041019
0.461350
0.882664
-1.818629
-0.717862
-0.120756
1.476770
-0.075582
0.768887
0.481045
0.694674
-1.590460
-0.769212
-1.483065
-2.581256
-0.956798
-1.482037
-0.647453
-0.492096
0.666706
-0.043464
-0.499042
1.099260
0.752529
-1.603222
0.558120
1.307629
-1.627192
-0.988485
-0.379783
-1.397391
-0.361502
-1.905409
-1.295069
-0.256442
-0.466730
-1.295889
-0.552957
0.050810
-0.528875
-0.705582
1.211360
0.394311
0.238728
-1.237482
0.270182
-0.397871
-1.157240
3.087894
0.801453
1.845768
-0.068909
0.919420
2.261718
0.649862
-0.751500
-1.020288
-0.353764
0.383299
3.360458
1.007174
-1.193582
0.267648
0.309440
1.208690
-1.286665
0.716808
0.236244
-0.576528
0.753961
1.216251
0.297072
-1.259070
-1.130516
0.608864
0.428576
0.879043
1.029760
-0.015026
0.567252
1.994373
-0.290420
2.287908
-0.668308
-0.901427
1.119856
-0.390866
-0.711910
-0.167226
-1.877171
1.483515
1.556669
-0.545695
-0.399289
-1.857618
-0.059133
1.190511
-0.753316
1.364743
1.491093
-0.870715
-1.202870
0.194731
1.438864
-0.799488
-0.121998
1.315612
0.446556
-2.803854
-1.632949
0.493039
1.188969
0.955227
-0.806074
-1.227124
1.581615
1.071808
0.084505
1.031789
0.343245
0.455160
0.291611
-1.206078
-1.140466
0.132512
-1.153087
1.443682
1.302833
0.477463
-2.225489
-0.425297
-0.389787
0.337508
0.836679
-1.518318
-0.394239
0.341815
-0.989971
1.733794
-0.635632
-1.457297
1.107036
-0.380422
1.217598
0.131828
0.322757
-0.319305
1.120656
-0.978236
2.547019
-0.027271
1.342444
1.365632
0.193037
0.463276
-1.617882
0.536473
-0.517999
0.828957
-2.282842
-0.720809
0.507027
0.018652
0.030815
-0.597355
-0.351320
-0.277990
3.237083
0.010559
-1.075704
0.985046
-0.040029
-0.254174
0.244733
-0.111094
1.379564
-0.229981
1.000622
0.527223
0.890515
2.087295
0.653269
-0.376317
0.678188
0.365684
0.930674
0.241698
-0.365494
1.857537
0.132782
1.413832
-0.737487
-0.621270
-1.103525
-1.785920
-0.323676
0.279750
-1.712662
0.374980
-0.363827
-0.233179
0.490047
-0.161871
-1.450708
0.406318
-0.104031
0.796603
-0.330891
2.054011
-0.818667
0.095138
0.316119
0.323707
-0.297073
0.083307
1.516730
0.532877
0.302848
-1.420656
-0.432974
1.364789
-0.019824
1.120447
-2.434800
0.636617
-0.356446
0.613998
0.090543
-0.048764
-0.703576
0.349113
-1.684841
0.235728
1.171736
-0.848142
-0.219503
0.318689
0.274107
0.372911
0.271540
-0.445843
-0.377428
0.660975
-1.043502
-1.168308
0.223195
-0.102706
0.533380
-0.421475
-0.869678
-0.551563
-0.072968
-0.358861
-0.790269
0.290445
1.583788
-1.076333
0.037666
-1.511804
0.006935
-0.356429
0.603711
0.096480
1.536244
0.299514
1.221441
0.788365
-0.087997
0.611703
-0.302099
-1.824512
-0.272469
-0.116436
-0.526377
0.205574
-1.635130
-0.172123
0.494218
-0.647808
-0.782008
1.253404
-0.946930
2.070693
0.653315
0.577458
-1.933970
0.760652
1.794478
-1.083286
0.707848
-1.540954
-1.542727
-0.669237
1.022958
1.419360
-0.913354
0.484007
-0.975350
0.218650
0.153584
-1.328875
0.316578
-0.804347
-0.773786
-0.022523
-2.130699
-0.000797
-0.146300
0.375845
-0.548276
-0.290439
-0.220337
-0.136074
0.930847
0.571941
-0.830780
1.678003
-1.189701
-1.136352
0.544343
0.611683
0.974666
-0.381738
1.890053
-0.743546
2.499776
0.257201
-0.171078
1.515195
0.425811
0.793465
0.623124
-0.484098
-0.920160
-0.483296
1.136226
-0.703958
0.811066
0.619986
-1.217344
0.743310
-1.230797
0.816378
1.289874
-0.944012
0.712898
0.383416
-0.244808
-0.420897
1.077645
-0.917708
-1.380924
-0.054927
0.432433
0.890062
-0.103563
0.662513
-1.151888
0.283641
1.282194
-0.273980
0.401058
-0.320727
1.726152
0.540006
0.170871
0.684128
0.583833
-1.147507
0.961725
-0.527244
-0.306176
-0.280244
-1.269515
-1.642210
0.305872
-0.012870
-2.629376
-0.357837
-0.400309
0.907484
0.934599
0.967906
0.301886
0.036184
0.097376
-1.607649
-1.404207
-0.711855
0.556102
-0.036492
-1.517285
2.400753
-0.168173
-0.913753
-1.435523
0.752447
2.187426
0.505054
-0.408190
-0.286987
-0.781439
-0.918263
2.379146
-1.182438
0.035767
-1.005491
0.282004
-0.267121
-0.164247
1.411736
-0.246040
-0.791036
0.970933
1.212265
0.373636
0.954674
-0.518989
0.834515
0.186523
0.926769
-0.793645
-0.193173
-1.218176
-1.154940
-0.310799
0.382846
-2.146200
0.649030
2.166761
0.519760
-1.084423
-0.555166
0.594152
0.835511
0.023804
-0.145664
-1.753496
1.021372
-2.044333
-0.879483
-0.876954
-0.226227
2.251670
1.289347
-1.149810
-1.923332
0.479596
-1.047687
-0.160370
-1.386999
-0.446605
-0.167010
-1.258711
-0.667148
-0.193871
1.385711
0.326510
0.310794
2.009331
0.831140
-0.363344
0.920254
1.698205
1.078543
-1.199840
1.043709
0.912931
-0.103676
0.908272
-0.109755
-1.100481
-1.003909
-0.562574
-0.701846
1.080119
0.225029
0.652040
-0.241412
-1.309599
-0.207698
0.126216
-0.579964
0.119213
-1.173238
0.910418
-1.109317
1.372659
0.592597
-0.535966
0.787959
-0.517798
-0.135954
0.872433
1.226710
-0.272662
-1.273747
0.315325
-0.368390
-0.350219
-0.269586
-0.383424
-0.748413
-1.896532
0.471806
0.837208
-1.810672
-2.510029
1.022843
-0.257128
0.456137
0.101475
-1.993961
1.527036
2.733603
0.524163
0.070630
1.536483
0.456382
-0.247623
0.948258
0.418407
0.465256
-0.418559
-1.792458
-0.081629
0.123104
-2.101373
0.307575
0.970342
-1.141963
-0.239104
0.180759
1.352565
-2.138971
-1.820051
1.422115
-0.852593
-0.179755
-0.843111
-0.990142
1.751879
-0.602892
1.287282
-0.219160
0.996325
-1.085306
0.581415
-0.241553
-0.294910
-0.138690
0.909687
-0.229796
-0.512237
0.625726
-0.592289
-0.736915
-0.061139
-0.497147
0.432102
0.977877
0.120829
0.249489
0.067397
-0.176741
0.987143
0.281150
1.902813
-0.242745
-0.911743
-1.327828
0.023258
-1.663408
0.569723
-0.788811
0.205704
0.342916
-0.755901
0.919071
1.534184
1.063159
-0.708948
1.854091
0.682429
-0.877648
-0.980262
2.394037
1.652768
2.018161
0.066968
2.736475
-1.012997
0.271662
-0.108997
-0.057259
-1.058931
-0.326528
0.330046
-0.000480
0.818116
0.428214
-2.503947
0.120481
0.807893
0.602121
-0.865190
-0.153320
-0.240491
-0.060763
0.532866
0.764401
-0.856083
-1.682340
0.653069
0.930255
0.405183
0.204002
-0.822766
-1.276874
-0.226437
-1.016053
-0.657295
0.293991
0.620053
0.779634
0.454984
-1.303436
-0.564450
-0.697132
1.037840
1.560154
-1.460206
-1.939676
0.526586
1.660339
-0.363809
-0.031045
-0.363622
1.241802
-1.668672
0.613210
0.043469
0.116548
-0.578605
-1.264679
-0.117487
-0.485187
1.023067
0.148355
-0.029421
0.875833
0.134808
0.084064
0.893116
-0.138436
-0.251529
0.549027
1.655570
-1.327274
-0.132527
-2.075485
0.602788
0.486127
2.044970
-0.689476
0.378991
0.389483
1.212181
0.113656
-1.037880
1.506769
-0.476775
1.291635
1.296173
1.114432
0.177362
-0.287542
1.456852
0.850191
-0.383083
-0.621304
2.209029
1.079203
1.126828
0.146446
-1.044239
0.311288
0.952729
-0.136901
0.157980
0.946847
1.161904
0.111713
-1.254798
0.004194
-1.887081
1.810925
1.246762
-1.170619
-0.819855
-1.038851
-0.379516
0.247186
0.097838
-0.368767
1.428104
-1.266826
-0.731475
-0.236195
-0.064046
1.585006
0.568410
-1.011285
-1.160760
1.638669
0.001016
0.659961
-0.504088
1.760792
-0.298715
-0.069968
-0.239070
0.048087
-0.056154
-1.401226
-0.407469
1.045637
-2.211587
0.100363
-1.171820
1.994359
-0.740448
-1.847233
-0.366372
1.678179
-0.364435
0.231604
-0.634989
-1.059176
-0.366593
-1.337091
1.305459
0.054997
-1.156588
-0.187826
-1.715326
-0.280831
0.360237
-0.721254
0.520391
0.619309
0.059716
1.341990
1.761018
-0.429369
0.710504
-0.229922
-1.195459
1.543360
0.237914
0.767214
-2.109814
0.641558
-1.430450
-0.503268
-0.180863
-0.969862
0.928621
1.224571
-0.853241
0.388020
-1.297574
-0.735663
0.196977
1.283310
-0.210674
-0.153026
-0.198924
0.656100
0.167549
0.415015
-0.294001
-0.409378
-0.821615
-0.476931
0.904061
1.213826
0.865219
-1.129211
1.070162
-0.142513
-0.872467
-1.613062
0.075192
0.428190
0.133124
-2.141073
-0.906330
-0.364383
-1.441194
-0.898313
0.418838
-0.624627
1.013714
-0.045971
-1.215311
-0.881085
0.907424
-2.555990
2.157626
-0.459029
-0.993031
1.866960
-0.417352
0.973512
-0.519416
1.831125
-0.214307
-0.326701
-0.713926
-2.038101
-0.506305
0.671928
1.225520
-1.025262
0.291345
-0.591770
0.748819
1.672461
0.839595
1.717948
-1.645869
-1.723505
1.678187
0.627985
-1.230058
0.206369
1.743367
0.234653
0.760714
-0.338561
-0.210298
0.005959
1.426077
0.014216
-0.440662
0.270497
-1.074742
-1.342650
-0.171688
-1.244483
-0.897445
-0.027304
1.348519
-0.278966
1.025170
0.118088
-0.377881
-0.214126
0.407840
0.317370
0.369639
-3.551855
-0.024972
1.021542
0.611657
-0.873561
1.915804
1.075816
1.040755
-0.126280
-0.161518
-1.102534
0.716965
1.911442
-0.717518
-0.283861
0.181530
0.050998
0.160100
1.320602
-2.007475
1.140512
1.077467
-0.301017
-0.015869
0.294912
-0.915549
0.051130
-0.918369
0.405950
-0.984779
-0.306364
0.276856
0.679915
0.137438
-1.776817
1.045894
-1.500395
0.285958
0.445678
2.711547
0.031634
0.023758
1.385942
-0.210057
0.525648
-0.092575
-1.456647
1.607409
-0.412212
-0.800098
-0.482900
0.712488
2.129916
-0.025969
-0.267477
-0.526099
-0.154421
0.861958
0.143276
1.195475
-0.407153
-1.133442
-0.182794
-0.117273
0.142907
-0.625626
-1.153264
-0.703498
0.568068
0.288871
0.175638
0.580396
-0.512932
0.014980
0.911648
-0.107509
2.323629
-1.182121
1.336072
0.578175
0.287719
0.458877
-0.131671
0.005047
0.531181
-0.738685
1.650370
0.886282
1.268941
1.495055
0.070452
0.910913
0.094648
-1.049787
0.786720
0.219139
0.815025
0.063058
0.100440
1.496200
0.381897
-0.321692
1.623245
0.463274
0.347974
0.285476
0.090538
0.007885
1.141821
-0.206410
0.146406
-0.162024
-1.118568
0.055103
0.095595
0.191498
-0.244503
1.077391
0.777185
-2.002695
-1.387937
1.816814
-1.344142
-0.190930
-0.253758
-0.433357
-0.504372
-1.193423
0.888356
1.379674
-0.805836
0.630287
-1.456295
-0.241309
-1.123901
-0.843428
-0.611119
-0.321422
1.790665
-0.295386
-1.099609
-0.028001
1.519591
0.438577
-0.071561
-1.221567
-1.155103
-0.512603
0.507983
-1.598787
0.640708
1.226408
-0.552129
0.538315
0.956527
-1.150250
0.459705
0.326049
-2.555453
0.053916
0.996149
-2.389446
-0.304166
-0.268373
-0.890570
-0.094473
0.560573
0.743099
-0.617021
1.461877
-0.489670
-1.677500
0.927667
-0.335029
-0.287844
0.249976
-0.833680
1.069571
-0.875976
0.880491
-0.441379
-1.447711
0.320712
-0.666012
-0.003980
0.259605
-1.398853
0.021727
-0.316582
1.410460
-0.858966
0.382304
0.511733
0.579904
-0.796521
-1.079414
-0.546070
-1.439923
0.937341
-0.624907
-0.732661
1.735285
-0.703902
-0.861921
0.277546
1.829788
-1.350464
0.167897
1.658823
-1.472671
0.241300
-0.088394
0.855367
-1.160211
-0.067138
0.216491
-1.993181
0.005326
-0.244138
1.742198
0.261629
0.612720
-0.684019
-0.392610
0.495839
-0.415751
-1.802043
0.534865
-0.445970
-1.013210
1.618399
1.891231
1.436479
0.495119
0.303035
0.603858
0.647557
-0.203551
0.478203
0.842140
1.672096
-0.856564
-0.499565
-0.078819
2.619100
0.017277
0.803030
1.920968
0.604269
-1.622970
-1.539810
1.215905
-0.049138
0.670158
-2.078605
0.239687
-0.166345
0.487375
1.663549
-0.718811
-2.395913
1.732721
-0.534961
-0.072897
-0.294860
-1.477422
0.483444
0.368141
0.982364
0.564063
-0.050546
0.303616
0.976078
-0.205296
0.060390
-0.022774
0.456083
-0.747937
0.438645
1.576774
1.262683
0.565216
1.527590
0.014609
-0.830567
-0.049298
-0.425279
1.236265
0.087487
0.422644
0.072381
-0.092562
-0.552154
-0.536471
-0.507056
0.112197
-1.129822
-0.737163
0.893267
-0.663758
0.455799
-0.639700
-0.304334
-1.198502
-0.506919
0.581872
0.971309
-0.597775
0.014625
-2.491740
-2.094375
1.247396
-1.971291
-1.377327
0.180746
1.275487
-0.648504
2.546619
-1.341219
0.196153
1.736450
0.138421
-0.216430
1.434021
-1.167488
2.280502
0.727186
-1.640587
-1.761376
1.247811
-0.706645
0.456222
1.010623
0.628921
-0.254512
0.807557
0.993347
-0.709102
2.479305
-0.105845
1.462613
-1.151252
2.282000
0.198091
-2.039197
0.462344
-0.452815
-0.303477
0.625305
-0.996069
0.184876
0.199230
1.396992
-2.187981
-3.525890
-0.350013
0.160814
0.591102
0.697945
-0.409410
0.106280
1.536810
-1.219126
-0.140800
-0.372582
-1.042175
-0.106192
-1.822323
0.692259
0.046620
2.024549
1.840419
-0.531630
1.803877
-0.989186
-0.787203
-0.960179
1.557196
-0.005167
1.601185
-0.146529
1.216066
0.436367
0.032132
0.729057
-0.569997
-0.184481
-0.089354
0.452297
1.466954
-0.252224
0.466101
1.443298
-2.743450
0.386755
-2.013230
1.686621
0.750725
1.017256
-0.248786
0.758569
0.575593
1.235246
0.897825
1.296672
-0.657182
1.467181
0.785321
0.375648
0.619471
0.327284
-0.367632
-0.026767
-0.240868
-0.746852
0.624034
2.185248
1.121440
2.000126
-1.573289
-0.018382
-0.808703
0.949762
-1.074444
0.990445
1.473716
0.113314
0.372780
-0.501884
0.683303
0.320148
0.242831
-0.803718
0.228263
-0.657426
1.878672
-0.727950
0.523662
0.372124
0.768016
0.729008
-1.644849
-1.355503
-0.952025
0.725828
-0.249543
-0.334372
-0.103586
-1.560409
-0.053336
1.226635
-1.978019
-1.283507
1.097724
-0.080985
-0.125445
1.224023
0.816268
1.172884
-0.485714
2.065247
-1.062018
0.498794
0.187528
-0.160524
0.297699
-1.725387
-1.282196
-0.545479
-0.671119
0.487204
1.301241
-0.057494
1.085235
0.216413
-0.863821
0.002919
-0.399743
0.870836
1.049493
1.212219
1.080879
0.088909
0.365973
0.626675
-0.721155
-0.094762
2.594183
-0.647251
-0.089266
-1.168803
-0.775564
-0.188856
0.461349
-0.113350
-1.057937
-0.366136
-0.934421
1.410555
0.366205
-0.180011
-0.828714
-0.458859
-0.534866
0.192764
-0.168809
-1.098566
1.720867
-0.994917
0.007164
0.218110
-0.529325
-1.247712
-0.422275
-0.810287
1.572310
0.787231
-1.723317
0.580705
0.106361
-0.533896
-2.165334
0.457539
-0.557569
-0.817263
-0.340621
0.060342
-1.512003
1.176985
-0.243134
-0.886073
0.200274
0.062490
-2.278789
-1.724287
-0.366018
-1.578830
-0.927995
-1.826578
-0.897549
0.283833
1.920935
-0.157612
-0.531769
-1.625989
0.015331
-0.911095
-0.165383
-0.430672
-0.605572
-0.802613
1.309020
-1.215656
-0.051932
-0.671365
-0.735339
1.413122
1.117044
-1.188147
0.234998
-0.223877
0.246102
0.112064
0.233689
-0.524328
-2.143704
-0.243162
-1.246499
0.467502
-0.752761
0.562420
1.336587
0.728945
1.795850
0.292806
0.721656
0.939480
-0.609290
0.512319
1.670727
1.753689
1.212588
0.894386
-0.888076
-1.362515
-0.212126
-0.609638
-0.169298
0.163578
-0.141632
0.352289
-1.025327
0.098097
-0.196670
0.752539
0.087527
-0.465635
-0.484660
1.048033
-2.151710
0.413148
0.235099
0.866629
-0.086259
-1.361575
0.352358
0.685332
-0.313603
0.188019
0.409985
0.568089
0.568917
1.620489
-0.159512
-0.106679
-1.154011
0.611067
-0.714704
-1.725861
0.798281
-0.726700
0.167536
-0.834601
1.248159
-0.911332
-1.516104
-0.156048
-0.339231
-0.159353
-0.182800
-0.544207
1.397621
1.042294
-0.243096
2.946475
-1.071084
-1.291387
0.463349
1.032021
-0.194365
0.405543
0.817564
-0.649760
1.245159
0.300473
1.167551
-0.633343
-0.996518
1.096335
1.391173
-0.213526
0.002902
0.053142
0.303395
0.517305
-0.010270
-0.094686
0.293845
1.313515
0.486373
-0.898927
-0.719456
-0.159025
0.484316
-1.102726
0.084913
0.568829
0.267977
0.481184
-0.713451
0.200895
-0.833553
-0.720151
0.524279
0.011017
0.442719
0.473689
-0.538205
1.652693
-0.294249
-0.490397
1.273927
1.180556
-0.197570
0.483706
-2.374460
0.289709
0.608498
-1.620430
1.314267
0.634443
-0.419002
-0.488867
0.607235
0.950892
-0.640011
1.498076
-2.187226
-0.925345
-1.696045
1.554030
1.107631
0.410277
0.357172
0.024448
1.143271
1.637822
0.103891
1.190735
-0.700840
-0.406416
1.139982
0.848244
-0.827862
1.216592
-0.184219
0.538360
0.013646
-1.623398
-0.379112
-0.851107
-1.286625
-1.805916
1.100260
-0.693154
-0.209076
0.006791
-1.023184
-1.470014
1.542940
0.530586
0.729975
0.453519
0.168130
1.602415
-0.985667
-1.672812
1.180448
1.781403
0.031338
0.124561
1.534096
0.148756
-1.317504
0.572274
-0.855824
1.044649
-0.977402
1.401458
-1.287686
1.965309
-0.257462
0.874141
0.192353
0.477113
0.521973
1.056825
0.127502
0.353483
-0.479107
0.052659
0.832313
0.739078
1.319785
0.320636
-0.850849
0.107950
0.051079
0.823349
-0.277250
-1.096426
-1.061813
0.015784
-0.936556
-0.732669
0.107777
-0.207336
-2.317249
1.356075
1.510383
-0.195847
1.051210
-0.039441
0.385815
-0.003238
0.914322
0.942187
1.606400
0.465437
-0.254005
1.497910
0.690963
0.441164
-1.013115
-0.173386
-1.708696
-0.325966
-2.002475
-0.670692
0.666821
-1.915596
-0.314488
-1.245692
-1.279625
-2.209095
0.739661
0.029659
0.943391
2.123127
-1.086442
-0.603045
0.343830
-0.660866
-1.086261
1.388723
-0.798865
1.307540
0.955213
0.343202
-0.298461
-0.128897
0.739964
0.023190
0.645048
-1.301318
-1.302449
-1.099594
-0.246688
-0.377600
0.492325
0.169440
0.910456
0.666550
-0.516837
-0.376204
-0.912921
-0.278879
-0.460090
-0.882448
0.536190
0.611319
1.345403
-0.827541
0.488204
0.820542
0.879840
-0.647797
2.407496
0.578855
-0.043736
-0.757902
0.968043
0.504046
1.163608
1.877174
0.620042
1.592017
-1.849736
-0.843611
0.314997
-0.459317
0.847372
0.047869
0.440491
0.338085
-1.129999
-0.123311
-0.906692
0.430119
-0.346637
-1.056504
0.299336
-2.222428
-1.113617
-0.531756
-1.958693
1.287609
0.553380
0.882156
1.184018
-0.199657
-1.728652
-1.849194
0.517869
1.798873
-0.252306
-0.497033
-1.427805
0.339958
0.702340
-0.799817
0.730179
0.536242
0.857773
-0.981748
-0.975557
0.329926
1.498084
0.795543
0.818540
0.057009
-0.145244
-0.459852
-0.480359
-0.682116
0.463291
-0.042379
1.814210
1.390189
-1.069789
-0.028997
-0.640565
0.075313
-0.527031
0.185912
-0.166329
0.504816
-1.732221
1.641309
-0.712073
-0.491650
0.810719
0.992620
-0.105265
-0.088060
0.668735
-1.480102
-0.713755
-0.379379
-0.160392
0.706891
1.217011
-0.410221
0.478564
0.350093
0.432550
-0.681687
0.258850
-2.380322
0.077448
-0.522678
-0.348630
0.130764
-0.430803
1.032317
0.730887
-1.050927
-0.370580
-1.452641
0.758259
-0.111243
0.212334
-0.170340
0.568496
1.287930
0.495577
0.976222
0.596917
1.029409
-0.401611
1.435422
-0.452533
0.924418
-1.811349
-1.854475
0.671658
-0.163755
-1.091294
1.038489
-2.032526
0.675037
0.185931
1.435554
0.927258
0.348179
-1.776500
0.646103
0.334357
-1.193206
-0.711410
-1.110719
0.231460
-0.323681
-0.208077
-1.448494
0.472650
1.270589
0.046209
-0.819604
-0.439849
-0.581399
0.010905
-0.357902
-0.399837
1.354859
-1.929321
-0.631903
-0.777830
-2.056928
-0.749925
0.956272
0.752651
0.365962
-2.222116
-0.500519
0.029395
0.045108
0.287823
1.107797
-2.532017
-2.605219
0.542876
-0.332643
-0.297739
-0.388625
0.383718
-3.084451
-0.032657
1.984073
-0.099093
-2.081303
0.936451
-1.501822
-0.712735
-0.418425
-1.608518
-0.571271
0.317066
1.370235
0.247463
1.673294
0.301945
-0.510619
-1.629669
0.082709
-0.241468
0.011721
-0.397709
-0.855137
0.599195
0.416205
1.583042
-0.134419
-0.808035
0.827017
-0.217751
0.721308
2.754277
-1.903779
-1.176585
0.957495
-2.237058
-0.164119
-1.506886
-0.501981
0.247628
-1.352235
1.598107
-0.001624
0.072711
-1.478547
-0.853219
1.395128
-1.066418
0.444237
-0.406623
0.265338
1.057648
-0.209313
0.096496
0.118790
-0.123564
0.121267
-0.606346
-1.797635
-0.294455
0.541499
0.575602
-0.468581
-0.746262
-0.346468
0.223028
0.985460
0.076795
-0.487453
-0.121952
0.832749
-0.171608
-0.394517
-1.179195
-0.445268
1.362903
-1.106645
0.357335
0.632384
-0.307105
1.641185
0.864310
-0.224521
1.429706
1.367163
0.228813
-2.094827
0.912200
0.116022
-0.025726
0.250984
-0.160010
-0.603473
-0.138499
-0.083932
-0.694582
1.942609
0.045255
0.326672
1.257555
1.109321
0.857360
-1.238995
-2.088339
2.122745
1.151644
0.267534
-0.336923
-0.475561
-1.189430
-0.287391
-0.147780
-0.186524
0.961430
0.112214
-0.150740
-0.749600
-0.866316
1.810410
0.177160
-0.749079
0.036650
2.098386
-1.029065
-0.582690
1.165800
1.250661
-0.182290
0.026476
-1.329476
0.185762
0.186010
0.681269
-0.076535
-0.555130
0.218333
1.038256
-0.752495
-1.226721
-0.515492
-0.995759
-0.830296
1.127306
-0.793148
0.029078
-1.875426
0.661120
0.753764
1.450411
0.432852
-0.141324
-0.372868
0.629579
-0.282626
0.101749
0.100489
-0.759940
1.158639
-0.412435
-0.964190
0.997034
0.646008
-0.483236
-0.684165
-0.030308
0.556679
1.256055
1.271951
-0.026316
0.007046
-0.802413
0.108861
-1.888932
1.707567
0.476368
0.892363
-0.158188
0.329515
-0.600524
-0.776877
-0.444604
2.027108
1.356652
0.089462
-2.534163
2.379233
-0.250589
-1.366425
-0.564439
-2.193117
1.176945
1.036163
1.806585
1.385307
0.831039
-0.671880
0.083944
0.593279
-0.327797
0.422719
-0.997430
0.125147
-0.400187
0.286627
-1.725312
0.478276
0.780648
-0.570799
0.493873
2.136381
-0.638684
-2.194829
1.226284
-0.051055
-1.074462
0.545138
-1.977869
0.924305
-0.236308
-0.846277
-0.433965
1.521875
-0.249630
-1.201570
0.434872
-0.770245
-0.361601
-0.966824
-0.777512
1.658491
1.215791
-0.058209
0.487409
-0.435154
-1.298113
0.419623
-1.150405
-1.371426
-1.153724
0.211385
0.994830
-0.058987
-0.210539
-0.126468
-1.022353
-0.109514
0.303742
-0.230395
-0.356431
-0.291876
0.324261
1.433303
1.852912
0.213795
1.947864
0.660977
0.210758
-0.089057
-1.063990
1.560060
-1.103876
-1.255010
0.108394
0.540685
-0.252113
0.497677
-1.516512
0.762685
0.216773
0.666396
0.420107
-0.543395
0.307315
0.751995
-0.540292
0.503241
-0.734254
-0.944499
-0.498289
1.322874
-0.145781
0.506326
0.517256
1.508912
1.880293
-1.134938
0.148652
-0.315937
-0.956101
-0.148389
-0.600231
0.818356
0.924658
-0.270898
-0.134445
-0.397590
0.258816
-0.893087
-1.668651
-0.592010
-0.026179
-1.003927
0.532429
-0.766070
-1.526782
-0.044913
-0.557822
0.441197
2.836153
-1.084710
0.595108
0.651373
0.549056
0.238940
-0.674281
0.280302
-0.578586
-0.454378
-0.644040
-0.917831
0.343390
-0.078137
-0.011066
1.030152
0.292405
0.945048
-0.734280
-0.485353
-0.015237
0.329741
-0.959166
0.653556
0.667278
0.547368
-0.069033
1.726603
-0.683369
-0.077103
1.332683
0.672872
0.858147
-0.799493
1.793166
-0.248868
-0.943548
-1.355013
-0.165763
1.810345
1.642194
-0.530790
0.317765
-0.827454
-1.527411
1.019957
-0.893981
-1.116861
1.353960
0.260895
-1.502546
-0.035046
1.637008
-0.202355
-0.988487
-0.787691
0.303043
-0.854355
-2.075977
0.807474
0.009242
-0.748626
0.930618
1.522873
1.062596
-1.063882
0.900050
0.977325
1.491486
-0.954180
-0.118805
0.052006
-0.723083
0.452013
-0.619182
-0.954514
0.188456
0.306166
0.447660
0.041811
-0.130957
0.418047
1.261364
-0.760938
0.368590
-0.201277
-0.493614
1.159807
0.373702
-0.142175
0.249518
-0.855921
-0.696450
-0.237483
-0.925670
-1.726638
0.269562
-1.407414
0.806803
0.647193
-0.592410
0.111736
0.236600
-1.442948
0.871178
1.517503
-0.276264
-1.296826
-1.229948
0.979091
-0.619790
0.205612
1.188674
0.669747
0.108714
1.266418
0.191082
-0.300595
0.605160
0.133800
2.298704
-0.298913
0.053351
1.433697
0.360271
-1.489776
1.966936
1.747460
0.710077
0.294965
-0.051440
-0.357827
0.358215
-1.347585
0.025527
-0.766146
0.633085
1.433232
0.916950
0.883931
0.751927
-0.124236
-0.369113
-0.827862
0.343469
1.483169
0.836678
1.073925
1.007206
-0.617526
-1.330891
1.112101
-0.816500
0.883569
-0.993897
0.999854
0.461619
-1.137031
0.906268
1.125719
-1.919401
0.276500
0.573755
1.466936
1.426736
1.008111
0.751873
0.937424
0.602219
0.963683
0.610488
1.204420
0.967790
-0.564737
1.010568
-0.312224
0.333499
-1.903357
-0.963043
0.265224
0.519904
-1.154091
0.736115
1.273824
0.188077
-2.297345
0.529151
0.000935
-0.602429
-0.223316
1.533107
-0.988490
1.507809
0.739835
2.388755
-0.312013
0.543350
0.028896
-0.201215
1.056376
0.045553
-0.107401
-0.943582
0.847459
2.115095
-0.521608
0.622348
-0.483599
0.032395
0.133245
-0.611717
1.282187
0.682978
1.795284
1.473537
-0.028143
0.334430
0.049893
-0.725337
-0.188275
0.750015
0.308468
-1.259610
0.499831
-0.298643
0.784673
-0.521520
0.412713
-1.423358
0.359182
0.810086
0.667388
-1.475759
-2.299637
-0.535420
-0.626039
0.060797
-0.920425
-0.379586
-0.024565
0.464281
-0.215716
0.845586
2.209843
-0.403214
1.256520
0.301131
-0.451538
-2.252101
0.297580
-0.660981
1.232483
-0.259974
0.699500
-0.948249
-0.044212
-0.168301
1.777854
1.512866
1.116547
-0.957871
0.586168
0.487695
-0.025809
0.822383
1.023153
1.539515
0.558379
-0.522864
0.882782
0.483541
0.457723
0.512632
-0.741431
-1.814050
-1.354458
0.870886
1.017055
1.001076
-0.682866
-0.098322
0.232948
-0.579943
-0.948156
1.390727
0.641371
0.382364
0.987013
-0.472523
-1.578378
-0.647043
-0.903779
0.099918
-0.616525
-0.556738
0.647924
0.563460
0.455915
-0.701802
0.500760
-0.782679
0.351683
-0.554498
0.968101
-0.653142
-0.049331
-0.398798
-0.076824
1.202856
0.905322
-1.539606
-1.521025
0.009566
0.401545
0.495276
-1.969558
-0.990466
0.004348
-0.383296
1.592404
0.161872
1.123823
-0.345690
0.758953
-0.255807
-0.110307
0.334808
-0.216583
-1.715820
-2.237063
0.722680
0.144610
-0.355173
0.791476
-1.039787
0.370146
1.532863
0.171181
0.090041
-0.153325
0.727075
0.171265
1.243106
0.275921
-1.475194
0.176363
3.636102
-1.524299
-0.027976
-0.960390
1.179972
0.272699
-0.233089
-0.682675
1.047121
1.198917
-0.404661
-0.746548
0.835661
-1.064373
-0.342313
1.355259
0.053786
-1.553442
-0.595598
1.143328
0.226587
-0.205485
1.448807
-0.942806
0.249646
-0.533321
0.919728
0.016732
-0.530898
-0.398152
0.196816
1.256524
-0.150002
1.751863
-0.571098
-0.760756
-0.564013
-2.101529
0.233906
0.356062
-0.213381
1.646466
0.878268
0.695135
-0.893028
-0.517359
-1.070047
-0.614704
-2.553479
0.459421
-2.925190
-0.684409
-0.101065
-0.962416
-1.014086
-0.075739
1.158382
-0.538471
-0.948049
0.969412
-1.366911
-1.270783
0.759588
0.919409
-0.981719
-0.792359
-0.951568
0.190345
-0.658961
0.284407
-0.086646
1.472068
-0.115615
-3.179393
1.543122
-0.626742
-0.540817
-1.407375
0.002037
-0.960514
0.065356
-0.007250
-0.204801
-0.875851
0.679490
-0.528017
-0.296449
-0.680548
0.779515
1.911047
-1.380924
-0.048998
1.400770
0.408393
0.226077
-0.649741
-1.093328
-0.231129
1.137881
-0.799030
-0.780502
2.159407
0.087259
-0.306791
-0.586870
0.465199
0.027781
0.359569
-1.783352
-0.923519
-0.130512
1.242121
0.760219
1.395379
0.304973
-0.555757
-1.060088
-1.543437
-0.484867
0.676230
0.397579
1.439572
0.681167
-1.507886
-0.262733
0.436165
-0.000891
1.018712
-1.037516
-1.604766
-0.084741
-1.348681
-1.899077
-0.734928
-0.106533
0.666566
0.521454
-0.006157
0.965938
0.752476
-0.089181
0.127322
0.826870
-0.117657
-0.709236
0.295249
-0.229956
-1.042500
1.298819
0.542624
0.473979
0.806030
1.584857
-0.015491
-1.959675
0.060866
-0.822412
0.205733
-0.334518
-0.719954
-1.014865
1.257009
1.733223
2.706840
0.533525
-2.014566
1.385042
-0.859233
0.660054
-0.421859
-0.010709
-0.645769
0.956027
0.579009
0.061798
0.322675
1.068554
-1.262059
-0.234726
-0.242155
-1.337987
0.954016
0.537543
-0.185508
-0.815597
1.242881
-1.794546
-0.092146
-1.443461
0.142590
0.028844
-0.748508
-1.003216
0.718897
-0.964350
1.148761
0.704200
1.010477
-1.301882
1.710435
-0.263522
-1.358260
-1.504009
-1.026967
-0.621326
0.183272
-0.386468
0.407119
0.470595
-0.423686
-0.180155
0.752971
0.885882
0.269796
1.411868
2.372206
-0.919163
-0.930787
0.302945
0.990420
1.228952
0.408931
-0.835008
0.541971
-0.553647
0.102806
0.364108
-2.913565
-1.197628
1.726869
1.054811
0.995712
-1.448104
-2.200070
0.474669
-0.301361
2.593190
0.178501
-0.904223
0.722019
0.547975
0.808957
0.282502
1.630181
-0.928930
0.775833
1.787353
-1.725217
-2.602075
0.511544
3.249711
-0.519240
-1.042364
0.032475
0.428770
0.898256
1.334935
0.312146
-0.393733
2.063081
-1.430500
-1.315905
-0.024160
-0.729379
-0.365504
1.402762
0.125635
-0.086658
1.669848
0.614737
2.151433
-0.086007
0.582081
-1.260370
0.036560
0.109414
-1.053410
0.360734
-0.995824
-1.431566
0.779378
0.146109
-0.162815
0.310760
1.368765
0.577260
-0.433676
1.117501
-0.271438
-0.103452
-0.275433
0.906944
-0.028336
-0.180025
-0.165160
-0.586187
-0.460152
-0.060655
1.576381
-1.078489
0.956496
0.945519
0.776361
0.490296
-0.256493
-1.001526
0.360381
-0.738195
0.210444
-0.272609
-1.466676
-2.056776
1.110540
0.374887
-0.881089
-0.060965
-1.193292
0.012957
0.543138
0.657267
-0.638196
0.682717
0.205562
-0.475479
2.684908
0.990879
0.422309
-0.953276
-1.431619
0.428358
-1.368116
-0.095875
0.544173
1.081071
-0.041507
2.569232
-0.322760
0.424110
1.433854
-0.411426
0.001184
0.339694
-0.703270
0.036964
1.996470
-1.019671
0.241031
-0.664550
-1.983274
2.128665
-0.281669
0.620095
-2.529725
0.278305
-2.258963
1.502768
-0.679157
0.794675
0.559428
-0.415471
0.086837
-1.173190
-1.096551
0.466775
0.347955
0.591723
-0.120858
-1.989587
0.076733
0.082779
-1.548844
0.496276
0.696367
-0.611260
-1.957735
0.967458
0.753782
2.456332
-0.025235
-1.513284
1.221768
-0.769098
-0.213051
-1.222317
-0.537120
-1.027468
1.175296
0.058705
-1.237523
0.479914
-0.848843
-0.604339
1.130375
-0.323399
-0.664809
0.953990
-0.343282
-0.545691
1.292809
0.658254
-0.336733
0.122047
-1.553279
-1.719538
-1.034116
0.299900
0.804680
0.496192
-0.668469
-1.500939
1.231835
0.364329
0.455806
-0.746973
-0.106485
-1.126726
0.265116
-0.382741
-0.808659
0.046199
1.412393
0.151585
1.557207
1.324099
-1.537235
-0.264857
-1.586099
0.031979
-0.917547
-0.824666
-0.248366
0.125540
-0.585753
-1.994277
0.018269
-1.760202
0.332373
-1.423542
-0.076975
-0.644842
1.178276
-0.803856
0.582215
-1.435379
0.117013
-0.818936
-1.246654
0.646966
0.974992
1.224403
-0.272072
-0.091558
-0.613944
2.735796
0.632166
-0.446844
0.067068
-0.015265
1.400105
0.816418
0.293073
-0.608112
-0.919217
-0.124578
2.389345
-2.477804
0.597651
-1.428398
0.415434
-0.445466
0.389360
0.204580
0.119716
-0.072699
-0.089205
0.242896
0.628787
-0.873396
0.154817
-0.800209
-1.394604
0.599043
-1.173597
2.549478
-0.759074
0.194067
-0.443179
-1.415647
-1.946894
0.345109
0.595886
1.135748
0.825878
-0.566075
1.990212
1.380163
-1.783421
0.864132
-2.390297
0.616476
-1.054500
0.636540
-0.678247
0.556319
0.736384
-1.889156
0.021490
-0.782430
-0.206098
0.376346
1.470741
0.403995
0.674286
-0.602861
1.271998
-0.739079
-2.422455
-1.212343
2.322217
-0.460501
3.135261
0.279431
-0.549328
1.051281
0.101330
0.302784
0.721809
0.295922
0.612018
-2.346808
-1.166334
-0.814755
-0.459199
1.338953
-0.008313
0.062118
1.239893
-1.159948
0.020106
1.594318
-1.495357
0.083049
0.247007
-1.912057
-0.115358
-0.422701
0.809935
0.072653
0.878970
0.654054
-0.682833
-0.424817
0.394155
-0.665277
0.073667
0.498630
1.277330
-0.227682
-1.704412
-0.962815
2.350388
-0.908541
-0.136974
0.499986
-2.451147
-0.157463
-1.213298
0.705460
-0.824220
0.938436
0.022200
0.584718
1.761703
-0.756137
-0.096934
2.050605
-0.652190
-0.524798
-0.881550
-0.215459
-1.523196
0.117312
0.898391
-1.595184
-1.739361
-0.427138
0.246876
-0.687697
-0.870018
-0.369375
-1.029893
0.402492
-0.477500
-0.814204
1.489405
0.684815
-0.668264
0.515645
-0.083624
-0.159583
-0.928427
1.634711
-0.539964
1.017334
0.262304
-0.437376
1.297216
0.974919
0.970647
0.644620
0.816633
1.108492
-0.115110
-0.097065
-1.690446
1.322522
-0.774645
-2.221202
1.136102
-1.334668
0.475760
-0.967702
-0.463063
0.069519
1.338939
-0.138337
-1.331938
0.640509
1.234029
-0.686916
-0.475813
-1.947124
-1.288662
1.208420
-0.531059
-1.322754
-0.777170
-0.036850
0.415881
0.381403
1.084401
3.412069
1.734534
-0.097625
-0.275774
-0.835835
0.135559
0.731864
-0.364465
0.320948
0.278602
0.793156
-0.551199
-0.436415
-1.234558
0.353190
-0.125849
1.972627
1.506961
1.074499
0.751236
0.572692
0.045981
0.624936
1.714358
0.904816
-0.195485
0.015887
-0.464332
-1.168314
-2.227623
0.813371
-0.547731
1.128767
0.426820
-0.434483
0.596429
-0.570777
0.104248
-0.239238
-0.393424
2.303613
-0.950483
-0.646994
-1.054124
0.033727
-0.781061
0.968975
1.903130
0.252520
0.183859
-0.239561
-0.523796
-1.153293
0.463888
0.485104
2.106137
-1.588351
0.677347
0.909926
0.467573
-0.575195
0.876338
0.744262
0.040634
-2.268952
0.708838
0.208594
-1.646050
-1.218449
-0.815414
-0.280640
0.238389
0.778002
0.727007
-1.355752
1.270817
-0.139276
-0.387707
-1.417497
0.340041
-0.882917
-1.942299
1.410521
0.419824
0.324573
0.003240
-0.410381
-0.161251
-0.389388
0.592481
0.076846
0.259156
-0.761480
-0.481851
0.387616
-1.807243
0.644831
-0.499102
0.299092
0.761139
0.268012
1.999440
0.364075
-0.259434
-1.113111
-0.821971
1.189108
-0.193904
-1.717380
0.202209
-0.582920
0.535566
-1.494635
0.986586
-0.871675
-0.937783
0.389274
0.667519
2.036308
0.921561
-2.099187
-1.016559
2.015919
0.424609
-1.364969
0.817754
0.140761
-0.799292
-0.267290
0.764191
-0.337581
0.243076
-0.213023
-0.474094
1.665995
1.568881
0.184138
0.463953
-0.542490
1.474971
-1.360729
-0.611771
-1.286472
0.717301
-0.820672
-0.816609
-1.120014
-0.156941
0.470375
-0.706517
0.427597
-0.347512
-0.717743
1.233117
0.129831
-0.911009
-0.116056
-0.100703
0.147349
-0.026552
-0.113430
-0.633534
1.036723
1.201927
0.290376
0.887181
-1.321103
-1.263735
-0.347882
2.631258
-0.077927
-0.003341
-0.676209
-0.243979
0.817782
1.460425
-1.567981
-0.133983
-0.163164
1.574751
0.108499
1.403857
-1.633752
0.017758
1.016795
-1.694978
0.075723
1.441906
0.255605
-0.659360
-0.254902
-0.943992
-1.863603
0.308030
0.432879
-0.793339
-0.239259
0.445581
-1.109152
0.683308
-0.115392
-1.429977
-2.430655
-0.458900
-0.976703
-1.152560
-1.111421
-0.622727
-0.394030
-1.187097
0.354076
0.821309
0.512379
-0.009768
0.752797
0.472848
1.285658
-1.518253
0.734698
-0.184711
-0.721688
1.329175
1.126357
-0.748404
-0.263685
0.021736
-0.937577
-0.724743
-0.041502
0.049262
-0.745936
1.122090
-0.515439
-0.477692
1.580484
0.804021
2.245211
1.733500
-2.403369
-0.290752
1.062051
0.976789
0.263233
0.523760
-0.535739
0.486803
-2.427021
1.257014
0.201071
0.623508
0.707153
-1.217604
-0.515253
0.398133
0.255649
-0.579707
-0.626717
-0.968471
0.210442
-0.812451
0.786747
0.502656
-0.058195
1.621361
-0.082839
1.932835
1.795428
0.244167
0.476368
-2.632097
-0.060942
0.413841
-2.822408
0.854412
0.340650
-1.321624
-0.116628
0.061501
-0.922773
-0.777631
0.626143
0.644679
-0.285253
0.486689
-1.720794
0.303225
-0.748604
0.243806
-0.267118
-0.389934
0.080039
1.177189
-2.897783
0.541776
0.584268
0.501583
-0.494073
-1.426869
1.768962
1.739275
-0.384979
-0.964625
-0.168104
0.182271
0.629495
-0.460735
-0.421763
0.449138
-1.976283
-0.823612
-0.610461
-0.367530
-0.745499
2.407329
1.106338
2.410846
0.290427
-0.031927
-0.189804
-1.160492
1.104306
-0.422297
0.130106
0.395921
-0.161754
1.032211
-1.745087
0.248128
0.501009
-1.089625
1.291828
0.125415
-0.943821
0.519762
0.813700
-0.537630
0.246735
-0.697245
0.903688
-1.701250
0.149018
1.651454
-0.300293
0.628212
-0.078980
-0.564931
1.136269
-0.140971
0.743359
-0.466173
1.011149
-0.131472
-0.279472
-0.557956
-3.080736
0.662827
-0.490814
0.289948
-0.095670
0.437255
-1.043801
-0.141468
0.044339
-0.056022
-0.455935
-1.924941
-2.057337
-0.033419
0.093060
1.354182
-0.013221
0.104431
0.273170
-1.066728
-1.360618
-0.378454
1.490564
1.342960
-0.780928
-0.312458
0.160304
0.716337
-0.527833
-0.861766
0.070731
0.507826
0.534347
2.792052
1.108043
0.627233
-0.274132
0.571982
0.755027
0.894315
0.122918
-0.676511
1.525411
2.393682
0.823693
-0.165898
-0.557054
0.144730
-0.011849
0.237148
0.260753
-0.337318
0.033455
0.422486
2.357930
-0.240879
-1.975266
-1.036427
3.831790
-0.920090
-0.667935
-1.679394
1.185076
0.006238
0.928457
-0.154603
-0.806558
-0.387387
0.642431
0.206820
0.153774
-2.068375
-1.779431
-0.907834
0.327672
0.031751
-0.916272
-0.938250
0.859188
0.020597
0.316099
0.479110
2.358598
1.226649
0.067502
-0.070623
0.133250
-1.212507
0.936545
0.113787
0.212118
0.918720
-0.921060
-1.361819
-0.818631
0.253167
1.006976
0.843344
1.197917
-0.555335
1.077284
0.324397
1.400969
-0.721214
0.216498
0.163542
-0.487866
0.201663
0.670486
0.134365
0.938794
0.049483
-0.103876
1.420670
0.158216
-1.677283
2.013385
0.140625
-0.435904
1.995918
0.024286
-0.982689
-0.849707
0.973826
-0.912420
1.531076
1.190790
0.881875
-0.251227
-0.400144
-1.614205
0.716172
0.109967
-0.768764
0.146086
-1.259378
-1.157745
-0.873950
-0.198232
-0.407387
-1.302117
-0.113603
-1.590705
-1.142878
0.121346
0.309203
0.033403
-2.420062
3.323803
1.187928
1.943012
0.299274
1.670913
-0.327390
1.490144
-0.615870
0.919471
-1.754052
0.483814
1.283025
0.527584
0.892509
-0.440721
-0.009869
1.541052
0.278723
0.629820
-1.269697
-0.169057
-1.352992
0.425055
1.945033
0.991428
-1.638253
-0.450130
-0.047464
-1.669771
1.314562
-0.817011
-0.811179
-1.078422
-0.345654
0.499974
-0.464871
-0.733368
0.084868
-1.608121
0.017365
-0.010356
0.846824
-1.141270
0.366152
-0.445025
0.829094
1.196800
0.547561
0.086186
0.560183
-1.521152
-0.537012
-0.596400
-0.521373
1.005636
0.315373
-0.899200
-0.539674
0.958155
-0.575784
-1.051354
1.161123
1.863463
0.447746
-0.244975
1.577000
-0.231521
-0.370300
0.005643
-0.499462
0.029556
-0.004179
0.829299
-0.006942
0.495438
-0.724794
1.168214
0.074544
0.094177
-0.717608
0.828013
-1.658219
0.643042
0.136793
0.704942
0.057138
1.163123
0.629670
-0.064729
-1.279678
-0.589513
0.861082
0.374376
-0.807195
1.306120
-0.880334
-0.007912
-0.563374
0.391203
-0.181624
-0.159517
-0.832197
0.296452
0.922982
1.470154
0.673643
0.553253
-0.110747
1.729356
-0.515367
-0.676388
0.234146
-0.505390
-0.148551
1.203922
0.433022
1.667299
0.379858
0.599424
-0.369531
0.609042
-1.885712
1.035747
-0.640961
0.508186
0.833629
0.246423
0.189229
-1.577383
0.763565
1.671047
-0.372357
-0.093511
0.400466
1.651631
-0.023915
1.346019
-0.055611
0.701478
-1.140999
-1.984941
0.786319
0.104058
-0.511315
-0.614799
-0.133439
-0.857788
-1.689669
0.030336
1.034930
-1.388768
1.446511
1.446220
0.969553
-0.979608
1.059924
-0.381790
0.572580
-1.080874
0.699368
0.058471
-0.515252
-0.377369
-0.923154
-0.060725
2.455516
-2.207791
1.505128
-1.226041
-0.232956
-1.236690
-0.322963
-1.419548
-0.183159
1.790626
0.229554
0.217963
0.347158
0.231394
-0.060921
-0.107851
0.466504
1.124399
0.917500
0.209379
1.639005
-1.319579
-0.168035
-0.517340
0.629605
1.092930
-1.506679
1.268254
-0.366999
-0.062851
-0.358850
-0.830213
0.254240
-0.354189
0.850721
-0.619618
-1.100755
0.501445
-0.860666
0.449864
0.219186
-1.452584
-0.157332
-0.367040
1.194984
1.278100
-0.376945
-0.899896
-0.133046
-2.111709
-0.394953
1.414347
0.013899
2.045675
-1.774440
-0.009157
-2.683021
-0.283022
0.583465
2.345987
-0.933662
-1.054444
0.997838
0.813674
0.870574
-0.449052
-0.446027
-0.841914
0.258462
0.254622
0.082949
0.197244
-2.263730
-0.329988
-1.928544
1.027024
-1.550711
-0.476791
0.387685
0.980943
-0.649183
0.203145
0.861337
0.927936
0.316607
0.359623
0.055660
2.660468
-0.355970
-0.814057
1.260989
0.700954
1.602348
-1.686620
-0.353956
0.205340
-0.117335
0.086127
-3.489531
-0.496735
-0.014524
0.374437
-0.917537
-1.456816
0.787723
0.696876
-1.166060
1.475198
-0.193835
-0.026474
-1.326299
0.023770
-2.410436
-0.647718
0.505995
0.351081
0.387513
1.218719
-0.240809
0.608896
-0.330934
1.832686
0.236998
-0.328216
-0.227472
-0.207332
-1.083888
-2.184087
-0.466352
2.021840
0.944982
-0.997898
1.366249
1.714919
-0.270151
-0.845149
-1.630480
-0.796071
1.227704
-1.785275
1.248087
-0.398188
-0.736705
-0.413524
0.507909
0.090063
-1.299095
-0.696117
0.378036
0.961968
2.181809
0.423705
0.684016
0.698496
-0.251425
-1.729379
0.366774
1.132526
0.768377
-1.152978
0.432382
2.315183
0.308106
-0.624900
0.504784
0.649802
1.797877
0.389977
-0.499772
-0.157806
-1.967247
-0.317599
-0.085634
-0.918767
0.946295
-0.189029
0.052605
0.767191
0.005213
0.609981
0.550797
-1.335670
1.118513
-1.091344
1.209148
0.739981
0.112514
-2.096369
-0.253610
-1.491630
0.698829
1.050313
-0.703587
-0.464975
0.379437
0.766166
-0.597226
-1.062340
-0.028431
1.301877
-0.942818
-0.225221
-0.381333
-0.950264
0.076762
0.768959
-0.079424
0.242034
1.433652
1.525098
-1.355060
0.542023
0.759508
0.185053
0.925773
0.270201
1.169682
0.810631
-1.083852
0.473439
-0.456570
1.305768
1.448074
-0.527959
0.646740
1.654811
-0.058836
-1.472102
-0.900434
0.096430
-0.649484
-1.251673
-1.543028
1.669943
-0.211913
-0.381762
0.393836
2.391554
-1.078529
1.383302
-0.571235
0.091200
1.001968
0.438290
1.147413
1.169395
0.103188
0.795500
1.340526
0.020904
1.626002
0.394592
-0.383256
0.792446
0.031230
0.710279
-1.763407
-1.394399
-0.776975
-2.257103
-1.199461
1.045049
0.326825
-0.689035
-2.028023
-0.420447
0.453134
0.123952
-1.054972
-0.419031
1.095372
0.201871
0.798792
-0.292942
-0.167654
0.597034
-1.277368
1.223633
0.984043
0.122574
1.196828
-0.341589
-0.640521
0.763862
1.543647
-1.000636
0.113850
-1.074170
-1.541199
-0.775032
-0.982408
1.020951
0.755722
1.052411
0.253561
-0.311297
1.793300
-1.213926
2.094690
-0.009047
0.644756
-0.759444
-0.135495
0.066069
-1.066031
0.818749
-0.358782
0.447189
0.841118
0.569324
-1.481666
-0.768918
-0.778842
-0.921235
0.757609
-1.238931
0.605148
-1.175638
-1.279935
-1.813171
-0.054498
-1.594759
0.193512
-0.374088
-1.188585
-0.079239
1.112565
0.379380
0.584119
0.057175
-0.113686
-0.565291
0.777982
0.432730
-1.082268
1.026332
-0.486573
0.048755
-0.234379
-0.235624
0.025883
-1.549972
0.283984
0.014535
-0.144393
1.149387
-0.626254
-1.719633
-1.713505
0.429523
-1.366278
-0.489591
0.249305
-3.310257
0.420423
-1.091058
-0.975874
-0.143677
-2.198911
0.300167
-1.742320
-0.565236
1.420323
0.345466
-0.848236
-1.001106
0.857154
-0.499251
0.755321
-0.870388
0.745412
1.474313
-0.398353
0.899268
-0.872407
-0.459496
-0.289140
1.646404
-0.580055
0.119238
0.325180
1.571909
0.243369
1.623875
0.916897
-1.712754
0.431031
-0.276628
1.594524
0.706050
-0.256610
1.011060
1.409459
0.908000
2.175114
1.605497
0.961667
2.281095
0.412127
-0.015340
-0.308076
1.436690
-0.403851
0.720200
-0.732743
2.094924
0.039317
2.216691
1.248380
0.471137
-0.401082
0.775351
-0.517215
0.304060
-0.250037
-1.066949
-0.089137
0.005594
-0.977323
1.102319
0.493850
-0.554330
0.090633
0.050525
0.526765
-0.547611
-1.304954
0.857836
-2.029894
-0.167451
-1.067106
-1.412155
-0.970903
-0.315097
1.924446
0.493917
-0.046523
0.419786
-0.455489
-0.888895
-0.482927
-1.981540
-0.106054
-1.477042
0.661126
-0.800078
-0.000851
0.090432
-2.319330
1.273848
0.896035
0.333816
-0.854114
0.317986
-0.294847
2.426257
-0.602760
-0.113751
0.391390
-1.495736
0.463201
-1.506168
-0.040627
1.367288
0.908877
0.028020
-0.375926
-0.526629
-1.678339
0.788578
0.388481
0.550588
-0.212769
1.505733
-0.337518
-0.441847
0.766981
0.464546
-0.473390
0.066662
0.606139
-0.486855
0.404986
-1.658226
1.491232
0.125179
-1.268506
0.358460
-0.006173
0.118253
-0.445993
0.064967
-0.582779
-0.990543
-0.916345
1.773746
-0.441986
1.948077
1.415255
0.988528
-0.795432
-0.666242
-1.179003
-0.274151
-2.067900
0.326630
1.330371
-0.286791
-0.902181
0.271471
-0.584310
1.209768
0.296631
-1.062289
0.633371
0.383387
0.291736
-0.510382
-0.324417
1.257658
0.991312
-0.131710
-0.505964
1.108526
0.152297
1.164540
-1.204789
2.241520
0.100964
-0.118917
-0.325589
-1.508837
-0.176146
-1.295855
0.463200
-1.443184
-0.081523
0.026411
-0.013479
-1.735967
-0.840563
-0.017189
-1.521289
-1.327221
0.329504
-0.315975
-0.440506
-1.277510
-2.066040
-1.395153
-0.387106
-1.963542
0.387840
0.224009
-0.631144
1.114171
0.282970
0.131948
-0.915365
1.435132
-0.681203
0.134775
0.828966
-0.163849
-0.875229
0.674195
-0.848140
-0.418968
-0.823493
0.287650
0.055324
-1.358199
0.172534
1.425760
0.307690
-0.609696
-0.660398
0.265702
-0.337509
1.019319
0.306855
0.304970
-0.800776
-1.454987
-0.738497
-1.347008
-1.831411
0.071907
-0.457102
1.079249
2.285911
0.227908
-0.989182
-0.609965
-0.653140
0.497731
0.826302
1.815797
-2.356174
0.703468
0.321691
-0.227242
-0.802714
-2.780977
-0.725728
-0.227313
0.290531
-0.321531
-1.805594
1.434317
-0.904886
0.190516
0.046897
0.848087
1.708533
0.433276
-0.362867
-0.673529
-1.116335
1.399444
-0.448483
-0.901281
-0.460018
-0.433175
0.153883
2.269032
-0.193778
0.101567
-0.500099
0.109185
0.623467
-0.424672
-0.061395
-0.890145
-1.139734
-0.880892
-1.033208
-1.159953
0.058256
1.445969
0.123812
-1.982760
-1.515869
-0.671033
-1.811844
-1.623798
0.067927
-1.304094
0.301823
1.190734
-0.041518
-3.069100
-1.371987
1.066338
0.481253
0.431010
1.482852
-0.579727
0.458210
-0.620115
0.109650
-0.699426
0.392328
1.586409
-0.922034
-2.638305
0.197230
-1.777582
1.689824
0.570999
-0.544537
-0.204982
-0.445621
0.484339
-1.402112
-1.114845
1.398921
-0.110730
1.997718
0.004823
0.680494
-0.494387
0.005595
-0.817901
0.615118
1.747100
0.562836
-0.613579
0.198299
0.381365
0.157949
-0.732854
-0.075054
-0.182442
1.005415
-0.022829
-0.348720
-1.094051
-0.722253
-0.609198
-0.603649
-0.205060
1.131274
2.068167
1.186444
-0.223689
-0.862561
-0.726357
0.303578
0.064225
0.433704
-0.273928
-0.396290
0.840348
1.048910
-0.493745
-0.522202
2.611665
0.135299
0.061863
-0.302463
-0.828679
0.145122
0.588084
-0.609489
0.321924
-1.369570
-0.058518
0.170065
0.496470
-0.932105
-0.150742
-0.336128
-1.946604
1.172911
-0.273911
1.631318
-0.132921
0.203835
-0.729094
0.842355
-0.152218
0.071291
0.969845
-0.704581
-0.356103
0.088366
-0.430208
-1.247872
0.498942
-1.766997
-0.419891
0.697544
0.473861
-0.065109
1.022255
-0.551981
-0.338932
1.576409
-0.705354
-1.288804
0.323467
-0.141734
0.927852
-0.227420
0.750845
1.446633
0.648827
-0.995463
-0.665208
0.286487
-0.367303
-1.495817
0.232701
-1.548007
-1.363051
-0.444355
1.602461
-1.005330
0.734818
0.880049
0.841906
0.099538
-0.224865
-0.529418
0.316032
0.092400
-0.404304
0.895140
-1.219883
-0.066872
0.491722
0.588959
-1.872550
-1.798863
0.315130
-1.331171
-0.486302
-0.331520
-0.194217
1.751758
0.236844
0.565673
-0.028266
1.782367
-0.172048
-1.356251
1.016168
-0.918157
-0.677132
-0.267804
-0.641509
-0.990638
1.334647
-0.732018
0.693348
-0.310511
0.093770
0.536858
0.013008
-0.967339
0.538647
0.100519
2.032487
1.205545
0.822084
-1.556002
0.188247
1.613493
-0.057988
-0.429409
2.316437
1.346802
0.702243
0.277948
-0.500340
0.894533
0.207449
0.016652
0.935855
-0.324989
1.469857
-0.416686
-0.582377
0.668493
0.028065
-0.335609
0.531816
-1.478624
-1.014803
1.184962
0.239175
-0.618825
1.028651
-0.701046
-0.571957
0.155366
1.068903
0.014167
-0.081793
1.287150
0.897337
1.033541
0.531174
0.216804
0.371102
-0.726173
-0.683661
-0.430330
-0.962349
-0.223248
-2.808128
-0.131066
-0.135403
1.319943
-0.437242
0.399901
-2.701361
0.261936
0.150700
0.071551
0.828986
1.240178
-1.054745
-0.013893
-1.102580
-1.350442
1.469780
-0.407490
-1.120735
0.098679
0.324607
-0.839228
1.058230
0.223515
-0.539749
1.168878
0.200989
0.103905
-1.000926
-0.874909
-0.268518
-1.031017
-0.404983
-3.120508
-0.309820
0.593529
0.190316
1.180416
-0.347346
0.814994
-0.761211
-0.826294
0.692450
-1.336564
-0.789235
0.134342
0.792606
-0.132249
-0.428747
-0.364291
0.130386
-0.141809
-1.591252
-0.027606
0.436126
1.009541
-0.074942
0.228560
-0.183121
-0.046078
0.278495
-1.807641
-0.324905
-0.707186
-1.132787
-0.070049
1.872774
-0.903289
-0.434961
0.410433
0.631629
1.007664
-0.877132
-0.968202
0.497636
0.809102
-0.081455
0.158798
0.509800
0.588298
0.530893
-0.084948
1.542722
-0.399382
-0.672231
0.679732
0.327714
-0.008590
-0.366165
-0.907224
-0.462330
-0.202321
0.659956
-0.753987
0.801964
-0.109654
0.018782
-0.294303
1.104919
0.850080
-0.809044
-0.983021
-0.253368
1.562476
-0.804251
0.099594
-1.030326
1.073171
0.512650
-0.387071
-1.047284
0.307723
-1.771602
-0.170336
-0.380937
0.232010
-1.017768
1.224605
-0.643670
-0.218136
1.542060
-1.218832
0.591308
-1.069522
-1.077404
0.444895
1.128956
-1.232217
-0.996145
0.125338
-1.285789
0.803078
0.558316
-0.678090
-0.029256
0.615674
0.663746
-0.259321
0.157713
-0.625522
-0.516570
1.343409
-0.137377
0.855776
0.769933
0.058312
-1.543652
1.296627
0.582385
-0.305835
-0.130080
-0.391924
-1.192249
-1.044316
-1.552969
-2.796444
1.252293
1.229285
-0.249684
-1.687593
-0.216676
-1.136685
1.134809
1.029231
0.293141
-0.040157
-0.916852
3.120875
-3.024705
0.115334
-0.259065
-0.581612
1.835922
0.836156
1.372407
1.932036
-0.869953
0.332304
0.925454
0.919077
2.038142
1.091466
0.739959
0.641107
0.117854
-0.854005
1.204684
-1.749843
0.168957
-0.753407
-1.408020
1.310096
2.161053
-0.640574
-1.104961
-0.544988
-0.286069
0.325090
-0.920084
0.988446
-0.533363
-0.685180
-1.000368
-1.529335
0.062151
-0.057809
0.627300
2.061861
-0.279450
-0.448010
0.170803
0.848848
-0.046008
1.120036
0.385891
-0.146313
-0.850010
1.187665
0.828715
-0.378807
0.269997
0.784112
0.962109
1.088609
-1.420792
0.867986
1.137019
1.147810
-0.089262
0.442053
0.436857
-0.161667
1.220765
0.320584
-1.378187
-0.543946
0.663254
-0.268644
-1.003812
-0.101488
0.550393
-1.389918
0.001036
1.573373
0.433549
0.045647
1.912818
2.615769
0.355065
2.703837
1.016256
0.656717
1.471392
-1.311763
1.021590
-0.903308
-0.126605
-1.439385
1.263906
0.758918
0.872414
0.395210
2.199207
-0.556378
1.033031
2.286739
-0.604764
1.779268
-0.807345
0.487800
-0.210405
-0.701632
1.443400
0.023358
0.456297
-0.475168
0.490755
-0.129440
0.538249
-1.376486
-1.318049
0.659847
-0.976849
-0.560814
0.717639
1.175055
-0.108784
0.860785
0.023685
-1.565012
-0.826386
0.237658
-0.321642
-0.061820
0.594537
0.322309
1.433885
-1.759676
0.052141
0.678139
-1.239500
-0.977545
1.785530
0.475430
1.071623
-0.091956
1.017224
-0.370947
0.117538
0.352405
-0.083171
-1.491684
-0.050400
-0.659922
-0.282669
1.700632
-0.631715
-0.333556
-1.870638
0.441866
-0.944124
-0.378324
-0.992792
-0.354717
-0.623058
0.201215
-0.461550
0.622150
-0.251125
-1.400833
0.315321
-0.132791
-1.930648
0.288843
-0.153279
-0.743164
0.389390
0.500385
0.558724
-0.700566
-0.515058
0.643568
0.324882
-0.830400
-0.645170
-1.563362
0.443682
-0.583467
1.407840
0.966091
-0.282508
-2.948651
0.462510
0.306302
-0.466882
-0.873238
-0.317809
1.315670
1.173301
0.013905
-0.773280
1.615445
-0.737998
0.206534
-0.954340
0.804049
-0.418711
1.310138
-0.056258
1.039703
0.808736
1.037698
0.620732
-0.036772
0.103270
-0.766416
0.777977
-1.719420
-0.996217
-0.459990
-1.073761
0.492440
0.506299
-2.376306
0.325678
1.029505
-1.096358
1.050897
2.213105
-0.302064
0.328075
-0.014253
0.074118
0.323298
1.851110
-0.093218
-0.174719
-1.977397
0.821279
1.370995
1.301714
0.521362
-1.849170
-2.268212
0.773396
0.218751
1.351537
-0.597883
-0.186049
0.775097
-1.161424
0.515070
-2.311516
-1.196611
0.180193
0.272634
-0.169229
-0.595216
0.000524
0.608842
-0.363896
-2.211907
-0.608754
0.890700
-0.775304
0.196935
0.420706
-0.833082
0.048389
1.954991
-1.634189
0.147425
0.363714
0.951200
-1.105232
-0.995398
-1.486609
-0.292499
-0.075666
0.834694
-0.022574
-2.084060
0.494954
-0.381487
1.161331
-0.335443
-1.003944
-1.159985
2.526500
-0.319139
0.388436
0.103314
1.433040
-0.015839
-0.545230
-0.109584
-0.735272
-0.922704
0.077443
0.095303
-0.372739
-1.064861
-0.296510
0.806401
0.864032
1.061484
-0.473266
-0.973439
-0.440933
-0.490725
-0.426022
-0.321421
-1.269266
-0.684350
-1.045033
0.926799
1.004329
-1.943366
-0.123460
-0.035873
-1.077897
0.843038
-1.629781
0.467210
0.130266
-1.304818
0.716612
-0.440541
-1.655629
-0.753887
-0.805399
1.739817
0.847057
-1.032061
0.649859
0.612850
-0.209759
1.726839
-0.433445
-0.977493
0.017334
-0.851995
-0.273678
1.182278
-0.752914
1.293786
-0.434212
-0.478344
-0.136744
1.164887
-1.360729
-1.224797
0.506252
-0.350181
-2.389245
-0.355308
0.078579
-0.468451
-0.913848
-0.751591
0.391047
1.863324
0.098379
-0.552960
-0.819260
0.012329
0.905154
-0.529650
0.619376
-0.757535
-0.658863
1.448297
0.180452
-0.096955
-0.856158
-0.163644
0.799889
0.457168
-0.047639
-1.442607
-0.174229
-0.523382
0.788376
0.385219
0.309113
0.543063
0.473734
-1.091727
-1.090132
0.407011
-0.908457
-0.771798
0.019236
0.906160
0.512635
-1.396783
0.777450
0.537685
0.111177
-0.868718
-0.664787
-0.078819
-0.293753
-1.974260
0.952850
-0.639084
1.270726
-0.668231
0.471532
-2.094265
1.790859
0.207415
-0.431130
0.469659
-0.654804
0.485873
-1.152307
0.559631
-1.490221
-1.799599
1.662293
-0.224504
-0.526906
-0.042844
-1.279273
-0.747655
0.093851
0.833112
1.306020
0.393876
0.992377
-1.681106
-1.129518
0.273449
-1.669746
-0.638456
0.994948
-0.506241
1.003428
0.099402
-0.072380
-0.022709
2.175748
0.103367
-1.296202
1.629823
0.031083
0.004341
-0.785215
-0.779839
-0.788291
-1.083529
0.303800
-0.092110
-1.462583
-1.586454
-1.040149
0.357801
-0.643975
0.612300
-0.860266
-0.067984
-1.975568
1.058291
0.099780
-1.157768
-1.541335
-0.383808
0.421000
0.464276
-0.033986
0.129886
-0.388465
-0.886594
-1.614324
3.605659
0.146246
1.521333
-1.063213
-0.566394
-0.195202
-1.303551
-0.043623
-0.488301
-1.058158
1.640382
-0.254681
0.387452
0.277730
1.178963
-0.296393
-2.329943
-1.028393
0.416149
0.700641
1.718047
1.029472
0.849931
-0.195736
-2.087378
-0.973253
0.351729
0.628203
0.781941
-0.683205
-1.026674
1.505722
-0.933167
-2.027072
-0.771018
-0.641240
-0.217640
1.996071
0.131215
0.739426
1.380403
-3.123687
0.848857
0.783021
-1.291741
0.492547
0.158738
-1.116475
1.565183
-1.097784
-0.661209
1.894780
-0.765352
-0.301266
0.471937
-0.891957
0.115053
0.276259
-0.484153
1.314377
0.269698
-0.213196
-0.658345
-1.342520
0.276319
1.173783
-0.811368
0.480843
-0.879185
0.263497
-0.641083
-0.081241
-0.681412
1.510426
0.517791
-0.678346
-0.125677
-0.294955
-0.758772
-0.865380
0.386086
1.216568
1.267117
0.285247
-0.526219
1.216049
-0.296825
0.615331
-0.676044
-0.079676
1.053227
1.354343
1.520671
-0.273435
1.606827
-1.215903
0.417020
-0.449653
0.582664
-0.197072
-0.249608
-1.245026
-0.196506
-0.527185
0.437192
-2.115101
-0.260873
0.015270
0.572373
0.068154
0.061399
0.341124
-1.276835
0.333266
0.543043
-0.043209
1.678573
-0.771585
-0.171480
-0.367447
0.620602
-1.682881
1.159965
0.474133
0.849421
1.065518
0.866443
0.854231
0.253069
1.460800
-1.464104
0.986662
1.703250
0.921045
0.801488
0.332242
-1.502370
-0.350546
0.038986
0.083100
-0.385719
-1.535986
1.261564
1.275863
0.148040
1.295446
-0.786021
-1.186008
-2.206194
-1.047030
0.335225
0.530249
-0.040529
1.412000
0.401629
-0.153915
0.912519
-0.544600
1.218269
-0.886437
1.191821
1.004550
-1.637650
0.936073
-1.207297
-0.766070
0.531491
-0.893268
1.189040
0.318706
1.621017
0.415744
-0.444662
-0.684460
-0.814565
0.653121
0.815811
1.479823
0.400640
-0.766643
0.925411
-0.348402
-1.146931
-0.703664
-0.044223
-0.238220
0.411347
-0.578985
0.712031
-0.601521
-1.139238
1.117743
0.459476
1.591452
-1.061881
-0.821526
-0.749415
0.703256
-0.123435
0.070182
-0.555354
0.076119
0.333936
-2.191902
-0.311653
0.816509
0.290000
0.286841
2.112434
-1.148725
-1.435782
-0.347692
-1.399444
0.840501
-0.911486
0.439186
-1.687772
-0.219655
1.398810
-0.640833
-0.192298
-0.265427
0.086048
0.246586
0.252040
2.907635
-1.488726
0.689086
0.445437
0.619488
-0.096706
1.144122
0.144966
-0.574100
0.051583
2.811192
0.250081
-1.016838
0.045903
0.500641
1.224338
-0.559494
1.523423
-0.585699
0.846588
-0.106259
0.769972
0.750834
-0.560644
-1.760266
0.437057
0.302122
0.146746
0.610154
1.552166
0.012192
0.000193
-0.741997
-1.380154
-0.075494
1.167449
-0.028329
-1.225437
1.693777
0.700880
0.147203
-0.208855
-0.918070
-0.990852
-0.855958
0.574403
0.297173
0.759277
0.579704
-0.322866
-0.342767
-0.118699
0.218293
0.978688
-1.466124
0.765671
-0.391467
-0.470757
-0.023462
-2.155849
-0.834033
-0.476192
-0.158389
-1.307635
0.619138
-0.367385
0.421173
0.039529
-0.217910
0.138102
-0.031796
-0.463928
-0.064164
-1.154022
-0.962786
-1.677037
-0.585872
-0.082567
-1.595576
-0.050017
-0.076085
-0.023730
-0.026812
0.208607
-1.611288
0.035095
-1.423790
-1.275620
-1.674454
-1.394206
-1.401123
0.557225
-1.625199
0.062437
-0.973446
1.999127
0.397542
1.940844
-0.424412
-0.744929
1.564845
-0.131501
-1.177096
-0.187420
-1.082831
-0.427413
-0.376325
-1.870741
-0.353471
-0.024320
1.925494
0.500075
-0.009067
-0.122910
-0.155508
1.124788
0.650857
1.343034
0.382853
-0.724132
-0.020429
-1.206027
1.805522
-0.030941
1.653329
0.916778
0.658305
2.493527
0.182068
-0.415384
-1.735916
-0.900352
1.319520
1.147271
-0.378846
0.382475
0.513902
1.712108
1.162684
0.147639
-0.581646
0.240787
-1.557246
-0.987819
-1.679117
-0.142610
-0.659025
-0.621071
0.959450
0.286768
-0.075575
-0.094507
1.862541
1.052830
-0.633446
-0.507851
-1.327457
-0.710742
-0.292602
-2.003612
0.111532
-0.047605
-1.332461
-0.780543
0.322002
0.944615
1.648364
-0.250781
-1.472534
-2.606800
-1.001416
-1.018304
1.211933
-0.883039
0.576019
0.432671
-0.680466
1.893538
1.035966
-2.416616
1.183949
-0.226878
-0.506192
0.937714
-1.211473
-0.750692
0.498042
0.876125
-0.414825
1.140299
0.184819
-1.854021
-0.872951
0.873952
1.958168
2.418663
-1.132678
0.593165
-1.145451
0.130631
-0.747098
-0.505788
-0.931656
0.099393
-0.755366
0.121922
-0.245504
0.365662
-0.861633
0.199952
0.153232
-0.700662
0.461314
1.378586
0.672146
0.373423
-1.385563
0.493368
-2.058669
-1.831276
-0.537877
0.173474
1.176472
-1.606223
0.984211
-0.115240
-0.008044
2.154566
0.955435
0.176083
-0.426144
-1.031315
-0.444927
-1.651543
0.866364
-0.396772
-0.307574
-0.873542
0.662027
-1.036902
0.534690
-1.548340
-0.360695
-1.527558
-0.126091
1.182750
-1.300159
-0.894674
-0.468549
-1.040726
0.236003
-0.168195
0.732268
-0.157257
1.212714
0.037516
-1.011533
-0.079274
-1.008702
-0.286246
0.990630
1.232784
1.339598
-0.161741
-3.119802
1.275212
-0.958754
0.045265
-1.015271
-0.522089
1.220890
-0.060451
0.602488
0.494895
0.039979
-0.253551
1.523281
-1.208217
0.149427
0.783585
-0.210370
-0.048231
0.153726
1.246381
0.699425
0.531521
2.185025
0.413068
-1.943259
1.161249
0.533838
-0.046459
1.198875
-0.951850
0.181515
-0.785648
-1.330749
1.234448
1.021650
0.694900
1.320000
-0.346725
-0.652656
-0.252327
-0.400819
0.892273
-0.496183
-0.204911
1.627695
-0.119061
0.195318
-0.047349
-0.382147
1.079295
-0.534141
-0.756875
-0.224215
-1.910632
0.494933
0.840390
0.457375
-0.888207
-0.545428
1.322992
-0.095365
0.161535
0.311144
-1.201635
-1.122853
1.591400
0.455506
-0.084631
0.069677
1.398440
0.897769
-0.074315
-0.861079
-0.003435
0.464372
0.650034
0.397237
0.605606
-1.113761
1.262194
-1.002999
0.745415
-0.979726
-1.022249
0.228186
-0.227912
1.297306
0.700966
-0.123743
0.660197
1.616861
-0.140535
0.454389
-0.907340
-1.335345
-1.412864
-0.866884
0.214056
0.670412
0.298386
0.171123
0.004038
0.227493
-0.562935
-0.214527
-0.650088
1.018174
-1.098707
-1.169563
1.445736
0.908665
0.525078
1.121086
-0.581426
-1.906864
1.271757
0.377948
1.187556
2.111232
1.369285
0.490746
-0.105399
1.772020
0.317987
0.602153
2.052216
-0.811998
-1.290692
1.922153
0.261947
1.454403
-0.027003
-1.079847
2.453194
0.481675
2.357669
0.821211
0.688533
-1.123927
-0.384847
-0.535365
1.273656
-0.460968
0.196863
0.550066
2.041761
0.527753
-0.423023
-1.516747
-0.485203
1.069448
0.357887
0.367076
0.384741
0.544159
-1.151855
-0.362722
-0.223632
-0.130945
0.318999
0.724359
0.612814
0.683328
0.105877
-1.047672
1.234897
0.184982
-1.060339
2.746140
1.011445
1.356602
-0.698585
0.991986
-0.119508
-0.577059
-1.661190
-1.449096
-0.154031
-0.039495
-1.554981
0.401479
-1.446083
0.383507
-0.276957
-0.182558
-1.379589
-1.084540
0.283832
-1.933370
-1.506639
-0.809030
-2.352546
0.343184
-1.832697
0.495878
-0.609610
-0.128237
0.055593
0.826466
-0.531955
-1.349468
0.017823
0.265737
1.535821
1.437814
-1.542896
-1.002088
-0.166434
0.372061
-0.972300
0.447847
-0.560453
-2.826742
-0.173229
-1.319493
0.724558
-0.411468
-1.018594
0.017111
-0.327477
0.899337
0.416508
-0.440907
2.331888
1.030135
0.010627
0.516527
0.369430
-0.716960
-2.016088
-1.589925
-0.727912
1.088759
0.264625
-0.257494
0.236921
-0.140573
1.140857
1.374917
-0.387293
0.374185
-1.173153
-0.877110
1.702842
0.742264
0.795291
-0.635950
0.062577
-1.438764
0.752641
0.594383
-0.683493
0.435250
0.036134
-0.345937
-1.328216
-0.392505
-0.387587
-0.442761
0.634791
0.760337
-0.446229
0.249406
-1.719858
-2.524104
1.039439
-0.812881
-1.344094
-0.950982
0.518600
0.661231
-0.376586
1.258521
-0.272913
-0.159448
-0.882441
0.379479
1.008532
0.331658
0.521002
-0.253455
-1.650494
0.190517
0.342615
-0.414973
0.422961
0.500610
-0.688457
-0.008529
0.203599
1.662817
-0.742215
0.454966
0.970135
-1.467144
1.030664
-0.175104
-0.308172
-0.108623
-0.344591
0.301852
0.533112
-1.418414
-1.305916
0.013322
-0.456196
2.010720
0.016845
-0.526884
-0.516308
-0.286219
1.908174
0.380876
1.105305
-0.170148
1.802877
1.345440
-0.971617
2.015140
0.435345
0.202130
0.309497
-1.213029
-0.606177
-0.857929
-0.589481
0.163143
0.118785
-0.499208
0.693782
-0.370997
0.325779
-0.398715
-0.748596
-0.229350
-1.014612
0.011047
1.732829
1.067748
1.220717
-1.926410
1.522326
0.379604
-0.378165
0.199109
-1.287869
1.441256
-0.332122
-0.015300
-1.078058
0.980760
-0.108359
0.321937
-1.001139
-1.093910
1.012517
0.261796
-1.977424
0.817659
-0.540017
0.852303
0.027711
2.104009
-1.433214
0.815360
0.433675
0.682953
0.660294
0.427688
-2.872636
-0.923774
-0.445194
-0.129158
0.082660
0.290160
0.150761
0.497692
1.930535
0.690582
1.126147
0.113690
0.492720
2.199269
-0.734060
-0.647297
1.248635
0.482124
-2.034069
-0.723933
-0.044366
0.174577
-0.658265
0.464034
-1.262946
-1.661830
0.180009
0.927745
-0.259098
-0.741390
-0.693571
-0.587594
1.237728
0.326676
0.078718
-0.554220
-0.974173
-0.415010
-1.551537
1.064789
0.623516
1.330027
-0.348945
1.371832
-0.676819
1.385162
0.835772
-0.688225
-1.030574
0.071225
0.313069
-0.669292
0.905277
1.980017
0.955088
-0.758991
-1.586255
1.560406
1.071168
-0.105048
1.186288
-2.328003
-1.658265
-0.355559
0.885965
2.151886
-0.744238
0.668591
-1.125084
-2.713872
0.013746
1.336641
-0.460369
-0.839934
-0.450779
-1.498380
-0.802722
1.696663
0.429588
1.508446
0.434209
0.168758
-0.244046
-0.106638
1.123881
-1.682267
-0.951787
0.488128
-0.095863
-0.473789
0.413054
-1.286832
0.028227
-0.053853
-0.610010
-0.436812
0.541414
-0.634833
-0.627149
1.145245
-0.387423
-1.090616
0.353358
-1.748985
0.810895
0.128135
0.976033
-1.069630
0.833125
-0.912880
-0.586755
-0.185414
-0.801640
-0.012246
-0.281155
1.572451
0.893342
1.523612
1.131839
-2.164364
-1.167892
-0.530307
0.100102
1.582738
-0.344354
0.429981
-0.688039
2.348175
0.879903
-0.120862
0.316122
0.185972
1.310322
0.537099
0.212805
-1.608215
-1.061054
-0.307672
-1.391226
2.020395
1.283985
-0.142712
0.724716
-1.480911
0.415199
0.713307
-0.982246
1.025605
0.896066
0.245652
2.287197
-1.133228
-0.993477
0.080136
-1.427916
-0.167350
1.955248
-0.764912
-0.121444
-0.850501
0.012053
-0.266482
0.101001
-0.024948
0.460963
-0.470997
0.729386
0.368829
-2.210962
1.286934
-0.374067
0.001737
0.127428
-0.054879
0.498151
2.051485
-0.354882
-0.567903
-2.265164
-0.993396
-0.422626
0.572414
0.646765
-0.505999
0.624351
-1.366873
-0.558080
-0.230887
-0.414635
-0.841421
-0.887481
0.808540
-0.773015
1.076960
-2.264451
-1.799253
-1.519379
0.651167
2.001074
-0.435115
0.512341
0.479799
-0.378228
0.304593
1.008193
2.108903
1.419489
-0.783394
-0.744692
0.180991
-1.420167
1.536593
1.533201
-0.095572
-0.079191
1.279378
0.234688
0.608555
-0.730061
-0.754439
-0.097143
1.762813
-0.569023
-0.278784
-0.244264
1.379503
0.634410
0.424841
-0.131695
-0.401036
0.995936
0.405763
1.024760
-1.631035
-0.184346
-0.075117
1.048305
0.858342
1.058188
0.570970
0.112192
-1.264248
-0.767433
-2.103710
-0.320240
-0.671935
-0.826115
0.710128
2.612479
-0.141831
-1.327718
1.078734
-1.228228
-0.121067
0.291192
0.618059
-1.423287
0.594132
1.001399
-0.083187
-1.415059
-0.314453
0.274946
1.504396
-0.849351
-0.343524
0.109131
-1.434870
-0.609456
-0.399067
0.170626
-1.089089
1.320556
0.297238
-0.772262
-0.323609
0.446673
-0.458511
0.890737
0.311356
-1.029880
0.659418
2.150794
-0.567795
0.305192
-0.377116
-0.594055
1.215226
-1.725930
-1.082383
1.325574
-0.891010
-0.026935
-0.152899
1.418387
-1.645766
0.886879
-0.847488
-1.393656
0.061890
-0.517218
3.100227
-1.495819
0.310219
-0.977973
1.110626
0.743764
1.493264
1.005591
-0.762496
-0.455834
1.247900
-0.051367
-1.085269
2.506350
1.470398
-0.350023
0.667496
0.223231
0.743008
1.473922
-0.280555
0.095933
-1.264800
-0.845861
0.612160
0.365418
-0.536981
-0.439139
-2.144619
0.858143
1.333120
0.030384
0.609122
1.112892
-0.669565
-0.271027
-1.620801
-0.624892
0.511138
0.437477
-0.060131
-0.322217
1.521987
-0.204388
0.729441
0.518415
1.476343
0.977250
-1.125761
0.117199
-0.592359
-0.335571
-1.074111
-0.524671
-2.221332
-0.139217
-0.419149
-1.008992
-0.340386
0.548295
-1.164039
-0.376791
0.504350
1.235207
-0.010425
-0.101167
-1.476948
1.099164
0.963152
-0.108572
-0.328959
-0.178596
-0.172202
-0.910679
-0.075765
1.601306
2.882559
0.028302
-1.442027
-1.056680
0.318495
-0.716440
-0.649318
-0.915082
0.100085
0.620855
-0.177807
1.177041
-1.393285
1.421272
0.537109
0.454673
0.404954
0.398117
0.048887
0.862079
-1.195543
1.254041
-2.038621
-0.025890
-1.394641
1.749285
-0.322746
-0.091519
-1.476564
-0.071470
-0.485638
-0.316060
-1.101928
-1.482051
0.451740
-1.347869
-1.597172
0.421486
-1.281759
-0.393020
-0.158145
0.631471
-1.295162
-0.174041
-1.010892
1.280928
0.683307
0.661638
1.715378
-0.615331
1.584289
0.754401
1.630330
0.130192
-2.721743
0.339859
-0.816378
0.146573
-1.290571
-0.410194
1.665445
-0.211974
-0.776042
-0.422727
0.656331
0.265955
-0.003754
-1.013160
-0.234934
0.926147
0.331883
0.325374
-2.637215
0.267459
-0.194049
1.357181
-1.691583
0.577255
0.899750
-1.340327
0.734623
1.506240
-0.167935
1.214120
-1.648865
0.691519
-0.257201
-0.199094
0.249883
1.245077
0.348486
-0.258953
0.711602
-0.021892
0.570200
-0.945777
0.670309
-0.176674
1.313407
-0.171094
-0.292060
0.988887
0.631443
-0.661425
0.929417
0.250879
0.541422
0.295460
0.880591
-0.073193
1.727676
0.314548
1.160611
1.099911
-1.504337
-1.586612
0.037091
1.321484
0.074614
0.990634
0.149924
0.924183
-1.405781
-1.269409
-1.231599
-1.079206
0.923893
0.366146
-1.655905
0.355260
0.159085
-2.083628
-0.375118
0.866792
0.210277
1.475658
-0.518410
-0.036629
0.883212
-1.054619
-0.181188
-0.121082
-2.176453
-1.569214
2.070694
-0.975276
0.146270
-0.178694
-0.923704
0.210396
-0.144206
1.226195
-1.511288
1.506256
0.094436
0.730663
0.664327
2.213328
0.833100
-1.481497
-0.368282
-0.499163
0.552692
0.359963
0.624488
-1.061763
-1.045517
-1.139839
-1.322168
0.018401
-0.566777
1.812129
-0.932639
-0.734151
-1.159244
1.229979
1.734831
-0.733533
0.898930
1.202714
1.196662
-0.162565
-0.101776
0.283172
0.469537
1.129123
0.680557
-0.099078
-0.710609
0.239549
0.102491
1.722465
-0.951882
-1.725134
0.991478
-0.985544
-0.300902
0.908255
0.041003
-0.060521
1.165828
-0.930825
0.873742
-1.208517
1.034620
-0.534475
-0.233248
0.690303
0.102886
0.882814
1.890883
-0.736096
-0.226592
-0.517106
0.696675
0.344728
-0.032400
-0.688625
-3.270904
-0.875774
-1.402129
0.183781
-0.957711
1.225147
-0.287582
-0.211452
-1.425648
0.864171
0.052838
-0.074457
1.579781
-1.173468
-0.078376
0.272991
0.585671
-1.002235
-1.254582
1.030279
-0.358047
-0.934246
-1.981305
-1.599827
1.306641
0.483058
1.632461
0.107962
-0.497358
-0.519450
-0.311462
0.119261
-2.052561
0.218687
-1.532722
-0.496710
-0.105010
-0.057893
-2.146005
1.359528
0.232634
-0.166584
-0.489909
0.725350
-0.224119
0.034116
-1.740408
0.500345
0.468732
1.533463
0.285219
-1.501471
-0.424172
-1.235557
0.065755
1.289292
1.291170
0.611051
-0.020547
-1.226933
0.088312
-1.089372
-0.637682
0.556130
0.083257
1.672891
-1.243658
0.172185
0.624229
0.313815
-2.206672
0.279620
1.071069
1.315632
-0.095046
-1.592150
-0.991393
0.129788
1.466381
-0.155696
-0.866083
-0.420218
-0.997896
0.544538
-1.514179
1.971193
0.591051
-0.928018
-0.637306
0.428612
0.781543
-0.086190
0.015400
1.558350
-0.553202
0.242879
-1.302234
-0.636925
-0.170358
-0.342604
0.876440
0.565166
-1.153150
1.314338
-0.653297
1.342441
-0.593237
-0.314838
0.341742
0.080746
0.738525
0.178511
-1.037723
2.572054
-1.602174
0.373098
-1.008982
0.207458
0.769036
0.141444
-0.065893
1.298173
0.563785
-0.791548
1.171463
-1.032747
1.298032
-1.819138
-1.595001
-0.047506
0.170111
-0.117340
-1.164250
-2.259254
-1.022967
0.027214
-0.034652
1.916352
-0.350805
-0.519594
0.764254
-2.542446
0.092052
-0.510809
-0.864526
0.869698
1.533520
0.157471
0.863405
-0.797301
-0.727657
-0.008266
0.616967
1.281983
1.070556
-0.347660
0.803586
-0.255412
1.524739
-0.342766
-0.278198
-0.038726
-0.212483
-1.013892
1.199573
-0.376879
-1.062538
1.241279
-0.055254
-0.742549
0.550355
-0.226502
-0.577614
-1.042678
0.063530
-1.078916
-0.030542
-0.411482
0.851514
-0.803882
0.194824
0.117515
-1.184141
1.499999
0.725727
1.148714
1.653125
-0.963988
0.942032
-0.648624
0.235835
0.245182
-0.994602
-0.402121
0.660939
-0.652848
-0.711349
0.265009
0.693146
-1.525722
-0.530014
0.423089
-0.178060
-0.708502
-2.032626
1.154387
-0.638223
0.126719
1.167377
-0.119420
0.517394
1.358567
1.175765
1.287526
1.701970
-0.324098
0.385620
-0.527886
-1.439587
-0.480354
-0.783254
2.572875
0.612049
0.108856
-1.414590
-0.089389
-1.197206
-0.845666
2.542101
0.814204
-0.420018
-1.377855
-0.169555
-1.421411
0.338633
0.476205
-0.814419
-2.014525
1.374471
-0.091203
-0.527731
0.326863
0.013385
-0.524499
-2.601709
1.904364
1.101880
-1.444918
0.098871
0.108031
0.287273
-1.017687
-1.565876
-1.475362
0.613273
-0.610926
0.795456
0.356119
-0.641694
-0.803780
-1.098623
0.604265
-0.036225
-0.422593
-0.071189
-0.574974
1.029212
-0.014165
0.338113
0.215050
-0.436604
1.184784
1.213411
0.097022
-0.398693
-0.341004
0.584902
0.832738
-0.363306
1.141346
-0.334749
-1.478580
-0.609491
0.893675
-0.255613
-0.195167
-0.663700
-0.976188
0.517234
1.050505
1.035179
0.952825
-0.665052
-0.515297
-0.511435
-0.513719
0.134259
-0.405583
0.987074
1.103985
0.790612
0.103152
-0.589108
0.417699
1.165849
0.965972
0.074639
-1.053923
0.860590
1.093705
1.465661
-0.063143
-0.243638
0.522005
-0.525743
-0.351152
0.189690
1.123294
0.908330
0.632158
-0.229780
0.439358
-1.133565
-0.176781
-0.987759
-0.633639
0.627066
0.587755
-0.297544
-0.632988
0.907594
0.142064
0.418127
-0.841976
1.382738
-0.256424
0.491446
-1.218813
-1.711636
-1.804849
-1.846301
0.392875
1.444620
1.774193
-0.233962
0.851425
-0.786529
-0.478796
0.811180
0.545581
-1.486617
0.519250
0.567321
-0.253165
0.479761
-1.764089
-1.759457
-1.040525
-0.644389
-0.046377
1.592304
-0.984903
0.926883
-0.333261
0.175358
-0.466494
1.173556
-0.494846
-0.584456
0.790543
0.983487
-0.539788
-0.326141
0.539239
-0.575128
-0.224781
-1.140333
-0.915232
-0.319964
-1.056361
0.479860
-1.549501
-0.268328
1.051000
-0.867177
-1.790440
-0.465573
-0.825579
1.254928
-0.512799
0.398041
0.560667
0.215275
-1.699962
-0.029113
1.864890
0.613922
0.024457
-0.949564
-0.007447
-0.977051
-1.387202
0.110620
-1.584610
-0.453961
-1.124592
-1.269613
1.326466
-0.648218
1.019754
-0.796049
0.052655
0.181136
-1.600138
-1.279062
-0.737274
0.809775
1.865211
0.600163
0.403754
-0.049236
1.122834
-0.649882
1.011605
-0.254176
-0.527798
-0.240251
-0.113016
1.133861
-0.720247
0.549948
-0.972979
-0.875782
-1.815374
-0.684050
0.095993
0.525378
1.061229
0.008076
1.457718
-1.300444
1.900545
-0.765863
-0.010543
0.836737
-0.667663
0.929754
0.968536
-0.038646
-0.453165
0.107962
-0.092453
0.668605
1.759543
0.817041
-0.626747
-2.535370
-0.620864
0.041297
0.541284
-0.671418
-0.122880
-0.331666
-0.165313
1.454129
0.605705
0.798251
0.138086
-1.481857
1.898933
-0.985984
-1.214502
0.761464
-0.768322
-0.414560
-0.407641
-0.240353
-0.547100
0.996476
-1.822331
0.474725
1.566553
0.914026
0.172922
0.544446
-0.163637
-0.887344
0.443942
0.622713
1.755408
-0.498813
-1.319311
-2.571508
0.174898
-1.159713
0.931693
0.118334
1.018914
1.024426
-0.585359
0.923559
1.272158
0.851901
-0.436413
-1.214412
0.264239
-0.393989
-0.080537
0.416985
-1.629903
-1.906305
-0.944445
0.986462
-3.284488
0.439433
0.547365
-0.201200
0.650440
0.340583
0.526788
1.777003
0.522227
0.928199
-0.218946
0.373481
-1.200629
0.292558
1.198845
0.723470
-0.460726
-0.895357
-0.068898
-0.199619
2.570420
0.228701
1.505318
0.098707
0.420797
-0.166832
-0.391425
0.047234
0.896262
-0.604498
-0.234032
0.395725
-1.488133
0.400892
-0.227927
2.071989
-0.528901
0.324188
-2.682267
1.704565
-0.183209
-1.343880
-0.188018
1.073009
0.352187
0.211468
0.561232
0.973020
-1.472080
-0.072568
-1.471745
1.640542
-1.489688
0.052869
-1.776786
0.930119
1.783761
0.278166
0.140560
-0.305710
-0.207976
0.523437
-0.563718
-1.441631
-1.004812
0.422748
1.024770
-2.414852
1.228795
2.050644
-0.379608
1.433018
-1.626119
-0.431020
-0.365114
-0.813189
0.140864
-0.086234
-1.084274
-0.497584
-0.831394
-0.332495
-2.949968
-1.361403
-0.065209
1.533695
0.662062
-1.413795
1.090089
0.195265
0.461392
-1.302522
1.117281
-1.067544
-1.554950
-0.224437
0.566653
-1.805359
0.259179
1.110501
-1.988816
-1.300488
0.948436
-0.104522
-0.135465
0.784474
-0.313253
-1.711836
-0.198967
-0.272527
1.545077
-1.267322
1.691964
0.217154
2.202589
1.498400
0.550369
1.340178
1.454426
-1.932999
0.120045
-0.944064
-0.399744
0.757296
-0.028992
0.498032
0.498186
0.608906
0.221569
2.845997
-0.349544
0.389827
-1.311118
-1.494969
1.542378
0.435534
-0.266726
-0.696443
-0.031535
-0.068445
1.280467
-0.347651
0.367966
-1.957696
-1.553581
0.300062
-1.003851
0.075124
0.023725
1.804599
-0.945380
-0.200163
2.161437
-0.978113
-1.025786
0.322892
-0.065646
-0.537633
-0.508612
2.115243
-0.474189
0.933595
-0.920182
-1.552568
-0.824967
-0.276783
0.395475
-2.512801
-0.518750
1.748325
-1.520067
2.716644
-0.397032
-0.843389
2.427228
0.297696
-1.399937
0.933161
-0.659885
0.704700
0.461717
1.204922
-0.460001
0.796270
1.481844
0.400885
-0.403652
1.841231
-0.160431
0.099165
0.462838
-0.904354
-0.891612
0.431572
1.332569
1.926411
-0.688573
0.332138
-0.241354
1.091289
1.143666
-1.494388
0.422633
-0.397714
0.606687
0.181694
-0.027880
-0.712235
0.777350
-0.337097
-0.081977
0.385979
0.019746
0.783897
1.105419
-0.049252
-1.118348
2.045771
1.444054
1.408846
-0.350605
0.941905
-0.451693
-0.023189
-0.231149
-0.530711
-0.609703
1.568837
-0.061828
-0.384058
-0.146216
-0.749081
-0.468441
-1.173431
0.276148
1.646844
-0.436989
0.618699
0.507558
0.209394
-0.007328
1.415887
1.394308
-1.160628
-0.192559
0.786065
-0.125582
0.729119
-0.038204
0.879675
3.266598
-0.157282
1.282701
-0.201698
0.029039
1.206556
0.502052
-0.075809
-0.560818
-2.483622
0.756801
1.781139
1.683522
-1.111077
0.308763
-0.530631
1.441376
0.094074
-1.149049
1.751909
1.166554
-0.597244
-0.964592
-1.883132
0.373150
0.709734
0.863342
0.057241
-0.367296
0.074292
-0.552416
-0.099069
1.275389
0.101447
-0.272042
0.749004
-0.031811
-2.511890
-0.749031
1.688878
-1.563288
0.312056
2.435147
0.943943
1.768565
-1.759369
-0.947110
-0.345178
0.769789
-0.674563
-0.157641
-0.764959
0.705112
0.452248
0.159682
-0.391019
1.891445
0.112159
-1.725684
2.530068
0.208269
-1.859928
0.775452
1.615413
1.340672
0.761899
-0.171189
-0.031068
-0.049642
0.420077
-1.541430
-0.375462
1.024871
0.781992
0.894325
-1.034862
-0.393633
2.467598
1.178880
-2.442175
-0.706241
-0.419851
0.080302
-0.663301
-0.107537
-0.450840
0.407403
-0.784946
-1.271127
1.319312
0.482700
0.538772
-0.263699
-2.055458
0.318261
-0.143954
-0.029952
0.488917
0.692321
0.613644
-1.194079
0.465805
-0.028053
-0.365012
-0.533883
0.732091
0.689680
-1.226222
0.661331
-0.881001
0.067949
0.307842
-0.554250
-1.089901
-0.168834
0.636380
0.922640
0.205487
0.246045
-0.918566
0.118912
-0.055681
1.289173
-2.413483
-1.505402
-1.114863
0.553641
-0.758239
1.537138
0.553834
0.218280
-1.176320
0.574972
0.781905
0.806211
-0.145243
-0.201486
0.525402
0.160552
-1.758144
0.512226
-0.661447
-0.591540
2.001755
-1.467730
-1.825740
1.006418
-0.582808
-0.414193
-1.914050
-0.061667
-0.018022
-0.403822
0.631273
1.206669
-0.444965
-2.870646
-1.202524
1.092531
0.782687
-0.761136
0.330296
0.597357
-0.033662
0.497999
-0.689059
-1.269559
0.933389
1.122073
-0.705164
-0.346744
0.995325
0.555546
-0.091369
0.991145
0.056495
1.176391
0.426811
-1.684721
0.438059
-0.840245
0.827026
-0.030998
-0.715898
0.207683
0.214840
-0.635477
-0.259055
1.908060
-2.647446
-1.695737
0.067640
-0.184092
0.014440
-0.723044
-1.449960
-0.343144
0.701228
1.600075
-1.122075
0.647645
1.222752
-0.626153
-2.011850
0.558778
0.558754
-0.709531
0.969050
-0.061288
-1.016930
-1.841435
1.438878
1.275933
-0.517686
-0.306590
-0.105477
-0.893363
1.712960
-1.060018
-1.720325
2.174773
0.560868
-1.000963
-1.631266
-0.143692
1.082268
-0.898043
-1.170872
0.811172
1.431844
0.762247
-0.166570
-0.751994
0.935476
0.479435
-0.992898
1.210197
-1.486714
0.614679
-0.273974
0.745814
-0.427644
-0.712966
1.029132
0.162908
0.520479
0.450077
0.659710
-2.147651
0.735445
2.033786
-0.452887
0.047040
-0.646699
-2.432163
0.945207
-0.899996
-0.201748
0.520935
0.122270
0.336736
-0.622479
2.318926
0.868039
-0.517627
0.517516
-1.424756
0.203188
-2.527043
-1.140023
1.291177
0.457180
1.541151
0.377511
1.013951
-0.917313
-2.171190
-0.048099
-1.589973
0.124519
-0.146678
1.149148
1.806834
-1.276313
0.247580
0.965040
-1.565805
1.205727
-2.178782
-1.916277
0.362210
-0.614862
2.224368
-1.094165
-0.131918
0.314001
0.149684
-1.511207
1.563895
-0.078353
1.108928
0.049367
-0.335617
0.240634
-0.257327
-1.692035
-0.355788
0.536631
0.940058
-0.962443
1.076909
-1.052334
-0.087794
-0.005220
1.427858
0.786135
-1.356482
0.113283
0.342450
0.575815
-0.731540
-0.229632
0.799723
-1.004687
-0.295832
1.203462
-1.985353
-0.040042
-0.709676
0.502945
0.367901
-0.646695
0.842923
-0.352873
-0.891344
2.421299
0.422566
1.587732
1.001052
0.887539
0.097886
0.938705
0.920211
-1.289760
2.018860
1.421166
-0.632661
0.305749
2.022216
0.954715
-0.121019
1.093672
0.489517
-0.402484
1.291803
-0.727233
0.528092
0.979267
-0.915253
-0.421861
0.701345
0.710533
0.449778
-0.150176
0.419336
0.071419
-0.071552
-0.354277
-0.314830
0.200720
0.452667
1.283711
0.628800
1.499412
0.182422
0.906137
1.562577
-0.397106
-0.291296
-0.001046
0.667107
-0.788189
-2.745077
0.406070
-0.121715
-0.052731
-0.559599
-1.066365
-1.614468
-0.845110
-0.748323
-0.429207
-0.716780
0.324959
1.016017
0.516090
0.596360
1.826805
-0.277678
-0.408414
1.131678
-0.013310
-2.448248
-0.058669
-0.887839
1.367509
-0.018930
-0.314503
-2.309965
-1.791329
-0.486818
-0.991554
-0.861097
0.507069
-0.691935
0.480547
2.058546
0.282227
-0.651448
-0.168500
-0.954016
-0.589576
-0.405054
-1.893502
-0.259282
-0.556422
-0.532137
-0.361074
0.751527
-1.046469
0.262289
1.987689
0.356826
-0.734535
-0.019552
-1.376983
0.329689
-0.266252
0.430516
0.854012
-0.039082
0.307217
0.225805
0.649243
-2.119788
-0.783741
1.238398
0.471066
1.172811
-0.950713
0.231663
1.585182
0.976161
-0.625783
0.770945
-1.210620
-0.157635
2.592206
0.594641
-0.819997
1.361639
0.888138
0.161383
-0.784758
-0.124502
-0.307982
-0.230733
1.025802
-0.354471
0.460379
0.115836
-1.534989
0.532580
-0.323818
-0.784768
-1.088313
-0.359995
0.347882
0.834895
-0.192061
-1.615802
-0.427530
-0.915606
-1.547199
-0.033764
0.329731
0.151234
-0.117608
0.044056
0.072131
-0.046905
-0.548798
-0.679891
0.174217
-0.943955
0.591769
-0.000714
-0.676976
0.905503
1.287325
0.808936
0.110078
0.990662
0.576153
0.376313
1.081785
-0.239538
0.877985
0.156489
-0.375831
-0.927257
1.916693
-1.032794
0.151098
-0.588117
0.793311
-0.576903
2.022035
-0.750508
0.920017
0.391619
0.246830
1.619091
-0.069214
2.915019
0.624210
0.686155
0.329054
-0.046592
-0.169070
0.215068
0.802225
-0.457015
-0.358535
-0.829040
0.922042
0.316633
1.378751
-0.423881
-0.683277
-2.392676
1.343390
-0.430422
0.010618
0.018997
0.131588
0.240012
0.335564
-0.407266
0.990383
0.175902
1.164435
0.100054
-0.468008
-1.379075
0.350478
0.091221
-0.709588
0.482544
-1.970754
-1.773810
1.278105
1.070905
-1.158007
-0.081372
-1.362357
0.352554
-0.709858
-1.330296
-1.073282
0.703123
1.627861
0.321692
-1.662281
-0.586172
0.716262
0.559686
0.396014
-0.156326
0.756348
0.878293
0.661361
-0.916306
1.993685
0.704602
0.529898
-0.351747
-0.252970
-0.681935
0.451162
-0.369506
0.283583
0.096508
0.950129
-2.561448
0.579086
0.408792
-1.247589
-1.318604
2.306790
-0.529045
-0.453227
-1.421998
0.424247
-1.114712
1.161794
1.360759
-0.164788
-0.650509
1.300172
-0.422640
0.010121
0.818061
-0.147866
-1.138864
-0.924300
1.658168
0.615659
-1.355606
1.039718
0.005743
-1.073607
-0.149360
0.075167
0.485213
-0.063785
1.202856
0.031045
-0.163176
0.505432
-0.606822
-0.726064
0.933701
0.449044
0.961217
-0.471372
0.075700
-1.250188
0.098527
-0.068320
1.450244
0.184910
-0.756049
-1.828567
0.609327
0.058664
0.202860
0.656305
-0.565240
2.276659
-0.908529
0.635688
0.511649
-1.592937
0.132702
0.181283
1.750727
0.923831
1.803667
0.269884
-0.136059
-1.849156
-1.526916
-1.409127
-0.405942
1.168370
0.395079
-0.373043
0.943297
-0.450766
2.147292
0.473924
1.631064
0.420661
-1.575713
-0.902626
1.425219
1.086291
-0.514282
0.922845
-0.962254
0.551994
-0.032704
1.206232
-0.180827
-1.419406
0.963129
-0.659705
-1.074958
1.470467
1.824772
-0.720315
-1.025471
1.414185
3.054241
-1.079950
-0.673476
-0.154739
0.809989
-0.058398
-1.007556
-1.736381
-0.218614
2.605472
-0.352067
-1.412547
-0.986693
-0.313632
0.275862
-0.038253
-0.290903
-1.233435
-0.694174
0.446023
-0.334438
0.254129
-0.775443
0.698219
-0.197071
-0.423217
-0.284278
-2.125415
-1.698726
0.891294
0.036942
-0.475398
0.947401
-1.169455
0.095772
-1.964714
0.845068
-1.063899
-1.795911
1.033581
-1.035073
1.343097
0.561352
-1.385898
0.277282
0.203729
-0.473223
-0.940575
0.736633
1.361334
0.020898
0.409379
0.087182
-2.047023
-0.618559
0.536928
-0.955871
0.479573
-1.993049
1.247444
0.006896
1.579032
1.098054
-0.063785
-0.590297
-0.006125
2.063739
-0.540706
-0.841070
-0.318565
-0.343898
-2.025155
0.158459
-0.465384
0.490265
1.158687
-0.638058
-0.338227
0.171852
1.804900
-0.613398
1.182759
-0.454630
0.554651
-1.075853
0.326232
-1.612543
1.140508
0.996264
-0.390863
0.254206
-0.530860
0.822080
1.472997
0.698040
1.961505
1.287698
0.218283
2.129781
-1.105811
-0.892960
-1.687091
-0.959483
1.634573
-0.223449
0.276985
-0.482726
0.618868
-0.752905
-1.851383
-0.544966
-0.228935
-0.227559
0.158472
-0.913991
-0.419775
0.936242
0.867009
-0.021832
-0.113726
0.824027
-1.093495
-0.194529
0.800353
-0.239697
1.154424
0.184375
1.814823
-1.287967
-0.220974
0.804583
-0.095656
-0.521668
0.038682
-0.008457
0.753272
-0.554839
-1.259655
0.670946
0.522730
0.364064
-0.418528
-0.274740
-1.353509
-0.716690
-0.468809
-0.706467
0.129790
0.482043
1.622835
-0.064589
1.106012
1.347409
-0.016757
0.171885
-0.714295
-1.598438
-1.363229
0.491748
0.206453
0.790134
0.813800
0.780396
-1.190895
0.765892
0.287896
-0.455283
-0.019281
0.258548
-0.140158
0.466004
-0.245749
-1.053067
-0.153468
-1.497817
0.504372
0.154238
-0.533813
-0.346100
0.149122
0.748557
-0.084517
-0.298916
-1.505003
-0.224038
0.130065
0.347524
-0.150021
0.645319
0.043879
0.637643
-0.564896
0.689658
2.023280
-1.098063
-0.157853
1.096452
0.635069
1.623016
-1.253956
-1.873273
0.219501
-1.411534
-0.319967
0.523918
-1.473761
-0.893318
-1.386719
0.134520
-1.021689
0.953741
-0.412931
-0.261210
-2.040966
-0.033413
-0.033403
0.916998
-0.790487
1.225990
1.175165
-0.428510
0.516904
-1.433648
-0.852690
0.483653
0.562752
1.232313
1.480673
0.846988
0.442585
-0.985348
0.029311
-1.511409
0.993931
-0.513631
1.842314
-0.322490
1.348638
0.160825
2.328113
0.368250
0.850039
-1.208621
1.642574
1.656789
2.516379
-0.551672
-0.709002
0.553608
0.104439
0.584891
-0.573829
-1.133488
0.496447
-0.442970
-0.544425
-0.018448
1.048868
-1.378622
-1.340899
-0.856064
-2.012230
2.137266
0.507695
-0.910515
1.003486
-0.549367
0.810702
0.511577
1.434992
-0.262136
-0.841642
-0.398557
1.445040
-0.556864
-1.946161
0.116629
-0.090957
0.719536
0.224637
-0.605789
-1.293570
-0.328138
0.062318
2.683299
-0.976370
-0.130271
-0.499055
0.040618
-0.749288
0.046237
0.137066
0.983614
-1.300566
-0.343001
-1.697901
-0.647229
-0.564633
0.310642
-0.988942
-1.715669
0.631397
-1.997916
0.383601
-0.388279
-1.784044
0.743071
0.799474
-1.253763
1.349307
-1.035095
-1.101835
-1.868947
-1.403225
0.197191
-0.479403
0.216247
1.172865
0.241407
-1.875196
-0.605875
0.389509
-0.363020
-0.761098
-1.394713
0.374635
-0.780518
-0.800895
-1.104505
-0.862507
0.262495
-0.814461
-1.140310
-1.432514
-1.296957
1.107893
1.238673
-1.009707
0.466679
-1.905423
-0.337944
-0.947809
-0.181516
-2.125429
0.380621
0.361324
-0.380728
0.650917
-1.114036
-1.619508
0.137273
0.817735
-1.666378
1.616451
0.529883
-0.642997
0.445034
-0.361321
0.425207
-0.319134
-0.630369
-0.649475
0.394122
0.779226
-0.717866
0.534932
-0.379815
-0.343917
0.611509
0.824509
0.148369
0.865913
-0.442281
0.236606
-0.826346
-0.254411
0.710562
1.293666
-0.006117
-1.399115
-0.268478
0.547821
-0.586197
1.210837
1.283101
2.462332
1.780332
0.080514
-0.196028
0.036225
-0.143126
0.465418
-0.712048
-1.451749
-0.382518
0.376777
-0.244006
0.264775
-0.526454
-0.185186
-0.536699
1.214284
0.038222
0.298355
-1.366137
0.658199
-0.368963
-1.152369
0.220724
-0.358821
-0.508491
0.423717
-0.251466
-1.473742
0.398687
1.434623
-0.611467
-0.047182
0.709151
-1.203704
-1.247574
-0.242948
0.010482
0.988784
-0.523287
-0.654061
2.971771
-0.809867
-1.222092
0.636675
0.343705
0.238494
-1.584881
0.168230
0.739074
-1.152360
0.515022
0.287572
-0.364942
0.565172
-1.489673
0.877276
-1.333673
-0.778023
1.849738
0.261057
0.775899
0.020670
-1.028202
3.196638
0.281892
-1.210921
-0.832142
-1.317472
1.238000
-0.231425
-0.863573
-0.183027
-0.817548
-0.413378
-1.550884
0.162454
-1.040020
-0.282337
-0.753156
-2.689629
-2.243033
-0.054557
0.162084
-0.139242
-1.088164
-0.233438
1.007341
0.977864
0.085295
-0.369378
-1.153817
0.918857
-1.209956
-0.678214
-0.113875
-0.495413
-0.702416
0.155833
-0.185865
1.563396
0.243584
0.216345
-1.930346
-0.474323
-0.949827
0.323756
-0.246062
-0.455361
-0.729821
-0.358225
2.117532
-0.876560
0.563453
0.062552
-0.969293
1.184218
0.423053
0.487438
-0.568719
1.893785
-0.194581
1.479440
-1.326261
-0.860680
0.219132
0.718807
0.000918
0.657680
0.806394
0.881017
-0.503504
-0.776085
0.166654
0.115334
-0.835660
-0.590199
-0.321595
-0.997555
-0.618719
0.270032
1.282465
-0.158138
-2.153364
-0.717100
-0.664814
0.268038
-0.482165
0.069835
0.678809
1.251709
0.004636
0.008614
-0.641768
-2.415628
-0.415560
-0.633868
0.750072
-0.513029
0.574693
-0.118402
-0.264829
-2.081840
-0.713765
-0.973966
0.753721
0.253582
0.616974
-1.455477
0.350647
0.743304
1.368682
1.408526
0.936940
-1.151025
-0.829480
-3.085861
1.153815
-1.031541
0.407175
-2.333913
-2.437330
-1.567769
0.597913
0.949576
-1.130250
1.569868
-0.011241
-0.486596
-0.632232
2.219827
-0.183453
-1.126517
1.300491
-0.871828
-1.017580
0.123072
1.284514
-0.399190
-1.182034
-1.577361
-1.891543
1.048278
0.463163
0.545327
-1.221637
-1.261017
0.372331
-0.705676
0.549927
-1.407573
-0.247129
-0.199661
-0.641425
-2.082298
1.057278
-0.243098
0.967716
0.278841
-0.057794
0.674673
-0.768783
0.171002
0.230825
-1.400891
-1.565543
-2.289936
1.197585
0.765733
-1.605925
0.693175
0.601501
-1.563731
-0.358525
1.734677
-0.427224
0.657292
0.720823
0.417041
1.698506
-0.606984
0.198574
1.340101
0.154887
1.106474
1.365107
-1.293831
0.112837
0.415241
1.863196
0.699806
-0.785428
0.774487
1.103010
-0.681532
-0.676669
0.726273
0.170534
1.508858
-1.477615
-0.058648
1.100695
0.742036
1.658775
0.120525
-0.002009
2.221283
1.033405
0.716778
0.767533
-0.422976
-1.854293
-0.179520
-0.395052
-0.179386
0.267752
-0.214590
0.988393
0.609591
0.840357
-2.727272
-2.584022
0.428747
-0.844589
0.539814
0.121071
0.937826
-0.331799
-1.099610
0.041595
-0.323931
0.339537
0.633628
0.719160
-0.775976
0.170900
3.480331
-0.920682
-0.404855
-1.075550
-0.882834
-0.595743
-2.128380
-0.501041
0.438080
0.145142
0.054827
0.794658
1.573819
0.423831
1.137812
-2.340235
0.262116
-0.592467
0.641689
-0.099949
0.079348
1.209335
0.618210
-0.122289
1.148322
-1.253009
0.833642
-0.585355
-0.861855
-1.012363
-0.270998
1.180891
1.066679
-0.541020
0.241801
-0.065045
-1.368745
0.664392
1.223600
-1.230617
-0.371029
-2.363049
-0.082358
-1.359256
-0.026078
0.433465
0.235900
-1.659059
-0.670895
1.037412
0.589463
0.139030
0.461256
-1.158150
-0.637922
-0.523388
0.245352
-0.668667
-0.272954
0.058288
-0.164141
2.669354
-0.717498
1.108868
0.532957
0.044456
-0.590840
1.700524
-0.140908
-1.166986
0.682988
-0.174592
0.286475
-1.833505
0.479845
0.355605
0.526773
0.460172
0.587108
-0.057954
-1.057486
0.969908
-0.147456
0.921832
-1.189488
-0.606674
-0.824045
0.613623
0.640692
-1.269905
-0.797171
0.774634
-0.944037
-0.013305
-0.326569
-1.145146
-2.699206
-1.147167
1.652682
-0.163665
-0.755791
1.071240
0.905802
0.601614
-1.828413
1.708870
-0.143896
0.974344
1.175566
-0.685345
-0.980514
-0.732677
0.678185
-0.971804
-1.418785
1.591579
1.638593
0.681991
0.944967
-2.197184
0.611359
-1.182085
-0.368999
1.551328
-0.590678
-0.476712
0.820331
1.088803
1.158145
-1.555815
-1.139524
0.887074
0.185898
0.269706
-0.909637
0.306952
1.215962
-0.246448
0.386295
-0.322474
0.244405
-0.682468
0.099912
-0.680247
-1.183810
0.563214
0.637139
1.025310
0.347139
-1.421111
-0.315916
-0.574624
-0.146376
0.519947
0.438128
-0.944000
-1.117030
-1.612226
1.576963
1.390714
1.199956
1.302237
-0.634066
-0.099596
-1.639995
-0.611950
0.138076
-0.623763
1.101668
-1.935644
0.563461
0.464931
0.568945
-0.690641
1.042804
-0.981625
-0.094408
0.902554
-0.993228
0.724727
-1.606059
0.605220
-0.074603
0.269279
0.083624
-0.629484
-0.235493
-0.348912
1.490972
2.256516
1.100117
0.119166
0.297375
-0.680283
0.482903
0.677063
-0.879285
-0.502227
0.468066
0.052412
1.201854
1.201723
0.215784
0.683550
-0.503198
-0.857550
-0.798110
-1.304818
-1.090624
-2.106772
0.270158
-0.135577
0.192864
0.701553
-0.258151
0.045188
0.829032
2.492157
0.675522
0.623985
1.908072
-0.259896
2.026281
0.667237
0.192789
-0.593521
1.290622
1.130348
1.821287
0.162763
-0.768105
-0.262832
-0.188297
-0.464139
1.116543
0.012388
1.182463
-0.563579
0.409451
0.549947
0.673053
1.138492
-0.031873
0.524970
0.956427
-0.182974
-0.848426
0.184952
-0.611677
0.404007
1.125652
1.320722
2.048539
0.202224
1.059735
1.231596
0.374266
1.466448
1.026144
0.944556
-0.721023
0.333077
1.152048
0.034289
-0.110553
-1.197336
-0.341742
0.822016
0.777276
-1.568669
1.602269
-1.634204
0.940030
-0.480131
0.133708
-0.018810
0.074291
-0.746579
-1.014051
1.743328
-0.232522
-0.283418
-0.820470
-1.244635
-0.206253
0.848128
0.885219
-0.891278
0.308309
-1.860394
0.359020
-0.146297
0.816317
1.378190
-0.519822
-0.684763
-0.872423
-0.287110
0.096775
-0.019158
0.590748
-1.590431
1.397031
-0.217588
0.788756
0.852571
0.909327
1.122422
-2.138350
0.864931
0.882387
-1.104881
-0.956267
-0.838574
-1.461918
-0.157951
-0.212137
1.222757
0.574227
0.035964
-4.659953
-0.097856
0.877287
0.925391
-1.590694
0.318689
0.796730
-1.092566
-0.135603
-2.712383
0.722387
-1.369006
-1.202503
0.779257
-1.197311
1.717703
0.094820
2.507246
-1.566355
-0.613223
0.163031
0.537877
0.523811
0.286062
-1.126413
0.144504
-0.548922
-0.324744
-1.365169
-0.671941
-0.370726
-0.832969
1.373999
1.405490
0.614263
0.380129
-1.982492
0.551861
-0.939682
-0.427808
0.063727
-0.812040
-0.569289
0.905332
-1.450561
0.710360
-1.255980
0.049111
2.452137
-0.920055
0.240331
0.019868
1.249804
1.270548
-0.308024
0.880712
-1.715410
-0.256568
0.164065
-1.401671
0.709794
1.909563
0.999520
-0.432693
-0.656723
0.182109
1.003432
-0.398113
2.053663
1.861840
1.360299
-0.449895
2.064401
0.921207
-0.257171
-0.373024
0.807303
1.318249
0.116944
1.360944
-0.141199
-0.102990
-1.946163
0.471950
-1.401804
1.056652
2.133053
-0.785964
0.082254
-1.373215
1.747303
-1.063901
-1.265970
0.222990
0.424776
0.480569
-0.847489
-0.338396
0.802250
-0.555991
-0.404136
-0.513522
-1.316342
-0.120593
1.512207
-0.010468
-0.219230
-0.126384
-1.137104
-0.508956
-0.194612
0.860003
0.063840
-3.521362
1.004555
0.556748
-0.688532
-1.405525
-0.367623
-2.920384
-1.124332
-0.304665
-0.717025
-0.613419
1.180697
-0.022127
1.180166
0.324563
-0.288711
-2.026960
-1.493641
0.125285
0.523594
0.769466
0.173400
1.387988
0.933673
-0.211170
-1.050302
-2.082638
1.460940
-0.085688
-1.707175
-1.186704
2.137612
0.834863
0.206984
1.753922
0.353558
-1.874305
-0.055396
0.848166
-0.999562
0.390199
0.134359
1.664891
1.213788
0.321761
1.488415
0.155568
1.058668
-0.028845
-1.716314
-0.456820
0.659685
0.366346
-1.001003
0.699453
-1.212843
-0.536283
1.005753
-1.055191
-0.544832
-0.300234
0.254685
-0.269443
-1.703032
-0.851192
0.410867
0.894077
0.459601
-2.072703
-1.589415
0.606801
-1.351027
0.896060
-0.647403
0.248650
-1.271442
-0.003888
-1.269023
-0.739658
-0.026497
-0.307055
0.313322
-0.078738
0.804116
0.255536
-1.941606
-0.975863
1.159486
0.609367
0.909770
-1.106255
0.859296
-0.284664
0.606373
-0.266442
0.351678
-0.023883
0.625585
-0.790255
-2.026477
-1.156730
0.122957
0.075043
0.384048
0.610506
1.428606
1.539001
0.021593
-0.638423
-0.032658
-0.475488
-0.059333
0.230694
-1.571404
0.233377
1.117531
-0.427623
-0.230047
-0.798478
0.506386
0.709566
0.070781
0.326132
-0.516620
0.775535
1.420958
0.447283
1.513157
-0.509131
-0.146364
-1.230711
0.816777
-0.823702
1.626971
-1.341595
0.048749
-0.800463
-0.626934
1.845101
0.494906
-1.321562
0.634466
0.208967
-0.478248
0.307697
-1.659436
1.373023
-0.220867
-0.521050
0.285162
0.899670
-2.562243
-0.067451
0.023419
1.014476
-0.954698
0.846161
-0.064905
-0.637208
1.397425
0.374698
0.768102
0.259434
1.705724
0.161343
0.085401
-0.813428
0.943656
-0.942382
0.580109
0.131878
-0.284808
0.133556
0.587656
-0.317898
-0.012831
0.086539
0.331909
-0.224812
0.024033
0.618769
0.357454
0.908828
0.069715
0.440665
-0.196716
-0.470043
-2.174093
-0.350084
0.151698
0.223359
0.285275
0.624008
0.112597
0.340334
-1.456364
0.373314
2.134627
-0.926617
0.393216
-2.010987
-0.035048
0.564003
-0.357823
0.130738
-0.298960
-0.710901
1.304471
0.401462
-0.515172
-0.091284
-0.877389
0.347897
-1.070099
-1.251582
0.623475
0.523624
-1.625260
-1.283442
-1.093528
1.066084
1.424233
0.172123
-0.469569
0.366413
1.777202
-0.954038
1.036729
-2.382798
-0.392134
-0.585029
-0.216799
1.342786
0.605337
-0.628527
0.341723
1.394648
-0.385104
-0.521049
-0.834178
1.878166
0.499341
0.919684
1.470860
-1.328706
-1.875025
-0.653856
-0.443658
0.314710
-0.236365
-1.156400
-0.732294
-0.809495
0.196686
1.892169
0.101117
1.071428
-1.112252
-0.849148
1.002654
-1.869904
0.491046
-1.300751
-0.755871
-1.206220
-1.301585
2.298145
-0.384204
-0.408631
-0.508144
1.023813
-0.023292
-0.704037
-0.675431
-0.536839
0.441532
-0.223124
1.585655
0.372693
-0.833997
-0.340128
0.435590
0.412202
0.504206
-1.280825
-0.308938
0.209514
-0.988780
0.587237
-0.441754
-1.735533
1.563702
1.150617
0.040192
0.814911
1.698716
-1.043324
-0.418759
0.361097
-1.559676
-0.373576
0.202184
0.628990
0.879763
0.534487
0.150355
-0.781386
0.297635
0.733254
-0.705826
0.036814
0.377722
-0.561647
0.033361
0.763227
-1.165443
-0.422585
-0.418207
-1.739674
1.258370
-1.478680
0.207983
-0.678917
2.009958
0.249179
-1.530016
-0.305959
-1.319354
1.956680
0.685966
0.203991
0.124133
-0.005958
0.489580
-2.193238
0.453539
-1.375681
-0.714026
0.583459
-0.426594
-0.771151
-0.063482
-2.073682
0.487772
0.769017
-2.214063
-0.123585
-0.741654
1.163688
0.751138
-0.191559
-0.645327
-0.429071
-0.722835
-1.010563
-0.515953
-0.468821
0.607047
0.296044
0.781129
1.219384
-0.736428
-0.576183
0.002058
-0.475336
-1.232540
2.108307
0.352343
-0.989481
0.421293
-0.387206
-0.739898
0.626552
1.191515
0.591030
0.938208
-1.648819
0.935817
-0.078870
-0.732018
0.413120
-0.617319
-0.590356
-0.278939
-0.147214
-1.276487
-0.121790
1.279133
-0.661840
0.662503
0.532083
-0.455133
-0.501767
1.823646
0.691412
0.302629
0.181562
0.249888
-1.250621
-0.044235
-0.121629
0.529893
-1.544381
-0.402061
-0.066203
-0.081824
-1.418536
-1.368394
-0.088859
1.721196
-0.399809
0.044024
0.694174
-0.016322
-0.276930
0.304632
-0.250369
-0.331312
0.274465
-1.262257
-0.232328
0.017801
-0.828231
1.096419
0.245160
1.502984
-1.428675
0.583385
0.523521
1.784347
0.357233
-1.243052
-0.595165
1.778344
-0.917534
1.567897
1.750420
1.783144
-0.727976
0.437340
-1.240169
0.011655
0.005924
-1.582233
0.454656
-1.168527
0.225909
-0.503615
-0.465964
0.092777
2.453057
0.629249
1.653794
0.300297
0.309700
-0.664502
-1.552357
-0.403152
-1.606197
2.781967
-1.058350
-0.139579
-0.120363
0.102263
0.872086
1.483060
-0.496257
1.032898
0.337330
2.398628
0.122961
0.600459
-0.739508
1.407919
-0.068858
-0.288865
0.058524
0.760353
-0.740187
-0.654363
1.124151
1.385556
0.250197
-0.024497
0.757480
1.278127
1.528444
0.618550
0.504028
-0.280470
0.121654
-0.684516
0.794174
-0.036609
-0.698370
-1.852267
0.254290
-3.283149
0.395357
-0.501558
0.649867
-1.127602
1.150598
0.190368
-1.223188
-0.657379
-0.483338
-0.463857
1.386079
-0.652199
0.138585
0.380522
0.114005
-2.410768
0.887493
1.655058
-0.319721
-1.398866
0.459014
-0.210172
0.409486
-0.934273
0.610293
-0.021992
0.811010
-0.132703
-0.592998
0.089677
-1.479226
-0.635788
-0.191060
-2.475019
-0.532204
0.524144
-0.699498
0.852914
-0.490301
-0.881764
-1.348219
-0.031779
1.298570
-0.346594
-0.580840
0.007585
-0.727584
0.814197
0.452113
0.278501
1.827762
-0.519052
-0.891467
0.268976
-0.966240
-0.647079
0.291480
-0.815530
-1.373909
-2.384810
-1.120972
-0.818241
-0.118245
-0.339812
0.446700
0.246460
1.058535
-0.226118
-1.336566
-2.177989
-2.353861
0.986602
0.852720
-1.052846
-0.812575
-0.329654
-1.156480
0.773594
0.944389
-1.133250
0.319728
0.224110
-1.974464
-0.941782
-0.248110
0.361128
0.893496
-1.156858
-0.574568
0.070919
-0.220074
-1.077833
-0.116148
-0.032440
-0.499915
-1.737218
-0.068455
-0.852854
-0.541006
1.150843
-0.172101
0.134492
-0.563773
-0.399546
-0.650141
0.946568
1.939176
-0.568467
1.517368
-0.628267
-0.941764
0.014404
0.088973
-0.233053
0.297445
1.236091
0.144763
-0.729094
-0.756187
1.187075
0.241463
0.298399
0.745851
2.185710
0.839974
0.754908
0.732683
-0.031874
-0.657670
0.019827
-0.651560
-0.480552
0.699146
2.210097
-1.786437
-0.663036
-1.177138
-0.653481
0.405470
-0.660107
-0.746412
0.274461
1.615849
-1.706012
0.291955
0.125690
-0.701820
0.200499
0.300913
0.893143
-1.252848
-0.948180
0.771801
-0.881557
-1.019397
0.092003
-0.785821
0.918123
-0.757074
-0.054213
1.091178
-1.167084
-0.365616
0.632244
2.586679
-0.902449
-0.100645
0.043425
-0.602655
-0.751123
-2.146588
-1.314733
-1.044150
1.684515
-0.934136
-0.341111
-1.745579
-0.573557
-0.354394
0.845925
-0.014978
1.078305
-1.404475
-0.598135
0.764403
-0.256751
-0.474929
0.346744
-0.045793
0.317140
-0.324179
-2.805731
0.902401
-0.544576
0.971294
0.455885
-0.143291
0.136659
0.526858
0.440956
0.313602
0.307407
-0.564898
-0.822841
-0.956680
-0.924856
-0.293378
1.140635
0.916247
-0.069444
-1.085473
0.424448
-1.079608
-1.103031
1.414825
-0.455607
1.437108
0.099009
-0.716842
-1.450445
-0.232465
0.756183
0.102273
0.602111
-1.468525
-1.690276
-0.953971
-2.089533
0.472626
-0.402988
0.000785
-0.137297
-0.078533
-0.782450
0.314470
0.983441
-1.311110
0.179410
-0.545494
-1.227563
-1.105554
0.189421
-1.274586
0.370056
-0.089558
0.138708
-0.190057
-0.827801
-0.210217
-1.171495
1.820545
0.135209
1.017136
-0.776412
-0.925535
0.367788
-0.133648
1.090313
-0.552217
-0.172765
2.190534
0.067736
0.058540
-0.557235
-2.483508
-1.263192
-0.926723
-0.371781
-0.292673
0.046622
-0.751547
-0.592754
1.434045
0.344024
-0.475596
0.302937
0.422819
0.859120
0.918734
-0.969695
-0.891841
-0.745807
-0.389075
-0.723793
0.272922
0.553829
1.195048
-0.135026
-0.062864
-1.033088
0.807529
0.400654
-1.562090
-0.252229
-0.747834
-0.760080
-2.506651
0.246651
0.696095
0.804397
-0.722952
1.851639
-0.513180
1.904415
0.748490
0.323645
-0.288212
0.767612
-0.399279
1.080773
-0.619420
0.110690
1.416492
-0.401425
-0.897952
1.256198
0.464098
1.963986
-1.864583
0.440279
0.245372
-0.892100
-0.234279
0.969478
-1.554209
0.481840
1.103875
0.045721
-0.319551
-0.185754
-0.558762
0.274168
1.527451
-3.037498
-0.542301
-0.015034
-0.676145
-1.051133
-0.478709
0.232298
0.570115
2.607752
1.582307
-0.466965
0.978192
-0.919967
-0.170352
0.430104
0.715452
0.458569
-0.848927
1.437216
0.887480
-0.179452
-0.014441
1.264621
-2.915842
0.440344
-1.368834
0.833369
0.524490
0.298994
0.930491
0.670963
0.979483
1.309810
-1.159614
-0.881605
-0.565671
0.991766
0.478430
-0.529093
-1.124456
0.340240
-0.836165
1.432171
0.806872
2.201325
-0.193938
-0.436184
0.352777
-0.822489
0.222595
-0.020732
0.145511
-1.216451
0.092966
-1.104220
1.411498
-0.617369
1.936308
1.256079
-2.778007
0.753329
1.361988
1.168431
-0.839590
1.907270
0.407826
-0.225655
-0.584398
0.080588
1.636895
1.341421
-0.605588
-1.045430
1.362116
-0.268682
-0.073930
0.534394
-1.306813
0.938457
-0.399439
0.454300
0.732216
0.730517
-0.561437
1.114064
0.652674
-0.071910
0.909833
1.764001
0.423702
-0.669129
0.589030
-1.916004
-1.003702
0.996984
0.828821
0.713736
0.437676
-0.315243
-0.127937
0.305886
2.487997
-1.680076
1.399880
0.131569
-1.500257
-0.205478
-0.564030
1.382460
-1.506665
-0.146657
0.091542
-1.576311
0.380336
0.359644
1.662190
-2.049154
0.576572
0.105529
-0.619846
0.161817
-0.216994
-1.342722
2.016406
-0.105802
0.157869
-0.227016
-1.202362
0.193560
-1.229841
0.803632
0.434480
0.895173
-1.242328
1.849030
-1.759211
-0.052217
-0.401915
-0.500661
-0.309478
-1.438583
-1.038988
0.176358
-2.088984
-1.500976
-1.734714
-0.549908
-0.409182
-0.508493
-1.725993
1.190434
1.400884
-0.747087
-1.349341
0.724526
-1.467663
0.555003
0.989258
0.455433
-0.937514
0.223486
1.488390
-1.285788
0.653288
0.455078
-0.404454
1.145924
-1.072615
1.776280
0.633577
2.131717
0.033298
0.517993
-0.099291
-0.773784
-1.869529
-0.792361
0.176153
-0.703202
0.541246
-0.907805
0.493761
1.152721
1.198923
-1.690657
-0.628133
0.227822
0.493351
-1.006490
-0.000074
-0.893498
0.196839
0.667357
-0.531571
0.390924
-2.214365
0.902702
1.494373
0.904880
0.229441
0.957391
-1.222377
0.127143
-0.415211
1.090534
1.644546
-1.588961
0.143134
1.326000
1.253675
0.846005
0.710834
-0.117153
-0.799500
0.714788
1.099656
-0.806517
1.542585
-1.930618
-0.511241
1.782429
-0.377116
-0.592734
1.046523
0.951798
0.883403
1.733258
0.463887
-1.269730
-0.159174
-1.799949
-0.941525
-0.126920
-0.058091
-1.296568
2.122397
0.045587
0.290787
-0.336902
-0.607844
-1.540578
-0.151206
-0.650034
1.263121
1.084826
-1.437833
1.825268
-0.397153
-0.475605
-0.882045
-0.011293
1.254894
-0.672366
-1.233293
-1.656195
-0.463498
-0.658912
-0.809643
-0.077451
-0.958192
-1.001536
0.343674
-0.792492
0.427074
1.699732
0.162902
2.675640
-1.375573
1.099887
1.853230
-0.258918
-1.583975
1.296848
0.145401
1.026664
-0.960674
0.263157
-0.697135
-0.798943
0.632549
0.529031
-0.891401
-1.498302
0.181070
-0.093639
0.758606
-1.271409
-0.137700
2.136852
0.085733
-0.938997
1.352342
1.973509
1.824176
-1.958746
0.308288
-1.194406
-0.449340
1.221525
0.172980
-0.034982
1.202955
0.540453
-0.007598
-1.076436
-0.769957
1.183401
0.554756
0.915649
-0.985680
-0.278535
-0.518670
1.305696
1.063138
0.127496
-0.240181
0.147902
-0.058240
-0.079011
1.071880
0.703184
-1.913513
0.380390
0.589422
-0.219297
-0.625543
-0.642697
-0.939752
0.584069
1.328448
1.311734
-1.527168
-0.396004
0.629485
2.482433
-0.923984
-0.531522
-1.066447
-1.244799
0.590123
0.207046
0.943195
-1.023312
0.650145
-0.038996
-0.137760
-0.167851
-1.287491
-1.552248
0.863075
-0.361850
-0.275997
-0.849328
1.758016
0.960058
-1.850951
-0.970538
1.618796
2.126667
0.081657
-0.402644
-1.155401
-0.284715
0.267474
-0.808294
-0.813435
1.122152
0.027094
-2.267762
-0.918081
0.236350
0.287552
0.836374
-0.064364
-1.555943
1.643274
0.594623
0.420283
0.010997
0.618487
-0.428300
-0.303895
0.213129
0.046172
1.533356
1.910297
0.069245
1.039309
0.118204
-0.762623
0.606083
-0.400898
-0.585452
-1.511276
0.976844
1.255501
0.371232
0.304784
0.504125
0.135300
0.653759
-0.100181
-0.863291
-0.773870
-0.890328
0.030399
-1.579630
-1.880763
0.471592
0.700764
-0.420083
-0.622046
-0.053797
0.681501
-1.299665
0.764191
0.113091
0.347642
0.894152
0.075790
1.665637
0.465137
0.710757
-2.135204
0.927184
1.399528
-1.473374
0.333372
1.292028
-0.093562
-1.477596
-2.218590
-1.015577
-0.017031
0.443037
-0.066979
2.095537
-1.289124
-0.331333
0.150810
-1.021467
0.605059
-0.322683
-0.639383
-0.735483
0.594866
0.051482
-0.348747
0.299856
-2.391731
1.938980
1.366270
-0.275757
-0.377647
0.028956
0.427113
-1.470314
-0.824195
-0.934075
-0.096526
-0.312995
-2.109996
-0.496159
-0.623293
-0.465035
0.970004
-0.174473
1.518035
0.635785
-0.295708
-0.733479
0.354625
0.143840
0.011488
2.313824
0.616604
0.509424
0.202675
-0.844094
-0.557598
0.386718
0.923609
0.240630
0.991216
0.589610
0.324705
-0.063135
-0.847229
0.470304
0.569503
0.139707
-0.248726
1.125897
-1.002726
-1.033844
1.107222
-0.789264
1.695165
0.143816
0.072378
1.462379
0.693774
0.069551
2.172890
-0.397166
1.081994
0.304380
1.498671
0.693502
0.514437
-0.708904
2.025278
2.035237
-0.514057
-0.438577
0.105213
0.707076
1.129884
0.952628
-0.340337
0.367959
-0.559070
0.550662
-1.255408
0.921256
0.378935
0.416218
0.888414
0.895434
1.376529
0.166954
2.194797
-1.076597
-0.441511
-0.805644
-0.539552
1.439106
-1.055051
-0.343383
-0.733918
-0.539192
-0.292026
2.495695
1.754162
0.399911
-0.565739
-1.451394
0.067375
1.331170
-0.903251
-1.189993
0.907809
-0.579997
-1.037743
-0.636806
0.352895
0.421934
-0.182667
-0.594368
2.251719
0.712438
-0.550487
-0.867016
-0.253259
-0.961106
0.510934
-0.978807
0.771044
0.052221
-0.164243
-0.239817
1.071878
-0.276975
0.834158
-0.912841
0.602292
-1.187230
0.588281
-0.783798
0.002977
0.914937
-0.002352
-0.342342
-0.234275
-0.258871
0.586124
0.290159
-1.991951
-0.507732
-1.055748
-1.390352
-0.861714
1.819499
1.490983
1.157359
-3.581046
-0.944321
-0.656345
-1.995814
-0.427504
-1.997431
1.051509
1.403656
-0.823941
-0.217992
0.884321
0.436718
-0.915212
0.509275
-0.432586
-0.289898
0.160892
0.043397
0.722573
-2.370692
-0.115257
-0.244342
-1.706404
-2.250295
0.962362
-0.920293
0.555428
1.493669
-0.853838
0.411825
0.419962
1.083478
0.769297
0.906145
-1.794468
-1.693452
1.080093
2.914835
-0.627312
-1.070494
-1.096416
1.269294
-0.067021
0.468387
-0.227823
-1.696969
-0.129462
1.391054
-0.883251
-0.537065
-2.781958
1.005220
0.029160
0.106904
0.154134
0.431309
-0.053210
-0.222181
-1.292729
2.046706
0.671785
-1.464336
-0.516183
0.870610
-0.740035
1.752155
0.739282
1.107525
-0.949599
-0.297150
-1.779510
-0.366415
0.377425
-0.363765
1.038229
0.927026
0.990993
0.461774
-1.785436
1.107272
-0.455312
-0.189647
0.734572
-0.158472
0.125674
-0.439645
1.789928
0.429098
-1.142988
0.135660
0.270488
-2.902849
0.263585
-0.230294
1.441173
0.789971
0.709768
-0.167091
-1.163367
0.831440
-0.522318
-0.602507
-1.042637
-1.097104
0.075115
-0.006096
0.535803
-0.349626
0.194689
-1.060131
-0.305557
0.791579
-0.649722
0.156143
0.068014
0.188539
-0.034119
-0.091393
3.281322
0.746910
-0.770951
-0.665257
0.661665
0.839893
0.167732
0.226148
0.564298
-0.949028
-0.411991
0.808908
2.348928
0.005972
0.127776
0.483195
-0.198607
1.375889
0.955991
-0.327686
-1.923705
-0.027396
1.206699
0.503855
2.054761
-1.001365
-1.240446
-1.617521
-1.810691
-2.258740
1.491102
0.507707
0.157863
-0.287137
0.298217
0.238715
-0.850668
0.712101
0.263068
-0.426673
-1.259908
0.110078
-0.796126
0.088458
-0.403672
0.255454
-0.765382
1.274088
-0.901783
1.066044
0.238153
1.342838
-0.933772
0.581809
0.620394
0.527749
-1.335802
-1.016176
-0.392004
-0.321763
0.097716
-0.709981
-2.182884
-0.249263
0.523206
0.640408
-2.867245
0.009951
0.062721
0.540871
-0.853345
-1.061691
2.186589
0.788595
1.699586
0.898704
-1.293721
-1.320190
-0.326916
-0.584759
1.170697
-0.311977
-0.813393
2.231781
-0.065668
-1.279441
0.712187
0.682793
-0.984951
0.240969
1.436163
0.879551
-0.101178
-0.351720
-1.331127
0.039876
-2.539787
0.524012
-1.131851
0.173647
2.350003
-1.021071
-0.901386
1.284342
0.195169
0.292224
-0.919083
1.392066
0.392975
-0.227066
-0.022144
0.506191
-0.744237
-0.365704
-0.695267
0.662109
-0.116028
1.042702
-0.401963
0.399450
1.127950
0.132276
0.082410
0.147312
0.752549
1.391946
0.932584
-0.216436
-2.068610
-0.392494
-0.278071
0.010159
0.635835
-1.431309
-1.191062
-2.251746
0.174525
1.022299
1.667059
0.524943
-0.181516
1.821409
-1.440658
-0.991919
-0.531076
0.291968
-1.631324
0.351132
-0.930989
1.197488
-1.679497
-0.811885
-0.841683
2.462387
0.300966
-1.425736
0.631299
2.259405
0.661467
0.974963
-0.843939
-0.626385
1.021494
1.843577
-0.783563
-0.589337
0.999677
-1.735148
0.558668
-0.959499
1.100512
0.269274
-1.025714
-0.730619
-0.370786
1.000239
1.781837
0.250673
-0.120828
0.799075
0.440661
-2.783822
0.329202
-1.168320
-0.742493
-1.671831
-2.229238
-1.589567
-2.176326
0.646593
-0.238744
-1.281451
1.572431
-0.086664
0.355621
-1.555611
2.251613
-0.078819
-0.987357
-0.501058
0.561769
-1.307473
-0.697598
-0.238298
-0.882502
-0.350000
0.803753
0.269810
1.465868
0.814159
0.605401
0.743987
-0.999365
0.339961
2.731731
-1.081084
0.132389
0.320734
-0.651163
0.345794
-0.783131
-0.987970
0.377692
0.877298
-1.788002
0.296570
-0.903460
1.786493
0.978287
-0.295697
0.647782
0.050690
0.508042
-1.349345
0.201817
-1.442627
-1.180842
1.038315
0.986056
1.807619
-2.057524
-0.633357
-0.204188
-0.904884
-1.347383
-0.219123
-0.598914
-0.919387
0.782574
-0.662991
-0.004453
0.401730
0.530222
-0.630287
0.190097
0.116998
0.626726
0.208697
-0.343409
-0.081803
0.287118
1.850835
-0.412174
-0.369514
-0.842246
1.036271
-1.568795
1.319141
-1.423807
-0.142527
0.195045
-0.050181
-0.997138
0.566615
-0.773408
2.121347
1.019280
-0.250214
-2.530077
-0.185978
-0.556241
-2.101463
-1.554503
-1.980594
-0.361461
1.086488
-0.638217
-0.171317
1.458824
-0.196874
0.345719
-1.253540
-0.479807
-0.549914
-0.652192
0.074572
-1.399098
1.581138
0.994390
0.822489
-0.913079
0.665629
0.440809
-1.086383
1.635405
-0.183004
2.022918
0.913083
-0.771849
0.563683
0.920744
0.627226
-0.011369
0.132993
-0.710185
0.768944
-1.180108
-0.283578
0.411334
0.532773
-0.721431
-1.542161
-1.942496
-1.677943
-0.017274
-0.521243
2.306940
0.409867
-0.388466
-1.427036
-0.447404
0.062609
-0.690898
1.626177
-1.324795
-0.970478
-0.868166
-1.909401
0.730079
0.077110
-1.246116
0.301533
0.315622
-0.017293
-0.492398
0.876702
-1.797552
-1.343260
-0.176820
0.201015
-0.010911
0.207426
-0.001414
1.321933
-0.144253
1.559934
0.586532
-1.067114
0.943208
-2.402248
-1.696539
-0.352049
-0.672968
-0.449814
-0.136603
2.242353
-0.649570
-0.695597
0.269010
0.075488
-0.248076
0.454864
-1.600669
2.995706
1.125495
0.149985
0.192088
-0.576803
0.221175
-0.252613
-1.273394
-2.198109
-0.131619
0.611074
-0.432122
-2.681703
-0.191061
0.947639
-0.983208
-1.169060
0.311859
0.149494
-0.071757
0.102766
1.657821
-0.480496
0.483545
0.130305
0.842653
-0.487519
1.414131
1.951625
-1.520935
0.180736
1.008640
0.169377
-0.638527
0.315040
0.213466
0.127565
-0.269281
-0.417629
-0.531003
-1.286726
0.402495
-0.662907
-0.890016
0.017324
-1.335788
-1.473919
1.209958
-0.870664
-1.130719
2.538219
-1.376064
-0.899777
0.081007
-0.979667
-1.980033
-1.333046
-0.026627
0.613162
0.730926
-0.471053
1.818696
1.012819
-0.267508
0.309798
-0.339085
1.390742
-0.112909
-0.112822
-0.746398
0.348089
0.130848
-0.887191
-1.155371
-0.809948
0.939834
0.674192
0.555175
2.388384
0.063757
-0.300628
1.793159
0.634928
0.097408
1.979690
0.963722
1.206706
2.662575
-2.975211
-0.214590
0.889527
-2.512430
-1.193476
0.611107
0.543953
0.919575
-0.014559
-0.172323
0.803237
-0.123567
0.889091
-0.518216
0.686842
1.325149
2.262177
-0.990776
1.226366
-0.781885
2.553404
0.025021
-0.692224
0.450095
0.824762
-1.544051
1.058295
0.968492
0.021967
-0.609538
0.269464
0.664979
-1.096703
-0.721316
1.159343
1.033389
-1.150873
0.620061
1.073723
-2.694531
1.090796
-0.423643
0.546733
0.363352
-1.468708
0.266052
0.418712
-0.268954
-0.742119
0.419030
-0.075486
-0.902149
1.738704
-1.069632
1.291022
-0.921032
-0.558891
1.511758
-0.701677
1.522379
1.012270
-0.486915
-2.673071
-0.477722
0.387242
0.149177
1.238661
0.198782
0.745705
1.278592
0.147699
0.207452
-0.407281
-0.578680
-3.309638
-0.684037
-0.849671
-1.067746
1.051659
0.363997
0.024368
-0.031892
-0.029287
0.461691
1.943453
1.662467
0.874812
2.024778
-1.577022
1.697478
0.793924
-0.147580
-0.425730
-0.929111
-0.176597
-0.948941
-1.027002
0.345731
-0.126770
-0.858819
0.022055
0.458096
-0.889893
0.669814
1.161210
1.557736
-0.088207
-0.119829
0.589073
-0.308956
-0.908184
-0.149202
-1.710601
-0.775918
-0.499161
2.063633
-1.221196
0.208291
-1.817025
0.187421
0.830695
0.159105
0.134668
0.507810
0.318631
0.074794
1.123291
1.116542
-1.508062
-1.854358
0.494623
-0.312837
-0.826022
-1.176862
2.707524
-0.859936
-0.194335
0.372836
1.564389
0.122470
-0.255454
-2.426784
-1.276367
0.186566
0.933987
2.191351
1.047972
0.531089
-0.444409
0.010270
-0.493108
-0.859102
0.363574
0.181927
1.457059
0.625467
-0.076621
0.736603
0.407334
0.315758
1.267471
1.526012
-0.146052
-0.616925
0.780270
-1.189527
-1.695914
1.061526
0.729065
-0.003927
-0.219275
-1.206537
-0.592626
0.499063
0.635032
0.250017
-0.776746
0.120452
-0.085596
-2.959887
-0.059499
0.010723
-0.695721
0.626883
0.884836
-1.096525
-0.353848
-0.279305
-0.666328
1.657805
0.989353
0.694203
-0.025582
-2.117212
0.845377
0.080088
-0.044634
-1.343662
-0.362966
0.715337
1.880605
0.514051
1.320933
-1.586976
0.063070
1.040619
-1.175986
0.726506
0.585350
-0.491218
-2.342068
0.236004
-0.018403
-0.251417
-0.514971
-0.957687
1.147512
-0.316440
-0.619505
0.937779
0.661492
-2.129391
-0.867173
1.809563
1.277304
0.730283
0.908086
0.440824
0.198378
-0.672016
-0.548232
0.150580
0.532846
-0.554300
-0.234999
0.306546
0.231744
-0.214395
-1.950471
0.364789
-0.962081
-0.504901
1.172525
-0.212291
-0.076963
-1.567460
0.193645
0.921023
-0.712898
-1.800793
0.384921
0.916445
-1.594450
0.483232
1.273929
0.347070
0.719289
-1.234251
-0.570779
0.398258
1.612549
0.828374
-0.435547
-0.551690
1.883091
1.499300
-0.466462
-0.644028
-0.198275
1.733600
0.782882
0.452080
-1.052159
0.612238
2.503413
-0.254663
-0.002184
-0.312776
-0.243936
2.834295
-1.110022
-1.825530
-0.285157
0.602003
-0.079709
2.132862
-1.206088
-1.039183
1.902694
1.516089
0.251608
-0.726558
0.625700
0.256251
0.352087
0.282606
0.702896
-1.156555
3.249211
0.699854
0.343506
0.047496
0.023823
1.007523
1.055367
-0.558107
1.410292
-0.847172
-0.315457
0.368665
0.360291
0.406627
-0.691475
-0.243408
0.128808
1.657929
1.314151
1.482134
-2.040337
0.605947
-1.083290
-1.458589
-0.372816
-1.806883
0.384795
0.543493
-0.380628
0.886814
1.433796
0.301324
0.358733
-1.238670
-0.891162
0.085927
1.194348
-0.636768
-0.662380
-0.206140
-0.529282
-1.527153
0.325425
-0.090819
-0.728664
1.304700
-0.082762
-0.190188
-1.019096
0.952461
1.553676
0.108096
0.721264
0.199304
-1.457023
-1.677982
0.389341
0.330397
1.063816
1.713232
0.857546
-1.633364
-0.492773
0.708594
-0.664998
-0.754070
0.370541
1.595224
-0.940843
0.839690
-0.068266
0.110277
-0.191104
-0.383705
0.103361
0.480511
1.179008
-0.385060
-1.577252
0.141890
0.210774
1.074530
-0.116346
-0.298951
-0.171745
-0.174108
-0.572289
-1.193166
-1.024082
1.390933
-0.592062
-1.303789
-0.402160
0.438707
-0.433036
1.888697
1.142155
-0.633985
-0.441826
0.372170
0.270198
1.325805
-0.557731
-0.073925
0.376851
0.423407
-0.551102
1.114787
2.333990
0.412217
-0.553078
0.311502
0.028981
1.577329
-1.226900
0.462402
1.043104
-0.283063
-0.674838
-0.090951
-0.081817
-0.796464
1.143267
-0.583839
-0.734384
0.812882
-1.974133
1.065537
-0.138204
-0.483316
-1.503147
0.046364
-1.922710
-0.694216
-0.044422
-2.948015
-1.324848
-0.794635
0.120335
-1.817820
-0.840946
0.017658
0.765477
-1.124145
1.063738
1.573229
-0.200267
-0.362968
-1.107833
0.373250
0.065035
1.015495
0.530861
0.841333
-0.817261
-1.224929
-0.146277
-0.810611
1.275797
0.882083
0.840289
1.723572
-0.222275
-0.463143
-2.001127
-1.308135
0.372777
0.268125
0.985474
-2.228341
-1.840713
-0.817346
-0.109757
-0.249027
0.085208
-1.753307
-0.030659
0.049459
-1.748613
1.022362
0.993990
0.836847
0.444977
-0.910005
0.152829
1.862600
0.281225
-0.429960
1.261889
0.491122
-0.296132
-0.350032
0.976642
-0.607268
-0.379395
-0.222808
0.739165
-1.389803
1.932907
-0.988859
-1.646834
1.328782
-0.403229
-0.614702
0.808867
0.295210
0.465426
0.456059
-1.132436
0.894714
0.424299
-0.723401
0.139530
-0.597842
-0.035629
0.969870
0.599862
1.140622
-0.381489
-0.906264
-0.477188
-0.294856
0.707699
-0.977124
-0.548089
-0.370316
-0.273432
1.281886
0.869081
-0.216843
-1.001371
0.396530
-1.348075
-1.327110
-0.358563
0.189241
0.383663
-0.386253
-0.151243
0.862495
-0.529560
0.967826
0.599581
0.862050
-1.727471
0.935403
0.813966
-0.836148
-0.153252
0.093634
-2.477552
-1.978031
0.200553
0.804650
1.726537
-1.182466
1.000671
0.254916
-0.539569
-1.390600
1.159972
-1.194151
-0.024227
1.080698
-0.642312
-1.750250
-0.053573
1.001406
0.384205
-0.979537
0.030377
-0.532451
-0.340197
-1.121253
0.028595
0.495631
-0.226730
-1.351520
0.418416
0.172199
0.795829
0.126306
0.271128
-0.213503
-0.703842
0.218773
-0.536271
0.108360
-0.260032
-1.227493
0.694109
-1.529979
0.495193
0.078825
1.330024
-0.972647
1.744764
0.713736
0.461017
-0.359947
-0.152278
1.705210
1.546454
-0.191999
-0.284280
0.630813
2.000684
0.485906
0.882932
-0.165723
-1.230280
-0.557207
-0.842897
-0.046598
-0.211698
-0.133341
-1.321044
-0.600698
-0.412618
0.075444
0.709865
-0.760035
-0.625418
-0.419978
-0.082551
-1.066661
1.646491
-1.120957
-0.791791
0.112987
0.005993
-0.472309
-0.279692
0.575819
0.973655
0.278959
-0.573015
-0.483029
-0.248907
-1.952570
-0.647529
-0.262831
-0.773401
0.839559
2.537620
-0.336587
0.584627
1.059824
-1.162665
0.040548
-0.939524
-0.248531
0.054549
-0.985759
2.472046
2.048778
-1.206622
-0.087854
0.941376
0.932369
-2.041324
0.218471
-1.907101
1.170079
0.502646
1.807466
-1.534182
-0.249824
-0.487336
-0.655130
0.834485
0.360131
-0.468459
1.284954
2.228510
-1.016175
-0.050806
0.754527
1.486683
-0.934514
0.769209
-2.328916
0.254860
0.251200
-0.948702
0.208954
-0.903575
1.426771
-1.073174
1.707671
1.227264
0.219749
-0.523736
-0.197389
-0.210874
-0.556566
-0.699575
-0.532214
0.321745
1.163236
-0.627131
0.329681
1.047383
0.436418
-1.369678
-0.297604
0.039922
0.755067
0.535752
0.422642
-0.069547
0.178091
-1.429018
-0.491916
-0.663533
-0.627864
1.099229
-1.289919
0.534888
-1.564581
-0.609316
1.916504
1.686234
1.208610
-0.593880
0.251001
1.581865
-0.092065
0.479354
0.461163
0.417597
-0.790241
1.353053
2.434537
-0.252203
-0.485272
-0.963286
-1.025252
-0.764701
2.691019
-0.302826
-0.193956
-0.682721
0.486510
-1.174880
0.905016
2.623005
0.127802
0.956247
1.071966
0.771627
-1.812744
-2.073019
0.258288
0.644131
1.422226
0.533540
0.491354
-1.171050
1.217714
0.623066
1.508362
2.537648
-1.085565
-1.138439
0.420422
-1.216375
1.540932
-1.785040
0.288101
-1.782419
-0.665667
0.225539
-0.204558
0.688608
0.497142
0.425665
-0.285822
-0.144284
0.813433
-1.182878
1.752208
2.349882
0.164709
1.151599
-0.753185
1.151767
-2.191301
0.983837
0.798877
1.242028
-0.320568
-0.010654
0.131276
-0.573748
0.614932
-1.382211
-0.353116
-0.564197
-1.156107
0.805051
-0.380344
-0.710838
-1.638356
-1.306733
0.805671
-0.977005
1.476655
-0.516854
0.314556
-1.148405
0.766440
0.007505
0.021022
0.582152
-0.079681
-1.546720
0.133033
0.952948
0.626936
-0.296242
0.432002
-0.555069
0.927440
1.197366
1.291072
-1.491797
0.072265
0.538322
-0.211145
-1.431204
0.190987
-0.297955
-0.105325
0.454527
-0.157364
-2.619285
0.329950
-0.710032
-0.529027
0.696304
1.001685
0.371384
-0.053793
0.527748
0.958044
-0.308075
0.562116
1.106511
-0.143555
-1.223827
-0.645379
-0.044643
2.382481
-0.364311
-0.846673
1.184954
-1.962526
-0.238241
-0.310847
0.718038
-0.289052
-1.090836
0.353298
-0.938215
0.568941
-0.362613
0.129209
-1.312665
-0.416307
-0.858974
-0.033869
-1.006426
0.143300
-1.271942
0.466888
-0.305309
-0.097725
0.223431
-0.047077
1.046935
-1.302255
-0.869373
-0.128111
0.855865
0.824288
1.892699
2.120591
-0.334408
0.753766
-0.144128
-0.748237
0.441894
0.049246
0.385770
0.649594
-0.939634
-2.272612
0.525350
-1.372631
0.706652
0.894134
1.097242
-1.217032
1.472654
1.269332
0.731210
-1.424990
-0.428373
-1.290101
1.966845
0.669110
-1.557419
0.452683
-0.824418
-0.445344
1.322123
-0.289283
0.228966
-1.047896
0.476117
-0.255133
-0.433305
-1.123772
0.892876
-1.504079
-0.967658
2.435420
0.267967
0.827761
0.329242
-0.186832
0.639923
0.024610
-0.536517
-2.295435
0.931048
-0.123252
-0.756448
-0.408596
1.079867
0.401050
-0.036787
1.116924
-0.982458
-0.051933
1.160168
-0.520497
-1.400729
0.308466
1.160622
-0.210964
0.417471
0.762977
0.978469
0.643863
1.303415
0.056533
-0.118143
0.295445
-0.007780
-2.330464
-0.699291
-0.107790
1.650128
-1.147366
-0.460868
0.015651
1.267215
0.423475
0.182205
0.433212
0.451696
0.765318
1.607042
1.025318
-0.259039
-1.047917
-1.608893
0.182365
-0.967875
-0.786482
-0.021297
0.599763
-1.316074
-0.950602
0.500099
-0.193072
-1.200716
-0.972267
-0.901164
0.908753
-1.091832
-0.035408
-1.451468
0.959001
0.660218
1.375765
-1.022602
-0.816410
-1.048358
0.317321
-0.498982
1.505077
-1.353861
-0.347746
-1.288401
0.541320
-0.095207
-2.545194
0.849685
-0.810274
0.363915
1.003871
0.804494
0.276976
-0.804350
-1.058270
0.964025
-0.952502
0.250548
1.741807
1.123950
-0.231293
0.590060
0.298824
-0.925889
-0.746877
0.675437
-1.131447
2.255704
0.307633
0.114188
-0.791018
0.918134
-0.292449
0.195440
-0.089128
0.976672
0.874719
-1.025924
0.699070
0.503960
-0.248507
-1.155961
-1.540131
-0.522392
0.755347
0.520944
2.282003
0.624165
0.182023
-0.824946
-1.035492
0.051856
0.655137
1.024231
1.264734
-0.335495
-0.835070
0.148953
0.858951
0.627037
-0.541764
-0.254924
-1.051772
-1.347081
1.723740
0.279340
1.038798
0.365845
1.790961
0.115607
-0.662695
-0.680264
-0.346182
-0.192432
1.701525
0.905330
0.127147
1.084347
-0.369706
-0.822670
0.372800
1.255793
1.396347
0.896459
-1.006575
1.349059
-0.299232
1.170613
1.890765
-1.734872
-0.147235
0.562689
0.155789
-1.552253
-0.778445
-1.126505
-0.584108
-0.372953
-1.071107
-0.428855
-1.596040
1.395216
1.323944
-2.538161
-1.036024
0.343747
-2.575580
0.032689
-0.226487
-0.718230
1.079327
-1.162769
1.359736
-0.264409
0.138568
-0.397408
1.222947
0.954593
-1.600528
0.438702
0.307043
-0.055923
1.711707
1.790186
1.908761
0.253404
-1.011921
-1.472203
0.596667
-1.109569
1.192859
0.025156
0.432655
-1.157191
-0.687469
-0.344797
0.317087
0.767134
-1.794799
-1.345694
-1.411055
0.107290
0.177009
1.952821
-0.540539
0.568228
0.658749
0.956386
1.082231
1.202155
0.737892
-0.546399
-1.735149
0.623320
-1.362258
-0.499590
1.453867
-0.564049
-0.452462
1.538660
-0.449097
-1.744062
1.174702
-0.811194
0.821770
-0.593175
1.080222
-0.253804
2.374876
0.156847
0.604885
0.172662
1.274444
-0.018025
1.117715
-0.491636
-0.329063
1.359513
1.162803
0.682712
-0.220548
-0.295564
0.636427
-1.040338
0.813744
-0.290392
0.276003
0.426283
2.032277
1.566329
0.322775
-0.034064
0.031952
-0.352812
-0.040728
-0.269323
1.417027
1.760068
0.705451
1.484514
-1.211733
0.884520
-0.406104
-2.015043
0.085885
-0.302151
0.217328
0.149777
1.082545
-0.575187
0.471010
-0.102701
-1.619426
-0.723222
-0.936838
-0.256772
0.274914
-0.679296
0.249718
-0.185602
-0.558974
0.420011
1.637263
-1.206254
0.729883
-2.351273
-0.706103
0.645924
0.915678
0.238524
0.719101
0.138167
0.238923
0.894684
0.814071
0.368724
-0.861154
-1.254186
0.649856
1.652303
-0.742619
-0.260848
1.252471
-0.739449
0.195171
-0.510480
-0.171724
-0.472389
0.051479
1.226601
0.667005
-0.271611
-1.621139
-0.770947
-0.406322
1.045094
0.670130
0.466007
-0.311161
0.456947
-0.375584
0.293582
-0.729983
-0.377346
-0.058885
0.519153
0.625395
0.539580
-1.154079
1.152897
-0.755051
-0.436110
-0.851759
-0.265003
-0.455827
-0.121882
-0.163288
-1.733777
-0.245450
-0.484149
-0.207675
0.951049
-0.189551
1.717850
-0.064877
-1.313474
0.022083
1.555088
1.154120
0.946354
0.854275
-0.328491
-1.696475
0.832513
0.569885
0.168315
0.413247
-0.472765
0.907384
0.362487
-0.523782
0.529662
-1.591542
0.789211
1.204281
-1.215754
-0.065984
-1.097713
1.877268
0.019971
-1.015372
0.990587
0.267904
-0.615588
1.676998
2.221133
1.242696
-1.143254
-1.305590
0.156312
1.584124
-2.245300
0.408426
2.392539
-1.594470
-0.275380
0.703843
-2.163419
1.552396
0.043108
-0.638655
0.156331
0.448392
-2.900254
-0.212476
1.264644
0.967149
0.123583
-0.623908
0.178140
-1.247734
-0.878610
0.034075
0.960545
0.355616
-3.092134
0.345306
-2.201986
1.597793
0.058706
-1.235418
-0.532178
-0.884617
1.342921
0.188948
-0.712515
-0.984745
-0.340268
-1.977171
1.422765
1.866399
-0.678771
0.008400
1.412032
-0.879609
-0.853054
-0.223598
0.768371
0.353176
-0.842320
0.809853
0.296754
0.174330
0.661728
1.591680
0.333661
-0.327913
-1.156125
0.821905
-0.007700
-0.075806
0.967096
-0.937099
0.172772
-1.071112
1.255935
0.672606
-0.160371
-1.550161
-0.073924
-0.649795
0.320792
-1.162897
0.420682
0.744695
-0.578703
-0.337314
1.421253
-1.668486
-0.176234
0.353076
0.405163
-1.294016
0.960633
0.443743
-0.231456
-0.069706
-0.203442
-0.746864
0.905911
1.164745
-0.922751
-0.726473
-0.713816
-0.780270
0.735573
-0.729021
0.546981
-0.784249
0.494043
-0.931845
0.301694
-1.110077
0.405476
-0.749097
0.545566
-2.067697
0.162208
1.210873
-0.594214
-2.108414
-0.381526
0.626769
1.291191
-1.421131
-0.079280
1.246906
-1.240075
-0.628265
0.621466
-1.967177
0.929915
-0.122513
-1.683217
0.329251
-0.673893
0.370902
1.657643
1.843292
0.132421
0.029715
-0.761648
-2.123544
0.184754
-0.586649
-1.150164
-0.194112
0.246144
-0.203291
1.031424
0.001039
-0.865966
-0.736737
-1.244570
0.512748
1.200304
-0.954589
0.312593
-1.127170
-0.012943
-0.743927
-0.215826
0.993590
0.683287
1.182679
-0.679009
-0.733764
-0.391958
1.230156
0.142112
-1.918528
-0.142220
0.014402
-1.224479
0.891032
0.800183
-0.622638
-1.972969
-0.371837
-0.645094
1.472765
0.404213
-0.230036
-0.183759
-0.338997
1.052167
-0.587828
0.814798
0.201261
0.530546
-0.070439
0.678098
-0.545763
-1.015484
0.395475
-0.878098
0.686257
-1.672922
0.803076
0.417764
0.551507
-0.878093
-0.364450
-0.763987
-0.258159
-0.009734
0.132801
-1.342858
-0.561311
0.003009
-0.276498
0.322588
1.009204
0.234923
-1.156919
0.320921
0.806186
0.932845
1.512150
1.408369
-0.748351
1.396342
-0.216941
-1.057768
0.261853
0.082049
0.229693
1.163677
-0.649774
-0.768363
0.333350
0.844378
1.103563
1.177823
0.957915
-0.828122
0.498223
-1.777894
-0.731664
-1.655066
0.135318
0.459837
-0.005997
0.667240
0.636609
0.350796
0.228058
0.543362
0.643128
1.085191
0.845917
1.232215
0.993479
0.176663
0.107464
-0.806611
1.897250
-0.608052
-0.453747
0.504911
-0.084225
0.848535
0.938378
-0.198741
2.558844
0.911867
-1.242953
0.461735
1.251861
0.601529
-0.418966
-0.307812
0.063280
1.347337
1.331708
0.810131
1.318737
-0.072358
-0.699464
0.857090
-1.563711
-0.229775
-1.236838
0.498449
-1.707124
-1.108369
0.056224
-0.486624
1.740307
0.068372
-1.662424
1.036953
0.417301
-0.942254
-0.305764
-0.022571
-2.335280
-1.298113
0.115841
-1.706741
-0.849589
-0.200394
-2.666076
-0.137370
1.875857
0.422437
-0.999555
0.745784
-0.616292
-0.633278
-0.334690
-1.767379
0.153492
0.554667
1.583233
0.008135
1.089211
0.969040
-0.380846
-1.370486
-1.223955
1.338420
-1.757708
-0.457166
-0.216789
0.288995
-1.513293
-0.050516
-1.050829
0.917805
-0.514290
0.644963
1.278332
0.020411
-0.975750
0.871892
1.277508
-0.848607
-0.737516
-0.848158
0.291069
-1.405577
-2.437043
-0.242115
-0.165916
0.063435
0.846258
-0.331703
-0.041025
0.878338
-2.083305
1.941567
-0.480991
0.977908
-0.163350
-1.057704
-1.011577
-0.995136
-0.823484
1.329969
-0.300449
-0.362986
-1.168222
0.033286
0.058449
0.561919
-1.435499
-0.634828
0.565307
-0.739379
0.499223
-0.827747
-0.887704
-0.401060
0.196624
1.256723
1.716009
0.661388
0.942293
0.606580
0.125866
0.100288
0.399567
0.534577
1.502265
-0.679523
1.224770
0.335574
-1.924173
-0.527404
0.385999
-0.190281
2.081278
-0.652164
-0.952129
-0.116052
1.286106
-0.918587
-0.095685
0.766655
0.070590
-0.917322
-0.638617
-0.287546
0.475956
-0.299178
1.041182
-0.238862
-1.909609
0.928202
0.191151
1.070583
-1.355788
1.548051
-0.044668
1.544255
-0.646622
0.887292
-1.220750
1.092896
1.761328
2.259226
0.067663
-1.428172
0.019491
-0.790215
-0.263411
1.209366
1.713842
0.456884
-2.792917
2.027985
1.982757
-0.340061
-2.519525
0.107741
1.209237
1.384964
0.474179
0.672072
-1.368216
1.362645
3.092792
0.280820
-0.068037
0.927879
-0.383229
-1.069463
-1.323696
0.229403
-0.100347
0.583720
1.440170
0.660086
-0.158750
-1.051033
2.856352
0.310763
0.079314
-0.701483
-2.204816
-0.163994
0.851016
0.889779
-0.250943
0.765668
-1.838466
-0.929083
0.844285
0.071478
0.743145
0.752660
-0.300028
-0.891793
0.378119
-0.892431
-0.725845
1.225556
0.435372
-1.061209
-1.065215
0.106868
1.561636
-0.524256
0.964388
0.791573
-0.368732
-1.534110
-0.686682
-0.076668
-0.507560
0.049256
-1.580572
0.402810
0.529456
-0.261776
-1.543628
-0.421495
0.714829
-0.721210
0.443236
-1.165521
-1.727614
1.666566
0.127642
-2.006401
2.265989
-1.100713
-1.714846
-0.998385
-0.122936
-1.500434
-1.064240
0.514713
-0.195983
1.072403
0.512959
0.261103
1.020387
1.862569
1.087225
0.177621
-0.667999
-2.390856
1.926581
-0.075082
-0.687579
-1.837544
-0.126657
0.406201
0.903125
-0.104506
-1.198127
-0.304746
0.778892
-0.519875
-3.049532
0.434483
0.508082
-0.045638
-0.622817
-0.336192
-0.465547
-0.803203
0.098666
-1.422509
-0.721408
-0.192744
-1.275066
0.382861
-0.201036
-0.341176
1.056793
0.830840
-0.375836
-1.700714
-1.015372
0.781418
1.333373
-0.058804
-0.153634
1.726262
0.537544
-1.444714
-1.029484
-1.061238
-0.146687
0.024845
1.282621
-0.645983
-1.552110
-0.734641
0.437597
-0.667893
0.203234
0.779205
-0.125818
-0.751110
-0.647446
0.245066
-0.902164
-0.597492
-1.185543
-0.808102
-0.341883
-0.089953
1.931570
0.099089
0.618038
-0.988189
0.727886
0.262267
1.480181
-0.454677
-1.085852
-1.029442
-1.270259
-0.285036
1.203862
0.450374
0.545479
-0.601875
0.417853
1.323557
-1.971224
-1.097284
1.296386
0.194056
-0.699319
0.196047
0.393694
-0.668041
0.263140
-0.099229
1.581123
0.535635
-0.090298
-0.218386
0.083517
0.223122
0.458529
-1.063281
0.215734
-0.786452
0.068819
-0.812220
0.972747
0.481362
0.964437
-0.010476
0.241172
0.312137
1.174039
-0.866758
0.311057
-0.431470
0.174324
0.540357
-0.668080
1.000289
1.670543
1.178907
0.509151
0.297291
-0.343069
-0.866232
1.316204
-1.851075
-0.457096
0.946887
0.533593
-3.992961
-1.152539
0.404817
-0.714879
-0.089973
1.144091
-0.562807
-1.596594
2.328410
-0.640401
-1.912536
-0.883154
0.570272
0.327493
-2.014394
0.596271
-0.211857
0.294060
1.069885
-0.732944
0.544755
-0.739763
0.846731
-0.546285
1.993277
-0.070678
2.369250
-0.477179
-1.318863
-2.186190
1.159256
-0.287991
1.311242
-0.173528
1.763828
-0.148220
-0.577518
1.603703
-0.217391
0.860693
-0.716374
0.502213
0.679540
0.775735
0.929626
2.117958
-0.117783
-0.692294
1.895549
-0.103718
0.860294
-1.306793
0.027836
-1.867690
0.871950
0.213364
-0.424658
0.292265
0.514214
0.778787
0.395513
-0.030855
-0.525409
-0.020822
0.586349
0.241061
0.254007
-0.050572
0.325725
0.047893
0.012421
1.164307
1.086693
0.193284
0.746875
-0.493637
-0.196749
-0.589803
-0.311400
1.200174
-1.174926
-3.643294
-0.723719
2.102317
0.377280
0.959800
0.634559
0.976037
0.584230
-0.423811
1.051070
1.421264
1.205262
1.170958
1.248164
0.111487
0.713970
-1.650740
-1.108957
1.078717
-2.245089
1.265716
1.096522
0.406524
0.420562
-0.187961
-0.679716
0.914284
0.022320
-1.956293
-2.034522
-0.319123
-0.653231
0.707508
0.897160
-0.222209
-0.754886
-0.871849
0.596951
0.401276
1.494467
-0.043038
-2.541327
0.229095
-1.783907
1.789875
0.977398
0.813835
0.367605
-0.457250
2.353455
1.725916
1.309470
-0.229820
-1.548613
-0.483133
-0.151533
1.191181
-0.130557
0.730699
-0.936520
-1.080712
-0.426766
-0.643826
0.453676
-0.471868
0.073285
0.945265
-1.591680
-0.043859
-1.605771
0.278023
0.107869
-0.401273
0.543364
-1.800221
0.064971
0.124579
0.871053
0.111542
-1.935706
-0.554851
1.252009
1.483995
-0.520949
-0.962437
0.846632
-0.556932
0.215722
0.095654
-1.029838
0.449754
0.193480
-1.449390
0.313052
-1.326033
-0.259263
-1.802790
0.569985
0.567940
-2.576926
0.933631
0.758535
-0.636566
-0.400141
0.923950
1.990606
1.403929
-0.534426
-1.600546
-1.129457
-0.698962
-1.043475
-1.807286
-0.291177
-0.374027
-0.266913
-0.669530
-1.013466
-1.748575
-0.288080
-0.094057
0.153083
1.291179
1.331754
1.110061
0.941122
0.639389
-1.349873
-0.148365
0.175597
-1.059122
-0.480676
0.037421
-0.263244
-0.274501
0.696814
-1.866598
-0.140658
0.759341
0.474565
-1.264478
0.600435
1.431605
-1.168509
0.242945
0.412104
-0.283725
0.033905
-0.403333
0.489817
-1.807189
-0.086024
0.348260
0.847643
1.799370
-0.485782
-0.949802
-0.008773
-0.977135
-0.878411
1.861003
0.424118
0.488911
-0.596076
-0.115742
0.218833
-0.927181
1.204948
-0.748751
-2.494821
2.324878
0.194804
-0.939601
-0.069559
1.126184
-1.439020
0.107487
0.245154
1.474148
-1.371497
1.459721
-0.224011
0.468046
-0.779872
-0.850969
-0.044561
1.041350
1.082419
-1.390046
0.838342
-0.572899
-0.760819
-1.491860
-1.113079
0.970511
-0.905294
0.060272
1.744932
1.391123
-0.282402
-0.024994
-1.876064
-1.907201
-0.279992
-0.454151
-0.349118
1.326554
0.315760
0.734925
-0.330677
-0.079398
-1.454711
-0.975090
2.571861
-0.437246
-0.393375
-0.287985
1.693258
-0.266782
-0.427663
-1.553500
0.586512
-1.177548
-0.341705
0.222630
0.867636
0.876859
0.484077
1.308465
1.775061
0.502083
0.808995
0.663799
0.211179
0.342089
-0.592162
0.268272
-0.427670
-1.037255
0.070360
-0.864776
0.541907
-1.743366
-0.330707
-0.572527
0.662763
-0.310129
0.532677
-0.701953
-0.840790
0.722419
-0.156367
-0.552408
-1.049145
-0.763926
-0.258130
-1.538860
-0.679611
0.808664
-0.171252
0.502200
1.124918
0.203896
0.123657
-1.450750
-0.480112
0.178676
-0.294072
0.931710
-0.365935
0.773111
-0.808261
-1.810344
-0.442108
-0.931159
-0.619063
-1.683609
0.622535
1.800472
-0.367589
-1.540254
0.506153
-0.701104
-0.204415
0.783895
0.687358
0.300375
0.271719
-0.748351
-0.265798
-1.103485
0.909383
-1.745531
0.280855
-0.665743
0.290880
-0.324647
0.130249
1.690901
-0.185237
-0.336351
-1.513487
2.331178
-0.080857
-1.118500
-0.165661
-0.268320
0.582576
-1.102560
-0.941978
-0.741778
-1.488599
0.145533
0.081881
1.815287
-0.364802
-1.047952
1.062497
-0.190233
-0.571314
0.615458
0.310531
1.337532
-1.438532
0.470399
-0.044628
0.216539
0.238958
-1.206988
-1.506984
2.805612
-0.446308
0.463007
0.385292
1.059512
-0.192498
-0.795989
0.551896
0.107350
2.064428
-1.337988
2.143927
0.068410
0.101503
-0.614891
0.066411
1.393216
0.138107
-0.472360
0.662081
-1.307944
-0.949010
1.513484
1.321862
-0.430740
-0.043625
-1.397198
-0.919761
-0.128469
0.938747
0.090871
-0.696014
0.894767
-0.439528
0.007854
0.033166
-0.410402
0.259079
2.332218
0.543351
0.398972
-2.211238
0.912744
1.085158
0.021088
1.107846
-0.050530
-0.544991
1.721257
-0.720529
0.152735
-0.515302
0.089933
-2.082255
0.713702
-0.686612
-0.311340
0.376613
-0.308667
-0.030791
0.929610
-0.021210
-0.737127
-0.397788
1.236249
1.022292
-0.581861
1.881735
1.149433
-0.018327
-1.165920
1.505795
2.761935
-0.794179
0.028772
-0.710777
-0.242499
1.647806
-0.635745
0.862020
0.140357
0.309105
0.208782
0.958278
1.246623
-0.095179
0.037042
0.093198
-0.035722
-0.958161
0.669135
1.461836
-0.940726
-0.188176
0.177929
0.228290
0.002459
0.955575
-0.086354
-1.642893
0.415532
-0.470278
1.020022
-1.029213
1.911061
-0.350666
0.336929
0.109936
-0.853046
-0.513461
1.252553
1.982364
0.888781
0.195264
-0.328790
0.636997
1.165717
-0.311011
1.950555
0.598788
-0.391823
0.189568
-0.854116
-0.149437
-0.939659
0.532566
1.486236
0.538683
1.083940
2.751236
1.061011
-0.307612
0.083934
-0.213276
-0.444384
1.113961
-0.537117
0.687873
0.621180
0.129590
-0.140080
0.326264
-1.601350
0.344850
-2.437086
0.009141
0.431837
2.413196
0.761064
-1.241721
-0.554830
0.267358
0.471800
1.052135
1.028705
-1.289418
-0.035899
1.269935
-0.188117
0.578608
0.321754
0.510953
0.652756
-0.103681
-0.815667
0.048689
-0.870575
0.033621
-0.143489
0.020656
-0.510279
0.031260
-0.051265
0.396369
-0.946293
1.728229
0.029153
1.686219
1.047941
-0.149302
-0.460714
0.711056
-0.791735
-0.349213
-0.110722
1.299098
0.082302
1.351879
1.658386
-0.543969
-2.400099
0.483447
0.242905
-0.389587
1.574856
-1.886660
0.501473
-1.054962
0.688646
-0.559133
1.737210
-1.058639
-0.703079
-1.759548
0.576852
1.011086
-1.080735
0.703996
0.257052
0.220272
0.363649
-0.061961
-0.425412
0.170273
0.232128
-0.278930
0.314831
-0.221922
-0.034317
-0.669364
-0.748201
0.315242
-0.609427
0.556461
1.086130
-0.364506
1.115870
0.750507
1.670647
0.970113
0.979200
-0.474734
0.800035
-0.867248
0.021201
0.136596
-1.920190
-0.668622
-0.266486
-0.797719
-0.190703
1.166028
-0.804274
0.992558
-1.227604
-0.777742
0.442311
-1.031475
-1.164686
-0.114860
-0.082248
1.295031
-0.158303
-0.380111
2.118104
1.137757
1.171495
-1.471057
0.437430
-0.334578
-0.208075
-0.431001
-0.335994
-0.603735
-0.450958
-0.207104
0.495369
-0.920941
-1.625073
1.335021
0.578447
-0.741800
-1.078137
-1.461122
0.853269
-0.260724
0.563983
-0.560047
-1.198676
1.956364
0.969050
0.254627
-0.383729
-1.234741
-0.167078
2.937265
0.867846
1.129127
1.574751
-1.681082
-0.293350
-0.622511
-0.388234
-1.363030
0.009294
-0.563989
0.275951
-0.282818
1.152882
1.189500
1.178229
1.740957
-0.371995
2.290957
3.070416
-0.946120
-0.251833
-0.630925
0.570621
-0.416312
-0.093993
-1.115013
-0.461360
0.039827
-0.253423
-1.907146
-1.828047
-0.486610
-1.318453
-1.417942
0.220954
-1.124993
-1.903841
-2.766310
0.666466
1.017555
0.177315
0.242016
1.514468
0.026081
0.391720
0.218748
-1.195281
0.041224
0.133547
-0.334008
0.076282
1.126857
-3.050186
-0.824566
1.723717
-2.821974
-1.833025
0.780904
-0.362184
1.724787
-0.184842
0.382775
0.885129
0.115666
2.028510
0.890992
-0.791390
-0.402392
1.439759
-0.212112
1.321540
-0.102192
-0.267960
-0.601824
0.075178
-0.241154
-0.872883
-0.745249
-0.914615
-0.312671
-0.014896
0.372293
1.448355
0.312506
-0.432115
-0.362896
1.536508
-0.486426
-0.495248
-0.473060
-1.536519
-0.749645
1.218045
-1.207924
0.667439
1.086468
-0.223240
-0.172562
-1.030006
0.851150
1.154071
0.268450
2.063346
1.585090
0.993640
-1.776706
0.257503
-0.283703
0.980131
0.095581
-1.317153
0.074058
0.719985
-0.334616
0.248040
2.281663
-0.790124
-1.212400
-0.700669
-3.100360
-0.407168
-0.240418
0.327947
-0.199162
0.806416
1.303205
-2.359048
-0.086062
-0.041475
-0.768241
-0.658999
-0.312355
1.507914
0.200193
-1.242387
-0.802583
-0.294400
0.786050
-0.599391
0.045299
-0.117322
-0.317116
-0.604019
0.469889
-0.282141
-1.867701
-1.048880
1.026215
-0.957676
1.359974
-1.784786
1.275060
1.372945
-0.026361
-0.929910
-0.155346
-0.561915
-0.270803
-0.570721
-0.394348
0.324314
-1.265224
1.342824
-0.471686
-0.147140
0.584514
0.779847
-0.297098
-0.287960
1.174134
-0.302975
-1.028634
-2.527274
1.886314
0.593836
-1.556811
0.166167
1.094820
-0.442202
0.464194
-0.860887
-1.797721
-0.633883
-1.557786
1.367537
-1.801869
-0.468071
-1.352968
-0.329544
-0.028983
0.898569
0.514464
-1.534069
0.741566
-0.495256
-1.268089
1.549428
0.989626
1.133721
0.117225
0.500351
0.310494
0.864249
-1.987304
0.290190
-0.889688
-0.393359
-0.369179
-2.239862
0.400927
1.461088
-0.210969
0.321207
1.192383
-0.944738
-0.767761
-0.019995
0.700780
-0.996619
0.188016
-1.596027
1.194154
1.388580
0.305136
-0.491482
-0.055111
0.827197
-0.087526
0.591307
-0.332761
-0.663321
1.162590
0.563548
1.579574
0.732305
0.514051
0.797337
-1.049167
-0.861537
-0.085554
-1.176324
0.698502
0.721481
0.303907
0.786997
0.764508
1.682374
-0.322420
-0.691339
-1.037562
2.259571
0.325495
-3.284110
-0.982956
0.617344
-1.914682
1.638469
0.318850
-0.954133
-1.345862
1.127869
0.394369
-0.281616
-0.667038
1.744993
1.688574
1.603152
0.164159
1.335580
-0.579447
-1.450496
0.084443
0.249341
0.146355
-2.497296
-0.446541
-1.253403
0.995743
-0.717917
-0.994070
-1.513975
-0.354997
-0.061359
1.637130
-0.327718
-0.704914
-0.034548
0.823840
-0.077994
0.179257
-1.148255
-0.693283
0.694125
0.012048
1.084258
-1.115729
-0.215677
0.191753
0.248414
1.132552
-0.808403
1.906142
0.214046
2.516280
0.169420
0.287569
-0.474689
0.226809
0.610772
0.899294
1.253805
1.082577
-2.598024
0.861514
-1.226265
-1.225599
-1.733755
-0.007015
0.800921
1.048275
0.137957
1.414277
-2.759936
-2.666897
0.572009
1.092711
0.522472
-1.581836
1.626734
0.845327
-1.315489
0.756447
0.882367
1.748845
-2.108816
-0.307152
-0.986506
-3.340804
0.887811
-0.508959
-1.700244
-1.686992
-0.707414
-1.564083
0.095099
-1.550079
0.620809
-0.366185
-0.848372
0.193715
-1.332302
-0.385287
-0.224514
0.544449
2.329395
0.101838
0.090060
-2.043076
0.184524
1.058515
-0.426694
-0.274586
-0.989547
-1.422021
0.108660
0.713772
-0.707126
-0.672726
-1.117132
1.100394
1.451664
0.267442
0.774614
-0.444341
-1.483950
-0.474423
0.621215
0.128576
0.412603
-0.819486
0.279750
0.743150
-0.671284
-0.591532
0.047847
-1.962701
-0.142977
-1.160477
0.724887
0.528518
0.391266
0.820090
-0.018756
0.309222
0.821555
-1.214702
0.869149
0.178227
-0.384695
0.218584
1.012308
0.584595
0.801404
-1.292804
0.233719
-1.012747
-0.102158
0.427749
-0.421774
0.838068
0.901437
-0.503391
0.340049
0.037860
1.412833
0.860108
1.422476
-0.501479
-0.129906
-1.086143
-2.195729
-0.472432
-1.280479
0.884808
-1.023204
-1.928693
1.950620
-1.210419
-0.817069
1.639949
-0.230646
-1.486333
-0.908218
-0.259257
-0.648904
-1.125380
0.240394
0.007618
-0.615535
-0.627339
1.213834
0.125927
-0.436083
-0.285535
-0.932128
0.288951
0.019164
0.319791
0.148124
-0.338069
-1.406461
-0.148139
2.021621
0.135812
0.329531
-1.379956
1.049595
-0.602347
0.712218
-0.290505
0.074025
1.881799
0.041668
0.672418
-1.274424
0.380283
-0.346743
-1.120674
1.270924
-0.036067
-0.420551
0.847979
-0.215857
-1.033033
0.449630
0.278155
-1.973497
-0.771247
-0.162736
0.259232
-0.558487
0.363969
-1.870085
0.053216
-1.029689
-0.752133
-0.284843
-0.102341
0.392000
-1.011551
-1.203775
-0.568237
1.368539
-0.032513
0.160580
-1.959218
-0.753604
0.544884
-0.418768
1.535137
0.724762
-0.128429
-0.770052
-1.390450
0.229945
-0.061241
-0.495563
0.403768
-2.323290
-0.516318
-1.153564
0.147479
-0.306264
-0.338035
0.443440
0.164909
-0.025319
-0.259412
0.345551
-1.122002
1.143935
1.933002
-0.266418
0.655547
0.402911
0.684440
0.520142
-1.788289
-0.063968
0.914508
1.187597
-0.230339
1.455568
0.075944
0.319293
0.190065
0.169429
0.229947
1.125285
1.334832
-1.412751
0.817844
0.310434
0.098352
0.347809
-0.803373
0.452621
-0.207997
-0.333210
-0.774224
1.086545
0.381787
-0.888657
0.930087
0.292951
-0.115737
0.772826
-0.697543
-0.968484
1.319432
-1.782913
-0.341271
-1.237597
-1.077503
-0.583853
-0.792558
-0.550971
1.313384
0.320647
1.332571
0.492505
1.997069
0.495184
0.131197
1.489319
0.559416
0.496635
1.294801
-0.894642
0.342429
-0.432827
-0.838309
0.348483
-0.566461
-1.580554
-1.207526
1.000982
-1.155524
-1.108148
0.266688
-0.084328
-1.401381
-0.058702
-0.540975
-0.916140
-0.004932
-0.560941
-0.994766
1.799025
2.104275
0.324646
0.814286
-0.431809
0.074945
0.525539
0.845317
0.534229
1.378973
-0.187180
0.128206
-0.891559
-0.054228
-0.104417
-1.579314
-1.075629
-0.976958
-0.378339
-0.179295
0.167643
0.971835
-0.332742
-0.919788
-0.699021
-0.781270
-0.787258
1.036289
1.064969
0.326052
2.101832
0.004088
-2.093158
0.681066
-0.895618
-0.624695
2.649007
1.486016
-1.130030
-0.009823
-0.366552
-0.115573
-0.221636
0.032941
-0.345216
-1.665124
1.199696
-1.084931
0.057529
-0.682342
0.459584
0.436517
-1.062575
0.647969
0.115289
0.635155
0.865532
-0.190094
0.619460
1.324921
-2.990289
-0.982934
2.304111
0.829109
-0.669005
-0.297339
0.285404
0.251269
-1.003815
0.074584
0.683530
-0.301957
0.065684
0.276393
1.057489
0.252871
-2.064908
-0.252558
0.563380
0.712258
0.623145
1.213043
-0.341789
-0.627403
-1.082681
1.384573
-1.631428
0.932539
-0.282849
-1.129464
0.321341
-0.141285
-0.573910
-1.852395
0.137555
0.852446
0.979596
-0.419114
-0.110502
-0.804444
1.771846
-2.177325
-1.956577
-0.079080
1.521402
-0.944691
0.215120
-0.793173
0.109135
0.069072
-0.276806
-0.188463
-0.055157
-0.858262
0.744418
-0.328969
-0.420642
0.648278
-1.803795
-0.621584
0.296633
-0.586093
0.207269
0.384902
-0.016334
0.741917
-0.728233
0.323011
-1.027842
0.201481
-0.194517
-0.087856
0.580743
0.423552
0.599156
-1.696151
-1.723502
-0.165378
-0.022929
0.371818
-0.528210
-2.001744
-0.572383
-1.078452
-0.157048
-0.417184
1.109362
0.853856
-0.657856
0.245804
1.457266
-0.424659
0.509784
0.636035
-0.256023
0.021948
-3.165300
0.752591
0.162385
-1.198124
-1.541906
-1.282133
-2.325075
-0.039054
1.949205
-1.659250
-0.255009
-0.858433
-0.626424
0.090518
2.394049
0.881219
-2.607468
0.546762
-0.282686
-1.790768
-1.622330
0.094573
-0.679064
-0.035294
-0.612291
-0.768366
-0.539252
-0.398201
0.867902
-2.168060
-0.514072
0.826520
1.546351
-0.561871
-0.944650
-0.921820
-0.548726
0.546855
-0.193527
0.282849
-0.794849
-0.038931
-0.758027
1.251911
2.500527
-0.462616
0.737699
0.756503
2.008314
0.845109
0.864709
0.084571
0.604585
-0.294050
-0.710867
-1.618255
-1.153660
-0.523293
0.893242
0.076690
0.225019
-3.311191
-1.207043
-0.552805
0.281478
-0.072716
0.450140
-0.530498
0.022062
0.540908
0.552018
1.110356
-0.751999
-2.410158
0.852235
0.312252
-1.381318
-0.906648
0.050311
-0.568270
0.834432
0.045511
-0.500744
-0.022051
0.613871
-1.513078
-0.823185
-1.286257
0.075752
-0.383482
0.991286
-0.215257
-1.853006
-0.856929
0.836407
0.188499
-0.883821
-1.434513
0.462181
1.855494
1.776454
0.240864
-0.398813
-1.317644
0.331352
-1.540441
0.806699
0.614131
1.064792
-0.590316
0.440716
1.093773
-0.684621
-0.825568
0.030149
1.172609
0.554769
-1.903615
-2.150711
0.943940
0.830425
0.802286
-0.039531
-1.772689
-0.713114
-1.353538
-0.229502
0.636074
0.330548
0.170085
-0.424650
-1.052276
-1.601496
0.844589
0.451940
-0.734608
-0.954136
0.066087
-0.279602
1.511278
-0.228844
0.793329
0.945748
0.043712
1.027201
2.618767
0.293866
0.000244
-1.885631
-0.280155
-0.809897
0.239126
-1.508894
0.115403
0.167701
-1.089303
0.127973
-1.174234
0.081548
-0.468849
1.969316
1.139378
0.756679
0.033295
-1.108851
0.606023
0.316897
0.948917
0.891582
-0.074491
-2.967469
0.220423
1.396960
2.887569
1.138270
0.075746
-0.366668
0.065910
0.066842
-0.574951
-0.234017
-0.554311
0.226224
0.322954
-0.370300
1.284354
-1.358891
-0.406340
0.398478
0.474687
-0.515529
2.068871
-0.736670
-1.288436
0.030687
-0.627815
1.647952
1.273357
-1.511412
0.587434
1.416418
2.110929
0.693626
-0.780127
-0.142425
1.422865
0.766046
0.075784
-0.318437
1.646448
-1.318589
-0.646249
0.544914
-1.392732
1.190431
0.540757
-0.033095
-0.391975
0.745698
-0.604302
1.786522
-0.308624
1.016549
0.227137
-0.734339
-0.606337
-1.827345
-0.898869
0.366675
0.265734
-0.273648
-0.758923
0.268485
-1.122380
-1.147499
-1.284557
-0.315280
0.367902
-0.211358
0.597556
-1.975876
0.224067
-0.509043
-1.287008
-0.084978
-1.167938
0.496667
-0.667599
-0.459452
-2.647449
-0.368569
-1.219085
1.205700
-1.160365
1.123178
-0.540758
-0.582155
-1.812085
2.394088
1.263017
-1.484700
0.000218
-0.271834
-0.614849
0.621256
-0.812730
-0.222831
0.653062
-0.291847
0.898284
-0.314857
0.019283
0.152885
-1.095534
0.168305
0.751868
0.026315
-0.548112
-1.016678
-0.032664
0.630634
-1.056937
-1.310073
0.845072
1.138331
0.216174
1.487358
0.106299
0.013190
-1.048315
0.859763
-1.776797
1.586354
2.782354
1.661921
0.327219
0.637343
-0.316548
1.028924
0.094919
-1.544069
0.305036
0.119923
-1.253096
1.290382
-0.024148
-1.695502
0.464439
0.258919
-1.309711
-0.550007
-1.081299
0.608999
1.715666
0.416874
-0.615513
-0.119557
0.195851
2.219666
0.789263
0.740128
-0.239107
0.951804
0.510469
0.721576
1.320606
0.264588
1.182429
0.941751
0.760439
0.151956
-1.502010
-0.423848
1.381382
-0.324001
-0.908786
-0.429638
-1.505620
1.038031
0.917958
-0.208013
0.426164
-1.248020
-0.106745
-0.184375
0.224394
1.251035
-0.409064
-0.341027
-0.874221
0.022171
0.031113
1.982966
0.409666
0.566222
-0.624569
-1.755526
-0.054847
1.268026
-1.444771
-0.756532
0.584272
-1.827768
0.145634
-1.091861
-0.964966
1.306404
1.160018
1.137943
2.156519
-0.868996
1.563622
0.436843
-0.659415
0.237811
-0.038601
-0.202049
-0.717103
0.752313
-3.008740
-1.209676
-1.483069
1.113225
-0.073675
0.227841
0.860781
0.023004
-0.010071
0.566314
-0.457398
-0.314722
-0.591661
0.363376
-1.730925
0.741554
0.978895
0.445488
0.999674
-0.717272
0.450046
0.209709
-0.130098
0.368342
1.602193
1.349205
0.596640
-0.286968
-2.201407
-0.646636
-0.414158
0.032258
0.276480
0.052390
0.997692
-0.441875
1.196238
0.879598
1.339454
-0.512774
-0.531119
0.862692
-0.742356
0.930955
-1.429085
0.085809
-2.649521
1.697873
-0.434912
-0.383162
-0.068486
0.744289
0.532243
2.061284
0.124103
-2.364904
0.368079
0.125193
1.762318
0.321036
-0.284074
0.734618
0.156839
-2.141614
0.051819
1.253395
0.853679
-0.280989
-0.478966
-0.734675
0.594674
-0.799687
-1.396672
-1.727129
-0.727710
-0.045550
1.659911
-0.243772
-1.466859
0.000558
-0.692987
0.992417
0.114691
-0.072390
-0.317169
0.466121
-1.272176
-0.996828
1.431071
-0.164445
0.218497
-2.400105
0.533585
0.857053
-1.225344
2.622810
-0.897817
-0.473739
1.282061
-0.257212
-2.362222
1.632422
0.293700
0.413649
0.495486
-0.641799
3.047481
-1.447237
-3.382438
-0.529484
2.283489
-0.291520
-0.583486
0.673610
-1.068598
-1.062217
-3.086078
-0.152957
-0.934133
0.602650
-1.604789
0.560078
0.247154
0.388866
-0.574508
1.136812
-0.187592
-0.245736
1.078897
1.324562
0.408422
-0.908286
1.370189
0.563945
0.655209
0.239398
0.569680
-1.878224
0.160334
-1.032752
-0.190168
0.595563
0.803374
-0.381750
0.462367
0.562244
-1.957618
-0.212489
0.053234
1.787213
1.093527
-0.683482
-0.020905
-0.255763
-0.032218
-0.454618
-0.629289
-1.874216
-0.847657
-0.020891
0.933409
1.397612
0.756024
-0.607686
-0.494019
-0.221868
-0.024783
0.401030
-0.209953
1.634603
1.074913
-0.780304
-0.634888
-0.615234
0.949823
0.200139
-0.526326
-0.805863
1.046952
0.322603
0.116682
0.941827
-1.381704
-0.275420
0.658738
-1.165860
-0.500833
0.671588
1.027064
0.694970
1.031019
0.333584
-1.101542
-1.672631
0.074061
0.327770
-0.372751
0.186205
0.260580
1.862676
0.070781
-2.110814
-0.621853
0.423110
0.217333
-0.731482
-0.788337
-0.134394
0.486702
-1.647850
0.805251
1.026729
0.074236
0.027362
1.416925
1.904393
-0.383894
0.524537
0.265091
-0.323532
-0.870588
-1.547431
0.603611
0.071483
-1.141380
0.143511
-0.629525
-0.076543
-0.105859
-1.446691
-0.648562
0.013222
1.430515
0.364253
1.351788
1.344799
0.735806
0.741474
-1.242792
-0.394613
0.164852
1.189505
-0.259469
0.855483
-1.094602
1.164839
-0.288670
-0.793540
0.037615
1.361914
-1.395319
-0.131256
-0.430596
-0.734703
1.250419
-1.113813
1.891494
0.666820
0.531474
-1.144643
0.847059
-0.356000
1.832811
-1.082578
1.553266
1.434629
1.650840
0.116637
-1.757873
-0.221011
-0.338282
-0.760614
0.703707
-1.421205
0.751239
0.127377
-0.019324
1.832702
0.149338
-0.075678
-0.035534
-1.644607
-0.827982
-0.086273
-0.610130
0.640170
-0.160217
-0.975516
0.321715
0.161777
1.219754
0.192203
-0.472549
-1.237366
-1.749646
0.599129
-0.549891
0.067331
0.837511
0.858147
0.931066
-1.327135
-0.128038
1.729726
-0.273505
1.178773
2.291786
0.838460
0.990316
-0.291614
0.338282
1.033120
0.390365
-0.600444
-0.596775
0.944653
1.422227
0.026150
-1.411361
-1.848244
-1.047979
0.684189
-2.352416
-1.119598
-1.063155
0.322869
1.169385
2.593445
-0.457894
0.177610
0.083814
0.803910
0.536463
0.192689
0.483699
1.113258
0.115462
0.137214
-0.282630
-1.164481
-0.080941
-0.445185
-1.110009
-0.583876
0.314205
-0.651534
-1.353598
0.367538
-2.681818
-0.444457
-1.164027
0.014035
-0.382637
-0.710944
0.657739
0.025732
-0.478472
-0.649141
-1.192011
0.727211
-0.414537
1.347129
0.302837
1.928070
0.885655
-2.265751
-0.173802
1.112170
0.856586
0.059808
-1.136739
-0.316663
-0.472794
0.108601
0.066149
-0.559805
-0.281846
0.761849
1.042022
-0.012482
-0.246018
-0.240271
0.280339
0.634767
-0.739501
0.371701
1.889904
0.732401
-0.253152
2.148579
1.171453
0.766236
-0.739672
-1.258796
1.221446
-1.106052
0.246613
-0.066343
0.575492
0.081945
1.241032
-0.066328
-0.855616
0.147200
-0.137129
1.443034
0.163317
-1.114111
-1.442151
0.258490
0.110980
0.513392
-1.627453
-0.319864
1.509196
-0.541139
0.440772
1.653915
-0.199677
2.656571
0.042284
-1.186129
0.673950
-0.058248
0.087855
-0.072035
-0.980957
-1.048510
0.129893
1.501191
0.387231
1.392279
-0.852761
-0.199214
-0.325734
-0.221381
-1.523487
-0.197440
-0.829467
1.255836
0.733093
0.668200
0.879497
0.610846
0.554435
-0.679448
-0.779646
-0.702670
-2.143498
0.041166
0.364296
-1.105271
0.265863
-0.452062
1.209520
1.557783
0.318954
-1.258892
0.869748
0.292644
1.049771
-1.797003
-1.826533
-0.099435
0.374462
0.283996
0.550891
0.523124
0.769547
0.235300
1.088966
-0.038550
-1.606424
0.285511
-0.490910
1.245114
0.354958
-0.130383
-2.435294
0.550253
1.409754
-0.814353
-0.458383
0.562588
-0.053014
-0.009206
0.031758
-1.382170
-1.140083
0.234195
2.057006
0.617206
-1.974110
0.993052
1.048996
1.261401
-2.065599
-0.615446
0.355596
-0.270090
-0.997903
-1.850724
0.918441
-0.362214
-0.143702
0.938355
0.025054
0.510784
-1.486523
0.681008
-1.981566
1.155744
0.104051
0.828018
0.802865
-1.102434
-0.703532
-0.027442
-0.665524
-2.071531
0.272695
-0.679238
-0.123133
1.445815
0.231497
-0.657372
0.671246
-0.765305
1.497249
-0.973527
1.585492
0.254255
-0.156503
-2.348905
0.015331
0.776272
-1.413809
-1.546660
-0.269173
1.602989
0.761615
0.948059
0.912896
-0.781403
0.631535
-1.140687
-0.079344
0.740853
0.359862
-1.622495
0.760588
-0.414152
1.971726
-2.048983
0.320397
-0.546763
-2.452342
-0.929647
-0.204059
-0.521850
1.471527
0.999884
-0.425837
-0.164642
-1.005292
1.801208
0.784548
0.816160
-1.870601
0.053886
-0.520376
0.305779
-0.337786
0.271077
0.139675
-0.096856
-1.647928
-1.209133
-2.356112
-0.023623
-0.404642
0.020407
-0.248968
1.771805
0.743036
0.305140
-0.308184
0.653071
0.665331
0.901532
1.218596
1.239201
1.011739
0.170870
-0.096857
-1.028801
-1.439504
0.488813
-0.148140
0.234980
1.038775
-0.891827
1.181958
1.146901
-0.886327
-0.076861
1.610378
0.256420
-0.654046
-1.481975
0.339275
2.345791
-1.929060
-0.593193
3.803844
0.015042
0.476459
-0.776559
-0.142277
-0.027620
-1.099826
1.019799
0.777009
1.260769
0.330372
1.359900
-0.150213
-0.966060
-0.203387
1.826842
0.710291
-1.292471
1.480040
1.284868
-0.631728
-2.058085
0.716949
0.888230
0.912201
-0.019119
-0.926666
-0.730806
1.114258
-0.470124
-1.500579
-0.483640
-0.551197
0.809312
-1.271397
0.443198
0.559856
0.138254
0.528457
0.085546
1.033958
-0.962712
-0.086777
-0.562048
-0.044970
-0.543648
-2.098189
-0.239364
-1.079770
-1.130777
0.275364
0.733920
-1.478380
0.084619
0.449683
0.463761
-0.513822
0.889553
0.402522
0.454090
-0.255326
0.047617
0.360780
-0.945880
0.513007
1.088787
0.032433
1.724998
-0.550616
-0.226509
0.173044
-0.867291
-0.951714
-0.682000
1.892563
-0.526259
0.271069
-0.036821
0.249930
0.114592
0.424908
0.522147
-0.629058
0.585854
-0.750048
0.488540
-1.088867
-0.175140
-1.080022
-0.504470
-0.682482
0.336747
-0.066288
0.000486
0.397493
0.987826
-0.220382
-2.333958
-1.371319
0.701045
-0.179214
1.639899
-1.352853
-0.048531
1.645703
-1.522804
-0.962210
-0.721229
0.170837
-0.194322
-0.179101
-1.597322
1.070083
-0.026342
-0.078309
0.509605
0.235937
-2.090452
1.334338
0.026720
1.016981
-1.657450
-0.763510
0.097886
0.863663
0.266177
-0.975855
0.670627
-1.148776
0.727676
0.040119
-0.823267
0.112166
1.841459
-0.528893
-0.594256
-0.054991
-0.353553
0.461308
-0.800095
-1.129376
0.707811
0.238100
-0.226002
-1.028799
0.605978
1.050033
0.406240
0.537139
0.004728
1.670520
0.456350
0.224414
-1.642867
-1.843844
0.314568
-0.461435
0.470003
-1.769651
0.000075
-0.097691
0.597748
0.273386
0.371236
0.755336
0.367283
1.192875
1.405478
-2.325838
-2.929755
0.274372
-0.723548
1.596978
-1.868209
1.427247
-2.392843
-0.795169
-0.371803
-0.211187
-0.408031
0.480477
1.641986
0.951487
0.668091
-0.550994
-0.022279
-0.101595
0.169924
-1.251642
-1.592199
0.032350
1.321467
-0.018593
-0.488527
1.002714
0.060440
-0.587623
-0.267306
1.141754
-0.521658
-0.908080
0.250532
1.550307
-0.580210
-0.543198
-0.820783
-1.852324
0.791063
-1.513110
-0.534674
0.855188
-0.807980
0.351473
-1.011921
0.122201
-2.304319
-0.570867
0.554392
-0.894006
0.214141
-0.412408
-0.037321
-0.483611
0.989574
1.371093
0.309401
1.081001
0.741352
0.027292
-2.605973
0.711803
-0.356556
-1.583782
-1.806974
0.031431
0.751926
-1.618729
-0.065654
-1.272529
-0.062801
-1.266024
-0.269469
-0.932280
-1.717885
0.388472
1.131318
-0.884043
-1.517068
0.870161
0.660444
-0.309557
1.155989
-0.007416
0.956330
0.525362
-1.127550
2.161184
0.281564
1.001931
0.396736
-1.351704
-1.675737
-0.490993
-0.215037
-0.419607
0.086358
-1.169587
-0.209777
2.713296
0.664020
-0.310725
0.192769
-1.176623
0.548117
-0.020347
1.592103
0.825324
0.275046
-0.339574
-0.199511
0.287671
-1.270564
-0.417349
-1.030756
-1.925936
0.301018
0.586494
1.138234
2.524618
-0.517824
0.848239
0.964828
0.556038
-0.227671
1.096482
-0.298150
-1.109105
0.297533
0.669379
1.244106
1.252766
0.174237
-0.268744
0.890672
1.186372
-1.331926
0.138414
0.970471
0.611517
0.137364
-0.433903
-1.555242
0.613922
2.321057
0.567365
-1.506642
-0.949695
-1.823087
0.281716
1.341214
-0.312541
-0.792639
-1.883970
-1.502909
-0.481254
-0.807678
0.163976
-0.710715
0.903755
1.124565
0.460850
1.493600
0.832883
-0.122492
0.856520
-0.820263
-0.117522
2.642729
0.749796
-0.104344
-0.549734
-0.180561
0.212702
-3.039063
-1.045682
0.250009
-1.022549
-0.752257
0.132067
0.096054
0.275477
0.710494
0.464662
0.864646
2.865301
-2.156332
-0.928190
0.397279
-0.922903
-0.299853
-0.340996
1.215857
-1.619394
-0.440182
0.123965
-0.199678
-0.804967
-0.359882
0.237966
0.770130
-1.618260
-0.858135
-0.247052
-1.749106
1.480777
-0.561476
1.220977
0.290493
-0.026520
0.569520
0.161717
0.772609
1.048683
-0.370407
1.173022
-0.531277
1.339757
-1.044319
-1.322613
-0.204189
-1.565099
-0.099584
0.220848
-0.424969
0.997736
0.559155
-0.069353
-0.952786
0.731364
-0.115494
0.614723
-0.534428
-0.446141
0.616607
1.197079
0.344103
0.999579
-0.139902
-0.211029
-2.044647
2.642651
1.744214
-1.239421
-1.107913
0.293561
0.072570
0.369567
0.506584
-1.067295
0.564573
0.722844
-0.889764
0.422111
-0.436668
-0.478592
2.038570
2.546324
-0.943359
-0.942793
-0.751916
-0.666382
-0.350229
-1.465926
0.218405
0.388373
-0.544582
-0.434022
3.702938
-2.925478
0.094256
0.716433
-0.478645
-0.117512
-0.697939
0.293213
-2.553898
-0.622378
0.225715
-0.376370
0.813711
-0.599285
1.324318
-1.237666
-0.052922
0.375249
-0.292728
-0.862412
-1.723724
1.181159
-0.374415
-1.154193
-1.525279
1.360926
0.335267
-0.794057
-0.584779
0.067809
-0.232763
-2.027987
0.025168
-1.405617
-1.646413
-0.242274
0.837013
1.565768
-0.453793
0.731818
-1.016938
0.739254
-0.377589
1.758920
-0.961266
-1.507241
-0.984944
0.221512
-1.233300
-0.112668
0.151333
1.515586
-0.820894
1.806189
0.175095
0.016532
-0.025238
1.773694
0.588437
-0.911901
-0.698976
-1.016476
0.029954
-0.030318
0.504924
-0.662192
-0.214717
0.213048
-1.016927
-1.079612
0.968252
-0.248421
-0.098371
0.423130
0.971411
-0.332379
1.594148
0.030544
0.464127
1.120407
-1.727349
-1.958891
-0.099592
0.421447
0.239109
-0.855042
0.517482
0.643525
0.736287
0.299085
1.629925
0.047098
-1.412490
2.000182
2.404345
0.475649
0.392470
0.309839
-0.073001
0.064488
-0.587940
3.172339
-1.130998
0.481206
-1.050488
1.618362
-0.650814
-0.372937
0.880009
-0.121775
-0.754146
-2.091288
0.017304
-0.302667
1.938688
-0.545069
-0.884094
-1.017285
0.228252
-0.730802
0.017845
1.103642
1.049038
0.014571
-0.657002
0.645385
0.806861
-0.995197
1.635320
0.287116
-0.118687
-0.717868
-0.270200
0.787048
1.235422
-0.523306
-0.985602
-2.376612
-0.346074
0.829226
-0.112081
-0.592638
1.563676
0.503345
0.071869
0.041075
0.317249
1.050745
0.015993
0.447839
-1.422966
0.792089
0.186673
-0.889951
1.515077
-0.737204
2.334493
1.717518
-0.236305
1.243534
0.120954
2.104027
-1.078593
1.035765
-1.203572
0.607171
-1.233147
0.083174
0.515803
1.251411
0.585795
0.551187
-1.030500
-0.745094
0.875206
-0.822046
-0.575198
-0.385246
0.406613
-1.492287
0.539069
1.032579
-1.065881
0.886081
-1.055725
-0.343526
-0.383138
-1.536610
0.704573
-0.422692
0.245448
-0.902584
0.541888
-0.065313
-0.654279
-0.247191
0.636416
1.254831
0.801861
-0.092471
1.747490
-0.024273
0.759447
0.259153
1.263151
-1.025534
0.500229
-1.473761
-1.718845
1.586294
-0.770422
0.215886
-0.685957
-1.465749
0.142039
-0.738315
-0.674308
-2.770718
-0.115108
-0.627964
-1.658449
-1.248752
-0.175810
-0.297606
0.628154
-3.089140
0.663051
-0.988320
1.552233
0.603402
0.281272
-0.221048
0.014646
-0.354333
-0.483330
0.971326
-0.263881
-0.687085
0.279928
0.257972
0.036868
0.731059
0.226204
-0.201626
1.067125
0.062523
0.660433
0.652907
-1.174443
1.370101
-1.009494
0.517463
-0.850148
-0.378522
0.288890
0.825281
1.714209
0.775933
-1.712708
0.584532
-0.319221
-0.125415
-0.191873
1.232167
2.639388
0.282405
-0.612325
-0.358267
0.955358
-0.561833
-0.224744
-0.803247
-0.408077
-0.974876
-0.270648
0.520116
0.042828
-0.601886
0.746020
0.024744
-0.050282
-0.742304
-0.839298
1.261605
-0.994650
1.905882
-0.154288
-0.121036
-1.241544
-1.234545
0.947077
0.301916
0.856193
-2.601806
-0.797436
0.222237
0.430065
2.866900
-0.503588
-1.698549
2.021565
0.109031
-1.619184
-0.010114
1.013482
0.481810
-1.923617
-0.623042
-0.173186
1.445287
0.103764
1.518380
-0.437430
-2.531110
0.260331
-0.434161
-0.022758
0.043971
0.505761
-1.793653
-0.585280
0.167279
0.842506
-0.611126
-0.912423
-0.233747
-0.044956
-1.896427
-2.092838
0.894918
0.910509
0.911244
-0.483497
3.509223
-0.572982
2.038767
1.081777
0.317347
0.162421
0.856339
0.427095
-0.329230
1.179647
-0.056852
-0.613561
1.017151
-1.084525
-0.047304
1.475498
-0.062248
0.711783
-1.004102
-0.948756
-0.051849
1.433190
0.214961
-1.141048
-0.612846
0.541937
0.368984
0.853762
-0.730730
0.491000
1.141006
-0.751910
0.836785
-0.413497
-0.383116
-0.119421
0.213219
0.892279
1.199453
1.814020
-0.531722
0.722694
0.439793
-0.428980
1.297018
0.538605
-0.392115
0.379946
-0.216860
-1.281535
-0.555822
-0.670668
1.150884
0.814269
0.062990
1.078271
-0.309799
1.160897
-0.045032
0.926948
0.109995
1.099477
0.087322
-0.602425
0.080432
1.170214
1.239060
0.042296
-0.266076
0.025216
0.365305
0.638243
-0.196267
0.597675
0.209317
1.305329
-0.181893
-0.800644
0.752700
-1.244938
1.616677
1.412668
-0.988090
0.146057
-0.386726
0.862072
-0.972579
-0.276459
1.110212
-0.817946
-0.449661
0.171257
-0.578269
0.718485
-0.787107
0.187464
-0.985194
0.939512
-1.348332
1.302768
0.598956
0.392702
-1.017546
0.785315
-0.442882
1.206815
1.245329
0.225846
1.172934
-0.374522
-0.101339
0.737029
0.229303
-0.549642
0.402657
1.735086
0.846625
1.624335
0.216790
0.044025
-0.114387
-2.115511
-1.346632
0.341768
1.036730
-0.044852
0.153693
-0.117812
0.094204
-0.284036
-0.890673
1.041547
-0.347456
1.772191
-0.697778
-0.653337
0.270657
0.457905
0.507060
0.256311
1.038268
-2.117903
0.137709
0.020978
0.994760
-0.038257
0.236065
-1.681263
0.470995
1.848787
1.136307
0.679420
1.643213
0.333111
0.484780
-0.237320
0.856283
-0.872797
-2.774678
-2.355974
-0.204031
-1.774279
1.958476
0.793313
0.644936
1.458826
-0.048482
-1.019576
0.260786
0.366433
-1.210733
-1.995757
-0.415054
1.569751
1.971184
1.547720
0.024815
-0.700625
0.633162
0.591629
0.056825
0.166178
0.281374
1.086606
-1.011843
-0.085997
-0.763493
2.103334
0.337101
-1.100596
-1.365586
-0.844371
1.157792
-0.624120
-1.852977
-0.670549
-0.314468
-0.196895
-0.227001
-0.157844
-2.022161
-0.118547
0.423786
-0.099309
1.317333
0.193499
-2.945950
-0.146142
0.265148
-0.841060
-1.712390
0.053881
0.046686
0.080027
-1.751949
0.297531
1.400781
-0.945330
0.597191
-1.089888
-0.738042
-0.416434
-1.200850
-0.611581
-0.144382
1.161699
1.168675
1.292024
1.439648
1.340820
0.431794
-1.362389
-0.768045
0.557005
0.473456
1.137539
0.535459
0.444686
0.546785
-0.123900
-0.685172
2.165161
-0.436867
0.083187
0.019822
0.443508
-1.682556
-0.135506
-1.637976
-0.278194
-0.290491
0.869100
0.290198
1.522311
-1.343700
0.489536
-0.651149
-0.352280
-0.801097
-0.345111
-0.163940
0.618290
-0.830280
-0.097198
0.157814
1.544357
1.346588
-1.108683
1.709670
-0.185159
-0.069652
0.875081
-2.055368
-0.872595
0.603657
1.832350
-1.157274
-0.241193
0.696511
0.608564
-0.645854
0.101318
-1.023076
-0.884136
0.613319
1.168668
-0.182837
0.117939
0.633780
0.490178
-0.921345
1.128269
-1.395741
-0.934526
1.451699
-0.325602
-1.774616
1.191796
-1.284838
-2.023402
0.625373
0.575463
1.052547
-1.449063
-0.510127
-0.535227
-0.146167
0.418257
-0.819611
-0.291736
0.135777
-1.431788
0.572954
1.093251
0.999933
0.944819
-1.105691
1.239212
0.059131
1.489766
1.606128
-0.677538
-0.409065
0.342493
-0.921212
-1.345755
-1.032259
0.298605
-0.833874
-0.021038
1.523523
0.113293
-1.121487
0.248340
0.610208
0.172133
-1.246291
-1.409868
-0.006886
0.678546
1.093309
0.030770
-0.833034
0.085274
-1.656801
0.085516
-1.056995
0.331426
-0.712400
-1.286369
-0.089516
-0.062266
0.496134
0.101434
-1.375404
1.357812
-0.070522
-2.029642
-1.072036
0.511597
1.063173
-1.066049
-1.453389
-0.290515
0.277803
1.894548
0.686823
0.547216
-1.928038
-0.403197
-0.598933
-0.206102
0.825725
0.950623
-1.133098
0.496397
0.545140
1.290679
-1.528284
-0.824201
-0.016661
0.033586
2.240888
0.473328
-0.769674
-0.833574
-1.465188
0.938999
1.870238
0.020253
-0.459176
0.283061
2.236768
-1.402941
-0.154549
0.230301
-0.183726
-0.814506
-0.021806
0.093273
1.046761
0.786666
0.443595
-0.075349
0.316351
2.263062
-1.591309
-1.309794
-0.852107
2.064722
0.291136
-0.997190
-2.664399
0.131634
-0.798527
0.130593
-0.206461
1.271976
0.508702
0.255479
0.648238
0.764668
-0.673417
0.270000
0.055922
-1.033248
-0.420503
-0.977709
1.423916
-1.204934
1.108824
1.650755
0.274898
-1.139924
-0.584626
-0.415056
0.147682
-0.778299
0.993812
0.349894
-1.197661
0.458862
-0.336735
-0.491536
-0.293782
0.780075
-1.130856
0.772631
0.398655
0.502977
1.676269
0.470957
2.037698
-0.712774
-0.139295
-0.990632
-0.295559
0.293117
1.299289
1.797038
0.420952
0.986526
-0.926562
0.539551
-0.261188
-0.063914
-0.080099
0.507971
0.260231
-0.414362
-0.942401
0.674096
-0.393720
-1.062972
0.593602
-0.651950
1.175798
-0.714410
-0.110267
-0.380323
-1.353622
-0.838476
-1.830659
-1.605600
0.227715
-0.505094
-0.437679
-1.380918
-0.903262
0.923783
0.537222
0.287064
-1.515304
-1.625921
-0.045153
0.223004
-0.741886
-0.404509
-0.113623
1.687992
-0.958525
0.045225
-1.413432
1.588664
-2.271966
-0.855032
-2.386467
-0.469988
-1.432415
0.248682
-1.227033
-0.688435
-1.865439
-1.234852
0.421981
-0.358119
-0.323823
0.783319
-0.192060
0.720491
-0.170979
2.387826
-0.237036
0.925207
0.482258
0.645172
-0.601276
1.069414
-0.195687
-0.857753
0.486436
-0.210705
0.668166
-0.843741
1.243553
0.612136
-0.536236
-2.387472
-0.729150
0.676626
0.331009
2.518429
-0.941729
0.390845
-0.979592
0.440545
1.686134
-0.882684
-0.364615
-2.135947
-0.889604
-0.891309
1.860235
-0.092431
-2.520199
-0.499650
-0.735693
3.022704
-0.277935
-0.912591
-0.522980
-0.313127
-1.127500
1.074337
-0.566645
0.310489
0.670196
-1.656862
-1.361460
-0.311104
0.159837
-0.307831
0.187702
1.609323
1.244422
-0.277060
0.275135
-0.346712
-0.691737
0.525794
0.768998
0.335730
0.152444
1.691880
0.315264
-1.060780
0.660964
0.334111
-1.041583
0.868729
0.854458
0.115529
0.338157
1.294176
-0.224185
0.555339
0.869964
1.213282
0.102927
-1.526967
0.169693
-0.377331
-0.156690
-0.820333
-0.590671
-0.572639
1.705730
1.066101
-0.880838
1.974052
-1.535168
0.055996
-0.103323
0.261195
1.671594
0.624215
-0.993852
-0.093927
-0.685815
0.367543
-0.199201
0.608398
-1.510667
0.541476
-1.578052
1.384970
-1.392275
0.166213
1.193923
0.106904
0.034804
-1.302094
-0.738538
-0.971451
-0.124691
-1.259955
-0.569160
0.091303
-0.360158
-1.288558
-0.692342
0.021863
1.148149
0.319981
0.620822
0.143739
-0.035164
-0.208098
-0.799904
-0.014313
1.870089
-0.872561
1.915804
-0.530950
0.507403
-0.205086
1.834242
1.392077
1.233317
-0.090445
-1.610721
-1.215074
1.621331
1.349049
-1.200485
0.408824
1.638158
-0.033711
-2.131518
-0.666438
-0.345190
-0.585926
-0.731246
-0.880240
1.073425
-0.229625
-1.147690
0.075360
-0.125281
0.506288
-0.069366
0.064618
1.832715
0.664777
-0.391288
2.017659
-0.650531
1.802351
-1.404919
-1.042091
1.107069
-0.532524
-0.308340
-1.180795
0.128570
0.152956
-0.107120
0.646557
0.237245
0.600455
-0.367034
0.129621
-0.761124
-0.078654
0.715868
-0.489807
-0.078300
-0.210401
-2.915159
0.061899
-0.871269
-0.980996
-1.386686
0.242216
0.712537
-0.184819
2.317670
-0.445995
0.502108
-0.267732
-0.617452
0.010212
-0.874827
-0.569295
-0.210137
-3.167711
-0.979193
-0.465603
-0.884303
0.001886
1.617774
0.741573
1.284386
-1.504131
0.327203
1.013085
1.050975
0.138635
0.153472
-0.886026
-0.290619
-0.499239
1.016158
-0.375377
-0.868245
-0.960730
-0.915731
-2.202812
-1.230234
-1.056554
0.678740
0.491337
1.151271
0.227350
-0.314094
0.965022
1.120289
1.414391
0.141630
-0.632766
1.159908
0.903527
0.364370
-0.127560
-1.295821
0.446949
0.194055
1.293628
0.201795
-0.835151
-0.064685
0.106318
-0.779190
1.319300
-0.066250
-0.150455
0.534187
-0.439869
-0.053760
-0.829318
-0.861712
0.713663
-0.393920
1.573747
-0.054084
1.403684
0.137864
0.946657
-0.706978
-0.456529
-0.113719
-0.176214
-1.019998
-0.275904
0.726259
0.226737
1.094739
0.201978
0.351969
1.275378
-0.072728
-1.585353
2.083292
0.984184
-0.955398
-0.103097
0.165070
-1.074814
-1.802193
-1.335991
0.316611
-0.255900
1.790786
-2.582264
-0.778603
-0.837665
0.391615
1.173559
0.157897
-0.065457
-1.003357
0.490864
-0.339362
0.265625
0.590010
0.185158
1.190002
-0.063688
-0.651348
-0.162326
-2.426735
-0.301522
0.857207
-0.307544
1.309388
0.142673
-0.054208
2.361000
-0.596913
-0.999460
-2.035184
1.253614
-0.014116
1.148871
0.334032
2.560037
0.360597
0.614665
-1.418669
0.272708
0.032421
0.173214
1.201624
1.151559
-0.804849
-0.416637
-0.810739
-0.268055
0.796928
-0.253691
-1.241479
0.030732
-0.724664
-0.061421
-0.098032
-0.127374
-0.873301
0.825333
0.328569
0.219595
-0.467685
-1.772560
-0.070648
-0.825547
-0.802067
0.779669
0.005334
0.597404
-0.547135
-0.548543
-0.028574
0.014589
-0.846285
-0.328691
0.584911
-0.029341
0.351324
-0.603908
0.677392
0.892091
-0.369899
0.844354
-0.956956
2.141421
-1.438349
1.888126
0.254365
0.182350
-1.837999
-2.362609
1.930680
1.144787
-0.789296
-1.358395
0.119305
-0.539195
-0.874881
-1.057422
0.137733
-0.181752
0.382825
-0.650245
-0.401314
1.517744
-1.104442
0.408867
-1.636247
-0.076725
-2.133473
1.675466
-1.014151
-0.284101
-0.727379
-0.154782
-0.351846
-1.610125
0.380645
1.512016
-0.395726
-0.399744
1.001226
-0.516930
0.217962
0.072602
0.805624
-0.330249
-0.564038
1.606824
-0.879558
-2.016267
-2.840884
0.047111
-2.412107
-0.429816
-0.225921
-0.287255
-2.635560
-0.056689
-0.324293
-2.470429
0.105530
-0.995942
0.308624
0.967196
-0.539619
0.604081
0.591416
-1.052074
0.219625
1.183711
0.785442
0.214005
0.010304
-0.479182
1.080209
2.289495
0.597052
-1.028517
-0.858371
0.545603
-0.414885
-0.335321
0.151014
-1.120808
0.433004
1.583972
-0.451782
0.734869
0.606221
1.180405
-0.215687
-1.940242
0.767483
-0.620462
-0.942426
-0.766759
-1.719834
0.188234
0.391535
-1.295144
-1.463744
0.409971
-0.373283
0.266031
2.291537
0.882203
1.286406
-1.047645
-0.530087
-0.819024
-0.760800
0.616002
1.418895
-1.263396
0.927872
1.257833
2.527120
0.205877
0.404309
0.994985
-3.152734
1.294624
0.971002
-0.142031
0.547840
-0.820624
0.320776
-1.136798
-0.300790
1.067288
1.104923
1.006199
-0.684241
0.462931
-0.602258
-1.816340
2.439857
-0.530216
-0.165637
-0.485288
0.377544
0.555076
0.127457
-0.547129
-0.319968
1.294939
-0.612483
-0.137192
-0.273187
0.698458
-0.940118
1.299436
0.818151
0.773112
1.003638
1.582799
-1.297487
-0.143435
0.664718
1.782639
-0.589243
0.218304
-0.941550
0.629651
1.421170
1.815368
0.485092
-0.856370
0.695325
0.707475
-0.906800
-0.723852
0.845745
0.659128
-1.364803
0.988509
0.989964
-1.428323
-0.261140
0.686133
0.673182
-0.987159
0.323620
-0.224320
-1.304383
-0.914435
-0.028848
0.347113
1.915776
1.363967
-0.067987
0.009977
-0.780673
-0.330922
-0.523900
-0.748721
-2.012232
-0.707491
1.090381
-0.114833
0.758733
-0.875052
0.142013
0.704950
0.919541
0.096887
-0.573349
1.355765
0.686756
0.522762
1.481966
-0.556884
-0.443466
-0.668627
-0.203794
-0.232055
-1.274726
-0.504021
0.153680
0.386496
0.117727
0.414729
-0.429079
-2.114922
0.111156
0.569061
-0.507417
-1.311623
-0.353800
0.958265
-0.444406
0.438935
0.668500
2.089542
-1.514585
-1.099595
-1.904604
1.443777
-0.330225
-0.957232
0.325471
1.175822
-0.331449
-1.996950
-0.236553
-0.008278
0.274410
0.030956
0.400233
-0.724909
-0.126329
-1.101349
1.381533
1.801929
0.078886
-0.857210
-0.783175
-0.656661
-0.551426
1.156176
0.048626
-1.488201
-1.747836
-0.434935
-0.598069
-0.010575
0.644107
0.807064
1.336645
-2.422258
-1.762959
0.424242
0.522717
1.240941
-0.976844
0.509160
0.470664
0.856282
0.544266
0.975308
-1.031864
1.089520
-0.315798
-0.249818
-0.007262
0.307499
0.740510
0.092328
1.531469
0.471283
0.719697
-1.259747
-0.872839
-0.729269
0.106276
-0.740786
-1.390866
0.088616
0.623223
-1.431127
0.901328
-0.359669
0.102570
0.044639
0.642523
-0.234714
1.998052
-1.006591
0.119045
-0.242216
0.053079
-1.430845
0.279807
0.639320
0.433756
1.013421
-0.766197
-0.340067
0.689481
-0.621159
-1.113937
-0.413346
-0.830860
0.145381
-0.755569
0.680139
0.812888
0.595817
1.072975
0.484337
-0.497910
1.386419
0.919394
-1.500688
-0.499128
-0.264838
0.428753
0.846774
0.920497
-1.742221
-1.417540
1.338983
-0.138266
0.500393
-0.800193
-1.126042
-0.787330
-0.473096
0.170242
-0.468640
-1.420462
1.745790
-1.930942
0.602226
1.096951
0.239384
0.211652
0.558526
1.096040
0.919407
0.230605
-1.120482
0.510762
0.794145
0.134046
-0.810614
0.359954
0.515403
0.060014
-0.723210
0.372237
0.250494
-0.004549
-0.671694
0.227994
0.117279
0.544162
0.701444
0.163617
1.924763
1.364256
-1.301133
1.447377
-0.237623
0.619583
0.293402
-0.569681
0.081915
-0.012486
1.452346
0.478951
-1.649636
-0.057817
0.652351
1.594552
-1.296084
-0.645466
0.389889
-0.249324
-0.732179
-1.351813
-0.823004
1.417656
-1.493767
0.678895
0.071411
-0.177942
-1.932301
0.602772
-0.272370
1.192228
0.942962
-0.102738
2.072363
-0.841967
-0.730639
-1.509392
0.693410
-0.041091
0.724906
-0.135402
0.756310
0.367436
0.771837
-2.604928
-1.326253
-1.203682
-0.401708
0.464364
0.326418
-2.661733
-0.791016
-0.329065
0.205400
0.923275
-0.379362
-0.950116
0.224949
-0.622980
-0.922299
-0.802050
-0.121800
-0.119213
0.198170
0.202793
-0.583161
-1.547775
-0.624280
-1.953798
-1.312075
-0.879238
-0.254604
1.823290
1.996317
0.463177
-0.215783
-0.003304
0.992529
-0.690639
0.602077
1.888687
-1.207168
0.035614
1.955342
0.745308
-0.572151
0.335252
-0.847837
-0.722809
0.886683
-0.940116
-1.985477
1.020379
-0.459266
-0.559524
0.418097
-0.104144
-1.311729
-1.192537
-1.361832
-0.245463
-1.373936
-0.123078
1.304642
-0.371345
-0.131248
0.792751
-0.869823
-0.168086
-0.618824
0.321217
1.107798
-0.857596
-1.291120
-0.147827
0.876984
-0.411234
1.242006
-0.228534
1.336656
-1.689910
0.285188
-0.993135
-0.254696
-0.771615
1.093434
0.042642
1.561415
-1.092876
-1.693367
-0.466586
1.682826
-2.110483
-0.041960
-2.032051
1.167243
-1.066368
0.405570
2.966782
0.313577
-0.127261
-0.001937
-1.786586
-0.797368
0.098307
-0.725073
-0.126647
0.065460
1.655738
0.144263
-1.714832
-0.725614
0.254623
0.910459
0.465256
1.399461
-0.766490
0.198822
-0.678115
-2.561053
-1.230149
0.538991
0.420290
-0.157493
0.714825
0.071068
-1.804974
0.015890
1.636340
0.119553
1.592395
-1.049619
0.017925
-0.734078
-0.004484
0.272389
-0.141603
0.171603
-0.404752
0.240350
1.281773
0.328818
-1.060373
2.000910
0.379776
2.011074
-0.206862
0.786025
-0.504758
0.706390
-1.178649
0.392367
-1.024463
1.850011
0.519322
-0.955515
1.336432
1.491611
-0.587538
-0.224918
0.536300
-0.407719
1.231599
-0.020963
-0.753888
-0.460806
0.167735
0.656064
-1.053026
-1.123603
0.548970
1.162916
1.019634
-0.032812
-0.761277
-0.337509
-0.043188
-1.394963
1.644766
0.682131
-0.221706
0.776249
-0.171598
1.782334
-0.412073
0.394009
0.475464
0.032823
1.255471
-0.543179
1.230418
-0.876588
0.937551
1.133982
-0.367979
0.949401
0.997568
1.030733
2.110291
0.769558
0.582611
0.346787
0.063468
0.714148
0.226473
2.004853
-1.098402
1.231752
-0.859598
-1.265439
-0.658501
-1.223486
0.885256
-0.457099
-0.508061
0.163269
1.089617
0.381717
-0.025935
-0.453094
0.244826
-0.024954
-0.547571
0.820395
-0.045405
-0.152336
0.143941
-0.666961
-0.277173
0.397826
-0.493272
-0.981549
0.011228
0.062286
0.167603
-0.398506
-0.740490
0.855910
-0.888874
-0.369635
0.723663
-0.808882
0.111207
0.800002
-0.282811
-1.359111
0.059745
1.142761
0.935132
-0.574149
0.852562
0.362178
1.787193
-0.163000
-0.495828
0.329609
0.107136
-1.250146
0.265596
0.995524
0.348100
0.581178
-2.437697
-1.168732
-0.081341
-0.560521
0.887382
-0.601689
0.694881
0.331488
-3.532992
-1.490063
0.941427
-0.060854
-0.228213
0.296120
0.206478
0.923596
0.816599
1.042172
0.645084
0.343333
0.446209
-1.291641
0.299438
-0.678319
-1.460101
1.040379
-0.299074
-1.348903
0.465244
-1.837035
-0.878472
0.938360
-0.904388
-1.578465
1.072344
0.247639
-0.801863
-0.404800
-0.073239
0.985155
-0.702120
0.698202
-0.626381
0.744161
-1.228484
-0.044946
-0.685515
-1.454580
2.125371
0.659135
1.092728
1.252610
-0.628116
0.432758
1.655063
-2.294599
-0.050253
1.530308
-0.541000
1.172734
-0.540005
-0.436460
-0.096709
-0.471243
-0.674793
0.572681
1.112421
-0.092225
-1.501867
-1.053149
0.008618
-0.054543
-1.545492
-1.675682
1.585287
0.030760
1.176225
2.220677
-1.218566
0.514934
0.920364
0.558832
-0.008986
-1.490635
-1.309134
-1.545192
0.463652
-0.884292
0.208638
-1.363658
-0.550299
-0.390237
-0.592380
-1.584220
-0.013787
0.079525
1.902962
-1.182725
0.208401
0.183520
0.463290
0.321216
1.255941
-0.172995
-1.139340
0.483381
2.654976
-0.062439
0.298238
-1.109495
-0.419869
0.006899
0.385025
-0.560664
0.317529
-0.367417
0.473844
-0.551410
-0.976607
0.530566
-1.048666
0.278762
-0.830166
-0.146479
0.438609
1.008072
0.136793
0.673898
0.389856
2.600353
0.847245
0.847556
0.412788
1.421638
0.430092
0.417843
-1.471038
0.272147
0.842400
-0.204057
-0.871193
0.628026
0.291373
0.502910
-0.758162
0.199618
-0.823281
1.200492
0.553309
-0.866270
1.675237
0.522325
-0.069055
-1.215206
-0.001380
-0.417187
1.594296
-1.958057
0.948924
-0.574087
0.211129
0.911217
-0.203218
-0.887190
-0.330915
-0.768038
-0.235991
-0.923776
-0.010996
-1.989861
2.564733
-0.621723
0.006422
-0.135861
-1.164996
0.698108
-0.537296
-0.123356
0.246717
1.597000
1.508860
0.895188
0.310307
-0.258661
-0.064578
1.147811
0.755114
-1.598931
-1.063960
0.860767
-0.904904
1.008403
-1.011017
1.846307
-0.784299
-1.832903
1.660751
-0.142832
0.174426
2.486183
-0.185201
-0.365853
-1.518967
-0.819725
-1.417162
-0.704363
-0.042386
1.921005
-0.273980
-1.689844
-0.202271
0.523821
-1.704083
-0.655948
-0.208801
-0.454675
0.683202
-0.139949
-0.015899
1.203190
-2.321876
-0.800287
0.140917
-0.894112
0.159297
-0.780649
-2.241108
-0.683292
-0.209912
0.242767
0.599498
1.758748
-0.473476
0.957607
1.043933
0.321513
1.116510
-1.166450
-0.270737
0.862789
-0.543468
0.409781
0.830915
-1.299201
0.805145
-0.050226
1.287085
-0.010011
2.054368
0.304973
1.553567
1.241184
0.948143
-0.853941
1.028629
0.064769
1.053868
0.139638
0.695724
0.291065
-0.900996
1.127326
-0.094820
-0.809664
-0.472382
-0.601794
-1.542525
-1.381749
0.049143
1.017492
0.211968
0.159320
0.218478
0.030626
-0.053840
-0.870693
-0.223185
2.491293
-0.501506
1.034471
0.244490
1.491786
-0.660865
-1.421964
-0.283140
-1.332024
1.722486
1.079342
-2.134111
1.240681
-0.785284
0.078257
0.634349
-1.252085
0.741036
-0.699713
0.145150
-0.137017
0.904171
-0.180420
0.071292
-1.412899
0.751037
-0.118043
-0.172492
-1.763901
-0.039520
0.762155
-0.522166
0.722816
-0.110609
0.419869
0.882727
0.181369
-0.606269
1.416690
-1.053852
-1.783283
0.153663
0.769689
1.488659
0.202727
-0.329967
-2.147040
0.191054
1.247307
-0.616031
0.901396
-1.100370
0.042802
-0.224000
1.372168
0.263984
0.990853
-0.610882
0.618547
0.809114
-0.095856
-2.474242
-1.462732
1.257190
2.196709
-0.646848
0.477828
0.448704
0.887091
-0.535327
0.813961
-0.920200
-0.911119
-0.440350
-1.096051
-0.782039
0.318414
-0.895534
1.330737
2.578926
1.636867
-0.147076
-0.599095
1.896990
0.095907
0.365328
-0.804414
-0.196342
0.699470
0.971632
-2.443049
-0.089137
1.671314
-0.006169
1.352871
-0.778077
-1.252561
0.598307
0.773219
-0.608743
0.974681
-1.318298
-0.806846
-0.004731
1.774874
-0.614616
0.484575
0.659473
-1.187907
-0.399296
0.626697
0.424237
0.908115
0.030773
-0.863061
1.972561
0.960525
0.525945
0.101010
0.944224
-0.934619
-0.314133
1.574014
0.882559
1.293261
-2.264668
-0.857074
2.540540
-0.907728
-0.070558
1.109214
1.194226
0.107394
-0.708160
-0.122068
-0.152424
2.750867
1.367377
0.257229
-0.789020
-1.980737
-0.060052
-0.379449
-0.217225
-0.173621
0.430160
1.161413
1.851439
1.147526
0.440249
1.644394
0.866010
-1.084607
-0.728092
-0.724775
1.156370
-0.689530
-0.245716
0.666560
-0.158739
-0.948070
0.633517
-0.875359
-0.323990
-0.453928
-1.178852
-0.007528
-0.364864
0.704205
-0.861955
-0.808009
-1.483464
-0.568220
0.064055
-1.392675
-0.495759
-0.986766
2.207738
0.868907
-0.128835
-0.225943
-0.378460
-0.194272
-0.468473
1.329236
-0.533020
0.904670
1.682126
0.064913
0.910182
-0.616111
0.532194
0.137830
-0.796675
-0.398478
-0.722309
0.188954
-0.304453
-0.559908
0.282101
-1.099575
-1.185582
0.140626
0.176129
-1.191888
1.764428
0.839398
-0.100755
-1.560183
-0.247294
-0.600210
-0.583269
0.563038
-0.230415
-0.582167
-0.866865
0.150710
-0.816755
-0.760418
-1.366208
-1.539409
-1.575143
-0.452526
-0.381041
-0.266086
-0.749377
-0.849961
-0.370657
0.056200
-0.026396
-0.076205
0.034760
-1.704347
-0.308772
0.092511
0.305530
-0.603809
-1.327058
0.982737
0.259148
-0.574892
0.218260
3.132066
-0.138157
-0.719256
-0.096733
-1.272403
0.188898
0.907534
0.440821
-0.563834
-2.363674
1.340480
-0.495673
-0.139500
-0.533583
-1.902215
0.784458
-1.739637
-1.047046
0.005913
1.108910
-0.937820
1.208488
0.641562
1.170886
0.928841
-0.496982
-1.608876
-0.247901
0.318027
-1.416866
1.828676
0.119593
0.771992
-0.746286
0.104188
-0.967258
-2.645903
-0.116583
-3.111708
1.962399
0.830946
0.137765
-2.381268
0.689689
-0.185598
0.354307
0.975362
-0.647573
-0.892584
-1.008666
0.078253
-0.618331
0.685227
0.168743
-0.854108
-0.206534
0.408804
1.034884
-1.894792
0.046524
-0.457001
-1.219232
0.820314
0.357678
-0.271373
-0.068324
0.243260
1.380015
1.153338
-0.929713
0.526130
0.903508
-1.213136
0.252262
-1.560728
0.706923
-1.271898
0.505191
-1.162699
-0.095761
1.247558
0.446063
1.691858
-0.325017
0.618875
0.358744
1.634786
-0.567304
-0.667833
-1.512679
-2.084353
0.931621
-0.793956
-0.138905
-1.092807
1.322553
-1.962425
-0.599642
-1.219787
-0.911955
0.427664
0.025938
-0.453271
-1.707431
-0.833191
0.761484
0.079167
-0.699287
-0.894384
-0.267922
0.219427
-0.875981
-0.507365
-1.511071
2.235679
-1.342717
1.524555
-0.386855
0.125623
-0.176156
1.080530
2.107267
0.913134
-0.515064
-0.556899
0.193479
0.229493
0.056919
-1.562427
-0.301716
-1.174201
1.673329
0.332147
-2.564995
-1.048458
1.524954
0.693781
-1.496856
-0.041319
0.057738
-1.482789
0.664108
-0.480834
-0.593585
1.550653
0.286351
0.301031
0.786350
1.097095
1.075835
-0.673818
0.331227
-0.462207
1.885291
0.049428
0.611922
-0.908214
-0.248849
1.580549
0.571045
-0.010016
1.043442
2.621571
0.691250
0.049709
0.876081
-0.357758
1.443642
0.028216
-0.442947
0.053039
0.076222
1.136402
-1.647091
0.687738
0.890181
0.781230
1.326359
0.047800
2.501033
-2.139422
-1.907871
1.341235
0.477732
-0.013982
-0.122288
-1.025614
-0.386851
0.420344
-1.087300
-1.221771
-0.582144
-0.805624
-1.075755
-0.114138
0.727279
0.205819
0.068836
-0.204456
-1.147311
0.496849
-1.459133
0.153650
0.512830
1.385383
0.329252
-1.791730
-1.636948
0.803760
-0.350747
-0.916526
0.627755
-1.877138
-1.116859
2.000296
0.976225
-0.248038
-0.530287
1.940293
0.026786
-1.350505
1.775456
0.766381
-1.251577
-0.457631
-1.629194
-0.067796
0.602412
-0.929061
-1.244953
0.611321
-0.161074
0.037198
-0.258788
0.684747
0.334216
1.473381
0.608747
1.102061
-2.382262
0.618897
-0.656159
0.226948
0.224748
0.128789
1.078150
-1.561339
0.226543
-0.397386
0.833947
-0.604053
1.716528
0.704830
1.789905
0.235916
1.189968
0.930397
-0.552812
0.852693
0.401367
0.054253
-0.913281
0.297697
-0.444079
0.897250
0.865543
1.171575
-0.197764
-0.224603
0.063463
-0.113780
-0.799335
-1.098422
-0.620153
1.080879
-1.293257
1.061105
0.581347
0.460378
0.511673
-0.123628
-0.336601
2.370133
-0.271381
-0.981960
2.469869
-2.289030
1.635248
2.170698
1.759566
1.301484
-0.360850
1.290835
0.041280
1.077028
-0.886362
1.330667
0.659783
0.406310
0.011596
1.394151
-0.876870
1.202483
-0.205287
-0.312321
-0.106771
0.641455
0.445197
0.813321
0.408349
0.793983
-0.425175
0.488856
-1.133847
0.368677
-1.587630
-1.131777
0.372901
-0.021095
0.120962
-2.476085
1.092909
-0.281666
1.142866
0.457964
2.058476
-0.613239
0.256772
0.017076
1.230761
1.374931
0.831566
-0.402639
2.370800
-1.132522
-0.769632
0.940553
-0.413795
-0.117582
0.780514
1.832080
0.314828
0.338906
0.495450
-0.034210
1.225660
0.607959
-0.322442
-1.547088
-1.852743
0.745710
0.004387
-0.339714
0.651696
0.805599
-0.237162
-0.193110
1.193642
0.100467
1.099539
-0.297660
-0.139244
0.525970
-1.779214
0.795241
-0.231569
-1.139646
-3.108347
0.263860
0.108963
-0.776657
-1.101471
-0.145355
-1.405493
-0.023716
0.219533
0.542435
0.837901
-0.216646
0.203964
0.685099
-0.284708
0.780956
-0.308679
-0.351492
0.950369
-1.736481
-1.202947
-0.109074
2.333132
-0.713565
0.200359
0.169828
-0.857883
-1.703940
-0.192305
-0.637336
1.484276
0.899117
2.282170
0.218065
-2.074738
-1.381831
1.260863
-0.509674
-1.345168
1.164975
1.554342
0.647057
1.745337
-1.480014
-0.818671
-0.692580
0.335497
0.037009
-0.059882
-1.010376
0.298983
-1.284550
0.101477
-0.503243
0.854670
0.433826
-0.570921
-1.641797
0.293832
0.757117
-1.231606
0.529536
-0.394735
-0.552167
0.816270
0.082102
0.590298
-0.060668
-0.930451
-0.457516
-0.552829
-1.060998
0.177011
-0.764400
-1.834693
-0.326311
-0.726097
-0.262576
0.242162
0.823471
-0.350570
-0.115528
2.243361
-0.645021
0.586969
0.185511
-1.305954
-0.048101
-0.558485
0.996771
-0.120188
-0.091479
-0.616040
-0.591284
0.579311
0.883906
-0.608217
-0.180710
0.081865
-0.347079
1.581422
0.373280
0.002291
-1.115278
-0.878978
0.326458
-0.084397
2.076825
0.322359
-1.470459
-0.360516
-0.079543
1.376294
-0.313358
-0.376964
1.015023
-1.613009
0.766291
0.153774
-0.573624
-2.059591
-1.274267
-0.455103
1.183104
1.262954
-0.802803
-0.611700
0.268045
2.130393
0.693307
0.811049
1.624565
0.024658
0.179201
-0.675631
-0.216519
-1.743961
-1.094718
-0.551591
1.139763
-0.181420
-1.087301
1.906519
0.482060
1.231682
-0.714463
0.739334
-1.477963
0.847986
-0.608483
-1.439913
-1.295697
0.291316
-0.948726
-2.450029
1.245951
-0.862687
1.274739
0.851552
-0.910700
-0.004101
-1.074121
0.124341
-1.608809
0.325825
-0.564957
0.214488
0.128129
1.341106
1.180495
0.673331
1.522029
1.101923
-0.603950
0.435661
-0.405935
-0.673864
-0.238254
-0.390445
-0.982803
1.258377
1.663886
0.041036
-1.396664
0.135931
0.016786
0.652176
-0.297299
0.173146
0.141123
1.056719
1.622801
-0.579442
0.427254
-1.573995
-0.860618
1.073196
0.116429
1.125327
1.062134
1.811305
-0.267176
0.648679
0.653587
2.120624
0.356933
-0.385594
2.117226
-1.217984
-0.332963
1.180496
0.487052
-0.022591
-0.103281
0.290972
1.673440
0.699584
1.627987
-0.917107
-0.464913
-0.784998
0.102684
1.726156
1.469705
-0.968479
0.055499
-1.740244
-0.249283
-0.043144
-1.358774
0.681561
-0.869383
1.236940
-1.886383
-0.201571
0.521276
-0.807015
0.656378
-0.616652
1.023108
1.289995
0.669109
0.569214
1.359004
-1.276132
0.201226
0.107236
0.075214
-0.533125
0.273562
1.383024
0.470604
-1.179571
-0.353725
-0.519073
-1.192615
0.123332
0.350902
-0.509146
-0.053635
0.585553
0.594940
0.277959
1.288495
-0.948116
-0.423453
-1.107784
1.278730
2.026958
1.463508
-0.969768
2.623547
1.280516
-0.122227
0.351543
1.001653
-0.015096
1.688073
-0.294883
-2.370301
1.843656
-1.213103
-0.262494
0.943380
1.839404
-0.815347
-0.967281
-0.236753
1.268246
-1.826055
-0.610105
-0.852403
2.487414
0.633842
0.783405
0.626213
0.884715
-1.123546
-0.979444
0.352635
0.472925
-0.214183
-0.722953
0.082983
1.353412
-0.497526
1.091879
0.594472
-1.465957
0.836139
-0.342181
-1.008728
-1.242674
0.328187
0.025122
-1.868596
0.915002
-1.945297
-0.861560
2.173338
-0.975482
1.671042
0.469049
0.865792
-0.432833
1.289378
-1.048176
1.368076
-1.306827
0.904039
0.936982
0.859894
-0.822717
-0.365454
-0.673974
0.319060
-0.901678
-0.437012
1.081802
-0.799270
-0.829617
0.502225
0.341214
-0.351250
-0.350373
-1.802138
2.280470
-1.172047
0.226327
0.287782
-1.133778
-0.390907
-1.237670
1.009530
0.521713
-2.282154
0.588137
-0.253635
-2.534000
0.028890
0.147445
-1.553033
-0.187556
-0.296460
-0.173750
1.698470
0.992541
-0.183491
0.039007
1.288604
1.189961
1.674742
-0.049337
0.666562
-0.394318
0.437392
1.010012
-0.243447
0.470570
-0.091303
-0.149642
-0.120338
-0.924895
3.017016
-0.271471
0.422148
2.162313
0.874535
1.386933
0.716004
0.857424
-2.460579
1.406788
0.782684
0.013202
0.972850
-1.430202
-1.550332
0.704250
-0.061390
0.600343
0.635252
0.428710
1.498037
0.388001
-0.456395
-2.711114
-0.492668
-0.608395
0.979010
1.355374
1.171378
0.436269
-0.804236
-0.702453
0.301174
-1.427309
0.956779
0.688307
0.460741
-0.539065
0.674656
-0.831318
-1.030206
-0.038005
-1.874718
1.307666
-0.234627
-1.350691
-0.452013
-0.452004
1.713877
0.125360
0.266009
-0.073137
0.291993
0.084106
1.797895
-0.328499
1.175144
0.515354
0.293739
0.717413
0.499106
-0.163973
-0.356333
-0.439508
-0.276648
-1.067450
1.881968
0.791232
-0.128293
1.847206
-1.510669
0.784536
0.444943
-1.224047
0.532283
-0.173093
0.948857
0.453775
0.069153
3.417029
-0.916764
-0.397835
-0.536174
-0.404769
0.714852
0.222593
0.663942
-0.129205
-1.111009
-1.010294
0.264472
0.900044
-0.726420
1.363797
-1.277874
-0.199925
0.534334
-0.408046
0.137413
-0.286744
2.077817
-0.960705
0.988248
-0.358552
-1.404743
0.953126
0.208854
0.136906
1.390358
0.457528
-1.351080
-0.488162
0.781217
-0.403598
-1.087052
-1.535521
1.029967
-0.018398
0.123316
0.265985
-0.937636
-0.241407
-0.302631
0.092527
-0.081614
-0.096038
-0.031780
-1.381330
0.134710
-0.082018
-1.238962
1.674081
-0.237421
0.965822
-0.793956
1.259060
-1.533949
0.337116
1.441976
-0.479796
0.027385
0.750792
-0.107900
0.969769
-0.692587
-1.434745
0.342388
-0.672593
-1.741811
-0.079728
-0.302040
-0.380369
1.012589
-0.932574
-0.104921
0.071209
-0.204043
-0.710984
-0.778813
-0.413732
0.520804
0.129950
-0.135157
-0.612922
0.014503
0.565591
-0.831799
0.581874
0.602093
0.139101
0.879836
-0.378537
0.896247
-0.162795
-0.155498
-0.049183
1.019985
-0.508653
0.181958
-0.188606
-0.528138
0.554005
1.280111
0.514562
-0.281517
-1.850483
-1.496815
0.567748
-0.850828
0.467890
-1.341288
-0.146530
0.238973
-0.658035
1.465666
-0.511975
0.363402
0.837862
0.682144
-0.159956
0.841900
-1.623224
1.275311
-1.574438
-0.305339
-0.765533
1.051078
0.800436
0.256003
-0.616689
0.085418
-1.920667
-0.526780
-0.786928
-0.411596
-1.199174
-0.575045
0.294620
-0.744330
1.429349
-0.490280
-0.048388
0.664056
0.832773
1.840700
0.780929
0.003093
-1.553112
0.950676
-1.381002
1.133834
1.159776
0.138878
1.629366
0.173912
0.201555
1.503048
-0.434461
1.811780
2.225716
1.435725
0.715777
-1.108577
0.384802
-0.887741
0.500370
-0.879235
0.423017
0.880953
2.049017
0.020432
-1.217200
0.701164
0.594352
-1.573273
-0.719917
0.786737
3.045166
0.184335
0.717912
-0.163605
1.578698
-0.701840
-0.442864
-0.094458
-0.444580
-0.963327
-1.416339
0.317068
-0.874206
0.011764
-0.938034
0.416765
1.011055
0.819891
1.450785
-0.496929
0.905597
-0.098916
0.281756
0.105492
-0.282460
-2.773406
-1.104121
-0.964777
1.536470
0.544576
0.779151
-0.050258
-0.938503
-0.956246
0.501320
-1.373135
0.683767
0.787975
0.432211
-1.050700
-0.431539
0.560725
-0.395863
0.418533
1.025297
-1.007259
0.860744
0.493659
0.755932
-1.018208
-0.192351
0.505588
-0.349465
0.404794
-0.331692
0.175942
0.001306
1.257057
-0.219104
0.902377
0.740838
0.512538
0.969968
-1.362781
-1.567925
-0.029326
-1.867889
2.171240
-0.157182
-0.356415
0.055352
1.159927
1.262704
-1.345942
0.673019
-0.075086
1.046078
-0.442931
-0.300150
0.007884
-0.256761
0.942327
-1.569761
0.686379
0.978997
-0.008200
1.701935
0.280622
-1.462021
0.529727
1.165180
0.824379
0.868092
-1.747295
2.069700
-0.257816
-0.024988
0.656592
0.027231
-0.841245
0.239722
-1.783678
1.220462
0.554875
-0.493243
0.331051
1.087455
-0.179544
0.998290
-0.298031
2.098388
-0.722754
-0.224863
-0.129620
-0.949442
1.452272
-0.931557
1.827957
0.161282
0.212634
0.681635
1.126116
0.926638
-0.353471
0.997343
0.495310
0.868741
0.614195
1.499602
0.125430
-0.737956
-1.260888
0.375023
-0.623145
3.086451
0.476690
-1.111789
0.205114
-1.782733
2.161979
0.630366
0.537934
2.342890
0.102499
-1.977698
-1.910951
2.013679
0.561410
-1.526670
0.195959
0.613363
1.115907
-0.564749
0.401100
1.799339
-0.033907
-0.239201
1.657054
0.713848
0.399107
-0.877425
-0.424087
1.080156
-0.192066
0.321661
0.295328
-0.428875
0.468231
-0.942253
-1.151811
0.786750
-2.311826
-0.908755
1.663244
1.076167
-0.271280
-0.832360
-2.284381
0.220083
0.669705
-0.950928
-0.857663
-1.937489
0.888746
0.503635
2.067642
1.028312
-0.291805
-0.856480
1.649652
-0.188936
-0.322430
-0.587134
-0.998982
-0.041723
0.470883
0.845972
0.337896
-1.368885
1.907097
0.604603
2.032398
-1.046813
0.759823
0.194042
1.251279
-0.385070
-0.169112
-0.808976
0.882010
0.284908
1.297111
-1.083483
-0.118978
-1.110620
-1.320692
0.756665
-1.917835
2.786530
-0.565748
0.269911
0.309009
0.646057
-2.513638
-0.190283
-1.348318
-0.784511
0.834974
0.834909
-0.985466
0.115093
-0.301509
0.430496
-2.630147
-2.376024
0.210057
-1.622012
-0.659806
0.039068
0.966318
-0.031258
0.343497
-0.505105
0.260348
-1.680061
-2.043821
-0.782820
0.837877
-1.007371
0.359410
-1.088717
-0.285423
-0.632614
-0.749243
0.177123
-2.092541
0.722101
1.062968
0.887583
0.951468
1.189809
-1.315942
0.378926
0.005276
0.621517
-0.170389
-0.830167
-1.493189
2.138979
0.021084
0.099755
0.339520
1.573020
-2.454527
1.447240
1.266602
0.269280
0.730928
-1.167563
0.128721
-0.215909
1.947862
0.641705
0.495446
0.291804
1.104440
-0.056538
1.228853
0.952883
0.086346
0.558638
2.189752
0.128947
-0.877537
0.511173
0.617911
-1.811152
0.099540
1.321523
-1.107472
-0.893902
0.224742
-1.008375
0.885894
-0.250557
-0.321346
0.801840
0.269030
-0.597054
-0.992563
-0.549434
0.152257
0.156331
0.660234
-0.079959
0.882443
1.156372
-0.394354
-0.890791
1.699741
-1.153997
0.283591
-0.966631
-0.907503
-0.364855
-1.138027
-1.663211
0.093100
1.554849
0.620649
0.081252
0.504555
-0.032423
0.957678
0.675386
0.041568
-0.878361
-0.546593
-0.552476
0.413134
-0.621613
0.988832
-0.331830
3.065561
1.016725
0.080980
1.082594
2.011558
0.399078
-0.141763
-0.764335
0.910763
-1.246959
0.218584
-0.560895
0.758126
-0.578099
-0.321079
-0.119374
-0.677987
-0.508744
-0.142416
1.123481
0.118662
-0.017685
2.066671
1.009813
1.375247
-1.267933
-1.197007
-1.055110
1.116426
0.372123
-0.925568
-0.944221
0.426876
0.317298
-0.374163
-1.412527
-2.368048
-0.106974
-0.403035
-0.404367
0.173272
0.445387
0.083541
-0.362615
0.212466
0.789375
0.802690
-1.399152
-0.320012
0.966257
-0.913062
0.409377
-2.299921
-0.282472
0.878196
0.092196
2.336426
-0.358215
-0.290328
-1.217384
-0.544135
-0.857782
0.677924
0.022734
0.965537
-0.264722
-1.981386
-0.577721
-1.607669
0.373455
-0.230904
-0.004736
-0.174726
1.498005
2.326828
0.085179
-0.386515
0.685734
-1.999214
-0.585098
-0.856660
0.576362
-0.420470
-1.030905
-0.396719
1.064312
-1.388470
-0.252548
0.034768
-0.427021
1.802941
-1.751546
0.054063
1.451502
2.253717
0.725261
-0.376834
-0.421365
0.332947
0.444322
-0.168468
-0.575559
0.646808
0.613163
1.276982
-0.352893
-0.235123
-1.230168
0.403782
-1.367873
-1.019575
-1.171425
0.495940
0.711617
0.340147
-0.564683
1.390783
0.278524
-0.856349
0.340527
1.164362
1.299482
-2.849654
0.058861
1.953040
0.560552
-2.715738
0.906029
-0.656064
0.494717
1.252157
0.725132
0.445067
0.142832
0.518287
-2.002983
0.478445
-0.310957
1.409411
-0.439560
0.028875
0.532703
0.910562
0.711887
0.083458
0.637813
0.477707
0.671462
-0.247397
0.933436
-0.014971
-1.288850
0.317893
0.387851
-0.447362
-0.020019
-1.137546
0.294745
-1.618172
-1.410266
0.647120
0.066052
2.525329
-1.438568
1.188151
-0.513738
-0.310041
1.861899
0.219670
0.876474
-1.603493
0.960869
0.757812
0.134037
-1.212058
-1.081195
-0.533243
-1.266681
1.199798
-0.014728
-0.341156
0.039553
-1.061369
0.818096
1.301772
0.893742
-0.796928
1.091910
-0.679339
0.517143
1.926137
-1.465575
-0.969404
-0.222522
-1.364319
-0.150084
0.584365
0.705680
-1.030125
-1.068421
-1.002866
-1.514398
0.078830
-1.796711
-0.363974
-0.751318
0.176214
1.155023
-0.408249
0.981291
0.429740
-1.055268
0.410074
0.159314
-1.599087
0.975031
-1.014679
-0.416034
1.698425
1.160951
0.749022
-0.848260
-0.616542
-0.032393
1.669867
0.138606
-1.105342
0.223423
-0.034920
0.552899
0.712543
0.006493
-1.095429
-0.420561
0.850146
1.003691
-1.414359
0.490229
-0.081825
0.180019
3.168039
-3.154961
-1.713868
-0.357162
1.788922
-1.300594
-1.119963
1.187333
-0.384981
-1.268022
1.461503
-0.619169
-0.249549
0.208255
0.179184
0.372881
2.131511
1.377455
-1.432022
-0.359762
-0.158633
1.021865
-1.175786
0.768210
-0.342025
0.769400
-0.133037
1.187382
-0.300625
0.714363
-0.242364
-1.553773
0.346258
0.423034
1.004026
1.099776
0.782872
0.410294
-1.109871
-1.086790
0.034698
1.188005
-0.592641
-0.573899
-0.409117
-0.837066
1.062415
-0.922275
-0.218302
0.852441
-0.298336
1.020184
0.551069
-0.614344
0.086841
0.631389
-0.635656
0.937942
-0.961235
0.043752
0.152712
0.014625
0.100262
1.376930
1.851194
-0.975760
-0.171040
-0.375513
0.665783
-1.443983
0.864651
-0.545699
-0.387616
1.186966
-1.090301
0.232447
0.448988
0.214665
-0.349642
0.246037
-0.388264
-3.502851
-0.860110
-0.340881
1.043661
-0.122960
-1.151776
0.628678
-0.583105
0.298929
-0.861881
-1.095750
-1.658550
0.410496
0.307468
1.788927
1.489110
-2.127068
-1.063002
-1.048734
0.642343
0.222363
-0.681655
1.491427
0.864507
0.473871
1.074434
-0.062646
-0.135579
-0.525042
-0.524627
2.206852
0.855327
-0.070112
0.058946
-1.384401
0.133605
1.493399
-0.763263
0.041724
0.000287
-0.579653
0.833306
1.292317
2.185857
-0.339700
0.536795
0.925940
-0.231718
0.583392
-1.803359
1.975335
-2.316024
-0.503936
1.117222
-0.567153
-0.402907
1.231953
-1.308519
0.428566
2.436837
-0.863816
1.391737
-0.462775
-0.024905
-0.628071
-0.325518
0.623815
2.447626
0.307825
0.271543
-1.632510
-1.111601
1.187155
1.631347
-0.107172
1.007054
-2.495675
0.106172
0.012031
-0.209525
0.341809
-1.298819
0.938091
-0.123668
-0.457347
-0.719160
0.894800
0.477415
-1.735913
0.629567
1.404268
0.456033
0.249838
-0.755228
-0.282058
-0.974106
-0.009482
0.492773
-1.590426
2.043397
-0.248423
-0.392322
-1.256536
0.434122
-0.211479
0.011812
0.136772
1.807077
-0.673886
-0.757369
-2.579741
-0.080466
-0.430464
0.370410
0.062202
-0.347572
-2.104262
0.538135
-0.769109
0.176191
0.180931
-0.377758
-0.944925
0.228906
0.282071
0.483923
-1.685801
-0.885634
0.942140
-0.079169
-1.616180
-1.041096
0.673945
0.087826
2.328705
0.708317
-1.331469
-0.542653
-0.175053
-2.020000
-1.901631
-2.288018
-0.680281
-0.584525
-0.334550
-1.325209
-1.498723
-0.519866
-0.855614
0.747058
0.712555
0.065435
-0.634832
0.784327
-0.473966
0.264510
0.758288
-1.446957
-0.876232
-0.130517
-1.891624
-0.204736
-1.400629
-1.442772
0.407561
-1.552965
0.401027
-1.220512
-0.583044
0.798381
1.381019
1.285127
1.650897
0.809601
-0.759117
0.729791
-0.716264
1.084154
-1.295580
-0.794944
-1.104957
-1.832307
0.491119
-0.056057
-0.717668
-1.887207
0.578074
-0.877624
1.159631
-1.467442
0.755394
0.195497
-0.581818
0.269349
-1.004187
0.603954
-0.692396
1.995396
0.190266
-0.072728
1.562871
-1.386926
-1.222474
-0.905278
1.830700
0.141317
1.766438
0.734979
-0.118359
0.874517
-0.139841
0.259890
0.065692
0.862198
0.893749
0.220646
-1.231611
-0.784627
0.793597
-0.787924
-0.765125
-0.113804
0.626554
-0.182964
-1.181402
0.066104
0.954421
0.324120
0.108584
-1.230777
0.375558
-0.352151
1.388215
0.572519
-0.077672
-1.319173
-0.498612
0.381339
1.413728
-1.506446
0.044258
-0.579545
-0.612160
0.767470
-0.372761
-0.183890
1.033875
1.949763
1.017931
-1.155907
-0.388492
-1.341240
-0.871745
0.744827
0.445840
1.607729
1.605293
-0.514631
-0.327900
0.763387
-0.815967
1.400213
0.156949
1.910246
-0.195565
-0.649193
0.219301
-0.469272
-2.220420
-0.363021
0.214139
1.026938
0.745472
0.347939
-0.259534
-0.000423
-0.584336
1.006808
0.592039
-1.457199
2.011115
1.689858
0.199966
-1.224331
-1.939500
0.738850
1.394685
-0.813585
-0.818822
-0.102798
1.239345
0.364277
-1.166637
-0.503828
0.111410
-1.534703
-0.584131
-0.801755
-0.192220
-0.345043
0.386518
-1.226430
0.588039
0.235841
0.922925
-2.507845
0.411615
0.616968
0.393249
0.734978
-0.103351
0.547259
-0.850882
0.423956
1.775568
0.049864
0.003983
-1.101292
-0.070299
0.050030
0.991115
-2.131723
0.018938
-1.286716
0.564948
0.577005
0.658060
1.472331
0.012551
0.789292
0.526073
0.728471
0.919890
0.436991
0.126931
-2.436990
0.213812
0.655831
0.124037
-0.651223
0.785005
0.844194
-2.629108
0.085960
-0.889607
-0.607249
0.574341
1.133185
-0.499190
-0.647782
-0.577854
0.041831
0.488165
-0.979118
0.123255
-0.831763
-0.431513
1.250590
-1.625108
0.326109
0.788635
0.248429
-0.513483
-1.512426
-1.609317
0.577062
0.573077
0.469460
-0.103246
-1.630697
1.038338
0.317935
1.651014
-1.402153
-1.606863
-0.998718
-2.010642
2.422586
-1.471126
1.043858
-0.682294
0.534387
-0.216212
0.494173
-0.091969
-0.036256
1.702631
-0.580896
0.281848
0.470285
-0.705124
0.470336
0.418311
-1.091887
-1.144776
0.109068
-1.018339
-0.074079
0.821483
0.278460
-1.242738
-0.861967
0.921239
-0.388351
0.047722
-0.869396
-0.127015
0.490686
0.059240
-0.253016
-1.904866
-0.026411
-0.545717
-0.035479
1.526572
-0.101940
0.748697
-1.518705
-1.016228
0.623307
0.464363
-0.899369
0.418835
-0.204662
0.025478
1.289564
0.631018
0.344684
-0.559012
-0.255665
-0.989686
-0.527489
0.297817
0.084740
1.469237
-1.306513
-0.699164
0.344078
-0.271834
-0.569589
0.017406
1.098463
0.119053
0.979847
1.887973
0.867373
-0.916159
0.403602
0.003558
-2.345141
-1.070266
-1.684954
0.567000
-0.025724
0.036112
-0.058183
1.088838
0.499923
0.521950
0.490841
-0.464889
1.261472
0.391003
2.043862
2.362283
-1.120829
-0.512611
-0.988700
-0.519161
-0.226120
-0.125259
0.087808
0.036984
-0.349045
1.184504
-0.296507
0.820786
0.167599
-0.962730
0.297967
-1.676386
-0.178866
-1.255093
0.784574
-0.077287
0.385588
-0.774598
-0.123229
0.776027
1.381819
-1.010127
-0.725156
-0.205671
0.052248
0.185175
-0.589230
-1.881427
-0.863124
-0.636057
-1.172982
-0.917982
0.917712
0.773909
1.405486
0.803035
0.449247
-0.879630
1.287502
-0.911943
-1.732332
-1.345162
-1.056535
0.044805
0.344986
-1.571295
0.501286
0.505671
0.267394
0.234623
0.812757
0.852244
1.363999
-1.573302
0.444948
1.075722
-2.103119
0.034365
1.178162
-1.426672
-0.013183
-0.266754
-0.009308
-0.588474
1.753871
1.116148
-0.102013
-0.230962
-1.269476
-0.560742
-0.430455
-0.325374
1.480864
0.731693
-0.268427
0.485504
0.303105
-0.891410
-1.414717
0.038046
-0.729978
-0.267887
-0.310137
0.035084
0.240243
0.702919
2.787416
-0.172114
-0.698664
1.152349
-1.335466
0.019150
1.123738
-0.351106
-0.417763
-0.908126
-0.249899
-0.184623
-1.613377
-0.876224
1.622153
0.216129
0.447610
0.279421
0.871837
-0.194471
-0.625246
-0.759336
-1.458342
-1.433364
-2.101237
0.425046
0.966765
0.215630
1.457435
-1.271138
0.658909
0.563846
1.147441
0.137572
-0.226720
-0.147916
-0.016336
1.495766
1.547095
-1.136299
-0.099375
0.094456
-0.055978
0.966593
-0.277798
0.980784
-1.731389
1.245782
-0.753254
1.562855
-1.827231
1.146005
0.599084
0.648363
-0.814059
-2.502691
1.526274
-0.532572
0.164222
0.318470
0.911575
0.905882
1.224209
-0.791489
-0.571255
-0.233075
0.753474
-1.328978
0.224570
1.465137
-0.662234
-1.448623
0.437034
-0.464335
0.581552
-2.018097
0.680079
1.902592
0.415937
0.380825
-0.355832
0.261487
1.417921
0.371885
0.949223
0.151613
0.313600
0.075363
-0.892469
-1.542916
0.296521
-0.571713
-0.041396
-0.946414
-1.263853
-1.499942
0.414004
-1.362169
-0.109472
0.178772
-0.321956
-1.416744
0.587397
1.124731
-1.418573
-0.682431
0.378746
-0.255844
1.173532
1.050662
0.337361
-1.791476
1.025544
-0.484590
1.326330
-1.172478
0.522045
0.805408
0.009695
0.812512
0.329915
-1.003722
0.373099
-0.927713
1.482215
1.517627
0.074566
-0.960422
-0.157891
0.249429
-0.930048
1.516537
-0.589494
-0.163063
0.079584
0.310158
-1.210275
2.586058
-0.908500
-0.983813
-0.403273
0.437657
-1.126623
1.249808
0.504289
0.226099
0.691313
-1.552407
1.006591
1.228504
-0.305967
0.639975
0.124001
-0.529865
0.740987
0.677775
1.453370
0.762565
0.159574
-0.131979
0.864348
1.083154
0.084629
2.118590
0.422273
-0.573026
0.829939
-0.380477
1.104553
-0.507345
0.141842
1.258637
0.824096
-0.092558
1.727305
-0.390026
-0.079825
0.880830
1.258657
0.977318
0.999858
-0.248829
0.270292
1.433387
0.563966
-1.027419
1.891559
-0.901217
-0.374877
1.996190
0.348866
0.241421
-1.180118
0.847482
0.263839
0.428430
-0.496114
0.576624
-0.841762
0.484101
-1.233992
-0.719559
0.624716
0.296160
0.162637
-0.199369
0.429559
0.120482
0.245991
2.383698
0.989259
1.591616
0.097185
-0.856662
-0.267437
0.522206
0.977311
-0.315042
0.875690
-0.467623
0.201602
-0.716761
-1.488565
1.257421
-0.655338
-0.662322
-1.735632
0.253864
1.085159
0.562736
1.107592
-0.718685
-1.443904
-0.857933
0.533997
-1.007279
0.690077
-0.886386
-2.253201
-2.511103
-0.409504
0.248235
-1.283024
-0.812771
-0.084341
0.111170
-1.086438
-1.502887
-0.878787
-1.593602
-0.187183
-1.039966
0.014754
0.764481
0.978280
0.000345
-0.270991
-0.195163
0.322169
0.371328
-0.491147
0.732975
0.092537
0.230444
-0.966813
0.484639
-1.109318
-1.323389
-0.024577
-0.095325
0.168588
-0.048257
0.538327
1.080299
0.297301
0.924507
-1.310173
-0.436494
-0.464825
-1.135180
-0.820575
-0.856839
2.375403
-0.996182
0.836353
0.267614
0.820841
-0.911781
-1.028057
-0.979887
-1.043274
-0.672471
-1.441690
0.765134
0.595003
-0.143389
0.626907
0.804434
1.074938
2.038521
-0.133489
-1.828415
2.097126
0.544435
-0.738365
-1.523639
-0.546492
-1.543419
0.309588
-1.119989
2.275062
-0.466944
-1.839830
-0.154674
0.063482
-0.472752
1.804491
1.337670
1.137703
-0.319877
1.794864
-0.227703
-0.336995
-0.513083
1.298838
-0.773115
-1.060427
-0.225311
0.107471
-1.820583
0.736835
0.703263
0.989372
0.648383
1.474220
0.088476
0.497865
1.068232
0.697014
0.874069
-0.983815
0.224893
-0.555986
0.422755
1.199296
2.364338
0.888208
-0.591344
-0.738041
-1.034989
0.917335
-0.562187
-0.094984
-0.131770
0.063191
0.970974
0.309003
0.926895
-0.465593
0.286196
-0.264423
-0.325153
-0.822217
-0.096060
1.464603
1.419499
-0.422789
-1.852703
0.271582
-0.504498
-1.822115
0.193193
-1.589487
0.237900
-1.001915
-0.231350
0.003535
0.074053
-2.686972
1.577641
-0.582328
1.491077
-0.943086
-0.049944
-0.227255
-0.093660
-0.189898
0.583760
-1.151111
0.323237
-2.086289
-0.045090
0.143005
-0.378204
1.229525
1.599045
0.407731
1.060347
0.106618
0.976347
0.517452
-1.015405
0.163339
0.915868
-0.446214
2.776282
-1.752802
-0.847353
1.381636
-1.477681
-0.066165
-0.509538
0.132127
0.302274
1.076451
-0.841083
-3.081740
-0.030031
-0.076416
-0.210928
0.139045
0.426435
0.072873
0.273721
-0.462020
-0.049171
-0.335686
0.431937
-0.253073
-0.446106
-2.007228
0.923876
0.159405
0.063824
-1.326380
0.108942
-0.539047
-0.548197
-0.119735
1.021843
-0.793410
-2.416358
0.773251
-0.438792
0.646116
-1.393693
-0.661878
2.166891
1.099374
-0.120207
-0.497316
-0.646291
0.060971
-0.945049
-1.318750
-1.002276
-0.196060
0.732417
-0.482907
0.475353
-1.451937
0.831833
1.375491
-1.118358
1.563790
0.351923
-0.484150
0.379435
0.597572
0.676472
0.519992
-0.043890
2.046325
-0.516508
0.099803
-0.983065
-0.639401
1.126291
-0.810319
1.015391
-0.620567
0.366222
1.192578
0.817211
-1.079445
1.862837
0.046398
-1.195992
-0.002301
-0.366589
0.661350
-0.100107
-0.981471
0.303435
-0.723170
0.726391
0.884903
-0.059153
-0.776627
-1.251875
-0.694179
0.546187
-1.412779
-1.136369
0.413796
-0.215766
-0.139393
2.933563
-1.369866
0.486341
1.775958
0.936775
-0.512112
0.583171
-1.551933
0.291321
-0.589918
0.095270
-1.847123
-0.070908
1.482701
1.423795
-0.508678
-1.620086
-0.108460
-0.397382
-0.783875
1.946927
0.465290
-0.613111
0.405907
0.201030
-0.131669
-0.074657
2.341258
-0.181124
-0.750418
-0.390338
-0.224383
0.920111
0.487725
-1.458058
0.811689
-0.569749
-0.401565
-0.485407
-0.636483
0.903459
0.637984
1.577176
0.585050
-0.622070
0.498362
0.471181
1.117927
-0.208919
0.554085
1.224890
-0.597746
-0.536125
-0.036254
0.817348
0.179747
0.641127
0.596313
-3.627073
0.313524
1.777035
-0.570801
1.295666
2.363160
0.647077
-0.127673
-0.433430
1.750428
-0.731397
1.332146
-1.116804
0.064460
0.609892
-0.887054
-1.122759
-0.102443
1.098010
-0.119795
-0.772506
-0.285672
-1.492310
0.284984
1.201239
-2.690450
0.160432
0.079509
-0.963663
0.414604
-0.213120
-0.504496
0.389636
0.475156
0.269434
-1.358423
-1.545050
0.207828
-1.404033
-0.914884
-0.554459
-1.939869
-0.752699
-0.203742
-1.107259
1.958312
0.493289
0.214845
0.747745
1.573558
-0.014648
-0.761774
0.599902
0.777976
0.577292
0.283529
-1.225107
0.083424
0.745737
0.587602
1.070948
0.515367
0.786835
0.977456
0.169071
0.448444
-1.328280
-1.517931
0.477372
-0.276446
1.560278
0.387766
-0.311163
0.933612
0.926800
1.297060
0.449257
-0.542061
2.123415
0.451380
-0.716036
-0.341713
-0.390702
-0.047437
1.138076
0.457843
-0.216120
1.183220
-0.527846
-0.782638
-0.990152
-0.206967
0.786443
0.363210
-0.368245
-0.401875
1.066115
1.039944
1.489106
-1.692976
-1.086252
-1.620384
0.146808
-0.360490
0.885775
0.490699
0.071079
-1.192853
-0.133548
0.318768
0.009318
-0.935454
0.279525
-0.329478
0.406300
-0.957235
-0.898199
0.341573
0.879945
0.636798
0.784137
1.116325
-1.947570
-0.442121
2.891124
-0.878066
-1.023214
1.620527
-0.726158
0.007856
0.634808
1.182071
-0.116373
0.838984
1.274694
-0.159987
-0.958262
1.671359
0.669232
-0.666038
1.056432
0.954554
1.253061
-0.247930
1.668057
-0.440146
0.778175
-0.303877
-0.435632
0.639879
-1.558157
-2.075545
0.686616
1.319555
-0.379422
0.510366
1.973021
-0.737559
0.686024
-0.907641
-0.619943
-0.917547
-1.347176
-0.915637
-1.342694
-2.064680
-0.632996
-0.076626
-0.540892
0.952037
-0.857176
-1.159914
-0.558422
1.646167
0.104531
0.215839
1.729261
1.297458
-1.376500
-0.445215
-0.152651
-0.990233
1.534576
-0.158940
0.903061
2.070816
-0.986179
0.206774
-1.949550
-0.598511
0.996799
-0.843517
-0.282093
0.377706
-0.361377
-0.551906
-0.627332
-0.437828
0.256990
0.910485
0.098346
-0.265871
0.325566
-0.576231
-0.960235
0.291173
-0.537911
-0.945725
0.797337
-0.756875
-1.742437
-0.714033
0.786617
-0.087456
1.077655
0.085880
-1.291334
0.800813
-0.313748
0.538619
0.417256
-0.221272
1.029031
-0.696460
1.612427
-0.517449
-0.673691
-0.389957
0.132560
-1.044466
-0.222664
0.730668
0.507655
0.903500
-0.463636
-0.547836
-0.506083
-2.333334
-0.941684
-0.038703
-0.157801
-0.614229
0.885932
-0.881174
-0.677291
-1.182335
-1.332850
-0.009397
0.549144
-0.610421
-1.285001
-0.646529
0.181713
-1.402677
-0.177582
-1.287824
-0.403193
-0.860633
-0.798261
-0.641743
-0.639824
-1.322866
1.203495
0.891956
-1.804975
0.447621
0.282081
1.881863
-0.995338
-0.390947
1.360402
2.398737
0.386182
1.093677
-1.139161
0.873805
2.625433
-0.107052
-0.442144
1.991793
-0.321518
0.654235
-1.036337
0.561636
-0.975016
0.529663
0.503215
-0.845039
0.210110
-0.827033
0.283004
-0.939239
0.803127
-0.868856
2.031815
1.541287
0.392242
0.385370
-0.101386
-1.240650
-0.889899
1.664009
1.486936
0.014401
-0.053317
0.119602
-0.049973
0.072872
1.663530
0.140309
0.260166
-1.260314
0.563494
0.505532
0.734833
-0.441959
-0.141543
0.756773
0.935474
-0.060962
-0.353716
0.863094
0.592513
0.147930
-0.558238
0.849502
-0.168186
-0.879469
1.534101
-0.937386
0.368453
0.246834
0.576826
0.195650
1.750879
-0.240753
0.055794
-0.376489
-1.474067
1.065023
-0.610912
-0.894359
-0.248162
0.550984
0.131698
-1.085641
-0.521072
-0.465128
0.000397
-0.947201
0.326462
0.040635
0.695584
0.674728
-0.834013
-0.640459
-0.464551
-0.529313
0.181061
0.568581
1.040978
1.896945
1.406003
-0.967691
-1.140648
-0.864557
-0.963125
-0.449584
-0.367094
0.104197
0.939091
-1.968401
0.295782
0.005527
1.906830
0.235478
0.041703
-1.720614
-1.181672
-1.686453
-0.279574
-0.438164
-1.346471
-0.222781
0.403310
0.274984
0.287412
-0.027397
-1.680468
-0.886511
-0.247257
-1.125813
0.934234
-0.580712
-0.141847
0.079099
-1.074993
2.213473
-1.200669
0.269171
-0.248944
-0.876291
1.663281
-1.033581
0.872165
-0.147559
-1.223531
0.565043
0.219593
0.049129
-1.011125
-0.869986
0.197699
0.342112
0.403672
-0.011117
0.130171
-1.935220
-0.341197
1.546491
-0.845537
-0.201203
0.554374
-0.354948
0.960149
0.584723
-0.960110
0.142833
0.790961
-0.207259
0.574973
-1.284942
1.208611
0.402765
-0.920906
1.342876
-0.049712
1.125250
-1.403411
0.085441
0.536446
-0.464638
-0.252539
1.571430
-0.307501
0.779337
1.749710
0.103542
0.415656
-0.789644
1.537281
-1.092519
-0.388578
0.786364
-3.771620
0.355891
0.265761
-0.012836
0.268894
-0.321684
-0.819737
-0.406112
0.072215
0.645842
-0.572882
1.533198
-2.264453
-0.714969
0.734233
0.027331
0.421965
-1.840241
-0.508928
0.598456
0.669938
0.416519
-0.555224
1.835399
-0.673316
0.332133
-1.050893
-2.342010
-1.103571
0.250054
1.232387
0.913954
0.795377
-0.236880
-0.823899
0.929664
0.112477
-0.494981
2.142244
0.360279
-1.222358
-0.517364
0.239150
-1.131729
-0.886997
-1.969695
-0.861167
-0.478099
0.170385
0.039275
-0.851387
0.594199
0.775846
-0.239478
0.588117
-0.352612
-0.943996
1.463918
0.829493
0.265510
0.205593
1.500435
0.508146
-0.770754
1.519491
0.934573
-1.183003
-0.775575
-2.174684
-0.100250
-0.903641
1.138749
-0.054594
0.762246
-0.360331
-1.141439
-2.177176
-0.391734
0.977988
0.025115
-2.313500
-1.256488
0.597540
-2.023626
0.448377
0.415925
-0.944855
1.546827
0.448218
-0.661298
-0.473106
-0.444914
-1.973893
0.704237
-0.006195
-0.443070
0.751148
-0.605211
-0.753578
0.244709
-1.414135
-0.651518
1.166051
-1.821788
-0.614126
1.212526
-0.021215
-0.690838
-0.276096
-0.309061
0.099245
0.389876
0.673995
-0.248456
1.101239
-0.497213
0.497270
0.124454
0.897262
-0.917513
0.827430
-0.453988
-0.207212
0.515981
0.984769
1.057652
0.498832
2.120672
-0.225883
-1.757364
-0.661401
-0.544956
-0.386962
-0.144514
-0.190809
-0.118569
1.739598
2.754436
0.363967
-0.655090
0.302347
-0.246030
0.053339
0.605374
-1.300697
-0.272749
-0.846813
0.976688
-0.604535
0.283527
0.211996
2.572442
-0.124873
-1.587710
0.413378
1.390602
0.361146
-1.494181
0.909768
-0.789545
-0.013143
0.478777
-1.409464
-0.767194
0.462758
-0.212762
-0.558666
-0.081066
-0.632999
-1.500085
0.156967
0.461033
0.521606
1.095199
-0.601022
0.552288
0.432169
0.630781
2.053008
-0.521709
-1.489789
0.625013
-1.561302
-0.022547
0.365372
-0.192316
0.402256
-0.323907
-1.140902
0.295447
-3.019359
-0.468282
-1.477317
-0.904295
1.045407
-1.108284
-1.044451
2.170867
-0.483286
-0.677798
1.559556
-0.291549
0.022152
1.687861
0.922221
0.500010
1.164566
-2.719520
-1.585084
-0.382153
1.170858
0.579639
0.068204
1.158967
1.657561
-0.766269
-1.281613
0.161942
-1.380073
1.107029
0.985576
-0.959404
-0.810120
1.417061
1.621779
2.547860
-0.928716
-0.894159
-0.753424
1.668202
0.310141
-1.094401
-0.010388
-0.630178
3.096807
1.110220
-0.809343
-2.085510
1.279929
-0.799759
0.639644
-0.761387
0.315871
0.200230
1.627566
0.653926
0.431374
0.838833
0.323543
-0.348371
-1.046299
-0.648803
-0.116888
-0.280229
-0.358216
0.730391
0.024765
-1.382388
-0.670079
-1.721804
-1.561054
-1.373033
0.039720
0.033960
-0.021320
1.094154
-0.235272
-1.632289
0.079912
-0.955693
0.988925
0.283551
-0.439204
-0.941499
0.407256
-0.951822
1.383388
-1.134076
-1.840986
0.547560
0.577278
0.007543
0.487702
0.730444
0.337496
-0.178349
0.513538
0.586237
0.437406
-1.251131
-1.044464
-1.257429
0.864264
0.850361
-2.473391
1.016119
-1.765095
-1.052652
0.957454
0.275232
0.366634
-0.360968
0.897506
-0.345924
-1.403171
0.331249
-0.604550
1.270232
1.043927
-0.993512
0.214745
1.100866
0.429919
-0.137211
0.616957
-1.551685
2.064666
0.919826
-0.387090
-0.280498
1.350684
1.464141
-0.844390
0.111689
0.385824
-1.157707
0.064511
-1.496290
0.547475
-0.354899
1.002442
0.544637
0.830551
2.646779
0.649495
0.059558
0.359775
0.251687
-0.118124
0.442234
-0.115355
0.073308
-0.275805
-0.195126
0.109538
0.325209
0.893038
1.051036
0.971665
0.150423
0.572746
0.253918
0.042489
-1.040593
-1.469030
-0.072426
-0.179909
0.026465
-0.159875
-1.499017
-0.210557
0.133262
0.744872
-0.974488
-2.118131
-0.724843
2.719701
-0.518948
0.671608
0.152234
1.051592
-0.355230
0.052611
0.985105
1.024119
-0.502820
-0.830183
-0.350636
2.101351
-0.297579
-1.191549
-1.931027
0.028161
0.727851
0.004403
-1.375808
-1.280902
0.718399
0.299431
0.914625
-1.880446
-0.568574
-0.168437
0.645402
-0.155521
0.001747
-0.046136
-0.475144
1.667477
-0.261011
-1.307609
-1.053770
-0.132517
-1.659056
0.199607
-0.464894
1.647201
-0.753288
-1.218991
-1.270837
1.730433
0.973959
-1.609030
0.926909
-0.514151
0.334360
1.051476
-0.702661
-2.222835
1.699657
-0.015398
-1.189423
0.102931
0.986095
-0.042415
0.247185
-0.613238
0.170266
-0.976134
0.102377
0.982305
-0.293616
0.524726
0.290283
1.344202
-1.285001
0.867246
-1.546479
1.529011
-1.300226
-0.451716
-0.303686
0.461732
0.471647
0.166660
0.211535
-0.517813
0.948027
-0.009833
-0.221916
1.074824
0.041328
-0.375192
1.005411
1.087817
0.263547
0.840377
0.287988
-0.106801
-0.925085
0.202489
0.190391
0.741037
0.878146
-0.252450
-0.166897
0.749334
0.856198
-0.066998
-0.286670
0.003158
-0.387581
0.403232
-0.018621
-1.039750
0.525823
-2.052373
1.401164
-0.383206
0.203172
0.600929
-1.002439
0.917690
0.121324
0.488919
0.541892
0.613634
0.135688
-1.229191
-0.774638
-0.150972
-2.012000
-0.101373
-0.308783
0.547091
-1.714197
-0.283040
1.532973
-1.124851
-1.033524
-0.589626
-0.067833
3.014480
-0.195481
-0.851302
-0.883855
0.839913
0.458703
0.686220
0.457605
-0.979783
-0.926608
1.221957
0.144307
0.624823
0.234522
0.048741
0.153546
0.332043
-0.157616
-0.659007
-0.033802
0.461729
0.100861
-1.274197
-0.331101
1.387631
0.955591
-0.806091
-0.494664
0.996936
-0.156336
0.231151
0.809894
0.114401
0.346636
1.606790
-0.407853
0.825100
1.109954
-0.013065
-0.813041
-1.221672
-1.280582
-0.701305
-1.152566
0.551009
1.438449
-0.016808
-0.264091
0.507072
-0.644366
1.831131
0.686496
-0.177333
0.222371
-0.070496
-0.984023
-0.335644
1.069185
0.120140
0.510113
-0.878266
-0.533972
-0.979984
0.783432
0.769362
0.205772
-0.344556
-1.428493
-0.001782
0.975543
0.731643
0.014116
-0.039882
-1.270982
-1.564972
-0.307139
-0.547339
0.961687
1.514545
-0.719569
-0.394443
0.407140
0.109434
1.939774
0.056201
0.513948
-0.004641
0.053680
-0.867709
-0.740358
0.044823
1.350432
-0.338218
-1.277916
0.271309
-0.456641
1.071634
0.207272
0.330147
-0.296498
0.589649
-0.415363
0.567065
1.175082
1.487399
-2.312653
-0.869152
0.457473
-0.847525
0.854693
-0.666680
0.112912
1.239725
-0.330131
-1.124793
0.165488
0.298913
-0.247065
-0.302608
0.192184
-0.173035
0.437785
-0.219367
0.611402
0.696673
0.374873
-1.460923
1.590705
0.973954
0.824886
-0.392651
1.537495
-1.139317
-0.216258
-0.773045
-0.425190
0.594624
-1.156047
-1.562825
1.101006
0.215453
0.711149
-0.047514
-0.038871
-1.252522
-0.517489
-0.556148
-1.115468
0.178495
0.835077
-0.445924
-2.413965
-0.850500
0.540173
1.978513
-0.639323
-1.361372
2.054602
0.059581
-0.428587
0.915485
-0.323224
1.559420
-1.115090
2.095202
0.502141
-0.783090
-0.769372
-0.166308
1.434800
0.296076
-0.002733
0.268269
0.012771
0.242475
0.463824
1.788949
1.175708
-1.022259
2.601480
1.580837
-0.214665
0.757586
-0.449595
-0.590812
0.559265
-1.325944
0.594885
0.406950
0.839896
-0.490689
0.647197
0.639831
1.647198
1.413301
0.842683
1.010604
1.024562
0.094432
1.452988
-0.671341
-1.517580
2.133654
0.771763
0.692774
-0.485336
1.337982
-1.678579
-1.042272
0.567596
1.642340
0.124592
0.920254
0.058609
0.428466
0.183050
-0.106439
2.549864
0.131963
-0.829885
0.251063
-0.892932
0.693413
0.841213
-0.302536
-1.389806
0.712590
-1.890027
-1.286676
0.350718
1.006931
0.343961
-0.422340
0.416775
-0.691327
1.372168
0.198601
-0.503113
1.395704
0.410261
0.716952
-0.673033
-1.622632
2.085853
0.026646
1.171468
-2.115336
0.074064
-0.648834
0.085823
-1.324153
-1.043446
-0.380394
-0.667255
-0.156726
-2.313326
0.139006
-0.401852
-0.451244
0.372433
-1.180088
-1.333287
0.790876
-1.340736
1.621853
0.130681
-0.619800
0.034197
0.691960
-0.101824
0.384331
1.255138
0.183911
1.370197
-1.921507
1.571735
-1.081897
-0.202426
0.006804
0.784631
-0.496238
3.049326
2.200038
1.381504
0.598443
-0.646638
0.107046
0.065115
-0.448170
0.459968
1.302039
-0.758131
-0.275403
-0.037192
-0.541840
0.745266
-1.153426
0.938193
0.665935
-1.193729
-1.537617
0.131079
0.239836
0.554914
0.248322
-0.619863
0.863086
-0.139304
1.017425
0.314396
0.068376
0.031555
1.307872
0.449212
-0.407118
0.591076
0.374138
0.245396
-0.874979
1.252260
-0.384459
0.037518
-0.638358
0.736066
-2.316000
-1.359628
0.482080
0.757539
0.886139
1.002428
0.514379
-0.686439
-0.725750
1.780357
0.573117
0.851153
0.894202
0.340451
-1.747188
0.865132
0.411510
0.901168
1.687875
-1.612940
0.510849
-0.252300
0.743805
0.503349
-0.461323
0.482001
-0.443965
-1.491188
-0.360261
-1.590763
0.692780
-0.147758
-1.033446
-1.567489
0.455090
1.560432
-1.442281
0.578836
-0.287024
-0.400421
-0.878534
-1.427089
0.940292
0.899232
0.415513
-0.887732
1.732950
-1.558470
0.276642
0.615633
-1.322099
0.781385
-0.636837
-0.695776
-0.599509
-0.384678
-0.036009
0.214970
-1.040283
-0.845994
-0.911272
1.099531
-0.936714
-1.990296
-0.022775
-0.475803
0.932287
0.927374
0.807051
-1.783846
-0.669902
-1.591591
-0.280533
-1.423391
-1.474974
0.159444
0.032988
-0.835620
1.327486
1.082441
1.048879
-0.446927
-0.999252
-0.993234
0.508597
-0.542153
1.948356
1.139767
-0.062263
0.168827
-0.767168
-1.140374
-0.753185
0.395588
0.684220
-0.573582
-0.536107
-0.720549
-0.034350
0.471486
-0.156835
0.536830
0.760741
-0.724366
-1.395140
-0.837481
0.495439
-0.060681
-0.668896
-1.645803
0.628092
0.249567
1.566792
1.370422
-0.188262
-0.350364
0.697537
0.445156
-0.648803
-2.651444
-0.943689
-1.078887
-1.091277
0.061191
-1.420685
-0.649517
-1.200790
-1.336017
-0.051931
-1.204521
-1.112166
0.628034
-0.504869
-0.445783
-0.447285
1.149574
-0.528896
1.200736
-0.497469
-0.310949
-0.924440
-0.269371
-1.046884
-0.672154
0.546550
0.088405
-0.409871
-1.051457
1.414809
-0.475012
0.616728
0.924622
-0.425393
-0.654478
0.789196
0.314097
0.764848
-0.169564
-0.147942
-0.106425
-2.211675
2.331224
-0.667653
-0.945768
0.947402
0.797369
0.170479
-0.703569
0.709289
-1.869872
-0.263953
0.218162
-0.454870
1.547900
-0.482041
0.689889
0.608561
0.019384
1.815215
-1.633992
-1.333771
-0.539300
0.159994
0.431750
-1.788713
0.714073
-0.814863
-0.438835
0.613669
-0.898214
2.442387
-0.956206
-1.492124
-1.753105
-1.935444
0.180969
-0.943120
0.170868
-1.913852
-1.326715
-0.823766
-0.174748
0.860675
0.845294
-0.396933
-0.785832
-1.019664
0.126926
1.062159
1.530688
-1.518986
0.926938
1.233531
-0.474580
-0.651547
0.793654
-1.305650
0.281471
1.441000
0.807350
-1.872145
0.118459
0.893298
-0.531700
1.853605
-2.751208
-1.321694
-1.328352
-1.193871
-1.297025
1.164296
0.363023
-1.136025
0.463430
0.240930
-0.978256
1.836821
-0.092891
1.222831
-0.400398
-0.387205
-0.241969
0.141425
-0.376251
0.145258
-0.221931
0.766042
-0.788364
-1.640964
1.135503
1.330962
-0.956018
0.464975
1.163387
-1.472811
0.229593
-0.199058
0.343570
0.848863
-0.360724
-1.805591
0.248155
0.793876
-1.882220
1.230569
0.907411
-0.364623
2.420481
-0.810068
-0.592916
0.890577
-0.727168
0.382874
1.030172
0.742852
1.039713
0.574368
0.927779
0.385586
-0.410503
0.545303
1.596761
-0.289718
-0.944341
0.961267
-0.259131
0.749383
0.966829
2.217942
1.428882
-0.303637
0.331407
0.168551
-1.039272
0.575708
1.884697
-1.007836
0.457788
1.018307
-0.734678
-0.465012
0.064059
-0.789034
0.712351
-2.166913
-0.767507
-0.944970
0.857403
0.775191
0.189854
1.669357
-0.367319
-0.021059
0.465373
-0.624755
0.198067
0.737804
-1.038138
0.824677
-0.175919
0.620071
0.329405
0.296754
-1.027669
0.022723
1.129138
-0.628160
0.804377
1.082232
-0.165742
-0.077681
-0.116701
0.368500
1.984191
0.429589
0.640587
0.637934
0.872514
0.387727
0.850422
-0.096842
-2.119815
1.415942
-0.312650
1.550650
1.045837
-0.301670
-0.223587
-1.239115
-0.585118
0.550913
0.465200
-0.411858
1.548292
-0.004042
-0.991267
0.014260
0.846974
0.191621
-0.024782
-0.051861
-0.790613
0.623794
-0.211643
1.856080
0.675850
0.432386
-0.542749
-0.247151
0.826670
-1.294101
0.027778
-0.011449
-0.142017
0.492400
0.459030
2.564070
0.336326
-1.582248
-1.617834
1.377109
1.151547
-0.959503
1.739121
0.631043
-0.818125
0.302031
-0.802997
0.640226
1.164717
-0.893981
0.135094
-1.064236
-0.571739
-0.634655
0.537454
1.357321
-0.334861
-1.646646
-1.398803
0.663760
-1.427149
0.470982
-1.496332
1.380959
0.318788
1.092176
-2.225826
-0.504536
-0.742192
-0.215739
0.712674
0.669191
-1.197644
-0.885334
0.824621
-0.986835
-0.025421
0.036223
-0.166374
-0.984856
0.751542
-0.758585
-1.093725
-0.182186
-0.696181
0.333486
0.438916
0.246987
-2.007676
0.429191
-1.233445
1.344016
0.062786
-0.921902
-1.255853
-1.962276
0.199546
0.498142
-0.517941
1.944309
-0.423240
0.049116
-1.323637
-0.616535
0.717046
0.111287
-0.813030
0.253425
0.579611
1.985025
0.496081
-0.242990
-0.483336
0.632858
-0.680476
-0.158524
0.340862
-0.428184
-0.844176
-0.856093
-0.564835
0.010833
0.345053
0.772746
0.553487
1.644322
0.527030
0.276919
-1.001478
0.576580
-0.879700
0.568788
-0.046175
-1.285207
0.722195
-2.761542
0.033201
0.219754
-0.299560
-0.058688
1.831736
-0.681099
1.508403
0.355597
-0.298170
0.935815
1.929138
1.227810
-0.241627
-1.093653
-0.213596
1.535657
0.926989
-0.467766
0.506910
-0.578018
-0.270213
-0.541143
-0.323999
1.592162
-0.327490
0.097375
-0.115943
-0.786731
-1.348912
-0.664248
0.141621
-0.301530
0.721964
-0.523756
0.340076
-0.123391
-0.200931
0.850616
-2.154650
0.354762
-1.675771
-0.141550
-0.868016
-0.076888
-0.159265
-0.501476
0.025000
-1.857383
-0.315590
0.590571
1.006609
-0.582613
-1.120039
0.123911
-0.432157
0.217588
-0.167938
0.626195
0.505649
-3.171052
-0.141371
0.676777
0.379379
0.302281
0.710930
0.265065
-1.034538
-1.646892
1.048337
1.023767
0.325176
1.274138
0.237599
-0.758179
-0.503714
0.057260
-0.845080
-1.160856
-1.091135
-0.532096
0.915741
0.489312
1.671279
-0.509289
-0.969033
1.476682
0.731409
-2.469050
-1.320270
-0.330122
0.896211
2.039086
1.025495
0.169573
-0.283501
-1.016024
-0.278823
-0.065143
-0.382899
0.232836
-0.772413
0.577495
-1.865026
0.275690
-1.382064
-1.492286
-0.372374
-2.075343
-1.794226
-0.347009
1.734116
0.843890
1.044187
1.497705
1.067745
0.165299
-0.109612
0.154266
-0.056252
-0.072753
-1.119627
1.413606
-0.416461
-2.080935
0.047896
0.989553
-0.860331
-0.673019
-0.580296
0.780267
-0.986471
-1.912171
0.680378
0.168215
-0.767374
0.705638
-1.042163
-0.323133
-0.920215
-1.747463
-1.689043
-0.050482
-0.759909
0.644257
-1.418089
0.813486
0.369296
0.394467
0.194657
1.317689
1.318215
-1.475325
0.239510
-2.188509
1.035378
0.422638
2.492776
-0.716528
-1.268564
0.718050
-1.059623
-0.131873
1.295518
1.414542
0.370351
-0.290617
-2.120261
1.587454
-0.448086
0.123315
1.272590
-0.434123
0.867449
2.062463
0.583928
1.454433
0.314080
-1.168672
1.465515
-0.185437
0.067503
-0.182019
1.397543
0.368443
-0.582821
1.632712
-0.597385
0.684947
-0.504399
3.143374
1.034107
0.115692
1.595495
2.615341
0.694694
1.766870
1.135818
-0.545366
0.321640
-0.382088
-0.736689
-0.561440
-0.673328
0.515676
-1.231312
0.528918
1.330179
-1.702365
-0.934112
-0.891681
-1.165271
-0.143800
0.967038
0.237203
2.482287
0.547002
0.420686
2.628171
-1.516346
-0.500449
1.294296
0.617346
0.229810
0.435663
0.303300
1.106105
-0.373348
-1.993059
1.139842
1.169826
-1.224106
0.789984
0.238368
-0.730523
-0.442387
0.796492
-0.424546
0.376974
-1.812068
0.587436
-0.031326
-0.755446
0.691188
-2.252412
0.514508
-0.465563
-0.537686
-1.677075
-0.643382
-0.042974
1.128023
1.149001
-0.067159
-1.220208
0.704546
-1.082376
0.142890
-2.929540
0.637586
-1.772526
0.692075
0.050605
-1.857926
1.040788
-0.136007
-0.859634
0.006730
-0.195461
-0.123839
-0.814345
-0.613643
-0.934825
0.464001
0.752193
0.664065
-0.137840
1.155399
1.020621
0.398674
-0.406905
-0.078531
0.471729
0.270709
0.127038
-0.422331
-0.320122
-0.338967
0.485041
0.480937
0.236120
-1.048233
1.062102
-0.102875
0.185872
0.390875
-0.675089
0.217453
-1.051518
0.216027
0.298219
0.859040
0.008603
0.564165
0.448179
-0.697926
0.344337
0.317554
1.285553
-0.749187
0.333858
0.757773
0.367099
0.234330
-1.953839
0.716339
0.370080
-1.788561
-0.945817
3.010903
1.456054
0.614725
0.692037
0.637210
-1.386558
-1.768408
0.530453
-0.007980
0.880114
0.946538
0.158163
-0.842635
0.947922
-0.135412
-1.571183
-0.363790
0.411290
0.160243
-0.183079
0.786819
0.441919
0.050492
-2.224127
-0.618519
-1.189263
0.670593
1.029133
3.044840
-0.800859
0.958155
1.326071
1.176245
-0.984244
2.066877
-0.396074
-0.175268
-0.719280
-1.417323
-0.574291
-1.164881
0.934402
-0.111358
1.685479
0.399368
-1.100896
-0.527884
-0.749206
0.784738
0.459896
1.864012
0.437050
-0.940979
-0.592600
1.217094
-0.493217
0.707686
1.212228
1.374815
-1.143755
0.195888
0.123500
0.068881
-2.386000
-0.574529
1.744175
-0.868899
0.693826
0.285753
0.093757
-0.680561
0.671265
-0.278762
-1.104369
-2.398339
-0.809046
-1.002479
-1.157139
0.391824
0.309343
1.142588
0.927157
0.705199
1.212475
-0.466489
0.003759
1.741291
-0.415836
-1.563481
-1.325059
-0.268806
0.238422
-0.503013
0.855313
0.437427
1.195725
0.046267
-1.807007
-0.450484
-1.368678
-0.305847
-0.049595
0.164537
0.184910
-1.771694
2.373878
-0.137865
2.464324
0.507599
-0.170492
-0.018565
-0.009322
2.172896
0.925480
-0.538453
0.905135
0.368323
-0.844532
-0.370975
-0.952508
0.649908
-0.027303
-0.408858
2.141012
0.854244
0.965090
-0.656889
1.610013
0.743348
-1.621836
1.149772
-2.672768
0.341564
-0.471192
-0.480718
2.365148
-1.680419
-0.777861
-0.513458
0.829471
0.338824
0.555040
0.353691
0.835367
-1.160373
-0.973660
1.466988
1.613503
-0.111719
-0.312919
1.081921
-0.773148
1.130791
-0.678680
0.211618
-0.073724
-0.459769
-1.192708
-1.399151
-0.212376
-1.209852
1.406984
-0.233339
0.075202
1.435822
-1.512828
0.406150
-0.706168
0.271081
1.211170
-0.432152
-0.326083
0.022579
0.221202
1.410452
0.245256
-1.546226
-1.298094
-0.111054
1.151374
-0.348947
-0.887693
-1.040863
0.438376
-1.516959
0.443836
-0.384292
2.211629
0.271211
-1.603592
1.068203
1.223680
0.541017
-0.511142
-1.318049
0.462521
-0.013617
-0.516893
2.295533
-1.385230
0.638092
0.059369
1.669905
-1.600730
-0.337901
1.072360
-0.979864
0.831899
-0.847178
0.314275
0.528489
1.121887
1.848600
2.734571
0.437490
-1.223062
-0.278617
1.196675
0.769466
-0.452154
-0.487346
0.076018
-2.134781
0.905229
-0.594476
-0.338006
-0.166479
0.569146
-0.573157
-2.200050
0.065289
0.943287
0.310456
0.549423
-0.966354
-0.522977
-0.244562
0.518383
-0.906058
-0.913742
-0.199653
0.133519
-0.443382
0.337778
-1.641362
-1.793068
-0.194146
-1.869455
-0.999912
-1.451347
0.672355
0.183861
0.794112
-1.166089
-0.811676
-0.943413
-1.124956
-1.165566
0.697306
-0.601425
1.272803
0.140725
0.861292
-0.232436
1.437352
0.862800
1.532578
-0.188939
-0.582497
-0.965349
1.344606
-0.716249
-0.189703
2.071444
-0.612103
2.037441
-1.494503
-0.256708
-0.897205
0.129114
-0.303760
-0.836229
0.706898
-0.448684
0.242780
1.093258
-0.155937
0.724175
-0.767672
1.568489
0.792365
0.950286
-0.322750
-1.262438
0.223472
0.475289
0.296366
0.282037
-1.308386
-1.873736
-0.325642
-0.181504
0.362290
-0.225769
0.185756
0.097734
-1.128951
-0.102993
0.076800
-1.203156
-0.117304
0.019628
-0.245240
1.144544
-0.753081
-0.629661
-1.058494
0.769390
0.820218
-0.326477
1.077106
-0.493506
-0.572800
0.128758
-0.939390
0.955895
0.755388
0.622722
-0.008468
0.251454
0.877878
1.018869
-0.285689
-1.855902
0.030353
0.143003
-0.361842
-0.035162
-0.678556
-0.975977
-0.484866
-0.292926
-0.192585
-0.759190
-0.322896
-0.020505
0.348354
0.282040
-1.699509
-0.712228
-1.391796
0.547650
-0.397012
-0.074465
-1.142448
1.395019
1.213812
0.793299
0.354661
-0.163402
1.494459
0.775562
0.764700
1.282417
0.385940
-0.185659
-0.936344
0.431562
-0.270064
0.393946
1.488934
1.029790
2.016770
-0.596536
-0.856505
-0.939877
0.229777
-0.557442
-0.126759
-2.383224
1.137751
-1.142536
-0.524620
-1.534672
0.131438
0.068495
1.113185
0.273171
0.678724
-0.544654
0.045021
0.845389
1.809553
-0.279030
1.149184
-0.429326
-1.308504
1.083266
1.350000
1.121015
0.566602
-0.459721
1.081757
0.769767
0.830456
-0.238506
0.848088
-0.732071
-0.556251
-1.001110
0.593775
-0.861618
0.886351
1.671187
1.062317
0.654392
-0.177372
-0.034401
0.597354
1.268683
-1.558199
-1.132918
-1.259194
-0.695250
2.630615
-2.263326
1.029170
0.970350
0.790799
-0.967277
-0.732465
0.595858
0.292349
0.074433
1.475004
-0.199853
-0.173994
-1.825438
0.356220
0.701247
-0.248233
0.448693
0.090132
0.752671
0.279236
0.525137
0.337093
0.647004
-1.297052
-1.400702
-0.994490
1.534065
0.731020
-1.644559
0.481404
-0.543442
-0.948426
-1.486761
-0.579798
-0.166750
-1.408608
0.914946
0.477267
-0.657930
-2.525893
-1.997805
-0.234178
1.280212
1.761825
-0.800235
0.373609
1.108387
0.176197
0.404699
0.963882
0.805736
0.838228
-0.043889
-0.237543
-2.038375
-1.094109
1.561654
-2.032857
-0.978868
-0.600573
-0.528534
2.792168
-0.714540
-0.800927
-0.284857
0.634635
-0.479475
1.566863
-2.405538
0.437946
0.593279
0.685420
0.921614
-0.340715
-1.385552
-0.746289
-0.303388
0.018638
-0.069033
-0.263201
1.626593
1.494978
-0.660224
-0.778306
-1.322695
1.588249
-0.095662
0.766417
-0.512534
-0.773721
0.616835
0.754083
1.145577
0.331531
-0.134549
-1.507836
1.864709
1.853761
-1.089129
-0.587654
-0.382884
0.538044
1.485929
0.117388
-0.083062
-0.260411
0.900564
0.114903
-0.846168
0.964667
-1.337694
2.137609
2.374445
-0.112378
-0.679024
-0.271270
-1.245864
-0.279918
-0.058509
1.217261
-1.301326
0.493849
0.001882
0.163983
-0.109647
0.189587
0.665381
1.379463
0.332551
-0.315794
-0.405361
-1.211961
1.619557
1.038023
0.004410
1.244318
-0.523982
-3.181699
-1.602284
-1.042231
1.697141
-0.142290
-0.338692
0.033778
1.389558
-0.679846
-0.873504
1.460822
0.980494
-0.070036
-2.257559
-0.520776
-0.597013
1.435115
0.534242
-0.532606
-1.274499
-1.657333
0.168860
0.868427
-0.437190
1.910481
-0.139788
0.786092
0.391604
0.150472
-1.021475
0.253670
0.044333
0.485171
0.072776
-0.117908
1.690269
0.271968
-1.193975
-0.054563
-1.535867
-0.089813
1.194288
0.999232
1.011388
-1.458257
0.658027
-0.881025
0.786843
0.670384
-0.407260
0.814147
0.760404
0.246289
0.005024
-0.747447
0.624514
-1.020646
-0.815372
1.189346
0.494004
0.496764
-0.295853
1.867093
1.355389
-1.053526
-0.198126
-0.352485
-0.618310
-0.077905
0.797230
-0.501650
0.448077
-0.210117
-0.016828
-0.201411
-0.561296
1.372883
-0.353481
1.573567
0.942680
-0.022169
-0.993476
1.462168
-1.446218
-1.575095
-0.235614
-0.319273
1.409774
0.318609
-0.051588
0.426238
-0.041400
-0.729415
0.578699
0.527869
-0.273273
-0.021990
-0.581363
1.715666
-0.323594
2.461807
-0.656159
0.091040
1.265933
0.863882
1.066478
-1.224806
0.604358
1.014035
0.412970
-0.568180
-0.021812
1.322514
-0.014748
0.073644
1.126109
1.424594
0.959653
0.528807
1.171090
-0.795792
-0.159698
-1.317604
-0.311576
-0.067275
-0.356986
0.223452
0.309402
0.952744
-1.252281
-1.250914
-1.627445
-1.277879
-1.091138
0.228425
-0.360462
1.167520
2.006102
0.769784
-0.982964
-2.200954
-0.162935
-0.710621
-0.489820
-1.428822
1.054342
0.186236
-1.555690
-0.257559
0.580738
-1.893257
-0.435362
1.590625
-0.996563
-2.089509
0.902526
0.349126
-1.423652
0.165654
0.263792
-2.322928
-0.776923
-0.443451
0.278405
-1.771970
1.900690
-0.329059
0.492210
-0.540483
-0.946156
0.644000
-0.348929
-0.917131
0.403233
0.599076
-1.734187
1.256769
-0.200370
1.501088
-0.188997
-0.630296
0.177514
0.280925
1.779658
0.453476
0.154649
-1.541848
-0.507865
-0.818219
1.263805
-0.174550
-0.421483
-1.079754
-0.116413
-0.741082
-1.349755
-0.116841
-1.341163
-2.040790
-1.227563
-1.323123
0.024303
0.481531
1.460979
-1.468643
0.167794
-1.059202
-0.285274
-0.070668
-0.158160
0.922064
-0.127254
-0.259397
-1.700409
-0.537199
-0.737015
-0.097112
-0.376737
2.351755
2.609887
0.498996
0.068768
-0.375994
-0.839822
0.954598
-1.497298
-0.939832
1.102956
0.252160
-0.085588
-0.997729
0.800836
1.574047
0.418721
1.929851
0.114594
-1.150279
0.043463
-0.157229
1.062512
-0.805082
0.203239
-0.039934
0.551858
0.856892
1.739050
0.661534
-0.581904
-1.226317
0.135108
-0.153297
0.291906
0.667572
-0.050729
-0.638926
-0.121129
-0.174524
-0.245741
0.219580
0.648349
-2.565806
0.927195
-0.315517
0.234211
-0.457436
1.214174
2.098394
1.203994
-0.128772
-0.075637
-0.291715
-1.510750
-0.083601
0.763145
1.917646
-0.509135
0.078225
0.121206
0.644235
-0.771147
0.595740
0.225351
-0.901955
0.570645
-0.538579
0.914721
-0.785014
-0.150918
1.276477
-0.555589
0.554794
1.471902
-0.204854
0.163213
-1.769443
0.363887
0.249352
-0.555609
0.605045
-1.177803
1.287334
-2.731175
-1.828761
-0.321310
0.243304
-1.271195
0.242909
1.586018
1.229767
0.944260
-0.806560
-1.292326
0.850108
0.370594
1.401083
-0.474416
-0.213087
-1.986722
1.295905
-1.988189
0.127066
1.120831
-0.100748
-1.143399
0.174414
0.291772
0.251194
1.715026
0.928001
1.145339
-0.336070
0.472038
-0.385434
-0.494490
1.607473
-0.799480
1.487877
-0.038337
-0.459731
0.476689
0.749733
0.727231
-0.585567
-0.130225
0.307560
-2.583428
1.117576
1.217546
-0.455975
-1.000227
-0.458657
-1.188113
-1.088303
0.465645
0.193145
-1.419466
-0.168471
-0.092900
1.405517
0.101129
-0.233675
-0.724243
-0.471349
-1.674399
-0.475976
0.622620
-1.036077
-0.737476
0.377632
0.703253
0.357072
1.682112
-0.740401
-0.639217
-1.816829
-0.249872
0.937617
0.324954
1.815160
-0.893292
0.822483
0.231591
-0.447161
0.391241
0.986791
-0.192773
-0.524765
-1.528007
-0.149547
0.016035
0.042534
0.715268
0.365534
-0.965213
-0.839486
-2.085397
1.526334
0.899986
-0.966565
1.321546
1.625646
-0.642573
-0.300286
1.395405
-2.065148
0.387351
1.783857
0.848313
0.751829
0.545662
1.553611
-1.300551
-0.001165
1.180499
-0.367322
0.088524
0.898917
-2.271071
0.149454
-0.052232
-0.792371
0.289228
-0.298046
-1.017423
0.963590
-0.838511
0.613694
0.254069
-0.937486
0.938066
0.118103
1.112939
0.957906
-0.955860
1.060170
0.734174
0.240017
1.347102
1.624041
0.895493
-0.261687
-1.581632
-0.222290
0.101280
-0.624271
0.488499
0.995484
1.213111
-0.754056
-1.005182
0.631606
-0.343829
0.256425
-0.366275
-0.444694
0.621299
0.564861
-0.158249
-0.577144
1.294560
1.422224
0.941675
0.679618
0.192907
-0.863190
-0.006579
-0.280178
0.171149
1.692722
1.942166
-0.613501
1.371295
-0.646972
0.091692
-2.083210
0.394707
-1.032867
1.302940
0.273181
0.196037
1.040233
-0.011181
-0.017676
1.658175
0.640886
0.243117
0.189509
0.504843
0.704771
0.986922
0.208253
-0.156998
1.851450
-0.179952
0.468690
-0.729601
0.901336
-0.110025
-1.005550
-0.981769
0.804393
0.562527
1.871991
-1.146315
-0.034645
0.181747
0.927068
-0.257421
-0.081255
-0.591211
-0.334595
-0.830143
1.086205
-0.780848
-0.015835
-0.303106
1.657162
-0.890595
0.083738
0.682668
0.578883
0.216819
0.541269
1.271260
0.754013
0.682800
-2.890775
-1.538702
-1.524150
-0.392470
0.089230
-0.533002
-1.708819
-0.149005
-0.351747
-2.020587
0.701213
0.921242
-1.204257
-0.845880
1.095435
0.155487
0.605381
-1.451255
-0.009351
0.715983
1.624192
-1.006065
0.555346
-1.487613
-0.980559
-0.649159
0.037781
-0.437438
-0.426657
-2.037374
-0.352695
-1.350607
0.761299
-1.132661
-0.231567
0.406287
-0.498911
-0.030105
-0.245002
1.184167
1.105557
-0.311591
1.570820
0.028060
0.012359
0.470139
-2.180518
-0.499251
-1.801261
0.628322
-0.881395
0.660157
1.707494
-0.032365
0.882583
1.391238
-1.659670
-1.663130
0.840603
0.063116
0.108571
2.044903
0.034582
1.114504
0.470417
-0.138350
-0.453991
-0.064125
-0.355873
-0.914598
2.001071
1.685805
0.338094
-1.362287
1.614151
-1.973370
0.954056
-2.189234
1.395166
-0.540884
0.628648
-0.791925
0.010599
0.847882
0.000203
-0.907416
1.579907
-0.277031
1.068881
0.976672
-0.719375
-0.429435
-0.186130
0.736868
-0.107233
-0.895571
-0.277829
-0.235692
0.071185
-0.633033
0.269103
-0.551383
-0.718730
0.060176
-1.509503
0.842998
0.419381
0.018841
1.154247
0.946353
-2.327721
3.190559
-0.812726
1.644207
1.656744
-0.846304
0.178467
-2.098081
0.829378
1.953651
-0.774760
1.139804
0.969003
-0.242325
1.393916
0.145405
1.718116
0.045301
-0.004220
-1.360866
-0.500318
-0.868033
-0.936108
-0.354041
1.544304
0.152720
1.929523
0.882902
1.066729
0.718532
-0.100598
-0.571215
-0.296902
-1.087950
0.145332
1.182761
-0.606374
-0.551472
1.307847
0.837927
-0.601304
-0.962030
1.087881
-1.482361
2.023240
0.616351
0.584614
0.166669
0.497627
-0.178556
0.754031
-2.418259
1.357474
-0.512703
2.217166
0.812768
1.036426
0.011733
-0.745677
-1.801233
0.593560
1.061749
0.136254
0.594297
-0.241358
0.870465
0.609084
0.845336
0.245304
-0.776786
0.468910
-0.296580
-0.206212
0.326352
0.217219
1.183319
0.282129
2.320934
-0.155406
0.180548
1.775414
1.716146
1.234694
-0.839434
0.394851
-1.244496
0.714368
0.129547
-1.697347
-0.974058
0.947808
0.070220
0.602333
0.338390
-0.512932
-0.934630
-0.264641
0.549392
0.316762
1.096015
-0.192687
1.115093
1.429858
0.563437
-0.868740
1.024173
-0.739083
-2.488679
0.162622
-0.086220
2.224397
-0.499515
0.166208
-0.301954
1.255713
0.272549
-0.411067
-2.038404
0.462032
-0.941226
-0.395514
-0.992406
0.163820
0.357851
-0.432270
-0.748692
1.432372
0.439499
1.235855
0.635776
-1.281665
0.357311
-1.624201
-1.223807
0.176326
0.721931
-1.167660
0.333003
1.087834
-1.037586
-0.532637
1.875679
1.511550
-1.285667
1.145033
-1.096698
1.107442
-0.632170
1.519907
-0.506543
-1.036844
-0.020342
-1.339027
-1.227917
-1.080813
0.387185
-0.349792
2.311748
0.613676
-1.007807
-0.881848
0.830884
-0.264292
-0.886573
-0.215300
-0.241800
-2.149020
-0.719916
0.067959
-0.258260
-0.802215
0.938817
-0.966742
2.215897
0.966894
-0.621996
-2.919124
0.756930
-0.388722
-0.987694
-1.351705
1.357976
-0.413221
-0.393878
1.086766
1.061428
-0.325768
0.501300
-0.941465
0.863922
-0.159375
-0.844832
0.511784
-0.084699
-0.305945
-0.507115
-0.513149
0.072886
-0.013524
-1.040760
0.189721
0.854559
-0.551202
2.001655
2.196290
0.678605
0.661407
0.324574
0.718082
0.555107
0.068600
0.157388
2.078334
0.565943
2.334404
0.379578
-1.124842
-0.641418
2.133107
-1.017472
0.369700
1.346416
0.475203
1.493983
0.454289
-1.472781
-0.470300
-0.379893
-0.060696
-2.727706
-1.252066
-0.141937
-1.719033
-0.650688
0.062810
-0.762991
0.608071
-1.989714
-0.389117
1.027750
1.171321
1.479728
-1.383625
-0.250530
-0.444747
0.192552
-0.649824
0.290188
1.624019
0.474328
2.106359
0.528439
-0.804779
0.210426
0.756637
0.971664
-0.252250
-1.210126
-0.945346
-0.878762
-0.072430
0.638261
-1.040431
-0.426143
1.553225
0.527508
-0.357437
-0.776161
-1.733583
1.069281
-0.593754
0.426900
-0.353663
0.944683
2.505971
0.069029
0.294407
-0.741465
-1.008273
1.134369
0.271054
0.727496
-0.265167
-1.486727
0.507060
-1.281433
-0.304641
0.511422
0.370811
0.199914
0.760774
0.047742
0.422270
0.285466
-0.939078
-0.784376
-0.826080
1.426607
0.819681
-1.190307
-0.461111
-0.495244
0.680417
-0.699423
-1.155210
-1.788779
1.315316
0.655862
0.481677
-0.012667
-1.328533
-1.268843
-0.152387
-0.433965
-0.170948
0.223114
1.482819
-1.424040
-1.441792
0.445107
-0.158946
1.250507
1.337595
1.164274
0.359430
0.771355
-0.680185
-0.498047
0.950466
1.660889
0.415818
-0.297273
1.236729
-1.062014
-1.826551
-0.533116
-2.115343
-0.620937
0.467541
0.614389
-1.711389
0.289176
-0.670594
0.475421
0.319895
0.783855
0.397662
-1.166163
0.460362
0.924874
2.114597
0.082588
0.674966
0.812127
-0.218946
-0.163995
0.358715
-0.783423
0.605985
0.544456
-1.412464
-0.023320
0.088004
0.127514
1.080999
0.640211
0.763471
0.932461
0.384604
-1.724427
0.399297
-0.318518
0.168796
-0.070413
0.661039
-0.609079
-0.452320
1.082552
1.008862
-0.568232
-1.337056
1.005801
1.629260
-1.286210
-0.696191
0.231482
0.724996
0.683628
-0.175711
-0.906395
-1.347739
-1.134648
0.322734
1.360719
-2.863516
0.229238
0.406098
-1.326542
0.275148
0.712130
-0.692177
0.615471
0.220054
-0.575446
0.332301
2.142113
0.725073
0.687071
0.551596
-0.513201
-0.164439
1.955737
0.585253
0.797134
-0.450643
1.484912
0.283677
-0.603239
0.470557
-1.036115
0.202438
2.073075
-0.168227
0.304476
-0.154129
-0.691054
1.406171
0.461121
-0.232094
-0.493895
-0.204303
-0.045689
0.939735
0.969888
0.025764
-0.223855
-0.293502
1.000364
0.893839
1.117406
-1.439017
-1.315839
-0.413903
0.430239
-2.273014
-0.610904
0.616411
0.356209
0.959502
-0.590147
1.861589
0.340292
-0.018177
0.815161
1.202692
-0.929902
0.609463
1.270711
0.454702
0.968344
-1.073128
0.778556
1.691444
-0.219867
-2.254742
1.205882
0.630762
-1.884420
-0.340021
-1.417516
-0.140869
-0.228204
0.693457
1.084023
-0.131119
-0.454790
0.030867
-2.923065
0.192482
-0.025176
-0.136160
1.314321
1.368174
2.502099
-1.776650
2.901627
0.427585
-0.015403
-1.105163
0.206050
0.158342
0.372722
0.987683
0.062621
-1.122180
3.437870
-2.863740
0.924537
-0.225702
-0.542721
-1.870700
0.520228
1.452372
-1.873343
-1.264741
-0.545858
-0.632660
1.979495
-0.009660
2.275900
0.349298
0.201237
0.209589
0.679654
0.050269
-0.043502
0.212303
-0.469549
-0.335005
0.219017
-1.071523
0.317129
-0.280298
-0.605869
-1.553046
0.949684
0.273598
-0.432163
-1.632060
0.846862
0.683995
0.294350
1.517977
-0.300939
1.159122
-0.459882
1.602122
-0.298717
0.162041
0.002251
-1.010819
-0.915804
0.618355
-0.058914
1.918857
-0.093014
0.450933
1.316058
0.100931
-1.280843
-0.306129
0.260562
1.193405
1.377910
-0.868024
-1.080052
-0.049845
0.465611
1.070592
0.538286
-1.093865
0.665158
0.139780
-0.777308
0.697069
-1.191460
0.468969
-1.577169
-1.725809
0.975975
0.985837
0.947912
0.861265
-0.444632
-0.317506
1.206878
-0.592944
0.179120
-0.929900
-0.474226
-0.433457
1.393031
1.531217
0.511434
-1.936688
-0.012031
0.252729
-0.331423
0.519421
0.121572
-0.518004
-1.578245
-0.342394
1.197007
-0.061142
-1.371005
0.899054
0.592543
1.519359
-0.441415
-1.027429
0.319277
-0.230499
-0.076149
0.069087
1.322266
0.025744
-0.247702
0.251186
-1.525794
1.471238
-0.039680
-0.026419
-1.628816
-0.724262
1.902141
-0.509208
-0.024493
-0.575157
0.915258
1.132032
0.304841
0.719292
0.002975
1.728879
-2.012346
-2.408013
-1.759347
-2.434722
1.613604
0.412697
-0.734295
-1.029162
-0.270118
-0.274371
1.543566
-0.435643
-0.369414
0.557640
-0.255677
0.456386
0.257076
0.389054
-0.877439
-0.238385
-0.504592
1.046988
1.621255
-0.212076
0.664751
-2.047656
-0.817414
-0.898297
0.791213
-0.701020
-1.301807
-1.687138
0.563158
-2.144188
-1.657558
0.951471
1.694037
0.082708
-1.329488
-1.156561
-0.120078
0.407352
0.028424
0.021907
0.594206
-0.410121
0.834225
0.303459
0.270204
-0.820245
0.897229
0.136272
0.618237
0.333205
0.380386
-0.064257
1.568213
0.026644
2.262516
-0.882148
0.905809
-0.981891
-0.655893
2.142347
0.850971
-0.346679
0.892898
1.833145
1.082313
-2.212147
-0.204288
-0.825147
-0.349495
0.518133
1.118795
0.808528
-0.945119
-0.189950
-1.502375
0.574662
0.322760
0.922650
-0.654449
-1.260612
1.441794
-1.297882
-0.091639
0.279311
1.117557
1.732423
-1.078259
-0.012543
0.612529
-0.263262
-1.059835
0.211162
-0.336610
0.972358
-0.000105
-0.999817
0.366816
-0.165031
-2.631923
-1.392157
0.598841
-1.735159
1.466792
-0.527978
-0.388553
0.310811
-0.120691
0.899036
0.103967
0.142187
0.440384
-0.569671
-0.224826
0.977013
1.278660
0.868338
2.302535
0.027842
-0.182037
0.873352
-0.334345
-0.555703
-0.551524
0.527622
-0.711480
1.772023
-0.397092
0.438954
0.065035
-1.134011
-0.705378
-1.831371
-1.635445
-0.452101
0.352475
0.404578
-0.158672
-1.049601
-0.805292
-1.461033
0.366925
-0.906976
-0.732576
-0.958633
-0.184823
0.105077
-0.147318
-0.158345
-0.392415
1.360966
0.521745
1.940439
1.077704
0.390957
0.658907
0.167352
1.054188
0.337816
-0.706556
0.160909
1.760163
0.229313
0.948053
-1.233521
-0.034478
0.730992
-1.590262
-0.435194
0.661591
-0.368814
2.310242
-0.942620
-0.554467
-0.634354
1.066949
-0.237940
-0.426112
1.832658
-0.751318
-1.448222
-0.747165
-0.863553
-1.273143
0.653329
0.660242
1.221843
0.604997
-0.561339
0.061361
0.990657
0.503393
-0.623727
-0.004122
0.826115
0.242782
-0.306374
-0.081172
0.153402
-1.120772
-0.667870
-0.237739
0.894055
0.277027
1.369669
-0.049309
-0.074567
0.467232
-0.315036
1.433446
-0.167960
-1.970628
-0.361397
-1.654752
1.116045
-1.600357
2.041585
2.036640
-1.052358
0.337671
1.052906
1.693002
0.968855
-1.453196
0.807080
-1.314501
-1.433374
0.055337
0.491543
0.353110
-0.788451
-0.104546
-0.599562
-1.320621
0.659629
-0.988484
1.965898
-0.434038
0.051687
-0.576194
-0.474716
2.075961
0.911766
-1.359504
-0.075078
1.076772
0.881161
1.169885
2.626320
1.570528
-1.436185
0.841677
-0.729126
-1.900036
0.169265
-0.564391
2.252412
0.364652
-0.298302
-0.458301
0.982327
0.052514
-0.716846
0.561713
-1.327679
0.044952
1.776515
0.362215
-0.715653
2.787749
1.170343
1.670765
0.925881
-1.064248
1.115373
0.541945
0.062405
-1.079026
-0.257218
-1.186292
0.960756
0.111970
0.563956
-1.713939
-1.256787
-0.226825
0.385869
-0.099946
0.459719
-1.697716
-1.071747
1.414274
0.211962
1.392489
-0.988707
-1.053158
-1.292883
1.242602
0.587812
-0.994968
0.828334
-0.263530
0.401489
-0.609026
0.579124
0.583446
1.551161
-1.223090
-0.618744
-0.377513
0.991198
-1.783967
0.129075
1.661194
-1.954821
0.527051
0.912160
0.489563
0.019612
-0.440240
-1.817856
-0.220329
1.237044
-1.345453
2.453512
-0.117629
-1.019221
0.579874
0.024290
-0.084112
0.554858
-0.795230
-0.861374
0.838060
1.068903
-2.439586
0.344841
-0.504335
0.064122
1.172012
1.290400
0.481250
1.107200
1.094993
-2.396119
-2.790177
-0.282304
1.270135
-2.081809
2.696529
-1.393577
-0.270669
1.098869
-2.170450
0.616338
1.352290
0.769104
-3.036300
2.548132
-1.507569
-2.306794
0.817729
-2.480155
0.957233
1.147418
-0.558270
-0.253371
0.195366
0.090417
0.605872
0.359484
0.541845
-1.295116
0.469019
1.733002
0.166790
1.176855
-0.091100
-0.235917
-0.012187
0.423825
-0.033105
-0.583731
0.539708
0.384529
0.110672
0.125856
-0.416573
1.058804
0.454154
-2.634646
-1.207488
-0.149901
-0.337547
-1.542876
1.283778
-0.647517
0.365709
0.461559
1.613975
1.040043
0.809187
0.050322
-1.413914
0.113247
1.525128
1.617971
1.243105
1.704956
0.118996
-0.242513
0.180067
-1.401309
0.648537
0.837644
1.160892
1.117009
-0.888340
-0.152424
-0.871545
-0.106253
1.828152
-0.606945
-0.681636
-0.306793
0.965598
-0.294089
0.925157
1.149326
-0.596650
0.555604
1.918779
-0.204071
-0.419364
0.234104
-0.217909
0.749946
-0.241869
0.511359
-1.820184
-1.150903
-0.779806
0.113012
-0.300365
-1.936002
-0.955311
0.972874
-0.197275
-1.740462
-0.468779
1.195745
-0.549857
-0.788305
-0.149873
0.268127
-0.248655
-0.418335
-0.310946
0.117578
0.786864
0.911564
0.107328
-1.088179
0.831390
0.450682
-0.903463
-1.035419
0.693578
1.102882
0.687683
2.034770
0.566865
-0.347783
1.654417
0.329531
-0.143491
-0.142568
-0.427262
-1.290091
-0.238198
0.645677
-1.050427
-0.913497
-1.010576
1.187184
0.255834
0.983805
-0.584026
1.691803
-0.722775
0.557706
-0.200923
0.974898
1.068696
0.140622
1.459948
-1.113436
0.452091
-0.396072
0.960667
0.479161
-0.508514
-1.197592
1.225706
-0.794465
1.077286
-0.813429
-0.146026
-0.756683
0.548376
0.409654
-1.149013
-1.260025
0.472008
-0.884808
-0.358495
-0.388539
-1.669207
1.891320
-0.943599
-1.656033
-0.417058
1.424895
0.745700
-0.270175
-1.432989
-0.925754
-0.530851
0.214106
-0.741356
-0.786052
-1.648308
-1.348345
-1.229242
-0.548057
-0.506011
-0.593361
-2.065567
1.276986
-0.029482
-0.592926
0.668666
0.597346
0.293495
-1.268597
1.085426
0.039403
0.684274
-0.731549
1.688359
1.643708
-0.864232
-0.180310
-0.108115
-1.484004
-1.092552
-0.089993
-0.371228
-0.843173
-0.977394
0.559174
0.461140
0.073405
0.597043
1.910194
-2.387102
-0.458307
-0.511263
-1.327133
0.706375
-0.645068
-2.174083
2.977161
-0.722433
-0.650308
1.525761
-0.227468
0.402236
0.443497
-1.021862
-0.131503
0.017918
-0.415509
0.485802
-0.854396
-0.501286
0.856731
0.222197
0.199962
0.604255
0.666265
1.066313
-0.489627
-0.202621
-1.139494
-1.205403
-1.122636
-0.493944
0.194300
0.605528
0.716939
-0.357680
0.650338
1.652549
0.557325
0.177663
-0.494850
-0.065719
0.155906
-0.124209
0.071684
-1.593022
0.068300
-1.208314
0.928180
-0.004685
0.934976
0.217327
1.302513
0.090464
-0.383276
-1.636023
0.415202
-1.449908
0.820124
0.891219
0.077183
-0.515427
0.937801
-0.490107
0.552505
1.233033
-0.399143
1.483194
0.717568
0.222115
0.360832
0.289462
-1.659556
-1.931450
1.875131
-0.477046
-0.521183
-0.629760
-1.107829
1.931290
0.227396
-0.393215
-1.003431
-2.273073
0.083240
-0.516262
-0.949366
0.764731
-1.476846
-0.745425
0.282814
-0.313346
0.069987
-0.825874
0.909454
2.234593
-0.271606
-2.091430
-0.845080
-0.186492
-0.283551
-0.103376
-1.568009
-1.216177
-1.612496
1.370075
0.785135
-0.382366
1.310846
-0.898870
0.508364
0.349350
-0.057731
1.059711
1.008128
-0.635847
-0.450410
-0.314764
1.073273
-0.827161
-0.622204
-0.799122
0.703913
0.351096
0.555450
1.497981
-2.175075
0.289161
1.927248
-0.940183
1.373195
-1.725156
1.373434
0.335614
0.967338
-1.101739
-1.191537
-1.751679
-1.082657
0.617966
1.188817
-1.088705
-0.212407
-1.156746
-1.004418
-0.956650
0.779739
-1.793412
-0.394799
-0.443824
0.479489
1.255232
-0.701383
1.395180
-0.051724
-1.413303
-1.869425
-0.505434
-1.246207
-1.236527
0.369074
1.277148
0.057807
0.308199
-0.264968
0.557189
-0.546099
0.575519
1.122222
0.009714
-0.195255
1.356535
0.963355
0.740653
0.449264
0.331483
0.187289
0.580531
0.397445
-0.582909
-0.047744
1.029465
1.568062
1.604881
-1.784418
1.398030
0.594545
-0.546816
1.218547
-1.098867
-0.528621
-0.505264
-0.180785
0.117419
-0.972067
-1.536480
1.394192
2.148307
0.428451
-0.185694
-0.790046
0.010898
0.954018
1.220534
0.489882
-0.931315
-0.952173
-0.575078
-0.217446
2.193009
1.506606
-1.082429
-0.264172
-1.263415
-0.138410
0.431793
-0.610620
-0.430566
-0.221858
-1.111293
0.151505
-0.335880
-0.118627
-0.763378
-0.212166
1.925248
-0.541553
-0.410176
-1.959347
-0.116901
0.150441
1.233448
1.083130
-0.492020
-1.105823
-1.384462
0.194298
-1.211882
0.964585
-2.024548
0.215068
-1.803794
2.154549
0.253227
0.332260
0.877514
0.041393
-0.516907
0.812709
3.439746
0.875533
0.694946
-1.675137
-0.712285
0.511501
-1.261042
-0.019340
1.188689
0.320070
-0.415114
-0.447021
-0.703338
2.150881
0.237248
-0.836996
-0.605293
-0.666568
-1.389832
-0.155476
-0.919300
-0.751885
-0.313500
-0.257274
-1.509148
-0.584682
0.328714
1.639235
-0.019635
0.527685
1.186474
0.772122
0.642305
-0.786835
-0.190434
-0.051969
0.290133
-0.031657
0.305123
1.230338
0.222716
-1.886938
-0.008277
0.237635
0.881676
-0.163767
-0.825006
0.939993
-0.258023
2.015592
-0.151656
0.126574
2.145394
0.821777
0.979188
-0.226326
-0.486419
0.045481
1.371089
-0.942021
0.979112
-0.480011
0.833728
-1.387648
0.844627
0.809856
0.575153
-0.979072
-0.017165
-0.502675
0.619461
-0.859923
-0.391800
-1.403445
0.884080
-1.654331
0.069685
-0.474484
0.855234
1.894155
-0.431330
-0.273903
0.392885
-1.588055
0.934130
0.346302
-1.336385
-0.049948
-2.963933
-0.559495
0.743497
0.199913
-2.076493
-0.528528
-0.247080
-2.062427
0.957292
0.390322
-0.660581
-0.654985
-1.018645
-0.080048
0.818647
0.661618
0.051884
-0.922312
-0.542189
-0.282504
-0.391254
-0.202905
0.689384
-0.863594
0.536340
0.694337
0.087392
-0.249053
1.299231
-0.738667
2.040560
0.802485
-1.406936
1.182226
-1.365626
-0.555698
0.178793
0.101932
-1.371422
0.198775
-0.362937
1.851908
0.673596
0.421733
-0.350666
-0.131698
1.217489
0.377604
-0.839614
-1.162060
0.340708
-0.335580
-0.745972
-1.826230
-0.859720
-1.487935
1.136984
1.180342
0.048321
-0.353522
1.702153
0.132552
-0.155667
-2.073470
0.347440
-1.130600
-0.539106
0.036719
-0.103159
0.512958
0.126531
0.098266
0.495527
1.300328
0.650393
0.397063
1.876522
-2.293794
-1.048953
-0.389113
2.064326
-0.152570
-0.379988
0.402948
0.827952
-0.616606
1.091314
0.123284
0.004325
-1.259233
1.135819
1.395740
-0.080257
0.313319
1.022424
0.524818
-0.671227
-0.674744
0.058682
-0.450971
-0.952073
-0.798668
0.945675
2.147000
1.479976
-1.806631
-0.031075
0.865623
0.511263
2.512533
0.200441
0.264417
-0.564224
-0.366553
-0.850147
2.145449
0.014687
-0.275321
-2.250898
0.420060
-0.575730
0.330265
0.683399
-0.105057
1.336198
-0.874302
-0.187842
0.574830
0.499063
-0.974100
0.268956
-0.815941
1.524369
1.139223
1.635622
-1.547496
-0.042356
0.071931
0.067433
-0.466390
-1.006232
1.101684
-0.353319
-0.953475
-0.517407
0.330611
1.313723
-0.484105
-1.541414
0.789422
0.792568
-0.209934
1.613077
-2.230789
0.606624
0.418231
-0.866233
-0.130206
0.658882
0.700393
-0.679290
2.053838
1.494360
-1.263487
0.245692
-1.633254
-1.189353
0.761359
-0.311050
0.127481
-1.453664
1.283015
0.366968
-0.674372
0.367958
-1.897742
0.838882
1.785783
0.395288
0.930238
0.158384
-0.462110
-1.290328
-1.629463
0.726485
-0.074988
-1.285984
-0.397302
0.220642
-0.664534
-0.215522
0.568513
0.112251
-1.351168
-0.805996
-1.077410
0.413058
-0.261771
-0.168747
-0.282534
-0.344482
-0.968682
-0.172316
0.252105
-2.137460
0.464997
0.556718
2.405664
0.296954
1.801370
0.061772
0.476478
-1.279554
0.679860
1.474163
0.730980
0.368666
0.088944
-1.490585
2.161156
0.431479
0.195354
1.522532
0.739013
-0.472593
1.116146
-1.943322
-0.139366
0.282466
3.151913
-0.507981
-0.886258
0.626880
-1.212016
0.708887
-1.607188
0.834200
0.653397
-0.193500
-0.161287
-0.174575
0.613893
-0.260825
0.016921
1.444403
0.053477
0.223479
-1.024251
-0.700977
0.497299
0.131340
0.299971
-0.944852
0.254248
1.342320
-0.797333
0.457071
-1.569689
0.812574
-1.535089
0.582631
0.259604
-0.810399
2.347524
0.263812
1.525973
0.566665
-0.907130
-0.872014
-0.988259
0.406413
1.310404
0.179492
-0.352906
0.867544
1.531263
-0.181291
0.415577
1.403339
0.153912
-0.124418
-1.537959
-0.886720
-0.654813
1.825239
0.665164
-0.681584
-0.038283
0.483894
0.724882
0.048123
-0.596176
1.716013
-0.574223
0.424249
1.364031
-0.068270
-0.114988
-0.772499
0.585618
-0.533123
0.272598
-2.212187
-0.529775
0.328215
-0.231077
0.922063
-0.469298
0.914627
1.219290
1.194151
-0.114974
0.948515
-0.485715
0.625318
0.125462
-1.364558
0.439300
-0.939362
-0.373821
0.353028
0.334008
-1.052028
0.312498
0.222775
-0.377411
0.337697
-0.133543
-1.423912
0.377749
-0.675485
1.755867
-0.341999
-0.543587
1.562382
-1.086447
2.715776
-1.170169
1.062988
0.154827
0.229009
-0.523566
-1.287899
-0.566707
-0.050169
1.756803
-0.127658
-0.895383
1.094645
-0.354260
-1.260460
-0.395378
0.243595
-0.794018
-0.521748
0.426538
-0.319222
-0.807126
0.532265
-0.352691
-0.091845
-0.698861
-0.291137
-0.648879
-0.697846
0.313399
-0.786727
0.308184
-0.155370
1.652047
-0.800768
-1.912730
-0.884651
0.746118
1.018077
0.930670
-0.112661
0.192977
-1.057956
-0.242203
1.855980
0.372001
1.182579
-0.103961
1.041455
-0.325498
0.957130
-0.438217
1.000347
1.593949
0.542949
-2.042007
0.572847
-1.861848
-0.291847
-0.048722
-0.919994
-1.026618
1.682231
1.419118
0.694776
1.025160
0.667287
1.249592
-0.833583
0.215609
1.192482
-0.439566
0.652264
-1.672617
-1.053232
2.116560
-1.944724
-0.089313
0.268394
-0.162348
-0.229972
-1.248294
-1.474860
-1.144046
-0.150912
-0.565497
0.953476
2.331053
1.173805
1.224269
-0.106642
-0.433285
-0.870256
2.064886
-0.972777
-0.314088
-0.549034
0.655200
0.490843
1.033265
1.121998
1.313595
-0.491354
0.644579
1.717236
-2.700008
-1.906981
0.519529
-1.216937
0.295002
0.556849
-0.620257
3.005620
1.628016
-1.738524
1.442448
0.822323
-0.061569
-0.873248
-0.013296
1.364172
0.828057
-0.663374
-0.064053
0.117619
-1.940772
-1.842235
-1.437134
0.174492
2.388683
0.189863
-0.586814
0.937419
1.427128
0.132791
-1.265876
-1.179748
-2.205411
-1.266742
-1.186552
0.343015
0.745968
-1.563992
0.689125
0.644236
-0.136312
-0.326523
0.832131
-0.031406
1.122966
1.146460
-0.699044
-1.426760
0.825956
1.759830
1.294709
-0.527684
-0.236741
0.568663
0.611317
-0.131586
-0.073457
0.043616
0.178644
0.629372
-1.185467
-1.801718
1.147425
-0.222167
-0.831802
-1.176965
-0.639846
1.158166
1.069465
-1.192775
-0.378292
-0.594524
1.598497
-0.415351
0.994870
1.145772
0.279980
0.036212
0.116951
1.198418
-2.150796
-0.281899
0.119339
1.104392
-0.157632
0.781663
-0.199294
-0.722249
-1.647169
0.523620
0.367927
-0.278309
0.191121
1.700789
-0.282870
-0.680730
-2.034383
0.075510
0.192560
1.121286
-0.632579
-1.491722
0.150713
-1.402367
-1.492346
0.263604
1.232554
0.801918
0.707056
-0.443992
0.319081
0.390517
1.631078
1.172050
-1.226158
1.402269
0.607866
0.806253
-2.962120
-0.398734
0.341440
1.761921
1.513404
0.604102
0.593436
-1.173623
1.339849
-0.573098
0.135665
0.286306
-0.015477
-1.017860
-2.324315
-0.167529
0.604961
0.215976
0.066675
-0.086514
1.235200
0.039429
1.010030
0.257878
0.688641
-2.955571
0.324544
-1.106657
0.057811
0.899500
-0.557806
0.834493
-0.365011
-1.938291
-0.923800
0.184586
1.092651
-1.404755
1.531156
-0.804731
-0.778890
0.471564
0.431874
-1.687484
-2.789053
-1.547739
-0.464050
0.443234
-1.002031
-0.519246
0.172408
1.329074
0.601632
-2.409796
0.514508
-1.122662
0.531916
-0.913528
-0.388601
0.259423
-0.828702
1.380618
0.206948
-0.814779
-1.892050
0.310557
-0.604037
-0.584371
-1.304865
-0.955581
1.671848
0.206120
0.244965
0.634443
1.894755
-1.178257
-1.352202
0.585777
-1.235342
0.561651
1.337535
1.369169
-1.733977
-0.555979
-0.472787
-0.900048
1.265949
0.435325
-0.023659
0.943605
-0.671692
1.044787
1.352798
-1.063143
2.457113
-0.119059
-1.320659
0.210132
-1.410040
0.746314
-1.598303
-0.115842
-0.355787
-0.103559
-2.170872
0.373276
0.895885
-1.525574
0.018456
0.520571
1.040390
-0.030859
-0.965182
-0.293672
0.090263
0.470308
-0.317854
0.372500
-0.549193
0.676655
-0.585032
1.964440
2.433190
1.319794
-0.591041
0.555175
0.730624
-1.011671
-0.769377
0.147788
0.530728
-0.561851
-0.360478
0.502893
-0.554753
2.324192
0.730140
-0.023863
-0.311263
-0.051343
0.033249
-0.383550
-0.394462
-1.077006
-0.828464
-2.270684
1.190442
-0.738373
-0.785674
0.266945
-0.475165
-0.394982
2.014355
0.143688
-1.253757
-1.797377
0.315845
-0.228879
-0.663377
0.390989
1.566808
-0.820296
-0.262426
0.035742
-2.880355
1.022662
-1.629652
-2.374760
-0.093869
-0.487726
0.489986
-0.539143
1.369539
0.644167
0.766709
-1.368553
0.620694
1.244811
-0.804212
-0.595653
0.001425
-0.888752
1.667804
2.049694
-0.103438
-1.060395
-0.480250
0.127035
2.168630
-1.561777
0.401507
0.124580
-0.345278
0.819616
-0.107946
0.840775
2.022507
0.115544
0.584724
0.438833
0.123441
-0.291067
-0.658614
2.047664
-1.861083
2.270655
-0.106852
-1.396600
0.813270
-0.403344
-0.148089
-1.004339
0.393605
0.132421
0.556645
-0.167518
0.573699
-0.684972
0.990493
-1.889420
1.598113
0.770354
-0.161060
0.923827
-0.051518
-0.886838
1.041704
0.610231
-1.867708
-0.384041
-0.116466
0.045637
-1.847598
0.535564
-0.696499
0.795706
-0.128860
-0.323587
-1.632532
-0.524768
0.724188
0.700677
0.651037
0.212708
0.301918
1.763478
1.060431
-0.016032
-2.077728
1.136068
0.479374
0.429801
-0.995962
-1.071958
0.377035
1.436645
0.769973
-0.903025
-0.842014
-0.289196
-1.344043
-1.482777
-0.879590
0.849324
0.121343
2.465875
-0.504475
0.837760
-1.303489
0.466125
0.539121
-1.059140
-0.032700
-2.092617
-0.323928
-0.916348
0.716285
-0.068532
0.428119
-1.124693
-0.166407
-0.648421
-2.152132
-1.070531
-0.861720
0.298932
1.287375
-0.215622
-1.406504
-0.608348
0.049630
-0.079944
-0.343035
-0.570733
0.213983
0.144184
-1.631557
-0.422212
0.728757
0.475249
1.471483
0.736939
-0.553416
0.463776
0.895275
-1.360430
-2.117421
2.201625
-0.255557
0.585745
0.103647
-0.659532
0.522619
-1.857798
0.847165
-0.509299
0.818427
1.675829
0.416269
2.520392
-1.032121
-1.470589
0.531759
0.801413
0.907153
-1.517687
0.406305
0.738734
1.287724
0.340960
1.879021
0.949117
0.206709
-0.971627
0.357462
1.091624
-0.287158
-1.767819
-1.430393
-0.248347
-0.116008
-0.147468
0.427159
0.772297
-0.803560
0.236909
0.558538
-1.649322
-0.968263
-0.222420
-0.392252
0.876791
0.976350
-0.312290
0.965155
0.629600
-0.102675
-2.067661
-0.702051
-0.108883
1.392374
0.127906
-1.083028
1.700125
-0.727426
1.599786
-1.758019
-0.168076
-0.722842
-2.012491
1.311934
0.212869
1.794468
1.875608
-0.374193
-0.260860
1.098363
2.329774
0.321952
0.403448
1.264267
0.822102
0.479843
0.039929
-0.285110
0.584932
0.773205
1.258114
1.853210
-0.634923
0.417436
0.414023
-0.686474
-0.142814
0.495980
0.771489
0.280481
-0.575390
-1.298372
-0.556323
-0.027223
-0.499960
-0.215725
-0.768129
-2.050841
-1.096619
1.636515
-0.518355
0.619679
-1.345379
0.583673
-0.471065
-0.528844
-0.277225
-2.344534
-0.609862
-0.362950
-0.141093
-0.487423
0.710567
-0.598303
0.526064
-1.071772
0.378291
0.716026
-0.881438
-0.245688
-0.617412
0.210848
-0.394485
-1.336676
0.020754
-0.589101
0.260500
1.692430
-1.127435
0.551483
0.629296
-0.727338
-0.122103
-1.323805
-1.860332
0.011884
-0.049451
-0.771920
1.118306
1.127186
-2.070297
1.123089
-0.502323
-0.523896
0.195229
-0.251333
-0.381666
0.615870
-0.788009
-1.890931
-0.746948
0.043348
0.117326
0.421286
-0.376119
-0.983954
2.014365
-0.361657
0.264983
-0.101383
-0.698865
0.631831
-1.334101
0.508882
0.211437
0.687572
0.260760
0.031619
0.389854
0.747824
-0.993085
-0.500105
0.835274
0.310832
-0.031684
-0.782369
0.157832
0.912699
-0.235272
0.940818
0.610902
-1.930326
0.549846
-0.672309
-1.450400
0.535515
0.349704
0.188963
0.132694
-0.603862
0.509541
-1.028526
0.238853
-0.249755
0.433116
-0.069773
0.625336
-0.168888
0.917649
-1.823521
-1.084731
-0.575640
0.349704
0.234244
-2.633409
0.588134
1.732645
0.429479
-1.327343
-2.074111
-1.221099
-0.195749
0.223440
0.451070
-1.282877
0.236724
-0.293395
-2.729743
-0.388036
1.303713
-0.385211
0.565231
-0.332162
-0.517392
1.313993
0.871724
-0.685411
-1.913560
0.643652
-0.817234
0.276755
-0.157547
-0.561633
0.493728
-0.360393
0.488876
0.436322
0.743433
1.048859
0.298836
0.863180
0.491193
0.560563
-1.249943
-1.836578
-1.543601
0.229476
-0.975216
-0.750586
0.815805
0.811288
-1.127840
0.100208
0.171456
-0.090278
0.103201
-0.498642
-0.133925
-1.130821
-1.285666
-0.617134
0.046479
0.860018
0.706835
-0.562499
0.475174
-0.341375
1.010207
0.023077
0.242654
-1.844531
0.733321
0.553074
0.235617
0.177679
-0.230711
-0.081127
0.703192
1.586966
-0.382795
2.095795
-0.066542
-0.529781
1.371863
-0.281531
0.208558
-0.360626
-0.434626
0.930449
0.678939
0.367328
0.162162
0.427653
-0.149325
0.898170
0.784246
-0.791618
0.115878
0.461815
0.354348
1.461832
-0.005834
-0.890089
-0.404640
0.912337
0.578914
-0.496818
0.123616
-0.492025
1.862984
3.118895
2.114553
0.468888
-0.959587
-1.029368
0.683095
1.377178
0.124871
-0.447004
-1.235150
-0.091161
-0.396748
-0.089958
-1.399689
-0.530530
0.749935
0.571993
-1.410307
-0.347900
-0.218436
0.173793
0.022293
0.564742
0.805254
-1.029483
0.843119
1.597524
1.117024
0.667300
-0.873093
-0.567299
-1.232742
-1.413271
0.928182
0.735978
1.076948
-0.115325
0.203690
-0.821646
-0.767091
1.139052
-1.373819
0.353162
0.408651
-1.426813
1.088786
-0.467074
1.593881
-0.677999
-1.660943
-1.149736
0.085881
0.308179
2.787334
0.001795
0.703472
0.040205
-0.053921
-0.800534
1.265382
1.161392
0.060607
-0.918116
-0.229052
-0.112224
0.054935
-0.887718
-0.376662
-0.594961
-1.647807
0.851047
0.219623
-0.360797
0.840156
0.054376
1.495998
-0.563265
-0.242506
0.064840
0.776483
0.731217
-1.112114
-0.677639
1.091290
0.974297
-1.939990
-2.180278
2.112907
0.829131
-1.186829
0.581733
-2.130489
1.051545
0.410677
-1.203524
-0.713551
-0.470982
-0.525869
0.750595
-0.827743
-2.781925
-1.152363
-0.802851
-0.502605
-0.173641
-0.360347
-0.241629
0.139787
-0.134072
2.904349
-1.288080
-0.054902
-0.640617
-1.373804
-0.443795
-0.603091
-1.560077
-0.317884
0.751310
-0.068590
-0.590937
0.033941
0.097984
-1.929160
-1.143611
-0.053103
1.490005
-0.812059
-0.482343
-0.635557
-0.280853
-0.043798
1.927722
0.968213
-0.374608
-0.291503
-0.458193
1.694585
0.629708
-1.903367
1.377364
1.845111
1.315720
-0.491670
-0.796660
-0.349475
0.704547
-0.445538
-0.383373
1.397233
-0.508277
-0.165787
0.029544
-0.178698
1.238102
0.097889
-0.658463
-0.219287
0.946775
-0.077166
-1.059741
-0.174882
0.789437
-0.487285
2.283347
-0.516884
-1.388346
1.337246
0.201832
-0.233385
-0.362475
-0.590591
-0.740122
1.002163
1.281820
0.292616
-1.042008
0.426431
-0.042150
-0.519367
-0.865270
0.854045
1.022362
-1.129899
1.055583
0.099196
0.400292
1.187430
-1.583280
0.981343
1.228095
0.572223
-0.918037
1.310729
-0.224771
-1.192750
-0.791735
-1.162608
0.927210
0.545994
-0.627479
-0.023687
0.493253
1.129888
0.053951
-0.551827
1.123371
-0.068791
-0.157134
0.117923
-0.332598
0.260134
-0.191161
-0.411034
1.226610
0.282284
1.250814
-0.351096
-0.161622
-1.658770
0.172863
-1.310719
0.939193
-0.014295
0.754688
-0.899640
0.994026
-0.233098
-0.498029
0.252829
2.654493
1.578119
0.481790
1.186017
0.333921
1.616430
-2.935166
0.249915
0.776012
0.752318
-0.124748
0.346270
-1.025714
-2.869160
-1.106132
0.764842
-0.959579
-0.007847
-0.265229
0.994951
0.590830
0.739777
0.281950
0.962739
0.146776
-0.785281
-0.364898
0.732999
0.911249
-0.634913
1.044101
1.153673
0.772779
0.108598
0.304898
0.204526
-0.096484
-1.162161
-0.104991
-1.808653
1.137161
0.399072
-0.234032
-0.807074
-0.544797
-0.905747
-0.705633
-1.392023
-2.249684
0.631469
-0.031791
0.547108
0.291747
1.151752
-0.255749
2.483449
0.182726
-1.162967
0.061725
-1.167701
-0.691689
0.134595
1.056072
0.725983
-0.936947
-1.255387
0.896744
0.006075
-0.124296
-1.321084
0.089939
0.837909
1.131325
0.324885
0.305593
-1.319048
-0.458985
-1.027692
-0.414367
-0.230691
-0.752907
-0.398645
-0.467983
1.048480
0.787691
0.391119
0.979206
-0.185447
-1.113785
-0.403521
-0.894876
-1.062463
0.409347
-2.742059
0.568593
0.104585
0.889903
-0.660504
-0.033875
0.436873
-0.569866
0.304841
-0.981065
-2.147708
-1.073827
-0.458368
-0.133581
-0.681156
0.670651
0.081510
-0.094685
-0.804491
-0.171146
-0.242301
0.816943
-0.794046
1.618158
0.285586
0.895067
-0.616267
0.113932
-0.635254
-0.076566
-0.750887
0.194229
-0.745152
-0.865305
-0.233972
1.028281
0.224347
0.002731
1.320945
0.217419
-0.263425
0.167552
1.226384
0.056630
-1.297537
0.369604
-0.918278
-1.303286
2.067139
-1.461819
0.418129
-0.118324
0.463680
0.768044
-1.123666
-1.389967
1.237844
-0.614128
0.044973
0.378095
0.511008
-1.504472
0.564589
-0.742268
0.955537
-0.819692
0.540176
-0.533801
-0.024263
0.113242
-0.612518
0.785979
-0.034982
0.073288
1.153659
0.149018
1.130173
0.785870
1.208855
-1.896013
-0.087184
-0.882614
2.886262
-0.880751
0.049496
-1.170239
-0.658977
-1.681849
0.941718
0.754220
-0.827968
-0.438413
-0.120060
-1.622079
0.108925
1.335979
2.455540
0.017370
-0.087412
-3.274128
0.196961
-0.221742
1.390842
-0.390249
-1.857875
-0.891690
-0.491200
0.997480
0.203744
-0.327137
-0.647433
-0.190769
-1.630284
0.679895
-1.618838
2.089115
0.411308
1.067298
-0.146232
-0.175172
0.390290
-1.091388
-1.515718
0.915770
0.794549
0.772207
0.424396
0.969182
1.412077
-1.080982
-0.628046
-0.633806
-0.400075
-0.734204
2.275295
-1.586888
-0.558960
-1.304313
0.314703
-0.202214
0.851213
-1.406333
-0.693208
1.449349
0.056067
0.923696
-0.594761
-0.205029
-1.241657
-0.607377
0.485144
0.441165
-0.156473
0.219553
0.320492
-1.117726
1.028907
1.118820
-0.041140
0.600572
1.567672
-0.119144
-0.525150
-1.541236
-1.254999
-1.754585
1.348364
-0.967011
0.864284
0.320536
-1.771344
1.134046
-1.032826
-0.133409
-0.344898
1.224792
0.757557
0.602776
-0.613191
0.774355
0.575988
-0.121441
-0.000946
0.844768
-1.785035
-0.157597
1.157403
0.124512
0.617947
-0.975904
0.197967
-0.571492
1.122991
0.311383
-0.436187
0.062105
-0.868485
1.553287
0.451120
-0.518452
0.427534
0.482202
-0.579394
-1.204473
-0.055660
0.332797
0.159504
1.571865
1.159094
-0.731730
-1.025300
0.303445
0.038522
-1.421930
1.651374
0.520729
-0.522504
-0.594950
-0.246652
-0.708193
1.768436
0.211574
0.166769
0.926362
0.519922
-0.808228
2.061765
-1.687088
-0.572403
-0.002929
-0.847210
-0.306825
-0.720959
-0.451650
1.211852
-0.576455
-0.643835
0.303804
-0.402373
0.564283
0.192044
-1.071231
1.274628
1.692706
0.448657
1.320054
0.016008
-2.364138
0.595104
-0.109911
-0.181400
0.651141
-1.049288
-0.924351
-0.573787
-0.904254
1.705730
-0.601440
-0.364308
-0.218665
0.162738
-0.816386
-1.146043
0.997813
1.133760
-3.270936
0.946967
-2.510116
0.699001
0.878680
-0.583954
-0.674393
-2.437173
-0.050308
0.870580
-0.260860
0.089840
-0.302784
-1.207982
0.069293
-2.068467
-0.022002
0.307832
-0.787942
-1.044428
1.216559
0.195222
1.455211
1.059398
-1.014961
1.287598
-0.466309
1.502488
0.968560
-0.215710
0.260267
-0.913291
0.015114
0.401272
1.004723
-0.928542
-2.081717
-0.292900
1.502717
-0.100597
-0.375898
2.035010
-0.485346
2.940749
-0.503626
0.207629
0.292114
-1.165538
-0.987822
1.490602
-0.856194
1.838958
-0.154942
-0.244233
-0.755435
-0.812395
0.419025
0.687854
-1.691845
-0.089837
1.033281
1.431412
-2.189290
0.071889
0.747685
1.857989
-0.881952
0.925865
-0.980655
-2.493290
0.694049
1.670899
0.156409
-0.529439
0.705166
-0.403467
0.814234
1.499072
-1.358619
-0.589313
0.264240
-1.944641
-0.252152
-1.659163
0.695354
-1.076149
0.513574
-0.895165
-1.482094
1.678366
-1.335044
1.374298
1.425200
-0.462446
0.249448
0.802342
-0.517214
1.507130
-0.126271
0.182902
-0.375348
-0.746111
-0.937891
0.859488
-1.399626
0.200327
1.012308
-0.783389
-0.397265
-0.680847
0.493746
-0.515220
-0.731822
0.278842
1.987792
1.041844
-0.685344
0.059674
1.039140
0.739817
-0.992452
1.105165
-1.252062
2.868606
-0.169405
1.901812
-1.074603
-1.226558
-0.851036
-2.145656
0.635983
0.506627
0.967439
-1.122488
-1.089148
-0.184628
-0.536762
1.805805
-1.135489
-1.958829
0.746939
0.136148
0.199273
-0.840994
0.143493
1.894965
-0.532190
-0.238240
0.041035
0.579714
1.590792
-0.275866
0.150436
-0.558737
-1.401832
1.432622
-0.621956
0.450303
0.400860
0.393482
1.269687
1.889854
-0.116597
0.645778
2.207574
-0.984711
-1.222806
-1.088219
1.074721
1.128493
-0.775784
-0.125300
-0.173886
-1.079215
1.751106
-0.143860
-0.950280
0.261957
-0.288994
0.051436
0.596227
-1.303232
-0.377505
1.378866
-0.537660
-0.363439
-0.522014
0.686354
-1.081664
0.808957
1.128963
-0.170491
0.024138
0.955912
-0.297226
1.245169
-0.710740
-0.426465
-0.293182
0.518530
-0.105923
0.644736
0.733899
0.581743
-0.618453
0.134158
-0.420046
0.839308
-0.392766
0.470772
-0.067356
0.371616
0.332202
0.064063
-0.713299
0.069195
-0.834464
-0.103142
-0.474704
-1.669087
0.615457
-0.681718
-2.073721
-0.387885
1.452306
-0.699297
-0.458190
0.193629
0.257255
1.454484
-1.657173
-1.727063
0.041757
-0.911073
-0.097246
1.595271
-0.898896
0.570868
2.397420
-1.528081
-0.110892
-0.307137
-0.997905
-0.166199
-1.075140
-2.524878
-0.249830
0.943766
0.921724
0.717191
-1.457892
1.240803
-2.481755
0.242087
-0.337786
0.036023
-0.513373
-0.320851
-1.330192
-0.697562
0.649887
0.878800
0.033269
1.086342
0.995208
1.020557
-1.551170
1.122299
-0.234432
-0.638964
0.285433
-0.730934
-1.900857
-1.290257
-1.408973
-0.037814
0.840742
-0.661142
-1.242723
-0.539106
-0.714580
-1.073470
1.368213
-1.078312
-2.272054
-0.709636
-0.233556
1.044338
-0.469656
-0.387566
-0.823677
0.226602
0.161991
-0.094405
1.608413
-0.398857
0.195729
1.539514
-0.168922
-1.500899
-1.317340
1.126923
0.347126
0.305244
0.315410
0.092131
0.126951
1.825837
0.136399
-0.950724
0.784989
0.305214
-0.270981
-0.899305
0.216912
0.186752
0.759863
-0.801275
-1.197696
0.023962
0.307475
1.283146
-1.340270
-0.451615
-0.001306
0.420373
0.301285
0.276205
-0.980458
1.161044
0.574524
0.674792
1.426184
-0.504275
0.585791
0.897032
0.166800
-0.401180
1.764825
-0.808715
-0.274217
0.460650
-0.088551
0.271838
-0.800433
0.651660
1.367378
-1.533598
-0.096239
-0.823239
1.677415
0.227112
-1.554196
0.307787
-1.723217
-2.455595
0.891797
1.745149
-1.783864
0.618073
1.085936
1.145398
0.906157
-0.343197
-0.070590
1.099128
-0.226198
0.328241
1.070444
-1.171635
0.984876
0.243705
1.988473
0.417421
-0.102121
-0.343590
1.331099
-0.597304
-1.032830
-1.016663
-0.241861
-1.073795
-1.507831
-1.965806
-2.481670
0.084760
0.937182
0.571279
0.184782
-1.601681
-0.515318
0.328152
-0.096070
-0.736048
-1.386469
1.039493
-0.086570
-1.288369
-2.029297
-2.039964
0.645849
0.436679
-0.291961
-0.801118
-1.178103
1.243973
0.752366
-0.478783
-0.117692
-0.362218
-0.912571
-0.369432
-1.208243
-0.547911
-0.831525
-0.742396
0.100080
-0.211417
-0.681345
0.839082
0.410989
-1.243689
0.553446
-1.443892
0.804928
-0.855586
2.147759
-1.394943
-0.261666
-0.954291
0.119637
1.545025
-2.311837
2.745412
-0.570585
0.080603
0.269626
1.108848
-0.609846
0.253308
-1.615688
0.476628
-0.949899
1.391121
0.060745
0.348480
0.254091
-0.982360
-0.620039
0.651343
0.637182
1.247341
0.400748
-0.629338
-0.399521
-0.399250
2.151611
0.849541
-1.183930
-1.576199
-0.332185
-0.693348
-0.546153
0.207755
-0.047041
0.923315
-0.397311
0.061523
-0.084410
-1.753518
2.865761
1.754131
-2.369011
-1.111715
-0.937456
-0.780165
1.734239
0.595774
1.470160
-0.440515
0.670814
-1.215353
-0.132536
1.005060
-1.213969
-1.379894
2.379862
-1.988723
0.386819
0.895991
1.603849
1.536354
-0.763054
-1.499502
-1.849555
-0.291971
-1.577684
1.768561
1.129741
2.336094
-0.143313
0.068744
0.593147
0.337571
1.255465
0.247424
-0.940313
-0.206177
-0.419879
0.314174
1.707788
-1.415284
0.118779
-0.763045
-0.639596
0.010203
0.104216
0.114590
-1.475257
0.247218
-2.160712
-0.451535
1.287773
0.872679
0.522136
0.055854
-0.706209
-1.087981
0.526683
0.159642
2.665776
0.814340
0.925733
2.173465
0.599761
-0.143680
0.349694
-0.954618
-0.162002
0.973240
-0.546722
-0.226201
0.673107
0.215928
-1.377474
1.165615
0.655034
1.912268
-0.976881
0.935629
-1.205327
2.447952
0.691771
-1.579031
-1.456866
1.212678
0.639029
-0.551682
0.825644
0.448291
-1.884141
-1.387569
-0.151339
0.415232
-0.624054
-0.288206
-0.125111
0.062768
0.252598
1.449317
-1.285599
-0.061415
1.221578
0.357568
0.300790
-2.106682
0.625044
-0.661274
-0.134121
0.216679
-0.949794
-1.213944
1.211656
-0.939577
0.306283
1.101619
0.075030
0.143546
-0.818690
-0.463046
0.526626
-0.009212
-0.535499
-2.716976
-1.148675
0.208888
-0.680783
-3.061796
-0.331331
-0.175832
1.439000
-1.467356
-0.748858
-0.028927
-0.363691
-1.243751
-1.530073
-1.179032
0.385726
-1.546760
-0.161375
1.404890
-0.561369
-0.719259
1.730093
-0.523871
1.065739
-0.918932
-0.550974
-0.529923
-1.856353
0.700010
1.396737
0.108548
0.938911
0.633372
1.082402
1.288405
-0.487932
1.585647
-1.345820
0.469822
0.990426
-0.799587
0.410864
0.810782
1.346034
0.774812
0.673208
-2.012466
-0.114529
-0.435387
1.058243
0.474067
-0.804464
-0.022015
-1.173856
0.140717
0.151622
0.473549
0.907776
0.935348
-1.690212
-0.061753
1.052257
1.140352
0.450226
0.318095
-0.851327
1.730880
-0.956979
-1.149585
0.073148
1.336718
-0.173679
1.015328
0.756954
-0.406858
-0.906029
-0.129557
1.816387
-1.307224
0.621520
0.655992
0.623861
0.860272
1.371256
1.786389
-0.185401
-2.071925
1.933091
-0.285220
-1.107508
-0.167936
1.502985
-0.308635
-1.509634
-1.376907
-1.737923
0.303852
0.517275
-0.625949
0.704359
0.640832
0.418550
-0.164610
0.318752
0.819635
-0.460960
0.370451
2.377744
0.509444
0.552185
-1.390914
1.112161
0.842157
1.100605
0.656955
-0.856060
-1.248324
-1.756780
-0.871376
0.223559
-0.290538
0.680227
-0.027618
-0.966795
-0.345517
-1.412187
0.205996
-0.695272
-0.745964
1.030149
-0.690339
-0.119013
0.258108
0.256785
0.771619
-0.250943
1.009209
-0.564472
-1.344568
1.307667
-0.977342
0.382610
-2.688040
0.426896
-1.151799
-0.869156
-0.625671
0.551330
-1.114591
0.884999
-0.821775
0.900489
-0.535383
-1.250843
0.711391
-2.600522
-0.785386
0.320343
2.537358
-2.322574
-0.245912
-1.161799
0.777686
-0.138685
0.896204
-0.302658
0.029251
-0.201975
-1.343955
1.888532
-0.235704
1.073052
1.123566
0.195360
-0.264301
-0.000012
0.860234
-1.403998
-0.521613
-0.043586
0.386468
-0.605932
1.289355
-0.749597
-0.759441
-0.225115
-0.861531
-0.303127
-0.751422
-0.026320
1.001241
-0.426381
0.358289
0.313292
-1.742972
-1.065856
-0.556207
0.618871
1.219529
0.236477
-0.710056
0.620310
-0.970929
-0.711802
-1.389483
0.187619
0.773132
1.787022
1.348387
-0.287617
1.242442
1.049573
0.219966
-0.650639
1.480904
0.174536
0.533024
0.258487
1.794872
1.203101
0.296663
1.064856
0.288341
1.749824
-0.399393
-0.597236
2.371020
-0.163129
0.645607
0.138723
0.967986
-0.432518
0.398437
-0.176033
0.685851
0.156657
0.788671
-2.621680
0.620720
0.028569
0.676115
-1.335642
0.720559
1.238275
-0.681711
-1.169536
1.738030
0.801592
0.258545
0.307752
-1.645259
0.400194
-0.744157
-1.452986
0.250621
-0.053380
1.174485
0.744759
-0.341544
-1.089136
0.603478
-0.148232
-0.412884
-0.032980
-0.700128
-1.289901
-0.787614
1.215524
0.008716
-0.037771
-1.393706
0.794143
0.187098
0.626430
0.814587
-0.772858
-0.249347
-0.573920
-0.556566
-1.133491
-2.279351
0.441024
0.412365
0.076385
1.409980
-0.777632
0.900234
-1.792715
0.338790
-1.542603
0.110975
-0.100454
-0.714305
-0.907404
0.194693
-0.692255
-0.512639
-0.249115
0.835951
-0.582314
0.177842
-0.126496
-1.230893
0.043201
-1.710787
-1.279452
-1.411292
0.246845
0.245783
-0.318683
0.773283
0.946983
0.595928
-0.257831
0.362717
-0.307135
-0.174572
1.137854
0.793808
-0.538163
0.401338
-0.968289
-1.139982
-0.932907
-0.580330
0.178686
0.634673
0.564739
0.028632
0.099220
-1.089435
1.360830
-0.460536
-0.828352
-1.847709
-0.747953
0.484698
-0.810211
-2.751391
-0.870445
0.054655
0.980842
-0.452451
-1.158111
-1.891617
1.512807
-0.271037
-0.043277
1.088706
0.825361
0.928915
-0.133471
-1.106848
1.027101
-0.408357
-0.953402
0.925284
1.255630
-0.325568
0.617627
-0.126192
0.712153
1.162987
-0.731874
-0.002103
-0.643954
0.795464
-0.548009
-0.915725
-1.133706
1.040410
-1.926765
1.275227
-0.636808
0.187058
0.940641
-0.397314
-0.083764
0.108303
-0.124207
-0.288349
0.042162
0.047500
0.632116
-1.583656
-1.103253
-0.588778
-0.152491
-1.667308
0.938217
-1.033387
0.456163
1.197203
-0.682004
1.943198
-0.215969
1.804954
0.560254
0.074892
0.560586
-1.734314
0.601098
0.480242
-0.856179
0.101342
-0.445130
-0.394336
-0.074923
1.008049
1.675225
0.318144
-0.215074
-0.059896
-0.614239
-0.486135
1.588126
-0.037243
0.136207
-0.643538
0.306107
-0.108061
0.914278
-0.675006
0.144256
-1.903585
-1.976964
-0.264360
-0.154248
0.613029
-0.966758
0.480906
-0.852311
-1.557680
-1.718799
0.337799
0.752981
-1.050967
-0.773099
-1.204683
0.427676
-0.840395
-0.482585
-1.474775
0.721634
0.439132
-0.277590
1.837464
0.886012
0.501725
0.192419
-0.327921
0.562809
0.919999
0.260897
-0.116303
0.997779
-0.146884
0.825906
0.857123
-1.163525
-1.294344
-0.633732
0.007861
0.280071
-0.468889
-1.541238
-1.281070
-0.901461
0.718954
0.676577
-1.163165
0.443412
0.991075
0.349470
-0.406531
-0.370681
-1.877328
0.200304
-1.798011
0.420084
-2.189336
-0.258311
-2.046867
-0.243746
1.089000
-0.062453
0.370688
0.427827
-0.170309
0.817866
1.095971
0.563381
0.410598
-0.416520
0.432934
-3.359355
-0.790292
-0.597643
0.204117
0.751896
0.910525
0.658369
0.885219
-1.003418
2.101861
-1.316089
-1.205050
1.370238
-0.921565
1.141227
-0.529422
-2.096816
0.988362
-0.431845
0.915015
0.619147
0.967236
-0.568372
-0.932407
2.086545
-0.267066
0.324934
0.203073
0.245188
-1.621531
-0.592887
1.171358
0.983952
-0.087230
-0.362139
-0.982943
0.888460
-0.179382
0.517994
1.358653
-0.979127
0.323431
0.528920
-1.976630
-0.003439
-0.766629
0.793341
0.860354
0.940501
0.602741
0.547391
0.698260
0.389738
0.350011
0.173457
-0.650956
-1.700614
1.174054
-0.286049
0.759811
-1.415344
1.270461
-0.162709
1.029412
0.401217
2.045675
-0.036748
0.669083
-0.372814
-0.210202
0.077908
-0.981895
0.159859
-0.788757
-1.669972
1.191489
1.786470
-0.549942
0.573318
-0.544779
-1.751374
-0.903419
0.552461
-0.158620
0.084893
1.802398
0.464045
0.363808
0.264644
0.154724
-1.415407
1.459856
0.831051
-0.422417
-0.016528
0.261567
-1.191607
0.275031
0.654412
-0.380020
-1.866043
0.289499
1.103930
0.195974
-0.079141
0.110635
0.164079
-0.129972
-1.618766
-1.195689
1.116503
0.653324
0.386442
0.291391
1.097593
1.423051
-0.086739
-1.692276
-0.274832
1.214107
0.554796
0.064645
-1.186612
-0.032046
-2.121191
-1.949303
-1.095850
-1.089755
-0.180352
0.320721
1.260816
-0.592665
1.298378
-1.729453
-0.493961
-0.845288
-0.483690
0.684543
0.136916
1.128425
1.454432
1.562571
-0.146936
0.192761
-0.705697
2.193509
-1.059484
-0.101315
0.102651
0.806683
-0.269535
-0.572922
-0.384920
-1.015660
-1.546638
-0.131460
0.354867
1.649162
-1.067386
-0.508635
0.590013
0.553800
-0.902885
0.382791
-0.490309
0.147183
0.518953
-0.383956
-0.006470
0.077441
1.199326
-1.842368
0.804146
0.086544
0.943896
0.455917
-1.951041
-0.018746
-0.597169
-2.130739
-1.007885
-1.115984
0.067955
0.391065
0.645098
0.297068
-1.480767
1.175089
0.641860
1.768497
-0.542175
0.023077
-0.544425
0.633409
-0.179452
0.894598
-0.323926
-1.076782
0.369143
0.694248
-0.064285
-0.820383
-1.177415
-0.250556
0.834732
-0.192888
-0.591700
-2.244737
1.408271
-0.297597
-1.057493
1.006214
1.121568
0.674312
1.540288
0.504512
0.482538
2.359194
-0.158158
1.392545
-0.444997
0.643667
0.648039
0.649260
-0.307027
0.558886
-0.834811
0.783921
0.633654
-1.464362
-0.820650
-0.709257
1.502965
0.961757
-1.583635
1.090604
-0.550147
-0.988500
-0.137212
1.202740
-1.110978
-0.500631
-1.243649
0.845621
0.992240
-0.557877
-1.588141
-0.012862
0.734369
-0.611573
-1.653699
-0.036080
-0.209357
0.730312
0.393124
0.902591
-0.207269
0.203191
1.179285
-0.823150
1.916820
0.270698
-0.732320
0.866707
1.529609
0.238274
1.049468
-0.388350
0.116928
0.917145
-0.105467
0.017993
-0.939147
-1.300368
-2.875447
-0.124176
-0.126791
-1.447518
-0.017956
-1.787997
0.765447
-1.110774
0.194570
-1.028812
1.650974
0.126649
0.487972
-0.269018
1.336794
0.575363
-0.096811
-0.928148
-1.200617
0.084915
0.988501
-0.519031
1.038639
0.145676
0.477510
-0.464388
0.611569
-1.251741
0.836626
0.448110
-1.313781
0.100548
-1.112819
-0.026251
1.123560
1.669514
-0.165434
0.735505
-0.868219
0.056283
-1.432711
0.025045
0.097523
-1.184161
0.763728
1.519857
-0.704993
0.875482
0.361033
-0.662111
0.218041
-2.002441
-0.886343
-0.163123
-0.387465
0.554826
1.102212
1.052490
-1.255136
0.990359
0.898260
0.824586
-0.315547
0.008252
1.374615
-1.033457
1.692391
0.397155
0.289424
-0.551409
-0.338903
-1.036277
-0.548224
-3.277907
2.152884
0.175682
0.348047
1.897484
-0.749622
-0.326889
1.397283
-0.345666
1.452237
-1.609556
-0.021098
1.516099
1.096574
-0.235871
0.626748
1.726133
-0.320584
-0.139005
-0.775851
2.075396
0.175768
-1.755575
-0.250500
0.284071
-0.539337
-0.486984
-0.130318
-1.118978
-1.052136
-0.023121
0.018185
0.207875
-0.033869
-0.481885
0.096125
-0.913853
0.941838
1.330097
1.561009
0.445092
-0.129687
-0.251972
-1.585948
-0.955715
-0.204558
0.012890
-0.209576
-0.451136
0.549804
1.804810
-0.042942
2.291933
0.003820
0.272186
0.441500
-1.300516
0.176838
-0.936327
0.456651
0.379625
0.464994
0.700958
1.081979
-0.547088
-1.154963
-0.227469
-0.494340
-1.729307
-0.146003
1.514538
0.158266
-1.706976
-1.066608
-2.099267
-0.312096
1.582311
-0.252636
0.612652
0.751157
1.933453
-0.165377
0.000733
-1.149632
1.087927
-0.414427
-0.178289
0.270571
-1.318328
-0.759457
2.812889
-1.751733
-0.141364
0.436516
0.894890
0.317862
-0.641509
-0.094649
-0.080767
-1.000467
-1.534564
-0.235763
-1.582041
1.070268
-1.886566
-0.090109
-0.076061
-0.192245
-0.563958
-0.543812
-0.241960
0.986661
0.348450
0.214401
-0.523651
0.271652
-1.119068
1.018889
-2.029706
1.562700
-1.286892
1.225683
0.289493
-0.715816
-1.370156
-1.077933
-0.025684
0.396007
0.432799
1.222881
-0.175721
-1.378643
-1.970337
-0.586366
-0.008005
0.404185
-1.304073
-2.009999
0.827771
0.752470
-2.835830
0.376288
-0.077276
-0.137852
0.002788
-1.024484
-0.354014
1.786371
-0.346516
-0.577444
-0.248055
-1.145515
-1.408607
-0.719476
-0.454718
1.756097
-0.007199
-0.620365
-0.187405
1.593781
0.541373
-1.434135
-1.652889
-0.245820
1.121648
1.850856
-0.092315
0.167292
-1.541704
1.446332
0.500929
2.874900
-0.706110
0.081637
-0.291471
-0.028566
0.098365
0.296378
-0.311071
0.858135
-0.772387
0.802845
0.216281
1.072116
0.056437
0.600531
-0.183187
-0.448987
-0.945691
-0.037127
0.496000
-1.701040
-0.679087
0.020664
-0.188663
0.121467
0.537138
-0.626129
-1.184760
-1.100299
1.407714
0.368423
-1.179101
-0.017147
0.148564
-0.148045
-1.224643
1.071719
0.592486
-1.588219
-1.882429
-0.798772
1.685719
-1.987390
-0.604026
0.999619
0.758484
-0.585591
1.097496
-1.095779
2.060627
-0.586597
-0.879384
-0.787323
-2.546339
-0.691278
1.215929
-1.934673
0.317856
-1.486159
-1.631746
-1.258657
0.952149
-0.216967
0.714829
0.795893
0.909355
-0.141588
1.333440
0.582885
0.819461
-0.105038
0.465999
0.628820
-1.141754
-1.399800
-0.379860
-0.425404
-0.369415
0.520985
0.814193
0.240154
2.484349
-0.528045
-0.927500
-0.165389
-0.136319
-0.820088
2.113318
0.889819
0.873560
-0.068602
-0.924544
-0.771888
0.484265
-0.291590
0.743204
-2.115319
0.956851
-0.221575
-1.842208
-1.230370
-0.124194
-0.730709
-0.668009
-2.334100
2.207608
-0.240769
0.528880
0.247926
-0.133735
-0.543460
-1.741013
2.031010
1.182587
-0.578303
0.252594
1.165338
1.028254
-1.083223
0.121241
-1.086749
0.278223
1.078909
1.112810
-0.751494
0.416435
-1.087353
0.542447
-0.204841
-0.203093
0.586360
-0.848989
-0.355915
-0.579592
1.549337
0.446007
0.015689
0.147263
-1.326068
0.740206
-0.636664
-0.311135
