======================================================================

Annotating SDF timing data:
  Compiled SDF file:     conv_analysis_view_0p90v_25c_captyp_nominal.sdf.X
  Log file:              ./sdf_log.log
  Backannotation scope:  tb.conv
  Configuration file:    
  MTM control:           
  Scale factors:         
  Scale type:            

Time units: 1ps

xmelab: *W,SDFNET: Unable to annotate to non-existent timing check (RECREM (posedge CDN) (COND D_SDFCHK (posedge CP)) (-26) (38)) of instance tb.conv.data_valid_reg of module DFCNQD1BWP30P140 <../sintese/results/gate_level/conv_analysis_view_0p90v_25c_captyp_nominal.sdf, line 520927>.
xmelab: *W,SDFNET: Unable to annotate to non-existent timing check (RECREM (posedge CDN) (COND D_SDFCHK (posedge CP)) (-26) (38)) of instance tb.conv.\current_st_reg[0]  of module DFCNQD1BWP30P140 <../sintese/results/gate_level/conv_analysis_view_0p90v_25c_captyp_nominal.sdf, line 521004>.
xmelab: *W,SDFNET: Unable to annotate to non-existent timing check (RECREM (posedge CDN) (COND D_SDFCHK (posedge CP)) (-26) (38)) of instance tb.conv.\current_st_reg[1]  of module DFCNQD1BWP30P140 <../sintese/results/gate_level/conv_analysis_view_0p90v_25c_captyp_nominal.sdf, line 521025>.
xmelab: *W,SDFNET: Unable to annotate to non-existent timing check (RECREM (posedge CDN) (COND D_SDFCHK (posedge CP)) (-26) (38)) of instance tb.conv.\current_st_reg[2]  of module DFCNQD1BWP30P140 <../sintese/results/gate_level/conv_analysis_view_0p90v_25c_captyp_nominal.sdf, line 521046>.
xmelab: *W,SDFNET: Unable to annotate to non-existent timing check (RECREM (posedge CDN) (COND D_SDFCHK (posedge CP)) (-26) (37)) of instance tb.conv.\registers_reg[0][0]  of module DFCNQD2BWP30P140 <../sintese/results/gate_level/conv_analysis_view_0p90v_25c_captyp_nominal.sdf, line 521067>.
xmelab: *W,SDFNET: Unable to annotate to non-existent timing check (RECREM (posedge CDN) (COND D_SDFCHK (posedge CP)) (-26) (38)) of instance tb.conv.\registers_reg[0][1]  of module DFCNQD1BWP30P140 <../sintese/results/gate_level/conv_analysis_view_0p90v_25c_captyp_nominal.sdf, line 521088>.
xmelab: *W,SDFNET: Unable to annotate to non-existent timing check (RECREM (posedge CDN) (COND D_SDFCHK (posedge CP)) (-26) (38)) of instance tb.conv.\registers_reg[0][2]  of module DFCNQD1BWP30P140 <../sintese/results/gate_level/conv_analysis_view_0p90v_25c_captyp_nominal.sdf, line 521109>.
xmelab: *W,SDFNET: Unable to annotate to non-existent timing check (RECREM (posedge CDN) (COND D_SDFCHK (posedge CP)) (-26) (38)) of instance tb.conv.\registers_reg[0][3]  of module DFCNQD1BWP30P140 <../sintese/results/gate_level/conv_analysis_view_0p90v_25c_captyp_nominal.sdf, line 521130>.
xmelab: *W,SDFNET: Unable to annotate to non-existent timing check (RECREM (posedge CDN) (COND D_SDFCHK (posedge CP)) (-26) (38)) of instance tb.conv.\registers_reg[0][4]  of module DFCNQD1BWP30P140 <../sintese/results/gate_level/conv_analysis_view_0p90v_25c_captyp_nominal.sdf, line 521151>.
xmelab: *W,SDFNET: Unable to annotate to non-existent timing check (RECREM (posedge CDN) (COND D_SDFCHK (posedge CP)) (-26) (38)) of instance tb.conv.\registers_reg[0][5]  of module DFCNQD1BWP30P140 <../sintese/results/gate_level/conv_analysis_view_0p90v_25c_captyp_nominal.sdf, line 521172>.
xmelab: *W,SDFNET: Unable to annotate to non-existent timing check (RECREM (posedge CDN) (COND D_SDFCHK (posedge CP)) (-26) (38)) of instance tb.conv.\registers_reg[0][6]  of module DFCNQD1BWP30P140 <../sintese/results/gate_level/conv_analysis_view_0p90v_25c_captyp_nominal.sdf, line 521193>.
xmelab: *W,SDFNET: Unable to annotate to non-existent timing check (RECREM (posedge CDN) (COND D_SDFCHK (posedge CP)) (-26) (38)) of instance tb.conv.\registers_reg[0][7]  of module DFCNQD1BWP30P140 <../sintese/results/gate_level/conv_analysis_view_0p90v_25c_captyp_nominal.sdf, line 521214>.
xmelab: *W,SDFNET: Unable to annotate to non-existent timing check (RECREM (posedge CDN) (COND D_SDFCHK (posedge CP)) (-26) (38)) of instance tb.conv.\registers_reg[0][8]  of module DFCNQD1BWP30P140 <../sintese/results/gate_level/conv_analysis_view_0p90v_25c_captyp_nominal.sdf, line 521235>.
xmelab: *W,SDFNET: Unable to annotate to non-existent timing check (RECREM (posedge CDN) (COND D_SDFCHK (posedge CP)) (-26) (38)) of instance tb.conv.\registers_reg[0][9]  of module DFCNQD1BWP30P140 <../sintese/results/gate_level/conv_analysis_view_0p90v_25c_captyp_nominal.sdf, line 521256>.
xmelab: *W,SDFNET: Unable to annotate to non-existent timing check (RECREM (posedge CDN) (COND D_SDFCHK (posedge CP)) (-26) (38)) of instance tb.conv.\registers_reg[0][10]  of module DFCNQD1BWP30P140 <../sintese/results/gate_level/conv_analysis_view_0p90v_25c_captyp_nominal.sdf, line 521277>.
xmelab: *W,SDFNET: Unable to annotate to non-existent timing check (RECREM (posedge CDN) (COND D_SDFCHK (posedge CP)) (-26) (38)) of instance tb.conv.\registers_reg[0][11]  of module DFCNQD1BWP30P140 <../sintese/results/gate_level/conv_analysis_view_0p90v_25c_captyp_nominal.sdf, line 521298>.
xmelab: *W,SDFNET: Unable to annotate to non-existent timing check (RECREM (posedge CDN) (COND D_SDFCHK (posedge CP)) (-26) (38)) of instance tb.conv.\registers_reg[0][12]  of module DFCNQD1BWP30P140 <../sintese/results/gate_level/conv_analysis_view_0p90v_25c_captyp_nominal.sdf, line 521319>.
xmelab: *W,SDFNET: Unable to annotate to non-existent timing check (RECREM (posedge CDN) (COND D_SDFCHK (posedge CP)) (-26) (38)) of instance tb.conv.\registers_reg[0][13]  of module DFCNQD1BWP30P140 <../sintese/results/gate_level/conv_analysis_view_0p90v_25c_captyp_nominal.sdf, line 521340>.
xmelab: *W,SDFNET: Unable to annotate to non-existent timing check (RECREM (posedge CDN) (COND D_SDFCHK (posedge CP)) (-26) (38)) of instance tb.conv.\registers_reg[0][14]  of module DFCNQD1BWP30P140 <../sintese/results/gate_level/conv_analysis_view_0p90v_25c_captyp_nominal.sdf, line 521361>.
xmelab: *W,SDFNET: Unable to annotate to non-existent timing check (RECREM (posedge CDN) (COND D_SDFCHK (posedge CP)) (-26) (38)) of instance tb.conv.\registers_reg[0][15]  of module DFCNQD1BWP30P140 <../sintese/results/gate_level/conv_analysis_view_0p90v_25c_captyp_nominal.sdf, line 521382>.
xmelab: *W,SDFNET: Unable to annotate to non-existent timing check (RECREM (posedge CDN) (COND D_SDFCHK (posedge CP)) (-26) (37)) of instance tb.conv.\registers_reg[0][16]  of module DFCNQD2BWP30P140 <../sintese/results/gate_level/conv_analysis_view_0p90v_25c_captyp_nominal.sdf, line 521403>.
xmelab: *W,SDFNET: Unable to annotate to non-existent timing check (RECREM (posedge CDN) (COND D_SDFCHK (posedge CP)) (-26) (37)) of instance tb.conv.\registers_reg[0][17]  of module DFCNQD2BWP30P140 <../sintese/results/gate_level/conv_analysis_view_0p90v_25c_captyp_nominal.sdf, line 521424>.
xmelab: *W,SDFNET: Unable to annotate to non-existent timing check (RECREM (posedge CDN) (COND D_SDFCHK (posedge CP)) (-26) (37)) of instance tb.conv.\registers_reg[0][18]  of module DFCNQD2BWP30P140 <../sintese/results/gate_level/conv_analysis_view_0p90v_25c_captyp_nominal.sdf, line 521445>.
xmelab: *W,SDFNET: Unable to annotate to non-existent timing check (RECREM (posedge CDN) (COND D_SDFCHK (posedge CP)) (-26) (38)) of instance tb.conv.\registers_reg[0][19]  of module DFCNQD1BWP30P140 <../sintese/results/gate_level/conv_analysis_view_0p90v_25c_captyp_nominal.sdf, line 521466>.
xmelab: *W,SDFNET: Unable to annotate to non-existent timing check (RECREM (posedge CDN) (COND D_SDFCHK (posedge CP)) (-26) (38)) of instance tb.conv.\registers_reg[1][0]  of module DFCNQD1BWP30P140 <../sintese/results/gate_level/conv_analysis_view_0p90v_25c_captyp_nominal.sdf, line 521487>.
xmelab: *W,SDFNET: Unable to annotate to non-existent timing check (RECREM (posedge CDN) (COND D_SDFCHK (posedge CP)) (-26) (37)) of instance tb.conv.\registers_reg[1][1]  of module DFCNQD2BWP30P140 <../sintese/results/gate_level/conv_analysis_view_0p90v_25c_captyp_nominal.sdf, line 521508>.
xmelab: *W,SDFNET: Unable to annotate to non-existent timing check (RECREM (posedge CDN) (COND D_SDFCHK (posedge CP)) (-26) (37)) of instance tb.conv.\registers_reg[1][2]  of module DFCNQD2BWP30P140 <../sintese/results/gate_level/conv_analysis_view_0p90v_25c_captyp_nominal.sdf, line 521529>.
xmelab: *W,SDFNET: Unable to annotate to non-existent timing check (RECREM (posedge CDN) (COND D_SDFCHK (posedge CP)) (-26) (37)) of instance tb.conv.\registers_reg[1][3]  of module DFCNQD2BWP30P140 <../sintese/results/gate_level/conv_analysis_view_0p90v_25c_captyp_nominal.sdf, line 521550>.
xmelab: *W,SDFNET: Unable to annotate to non-existent timing check (RECREM (posedge CDN) (COND D_SDFCHK (posedge CP)) (-26) (37)) of instance tb.conv.\registers_reg[1][4]  of module DFCNQD2BWP30P140 <../sintese/results/gate_level/conv_analysis_view_0p90v_25c_captyp_nominal.sdf, line 521571>.
xmelab: *W,SDFNET: Unable to annotate to non-existent timing check (RECREM (posedge CDN) (COND D_SDFCHK (posedge CP)) (-26) (37)) of instance tb.conv.\registers_reg[1][5]  of module DFCNQD2BWP30P140 <../sintese/results/gate_level/conv_analysis_view_0p90v_25c_captyp_nominal.sdf, line 521592>.
xmelab: *W,SDFNET: Unable to annotate to non-existent timing check (RECREM (posedge CDN) (COND D_SDFCHK (posedge CP)) (-26) (37)) of instance tb.conv.\registers_reg[1][6]  of module DFCNQD2BWP30P140 <../sintese/results/gate_level/conv_analysis_view_0p90v_25c_captyp_nominal.sdf, line 521613>.
xmelab: *W,SDFNET: Unable to annotate to non-existent timing check (RECREM (posedge CDN) (COND D_SDFCHK (posedge CP)) (-26) (37)) of instance tb.conv.\registers_reg[1][7]  of module DFCNQD2BWP30P140 <../sintese/results/gate_level/conv_analysis_view_0p90v_25c_captyp_nominal.sdf, line 521634>.
xmelab: *W,SDFNET: Unable to annotate to non-existent timing check (RECREM (posedge CDN) (COND D_SDFCHK (posedge CP)) (-26) (37)) of instance tb.conv.\registers_reg[1][8]  of module DFCNQD2BWP30P140 <../sintese/results/gate_level/conv_analysis_view_0p90v_25c_captyp_nominal.sdf, line 521655>.
xmelab: *W,SDFNET: Unable to annotate to non-existent timing check (RECREM (posedge CDN) (COND D_SDFCHK (posedge CP)) (-26) (38)) of instance tb.conv.\registers_reg[1][9]  of module DFCNQD1BWP30P140 <../sintese/results/gate_level/conv_analysis_view_0p90v_25c_captyp_nominal.sdf, line 521676>.
xmelab: *W,SDFNET: Unable to annotate to non-existent timing check (RECREM (posedge CDN) (COND D_SDFCHK (posedge CP)) (-26) (38)) of instance tb.conv.\registers_reg[1][10]  of module DFCNQD1BWP30P140 <../sintese/results/gate_level/conv_analysis_view_0p90v_25c_captyp_nominal.sdf, line 521697>.
xmelab: *W,SDFNET: Unable to annotate to non-existent timing check (RECREM (posedge CDN) (COND D_SDFCHK (posedge CP)) (-26) (38)) of instance tb.conv.\registers_reg[1][11]  of module DFCNQD1BWP30P140 <../sintese/results/gate_level/conv_analysis_view_0p90v_25c_captyp_nominal.sdf, line 521718>.
xmelab: *W,SDFNET: Unable to annotate to non-existent timing check (RECREM (posedge CDN) (COND D_SDFCHK (posedge CP)) (-26) (38)) of instance tb.conv.\registers_reg[1][12]  of module DFCNQD1BWP30P140 <../sintese/results/gate_level/conv_analysis_view_0p90v_25c_captyp_nominal.sdf, line 521739>.
xmelab: *W,SDFNET: Unable to annotate to non-existent timing check (RECREM (posedge CDN) (COND D_SDFCHK (posedge CP)) (-26) (38)) of instance tb.conv.\registers_reg[1][13]  of module DFCNQD1BWP30P140 <../sintese/results/gate_level/conv_analysis_view_0p90v_25c_captyp_nominal.sdf, line 521760>.
xmelab: *W,SDFNET: Unable to annotate to non-existent timing check (RECREM (posedge CDN) (COND D_SDFCHK (posedge CP)) (-26) (38)) of instance tb.conv.\registers_reg[1][14]  of module DFCNQD1BWP30P140 <../sintese/results/gate_level/conv_analysis_view_0p90v_25c_captyp_nominal.sdf, line 521781>.
xmelab: *W,SDFNET: Unable to annotate to non-existent timing check (RECREM (posedge CDN) (COND D_SDFCHK (posedge CP)) (-26) (38)) of instance tb.conv.\registers_reg[1][15]  of module DFCNQD1BWP30P140 <../sintese/results/gate_level/conv_analysis_view_0p90v_25c_captyp_nominal.sdf, line 521802>.
xmelab: *W,SDFNET: Unable to annotate to non-existent timing check (RECREM (posedge CDN) (COND D_SDFCHK (posedge CP)) (-26) (38)) of instance tb.conv.\registers_reg[1][16]  of module DFCNQD1BWP30P140 <../sintese/results/gate_level/conv_analysis_view_0p90v_25c_captyp_nominal.sdf, line 521823>.
xmelab: *W,SDFNET: Unable to annotate to non-existent timing check (RECREM (posedge CDN) (COND D_SDFCHK (posedge CP)) (-26) (38)) of instance tb.conv.\registers_reg[1][17]  of module DFCNQD1BWP30P140 <../sintese/results/gate_level/conv_analysis_view_0p90v_25c_captyp_nominal.sdf, line 521844>.
xmelab: *W,SDFNET: Unable to annotate to non-existent timing check (RECREM (posedge CDN) (COND D_SDFCHK (posedge CP)) (-26) (38)) of instance tb.conv.\registers_reg[1][18]  of module DFCNQD1BWP30P140 <../sintese/results/gate_level/conv_analysis_view_0p90v_25c_captyp_nominal.sdf, line 521865>.
xmelab: *W,SDFNET: Unable to annotate to non-existent timing check (RECREM (posedge CDN) (COND D_SDFCHK (posedge CP)) (-26) (38)) of instance tb.conv.\registers_reg[1][19]  of module DFCNQD1BWP30P140 <../sintese/results/gate_level/conv_analysis_view_0p90v_25c_captyp_nominal.sdf, line 521886>.
xmelab: *W,SDFNET: Unable to annotate to non-existent timing check (RECREM (posedge CDN) (COND D_SDFCHK (posedge CP)) (-26) (37)) of instance tb.conv.\registers_reg[2][0]  of module DFCNQD2BWP30P140 <../sintese/results/gate_level/conv_analysis_view_0p90v_25c_captyp_nominal.sdf, line 521907>.
xmelab: *W,SDFNET: Unable to annotate to non-existent timing check (RECREM (posedge CDN) (COND D_SDFCHK (posedge CP)) (-26) (37)) of instance tb.conv.\registers_reg[2][1]  of module DFCNQD2BWP30P140 <../sintese/results/gate_level/conv_analysis_view_0p90v_25c_captyp_nominal.sdf, line 521928>.
xmelab: *W,SDFNET: Unable to annotate to non-existent timing check (RECREM (posedge CDN) (COND D_SDFCHK (posedge CP)) (-26) (37)) of instance tb.conv.\registers_reg[2][2]  of module DFCNQD2BWP30P140 <../sintese/results/gate_level/conv_analysis_view_0p90v_25c_captyp_nominal.sdf, line 521949>.
xmelab: *W,SDFNET: Unable to annotate to non-existent timing check (RECREM (posedge CDN) (COND D_SDFCHK (posedge CP)) (-26) (37)) of instance tb.conv.\registers_reg[2][3]  of module DFCNQD2BWP30P140 <../sintese/results/gate_level/conv_analysis_view_0p90v_25c_captyp_nominal.sdf, line 521970>.
xmelab: *W,SDFNET: Unable to annotate to non-existent timing check (RECREM (posedge CDN) (COND D_SDFCHK (posedge CP)) (-26) (37)) of instance tb.conv.\registers_reg[2][4]  of module DFCNQD2BWP30P140 <../sintese/results/gate_level/conv_analysis_view_0p90v_25c_captyp_nominal.sdf, line 521991>.
xmelab: *W,SDFNET: Unable to annotate to non-existent timing check (RECREM (posedge CDN) (COND D_SDFCHK (posedge CP)) (-26) (37)) of instance tb.conv.\registers_reg[2][5]  of module DFCNQD2BWP30P140 <../sintese/results/gate_level/conv_analysis_view_0p90v_25c_captyp_nominal.sdf, line 522012>.
xmelab: *W,SDFNET: Unable to annotate to non-existent timing check (RECREM (posedge CDN) (COND D_SDFCHK (posedge CP)) (-26) (37)) of instance tb.conv.\registers_reg[2][6]  of module DFCNQD2BWP30P140 <../sintese/results/gate_level/conv_analysis_view_0p90v_25c_captyp_nominal.sdf, line 522033>.
xmelab: *W,SDFNET: Unable to annotate to non-existent timing check (RECREM (posedge CDN) (COND D_SDFCHK (posedge CP)) (-26) (37)) of instance tb.conv.\registers_reg[2][7]  of module DFCNQD2BWP30P140 <../sintese/results/gate_level/conv_analysis_view_0p90v_25c_captyp_nominal.sdf, line 522054>.
xmelab: *W,SDFNET: Unable to annotate to non-existent timing check (RECREM (posedge CDN) (COND D_SDFCHK (posedge CP)) (-26) (38)) of instance tb.conv.\registers_reg[2][8]  of module DFCNQD1BWP30P140 <../sintese/results/gate_level/conv_analysis_view_0p90v_25c_captyp_nominal.sdf, line 522075>.
xmelab: *W,SDFNET: Unable to annotate to non-existent timing check (RECREM (posedge CDN) (COND D_SDFCHK (posedge CP)) (-26) (38)) of instance tb.conv.\registers_reg[2][9]  of module DFCNQD1BWP30P140 <../sintese/results/gate_level/conv_analysis_view_0p90v_25c_captyp_nominal.sdf, line 522096>.
xmelab: *W,SDFNET: Unable to annotate to non-existent timing check (RECREM (posedge CDN) (COND D_SDFCHK (posedge CP)) (-26) (38)) of instance tb.conv.\registers_reg[2][10]  of module DFCNQD1BWP30P140 <../sintese/results/gate_level/conv_analysis_view_0p90v_25c_captyp_nominal.sdf, line 522117>.
xmelab: *W,SDFNET: Unable to annotate to non-existent timing check (RECREM (posedge CDN) (COND D_SDFCHK (posedge CP)) (-26) (38)) of instance tb.conv.\registers_reg[2][11]  of module DFCNQD1BWP30P140 <../sintese/results/gate_level/conv_analysis_view_0p90v_25c_captyp_nominal.sdf, line 522138>.
xmelab: *W,SDFNET: Unable to annotate to non-existent timing check (RECREM (posedge CDN) (COND D_SDFCHK (posedge CP)) (-26) (38)) of instance tb.conv.\registers_reg[2][12]  of module DFCNQD1BWP30P140 <../sintese/results/gate_level/conv_analysis_view_0p90v_25c_captyp_nominal.sdf, line 522159>.
xmelab: *W,SDFNET: Unable to annotate to non-existent timing check (RECREM (posedge CDN) (COND D_SDFCHK (posedge CP)) (-26) (38)) of instance tb.conv.\registers_reg[2][13]  of module DFCNQD1BWP30P140 <../sintese/results/gate_level/conv_analysis_view_0p90v_25c_captyp_nominal.sdf, line 522180>.
xmelab: *W,SDFNET: Unable to annotate to non-existent timing check (RECREM (posedge CDN) (COND D_SDFCHK (posedge CP)) (-26) (38)) of instance tb.conv.\registers_reg[2][14]  of module DFCNQD1BWP30P140 <../sintese/results/gate_level/conv_analysis_view_0p90v_25c_captyp_nominal.sdf, line 522201>.
xmelab: *W,SDFNET: Unable to annotate to non-existent timing check (RECREM (posedge CDN) (COND D_SDFCHK (posedge CP)) (-26) (38)) of instance tb.conv.\registers_reg[2][15]  of module DFCNQD1BWP30P140 <../sintese/results/gate_level/conv_analysis_view_0p90v_25c_captyp_nominal.sdf, line 522222>.
xmelab: *W,SDFNET: Unable to annotate to non-existent timing check (RECREM (posedge CDN) (COND D_SDFCHK (posedge CP)) (-26) (38)) of instance tb.conv.\registers_reg[2][16]  of module DFCNQD1BWP30P140 <../sintese/results/gate_level/conv_analysis_view_0p90v_25c_captyp_nominal.sdf, line 522243>.
xmelab: *W,SDFNET: Unable to annotate to non-existent timing check (RECREM (posedge CDN) (COND D_SDFCHK (posedge CP)) (-26) (38)) of instance tb.conv.\registers_reg[2][17]  of module DFCNQD1BWP30P140 <../sintese/results/gate_level/conv_analysis_view_0p90v_25c_captyp_nominal.sdf, line 522264>.
xmelab: *W,SDFNET: Unable to annotate to non-existent timing check (RECREM (posedge CDN) (COND D_SDFCHK (posedge CP)) (-26) (38)) of instance tb.conv.\registers_reg[2][18]  of module DFCNQD1BWP30P140 <../sintese/results/gate_level/conv_analysis_view_0p90v_25c_captyp_nominal.sdf, line 522285>.
xmelab: *W,SDFNET: Unable to annotate to non-existent timing check (RECREM (posedge CDN) (COND D_SDFCHK (posedge CP)) (-26) (38)) of instance tb.conv.\registers_reg[2][19]  of module DFCNQD1BWP30P140 <../sintese/results/gate_level/conv_analysis_view_0p90v_25c_captyp_nominal.sdf, line 522306>.
xmelab: *W,SDFNET: Unable to annotate to non-existent timing check (RECREM (posedge CDN) (COND D_SDFCHK (posedge CP)) (-26) (37)) of instance tb.conv.\registers_reg[3][0]  of module DFCNQD2BWP30P140 <../sintese/results/gate_level/conv_analysis_view_0p90v_25c_captyp_nominal.sdf, line 522327>.
xmelab: *W,SDFNET: Unable to annotate to non-existent timing check (RECREM (posedge CDN) (COND D_SDFCHK (posedge CP)) (-26) (37)) of instance tb.conv.\registers_reg[3][1]  of module DFCNQD2BWP30P140 <../sintese/results/gate_level/conv_analysis_view_0p90v_25c_captyp_nominal.sdf, line 522348>.
xmelab: *W,SDFNET: Unable to annotate to non-existent timing check (RECREM (posedge CDN) (COND D_SDFCHK (posedge CP)) (-26) (37)) of instance tb.conv.\registers_reg[3][2]  of module DFCNQD2BWP30P140 <../sintese/results/gate_level/conv_analysis_view_0p90v_25c_captyp_nominal.sdf, line 522369>.
xmelab: *W,SDFNET: Unable to annotate to non-existent timing check (RECREM (posedge CDN) (COND D_SDFCHK (posedge CP)) (-26) (37)) of instance tb.conv.\registers_reg[3][3]  of module DFCNQD2BWP30P140 <../sintese/results/gate_level/conv_analysis_view_0p90v_25c_captyp_nominal.sdf, line 522390>.
xmelab: *W,SDFNET: Unable to annotate to non-existent timing check (RECREM (posedge CDN) (COND D_SDFCHK (posedge CP)) (-26) (37)) of instance tb.conv.\registers_reg[3][4]  of module DFCNQD2BWP30P140 <../sintese/results/gate_level/conv_analysis_view_0p90v_25c_captyp_nominal.sdf, line 522411>.
xmelab: *W,SDFNET: Unable to annotate to non-existent timing check (RECREM (posedge CDN) (COND D_SDFCHK (posedge CP)) (-26) (37)) of instance tb.conv.\registers_reg[3][5]  of module DFCNQD2BWP30P140 <../sintese/results/gate_level/conv_analysis_view_0p90v_25c_captyp_nominal.sdf, line 522432>.
xmelab: *W,SDFNET: Unable to annotate to non-existent timing check (RECREM (posedge CDN) (COND D_SDFCHK (posedge CP)) (-26) (37)) of instance tb.conv.\registers_reg[3][6]  of module DFCNQD2BWP30P140 <../sintese/results/gate_level/conv_analysis_view_0p90v_25c_captyp_nominal.sdf, line 522453>.
xmelab: *W,SDFNET: Unable to annotate to non-existent timing check (RECREM (posedge CDN) (COND D_SDFCHK (posedge CP)) (-26) (37)) of instance tb.conv.\registers_reg[3][7]  of module DFCNQD2BWP30P140 <../sintese/results/gate_level/conv_analysis_view_0p90v_25c_captyp_nominal.sdf, line 522474>.
xmelab: *W,SDFNET: Unable to annotate to non-existent timing check (RECREM (posedge CDN) (COND D_SDFCHK (posedge CP)) (-26) (37)) of instance tb.conv.\registers_reg[3][8]  of module DFCNQD2BWP30P140 <../sintese/results/gate_level/conv_analysis_view_0p90v_25c_captyp_nominal.sdf, line 522495>.
xmelab: *W,SDFNET: Unable to annotate to non-existent timing check (RECREM (posedge CDN) (COND D_SDFCHK (posedge CP)) (-26) (38)) of instance tb.conv.\registers_reg[3][9]  of module DFCNQD1BWP30P140 <../sintese/results/gate_level/conv_analysis_view_0p90v_25c_captyp_nominal.sdf, line 522516>.
xmelab: *W,SDFNET: Unable to annotate to non-existent timing check (RECREM (posedge CDN) (COND D_SDFCHK (posedge CP)) (-26) (38)) of instance tb.conv.\registers_reg[3][10]  of module DFCNQD1BWP30P140 <../sintese/results/gate_level/conv_analysis_view_0p90v_25c_captyp_nominal.sdf, line 522537>.
xmelab: *W,SDFNET: Unable to annotate to non-existent timing check (RECREM (posedge CDN) (COND D_SDFCHK (posedge CP)) (-26) (38)) of instance tb.conv.\registers_reg[3][11]  of module DFCNQD1BWP30P140 <../sintese/results/gate_level/conv_analysis_view_0p90v_25c_captyp_nominal.sdf, line 522558>.
xmelab: *W,SDFNET: Unable to annotate to non-existent timing check (RECREM (posedge CDN) (COND D_SDFCHK (posedge CP)) (-26) (38)) of instance tb.conv.\registers_reg[3][12]  of module DFCNQD1BWP30P140 <../sintese/results/gate_level/conv_analysis_view_0p90v_25c_captyp_nominal.sdf, line 522579>.
xmelab: *W,SDFNET: Unable to annotate to non-existent timing check (RECREM (posedge CDN) (COND D_SDFCHK (posedge CP)) (-26) (38)) of instance tb.conv.\registers_reg[3][13]  of module DFCNQD1BWP30P140 <../sintese/results/gate_level/conv_analysis_view_0p90v_25c_captyp_nominal.sdf, line 522600>.
xmelab: *W,SDFNET: Unable to annotate to non-existent timing check (RECREM (posedge CDN) (COND D_SDFCHK (posedge CP)) (-26) (38)) of instance tb.conv.\registers_reg[3][14]  of module DFCNQD1BWP30P140 <../sintese/results/gate_level/conv_analysis_view_0p90v_25c_captyp_nominal.sdf, line 522621>.
xmelab: *W,SDFNET: Unable to annotate to non-existent timing check (RECREM (posedge CDN) (COND D_SDFCHK (posedge CP)) (-26) (38)) of instance tb.conv.\registers_reg[3][15]  of module DFCNQD1BWP30P140 <../sintese/results/gate_level/conv_analysis_view_0p90v_25c_captyp_nominal.sdf, line 522642>.
xmelab: *W,SDFNET: Unable to annotate to non-existent timing check (RECREM (posedge CDN) (COND D_SDFCHK (posedge CP)) (-26) (38)) of instance tb.conv.\registers_reg[3][16]  of module DFCNQD1BWP30P140 <../sintese/results/gate_level/conv_analysis_view_0p90v_25c_captyp_nominal.sdf, line 522663>.
xmelab: *W,SDFNET: Unable to annotate to non-existent timing check (RECREM (posedge CDN) (COND D_SDFCHK (posedge CP)) (-26) (38)) of instance tb.conv.\registers_reg[3][17]  of module DFCNQD1BWP30P140 <../sintese/results/gate_level/conv_analysis_view_0p90v_25c_captyp_nominal.sdf, line 522684>.
xmelab: *W,SDFNET: Unable to annotate to non-existent timing check (RECREM (posedge CDN) (COND D_SDFCHK (posedge CP)) (-26) (38)) of instance tb.conv.\registers_reg[3][18]  of module DFCNQD1BWP30P140 <../sintese/results/gate_level/conv_analysis_view_0p90v_25c_captyp_nominal.sdf, line 522705>.
xmelab: *W,SDFNET: Unable to annotate to non-existent timing check (RECREM (posedge CDN) (COND D_SDFCHK (posedge CP)) (-26) (38)) of instance tb.conv.\registers_reg[3][19]  of module DFCNQD1BWP30P140 <../sintese/results/gate_level/conv_analysis_view_0p90v_25c_captyp_nominal.sdf, line 522726>.
xmelab: *W,SDFNET: Unable to annotate to non-existent timing check (RECREM (posedge CDN) (COND D_SDFCHK (posedge CP)) (-26) (38)) of instance tb.conv.\registers_reg[4][0]  of module DFCNQD1BWP30P140 <../sintese/results/gate_level/conv_analysis_view_0p90v_25c_captyp_nominal.sdf, line 522747>.
xmelab: *W,SDFNET: Unable to annotate to non-existent timing check (RECREM (posedge CDN) (COND D_SDFCHK (posedge CP)) (-26) (38)) of instance tb.conv.\registers_reg[4][1]  of module DFCNQD1BWP30P140 <../sintese/results/gate_level/conv_analysis_view_0p90v_25c_captyp_nominal.sdf, line 522768>.
xmelab: *W,SDFNET: Unable to annotate to non-existent timing check (RECREM (posedge CDN) (COND D_SDFCHK (posedge CP)) (-26) (37)) of instance tb.conv.\registers_reg[4][2]  of module DFCNQD2BWP30P140 <../sintese/results/gate_level/conv_analysis_view_0p90v_25c_captyp_nominal.sdf, line 522789>.
xmelab: *W,SDFNET: Unable to annotate to non-existent timing check (RECREM (posedge CDN) (COND D_SDFCHK (posedge CP)) (-26) (37)) of instance tb.conv.\registers_reg[4][3]  of module DFCNQD2BWP30P140 <../sintese/results/gate_level/conv_analysis_view_0p90v_25c_captyp_nominal.sdf, line 522810>.
xmelab: *W,SDFNET: Unable to annotate to non-existent timing check (RECREM (posedge CDN) (COND D_SDFCHK (posedge CP)) (-26) (37)) of instance tb.conv.\registers_reg[4][4]  of module DFCNQD2BWP30P140 <../sintese/results/gate_level/conv_analysis_view_0p90v_25c_captyp_nominal.sdf, line 522831>.
xmelab: *W,SDFNET: Unable to annotate to non-existent timing check (RECREM (posedge CDN) (COND D_SDFCHK (posedge CP)) (-26) (37)) of instance tb.conv.\registers_reg[4][5]  of module DFCNQD2BWP30P140 <../sintese/results/gate_level/conv_analysis_view_0p90v_25c_captyp_nominal.sdf, line 522852>.
xmelab: *W,SDFNET: Unable to annotate to non-existent timing check (RECREM (posedge CDN) (COND D_SDFCHK (posedge CP)) (-26) (38)) of instance tb.conv.\registers_reg[4][6]  of module DFCNQD1BWP30P140 <../sintese/results/gate_level/conv_analysis_view_0p90v_25c_captyp_nominal.sdf, line 522873>.
xmelab: *W,SDFNET: Unable to annotate to non-existent timing check (RECREM (posedge CDN) (COND D_SDFCHK (posedge CP)) (-26) (38)) of instance tb.conv.\registers_reg[4][7]  of module DFCNQD1BWP30P140 <../sintese/results/gate_level/conv_analysis_view_0p90v_25c_captyp_nominal.sdf, line 522894>.
xmelab: *W,SDFNET: Unable to annotate to non-existent timing check (RECREM (posedge CDN) (COND D_SDFCHK (posedge CP)) (-26) (38)) of instance tb.conv.\registers_reg[4][8]  of module DFCNQD1BWP30P140 <../sintese/results/gate_level/conv_analysis_view_0p90v_25c_captyp_nominal.sdf, line 522915>.
xmelab: *W,SDFNET: Unable to annotate to non-existent timing check (RECREM (posedge CDN) (COND D_SDFCHK (posedge CP)) (-26) (38)) of instance tb.conv.\registers_reg[4][9]  of module DFCNQD1BWP30P140 <../sintese/results/gate_level/conv_analysis_view_0p90v_25c_captyp_nominal.sdf, line 522936>.
xmelab: *W,SDFNET: Unable to annotate to non-existent timing check (RECREM (posedge CDN) (COND D_SDFCHK (posedge CP)) (-26) (37)) of instance tb.conv.\registers_reg[4][10]  of module DFCNQD2BWP30P140 <../sintese/results/gate_level/conv_analysis_view_0p90v_25c_captyp_nominal.sdf, line 522957>.
xmelab: *W,SDFNET: Unable to annotate to non-existent timing check (RECREM (posedge CDN) (COND D_SDFCHK (posedge CP)) (-26) (37)) of instance tb.conv.\registers_reg[4][11]  of module DFCNQD2BWP30P140 <../sintese/results/gate_level/conv_analysis_view_0p90v_25c_captyp_nominal.sdf, line 522978>.
xmelab: *W,SDFNET: Unable to annotate to non-existent timing check (RECREM (posedge CDN) (COND D_SDFCHK (posedge CP)) (-26) (38)) of instance tb.conv.\registers_reg[4][12]  of module DFCNQD1BWP30P140 <../sintese/results/gate_level/conv_analysis_view_0p90v_25c_captyp_nominal.sdf, line 522999>.
xmelab: *W,SDFNET: Unable to annotate to non-existent timing check (RECREM (posedge CDN) (COND D_SDFCHK (posedge CP)) (-26) (38)) of instance tb.conv.\registers_reg[4][13]  of module DFCNQD1BWP30P140 <../sintese/results/gate_level/conv_analysis_view_0p90v_25c_captyp_nominal.sdf, line 523020>.
xmelab: *W,SDFNET: Unable to annotate to non-existent timing check (RECREM (posedge CDN) (COND D_SDFCHK (posedge CP)) (-26) (38)) of instance tb.conv.\registers_reg[4][14]  of module DFCNQD1BWP30P140 <../sintese/results/gate_level/conv_analysis_view_0p90v_25c_captyp_nominal.sdf, line 523041>.
xmelab: *W,SDFNET: Unable to annotate to non-existent timing check (RECREM (posedge CDN) (COND D_SDFCHK (posedge CP)) (-26) (38)) of instance tb.conv.\registers_reg[4][15]  of module DFCNQD1BWP30P140 <../sintese/results/gate_level/conv_analysis_view_0p90v_25c_captyp_nominal.sdf, line 523062>.
xmelab: *W,SDFNET: Unable to annotate to non-existent timing check (RECREM (posedge CDN) (COND D_SDFCHK (posedge CP)) (-26) (38)) of instance tb.conv.\registers_reg[4][16]  of module DFCNQD1BWP30P140 <../sintese/results/gate_level/conv_analysis_view_0p90v_25c_captyp_nominal.sdf, line 523083>.
xmelab: *W,SDFNET: Unable to annotate to non-existent timing check (RECREM (posedge CDN) (COND D_SDFCHK (posedge CP)) (-26) (38)) of instance tb.conv.\registers_reg[4][17]  of module DFCNQD1BWP30P140 <../sintese/results/gate_level/conv_analysis_view_0p90v_25c_captyp_nominal.sdf, line 523104>.
xmelab: *W,SDFNET: Unable to annotate to non-existent timing check (RECREM (posedge CDN) (COND D_SDFCHK (posedge CP)) (-26) (38)) of instance tb.conv.\registers_reg[4][18]  of module DFCNQD1BWP30P140 <../sintese/results/gate_level/conv_analysis_view_0p90v_25c_captyp_nominal.sdf, line 523125>.
xmelab: *W,SDFNET: Unable to annotate to non-existent timing check (RECREM (posedge CDN) (COND D_SDFCHK (posedge CP)) (-26) (37)) of instance tb.conv.\registers_reg[4][19]  of module DFCNQD2BWP30P140 <../sintese/results/gate_level/conv_analysis_view_0p90v_25c_captyp_nominal.sdf, line 523146>.
xmelab: *W,SDFNET: Unable to annotate to non-existent timing check (RECREM (posedge CDN) (COND D_SDFCHK (posedge CP)) (-26) (38)) of instance tb.conv.\registers_reg[5][0]  of module DFCNQD1BWP30P140 <../sintese/results/gate_level/conv_analysis_view_0p90v_25c_captyp_nominal.sdf, line 523167>.
xmelab: *W,SDFNET: Unable to annotate to non-existent timing check (RECREM (posedge CDN) (COND D_SDFCHK (posedge CP)) (-26) (38)) of instance tb.conv.\registers_reg[5][1]  of module DFCNQD1BWP30P140 <../sintese/results/gate_level/conv_analysis_view_0p90v_25c_captyp_nominal.sdf, line 523188>.
xmelab: *W,SDFNET: Unable to annotate to non-existent timing check (RECREM (posedge CDN) (COND D_SDFCHK (posedge CP)) (-26) (38)) of instance tb.conv.\registers_reg[5][2]  of module DFCNQD1BWP30P140 <../sintese/results/gate_level/conv_analysis_view_0p90v_25c_captyp_nominal.sdf, line 523209>.
xmelab: *W,SDFNET: Unable to annotate to non-existent timing check (RECREM (posedge CDN) (COND D_SDFCHK (posedge CP)) (-26) (37)) of instance tb.conv.\registers_reg[5][3]  of module DFCNQD2BWP30P140 <../sintese/results/gate_level/conv_analysis_view_0p90v_25c_captyp_nominal.sdf, line 523230>.
xmelab: *W,SDFNET: Unable to annotate to non-existent timing check (RECREM (posedge CDN) (COND D_SDFCHK (posedge CP)) (-26) (37)) of instance tb.conv.\registers_reg[5][4]  of module DFCNQD2BWP30P140 <../sintese/results/gate_level/conv_analysis_view_0p90v_25c_captyp_nominal.sdf, line 523251>.
xmelab: *W,SDFNET: Unable to annotate to non-existent timing check (RECREM (posedge CDN) (COND D_SDFCHK (posedge CP)) (-26) (37)) of instance tb.conv.\registers_reg[5][5]  of module DFCNQD2BWP30P140 <../sintese/results/gate_level/conv_analysis_view_0p90v_25c_captyp_nominal.sdf, line 523272>.
xmelab: *W,SDFNET: Unable to annotate to non-existent timing check (RECREM (posedge CDN) (COND D_SDFCHK (posedge CP)) (-26) (37)) of instance tb.conv.\registers_reg[5][6]  of module DFCNQD2BWP30P140 <../sintese/results/gate_level/conv_analysis_view_0p90v_25c_captyp_nominal.sdf, line 523293>.
xmelab: *W,SDFNET: Unable to annotate to non-existent timing check (RECREM (posedge CDN) (COND D_SDFCHK (posedge CP)) (-26) (38)) of instance tb.conv.\registers_reg[5][7]  of module DFCNQD1BWP30P140 <../sintese/results/gate_level/conv_analysis_view_0p90v_25c_captyp_nominal.sdf, line 523314>.
xmelab: *W,SDFNET: Unable to annotate to non-existent timing check (RECREM (posedge CDN) (COND D_SDFCHK (posedge CP)) (-26) (38)) of instance tb.conv.\registers_reg[5][8]  of module DFCNQD1BWP30P140 <../sintese/results/gate_level/conv_analysis_view_0p90v_25c_captyp_nominal.sdf, line 523335>.
xmelab: *W,SDFNET: Unable to annotate to non-existent timing check (RECREM (posedge CDN) (COND D_SDFCHK (posedge CP)) (-26) (38)) of instance tb.conv.\registers_reg[5][9]  of module DFCNQD1BWP30P140 <../sintese/results/gate_level/conv_analysis_view_0p90v_25c_captyp_nominal.sdf, line 523356>.
xmelab: *W,SDFNET: Unable to annotate to non-existent timing check (RECREM (posedge CDN) (COND D_SDFCHK (posedge CP)) (-26) (38)) of instance tb.conv.\registers_reg[5][10]  of module DFCNQD1BWP30P140 <../sintese/results/gate_level/conv_analysis_view_0p90v_25c_captyp_nominal.sdf, line 523377>.
xmelab: *W,SDFNET: Unable to annotate to non-existent timing check (RECREM (posedge CDN) (COND D_SDFCHK (posedge CP)) (-26) (38)) of instance tb.conv.\registers_reg[5][11]  of module DFCNQD1BWP30P140 <../sintese/results/gate_level/conv_analysis_view_0p90v_25c_captyp_nominal.sdf, line 523398>.
xmelab: *W,SDFNET: Unable to annotate to non-existent timing check (RECREM (posedge CDN) (COND D_SDFCHK (posedge CP)) (-26) (38)) of instance tb.conv.\registers_reg[5][12]  of module DFCNQD1BWP30P140 <../sintese/results/gate_level/conv_analysis_view_0p90v_25c_captyp_nominal.sdf, line 523419>.
xmelab: *W,SDFNET: Unable to annotate to non-existent timing check (RECREM (posedge CDN) (COND D_SDFCHK (posedge CP)) (-26) (38)) of instance tb.conv.\registers_reg[5][13]  of module DFCNQD1BWP30P140 <../sintese/results/gate_level/conv_analysis_view_0p90v_25c_captyp_nominal.sdf, line 523440>.
xmelab: *W,SDFNET: Unable to annotate to non-existent timing check (RECREM (posedge CDN) (COND D_SDFCHK (posedge CP)) (-26) (38)) of instance tb.conv.\registers_reg[5][14]  of module DFCNQD1BWP30P140 <../sintese/results/gate_level/conv_analysis_view_0p90v_25c_captyp_nominal.sdf, line 523461>.
xmelab: *W,SDFNET: Unable to annotate to non-existent timing check (RECREM (posedge CDN) (COND D_SDFCHK (posedge CP)) (-26) (38)) of instance tb.conv.\registers_reg[5][15]  of module DFCNQD1BWP30P140 <../sintese/results/gate_level/conv_analysis_view_0p90v_25c_captyp_nominal.sdf, line 523482>.
xmelab: *W,SDFNET: Unable to annotate to non-existent timing check (RECREM (posedge CDN) (COND D_SDFCHK (posedge CP)) (-26) (38)) of instance tb.conv.\registers_reg[5][16]  of module DFCNQD1BWP30P140 <../sintese/results/gate_level/conv_analysis_view_0p90v_25c_captyp_nominal.sdf, line 523503>.
xmelab: *W,SDFNET: Unable to annotate to non-existent timing check (RECREM (posedge CDN) (COND D_SDFCHK (posedge CP)) (-26) (38)) of instance tb.conv.\registers_reg[5][17]  of module DFCNQD1BWP30P140 <../sintese/results/gate_level/conv_analysis_view_0p90v_25c_captyp_nominal.sdf, line 523524>.
xmelab: *W,SDFNET: Unable to annotate to non-existent timing check (RECREM (posedge CDN) (COND D_SDFCHK (posedge CP)) (-26) (38)) of instance tb.conv.\registers_reg[5][18]  of module DFCNQD1BWP30P140 <../sintese/results/gate_level/conv_analysis_view_0p90v_25c_captyp_nominal.sdf, line 523545>.
xmelab: *W,SDFNET: Unable to annotate to non-existent timing check (RECREM (posedge CDN) (COND D_SDFCHK (posedge CP)) (-26) (38)) of instance tb.conv.\registers_reg[5][19]  of module DFCNQD1BWP30P140 <../sintese/results/gate_level/conv_analysis_view_0p90v_25c_captyp_nominal.sdf, line 523566>.
xmelab: *W,SDFNET: Unable to annotate to non-existent timing check (RECREM (posedge CDN) (COND D_SDFCHK (posedge CP)) (-26) (37)) of instance tb.conv.\registers_reg[6][0]  of module DFCNQD2BWP30P140 <../sintese/results/gate_level/conv_analysis_view_0p90v_25c_captyp_nominal.sdf, line 523587>.
xmelab: *W,SDFNET: Unable to annotate to non-existent timing check (RECREM (posedge CDN) (COND D_SDFCHK (posedge CP)) (-26) (37)) of instance tb.conv.\registers_reg[6][1]  of module DFCNQD2BWP30P140 <../sintese/results/gate_level/conv_analysis_view_0p90v_25c_captyp_nominal.sdf, line 523608>.
xmelab: *W,SDFNET: Unable to annotate to non-existent timing check (RECREM (posedge CDN) (COND D_SDFCHK (posedge CP)) (-26) (37)) of instance tb.conv.\registers_reg[6][2]  of module DFCNQD2BWP30P140 <../sintese/results/gate_level/conv_analysis_view_0p90v_25c_captyp_nominal.sdf, line 523629>.
xmelab: *W,SDFNET: Unable to annotate to non-existent timing check (RECREM (posedge CDN) (COND D_SDFCHK (posedge CP)) (-26) (37)) of instance tb.conv.\registers_reg[6][3]  of module DFCNQD2BWP30P140 <../sintese/results/gate_level/conv_analysis_view_0p90v_25c_captyp_nominal.sdf, line 523650>.
xmelab: *W,SDFNET: Unable to annotate to non-existent timing check (RECREM (posedge CDN) (COND D_SDFCHK (posedge CP)) (-26) (37)) of instance tb.conv.\registers_reg[6][4]  of module DFCNQD2BWP30P140 <../sintese/results/gate_level/conv_analysis_view_0p90v_25c_captyp_nominal.sdf, line 523671>.
xmelab: *W,SDFNET: Unable to annotate to non-existent timing check (RECREM (posedge CDN) (COND D_SDFCHK (posedge CP)) (-26) (37)) of instance tb.conv.\registers_reg[6][5]  of module DFCNQD2BWP30P140 <../sintese/results/gate_level/conv_analysis_view_0p90v_25c_captyp_nominal.sdf, line 523692>.
xmelab: *W,SDFNET: Unable to annotate to non-existent timing check (RECREM (posedge CDN) (COND D_SDFCHK (posedge CP)) (-26) (37)) of instance tb.conv.\registers_reg[6][6]  of module DFCNQD2BWP30P140 <../sintese/results/gate_level/conv_analysis_view_0p90v_25c_captyp_nominal.sdf, line 523713>.
xmelab: *W,SDFNET: Unable to annotate to non-existent timing check (RECREM (posedge CDN) (COND D_SDFCHK (posedge CP)) (-26) (38)) of instance tb.conv.\registers_reg[6][7]  of module DFCNQD1BWP30P140 <../sintese/results/gate_level/conv_analysis_view_0p90v_25c_captyp_nominal.sdf, line 523734>.
xmelab: *W,SDFNET: Unable to annotate to non-existent timing check (RECREM (posedge CDN) (COND D_SDFCHK (posedge CP)) (-26) (38)) of instance tb.conv.\registers_reg[6][8]  of module DFCNQD1BWP30P140 <../sintese/results/gate_level/conv_analysis_view_0p90v_25c_captyp_nominal.sdf, line 523755>.
xmelab: *W,SDFNET: Unable to annotate to non-existent timing check (RECREM (posedge CDN) (COND D_SDFCHK (posedge CP)) (-26) (38)) of instance tb.conv.\registers_reg[6][9]  of module DFCNQD1BWP30P140 <../sintese/results/gate_level/conv_analysis_view_0p90v_25c_captyp_nominal.sdf, line 523776>.
xmelab: *W,SDFNET: Unable to annotate to non-existent timing check (RECREM (posedge CDN) (COND D_SDFCHK (posedge CP)) (-26) (38)) of instance tb.conv.\registers_reg[6][10]  of module DFCNQD1BWP30P140 <../sintese/results/gate_level/conv_analysis_view_0p90v_25c_captyp_nominal.sdf, line 523797>.
xmelab: *W,SDFNET: Unable to annotate to non-existent timing check (RECREM (posedge CDN) (COND D_SDFCHK (posedge CP)) (-26) (38)) of instance tb.conv.\registers_reg[6][11]  of module DFCNQD1BWP30P140 <../sintese/results/gate_level/conv_analysis_view_0p90v_25c_captyp_nominal.sdf, line 523818>.
xmelab: *W,SDFNET: Unable to annotate to non-existent timing check (RECREM (posedge CDN) (COND D_SDFCHK (posedge CP)) (-26) (38)) of instance tb.conv.\registers_reg[6][12]  of module DFCNQD1BWP30P140 <../sintese/results/gate_level/conv_analysis_view_0p90v_25c_captyp_nominal.sdf, line 523839>.
xmelab: *W,SDFNET: Unable to annotate to non-existent timing check (RECREM (posedge CDN) (COND D_SDFCHK (posedge CP)) (-26) (38)) of instance tb.conv.\registers_reg[6][13]  of module DFCNQD1BWP30P140 <../sintese/results/gate_level/conv_analysis_view_0p90v_25c_captyp_nominal.sdf, line 523860>.
xmelab: *W,SDFNET: Unable to annotate to non-existent timing check (RECREM (posedge CDN) (COND D_SDFCHK (posedge CP)) (-26) (38)) of instance tb.conv.\registers_reg[6][14]  of module DFCNQD1BWP30P140 <../sintese/results/gate_level/conv_analysis_view_0p90v_25c_captyp_nominal.sdf, line 523881>.
xmelab: *W,SDFNET: Unable to annotate to non-existent timing check (RECREM (posedge CDN) (COND D_SDFCHK (posedge CP)) (-26) (38)) of instance tb.conv.\registers_reg[6][15]  of module DFCNQD1BWP30P140 <../sintese/results/gate_level/conv_analysis_view_0p90v_25c_captyp_nominal.sdf, line 523902>.
xmelab: *W,SDFNET: Unable to annotate to non-existent timing check (RECREM (posedge CDN) (COND D_SDFCHK (posedge CP)) (-26) (38)) of instance tb.conv.\registers_reg[6][16]  of module DFCNQD1BWP30P140 <../sintese/results/gate_level/conv_analysis_view_0p90v_25c_captyp_nominal.sdf, line 523923>.
xmelab: *W,SDFNET: Unable to annotate to non-existent timing check (RECREM (posedge CDN) (COND D_SDFCHK (posedge CP)) (-26) (38)) of instance tb.conv.\registers_reg[6][17]  of module DFCNQD1BWP30P140 <../sintese/results/gate_level/conv_analysis_view_0p90v_25c_captyp_nominal.sdf, line 523944>.
xmelab: *W,SDFNET: Unable to annotate to non-existent timing check (RECREM (posedge CDN) (COND D_SDFCHK (posedge CP)) (-26) (38)) of instance tb.conv.\registers_reg[6][18]  of module DFCNQD1BWP30P140 <../sintese/results/gate_level/conv_analysis_view_0p90v_25c_captyp_nominal.sdf, line 523965>.
xmelab: *W,SDFNET: Unable to annotate to non-existent timing check (RECREM (posedge CDN) (COND D_SDFCHK (posedge CP)) (-26) (38)) of instance tb.conv.\registers_reg[6][19]  of module DFCNQD1BWP30P140 <../sintese/results/gate_level/conv_analysis_view_0p90v_25c_captyp_nominal.sdf, line 523986>.
xmelab: *W,SDFNET: Unable to annotate to non-existent timing check (RECREM (posedge CDN) (COND D_SDFCHK (posedge CP)) (-26) (37)) of instance tb.conv.\registers_reg[7][0]  of module DFCNQD2BWP30P140 <../sintese/results/gate_level/conv_analysis_view_0p90v_25c_captyp_nominal.sdf, line 524007>.
xmelab: *W,SDFNET: Unable to annotate to non-existent timing check (RECREM (posedge CDN) (COND D_SDFCHK (posedge CP)) (-26) (37)) of instance tb.conv.\registers_reg[7][1]  of module DFCNQD2BWP30P140 <../sintese/results/gate_level/conv_analysis_view_0p90v_25c_captyp_nominal.sdf, line 524028>.
xmelab: *W,SDFNET: Unable to annotate to non-existent timing check (RECREM (posedge CDN) (COND D_SDFCHK (posedge CP)) (-26) (37)) of instance tb.conv.\registers_reg[7][2]  of module DFCNQD2BWP30P140 <../sintese/results/gate_level/conv_analysis_view_0p90v_25c_captyp_nominal.sdf, line 524049>.
xmelab: *W,SDFNET: Unable to annotate to non-existent timing check (RECREM (posedge CDN) (COND D_SDFCHK (posedge CP)) (-26) (37)) of instance tb.conv.\registers_reg[7][3]  of module DFCNQD2BWP30P140 <../sintese/results/gate_level/conv_analysis_view_0p90v_25c_captyp_nominal.sdf, line 524070>.
xmelab: *W,SDFNET: Unable to annotate to non-existent timing check (RECREM (posedge CDN) (COND D_SDFCHK (posedge CP)) (-26) (37)) of instance tb.conv.\registers_reg[7][4]  of module DFCNQD2BWP30P140 <../sintese/results/gate_level/conv_analysis_view_0p90v_25c_captyp_nominal.sdf, line 524091>.
xmelab: *W,SDFNET: Unable to annotate to non-existent timing check (RECREM (posedge CDN) (COND D_SDFCHK (posedge CP)) (-26) (37)) of instance tb.conv.\registers_reg[7][5]  of module DFCNQD2BWP30P140 <../sintese/results/gate_level/conv_analysis_view_0p90v_25c_captyp_nominal.sdf, line 524112>.
xmelab: *W,SDFNET: Unable to annotate to non-existent timing check (RECREM (posedge CDN) (COND D_SDFCHK (posedge CP)) (-26) (37)) of instance tb.conv.\registers_reg[7][6]  of module DFCNQD2BWP30P140 <../sintese/results/gate_level/conv_analysis_view_0p90v_25c_captyp_nominal.sdf, line 524133>.
xmelab: *W,SDFNET: Unable to annotate to non-existent timing check (RECREM (posedge CDN) (COND D_SDFCHK (posedge CP)) (-26) (37)) of instance tb.conv.\registers_reg[7][7]  of module DFCNQD2BWP30P140 <../sintese/results/gate_level/conv_analysis_view_0p90v_25c_captyp_nominal.sdf, line 524154>.
xmelab: *W,SDFNET: Unable to annotate to non-existent timing check (RECREM (posedge CDN) (COND D_SDFCHK (posedge CP)) (-26) (37)) of instance tb.conv.\registers_reg[7][8]  of module DFCNQD2BWP30P140 <../sintese/results/gate_level/conv_analysis_view_0p90v_25c_captyp_nominal.sdf, line 524175>.
xmelab: *W,SDFNET: Unable to annotate to non-existent timing check (RECREM (posedge CDN) (COND D_SDFCHK (posedge CP)) (-26) (38)) of instance tb.conv.\registers_reg[7][9]  of module DFCNQD1BWP30P140 <../sintese/results/gate_level/conv_analysis_view_0p90v_25c_captyp_nominal.sdf, line 524196>.
xmelab: *W,SDFNET: Unable to annotate to non-existent timing check (RECREM (posedge CDN) (COND D_SDFCHK (posedge CP)) (-26) (38)) of instance tb.conv.\registers_reg[7][10]  of module DFCNQD1BWP30P140 <../sintese/results/gate_level/conv_analysis_view_0p90v_25c_captyp_nominal.sdf, line 524217>.
xmelab: *W,SDFNET: Unable to annotate to non-existent timing check (RECREM (posedge CDN) (COND D_SDFCHK (posedge CP)) (-26) (38)) of instance tb.conv.\registers_reg[7][11]  of module DFCNQD1BWP30P140 <../sintese/results/gate_level/conv_analysis_view_0p90v_25c_captyp_nominal.sdf, line 524238>.
xmelab: *W,SDFNET: Unable to annotate to non-existent timing check (RECREM (posedge CDN) (COND D_SDFCHK (posedge CP)) (-26) (38)) of instance tb.conv.\registers_reg[7][12]  of module DFCNQD1BWP30P140 <../sintese/results/gate_level/conv_analysis_view_0p90v_25c_captyp_nominal.sdf, line 524259>.
xmelab: *W,SDFNET: Unable to annotate to non-existent timing check (RECREM (posedge CDN) (COND D_SDFCHK (posedge CP)) (-26) (38)) of instance tb.conv.\registers_reg[7][13]  of module DFCNQD1BWP30P140 <../sintese/results/gate_level/conv_analysis_view_0p90v_25c_captyp_nominal.sdf, line 524280>.
xmelab: *W,SDFNET: Unable to annotate to non-existent timing check (RECREM (posedge CDN) (COND D_SDFCHK (posedge CP)) (-26) (38)) of instance tb.conv.\registers_reg[7][14]  of module DFCNQD1BWP30P140 <../sintese/results/gate_level/conv_analysis_view_0p90v_25c_captyp_nominal.sdf, line 524301>.
xmelab: *W,SDFNET: Unable to annotate to non-existent timing check (RECREM (posedge CDN) (COND D_SDFCHK (posedge CP)) (-26) (38)) of instance tb.conv.\registers_reg[7][15]  of module DFCNQD1BWP30P140 <../sintese/results/gate_level/conv_analysis_view_0p90v_25c_captyp_nominal.sdf, line 524322>.
xmelab: *W,SDFNET: Unable to annotate to non-existent timing check (RECREM (posedge CDN) (COND D_SDFCHK (posedge CP)) (-26) (38)) of instance tb.conv.\registers_reg[7][16]  of module DFCNQD1BWP30P140 <../sintese/results/gate_level/conv_analysis_view_0p90v_25c_captyp_nominal.sdf, line 524343>.
xmelab: *W,SDFNET: Unable to annotate to non-existent timing check (RECREM (posedge CDN) (COND D_SDFCHK (posedge CP)) (-26) (38)) of instance tb.conv.\registers_reg[7][17]  of module DFCNQD1BWP30P140 <../sintese/results/gate_level/conv_analysis_view_0p90v_25c_captyp_nominal.sdf, line 524364>.
xmelab: *W,SDFNET: Unable to annotate to non-existent timing check (RECREM (posedge CDN) (COND D_SDFCHK (posedge CP)) (-26) (38)) of instance tb.conv.\registers_reg[7][18]  of module DFCNQD1BWP30P140 <../sintese/results/gate_level/conv_analysis_view_0p90v_25c_captyp_nominal.sdf, line 524385>.
xmelab: *W,SDFNET: Unable to annotate to non-existent timing check (RECREM (posedge CDN) (COND D_SDFCHK (posedge CP)) (-26) (38)) of instance tb.conv.\registers_reg[7][19]  of module DFCNQD1BWP30P140 <../sintese/results/gate_level/conv_analysis_view_0p90v_25c_captyp_nominal.sdf, line 524406>.
xmelab: *W,SDFNET: Unable to annotate to non-existent timing check (RECREM (posedge CDN) (COND D_SDFCHK (posedge CP)) (-26) (38)) of instance tb.conv.\registers_reg[8][0]  of module DFCNQD1BWP30P140 <../sintese/results/gate_level/conv_analysis_view_0p90v_25c_captyp_nominal.sdf, line 524427>.
xmelab: *W,SDFNET: Unable to annotate to non-existent timing check (RECREM (posedge CDN) (COND D_SDFCHK (posedge CP)) (-26) (38)) of instance tb.conv.\registers_reg[8][1]  of module DFCNQD1BWP30P140 <../sintese/results/gate_level/conv_analysis_view_0p90v_25c_captyp_nominal.sdf, line 524448>.
xmelab: *W,SDFNET: Unable to annotate to non-existent timing check (RECREM (posedge CDN) (COND D_SDFCHK (posedge CP)) (-26) (38)) of instance tb.conv.\registers_reg[8][2]  of module DFCNQD1BWP30P140 <../sintese/results/gate_level/conv_analysis_view_0p90v_25c_captyp_nominal.sdf, line 524469>.
xmelab: *W,SDFNET: Unable to annotate to non-existent timing check (RECREM (posedge CDN) (COND D_SDFCHK (posedge CP)) (-26) (38)) of instance tb.conv.\registers_reg[8][3]  of module DFCNQD1BWP30P140 <../sintese/results/gate_level/conv_analysis_view_0p90v_25c_captyp_nominal.sdf, line 524490>.
xmelab: *W,SDFNET: Unable to annotate to non-existent timing check (RECREM (posedge CDN) (COND D_SDFCHK (posedge CP)) (-26) (38)) of instance tb.conv.\registers_reg[8][4]  of module DFCNQD1BWP30P140 <../sintese/results/gate_level/conv_analysis_view_0p90v_25c_captyp_nominal.sdf, line 524511>.
xmelab: *W,SDFNET: Unable to annotate to non-existent timing check (RECREM (posedge CDN) (COND D_SDFCHK (posedge CP)) (-26) (38)) of instance tb.conv.\registers_reg[8][5]  of module DFCNQD1BWP30P140 <../sintese/results/gate_level/conv_analysis_view_0p90v_25c_captyp_nominal.sdf, line 524532>.
xmelab: *W,SDFNET: Unable to annotate to non-existent timing check (RECREM (posedge CDN) (COND D_SDFCHK (posedge CP)) (-26) (38)) of instance tb.conv.\registers_reg[8][6]  of module DFCNQD1BWP30P140 <../sintese/results/gate_level/conv_analysis_view_0p90v_25c_captyp_nominal.sdf, line 524553>.
xmelab: *W,SDFNET: Unable to annotate to non-existent timing check (RECREM (posedge CDN) (COND D_SDFCHK (posedge CP)) (-26) (38)) of instance tb.conv.\registers_reg[8][7]  of module DFCNQD1BWP30P140 <../sintese/results/gate_level/conv_analysis_view_0p90v_25c_captyp_nominal.sdf, line 524574>.
xmelab: *W,SDFNET: Unable to annotate to non-existent timing check (RECREM (posedge CDN) (COND D_SDFCHK (posedge CP)) (-26) (38)) of instance tb.conv.\registers_reg[8][8]  of module DFCNQD1BWP30P140 <../sintese/results/gate_level/conv_analysis_view_0p90v_25c_captyp_nominal.sdf, line 524595>.
xmelab: *W,SDFNET: Unable to annotate to non-existent timing check (RECREM (posedge CDN) (COND D_SDFCHK (posedge CP)) (-26) (38)) of instance tb.conv.\registers_reg[8][9]  of module DFCNQD1BWP30P140 <../sintese/results/gate_level/conv_analysis_view_0p90v_25c_captyp_nominal.sdf, line 524616>.
xmelab: *W,SDFNET: Unable to annotate to non-existent timing check (RECREM (posedge CDN) (COND D_SDFCHK (posedge CP)) (-26) (38)) of instance tb.conv.\registers_reg[8][10]  of module DFCNQD1BWP30P140 <../sintese/results/gate_level/conv_analysis_view_0p90v_25c_captyp_nominal.sdf, line 524637>.
xmelab: *W,SDFNET: Unable to annotate to non-existent timing check (RECREM (posedge CDN) (COND D_SDFCHK (posedge CP)) (-26) (38)) of instance tb.conv.\registers_reg[8][11]  of module DFCNQD1BWP30P140 <../sintese/results/gate_level/conv_analysis_view_0p90v_25c_captyp_nominal.sdf, line 524658>.
xmelab: *W,SDFNET: Unable to annotate to non-existent timing check (RECREM (posedge CDN) (COND D_SDFCHK (posedge CP)) (-26) (38)) of instance tb.conv.\registers_reg[8][12]  of module DFCNQD1BWP30P140 <../sintese/results/gate_level/conv_analysis_view_0p90v_25c_captyp_nominal.sdf, line 524679>.
xmelab: *W,SDFNET: Unable to annotate to non-existent timing check (RECREM (posedge CDN) (COND D_SDFCHK (posedge CP)) (-26) (38)) of instance tb.conv.\registers_reg[8][13]  of module DFCNQD1BWP30P140 <../sintese/results/gate_level/conv_analysis_view_0p90v_25c_captyp_nominal.sdf, line 524700>.
xmelab: *W,SDFNET: Unable to annotate to non-existent timing check (RECREM (posedge CDN) (COND D_SDFCHK (posedge CP)) (-26) (38)) of instance tb.conv.\registers_reg[8][14]  of module DFCNQD1BWP30P140 <../sintese/results/gate_level/conv_analysis_view_0p90v_25c_captyp_nominal.sdf, line 524721>.
xmelab: *W,SDFNET: Unable to annotate to non-existent timing check (RECREM (posedge CDN) (COND D_SDFCHK (posedge CP)) (-26) (38)) of instance tb.conv.\registers_reg[8][15]  of module DFCNQD1BWP30P140 <../sintese/results/gate_level/conv_analysis_view_0p90v_25c_captyp_nominal.sdf, line 524742>.
xmelab: *W,SDFNET: Unable to annotate to non-existent timing check (RECREM (posedge CDN) (COND D_SDFCHK (posedge CP)) (-26) (38)) of instance tb.conv.\registers_reg[8][16]  of module DFCNQD1BWP30P140 <../sintese/results/gate_level/conv_analysis_view_0p90v_25c_captyp_nominal.sdf, line 524763>.
xmelab: *W,SDFNET: Unable to annotate to non-existent timing check (RECREM (posedge CDN) (COND D_SDFCHK (posedge CP)) (-26) (38)) of instance tb.conv.\registers_reg[8][17]  of module DFCNQD1BWP30P140 <../sintese/results/gate_level/conv_analysis_view_0p90v_25c_captyp_nominal.sdf, line 524784>.
xmelab: *W,SDFNET: Unable to annotate to non-existent timing check (RECREM (posedge CDN) (COND D_SDFCHK (posedge CP)) (-26) (38)) of instance tb.conv.\registers_reg[8][18]  of module DFCNQD1BWP30P140 <../sintese/results/gate_level/conv_analysis_view_0p90v_25c_captyp_nominal.sdf, line 524805>.
xmelab: *W,SDFNET: Unable to annotate to non-existent timing check (RECREM (posedge CDN) (COND D_SDFCHK (posedge CP)) (-26) (38)) of instance tb.conv.\registers_reg[8][19]  of module DFCNQD1BWP30P140 <../sintese/results/gate_level/conv_analysis_view_0p90v_25c_captyp_nominal.sdf, line 524826>.
xmelab: *W,SDFNET: Unable to annotate to non-existent timing check (RECREM (posedge CDN) (COND D_E_SDFCHK (posedge CP)) (-19) (30)) of instance tb.conv.\registers_reg[9][0]  of module EDFCNQD1BWP30P140 <../sintese/results/gate_level/conv_analysis_view_0p90v_25c_captyp_nominal.sdf, line 524852>.
xmelab: *W,SDFNET: Unable to annotate to non-existent timing check (RECREM (posedge CDN) (COND D_E_SDFCHK (posedge CP)) (-19) (30)) of instance tb.conv.\registers_reg[9][1]  of module EDFCNQD1BWP30P140 <../sintese/results/gate_level/conv_analysis_view_0p90v_25c_captyp_nominal.sdf, line 524882>.
xmelab: *W,SDFNET: Unable to annotate to non-existent timing check (RECREM (posedge CDN) (COND D_E_SDFCHK (posedge CP)) (-19) (30)) of instance tb.conv.\registers_reg[9][2]  of module EDFCNQD1BWP30P140 <../sintese/results/gate_level/conv_analysis_view_0p90v_25c_captyp_nominal.sdf, line 524912>.
xmelab: *W,SDFNET: Unable to annotate to non-existent timing check (RECREM (posedge CDN) (COND D_E_SDFCHK (posedge CP)) (-19) (30)) of instance tb.conv.\registers_reg[9][3]  of module EDFCNQD1BWP30P140 <../sintese/results/gate_level/conv_analysis_view_0p90v_25c_captyp_nominal.sdf, line 524942>.
xmelab: *W,SDFNET: Unable to annotate to non-existent timing check (RECREM (posedge CDN) (COND D_E_SDFCHK (posedge CP)) (-19) (30)) of instance tb.conv.\registers_reg[9][4]  of module EDFCNQD1BWP30P140 <../sintese/results/gate_level/conv_analysis_view_0p90v_25c_captyp_nominal.sdf, line 524972>.
xmelab: *W,SDFNET: Unable to annotate to non-existent timing check (RECREM (posedge CDN) (COND D_E_SDFCHK (posedge CP)) (-19) (30)) of instance tb.conv.\registers_reg[9][5]  of module EDFCNQD1BWP30P140 <../sintese/results/gate_level/conv_analysis_view_0p90v_25c_captyp_nominal.sdf, line 525002>.
xmelab: *W,SDFNET: Unable to annotate to non-existent timing check (RECREM (posedge CDN) (COND D_E_SDFCHK (posedge CP)) (-19) (30)) of instance tb.conv.\registers_reg[9][6]  of module EDFCNQD1BWP30P140 <../sintese/results/gate_level/conv_analysis_view_0p90v_25c_captyp_nominal.sdf, line 525032>.
xmelab: *W,SDFNET: Unable to annotate to non-existent timing check (RECREM (posedge CDN) (COND D_E_SDFCHK (posedge CP)) (-19) (30)) of instance tb.conv.\registers_reg[9][7]  of module EDFCNQD1BWP30P140 <../sintese/results/gate_level/conv_analysis_view_0p90v_25c_captyp_nominal.sdf, line 525062>.
xmelab: *W,SDFNET: Unable to annotate to non-existent timing check (RECREM (posedge CDN) (COND D_E_SDFCHK (posedge CP)) (-19) (30)) of instance tb.conv.\registers_reg[9][8]  of module EDFCNQD1BWP30P140 <../sintese/results/gate_level/conv_analysis_view_0p90v_25c_captyp_nominal.sdf, line 525092>.
xmelab: *W,SDFNET: Unable to annotate to non-existent timing check (RECREM (posedge CDN) (COND D_E_SDFCHK (posedge CP)) (-19) (30)) of instance tb.conv.\registers_reg[9][9]  of module EDFCNQD1BWP30P140 <../sintese/results/gate_level/conv_analysis_view_0p90v_25c_captyp_nominal.sdf, line 525122>.
xmelab: *W,SDFNET: Unable to annotate to non-existent timing check (RECREM (posedge CDN) (COND D_E_SDFCHK (posedge CP)) (-19) (30)) of instance tb.conv.\registers_reg[9][10]  of module EDFCNQD1BWP30P140 <../sintese/results/gate_level/conv_analysis_view_0p90v_25c_captyp_nominal.sdf, line 525152>.
xmelab: *W,SDFNET: Unable to annotate to non-existent timing check (RECREM (posedge CDN) (COND D_E_SDFCHK (posedge CP)) (-19) (30)) of instance tb.conv.\registers_reg[9][11]  of module EDFCNQD1BWP30P140 <../sintese/results/gate_level/conv_analysis_view_0p90v_25c_captyp_nominal.sdf, line 525182>.
xmelab: *W,SDFNET: Unable to annotate to non-existent timing check (RECREM (posedge CDN) (COND D_E_SDFCHK (posedge CP)) (-19) (30)) of instance tb.conv.\registers_reg[9][12]  of module EDFCNQD1BWP30P140 <../sintese/results/gate_level/conv_analysis_view_0p90v_25c_captyp_nominal.sdf, line 525212>.
xmelab: *W,SDFNET: Unable to annotate to non-existent timing check (RECREM (posedge CDN) (COND D_E_SDFCHK (posedge CP)) (-19) (30)) of instance tb.conv.\registers_reg[9][13]  of module EDFCNQD1BWP30P140 <../sintese/results/gate_level/conv_analysis_view_0p90v_25c_captyp_nominal.sdf, line 525242>.
xmelab: *W,SDFNET: Unable to annotate to non-existent timing check (RECREM (posedge CDN) (COND D_E_SDFCHK (posedge CP)) (-19) (30)) of instance tb.conv.\registers_reg[9][14]  of module EDFCNQD1BWP30P140 <../sintese/results/gate_level/conv_analysis_view_0p90v_25c_captyp_nominal.sdf, line 525272>.
xmelab: *W,SDFNET: Unable to annotate to non-existent timing check (RECREM (posedge CDN) (COND D_E_SDFCHK (posedge CP)) (-19) (30)) of instance tb.conv.\registers_reg[9][15]  of module EDFCNQD1BWP30P140 <../sintese/results/gate_level/conv_analysis_view_0p90v_25c_captyp_nominal.sdf, line 525302>.
xmelab: *W,SDFNET: Unable to annotate to non-existent timing check (RECREM (posedge CDN) (COND D_E_SDFCHK (posedge CP)) (-19) (30)) of instance tb.conv.\registers_reg[9][16]  of module EDFCNQD1BWP30P140 <../sintese/results/gate_level/conv_analysis_view_0p90v_25c_captyp_nominal.sdf, line 525332>.
xmelab: *W,SDFNET: Unable to annotate to non-existent timing check (RECREM (posedge CDN) (COND D_E_SDFCHK (posedge CP)) (-19) (30)) of instance tb.conv.\registers_reg[9][17]  of module EDFCNQD1BWP30P140 <../sintese/results/gate_level/conv_analysis_view_0p90v_25c_captyp_nominal.sdf, line 525362>.
xmelab: *W,SDFNET: Unable to annotate to non-existent timing check (RECREM (posedge CDN) (COND D_E_SDFCHK (posedge CP)) (-19) (30)) of instance tb.conv.\registers_reg[9][18]  of module EDFCNQD1BWP30P140 <../sintese/results/gate_level/conv_analysis_view_0p90v_25c_captyp_nominal.sdf, line 525392>.
xmelab: *W,SDFNET: Unable to annotate to non-existent timing check (RECREM (posedge CDN) (COND D_E_SDFCHK (posedge CP)) (-19) (30)) of instance tb.conv.\registers_reg[9][19]  of module EDFCNQD1BWP30P140 <../sintese/results/gate_level/conv_analysis_view_0p90v_25c_captyp_nominal.sdf, line 525422>.
xmelab: *W,SDFNET: Unable to annotate to non-existent timing check (RECREM (posedge CDN) (COND D_E_SDFCHK (posedge CP)) (-19) (30)) of instance tb.conv.\registers_reg[10][0]  of module EDFCNQD1BWP30P140 <../sintese/results/gate_level/conv_analysis_view_0p90v_25c_captyp_nominal.sdf, line 525452>.
xmelab: *W,SDFNET: Unable to annotate to non-existent timing check (RECREM (posedge CDN) (COND D_E_SDFCHK (posedge CP)) (-19) (30)) of instance tb.conv.\registers_reg[10][1]  of module EDFCNQD1BWP30P140 <../sintese/results/gate_level/conv_analysis_view_0p90v_25c_captyp_nominal.sdf, line 525482>.
xmelab: *W,SDFNET: Unable to annotate to non-existent timing check (RECREM (posedge CDN) (COND D_E_SDFCHK (posedge CP)) (-19) (30)) of instance tb.conv.\registers_reg[10][2]  of module EDFCNQD1BWP30P140 <../sintese/results/gate_level/conv_analysis_view_0p90v_25c_captyp_nominal.sdf, line 525512>.
xmelab: *W,SDFNET: Unable to annotate to non-existent timing check (RECREM (posedge CDN) (COND D_E_SDFCHK (posedge CP)) (-19) (30)) of instance tb.conv.\registers_reg[10][3]  of module EDFCNQD1BWP30P140 <../sintese/results/gate_level/conv_analysis_view_0p90v_25c_captyp_nominal.sdf, line 525542>.
xmelab: *W,SDFNET: Unable to annotate to non-existent timing check (RECREM (posedge CDN) (COND D_E_SDFCHK (posedge CP)) (-19) (30)) of instance tb.conv.\registers_reg[10][4]  of module EDFCNQD1BWP30P140 <../sintese/results/gate_level/conv_analysis_view_0p90v_25c_captyp_nominal.sdf, line 525572>.
xmelab: *W,SDFNET: Unable to annotate to non-existent timing check (RECREM (posedge CDN) (COND D_E_SDFCHK (posedge CP)) (-19) (30)) of instance tb.conv.\registers_reg[10][5]  of module EDFCNQD1BWP30P140 <../sintese/results/gate_level/conv_analysis_view_0p90v_25c_captyp_nominal.sdf, line 525602>.
xmelab: *W,SDFNET: Unable to annotate to non-existent timing check (RECREM (posedge CDN) (COND D_E_SDFCHK (posedge CP)) (-19) (30)) of instance tb.conv.\registers_reg[10][6]  of module EDFCNQD1BWP30P140 <../sintese/results/gate_level/conv_analysis_view_0p90v_25c_captyp_nominal.sdf, line 525632>.
xmelab: *W,SDFNET: Unable to annotate to non-existent timing check (RECREM (posedge CDN) (COND D_E_SDFCHK (posedge CP)) (-19) (30)) of instance tb.conv.\registers_reg[10][7]  of module EDFCNQD1BWP30P140 <../sintese/results/gate_level/conv_analysis_view_0p90v_25c_captyp_nominal.sdf, line 525662>.
xmelab: *W,SDFNET: Unable to annotate to non-existent timing check (RECREM (posedge CDN) (COND D_E_SDFCHK (posedge CP)) (-19) (30)) of instance tb.conv.\registers_reg[10][8]  of module EDFCNQD1BWP30P140 <../sintese/results/gate_level/conv_analysis_view_0p90v_25c_captyp_nominal.sdf, line 525692>.
xmelab: *W,SDFNET: Unable to annotate to non-existent timing check (RECREM (posedge CDN) (COND D_E_SDFCHK (posedge CP)) (-19) (30)) of instance tb.conv.\registers_reg[10][9]  of module EDFCNQD1BWP30P140 <../sintese/results/gate_level/conv_analysis_view_0p90v_25c_captyp_nominal.sdf, line 525722>.
xmelab: *W,SDFNET: Unable to annotate to non-existent timing check (RECREM (posedge CDN) (COND D_E_SDFCHK (posedge CP)) (-19) (30)) of instance tb.conv.\registers_reg[10][10]  of module EDFCNQD1BWP30P140 <../sintese/results/gate_level/conv_analysis_view_0p90v_25c_captyp_nominal.sdf, line 525752>.
xmelab: *W,SDFNET: Unable to annotate to non-existent timing check (RECREM (posedge CDN) (COND D_E_SDFCHK (posedge CP)) (-19) (30)) of instance tb.conv.\registers_reg[10][11]  of module EDFCNQD1BWP30P140 <../sintese/results/gate_level/conv_analysis_view_0p90v_25c_captyp_nominal.sdf, line 525782>.
xmelab: *W,SDFNET: Unable to annotate to non-existent timing check (RECREM (posedge CDN) (COND D_E_SDFCHK (posedge CP)) (-19) (30)) of instance tb.conv.\registers_reg[10][12]  of module EDFCNQD1BWP30P140 <../sintese/results/gate_level/conv_analysis_view_0p90v_25c_captyp_nominal.sdf, line 525812>.
xmelab: *W,SDFNET: Unable to annotate to non-existent timing check (RECREM (posedge CDN) (COND D_E_SDFCHK (posedge CP)) (-19) (30)) of instance tb.conv.\registers_reg[10][13]  of module EDFCNQD1BWP30P140 <../sintese/results/gate_level/conv_analysis_view_0p90v_25c_captyp_nominal.sdf, line 525842>.
xmelab: *W,SDFNET: Unable to annotate to non-existent timing check (RECREM (posedge CDN) (COND D_E_SDFCHK (posedge CP)) (-19) (30)) of instance tb.conv.\registers_reg[10][14]  of module EDFCNQD1BWP30P140 <../sintese/results/gate_level/conv_analysis_view_0p90v_25c_captyp_nominal.sdf, line 525872>.
xmelab: *W,SDFNET: Unable to annotate to non-existent timing check (RECREM (posedge CDN) (COND D_E_SDFCHK (posedge CP)) (-19) (30)) of instance tb.conv.\registers_reg[10][15]  of module EDFCNQD1BWP30P140 <../sintese/results/gate_level/conv_analysis_view_0p90v_25c_captyp_nominal.sdf, line 525902>.
xmelab: *W,SDFNET: Unable to annotate to non-existent timing check (RECREM (posedge CDN) (COND D_E_SDFCHK (posedge CP)) (-19) (30)) of instance tb.conv.\registers_reg[10][16]  of module EDFCNQD1BWP30P140 <../sintese/results/gate_level/conv_analysis_view_0p90v_25c_captyp_nominal.sdf, line 525932>.
xmelab: *W,SDFNET: Unable to annotate to non-existent timing check (RECREM (posedge CDN) (COND D_E_SDFCHK (posedge CP)) (-19) (30)) of instance tb.conv.\registers_reg[10][17]  of module EDFCNQD1BWP30P140 <../sintese/results/gate_level/conv_analysis_view_0p90v_25c_captyp_nominal.sdf, line 525962>.
xmelab: *W,SDFNET: Unable to annotate to non-existent timing check (RECREM (posedge CDN) (COND D_E_SDFCHK (posedge CP)) (-19) (30)) of instance tb.conv.\registers_reg[10][18]  of module EDFCNQD1BWP30P140 <../sintese/results/gate_level/conv_analysis_view_0p90v_25c_captyp_nominal.sdf, line 525992>.
xmelab: *W,SDFNET: Unable to annotate to non-existent timing check (RECREM (posedge CDN) (COND D_E_SDFCHK (posedge CP)) (-19) (30)) of instance tb.conv.\registers_reg[10][19]  of module EDFCNQD1BWP30P140 <../sintese/results/gate_level/conv_analysis_view_0p90v_25c_captyp_nominal.sdf, line 526022>.
xmelab: *W,SDFNET: Unable to annotate to non-existent timing check (RECREM (posedge CDN) (COND D_E_SDFCHK (posedge CP)) (-19) (30)) of instance tb.conv.\registers_reg[11][0]  of module EDFCNQD1BWP30P140 <../sintese/results/gate_level/conv_analysis_view_0p90v_25c_captyp_nominal.sdf, line 526052>.
xmelab: *W,SDFNET: Unable to annotate to non-existent timing check (RECREM (posedge CDN) (COND D_E_SDFCHK (posedge CP)) (-19) (30)) of instance tb.conv.\registers_reg[11][1]  of module EDFCNQD1BWP30P140 <../sintese/results/gate_level/conv_analysis_view_0p90v_25c_captyp_nominal.sdf, line 526082>.
xmelab: *W,SDFNET: Unable to annotate to non-existent timing check (RECREM (posedge CDN) (COND D_E_SDFCHK (posedge CP)) (-19) (30)) of instance tb.conv.\registers_reg[11][2]  of module EDFCNQD1BWP30P140 <../sintese/results/gate_level/conv_analysis_view_0p90v_25c_captyp_nominal.sdf, line 526112>.
xmelab: *W,SDFNET: Unable to annotate to non-existent timing check (RECREM (posedge CDN) (COND D_E_SDFCHK (posedge CP)) (-19) (30)) of instance tb.conv.\registers_reg[11][3]  of module EDFCNQD1BWP30P140 <../sintese/results/gate_level/conv_analysis_view_0p90v_25c_captyp_nominal.sdf, line 526142>.
xmelab: *W,SDFNET: Unable to annotate to non-existent timing check (RECREM (posedge CDN) (COND D_E_SDFCHK (posedge CP)) (-19) (30)) of instance tb.conv.\registers_reg[11][4]  of module EDFCNQD1BWP30P140 <../sintese/results/gate_level/conv_analysis_view_0p90v_25c_captyp_nominal.sdf, line 526172>.
xmelab: *W,SDFNET: Unable to annotate to non-existent timing check (RECREM (posedge CDN) (COND D_E_SDFCHK (posedge CP)) (-19) (30)) of instance tb.conv.\registers_reg[11][5]  of module EDFCNQD1BWP30P140 <../sintese/results/gate_level/conv_analysis_view_0p90v_25c_captyp_nominal.sdf, line 526202>.
xmelab: *W,SDFNET: Unable to annotate to non-existent timing check (RECREM (posedge CDN) (COND D_E_SDFCHK (posedge CP)) (-19) (30)) of instance tb.conv.\registers_reg[11][6]  of module EDFCNQD1BWP30P140 <../sintese/results/gate_level/conv_analysis_view_0p90v_25c_captyp_nominal.sdf, line 526232>.
xmelab: *W,SDFNET: Unable to annotate to non-existent timing check (RECREM (posedge CDN) (COND D_E_SDFCHK (posedge CP)) (-19) (30)) of instance tb.conv.\registers_reg[11][7]  of module EDFCNQD1BWP30P140 <../sintese/results/gate_level/conv_analysis_view_0p90v_25c_captyp_nominal.sdf, line 526262>.
xmelab: *W,SDFNET: Unable to annotate to non-existent timing check (RECREM (posedge CDN) (COND D_E_SDFCHK (posedge CP)) (-19) (30)) of instance tb.conv.\registers_reg[11][8]  of module EDFCNQD1BWP30P140 <../sintese/results/gate_level/conv_analysis_view_0p90v_25c_captyp_nominal.sdf, line 526292>.
xmelab: *W,SDFNET: Unable to annotate to non-existent timing check (RECREM (posedge CDN) (COND D_E_SDFCHK (posedge CP)) (-19) (30)) of instance tb.conv.\registers_reg[11][9]  of module EDFCNQD1BWP30P140 <../sintese/results/gate_level/conv_analysis_view_0p90v_25c_captyp_nominal.sdf, line 526322>.
xmelab: *W,SDFNET: Unable to annotate to non-existent timing check (RECREM (posedge CDN) (COND D_E_SDFCHK (posedge CP)) (-19) (30)) of instance tb.conv.\registers_reg[11][10]  of module EDFCNQD1BWP30P140 <../sintese/results/gate_level/conv_analysis_view_0p90v_25c_captyp_nominal.sdf, line 526352>.
xmelab: *W,SDFNET: Unable to annotate to non-existent timing check (RECREM (posedge CDN) (COND D_E_SDFCHK (posedge CP)) (-19) (30)) of instance tb.conv.\registers_reg[11][11]  of module EDFCNQD1BWP30P140 <../sintese/results/gate_level/conv_analysis_view_0p90v_25c_captyp_nominal.sdf, line 526382>.
xmelab: *W,SDFNET: Unable to annotate to non-existent timing check (RECREM (posedge CDN) (COND D_E_SDFCHK (posedge CP)) (-19) (30)) of instance tb.conv.\registers_reg[11][12]  of module EDFCNQD1BWP30P140 <../sintese/results/gate_level/conv_analysis_view_0p90v_25c_captyp_nominal.sdf, line 526412>.
xmelab: *W,SDFNET: Unable to annotate to non-existent timing check (RECREM (posedge CDN) (COND D_E_SDFCHK (posedge CP)) (-19) (30)) of instance tb.conv.\registers_reg[11][13]  of module EDFCNQD1BWP30P140 <../sintese/results/gate_level/conv_analysis_view_0p90v_25c_captyp_nominal.sdf, line 526442>.
xmelab: *W,SDFNET: Unable to annotate to non-existent timing check (RECREM (posedge CDN) (COND D_E_SDFCHK (posedge CP)) (-19) (30)) of instance tb.conv.\registers_reg[11][14]  of module EDFCNQD1BWP30P140 <../sintese/results/gate_level/conv_analysis_view_0p90v_25c_captyp_nominal.sdf, line 526472>.
xmelab: *W,SDFNET: Unable to annotate to non-existent timing check (RECREM (posedge CDN) (COND D_E_SDFCHK (posedge CP)) (-19) (30)) of instance tb.conv.\registers_reg[11][15]  of module EDFCNQD1BWP30P140 <../sintese/results/gate_level/conv_analysis_view_0p90v_25c_captyp_nominal.sdf, line 526502>.
xmelab: *W,SDFNET: Unable to annotate to non-existent timing check (RECREM (posedge CDN) (COND D_E_SDFCHK (posedge CP)) (-19) (30)) of instance tb.conv.\registers_reg[11][16]  of module EDFCNQD1BWP30P140 <../sintese/results/gate_level/conv_analysis_view_0p90v_25c_captyp_nominal.sdf, line 526532>.
xmelab: *W,SDFNET: Unable to annotate to non-existent timing check (RECREM (posedge CDN) (COND D_E_SDFCHK (posedge CP)) (-19) (30)) of instance tb.conv.\registers_reg[11][17]  of module EDFCNQD1BWP30P140 <../sintese/results/gate_level/conv_analysis_view_0p90v_25c_captyp_nominal.sdf, line 526562>.
xmelab: *W,SDFNET: Unable to annotate to non-existent timing check (RECREM (posedge CDN) (COND D_E_SDFCHK (posedge CP)) (-19) (30)) of instance tb.conv.\registers_reg[11][18]  of module EDFCNQD1BWP30P140 <../sintese/results/gate_level/conv_analysis_view_0p90v_25c_captyp_nominal.sdf, line 526592>.
xmelab: *W,SDFNET: Unable to annotate to non-existent timing check (RECREM (posedge CDN) (COND D_E_SDFCHK (posedge CP)) (-19) (30)) of instance tb.conv.\registers_reg[11][19]  of module EDFCNQD1BWP30P140 <../sintese/results/gate_level/conv_analysis_view_0p90v_25c_captyp_nominal.sdf, line 526622>.
xmelab: *W,SDFNET: Unable to annotate to non-existent timing check (RECREM (posedge CDN) (COND D_E_SDFCHK (posedge CP)) (-19) (30)) of instance tb.conv.\registers_reg[12][0]  of module EDFCNQD1BWP30P140 <../sintese/results/gate_level/conv_analysis_view_0p90v_25c_captyp_nominal.sdf, line 526652>.
xmelab: *W,SDFNET: Unable to annotate to non-existent timing check (RECREM (posedge CDN) (COND D_E_SDFCHK (posedge CP)) (-19) (30)) of instance tb.conv.\registers_reg[12][1]  of module EDFCNQD1BWP30P140 <../sintese/results/gate_level/conv_analysis_view_0p90v_25c_captyp_nominal.sdf, line 526682>.
xmelab: *W,SDFNET: Unable to annotate to non-existent timing check (RECREM (posedge CDN) (COND D_E_SDFCHK (posedge CP)) (-19) (30)) of instance tb.conv.\registers_reg[12][2]  of module EDFCNQD1BWP30P140 <../sintese/results/gate_level/conv_analysis_view_0p90v_25c_captyp_nominal.sdf, line 526712>.
xmelab: *W,SDFNET: Unable to annotate to non-existent timing check (RECREM (posedge CDN) (COND D_E_SDFCHK (posedge CP)) (-19) (30)) of instance tb.conv.\registers_reg[12][3]  of module EDFCNQD1BWP30P140 <../sintese/results/gate_level/conv_analysis_view_0p90v_25c_captyp_nominal.sdf, line 526742>.
xmelab: *W,SDFNET: Unable to annotate to non-existent timing check (RECREM (posedge CDN) (COND D_E_SDFCHK (posedge CP)) (-19) (30)) of instance tb.conv.\registers_reg[12][4]  of module EDFCNQD1BWP30P140 <../sintese/results/gate_level/conv_analysis_view_0p90v_25c_captyp_nominal.sdf, line 526772>.
xmelab: *W,SDFNET: Unable to annotate to non-existent timing check (RECREM (posedge CDN) (COND D_E_SDFCHK (posedge CP)) (-19) (30)) of instance tb.conv.\registers_reg[12][5]  of module EDFCNQD1BWP30P140 <../sintese/results/gate_level/conv_analysis_view_0p90v_25c_captyp_nominal.sdf, line 526802>.
xmelab: *W,SDFNET: Unable to annotate to non-existent timing check (RECREM (posedge CDN) (COND D_E_SDFCHK (posedge CP)) (-19) (30)) of instance tb.conv.\registers_reg[12][6]  of module EDFCNQD1BWP30P140 <../sintese/results/gate_level/conv_analysis_view_0p90v_25c_captyp_nominal.sdf, line 526832>.
xmelab: *W,SDFNET: Unable to annotate to non-existent timing check (RECREM (posedge CDN) (COND D_E_SDFCHK (posedge CP)) (-19) (30)) of instance tb.conv.\registers_reg[12][7]  of module EDFCNQD1BWP30P140 <../sintese/results/gate_level/conv_analysis_view_0p90v_25c_captyp_nominal.sdf, line 526862>.
xmelab: *W,SDFNET: Unable to annotate to non-existent timing check (RECREM (posedge CDN) (COND D_E_SDFCHK (posedge CP)) (-19) (30)) of instance tb.conv.\registers_reg[12][8]  of module EDFCNQD1BWP30P140 <../sintese/results/gate_level/conv_analysis_view_0p90v_25c_captyp_nominal.sdf, line 526892>.
xmelab: *W,SDFNET: Unable to annotate to non-existent timing check (RECREM (posedge CDN) (COND D_E_SDFCHK (posedge CP)) (-19) (30)) of instance tb.conv.\registers_reg[12][9]  of module EDFCNQD1BWP30P140 <../sintese/results/gate_level/conv_analysis_view_0p90v_25c_captyp_nominal.sdf, line 526922>.
xmelab: *W,SDFNET: Unable to annotate to non-existent timing check (RECREM (posedge CDN) (COND D_E_SDFCHK (posedge CP)) (-19) (30)) of instance tb.conv.\registers_reg[12][10]  of module EDFCNQD1BWP30P140 <../sintese/results/gate_level/conv_analysis_view_0p90v_25c_captyp_nominal.sdf, line 526952>.
xmelab: *W,SDFNET: Unable to annotate to non-existent timing check (RECREM (posedge CDN) (COND D_E_SDFCHK (posedge CP)) (-19) (30)) of instance tb.conv.\registers_reg[12][11]  of module EDFCNQD1BWP30P140 <../sintese/results/gate_level/conv_analysis_view_0p90v_25c_captyp_nominal.sdf, line 526982>.
xmelab: *W,SDFNET: Unable to annotate to non-existent timing check (RECREM (posedge CDN) (COND D_E_SDFCHK (posedge CP)) (-19) (30)) of instance tb.conv.\registers_reg[12][12]  of module EDFCNQD1BWP30P140 <../sintese/results/gate_level/conv_analysis_view_0p90v_25c_captyp_nominal.sdf, line 527012>.
xmelab: *W,SDFNET: Unable to annotate to non-existent timing check (RECREM (posedge CDN) (COND D_E_SDFCHK (posedge CP)) (-19) (30)) of instance tb.conv.\registers_reg[12][13]  of module EDFCNQD1BWP30P140 <../sintese/results/gate_level/conv_analysis_view_0p90v_25c_captyp_nominal.sdf, line 527042>.
xmelab: *W,SDFNET: Unable to annotate to non-existent timing check (RECREM (posedge CDN) (COND D_E_SDFCHK (posedge CP)) (-19) (30)) of instance tb.conv.\registers_reg[12][14]  of module EDFCNQD1BWP30P140 <../sintese/results/gate_level/conv_analysis_view_0p90v_25c_captyp_nominal.sdf, line 527072>.
xmelab: *W,SDFNET: Unable to annotate to non-existent timing check (RECREM (posedge CDN) (COND D_E_SDFCHK (posedge CP)) (-19) (30)) of instance tb.conv.\registers_reg[12][15]  of module EDFCNQD1BWP30P140 <../sintese/results/gate_level/conv_analysis_view_0p90v_25c_captyp_nominal.sdf, line 527102>.
xmelab: *W,SDFNET: Unable to annotate to non-existent timing check (RECREM (posedge CDN) (COND D_E_SDFCHK (posedge CP)) (-19) (30)) of instance tb.conv.\registers_reg[12][16]  of module EDFCNQD1BWP30P140 <../sintese/results/gate_level/conv_analysis_view_0p90v_25c_captyp_nominal.sdf, line 527132>.
xmelab: *W,SDFNET: Unable to annotate to non-existent timing check (RECREM (posedge CDN) (COND D_E_SDFCHK (posedge CP)) (-19) (30)) of instance tb.conv.\registers_reg[12][17]  of module EDFCNQD1BWP30P140 <../sintese/results/gate_level/conv_analysis_view_0p90v_25c_captyp_nominal.sdf, line 527162>.
xmelab: *W,SDFNET: Unable to annotate to non-existent timing check (RECREM (posedge CDN) (COND D_E_SDFCHK (posedge CP)) (-19) (30)) of instance tb.conv.\registers_reg[12][18]  of module EDFCNQD1BWP30P140 <../sintese/results/gate_level/conv_analysis_view_0p90v_25c_captyp_nominal.sdf, line 527192>.
xmelab: *W,SDFNET: Unable to annotate to non-existent timing check (RECREM (posedge CDN) (COND D_E_SDFCHK (posedge CP)) (-19) (30)) of instance tb.conv.\registers_reg[12][19]  of module EDFCNQD1BWP30P140 <../sintese/results/gate_level/conv_analysis_view_0p90v_25c_captyp_nominal.sdf, line 527222>.
xmelab: *W,SDFNET: Unable to annotate to non-existent timing check (RECREM (posedge CDN) (COND D_E_SDFCHK (posedge CP)) (-19) (30)) of instance tb.conv.\registers_reg[13][0]  of module EDFCNQD1BWP30P140 <../sintese/results/gate_level/conv_analysis_view_0p90v_25c_captyp_nominal.sdf, line 527252>.
xmelab: *W,SDFNET: Unable to annotate to non-existent timing check (RECREM (posedge CDN) (COND D_E_SDFCHK (posedge CP)) (-19) (30)) of instance tb.conv.\registers_reg[13][1]  of module EDFCNQD1BWP30P140 <../sintese/results/gate_level/conv_analysis_view_0p90v_25c_captyp_nominal.sdf, line 527282>.
xmelab: *W,SDFNET: Unable to annotate to non-existent timing check (RECREM (posedge CDN) (COND D_E_SDFCHK (posedge CP)) (-19) (30)) of instance tb.conv.\registers_reg[13][2]  of module EDFCNQD1BWP30P140 <../sintese/results/gate_level/conv_analysis_view_0p90v_25c_captyp_nominal.sdf, line 527312>.
xmelab: *W,SDFNET: Unable to annotate to non-existent timing check (RECREM (posedge CDN) (COND D_E_SDFCHK (posedge CP)) (-19) (30)) of instance tb.conv.\registers_reg[13][3]  of module EDFCNQD1BWP30P140 <../sintese/results/gate_level/conv_analysis_view_0p90v_25c_captyp_nominal.sdf, line 527342>.
xmelab: *W,SDFNET: Unable to annotate to non-existent timing check (RECREM (posedge CDN) (COND D_E_SDFCHK (posedge CP)) (-19) (30)) of instance tb.conv.\registers_reg[13][4]  of module EDFCNQD1BWP30P140 <../sintese/results/gate_level/conv_analysis_view_0p90v_25c_captyp_nominal.sdf, line 527372>.
xmelab: *W,SDFNET: Unable to annotate to non-existent timing check (RECREM (posedge CDN) (COND D_E_SDFCHK (posedge CP)) (-19) (30)) of instance tb.conv.\registers_reg[13][5]  of module EDFCNQD1BWP30P140 <../sintese/results/gate_level/conv_analysis_view_0p90v_25c_captyp_nominal.sdf, line 527402>.
xmelab: *W,SDFNET: Unable to annotate to non-existent timing check (RECREM (posedge CDN) (COND D_E_SDFCHK (posedge CP)) (-19) (30)) of instance tb.conv.\registers_reg[13][6]  of module EDFCNQD1BWP30P140 <../sintese/results/gate_level/conv_analysis_view_0p90v_25c_captyp_nominal.sdf, line 527432>.
xmelab: *W,SDFNET: Unable to annotate to non-existent timing check (RECREM (posedge CDN) (COND D_E_SDFCHK (posedge CP)) (-19) (30)) of instance tb.conv.\registers_reg[13][7]  of module EDFCNQD1BWP30P140 <../sintese/results/gate_level/conv_analysis_view_0p90v_25c_captyp_nominal.sdf, line 527462>.
xmelab: *W,SDFNET: Unable to annotate to non-existent timing check (RECREM (posedge CDN) (COND D_E_SDFCHK (posedge CP)) (-19) (30)) of instance tb.conv.\registers_reg[13][8]  of module EDFCNQD1BWP30P140 <../sintese/results/gate_level/conv_analysis_view_0p90v_25c_captyp_nominal.sdf, line 527492>.
xmelab: *W,SDFNET: Unable to annotate to non-existent timing check (RECREM (posedge CDN) (COND D_E_SDFCHK (posedge CP)) (-19) (30)) of instance tb.conv.\registers_reg[13][9]  of module EDFCNQD1BWP30P140 <../sintese/results/gate_level/conv_analysis_view_0p90v_25c_captyp_nominal.sdf, line 527522>.
xmelab: *W,SDFNET: Unable to annotate to non-existent timing check (RECREM (posedge CDN) (COND D_E_SDFCHK (posedge CP)) (-19) (30)) of instance tb.conv.\registers_reg[13][10]  of module EDFCNQD1BWP30P140 <../sintese/results/gate_level/conv_analysis_view_0p90v_25c_captyp_nominal.sdf, line 527552>.
xmelab: *W,SDFNET: Unable to annotate to non-existent timing check (RECREM (posedge CDN) (COND D_E_SDFCHK (posedge CP)) (-19) (30)) of instance tb.conv.\registers_reg[13][11]  of module EDFCNQD1BWP30P140 <../sintese/results/gate_level/conv_analysis_view_0p90v_25c_captyp_nominal.sdf, line 527582>.
xmelab: *W,SDFNET: Unable to annotate to non-existent timing check (RECREM (posedge CDN) (COND D_E_SDFCHK (posedge CP)) (-19) (30)) of instance tb.conv.\registers_reg[13][12]  of module EDFCNQD1BWP30P140 <../sintese/results/gate_level/conv_analysis_view_0p90v_25c_captyp_nominal.sdf, line 527612>.
xmelab: *W,SDFNET: Unable to annotate to non-existent timing check (RECREM (posedge CDN) (COND D_E_SDFCHK (posedge CP)) (-19) (30)) of instance tb.conv.\registers_reg[13][13]  of module EDFCNQD1BWP30P140 <../sintese/results/gate_level/conv_analysis_view_0p90v_25c_captyp_nominal.sdf, line 527642>.
xmelab: *W,SDFNET: Unable to annotate to non-existent timing check (RECREM (posedge CDN) (COND D_E_SDFCHK (posedge CP)) (-19) (30)) of instance tb.conv.\registers_reg[13][14]  of module EDFCNQD1BWP30P140 <../sintese/results/gate_level/conv_analysis_view_0p90v_25c_captyp_nominal.sdf, line 527672>.
xmelab: *W,SDFNET: Unable to annotate to non-existent timing check (RECREM (posedge CDN) (COND D_E_SDFCHK (posedge CP)) (-19) (30)) of instance tb.conv.\registers_reg[13][15]  of module EDFCNQD1BWP30P140 <../sintese/results/gate_level/conv_analysis_view_0p90v_25c_captyp_nominal.sdf, line 527702>.
xmelab: *W,SDFNET: Unable to annotate to non-existent timing check (RECREM (posedge CDN) (COND D_E_SDFCHK (posedge CP)) (-19) (30)) of instance tb.conv.\registers_reg[13][16]  of module EDFCNQD1BWP30P140 <../sintese/results/gate_level/conv_analysis_view_0p90v_25c_captyp_nominal.sdf, line 527732>.
xmelab: *W,SDFNET: Unable to annotate to non-existent timing check (RECREM (posedge CDN) (COND D_E_SDFCHK (posedge CP)) (-19) (30)) of instance tb.conv.\registers_reg[13][17]  of module EDFCNQD1BWP30P140 <../sintese/results/gate_level/conv_analysis_view_0p90v_25c_captyp_nominal.sdf, line 527762>.
xmelab: *W,SDFNET: Unable to annotate to non-existent timing check (RECREM (posedge CDN) (COND D_E_SDFCHK (posedge CP)) (-19) (30)) of instance tb.conv.\registers_reg[13][18]  of module EDFCNQD1BWP30P140 <../sintese/results/gate_level/conv_analysis_view_0p90v_25c_captyp_nominal.sdf, line 527792>.
xmelab: *W,SDFNET: Unable to annotate to non-existent timing check (RECREM (posedge CDN) (COND D_E_SDFCHK (posedge CP)) (-19) (30)) of instance tb.conv.\registers_reg[13][19]  of module EDFCNQD1BWP30P140 <../sintese/results/gate_level/conv_analysis_view_0p90v_25c_captyp_nominal.sdf, line 527822>.
xmelab: *W,SDFNET: Unable to annotate to non-existent timing check (RECREM (posedge CDN) (COND D_E_SDFCHK (posedge CP)) (-19) (30)) of instance tb.conv.\registers_reg[14][0]  of module EDFCNQD1BWP30P140 <../sintese/results/gate_level/conv_analysis_view_0p90v_25c_captyp_nominal.sdf, line 527852>.
xmelab: *W,SDFNET: Unable to annotate to non-existent timing check (RECREM (posedge CDN) (COND D_E_SDFCHK (posedge CP)) (-19) (30)) of instance tb.conv.\registers_reg[14][1]  of module EDFCNQD1BWP30P140 <../sintese/results/gate_level/conv_analysis_view_0p90v_25c_captyp_nominal.sdf, line 527882>.
xmelab: *W,SDFNET: Unable to annotate to non-existent timing check (RECREM (posedge CDN) (COND D_E_SDFCHK (posedge CP)) (-19) (30)) of instance tb.conv.\registers_reg[14][2]  of module EDFCNQD1BWP30P140 <../sintese/results/gate_level/conv_analysis_view_0p90v_25c_captyp_nominal.sdf, line 527912>.
xmelab: *W,SDFNET: Unable to annotate to non-existent timing check (RECREM (posedge CDN) (COND D_E_SDFCHK (posedge CP)) (-19) (30)) of instance tb.conv.\registers_reg[14][3]  of module EDFCNQD1BWP30P140 <../sintese/results/gate_level/conv_analysis_view_0p90v_25c_captyp_nominal.sdf, line 527942>.
xmelab: *W,SDFNET: Unable to annotate to non-existent timing check (RECREM (posedge CDN) (COND D_E_SDFCHK (posedge CP)) (-19) (30)) of instance tb.conv.\registers_reg[14][4]  of module EDFCNQD1BWP30P140 <../sintese/results/gate_level/conv_analysis_view_0p90v_25c_captyp_nominal.sdf, line 527972>.
xmelab: *W,SDFNET: Unable to annotate to non-existent timing check (RECREM (posedge CDN) (COND D_E_SDFCHK (posedge CP)) (-19) (30)) of instance tb.conv.\registers_reg[14][5]  of module EDFCNQD1BWP30P140 <../sintese/results/gate_level/conv_analysis_view_0p90v_25c_captyp_nominal.sdf, line 528002>.
xmelab: *W,SDFNET: Unable to annotate to non-existent timing check (RECREM (posedge CDN) (COND D_E_SDFCHK (posedge CP)) (-19) (30)) of instance tb.conv.\registers_reg[14][6]  of module EDFCNQD1BWP30P140 <../sintese/results/gate_level/conv_analysis_view_0p90v_25c_captyp_nominal.sdf, line 528032>.
xmelab: *W,SDFNET: Unable to annotate to non-existent timing check (RECREM (posedge CDN) (COND D_E_SDFCHK (posedge CP)) (-19) (30)) of instance tb.conv.\registers_reg[14][7]  of module EDFCNQD1BWP30P140 <../sintese/results/gate_level/conv_analysis_view_0p90v_25c_captyp_nominal.sdf, line 528062>.
xmelab: *W,SDFNET: Unable to annotate to non-existent timing check (RECREM (posedge CDN) (COND D_E_SDFCHK (posedge CP)) (-19) (30)) of instance tb.conv.\registers_reg[14][8]  of module EDFCNQD1BWP30P140 <../sintese/results/gate_level/conv_analysis_view_0p90v_25c_captyp_nominal.sdf, line 528092>.
xmelab: *W,SDFNET: Unable to annotate to non-existent timing check (RECREM (posedge CDN) (COND D_E_SDFCHK (posedge CP)) (-19) (30)) of instance tb.conv.\registers_reg[14][9]  of module EDFCNQD1BWP30P140 <../sintese/results/gate_level/conv_analysis_view_0p90v_25c_captyp_nominal.sdf, line 528122>.
xmelab: *W,SDFNET: Unable to annotate to non-existent timing check (RECREM (posedge CDN) (COND D_E_SDFCHK (posedge CP)) (-19) (30)) of instance tb.conv.\registers_reg[14][10]  of module EDFCNQD1BWP30P140 <../sintese/results/gate_level/conv_analysis_view_0p90v_25c_captyp_nominal.sdf, line 528152>.
xmelab: *W,SDFNET: Unable to annotate to non-existent timing check (RECREM (posedge CDN) (COND D_E_SDFCHK (posedge CP)) (-19) (30)) of instance tb.conv.\registers_reg[14][11]  of module EDFCNQD1BWP30P140 <../sintese/results/gate_level/conv_analysis_view_0p90v_25c_captyp_nominal.sdf, line 528182>.
xmelab: *W,SDFNET: Unable to annotate to non-existent timing check (RECREM (posedge CDN) (COND D_E_SDFCHK (posedge CP)) (-19) (30)) of instance tb.conv.\registers_reg[14][12]  of module EDFCNQD1BWP30P140 <../sintese/results/gate_level/conv_analysis_view_0p90v_25c_captyp_nominal.sdf, line 528212>.
xmelab: *W,SDFNET: Unable to annotate to non-existent timing check (RECREM (posedge CDN) (COND D_E_SDFCHK (posedge CP)) (-19) (30)) of instance tb.conv.\registers_reg[14][13]  of module EDFCNQD1BWP30P140 <../sintese/results/gate_level/conv_analysis_view_0p90v_25c_captyp_nominal.sdf, line 528242>.
xmelab: *W,SDFNET: Unable to annotate to non-existent timing check (RECREM (posedge CDN) (COND D_E_SDFCHK (posedge CP)) (-19) (30)) of instance tb.conv.\registers_reg[14][14]  of module EDFCNQD1BWP30P140 <../sintese/results/gate_level/conv_analysis_view_0p90v_25c_captyp_nominal.sdf, line 528272>.
xmelab: *W,SDFNET: Unable to annotate to non-existent timing check (RECREM (posedge CDN) (COND D_E_SDFCHK (posedge CP)) (-19) (30)) of instance tb.conv.\registers_reg[14][15]  of module EDFCNQD1BWP30P140 <../sintese/results/gate_level/conv_analysis_view_0p90v_25c_captyp_nominal.sdf, line 528302>.
xmelab: *W,SDFNET: Unable to annotate to non-existent timing check (RECREM (posedge CDN) (COND D_E_SDFCHK (posedge CP)) (-19) (30)) of instance tb.conv.\registers_reg[14][16]  of module EDFCNQD1BWP30P140 <../sintese/results/gate_level/conv_analysis_view_0p90v_25c_captyp_nominal.sdf, line 528332>.
xmelab: *W,SDFNET: Unable to annotate to non-existent timing check (RECREM (posedge CDN) (COND D_E_SDFCHK (posedge CP)) (-19) (30)) of instance tb.conv.\registers_reg[14][17]  of module EDFCNQD1BWP30P140 <../sintese/results/gate_level/conv_analysis_view_0p90v_25c_captyp_nominal.sdf, line 528362>.
xmelab: *W,SDFNET: Unable to annotate to non-existent timing check (RECREM (posedge CDN) (COND D_E_SDFCHK (posedge CP)) (-19) (30)) of instance tb.conv.\registers_reg[14][18]  of module EDFCNQD1BWP30P140 <../sintese/results/gate_level/conv_analysis_view_0p90v_25c_captyp_nominal.sdf, line 528392>.
xmelab: *W,SDFNET: Unable to annotate to non-existent timing check (RECREM (posedge CDN) (COND D_E_SDFCHK (posedge CP)) (-19) (30)) of instance tb.conv.\registers_reg[14][19]  of module EDFCNQD1BWP30P140 <../sintese/results/gate_level/conv_analysis_view_0p90v_25c_captyp_nominal.sdf, line 528422>.
xmelab: *W,SDFNET: Unable to annotate to non-existent timing check (RECREM (posedge CDN) (COND D_E_SDFCHK (posedge CP)) (-19) (30)) of instance tb.conv.\registers_reg[15][0]  of module EDFCNQD1BWP30P140 <../sintese/results/gate_level/conv_analysis_view_0p90v_25c_captyp_nominal.sdf, line 528452>.
xmelab: *W,SDFNET: Unable to annotate to non-existent timing check (RECREM (posedge CDN) (COND D_E_SDFCHK (posedge CP)) (-19) (30)) of instance tb.conv.\registers_reg[15][1]  of module EDFCNQD1BWP30P140 <../sintese/results/gate_level/conv_analysis_view_0p90v_25c_captyp_nominal.sdf, line 528482>.
xmelab: *W,SDFNET: Unable to annotate to non-existent timing check (RECREM (posedge CDN) (COND D_E_SDFCHK (posedge CP)) (-19) (30)) of instance tb.conv.\registers_reg[15][2]  of module EDFCNQD1BWP30P140 <../sintese/results/gate_level/conv_analysis_view_0p90v_25c_captyp_nominal.sdf, line 528512>.
xmelab: *W,SDFNET: Unable to annotate to non-existent timing check (RECREM (posedge CDN) (COND D_E_SDFCHK (posedge CP)) (-19) (30)) of instance tb.conv.\registers_reg[15][3]  of module EDFCNQD1BWP30P140 <../sintese/results/gate_level/conv_analysis_view_0p90v_25c_captyp_nominal.sdf, line 528542>.
xmelab: *W,SDFNET: Unable to annotate to non-existent timing check (RECREM (posedge CDN) (COND D_E_SDFCHK (posedge CP)) (-19) (30)) of instance tb.conv.\registers_reg[15][4]  of module EDFCNQD1BWP30P140 <../sintese/results/gate_level/conv_analysis_view_0p90v_25c_captyp_nominal.sdf, line 528572>.
xmelab: *W,SDFNET: Unable to annotate to non-existent timing check (RECREM (posedge CDN) (COND D_E_SDFCHK (posedge CP)) (-19) (30)) of instance tb.conv.\registers_reg[15][5]  of module EDFCNQD1BWP30P140 <../sintese/results/gate_level/conv_analysis_view_0p90v_25c_captyp_nominal.sdf, line 528602>.
xmelab: *W,SDFNET: Unable to annotate to non-existent timing check (RECREM (posedge CDN) (COND D_E_SDFCHK (posedge CP)) (-19) (30)) of instance tb.conv.\registers_reg[15][6]  of module EDFCNQD1BWP30P140 <../sintese/results/gate_level/conv_analysis_view_0p90v_25c_captyp_nominal.sdf, line 528632>.
xmelab: *W,SDFNET: Unable to annotate to non-existent timing check (RECREM (posedge CDN) (COND D_E_SDFCHK (posedge CP)) (-19) (30)) of instance tb.conv.\registers_reg[15][7]  of module EDFCNQD1BWP30P140 <../sintese/results/gate_level/conv_analysis_view_0p90v_25c_captyp_nominal.sdf, line 528662>.
xmelab: *W,SDFNET: Unable to annotate to non-existent timing check (RECREM (posedge CDN) (COND D_E_SDFCHK (posedge CP)) (-19) (30)) of instance tb.conv.\registers_reg[15][8]  of module EDFCNQD1BWP30P140 <../sintese/results/gate_level/conv_analysis_view_0p90v_25c_captyp_nominal.sdf, line 528692>.
xmelab: *W,SDFNET: Unable to annotate to non-existent timing check (RECREM (posedge CDN) (COND D_E_SDFCHK (posedge CP)) (-19) (30)) of instance tb.conv.\registers_reg[15][9]  of module EDFCNQD1BWP30P140 <../sintese/results/gate_level/conv_analysis_view_0p90v_25c_captyp_nominal.sdf, line 528722>.
xmelab: *W,SDFNET: Unable to annotate to non-existent timing check (RECREM (posedge CDN) (COND D_E_SDFCHK (posedge CP)) (-19) (30)) of instance tb.conv.\registers_reg[15][10]  of module EDFCNQD1BWP30P140 <../sintese/results/gate_level/conv_analysis_view_0p90v_25c_captyp_nominal.sdf, line 528752>.
xmelab: *W,SDFNET: Unable to annotate to non-existent timing check (RECREM (posedge CDN) (COND D_E_SDFCHK (posedge CP)) (-19) (30)) of instance tb.conv.\registers_reg[15][11]  of module EDFCNQD1BWP30P140 <../sintese/results/gate_level/conv_analysis_view_0p90v_25c_captyp_nominal.sdf, line 528782>.
xmelab: *W,SDFNET: Unable to annotate to non-existent timing check (RECREM (posedge CDN) (COND D_E_SDFCHK (posedge CP)) (-19) (30)) of instance tb.conv.\registers_reg[15][12]  of module EDFCNQD1BWP30P140 <../sintese/results/gate_level/conv_analysis_view_0p90v_25c_captyp_nominal.sdf, line 528812>.
xmelab: *W,SDFNET: Unable to annotate to non-existent timing check (RECREM (posedge CDN) (COND D_E_SDFCHK (posedge CP)) (-19) (30)) of instance tb.conv.\registers_reg[15][13]  of module EDFCNQD1BWP30P140 <../sintese/results/gate_level/conv_analysis_view_0p90v_25c_captyp_nominal.sdf, line 528842>.
xmelab: *W,SDFNET: Unable to annotate to non-existent timing check (RECREM (posedge CDN) (COND D_E_SDFCHK (posedge CP)) (-19) (30)) of instance tb.conv.\registers_reg[15][14]  of module EDFCNQD1BWP30P140 <../sintese/results/gate_level/conv_analysis_view_0p90v_25c_captyp_nominal.sdf, line 528872>.
xmelab: *W,SDFNET: Unable to annotate to non-existent timing check (RECREM (posedge CDN) (COND D_E_SDFCHK (posedge CP)) (-19) (30)) of instance tb.conv.\registers_reg[15][15]  of module EDFCNQD1BWP30P140 <../sintese/results/gate_level/conv_analysis_view_0p90v_25c_captyp_nominal.sdf, line 528902>.
xmelab: *W,SDFNET: Unable to annotate to non-existent timing check (RECREM (posedge CDN) (COND D_E_SDFCHK (posedge CP)) (-19) (30)) of instance tb.conv.\registers_reg[15][16]  of module EDFCNQD1BWP30P140 <../sintese/results/gate_level/conv_analysis_view_0p90v_25c_captyp_nominal.sdf, line 528932>.
xmelab: *W,SDFNET: Unable to annotate to non-existent timing check (RECREM (posedge CDN) (COND D_E_SDFCHK (posedge CP)) (-19) (30)) of instance tb.conv.\registers_reg[15][17]  of module EDFCNQD1BWP30P140 <../sintese/results/gate_level/conv_analysis_view_0p90v_25c_captyp_nominal.sdf, line 528962>.
xmelab: *W,SDFNET: Unable to annotate to non-existent timing check (RECREM (posedge CDN) (COND D_E_SDFCHK (posedge CP)) (-19) (30)) of instance tb.conv.\registers_reg[15][18]  of module EDFCNQD1BWP30P140 <../sintese/results/gate_level/conv_analysis_view_0p90v_25c_captyp_nominal.sdf, line 528992>.
xmelab: *W,SDFNET: Unable to annotate to non-existent timing check (RECREM (posedge CDN) (COND D_E_SDFCHK (posedge CP)) (-19) (30)) of instance tb.conv.\registers_reg[15][19]  of module EDFCNQD1BWP30P140 <../sintese/results/gate_level/conv_analysis_view_0p90v_25c_captyp_nominal.sdf, line 529022>.
xmelab: *W,SDFNET: Unable to annotate to non-existent timing check (RECREM (posedge CDN) (COND D_E_SDFCHK (posedge CP)) (-19) (30)) of instance tb.conv.\registers_reg[16][0]  of module EDFCNQD1BWP30P140 <../sintese/results/gate_level/conv_analysis_view_0p90v_25c_captyp_nominal.sdf, line 529052>.
xmelab: *W,SDFNET: Unable to annotate to non-existent timing check (RECREM (posedge CDN) (COND D_E_SDFCHK (posedge CP)) (-19) (30)) of instance tb.conv.\registers_reg[16][1]  of module EDFCNQD1BWP30P140 <../sintese/results/gate_level/conv_analysis_view_0p90v_25c_captyp_nominal.sdf, line 529082>.
xmelab: *W,SDFNET: Unable to annotate to non-existent timing check (RECREM (posedge CDN) (COND D_E_SDFCHK (posedge CP)) (-19) (30)) of instance tb.conv.\registers_reg[16][2]  of module EDFCNQD1BWP30P140 <../sintese/results/gate_level/conv_analysis_view_0p90v_25c_captyp_nominal.sdf, line 529112>.
xmelab: *W,SDFNET: Unable to annotate to non-existent timing check (RECREM (posedge CDN) (COND D_E_SDFCHK (posedge CP)) (-19) (30)) of instance tb.conv.\registers_reg[16][3]  of module EDFCNQD1BWP30P140 <../sintese/results/gate_level/conv_analysis_view_0p90v_25c_captyp_nominal.sdf, line 529142>.
xmelab: *W,SDFNET: Unable to annotate to non-existent timing check (RECREM (posedge CDN) (COND D_E_SDFCHK (posedge CP)) (-19) (30)) of instance tb.conv.\registers_reg[16][4]  of module EDFCNQD1BWP30P140 <../sintese/results/gate_level/conv_analysis_view_0p90v_25c_captyp_nominal.sdf, line 529172>.
xmelab: *W,SDFNET: Unable to annotate to non-existent timing check (RECREM (posedge CDN) (COND D_E_SDFCHK (posedge CP)) (-19) (30)) of instance tb.conv.\registers_reg[16][5]  of module EDFCNQD1BWP30P140 <../sintese/results/gate_level/conv_analysis_view_0p90v_25c_captyp_nominal.sdf, line 529202>.
xmelab: *W,SDFNET: Unable to annotate to non-existent timing check (RECREM (posedge CDN) (COND D_E_SDFCHK (posedge CP)) (-19) (30)) of instance tb.conv.\registers_reg[16][6]  of module EDFCNQD1BWP30P140 <../sintese/results/gate_level/conv_analysis_view_0p90v_25c_captyp_nominal.sdf, line 529232>.
xmelab: *W,SDFNET: Unable to annotate to non-existent timing check (RECREM (posedge CDN) (COND D_E_SDFCHK (posedge CP)) (-19) (30)) of instance tb.conv.\registers_reg[16][7]  of module EDFCNQD1BWP30P140 <../sintese/results/gate_level/conv_analysis_view_0p90v_25c_captyp_nominal.sdf, line 529262>.
xmelab: *W,SDFNET: Unable to annotate to non-existent timing check (RECREM (posedge CDN) (COND D_E_SDFCHK (posedge CP)) (-19) (30)) of instance tb.conv.\registers_reg[16][8]  of module EDFCNQD1BWP30P140 <../sintese/results/gate_level/conv_analysis_view_0p90v_25c_captyp_nominal.sdf, line 529292>.
xmelab: *W,SDFNET: Unable to annotate to non-existent timing check (RECREM (posedge CDN) (COND D_E_SDFCHK (posedge CP)) (-19) (30)) of instance tb.conv.\registers_reg[16][9]  of module EDFCNQD1BWP30P140 <../sintese/results/gate_level/conv_analysis_view_0p90v_25c_captyp_nominal.sdf, line 529322>.
xmelab: *W,SDFNET: Unable to annotate to non-existent timing check (RECREM (posedge CDN) (COND D_E_SDFCHK (posedge CP)) (-19) (30)) of instance tb.conv.\registers_reg[16][10]  of module EDFCNQD1BWP30P140 <../sintese/results/gate_level/conv_analysis_view_0p90v_25c_captyp_nominal.sdf, line 529352>.
xmelab: *W,SDFNET: Unable to annotate to non-existent timing check (RECREM (posedge CDN) (COND D_E_SDFCHK (posedge CP)) (-19) (30)) of instance tb.conv.\registers_reg[16][11]  of module EDFCNQD1BWP30P140 <../sintese/results/gate_level/conv_analysis_view_0p90v_25c_captyp_nominal.sdf, line 529382>.
xmelab: *W,SDFNET: Unable to annotate to non-existent timing check (RECREM (posedge CDN) (COND D_E_SDFCHK (posedge CP)) (-19) (30)) of instance tb.conv.\registers_reg[16][12]  of module EDFCNQD1BWP30P140 <../sintese/results/gate_level/conv_analysis_view_0p90v_25c_captyp_nominal.sdf, line 529412>.
xmelab: *W,SDFNET: Unable to annotate to non-existent timing check (RECREM (posedge CDN) (COND D_E_SDFCHK (posedge CP)) (-19) (30)) of instance tb.conv.\registers_reg[16][13]  of module EDFCNQD1BWP30P140 <../sintese/results/gate_level/conv_analysis_view_0p90v_25c_captyp_nominal.sdf, line 529442>.
xmelab: *W,SDFNET: Unable to annotate to non-existent timing check (RECREM (posedge CDN) (COND D_E_SDFCHK (posedge CP)) (-19) (30)) of instance tb.conv.\registers_reg[16][14]  of module EDFCNQD1BWP30P140 <../sintese/results/gate_level/conv_analysis_view_0p90v_25c_captyp_nominal.sdf, line 529472>.
xmelab: *W,SDFNET: Unable to annotate to non-existent timing check (RECREM (posedge CDN) (COND D_E_SDFCHK (posedge CP)) (-19) (30)) of instance tb.conv.\registers_reg[16][15]  of module EDFCNQD1BWP30P140 <../sintese/results/gate_level/conv_analysis_view_0p90v_25c_captyp_nominal.sdf, line 529502>.
xmelab: *W,SDFNET: Unable to annotate to non-existent timing check (RECREM (posedge CDN) (COND D_E_SDFCHK (posedge CP)) (-19) (30)) of instance tb.conv.\registers_reg[16][16]  of module EDFCNQD1BWP30P140 <../sintese/results/gate_level/conv_analysis_view_0p90v_25c_captyp_nominal.sdf, line 529532>.
xmelab: *W,SDFNET: Unable to annotate to non-existent timing check (RECREM (posedge CDN) (COND D_E_SDFCHK (posedge CP)) (-19) (30)) of instance tb.conv.\registers_reg[16][17]  of module EDFCNQD1BWP30P140 <../sintese/results/gate_level/conv_analysis_view_0p90v_25c_captyp_nominal.sdf, line 529562>.
xmelab: *W,SDFNET: Unable to annotate to non-existent timing check (RECREM (posedge CDN) (COND D_E_SDFCHK (posedge CP)) (-19) (30)) of instance tb.conv.\registers_reg[16][18]  of module EDFCNQD1BWP30P140 <../sintese/results/gate_level/conv_analysis_view_0p90v_25c_captyp_nominal.sdf, line 529592>.
xmelab: *W,SDFNET: Unable to annotate to non-existent timing check (RECREM (posedge CDN) (COND D_E_SDFCHK (posedge CP)) (-19) (30)) of instance tb.conv.\registers_reg[16][19]  of module EDFCNQD1BWP30P140 <../sintese/results/gate_level/conv_analysis_view_0p90v_25c_captyp_nominal.sdf, line 529622>.
xmelab: *W,SDFNET: Unable to annotate to non-existent timing check (RECREM (posedge CDN) (COND D_E_SDFCHK (posedge CP)) (-19) (30)) of instance tb.conv.\registers_reg[17][0]  of module EDFCNQD1BWP30P140 <../sintese/results/gate_level/conv_analysis_view_0p90v_25c_captyp_nominal.sdf, line 529652>.
xmelab: *W,SDFNET: Unable to annotate to non-existent timing check (RECREM (posedge CDN) (COND D_E_SDFCHK (posedge CP)) (-19) (30)) of instance tb.conv.\registers_reg[17][1]  of module EDFCNQD1BWP30P140 <../sintese/results/gate_level/conv_analysis_view_0p90v_25c_captyp_nominal.sdf, line 529682>.
xmelab: *W,SDFNET: Unable to annotate to non-existent timing check (RECREM (posedge CDN) (COND D_E_SDFCHK (posedge CP)) (-19) (30)) of instance tb.conv.\registers_reg[17][2]  of module EDFCNQD1BWP30P140 <../sintese/results/gate_level/conv_analysis_view_0p90v_25c_captyp_nominal.sdf, line 529712>.
xmelab: *W,SDFNET: Unable to annotate to non-existent timing check (RECREM (posedge CDN) (COND D_E_SDFCHK (posedge CP)) (-19) (30)) of instance tb.conv.\registers_reg[17][3]  of module EDFCNQD1BWP30P140 <../sintese/results/gate_level/conv_analysis_view_0p90v_25c_captyp_nominal.sdf, line 529742>.
xmelab: *W,SDFNET: Unable to annotate to non-existent timing check (RECREM (posedge CDN) (COND D_E_SDFCHK (posedge CP)) (-19) (30)) of instance tb.conv.\registers_reg[17][4]  of module EDFCNQD1BWP30P140 <../sintese/results/gate_level/conv_analysis_view_0p90v_25c_captyp_nominal.sdf, line 529772>.
xmelab: *W,SDFNET: Unable to annotate to non-existent timing check (RECREM (posedge CDN) (COND D_E_SDFCHK (posedge CP)) (-19) (30)) of instance tb.conv.\registers_reg[17][5]  of module EDFCNQD1BWP30P140 <../sintese/results/gate_level/conv_analysis_view_0p90v_25c_captyp_nominal.sdf, line 529802>.
xmelab: *W,SDFNET: Unable to annotate to non-existent timing check (RECREM (posedge CDN) (COND D_E_SDFCHK (posedge CP)) (-19) (30)) of instance tb.conv.\registers_reg[17][6]  of module EDFCNQD1BWP30P140 <../sintese/results/gate_level/conv_analysis_view_0p90v_25c_captyp_nominal.sdf, line 529832>.
xmelab: *W,SDFNET: Unable to annotate to non-existent timing check (RECREM (posedge CDN) (COND D_E_SDFCHK (posedge CP)) (-19) (30)) of instance tb.conv.\registers_reg[17][7]  of module EDFCNQD1BWP30P140 <../sintese/results/gate_level/conv_analysis_view_0p90v_25c_captyp_nominal.sdf, line 529862>.
xmelab: *W,SDFNET: Unable to annotate to non-existent timing check (RECREM (posedge CDN) (COND D_E_SDFCHK (posedge CP)) (-19) (30)) of instance tb.conv.\registers_reg[17][8]  of module EDFCNQD1BWP30P140 <../sintese/results/gate_level/conv_analysis_view_0p90v_25c_captyp_nominal.sdf, line 529892>.
xmelab: *W,SDFNET: Unable to annotate to non-existent timing check (RECREM (posedge CDN) (COND D_E_SDFCHK (posedge CP)) (-19) (30)) of instance tb.conv.\registers_reg[17][9]  of module EDFCNQD1BWP30P140 <../sintese/results/gate_level/conv_analysis_view_0p90v_25c_captyp_nominal.sdf, line 529922>.
xmelab: *W,SDFNET: Unable to annotate to non-existent timing check (RECREM (posedge CDN) (COND D_E_SDFCHK (posedge CP)) (-19) (30)) of instance tb.conv.\registers_reg[17][10]  of module EDFCNQD1BWP30P140 <../sintese/results/gate_level/conv_analysis_view_0p90v_25c_captyp_nominal.sdf, line 529952>.
xmelab: *W,SDFNET: Unable to annotate to non-existent timing check (RECREM (posedge CDN) (COND D_E_SDFCHK (posedge CP)) (-19) (30)) of instance tb.conv.\registers_reg[17][11]  of module EDFCNQD1BWP30P140 <../sintese/results/gate_level/conv_analysis_view_0p90v_25c_captyp_nominal.sdf, line 529982>.
xmelab: *W,SDFNET: Unable to annotate to non-existent timing check (RECREM (posedge CDN) (COND D_E_SDFCHK (posedge CP)) (-19) (30)) of instance tb.conv.\registers_reg[17][12]  of module EDFCNQD1BWP30P140 <../sintese/results/gate_level/conv_analysis_view_0p90v_25c_captyp_nominal.sdf, line 530012>.
xmelab: *W,SDFNET: Unable to annotate to non-existent timing check (RECREM (posedge CDN) (COND D_E_SDFCHK (posedge CP)) (-19) (30)) of instance tb.conv.\registers_reg[17][13]  of module EDFCNQD1BWP30P140 <../sintese/results/gate_level/conv_analysis_view_0p90v_25c_captyp_nominal.sdf, line 530042>.
xmelab: *W,SDFNET: Unable to annotate to non-existent timing check (RECREM (posedge CDN) (COND D_E_SDFCHK (posedge CP)) (-19) (30)) of instance tb.conv.\registers_reg[17][14]  of module EDFCNQD1BWP30P140 <../sintese/results/gate_level/conv_analysis_view_0p90v_25c_captyp_nominal.sdf, line 530072>.
xmelab: *W,SDFNET: Unable to annotate to non-existent timing check (RECREM (posedge CDN) (COND D_E_SDFCHK (posedge CP)) (-19) (30)) of instance tb.conv.\registers_reg[17][15]  of module EDFCNQD1BWP30P140 <../sintese/results/gate_level/conv_analysis_view_0p90v_25c_captyp_nominal.sdf, line 530102>.
xmelab: *W,SDFNET: Unable to annotate to non-existent timing check (RECREM (posedge CDN) (COND D_E_SDFCHK (posedge CP)) (-19) (30)) of instance tb.conv.\registers_reg[17][16]  of module EDFCNQD1BWP30P140 <../sintese/results/gate_level/conv_analysis_view_0p90v_25c_captyp_nominal.sdf, line 530132>.
xmelab: *W,SDFNET: Unable to annotate to non-existent timing check (RECREM (posedge CDN) (COND D_E_SDFCHK (posedge CP)) (-19) (30)) of instance tb.conv.\registers_reg[17][17]  of module EDFCNQD1BWP30P140 <../sintese/results/gate_level/conv_analysis_view_0p90v_25c_captyp_nominal.sdf, line 530162>.
xmelab: *W,SDFNET: Unable to annotate to non-existent timing check (RECREM (posedge CDN) (COND D_E_SDFCHK (posedge CP)) (-19) (30)) of instance tb.conv.\registers_reg[17][18]  of module EDFCNQD1BWP30P140 <../sintese/results/gate_level/conv_analysis_view_0p90v_25c_captyp_nominal.sdf, line 530192>.
xmelab: *W,SDFNET: Unable to annotate to non-existent timing check (RECREM (posedge CDN) (COND D_E_SDFCHK (posedge CP)) (-19) (30)) of instance tb.conv.\registers_reg[17][19]  of module EDFCNQD1BWP30P140 <../sintese/results/gate_level/conv_analysis_view_0p90v_25c_captyp_nominal.sdf, line 530222>.
xmelab: *W,SDFNET: Unable to annotate to non-existent timing check (RECREM (posedge CDN) (COND D_E_SDFCHK (posedge CP)) (-19) (30)) of instance tb.conv.\registers_reg[18][0]  of module EDFCNQD1BWP30P140 <../sintese/results/gate_level/conv_analysis_view_0p90v_25c_captyp_nominal.sdf, line 530252>.
xmelab: *W,SDFNET: Unable to annotate to non-existent timing check (RECREM (posedge CDN) (COND D_E_SDFCHK (posedge CP)) (-19) (30)) of instance tb.conv.\registers_reg[18][1]  of module EDFCNQD1BWP30P140 <../sintese/results/gate_level/conv_analysis_view_0p90v_25c_captyp_nominal.sdf, line 530282>.
xmelab: *W,SDFNET: Unable to annotate to non-existent timing check (RECREM (posedge CDN) (COND D_E_SDFCHK (posedge CP)) (-19) (30)) of instance tb.conv.\registers_reg[18][2]  of module EDFCNQD1BWP30P140 <../sintese/results/gate_level/conv_analysis_view_0p90v_25c_captyp_nominal.sdf, line 530312>.
xmelab: *W,SDFNET: Unable to annotate to non-existent timing check (RECREM (posedge CDN) (COND D_E_SDFCHK (posedge CP)) (-19) (30)) of instance tb.conv.\registers_reg[18][3]  of module EDFCNQD1BWP30P140 <../sintese/results/gate_level/conv_analysis_view_0p90v_25c_captyp_nominal.sdf, line 530342>.
xmelab: *W,SDFNET: Unable to annotate to non-existent timing check (RECREM (posedge CDN) (COND D_E_SDFCHK (posedge CP)) (-19) (30)) of instance tb.conv.\registers_reg[18][4]  of module EDFCNQD1BWP30P140 <../sintese/results/gate_level/conv_analysis_view_0p90v_25c_captyp_nominal.sdf, line 530372>.
xmelab: *W,SDFNET: Unable to annotate to non-existent timing check (RECREM (posedge CDN) (COND D_E_SDFCHK (posedge CP)) (-19) (30)) of instance tb.conv.\registers_reg[18][5]  of module EDFCNQD1BWP30P140 <../sintese/results/gate_level/conv_analysis_view_0p90v_25c_captyp_nominal.sdf, line 530402>.
xmelab: *W,SDFNET: Unable to annotate to non-existent timing check (RECREM (posedge CDN) (COND D_E_SDFCHK (posedge CP)) (-19) (30)) of instance tb.conv.\registers_reg[18][6]  of module EDFCNQD1BWP30P140 <../sintese/results/gate_level/conv_analysis_view_0p90v_25c_captyp_nominal.sdf, line 530432>.
xmelab: *W,SDFNET: Unable to annotate to non-existent timing check (RECREM (posedge CDN) (COND D_E_SDFCHK (posedge CP)) (-19) (30)) of instance tb.conv.\registers_reg[18][7]  of module EDFCNQD1BWP30P140 <../sintese/results/gate_level/conv_analysis_view_0p90v_25c_captyp_nominal.sdf, line 530462>.
xmelab: *W,SDFNET: Unable to annotate to non-existent timing check (RECREM (posedge CDN) (COND D_E_SDFCHK (posedge CP)) (-19) (30)) of instance tb.conv.\registers_reg[18][8]  of module EDFCNQD1BWP30P140 <../sintese/results/gate_level/conv_analysis_view_0p90v_25c_captyp_nominal.sdf, line 530492>.
xmelab: *W,SDFNET: Unable to annotate to non-existent timing check (RECREM (posedge CDN) (COND D_E_SDFCHK (posedge CP)) (-19) (30)) of instance tb.conv.\registers_reg[18][9]  of module EDFCNQD1BWP30P140 <../sintese/results/gate_level/conv_analysis_view_0p90v_25c_captyp_nominal.sdf, line 530522>.
xmelab: *W,SDFNET: Unable to annotate to non-existent timing check (RECREM (posedge CDN) (COND D_E_SDFCHK (posedge CP)) (-19) (30)) of instance tb.conv.\registers_reg[18][10]  of module EDFCNQD1BWP30P140 <../sintese/results/gate_level/conv_analysis_view_0p90v_25c_captyp_nominal.sdf, line 530552>.
xmelab: *W,SDFNET: Unable to annotate to non-existent timing check (RECREM (posedge CDN) (COND D_E_SDFCHK (posedge CP)) (-19) (30)) of instance tb.conv.\registers_reg[18][11]  of module EDFCNQD1BWP30P140 <../sintese/results/gate_level/conv_analysis_view_0p90v_25c_captyp_nominal.sdf, line 530582>.
xmelab: *W,SDFNET: Unable to annotate to non-existent timing check (RECREM (posedge CDN) (COND D_E_SDFCHK (posedge CP)) (-19) (30)) of instance tb.conv.\registers_reg[18][12]  of module EDFCNQD1BWP30P140 <../sintese/results/gate_level/conv_analysis_view_0p90v_25c_captyp_nominal.sdf, line 530612>.
xmelab: *W,SDFNET: Unable to annotate to non-existent timing check (RECREM (posedge CDN) (COND D_E_SDFCHK (posedge CP)) (-19) (30)) of instance tb.conv.\registers_reg[18][13]  of module EDFCNQD1BWP30P140 <../sintese/results/gate_level/conv_analysis_view_0p90v_25c_captyp_nominal.sdf, line 530642>.
xmelab: *W,SDFNET: Unable to annotate to non-existent timing check (RECREM (posedge CDN) (COND D_E_SDFCHK (posedge CP)) (-19) (30)) of instance tb.conv.\registers_reg[18][14]  of module EDFCNQD1BWP30P140 <../sintese/results/gate_level/conv_analysis_view_0p90v_25c_captyp_nominal.sdf, line 530672>.
xmelab: *W,SDFNET: Unable to annotate to non-existent timing check (RECREM (posedge CDN) (COND D_E_SDFCHK (posedge CP)) (-19) (30)) of instance tb.conv.\registers_reg[18][15]  of module EDFCNQD1BWP30P140 <../sintese/results/gate_level/conv_analysis_view_0p90v_25c_captyp_nominal.sdf, line 530702>.
xmelab: *W,SDFNET: Unable to annotate to non-existent timing check (RECREM (posedge CDN) (COND D_E_SDFCHK (posedge CP)) (-19) (30)) of instance tb.conv.\registers_reg[18][16]  of module EDFCNQD1BWP30P140 <../sintese/results/gate_level/conv_analysis_view_0p90v_25c_captyp_nominal.sdf, line 530732>.
xmelab: *W,SDFNET: Unable to annotate to non-existent timing check (RECREM (posedge CDN) (COND D_E_SDFCHK (posedge CP)) (-19) (30)) of instance tb.conv.\registers_reg[18][17]  of module EDFCNQD1BWP30P140 <../sintese/results/gate_level/conv_analysis_view_0p90v_25c_captyp_nominal.sdf, line 530762>.
xmelab: *W,SDFNET: Unable to annotate to non-existent timing check (RECREM (posedge CDN) (COND D_E_SDFCHK (posedge CP)) (-19) (30)) of instance tb.conv.\registers_reg[18][18]  of module EDFCNQD1BWP30P140 <../sintese/results/gate_level/conv_analysis_view_0p90v_25c_captyp_nominal.sdf, line 530792>.
xmelab: *W,SDFNET: Unable to annotate to non-existent timing check (RECREM (posedge CDN) (COND D_E_SDFCHK (posedge CP)) (-19) (30)) of instance tb.conv.\registers_reg[18][19]  of module EDFCNQD1BWP30P140 <../sintese/results/gate_level/conv_analysis_view_0p90v_25c_captyp_nominal.sdf, line 530822>.
xmelab: *W,SDFNET: Unable to annotate to non-existent timing check (RECREM (posedge CDN) (COND D_E_SDFCHK (posedge CP)) (-19) (30)) of instance tb.conv.\registers_reg[19][0]  of module EDFCNQD1BWP30P140 <../sintese/results/gate_level/conv_analysis_view_0p90v_25c_captyp_nominal.sdf, line 530852>.
xmelab: *W,SDFNET: Unable to annotate to non-existent timing check (RECREM (posedge CDN) (COND D_E_SDFCHK (posedge CP)) (-19) (30)) of instance tb.conv.\registers_reg[19][1]  of module EDFCNQD1BWP30P140 <../sintese/results/gate_level/conv_analysis_view_0p90v_25c_captyp_nominal.sdf, line 530882>.
xmelab: *W,SDFNET: Unable to annotate to non-existent timing check (RECREM (posedge CDN) (COND D_E_SDFCHK (posedge CP)) (-19) (30)) of instance tb.conv.\registers_reg[19][2]  of module EDFCNQD1BWP30P140 <../sintese/results/gate_level/conv_analysis_view_0p90v_25c_captyp_nominal.sdf, line 530912>.
xmelab: *W,SDFNET: Unable to annotate to non-existent timing check (RECREM (posedge CDN) (COND D_E_SDFCHK (posedge CP)) (-19) (30)) of instance tb.conv.\registers_reg[19][3]  of module EDFCNQD1BWP30P140 <../sintese/results/gate_level/conv_analysis_view_0p90v_25c_captyp_nominal.sdf, line 530942>.
xmelab: *W,SDFNET: Unable to annotate to non-existent timing check (RECREM (posedge CDN) (COND D_E_SDFCHK (posedge CP)) (-19) (30)) of instance tb.conv.\registers_reg[19][4]  of module EDFCNQD1BWP30P140 <../sintese/results/gate_level/conv_analysis_view_0p90v_25c_captyp_nominal.sdf, line 530972>.
xmelab: *W,SDFNET: Unable to annotate to non-existent timing check (RECREM (posedge CDN) (COND D_E_SDFCHK (posedge CP)) (-19) (30)) of instance tb.conv.\registers_reg[19][5]  of module EDFCNQD1BWP30P140 <../sintese/results/gate_level/conv_analysis_view_0p90v_25c_captyp_nominal.sdf, line 531002>.
xmelab: *W,SDFNET: Unable to annotate to non-existent timing check (RECREM (posedge CDN) (COND D_E_SDFCHK (posedge CP)) (-19) (30)) of instance tb.conv.\registers_reg[19][6]  of module EDFCNQD1BWP30P140 <../sintese/results/gate_level/conv_analysis_view_0p90v_25c_captyp_nominal.sdf, line 531032>.
xmelab: *W,SDFNET: Unable to annotate to non-existent timing check (RECREM (posedge CDN) (COND D_E_SDFCHK (posedge CP)) (-19) (30)) of instance tb.conv.\registers_reg[19][7]  of module EDFCNQD1BWP30P140 <../sintese/results/gate_level/conv_analysis_view_0p90v_25c_captyp_nominal.sdf, line 531062>.
xmelab: *W,SDFNET: Unable to annotate to non-existent timing check (RECREM (posedge CDN) (COND D_E_SDFCHK (posedge CP)) (-19) (30)) of instance tb.conv.\registers_reg[19][8]  of module EDFCNQD1BWP30P140 <../sintese/results/gate_level/conv_analysis_view_0p90v_25c_captyp_nominal.sdf, line 531092>.
xmelab: *W,SDFNET: Unable to annotate to non-existent timing check (RECREM (posedge CDN) (COND D_E_SDFCHK (posedge CP)) (-19) (30)) of instance tb.conv.\registers_reg[19][9]  of module EDFCNQD1BWP30P140 <../sintese/results/gate_level/conv_analysis_view_0p90v_25c_captyp_nominal.sdf, line 531122>.
xmelab: *W,SDFNET: Unable to annotate to non-existent timing check (RECREM (posedge CDN) (COND D_E_SDFCHK (posedge CP)) (-19) (30)) of instance tb.conv.\registers_reg[19][10]  of module EDFCNQD1BWP30P140 <../sintese/results/gate_level/conv_analysis_view_0p90v_25c_captyp_nominal.sdf, line 531152>.
xmelab: *W,SDFNET: Unable to annotate to non-existent timing check (RECREM (posedge CDN) (COND D_E_SDFCHK (posedge CP)) (-19) (30)) of instance tb.conv.\registers_reg[19][11]  of module EDFCNQD1BWP30P140 <../sintese/results/gate_level/conv_analysis_view_0p90v_25c_captyp_nominal.sdf, line 531182>.
xmelab: *W,SDFNET: Unable to annotate to non-existent timing check (RECREM (posedge CDN) (COND D_E_SDFCHK (posedge CP)) (-19) (30)) of instance tb.conv.\registers_reg[19][12]  of module EDFCNQD1BWP30P140 <../sintese/results/gate_level/conv_analysis_view_0p90v_25c_captyp_nominal.sdf, line 531212>.
xmelab: *W,SDFNET: Unable to annotate to non-existent timing check (RECREM (posedge CDN) (COND D_E_SDFCHK (posedge CP)) (-19) (30)) of instance tb.conv.\registers_reg[19][13]  of module EDFCNQD1BWP30P140 <../sintese/results/gate_level/conv_analysis_view_0p90v_25c_captyp_nominal.sdf, line 531242>.
xmelab: *W,SDFNET: Unable to annotate to non-existent timing check (RECREM (posedge CDN) (COND D_E_SDFCHK (posedge CP)) (-19) (30)) of instance tb.conv.\registers_reg[19][14]  of module EDFCNQD1BWP30P140 <../sintese/results/gate_level/conv_analysis_view_0p90v_25c_captyp_nominal.sdf, line 531272>.
xmelab: *W,SDFNET: Unable to annotate to non-existent timing check (RECREM (posedge CDN) (COND D_E_SDFCHK (posedge CP)) (-19) (30)) of instance tb.conv.\registers_reg[19][15]  of module EDFCNQD1BWP30P140 <../sintese/results/gate_level/conv_analysis_view_0p90v_25c_captyp_nominal.sdf, line 531302>.
xmelab: *W,SDFNET: Unable to annotate to non-existent timing check (RECREM (posedge CDN) (COND D_E_SDFCHK (posedge CP)) (-19) (30)) of instance tb.conv.\registers_reg[19][16]  of module EDFCNQD1BWP30P140 <../sintese/results/gate_level/conv_analysis_view_0p90v_25c_captyp_nominal.sdf, line 531332>.
xmelab: *W,SDFNET: Unable to annotate to non-existent timing check (RECREM (posedge CDN) (COND D_E_SDFCHK (posedge CP)) (-19) (30)) of instance tb.conv.\registers_reg[19][17]  of module EDFCNQD1BWP30P140 <../sintese/results/gate_level/conv_analysis_view_0p90v_25c_captyp_nominal.sdf, line 531362>.
xmelab: *W,SDFNET: Unable to annotate to non-existent timing check (RECREM (posedge CDN) (COND D_E_SDFCHK (posedge CP)) (-19) (30)) of instance tb.conv.\registers_reg[19][18]  of module EDFCNQD1BWP30P140 <../sintese/results/gate_level/conv_analysis_view_0p90v_25c_captyp_nominal.sdf, line 531392>.
xmelab: *W,SDFNET: Unable to annotate to non-existent timing check (RECREM (posedge CDN) (COND D_E_SDFCHK (posedge CP)) (-19) (30)) of instance tb.conv.\registers_reg[19][19]  of module EDFCNQD1BWP30P140 <../sintese/results/gate_level/conv_analysis_view_0p90v_25c_captyp_nominal.sdf, line 531422>.
xmelab: *W,SDFNET: Unable to annotate to non-existent timing check (RECREM (posedge CDN) (COND D_E_SDFCHK (posedge CP)) (-19) (30)) of instance tb.conv.\registers_reg[20][0]  of module EDFCNQD1BWP30P140 <../sintese/results/gate_level/conv_analysis_view_0p90v_25c_captyp_nominal.sdf, line 531452>.
xmelab: *W,SDFNET: Unable to annotate to non-existent timing check (RECREM (posedge CDN) (COND D_E_SDFCHK (posedge CP)) (-19) (30)) of instance tb.conv.\registers_reg[20][1]  of module EDFCNQD1BWP30P140 <../sintese/results/gate_level/conv_analysis_view_0p90v_25c_captyp_nominal.sdf, line 531482>.
xmelab: *W,SDFNET: Unable to annotate to non-existent timing check (RECREM (posedge CDN) (COND D_E_SDFCHK (posedge CP)) (-19) (30)) of instance tb.conv.\registers_reg[20][2]  of module EDFCNQD1BWP30P140 <../sintese/results/gate_level/conv_analysis_view_0p90v_25c_captyp_nominal.sdf, line 531512>.
xmelab: *W,SDFNET: Unable to annotate to non-existent timing check (RECREM (posedge CDN) (COND D_E_SDFCHK (posedge CP)) (-19) (30)) of instance tb.conv.\registers_reg[20][3]  of module EDFCNQD1BWP30P140 <../sintese/results/gate_level/conv_analysis_view_0p90v_25c_captyp_nominal.sdf, line 531542>.
xmelab: *W,SDFNET: Unable to annotate to non-existent timing check (RECREM (posedge CDN) (COND D_E_SDFCHK (posedge CP)) (-19) (30)) of instance tb.conv.\registers_reg[20][4]  of module EDFCNQD1BWP30P140 <../sintese/results/gate_level/conv_analysis_view_0p90v_25c_captyp_nominal.sdf, line 531572>.
xmelab: *W,SDFNET: Unable to annotate to non-existent timing check (RECREM (posedge CDN) (COND D_E_SDFCHK (posedge CP)) (-19) (30)) of instance tb.conv.\registers_reg[20][5]  of module EDFCNQD1BWP30P140 <../sintese/results/gate_level/conv_analysis_view_0p90v_25c_captyp_nominal.sdf, line 531602>.
xmelab: *W,SDFNET: Unable to annotate to non-existent timing check (RECREM (posedge CDN) (COND D_E_SDFCHK (posedge CP)) (-19) (30)) of instance tb.conv.\registers_reg[20][6]  of module EDFCNQD1BWP30P140 <../sintese/results/gate_level/conv_analysis_view_0p90v_25c_captyp_nominal.sdf, line 531632>.
xmelab: *W,SDFNET: Unable to annotate to non-existent timing check (RECREM (posedge CDN) (COND D_E_SDFCHK (posedge CP)) (-19) (30)) of instance tb.conv.\registers_reg[20][7]  of module EDFCNQD1BWP30P140 <../sintese/results/gate_level/conv_analysis_view_0p90v_25c_captyp_nominal.sdf, line 531662>.
xmelab: *W,SDFNET: Unable to annotate to non-existent timing check (RECREM (posedge CDN) (COND D_E_SDFCHK (posedge CP)) (-19) (30)) of instance tb.conv.\registers_reg[20][8]  of module EDFCNQD1BWP30P140 <../sintese/results/gate_level/conv_analysis_view_0p90v_25c_captyp_nominal.sdf, line 531692>.
xmelab: *W,SDFNET: Unable to annotate to non-existent timing check (RECREM (posedge CDN) (COND D_E_SDFCHK (posedge CP)) (-19) (30)) of instance tb.conv.\registers_reg[20][9]  of module EDFCNQD1BWP30P140 <../sintese/results/gate_level/conv_analysis_view_0p90v_25c_captyp_nominal.sdf, line 531722>.
xmelab: *W,SDFNET: Unable to annotate to non-existent timing check (RECREM (posedge CDN) (COND D_E_SDFCHK (posedge CP)) (-19) (30)) of instance tb.conv.\registers_reg[20][10]  of module EDFCNQD1BWP30P140 <../sintese/results/gate_level/conv_analysis_view_0p90v_25c_captyp_nominal.sdf, line 531752>.
xmelab: *W,SDFNET: Unable to annotate to non-existent timing check (RECREM (posedge CDN) (COND D_E_SDFCHK (posedge CP)) (-19) (30)) of instance tb.conv.\registers_reg[20][11]  of module EDFCNQD1BWP30P140 <../sintese/results/gate_level/conv_analysis_view_0p90v_25c_captyp_nominal.sdf, line 531782>.
xmelab: *W,SDFNET: Unable to annotate to non-existent timing check (RECREM (posedge CDN) (COND D_E_SDFCHK (posedge CP)) (-19) (30)) of instance tb.conv.\registers_reg[20][12]  of module EDFCNQD1BWP30P140 <../sintese/results/gate_level/conv_analysis_view_0p90v_25c_captyp_nominal.sdf, line 531812>.
xmelab: *W,SDFNET: Unable to annotate to non-existent timing check (RECREM (posedge CDN) (COND D_E_SDFCHK (posedge CP)) (-19) (30)) of instance tb.conv.\registers_reg[20][13]  of module EDFCNQD1BWP30P140 <../sintese/results/gate_level/conv_analysis_view_0p90v_25c_captyp_nominal.sdf, line 531842>.
xmelab: *W,SDFNET: Unable to annotate to non-existent timing check (RECREM (posedge CDN) (COND D_E_SDFCHK (posedge CP)) (-19) (30)) of instance tb.conv.\registers_reg[20][14]  of module EDFCNQD1BWP30P140 <../sintese/results/gate_level/conv_analysis_view_0p90v_25c_captyp_nominal.sdf, line 531872>.
xmelab: *W,SDFNET: Unable to annotate to non-existent timing check (RECREM (posedge CDN) (COND D_E_SDFCHK (posedge CP)) (-19) (30)) of instance tb.conv.\registers_reg[20][15]  of module EDFCNQD1BWP30P140 <../sintese/results/gate_level/conv_analysis_view_0p90v_25c_captyp_nominal.sdf, line 531902>.
xmelab: *W,SDFNET: Unable to annotate to non-existent timing check (RECREM (posedge CDN) (COND D_E_SDFCHK (posedge CP)) (-19) (30)) of instance tb.conv.\registers_reg[20][16]  of module EDFCNQD1BWP30P140 <../sintese/results/gate_level/conv_analysis_view_0p90v_25c_captyp_nominal.sdf, line 531932>.
xmelab: *W,SDFNET: Unable to annotate to non-existent timing check (RECREM (posedge CDN) (COND D_E_SDFCHK (posedge CP)) (-19) (30)) of instance tb.conv.\registers_reg[20][17]  of module EDFCNQD1BWP30P140 <../sintese/results/gate_level/conv_analysis_view_0p90v_25c_captyp_nominal.sdf, line 531962>.
xmelab: *W,SDFNET: Unable to annotate to non-existent timing check (RECREM (posedge CDN) (COND D_E_SDFCHK (posedge CP)) (-19) (30)) of instance tb.conv.\registers_reg[20][18]  of module EDFCNQD1BWP30P140 <../sintese/results/gate_level/conv_analysis_view_0p90v_25c_captyp_nominal.sdf, line 531992>.
xmelab: *W,SDFNET: Unable to annotate to non-existent timing check (RECREM (posedge CDN) (COND D_E_SDFCHK (posedge CP)) (-19) (30)) of instance tb.conv.\registers_reg[20][19]  of module EDFCNQD1BWP30P140 <../sintese/results/gate_level/conv_analysis_view_0p90v_25c_captyp_nominal.sdf, line 532022>.
xmelab: *W,SDFNET: Unable to annotate to non-existent timing check (RECREM (posedge CDN) (COND D_E_SDFCHK (posedge CP)) (-19) (30)) of instance tb.conv.\registers_reg[21][0]  of module EDFCNQD1BWP30P140 <../sintese/results/gate_level/conv_analysis_view_0p90v_25c_captyp_nominal.sdf, line 532052>.
xmelab: *W,SDFNET: Unable to annotate to non-existent timing check (RECREM (posedge CDN) (COND D_E_SDFCHK (posedge CP)) (-19) (30)) of instance tb.conv.\registers_reg[21][1]  of module EDFCNQD1BWP30P140 <../sintese/results/gate_level/conv_analysis_view_0p90v_25c_captyp_nominal.sdf, line 532082>.
xmelab: *W,SDFNET: Unable to annotate to non-existent timing check (RECREM (posedge CDN) (COND D_E_SDFCHK (posedge CP)) (-19) (30)) of instance tb.conv.\registers_reg[21][2]  of module EDFCNQD1BWP30P140 <../sintese/results/gate_level/conv_analysis_view_0p90v_25c_captyp_nominal.sdf, line 532112>.
xmelab: *W,SDFNET: Unable to annotate to non-existent timing check (RECREM (posedge CDN) (COND D_E_SDFCHK (posedge CP)) (-19) (30)) of instance tb.conv.\registers_reg[21][3]  of module EDFCNQD1BWP30P140 <../sintese/results/gate_level/conv_analysis_view_0p90v_25c_captyp_nominal.sdf, line 532142>.
xmelab: *W,SDFNET: Unable to annotate to non-existent timing check (RECREM (posedge CDN) (COND D_E_SDFCHK (posedge CP)) (-19) (30)) of instance tb.conv.\registers_reg[21][4]  of module EDFCNQD1BWP30P140 <../sintese/results/gate_level/conv_analysis_view_0p90v_25c_captyp_nominal.sdf, line 532172>.
xmelab: *W,SDFNET: Unable to annotate to non-existent timing check (RECREM (posedge CDN) (COND D_E_SDFCHK (posedge CP)) (-19) (30)) of instance tb.conv.\registers_reg[21][5]  of module EDFCNQD1BWP30P140 <../sintese/results/gate_level/conv_analysis_view_0p90v_25c_captyp_nominal.sdf, line 532202>.
xmelab: *W,SDFNET: Unable to annotate to non-existent timing check (RECREM (posedge CDN) (COND D_E_SDFCHK (posedge CP)) (-19) (30)) of instance tb.conv.\registers_reg[21][6]  of module EDFCNQD1BWP30P140 <../sintese/results/gate_level/conv_analysis_view_0p90v_25c_captyp_nominal.sdf, line 532232>.
xmelab: *W,SDFNET: Unable to annotate to non-existent timing check (RECREM (posedge CDN) (COND D_E_SDFCHK (posedge CP)) (-19) (30)) of instance tb.conv.\registers_reg[21][7]  of module EDFCNQD1BWP30P140 <../sintese/results/gate_level/conv_analysis_view_0p90v_25c_captyp_nominal.sdf, line 532262>.
xmelab: *W,SDFNET: Unable to annotate to non-existent timing check (RECREM (posedge CDN) (COND D_E_SDFCHK (posedge CP)) (-19) (30)) of instance tb.conv.\registers_reg[21][8]  of module EDFCNQD1BWP30P140 <../sintese/results/gate_level/conv_analysis_view_0p90v_25c_captyp_nominal.sdf, line 532292>.
xmelab: *W,SDFNET: Unable to annotate to non-existent timing check (RECREM (posedge CDN) (COND D_E_SDFCHK (posedge CP)) (-19) (30)) of instance tb.conv.\registers_reg[21][9]  of module EDFCNQD1BWP30P140 <../sintese/results/gate_level/conv_analysis_view_0p90v_25c_captyp_nominal.sdf, line 532322>.
xmelab: *W,SDFNET: Unable to annotate to non-existent timing check (RECREM (posedge CDN) (COND D_E_SDFCHK (posedge CP)) (-19) (30)) of instance tb.conv.\registers_reg[21][10]  of module EDFCNQD1BWP30P140 <../sintese/results/gate_level/conv_analysis_view_0p90v_25c_captyp_nominal.sdf, line 532352>.
xmelab: *W,SDFNET: Unable to annotate to non-existent timing check (RECREM (posedge CDN) (COND D_E_SDFCHK (posedge CP)) (-19) (30)) of instance tb.conv.\registers_reg[21][11]  of module EDFCNQD1BWP30P140 <../sintese/results/gate_level/conv_analysis_view_0p90v_25c_captyp_nominal.sdf, line 532382>.
xmelab: *W,SDFNET: Unable to annotate to non-existent timing check (RECREM (posedge CDN) (COND D_E_SDFCHK (posedge CP)) (-19) (30)) of instance tb.conv.\registers_reg[21][12]  of module EDFCNQD1BWP30P140 <../sintese/results/gate_level/conv_analysis_view_0p90v_25c_captyp_nominal.sdf, line 532412>.
xmelab: *W,SDFNET: Unable to annotate to non-existent timing check (RECREM (posedge CDN) (COND D_E_SDFCHK (posedge CP)) (-19) (30)) of instance tb.conv.\registers_reg[21][13]  of module EDFCNQD1BWP30P140 <../sintese/results/gate_level/conv_analysis_view_0p90v_25c_captyp_nominal.sdf, line 532442>.
xmelab: *W,SDFNET: Unable to annotate to non-existent timing check (RECREM (posedge CDN) (COND D_E_SDFCHK (posedge CP)) (-19) (30)) of instance tb.conv.\registers_reg[21][14]  of module EDFCNQD1BWP30P140 <../sintese/results/gate_level/conv_analysis_view_0p90v_25c_captyp_nominal.sdf, line 532472>.
xmelab: *W,SDFNET: Unable to annotate to non-existent timing check (RECREM (posedge CDN) (COND D_E_SDFCHK (posedge CP)) (-19) (30)) of instance tb.conv.\registers_reg[21][15]  of module EDFCNQD1BWP30P140 <../sintese/results/gate_level/conv_analysis_view_0p90v_25c_captyp_nominal.sdf, line 532502>.
xmelab: *W,SDFNET: Unable to annotate to non-existent timing check (RECREM (posedge CDN) (COND D_E_SDFCHK (posedge CP)) (-19) (30)) of instance tb.conv.\registers_reg[21][16]  of module EDFCNQD1BWP30P140 <../sintese/results/gate_level/conv_analysis_view_0p90v_25c_captyp_nominal.sdf, line 532532>.
xmelab: *W,SDFNET: Unable to annotate to non-existent timing check (RECREM (posedge CDN) (COND D_E_SDFCHK (posedge CP)) (-19) (30)) of instance tb.conv.\registers_reg[21][17]  of module EDFCNQD1BWP30P140 <../sintese/results/gate_level/conv_analysis_view_0p90v_25c_captyp_nominal.sdf, line 532562>.
xmelab: *W,SDFNET: Unable to annotate to non-existent timing check (RECREM (posedge CDN) (COND D_E_SDFCHK (posedge CP)) (-19) (30)) of instance tb.conv.\registers_reg[21][18]  of module EDFCNQD1BWP30P140 <../sintese/results/gate_level/conv_analysis_view_0p90v_25c_captyp_nominal.sdf, line 532592>.
xmelab: *W,SDFNET: Unable to annotate to non-existent timing check (RECREM (posedge CDN) (COND D_E_SDFCHK (posedge CP)) (-19) (30)) of instance tb.conv.\registers_reg[21][19]  of module EDFCNQD1BWP30P140 <../sintese/results/gate_level/conv_analysis_view_0p90v_25c_captyp_nominal.sdf, line 532622>.
xmelab: *W,SDFNET: Unable to annotate to non-existent timing check (RECREM (posedge CDN) (COND D_E_SDFCHK (posedge CP)) (-19) (30)) of instance tb.conv.\registers_reg[22][0]  of module EDFCNQD1BWP30P140 <../sintese/results/gate_level/conv_analysis_view_0p90v_25c_captyp_nominal.sdf, line 532652>.
xmelab: *W,SDFNET: Unable to annotate to non-existent timing check (RECREM (posedge CDN) (COND D_E_SDFCHK (posedge CP)) (-19) (30)) of instance tb.conv.\registers_reg[22][1]  of module EDFCNQD1BWP30P140 <../sintese/results/gate_level/conv_analysis_view_0p90v_25c_captyp_nominal.sdf, line 532682>.
xmelab: *W,SDFNET: Unable to annotate to non-existent timing check (RECREM (posedge CDN) (COND D_E_SDFCHK (posedge CP)) (-19) (30)) of instance tb.conv.\registers_reg[22][2]  of module EDFCNQD1BWP30P140 <../sintese/results/gate_level/conv_analysis_view_0p90v_25c_captyp_nominal.sdf, line 532712>.
xmelab: *W,SDFNET: Unable to annotate to non-existent timing check (RECREM (posedge CDN) (COND D_E_SDFCHK (posedge CP)) (-19) (30)) of instance tb.conv.\registers_reg[22][3]  of module EDFCNQD1BWP30P140 <../sintese/results/gate_level/conv_analysis_view_0p90v_25c_captyp_nominal.sdf, line 532742>.
xmelab: *W,SDFNET: Unable to annotate to non-existent timing check (RECREM (posedge CDN) (COND D_E_SDFCHK (posedge CP)) (-19) (30)) of instance tb.conv.\registers_reg[22][4]  of module EDFCNQD1BWP30P140 <../sintese/results/gate_level/conv_analysis_view_0p90v_25c_captyp_nominal.sdf, line 532772>.
xmelab: *W,SDFNET: Unable to annotate to non-existent timing check (RECREM (posedge CDN) (COND D_E_SDFCHK (posedge CP)) (-19) (30)) of instance tb.conv.\registers_reg[22][5]  of module EDFCNQD1BWP30P140 <../sintese/results/gate_level/conv_analysis_view_0p90v_25c_captyp_nominal.sdf, line 532802>.
xmelab: *W,SDFNET: Unable to annotate to non-existent timing check (RECREM (posedge CDN) (COND D_E_SDFCHK (posedge CP)) (-19) (30)) of instance tb.conv.\registers_reg[22][6]  of module EDFCNQD1BWP30P140 <../sintese/results/gate_level/conv_analysis_view_0p90v_25c_captyp_nominal.sdf, line 532832>.
xmelab: *W,SDFNET: Unable to annotate to non-existent timing check (RECREM (posedge CDN) (COND D_E_SDFCHK (posedge CP)) (-19) (30)) of instance tb.conv.\registers_reg[22][7]  of module EDFCNQD1BWP30P140 <../sintese/results/gate_level/conv_analysis_view_0p90v_25c_captyp_nominal.sdf, line 532862>.
xmelab: *W,SDFNET: Unable to annotate to non-existent timing check (RECREM (posedge CDN) (COND D_E_SDFCHK (posedge CP)) (-19) (30)) of instance tb.conv.\registers_reg[22][8]  of module EDFCNQD1BWP30P140 <../sintese/results/gate_level/conv_analysis_view_0p90v_25c_captyp_nominal.sdf, line 532892>.
xmelab: *W,SDFNET: Unable to annotate to non-existent timing check (RECREM (posedge CDN) (COND D_E_SDFCHK (posedge CP)) (-19) (30)) of instance tb.conv.\registers_reg[22][9]  of module EDFCNQD1BWP30P140 <../sintese/results/gate_level/conv_analysis_view_0p90v_25c_captyp_nominal.sdf, line 532922>.
xmelab: *W,SDFNET: Unable to annotate to non-existent timing check (RECREM (posedge CDN) (COND D_E_SDFCHK (posedge CP)) (-19) (30)) of instance tb.conv.\registers_reg[22][10]  of module EDFCNQD1BWP30P140 <../sintese/results/gate_level/conv_analysis_view_0p90v_25c_captyp_nominal.sdf, line 532952>.
xmelab: *W,SDFNET: Unable to annotate to non-existent timing check (RECREM (posedge CDN) (COND D_E_SDFCHK (posedge CP)) (-19) (30)) of instance tb.conv.\registers_reg[22][11]  of module EDFCNQD1BWP30P140 <../sintese/results/gate_level/conv_analysis_view_0p90v_25c_captyp_nominal.sdf, line 532982>.
xmelab: *W,SDFNET: Unable to annotate to non-existent timing check (RECREM (posedge CDN) (COND D_E_SDFCHK (posedge CP)) (-19) (30)) of instance tb.conv.\registers_reg[22][12]  of module EDFCNQD1BWP30P140 <../sintese/results/gate_level/conv_analysis_view_0p90v_25c_captyp_nominal.sdf, line 533012>.
xmelab: *W,SDFNET: Unable to annotate to non-existent timing check (RECREM (posedge CDN) (COND D_E_SDFCHK (posedge CP)) (-19) (30)) of instance tb.conv.\registers_reg[22][13]  of module EDFCNQD1BWP30P140 <../sintese/results/gate_level/conv_analysis_view_0p90v_25c_captyp_nominal.sdf, line 533042>.
xmelab: *W,SDFNET: Unable to annotate to non-existent timing check (RECREM (posedge CDN) (COND D_E_SDFCHK (posedge CP)) (-19) (30)) of instance tb.conv.\registers_reg[22][14]  of module EDFCNQD1BWP30P140 <../sintese/results/gate_level/conv_analysis_view_0p90v_25c_captyp_nominal.sdf, line 533072>.
xmelab: *W,SDFNET: Unable to annotate to non-existent timing check (RECREM (posedge CDN) (COND D_E_SDFCHK (posedge CP)) (-19) (30)) of instance tb.conv.\registers_reg[22][15]  of module EDFCNQD1BWP30P140 <../sintese/results/gate_level/conv_analysis_view_0p90v_25c_captyp_nominal.sdf, line 533102>.
xmelab: *W,SDFNET: Unable to annotate to non-existent timing check (RECREM (posedge CDN) (COND D_E_SDFCHK (posedge CP)) (-19) (30)) of instance tb.conv.\registers_reg[22][16]  of module EDFCNQD1BWP30P140 <../sintese/results/gate_level/conv_analysis_view_0p90v_25c_captyp_nominal.sdf, line 533132>.
xmelab: *W,SDFNET: Unable to annotate to non-existent timing check (RECREM (posedge CDN) (COND D_E_SDFCHK (posedge CP)) (-19) (30)) of instance tb.conv.\registers_reg[22][17]  of module EDFCNQD1BWP30P140 <../sintese/results/gate_level/conv_analysis_view_0p90v_25c_captyp_nominal.sdf, line 533162>.
xmelab: *W,SDFNET: Unable to annotate to non-existent timing check (RECREM (posedge CDN) (COND D_E_SDFCHK (posedge CP)) (-19) (30)) of instance tb.conv.\registers_reg[22][18]  of module EDFCNQD1BWP30P140 <../sintese/results/gate_level/conv_analysis_view_0p90v_25c_captyp_nominal.sdf, line 533192>.
xmelab: *W,SDFNET: Unable to annotate to non-existent timing check (RECREM (posedge CDN) (COND D_E_SDFCHK (posedge CP)) (-19) (30)) of instance tb.conv.\registers_reg[22][19]  of module EDFCNQD1BWP30P140 <../sintese/results/gate_level/conv_analysis_view_0p90v_25c_captyp_nominal.sdf, line 533222>.
xmelab: *W,SDFNET: Unable to annotate to non-existent timing check (RECREM (posedge CDN) (COND D_E_SDFCHK (posedge CP)) (-19) (30)) of instance tb.conv.\registers_reg[23][0]  of module EDFCNQD1BWP30P140 <../sintese/results/gate_level/conv_analysis_view_0p90v_25c_captyp_nominal.sdf, line 533252>.
xmelab: *W,SDFNET: Unable to annotate to non-existent timing check (RECREM (posedge CDN) (COND D_E_SDFCHK (posedge CP)) (-19) (30)) of instance tb.conv.\registers_reg[23][1]  of module EDFCNQD1BWP30P140 <../sintese/results/gate_level/conv_analysis_view_0p90v_25c_captyp_nominal.sdf, line 533282>.
xmelab: *W,SDFNET: Unable to annotate to non-existent timing check (RECREM (posedge CDN) (COND D_E_SDFCHK (posedge CP)) (-19) (30)) of instance tb.conv.\registers_reg[23][2]  of module EDFCNQD1BWP30P140 <../sintese/results/gate_level/conv_analysis_view_0p90v_25c_captyp_nominal.sdf, line 533312>.
xmelab: *W,SDFNET: Unable to annotate to non-existent timing check (RECREM (posedge CDN) (COND D_E_SDFCHK (posedge CP)) (-19) (30)) of instance tb.conv.\registers_reg[23][3]  of module EDFCNQD1BWP30P140 <../sintese/results/gate_level/conv_analysis_view_0p90v_25c_captyp_nominal.sdf, line 533342>.
xmelab: *W,SDFNET: Unable to annotate to non-existent timing check (RECREM (posedge CDN) (COND D_E_SDFCHK (posedge CP)) (-19) (30)) of instance tb.conv.\registers_reg[23][4]  of module EDFCNQD1BWP30P140 <../sintese/results/gate_level/conv_analysis_view_0p90v_25c_captyp_nominal.sdf, line 533372>.
xmelab: *W,SDFNET: Unable to annotate to non-existent timing check (RECREM (posedge CDN) (COND D_E_SDFCHK (posedge CP)) (-19) (30)) of instance tb.conv.\registers_reg[23][5]  of module EDFCNQD1BWP30P140 <../sintese/results/gate_level/conv_analysis_view_0p90v_25c_captyp_nominal.sdf, line 533402>.
xmelab: *W,SDFNET: Unable to annotate to non-existent timing check (RECREM (posedge CDN) (COND D_E_SDFCHK (posedge CP)) (-19) (30)) of instance tb.conv.\registers_reg[23][6]  of module EDFCNQD1BWP30P140 <../sintese/results/gate_level/conv_analysis_view_0p90v_25c_captyp_nominal.sdf, line 533432>.
xmelab: *W,SDFNET: Unable to annotate to non-existent timing check (RECREM (posedge CDN) (COND D_E_SDFCHK (posedge CP)) (-19) (30)) of instance tb.conv.\registers_reg[23][7]  of module EDFCNQD1BWP30P140 <../sintese/results/gate_level/conv_analysis_view_0p90v_25c_captyp_nominal.sdf, line 533462>.
xmelab: *W,SDFNET: Unable to annotate to non-existent timing check (RECREM (posedge CDN) (COND D_E_SDFCHK (posedge CP)) (-19) (30)) of instance tb.conv.\registers_reg[23][8]  of module EDFCNQD1BWP30P140 <../sintese/results/gate_level/conv_analysis_view_0p90v_25c_captyp_nominal.sdf, line 533492>.
xmelab: *W,SDFNET: Unable to annotate to non-existent timing check (RECREM (posedge CDN) (COND D_E_SDFCHK (posedge CP)) (-19) (30)) of instance tb.conv.\registers_reg[23][9]  of module EDFCNQD1BWP30P140 <../sintese/results/gate_level/conv_analysis_view_0p90v_25c_captyp_nominal.sdf, line 533522>.
xmelab: *W,SDFNET: Unable to annotate to non-existent timing check (RECREM (posedge CDN) (COND D_E_SDFCHK (posedge CP)) (-19) (30)) of instance tb.conv.\registers_reg[23][10]  of module EDFCNQD1BWP30P140 <../sintese/results/gate_level/conv_analysis_view_0p90v_25c_captyp_nominal.sdf, line 533552>.
xmelab: *W,SDFNET: Unable to annotate to non-existent timing check (RECREM (posedge CDN) (COND D_E_SDFCHK (posedge CP)) (-19) (30)) of instance tb.conv.\registers_reg[23][11]  of module EDFCNQD1BWP30P140 <../sintese/results/gate_level/conv_analysis_view_0p90v_25c_captyp_nominal.sdf, line 533582>.
xmelab: *W,SDFNET: Unable to annotate to non-existent timing check (RECREM (posedge CDN) (COND D_E_SDFCHK (posedge CP)) (-19) (30)) of instance tb.conv.\registers_reg[23][12]  of module EDFCNQD1BWP30P140 <../sintese/results/gate_level/conv_analysis_view_0p90v_25c_captyp_nominal.sdf, line 533612>.
xmelab: *W,SDFNET: Unable to annotate to non-existent timing check (RECREM (posedge CDN) (COND D_E_SDFCHK (posedge CP)) (-19) (30)) of instance tb.conv.\registers_reg[23][13]  of module EDFCNQD1BWP30P140 <../sintese/results/gate_level/conv_analysis_view_0p90v_25c_captyp_nominal.sdf, line 533642>.
xmelab: *W,SDFNET: Unable to annotate to non-existent timing check (RECREM (posedge CDN) (COND D_E_SDFCHK (posedge CP)) (-19) (30)) of instance tb.conv.\registers_reg[23][14]  of module EDFCNQD1BWP30P140 <../sintese/results/gate_level/conv_analysis_view_0p90v_25c_captyp_nominal.sdf, line 533672>.
xmelab: *W,SDFNET: Unable to annotate to non-existent timing check (RECREM (posedge CDN) (COND D_E_SDFCHK (posedge CP)) (-19) (30)) of instance tb.conv.\registers_reg[23][15]  of module EDFCNQD1BWP30P140 <../sintese/results/gate_level/conv_analysis_view_0p90v_25c_captyp_nominal.sdf, line 533702>.
xmelab: *W,SDFNET: Unable to annotate to non-existent timing check (RECREM (posedge CDN) (COND D_E_SDFCHK (posedge CP)) (-19) (30)) of instance tb.conv.\registers_reg[23][16]  of module EDFCNQD1BWP30P140 <../sintese/results/gate_level/conv_analysis_view_0p90v_25c_captyp_nominal.sdf, line 533732>.
xmelab: *W,SDFNET: Unable to annotate to non-existent timing check (RECREM (posedge CDN) (COND D_E_SDFCHK (posedge CP)) (-19) (30)) of instance tb.conv.\registers_reg[23][17]  of module EDFCNQD1BWP30P140 <../sintese/results/gate_level/conv_analysis_view_0p90v_25c_captyp_nominal.sdf, line 533762>.
xmelab: *W,SDFNET: Unable to annotate to non-existent timing check (RECREM (posedge CDN) (COND D_E_SDFCHK (posedge CP)) (-19) (30)) of instance tb.conv.\registers_reg[23][18]  of module EDFCNQD1BWP30P140 <../sintese/results/gate_level/conv_analysis_view_0p90v_25c_captyp_nominal.sdf, line 533792>.
xmelab: *W,SDFNET: Unable to annotate to non-existent timing check (RECREM (posedge CDN) (COND D_E_SDFCHK (posedge CP)) (-19) (30)) of instance tb.conv.\registers_reg[23][19]  of module EDFCNQD1BWP30P140 <../sintese/results/gate_level/conv_analysis_view_0p90v_25c_captyp_nominal.sdf, line 533822>.
xmelab: *W,SDFNET: Unable to annotate to non-existent timing check (RECREM (posedge CDN) (COND D_E_SDFCHK (posedge CP)) (-19) (30)) of instance tb.conv.\registers_reg[24][0]  of module EDFCNQD1BWP30P140 <../sintese/results/gate_level/conv_analysis_view_0p90v_25c_captyp_nominal.sdf, line 533852>.
xmelab: *W,SDFNET: Unable to annotate to non-existent timing check (RECREM (posedge CDN) (COND D_E_SDFCHK (posedge CP)) (-19) (30)) of instance tb.conv.\registers_reg[24][1]  of module EDFCNQD1BWP30P140 <../sintese/results/gate_level/conv_analysis_view_0p90v_25c_captyp_nominal.sdf, line 533882>.
xmelab: *W,SDFNET: Unable to annotate to non-existent timing check (RECREM (posedge CDN) (COND D_E_SDFCHK (posedge CP)) (-19) (30)) of instance tb.conv.\registers_reg[24][2]  of module EDFCNQD1BWP30P140 <../sintese/results/gate_level/conv_analysis_view_0p90v_25c_captyp_nominal.sdf, line 533912>.
xmelab: *W,SDFNET: Unable to annotate to non-existent timing check (RECREM (posedge CDN) (COND D_E_SDFCHK (posedge CP)) (-19) (30)) of instance tb.conv.\registers_reg[24][3]  of module EDFCNQD1BWP30P140 <../sintese/results/gate_level/conv_analysis_view_0p90v_25c_captyp_nominal.sdf, line 533942>.
xmelab: *W,SDFNET: Unable to annotate to non-existent timing check (RECREM (posedge CDN) (COND D_E_SDFCHK (posedge CP)) (-19) (30)) of instance tb.conv.\registers_reg[24][4]  of module EDFCNQD1BWP30P140 <../sintese/results/gate_level/conv_analysis_view_0p90v_25c_captyp_nominal.sdf, line 533972>.
xmelab: *W,SDFNET: Unable to annotate to non-existent timing check (RECREM (posedge CDN) (COND D_E_SDFCHK (posedge CP)) (-19) (30)) of instance tb.conv.\registers_reg[24][5]  of module EDFCNQD1BWP30P140 <../sintese/results/gate_level/conv_analysis_view_0p90v_25c_captyp_nominal.sdf, line 534002>.
xmelab: *W,SDFNET: Unable to annotate to non-existent timing check (RECREM (posedge CDN) (COND D_E_SDFCHK (posedge CP)) (-19) (30)) of instance tb.conv.\registers_reg[24][6]  of module EDFCNQD1BWP30P140 <../sintese/results/gate_level/conv_analysis_view_0p90v_25c_captyp_nominal.sdf, line 534032>.
xmelab: *W,SDFNET: Unable to annotate to non-existent timing check (RECREM (posedge CDN) (COND D_E_SDFCHK (posedge CP)) (-19) (30)) of instance tb.conv.\registers_reg[24][7]  of module EDFCNQD1BWP30P140 <../sintese/results/gate_level/conv_analysis_view_0p90v_25c_captyp_nominal.sdf, line 534062>.
xmelab: *W,SDFNET: Unable to annotate to non-existent timing check (RECREM (posedge CDN) (COND D_E_SDFCHK (posedge CP)) (-19) (30)) of instance tb.conv.\registers_reg[24][8]  of module EDFCNQD1BWP30P140 <../sintese/results/gate_level/conv_analysis_view_0p90v_25c_captyp_nominal.sdf, line 534092>.
xmelab: *W,SDFNET: Unable to annotate to non-existent timing check (RECREM (posedge CDN) (COND D_E_SDFCHK (posedge CP)) (-19) (30)) of instance tb.conv.\registers_reg[24][9]  of module EDFCNQD1BWP30P140 <../sintese/results/gate_level/conv_analysis_view_0p90v_25c_captyp_nominal.sdf, line 534122>.
xmelab: *W,SDFNET: Unable to annotate to non-existent timing check (RECREM (posedge CDN) (COND D_E_SDFCHK (posedge CP)) (-19) (30)) of instance tb.conv.\registers_reg[24][10]  of module EDFCNQD1BWP30P140 <../sintese/results/gate_level/conv_analysis_view_0p90v_25c_captyp_nominal.sdf, line 534152>.
xmelab: *W,SDFNET: Unable to annotate to non-existent timing check (RECREM (posedge CDN) (COND D_E_SDFCHK (posedge CP)) (-19) (30)) of instance tb.conv.\registers_reg[24][11]  of module EDFCNQD1BWP30P140 <../sintese/results/gate_level/conv_analysis_view_0p90v_25c_captyp_nominal.sdf, line 534182>.
xmelab: *W,SDFNET: Unable to annotate to non-existent timing check (RECREM (posedge CDN) (COND D_E_SDFCHK (posedge CP)) (-19) (30)) of instance tb.conv.\registers_reg[24][12]  of module EDFCNQD1BWP30P140 <../sintese/results/gate_level/conv_analysis_view_0p90v_25c_captyp_nominal.sdf, line 534212>.
xmelab: *W,SDFNET: Unable to annotate to non-existent timing check (RECREM (posedge CDN) (COND D_E_SDFCHK (posedge CP)) (-19) (30)) of instance tb.conv.\registers_reg[24][13]  of module EDFCNQD1BWP30P140 <../sintese/results/gate_level/conv_analysis_view_0p90v_25c_captyp_nominal.sdf, line 534242>.
xmelab: *W,SDFNET: Unable to annotate to non-existent timing check (RECREM (posedge CDN) (COND D_E_SDFCHK (posedge CP)) (-19) (30)) of instance tb.conv.\registers_reg[24][14]  of module EDFCNQD1BWP30P140 <../sintese/results/gate_level/conv_analysis_view_0p90v_25c_captyp_nominal.sdf, line 534272>.
xmelab: *W,SDFNET: Unable to annotate to non-existent timing check (RECREM (posedge CDN) (COND D_E_SDFCHK (posedge CP)) (-19) (30)) of instance tb.conv.\registers_reg[24][15]  of module EDFCNQD1BWP30P140 <../sintese/results/gate_level/conv_analysis_view_0p90v_25c_captyp_nominal.sdf, line 534302>.
