472922 457183 478943 422866 320999 260617 358742 304414 260015 335169 283332 379182 300202 325629 330446 371447 269226 226275 205142 309431 361671 267420 283663 215881 323775 327631 474790 378898 318032 333751 265264 390244 329987 262377 317988 374139 347511 287228 295777 369424 270892 154572 175010 228389 318292 393912 456832 477288 404785 356500 308547 441192 422676 443056 415262 390713 374205 377553 398061 477300 394934 420895 321512 235414 364474 414230 266317 220702 240483 331667 409396 361318 353792 317936 287491 270329 280824 376664 421114 254204 266550 359852 461095 342966 350640 301325 295438 362491 397910 334308 348417 297242 328321 390767 269487 357797 372310 447427 482380 454578 333171 234835 209494 116155 283801 425765 481484 291600 214762 280450 349497 371244 302207 362119 323626 403733 373232 423309 516519 463725 453274 356035 331605 442493 368006 349150
312672 298937 357180 396273 442947 341443 293749 416668 309977 449363 189490 195276 181271 232274 248474 325241 270326 348285 364655 351658 418686 354683 277324 211411 329205 348094 441433 444003 304129 274078 339016 349398 398872 303019 273123 258830 334449 396599 473135 362974 387399 331144 336760 446251 423589 508522 424860 441515 522128 436311 400183 341471 383825 493013 460628 477140 449264 388217 316524 398824 453146 418999 407045 402477 442964 519463 402247 347405 396208 241329 362599 279787 350008 268807 191316 238201 338724 320284 424751 375526 421623 361387 443090 288987 195876 222792 314716 286447 284991 375086 318832 413035 427028 407781 320792 418374 397414 416809 442798 431759 513106 398295 340208 269595 311314 251051 346388 359069 280925 271981 263583 293064 282408 323549 232119 273380 365348 456087 451334 331792 412957 391824 398609 321432 341050 260059
328752 428949 505531 366285 232849 275128 227350 273629 192373 272839 308185 210490 212476 356120 373211 422950 191537 269728 352199 435094 435745 380566 358338 216141 422638 455619 376448 352370 314994 232653 311499 332535 246979 195908 229409 263065 340840 408076 400591 230549 376613 317399 281567 402458 342699 405355 374114 493818 441364 476809 386076 442014 288753 450021 380332 456175 402244 332552 313221 284902 276384 237739 338893 383670 453551 485390 495662 400381 394847 312758 381289 349987 279278 249892 120349 129846 288282 427726 386645 363892 348882 451073 520374 428128 336827 257171 215460 317482 393190 355919 304361 407479 378553 416466 281106 318504 395974 511503 604168 474841 299000 282142 324471 376912 451611 378026 375778 393599 338720 210683 277183 392176 442883 470147 393178 374673 335154 375832 374157 348931 389991 447140 471864 483588 333163 307965
294141 387248 438564 513742 456095 402089 335893 363659 222425 238902 167613 223950 219385 358240 201939 392139 358314 293120 347152 481515 431982 374316 285181 375672 323694 356968 376861 346269 315243 321650 361771 441089 405508 264353 170891 217875 321342 317607 431163 409597 459915 515046 422749 454934 525264 465402 330048 393554 535444 492104 271916 269366 313834 446705 464859 350431 268679 250382 270994 334605 316987 338174 479049 473178 418008 379666 359789 408965 511373 369546 317405 351568 230255 211017 247982 360545 308275 463424 449174 397034 304654 395311 351297 298826 282385 297294 258169 346367 311005 417698 274603 381638 297744 402371 334515 388144 378367 330157 440059 358108 381786 329066 449782 348074 337082 337465 354236 438835 484573 293283 365942 340559 300427 295107 320986 400562 461684 270065 220062 192752 281215 411352 344647 301230 288862 389141
351234 354610 437495 418335 416545 455998 322421 324457 292809 261405 220533 265379 193227 387349 299357 405090 382307 329338 235624 339690 293605 279582 256992 345230 356203 260600 363463 338033 348543 424004 387528 367086 362128 309355 286666 347566 367134 330182 340086 439406 482505 462029 493302 379880 391617 336461 359921 394571 421108 433808 320629 350378 328866 293319 378626 304000 279523 316917 392552 409805 347695 294741 287234 314170 416307 466795 429820 382077 396243 370915 393004 359589 273148 268216 206022 289227 430488 513583 509108 471048 353270 351788 305897 289887 204355 242626 264997 388904 347955 442572 276905 319698 274722 255703 220875 342809 472220 489476 506950 375318 324192 321387 377987 455555 331293 427871 444504 450979 441275 314905 324329 449515 346841 292804 300068 361188 344323 303576 295379 377958 466524 554443 545683 405821 248515 308061
430814 478610 503778 488960 471573 364959 345069 464511 328248 359089 341699 500930 348330 242268 255065 292811 331636 273313 318885 417074 271597 286281 331824 281101 345277 397306 391123 448356 410606 457366 497261 551189 404550 375928 408684 436460 325978 319926 363041 457638 526533 530480 500053 411434 412098 274917 329739 343613 496160 377278 319172 288894 318592 400863 360797 281784 307731 412824 365064 366496 487477 441456 456968 333280 249036 320320 406622 442419 509584 524495 371374 317737 243546 338251 363879 304335 399397 346978 316766 315065 401243 252351 380565 249070 277669 342323 300592 430222 359143 381395 301344 316440 223212 378071 351262 260729 355321 367005 445244 317959 397261 394263 339136 254469 183718 168898 301031 422417 434082 397055 299548 380425 375085 282956 396953 422988 349539 240769 266832 364003 477400 440296 508677 497048 411818 451292
431290 330393 381476 384502 364200 390253 243149 356797 279352 437845 303942 410761 320190 468962 468797 448316 414112 409556 283114 302925 276714 218230 344323 305092 375469 397721 320353 325480 274055 447786 504023 514829 393661 357041 404691 317134 351380 425944 457141 515738 494804 366056 436550 360153 398920 297979 403743 474126 466683 522393 481215 326350 369243 313993 481423 369741 428545 499501 507559 330442 374942 313840 285651 297793 363315 389126 472799 452370 473966 556230 394164 355847 168514 211940 191941 311153 360075 450931 456857 397372 517703 441040 362173 270150 264522 322153 288519 427852 502190 427996 297366 422069 400156 398346 441750 383810 218756 363075 418783 426426 267146 307263 433180 404665 336214 338398 304192 317506 303085 387019 296758 270519 198977 245873 338871 376022 285443 226020 309869 475498 493471 388892 370068 325039 347541 331008
339728 407818 522611 363506 269212 360285 341610 406977 426442 528826 425880 323177 130994 206598 241594 271535 178963 309389 348412 359394 336393 381520 405913 442372 463747 354956 359042 304016 323529 403147 491082 465296 601027 437344 439961 304721 361780 320443 352978 365349 507984 478123 424429 496080 473143 466573 412139 461003 453474 471718 417245 358384 393221 461609 324783 354872 311043 283495 380917 421491 357597 378319 308842 284421 212616 258390 224117 398031 424079 508658 412641 420285 223823 235130 278535 264758 298603 312617 452227 335297 433047 329990 330308 332723 412706 346183 313484 330803 379937 399781 390205 345180 480353 447494 339686 297226 267344 356083 401771 459995 467541 361168 370863 305777 229296 238705 219812 314037 371217 360142 403040 393239 383474 345143 321278 334888 278233 273938 297923 320381 448397 383928 386990 341860 386142 374513
330300 271186 203584 267121 215514 307716 343871 328921 256918 365781 247410 291396 258551 266751 245255 281977 326796 222382 344706 357168 301374 328847 319456 310348 369510 311154 237972 189179 203591 274235 324581 179308 366046 388198 393406 252023 326391 407397 335421 274708 324783 343735 361797 333657 250223 299346 307681 351337 348060 345456 285808 419908 377121 472674 378751 259120 296430 268154 342989 287953 247685 242175 275903 435282 245187 250477 236603 340962 390701 442042 414434 337907 219698 256373 347139 396876 461960 395466 421815 488742 542345 410462 345751 264168 235427 300226 382890 464170 411744 343539 332516 310853 395992 486819 363749 275703 254871 444937 373559 334132 305873 404760 391568 350765 233279 240668 167384 227538 258066 456617 458477 438335 380679 373228 393050 282704 285723 310679 356266 352382 371926 353905 386339 337315 334393 287601
220391 290844 254602 218829 341815 313417 411217 342763 348857 337942 248596 226390 195726 342019 318096 241970 175150 274618 332876 386946 374028 325886 380122 372052 415751 347665 225687 155475 250487 215401 353147 245713 352065 346565 322157 302950 301755 378960 469247 310183 297345 391451 373128 366543 336832 406902 307809 405969 471339 501361 419183 451336 425982 318076 365863 301443 369872 417065 383862 384054 163528 226691 250427 301813 238576 219471 208037 366059 374354 330044 402612 412901 439316 287468 289944 275134 273278 309585 340366 284643 444029 284051 325618 381469 351415 292778 283680 300199 370369 279928 335525 314165 365761 303542 351458 286628 312795 274959 365684 366365 472110 434866 414362 371374 272349 203434 359742 358582 296698 232330 365954 358548 395230 347478 477958 426759 371044 341554 443631 425514 477581 335881 333237 470335 292424 285062
395458 336752 285645 234917 300574 261117 342149 344274 272471 278985 289015 406962 274356 264950 404449 398263 328353 244645 234024 250599 305904 285500 257104 347396 426860 333326 179266 144368 197403 180170 181978 153399 302213 291253 285711 207051 206121 272503 338341 369468 175336 366797 319424 315105 192710 232393 342062 160814 290328 335902 379468 493233 384627 375807 330548 361929 426724 357720 293418 356775 297283 275032 341261 451734 360681 274808 411376 299459 391524 370045 323578 342039 425882 488130 553494 518167 426549 319213 306840 400416 426125 383446 260546 314448 373746 337553 358169 379626 311303 265417 209180 337667 401795 317338 173418 260552 295795 334841 294831 398320 431467 393616 393554 244219 289272 320339 308784 303042 417176 449316 442405 311827 422529 399121 465937 489612 414741 362464 420377 494529 368960 357159 324423 579747 488333 378877
434289 398624 281453 231075 321801 313584 307106 418770 430591 402607 273556 265670 369689 438287 440469 394449 360671 382917 226865 361615 269469 427534 310327 348339 473517 369062 152175 132936 211547 278412 294350 361588 364029 417513 416095 429806 356742 303503 302532 338259 447528 447114 403548 338145 317126 224121 359023 322747 342614 334151 303983 300729 362489 276175 288842 360384 419582 464030 325099 270347 368800 275377 273366 340892 398272 219938 237724 257316 261799 243960 229213 329747 247127 231271 266069 284316 365618 278554 391686 466993 446128 395819 426724 411785 376047 339078 245451 356253 338884 317614 228531 266364 357716 302679 359494 166185 273497 362099 429072 405995 340832 272345 415257 348292 371376 387424 470639 359788 333277 296908 325698 304905 465442 404040 384153 411722 339243 341396 461189 509271 431770 316322 278360 396971 485114 320187
444442 446096 440190 307345 207803 204048 375737 394742 402869 415953 462146 298504 319929 298185 369646 333453 294687 378824 386277 443713 354089 390955 419232 454268 454339 456915 316945 369935 316395 286519 244700 301591 312867 349896 332505 339689 377691 316404 223835 342206 405130 488742 384021 322222 375229 248010 273490 271581 216869 308754 254670 348975 453665 477862 379575 383876 308544 348042 368577 310703 302843 279265 379618 447631 505474 403580 344414 342601 216866 298218 215197 338592 295326 407431 385042 351348 312892 381803 420289 481809 385763 430597 379958 319921 287485 313478 268339 396020 414745 304408 267094 277980 288596 290147 317017 400112 392716 509382 361136 244601 285992 246554 225719 246459 326280 314240 330876 409933 442404 302212 359794 306339 402852 437151 388930 352810 370557 272894 405533 323168 302296 355125 332841 409331 520190 425301
372838 393762 392073 365691 375390 238232 382878 378178 412261 290613 381539 401632 386308 415111 384055 412042 393386 436897 339248 360985 399865 421753 384475 398834 451077 336348 280219 375855 362219 407889 388643 443268 356301 335638 409939 370499 285626 218259 321375 447376 575534 574373 452418 373820 267402 318824 138225 244424 248884 309560 429783 289210 305629 310825 345307 371020 350140 282010 462081 421476 482291 214741 283889 323760 362200 277589 265500 348804 299629 255468 251660 342418 239812 264292 329618 206883 303244 406249 425034 419867 391584 343126 349966 316115 170484 178096 248655 338299 311332 329815 296758 308938 362452 368938 314143 352651 484491 541961 443744 258284 170492 286972 248173 271102 337858 386524 456756 430142 522194 364879 407040 467892 401456 345710 317504 236397 354894 296881 428714 404467 343191 370753 403544 339110 360748 400131
438819 391485 361952 295645 365361 364819 457472 387613 392311 311952 346319 335850 326438 222207 237659 191213 324293 390622 426733 452360 354055 473735 441712 410542 467759 553460 446670 449228 457381 379451 363229 292100 263267 130587 298471 328996 347549 319596 363104 387017 440465 395906 434209 392287 290264 365874 215615 233684 269247 311415 468569 398639 353508 292540 259602 355437 381399 286677 296646 368634 331840 330017 341815 397047 432661 396577 401671 291230 306770 418451 356930 427182 377107 413318 432889 366787 358051 341188 434480 346814 495048 450886 453952 483343 318609 229384 178620 282019 233894 208320 219549 295922 273692 385325 376947 282824 304144 274213 289625 305024 324905 363413 391320 318192 468406 413695 515721 385886 373092 315818 304004 391609 411856 479348 442910 388779 424117 319559 197950 250708 320804 362175 357484 321216 275155 445267
443853 369991 440533 369912 405986 392708 360153 313300 218817 344277 382181 376282 424782 313454 375330 388668 383864 295880 287283 379123 311560 375625 311133 258751 288768 299627 487141 440246 393079 387690 427785 355181 253514 299398 228729 304414 192842 356441 432012 492913 486615 432465 371045 386396 231649 304978 245233 297511 350710 311653 330022 278243 168700 267698 250774 260755 354501 494406 439266 432599 348730 255588 471392 390399 363717 358847 387510 390870 266370 351467 321287 400421 479073 325507 272119 320160 375436 261601 322118 328795 416096 463476 435941 351211 301937 331835 259349 260356 315873 320514 133621 282881 213766 283111 240831 198304 293464 386016 330210 387137 376770 388275 307853 198351 305669 308942 474010 441576 368863 355690 337276 420982 287553 390321 406022 331606 355272 234387 176397 241464 377698 483375 367474 360919 280379 416724
432219 329467 280123 303867 314105 284236 288858 240712 160202 218015 346803 328161 302590 220020 211721 298471 377690 437281 263532 318507 380561 480002 442156 426699 488277 415941 381574 353928 318211 342533 333459 277671 275133 319020 368137 366273 301633 322048 347879 263527 295410 253429 299514 312833 251599 371965 289928 223556 354628 315562 343800 424535 380873 364135 342196 354003 315307 372927 323194 286913 397361 319669 299843 395014 268679 297911 396812 464604 324333 301645 325065 450344 461783 572680 457626 393371 442306 395835 297390 237706 433539 487807 499652 397267 267588 273976 210308 221609 246939 398908 242562 240415 305766 245651 229237 100373 131338 226589 289958 282213 402882 368026 375449 279951 438054 428080 437558 362219 348955 257929 198429 361183 371501 363181 359400 339171 267294 192869 275003 401544 368885 379868 267494 243680 261195 257254
428016 377331 346316 324297 353833 324804 278605 184906 248636 309664 400667 489519 431042 440547 332180 352460 358885 450794 349671 343815 310878 249970 292813 167301 185293 295720 336498 330945 452373 380388 464071 387893 352174 304002 343788 372976 274795 331788 399936 313465 265181 225280 303721 337996 395409 279041 446264 295868 315197 299286 327936 421782 351080 355280 235479 305391 428703 482454 387535 260360 257825 416545 403267 276163 349960 275675 262911 436647 221947 211251 235744 382147 338115 323869 376820 430168 313906 363586 352833 341837 453915 445684 294150 312885 347925 466621 413197 402411 266103 396658 351273 291461 299758 337568 289157 320628 363355 347832 379133 363316 344717 284412 346686 271849 330027 353912 331799 365100 447580 392592 194397 338400 270558 367753 308038 314831 286658 210128 186342 321102 414121 372555 291573 292897 185891 266632
395850 410241 263168 264999 380481 259297 230774 182929 315873 435143 402823 465142 479157 507872 444407 390823 408394 402344 426092 337327 293419 248112 359252 401045 425117 343178 290770 305698 335448 386586 411153 355631 414653 408128 389788 336501 237641 285380 354774 362336 389299 306986 292634 369627 522058 301945 318394 255971 441957 449665 429587 481614 427697 405456 356447 367953 293994 345555 318946 442255 334787 435142 463738 283580 224534 276014 287396 252375 239737 332067 353747 403693 451379 448845 435045 508852 463959 362014 379160 312175 373193 348056 348069 205040 306105 340663 276727 376984 317556 293398 299549 317010 319569 349694 348561 282325 319173 305211 336909 271367 269337 232965 340976 384512 416749 343633 240958 304142 282369 228178 190438 167278 258223 216596 301655 301022 290021 230115 212726 279501 256323 321433 315054 298113 195255 190253
398171 252858 314813 224885 363689 299850 268823 194918 220799 355023 358011 418410 527065 560393 541945 390699 310241 373028 540701 367559 349100 196509 272941 288688 422170 392221 346664 398085 252231 336624 237220 360208 374007 499917 525047 416101 296381 269738 331062 293667 350991 395281 500641 433658 556178 438612 487486 325373 392079 417648 398693 430125 361773 342066 377067 403342 513223 555205 398194 379926 297928 271386 331290 294546 224380 290474 233984 305578 293503 261912 329638 361222 377673 437304 465264 391468 427819 304294 400901 446771 429250 402817 332697 268153 337832 434183 440979 461774 433590 389541 386470 424968 330873 290866 282364 326594 318592 407858 344960 319833 261402 175627 228087 316671 264067 274435 353757 438617 377252 304996 320950 346761 335930 414348 397113 426941 329738 250508 241683 338241 282304 304242 250369 225091 253179 257605
443748 456015 331967 382551 245287 342894 367264 409400 286608 242501 318862 402611 505593 556859 383347 220369 253631 347253 401717 370132 231315 263539 360399 421182 484940 429024 251701 346319 229544 342919 326977 285587 338688 453307 354751 332376 307892 394845 386183 347119 351349 221040 333566 389693 427311 442780 454985 523550 564323 450926 352421 243183 310626 318085 394334 377563 336427 407727 443837 401680 380928 379458 333442 271903 362027 320057 366193 301145 436925 405686 307324 281568 362808 321360 404388 372433 404224 372762 119627 297519 355554 424733 360836 352883 255042 276352 393465 444456 406035 261265 341613 225660 457386 423744 399214 340888 289287 392135 304451 366412 398569 258083 312856 212485 276114 288702 433242 294370 314194 280328 390010 256715 325090 242755 371722 389098 425431 275054 184315 309624 283217 386164 304272 200833 225619 386740
356563 276604 234421 315120 324536 429215 325566 331469 317994 281021 337199 419901 388587 424138 269626 286478 375853 424022 501449 472480 394466 259252 290827 277340 306325 427993 350135 335607 244465 421758 360795 505901 491927 562969 397208 352679 276870 244429 385207 291470 395130 371563 431501 351956 330640 398575 508580 481444 533980 468098 429468 272628 375498 241933 319750 447819 453598 392446 429646 421577 272486 303084 376756 348901 344024 392979 378168 312788 199601 335495 222082 253175 302077 347735 400662 409449 342663 332576 230844 367901 342491 268411 222474 225844 347076 389520 371367 382466 393419 348445 344304 239936 203488 253516 257582 324404 312661 303334 359704 218827 173490 187059 360346 299261 294260 370451 428561 438354 362639 312221 496558 499503 502944 337246 303572 356874 434546 433436 293459 377877 302021 315880 392328 274817 224569 249315
347655 469750 386972 367945 287589 436390 556721 461719 410790 324535 291849 383162 290767 255590 215126 221192 343245 397718 304969 477033 425311 422769 379688 307743 238504 292250 260026 270615 135816 303874 234717 387906 327121 510290 400983 365788 453411 465498 446696 454064 329552 276719 282464 426113 326789 417175 410350 413081 354312 255098 239552 196729 202907 290768 229849 162895 293583 295404 369305 339833 337074 309468 403065 342786 365216 297377 338808 264286 295286 332157 342330 250229 374308 409508 421273 508367 403912 333498 216149 311346 254822 326761 384185 439370 390490 445182 380605 387650 292074 253046 225875 306705 357869 353500 235082 291111 319991 446644 440766 386220 375844 312686 293836 310151 368046 377072 292421 334888 495891 415687 380686 339769 308240 234884 226597 282465 272766 360745 326726 432905 389744 317898 405139 352729 310115 217439
260463 241054 284819 375057 377120 320765 475046 436817 530504 416411 258868 263180 106811 194799 313294 271284 317297 372493 363067 369155 364839 328653 228347 206543 278908 395370 334220 349336 270469 300327 325882 457167 377466 358821 334085 402840 350599 376728 323248 321540 403141 328039 255092 314172 307913 481012 428215 509864 414124 245776 288104 307406 353340 379266 443830 306316 250559 350878 464679 402519 420140 367884 331819 291513 269814 306760 329341 373907 338040 414735 316053 234542 306144 402700 434636 355724 335065 370847 397059 335409 308507 238686 212341 247900 226669 375612 280017 444241 288706 251524 206429 135053 283863 269061 266029 178719 362332 359642 328624 290420 282893 339136 239993 396308 303190 467663 451572 412698 459744 411396 370316 379584 365477 349008 329782 314478 308093 329679 301496 223603 365715 321487 399223 344946 315748 302105
431003 374963 310177 207036 284067 292220 357429 449997 379837 418606 251552 180303 235919 254361 388629 424616 279819 253245 356849 472998 407497 429343 330882 277345 308516 349399 483312 366374 353206 404318 305700 392402 339386 444781 320537 463048 422971 338705 276253 261158 364369 451083 246516 326485 256556 370462 258455 348448 409503 349051 349241 359453 411663 275419 214808 252393 318623 278878 268491 341439 311477 432507 291507 419620 304086 243689 248104 405723 452896 380573 338927 314187 315165 350718 452326 373049 255021 313199 231665 301699 348956 357924 348115 355024 269465 416293 303016 302144 237723 203670 349965 394857 371049 358306 269282 313187 268715 400287 405176 441621 329704 252329 191340 255486 269733 167351 312598 418217 478940 423399 351939 270039 243534 314869 283331 319222 262436 296908 245585 249274 232019 372311 448785 345600 340304 312281
514722 395064 332108 215137 185892 317122 353368 340287 353709 266219 289447 230680 269561 223262 329589 224319 327630 329865 298748 376082 330052 265344 311858 360108 413062 302501 426111 328971 266741 336971 364087 421593 262029 377674 316719 369421 387600 362149 421958 412336 348541 382839 312855 454389 469407 452870 407870 333681 309399 241083 336700 406663 559414 548799 464283 353584 350186 392826 415032 486192 337263 366634 178592 242765 347820 421165 325963 402051 438129 284610 298444 219400 273033 203825 271645 330387 357349 340208 336846 290830 374579 294230 235675 253899 273135 362503 275194 245919 163271 159657 282000 418235 375323 200174 255650 343951 412649 292634 409421 396348 381431 309552 281245 259353 388305 336051 477651 451383 443031 409161 385467 321998 426063 392907 319905 379492 300826 328723 363588 289213 312184 290302 492187 459182 456397 293146
338554 340979 273311 226592 192048 263605 293554 355363 382048 289065 383671 339156 427555 266225 336485 243325 254415 233384 307189 293198 461993 355622 410012 295984 389666 395449 496659 397842 449995 378274 345991 467147 340647 359242 426063 390633 337373 337236 363656 445094 441407 388558 302402 288060 305170 340238 394907 353421 315988 266518 305676 371140 374293 364723 256348 384793 317923 352801 240499 267905 295101 356202 379669 304628 275383 329649 393329 402614 374772 317087 264708 282455 360976 258116 351230 280739 259215 261326 351665 341464 365368 410997 353621 358491 172543 304516 181669 256467 235931 320677 370935 410652 344801 306695 280240 199951 390018 408775 481494 358647 373940 459399 422446 363659 405438 391293 441223 406728 400329 404338 354296 377158 368004 420210 417006 339710 319707 325692 410236 410151 348966 432611 541968 509761 483289 338081
347726 275214 341444 264241 251893 264863 291868 301511 392557 357264 416910 319775 376607 213134 295080 256136 349525 196691 322732 317902 335858 419586 523977 456702 421530 247446 257053 290088 357479 432151 379433 397372 331783 261428 235257 321912 360215 375786 380115 413000 308882 419785 374402 350388 203908 306746 376993 419408 328676 351912 404672 408678 421636 402743 368530 453917 355105 404220 242330 222269 243769 332114 356433 456750 303052 377717 411360 268704 289518 314424 397727 380220 364407 368818 347987 409621 459929 347177 346987 296580 247698 338342 295761 494425 412444 339007 245296 271855 332299 412825 372931 346849 217189 200457 299943 193728 289753 336821 427203 447135 364136 315893 309142 233302 339356 365903 406278 448469 388829 207160 357527 402999 317321 338703 255342 373117 357678 385074 472482 410348 390875 512655 571196 512578 371010 194143
409969 290662 314824 412445 292125 303391 334450 391863 539335 499949 492052 331314 267322 250144 317215 298819 369162 219062 230462 328812 449087 477876 390002 274211 329048 265119 303203 219838 373955 379899 401168 319662 242063 363763 460022 388758 421786 471583 414331 337951 282115 340812 293990 266027 190283 212637 324553 367217 351618 290770 393398 416641 244742 208971 210203 418600 402198 246254 96415 155739 207107 386530 298295 198177 268537 340667 496779 514388 330428 329957 302177 276955 399297 296765 242887 251397 343311 393373 390941 466618 461452 509109 364283 338581 234502 242855 307577 389680 462623 529920 401717 304987 331152 180009 293274 215130 260666 349225 299549 291779 346337 466346 460651 453812 380512 260219 332516 406248 503451 358707 388193 413646 433372 404382 404064 352661 466499 365850 389915 334183 359885 463129 516514 454259 358165 332023
308049 395479 469742 384614 292890 199381 362370 367519 449305 525235 536417 465255 396033 263269 324941 195111 309457 295230 356498 393269 418110 474738 416547 374918 220653 266638 282765 303543 270544 304890 247367 186298 130367 181034 252283 348257 244253 270020 285296 286992 273377 500372 376376 308213 158275 264414 343157 372606 459334 496547 544889 471046 315418 301105 300839 410356 290669 171434 110908 156896 278327 370665 402169 250000 189118 271932 258289 315693 444040 475212 430302 420854 347171 460245 286246 200703 285868 439513 409417 477690 440007 471893 517923 497680 352873 372200 376531 378665 364519 477990 416357 378359 444547 399270 386740 400495 361220 334919 450506 355759 175084 162806 221701 255030 252490 233337 247167 152298 268977 331122 327255 388537 359147 355796 382174 226585 268362 251086 299653 340607 369332 435027 512687 456915 383036 218220
211726 324777 472535 411641 383857 164163 307748 327949 384374 468521 499514 361269 321410 239691 350865 423539 409371 313454 271545 482674 484109 372528 207118 236736 175051 168307 352920 262842 343205 212278 284743 266027 277166 285664 346812 317748 304802 274173 246937 225732 300579 424474 402634 396222 373726 299946 378189 364279 466613 572572 458838 412369 293874 316544 423074 423202 414871 322204 249606 304801 426767 263918 295695 169922 348700 375418 442257 340026 372473 456815 450599 462464 310961 311413 349311 372024 381445 473204 485222 425433 496972 484508 411534 333859 357609 276376 384302 351915 366923 354019 540186 364167 346677 288718 196617 271599 299694 163386 165546 226402 340878 349808 425372 400232 391427 302827 429069 369167 346052 326499 380642 333937 429411 356679 367102 338317 336488 356365 265515 293634 212618 368974 434120 475365 357778 256946
304118 353663 347473 252338 222806 259818 214860 320944 324492 367577 500779 545390 353895 281989 289872 253005 483290 504742 361891 402013 362208 499283 300576 282339 219501 192992 324871 396623 244610 138946 188063 307409 246610 234281 267630 345172 332501 269612 240919 349338 377163 354819 235482 225030 336876 267901 271660 365326 356245 369521 447043 396765 384540 372204 465715 318696 345526 414582 393149 306202 377439 218964 257668 173805 207741 209030 231418 295769 299552 432635 420597 351044 343027 186012 294255 314419 403861 353533 437641 410982 410829 353299 488294 394225 421114 349348 347678 434628 379355 401414 532215 533310 466505 369113 328806 366241 415736 322281 256249 214764 179764 202083 301464 374889 434215 303572 372684 368159 326378 350115 463530 403836 322505 235931 210316 255055 393612 476658 442355 480444 354704 299506 330621 399403 342381 297905
395117 478153 401068 287956 304979 198503 218092 279114 462266 430835 354214 394836 308213 409225 549206 518784 468560 478170 389572 285050 192542 353717 266325 240187 249184 252599 330289 324858 336066 278135 300074 336045 328787 285466 395394 470166 455207 384696 288752 343433 472931 460220 428858 356196 402728 380393 389925 462593 486068 398311 377036 413478 387439 279612 429036 496844 367354 400258 437429 343475 399143 268199 333638 241116 341602 296405 242213 366911 459415 429654 431049 289674 386347 243057 210887 342554 443999 310238 338671 266309 336527 260275 387046 377983 329817 274569 242410 309268 339746 329232 427177 334992 308279 314955 240264 248755 280716 247228 229733 242921 281923 450558 504490 455558 519329 456980 440391 309071 392890 203558 379590 358017 378012 310620 306277 413937 422799 539234 410765 367751 284036 333074 278633 218956 254725 118263
350701 379675 474849 428884 317741 351395 331128 302111 335632 340485 286682 334658 308674 204045 280585 356244 415518 406580 293962 374711 339642 469344 364897 161373 252144 320607 368804 285300 368327 433368 385671 280927 155312 333761 357103 519898 398484 327246 272021 199924 201371 302108 336157 313063 247648 302503 242970 242074 358326 296575 321580 256849 317837 292389 282994 434507 274722 285776 432595 429575 387844 286841 291483 340782 355778 356110 205907 183944 320358 199641 264877 302249 350788 367962 349658 264477 302233 305428 296403 276745 340175 339889 402796 354106 333413 408437 445997 362802 348555 429896 506987 351182 211689 360431 379027 283209 241388 327805 329591 221559 201803 338829 588984 525089 554252 468009 486961 320131 315428 262936 293310 256136 256139 275989 361515 497997 535992 528050 544092 457261 346924 323445 349932 213470 343263 342458
424669 382759 390570 359040 279290 226393 307190 325278 297916 376666 282438 383168 387645 402082 399739 461331 512378 421596 297927 229499 361115 400876 470971 403892 377060 270677 312826 211891 247072 421415 343530 393725 199218 403770 478074 485168 425911 439757 418426 406168 406187 406340 331023 481729 334362 421498 414525 371411 259230 382631 413367 438924 299845 252469 217846 187804 186200 230940 335853 503852 451708 288723 225868 256123 287589 266318 354263 319477 393077 411106 359780 369610 264646 315659 337181 368759 440734 428845 338330 233585 267377 217381 291865 372946 385389 379181 279029 302552 363379 413433 402486 337794 122266 197138 295909 358235 392387 405925 465857 521905 426513 398396 442209 553345 469895 350903 320757 270173 211046 220320 338566 435733 327728 383211 435881 396301 416826 467823 442683 473047 353609 365695 328107 393831 357236 294596
415725 404729 477351 318700 271884 249912 361184 343624 363560 325087 449033 417880 327916 312276 384814 335425 361160 280796 318278 365122 353325 230876 287094 291664 399852 250046 339319 276280 368439 353576 301073 335897 407123 394183 459846 329244 332939 335864 319076 218675 268894 423469 269614 348613 234973 323268 296161 425592 350416 304172 352496 347704 390532 396098 277415 282859 268255 299372 343647 545481 436829 383605 334355 378828 350450 287922 299255 154003 201946 204812 335757 389333 364285 368149 405969 441759 462393 333777 315392 389010 355395 374697 422987 338553 410641 409603 364614 274377 402261 429149 414625 297101 350819 317799 286986 293296 310709 383312 392531 401142 464507 384523 341682 373640 424386 472587 411775 439910 319364 223551 256357 404321 484007 441531 466691 424108 427851 458230 471971 436066 343898 305278 216708 322939 382412 452305
369102 342019 423861 443443 307734 245987 296545 353024 395383 464057 421122 472420 417555 414632 475570 423142 430336 301873 356140 388481 440713 387650 382525 323258 392083 250971 294797 286069 370767 349701 232918 221690 325585 369997 369243 353180 288870 272989 265524 297827 275636 414794 404840 366234 379408 415306 312937 347070 401228 444337 481486 443891 365796 281343 311954 328902 333007 386796 448639 481099 364021 249980 261300 260853 309891 314734 419412 329717 332532 396671 340471 470159 338289 340367 390526 478434 490144 340548 359695 302394 275671 243558 407812 427618 453944 388568 311378 279392 411173 416779 434649 280730 260048 358240 396217 379355 483534 462135 422247 381743 378161 342529 341165 224250 209456 327047 352025 431328 388303 336022 297734 349115 396504 359777 395332 396197 379870 295824 327575 398027 275219 428516 383735 372478 357053 359272
193891 242209 333789 401143 353340 291518 322697 322318 359086 464098 556704 429895 336565 259539 282521 269152 380392 371611 408015 171244 243086 231240 359326 380644 418788 246638 311895 218839 435664 326046 371616 321066 408887 322326 280943 249079 353128 306868 339128 307846 357217 274595 236229 300889 322977 475406 375532 282362 335392 354643 419907 389006 389454 360901 461819 550121 398051 305820 362955 402183 483866 342554 285812 324551 455850 437823 473282 394499 317447 413571 357834 563554 454355 505850 401074 388442 361823 430234 365323 322264 375790 356794 283021 344025 305893 315812 301057 189129 323690 288931 364999 348777 224733 318298 214977 241928 295042 368221 390916 343826 396858 311134 291421 326530 412294 445318 480481 446699 357938 267427 261472 329038 378994 345691 404195 465504 434830 343704 384370 461926 342407 333900 356931 468495 332773 322900
398679 369606 402278 417905 329762 276908 260251 288299 321400 289550 387961 446730 414401 451046 298471 286742 181679 200311 326257 298290 400007 445079 451163 458478 446325 282456 299338 357354 330909 294975 288097 200339 311736 384647 439711 257446 223911 291724 272939 344963 413588 385961 339031 298975 353604 300625 391989 311568 370027 332442 417930 395159 368872 509043 471326 418452 495874 339692 428235 390467 404382 291937 377821 283186 318797 429838 446200 426073 286074 388652 395017 382445 354288 330688 381787 275238 360948 412402 541673 449984 365924 321512 184181 238059 362276 375858 349125 276027 325468 426236 379818 395853 390942 378712 331547 309602 340815 318575 440198 360390 485094 381514 290306 221779 254421 409164 480567 379540 219203 321530 279104 325628 199749 272502 281937 416771 364351 259676 115420 251697 280769 251606 220633 319004 264932 307981
310301 291849 401973 320485 299864 269246 284886 209391 233466 272144 339697 367707 270231 270526 312132 469582 402723 246953 124947 134466 220012 303688 369464 390808 350806 423110 293158 398196 425231 407444 397410 274810 402928 376555 371365 343629 281899 334479 320671 233966 295675 372205 341843 302534 346641 313999 315809 348181 390159 450827 339929 291704 284892 418424 436956 362279 336512 270917 269981 303548 375277 292748 329447 470746 460922 456464 391919 373497 276818 321559 419345 477599 431632 361541 388583 350060 367586 361519 273044 327685 310886 202814 158756 281799 333211 382930 331150 292008 335321 372826 266334 333407 288967 325366 213276 181721 289173 350298 404439 453032 381927 387757 409248 328501 492970 486878 469260 409350 273242 344046 334386 418821 303150 333505 377033 353679 386745 386355 323754 234627 210348 315990 366882 343555 195703 262800
371429 304671 384121 337612 317163 158393 248440 273404 214139 192687 215304 401836 362911 427031 282090 424809 365197 276144 257379 317938 336067 326079 365944 415010 336403 308613 311085 173869 300368 299659 379159 322484 337877 432951 340746 316909 343212 302423 403296 501083 405748 333098 333812 328383 238275 246767 318913 300161 356506 334487 408777 372808 316919 299763 444667 273167 236387 399518 363928 267502 348539 339149 323068 370006 418537 406376 412393 309785 315692 394286 512484 422513 391200 280463 367621 332123 287172 319430 378116 506534 494934 419683 337100 269855 261695 230413 187481 295846 344212 444885 392784 426917 317300 295473 259862 281856 301339 412007 501162 432785 380315 370482 370702 333017 456796 427206 314991 318285 235149 294134 248063 319435 334286 271873 440267 344859 294177 291498 324663 198990 140228 208786 267155 404265 310288 261152
324073 256985 347232 271053 392815 319110 284049 317204 247409 350693 225637 190376 157565 207874 250765 432231 384933 266958 175982 290378 342678 249836 279236 419375 420900 477093 461761 469290 440177 294931 225550 329927 393059 403729 330917 241880 198440 272909 234542 332620 429085 483689 307968 269498 234039 273499 298731 307073 398124 382953 401236 263295 240949 243075 224038 308865 214162 341330 488523 348961 287912 333248 388461 402593 295086 228864 272164 249076 230223 291417 446861 466230 359824 269910 240731 272342 356063 316954 258226 257219 331643 330197 241000 352336 380112 396654 318799 360440 411135 380461 409626 419486 197766 234509 183457 248087 332751 342160 241116 302933 293079 248445 379824 425119 583077 427708 232426 220841 309116 391442 374185 289908 409223 251946 311900 273771 417017 282391 393565 399682 390731 487240 375744 506344 475522 364137
280779 426931 459987 329747 348838 359752 322738 354264 344454 323953 273918 283232 238175 378748 466569 529587 507176 366864 270485 271713 386751 315582 236165 305539 263864 257064 258732 297050 407622 288950 275608 243777 242184 421426 374525 254190 238139 411206 503561 489608 333884 420464 338757 333855 410717 351470 434915 289615 353654 288644 340473 293447 361156 325074 222535 324468 318086 168993 352516 440854 473004 370820 435936 394889 430701 282836 310486 186317 287042 309264 410871 298840 262877 200574 247509 150748 210136 381839 438986 391153 397102 379329 238226 262137 313546 339785 359763 287256 373967 375480 349129 311247 365707 405735 423863 304756 373365 359993 271054 225323 393904 356978 478905 461693 549932 396684 372195 362139 290432 315695 367336 265156 316186 337639 343920 309715 427775 441911 297914 305253 233927 357244 341461 328752 435873 405195
310243 295610 390065 342287 356644 399937 334574 317655 288254 284642 296932 213787 165874 199948 410467 480416 494391 406957 398265 349865 438376 421164 311888 404297 392377 500039 461101 346863 244200 277614 246868 304043 293206 228143 293548 342662 267335 322289 360412 518356 548133 415783 280964 241611 426784 359920 309078 290121 410920 241083 202927 243873 223086 212843 157872 301217 498025 469578 424560 339950 380767 411681 337820 341318 395087 414667 354894 260261 304225 420642 393343 347385 270033 278397 308311 409494 419427 362996 299761 276322 204932 299420 166647 282990 389381 365658 423802 361883 316944 257745 297140 233835 239410 270618 339260 408485 288710 405279 287860 247858 219502 243668 320647 337433 471176 463043 334279 375059 365028 404674 364612 349539 256128 262000 269241 409604 426654 408426 404024 471060 520666 544919 509228 485508 502855 484211
337377 328752 223585 199167 314545 346001 483724 409887 407748 272115 307600 310317 457365 446349 472601 442562 479721 367000 294946 399023 453942 417253 251718 273898 286839 363002 441535 327632 247564 317086 348585 326804 234318 201720 153172 211587 373651 342525 292503 239890 273961 243717 369944 317055 398651 305116 386037 325456 449524 290849 275312 306485 399050 368402 316410 241325 249667 260023 246597 273395 307201 418512 504371 429311 468531 350269 359906 277708 363488 412738 394485 324943 264383 263333 174193 169125 345054 456340 503503 456933 354728 260676 264198 399705 346277 491620 348615 289683 273483 206430 367061 467198 420374 340878 232969 378795 295916 440651 364052 398383 385419 297825 389503 465570 380400 422661 359908 446518 429566 419659 390333 317122 325540 345386 309167 422169 502626 389548 255228 395495 429295 432550 372480 335470 437242 336903
435785 317744 281099 221429 295913 315587 422046 338673 405130 509465 301921 245330 367242 333424 485207 368202 333557 272515 304150 342534 360642 448783 359692 488000 480460 516542 391034 250928 191566 210129 330831 284690 305763 298627 378095 323113 310147 355904 459179 412777 372582 275289 265983 274550 303318 279652 420850 318927 405814 352908 431371 347340 404514 393066 424233 531459 413567 432042 256818 310463 213944 291156 268947 347943 373995 427726 412158 401595 389582 312320 307302 403049 511198 496986 461550 322691 295132 202236 335548 363368 394804 280275 165931 292903 353191 295716 278055 179663 213209 251102 278178 216206 261530 330118 203337 266733 311665 398752 391321 353258 461951 336529 312749 387776 390616 384821 328433 337401 345542 286587 315083 373736 299958 289372 347425 374824 265047 250155 271534 421335 582719 549197 459003 405562 508779 390918
227943 310731 294048 303831 383326 388853 438726 386539 280460 251985 277909 254805 377059 268816 362052 404414 394743 304937 229413 302623 369967 303799 271488 417912 428472 328939 260404 283574 369091 461554 390070 254023 306285 371118 381337 521555 401802 409121 421694 300297 226576 220436 385291 331375 276238 231124 327301 266656 267928 283946 442991 461483 434378 434216 330552 506636 442298 432830 345742 320722 304088 360288 259813 195945 170890 255557 433586 468433 522339 442255 361892 325036 286478 327379 333774 369818 365568 286931 368092 350305 352203 311415 279399 315286 335111 470479 339893 231483 142354 330603 395689 254616 251850 313770 318420 275140 234079 352333 415049 282461 358939 475586 434911 380074 363875 386999 359226 302255 419115 365936 375328 372488 433607 365241 325359 354743 351948 295073 365149 460100 517663 477616 512685 378948 311460 292817
333399 337634 323429 246891 474327 403030 439266 369378 337445 334406 410720 238483 350877 274993 345347 321379 442611 433512 381213 306442 363870 503721 426807 437930 378530 266325 191633 257810 341980 351693 375112 363125 360081 474473 376870 385442 475468 367543 382095 438318 309738 357332 315767 407596 403330 252679 397848 376784 449261 406495 406467 386194 360804 486379 408741 418233 317174 415470 362993 372046 243259 244008 246079 260407 252311 268031 398748 457056 330460 317312 463187 536055 494621 473499 387115 349433 307124 295319 407179 319995 270589 249185 329745 368354 317788 357982 423591 375291 359841 234532 277166 365263 330991 340901 325255 305151 295374 253575 423722 315689 423182 442249 372792 229752 411762 437075 467818 266545 301619 300803 350393 255982 186039 306519 307628 340808 327187 252414 240914 362046 357239 353140 321350 380104 338203 284381
286815 396400 491819 408630 484135 494541 506723 441531 339151 360771 371097 284042 365362 309992 373169 411885 457987 431133 341455 261603 170259 291291 329335 366495 246673 292164 342381 447180 414722 331716 243848 181063 297704 422906 383714 273189 313932 317518 277489 324423 303583 368355 342939 231871 399036 372604 236150 231818 290747 329747 248615 249749 265723 437778 270945 319832 331119 413079 430714 269137 273959 191988 223618 228869 264196 317578 426154 577595 563523 450883 421848 393003 400415 422076 449733 517994 382174 262781 308226 186380 205247 167016 346150 358619 445585 433489 446340 410758 453895 466510 417552 350632 372345 285966 316753 376902 334139 296903 330339 329007 334119 401443 275668 268021 362387 409568 358409 384305 309148 442896 251002 279962 307388 299919 395694 372264 302368 328174 280076 352341 372380 512267 412654 398149 425695 313700
395796 324286 379106 516873 451286 432893 392946 447195 360191 367536 384135 234082 306117 261231 463417 403195 396292 354526 390598 428461 398676 331103 432778 358514 275106 290172 375072 313787 348581 285298 324229 292387 339894 330069 504422 387712 248019 183161 137233 268442 372048 471405 435399 278541 214898 313038 288499 293643 277413 207508 173417 323270 400387 517519 380476 272595 317248 366084 475395 344264 342051 317063 315863 278235 368639 342175 307410 412342 370610 398337 422632 432705 279938 417645 415846 544433 391284 357028 318087 282850 278150 339192 334946 355003 423748 426689 451471 375870 427701 362839 424858 416612 420668 447236 336950 333829 302363 195742 202843 354676 375076 357935 359454 230081 350262 360690 362381 478745 216171 287294 244317 268570 314253 463341 464602 392816 299627 303398 312189 400630 309792 419019 500954 401147 434423 487926
411037 505479 462372 470179 498212 414286 385861 485077 455877 352765 398287 347149 367263 440941 357740 370518 429792 365973 313290 249117 230049 210896 235240 378126 495739 518101 381308 373638 307824 324267 274396 252584 387731 288793 287850 221738 187074 237091 165793 289495 413199 401950 351850 326686 367845 285737 264551 302809 303925 275428 176326 244074 363559 409812 292088 324120 416996 407746 399691 291704 291068 228259 315594 306882 299384 345429 309592 413763 427018 270449 331651 431461 332690 421368 508690 559079 472744 396550 325265 323829 228096 203793 281657 230971 343529 415676 456707 325177 328653 353626 404462 294856 305319 351020 379054 361171 358110 280584 103954 289074 359930 314380 192304 285864 293826 368366 233706 430265 374173 293922 343247 373027 428751 330533 432178 229807 282813 307141 268188 281405 257345 381590 481205 367356 296537 341019
316131 385567 280499 361991 399887 473526 457718 336844 253592 328882 292088 304700 329772 369081 343129 325377 371042 468512 393613 303153 370585 402689 500160 427480 378757 271431 270130 226257 403297 435399 444582 224190 280005 436745 440009 334925 271479 263055 307966 331554 360055 346570 398972 368215 440477 363242 384774 375898 303760 277947 317006 271692 350444 432881 270357 312766 419926 521154 445422 396483 395549 313410 371589 306446 267085 316349 263427 378101 383592 355268 173592 208942 298202 347589 368426 306320 255808 243081 274240 239676 293270 185312 201959 224572 310738 372354 395963 293120 348647 378971 343800 336403 368645 390691 403163 293297 218945 158715 197395 373683 467697 344703 354058 305365 356037 434839 346796 265145 384694 334481 426221 497224 517466 454648 472272 408110 357429 429030 437407 369243 306756 316451 390000 417670 355237 275737
400064 418798 368026 349362 492283 439438 506649 407810 431381 302739 186925 336088 334683 312306 235593 315970 324519 242975 246475 219624 304540 403891 561276 517363 394722 216552 169350 292931 281213 412711 362985 429002 331888 312259 367214 229401 246173 347007 457199 468601 402830 261138 283943 390678 412108 415440 266379 295293 287755 256606 233540 340273 409671 304809 282559 298845 259692 480820 420292 259247 232496 363588 374824 296702 319277 407656 362397 277124 333083 331356 250160 267441 319163 389938 336392 452994 306073 304480 257560 275235 288816 285393 335260 335386 427735 394416 446561 417367 330048 333449 249138 237003 238859 241127 413234 287878 261109 198766 332793 492966 451923 376169 219518 364394 315756 304123 247606 229457 373685 499141 511269 399287 458186 396851 483782 325244 381772 383301 352767 327366 368998 350911 182795 143739 235571 162332
284323 264508 212320 179718 291312 328615 270625 251888 233006 327500 180176 297733 215476 289774 352856 331608 360618 398206 246666 211270 314999 512273 648949 510044 399844 170824 127540 221382 309189 411581 421450 410975 534864 429443 489190 262620 313334 352449 436880 367213 323352 454477 393483 452126 520596 535265 366826 255896 363403 362960 295371 192417 220183 262535 168939 289203 233415 313460 409662 472912 487378 386866 426926 367412 294240 273076 282274 274726 321195 270823 221523 289766 338501 329183 111015 245488 364683 378381 387480 264119 232568 332788 353008 440005 528351 424313 387768 526672 335064 308325 226900 323575 414104 420507 450217 323455 261344 215295 331979 354759 281132 351862 355109 458611 452783 385794 386905 341337 309112 392673 391550 286168 266135 268285 330528 301441 319968 385007 325889 342226 402543 363125 362791 106625 160558 226524
187635 258525 245286 366799 318661 254144 415994 422232 385063 362680 390215 384943 302887 351643 364146 298026 235613 186988 200781 222074 257411 423569 586260 435017 321385 259053 284166 322227 194125 186060 286133 239422 414020 374394 405782 293037 318920 396299 408593 316900 301771 476979 443142 482476 454792 381576 273880 261755 210361 445026 479520 464347 334286 354570 220534 257626 293627 301646 288357 389334 446780 441142 442379 500266 492422 330197 258270 285078 371338 350034 246308 293674 326936 312077 266030 255230 309747 288427 256508 330212 330521 404365 389417 422313 461839 477691 365043 490903 496244 368677 363337 326604 361808 235658 307730 226417 299384 292906 334823 398807 347191 382446 467575 437084 345780 376703 373085 356211 425917 482867 370437 304757 309480 275075 273600 338331 455375 316074 345414 281802 370525 318003 463214 352398 239777 202290
239053 260597 273039 387838 369646 197977 260707 290530 374539 384185 349059 275705 298272 380505 295471 310405 226798 238817 238020 359293 365163 310632 377751 373936 318452 261387 195867 347874 454617 394082 361740 334794 373892 337648 257297 273181 279820 356406 340697 301901 291720 411927 449972 382757 464797 398127 364219 481338 431281 395451 311778 253065 321703 280627 200768 322716 382547 397394 330428 371482 386434 404580 527514 456353 419238 233751 209190 228375 271601 325087 388102 384464 335630 243625 197418 193036 262838 347735 358346 434359 332792 347988 416274 314335 276166 369417 313556 236192 351725 377654 367693 420887 418987 388843 307130 352925 329969 409899 340751 318139 203829 275924 387029 364552 405451 284595 422778 409524 281702 296073 282284 290396 367746 346575 314648 227400 313865 342285 396512 309698 396058 295168 347834 324640 316558 283187
357677 377042 387563 436865 465790 420726 366139 402690 439713 345822 298287 364523 203090 288483 298801 333642 257595 212486 220408 283613 371397 364858 287428 225575 210483 388767 358928 264588 203408 278780 275315 316655 280510 310895 318830 395561 345137 261293 395909 377252 363240 318714 361198 265778 235321 359045 307545 312742 343495 369859 375998 360840 291214 305221 241402 267423 288661 301284 300886 273061 278322 330964 377004 437770 360137 285725 286217 398330 292863 181201 284824 308104 362339 360326 376652 341890 353496 341017 263633 377114 423160 370384 463344 461230 341749 322574 379948 363674 375760 444211 401944 414303 279928 339919 248114 285955 233650 180083 242362 353890 373951 236394 324821 323038 554072 401244 332021 465838 508140 363425 388013 279633 355273 282387 314029 351994 427007 310983 341604 252755 382405 370461 435147 315884 306211 226004
368346 491789 473168 526120 339412 317066 280173 246235 344520 413694 393653 424548 363720 369480 334511 279597 254675 312215 408397 355778 402414 376521 314857 426800 308560 329413 367163 318646 295536 308995 244270 280222 218723 276076 314438 314661 433003 283057 400546 404148 486360 400967 443862 323339 404524 442734 557875 450202 395632 344694 400936 350806 215782 204780 236937 261506 334984 179809 120138 195364 190205 364752 403505 343127 323552 437370 395300 426516 371721 245486 286713 136437 315545 300776 427001 317483 314117 319402 372659 261149 314201 264419 315654 341874 395639 249486 218669 305140 359039 466717 457345 564208 358774 324111 295196 273079 363529 328325 315174 257646 411316 204852 308395 204007 375696 485748 415069 285557 399540 378935 282913 318959 339475 339848 269112 314566 404256 345955 319043 324528 338543 254679 266717 220292 167602 137051
288068 422282 411522 552829 450500 323042 347632 402499 287528 335450 418327 457636 274231 182774 318327 293993 263181 340050 396498 413396 236553 345674 288905 429522 422351 463818 358817 283161 297725 356978 182976 218861 194447 364721 380980 268911 342304 302364 444304 298764 405494 370998 403455 327704 440404 403082 390602 407994 370917 418369 371982 269937 257064 358210 349769 299194 320737 341680 272473 200079 137130 218005 210839 265880 198822 445127 469722 384690 331720 283152 349410 412000 454895 402410 521783 491753 368081 273938 268812 251238 328848 383786 451463 398598 299342 277559 276139 373496 262286 336666 406321 465186 393685 312393 380006 310335 214030 195383 350168 260245 370116 289691 529345 429187 473583 320185 396238 255762 319270 275170 209444 267768 229003 343249 331171 335352 382619 392483 413127 385037 367501 288031 350138 271987 280168 218923
367474 479971 415828 403429 348711 253895 297473 329647 474622 423134 411959 493835 347655 321953 279938 388440 424013 337368 317108 380726 343596 412774 279165 345118 383409 368444 370023 285386 263585 301873 207168 141212 256001 193704 295414 268202 266284 310142 368170 366377 379635 342858 382164 429087 484649 447505 376069 335661 363436 431012 360360 391129 326774 380892 397578 332692 226497 200883 277601 230550 299805 356943 279174 323069 323503 398408 347839 282060 310568 237193 201339 260692 352351 414235 437818 461420 393934 195860 312182 252158 315012 295941 441243 330833 309232 313012 278880 317078 354991 466503 482239 472962 350234 310465 241748 270279 326780 301083 397217 218615 444840 328108 437128 495649 524905 448185 396490 304896 342601 336388 285936 294557 272331 277466 326668 284373 229199 277793 313159 335521 333525 110129 195348 168767 267585 399671
266031 352042 464630 517005 351394 337136 319700 376589 429805 439452 440278 357476 326786 257450 189978 318703 383086 457581 340118 290183 297286 330481 321212 369160 416045 356076 474817 418381 385815 347623 346183 329732 241060 411610 377340 392146 372371 281614 262255 295500 416930 377856 431701 366057 430454 415250 296672 343328 303803 367477 378930 328849 338516 467262 404136 320383 240068 219806 296052 333739 255225 250599 264606 221316 400529 444204 352448 346591 408802 424965 330641 328767 377461 463401 429107 454538 518142 319481 205156 265168 432594 479502 389834 263770 252711 336472 305113 261910 247188 391431 376329 281651 313910 367255 408800 314744 317973 303667 484335 326596 396108 392048 352592 399961 519217 374270 425759 359648 348260 380225 364199 272799 413915 254679 268434 283318 233058 418129 435797 368710 503012 368843 336348 295333 295709 373747
288752 277963 348100 316809 395428 249573 407949 321135 362482 431440 524888 487478 374668 338344 296455 392067 354900 346493 314081 466335 407078 347001 175134 214727 414668 367531 438603 323835 428968 301868 252043 279735 158944 198679 324549 318958 291763 233185 250489 267085 351586 454690 498888 321111 309937 423123 300387 290791 261984 344360 400574 323432 275311 431692 418033 307299 347720 329616 327952 323756 383962 305247 266722 359605 298170 315334 273859 211274 231528 198775 212865 248553 226081 312653 363344 378519 417691 465362 350617 390278 453547 531724 367268 242774 258052 205145 181981 210933 294858 302874 313960 234660 375640 318024 296029 406910 482379 403331 417214 426514 303585 364048 400415 457198 546522 486033 367020 493147 487796 435938 514489 245317 255714 209646 232497 303478 180378 144709 343131 311367 353673 279642 260918 300230 392569 474262
207584 308410 366289 310948 265904 191263 361633 345910 387870 168882 365317 381642 461867 273666 160477 255284 318693 473050 425069 398572 408516 295826 273360 204360 320222 445464 418654 391791 284374 393526 336110 288085 315465 361611 476595 421567 320261 393762 387814 382658 339407 259992 382892 404362 322082 400208 327277 189368 191657 354360 401687 334102 275753 374385 283276 242097 274385 349504 404827 302187 483235 355357 302539 339758 423389 428276 518188 402259 379958 278600 382190 376384 375365 295252 433203 463983 535413 473577 439308 471721 426704 355650 338781 201928 202271 176156 152896 242050 308847 247948 257206 250942 189543 366526 350818 372092 432509 344476 296828 419894 286908 179868 238406 285143 309691 363138 392876 493676 550688 412904 470788 400924 287958 340153 307421 266846 278023 295969 331815 379417 334718 224003 217630 307504 336792 308160
316776 232896 430672 336459 348401 227609 218861 287199 446795 382654 320127 296489 281689 358501 226926 363246 356815 461238 370732 310675 300774 332536 164791 208216 249623 352529 434058 400367 279048 255418 209726 265633 285937 369922 385766 368505 188147 296795 335330 387233 419668 381402 261515 361248 360639 388947 347481 192415 176161 203518 337871 443141 478949 461485 450673 407664 287475 294234 418777 421515 366719 398322 323750 256876 229577 272146 362146 338366 349289 218016 351042 306930 297969 176044 312180 381165 380254 410538 385880 401069 309372 225735 306178 261574 287793 237435 220937 160081 225391 160017 233530 251990 230122 366074 490126 511328 375179 341282 248524 362603 444824 365717 357030 341919 234907 305818 328027 267356 394608 372159 293413 230449 216432 345566 349598 246955 160891 164504 310626 343546 304362 234270 264436 419798 355414 292600
296421 192051 273998 381194 384892 376999 250089 156351 252432 385722 446098 486994 384155 335641 262779 330592 466920 506541 371947 364526 361454 415484 283606 316470 314632 295669 285089 261731 312127 342168 157164 228882 336223 365005 393181 343187 298443 261787 326038 322320 355672 406724 453653 477782 478033 377066 331239 328114 345803 282082 190473 274535 159725 298483 250073 387321 401834 310115 446769 462855 400564 256022 266265 308973 238596 235608 349101 323497 500929 393154 345526 349926 362933 283603 331445 431815 388825 372378 316908 319835 430422 161842 157359 212475 307416 427172 467313 372945 355138 353324 319493 431660 267597 372295 346850 433699 356654 301349 359839 383536 477687 429511 399191 419205 364668 273939 319181 292901 190244 306052 268200 295003 298725 437912 346640 293733 245342 292894 378108 269895 309363 365412 291505 183144 320313 172523
425735 411393 259879 342238 288234 296659 192277 281405 258501 302951 219402 283739 337928 322148 245390 259594 321466 325196 367569 282126 298765 269161 380222 386844 494566 355499 288539 425821 382939 373339 247028 256769 430391 467375 441396 402544 389756 297276 294645 278186 276607 430649 403526 381278 310653 268170 179596 199581 264303 343909 400788 395307 359188 411676 358604 366442 342269 356802 432327 469680 398954 321759 327564 406363 398858 357797 342946 244043 273813 329809 382964 366759 315607 263511 285830 280768 340893 231423 273528 212202 314784 224361 269058 255107 376006 457245 372259 373134 346416 307168 233789 377551 426844 438889 334717 394532 297791 230386 212530 398211 439956 467240 312210 259115 378102 316418 318700 206387 327051 317299 373489 354195 320429 392824 361363 299001 280793 295546 350659 345906 225272 383531 465790 309802 318644 356989
351606 355567 313104 349933 404892 361497 234489 261630 293761 403136 363823 406583 414561 423174 395442 356130 374340 294098 356314 286307 354890 312468 406529 346701 349630 343691 307345 355044 267662 330400 310446 297640 460287 410223 440206 298486 380416 316005 373105 383290 374254 279734 346088 352132 392617 421736 285238 176658 307643 337570 408845 341996 281139 297051 295880 247054 375468 294654 416669 354759 210312 218072 259768 299449 300326 324001 469864 380115 260772 332304 418720 486088 338595 347861 273179 439144 297523 255375 335333 250131 393726 281252 275254 223367 266723 378656 457406 564755 479723 446443 352894 540202 483410 459301 370645 410589 257141 301101 243360 418049 473148 490826 420332 381454 326151 409427 351534 314822 218189 252748 251425 373154 326637 346490 395809 416019 485301 465691 426937 431434 354111 249890 322306 337412 483239 374228
455704 456962 280127 303566 311642 353628 287286 377466 275408 359436 306509 339079 289994 435738 349124 289069 306162 357258 323723 132557 175235 206741 267458 296951 228300 232892 337462 490500 479269 328817 353391 377718 497074 420139 397463 417913 515286 327300 262647 333239 409633 300654 258674 292933 309625 343906 418206 316150 468108 506327 423722 323970 272922 357270 511954 418772 328824 310543 251483 319343 342657 471672 437384 470572 443763 382017 364307 275173 317490 414361 467570 416896 334123 304487 369289 272182 288817 319190 465854 261548 320585 257745 274011 238635 244113 287226 360650 343313 330409 279417 232699 450020 422170 497542 344703 354297 192122 177040 261182 376268 418997 290311 257074 212439 342201 394211 468733 431158 367103 323188 332670 154401 333864 300481 433784 324971 398813 434461 403924 297087 357041 425475 425108 386174 385291 377646
387415 380987 444837 374446 375861 305145 271197 310918 271195 359094 426576 378395 337172 386797 448149 345821 386849 262261 298789 309376 297484 184679 215305 226318 314593 228542 330704 425460 483175 500613 442054 473399 529945 415060 425832 441893 432614 458254 363099 424807 422969 296423 261871 384565 395507 176297 240779 273536 444112 498460 484374 461112 269120 361555 362595 376070 284782 361973 291333 198360 236163 288875 302991 316307 491144 437433 442864 323222 385588 499434 458625 454634 323828 360285 372067 312011 291868 280194 458762 377658 338938 228389 336682 326969 305313 384577 431658 382320 337007 406142 253168 318784 472397 380682 387894 309928 356027 312646 324678 273916 307377 354955 260594 331243 198276 411104 482815 454181 277670 152251 422813 390245 393253 403708 434287 495664 433322 487512 435327 420494 221944 271781 394886 498529 470473 395090
344883 217346 323652 282328 388713 333886 333342 270707 444667 369530 322217 267125 373384 448560 397953 426784 518915 365328 339486 311200 401401 282696 259656 302718 385471 279280 378312 565605 472925 423261 421105 495585 392148 406259 355788 269368 242847 263795 326242 421360 370198 267333 292617 250685 428656 300617 373704 306828 371821 376364 317952 300534 321157 373082 411703 375841 346099 334505 341123 445381 408433 370693 334367 318716 528188 428173 400503 387017 446360 511583 442051 340726 374954 474049 363710 333044 285334 324028 432140 363237 307076 299914 339703 328395 404928 211546 322745 326886 333788 375289 351596 362348 373192 557535 394710 243174 222468 236578 356817 331510 256601 228426 263381 316669 373574 424556 417938 328205 330366 105269 238472 318046 490773 415679 376520 378138 265072 224000 243395 268733 244038 254544 361352 413101 470221 423328
379615 353102 439966 417790 363656 286173 197368 201381 387884 319858 370044 362687 363032 334060 380250 311894 401733 378191 480157 281375 324271 326439 377986 248994 359631 312128 276178 449738 387345 367840 301623 376124 434240 458854 541775 416293 422803 384511 411705 490325 381217 368727 426538 292510 304717 285187 345739 341629 214368 280220 314806 369742 348100 381320 252088 400550 433580 403806 368424 379230 358252 265099 384167 380966 411058 463326 539218 531202 548625 551561 474248 504649 345043 383930 344448 299173 367364 320302 381853 322810 372128 423429 462046 410452 475135 330664 312666 356429 504638 462169 460953 438763 409929 370608 386636 262379 305214 259046 330300 348531 345873 394872 278959 223932 274311 391753 382629 288332 319179 410966 368249 355444 214339 268394 290308 281775 286001 304762 273106 333940 406468 337527 366106 405200 344474 353993
469113 398806 289364 325838 403255 454487 379573 341562 397096 326221 242723 266791 423229 386147 469971 302300 296389 207370 451396 527270 378848 343242 292106 331291 394276 492124 363607 412616 275496 342236 268163 290258 254207 314452 424666 318462 315762 390750 365472 327861 333266 221938 323211 321977 423269 285807 366843 357326 361598 368547 315071 337751 134838 325517 278234 465296 326291 457643 415644 375814 448921 303797 317760 374264 377010 313297 397132 384783 454912 418199 290634 354658 324015 337041 197147 166927 277246 304211 300651 247162 365354 353983 296446 235021 392856 347478 362279 206419 341870 418269 401778 468526 418882 432988 448934 418425 377261 425335 335830 400795 262564 314996 379738 430971 332441 354965 381169 330035 315417 237248 342252 327739 336865 285364 244621 220996 209289 291164 233225 154613 201945 311194 430878 453862 434120 363012
352799 529629 497637 468698 301691 338408 447125 356011 361974 300488 351260 273301 325113 236310 369232 262878 383222 336614 340354 402827 409765 299419 443535 416687 404968 457008 471015 421276 432544 319562 289792 278767 363123 356731 363381 411078 324106 480293 362310 283722 347343 253082 386753 399057 465313 513803 433968 297871 231415 298663 231023 310499 184170 294653 217200 305395 355734 359763 473756 325326 378654 391918 428617 339976 437304 359116 457279 568020 531618 493061 376207 243482 290565 328586 392657 450125 512946 387425 430207 451886 488829 476174 384139 261141 377737 386123 363714 301957 363031 420546 409832 383147 434401 277311 287977 355141 246163 333228 338232 458367 451396 333907 377098 385233 445192 339553 311601 423380 421996 331252 233302 289448 306204 243479 238753 321383 240176 406422 391659 281796 248144 357757 374528 530916 461564 401513
399715 323385 266351 313138 363814 391260 429163 437187 476590 431844 464360 369680 360042 256970 248373 270120 365342 433736 465662 444128 335306 222706 238389 381187 404473 413014 370508 382628 395364 393340 291397 219887 302028 467070 441130 465657 394031 404959 500483 396637 328222 216948 337523 192032 268253 319826 462320 410857 384727 359059 339728 425804 329945 423349 325533 251808 344105 278580 363160 272181 352525 209886 308804 265843 225811 234022 255572 430133 441055 409046 451014 399782 285521 247516 255642 360140 284168 351781 269637 419527 432907 393889 267265 294396 249616 268966 270701 338586 370357 432102 500508 317545 258170 296832 301540 366979 290329 328276 460854 398083 366737 306641 291353 338270 409641 511390 421589 261586 190799 169264 228379 162564 254623 188854 223786 310499 346577 228544 265360 277018 258195 301855 436651 295556 368915 363012
302000 458299 397903 210480 263747 265262 410153 256719 298652 347069 371244 308337 300691 223702 353169 351385 465892 384680 555127 374165 480441 449997 501528 416432 346567 350969 415143 380995 355488 303180 380578 386852 322230 352898 335449 521506 450406 367332 386338 346137 364362 294515 354022 461016 459303 410151 321854 291825 216959 274262 319743 485812 378022 258761 298502 291563 311691 344166 280067 170405 273174 308984 484714 372300 372308 421437 421803 458109 542884 418615 452446 467211 388379 303538 262155 385321 339865 343751 462751 529172 549215 542546 351382 280543 176710 242829 252140 397993 489983 457631 522250 417180 218327 331860 316467 309463 286705 263149 438201 498924 565372 406768 481329 393496 291403 311521 403636 382146 385452 374963 383929 217539 175995 235957 314281 405462 383627 368846 298906 232950 376386 292761 434366 417992 339610 396031
352558 492984 409245 331679 327358 376181 435758 333446 280779 355922 412244 362615 343615 237234 297454 342694 387068 375280 467742 487831 431060 375365 375940 466374 347898 314116 349044 372501 341857 378127 262799 318483 392405 431663 367463 365486 547154 527189 460867 295482 399960 217636 159350 108935 260831 296019 314183 183051 134184 311028 443087 520814 547112 372303 317938 347809 274243 354174 379515 357964 368246 397988 424745 317918 258390 384437 490766 422872 408813 418643 438251 360753 284633 402265 275538 401280 350855 413476 382470 508056 414324 335664 222319 261258 262062 307290 361064 347923 487071 492912 430647 310438 197185 296814 431868 400475 455485 458909 568908 530476 488230 426782 354348 337162 357177 299435 307960 233125 177912 262119 366756 244309 119080 101258 229566 228628 242348 254360 409555 209595 274208 274651 325093 399118 285562 301867
395012 478673 475448 442441 371943 343623 288512 272054 356693 284630 361676 346688 375761 510986 415851 411398 320025 283917 393397 496648 565339 525243 389551 343071 382547 443499 279263 370445 428754 441929 462372 426342 330504 358659 381788 346542 366506 273477 366061 306305 477776 415822 416287 378463 325933 362835 340299 377508 289319 250058 299263 314379 344307 442869 296458 229907 303555 278777 361596 290440 343814 327084 296211 339490 365571 364639 399632 330727 325909 398374 479363 344587 197430 248126 320866 300060 335442 420138 390031 469514 465971 381603 331524 326714 300116 325053 373242 370146 464813 530046 543653 495864 370161 326408 413098 400628 360272 405580 542030 514631 487738 467838 560806 302804 258217 274917 447146 495538 418016 407888 480543 445725 347676 439818 445374 439687 433450 252290 287515 285115 377009 339320 278533 356396 248840 190722
388874 492225 294954 318764 295172 359911 294956 369147 378017 327152 273983 331717 318376 496767 392570 448098 283348 305327 335554 367426 404246 548667 450496 444364 372632 322187 243555 262354 375791 412502 379353 470265 421387 322482 310465 369385 419602 260456 256019 250389 321024 427651 407419 311147 322699 211605 308825 351990 366603 298655 328255 432861 463705 457134 443781 345901 258234 180722 276729 320818 397337 487066 360441 337308 429361 419953 412647 389434 409867 433205 365287 390082 371816 355124 380834 495342 438572 483154 419862 433808 337230 347978 401507 473216 314923 331753 419509 444952 440842 362872 304375 333412 415766 461396 441926 385182 317441 366102 445328 479553 559959 426090 475258 310159 327954 305390 254665 315850 328395 329788 363904 413876 306708 219284 249685 254368 275364 313591 260654 292494 335337 371985 386307 360287 368581 218614
345855 502089 469297 385435 334382 420521 463743 452700 385393 437912 395277 458650 480079 555762 530666 439377 344448 341235 402433 407204 480437 407179 518444 489543 366502 382449 354775 397885 355661 310858 451760 466008 494728 437666 358544 263822 268359 170510 239363 361498 385596 431302 532728 444489 330780 318332 329557 270627 278408 249548 313849 443639 358203 331926 377614 329783 413398 381946 293127 329946 244902 250376 265071 367146 441989 479575 374148 428193 405778 391039 425951 379930 466438 455032 395599 378141 378139 263846 342210 296846 294052 395991 439730 418268 437382 369868 408227 404628 308300 346343 332397 366078 324876 319085 306146 244312 246728 335019 380353 299594 471382 374963 271420 273634 340553 414960 302921 205664 352320 366026 332615 391544 444217 359989 258392 261128 202835 281622 326941 247047 360098 358998 513150 335129 379379 211501
302153 287879 257547 200476 178208 330326 393868 251697 293774 224072 343619 338116 408451 457807 390686 364422 273073 291005 345287 294023 292989 359965 430357 502086 382758 408203 362327 314704 348302 339411 393992 421137 390588 328769 318242 250115 225953 267645 192768 262322 378631 450161 457070 344506 277685 220373 241524 218621 176676 224695 334915 319310 325634 301856 493065 441717 419199 386298 345583 386131 431714 320396 222870 347857 336784 418738 338872 412880 419133 315121 408110 453244 366113 436098 426674 524406 481425 417020 300348 281844 371132 411908 312758 367754 222244 305195 425431 532876 314668 248059 257598 293588 382245 396388 291531 345295 384229 380346 465676 388370 524228 471054 367272 474462 422610 393593 354673 343836 322440 454984 430052 290107 195542 271317 168884 220499 238562 431394 360722 312162 286004 277314 501712 476935 341494 275669
304883 389109 377634 415764 401658 420601 384465 287909 344951 246433 416278 382793 387444 409252 345263 288192 300178 366040 505670 400673 303487 327240 357952 350999 276806 303578 332997 295621 332870 400450 563008 468017 447024 315519 309849 266897 249949 305930 422092 421674 426464 405761 240102 272056 241794 271139 167850 186906 302414 335022 403485 301639 381133 324346 424466 507372 457592 363044 342221 340749 452029 459834 372409 412096 423354 510534 427763 375748 308554 376741 323493 239744 260149 227339 264039 312702 420435 392234 334496 306446 227640 387468 300274 364400 464690 438953 434663 458521 408882 257286 281338 231945 246305 215839 224087 197491 330982 341482 383524 272637 229115 338030 376577 483195 506778 476141 410823 471744 380966 385589 374691 452073 165560 145980 123697 162078 274538 280214 229999 307918 397511 352974 442514 457926 384864 180770
344585 287612 276047 277807 296354 245737 364687 286019 339184 193554 365092 417182 411364 410141 294137 273895 199368 341386 358775 367335 340580 310789 350458 309320 395578 366547 224990 288100 399637 328251 518392 408284 409791 373014 353274 272505 297227 435501 378434 351709 228622 371525 286775 402336 268749 269410 160990 162952 152420 311991 309727 302391 311581 403298 440899 454363 390383 356409 376832 354049 398869 412969 377554 502782 385567 334577 332826 350809 336606 182208 353212 378340 359043 369848 434956 430420 342526 213271 226380 285577 216222 320463 307718 267831 240749 315691 290455 257638 341654 358944 186180 272848 174477 344102 250357 363266 302358 277907 385698 351692 258775 380218 364833 406750 368715 412539 476250 548157 542539 485642 392550 501585 469737 393161 394572 412660 467973 475262 421727 290770 306560 397552 376798 376419 346630 345092
294511 385602 307863 336321 322137 253195 461573 458743 442026 416608 351628 399479 440589 308111 212340 286687 322631 333640 372946 358397 289726 328267 275019 333859 334762 385188 434347 267007 430682 369073 405715 416882 260702 258031 359485 423043 443463 462726 419339 304091 188967 258440 310826 289189 301434 274371 278692 314513 477313 440975 486487 335739 388958 492390 372865 389189 256464 322413 463643 436660 438533 320207 360894 389841 435391 424143 280514 336209 275568 173516 252382 284364 196294 206205 324839 385440 465600 462451 423610 413498 304817 261473 274644 365885 326163 284331 268213 329774 343871 393704 245884 227191 181474 258476 280872 261236 308921 144296 211179 284300 377404 374630 342498 379959 404426 416596 371590 355857 371647 492503 337196 264108 185408 222946 304699 393370 291812 380626 406644 352926 175337 345860 427178 366309 358505 192894
211460 286210 385368 284668 279855 333347 389970 335083 340078 246970 325283 419258 479435 561172 336013 349125 330306 291565 350834 329672 330656 319035 466783 398953 403966 367193 415640 437306 410331 350499 294851 362642 363278 301909 227882 392442 444676 457842 389216 265121 215972 355439 523162 488958 355894 412376 367208 301164 281321 408558 305555 421664 185624 437953 398279 310099 236036 210491 426016 401787 364408 371193 352899 343752 268016 339890 407432 341601 220424 163241 274610 249247 262689 291728 415634 353824 358771 413277 428331 434199 378708 360149 248301 185387 187607 293068 285488 256535 329684 312390 234286 267481 151783 243873 327734 339618 396752 345039 224078 168472 186323 281319 225705 230235 241982 386107 440810 399964 374652 573079 527550 495901 431020 417441 395903 379370 358695 321099 287913 309802 297297 311845 368524 323614 415260 296317
297952 191713 332266 322248 303996 337978 350058 325287 327897 321508 405601 427078 427628 363845 381803 296994 280629 220549 230673 264401 275749 262160 374407 426826 477801 499334 491369 412969 486691 328362 206077 248963 194495 279193 326922 436101 539410 474377 426596 334519 370490 280406 324877 344812 339882 242874 390412 396838 475671 476429 373621 481142 358641 360928 214716 265433 215692 249822 305173 299364 285818 293926 240526 173517 279545 372228 348133 215550 162330 247669 283351 336319 373110 423360 313399 409311 395355 509171 429508 375633 441305 400788 378763 219636 127184 216226 413161 458202 283443 408082 266616 309450 314230 295623 302420 324188 442270 363461 386801 319775 289240 291678 353218 302186 341455 322142 424267 364089 274752 339719 239550 220231 200824 355204 482344 431518 469249 444012 305951 237174 280099 374563 429122 358380 278766 212323
297659 317582 304630 297305 370301 350194 335327 362037 254590 193296 351676 441236 471385 505867 404999 506239 361216 351898 328668 216681 246273 317168 412302 451270 315363 410359 376800 362524 341069 409701 264799 241635 180787 231923 243975 261000 358696 490005 417485 346723 422933 444604 411964 384080 445277 411707 385201 337816 290659 330619 312808 280302 227392 429725 376527 334239 292089 349850 268454 193136 357634 397967 378563 406256 379540 497005 454626 377239 401850 355744 343717 270328 463654 479171 427032 486344 432505 468640 380661 189241 367269 379489 469855 276869 296005 305686 291436 285591 259167 285803 275415 309245 362010 502074 446051 427467 521601 435203 453304 314474 330676 390589 261445 284625 304283 392353 498215 496950 365914 408977 404286 437624 460754 403173 490642 385608 355613 337702 322081 256740 235218 239631 251836 348409 298811 287700
378476 404738 336642 330287 273244 395610 276015 267636 201620 190107 248038 497242 461878 469048 339512 254716 228400 231156 354135 255812 159252 206315 274319 437827 347374 331867 351839 463989 368521 371587 347705 314895 279911 322466 290346 325689 397455 417262 486283 404917 347000 396355 379623 483168 452082 284530 328884 248767 417221 332041 291651 301936 149490 223770 290905 351956 353484 315709 357500 360213 296130 315852 305425 434821 397133 336326 228156 209640 362869 346674 464502 368501 395942 424440 515685 465330 436414 374271 407221 303916 237322 273387 422019 424225 349447 348181 365122 373191 371918 404760 260265 281169 331536 363405 426070 319231 428230 366672 375233 315307 255578 365482 245342 164159 259946 300269 304120 304488 257253 392015 328610 377064 392483 433139 352805 334440 327091 332994 366091 228570 270864 288287 331228 236511 308205 334591
290618 325053 334288 381430 335688 395472 317809 335758 230680 308490 245382 419782 473360 480018 374710 302518 233403 341499 393076 394473 424938 426819 376360 434358 252225 258864 124435 241415 364088 313975 392330 384044 430249 259743 166743 183961 349768 385666 375120 339048 298088 344844 450839 458389 534174 358384 388542 338471 489026 506330 364056 280345 299551 246661 276711 418107 372415 209728 177400 244623 199330 330274 274102 380733 311402 315322 296047 293940 359887 269097 282811 345262 367721 350403 341619 441580 492133 379878 385712 312867 408926 376226 457204 393963 385265 217065 209121 172122 208387 360398 421552 413014 395395 483158 504744 451671 464307 383420 269571 299004 371666 392626 440025 262770 295793 302793 363937 246451 165720 343512 347863 437710 386151 416826 423081 311079 352036 219798 304328 254287 274762 321540 348175 275804 252812 295849
311105 263298 314760 348538 237151 382328 269878 347505 316214 273183 299107 405061 523614 469067 245296 210607 238431 295931 291975 242327 340032 469737 397672 392841 213556 242164 316258 313321 234935 280529 357062 439222 458673 224181 221477 269830 382198 362315 382085 288177 315679 402594 459695 535735 441402 289626 227781 418163 457431 329323 249992 222276 236628 277870 300389 396475 382448 234365 263791 259680 166655 209057 244314 336397 285869 261316 261191 386866 384007 382319 268731 150933 349682 367070 374186 246362 410803 530813 457789 303832 296192 299389 379988 398740 464569 416777 290236 304603 390504 396433 388995 333673 342406 329787 399370 382413 304580 237767 194976 189045 335382 309981 335046 218669 197457 180077 325675 408844 280967 311532 342894 329548 322709 337826 402306 240514 276655 246763 184390 269522 337994 239571 310349 237200 349345 428292
334183 269747 223578 286686 207610 190958 220671 279857 327348 298295 279031 296718 321430 393713 351145 272196 337354 275019 424645 408707 469749 460135 501886 469190 286593 115267 219401 317296 324440 208896 372267 433632 403641 323218 250986 390012 513351 382943 254049 198208 264323 347289 407113 432190 363016 283193 356615 378776 499424 484978 447554 407800 307963 311199 376495 351813 357799 271653 333364 346889 341951 280405 310453 436742 413232 391733 315035 286657 295345 364360 493085 399415 328478 273760 401297 340458 399469 278824 395887 259755 381152 372690 331379 344723 404506 310684 245899 185034 274144 403568 313529 368391 487869 496067 454422 442906 284074 234417 308865 298266 366391 481880 567703 407510 387757 260801 255869 263549 266879 100101 274379 235917 361140 376510 396954 328818 204507 319334 178678 361321 447782 455243 343974 303025 251681 387119
312539 343607 375443 317045 404594 214649 241208 292816 368173 321916 376262 442961 439992 362167 344124 396079 410554 333878 345022 440462 419968 479002 327178 332933 324021 294054 287894 277478 317727 322479 443822 495956 450882 353512 322443 381032 427278 338786 256030 343928 435420 452837 452472 432742 431103 360447 493712 403303 293520 235658 278414 384527 273473 330992 309695 341684 344791 360825 376002 303887 358337 360470 425410 386597 311004 417194 363365 297500 279917 211951 317934 312360 490010 374126 309782 294693 316766 274689 308909 299782 324323 347248 396445 425326 479996 345838 272106 373751 447797 465576 414399 297337 420348 501671 401382 397780 394043 265946 288180 310552 352435 297554 423811 427116 389327 385232 362401 305883 302437 351060 335446 264153 292723 331924 386994 381723 228744 282208 257533 210309 297792 298280 441701 348588 386459 320225
342651 253850 166959 94665 271840 302794 358687 322032 322862 335845 135799 245001 455243 442425 452773 400201 387157 298992 361066 416152 331607 451051 427624 365677 347784 261948 314397 153423 269608 363340 478878 485762 394552 383556 314502 437689 418563 271718 222802 305442 397292 482056 532646 377791 401150 196269 321629 209430 318367 379704 363829 343829 174162 326438 346201 338111 353638 347938 478931 493958 452838 487986 424703 427867 432964 418065 429092 371338 405607 338562 332412 307827 422479 411700 499952 342611 370629 255992 287709 310614 235215 163674 347555 410597 512944 530236 440052 405810 400339 345740 338830 359250 366125 390587 447908 392481 379666 385244 349954 292543 400424 396534 368182 313889 395441 328638 330145 286836 253590 332986 371493 412139 423359 299538 323491 467632 363224 334873 343201 374724 450140 305475 386709 344316 307497 325222
505559 350568 367414 388200 439570 401790 378059 384988 432039 447198 431714 374944 278568 301968 263193 383534 428854 388303 311206 413105 383090 334905 363271 356183 446125 344488 318608 327116 250105 345727 463274 486240 370707 286561 361427 394994 397823 361652 371885 381113 366856 381708 406920 349695 406259 350556 313606 359318 255557 250300 272323 309874 297370 308413 301998 368845 470728 439949 380916 326404 301664 325955 348586 274984 330323 346607 275055 195673 285123 282850 285035 326771 387722 393088 389202 340233 253057 264366 332563 244582 280670 216461 286112 349019 456051 405696 415482 358821 376758 410789 311651 348220 278425 331763 408563 459486 440742 331647 322677 249933 317858 338011 317381 299860 379133 522890 402403 404168 375540 395387 318893 311554 323573 363561 303471 358323 416472 459518 327632 203346 281065 319147 281677 227488 332261 231366
216133 197691 189900 326013 447564 344101 348168 400159 317305 319995 319797 416302 518232 398326 436716 374719 298938 202437 195754 299037 401398 422323 386938 472196 486709 486334 401893 328090 387200 371296 465770 425574 298065 358297 445657 367859 216622 212961 220803 274751 361172 336862 332134 329697 346394 337659 262555 303512 272457 310893 241916 230029 227124 331908 468083 321996 450760 469274 401315 401823 306038 393782 309081 412446 369654 318389 345988 266693 297035 320278 396750 279589 345410 442696 515895 405113 312767 341681 345161 344267 367272 382474 434963 409973 385478 398343 307200 237806 195753 275422 250496 329052 394418 436929 375274 436919 391645 281437 306132 291231 245148 243708 272395 280423 362366 395964 350485 434558 460339 440223 359708 371827 372132 376320 467495 304688 319975 349823 379544 261907 343989 337810 395670 320943 332208 148946
228978 263515 360796 444993 509758 379995 368014 335813 436075 320757 432513 212000 240506 304445 388495 261481 296415 194302 395100 378157 382259 357100 392349 480056 479474 437803 392003 317429 432369 432978 417274 318725 350017 385808 518475 478151 394759 215065 290280 347751 462499 397428 309783 319179 280988 406435 517142 441663 324952 202925 220530 351926 369986 242861 361559 338642 431657 434138 383599 389178 338917 301413 309373 246247 317388 278504 309356 271122 169205 236517 200256 310052 422410 407697 386292 353810 248133 205173 229083 320613 378882 438916 350860 410333 385614 301320 233353 258628 405235 463589 350796 299687 173696 331947 402018 444425 417825 268084 307340 382727 315660 344793 326709 352949 395483 421236 420940 338257 320508 391937 350906 312942 337286 301381 317506 364510 336722 310722 263021 246069 318374 334601 225437 411705 410362 351900
348676 334371 381829 313195 285338 241855 270739 316444 424750 271014 315180 257684 226603 253010 338561 272003 220839 157533 253577 337431 337397 404561 356273 531414 583341 598139 462201 326687 328037 303564 273628 219541 409523 433933 350861 375917 334329 248168 330491 362846 323207 426631 399028 388484 419404 513215 462918 503726 389210 314092 221350 210205 313718 158500 320907 378872 437113 387972 311940 380097 349747 374680 315591 405436 302712 352793 332625 263347 379984 300401 375238 237135 364767 419712 405334 249818 409242 315165 324007 348515 437892 397680 298870 416217 402901 365572 306731 264843 256257 258387 399964 402390 420488 334479 343367 400228 405332 438139 339569 385498 429609 448534 401543 413489 442787 357541 379711 275224 361651 283223 417811 480182 450324 304680 182250 215180 229639 260628 272019 323489 261490 418120 355813 259430 297227 258769
401483 464701 430091 357400 372941 235599 325604 319870 451569 295909 208670 174774 210676 349242 328694 273261 257200 251707 360182 334725 376960 248507 347742 404063 413963 340790 472121 396528 372244 290817 273072 297367 209376 437951 449207 295721 297239 195773 393904 450732 399257 348443 511382 415465 419111 487255 507079 353993 247952 224110 371471 364085 362660 277708 244948 339643 405406 336592 315636 364082 310487 304882 218573 307611 378621 334488 328223 304223 292056 238214 265841 236884 299942 293937 439761 259035 321459 331554 416627 389619 371332 388665 222385 297009 269198 293418 405428 366686 324947 283861 311590 325052 324180 345242 297313 207957 216747 406037 402992 339225 331106 374534 252041 306619 398750 355696 458140 214860 309150 332337 276601 483263 538105 476929 256640 285604 392142 359972 339970 375878 302522 336640 403218 449686 391861 358482
392458 337405 309339 346250 417027 321679 309068 318460 368120 361869 310992 330562 332925 284571 384228 365508 372576 244987 223471 309328 319194 315968 308665 493596 510057 475368 432781 378177 258522 215817 280021 396558 324300 281076 434194 263675 249299 288072 332328 333183 374557 214546 270523 351721 349941 438909 574578 481470 388231 300827 347277 424890 459082 319658 365929 332937 444555 362288 279370 235751 311927 299383 250551 280497 366297 316891 409472 376551 380014 244347 335623 201084 273801 213108 284760 321815 311375 385934 500763 440311 290479 395202 430514 430006 368213 271357 300794 253756 318475 201537 353992 375445 389562 304597 233576 241334 193332 114589 304250 305084 294568 314423 257410 208143 296993 233611 275248 316936 338762 411635 352885 419603 430463 353174 287829 270108 417154 423754 378741 450716 337218 430768 420891 363598 394520 307299
493755 431343 359593 238257 263299 227393 245310 264919 193228 294621 321533 349956 381592 280799 253047 222206 343936 350635 350645 259746 296852 406391 382448 327594 324497 269785 332686 356284 352469 418667 371993 410280 471692 312327 293997 351605 290710 272685 301951 215272 348140 391511 334506 324651 355828 260498 236858 215715 187372 261159 425006 485446 547256 430408 352723 262463 341842 335529 402284 314571 313603 264264 383859 366864 274616 278872 356628 305592 467194 272163 391199 362962 380269 264342 443782 347627 339220 277864 239194 288201 189812 270329 294753 293870 260824 322336 316436 332089 284731 405716 450955 255508 343167 177109 265610 246811 261639 263944 216379 314476 300839 255410 302139 219980 331736 370541 368568 308601 255742 286342 442631 433546 456945 266916 287521 306402 282793 321872 197555 363659 405488 295046 462586 387305 424514 243145
346621 382155 401215 361040 395911 343664 270254 376876 299259 266210 379168 366244 334344 143678 298685 350724 360813 390877 322547 367701 369138 453823 510923 480409 520055 562751 443270 423609 394539 281098 407735 368019 365286 413018 294087 367318 487378 396379 319099 246400 259667 300157 250888 271915 361358 320784 340610 242841 290751 332487 419478 502048 516339 554592 506851 371270 320920 221384 230969 298856 368083 328721 330608 226388 327696 371913 457139 328646 414488 359697 403939 298787 299908 286134 206637 361773 438016 543048 450808 354558 356803 437219 371752 399019 325752 381945 337809 277952 289423 192830 295659 252953 383379 320728 341777 320760 358182 368854 340255 255530 328820 297448 285572 246234 304137 296609 417593 384935 337916 333557 419916 443272 394847 371190 364466 389007 177595 290386 310957 264752 349985 364192 414049 220394 252949 376591
280673 185171 245214 191053 108840 240986 285728 349773 344198 289243 298040 318415 358012 299386 240192 226992 297512 373034 439312 366954 376323 379991 211014 278753 316793 419578 542944 424286 406189 315056 356993 463633 335175 368835 348786 403390 389484 455618 374929 338642 231275 412445 258233 264623 167899 226959 297222 292369 247186 346954 289199 361312 401590 403860 397817 386916 267877 334318 225606 159976 247813 300021 318166 202123 261995 311830 512302 411589 437701 388861 436663 269665 265417 441587 451101 341019 312928 359914 333473 322136 230238 255443 190177 295217 395674 559011 383184 443103 421957 439984 314411 163959 201809 323881 395008 398154 372686 320737 261195 386964 353045 330111 338120 361447 462637 450149 403597 263505 201244 319575 449461 363795 375746 368366 334030 404869 181748 95146 190217 256643 279534 256092 368572 288903 355033 368955
248120 332601 266951 339537 289860 279621 375561 328465 310705 333357 389723 294813 304484 289947 383977 266392 226754 206098 273346 398683 376751 292193 324519 383025 418255 491217 541736 411144 299723 376484 363917 360763 299551 397292 445756 489671 440356 396866 396748 451717 308653 382495 380786 294388 402426 274763 364160 485260 483465 471882 454328 403471 406428 443110 595498 446990 417232 351756 276351 311421 278684 333623 363046 328174 390356 429517 431547 395897 331471 349952 273100 351713 331595 421726 377699 329216 318267 483674 404142 403685 369577 368516 399629 496823 474898 405203 360331 410165 360031 311276 301846 328437 368876 349875 375548 488008 563247 535216 324406 313744 367474 334798 233709 261018 460727 453348 330286 253514 196005 365660 460770 478041 346258 382335 301211 253988 229841 248993 229784 250792 280527 172356 168357 192418 381619 387558
155941 169289 263876 295862 385109 379101 340784 334577 430148 247198 348425 262196 382598 371198 358385 282184 413024 322017 388074 446255 405881 376950 306950 340661 372402 336734 330642 284492 227341 339003 363683 532480 357612 465408 426990 393856 342858 454044 383274 287219 337761 387387 482758 364503 384555 410431 305008 447480 457144 422103 351925 270621 344738 308069 400929 533447 478157 407981 286744 241744 303412 289296 400070 271846 250410 339199 401652 328611 328531 309567 319166 276050 357263 415156 285608 227571 178645 341930 373314 283477 138459 147233 248071 376069 425489 423528 347547 392611 417437 438337 262233 288528 325646 304037 342996 404046 454216 414516 309436 281906 209949 380162 288251 306830 329644 344037 253496 200846 176414 203506 351354 383994 355086 407511 366691 194066 131446 210783 276191 327946 235531 214759 307830 433264 371878 349054
265736 224180 366311 291018 408002 248795 326051 211462 318179 357977 343488 272129 325341 322036 371762 307995 296984 253686 347477 313249 265930 359740 480915 443262 400582 365604 242368 257277 182106 337471 358483 421212 383974 434072 423854 307040 170973 238887 397637 377327 344956 355495 538244 467839 304634 431937 388541 342430 377712 454232 417829 393712 471154 395891 418479 431826 441076 318738 286016 197961 277965 336409 380159 460690 305604 344927 337491 376006 237131 301530 374652 518214 475729 386626 235529 219501 303026 405175 287851 280578 230752 350207 399810 407123 282127 326271 399871 308384 261405 404549 372951 385519 272580 259318 396206 471147 541209 425652 270158 359029 383723 448328 397027 397098 337166 338288 262177 257064 187580 213613 302722 322580 336589 302998 336271 294494 260170 265091 427437 352743 272502 135089 222569 411458 567956 448137
180440 149716 309810 321912 302575 177079 269053 265104 390329 217824 256594 294166 392488 325172 332709 343001 482538 453117 473295 445731 428630 462718 327890 378237 217375 331959 400140 415130 323657 372414 440642 333605 401810 435288 456248 432699 351755 277396 229747 234262 305044 380907 505123 435237 382454 393065 478179 388895 371069 352356 383503 360889 318671 349946 334628 316882 314657 319822 303645 357953 354795 373114 313153 345518 326381 278219 317944 395083 346363 262862 346055 395303 444685 384338 336526 242223 421488 446277 338449 291961 251240 269689 312486 268009 314213 227792 240009 297111 226345 304835 365542 390303 434446 370998 397418 403994 389971 386952 350997 337539 390347 456167 464276 398597 324388 390162 426399 390054 330767 230387 114222 305044 373185 395864 312090 335815 333800 247949 301997 287558 262656 308883 252771 196759 373725 446886
385894 340484 370518 350370 259231 228893 154955 181844 227354 218858 172151 322140 398878 552698 475937 418371 329086 351190 359570 470775 412627 452698 436293 356587 268404 235802 229110 295041 365891 446831 395079 285127 315917 353157 395010 402689 372830 472556 340645 238815 252024 248303 343914 364973 371366 299057 273093 419478 373994 440904 339018 464518 250152 269178 328403 227595 293179 264405 407230 349013 253773 222931 286978 303689 306400 320615 287762 371378 411357 300156 178342 339340 396365 454239 417339 398234 362288 490431 373687 337874 279086 297901 298529 352039 374722 299664 284463 299385 299925 336595 470402 352152 288312 252218 407440 524086 427150 446801 509282 479523 439676 424053 443836 542294 415224 381965 349949 369271 276781 321888 261528 250266 433509 478560 475796 357659 364191 254938 246648 249474 335232 309175 265596 308817 460145 506385
304312 230212 240651 234534 316038 286306 332039 342938 278285 251268 340828 355962 386001 422017 344121 298736 289448 314969 298405 372452 378569 482687 445830 343920 376806 311049 412993 334069 409374 338365 467193 325923 352613 369940 397274 372289 209134 347882 257132 227131 304133 388561 317797 345752 381826 429164 297203 265364 352294 472166 338077 429092 322202 172904 277062 230721 295791 280764 427501 433445 449671 406909 339752 400744 220976 242044 241359 280866 304875 367786 278043 251981 370634 339655 281087 327493 347900 292523 358588 306782 301944 258005 284900 278892 323332 245612 239120 209241 344135 261440 351238 459511 389276 358684 207417 331402 369252 351150 359562 325482 270259 286737 362206 347514 382608 347539 309404 296304 246556 342684 293497 318003 249264 401398 428383 403490 426221 308203 263344 256416 251532 406760 282466 262871 417256 531911
488938 384815 463509 310894 280906 164063 248530 265741 326405 250668 279853 419542 316043 409454 430056 330388 254534 392157 481179 514380 406233 361948 402939 342919 267513 312926 324134 345411 298458 340733 270890 279898 306904 350620 414891 349137 350249 335028 351197 230926 208037 324807 358194 330454 326237 448289 544406 506068 434151 499520 331554 238897 309935 266428 286939 286878 343287 262320 366389 338851 250405 273941 320878 380896 314923 302673 301262 449895 348857 394611 401833 424802 395280 358735 339547 324152 308716 349601 244093 294985 310278 303286 360274 282520 296358 232681 350400 329335 302433 287864 300507 335737 296597 375673 364503 435476 481541 482264 400709 348719 273529 338523 307879 471843 399071 457542 338325 320117 242885 323454 320680 325595 342337 366714 407825 355484 400359 236890 226770 292573 251544 288391 267710 407931 423923 493597
351644 279333 390863 398897 390079 277631 323048 306850 306990 414388 323697 386538 347828 297604 318422 397560 297578 340078 316133 319601 374584 357889 284337 305953 356663 290483 407743 351404 401366 402874 440086 327520 302200 201404 274934 214427 322433 249272 312783 263339 366652 398022 298835 354450 296315 295403 265324 334187 399657 426276 438502 288378 308275 241212 383083 239558 317070 381609 438298 530911 371136 354834 251042 307156 372544 395940 335879 286436 348510 316955 477594 422847 399084 261790 251514 321190 218923 276644 304235 258065 369514 366093 286149 302521 218748 320982 318758 432387 306965 330397 183251 316266 295578 258902 316768 319481 347203 436831 389836 347251 252236 296833 241623 328056 450563 310902 261581 254249 316037 402305 394055 232089 170710 221223 347098 387625 443421 318901 234052 377723 355431 377740 236319 465408 495479 447609
392549 318283 361640 288663 337338 282138 403582 342588 244665 309293 282475 271787 247069 341201 313224 410201 364079 295378 341071 406633 343839 383859 198470 228699 331599 336519 227723 314058 255991 315299 215786 176150 290712 259274 502046 405666 462482 244144 267107 267520 345678 377772 290266 430620 370888 397540 471079 429617 417532 324932 349720 434756 490458 383962 517705 375604 293346 306204 304686 431978 398695 359098 361149 454189 333889 384269 274300 380938 387578 334301 341755 386070 433389 441981 250208 327053 292644 191917 283485 211498 290891 322321 296801 287967 208340 404050 426074 435265 456733 472381 419874 473784 465934 474108 495660 456218 435337 384903 406404 405747 303048 363470 324420 314946 490193 467413 367569 266194 382139 336942 458020 448696 397629 370472 460190 440124 439668 429913 337395 456425 433824 385834 368532 437596 602641 452748
326713 358527 422351 295596 248122 314106 364914 346717 380943 276055 370814 399389 424403 460825 407787 343421 342201 239932 377395 392422 461999 449348 339101 298480 330216 405598 313679 394478 374904 437873 471907 341509 388490 333076 363368 265998 347947 313460 392754 369855 285940 333087 357784 449644 455589 326922 386338 465532 421236 423482 383469 361416 479688 446194 438742 367003 366835 294077 258537 301424 329854 410702 226152 400559 348487 296910 212624 369499 476796 439838 310492 230176 251808 344308 352879 303163 371059 251877 373728 317971 376089 399979 277311 299659 257039 365008 447284 390746 353324 382253 340036 371779 412448 371781 437116 335730 427903 382304 383952 292651 314718 432372 433065 371597 376538 493555 369081 235369 335068 460216 444764 401480 297887 339286 296207 429810 369610 390927 502359 491883 336922 259893 281129 425800 491704 427277
322141 199902 334849 358063 380331 397559 450890 456887 446766 369123 458631 424438 444152 407670 419929 346953 279547 249467 320608 420706 336729 297894 363693 426402 436561 432073 371904 313703 425931 397235 409429 273153 336084 359864 409492 370218 397091 373637 404562 364804 395586 476995 415353 387423 310066 360645 388128 379204 377191 380462 401431 433392 455946 402655 433433 411345 381120 380381 385652 395148 291450 401560 346671 452127 430071 335997 327322 415871 421008 377888 339509 322344 412655 380107 336760 239487 381715 303762 354037 214026 236166 306238 248936 380783 413855 400455 596799 491234 400247 416629 415787 423469 430273 497219 477467 285825 344566 407652 312689 336606 279041 399504 432418 340048 322769 387943 556462 419226 312299 302778 476093 554770 541924 449923 344249 345932 395181 357805 263860 359017 353022 377086 450272 453813 507828 292186
416344 332332 283536 343181 428771 390594 336152 251727 248543 277134 466662 502792 407326 418664 298286 193386 301193 263158 374310 423767 501048 281616 237524 235153 279541 265912 246115 285726 414962 469806 493270 422920 344735 365582 249399 130754 239826 315217 365838 351879 274180 438387 475734 527402 515644 406501 345101 306253 366101 414776 397239 349827 352309 356415 248780 420215 434569 404402 353437 354019 313610 282335 359425 302011 281395 281451 208653 380093 447094 300374 281064 222140 275597 459046 410786 303778 393677 331676 258431 291963 281213 339727 239043 311336 476615 368157 334286 418302 401319 488852 450848 372081 276850 288082 376739 378847 324621 359484 272560 266940 230505 250990 282754 361674 436329 469599 392376 404070 451872 438847 313412 317221 293241 371675 333971 358977 332156 338641 264663 194383 253969 311085 490435 410926 446468 389449
335831 334607 325707 379003 387974 437645 389079 392122 448125 347301 354030 494347 442825 305469 399514 282432 288395 333156 469272 319203 324678 267472 283784 299849 364009 245785 314252 291834 396674 521074 473649 363411 277024 236456 383449 380781 449352 390332 403838 444602 449928 516502 391182 399425 265127 285269 291613 319548 269902 355341 312551 392443 346961 347454 307957 366780 469963 457294 495724 436539 439359 416326 486110 457587 342114 415205 424672 329893 391178 260069 283971 387362 496007 411981 424420 378844 409929 386583 326681 208090 133536 239856 290287 411616 512932 430808 340244 170494 237496 314833 291175 450399 399267 335941 227809 351281 327467 437849 299917 355196 370701 431484 241494 259738 351363 466673 388006 282412 298162 385071 370964 415676 488853 378985 326019 350131 286597 277561 154203 262076 399933 392486 450274 396230 411690 359789
372875 347109 368199 286660 409192 379328 400152 315640 316807 384475 441686 344030 348853 303452 387836 348778 400992 314508 518122 467398 334300 239396 305478 239539 266088 193873 163656 265799 287474 430585 404066 497972 420223 270471 255765 169757 165505 396209 387756 533680 331116 396626 341354 405988 379714 306184 240355 262124 485787 455219 481923 349953 330770 383791 399678 356201 427502 348745 453284 349833 238335 355770 328499 464404 293334 334671 316853 310151 355536 374152 345942 276383 302452 270051 270022 368357 342276 292322 282066 318841 209806 319248 513045 525036 503140 351239 293243 393370 349119 328274 333366 354190 397971 413481 341624 423904 327938 416764 455016 372578 350938 281752 272511 280867 391669 530250 451457 434665 401716 356955 265720 275543 294098 384389 419245 338518 306209 395179 279090 267092 415143 458364 373996 282338 335357 389581
346078 347658 286055 286512 224230 338755 428363 443668 354630 377824 524532 454335 420791 362042 473534 422070 407929 315659 354408 383416 425959 282671 409948 346885 518387 372291 317518 263508 251127 282386 310671 375191 444950 400584 330706 471511 332715 414448 375483 472075 444078 450972 422458 429436 480970 420761 507965 311456 330433 337418 369712 299440 126027 270704 324496 282869 270097 283626 350780 381569 316791 261813 322940 374212 350276 317213 213519 316905 425605 432399 363701 319461 310623 392986 465748 306038 462649 414234 360892 321168 169446 255253 467650 511180 345622 206587 198954 354509 479926 385312 425767 384933 441221 424000 382894 398949 283263 205253 326625 388266 332916 319253 250429 335049 378409 344799 267612 456044 424338 430177 485925 377198 289717 369061 258035 376883 178629 205454 252812 309936 386906 374829 448714 368569 394620 354076
271536 346217 340476 374344 404678 379912 326974 381120 450159 397040 336255 377629 473770 558404 552701 467290 397698 380624 373588 331962 418561 174383 320849 334218 391152 277224 166917 215087 288474 397476 488172 507177 483995 344329 188285 351985 499085 479986 401299 423835 412655 418501 340948 308347 445022 391729 413942 412768 331603 346767 352371 385176 375850 326538 496311 349873 330750 310633 425050 367175 366452 388118 325973 521938 383883 271461 368697 370307 467380 381263 272252 182404 264685 317321 389509 287230 291796 383752 306841 308423 378690 395720 432807 553450 404840 273775 223914 145343 238582 226897 352251 319446 363243 456290 413002 443946 445232 323020 304551 267427 221411 184910 168057 295775 386510 478614 323517 250803 343337 353678 336065 364876 254649 355883 327261 382686 392830 378223 296950 344878 367757 289597 334430 323190 485700 492569
291928 273724 282482 250666 262454 399571 356519 371988 444926 449866 335062 379131 345641 469585 407821 416054 246602 239934 364898 430348 428985 354878 371160 362731 482381 414244 300074 217826 315527 257689 430159 454795 457480 418216 213630 338081 387188 612853 414656 421982 290757 314128 263137 260872 373307 508871 441523 376006 396690 381844 308913 292478 323283 382808 276672 233133 272883 274227 358036 306347 357877 288742 191815 266467 267891 224918 297320 335738 345730 232949 209159 125649 249083 349924 302823 301183 333806 397741 430925 274633 171525 282064 255891 283051 344983 432695 408077 310779 286037 209691 257845 329657 291256 342789 335730 383964 403412 333884 168063 282690 253900 296291 294957 302581 262638 263462 315618 289353 394642 407582 262363 385276 241732 414859 347823 350544 366620 353263 467765 295551 337381 322362 285857 265938 333854 441467
355329 398346 391347 411086 281090 258241 339684 341042 272343 334251 260064 360348 374771 475354 466982 472509 414047 302202 365177 369479 384739 312182 387058 357425 297034 356970 338233 346962 479547 412001 444874 436556 432565 289680 315632 332406 398638 470063 489018 411006 357565 231395 341803 436958 424129 479505 402090 394898 316066 270626 351289 403290 488357 463567 397779 247704 392751 440439 480173 422072 317630 365273 251516 160790 214682 271512 337234 242324 364451 317685 285116 260597 190079 158571 216335 186364 419266 347866 291340 346246 324214 479209 364680 368983 329591 329008 220925 185205 226698 284230 358615 438233 396460 415084 386421 449474 424332 460569 247754 302948 294090 290083 285149 342420 426395 328803 231642 266389 241963 366871 289940 202550 217392 310267 463503 332858 392937 367580 384300 400711 284486 407409 409399 293423 348127 476813
289420 282015 262753 240907 287828 335252 298624 364766 210896 310941 246389 285109 261768 354045 415892 278714 296117 296000 243721 379052 364766 497422 349905 362484 230272 249447 384673 242009 337655 212913 434558 411375 349923 250291 243936 328215 274453 381195 322446 307110 308583 240794 198014 347142 538512 482575 409451 377156 343515 253829 242280 422424 452343 376409 280728 277606 280211 279272 334116 437552 370402 320228 257480 252496 335974 215609 272540 114301 196091 307294 276978 141366 203212 255391 343440 297255 414061 520847 301905 200570 248181 307156 245179 348475 434810 450941 328983 262361 308269 325382 336841 360814 369874 358274 437493 480885 415210 418139 300413 351654 453048 338510 258990 301097 321729 383750 359253 376550 268767 425824 320310 357344 369570 377416 464848 461360 417101 345656 210293 231511 223056 232933 269560 374845 379738 445482
316523 373294 277329 454593 331830 312946 320873 399835 361734 268124 322412 400500 362925 295407 353102 337310 319467 431605 446920 415493 403782 389627 486831 487186 440446 422926 489529 416089 419071 342193 475612 447063 411423 262328 250961 359820 237738 278016 343174 254882 218148 280296 277399 314170 384832 367250 395554 184376 198458 209374 282825 356514 278510 304458 413176 406943 335192 289152 253644 229992 216521 165693 174946 188638 248133 272752 388828 402094 476967 439371 373177 191220 191221 273539 406452 430823 328978 278037 263401 359374 422747 388839 364009 451729 426726 389290 298624 355228 333548 309784 269463 354130 285918 382026 297654 355567 382575 284157 311818 207322 339143 392535 332510 386153 295095 391638 274873 233891 275497 294109 309234 270066 350715 295069 278534 335419 234556 347937 251463 296683 294098 335422 347500 432668 441817 463448
342441 295254 312943 379190 356028 295891 268901 282312 211079 200602 160387 366734 436812 317120 300964 278333 321850 425260 399997 408164 361249 364636 348710 313561 227751 234180 243847 211627 247412 330427 459914 363689 309215 319081 271595 358412 450397 307805 323865 321043 283098 285363 321714 308452 357602 359457 454450 254266 137907 150029 285282 485207 429430 459813 327856 351991 218520 248725 239211 350644 390037 410605 343324 234149 380865 301162 386138 342200 472705 393513 435618 341211 434030 453840 432939 469266 405617 419704 378682 395710 340173 311283 394559 484459 470432 357026 248631 312676 348260 362552 279703 379432 347486 402259 530584 401985 296473 182009 371171 442415 421480 430284 352890 344670 318742 419122 425961 442248 364768 254220 300357 309305 321037 216647 217710 302134 209089 200628 197476 305648 263556 358322 364533 396686 369549 337237
339254 341047 286824 378548 457636 455551 424406 338354 209067 372806 457040 326332 342182 234606 330779 389740 381542 457248 417998 299584 368685 408502 520097 507353 436884 347729 328372 350773 473448 416100 452572 397281 294905 199666 288043 204035 366423 399552 422410 429505 412485 366866 368092 289438 431553 327425 275269 210238 179409 304762 260806 362439 393987 439353 377899 269609 297873 368784 320538 230581 270705 384398 448516 367725 384608 460056 532729 435586 438848 382972 476629 345246 449875 433051 486481 361175 287178 399555 438844 423990 320940 390948 462964 544474 427356 479121 465613 336701 262636 306755 268745 318512 315218 222161 268982 350760 381742 325228 224631 319794 400025 433095 289006 345988 228053 295026 263995 347580 384197 372567 320784 239364 324638 262356 240406 244050 446962 398295 352627 287747 318487 366618 456964 409540 392728 303551
263362 199209 263511 209561 277997 422699 341618 276395 216962 242387 467839 384598 273375 292612 342082 517029 414290 470626 319785 228252 298162 326137 331245 349682 335561 348727 280177 230419 275620 379690 500072 412110 476772 372980 497242 408254 461882 336178 311976 205240 300584 349107 357730 363838 322498 385656 326098 175965 118425 210169 363893 444947 395031 303565 278988 259369 302002 298536 407553 381141 494891 401234 378494 355887 476325 404808 470642 482954 502607 419167 442244 480556 461907 432138 378086 358899 301517 354113 366480 362061 368773 429387 389142 411276 291143 204793 243242 301825 277766 340644 433530 375154 464998 401086 362245 218935 290440 437615 462444 456855 399311 371319 273004 365186 321768 482446 545195 452391 348682 447151 411057 326382 319564 289416 263045 179642 317796 366545 318103 288386 315146 280213 431573 335472 457419 457192
453816 269266 310283 427902 443756 478546 440817 347693 447844 390288 385945 245209 328185 369736 368464 363465 264253 290500 245429 297673 363858 458801 468435 386511 359796 298350 359048 336701 346146 288639 441118 415277 321693 264484 404037 405351 397940 311701 351879 340587 360311 390050 319021 305053 280029 251510 289705 287402 282020 323488 246920 324408 359817 249110 268338 342180 389122 344165 479551 375167 418801 445433 442794 233149 308695 363071 311549 262542 358982 424639 449608 443739 349381 252657 264656 283167 343898 185831 177338 305156 320195 450751 306438 341928 390534 370779 280465 313045 249684 218202 299475 399165 468832 311394 253106 236432 280789 346585 376380 438968 230946 245400 208540 361333 355934 385801 299031 357969 333455 369835 364351 492826 467214 342129 340890 310749 458935 345538 427799 210804 259124 202429 299648 308140 313741 327662
420941 395836 255038 253376 298884 376934 418812 230738 285288 196342 347685 245840 344446 481650 465590 444107 308185 288202 298621 381287 290148 370834 370218 324768 391307 458590 282990 282614 417431 406055 358398 481578 381918 386184 419584 556248 405989 243605 189479 293892 382226 513875 449356 362495 385704 232197 173945 202196 261949 388245 369675 356383 324892 251667 320779 320788 502148 391856 378942 307854 360461 216326 255824 360000 327092 338145 370461 338634 332838 431892 319055 410268 327082 266501 363684 309879 286206 258586 171404 306913 293368 431064 319175 315690 407450 432668 324194 318967 220692 269135 257986 318935 447474 409067 197654 231264 279187 464881 410523 401608 259237 330233 376790 464715 416262 407617 394931 385570 333352 354176 408122 391342 411985 403002 429844 356634 427470 441592 468399 368795 453269 349261 370439 351333 398868 342668
