Cadence Genus(TM) Synthesis Solution.
Copyright 2022 Cadence Design Systems, Inc. All rights reserved worldwide.
Cadence and the Cadence logo are registered trademarks and Genus is a trademark
of Cadence Design Systems, Inc. in the United States and other countries.

[17:50:12.503681] Configured Lic search path (20.02-s004): 5280@paxos.inf.pucrs.br

Version: 21.12-s068_1, built Fri Mar 04 09:12:46 PST 2022
Options: -files logical_synthesis.tcl 
Date:    Mon Oct 05 17:50:12 2026
Host:    paxos.inf.pucrs.br (x86_64 w/Linux 4.18.0-553.155.1.el8_10.x86_64) (14cores*28cpus*1physical cpu*Intel(R) Core(TM) i9-7940X CPU @ 3.10GHz 19712KB) (131170900KB)
PID:     2316079
OS:      Rocky Linux release 8.10 (Green Obsidian)


[17:50:12.018136] Periodic Lic check successful
[17:50:12.018139] Feature usage summary:
[17:50:12.018139] Genus_Synthesis
Checking out license: Genus_Synthesis


***********************************************************************************************************
***********************************************************************************************************



Loading tool scripts...
Finished loading tool scripts (8 seconds elapsed).

#@ Processing -files option
@genus 1> source logical_synthesis.tcl
#@ Begin verbose source ./logical_synthesis.tcl
@file(logical_synthesis.tcl) 10: set LOGICAL_ROOT [file normalize [file dirname [info script]]]
@file(logical_synthesis.tcl) 11: set CONFIG_ROOT [file normalize [file join $LOGICAL_ROOT ..]]
@file(logical_synthesis.tcl) 12: set GIT_ROOT [exec git -C $CONFIG_ROOT rev-parse --show-toplevel]
@file(logical_synthesis.tcl) 13: set OUT_FILES [file normalize [file join $LOGICAL_ROOT results]]
@file(logical_synthesis.tcl) 17: set TOP_MODULE system
@file(logical_synthesis.tcl) 18: set top_file [file join $CONFIG_ROOT top-module.txt]
@file(logical_synthesis.tcl) 19: if {[file exists $top_file]} {
    set fp_top [open $top_file r]
    while {[gets $fp_top line] >= 0} {
        set line_trim [string trim $line]
        if {$line_trim ne "" && ![string match "#*" $line_trim]} {
            set TOP_MODULE $line_trim
            break
        }
    }
    close $fp_top
}
@file(logical_synthesis.tcl) 33: set TOP_PARAMETERS [list]
@file(logical_synthesis.tcl) 34: set parameters_file [file join $CONFIG_ROOT top-parameters.txt]
@file(logical_synthesis.tcl) 35: if {[file exists $parameters_file]} {
    set fp_parameters [open $parameters_file r]
    while {[gets $fp_parameters line] >= 0} {
        set line_trim [string trim $line]
        if {$line_trim ne "" && ![string match "#*" $line_trim]} {
            if {![regexp {^([A-Za-z_][A-Za-z0-9_]*)=(.+)$} $line_trim -> parameter_name parameter_value]} {
                error "invalid top parameter override in $parameters_file: $line_trim"
            }
            lappend TOP_PARAMETERS [list $parameter_name $parameter_value]
        }
    }
    close $fp_parameters
}
@file(logical_synthesis.tcl) 51: proc resolve_project_file ...
@file(logical_synthesis.tcl) 63: set file_list_path [file join $CONFIG_ROOT list-file.txt]
@file(logical_synthesis.tcl) 64: set HDL_FILES [list]
@file(logical_synthesis.tcl) 65: if {[file exists $file_list_path]} {
    set fp [open $file_list_path r]
    while {[gets $fp line] >= 0} {
        set line_trim [string trim $line]
        if {$line_trim eq "" || [string match "#*" $line_trim]} {
            continue
        }
        lappend HDL_FILES [resolve_project_file $line_trim $CONFIG_ROOT $GIT_ROOT]
    }
    close $fp
}
@file(logical_synthesis.tcl) 78: set defines_file [file join $CONFIG_ROOT list-define.txt]
@file(logical_synthesis.tcl) 79: set DEFINE_FLAGS [list]
@file(logical_synthesis.tcl) 80: if {[file exists $defines_file]} {
    set fp_def [open $defines_file r]
    while {[gets $fp_def line] >= 0} {
        set line_trim [string trim $line]
        if {$line_trim eq "" || [string match "#*" $line_trim]} {
            continue
        }
        if {[string match "-define *" $line_trim]} {
            set line_trim [string trim [string range $line_trim 8 end]]
        }
        if {$line_trim ne ""} {
            lappend DEFINE_FLAGS $line_trim
        }
    }
    close $fp_def
}
@file(logical_synthesis.tcl) 97: source [file join $CONFIG_ROOT scripts logical_synthesis_body.tcl]
Sourcing '/tmp/fastconv-power4x4-i54-90fa/rtl/conv4x4/synthesis/conv-tcn16-i54-h27-t36-o16-m18-stream12-prefetch18-rowconst6-trunc-column/scripts/logical_synthesis_body.tcl' (Mon Oct 05 17:50:20 -03 2026)...
#@ Begin verbose source /tmp/fastconv-power4x4-i54-90fa/rtl/conv4x4/synthesis/conv-tcn16-i54-h27-t36-o16-m18-stream12-prefetch18-rowconst6-trunc-column/scripts/logical_synthesis_body.tcl
@file(logical_synthesis_body.tcl) 5: puts "++++++++++++++++++++++++++++++++++++++++++++++++++++++++++++++++++++++++"
++++++++++++++++++++++++++++++++++++++++++++++++++++++++++++++++++++++++
@file(logical_synthesis_body.tcl) 6: puts "Load the pdk using MMMC"
Load the pdk using MMMC
@file(logical_synthesis_body.tcl) 7: puts "++++++++++++++++++++++++++++++++++++++++++++++++++++++++++++++++++++++++"
++++++++++++++++++++++++++++++++++++++++++++++++++++++++++++++++++++++++
@file(logical_synthesis_body.tcl) 8: read_mmmc [file join $CONFIG_ROOT scripts mmmc_tsmc_28_bv.tcl]
  Setting attribute of root '/': 'is_read_mmmc_flow' = true
Sourcing '/tmp/fastconv-power4x4-i54-90fa/rtl/conv4x4/synthesis/conv-tcn16-i54-h27-t36-o16-m18-stream12-prefetch18-rowconst6-trunc-column/scripts/mmmc_tsmc_28_bv.tcl' (Mon Oct 05 17:50:20 -03 2026)...
#@ Begin verbose source /tmp/fastconv-power4x4-i54-90fa/rtl/conv4x4/synthesis/conv-tcn16-i54-h27-t36-o16-m18-stream12-prefetch18-rowconst6-trunc-column/scripts/mmmc_tsmc_28_bv.tcl
@file(mmmc_tsmc_28_bv.tcl) 2: set CONSTRAINTS_PATH [file join $CONFIG_ROOT scripts]
@file(mmmc_tsmc_28_bv.tcl) 8: set LIB_PATH /pdk/tsmc/PDK28/PDK_TSMC28_bv/tcbn28hpcplusbwp30p140_190a/TSMCHOME/digital/Front_End
@file(mmmc_tsmc_28_bv.tcl) 9: set TECH_PATH /pdk/tsmc/PDK28/PDK_TSMC28_bv/tcbn28hpcplusbwp30p140_190a/TSMCHOME/digital/Back_End
@file(mmmc_tsmc_28_bv.tcl) 16: create_library_set -name libset_0p81v_125c \
    -timing  "${LIB_PATH}/timing_power_noise/NLDM/tcbn28hpcplusbwp30p140_180a/tcbn28hpcplusbwp30p140ssg0p81v125c.lib"
@file(mmmc_tsmc_28_bv.tcl) 20: create_library_set -name libset_0p90v_25c \
    -timing  "${LIB_PATH}/timing_power_noise/NLDM/tcbn28hpcplusbwp30p140_180a/tcbn28hpcplusbwp30p140tt0p9v25c.lib"
@file(mmmc_tsmc_28_bv.tcl) 24: create_library_set -name libset_0p99v_m40c \
    -timing  "${LIB_PATH}/timing_power_noise/NLDM/tcbn28hpcplusbwp30p140_180a/tcbn28hpcplusbwp30p140ffg0p99vm40c.lib"
@file(mmmc_tsmc_28_bv.tcl) 32: create_opcond -name opcond_0p81v_125c -voltage 0.81 -temperature 125.0
@file(mmmc_tsmc_28_bv.tcl) 33: create_opcond -name opcond_0p90v_25c  -voltage 0.90 -temperature  25.0
@file(mmmc_tsmc_28_bv.tcl) 34: create_opcond -name opcond_0p99v_m40c -voltage 0.99 -temperature -40.0
@file(mmmc_tsmc_28_bv.tcl) 41: create_timing_condition -name timing_cond_0p81v_125c \
    -opcond         opcond_0p81v_125c \
    -library_sets { libset_0p81v_125c }
@file(mmmc_tsmc_28_bv.tcl) 45: create_timing_condition -name timing_cond_0p90v_25c \
    -opcond         opcond_0p90v_25c \
    -library_sets { libset_0p90v_25c }
@file(mmmc_tsmc_28_bv.tcl) 49: create_timing_condition -name timing_cond_0p99v_m40c \
    -opcond         opcond_0p99v_m40c \
    -library_sets { libset_0p99v_m40c }
@file(mmmc_tsmc_28_bv.tcl) 58:  create_rc_corner -name rc_corner_125c_capwst \
    -temperature 125.0 \
     -qrc_tech ${TECH_PATH}/qrc/RC_QRC_crn28hpc+_1p09m+ut-alrdl_5x1y1z1u_rcworst/qrcTechFile
@file(mmmc_tsmc_28_bv.tcl) 62:  create_rc_corner -name rc_corner_25c_captyp \
     -temperature 25.0 \
    -qrc_tech ${TECH_PATH}/qrc/RC_QRC_crn28hpc+_1p09m+ut-alrdl_5x1y1z1u_typical/qrcTechFile
@file(mmmc_tsmc_28_bv.tcl) 66:  create_rc_corner -name rc_corner_m40c_capbst \
     -temperature -40.0 \
     -qrc_tech ${TECH_PATH}/qrc/RC_QRC_crn28hpc+_1p09m+ut-alrdl_5x1y1z1u_rcbest/qrcTechFile
@file(mmmc_tsmc_28_bv.tcl) 75: create_delay_corner -name delay_corner_0p81v_125c_capwst \
    -timing_condition timing_cond_0p81v_125c \
     -rc_corner rc_corner_125c_capwst
@file(mmmc_tsmc_28_bv.tcl) 79: create_delay_corner -name delay_corner_0p90v_25c_captyp \
    -timing_condition timing_cond_0p90v_25c \
     -rc_corner rc_corner_25c_captyp
@file(mmmc_tsmc_28_bv.tcl) 83: create_delay_corner -name delay_corner_0p99v_m40c_capbst \
    -timing_condition timing_cond_0p99v_m40c \
     -rc_corner rc_corner_m40c_capbst
@file(mmmc_tsmc_28_bv.tcl) 91: create_constraint_mode -name constraints_default \
    -sdc_files "${CONSTRAINTS_PATH}/constraints.sdc"
@file(mmmc_tsmc_28_bv.tcl) 99: create_analysis_view -name analysis_view_0p81v_125c_capwst_slowest \
    -constraint_mode constraints_default \
    -delay_corner delay_corner_0p81v_125c_capwst
@file(mmmc_tsmc_28_bv.tcl) 103: create_analysis_view -name analysis_view_0p90v_25c_captyp_nominal \
    -constraint_mode constraints_default \
    -delay_corner delay_corner_0p90v_25c_captyp
@file(mmmc_tsmc_28_bv.tcl) 107: create_analysis_view -name analysis_view_0p99v_m40c_capbst_fastest \
    -constraint_mode constraints_default \
    -delay_corner delay_corner_0p99v_m40c_capbst
@file(mmmc_tsmc_28_bv.tcl) 115: set_analysis_view -setup { analysis_view_0p81v_125c_capwst_slowest } \
                  -hold  { analysis_view_0p99v_m40c_capbst_fastest }

Threads Configured:3

  Message Summary for Library tcbn28hpcplusbwp30p140ssg0p81v125c.lib:
  *******************************************************************
  Missing a function attribute in the output pin definition. [LBR-518]: 1
  An unsupported construct was detected in this library. [LBR-40]: 1
  *******************************************************************
 
Info    : Created nominal operating condition. [LBR-412]
        : Operating condition '_nominal_' was created for the PVT values (1.000000, 0.810000, 125.000000) in library 'tcbn28hpcplusbwp30p140ssg0p81v125c.lib'.
        : The nominal operating condition is represented, either by the nominal PVT values specified in the library source (via nom_process,nom_voltage and nom_temperature respectively), or by the default PVT values (1.0,1.0,1.0).
Warning : Library cell has no output pins defined. [LBR-9]
        : Library cell 'ANTENNABWP30P140' must have an output pin.
        : Add the missing output pin(s), then reload the library. Else the library cell will be marked as timing model i.e. unusable. Timing_model means that the cell does not have any defined function. If there is no output pin, Genus will mark library cell as unusable i.e. the attribute 'usable' will be marked to 'false' on the libcell. Therefore, the cell is not used for mapping and it will not be picked up from the library for synthesis. If you query the attribute 'unusable_reason' on the libcell; result will be: 'Library cell has no output pins.'Note: The message LBR-9 is only for the logical pins and not for the power_ground pins. Genus will depend upon the output function defined in the pin group (output pin) of the cell, to use it for mapping. The pg_pin will not have any function defined.
Warning : Library cell has no output pins defined. [LBR-9]
        : Library cell 'ANTENNABWP30P140' must have an output pin.
Warning : Library cell has no output pins defined. [LBR-9]
        : Library cell 'BOUNDARY_LEFTBWP30P140' must have an output pin.
Warning : Library cell has no output pins defined. [LBR-9]
        : Library cell 'BOUNDARY_LEFTBWP30P140' must have an output pin.
Warning : Library cell has no output pins defined. [LBR-9]
        : Library cell 'BOUNDARY_RIGHTBWP30P140' must have an output pin.
Warning : Library cell has no output pins defined. [LBR-9]
        : Library cell 'BOUNDARY_RIGHTBWP30P140' must have an output pin.
Warning : Unusable clock gating integrated cell found at the time of loading libraries. This warning happens because a particular library cell is defined as 'clock_gating_integrated_cell', but 'dont_use' attribute is defined as true in the liberty library. To make Genus use this cell for clock gating insertion, 'dont_use' attribute should be set to false. [LBR-101]
        : Clock gating integrated cell name: 'CKLHQD20BWP30P140'
        : To make the cell usable, change the value of 'dont_use' attribute to false.
Warning : Unusable clock gating integrated cell found at the time of loading libraries. This warning happens because a particular library cell is defined as 'clock_gating_integrated_cell', but 'dont_use' attribute is defined as true in the liberty library. To make Genus use this cell for clock gating insertion, 'dont_use' attribute should be set to false. [LBR-101]
        : Clock gating integrated cell name: 'CKLHQD24BWP30P140'
Warning : Unusable clock gating integrated cell found at the time of loading libraries. This warning happens because a particular library cell is defined as 'clock_gating_integrated_cell', but 'dont_use' attribute is defined as true in the liberty library. To make Genus use this cell for clock gating insertion, 'dont_use' attribute should be set to false. [LBR-101]
        : Clock gating integrated cell name: 'CKLNQD20BWP30P140'
Warning : Unusable clock gating integrated cell found at the time of loading libraries. This warning happens because a particular library cell is defined as 'clock_gating_integrated_cell', but 'dont_use' attribute is defined as true in the liberty library. To make Genus use this cell for clock gating insertion, 'dont_use' attribute should be set to false. [LBR-101]
        : Clock gating integrated cell name: 'CKLNQD24BWP30P140'
Warning : Library cell has no output pins defined. [LBR-9]
        : Library cell 'DCAP16BWP30P140' must have an output pin.
Warning : Library cell has no output pins defined. [LBR-9]
        : Library cell 'DCAP16BWP30P140' must have an output pin.
Warning : Library cell has no output pins defined. [LBR-9]
        : Library cell 'DCAP32BWP30P140' must have an output pin.
Warning : Library cell has no output pins defined. [LBR-9]
        : Library cell 'DCAP32BWP30P140' must have an output pin.
Warning : Library cell has no output pins defined. [LBR-9]
        : Library cell 'DCAP4BWP30P140' must have an output pin.
Warning : Library cell has no output pins defined. [LBR-9]
        : Library cell 'DCAP4BWP30P140' must have an output pin.
Warning : Library cell has no output pins defined. [LBR-9]
        : Library cell 'DCAP64BWP30P140' must have an output pin.
Warning : Library cell has no output pins defined. [LBR-9]
        : Library cell 'DCAP64BWP30P140' must have an output pin.
Warning : Library cell has no output pins defined. [LBR-9]
        : Library cell 'DCAP8BWP30P140' must have an output pin.
Warning : Library cell has no output pins defined. [LBR-9]
        : Library cell 'DCAP8BWP30P140' must have an output pin.
Warning : Library cell has no output pins defined. [LBR-9]
        : Library cell 'FILL16BWP30P140' must have an output pin.
Warning : Library cell has no output pins defined. [LBR-9]
        : Library cell 'FILL16BWP30P140' must have an output pin.
Warning : Library cell has no output pins defined. [LBR-9]
        : Library cell 'FILL2BWP30P140' must have an output pin.
Warning : Library cell has no output pins defined. [LBR-9]
        : Library cell 'FILL2BWP30P140' must have an output pin.
Warning : Maximum message print count reached. [MESG-11]
        : Maximum print count of '20' reached for message 'LBR-9'.
Info    : Set default library domain. [LBR-109]
        : The default library domain is 'library_domain:timing_cond_0p81v_125c'.
  Library has 530 usable logic and 349 usable sequential lib-cells.
@file(mmmc_tsmc_28_bv.tcl) 122: read_physical -lefs "${TECH_PATH}/lef/tsmcn28_9lm5X1Y1Z1UUTRDL.tlef  ${TECH_PATH}/lef/tcbn28hpcplusbwp30p140_110a/lef/tcbn28hpcplusbwp30p140.lef"

  According to lef_library, there are total 10 routing layers [ V(5) / H(5) ]

Warning : The variant range of wire parameters is too large. An example of wire parameters are, a WIDTH for layer, PITCH for layer, MINSPACING for layers, etc. [PHYS-12]
        : The variant range (0.05, 2) of 'WIDTH' for layers 'M6' and 'AP' is too large.
        : Check the consistency of the parameters, and see if you can ignore this message or you're using different LEF file with wrong parameters.
Warning : The variant range of wire parameters is too large. An example of wire parameters are, a WIDTH for layer, PITCH for layer, MINSPACING for layers, etc. [PHYS-12]
        : The variant range (0.1, 4.5) of 'PITCH' for layers 'M4' and 'AP' is too large.
Warning : The variant range of wire parameters is too large. An example of wire parameters are, a WIDTH for layer, PITCH for layer, MINSPACING for layers, etc. [PHYS-12]
        : The variant range (0.05, 2) of 'MINSPACING' for layers 'M1' and 'AP' is too large.
Warning : Physical cell not defined in library. [PHYS-279]
        : The physical (LEF) cell ISOHID1BWP30P140 cannot be found in library.
        : Ensure that the proper library files are available and have been imported.
Warning : Physical cell not defined in library. [PHYS-279]
        : The physical (LEF) cell ISOHID2BWP30P140 cannot be found in library.
Warning : Physical cell not defined in library. [PHYS-279]
        : The physical (LEF) cell ISOHID4BWP30P140 cannot be found in library.
Warning : Physical cell not defined in library. [PHYS-279]
        : The physical (LEF) cell ISOHID8BWP30P140 cannot be found in library.
Warning : Physical cell not defined in library. [PHYS-279]
        : The physical (LEF) cell ISOLOD1BWP30P140 cannot be found in library.
Warning : Physical cell not defined in library. [PHYS-279]
        : The physical (LEF) cell ISOLOD2BWP30P140 cannot be found in library.
Warning : Physical cell not defined in library. [PHYS-279]
        : The physical (LEF) cell ISOLOD4BWP30P140 cannot be found in library.
Warning : Physical cell not defined in library. [PHYS-279]
        : The physical (LEF) cell ISOLOD8BWP30P140 cannot be found in library.
Warning : Physical cell not defined in library. [PHYS-279]
        : The physical (LEF) cell ISOSRHID2BWP30P140 cannot be found in library.
Warning : Physical cell not defined in library. [PHYS-279]
        : The physical (LEF) cell ISOSRHID4BWP30P140 cannot be found in library.
Warning : Physical cell not defined in library. [PHYS-279]
        : The physical (LEF) cell ISOSRHID8BWP30P140 cannot be found in library.
Warning : Physical cell not defined in library. [PHYS-279]
        : The physical (LEF) cell ISOSRLOD2BWP30P140 cannot be found in library.
Warning : Physical cell not defined in library. [PHYS-279]
        : The physical (LEF) cell ISOSRLOD4BWP30P140 cannot be found in library.
Warning : Physical cell not defined in library. [PHYS-279]
        : The physical (LEF) cell ISOSRLOD8BWP30P140 cannot be found in library.
Warning : Physical cell not defined in library. [PHYS-279]
        : The physical (LEF) cell LVLHLCD1BWP30P140 cannot be found in library.
Warning : Physical cell not defined in library. [PHYS-279]
        : The physical (LEF) cell LVLHLCD2BWP30P140 cannot be found in library.
Warning : Physical cell not defined in library. [PHYS-279]
        : The physical (LEF) cell LVLHLCD4BWP30P140 cannot be found in library.
Warning : Physical cell not defined in library. [PHYS-279]
        : The physical (LEF) cell LVLHLCD8BWP30P140 cannot be found in library.
Warning : Physical cell not defined in library. [PHYS-279]
        : The physical (LEF) cell LVLHLCLOD1BWP30P140 cannot be found in library.
Warning : Physical cell not defined in library. [PHYS-279]
        : The physical (LEF) cell LVLHLCLOD2BWP30P140 cannot be found in library.
Warning : Maximum message print count reached. [MESG-11]
        : Maximum print count of '20' reached for message 'PHYS-279'.
#@ End verbose source /tmp/fastconv-power4x4-i54-90fa/rtl/conv4x4/synthesis/conv-tcn16-i54-h27-t36-o16-m18-stream12-prefetch18-rowconst6-trunc-column/scripts/mmmc_tsmc_28_bv.tcl
@file(logical_synthesis_body.tcl) 10: puts "++++++++++++++++++++++++++++++++++++++++++++++++++++++++++++++++++++++++"
++++++++++++++++++++++++++++++++++++++++++++++++++++++++++++++++++++++++
@file(logical_synthesis_body.tcl) 11: puts "Configuration of the Genus"
Configuration of the Genus
@file(logical_synthesis_body.tcl) 12: puts "++++++++++++++++++++++++++++++++++++++++++++++++++++++++++++++++++++++++"
++++++++++++++++++++++++++++++++++++++++++++++++++++++++++++++++++++++++
@file(logical_synthesis_body.tcl) 13: set_multi_cpu_usage -local_cpu 8
@file(logical_synthesis_body.tcl) 14: set_db lp_default_probability 0.5
  Setting attribute of root '/': 'lp_default_probability' = 0.50000
@file(logical_synthesis_body.tcl) 15: set_db syn_global_effort high
  Setting attribute of root '/': 'syn_global_effort' = high
@file(logical_synthesis_body.tcl) 16: set_db auto_ungroup none
  Setting attribute of root '/': 'auto_ungroup' = none
@file(logical_synthesis_body.tcl) 17: set_db hdl_parameter_naming_style ""
  Setting attribute of root '/': 'hdl_parameter_naming_style' = 
@file(logical_synthesis_body.tcl) 18: set_db interconnect_mode ple
  Setting attribute of root '/': 'interconnect_mode' = ple
@file(logical_synthesis_body.tcl) 19: set_db hdl_error_on_latch true
  Setting attribute of root '/': 'hdl_error_on_latch' = true
@file(logical_synthesis_body.tcl) 21: puts "++++++++++++++++++++++++++++++++++++++++++++++++++++++++++++++++++++++++"
++++++++++++++++++++++++++++++++++++++++++++++++++++++++++++++++++++++++
@file(logical_synthesis_body.tcl) 22: puts "Control Clock Gating"
Control Clock Gating
@file(logical_synthesis_body.tcl) 23: puts "++++++++++++++++++++++++++++++++++++++++++++++++++++++++++++++++++++++++"
++++++++++++++++++++++++++++++++++++++++++++++++++++++++++++++++++++++++
@file(logical_synthesis_body.tcl) 24: set_db lp_insert_clock_gating true
Warning : The 'lp_insert_clock_gating' attribute should be set before elaboration. [POPT-104]
        : The design 'design:__default_mmmc_spec' is already read. The attribute will not be set.
        : Setting the 'lp_insert_clock_gating' attribute before elaboration will result in an optimal clock-gated design.
  Setting attribute of root '/': 'lp_insert_clock_gating' = true
@file(logical_synthesis_body.tcl) 26: puts "++++++++++++++++++++++++++++++++++++++++++++++++++++++++++++++++++++++++"
++++++++++++++++++++++++++++++++++++++++++++++++++++++++++++++++++++++++
@file(logical_synthesis_body.tcl) 27: puts "Load hdl files"
Load hdl files
@file(logical_synthesis_body.tcl) 28: puts "++++++++++++++++++++++++++++++++++++++++++++++++++++++++++++++++++++++++"
++++++++++++++++++++++++++++++++++++++++++++++++++++++++++++++++++++++++
@file(logical_synthesis_body.tcl) 29: if {[llength $DEFINE_FLAGS] > 0} {
    set DEFINE_STRING [join $DEFINE_FLAGS " "]
    read_hdl -define $DEFINE_STRING -sv {*}$HDL_FILES
} else {
    read_hdl -sv {*}$HDL_FILES
}
(* use_dsp = "no" *)
   |
Warning : Unused attribute. [VLOGPT-506]
        : Attribute 'use_dsp' in file '/tmp/fastconv-power4x4-i54-90fa/rtl/conv4x4/conv-tcn16-i54-h27-t36-o16-m18-stream12-prefetch18-rowconst6-trunc-column.sv' on line 1032, column 4.
@file(logical_synthesis_body.tcl) 37: puts "++++++++++++++++++++++++++++++++++++++++++++++++++++++++++++++++++++++++"
++++++++++++++++++++++++++++++++++++++++++++++++++++++++++++++++++++++++
@file(logical_synthesis_body.tcl) 38: puts "Elaboration"
Elaboration
@file(logical_synthesis_body.tcl) 39: puts "++++++++++++++++++++++++++++++++++++++++++++++++++++++++++++++++++++++++"
++++++++++++++++++++++++++++++++++++++++++++++++++++++++++++++++++++++++
@file(logical_synthesis_body.tcl) 40: if {[llength $TOP_PARAMETERS] > 0} {
    puts "Elaborating $TOP_MODULE with parameter overrides: $TOP_PARAMETERS"
    elaborate -parameters $TOP_PARAMETERS $TOP_MODULE
} else {
    elaborate ${TOP_MODULE}
}
Elaborating Conv with parameter overrides: {NUM_MULT 18}
Info    : Elaborating Design. [ELAB-1]
        : Elaborating top-level block 'Conv' from file '/tmp/fastconv-power4x4-i54-90fa/rtl/conv4x4/conv-tcn16-i54-h27-t36-o16-m18-stream12-prefetch18-rowconst6-trunc-column.sv'.
Warning : Removing unused register. [CDFG-508]
        : Removing unused latch register 'weight[8]' in module 'WeightTransformRowConst' in file '/tmp/fastconv-power4x4-i54-90fa/rtl/conv4x4/conv-tcn16-i54-h27-t36-o16-m18-stream12-prefetch18-rowconst6-trunc-column.sv' on line 1049.
        : Genus removes the flip-flop or latch inferred for an unused signal or variable. To preserve the flip-flop or latch, set the hdl_preserve_unused_registers attribute to true or use a pragma in the RTL.
Warning : Removing unused register. [CDFG-508]
        : Removing unused latch register 'weight[7]' in module 'WeightTransformRowConst' in file '/tmp/fastconv-power4x4-i54-90fa/rtl/conv4x4/conv-tcn16-i54-h27-t36-o16-m18-stream12-prefetch18-rowconst6-trunc-column.sv' on line 1049.
Warning : Removing unused register. [CDFG-508]
        : Removing unused latch register 'weight[6]' in module 'WeightTransformRowConst' in file '/tmp/fastconv-power4x4-i54-90fa/rtl/conv4x4/conv-tcn16-i54-h27-t36-o16-m18-stream12-prefetch18-rowconst6-trunc-column.sv' on line 1049.
Warning : Removing unused register. [CDFG-508]
        : Removing unused latch register 'weight[5]' in module 'WeightTransformRowConst' in file '/tmp/fastconv-power4x4-i54-90fa/rtl/conv4x4/conv-tcn16-i54-h27-t36-o16-m18-stream12-prefetch18-rowconst6-trunc-column.sv' on line 1049.
Warning : Removing unused register. [CDFG-508]
        : Removing unused latch register 'weight[4]' in module 'WeightTransformRowConst' in file '/tmp/fastconv-power4x4-i54-90fa/rtl/conv4x4/conv-tcn16-i54-h27-t36-o16-m18-stream12-prefetch18-rowconst6-trunc-column.sv' on line 1049.
Warning : Removing unused register. [CDFG-508]
        : Removing unused latch register 'weight[3]' in module 'WeightTransformRowConst' in file '/tmp/fastconv-power4x4-i54-90fa/rtl/conv4x4/conv-tcn16-i54-h27-t36-o16-m18-stream12-prefetch18-rowconst6-trunc-column.sv' on line 1049.
Warning : Removing unused register. [CDFG-508]
        : Removing unused latch register 'weight[5]' in module 'WeightTransformRowConst_4' in file '/tmp/fastconv-power4x4-i54-90fa/rtl/conv4x4/conv-tcn16-i54-h27-t36-o16-m18-stream12-prefetch18-rowconst6-trunc-column.sv' on line 1049.
Warning : Removing unused register. [CDFG-508]
        : Removing unused latch register 'weight[4]' in module 'WeightTransformRowConst_4' in file '/tmp/fastconv-power4x4-i54-90fa/rtl/conv4x4/conv-tcn16-i54-h27-t36-o16-m18-stream12-prefetch18-rowconst6-trunc-column.sv' on line 1049.
Warning : Removing unused register. [CDFG-508]
        : Removing unused latch register 'weight[3]' in module 'WeightTransformRowConst_4' in file '/tmp/fastconv-power4x4-i54-90fa/rtl/conv4x4/conv-tcn16-i54-h27-t36-o16-m18-stream12-prefetch18-rowconst6-trunc-column.sv' on line 1049.
Warning : Removing unused register. [CDFG-508]
        : Removing unused latch register 'weight[2]' in module 'WeightTransformRowConst_4' in file '/tmp/fastconv-power4x4-i54-90fa/rtl/conv4x4/conv-tcn16-i54-h27-t36-o16-m18-stream12-prefetch18-rowconst6-trunc-column.sv' on line 1049.
Warning : Removing unused register. [CDFG-508]
        : Removing unused latch register 'weight[1]' in module 'WeightTransformRowConst_4' in file '/tmp/fastconv-power4x4-i54-90fa/rtl/conv4x4/conv-tcn16-i54-h27-t36-o16-m18-stream12-prefetch18-rowconst6-trunc-column.sv' on line 1049.
Warning : Removing unused register. [CDFG-508]
        : Removing unused latch register 'weight[0]' in module 'WeightTransformRowConst_4' in file '/tmp/fastconv-power4x4-i54-90fa/rtl/conv4x4/conv-tcn16-i54-h27-t36-o16-m18-stream12-prefetch18-rowconst6-trunc-column.sv' on line 1049.
Info    : Done Elaborating Design. [ELAB-3]
        : Done elaborating 'Conv'.
Checking for analog nets...
Check completed for analog nets.
Checking for source RTL...
Check completed for source RTL.
Running Unified Mux Engine Tricks...
Completed Unified Mux Engine Tricks
--------------------------------------------------------
| Trick             | Accepts | Rejects | Runtime (ms) | 
--------------------------------------------------------
| ume_constant_bmux |       0 |       0 |         1.00 | 
--------------------------------------------------------
Starting clip mux common data inputs [v1.0] (stage: post_elab, startdef: Conv, recur: true)
Completed clip mux common data inputs (accepts: 0, rejects: 0, runtime: 0.003s)
Starting clip the non-user hierarchies [v2.0] (stage: post_elab, startdef: Conv, recur: true)
Completed clip the non-user hierarchies (accepts: 1, rejects: 0, runtime: 0.003s)
UM:   flow.cputime  flow.realtime  timing.setup.tns  timing.setup.wns  snapshot
UM:*                                                                   elaborate
@file(logical_synthesis_body.tcl) 46: init_design
Started checking and loading power intent for design Conv...
============================================================
No power intent for design 'Conv'.
Completed checking and loading power intent for design Conv (runtime:0.00s memory_usage:0.00M peak_memory:0.00M).
=================================================================================================================
#
# Reading SDC /tmp/fastconv-power4x4-i54-90fa/rtl/conv4x4/synthesis/conv-tcn16-i54-h27-t36-o16-m18-stream12-prefetch18-rowconst6-trunc-column/scripts/constraints.sdc for view:analysis_view_0p81v_125c_capwst_slowest (constraint_mode:constraints_default)
#
Warning : Unsupported SDC command option. [SDC-201] [set_input_delay]
        : The set_input_delay command is not supported on ports which have a clock already defined 'port:Conv/clk'.
        : The current version does not support this SDC command option.  However, future versions may be enhanced to support this option.
Statistics for commands executed by read_sdc:
 "all_inputs"               - successful      2 , failed      0 (runtime  0.00)
 "all_outputs"              - successful      2 , failed      0 (runtime  0.00)
 "create_clock"             - successful      1 , failed      0 (runtime  0.00)
 "get_lib_pins"             - successful      1 , failed      0 (runtime  0.01)
 "get_ports"                - successful      2 , failed      0 (runtime  0.00)
 "load_of"                  - successful      1 , failed      0 (runtime  0.00)
 "set_driving_cell"         - successful      1 , failed      0 (runtime  0.01)
 "set_false_path"           - successful      1 , failed      0 (runtime  0.00)
 "set_input_delay"          - successful      1 , failed      0 (runtime  0.01)
 "set_load"                 - successful      1 , failed      0 (runtime  0.00)
 "set_load_unit"            - successful      1 , failed      0 (runtime  0.00)
 "set_output_delay"         - successful      1 , failed      0 (runtime  0.00)
 "set_time_unit"            - successful      1 , failed      0 (runtime  0.00)
read_sdc completed in 00:00:00 (hh:mm:ss)

  According to qrc_tech_file, there are total 10 routing layers [ V(5) / H(5) ]

Warning : The variant range of wire parameters is too large. An example of wire parameters are, a WIDTH for layer, PITCH for layer, MINSPACING for layers, etc. [PHYS-12]
        : The variant range (0.045, 1.8) of 'WIDTH' for layers 'M6' and 'AP' is too large.

  According to qrc_tech_file, there are total 10 routing layers [ V(5) / H(5) ]

Warning : The variant range of wire parameters is too large. An example of wire parameters are, a WIDTH for layer, PITCH for layer, MINSPACING for layers, etc. [PHYS-12]
        : The variant range (0.045, 1.8) of 'WIDTH' for layers 'M6' and 'AP' is too large.

  According to qrc_tech_file, there are total 10 routing layers [ V(5) / H(5) ]

Warning : The variant range of wire parameters is too large. An example of wire parameters are, a WIDTH for layer, PITCH for layer, MINSPACING for layers, etc. [PHYS-12]
        : The variant range (0.045, 1.8) of 'WIDTH' for layers 'M6' and 'AP' is too large.

  According to qrc_tech_file, there are total 10 routing layers [ V(5) / H(5) ]

Warning : The variant range of wire parameters is too large. An example of wire parameters are, a WIDTH for layer, PITCH for layer, MINSPACING for layers, etc. [PHYS-12]
        : The variant range (0.045, 1.8) of 'WIDTH' for layers 'M6' and 'AP' is too large.
  Setting attribute of root '/': 'read_qrc_tech_file_rc_corner' = true
@file(logical_synthesis_body.tcl) 48: if {[info exists DEBUG_PRESERVE_CONV_DATAPATH] && $DEBUG_PRESERVE_CONV_DATAPATH} {
    puts "Debug: preserve Conv datapath observability"
    set_db delete_unloaded_insts false
    set_db optimize_constant_0_flops false
}
@file(logical_synthesis_body.tcl) 54: puts "++++++++++++++++++++++++++++++++++++++++++++++++++++++++++++++++++++++++"
++++++++++++++++++++++++++++++++++++++++++++++++++++++++++++++++++++++++
@file(logical_synthesis_body.tcl) 55: puts "Synthesis - mapping and optimization"
Synthesis - mapping and optimization
@file(logical_synthesis_body.tcl) 56: puts "++++++++++++++++++++++++++++++++++++++++++++++++++++++++++++++++++++++++"
++++++++++++++++++++++++++++++++++++++++++++++++++++++++++++++++++++++++
@file(logical_synthesis_body.tcl) 57: syn_generic
##Generic Timing Info for library domain: timing_cond_0p81v_125c typical gate delay: 20.1 ps std_slew: 6.8 ps std_load: 1.6 fF
Starting mux data reorder optimization [v1.0] (stage: pre_to_gen_setup, startdef: Conv, recur: true)
Info    : Deleting instances not driving any primary outputs. [GLO-34]
        : Deleting 64 hierarchical instances.
        : Optimizations such as constant propagation or redundancy removal could change the connections so a hierarchical instance does not drive any primary outputs anymore. To see the list of deleted hierarchical instances, set the 'information_level' attribute to 2 or above. If the message is truncated set the message attribute 'truncate' to false to see the complete list. To prevent this optimization, set the 'delete_unloaded_insts' root/subdesign attribute to 'false' or 'preserve' instance attribute to 'true'.
Info    : Deleting instances not driving any primary outputs. [GLO-34]
        : Deleting 4 hierarchical instances.
Info    : Deleting instances not driving any primary outputs. [GLO-34]
        : Deleting 64 hierarchical instances.
Info    : Deleting instances not driving any primary outputs. [GLO-34]
        : Deleting 4 hierarchical instances.
Info    : Deleting instances not driving any primary outputs. [GLO-34]
        : Deleting 64 hierarchical instances.
Info    : Deleting instances not driving any primary outputs. [GLO-34]
        : Deleting 4 hierarchical instances.
Info    : Deleting instances not driving any primary outputs. [GLO-34]
        : Deleting 64 hierarchical instances.
Info    : Deleting instances not driving any primary outputs. [GLO-34]
        : Deleting 4 hierarchical instances.
Info    : Deleting instances not driving any primary outputs. [GLO-34]
        : Deleting 64 hierarchical instances.
Info    : Deleting instances not driving any primary outputs. [GLO-34]
        : Deleting 4 hierarchical instances.
Info    : Deleting instances not driving any primary outputs. [GLO-34]
        : Deleting 64 hierarchical instances.
Info    : Deleting instances not driving any primary outputs. [GLO-34]
        : Deleting 4 hierarchical instances.
Info    : Deleting instances not driving any primary outputs. [GLO-34]
        : Deleting 64 hierarchical instances.
Info    : Deleting instances not driving any primary outputs. [GLO-34]
        : Deleting 4 hierarchical instances.
Info    : Deleting instances not driving any primary outputs. [GLO-34]
        : Deleting 64 hierarchical instances.
Info    : Deleting instances not driving any primary outputs. [GLO-34]
        : Deleting 4 hierarchical instances.
Info    : Deleting instances not driving any primary outputs. [GLO-34]
        : Deleting 64 hierarchical instances.
Info    : Deleting instances not driving any primary outputs. [GLO-34]
        : Deleting 4 hierarchical instances.
Info    : Deleting instances not driving any primary outputs. [GLO-34]
        : Deleting 64 hierarchical instances.
Info    : Deleting instances not driving any primary outputs. [GLO-34]
        : Deleting 4 hierarchical instances.
Warning : Maximum message print count reached. [MESG-11]
        : Maximum print count of '20' reached for message 'GLO-34'.
Completed mux data reorder optimization (accepts: 42, rejects: 0, runtime: 3.163s)
Current PLE settings:

Aspect ratio        : 1.000
Shrink factor       : 0.900
Scale of res/length : 1.000
Scale of cap/length : 1.000
Net derating factor : 1.000
Thermal factor      : 1.253
Via Resistance      : 16.501 ohm (from qrc_tech_file)
Site size           : 1.040 um (from lef [tech+cell])

                                   Capacitance  
  Layer                             / Length         Data source:
Name        Direction Utilization  (pF/micron)       qrc_tech_file
------------------------------------------------
M1              V         0.00        0.000210  
M2              H         1.00        0.000184  
M3              V         1.00        0.000138  
M4              H         1.00        0.000137  
M5              V         1.00        0.000138  
M6              H         1.00        0.000133  
M7              V         1.00        0.000194  
M8              H         1.00        0.000322  
M9              V         1.00        0.000582  
AP              H         1.00        0.000334  

                                    Resistance   
  Layer                              / Length         Data source:
Name        Direction Utilization  (ohm/micron)       qrc_tech_file
-------------------------------------------------
M1              V         0.00        14.633762  
M2              H         1.00        14.861223  
M3              V         1.00        14.861223  
M4              H         1.00        14.861223  
M5              V         1.00        14.861223  
M6              H         1.00        14.861223  
M7              V         1.00         3.005090  
M8              H         1.00         0.111088  
M9              V         1.00         0.004928  
AP              H         1.00         0.009992  

                                        Area     
  Layer                               / Length        Data source:
Name        Direction Utilization     (micron)        lef_library
-------------------------------------------------
M1              V         0.00         0.050000  
M2              H         1.00         0.050000  
M3              V         1.00         0.050000  
M4              H         1.00         0.050000  
M5              V         1.00         0.050000  
M6              H         1.00         0.050000  
M7              V         1.00         0.100000  
M8              H         1.00         0.400000  
M9              V         1.00         2.000000  
AP              H         1.00         2.000000  

Info    : Synthesizing. [SYNTH-1]
        : Synthesizing 'Conv' to generic gates using 'high' effort.
PBS_Generic-Start - Elapsed_Time 0, CPU_Time 0.0
stamp 'PBS_Generic-Start' being created for table 'pbs_debug'

  Total Time (Wall) |  Stage Time (Wall)  |   % (Wall)   |    Date - Time     |  Memory   | Stage
--------------------+---------------------+--------------+--------------------+-----------+----------------------
 00:01:46(00:01:42) |  00:00:00(00:00:00) |   0.0(  0.0) |   17:51:58 (Oct05) |   1.56 GB | PBS_Generic-Start
--------------------+---------------------+--------------+--------------------+-----------+----------------------
Number of threads: 8 * 1   (id: pbs_debug, time_info v1.57)
Info: (*N*) indicates data that was populated from previously saved time_info database
Info: CPU time includes time of parent + longest thread
TNS Restructuring config: no_value at stage: generic applied.
Info    : Enabling Partition Based Synthesis. [PBS-1]
        : Starting distributed generic optimization.
Info    : Attempting to launch a super-threading server. [ST-120]
        : Attempting to Launch server 1 of 8.
        : The tool is entering super-threading mode and is launching a CPU server process.  This is enabled by the root attribute 'super_thread_servers' or 'auto_super_thread'.
Info    : Connection established with super-threading server. [ST-110]
        : The server 'localhost_1_0' is process '2317090' on this host.
        : The tool is entering super-threading mode and has established a connection with a CPU server process.  This is enabled by the root attributes 'super_thread_servers' or 'auto_super_thread'.
     Generating lib_script file: /tmp/fastconv-power4x4-i54-90fa/rtl/conv4x4/synthesis/conv-tcn16-i54-h27-t36-o16-m18-stream12-prefetch18-rowconst6-trunc-column/logical/.pbs_paxos.inf.pucrs.br_2316079/lib_script
Start partitioning.  Summary: MEM {curr: 2.0G, peak: 2.1G, phys curr: 1.6G, phys peak: 1.6G}
Start partitioning design Conv for generic optimization.
Total generic instances for partitioning: 981732
	Generic partition 0: size 54366
	Generic partition 1: size 68983
	Generic partition 2: size 140437
	Generic partition 3: size 145279
	Generic partition 4: size 143647
	Generic partition 5: size 142521
	Generic partition 6: size 141926
	Generic partition 7: size 144573
Done partitioning.  Summary: RT {elapsed: 0s, ST: 0s}, MEM {curr: 2.0G, peak: 2.1G, phys curr: 1.6G, phys peak: 1.6G}
Start creating partition netlists.  Summary: MEM {curr: 2.0G, peak: 2.1G, phys curr: 1.6G, phys peak: 1.6G}
Done creating partition netlists.  Summary: RT {elapsed: 7s, ST: 6s}, MEM {curr: 2.5G, peak: 2.5G, phys curr: 1.6G, phys peak: 1.6G}
Start budgeting timing for partitions.  Summary: MEM {curr: 2.5G, peak: 2.5G, phys curr: 1.6G, phys peak: 1.6G}
Done budgeting timing for partitions.  Summary: RT {elapsed: 29s, ST: 34s}, MEM {curr: 3.7G, peak: 3.7G, phys curr: 3.6G, phys peak: 3.6G}
Start deriving partition netlists.  Summary: MEM {curr: 3.7G, peak: 3.7G, phys curr: 3.6G, phys peak: 3.6G}
The inst 'pbs_genopt_0' is selected as pbs candidate. The instance cnt is: '54366'.
The inst 'pbs_genopt_1' is selected as pbs candidate. The instance cnt is: '68983'.
The inst 'pbs_genopt_2' is selected as pbs candidate. The instance cnt is: '140437'.
The inst 'pbs_genopt_3' is selected as pbs candidate. The instance cnt is: '145279'.
The inst 'pbs_genopt_4' is selected as pbs candidate. The instance cnt is: '143647'.
The inst 'pbs_genopt_5' is selected as pbs candidate. The instance cnt is: '142521'.
The inst 'pbs_genopt_6' is selected as pbs candidate. The instance cnt is: '141926'.
The inst 'pbs_genopt_7' is selected as pbs candidate. The instance cnt is: '144573'.
Done deriving partition netlists.  Summary: RT {elapsed: 8s, ST: 8s}, MEM {curr: 4.0G, peak: 4.0G, phys curr: 3.8G, phys peak: 3.8G}
Wait for super-thread servers to finish loading libraries.
Start super thread servers forking.  Summary: MEM {curr: 2.7G, peak: 4.0G, phys curr: 3.8G, phys peak: 3.8G}
                  Library loading done successfully on server 'localhost_1_0'.
Info    : Connection established with super-threading server. [ST-110]
        : The server 'localhost_1_1' is forked process '2317497' on this host.
Info    : Connection established with super-threading server. [ST-110]
        : The server 'localhost_1_2' is forked process '2317499' on this host.
Info    : Connection established with super-threading server. [ST-110]
        : The server 'localhost_1_3' is forked process '2317501' on this host.
Info    : Connection established with super-threading server. [ST-110]
        : The server 'localhost_1_4' is forked process '2317503' on this host.
Info    : Connection established with super-threading server. [ST-110]
        : The server 'localhost_1_5' is forked process '2317505' on this host.
Info    : Connection established with super-threading server. [ST-110]
        : The server 'localhost_1_6' is forked process '2317507' on this host.
Info    : Connection established with super-threading server. [ST-110]
        : The server 'localhost_1_7' is forked process '2317509' on this host.
Done super thread servers forking.  Summary: RT {elapsed: 1s, ST: 0s}, MEM {curr: 2.7G, peak: 4.0G, phys curr: 3.8G, phys peak: 3.8G}
        Distributing super-thread jobs: {pbs_genopt_3 ./.pbs_paxos.inf.pucrs.br_2316079/pbs_genopt_3.etf} {pbs_genopt_7 ./.pbs_paxos.inf.pucrs.br_2316079/pbs_genopt_7.etf} {pbs_genopt_4 ./.pbs_paxos.inf.pucrs.br_2316079/pbs_genopt_4.etf} {pbs_genopt_5 ./.pbs_paxos.inf.pucrs.br_2316079/pbs_genopt_5.etf} {pbs_genopt_6 ./.pbs_paxos.inf.pucrs.br_2316079/pbs_genopt_6.etf} {pbs_genopt_2 ./.pbs_paxos.inf.pucrs.br_2316079/pbs_genopt_2.etf} {pbs_genopt_1 ./.pbs_paxos.inf.pucrs.br_2316079/pbs_genopt_1.etf} {pbs_genopt_0 ./.pbs_paxos.inf.pucrs.br_2316079/pbs_genopt_0.etf}
          Sending 'pbs_genopt_3 ./.pbs_paxos.inf.pucrs.br_2316079/pbs_genopt_3.etf' to server 'localhost_1_0'...
            Sent 'pbs_genopt_3 ./.pbs_paxos.inf.pucrs.br_2316079/pbs_genopt_3.etf' to server 'localhost_1_0'.
          Sending 'pbs_genopt_7 ./.pbs_paxos.inf.pucrs.br_2316079/pbs_genopt_7.etf' to server 'localhost_1_7'...
            Sent 'pbs_genopt_7 ./.pbs_paxos.inf.pucrs.br_2316079/pbs_genopt_7.etf' to server 'localhost_1_7'.
          Sending 'pbs_genopt_4 ./.pbs_paxos.inf.pucrs.br_2316079/pbs_genopt_4.etf' to server 'localhost_1_1'...
            Sent 'pbs_genopt_4 ./.pbs_paxos.inf.pucrs.br_2316079/pbs_genopt_4.etf' to server 'localhost_1_1'.
          Sending 'pbs_genopt_5 ./.pbs_paxos.inf.pucrs.br_2316079/pbs_genopt_5.etf' to server 'localhost_1_4'...
            Sent 'pbs_genopt_5 ./.pbs_paxos.inf.pucrs.br_2316079/pbs_genopt_5.etf' to server 'localhost_1_4'.
          Sending 'pbs_genopt_6 ./.pbs_paxos.inf.pucrs.br_2316079/pbs_genopt_6.etf' to server 'localhost_1_5'...
            Sent 'pbs_genopt_6 ./.pbs_paxos.inf.pucrs.br_2316079/pbs_genopt_6.etf' to server 'localhost_1_5'.
          Sending 'pbs_genopt_2 ./.pbs_paxos.inf.pucrs.br_2316079/pbs_genopt_2.etf' to server 'localhost_1_3'...
            Sent 'pbs_genopt_2 ./.pbs_paxos.inf.pucrs.br_2316079/pbs_genopt_2.etf' to server 'localhost_1_3'.
          Sending 'pbs_genopt_1 ./.pbs_paxos.inf.pucrs.br_2316079/pbs_genopt_1.etf' to server 'localhost_1_2'...
            Sent 'pbs_genopt_1 ./.pbs_paxos.inf.pucrs.br_2316079/pbs_genopt_1.etf' to server 'localhost_1_2'.
          Sending 'pbs_genopt_0 ./.pbs_paxos.inf.pucrs.br_2316079/pbs_genopt_0.etf' to server 'localhost_1_6'...
            Sent 'pbs_genopt_0 ./.pbs_paxos.inf.pucrs.br_2316079/pbs_genopt_0.etf' to server 'localhost_1_6'.
          Received 'pbs_genopt_0 ./.pbs_paxos.inf.pucrs.br_2316079/pbs_genopt_0.etf' from server 'localhost_1_6'. (176666 ms elapsed)
       Partition:  pbs_genopt_0 - PBS_Generic_Opt-Distributed_Read_DB - Elapsed_Time 3.00, CPU_Time 3.00
       Partition:  pbs_genopt_0 - PBS_Generic_Opt-Distributed_Generic - Elapsed_Time 168.00, CPU_Time 168.00
       Partition:  pbs_genopt_0 - PBS_Generic_Opt-Distributed_Clock_Gating - Elapsed_Time 1.00, CPU_Time 1.00
       Partition:  pbs_genopt_0 - PBS_Generic_Opt-Distributed_Prop_Const - Elapsed_Time 1.00, CPU_Time 0.00
       Partition:  pbs_genopt_0 - PBS_Generic_Opt-Distributed_Gobble - Elapsed_Time 0.00, CPU_Time 0.00
       Partition:  pbs_genopt_0 - PBS_Generic_Opt-Distributed_Report - Elapsed_Time 0.00, CPU_Time 0.00
       Start - Partition: pbs_genopt_0 Slack: 861.7 TNS: 0.0 Cell-Count: 54366 Cell-Area: 68156 
Init-Memory: 1138.07
       Done  - Partition: pbs_genopt_0 Slack: 897.4 TNS: 0.0 Cell-Count: 34545 Cell-Area: 46015 
Peak-Memory: 1683.93 Elapsed: 173
       Partition:  pbs_genopt_0 - PBS_Generic_Opt-Distributed_Write_DB - Elapsed_Time 3.00, CPU_Time 3.00
       pbs_genopt_0 - PBS_Generic_Opt-Assembly - Elapsed_Time 2, CPU_Time 2.0
       Partition:  pbs_genopt_0 - Runtime taken by the partition - Elapsed_Time 176.00, CPU_Time 175.00
          Received 'pbs_genopt_2 ./.pbs_paxos.inf.pucrs.br_2316079/pbs_genopt_2.etf' from server 'localhost_1_3'. (229396 ms elapsed)
          Received 'pbs_genopt_7 ./.pbs_paxos.inf.pucrs.br_2316079/pbs_genopt_7.etf' from server 'localhost_1_7'. (232879 ms elapsed)
          Received 'pbs_genopt_1 ./.pbs_paxos.inf.pucrs.br_2316079/pbs_genopt_1.etf' from server 'localhost_1_2'. (254778 ms elapsed)
       Partition:  pbs_genopt_1 - PBS_Generic_Opt-Distributed_Read_DB - Elapsed_Time 3.00, CPU_Time 3.00
       Partition:  pbs_genopt_1 - PBS_Generic_Opt-Distributed_Generic - Elapsed_Time 211.00, CPU_Time 211.00
       Partition:  pbs_genopt_1 - PBS_Generic_Opt-Distributed_Clock_Gating - Elapsed_Time 30.00, CPU_Time 29.00
       Partition:  pbs_genopt_1 - PBS_Generic_Opt-Distributed_Prop_Const - Elapsed_Time 3.00, CPU_Time 4.00
       Partition:  pbs_genopt_1 - PBS_Generic_Opt-Distributed_Gobble - Elapsed_Time 1.00, CPU_Time 0.00
       Partition:  pbs_genopt_1 - PBS_Generic_Opt-Distributed_Report - Elapsed_Time 0.00, CPU_Time 0.00
       Start - Partition: pbs_genopt_1 Slack: -40.9 TNS: 17978.2 Cell-Count: 68983 Cell-Area: 144516 
Init-Memory: 1165.15
       Done  - Partition: pbs_genopt_1 Slack: -26.6 TNS: 4164.2 Cell-Count: 54391 Cell-Area: 101042 
Peak-Memory: 1773.66 Elapsed: 248
       Partition:  pbs_genopt_1 - PBS_Generic_Opt-Distributed_Write_DB - Elapsed_Time 6.00, CPU_Time 5.94
       pbs_genopt_1 - PBS_Generic_Opt-Assembly - Elapsed_Time 3, CPU_Time 2.0
       Partition:  pbs_genopt_1 - Runtime taken by the partition - Elapsed_Time 254.00, CPU_Time 252.94
       Partition:  pbs_genopt_2 - PBS_Generic_Opt-Distributed_Read_DB - Elapsed_Time 3.00, CPU_Time 3.00
       Partition:  pbs_genopt_2 - PBS_Generic_Opt-Distributed_Generic - Elapsed_Time 221.00, CPU_Time 220.00
       Partition:  pbs_genopt_2 - PBS_Generic_Opt-Distributed_Clock_Gating - Elapsed_Time 1.00, CPU_Time 2.00
       Partition:  pbs_genopt_2 - PBS_Generic_Opt-Distributed_Prop_Const - Elapsed_Time 1.00, CPU_Time 0.00
       Partition:  pbs_genopt_2 - PBS_Generic_Opt-Distributed_Gobble - Elapsed_Time 0.00, CPU_Time 0.00
       Partition:  pbs_genopt_2 - PBS_Generic_Opt-Distributed_Report - Elapsed_Time 0.00, CPU_Time 0.00
       Start - Partition: pbs_genopt_2 Slack: -1351.3 TNS: 143166.0 Cell-Count: 140437 Cell-Area: 189701 
Init-Memory: 1257.16
       Done  - Partition: pbs_genopt_2 Slack: -636.8 TNS: 60612.8 Cell-Count: 28384 Cell-Area: 44553 
Peak-Memory: 1607.82 Elapsed: 226
       Partition:  pbs_genopt_2 - PBS_Generic_Opt-Distributed_Write_DB - Elapsed_Time 3.00, CPU_Time 3.00
       pbs_genopt_2 - PBS_Generic_Opt-Assembly - Elapsed_Time 1, CPU_Time 2.0
       Partition:  pbs_genopt_2 - Runtime taken by the partition - Elapsed_Time 229.00, CPU_Time 228.00
          Received 'pbs_genopt_6 ./.pbs_paxos.inf.pucrs.br_2316079/pbs_genopt_6.etf' from server 'localhost_1_5'. (297004 ms elapsed)
       Partition:  pbs_genopt_6 - PBS_Generic_Opt-Distributed_Read_DB - Elapsed_Time 3.00, CPU_Time 3.00
       Partition:  pbs_genopt_6 - PBS_Generic_Opt-Distributed_Generic - Elapsed_Time 288.00, CPU_Time 287.00
       Partition:  pbs_genopt_6 - PBS_Generic_Opt-Distributed_Clock_Gating - Elapsed_Time 2.00, CPU_Time 2.00
       Partition:  pbs_genopt_6 - PBS_Generic_Opt-Distributed_Prop_Const - Elapsed_Time 1.00, CPU_Time 0.00
       Partition:  pbs_genopt_6 - PBS_Generic_Opt-Distributed_Gobble - Elapsed_Time 0.00, CPU_Time 1.00
       Partition:  pbs_genopt_6 - PBS_Generic_Opt-Distributed_Report - Elapsed_Time 0.00, CPU_Time 0.00
       Start - Partition: pbs_genopt_6 Slack: -1664.9 TNS: 167954.0 Cell-Count: 141926 Cell-Area: 190510 
Init-Memory: 1254.92
       Done  - Partition: pbs_genopt_6 Slack: -633.8 TNS: 66500.8 Cell-Count: 31435 Cell-Area: 48890 
Peak-Memory: 1694.61 Elapsed: 294
       Partition:  pbs_genopt_6 - PBS_Generic_Opt-Distributed_Write_DB - Elapsed_Time 2.00, CPU_Time 2.00
       pbs_genopt_6 - PBS_Generic_Opt-Assembly - Elapsed_Time 1, CPU_Time 1.0
       Partition:  pbs_genopt_6 - Runtime taken by the partition - Elapsed_Time 296.00, CPU_Time 294.99
          Received 'pbs_genopt_5 ./.pbs_paxos.inf.pucrs.br_2316079/pbs_genopt_5.etf' from server 'localhost_1_4'. (298618 ms elapsed)
       Partition:  pbs_genopt_5 - PBS_Generic_Opt-Distributed_Read_DB - Elapsed_Time 3.00, CPU_Time 3.00
       Partition:  pbs_genopt_5 - PBS_Generic_Opt-Distributed_Generic - Elapsed_Time 289.00, CPU_Time 288.00
       Partition:  pbs_genopt_5 - PBS_Generic_Opt-Distributed_Clock_Gating - Elapsed_Time 2.00, CPU_Time 2.00
       Partition:  pbs_genopt_5 - PBS_Generic_Opt-Distributed_Prop_Const - Elapsed_Time 1.00, CPU_Time 1.00
       Partition:  pbs_genopt_5 - PBS_Generic_Opt-Distributed_Gobble - Elapsed_Time 0.00, CPU_Time 0.00
       Partition:  pbs_genopt_5 - PBS_Generic_Opt-Distributed_Report - Elapsed_Time 0.00, CPU_Time 0.00
       Start - Partition: pbs_genopt_5 Slack: -1749.6 TNS: 175950.0 Cell-Count: 142521 Cell-Area: 191215 
Init-Memory: 1260.07
       Done  - Partition: pbs_genopt_5 Slack: -635.9 TNS: 66616.8 Cell-Count: 31403 Cell-Area: 48871 
Peak-Memory: 1713.04 Elapsed: 295
       Partition:  pbs_genopt_5 - PBS_Generic_Opt-Distributed_Write_DB - Elapsed_Time 3.00, CPU_Time 3.00
       pbs_genopt_5 - PBS_Generic_Opt-Assembly - Elapsed_Time 2, CPU_Time 2.0
       Partition:  pbs_genopt_5 - Runtime taken by the partition - Elapsed_Time 298.00, CPU_Time 297.00
          Received 'pbs_genopt_4 ./.pbs_paxos.inf.pucrs.br_2316079/pbs_genopt_4.etf' from server 'localhost_1_1'. (349519 ms elapsed)
       Partition:  pbs_genopt_4 - PBS_Generic_Opt-Distributed_Read_DB - Elapsed_Time 3.00, CPU_Time 3.00
       Partition:  pbs_genopt_4 - PBS_Generic_Opt-Distributed_Generic - Elapsed_Time 341.00, CPU_Time 339.00
       Partition:  pbs_genopt_4 - PBS_Generic_Opt-Distributed_Clock_Gating - Elapsed_Time 1.00, CPU_Time 2.00
       Partition:  pbs_genopt_4 - PBS_Generic_Opt-Distributed_Prop_Const - Elapsed_Time 1.00, CPU_Time 1.00
       Partition:  pbs_genopt_4 - PBS_Generic_Opt-Distributed_Gobble - Elapsed_Time 0.00, CPU_Time 0.00
       Partition:  pbs_genopt_4 - PBS_Generic_Opt-Distributed_Report - Elapsed_Time 0.00, CPU_Time 0.00
       Start - Partition: pbs_genopt_4 Slack: -1658.8 TNS: 167028.0 Cell-Count: 143647 Cell-Area: 192877 
Init-Memory: 1261.93
       Done  - Partition: pbs_genopt_4 Slack: -569.2 TNS: 62412.8 Cell-Count: 31178 Cell-Area: 48442 
Peak-Memory: 1761.93 Elapsed: 346
       Partition:  pbs_genopt_4 - PBS_Generic_Opt-Distributed_Write_DB - Elapsed_Time 3.00, CPU_Time 3.00
       pbs_genopt_4 - PBS_Generic_Opt-Assembly - Elapsed_Time 2, CPU_Time 2.0
       Partition:  pbs_genopt_4 - Runtime taken by the partition - Elapsed_Time 349.00, CPU_Time 348.00
       Partition:  pbs_genopt_7 - PBS_Generic_Opt-Distributed_Read_DB - Elapsed_Time 3.00, CPU_Time 3.00
       Partition:  pbs_genopt_7 - PBS_Generic_Opt-Distributed_Generic - Elapsed_Time 225.00, CPU_Time 224.00
       Partition:  pbs_genopt_7 - PBS_Generic_Opt-Distributed_Clock_Gating - Elapsed_Time 1.00, CPU_Time 1.00
       Partition:  pbs_genopt_7 - PBS_Generic_Opt-Distributed_Prop_Const - Elapsed_Time 1.00, CPU_Time 1.00
       Partition:  pbs_genopt_7 - PBS_Generic_Opt-Distributed_Gobble - Elapsed_Time 0.00, CPU_Time 0.00
       Partition:  pbs_genopt_7 - PBS_Generic_Opt-Distributed_Report - Elapsed_Time 0.00, CPU_Time 0.00
       Start - Partition: pbs_genopt_7 Slack: -1366.0 TNS: 145260.0 Cell-Count: 144573 Cell-Area: 195548 
Init-Memory: 1264.85
       Done  - Partition: pbs_genopt_7 Slack: -567.1 TNS: 56474.8 Cell-Count: 28107 Cell-Area: 44087 
Peak-Memory: 1616.61 Elapsed: 230
       Partition:  pbs_genopt_7 - PBS_Generic_Opt-Distributed_Write_DB - Elapsed_Time 2.00, CPU_Time 3.00
       pbs_genopt_7 - PBS_Generic_Opt-Assembly - Elapsed_Time 1, CPU_Time 1.0
       Partition:  pbs_genopt_7 - Runtime taken by the partition - Elapsed_Time 232.00, CPU_Time 232.00
          Received 'pbs_genopt_3 ./.pbs_paxos.inf.pucrs.br_2316079/pbs_genopt_3.etf' from server 'localhost_1_0'. (363595 ms elapsed)
       Partition:  pbs_genopt_3 - PBS_Generic_Opt-Distributed_Read_DB - Elapsed_Time 3.00, CPU_Time 3.00
       Partition:  pbs_genopt_3 - PBS_Generic_Opt-Distributed_Generic - Elapsed_Time 355.00, CPU_Time 354.00
       Partition:  pbs_genopt_3 - PBS_Generic_Opt-Distributed_Clock_Gating - Elapsed_Time 2.00, CPU_Time 2.00
       Partition:  pbs_genopt_3 - PBS_Generic_Opt-Distributed_Prop_Const - Elapsed_Time 0.00, CPU_Time 1.00
       Partition:  pbs_genopt_3 - PBS_Generic_Opt-Distributed_Gobble - Elapsed_Time 0.00, CPU_Time 0.00
       Partition:  pbs_genopt_3 - PBS_Generic_Opt-Distributed_Report - Elapsed_Time 0.00, CPU_Time 0.00
       Start - Partition: pbs_genopt_3 Slack: -1749.8 TNS: 182346.0 Cell-Count: 145279 Cell-Area: 194776 
Init-Memory: 1274.74
       Done  - Partition: pbs_genopt_3 Slack: -572.8 TNS: 62670.8 Cell-Count: 31299 Cell-Area: 48592 
Peak-Memory: 1713.76 Elapsed: 360
       Partition:  pbs_genopt_3 - PBS_Generic_Opt-Distributed_Write_DB - Elapsed_Time 3.00, CPU_Time 2.00
       pbs_genopt_3 - PBS_Generic_Opt-Assembly - Elapsed_Time 2, CPU_Time 2.0
       Partition:  pbs_genopt_3 - Runtime taken by the partition - Elapsed_Time 363.00, CPU_Time 361.99
Assembled design in-time

Test connection status for design: Conv
=======================================
Connected 0 out of 0 clock-gating instances.

+-----------+--------------------+-----+----------------------+---------------------------+
|   Host    |      Machine       | CPU | Physical Memory (MB) | Peak Physical Memory (MB) |
+-----------+--------------------+-----+----------------------+---------------------------+
| localhost | paxos.inf.pucrs.br |  8  |        7871.5        |          7926.4           |
+-----------+--------------------+-----+----------------------+---------------------------+

+---------------+----------------------+---------------------------+
|    Server     | Physical Memory (MB) | Peak Physical Memory (MB) |
+---------------+----------------------+---------------------------+
| localhost_1_2 |      784.8 [1]       |          [1] [2]          |
| localhost_1_6 |      774.2 [1]       |          [1] [2]          |
| localhost_1_3 |      693.5 [1]       |          [1] [2]          |
| localhost_1_0 |      6174.9 [3]      |        6237.5 [3]         |
| localhost_1_4 |      797.5 [1]       |          [1] [2]          |
| localhost_1_5 |      782.0 [1]       |          [1] [2]          |
| localhost_1_1 |      843.5 [1]       |          [1] [2]          |
| localhost_1_7 |      701.2 [1]       |          [1] [2]          |
+---------------+----------------------+---------------------------+
[1] Memory is included in parent localhost_1_0.
[2] Peak physical memory is not available for forked background servers.
[3] Memory of child processes is included.

PBS_Generic-Post_Genopt - Elapsed_Time 441, CPU_Time 446.37172999999996
stamp 'PBS_Generic-Post_Genopt' being created for table 'pbs_debug'

  Total Time (Wall) |  Stage Time (Wall)  |   % (Wall)   |    Date - Time     |  Memory   | Stage
--------------------+---------------------+--------------+--------------------+-----------+----------------------
 00:01:46(00:01:42) |  00:00:00(00:00:00) |   0.0(  0.0) |   17:51:58 (Oct05) |   1.56 GB | PBS_Generic-Start
--------------------+---------------------+--------------+--------------------+-----------+----------------------
 00:09:12(00:09:03) |  00:07:26(00:07:21) | 100.0(100.0) |   17:59:19 (Oct05) |   2.79 GB | PBS_Generic-Post_Genopt
--------------------+---------------------+--------------+--------------------+-----------+----------------------
Number of threads: 8 * 1   (id: pbs_debug, time_info v1.57)
Info: (*N*) indicates data that was populated from previously saved time_info database
Info: CPU time includes time of parent + longest thread
Updating ST server settings
     Generating lib_script file: /tmp/fastconv-power4x4-i54-90fa/rtl/conv4x4/synthesis/conv-tcn16-i54-h27-t36-o16-m18-stream12-prefetch18-rowconst6-trunc-column/logical/.pbs_paxos.inf.pucrs.br_2316079/lib_script
Start partitioning.  Summary: MEM {curr: 2.5G, peak: 4.0G, phys curr: 2.7G, phys peak: 7.7G}
Start partitioning design Conv for generic optimization.
Total generic instances for partitioning: 270699
	Generic partition 0: size 94527
	Generic partition 1: size 77502
	Generic partition 2: size 98670
Done partitioning.  Summary: RT {elapsed: 0s, ST: 0s}, MEM {curr: 2.5G, peak: 4.0G, phys curr: 2.7G, phys peak: 7.7G}
Start creating partition netlists.  Summary: MEM {curr: 2.5G, peak: 4.0G, phys curr: 2.7G, phys peak: 7.7G}
Done creating partition netlists.  Summary: RT {elapsed: 2s, ST: 2s}, MEM {curr: 2.5G, peak: 4.0G, phys curr: 2.7G, phys peak: 7.7G}
Start budgeting timing for partitions.  Summary: MEM {curr: 2.5G, peak: 4.0G, phys curr: 2.7G, phys peak: 7.7G}
Done budgeting timing for partitions.  Summary: RT {elapsed: 7s, ST: 9s}, MEM {curr: 2.5G, peak: 4.0G, phys curr: 2.7G, phys peak: 7.7G}
Start deriving partition netlists.  Summary: MEM {curr: 2.5G, peak: 4.0G, phys curr: 2.7G, phys peak: 7.7G}
The inst 'pbs_fcopt_0' is selected as pbs candidate. The instance cnt is: '94527'.
The inst 'pbs_fcopt_1' is selected as pbs candidate. The instance cnt is: '77502'.
The inst 'pbs_fcopt_2' is selected as pbs candidate. The instance cnt is: '98670'.
Done deriving partition netlists.  Summary: RT {elapsed: 6s, ST: 6s}, MEM {curr: 2.5G, peak: 4.0G, phys curr: 2.7G, phys peak: 7.7G}
Wait for super-thread servers to finish loading libraries.
Start super thread servers forking.  Summary: MEM {curr: 2.5G, peak: 4.0G, phys curr: 2.7G, phys peak: 7.7G}
Info    : Connection established with super-threading server. [ST-110]
        : The server 'localhost_1_8' is forked process '2320798' on this host.
Info    : Connection established with super-threading server. [ST-110]
        : The server 'localhost_1_9' is forked process '2320805' on this host.
Info    : Connection established with super-threading server. [ST-110]
        : The server 'localhost_1_10' is forked process '2320807' on this host.
Info    : Connection established with super-threading server. [ST-110]
        : The server 'localhost_1_11' is forked process '2320809' on this host.
Info    : Connection established with super-threading server. [ST-110]
        : The server 'localhost_1_12' is forked process '2320811' on this host.
Info    : Connection established with super-threading server. [ST-110]
        : The server 'localhost_1_13' is forked process '2320813' on this host.
Info    : Connection established with super-threading server. [ST-110]
        : The server 'localhost_1_14' is forked process '2320815' on this host.
Done super thread servers forking.  Summary: RT {elapsed: 1s, ST: 0s}, MEM {curr: 2.5G, peak: 4.0G, phys curr: 2.7G, phys peak: 7.7G}
        Distributing super-thread jobs: {pbs_fcopt_2 ./.pbs_paxos.inf.pucrs.br_2316079/pbs_fcopt_2.etf} {pbs_fcopt_0 ./.pbs_paxos.inf.pucrs.br_2316079/pbs_fcopt_0.etf} {pbs_fcopt_1 ./.pbs_paxos.inf.pucrs.br_2316079/pbs_fcopt_1.etf}
          Sending 'pbs_fcopt_2 ./.pbs_paxos.inf.pucrs.br_2316079/pbs_fcopt_2.etf' to server 'localhost_1_12'...
            Sent 'pbs_fcopt_2 ./.pbs_paxos.inf.pucrs.br_2316079/pbs_fcopt_2.etf' to server 'localhost_1_12'.
          Sending 'pbs_fcopt_0 ./.pbs_paxos.inf.pucrs.br_2316079/pbs_fcopt_0.etf' to server 'localhost_1_9'...
            Sent 'pbs_fcopt_0 ./.pbs_paxos.inf.pucrs.br_2316079/pbs_fcopt_0.etf' to server 'localhost_1_9'.
          Sending 'pbs_fcopt_1 ./.pbs_paxos.inf.pucrs.br_2316079/pbs_fcopt_1.etf' to server 'localhost_1_0'...
            Sent 'pbs_fcopt_1 ./.pbs_paxos.inf.pucrs.br_2316079/pbs_fcopt_1.etf' to server 'localhost_1_0'.
          Received 'pbs_fcopt_1 ./.pbs_paxos.inf.pucrs.br_2316079/pbs_fcopt_1.etf' from server 'localhost_1_0'. (130114 ms elapsed)
       Partition:  pbs_fcopt_1 - PBS_Generic_Opt-Distributed_Read_DB - Elapsed_Time 0.00, CPU_Time 0.00
       Partition:  pbs_fcopt_1 - PBS_Generic_Opt-Distributed_Generic - Elapsed_Time 5.00, CPU_Time 4.98
       Partition:  pbs_fcopt_1 - PBS_Generic_Opt-First_Cond - Elapsed_Time 121.00, CPU_Time 151.08
       Partition:  pbs_fcopt_1 - PBS_Generic_Opt-Distributed_Prop_Const - Elapsed_Time 1.00, CPU_Time 1.00
       Partition:  pbs_fcopt_1 - PBS_Generic_Opt-Distributed_Gobble - Elapsed_Time 0.00, CPU_Time 0.00
       Partition:  pbs_fcopt_1 - PBS_Generic_Opt-Distributed_Report - Elapsed_Time 0.00, CPU_Time 0.00
       Start - Partition: pbs_fcopt_1 Slack: -632.9 TNS: 131381.3 Cell-Count: 77502 Cell-Area: 118487 
Init-Memory: 1712.40
       Done  - Partition: pbs_fcopt_1 Slack: 205.0 TNS: 0.0 Cell-Count: 21714 Cell-Area: 39415 
Peak-Memory: 1773.56 Elapsed: 127
       Partition:  pbs_fcopt_1 - PBS_Generic_Opt-Distributed_Write_DB - Elapsed_Time 3.00, CPU_Time 3.00
       pbs_fcopt_1 - PBS_Generic_Opt-Assembly - Elapsed_Time 1, CPU_Time 1.0
       Partition:  pbs_fcopt_1 - Runtime taken by the partition - Elapsed_Time 130.00, CPU_Time 160.06
          Received 'pbs_fcopt_2 ./.pbs_paxos.inf.pucrs.br_2316079/pbs_fcopt_2.etf' from server 'localhost_1_12'. (239685 ms elapsed)
          Received 'pbs_fcopt_0 ./.pbs_paxos.inf.pucrs.br_2316079/pbs_fcopt_0.etf' from server 'localhost_1_9'. (241266 ms elapsed)
       Partition:  pbs_fcopt_0 - PBS_Generic_Opt-Distributed_Read_DB - Elapsed_Time 0.00, CPU_Time 0.00
       Partition:  pbs_fcopt_0 - PBS_Generic_Opt-Distributed_Generic - Elapsed_Time 6.00, CPU_Time 6.98
       Partition:  pbs_fcopt_0 - PBS_Generic_Opt-First_Cond - Elapsed_Time 230.00, CPU_Time 229.33
       Partition:  pbs_fcopt_0 - PBS_Generic_Opt-Distributed_Prop_Const - Elapsed_Time 3.00, CPU_Time 2.00
       Partition:  pbs_fcopt_0 - PBS_Generic_Opt-Distributed_Gobble - Elapsed_Time 0.00, CPU_Time 0.00
       Partition:  pbs_fcopt_0 - PBS_Generic_Opt-Distributed_Report - Elapsed_Time 0.00, CPU_Time 0.00
       Start - Partition: pbs_fcopt_0 Slack: -624.1 TNS: 183606.8 Cell-Count: 94527 Cell-Area: 146769 
Init-Memory: 1649.37
       Done  - Partition: pbs_fcopt_0 Slack: 110.3 TNS: 0.0 Cell-Count: 21065 Cell-Area: 37995 
Peak-Memory: 1858.97 Elapsed: 239
       Partition:  pbs_fcopt_0 - PBS_Generic_Opt-Distributed_Write_DB - Elapsed_Time 2.00, CPU_Time 2.00
       pbs_fcopt_0 - PBS_Generic_Opt-Assembly - Elapsed_Time 1, CPU_Time 1.0
       Partition:  pbs_fcopt_0 - Runtime taken by the partition - Elapsed_Time 241.00, CPU_Time 240.30
       Partition:  pbs_fcopt_2 - PBS_Generic_Opt-Distributed_Read_DB - Elapsed_Time 0.00, CPU_Time 1.00
       Partition:  pbs_fcopt_2 - PBS_Generic_Opt-Distributed_Generic - Elapsed_Time 8.00, CPU_Time 6.96
       Partition:  pbs_fcopt_2 - PBS_Generic_Opt-First_Cond - Elapsed_Time 218.00, CPU_Time 240.73
       Partition:  pbs_fcopt_2 - PBS_Generic_Opt-Distributed_Prop_Const - Elapsed_Time 6.00, CPU_Time 6.00
       Partition:  pbs_fcopt_2 - PBS_Generic_Opt-Distributed_Gobble - Elapsed_Time 0.00, CPU_Time 0.00
       Partition:  pbs_fcopt_2 - PBS_Generic_Opt-Distributed_Report - Elapsed_Time 0.00, CPU_Time 0.00
       Start - Partition: pbs_fcopt_2 Slack: -580.2 TNS: 119321.1 Cell-Count: 98670 Cell-Area: 165054 
Init-Memory: 1652.37
       Done  - Partition: pbs_fcopt_2 Slack: -14.5 TNS: 5771.4 Cell-Count: 51237 Cell-Area: 104476 
Peak-Memory: 1863.79 Elapsed: 232
       Partition:  pbs_fcopt_2 - PBS_Generic_Opt-Distributed_Write_DB - Elapsed_Time 7.00, CPU_Time 7.00
       pbs_fcopt_2 - PBS_Generic_Opt-Assembly - Elapsed_Time 2, CPU_Time 3.0
       Partition:  pbs_fcopt_2 - Runtime taken by the partition - Elapsed_Time 239.00, CPU_Time 261.69
Assembled design in-time

Test connection status for design: Conv
=======================================
Connected 0 out of 0 clock-gating instances.

+-----------+--------------------+-----+----------------------+---------------------------+
|   Host    |      Machine       | CPU | Physical Memory (MB) | Peak Physical Memory (MB) |
+-----------+--------------------+-----+----------------------+---------------------------+
| localhost | paxos.inf.pucrs.br |  8  |        3396.1        |          7926.4           |
+-----------+--------------------+-----+----------------------+---------------------------+

+----------------+----------------------+---------------------------+
|     Server     | Physical Memory (MB) | Peak Physical Memory (MB) |
+----------------+----------------------+---------------------------+
| localhost_1_8  |      152.9 [1]       |          [1] [2]          |
| localhost_1_9  |      390.2 [1]       |          [1] [2]          |
| localhost_1_11 |      152.9 [1]       |          [1] [2]          |
| localhost_1_14 |      152.9 [1]       |          [1] [2]          |
| localhost_1_0  |      1946.9 [3]      |        6237.5 [3]         |
| localhost_1_13 |      152.9 [1]       |          [1] [2]          |
| localhost_1_10 |      152.9 [1]       |          [1] [2]          |
| localhost_1_12 |      427.6 [1]       |          [1] [2]          |
+----------------+----------------------+---------------------------+
[1] Memory is included in parent localhost_1_0.
[2] Peak physical memory is not available for forked background servers.
[3] Memory of child processes is included.

PBS_Generic_Opt-Post - Elapsed_Time 715, CPU_Time 735.951143
stamp 'PBS_Generic_Opt-Post' being created for table 'pbs_debug'

  Total Time (Wall) |  Stage Time (Wall)  |   % (Wall)   |    Date - Time     |  Memory   | Stage
--------------------+---------------------+--------------+--------------------+-----------+----------------------
 00:01:46(00:01:42) |  00:00:00(00:00:00) |   0.0(  0.0) |   17:51:58 (Oct05) |   1.56 GB | PBS_Generic-Start
--------------------+---------------------+--------------+--------------------+-----------+----------------------
 00:09:12(00:09:03) |  00:07:26(00:07:21) |  60.7( 61.7) |   17:59:19 (Oct05) |   2.79 GB | PBS_Generic-Post_Genopt
--------------------+---------------------+--------------+--------------------+-----------+----------------------
 00:14:01(00:13:37) |  00:04:49(00:04:34) |  39.3( 38.3) |   18:03:54 (Oct05) |   2.54 GB | PBS_Generic_Opt-Post
--------------------+---------------------+--------------+--------------------+-----------+----------------------
Number of threads: 8 * 1   (id: pbs_debug, time_info v1.57)
Info: (*N*) indicates data that was populated from previously saved time_info database
Info: CPU time includes time of parent + longest thread
PBS_Generic-Postgen HBO Optimizations - Elapsed_Time 1, CPU_Time 2.0
stamp 'PBS_Generic-Postgen HBO Optimizations' being created for table 'pbs_debug'

  Total Time (Wall) |  Stage Time (Wall)  |   % (Wall)   |    Date - Time     |  Memory   | Stage
--------------------+---------------------+--------------+--------------------+-----------+----------------------
 00:01:46(00:01:42) |  00:00:00(00:00:00) |   0.0(  0.0) |   17:51:58 (Oct05) |   1.56 GB | PBS_Generic-Start
--------------------+---------------------+--------------+--------------------+-----------+----------------------
 00:09:12(00:09:03) |  00:07:26(00:07:21) |  60.5( 61.5) |   17:59:19 (Oct05) |   2.79 GB | PBS_Generic-Post_Genopt
--------------------+---------------------+--------------+--------------------+-----------+----------------------
 00:14:01(00:13:37) |  00:04:49(00:04:34) |  39.2( 38.2) |   18:03:54 (Oct05) |   2.54 GB | PBS_Generic_Opt-Post
--------------------+---------------------+--------------+--------------------+-----------+----------------------
 00:14:03(00:13:39) |  00:00:02(00:00:02) |   0.3(  0.3) |   18:03:55 (Oct05) |   2.54 GB | PBS_Generic-Postgen HBO Optimizations
--------------------+---------------------+--------------+--------------------+-----------+----------------------
Number of threads: 8 * 1   (id: pbs_debug, time_info v1.57)
Info: (*N*) indicates data that was populated from previously saved time_info database
Info: CPU time includes time of parent + longest thread
##>============================ Cadence Confidential (Generic-Logical) ============================
##>ST Summary (8 partitions in total):
##>------------------------------------------------------------------------------------------------
##>PARTITION                3         4         5         6         1         7         2         0
##>------------------------------------------------------------------------------------------------
##>PRE_WNS              -1749     -1658     -1749     -1664       -40     -1366     -1351       861
##>PRE_TNS             182346    167028    175950    167954     17978    145260    143166         0
##>PRE_CNT             145279    143647    142521    141926     68983    144573    140437     54366
##>PRE_PORT_CNT           301       301       301       301      2709       181       181      1482
##>PRE_AREA            194776    192877    191215    190510    144516    195548    189701     68156
##>PRE_LEAK_PWR       3221675   3190488   3154343   3142736   5395135   3312187   3173129   1223205
##>PRE_EX_DEL_CNT         301       301       301       301      2692       181       181      1482
##>------------------------------------------------------------------------------------------------
##>POST_WNS              -572      -569      -635      -633       -26      -567      -636       897
##>POST_TNS             62670     62412     66616     66500      4164     56474     60612         0
##>POST_CNT             31299     31178     31403     31435     54391     28107     28384     34545
##>POST_PORT_CNT          301       301       301       301      2709       181       181      1482
##>POST_AREA            48592     48442     48871     48890    101042     44087     44553     46015
##>POST_LEAK_PWR      1055663   1050025   1060292   1059773   4598582    944625    954697    997315
##>POST_EX_DEL_CNT        301       301       301       301      2692       181       181      1482
##>------------------------------------------------------------------------------------------------
##>R:Read DB                3         3         3         3         3         3         3         3
##>R:Mux Opto               0         0         0         0        29         0         0         0
##>R:Generic              354       340       288       287       181       224       220       167
##>R:Retime                 0         0         0         0         0         0         0         0
##>R:Clk Gate               0         0         0         0         2         0         0         0
##>R:Const Prop             0         1         1         1         3         1         1         1
##>R:Gobble                 0         0         0         0         1         0         0         0
##>R:Set Targets            0         0         0         0         0         0         0         0
##>R:Write DB               3         3         3         2         6         2         3         3
##>R:Misc                   0         0         0         0         0         0         0         0
##>Total Elapsed          363       349       298       296       254       232       229       176
##>================================================================================================
##>===== Cadence Confidential (Generic-Logical) =====
##>ST Summary (3 partitions in total):
##>----------------------------------------------
##>PARTITION                0         2         1
##>----------------------------------------------
##>PRE_WNS               -624      -580      -632
##>PRE_TNS             183606    119321    131381
##>PRE_CNT              94527     98670     77502
##>PRE_PORT_CNT           661      1700       901
##>PRE_AREA            146769    165054    118487
##>PRE_LEAK_PWR       3183462   5899755   2612371
##>PRE_EX_DEL_CNT         661      1701       901
##>----------------------------------------------
##>POST_WNS               110       -14       205
##>POST_TNS                 0      5771         0
##>POST_CNT             21065     51237     21714
##>POST_PORT_CNT          661      1700       901
##>POST_AREA            37995    104476     39415
##>POST_LEAK_PWR       652275   4310670    753249
##>POST_EX_DEL_CNT        661      1701       901
##>----------------------------------------------
##>F:Read DB                0         0         0
##>F:Mux Opto               0         0         0
##>F:Generic                6         8         5
##>F:Retime                 0         0         0
##>F:Clk Gate               0         0         0
##>F:Const Prop             3         6         1
##>F:Gobble                 0         0         0
##>F:Set Targets          230       218       121
##>F:Write DB               2         7         3
##>F:Misc                   0         0         0
##>Total Elapsed          241       239       130
##>==============================================
##>Main Thread Summary:
##>----------------------------------------------------------------------------------------
##>STEP                           Elapsed       WNS       TNS     Insts      Area    Memory
##>----------------------------------------------------------------------------------------
##>G:Initial                           24         -         -    981732   1367301      1564
##>G:Setup                              4         -         -         -         -      4084
##>G:Launch ST                         12         -         -         -         -      4084
##>G:Design Partition                   0         -         -         -         -      4084
##>G:Create Partition Netlists          9         -         -         -         -      4084
##>G:Init Power                         0         -         -         -         -      4084
##>G:Budgeting                         19         -         -         -         -      4084
##>G:Derenv-DB                         14         -         -         -         -      4084
##>G:Debug Outputs                      0         -         -         -         -         -
##>G:ST loading                         2         -         -         -         -      4084
##>G:Distributed                      604         -         -         -         -      4084
##>G:Timer                             17         -         -         -         -      4084
##>G:Assembly                           5         -         -         -         -      4084
##>G:DFT                                2         -         -         -         -      4084
##>G:Const Prop                         1         -         -     93992    181819      2541
##>G:Misc                              26
##>----------------------------------------------------------------------------------------
##>Total Elapsed                      739
##>========================================================================================
Info    : Done synthesizing. [SYNTH-2]
        : Done synthesizing 'Conv' to generic gates.
      flow.cputime  flow.realtime  timing.setup.tns  timing.setup.wns  snapshot
UM:*                                                                   syn_gen
@file(logical_synthesis_body.tcl) 58: syn_map
##Generic Timing Info for library domain: timing_cond_0p81v_125c typical gate delay: 20.1 ps std_slew: 6.8 ps std_load: 1.6 fF
Current PLE settings:

Aspect ratio        : 1.000
Shrink factor       : 0.900
Scale of res/length : 1.000
Scale of cap/length : 1.000
Net derating factor : 1.000
Thermal factor      : 1.253
Via Resistance      : 16.501 ohm (from qrc_tech_file)
Site size           : 1.040 um (from lef [tech+cell])

                                   Capacitance  
  Layer                             / Length         Data source:
Name        Direction Utilization  (pF/micron)       qrc_tech_file
------------------------------------------------
M1              V         0.00        0.000210  
M2              H         1.00        0.000184  
M3              V         1.00        0.000138  
M4              H         1.00        0.000137  
M5              V         1.00        0.000138  
M6              H         1.00        0.000133  
M7              V         1.00        0.000194  
M8              H         1.00        0.000322  
M9              V         1.00        0.000582  
AP              H         1.00        0.000334  

                                    Resistance   
  Layer                              / Length         Data source:
Name        Direction Utilization  (ohm/micron)       qrc_tech_file
-------------------------------------------------
M1              V         0.00        14.633762  
M2              H         1.00        14.861223  
M3              V         1.00        14.861223  
M4              H         1.00        14.861223  
M5              V         1.00        14.861223  
M6              H         1.00        14.861223  
M7              V         1.00         3.005090  
M8              H         1.00         0.111088  
M9              V         1.00         0.004928  
AP              H         1.00         0.009992  

                                        Area     
  Layer                               / Length        Data source:
Name        Direction Utilization     (micron)        lef_library
-------------------------------------------------
M1              V         0.00         0.050000  
M2              H         1.00         0.050000  
M3              V         1.00         0.050000  
M4              H         1.00         0.050000  
M5              V         1.00         0.050000  
M6              H         1.00         0.050000  
M7              V         1.00         0.100000  
M8              H         1.00         0.400000  
M9              V         1.00         2.000000  
AP              H         1.00         2.000000  

Info    : Mapping. [SYNTH-4]
        : Mapping 'Conv' using 'high' effort.
Mapper: Libraries have:
	domain timing_cond_0p81v_125c: 530 combo usable cells and 349 sequential usable cells
Configuring mapper costing (none)
TNS Restructuring config: no_value at stage: map applied.
PBS_TechMap-Start - Elapsed_Time 0, CPU_Time 0.0
stamp 'PBS_TechMap-Start' being created for table 'pbs_debug'

  Total Time (Wall) |  Stage Time (Wall)  |   % (Wall)   |    Date - Time     |  Memory   | Stage
--------------------+---------------------+--------------+--------------------+-----------+----------------------
 00:01:46(00:01:42) |  00:00:00(00:00:00) |   0.0(  0.0) |   17:51:58 (Oct05) |   1.56 GB | PBS_Generic-Start
--------------------+---------------------+--------------+--------------------+-----------+----------------------
 00:09:12(00:09:03) |  00:07:26(00:07:21) |  60.2( 61.1) |   17:59:19 (Oct05) |   2.79 GB | PBS_Generic-Post_Genopt
--------------------+---------------------+--------------+--------------------+-----------+----------------------
 00:14:01(00:13:37) |  00:04:49(00:04:34) |  39.0( 38.0) |   18:03:54 (Oct05) |   2.54 GB | PBS_Generic_Opt-Post
--------------------+---------------------+--------------+--------------------+-----------+----------------------
 00:14:03(00:13:39) |  00:00:02(00:00:02) |   0.3(  0.3) |   18:03:55 (Oct05) |   2.54 GB | PBS_Generic-Postgen HBO Optimizations
--------------------+---------------------+--------------+--------------------+-----------+----------------------
 00:14:07(00:13:44) |  00:00:04(00:00:05) |   0.5(  0.7) |   18:04:00 (Oct05) |   2.46 GB | PBS_TechMap-Start
--------------------+---------------------+--------------+--------------------+-----------+----------------------
Number of threads: 8 * 1   (id: pbs_debug, time_info v1.57)
Info: (*N*) indicates data that was populated from previously saved time_info database
Info: CPU time includes time of parent + longest thread
PBS_TechMap-Premap HBO Optimizations - Elapsed_Time 1, CPU_Time 2.0
stamp 'PBS_TechMap-Premap HBO Optimizations' being created for table 'pbs_debug'

  Total Time (Wall) |  Stage Time (Wall)  |   % (Wall)   |    Date - Time     |  Memory   | Stage
--------------------+---------------------+--------------+--------------------+-----------+----------------------
 00:01:46(00:01:42) |  00:00:00(00:00:00) |   0.0(  0.0) |   17:51:58 (Oct05) |   1.56 GB | PBS_Generic-Start
--------------------+---------------------+--------------+--------------------+-----------+----------------------
 00:09:12(00:09:03) |  00:07:26(00:07:21) |  60.0( 61.0) |   17:59:19 (Oct05) |   2.79 GB | PBS_Generic-Post_Genopt
--------------------+---------------------+--------------+--------------------+-----------+----------------------
 00:14:01(00:13:37) |  00:04:49(00:04:34) |  38.9( 37.9) |   18:03:54 (Oct05) |   2.54 GB | PBS_Generic_Opt-Post
--------------------+---------------------+--------------+--------------------+-----------+----------------------
 00:14:03(00:13:39) |  00:00:02(00:00:02) |   0.3(  0.3) |   18:03:55 (Oct05) |   2.54 GB | PBS_Generic-Postgen HBO Optimizations
--------------------+---------------------+--------------+--------------------+-----------+----------------------
 00:14:07(00:13:44) |  00:00:04(00:00:05) |   0.5(  0.7) |   18:04:00 (Oct05) |   2.46 GB | PBS_TechMap-Start
--------------------+---------------------+--------------+--------------------+-----------+----------------------
 00:14:09(00:13:45) |  00:00:02(00:00:01) |   0.3(  0.1) |   18:04:01 (Oct05) |   2.46 GB | PBS_TechMap-Premap HBO Optimizations
--------------------+---------------------+--------------+--------------------+-----------+----------------------
Number of threads: 8 * 1   (id: pbs_debug, time_info v1.57)
Info: (*N*) indicates data that was populated from previously saved time_info database
Info: CPU time includes time of parent + longest thread
Info    : Partition Based Synthesis execution skipped. [PHYS-752]
        : Design size is less than the partition size '100000' for distributed mapping optimization to kick in.
Current PLE settings:

Aspect ratio        : 1.000
Shrink factor       : 0.900
Scale of res/length : 1.000
Scale of cap/length : 1.000
Net derating factor : 1.000
Thermal factor      : 1.253
Via Resistance      : 16.501 ohm (from qrc_tech_file)
Site size           : 1.040 um (from lef [tech+cell])

                                   Capacitance  
  Layer                             / Length         Data source:
Name        Direction Utilization  (pF/micron)       qrc_tech_file
------------------------------------------------
M1              V         0.00        0.000210  
M2              H         1.00        0.000184  
M3              V         1.00        0.000138  
M4              H         1.00        0.000137  
M5              V         1.00        0.000138  
M6              H         1.00        0.000133  
M7              V         1.00        0.000194  
M8              H         1.00        0.000322  
M9              V         1.00        0.000582  
AP              H         1.00        0.000334  

                                    Resistance   
  Layer                              / Length         Data source:
Name        Direction Utilization  (ohm/micron)       qrc_tech_file
-------------------------------------------------
M1              V         0.00        14.633762  
M2              H         1.00        14.861223  
M3              V         1.00        14.861223  
M4              H         1.00        14.861223  
M5              V         1.00        14.861223  
M6              H         1.00        14.861223  
M7              V         1.00         3.005090  
M8              H         1.00         0.111088  
M9              V         1.00         0.004928  
AP              H         1.00         0.009992  

                                        Area     
  Layer                               / Length        Data source:
Name        Direction Utilization     (micron)        lef_library
-------------------------------------------------
M1              V         0.00         0.050000  
M2              H         1.00         0.050000  
M3              V         1.00         0.050000  
M4              H         1.00         0.050000  
M5              V         1.00         0.050000  
M6              H         1.00         0.050000  
M7              V         1.00         0.100000  
M8              H         1.00         0.400000  
M9              V         1.00         2.000000  
AP              H         1.00         2.000000  

Mapper: Libraries have:
	domain timing_cond_0p81v_125c: 530 combo usable cells and 349 sequential usable cells
Updating ST server settings
Info    : Connection established with super-threading server. [ST-110]
        : The server 'localhost_1_15' is forked process '2324029' on this host.
Info    : Connection established with super-threading server. [ST-110]
        : The server 'localhost_1_16' is forked process '2324031' on this host.
Info    : Connection established with super-threading server. [ST-110]
        : The server 'localhost_1_17' is forked process '2324033' on this host.
Info    : Connection established with super-threading server. [ST-110]
        : The server 'localhost_1_18' is forked process '2324035' on this host.
Info    : Connection established with super-threading server. [ST-110]
        : The server 'localhost_1_19' is forked process '2324037' on this host.
Warning : Maximum message print count reached. [MESG-11]
        : Maximum print count of '20' reached for message 'ST-110'.
Multi-threaded constant propagation [1|0] ...
Multi-threaded Virtual Mapping    (8 threads per ST process, 8 of 28 CPUs usable)
        Distributing super-thread jobs: cb_oseq_1531 mult_signed_6495_754 mult_signed_6495_758 mult_signed_6495_755 mult_signed_6495_757 mult_signed_6495_762 mult_signed_6495_763 mult_signed_6495_749 mult_signed_6495 mult_signed_6495_750 mult_signed_6495_752 mult_signed_6495_759 mult_signed_6495_751 mult_signed_6495_760 mult_signed_6495_761 mult_signed_6495_756 mult_signed_6495_753 mult_signed_6495_1 mult_signed_6495_748 csa_tree_sub_1103_163_group_12368 csa_tree_sub_1091_163_group_13422 csa_tree_sub0041101_group_13492 WALLACE_CSA_DUMMY_OP_group_16940 csa_tree_SUB_TC_OP_50_group_2411 csa_tree_add_1096_168_group_13251 WALLACE_CSA_DUMMY_OP1_group_17009 csa_tree_add_1090_168_group_13353 csa_tree_add_1097_168_group_13320 csa_tree_sub0048357_group_12438 csa_tree_ADD_TC_OP_69_group_2550 csa_tree_SUB_TC_OP_24_group_2480 csa_tree_add_1089_168_group_13284 csa_tree_add_1106_154_group_12508 csa_tree_ADD_TC_OP_93_group_2549 csa_tree_add_1105_154_group_12507 csa_tree_sub_1093_55_group_9 csa_tree_sub_1088_55_group_11 csa_tree_SUB_TC_OP_20_group_4 cb_part_1558 csa_tree_sub0045263_group_5 csa_tree_sub0054891_group_6 csa_tree_sub0043824_group_11 csa_tree_SUB_TC_OP_14_group_6 csa_tree_ADD_TC_OP_group_14 csa_tree_ADD_TC_OP_7_group_12 csa_tree_add_1102_53_group_15 csa_tree_add_1107_54_group_9 divide_signed_30_812 divide_signed_772 divide_signed_30 WALLACE_CSA_DUMMY_OP_group_41871_2 WALLACE_CSA_DUMMY_OP_group_41871_1 WALLACE_CSA_DUMMY_OP_group_41871 divide_signed remainder_signed_30_813 remainder_signed_773 remainder_signed_30 csa_tree_SUB_TC_OP_15_group_569 csa_tree_SUB_TC_OP_22_group_570 csa_tree_SUB_TC_OP_22_group_570_2 csa_tree_SUB_TC_OP_15_group_569_2 csa_tree_SUB_TC_OP_15_group_569_3 csa_tree_SUB_TC_OP_22_group_570_1 csa_tree_SUB_TC_OP_22_group_570_3 csa_tree_SUB_TC_OP_15_group_569_1 csa_tree_SUB_TC_OP_group_567 csa_tree_SUB_TC_OP_30_group_565 csa_tree_SUB_TC_OP_25_group_563 csa_tree_SUB_TC_OP_10_group_568 csa_tree_SUB_TC_OP_30_group_565_2 csa_tree_SUB_TC_OP_group_567_3 csa_tree_SUB_TC_OP_group_567_2 csa_tree_SUB_TC_OP_30_group_565_3 csa_tree_SUB_TC_OP_group_567_1 csa_tree_SUB_TC_OP_30_group_565_1 csa_tree_SUB_TC_OP_25_group_563_1 csa_tree_SUB_TC_OP_25_group_563_2 csa_tree_SUB_TC_OP_25_group_563_3 csa_tree_SUB_TC_OP_10_group_568_2 csa_tree_SUB_TC_OP_10_group_568_1 csa_tree_SUB_TC_OP_10_group_568_3 WALLACE_CSA_DUMMY_OP1_group_41879_2 WALLACE_CSA_DUMMY_OP1_group_41879 WALLACE_CSA_DUMMY_OP1_group_41879_1 csa_tree_SUB_TC_OP_15_group_35096 csa_tree_SUB_TC_OP_22_group_35099 remainder_signed csa_tree_add_1163_133_group_42433 csa_tree_add_1163_133_group_42433_1 csa_tree_add_1163_133_group_42433_2 csa_tree_SUB_TC_OP_group_35092 csa_tree_SUB_TC_OP_25_group_35088 csa_tree_SUB_TC_OP_30_group_35090 csa_tree_SUB_TC_OP_10_group_35094 csa_tree_SUB_TC_OP_22_group_30443 csa_tree_SUB_TC_OP_15_group_30442 csa_tree_SUB_TC_OP_group_30440 csa_tree_SUB_TC_OP_30_group_30438 csa_tree_SUB_TC_OP_25_group_30436 csa_tree_SUB_TC_OP_10_group_30441 WALLACE_CSA_DUMMY_OP3_group_42431_2 WALLACE_CSA_DUMMY_OP3_group_42431_1 WALLACE_CSA_DUMMY_OP3_group_42431 csa_tree_1357 csa_tree_9560
          Sending 'cb_oseq_1531' to server 'localhost_1_15'...
            Sent 'cb_oseq_1531' to server 'localhost_1_15'.
          Sending 'mult_signed_6495_754' to server 'localhost_1_20'...
            Sent 'mult_signed_6495_754' to server 'localhost_1_20'.
          Sending 'mult_signed_6495_758' to server 'localhost_1_18'...
            Sent 'mult_signed_6495_758' to server 'localhost_1_18'.
          Sending 'mult_signed_6495_755' to server 'localhost_1_17'...
            Sent 'mult_signed_6495_755' to server 'localhost_1_17'.
          Sending 'mult_signed_6495_757' to server 'localhost_1_21'...
            Sent 'mult_signed_6495_757' to server 'localhost_1_21'.
          Sending 'mult_signed_6495_762' to server 'localhost_1_19'...
            Sent 'mult_signed_6495_762' to server 'localhost_1_19'.
          Sending 'mult_signed_6495_763' to server 'localhost_1_0'...
            Sent 'mult_signed_6495_763' to server 'localhost_1_0'.
          Sending 'mult_signed_6495_749' to server 'localhost_1_16'...
            Sent 'mult_signed_6495_749' to server 'localhost_1_16'.
          Received 'cb_oseq_1531' from server 'localhost_1_15'. (1699 ms elapsed)
          Sending 'mult_signed_6495' to server 'localhost_1_15'...
            Sent 'mult_signed_6495' to server 'localhost_1_15'.
          Received 'mult_signed_6495_754' from server 'localhost_1_20'. (1732 ms elapsed)
          Sending 'mult_signed_6495_750' to server 'localhost_1_20'...
            Sent 'mult_signed_6495_750' to server 'localhost_1_20'.
          Received 'mult_signed_6495_755' from server 'localhost_1_17'. (1711 ms elapsed)
          Sending 'mult_signed_6495_752' to server 'localhost_1_17'...
            Sent 'mult_signed_6495_752' to server 'localhost_1_17'.
          Received 'mult_signed_6495_758' from server 'localhost_1_18'. (1789 ms elapsed)
          Sending 'mult_signed_6495_759' to server 'localhost_1_18'...
            Sent 'mult_signed_6495_759' to server 'localhost_1_18'.
          Received 'mult_signed_6495_749' from server 'localhost_1_16'. (1646 ms elapsed)
          Sending 'mult_signed_6495_751' to server 'localhost_1_16'...
            Sent 'mult_signed_6495_751' to server 'localhost_1_16'.
          Received 'mult_signed_6495_762' from server 'localhost_1_19'. (1765 ms elapsed)
          Sending 'mult_signed_6495_760' to server 'localhost_1_19'...
            Sent 'mult_signed_6495_760' to server 'localhost_1_19'.
          Received 'mult_signed_6495_757' from server 'localhost_1_21'. (1844 ms elapsed)
          Sending 'mult_signed_6495_761' to server 'localhost_1_21'...
            Sent 'mult_signed_6495_761' to server 'localhost_1_21'.
          Received 'mult_signed_6495_763' from server 'localhost_1_0'. (1807 ms elapsed)
          Sending 'mult_signed_6495_756' to server 'localhost_1_0'...
            Sent 'mult_signed_6495_756' to server 'localhost_1_0'.
          Received 'mult_signed_6495_761' from server 'localhost_1_21'. (1680 ms elapsed)
          Sending 'mult_signed_6495_753' to server 'localhost_1_21'...
            Sent 'mult_signed_6495_753' to server 'localhost_1_21'.
          Received 'mult_signed_6495_760' from server 'localhost_1_19'. (1761 ms elapsed)
          Sending 'mult_signed_6495_1' to server 'localhost_1_19'...
            Sent 'mult_signed_6495_1' to server 'localhost_1_19'.
          Received 'mult_signed_6495_751' from server 'localhost_1_16'. (1841 ms elapsed)
          Sending 'mult_signed_6495_748' to server 'localhost_1_16'...
            Sent 'mult_signed_6495_748' to server 'localhost_1_16'.
          Received 'mult_signed_6495_759' from server 'localhost_1_18'. (1934 ms elapsed)
          Sending 'csa_tree_sub_1103_163_group_12368' to server 'localhost_1_18'...
            Sent 'csa_tree_sub_1103_163_group_12368' to server 'localhost_1_18'.
          Received 'mult_signed_6495_752' from server 'localhost_1_17'. (2004 ms elapsed)
          Sending 'csa_tree_sub_1091_163_group_13422' to server 'localhost_1_17'...
            Sent 'csa_tree_sub_1091_163_group_13422' to server 'localhost_1_17'.
          Received 'mult_signed_6495_750' from server 'localhost_1_20'. (2087 ms elapsed)
          Sending 'csa_tree_sub0041101_group_13492' to server 'localhost_1_20'...
            Sent 'csa_tree_sub0041101_group_13492' to server 'localhost_1_20'.
          Received 'mult_signed_6495' from server 'localhost_1_15'. (2246 ms elapsed)
          Sending 'WALLACE_CSA_DUMMY_OP_group_16940' to server 'localhost_1_15'...
            Sent 'WALLACE_CSA_DUMMY_OP_group_16940' to server 'localhost_1_15'.
          Received 'mult_signed_6495_748' from server 'localhost_1_16'. (633 ms elapsed)
          Sending 'csa_tree_SUB_TC_OP_50_group_2411' to server 'localhost_1_16'...
            Sent 'csa_tree_SUB_TC_OP_50_group_2411' to server 'localhost_1_16'.
          Received 'mult_signed_6495_756' from server 'localhost_1_0'. (951 ms elapsed)
          Sending 'csa_tree_add_1096_168_group_13251' to server 'localhost_1_0'...
            Sent 'csa_tree_add_1096_168_group_13251' to server 'localhost_1_0'.
          Received 'csa_tree_sub_1091_163_group_13422' from server 'localhost_1_17'. (1592 ms elapsed)
          Sending 'WALLACE_CSA_DUMMY_OP1_group_17009' to server 'localhost_1_17'...
            Sent 'WALLACE_CSA_DUMMY_OP1_group_17009' to server 'localhost_1_17'.
          Received 'csa_tree_sub_1103_163_group_12368' from server 'localhost_1_18'. (1651 ms elapsed)
          Sending 'csa_tree_add_1090_168_group_13353' to server 'localhost_1_18'...
            Sent 'csa_tree_add_1090_168_group_13353' to server 'localhost_1_18'.
          Received 'mult_signed_6495_1' from server 'localhost_1_19'. (1760 ms elapsed)
          Sending 'csa_tree_add_1097_168_group_13320' to server 'localhost_1_19'...
            Sent 'csa_tree_add_1097_168_group_13320' to server 'localhost_1_19'.
          Received 'mult_signed_6495_753' from server 'localhost_1_21'. (1829 ms elapsed)
          Sending 'csa_tree_sub0048357_group_12438' to server 'localhost_1_21'...
            Sent 'csa_tree_sub0048357_group_12438' to server 'localhost_1_21'.
          Received 'WALLACE_CSA_DUMMY_OP_group_16940' from server 'localhost_1_15'. (1648 ms elapsed)
          Sending 'csa_tree_ADD_TC_OP_69_group_2550' to server 'localhost_1_15'...
            Sent 'csa_tree_ADD_TC_OP_69_group_2550' to server 'localhost_1_15'.
          Received 'csa_tree_sub0041101_group_13492' from server 'localhost_1_20'. (1772 ms elapsed)
          Sending 'csa_tree_SUB_TC_OP_24_group_2480' to server 'localhost_1_20'...
            Sent 'csa_tree_SUB_TC_OP_24_group_2480' to server 'localhost_1_20'.
          Received 'csa_tree_add_1096_168_group_13251' from server 'localhost_1_0'. (535 ms elapsed)
          Sending 'csa_tree_add_1089_168_group_13284' to server 'localhost_1_0'...
            Sent 'csa_tree_add_1089_168_group_13284' to server 'localhost_1_0'.
          Received 'csa_tree_SUB_TC_OP_24_group_2480' from server 'localhost_1_20'. (1525 ms elapsed)
          Sending 'csa_tree_add_1106_154_group_12508' to server 'localhost_1_20'...
            Sent 'csa_tree_add_1106_154_group_12508' to server 'localhost_1_20'.
          Received 'csa_tree_ADD_TC_OP_69_group_2550' from server 'localhost_1_15'. (1648 ms elapsed)
          Sending 'csa_tree_ADD_TC_OP_93_group_2549' to server 'localhost_1_15'...
            Sent 'csa_tree_ADD_TC_OP_93_group_2549' to server 'localhost_1_15'.
          Received 'csa_tree_sub0048357_group_12438' from server 'localhost_1_21'. (1707 ms elapsed)
          Sending 'csa_tree_add_1105_154_group_12507' to server 'localhost_1_21'...
            Sent 'csa_tree_add_1105_154_group_12507' to server 'localhost_1_21'.
          Received 'WALLACE_CSA_DUMMY_OP1_group_17009' from server 'localhost_1_17'. (1823 ms elapsed)
          Sending 'csa_tree_sub_1093_55_group_9' to server 'localhost_1_17'...
            Sent 'csa_tree_sub_1093_55_group_9' to server 'localhost_1_17'.
          Received 'csa_tree_SUB_TC_OP_50_group_2411' from server 'localhost_1_16'. (2872 ms elapsed)
          Sending 'csa_tree_sub_1088_55_group_11' to server 'localhost_1_16'...
            Sent 'csa_tree_sub_1088_55_group_11' to server 'localhost_1_16'.
          Received 'csa_tree_add_1106_154_group_12508' from server 'localhost_1_20'. (485 ms elapsed)
          Sending 'csa_tree_SUB_TC_OP_20_group_4' to server 'localhost_1_20'...
            Sent 'csa_tree_SUB_TC_OP_20_group_4' to server 'localhost_1_20'.
          Received 'csa_tree_add_1090_168_group_13353' from server 'localhost_1_18'. (2364 ms elapsed)
          Sending 'cb_part_1558' to server 'localhost_1_18'...
            Sent 'cb_part_1558' to server 'localhost_1_18'.
          Received 'csa_tree_add_1105_154_group_12507' from server 'localhost_1_21'. (667 ms elapsed)
          Sending 'csa_tree_sub0045263_group_5' to server 'localhost_1_21'...
            Sent 'csa_tree_sub0045263_group_5' to server 'localhost_1_21'.
          Received 'csa_tree_add_1089_168_group_13284' from server 'localhost_1_0'. (906 ms elapsed)
          Sending 'csa_tree_sub0054891_group_6' to server 'localhost_1_0'...
            Sent 'csa_tree_sub0054891_group_6' to server 'localhost_1_0'.
          Received 'csa_tree_sub0045263_group_5' from server 'localhost_1_21'. (571 ms elapsed)
          Sending 'csa_tree_sub0043824_group_11' to server 'localhost_1_21'...
            Sent 'csa_tree_sub0043824_group_11' to server 'localhost_1_21'.
          Received 'csa_tree_add_1097_168_group_13320' from server 'localhost_1_19'. (2993 ms elapsed)
          Sending 'csa_tree_SUB_TC_OP_14_group_6' to server 'localhost_1_19'...
            Sent 'csa_tree_SUB_TC_OP_14_group_6' to server 'localhost_1_19'.
          Received 'cb_part_1558' from server 'localhost_1_18'. (719 ms elapsed)
          Sending 'csa_tree_ADD_TC_OP_group_14' to server 'localhost_1_18'...
            Sent 'csa_tree_ADD_TC_OP_group_14' to server 'localhost_1_18'.
          Received 'csa_tree_sub_1088_55_group_11' from server 'localhost_1_16'. (1680 ms elapsed)
          Sending 'csa_tree_ADD_TC_OP_7_group_12' to server 'localhost_1_16'...
            Sent 'csa_tree_ADD_TC_OP_7_group_12' to server 'localhost_1_16'.
          Received 'csa_tree_SUB_TC_OP_20_group_4' from server 'localhost_1_20'. (1345 ms elapsed)
          Sending 'csa_tree_add_1102_53_group_15' to server 'localhost_1_20'...
            Sent 'csa_tree_add_1102_53_group_15' to server 'localhost_1_20'.
          Received 'csa_tree_sub0043824_group_11' from server 'localhost_1_21'. (552 ms elapsed)
          Sending 'csa_tree_add_1107_54_group_9' to server 'localhost_1_21'...
            Sent 'csa_tree_add_1107_54_group_9' to server 'localhost_1_21'.
          Received 'csa_tree_sub0054891_group_6' from server 'localhost_1_0'. (591 ms elapsed)
          Sending 'divide_signed_30_812' to server 'localhost_1_0'...
            Sent 'divide_signed_30_812' to server 'localhost_1_0'.
          Received 'csa_tree_add_1107_54_group_9' from server 'localhost_1_21'. (1236 ms elapsed)
          Sending 'divide_signed_772' to server 'localhost_1_21'...
            Sent 'divide_signed_772' to server 'localhost_1_21'.
          Received 'csa_tree_add_1102_53_group_15' from server 'localhost_1_20'. (1268 ms elapsed)
          Sending 'divide_signed_30' to server 'localhost_1_20'...
            Sent 'divide_signed_30' to server 'localhost_1_20'.
          Received 'csa_tree_ADD_TC_OP_7_group_12' from server 'localhost_1_16'. (1325 ms elapsed)
          Sending 'WALLACE_CSA_DUMMY_OP_group_41871_2' to server 'localhost_1_16'...
            Sent 'WALLACE_CSA_DUMMY_OP_group_41871_2' to server 'localhost_1_16'.
          Received 'csa_tree_ADD_TC_OP_group_14' from server 'localhost_1_18'. (1751 ms elapsed)
          Sending 'WALLACE_CSA_DUMMY_OP_group_41871_1' to server 'localhost_1_18'...
            Sent 'WALLACE_CSA_DUMMY_OP_group_41871_1' to server 'localhost_1_18'.
          Received 'csa_tree_SUB_TC_OP_14_group_6' from server 'localhost_1_19'. (1827 ms elapsed)
          Sending 'WALLACE_CSA_DUMMY_OP_group_41871' to server 'localhost_1_19'...
            Sent 'WALLACE_CSA_DUMMY_OP_group_41871' to server 'localhost_1_19'.
          Received 'csa_tree_sub_1093_55_group_9' from server 'localhost_1_17'. (3070 ms elapsed)
          Sending 'divide_signed' to server 'localhost_1_17'...
            Sent 'divide_signed' to server 'localhost_1_17'.
          Received 'csa_tree_ADD_TC_OP_93_group_2549' from server 'localhost_1_15'. (3142 ms elapsed)
          Sending 'remainder_signed_30_813' to server 'localhost_1_15'...
            Sent 'remainder_signed_30_813' to server 'localhost_1_15'.
          Received 'divide_signed_772' from server 'localhost_1_21'. (267 ms elapsed)
          Sending 'remainder_signed_773' to server 'localhost_1_21'...
            Sent 'remainder_signed_773' to server 'localhost_1_21'.
          Received 'divide_signed_30' from server 'localhost_1_20'. (270 ms elapsed)
          Sending 'remainder_signed_30' to server 'localhost_1_20'...
            Sent 'remainder_signed_30' to server 'localhost_1_20'.
          Received 'WALLACE_CSA_DUMMY_OP_group_41871_2' from server 'localhost_1_16'. (319 ms elapsed)
          Sending 'csa_tree_SUB_TC_OP_15_group_569' to server 'localhost_1_16'...
            Sent 'csa_tree_SUB_TC_OP_15_group_569' to server 'localhost_1_16'.
          Received 'WALLACE_CSA_DUMMY_OP_group_41871_1' from server 'localhost_1_18'. (317 ms elapsed)
          Sending 'csa_tree_SUB_TC_OP_22_group_570' to server 'localhost_1_18'...
            Sent 'csa_tree_SUB_TC_OP_22_group_570' to server 'localhost_1_18'.
          Received 'csa_tree_SUB_TC_OP_15_group_569' from server 'localhost_1_16'. (181 ms elapsed)
          Sending 'csa_tree_SUB_TC_OP_22_group_570_2' to server 'localhost_1_16'...
            Sent 'csa_tree_SUB_TC_OP_22_group_570_2' to server 'localhost_1_16'.
          Received 'csa_tree_SUB_TC_OP_22_group_570' from server 'localhost_1_18'. (222 ms elapsed)
          Sending 'csa_tree_SUB_TC_OP_15_group_569_2' to server 'localhost_1_18'...
            Sent 'csa_tree_SUB_TC_OP_15_group_569_2' to server 'localhost_1_18'.
          Received 'remainder_signed_30_813' from server 'localhost_1_15'. (623 ms elapsed)
          Sending 'csa_tree_SUB_TC_OP_15_group_569_3' to server 'localhost_1_15'...
            Sent 'csa_tree_SUB_TC_OP_15_group_569_3' to server 'localhost_1_15'.
          Received 'csa_tree_SUB_TC_OP_22_group_570_2' from server 'localhost_1_16'. (276 ms elapsed)
          Sending 'csa_tree_SUB_TC_OP_22_group_570_1' to server 'localhost_1_16'...
            Sent 'csa_tree_SUB_TC_OP_22_group_570_1' to server 'localhost_1_16'.
          Received 'csa_tree_SUB_TC_OP_15_group_569_2' from server 'localhost_1_18'. (235 ms elapsed)
          Sending 'csa_tree_SUB_TC_OP_22_group_570_3' to server 'localhost_1_18'...
            Sent 'csa_tree_SUB_TC_OP_22_group_570_3' to server 'localhost_1_18'.
          Received 'divide_signed_30_812' from server 'localhost_1_0'. (844 ms elapsed)
          Sending 'csa_tree_SUB_TC_OP_15_group_569_1' to server 'localhost_1_0'...
            Sent 'csa_tree_SUB_TC_OP_15_group_569_1' to server 'localhost_1_0'.
          Received 'csa_tree_SUB_TC_OP_22_group_570_1' from server 'localhost_1_16'. (214 ms elapsed)
          Sending 'csa_tree_SUB_TC_OP_group_567' to server 'localhost_1_16'...
            Sent 'csa_tree_SUB_TC_OP_group_567' to server 'localhost_1_16'.
          Received 'csa_tree_SUB_TC_OP_15_group_569_1' from server 'localhost_1_0'. (203 ms elapsed)
          Sending 'csa_tree_SUB_TC_OP_30_group_565' to server 'localhost_1_0'...
            Sent 'csa_tree_SUB_TC_OP_30_group_565' to server 'localhost_1_0'.
          Received 'csa_tree_SUB_TC_OP_22_group_570_3' from server 'localhost_1_18'. (254 ms elapsed)
          Sending 'csa_tree_SUB_TC_OP_25_group_563' to server 'localhost_1_18'...
            Sent 'csa_tree_SUB_TC_OP_25_group_563' to server 'localhost_1_18'.
          Received 'csa_tree_SUB_TC_OP_group_567' from server 'localhost_1_16'. (171 ms elapsed)
          Sending 'csa_tree_SUB_TC_OP_10_group_568' to server 'localhost_1_16'...
            Sent 'csa_tree_SUB_TC_OP_10_group_568' to server 'localhost_1_16'.
          Received 'csa_tree_SUB_TC_OP_30_group_565' from server 'localhost_1_0'. (177 ms elapsed)
          Sending 'csa_tree_SUB_TC_OP_30_group_565_2' to server 'localhost_1_0'...
            Sent 'csa_tree_SUB_TC_OP_30_group_565_2' to server 'localhost_1_0'.
          Received 'remainder_signed_773' from server 'localhost_1_21'. (1014 ms elapsed)
          Sending 'csa_tree_SUB_TC_OP_group_567_3' to server 'localhost_1_21'...
            Sent 'csa_tree_SUB_TC_OP_group_567_3' to server 'localhost_1_21'.
          Received 'csa_tree_SUB_TC_OP_10_group_568' from server 'localhost_1_16'. (169 ms elapsed)
          Sending 'csa_tree_SUB_TC_OP_group_567_2' to server 'localhost_1_16'...
            Sent 'csa_tree_SUB_TC_OP_group_567_2' to server 'localhost_1_16'.
          Received 'csa_tree_SUB_TC_OP_30_group_565_2' from server 'localhost_1_0'. (230 ms elapsed)
          Sending 'csa_tree_SUB_TC_OP_30_group_565_3' to server 'localhost_1_0'...
            Sent 'csa_tree_SUB_TC_OP_30_group_565_3' to server 'localhost_1_0'.
          Received 'divide_signed' from server 'localhost_1_17'. (1377 ms elapsed)
          Sending 'csa_tree_SUB_TC_OP_group_567_1' to server 'localhost_1_17'...
            Sent 'csa_tree_SUB_TC_OP_group_567_1' to server 'localhost_1_17'.
          Received 'csa_tree_SUB_TC_OP_group_567_3' from server 'localhost_1_21'. (265 ms elapsed)
          Sending 'csa_tree_SUB_TC_OP_30_group_565_1' to server 'localhost_1_21'...
            Sent 'csa_tree_SUB_TC_OP_30_group_565_1' to server 'localhost_1_21'.
          Received 'csa_tree_SUB_TC_OP_group_567_1' from server 'localhost_1_17'. (174 ms elapsed)
          Sending 'csa_tree_SUB_TC_OP_25_group_563_1' to server 'localhost_1_17'...
            Sent 'csa_tree_SUB_TC_OP_25_group_563_1' to server 'localhost_1_17'.
          Received 'csa_tree_SUB_TC_OP_25_group_563' from server 'localhost_1_18'. (595 ms elapsed)
          Sending 'csa_tree_SUB_TC_OP_25_group_563_2' to server 'localhost_1_18'...
            Sent 'csa_tree_SUB_TC_OP_25_group_563_2' to server 'localhost_1_18'.
          Received 'csa_tree_SUB_TC_OP_25_group_563_1' from server 'localhost_1_17'. (164 ms elapsed)
          Sending 'csa_tree_SUB_TC_OP_25_group_563_3' to server 'localhost_1_17'...
            Sent 'csa_tree_SUB_TC_OP_25_group_563_3' to server 'localhost_1_17'.
          Received 'csa_tree_SUB_TC_OP_group_567_2' from server 'localhost_1_16'. (570 ms elapsed)
          Sending 'csa_tree_SUB_TC_OP_10_group_568_2' to server 'localhost_1_16'...
            Sent 'csa_tree_SUB_TC_OP_10_group_568_2' to server 'localhost_1_16'.
          Received 'csa_tree_SUB_TC_OP_25_group_563_3' from server 'localhost_1_17'. (204 ms elapsed)
          Sending 'csa_tree_SUB_TC_OP_10_group_568_1' to server 'localhost_1_17'...
            Sent 'csa_tree_SUB_TC_OP_10_group_568_1' to server 'localhost_1_17'.
          Received 'csa_tree_SUB_TC_OP_30_group_565_3' from server 'localhost_1_0'. (596 ms elapsed)
          Sending 'csa_tree_SUB_TC_OP_10_group_568_3' to server 'localhost_1_0'...
            Sent 'csa_tree_SUB_TC_OP_10_group_568_3' to server 'localhost_1_0'.
          Received 'csa_tree_SUB_TC_OP_30_group_565_1' from server 'localhost_1_21'. (566 ms elapsed)
          Sending 'WALLACE_CSA_DUMMY_OP1_group_41879_2' to server 'localhost_1_21'...
            Sent 'WALLACE_CSA_DUMMY_OP1_group_41879_2' to server 'localhost_1_21'.
          Received 'csa_tree_SUB_TC_OP_10_group_568_3' from server 'localhost_1_0'. (177 ms elapsed)
          Sending 'WALLACE_CSA_DUMMY_OP1_group_41879' to server 'localhost_1_0'...
            Sent 'WALLACE_CSA_DUMMY_OP1_group_41879' to server 'localhost_1_0'.
          Received 'WALLACE_CSA_DUMMY_OP_group_41871' from server 'localhost_1_19'. (2185 ms elapsed)
          Sending 'WALLACE_CSA_DUMMY_OP1_group_41879_1' to server 'localhost_1_19'...
            Sent 'WALLACE_CSA_DUMMY_OP1_group_41879_1' to server 'localhost_1_19'.
          Received 'WALLACE_CSA_DUMMY_OP1_group_41879' from server 'localhost_1_0'. (166 ms elapsed)
          Sending 'csa_tree_SUB_TC_OP_15_group_35096' to server 'localhost_1_0'...
            Sent 'csa_tree_SUB_TC_OP_15_group_35096' to server 'localhost_1_0'.
          Received 'WALLACE_CSA_DUMMY_OP1_group_41879_1' from server 'localhost_1_19'. (573 ms elapsed)
          Sending 'csa_tree_SUB_TC_OP_22_group_35099' to server 'localhost_1_19'...
            Sent 'csa_tree_SUB_TC_OP_22_group_35099' to server 'localhost_1_19'.
          Received 'csa_tree_SUB_TC_OP_10_group_568_2' from server 'localhost_1_16'. (898 ms elapsed)
          Sending 'remainder_signed' to server 'localhost_1_16'...
            Sent 'remainder_signed' to server 'localhost_1_16'.
          Received 'csa_tree_SUB_TC_OP_25_group_563_2' from server 'localhost_1_18'. (1172 ms elapsed)
          Sending 'csa_tree_add_1163_133_group_42433' to server 'localhost_1_18'...
            Sent 'csa_tree_add_1163_133_group_42433' to server 'localhost_1_18'.
          Received 'csa_tree_SUB_TC_OP_15_group_569_3' from server 'localhost_1_15'. (2139 ms elapsed)
          Sending 'csa_tree_add_1163_133_group_42433_1' to server 'localhost_1_15'...
            Sent 'csa_tree_add_1163_133_group_42433_1' to server 'localhost_1_15'.
          Received 'remainder_signed_30' from server 'localhost_1_20'. (2577 ms elapsed)
          Sending 'csa_tree_add_1163_133_group_42433_2' to server 'localhost_1_20'...
            Sent 'csa_tree_add_1163_133_group_42433_2' to server 'localhost_1_20'.
          Received 'csa_tree_SUB_TC_OP_15_group_35096' from server 'localhost_1_0'. (139 ms elapsed)
          Sending 'csa_tree_SUB_TC_OP_group_35092' to server 'localhost_1_0'...
            Sent 'csa_tree_SUB_TC_OP_group_35092' to server 'localhost_1_0'.
          Received 'csa_tree_SUB_TC_OP_22_group_35099' from server 'localhost_1_19'. (191 ms elapsed)
          Sending 'csa_tree_SUB_TC_OP_25_group_35088' to server 'localhost_1_19'...
            Sent 'csa_tree_SUB_TC_OP_25_group_35088' to server 'localhost_1_19'.
          Received 'csa_tree_SUB_TC_OP_10_group_568_1' from server 'localhost_1_17'. (1059 ms elapsed)
          Sending 'csa_tree_SUB_TC_OP_30_group_35090' to server 'localhost_1_17'...
            Sent 'csa_tree_SUB_TC_OP_30_group_35090' to server 'localhost_1_17'.
          Received 'WALLACE_CSA_DUMMY_OP1_group_41879_2' from server 'localhost_1_21'. (989 ms elapsed)
          Sending 'csa_tree_SUB_TC_OP_10_group_35094' to server 'localhost_1_21'...
            Sent 'csa_tree_SUB_TC_OP_10_group_35094' to server 'localhost_1_21'.
          Received 'csa_tree_SUB_TC_OP_group_35092' from server 'localhost_1_0'. (247 ms elapsed)
          Sending 'csa_tree_SUB_TC_OP_22_group_30443' to server 'localhost_1_0'...
            Sent 'csa_tree_SUB_TC_OP_22_group_30443' to server 'localhost_1_0'.
          Received 'csa_tree_SUB_TC_OP_25_group_35088' from server 'localhost_1_19'. (195 ms elapsed)
          Sending 'csa_tree_SUB_TC_OP_15_group_30442' to server 'localhost_1_19'...
            Sent 'csa_tree_SUB_TC_OP_15_group_30442' to server 'localhost_1_19'.
          Received 'csa_tree_SUB_TC_OP_22_group_30443' from server 'localhost_1_0'. (211 ms elapsed)
          Sending 'csa_tree_SUB_TC_OP_group_30440' to server 'localhost_1_0'...
            Sent 'csa_tree_SUB_TC_OP_group_30440' to server 'localhost_1_0'.
          Received 'remainder_signed' from server 'localhost_1_16'. (557 ms elapsed)
          Sending 'csa_tree_SUB_TC_OP_30_group_30438' to server 'localhost_1_16'...
            Sent 'csa_tree_SUB_TC_OP_30_group_30438' to server 'localhost_1_16'.
          Received 'csa_tree_SUB_TC_OP_15_group_30442' from server 'localhost_1_19'. (238 ms elapsed)
          Sending 'csa_tree_SUB_TC_OP_25_group_30436' to server 'localhost_1_19'...
            Sent 'csa_tree_SUB_TC_OP_25_group_30436' to server 'localhost_1_19'.
          Received 'csa_tree_SUB_TC_OP_30_group_30438' from server 'localhost_1_16'. (162 ms elapsed)
          Sending 'csa_tree_SUB_TC_OP_10_group_30441' to server 'localhost_1_16'...
            Sent 'csa_tree_SUB_TC_OP_10_group_30441' to server 'localhost_1_16'.
          Received 'csa_tree_SUB_TC_OP_group_30440' from server 'localhost_1_0'. (247 ms elapsed)
          Sending 'WALLACE_CSA_DUMMY_OP3_group_42431_2' to server 'localhost_1_0'...
            Sent 'WALLACE_CSA_DUMMY_OP3_group_42431_2' to server 'localhost_1_0'.
          Received 'csa_tree_SUB_TC_OP_30_group_35090' from server 'localhost_1_17'. (579 ms elapsed)
          Sending 'WALLACE_CSA_DUMMY_OP3_group_42431_1' to server 'localhost_1_17'...
            Sent 'WALLACE_CSA_DUMMY_OP3_group_42431_1' to server 'localhost_1_17'.
          Received 'csa_tree_SUB_TC_OP_10_group_30441' from server 'localhost_1_16'. (159 ms elapsed)
          Sending 'WALLACE_CSA_DUMMY_OP3_group_42431' to server 'localhost_1_16'...
            Sent 'WALLACE_CSA_DUMMY_OP3_group_42431' to server 'localhost_1_16'.
          Received 'WALLACE_CSA_DUMMY_OP3_group_42431_2' from server 'localhost_1_0'. (155 ms elapsed)
          Sending 'csa_tree_1357' to server 'localhost_1_0'...
            Sent 'csa_tree_1357' to server 'localhost_1_0'.
          Received 'csa_tree_add_1163_133_group_42433' from server 'localhost_1_18'. (958 ms elapsed)
          Sending 'csa_tree_9560' to server 'localhost_1_18'...
            Sent 'csa_tree_9560' to server 'localhost_1_18'.
          Received 'WALLACE_CSA_DUMMY_OP3_group_42431_1' from server 'localhost_1_17'. (204 ms elapsed)
          Received 'csa_tree_1357' from server 'localhost_1_0'. (124 ms elapsed)
          Received 'csa_tree_9560' from server 'localhost_1_18'. (505 ms elapsed)
          Received 'csa_tree_SUB_TC_OP_25_group_30436' from server 'localhost_1_19'. (860 ms elapsed)
          Received 'csa_tree_add_1163_133_group_42433_2' from server 'localhost_1_20'. (1442 ms elapsed)
          Received 'csa_tree_SUB_TC_OP_10_group_35094' from server 'localhost_1_21'. (1364 ms elapsed)
          Received 'csa_tree_add_1163_133_group_42433_1' from server 'localhost_1_15'. (1735 ms elapsed)
          Received 'WALLACE_CSA_DUMMY_OP3_group_42431' from server 'localhost_1_16'. (937 ms elapsed)
        Distributing super-thread jobs: cb_part_1553 divide_signed_6_822 divide_signed_30_805 divide_signed_30_804 divide_signed_12_802 divide_signed_18_792 divide_signed_6_815 divide_signed_12_795 divide_signed_12_794 divide_signed_24_782 divide_signed_6_814 divide_signed_12_799 divide_signed_6_818 divide_signed_18_784 divide_signed_24_775 divide_signed_6_819 divide_signed_18_785 divide_signed_24_774 divide_signed_6 divide_signed_12 divide_signed_764 divide_signed_12_798 divide_signed_765 divide_signed_18 divide_signed_24 divide_signed_24_779 divide_signed_18_788 divide_signed_24_778 divide_signed_18_789 cb_part_1557 cb_part_1555 cb_part_1556 cb_part_1554 remainder_signed_12_803 remainder_signed_30_807 remainder_signed_6_823 remainder_signed_30_806 remainder_signed_6_816 remainder_signed_6_817 remainder_signed_12_796 remainder_signed_12_797 remainder_signed_18_793 remainder_signed_24_783 remainder_signed_12_801 remainder_signed_12_800 remainder_signed_24_776 remainder_signed_24_777 remainder_signed_6_820 remainder_signed_6_821 remainder_signed_18_787 remainder_signed_18_786 remainder_signed_12 remainder_signed_767 remainder_signed_766 remainder_signed_6 csa_tree_SUB_TC_OP_15_group_569_6 csa_tree_SUB_TC_OP_15_group_569_5 csa_tree_SUB_TC_OP_22_group_570_6 csa_tree_SUB_TC_OP_22_group_570_5 csa_tree_SUB_TC_OP_22_group_570_9 csa_tree_SUB_TC_OP_15_group_569_8 csa_tree_SUB_TC_OP_22_group_570_4 csa_tree_SUB_TC_OP_22_group_570_7 csa_tree_SUB_TC_OP_22_group_570_8 csa_tree_SUB_TC_OP_15_group_569_9 csa_tree_SUB_TC_OP_15_group_569_4 csa_tree_SUB_TC_OP_15_group_569_7 csa_tree_SUB_TC_OP_group_567_6 csa_tree_SUB_TC_OP_30_group_565_7 csa_tree_SUB_TC_OP_30_group_565_9 csa_tree_SUB_TC_OP_group_567_4 csa_tree_SUB_TC_OP_25_group_563_4 csa_tree_SUB_TC_OP_25_group_563_7 csa_tree_SUB_TC_OP_25_group_563_6 csa_tree_SUB_TC_OP_25_group_563_9 csa_tree_SUB_TC_OP_group_567_5 csa_tree_SUB_TC_OP_30_group_565_5 csa_tree_SUB_TC_OP_group_567_9 csa_tree_SUB_TC_OP_30_group_565_4 csa_tree_SUB_TC_OP_25_group_563_8 csa_tree_SUB_TC_OP_30_group_565_6 csa_tree_SUB_TC_OP_30_group_565_8 csa_tree_SUB_TC_OP_group_567_7 csa_tree_SUB_TC_OP_group_567_8 csa_tree_SUB_TC_OP_25_group_563_5 csa_tree_SUB_TC_OP_10_group_568_4 csa_tree_SUB_TC_OP_10_group_568_9 csa_tree_SUB_TC_OP_10_group_568_7 csa_tree_SUB_TC_OP_10_group_568_5 csa_tree_SUB_TC_OP_10_group_568_6 csa_tree_SUB_TC_OP_10_group_568_8 remainder_signed_24_781 remainder_signed_18_791 remainder_signed_18_790 remainder_signed_24_780 remainder_signed_18 remainder_signed_24
          Sending 'cb_part_1553' to server 'localhost_1_15'...
            Sent 'cb_part_1553' to server 'localhost_1_15'.
          Sending 'divide_signed_6_822' to server 'localhost_1_20'...
            Sent 'divide_signed_6_822' to server 'localhost_1_20'.
          Sending 'divide_signed_30_805' to server 'localhost_1_18'...
            Sent 'divide_signed_30_805' to server 'localhost_1_18'.
          Sending 'divide_signed_30_804' to server 'localhost_1_17'...
            Sent 'divide_signed_30_804' to server 'localhost_1_17'.
          Sending 'divide_signed_12_802' to server 'localhost_1_21'...
            Sent 'divide_signed_12_802' to server 'localhost_1_21'.
          Sending 'divide_signed_18_792' to server 'localhost_1_19'...
            Sent 'divide_signed_18_792' to server 'localhost_1_19'.
          Sending 'divide_signed_6_815' to server 'localhost_1_0'...
            Sent 'divide_signed_6_815' to server 'localhost_1_0'.
          Sending 'divide_signed_12_795' to server 'localhost_1_16'...
            Sent 'divide_signed_12_795' to server 'localhost_1_16'.
          Received 'cb_part_1553' from server 'localhost_1_15'. (304 ms elapsed)
          Sending 'divide_signed_12_794' to server 'localhost_1_15'...
            Sent 'divide_signed_12_794' to server 'localhost_1_15'.
          Received 'divide_signed_18_792' from server 'localhost_1_19'. (827 ms elapsed)
          Sending 'divide_signed_24_782' to server 'localhost_1_19'...
            Sent 'divide_signed_24_782' to server 'localhost_1_19'.
          Received 'divide_signed_30_805' from server 'localhost_1_18'. (960 ms elapsed)
          Sending 'divide_signed_6_814' to server 'localhost_1_18'...
            Sent 'divide_signed_6_814' to server 'localhost_1_18'.
          Received 'divide_signed_6_822' from server 'localhost_1_20'. (1024 ms elapsed)
          Sending 'divide_signed_12_799' to server 'localhost_1_20'...
            Sent 'divide_signed_12_799' to server 'localhost_1_20'.
          Received 'divide_signed_6_815' from server 'localhost_1_0'. (1050 ms elapsed)
          Sending 'divide_signed_6_818' to server 'localhost_1_0'...
            Sent 'divide_signed_6_818' to server 'localhost_1_0'.
          Received 'divide_signed_12_794' from server 'localhost_1_15'. (874 ms elapsed)
          Sending 'divide_signed_18_784' to server 'localhost_1_15'...
            Sent 'divide_signed_18_784' to server 'localhost_1_15'.
          Received 'divide_signed_12_802' from server 'localhost_1_21'. (1304 ms elapsed)
          Sending 'divide_signed_24_775' to server 'localhost_1_21'...
            Sent 'divide_signed_24_775' to server 'localhost_1_21'.
          Received 'divide_signed_18_784' from server 'localhost_1_15'. (284 ms elapsed)
          Sending 'divide_signed_6_819' to server 'localhost_1_15'...
            Sent 'divide_signed_6_819' to server 'localhost_1_15'.
          Received 'divide_signed_30_804' from server 'localhost_1_17'. (1563 ms elapsed)
          Sending 'divide_signed_18_785' to server 'localhost_1_17'...
            Sent 'divide_signed_18_785' to server 'localhost_1_17'.
          Received 'divide_signed_12_799' from server 'localhost_1_20'. (667 ms elapsed)
          Sending 'divide_signed_24_774' to server 'localhost_1_20'...
            Sent 'divide_signed_24_774' to server 'localhost_1_20'.
          Received 'divide_signed_6_819' from server 'localhost_1_15'. (321 ms elapsed)
          Sending 'divide_signed_6' to server 'localhost_1_15'...
            Sent 'divide_signed_6' to server 'localhost_1_15'.
          Received 'divide_signed_18_785' from server 'localhost_1_17'. (263 ms elapsed)
          Sending 'divide_signed_12' to server 'localhost_1_17'...
            Sent 'divide_signed_12' to server 'localhost_1_17'.
          Received 'divide_signed_24_775' from server 'localhost_1_21'. (685 ms elapsed)
          Sending 'divide_signed_764' to server 'localhost_1_21'...
            Sent 'divide_signed_764' to server 'localhost_1_21'.
          Received 'divide_signed_6_818' from server 'localhost_1_0'. (1092 ms elapsed)
          Sending 'divide_signed_12_798' to server 'localhost_1_0'...
            Sent 'divide_signed_12_798' to server 'localhost_1_0'.
          Received 'divide_signed_764' from server 'localhost_1_21'. (996 ms elapsed)
          Sending 'divide_signed_765' to server 'localhost_1_21'...
            Sent 'divide_signed_765' to server 'localhost_1_21'.
          Received 'divide_signed_12' from server 'localhost_1_17'. (1126 ms elapsed)
          Sending 'divide_signed_18' to server 'localhost_1_17'...
            Sent 'divide_signed_18' to server 'localhost_1_17'.
          Received 'divide_signed_24_774' from server 'localhost_1_20'. (1329 ms elapsed)
          Sending 'divide_signed_24' to server 'localhost_1_20'...
            Sent 'divide_signed_24' to server 'localhost_1_20'.
          Received 'divide_signed_24_782' from server 'localhost_1_19'. (2185 ms elapsed)
          Sending 'divide_signed_24_779' to server 'localhost_1_19'...
            Sent 'divide_signed_24_779' to server 'localhost_1_19'.
          Received 'divide_signed_12_795' from server 'localhost_1_16'. (2998 ms elapsed)
          Sending 'divide_signed_18_788' to server 'localhost_1_16'...
            Sent 'divide_signed_18_788' to server 'localhost_1_16'.
          Received 'divide_signed_6_814' from server 'localhost_1_18'. (2190 ms elapsed)
          Sending 'divide_signed_24_778' to server 'localhost_1_18'...
            Sent 'divide_signed_24_778' to server 'localhost_1_18'.
          Received 'divide_signed_12_798' from server 'localhost_1_0'. (283 ms elapsed)
          Sending 'divide_signed_18_789' to server 'localhost_1_0'...
            Sent 'divide_signed_18_789' to server 'localhost_1_0'.
          Received 'divide_signed_18_788' from server 'localhost_1_16'. (182 ms elapsed)
          Sending 'cb_part_1557' to server 'localhost_1_16'...
            Sent 'cb_part_1557' to server 'localhost_1_16'.
          Received 'divide_signed_24_778' from server 'localhost_1_18'. (223 ms elapsed)
          Sending 'cb_part_1555' to server 'localhost_1_18'...
            Sent 'cb_part_1555' to server 'localhost_1_18'.
          Received 'divide_signed_18_789' from server 'localhost_1_0'. (244 ms elapsed)
          Sending 'cb_part_1556' to server 'localhost_1_0'...
            Sent 'cb_part_1556' to server 'localhost_1_0'.
          Received 'cb_part_1557' from server 'localhost_1_16'. (1045 ms elapsed)
          Sending 'cb_part_1554' to server 'localhost_1_16'...
            Sent 'cb_part_1554' to server 'localhost_1_16'.
          Received 'divide_signed_24_779' from server 'localhost_1_19'. (1298 ms elapsed)
          Sending 'remainder_signed_12_803' to server 'localhost_1_19'...
            Sent 'remainder_signed_12_803' to server 'localhost_1_19'.
          Received 'divide_signed_24' from server 'localhost_1_20'. (1322 ms elapsed)
          Sending 'remainder_signed_30_807' to server 'localhost_1_20'...
            Sent 'remainder_signed_30_807' to server 'localhost_1_20'.
          Received 'divide_signed_18' from server 'localhost_1_17'. (1348 ms elapsed)
          Sending 'remainder_signed_6_823' to server 'localhost_1_17'...
            Sent 'remainder_signed_6_823' to server 'localhost_1_17'.
          Received 'divide_signed_765' from server 'localhost_1_21'. (1373 ms elapsed)
          Sending 'remainder_signed_30_806' to server 'localhost_1_21'...
            Sent 'remainder_signed_30_806' to server 'localhost_1_21'.
          Received 'divide_signed_6' from server 'localhost_1_15'. (2601 ms elapsed)
          Sending 'remainder_signed_6_816' to server 'localhost_1_15'...
            Sent 'remainder_signed_6_816' to server 'localhost_1_15'.
          Received 'cb_part_1555' from server 'localhost_1_18'. (1093 ms elapsed)
          Sending 'remainder_signed_6_817' to server 'localhost_1_18'...
            Sent 'remainder_signed_6_817' to server 'localhost_1_18'.
          Received 'remainder_signed_30_807' from server 'localhost_1_20'. (248 ms elapsed)
          Sending 'remainder_signed_12_796' to server 'localhost_1_20'...
            Sent 'remainder_signed_12_796' to server 'localhost_1_20'.
          Received 'remainder_signed_6_823' from server 'localhost_1_17'. (267 ms elapsed)
          Sending 'remainder_signed_12_797' to server 'localhost_1_17'...
            Sent 'remainder_signed_12_797' to server 'localhost_1_17'.
          Received 'remainder_signed_30_806' from server 'localhost_1_21'. (268 ms elapsed)
          Sending 'remainder_signed_18_793' to server 'localhost_1_21'...
            Sent 'remainder_signed_18_793' to server 'localhost_1_21'.
          Received 'remainder_signed_18_793' from server 'localhost_1_21'. (237 ms elapsed)
          Sending 'remainder_signed_24_783' to server 'localhost_1_21'...
            Sent 'remainder_signed_24_783' to server 'localhost_1_21'.
          Received 'remainder_signed_12_796' from server 'localhost_1_20'. (309 ms elapsed)
          Sending 'remainder_signed_12_801' to server 'localhost_1_20'...
            Sent 'remainder_signed_12_801' to server 'localhost_1_20'.
          Received 'remainder_signed_12_797' from server 'localhost_1_17'. (322 ms elapsed)
          Sending 'remainder_signed_12_800' to server 'localhost_1_17'...
            Sent 'remainder_signed_12_800' to server 'localhost_1_17'.
          Received 'cb_part_1554' from server 'localhost_1_16'. (665 ms elapsed)
          Sending 'remainder_signed_24_776' to server 'localhost_1_16'...
            Sent 'remainder_signed_24_776' to server 'localhost_1_16'.
          Received 'remainder_signed_24_783' from server 'localhost_1_21'. (223 ms elapsed)
          Sending 'remainder_signed_24_777' to server 'localhost_1_21'...
            Sent 'remainder_signed_24_777' to server 'localhost_1_21'.
          Received 'cb_part_1556' from server 'localhost_1_0'. (802 ms elapsed)
          Sending 'remainder_signed_6_820' to server 'localhost_1_0'...
            Sent 'remainder_signed_6_820' to server 'localhost_1_0'.
          Received 'remainder_signed_6_817' from server 'localhost_1_18'. (579 ms elapsed)
          Sending 'remainder_signed_6_821' to server 'localhost_1_18'...
            Sent 'remainder_signed_6_821' to server 'localhost_1_18'.
          Received 'remainder_signed_24_777' from server 'localhost_1_21'. (206 ms elapsed)
          Sending 'remainder_signed_18_787' to server 'localhost_1_21'...
            Sent 'remainder_signed_18_787' to server 'localhost_1_21'.
          Received 'remainder_signed_6_820' from server 'localhost_1_0'. (183 ms elapsed)
          Sending 'remainder_signed_18_786' to server 'localhost_1_0'...
            Sent 'remainder_signed_18_786' to server 'localhost_1_0'.
          Received 'remainder_signed_12_803' from server 'localhost_1_19'. (1060 ms elapsed)
          Sending 'remainder_signed_12' to server 'localhost_1_19'...
            Sent 'remainder_signed_12' to server 'localhost_1_19'.
          Received 'remainder_signed_18_786' from server 'localhost_1_0'. (247 ms elapsed)
          Sending 'remainder_signed_767' to server 'localhost_1_0'...
            Sent 'remainder_signed_767' to server 'localhost_1_0'.
          Received 'remainder_signed_12_800' from server 'localhost_1_17'. (654 ms elapsed)
          Sending 'remainder_signed_766' to server 'localhost_1_17'...
            Sent 'remainder_signed_766' to server 'localhost_1_17'.
          Received 'remainder_signed_6_816' from server 'localhost_1_15'. (1072 ms elapsed)
          Sending 'remainder_signed_6' to server 'localhost_1_15'...
            Sent 'remainder_signed_6' to server 'localhost_1_15'.
          Received 'remainder_signed_24_776' from server 'localhost_1_16'. (697 ms elapsed)
          Sending 'csa_tree_SUB_TC_OP_15_group_569_6' to server 'localhost_1_16'...
            Sent 'csa_tree_SUB_TC_OP_15_group_569_6' to server 'localhost_1_16'.
          Received 'remainder_signed_767' from server 'localhost_1_0'. (197 ms elapsed)
          Sending 'csa_tree_SUB_TC_OP_15_group_569_5' to server 'localhost_1_0'...
            Sent 'csa_tree_SUB_TC_OP_15_group_569_5' to server 'localhost_1_0'.
          Received 'csa_tree_SUB_TC_OP_15_group_569_6' from server 'localhost_1_16'. (895 ms elapsed)
          Sending 'csa_tree_SUB_TC_OP_22_group_570_6' to server 'localhost_1_16'...
            Sent 'csa_tree_SUB_TC_OP_22_group_570_6' to server 'localhost_1_16'.
          Received 'remainder_signed_6' from server 'localhost_1_15'. (918 ms elapsed)
          Sending 'csa_tree_SUB_TC_OP_22_group_570_5' to server 'localhost_1_15'...
            Sent 'csa_tree_SUB_TC_OP_22_group_570_5' to server 'localhost_1_15'.
          Received 'remainder_signed_766' from server 'localhost_1_17'. (1002 ms elapsed)
          Sending 'csa_tree_SUB_TC_OP_22_group_570_9' to server 'localhost_1_17'...
            Sent 'csa_tree_SUB_TC_OP_22_group_570_9' to server 'localhost_1_17'.
          Received 'remainder_signed_12' from server 'localhost_1_19'. (1172 ms elapsed)
          Sending 'csa_tree_SUB_TC_OP_15_group_569_8' to server 'localhost_1_19'...
            Sent 'csa_tree_SUB_TC_OP_15_group_569_8' to server 'localhost_1_19'.
          Received 'remainder_signed_18_787' from server 'localhost_1_21'. (1323 ms elapsed)
          Sending 'csa_tree_SUB_TC_OP_22_group_570_4' to server 'localhost_1_21'...
            Sent 'csa_tree_SUB_TC_OP_22_group_570_4' to server 'localhost_1_21'.
          Received 'remainder_signed_6_821' from server 'localhost_1_18'. (1490 ms elapsed)
          Sending 'csa_tree_SUB_TC_OP_22_group_570_7' to server 'localhost_1_18'...
            Sent 'csa_tree_SUB_TC_OP_22_group_570_7' to server 'localhost_1_18'.
          Received 'remainder_signed_12_801' from server 'localhost_1_20'. (1748 ms elapsed)
          Sending 'csa_tree_SUB_TC_OP_22_group_570_8' to server 'localhost_1_20'...
            Sent 'csa_tree_SUB_TC_OP_22_group_570_8' to server 'localhost_1_20'.
          Received 'csa_tree_SUB_TC_OP_22_group_570_5' from server 'localhost_1_15'. (196 ms elapsed)
          Sending 'csa_tree_SUB_TC_OP_15_group_569_9' to server 'localhost_1_15'...
            Sent 'csa_tree_SUB_TC_OP_15_group_569_9' to server 'localhost_1_15'.
          Received 'csa_tree_SUB_TC_OP_15_group_569_5' from server 'localhost_1_0'. (232 ms elapsed)
          Sending 'csa_tree_SUB_TC_OP_15_group_569_4' to server 'localhost_1_0'...
            Sent 'csa_tree_SUB_TC_OP_15_group_569_4' to server 'localhost_1_0'.
          Received 'csa_tree_SUB_TC_OP_22_group_570_6' from server 'localhost_1_16'. (244 ms elapsed)
          Sending 'csa_tree_SUB_TC_OP_15_group_569_7' to server 'localhost_1_16'...
            Sent 'csa_tree_SUB_TC_OP_15_group_569_7' to server 'localhost_1_16'.
          Received 'csa_tree_SUB_TC_OP_22_group_570_7' from server 'localhost_1_18'. (224 ms elapsed)
          Sending 'csa_tree_SUB_TC_OP_group_567_6' to server 'localhost_1_18'...
            Sent 'csa_tree_SUB_TC_OP_group_567_6' to server 'localhost_1_18'.
          Received 'csa_tree_SUB_TC_OP_15_group_569_4' from server 'localhost_1_0'. (137 ms elapsed)
          Sending 'csa_tree_SUB_TC_OP_30_group_565_7' to server 'localhost_1_0'...
            Sent 'csa_tree_SUB_TC_OP_30_group_565_7' to server 'localhost_1_0'.
          Received 'csa_tree_SUB_TC_OP_15_group_569_9' from server 'localhost_1_15'. (242 ms elapsed)
          Sending 'csa_tree_SUB_TC_OP_30_group_565_9' to server 'localhost_1_15'...
            Sent 'csa_tree_SUB_TC_OP_30_group_565_9' to server 'localhost_1_15'.
          Received 'csa_tree_SUB_TC_OP_30_group_565_7' from server 'localhost_1_0'. (223 ms elapsed)
          Sending 'csa_tree_SUB_TC_OP_group_567_4' to server 'localhost_1_0'...
            Sent 'csa_tree_SUB_TC_OP_group_567_4' to server 'localhost_1_0'.
          Received 'csa_tree_SUB_TC_OP_30_group_565_9' from server 'localhost_1_15'. (558 ms elapsed)
          Sending 'csa_tree_SUB_TC_OP_25_group_563_4' to server 'localhost_1_15'...
            Sent 'csa_tree_SUB_TC_OP_25_group_563_4' to server 'localhost_1_15'.
          Received 'csa_tree_SUB_TC_OP_group_567_6' from server 'localhost_1_18'. (736 ms elapsed)
          Sending 'csa_tree_SUB_TC_OP_25_group_563_7' to server 'localhost_1_18'...
            Sent 'csa_tree_SUB_TC_OP_25_group_563_7' to server 'localhost_1_18'.
          Received 'csa_tree_SUB_TC_OP_15_group_569_7' from server 'localhost_1_16'. (759 ms elapsed)
          Sending 'csa_tree_SUB_TC_OP_25_group_563_6' to server 'localhost_1_16'...
            Sent 'csa_tree_SUB_TC_OP_25_group_563_6' to server 'localhost_1_16'.
          Received 'csa_tree_SUB_TC_OP_22_group_570_4' from server 'localhost_1_21'. (994 ms elapsed)
          Sending 'csa_tree_SUB_TC_OP_25_group_563_9' to server 'localhost_1_21'...
            Sent 'csa_tree_SUB_TC_OP_25_group_563_9' to server 'localhost_1_21'.
          Received 'csa_tree_SUB_TC_OP_15_group_569_8' from server 'localhost_1_19'. (1018 ms elapsed)
          Sending 'csa_tree_SUB_TC_OP_group_567_5' to server 'localhost_1_19'...
            Sent 'csa_tree_SUB_TC_OP_group_567_5' to server 'localhost_1_19'.
          Received 'csa_tree_SUB_TC_OP_22_group_570_9' from server 'localhost_1_17'. (1041 ms elapsed)
          Sending 'csa_tree_SUB_TC_OP_30_group_565_5' to server 'localhost_1_17'...
            Sent 'csa_tree_SUB_TC_OP_30_group_565_5' to server 'localhost_1_17'.
          Received 'csa_tree_SUB_TC_OP_25_group_563_4' from server 'localhost_1_15'. (143 ms elapsed)
          Sending 'csa_tree_SUB_TC_OP_group_567_9' to server 'localhost_1_15'...
            Sent 'csa_tree_SUB_TC_OP_group_567_9' to server 'localhost_1_15'.
          Received 'csa_tree_SUB_TC_OP_25_group_563_7' from server 'localhost_1_18'. (211 ms elapsed)
          Sending 'csa_tree_SUB_TC_OP_30_group_565_4' to server 'localhost_1_18'...
            Sent 'csa_tree_SUB_TC_OP_30_group_565_4' to server 'localhost_1_18'.
          Received 'csa_tree_SUB_TC_OP_group_567_4' from server 'localhost_1_0'. (249 ms elapsed)
          Sending 'csa_tree_SUB_TC_OP_25_group_563_8' to server 'localhost_1_0'...
            Sent 'csa_tree_SUB_TC_OP_25_group_563_8' to server 'localhost_1_0'.
          Received 'csa_tree_SUB_TC_OP_group_567_9' from server 'localhost_1_15'. (906 ms elapsed)
          Sending 'csa_tree_SUB_TC_OP_30_group_565_6' to server 'localhost_1_15'...
            Sent 'csa_tree_SUB_TC_OP_30_group_565_6' to server 'localhost_1_15'.
          Received 'csa_tree_SUB_TC_OP_30_group_565_5' from server 'localhost_1_17'. (948 ms elapsed)
          Sending 'csa_tree_SUB_TC_OP_30_group_565_8' to server 'localhost_1_17'...
            Sent 'csa_tree_SUB_TC_OP_30_group_565_8' to server 'localhost_1_17'.
          Received 'csa_tree_SUB_TC_OP_group_567_5' from server 'localhost_1_19'. (1026 ms elapsed)
          Sending 'csa_tree_SUB_TC_OP_group_567_7' to server 'localhost_1_19'...
            Sent 'csa_tree_SUB_TC_OP_group_567_7' to server 'localhost_1_19'.
          Received 'csa_tree_SUB_TC_OP_25_group_563_9' from server 'localhost_1_21'. (1050 ms elapsed)
          Sending 'csa_tree_SUB_TC_OP_group_567_8' to server 'localhost_1_21'...
            Sent 'csa_tree_SUB_TC_OP_group_567_8' to server 'localhost_1_21'.
          Received 'csa_tree_SUB_TC_OP_25_group_563_6' from server 'localhost_1_16'. (1072 ms elapsed)
          Sending 'csa_tree_SUB_TC_OP_25_group_563_5' to server 'localhost_1_16'...
            Sent 'csa_tree_SUB_TC_OP_25_group_563_5' to server 'localhost_1_16'.
          Received 'csa_tree_SUB_TC_OP_22_group_570_8' from server 'localhost_1_20'. (1919 ms elapsed)
          Sending 'csa_tree_SUB_TC_OP_10_group_568_4' to server 'localhost_1_20'...
            Sent 'csa_tree_SUB_TC_OP_10_group_568_4' to server 'localhost_1_20'.
          Received 'csa_tree_SUB_TC_OP_30_group_565_6' from server 'localhost_1_15'. (258 ms elapsed)
          Sending 'csa_tree_SUB_TC_OP_10_group_568_9' to server 'localhost_1_15'...
            Sent 'csa_tree_SUB_TC_OP_10_group_568_9' to server 'localhost_1_15'.
          Received 'csa_tree_SUB_TC_OP_25_group_563_8' from server 'localhost_1_0'. (282 ms elapsed)
          Sending 'csa_tree_SUB_TC_OP_10_group_568_7' to server 'localhost_1_0'...
            Sent 'csa_tree_SUB_TC_OP_10_group_568_7' to server 'localhost_1_0'.
          Received 'csa_tree_SUB_TC_OP_30_group_565_4' from server 'localhost_1_18'. (1106 ms elapsed)
          Sending 'csa_tree_SUB_TC_OP_10_group_568_5' to server 'localhost_1_18'...
            Sent 'csa_tree_SUB_TC_OP_10_group_568_5' to server 'localhost_1_18'.
          Received 'csa_tree_SUB_TC_OP_10_group_568_7' from server 'localhost_1_0'. (141 ms elapsed)
          Sending 'csa_tree_SUB_TC_OP_10_group_568_6' to server 'localhost_1_0'...
            Sent 'csa_tree_SUB_TC_OP_10_group_568_6' to server 'localhost_1_0'.
          Received 'csa_tree_SUB_TC_OP_10_group_568_4' from server 'localhost_1_20'. (176 ms elapsed)
          Sending 'csa_tree_SUB_TC_OP_10_group_568_8' to server 'localhost_1_20'...
            Sent 'csa_tree_SUB_TC_OP_10_group_568_8' to server 'localhost_1_20'.
          Received 'csa_tree_SUB_TC_OP_10_group_568_9' from server 'localhost_1_15'. (206 ms elapsed)
          Sending 'remainder_signed_24_781' to server 'localhost_1_15'...
            Sent 'remainder_signed_24_781' to server 'localhost_1_15'.
          Received 'csa_tree_SUB_TC_OP_group_567_8' from server 'localhost_1_21'. (594 ms elapsed)
          Sending 'remainder_signed_18_791' to server 'localhost_1_21'...
            Sent 'remainder_signed_18_791' to server 'localhost_1_21'.
          Received 'csa_tree_SUB_TC_OP_group_567_7' from server 'localhost_1_19'. (625 ms elapsed)
          Sending 'remainder_signed_18_790' to server 'localhost_1_19'...
            Sent 'remainder_signed_18_790' to server 'localhost_1_19'.
          Received 'csa_tree_SUB_TC_OP_10_group_568_6' from server 'localhost_1_0'. (313 ms elapsed)
          Sending 'remainder_signed_24_780' to server 'localhost_1_0'...
            Sent 'remainder_signed_24_780' to server 'localhost_1_0'.
          Received 'csa_tree_SUB_TC_OP_10_group_568_8' from server 'localhost_1_20'. (320 ms elapsed)
          Sending 'remainder_signed_18' to server 'localhost_1_20'...
            Sent 'remainder_signed_18' to server 'localhost_1_20'.
          Received 'remainder_signed_24_780' from server 'localhost_1_0'. (199 ms elapsed)
          Sending 'remainder_signed_24' to server 'localhost_1_0'...
            Sent 'remainder_signed_24' to server 'localhost_1_0'.
          Received 'remainder_signed_18' from server 'localhost_1_20'. (195 ms elapsed)
          Received 'csa_tree_SUB_TC_OP_10_group_568_5' from server 'localhost_1_18'. (621 ms elapsed)
          Received 'remainder_signed_24_781' from server 'localhost_1_15'. (572 ms elapsed)
          Received 'csa_tree_SUB_TC_OP_30_group_565_8' from server 'localhost_1_17'. (1025 ms elapsed)
          Received 'remainder_signed_24' from server 'localhost_1_0'. (171 ms elapsed)
          Received 'remainder_signed_18_791' from server 'localhost_1_21'. (586 ms elapsed)
          Received 'remainder_signed_18_790' from server 'localhost_1_19'. (586 ms elapsed)
          Received 'csa_tree_SUB_TC_OP_25_group_563_5' from server 'localhost_1_16'. (1326 ms elapsed)
        Distributing super-thread jobs: divide_signed_30_808 divide_signed_30_809 divide_signed_769 divide_signed_768 mux_ctl_0x_1506 mux_ctl_0x_1507 mux_ctl_0x_1508 mux_ctl_0x_1509 remainder_signed_30_810 remainder_signed_30_811 remainder_signed_771 remainder_signed_770 WALLACE_CSA_DUMMY_OP162_group_37 WALLACE_CSA_DUMMY_OP158_group_41 WALLACE_CSA_DUMMY_OP150_group_49 WALLACE_CSA_DUMMY_OP154_group_45 WALLACE_CSA_DUMMY_OP164_group_35 csa_tree_add_1446_108_group_40696 csa_tree_add_1448_108_group_40702 WALLACE_CSA_DUMMY_OP156_group_43 WALLACE_CSA_DUMMY_OP160_group_39 WALLACE_CSA_DUMMY_OP152_group_47 csa_tree_add_1449_108_group_40705 csa_tree_add_1447_108_group_40699
          Sending 'divide_signed_30_808' to server 'localhost_1_15'...
            Sent 'divide_signed_30_808' to server 'localhost_1_15'.
          Sending 'divide_signed_30_809' to server 'localhost_1_20'...
            Sent 'divide_signed_30_809' to server 'localhost_1_20'.
          Sending 'divide_signed_769' to server 'localhost_1_18'...
            Sent 'divide_signed_769' to server 'localhost_1_18'.
          Sending 'divide_signed_768' to server 'localhost_1_17'...
            Sent 'divide_signed_768' to server 'localhost_1_17'.
          Sending 'mux_ctl_0x_1506' to server 'localhost_1_21'...
            Sent 'mux_ctl_0x_1506' to server 'localhost_1_21'.
          Sending 'mux_ctl_0x_1507' to server 'localhost_1_19'...
            Sent 'mux_ctl_0x_1507' to server 'localhost_1_19'.
          Sending 'mux_ctl_0x_1508' to server 'localhost_1_0'...
            Sent 'mux_ctl_0x_1508' to server 'localhost_1_0'.
          Sending 'mux_ctl_0x_1509' to server 'localhost_1_16'...
            Sent 'mux_ctl_0x_1509' to server 'localhost_1_16'.
          Received 'divide_signed_769' from server 'localhost_1_18'. (329 ms elapsed)
          Sending 'remainder_signed_30_810' to server 'localhost_1_18'...
            Sent 'remainder_signed_30_810' to server 'localhost_1_18'.
          Received 'divide_signed_768' from server 'localhost_1_17'. (329 ms elapsed)
          Sending 'remainder_signed_30_811' to server 'localhost_1_17'...
            Sent 'remainder_signed_30_811' to server 'localhost_1_17'.
          Received 'mux_ctl_0x_1508' from server 'localhost_1_0'. (342 ms elapsed)
          Sending 'remainder_signed_771' to server 'localhost_1_0'...
            Sent 'remainder_signed_771' to server 'localhost_1_0'.
          Received 'remainder_signed_30_811' from server 'localhost_1_17'. (865 ms elapsed)
          Sending 'remainder_signed_770' to server 'localhost_1_17'...
            Sent 'remainder_signed_770' to server 'localhost_1_17'.
          Received 'remainder_signed_30_810' from server 'localhost_1_18'. (887 ms elapsed)
          Sending 'WALLACE_CSA_DUMMY_OP162_group_37' to server 'localhost_1_18'...
            Sent 'WALLACE_CSA_DUMMY_OP162_group_37' to server 'localhost_1_18'.
          Received 'mux_ctl_0x_1509' from server 'localhost_1_16'. (1161 ms elapsed)
          Sending 'WALLACE_CSA_DUMMY_OP158_group_41' to server 'localhost_1_16'...
            Sent 'WALLACE_CSA_DUMMY_OP158_group_41' to server 'localhost_1_16'.
          Received 'mux_ctl_0x_1507' from server 'localhost_1_19'. (1198 ms elapsed)
          Sending 'WALLACE_CSA_DUMMY_OP150_group_49' to server 'localhost_1_19'...
            Sent 'WALLACE_CSA_DUMMY_OP150_group_49' to server 'localhost_1_19'.
          Received 'mux_ctl_0x_1506' from server 'localhost_1_21'. (1222 ms elapsed)
          Sending 'WALLACE_CSA_DUMMY_OP154_group_45' to server 'localhost_1_21'...
            Sent 'WALLACE_CSA_DUMMY_OP154_group_45' to server 'localhost_1_21'.
          Received 'divide_signed_30_808' from server 'localhost_1_15'. (1283 ms elapsed)
          Sending 'WALLACE_CSA_DUMMY_OP164_group_35' to server 'localhost_1_15'...
            Sent 'WALLACE_CSA_DUMMY_OP164_group_35' to server 'localhost_1_15'.
          Received 'divide_signed_30_809' from server 'localhost_1_20'. (1278 ms elapsed)
          Sending 'csa_tree_add_1446_108_group_40696' to server 'localhost_1_20'...
            Sent 'csa_tree_add_1446_108_group_40696' to server 'localhost_1_20'.
          Received 'remainder_signed_771' from server 'localhost_1_0'. (169 ms elapsed)
          Sending 'csa_tree_add_1448_108_group_40702' to server 'localhost_1_0'...
            Sent 'csa_tree_add_1448_108_group_40702' to server 'localhost_1_0'.
          Received 'WALLACE_CSA_DUMMY_OP158_group_41' from server 'localhost_1_16'. (150 ms elapsed)
          Sending 'WALLACE_CSA_DUMMY_OP156_group_43' to server 'localhost_1_16'...
            Sent 'WALLACE_CSA_DUMMY_OP156_group_43' to server 'localhost_1_16'.
          Received 'remainder_signed_770' from server 'localhost_1_17'. (179 ms elapsed)
          Sending 'WALLACE_CSA_DUMMY_OP160_group_39' to server 'localhost_1_17'...
            Sent 'WALLACE_CSA_DUMMY_OP160_group_39' to server 'localhost_1_17'.
          Received 'WALLACE_CSA_DUMMY_OP162_group_37' from server 'localhost_1_18'. (190 ms elapsed)
          Sending 'WALLACE_CSA_DUMMY_OP152_group_47' to server 'localhost_1_18'...
            Sent 'WALLACE_CSA_DUMMY_OP152_group_47' to server 'localhost_1_18'.
          Received 'csa_tree_add_1448_108_group_40702' from server 'localhost_1_0'. (149 ms elapsed)
          Sending 'csa_tree_add_1449_108_group_40705' to server 'localhost_1_0'...
            Sent 'csa_tree_add_1449_108_group_40705' to server 'localhost_1_0'.
          Received 'WALLACE_CSA_DUMMY_OP160_group_39' from server 'localhost_1_17'. (173 ms elapsed)
          Sending 'csa_tree_add_1447_108_group_40699' to server 'localhost_1_17'...
            Sent 'csa_tree_add_1447_108_group_40699' to server 'localhost_1_17'.
          Received 'WALLACE_CSA_DUMMY_OP156_group_43' from server 'localhost_1_16'. (212 ms elapsed)
          Received 'csa_tree_add_1449_108_group_40705' from server 'localhost_1_0'. (183 ms elapsed)
          Received 'csa_tree_add_1447_108_group_40699' from server 'localhost_1_17'. (189 ms elapsed)
          Received 'WALLACE_CSA_DUMMY_OP164_group_35' from server 'localhost_1_15'. (512 ms elapsed)
          Received 'csa_tree_add_1446_108_group_40696' from server 'localhost_1_20'. (536 ms elapsed)
          Received 'WALLACE_CSA_DUMMY_OP152_group_47' from server 'localhost_1_18'. (542 ms elapsed)
          Received 'WALLACE_CSA_DUMMY_OP150_group_49' from server 'localhost_1_19'. (908 ms elapsed)
          Received 'WALLACE_CSA_DUMMY_OP154_group_45' from server 'localhost_1_21'. (929 ms elapsed)
        Distributing super-thread jobs: cb_seq mux_ctl_0x_1510 mux_ctl_0x
          Sending 'cb_seq' to server 'localhost_1_15'...
            Sent 'cb_seq' to server 'localhost_1_15'.
          Sending 'mux_ctl_0x_1510' to server 'localhost_1_20'...
            Sent 'mux_ctl_0x_1510' to server 'localhost_1_20'.
          Sending 'mux_ctl_0x' to server 'localhost_1_18'...
            Sent 'mux_ctl_0x' to server 'localhost_1_18'.
          Received 'mux_ctl_0x' from server 'localhost_1_18'. (178 ms elapsed)
          Received 'mux_ctl_0x_1510' from server 'localhost_1_20'. (392 ms elapsed)
          Received 'cb_seq' from server 'localhost_1_15'. (727 ms elapsed)
        Distributing super-thread jobs: cb_seq_1530
          Sending 'cb_seq_1530' to server 'localhost_1_15'...
            Sent 'cb_seq_1530' to server 'localhost_1_15'.
          Received 'cb_seq_1530' from server 'localhost_1_15'. (19305 ms elapsed)
 
Global mapping target info
==========================
Cost Group 'clk' target slack:    28 ps
Target path end-point (Pin: r_input_weight_reg[13][19]/d)

Cost Group 'cg_enable_group_clk' target slack:    29 ps
Target path end-point (Pin: RC_CG_HIER_INST28/RC_CGIC_INST/E (CKLNQD1BWP30P140/E))

Multi-threaded Technology Mapping (8 threads per ST process, 8 of 28 CPUs usable)
        Distributing super-thread jobs: cb_seq_1530
          Sending 'cb_seq_1530' to server 'localhost_1_15'...
            Sent 'cb_seq_1530' to server 'localhost_1_15'.
          Received 'cb_seq_1530' from server 'localhost_1_15'. (26550 ms elapsed)
        Distributing super-thread jobs: add_unsigned_185_743 add_unsigned_185 add_unsigned_185_745 add_unsigned_185_744
          Sending 'add_unsigned_185_743' to server 'localhost_1_15'...
            Sent 'add_unsigned_185_743' to server 'localhost_1_15'.
          Sending 'add_unsigned_185' to server 'localhost_1_20'...
            Sent 'add_unsigned_185' to server 'localhost_1_20'.
          Sending 'add_unsigned_185_745' to server 'localhost_1_18'...
            Sent 'add_unsigned_185_745' to server 'localhost_1_18'.
          Sending 'add_unsigned_185_744' to server 'localhost_1_17'...
            Sent 'add_unsigned_185_744' to server 'localhost_1_17'.
          Received 'add_unsigned_185' from server 'localhost_1_20'. (696 ms elapsed)
          Received 'add_unsigned_185_743' from server 'localhost_1_15'. (704 ms elapsed)
          Received 'add_unsigned_185_744' from server 'localhost_1_17'. (731 ms elapsed)
          Received 'add_unsigned_185_745' from server 'localhost_1_18'. (1077 ms elapsed)
        Distributing super-thread jobs: cb_seq
          Sending 'cb_seq' to server 'localhost_1_15'...
            Sent 'cb_seq' to server 'localhost_1_15'.
          Received 'cb_seq' from server 'localhost_1_15'. (1627 ms elapsed)
        Distributing super-thread jobs: mux_ctl_0x mux_ctl_0x_1510
          Sending 'mux_ctl_0x' to server 'localhost_1_15'...
            Sent 'mux_ctl_0x' to server 'localhost_1_15'.
          Sending 'mux_ctl_0x_1510' to server 'localhost_1_20'...
            Sent 'mux_ctl_0x_1510' to server 'localhost_1_20'.
          Received 'mux_ctl_0x' from server 'localhost_1_15'. (941 ms elapsed)
          Received 'mux_ctl_0x_1510' from server 'localhost_1_20'. (949 ms elapsed)
        Distributing super-thread jobs: divide_signed_30_808 divide_signed_30_809 divide_signed_769 divide_signed_768 mux_ctl_0x_1507 mux_ctl_0x_1508 mux_ctl_0x_1509 mux_ctl_0x_1506 remainder_signed_30_811 remainder_signed_30_810 remainder_signed_771 remainder_signed_770 WALLACE_CSA_DUMMY_OP156_group_43 WALLACE_CSA_DUMMY_OP150_group_49 WALLACE_CSA_DUMMY_OP158_group_41 WALLACE_CSA_DUMMY_OP164_group_35 csa_tree_add_1446_108_group_40696 WALLACE_CSA_DUMMY_OP160_group_39 WALLACE_CSA_DUMMY_OP152_group_47 WALLACE_CSA_DUMMY_OP162_group_37 csa_tree_add_1449_108_group_40705 WALLACE_CSA_DUMMY_OP154_group_45 csa_tree_add_1448_108_group_40702 csa_tree_add_1447_108_group_40699 add_unsigned_40631_2 add_unsigned_40631_1 add_unsigned_40631 add_unsigned_40631_3
          Sending 'divide_signed_30_808' to server 'localhost_1_15'...
            Sent 'divide_signed_30_808' to server 'localhost_1_15'.
          Sending 'divide_signed_30_809' to server 'localhost_1_20'...
            Sent 'divide_signed_30_809' to server 'localhost_1_20'.
          Sending 'divide_signed_769' to server 'localhost_1_18'...
            Sent 'divide_signed_769' to server 'localhost_1_18'.
          Sending 'divide_signed_768' to server 'localhost_1_17'...
            Sent 'divide_signed_768' to server 'localhost_1_17'.
          Sending 'mux_ctl_0x_1507' to server 'localhost_1_21'...
            Sent 'mux_ctl_0x_1507' to server 'localhost_1_21'.
          Sending 'mux_ctl_0x_1508' to server 'localhost_1_19'...
            Sent 'mux_ctl_0x_1508' to server 'localhost_1_19'.
          Sending 'mux_ctl_0x_1509' to server 'localhost_1_0'...
            Sent 'mux_ctl_0x_1509' to server 'localhost_1_0'.
          Sending 'mux_ctl_0x_1506' to server 'localhost_1_16'...
            Sent 'mux_ctl_0x_1506' to server 'localhost_1_16'.
          Received 'mux_ctl_0x_1509' from server 'localhost_1_0'. (942 ms elapsed)
          Sending 'remainder_signed_30_811' to server 'localhost_1_0'...
            Sent 'remainder_signed_30_811' to server 'localhost_1_0'.
          Received 'mux_ctl_0x_1507' from server 'localhost_1_21'. (1725 ms elapsed)
          Sending 'remainder_signed_30_810' to server 'localhost_1_21'...
            Sent 'remainder_signed_30_810' to server 'localhost_1_21'.
          Received 'divide_signed_769' from server 'localhost_1_18'. (2093 ms elapsed)
          Sending 'remainder_signed_771' to server 'localhost_1_18'...
            Sent 'remainder_signed_771' to server 'localhost_1_18'.
          Received 'mux_ctl_0x_1506' from server 'localhost_1_16'. (2535 ms elapsed)
          Sending 'remainder_signed_770' to server 'localhost_1_16'...
            Sent 'remainder_signed_770' to server 'localhost_1_16'.
          Received 'divide_signed_768' from server 'localhost_1_17'. (4078 ms elapsed)
          Sending 'WALLACE_CSA_DUMMY_OP156_group_43' to server 'localhost_1_17'...
            Sent 'WALLACE_CSA_DUMMY_OP156_group_43' to server 'localhost_1_17'.
          Received 'WALLACE_CSA_DUMMY_OP156_group_43' from server 'localhost_1_17'. (1761 ms elapsed)
          Sending 'WALLACE_CSA_DUMMY_OP150_group_49' to server 'localhost_1_17'...
            Sent 'WALLACE_CSA_DUMMY_OP150_group_49' to server 'localhost_1_17'.
          Received 'mux_ctl_0x_1508' from server 'localhost_1_19'. (5996 ms elapsed)
          Sending 'WALLACE_CSA_DUMMY_OP158_group_41' to server 'localhost_1_19'...
            Sent 'WALLACE_CSA_DUMMY_OP158_group_41' to server 'localhost_1_19'.
          Received 'WALLACE_CSA_DUMMY_OP158_group_41' from server 'localhost_1_19'. (1790 ms elapsed)
          Sending 'WALLACE_CSA_DUMMY_OP164_group_35' to server 'localhost_1_19'...
            Sent 'WALLACE_CSA_DUMMY_OP164_group_35' to server 'localhost_1_19'.
          Received 'WALLACE_CSA_DUMMY_OP150_group_49' from server 'localhost_1_17'. (2142 ms elapsed)
          Sending 'csa_tree_add_1446_108_group_40696' to server 'localhost_1_17'...
            Sent 'csa_tree_add_1446_108_group_40696' to server 'localhost_1_17'.
          Received 'WALLACE_CSA_DUMMY_OP164_group_35' from server 'localhost_1_19'. (1635 ms elapsed)
          Sending 'WALLACE_CSA_DUMMY_OP160_group_39' to server 'localhost_1_19'...
            Sent 'WALLACE_CSA_DUMMY_OP160_group_39' to server 'localhost_1_19'.
          Received 'csa_tree_add_1446_108_group_40696' from server 'localhost_1_17'. (2542 ms elapsed)
          Sending 'WALLACE_CSA_DUMMY_OP152_group_47' to server 'localhost_1_17'...
            Sent 'WALLACE_CSA_DUMMY_OP152_group_47' to server 'localhost_1_17'.
          Received 'WALLACE_CSA_DUMMY_OP160_group_39' from server 'localhost_1_19'. (1709 ms elapsed)
          Sending 'WALLACE_CSA_DUMMY_OP162_group_37' to server 'localhost_1_19'...
            Sent 'WALLACE_CSA_DUMMY_OP162_group_37' to server 'localhost_1_19'.
          Received 'WALLACE_CSA_DUMMY_OP152_group_47' from server 'localhost_1_17'. (2130 ms elapsed)
          Sending 'csa_tree_add_1449_108_group_40705' to server 'localhost_1_17'...
            Sent 'csa_tree_add_1449_108_group_40705' to server 'localhost_1_17'.
          Received 'WALLACE_CSA_DUMMY_OP162_group_37' from server 'localhost_1_19'. (1754 ms elapsed)
          Sending 'WALLACE_CSA_DUMMY_OP154_group_45' to server 'localhost_1_19'...
            Sent 'WALLACE_CSA_DUMMY_OP154_group_45' to server 'localhost_1_19'.
          Received 'WALLACE_CSA_DUMMY_OP154_group_45' from server 'localhost_1_19'. (1434 ms elapsed)
          Sending 'csa_tree_add_1448_108_group_40702' to server 'localhost_1_19'...
            Sent 'csa_tree_add_1448_108_group_40702' to server 'localhost_1_19'.
          Received 'divide_signed_30_809' from server 'localhost_1_20'. (15161 ms elapsed)
          Sending 'csa_tree_add_1447_108_group_40699' to server 'localhost_1_20'...
            Sent 'csa_tree_add_1447_108_group_40699' to server 'localhost_1_20'.
          Received 'csa_tree_add_1448_108_group_40702' from server 'localhost_1_19'. (1421 ms elapsed)
          Sending 'add_unsigned_40631_2' to server 'localhost_1_19'...
            Sent 'add_unsigned_40631_2' to server 'localhost_1_19'.
          Received 'divide_signed_30_808' from server 'localhost_1_15'. (15967 ms elapsed)
          Sending 'add_unsigned_40631_1' to server 'localhost_1_15'...
            Sent 'add_unsigned_40631_1' to server 'localhost_1_15'.
          Received 'add_unsigned_40631_2' from server 'localhost_1_19'. (709 ms elapsed)
          Sending 'add_unsigned_40631' to server 'localhost_1_19'...
            Sent 'add_unsigned_40631' to server 'localhost_1_19'.
          Received 'remainder_signed_770' from server 'localhost_1_16'. (14467 ms elapsed)
          Sending 'add_unsigned_40631_3' to server 'localhost_1_16'...
            Sent 'add_unsigned_40631_3' to server 'localhost_1_16'.
          Received 'csa_tree_add_1447_108_group_40699' from server 'localhost_1_20'. (2095 ms elapsed)
          Received 'add_unsigned_40631' from server 'localhost_1_19'. (729 ms elapsed)
          Received 'add_unsigned_40631_1' from server 'localhost_1_15'. (1182 ms elapsed)
          Received 'csa_tree_add_1449_108_group_40705' from server 'localhost_1_17'. (4828 ms elapsed)
          Received 'add_unsigned_40631_3' from server 'localhost_1_16'. (659 ms elapsed)
          Received 'remainder_signed_771' from server 'localhost_1_18'. (26544 ms elapsed)
          Received 'remainder_signed_30_811' from server 'localhost_1_0'. (30999 ms elapsed)
          Received 'remainder_signed_30_810' from server 'localhost_1_21'. (31821 ms elapsed)
        Distributing super-thread jobs: csa_tree_14102_3 csa_tree_14102 csa_tree_14102_1 csa_tree_14102_2
          Sending 'csa_tree_14102_3' to server 'localhost_1_15'...
            Sent 'csa_tree_14102_3' to server 'localhost_1_15'.
          Sending 'csa_tree_14102' to server 'localhost_1_20'...
            Sent 'csa_tree_14102' to server 'localhost_1_20'.
          Sending 'csa_tree_14102_1' to server 'localhost_1_18'...
            Sent 'csa_tree_14102_1' to server 'localhost_1_18'.
          Sending 'csa_tree_14102_2' to server 'localhost_1_17'...
            Sent 'csa_tree_14102_2' to server 'localhost_1_17'.
          Received 'csa_tree_14102_3' from server 'localhost_1_15'. (226 ms elapsed)
          Received 'csa_tree_14102' from server 'localhost_1_20'. (250 ms elapsed)
          Received 'csa_tree_14102_2' from server 'localhost_1_17'. (344 ms elapsed)
          Received 'csa_tree_14102_1' from server 'localhost_1_18'. (610 ms elapsed)
        Distributing super-thread jobs: cb_part_1553 divide_signed_30_804 divide_signed_6_822 divide_signed_30_805 divide_signed_12_802 cb_part_1557 cb_part_1555 cb_part_1554 cb_part_1556 divide_signed_18_792 divide_signed_12_794 divide_signed_24_782 divide_signed_6_815 divide_signed_12_795 divide_signed_6_814 divide_signed_24_774 divide_signed_12_799 divide_signed_6_818 divide_signed_18_784 divide_signed_24_775 divide_signed_6_819 divide_signed_12_798 divide_signed_765 divide_signed_18_785 divide_signed_6 divide_signed_764 divide_signed_12 divide_signed_24 divide_signed_18_789 csa_tree_SUB_TC_OP_22_group_570_5 divide_signed_24_778 divide_signed_24_779 csa_tree_SUB_TC_OP_22_group_570_6 divide_signed_18_788 csa_tree_SUB_TC_OP_15_group_569_6 csa_tree_SUB_TC_OP_15_group_569_5 csa_tree_SUB_TC_OP_15_group_569_4 csa_tree_SUB_TC_OP_15_group_569_7 csa_tree_SUB_TC_OP_22_group_570_4 csa_tree_SUB_TC_OP_22_group_570_7 csa_tree_SUB_TC_OP_15_group_569_8 csa_tree_SUB_TC_OP_15_group_569_9 csa_tree_SUB_TC_OP_22_group_570_9 csa_tree_SUB_TC_OP_22_group_570_8 divide_signed_18 csa_tree_SUB_TC_OP_group_567_8 csa_tree_SUB_TC_OP_30_group_565_4 csa_tree_SUB_TC_OP_30_group_565_9 csa_tree_SUB_TC_OP_30_group_565_8 csa_tree_SUB_TC_OP_30_group_565_7 csa_tree_SUB_TC_OP_group_567_7 csa_tree_SUB_TC_OP_group_567_4 csa_tree_SUB_TC_OP_30_group_565_6 csa_tree_SUB_TC_OP_30_group_565_5 csa_tree_SUB_TC_OP_25_group_563_7 csa_tree_SUB_TC_OP_25_group_563_9 csa_tree_SUB_TC_OP_25_group_563_5 csa_tree_SUB_TC_OP_group_567_9 csa_tree_SUB_TC_OP_25_group_563_6 csa_tree_SUB_TC_OP_25_group_563_8 csa_tree_SUB_TC_OP_25_group_563_4 csa_tree_SUB_TC_OP_group_567_5 csa_tree_SUB_TC_OP_group_567_6 csa_tree_SUB_TC_OP_10_group_568_4 csa_tree_SUB_TC_OP_10_group_568_8 csa_tree_SUB_TC_OP_10_group_568_9 csa_tree_SUB_TC_OP_10_group_568_7 csa_tree_SUB_TC_OP_10_group_568_6 csa_tree_SUB_TC_OP_10_group_568_5 remainder_signed_30_807 remainder_signed_12_803 remainder_signed_30_806 remainder_signed_6_823 remainder_signed_6_816 remainder_signed_6_817 remainder_signed_24_783 remainder_signed_12_797 remainder_signed_12_796 remainder_signed_18_793 remainder_signed_24_777 remainder_signed_767 remainder_signed_12_801 remainder_signed_6_820 remainder_signed_18_786 remainder_signed_12_800 remainder_signed_766 remainder_signed_18_787 remainder_signed_12 remainder_signed_24_776 remainder_signed_6_821 remainder_signed_6 remainder_signed_18_791 remainder_signed_24_780 remainder_signed_18_790 remainder_signed_24_781 remainder_signed_24 remainder_signed_18
          Sending 'cb_part_1553' to server 'localhost_1_15'...
            Sent 'cb_part_1553' to server 'localhost_1_15'.
          Sending 'divide_signed_30_804' to server 'localhost_1_20'...
            Sent 'divide_signed_30_804' to server 'localhost_1_20'.
          Sending 'divide_signed_6_822' to server 'localhost_1_18'...
            Sent 'divide_signed_6_822' to server 'localhost_1_18'.
          Sending 'divide_signed_30_805' to server 'localhost_1_17'...
            Sent 'divide_signed_30_805' to server 'localhost_1_17'.
          Sending 'divide_signed_12_802' to server 'localhost_1_21'...
            Sent 'divide_signed_12_802' to server 'localhost_1_21'.
          Sending 'cb_part_1557' to server 'localhost_1_19'...
            Sent 'cb_part_1557' to server 'localhost_1_19'.
          Sending 'cb_part_1555' to server 'localhost_1_0'...
            Sent 'cb_part_1555' to server 'localhost_1_0'.
          Sending 'cb_part_1554' to server 'localhost_1_16'...
            Sent 'cb_part_1554' to server 'localhost_1_16'.
          Received 'cb_part_1553' from server 'localhost_1_15'. (983 ms elapsed)
          Sending 'cb_part_1556' to server 'localhost_1_15'...
            Sent 'cb_part_1556' to server 'localhost_1_15'.
          Received 'cb_part_1555' from server 'localhost_1_0'. (1260 ms elapsed)
          Sending 'divide_signed_18_792' to server 'localhost_1_0'...
            Sent 'divide_signed_18_792' to server 'localhost_1_0'.
          Received 'cb_part_1556' from server 'localhost_1_15'. (2372 ms elapsed)
          Sending 'divide_signed_12_794' to server 'localhost_1_15'...
            Sent 'divide_signed_12_794' to server 'localhost_1_15'.
          Received 'cb_part_1554' from server 'localhost_1_16'. (3285 ms elapsed)
          Sending 'divide_signed_24_782' to server 'localhost_1_16'...
            Sent 'divide_signed_24_782' to server 'localhost_1_16'.
          Received 'cb_part_1557' from server 'localhost_1_19'. (3350 ms elapsed)
          Sending 'divide_signed_6_815' to server 'localhost_1_19'...
            Sent 'divide_signed_6_815' to server 'localhost_1_19'.
          Received 'divide_signed_12_802' from server 'localhost_1_21'. (16392 ms elapsed)
          Sending 'divide_signed_12_795' to server 'localhost_1_21'...
            Sent 'divide_signed_12_795' to server 'localhost_1_21'.
          Received 'divide_signed_6_815' from server 'localhost_1_19'. (14315 ms elapsed)
          Sending 'divide_signed_6_814' to server 'localhost_1_19'...
            Sent 'divide_signed_6_814' to server 'localhost_1_19'.
          Received 'divide_signed_18_792' from server 'localhost_1_0'. (14682 ms elapsed)
          Sending 'divide_signed_24_774' to server 'localhost_1_0'...
            Sent 'divide_signed_24_774' to server 'localhost_1_0'.
          Received 'divide_signed_30_804' from server 'localhost_1_20'. (18149 ms elapsed)
          Sending 'divide_signed_12_799' to server 'localhost_1_20'...
            Sent 'divide_signed_12_799' to server 'localhost_1_20'.
          Received 'divide_signed_6_822' from server 'localhost_1_18'. (18638 ms elapsed)
          Sending 'divide_signed_6_818' to server 'localhost_1_18'...
            Sent 'divide_signed_6_818' to server 'localhost_1_18'.
          Received 'divide_signed_12_795' from server 'localhost_1_21'. (3016 ms elapsed)
          Sending 'divide_signed_18_784' to server 'localhost_1_21'...
            Sent 'divide_signed_18_784' to server 'localhost_1_21'.
          Received 'divide_signed_12_794' from server 'localhost_1_15'. (16420 ms elapsed)
          Sending 'divide_signed_24_775' to server 'localhost_1_15'...
            Sent 'divide_signed_24_775' to server 'localhost_1_15'.
          Received 'divide_signed_30_805' from server 'localhost_1_17'. (22257 ms elapsed)
          Sending 'divide_signed_6_819' to server 'localhost_1_17'...
            Sent 'divide_signed_6_819' to server 'localhost_1_17'.
          Received 'divide_signed_24_782' from server 'localhost_1_16'. (26373 ms elapsed)
          Sending 'divide_signed_12_798' to server 'localhost_1_16'...
            Sent 'divide_signed_12_798' to server 'localhost_1_16'.
          Received 'divide_signed_12_799' from server 'localhost_1_20'. (13688 ms elapsed)
          Sending 'divide_signed_765' to server 'localhost_1_20'...
            Sent 'divide_signed_765' to server 'localhost_1_20'.
          Received 'divide_signed_6_814' from server 'localhost_1_19'. (15339 ms elapsed)
          Sending 'divide_signed_18_785' to server 'localhost_1_19'...
            Sent 'divide_signed_18_785' to server 'localhost_1_19'.
          Received 'divide_signed_24_774' from server 'localhost_1_0'. (17265 ms elapsed)
          Sending 'divide_signed_6' to server 'localhost_1_0'...
            Sent 'divide_signed_6' to server 'localhost_1_0'.
          Received 'divide_signed_6_818' from server 'localhost_1_18'. (17726 ms elapsed)
          Sending 'divide_signed_764' to server 'localhost_1_18'...
            Sent 'divide_signed_764' to server 'localhost_1_18'.
          Received 'divide_signed_18_784' from server 'localhost_1_21'. (17100 ms elapsed)
          Sending 'divide_signed_12' to server 'localhost_1_21'...
            Sent 'divide_signed_12' to server 'localhost_1_21'.
          Received 'divide_signed_764' from server 'localhost_1_18'. (1755 ms elapsed)
          Sending 'divide_signed_24' to server 'localhost_1_18'...
            Sent 'divide_signed_24' to server 'localhost_1_18'.
          Received 'divide_signed_12' from server 'localhost_1_21'. (1770 ms elapsed)
          Sending 'divide_signed_18_789' to server 'localhost_1_21'...
            Sent 'divide_signed_18_789' to server 'localhost_1_21'.
          Received 'divide_signed_24_775' from server 'localhost_1_15'. (19839 ms elapsed)
          Sending 'csa_tree_SUB_TC_OP_22_group_570_5' to server 'localhost_1_15'...
            Sent 'csa_tree_SUB_TC_OP_22_group_570_5' to server 'localhost_1_15'.
          Received 'divide_signed_18_789' from server 'localhost_1_21'. (1806 ms elapsed)
          Sending 'divide_signed_24_778' to server 'localhost_1_21'...
            Sent 'divide_signed_24_778' to server 'localhost_1_21'.
          Received 'csa_tree_SUB_TC_OP_22_group_570_5' from server 'localhost_1_15'. (1884 ms elapsed)
          Sending 'divide_signed_24_779' to server 'localhost_1_15'...
            Sent 'divide_signed_24_779' to server 'localhost_1_15'.
          Received 'divide_signed_24_778' from server 'localhost_1_21'. (1822 ms elapsed)
          Sending 'csa_tree_SUB_TC_OP_22_group_570_6' to server 'localhost_1_21'...
            Sent 'csa_tree_SUB_TC_OP_22_group_570_6' to server 'localhost_1_21'.
          Received 'divide_signed_6_819' from server 'localhost_1_17'. (20149 ms elapsed)
          Sending 'divide_signed_18_788' to server 'localhost_1_17'...
            Sent 'divide_signed_18_788' to server 'localhost_1_17'.
          Received 'divide_signed_24_779' from server 'localhost_1_15'. (2530 ms elapsed)
          Sending 'csa_tree_SUB_TC_OP_15_group_569_6' to server 'localhost_1_15'...
            Sent 'csa_tree_SUB_TC_OP_15_group_569_6' to server 'localhost_1_15'.
          Received 'divide_signed_12_798' from server 'localhost_1_16'. (14881 ms elapsed)
          Sending 'csa_tree_SUB_TC_OP_15_group_569_5' to server 'localhost_1_16'...
            Sent 'csa_tree_SUB_TC_OP_15_group_569_5' to server 'localhost_1_16'.
          Received 'csa_tree_SUB_TC_OP_22_group_570_6' from server 'localhost_1_21'. (3132 ms elapsed)
          Sending 'csa_tree_SUB_TC_OP_15_group_569_4' to server 'localhost_1_21'...
            Sent 'csa_tree_SUB_TC_OP_15_group_569_4' to server 'localhost_1_21'.
          Received 'divide_signed_18_788' from server 'localhost_1_17'. (3356 ms elapsed)
          Sending 'csa_tree_SUB_TC_OP_15_group_569_7' to server 'localhost_1_17'...
            Sent 'csa_tree_SUB_TC_OP_15_group_569_7' to server 'localhost_1_17'.
          Received 'csa_tree_SUB_TC_OP_15_group_569_5' from server 'localhost_1_16'. (2923 ms elapsed)
          Sending 'csa_tree_SUB_TC_OP_22_group_570_4' to server 'localhost_1_16'...
            Sent 'csa_tree_SUB_TC_OP_22_group_570_4' to server 'localhost_1_16'.
          Received 'csa_tree_SUB_TC_OP_15_group_569_6' from server 'localhost_1_15'. (3764 ms elapsed)
          Sending 'csa_tree_SUB_TC_OP_22_group_570_7' to server 'localhost_1_15'...
            Sent 'csa_tree_SUB_TC_OP_22_group_570_7' to server 'localhost_1_15'.
          Received 'csa_tree_SUB_TC_OP_15_group_569_7' from server 'localhost_1_17'. (2518 ms elapsed)
          Sending 'csa_tree_SUB_TC_OP_15_group_569_8' to server 'localhost_1_17'...
            Sent 'csa_tree_SUB_TC_OP_15_group_569_8' to server 'localhost_1_17'.
          Received 'csa_tree_SUB_TC_OP_22_group_570_7' from server 'localhost_1_15'. (1926 ms elapsed)
          Sending 'csa_tree_SUB_TC_OP_15_group_569_9' to server 'localhost_1_15'...
            Sent 'csa_tree_SUB_TC_OP_15_group_569_9' to server 'localhost_1_15'.
          Received 'csa_tree_SUB_TC_OP_15_group_569_8' from server 'localhost_1_17'. (2569 ms elapsed)
          Sending 'csa_tree_SUB_TC_OP_22_group_570_9' to server 'localhost_1_17'...
            Sent 'csa_tree_SUB_TC_OP_22_group_570_9' to server 'localhost_1_17'.
          Received 'divide_signed_24' from server 'localhost_1_18'. (13158 ms elapsed)
          Sending 'csa_tree_SUB_TC_OP_22_group_570_8' to server 'localhost_1_18'...
            Sent 'csa_tree_SUB_TC_OP_22_group_570_8' to server 'localhost_1_18'.
          Received 'csa_tree_SUB_TC_OP_22_group_570_4' from server 'localhost_1_16'. (4728 ms elapsed)
          Sending 'divide_signed_18' to server 'localhost_1_16'...
            Sent 'divide_signed_18' to server 'localhost_1_16'.
          Received 'csa_tree_SUB_TC_OP_22_group_570_9' from server 'localhost_1_17'. (2347 ms elapsed)
          Sending 'csa_tree_SUB_TC_OP_group_567_8' to server 'localhost_1_17'...
            Sent 'csa_tree_SUB_TC_OP_group_567_8' to server 'localhost_1_17'.
          Received 'csa_tree_SUB_TC_OP_15_group_569_4' from server 'localhost_1_21'. (8329 ms elapsed)
          Sending 'csa_tree_SUB_TC_OP_30_group_565_4' to server 'localhost_1_21'...
            Sent 'csa_tree_SUB_TC_OP_30_group_565_4' to server 'localhost_1_21'.
          Received 'divide_signed_6' from server 'localhost_1_0'. (17747 ms elapsed)
          Sending 'csa_tree_SUB_TC_OP_30_group_565_9' to server 'localhost_1_0'...
            Sent 'csa_tree_SUB_TC_OP_30_group_565_9' to server 'localhost_1_0'.
          Received 'csa_tree_SUB_TC_OP_15_group_569_9' from server 'localhost_1_15'. (3980 ms elapsed)
          Sending 'csa_tree_SUB_TC_OP_30_group_565_8' to server 'localhost_1_15'...
            Sent 'csa_tree_SUB_TC_OP_30_group_565_8' to server 'localhost_1_15'.
          Received 'divide_signed_18' from server 'localhost_1_16'. (1804 ms elapsed)
          Sending 'csa_tree_SUB_TC_OP_30_group_565_7' to server 'localhost_1_16'...
            Sent 'csa_tree_SUB_TC_OP_30_group_565_7' to server 'localhost_1_16'.
          Received 'csa_tree_SUB_TC_OP_22_group_570_8' from server 'localhost_1_18'. (3055 ms elapsed)
          Sending 'csa_tree_SUB_TC_OP_group_567_7' to server 'localhost_1_18'...
            Sent 'csa_tree_SUB_TC_OP_group_567_7' to server 'localhost_1_18'.
          Received 'divide_signed_765' from server 'localhost_1_20'. (23509 ms elapsed)
          Sending 'csa_tree_SUB_TC_OP_group_567_4' to server 'localhost_1_20'...
            Sent 'csa_tree_SUB_TC_OP_group_567_4' to server 'localhost_1_20'.
          Received 'csa_tree_SUB_TC_OP_30_group_565_8' from server 'localhost_1_15'. (2492 ms elapsed)
          Sending 'csa_tree_SUB_TC_OP_30_group_565_6' to server 'localhost_1_15'...
            Sent 'csa_tree_SUB_TC_OP_30_group_565_6' to server 'localhost_1_15'.
          Received 'csa_tree_SUB_TC_OP_group_567_7' from server 'localhost_1_18'. (1871 ms elapsed)
          Sending 'csa_tree_SUB_TC_OP_30_group_565_5' to server 'localhost_1_18'...
            Sent 'csa_tree_SUB_TC_OP_30_group_565_5' to server 'localhost_1_18'.
          Received 'csa_tree_SUB_TC_OP_30_group_565_9' from server 'localhost_1_0'. (3092 ms elapsed)
          Sending 'csa_tree_SUB_TC_OP_25_group_563_7' to server 'localhost_1_0'...
            Sent 'csa_tree_SUB_TC_OP_25_group_563_7' to server 'localhost_1_0'.
          Received 'csa_tree_SUB_TC_OP_group_567_4' from server 'localhost_1_20'. (2427 ms elapsed)
          Sending 'csa_tree_SUB_TC_OP_25_group_563_9' to server 'localhost_1_20'...
            Sent 'csa_tree_SUB_TC_OP_25_group_563_9' to server 'localhost_1_20'.
          Received 'csa_tree_SUB_TC_OP_30_group_565_7' from server 'localhost_1_16'. (3627 ms elapsed)
          Sending 'csa_tree_SUB_TC_OP_25_group_563_5' to server 'localhost_1_16'...
            Sent 'csa_tree_SUB_TC_OP_25_group_563_5' to server 'localhost_1_16'.
          Received 'csa_tree_SUB_TC_OP_30_group_565_4' from server 'localhost_1_21'. (4405 ms elapsed)
          Sending 'csa_tree_SUB_TC_OP_group_567_9' to server 'localhost_1_21'...
            Sent 'csa_tree_SUB_TC_OP_group_567_9' to server 'localhost_1_21'.
          Received 'csa_tree_SUB_TC_OP_group_567_8' from server 'localhost_1_17'. (4446 ms elapsed)
          Sending 'csa_tree_SUB_TC_OP_25_group_563_6' to server 'localhost_1_17'...
            Sent 'csa_tree_SUB_TC_OP_25_group_563_6' to server 'localhost_1_17'.
          Received 'csa_tree_SUB_TC_OP_30_group_565_5' from server 'localhost_1_18'. (2337 ms elapsed)
          Sending 'csa_tree_SUB_TC_OP_25_group_563_8' to server 'localhost_1_18'...
            Sent 'csa_tree_SUB_TC_OP_25_group_563_8' to server 'localhost_1_18'.
          Received 'divide_signed_18_785' from server 'localhost_1_19'. (25766 ms elapsed)
          Sending 'csa_tree_SUB_TC_OP_25_group_563_4' to server 'localhost_1_19'...
            Sent 'csa_tree_SUB_TC_OP_25_group_563_4' to server 'localhost_1_19'.
          Received 'csa_tree_SUB_TC_OP_30_group_565_6' from server 'localhost_1_15'. (3113 ms elapsed)
          Sending 'csa_tree_SUB_TC_OP_group_567_5' to server 'localhost_1_15'...
            Sent 'csa_tree_SUB_TC_OP_group_567_5' to server 'localhost_1_15'.
          Received 'csa_tree_SUB_TC_OP_group_567_9' from server 'localhost_1_21'. (1818 ms elapsed)
          Sending 'csa_tree_SUB_TC_OP_group_567_6' to server 'localhost_1_21'...
            Sent 'csa_tree_SUB_TC_OP_group_567_6' to server 'localhost_1_21'.
          Received 'csa_tree_SUB_TC_OP_25_group_563_7' from server 'localhost_1_0'. (2144 ms elapsed)
          Sending 'csa_tree_SUB_TC_OP_10_group_568_4' to server 'localhost_1_0'...
            Sent 'csa_tree_SUB_TC_OP_10_group_568_4' to server 'localhost_1_0'.
          Received 'csa_tree_SUB_TC_OP_25_group_563_9' from server 'localhost_1_20'. (2158 ms elapsed)
          Sending 'csa_tree_SUB_TC_OP_10_group_568_8' to server 'localhost_1_20'...
            Sent 'csa_tree_SUB_TC_OP_10_group_568_8' to server 'localhost_1_20'.
          Received 'csa_tree_SUB_TC_OP_25_group_563_6' from server 'localhost_1_17'. (2171 ms elapsed)
          Sending 'csa_tree_SUB_TC_OP_10_group_568_9' to server 'localhost_1_17'...
            Sent 'csa_tree_SUB_TC_OP_10_group_568_9' to server 'localhost_1_17'.
          Received 'csa_tree_SUB_TC_OP_25_group_563_5' from server 'localhost_1_16'. (2848 ms elapsed)
          Sending 'csa_tree_SUB_TC_OP_10_group_568_7' to server 'localhost_1_16'...
            Sent 'csa_tree_SUB_TC_OP_10_group_568_7' to server 'localhost_1_16'.
          Received 'csa_tree_SUB_TC_OP_10_group_568_9' from server 'localhost_1_17'. (1350 ms elapsed)
          Sending 'csa_tree_SUB_TC_OP_10_group_568_6' to server 'localhost_1_17'...
            Sent 'csa_tree_SUB_TC_OP_10_group_568_6' to server 'localhost_1_17'.
          Received 'csa_tree_SUB_TC_OP_25_group_563_4' from server 'localhost_1_19'. (2247 ms elapsed)
          Sending 'csa_tree_SUB_TC_OP_10_group_568_5' to server 'localhost_1_19'...
            Sent 'csa_tree_SUB_TC_OP_10_group_568_5' to server 'localhost_1_19'.
          Received 'csa_tree_SUB_TC_OP_25_group_563_8' from server 'localhost_1_18'. (3041 ms elapsed)
          Sending 'remainder_signed_30_807' to server 'localhost_1_18'...
            Sent 'remainder_signed_30_807' to server 'localhost_1_18'.
          Received 'csa_tree_SUB_TC_OP_10_group_568_4' from server 'localhost_1_0'. (1745 ms elapsed)
          Sending 'remainder_signed_12_803' to server 'localhost_1_0'...
            Sent 'remainder_signed_12_803' to server 'localhost_1_0'.
          Received 'csa_tree_SUB_TC_OP_group_567_5' from server 'localhost_1_15'. (2553 ms elapsed)
          Sending 'remainder_signed_30_806' to server 'localhost_1_15'...
            Sent 'remainder_signed_30_806' to server 'localhost_1_15'.
          Received 'csa_tree_SUB_TC_OP_10_group_568_7' from server 'localhost_1_16'. (1340 ms elapsed)
          Sending 'remainder_signed_6_823' to server 'localhost_1_16'...
            Sent 'remainder_signed_6_823' to server 'localhost_1_16'.
          Received 'csa_tree_SUB_TC_OP_10_group_568_8' from server 'localhost_1_20'. (2112 ms elapsed)
          Sending 'remainder_signed_6_816' to server 'localhost_1_20'...
            Sent 'remainder_signed_6_816' to server 'localhost_1_20'.
          Received 'csa_tree_SUB_TC_OP_10_group_568_6' from server 'localhost_1_17'. (2057 ms elapsed)
          Sending 'remainder_signed_6_817' to server 'localhost_1_17'...
            Sent 'remainder_signed_6_817' to server 'localhost_1_17'.
          Received 'csa_tree_SUB_TC_OP_group_567_6' from server 'localhost_1_21'. (4097 ms elapsed)
          Sending 'remainder_signed_24_783' to server 'localhost_1_21'...
            Sent 'remainder_signed_24_783' to server 'localhost_1_21'.
          Received 'csa_tree_SUB_TC_OP_10_group_568_5' from server 'localhost_1_19'. (2665 ms elapsed)
          Sending 'remainder_signed_12_797' to server 'localhost_1_19'...
            Sent 'remainder_signed_12_797' to server 'localhost_1_19'.
          Received 'remainder_signed_6_816' from server 'localhost_1_20'. (2181 ms elapsed)
          Sending 'remainder_signed_12_796' to server 'localhost_1_20'...
            Sent 'remainder_signed_12_796' to server 'localhost_1_20'.
          Received 'remainder_signed_30_806' from server 'localhost_1_15'. (2352 ms elapsed)
          Sending 'remainder_signed_18_793' to server 'localhost_1_15'...
            Sent 'remainder_signed_18_793' to server 'localhost_1_15'.
          Received 'remainder_signed_6_817' from server 'localhost_1_17'. (1729 ms elapsed)
          Sending 'remainder_signed_24_777' to server 'localhost_1_17'...
            Sent 'remainder_signed_24_777' to server 'localhost_1_17'.
          Received 'remainder_signed_6_823' from server 'localhost_1_16'. (26674 ms elapsed)
          Sending 'remainder_signed_767' to server 'localhost_1_16'...
            Sent 'remainder_signed_767' to server 'localhost_1_16'.
          Received 'remainder_signed_12_803' from server 'localhost_1_0'. (28572 ms elapsed)
          Sending 'remainder_signed_12_801' to server 'localhost_1_0'...
            Sent 'remainder_signed_12_801' to server 'localhost_1_0'.
          Received 'remainder_signed_24_783' from server 'localhost_1_21'. (29234 ms elapsed)
          Sending 'remainder_signed_6_820' to server 'localhost_1_21'...
            Sent 'remainder_signed_6_820' to server 'localhost_1_21'.
          Received 'remainder_signed_30_807' from server 'localhost_1_18'. (32340 ms elapsed)
          Sending 'remainder_signed_18_786' to server 'localhost_1_18'...
            Sent 'remainder_signed_18_786' to server 'localhost_1_18'.
          Received 'remainder_signed_18_793' from server 'localhost_1_15'. (30008 ms elapsed)
          Sending 'remainder_signed_12_800' to server 'localhost_1_15'...
            Sent 'remainder_signed_12_800' to server 'localhost_1_15'.
          Received 'remainder_signed_12_796' from server 'localhost_1_20'. (33228 ms elapsed)
          Sending 'remainder_signed_766' to server 'localhost_1_20'...
            Sent 'remainder_signed_766' to server 'localhost_1_20'.
          Received 'remainder_signed_12_797' from server 'localhost_1_19'. (33373 ms elapsed)
          Sending 'remainder_signed_18_787' to server 'localhost_1_19'...
            Sent 'remainder_signed_18_787' to server 'localhost_1_19'.
          Received 'remainder_signed_24_777' from server 'localhost_1_17'. (43621 ms elapsed)
          Sending 'remainder_signed_12' to server 'localhost_1_17'...
            Sent 'remainder_signed_12' to server 'localhost_1_17'.
          Received 'remainder_signed_767' from server 'localhost_1_16'. (32009 ms elapsed)
          Sending 'remainder_signed_24_776' to server 'localhost_1_16'...
            Sent 'remainder_signed_24_776' to server 'localhost_1_16'.
          Received 'remainder_signed_12_800' from server 'localhost_1_15'. (29944 ms elapsed)
          Sending 'remainder_signed_6_821' to server 'localhost_1_15'...
            Sent 'remainder_signed_6_821' to server 'localhost_1_15'.
          Received 'remainder_signed_766' from server 'localhost_1_20'. (32870 ms elapsed)
          Sending 'remainder_signed_6' to server 'localhost_1_20'...
            Sent 'remainder_signed_6' to server 'localhost_1_20'.
          Received 'remainder_signed_6_820' from server 'localhost_1_21'. (40215 ms elapsed)
          Sending 'remainder_signed_18_791' to server 'localhost_1_21'...
            Sent 'remainder_signed_18_791' to server 'localhost_1_21'.
          Received 'remainder_signed_18_786' from server 'localhost_1_18'. (40573 ms elapsed)
          Sending 'remainder_signed_24_780' to server 'localhost_1_18'...
            Sent 'remainder_signed_24_780' to server 'localhost_1_18'.
          Received 'remainder_signed_18_787' from server 'localhost_1_19'. (39466 ms elapsed)
          Sending 'remainder_signed_18_790' to server 'localhost_1_19'...
            Sent 'remainder_signed_18_790' to server 'localhost_1_19'.
          Received 'remainder_signed_12' from server 'localhost_1_17'. (29938 ms elapsed)
          Sending 'remainder_signed_24_781' to server 'localhost_1_17'...
            Sent 'remainder_signed_24_781' to server 'localhost_1_17'.
          Received 'remainder_signed_12_801' from server 'localhost_1_0'. (62735 ms elapsed)
          Sending 'remainder_signed_24' to server 'localhost_1_0'...
            Sent 'remainder_signed_24' to server 'localhost_1_0'.
          Received 'remainder_signed_24_776' from server 'localhost_1_16'. (35767 ms elapsed)
          Sending 'remainder_signed_18' to server 'localhost_1_16'...
            Sent 'remainder_signed_18' to server 'localhost_1_16'.
          Received 'remainder_signed_6_821' from server 'localhost_1_15'. (34683 ms elapsed)
          Received 'remainder_signed_24_780' from server 'localhost_1_18'. (27923 ms elapsed)
          Received 'remainder_signed_6' from server 'localhost_1_20'. (33029 ms elapsed)
          Received 'remainder_signed_18_790' from server 'localhost_1_19'. (27176 ms elapsed)
          Received 'remainder_signed_18_791' from server 'localhost_1_21'. (31100 ms elapsed)
          Received 'remainder_signed_24_781' from server 'localhost_1_17'. (30625 ms elapsed)
          Received 'remainder_signed_24' from server 'localhost_1_0'. (25924 ms elapsed)
          Received 'remainder_signed_18' from server 'localhost_1_16'. (26050 ms elapsed)
        Distributing super-thread jobs: add_unsigned_185_741 add_unsigned_185_739 add_unsigned_185_742 add_unsigned_185_740
          Sending 'add_unsigned_185_741' to server 'localhost_1_15'...
            Sent 'add_unsigned_185_741' to server 'localhost_1_15'.
          Sending 'add_unsigned_185_739' to server 'localhost_1_20'...
            Sent 'add_unsigned_185_739' to server 'localhost_1_20'.
          Sending 'add_unsigned_185_742' to server 'localhost_1_18'...
            Sent 'add_unsigned_185_742' to server 'localhost_1_18'.
          Sending 'add_unsigned_185_740' to server 'localhost_1_17'...
            Sent 'add_unsigned_185_740' to server 'localhost_1_17'.
          Received 'add_unsigned_185_741' from server 'localhost_1_15'. (611 ms elapsed)
          Received 'add_unsigned_185_740' from server 'localhost_1_17'. (598 ms elapsed)
          Received 'add_unsigned_185_739' from server 'localhost_1_20'. (613 ms elapsed)
          Received 'add_unsigned_185_742' from server 'localhost_1_18'. (986 ms elapsed)
        Distributing super-thread jobs: csa_tree_2342 csa_tree_2302 csa_tree_2422 csa_tree_2382
          Sending 'csa_tree_2342' to server 'localhost_1_15'...
            Sent 'csa_tree_2342' to server 'localhost_1_15'.
          Sending 'csa_tree_2302' to server 'localhost_1_20'...
            Sent 'csa_tree_2302' to server 'localhost_1_20'.
          Sending 'csa_tree_2422' to server 'localhost_1_18'...
            Sent 'csa_tree_2422' to server 'localhost_1_18'.
          Sending 'csa_tree_2382' to server 'localhost_1_17'...
            Sent 'csa_tree_2382' to server 'localhost_1_17'.
          Received 'csa_tree_2302' from server 'localhost_1_20'. (223 ms elapsed)
          Received 'csa_tree_2382' from server 'localhost_1_17'. (238 ms elapsed)
          Received 'csa_tree_2342' from server 'localhost_1_15'. (271 ms elapsed)
          Received 'csa_tree_2422' from server 'localhost_1_18'. (614 ms elapsed)
        Distributing super-thread jobs: csa_tree_1474_3 csa_tree_1474_2 csa_tree_1474 csa_tree_1474_1
          Sending 'csa_tree_1474_3' to server 'localhost_1_15'...
            Sent 'csa_tree_1474_3' to server 'localhost_1_15'.
          Sending 'csa_tree_1474_2' to server 'localhost_1_20'...
            Sent 'csa_tree_1474_2' to server 'localhost_1_20'.
          Sending 'csa_tree_1474' to server 'localhost_1_18'...
            Sent 'csa_tree_1474' to server 'localhost_1_18'.
          Sending 'csa_tree_1474_1' to server 'localhost_1_17'...
            Sent 'csa_tree_1474_1' to server 'localhost_1_17'.
          Received 'csa_tree_1474_3' from server 'localhost_1_15'. (222 ms elapsed)
          Received 'csa_tree_1474_1' from server 'localhost_1_17'. (219 ms elapsed)
          Received 'csa_tree_1474_2' from server 'localhost_1_20'. (278 ms elapsed)
          Received 'csa_tree_1474' from server 'localhost_1_18'. (572 ms elapsed)
        Distributing super-thread jobs: cb_oseq_1531 mult_signed_6495_751 mult_signed_6495_1 mult_signed_6495_750 mult_signed_6495_760 mult_signed_6495_753 mult_signed_6495_752 mult_signed_6495_761 mult_signed_6495_759 mult_signed_6495_748 mult_signed_6495_756 mult_signed_6495_749 mult_signed_6495_758 mult_signed_6495_763 mult_signed_6495_757 mult_signed_6495_755 mult_signed_6495_762 mult_signed_6495_754 mult_signed_6495 csa_tree_sub_1103_163_group_12368 csa_tree_sub_1091_163_group_13422 csa_tree_add_1097_168_group_13320 WALLACE_CSA_DUMMY_OP1_group_17009 csa_tree_add_1089_168_group_13284 csa_tree_add_1090_168_group_13353 csa_tree_add_1096_168_group_13251 csa_tree_SUB_TC_OP_50_group_2411 csa_tree_sub0041101_group_13492 csa_tree_sub0048357_group_12438 csa_tree_SUB_TC_OP_24_group_2480 WALLACE_CSA_DUMMY_OP_group_16940 csa_tree_ADD_TC_OP_69_group_2550 csa_tree_ADD_TC_OP_93_group_2549 csa_tree_add_1106_154_group_12508 csa_tree_add_1105_154_group_12507 cb_part_1558 csa_tree_sub_1088_55_group_11 csa_tree_SUB_TC_OP_20_group_4 csa_tree_sub_1093_55_group_9 csa_tree_sub0054891_group_6 csa_tree_sub0045263_group_5 csa_tree_sub0043824_group_11 csa_tree_SUB_TC_OP_14_group_6 csa_tree_ADD_TC_OP_group_14 csa_tree_ADD_TC_OP_7_group_12 csa_tree_add_1102_53_group_15 csa_tree_add_1107_54_group_9 WALLACE_CSA_DUMMY_OP_group_41871_2 WALLACE_CSA_DUMMY_OP_group_41871_1 WALLACE_CSA_DUMMY_OP_group_41871 divide_signed_30_812 divide_signed_30 divide_signed_772 csa_tree_SUB_TC_OP_15_group_569 csa_tree_SUB_TC_OP_22_group_570 csa_tree_SUB_TC_OP_22_group_570_1 csa_tree_SUB_TC_OP_22_group_570_2 csa_tree_SUB_TC_OP_22_group_570_3 csa_tree_SUB_TC_OP_15_group_569_3 csa_tree_SUB_TC_OP_15_group_569_2 csa_tree_SUB_TC_OP_15_group_569_1 divide_signed csa_tree_SUB_TC_OP_25_group_563 csa_tree_SUB_TC_OP_30_group_565 csa_tree_SUB_TC_OP_group_567 csa_tree_SUB_TC_OP_25_group_563_1 csa_tree_SUB_TC_OP_25_group_563_2 csa_tree_SUB_TC_OP_30_group_565_2 csa_tree_SUB_TC_OP_30_group_565_1 csa_tree_SUB_TC_OP_group_567_2 csa_tree_SUB_TC_OP_group_567_1 csa_tree_SUB_TC_OP_25_group_563_3 csa_tree_SUB_TC_OP_group_567_3 csa_tree_SUB_TC_OP_30_group_565_3 csa_tree_SUB_TC_OP_10_group_568 WALLACE_CSA_DUMMY_OP1_group_41879 csa_tree_SUB_TC_OP_15_group_35096 csa_tree_SUB_TC_OP_10_group_568_3 csa_tree_SUB_TC_OP_10_group_568_1 WALLACE_CSA_DUMMY_OP1_group_41879_1 csa_tree_SUB_TC_OP_10_group_568_2 WALLACE_CSA_DUMMY_OP1_group_41879_2 csa_tree_SUB_TC_OP_22_group_35099 remainder_signed_30_813 csa_tree_add_1163_133_group_42433 csa_tree_add_1163_133_group_42433_2 csa_tree_add_1163_133_group_42433_1 csa_tree_SUB_TC_OP_group_35092 csa_tree_SUB_TC_OP_25_group_35088 csa_tree_SUB_TC_OP_30_group_35090 csa_tree_SUB_TC_OP_10_group_35094 csa_tree_SUB_TC_OP_22_group_30443 csa_tree_SUB_TC_OP_15_group_30442 remainder_signed_773 remainder_signed_30 csa_tree_SUB_TC_OP_30_group_30438 csa_tree_SUB_TC_OP_25_group_30436 csa_tree_SUB_TC_OP_group_30440 csa_tree_SUB_TC_OP_10_group_30441 csa_tree_1357 csa_tree_9560 remainder_signed WALLACE_CSA_DUMMY_OP3_group_42431_1 WALLACE_CSA_DUMMY_OP3_group_42431 WALLACE_CSA_DUMMY_OP3_group_42431_2
          Sending 'cb_oseq_1531' to server 'localhost_1_15'...
            Sent 'cb_oseq_1531' to server 'localhost_1_15'.
          Sending 'mult_signed_6495_751' to server 'localhost_1_20'...
            Sent 'mult_signed_6495_751' to server 'localhost_1_20'.
          Sending 'mult_signed_6495_1' to server 'localhost_1_18'...
            Sent 'mult_signed_6495_1' to server 'localhost_1_18'.
          Sending 'mult_signed_6495_750' to server 'localhost_1_17'...
            Sent 'mult_signed_6495_750' to server 'localhost_1_17'.
          Sending 'mult_signed_6495_760' to server 'localhost_1_21'...
            Sent 'mult_signed_6495_760' to server 'localhost_1_21'.
          Sending 'mult_signed_6495_753' to server 'localhost_1_19'...
            Sent 'mult_signed_6495_753' to server 'localhost_1_19'.
          Sending 'mult_signed_6495_752' to server 'localhost_1_0'...
            Sent 'mult_signed_6495_752' to server 'localhost_1_0'.
          Sending 'mult_signed_6495_761' to server 'localhost_1_16'...
            Sent 'mult_signed_6495_761' to server 'localhost_1_16'.
          Received 'cb_oseq_1531' from server 'localhost_1_15'. (4221 ms elapsed)
          Sending 'mult_signed_6495_759' to server 'localhost_1_15'...
            Sent 'mult_signed_6495_759' to server 'localhost_1_15'.
          Received 'mult_signed_6495_753' from server 'localhost_1_19'. (19108 ms elapsed)
          Sending 'mult_signed_6495_748' to server 'localhost_1_19'...
            Sent 'mult_signed_6495_748' to server 'localhost_1_19'.
          Received 'mult_signed_6495_751' from server 'localhost_1_20'. (19521 ms elapsed)
          Sending 'mult_signed_6495_756' to server 'localhost_1_20'...
            Sent 'mult_signed_6495_756' to server 'localhost_1_20'.
          Received 'mult_signed_6495_752' from server 'localhost_1_0'. (19232 ms elapsed)
          Sending 'mult_signed_6495_749' to server 'localhost_1_0'...
            Sent 'mult_signed_6495_749' to server 'localhost_1_0'.
          Received 'mult_signed_6495_1' from server 'localhost_1_18'. (19835 ms elapsed)
          Sending 'mult_signed_6495_758' to server 'localhost_1_18'...
            Sent 'mult_signed_6495_758' to server 'localhost_1_18'.
          Received 'mult_signed_6495_761' from server 'localhost_1_16'. (19638 ms elapsed)
          Sending 'mult_signed_6495_763' to server 'localhost_1_16'...
            Sent 'mult_signed_6495_763' to server 'localhost_1_16'.
          Received 'mult_signed_6495_750' from server 'localhost_1_17'. (21194 ms elapsed)
          Sending 'mult_signed_6495_757' to server 'localhost_1_17'...
            Sent 'mult_signed_6495_757' to server 'localhost_1_17'.
          Received 'mult_signed_6495_760' from server 'localhost_1_21'. (22345 ms elapsed)
          Sending 'mult_signed_6495_755' to server 'localhost_1_21'...
            Sent 'mult_signed_6495_755' to server 'localhost_1_21'.
          Received 'mult_signed_6495_759' from server 'localhost_1_15'. (26243 ms elapsed)
          Sending 'mult_signed_6495_762' to server 'localhost_1_15'...
            Sent 'mult_signed_6495_762' to server 'localhost_1_15'.
          Received 'mult_signed_6495_749' from server 'localhost_1_0'. (17785 ms elapsed)
          Sending 'mult_signed_6495_754' to server 'localhost_1_0'...
            Sent 'mult_signed_6495_754' to server 'localhost_1_0'.
          Received 'mult_signed_6495_763' from server 'localhost_1_16'. (17720 ms elapsed)
          Sending 'mult_signed_6495' to server 'localhost_1_16'...
            Sent 'mult_signed_6495' to server 'localhost_1_16'.
          Received 'mult_signed_6495_758' from server 'localhost_1_18'. (18847 ms elapsed)
          Sending 'csa_tree_sub_1103_163_group_12368' to server 'localhost_1_18'...
            Sent 'csa_tree_sub_1103_163_group_12368' to server 'localhost_1_18'.
          Received 'mult_signed_6495_757' from server 'localhost_1_17'. (20460 ms elapsed)
          Sending 'csa_tree_sub_1091_163_group_13422' to server 'localhost_1_17'...
            Sent 'csa_tree_sub_1091_163_group_13422' to server 'localhost_1_17'.
          Received 'mult_signed_6495_748' from server 'localhost_1_19'. (22504 ms elapsed)
          Sending 'csa_tree_add_1097_168_group_13320' to server 'localhost_1_19'...
            Sent 'csa_tree_add_1097_168_group_13320' to server 'localhost_1_19'.
          Received 'mult_signed_6495_755' from server 'localhost_1_21'. (19404 ms elapsed)
          Sending 'WALLACE_CSA_DUMMY_OP1_group_17009' to server 'localhost_1_21'...
            Sent 'WALLACE_CSA_DUMMY_OP1_group_17009' to server 'localhost_1_21'.
          Received 'mult_signed_6495_756' from server 'localhost_1_20'. (27748 ms elapsed)
          Sending 'csa_tree_add_1089_168_group_13284' to server 'localhost_1_20'...
            Sent 'csa_tree_add_1089_168_group_13284' to server 'localhost_1_20'.
          Received 'csa_tree_sub_1103_163_group_12368' from server 'localhost_1_18'. (8854 ms elapsed)
          Sending 'csa_tree_add_1090_168_group_13353' to server 'localhost_1_18'...
            Sent 'csa_tree_add_1090_168_group_13353' to server 'localhost_1_18'.
          Received 'WALLACE_CSA_DUMMY_OP1_group_17009' from server 'localhost_1_21'. (7125 ms elapsed)
          Sending 'csa_tree_add_1096_168_group_13251' to server 'localhost_1_21'...
            Sent 'csa_tree_add_1096_168_group_13251' to server 'localhost_1_21'.
          Received 'csa_tree_sub_1091_163_group_13422' from server 'localhost_1_17'. (7749 ms elapsed)
          Sending 'csa_tree_SUB_TC_OP_50_group_2411' to server 'localhost_1_17'...
            Sent 'csa_tree_SUB_TC_OP_50_group_2411' to server 'localhost_1_17'.
          Received 'csa_tree_add_1097_168_group_13320' from server 'localhost_1_19'. (9586 ms elapsed)
          Sending 'csa_tree_sub0041101_group_13492' to server 'localhost_1_19'...
            Sent 'csa_tree_sub0041101_group_13492' to server 'localhost_1_19'.
          Received 'mult_signed_6495_762' from server 'localhost_1_15'. (23310 ms elapsed)
          Sending 'csa_tree_sub0048357_group_12438' to server 'localhost_1_15'...
            Sent 'csa_tree_sub0048357_group_12438' to server 'localhost_1_15'.
          Received 'csa_tree_add_1089_168_group_13284' from server 'localhost_1_20'. (7105 ms elapsed)
          Sending 'csa_tree_SUB_TC_OP_24_group_2480' to server 'localhost_1_20'...
            Sent 'csa_tree_SUB_TC_OP_24_group_2480' to server 'localhost_1_20'.
          Received 'csa_tree_add_1096_168_group_13251' from server 'localhost_1_21'. (6455 ms elapsed)
          Sending 'WALLACE_CSA_DUMMY_OP_group_16940' to server 'localhost_1_21'...
            Sent 'WALLACE_CSA_DUMMY_OP_group_16940' to server 'localhost_1_21'.
          Received 'csa_tree_SUB_TC_OP_50_group_2411' from server 'localhost_1_17'. (6498 ms elapsed)
          Sending 'csa_tree_ADD_TC_OP_69_group_2550' to server 'localhost_1_17'...
            Sent 'csa_tree_ADD_TC_OP_69_group_2550' to server 'localhost_1_17'.
          Received 'mult_signed_6495_754' from server 'localhost_1_0'. (19269 ms elapsed)
          Sending 'csa_tree_ADD_TC_OP_93_group_2549' to server 'localhost_1_0'...
            Sent 'csa_tree_ADD_TC_OP_93_group_2549' to server 'localhost_1_0'.
          Received 'mult_signed_6495' from server 'localhost_1_16'. (18910 ms elapsed)
          Sending 'csa_tree_add_1106_154_group_12508' to server 'localhost_1_16'...
            Sent 'csa_tree_add_1106_154_group_12508' to server 'localhost_1_16'.
          Received 'csa_tree_SUB_TC_OP_24_group_2480' from server 'localhost_1_20'. (5223 ms elapsed)
          Sending 'csa_tree_add_1105_154_group_12507' to server 'localhost_1_20'...
            Sent 'csa_tree_add_1105_154_group_12507' to server 'localhost_1_20'.
          Received 'csa_tree_sub0048357_group_12438' from server 'localhost_1_15'. (6708 ms elapsed)
          Sending 'cb_part_1558' to server 'localhost_1_15'...
            Sent 'cb_part_1558' to server 'localhost_1_15'.
          Received 'csa_tree_add_1090_168_group_13353' from server 'localhost_1_18'. (12781 ms elapsed)
          Sending 'csa_tree_sub_1088_55_group_11' to server 'localhost_1_18'...
            Sent 'csa_tree_sub_1088_55_group_11' to server 'localhost_1_18'.
          Received 'WALLACE_CSA_DUMMY_OP_group_16940' from server 'localhost_1_21'. (5091 ms elapsed)
          Sending 'csa_tree_SUB_TC_OP_20_group_4' to server 'localhost_1_21'...
            Sent 'csa_tree_SUB_TC_OP_20_group_4' to server 'localhost_1_21'.
          Received 'csa_tree_sub0041101_group_13492' from server 'localhost_1_19'. (10210 ms elapsed)
          Sending 'csa_tree_sub_1093_55_group_9' to server 'localhost_1_19'...
            Sent 'csa_tree_sub_1093_55_group_9' to server 'localhost_1_19'.
          Received 'csa_tree_ADD_TC_OP_69_group_2550' from server 'localhost_1_17'. (6270 ms elapsed)
          Sending 'csa_tree_sub0054891_group_6' to server 'localhost_1_17'...
            Sent 'csa_tree_sub0054891_group_6' to server 'localhost_1_17'.
          Received 'csa_tree_add_1106_154_group_12508' from server 'localhost_1_16'. (6300 ms elapsed)
          Sending 'csa_tree_sub0045263_group_5' to server 'localhost_1_16'...
            Sent 'csa_tree_sub0045263_group_5' to server 'localhost_1_16'.
          Received 'cb_part_1558' from server 'localhost_1_15'. (4682 ms elapsed)
          Sending 'csa_tree_sub0043824_group_11' to server 'localhost_1_15'...
            Sent 'csa_tree_sub0043824_group_11' to server 'localhost_1_15'.
          Received 'csa_tree_SUB_TC_OP_20_group_4' from server 'localhost_1_21'. (5322 ms elapsed)
          Sending 'csa_tree_SUB_TC_OP_14_group_6' to server 'localhost_1_21'...
            Sent 'csa_tree_SUB_TC_OP_14_group_6' to server 'localhost_1_21'.
          Received 'csa_tree_sub_1093_55_group_9' from server 'localhost_1_19'. (4398 ms elapsed)
          Sending 'csa_tree_ADD_TC_OP_group_14' to server 'localhost_1_19'...
            Sent 'csa_tree_ADD_TC_OP_group_14' to server 'localhost_1_19'.
          Received 'csa_tree_ADD_TC_OP_93_group_2549' from server 'localhost_1_0'. (9768 ms elapsed)
          Sending 'csa_tree_ADD_TC_OP_7_group_12' to server 'localhost_1_0'...
            Sent 'csa_tree_ADD_TC_OP_7_group_12' to server 'localhost_1_0'.
          Received 'csa_tree_sub_1088_55_group_11' from server 'localhost_1_18'. (6148 ms elapsed)
          Sending 'csa_tree_add_1102_53_group_15' to server 'localhost_1_18'...
            Sent 'csa_tree_add_1102_53_group_15' to server 'localhost_1_18'.
          Received 'csa_tree_sub0045263_group_5' from server 'localhost_1_16'. (3579 ms elapsed)
          Sending 'csa_tree_add_1107_54_group_9' to server 'localhost_1_16'...
            Sent 'csa_tree_add_1107_54_group_9' to server 'localhost_1_16'.
          Received 'csa_tree_add_1105_154_group_12507' from server 'localhost_1_20'. (7403 ms elapsed)
          Sending 'WALLACE_CSA_DUMMY_OP_group_41871_2' to server 'localhost_1_20'...
            Sent 'WALLACE_CSA_DUMMY_OP_group_41871_2' to server 'localhost_1_20'.
          Received 'csa_tree_sub0043824_group_11' from server 'localhost_1_15'. (4079 ms elapsed)
          Sending 'WALLACE_CSA_DUMMY_OP_group_41871_1' to server 'localhost_1_15'...
            Sent 'WALLACE_CSA_DUMMY_OP_group_41871_1' to server 'localhost_1_15'.
          Received 'csa_tree_sub0054891_group_6' from server 'localhost_1_17'. (6866 ms elapsed)
          Sending 'WALLACE_CSA_DUMMY_OP_group_41871' to server 'localhost_1_17'...
            Sent 'WALLACE_CSA_DUMMY_OP_group_41871' to server 'localhost_1_17'.
          Received 'csa_tree_ADD_TC_OP_group_14' from server 'localhost_1_19'. (3269 ms elapsed)
          Sending 'divide_signed_30_812' to server 'localhost_1_19'...
            Sent 'divide_signed_30_812' to server 'localhost_1_19'.
          Received 'csa_tree_add_1107_54_group_9' from server 'localhost_1_16'. (3217 ms elapsed)
          Sending 'divide_signed_30' to server 'localhost_1_16'...
            Sent 'divide_signed_30' to server 'localhost_1_16'.
          Received 'csa_tree_SUB_TC_OP_14_group_6' from server 'localhost_1_21'. (4304 ms elapsed)
          Sending 'divide_signed_772' to server 'localhost_1_21'...
            Sent 'divide_signed_772' to server 'localhost_1_21'.
          Received 'csa_tree_ADD_TC_OP_7_group_12' from server 'localhost_1_0'. (4994 ms elapsed)
          Sending 'csa_tree_SUB_TC_OP_15_group_569' to server 'localhost_1_0'...
            Sent 'csa_tree_SUB_TC_OP_15_group_569' to server 'localhost_1_0'.
          Received 'WALLACE_CSA_DUMMY_OP_group_41871_1' from server 'localhost_1_15'. (2439 ms elapsed)
          Sending 'csa_tree_SUB_TC_OP_22_group_570' to server 'localhost_1_15'...
            Sent 'csa_tree_SUB_TC_OP_22_group_570' to server 'localhost_1_15'.
          Received 'WALLACE_CSA_DUMMY_OP_group_41871_2' from server 'localhost_1_20'. (4740 ms elapsed)
          Sending 'csa_tree_SUB_TC_OP_22_group_570_1' to server 'localhost_1_20'...
            Sent 'csa_tree_SUB_TC_OP_22_group_570_1' to server 'localhost_1_20'.
          Received 'csa_tree_add_1102_53_group_15' from server 'localhost_1_18'. (6004 ms elapsed)
          Sending 'csa_tree_SUB_TC_OP_22_group_570_2' to server 'localhost_1_18'...
            Sent 'csa_tree_SUB_TC_OP_22_group_570_2' to server 'localhost_1_18'.
          Received 'csa_tree_SUB_TC_OP_22_group_570_1' from server 'localhost_1_20'. (2288 ms elapsed)
          Sending 'csa_tree_SUB_TC_OP_22_group_570_3' to server 'localhost_1_20'...
            Sent 'csa_tree_SUB_TC_OP_22_group_570_3' to server 'localhost_1_20'.
          Received 'WALLACE_CSA_DUMMY_OP_group_41871' from server 'localhost_1_17'. (4932 ms elapsed)
          Sending 'csa_tree_SUB_TC_OP_15_group_569_3' to server 'localhost_1_17'...
            Sent 'csa_tree_SUB_TC_OP_15_group_569_3' to server 'localhost_1_17'.
          Received 'csa_tree_SUB_TC_OP_22_group_570' from server 'localhost_1_15'. (3278 ms elapsed)
          Sending 'csa_tree_SUB_TC_OP_15_group_569_2' to server 'localhost_1_15'...
            Sent 'csa_tree_SUB_TC_OP_15_group_569_2' to server 'localhost_1_15'.
          Received 'csa_tree_SUB_TC_OP_15_group_569' from server 'localhost_1_0'. (3931 ms elapsed)
          Sending 'csa_tree_SUB_TC_OP_15_group_569_1' to server 'localhost_1_0'...
            Sent 'csa_tree_SUB_TC_OP_15_group_569_1' to server 'localhost_1_0'.
          Received 'csa_tree_SUB_TC_OP_22_group_570_2' from server 'localhost_1_18'. (3796 ms elapsed)
          Sending 'divide_signed' to server 'localhost_1_18'...
            Sent 'divide_signed' to server 'localhost_1_18'.
          Received 'csa_tree_SUB_TC_OP_15_group_569_3' from server 'localhost_1_17'. (2662 ms elapsed)
          Sending 'csa_tree_SUB_TC_OP_25_group_563' to server 'localhost_1_17'...
            Sent 'csa_tree_SUB_TC_OP_25_group_563' to server 'localhost_1_17'.
          Received 'csa_tree_SUB_TC_OP_22_group_570_3' from server 'localhost_1_20'. (3040 ms elapsed)
          Sending 'csa_tree_SUB_TC_OP_30_group_565' to server 'localhost_1_20'...
            Sent 'csa_tree_SUB_TC_OP_30_group_565' to server 'localhost_1_20'.
          Received 'csa_tree_SUB_TC_OP_15_group_569_1' from server 'localhost_1_0'. (3533 ms elapsed)
          Sending 'csa_tree_SUB_TC_OP_group_567' to server 'localhost_1_0'...
            Sent 'csa_tree_SUB_TC_OP_group_567' to server 'localhost_1_0'.
          Received 'csa_tree_SUB_TC_OP_30_group_565' from server 'localhost_1_20'. (2462 ms elapsed)
          Sending 'csa_tree_SUB_TC_OP_25_group_563_1' to server 'localhost_1_20'...
            Sent 'csa_tree_SUB_TC_OP_25_group_563_1' to server 'localhost_1_20'.
          Received 'csa_tree_SUB_TC_OP_25_group_563' from server 'localhost_1_17'. (2835 ms elapsed)
          Sending 'csa_tree_SUB_TC_OP_25_group_563_2' to server 'localhost_1_17'...
            Sent 'csa_tree_SUB_TC_OP_25_group_563_2' to server 'localhost_1_17'.
          Received 'csa_tree_SUB_TC_OP_group_567' from server 'localhost_1_0'. (2426 ms elapsed)
          Sending 'csa_tree_SUB_TC_OP_30_group_565_2' to server 'localhost_1_0'...
            Sent 'csa_tree_SUB_TC_OP_30_group_565_2' to server 'localhost_1_0'.
          Received 'csa_tree_SUB_TC_OP_25_group_563_2' from server 'localhost_1_17'. (2938 ms elapsed)
          Sending 'csa_tree_SUB_TC_OP_30_group_565_1' to server 'localhost_1_17'...
            Sent 'csa_tree_SUB_TC_OP_30_group_565_1' to server 'localhost_1_17'.
          Received 'csa_tree_SUB_TC_OP_15_group_569_2' from server 'localhost_1_15'. (7750 ms elapsed)
          Sending 'csa_tree_SUB_TC_OP_group_567_2' to server 'localhost_1_15'...
            Sent 'csa_tree_SUB_TC_OP_group_567_2' to server 'localhost_1_15'.
          Received 'csa_tree_SUB_TC_OP_25_group_563_1' from server 'localhost_1_20'. (4477 ms elapsed)
          Sending 'csa_tree_SUB_TC_OP_group_567_1' to server 'localhost_1_20'...
            Sent 'csa_tree_SUB_TC_OP_group_567_1' to server 'localhost_1_20'.
          Received 'csa_tree_SUB_TC_OP_30_group_565_2' from server 'localhost_1_0'. (2279 ms elapsed)
          Sending 'csa_tree_SUB_TC_OP_25_group_563_3' to server 'localhost_1_0'...
            Sent 'csa_tree_SUB_TC_OP_25_group_563_3' to server 'localhost_1_0'.
          Received 'csa_tree_SUB_TC_OP_group_567_2' from server 'localhost_1_15'. (2871 ms elapsed)
          Sending 'csa_tree_SUB_TC_OP_group_567_3' to server 'localhost_1_15'...
            Sent 'csa_tree_SUB_TC_OP_group_567_3' to server 'localhost_1_15'.
          Received 'csa_tree_SUB_TC_OP_30_group_565_1' from server 'localhost_1_17'. (3237 ms elapsed)
          Sending 'csa_tree_SUB_TC_OP_30_group_565_3' to server 'localhost_1_17'...
            Sent 'csa_tree_SUB_TC_OP_30_group_565_3' to server 'localhost_1_17'.
          Received 'divide_signed_30_812' from server 'localhost_1_19'. (16974 ms elapsed)
          Sending 'csa_tree_SUB_TC_OP_10_group_568' to server 'localhost_1_19'...
            Sent 'csa_tree_SUB_TC_OP_10_group_568' to server 'localhost_1_19'.
          Received 'csa_tree_SUB_TC_OP_group_567_1' from server 'localhost_1_20'. (3082 ms elapsed)
          Sending 'WALLACE_CSA_DUMMY_OP1_group_41879' to server 'localhost_1_20'...
            Sent 'WALLACE_CSA_DUMMY_OP1_group_41879' to server 'localhost_1_20'.
          Received 'csa_tree_SUB_TC_OP_25_group_563_3' from server 'localhost_1_0'. (2555 ms elapsed)
          Sending 'csa_tree_SUB_TC_OP_15_group_35096' to server 'localhost_1_0'...
            Sent 'csa_tree_SUB_TC_OP_15_group_35096' to server 'localhost_1_0'.
          Received 'csa_tree_SUB_TC_OP_group_567_3' from server 'localhost_1_15'. (2653 ms elapsed)
          Sending 'csa_tree_SUB_TC_OP_10_group_568_3' to server 'localhost_1_15'...
            Sent 'csa_tree_SUB_TC_OP_10_group_568_3' to server 'localhost_1_15'.
          Received 'csa_tree_SUB_TC_OP_10_group_568' from server 'localhost_1_19'. (2090 ms elapsed)
          Sending 'csa_tree_SUB_TC_OP_10_group_568_1' to server 'localhost_1_19'...
            Sent 'csa_tree_SUB_TC_OP_10_group_568_1' to server 'localhost_1_19'.
          Received 'WALLACE_CSA_DUMMY_OP1_group_41879' from server 'localhost_1_20'. (2347 ms elapsed)
          Sending 'WALLACE_CSA_DUMMY_OP1_group_41879_1' to server 'localhost_1_20'...
            Sent 'WALLACE_CSA_DUMMY_OP1_group_41879_1' to server 'localhost_1_20'.
          Received 'csa_tree_SUB_TC_OP_15_group_35096' from server 'localhost_1_0'. (2257 ms elapsed)
          Sending 'csa_tree_SUB_TC_OP_10_group_568_2' to server 'localhost_1_0'...
            Sent 'csa_tree_SUB_TC_OP_10_group_568_2' to server 'localhost_1_0'.
          Received 'csa_tree_SUB_TC_OP_30_group_565_3' from server 'localhost_1_17'. (4255 ms elapsed)
          Sending 'WALLACE_CSA_DUMMY_OP1_group_41879_2' to server 'localhost_1_17'...
            Sent 'WALLACE_CSA_DUMMY_OP1_group_41879_2' to server 'localhost_1_17'.
          Received 'csa_tree_SUB_TC_OP_10_group_568_3' from server 'localhost_1_15'. (2456 ms elapsed)
          Sending 'csa_tree_SUB_TC_OP_22_group_35099' to server 'localhost_1_15'...
            Sent 'csa_tree_SUB_TC_OP_22_group_35099' to server 'localhost_1_15'.
          Received 'WALLACE_CSA_DUMMY_OP1_group_41879_1' from server 'localhost_1_20'. (1665 ms elapsed)
          Sending 'remainder_signed_30_813' to server 'localhost_1_20'...
            Sent 'remainder_signed_30_813' to server 'localhost_1_20'.
          Received 'csa_tree_SUB_TC_OP_10_group_568_1' from server 'localhost_1_19'. (3390 ms elapsed)
          Sending 'csa_tree_add_1163_133_group_42433' to server 'localhost_1_19'...
            Sent 'csa_tree_add_1163_133_group_42433' to server 'localhost_1_19'.
          Received 'csa_tree_SUB_TC_OP_10_group_568_2' from server 'localhost_1_0'. (2561 ms elapsed)
          Sending 'csa_tree_add_1163_133_group_42433_2' to server 'localhost_1_0'...
            Sent 'csa_tree_add_1163_133_group_42433_2' to server 'localhost_1_0'.
          Received 'remainder_signed_30_813' from server 'localhost_1_20'. (2176 ms elapsed)
          Sending 'csa_tree_add_1163_133_group_42433_1' to server 'localhost_1_20'...
            Sent 'csa_tree_add_1163_133_group_42433_1' to server 'localhost_1_20'.
          Received 'csa_tree_SUB_TC_OP_22_group_35099' from server 'localhost_1_15'. (2846 ms elapsed)
          Sending 'csa_tree_SUB_TC_OP_group_35092' to server 'localhost_1_15'...
            Sent 'csa_tree_SUB_TC_OP_group_35092' to server 'localhost_1_15'.
          Received 'csa_tree_add_1163_133_group_42433' from server 'localhost_1_19'. (2233 ms elapsed)
          Sending 'csa_tree_SUB_TC_OP_25_group_35088' to server 'localhost_1_19'...
            Sent 'csa_tree_SUB_TC_OP_25_group_35088' to server 'localhost_1_19'.
          Received 'WALLACE_CSA_DUMMY_OP1_group_41879_2' from server 'localhost_1_17'. (4052 ms elapsed)
          Sending 'csa_tree_SUB_TC_OP_30_group_35090' to server 'localhost_1_17'...
            Sent 'csa_tree_SUB_TC_OP_30_group_35090' to server 'localhost_1_17'.
          Received 'csa_tree_add_1163_133_group_42433_2' from server 'localhost_1_0'. (2055 ms elapsed)
          Sending 'csa_tree_SUB_TC_OP_10_group_35094' to server 'localhost_1_0'...
            Sent 'csa_tree_SUB_TC_OP_10_group_35094' to server 'localhost_1_0'.
          Received 'csa_tree_SUB_TC_OP_group_35092' from server 'localhost_1_15'. (2230 ms elapsed)
          Sending 'csa_tree_SUB_TC_OP_22_group_30443' to server 'localhost_1_15'...
            Sent 'csa_tree_SUB_TC_OP_22_group_30443' to server 'localhost_1_15'.
          Received 'csa_tree_SUB_TC_OP_25_group_35088' from server 'localhost_1_19'. (2231 ms elapsed)
          Sending 'csa_tree_SUB_TC_OP_15_group_30442' to server 'localhost_1_19'...
            Sent 'csa_tree_SUB_TC_OP_15_group_30442' to server 'localhost_1_19'.
          Received 'csa_tree_SUB_TC_OP_10_group_35094' from server 'localhost_1_0'. (1852 ms elapsed)
          Sending 'remainder_signed_773' to server 'localhost_1_0'...
            Sent 'remainder_signed_773' to server 'localhost_1_0'.
          Received 'csa_tree_SUB_TC_OP_30_group_35090' from server 'localhost_1_17'. (3215 ms elapsed)
          Sending 'remainder_signed_30' to server 'localhost_1_17'...
            Sent 'remainder_signed_30' to server 'localhost_1_17'.
          Received 'divide_signed' from server 'localhost_1_18'. (21455 ms elapsed)
          Sending 'csa_tree_SUB_TC_OP_30_group_30438' to server 'localhost_1_18'...
            Sent 'csa_tree_SUB_TC_OP_30_group_30438' to server 'localhost_1_18'.
          Received 'csa_tree_SUB_TC_OP_15_group_30442' from server 'localhost_1_19'. (1928 ms elapsed)
          Sending 'csa_tree_SUB_TC_OP_25_group_30436' to server 'localhost_1_19'...
            Sent 'csa_tree_SUB_TC_OP_25_group_30436' to server 'localhost_1_19'.
          Received 'csa_tree_SUB_TC_OP_22_group_30443' from server 'localhost_1_15'. (2740 ms elapsed)
          Sending 'csa_tree_SUB_TC_OP_group_30440' to server 'localhost_1_15'...
            Sent 'csa_tree_SUB_TC_OP_group_30440' to server 'localhost_1_15'.
          Received 'divide_signed_772' from server 'localhost_1_21'. (28199 ms elapsed)
          Sending 'csa_tree_SUB_TC_OP_10_group_30441' to server 'localhost_1_21'...
            Sent 'csa_tree_SUB_TC_OP_10_group_30441' to server 'localhost_1_21'.
          Received 'csa_tree_add_1163_133_group_42433_1' from server 'localhost_1_20'. (5386 ms elapsed)
          Sending 'csa_tree_1357' to server 'localhost_1_20'...
            Sent 'csa_tree_1357' to server 'localhost_1_20'.
          Received 'divide_signed_30' from server 'localhost_1_16'. (29309 ms elapsed)
          Sending 'csa_tree_9560' to server 'localhost_1_16'...
            Sent 'csa_tree_9560' to server 'localhost_1_16'.
          Received 'csa_tree_SUB_TC_OP_30_group_30438' from server 'localhost_1_18'. (2121 ms elapsed)
          Sending 'remainder_signed' to server 'localhost_1_18'...
            Sent 'remainder_signed' to server 'localhost_1_18'.
          Received 'csa_tree_1357' from server 'localhost_1_20'. (1649 ms elapsed)
          Sending 'WALLACE_CSA_DUMMY_OP3_group_42431_1' to server 'localhost_1_20'...
            Sent 'WALLACE_CSA_DUMMY_OP3_group_42431_1' to server 'localhost_1_20'.
          Received 'csa_tree_SUB_TC_OP_10_group_30441' from server 'localhost_1_21'. (1931 ms elapsed)
          Sending 'WALLACE_CSA_DUMMY_OP3_group_42431' to server 'localhost_1_21'...
            Sent 'WALLACE_CSA_DUMMY_OP3_group_42431' to server 'localhost_1_21'.
          Received 'csa_tree_SUB_TC_OP_25_group_30436' from server 'localhost_1_19'. (2257 ms elapsed)
          Sending 'WALLACE_CSA_DUMMY_OP3_group_42431_2' to server 'localhost_1_19'...
            Sent 'WALLACE_CSA_DUMMY_OP3_group_42431_2' to server 'localhost_1_19'.
          Received 'WALLACE_CSA_DUMMY_OP3_group_42431_1' from server 'localhost_1_20'. (1577 ms elapsed)
          Received 'WALLACE_CSA_DUMMY_OP3_group_42431' from server 'localhost_1_21'. (1542 ms elapsed)
          Received 'WALLACE_CSA_DUMMY_OP3_group_42431_2' from server 'localhost_1_19'. (1532 ms elapsed)
          Received 'csa_tree_9560' from server 'localhost_1_16'. (3123 ms elapsed)
          Received 'csa_tree_SUB_TC_OP_group_30440' from server 'localhost_1_15'. (4127 ms elapsed)
          Received 'remainder_signed_773' from server 'localhost_1_0'. (34686 ms elapsed)
          Received 'remainder_signed' from server 'localhost_1_18'. (33278 ms elapsed)
          Received 'remainder_signed_30' from server 'localhost_1_17'. (58279 ms elapsed)
        Distributing super-thread jobs: mult_const_trivial_1410 mult_const_trivial_1411_1412 mult_const_trivial_1000_1001 mult_const_trivial_999 sub_unsigned_75_746 sub_unsigned_75 sub_unsigned_75_747
          Sending 'mult_const_trivial_1410' to server 'localhost_1_15'...
            Sent 'mult_const_trivial_1410' to server 'localhost_1_15'.
          Sending 'mult_const_trivial_1411_1412' to server 'localhost_1_20'...
            Sent 'mult_const_trivial_1411_1412' to server 'localhost_1_20'.
          Sending 'mult_const_trivial_1000_1001' to server 'localhost_1_18'...
            Sent 'mult_const_trivial_1000_1001' to server 'localhost_1_18'.
          Sending 'mult_const_trivial_999' to server 'localhost_1_17'...
            Sent 'mult_const_trivial_999' to server 'localhost_1_17'.
          Sending 'sub_unsigned_75_746' to server 'localhost_1_21'...
            Sent 'sub_unsigned_75_746' to server 'localhost_1_21'.
          Sending 'sub_unsigned_75' to server 'localhost_1_19'...
            Sent 'sub_unsigned_75' to server 'localhost_1_19'.
          Sending 'sub_unsigned_75_747' to server 'localhost_1_0'...
            Sent 'sub_unsigned_75_747' to server 'localhost_1_0'.
          Received 'sub_unsigned_75_746' from server 'localhost_1_21'. (495 ms elapsed)
          Received 'sub_unsigned_75' from server 'localhost_1_19'. (681 ms elapsed)
          Received 'mult_const_trivial_1410' from server 'localhost_1_15'. (754 ms elapsed)
          Received 'mult_const_trivial_1411_1412' from server 'localhost_1_20'. (796 ms elapsed)
          Received 'mult_const_trivial_999' from server 'localhost_1_17'. (822 ms elapsed)
          Received 'sub_unsigned_75_747' from server 'localhost_1_0'. (1213 ms elapsed)
          Received 'mult_const_trivial_1000_1001' from server 'localhost_1_18'. (1523 ms elapsed)
 
Global mapping status
=====================
                                   Group   
                                  Tot Wrst 
                           Total  Weighted 
Operation                   Area   Slacks  
 global_map               149865        0 

             Cost Group            Target    Slack    Diff.  Constr.
--------------------------------------------------------------------
                    clk                28       85              2000 
    cg_enable_group_clk                29      718              2000 

 
Global incremental target info
==============================
Cost Group 'clk' target slack:    40 ps
Target path end-point (Pin: r_input_weight_reg[17][18]/D (DFCNQD1BWP30P140/D))

Cost Group 'cg_enable_group_clk' target slack:    19 ps
Target path end-point (Pin: RC_CG_HIER_INST28/RC_CGIC_INST/E (CKLNQD1BWP30P140/E))

              Distributing super-thread jobs: cb_seq_1530
                Sending 'cb_seq_1530' to server 'localhost_1_15'...
                  Sent 'cb_seq_1530' to server 'localhost_1_15'.
                Received 'cb_seq_1530' from server 'localhost_1_15'. (18381 ms elapsed)
              Distributing super-thread jobs: mux_ctl_0x_1510 mux_ctl_0x_1507 mux_ctl_0x_1506 mux_ctl_0x_1508 mux_ctl_0x mux_ctl_0x_1509
                Sending 'mux_ctl_0x_1510' to server 'localhost_1_15'...
                  Sent 'mux_ctl_0x_1510' to server 'localhost_1_15'.
                Sending 'mux_ctl_0x_1507' to server 'localhost_1_20'...
                  Sent 'mux_ctl_0x_1507' to server 'localhost_1_20'.
                Sending 'mux_ctl_0x_1506' to server 'localhost_1_18'...
                  Sent 'mux_ctl_0x_1506' to server 'localhost_1_18'.
                Sending 'mux_ctl_0x_1508' to server 'localhost_1_17'...
                  Sent 'mux_ctl_0x_1508' to server 'localhost_1_17'.
                Sending 'mux_ctl_0x' to server 'localhost_1_21'...
                  Sent 'mux_ctl_0x' to server 'localhost_1_21'.
                Sending 'mux_ctl_0x_1509' to server 'localhost_1_19'...
                  Sent 'mux_ctl_0x_1509' to server 'localhost_1_19'.
                Received 'mux_ctl_0x_1510' from server 'localhost_1_15'. (963 ms elapsed)
                Received 'mux_ctl_0x_1506' from server 'localhost_1_18'. (942 ms elapsed)
                Received 'mux_ctl_0x_1508' from server 'localhost_1_17'. (919 ms elapsed)
                Received 'mux_ctl_0x_1507' from server 'localhost_1_20'. (1009 ms elapsed)
                Received 'mux_ctl_0x' from server 'localhost_1_21'. (1014 ms elapsed)
                Received 'mux_ctl_0x_1509' from server 'localhost_1_19'. (1013 ms elapsed)
              Distributing super-thread jobs: cb_seq
                Sending 'cb_seq' to server 'localhost_1_15'...
                  Sent 'cb_seq' to server 'localhost_1_15'.
                Received 'cb_seq' from server 'localhost_1_15'. (813 ms elapsed)
              Distributing super-thread jobs: divide_signed_6_822 divide_signed_30_805 divide_signed_12_802 divide_signed_30_804 divide_signed_6_814 divide_signed_24_782 divide_signed_12_794 divide_signed_12_795 divide_signed_30_809 divide_signed_6_815 divide_signed_30_808 divide_signed_18_792 divide_signed_18_784 divide_signed_24_774 divide_signed_6_819 divide_signed_24_775 divide_signed_765 divide_signed_12_799 divide_signed_18_785 divide_signed_12_798 divide_signed_6_818 divide_signed_24 divide_signed_18 divide_signed_12 divide_signed_764 divide_signed_6 divide_signed_24_778 divide_signed_18_788 divide_signed_24_779 divide_signed_18_789 divide_signed_769 remainder_signed_12_803 remainder_signed_6_823 remainder_signed_30_806 remainder_signed_30_807 remainder_signed_6_816 remainder_signed_6_817 remainder_signed_30_811 remainder_signed_12_797 remainder_signed_18_793 remainder_signed_30_810 remainder_signed_24_783 remainder_signed_12_796 remainder_signed_6 remainder_signed_24_781 remainder_signed_12 remainder_signed_24_780 remainder_signed_6_820 remainder_signed_766 remainder_signed_18_786 remainder_signed_18_791 remainder_signed_18_787 remainder_signed_24_777 remainder_signed_6_821 remainder_signed_767 remainder_signed_24_776 remainder_signed_12_800 remainder_signed_12_801 remainder_signed_18_790 remainder_signed_771
                Sending 'divide_signed_6_822' to server 'localhost_1_15'...
                  Sent 'divide_signed_6_822' to server 'localhost_1_15'.
                Sending 'divide_signed_30_805' to server 'localhost_1_20'...
                  Sent 'divide_signed_30_805' to server 'localhost_1_20'.
                Sending 'divide_signed_12_802' to server 'localhost_1_18'...
                  Sent 'divide_signed_12_802' to server 'localhost_1_18'.
                Sending 'divide_signed_30_804' to server 'localhost_1_17'...
                  Sent 'divide_signed_30_804' to server 'localhost_1_17'.
                Sending 'divide_signed_6_814' to server 'localhost_1_21'...
                  Sent 'divide_signed_6_814' to server 'localhost_1_21'.
                Sending 'divide_signed_24_782' to server 'localhost_1_19'...
                  Sent 'divide_signed_24_782' to server 'localhost_1_19'.
                Sending 'divide_signed_12_794' to server 'localhost_1_0'...
                  Sent 'divide_signed_12_794' to server 'localhost_1_0'.
                Sending 'divide_signed_12_795' to server 'localhost_1_16'...
                  Sent 'divide_signed_12_795' to server 'localhost_1_16'.
                Received 'divide_signed_24_782' from server 'localhost_1_19'. (1254 ms elapsed)
                Sending 'divide_signed_30_809' to server 'localhost_1_19'...
                  Sent 'divide_signed_30_809' to server 'localhost_1_19'.
                Received 'divide_signed_12_802' from server 'localhost_1_18'. (1386 ms elapsed)
                Sending 'divide_signed_6_815' to server 'localhost_1_18'...
                  Sent 'divide_signed_6_815' to server 'localhost_1_18'.
                Received 'divide_signed_6_814' from server 'localhost_1_21'. (1383 ms elapsed)
                Sending 'divide_signed_30_808' to server 'localhost_1_21'...
                  Sent 'divide_signed_30_808' to server 'localhost_1_21'.
                Received 'divide_signed_30_804' from server 'localhost_1_17'. (1456 ms elapsed)
                Sending 'divide_signed_18_792' to server 'localhost_1_17'...
                  Sent 'divide_signed_18_792' to server 'localhost_1_17'.
                Received 'divide_signed_12_795' from server 'localhost_1_16'. (1388 ms elapsed)
                Sending 'divide_signed_18_784' to server 'localhost_1_16'...
                  Sent 'divide_signed_18_784' to server 'localhost_1_16'.
                Received 'divide_signed_6_822' from server 'localhost_1_15'. (1570 ms elapsed)
                Sending 'divide_signed_24_774' to server 'localhost_1_15'...
                  Sent 'divide_signed_24_774' to server 'localhost_1_15'.
                Received 'divide_signed_30_805' from server 'localhost_1_20'. (1585 ms elapsed)
                Sending 'divide_signed_6_819' to server 'localhost_1_20'...
                  Sent 'divide_signed_6_819' to server 'localhost_1_20'.
                Received 'divide_signed_12_794' from server 'localhost_1_0'. (1578 ms elapsed)
                Sending 'divide_signed_24_775' to server 'localhost_1_0'...
                  Sent 'divide_signed_24_775' to server 'localhost_1_0'.
                Received 'divide_signed_30_809' from server 'localhost_1_19'. (1304 ms elapsed)
                Sending 'divide_signed_765' to server 'localhost_1_19'...
                  Sent 'divide_signed_765' to server 'localhost_1_19'.
                Received 'divide_signed_30_808' from server 'localhost_1_21'. (1275 ms elapsed)
                Sending 'divide_signed_12_799' to server 'localhost_1_21'...
                  Sent 'divide_signed_12_799' to server 'localhost_1_21'.
                Received 'divide_signed_24_774' from server 'localhost_1_15'. (1186 ms elapsed)
                Sending 'divide_signed_18_785' to server 'localhost_1_15'...
                  Sent 'divide_signed_18_785' to server 'localhost_1_15'.
                Received 'divide_signed_18_792' from server 'localhost_1_17'. (1270 ms elapsed)
                Sending 'divide_signed_12_798' to server 'localhost_1_17'...
                  Sent 'divide_signed_12_798' to server 'localhost_1_17'.
                Received 'divide_signed_6_815' from server 'localhost_1_18'. (1384 ms elapsed)
                Sending 'divide_signed_6_818' to server 'localhost_1_18'...
                  Sent 'divide_signed_6_818' to server 'localhost_1_18'.
                Received 'divide_signed_6_819' from server 'localhost_1_20'. (1193 ms elapsed)
                Sending 'divide_signed_24' to server 'localhost_1_20'...
                  Sent 'divide_signed_24' to server 'localhost_1_20'.
                Received 'divide_signed_18_784' from server 'localhost_1_16'. (1360 ms elapsed)
                Sending 'divide_signed_18' to server 'localhost_1_16'...
                  Sent 'divide_signed_18' to server 'localhost_1_16'.
                Received 'divide_signed_24_775' from server 'localhost_1_0'. (1229 ms elapsed)
                Sending 'divide_signed_12' to server 'localhost_1_0'...
                  Sent 'divide_signed_12' to server 'localhost_1_0'.
                Received 'divide_signed_765' from server 'localhost_1_19'. (1136 ms elapsed)
                Sending 'divide_signed_764' to server 'localhost_1_19'...
                  Sent 'divide_signed_764' to server 'localhost_1_19'.
                Received 'divide_signed_12_799' from server 'localhost_1_21'. (1144 ms elapsed)
                Sending 'divide_signed_6' to server 'localhost_1_21'...
                  Sent 'divide_signed_6' to server 'localhost_1_21'.
                Received 'divide_signed_18' from server 'localhost_1_16'. (974 ms elapsed)
                Sending 'divide_signed_24_778' to server 'localhost_1_16'...
                  Sent 'divide_signed_24_778' to server 'localhost_1_16'.
                Received 'divide_signed_12_798' from server 'localhost_1_17'. (1156 ms elapsed)
                Sending 'divide_signed_18_788' to server 'localhost_1_17'...
                  Sent 'divide_signed_18_788' to server 'localhost_1_17'.
                Received 'divide_signed_18_785' from server 'localhost_1_15'. (1198 ms elapsed)
                Sending 'divide_signed_24_779' to server 'localhost_1_15'...
                  Sent 'divide_signed_24_779' to server 'localhost_1_15'.
                Received 'divide_signed_24' from server 'localhost_1_20'. (1135 ms elapsed)
                Sending 'divide_signed_18_789' to server 'localhost_1_20'...
                  Sent 'divide_signed_18_789' to server 'localhost_1_20'.
                Received 'divide_signed_6_818' from server 'localhost_1_18'. (1176 ms elapsed)
                Sending 'divide_signed_769' to server 'localhost_1_18'...
                  Sent 'divide_signed_769' to server 'localhost_1_18'.
                Received 'divide_signed_12' from server 'localhost_1_0'. (1112 ms elapsed)
                Sending 'remainder_signed_12_803' to server 'localhost_1_0'...
                  Sent 'remainder_signed_12_803' to server 'localhost_1_0'.
                Received 'remainder_signed_12_803' from server 'localhost_1_0'. (753 ms elapsed)
                Sending 'remainder_signed_6_823' to server 'localhost_1_0'...
                  Sent 'remainder_signed_6_823' to server 'localhost_1_0'.
                Received 'divide_signed_24_778' from server 'localhost_1_16'. (1008 ms elapsed)
                Sending 'remainder_signed_30_806' to server 'localhost_1_16'...
                  Sent 'remainder_signed_30_806' to server 'localhost_1_16'.
                Received 'divide_signed_18_788' from server 'localhost_1_17'. (1006 ms elapsed)
                Sending 'remainder_signed_30_807' to server 'localhost_1_17'...
                  Sent 'remainder_signed_30_807' to server 'localhost_1_17'.
                Received 'divide_signed_6' from server 'localhost_1_21'. (1064 ms elapsed)
                Sending 'remainder_signed_6_816' to server 'localhost_1_21'...
                  Sent 'remainder_signed_6_816' to server 'localhost_1_21'.
                Received 'divide_signed_764' from server 'localhost_1_19'. (1151 ms elapsed)
                Sending 'remainder_signed_6_817' to server 'localhost_1_19'...
                  Sent 'remainder_signed_6_817' to server 'localhost_1_19'.
                Received 'divide_signed_769' from server 'localhost_1_18'. (982 ms elapsed)
                Sending 'remainder_signed_30_811' to server 'localhost_1_18'...
                  Sent 'remainder_signed_30_811' to server 'localhost_1_18'.
                Received 'divide_signed_18_789' from server 'localhost_1_20'. (1062 ms elapsed)
                Sending 'remainder_signed_12_797' to server 'localhost_1_20'...
                  Sent 'remainder_signed_12_797' to server 'localhost_1_20'.
                Received 'divide_signed_24_779' from server 'localhost_1_15'. (1097 ms elapsed)
                Sending 'remainder_signed_18_793' to server 'localhost_1_15'...
                  Sent 'remainder_signed_18_793' to server 'localhost_1_15'.
                Received 'remainder_signed_30_811' from server 'localhost_1_18'. (574 ms elapsed)
                Sending 'remainder_signed_30_810' to server 'localhost_1_18'...
                  Sent 'remainder_signed_30_810' to server 'localhost_1_18'.
                Received 'remainder_signed_12_797' from server 'localhost_1_20'. (573 ms elapsed)
                Sending 'remainder_signed_24_783' to server 'localhost_1_20'...
                  Sent 'remainder_signed_24_783' to server 'localhost_1_20'.
                Received 'remainder_signed_6_823' from server 'localhost_1_0'. (811 ms elapsed)
                Sending 'remainder_signed_12_796' to server 'localhost_1_0'...
                  Sent 'remainder_signed_12_796' to server 'localhost_1_0'.
                Received 'remainder_signed_18_793' from server 'localhost_1_15'. (556 ms elapsed)
                Sending 'remainder_signed_6' to server 'localhost_1_15'...
                  Sent 'remainder_signed_6' to server 'localhost_1_15'.
                Received 'remainder_signed_6_816' from server 'localhost_1_21'. (751 ms elapsed)
                Sending 'remainder_signed_24_781' to server 'localhost_1_21'...
                  Sent 'remainder_signed_24_781' to server 'localhost_1_21'.
                Received 'remainder_signed_30_807' from server 'localhost_1_17'. (783 ms elapsed)
                Sending 'remainder_signed_12' to server 'localhost_1_17'...
                  Sent 'remainder_signed_12' to server 'localhost_1_17'.
                Received 'remainder_signed_30_806' from server 'localhost_1_16'. (815 ms elapsed)
                Sending 'remainder_signed_24_780' to server 'localhost_1_16'...
                  Sent 'remainder_signed_24_780' to server 'localhost_1_16'.
                Received 'remainder_signed_6_817' from server 'localhost_1_19'. (753 ms elapsed)
                Sending 'remainder_signed_6_820' to server 'localhost_1_19'...
                  Sent 'remainder_signed_6_820' to server 'localhost_1_19'.
                Received 'remainder_signed_30_810' from server 'localhost_1_18'. (589 ms elapsed)
                Sending 'remainder_signed_766' to server 'localhost_1_18'...
                  Sent 'remainder_signed_766' to server 'localhost_1_18'.
                Received 'remainder_signed_12' from server 'localhost_1_17'. (518 ms elapsed)
                Sending 'remainder_signed_18_786' to server 'localhost_1_17'...
                  Sent 'remainder_signed_18_786' to server 'localhost_1_17'.
                Received 'remainder_signed_6' from server 'localhost_1_15'. (560 ms elapsed)
                Sending 'remainder_signed_18_791' to server 'localhost_1_15'...
                  Sent 'remainder_signed_18_791' to server 'localhost_1_15'.
                Received 'remainder_signed_12_796' from server 'localhost_1_0'. (587 ms elapsed)
                Sending 'remainder_signed_18_787' to server 'localhost_1_0'...
                  Sent 'remainder_signed_18_787' to server 'localhost_1_0'.
                Received 'remainder_signed_24_783' from server 'localhost_1_20'. (640 ms elapsed)
                Sending 'remainder_signed_24_777' to server 'localhost_1_20'...
                  Sent 'remainder_signed_24_777' to server 'localhost_1_20'.
                Received 'remainder_signed_6_820' from server 'localhost_1_19'. (492 ms elapsed)
                Sending 'remainder_signed_6_821' to server 'localhost_1_19'...
                  Sent 'remainder_signed_6_821' to server 'localhost_1_19'.
                Received 'remainder_signed_24_780' from server 'localhost_1_16'. (567 ms elapsed)
                Sending 'remainder_signed_767' to server 'localhost_1_16'...
                  Sent 'remainder_signed_767' to server 'localhost_1_16'.
                Received 'remainder_signed_24_781' from server 'localhost_1_21'. (646 ms elapsed)
                Sending 'remainder_signed_24_776' to server 'localhost_1_21'...
                  Sent 'remainder_signed_24_776' to server 'localhost_1_21'.
                Received 'remainder_signed_766' from server 'localhost_1_18'. (514 ms elapsed)
                Sending 'remainder_signed_12_800' to server 'localhost_1_18'...
                  Sent 'remainder_signed_12_800' to server 'localhost_1_18'.
                Received 'remainder_signed_18_787' from server 'localhost_1_0'. (533 ms elapsed)
                Sending 'remainder_signed_12_801' to server 'localhost_1_0'...
                  Sent 'remainder_signed_12_801' to server 'localhost_1_0'.
                Received 'remainder_signed_18_791' from server 'localhost_1_15'. (560 ms elapsed)
                Sending 'remainder_signed_18_790' to server 'localhost_1_15'...
                  Sent 'remainder_signed_18_790' to server 'localhost_1_15'.
                Received 'remainder_signed_18_786' from server 'localhost_1_17'. (587 ms elapsed)
                Sending 'remainder_signed_771' to server 'localhost_1_17'...
                  Sent 'remainder_signed_771' to server 'localhost_1_17'.
                Received 'remainder_signed_767' from server 'localhost_1_16'. (533 ms elapsed)
                Received 'remainder_signed_6_821' from server 'localhost_1_19'. (547 ms elapsed)
                Received 'remainder_signed_24_777' from server 'localhost_1_20'. (560 ms elapsed)
                Received 'remainder_signed_24_776' from server 'localhost_1_21'. (509 ms elapsed)
                Received 'remainder_signed_12_800' from server 'localhost_1_18'. (483 ms elapsed)
                Received 'remainder_signed_12_801' from server 'localhost_1_0'. (499 ms elapsed)
                Received 'remainder_signed_771' from server 'localhost_1_17'. (450 ms elapsed)
                Received 'remainder_signed_18_790' from server 'localhost_1_15'. (498 ms elapsed)
              Distributing super-thread jobs: cb_oseq_1531 WALLACE_CSA_DUMMY_OP1_group_17009 mult_signed_6495_750 mult_signed_6495_752 mult_signed_6495_754 mult_signed_6495 mult_signed_6495_759 mult_signed_6495_1 mult_signed_6495_760 mult_signed_6495_755 mult_signed_6495_761 mult_signed_6495_751 mult_signed_6495_756 mult_signed_6495_757 mult_signed_6495_753 mult_signed_6495_762 mult_signed_6495_758 mult_signed_6495_763 mult_signed_6495_748 mult_signed_6495_749 csa_tree_sub0048357_group_12438 cb_part_1553 csa_tree_add_1096_168_group_13251 csa_tree_sub0041101_group_13492 csa_tree_add_1090_168_group_13353 WALLACE_CSA_DUMMY_OP_group_16940 csa_tree_sub_1103_163_group_12368 csa_tree_SUB_TC_OP_24_group_2480 csa_tree_SUB_TC_OP_50_group_2411 csa_tree_sub_1091_163_group_13422 csa_tree_add_1097_168_group_13320 csa_tree_add_1106_154_group_12508 csa_tree_add_1089_168_group_13284 csa_tree_ADD_TC_OP_93_group_2549 csa_tree_add_1105_154_group_12507 cb_part_1558 csa_tree_sub_1093_55_group_9 divide_signed_30_812 csa_tree_ADD_TC_OP_7_group_12 csa_tree_sub0054891_group_6 csa_tree_sub0045263_group_5 csa_tree_add_1107_54_group_9 csa_tree_SUB_TC_OP_14_group_6 divide_signed_30 divide_signed_772 divide_signed csa_tree_SUB_TC_OP_20_group_4 csa_tree_ADD_TC_OP_group_14 csa_tree_sub0043824_group_11 csa_tree_ADD_TC_OP_69_group_2550 divide_signed_768 csa_tree_sub_1088_55_group_11 csa_tree_add_1102_53_group_15 remainder_signed_30_813 cb_part_1557 cb_part_1556 remainder_signed_30 cb_part_1554 remainder_signed_773 remainder_signed_770
                Sending 'cb_oseq_1531' to server 'localhost_1_15'...
                  Sent 'cb_oseq_1531' to server 'localhost_1_15'.
                Sending 'WALLACE_CSA_DUMMY_OP1_group_17009' to server 'localhost_1_20'...
                  Sent 'WALLACE_CSA_DUMMY_OP1_group_17009' to server 'localhost_1_20'.
                Sending 'mult_signed_6495_750' to server 'localhost_1_18'...
                  Sent 'mult_signed_6495_750' to server 'localhost_1_18'.
                Sending 'mult_signed_6495_752' to server 'localhost_1_17'...
                  Sent 'mult_signed_6495_752' to server 'localhost_1_17'.
                Sending 'mult_signed_6495_754' to server 'localhost_1_21'...
                  Sent 'mult_signed_6495_754' to server 'localhost_1_21'.
                Sending 'mult_signed_6495' to server 'localhost_1_19'...
                  Sent 'mult_signed_6495' to server 'localhost_1_19'.
                Sending 'mult_signed_6495_759' to server 'localhost_1_0'...
                  Sent 'mult_signed_6495_759' to server 'localhost_1_0'.
                Sending 'mult_signed_6495_1' to server 'localhost_1_16'...
                  Sent 'mult_signed_6495_1' to server 'localhost_1_16'.
                Received 'mult_signed_6495_750' from server 'localhost_1_18'. (270 ms elapsed)
                Sending 'mult_signed_6495_760' to server 'localhost_1_18'...
                  Sent 'mult_signed_6495_760' to server 'localhost_1_18'.
                Received 'mult_signed_6495_752' from server 'localhost_1_17'. (271 ms elapsed)
                Sending 'mult_signed_6495_755' to server 'localhost_1_17'...
                  Sent 'mult_signed_6495_755' to server 'localhost_1_17'.
                Received 'mult_signed_6495_754' from server 'localhost_1_21'. (273 ms elapsed)
                Sending 'mult_signed_6495_761' to server 'localhost_1_21'...
                  Sent 'mult_signed_6495_761' to server 'localhost_1_21'.
                Received 'mult_signed_6495_759' from server 'localhost_1_0'. (276 ms elapsed)
                Sending 'mult_signed_6495_751' to server 'localhost_1_0'...
                  Sent 'mult_signed_6495_751' to server 'localhost_1_0'.
                Received 'mult_signed_6495' from server 'localhost_1_19'. (330 ms elapsed)
                Sending 'mult_signed_6495_756' to server 'localhost_1_19'...
                  Sent 'mult_signed_6495_756' to server 'localhost_1_19'.
                Received 'mult_signed_6495_1' from server 'localhost_1_16'. (305 ms elapsed)
                Sending 'mult_signed_6495_757' to server 'localhost_1_16'...
                  Sent 'mult_signed_6495_757' to server 'localhost_1_16'.
                Received 'mult_signed_6495_760' from server 'localhost_1_18'. (273 ms elapsed)
                Sending 'mult_signed_6495_753' to server 'localhost_1_18'...
                  Sent 'mult_signed_6495_753' to server 'localhost_1_18'.
                Received 'mult_signed_6495_761' from server 'localhost_1_21'. (245 ms elapsed)
                Sending 'mult_signed_6495_762' to server 'localhost_1_21'...
                  Sent 'mult_signed_6495_762' to server 'localhost_1_21'.
                Received 'mult_signed_6495_755' from server 'localhost_1_17'. (301 ms elapsed)
                Sending 'mult_signed_6495_758' to server 'localhost_1_17'...
                  Sent 'mult_signed_6495_758' to server 'localhost_1_17'.
                Received 'mult_signed_6495_751' from server 'localhost_1_0'. (276 ms elapsed)
                Sending 'mult_signed_6495_763' to server 'localhost_1_0'...
                  Sent 'mult_signed_6495_763' to server 'localhost_1_0'.
                Received 'mult_signed_6495_757' from server 'localhost_1_16'. (248 ms elapsed)
                Sending 'mult_signed_6495_748' to server 'localhost_1_16'...
                  Sent 'mult_signed_6495_748' to server 'localhost_1_16'.
                Received 'mult_signed_6495_756' from server 'localhost_1_19'. (304 ms elapsed)
                Sending 'mult_signed_6495_749' to server 'localhost_1_19'...
                  Sent 'mult_signed_6495_749' to server 'localhost_1_19'.
                Received 'mult_signed_6495_753' from server 'localhost_1_18'. (273 ms elapsed)
                Sending 'csa_tree_sub0048357_group_12438' to server 'localhost_1_18'...
                  Sent 'csa_tree_sub0048357_group_12438' to server 'localhost_1_18'.
                Received 'mult_signed_6495_758' from server 'localhost_1_17'. (257 ms elapsed)
                Sending 'cb_part_1553' to server 'localhost_1_17'...
                  Sent 'cb_part_1553' to server 'localhost_1_17'.
                Received 'mult_signed_6495_762' from server 'localhost_1_21'. (339 ms elapsed)
                Sending 'csa_tree_add_1096_168_group_13251' to server 'localhost_1_21'...
                  Sent 'csa_tree_add_1096_168_group_13251' to server 'localhost_1_21'.
                Received 'mult_signed_6495_749' from server 'localhost_1_19'. (236 ms elapsed)
                Sending 'csa_tree_sub0041101_group_13492' to server 'localhost_1_19'...
                  Sent 'csa_tree_sub0041101_group_13492' to server 'localhost_1_19'.
                Received 'mult_signed_6495_748' from server 'localhost_1_16'. (304 ms elapsed)
                Sending 'csa_tree_add_1090_168_group_13353' to server 'localhost_1_16'...
                  Sent 'csa_tree_add_1090_168_group_13353' to server 'localhost_1_16'.
                Received 'mult_signed_6495_763' from server 'localhost_1_0'. (371 ms elapsed)
                Sending 'WALLACE_CSA_DUMMY_OP_group_16940' to server 'localhost_1_0'...
                  Sent 'WALLACE_CSA_DUMMY_OP_group_16940' to server 'localhost_1_0'.
                Received 'cb_part_1553' from server 'localhost_1_17'. (378 ms elapsed)
                Sending 'csa_tree_sub_1103_163_group_12368' to server 'localhost_1_17'...
                  Sent 'csa_tree_sub_1103_163_group_12368' to server 'localhost_1_17'.
                Received 'cb_oseq_1531' from server 'localhost_1_15'. (1450 ms elapsed)
                Sending 'csa_tree_SUB_TC_OP_24_group_2480' to server 'localhost_1_15'...
                  Sent 'csa_tree_SUB_TC_OP_24_group_2480' to server 'localhost_1_15'.
                Received 'WALLACE_CSA_DUMMY_OP1_group_17009' from server 'localhost_1_20'. (1540 ms elapsed)
                Sending 'csa_tree_SUB_TC_OP_50_group_2411' to server 'localhost_1_20'...
                  Sent 'csa_tree_SUB_TC_OP_50_group_2411' to server 'localhost_1_20'.
                Received 'csa_tree_sub0048357_group_12438' from server 'localhost_1_18'. (1262 ms elapsed)
                Sending 'csa_tree_sub_1091_163_group_13422' to server 'localhost_1_18'...
                  Sent 'csa_tree_sub_1091_163_group_13422' to server 'localhost_1_18'.
                Received 'WALLACE_CSA_DUMMY_OP_group_16940' from server 'localhost_1_0'. (1220 ms elapsed)
                Sending 'csa_tree_add_1097_168_group_13320' to server 'localhost_1_0'...
                  Sent 'csa_tree_add_1097_168_group_13320' to server 'localhost_1_0'.
                Received 'csa_tree_add_1090_168_group_13353' from server 'localhost_1_16'. (1297 ms elapsed)
                Sending 'csa_tree_add_1106_154_group_12508' to server 'localhost_1_16'...
                  Sent 'csa_tree_add_1106_154_group_12508' to server 'localhost_1_16'.
                Received 'csa_tree_sub0041101_group_13492' from server 'localhost_1_19'. (1372 ms elapsed)
                Sending 'csa_tree_add_1089_168_group_13284' to server 'localhost_1_19'...
                  Sent 'csa_tree_add_1089_168_group_13284' to server 'localhost_1_19'.
                Received 'csa_tree_add_1096_168_group_13251' from server 'localhost_1_21'. (1448 ms elapsed)
                Sending 'csa_tree_ADD_TC_OP_93_group_2549' to server 'localhost_1_21'...
                  Sent 'csa_tree_ADD_TC_OP_93_group_2549' to server 'localhost_1_21'.
                Received 'csa_tree_SUB_TC_OP_24_group_2480' from server 'localhost_1_15'. (1104 ms elapsed)
                Sending 'csa_tree_add_1105_154_group_12507' to server 'localhost_1_15'...
                  Sent 'csa_tree_add_1105_154_group_12507' to server 'localhost_1_15'.
                Received 'csa_tree_sub_1103_163_group_12368' from server 'localhost_1_17'. (1363 ms elapsed)
                Sending 'cb_part_1558' to server 'localhost_1_17'...
                  Sent 'cb_part_1558' to server 'localhost_1_17'.
                Received 'csa_tree_SUB_TC_OP_50_group_2411' from server 'localhost_1_20'. (1078 ms elapsed)
                Sending 'csa_tree_sub_1093_55_group_9' to server 'localhost_1_20'...
                  Sent 'csa_tree_sub_1093_55_group_9' to server 'localhost_1_20'.
                Received 'csa_tree_sub_1091_163_group_13422' from server 'localhost_1_18'. (1039 ms elapsed)
                Sending 'divide_signed_30_812' to server 'localhost_1_18'...
                  Sent 'divide_signed_30_812' to server 'localhost_1_18'.
                Received 'csa_tree_add_1089_168_group_13284' from server 'localhost_1_19'. (1005 ms elapsed)
                Sending 'csa_tree_ADD_TC_OP_7_group_12' to server 'localhost_1_19'...
                  Sent 'csa_tree_ADD_TC_OP_7_group_12' to server 'localhost_1_19'.
                Received 'csa_tree_add_1106_154_group_12508' from server 'localhost_1_16'. (1067 ms elapsed)
                Sending 'csa_tree_sub0054891_group_6' to server 'localhost_1_16'...
                  Sent 'csa_tree_sub0054891_group_6' to server 'localhost_1_16'.
                Received 'csa_tree_add_1097_168_group_13320' from server 'localhost_1_0'. (1130 ms elapsed)
                Sending 'csa_tree_sub0045263_group_5' to server 'localhost_1_0'...
                  Sent 'csa_tree_sub0045263_group_5' to server 'localhost_1_0'.
                Received 'cb_part_1558' from server 'localhost_1_17'. (843 ms elapsed)
                Sending 'csa_tree_add_1107_54_group_9' to server 'localhost_1_17'...
                  Sent 'csa_tree_add_1107_54_group_9' to server 'localhost_1_17'.
                Received 'csa_tree_add_1105_154_group_12507' from server 'localhost_1_15'. (983 ms elapsed)
                Sending 'csa_tree_SUB_TC_OP_14_group_6' to server 'localhost_1_15'...
                  Sent 'csa_tree_SUB_TC_OP_14_group_6' to server 'localhost_1_15'.
                Received 'csa_tree_ADD_TC_OP_93_group_2549' from server 'localhost_1_21'. (1040 ms elapsed)
                Sending 'divide_signed_30' to server 'localhost_1_21'...
                  Sent 'divide_signed_30' to server 'localhost_1_21'.
                Received 'csa_tree_sub_1093_55_group_9' from server 'localhost_1_20'. (752 ms elapsed)
                Sending 'divide_signed_772' to server 'localhost_1_20'...
                  Sent 'divide_signed_772' to server 'localhost_1_20'.
                Received 'csa_tree_ADD_TC_OP_7_group_12' from server 'localhost_1_19'. (704 ms elapsed)
                Sending 'divide_signed' to server 'localhost_1_19'...
                  Sent 'divide_signed' to server 'localhost_1_19'.
                Received 'csa_tree_sub0054891_group_6' from server 'localhost_1_16'. (699 ms elapsed)
                Sending 'csa_tree_SUB_TC_OP_20_group_4' to server 'localhost_1_16'...
                  Sent 'csa_tree_SUB_TC_OP_20_group_4' to server 'localhost_1_16'.
                Received 'csa_tree_SUB_TC_OP_14_group_6' from server 'localhost_1_15'. (571 ms elapsed)
                Sending 'csa_tree_ADD_TC_OP_group_14' to server 'localhost_1_15'...
                  Sent 'csa_tree_ADD_TC_OP_group_14' to server 'localhost_1_15'.
                Received 'csa_tree_sub0045263_group_5' from server 'localhost_1_0'. (640 ms elapsed)
                Sending 'csa_tree_sub0043824_group_11' to server 'localhost_1_0'...
                  Sent 'csa_tree_sub0043824_group_11' to server 'localhost_1_0'.
                Received 'csa_tree_add_1107_54_group_9' from server 'localhost_1_17'. (657 ms elapsed)
                Sending 'csa_tree_ADD_TC_OP_69_group_2550' to server 'localhost_1_17'...
                  Sent 'csa_tree_ADD_TC_OP_69_group_2550' to server 'localhost_1_17'.
                Received 'divide_signed_30_812' from server 'localhost_1_18'. (1281 ms elapsed)
                Sending 'divide_signed_768' to server 'localhost_1_18'...
                  Sent 'divide_signed_768' to server 'localhost_1_18'.
                Received 'csa_tree_sub0043824_group_11' from server 'localhost_1_0'. (569 ms elapsed)
                Sending 'csa_tree_sub_1088_55_group_11' to server 'localhost_1_0'...
                  Sent 'csa_tree_sub_1088_55_group_11' to server 'localhost_1_0'.
                Received 'csa_tree_ADD_TC_OP_group_14' from server 'localhost_1_15'. (611 ms elapsed)
                Sending 'csa_tree_add_1102_53_group_15' to server 'localhost_1_15'...
                  Sent 'csa_tree_add_1102_53_group_15' to server 'localhost_1_15'.
                Received 'csa_tree_SUB_TC_OP_20_group_4' from server 'localhost_1_16'. (695 ms elapsed)
                Sending 'remainder_signed_30_813' to server 'localhost_1_16'...
                  Sent 'remainder_signed_30_813' to server 'localhost_1_16'.
                Received 'csa_tree_ADD_TC_OP_69_group_2550' from server 'localhost_1_17'. (585 ms elapsed)
                Sending 'cb_part_1557' to server 'localhost_1_17'...
                  Sent 'cb_part_1557' to server 'localhost_1_17'.
                Received 'divide_signed_772' from server 'localhost_1_20'. (1075 ms elapsed)
                Sending 'cb_part_1556' to server 'localhost_1_20'...
                  Sent 'cb_part_1556' to server 'localhost_1_20'.
                Received 'divide_signed_30' from server 'localhost_1_21'. (1135 ms elapsed)
                Sending 'remainder_signed_30' to server 'localhost_1_21'...
                  Sent 'remainder_signed_30' to server 'localhost_1_21'.
                Received 'divide_signed' from server 'localhost_1_19'. (972 ms elapsed)
                Sending 'cb_part_1554' to server 'localhost_1_19'...
                  Sent 'cb_part_1554' to server 'localhost_1_19'.
                Received 'csa_tree_sub_1088_55_group_11' from server 'localhost_1_0'. (449 ms elapsed)
                Sending 'remainder_signed_773' to server 'localhost_1_0'...
                  Sent 'remainder_signed_773' to server 'localhost_1_0'.
                Received 'csa_tree_add_1102_53_group_15' from server 'localhost_1_15'. (476 ms elapsed)
                Sending 'remainder_signed_770' to server 'localhost_1_15'...
                  Sent 'remainder_signed_770' to server 'localhost_1_15'.
                Received 'cb_part_1556' from server 'localhost_1_20'. (528 ms elapsed)
                Received 'cb_part_1557' from server 'localhost_1_17'. (553 ms elapsed)
                Received 'remainder_signed_30' from server 'localhost_1_21'. (551 ms elapsed)
                Received 'cb_part_1554' from server 'localhost_1_19'. (358 ms elapsed)
                Received 'remainder_signed_30_813' from server 'localhost_1_16'. (746 ms elapsed)
                Received 'remainder_signed_773' from server 'localhost_1_0'. (470 ms elapsed)
                Received 'divide_signed_768' from server 'localhost_1_18'. (950 ms elapsed)
                Received 'remainder_signed_770' from server 'localhost_1_15'. (558 ms elapsed)
==================================
Stage : global_incr_map 
==================================
  =================
   Message Summary
  =================
--------------------------------------------------------------------------------
|     Id     |  Sev   |Count |                  Message Text                   |
--------------------------------------------------------------------------------
| CDFG-250   |Info    |   65 |Processing multi-dimensional arrays.             |
| CDFG-372   |Info    |  198 |Bitwidth mismatch in assignment.                 |
|            |        |      |Review and make sure the mismatch is             |
|            |        |      | unintentional. Genus can possibly issue         |
|            |        |      | bitwidth mismatch warning for explicit          |
|            |        |      | assignments present in RTL as-well-as for       |
|            |        |      | implicit assignments inferred by the tool. For  |
|            |        |      | example, in case of enum declaration without    |
|            |        |      | value, the tool will implicitly assign value to |
|            |        |      | the enum variables. It also issues the warning  |
|            |        |      | for any bitwidth mismatch that appears in this  |
|            |        |      | implicit assignment.                            |
| CDFG-373   |Info    |   20 |Sign mismatch in assignment.                     |
| CDFG-479   |Info    |    1 |Constant relational expression.                  |
|            |        |      |A relational expression can evaluate to a        |
|            |        |      | constant when a variable is compared to a value |
|            |        |      | which is outside the bounds of the variable.    |
| CDFG-500   |Info    |   12 |Unused module input port.                        |
|            |        |      |(In port definition within the module, the input |
|            |        |      | port is not used in any assignment statements   |
|            |        |      | or conditional expressions for decision         |
|            |        |      | statements.                                     |
| CDFG-508   |Warning |   12 |Removing unused register.                        |
|            |        |      |Genus removes the flip-flop or latch inferred    |
|            |        |      | for an unused signal or variable. To preserve   |
|            |        |      | the flip-flop or latch, set the                 |
|            |        |      | hdl_preserve_unused_registers attribute to true |
|            |        |      | or use a pragma in the RTL.                     |
| CDFG-738   |Info    |  267 |Common subexpression eliminated.                 |
| CDFG-739   |Info    |  267 |Common subexpression kept.                       |
| CDFG-769   |Info    |    5 |Identified sum-of-products logic to be optimized |
|            |        |      | during syn_generic.                             |
| CDFG-771   |Info    |    4 |Replaced logic with a constant value.            |
| CDFG-772   |Info    |   64 |Removed unused code identified during constant   |
|            |        |      | propagation.                                    |
| CDFG-893   |Info    |   25 |Optimized the MUX created for array read / write |
|            |        |      | or variable shifter.                            |
| CWD-19     |Info    |  674 |An implementation was inferred.                  |
| ELAB-1     |Info    |    1 |Elaborating Design.                              |
| ELAB-2     |Info    |   12 |Elaborating Subdesign.                           |
| ELAB-3     |Info    |    1 |Done Elaborating Design.                         |
| GB-6       |Info    |   21 |A datapath component has been ungrouped.         |
| GLO-34     |Info    |   45 |Deleting instances not driving any primary       |
|            |        |      | outputs.                                        |
|            |        |      |Optimizations such as constant propagation or    |
|            |        |      | redundancy removal could change the connections |
|            |        |      | so a hierarchical instance does not drive any   |
|            |        |      | primary outputs anymore. To see the list of     |
|            |        |      | deleted hierarchical instances, set the         |
|            |        |      | 'information_level' attribute to 2 or above. If |
|            |        |      | the message is truncated set the message        |
|            |        |      | attribute 'truncate' to false to see the        |
|            |        |      | complete list. To prevent this optimization,    |
|            |        |      | set the 'delete_unloaded_insts' root/subdesign  |
|            |        |      | attribute to 'false' or 'preserve' instance     |
|            |        |      | attribute to 'true'.                            |
| LBR-9      |Warning |   86 |Library cell has no output pins defined.         |
|            |        |      |Add the missing output pin(s)                    |
|            |        |      | , then reload the library. Else the library     |
|            |        |      | cell will be marked as timing model i.e.        |
|            |        |      | unusable. Timing_model means that the cell does |
|            |        |      | not have any defined function. If there is no   |
|            |        |      | output pin, Genus will mark library cell as     |
|            |        |      | unusable i.e. the attribute 'usable' will be    |
|            |        |      | marked to 'false' on the libcell. Therefore,    |
|            |        |      | the cell is not used for mapping and it will    |
|            |        |      | not be picked up from the library for           |
|            |        |      | synthesis. If you query the attribute           |
|            |        |      | 'unusable_reason' on the libcell; result will   |
|            |        |      | be: 'Library cell has no output pins.'Note: The |
|            |        |      | message LBR-9 is only for the logical pins and  |
|            |        |      | not for the power_ground pins. Genus will       |
|            |        |      | depend upon the output function defined in the  |
|            |        |      | pin group (output pin)                          |
|            |        |      | of the cell, to use it for mapping. The pg_pin  |
|            |        |      | will not have any function defined.             |
| LBR-40     |Info    |    1 |An unsupported construct was detected in this    |
|            |        |      | library.                                        |
|            |        |      |Check to see if this construct is really needed  |
|            |        |      | for synthesis. Many liberty constructs are not  |
|            |        |      | actually required.                              |
| LBR-41     |Info    |    1 |An output library pin lacks a function           |
|            |        |      | attribute.                                      |
|            |        |      |If the remainder of this library cell's semantic |
|            |        |      | checks are successful, it will be considered as |
|            |        |      | a timing-model                                  |
|            |        |      | (because one of its outputs does not have a val |
|            |        |      | id function.                                    |
| LBR-101    |Warning |    4 |Unusable clock gating integrated cell found at   |
|            |        |      | the time of loading libraries. This warning     |
|            |        |      | happens because a particular library cell is    |
|            |        |      | defined as 'clock_gating_integrated_cell', but  |
|            |        |      | 'dont_use' attribute is defined as true in the  |
|            |        |      | liberty library. To make Genus use this cell    |
|            |        |      | for clock gating insertion, 'dont_use'          |
|            |        |      | attribute should be set to false.               |
|            |        |      |To make the cell usable, change the value of     |
|            |        |      | 'dont_use' attribute to false.                  |
| LBR-109    |Info    |    1 |Set default library domain.                      |
| LBR-155    |Info    |  324 |Mismatch in unateness between 'timing_sense'     |
|            |        |      | attribute and the function.                     |
|            |        |      |The 'timing_sense' attribute will be respected.  |
| LBR-161    |Info    |    1 |Setting the maximum print count of this message  |
|            |        |      | to 10 if information_level is less than 9.      |
| LBR-162    |Info    |  228 |Both 'pos_unate' and 'neg_unate' timing_sense    |
|            |        |      | arcs have been processed.                       |
|            |        |      |Setting the 'timing_sense' to non_unate.         |
| LBR-412    |Info    |    1 |Created nominal operating condition.             |
|            |        |      |The nominal operating condition is represented,  |
|            |        |      | either by the nominal PVT values specified in   |
|            |        |      | the library source                              |
|            |        |      | (via nom_process,nom_voltage and nom_temperatur |
|            |        |      | e respectively)                                 |
|            |        |      | , or by the default PVT values (1.0,1.0,1.0).   |
| LBR-518    |Info    |    1 |Missing a function attribute in the output pin   |
|            |        |      | definition.                                     |
| PA-7       |Info    |  308 |Resetting power analysis results.                |
|            |        |      |All computed switching activities are removed.   |
| PBS-1      |Info    |    1 |Enabling Partition Based Synthesis.              |
| PHYS-12    |Warning |    7 |The variant range of wire parameters is too      |
|            |        |      | large. An example of wire parameters are, a     |
|            |        |      | WIDTH for layer, PITCH for layer, MINSPACING    |
|            |        |      | for layers, etc.                                |
|            |        |      |Check the consistency of the parameters, and see |
|            |        |      | if you can ignore this message or you're using  |
|            |        |      | different LEF file with wrong parameters.       |
| PHYS-279   |Warning |   44 |Physical cell not defined in library.            |
|            |        |      |Ensure that the proper library files are         |
|            |        |      | available and have been imported.               |
| PHYS-752   |Info    |    1 |Partition Based Synthesis execution skipped.     |
| POPT-104   |Warning |    1 |The 'lp_insert_clock_gating' attribute should be |
|            |        |      | set before elaboration.                         |
|            |        |      |Setting the 'lp_insert_clock_gating' attribute   |
|            |        |      | before elaboration will result in an optimal    |
|            |        |      | clock-gated design.                             |
| SDC-201    |Warning |    1 |Unsupported SDC command option.                  |
|            |        |      |The current version does not support this SDC    |
|            |        |      | command option.  However, future versions may   |
|            |        |      | be enhanced to support this option.             |
| ST-110     |Info    |   22 |Connection established with super-threading      |
|            |        |      | server.                                         |
|            |        |      |The tool is entering super-threading mode and    |
|            |        |      | has established a connection with a CPU server  |
|            |        |      | process.  This is enabled by the root           |
|            |        |      | attributes 'super_thread_servers' or            |
|            |        |      | 'auto_super_thread'.                            |
| ST-112     |Info    |   14 |A super-threading server has been shut down      |
|            |        |      | normally.                                       |
|            |        |      |A super-threaded optimization is complete and a  |
|            |        |      | CPU server was successfully shut down.          |
| ST-120     |Info    |    1 |Attempting to launch a super-threading server.   |
|            |        |      |The tool is entering super-threading mode and is |
|            |        |      | launching a CPU server process.  This is        |
|            |        |      | enabled by the root attribute                   |
|            |        |      | 'super_thread_servers' or 'auto_super_thread'.  |
| ST-128     |Info    |    4 |Super thread servers are launched successfully.  |
| SYNTH-1    |Info    |    1 |Synthesizing.                                    |
| SYNTH-2    |Info    |    1 |Done synthesizing.                               |
| SYNTH-4    |Info    |    1 |Mapping.                                         |
| TIM-1000   |Info    |    1 |Multimode clock gating check is disabled.        |
| VLOGPT-506 |Warning |    1 |Unused attribute.                                |
--------------------------------------------------------------------------------
 
Global incremental optimization status
======================================
                                   Group   
                                  Tot Wrst 
                           Total  Weighted 
Operation                   Area   Slacks  
 global_incr              122957        0 

             Cost Group            Target    Slack    Diff.  Constr.
--------------------------------------------------------------------
                    clk                40       43              2000 
    cg_enable_group_clk                19      722              2000 


+-----------+--------------------+-----+----------------------+---------------------------+
|   Host    |      Machine       | CPU | Physical Memory (MB) | Peak Physical Memory (MB) |
+-----------+--------------------+-----+----------------------+---------------------------+
| localhost | paxos.inf.pucrs.br |  8  |        3147.1        |          7926.4           |
+-----------+--------------------+-----+----------------------+---------------------------+

+----------------+----------------------+---------------------------+
|     Server     | Physical Memory (MB) | Peak Physical Memory (MB) |
+----------------+----------------------+---------------------------+
| localhost_1_20 |      208.5 [1]       |          [1] [2]          |
| localhost_1_16 |      210.6 [1]       |          [1] [2]          |
| localhost_1_19 |      209.0 [1]       |          [1] [2]          |
| localhost_1_21 |      209.6 [1]       |          [1] [2]          |
| localhost_1_17 |      209.4 [1]       |          [1] [2]          |
| localhost_1_18 |      210.4 [1]       |          [1] [2]          |
| localhost_1_0  |      1785.0 [3]      |        6237.5 [3]         |
| localhost_1_15 |      304.0 [1]       |          [1] [2]          |
+----------------+----------------------+---------------------------+
[1] Memory is included in parent localhost_1_0.
[2] Peak physical memory is not available for forked background servers.
[3] Memory of child processes is included.


Test connection status for design: Conv
=======================================
Connected 0 out of 0 clock-gating instances.

State Retention Synthesis Status
================================

Category                        Flops   Percentage
--------------------------------------------------
Total instances                  3110        100.0
Excluded from State Retention    3110        100.0
    - Will not convert           3110        100.0
      - Preserved                   0          0.0
      - Power intent excluded    3110        100.0
    - Could not convert             0          0.0
      - Scan type                   0          0.0
      - No suitable cell            0          0.0
State Retention instances           0          0.0
--------------------------------------------------

INFO: skipping constant propagation
PBS_Techmap-Global Mapping - Elapsed_Time 556, CPU_Time 440.40543
stamp 'PBS_Techmap-Global Mapping' being created for table 'pbs_debug'

  Total Time (Wall) |  Stage Time (Wall)  |   % (Wall)   |    Date - Time     |  Memory   | Stage
--------------------+---------------------+--------------+--------------------+-----------+----------------------
 00:01:46(00:01:42) |  00:00:00(00:00:00) |   0.0(  0.0) |   17:51:58 (Oct05) |   1.56 GB | PBS_Generic-Start
--------------------+---------------------+--------------+--------------------+-----------+----------------------
 00:09:12(00:09:03) |  00:07:26(00:07:21) |  37.7( 34.5) |   17:59:19 (Oct05) |   2.79 GB | PBS_Generic-Post_Genopt
--------------------+---------------------+--------------+--------------------+-----------+----------------------
 00:14:01(00:13:37) |  00:04:49(00:04:34) |  24.5( 21.4) |   18:03:54 (Oct05) |   2.54 GB | PBS_Generic_Opt-Post
--------------------+---------------------+--------------+--------------------+-----------+----------------------
 00:14:03(00:13:39) |  00:00:02(00:00:02) |   0.2(  0.2) |   18:03:55 (Oct05) |   2.54 GB | PBS_Generic-Postgen HBO Optimizations
--------------------+---------------------+--------------+--------------------+-----------+----------------------
 00:14:07(00:13:44) |  00:00:04(00:00:05) |   0.3(  0.4) |   18:04:00 (Oct05) |   2.46 GB | PBS_TechMap-Start
--------------------+---------------------+--------------+--------------------+-----------+----------------------
 00:14:09(00:13:45) |  00:00:02(00:00:01) |   0.2(  0.1) |   18:04:01 (Oct05) |   2.46 GB | PBS_TechMap-Premap HBO Optimizations
--------------------+---------------------+--------------+--------------------+-----------+----------------------
 00:21:30(00:23:01) |  00:07:20(00:09:16) |  37.2( 43.5) |   18:13:17 (Oct05) |   2.54 GB | PBS_Techmap-Global Mapping
--------------------+---------------------+--------------+--------------------+-----------+----------------------
Number of threads: 8 * 1   (id: pbs_debug, time_info v1.57)
Info: (*N*) indicates data that was populated from previously saved time_info database
Info: CPU time includes time of parent + longest thread
Warning : Command 'commit_power_intent' cannot proceed as there is no power intent loaded. [CPI-506]
        : Command 'commit_power_intent' requires a valid power_intent to be loaded.
Warning : The parameter naming style is not LEC-friendly. [CFM-205]
        : Value of the hdl_parameter_naming_style attr is ''
        : To correctly translate the parameter naming style, value of the hdl_parameter_naming_style attr must end with '%d'.  There should not be anything after the '%d' descriptor.  Should there be black boxes in the design, the incorrect translation may induce false negative in LEC comparison.
Info    : Wrote formal verification information. [CFM-5]
        : Wrote 'fv/Conv/fv_map.fv.json' for netlist 'fv/Conv/fv_map.v.gz'.
Info    : Wrote dofile. [CFM-1]
        : Dofile is 'fv/Conv/rtl_to_fv_map.do'.
        : Alias mapping flow is enabled.
PBS_TechMap-Datapath Postmap Operations - Elapsed_Time 9, CPU_Time 9.798593999999866
stamp 'PBS_TechMap-Datapath Postmap Operations' being created for table 'pbs_debug'

  Total Time (Wall) |  Stage Time (Wall)  |   % (Wall)   |    Date - Time     |  Memory   | Stage
--------------------+---------------------+--------------+--------------------+-----------+----------------------
 00:01:46(00:01:42) |  00:00:00(00:00:00) |   0.0(  0.0) |   17:51:58 (Oct05) |   1.56 GB | PBS_Generic-Start
--------------------+---------------------+--------------+--------------------+-----------+----------------------
 00:09:12(00:09:03) |  00:07:26(00:07:21) |  37.4( 34.2) |   17:59:19 (Oct05) |   2.79 GB | PBS_Generic-Post_Genopt
--------------------+---------------------+--------------+--------------------+-----------+----------------------
 00:14:01(00:13:37) |  00:04:49(00:04:34) |  24.2( 21.3) |   18:03:54 (Oct05) |   2.54 GB | PBS_Generic_Opt-Post
--------------------+---------------------+--------------+--------------------+-----------+----------------------
 00:14:03(00:13:39) |  00:00:02(00:00:02) |   0.2(  0.2) |   18:03:55 (Oct05) |   2.54 GB | PBS_Generic-Postgen HBO Optimizations
--------------------+---------------------+--------------+--------------------+-----------+----------------------
 00:14:07(00:13:44) |  00:00:04(00:00:05) |   0.3(  0.4) |   18:04:00 (Oct05) |   2.46 GB | PBS_TechMap-Start
--------------------+---------------------+--------------+--------------------+-----------+----------------------
 00:14:09(00:13:45) |  00:00:02(00:00:01) |   0.2(  0.1) |   18:04:01 (Oct05) |   2.46 GB | PBS_TechMap-Premap HBO Optimizations
--------------------+---------------------+--------------+--------------------+-----------+----------------------
 00:21:30(00:23:01) |  00:07:20(00:09:16) |  36.9( 43.2) |   18:13:17 (Oct05) |   2.54 GB | PBS_Techmap-Global Mapping
--------------------+---------------------+--------------+--------------------+-----------+----------------------
 00:21:40(00:23:10) |  00:00:09(00:00:09) |   0.8(  0.7) |   18:13:26 (Oct05) |   2.45 GB | PBS_TechMap-Datapath Postmap Operations
--------------------+---------------------+--------------+--------------------+-----------+----------------------
Number of threads: 8 * 1   (id: pbs_debug, time_info v1.57)
Info: (*N*) indicates data that was populated from previously saved time_info database
Info: CPU time includes time of parent + longest thread
PBS_TechMap-Postmap HBO Optimizations - Elapsed_Time 1, CPU_Time 1.8130350000001272
stamp 'PBS_TechMap-Postmap HBO Optimizations' being created for table 'pbs_debug'

  Total Time (Wall) |  Stage Time (Wall)  |   % (Wall)   |    Date - Time     |  Memory   | Stage
--------------------+---------------------+--------------+--------------------+-----------+----------------------
 00:01:46(00:01:42) |  00:00:00(00:00:00) |   0.0(  0.0) |   17:51:58 (Oct05) |   1.56 GB | PBS_Generic-Start
--------------------+---------------------+--------------+--------------------+-----------+----------------------
 00:09:12(00:09:03) |  00:07:26(00:07:21) |  37.3( 34.2) |   17:59:19 (Oct05) |   2.79 GB | PBS_Generic-Post_Genopt
--------------------+---------------------+--------------+--------------------+-----------+----------------------
 00:14:01(00:13:37) |  00:04:49(00:04:34) |  24.2( 21.3) |   18:03:54 (Oct05) |   2.54 GB | PBS_Generic_Opt-Post
--------------------+---------------------+--------------+--------------------+-----------+----------------------
 00:14:03(00:13:39) |  00:00:02(00:00:02) |   0.2(  0.2) |   18:03:55 (Oct05) |   2.54 GB | PBS_Generic-Postgen HBO Optimizations
--------------------+---------------------+--------------+--------------------+-----------+----------------------
 00:14:07(00:13:44) |  00:00:04(00:00:05) |   0.3(  0.4) |   18:04:00 (Oct05) |   2.46 GB | PBS_TechMap-Start
--------------------+---------------------+--------------+--------------------+-----------+----------------------
 00:14:09(00:13:45) |  00:00:02(00:00:01) |   0.2(  0.1) |   18:04:01 (Oct05) |   2.46 GB | PBS_TechMap-Premap HBO Optimizations
--------------------+---------------------+--------------+--------------------+-----------+----------------------
 00:21:30(00:23:01) |  00:07:20(00:09:16) |  36.8( 43.1) |   18:13:17 (Oct05) |   2.54 GB | PBS_Techmap-Global Mapping
--------------------+---------------------+--------------+--------------------+-----------+----------------------
 00:21:40(00:23:10) |  00:00:09(00:00:09) |   0.8(  0.7) |   18:13:26 (Oct05) |   2.45 GB | PBS_TechMap-Datapath Postmap Operations
--------------------+---------------------+--------------+--------------------+-----------+----------------------
 00:21:41(00:23:11) |  00:00:01(00:00:01) |   0.2(  0.1) |   18:13:27 (Oct05) |   2.45 GB | PBS_TechMap-Postmap HBO Optimizations
--------------------+---------------------+--------------+--------------------+-----------+----------------------
Number of threads: 8 * 1   (id: pbs_debug, time_info v1.57)
Info: (*N*) indicates data that was populated from previously saved time_info database
Info: CPU time includes time of parent + longest thread
 Doing ConstProp on design:Conv ... 

IOPT-REDREM: Performing redundancy removal: Detected 370 redundant wires. CPU time 0.543 seconds.


Test connection status for design: Conv
=======================================
Connected 0 out of 0 clock-gating instances.
  Decloning clock-gating logic from design:Conv
Info    : Clock-gating instances are decloned. [POPT-56]
        : New decloned instance is RC_CG_DECLONE_HIER_INST 
            Old instances were:
           RC_CG_HIER_INST34
           RC_CG_HIER_INST42
        : See the Genus Low Power manual for more information on Clock-gating decloning.
Clock-gating declone status
===========================
Total number of clock-gating instances before: 51
Total number of clock-gating instances after : 50
Time taken by ConstProp Step: 00:00:06
PBS_TechMap-Postmap Clock Gating - Elapsed_Time 7, CPU_Time 6.0
stamp 'PBS_TechMap-Postmap Clock Gating' being created for table 'pbs_debug'

  Total Time (Wall) |  Stage Time (Wall)  |   % (Wall)   |    Date - Time     |  Memory   | Stage
--------------------+---------------------+--------------+--------------------+-----------+----------------------
 00:01:46(00:01:42) |  00:00:00(00:00:00) |   0.0(  0.0) |   17:51:58 (Oct05) |   1.56 GB | PBS_Generic-Start
--------------------+---------------------+--------------+--------------------+-----------+----------------------
 00:09:12(00:09:03) |  00:07:26(00:07:21) |  37.1( 34.0) |   17:59:19 (Oct05) |   2.79 GB | PBS_Generic-Post_Genopt
--------------------+---------------------+--------------+--------------------+-----------+----------------------
 00:14:01(00:13:37) |  00:04:49(00:04:34) |  24.1( 21.1) |   18:03:54 (Oct05) |   2.54 GB | PBS_Generic_Opt-Post
--------------------+---------------------+--------------+--------------------+-----------+----------------------
 00:14:03(00:13:39) |  00:00:02(00:00:02) |   0.2(  0.2) |   18:03:55 (Oct05) |   2.54 GB | PBS_Generic-Postgen HBO Optimizations
--------------------+---------------------+--------------+--------------------+-----------+----------------------
 00:14:07(00:13:44) |  00:00:04(00:00:05) |   0.3(  0.4) |   18:04:00 (Oct05) |   2.46 GB | PBS_TechMap-Start
--------------------+---------------------+--------------+--------------------+-----------+----------------------
 00:14:09(00:13:45) |  00:00:02(00:00:01) |   0.2(  0.1) |   18:04:01 (Oct05) |   2.46 GB | PBS_TechMap-Premap HBO Optimizations
--------------------+---------------------+--------------+--------------------+-----------+----------------------
 00:21:30(00:23:01) |  00:07:20(00:09:16) |  36.6( 42.9) |   18:13:17 (Oct05) |   2.54 GB | PBS_Techmap-Global Mapping
--------------------+---------------------+--------------+--------------------+-----------+----------------------
 00:21:40(00:23:10) |  00:00:09(00:00:09) |   0.8(  0.7) |   18:13:26 (Oct05) |   2.45 GB | PBS_TechMap-Datapath Postmap Operations
--------------------+---------------------+--------------+--------------------+-----------+----------------------
 00:21:41(00:23:11) |  00:00:01(00:00:01) |   0.2(  0.1) |   18:13:27 (Oct05) |   2.45 GB | PBS_TechMap-Postmap HBO Optimizations
--------------------+---------------------+--------------+--------------------+-----------+----------------------
 00:21:47(00:23:18) |  00:00:06(00:00:07) |   0.5(  0.5) |   18:13:34 (Oct05) |   2.44 GB | PBS_TechMap-Postmap Clock Gating
--------------------+---------------------+--------------+--------------------+-----------+----------------------
Number of threads: 8 * 1   (id: pbs_debug, time_info v1.57)
Info: (*N*) indicates data that was populated from previously saved time_info database
Info: CPU time includes time of parent + longest thread
-------------------------------------------------------------------------------
 hi_fo_buf                123998        0         0         0        0

           Trick     Calls     Accepts   Attempts    Time(secs) 
-----------------------------------------------------------
       hi_fo_buf        24  (       24 /       24 )  1.66

 
Incremental optimization status
===============================
                                   Group   
                                  Tot Wrst     Total - - DRC Totals - -
                           Total  Weighted      Neg      Max       Max 
Operation                   Area   Slacks      Slack    Trans      Cap 
 init_delay               123998        0         0         0        0

           Trick     Calls     Accepts   Attempts    Time(secs) 
-----------------------------------------------------------
       crit_upsz         0  (        0 /        0 )  0.00
    plc_bal_star         0  (        0 /        0 )  0.00
     drc_buftimb         0  (        0 /        0 )  0.00
          plc_st         0  (        0 /        0 )  0.00
    plc_st_fence         0  (        0 /        0 )  0.00
        plc_star         0  (        0 /        0 )  0.00
      plc_laf_st         0  (        0 /        0 )  0.00
 plc_laf_st_fence         0  (        0 /        0 )  0.00
     drc_buftims         0  (        0 /        0 )  0.00
            fopt         0  (        0 /        0 )  0.00
   plc_laf_lo_st         0  (        0 /        0 )  0.00
       plc_lo_st         0  (        0 /        0 )  0.00
        mb_split         0  (        0 /        0 )  0.00

 
Local TNS optimization status
=============================
                                   Group   
                                  Tot Wrst     Total - - DRC Totals - -
                           Total  Weighted      Neg      Max       Max 
Operation                   Area   Slacks      Slack    Trans      Cap 
 init_tns                 123998        0         0         0        0

           Trick     Calls     Accepts   Attempts    Time(secs) 
-----------------------------------------------------------
    plc_bal_star         0  (        0 /        0 )  0.00
     drc_buftimb         0  (        0 /        0 )  0.00
     drc_buftims         0  (        0 /        0 )  0.00
       crit_upsz         0  (        0 /        0 )  0.00
   plc_laf_lo_st         0  (        0 /        0 )  0.00
       plc_lo_st         0  (        0 /        0 )  0.00
            fopt         0  (        0 /        0 )  0.00
       crit_dnsz         0  (        0 /        0 )  0.00
             dup         0  (        0 /        0 )  0.00
        setup_dn         0  (        0 /        0 )  0.00
        mb_split         0  (        0 /        0 )  0.00

PBS_TechMap-Postmap Cleanup - Elapsed_Time 5, CPU_Time 5.7982580000000326
stamp 'PBS_TechMap-Postmap Cleanup' being created for table 'pbs_debug'

  Total Time (Wall) |  Stage Time (Wall)  |   % (Wall)   |    Date - Time     |  Memory   | Stage
--------------------+---------------------+--------------+--------------------+-----------+----------------------
 00:01:46(00:01:42) |  00:00:00(00:00:00) |   0.0(  0.0) |   17:51:58 (Oct05) |   1.56 GB | PBS_Generic-Start
--------------------+---------------------+--------------+--------------------+-----------+----------------------
 00:09:12(00:09:03) |  00:07:26(00:07:21) |  37.0( 33.9) |   17:59:19 (Oct05) |   2.79 GB | PBS_Generic-Post_Genopt
--------------------+---------------------+--------------+--------------------+-----------+----------------------
 00:14:01(00:13:37) |  00:04:49(00:04:34) |  24.0( 21.1) |   18:03:54 (Oct05) |   2.54 GB | PBS_Generic_Opt-Post
--------------------+---------------------+--------------+--------------------+-----------+----------------------
 00:14:03(00:13:39) |  00:00:02(00:00:02) |   0.2(  0.2) |   18:03:55 (Oct05) |   2.54 GB | PBS_Generic-Postgen HBO Optimizations
--------------------+---------------------+--------------+--------------------+-----------+----------------------
 00:14:07(00:13:44) |  00:00:04(00:00:05) |   0.3(  0.4) |   18:04:00 (Oct05) |   2.46 GB | PBS_TechMap-Start
--------------------+---------------------+--------------+--------------------+-----------+----------------------
 00:14:09(00:13:45) |  00:00:02(00:00:01) |   0.2(  0.1) |   18:04:01 (Oct05) |   2.46 GB | PBS_TechMap-Premap HBO Optimizations
--------------------+---------------------+--------------+--------------------+-----------+----------------------
 00:21:30(00:23:01) |  00:07:20(00:09:16) |  36.5( 42.7) |   18:13:17 (Oct05) |   2.54 GB | PBS_Techmap-Global Mapping
--------------------+---------------------+--------------+--------------------+-----------+----------------------
 00:21:40(00:23:10) |  00:00:09(00:00:09) |   0.8(  0.7) |   18:13:26 (Oct05) |   2.45 GB | PBS_TechMap-Datapath Postmap Operations
--------------------+---------------------+--------------+--------------------+-----------+----------------------
 00:21:41(00:23:11) |  00:00:01(00:00:01) |   0.2(  0.1) |   18:13:27 (Oct05) |   2.45 GB | PBS_TechMap-Postmap HBO Optimizations
--------------------+---------------------+--------------+--------------------+-----------+----------------------
 00:21:47(00:23:18) |  00:00:06(00:00:07) |   0.5(  0.5) |   18:13:34 (Oct05) |   2.44 GB | PBS_TechMap-Postmap Clock Gating
--------------------+---------------------+--------------+--------------------+-----------+----------------------
 00:21:53(00:23:23) |  00:00:05(00:00:05) |   0.5(  0.4) |   18:13:39 (Oct05) |   2.45 GB | PBS_TechMap-Postmap Cleanup
--------------------+---------------------+--------------+--------------------+-----------+----------------------
Number of threads: 8 * 1   (id: pbs_debug, time_info v1.57)
Info: (*N*) indicates data that was populated from previously saved time_info database
Info: CPU time includes time of parent + longest thread
PBS_Techmap-Post_MBCI - Elapsed_Time 0, CPU_Time 0.0
stamp 'PBS_Techmap-Post_MBCI' being created for table 'pbs_debug'

  Total Time (Wall) |  Stage Time (Wall)  |   % (Wall)   |    Date - Time     |  Memory   | Stage
--------------------+---------------------+--------------+--------------------+-----------+----------------------
 00:01:46(00:01:42) |  00:00:00(00:00:00) |   0.0(  0.0) |   17:51:58 (Oct05) |   1.56 GB | PBS_Generic-Start
--------------------+---------------------+--------------+--------------------+-----------+----------------------
 00:09:12(00:09:03) |  00:07:26(00:07:21) |  37.0( 33.9) |   17:59:19 (Oct05) |   2.79 GB | PBS_Generic-Post_Genopt
--------------------+---------------------+--------------+--------------------+-----------+----------------------
 00:14:01(00:13:37) |  00:04:49(00:04:34) |  24.0( 21.1) |   18:03:54 (Oct05) |   2.54 GB | PBS_Generic_Opt-Post
--------------------+---------------------+--------------+--------------------+-----------+----------------------
 00:14:03(00:13:39) |  00:00:02(00:00:02) |   0.2(  0.2) |   18:03:55 (Oct05) |   2.54 GB | PBS_Generic-Postgen HBO Optimizations
--------------------+---------------------+--------------+--------------------+-----------+----------------------
 00:14:07(00:13:44) |  00:00:04(00:00:05) |   0.3(  0.4) |   18:04:00 (Oct05) |   2.46 GB | PBS_TechMap-Start
--------------------+---------------------+--------------+--------------------+-----------+----------------------
 00:14:09(00:13:45) |  00:00:02(00:00:01) |   0.2(  0.1) |   18:04:01 (Oct05) |   2.46 GB | PBS_TechMap-Premap HBO Optimizations
--------------------+---------------------+--------------+--------------------+-----------+----------------------
 00:21:30(00:23:01) |  00:07:20(00:09:16) |  36.5( 42.7) |   18:13:17 (Oct05) |   2.54 GB | PBS_Techmap-Global Mapping
--------------------+---------------------+--------------+--------------------+-----------+----------------------
 00:21:40(00:23:10) |  00:00:09(00:00:09) |   0.8(  0.7) |   18:13:26 (Oct05) |   2.45 GB | PBS_TechMap-Datapath Postmap Operations
--------------------+---------------------+--------------+--------------------+-----------+----------------------
 00:21:41(00:23:11) |  00:00:01(00:00:01) |   0.2(  0.1) |   18:13:27 (Oct05) |   2.45 GB | PBS_TechMap-Postmap HBO Optimizations
--------------------+---------------------+--------------+--------------------+-----------+----------------------
 00:21:47(00:23:18) |  00:00:06(00:00:07) |   0.5(  0.5) |   18:13:34 (Oct05) |   2.44 GB | PBS_TechMap-Postmap Clock Gating
--------------------+---------------------+--------------+--------------------+-----------+----------------------
 00:21:53(00:23:23) |  00:00:05(00:00:05) |   0.5(  0.4) |   18:13:39 (Oct05) |   2.45 GB | PBS_TechMap-Postmap Cleanup
--------------------+---------------------+--------------+--------------------+-----------+----------------------
 00:21:53(00:23:23) |  00:00:00(00:00:00) |   0.0(  0.0) |   18:13:39 (Oct05) |   2.45 GB | PBS_Techmap-Post_MBCI
--------------------+---------------------+--------------+--------------------+-----------+----------------------
Number of threads: 8 * 1   (id: pbs_debug, time_info v1.57)
Info: (*N*) indicates data that was populated from previously saved time_info database
Info: CPU time includes time of parent + longest thread
##>=================== Cadence Confidential (Mapping-Logical) ===================
##>Main Thread Summary:
##>----------------------------------------------------------------------------------------
##>STEP                           Elapsed       WNS       TNS     Insts      Area    Memory
##>----------------------------------------------------------------------------------------
##>M:Initial                            1         -         -     93992    181819      2460
##>M:Pre Cleanup                        0         -         -     93992    181819      2460
##>M:Setup                              0         -         -         -         -         -
##>M:Launch ST                          0         -         -         -         -         -
##>M:Design Partition                   0         -         -         -         -         -
##>M:Create Partition Netlists          0         -         -         -         -         -
##>M:Init Power                         0         -         -         -         -         -
##>M:Budgeting                          0         -         -         -         -         -
##>M:Derenv-DB                          0         -         -         -         -         -
##>M:Debug Outputs                      0         -         -         -         -         -
##>M:ST loading                         0         -         -         -         -         -
##>M:Distributed                        0         -         -         -         -         -
##>M:Timer                              0         -         -         -         -         -
##>M:Assembly                           0         -         -         -         -         -
##>M:DFT                                0         -         -         -         -         -
##>M:DP Operations                      9         -         -     79683     88291      2453
##>M:Const Prop                         0        42         0     79683     88291      2453
##>M:Cleanup                            5        34         0     80271     89223      2448
##>M:MBCI                               0         -         -     80271     89223      2448
##>M:Const Gate Removal                 0         -         -         -         -         -
##>M:Misc                             565
##>----------------------------------------------------------------------------------------
##>Total Elapsed                      580
##>========================================================================================

+-----------+--------------------+-----+----------------------+---------------------------+
|   Host    |      Machine       | CPU | Physical Memory (MB) | Peak Physical Memory (MB) |
+-----------+--------------------+-----+----------------------+---------------------------+
| localhost | paxos.inf.pucrs.br |  1  |        2448.3        |          7926.4           |
+-----------+--------------------+-----+----------------------+---------------------------+

+---------------+----------------------+---------------------------+
|    Server     | Physical Memory (MB) | Peak Physical Memory (MB) |
+---------------+----------------------+---------------------------+
| localhost_1_0 |        1067.2        |          6237.5           |
+---------------+----------------------+---------------------------+

Info    : Done mapping. [SYNTH-5]
        : Done mapping 'Conv'.
      flow.cputime  flow.realtime  timing.setup.tns  timing.setup.wns  snapshot
UM:*                                                                   syn_map
@file(logical_synthesis_body.tcl) 59: syn_opt
Current PLE settings:

Aspect ratio        : 1.000
Shrink factor       : 0.900
Scale of res/length : 1.000
Scale of cap/length : 1.000
Net derating factor : 1.000
Thermal factor      : 1.253
Via Resistance      : 16.501 ohm (from qrc_tech_file)
Site size           : 1.040 um (from lef [tech+cell])

                                   Capacitance  
  Layer                             / Length         Data source:
Name        Direction Utilization  (pF/micron)       qrc_tech_file
------------------------------------------------
M1              V         0.00        0.000210  
M2              H         1.00        0.000184  
M3              V         1.00        0.000138  
M4              H         1.00        0.000137  
M5              V         1.00        0.000138  
M6              H         1.00        0.000133  
M7              V         1.00        0.000194  
M8              H         1.00        0.000322  
M9              V         1.00        0.000582  
AP              H         1.00        0.000334  

                                    Resistance   
  Layer                              / Length         Data source:
Name        Direction Utilization  (ohm/micron)       qrc_tech_file
-------------------------------------------------
M1              V         0.00        14.633762  
M2              H         1.00        14.861223  
M3              V         1.00        14.861223  
M4              H         1.00        14.861223  
M5              V         1.00        14.861223  
M6              H         1.00        14.861223  
M7              V         1.00         3.005090  
M8              H         1.00         0.111088  
M9              V         1.00         0.004928  
AP              H         1.00         0.009992  

                                        Area     
  Layer                               / Length        Data source:
Name        Direction Utilization     (micron)        lef_library
-------------------------------------------------
M1              V         0.00         0.050000  
M2              H         1.00         0.050000  
M3              V         1.00         0.050000  
M4              H         1.00         0.050000  
M5              V         1.00         0.050000  
M6              H         1.00         0.050000  
M7              V         1.00         0.100000  
M8              H         1.00         0.400000  
M9              V         1.00         2.000000  
AP              H         1.00         2.000000  

Info    : Incrementally optimizing. [SYNTH-7]
        : Incrementally optimizing 'Conv' using 'high' effort.

Test connection status for design: Conv
=======================================
Connected 0 out of 0 clock-gating instances.
  Decloning clock-gating logic from design:Conv
Forcing hierarchical CG on for clock_gating declone -hier
Clock-gating declone status
===========================
Total number of clock-gating instances before: 50
Total number of clock-gating instances after : 50
 
Incremental optimization status
===============================
                                   Group   
                                  Tot Wrst     Total - - DRC Totals - -
                           Total  Weighted      Neg      Max       Max 
Operation                   Area   Slacks      Slack    Trans      Cap 
 init_iopt                123998        0         0         0        0
IOPT-REDREM: Performing redundancy removal: Detected 4 redundant wires. CPU time 0.458 seconds.

-------------------------------------------------------------------------------
 const_prop               123994        0         0         0        0
 simp_cc_inputs           123081        0         0         0        0
-------------------------------------------------------------------------------
 hi_fo_buf                123081        0         0         0        0

           Trick     Calls     Accepts   Attempts    Time(secs) 
-----------------------------------------------------------
       hi_fo_buf         0  (        0 /        0 )  0.00

 
Incremental optimization status
===============================
                                   Group   
                                  Tot Wrst     Total - - DRC Totals - -
                           Total  Weighted      Neg      Max       Max 
Operation                   Area   Slacks      Slack    Trans      Cap 
 init_delay               123081        0         0         0        0

           Trick     Calls     Accepts   Attempts    Time(secs) 
-----------------------------------------------------------
        crit_msz         0  (        0 /        0 )  0.00
       crit_upsz         0  (        0 /        0 )  0.00
       crit_slew         0  (        0 /        0 )  0.00
        setup_dn         0  (        0 /        0 )  0.00
    plc_bal_star         0  (        0 /        0 )  0.00
     drc_buftimb         0  (        0 /        0 )  0.00
          plc_st         0  (        0 /        0 )  0.00
    plc_st_fence         0  (        0 /        0 )  0.00
        plc_star         0  (        0 /        0 )  0.00
      plc_laf_st         0  (        0 /        0 )  0.00
 plc_laf_st_fence         0  (        0 /        0 )  0.00
     drc_buftims         0  (        0 /        0 )  0.00
   plc_laf_lo_st         0  (        0 /        0 )  0.00
       plc_lo_st         0  (        0 /        0 )  0.00
            fopt         0  (        0 /        0 )  0.00
       crit_swap         0  (        0 /        0 )  0.00
       mux2_swap         0  (        0 /        0 )  0.00
       crit_dnsz         0  (        0 /        0 )  0.00
       load_swap         0  (        0 /        0 )  0.00
            fopt         0  (        0 /        0 )  0.00
        setup_dn         0  (        0 /        0 )  0.00
       load_isol         0  (        0 /        0 )  0.00
       load_isol         0  (        0 /        0 )  0.00
        move_for         0  (        0 /        0 )  0.00
        move_for         0  (        0 /        0 )  0.00
          rem_bi         0  (        0 /        0 )  0.00
         offload         0  (        0 /        0 )  0.00
          rem_bi         0  (        0 /        0 )  0.00
         offload         0  (        0 /        0 )  0.00
           phase         0  (        0 /        0 )  0.00
        in_phase         0  (        0 /        0 )  0.00
       merge_bit         0  (        0 /        0 )  0.00
     merge_idrvr         0  (        0 /        0 )  0.00
     merge_iload         0  (        0 /        0 )  0.00
    merge_idload         0  (        0 /        0 )  0.00
      merge_drvr         0  (        0 /        0 )  0.00
      merge_load         0  (        0 /        0 )  0.00
          decomp         0  (        0 /        0 )  0.00
        p_decomp         0  (        0 /        0 )  0.00
        levelize         0  (        0 /        0 )  0.00
        mb_split         0  (        0 /        0 )  0.00
             dup         0  (        0 /        0 )  0.00
      mux_retime         0  (        0 /        0 )  0.00
         buf2inv         0  (        0 /        0 )  0.00
             exp         0  (        0 /        0 )  0.00
       gate_deco         0  (        0 /        0 )  0.00
       gcomp_tim         0  (        0 /        0 )  0.00
  inv_pair_2_buf         0  (        0 /        0 )  0.00


           Trick     Calls     Accepts   Attempts    Time(secs) 
-----------------------------------------------------------
         crr_220         0  (        0 /        0 )  0.00
        crr_glob         0  (        0 /        0 )  0.00
         crr_320         0  (        0 /        0 )  0.00
        crr_glob         0  (        0 /        0 )  0.00
         crr_330         0  (        0 /        0 )  0.00
        crr_glob         0  (        0 /        0 )  0.00
         crr_230         0  (        0 /        0 )  0.00
        crr_glob         0  (        0 /        0 )  0.00
         crr_130         0  (        0 /        0 )  0.00
        crr_glob         0  (        0 /        0 )  0.00
         crr_420         0  (        0 /        0 )  0.00
        crr_glob         0  (        0 /        0 )  0.00
         crr_510         0  (        0 /        0 )  0.00
        crr_glob         0  (        0 /        0 )  0.00
         crr_310         0  (        0 /        0 )  0.00
        crr_glob         0  (        0 /        0 )  0.00
         crr_200         0  (        0 /        0 )  0.00
        crr_glob         0  (        0 /        0 )  0.00
         crr_300         0  (        0 /        0 )  0.00
        crr_glob         0  (        0 /        0 )  0.00
         crr_400         0  (        0 /        0 )  0.00
        crr_glob         0  (        0 /        0 )  0.00
         crr_410         0  (        0 /        0 )  0.00
        crr_glob         0  (        0 /        0 )  0.00
         crr_500         0  (        0 /        0 )  0.00
        crr_glob         0  (        0 /        0 )  0.00
         crr_120         0  (        0 /        0 )  0.00
        crr_glob         0  (        0 /        0 )  0.00
         crr_111         0  (        0 /        0 )  0.00
        crr_glob         0  (        0 /        0 )  0.00
         crr_210         0  (        0 /        0 )  0.00
        crr_glob         0  (        0 /        0 )  0.00
         crr_110         0  (        0 /        0 )  0.00
        crr_glob         0  (        0 /        0 )  0.00
         crr_600         0  (        0 /        0 )  0.00
        crr_glob         0  (        0 /        0 )  0.00
         crr_610         0  (        0 /        0 )  0.00
        crr_glob         0  (        0 /        0 )  0.00
         crr_101         0  (        0 /        0 )  0.00
        crr_glob         0  (        0 /        0 )  0.00
         crr_201         0  (        0 /        0 )  0.00
        crr_glob         0  (        0 /        0 )  0.00
         crr_211         0  (        0 /        0 )  0.00
        crr_glob         0  (        0 /        0 )  0.00
        crit_msz         0  (        0 /        0 )  0.00
       crit_upsz         0  (        0 /        0 )  0.00
       crit_slew         0  (        0 /        0 )  0.00
        setup_dn         0  (        0 /        0 )  0.00
    plc_bal_star         0  (        0 /        0 )  0.00
     drc_buftimb         0  (        0 /        0 )  0.00
          plc_st         0  (        0 /        0 )  0.00
    plc_st_fence         0  (        0 /        0 )  0.00
        plc_star         0  (        0 /        0 )  0.00
      plc_laf_st         0  (        0 /        0 )  0.00
 plc_laf_st_fence         0  (        0 /        0 )  0.00
     drc_buftims         0  (        0 /        0 )  0.00
       plc_lo_st         0  (        0 /        0 )  0.00
            fopt         0  (        0 /        0 )  0.00
       crit_swap         0  (        0 /        0 )  0.00
       mux2_swap         0  (        0 /        0 )  0.00
       crit_dnsz         0  (        0 /        0 )  0.00
       load_swap         0  (        0 /        0 )  0.00
            fopt         0  (        0 /        0 )  0.00
        setup_dn         0  (        0 /        0 )  0.00
       load_isol         0  (        0 /        0 )  0.00
       load_isol         0  (        0 /        0 )  0.00
        move_for         0  (        0 /        0 )  0.00
        move_for         0  (        0 /        0 )  0.00
          rem_bi         0  (        0 /        0 )  0.00
         offload         0  (        0 /        0 )  0.00
          rem_bi         0  (        0 /        0 )  0.00
         offload         0  (        0 /        0 )  0.00
       merge_bit         0  (        0 /        0 )  0.00
     merge_idrvr         0  (        0 /        0 )  0.00
     merge_iload         0  (        0 /        0 )  0.00
    merge_idload         0  (        0 /        0 )  0.00
      merge_drvr         0  (        0 /        0 )  0.00
      merge_load         0  (        0 /        0 )  0.00
           phase         0  (        0 /        0 )  0.00
          decomp         0  (        0 /        0 )  0.00
        p_decomp         0  (        0 /        0 )  0.00
        levelize         0  (        0 /        0 )  0.00
        mb_split         0  (        0 /        0 )  0.00
        in_phase         0  (        0 /        0 )  0.00
             dup         0  (        0 /        0 )  0.00
      mux_retime         0  (        0 /        0 )  0.00
         buf2inv         0  (        0 /        0 )  0.00
             exp         0  (        0 /        0 )  0.00
       gate_deco         0  (        0 /        0 )  0.00
       gcomp_tim         0  (        0 /        0 )  0.00
  inv_pair_2_buf         0  (        0 /        0 )  0.00
 init_drc                 123081        0         0         0        0

           Trick     Calls     Accepts   Attempts    Time(secs) 
-----------------------------------------------------------
          plc_st         0  (        0 /        0 )  0.00
        plc_star         0  (        0 /        0 )  0.00
        drc_bufs         0  (        0 /        0 )  0.00
        drc_fopt         0  (        0 /        0 )  0.00
        drc_bufb         0  (        0 /        0 )  0.00
      simple_buf         0  (        0 /        0 )  0.00
             dup         0  (        0 /        0 )  0.00
       crit_dnsz         0  (        0 /        0 )  0.00
       crit_upsz         0  (        0 /        0 )  0.00
       crit_slew         0  (        0 /        0 )  0.00


           Trick     Calls     Accepts   Attempts    Time(secs) 
-----------------------------------------------------------
          plc_st         0  (        0 /        0 )  0.00
        plc_star         0  (        0 /        0 )  0.00
      drc_buf_sp         0  (        0 /        0 )  0.00
        drc_bufs         0  (        0 /        0 )  0.00
        drc_fopt         0  (        0 /        0 )  0.00
        drc_bufb         0  (        0 /        0 )  0.00
      simple_buf         0  (        0 /        0 )  0.00
             dup         0  (        0 /        0 )  0.00
       crit_dnsz         0  (        0 /        0 )  0.00
       crit_upsz         0  (        0 /        0 )  0.00


           Trick     Calls     Accepts   Attempts    Time(secs) 
-----------------------------------------------------------
          plc_st         0  (        0 /        0 )  0.00
        plc_star         0  (        0 /        0 )  0.00
      drc_buf_sp         0  (        0 /        0 )  0.00
        drc_bufs         0  (        0 /        0 )  0.00
        drc_fopt         0  (        0 /        0 )  0.00
        drc_bufb         0  (        0 /        0 )  0.00
             dup         0  (        0 /        0 )  0.00
       crit_dnsz         0  (        0 /        0 )  0.00
       crit_upsz         0  (        0 /        0 )  0.00

 init_tns                 123081        0         0         0        0

           Trick     Calls     Accepts   Attempts    Time(secs) 
-----------------------------------------------------------
            fopt         0  (        0 /        0 )  0.00
    plc_bal_star         0  (        0 /        0 )  0.00
     drc_buftimb         0  (        0 /        0 )  0.00
     drc_buftims         0  (        0 /        0 )  0.00
        crit_msz         0  (        0 /        0 )  0.00
       crit_upsz         0  (        0 /        0 )  0.00
   plc_laf_lo_st         0  (        0 /        0 )  0.00
       plc_lo_st         0  (        0 /        0 )  0.00
       crit_swap         0  (        0 /        0 )  0.00
       mux2_swap         0  (        0 /        0 )  0.00
       crit_dnsz         0  (        0 /        0 )  0.00
       load_swap         0  (        0 /        0 )  0.00
            fopt         0  (        0 /        0 )  0.00
        setup_dn         0  (        0 /        0 )  0.00
       load_isol         0  (        0 /        0 )  0.00
       load_isol         0  (        0 /        0 )  0.00
        move_for         0  (        0 /        0 )  0.00
        move_for         0  (        0 /        0 )  0.00
          rem_bi         0  (        0 /        0 )  0.00
         offload         0  (        0 /        0 )  0.00
          rem_bi         0  (        0 /        0 )  0.00
         offload         0  (        0 /        0 )  0.00
       merge_bit         0  (        0 /        0 )  0.00
     merge_idrvr         0  (        0 /        0 )  0.00
     merge_iload         0  (        0 /        0 )  0.00
    merge_idload         0  (        0 /        0 )  0.00
      merge_drvr         0  (        0 /        0 )  0.00
      merge_load         0  (        0 /        0 )  0.00
           phase         0  (        0 /        0 )  0.00
          decomp         0  (        0 /        0 )  0.00
        p_decomp         0  (        0 /        0 )  0.00
        levelize         0  (        0 /        0 )  0.00
        mb_split         0  (        0 /        0 )  0.00
             dup         0  (        0 /        0 )  0.00
      mux_retime         0  (        0 /        0 )  0.00
       crr_local         0  (        0 /        0 )  0.00
         buf2inv         0  (        0 /        0 )  0.00

 init_area                123081        0         0         0        0
 undup                    122936        0         0         0        0
 rem_buf                  121727        0         0         0        0
 rem_inv                  120879        0         0         0        0
 merge_bi                 119676        0         0         0        0
 merge_bi                 119672        0         0         0        0
 merge_bi                 119666        0         0         0        0
 rem_inv_qb               119642        0         0         0        0
 seq_res_area             119629        0         0         0        0
 seq_res_area             119515        0         0         0        0
 io_phase                 119050        0         0         0        0
 gate_comp                116618        0         0         0        0
 gcomp_mog                116564        0         0         0        0
 glob_area                113477        0         0         0        0
 area_down                112154        0         0         0        0
 size_n_buf               112146        0         0         0        0
 rem_buf                  112135        0         0         0        0
 rem_inv                  112126        0         0         0        0
 merge_bi                 112124        0         0         0        0

           Trick     Calls     Accepts   Attempts    Time(secs) 
-----------------------------------------------------------
           undup       131  (      128 /      130 )  0.96
         rem_buf      1039  (      902 /      927 )  4.97
         rem_inv       973  (      619 /      654 )  7.38
        merge_bi      2262  (     2189 /     2227 )  11.75
      rem_inv_qb        69  (        2 /        3 )  0.65
    seq_res_area        67  (        5 /        5 )  20.52
        io_phase      2299  (      751 /      797 )  5.96
       gate_comp      6723  (     2673 /     2762 )  33.16
       gcomp_mog       173  (       21 /       21 )  4.34
       glob_area       245  (      240 /      245 )  34.23
       area_down      2232  (      636 /     1608 )  42.33
      size_n_buf         8  (        2 /        2 )  0.98
  gate_deco_area         0  (        0 /        0 )  0.14
         rem_buf       135  (       16 /       29 )  0.74
         rem_inv       141  (       15 /       26 )  0.96
        merge_bi        55  (        5 /       21 )  2.17
      rem_inv_qb        67  (        0 /        2 )  0.58

 
Incremental optimization status
===============================
                                   Group   
                                  Tot Wrst     Total - - DRC Totals - -
                           Total  Weighted      Neg      Max       Max 
Operation                   Area   Slacks      Slack    Trans      Cap 
 init_delay               112124        0         0         0        0

           Trick     Calls     Accepts   Attempts    Time(secs) 
-----------------------------------------------------------
         crr_220         0  (        0 /        0 )  0.00
        crr_glob         0  (        0 /        0 )  0.00
         crr_320         0  (        0 /        0 )  0.00
        crr_glob         0  (        0 /        0 )  0.00
         crr_330         0  (        0 /        0 )  0.00
        crr_glob         0  (        0 /        0 )  0.00
         crr_230         0  (        0 /        0 )  0.00
        crr_glob         0  (        0 /        0 )  0.00
         crr_130         0  (        0 /        0 )  0.00
        crr_glob         0  (        0 /        0 )  0.00
         crr_420         0  (        0 /        0 )  0.00
        crr_glob         0  (        0 /        0 )  0.00
         crr_510         0  (        0 /        0 )  0.00
        crr_glob         0  (        0 /        0 )  0.00
         crr_310         0  (        0 /        0 )  0.00
        crr_glob         0  (        0 /        0 )  0.00
         crr_200         0  (        0 /        0 )  0.00
        crr_glob         0  (        0 /        0 )  0.00
         crr_300         0  (        0 /        0 )  0.00
        crr_glob         0  (        0 /        0 )  0.00
         crr_400         0  (        0 /        0 )  0.00
        crr_glob         0  (        0 /        0 )  0.00
         crr_410         0  (        0 /        0 )  0.00
        crr_glob         0  (        0 /        0 )  0.00
         crr_500         0  (        0 /        0 )  0.00
        crr_glob         0  (        0 /        0 )  0.00
         crr_120         0  (        0 /        0 )  0.00
        crr_glob         0  (        0 /        0 )  0.00
         crr_111         0  (        0 /        0 )  0.00
        crr_glob         0  (        0 /        0 )  0.00
         crr_210         0  (        0 /        0 )  0.00
        crr_glob         0  (        0 /        0 )  0.00
         crr_110         0  (        0 /        0 )  0.00
        crr_glob         0  (        0 /        0 )  0.00
         crr_600         0  (        0 /        0 )  0.00
        crr_glob         0  (        0 /        0 )  0.00
         crr_610         0  (        0 /        0 )  0.00
        crr_glob         0  (        0 /        0 )  0.00
         crr_101         0  (        0 /        0 )  0.00
        crr_glob         0  (        0 /        0 )  0.00
         crr_201         0  (        0 /        0 )  0.00
        crr_glob         0  (        0 /        0 )  0.00
         crr_211         0  (        0 /        0 )  0.00
        crr_glob         0  (        0 /        0 )  0.00
        crit_msz         0  (        0 /        0 )  0.00
       crit_upsz         0  (        0 /        0 )  0.00
       crit_slew         0  (        0 /        0 )  0.00
        setup_dn         0  (        0 /        0 )  0.00
    plc_bal_star         0  (        0 /        0 )  0.00
     drc_buftimb         0  (        0 /        0 )  0.00
          plc_st         0  (        0 /        0 )  0.00
    plc_st_fence         0  (        0 /        0 )  0.00
        plc_star         0  (        0 /        0 )  0.00
      plc_laf_st         0  (        0 /        0 )  0.00
 plc_laf_st_fence         0  (        0 /        0 )  0.00
     drc_buftims         0  (        0 /        0 )  0.00
       plc_lo_st         0  (        0 /        0 )  0.00
            fopt         0  (        0 /        0 )  0.00
       crit_swap         0  (        0 /        0 )  0.00
       mux2_swap         0  (        0 /        0 )  0.00
       crit_dnsz         0  (        0 /        0 )  0.00
       load_swap         0  (        0 /        0 )  0.00
            fopt         0  (        0 /        0 )  0.00
        setup_dn         0  (        0 /        0 )  0.00
       load_isol         0  (        0 /        0 )  0.00
       load_isol         0  (        0 /        0 )  0.00
        move_for         0  (        0 /        0 )  0.00
        move_for         0  (        0 /        0 )  0.00
          rem_bi         0  (        0 /        0 )  0.00
         offload         0  (        0 /        0 )  0.00
          rem_bi         0  (        0 /        0 )  0.00
         offload         0  (        0 /        0 )  0.00
       merge_bit         0  (        0 /        0 )  0.00
     merge_idrvr         0  (        0 /        0 )  0.00
     merge_iload         0  (        0 /        0 )  0.00
    merge_idload         0  (        0 /        0 )  0.00
      merge_drvr         0  (        0 /        0 )  0.00
      merge_load         0  (        0 /        0 )  0.00
           phase         0  (        0 /        0 )  0.00
          decomp         0  (        0 /        0 )  0.00
        p_decomp         0  (        0 /        0 )  0.00
        levelize         0  (        0 /        0 )  0.00
        mb_split         0  (        0 /        0 )  0.00
        in_phase         0  (        0 /        0 )  0.00
             dup         0  (        0 /        0 )  0.00
      mux_retime         0  (        0 /        0 )  0.00
         buf2inv         0  (        0 /        0 )  0.00
             exp         0  (        0 /        0 )  0.00
       gate_deco         0  (        0 /        0 )  0.00
       gcomp_tim         0  (        0 /        0 )  0.00
  inv_pair_2_buf         0  (        0 /        0 )  0.00
 init_drc                 112124        0         0         0        0

           Trick     Calls     Accepts   Attempts    Time(secs) 
-----------------------------------------------------------
          plc_st         0  (        0 /        0 )  0.00
        plc_star         0  (        0 /        0 )  0.00
        drc_bufs         0  (        0 /        0 )  0.00
        drc_fopt         0  (        0 /        0 )  0.00
        drc_bufb         0  (        0 /        0 )  0.00
      simple_buf         0  (        0 /        0 )  0.00
             dup         0  (        0 /        0 )  0.00
       crit_dnsz         0  (        0 /        0 )  0.00
       crit_upsz         0  (        0 /        0 )  0.00
       crit_slew         0  (        0 /        0 )  0.00


           Trick     Calls     Accepts   Attempts    Time(secs) 
-----------------------------------------------------------
          plc_st         0  (        0 /        0 )  0.00
        plc_star         0  (        0 /        0 )  0.00
        drc_bufs         0  (        0 /        0 )  0.00
        drc_fopt         0  (        0 /        0 )  0.00
        drc_bufb         0  (        0 /        0 )  0.00
      simple_buf         0  (        0 /        0 )  0.00
             dup         0  (        0 /        0 )  0.00
       crit_dnsz         0  (        0 /        0 )  0.00
       crit_upsz         0  (        0 /        0 )  0.00


           Trick     Calls     Accepts   Attempts    Time(secs) 
-----------------------------------------------------------
          plc_st         0  (        0 /        0 )  0.00
        plc_star         0  (        0 /        0 )  0.00
        drc_bufs         0  (        0 /        0 )  0.00
        drc_fopt         0  (        0 /        0 )  0.00
        drc_bufb         0  (        0 /        0 )  0.00
             dup         0  (        0 /        0 )  0.00
       crit_dnsz         0  (        0 /        0 )  0.00
       crit_upsz         0  (        0 /        0 )  0.00

 init_tns                 112124        0         0         0        0

           Trick     Calls     Accepts   Attempts    Time(secs) 
-----------------------------------------------------------
            fopt         0  (        0 /        0 )  0.00
    plc_bal_star         0  (        0 /        0 )  0.00
     drc_buftimb         0  (        0 /        0 )  0.00
     drc_buftims         0  (        0 /        0 )  0.00
        crit_msz         0  (        0 /        0 )  0.00
       crit_upsz         0  (        0 /        0 )  0.00
   plc_laf_lo_st         0  (        0 /        0 )  0.00
       plc_lo_st         0  (        0 /        0 )  0.00
       crit_swap         0  (        0 /        0 )  0.00
       mux2_swap         0  (        0 /        0 )  0.00
       crit_dnsz         0  (        0 /        0 )  0.00
       load_swap         0  (        0 /        0 )  0.00
            fopt         0  (        0 /        0 )  0.00
        setup_dn         0  (        0 /        0 )  0.00
       load_isol         0  (        0 /        0 )  0.00
       load_isol         0  (        0 /        0 )  0.00
        move_for         0  (        0 /        0 )  0.00
        move_for         0  (        0 /        0 )  0.00
          rem_bi         0  (        0 /        0 )  0.00
         offload         0  (        0 /        0 )  0.00
          rem_bi         0  (        0 /        0 )  0.00
         offload         0  (        0 /        0 )  0.00
       merge_bit         0  (        0 /        0 )  0.00
     merge_idrvr         0  (        0 /        0 )  0.00
     merge_iload         0  (        0 /        0 )  0.00
    merge_idload         0  (        0 /        0 )  0.00
      merge_drvr         0  (        0 /        0 )  0.00
      merge_load         0  (        0 /        0 )  0.00
           phase         0  (        0 /        0 )  0.00
          decomp         0  (        0 /        0 )  0.00
        p_decomp         0  (        0 /        0 )  0.00
        levelize         0  (        0 /        0 )  0.00
        mb_split         0  (        0 /        0 )  0.00
             dup         0  (        0 /        0 )  0.00
      mux_retime         0  (        0 /        0 )  0.00
       crr_local         0  (        0 /        0 )  0.00
         buf2inv         0  (        0 /        0 )  0.00

 init_area                112124        0         0         0        0
 undup                    111995        0         0         0        0
 io_phase                 111971        0         0         0        0
 glob_area                111283        0         0         0        0
 area_down                111017        0         0         0        0

           Trick     Calls     Accepts   Attempts    Time(secs) 
-----------------------------------------------------------
           undup       147  (      139 /      141 )  1.08
         rem_buf         0  (        0 /        0 )  0.00
         rem_inv         0  (        0 /        0 )  0.00
        merge_bi         0  (        0 /        0 )  0.00
      rem_inv_qb        67  (        0 /        2 )  0.47
        io_phase      1548  (       56 /       78 )  2.86
       gate_comp        55  (        0 /        0 )  1.17
       gcomp_mog         0  (        0 /        0 )  0.00
       glob_area       243  (      236 /      243 )  33.94
       area_down       963  (      211 /      638 )  19.62
      size_n_buf         1  (        0 /        0 )  0.21
  gate_deco_area         0  (        0 /        0 )  0.00

 
Incremental optimization status
===============================
                                   Group   
                                  Tot Wrst     Total - - DRC Totals - -
                           Total  Weighted      Neg      Max       Max 
Operation                   Area   Slacks      Slack    Trans      Cap 
 init_delay               111017        0         0         0        0

           Trick     Calls     Accepts   Attempts    Time(secs) 
-----------------------------------------------------------
        crit_msz         0  (        0 /        0 )  0.00
       crit_upsz         0  (        0 /        0 )  0.00
       crit_slew         0  (        0 /        0 )  0.00
        setup_dn         0  (        0 /        0 )  0.00
    plc_bal_star         0  (        0 /        0 )  0.00
     drc_buftimb         0  (        0 /        0 )  0.00
          plc_st         0  (        0 /        0 )  0.00
    plc_st_fence         0  (        0 /        0 )  0.00
        plc_star         0  (        0 /        0 )  0.00
      plc_laf_st         0  (        0 /        0 )  0.00
 plc_laf_st_fence         0  (        0 /        0 )  0.00
     drc_buftims         0  (        0 /        0 )  0.00
   plc_laf_lo_st         0  (        0 /        0 )  0.00
       plc_lo_st         0  (        0 /        0 )  0.00
            fopt         0  (        0 /        0 )  0.00
       crit_swap         0  (        0 /        0 )  0.00
       mux2_swap         0  (        0 /        0 )  0.00
       crit_dnsz         0  (        0 /        0 )  0.00
       load_swap         0  (        0 /        0 )  0.00
            fopt         0  (        0 /        0 )  0.00
        setup_dn         0  (        0 /        0 )  0.00
       load_isol         0  (        0 /        0 )  0.00
       load_isol         0  (        0 /        0 )  0.00
        move_for         0  (        0 /        0 )  0.00
        move_for         0  (        0 /        0 )  0.00
          rem_bi         0  (        0 /        0 )  0.00
         offload         0  (        0 /        0 )  0.00
          rem_bi         0  (        0 /        0 )  0.00
         offload         0  (        0 /        0 )  0.00
           phase         0  (        0 /        0 )  0.00
        in_phase         0  (        0 /        0 )  0.00
       merge_bit         0  (        0 /        0 )  0.00
     merge_idrvr         0  (        0 /        0 )  0.00
     merge_iload         0  (        0 /        0 )  0.00
    merge_idload         0  (        0 /        0 )  0.00
      merge_drvr         0  (        0 /        0 )  0.00
      merge_load         0  (        0 /        0 )  0.00
          decomp         0  (        0 /        0 )  0.00
        p_decomp         0  (        0 /        0 )  0.00
        levelize         0  (        0 /        0 )  0.00
        mb_split         0  (        0 /        0 )  0.00
             dup         0  (        0 /        0 )  0.00
      mux_retime         0  (        0 /        0 )  0.00
         buf2inv         0  (        0 /        0 )  0.00
             exp         0  (        0 /        0 )  0.00
       gate_deco         0  (        0 /        0 )  0.00
       gcomp_tim         0  (        0 /        0 )  0.00
  inv_pair_2_buf         0  (        0 /        0 )  0.00

 init_drc                 111017        0         0         0        0

           Trick     Calls     Accepts   Attempts    Time(secs) 
-----------------------------------------------------------
          plc_st         0  (        0 /        0 )  0.00
        plc_star         0  (        0 /        0 )  0.00
        drc_bufs         0  (        0 /        0 )  0.00
        drc_fopt         0  (        0 /        0 )  0.00
        drc_bufb         0  (        0 /        0 )  0.00
      simple_buf         0  (        0 /        0 )  0.00
             dup         0  (        0 /        0 )  0.00
       crit_dnsz         0  (        0 /        0 )  0.00
       crit_upsz         0  (        0 /        0 )  0.00
       crit_slew         0  (        0 /        0 )  0.00


           Trick     Calls     Accepts   Attempts    Time(secs) 
-----------------------------------------------------------
          plc_st         0  (        0 /        0 )  0.00
        plc_star         0  (        0 /        0 )  0.00
        drc_bufs         0  (        0 /        0 )  0.00
        drc_fopt         0  (        0 /        0 )  0.00
        drc_bufb         0  (        0 /        0 )  0.00
      simple_buf         0  (        0 /        0 )  0.00
             dup         0  (        0 /        0 )  0.00
       crit_dnsz         0  (        0 /        0 )  0.00
       crit_upsz         0  (        0 /        0 )  0.00


           Trick     Calls     Accepts   Attempts    Time(secs) 
-----------------------------------------------------------
          plc_st         0  (        0 /        0 )  0.00
        plc_star         0  (        0 /        0 )  0.00
        drc_bufs         0  (        0 /        0 )  0.00
        drc_fopt         0  (        0 /        0 )  0.00
        drc_bufb         0  (        0 /        0 )  0.00
             dup         0  (        0 /        0 )  0.00
       crit_dnsz         0  (        0 /        0 )  0.00
       crit_upsz         0  (        0 /        0 )  0.00

==================================
Stage : incr_opt 
==================================
  =================
   Message Summary
  =================
--------------------------------------------------------------------------------
|   Id    |  Sev   |Count |                   Message Text                     |
--------------------------------------------------------------------------------
| CFM-1   |Info    |    1 |Wrote dofile.                                       |
| CFM-5   |Info    |    1 |Wrote formal verification information.              |
| CFM-205 |Warning |    1 |The parameter naming style is not LEC-friendly.     |
|         |        |      |To correctly translate the parameter naming style,  |
|         |        |      | value of the hdl_parameter_naming_style attr must  |
|         |        |      | end with '%d'.  There should not be anything after |
|         |        |      | the '%d' descriptor.  Should there be black boxes  |
|         |        |      | in the design, the incorrect translation may       |
|         |        |      | induce false negative in LEC comparison.           |
| CPI-506 |Warning |    1 |Command 'commit_power_intent' cannot proceed as     |
|         |        |      | there is no power intent loaded.                   |
| GB-6    |Info    |    8 |A datapath component has been ungrouped.            |
| LBR-155 |Info    |   54 |Mismatch in unateness between 'timing_sense'        |
|         |        |      | attribute and the function.                        |
|         |        |      |The 'timing_sense' attribute will be respected.     |
| PA-7    |Info    |    4 |Resetting power analysis results.                   |
|         |        |      |All computed switching activities are removed.      |
| POPT-56 |Info    |    1 |Clock-gating instances are decloned.                |
|         |        |      |See the Genus Low Power manual for more information |
|         |        |      | on Clock-gating decloning.                         |
| POPT-96 |Info    |    3 |One or more cost groups were automatically created  |
|         |        |      | for clock gate enable paths.                       |
|         |        |      |This feature can be disabled by setting the         |
|         |        |      | attribute lp_clock_gating_auto_cost_grouping       |
|         |        |      | false.                                             |
| ST-112  |Info    |    7 |A super-threading server has been shut down         |
|         |        |      | normally.                                          |
|         |        |      |A super-threaded optimization is complete and a CPU |
|         |        |      | server was successfully shut down.                 |
| SYNTH-5 |Info    |    1 |Done mapping.                                       |
| SYNTH-7 |Info    |    1 |Incrementally optimizing.                           |
--------------------------------------------------------------------------------
Info    : Done incrementally optimizing. [SYNTH-8]
        : Done incrementally optimizing 'Conv'.
      flow.cputime  flow.realtime  timing.setup.tns  timing.setup.wns  snapshot
UM:*                                                                   syn_opt
@file(logical_synthesis_body.tcl) 61: puts "++++++++++++++++++++++++++++++++++++++++++++++++++++++++++++++++++++++++"
++++++++++++++++++++++++++++++++++++++++++++++++++++++++++++++++++++++++
@file(logical_synthesis_body.tcl) 62: puts "Write Reports"
Write Reports
@file(logical_synthesis_body.tcl) 63: puts "++++++++++++++++++++++++++++++++++++++++++++++++++++++++++++++++++++++++"
++++++++++++++++++++++++++++++++++++++++++++++++++++++++++++++++++++++++
@file(logical_synthesis_body.tcl) 64: file mkdir [file join $OUT_FILES reports]
@file(logical_synthesis_body.tcl) 65: file mkdir [file join $OUT_FILES gate_level]
@file(logical_synthesis_body.tcl) 66: file mkdir [file join $OUT_FILES physical_synthesis work]
@file(logical_synthesis_body.tcl) 68: report_clock_gating > [file join $OUT_FILES reports ${TOP_MODULE}_clock_gating.rpt]
Info   : ACTP-0001 [ACTPInfo] Activity propagation started for stim#0 netlist
       : Conv
Info   : ACTP-0009 [ACTPInfo] Activity Propagation Progress Report :   0%   1%   2%   3%   4%   5%   6%   7%   8%   9%  10%  11%  12%  13%  14%  15%  16%  17%  18%  19%  20%  21%  22%  23%  24%  25%  26%  27%  28%  29%  30%  31%  32%  33%  34%  35%  36%  37%  38%  39%  40%  41%  42%  43%  44%  45%  46%  47%  48%  49%  50%  51%  52%  53%  54%  55%  56%  57%  58%  59%  60%  61%  62%  63%  64%  65%  66%  67%  68%  69%  70%  71%  72%  73%  74%  75%  76%  77%  78%  79%  80%  81%  82%  83%  84%  85%  86%  87%  88%  89%  90%  91%  92%  93%  94%  95%  96%  97%  98%  99% 100%
Info   : ACTP-0001 Activity propagation ended for stim#0


@file(logical_synthesis_body.tcl) 69: report_ple > [file join $OUT_FILES reports ${TOP_MODULE}_ple.rpt]
@file(logical_synthesis_body.tcl) 70: report_gates > [file join $OUT_FILES reports ${TOP_MODULE}_gates.rpt]
@file(logical_synthesis_body.tcl) 71: report_area > [file join $OUT_FILES reports ${TOP_MODULE}_area.rpt]
@file(logical_synthesis_body.tcl) 73: set CURRENT_VIEW analysis_view_0p81v_125c_capwst_slowest
@file(logical_synthesis_body.tcl) 74: set_analysis_view -setup ${CURRENT_VIEW} -hold ${CURRENT_VIEW}
@file(logical_synthesis_body.tcl) 75: report_timing > [file join $OUT_FILES reports ${TOP_MODULE}_timing_setup_${CURRENT_VIEW}.rpt]
@file(logical_synthesis_body.tcl) 76: report_power -unit mW > [file join $OUT_FILES reports ${TOP_MODULE}_power_${CURRENT_VIEW}.rpt]
Info    : Joules engine is used. [RPT-16]
        : Joules engine is being used for the command report_power.
Info   : ACTP-0001 Activity propagation started for stim#0 netlist Conv
Info   : ACTP-0009 [ACTPInfo] Activity Propagation Progress Report :   0%   1%   2%   3%   4%   5%   6%   7%   8%   9%  10%  11%  12%  13%  14%  15%  16%  17%  18%  19%  20%  21%  22%  23%  24%  25%  26%  27%  28%  29%  30%  31%  32%  33%  34%  35%  36%  37%  38%  39%  40%  41%  42%  43%  44%  45%  46%  47%  48%  49%  50%  51%  52%  53%  54%  55%  56%  57%  58%  59%  60%  61%  62%  63%  64%  65%  66%  67%  68%  69%  70%  71%  72%  73%  74%  75%  76%  77%  78%  79%  80%  81%  82%  83%  84%  85%  86%  87%  88%  89%  90%  91%  92%  93%  94%  95%  96%  97%  98%  99% 100%
Info   : ACTP-0001 Activity propagation ended for stim#0
Info   : PWRA-0001 [PwrInfo] compute_power effective options 
       : -mode : vectorless
       : -skip_propagation : 1
       : -frequency_scaling_factor : 1.0
       : -use_clock_freq : stim
       : -stim :/stim#0
       : -fromGenus : 1
Info   : ACTP-0001 Timing initialization started
Info   : ACTP-0001 Timing initialization ended
Info   : PWRA-0002 [PwrInfo] Skipping activity propagation due to -skip_ap
       : option....
Warning: PWRA-0302 [PwrWarn] Frequency scaling is not applicable for vectorless
       : flow. Ignoring frequency scaling.
Warning: PWRA-0304 [PwrWarn] -stim option is not applicable with vectorless mode
       : of power analysis, ignored this option.
Info   : PWRA-0002 Started 'vectorless' power computation.
Info   : PWRA-0009 [PwrInfo] Power Computation Progress Report :   2%   5%   7%  10%  12%  15%  17%  20%  22%  25%  27%  30%  32%  35%  37%  40%  42%  45%  47%  50%  52%  55%  57%  60%  62%  65%  67%  70%  72%  75%  77%  80%  82%  85%  87%  90%  92%  95%  97% 100%
Info   : PWRA-0002 Finished power computation.
Info   : PWRA-0007 [PwrInfo] Completed successfully.
       : Info=6, Warn=2, Error=0, Fatal=0
Output file: /tmp/fastconv-power4x4-i54-90fa/rtl/conv4x4/synthesis/conv-tcn16-i54-h27-t36-o16-m18-stream12-prefetch18-rowconst6-trunc-column/logical/results/reports/Conv_power_analysis_view_0p81v_125c_capwst_slowest.rpt
@file(logical_synthesis_body.tcl) 78: set CURRENT_VIEW analysis_view_0p90v_25c_captyp_nominal
@file(logical_synthesis_body.tcl) 79: set_analysis_view -setup ${CURRENT_VIEW} -hold ${CURRENT_VIEW}

Threads Configured:3

  Message Summary for Library tcbn28hpcplusbwp30p140tt0p9v25c.lib:
  ****************************************************************
  Missing a function attribute in the output pin definition. [LBR-518]: 1
  An unsupported construct was detected in this library. [LBR-40]: 1
  ****************************************************************
 
Info    : Created nominal operating condition. [LBR-412]
        : Operating condition '_nominal_' was created for the PVT values (1.000000, 0.900000, 25.000000) in library 'tcbn28hpcplusbwp30p140tt0p9v25c.lib'.
Warning : Library cell has no output pins defined. [LBR-9]
        : Library cell 'ANTENNABWP30P140' must have an output pin.
Warning : Library cell has no output pins defined. [LBR-9]
        : Library cell 'ANTENNABWP30P140' must have an output pin.
Warning : Library cell has no output pins defined. [LBR-9]
        : Library cell 'BOUNDARY_LEFTBWP30P140' must have an output pin.
Warning : Library cell has no output pins defined. [LBR-9]
        : Library cell 'BOUNDARY_LEFTBWP30P140' must have an output pin.
Warning : Library cell has no output pins defined. [LBR-9]
        : Library cell 'BOUNDARY_RIGHTBWP30P140' must have an output pin.
Warning : Library cell has no output pins defined. [LBR-9]
        : Library cell 'BOUNDARY_RIGHTBWP30P140' must have an output pin.
Warning : Unusable clock gating integrated cell found at the time of loading libraries. This warning happens because a particular library cell is defined as 'clock_gating_integrated_cell', but 'dont_use' attribute is defined as true in the liberty library. To make Genus use this cell for clock gating insertion, 'dont_use' attribute should be set to false. [LBR-101]
        : Clock gating integrated cell name: 'CKLHQD20BWP30P140'
Warning : Unusable clock gating integrated cell found at the time of loading libraries. This warning happens because a particular library cell is defined as 'clock_gating_integrated_cell', but 'dont_use' attribute is defined as true in the liberty library. To make Genus use this cell for clock gating insertion, 'dont_use' attribute should be set to false. [LBR-101]
        : Clock gating integrated cell name: 'CKLHQD24BWP30P140'
Warning : Unusable clock gating integrated cell found at the time of loading libraries. This warning happens because a particular library cell is defined as 'clock_gating_integrated_cell', but 'dont_use' attribute is defined as true in the liberty library. To make Genus use this cell for clock gating insertion, 'dont_use' attribute should be set to false. [LBR-101]
        : Clock gating integrated cell name: 'CKLNQD20BWP30P140'
Warning : Unusable clock gating integrated cell found at the time of loading libraries. This warning happens because a particular library cell is defined as 'clock_gating_integrated_cell', but 'dont_use' attribute is defined as true in the liberty library. To make Genus use this cell for clock gating insertion, 'dont_use' attribute should be set to false. [LBR-101]
        : Clock gating integrated cell name: 'CKLNQD24BWP30P140'
Warning : Library cell has no output pins defined. [LBR-9]
        : Library cell 'DCAP16BWP30P140' must have an output pin.
Warning : Library cell has no output pins defined. [LBR-9]
        : Library cell 'DCAP16BWP30P140' must have an output pin.
Warning : Library cell has no output pins defined. [LBR-9]
        : Library cell 'DCAP32BWP30P140' must have an output pin.
Warning : Library cell has no output pins defined. [LBR-9]
        : Library cell 'DCAP32BWP30P140' must have an output pin.
Warning : Library cell has no output pins defined. [LBR-9]
        : Library cell 'DCAP4BWP30P140' must have an output pin.
Warning : Library cell has no output pins defined. [LBR-9]
        : Library cell 'DCAP4BWP30P140' must have an output pin.
Warning : Library cell has no output pins defined. [LBR-9]
        : Library cell 'DCAP64BWP30P140' must have an output pin.
Warning : Library cell has no output pins defined. [LBR-9]
        : Library cell 'DCAP64BWP30P140' must have an output pin.
Warning : Library cell has no output pins defined. [LBR-9]
        : Library cell 'DCAP8BWP30P140' must have an output pin.
Warning : Library cell has no output pins defined. [LBR-9]
        : Library cell 'DCAP8BWP30P140' must have an output pin.
Warning : Library cell has no output pins defined. [LBR-9]
        : Library cell 'FILL16BWP30P140' must have an output pin.
Warning : Library cell has no output pins defined. [LBR-9]
        : Library cell 'FILL16BWP30P140' must have an output pin.
Warning : Library cell has no output pins defined. [LBR-9]
        : Library cell 'FILL2BWP30P140' must have an output pin.
Warning : Library cell has no output pins defined. [LBR-9]
        : Library cell 'FILL2BWP30P140' must have an output pin.
  Library has 530 usable logic and 349 usable sequential lib-cells.
Warning : Physical cell not defined in library. [PHYS-279]
        : The physical (LEF) cell ISOHID1BWP30P140 cannot be found in library.
Warning : Physical cell not defined in library. [PHYS-279]
        : The physical (LEF) cell ISOHID2BWP30P140 cannot be found in library.
Warning : Physical cell not defined in library. [PHYS-279]
        : The physical (LEF) cell ISOHID4BWP30P140 cannot be found in library.
Warning : Physical cell not defined in library. [PHYS-279]
        : The physical (LEF) cell ISOHID8BWP30P140 cannot be found in library.
Warning : Physical cell not defined in library. [PHYS-279]
        : The physical (LEF) cell ISOLOD1BWP30P140 cannot be found in library.
Warning : Physical cell not defined in library. [PHYS-279]
        : The physical (LEF) cell ISOLOD2BWP30P140 cannot be found in library.
Warning : Physical cell not defined in library. [PHYS-279]
        : The physical (LEF) cell ISOLOD4BWP30P140 cannot be found in library.
Warning : Physical cell not defined in library. [PHYS-279]
        : The physical (LEF) cell ISOLOD8BWP30P140 cannot be found in library.
Warning : Physical cell not defined in library. [PHYS-279]
        : The physical (LEF) cell ISOSRHID2BWP30P140 cannot be found in library.
Warning : Physical cell not defined in library. [PHYS-279]
        : The physical (LEF) cell ISOSRHID4BWP30P140 cannot be found in library.
Warning : Physical cell not defined in library. [PHYS-279]
        : The physical (LEF) cell ISOSRHID8BWP30P140 cannot be found in library.
Warning : Physical cell not defined in library. [PHYS-279]
        : The physical (LEF) cell ISOSRLOD2BWP30P140 cannot be found in library.
Warning : Physical cell not defined in library. [PHYS-279]
        : The physical (LEF) cell ISOSRLOD4BWP30P140 cannot be found in library.
Warning : Physical cell not defined in library. [PHYS-279]
        : The physical (LEF) cell ISOSRLOD8BWP30P140 cannot be found in library.
Warning : Physical cell not defined in library. [PHYS-279]
        : The physical (LEF) cell LVLHLCD1BWP30P140 cannot be found in library.
Warning : Physical cell not defined in library. [PHYS-279]
        : The physical (LEF) cell LVLHLCD2BWP30P140 cannot be found in library.
Warning : Physical cell not defined in library. [PHYS-279]
        : The physical (LEF) cell LVLHLCD4BWP30P140 cannot be found in library.
Warning : Physical cell not defined in library. [PHYS-279]
        : The physical (LEF) cell LVLHLCD8BWP30P140 cannot be found in library.
Warning : Physical cell not defined in library. [PHYS-279]
        : The physical (LEF) cell LVLHLCLOD1BWP30P140 cannot be found in library.
Warning : Physical cell not defined in library. [PHYS-279]
        : The physical (LEF) cell LVLHLCLOD2BWP30P140 cannot be found in library.
Warning : Inconsistency detected among the units specified in the timing libraries being used. [LBR-714]
        : Libraries with inconsistent time/capacitance units were loaded.
        : Default system time/capacitance unit will be used.
#
# Start activating view: analysis_view:Conv/analysis_view_0p90v_25c_captyp_nominal
#
#
# Done activating view: analysis_view:Conv/analysis_view_0p90v_25c_captyp_nominal
#
@file(logical_synthesis_body.tcl) 80: report_timing > [file join $OUT_FILES reports ${TOP_MODULE}_timing_setup_${CURRENT_VIEW}.rpt]
@file(logical_synthesis_body.tcl) 81: report_power -unit mW > [file join $OUT_FILES reports ${TOP_MODULE}_power_${CURRENT_VIEW}.rpt]
Info    : Joules engine is used. [RPT-16]
        : Joules engine is being used for the command report_power.
Info   : ACTP-0001 Activity propagation started for stim#0 netlist Conv
Info   : ACTP-0009 [ACTPInfo] Activity Propagation Progress Report :   0%   1%   2%   3%   4%   5%   6%   7%   8%   9%  10%  11%  12%  13%  14%  15%  16%  17%  18%  19%  20%  21%  22%  23%  24%  25%  26%  27%  28%  29%  30%  31%  32%  33%  34%  35%  36%  37%  38%  39%  40%  41%  42%  43%  44%  45%  46%  47%  48%  49%  50%  51%  52%  53%  54%  55%  56%  57%  58%  59%  60%  61%  62%  63%  64%  65%  66%  67%  68%  69%  70%  71%  72%  73%  74%  75%  76%  77%  78%  79%  80%  81%  82%  83%  84%  85%  86%  87%  88%  89%  90%  91%  92%  93%  94%  95%  96%  97%  98%  99% 100%
Info   : ACTP-0001 Activity propagation ended for stim#0
Info   : PWRA-0001 compute_power effective options 
       : -mode : vectorless
       : -skip_propagation : 1
       : -frequency_scaling_factor : 1.0
       : -use_clock_freq : stim
       : -stim :/stim#0
       : -fromGenus : 1
Info   : ACTP-0001 Timing initialization started
Info   : ACTP-0001 Timing initialization ended
Info   : PWRA-0002 Skipping activity propagation due to -skip_ap option....
Warning: PWRA-0302 Frequency scaling is not applicable for vectorless flow.
       : Ignoring frequency scaling.
Warning: PWRA-0304 -stim option is not applicable with vectorless mode of power
       : analysis, ignored this option.
Info   : PWRA-0002 Started 'vectorless' power computation.
Info   : PWRA-0009 [PwrInfo] Power Computation Progress Report :   2%   5%   7%  10%  12%  15%  17%  20%  22%  25%  27%  30%  32%  35%  37%  40%  42%  45%  47%  50%  52%  55%  57%  60%  62%  65%  67%  70%  72%  75%  77%  80%  82%  85%  87%  90%  92%  95%  97% 100%
Info   : PWRA-0002 Finished power computation.
Info   : PWRA-0007 Completed successfully.
       : Info=6, Warn=2, Error=0, Fatal=0
Output file: /tmp/fastconv-power4x4-i54-90fa/rtl/conv4x4/synthesis/conv-tcn16-i54-h27-t36-o16-m18-stream12-prefetch18-rowconst6-trunc-column/logical/results/reports/Conv_power_analysis_view_0p90v_25c_captyp_nominal.rpt
@file(logical_synthesis_body.tcl) 83: set CURRENT_VIEW analysis_view_0p99v_m40c_capbst_fastest
@file(logical_synthesis_body.tcl) 84: set_analysis_view -setup ${CURRENT_VIEW} -hold ${CURRENT_VIEW}

Threads Configured:3

  Message Summary for Library tcbn28hpcplusbwp30p140ffg0p99vm40c.lib:
  *******************************************************************
  Missing a function attribute in the output pin definition. [LBR-518]: 1
  An unsupported construct was detected in this library. [LBR-40]: 1
  *******************************************************************
 
Info    : Created nominal operating condition. [LBR-412]
        : Operating condition '_nominal_' was created for the PVT values (1.000000, 0.990000, -40.000000) in library 'tcbn28hpcplusbwp30p140ffg0p99vm40c.lib'.
Warning : Unusable clock gating integrated cell found at the time of loading libraries. This warning happens because a particular library cell is defined as 'clock_gating_integrated_cell', but 'dont_use' attribute is defined as true in the liberty library. To make Genus use this cell for clock gating insertion, 'dont_use' attribute should be set to false. [LBR-101]
        : Clock gating integrated cell name: 'CKLHQD20BWP30P140'
Warning : Unusable clock gating integrated cell found at the time of loading libraries. This warning happens because a particular library cell is defined as 'clock_gating_integrated_cell', but 'dont_use' attribute is defined as true in the liberty library. To make Genus use this cell for clock gating insertion, 'dont_use' attribute should be set to false. [LBR-101]
        : Clock gating integrated cell name: 'CKLHQD24BWP30P140'
Warning : Unusable clock gating integrated cell found at the time of loading libraries. This warning happens because a particular library cell is defined as 'clock_gating_integrated_cell', but 'dont_use' attribute is defined as true in the liberty library. To make Genus use this cell for clock gating insertion, 'dont_use' attribute should be set to false. [LBR-101]
        : Clock gating integrated cell name: 'CKLNQD20BWP30P140'
Warning : Unusable clock gating integrated cell found at the time of loading libraries. This warning happens because a particular library cell is defined as 'clock_gating_integrated_cell', but 'dont_use' attribute is defined as true in the liberty library. To make Genus use this cell for clock gating insertion, 'dont_use' attribute should be set to false. [LBR-101]
        : Clock gating integrated cell name: 'CKLNQD24BWP30P140'
  Library has 530 usable logic and 349 usable sequential lib-cells.
Warning : Inconsistency detected among the units specified in the timing libraries being used. [LBR-714]
        : Libraries with inconsistent time/capacitance units were loaded.
#
# Start activating view: analysis_view:Conv/analysis_view_0p99v_m40c_capbst_fastest
#
#
# Done activating view: analysis_view:Conv/analysis_view_0p99v_m40c_capbst_fastest
#
@file(logical_synthesis_body.tcl) 85: report_timing > [file join $OUT_FILES reports ${TOP_MODULE}_timing_setup_${CURRENT_VIEW}.rpt]
@file(logical_synthesis_body.tcl) 86: report_power -unit mW > [file join $OUT_FILES reports ${TOP_MODULE}_power_${CURRENT_VIEW}.rpt]
Info    : Joules engine is used. [RPT-16]
        : Joules engine is being used for the command report_power.
Info   : ACTP-0001 Activity propagation started for stim#0 netlist Conv
Info   : ACTP-0009 [ACTPInfo] Activity Propagation Progress Report :   0%   1%   2%   3%   4%   5%   6%   7%   8%   9%  10%  11%  12%  13%  14%  15%  16%  17%  18%  19%  20%  21%  22%  23%  24%  25%  26%  27%  28%  29%  30%  31%  32%  33%  34%  35%  36%  37%  38%  39%  40%  41%  42%  43%  44%  45%  46%  47%  48%  49%  50%  51%  52%  53%  54%  55%  56%  57%  58%  59%  60%  61%  62%  63%  64%  65%  66%  67%  68%  69%  70%  71%  72%  73%  74%  75%  76%  77%  78%  79%  80%  81%  82%  83%  84%  85%  86%  87%  88%  89%  90%  91%  92%  93%  94%  95%  96%  97%  98%  99% 100%
Info   : ACTP-0001 Activity propagation ended for stim#0
Info   : PWRA-0001 compute_power effective options 
       : -mode : vectorless
       : -skip_propagation : 1
       : -frequency_scaling_factor : 1.0
       : -use_clock_freq : stim
       : -stim :/stim#0
       : -fromGenus : 1
Info   : ACTP-0001 Timing initialization started
Info   : ACTP-0001 Timing initialization ended
Info   : PWRA-0002 Skipping activity propagation due to -skip_ap option....
Warning: PWRA-0302 Frequency scaling is not applicable for vectorless flow.
       : Ignoring frequency scaling.
Warning: PWRA-0304 -stim option is not applicable with vectorless mode of power
       : analysis, ignored this option.
Info   : PWRA-0002 Started 'vectorless' power computation.
Info   : PWRA-0009 [PwrInfo] Power Computation Progress Report :   2%   5%   7%  10%  12%  15%  17%  20%  22%  25%  27%  30%  32%  35%  37%  40%  42%  45%  47%  50%  52%  55%  57%  60%  62%  65%  67%  70%  72%  75%  77%  80%  82%  85%  87%  90%  92%  95%  97% 100%
Info   : PWRA-0002 Finished power computation.
Info   : PWRA-0007 Completed successfully.
       : Info=6, Warn=2, Error=0, Fatal=0
Output file: /tmp/fastconv-power4x4-i54-90fa/rtl/conv4x4/synthesis/conv-tcn16-i54-h27-t36-o16-m18-stream12-prefetch18-rowconst6-trunc-column/logical/results/reports/Conv_power_analysis_view_0p99v_m40c_capbst_fastest.rpt
@file(logical_synthesis_body.tcl) 87: report_timing -lint -verbose > [file join $OUT_FILES reports ${TOP_MODULE}_timing_setup_${CURRENT_VIEW}_verbose.rpt]
Info    : Timing analysis will be done for this view. [TUI-744]
        : View is 'analysis_view:Conv/analysis_view_0p99v_m40c_capbst_fastest'.
        : Worst paths will be shown in this view.
@file(logical_synthesis_body.tcl) 88: report_timing -unconstrained > [file join $OUT_FILES reports ${TOP_MODULE}_timing_setup_${CURRENT_VIEW}_verbose_unconstrained.rpt]
@file(logical_synthesis_body.tcl) 90: puts "++++++++++++++++++++++++++++++++++++++++++++++++++++++++++++++++++++++++"
++++++++++++++++++++++++++++++++++++++++++++++++++++++++++++++++++++++++
@file(logical_synthesis_body.tcl) 91: puts "Write netlist"
Write netlist
@file(logical_synthesis_body.tcl) 92: puts "++++++++++++++++++++++++++++++++++++++++++++++++++++++++++++++++++++++++"
++++++++++++++++++++++++++++++++++++++++++++++++++++++++++++++++++++++++
@file(logical_synthesis_body.tcl) 93: write_hdl > [file join $OUT_FILES gate_level ${TOP_MODULE}_logic_mapped.v]
@file(logical_synthesis_body.tcl) 95: set CURRENT_VIEW analysis_view_0p81v_125c_capwst_slowest
@file(logical_synthesis_body.tcl) 96: set_analysis_view -setup ${CURRENT_VIEW} -hold ${CURRENT_VIEW}
#
# Start activating view: analysis_view:Conv/analysis_view_0p81v_125c_capwst_slowest
#
#
# Done activating view: analysis_view:Conv/analysis_view_0p81v_125c_capwst_slowest
#
@file(logical_synthesis_body.tcl) 97: write_sdf > [file join $OUT_FILES gate_level ${TOP_MODULE}_${CURRENT_VIEW}.sdf]
Warning : Default value for an option has changed in this release. [WSDF-104]
        : Default value for -setuphold has changed from split to merge_always. Specify '-setuphold split' to preserve the behavior of the previous release.
        : Specify the option explicitly.
Warning : Default value for an option has changed in this release. [WSDF-104]
        : Default value for -recrem has changed from split to merge_always. Specify '-recrem split' to preserve the behavior of the previous release.
@file(logical_synthesis_body.tcl) 99: set CURRENT_VIEW analysis_view_0p90v_25c_captyp_nominal
@file(logical_synthesis_body.tcl) 100: set_analysis_view -setup ${CURRENT_VIEW} -hold ${CURRENT_VIEW}
#
# Start activating view: analysis_view:Conv/analysis_view_0p90v_25c_captyp_nominal
#
#
# Done activating view: analysis_view:Conv/analysis_view_0p90v_25c_captyp_nominal
#
@file(logical_synthesis_body.tcl) 101: write_sdf > [file join $OUT_FILES gate_level ${TOP_MODULE}_${CURRENT_VIEW}.sdf]
Warning : Default value for an option has changed in this release. [WSDF-104]
        : Default value for -setuphold has changed from split to merge_always. Specify '-setuphold split' to preserve the behavior of the previous release.
Warning : Default value for an option has changed in this release. [WSDF-104]
        : Default value for -recrem has changed from split to merge_always. Specify '-recrem split' to preserve the behavior of the previous release.
@file(logical_synthesis_body.tcl) 103: set CURRENT_VIEW analysis_view_0p99v_m40c_capbst_fastest
@file(logical_synthesis_body.tcl) 104: set_analysis_view -setup ${CURRENT_VIEW} -hold ${CURRENT_VIEW}
#
# Start activating view: analysis_view:Conv/analysis_view_0p99v_m40c_capbst_fastest
#
#
# Done activating view: analysis_view:Conv/analysis_view_0p99v_m40c_capbst_fastest
#
@file(logical_synthesis_body.tcl) 105: write_sdf > [file join $OUT_FILES gate_level ${TOP_MODULE}_${CURRENT_VIEW}.sdf]
Warning : Default value for an option has changed in this release. [WSDF-104]
        : Default value for -setuphold has changed from split to merge_always. Specify '-setuphold split' to preserve the behavior of the previous release.
Warning : Default value for an option has changed in this release. [WSDF-104]
        : Default value for -recrem has changed from split to merge_always. Specify '-recrem split' to preserve the behavior of the previous release.
@file(logical_synthesis_body.tcl) 107: set_analysis_view -setup analysis_view_0p81v_125c_capwst_slowest \
                  -hold analysis_view_0p99v_m40c_capbst_fastest
#
# Start activating view: analysis_view:Conv/analysis_view_0p81v_125c_capwst_slowest
#
#
# Done activating view: analysis_view:Conv/analysis_view_0p81v_125c_capwst_slowest
#
@file(logical_synthesis_body.tcl) 109: write_design -innovus -base_name [file join $OUT_FILES physical_synthesis work data]
Warning : This command will be obsolete in a next major release. [TUI-37]
        : Option '-innovus' is being obsoleted. Use 'write_db -common' for saving design databases to operate with other Cadence tools. Use 'write_design' in future releases for saving files for operations with non-Cadence tools.

(write_design): Writing Innovus content. Constraint interface is: 'mmmc2'
(write_design): Writing Genus content. Constraint interface is 'mmmc2'
Warning : Attribute design_process_node is not set for this design. [PHYS-1011]
        : Missing data.
        : When attribute design_process_node is not set to an appropriate integer value >=5 and <=250, then Innovus will assume its own default value for the design process node. See the Innovus setDesignMode -process <> command for more information about what this setting does.
Exporting design data for 'Conv' to /tmp/fastconv-power4x4-i54-90fa/rtl/conv4x4/synthesis/conv-tcn16-i54-h27-t36-o16-m18-stream12-prefetch18-rowconst6-trunc-column/logical/results/physical_synthesis/work/data...
%# Begin write_design (10/05 18:21:10, mem=2400.86M)
      flow.cputime  flow.realtime  timing.setup.tns  timing.setup.wns  snapshot
UM:*                                                                   write_design
No loop breaker instances found (cdn_loop_breaker).
File /tmp/fastconv-power4x4-i54-90fa/rtl/conv4x4/synthesis/conv-tcn16-i54-h27-t36-o16-m18-stream12-prefetch18-rowconst6-trunc-column/logical/results/physical_synthesis/work/data.mmmc.tcl has been written.
Finished SDC export (command execution time mm:ss (real) = 00:01).
Info: file /tmp/fastconv-power4x4-i54-90fa/rtl/conv4x4/synthesis/conv-tcn16-i54-h27-t36-o16-m18-stream12-prefetch18-rowconst6-trunc-column/logical/results/physical_synthesis/work/data.constraints_default.sdc has been written
Info: file /tmp/fastconv-power4x4-i54-90fa/rtl/conv4x4/synthesis/conv-tcn16-i54-h27-t36-o16-m18-stream12-prefetch18-rowconst6-trunc-column/logical/results/physical_synthesis/work/data.constraints_default.sdc has been written

Number of user defined NDR nets found: 0

Number of NDR nets found: 0
Number of nets with minimum layer assignments: 0

** To load the database source /tmp/fastconv-power4x4-i54-90fa/rtl/conv4x4/synthesis/conv-tcn16-i54-h27-t36-o16-m18-stream12-prefetch18-rowconst6-trunc-column/logical/results/physical_synthesis/work/data.invs_setup.tcl in an Innovus session.
** To load the database source /tmp/fastconv-power4x4-i54-90fa/rtl/conv4x4/synthesis/conv-tcn16-i54-h27-t36-o16-m18-stream12-prefetch18-rowconst6-trunc-column/logical/results/physical_synthesis/work/data.genus_setup.tcl in an Genus(TM) Synthesis Solution session.
Finished exporting design data for 'Conv' (command execution time mm:ss cpu = 00:01, real = 00:09).
.
%# End write_design (10/05 18:21:19, total cpu=05:00:01, real=05:00:09, peak res=7926.40M, current mem=2388.86M)
@file(logical_synthesis_body.tcl) 111: set CURRENT_VIEW analysis_view_0p90v_25c_captyp_nominal
@file(logical_synthesis_body.tcl) 112: set_analysis_view -setup ${CURRENT_VIEW} -hold ${CURRENT_VIEW}
#
# Start activating view: analysis_view:Conv/analysis_view_0p90v_25c_captyp_nominal
#
#
# Done activating view: analysis_view:Conv/analysis_view_0p90v_25c_captyp_nominal
#
@file(logical_synthesis_body.tcl) 113: write_db [file join $OUT_FILES gate_level ${TOP_MODULE}_logic_mapped.db]
Finished exporting design database to file '/tmp/fastconv-power4x4-i54-90fa/rtl/conv4x4/synthesis/conv-tcn16-i54-h27-t36-o16-m18-stream12-prefetch18-rowconst6-trunc-column/logical/results/gate_level/Conv_logic_mapped.db' for 'Conv' (command execution time mm:ss cpu = 00:02, real = 00:03).
@file(logical_synthesis_body.tcl) 115: exit

Lic Summary:
[18:21:23.448849] Cdslmd servers: paxos
[18:21:23.448857] Feature usage summary:
[18:21:23.448858] Genus_Synthesis


+-----------+--------------------+-----+----------------------+---------------------------+
|   Host    |      Machine       | CPU | Physical Memory (MB) | Peak Physical Memory (MB) |
+-----------+--------------------+-----+----------------------+---------------------------+
| localhost | paxos.inf.pucrs.br |  1  |        2550.1        |          7926.4           |
+-----------+--------------------+-----+----------------------+---------------------------+

+---------------+----------------------+---------------------------+
|    Server     | Physical Memory (MB) | Peak Physical Memory (MB) |
+---------------+----------------------+---------------------------+
| localhost_1_0 |        1065.7        |          6237.5           |
+---------------+----------------------+---------------------------+

Info    : A super-threading server has been shut down normally. [ST-112]
        : The server 'localhost_1_0' was process '2317090' on this host.
        : A super-threaded optimization is complete and a CPU server was successfully shut down.
