Cadence Genus(TM) Synthesis Solution.
Copyright 2022 Cadence Design Systems, Inc. All rights reserved worldwide.
Cadence and the Cadence logo are registered trademarks and Genus is a trademark
of Cadence Design Systems, Inc. in the United States and other countries.

[13:20:43.503657] Configured Lic search path (20.02-s004): 5280@paxos.inf.pucrs.br

Version: 21.12-s068_1, built Fri Mar 04 09:12:46 PST 2022
Options: 
Date:    Wed Sep 02 13:20:43 2026
Host:    paxos.inf.pucrs.br (x86_64 w/Linux 4.18.0-553.155.1.el8_10.x86_64) (14cores*28cpus*1physical cpu*Intel(R) Core(TM) i9-7940X CPU @ 3.10GHz 19712KB) (131170900KB)
PID:     3254064
OS:      Rocky Linux release 8.10 (Green Obsidian)


[13:20:43.082576] Periodic Lic check successful
[13:20:43.082579] Feature usage summary:
[13:20:43.082579] Genus_Synthesis
Checking out license: Genus_Synthesis


***********************************************************************************************************
***********************************************************************************************************



Loading tool scripts...
Finished loading tool scripts (88 seconds elapsed).

WARNING: This version of the tool is 1642 days old.
@genus:root: 1> source logical_synthesis.tcl
Sourcing './logical_synthesis.tcl' (Wed Sep 02 13:22:11 -03 2026)...
#@ Begin verbose source ./logical_synthesis.tcl
@file(logical_synthesis.tcl) 10: set LOGICAL_ROOT [file normalize [file dirname [info script]]]
@file(logical_synthesis.tcl) 11: set CONFIG_ROOT [file normalize [file join $LOGICAL_ROOT ..]]
@file(logical_synthesis.tcl) 12: set GIT_ROOT [exec git -C $CONFIG_ROOT rev-parse --show-toplevel]
@file(logical_synthesis.tcl) 13: set OUT_FILES [file normalize [file join $LOGICAL_ROOT results]]
@file(logical_synthesis.tcl) 17: set TOP_MODULE system
@file(logical_synthesis.tcl) 18: set top_file [file join $CONFIG_ROOT top-module.txt]
@file(logical_synthesis.tcl) 19: if {[file exists $top_file]} {
    set fp_top [open $top_file r]
    while {[gets $fp_top line] >= 0} {
        set line_trim [string trim $line]
        if {$line_trim ne "" && ![string match "#*" $line_trim]} {
            set TOP_MODULE $line_trim
            break
        }
    }
    close $fp_top
}
@file(logical_synthesis.tcl) 33: set TOP_PARAMETERS [list]
@file(logical_synthesis.tcl) 34: set parameters_file [file join $CONFIG_ROOT top-parameters.txt]
@file(logical_synthesis.tcl) 35: if {[file exists $parameters_file]} {
    set fp_parameters [open $parameters_file r]
    while {[gets $fp_parameters line] >= 0} {
        set line_trim [string trim $line]
        if {$line_trim ne "" && ![string match "#*" $line_trim]} {
            lappend TOP_PARAMETERS $line_trim
        }
    }
    close $fp_parameters
}
@file(logical_synthesis.tcl) 48: proc resolve_project_file ...
@file(logical_synthesis.tcl) 60: set file_list_path [file join $CONFIG_ROOT list-file.txt]
@file(logical_synthesis.tcl) 61: set HDL_FILES [list]
@file(logical_synthesis.tcl) 62: if {[file exists $file_list_path]} {
    set fp [open $file_list_path r]
    while {[gets $fp line] >= 0} {
        set line_trim [string trim $line]
        if {$line_trim eq "" || [string match "#*" $line_trim]} {
            continue
        }
        lappend HDL_FILES [resolve_project_file $line_trim $CONFIG_ROOT $GIT_ROOT]
    }
    close $fp
}
@file(logical_synthesis.tcl) 75: set defines_file [file join $CONFIG_ROOT list-define.txt]
@file(logical_synthesis.tcl) 76: set DEFINE_FLAGS [list]
@file(logical_synthesis.tcl) 77: if {[file exists $defines_file]} {
    set fp_def [open $defines_file r]
    while {[gets $fp_def line] >= 0} {
        set line_trim [string trim $line]
        if {$line_trim eq "" || [string match "#*" $line_trim]} {
            continue
        }
        if {[string match "-define *" $line_trim]} {
            set line_trim [string trim [string range $line_trim 8 end]]
        }
        if {$line_trim ne ""} {
            lappend DEFINE_FLAGS $line_trim
        }
    }
    close $fp_def
}
@file(logical_synthesis.tcl) 94: source [file join $CONFIG_ROOT scripts logical_synthesis_body.tcl]
Sourcing '/sim/tarsio/FastConv_SystemVerilog/rtl/conv2x2/synthesis/conv-i16-h13-t08-o4-m04-stream12-rowconst4/scripts/logical_synthesis_body.tcl' (Wed Sep 02 13:22:11 -03 2026)...
#@ Begin verbose source /sim/tarsio/FastConv_SystemVerilog/rtl/conv2x2/synthesis/conv-i16-h13-t08-o4-m04-stream12-rowconst4/scripts/logical_synthesis_body.tcl
@file(logical_synthesis_body.tcl) 5: puts "++++++++++++++++++++++++++++++++++++++++++++++++++++++++++++++++++++++++"
++++++++++++++++++++++++++++++++++++++++++++++++++++++++++++++++++++++++
@file(logical_synthesis_body.tcl) 6: puts "Load the pdk using MMMC"
Load the pdk using MMMC
@file(logical_synthesis_body.tcl) 7: puts "++++++++++++++++++++++++++++++++++++++++++++++++++++++++++++++++++++++++"
++++++++++++++++++++++++++++++++++++++++++++++++++++++++++++++++++++++++
@file(logical_synthesis_body.tcl) 8: read_mmmc [file join $CONFIG_ROOT scripts mmmc_tsmc_28_bv.tcl]
  Setting attribute of root '/': 'is_read_mmmc_flow' = true
Sourcing '/sim/tarsio/FastConv_SystemVerilog/rtl/conv2x2/synthesis/conv-i16-h13-t08-o4-m04-stream12-rowconst4/scripts/mmmc_tsmc_28_bv.tcl' (Wed Sep 02 13:22:11 -03 2026)...
#@ Begin verbose source /sim/tarsio/FastConv_SystemVerilog/rtl/conv2x2/synthesis/conv-i16-h13-t08-o4-m04-stream12-rowconst4/scripts/mmmc_tsmc_28_bv.tcl
@file(mmmc_tsmc_28_bv.tcl) 2: set CONSTRAINTS_PATH [file join $CONFIG_ROOT scripts]
@file(mmmc_tsmc_28_bv.tcl) 8: set LIB_PATH /pdk/tsmc/PDK28/PDK_TSMC28_bv/tcbn28hpcplusbwp30p140_190a/TSMCHOME/digital/Front_End
@file(mmmc_tsmc_28_bv.tcl) 9: set TECH_PATH /pdk/tsmc/PDK28/PDK_TSMC28_bv/tcbn28hpcplusbwp30p140_190a/TSMCHOME/digital/Back_End
@file(mmmc_tsmc_28_bv.tcl) 16: create_library_set -name libset_0p81v_125c \
    -timing  "${LIB_PATH}/timing_power_noise/NLDM/tcbn28hpcplusbwp30p140_180a/tcbn28hpcplusbwp30p140ssg0p81v125c.lib"
@file(mmmc_tsmc_28_bv.tcl) 20: create_library_set -name libset_0p90v_25c \
    -timing  "${LIB_PATH}/timing_power_noise/NLDM/tcbn28hpcplusbwp30p140_180a/tcbn28hpcplusbwp30p140tt0p9v25c.lib"
@file(mmmc_tsmc_28_bv.tcl) 24: create_library_set -name libset_0p99v_m40c \
    -timing  "${LIB_PATH}/timing_power_noise/NLDM/tcbn28hpcplusbwp30p140_180a/tcbn28hpcplusbwp30p140ffg0p99vm40c.lib"
@file(mmmc_tsmc_28_bv.tcl) 32: create_opcond -name opcond_0p81v_125c -voltage 0.81 -temperature 125.0
@file(mmmc_tsmc_28_bv.tcl) 33: create_opcond -name opcond_0p90v_25c  -voltage 0.90 -temperature  25.0
@file(mmmc_tsmc_28_bv.tcl) 34: create_opcond -name opcond_0p99v_m40c -voltage 0.99 -temperature -40.0
@file(mmmc_tsmc_28_bv.tcl) 41: create_timing_condition -name timing_cond_0p81v_125c \
    -opcond         opcond_0p81v_125c \
    -library_sets { libset_0p81v_125c }
@file(mmmc_tsmc_28_bv.tcl) 45: create_timing_condition -name timing_cond_0p90v_25c \
    -opcond         opcond_0p90v_25c \
    -library_sets { libset_0p90v_25c }
@file(mmmc_tsmc_28_bv.tcl) 49: create_timing_condition -name timing_cond_0p99v_m40c \
    -opcond         opcond_0p99v_m40c \
    -library_sets { libset_0p99v_m40c }
@file(mmmc_tsmc_28_bv.tcl) 58:  create_rc_corner -name rc_corner_125c_capwst \
    -temperature 125.0 \
     -qrc_tech ${TECH_PATH}/qrc/RC_QRC_crn28hpc+_1p09m+ut-alrdl_5x1y1z1u_rcworst/qrcTechFile
@file(mmmc_tsmc_28_bv.tcl) 62:  create_rc_corner -name rc_corner_25c_captyp \
     -temperature 25.0 \
    -qrc_tech ${TECH_PATH}/qrc/RC_QRC_crn28hpc+_1p09m+ut-alrdl_5x1y1z1u_typical/qrcTechFile
@file(mmmc_tsmc_28_bv.tcl) 66:  create_rc_corner -name rc_corner_m40c_capbst \
     -temperature -40.0 \
     -qrc_tech ${TECH_PATH}/qrc/RC_QRC_crn28hpc+_1p09m+ut-alrdl_5x1y1z1u_rcbest/qrcTechFile
@file(mmmc_tsmc_28_bv.tcl) 75: create_delay_corner -name delay_corner_0p81v_125c_capwst \
    -timing_condition timing_cond_0p81v_125c \
     -rc_corner rc_corner_125c_capwst
@file(mmmc_tsmc_28_bv.tcl) 79: create_delay_corner -name delay_corner_0p90v_25c_captyp \
    -timing_condition timing_cond_0p90v_25c \
     -rc_corner rc_corner_25c_captyp
@file(mmmc_tsmc_28_bv.tcl) 83: create_delay_corner -name delay_corner_0p99v_m40c_capbst \
    -timing_condition timing_cond_0p99v_m40c \
     -rc_corner rc_corner_m40c_capbst
@file(mmmc_tsmc_28_bv.tcl) 91: create_constraint_mode -name constraints_default \
    -sdc_files "${CONSTRAINTS_PATH}/constraints.sdc"
@file(mmmc_tsmc_28_bv.tcl) 99: create_analysis_view -name analysis_view_0p81v_125c_capwst_slowest \
    -constraint_mode constraints_default \
    -delay_corner delay_corner_0p81v_125c_capwst
@file(mmmc_tsmc_28_bv.tcl) 103: create_analysis_view -name analysis_view_0p90v_25c_captyp_nominal \
    -constraint_mode constraints_default \
    -delay_corner delay_corner_0p90v_25c_captyp
@file(mmmc_tsmc_28_bv.tcl) 107: create_analysis_view -name analysis_view_0p99v_m40c_capbst_fastest \
    -constraint_mode constraints_default \
    -delay_corner delay_corner_0p99v_m40c_capbst
@file(mmmc_tsmc_28_bv.tcl) 115: set_analysis_view -setup { analysis_view_0p81v_125c_capwst_slowest } \
                  -hold  { analysis_view_0p99v_m40c_capbst_fastest }

Threads Configured:3

  Message Summary for Library tcbn28hpcplusbwp30p140ssg0p81v125c.lib:
  *******************************************************************
  Missing a function attribute in the output pin definition. [LBR-518]: 1
  An unsupported construct was detected in this library. [LBR-40]: 1
  *******************************************************************
 
Info    : Created nominal operating condition. [LBR-412]
        : Operating condition '_nominal_' was created for the PVT values (1.000000, 0.810000, 125.000000) in library 'tcbn28hpcplusbwp30p140ssg0p81v125c.lib'.
        : The nominal operating condition is represented, either by the nominal PVT values specified in the library source (via nom_process,nom_voltage and nom_temperature respectively), or by the default PVT values (1.0,1.0,1.0).
Warning : Library cell has no output pins defined. [LBR-9]
        : Library cell 'ANTENNABWP30P140' must have an output pin.
        : Add the missing output pin(s), then reload the library. Else the library cell will be marked as timing model i.e. unusable. Timing_model means that the cell does not have any defined function. If there is no output pin, Genus will mark library cell as unusable i.e. the attribute 'usable' will be marked to 'false' on the libcell. Therefore, the cell is not used for mapping and it will not be picked up from the library for synthesis. If you query the attribute 'unusable_reason' on the libcell; result will be: 'Library cell has no output pins.'Note: The message LBR-9 is only for the logical pins and not for the power_ground pins. Genus will depend upon the output function defined in the pin group (output pin) of the cell, to use it for mapping. The pg_pin will not have any function defined.
Warning : Library cell has no output pins defined. [LBR-9]
        : Library cell 'ANTENNABWP30P140' must have an output pin.
Warning : Library cell has no output pins defined. [LBR-9]
        : Library cell 'BOUNDARY_LEFTBWP30P140' must have an output pin.
Warning : Library cell has no output pins defined. [LBR-9]
        : Library cell 'BOUNDARY_LEFTBWP30P140' must have an output pin.
Warning : Library cell has no output pins defined. [LBR-9]
        : Library cell 'BOUNDARY_RIGHTBWP30P140' must have an output pin.
Warning : Library cell has no output pins defined. [LBR-9]
        : Library cell 'BOUNDARY_RIGHTBWP30P140' must have an output pin.
Warning : Unusable clock gating integrated cell found at the time of loading libraries. This warning happens because a particular library cell is defined as 'clock_gating_integrated_cell', but 'dont_use' attribute is defined as true in the liberty library. To make Genus use this cell for clock gating insertion, 'dont_use' attribute should be set to false. [LBR-101]
        : Clock gating integrated cell name: 'CKLHQD20BWP30P140'
        : To make the cell usable, change the value of 'dont_use' attribute to false.
Warning : Unusable clock gating integrated cell found at the time of loading libraries. This warning happens because a particular library cell is defined as 'clock_gating_integrated_cell', but 'dont_use' attribute is defined as true in the liberty library. To make Genus use this cell for clock gating insertion, 'dont_use' attribute should be set to false. [LBR-101]
        : Clock gating integrated cell name: 'CKLHQD24BWP30P140'
Warning : Unusable clock gating integrated cell found at the time of loading libraries. This warning happens because a particular library cell is defined as 'clock_gating_integrated_cell', but 'dont_use' attribute is defined as true in the liberty library. To make Genus use this cell for clock gating insertion, 'dont_use' attribute should be set to false. [LBR-101]
        : Clock gating integrated cell name: 'CKLNQD20BWP30P140'
Warning : Unusable clock gating integrated cell found at the time of loading libraries. This warning happens because a particular library cell is defined as 'clock_gating_integrated_cell', but 'dont_use' attribute is defined as true in the liberty library. To make Genus use this cell for clock gating insertion, 'dont_use' attribute should be set to false. [LBR-101]
        : Clock gating integrated cell name: 'CKLNQD24BWP30P140'
Warning : Library cell has no output pins defined. [LBR-9]
        : Library cell 'DCAP16BWP30P140' must have an output pin.
Warning : Library cell has no output pins defined. [LBR-9]
        : Library cell 'DCAP16BWP30P140' must have an output pin.
Warning : Library cell has no output pins defined. [LBR-9]
        : Library cell 'DCAP32BWP30P140' must have an output pin.
Warning : Library cell has no output pins defined. [LBR-9]
        : Library cell 'DCAP32BWP30P140' must have an output pin.
Warning : Library cell has no output pins defined. [LBR-9]
        : Library cell 'DCAP4BWP30P140' must have an output pin.
Warning : Library cell has no output pins defined. [LBR-9]
        : Library cell 'DCAP4BWP30P140' must have an output pin.
Warning : Library cell has no output pins defined. [LBR-9]
        : Library cell 'DCAP64BWP30P140' must have an output pin.
Warning : Library cell has no output pins defined. [LBR-9]
        : Library cell 'DCAP64BWP30P140' must have an output pin.
Warning : Library cell has no output pins defined. [LBR-9]
        : Library cell 'DCAP8BWP30P140' must have an output pin.
Warning : Library cell has no output pins defined. [LBR-9]
        : Library cell 'DCAP8BWP30P140' must have an output pin.
Warning : Library cell has no output pins defined. [LBR-9]
        : Library cell 'FILL16BWP30P140' must have an output pin.
Warning : Library cell has no output pins defined. [LBR-9]
        : Library cell 'FILL16BWP30P140' must have an output pin.
Warning : Library cell has no output pins defined. [LBR-9]
        : Library cell 'FILL2BWP30P140' must have an output pin.
Warning : Library cell has no output pins defined. [LBR-9]
        : Library cell 'FILL2BWP30P140' must have an output pin.
Warning : Maximum message print count reached. [MESG-11]
        : Maximum print count of '20' reached for message 'LBR-9'.
Info    : Set default library domain. [LBR-109]
        : The default library domain is 'library_domain:timing_cond_0p81v_125c'.
  Library has 530 usable logic and 349 usable sequential lib-cells.
@file(mmmc_tsmc_28_bv.tcl) 122: read_physical -lefs "${TECH_PATH}/lef/tsmcn28_9lm5X1Y1Z1UUTRDL.tlef  ${TECH_PATH}/lef/tcbn28hpcplusbwp30p140_110a/lef/tcbn28hpcplusbwp30p140.lef"

  According to lef_library, there are total 10 routing layers [ V(5) / H(5) ]

Warning : The variant range of wire parameters is too large. An example of wire parameters are, a WIDTH for layer, PITCH for layer, MINSPACING for layers, etc. [PHYS-12]
        : The variant range (0.05, 2) of 'WIDTH' for layers 'M6' and 'AP' is too large.
        : Check the consistency of the parameters, and see if you can ignore this message or you're using different LEF file with wrong parameters.
Warning : The variant range of wire parameters is too large. An example of wire parameters are, a WIDTH for layer, PITCH for layer, MINSPACING for layers, etc. [PHYS-12]
        : The variant range (0.1, 4.5) of 'PITCH' for layers 'M4' and 'AP' is too large.
Warning : The variant range of wire parameters is too large. An example of wire parameters are, a WIDTH for layer, PITCH for layer, MINSPACING for layers, etc. [PHYS-12]
        : The variant range (0.05, 2) of 'MINSPACING' for layers 'M1' and 'AP' is too large.
Warning : Physical cell not defined in library. [PHYS-279]
        : The physical (LEF) cell ISOHID1BWP30P140 cannot be found in library.
        : Ensure that the proper library files are available and have been imported.
Warning : Physical cell not defined in library. [PHYS-279]
        : The physical (LEF) cell ISOHID2BWP30P140 cannot be found in library.
Warning : Physical cell not defined in library. [PHYS-279]
        : The physical (LEF) cell ISOHID4BWP30P140 cannot be found in library.
Warning : Physical cell not defined in library. [PHYS-279]
        : The physical (LEF) cell ISOHID8BWP30P140 cannot be found in library.
Warning : Physical cell not defined in library. [PHYS-279]
        : The physical (LEF) cell ISOLOD1BWP30P140 cannot be found in library.
Warning : Physical cell not defined in library. [PHYS-279]
        : The physical (LEF) cell ISOLOD2BWP30P140 cannot be found in library.
Warning : Physical cell not defined in library. [PHYS-279]
        : The physical (LEF) cell ISOLOD4BWP30P140 cannot be found in library.
Warning : Physical cell not defined in library. [PHYS-279]
        : The physical (LEF) cell ISOLOD8BWP30P140 cannot be found in library.
Warning : Physical cell not defined in library. [PHYS-279]
        : The physical (LEF) cell ISOSRHID2BWP30P140 cannot be found in library.
Warning : Physical cell not defined in library. [PHYS-279]
        : The physical (LEF) cell ISOSRHID4BWP30P140 cannot be found in library.
Warning : Physical cell not defined in library. [PHYS-279]
        : The physical (LEF) cell ISOSRHID8BWP30P140 cannot be found in library.
Warning : Physical cell not defined in library. [PHYS-279]
        : The physical (LEF) cell ISOSRLOD2BWP30P140 cannot be found in library.
Warning : Physical cell not defined in library. [PHYS-279]
        : The physical (LEF) cell ISOSRLOD4BWP30P140 cannot be found in library.
Warning : Physical cell not defined in library. [PHYS-279]
        : The physical (LEF) cell ISOSRLOD8BWP30P140 cannot be found in library.
Warning : Physical cell not defined in library. [PHYS-279]
        : The physical (LEF) cell LVLHLCD1BWP30P140 cannot be found in library.
Warning : Physical cell not defined in library. [PHYS-279]
        : The physical (LEF) cell LVLHLCD2BWP30P140 cannot be found in library.
Warning : Physical cell not defined in library. [PHYS-279]
        : The physical (LEF) cell LVLHLCD4BWP30P140 cannot be found in library.
Warning : Physical cell not defined in library. [PHYS-279]
        : The physical (LEF) cell LVLHLCD8BWP30P140 cannot be found in library.
Warning : Physical cell not defined in library. [PHYS-279]
        : The physical (LEF) cell LVLHLCLOD1BWP30P140 cannot be found in library.
Warning : Physical cell not defined in library. [PHYS-279]
        : The physical (LEF) cell LVLHLCLOD2BWP30P140 cannot be found in library.
Warning : Maximum message print count reached. [MESG-11]
        : Maximum print count of '20' reached for message 'PHYS-279'.
#@ End verbose source /sim/tarsio/FastConv_SystemVerilog/rtl/conv2x2/synthesis/conv-i16-h13-t08-o4-m04-stream12-rowconst4/scripts/mmmc_tsmc_28_bv.tcl
@file(logical_synthesis_body.tcl) 10: puts "++++++++++++++++++++++++++++++++++++++++++++++++++++++++++++++++++++++++"
++++++++++++++++++++++++++++++++++++++++++++++++++++++++++++++++++++++++
@file(logical_synthesis_body.tcl) 11: puts "Configuration of the Genus"
Configuration of the Genus
@file(logical_synthesis_body.tcl) 12: puts "++++++++++++++++++++++++++++++++++++++++++++++++++++++++++++++++++++++++"
++++++++++++++++++++++++++++++++++++++++++++++++++++++++++++++++++++++++
@file(logical_synthesis_body.tcl) 13: set_multi_cpu_usage -local_cpu 112
Warning : Check number of local CPUs. [TUI-279]
        : Number of local CPUs specified (112) > actual number of CPUs in the host (28).
        : The lower value will be used.
@file(logical_synthesis_body.tcl) 14: set_db lp_default_probability 0.5
  Setting attribute of root '/': 'lp_default_probability' = 0.50000
@file(logical_synthesis_body.tcl) 15: set_db syn_global_effort high
  Setting attribute of root '/': 'syn_global_effort' = high
@file(logical_synthesis_body.tcl) 16: set_db auto_ungroup none
  Setting attribute of root '/': 'auto_ungroup' = none
@file(logical_synthesis_body.tcl) 17: set_db hdl_parameter_naming_style ""
  Setting attribute of root '/': 'hdl_parameter_naming_style' = 
@file(logical_synthesis_body.tcl) 18: set_db interconnect_mode ple
  Setting attribute of root '/': 'interconnect_mode' = ple
@file(logical_synthesis_body.tcl) 19: set_db hdl_error_on_latch true
  Setting attribute of root '/': 'hdl_error_on_latch' = true
@file(logical_synthesis_body.tcl) 21: puts "++++++++++++++++++++++++++++++++++++++++++++++++++++++++++++++++++++++++"
++++++++++++++++++++++++++++++++++++++++++++++++++++++++++++++++++++++++
@file(logical_synthesis_body.tcl) 22: puts "Control Clock Gating"
Control Clock Gating
@file(logical_synthesis_body.tcl) 23: puts "++++++++++++++++++++++++++++++++++++++++++++++++++++++++++++++++++++++++"
++++++++++++++++++++++++++++++++++++++++++++++++++++++++++++++++++++++++
@file(logical_synthesis_body.tcl) 24: set_db lp_insert_clock_gating true
Warning : The 'lp_insert_clock_gating' attribute should be set before elaboration. [POPT-104]
        : The design 'design:__default_mmmc_spec' is already read. The attribute will not be set.
        : Setting the 'lp_insert_clock_gating' attribute before elaboration will result in an optimal clock-gated design.
  Setting attribute of root '/': 'lp_insert_clock_gating' = true
@file(logical_synthesis_body.tcl) 26: puts "++++++++++++++++++++++++++++++++++++++++++++++++++++++++++++++++++++++++"
++++++++++++++++++++++++++++++++++++++++++++++++++++++++++++++++++++++++
@file(logical_synthesis_body.tcl) 27: puts "Load hdl files"
Load hdl files
@file(logical_synthesis_body.tcl) 28: puts "++++++++++++++++++++++++++++++++++++++++++++++++++++++++++++++++++++++++"
++++++++++++++++++++++++++++++++++++++++++++++++++++++++++++++++++++++++
@file(logical_synthesis_body.tcl) 29: if {[llength $DEFINE_FLAGS] > 0} {
    set DEFINE_STRING [join $DEFINE_FLAGS " "]
    read_hdl -define $DEFINE_STRING -sv {*}$HDL_FILES
} else {
    read_hdl -sv {*}$HDL_FILES
}
@file(logical_synthesis_body.tcl) 36: puts "++++++++++++++++++++++++++++++++++++++++++++++++++++++++++++++++++++++++"
++++++++++++++++++++++++++++++++++++++++++++++++++++++++++++++++++++++++
@file(logical_synthesis_body.tcl) 37: puts "Elaboration"
Elaboration
@file(logical_synthesis_body.tcl) 38: puts "++++++++++++++++++++++++++++++++++++++++++++++++++++++++++++++++++++++++"
++++++++++++++++++++++++++++++++++++++++++++++++++++++++++++++++++++++++
@file(logical_synthesis_body.tcl) 39: if {[llength $TOP_PARAMETERS] > 0} {
    elaborate ${TOP_MODULE} -parameters ${TOP_PARAMETERS}
} else {
    elaborate ${TOP_MODULE}
}
Info    : Elaborating Design. [ELAB-1]
        : Elaborating top-level block 'Conv' from file '/sim/tarsio/FastConv_SystemVerilog/rtl/conv2x2/conv-i16-h13-t08-o4-m04-stream12-rowconst4.sv'.
Warning : Using default parameter value for module elaboration. [CDFG-818]
        : Elaborating block 'Conv' with default parameters value.
Warning : Removing unused register. [CDFG-508]
        : Removing unused latch register 'weight[8]' in module 'WeightTransformRowConst' in file '/sim/tarsio/FastConv_SystemVerilog/rtl/conv2x2/conv-i16-h13-t08-o4-m04-stream12-rowconst4.sv' on line 1009.
        : Genus removes the flip-flop or latch inferred for an unused signal or variable. To preserve the flip-flop or latch, set the hdl_preserve_unused_registers attribute to true or use a pragma in the RTL.
Warning : Removing unused register. [CDFG-508]
        : Removing unused latch register 'weight[7]' in module 'WeightTransformRowConst' in file '/sim/tarsio/FastConv_SystemVerilog/rtl/conv2x2/conv-i16-h13-t08-o4-m04-stream12-rowconst4.sv' on line 1009.
Warning : Removing unused register. [CDFG-508]
        : Removing unused latch register 'weight[6]' in module 'WeightTransformRowConst' in file '/sim/tarsio/FastConv_SystemVerilog/rtl/conv2x2/conv-i16-h13-t08-o4-m04-stream12-rowconst4.sv' on line 1009.
Warning : Removing unused register. [CDFG-508]
        : Removing unused latch register 'weight[5]' in module 'WeightTransformRowConst' in file '/sim/tarsio/FastConv_SystemVerilog/rtl/conv2x2/conv-i16-h13-t08-o4-m04-stream12-rowconst4.sv' on line 1009.
Warning : Removing unused register. [CDFG-508]
        : Removing unused latch register 'weight[4]' in module 'WeightTransformRowConst' in file '/sim/tarsio/FastConv_SystemVerilog/rtl/conv2x2/conv-i16-h13-t08-o4-m04-stream12-rowconst4.sv' on line 1009.
Warning : Removing unused register. [CDFG-508]
        : Removing unused latch register 'weight[3]' in module 'WeightTransformRowConst' in file '/sim/tarsio/FastConv_SystemVerilog/rtl/conv2x2/conv-i16-h13-t08-o4-m04-stream12-rowconst4.sv' on line 1009.
Warning : Removing unused register. [CDFG-508]
        : Removing unused latch register 'weight[5]' in module 'WeightTransformRowConst_2' in file '/sim/tarsio/FastConv_SystemVerilog/rtl/conv2x2/conv-i16-h13-t08-o4-m04-stream12-rowconst4.sv' on line 1009.
Warning : Removing unused register. [CDFG-508]
        : Removing unused latch register 'weight[4]' in module 'WeightTransformRowConst_2' in file '/sim/tarsio/FastConv_SystemVerilog/rtl/conv2x2/conv-i16-h13-t08-o4-m04-stream12-rowconst4.sv' on line 1009.
Warning : Removing unused register. [CDFG-508]
        : Removing unused latch register 'weight[3]' in module 'WeightTransformRowConst_2' in file '/sim/tarsio/FastConv_SystemVerilog/rtl/conv2x2/conv-i16-h13-t08-o4-m04-stream12-rowconst4.sv' on line 1009.
Warning : Removing unused register. [CDFG-508]
        : Removing unused latch register 'weight[2]' in module 'WeightTransformRowConst_2' in file '/sim/tarsio/FastConv_SystemVerilog/rtl/conv2x2/conv-i16-h13-t08-o4-m04-stream12-rowconst4.sv' on line 1009.
Warning : Removing unused register. [CDFG-508]
        : Removing unused latch register 'weight[1]' in module 'WeightTransformRowConst_2' in file '/sim/tarsio/FastConv_SystemVerilog/rtl/conv2x2/conv-i16-h13-t08-o4-m04-stream12-rowconst4.sv' on line 1009.
Warning : Removing unused register. [CDFG-508]
        : Removing unused latch register 'weight[0]' in module 'WeightTransformRowConst_2' in file '/sim/tarsio/FastConv_SystemVerilog/rtl/conv2x2/conv-i16-h13-t08-o4-m04-stream12-rowconst4.sv' on line 1009.
Warning : Unreachable statements for case item. [CDFG-472]
        : Case item 'default' in module 'InverseRowAccumulate' in file '/sim/tarsio/FastConv_SystemVerilog/rtl/conv2x2/mult-matrices/stream/tcn4/mult_matrices.sv' on line 70.
Info    : Done Elaborating Design. [ELAB-3]
        : Done elaborating 'Conv'.
Checking for analog nets...
Check completed for analog nets.
Checking for source RTL...
Check completed for source RTL.
Running Unified Mux Engine Tricks...
Completed Unified Mux Engine Tricks
--------------------------------------------------------
| Trick             | Accepts | Rejects | Runtime (ms) | 
--------------------------------------------------------
| ume_constant_bmux |       0 |       0 |         1.00 | 
--------------------------------------------------------
Starting clip mux common data inputs [v1.0] (stage: post_elab, startdef: Conv, recur: true)
Completed clip mux common data inputs (accepts: 0, rejects: 0, runtime: 0.001s)
Starting clip the non-user hierarchies [v2.0] (stage: post_elab, startdef: Conv, recur: true)
Completed clip the non-user hierarchies (accepts: 0, rejects: 0, runtime: 0.000s)
UM:   flow.cputime  flow.realtime  timing.setup.tns  timing.setup.wns  snapshot
UM:*                                                                   elaborate
@file(logical_synthesis_body.tcl) 44: init_design
Started checking and loading power intent for design Conv...
============================================================
No power intent for design 'Conv'.
Completed checking and loading power intent for design Conv (runtime:0.00s memory_usage:0.00M peak_memory:0.00M).
=================================================================================================================
#
# Reading SDC /sim/tarsio/FastConv_SystemVerilog/rtl/conv2x2/synthesis/conv-i16-h13-t08-o4-m04-stream12-rowconst4/scripts/constraints.sdc for view:analysis_view_0p81v_125c_capwst_slowest (constraint_mode:constraints_default)
#
Warning : Unsupported SDC command option. [SDC-201] [set_input_delay]
        : The set_input_delay command is not supported on ports which have a clock already defined 'port:Conv/clk'.
        : The current version does not support this SDC command option.  However, future versions may be enhanced to support this option.
Statistics for commands executed by read_sdc:
 "all_inputs"               - successful      2 , failed      0 (runtime  0.00)
 "all_outputs"              - successful      2 , failed      0 (runtime  0.00)
 "create_clock"             - successful      1 , failed      0 (runtime  0.00)
 "get_lib_pins"             - successful      1 , failed      0 (runtime  0.01)
 "get_ports"                - successful      2 , failed      0 (runtime  0.00)
 "load_of"                  - successful      1 , failed      0 (runtime  0.00)
 "set_driving_cell"         - successful      1 , failed      0 (runtime  0.00)
 "set_false_path"           - successful      1 , failed      0 (runtime  0.00)
 "set_input_delay"          - successful      1 , failed      0 (runtime  0.00)
 "set_load"                 - successful      1 , failed      0 (runtime  0.00)
 "set_load_unit"            - successful      1 , failed      0 (runtime  0.00)
 "set_output_delay"         - successful      1 , failed      0 (runtime  0.00)
 "set_time_unit"            - successful      1 , failed      0 (runtime  0.00)
read_sdc completed in 00:00:00 (hh:mm:ss)

  According to qrc_tech_file, there are total 10 routing layers [ V(5) / H(5) ]

Warning : The variant range of wire parameters is too large. An example of wire parameters are, a WIDTH for layer, PITCH for layer, MINSPACING for layers, etc. [PHYS-12]
        : The variant range (0.045, 1.8) of 'WIDTH' for layers 'M6' and 'AP' is too large.

  According to qrc_tech_file, there are total 10 routing layers [ V(5) / H(5) ]

Warning : The variant range of wire parameters is too large. An example of wire parameters are, a WIDTH for layer, PITCH for layer, MINSPACING for layers, etc. [PHYS-12]
        : The variant range (0.045, 1.8) of 'WIDTH' for layers 'M6' and 'AP' is too large.

  According to qrc_tech_file, there are total 10 routing layers [ V(5) / H(5) ]

Warning : The variant range of wire parameters is too large. An example of wire parameters are, a WIDTH for layer, PITCH for layer, MINSPACING for layers, etc. [PHYS-12]
        : The variant range (0.045, 1.8) of 'WIDTH' for layers 'M6' and 'AP' is too large.

  According to qrc_tech_file, there are total 10 routing layers [ V(5) / H(5) ]

Warning : The variant range of wire parameters is too large. An example of wire parameters are, a WIDTH for layer, PITCH for layer, MINSPACING for layers, etc. [PHYS-12]
        : The variant range (0.045, 1.8) of 'WIDTH' for layers 'M6' and 'AP' is too large.
  Setting attribute of root '/': 'read_qrc_tech_file_rc_corner' = true
@file(logical_synthesis_body.tcl) 46: if {[info exists DEBUG_PRESERVE_CONV_DATAPATH] && $DEBUG_PRESERVE_CONV_DATAPATH} {
    puts "Debug: preserve Conv datapath observability"
    set_db delete_unloaded_insts false
    set_db optimize_constant_0_flops false
}
@file(logical_synthesis_body.tcl) 52: puts "++++++++++++++++++++++++++++++++++++++++++++++++++++++++++++++++++++++++"
++++++++++++++++++++++++++++++++++++++++++++++++++++++++++++++++++++++++
@file(logical_synthesis_body.tcl) 53: puts "Synthesis - mapping and optimization"
Synthesis - mapping and optimization
@file(logical_synthesis_body.tcl) 54: puts "++++++++++++++++++++++++++++++++++++++++++++++++++++++++++++++++++++++++"
++++++++++++++++++++++++++++++++++++++++++++++++++++++++++++++++++++++++
@file(logical_synthesis_body.tcl) 55: syn_generic
##Generic Timing Info for library domain: timing_cond_0p81v_125c typical gate delay: 20.1 ps std_slew: 6.8 ps std_load: 1.6 fF
Starting mux data reorder optimization [v1.0] (stage: pre_to_gen_setup, startdef: Conv, recur: true)
Completed mux data reorder optimization (accepts: 0, rejects: 0, runtime: 0.006s)
Info    : Deleting instances not driving any primary outputs. [GLO-34]
        : Deleting 80 sequential instances.
        : Optimizations such as constant propagation or redundancy removal could change the connections so a hierarchical instance does not drive any primary outputs anymore. To see the list of deleted hierarchical instances, set the 'information_level' attribute to 2 or above. If the message is truncated set the message attribute 'truncate' to false to see the complete list. To prevent this optimization, set the 'delete_unloaded_insts' root/subdesign attribute to 'false' or 'preserve' instance attribute to 'true'.
Info    : Deleting instances not driving any primary outputs. [GLO-34]
        : Deleting 5 hierarchical instances.
Info    : Deleting instances not driving any primary outputs. [GLO-34]
        : Deleting 4 hierarchical instances.
Current PLE settings:

Aspect ratio        : 1.000
Shrink factor       : 0.900
Scale of res/length : 1.000
Scale of cap/length : 1.000
Net derating factor : 1.000
Thermal factor      : 1.253
Via Resistance      : 16.501 ohm (from qrc_tech_file)
Site size           : 1.040 um (from lef [tech+cell])

                                   Capacitance  
  Layer                             / Length         Data source:
Name        Direction Utilization  (pF/micron)       qrc_tech_file
------------------------------------------------
M1              V         0.00        0.000210  
M2              H         1.00        0.000184  
M3              V         1.00        0.000138  
M4              H         1.00        0.000137  
M5              V         1.00        0.000138  
M6              H         1.00        0.000133  
M7              V         1.00        0.000194  
M8              H         1.00        0.000322  
M9              V         1.00        0.000582  
AP              H         1.00        0.000334  

                                    Resistance   
  Layer                              / Length         Data source:
Name        Direction Utilization  (ohm/micron)       qrc_tech_file
-------------------------------------------------
M1              V         0.00        14.633762  
M2              H         1.00        14.861223  
M3              V         1.00        14.861223  
M4              H         1.00        14.861223  
M5              V         1.00        14.861223  
M6              H         1.00        14.861223  
M7              V         1.00         3.005090  
M8              H         1.00         0.111088  
M9              V         1.00         0.004928  
AP              H         1.00         0.009992  

                                        Area     
  Layer                               / Length        Data source:
Name        Direction Utilization     (micron)        lef_library
-------------------------------------------------
M1              V         0.00         0.050000  
M2              H         1.00         0.050000  
M3              V         1.00         0.050000  
M4              H         1.00         0.050000  
M5              V         1.00         0.050000  
M6              H         1.00         0.050000  
M7              V         1.00         0.100000  
M8              H         1.00         0.400000  
M9              V         1.00         2.000000  
AP              H         1.00         2.000000  

Info    : Synthesizing. [SYNTH-1]
        : Synthesizing 'Conv' to generic gates using 'high' effort.
PBS_Generic-Start - Elapsed_Time 0, CPU_Time 0.0
stamp 'PBS_Generic-Start' being created for table 'pbs_debug'

  Total Time (Wall) |  Stage Time (Wall)  |   % (Wall)   |    Date - Time     |  Memory   | Stage
--------------------+---------------------+--------------+--------------------+-----------+----------------------
 00:00:29(00:01:44) |  00:00:00(00:00:00) |   0.0(  0.0) |   13:22:31 (Sep02) |  684.5 MB | PBS_Generic-Start
--------------------+---------------------+--------------+--------------------+-----------+----------------------
Number of threads: 28 * 1   (id: pbs_debug, time_info v1.57)
Info: (*N*) indicates data that was populated from previously saved time_info database
Info: CPU time includes time of parent + longest thread
TNS Restructuring config: no_value at stage: generic applied.
Info    : Partition Based Synthesis execution skipped. [PHYS-752]
        : Design size is less than the partition size '100000' for distributed generic optimization to kick in.
Starting mux data reorder optimization [v1.0] (stage: pre_to_gen_setup, startdef: Conv, recur: true)
Completed mux data reorder optimization (accepts: 0, rejects: 0, runtime: 0.023s)
Info    : Deleting instances not driving any primary outputs. [GLO-34]
        : Deleting 1 hierarchical instance.
Starting mux data reorder optimization [v1.0] (stage: post_to_gen_setup, startdef: Conv, recur: true)
Completed mux data reorder optimization (accepts: 0, rejects: 0, runtime: 0.005s)
Current PLE settings:

Aspect ratio        : 1.000
Shrink factor       : 0.900
Scale of res/length : 1.000
Scale of cap/length : 1.000
Net derating factor : 1.000
Thermal factor      : 1.253
Via Resistance      : 16.501 ohm (from qrc_tech_file)
Site size           : 1.040 um (from lef [tech+cell])

                                   Capacitance  
  Layer                             / Length         Data source:
Name        Direction Utilization  (pF/micron)       qrc_tech_file
------------------------------------------------
M1              V         0.00        0.000210  
M2              H         1.00        0.000184  
M3              V         1.00        0.000138  
M4              H         1.00        0.000137  
M5              V         1.00        0.000138  
M6              H         1.00        0.000133  
M7              V         1.00        0.000194  
M8              H         1.00        0.000322  
M9              V         1.00        0.000582  
AP              H         1.00        0.000334  

                                    Resistance   
  Layer                              / Length         Data source:
Name        Direction Utilization  (ohm/micron)       qrc_tech_file
-------------------------------------------------
M1              V         0.00        14.633762  
M2              H         1.00        14.861223  
M3              V         1.00        14.861223  
M4              H         1.00        14.861223  
M5              V         1.00        14.861223  
M6              H         1.00        14.861223  
M7              V         1.00         3.005090  
M8              H         1.00         0.111088  
M9              V         1.00         0.004928  
AP              H         1.00         0.009992  

                                        Area     
  Layer                               / Length        Data source:
Name        Direction Utilization     (micron)        lef_library
-------------------------------------------------
M1              V         0.00         0.050000  
M2              H         1.00         0.050000  
M3              V         1.00         0.050000  
M4              H         1.00         0.050000  
M5              V         1.00         0.050000  
M6              H         1.00         0.050000  
M7              V         1.00         0.100000  
M8              H         1.00         0.400000  
M9              V         1.00         2.000000  
AP              H         1.00         2.000000  

Running Unified Mux Engine Tricks...
Completed Unified Mux Engine Tricks
--------------------------------------------
| Trick | Accepts | Rejects | Runtime (ms) | 
--------------------------------------------
--------------------------------------------
Starting infer macro optimization [v1.0] (stage: pre_rtlopt, startdef: Conv, recur: true)
Completed infer macro optimization (accepts: 0, rejects: 53, runtime: 0.076s)
Starting decode mux sandwich optimization [v2.0] (stage: pre_rtlopt, startdef: Conv, recur: true)
Completed decode mux sandwich optimization (accepts: 0, rejects: 0, runtime: 0.000s)
Starting decode mux optimization [v1.0] (stage: pre_rtlopt, startdef: Conv, recur: true)
Completed decode mux optimization (accepts: 0, rejects: 0, runtime: 0.000s)
Starting chop wide muxes [v1.0] (stage: pre_rtlopt, startdef: Conv, recur: true)
Completed chop wide muxes (accepts: 0, rejects: 0, runtime: 0.000s)
Starting common data mux cascade opt [v1.0] (stage: pre_rtlopt, startdef: Conv, recur: true)
Completed common data mux cascade opt (accepts: 0, rejects: 0, runtime: 0.001s)
Starting mux input consolidation [v1.0] (stage: pre_rtlopt, startdef: Conv, recur: true)
Completed mux input consolidation (accepts: 0, rejects: 0, runtime: 0.002s)
Starting priority mux optimization [v1.0] (stage: pre_rtlopt, startdef: Conv, recur: true)
Completed priority mux optimization (accepts: 0, rejects: 0, runtime: 2.134s)
Starting constant-data mux optimization [v1.0] (stage: pre_rtlopt, startdef: Conv, recur: true)
Completed constant-data mux optimization (accepts: 0, rejects: 0, runtime: 0.002s)
Starting chain-to-tree inequality transform [v2.0] (stage: pre_rtlopt, startdef: Conv, recur: true)
Completed chain-to-tree inequality transform (accepts: 0, rejects: 0, runtime: 0.088s)
Starting reconvergence optimization [v1.0] (stage: pre_rtlopt, startdef: Conv, recur: true)
Completed reconvergence optimization (accepts: 0, rejects: 0, runtime: 0.001s)
Starting logic restructure optimization [v1.0] (stage: pre_rtlopt, startdef: Conv, recur: true)
Completed logic restructure optimization (accepts: 0, rejects: 0, runtime: 0.004s)
Starting common select mux optimization [v1.0] (stage: pre_rtlopt, startdef: Conv, recur: true)
Completed common select mux optimization (accepts: 0, rejects: 1, runtime: 0.003s)
Starting identity transform [v3.0] (stage: pre_rtlopt, startdef: Conv, recur: true)
Completed identity transform (accepts: 0, rejects: 16, runtime: 0.007s)
Starting reduce operator chain [v1.0] (stage: pre_rtlopt, startdef: Conv, recur: true)
Completed reduce operator chain (accepts: 0, rejects: 0, runtime: 0.001s)
Starting common data mux cascade opt [v1.0] (stage: pre_rtlopt, startdef: Conv, recur: true)
Completed common data mux cascade opt (accepts: 0, rejects: 0, runtime: 0.001s)
Starting mux input consolidation [v1.0] (stage: pre_rtlopt, startdef: Conv, recur: true)
Completed mux input consolidation (accepts: 0, rejects: 0, runtime: 0.000s)
Starting optimize datapath elements [v1.0] (stage: pre_rtlopt, startdef: Conv, recur: true)
Completed optimize datapath elements (accepts: 0, rejects: 0, runtime: 0.000s)
Starting datapath recasting [v1.0] (stage: pre_rtlopt, startdef: Conv, recur: true)
Completed datapath recasting (accepts: 0, rejects: 0, runtime: 0.001s)
Starting clip mux common data inputs [v1.0] (stage: pre_rtlopt, startdef: Conv, recur: true)
Completed clip mux common data inputs (accepts: 0, rejects: 0, runtime: 0.001s)
Starting clip the non-user hierarchies [v2.0] (stage: pre_rtlopt, startdef: Conv, recur: true)
Completed clip the non-user hierarchies (accepts: 0, rejects: 0, runtime: 0.000s)
Running Unified Mux Engine Tricks...
Completed Unified Mux Engine Tricks
--------------------------------------------------
| Trick       | Accepts | Rejects | Runtime (ms) | 
--------------------------------------------------
| ume_runtime |       0 |       0 |         0.00 | 
--------------------------------------------------
Number of big hc bmuxes before = 0
Number of non-ctl's : 18
mux_w_input_feat_en_449_11 mux_w_input_feat_en_451_2658 mux_w_input_feat_en_451_2660 mux_w_input_feat_en_451_2662 mux_w_input_feat_en_451_2664 mux_w_input_feat_en_451_2666 mux_w_input_feat_en_451_2668 mux_w_input_feat_en_451_2670 mux_w_input_feat_en_451_2672 mux_w_input_feat_en_451_2674 mux_w_input_feat_en_451_2676 mux_w_input_feat_en_451_2678 mux_w_input_feat_en_451_2680 mux_w_input_feat_en_451_2682 mux_w_input_feat_en_451_2684 mux_w_input_feat_en_451_2686 mux_w_input_feat_en_451_2688 mux_w_input_feat_en_453_2690 
SOP DEBUG : Module= Conv, Cluster= ctl_350_48, ctl= 19, Non-ctl= 18
Selected impl_type 0 (ctl + 1-hot mux form) for sop cluster ctl_350_48.
Number of non-ctl's : 1
mux_st_conv_next_549_35 
SOP DEBUG : Module= Conv, Cluster= ctl_549_35, ctl= 1, Non-ctl= 1
Selected impl_type 0 (ctl + 1-hot mux form) for sop cluster ctl_549_35.
Number of non-ctl's : 7
mux_cmbsop_w_weight_row_enable1_720_13 mux_w_weight_row_enable1_716_2646 mux_w_weight_row_enable2_716_2650 mux_w_weight_row_enable3_716_2654 mux_w_weight_row_enable1_718_2648 mux_w_weight_row_enable2_718_2652 mux_w_weight_row_enable3_718_2656 
SOP DEBUG : Module= Conv, Cluster= ctl_720_13, ctl= 7, Non-ctl= 7
Selected impl_type 0 (ctl + 1-hot mux form) for sop cluster ctl_720_13.
Info    : Pre-processed datapath logic. [DPOPT-6]
        : Pre-processing optimizations applied to datapath logic in 'Conv':
          live_trim(34) sop(3) msb_trim(38) output_trim(32) 
Info    : Deleting instances not driving any primary outputs. [GLO-34]
        : Deleting 4 hierarchical instances.
Info    : Optimizing datapath logic. [DPOPT-1]
        : Optimizing datapath logic in 'Conv'.
Info    : Implementing datapath configurations. [DPOPT-3]
        : Implementing datapath configurations for 'CDN_DP_region_0_1'
CSAGen Prep Share:0 Re-Write:0 Speculation: 0
CDN_DP_region_0_1 level = 0 loads = 0 drivers = 0
CDN_DP_region_0_1_c0 in Conv: area: 2273926405 ,dp = 0 mux = 8 sg = slow         worst_clk_period: -1.0000 
    wns: 0  norm_wns:  -1.0000 
    fail_endp: -1 
    tns:  0  tns_per_endp:  -1.0000   norm_tns_per_endp:  -1.0000 
    tns_sense_max:  -1.0000  tns_sense_avg:  -1.0000   tns_sense_num: -1
 skipped
CDN_DP_region_0_1_c1 in Conv: area: 2273926405 ,dp = 0 mux = 8 sg = fast         worst_clk_period: -1.0000 
    wns: 0  norm_wns:  -1.0000 
    fail_endp: -1 
    tns:  0  tns_per_endp:  -1.0000   norm_tns_per_endp:  -1.0000 
    tns_sense_max:  -1.0000  tns_sense_avg:  -1.0000   tns_sense_num: -1
 is current best
CDN_DP_region_0_1_c2 in Conv: area: 2273926405 ,dp = 0 mux = 8 sg = very_slow    worst_clk_period: -1.0000 
    wns: 0  norm_wns:  -1.0000 
    fail_endp: -1 
    tns:  0  tns_per_endp:  -1.0000   norm_tns_per_endp:  -1.0000 
    tns_sense_max:  -1.0000  tns_sense_avg:  -1.0000   tns_sense_num: -1
 is current best
CDN_DP_region_0_1_c3 in Conv: area: 2273926405 ,dp = 0 mux = 8 sg = very_fast    worst_clk_period: -1.0000 
    wns: 0  norm_wns:  -1.0000 
    fail_endp: -1 
    tns:  0  tns_per_endp:  -1.0000   norm_tns_per_endp:  -1.0000 
    tns_sense_max:  -1.0000  tns_sense_avg:  -1.0000   tns_sense_num: -1
 is current best
CDN_DP_region_0_1_c4 in Conv: area: 2273926405 ,dp = 0 mux = 8 sg = very_fast    worst_clk_period: -1.0000 
    wns: 0  norm_wns:  -1.0000 
    fail_endp: -1 
    tns:  0  tns_per_endp:  -1.0000   norm_tns_per_endp:  -1.0000 
    tns_sense_max:  -1.0000  tns_sense_avg:  -1.0000   tns_sense_num: -1
 is current best
CDN_DP_region_0_1_c5 in Conv: area: 2273926405 ,dp = 0 mux = 8 sg = very_fast    worst_clk_period: -1.0000 
    wns: 0  norm_wns:  -1.0000 
    fail_endp: -1 
    tns:  0  tns_per_endp:  -1.0000   norm_tns_per_endp:  -1.0000 
    tns_sense_max:  -1.0000  tns_sense_avg:  -1.0000   tns_sense_num: -1
 is current best
CDN_DP_region_0_1_c6 in Conv: area: 2273926405 ,dp = 0 mux = 8 sg = very_fast    worst_clk_period: -1.0000 
    wns: 0  norm_wns:  -1.0000 
    fail_endp: -1 
    tns:  0  tns_per_endp:  -1.0000   norm_tns_per_endp:  -1.0000 
    tns_sense_max:  -1.0000  tns_sense_avg:  -1.0000   tns_sense_num: -1
 is current best
CDN_DP_region_0_1_c7 in Conv: area: 2273926405 ,dp = 0 mux = 8 sg = very_fast    worst_clk_period: -1.0000 
    wns: 0  norm_wns:  -1.0000 
    fail_endp: -1 
    tns:  0  tns_per_endp:  -1.0000   norm_tns_per_endp:  -1.0000 
    tns_sense_max:  -1.0000  tns_sense_avg:  -1.0000   tns_sense_num: -1
 is current best
Best config: CDN_DP_region_0_1_c7 in Conv: area: 2273926405 ,dp = 0 mux = 8 sg = very_fast    worst_clk_period: -1.0000 
    wns: 0  norm_wns:  -1.0000 
    fail_endp: -1 
    tns:  0  tns_per_endp:  -1.0000   norm_tns_per_endp:  -1.0000 
    tns_sense_max:  -1.0000  tns_sense_avg:  -1.0000   tns_sense_num: -1
  Smallest config area : 2273926405.  Fastest config wns;  0
##>+----------------------------------------------------------------------------------------------------------------------------------------------------------------+
##>Summary table of configs (Best config is CDN_DP_region_0_1_c7)
##>+----------------------------------------------------------------------------------------------------------------------------------------------------------------+
##>                     0                  1                  2                  3                  4                  5                  6                  7            
##>+----------------------------------------------------------------------------------------------------------------------------------------------------------------+
##>           Area       2273926405         2273926405         2273926405         2273926405         2273926405         2273926405         2273926405         2273926405  
##>            WNS          +862.80            +862.80            +862.80            +862.80            +862.80            +862.80            +862.80            +862.80  
##>            TNS                0                  0                  0                  0                  0                  0                  0                  0  
##>    Num Rewrite                0                  0                  0                  0                  0                  0                  0                  0  
##>     Num Factor                0                  0                  0                  0                  0                  0                  0                  0  
##>      Num Share                0                  0                  0                  0                  0                  0                  0                  0  
##>   Num CmultCse                0                  0                  0                  0                  0                  0                  0                  0  
##>   Num Downsize                0                  0                  0                  0                  0                  0                  0                  0  
##>  Num Speculate                0                  0                  0                  0                  0                  0                  0                  0  
##>     Runtime(s)                0                  0                  0                  0                  0                  0                  0                  0  
+----------------------------------------------------------------------------------------------------------------------------------------------------------------+
##>
##>
##>+------------------------------------------------------------------------------------------------------------------------------------------------------------+
##>Optimization Step DEBUG Table for config CDN_DP_region_0_1_c7
##>
##>                          Step                        Area   ( % Chg)        WNS (Change)        TNS (Change)          Runtime (s)        Comment                   
##>+------------------------------------------------------------------------------------------------------------------------------------------------------------+
##>EquationExtraction              START             2273926405 (      )      862.80 (        )             0 (        )              
##>                                  END             2273926405 ( +0.00)      862.80 (   +0.00)             0 (       0)           0  
##>createMaxCarrySave              START             2273926405 ( +0.00)      862.80 (   +0.00)             0 (       0)              
##> datapath_rewrite_one_def       START             2273926405 ( +0.00)      862.80 (   +0.00)             0 (       0)              
##>                                  END             2273926405 ( +0.00)      862.80 (   +0.00)             0 (       0)           0  
##> csa_opto                       START             2273926405 ( +0.00)      862.80 (   +0.00)             0 (       0)              
##>                                  END             2273926405 ( +0.00)      862.80 (   +0.00)             0 (       0)           0  
##>                                  END             2273926405 ( +0.00)      862.80 (   +0.00)             0 (       0)           0  
##>canonicalize_by_names           START             2273926405 ( +0.00)      862.80 (   +0.00)             0 (       0)              
##>                                  END             2273926405 ( +0.00)      862.80 (   +0.00)             0 (       0)           0  
##>datapath_rewrite_post_csa_one_  START             2273926405 ( +0.00)      862.80 (   +0.00)             0 (       0)              
##>                                  END             2273926405 ( +0.00)      862.80 (   +0.00)             0 (       0)           0  
##>datapath_csa_factoring_one_gde  START             2273926405 ( +0.00)      862.80 (   +0.00)             0 (       0)              
##>                                  END             2273926405 ( +0.00)      862.80 (   +0.00)             0 (       0)           0  
##>dpopt_share_one_def             START             2273926405 ( +0.00)      862.80 (   +0.00)             0 (       0)              
##>                                  END             2273926405 ( +0.00)      862.80 (   +0.00)             0 (       0)           0  
##>datapath_rewrite_post_share     START             2273926405 ( +0.00)      862.80 (   +0.00)             0 (       0)              
##>                                  END             2273926405 ( +0.00)      862.80 (   +0.00)             0 (       0)           0  
##>dp_combine_const_mult_with_com  START             2273926405 ( +0.00)      862.80 (   +0.00)             0 (       0)              
##>                                  END             2273926405 ( +0.00)      862.80 (   +0.00)             0 (       0)           0  
##>dp_operator_level_decompositio  START             2273926405 ( +0.00)      862.80 (   +0.00)             0 (       0)              
##>                                  END             2273926405 ( +0.00)      862.80 (   +0.00)             0 (       0)           0  
##>selective_flatten_dp_config     START             2273926405 ( +0.00)      862.80 (   +0.00)             0 (       0)              
##>                                  END             2273926405 ( +0.00)      862.80 (   +0.00)             0 (       0)           0  
##>createMaxCarrySave              START             2273926405 ( +0.00)      862.80 (   +0.00)             0 (       0)              
##> datapath_rewrite_one_def       START             2273926405 ( +0.00)      862.80 (   +0.00)             0 (       0)              
##>  fast_cse_elim                 START             2273926405 ( +0.00)      862.80 (   +0.00)             0 (       0)              
##>                                  END             2273926405 ( +0.00)      862.80 (   +0.00)             0 (       0)           0  
##>  fast_cse_elim                 START             2273926405 ( +0.00)      862.80 (   +0.00)             0 (       0)              
##>                                  END             2273926405 ( +0.00)      862.80 (   +0.00)             0 (       0)           0  
##>                                  END             2273926405 ( +0.00)      862.80 (   +0.00)             0 (       0)           0  
##> csa_opto                       START             2273926405 ( +0.00)      862.80 (   +0.00)             0 (       0)              
##>                                  END             2273926405 ( +0.00)      862.80 (   +0.00)             0 (       0)           0  
##>                                  END             2273926405 ( +0.00)      862.80 (   +0.00)             0 (       0)           0  
##>context_based_simplify          START             2273926405 ( +0.00)      862.80 (   +0.00)             0 (       0)              
##>                                  END             2273926405 ( +0.00)      862.80 (   +0.00)             0 (       0)           0  
##>group_csa_final_adder_dp        START             2273926405 ( +0.00)      862.80 (   +0.00)             0 (       0)              
##>                                  END             2273926405 ( +0.00)      862.80 (   +0.00)             0 (       0)           0  
##>dpopt_flatten_critical_muxes_i  START             2273926405 ( +0.00)      862.80 (   +0.00)             0 (       0)              
##>                                  END             2273926405 ( +0.00)      862.80 (   +0.00)             0 (       0)           0  
##>create_score                    START             2273926405 ( +0.00)      862.80 (   +0.00)             0 (       0)              
##>                                  END             2273926405 ( +0.00)      862.80 (   +0.00)             0 (       0)           0  
##>+------------------------------------------------------------------------------------------------------------------------------------------------------------+
Committed config: CDN_DP_region_0_1_c7
Info    : Done implementing datapath configurations. [DPOPT-4]
        : Selected 'very_fast' configuration 7 for module 'CDN_DP_region_0_1'.
          Optimizations applied to 'very_fast' configuration:
            rewriting(0), factoring(0), sharing(0), cmultcse(0), downsizing(0), speculation(0)
Info    : Implementing datapath configurations. [DPOPT-3]
        : Implementing datapath configurations for 'CDN_DP_region_0_0'
CSAGen Prep Share:0 Re-Write:0 Speculation: 0
CDN_DP_region_0_0 level = 0 loads = 1 drivers = 1 is driven by : CDN_DP_region_0_3 
MaxCSA: Successfully built Maximal CSA Expression Expr0
CDN_DP_region_0_0_c0 in Conv: area: 2001952470 ,dp = 1 mux = 2 sg = slow         worst_clk_period: -1.0000 
    wns: 0  norm_wns:  -1.0000 
    fail_endp: -1 
    tns:  0  tns_per_endp:  -1.0000   norm_tns_per_endp:  -1.0000 
    tns_sense_max:  -1.0000  tns_sense_avg:  -1.0000   tns_sense_num: -1
 skipped
CDN_DP_region_0_0_c1 in Conv: area: 2001952470 ,dp = 1 mux = 2 sg = fast         worst_clk_period: -1.0000 
    wns: 0  norm_wns:  -1.0000 
    fail_endp: -1 
    tns:  0  tns_per_endp:  -1.0000   norm_tns_per_endp:  -1.0000 
    tns_sense_max:  -1.0000  tns_sense_avg:  -1.0000   tns_sense_num: -1
 is current best
CDN_DP_region_0_0_c2 in Conv: area: 2001952470 ,dp = 1 mux = 2 sg = very_slow    worst_clk_period: -1.0000 
    wns: 0  norm_wns:  -1.0000 
    fail_endp: -1 
    tns:  0  tns_per_endp:  -1.0000   norm_tns_per_endp:  -1.0000 
    tns_sense_max:  -1.0000  tns_sense_avg:  -1.0000   tns_sense_num: -1
 is current best
CDN_DP_region_0_0_c3 in Conv: area: 2001952470 ,dp = 1 mux = 2 sg = very_fast    worst_clk_period: -1.0000 
    wns: 0  norm_wns:  -1.0000 
    fail_endp: -1 
    tns:  0  tns_per_endp:  -1.0000   norm_tns_per_endp:  -1.0000 
    tns_sense_max:  -1.0000  tns_sense_avg:  -1.0000   tns_sense_num: -1
 is current best
CDN_DP_region_0_0_c4 in Conv: area: 2001952470 ,dp = 1 mux = 2 sg = very_fast    worst_clk_period: -1.0000 
    wns: 0  norm_wns:  -1.0000 
    fail_endp: -1 
    tns:  0  tns_per_endp:  -1.0000   norm_tns_per_endp:  -1.0000 
    tns_sense_max:  -1.0000  tns_sense_avg:  -1.0000   tns_sense_num: -1
 is current best
CDN_DP_region_0_0_c5 in Conv: area: 2001952470 ,dp = 1 mux = 2 sg = very_fast    worst_clk_period: -1.0000 
    wns: 0  norm_wns:  -1.0000 
    fail_endp: -1 
    tns:  0  tns_per_endp:  -1.0000   norm_tns_per_endp:  -1.0000 
    tns_sense_max:  -1.0000  tns_sense_avg:  -1.0000   tns_sense_num: -1
 is current best
CDN_DP_region_0_0_c6 in Conv: area: 2001952470 ,dp = 1 mux = 2 sg = very_fast    worst_clk_period: -1.0000 
    wns: 0  norm_wns:  -1.0000 
    fail_endp: -1 
    tns:  0  tns_per_endp:  -1.0000   norm_tns_per_endp:  -1.0000 
    tns_sense_max:  -1.0000  tns_sense_avg:  -1.0000   tns_sense_num: -1
 is current best
CDN_DP_region_0_0_c7 in Conv: area: 2001952470 ,dp = 1 mux = 2 sg = very_fast    worst_clk_period: -1.0000 
    wns: 0  norm_wns:  -1.0000 
    fail_endp: -1 
    tns:  0  tns_per_endp:  -1.0000   norm_tns_per_endp:  -1.0000 
    tns_sense_max:  -1.0000  tns_sense_avg:  -1.0000   tns_sense_num: -1
 is current best
Best config: CDN_DP_region_0_0_c7 in Conv: area: 2001952470 ,dp = 1 mux = 2 sg = very_fast    worst_clk_period: -1.0000 
    wns: 0  norm_wns:  -1.0000 
    fail_endp: -1 
    tns:  0  tns_per_endp:  -1.0000   norm_tns_per_endp:  -1.0000 
    tns_sense_max:  -1.0000  tns_sense_avg:  -1.0000   tns_sense_num: -1
  Smallest config area : 2001952470.  Fastest config wns;  0
##>+----------------------------------------------------------------------------------------------------------------------------------------------------------------+
##>Summary table of configs (Best config is CDN_DP_region_0_0_c7)
##>+----------------------------------------------------------------------------------------------------------------------------------------------------------------+
##>                     0                  1                  2                  3                  4                  5                  6                  7            
##>+----------------------------------------------------------------------------------------------------------------------------------------------------------------+
##>           Area       2001952470         2001952470         2001952470         2001952470         2001952470         2001952470         2001952470         2001952470  
##>            WNS          +732.40            +732.40            +732.40            +732.40            +732.40            +732.40            +732.40            +732.40  
##>            TNS                0                  0                  0                  0                  0                  0                  0                  0  
##>    Num Rewrite                0                  0                  0                  0                  0                  0                  0                  0  
##>     Num Factor                0                  0                  0                  0                  0                  0                  0                  0  
##>      Num Share                0                  0                  0                  0                  0                  0                  0                  0  
##>   Num CmultCse                0                  0                  0                  0                  0                  0                  0                  0  
##>   Num Downsize                0                  0                  0                  0                  0                  0                  0                  0  
##>  Num Speculate                0                  0                  0                  0                  0                  0                  0                  0  
##>     Runtime(s)                0                  0                  0                  0                  0                  0                  0                  0  
+----------------------------------------------------------------------------------------------------------------------------------------------------------------+
##>
##>
##>+------------------------------------------------------------------------------------------------------------------------------------------------------------+
##>Optimization Step DEBUG Table for config CDN_DP_region_0_0_c7
##>
##>                          Step                        Area   ( % Chg)        WNS (Change)        TNS (Change)          Runtime (s)        Comment                   
##>+------------------------------------------------------------------------------------------------------------------------------------------------------------+
##>EquationExtraction              START             2001952470 (      )      732.40 (        )             0 (        )              
##> rewrite                        START             3378645275 (+68.77)      716.60 (  -15.80)             0 (       0)              (a,ar) Expr0_from --> Expr0_to
##>                                  END             3101063630 ( -8.22)      716.60 (   +0.00)             0 (       0)           0  
##>                                  END             2001952470 ( +0.00)      732.40 (   +0.00)             0 (       0)           0  
##>createMaxCarrySave              START             2001952470 ( +0.00)      732.40 (   +0.00)             0 (       0)              
##> datapath_rewrite_one_def       START             2001952470 ( +0.00)      732.40 (   +0.00)             0 (       0)              
##>                                  END             2001952470 ( +0.00)      732.40 (   +0.00)             0 (       0)           0  
##> speculate_in_gdef              START             2001952470 ( +0.00)      732.40 (   +0.00)             0 (       0)              
##>  pre_speculate_mux_merge       START             2001952470 ( +0.00)      732.40 (   +0.00)             0 (       0)              
##>                                  END             2001952470 ( +0.00)      732.40 (   +0.00)             0 (       0)           0  
##>                                  END             2001952470 ( +0.00)      732.40 (   +0.00)             0 (       0)           0  
##> csa_opto                       START             2001952470 ( +0.00)      732.40 (   +0.00)             0 (       0)              
##>                                  END             2001952470 ( +0.00)      732.40 (   +0.00)             0 (       0)           0  
##>                                  END             2001952470 ( +0.00)      732.40 (   +0.00)             0 (       0)           0  
##>canonicalize_by_names           START             2001952470 ( +0.00)      732.40 (   +0.00)             0 (       0)              
##>                                  END             2001952470 ( +0.00)      732.40 (   +0.00)             0 (       0)           0  
##>datapath_rewrite_post_csa_one_  START             2001952470 ( +0.00)      732.40 (   +0.00)             0 (       0)              
##>                                  END             2001952470 ( +0.00)      732.40 (   +0.00)             0 (       0)           0  
##>datapath_csa_factoring_one_gde  START             2001952470 ( +0.00)      732.40 (   +0.00)             0 (       0)              
##>                                  END             2001952470 ( +0.00)      732.40 (   +0.00)             0 (       0)           0  
##>dpopt_share_one_def             START             2001952470 ( +0.00)      732.40 (   +0.00)             0 (       0)              
##>                                  END             2001952470 ( +0.00)      732.40 (   +0.00)             0 (       0)           0  
##>datapath_rewrite_post_share     START             2001952470 ( +0.00)      732.40 (   +0.00)             0 (       0)              
##>                                  END             2001952470 ( +0.00)      732.40 (   +0.00)             0 (       0)           0  
##>dp_combine_const_mult_with_com  START             2001952470 ( +0.00)      732.40 (   +0.00)             0 (       0)              
##>                                  END             2001952470 ( +0.00)      732.40 (   +0.00)             0 (       0)           0  
##>speculate_in_gdef               START             2001952470 ( +0.00)      732.40 (   +0.00)             0 (       0)              
##> pre_speculate_mux_merge        START             2001952470 ( +0.00)      732.40 (   +0.00)             0 (       0)              
##>                                  END             2001952470 ( +0.00)      732.40 (   +0.00)             0 (       0)           0  
##>                                  END             2001952470 ( +0.00)      732.40 (   +0.00)             0 (       0)           0  
##>dp_operator_level_decompositio  START             2001952470 ( +0.00)      732.40 (   +0.00)             0 (       0)              
##>                                  END             2001952470 ( +0.00)      732.40 (   +0.00)             0 (       0)           0  
##>selective_flatten_dp_config     START             2001952470 ( +0.00)      732.40 (   +0.00)             0 (       0)              
##>                                  END             2001952470 ( +0.00)      732.40 (   +0.00)             0 (       0)           0  
##>createMaxCarrySave              START             2001952470 ( +0.00)      732.40 (   +0.00)             0 (       0)              
##> datapath_rewrite_one_def       START             2001952470 ( +0.00)      732.40 (   +0.00)             0 (       0)              
##>  fast_cse_elim                 START             2001952470 ( +0.00)      732.40 (   +0.00)             0 (       0)              
##>                                  END             2001952470 ( +0.00)      732.40 (   +0.00)             0 (       0)           0  
##>  fast_cse_elim                 START             2001952470 ( +0.00)      732.40 (   +0.00)             0 (       0)              
##>                                  END             2001952470 ( +0.00)      732.40 (   +0.00)             0 (       0)           0  
##>                                  END             2001952470 ( +0.00)      732.40 (   +0.00)             0 (       0)           0  
##> speculate_in_gdef              START             2001952470 ( +0.00)      732.40 (   +0.00)             0 (       0)              
##>  pre_speculate_mux_merge       START             2001952470 ( +0.00)      732.40 (   +0.00)             0 (       0)              
##>                                  END             2001952470 ( +0.00)      732.40 (   +0.00)             0 (       0)           0  
##>                                  END             2001952470 ( +0.00)      732.40 (   +0.00)             0 (       0)           0  
##> csa_opto                       START             2001952470 ( +0.00)      732.40 (   +0.00)             0 (       0)              
##>                                  END             2001952470 ( +0.00)      732.40 (   +0.00)             0 (       0)           0  
##>                                  END             2001952470 ( +0.00)      732.40 (   +0.00)             0 (       0)           0  
##>context_based_simplify          START             2001952470 ( +0.00)      732.40 (   +0.00)             0 (       0)              
##>                                  END             2001952470 ( +0.00)      732.40 (   +0.00)             0 (       0)           0  
##>group_csa_final_adder_dp        START             2001952470 ( +0.00)      732.40 (   +0.00)             0 (       0)              
##>                                  END             2001952470 ( +0.00)      732.40 (   +0.00)             0 (       0)           0  
##>dpopt_flatten_critical_muxes_i  START             2001952470 ( +0.00)      732.40 (   +0.00)             0 (       0)              
##>                                  END             2001952470 ( +0.00)      732.40 (   +0.00)             0 (       0)           0  
##>speculate_in_gdef               START             2001952470 ( +0.00)      732.40 (   +0.00)             0 (       0)              
##> pre_speculate_mux_merge        START             2001952470 ( +0.00)      732.40 (   +0.00)             0 (       0)              
##>                                  END             2001952470 ( +0.00)      732.40 (   +0.00)             0 (       0)           0  
##>                                  END             2001952470 ( +0.00)      732.40 (   +0.00)             0 (       0)           0  
##>create_score                    START             2001952470 ( +0.00)      732.40 (   +0.00)             0 (       0)              
##>                                  END             2001952470 ( +0.00)      732.40 (   +0.00)             0 (       0)           0  
##>+------------------------------------------------------------------------------------------------------------------------------------------------------------+
Committed config: CDN_DP_region_0_0_c7
Info    : Done implementing datapath configurations. [DPOPT-4]
        : Selected 'very_fast' configuration 7 for module 'CDN_DP_region_0_0'.
          Optimizations applied to 'very_fast' configuration:
            rewriting(0), factoring(0), sharing(0), cmultcse(0), downsizing(0), speculation(0)
Info    : Implementing datapath configurations. [DPOPT-3]
        : Implementing datapath configurations for 'CDN_DP_region_0_4'
CSAGen Prep Share:0 Re-Write:0 Speculation: 0
MaxCSA: Successfully built Maximal CSA Expression Expr1
MaxCSA: Successfully built Maximal CSA Expression Expr2
CDN_DP_region_0_4 level = 0 loads = 0 drivers = 0
CDN_DP_region_0_4_c0 in Conv: area: 3244060235 ,dp = 2 mux = 14 sg = slow         worst_clk_period: -1.0000 
    wns: 0  norm_wns:  -1.0000 
    fail_endp: -1 
    tns:  0  tns_per_endp:  -1.0000   norm_tns_per_endp:  -1.0000 
    tns_sense_max:  -1.0000  tns_sense_avg:  -1.0000   tns_sense_num: -1
 skipped
CDN_DP_region_0_4_c1 in Conv: area: 3241256380 ,dp = 2 mux = 14 sg = fast         worst_clk_period: -1.0000 
    wns: 0  norm_wns:  -1.0000 
    fail_endp: -1 
    tns:  0  tns_per_endp:  -1.0000   norm_tns_per_endp:  -1.0000 
    tns_sense_max:  -1.0000  tns_sense_avg:  -1.0000   tns_sense_num: -1
 is current best
CDN_DP_region_0_4_c2 in Conv: area: 3241256380 ,dp = 2 mux = 14 sg = very_slow    worst_clk_period: -1.0000 
    wns: 0  norm_wns:  -1.0000 
    fail_endp: -1 
    tns:  0  tns_per_endp:  -1.0000   norm_tns_per_endp:  -1.0000 
    tns_sense_max:  -1.0000  tns_sense_avg:  -1.0000   tns_sense_num: -1
 is current best
CDN_DP_region_0_4_c3 in Conv: area: 3241256380 ,dp = 2 mux = 14 sg = very_fast    worst_clk_period: -1.0000 
    wns: 0  norm_wns:  -1.0000 
    fail_endp: -1 
    tns:  0  tns_per_endp:  -1.0000   norm_tns_per_endp:  -1.0000 
    tns_sense_max:  -1.0000  tns_sense_avg:  -1.0000   tns_sense_num: -1
 is current best
CDN_DP_region_0_4_c4 in Conv: area: 3241256380 ,dp = 2 mux = 14 sg = very_fast    worst_clk_period: -1.0000 
    wns: 0  norm_wns:  -1.0000 
    fail_endp: -1 
    tns:  0  tns_per_endp:  -1.0000   norm_tns_per_endp:  -1.0000 
    tns_sense_max:  -1.0000  tns_sense_avg:  -1.0000   tns_sense_num: -1
 is current best
CDN_DP_region_0_4_c5 in Conv: area: 3241256380 ,dp = 2 mux = 14 sg = very_fast    worst_clk_period: -1.0000 
    wns: 0  norm_wns:  -1.0000 
    fail_endp: -1 
    tns:  0  tns_per_endp:  -1.0000   norm_tns_per_endp:  -1.0000 
    tns_sense_max:  -1.0000  tns_sense_avg:  -1.0000   tns_sense_num: -1
 is current best
CDN_DP_region_0_4_c6 in Conv: area: 3241256380 ,dp = 2 mux = 14 sg = very_fast    worst_clk_period: -1.0000 
    wns: 0  norm_wns:  -1.0000 
    fail_endp: -1 
    tns:  0  tns_per_endp:  -1.0000   norm_tns_per_endp:  -1.0000 
    tns_sense_max:  -1.0000  tns_sense_avg:  -1.0000   tns_sense_num: -1
 is current best
CDN_DP_region_0_4_c7 in Conv: area: 3241256380 ,dp = 2 mux = 14 sg = very_fast    worst_clk_period: -1.0000 
    wns: 0  norm_wns:  -1.0000 
    fail_endp: -1 
    tns:  0  tns_per_endp:  -1.0000   norm_tns_per_endp:  -1.0000 
    tns_sense_max:  -1.0000  tns_sense_avg:  -1.0000   tns_sense_num: -1
 is current best
Best config: CDN_DP_region_0_4_c7 in Conv: area: 3241256380 ,dp = 2 mux = 14 sg = very_fast    worst_clk_period: -1.0000 
    wns: 0  norm_wns:  -1.0000 
    fail_endp: -1 
    tns:  0  tns_per_endp:  -1.0000   norm_tns_per_endp:  -1.0000 
    tns_sense_max:  -1.0000  tns_sense_avg:  -1.0000   tns_sense_num: -1
  Smallest config area : 3241256380.  Fastest config wns;  0
##>+----------------------------------------------------------------------------------------------------------------------------------------------------------------+
##>Summary table of configs (Best config is CDN_DP_region_0_4_c7)
##>+----------------------------------------------------------------------------------------------------------------------------------------------------------------+
##>                     0                  1                  2                  3                  4                  5                  6                  7            
##>+----------------------------------------------------------------------------------------------------------------------------------------------------------------+
##>           Area       3244060235         3241256380         3241256380         3241256380         3241256380         3241256380         3241256380         3241256380  
##>            WNS         +1174.20           +1174.20           +1174.20           +1174.20           +1174.20           +1174.20           +1174.20           +1174.20  
##>            TNS                0                  0                  0                  0                  0                  0                  0                  0  
##>    Num Rewrite                0                  0                  0                  0                  0                  0                  0                  0  
##>     Num Factor                0                  0                  0                  0                  0                  0                  0                  0  
##>      Num Share                0                  0                  0                  0                  0                  0                  0                  0  
##>   Num CmultCse                0                  0                  0                  0                  0                  0                  0                  0  
##>   Num Downsize                0                  0                  0                  0                  0                  0                  0                  0  
##>  Num Speculate                0                  0                  0                  0                  0                  0                  0                  0  
##>     Runtime(s)                0                  0                  0                  0                  0                  0                  0                  0  
+----------------------------------------------------------------------------------------------------------------------------------------------------------------+
##>
##>
##>+------------------------------------------------------------------------------------------------------------------------------------------------------------+
##>Optimization Step DEBUG Table for config CDN_DP_region_0_4_c7
##>
##>                          Step                        Area   ( % Chg)        WNS (Change)        TNS (Change)          Runtime (s)        Comment                   
##>+------------------------------------------------------------------------------------------------------------------------------------------------------------+
##>EquationExtraction              START             3244060235 (      )     1174.20 (        )             0 (        )              
##> rewrite                        START             3272098785 ( +0.86)     1172.70 (   -1.50)             0 (       0)              (a,ar) Expr1_from --> Expr1_to
##>                                  END             3375841420 ( +3.17)     1172.70 (   +0.00)             0 (       0)           0  
##> rewrite                        START             3375841420 ( +0.00)     1172.70 (   +0.00)             0 (       0)              (a,ar) Expr2_from --> Expr2_to
##>                                  END             3406683825 ( +0.91)     1172.70 (   +0.00)             0 (       0)           0  
##>                                  END             3244060235 ( +0.00)     1174.20 (   +0.00)             0 (       0)           0  
##>createMaxCarrySave              START             3244060235 ( +0.00)     1174.20 (   +0.00)             0 (       0)              
##> datapath_rewrite_one_def       START             3244060235 ( +0.00)     1174.20 (   +0.00)             0 (       0)              
##>                                  END             3244060235 ( +0.00)     1174.20 (   +0.00)             0 (       0)           0  
##> csa_opto                       START             3244060235 ( +0.00)     1174.20 (   +0.00)             0 (       0)              
##>                                  END             3252471800 ( +0.26)     1174.20 (   +0.00)             0 (       0)           0  
##>                                  END             3252471800 ( +0.26)     1174.20 (   +0.00)             0 (       0)           0  
##>canonicalize_by_names           START             3252471800 ( +0.00)     1174.20 (   +0.00)             0 (       0)              
##>                                  END             3252471800 ( +0.00)     1174.20 (   +0.00)             0 (       0)           0  
##>datapath_rewrite_post_csa_one_  START             3252471800 ( +0.00)     1174.20 (   +0.00)             0 (       0)              
##>                                  END             3252471800 ( +0.00)     1174.20 (   +0.00)             0 (       0)           0  
##>datapath_csa_factoring_one_gde  START             3252471800 ( +0.00)     1174.20 (   +0.00)             0 (       0)              
##>                                  END             3252471800 ( +0.00)     1174.20 (   +0.00)             0 (       0)           0  
##>dpopt_share_one_def             START             3252471800 ( +0.00)     1174.20 (   +0.00)             0 (       0)              
##>                                  END             3252471800 ( +0.00)     1174.20 (   +0.00)             0 (       0)           0  
##>datapath_rewrite_post_share     START             3252471800 ( +0.00)     1174.20 (   +0.00)             0 (       0)              
##>                                  END             3252471800 ( +0.00)     1174.20 (   +0.00)             0 (       0)           0  
##>dp_combine_const_mult_with_com  START             3252471800 ( +0.00)     1174.20 (   +0.00)             0 (       0)              
##>                                  END             3252471800 ( +0.00)     1174.20 (   +0.00)             0 (       0)           0  
##>dp_operator_level_decompositio  START             3252471800 ( +0.00)     1174.20 (   +0.00)             0 (       0)              
##>                                  END             3252471800 ( +0.00)     1174.20 (   +0.00)             0 (       0)           0  
##>selective_flatten_dp_config     START             3252471800 ( +0.00)     1174.20 (   +0.00)             0 (       0)              
##>                                  END             3252471800 ( +0.00)     1174.20 (   +0.00)             0 (       0)           0  
##>createMaxCarrySave              START             3252471800 ( +0.00)     1174.20 (   +0.00)             0 (       0)              
##> datapath_rewrite_one_def       START             3252471800 ( +0.00)     1174.20 (   +0.00)             0 (       0)              
##>  fast_cse_elim                 START             3252471800 ( +0.00)     1174.20 (   +0.00)             0 (       0)              
##>                                  END             3252471800 ( +0.00)     1174.20 (   +0.00)             0 (       0)           0  
##>  fast_cse_elim                 START             3252471800 ( +0.00)     1174.20 (   +0.00)             0 (       0)              
##>                                  END             3252471800 ( +0.00)     1174.20 (   +0.00)             0 (       0)           0  
##>                                  END             3252471800 ( +0.00)     1174.20 (   +0.00)             0 (       0)           0  
##> csa_opto                       START             3252471800 ( +0.00)     1174.20 (   +0.00)             0 (       0)              
##>                                  END             3252471800 ( +0.00)     1174.20 (   +0.00)             0 (       0)           0  
##>                                  END             3252471800 ( +0.00)     1174.20 (   +0.00)             0 (       0)           0  
##>context_based_simplify          START             3241256380 ( -0.34)     1174.20 (   +0.00)             0 (       0)              
##>                                  END             3241256380 ( +0.00)     1174.20 (   +0.00)             0 (       0)           0  
##>group_csa_final_adder_dp        START             3241256380 ( +0.00)     1174.20 (   +0.00)             0 (       0)              
##>                                  END             3241256380 ( +0.00)     1174.20 (   +0.00)             0 (       0)           0  
##>dpopt_flatten_critical_muxes_i  START             3241256380 ( +0.00)     1174.20 (   +0.00)             0 (       0)              
##>                                  END             3241256380 ( +0.00)     1174.20 (   +0.00)             0 (       0)           0  
##>create_score                    START             3241256380 ( +0.00)     1174.20 (   +0.00)             0 (       0)              
##>                                  END             3241256380 ( +0.00)     1174.20 (   +0.00)             0 (       0)           0  
##>+------------------------------------------------------------------------------------------------------------------------------------------------------------+
Committed config: CDN_DP_region_0_4_c7
Info    : Done implementing datapath configurations. [DPOPT-4]
        : Selected 'very_fast' configuration 7 for module 'CDN_DP_region_0_4'.
          Optimizations applied to 'very_fast' configuration:
            rewriting(0), factoring(0), sharing(0), cmultcse(0), downsizing(0), speculation(0)
Info    : Implementing datapath configurations. [DPOPT-3]
        : Implementing datapath configurations for 'CDN_DP_region_0_8'
CSAGen Prep Share:0 Re-Write:0 Speculation: 0
MaxCSA: Successfully built Maximal CSA Expression Expr3
MaxCSA: Successfully built Maximal CSA Expression Expr4
CDN_DP_region_0_8 level = 0 loads = 1 drivers = 0
CDN_DP_region_0_8_c0 in Conv: area: 325247180 ,dp = 2 mux = 2 sg = slow         worst_clk_period: -1.0000 
    wns: 0  norm_wns:  -1.0000 
    fail_endp: -1 
    tns:  0  tns_per_endp:  -1.0000   norm_tns_per_endp:  -1.0000 
    tns_sense_max:  -1.0000  tns_sense_avg:  -1.0000   tns_sense_num: -1
 skipped
CDN_DP_region_0_8_c1 in Conv: area: 271973935 ,dp = 2 mux = 2 sg = fast         worst_clk_period: -1.0000 
    wns: 0  norm_wns:  -1.0000 
    fail_endp: -1 
    tns:  0  tns_per_endp:  -1.0000   norm_tns_per_endp:  -1.0000 
    tns_sense_max:  -1.0000  tns_sense_avg:  -1.0000   tns_sense_num: -1
 is current best
CDN_DP_region_0_8_c2 in Conv: area: 271973935 ,dp = 2 mux = 2 sg = very_slow    worst_clk_period: -1.0000 
    wns: 0  norm_wns:  -1.0000 
    fail_endp: -1 
    tns:  0  tns_per_endp:  -1.0000   norm_tns_per_endp:  -1.0000 
    tns_sense_max:  -1.0000  tns_sense_avg:  -1.0000   tns_sense_num: -1
 is current best
CDN_DP_region_0_8_c3 in Conv: area: 271973935 ,dp = 2 mux = 2 sg = very_fast    worst_clk_period: -1.0000 
    wns: 0  norm_wns:  -1.0000 
    fail_endp: -1 
    tns:  0  tns_per_endp:  -1.0000   norm_tns_per_endp:  -1.0000 
    tns_sense_max:  -1.0000  tns_sense_avg:  -1.0000   tns_sense_num: -1
 is current best
CDN_DP_region_0_8_c4 in Conv: area: 271973935 ,dp = 2 mux = 2 sg = very_fast    worst_clk_period: -1.0000 
    wns: 0  norm_wns:  -1.0000 
    fail_endp: -1 
    tns:  0  tns_per_endp:  -1.0000   norm_tns_per_endp:  -1.0000 
    tns_sense_max:  -1.0000  tns_sense_avg:  -1.0000   tns_sense_num: -1
 is current best
CDN_DP_region_0_8_c5 in Conv: area: 271973935 ,dp = 2 mux = 2 sg = very_fast    worst_clk_period: -1.0000 
    wns: 0  norm_wns:  -1.0000 
    fail_endp: -1 
    tns:  0  tns_per_endp:  -1.0000   norm_tns_per_endp:  -1.0000 
    tns_sense_max:  -1.0000  tns_sense_avg:  -1.0000   tns_sense_num: -1
 is current best
CDN_DP_region_0_8_c6 in Conv: area: 271973935 ,dp = 2 mux = 2 sg = very_fast    worst_clk_period: -1.0000 
    wns: 0  norm_wns:  -1.0000 
    fail_endp: -1 
    tns:  0  tns_per_endp:  -1.0000   norm_tns_per_endp:  -1.0000 
    tns_sense_max:  -1.0000  tns_sense_avg:  -1.0000   tns_sense_num: -1
 is current best
CDN_DP_region_0_8_c7 in Conv: area: 271973935 ,dp = 2 mux = 2 sg = very_fast    worst_clk_period: -1.0000 
    wns: 0  norm_wns:  -1.0000 
    fail_endp: -1 
    tns:  0  tns_per_endp:  -1.0000   norm_tns_per_endp:  -1.0000 
    tns_sense_max:  -1.0000  tns_sense_avg:  -1.0000   tns_sense_num: -1
 is current best
Best config: CDN_DP_region_0_8_c7 in Conv: area: 271973935 ,dp = 2 mux = 2 sg = very_fast    worst_clk_period: -1.0000 
    wns: 0  norm_wns:  -1.0000 
    fail_endp: -1 
    tns:  0  tns_per_endp:  -1.0000   norm_tns_per_endp:  -1.0000 
    tns_sense_max:  -1.0000  tns_sense_avg:  -1.0000   tns_sense_num: -1
  Smallest config area : 271973935.  Fastest config wns;  0
##>+----------------------------------------------------------------------------------------------------------------------------------------------------------------+
##>Summary table of configs (Best config is CDN_DP_region_0_8_c7)
##>+----------------------------------------------------------------------------------------------------------------------------------------------------------------+
##>                     0                  1                  2                  3                  4                  5                  6                  7            
##>+----------------------------------------------------------------------------------------------------------------------------------------------------------------+
##>           Area        325247180          271973935          271973935          271973935          271973935          271973935          271973935          271973935  
##>            WNS          +862.80            +862.80            +862.80            +862.80            +862.80            +862.80            +862.80            +862.80  
##>            TNS                0                  0                  0                  0                  0                  0                  0                  0  
##>    Num Rewrite                0                  0                  0                  0                  0                  0                  0                  0  
##>     Num Factor                0                  0                  0                  0                  0                  0                  0                  0  
##>      Num Share                0                  0                  0                  0                  0                  0                  0                  0  
##>   Num CmultCse                0                  0                  0                  0                  0                  0                  0                  0  
##>   Num Downsize                0                  0                  0                  0                  0                  0                  0                  0  
##>  Num Speculate                0                  0                  0                  0                  0                  0                  0                  0  
##>     Runtime(s)                0                  0                  0                  0                  0                  0                  0                  0  
+----------------------------------------------------------------------------------------------------------------------------------------------------------------+
##>
##>
##>+------------------------------------------------------------------------------------------------------------------------------------------------------------+
##>Optimization Step DEBUG Table for config CDN_DP_region_0_8_c7
##>
##>                          Step                        Area   ( % Chg)        WNS (Change)        TNS (Change)          Runtime (s)        Comment                   
##>+------------------------------------------------------------------------------------------------------------------------------------------------------------+
##>EquationExtraction              START              325247180 (      )      862.80 (        )             0 (        )              
##> rewrite                        START              476655350 (+46.55)      862.80 (   +0.00)             0 (       0)              (a,ar) Expr3_from --> Expr3_to
##>                                  END              692552185 (+45.29)      862.80 (   +0.00)             0 (       0)           0  
##> rewrite                        START              692552185 ( +0.00)      862.80 (   +0.00)             0 (       0)              (a,ar) Expr4_from --> Expr4_to
##>                                  END              768256270 (+10.93)      862.80 (   +0.00)             0 (       0)           0  
##>                                  END              325247180 ( +0.00)      862.80 (   +0.00)             0 (       0)           0  
##>createMaxCarrySave              START              325247180 ( +0.00)      862.80 (   +0.00)             0 (       0)              
##> datapath_rewrite_one_def       START              325247180 ( +0.00)      862.80 (   +0.00)             0 (       0)              
##>                                  END              325247180 ( +0.00)      862.80 (   +0.00)             0 (       0)           0  
##> csa_opto                       START              325247180 ( +0.00)      862.80 (   +0.00)             0 (       0)              
##>                                  END              319639470 ( -1.72)      862.80 (   +0.00)             0 (       0)           0  
##>                                  END              319639470 ( -1.72)      862.80 (   +0.00)             0 (       0)           0  
##>canonicalize_by_names           START              319639470 ( +0.00)      862.80 (   +0.00)             0 (       0)              
##>                                  END              319639470 ( +0.00)      862.80 (   +0.00)             0 (       0)           0  
##>datapath_rewrite_post_csa_one_  START              319639470 ( +0.00)      862.80 (   +0.00)             0 (       0)              
##>                                  END              319639470 ( +0.00)      862.80 (   +0.00)             0 (       0)           0  
##>datapath_csa_factoring_one_gde  START              319639470 ( +0.00)      862.80 (   +0.00)             0 (       0)              
##>                                  END              319639470 ( +0.00)      862.80 (   +0.00)             0 (       0)           0  
##>dpopt_share_one_def             START              319639470 ( +0.00)      862.80 (   +0.00)             0 (       0)              
##>                                  END              319639470 ( +0.00)      862.80 (   +0.00)             0 (       0)           0  
##>datapath_rewrite_post_share     START              319639470 ( +0.00)      862.80 (   +0.00)             0 (       0)              
##>                                  END              319639470 ( +0.00)      862.80 (   +0.00)             0 (       0)           0  
##>dp_combine_const_mult_with_com  START              319639470 ( +0.00)      862.80 (   +0.00)             0 (       0)              
##>                                  END              319639470 ( +0.00)      862.80 (   +0.00)             0 (       0)           0  
##>dp_operator_level_decompositio  START              319639470 ( +0.00)      862.80 (   +0.00)             0 (       0)              
##>                                  END              319639470 ( +0.00)      862.80 (   +0.00)             0 (       0)           0  
##>selective_flatten_dp_config     START              319639470 ( +0.00)      862.80 (   +0.00)             0 (       0)              
##>                                  END              319639470 ( +0.00)      862.80 (   +0.00)             0 (       0)           0  
##>createMaxCarrySave              START              319639470 ( +0.00)      862.80 (   +0.00)             0 (       0)              
##> datapath_rewrite_one_def       START              319639470 ( +0.00)      862.80 (   +0.00)             0 (       0)              
##>  fast_cse_elim                 START              319639470 ( +0.00)      862.80 (   +0.00)             0 (       0)              
##>                                  END              319639470 ( +0.00)      862.80 (   +0.00)             0 (       0)           0  
##>  fast_cse_elim                 START              319639470 ( +0.00)      862.80 (   +0.00)             0 (       0)              
##>                                  END              319639470 ( +0.00)      862.80 (   +0.00)             0 (       0)           0  
##>                                  END              319639470 ( +0.00)      862.80 (   +0.00)             0 (       0)           0  
##> csa_opto                       START              319639470 ( +0.00)      862.80 (   +0.00)             0 (       0)              
##>                                  END              319639470 ( +0.00)      862.80 (   +0.00)             0 (       0)           0  
##>                                  END              319639470 ( +0.00)      862.80 (   +0.00)             0 (       0)           0  
##>context_based_simplify          START              297208630 ( -7.02)      862.80 (   +0.00)             0 (       0)              
##>                                  END              271973935 ( -8.49)      862.80 (   +0.00)             0 (       0)           0  
##>group_csa_final_adder_dp        START              271973935 ( +0.00)      862.80 (   +0.00)             0 (       0)              
##>                                  END              271973935 ( +0.00)      862.80 (   +0.00)             0 (       0)           0  
##>dpopt_flatten_critical_muxes_i  START              271973935 ( +0.00)      862.80 (   +0.00)             0 (       0)              
##>                                  END              271973935 ( +0.00)      862.80 (   +0.00)             0 (       0)           0  
##>create_score                    START              271973935 ( +0.00)      862.80 (   +0.00)             0 (       0)              
##>                                  END              271973935 ( +0.00)      862.80 (   +0.00)             0 (       0)           0  
##>+------------------------------------------------------------------------------------------------------------------------------------------------------------+
Committed config: CDN_DP_region_0_8_c7
Info    : Done implementing datapath configurations. [DPOPT-4]
        : Selected 'very_fast' configuration 7 for module 'CDN_DP_region_0_8'.
          Optimizations applied to 'very_fast' configuration:
            rewriting(0), factoring(0), sharing(0), cmultcse(0), downsizing(0), speculation(0)
Info    : Implementing datapath configurations. [DPOPT-3]
        : Implementing datapath configurations for 'CDN_DP_region_0_6'
CSAGen Prep Share:0 Re-Write:0 Speculation: 0
MaxCSA: Successfully built Maximal CSA Expression Expr5
CDN_DP_region_0_6 level = 0 loads = 0 drivers = 0
CDN_DP_region_0_6_c0 in Conv: area: 232719965 ,dp = 1 mux = 1 sg = slow         worst_clk_period: -1.0000 
    wns: 0  norm_wns:  -1.0000 
    fail_endp: -1 
    tns:  0  tns_per_endp:  -1.0000   norm_tns_per_endp:  -1.0000 
    tns_sense_max:  -1.0000  tns_sense_avg:  -1.0000   tns_sense_num: -1
 skipped
CDN_DP_region_0_6_c1 in Conv: area: 193465995 ,dp = 1 mux = 1 sg = fast         worst_clk_period: -1.0000 
    wns: 0  norm_wns:  -1.0000 
    fail_endp: -1 
    tns:  0  tns_per_endp:  -1.0000   norm_tns_per_endp:  -1.0000 
    tns_sense_max:  -1.0000  tns_sense_avg:  -1.0000   tns_sense_num: -1
 is current best
CDN_DP_region_0_6_c2 in Conv: area: 193465995 ,dp = 1 mux = 1 sg = very_slow    worst_clk_period: -1.0000 
    wns: 0  norm_wns:  -1.0000 
    fail_endp: -1 
    tns:  0  tns_per_endp:  -1.0000   norm_tns_per_endp:  -1.0000 
    tns_sense_max:  -1.0000  tns_sense_avg:  -1.0000   tns_sense_num: -1
 is current best
CDN_DP_region_0_6_c3 in Conv: area: 193465995 ,dp = 1 mux = 1 sg = very_fast    worst_clk_period: -1.0000 
    wns: 0  norm_wns:  -1.0000 
    fail_endp: -1 
    tns:  0  tns_per_endp:  -1.0000   norm_tns_per_endp:  -1.0000 
    tns_sense_max:  -1.0000  tns_sense_avg:  -1.0000   tns_sense_num: -1
 is current best
CDN_DP_region_0_6_c4 in Conv: area: 193465995 ,dp = 1 mux = 1 sg = very_fast    worst_clk_period: -1.0000 
    wns: 0  norm_wns:  -1.0000 
    fail_endp: -1 
    tns:  0  tns_per_endp:  -1.0000   norm_tns_per_endp:  -1.0000 
    tns_sense_max:  -1.0000  tns_sense_avg:  -1.0000   tns_sense_num: -1
 is current best
CDN_DP_region_0_6_c5 in Conv: area: 193465995 ,dp = 1 mux = 1 sg = very_fast    worst_clk_period: -1.0000 
    wns: 0  norm_wns:  -1.0000 
    fail_endp: -1 
    tns:  0  tns_per_endp:  -1.0000   norm_tns_per_endp:  -1.0000 
    tns_sense_max:  -1.0000  tns_sense_avg:  -1.0000   tns_sense_num: -1
 is current best
CDN_DP_region_0_6_c6 in Conv: area: 193465995 ,dp = 1 mux = 1 sg = very_fast    worst_clk_period: -1.0000 
    wns: 0  norm_wns:  -1.0000 
    fail_endp: -1 
    tns:  0  tns_per_endp:  -1.0000   norm_tns_per_endp:  -1.0000 
    tns_sense_max:  -1.0000  tns_sense_avg:  -1.0000   tns_sense_num: -1
 is current best
CDN_DP_region_0_6_c7 in Conv: area: 193465995 ,dp = 1 mux = 1 sg = very_fast    worst_clk_period: -1.0000 
    wns: 0  norm_wns:  -1.0000 
    fail_endp: -1 
    tns:  0  tns_per_endp:  -1.0000   norm_tns_per_endp:  -1.0000 
    tns_sense_max:  -1.0000  tns_sense_avg:  -1.0000   tns_sense_num: -1
 is current best
Best config: CDN_DP_region_0_6_c7 in Conv: area: 193465995 ,dp = 1 mux = 1 sg = very_fast    worst_clk_period: -1.0000 
    wns: 0  norm_wns:  -1.0000 
    fail_endp: -1 
    tns:  0  tns_per_endp:  -1.0000   norm_tns_per_endp:  -1.0000 
    tns_sense_max:  -1.0000  tns_sense_avg:  -1.0000   tns_sense_num: -1
  Smallest config area : 193465995.  Fastest config wns;  0
##>+----------------------------------------------------------------------------------------------------------------------------------------------------------------+
##>Summary table of configs (Best config is CDN_DP_region_0_6_c7)
##>+----------------------------------------------------------------------------------------------------------------------------------------------------------------+
##>                     0                  1                  2                  3                  4                  5                  6                  7            
##>+----------------------------------------------------------------------------------------------------------------------------------------------------------------+
##>           Area        232719965          193465995          193465995          193465995          193465995          193465995          193465995          193465995  
##>            WNS          +873.10            +873.10            +873.10            +873.10            +873.10            +873.10            +873.10            +873.10  
##>            TNS                0                  0                  0                  0                  0                  0                  0                  0  
##>    Num Rewrite                0                  0                  0                  0                  0                  0                  0                  0  
##>     Num Factor                0                  0                  0                  0                  0                  0                  0                  0  
##>      Num Share                0                  0                  0                  0                  0                  0                  0                  0  
##>   Num CmultCse                0                  0                  0                  0                  0                  0                  0                  0  
##>   Num Downsize                0                  0                  0                  0                  0                  0                  0                  0  
##>  Num Speculate                0                  0                  0                  0                  0                  0                  0                  0  
##>     Runtime(s)                0                  0                  0                  0                  0                  0                  0                  0  
+----------------------------------------------------------------------------------------------------------------------------------------------------------------+
##>
##>
##>+------------------------------------------------------------------------------------------------------------------------------------------------------------+
##>Optimization Step DEBUG Table for config CDN_DP_region_0_6_c7
##>
##>                          Step                        Area   ( % Chg)        WNS (Change)        TNS (Change)          Runtime (s)        Comment                   
##>+------------------------------------------------------------------------------------------------------------------------------------------------------------+
##>EquationExtraction              START              232719965 (      )      873.10 (        )             0 (        )              
##> rewrite                        START              342070310 (+46.99)      873.10 (   +0.00)             0 (       0)              (a,ar) Expr5_from --> Expr5_to
##>                                  END              557967145 (+63.11)      873.10 (   +0.00)             0 (       0)           0  
##>                                  END              232719965 ( +0.00)      873.10 (   +0.00)             0 (       0)           0  
##>createMaxCarrySave              START              232719965 ( +0.00)      873.10 (   +0.00)             0 (       0)              
##> datapath_rewrite_one_def       START              232719965 ( +0.00)      873.10 (   +0.00)             0 (       0)              
##>                                  END              232719965 ( +0.00)      873.10 (   +0.00)             0 (       0)           0  
##> csa_opto                       START              232719965 ( +0.00)      873.10 (   +0.00)             0 (       0)              
##>                                  END              224308400 ( -3.61)      873.10 (   +0.00)             0 (       0)           0  
##>                                  END              224308400 ( -3.61)      873.10 (   +0.00)             0 (       0)           0  
##>canonicalize_by_names           START              224308400 ( +0.00)      873.10 (   +0.00)             0 (       0)              
##>                                  END              224308400 ( +0.00)      873.10 (   +0.00)             0 (       0)           0  
##>datapath_rewrite_post_csa_one_  START              224308400 ( +0.00)      873.10 (   +0.00)             0 (       0)              
##>                                  END              224308400 ( +0.00)      873.10 (   +0.00)             0 (       0)           0  
##>datapath_csa_factoring_one_gde  START              224308400 ( +0.00)      873.10 (   +0.00)             0 (       0)              
##>                                  END              224308400 ( +0.00)      873.10 (   +0.00)             0 (       0)           0  
##>dpopt_share_one_def             START              224308400 ( +0.00)      873.10 (   +0.00)             0 (       0)              
##>                                  END              224308400 ( +0.00)      873.10 (   +0.00)             0 (       0)           0  
##>datapath_rewrite_post_share     START              224308400 ( +0.00)      873.10 (   +0.00)             0 (       0)              
##>                                  END              224308400 ( +0.00)      873.10 (   +0.00)             0 (       0)           0  
##>dp_combine_const_mult_with_com  START              224308400 ( +0.00)      873.10 (   +0.00)             0 (       0)              
##>                                  END              224308400 ( +0.00)      873.10 (   +0.00)             0 (       0)           0  
##>dp_operator_level_decompositio  START              224308400 ( +0.00)      873.10 (   +0.00)             0 (       0)              
##>                                  END              224308400 ( +0.00)      873.10 (   +0.00)             0 (       0)           0  
##>selective_flatten_dp_config     START              224308400 ( +0.00)      873.10 (   +0.00)             0 (       0)              
##>                                  END              224308400 ( +0.00)      873.10 (   +0.00)             0 (       0)           0  
##>createMaxCarrySave              START              224308400 ( +0.00)      873.10 (   +0.00)             0 (       0)              
##> datapath_rewrite_one_def       START              224308400 ( +0.00)      873.10 (   +0.00)             0 (       0)              
##>  fast_cse_elim                 START              224308400 ( +0.00)      873.10 (   +0.00)             0 (       0)              
##>                                  END              224308400 ( +0.00)      873.10 (   +0.00)             0 (       0)           0  
##>  fast_cse_elim                 START              224308400 ( +0.00)      873.10 (   +0.00)             0 (       0)              
##>                                  END              224308400 ( +0.00)      873.10 (   +0.00)             0 (       0)           0  
##>                                  END              224308400 ( +0.00)      873.10 (   +0.00)             0 (       0)           0  
##> csa_opto                       START              224308400 ( +0.00)      873.10 (   +0.00)             0 (       0)              
##>                                  END              224308400 ( +0.00)      873.10 (   +0.00)             0 (       0)           0  
##>                                  END              224308400 ( +0.00)      873.10 (   +0.00)             0 (       0)           0  
##>context_based_simplify          START              213092980 ( -5.00)      873.10 (   +0.00)             0 (       0)              
##>                                  END              193465995 ( -9.21)      873.10 (   +0.00)             0 (       0)           0  
##>group_csa_final_adder_dp        START              193465995 ( +0.00)      873.10 (   +0.00)             0 (       0)              
##>                                  END              193465995 ( +0.00)      873.10 (   +0.00)             0 (       0)           0  
##>dpopt_flatten_critical_muxes_i  START              193465995 ( +0.00)      873.10 (   +0.00)             0 (       0)              
##>                                  END              193465995 ( +0.00)      873.10 (   +0.00)             0 (       0)           0  
##>create_score                    START              193465995 ( +0.00)      873.10 (   +0.00)             0 (       0)              
##>                                  END              193465995 ( +0.00)      873.10 (   +0.00)             0 (       0)           0  
##>+------------------------------------------------------------------------------------------------------------------------------------------------------------+
Committed config: CDN_DP_region_0_6_c7
Info    : Done implementing datapath configurations. [DPOPT-4]
        : Selected 'very_fast' configuration 7 for module 'CDN_DP_region_0_6'.
          Optimizations applied to 'very_fast' configuration:
            rewriting(0), factoring(0), sharing(0), cmultcse(0), downsizing(0), speculation(0)
Info    : Implementing datapath configurations. [DPOPT-3]
        : Implementing datapath configurations for 'CDN_DP_region_12_0'
CSAGen Prep Share:0 Re-Write:16 Speculation: 0
Warning: (CSAGEN-QOR) CSA is rejected due to upper bit truncation.
:		sub_1075_29 -> SUB_TC_OP27.B
Warning: (CSAGEN-QOR) CSA is rejected due to upper bit truncation.
:		sub_1075_29 -> SUB_TC_OP23.A
Warning: (CSAGEN-QOR) CSA is rejected due to upper bit truncation.
:		sub_1076_29 -> SUB_TC_OP28.B
Warning: (CSAGEN-QOR) CSA is rejected due to upper bit truncation.
:		sub_1076_29 -> SUB_TC_OP24.A
MaxCSA: Successfully built Maximal CSA Expression Expr6
Info    : Accepted resource sharing opportunity. [RTLOPT-30]
        : Merged the following sets of instances in 'CDN_DP_region_12_0_c7 in WeightTransformRowConst_1':
	  (final_adder_SUB_TC_OP_139_pad, final_adder_ADD_TC_OP_148_pad)
	  (final_adder_SUB_TC_OP_103_pad, final_adder_ADD_TC_OP_112_pad)
	  (final_adder_SUB_TC_OP_11_pad, final_adder_ADD_TC_OP_14_pad)
	  (final_adder_SUB_TC_OP_5_pad, final_adder_ADD_TC_OP_8_pad)

Info    : Accepted resource sharing opportunity. [RTLOPT-30]
        : Merged the following sets of instances in 'CDN_DP_region_12_0_c7 in WeightTransformRowConst_1':
	  (csa_tree_fac472, csa_tree_fac449)
	  (csa_tree_fac470, csa_tree_fac447)
	  (csa_tree_fac457, csa_tree_fac440)
	  (csa_tree_fac456, csa_tree_fac439)

CDN_DP_region_12_0 level = 1 loads = 0 drivers = 1 is driven by : CDN_DP_region_0_2 
CDN_DP_region_12_0_c0 in WeightTransformRowConst_1: area: 40243730815 ,dp = 48 mux = 4 sg = slow         worst_clk_period: -1.0000 
    wns: 0  norm_wns:  -1.0000 
    fail_endp: -1 
    tns:  0  tns_per_endp:  -1.0000   norm_tns_per_endp:  -1.0000 
    tns_sense_max:  -1.0000  tns_sense_avg:  -1.0000   tns_sense_num: -1
 skipped
CDN_DP_region_12_0_c1 in WeightTransformRowConst_1: area: 33096704420 ,dp = 43 mux = 4 sg = fast         worst_clk_period: -1.0000 
    wns: 0  norm_wns:  -1.0000 
    fail_endp: -1 
    tns:  0  tns_per_endp:  -1.0000   norm_tns_per_endp:  -1.0000 
    tns_sense_max:  -1.0000  tns_sense_avg:  -1.0000   tns_sense_num: -1
 is current best
CDN_DP_region_12_0_c2 in WeightTransformRowConst_1: area: 25778642870 ,dp = 37 mux = 4 sg = very_slow    worst_clk_period: -1.0000 
    wns: 0  norm_wns:  -1.0000 
    fail_endp: -1 
    tns:  0  tns_per_endp:  -1.0000   norm_tns_per_endp:  -1.0000 
    tns_sense_max:  -1.0000  tns_sense_avg:  -1.0000   tns_sense_num: -1
 is current best
CDN_DP_region_12_0_c3 in WeightTransformRowConst_1: area: 33096704420 ,dp = 43 mux = 4 sg = very_fast    worst_clk_period: -1.0000 
    wns: 0  norm_wns:  -1.0000 
    fail_endp: -1 
    tns:  0  tns_per_endp:  -1.0000   norm_tns_per_endp:  -1.0000 
    tns_sense_max:  -1.0000  tns_sense_avg:  -1.0000   tns_sense_num: -1

CDN_DP_region_12_0_c4 in WeightTransformRowConst_1: area: 25778642870 ,dp = 37 mux = 4 sg = very_fast    worst_clk_period: -1.0000 
    wns: 0  norm_wns:  -1.0000 
    fail_endp: -1 
    tns:  0  tns_per_endp:  -1.0000   norm_tns_per_endp:  -1.0000 
    tns_sense_max:  -1.0000  tns_sense_avg:  -1.0000   tns_sense_num: -1
 is current best
CDN_DP_region_12_0_c5 in WeightTransformRowConst_1: area: 25778642870 ,dp = 37 mux = 4 sg = very_fast    worst_clk_period: -1.0000 
    wns: 0  norm_wns:  -1.0000 
    fail_endp: -1 
    tns:  0  tns_per_endp:  -1.0000   norm_tns_per_endp:  -1.0000 
    tns_sense_max:  -1.0000  tns_sense_avg:  -1.0000   tns_sense_num: -1
 is current best
CDN_DP_region_12_0_c6 in WeightTransformRowConst_1: area: 33096704420 ,dp = 43 mux = 4 sg = very_fast    worst_clk_period: -1.0000 
    wns: 0  norm_wns:  -1.0000 
    fail_endp: -1 
    tns:  0  tns_per_endp:  -1.0000   norm_tns_per_endp:  -1.0000 
    tns_sense_max:  -1.0000  tns_sense_avg:  -1.0000   tns_sense_num: -1

CDN_DP_region_12_0_c7 in WeightTransformRowConst_1: area: 67239246755 ,dp = 50 mux = 8 sg = very_fast    worst_clk_period: -1.0000 
    wns: 0  norm_wns:  -1.0000 
    fail_endp: -1 
    tns:  0  tns_per_endp:  -1.0000   norm_tns_per_endp:  -1.0000 
    tns_sense_max:  -1.0000  tns_sense_avg:  -1.0000   tns_sense_num: -1

Best config: CDN_DP_region_12_0_c5 in WeightTransformRowConst_1: area: 25778642870 ,dp = 37 mux = 4 sg = very_fast    worst_clk_period: -1.0000 
    wns: 0  norm_wns:  -1.0000 
    fail_endp: -1 
    tns:  0  tns_per_endp:  -1.0000   norm_tns_per_endp:  -1.0000 
    tns_sense_max:  -1.0000  tns_sense_avg:  -1.0000   tns_sense_num: -1
  Smallest config area : 25778642870.  Fastest config wns;  0
##>+----------------------------------------------------------------------------------------------------------------------------------------------------------------+
##>Summary table of configs (Best config is CDN_DP_region_12_0_c5)
##>+----------------------------------------------------------------------------------------------------------------------------------------------------------------+
##>                     0                  1                  2                  3                  4                  5                  6                  7            
##>+----------------------------------------------------------------------------------------------------------------------------------------------------------------+
##>           Area      40243730815        33096704420        25778642870        33096704420        25778642870        25778642870        33096704420        67239246755  
##>            WNS          +775.70            +777.00            +777.00            +777.00            +777.00            +777.00            +777.00            +777.00  
##>            TNS                0                  0                  0                  0                  0                  0                  0                  0  
##>    Num Rewrite                0                  4                  0                  4                  0                  0                  4                 16  
##>     Num Factor                0                  6                  4                  6                  4                  4                  6                 14  
##>      Num Share                0                  0                  0                  0                  0                  0                  0                  8  
##>   Num CmultCse                0                  0                  0                  0                  0                  0                  0                  0  
##>   Num Downsize                0                  0                  0                  0                  0                  0                  0                  0  
##>  Num Speculate                0                  0                  0                  0                  0                  0                  0                  0  
##>     Runtime(s)                0                  7                  6                  7                  6                  6                 12                 33  
+----------------------------------------------------------------------------------------------------------------------------------------------------------------+
##>
##>
##>+------------------------------------------------------------------------------------------------------------------------------------------------------------+
##>Optimization Step DEBUG Table for config CDN_DP_region_12_0_c5
##>
##>                          Step                        Area   ( % Chg)        WNS (Change)        TNS (Change)          Runtime (s)        Comment                   
##>+------------------------------------------------------------------------------------------------------------------------------------------------------------+
##>createMaxCarrySave              START            40243730815 (      )      775.70 (        )             0 (        )              
##> datapath_rewrite_one_def       START            40243730815 ( +0.00)      775.70 (   +0.00)             0 (       0)              
##>  fast_cse_elim                 START            40243730815 ( +0.00)      775.70 (   +0.00)             0 (       0)              
##>                                  END            40221299975 ( -0.06)      775.70 (   +0.00)             0 (       0)           0  
##>  fast_cse_elim                 START            40221299975 ( +0.00)      775.70 (   +0.00)             0 (       0)              
##>                                  END            40221299975 ( +0.00)      775.70 (   +0.00)             0 (       0)           0  
##>                                  END            40221299975 ( -0.06)      775.70 (   +0.00)             0 (       0)           0  
##> csa_opto                       START            40221299975 ( +0.00)      775.70 (   +0.00)             0 (       0)              
##>                                  END            30960166910 (-23.03)      775.70 (   +0.00)             0 (       0)           0  
##>                                  END            30960166910 (-23.07)      775.70 (   +0.00)             0 (       0)           0  
##>canonicalize_by_names           START            30960166910 ( +0.00)      775.70 (   +0.00)             0 (       0)              
##>                                  END            30960166910 ( +0.00)      775.70 (   +0.00)             0 (       0)           0  
##>datapath_rewrite_post_csa_one_  START            30960166910 ( +0.00)      775.70 (   +0.00)             0 (       0)              
##> rewrite                        START            30960166910 ( +0.00)      775.70 (   +0.00)             0 (       0)              (na,csaa) base_comb_signed_add_ci_exs_sub_from --> comb_signed_add_ci_exs_sub_to
##>                                  END            32067689635 ( +3.58)      775.70 (   +0.00)             0 (       0)           0  
##> rewrite                        START            30960166910 ( -3.45)      775.70 (   +0.00)             0 (       0)              (na,csaa) base_comb_signed_add_ci_lst_exs_sub_from --> comb_signed_add_ci_lst_exs_sub_to
##>                                  END            32045258795 ( +3.50)      775.70 (   +0.00)             0 (       0)           0  
##> rewrite                        START            30960166910 ( -3.39)      775.70 (   +0.00)             0 (       0)              (na,csaa) base_comb_signed_add_ci_ldp_lst_exs_p_sub_from --> comb_signed_add_ci_ldp_lst_exs_p_sub_to
##>                                  END            32098532040 ( +3.68)      775.70 (   +0.00)             0 (       0)           0  
##>                                  END            30960166910 ( +0.00)      775.70 (   +0.00)             0 (       0)           0  
##>datapath_csa_factoring_one_gde  START            30960166910 ( +0.00)      775.70 (   +0.00)             0 (       0)              
##>                                  END            27704891255 (-10.51)      777.00 (   +1.30)             0 (       0)           0  
##>dpopt_share_one_def             START            27704891255 ( +0.00)      777.00 (   +0.00)             0 (       0)              
##>                                  END            27704891255 ( +0.00)      777.00 (   +0.00)             0 (       0)           1  
##>datapath_rewrite_post_share     START            27704891255 ( +0.00)      777.00 (   +0.00)             0 (       0)              
##>                                  END            27704891255 ( +0.00)      777.00 (   +0.00)             0 (       0)           0  
##>dp_combine_const_mult_with_com  START            27704891255 ( +0.00)      777.00 (   +0.00)             0 (       0)              
##>                                  END            27704891255 ( +0.00)      777.00 (   +0.00)             0 (       0)           0  
##>dp_operator_level_decompositio  START            27704891255 ( +0.00)      777.00 (   +0.00)             0 (       0)              
##>                                  END            27704891255 ( +0.00)      777.00 (   +0.00)             0 (       0)           0  
##>selective_flatten_dp_config     START            27704891255 ( +0.00)      777.00 (   +0.00)             0 (       0)              
##>                                  END            27704891255 ( +0.00)      777.00 (   +0.00)             0 (       0)           0  
##>createMaxCarrySave              START            27704891255 ( +0.00)      777.00 (   +0.00)             0 (       0)              
##> datapath_rewrite_one_def       START            27704891255 ( +0.00)      777.00 (   +0.00)             0 (       0)              
##>  fast_cse_elim                 START            27704891255 ( +0.00)      777.00 (   +0.00)             0 (       0)              
##>                                  END            27704891255 ( +0.00)      777.00 (   +0.00)             0 (       0)           0  
##>  fast_cse_elim                 START            27704891255 ( +0.00)      777.00 (   +0.00)             0 (       0)              
##>                                  END            27704891255 ( +0.00)      777.00 (   +0.00)             0 (       0)           0  
##>                                  END            27704891255 ( +0.00)      777.00 (   +0.00)             0 (       0)           0  
##> csa_opto                       START            27704891255 ( +0.00)      777.00 (   +0.00)             0 (       0)              
##>                                  END            27704891255 ( +0.00)      777.00 (   +0.00)             0 (       0)           0  
##>                                  END            27704891255 ( +0.00)      777.00 (   +0.00)             0 (       0)           0  
##>datapath_rewrite_post_csa_one_  START            27704891255 ( +0.00)      777.00 (   +0.00)             0 (       0)              
##> rewrite                        START            27704891255 ( +0.00)      777.00 (   +0.00)             0 (       0)              (na,csaa) combined_csa2_signed_csa_signed_from --> combined_csa2_signed_csa_signed_to
##>                                  END            30550804080 (+10.27)      777.00 (   +0.00)             0 (       0)           0  
##> rewrite                        START            27704891255 ( -9.32)      777.00 (   +0.00)             0 (       0)              (na,csaa) combined_csa2_signed_csa_signed_from --> combined_csa2_signed_csa_signed_to
##>                                  END            30584450340 (+10.39)      777.00 (   +0.00)             0 (       0)           0  
##>                                  END            27704891255 ( +0.00)      777.00 (   +0.00)             0 (       0)           0  
##>datapath_csa_factoring_one_gde  START            27704891255 ( +0.00)      777.00 (   +0.00)             0 (       0)              
##>                                  END            26748776700 ( -3.45)      777.00 (   +0.00)             0 (       0)           0  
##>dpopt_share_one_def             START            26748776700 ( +0.00)      777.00 (   +0.00)             0 (       0)              
##>                                  END            26748776700 ( +0.00)      777.00 (   +0.00)             0 (       0)           1  
##>datapath_rewrite_post_share     START            26748776700 ( +0.00)      777.00 (   +0.00)             0 (       0)              
##>                                  END            26748776700 ( +0.00)      777.00 (   +0.00)             0 (       0)           0  
##>dp_combine_const_mult_with_com  START            26748776700 ( +0.00)      777.00 (   +0.00)             0 (       0)              
##>                                  END            26748776700 ( +0.00)      777.00 (   +0.00)             0 (       0)           0  
##>dp_operator_level_decompositio  START            26748776700 ( +0.00)      777.00 (   +0.00)             0 (       0)              
##>                                  END            26748776700 ( +0.00)      777.00 (   +0.00)             0 (       0)           0  
##>selective_flatten_dp_config     START            26748776700 ( +0.00)      777.00 (   +0.00)             0 (       0)              
##>                                  END            26748776700 ( +0.00)      777.00 (   +0.00)             0 (       0)           0  
##>createMaxCarrySave              START            26748776700 ( +0.00)      777.00 (   +0.00)             0 (       0)              
##> datapath_rewrite_one_def       START            26748776700 ( +0.00)      777.00 (   +0.00)             0 (       0)              
##>  fast_cse_elim                 START            26748776700 ( +0.00)      777.00 (   +0.00)             0 (       0)              
##>                                  END            26748776700 ( +0.00)      777.00 (   +0.00)             0 (       0)           0  
##>  fast_cse_elim                 START            26748776700 ( +0.00)      777.00 (   +0.00)             0 (       0)              
##>                                  END            26748776700 ( +0.00)      777.00 (   +0.00)             0 (       0)           0  
##>                                  END            26748776700 ( +0.00)      777.00 (   +0.00)             0 (       0)           0  
##> csa_opto                       START            26748776700 ( +0.00)      777.00 (   +0.00)             0 (       0)              
##>                                  END            26748776700 ( +0.00)      777.00 (   +0.00)             0 (       0)           0  
##>                                  END            26748776700 ( +0.00)      777.00 (   +0.00)             0 (       0)           0  
##>datapath_rewrite_post_csa_one_  START            26748776700 ( +0.00)      777.00 (   +0.00)             0 (       0)              
##> rewrite                        START            26748776700 ( +0.00)      777.00 (   +0.00)             0 (       0)              (na,csaa) base_comb_signed_add_ci_lst_exs_sub_from --> comb_signed_add_ci_lst_exs_comp_sub_to
##>                                  END            29148876580 ( +8.97)      777.00 (   +0.00)             0 (       0)           0  
##> rewrite                        START            26748776700 ( -8.23)      777.00 (   +0.00)             0 (       0)              (na,csaa) combined_csa2_signed_csa_signed_from --> combined_csa2_signed_csa_signed_to
##>                                  END            28431089700 ( +6.29)      777.00 (   +0.00)             0 (       0)           0  
##> rewrite                        START            26748776700 ( -5.92)      777.00 (   +0.00)             0 (       0)              (na,csaa) combined_csa2_signed_csa_signed_from --> combined_csa2_signed_csa_signed_to
##>                                  END            28394639585 ( +6.15)      777.00 (   +0.00)             0 (       0)           0  
##> rewrite                        START            26748776700 ( -5.80)      777.00 (   +0.00)             0 (       0)              (na,csaa) combined_csa2_signed_csa_signed_from --> combined_csa2_signed_csa_signed_to
##>                                  END            27494602130 ( +2.79)      777.00 (   +0.00)             0 (       0)           0  
##>                                  END            26748776700 ( +0.00)      777.00 (   +0.00)             0 (       0)           0  
##>datapath_csa_factoring_one_gde  START            26748776700 ( +0.00)      777.00 (   +0.00)             0 (       0)              
##>                                  END            26748776700 ( +0.00)      777.00 (   +0.00)             0 (       0)           0  
##>dpopt_share_one_def             START            26748776700 ( +0.00)      777.00 (   +0.00)             0 (       0)              
##>                                  END            26748776700 ( +0.00)      777.00 (   +0.00)             0 (       0)           1  
##>datapath_rewrite_post_share     START            26748776700 ( +0.00)      777.00 (   +0.00)             0 (       0)              
##>                                  END            26748776700 ( +0.00)      777.00 (   +0.00)             0 (       0)           0  
##>dp_combine_const_mult_with_com  START            26748776700 ( +0.00)      777.00 (   +0.00)             0 (       0)              
##>                                  END            26748776700 ( +0.00)      777.00 (   +0.00)             0 (       0)           0  
##>dp_operator_level_decompositio  START            26748776700 ( +0.00)      777.00 (   +0.00)             0 (       0)              
##>                                  END            26748776700 ( +0.00)      777.00 (   +0.00)             0 (       0)           0  
##>selective_flatten_dp_config     START            26748776700 ( +0.00)      777.00 (   +0.00)             0 (       0)              
##>                                  END            26748776700 ( +0.00)      777.00 (   +0.00)             0 (       0)           0  
##>createMaxCarrySave              START            26748776700 ( +0.00)      777.00 (   +0.00)             0 (       0)              
##> datapath_rewrite_one_def       START            26748776700 ( +0.00)      777.00 (   +0.00)             0 (       0)              
##>  fast_cse_elim                 START            26748776700 ( +0.00)      777.00 (   +0.00)             0 (       0)              
##>                                  END            26748776700 ( +0.00)      777.00 (   +0.00)             0 (       0)           0  
##>  fast_cse_elim                 START            26748776700 ( +0.00)      777.00 (   +0.00)             0 (       0)              
##>                                  END            26748776700 ( +0.00)      777.00 (   +0.00)             0 (       0)           0  
##>                                  END            26748776700 ( +0.00)      777.00 (   +0.00)             0 (       0)           0  
##> csa_opto                       START            26748776700 ( +0.00)      777.00 (   +0.00)             0 (       0)              
##>                                  END            26748776700 ( +0.00)      777.00 (   +0.00)             0 (       0)           0  
##>                                  END            26748776700 ( +0.00)      777.00 (   +0.00)             0 (       0)           0  
##>context_based_simplify          START            26703915020 ( -0.17)      777.00 (   +0.00)             0 (       0)              
##>                                  END            26047812950 ( -2.46)      777.00 (   +0.00)             0 (       0)           0  
##>group_csa_final_adder_dp        START            26047812950 ( +0.00)      777.00 (   +0.00)             0 (       0)              
##>                                  END            26047812950 ( +0.00)      777.00 (   +0.00)             0 (       0)           0  
##>dpopt_flatten_critical_muxes_i  START            26047812950 ( +0.00)      777.00 (   +0.00)             0 (       0)              
##>                                  END            26047812950 ( +0.00)      777.00 (   +0.00)             0 (       0)           0  
##>create_score                    START            25778642870 ( -1.03)      777.00 (   +0.00)             0 (       0)              
##>                                  END            25778642870 ( +0.00)      777.00 (   +0.00)             0 (       0)           0  
##>+------------------------------------------------------------------------------------------------------------------------------------------------------------+
Committed config: CDN_DP_region_12_0_c5
Info    : Done implementing datapath configurations. [DPOPT-4]
        : Selected 'very_fast' configuration 5 for module 'CDN_DP_region_12_0'.
          Optimizations applied to 'very_fast' configuration:
            rewriting(0), factoring(4), sharing(0), cmultcse(0), downsizing(0), speculation(0)
Info    : Implementing datapath configurations. [DPOPT-3]
        : Implementing datapath configurations for 'CDN_DP_region_11_0'
CSAGen Prep Share:0 Re-Write:16 Speculation: 0
Warning: (CSAGEN-QOR) CSA is rejected due to upper bit truncation.
:		sub_1075_29 -> SUB_TC_OP27.B
Warning: (CSAGEN-QOR) CSA is rejected due to upper bit truncation.
:		sub_1075_29 -> SUB_TC_OP23.A
Warning: (CSAGEN-QOR) CSA is rejected due to upper bit truncation.
:		sub_1076_29 -> SUB_TC_OP28.B
Warning: (CSAGEN-QOR) CSA is rejected due to upper bit truncation.
:		sub_1076_29 -> SUB_TC_OP24.A
MaxCSA: Successfully built Maximal CSA Expression Expr7
Info    : Accepted resource sharing opportunity. [RTLOPT-30]
        : Merged the following sets of instances in 'CDN_DP_region_11_0_c7 in WeightTransformRowConst_0':
	  (final_adder_SUB_TC_OP_157_pad, final_adder_ADD_TC_OP_166_pad)
	  (final_adder_SUB_TC_OP_121_pad, final_adder_ADD_TC_OP_130_pad)
	  (final_adder_SUB_TC_OP_15_pad_pad, final_adder_ADD_TC_OP_20_pad_pad)
	  (final_adder_SUB_TC_OP_7_pad, final_adder_ADD_TC_OP_10_pad)

Info    : Accepted resource sharing opportunity. [RTLOPT-30]
        : Merged the following sets of instances in 'CDN_DP_region_11_0_c7 in WeightTransformRowConst_0':
	  (csa_tree_fac491, csa_tree_fac468)
	  (csa_tree_fac489, csa_tree_fac466)
	  (csa_tree_fac476, csa_tree_fac459)
	  (csa_tree_fac475, csa_tree_fac458)

CDN_DP_region_11_0 level = 1 loads = 0 drivers = 1 is driven by : CDN_DP_region_0_2 
CDN_DP_region_11_0_c0 in WeightTransformRowConst_0: area: 40440000665 ,dp = 49 mux = 4 sg = slow         worst_clk_period: -1.0000 
    wns: 0  norm_wns:  -1.0000 
    fail_endp: -1 
    tns:  0  tns_per_endp:  -1.0000   norm_tns_per_endp:  -1.0000 
    tns_sense_max:  -1.0000  tns_sense_avg:  -1.0000   tns_sense_num: -1
 skipped
CDN_DP_region_11_0_c1 in WeightTransformRowConst_0: area: 34184600160 ,dp = 43 mux = 4 sg = fast         worst_clk_period: -1.0000 
    wns: 0  norm_wns:  -1.0000 
    fail_endp: -1 
    tns:  0  tns_per_endp:  -1.0000   norm_tns_per_endp:  -1.0000 
    tns_sense_max:  -1.0000  tns_sense_avg:  -1.0000   tns_sense_num: -1
 is current best
CDN_DP_region_11_0_c2 in WeightTransformRowConst_0: area: 26283336770 ,dp = 36 mux = 4 sg = very_slow    worst_clk_period: -1.0000 
    wns: 0  norm_wns:  -1.0000 
    fail_endp: -1 
    tns:  0  tns_per_endp:  -1.0000   norm_tns_per_endp:  -1.0000 
    tns_sense_max:  -1.0000  tns_sense_avg:  -1.0000   tns_sense_num: -1
 is current best
CDN_DP_region_11_0_c3 in WeightTransformRowConst_0: area: 34184600160 ,dp = 43 mux = 4 sg = very_fast    worst_clk_period: -1.0000 
    wns: 0  norm_wns:  -1.0000 
    fail_endp: -1 
    tns:  0  tns_per_endp:  -1.0000   norm_tns_per_endp:  -1.0000 
    tns_sense_max:  -1.0000  tns_sense_avg:  -1.0000   tns_sense_num: -1

CDN_DP_region_11_0_c4 in WeightTransformRowConst_0: area: 26283336770 ,dp = 36 mux = 4 sg = very_fast    worst_clk_period: -1.0000 
    wns: 0  norm_wns:  -1.0000 
    fail_endp: -1 
    tns:  0  tns_per_endp:  -1.0000   norm_tns_per_endp:  -1.0000 
    tns_sense_max:  -1.0000  tns_sense_avg:  -1.0000   tns_sense_num: -1
 is current best
CDN_DP_region_11_0_c5 in WeightTransformRowConst_0: area: 26283336770 ,dp = 36 mux = 4 sg = very_fast    worst_clk_period: -1.0000 
    wns: 0  norm_wns:  -1.0000 
    fail_endp: -1 
    tns:  0  tns_per_endp:  -1.0000   norm_tns_per_endp:  -1.0000 
    tns_sense_max:  -1.0000  tns_sense_avg:  -1.0000   tns_sense_num: -1
 is current best
CDN_DP_region_11_0_c6 in WeightTransformRowConst_0: area: 34184600160 ,dp = 43 mux = 4 sg = very_fast    worst_clk_period: -1.0000 
    wns: 0  norm_wns:  -1.0000 
    fail_endp: -1 
    tns:  0  tns_per_endp:  -1.0000   norm_tns_per_endp:  -1.0000 
    tns_sense_max:  -1.0000  tns_sense_avg:  -1.0000   tns_sense_num: -1

CDN_DP_region_11_0_c7 in WeightTransformRowConst_0: area: 65725165055 ,dp = 51 mux = 8 sg = very_fast    worst_clk_period: -1.0000 
    wns: 0  norm_wns:  -1.0000 
    fail_endp: -1 
    tns:  0  tns_per_endp:  -1.0000   norm_tns_per_endp:  -1.0000 
    tns_sense_max:  -1.0000  tns_sense_avg:  -1.0000   tns_sense_num: -1

Best config: CDN_DP_region_11_0_c5 in WeightTransformRowConst_0: area: 26283336770 ,dp = 36 mux = 4 sg = very_fast    worst_clk_period: -1.0000 
    wns: 0  norm_wns:  -1.0000 
    fail_endp: -1 
    tns:  0  tns_per_endp:  -1.0000   norm_tns_per_endp:  -1.0000 
    tns_sense_max:  -1.0000  tns_sense_avg:  -1.0000   tns_sense_num: -1
  Smallest config area : 26283336770.  Fastest config wns;  0
##>+----------------------------------------------------------------------------------------------------------------------------------------------------------------+
##>Summary table of configs (Best config is CDN_DP_region_11_0_c5)
##>+----------------------------------------------------------------------------------------------------------------------------------------------------------------+
##>                     0                  1                  2                  3                  4                  5                  6                  7            
##>+----------------------------------------------------------------------------------------------------------------------------------------------------------------+
##>           Area      40440000665        34184600160        26283336770        34184600160        26283336770        26283336770        34184600160        65725165055  
##>            WNS          +772.00           +1266.20           +1262.20           +1266.20           +1262.20           +1262.20           +1266.20           +1050.20  
##>            TNS                0                  0                  0                  0                  0                  0                  0                  0  
##>    Num Rewrite                0                  6                  0                  6                  0                  0                  6                 16  
##>     Num Factor                0                  4                  3                  4                  3                  3                  4                 13  
##>      Num Share                0                  0                  0                  0                  0                  0                  0                  8  
##>   Num CmultCse                0                  0                  0                  0                  0                  0                  0                  0  
##>   Num Downsize                0                  0                  0                  0                  0                  0                  0                  0  
##>  Num Speculate                0                  0                  0                  0                  0                  0                  0                  0  
##>     Runtime(s)                0                  7                  6                  7                  6                  6                 12                 34  
+----------------------------------------------------------------------------------------------------------------------------------------------------------------+
##>
##>
##>+------------------------------------------------------------------------------------------------------------------------------------------------------------+
##>Optimization Step DEBUG Table for config CDN_DP_region_11_0_c5
##>
##>                          Step                        Area   ( % Chg)        WNS (Change)        TNS (Change)          Runtime (s)        Comment                   
##>+------------------------------------------------------------------------------------------------------------------------------------------------------------+
##>createMaxCarrySave              START            40440000665 (      )      772.00 (        )             0 (        )              
##> datapath_rewrite_one_def       START            40440000665 ( +0.00)      772.00 (   +0.00)             0 (       0)              
##>  fast_cse_elim                 START            40440000665 ( +0.00)      772.00 (   +0.00)             0 (       0)              
##>                                  END            40417569825 ( -0.06)      772.00 (   +0.00)             0 (       0)           0  
##>  fast_cse_elim                 START            40417569825 ( +0.00)      772.00 (   +0.00)             0 (       0)              
##>                                  END            40417569825 ( +0.00)      772.00 (   +0.00)             0 (       0)           0  
##>                                  END            40417569825 ( -0.06)      772.00 (   +0.00)             0 (       0)           0  
##> csa_opto                       START            40417569825 ( +0.00)      772.00 (   +0.00)             0 (       0)              
##>                                  END            31156436760 (-22.91)     1272.30 ( +500.30)             0 (       0)           0  
##>                                  END            31156436760 (-22.96)     1272.30 ( +500.30)             0 (       0)           0  
##>canonicalize_by_names           START            31156436760 ( +0.00)     1272.30 (   +0.00)             0 (       0)              
##>                                  END            31156436760 ( +0.00)     1272.30 (   +0.00)             0 (       0)           0  
##>datapath_rewrite_post_csa_one_  START            31156436760 ( +0.00)     1272.30 (   +0.00)             0 (       0)              
##> rewrite                        START            31156436760 ( +0.00)     1272.30 (   +0.00)             0 (       0)              (na,csaa) base_comb_signed_add_ci_exs_sub_from --> comb_signed_add_ci_exs_sub_to
##>                                  END            32258351775 ( +3.54)     1244.00 (  -28.30)             0 (       0)           0  
##> rewrite                        START            31156436760 ( -3.42)     1272.30 (  +28.30)             0 (       0)              (na,csaa) base_comb_signed_add_ci_lst_exs_sub_from --> comb_signed_add_ci_lst_exs_sub_to
##>                                  END            32241528645 ( +3.48)     1272.30 (   +0.00)             0 (       0)           0  
##> rewrite                        START            31156436760 ( -3.37)     1272.30 (   +0.00)             0 (       0)              (na,csaa) base_comb_signed_add_ci_ldp_lst_exs_p_sub_from --> comb_signed_add_ci_ldp_lst_exs_p_sub_to
##>                                  END            32294801890 ( +3.65)     1251.50 (  -20.80)             0 (       0)           0  
##>                                  END            31156436760 ( +0.00)     1272.30 (   +0.00)             0 (       0)           0  
##>datapath_csa_factoring_one_gde  START            31156436760 ( +0.00)     1272.30 (   +0.00)             0 (       0)              
##>                                  END            27943218930 (-10.31)     1269.80 (   -2.50)             0 (       0)           0  
##>dpopt_share_one_def             START            27943218930 ( +0.00)     1269.80 (   +0.00)             0 (       0)              
##>                                  END            27943218930 ( +0.00)     1269.80 (   +0.00)             0 (       0)           1  
##>datapath_rewrite_post_share     START            27943218930 ( +0.00)     1269.80 (   +0.00)             0 (       0)              
##>                                  END            27943218930 ( +0.00)     1269.80 (   +0.00)             0 (       0)           0  
##>dp_combine_const_mult_with_com  START            27943218930 ( +0.00)     1269.80 (   +0.00)             0 (       0)              
##>                                  END            27943218930 ( +0.00)     1269.80 (   +0.00)             0 (       0)           0  
##>dp_operator_level_decompositio  START            27943218930 ( +0.00)     1269.80 (   +0.00)             0 (       0)              
##>                                  END            27943218930 ( +0.00)     1269.80 (   +0.00)             0 (       0)           0  
##>selective_flatten_dp_config     START            27943218930 ( +0.00)     1269.80 (   +0.00)             0 (       0)              
##>                                  END            27943218930 ( +0.00)     1269.80 (   +0.00)             0 (       0)           0  
##>createMaxCarrySave              START            27943218930 ( +0.00)     1269.80 (   +0.00)             0 (       0)              
##> datapath_rewrite_one_def       START            27943218930 ( +0.00)     1269.80 (   +0.00)             0 (       0)              
##>  fast_cse_elim                 START            27943218930 ( +0.00)     1269.80 (   +0.00)             0 (       0)              
##>                                  END            27943218930 ( +0.00)     1269.80 (   +0.00)             0 (       0)           0  
##>  fast_cse_elim                 START            27943218930 ( +0.00)     1269.80 (   +0.00)             0 (       0)              
##>                                  END            27943218930 ( +0.00)     1269.80 (   +0.00)             0 (       0)           0  
##>                                  END            27943218930 ( +0.00)     1269.80 (   +0.00)             0 (       0)           0  
##> csa_opto                       START            27943218930 ( +0.00)     1269.80 (   +0.00)             0 (       0)              
##>                                  END            27943218930 ( +0.00)     1269.80 (   +0.00)             0 (       0)           0  
##>                                  END            27943218930 ( +0.00)     1269.80 (   +0.00)             0 (       0)           0  
##>datapath_rewrite_post_csa_one_  START            27943218930 ( +0.00)     1269.80 (   +0.00)             0 (       0)              
##> rewrite                        START            27943218930 ( +0.00)     1269.80 (   +0.00)             0 (       0)              (na,csaa) combined_csa2_signed_csa_signed_from --> combined_csa2_signed_csa_signed_to
##>                                  END            30679781410 ( +9.79)     1269.80 (   +0.00)             0 (       0)           0  
##> rewrite                        START            27943218930 ( -8.92)     1269.80 (   +0.00)             0 (       0)              (na,csaa) combined_csa2_signed_csa_signed_from --> combined_csa2_signed_csa_signed_to
##>                                  END            30724643090 ( +9.95)     1269.80 (   +0.00)             0 (       0)           0  
##>                                  END            27943218930 ( +0.00)     1269.80 (   +0.00)             0 (       0)           0  
##>datapath_csa_factoring_one_gde  START            27943218930 ( +0.00)     1269.80 (   +0.00)             0 (       0)              
##>                                  END            27393663350 ( -1.97)     1248.90 (  -20.90)             0 (       0)           0  
##>dpopt_share_one_def             START            27393663350 ( +0.00)     1248.90 (   +0.00)             0 (       0)              
##>                                  END            27393663350 ( +0.00)     1248.90 (   +0.00)             0 (       0)           1  
##>datapath_rewrite_post_share     START            27393663350 ( +0.00)     1248.90 (   +0.00)             0 (       0)              
##>                                  END            27393663350 ( +0.00)     1248.90 (   +0.00)             0 (       0)           0  
##>dp_combine_const_mult_with_com  START            27393663350 ( +0.00)     1248.90 (   +0.00)             0 (       0)              
##>                                  END            27393663350 ( +0.00)     1248.90 (   +0.00)             0 (       0)           0  
##>dp_operator_level_decompositio  START            27393663350 ( +0.00)     1248.90 (   +0.00)             0 (       0)              
##>                                  END            27393663350 ( +0.00)     1248.90 (   +0.00)             0 (       0)           0  
##>selective_flatten_dp_config     START            27393663350 ( +0.00)     1248.90 (   +0.00)             0 (       0)              
##>                                  END            27393663350 ( +0.00)     1248.90 (   +0.00)             0 (       0)           0  
##>createMaxCarrySave              START            27393663350 ( +0.00)     1248.90 (   +0.00)             0 (       0)              
##> datapath_rewrite_one_def       START            27393663350 ( +0.00)     1248.90 (   +0.00)             0 (       0)              
##>  fast_cse_elim                 START            27393663350 ( +0.00)     1248.90 (   +0.00)             0 (       0)              
##>                                  END            27393663350 ( +0.00)     1248.90 (   +0.00)             0 (       0)           0  
##>  fast_cse_elim                 START            27393663350 ( +0.00)     1248.90 (   +0.00)             0 (       0)              
##>                                  END            27393663350 ( +0.00)     1248.90 (   +0.00)             0 (       0)           0  
##>                                  END            27393663350 ( +0.00)     1248.90 (   +0.00)             0 (       0)           0  
##> csa_opto                       START            27393663350 ( +0.00)     1248.90 (   +0.00)             0 (       0)              
##>                                  END            27393663350 ( +0.00)     1248.90 (   +0.00)             0 (       0)           0  
##>                                  END            27393663350 ( +0.00)     1248.90 (   +0.00)             0 (       0)           0  
##>datapath_rewrite_post_csa_one_  START            27393663350 ( +0.00)     1248.90 (   +0.00)             0 (       0)              
##> rewrite                        START            27393663350 ( +0.00)     1248.90 (   +0.00)             0 (       0)              (na,csaa) base_comb_signed_add_ci_lst_exs_sub_from --> comb_signed_add_ci_lst_exs_comp_sub_to
##>                                  END            29793763230 ( +8.76)     1248.90 (   +0.00)             0 (       0)           0  
##> rewrite                        START            27393663350 ( -8.06)     1248.90 (   +0.00)             0 (       0)              (na,csaa) combined_csa2_signed_csa_signed_from --> combined_csa2_signed_csa_signed_to
##>                                  END            29583474105 ( +7.99)     1249.20 (   +0.30)             0 (       0)           0  
##> rewrite                        START            27393663350 ( -7.40)     1248.90 (   -0.30)             0 (       0)              (na,csaa) combined_csa2_signed_csa_signed_from --> combined_csa2_signed_csa_signed_to
##>                                  END            29631139640 ( +8.17)     1249.20 (   +0.30)             0 (       0)           0  
##> rewrite                        START            27393663350 ( -7.55)     1248.90 (   -0.30)             0 (       0)              (na,csaa) combined_csa2_signed_csa_signed_from --> combined_csa2_signed_csa_signed_to
##>                                  END            28060980840 ( +2.44)     1248.80 (   -0.10)             0 (       0)           0  
##>                                  END            27393663350 ( +0.00)     1248.90 (   +0.00)             0 (       0)           0  
##>datapath_csa_factoring_one_gde  START            27393663350 ( +0.00)     1248.90 (   +0.00)             0 (       0)              
##>                                  END            27393663350 ( +0.00)     1248.90 (   +0.00)             0 (       0)           0  
##>dpopt_share_one_def             START            27393663350 ( +0.00)     1248.90 (   +0.00)             0 (       0)              
##>                                  END            27393663350 ( +0.00)     1248.90 (   +0.00)             0 (       0)           1  
##>datapath_rewrite_post_share     START            27393663350 ( +0.00)     1248.90 (   +0.00)             0 (       0)              
##>                                  END            27393663350 ( +0.00)     1248.90 (   +0.00)             0 (       0)           0  
##>dp_combine_const_mult_with_com  START            27393663350 ( +0.00)     1248.90 (   +0.00)             0 (       0)              
##>                                  END            27393663350 ( +0.00)     1248.90 (   +0.00)             0 (       0)           0  
##>dp_operator_level_decompositio  START            27393663350 ( +0.00)     1248.90 (   +0.00)             0 (       0)              
##>                                  END            27393663350 ( +0.00)     1248.90 (   +0.00)             0 (       0)           0  
##>selective_flatten_dp_config     START            27393663350 ( +0.00)     1248.90 (   +0.00)             0 (       0)              
##>                                  END            27393663350 ( +0.00)     1248.90 (   +0.00)             0 (       0)           0  
##>createMaxCarrySave              START            27393663350 ( +0.00)     1248.90 (   +0.00)             0 (       0)              
##> datapath_rewrite_one_def       START            27393663350 ( +0.00)     1248.90 (   +0.00)             0 (       0)              
##>  fast_cse_elim                 START            27393663350 ( +0.00)     1248.90 (   +0.00)             0 (       0)              
##>                                  END            27393663350 ( +0.00)     1248.90 (   +0.00)             0 (       0)           0  
##>  fast_cse_elim                 START            27393663350 ( +0.00)     1248.90 (   +0.00)             0 (       0)              
##>                                  END            27393663350 ( +0.00)     1248.90 (   +0.00)             0 (       0)           0  
##>                                  END            27393663350 ( +0.00)     1248.90 (   +0.00)             0 (       0)           0  
##> csa_opto                       START            27393663350 ( +0.00)     1248.90 (   +0.00)             0 (       0)              
##>                                  END            27393663350 ( +0.00)     1248.90 (   +0.00)             0 (       0)           0  
##>                                  END            27393663350 ( +0.00)     1248.90 (   +0.00)             0 (       0)           0  
##>context_based_simplify          START            27172158805 ( -0.81)     1248.90 (   +0.00)             0 (       0)              
##>                                  END            26516056735 ( -2.41)     1248.90 (   +0.00)             0 (       0)           0  
##>group_csa_final_adder_dp        START            26516056735 ( +0.00)     1248.90 (   +0.00)             0 (       0)              
##>                                  END            26600172385 ( +0.32)     1246.10 (   -2.80)             0 (       0)           0  
##>dpopt_flatten_critical_muxes_i  START            26600172385 ( +0.00)     1246.10 (   +0.00)             0 (       0)              
##>                                  END            26600172385 ( +0.00)     1246.10 (   +0.00)             0 (       0)           0  
##>create_score                    START            26283336770 ( -1.19)     1262.20 (  +16.10)             0 (       0)              
##>                                  END            26283336770 ( +0.00)     1262.20 (   +0.00)             0 (       0)           0  
##>+------------------------------------------------------------------------------------------------------------------------------------------------------------+
Committed config: CDN_DP_region_11_0_c5
Info    : Done implementing datapath configurations. [DPOPT-4]
        : Selected 'very_fast' configuration 5 for module 'CDN_DP_region_11_0'.
          Optimizations applied to 'very_fast' configuration:
            rewriting(0), factoring(3), sharing(0), cmultcse(0), downsizing(0), speculation(0)
Info    : Implementing datapath configurations. [DPOPT-3]
        : Implementing datapath configurations for 'CDN_DP_region_2_0'
CSAGen Prep Share:0 Re-Write:0 Speculation: 0
MaxCSA: Successfully built Maximal CSA Expression Expr8
MaxCSA: Successfully built Maximal CSA Expression Expr9
Info    : Accepted resource sharing opportunity. [RTLOPT-30]
        : Merged the following sets of instances in 'CDN_DP_region_2_0_c7 in InverseRowAccumulate':
	  (SUB_TC_OP17, ADD_TC_OP_16)
	  (SUB_TC_OP, ADD_TC_OP_1)

Info    : Accepted resource sharing opportunity. [RTLOPT-30]
        : Merged the following sets of instances in 'CDN_DP_region_2_0_c1 in InverseRowAccumulate':
	  (add_80_116, add_73_109)
	  (add_73_48, add_80_55)

Info    : Accepted resource sharing opportunity. [RTLOPT-30]
        : Merged the following sets of instances in 'CDN_DP_region_2_0_c2 in InverseRowAccumulate':
	  (add_80_116, add_73_109)
	  (add_73_48, add_80_55)

Info    : Accepted resource sharing opportunity. [RTLOPT-30]
        : Merged the following sets of instances in 'CDN_DP_region_2_0_c3 in InverseRowAccumulate':
	  (add_80_116, add_73_109)
	  (add_73_48, add_80_55)

Info    : Accepted resource sharing opportunity. [RTLOPT-30]
        : Merged the following sets of instances in 'CDN_DP_region_2_0_c4 in InverseRowAccumulate':
	  (add_80_116, add_73_109)
	  (add_73_48, add_80_55)

Info    : Accepted resource sharing opportunity. [RTLOPT-30]
        : Merged the following sets of instances in 'CDN_DP_region_2_0_c5 in InverseRowAccumulate':
	  (add_80_116, add_73_109)
	  (add_73_48, add_80_55)

Info    : Accepted resource sharing opportunity. [RTLOPT-30]
        : Merged the following sets of instances in 'CDN_DP_region_2_0_c6 in InverseRowAccumulate':
	  (add_80_116, add_73_109)
	  (add_73_48, add_80_55)

CDN_DP_region_2_0 level = 0 loads = 0 drivers = 0
CDN_DP_region_2_0_c0 in InverseRowAccumulate: area: 8585404010 ,dp = 10 mux = 4 sg = slow         worst_clk_period: -1.0000 
    wns: 0  norm_wns:  -1.0000 
    fail_endp: -1 
    tns:  0  tns_per_endp:  -1.0000   norm_tns_per_endp:  -1.0000 
    tns_sense_max:  -1.0000  tns_sense_avg:  -1.0000   tns_sense_num: -1
 skipped
CDN_DP_region_2_0_c1 in InverseRowAccumulate: area: 6544197570 ,dp = 5 mux = 6 sg = fast         worst_clk_period: -1.0000 
    wns: 0  norm_wns:  -1.0000 
    fail_endp: -1 
    tns:  0  tns_per_endp:  -1.0000   norm_tns_per_endp:  -1.0000 
    tns_sense_max:  -1.0000  tns_sense_avg:  -1.0000   tns_sense_num: -1
 is current best
CDN_DP_region_2_0_c2 in InverseRowAccumulate: area: 6544197570 ,dp = 5 mux = 6 sg = very_slow    worst_clk_period: -1.0000 
    wns: 0  norm_wns:  -1.0000 
    fail_endp: -1 
    tns:  0  tns_per_endp:  -1.0000   norm_tns_per_endp:  -1.0000 
    tns_sense_max:  -1.0000  tns_sense_avg:  -1.0000   tns_sense_num: -1
 is current best
CDN_DP_region_2_0_c3 in InverseRowAccumulate: area: 6544197570 ,dp = 5 mux = 6 sg = very_fast    worst_clk_period: -1.0000 
    wns: 0  norm_wns:  -1.0000 
    fail_endp: -1 
    tns:  0  tns_per_endp:  -1.0000   norm_tns_per_endp:  -1.0000 
    tns_sense_max:  -1.0000  tns_sense_avg:  -1.0000   tns_sense_num: -1
 is current best
CDN_DP_region_2_0_c4 in InverseRowAccumulate: area: 6544197570 ,dp = 5 mux = 6 sg = very_fast    worst_clk_period: -1.0000 
    wns: 0  norm_wns:  -1.0000 
    fail_endp: -1 
    tns:  0  tns_per_endp:  -1.0000   norm_tns_per_endp:  -1.0000 
    tns_sense_max:  -1.0000  tns_sense_avg:  -1.0000   tns_sense_num: -1
 is current best
CDN_DP_region_2_0_c5 in InverseRowAccumulate: area: 6544197570 ,dp = 5 mux = 6 sg = very_fast    worst_clk_period: -1.0000 
    wns: 0  norm_wns:  -1.0000 
    fail_endp: -1 
    tns:  0  tns_per_endp:  -1.0000   norm_tns_per_endp:  -1.0000 
    tns_sense_max:  -1.0000  tns_sense_avg:  -1.0000   tns_sense_num: -1
 is current best
CDN_DP_region_2_0_c6 in InverseRowAccumulate: area: 6544197570 ,dp = 5 mux = 6 sg = very_fast    worst_clk_period: -1.0000 
    wns: 0  norm_wns:  -1.0000 
    fail_endp: -1 
    tns:  0  tns_per_endp:  -1.0000   norm_tns_per_endp:  -1.0000 
    tns_sense_max:  -1.0000  tns_sense_avg:  -1.0000   tns_sense_num: -1
 is current best
CDN_DP_region_2_0_c7 in InverseRowAccumulate: area: 6617097800 ,dp = 5 mux = 5 sg = very_fast    worst_clk_period: -1.0000 
    wns: 0  norm_wns:  -1.0000 
    fail_endp: -1 
    tns:  0  tns_per_endp:  -1.0000   norm_tns_per_endp:  -1.0000 
    tns_sense_max:  -1.0000  tns_sense_avg:  -1.0000   tns_sense_num: -1

Best config: CDN_DP_region_2_0_c6 in InverseRowAccumulate: area: 6544197570 ,dp = 5 mux = 6 sg = very_fast    worst_clk_period: -1.0000 
    wns: 0  norm_wns:  -1.0000 
    fail_endp: -1 
    tns:  0  tns_per_endp:  -1.0000   norm_tns_per_endp:  -1.0000 
    tns_sense_max:  -1.0000  tns_sense_avg:  -1.0000   tns_sense_num: -1
  Smallest config area : 6544197570.  Fastest config wns;  0
##>+----------------------------------------------------------------------------------------------------------------------------------------------------------------+
##>Summary table of configs (Best config is CDN_DP_region_2_0_c6)
##>+----------------------------------------------------------------------------------------------------------------------------------------------------------------+
##>                     0                  1                  2                  3                  4                  5                  6                  7            
##>+----------------------------------------------------------------------------------------------------------------------------------------------------------------+
##>           Area       8585404010         6544197570         6544197570         6544197570         6544197570         6544197570         6544197570         6617097800  
##>            WNS          +764.10            +764.10            +764.10            +764.10            +764.10            +764.10            +764.10            +765.30  
##>            TNS                0                  0                  0                  0                  0                  0                  0                  0  
##>    Num Rewrite                0                  0                  0                  0                  0                  0                  0                  0  
##>     Num Factor                0                  0                  0                  0                  0                  0                  0                  0  
##>      Num Share                0                  2                  2                  2                  2                  2                  2                  2  
##>   Num CmultCse                0                  0                  0                  0                  0                  0                  0                  0  
##>   Num Downsize                0                  0                  0                  0                  0                  0                  0                  0  
##>  Num Speculate                0                  0                  0                  0                  0                  0                  0                  0  
##>     Runtime(s)                0                  0                  0                  0                  0                  0                  0                  0  
+----------------------------------------------------------------------------------------------------------------------------------------------------------------+
##>
##>
##>+------------------------------------------------------------------------------------------------------------------------------------------------------------+
##>Optimization Step DEBUG Table for config CDN_DP_region_2_0_c6
##>
##>                          Step                        Area   ( % Chg)        WNS (Change)        TNS (Change)          Runtime (s)        Comment                   
##>+------------------------------------------------------------------------------------------------------------------------------------------------------------+
##>createMaxCarrySave              START             8585404010 (      )    107374946.50 (        )             0 (        )              
##> datapath_rewrite_one_def       START             8585404010 ( +0.00)    107374946.50 (   +0.00)             0 (       0)              
##>  fast_cse_elim                 START             8585404010 ( +0.00)    107374946.50 (   +0.00)             0 (       0)              
##>                                  END             8501288360 ( -0.98)    107374946.50 (   +0.00)             0 (       0)           0  
##>  fast_cse_elim                 START             8501288360 ( +0.00)    107374946.50 (   +0.00)             0 (       0)              
##>                                  END             8501288360 ( +0.00)    107374946.50 (   +0.00)             0 (       0)           0  
##>                                  END             8501288360 ( -0.98)    107374946.50 (   +0.00)             0 (       0)           0  
##> dpopt_share_one_def            START             8501288360 ( +0.00)    107374946.50 (   +0.00)             0 (       0)              
##>                                  END             6549805280 (-22.96)    107374946.50 (   +0.00)             0 (       0)           0  
##> csa_opto                       START             6549805280 ( +0.00)    214748364.70 (+107373418.20)             0 (       0)              
##>                                  END             6549805280 ( +0.00)    214748364.70 (   +0.00)             0 (       0)           0  
##>                                  END             6549805280 (-23.71)    214748364.70 (+107373418.20)             0 (       0)           0  
##>canonicalize_by_names           START             6549805280 ( +0.00)    214748364.70 (   +0.00)             0 (       0)              
##>                                  END             6549805280 ( +0.00)    214748364.70 (   +0.00)             0 (       0)           0  
##>datapath_rewrite_post_csa_one_  START             6549805280 ( +0.00)    214748364.70 (   +0.00)             0 (       0)              
##>                                  END             6549805280 ( +0.00)    214748364.70 (   +0.00)             0 (       0)           0  
##>datapath_csa_factoring_one_gde  START             6549805280 ( +0.00)    214748364.70 (   +0.00)             0 (       0)              
##>                                  END             6549805280 ( +0.00)    214748364.70 (   +0.00)             0 (       0)           0  
##>dpopt_share_one_def             START             6549805280 ( +0.00)    214748364.70 (   +0.00)             0 (       0)              
##>                                  END             6549805280 ( +0.00)    214748364.70 (   +0.00)             0 (       0)           0  
##>datapath_rewrite_post_share     START             6549805280 ( +0.00)    214748364.70 (   +0.00)             0 (       0)              
##>                                  END             6549805280 ( +0.00)    214748364.70 (   +0.00)             0 (       0)           0  
##>dp_combine_const_mult_with_com  START             6549805280 ( +0.00)    214748364.70 (   +0.00)             0 (       0)              
##>                                  END             6549805280 ( +0.00)    214748364.70 (   +0.00)             0 (       0)           0  
##>speculate_in_gdef               START             6549805280 ( +0.00)    214748364.70 (   +0.00)             0 (       0)              
##> pre_speculate_mux_merge        START             6549805280 ( +0.00)    214748364.70 (   +0.00)             0 (       0)              
##>                                  END             6549805280 ( +0.00)    214748364.70 (   +0.00)             0 (       0)           0  
##>                                  END             6549805280 ( +0.00)    214748364.70 (   +0.00)             0 (       0)           0  
##>dp_operator_level_decompositio  START             6549805280 ( +0.00)    214748364.70 (   +0.00)             0 (       0)              
##>                                  END             6549805280 ( +0.00)    214748364.70 (   +0.00)             0 (       0)           0  
##>selective_flatten_dp_config     START             6549805280 ( +0.00)    214748364.70 (   +0.00)             0 (       0)              
##>                                  END             6549805280 ( +0.00)    214748364.70 (   +0.00)             0 (       0)           0  
##>createMaxCarrySave              START             6549805280 ( +0.00)    214748364.70 (   +0.00)             0 (       0)              
##> datapath_rewrite_one_def       START             6549805280 ( +0.00)    214748364.70 (   +0.00)             0 (       0)              
##>  fast_cse_elim                 START             6549805280 ( +0.00)    214748364.70 (   +0.00)             0 (       0)              
##>                                  END             6544197570 ( -0.09)    214748364.70 (   +0.00)             0 (       0)           0  
##>  fast_cse_elim                 START             6544197570 ( +0.00)    214748364.70 (   +0.00)             0 (       0)              
##>                                  END             6544197570 ( +0.00)    214748364.70 (   +0.00)             0 (       0)           0  
##>                                  END             6544197570 ( -0.09)    214748364.70 (   +0.00)             0 (       0)           0  
##> dpopt_share_one_def            START             6544197570 ( +0.00)    214748364.70 (   +0.00)             0 (       0)              
##>                                  END             6544197570 ( +0.00)    214748364.70 (   +0.00)             0 (       0)           0  
##> csa_opto                       START             6544197570 ( +0.00)    214748364.70 (   +0.00)             0 (       0)              
##>                                  END             6544197570 ( +0.00)    214748364.70 (   +0.00)             0 (       0)           0  
##>                                  END             6544197570 ( -0.09)    214748364.70 (   +0.00)             0 (       0)           0  
##>context_based_simplify          START             6544197570 ( +0.00)    214748364.70 (   +0.00)             0 (       0)              
##>                                  END             6544197570 ( +0.00)    214748364.70 (   +0.00)             0 (       0)           0  
##>group_csa_final_adder_dp        START             6544197570 ( +0.00)    214748364.70 (   +0.00)             0 (       0)              
##>                                  END             6544197570 ( +0.00)    214748364.70 (   +0.00)             0 (       0)           0  
##>dpopt_flatten_critical_muxes_i  START             6544197570 ( +0.00)    214748364.70 (   +0.00)             0 (       0)              
##>                                  END             6544197570 ( +0.00)    214748364.70 (   +0.00)             0 (       0)           0  
##>speculate_in_gdef               START             6544197570 ( +0.00)    214748364.70 (   +0.00)             0 (       0)              
##> pre_speculate_mux_merge        START             6544197570 ( +0.00)    214748364.70 (   +0.00)             0 (       0)              
##>                                  END             6544197570 ( +0.00)    214748364.70 (   +0.00)             0 (       0)           0  
##>                                  END             6544197570 ( +0.00)    214748364.70 (   +0.00)             0 (       0)           0  
##>create_score                    START             6544197570 ( +0.00)      764.10 (-214747600.60)             0 (       0)              
##>                                  END             6544197570 ( +0.00)      764.10 (   +0.00)             0 (       0)           0  
##>+------------------------------------------------------------------------------------------------------------------------------------------------------------+
Committed config: CDN_DP_region_2_0_c6
Info    : Done implementing datapath configurations. [DPOPT-4]
        : Selected 'very_fast' configuration 6 for module 'CDN_DP_region_2_0'.
          Optimizations applied to 'very_fast' configuration:
            rewriting(0), factoring(0), sharing(2), cmultcse(0), downsizing(0), speculation(0)
Info    : Implementing datapath configurations. [DPOPT-3]
        : Implementing datapath configurations for 'CDN_DP_region_13_0'
CSAGen Prep Share:0 Re-Write:14 Speculation: 0
MaxCSA: Successfully built Maximal CSA Expression Expr10
Info    : Accepted resource sharing opportunity. [RTLOPT-30]
        : Merged the following sets of instances in 'CDN_DP_region_13_0_c7 in WeightTransformRowConst_2':
	  (final_adder_SUB_TC_OP_70_pad, final_adder_ADD_TC_OP_73_pad)
	  (final_adder_SUB_TC_OP_64_pad, final_adder_ADD_TC_OP_67_pad)
	  (final_adder_SUB_TC_OP_6_pad, final_adder_ADD_TC_OP_10_pad)
	  (SUB_TC_OP_2, ADD_TC_OP)
	  (csa_tree_SUB_TC_OP_6_pad, csa_tree_ADD_TC_OP_10_pad)

Info    : Accepted resource sharing opportunity. [RTLOPT-30]
        : Merged the following sets of instances in 'CDN_DP_region_13_0_c7 in WeightTransformRowConst_2':
	  (csa_tree_fac289, csa_tree_fac279)
	  (csa_tree_fac288, csa_tree_fac278)

CDN_DP_region_13_0 level = 1 loads = 0 drivers = 1 is driven by : CDN_DP_region_0_2 
CDN_DP_region_13_0_c0 in WeightTransformRowConst_2: area: 18250292195 ,dp = 31 mux = 4 sg = slow         worst_clk_period: -1.0000 
    wns: 0  norm_wns:  -1.0000 
    fail_endp: -1 
    tns:  0  tns_per_endp:  -1.0000   norm_tns_per_endp:  -1.0000 
    tns_sense_max:  -1.0000  tns_sense_avg:  -1.0000   tns_sense_num: -1
 skipped
CDN_DP_region_13_0_c1 in WeightTransformRowConst_2: area: 21115832005 ,dp = 29 mux = 4 sg = fast         worst_clk_period: -1.0000 
    wns: 0  norm_wns:  -1.0000 
    fail_endp: -1 
    tns:  0  tns_per_endp:  -1.0000   norm_tns_per_endp:  -1.0000 
    tns_sense_max:  -1.0000  tns_sense_avg:  -1.0000   tns_sense_num: -1
 is current best
CDN_DP_region_13_0_c2 in WeightTransformRowConst_2: area: 15973561935 ,dp = 28 mux = 4 sg = very_slow    worst_clk_period: -1.0000 
    wns: 0  norm_wns:  -1.0000 
    fail_endp: -1 
    tns:  0  tns_per_endp:  -1.0000   norm_tns_per_endp:  -1.0000 
    tns_sense_max:  -1.0000  tns_sense_avg:  -1.0000   tns_sense_num: -1
 is current best
CDN_DP_region_13_0_c3 in WeightTransformRowConst_2: area: 21115832005 ,dp = 29 mux = 4 sg = very_fast    worst_clk_period: -1.0000 
    wns: 0  norm_wns:  -1.0000 
    fail_endp: -1 
    tns:  0  tns_per_endp:  -1.0000   norm_tns_per_endp:  -1.0000 
    tns_sense_max:  -1.0000  tns_sense_avg:  -1.0000   tns_sense_num: -1

CDN_DP_region_13_0_c4 in WeightTransformRowConst_2: area: 15973561935 ,dp = 28 mux = 4 sg = very_fast    worst_clk_period: -1.0000 
    wns: 0  norm_wns:  -1.0000 
    fail_endp: -1 
    tns:  0  tns_per_endp:  -1.0000   norm_tns_per_endp:  -1.0000 
    tns_sense_max:  -1.0000  tns_sense_avg:  -1.0000   tns_sense_num: -1
 is current best
CDN_DP_region_13_0_c5 in WeightTransformRowConst_2: area: 15973561935 ,dp = 28 mux = 4 sg = very_fast    worst_clk_period: -1.0000 
    wns: 0  norm_wns:  -1.0000 
    fail_endp: -1 
    tns:  0  tns_per_endp:  -1.0000   norm_tns_per_endp:  -1.0000 
    tns_sense_max:  -1.0000  tns_sense_avg:  -1.0000   tns_sense_num: -1
 is current best
CDN_DP_region_13_0_c6 in WeightTransformRowConst_2: area: 21115832005 ,dp = 29 mux = 4 sg = very_fast    worst_clk_period: -1.0000 
    wns: 0  norm_wns:  -1.0000 
    fail_endp: -1 
    tns:  0  tns_per_endp:  -1.0000   norm_tns_per_endp:  -1.0000 
    tns_sense_max:  -1.0000  tns_sense_avg:  -1.0000   tns_sense_num: -1

CDN_DP_region_13_0_c7 in WeightTransformRowConst_2: area: 46171080285 ,dp = 35 mux = 8 sg = very_fast    worst_clk_period: -1.0000 
    wns: 0  norm_wns:  -1.0000 
    fail_endp: -1 
    tns:  0  tns_per_endp:  -1.0000   norm_tns_per_endp:  -1.0000 
    tns_sense_max:  -1.0000  tns_sense_avg:  -1.0000   tns_sense_num: -1

Best config: CDN_DP_region_13_0_c5 in WeightTransformRowConst_2: area: 15973561935 ,dp = 28 mux = 4 sg = very_fast    worst_clk_period: -1.0000 
    wns: 0  norm_wns:  -1.0000 
    fail_endp: -1 
    tns:  0  tns_per_endp:  -1.0000   norm_tns_per_endp:  -1.0000 
    tns_sense_max:  -1.0000  tns_sense_avg:  -1.0000   tns_sense_num: -1
  Smallest config area : 15973561935.  Fastest config wns;  0
##>+----------------------------------------------------------------------------------------------------------------------------------------------------------------+
##>Summary table of configs (Best config is CDN_DP_region_13_0_c5)
##>+----------------------------------------------------------------------------------------------------------------------------------------------------------------+
##>                     0                  1                  2                  3                  4                  5                  6                  7            
##>+----------------------------------------------------------------------------------------------------------------------------------------------------------------+
##>           Area      18250292195        21115832005        15973561935        21115832005        15973561935        15973561935        21115832005        46171080285  
##>            WNS         +1255.90           +1255.90           +1255.90           +1255.90           +1255.90           +1255.90           +1255.90           +1208.10  
##>            TNS                0                  0                  0                  0                  0                  0                  0                  0  
##>    Num Rewrite                0                  1                  0                  1                  0                  0                  1                 14  
##>     Num Factor                0                  0                  0                  0                  0                  0                  0                  6  
##>      Num Share                0                  0                  0                  0                  0                  0                  0                  7  
##>   Num CmultCse                0                  0                  0                  0                  0                  0                  0                  0  
##>   Num Downsize                0                  0                  0                  0                  0                  0                  0                  0  
##>  Num Speculate                0                  0                  0                  0                  0                  0                  0                  0  
##>     Runtime(s)                0                  4                  2                  4                  2                  2                  8                 20  
+----------------------------------------------------------------------------------------------------------------------------------------------------------------+
##>
##>
##>+------------------------------------------------------------------------------------------------------------------------------------------------------------+
##>Optimization Step DEBUG Table for config CDN_DP_region_13_0_c5
##>
##>                          Step                        Area   ( % Chg)        WNS (Change)        TNS (Change)          Runtime (s)        Comment                   
##>+------------------------------------------------------------------------------------------------------------------------------------------------------------+
##>createMaxCarrySave              START            18250292195 (      )     1255.90 (        )             0 (        )              
##> datapath_rewrite_one_def       START            18250292195 ( +0.00)     1255.90 (   +0.00)             0 (       0)              
##>  fast_cse_elim                 START            18250292195 ( +0.00)     1255.90 (   +0.00)             0 (       0)              
##>                                  END            18227861355 ( -0.12)     1255.90 (   +0.00)             0 (       0)           0  
##>  fast_cse_elim                 START            18227861355 ( +0.00)     1255.90 (   +0.00)             0 (       0)              
##>                                  END            18227861355 ( +0.00)     1255.90 (   +0.00)             0 (       0)           0  
##>                                  END            18227861355 ( -0.12)     1255.90 (   +0.00)             0 (       0)           0  
##> csa_opto                       START            18227861355 ( +0.00)     1255.90 (   +0.00)             0 (       0)              
##>                                  END            17238100540 ( -5.43)     1255.90 (   +0.00)             0 (       0)           0  
##>                                  END            17238100540 ( -5.55)     1255.90 (   +0.00)             0 (       0)           0  
##>canonicalize_by_names           START            17238100540 ( +0.00)     1255.90 (   +0.00)             0 (       0)              
##>                                  END            17238100540 ( +0.00)     1255.90 (   +0.00)             0 (       0)           0  
##>datapath_rewrite_post_csa_one_  START            17238100540 ( +0.00)     1255.90 (   +0.00)             0 (       0)              
##> rewrite                        START            17238100540 ( +0.00)     1255.90 (   +0.00)             0 (       0)              (na,csaa) base_comb_signed_sub_exs_sub_from --> comb_signed_sub_exs_sub_to
##>                                  END            17490447490 ( +1.46)     1255.90 (   +0.00)             0 (       0)           0  
##> rewrite                        START            17238100540 ( -1.44)     1255.90 (   +0.00)             0 (       0)              (na,csaa) base_comb_signed_add_ci_lst_exs_sub_from --> comb_signed_add_ci_lst_exs_sub_to
##>                                  END            18323192425 ( +6.29)     1255.90 (   +0.00)             0 (       0)           0  
##> rewrite                        START            17238100540 ( -5.92)     1255.90 (   +0.00)             0 (       0)              (na,csaa) base_comb_signed_sub_ldp_lst_exs_p_sub_from --> comb_signed_sub_ldp_lst_exs_p_sub_to
##>                                  END            17411939550 ( +1.01)     1255.90 (   +0.00)             0 (       0)           0  
##>                                  END            17238100540 ( +0.00)     1255.90 (   +0.00)             0 (       0)           0  
##>datapath_csa_factoring_one_gde  START            17238100540 ( +0.00)     1255.90 (   +0.00)             0 (       0)              
##>                                  END            17238100540 ( +0.00)     1255.90 (   +0.00)             0 (       0)           0  
##>dpopt_share_one_def             START            17238100540 ( +0.00)     1255.90 (   +0.00)             0 (       0)              
##>                                  END            17238100540 ( +0.00)     1255.90 (   +0.00)             0 (       0)           1  
##>datapath_rewrite_post_share     START            17238100540 ( +0.00)     1255.90 (   +0.00)             0 (       0)              
##>                                  END            17238100540 ( +0.00)     1255.90 (   +0.00)             0 (       0)           0  
##>dp_combine_const_mult_with_com  START            17238100540 ( +0.00)     1255.90 (   +0.00)             0 (       0)              
##>                                  END            17238100540 ( +0.00)     1255.90 (   +0.00)             0 (       0)           0  
##>dp_operator_level_decompositio  START            17238100540 ( +0.00)     1255.90 (   +0.00)             0 (       0)              
##>                                  END            17238100540 ( +0.00)     1255.90 (   +0.00)             0 (       0)           0  
##>selective_flatten_dp_config     START            17238100540 ( +0.00)     1255.90 (   +0.00)             0 (       0)              
##>                                  END            17215669700 ( -0.13)     1255.90 (   +0.00)             0 (       0)           0  
##>createMaxCarrySave              START            17215669700 ( +0.00)     1255.90 (   +0.00)             0 (       0)              
##> datapath_rewrite_one_def       START            17215669700 ( +0.00)     1255.90 (   +0.00)             0 (       0)              
##>  fast_cse_elim                 START            17215669700 ( +0.00)     1255.90 (   +0.00)             0 (       0)              
##>                                  END            17215669700 ( +0.00)     1255.90 (   +0.00)             0 (       0)           0  
##>  fast_cse_elim                 START            17215669700 ( +0.00)     1255.90 (   +0.00)             0 (       0)              
##>                                  END            17215669700 ( +0.00)     1255.90 (   +0.00)             0 (       0)           0  
##>                                  END            17215669700 ( +0.00)     1255.90 (   +0.00)             0 (       0)           0  
##> csa_opto                       START            17215669700 ( +0.00)     1255.90 (   +0.00)             0 (       0)              
##>                                  END            17215669700 ( +0.00)     1255.90 (   +0.00)             0 (       0)           0  
##>                                  END            17215669700 ( +0.00)     1255.90 (   +0.00)             0 (       0)           0  
##>context_based_simplify          START            16472648125 ( -4.32)     1255.90 (   +0.00)             0 (       0)              
##>                                  END            15973561935 ( -3.03)     1255.90 (   +0.00)             0 (       0)           0  
##>group_csa_final_adder_dp        START            15973561935 ( +0.00)     1255.90 (   +0.00)             0 (       0)              
##>                                  END            15973561935 ( +0.00)     1255.90 (   +0.00)             0 (       0)           0  
##>dpopt_flatten_critical_muxes_i  START            15973561935 ( +0.00)     1255.90 (   +0.00)             0 (       0)              
##>                                  END            15973561935 ( +0.00)     1255.90 (   +0.00)             0 (       0)           0  
##>create_score                    START            15973561935 ( +0.00)     1255.90 (   +0.00)             0 (       0)              
##>                                  END            15973561935 ( +0.00)     1255.90 (   +0.00)             0 (       0)           0  
##>+------------------------------------------------------------------------------------------------------------------------------------------------------------+
Committed config: CDN_DP_region_13_0_c5
Info    : Done implementing datapath configurations. [DPOPT-4]
        : Selected 'very_fast' configuration 5 for module 'CDN_DP_region_13_0'.
          Optimizations applied to 'very_fast' configuration:
            rewriting(0), factoring(0), sharing(0), cmultcse(0), downsizing(0), speculation(0)
Info    : Implementing datapath configurations. [DPOPT-3]
        : Implementing datapath configurations for 'CDN_DP_region_10_0'
CSAGen Prep Share:0 Re-Write:14 Speculation: 0
MaxCSA: Successfully built Maximal CSA Expression Expr11
Info    : Accepted resource sharing opportunity. [RTLOPT-30]
        : Merged the following sets of instances in 'CDN_DP_region_10_0_c7 in WeightTransformRowConst':
	  (final_adder_SUB_TC_OP_106_pad_pad, final_adder_ADD_TC_OP_111_pad_pad)
	  (final_adder_SUB_TC_OP_62_pad, final_adder_ADD_TC_OP_65_pad)
	  (final_adder_SUB_TC_OP_17_pad, final_adder_ADD_TC_OP_21_pad)
	  (SUB_TC_OP74, ADD_TC_OP)
	  (csa_tree_SUB_TC_OP_17_pad, csa_tree_ADD_TC_OP_21_pad)

Info    : Accepted resource sharing opportunity. [RTLOPT-30]
        : Merged the following sets of instances in 'CDN_DP_region_10_0_c7 in WeightTransformRowConst':
	  (csa_tree_fac310, csa_tree_fac298)
	  (csa_tree_fac300, csa_tree_fac297)

CDN_DP_region_10_0 level = 0 loads = 0 drivers = 0
CDN_DP_region_10_0_c0 in WeightTransformRowConst: area: 18783024645 ,dp = 32 mux = 4 sg = slow         worst_clk_period: -1.0000 
    wns: 0  norm_wns:  -1.0000 
    fail_endp: -1 
    tns:  0  tns_per_endp:  -1.0000   norm_tns_per_endp:  -1.0000 
    tns_sense_max:  -1.0000  tns_sense_avg:  -1.0000   tns_sense_num: -1
 skipped
CDN_DP_region_10_0_c1 in WeightTransformRowConst: area: 22596267445 ,dp = 31 mux = 4 sg = fast         worst_clk_period: -1.0000 
    wns: 0  norm_wns:  -1.0000 
    fail_endp: -1 
    tns:  0  tns_per_endp:  -1.0000   norm_tns_per_endp:  -1.0000 
    tns_sense_max:  -1.0000  tns_sense_avg:  -1.0000   tns_sense_num: -1
 is current best
CDN_DP_region_10_0_c2 in WeightTransformRowConst: area: 16481059690 ,dp = 28 mux = 4 sg = very_slow    worst_clk_period: -1.0000 
    wns: 0  norm_wns:  -1.0000 
    fail_endp: -1 
    tns:  0  tns_per_endp:  -1.0000   norm_tns_per_endp:  -1.0000 
    tns_sense_max:  -1.0000  tns_sense_avg:  -1.0000   tns_sense_num: -1
 is current best
CDN_DP_region_10_0_c3 in WeightTransformRowConst: area: 22596267445 ,dp = 31 mux = 4 sg = very_fast    worst_clk_period: -1.0000 
    wns: 0  norm_wns:  -1.0000 
    fail_endp: -1 
    tns:  0  tns_per_endp:  -1.0000   norm_tns_per_endp:  -1.0000 
    tns_sense_max:  -1.0000  tns_sense_avg:  -1.0000   tns_sense_num: -1

CDN_DP_region_10_0_c4 in WeightTransformRowConst: area: 16481059690 ,dp = 28 mux = 4 sg = very_fast    worst_clk_period: -1.0000 
    wns: 0  norm_wns:  -1.0000 
    fail_endp: -1 
    tns:  0  tns_per_endp:  -1.0000   norm_tns_per_endp:  -1.0000 
    tns_sense_max:  -1.0000  tns_sense_avg:  -1.0000   tns_sense_num: -1
 is current best
CDN_DP_region_10_0_c5 in WeightTransformRowConst: area: 16481059690 ,dp = 28 mux = 4 sg = very_fast    worst_clk_period: -1.0000 
    wns: 0  norm_wns:  -1.0000 
    fail_endp: -1 
    tns:  0  tns_per_endp:  -1.0000   norm_tns_per_endp:  -1.0000 
    tns_sense_max:  -1.0000  tns_sense_avg:  -1.0000   tns_sense_num: -1
 is current best
CDN_DP_region_10_0_c6 in WeightTransformRowConst: area: 22596267445 ,dp = 31 mux = 4 sg = very_fast    worst_clk_period: -1.0000 
    wns: 0  norm_wns:  -1.0000 
    fail_endp: -1 
    tns:  0  tns_per_endp:  -1.0000   norm_tns_per_endp:  -1.0000 
    tns_sense_max:  -1.0000  tns_sense_avg:  -1.0000   tns_sense_num: -1

CDN_DP_region_10_0_c7 in WeightTransformRowConst: area: 47129998695 ,dp = 35 mux = 8 sg = very_fast    worst_clk_period: -1.0000 
    wns: 0  norm_wns:  -1.0000 
    fail_endp: -1 
    tns:  0  tns_per_endp:  -1.0000   norm_tns_per_endp:  -1.0000 
    tns_sense_max:  -1.0000  tns_sense_avg:  -1.0000   tns_sense_num: -1

Best config: CDN_DP_region_10_0_c5 in WeightTransformRowConst: area: 16481059690 ,dp = 28 mux = 4 sg = very_fast    worst_clk_period: -1.0000 
    wns: 0  norm_wns:  -1.0000 
    fail_endp: -1 
    tns:  0  tns_per_endp:  -1.0000   norm_tns_per_endp:  -1.0000 
    tns_sense_max:  -1.0000  tns_sense_avg:  -1.0000   tns_sense_num: -1
  Smallest config area : 16481059690.  Fastest config wns;  0
##>+----------------------------------------------------------------------------------------------------------------------------------------------------------------+
##>Summary table of configs (Best config is CDN_DP_region_10_0_c5)
##>+----------------------------------------------------------------------------------------------------------------------------------------------------------------+
##>                     0                  1                  2                  3                  4                  5                  6                  7            
##>+----------------------------------------------------------------------------------------------------------------------------------------------------------------+
##>           Area      18783024645        22596267445        16481059690        22596267445        16481059690        16481059690        22596267445        47129998695  
##>            WNS         +1265.40           +1275.00           +1275.00           +1275.00           +1275.00           +1275.00           +1275.00           +1173.40  
##>            TNS                0                  0                  0                  0                  0                  0                  0                  0  
##>    Num Rewrite                0                  3                  0                  3                  0                  0                  3                 14  
##>     Num Factor                0                  0                  0                  0                  0                  0                  0                  6  
##>      Num Share                0                  0                  0                  0                  0                  0                  0                  7  
##>   Num CmultCse                0                  0                  0                  0                  0                  0                  0                  0  
##>   Num Downsize                0                  0                  0                  0                  0                  0                  0                  0  
##>  Num Speculate                0                  0                  0                  0                  0                  0                  0                  0  
##>     Runtime(s)                0                  4                  2                  4                  2                  2                  8                 22  
+----------------------------------------------------------------------------------------------------------------------------------------------------------------+
##>
##>
##>+------------------------------------------------------------------------------------------------------------------------------------------------------------+
##>Optimization Step DEBUG Table for config CDN_DP_region_10_0_c5
##>
##>                          Step                        Area   ( % Chg)        WNS (Change)        TNS (Change)          Runtime (s)        Comment                   
##>+------------------------------------------------------------------------------------------------------------------------------------------------------------+
##>createMaxCarrySave              START            18783024645 (      )     1265.40 (        )             0 (        )              
##> datapath_rewrite_one_def       START            18783024645 ( +0.00)     1265.40 (   +0.00)             0 (       0)              
##>  fast_cse_elim                 START            18783024645 ( +0.00)     1265.40 (   +0.00)             0 (       0)              
##>                                  END            18760593805 ( -0.12)     1265.40 (   +0.00)             0 (       0)           0  
##>  fast_cse_elim                 START            18760593805 ( +0.00)     1265.40 (   +0.00)             0 (       0)              
##>                                  END            18760593805 ( +0.00)     1265.40 (   +0.00)             0 (       0)           0  
##>                                  END            18760593805 ( -0.12)     1265.40 (   +0.00)             0 (       0)           0  
##> csa_opto                       START            18760593805 ( +0.00)     1265.40 (   +0.00)             0 (       0)              
##>                                  END            17894202610 ( -4.62)     1275.00 (   +9.60)             0 (       0)           0  
##>                                  END            17894202610 ( -4.73)     1275.00 (   +9.60)             0 (       0)           0  
##>canonicalize_by_names           START            17894202610 ( +0.00)     1275.00 (   +0.00)             0 (       0)              
##>                                  END            17894202610 ( +0.00)     1275.00 (   +0.00)             0 (       0)           0  
##>datapath_rewrite_post_csa_one_  START            17894202610 ( +0.00)     1275.00 (   +0.00)             0 (       0)              
##> rewrite                        START            17894202610 ( +0.00)     1275.00 (   +0.00)             0 (       0)              (na,csaa) base_comb_signed_add_ci_exs_sub_from --> comb_signed_add_ci_exs_sub_to
##>                                  END            19001725335 ( +6.19)     1275.00 (   +0.00)             0 (       0)           0  
##> rewrite                        START            17894202610 ( -5.83)     1275.00 (   +0.00)             0 (       0)              (na,csaa) base_comb_signed_sub_exs_sub_from --> comb_signed_sub_exs_sub_to
##>                                  END            18146549560 ( +1.41)     1275.00 (   +0.00)             0 (       0)           0  
##> rewrite                        START            17894202610 ( -1.39)     1275.00 (   +0.00)             0 (       0)              (na,csaa) base_comb_signed_add_ci_lst_exs_sub_from --> comb_signed_add_ci_lst_exs_sub_to
##>                                  END            18979294495 ( +6.06)     1275.00 (   +0.00)             0 (       0)           0  
##> rewrite                        START            17894202610 ( -5.72)     1275.00 (   +0.00)             0 (       0)              (na,csaa) base_comb_signed_add_ci_ldp_lst_exs_p_sub_from --> comb_signed_add_ci_ldp_lst_exs_p_sub_to
##>                                  END            18984902205 ( +6.10)     1275.00 (   +0.00)             0 (       0)           0  
##> rewrite                        START            17894202610 ( -5.75)     1275.00 (   +0.00)             0 (       0)              (na,csaa) base_comb_signed_sub_ldp_lst_exs_p_sub_from --> comb_signed_sub_ldp_lst_exs_p_sub_to
##>                                  END            18068041620 ( +0.97)     1275.00 (   +0.00)             0 (       0)           0  
##>                                  END            17894202610 ( +0.00)     1275.00 (   +0.00)             0 (       0)           0  
##>datapath_csa_factoring_one_gde  START            17894202610 ( +0.00)     1275.00 (   +0.00)             0 (       0)              
##>                                  END            17894202610 ( +0.00)     1275.00 (   +0.00)             0 (       0)           0  
##>dpopt_share_one_def             START            17894202610 ( +0.00)     1275.00 (   +0.00)             0 (       0)              
##>                                  END            17894202610 ( +0.00)     1275.00 (   +0.00)             0 (       0)           1  
##>datapath_rewrite_post_share     START            17894202610 ( +0.00)     1275.00 (   +0.00)             0 (       0)              
##>                                  END            17894202610 ( +0.00)     1275.00 (   +0.00)             0 (       0)           0  
##>dp_combine_const_mult_with_com  START            17894202610 ( +0.00)     1275.00 (   +0.00)             0 (       0)              
##>                                  END            17894202610 ( +0.00)     1275.00 (   +0.00)             0 (       0)           0  
##>dp_operator_level_decompositio  START            17894202610 ( +0.00)     1275.00 (   +0.00)             0 (       0)              
##>                                  END            17894202610 ( +0.00)     1275.00 (   +0.00)             0 (       0)           0  
##>selective_flatten_dp_config     START            17894202610 ( +0.00)     1275.00 (   +0.00)             0 (       0)              
##>                                  END            17871771770 ( -0.13)     1275.00 (   +0.00)             0 (       0)           0  
##>createMaxCarrySave              START            17871771770 ( +0.00)     1275.00 (   +0.00)             0 (       0)              
##> datapath_rewrite_one_def       START            17871771770 ( +0.00)     1275.00 (   +0.00)             0 (       0)              
##>  fast_cse_elim                 START            17871771770 ( +0.00)     1275.00 (   +0.00)             0 (       0)              
##>                                  END            17871771770 ( +0.00)     1275.00 (   +0.00)             0 (       0)           0  
##>  fast_cse_elim                 START            17871771770 ( +0.00)     1275.00 (   +0.00)             0 (       0)              
##>                                  END            17871771770 ( +0.00)     1275.00 (   +0.00)             0 (       0)           0  
##>                                  END            17871771770 ( +0.00)     1275.00 (   +0.00)             0 (       0)           0  
##> csa_opto                       START            17871771770 ( +0.00)     1275.00 (   +0.00)             0 (       0)              
##>                                  END            17871771770 ( +0.00)     1275.00 (   +0.00)             0 (       0)           0  
##>                                  END            17871771770 ( +0.00)     1275.00 (   +0.00)             0 (       0)           0  
##>context_based_simplify          START            16980145880 ( -4.99)     1275.00 (   +0.00)             0 (       0)              
##>                                  END            16481059690 ( -2.94)     1275.00 (   +0.00)             0 (       0)           0  
##>group_csa_final_adder_dp        START            16481059690 ( +0.00)     1275.00 (   +0.00)             0 (       0)              
##>                                  END            16565175340 ( +0.51)     1275.00 (   +0.00)             0 (       0)           0  
##>dpopt_flatten_critical_muxes_i  START            16565175340 ( +0.00)     1275.00 (   +0.00)             0 (       0)              
##>                                  END            16565175340 ( +0.00)     1275.00 (   +0.00)             0 (       0)           0  
##>create_score                    START            16481059690 ( -0.51)     1275.00 (   +0.00)             0 (       0)              
##>                                  END            16481059690 ( +0.00)     1275.00 (   +0.00)             0 (       0)           0  
##>+------------------------------------------------------------------------------------------------------------------------------------------------------------+
Committed config: CDN_DP_region_10_0_c5
Info    : Done implementing datapath configurations. [DPOPT-4]
        : Selected 'very_fast' configuration 5 for module 'CDN_DP_region_10_0'.
          Optimizations applied to 'very_fast' configuration:
            rewriting(0), factoring(0), sharing(0), cmultcse(0), downsizing(0), speculation(0)
Info    : Implementing datapath configurations. [DPOPT-3]
        : Implementing datapath configurations for 'CDN_DP_region_0_7'
CSAGen Prep Share:0 Re-Write:0 Speculation: 0
CDN_DP_region_0_7 level = 0 loads = 0 drivers = 0
CDN_DP_region_0_7_c0 in Conv: area: 235523820 ,dp = 0 mux = 1 sg = slow         worst_clk_period: -1.0000 
    wns: 0  norm_wns:  -1.0000 
    fail_endp: -1 
    tns:  0  tns_per_endp:  -1.0000   norm_tns_per_endp:  -1.0000 
    tns_sense_max:  -1.0000  tns_sense_avg:  -1.0000   tns_sense_num: -1
 skipped
CDN_DP_region_0_7_c1 in Conv: area: 235523820 ,dp = 0 mux = 1 sg = fast         worst_clk_period: -1.0000 
    wns: 0  norm_wns:  -1.0000 
    fail_endp: -1 
    tns:  0  tns_per_endp:  -1.0000   norm_tns_per_endp:  -1.0000 
    tns_sense_max:  -1.0000  tns_sense_avg:  -1.0000   tns_sense_num: -1
 is current best
CDN_DP_region_0_7_c2 in Conv: area: 235523820 ,dp = 0 mux = 1 sg = very_slow    worst_clk_period: -1.0000 
    wns: 0  norm_wns:  -1.0000 
    fail_endp: -1 
    tns:  0  tns_per_endp:  -1.0000   norm_tns_per_endp:  -1.0000 
    tns_sense_max:  -1.0000  tns_sense_avg:  -1.0000   tns_sense_num: -1
 is current best
CDN_DP_region_0_7_c3 in Conv: area: 235523820 ,dp = 0 mux = 1 sg = very_fast    worst_clk_period: -1.0000 
    wns: 0  norm_wns:  -1.0000 
    fail_endp: -1 
    tns:  0  tns_per_endp:  -1.0000   norm_tns_per_endp:  -1.0000 
    tns_sense_max:  -1.0000  tns_sense_avg:  -1.0000   tns_sense_num: -1
 is current best
CDN_DP_region_0_7_c4 in Conv: area: 235523820 ,dp = 0 mux = 1 sg = very_fast    worst_clk_period: -1.0000 
    wns: 0  norm_wns:  -1.0000 
    fail_endp: -1 
    tns:  0  tns_per_endp:  -1.0000   norm_tns_per_endp:  -1.0000 
    tns_sense_max:  -1.0000  tns_sense_avg:  -1.0000   tns_sense_num: -1
 is current best
CDN_DP_region_0_7_c5 in Conv: area: 235523820 ,dp = 0 mux = 1 sg = very_fast    worst_clk_period: -1.0000 
    wns: 0  norm_wns:  -1.0000 
    fail_endp: -1 
    tns:  0  tns_per_endp:  -1.0000   norm_tns_per_endp:  -1.0000 
    tns_sense_max:  -1.0000  tns_sense_avg:  -1.0000   tns_sense_num: -1
 is current best
CDN_DP_region_0_7_c6 in Conv: area: 235523820 ,dp = 0 mux = 1 sg = very_fast    worst_clk_period: -1.0000 
    wns: 0  norm_wns:  -1.0000 
    fail_endp: -1 
    tns:  0  tns_per_endp:  -1.0000   norm_tns_per_endp:  -1.0000 
    tns_sense_max:  -1.0000  tns_sense_avg:  -1.0000   tns_sense_num: -1
 is current best
CDN_DP_region_0_7_c7 in Conv: area: 235523820 ,dp = 0 mux = 1 sg = very_fast    worst_clk_period: -1.0000 
    wns: 0  norm_wns:  -1.0000 
    fail_endp: -1 
    tns:  0  tns_per_endp:  -1.0000   norm_tns_per_endp:  -1.0000 
    tns_sense_max:  -1.0000  tns_sense_avg:  -1.0000   tns_sense_num: -1
 is current best
Best config: CDN_DP_region_0_7_c7 in Conv: area: 235523820 ,dp = 0 mux = 1 sg = very_fast    worst_clk_period: -1.0000 
    wns: 0  norm_wns:  -1.0000 
    fail_endp: -1 
    tns:  0  tns_per_endp:  -1.0000   norm_tns_per_endp:  -1.0000 
    tns_sense_max:  -1.0000  tns_sense_avg:  -1.0000   tns_sense_num: -1
  Smallest config area : 235523820.  Fastest config wns;  0
##>+----------------------------------------------------------------------------------------------------------------------------------------------------------------+
##>Summary table of configs (Best config is CDN_DP_region_0_7_c7)
##>+----------------------------------------------------------------------------------------------------------------------------------------------------------------+
##>                     0                  1                  2                  3                  4                  5                  6                  7            
##>+----------------------------------------------------------------------------------------------------------------------------------------------------------------+
##>           Area        235523820          235523820          235523820          235523820          235523820          235523820          235523820          235523820  
##>            WNS          +867.10            +867.10            +867.10            +867.10            +867.10            +867.10            +867.10            +867.10  
##>            TNS                0                  0                  0                  0                  0                  0                  0                  0  
##>    Num Rewrite                0                  0                  0                  0                  0                  0                  0                  0  
##>     Num Factor                0                  0                  0                  0                  0                  0                  0                  0  
##>      Num Share                0                  0                  0                  0                  0                  0                  0                  0  
##>   Num CmultCse                0                  0                  0                  0                  0                  0                  0                  0  
##>   Num Downsize                0                  0                  0                  0                  0                  0                  0                  0  
##>  Num Speculate                0                  0                  0                  0                  0                  0                  0                  0  
##>     Runtime(s)                0                  0                  0                  0                  0                  0                  0                  0  
+----------------------------------------------------------------------------------------------------------------------------------------------------------------+
##>
##>
##>+------------------------------------------------------------------------------------------------------------------------------------------------------------+
##>Optimization Step DEBUG Table for config CDN_DP_region_0_7_c7
##>
##>                          Step                        Area   ( % Chg)        WNS (Change)        TNS (Change)          Runtime (s)        Comment                   
##>+------------------------------------------------------------------------------------------------------------------------------------------------------------+
##>EquationExtraction              START              235523820 (      )      867.10 (        )             0 (        )              
##>                                  END              235523820 ( +0.00)      867.10 (   +0.00)             0 (       0)           0  
##>createMaxCarrySave              START              235523820 ( +0.00)      867.10 (   +0.00)             0 (       0)              
##> datapath_rewrite_one_def       START              235523820 ( +0.00)      867.10 (   +0.00)             0 (       0)              
##>                                  END              235523820 ( +0.00)      867.10 (   +0.00)             0 (       0)           0  
##> csa_opto                       START              235523820 ( +0.00)      867.10 (   +0.00)             0 (       0)              
##>                                  END              235523820 ( +0.00)      867.10 (   +0.00)             0 (       0)           0  
##>                                  END              235523820 ( +0.00)      867.10 (   +0.00)             0 (       0)           0  
##>canonicalize_by_names           START              235523820 ( +0.00)      867.10 (   +0.00)             0 (       0)              
##>                                  END              235523820 ( +0.00)      867.10 (   +0.00)             0 (       0)           0  
##>datapath_rewrite_post_csa_one_  START              235523820 ( +0.00)      867.10 (   +0.00)             0 (       0)              
##>                                  END              235523820 ( +0.00)      867.10 (   +0.00)             0 (       0)           0  
##>datapath_csa_factoring_one_gde  START              235523820 ( +0.00)      867.10 (   +0.00)             0 (       0)              
##>                                  END              235523820 ( +0.00)      867.10 (   +0.00)             0 (       0)           0  
##>dpopt_share_one_def             START              235523820 ( +0.00)      867.10 (   +0.00)             0 (       0)              
##>                                  END              235523820 ( +0.00)      867.10 (   +0.00)             0 (       0)           0  
##>datapath_rewrite_post_share     START              235523820 ( +0.00)      867.10 (   +0.00)             0 (       0)              
##>                                  END              235523820 ( +0.00)      867.10 (   +0.00)             0 (       0)           0  
##>dp_combine_const_mult_with_com  START              235523820 ( +0.00)      867.10 (   +0.00)             0 (       0)              
##>                                  END              235523820 ( +0.00)      867.10 (   +0.00)             0 (       0)           0  
##>dp_operator_level_decompositio  START              235523820 ( +0.00)      867.10 (   +0.00)             0 (       0)              
##>                                  END              235523820 ( +0.00)      867.10 (   +0.00)             0 (       0)           0  
##>selective_flatten_dp_config     START              235523820 ( +0.00)      867.10 (   +0.00)             0 (       0)              
##>                                  END              235523820 ( +0.00)      867.10 (   +0.00)             0 (       0)           0  
##>createMaxCarrySave              START              235523820 ( +0.00)      867.10 (   +0.00)             0 (       0)              
##> datapath_rewrite_one_def       START              235523820 ( +0.00)      867.10 (   +0.00)             0 (       0)              
##>  fast_cse_elim                 START              235523820 ( +0.00)      867.10 (   +0.00)             0 (       0)              
##>                                  END              235523820 ( +0.00)      867.10 (   +0.00)             0 (       0)           0  
##>  fast_cse_elim                 START              235523820 ( +0.00)      867.10 (   +0.00)             0 (       0)              
##>                                  END              235523820 ( +0.00)      867.10 (   +0.00)             0 (       0)           0  
##>                                  END              235523820 ( +0.00)      867.10 (   +0.00)             0 (       0)           0  
##> csa_opto                       START              235523820 ( +0.00)      867.10 (   +0.00)             0 (       0)              
##>                                  END              235523820 ( +0.00)      867.10 (   +0.00)             0 (       0)           0  
##>                                  END              235523820 ( +0.00)      867.10 (   +0.00)             0 (       0)           0  
##>context_based_simplify          START              235523820 ( +0.00)      867.10 (   +0.00)             0 (       0)              
##>                                  END              235523820 ( +0.00)      867.10 (   +0.00)             0 (       0)           0  
##>group_csa_final_adder_dp        START              235523820 ( +0.00)      867.10 (   +0.00)             0 (       0)              
##>                                  END              235523820 ( +0.00)      867.10 (   +0.00)             0 (       0)           0  
##>dpopt_flatten_critical_muxes_i  START              235523820 ( +0.00)      867.10 (   +0.00)             0 (       0)              
##>                                  END              235523820 ( +0.00)      867.10 (   +0.00)             0 (       0)           0  
##>create_score                    START              235523820 ( +0.00)      867.10 (   +0.00)             0 (       0)              
##>                                  END              235523820 ( +0.00)      867.10 (   +0.00)             0 (       0)           0  
##>+------------------------------------------------------------------------------------------------------------------------------------------------------------+
Committed config: CDN_DP_region_0_7_c7
Info    : Done implementing datapath configurations. [DPOPT-4]
        : Selected 'very_fast' configuration 7 for module 'CDN_DP_region_0_7'.
          Optimizations applied to 'very_fast' configuration:
            rewriting(0), factoring(0), sharing(0), cmultcse(0), downsizing(0), speculation(0)
Info    : Implementing datapath configurations. [DPOPT-3]
        : Implementing datapath configurations for 'CDN_DP_region_1_0'
CSAGen Prep Share:0 Re-Write:0 Speculation: 0
MaxCSA: Successfully built Maximal CSA Expression Expr12
CDN_DP_region_1_0 level = 0 loads = 0 drivers = 0
CDN_DP_region_1_0_c0 in InverseRow: area: 4432894755 ,dp = 4 mux = 0 sg = slow         worst_clk_period: -1.0000 
    wns: 0  norm_wns:  -1.0000 
    fail_endp: -1 
    tns:  0  tns_per_endp:  -1.0000   norm_tns_per_endp:  -1.0000 
    tns_sense_max:  -1.0000  tns_sense_avg:  -1.0000   tns_sense_num: -1
 skipped
CDN_DP_region_1_0_c1 in InverseRow: area: 3636599935 ,dp = 2 mux = 0 sg = fast         worst_clk_period: -1.0000 
    wns: 0  norm_wns:  -1.0000 
    fail_endp: -1 
    tns:  0  tns_per_endp:  -1.0000   norm_tns_per_endp:  -1.0000 
    tns_sense_max:  -1.0000  tns_sense_avg:  -1.0000   tns_sense_num: -1
 is current best
CDN_DP_region_1_0_c2 in InverseRow: area: 3636599935 ,dp = 2 mux = 0 sg = very_slow    worst_clk_period: -1.0000 
    wns: 0  norm_wns:  -1.0000 
    fail_endp: -1 
    tns:  0  tns_per_endp:  -1.0000   norm_tns_per_endp:  -1.0000 
    tns_sense_max:  -1.0000  tns_sense_avg:  -1.0000   tns_sense_num: -1
 is current best
CDN_DP_region_1_0_c3 in InverseRow: area: 3636599935 ,dp = 2 mux = 0 sg = very_fast    worst_clk_period: -1.0000 
    wns: 0  norm_wns:  -1.0000 
    fail_endp: -1 
    tns:  0  tns_per_endp:  -1.0000   norm_tns_per_endp:  -1.0000 
    tns_sense_max:  -1.0000  tns_sense_avg:  -1.0000   tns_sense_num: -1
 is current best
CDN_DP_region_1_0_c4 in InverseRow: area: 3636599935 ,dp = 2 mux = 0 sg = very_fast    worst_clk_period: -1.0000 
    wns: 0  norm_wns:  -1.0000 
    fail_endp: -1 
    tns:  0  tns_per_endp:  -1.0000   norm_tns_per_endp:  -1.0000 
    tns_sense_max:  -1.0000  tns_sense_avg:  -1.0000   tns_sense_num: -1
 is current best
CDN_DP_region_1_0_c5 in InverseRow: area: 3636599935 ,dp = 2 mux = 0 sg = very_fast    worst_clk_period: -1.0000 
    wns: 0  norm_wns:  -1.0000 
    fail_endp: -1 
    tns:  0  tns_per_endp:  -1.0000   norm_tns_per_endp:  -1.0000 
    tns_sense_max:  -1.0000  tns_sense_avg:  -1.0000   tns_sense_num: -1
 is current best
CDN_DP_region_1_0_c6 in InverseRow: area: 3636599935 ,dp = 2 mux = 0 sg = very_fast    worst_clk_period: -1.0000 
    wns: 0  norm_wns:  -1.0000 
    fail_endp: -1 
    tns:  0  tns_per_endp:  -1.0000   norm_tns_per_endp:  -1.0000 
    tns_sense_max:  -1.0000  tns_sense_avg:  -1.0000   tns_sense_num: -1
 is current best
CDN_DP_region_1_0_c7 in InverseRow: area: 3614169095 ,dp = 2 mux = 0 sg = very_fast    worst_clk_period: -1.0000 
    wns: 0  norm_wns:  -1.0000 
    fail_endp: -1 
    tns:  0  tns_per_endp:  -1.0000   norm_tns_per_endp:  -1.0000 
    tns_sense_max:  -1.0000  tns_sense_avg:  -1.0000   tns_sense_num: -1
 is current best
Best config: CDN_DP_region_1_0_c7 in InverseRow: area: 3614169095 ,dp = 2 mux = 0 sg = very_fast    worst_clk_period: -1.0000 
    wns: 0  norm_wns:  -1.0000 
    fail_endp: -1 
    tns:  0  tns_per_endp:  -1.0000   norm_tns_per_endp:  -1.0000 
    tns_sense_max:  -1.0000  tns_sense_avg:  -1.0000   tns_sense_num: -1
  Smallest config area : 3614169095.  Fastest config wns;  0
##>+----------------------------------------------------------------------------------------------------------------------------------------------------------------+
##>Summary table of configs (Best config is CDN_DP_region_1_0_c7)
##>+----------------------------------------------------------------------------------------------------------------------------------------------------------------+
##>                     0                  1                  2                  3                  4                  5                  6                  7            
##>+----------------------------------------------------------------------------------------------------------------------------------------------------------------+
##>           Area       4432894755         3636599935         3636599935         3636599935         3636599935         3636599935         3636599935         3614169095  
##>            WNS         +1176.50           +1219.90           +1219.90           +1219.90           +1219.90           +1219.90           +1219.90           +1219.90  
##>            TNS                0                  0                  0                  0                  0                  0                  0                  0  
##>    Num Rewrite                0                  2                  2                  2                  2                  2                  2                  0  
##>     Num Factor                0                  0                  0                  0                  0                  0                  0                  0  
##>      Num Share                0                  0                  0                  0                  0                  0                  0                  0  
##>   Num CmultCse                0                  0                  0                  0                  0                  0                  0                  0  
##>   Num Downsize                0                  0                  0                  0                  0                  0                  0                  0  
##>  Num Speculate                0                  0                  0                  0                  0                  0                  0                  0  
##>     Runtime(s)                0                  0                  0                  0                  0                  0                  0                  0  
+----------------------------------------------------------------------------------------------------------------------------------------------------------------+
##>
##>
##>+------------------------------------------------------------------------------------------------------------------------------------------------------------+
##>Optimization Step DEBUG Table for config CDN_DP_region_1_0_c7
##>
##>                          Step                        Area   ( % Chg)        WNS (Change)        TNS (Change)          Runtime (s)        Comment                   
##>+------------------------------------------------------------------------------------------------------------------------------------------------------------+
##>EquationExtraction              START             4432894755 (      )     1176.50 (        )             0 (        )              
##> rewrite                        START             8529326910 (+92.41)     1148.90 (  -27.60)             0 (       0)              (a,ar) Expr12_from --> Expr12_to
##>                                  END             8882612640 ( +4.14)     1172.30 (  +23.40)             0 (       0)           0  
##>                                  END             4449717885 ( +0.38)     1176.50 (   +0.00)             0 (       0)           0  
##>createMaxCarrySave              START             4449717885 ( +0.00)     1176.50 (   +0.00)             0 (       0)              
##> datapath_rewrite_one_def       START             4449717885 ( +0.00)     1176.50 (   +0.00)             0 (       0)              
##>                                  END             4449717885 ( +0.00)     1176.50 (   +0.00)             0 (       0)           0  
##> csa_opto                       START             4449717885 ( +0.00)     1176.50 (   +0.00)             0 (       0)              
##>                                  END             3614169095 (-18.78)     1222.70 (  +46.20)             0 (       0)           0  
##>                                  END             3614169095 (-18.78)     1222.70 (  +46.20)             0 (       0)           0  
##>canonicalize_by_names           START             3614169095 ( +0.00)     1222.70 (   +0.00)             0 (       0)              
##>                                  END             3614169095 ( +0.00)     1222.70 (   +0.00)             0 (       0)           0  
##>datapath_rewrite_post_csa_one_  START             3614169095 ( +0.00)     1222.70 (   +0.00)             0 (       0)              
##>                                  END             3614169095 ( +0.00)     1222.70 (   +0.00)             0 (       0)           0  
##>datapath_csa_factoring_one_gde  START             3614169095 ( +0.00)     1222.70 (   +0.00)             0 (       0)              
##>                                  END             3614169095 ( +0.00)     1222.70 (   +0.00)             0 (       0)           0  
##>dpopt_share_one_def             START             3614169095 ( +0.00)     1222.70 (   +0.00)             0 (       0)              
##>                                  END             3614169095 ( +0.00)     1222.70 (   +0.00)             0 (       0)           0  
##>datapath_rewrite_post_share     START             3614169095 ( +0.00)     1222.70 (   +0.00)             0 (       0)              
##>                                  END             3614169095 ( +0.00)     1222.70 (   +0.00)             0 (       0)           0  
##>dp_combine_const_mult_with_com  START             3614169095 ( +0.00)     1222.70 (   +0.00)             0 (       0)              
##>                                  END             3614169095 ( +0.00)     1222.70 (   +0.00)             0 (       0)           0  
##>dp_operator_level_decompositio  START             3614169095 ( +0.00)     1222.70 (   +0.00)             0 (       0)              
##>                                  END             3614169095 ( +0.00)     1222.70 (   +0.00)             0 (       0)           0  
##>selective_flatten_dp_config     START             3614169095 ( +0.00)     1222.70 (   +0.00)             0 (       0)              
##>                                  END             3614169095 ( +0.00)     1222.70 (   +0.00)             0 (       0)           0  
##>createMaxCarrySave              START             3614169095 ( +0.00)     1222.70 (   +0.00)             0 (       0)              
##> datapath_rewrite_one_def       START             3614169095 ( +0.00)     1222.70 (   +0.00)             0 (       0)              
##>  fast_cse_elim                 START             3614169095 ( +0.00)     1222.70 (   +0.00)             0 (       0)              
##>                                  END             3614169095 ( +0.00)     1222.70 (   +0.00)             0 (       0)           0  
##>  fast_cse_elim                 START             3614169095 ( +0.00)     1222.70 (   +0.00)             0 (       0)              
##>                                  END             3614169095 ( +0.00)     1222.70 (   +0.00)             0 (       0)           0  
##>                                  END             3614169095 ( +0.00)     1222.70 (   +0.00)             0 (       0)           0  
##> csa_opto                       START             3614169095 ( +0.00)     1222.70 (   +0.00)             0 (       0)              
##>                                  END             3614169095 ( +0.00)     1222.70 (   +0.00)             0 (       0)           0  
##>                                  END             3614169095 ( +0.00)     1222.70 (   +0.00)             0 (       0)           0  
##>context_based_simplify          START             3614169095 ( +0.00)     1222.70 (   +0.00)             0 (       0)              
##>                                  END             3614169095 ( +0.00)     1222.70 (   +0.00)             0 (       0)           0  
##>group_csa_final_adder_dp        START             3614169095 ( +0.00)     1222.70 (   +0.00)             0 (       0)              
##>                                  END             3614169095 ( +0.00)     1219.90 (   -2.80)             0 (       0)           0  
##>dpopt_flatten_critical_muxes_i  START             3614169095 ( +0.00)     1219.90 (   +0.00)             0 (       0)              
##>                                  END             3614169095 ( +0.00)     1219.90 (   +0.00)             0 (       0)           0  
##>create_score                    START             3614169095 ( +0.00)     1219.90 (   +0.00)             0 (       0)              
##>                                  END             3614169095 ( +0.00)     1219.90 (   +0.00)             0 (       0)           0  
##>+------------------------------------------------------------------------------------------------------------------------------------------------------------+
Committed config: CDN_DP_region_1_0_c7
Info    : Done implementing datapath configurations. [DPOPT-4]
        : Selected 'very_fast' configuration 7 for module 'CDN_DP_region_1_0'.
          Optimizations applied to 'very_fast' configuration:
            rewriting(0), factoring(0), sharing(0), cmultcse(0), downsizing(0), speculation(0)
Info    : Implementing datapath configurations. [DPOPT-3]
        : Implementing datapath configurations for 'CDN_DP_region_4_3'
CSAGen Prep Share:0 Re-Write:0 Speculation: 0
CDN_DP_region_4_3 level = 0 loads = 0 drivers = 0
MaxCSA: Successfully built Maximal CSA Expression Expr13
CDN_DP_region_4_3_c0 in MatrixC1: area: 4550656665 ,dp = 4 mux = 0 sg = slow         worst_clk_period: -1.0000 
    wns: 0  norm_wns:  -1.0000 
    fail_endp: -1 
    tns:  0  tns_per_endp:  -1.0000   norm_tns_per_endp:  -1.0000 
    tns_sense_max:  -1.0000  tns_sense_avg:  -1.0000   tns_sense_num: -1
 skipped
CDN_DP_region_4_3_c1 in MatrixC1: area: 4550656665 ,dp = 4 mux = 0 sg = fast         worst_clk_period: -1.0000 
    wns: 0  norm_wns:  -1.0000 
    fail_endp: -1 
    tns:  0  tns_per_endp:  -1.0000   norm_tns_per_endp:  -1.0000 
    tns_sense_max:  -1.0000  tns_sense_avg:  -1.0000   tns_sense_num: -1
 is current best
CDN_DP_region_4_3_c2 in MatrixC1: area: 4550656665 ,dp = 4 mux = 0 sg = very_slow    worst_clk_period: -1.0000 
    wns: 0  norm_wns:  -1.0000 
    fail_endp: -1 
    tns:  0  tns_per_endp:  -1.0000   norm_tns_per_endp:  -1.0000 
    tns_sense_max:  -1.0000  tns_sense_avg:  -1.0000   tns_sense_num: -1
 is current best
CDN_DP_region_4_3_c3 in MatrixC1: area: 4550656665 ,dp = 4 mux = 0 sg = very_fast    worst_clk_period: -1.0000 
    wns: 0  norm_wns:  -1.0000 
    fail_endp: -1 
    tns:  0  tns_per_endp:  -1.0000   norm_tns_per_endp:  -1.0000 
    tns_sense_max:  -1.0000  tns_sense_avg:  -1.0000   tns_sense_num: -1
 is current best
CDN_DP_region_4_3_c4 in MatrixC1: area: 4550656665 ,dp = 4 mux = 0 sg = very_fast    worst_clk_period: -1.0000 
    wns: 0  norm_wns:  -1.0000 
    fail_endp: -1 
    tns:  0  tns_per_endp:  -1.0000   norm_tns_per_endp:  -1.0000 
    tns_sense_max:  -1.0000  tns_sense_avg:  -1.0000   tns_sense_num: -1
 is current best
CDN_DP_region_4_3_c5 in MatrixC1: area: 4550656665 ,dp = 4 mux = 0 sg = very_fast    worst_clk_period: -1.0000 
    wns: 0  norm_wns:  -1.0000 
    fail_endp: -1 
    tns:  0  tns_per_endp:  -1.0000   norm_tns_per_endp:  -1.0000 
    tns_sense_max:  -1.0000  tns_sense_avg:  -1.0000   tns_sense_num: -1
 is current best
CDN_DP_region_4_3_c6 in MatrixC1: area: 4550656665 ,dp = 4 mux = 0 sg = very_fast    worst_clk_period: -1.0000 
    wns: 0  norm_wns:  -1.0000 
    fail_endp: -1 
    tns:  0  tns_per_endp:  -1.0000   norm_tns_per_endp:  -1.0000 
    tns_sense_max:  -1.0000  tns_sense_avg:  -1.0000   tns_sense_num: -1
 is current best
CDN_DP_region_4_3_c7 in MatrixC1: area: 4556264375 ,dp = 4 mux = 0 sg = very_fast    worst_clk_period: -1.0000 
    wns: 0  norm_wns:  -1.0000 
    fail_endp: -1 
    tns:  0  tns_per_endp:  -1.0000   norm_tns_per_endp:  -1.0000 
    tns_sense_max:  -1.0000  tns_sense_avg:  -1.0000   tns_sense_num: -1

Best config: CDN_DP_region_4_3_c6 in MatrixC1: area: 4550656665 ,dp = 4 mux = 0 sg = very_fast    worst_clk_period: -1.0000 
    wns: 0  norm_wns:  -1.0000 
    fail_endp: -1 
    tns:  0  tns_per_endp:  -1.0000   norm_tns_per_endp:  -1.0000 
    tns_sense_max:  -1.0000  tns_sense_avg:  -1.0000   tns_sense_num: -1
  Smallest config area : 4550656665.  Fastest config wns;  0
##>+----------------------------------------------------------------------------------------------------------------------------------------------------------------+
##>Summary table of configs (Best config is CDN_DP_region_4_3_c6)
##>+----------------------------------------------------------------------------------------------------------------------------------------------------------------+
##>                     0                  1                  2                  3                  4                  5                  6                  7            
##>+----------------------------------------------------------------------------------------------------------------------------------------------------------------+
##>           Area       4550656665         4550656665         4550656665         4550656665         4550656665         4550656665         4550656665         4556264375  
##>            WNS         +1604.70           +1604.70           +1604.70           +1604.70           +1604.70           +1604.70           +1604.70           +1604.70  
##>            TNS                0                  0                  0                  0                  0                  0                  0                  0  
##>    Num Rewrite                0                  0                  0                  0                  0                  0                  0                  0  
##>     Num Factor                0                  0                  0                  0                  0                  0                  0                  0  
##>      Num Share                0                  0                  0                  0                  0                  0                  0                  0  
##>   Num CmultCse                0                  0                  0                  0                  0                  0                  0                  0  
##>   Num Downsize                0                  0                  0                  0                  0                  0                  0                  0  
##>  Num Speculate                0                  0                  0                  0                  0                  0                  0                  0  
##>     Runtime(s)                0                  0                  0                  0                  0                  0                  0                  0  
+----------------------------------------------------------------------------------------------------------------------------------------------------------------+
##>
##>
##>+------------------------------------------------------------------------------------------------------------------------------------------------------------+
##>Optimization Step DEBUG Table for config CDN_DP_region_4_3_c6
##>
##>                          Step                        Area   ( % Chg)        WNS (Change)        TNS (Change)          Runtime (s)        Comment                   
##>+------------------------------------------------------------------------------------------------------------------------------------------------------------+
##>createMaxCarrySave              START             4550656665 (      )    107375787.10 (        )             0 (        )              
##> datapath_rewrite_one_def       START             4550656665 ( +0.00)    107375787.10 (   +0.00)             0 (       0)              
##>  fast_cse_elim                 START             4550656665 ( +0.00)    107375787.10 (   +0.00)             0 (       0)              
##>                                  END             4550656665 ( +0.00)    107375787.10 (   +0.00)             0 (       0)           0  
##>  fast_cse_elim                 START             4550656665 ( +0.00)    107375787.10 (   +0.00)             0 (       0)              
##>                                  END             4550656665 ( +0.00)    107375787.10 (   +0.00)             0 (       0)           0  
##>                                  END             4550656665 ( +0.00)    107375787.10 (   +0.00)             0 (       0)           0  
##> dpopt_share_one_def            START             4550656665 ( +0.00)    107375787.10 (   +0.00)             0 (       0)              
##>                                  END             4550656665 ( +0.00)    107375787.10 (   +0.00)             0 (       0)           0  
##> csa_opto                       START             4550656665 ( +0.00)    214748364.70 (+107372577.60)             0 (       0)              
##>                                  END             4550656665 ( +0.00)    214748364.70 (   +0.00)             0 (       0)           0  
##>                                  END             4550656665 ( +0.00)    214748364.70 (+107372577.60)             0 (       0)           0  
##>canonicalize_by_names           START             4550656665 ( +0.00)    214748364.70 (   +0.00)             0 (       0)              
##>                                  END             4550656665 ( +0.00)    214748364.70 (   +0.00)             0 (       0)           0  
##>datapath_rewrite_post_csa_one_  START             4550656665 ( +0.00)    214748364.70 (   +0.00)             0 (       0)              
##>                                  END             4550656665 ( +0.00)    214748364.70 (   +0.00)             0 (       0)           0  
##>datapath_csa_factoring_one_gde  START             4550656665 ( +0.00)    214748364.70 (   +0.00)             0 (       0)              
##>                                  END             4550656665 ( +0.00)    214748364.70 (   +0.00)             0 (       0)           0  
##>dpopt_share_one_def             START             4550656665 ( +0.00)    214748364.70 (   +0.00)             0 (       0)              
##>                                  END             4550656665 ( +0.00)    214748364.70 (   +0.00)             0 (       0)           0  
##>datapath_rewrite_post_share     START             4550656665 ( +0.00)    214748364.70 (   +0.00)             0 (       0)              
##>                                  END             4550656665 ( +0.00)    214748364.70 (   +0.00)             0 (       0)           0  
##>dp_combine_const_mult_with_com  START             4550656665 ( +0.00)    214748364.70 (   +0.00)             0 (       0)              
##>                                  END             4550656665 ( +0.00)    214748364.70 (   +0.00)             0 (       0)           0  
##>dp_operator_level_decompositio  START             4550656665 ( +0.00)    214748364.70 (   +0.00)             0 (       0)              
##>                                  END             4550656665 ( +0.00)    214748364.70 (   +0.00)             0 (       0)           0  
##>selective_flatten_dp_config     START             4550656665 ( +0.00)    214748364.70 (   +0.00)             0 (       0)              
##>                                  END             4550656665 ( +0.00)    214748364.70 (   +0.00)             0 (       0)           0  
##>createMaxCarrySave              START             4550656665 ( +0.00)    214748364.70 (   +0.00)             0 (       0)              
##> datapath_rewrite_one_def       START             4550656665 ( +0.00)    214748364.70 (   +0.00)             0 (       0)              
##>  fast_cse_elim                 START             4550656665 ( +0.00)    214748364.70 (   +0.00)             0 (       0)              
##>                                  END             4550656665 ( +0.00)    214748364.70 (   +0.00)             0 (       0)           0  
##>  fast_cse_elim                 START             4550656665 ( +0.00)    214748364.70 (   +0.00)             0 (       0)              
##>                                  END             4550656665 ( +0.00)    214748364.70 (   +0.00)             0 (       0)           0  
##>                                  END             4550656665 ( +0.00)    214748364.70 (   +0.00)             0 (       0)           0  
##> dpopt_share_one_def            START             4550656665 ( +0.00)    214748364.70 (   +0.00)             0 (       0)              
##>                                  END             4550656665 ( +0.00)    214748364.70 (   +0.00)             0 (       0)           0  
##> csa_opto                       START             4550656665 ( +0.00)    214748364.70 (   +0.00)             0 (       0)              
##>                                  END             4550656665 ( +0.00)    214748364.70 (   +0.00)             0 (       0)           0  
##>                                  END             4550656665 ( +0.00)    214748364.70 (   +0.00)             0 (       0)           0  
##>context_based_simplify          START             4550656665 ( +0.00)    214748364.70 (   +0.00)             0 (       0)              
##>                                  END             4550656665 ( +0.00)    214748364.70 (   +0.00)             0 (       0)           0  
##>group_csa_final_adder_dp        START             4550656665 ( +0.00)    214748364.70 (   +0.00)             0 (       0)              
##>                                  END             4550656665 ( +0.00)    214748364.70 (   +0.00)             0 (       0)           0  
##>dpopt_flatten_critical_muxes_i  START             4550656665 ( +0.00)    214748364.70 (   +0.00)             0 (       0)              
##>                                  END             4550656665 ( +0.00)    214748364.70 (   +0.00)             0 (       0)           0  
##>create_score                    START             4550656665 ( +0.00)     1604.70 (-214746760.00)             0 (       0)              
##>                                  END             4550656665 ( +0.00)     1604.70 (   +0.00)             0 (       0)           0  
##>+------------------------------------------------------------------------------------------------------------------------------------------------------------+
Committed config: CDN_DP_region_4_3_c6
Info    : Done implementing datapath configurations. [DPOPT-4]
        : Selected 'very_fast' configuration 6 for module 'CDN_DP_region_4_3'.
          Optimizations applied to 'very_fast' configuration:
            rewriting(0), factoring(0), sharing(0), cmultcse(0), downsizing(0), speculation(0)
Info    : Implementing datapath configurations. [DPOPT-3]
        : Implementing datapath configurations for 'CDN_DP_region_4_2'
CSAGen Prep Share:0 Re-Write:0 Speculation: 0
CDN_DP_region_4_2 level = 0 loads = 0 drivers = 0
MaxCSA: Successfully built Maximal CSA Expression Expr14
CDN_DP_region_4_2_c0 in MatrixC1: area: 4550656665 ,dp = 4 mux = 0 sg = slow         worst_clk_period: -1.0000 
    wns: 0  norm_wns:  -1.0000 
    fail_endp: -1 
    tns:  0  tns_per_endp:  -1.0000   norm_tns_per_endp:  -1.0000 
    tns_sense_max:  -1.0000  tns_sense_avg:  -1.0000   tns_sense_num: -1
 skipped
CDN_DP_region_4_2_c1 in MatrixC1: area: 4550656665 ,dp = 4 mux = 0 sg = fast         worst_clk_period: -1.0000 
    wns: 0  norm_wns:  -1.0000 
    fail_endp: -1 
    tns:  0  tns_per_endp:  -1.0000   norm_tns_per_endp:  -1.0000 
    tns_sense_max:  -1.0000  tns_sense_avg:  -1.0000   tns_sense_num: -1
 is current best
CDN_DP_region_4_2_c2 in MatrixC1: area: 4550656665 ,dp = 4 mux = 0 sg = very_slow    worst_clk_period: -1.0000 
    wns: 0  norm_wns:  -1.0000 
    fail_endp: -1 
    tns:  0  tns_per_endp:  -1.0000   norm_tns_per_endp:  -1.0000 
    tns_sense_max:  -1.0000  tns_sense_avg:  -1.0000   tns_sense_num: -1
 is current best
CDN_DP_region_4_2_c3 in MatrixC1: area: 4550656665 ,dp = 4 mux = 0 sg = very_fast    worst_clk_period: -1.0000 
    wns: 0  norm_wns:  -1.0000 
    fail_endp: -1 
    tns:  0  tns_per_endp:  -1.0000   norm_tns_per_endp:  -1.0000 
    tns_sense_max:  -1.0000  tns_sense_avg:  -1.0000   tns_sense_num: -1
 is current best
CDN_DP_region_4_2_c4 in MatrixC1: area: 4550656665 ,dp = 4 mux = 0 sg = very_fast    worst_clk_period: -1.0000 
    wns: 0  norm_wns:  -1.0000 
    fail_endp: -1 
    tns:  0  tns_per_endp:  -1.0000   norm_tns_per_endp:  -1.0000 
    tns_sense_max:  -1.0000  tns_sense_avg:  -1.0000   tns_sense_num: -1
 is current best
CDN_DP_region_4_2_c5 in MatrixC1: area: 4550656665 ,dp = 4 mux = 0 sg = very_fast    worst_clk_period: -1.0000 
    wns: 0  norm_wns:  -1.0000 
    fail_endp: -1 
    tns:  0  tns_per_endp:  -1.0000   norm_tns_per_endp:  -1.0000 
    tns_sense_max:  -1.0000  tns_sense_avg:  -1.0000   tns_sense_num: -1
 is current best
CDN_DP_region_4_2_c6 in MatrixC1: area: 4550656665 ,dp = 4 mux = 0 sg = very_fast    worst_clk_period: -1.0000 
    wns: 0  norm_wns:  -1.0000 
    fail_endp: -1 
    tns:  0  tns_per_endp:  -1.0000   norm_tns_per_endp:  -1.0000 
    tns_sense_max:  -1.0000  tns_sense_avg:  -1.0000   tns_sense_num: -1
 is current best
CDN_DP_region_4_2_c7 in MatrixC1: area: 4556264375 ,dp = 4 mux = 0 sg = very_fast    worst_clk_period: -1.0000 
    wns: 0  norm_wns:  -1.0000 
    fail_endp: -1 
    tns:  0  tns_per_endp:  -1.0000   norm_tns_per_endp:  -1.0000 
    tns_sense_max:  -1.0000  tns_sense_avg:  -1.0000   tns_sense_num: -1

Best config: CDN_DP_region_4_2_c6 in MatrixC1: area: 4550656665 ,dp = 4 mux = 0 sg = very_fast    worst_clk_period: -1.0000 
    wns: 0  norm_wns:  -1.0000 
    fail_endp: -1 
    tns:  0  tns_per_endp:  -1.0000   norm_tns_per_endp:  -1.0000 
    tns_sense_max:  -1.0000  tns_sense_avg:  -1.0000   tns_sense_num: -1
  Smallest config area : 4550656665.  Fastest config wns;  0
##>+----------------------------------------------------------------------------------------------------------------------------------------------------------------+
##>Summary table of configs (Best config is CDN_DP_region_4_2_c6)
##>+----------------------------------------------------------------------------------------------------------------------------------------------------------------+
##>                     0                  1                  2                  3                  4                  5                  6                  7            
##>+----------------------------------------------------------------------------------------------------------------------------------------------------------------+
##>           Area       4550656665         4550656665         4550656665         4550656665         4550656665         4550656665         4550656665         4556264375  
##>            WNS         +1607.60           +1607.60           +1607.60           +1607.60           +1607.60           +1607.60           +1607.60           +1607.60  
##>            TNS                0                  0                  0                  0                  0                  0                  0                  0  
##>    Num Rewrite                0                  0                  0                  0                  0                  0                  0                  0  
##>     Num Factor                0                  0                  0                  0                  0                  0                  0                  0  
##>      Num Share                0                  0                  0                  0                  0                  0                  0                  0  
##>   Num CmultCse                0                  0                  0                  0                  0                  0                  0                  0  
##>   Num Downsize                0                  0                  0                  0                  0                  0                  0                  0  
##>  Num Speculate                0                  0                  0                  0                  0                  0                  0                  0  
##>     Runtime(s)                0                  0                  0                  0                  0                  0                  0                  0  
+----------------------------------------------------------------------------------------------------------------------------------------------------------------+
##>
##>
##>+------------------------------------------------------------------------------------------------------------------------------------------------------------+
##>Optimization Step DEBUG Table for config CDN_DP_region_4_2_c6
##>
##>                          Step                        Area   ( % Chg)        WNS (Change)        TNS (Change)          Runtime (s)        Comment                   
##>+------------------------------------------------------------------------------------------------------------------------------------------------------------+
##>createMaxCarrySave              START             4550656665 (      )    107375790.00 (        )             0 (        )              
##> datapath_rewrite_one_def       START             4550656665 ( +0.00)    107375790.00 (   +0.00)             0 (       0)              
##>  fast_cse_elim                 START             4550656665 ( +0.00)    107375790.00 (   +0.00)             0 (       0)              
##>                                  END             4550656665 ( +0.00)    107375790.00 (   +0.00)             0 (       0)           0  
##>  fast_cse_elim                 START             4550656665 ( +0.00)    107375790.00 (   +0.00)             0 (       0)              
##>                                  END             4550656665 ( +0.00)    107375790.00 (   +0.00)             0 (       0)           0  
##>                                  END             4550656665 ( +0.00)    107375790.00 (   +0.00)             0 (       0)           0  
##> dpopt_share_one_def            START             4550656665 ( +0.00)    107375790.00 (   +0.00)             0 (       0)              
##>                                  END             4550656665 ( +0.00)    107375790.00 (   +0.00)             0 (       0)           0  
##> csa_opto                       START             4550656665 ( +0.00)    214748364.70 (+107372574.70)             0 (       0)              
##>                                  END             4550656665 ( +0.00)    214748364.70 (   +0.00)             0 (       0)           0  
##>                                  END             4550656665 ( +0.00)    214748364.70 (+107372574.70)             0 (       0)           0  
##>canonicalize_by_names           START             4550656665 ( +0.00)    214748364.70 (   +0.00)             0 (       0)              
##>                                  END             4550656665 ( +0.00)    214748364.70 (   +0.00)             0 (       0)           0  
##>datapath_rewrite_post_csa_one_  START             4550656665 ( +0.00)    214748364.70 (   +0.00)             0 (       0)              
##>                                  END             4550656665 ( +0.00)    214748364.70 (   +0.00)             0 (       0)           0  
##>datapath_csa_factoring_one_gde  START             4550656665 ( +0.00)    214748364.70 (   +0.00)             0 (       0)              
##>                                  END             4550656665 ( +0.00)    214748364.70 (   +0.00)             0 (       0)           0  
##>dpopt_share_one_def             START             4550656665 ( +0.00)    214748364.70 (   +0.00)             0 (       0)              
##>                                  END             4550656665 ( +0.00)    214748364.70 (   +0.00)             0 (       0)           0  
##>datapath_rewrite_post_share     START             4550656665 ( +0.00)    214748364.70 (   +0.00)             0 (       0)              
##>                                  END             4550656665 ( +0.00)    214748364.70 (   +0.00)             0 (       0)           0  
##>dp_combine_const_mult_with_com  START             4550656665 ( +0.00)    214748364.70 (   +0.00)             0 (       0)              
##>                                  END             4550656665 ( +0.00)    214748364.70 (   +0.00)             0 (       0)           0  
##>dp_operator_level_decompositio  START             4550656665 ( +0.00)    214748364.70 (   +0.00)             0 (       0)              
##>                                  END             4550656665 ( +0.00)    214748364.70 (   +0.00)             0 (       0)           0  
##>selective_flatten_dp_config     START             4550656665 ( +0.00)    214748364.70 (   +0.00)             0 (       0)              
##>                                  END             4550656665 ( +0.00)    214748364.70 (   +0.00)             0 (       0)           0  
##>createMaxCarrySave              START             4550656665 ( +0.00)    214748364.70 (   +0.00)             0 (       0)              
##> datapath_rewrite_one_def       START             4550656665 ( +0.00)    214748364.70 (   +0.00)             0 (       0)              
##>  fast_cse_elim                 START             4550656665 ( +0.00)    214748364.70 (   +0.00)             0 (       0)              
##>                                  END             4550656665 ( +0.00)    214748364.70 (   +0.00)             0 (       0)           0  
##>  fast_cse_elim                 START             4550656665 ( +0.00)    214748364.70 (   +0.00)             0 (       0)              
##>                                  END             4550656665 ( +0.00)    214748364.70 (   +0.00)             0 (       0)           0  
##>                                  END             4550656665 ( +0.00)    214748364.70 (   +0.00)             0 (       0)           0  
##> dpopt_share_one_def            START             4550656665 ( +0.00)    214748364.70 (   +0.00)             0 (       0)              
##>                                  END             4550656665 ( +0.00)    214748364.70 (   +0.00)             0 (       0)           0  
##> csa_opto                       START             4550656665 ( +0.00)    214748364.70 (   +0.00)             0 (       0)              
##>                                  END             4550656665 ( +0.00)    214748364.70 (   +0.00)             0 (       0)           0  
##>                                  END             4550656665 ( +0.00)    214748364.70 (   +0.00)             0 (       0)           0  
##>context_based_simplify          START             4550656665 ( +0.00)    214748364.70 (   +0.00)             0 (       0)              
##>                                  END             4550656665 ( +0.00)    214748364.70 (   +0.00)             0 (       0)           0  
##>group_csa_final_adder_dp        START             4550656665 ( +0.00)    214748364.70 (   +0.00)             0 (       0)              
##>                                  END             4550656665 ( +0.00)    214748364.70 (   +0.00)             0 (       0)           0  
##>dpopt_flatten_critical_muxes_i  START             4550656665 ( +0.00)    214748364.70 (   +0.00)             0 (       0)              
##>                                  END             4550656665 ( +0.00)    214748364.70 (   +0.00)             0 (       0)           0  
##>create_score                    START             4550656665 ( +0.00)     1607.60 (-214746757.10)             0 (       0)              
##>                                  END             4550656665 ( +0.00)     1607.60 (   +0.00)             0 (       0)           0  
##>+------------------------------------------------------------------------------------------------------------------------------------------------------------+
Committed config: CDN_DP_region_4_2_c6
Info    : Done implementing datapath configurations. [DPOPT-4]
        : Selected 'very_fast' configuration 6 for module 'CDN_DP_region_4_2'.
          Optimizations applied to 'very_fast' configuration:
            rewriting(0), factoring(0), sharing(0), cmultcse(0), downsizing(0), speculation(0)
Info    : Implementing datapath configurations. [DPOPT-3]
        : Implementing datapath configurations for 'CDN_DP_region_4_1'
CSAGen Prep Share:0 Re-Write:0 Speculation: 0
CDN_DP_region_4_1 level = 0 loads = 0 drivers = 0
MaxCSA: Successfully built Maximal CSA Expression Expr15
CDN_DP_region_4_1_c0 in MatrixC1: area: 4550656665 ,dp = 4 mux = 0 sg = slow         worst_clk_period: -1.0000 
    wns: 0  norm_wns:  -1.0000 
    fail_endp: -1 
    tns:  0  tns_per_endp:  -1.0000   norm_tns_per_endp:  -1.0000 
    tns_sense_max:  -1.0000  tns_sense_avg:  -1.0000   tns_sense_num: -1
 skipped
CDN_DP_region_4_1_c1 in MatrixC1: area: 4550656665 ,dp = 4 mux = 0 sg = fast         worst_clk_period: -1.0000 
    wns: 0  norm_wns:  -1.0000 
    fail_endp: -1 
    tns:  0  tns_per_endp:  -1.0000   norm_tns_per_endp:  -1.0000 
    tns_sense_max:  -1.0000  tns_sense_avg:  -1.0000   tns_sense_num: -1
 is current best
CDN_DP_region_4_1_c2 in MatrixC1: area: 4550656665 ,dp = 4 mux = 0 sg = very_slow    worst_clk_period: -1.0000 
    wns: 0  norm_wns:  -1.0000 
    fail_endp: -1 
    tns:  0  tns_per_endp:  -1.0000   norm_tns_per_endp:  -1.0000 
    tns_sense_max:  -1.0000  tns_sense_avg:  -1.0000   tns_sense_num: -1
 is current best
CDN_DP_region_4_1_c3 in MatrixC1: area: 4550656665 ,dp = 4 mux = 0 sg = very_fast    worst_clk_period: -1.0000 
    wns: 0  norm_wns:  -1.0000 
    fail_endp: -1 
    tns:  0  tns_per_endp:  -1.0000   norm_tns_per_endp:  -1.0000 
    tns_sense_max:  -1.0000  tns_sense_avg:  -1.0000   tns_sense_num: -1
 is current best
CDN_DP_region_4_1_c4 in MatrixC1: area: 4550656665 ,dp = 4 mux = 0 sg = very_fast    worst_clk_period: -1.0000 
    wns: 0  norm_wns:  -1.0000 
    fail_endp: -1 
    tns:  0  tns_per_endp:  -1.0000   norm_tns_per_endp:  -1.0000 
    tns_sense_max:  -1.0000  tns_sense_avg:  -1.0000   tns_sense_num: -1
 is current best
CDN_DP_region_4_1_c5 in MatrixC1: area: 4550656665 ,dp = 4 mux = 0 sg = very_fast    worst_clk_period: -1.0000 
    wns: 0  norm_wns:  -1.0000 
    fail_endp: -1 
    tns:  0  tns_per_endp:  -1.0000   norm_tns_per_endp:  -1.0000 
    tns_sense_max:  -1.0000  tns_sense_avg:  -1.0000   tns_sense_num: -1
 is current best
CDN_DP_region_4_1_c6 in MatrixC1: area: 4550656665 ,dp = 4 mux = 0 sg = very_fast    worst_clk_period: -1.0000 
    wns: 0  norm_wns:  -1.0000 
    fail_endp: -1 
    tns:  0  tns_per_endp:  -1.0000   norm_tns_per_endp:  -1.0000 
    tns_sense_max:  -1.0000  tns_sense_avg:  -1.0000   tns_sense_num: -1
 is current best
CDN_DP_region_4_1_c7 in MatrixC1: area: 4556264375 ,dp = 4 mux = 0 sg = very_fast    worst_clk_period: -1.0000 
    wns: 0  norm_wns:  -1.0000 
    fail_endp: -1 
    tns:  0  tns_per_endp:  -1.0000   norm_tns_per_endp:  -1.0000 
    tns_sense_max:  -1.0000  tns_sense_avg:  -1.0000   tns_sense_num: -1

Best config: CDN_DP_region_4_1_c6 in MatrixC1: area: 4550656665 ,dp = 4 mux = 0 sg = very_fast    worst_clk_period: -1.0000 
    wns: 0  norm_wns:  -1.0000 
    fail_endp: -1 
    tns:  0  tns_per_endp:  -1.0000   norm_tns_per_endp:  -1.0000 
    tns_sense_max:  -1.0000  tns_sense_avg:  -1.0000   tns_sense_num: -1
  Smallest config area : 4550656665.  Fastest config wns;  0
##>+----------------------------------------------------------------------------------------------------------------------------------------------------------------+
##>Summary table of configs (Best config is CDN_DP_region_4_1_c6)
##>+----------------------------------------------------------------------------------------------------------------------------------------------------------------+
##>                     0                  1                  2                  3                  4                  5                  6                  7            
##>+----------------------------------------------------------------------------------------------------------------------------------------------------------------+
##>           Area       4550656665         4550656665         4550656665         4550656665         4550656665         4550656665         4550656665         4556264375  
##>            WNS         +1602.20           +1602.20           +1602.20           +1602.20           +1602.20           +1602.20           +1602.20           +1602.20  
##>            TNS                0                  0                  0                  0                  0                  0                  0                  0  
##>    Num Rewrite                0                  0                  0                  0                  0                  0                  0                  0  
##>     Num Factor                0                  0                  0                  0                  0                  0                  0                  0  
##>      Num Share                0                  0                  0                  0                  0                  0                  0                  0  
##>   Num CmultCse                0                  0                  0                  0                  0                  0                  0                  0  
##>   Num Downsize                0                  0                  0                  0                  0                  0                  0                  0  
##>  Num Speculate                0                  0                  0                  0                  0                  0                  0                  0  
##>     Runtime(s)                0                  0                  0                  0                  0                  0                  0                  0  
+----------------------------------------------------------------------------------------------------------------------------------------------------------------+
##>
##>
##>+------------------------------------------------------------------------------------------------------------------------------------------------------------+
##>Optimization Step DEBUG Table for config CDN_DP_region_4_1_c6
##>
##>                          Step                        Area   ( % Chg)        WNS (Change)        TNS (Change)          Runtime (s)        Comment                   
##>+------------------------------------------------------------------------------------------------------------------------------------------------------------+
##>createMaxCarrySave              START             4550656665 (      )    107375784.60 (        )             0 (        )              
##> datapath_rewrite_one_def       START             4550656665 ( +0.00)    107375784.60 (   +0.00)             0 (       0)              
##>  fast_cse_elim                 START             4550656665 ( +0.00)    107375784.60 (   +0.00)             0 (       0)              
##>                                  END             4550656665 ( +0.00)    107375784.60 (   +0.00)             0 (       0)           0  
##>  fast_cse_elim                 START             4550656665 ( +0.00)    107375784.60 (   +0.00)             0 (       0)              
##>                                  END             4550656665 ( +0.00)    107375784.60 (   +0.00)             0 (       0)           0  
##>                                  END             4550656665 ( +0.00)    107375784.60 (   +0.00)             0 (       0)           0  
##> dpopt_share_one_def            START             4550656665 ( +0.00)    107375784.60 (   +0.00)             0 (       0)              
##>                                  END             4550656665 ( +0.00)    107375784.60 (   +0.00)             0 (       0)           0  
##> csa_opto                       START             4550656665 ( +0.00)    214748364.70 (+107372580.10)             0 (       0)              
##>                                  END             4550656665 ( +0.00)    214748364.70 (   +0.00)             0 (       0)           0  
##>                                  END             4550656665 ( +0.00)    214748364.70 (+107372580.10)             0 (       0)           0  
##>canonicalize_by_names           START             4550656665 ( +0.00)    214748364.70 (   +0.00)             0 (       0)              
##>                                  END             4550656665 ( +0.00)    214748364.70 (   +0.00)             0 (       0)           0  
##>datapath_rewrite_post_csa_one_  START             4550656665 ( +0.00)    214748364.70 (   +0.00)             0 (       0)              
##>                                  END             4550656665 ( +0.00)    214748364.70 (   +0.00)             0 (       0)           0  
##>datapath_csa_factoring_one_gde  START             4550656665 ( +0.00)    214748364.70 (   +0.00)             0 (       0)              
##>                                  END             4550656665 ( +0.00)    214748364.70 (   +0.00)             0 (       0)           0  
##>dpopt_share_one_def             START             4550656665 ( +0.00)    214748364.70 (   +0.00)             0 (       0)              
##>                                  END             4550656665 ( +0.00)    214748364.70 (   +0.00)             0 (       0)           0  
##>datapath_rewrite_post_share     START             4550656665 ( +0.00)    214748364.70 (   +0.00)             0 (       0)              
##>                                  END             4550656665 ( +0.00)    214748364.70 (   +0.00)             0 (       0)           0  
##>dp_combine_const_mult_with_com  START             4550656665 ( +0.00)    214748364.70 (   +0.00)             0 (       0)              
##>                                  END             4550656665 ( +0.00)    214748364.70 (   +0.00)             0 (       0)           0  
##>dp_operator_level_decompositio  START             4550656665 ( +0.00)    214748364.70 (   +0.00)             0 (       0)              
##>                                  END             4550656665 ( +0.00)    214748364.70 (   +0.00)             0 (       0)           0  
##>selective_flatten_dp_config     START             4550656665 ( +0.00)    214748364.70 (   +0.00)             0 (       0)              
##>                                  END             4550656665 ( +0.00)    214748364.70 (   +0.00)             0 (       0)           0  
##>createMaxCarrySave              START             4550656665 ( +0.00)    214748364.70 (   +0.00)             0 (       0)              
##> datapath_rewrite_one_def       START             4550656665 ( +0.00)    214748364.70 (   +0.00)             0 (       0)              
##>  fast_cse_elim                 START             4550656665 ( +0.00)    214748364.70 (   +0.00)             0 (       0)              
##>                                  END             4550656665 ( +0.00)    214748364.70 (   +0.00)             0 (       0)           0  
##>  fast_cse_elim                 START             4550656665 ( +0.00)    214748364.70 (   +0.00)             0 (       0)              
##>                                  END             4550656665 ( +0.00)    214748364.70 (   +0.00)             0 (       0)           0  
##>                                  END             4550656665 ( +0.00)    214748364.70 (   +0.00)             0 (       0)           0  
##> dpopt_share_one_def            START             4550656665 ( +0.00)    214748364.70 (   +0.00)             0 (       0)              
##>                                  END             4550656665 ( +0.00)    214748364.70 (   +0.00)             0 (       0)           0  
##> csa_opto                       START             4550656665 ( +0.00)    214748364.70 (   +0.00)             0 (       0)              
##>                                  END             4550656665 ( +0.00)    214748364.70 (   +0.00)             0 (       0)           0  
##>                                  END             4550656665 ( +0.00)    214748364.70 (   +0.00)             0 (       0)           0  
##>context_based_simplify          START             4550656665 ( +0.00)    214748364.70 (   +0.00)             0 (       0)              
##>                                  END             4550656665 ( +0.00)    214748364.70 (   +0.00)             0 (       0)           0  
##>group_csa_final_adder_dp        START             4550656665 ( +0.00)    214748364.70 (   +0.00)             0 (       0)              
##>                                  END             4550656665 ( +0.00)    214748364.70 (   +0.00)             0 (       0)           0  
##>dpopt_flatten_critical_muxes_i  START             4550656665 ( +0.00)    214748364.70 (   +0.00)             0 (       0)              
##>                                  END             4550656665 ( +0.00)    214748364.70 (   +0.00)             0 (       0)           0  
##>create_score                    START             4550656665 ( +0.00)     1602.20 (-214746762.50)             0 (       0)              
##>                                  END             4550656665 ( +0.00)     1602.20 (   +0.00)             0 (       0)           0  
##>+------------------------------------------------------------------------------------------------------------------------------------------------------------+
Committed config: CDN_DP_region_4_1_c6
Info    : Done implementing datapath configurations. [DPOPT-4]
        : Selected 'very_fast' configuration 6 for module 'CDN_DP_region_4_1'.
          Optimizations applied to 'very_fast' configuration:
            rewriting(0), factoring(0), sharing(0), cmultcse(0), downsizing(0), speculation(0)
Info    : Implementing datapath configurations. [DPOPT-3]
        : Implementing datapath configurations for 'CDN_DP_region_4_0'
CSAGen Prep Share:0 Re-Write:0 Speculation: 0
CDN_DP_region_4_0 level = 0 loads = 0 drivers = 0
MaxCSA: Successfully built Maximal CSA Expression Expr16
CDN_DP_region_4_0_c0 in MatrixC1: area: 4550656665 ,dp = 4 mux = 0 sg = slow         worst_clk_period: -1.0000 
    wns: 0  norm_wns:  -1.0000 
    fail_endp: -1 
    tns:  0  tns_per_endp:  -1.0000   norm_tns_per_endp:  -1.0000 
    tns_sense_max:  -1.0000  tns_sense_avg:  -1.0000   tns_sense_num: -1
 skipped
CDN_DP_region_4_0_c1 in MatrixC1: area: 4550656665 ,dp = 4 mux = 0 sg = fast         worst_clk_period: -1.0000 
    wns: 0  norm_wns:  -1.0000 
    fail_endp: -1 
    tns:  0  tns_per_endp:  -1.0000   norm_tns_per_endp:  -1.0000 
    tns_sense_max:  -1.0000  tns_sense_avg:  -1.0000   tns_sense_num: -1
 is current best
CDN_DP_region_4_0_c2 in MatrixC1: area: 4550656665 ,dp = 4 mux = 0 sg = very_slow    worst_clk_period: -1.0000 
    wns: 0  norm_wns:  -1.0000 
    fail_endp: -1 
    tns:  0  tns_per_endp:  -1.0000   norm_tns_per_endp:  -1.0000 
    tns_sense_max:  -1.0000  tns_sense_avg:  -1.0000   tns_sense_num: -1
 is current best
CDN_DP_region_4_0_c3 in MatrixC1: area: 4550656665 ,dp = 4 mux = 0 sg = very_fast    worst_clk_period: -1.0000 
    wns: 0  norm_wns:  -1.0000 
    fail_endp: -1 
    tns:  0  tns_per_endp:  -1.0000   norm_tns_per_endp:  -1.0000 
    tns_sense_max:  -1.0000  tns_sense_avg:  -1.0000   tns_sense_num: -1
 is current best
CDN_DP_region_4_0_c4 in MatrixC1: area: 4550656665 ,dp = 4 mux = 0 sg = very_fast    worst_clk_period: -1.0000 
    wns: 0  norm_wns:  -1.0000 
    fail_endp: -1 
    tns:  0  tns_per_endp:  -1.0000   norm_tns_per_endp:  -1.0000 
    tns_sense_max:  -1.0000  tns_sense_avg:  -1.0000   tns_sense_num: -1
 is current best
CDN_DP_region_4_0_c5 in MatrixC1: area: 4550656665 ,dp = 4 mux = 0 sg = very_fast    worst_clk_period: -1.0000 
    wns: 0  norm_wns:  -1.0000 
    fail_endp: -1 
    tns:  0  tns_per_endp:  -1.0000   norm_tns_per_endp:  -1.0000 
    tns_sense_max:  -1.0000  tns_sense_avg:  -1.0000   tns_sense_num: -1
 is current best
CDN_DP_region_4_0_c6 in MatrixC1: area: 4550656665 ,dp = 4 mux = 0 sg = very_fast    worst_clk_period: -1.0000 
    wns: 0  norm_wns:  -1.0000 
    fail_endp: -1 
    tns:  0  tns_per_endp:  -1.0000   norm_tns_per_endp:  -1.0000 
    tns_sense_max:  -1.0000  tns_sense_avg:  -1.0000   tns_sense_num: -1
 is current best
CDN_DP_region_4_0_c7 in MatrixC1: area: 4556264375 ,dp = 4 mux = 0 sg = very_fast    worst_clk_period: -1.0000 
    wns: 0  norm_wns:  -1.0000 
    fail_endp: -1 
    tns:  0  tns_per_endp:  -1.0000   norm_tns_per_endp:  -1.0000 
    tns_sense_max:  -1.0000  tns_sense_avg:  -1.0000   tns_sense_num: -1

Best config: CDN_DP_region_4_0_c6 in MatrixC1: area: 4550656665 ,dp = 4 mux = 0 sg = very_fast    worst_clk_period: -1.0000 
    wns: 0  norm_wns:  -1.0000 
    fail_endp: -1 
    tns:  0  tns_per_endp:  -1.0000   norm_tns_per_endp:  -1.0000 
    tns_sense_max:  -1.0000  tns_sense_avg:  -1.0000   tns_sense_num: -1
  Smallest config area : 4550656665.  Fastest config wns;  0
##>+----------------------------------------------------------------------------------------------------------------------------------------------------------------+
##>Summary table of configs (Best config is CDN_DP_region_4_0_c6)
##>+----------------------------------------------------------------------------------------------------------------------------------------------------------------+
##>                     0                  1                  2                  3                  4                  5                  6                  7            
##>+----------------------------------------------------------------------------------------------------------------------------------------------------------------+
##>           Area       4550656665         4550656665         4550656665         4550656665         4550656665         4550656665         4550656665         4556264375  
##>            WNS         +1602.20           +1602.20           +1602.20           +1602.20           +1602.20           +1602.20           +1602.20           +1602.20  
##>            TNS                0                  0                  0                  0                  0                  0                  0                  0  
##>    Num Rewrite                0                  0                  0                  0                  0                  0                  0                  0  
##>     Num Factor                0                  0                  0                  0                  0                  0                  0                  0  
##>      Num Share                0                  0                  0                  0                  0                  0                  0                  0  
##>   Num CmultCse                0                  0                  0                  0                  0                  0                  0                  0  
##>   Num Downsize                0                  0                  0                  0                  0                  0                  0                  0  
##>  Num Speculate                0                  0                  0                  0                  0                  0                  0                  0  
##>     Runtime(s)                0                  0                  0                  0                  0                  0                  0                  0  
+----------------------------------------------------------------------------------------------------------------------------------------------------------------+
##>
##>
##>+------------------------------------------------------------------------------------------------------------------------------------------------------------+
##>Optimization Step DEBUG Table for config CDN_DP_region_4_0_c6
##>
##>                          Step                        Area   ( % Chg)        WNS (Change)        TNS (Change)          Runtime (s)        Comment                   
##>+------------------------------------------------------------------------------------------------------------------------------------------------------------+
##>createMaxCarrySave              START             4550656665 (      )    107375784.60 (        )             0 (        )              
##> datapath_rewrite_one_def       START             4550656665 ( +0.00)    107375784.60 (   +0.00)             0 (       0)              
##>  fast_cse_elim                 START             4550656665 ( +0.00)    107375784.60 (   +0.00)             0 (       0)              
##>                                  END             4550656665 ( +0.00)    107375784.60 (   +0.00)             0 (       0)           0  
##>  fast_cse_elim                 START             4550656665 ( +0.00)    107375784.60 (   +0.00)             0 (       0)              
##>                                  END             4550656665 ( +0.00)    107375784.60 (   +0.00)             0 (       0)           0  
##>                                  END             4550656665 ( +0.00)    107375784.60 (   +0.00)             0 (       0)           0  
##> dpopt_share_one_def            START             4550656665 ( +0.00)    107375784.60 (   +0.00)             0 (       0)              
##>                                  END             4550656665 ( +0.00)    107375784.60 (   +0.00)             0 (       0)           0  
##> csa_opto                       START             4550656665 ( +0.00)    214748364.70 (+107372580.10)             0 (       0)              
##>                                  END             4550656665 ( +0.00)    214748364.70 (   +0.00)             0 (       0)           0  
##>                                  END             4550656665 ( +0.00)    214748364.70 (+107372580.10)             0 (       0)           0  
##>canonicalize_by_names           START             4550656665 ( +0.00)    214748364.70 (   +0.00)             0 (       0)              
##>                                  END             4550656665 ( +0.00)    214748364.70 (   +0.00)             0 (       0)           0  
##>datapath_rewrite_post_csa_one_  START             4550656665 ( +0.00)    214748364.70 (   +0.00)             0 (       0)              
##>                                  END             4550656665 ( +0.00)    214748364.70 (   +0.00)             0 (       0)           0  
##>datapath_csa_factoring_one_gde  START             4550656665 ( +0.00)    214748364.70 (   +0.00)             0 (       0)              
##>                                  END             4550656665 ( +0.00)    214748364.70 (   +0.00)             0 (       0)           0  
##>dpopt_share_one_def             START             4550656665 ( +0.00)    214748364.70 (   +0.00)             0 (       0)              
##>                                  END             4550656665 ( +0.00)    214748364.70 (   +0.00)             0 (       0)           0  
##>datapath_rewrite_post_share     START             4550656665 ( +0.00)    214748364.70 (   +0.00)             0 (       0)              
##>                                  END             4550656665 ( +0.00)    214748364.70 (   +0.00)             0 (       0)           0  
##>dp_combine_const_mult_with_com  START             4550656665 ( +0.00)    214748364.70 (   +0.00)             0 (       0)              
##>                                  END             4550656665 ( +0.00)    214748364.70 (   +0.00)             0 (       0)           0  
##>dp_operator_level_decompositio  START             4550656665 ( +0.00)    214748364.70 (   +0.00)             0 (       0)              
##>                                  END             4550656665 ( +0.00)    214748364.70 (   +0.00)             0 (       0)           0  
##>selective_flatten_dp_config     START             4550656665 ( +0.00)    214748364.70 (   +0.00)             0 (       0)              
##>                                  END             4550656665 ( +0.00)    214748364.70 (   +0.00)             0 (       0)           0  
##>createMaxCarrySave              START             4550656665 ( +0.00)    214748364.70 (   +0.00)             0 (       0)              
##> datapath_rewrite_one_def       START             4550656665 ( +0.00)    214748364.70 (   +0.00)             0 (       0)              
##>  fast_cse_elim                 START             4550656665 ( +0.00)    214748364.70 (   +0.00)             0 (       0)              
##>                                  END             4550656665 ( +0.00)    214748364.70 (   +0.00)             0 (       0)           0  
##>  fast_cse_elim                 START             4550656665 ( +0.00)    214748364.70 (   +0.00)             0 (       0)              
##>                                  END             4550656665 ( +0.00)    214748364.70 (   +0.00)             0 (       0)           0  
##>                                  END             4550656665 ( +0.00)    214748364.70 (   +0.00)             0 (       0)           0  
##> dpopt_share_one_def            START             4550656665 ( +0.00)    214748364.70 (   +0.00)             0 (       0)              
##>                                  END             4550656665 ( +0.00)    214748364.70 (   +0.00)             0 (       0)           0  
##> csa_opto                       START             4550656665 ( +0.00)    214748364.70 (   +0.00)             0 (       0)              
##>                                  END             4550656665 ( +0.00)    214748364.70 (   +0.00)             0 (       0)           0  
##>                                  END             4550656665 ( +0.00)    214748364.70 (   +0.00)             0 (       0)           0  
##>context_based_simplify          START             4550656665 ( +0.00)    214748364.70 (   +0.00)             0 (       0)              
##>                                  END             4550656665 ( +0.00)    214748364.70 (   +0.00)             0 (       0)           0  
##>group_csa_final_adder_dp        START             4550656665 ( +0.00)    214748364.70 (   +0.00)             0 (       0)              
##>                                  END             4550656665 ( +0.00)    214748364.70 (   +0.00)             0 (       0)           0  
##>dpopt_flatten_critical_muxes_i  START             4550656665 ( +0.00)    214748364.70 (   +0.00)             0 (       0)              
##>                                  END             4550656665 ( +0.00)    214748364.70 (   +0.00)             0 (       0)           0  
##>create_score                    START             4550656665 ( +0.00)     1602.20 (-214746762.50)             0 (       0)              
##>                                  END             4550656665 ( +0.00)     1602.20 (   +0.00)             0 (       0)           0  
##>+------------------------------------------------------------------------------------------------------------------------------------------------------------+
Committed config: CDN_DP_region_4_0_c6
Info    : Done implementing datapath configurations. [DPOPT-4]
        : Selected 'very_fast' configuration 6 for module 'CDN_DP_region_4_0'.
          Optimizations applied to 'very_fast' configuration:
            rewriting(0), factoring(0), sharing(0), cmultcse(0), downsizing(0), speculation(0)
Info    : Implementing datapath configurations. [DPOPT-3]
        : Implementing datapath configurations for 'CDN_DP_region_3_3'
CSAGen Prep Share:0 Re-Write:0 Speculation: 0
CDN_DP_region_3_3 level = 0 loads = 0 drivers = 0
MaxCSA: Successfully built Maximal CSA Expression Expr17
CDN_DP_region_3_3_c0 in MatrixC0: area: 4550656665 ,dp = 4 mux = 0 sg = slow         worst_clk_period: -1.0000 
    wns: 0  norm_wns:  -1.0000 
    fail_endp: -1 
    tns:  0  tns_per_endp:  -1.0000   norm_tns_per_endp:  -1.0000 
    tns_sense_max:  -1.0000  tns_sense_avg:  -1.0000   tns_sense_num: -1
 skipped
CDN_DP_region_3_3_c1 in MatrixC0: area: 4550656665 ,dp = 4 mux = 0 sg = fast         worst_clk_period: -1.0000 
    wns: 0  norm_wns:  -1.0000 
    fail_endp: -1 
    tns:  0  tns_per_endp:  -1.0000   norm_tns_per_endp:  -1.0000 
    tns_sense_max:  -1.0000  tns_sense_avg:  -1.0000   tns_sense_num: -1
 is current best
CDN_DP_region_3_3_c2 in MatrixC0: area: 4550656665 ,dp = 4 mux = 0 sg = very_slow    worst_clk_period: -1.0000 
    wns: 0  norm_wns:  -1.0000 
    fail_endp: -1 
    tns:  0  tns_per_endp:  -1.0000   norm_tns_per_endp:  -1.0000 
    tns_sense_max:  -1.0000  tns_sense_avg:  -1.0000   tns_sense_num: -1
 is current best
CDN_DP_region_3_3_c3 in MatrixC0: area: 4550656665 ,dp = 4 mux = 0 sg = very_fast    worst_clk_period: -1.0000 
    wns: 0  norm_wns:  -1.0000 
    fail_endp: -1 
    tns:  0  tns_per_endp:  -1.0000   norm_tns_per_endp:  -1.0000 
    tns_sense_max:  -1.0000  tns_sense_avg:  -1.0000   tns_sense_num: -1
 is current best
CDN_DP_region_3_3_c4 in MatrixC0: area: 4550656665 ,dp = 4 mux = 0 sg = very_fast    worst_clk_period: -1.0000 
    wns: 0  norm_wns:  -1.0000 
    fail_endp: -1 
    tns:  0  tns_per_endp:  -1.0000   norm_tns_per_endp:  -1.0000 
    tns_sense_max:  -1.0000  tns_sense_avg:  -1.0000   tns_sense_num: -1
 is current best
CDN_DP_region_3_3_c5 in MatrixC0: area: 4550656665 ,dp = 4 mux = 0 sg = very_fast    worst_clk_period: -1.0000 
    wns: 0  norm_wns:  -1.0000 
    fail_endp: -1 
    tns:  0  tns_per_endp:  -1.0000   norm_tns_per_endp:  -1.0000 
    tns_sense_max:  -1.0000  tns_sense_avg:  -1.0000   tns_sense_num: -1
 is current best
CDN_DP_region_3_3_c6 in MatrixC0: area: 4550656665 ,dp = 4 mux = 0 sg = very_fast    worst_clk_period: -1.0000 
    wns: 0  norm_wns:  -1.0000 
    fail_endp: -1 
    tns:  0  tns_per_endp:  -1.0000   norm_tns_per_endp:  -1.0000 
    tns_sense_max:  -1.0000  tns_sense_avg:  -1.0000   tns_sense_num: -1
 is current best
CDN_DP_region_3_3_c7 in MatrixC0: area: 4556264375 ,dp = 4 mux = 0 sg = very_fast    worst_clk_period: -1.0000 
    wns: 0  norm_wns:  -1.0000 
    fail_endp: -1 
    tns:  0  tns_per_endp:  -1.0000   norm_tns_per_endp:  -1.0000 
    tns_sense_max:  -1.0000  tns_sense_avg:  -1.0000   tns_sense_num: -1

Best config: CDN_DP_region_3_3_c6 in MatrixC0: area: 4550656665 ,dp = 4 mux = 0 sg = very_fast    worst_clk_period: -1.0000 
    wns: 0  norm_wns:  -1.0000 
    fail_endp: -1 
    tns:  0  tns_per_endp:  -1.0000   norm_tns_per_endp:  -1.0000 
    tns_sense_max:  -1.0000  tns_sense_avg:  -1.0000   tns_sense_num: -1
  Smallest config area : 4550656665.  Fastest config wns;  0
##>+----------------------------------------------------------------------------------------------------------------------------------------------------------------+
##>Summary table of configs (Best config is CDN_DP_region_3_3_c6)
##>+----------------------------------------------------------------------------------------------------------------------------------------------------------------+
##>                     0                  1                  2                  3                  4                  5                  6                  7            
##>+----------------------------------------------------------------------------------------------------------------------------------------------------------------+
##>           Area       4550656665         4550656665         4550656665         4550656665         4550656665         4550656665         4550656665         4556264375  
##>            WNS         +1628.00           +1628.00           +1628.00           +1628.00           +1628.00           +1628.00           +1628.00           +1628.00  
##>            TNS                0                  0                  0                  0                  0                  0                  0                  0  
##>    Num Rewrite                0                  0                  0                  0                  0                  0                  0                  0  
##>     Num Factor                0                  0                  0                  0                  0                  0                  0                  0  
##>      Num Share                0                  0                  0                  0                  0                  0                  0                  0  
##>   Num CmultCse                0                  0                  0                  0                  0                  0                  0                  0  
##>   Num Downsize                0                  0                  0                  0                  0                  0                  0                  0  
##>  Num Speculate                0                  0                  0                  0                  0                  0                  0                  0  
##>     Runtime(s)                0                  0                  0                  0                  0                  0                  0                  0  
+----------------------------------------------------------------------------------------------------------------------------------------------------------------+
##>
##>
##>+------------------------------------------------------------------------------------------------------------------------------------------------------------+
##>Optimization Step DEBUG Table for config CDN_DP_region_3_3_c6
##>
##>                          Step                        Area   ( % Chg)        WNS (Change)        TNS (Change)          Runtime (s)        Comment                   
##>+------------------------------------------------------------------------------------------------------------------------------------------------------------+
##>createMaxCarrySave              START             4550656665 (      )    107375810.40 (        )             0 (        )              
##> datapath_rewrite_one_def       START             4550656665 ( +0.00)    107375810.40 (   +0.00)             0 (       0)              
##>  fast_cse_elim                 START             4550656665 ( +0.00)    107375810.40 (   +0.00)             0 (       0)              
##>                                  END             4550656665 ( +0.00)    107375810.40 (   +0.00)             0 (       0)           0  
##>  fast_cse_elim                 START             4550656665 ( +0.00)    107375810.40 (   +0.00)             0 (       0)              
##>                                  END             4550656665 ( +0.00)    107375810.40 (   +0.00)             0 (       0)           0  
##>                                  END             4550656665 ( +0.00)    107375810.40 (   +0.00)             0 (       0)           0  
##> dpopt_share_one_def            START             4550656665 ( +0.00)    107375810.40 (   +0.00)             0 (       0)              
##>                                  END             4550656665 ( +0.00)    107375810.40 (   +0.00)             0 (       0)           0  
##> csa_opto                       START             4550656665 ( +0.00)    214748364.70 (+107372554.30)             0 (       0)              
##>                                  END             4550656665 ( +0.00)    214748364.70 (   +0.00)             0 (       0)           0  
##>                                  END             4550656665 ( +0.00)    214748364.70 (+107372554.30)             0 (       0)           0  
##>canonicalize_by_names           START             4550656665 ( +0.00)    214748364.70 (   +0.00)             0 (       0)              
##>                                  END             4550656665 ( +0.00)    214748364.70 (   +0.00)             0 (       0)           0  
##>datapath_rewrite_post_csa_one_  START             4550656665 ( +0.00)    214748364.70 (   +0.00)             0 (       0)              
##>                                  END             4550656665 ( +0.00)    214748364.70 (   +0.00)             0 (       0)           0  
##>datapath_csa_factoring_one_gde  START             4550656665 ( +0.00)    214748364.70 (   +0.00)             0 (       0)              
##>                                  END             4550656665 ( +0.00)    214748364.70 (   +0.00)             0 (       0)           0  
##>dpopt_share_one_def             START             4550656665 ( +0.00)    214748364.70 (   +0.00)             0 (       0)              
##>                                  END             4550656665 ( +0.00)    214748364.70 (   +0.00)             0 (       0)           0  
##>datapath_rewrite_post_share     START             4550656665 ( +0.00)    214748364.70 (   +0.00)             0 (       0)              
##>                                  END             4550656665 ( +0.00)    214748364.70 (   +0.00)             0 (       0)           0  
##>dp_combine_const_mult_with_com  START             4550656665 ( +0.00)    214748364.70 (   +0.00)             0 (       0)              
##>                                  END             4550656665 ( +0.00)    214748364.70 (   +0.00)             0 (       0)           0  
##>dp_operator_level_decompositio  START             4550656665 ( +0.00)    214748364.70 (   +0.00)             0 (       0)              
##>                                  END             4550656665 ( +0.00)    214748364.70 (   +0.00)             0 (       0)           0  
##>selective_flatten_dp_config     START             4550656665 ( +0.00)    214748364.70 (   +0.00)             0 (       0)              
##>                                  END             4550656665 ( +0.00)    214748364.70 (   +0.00)             0 (       0)           0  
##>createMaxCarrySave              START             4550656665 ( +0.00)    214748364.70 (   +0.00)             0 (       0)              
##> datapath_rewrite_one_def       START             4550656665 ( +0.00)    214748364.70 (   +0.00)             0 (       0)              
##>  fast_cse_elim                 START             4550656665 ( +0.00)    214748364.70 (   +0.00)             0 (       0)              
##>                                  END             4550656665 ( +0.00)    214748364.70 (   +0.00)             0 (       0)           0  
##>  fast_cse_elim                 START             4550656665 ( +0.00)    214748364.70 (   +0.00)             0 (       0)              
##>                                  END             4550656665 ( +0.00)    214748364.70 (   +0.00)             0 (       0)           0  
##>                                  END             4550656665 ( +0.00)    214748364.70 (   +0.00)             0 (       0)           0  
##> dpopt_share_one_def            START             4550656665 ( +0.00)    214748364.70 (   +0.00)             0 (       0)              
##>                                  END             4550656665 ( +0.00)    214748364.70 (   +0.00)             0 (       0)           0  
##> csa_opto                       START             4550656665 ( +0.00)    214748364.70 (   +0.00)             0 (       0)              
##>                                  END             4550656665 ( +0.00)    214748364.70 (   +0.00)             0 (       0)           0  
##>                                  END             4550656665 ( +0.00)    214748364.70 (   +0.00)             0 (       0)           0  
##>context_based_simplify          START             4550656665 ( +0.00)    214748364.70 (   +0.00)             0 (       0)              
##>                                  END             4550656665 ( +0.00)    214748364.70 (   +0.00)             0 (       0)           0  
##>group_csa_final_adder_dp        START             4550656665 ( +0.00)    214748364.70 (   +0.00)             0 (       0)              
##>                                  END             4550656665 ( +0.00)    214748364.70 (   +0.00)             0 (       0)           0  
##>dpopt_flatten_critical_muxes_i  START             4550656665 ( +0.00)    214748364.70 (   +0.00)             0 (       0)              
##>                                  END             4550656665 ( +0.00)    214748364.70 (   +0.00)             0 (       0)           0  
##>create_score                    START             4550656665 ( +0.00)     1628.00 (-214746736.70)             0 (       0)              
##>                                  END             4550656665 ( +0.00)     1628.00 (   +0.00)             0 (       0)           0  
##>+------------------------------------------------------------------------------------------------------------------------------------------------------------+
Committed config: CDN_DP_region_3_3_c6
Info    : Done implementing datapath configurations. [DPOPT-4]
        : Selected 'very_fast' configuration 6 for module 'CDN_DP_region_3_3'.
          Optimizations applied to 'very_fast' configuration:
            rewriting(0), factoring(0), sharing(0), cmultcse(0), downsizing(0), speculation(0)
Info    : Implementing datapath configurations. [DPOPT-3]
        : Implementing datapath configurations for 'CDN_DP_region_3_2'
CSAGen Prep Share:0 Re-Write:0 Speculation: 0
CDN_DP_region_3_2 level = 0 loads = 0 drivers = 0
MaxCSA: Successfully built Maximal CSA Expression Expr18
CDN_DP_region_3_2_c0 in MatrixC0: area: 4550656665 ,dp = 4 mux = 0 sg = slow         worst_clk_period: -1.0000 
    wns: 0  norm_wns:  -1.0000 
    fail_endp: -1 
    tns:  0  tns_per_endp:  -1.0000   norm_tns_per_endp:  -1.0000 
    tns_sense_max:  -1.0000  tns_sense_avg:  -1.0000   tns_sense_num: -1
 skipped
CDN_DP_region_3_2_c1 in MatrixC0: area: 4550656665 ,dp = 4 mux = 0 sg = fast         worst_clk_period: -1.0000 
    wns: 0  norm_wns:  -1.0000 
    fail_endp: -1 
    tns:  0  tns_per_endp:  -1.0000   norm_tns_per_endp:  -1.0000 
    tns_sense_max:  -1.0000  tns_sense_avg:  -1.0000   tns_sense_num: -1
 is current best
CDN_DP_region_3_2_c2 in MatrixC0: area: 4550656665 ,dp = 4 mux = 0 sg = very_slow    worst_clk_period: -1.0000 
    wns: 0  norm_wns:  -1.0000 
    fail_endp: -1 
    tns:  0  tns_per_endp:  -1.0000   norm_tns_per_endp:  -1.0000 
    tns_sense_max:  -1.0000  tns_sense_avg:  -1.0000   tns_sense_num: -1
 is current best
CDN_DP_region_3_2_c3 in MatrixC0: area: 4550656665 ,dp = 4 mux = 0 sg = very_fast    worst_clk_period: -1.0000 
    wns: 0  norm_wns:  -1.0000 
    fail_endp: -1 
    tns:  0  tns_per_endp:  -1.0000   norm_tns_per_endp:  -1.0000 
    tns_sense_max:  -1.0000  tns_sense_avg:  -1.0000   tns_sense_num: -1
 is current best
CDN_DP_region_3_2_c4 in MatrixC0: area: 4550656665 ,dp = 4 mux = 0 sg = very_fast    worst_clk_period: -1.0000 
    wns: 0  norm_wns:  -1.0000 
    fail_endp: -1 
    tns:  0  tns_per_endp:  -1.0000   norm_tns_per_endp:  -1.0000 
    tns_sense_max:  -1.0000  tns_sense_avg:  -1.0000   tns_sense_num: -1
 is current best
CDN_DP_region_3_2_c5 in MatrixC0: area: 4550656665 ,dp = 4 mux = 0 sg = very_fast    worst_clk_period: -1.0000 
    wns: 0  norm_wns:  -1.0000 
    fail_endp: -1 
    tns:  0  tns_per_endp:  -1.0000   norm_tns_per_endp:  -1.0000 
    tns_sense_max:  -1.0000  tns_sense_avg:  -1.0000   tns_sense_num: -1
 is current best
CDN_DP_region_3_2_c6 in MatrixC0: area: 4550656665 ,dp = 4 mux = 0 sg = very_fast    worst_clk_period: -1.0000 
    wns: 0  norm_wns:  -1.0000 
    fail_endp: -1 
    tns:  0  tns_per_endp:  -1.0000   norm_tns_per_endp:  -1.0000 
    tns_sense_max:  -1.0000  tns_sense_avg:  -1.0000   tns_sense_num: -1
 is current best
CDN_DP_region_3_2_c7 in MatrixC0: area: 4556264375 ,dp = 4 mux = 0 sg = very_fast    worst_clk_period: -1.0000 
    wns: 0  norm_wns:  -1.0000 
    fail_endp: -1 
    tns:  0  tns_per_endp:  -1.0000   norm_tns_per_endp:  -1.0000 
    tns_sense_max:  -1.0000  tns_sense_avg:  -1.0000   tns_sense_num: -1

Best config: CDN_DP_region_3_2_c6 in MatrixC0: area: 4550656665 ,dp = 4 mux = 0 sg = very_fast    worst_clk_period: -1.0000 
    wns: 0  norm_wns:  -1.0000 
    fail_endp: -1 
    tns:  0  tns_per_endp:  -1.0000   norm_tns_per_endp:  -1.0000 
    tns_sense_max:  -1.0000  tns_sense_avg:  -1.0000   tns_sense_num: -1
  Smallest config area : 4550656665.  Fastest config wns;  0
##>+----------------------------------------------------------------------------------------------------------------------------------------------------------------+
##>Summary table of configs (Best config is CDN_DP_region_3_2_c6)
##>+----------------------------------------------------------------------------------------------------------------------------------------------------------------+
##>                     0                  1                  2                  3                  4                  5                  6                  7            
##>+----------------------------------------------------------------------------------------------------------------------------------------------------------------+
##>           Area       4550656665         4550656665         4550656665         4550656665         4550656665         4550656665         4550656665         4556264375  
##>            WNS         +1604.00           +1604.00           +1604.00           +1604.00           +1604.00           +1604.00           +1604.00           +1604.00  
##>            TNS                0                  0                  0                  0                  0                  0                  0                  0  
##>    Num Rewrite                0                  0                  0                  0                  0                  0                  0                  0  
##>     Num Factor                0                  0                  0                  0                  0                  0                  0                  0  
##>      Num Share                0                  0                  0                  0                  0                  0                  0                  0  
##>   Num CmultCse                0                  0                  0                  0                  0                  0                  0                  0  
##>   Num Downsize                0                  0                  0                  0                  0                  0                  0                  0  
##>  Num Speculate                0                  0                  0                  0                  0                  0                  0                  0  
##>     Runtime(s)                0                  0                  0                  0                  0                  0                  0                  0  
+----------------------------------------------------------------------------------------------------------------------------------------------------------------+
##>
##>
##>+------------------------------------------------------------------------------------------------------------------------------------------------------------+
##>Optimization Step DEBUG Table for config CDN_DP_region_3_2_c6
##>
##>                          Step                        Area   ( % Chg)        WNS (Change)        TNS (Change)          Runtime (s)        Comment                   
##>+------------------------------------------------------------------------------------------------------------------------------------------------------------+
##>createMaxCarrySave              START             4550656665 (      )    107375786.40 (        )             0 (        )              
##> datapath_rewrite_one_def       START             4550656665 ( +0.00)    107375786.40 (   +0.00)             0 (       0)              
##>  fast_cse_elim                 START             4550656665 ( +0.00)    107375786.40 (   +0.00)             0 (       0)              
##>                                  END             4550656665 ( +0.00)    107375786.40 (   +0.00)             0 (       0)           0  
##>  fast_cse_elim                 START             4550656665 ( +0.00)    107375786.40 (   +0.00)             0 (       0)              
##>                                  END             4550656665 ( +0.00)    107375786.40 (   +0.00)             0 (       0)           0  
##>                                  END             4550656665 ( +0.00)    107375786.40 (   +0.00)             0 (       0)           0  
##> dpopt_share_one_def            START             4550656665 ( +0.00)    107375786.40 (   +0.00)             0 (       0)              
##>                                  END             4550656665 ( +0.00)    107375786.40 (   +0.00)             0 (       0)           0  
##> csa_opto                       START             4550656665 ( +0.00)    214748364.70 (+107372578.30)             0 (       0)              
##>                                  END             4550656665 ( +0.00)    214748364.70 (   +0.00)             0 (       0)           0  
##>                                  END             4550656665 ( +0.00)    214748364.70 (+107372578.30)             0 (       0)           0  
##>canonicalize_by_names           START             4550656665 ( +0.00)    214748364.70 (   +0.00)             0 (       0)              
##>                                  END             4550656665 ( +0.00)    214748364.70 (   +0.00)             0 (       0)           0  
##>datapath_rewrite_post_csa_one_  START             4550656665 ( +0.00)    214748364.70 (   +0.00)             0 (       0)              
##>                                  END             4550656665 ( +0.00)    214748364.70 (   +0.00)             0 (       0)           0  
##>datapath_csa_factoring_one_gde  START             4550656665 ( +0.00)    214748364.70 (   +0.00)             0 (       0)              
##>                                  END             4550656665 ( +0.00)    214748364.70 (   +0.00)             0 (       0)           0  
##>dpopt_share_one_def             START             4550656665 ( +0.00)    214748364.70 (   +0.00)             0 (       0)              
##>                                  END             4550656665 ( +0.00)    214748364.70 (   +0.00)             0 (       0)           0  
##>datapath_rewrite_post_share     START             4550656665 ( +0.00)    214748364.70 (   +0.00)             0 (       0)              
##>                                  END             4550656665 ( +0.00)    214748364.70 (   +0.00)             0 (       0)           0  
##>dp_combine_const_mult_with_com  START             4550656665 ( +0.00)    214748364.70 (   +0.00)             0 (       0)              
##>                                  END             4550656665 ( +0.00)    214748364.70 (   +0.00)             0 (       0)           0  
##>dp_operator_level_decompositio  START             4550656665 ( +0.00)    214748364.70 (   +0.00)             0 (       0)              
##>                                  END             4550656665 ( +0.00)    214748364.70 (   +0.00)             0 (       0)           0  
##>selective_flatten_dp_config     START             4550656665 ( +0.00)    214748364.70 (   +0.00)             0 (       0)              
##>                                  END             4550656665 ( +0.00)    214748364.70 (   +0.00)             0 (       0)           0  
##>createMaxCarrySave              START             4550656665 ( +0.00)    214748364.70 (   +0.00)             0 (       0)              
##> datapath_rewrite_one_def       START             4550656665 ( +0.00)    214748364.70 (   +0.00)             0 (       0)              
##>  fast_cse_elim                 START             4550656665 ( +0.00)    214748364.70 (   +0.00)             0 (       0)              
##>                                  END             4550656665 ( +0.00)    214748364.70 (   +0.00)             0 (       0)           0  
##>  fast_cse_elim                 START             4550656665 ( +0.00)    214748364.70 (   +0.00)             0 (       0)              
##>                                  END             4550656665 ( +0.00)    214748364.70 (   +0.00)             0 (       0)           0  
##>                                  END             4550656665 ( +0.00)    214748364.70 (   +0.00)             0 (       0)           0  
##> dpopt_share_one_def            START             4550656665 ( +0.00)    214748364.70 (   +0.00)             0 (       0)              
##>                                  END             4550656665 ( +0.00)    214748364.70 (   +0.00)             0 (       0)           0  
##> csa_opto                       START             4550656665 ( +0.00)    214748364.70 (   +0.00)             0 (       0)              
##>                                  END             4550656665 ( +0.00)    214748364.70 (   +0.00)             0 (       0)           0  
##>                                  END             4550656665 ( +0.00)    214748364.70 (   +0.00)             0 (       0)           0  
##>context_based_simplify          START             4550656665 ( +0.00)    214748364.70 (   +0.00)             0 (       0)              
##>                                  END             4550656665 ( +0.00)    214748364.70 (   +0.00)             0 (       0)           0  
##>group_csa_final_adder_dp        START             4550656665 ( +0.00)    214748364.70 (   +0.00)             0 (       0)              
##>                                  END             4550656665 ( +0.00)    214748364.70 (   +0.00)             0 (       0)           0  
##>dpopt_flatten_critical_muxes_i  START             4550656665 ( +0.00)    214748364.70 (   +0.00)             0 (       0)              
##>                                  END             4550656665 ( +0.00)    214748364.70 (   +0.00)             0 (       0)           0  
##>create_score                    START             4550656665 ( +0.00)     1604.00 (-214746760.70)             0 (       0)              
##>                                  END             4550656665 ( +0.00)     1604.00 (   +0.00)             0 (       0)           0  
##>+------------------------------------------------------------------------------------------------------------------------------------------------------------+
Committed config: CDN_DP_region_3_2_c6
Info    : Done implementing datapath configurations. [DPOPT-4]
        : Selected 'very_fast' configuration 6 for module 'CDN_DP_region_3_2'.
          Optimizations applied to 'very_fast' configuration:
            rewriting(0), factoring(0), sharing(0), cmultcse(0), downsizing(0), speculation(0)
Info    : Implementing datapath configurations. [DPOPT-3]
        : Implementing datapath configurations for 'CDN_DP_region_3_1'
CSAGen Prep Share:0 Re-Write:0 Speculation: 0
CDN_DP_region_3_1 level = 0 loads = 0 drivers = 0
MaxCSA: Successfully built Maximal CSA Expression Expr19
CDN_DP_region_3_1_c0 in MatrixC0: area: 4550656665 ,dp = 4 mux = 0 sg = slow         worst_clk_period: -1.0000 
    wns: 0  norm_wns:  -1.0000 
    fail_endp: -1 
    tns:  0  tns_per_endp:  -1.0000   norm_tns_per_endp:  -1.0000 
    tns_sense_max:  -1.0000  tns_sense_avg:  -1.0000   tns_sense_num: -1
 skipped
CDN_DP_region_3_1_c1 in MatrixC0: area: 4550656665 ,dp = 4 mux = 0 sg = fast         worst_clk_period: -1.0000 
    wns: 0  norm_wns:  -1.0000 
    fail_endp: -1 
    tns:  0  tns_per_endp:  -1.0000   norm_tns_per_endp:  -1.0000 
    tns_sense_max:  -1.0000  tns_sense_avg:  -1.0000   tns_sense_num: -1
 is current best
CDN_DP_region_3_1_c2 in MatrixC0: area: 4550656665 ,dp = 4 mux = 0 sg = very_slow    worst_clk_period: -1.0000 
    wns: 0  norm_wns:  -1.0000 
    fail_endp: -1 
    tns:  0  tns_per_endp:  -1.0000   norm_tns_per_endp:  -1.0000 
    tns_sense_max:  -1.0000  tns_sense_avg:  -1.0000   tns_sense_num: -1
 is current best
CDN_DP_region_3_1_c3 in MatrixC0: area: 4550656665 ,dp = 4 mux = 0 sg = very_fast    worst_clk_period: -1.0000 
    wns: 0  norm_wns:  -1.0000 
    fail_endp: -1 
    tns:  0  tns_per_endp:  -1.0000   norm_tns_per_endp:  -1.0000 
    tns_sense_max:  -1.0000  tns_sense_avg:  -1.0000   tns_sense_num: -1
 is current best
CDN_DP_region_3_1_c4 in MatrixC0: area: 4550656665 ,dp = 4 mux = 0 sg = very_fast    worst_clk_period: -1.0000 
    wns: 0  norm_wns:  -1.0000 
    fail_endp: -1 
    tns:  0  tns_per_endp:  -1.0000   norm_tns_per_endp:  -1.0000 
    tns_sense_max:  -1.0000  tns_sense_avg:  -1.0000   tns_sense_num: -1
 is current best
CDN_DP_region_3_1_c5 in MatrixC0: area: 4550656665 ,dp = 4 mux = 0 sg = very_fast    worst_clk_period: -1.0000 
    wns: 0  norm_wns:  -1.0000 
    fail_endp: -1 
    tns:  0  tns_per_endp:  -1.0000   norm_tns_per_endp:  -1.0000 
    tns_sense_max:  -1.0000  tns_sense_avg:  -1.0000   tns_sense_num: -1
 is current best
CDN_DP_region_3_1_c6 in MatrixC0: area: 4550656665 ,dp = 4 mux = 0 sg = very_fast    worst_clk_period: -1.0000 
    wns: 0  norm_wns:  -1.0000 
    fail_endp: -1 
    tns:  0  tns_per_endp:  -1.0000   norm_tns_per_endp:  -1.0000 
    tns_sense_max:  -1.0000  tns_sense_avg:  -1.0000   tns_sense_num: -1
 is current best
CDN_DP_region_3_1_c7 in MatrixC0: area: 4556264375 ,dp = 4 mux = 0 sg = very_fast    worst_clk_period: -1.0000 
    wns: 0  norm_wns:  -1.0000 
    fail_endp: -1 
    tns:  0  tns_per_endp:  -1.0000   norm_tns_per_endp:  -1.0000 
    tns_sense_max:  -1.0000  tns_sense_avg:  -1.0000   tns_sense_num: -1

Best config: CDN_DP_region_3_1_c6 in MatrixC0: area: 4550656665 ,dp = 4 mux = 0 sg = very_fast    worst_clk_period: -1.0000 
    wns: 0  norm_wns:  -1.0000 
    fail_endp: -1 
    tns:  0  tns_per_endp:  -1.0000   norm_tns_per_endp:  -1.0000 
    tns_sense_max:  -1.0000  tns_sense_avg:  -1.0000   tns_sense_num: -1
  Smallest config area : 4550656665.  Fastest config wns;  0
##>+----------------------------------------------------------------------------------------------------------------------------------------------------------------+
##>Summary table of configs (Best config is CDN_DP_region_3_1_c6)
##>+----------------------------------------------------------------------------------------------------------------------------------------------------------------+
##>                     0                  1                  2                  3                  4                  5                  6                  7            
##>+----------------------------------------------------------------------------------------------------------------------------------------------------------------+
##>           Area       4550656665         4550656665         4550656665         4550656665         4550656665         4550656665         4550656665         4556264375  
##>            WNS         +1611.50           +1611.50           +1611.50           +1611.50           +1611.50           +1611.50           +1611.50           +1611.50  
##>            TNS                0                  0                  0                  0                  0                  0                  0                  0  
##>    Num Rewrite                0                  0                  0                  0                  0                  0                  0                  0  
##>     Num Factor                0                  0                  0                  0                  0                  0                  0                  0  
##>      Num Share                0                  0                  0                  0                  0                  0                  0                  0  
##>   Num CmultCse                0                  0                  0                  0                  0                  0                  0                  0  
##>   Num Downsize                0                  0                  0                  0                  0                  0                  0                  0  
##>  Num Speculate                0                  0                  0                  0                  0                  0                  0                  0  
##>     Runtime(s)                0                  0                  0                  0                  0                  0                  0                  0  
+----------------------------------------------------------------------------------------------------------------------------------------------------------------+
##>
##>
##>+------------------------------------------------------------------------------------------------------------------------------------------------------------+
##>Optimization Step DEBUG Table for config CDN_DP_region_3_1_c6
##>
##>                          Step                        Area   ( % Chg)        WNS (Change)        TNS (Change)          Runtime (s)        Comment                   
##>+------------------------------------------------------------------------------------------------------------------------------------------------------------+
##>createMaxCarrySave              START             4550656665 (      )    107375793.90 (        )             0 (        )              
##> datapath_rewrite_one_def       START             4550656665 ( +0.00)    107375793.90 (   +0.00)             0 (       0)              
##>  fast_cse_elim                 START             4550656665 ( +0.00)    107375793.90 (   +0.00)             0 (       0)              
##>                                  END             4550656665 ( +0.00)    107375793.90 (   +0.00)             0 (       0)           0  
##>  fast_cse_elim                 START             4550656665 ( +0.00)    107375793.90 (   +0.00)             0 (       0)              
##>                                  END             4550656665 ( +0.00)    107375793.90 (   +0.00)             0 (       0)           0  
##>                                  END             4550656665 ( +0.00)    107375793.90 (   +0.00)             0 (       0)           0  
##> dpopt_share_one_def            START             4550656665 ( +0.00)    107375793.90 (   +0.00)             0 (       0)              
##>                                  END             4550656665 ( +0.00)    107375793.90 (   +0.00)             0 (       0)           0  
##> csa_opto                       START             4550656665 ( +0.00)    214748364.70 (+107372570.80)             0 (       0)              
##>                                  END             4550656665 ( +0.00)    214748364.70 (   +0.00)             0 (       0)           0  
##>                                  END             4550656665 ( +0.00)    214748364.70 (+107372570.80)             0 (       0)           0  
##>canonicalize_by_names           START             4550656665 ( +0.00)    214748364.70 (   +0.00)             0 (       0)              
##>                                  END             4550656665 ( +0.00)    214748364.70 (   +0.00)             0 (       0)           0  
##>datapath_rewrite_post_csa_one_  START             4550656665 ( +0.00)    214748364.70 (   +0.00)             0 (       0)              
##>                                  END             4550656665 ( +0.00)    214748364.70 (   +0.00)             0 (       0)           0  
##>datapath_csa_factoring_one_gde  START             4550656665 ( +0.00)    214748364.70 (   +0.00)             0 (       0)              
##>                                  END             4550656665 ( +0.00)    214748364.70 (   +0.00)             0 (       0)           0  
##>dpopt_share_one_def             START             4550656665 ( +0.00)    214748364.70 (   +0.00)             0 (       0)              
##>                                  END             4550656665 ( +0.00)    214748364.70 (   +0.00)             0 (       0)           0  
##>datapath_rewrite_post_share     START             4550656665 ( +0.00)    214748364.70 (   +0.00)             0 (       0)              
##>                                  END             4550656665 ( +0.00)    214748364.70 (   +0.00)             0 (       0)           0  
##>dp_combine_const_mult_with_com  START             4550656665 ( +0.00)    214748364.70 (   +0.00)             0 (       0)              
##>                                  END             4550656665 ( +0.00)    214748364.70 (   +0.00)             0 (       0)           0  
##>dp_operator_level_decompositio  START             4550656665 ( +0.00)    214748364.70 (   +0.00)             0 (       0)              
##>                                  END             4550656665 ( +0.00)    214748364.70 (   +0.00)             0 (       0)           0  
##>selective_flatten_dp_config     START             4550656665 ( +0.00)    214748364.70 (   +0.00)             0 (       0)              
##>                                  END             4550656665 ( +0.00)    214748364.70 (   +0.00)             0 (       0)           0  
##>createMaxCarrySave              START             4550656665 ( +0.00)    214748364.70 (   +0.00)             0 (       0)              
##> datapath_rewrite_one_def       START             4550656665 ( +0.00)    214748364.70 (   +0.00)             0 (       0)              
##>  fast_cse_elim                 START             4550656665 ( +0.00)    214748364.70 (   +0.00)             0 (       0)              
##>                                  END             4550656665 ( +0.00)    214748364.70 (   +0.00)             0 (       0)           0  
##>  fast_cse_elim                 START             4550656665 ( +0.00)    214748364.70 (   +0.00)             0 (       0)              
##>                                  END             4550656665 ( +0.00)    214748364.70 (   +0.00)             0 (       0)           0  
##>                                  END             4550656665 ( +0.00)    214748364.70 (   +0.00)             0 (       0)           0  
##> dpopt_share_one_def            START             4550656665 ( +0.00)    214748364.70 (   +0.00)             0 (       0)              
##>                                  END             4550656665 ( +0.00)    214748364.70 (   +0.00)             0 (       0)           0  
##> csa_opto                       START             4550656665 ( +0.00)    214748364.70 (   +0.00)             0 (       0)              
##>                                  END             4550656665 ( +0.00)    214748364.70 (   +0.00)             0 (       0)           0  
##>                                  END             4550656665 ( +0.00)    214748364.70 (   +0.00)             0 (       0)           0  
##>context_based_simplify          START             4550656665 ( +0.00)    214748364.70 (   +0.00)             0 (       0)              
##>                                  END             4550656665 ( +0.00)    214748364.70 (   +0.00)             0 (       0)           0  
##>group_csa_final_adder_dp        START             4550656665 ( +0.00)    214748364.70 (   +0.00)             0 (       0)              
##>                                  END             4550656665 ( +0.00)    214748364.70 (   +0.00)             0 (       0)           0  
##>dpopt_flatten_critical_muxes_i  START             4550656665 ( +0.00)    214748364.70 (   +0.00)             0 (       0)              
##>                                  END             4550656665 ( +0.00)    214748364.70 (   +0.00)             0 (       0)           0  
##>create_score                    START             4550656665 ( +0.00)     1611.50 (-214746753.20)             0 (       0)              
##>                                  END             4550656665 ( +0.00)     1611.50 (   +0.00)             0 (       0)           0  
##>+------------------------------------------------------------------------------------------------------------------------------------------------------------+
Committed config: CDN_DP_region_3_1_c6
Info    : Done implementing datapath configurations. [DPOPT-4]
        : Selected 'very_fast' configuration 6 for module 'CDN_DP_region_3_1'.
          Optimizations applied to 'very_fast' configuration:
            rewriting(0), factoring(0), sharing(0), cmultcse(0), downsizing(0), speculation(0)
Info    : Implementing datapath configurations. [DPOPT-3]
        : Implementing datapath configurations for 'CDN_DP_region_3_0'
CSAGen Prep Share:0 Re-Write:0 Speculation: 0
CDN_DP_region_3_0 level = 0 loads = 0 drivers = 0
MaxCSA: Successfully built Maximal CSA Expression Expr20
CDN_DP_region_3_0_c0 in MatrixC0: area: 4550656665 ,dp = 4 mux = 0 sg = slow         worst_clk_period: -1.0000 
    wns: 0  norm_wns:  -1.0000 
    fail_endp: -1 
    tns:  0  tns_per_endp:  -1.0000   norm_tns_per_endp:  -1.0000 
    tns_sense_max:  -1.0000  tns_sense_avg:  -1.0000   tns_sense_num: -1
 skipped
CDN_DP_region_3_0_c1 in MatrixC0: area: 4550656665 ,dp = 4 mux = 0 sg = fast         worst_clk_period: -1.0000 
    wns: 0  norm_wns:  -1.0000 
    fail_endp: -1 
    tns:  0  tns_per_endp:  -1.0000   norm_tns_per_endp:  -1.0000 
    tns_sense_max:  -1.0000  tns_sense_avg:  -1.0000   tns_sense_num: -1
 is current best
CDN_DP_region_3_0_c2 in MatrixC0: area: 4550656665 ,dp = 4 mux = 0 sg = very_slow    worst_clk_period: -1.0000 
    wns: 0  norm_wns:  -1.0000 
    fail_endp: -1 
    tns:  0  tns_per_endp:  -1.0000   norm_tns_per_endp:  -1.0000 
    tns_sense_max:  -1.0000  tns_sense_avg:  -1.0000   tns_sense_num: -1
 is current best
CDN_DP_region_3_0_c3 in MatrixC0: area: 4550656665 ,dp = 4 mux = 0 sg = very_fast    worst_clk_period: -1.0000 
    wns: 0  norm_wns:  -1.0000 
    fail_endp: -1 
    tns:  0  tns_per_endp:  -1.0000   norm_tns_per_endp:  -1.0000 
    tns_sense_max:  -1.0000  tns_sense_avg:  -1.0000   tns_sense_num: -1
 is current best
CDN_DP_region_3_0_c4 in MatrixC0: area: 4550656665 ,dp = 4 mux = 0 sg = very_fast    worst_clk_period: -1.0000 
    wns: 0  norm_wns:  -1.0000 
    fail_endp: -1 
    tns:  0  tns_per_endp:  -1.0000   norm_tns_per_endp:  -1.0000 
    tns_sense_max:  -1.0000  tns_sense_avg:  -1.0000   tns_sense_num: -1
 is current best
CDN_DP_region_3_0_c5 in MatrixC0: area: 4550656665 ,dp = 4 mux = 0 sg = very_fast    worst_clk_period: -1.0000 
    wns: 0  norm_wns:  -1.0000 
    fail_endp: -1 
    tns:  0  tns_per_endp:  -1.0000   norm_tns_per_endp:  -1.0000 
    tns_sense_max:  -1.0000  tns_sense_avg:  -1.0000   tns_sense_num: -1
 is current best
CDN_DP_region_3_0_c6 in MatrixC0: area: 4550656665 ,dp = 4 mux = 0 sg = very_fast    worst_clk_period: -1.0000 
    wns: 0  norm_wns:  -1.0000 
    fail_endp: -1 
    tns:  0  tns_per_endp:  -1.0000   norm_tns_per_endp:  -1.0000 
    tns_sense_max:  -1.0000  tns_sense_avg:  -1.0000   tns_sense_num: -1
 is current best
CDN_DP_region_3_0_c7 in MatrixC0: area: 4556264375 ,dp = 4 mux = 0 sg = very_fast    worst_clk_period: -1.0000 
    wns: 0  norm_wns:  -1.0000 
    fail_endp: -1 
    tns:  0  tns_per_endp:  -1.0000   norm_tns_per_endp:  -1.0000 
    tns_sense_max:  -1.0000  tns_sense_avg:  -1.0000   tns_sense_num: -1

Best config: CDN_DP_region_3_0_c6 in MatrixC0: area: 4550656665 ,dp = 4 mux = 0 sg = very_fast    worst_clk_period: -1.0000 
    wns: 0  norm_wns:  -1.0000 
    fail_endp: -1 
    tns:  0  tns_per_endp:  -1.0000   norm_tns_per_endp:  -1.0000 
    tns_sense_max:  -1.0000  tns_sense_avg:  -1.0000   tns_sense_num: -1
  Smallest config area : 4550656665.  Fastest config wns;  0
##>+----------------------------------------------------------------------------------------------------------------------------------------------------------------+
##>Summary table of configs (Best config is CDN_DP_region_3_0_c6)
##>+----------------------------------------------------------------------------------------------------------------------------------------------------------------+
##>                     0                  1                  2                  3                  4                  5                  6                  7            
##>+----------------------------------------------------------------------------------------------------------------------------------------------------------------+
##>           Area       4550656665         4550656665         4550656665         4550656665         4550656665         4550656665         4550656665         4556264375  
##>            WNS         +1611.80           +1611.80           +1611.80           +1611.80           +1611.80           +1611.80           +1611.80           +1611.80  
##>            TNS                0                  0                  0                  0                  0                  0                  0                  0  
##>    Num Rewrite                0                  0                  0                  0                  0                  0                  0                  0  
##>     Num Factor                0                  0                  0                  0                  0                  0                  0                  0  
##>      Num Share                0                  0                  0                  0                  0                  0                  0                  0  
##>   Num CmultCse                0                  0                  0                  0                  0                  0                  0                  0  
##>   Num Downsize                0                  0                  0                  0                  0                  0                  0                  0  
##>  Num Speculate                0                  0                  0                  0                  0                  0                  0                  0  
##>     Runtime(s)                0                  0                  0                  0                  0                  0                  0                  0  
+----------------------------------------------------------------------------------------------------------------------------------------------------------------+
##>
##>
##>+------------------------------------------------------------------------------------------------------------------------------------------------------------+
##>Optimization Step DEBUG Table for config CDN_DP_region_3_0_c6
##>
##>                          Step                        Area   ( % Chg)        WNS (Change)        TNS (Change)          Runtime (s)        Comment                   
##>+------------------------------------------------------------------------------------------------------------------------------------------------------------+
##>createMaxCarrySave              START             4550656665 (      )    107375794.20 (        )             0 (        )              
##> datapath_rewrite_one_def       START             4550656665 ( +0.00)    107375794.20 (   +0.00)             0 (       0)              
##>  fast_cse_elim                 START             4550656665 ( +0.00)    107375794.20 (   +0.00)             0 (       0)              
##>                                  END             4550656665 ( +0.00)    107375794.20 (   +0.00)             0 (       0)           0  
##>  fast_cse_elim                 START             4550656665 ( +0.00)    107375794.20 (   +0.00)             0 (       0)              
##>                                  END             4550656665 ( +0.00)    107375794.20 (   +0.00)             0 (       0)           0  
##>                                  END             4550656665 ( +0.00)    107375794.20 (   +0.00)             0 (       0)           0  
##> dpopt_share_one_def            START             4550656665 ( +0.00)    107375794.20 (   +0.00)             0 (       0)              
##>                                  END             4550656665 ( +0.00)    107375794.20 (   +0.00)             0 (       0)           0  
##> csa_opto                       START             4550656665 ( +0.00)    214748364.70 (+107372570.50)             0 (       0)              
##>                                  END             4550656665 ( +0.00)    214748364.70 (   +0.00)             0 (       0)           0  
##>                                  END             4550656665 ( +0.00)    214748364.70 (+107372570.50)             0 (       0)           0  
##>canonicalize_by_names           START             4550656665 ( +0.00)    214748364.70 (   +0.00)             0 (       0)              
##>                                  END             4550656665 ( +0.00)    214748364.70 (   +0.00)             0 (       0)           0  
##>datapath_rewrite_post_csa_one_  START             4550656665 ( +0.00)    214748364.70 (   +0.00)             0 (       0)              
##>                                  END             4550656665 ( +0.00)    214748364.70 (   +0.00)             0 (       0)           0  
##>datapath_csa_factoring_one_gde  START             4550656665 ( +0.00)    214748364.70 (   +0.00)             0 (       0)              
##>                                  END             4550656665 ( +0.00)    214748364.70 (   +0.00)             0 (       0)           0  
##>dpopt_share_one_def             START             4550656665 ( +0.00)    214748364.70 (   +0.00)             0 (       0)              
##>                                  END             4550656665 ( +0.00)    214748364.70 (   +0.00)             0 (       0)           0  
##>datapath_rewrite_post_share     START             4550656665 ( +0.00)    214748364.70 (   +0.00)             0 (       0)              
##>                                  END             4550656665 ( +0.00)    214748364.70 (   +0.00)             0 (       0)           0  
##>dp_combine_const_mult_with_com  START             4550656665 ( +0.00)    214748364.70 (   +0.00)             0 (       0)              
##>                                  END             4550656665 ( +0.00)    214748364.70 (   +0.00)             0 (       0)           0  
##>dp_operator_level_decompositio  START             4550656665 ( +0.00)    214748364.70 (   +0.00)             0 (       0)              
##>                                  END             4550656665 ( +0.00)    214748364.70 (   +0.00)             0 (       0)           0  
##>selective_flatten_dp_config     START             4550656665 ( +0.00)    214748364.70 (   +0.00)             0 (       0)              
##>                                  END             4550656665 ( +0.00)    214748364.70 (   +0.00)             0 (       0)           0  
##>createMaxCarrySave              START             4550656665 ( +0.00)    214748364.70 (   +0.00)             0 (       0)              
##> datapath_rewrite_one_def       START             4550656665 ( +0.00)    214748364.70 (   +0.00)             0 (       0)              
##>  fast_cse_elim                 START             4550656665 ( +0.00)    214748364.70 (   +0.00)             0 (       0)              
##>                                  END             4550656665 ( +0.00)    214748364.70 (   +0.00)             0 (       0)           0  
##>  fast_cse_elim                 START             4550656665 ( +0.00)    214748364.70 (   +0.00)             0 (       0)              
##>                                  END             4550656665 ( +0.00)    214748364.70 (   +0.00)             0 (       0)           0  
##>                                  END             4550656665 ( +0.00)    214748364.70 (   +0.00)             0 (       0)           0  
##> dpopt_share_one_def            START             4550656665 ( +0.00)    214748364.70 (   +0.00)             0 (       0)              
##>                                  END             4550656665 ( +0.00)    214748364.70 (   +0.00)             0 (       0)           0  
##> csa_opto                       START             4550656665 ( +0.00)    214748364.70 (   +0.00)             0 (       0)              
##>                                  END             4550656665 ( +0.00)    214748364.70 (   +0.00)             0 (       0)           0  
##>                                  END             4550656665 ( +0.00)    214748364.70 (   +0.00)             0 (       0)           0  
##>context_based_simplify          START             4550656665 ( +0.00)    214748364.70 (   +0.00)             0 (       0)              
##>                                  END             4550656665 ( +0.00)    214748364.70 (   +0.00)             0 (       0)           0  
##>group_csa_final_adder_dp        START             4550656665 ( +0.00)    214748364.70 (   +0.00)             0 (       0)              
##>                                  END             4550656665 ( +0.00)    214748364.70 (   +0.00)             0 (       0)           0  
##>dpopt_flatten_critical_muxes_i  START             4550656665 ( +0.00)    214748364.70 (   +0.00)             0 (       0)              
##>                                  END             4550656665 ( +0.00)    214748364.70 (   +0.00)             0 (       0)           0  
##>create_score                    START             4550656665 ( +0.00)     1611.80 (-214746752.90)             0 (       0)              
##>                                  END             4550656665 ( +0.00)     1611.80 (   +0.00)             0 (       0)           0  
##>+------------------------------------------------------------------------------------------------------------------------------------------------------------+
Committed config: CDN_DP_region_3_0_c6
Info    : Done implementing datapath configurations. [DPOPT-4]
        : Selected 'very_fast' configuration 6 for module 'CDN_DP_region_3_0'.
          Optimizations applied to 'very_fast' configuration:
            rewriting(0), factoring(0), sharing(0), cmultcse(0), downsizing(0), speculation(0)
Warning : Maximum message print count reached. [MESG-11]
        : Maximum print count of '20' reached for message 'DPOPT-3'.
CSAGen Prep Share:0 Re-Write:1 Speculation: 0
MaxCSA: Successfully built Maximal CSA Expression Expr21
CDN_DP_region_0_2 level = 0 loads = 3 drivers = 0
CDN_DP_region_0_2_c0 in Conv: area: 81311795 ,dp = 3 mux = 1 sg = slow         worst_clk_period: -1.0000 
    wns: 0  norm_wns:  -1.0000 
    fail_endp: -1 
    tns:  0  tns_per_endp:  -1.0000   norm_tns_per_endp:  -1.0000 
    tns_sense_max:  -1.0000  tns_sense_avg:  -1.0000   tns_sense_num: -1
 skipped
CDN_DP_region_0_2_c1 in Conv: area: 67292520 ,dp = 3 mux = 1 sg = fast         worst_clk_period: -1.0000 
    wns: 0  norm_wns:  -1.0000 
    fail_endp: -1 
    tns:  0  tns_per_endp:  -1.0000   norm_tns_per_endp:  -1.0000 
    tns_sense_max:  -1.0000  tns_sense_avg:  -1.0000   tns_sense_num: -1
 is current best
CDN_DP_region_0_2_c2 in Conv: area: 67292520 ,dp = 3 mux = 1 sg = very_slow    worst_clk_period: -1.0000 
    wns: 0  norm_wns:  -1.0000 
    fail_endp: -1 
    tns:  0  tns_per_endp:  -1.0000   norm_tns_per_endp:  -1.0000 
    tns_sense_max:  -1.0000  tns_sense_avg:  -1.0000   tns_sense_num: -1
 is current best
CDN_DP_region_0_2_c3 in Conv: area: 67292520 ,dp = 3 mux = 1 sg = very_fast    worst_clk_period: -1.0000 
    wns: 0  norm_wns:  -1.0000 
    fail_endp: -1 
    tns:  0  tns_per_endp:  -1.0000   norm_tns_per_endp:  -1.0000 
    tns_sense_max:  -1.0000  tns_sense_avg:  -1.0000   tns_sense_num: -1
 is current best
CDN_DP_region_0_2_c4 in Conv: area: 67292520 ,dp = 3 mux = 1 sg = very_fast    worst_clk_period: -1.0000 
    wns: 0  norm_wns:  -1.0000 
    fail_endp: -1 
    tns:  0  tns_per_endp:  -1.0000   norm_tns_per_endp:  -1.0000 
    tns_sense_max:  -1.0000  tns_sense_avg:  -1.0000   tns_sense_num: -1
 is current best
CDN_DP_region_0_2_c5 in Conv: area: 67292520 ,dp = 3 mux = 1 sg = very_fast    worst_clk_period: -1.0000 
    wns: 0  norm_wns:  -1.0000 
    fail_endp: -1 
    tns:  0  tns_per_endp:  -1.0000   norm_tns_per_endp:  -1.0000 
    tns_sense_max:  -1.0000  tns_sense_avg:  -1.0000   tns_sense_num: -1
 is current best
CDN_DP_region_0_2_c6 in Conv: area: 67292520 ,dp = 3 mux = 1 sg = very_fast    worst_clk_period: -1.0000 
    wns: 0  norm_wns:  -1.0000 
    fail_endp: -1 
    tns:  0  tns_per_endp:  -1.0000   norm_tns_per_endp:  -1.0000 
    tns_sense_max:  -1.0000  tns_sense_avg:  -1.0000   tns_sense_num: -1
 is current best
CDN_DP_region_0_2_c7 in Conv: area: 100938780 ,dp = 3 mux = 1 sg = very_fast    worst_clk_period: -1.0000 
    wns: 0  norm_wns:  -1.0000 
    fail_endp: -1 
    tns:  0  tns_per_endp:  -1.0000   norm_tns_per_endp:  -1.0000 
    tns_sense_max:  -1.0000  tns_sense_avg:  -1.0000   tns_sense_num: -1

Best config: CDN_DP_region_0_2_c6 in Conv: area: 67292520 ,dp = 3 mux = 1 sg = very_fast    worst_clk_period: -1.0000 
    wns: 0  norm_wns:  -1.0000 
    fail_endp: -1 
    tns:  0  tns_per_endp:  -1.0000   norm_tns_per_endp:  -1.0000 
    tns_sense_max:  -1.0000  tns_sense_avg:  -1.0000   tns_sense_num: -1
  Smallest config area : 67292520.  Fastest config wns;  0
##>+----------------------------------------------------------------------------------------------------------------------------------------------------------------+
##>Summary table of configs (Best config is CDN_DP_region_0_2_c6)
##>+----------------------------------------------------------------------------------------------------------------------------------------------------------------+
##>                     0                  1                  2                  3                  4                  5                  6                  7            
##>+----------------------------------------------------------------------------------------------------------------------------------------------------------------+
##>           Area         81311795           67292520           67292520           67292520           67292520           67292520           67292520          100938780  
##>            WNS         +1596.20           +1596.20           +1596.20           +1596.20           +1596.20           +1596.20           +1596.20           +1596.20  
##>            TNS                0                  0                  0                  0                  0                  0                  0                  0  
##>    Num Rewrite                0                  0                  0                  0                  0                  0                  0                  1  
##>     Num Factor                0                  0                  0                  0                  0                  0                  0                  0  
##>      Num Share                0                  0                  0                  0                  0                  0                  0                  0  
##>   Num CmultCse                0                  0                  0                  0                  0                  0                  0                  0  
##>   Num Downsize                0                  0                  0                  0                  0                  0                  0                  0  
##>  Num Speculate                0                  0                  0                  0                  0                  0                  0                  0  
##>     Runtime(s)                0                  0                  0                  0                  0                  0                  0                  0  
+----------------------------------------------------------------------------------------------------------------------------------------------------------------+
##>
##>
##>+------------------------------------------------------------------------------------------------------------------------------------------------------------+
##>Optimization Step DEBUG Table for config CDN_DP_region_0_2_c6
##>
##>                          Step                        Area   ( % Chg)        WNS (Change)        TNS (Change)          Runtime (s)        Comment                   
##>+------------------------------------------------------------------------------------------------------------------------------------------------------------+
##>createMaxCarrySave              START               81311795 (      )    107375778.60 (        )             0 (        )              
##> datapath_rewrite_one_def       START               81311795 ( +0.00)    107375778.60 (   +0.00)             0 (       0)              
##>  fast_cse_elim                 START               81311795 ( +0.00)    107375778.60 (   +0.00)             0 (       0)              
##>                                  END               81311795 ( +0.00)    107375778.60 (   +0.00)             0 (       0)           0  
##>  fast_cse_elim                 START               81311795 ( +0.00)    107375778.60 (   +0.00)             0 (       0)              
##>                                  END               81311795 ( +0.00)    107375778.60 (   +0.00)             0 (       0)           0  
##>                                  END               81311795 ( +0.00)    107375778.60 (   +0.00)             0 (       0)           0  
##> dpopt_share_one_def            START               81311795 ( +0.00)    107375778.60 (   +0.00)             0 (       0)              
##>                                  END               81311795 ( +0.00)    107375778.60 (   +0.00)             0 (       0)           0  
##> csa_opto                       START               81311795 ( +0.00)    214748364.70 (+107372586.10)             0 (       0)              
##>                                  END               95331070 (+17.24)    214748364.70 (   +0.00)             0 (       0)           0  
##>                                  END               95331070 (+17.24)    214748364.70 (+107372586.10)             0 (       0)           0  
##>canonicalize_by_names           START               95331070 ( +0.00)    214748364.70 (   +0.00)             0 (       0)              
##>                                  END               95331070 ( +0.00)    214748364.70 (   +0.00)             0 (       0)           0  
##>datapath_rewrite_post_csa_one_  START               95331070 ( +0.00)    214748364.70 (   +0.00)             0 (       0)              
##>                                  END               95331070 ( +0.00)    214748364.70 (   +0.00)             0 (       0)           0  
##>datapath_csa_factoring_one_gde  START               95331070 ( +0.00)    214748364.70 (   +0.00)             0 (       0)              
##>                                  END               95331070 ( +0.00)    214748364.70 (   +0.00)             0 (       0)           0  
##>dpopt_share_one_def             START               95331070 ( +0.00)    214748364.70 (   +0.00)             0 (       0)              
##>                                  END               95331070 ( +0.00)    214748364.70 (   +0.00)             0 (       0)           0  
##>datapath_rewrite_post_share     START               95331070 ( +0.00)    214748364.70 (   +0.00)             0 (       0)              
##>                                  END               95331070 ( +0.00)    214748364.70 (   +0.00)             0 (       0)           0  
##>dp_combine_const_mult_with_com  START               95331070 ( +0.00)    214748364.70 (   +0.00)             0 (       0)              
##>                                  END               95331070 ( +0.00)    214748364.70 (   +0.00)             0 (       0)           0  
##>dp_operator_level_decompositio  START               95331070 ( +0.00)    214748364.70 (   +0.00)             0 (       0)              
##>                                  END               95331070 ( +0.00)    214748364.70 (   +0.00)             0 (       0)           0  
##>selective_flatten_dp_config     START               95331070 ( +0.00)    214748364.70 (   +0.00)             0 (       0)              
##>                                  END               95331070 ( +0.00)    214748364.70 (   +0.00)             0 (       0)           0  
##>createMaxCarrySave              START               95331070 ( +0.00)    214748364.70 (   +0.00)             0 (       0)              
##> datapath_rewrite_one_def       START               95331070 ( +0.00)    214748364.70 (   +0.00)             0 (       0)              
##>  fast_cse_elim                 START               95331070 ( +0.00)    214748364.70 (   +0.00)             0 (       0)              
##>                                  END               95331070 ( +0.00)    214748364.70 (   +0.00)             0 (       0)           0  
##>  fast_cse_elim                 START               95331070 ( +0.00)    214748364.70 (   +0.00)             0 (       0)              
##>                                  END               95331070 ( +0.00)    214748364.70 (   +0.00)             0 (       0)           0  
##>                                  END               95331070 ( +0.00)    214748364.70 (   +0.00)             0 (       0)           0  
##> dpopt_share_one_def            START               95331070 ( +0.00)    214748364.70 (   +0.00)             0 (       0)              
##>                                  END               95331070 ( +0.00)    214748364.70 (   +0.00)             0 (       0)           0  
##> csa_opto                       START               95331070 ( +0.00)    214748364.70 (   +0.00)             0 (       0)              
##>                                  END               95331070 ( +0.00)    214748364.70 (   +0.00)             0 (       0)           0  
##>                                  END               95331070 ( +0.00)    214748364.70 (   +0.00)             0 (       0)           0  
##>context_based_simplify          START               72900230 (-23.53)    214748364.70 (   +0.00)             0 (       0)              
##>                                  END               67292520 ( -7.69)    214748364.70 (   +0.00)             0 (       0)           0  
##>group_csa_final_adder_dp        START               67292520 ( +0.00)    214748364.70 (   +0.00)             0 (       0)              
##>                                  END               67292520 ( +0.00)    214748364.70 (   +0.00)             0 (       0)           0  
##>dpopt_flatten_critical_muxes_i  START               67292520 ( +0.00)    214748364.70 (   +0.00)             0 (       0)              
##>                                  END               67292520 ( +0.00)    214748364.70 (   +0.00)             0 (       0)           0  
##>create_score                    START               67292520 ( +0.00)     1596.20 (-214746768.50)             0 (       0)              
##>                                  END               67292520 ( +0.00)     1596.20 (   +0.00)             0 (       0)           0  
##>+------------------------------------------------------------------------------------------------------------------------------------------------------------+
Committed config: CDN_DP_region_0_2_c6
Warning : Maximum message print count reached. [MESG-11]
        : Maximum print count of '20' reached for message 'DPOPT-4'.
          Optimizations applied to 'very_fast' configuration:
            rewriting(0), factoring(0), sharing(0), cmultcse(0), downsizing(0), speculation(0)
CSAGen Prep Share:0 Re-Write:0 Speculation: 0
CDN_DP_region_6_0 level = 0 loads = 0 drivers = 0
MaxCSA: Successfully built Maximal CSA Expression Expr22
CDN_DP_region_6_0_c0 in Multip_382: area: 10536887090 ,dp = 1 mux = 0 sg = slow         worst_clk_period: -1.0000 
    wns: 0  norm_wns:  -1.0000 
    fail_endp: -1 
    tns:  0  tns_per_endp:  -1.0000   norm_tns_per_endp:  -1.0000 
    tns_sense_max:  -1.0000  tns_sense_avg:  -1.0000   tns_sense_num: -1
 skipped
CDN_DP_region_6_0_c1 in Multip_382: area: 10536887090 ,dp = 1 mux = 0 sg = fast         worst_clk_period: -1.0000 
    wns: 0  norm_wns:  -1.0000 
    fail_endp: -1 
    tns:  0  tns_per_endp:  -1.0000   norm_tns_per_endp:  -1.0000 
    tns_sense_max:  -1.0000  tns_sense_avg:  -1.0000   tns_sense_num: -1
 is current best
CDN_DP_region_6_0_c2 in Multip_382: area: 10536887090 ,dp = 1 mux = 0 sg = very_slow    worst_clk_period: -1.0000 
    wns: 0  norm_wns:  -1.0000 
    fail_endp: -1 
    tns:  0  tns_per_endp:  -1.0000   norm_tns_per_endp:  -1.0000 
    tns_sense_max:  -1.0000  tns_sense_avg:  -1.0000   tns_sense_num: -1
 is current best
CDN_DP_region_6_0_c3 in Multip_382: area: 10536887090 ,dp = 1 mux = 0 sg = very_fast    worst_clk_period: -1.0000 
    wns: 0  norm_wns:  -1.0000 
    fail_endp: -1 
    tns:  0  tns_per_endp:  -1.0000   norm_tns_per_endp:  -1.0000 
    tns_sense_max:  -1.0000  tns_sense_avg:  -1.0000   tns_sense_num: -1
 is current best
CDN_DP_region_6_0_c4 in Multip_382: area: 10536887090 ,dp = 1 mux = 0 sg = very_fast    worst_clk_period: -1.0000 
    wns: 0  norm_wns:  -1.0000 
    fail_endp: -1 
    tns:  0  tns_per_endp:  -1.0000   norm_tns_per_endp:  -1.0000 
    tns_sense_max:  -1.0000  tns_sense_avg:  -1.0000   tns_sense_num: -1
 is current best
CDN_DP_region_6_0_c5 in Multip_382: area: 10536887090 ,dp = 1 mux = 0 sg = very_fast    worst_clk_period: -1.0000 
    wns: 0  norm_wns:  -1.0000 
    fail_endp: -1 
    tns:  0  tns_per_endp:  -1.0000   norm_tns_per_endp:  -1.0000 
    tns_sense_max:  -1.0000  tns_sense_avg:  -1.0000   tns_sense_num: -1
 is current best
CDN_DP_region_6_0_c6 in Multip_382: area: 10536887090 ,dp = 1 mux = 0 sg = very_fast    worst_clk_period: -1.0000 
    wns: 0  norm_wns:  -1.0000 
    fail_endp: -1 
    tns:  0  tns_per_endp:  -1.0000   norm_tns_per_endp:  -1.0000 
    tns_sense_max:  -1.0000  tns_sense_avg:  -1.0000   tns_sense_num: -1
 is current best
CDN_DP_region_6_0_c7 in Multip_382: area: 10536887090 ,dp = 1 mux = 0 sg = very_fast    worst_clk_period: -1.0000 
    wns: 0  norm_wns:  -1.0000 
    fail_endp: -1 
    tns:  0  tns_per_endp:  -1.0000   norm_tns_per_endp:  -1.0000 
    tns_sense_max:  -1.0000  tns_sense_avg:  -1.0000   tns_sense_num: -1
 is current best
Best config: CDN_DP_region_6_0_c7 in Multip_382: area: 10536887090 ,dp = 1 mux = 0 sg = very_fast    worst_clk_period: -1.0000 
    wns: 0  norm_wns:  -1.0000 
    fail_endp: -1 
    tns:  0  tns_per_endp:  -1.0000   norm_tns_per_endp:  -1.0000 
    tns_sense_max:  -1.0000  tns_sense_avg:  -1.0000   tns_sense_num: -1
  Smallest config area : 10536887090.  Fastest config wns;  0
##>+----------------------------------------------------------------------------------------------------------------------------------------------------------------+
##>Summary table of configs (Best config is CDN_DP_region_6_0_c7)
##>+----------------------------------------------------------------------------------------------------------------------------------------------------------------+
##>                     0                  1                  2                  3                  4                  5                  6                  7            
##>+----------------------------------------------------------------------------------------------------------------------------------------------------------------+
##>           Area      10536887090        10536887090        10536887090        10536887090        10536887090        10536887090        10536887090        10536887090  
##>            WNS         +1228.20           +1228.20           +1228.20           +1228.20           +1228.20           +1228.20           +1228.20           +1228.20  
##>            TNS                0                  0                  0                  0                  0                  0                  0                  0  
##>    Num Rewrite                0                  0                  0                  0                  0                  0                  0                  0  
##>     Num Factor                0                  0                  0                  0                  0                  0                  0                  0  
##>      Num Share                0                  0                  0                  0                  0                  0                  0                  0  
##>   Num CmultCse                0                  0                  0                  0                  0                  0                  0                  0  
##>   Num Downsize                0                  0                  0                  0                  0                  0                  0                  0  
##>  Num Speculate                0                  0                  0                  0                  0                  0                  0                  0  
##>     Runtime(s)                0                  0                  0                  0                  0                  0                  0                  0  
+----------------------------------------------------------------------------------------------------------------------------------------------------------------+
##>
##>
##>+------------------------------------------------------------------------------------------------------------------------------------------------------------+
##>Optimization Step DEBUG Table for config CDN_DP_region_6_0_c7
##>
##>                          Step                        Area   ( % Chg)        WNS (Change)        TNS (Change)          Runtime (s)        Comment                   
##>+------------------------------------------------------------------------------------------------------------------------------------------------------------+
##>EquationExtraction              START            10536887090 (      )     1228.20 (        )             0 (        )              
##> rewrite                        START            38791333925 (+268.15)     1217.70 (  -10.50)             0 (       0)              (a,ar) Expr22_from --> Expr22_to
##>                                  END            23019649550 (-40.66)     1215.30 (   -2.40)             0 (       0)           0  
##>                                  END            10536887090 ( +0.00)     1228.20 (   +0.00)             0 (       0)           0  
##>createMaxCarrySave              START            10536887090 ( +0.00)     1228.20 (   +0.00)             0 (       0)              
##> datapath_rewrite_one_def       START            10536887090 ( +0.00)     1228.20 (   +0.00)             0 (       0)              
##>                                  END            10536887090 ( +0.00)     1228.20 (   +0.00)             0 (       0)           0  
##> csa_opto                       START            10536887090 ( +0.00)     1228.20 (   +0.00)             0 (       0)              
##>                                  END            10536887090 ( +0.00)     1228.20 (   +0.00)             0 (       0)           0  
##>                                  END            10536887090 ( +0.00)     1228.20 (   +0.00)             0 (       0)           0  
##>canonicalize_by_names           START            10536887090 ( +0.00)     1228.20 (   +0.00)             0 (       0)              
##>                                  END            10536887090 ( +0.00)     1228.20 (   +0.00)             0 (       0)           0  
##>datapath_rewrite_post_csa_one_  START            10536887090 ( +0.00)     1228.20 (   +0.00)             0 (       0)              
##>                                  END            10536887090 ( +0.00)     1228.20 (   +0.00)             0 (       0)           0  
##>datapath_csa_factoring_one_gde  START            10536887090 ( +0.00)     1228.20 (   +0.00)             0 (       0)              
##>                                  END            10536887090 ( +0.00)     1228.20 (   +0.00)             0 (       0)           0  
##>dpopt_share_one_def             START            10536887090 ( +0.00)     1228.20 (   +0.00)             0 (       0)              
##>                                  END            10536887090 ( +0.00)     1228.20 (   +0.00)             0 (       0)           0  
##>datapath_rewrite_post_share     START            10536887090 ( +0.00)     1228.20 (   +0.00)             0 (       0)              
##>                                  END            10536887090 ( +0.00)     1228.20 (   +0.00)             0 (       0)           0  
##>dp_combine_const_mult_with_com  START            10536887090 ( +0.00)     1228.20 (   +0.00)             0 (       0)              
##>                                  END            10536887090 ( +0.00)     1228.20 (   +0.00)             0 (       0)           0  
##>dp_operator_level_decompositio  START            10536887090 ( +0.00)     1228.20 (   +0.00)             0 (       0)              
##>                                  END            10536887090 ( +0.00)     1228.20 (   +0.00)             0 (       0)           0  
##>selective_flatten_dp_config     START            10536887090 ( +0.00)     1228.20 (   +0.00)             0 (       0)              
##>                                  END            10536887090 ( +0.00)     1228.20 (   +0.00)             0 (       0)           0  
##>createMaxCarrySave              START            10536887090 ( +0.00)     1228.20 (   +0.00)             0 (       0)              
##> datapath_rewrite_one_def       START            10536887090 ( +0.00)     1228.20 (   +0.00)             0 (       0)              
##>  fast_cse_elim                 START            10536887090 ( +0.00)     1228.20 (   +0.00)             0 (       0)              
##>                                  END            10536887090 ( +0.00)     1228.20 (   +0.00)             0 (       0)           0  
##>  fast_cse_elim                 START            10536887090 ( +0.00)     1228.20 (   +0.00)             0 (       0)              
##>                                  END            10536887090 ( +0.00)     1228.20 (   +0.00)             0 (       0)           0  
##>                                  END            10536887090 ( +0.00)     1228.20 (   +0.00)             0 (       0)           0  
##> csa_opto                       START            10536887090 ( +0.00)     1228.20 (   +0.00)             0 (       0)              
##>                                  END            10536887090 ( +0.00)     1228.20 (   +0.00)             0 (       0)           0  
##>                                  END            10536887090 ( +0.00)     1228.20 (   +0.00)             0 (       0)           0  
##>context_based_simplify          START            10536887090 ( +0.00)     1228.20 (   +0.00)             0 (       0)              
##>                                  END            10536887090 ( +0.00)     1228.20 (   +0.00)             0 (       0)           0  
##>group_csa_final_adder_dp        START            10536887090 ( +0.00)     1228.20 (   +0.00)             0 (       0)              
##>                                  END            10536887090 ( +0.00)     1228.20 (   +0.00)             0 (       0)           0  
##>dpopt_flatten_critical_muxes_i  START            10536887090 ( +0.00)     1228.20 (   +0.00)             0 (       0)              
##>                                  END            10536887090 ( +0.00)     1228.20 (   +0.00)             0 (       0)           0  
##>create_score                    START            10536887090 ( +0.00)     1228.20 (   +0.00)             0 (       0)              
##>                                  END            10536887090 ( +0.00)     1228.20 (   +0.00)             0 (       0)           0  
##>+------------------------------------------------------------------------------------------------------------------------------------------------------------+
Committed config: CDN_DP_region_6_0_c7
          Optimizations applied to 'very_fast' configuration:
            rewriting(0), factoring(0), sharing(0), cmultcse(0), downsizing(0), speculation(0)
CSAGen Prep Share:0 Re-Write:0 Speculation: 0
CDN_DP_region_7_0 level = 0 loads = 0 drivers = 0
MaxCSA: Successfully built Maximal CSA Expression Expr23
CDN_DP_region_7_0_c0 in Multip_383: area: 10536887090 ,dp = 1 mux = 0 sg = slow         worst_clk_period: -1.0000 
    wns: 0  norm_wns:  -1.0000 
    fail_endp: -1 
    tns:  0  tns_per_endp:  -1.0000   norm_tns_per_endp:  -1.0000 
    tns_sense_max:  -1.0000  tns_sense_avg:  -1.0000   tns_sense_num: -1
 skipped
CDN_DP_region_7_0_c1 in Multip_383: area: 10536887090 ,dp = 1 mux = 0 sg = fast         worst_clk_period: -1.0000 
    wns: 0  norm_wns:  -1.0000 
    fail_endp: -1 
    tns:  0  tns_per_endp:  -1.0000   norm_tns_per_endp:  -1.0000 
    tns_sense_max:  -1.0000  tns_sense_avg:  -1.0000   tns_sense_num: -1
 is current best
CDN_DP_region_7_0_c2 in Multip_383: area: 10536887090 ,dp = 1 mux = 0 sg = very_slow    worst_clk_period: -1.0000 
    wns: 0  norm_wns:  -1.0000 
    fail_endp: -1 
    tns:  0  tns_per_endp:  -1.0000   norm_tns_per_endp:  -1.0000 
    tns_sense_max:  -1.0000  tns_sense_avg:  -1.0000   tns_sense_num: -1
 is current best
CDN_DP_region_7_0_c3 in Multip_383: area: 10536887090 ,dp = 1 mux = 0 sg = very_fast    worst_clk_period: -1.0000 
    wns: 0  norm_wns:  -1.0000 
    fail_endp: -1 
    tns:  0  tns_per_endp:  -1.0000   norm_tns_per_endp:  -1.0000 
    tns_sense_max:  -1.0000  tns_sense_avg:  -1.0000   tns_sense_num: -1
 is current best
CDN_DP_region_7_0_c4 in Multip_383: area: 10536887090 ,dp = 1 mux = 0 sg = very_fast    worst_clk_period: -1.0000 
    wns: 0  norm_wns:  -1.0000 
    fail_endp: -1 
    tns:  0  tns_per_endp:  -1.0000   norm_tns_per_endp:  -1.0000 
    tns_sense_max:  -1.0000  tns_sense_avg:  -1.0000   tns_sense_num: -1
 is current best
CDN_DP_region_7_0_c5 in Multip_383: area: 10536887090 ,dp = 1 mux = 0 sg = very_fast    worst_clk_period: -1.0000 
    wns: 0  norm_wns:  -1.0000 
    fail_endp: -1 
    tns:  0  tns_per_endp:  -1.0000   norm_tns_per_endp:  -1.0000 
    tns_sense_max:  -1.0000  tns_sense_avg:  -1.0000   tns_sense_num: -1
 is current best
CDN_DP_region_7_0_c6 in Multip_383: area: 10536887090 ,dp = 1 mux = 0 sg = very_fast    worst_clk_period: -1.0000 
    wns: 0  norm_wns:  -1.0000 
    fail_endp: -1 
    tns:  0  tns_per_endp:  -1.0000   norm_tns_per_endp:  -1.0000 
    tns_sense_max:  -1.0000  tns_sense_avg:  -1.0000   tns_sense_num: -1
 is current best
CDN_DP_region_7_0_c7 in Multip_383: area: 10536887090 ,dp = 1 mux = 0 sg = very_fast    worst_clk_period: -1.0000 
    wns: 0  norm_wns:  -1.0000 
    fail_endp: -1 
    tns:  0  tns_per_endp:  -1.0000   norm_tns_per_endp:  -1.0000 
    tns_sense_max:  -1.0000  tns_sense_avg:  -1.0000   tns_sense_num: -1
 is current best
Best config: CDN_DP_region_7_0_c7 in Multip_383: area: 10536887090 ,dp = 1 mux = 0 sg = very_fast    worst_clk_period: -1.0000 
    wns: 0  norm_wns:  -1.0000 
    fail_endp: -1 
    tns:  0  tns_per_endp:  -1.0000   norm_tns_per_endp:  -1.0000 
    tns_sense_max:  -1.0000  tns_sense_avg:  -1.0000   tns_sense_num: -1
  Smallest config area : 10536887090.  Fastest config wns;  0
##>+----------------------------------------------------------------------------------------------------------------------------------------------------------------+
##>Summary table of configs (Best config is CDN_DP_region_7_0_c7)
##>+----------------------------------------------------------------------------------------------------------------------------------------------------------------+
##>                     0                  1                  2                  3                  4                  5                  6                  7            
##>+----------------------------------------------------------------------------------------------------------------------------------------------------------------+
##>           Area      10536887090        10536887090        10536887090        10536887090        10536887090        10536887090        10536887090        10536887090  
##>            WNS         +1219.50           +1219.50           +1219.50           +1219.50           +1219.50           +1219.50           +1219.50           +1219.50  
##>            TNS                0                  0                  0                  0                  0                  0                  0                  0  
##>    Num Rewrite                0                  0                  0                  0                  0                  0                  0                  0  
##>     Num Factor                0                  0                  0                  0                  0                  0                  0                  0  
##>      Num Share                0                  0                  0                  0                  0                  0                  0                  0  
##>   Num CmultCse                0                  0                  0                  0                  0                  0                  0                  0  
##>   Num Downsize                0                  0                  0                  0                  0                  0                  0                  0  
##>  Num Speculate                0                  0                  0                  0                  0                  0                  0                  0  
##>     Runtime(s)                0                  0                  0                  0                  0                  0                  0                  0  
+----------------------------------------------------------------------------------------------------------------------------------------------------------------+
##>
##>
##>+------------------------------------------------------------------------------------------------------------------------------------------------------------+
##>Optimization Step DEBUG Table for config CDN_DP_region_7_0_c7
##>
##>                          Step                        Area   ( % Chg)        WNS (Change)        TNS (Change)          Runtime (s)        Comment                   
##>+------------------------------------------------------------------------------------------------------------------------------------------------------------+
##>EquationExtraction              START            10536887090 (      )     1219.50 (        )             0 (        )              
##> rewrite                        START            38791333925 (+268.15)     1209.00 (  -10.50)             0 (       0)              (a,ar) Expr23_from --> Expr23_to
##>                                  END            23019649550 (-40.66)     1206.60 (   -2.40)             0 (       0)           0  
##>                                  END            10536887090 ( +0.00)     1219.50 (   +0.00)             0 (       0)           0  
##>createMaxCarrySave              START            10536887090 ( +0.00)     1219.50 (   +0.00)             0 (       0)              
##> datapath_rewrite_one_def       START            10536887090 ( +0.00)     1219.50 (   +0.00)             0 (       0)              
##>                                  END            10536887090 ( +0.00)     1219.50 (   +0.00)             0 (       0)           0  
##> csa_opto                       START            10536887090 ( +0.00)     1219.50 (   +0.00)             0 (       0)              
##>                                  END            10536887090 ( +0.00)     1219.50 (   +0.00)             0 (       0)           0  
##>                                  END            10536887090 ( +0.00)     1219.50 (   +0.00)             0 (       0)           0  
##>canonicalize_by_names           START            10536887090 ( +0.00)     1219.50 (   +0.00)             0 (       0)              
##>                                  END            10536887090 ( +0.00)     1219.50 (   +0.00)             0 (       0)           0  
##>datapath_rewrite_post_csa_one_  START            10536887090 ( +0.00)     1219.50 (   +0.00)             0 (       0)              
##>                                  END            10536887090 ( +0.00)     1219.50 (   +0.00)             0 (       0)           0  
##>datapath_csa_factoring_one_gde  START            10536887090 ( +0.00)     1219.50 (   +0.00)             0 (       0)              
##>                                  END            10536887090 ( +0.00)     1219.50 (   +0.00)             0 (       0)           0  
##>dpopt_share_one_def             START            10536887090 ( +0.00)     1219.50 (   +0.00)             0 (       0)              
##>                                  END            10536887090 ( +0.00)     1219.50 (   +0.00)             0 (       0)           0  
##>datapath_rewrite_post_share     START            10536887090 ( +0.00)     1219.50 (   +0.00)             0 (       0)              
##>                                  END            10536887090 ( +0.00)     1219.50 (   +0.00)             0 (       0)           0  
##>dp_combine_const_mult_with_com  START            10536887090 ( +0.00)     1219.50 (   +0.00)             0 (       0)              
##>                                  END            10536887090 ( +0.00)     1219.50 (   +0.00)             0 (       0)           0  
##>dp_operator_level_decompositio  START            10536887090 ( +0.00)     1219.50 (   +0.00)             0 (       0)              
##>                                  END            10536887090 ( +0.00)     1219.50 (   +0.00)             0 (       0)           0  
##>selective_flatten_dp_config     START            10536887090 ( +0.00)     1219.50 (   +0.00)             0 (       0)              
##>                                  END            10536887090 ( +0.00)     1219.50 (   +0.00)             0 (       0)           0  
##>createMaxCarrySave              START            10536887090 ( +0.00)     1219.50 (   +0.00)             0 (       0)              
##> datapath_rewrite_one_def       START            10536887090 ( +0.00)     1219.50 (   +0.00)             0 (       0)              
##>  fast_cse_elim                 START            10536887090 ( +0.00)     1219.50 (   +0.00)             0 (       0)              
##>                                  END            10536887090 ( +0.00)     1219.50 (   +0.00)             0 (       0)           0  
##>  fast_cse_elim                 START            10536887090 ( +0.00)     1219.50 (   +0.00)             0 (       0)              
##>                                  END            10536887090 ( +0.00)     1219.50 (   +0.00)             0 (       0)           0  
##>                                  END            10536887090 ( +0.00)     1219.50 (   +0.00)             0 (       0)           0  
##> csa_opto                       START            10536887090 ( +0.00)     1219.50 (   +0.00)             0 (       0)              
##>                                  END            10536887090 ( +0.00)     1219.50 (   +0.00)             0 (       0)           0  
##>                                  END            10536887090 ( +0.00)     1219.50 (   +0.00)             0 (       0)           0  
##>context_based_simplify          START            10536887090 ( +0.00)     1219.50 (   +0.00)             0 (       0)              
##>                                  END            10536887090 ( +0.00)     1219.50 (   +0.00)             0 (       0)           0  
##>group_csa_final_adder_dp        START            10536887090 ( +0.00)     1219.50 (   +0.00)             0 (       0)              
##>                                  END            10536887090 ( +0.00)     1219.50 (   +0.00)             0 (       0)           0  
##>dpopt_flatten_critical_muxes_i  START            10536887090 ( +0.00)     1219.50 (   +0.00)             0 (       0)              
##>                                  END            10536887090 ( +0.00)     1219.50 (   +0.00)             0 (       0)           0  
##>create_score                    START            10536887090 ( +0.00)     1219.50 (   +0.00)             0 (       0)              
##>                                  END            10536887090 ( +0.00)     1219.50 (   +0.00)             0 (       0)           0  
##>+------------------------------------------------------------------------------------------------------------------------------------------------------------+
Committed config: CDN_DP_region_7_0_c7
          Optimizations applied to 'very_fast' configuration:
            rewriting(0), factoring(0), sharing(0), cmultcse(0), downsizing(0), speculation(0)
CSAGen Prep Share:0 Re-Write:0 Speculation: 0
CDN_DP_region_8_0 level = 0 loads = 0 drivers = 0
MaxCSA: Successfully built Maximal CSA Expression Expr24
CDN_DP_region_8_0_c0 in Multip_384: area: 10536887090 ,dp = 1 mux = 0 sg = slow         worst_clk_period: -1.0000 
    wns: 0  norm_wns:  -1.0000 
    fail_endp: -1 
    tns:  0  tns_per_endp:  -1.0000   norm_tns_per_endp:  -1.0000 
    tns_sense_max:  -1.0000  tns_sense_avg:  -1.0000   tns_sense_num: -1
 skipped
CDN_DP_region_8_0_c1 in Multip_384: area: 10536887090 ,dp = 1 mux = 0 sg = fast         worst_clk_period: -1.0000 
    wns: 0  norm_wns:  -1.0000 
    fail_endp: -1 
    tns:  0  tns_per_endp:  -1.0000   norm_tns_per_endp:  -1.0000 
    tns_sense_max:  -1.0000  tns_sense_avg:  -1.0000   tns_sense_num: -1
 is current best
CDN_DP_region_8_0_c2 in Multip_384: area: 10536887090 ,dp = 1 mux = 0 sg = very_slow    worst_clk_period: -1.0000 
    wns: 0  norm_wns:  -1.0000 
    fail_endp: -1 
    tns:  0  tns_per_endp:  -1.0000   norm_tns_per_endp:  -1.0000 
    tns_sense_max:  -1.0000  tns_sense_avg:  -1.0000   tns_sense_num: -1
 is current best
CDN_DP_region_8_0_c3 in Multip_384: area: 10536887090 ,dp = 1 mux = 0 sg = very_fast    worst_clk_period: -1.0000 
    wns: 0  norm_wns:  -1.0000 
    fail_endp: -1 
    tns:  0  tns_per_endp:  -1.0000   norm_tns_per_endp:  -1.0000 
    tns_sense_max:  -1.0000  tns_sense_avg:  -1.0000   tns_sense_num: -1
 is current best
CDN_DP_region_8_0_c4 in Multip_384: area: 10536887090 ,dp = 1 mux = 0 sg = very_fast    worst_clk_period: -1.0000 
    wns: 0  norm_wns:  -1.0000 
    fail_endp: -1 
    tns:  0  tns_per_endp:  -1.0000   norm_tns_per_endp:  -1.0000 
    tns_sense_max:  -1.0000  tns_sense_avg:  -1.0000   tns_sense_num: -1
 is current best
CDN_DP_region_8_0_c5 in Multip_384: area: 10536887090 ,dp = 1 mux = 0 sg = very_fast    worst_clk_period: -1.0000 
    wns: 0  norm_wns:  -1.0000 
    fail_endp: -1 
    tns:  0  tns_per_endp:  -1.0000   norm_tns_per_endp:  -1.0000 
    tns_sense_max:  -1.0000  tns_sense_avg:  -1.0000   tns_sense_num: -1
 is current best
CDN_DP_region_8_0_c6 in Multip_384: area: 10536887090 ,dp = 1 mux = 0 sg = very_fast    worst_clk_period: -1.0000 
    wns: 0  norm_wns:  -1.0000 
    fail_endp: -1 
    tns:  0  tns_per_endp:  -1.0000   norm_tns_per_endp:  -1.0000 
    tns_sense_max:  -1.0000  tns_sense_avg:  -1.0000   tns_sense_num: -1
 is current best
CDN_DP_region_8_0_c7 in Multip_384: area: 10536887090 ,dp = 1 mux = 0 sg = very_fast    worst_clk_period: -1.0000 
    wns: 0  norm_wns:  -1.0000 
    fail_endp: -1 
    tns:  0  tns_per_endp:  -1.0000   norm_tns_per_endp:  -1.0000 
    tns_sense_max:  -1.0000  tns_sense_avg:  -1.0000   tns_sense_num: -1
 is current best
Best config: CDN_DP_region_8_0_c7 in Multip_384: area: 10536887090 ,dp = 1 mux = 0 sg = very_fast    worst_clk_period: -1.0000 
    wns: 0  norm_wns:  -1.0000 
    fail_endp: -1 
    tns:  0  tns_per_endp:  -1.0000   norm_tns_per_endp:  -1.0000 
    tns_sense_max:  -1.0000  tns_sense_avg:  -1.0000   tns_sense_num: -1
  Smallest config area : 10536887090.  Fastest config wns;  0
##>+----------------------------------------------------------------------------------------------------------------------------------------------------------------+
##>Summary table of configs (Best config is CDN_DP_region_8_0_c7)
##>+----------------------------------------------------------------------------------------------------------------------------------------------------------------+
##>                     0                  1                  2                  3                  4                  5                  6                  7            
##>+----------------------------------------------------------------------------------------------------------------------------------------------------------------+
##>           Area      10536887090        10536887090        10536887090        10536887090        10536887090        10536887090        10536887090        10536887090  
##>            WNS         +1228.20           +1228.20           +1228.20           +1228.20           +1228.20           +1228.20           +1228.20           +1228.20  
##>            TNS                0                  0                  0                  0                  0                  0                  0                  0  
##>    Num Rewrite                0                  0                  0                  0                  0                  0                  0                  0  
##>     Num Factor                0                  0                  0                  0                  0                  0                  0                  0  
##>      Num Share                0                  0                  0                  0                  0                  0                  0                  0  
##>   Num CmultCse                0                  0                  0                  0                  0                  0                  0                  0  
##>   Num Downsize                0                  0                  0                  0                  0                  0                  0                  0  
##>  Num Speculate                0                  0                  0                  0                  0                  0                  0                  0  
##>     Runtime(s)                0                  0                  0                  0                  0                  0                  0                  0  
+----------------------------------------------------------------------------------------------------------------------------------------------------------------+
##>
##>
##>+------------------------------------------------------------------------------------------------------------------------------------------------------------+
##>Optimization Step DEBUG Table for config CDN_DP_region_8_0_c7
##>
##>                          Step                        Area   ( % Chg)        WNS (Change)        TNS (Change)          Runtime (s)        Comment                   
##>+------------------------------------------------------------------------------------------------------------------------------------------------------------+
##>EquationExtraction              START            10536887090 (      )     1228.20 (        )             0 (        )              
##> rewrite                        START            38791333925 (+268.15)     1217.70 (  -10.50)             0 (       0)              (a,ar) Expr24_from --> Expr24_to
##>                                  END            23019649550 (-40.66)     1215.30 (   -2.40)             0 (       0)           0  
##>                                  END            10536887090 ( +0.00)     1228.20 (   +0.00)             0 (       0)           0  
##>createMaxCarrySave              START            10536887090 ( +0.00)     1228.20 (   +0.00)             0 (       0)              
##> datapath_rewrite_one_def       START            10536887090 ( +0.00)     1228.20 (   +0.00)             0 (       0)              
##>                                  END            10536887090 ( +0.00)     1228.20 (   +0.00)             0 (       0)           0  
##> csa_opto                       START            10536887090 ( +0.00)     1228.20 (   +0.00)             0 (       0)              
##>                                  END            10536887090 ( +0.00)     1228.20 (   +0.00)             0 (       0)           0  
##>                                  END            10536887090 ( +0.00)     1228.20 (   +0.00)             0 (       0)           0  
##>canonicalize_by_names           START            10536887090 ( +0.00)     1228.20 (   +0.00)             0 (       0)              
##>                                  END            10536887090 ( +0.00)     1228.20 (   +0.00)             0 (       0)           0  
##>datapath_rewrite_post_csa_one_  START            10536887090 ( +0.00)     1228.20 (   +0.00)             0 (       0)              
##>                                  END            10536887090 ( +0.00)     1228.20 (   +0.00)             0 (       0)           0  
##>datapath_csa_factoring_one_gde  START            10536887090 ( +0.00)     1228.20 (   +0.00)             0 (       0)              
##>                                  END            10536887090 ( +0.00)     1228.20 (   +0.00)             0 (       0)           0  
##>dpopt_share_one_def             START            10536887090 ( +0.00)     1228.20 (   +0.00)             0 (       0)              
##>                                  END            10536887090 ( +0.00)     1228.20 (   +0.00)             0 (       0)           0  
##>datapath_rewrite_post_share     START            10536887090 ( +0.00)     1228.20 (   +0.00)             0 (       0)              
##>                                  END            10536887090 ( +0.00)     1228.20 (   +0.00)             0 (       0)           0  
##>dp_combine_const_mult_with_com  START            10536887090 ( +0.00)     1228.20 (   +0.00)             0 (       0)              
##>                                  END            10536887090 ( +0.00)     1228.20 (   +0.00)             0 (       0)           0  
##>dp_operator_level_decompositio  START            10536887090 ( +0.00)     1228.20 (   +0.00)             0 (       0)              
##>                                  END            10536887090 ( +0.00)     1228.20 (   +0.00)             0 (       0)           0  
##>selective_flatten_dp_config     START            10536887090 ( +0.00)     1228.20 (   +0.00)             0 (       0)              
##>                                  END            10536887090 ( +0.00)     1228.20 (   +0.00)             0 (       0)           0  
##>createMaxCarrySave              START            10536887090 ( +0.00)     1228.20 (   +0.00)             0 (       0)              
##> datapath_rewrite_one_def       START            10536887090 ( +0.00)     1228.20 (   +0.00)             0 (       0)              
##>  fast_cse_elim                 START            10536887090 ( +0.00)     1228.20 (   +0.00)             0 (       0)              
##>                                  END            10536887090 ( +0.00)     1228.20 (   +0.00)             0 (       0)           0  
##>  fast_cse_elim                 START            10536887090 ( +0.00)     1228.20 (   +0.00)             0 (       0)              
##>                                  END            10536887090 ( +0.00)     1228.20 (   +0.00)             0 (       0)           0  
##>                                  END            10536887090 ( +0.00)     1228.20 (   +0.00)             0 (       0)           0  
##> csa_opto                       START            10536887090 ( +0.00)     1228.20 (   +0.00)             0 (       0)              
##>                                  END            10536887090 ( +0.00)     1228.20 (   +0.00)             0 (       0)           0  
##>                                  END            10536887090 ( +0.00)     1228.20 (   +0.00)             0 (       0)           0  
##>context_based_simplify          START            10536887090 ( +0.00)     1228.20 (   +0.00)             0 (       0)              
##>                                  END            10536887090 ( +0.00)     1228.20 (   +0.00)             0 (       0)           0  
##>group_csa_final_adder_dp        START            10536887090 ( +0.00)     1228.20 (   +0.00)             0 (       0)              
##>                                  END            10536887090 ( +0.00)     1228.20 (   +0.00)             0 (       0)           0  
##>dpopt_flatten_critical_muxes_i  START            10536887090 ( +0.00)     1228.20 (   +0.00)             0 (       0)              
##>                                  END            10536887090 ( +0.00)     1228.20 (   +0.00)             0 (       0)           0  
##>create_score                    START            10536887090 ( +0.00)     1228.20 (   +0.00)             0 (       0)              
##>                                  END            10536887090 ( +0.00)     1228.20 (   +0.00)             0 (       0)           0  
##>+------------------------------------------------------------------------------------------------------------------------------------------------------------+
Committed config: CDN_DP_region_8_0_c7
          Optimizations applied to 'very_fast' configuration:
            rewriting(0), factoring(0), sharing(0), cmultcse(0), downsizing(0), speculation(0)
CSAGen Prep Share:0 Re-Write:0 Speculation: 0
CDN_DP_region_0_10 level = 0 loads = 0 drivers = 0
MaxCSA: Successfully built Maximal CSA Expression Expr25
CDN_DP_region_0_10_c0 in Conv: area: 11215420 ,dp = 1 mux = 0 sg = slow         worst_clk_period: -1.0000 
    wns: 0  norm_wns:  -1.0000 
    fail_endp: -1 
    tns:  0  tns_per_endp:  -1.0000   norm_tns_per_endp:  -1.0000 
    tns_sense_max:  -1.0000  tns_sense_avg:  -1.0000   tns_sense_num: -1
 skipped
CDN_DP_region_0_10_c1 in Conv: area: 8411565 ,dp = 1 mux = 0 sg = fast         worst_clk_period: -1.0000 
    wns: 0  norm_wns:  -1.0000 
    fail_endp: -1 
    tns:  0  tns_per_endp:  -1.0000   norm_tns_per_endp:  -1.0000 
    tns_sense_max:  -1.0000  tns_sense_avg:  -1.0000   tns_sense_num: -1
 is current best
CDN_DP_region_0_10_c2 in Conv: area: 8411565 ,dp = 1 mux = 0 sg = very_slow    worst_clk_period: -1.0000 
    wns: 0  norm_wns:  -1.0000 
    fail_endp: -1 
    tns:  0  tns_per_endp:  -1.0000   norm_tns_per_endp:  -1.0000 
    tns_sense_max:  -1.0000  tns_sense_avg:  -1.0000   tns_sense_num: -1
 is current best
CDN_DP_region_0_10_c3 in Conv: area: 8411565 ,dp = 1 mux = 0 sg = very_fast    worst_clk_period: -1.0000 
    wns: 0  norm_wns:  -1.0000 
    fail_endp: -1 
    tns:  0  tns_per_endp:  -1.0000   norm_tns_per_endp:  -1.0000 
    tns_sense_max:  -1.0000  tns_sense_avg:  -1.0000   tns_sense_num: -1
 is current best
CDN_DP_region_0_10_c4 in Conv: area: 8411565 ,dp = 1 mux = 0 sg = very_fast    worst_clk_period: -1.0000 
    wns: 0  norm_wns:  -1.0000 
    fail_endp: -1 
    tns:  0  tns_per_endp:  -1.0000   norm_tns_per_endp:  -1.0000 
    tns_sense_max:  -1.0000  tns_sense_avg:  -1.0000   tns_sense_num: -1
 is current best
CDN_DP_region_0_10_c5 in Conv: area: 8411565 ,dp = 1 mux = 0 sg = very_fast    worst_clk_period: -1.0000 
    wns: 0  norm_wns:  -1.0000 
    fail_endp: -1 
    tns:  0  tns_per_endp:  -1.0000   norm_tns_per_endp:  -1.0000 
    tns_sense_max:  -1.0000  tns_sense_avg:  -1.0000   tns_sense_num: -1
 is current best
CDN_DP_region_0_10_c6 in Conv: area: 8411565 ,dp = 1 mux = 0 sg = very_fast    worst_clk_period: -1.0000 
    wns: 0  norm_wns:  -1.0000 
    fail_endp: -1 
    tns:  0  tns_per_endp:  -1.0000   norm_tns_per_endp:  -1.0000 
    tns_sense_max:  -1.0000  tns_sense_avg:  -1.0000   tns_sense_num: -1
 is current best
CDN_DP_region_0_10_c7 in Conv: area: 8411565 ,dp = 1 mux = 0 sg = very_fast    worst_clk_period: -1.0000 
    wns: 0  norm_wns:  -1.0000 
    fail_endp: -1 
    tns:  0  tns_per_endp:  -1.0000   norm_tns_per_endp:  -1.0000 
    tns_sense_max:  -1.0000  tns_sense_avg:  -1.0000   tns_sense_num: -1
 is current best
Best config: CDN_DP_region_0_10_c7 in Conv: area: 8411565 ,dp = 1 mux = 0 sg = very_fast    worst_clk_period: -1.0000 
    wns: 0  norm_wns:  -1.0000 
    fail_endp: -1 
    tns:  0  tns_per_endp:  -1.0000   norm_tns_per_endp:  -1.0000 
    tns_sense_max:  -1.0000  tns_sense_avg:  -1.0000   tns_sense_num: -1
  Smallest config area : 8411565.  Fastest config wns;  0
##>+----------------------------------------------------------------------------------------------------------------------------------------------------------------+
##>Summary table of configs (Best config is CDN_DP_region_0_10_c7)
##>+----------------------------------------------------------------------------------------------------------------------------------------------------------------+
##>                     0                  1                  2                  3                  4                  5                  6                  7            
##>+----------------------------------------------------------------------------------------------------------------------------------------------------------------+
##>           Area         11215420            8411565            8411565            8411565            8411565            8411565            8411565            8411565  
##>            WNS          +922.50            +922.50            +922.50            +922.50            +922.50            +922.50            +922.50            +922.50  
##>            TNS                0                  0                  0                  0                  0                  0                  0                  0  
##>    Num Rewrite                0                  0                  0                  0                  0                  0                  0                  0  
##>     Num Factor                0                  0                  0                  0                  0                  0                  0                  0  
##>      Num Share                0                  0                  0                  0                  0                  0                  0                  0  
##>   Num CmultCse                0                  0                  0                  0                  0                  0                  0                  0  
##>   Num Downsize                0                  0                  0                  0                  0                  0                  0                  0  
##>  Num Speculate                0                  0                  0                  0                  0                  0                  0                  0  
##>     Runtime(s)                0                  0                  0                  0                  0                  0                  0                  0  
+----------------------------------------------------------------------------------------------------------------------------------------------------------------+
##>
##>
##>+------------------------------------------------------------------------------------------------------------------------------------------------------------+
##>Optimization Step DEBUG Table for config CDN_DP_region_0_10_c7
##>
##>                          Step                        Area   ( % Chg)        WNS (Change)        TNS (Change)          Runtime (s)        Comment                   
##>+------------------------------------------------------------------------------------------------------------------------------------------------------------+
##>EquationExtraction              START               11215420 (      )      922.50 (        )             0 (        )              
##> rewrite                        START               25234695 (+125.00)      919.50 (   -3.00)             0 (       0)              (a,ar) Expr25_from --> Expr25_to
##>                                  END               56077100 (+122.22)      919.50 (   +0.00)             0 (       0)           0  
##>                                  END               11215420 ( +0.00)      922.50 (   +0.00)             0 (       0)           0  
##>createMaxCarrySave              START               11215420 ( +0.00)      922.50 (   +0.00)             0 (       0)              
##> datapath_rewrite_one_def       START               11215420 ( +0.00)      922.50 (   +0.00)             0 (       0)              
##>                                  END               11215420 ( +0.00)      922.50 (   +0.00)             0 (       0)           0  
##> csa_opto                       START               11215420 ( +0.00)      922.50 (   +0.00)             0 (       0)              
##>                                  END               19626985 (+75.00)      922.50 (   +0.00)             0 (       0)           0  
##>                                  END               19626985 (+75.00)      922.50 (   +0.00)             0 (       0)           0  
##>canonicalize_by_names           START               19626985 ( +0.00)      922.50 (   +0.00)             0 (       0)              
##>                                  END               19626985 ( +0.00)      922.50 (   +0.00)             0 (       0)           0  
##>datapath_rewrite_post_csa_one_  START               19626985 ( +0.00)      922.50 (   +0.00)             0 (       0)              
##>                                  END               19626985 ( +0.00)      922.50 (   +0.00)             0 (       0)           0  
##>datapath_csa_factoring_one_gde  START               19626985 ( +0.00)      922.50 (   +0.00)             0 (       0)              
##>                                  END               19626985 ( +0.00)      922.50 (   +0.00)             0 (       0)           0  
##>dpopt_share_one_def             START               19626985 ( +0.00)      922.50 (   +0.00)             0 (       0)              
##>                                  END               19626985 ( +0.00)      922.50 (   +0.00)             0 (       0)           0  
##>datapath_rewrite_post_share     START               19626985 ( +0.00)      922.50 (   +0.00)             0 (       0)              
##>                                  END               19626985 ( +0.00)      922.50 (   +0.00)             0 (       0)           0  
##>dp_combine_const_mult_with_com  START               19626985 ( +0.00)      922.50 (   +0.00)             0 (       0)              
##>                                  END               19626985 ( +0.00)      922.50 (   +0.00)             0 (       0)           0  
##>dp_operator_level_decompositio  START               19626985 ( +0.00)      922.50 (   +0.00)             0 (       0)              
##>                                  END               19626985 ( +0.00)      922.50 (   +0.00)             0 (       0)           0  
##>selective_flatten_dp_config     START               19626985 ( +0.00)      922.50 (   +0.00)             0 (       0)              
##>                                  END               19626985 ( +0.00)      922.50 (   +0.00)             0 (       0)           0  
##>createMaxCarrySave              START               19626985 ( +0.00)      922.50 (   +0.00)             0 (       0)              
##> datapath_rewrite_one_def       START               19626985 ( +0.00)      922.50 (   +0.00)             0 (       0)              
##>  fast_cse_elim                 START               19626985 ( +0.00)      922.50 (   +0.00)             0 (       0)              
##>                                  END               19626985 ( +0.00)      922.50 (   +0.00)             0 (       0)           0  
##>  fast_cse_elim                 START               19626985 ( +0.00)      922.50 (   +0.00)             0 (       0)              
##>                                  END               19626985 ( +0.00)      922.50 (   +0.00)             0 (       0)           0  
##>                                  END               19626985 ( +0.00)      922.50 (   +0.00)             0 (       0)           0  
##> csa_opto                       START               19626985 ( +0.00)      922.50 (   +0.00)             0 (       0)              
##>                                  END               19626985 ( +0.00)      922.50 (   +0.00)             0 (       0)           0  
##>                                  END               19626985 ( +0.00)      922.50 (   +0.00)             0 (       0)           0  
##>context_based_simplify          START                8411565 (-57.14)      922.50 (   +0.00)             0 (       0)              
##>                                  END                8411565 ( +0.00)      922.50 (   +0.00)             0 (       0)           0  
##>group_csa_final_adder_dp        START                8411565 ( +0.00)      922.50 (   +0.00)             0 (       0)              
##>                                  END                8411565 ( +0.00)      922.50 (   +0.00)             0 (       0)           0  
##>dpopt_flatten_critical_muxes_i  START                8411565 ( +0.00)      922.50 (   +0.00)             0 (       0)              
##>                                  END                8411565 ( +0.00)      922.50 (   +0.00)             0 (       0)           0  
##>create_score                    START                8411565 ( +0.00)      922.50 (   +0.00)             0 (       0)              
##>                                  END                8411565 ( +0.00)      922.50 (   +0.00)             0 (       0)           0  
##>+------------------------------------------------------------------------------------------------------------------------------------------------------------+
Committed config: CDN_DP_region_0_10_c7
          Optimizations applied to 'very_fast' configuration:
            rewriting(0), factoring(0), sharing(0), cmultcse(0), downsizing(0), speculation(0)
CSAGen Prep Share:0 Re-Write:0 Speculation: 0
CDN_DP_region_0_9 level = 0 loads = 0 drivers = 0
MaxCSA: Successfully built Maximal CSA Expression Expr26
CDN_DP_region_0_9_c0 in Conv: area: 11215420 ,dp = 1 mux = 0 sg = slow         worst_clk_period: -1.0000 
    wns: 0  norm_wns:  -1.0000 
    fail_endp: -1 
    tns:  0  tns_per_endp:  -1.0000   norm_tns_per_endp:  -1.0000 
    tns_sense_max:  -1.0000  tns_sense_avg:  -1.0000   tns_sense_num: -1
 skipped
CDN_DP_region_0_9_c1 in Conv: area: 8411565 ,dp = 1 mux = 0 sg = fast         worst_clk_period: -1.0000 
    wns: 0  norm_wns:  -1.0000 
    fail_endp: -1 
    tns:  0  tns_per_endp:  -1.0000   norm_tns_per_endp:  -1.0000 
    tns_sense_max:  -1.0000  tns_sense_avg:  -1.0000   tns_sense_num: -1
 is current best
CDN_DP_region_0_9_c2 in Conv: area: 8411565 ,dp = 1 mux = 0 sg = very_slow    worst_clk_period: -1.0000 
    wns: 0  norm_wns:  -1.0000 
    fail_endp: -1 
    tns:  0  tns_per_endp:  -1.0000   norm_tns_per_endp:  -1.0000 
    tns_sense_max:  -1.0000  tns_sense_avg:  -1.0000   tns_sense_num: -1
 is current best
CDN_DP_region_0_9_c3 in Conv: area: 8411565 ,dp = 1 mux = 0 sg = very_fast    worst_clk_period: -1.0000 
    wns: 0  norm_wns:  -1.0000 
    fail_endp: -1 
    tns:  0  tns_per_endp:  -1.0000   norm_tns_per_endp:  -1.0000 
    tns_sense_max:  -1.0000  tns_sense_avg:  -1.0000   tns_sense_num: -1
 is current best
CDN_DP_region_0_9_c4 in Conv: area: 8411565 ,dp = 1 mux = 0 sg = very_fast    worst_clk_period: -1.0000 
    wns: 0  norm_wns:  -1.0000 
    fail_endp: -1 
    tns:  0  tns_per_endp:  -1.0000   norm_tns_per_endp:  -1.0000 
    tns_sense_max:  -1.0000  tns_sense_avg:  -1.0000   tns_sense_num: -1
 is current best
CDN_DP_region_0_9_c5 in Conv: area: 8411565 ,dp = 1 mux = 0 sg = very_fast    worst_clk_period: -1.0000 
    wns: 0  norm_wns:  -1.0000 
    fail_endp: -1 
    tns:  0  tns_per_endp:  -1.0000   norm_tns_per_endp:  -1.0000 
    tns_sense_max:  -1.0000  tns_sense_avg:  -1.0000   tns_sense_num: -1
 is current best
CDN_DP_region_0_9_c6 in Conv: area: 8411565 ,dp = 1 mux = 0 sg = very_fast    worst_clk_period: -1.0000 
    wns: 0  norm_wns:  -1.0000 
    fail_endp: -1 
    tns:  0  tns_per_endp:  -1.0000   norm_tns_per_endp:  -1.0000 
    tns_sense_max:  -1.0000  tns_sense_avg:  -1.0000   tns_sense_num: -1
 is current best
CDN_DP_region_0_9_c7 in Conv: area: 8411565 ,dp = 1 mux = 0 sg = very_fast    worst_clk_period: -1.0000 
    wns: 0  norm_wns:  -1.0000 
    fail_endp: -1 
    tns:  0  tns_per_endp:  -1.0000   norm_tns_per_endp:  -1.0000 
    tns_sense_max:  -1.0000  tns_sense_avg:  -1.0000   tns_sense_num: -1
 is current best
Best config: CDN_DP_region_0_9_c7 in Conv: area: 8411565 ,dp = 1 mux = 0 sg = very_fast    worst_clk_period: -1.0000 
    wns: 0  norm_wns:  -1.0000 
    fail_endp: -1 
    tns:  0  tns_per_endp:  -1.0000   norm_tns_per_endp:  -1.0000 
    tns_sense_max:  -1.0000  tns_sense_avg:  -1.0000   tns_sense_num: -1
  Smallest config area : 8411565.  Fastest config wns;  0
##>+----------------------------------------------------------------------------------------------------------------------------------------------------------------+
##>Summary table of configs (Best config is CDN_DP_region_0_9_c7)
##>+----------------------------------------------------------------------------------------------------------------------------------------------------------------+
##>                     0                  1                  2                  3                  4                  5                  6                  7            
##>+----------------------------------------------------------------------------------------------------------------------------------------------------------------+
##>           Area         11215420            8411565            8411565            8411565            8411565            8411565            8411565            8411565  
##>            WNS         +1874.20           +1874.20           +1874.20           +1874.20           +1874.20           +1874.20           +1874.20           +1874.20  
##>            TNS                0                  0                  0                  0                  0                  0                  0                  0  
##>    Num Rewrite                0                  0                  0                  0                  0                  0                  0                  0  
##>     Num Factor                0                  0                  0                  0                  0                  0                  0                  0  
##>      Num Share                0                  0                  0                  0                  0                  0                  0                  0  
##>   Num CmultCse                0                  0                  0                  0                  0                  0                  0                  0  
##>   Num Downsize                0                  0                  0                  0                  0                  0                  0                  0  
##>  Num Speculate                0                  0                  0                  0                  0                  0                  0                  0  
##>     Runtime(s)                0                  0                  0                  0                  0                  0                  0                  0  
+----------------------------------------------------------------------------------------------------------------------------------------------------------------+
##>
##>
##>+------------------------------------------------------------------------------------------------------------------------------------------------------------+
##>Optimization Step DEBUG Table for config CDN_DP_region_0_9_c7
##>
##>                          Step                        Area   ( % Chg)        WNS (Change)        TNS (Change)          Runtime (s)        Comment                   
##>+------------------------------------------------------------------------------------------------------------------------------------------------------------+
##>EquationExtraction              START               11215420 (      )     1874.20 (        )             0 (        )              
##> rewrite                        START               25234695 (+125.00)     1870.90 (   -3.30)             0 (       0)              (a,ar) Expr26_from --> Expr26_to
##>                                  END               56077100 (+122.22)     1870.90 (   +0.00)             0 (       0)           0  
##>                                  END               11215420 ( +0.00)     1874.20 (   +0.00)             0 (       0)           0  
##>createMaxCarrySave              START               11215420 ( +0.00)     1874.20 (   +0.00)             0 (       0)              
##> datapath_rewrite_one_def       START               11215420 ( +0.00)     1874.20 (   +0.00)             0 (       0)              
##>                                  END               11215420 ( +0.00)     1874.20 (   +0.00)             0 (       0)           0  
##> csa_opto                       START               11215420 ( +0.00)     1874.20 (   +0.00)             0 (       0)              
##>                                  END               19626985 (+75.00)     1874.20 (   +0.00)             0 (       0)           0  
##>                                  END               19626985 (+75.00)     1874.20 (   +0.00)             0 (       0)           0  
##>canonicalize_by_names           START               19626985 ( +0.00)     1874.20 (   +0.00)             0 (       0)              
##>                                  END               19626985 ( +0.00)     1874.20 (   +0.00)             0 (       0)           0  
##>datapath_rewrite_post_csa_one_  START               19626985 ( +0.00)     1874.20 (   +0.00)             0 (       0)              
##>                                  END               19626985 ( +0.00)     1874.20 (   +0.00)             0 (       0)           0  
##>datapath_csa_factoring_one_gde  START               19626985 ( +0.00)     1874.20 (   +0.00)             0 (       0)              
##>                                  END               19626985 ( +0.00)     1874.20 (   +0.00)             0 (       0)           0  
##>dpopt_share_one_def             START               19626985 ( +0.00)     1874.20 (   +0.00)             0 (       0)              
##>                                  END               19626985 ( +0.00)     1874.20 (   +0.00)             0 (       0)           0  
##>datapath_rewrite_post_share     START               19626985 ( +0.00)     1874.20 (   +0.00)             0 (       0)              
##>                                  END               19626985 ( +0.00)     1874.20 (   +0.00)             0 (       0)           0  
##>dp_combine_const_mult_with_com  START               19626985 ( +0.00)     1874.20 (   +0.00)             0 (       0)              
##>                                  END               19626985 ( +0.00)     1874.20 (   +0.00)             0 (       0)           0  
##>dp_operator_level_decompositio  START               19626985 ( +0.00)     1874.20 (   +0.00)             0 (       0)              
##>                                  END               19626985 ( +0.00)     1874.20 (   +0.00)             0 (       0)           0  
##>selective_flatten_dp_config     START               19626985 ( +0.00)     1874.20 (   +0.00)             0 (       0)              
##>                                  END               19626985 ( +0.00)     1874.20 (   +0.00)             0 (       0)           0  
##>createMaxCarrySave              START               19626985 ( +0.00)     1874.20 (   +0.00)             0 (       0)              
##> datapath_rewrite_one_def       START               19626985 ( +0.00)     1874.20 (   +0.00)             0 (       0)              
##>  fast_cse_elim                 START               19626985 ( +0.00)     1874.20 (   +0.00)             0 (       0)              
##>                                  END               19626985 ( +0.00)     1874.20 (   +0.00)             0 (       0)           0  
##>  fast_cse_elim                 START               19626985 ( +0.00)     1874.20 (   +0.00)             0 (       0)              
##>                                  END               19626985 ( +0.00)     1874.20 (   +0.00)             0 (       0)           0  
##>                                  END               19626985 ( +0.00)     1874.20 (   +0.00)             0 (       0)           0  
##> csa_opto                       START               19626985 ( +0.00)     1874.20 (   +0.00)             0 (       0)              
##>                                  END               19626985 ( +0.00)     1874.20 (   +0.00)             0 (       0)           0  
##>                                  END               19626985 ( +0.00)     1874.20 (   +0.00)             0 (       0)           0  
##>context_based_simplify          START                8411565 (-57.14)     1874.20 (   +0.00)             0 (       0)              
##>                                  END                8411565 ( +0.00)     1874.20 (   +0.00)             0 (       0)           0  
##>group_csa_final_adder_dp        START                8411565 ( +0.00)     1874.20 (   +0.00)             0 (       0)              
##>                                  END                8411565 ( +0.00)     1874.20 (   +0.00)             0 (       0)           0  
##>dpopt_flatten_critical_muxes_i  START                8411565 ( +0.00)     1874.20 (   +0.00)             0 (       0)              
##>                                  END                8411565 ( +0.00)     1874.20 (   +0.00)             0 (       0)           0  
##>create_score                    START                8411565 ( +0.00)     1874.20 (   +0.00)             0 (       0)              
##>                                  END                8411565 ( +0.00)     1874.20 (   +0.00)             0 (       0)           0  
##>+------------------------------------------------------------------------------------------------------------------------------------------------------------+
Committed config: CDN_DP_region_0_9_c7
          Optimizations applied to 'very_fast' configuration:
            rewriting(0), factoring(0), sharing(0), cmultcse(0), downsizing(0), speculation(0)
CSAGen Prep Share:0 Re-Write:0 Speculation: 0
CDN_DP_region_5_0 level = 0 loads = 0 drivers = 0
MaxCSA: Successfully built Maximal CSA Expression Expr27
CDN_DP_region_5_0_c0 in Multip: area: 10536887090 ,dp = 1 mux = 0 sg = slow         worst_clk_period: -1.0000 
    wns: 0  norm_wns:  -1.0000 
    fail_endp: -1 
    tns:  0  tns_per_endp:  -1.0000   norm_tns_per_endp:  -1.0000 
    tns_sense_max:  -1.0000  tns_sense_avg:  -1.0000   tns_sense_num: -1
 skipped
CDN_DP_region_5_0_c1 in Multip: area: 10536887090 ,dp = 1 mux = 0 sg = fast         worst_clk_period: -1.0000 
    wns: 0  norm_wns:  -1.0000 
    fail_endp: -1 
    tns:  0  tns_per_endp:  -1.0000   norm_tns_per_endp:  -1.0000 
    tns_sense_max:  -1.0000  tns_sense_avg:  -1.0000   tns_sense_num: -1
 is current best
CDN_DP_region_5_0_c2 in Multip: area: 10536887090 ,dp = 1 mux = 0 sg = very_slow    worst_clk_period: -1.0000 
    wns: 0  norm_wns:  -1.0000 
    fail_endp: -1 
    tns:  0  tns_per_endp:  -1.0000   norm_tns_per_endp:  -1.0000 
    tns_sense_max:  -1.0000  tns_sense_avg:  -1.0000   tns_sense_num: -1
 is current best
CDN_DP_region_5_0_c3 in Multip: area: 10536887090 ,dp = 1 mux = 0 sg = very_fast    worst_clk_period: -1.0000 
    wns: 0  norm_wns:  -1.0000 
    fail_endp: -1 
    tns:  0  tns_per_endp:  -1.0000   norm_tns_per_endp:  -1.0000 
    tns_sense_max:  -1.0000  tns_sense_avg:  -1.0000   tns_sense_num: -1
 is current best
CDN_DP_region_5_0_c4 in Multip: area: 10536887090 ,dp = 1 mux = 0 sg = very_fast    worst_clk_period: -1.0000 
    wns: 0  norm_wns:  -1.0000 
    fail_endp: -1 
    tns:  0  tns_per_endp:  -1.0000   norm_tns_per_endp:  -1.0000 
    tns_sense_max:  -1.0000  tns_sense_avg:  -1.0000   tns_sense_num: -1
 is current best
CDN_DP_region_5_0_c5 in Multip: area: 10536887090 ,dp = 1 mux = 0 sg = very_fast    worst_clk_period: -1.0000 
    wns: 0  norm_wns:  -1.0000 
    fail_endp: -1 
    tns:  0  tns_per_endp:  -1.0000   norm_tns_per_endp:  -1.0000 
    tns_sense_max:  -1.0000  tns_sense_avg:  -1.0000   tns_sense_num: -1
 is current best
CDN_DP_region_5_0_c6 in Multip: area: 10536887090 ,dp = 1 mux = 0 sg = very_fast    worst_clk_period: -1.0000 
    wns: 0  norm_wns:  -1.0000 
    fail_endp: -1 
    tns:  0  tns_per_endp:  -1.0000   norm_tns_per_endp:  -1.0000 
    tns_sense_max:  -1.0000  tns_sense_avg:  -1.0000   tns_sense_num: -1
 is current best
CDN_DP_region_5_0_c7 in Multip: area: 10536887090 ,dp = 1 mux = 0 sg = very_fast    worst_clk_period: -1.0000 
    wns: 0  norm_wns:  -1.0000 
    fail_endp: -1 
    tns:  0  tns_per_endp:  -1.0000   norm_tns_per_endp:  -1.0000 
    tns_sense_max:  -1.0000  tns_sense_avg:  -1.0000   tns_sense_num: -1
 is current best
Best config: CDN_DP_region_5_0_c7 in Multip: area: 10536887090 ,dp = 1 mux = 0 sg = very_fast    worst_clk_period: -1.0000 
    wns: 0  norm_wns:  -1.0000 
    fail_endp: -1 
    tns:  0  tns_per_endp:  -1.0000   norm_tns_per_endp:  -1.0000 
    tns_sense_max:  -1.0000  tns_sense_avg:  -1.0000   tns_sense_num: -1
  Smallest config area : 10536887090.  Fastest config wns;  0
##>+----------------------------------------------------------------------------------------------------------------------------------------------------------------+
##>Summary table of configs (Best config is CDN_DP_region_5_0_c7)
##>+----------------------------------------------------------------------------------------------------------------------------------------------------------------+
##>                     0                  1                  2                  3                  4                  5                  6                  7            
##>+----------------------------------------------------------------------------------------------------------------------------------------------------------------+
##>           Area      10536887090        10536887090        10536887090        10536887090        10536887090        10536887090        10536887090        10536887090  
##>            WNS         +1250.60           +1250.60           +1250.60           +1250.60           +1250.60           +1250.60           +1250.60           +1250.60  
##>            TNS                0                  0                  0                  0                  0                  0                  0                  0  
##>    Num Rewrite                0                  0                  0                  0                  0                  0                  0                  0  
##>     Num Factor                0                  0                  0                  0                  0                  0                  0                  0  
##>      Num Share                0                  0                  0                  0                  0                  0                  0                  0  
##>   Num CmultCse                0                  0                  0                  0                  0                  0                  0                  0  
##>   Num Downsize                0                  0                  0                  0                  0                  0                  0                  0  
##>  Num Speculate                0                  0                  0                  0                  0                  0                  0                  0  
##>     Runtime(s)                0                  0                  0                  0                  0                  0                  0                  0  
+----------------------------------------------------------------------------------------------------------------------------------------------------------------+
##>
##>
##>+------------------------------------------------------------------------------------------------------------------------------------------------------------+
##>Optimization Step DEBUG Table for config CDN_DP_region_5_0_c7
##>
##>                          Step                        Area   ( % Chg)        WNS (Change)        TNS (Change)          Runtime (s)        Comment                   
##>+------------------------------------------------------------------------------------------------------------------------------------------------------------+
##>EquationExtraction              START            10536887090 (      )     1250.60 (        )             0 (        )              
##> rewrite                        START            38791333925 (+268.15)     1240.10 (  -10.50)             0 (       0)              (a,ar) Expr27_from --> Expr27_to
##>                                  END            23019649550 (-40.66)     1237.70 (   -2.40)             0 (       0)           0  
##>                                  END            10536887090 ( +0.00)     1250.60 (   +0.00)             0 (       0)           0  
##>createMaxCarrySave              START            10536887090 ( +0.00)     1250.60 (   +0.00)             0 (       0)              
##> datapath_rewrite_one_def       START            10536887090 ( +0.00)     1250.60 (   +0.00)             0 (       0)              
##>                                  END            10536887090 ( +0.00)     1250.60 (   +0.00)             0 (       0)           0  
##> csa_opto                       START            10536887090 ( +0.00)     1250.60 (   +0.00)             0 (       0)              
##>                                  END            10536887090 ( +0.00)     1250.60 (   +0.00)             0 (       0)           0  
##>                                  END            10536887090 ( +0.00)     1250.60 (   +0.00)             0 (       0)           0  
##>canonicalize_by_names           START            10536887090 ( +0.00)     1250.60 (   +0.00)             0 (       0)              
##>                                  END            10536887090 ( +0.00)     1250.60 (   +0.00)             0 (       0)           0  
##>datapath_rewrite_post_csa_one_  START            10536887090 ( +0.00)     1250.60 (   +0.00)             0 (       0)              
##>                                  END            10536887090 ( +0.00)     1250.60 (   +0.00)             0 (       0)           0  
##>datapath_csa_factoring_one_gde  START            10536887090 ( +0.00)     1250.60 (   +0.00)             0 (       0)              
##>                                  END            10536887090 ( +0.00)     1250.60 (   +0.00)             0 (       0)           0  
##>dpopt_share_one_def             START            10536887090 ( +0.00)     1250.60 (   +0.00)             0 (       0)              
##>                                  END            10536887090 ( +0.00)     1250.60 (   +0.00)             0 (       0)           0  
##>datapath_rewrite_post_share     START            10536887090 ( +0.00)     1250.60 (   +0.00)             0 (       0)              
##>                                  END            10536887090 ( +0.00)     1250.60 (   +0.00)             0 (       0)           0  
##>dp_combine_const_mult_with_com  START            10536887090 ( +0.00)     1250.60 (   +0.00)             0 (       0)              
##>                                  END            10536887090 ( +0.00)     1250.60 (   +0.00)             0 (       0)           0  
##>dp_operator_level_decompositio  START            10536887090 ( +0.00)     1250.60 (   +0.00)             0 (       0)              
##>                                  END            10536887090 ( +0.00)     1250.60 (   +0.00)             0 (       0)           0  
##>selective_flatten_dp_config     START            10536887090 ( +0.00)     1250.60 (   +0.00)             0 (       0)              
##>                                  END            10536887090 ( +0.00)     1250.60 (   +0.00)             0 (       0)           0  
##>createMaxCarrySave              START            10536887090 ( +0.00)     1250.60 (   +0.00)             0 (       0)              
##> datapath_rewrite_one_def       START            10536887090 ( +0.00)     1250.60 (   +0.00)             0 (       0)              
##>  fast_cse_elim                 START            10536887090 ( +0.00)     1250.60 (   +0.00)             0 (       0)              
##>                                  END            10536887090 ( +0.00)     1250.60 (   +0.00)             0 (       0)           0  
##>  fast_cse_elim                 START            10536887090 ( +0.00)     1250.60 (   +0.00)             0 (       0)              
##>                                  END            10536887090 ( +0.00)     1250.60 (   +0.00)             0 (       0)           0  
##>                                  END            10536887090 ( +0.00)     1250.60 (   +0.00)             0 (       0)           0  
##> csa_opto                       START            10536887090 ( +0.00)     1250.60 (   +0.00)             0 (       0)              
##>                                  END            10536887090 ( +0.00)     1250.60 (   +0.00)             0 (       0)           0  
##>                                  END            10536887090 ( +0.00)     1250.60 (   +0.00)             0 (       0)           0  
##>context_based_simplify          START            10536887090 ( +0.00)     1250.60 (   +0.00)             0 (       0)              
##>                                  END            10536887090 ( +0.00)     1250.60 (   +0.00)             0 (       0)           0  
##>group_csa_final_adder_dp        START            10536887090 ( +0.00)     1250.60 (   +0.00)             0 (       0)              
##>                                  END            10536887090 ( +0.00)     1250.60 (   +0.00)             0 (       0)           0  
##>dpopt_flatten_critical_muxes_i  START            10536887090 ( +0.00)     1250.60 (   +0.00)             0 (       0)              
##>                                  END            10536887090 ( +0.00)     1250.60 (   +0.00)             0 (       0)           0  
##>create_score                    START            10536887090 ( +0.00)     1250.60 (   +0.00)             0 (       0)              
##>                                  END            10536887090 ( +0.00)     1250.60 (   +0.00)             0 (       0)           0  
##>+------------------------------------------------------------------------------------------------------------------------------------------------------------+
Committed config: CDN_DP_region_5_0_c7
          Optimizations applied to 'very_fast' configuration:
            rewriting(0), factoring(0), sharing(0), cmultcse(0), downsizing(0), speculation(0)
CSAGen Prep Share:0 Re-Write:3 Speculation: 0
MaxCSA: Successfully built Maximal CSA Expression Expr28
MaxCSA: Successfully built Maximal CSA Expression Expr29
MaxCSA: Successfully built Maximal CSA Expression Expr30
MaxCSA: Successfully built Maximal CSA Expression Expr31
MaxCSA: Successfully built Maximal CSA Expression Expr32
MaxCSA: Successfully built Maximal CSA Expression Expr33
MaxCSA: Successfully built Maximal CSA Expression Expr34
MaxCSA: Successfully built Maximal CSA Expression Expr35
MaxCSA: Successfully built Maximal CSA Expression Expr36
Info    : Accepted resource sharing opportunity. [RTLOPT-30]
        : Merged the following sets of instances in 'CDN_DP_region_0_3_c7 in Conv':
	  (final_adder_ADD_TC_OP_84, ADD_TC_OP)
	  (final_adder_ADD_TC_OP_11, final_adder_ADD_TC_OP_8)
	  (SUB_TC_OP_4, ADD_TC_OP_5)
	  (SUB_TC_OP94, ADD_TC_OP_95)
	  (SUB_TC_OP89, SUB_TC_OP)

Info    : Accepted resource sharing opportunity. [RTLOPT-30]
        : Merged the following sets of instances in 'CDN_DP_region_0_3_c7 in Conv':
	  (csa_tree_fac205, csa_tree_fac204)

Number of non-ctl's : 1
mux_350_48 
SOP DEBUG : Module= CDN_DP_region_0_3_c7, Cluster= ctl_350_48_create, ctl= 1, Non-ctl= 1
Selected impl_type 1 (pla_form1 (optimized)) for sop cluster ctl_350_48_create.
Info    : Accepted resource sharing opportunity. [RTLOPT-30]
        : Merged the following sets of instances in 'CDN_DP_region_0_3_c1 in Conv':
	  (ADD_UNS_OP3, ADD_UNS_OP)

Info    : Accepted resource sharing opportunity. [RTLOPT-30]
        : Merged the following sets of instances in 'CDN_DP_region_0_3_c1 in Conv':
	  (WALLACE_CSA_DUMMY_OP2, WALLACE_CSA_DUMMY_OP)

Number of non-ctl's : 1
mux_350_48 
SOP DEBUG : Module= CDN_DP_region_0_3_c1, Cluster= ctl_350_48_create, ctl= 1, Non-ctl= 1
Selected impl_type 1 (pla_form1 (optimized)) for sop cluster ctl_350_48_create.
Info    : Accepted resource sharing opportunity. [RTLOPT-30]
        : Merged the following sets of instances in 'CDN_DP_region_0_3_c2 in Conv':
	  (add_975_20, add_974_20)

Number of non-ctl's : 1
mux_350_48 
SOP DEBUG : Module= CDN_DP_region_0_3_c2, Cluster= ctl_350_48_create, ctl= 1, Non-ctl= 1
Selected impl_type 1 (pla_form1 (optimized)) for sop cluster ctl_350_48_create.
Warning : Maximum message print count reached. [MESG-11]
        : Maximum print count of '20' reached for message 'RTLOPT-30'.
Number of non-ctl's : 1
mux_350_48 
SOP DEBUG : Module= CDN_DP_region_0_3_c3, Cluster= ctl_350_48_create, ctl= 1, Non-ctl= 1
Selected impl_type 1 (pla_form1 (optimized)) for sop cluster ctl_350_48_create.
Number of non-ctl's : 1
mux_350_48 
SOP DEBUG : Module= CDN_DP_region_0_3_c4, Cluster= ctl_350_48_create, ctl= 1, Non-ctl= 1
Selected impl_type 1 (pla_form1 (optimized)) for sop cluster ctl_350_48_create.
Number of non-ctl's : 1
mux_350_48 
SOP DEBUG : Module= CDN_DP_region_0_3_c5, Cluster= ctl_350_48_create, ctl= 1, Non-ctl= 1
Selected impl_type 1 (pla_form1 (optimized)) for sop cluster ctl_350_48_create.
Number of non-ctl's : 1
mux_350_48 
SOP DEBUG : Module= CDN_DP_region_0_3_c6, Cluster= ctl_350_48_create, ctl= 1, Non-ctl= 1
Selected impl_type 1 (pla_form1 (optimized)) for sop cluster ctl_350_48_create.
CDN_DP_region_0_3 level = 1 loads = 2 drivers = 2 is driven by : CDN_DP_region_0_0 CDN_DP_region_0_8 
CDN_DP_region_0_3_c0 in Conv: area: 8262960685 ,dp = 31 mux = 40 sg = slow         worst_clk_period: -1.0000 
    wns: 0  norm_wns:  -1.0000 
    fail_endp: -1 
    tns:  0  tns_per_endp:  -1.0000   norm_tns_per_endp:  -1.0000 
    tns_sense_max:  -1.0000  tns_sense_avg:  -1.0000   tns_sense_num: -1
 skipped
CDN_DP_region_0_3_c1 in Conv: area: 7138614830 ,dp = 27 mux = 37 sg = fast         worst_clk_period: -1.0000 
    wns: 0  norm_wns:  -1.0000 
    fail_endp: -1 
    tns:  0  tns_per_endp:  -1.0000   norm_tns_per_endp:  -1.0000 
    tns_sense_max:  -1.0000  tns_sense_avg:  -1.0000   tns_sense_num: -1
 is current best
CDN_DP_region_0_3_c2 in Conv: area: 6990010515 ,dp = 26 mux = 36 sg = very_slow    worst_clk_period: -1.0000 
    wns: 0  norm_wns:  -1.0000 
    fail_endp: -1 
    tns:  0  tns_per_endp:  -1.0000   norm_tns_per_endp:  -1.0000 
    tns_sense_max:  -1.0000  tns_sense_avg:  -1.0000   tns_sense_num: -1
 is current best
CDN_DP_region_0_3_c3 in Conv: area: 7138614830 ,dp = 27 mux = 37 sg = very_fast    worst_clk_period: -1.0000 
    wns: 0  norm_wns:  -1.0000 
    fail_endp: -1 
    tns:  0  tns_per_endp:  -1.0000   norm_tns_per_endp:  -1.0000 
    tns_sense_max:  -1.0000  tns_sense_avg:  -1.0000   tns_sense_num: -1

CDN_DP_region_0_3_c4 in Conv: area: 7068518455 ,dp = 26 mux = 37 sg = very_fast    worst_clk_period: -1.0000 
    wns: 0  norm_wns:  -1.0000 
    fail_endp: -1 
    tns:  0  tns_per_endp:  -1.0000   norm_tns_per_endp:  -1.0000 
    tns_sense_max:  -1.0000  tns_sense_avg:  -1.0000   tns_sense_num: -1

CDN_DP_region_0_3_c5 in Conv: area: 7068518455 ,dp = 26 mux = 37 sg = very_fast    worst_clk_period: -1.0000 
    wns: 0  norm_wns:  -1.0000 
    fail_endp: -1 
    tns:  0  tns_per_endp:  -1.0000   norm_tns_per_endp:  -1.0000 
    tns_sense_max:  -1.0000  tns_sense_avg:  -1.0000   tns_sense_num: -1

CDN_DP_region_0_3_c6 in Conv: area: 7068518455 ,dp = 26 mux = 37 sg = very_fast    worst_clk_period: -1.0000 
    wns: 0  norm_wns:  -1.0000 
    fail_endp: -1 
    tns:  0  tns_per_endp:  -1.0000   norm_tns_per_endp:  -1.0000 
    tns_sense_max:  -1.0000  tns_sense_avg:  -1.0000   tns_sense_num: -1

CDN_DP_region_0_3_c7 in Conv: area: 8624657980 ,dp = 25 mux = 44 sg = very_fast    worst_clk_period: -1.0000 
    wns: 0  norm_wns:  -1.0000 
    fail_endp: -1 
    tns:  0  tns_per_endp:  -1.0000   norm_tns_per_endp:  -1.0000 
    tns_sense_max:  -1.0000  tns_sense_avg:  -1.0000   tns_sense_num: -1

Best config: CDN_DP_region_0_3_c2 in Conv: area: 6990010515 ,dp = 26 mux = 36 sg = very_slow    worst_clk_period: -1.0000 
    wns: 0  norm_wns:  -1.0000 
    fail_endp: -1 
    tns:  0  tns_per_endp:  -1.0000   norm_tns_per_endp:  -1.0000 
    tns_sense_max:  -1.0000  tns_sense_avg:  -1.0000   tns_sense_num: -1
  Smallest config area : 6990010515.  Fastest config wns;  0
##>+----------------------------------------------------------------------------------------------------------------------------------------------------------------+
##>Summary table of configs (Best config is CDN_DP_region_0_3_c2)
##>+----------------------------------------------------------------------------------------------------------------------------------------------------------------+
##>                     0                  1                  2                  3                  4                  5                  6                  7            
##>+----------------------------------------------------------------------------------------------------------------------------------------------------------------+
##>           Area       8262960685         7138614830         6990010515         7138614830         7068518455         7068518455         7068518455         8624657980  
##>            WNS          +643.40            +732.40            +698.70            +732.40            +698.70            +698.70            +698.70            +615.20  
##>            TNS                0                  0                  0                  0                  0                  0                  0                  0  
##>    Num Rewrite                0                  4                  5                  4                  5                  5                  3                  5  
##>     Num Factor                0                  0                  0                  0                  0                  0                  0                  1  
##>      Num Share                0                  2                  1                  2                  1                  1                  1                  6  
##>   Num CmultCse                0                  0                  0                  0                  0                  0                  0                  0  
##>   Num Downsize                0                  0                  0                  0                  0                  0                  0                  0  
##>  Num Speculate                0                  0                  0                  0                  0                  0                  0                  0  
##>     Runtime(s)                0                  1                  1                  1                  1                  1                  1                  2  
+----------------------------------------------------------------------------------------------------------------------------------------------------------------+
##>
##>
##>+------------------------------------------------------------------------------------------------------------------------------------------------------------+
##>Optimization Step DEBUG Table for config CDN_DP_region_0_3_c2
##>
##>                          Step                        Area   ( % Chg)        WNS (Change)        TNS (Change)          Runtime (s)        Comment                   
##>+------------------------------------------------------------------------------------------------------------------------------------------------------------+
##>createMaxCarrySave              START             8262960685 (      )    107374825.80 (        )             0 (        )              
##> datapath_rewrite_one_def       START             8262960685 ( +0.00)    107374825.80 (   +0.00)             0 (       0)              
##>  fast_cse_elim                 START             8262960685 ( +0.00)    107374825.80 (   +0.00)             0 (       0)              
##>                                  END             8262960685 ( +0.00)    107374825.80 (   +0.00)             0 (       0)           0  
##>  fast_cse_elim                 START             8262960685 ( +0.00)    107374825.80 (   +0.00)             0 (       0)              
##>                                  END             8262960685 ( +0.00)    107374825.80 (   +0.00)             0 (       0)           0  
##>  rewrite                       START             8262960685 ( +0.00)    107374825.80 (   +0.00)             0 (       0)              (a,csaa) dissolve_1bit_const_2x1mux_from --> dissolve_1bit_const_2x1mux_to
##>                                  END             8251745265 ( -0.14)    107374825.80 (   +0.00)             0 (       0)           0  
##>  rewrite                       START             8251745265 ( +0.00)    107374825.80 (   +0.00)             0 (       0)              (a,csaa) dissolve_1bit_const_2x1mux_from --> dissolve_1bit_const_2x1mux_to
##>                                  END             8243333700 ( -0.10)    107374825.80 (   +0.00)             0 (       0)           0  
##>  fast_cse_elim                 START             8243333700 ( +0.00)    107374825.80 (   +0.00)             0 (       0)              
##>                                  END             8240529845 ( -0.03)    107374825.80 (   +0.00)             0 (       0)           0  
##>                                  END             8240529845 ( -0.27)    107374825.80 (   +0.00)             0 (       0)           0  
##> csa_opto                       START             8240529845 ( +0.00)    107374825.80 (   +0.00)             0 (       0)              
##>                                  END             8148002630 ( -1.12)    107374882.40 (  +56.60)             0 (       0)           0  
##>                                  END             8148002630 ( -1.39)    107374882.40 (  +56.60)             0 (       0)           0  
##>canonicalize_by_names           START             8148002630 ( +0.00)    107374882.40 (   +0.00)             0 (       0)              
##>                                  END             8148002630 ( +0.00)    107374882.40 (   +0.00)             0 (       0)           0  
##>datapath_rewrite_post_csa_one_  START             8148002630 ( +0.00)    107374882.40 (   +0.00)             0 (       0)              
##> rewrite                        START             8148002630 ( +0.00)    107374882.40 (   +0.00)             0 (       0)              (na,csaa) base_comb_unsigned_add_ci_add_from --> comb_unsigned_add_ci_add_to
##>                                  END             8700362065 ( +6.78)    107374882.40 (   +0.00)             0 (       0)           0  
##> rewrite                        START             8148002630 ( -6.35)    107374882.40 (   +0.00)             0 (       0)              (a,ar) csa_add_and_inc_v2 --> csa_add_ci
##>                                  END             8108748660 ( -0.48)    107374864.70 (  -17.70)             0 (       0)           0  
##> rewrite                        START             8108748660 ( +0.00)    107374864.70 (   +0.00)             0 (       0)              (na,csaa) base_comb_unsigned_add_add_from --> comb_unsigned_add_add_to
##>                                  END             8619050270 ( +6.29)    107374864.70 (   +0.00)             0 (       0)           0  
##>                                  END             8108748660 ( -0.48)    107374864.70 (  -17.70)             0 (       0)           0  
##>datapath_csa_factoring_one_gde  START             8108748660 ( +0.00)    107374864.70 (   +0.00)             0 (       0)              
##>                                  END             8108748660 ( +0.00)    107374864.70 (   +0.00)             0 (       0)           0  
##>dpopt_share_one_def             START             8108748660 ( +0.00)    107374864.70 (   +0.00)             0 (       0)              
##>                                  END             7561996935 ( -6.74)    107374882.20 (  +17.50)             0 (       0)           0  
##>datapath_rewrite_post_share     START             7561996935 ( +0.00)    107374882.20 (   +0.00)             0 (       0)              
##>                                  END             7561996935 ( +0.00)    107374882.20 (   +0.00)             0 (       0)           0  
##>dp_combine_const_mult_with_com  START             7561996935 ( +0.00)    107374882.20 (   +0.00)             0 (       0)              
##>                                  END             7561996935 ( +0.00)    107374882.20 (   +0.00)             0 (       0)           0  
##>speculate_in_gdef               START             7561996935 ( +0.00)    107374882.20 (   +0.00)             0 (       0)              
##> pre_speculate_mux_merge        START             7561996935 ( +0.00)    107374882.20 (   +0.00)             0 (       0)              
##>                                  END             7561996935 ( +0.00)    107374882.20 (   +0.00)             0 (       0)           0  
##>                                  END             7561996935 ( +0.00)    107374882.20 (   +0.00)             0 (       0)           0  
##>dp_operator_level_decompositio  START             7561996935 ( +0.00)    107374882.20 (   +0.00)             0 (       0)              
##>                                  END             7561996935 ( +0.00)    107374882.20 (   +0.00)             0 (       0)           0  
##>selective_flatten_dp_config     START             7561996935 ( +0.00)    107374882.20 (   +0.00)             0 (       0)              
##>                                  END             7561996935 ( +0.00)    107374882.20 (   +0.00)             0 (       0)           0  
##>createMaxCarrySave              START             7561996935 ( +0.00)    107374882.20 (   +0.00)             0 (       0)              
##> datapath_rewrite_one_def       START             7561996935 ( +0.00)    107374882.20 (   +0.00)             0 (       0)              
##>  fast_cse_elim                 START             7561996935 ( +0.00)    107374882.20 (   +0.00)             0 (       0)              
##>                                  END             7561996935 ( +0.00)    107374882.20 (   +0.00)             0 (       0)           0  
##>  fast_cse_elim                 START             7561996935 ( +0.00)    107374882.20 (   +0.00)             0 (       0)              
##>                                  END             7561996935 ( +0.00)    107374882.20 (   +0.00)             0 (       0)           0  
##>                                  END             7561996935 ( +0.00)    107374882.20 (   +0.00)             0 (       0)           0  
##> csa_opto                       START             7561996935 ( +0.00)    107374882.20 (   +0.00)             0 (       0)              
##>                                  END             7561996935 ( +0.00)    107374882.20 (   +0.00)             0 (       0)           0  
##>                                  END             7561996935 ( +0.00)    107374882.20 (   +0.00)             0 (       0)           0  
##>datapath_rewrite_post_csa_one_  START             7561996935 ( +0.00)    107374882.20 (   +0.00)             0 (       0)              
##> rewrite                        START             7561996935 ( +0.00)    107374882.20 (   +0.00)             0 (       0)              (a,csaa) base_comb_unsigned_add_add_from --> comb_unsigned_add_add_to
##>                                  END             7491900560 ( -0.93)    107374914.80 (  +32.60)             0 (       0)           0  
##> rewrite                        START             7491900560 ( +0.00)    107374914.80 (   +0.00)             0 (       0)              (a,csaa) combined_csa2_signed_csa2_unsigned_from --> combined_csa2_signed_csa2_unsigned_to
##>                                  END             7334884680 ( -2.10)    107374883.90 (  -30.90)             0 (       0)           0  
##>                                  END             7334884680 ( -3.00)    107374883.90 (   +1.70)             0 (       0)           0  
##>datapath_csa_factoring_one_gde  START             7334884680 ( +0.00)    107374883.90 (   +0.00)             0 (       0)              
##>                                  END             7334884680 ( +0.00)    107374883.90 (   +0.00)             0 (       0)           0  
##>dpopt_share_one_def             START             7334884680 ( +0.00)    107374883.90 (   +0.00)             0 (       0)              
##>                                  END             7334884680 ( +0.00)    107374883.90 (   +0.00)             0 (       0)           0  
##>datapath_rewrite_post_share     START             7334884680 ( +0.00)    107374883.90 (   +0.00)             0 (       0)              
##>                                  END             7334884680 ( +0.00)    107374883.90 (   +0.00)             0 (       0)           0  
##>dp_combine_const_mult_with_com  START             7334884680 ( +0.00)    107374883.90 (   +0.00)             0 (       0)              
##>                                  END             7334884680 ( +0.00)    107374883.90 (   +0.00)             0 (       0)           0  
##>speculate_in_gdef               START             7334884680 ( +0.00)    107374883.90 (   +0.00)             0 (       0)              
##> pre_speculate_mux_merge        START             7334884680 ( +0.00)    107374883.90 (   +0.00)             0 (       0)              
##>                                  END             7334884680 ( +0.00)    107374883.90 (   +0.00)             0 (       0)           0  
##>                                  END             7334884680 ( +0.00)    107374883.90 (   +0.00)             0 (       0)           0  
##>dp_operator_level_decompositio  START             7334884680 ( +0.00)    107374883.90 (   +0.00)             0 (       0)              
##>                                  END             7334884680 ( +0.00)    107374883.90 (   +0.00)             0 (       0)           0  
##>selective_flatten_dp_config     START             7334884680 ( +0.00)    107374883.90 (   +0.00)             0 (       0)              
##>                                  END             7334884680 ( +0.00)    107374883.90 (   +0.00)             0 (       0)           0  
##>createMaxCarrySave              START             7334884680 ( +0.00)    107374883.90 (   +0.00)             0 (       0)              
##> datapath_rewrite_one_def       START             7334884680 ( +0.00)    107374883.90 (   +0.00)             0 (       0)              
##>  fast_cse_elim                 START             7334884680 ( +0.00)    107374883.90 (   +0.00)             0 (       0)              
##>                                  END             7334884680 ( +0.00)    107374883.90 (   +0.00)             0 (       0)           0  
##>  fast_cse_elim                 START             7334884680 ( +0.00)    107374883.90 (   +0.00)             0 (       0)              
##>                                  END             7334884680 ( +0.00)    107374883.90 (   +0.00)             0 (       0)           0  
##>                                  END             7334884680 ( +0.00)    107374883.90 (   +0.00)             0 (       0)           0  
##> csa_opto                       START             7334884680 ( +0.00)    107374883.90 (   +0.00)             0 (       0)              
##>                                  END             7334884680 ( +0.00)    107374883.90 (   +0.00)             0 (       0)           0  
##>                                  END             7334884680 ( +0.00)    107374883.90 (   +0.00)             0 (       0)           0  
##>datapath_rewrite_post_csa_one_  START             7334884680 ( +0.00)    107374883.90 (   +0.00)             0 (       0)              
##>                                  END             7334884680 ( +0.00)    107374883.90 (   +0.00)             0 (       0)           0  
##>datapath_csa_factoring_one_gde  START             7334884680 ( +0.00)    107374883.90 (   +0.00)             0 (       0)              
##>                                  END             7334884680 ( +0.00)    107374883.90 (   +0.00)             0 (       0)           0  
##>dpopt_share_one_def             START             7334884680 ( +0.00)    107374883.90 (   +0.00)             0 (       0)              
##>                                  END             7334884680 ( +0.00)    107374883.90 (   +0.00)             0 (       0)           0  
##>datapath_rewrite_post_share     START             7334884680 ( +0.00)    107374883.90 (   +0.00)             0 (       0)              
##>                                  END             7334884680 ( +0.00)    107374883.90 (   +0.00)             0 (       0)           0  
##>dp_combine_const_mult_with_com  START             7334884680 ( +0.00)    107374883.90 (   +0.00)             0 (       0)              
##>                                  END             7334884680 ( +0.00)    107374883.90 (   +0.00)             0 (       0)           0  
##>speculate_in_gdef               START             7334884680 ( +0.00)    107374883.90 (   +0.00)             0 (       0)              
##> pre_speculate_mux_merge        START             7334884680 ( +0.00)    107374883.90 (   +0.00)             0 (       0)              
##>                                  END             7334884680 ( +0.00)    107374883.90 (   +0.00)             0 (       0)           0  
##>                                  END             7334884680 ( +0.00)    107374883.90 (   +0.00)             0 (       0)           0  
##>dp_operator_level_decompositio  START             7334884680 ( +0.00)    107374883.90 (   +0.00)             0 (       0)              
##>                                  END             7334884680 ( +0.00)    107374883.90 (   +0.00)             0 (       0)           0  
##>selective_flatten_dp_config     START             7334884680 ( +0.00)    107374883.90 (   +0.00)             0 (       0)              
##>                                  END             7334884680 ( +0.00)    107374883.90 (   +0.00)             0 (       0)           0  
##>createMaxCarrySave              START             7334884680 ( +0.00)    107374883.90 (   +0.00)             0 (       0)              
##> datapath_rewrite_one_def       START             7334884680 ( +0.00)    107374883.90 (   +0.00)             0 (       0)              
##>  fast_cse_elim                 START             7334884680 ( +0.00)    107374883.90 (   +0.00)             0 (       0)              
##>                                  END             7334884680 ( +0.00)    107374883.90 (   +0.00)             0 (       0)           0  
##>  fast_cse_elim                 START             7334884680 ( +0.00)    107374883.90 (   +0.00)             0 (       0)              
##>                                  END             7334884680 ( +0.00)    107374883.90 (   +0.00)             0 (       0)           0  
##>                                  END             7334884680 ( +0.00)    107374883.90 (   +0.00)             0 (       0)           0  
##> csa_opto                       START             7334884680 ( +0.00)    107374883.90 (   +0.00)             0 (       0)              
##>                                  END             7334884680 ( +0.00)    107374883.90 (   +0.00)             0 (       0)           0  
##>                                  END             7334884680 ( +0.00)    107374883.90 (   +0.00)             0 (       0)           0  
##>context_based_simplify          START             7149830250 ( -2.52)    107374883.90 (   +0.00)             0 (       0)              
##>                                  END             7068518455 ( -1.14)    107374883.90 (   +0.00)             0 (       0)           0  
##>group_csa_final_adder_dp        START             7068518455 ( +0.00)    107374883.90 (   +0.00)             0 (       0)              
##>                                  END             7068518455 ( +0.00)    107374881.10 (   -2.80)             0 (       0)           0  
##>dpopt_flatten_critical_muxes_i  START             7068518455 ( +0.00)    107374881.10 (   +0.00)             0 (       0)              
##>                                  END             6990010515 ( -1.11)    107374881.10 (   +0.00)             0 (       0)           0  
##>speculate_in_gdef               START             6990010515 ( +0.00)    107374881.10 (   +0.00)             0 (       0)              
##> pre_speculate_mux_merge        START             6990010515 ( +0.00)    107374881.10 (   +0.00)             0 (       0)              
##>                                  END             6990010515 ( +0.00)    107374881.10 (   +0.00)             0 (       0)           0  
##>                                  END             6990010515 ( +0.00)    107374881.10 (   +0.00)             0 (       0)           0  
##>create_score                    START             6990010515 ( +0.00)      698.70 (-107374182.40)             0 (       0)              
##>                                  END             6990010515 ( +0.00)      698.70 (   +0.00)             0 (       0)           0  
##>+------------------------------------------------------------------------------------------------------------------------------------------------------------+
Committed config: CDN_DP_region_0_3_c2
          Optimizations applied to 'very_slow' configuration:
            rewriting(5), factoring(0), sharing(1), cmultcse(0), downsizing(0), speculation(0)
CSAGen Prep Share:0 Re-Write:0 Speculation: 0
MaxCSA: Successfully built Maximal CSA Expression Expr37
MaxCSA: Successfully built Maximal CSA Expression Expr38
CDN_DP_region_0_5 level = 2 loads = 0 drivers = 1 is driven by : CDN_DP_region_0_3 
CDN_DP_region_0_5_c0 in Conv: area: 319639470 ,dp = 2 mux = 2 sg = slow         worst_clk_period: -1.0000 
    wns: 0  norm_wns:  -1.0000 
    fail_endp: -1 
    tns:  0  tns_per_endp:  -1.0000   norm_tns_per_endp:  -1.0000 
    tns_sense_max:  -1.0000  tns_sense_avg:  -1.0000   tns_sense_num: -1
 skipped
CDN_DP_region_0_5_c1 in Conv: area: 266366225 ,dp = 2 mux = 2 sg = fast         worst_clk_period: -1.0000 
    wns: 0  norm_wns:  -1.0000 
    fail_endp: -1 
    tns:  0  tns_per_endp:  -1.0000   norm_tns_per_endp:  -1.0000 
    tns_sense_max:  -1.0000  tns_sense_avg:  -1.0000   tns_sense_num: -1
 is current best
CDN_DP_region_0_5_c2 in Conv: area: 266366225 ,dp = 2 mux = 2 sg = very_slow    worst_clk_period: -1.0000 
    wns: 0  norm_wns:  -1.0000 
    fail_endp: -1 
    tns:  0  tns_per_endp:  -1.0000   norm_tns_per_endp:  -1.0000 
    tns_sense_max:  -1.0000  tns_sense_avg:  -1.0000   tns_sense_num: -1
 is current best
CDN_DP_region_0_5_c3 in Conv: area: 266366225 ,dp = 2 mux = 2 sg = very_fast    worst_clk_period: -1.0000 
    wns: 0  norm_wns:  -1.0000 
    fail_endp: -1 
    tns:  0  tns_per_endp:  -1.0000   norm_tns_per_endp:  -1.0000 
    tns_sense_max:  -1.0000  tns_sense_avg:  -1.0000   tns_sense_num: -1
 is current best
CDN_DP_region_0_5_c4 in Conv: area: 266366225 ,dp = 2 mux = 2 sg = very_fast    worst_clk_period: -1.0000 
    wns: 0  norm_wns:  -1.0000 
    fail_endp: -1 
    tns:  0  tns_per_endp:  -1.0000   norm_tns_per_endp:  -1.0000 
    tns_sense_max:  -1.0000  tns_sense_avg:  -1.0000   tns_sense_num: -1
 is current best
CDN_DP_region_0_5_c5 in Conv: area: 266366225 ,dp = 2 mux = 2 sg = very_fast    worst_clk_period: -1.0000 
    wns: 0  norm_wns:  -1.0000 
    fail_endp: -1 
    tns:  0  tns_per_endp:  -1.0000   norm_tns_per_endp:  -1.0000 
    tns_sense_max:  -1.0000  tns_sense_avg:  -1.0000   tns_sense_num: -1
 is current best
CDN_DP_region_0_5_c6 in Conv: area: 266366225 ,dp = 2 mux = 2 sg = very_fast    worst_clk_period: -1.0000 
    wns: 0  norm_wns:  -1.0000 
    fail_endp: -1 
    tns:  0  tns_per_endp:  -1.0000   norm_tns_per_endp:  -1.0000 
    tns_sense_max:  -1.0000  tns_sense_avg:  -1.0000   tns_sense_num: -1
 is current best
CDN_DP_region_0_5_c7 in Conv: area: 266366225 ,dp = 2 mux = 2 sg = very_fast    worst_clk_period: -1.0000 
    wns: 0  norm_wns:  -1.0000 
    fail_endp: -1 
    tns:  0  tns_per_endp:  -1.0000   norm_tns_per_endp:  -1.0000 
    tns_sense_max:  -1.0000  tns_sense_avg:  -1.0000   tns_sense_num: -1
 is current best
Best config: CDN_DP_region_0_5_c7 in Conv: area: 266366225 ,dp = 2 mux = 2 sg = very_fast    worst_clk_period: -1.0000 
    wns: 0  norm_wns:  -1.0000 
    fail_endp: -1 
    tns:  0  tns_per_endp:  -1.0000   norm_tns_per_endp:  -1.0000 
    tns_sense_max:  -1.0000  tns_sense_avg:  -1.0000   tns_sense_num: -1
  Smallest config area : 266366225.  Fastest config wns;  0
##>+----------------------------------------------------------------------------------------------------------------------------------------------------------------+
##>Summary table of configs (Best config is CDN_DP_region_0_5_c7)
##>+----------------------------------------------------------------------------------------------------------------------------------------------------------------+
##>                     0                  1                  2                  3                  4                  5                  6                  7            
##>+----------------------------------------------------------------------------------------------------------------------------------------------------------------+
##>           Area        319639470          266366225          266366225          266366225          266366225          266366225          266366225          266366225  
##>            WNS          +871.60            +871.60            +871.60            +871.60            +871.60            +871.60            +871.60            +871.60  
##>            TNS                0                  0                  0                  0                  0                  0                  0                  0  
##>    Num Rewrite                0                  0                  0                  0                  0                  0                  0                  0  
##>     Num Factor                0                  0                  0                  0                  0                  0                  0                  0  
##>      Num Share                0                  0                  0                  0                  0                  0                  0                  0  
##>   Num CmultCse                0                  0                  0                  0                  0                  0                  0                  0  
##>   Num Downsize                0                  0                  0                  0                  0                  0                  0                  0  
##>  Num Speculate                0                  0                  0                  0                  0                  0                  0                  0  
##>     Runtime(s)                0                  0                  0                  0                  0                  0                  0                  0  
+----------------------------------------------------------------------------------------------------------------------------------------------------------------+
##>
##>
##>+------------------------------------------------------------------------------------------------------------------------------------------------------------+
##>Optimization Step DEBUG Table for config CDN_DP_region_0_5_c7
##>
##>                          Step                        Area   ( % Chg)        WNS (Change)        TNS (Change)          Runtime (s)        Comment                   
##>+------------------------------------------------------------------------------------------------------------------------------------------------------------+
##>EquationExtraction              START              319639470 (      )      871.60 (        )             0 (        )              
##> rewrite                        START              471047640 (+47.37)      871.60 (   +0.00)             0 (       0)              (a,ar) Expr37_from --> Expr37_to
##>                                  END              686944475 (+45.83)      871.60 (   +0.00)             0 (       0)           0  
##> rewrite                        START              686944475 ( +0.00)      871.60 (   +0.00)             0 (       0)              (a,ar) Expr38_from --> Expr38_to
##>                                  END              762648560 (+11.02)      871.60 (   +0.00)             0 (       0)           0  
##>                                  END              319639470 ( +0.00)      871.60 (   +0.00)             0 (       0)           0  
##>createMaxCarrySave              START              319639470 ( +0.00)      871.60 (   +0.00)             0 (       0)              
##> datapath_rewrite_one_def       START              319639470 ( +0.00)      871.60 (   +0.00)             0 (       0)              
##>                                  END              319639470 ( +0.00)      871.60 (   +0.00)             0 (       0)           0  
##> csa_opto                       START              319639470 ( +0.00)      871.60 (   +0.00)             0 (       0)              
##>                                  END              314031760 ( -1.75)      871.60 (   +0.00)             0 (       0)           0  
##>                                  END              314031760 ( -1.75)      871.60 (   +0.00)             0 (       0)           0  
##>canonicalize_by_names           START              314031760 ( +0.00)      871.60 (   +0.00)             0 (       0)              
##>                                  END              314031760 ( +0.00)      871.60 (   +0.00)             0 (       0)           0  
##>datapath_rewrite_post_csa_one_  START              314031760 ( +0.00)      871.60 (   +0.00)             0 (       0)              
##>                                  END              314031760 ( +0.00)      871.60 (   +0.00)             0 (       0)           0  
##>datapath_csa_factoring_one_gde  START              314031760 ( +0.00)      871.60 (   +0.00)             0 (       0)              
##>                                  END              314031760 ( +0.00)      871.60 (   +0.00)             0 (       0)           0  
##>dpopt_share_one_def             START              314031760 ( +0.00)      871.60 (   +0.00)             0 (       0)              
##>                                  END              314031760 ( +0.00)      871.60 (   +0.00)             0 (       0)           0  
##>datapath_rewrite_post_share     START              314031760 ( +0.00)      871.60 (   +0.00)             0 (       0)              
##>                                  END              314031760 ( +0.00)      871.60 (   +0.00)             0 (       0)           0  
##>dp_combine_const_mult_with_com  START              314031760 ( +0.00)      871.60 (   +0.00)             0 (       0)              
##>                                  END              314031760 ( +0.00)      871.60 (   +0.00)             0 (       0)           0  
##>dp_operator_level_decompositio  START              314031760 ( +0.00)      871.60 (   +0.00)             0 (       0)              
##>                                  END              314031760 ( +0.00)      871.60 (   +0.00)             0 (       0)           0  
##>selective_flatten_dp_config     START              314031760 ( +0.00)      871.60 (   +0.00)             0 (       0)              
##>                                  END              314031760 ( +0.00)      871.60 (   +0.00)             0 (       0)           0  
##>createMaxCarrySave              START              314031760 ( +0.00)      871.60 (   +0.00)             0 (       0)              
##> datapath_rewrite_one_def       START              314031760 ( +0.00)      871.60 (   +0.00)             0 (       0)              
##>  fast_cse_elim                 START              314031760 ( +0.00)      871.60 (   +0.00)             0 (       0)              
##>                                  END              314031760 ( +0.00)      871.60 (   +0.00)             0 (       0)           0  
##>  fast_cse_elim                 START              314031760 ( +0.00)      871.60 (   +0.00)             0 (       0)              
##>                                  END              314031760 ( +0.00)      871.60 (   +0.00)             0 (       0)           0  
##>                                  END              314031760 ( +0.00)      871.60 (   +0.00)             0 (       0)           0  
##> csa_opto                       START              314031760 ( +0.00)      871.60 (   +0.00)             0 (       0)              
##>                                  END              314031760 ( +0.00)      871.60 (   +0.00)             0 (       0)           0  
##>                                  END              314031760 ( +0.00)      871.60 (   +0.00)             0 (       0)           0  
##>context_based_simplify          START              291600920 ( -7.14)      871.60 (   +0.00)             0 (       0)              
##>                                  END              266366225 ( -8.65)      871.60 (   +0.00)             0 (       0)           0  
##>group_csa_final_adder_dp        START              266366225 ( +0.00)      871.60 (   +0.00)             0 (       0)              
##>                                  END              266366225 ( +0.00)      871.60 (   +0.00)             0 (       0)           0  
##>dpopt_flatten_critical_muxes_i  START              266366225 ( +0.00)      871.60 (   +0.00)             0 (       0)              
##>                                  END              266366225 ( +0.00)      871.60 (   +0.00)             0 (       0)           0  
##>create_score                    START              266366225 ( +0.00)      871.60 (   +0.00)             0 (       0)              
##>                                  END              266366225 ( +0.00)      871.60 (   +0.00)             0 (       0)           0  
##>+------------------------------------------------------------------------------------------------------------------------------------------------------------+
Committed config: CDN_DP_region_0_5_c7
          Optimizations applied to 'very_fast' configuration:
            rewriting(0), factoring(0), sharing(0), cmultcse(0), downsizing(0), speculation(0)
Info    : Done optimizing datapath logic. [DPOPT-2]
        : Done optimizing datapath logic in 'Conv'.
Number of big hc bmuxes after = 0
Starting logic reduction [v1.0] (stage: post_rtlopt, startdef: Conv, recur: true)
Completed logic reduction (accepts: 0, rejects: 0, runtime: 0.001s)
Starting mux data reorder optimization [v1.0] (stage: post_rtlopt, startdef: Conv, recur: true)
Completed mux data reorder optimization (accepts: 0, rejects: 0, runtime: 0.006s)
Starting mux speculation [v1.0] (stage: post_muxopt, startdef: Conv, recur: true)
Starting speculation optimization
Completed speculation optimization (accepts:0)
Completed mux speculation (accepts: 0, rejects: 0, runtime: 1.092s)
==================================
Stage : to_generic 
==================================
  =================
   Message Summary
  =================
--------------------------------------------------------------------------------
|    Id     |  Sev   |Count |                  Message Text                    |
--------------------------------------------------------------------------------
| CDFG-250  |Info    |   57 |Processing multi-dimensional arrays.              |
| CDFG-372  |Info    |  111 |Bitwidth mismatch in assignment.                  |
|           |        |      |Review and make sure the mismatch is              |
|           |        |      | unintentional. Genus can possibly issue bitwidth |
|           |        |      | mismatch warning for explicit assignments        |
|           |        |      | present in RTL as-well-as for implicit           |
|           |        |      | assignments inferred by the tool. For example,   |
|           |        |      | in case of enum declaration without value, the   |
|           |        |      | tool will implicitly assign value to the enum    |
|           |        |      | variables. It also issues the warning for any    |
|           |        |      | bitwidth mismatch that appears in this implicit  |
|           |        |      | assignment.                                      |
| CDFG-373  |Info    |    6 |Sign mismatch in assignment.                      |
| CDFG-472  |Warning |    1 |Unreachable statements for case item.             |
| CDFG-479  |Info    |    1 |Constant relational expression.                   |
|           |        |      |A relational expression can evaluate to a         |
|           |        |      | constant when a variable is compared to a value  |
|           |        |      | which is outside the bounds of the variable.     |
| CDFG-500  |Info    |   12 |Unused module input port.                         |
|           |        |      |(In port definition within the module, the input  |
|           |        |      | port is not used in any assignment statements or |
|           |        |      | conditional expressions for decision statements. |
| CDFG-508  |Warning |   12 |Removing unused register.                         |
|           |        |      |Genus removes the flip-flop or latch inferred for |
|           |        |      | an unused signal or variable. To preserve the    |
|           |        |      | flip-flop or latch, set the                      |
|           |        |      | hdl_preserve_unused_registers attribute to true  |
|           |        |      | or use a pragma in the RTL.                      |
| CDFG-738  |Info    |   66 |Common subexpression eliminated.                  |
| CDFG-739  |Info    |   66 |Common subexpression kept.                        |
| CDFG-769  |Info    |    3 |Identified sum-of-products logic to be optimized  |
|           |        |      | during syn_generic.                              |
| CDFG-818  |Warning |    1 |Using default parameter value for module          |
|           |        |      | elaboration.                                     |
| CWD-19    |Info    | 6029 |An implementation was inferred.                   |
| DPOPT-1   |Info    |    1 |Optimizing datapath logic.                        |
| DPOPT-2   |Info    |    1 |Done optimizing datapath logic.                   |
| DPOPT-3   |Info    |   29 |Implementing datapath configurations.             |
| DPOPT-4   |Info    |   29 |Done implementing datapath configurations.        |
| DPOPT-6   |Info    |    1 |Pre-processed datapath logic.                     |
| DPOPT-10  |Info    |   24 |Optimized a mux chain.                            |
| ELAB-1    |Info    |    1 |Elaborating Design.                               |
| ELAB-2    |Info    |   10 |Elaborating Subdesign.                            |
| ELAB-3    |Info    |    1 |Done Elaborating Design.                          |
| GB-6      |Info    |  298 |A datapath component has been ungrouped.          |
| GLO-34    |Info    |    5 |Deleting instances not driving any primary        |
|           |        |      | outputs.                                         |
|           |        |      |Optimizations such as constant propagation or     |
|           |        |      | redundancy removal could change the connections  |
|           |        |      | so a hierarchical instance does not drive any    |
|           |        |      | primary outputs anymore. To see the list of      |
|           |        |      | deleted hierarchical instances, set the          |
|           |        |      | 'information_level' attribute to 2 or above. If  |
|           |        |      | the message is truncated set the message         |
|           |        |      | attribute 'truncate' to false to see the         |
|           |        |      | complete list. To prevent this optimization, set |
|           |        |      | the 'delete_unloaded_insts' root/subdesign       |
|           |        |      | attribute to 'false' or 'preserve' instance      |
|           |        |      | attribute to 'true'.                             |
| LBR-9     |Warning |   86 |Library cell has no output pins defined.          |
|           |        |      |Add the missing output pin(s)                     |
|           |        |      | , then reload the library. Else the library cell |
|           |        |      | will be marked as timing model i.e. unusable.    |
|           |        |      | Timing_model means that the cell does not have   |
|           |        |      | any defined function. If there is no output pin, |
|           |        |      | Genus will mark library cell as unusable i.e.    |
|           |        |      | the attribute 'usable' will be marked to 'false' |
|           |        |      | on the libcell. Therefore, the cell is not used  |
|           |        |      | for mapping and it will not be picked up from    |
|           |        |      | the library for synthesis. If you query the      |
|           |        |      | attribute 'unusable_reason' on the libcell;      |
|           |        |      | result will be: 'Library cell has no output      |
|           |        |      | pins.'Note: The message LBR-9 is only for the    |
|           |        |      | logical pins and not for the power_ground pins.  |
|           |        |      | Genus will depend upon the output function       |
|           |        |      | defined in the pin group (output pin)            |
|           |        |      | of the cell, to use it for mapping. The pg_pin   |
|           |        |      | will not have any function defined.              |
| LBR-40    |Info    |    1 |An unsupported construct was detected in this     |
|           |        |      | library.                                         |
|           |        |      |Check to see if this construct is really needed   |
|           |        |      | for synthesis. Many liberty constructs are not   |
|           |        |      | actually required.                               |
| LBR-41    |Info    |    1 |An output library pin lacks a function attribute. |
|           |        |      |If the remainder of this library cell's semantic  |
|           |        |      | checks are successful, it will be considered as  |
|           |        |      | a timing-model                                   |
|           |        |      | (because one of its outputs does not have a vali |
|           |        |      | d function.                                      |
| LBR-101   |Warning |    4 |Unusable clock gating integrated cell found at    |
|           |        |      | the time of loading libraries. This warning      |
|           |        |      | happens because a particular library cell is     |
|           |        |      | defined as 'clock_gating_integrated_cell', but   |
|           |        |      | 'dont_use' attribute is defined as true in the   |
|           |        |      | liberty library. To make Genus use this cell for |
|           |        |      | clock gating insertion, 'dont_use' attribute     |
|           |        |      | should be set to false.                          |
|           |        |      |To make the cell usable, change the value of      |
|           |        |      | 'dont_use' attribute to false.                   |
| LBR-109   |Info    |    1 |Set default library domain.                       |
| LBR-155   |Info    |  270 |Mismatch in unateness between 'timing_sense'      |
|           |        |      | attribute and the function.                      |
|           |        |      |The 'timing_sense' attribute will be respected.   |
| LBR-161   |Info    |    1 |Setting the maximum print count of this message   |
|           |        |      | to 10 if information_level is less than 9.       |
| LBR-162   |Info    |  228 |Both 'pos_unate' and 'neg_unate' timing_sense     |
|           |        |      | arcs have been processed.                        |
|           |        |      |Setting the 'timing_sense' to non_unate.          |
| LBR-412   |Info    |    1 |Created nominal operating condition.              |
|           |        |      |The nominal operating condition is represented,   |
|           |        |      | either by the nominal PVT values specified in    |
|           |        |      | the library source                               |
|           |        |      | (via nom_process,nom_voltage and nom_temperature |
|           |        |      | respectively)                                    |
|           |        |      | , or by the default PVT values (1.0,1.0,1.0).    |
| LBR-518   |Info    |    1 |Missing a function attribute in the output pin    |
|           |        |      | definition.                                      |
| PHYS-12   |Warning |    7 |The variant range of wire parameters is too       |
|           |        |      | large. An example of wire parameters are, a      |
|           |        |      | WIDTH for layer, PITCH for layer, MINSPACING for |
|           |        |      | layers, etc.                                     |
|           |        |      |Check the consistency of the parameters, and see  |
|           |        |      | if you can ignore this message or you're using   |
|           |        |      | different LEF file with wrong parameters.        |
| PHYS-279  |Warning |   44 |Physical cell not defined in library.             |
|           |        |      |Ensure that the proper library files are          |
|           |        |      | available and have been imported.                |
| PHYS-752  |Info    |    1 |Partition Based Synthesis execution skipped.      |
| POPT-104  |Warning |    1 |The 'lp_insert_clock_gating' attribute should be  |
|           |        |      | set before elaboration.                          |
|           |        |      |Setting the 'lp_insert_clock_gating' attribute    |
|           |        |      | before elaboration will result in an optimal     |
|           |        |      | clock-gated design.                              |
| RTLOPT-30 |Info    |   25 |Accepted resource sharing opportunity.            |
| RTLOPT-40 |Info    |   34 |Transformed datapath macro.                       |
| SDC-201   |Warning |    1 |Unsupported SDC command option.                   |
|           |        |      |The current version does not support this SDC     |
|           |        |      | command option.  However, future versions may be |
|           |        |      | enhanced to support this option.                 |
| SYNTH-1   |Info    |    1 |Synthesizing.                                     |
| TIM-1000  |Info    |    1 |Multimode clock gating check is disabled.         |
| TUI-279   |Warning |    1 |Check number of local CPUs.                       |
|           |        |      |The lower value will be used.                     |
--------------------------------------------------------------------------------
Current PLE settings:

Aspect ratio        : 1.000
Shrink factor       : 0.900
Scale of res/length : 1.000
Scale of cap/length : 1.000
Net derating factor : 1.000
Thermal factor      : 1.253
Via Resistance      : 16.501 ohm (from qrc_tech_file)
Site size           : 1.040 um (from lef [tech+cell])

                                   Capacitance  
  Layer                             / Length         Data source:
Name        Direction Utilization  (pF/micron)       qrc_tech_file
------------------------------------------------
M1              V         0.00        0.000210  
M2              H         1.00        0.000184  
M3              V         1.00        0.000138  
M4              H         1.00        0.000137  
M5              V         1.00        0.000138  
M6              H         1.00        0.000133  
M7              V         1.00        0.000194  
M8              H         1.00        0.000322  
M9              V         1.00        0.000582  
AP              H         1.00        0.000334  

                                    Resistance   
  Layer                              / Length         Data source:
Name        Direction Utilization  (ohm/micron)       qrc_tech_file
-------------------------------------------------
M1              V         0.00        14.633762  
M2              H         1.00        14.861223  
M3              V         1.00        14.861223  
M4              H         1.00        14.861223  
M5              V         1.00        14.861223  
M6              H         1.00        14.861223  
M7              V         1.00         3.005090  
M8              H         1.00         0.111088  
M9              V         1.00         0.004928  
AP              H         1.00         0.009992  

                                        Area     
  Layer                               / Length        Data source:
Name        Direction Utilization     (micron)        lef_library
-------------------------------------------------
M1              V         0.00         0.050000  
M2              H         1.00         0.050000  
M3              V         1.00         0.050000  
M4              H         1.00         0.050000  
M5              V         1.00         0.050000  
M6              H         1.00         0.050000  
M7              V         1.00         0.100000  
M8              H         1.00         0.400000  
M9              V         1.00         2.000000  
AP              H         1.00         2.000000  

Mapper: Libraries have:
	domain timing_cond_0p81v_125c: 530 combo usable cells and 349 sequential usable cells
Info    : Attempting to launch a super-threading server. [ST-120]
        : Attempting to Launch server 1 of 28.
        : The tool is entering super-threading mode and is launching a CPU server process.  This is enabled by the root attribute 'super_thread_servers' or 'auto_super_thread'.
Info    : Connection established with super-threading server. [ST-110]
        : The server 'localhost_1_0' is process '3255425' on this host.
        : The tool is entering super-threading mode and has established a connection with a CPU server process.  This is enabled by the root attributes 'super_thread_servers' or 'auto_super_thread'.
                  Library loading done successfully on server 'localhost_1_0'.
Info    : Connection established with super-threading server. [ST-110]
        : The server 'localhost_1_1' is forked process '3255711' on this host.
Info    : Connection established with super-threading server. [ST-110]
        : The server 'localhost_1_2' is forked process '3255713' on this host.
Info    : Connection established with super-threading server. [ST-110]
        : The server 'localhost_1_3' is forked process '3255715' on this host.
Info    : Connection established with super-threading server. [ST-110]
        : The server 'localhost_1_4' is forked process '3255717' on this host.
Info    : Connection established with super-threading server. [ST-110]
        : The server 'localhost_1_5' is forked process '3255719' on this host.
Info    : Connection established with super-threading server. [ST-110]
        : The server 'localhost_1_6' is forked process '3255721' on this host.
Info    : Connection established with super-threading server. [ST-110]
        : The server 'localhost_1_7' is forked process '3255723' on this host.

[13:28:00.247995] Periodic Lic check successful
[13:28:00.248002] Feature usage summary:
[13:28:00.248002] Genus_Synthesis
[13:28:00.248003] Genus_CPU_Opt
Checking out license: Genus_CPU_Opt
Info    : Connection established with super-threading server. [ST-110]
        : The server 'localhost_1_8' is forked process '3255725' on this host.
Info    : Connection established with super-threading server. [ST-110]
        : The server 'localhost_1_9' is forked process '3255727' on this host.
Info    : Connection established with super-threading server. [ST-110]
        : The server 'localhost_1_10' is forked process '3255729' on this host.
Info    : Connection established with super-threading server. [ST-110]
        : The server 'localhost_1_11' is forked process '3255731' on this host.
Info    : Connection established with super-threading server. [ST-110]
        : The server 'localhost_1_12' is forked process '3255733' on this host.
Info    : Connection established with super-threading server. [ST-110]
        : The server 'localhost_1_13' is forked process '3255735' on this host.
Info    : Connection established with super-threading server. [ST-110]
        : The server 'localhost_1_14' is forked process '3255737' on this host.
Info    : Connection established with super-threading server. [ST-110]
        : The server 'localhost_1_15' is forked process '3255739' on this host.
Checking out license: Genus_CPU_Opt
Info    : Connection established with super-threading server. [ST-110]
        : The server 'localhost_1_16' is forked process '3255741' on this host.
Info    : Connection established with super-threading server. [ST-110]
        : The server 'localhost_1_17' is forked process '3255743' on this host.
Info    : Connection established with super-threading server. [ST-110]
        : The server 'localhost_1_18' is forked process '3255745' on this host.
Info    : Connection established with super-threading server. [ST-110]
        : The server 'localhost_1_19' is forked process '3255747' on this host.
Warning : Maximum message print count reached. [MESG-11]
        : Maximum print count of '20' reached for message 'ST-110'.
Checking out license: Genus_CPU_Opt
Multi-threaded constant propagation [1|0] ...
Info    : Replacing the synchronous part of an always feeding back flip-flop with a logic constant. [GLO-45]
        : The instance is 'r_transform_product_idx_reg[1]'. The constant is '0'.
        : To prevent this optimization, set 'optimize_constant_feedback_seqs' root attribute to 'false'. The instance attribute 'optimize_constant_feedback_seq' controls this optimization. 
Info    : Replacing the synchronous part of an always feeding back flip-flop with a logic constant. [GLO-45]
        : The instance is 'r_transform_product_idx_reg[0]'. The constant is '0'.
Info    : Replacing the synchronous part of an always feeding back flip-flop with a logic constant. [GLO-45]
        : The instance is 'r_output_addr_channel_reg[1]'. The constant is '0'.
Info    : Replacing the synchronous part of an always feeding back flip-flop with a logic constant. [GLO-45]
        : The instance is 'r_output_addr_row_reg[1]'. The constant is '0'.
Info    : Replacing the synchronous part of an always feeding back flip-flop with a logic constant. [GLO-45]
        : The instance is 'r_output_addr_channel_reg[0]'. The constant is '0'.
Info    : Replacing the synchronous part of an always feeding back flip-flop with a logic constant. [GLO-45]
        : The instance is 'r_output_addr_col_reg[0]'. The constant is '0'.
Info    : Replacing the synchronous part of an always feeding back flip-flop with a logic constant. [GLO-45]
        : The instance is 'r_output_addr_row_reg[0]'. The constant is '0'.
Info    : Replacing the synchronous part of an always feeding back flip-flop with a logic constant. [GLO-45]
        : The instance is 'r_input_window_next_reg[0]'. The constant is '0'.
Info    : Replacing a flip-flop with a logic constant 0. [GLO-12]
        : The instance is 'r_input_window_next_reg[0]'.
        : To prevent this optimization, set the 'optimize_constant_0_flops' root attribute to 'false' or 'optimize_constant_0_seq' instance attribute to 'false'. You can also see the complete list of deleted sequential with command "report sequential -deleted" (on Reason "constant0").
Info    : Replacing a flip-flop with a logic constant 0. [GLO-12]
        : The instance is 'r_output_addr_channel_reg[0]'.
Info    : Replacing a flip-flop with a logic constant 0. [GLO-12]
        : The instance is 'r_output_addr_channel_reg[1]'.
Info    : Replacing a flip-flop with a logic constant 0. [GLO-12]
        : The instance is 'r_output_addr_col_reg[0]'.
Info    : Replacing a flip-flop with a logic constant 0. [GLO-12]
        : The instance is 'r_output_addr_row_reg[0]'.
Info    : Replacing a flip-flop with a logic constant 0. [GLO-12]
        : The instance is 'r_output_addr_row_reg[1]'.
Info    : Replacing a flip-flop with a logic constant 0. [GLO-12]
        : The instance is 'r_transform_product_idx_reg[0]'.
Info    : Replacing a flip-flop with a logic constant 0. [GLO-12]
        : The instance is 'r_transform_product_idx_reg[1]'.
Info    : Replacing a flip-flop with a logic constant 0. [GLO-12]
        : The instance is 'st_conv_current_reg[2]'.
Info    : Replacing the synchronous part of an always feeding back flip-flop with a logic constant. [GLO-45]
        : The instance is 'r_input_addr_feat_reg[0]'. The constant is '0'.
Info    : Replacing a flip-flop with a logic constant 0. [GLO-12]
        : The instance is 'r_input_addr_feat_reg[0]'.
Info    : Deleting instances not driving any primary outputs. [GLO-34]
        : Deleting 10 sequential instances.
Info    : Deleting instances not driving any primary outputs. [GLO-34]
        : Deleting 4 hierarchical instances.
Inserting clock-gating logic .....
Info    : A potential clock gating enable was not considered due to the presence of timing exceptions. [POPT-92]
        : Clock gating timing exception awareness can be disabled with the 'lp_clock_gating_exceptions_aware' attribute.
Clock Gating Status
===================
Category                                Number    Percentage
------------------------------------------------------------------
Gated flip-flops                        974		 99%
Ungated flip-flops
  Cannot map to requested logic         0		  0%
  Enable signal is constant             0		  0%
  Excluded from clock-gating            0		  0%
  User preserved                        0		  0%
  Libcell unusable                      0		  0%
  Timing exception in enable logic      0		  0%
  Register bank width too small         11		  1%
Total flip-flops                        985		100%
Total CG Modules                        51
Info    : Deleting instances not driving any primary outputs. [GLO-34]
        : Deleting 2 sequential instances.
Multi-threaded Virtual Mapping    (8 threads per ST process, 8 of 28 CPUs usable)
        Distributing super-thread jobs: mult_signed mult_signed_1378 csa_tree_minus_1044_18_group_46850 csa_tree_minus_1040_18_group_79499 csa_tree_45532 csa_tree_sub009638_group_29 csa_tree_add_1064_41_group_50 csa_tree_add_1063_41_group_52 csa_tree_15335 csa_tree_fac167_group_16548 add_signed_carry_5601 sub_unsigned_26_1371 sub_unsigned_26_1365 sub_unsigned_26_1364 sub_unsigned_26_1363 sub_unsigned_26_1368 sub_unsigned_26_1374 sub_unsigned_26_1373 sub_unsigned_26_1366 sub_unsigned_26_1367 sub_unsigned_26_1370 sub_unsigned_26_1369 sub_unsigned_26_1372 add_unsigned_18_1190 add_unsigned_18_1189 add_unsigned_18_1191 add_unsigned_18_1192
          Sending 'mult_signed' to server 'localhost_1_19'...
            Sent 'mult_signed' to server 'localhost_1_19'.
          Sending 'mult_signed_1378' to server 'localhost_1_17'...
            Sent 'mult_signed_1378' to server 'localhost_1_17'.
          Sending 'csa_tree_minus_1044_18_group_46850' to server 'localhost_1_23'...
            Sent 'csa_tree_minus_1044_18_group_46850' to server 'localhost_1_23'.
          Sending 'csa_tree_minus_1040_18_group_79499' to server 'localhost_1_14'...
            Sent 'csa_tree_minus_1040_18_group_79499' to server 'localhost_1_14'.
          Sending 'csa_tree_45532' to server 'localhost_1_18'...
            Sent 'csa_tree_45532' to server 'localhost_1_18'.
          Sending 'csa_tree_sub009638_group_29' to server 'localhost_1_27'...
            Sent 'csa_tree_sub009638_group_29' to server 'localhost_1_27'.
          Sending 'csa_tree_add_1064_41_group_50' to server 'localhost_1_2'...
            Sent 'csa_tree_add_1064_41_group_50' to server 'localhost_1_2'.
          Sending 'csa_tree_add_1063_41_group_52' to server 'localhost_1_6'...
            Sent 'csa_tree_add_1063_41_group_52' to server 'localhost_1_6'.
          Sending 'csa_tree_15335' to server 'localhost_1_12'...
            Sent 'csa_tree_15335' to server 'localhost_1_12'.
          Sending 'csa_tree_fac167_group_16548' to server 'localhost_1_16'...
            Sent 'csa_tree_fac167_group_16548' to server 'localhost_1_16'.
          Sending 'add_signed_carry_5601' to server 'localhost_1_22'...
            Sent 'add_signed_carry_5601' to server 'localhost_1_22'.
          Sending 'sub_unsigned_26_1371' to server 'localhost_1_1'...
            Sent 'sub_unsigned_26_1371' to server 'localhost_1_1'.
          Sending 'sub_unsigned_26_1365' to server 'localhost_1_4'...
            Sent 'sub_unsigned_26_1365' to server 'localhost_1_4'.
          Sending 'sub_unsigned_26_1364' to server 'localhost_1_9'...
            Sent 'sub_unsigned_26_1364' to server 'localhost_1_9'.
          Sending 'sub_unsigned_26_1363' to server 'localhost_1_15'...
            Sent 'sub_unsigned_26_1363' to server 'localhost_1_15'.
          Sending 'sub_unsigned_26_1368' to server 'localhost_1_8'...
            Sent 'sub_unsigned_26_1368' to server 'localhost_1_8'.
          Sending 'sub_unsigned_26_1374' to server 'localhost_1_20'...
            Sent 'sub_unsigned_26_1374' to server 'localhost_1_20'.
          Sending 'sub_unsigned_26_1373' to server 'localhost_1_13'...
            Sent 'sub_unsigned_26_1373' to server 'localhost_1_13'.
          Sending 'sub_unsigned_26_1366' to server 'localhost_1_25'...
            Sent 'sub_unsigned_26_1366' to server 'localhost_1_25'.
          Sending 'sub_unsigned_26_1367' to server 'localhost_1_3'...
            Sent 'sub_unsigned_26_1367' to server 'localhost_1_3'.
          Sending 'sub_unsigned_26_1370' to server 'localhost_1_24'...
            Sent 'sub_unsigned_26_1370' to server 'localhost_1_24'.
          Sending 'sub_unsigned_26_1369' to server 'localhost_1_0'...
            Sent 'sub_unsigned_26_1369' to server 'localhost_1_0'.
          Sending 'sub_unsigned_26_1372' to server 'localhost_1_11'...
            Sent 'sub_unsigned_26_1372' to server 'localhost_1_11'.
          Sending 'add_unsigned_18_1190' to server 'localhost_1_21'...
            Sent 'add_unsigned_18_1190' to server 'localhost_1_21'.
          Sending 'add_unsigned_18_1189' to server 'localhost_1_7'...
            Sent 'add_unsigned_18_1189' to server 'localhost_1_7'.
          Sending 'add_unsigned_18_1191' to server 'localhost_1_5'...
            Sent 'add_unsigned_18_1191' to server 'localhost_1_5'.
          Sending 'add_unsigned_18_1192' to server 'localhost_1_26'...
            Sent 'add_unsigned_18_1192' to server 'localhost_1_26'.
          Received 'csa_tree_45532' from server 'localhost_1_18'. (8212 ms elapsed)
          Received 'sub_unsigned_26_1371' from server 'localhost_1_1'. (8814 ms elapsed)
          Received 'sub_unsigned_26_1374' from server 'localhost_1_20'. (8797 ms elapsed)
          Received 'add_unsigned_18_1192' from server 'localhost_1_26'. (8729 ms elapsed)
          Received 'sub_unsigned_26_1365' from server 'localhost_1_4'. (9008 ms elapsed)
          Received 'csa_tree_add_1063_41_group_52' from server 'localhost_1_6'. (9233 ms elapsed)
          Received 'sub_unsigned_26_1364' from server 'localhost_1_9'. (9170 ms elapsed)
          Received 'add_signed_carry_5601' from server 'localhost_1_22'. (9234 ms elapsed)
          Received 'sub_unsigned_26_1368' from server 'localhost_1_8'. (9191 ms elapsed)
          Received 'csa_tree_15335' from server 'localhost_1_12'. (9323 ms elapsed)
          Received 'csa_tree_fac167_group_16548' from server 'localhost_1_16'. (9311 ms elapsed)
          Received 'sub_unsigned_26_1373' from server 'localhost_1_13'. (9227 ms elapsed)
          Received 'add_unsigned_18_1190' from server 'localhost_1_21'. (9132 ms elapsed)
          Received 'sub_unsigned_26_1366' from server 'localhost_1_25'. (9231 ms elapsed)
          Received 'add_unsigned_18_1191' from server 'localhost_1_5'. (9109 ms elapsed)
          Received 'sub_unsigned_26_1372' from server 'localhost_1_11'. (9164 ms elapsed)
          Received 'sub_unsigned_26_1363' from server 'localhost_1_15'. (9313 ms elapsed)
          Received 'sub_unsigned_26_1370' from server 'localhost_1_24'. (9219 ms elapsed)
          Received 'sub_unsigned_26_1367' from server 'localhost_1_3'. (9245 ms elapsed)
          Received 'sub_unsigned_26_1369' from server 'localhost_1_0'. (9257 ms elapsed)
          Received 'add_unsigned_18_1189' from server 'localhost_1_7'. (9253 ms elapsed)
          Received 'csa_tree_minus_1044_18_group_46850' from server 'localhost_1_23'. (9978 ms elapsed)
          Received 'csa_tree_minus_1040_18_group_79499' from server 'localhost_1_14'. (10014 ms elapsed)
          Received 'csa_tree_add_1064_41_group_50' from server 'localhost_1_2'. (10400 ms elapsed)
          Received 'csa_tree_sub009638_group_29' from server 'localhost_1_27'. (10415 ms elapsed)
          Received 'mult_signed' from server 'localhost_1_19'. (10662 ms elapsed)
          Received 'mult_signed_1378' from server 'localhost_1_17'. (10657 ms elapsed)
        Distributing super-thread jobs: csa_tree_fac3_group_16546 csa_tree_fac3_group_16546_1330 csa_tree_fac2_group_16543_1325 csa_tree_fac2_group_16543 csa_tree_SUB_TC_OP_group_4 csa_tree_ADD_TC_OP_1_group_6 sub_unsigned_26_1356 sub_unsigned_26_1359 sub_unsigned_26_1360 sub_unsigned_26_1353 sub_unsigned_26_1362 sub_unsigned_26_1354 sub_unsigned_26_1355 sub_unsigned_26_1361 sub_unsigned_26_1351 sub_unsigned_26_1357 sub_unsigned_26_1358 sub_unsigned_26_1352 add_unsigned_18_1186 add_unsigned_18_1185 add_unsigned_18_1187 add_unsigned_18_1188
          Sending 'csa_tree_fac3_group_16546' to server 'localhost_1_19'...
            Sent 'csa_tree_fac3_group_16546' to server 'localhost_1_19'.
          Sending 'csa_tree_fac3_group_16546_1330' to server 'localhost_1_17'...
            Sent 'csa_tree_fac3_group_16546_1330' to server 'localhost_1_17'.
          Sending 'csa_tree_fac2_group_16543_1325' to server 'localhost_1_23'...
            Sent 'csa_tree_fac2_group_16543_1325' to server 'localhost_1_23'.
          Sending 'csa_tree_fac2_group_16543' to server 'localhost_1_14'...
            Sent 'csa_tree_fac2_group_16543' to server 'localhost_1_14'.
          Sending 'csa_tree_SUB_TC_OP_group_4' to server 'localhost_1_18'...
            Sent 'csa_tree_SUB_TC_OP_group_4' to server 'localhost_1_18'.
          Sending 'csa_tree_ADD_TC_OP_1_group_6' to server 'localhost_1_27'...
            Sent 'csa_tree_ADD_TC_OP_1_group_6' to server 'localhost_1_27'.
          Sending 'sub_unsigned_26_1356' to server 'localhost_1_2'...
            Sent 'sub_unsigned_26_1356' to server 'localhost_1_2'.
          Sending 'sub_unsigned_26_1359' to server 'localhost_1_6'...
            Sent 'sub_unsigned_26_1359' to server 'localhost_1_6'.
          Sending 'sub_unsigned_26_1360' to server 'localhost_1_12'...
            Sent 'sub_unsigned_26_1360' to server 'localhost_1_12'.
          Sending 'sub_unsigned_26_1353' to server 'localhost_1_16'...
            Sent 'sub_unsigned_26_1353' to server 'localhost_1_16'.
          Sending 'sub_unsigned_26_1362' to server 'localhost_1_22'...
            Sent 'sub_unsigned_26_1362' to server 'localhost_1_22'.
          Sending 'sub_unsigned_26_1354' to server 'localhost_1_1'...
            Sent 'sub_unsigned_26_1354' to server 'localhost_1_1'.
          Sending 'sub_unsigned_26_1355' to server 'localhost_1_4'...
            Sent 'sub_unsigned_26_1355' to server 'localhost_1_4'.
          Sending 'sub_unsigned_26_1361' to server 'localhost_1_9'...
            Sent 'sub_unsigned_26_1361' to server 'localhost_1_9'.
          Sending 'sub_unsigned_26_1351' to server 'localhost_1_15'...
            Sent 'sub_unsigned_26_1351' to server 'localhost_1_15'.
          Sending 'sub_unsigned_26_1357' to server 'localhost_1_8'...
            Sent 'sub_unsigned_26_1357' to server 'localhost_1_8'.
          Sending 'sub_unsigned_26_1358' to server 'localhost_1_20'...
            Sent 'sub_unsigned_26_1358' to server 'localhost_1_20'.
          Sending 'sub_unsigned_26_1352' to server 'localhost_1_13'...
            Sent 'sub_unsigned_26_1352' to server 'localhost_1_13'.
          Sending 'add_unsigned_18_1186' to server 'localhost_1_25'...
            Sent 'add_unsigned_18_1186' to server 'localhost_1_25'.
          Sending 'add_unsigned_18_1185' to server 'localhost_1_3'...
            Sent 'add_unsigned_18_1185' to server 'localhost_1_3'.
          Sending 'add_unsigned_18_1187' to server 'localhost_1_24'...
            Sent 'add_unsigned_18_1187' to server 'localhost_1_24'.
          Sending 'add_unsigned_18_1188' to server 'localhost_1_0'...
            Sent 'add_unsigned_18_1188' to server 'localhost_1_0'.
          Received 'sub_unsigned_26_1356' from server 'localhost_1_2'. (273 ms elapsed)
          Received 'sub_unsigned_26_1353' from server 'localhost_1_16'. (256 ms elapsed)
          Received 'sub_unsigned_26_1359' from server 'localhost_1_6'. (285 ms elapsed)
          Received 'sub_unsigned_26_1354' from server 'localhost_1_1'. (305 ms elapsed)
          Received 'csa_tree_ADD_TC_OP_1_group_6' from server 'localhost_1_27'. (386 ms elapsed)
          Received 'sub_unsigned_26_1360' from server 'localhost_1_12'. (356 ms elapsed)
          Received 'sub_unsigned_26_1362' from server 'localhost_1_22'. (337 ms elapsed)
          Received 'sub_unsigned_26_1358' from server 'localhost_1_20'. (279 ms elapsed)
          Received 'sub_unsigned_26_1351' from server 'localhost_1_15'. (323 ms elapsed)
          Received 'sub_unsigned_26_1357' from server 'localhost_1_8'. (320 ms elapsed)
          Received 'sub_unsigned_26_1361' from server 'localhost_1_9'. (347 ms elapsed)
          Received 'add_unsigned_18_1187' from server 'localhost_1_24'. (318 ms elapsed)
          Received 'add_unsigned_18_1186' from server 'localhost_1_25'. (337 ms elapsed)
          Received 'sub_unsigned_26_1355' from server 'localhost_1_4'. (398 ms elapsed)
          Received 'csa_tree_fac2_group_16543' from server 'localhost_1_14'. (530 ms elapsed)
          Received 'add_unsigned_18_1188' from server 'localhost_1_0'. (331 ms elapsed)
          Received 'csa_tree_fac3_group_16546' from server 'localhost_1_19'. (648 ms elapsed)
          Received 'csa_tree_fac2_group_16543_1325' from server 'localhost_1_23'. (613 ms elapsed)
          Received 'csa_tree_fac3_group_16546_1330' from server 'localhost_1_17'. (637 ms elapsed)
          Received 'sub_unsigned_26_1352' from server 'localhost_1_13'. (635 ms elapsed)
          Received 'add_unsigned_18_1185' from server 'localhost_1_3'. (626 ms elapsed)
          Received 'csa_tree_SUB_TC_OP_group_4' from server 'localhost_1_18'. (1327 ms elapsed)
        Distributing super-thread jobs: sub_unsigned_26_1375 sub_unsigned_26 add_unsigned_18_1193 add_unsigned_18_1194
          Sending 'sub_unsigned_26_1375' to server 'localhost_1_19'...
            Sent 'sub_unsigned_26_1375' to server 'localhost_1_19'.
          Sending 'sub_unsigned_26' to server 'localhost_1_17'...
            Sent 'sub_unsigned_26' to server 'localhost_1_17'.
          Sending 'add_unsigned_18_1193' to server 'localhost_1_23'...
            Sent 'add_unsigned_18_1193' to server 'localhost_1_23'.
          Sending 'add_unsigned_18_1194' to server 'localhost_1_14'...
            Sent 'add_unsigned_18_1194' to server 'localhost_1_14'.
          Received 'sub_unsigned_26_1375' from server 'localhost_1_19'. (217 ms elapsed)
          Received 'sub_unsigned_26' from server 'localhost_1_17'. (220 ms elapsed)
          Received 'add_unsigned_18_1193' from server 'localhost_1_23'. (220 ms elapsed)
          Received 'add_unsigned_18_1194' from server 'localhost_1_14'. (220 ms elapsed)
        Distributing super-thread jobs: cb_part_1519
          Sending 'cb_part_1519' to server 'localhost_1_19'...
            Sent 'cb_part_1519' to server 'localhost_1_19'.
          Received 'cb_part_1519' from server 'localhost_1_19'. (410 ms elapsed)
        Distributing super-thread jobs: cb_part_1515
          Sending 'cb_part_1515' to server 'localhost_1_19'...
            Sent 'cb_part_1515' to server 'localhost_1_19'.
          Received 'cb_part_1515' from server 'localhost_1_19'. (2343 ms elapsed)
        Distributing super-thread jobs: cb_seq mux_ctl_0x_1509 mux_ctl_0x_1510 mux_ctl_0x_1508 mux_ctl_0x_1511 add_unsigned_18 WALLACE_CSA_DUMMY_OP256_group_2
          Sending 'cb_seq' to server 'localhost_1_19'...
            Sent 'cb_seq' to server 'localhost_1_19'.
          Sending 'mux_ctl_0x_1509' to server 'localhost_1_17'...
            Sent 'mux_ctl_0x_1509' to server 'localhost_1_17'.
          Sending 'mux_ctl_0x_1510' to server 'localhost_1_23'...
            Sent 'mux_ctl_0x_1510' to server 'localhost_1_23'.
          Sending 'mux_ctl_0x_1508' to server 'localhost_1_14'...
            Sent 'mux_ctl_0x_1508' to server 'localhost_1_14'.
          Sending 'mux_ctl_0x_1511' to server 'localhost_1_18'...
            Sent 'mux_ctl_0x_1511' to server 'localhost_1_18'.
          Sending 'add_unsigned_18' to server 'localhost_1_27'...
            Sent 'add_unsigned_18' to server 'localhost_1_27'.
          Sending 'WALLACE_CSA_DUMMY_OP256_group_2' to server 'localhost_1_2'...
            Sent 'WALLACE_CSA_DUMMY_OP256_group_2' to server 'localhost_1_2'.
          Received 'cb_seq' from server 'localhost_1_19'. (226 ms elapsed)
          Received 'mux_ctl_0x_1508' from server 'localhost_1_14'. (288 ms elapsed)
          Received 'mux_ctl_0x_1510' from server 'localhost_1_23'. (305 ms elapsed)
          Received 'mux_ctl_0x_1509' from server 'localhost_1_17'. (319 ms elapsed)
          Received 'mux_ctl_0x_1511' from server 'localhost_1_18'. (331 ms elapsed)
          Received 'add_unsigned_18' from server 'localhost_1_27'. (334 ms elapsed)
          Received 'WALLACE_CSA_DUMMY_OP256_group_2' from server 'localhost_1_2'. (333 ms elapsed)
        Distributing super-thread jobs: cb_seq_1513
          Sending 'cb_seq_1513' to server 'localhost_1_19'...
            Sent 'cb_seq_1513' to server 'localhost_1_19'.
          Received 'cb_seq_1513' from server 'localhost_1_19'. (428 ms elapsed)
==================================
Stage : first_condense 
==================================
  =================
   Message Summary
  =================
--------------------------------------------------------------------------------
|   Id    |Sev  |Count |                     Message Text                      |
--------------------------------------------------------------------------------
| GB-6    |Info |   97 |A datapath component has been ungrouped.               |
| GLO-12  |Info |   10 |Replacing a flip-flop with a logic constant 0.         |
|         |     |      |To prevent this optimization, set the                  |
|         |     |      | 'optimize_constant_0_flops' root attribute to 'false' |
|         |     |      | or 'optimize_constant_0_seq' instance attribute to    |
|         |     |      | 'false'. You can also see the complete list of        |
|         |     |      | deleted sequential with command 'report sequential    |
|         |     |      | -deleted' (on Reason 'constant0').                    |
| GLO-34  |Info |    3 |Deleting instances not driving any primary outputs.    |
|         |     |      |Optimizations such as constant propagation or          |
|         |     |      | redundancy removal could change the connections so a  |
|         |     |      | hierarchical instance does not drive any primary      |
|         |     |      | outputs anymore. To see the list of deleted           |
|         |     |      | hierarchical instances, set the 'information_level'   |
|         |     |      | attribute to 2 or above. If the message is truncated  |
|         |     |      | set the message attribute 'truncate' to false to see  |
|         |     |      | the complete list. To prevent this optimization, set  |
|         |     |      | the 'delete_unloaded_insts' root/subdesign attribute  |
|         |     |      | to 'false' or 'preserve' instance attribute to        |
|         |     |      | 'true'.                                               |
| GLO-42  |Info |    2 |Equivalent sequential instances have been merged.      |
|         |     |      |To prevent merging of sequential instances, set the    |
|         |     |      | 'optimize_merge_flops' and 'optimize_merge_latches'   |
|         |     |      | root attributes to 'false' or the                     |
|         |     |      | 'optimize_merge_seq' instance attribute to 'false'.   |
| GLO-45  |Info |    9 |Replacing the synchronous part of an always feeding    |
|         |     |      | back flip-flop with a logic constant.                 |
|         |     |      |To prevent this optimization, set                      |
|         |     |      | 'optimize_constant_feedback_seqs' root attribute to   |
|         |     |      | 'false'. The instance attribute                       |
|         |     |      | 'optimize_constant_feedback_seq' controls this        |
|         |     |      | optimization.                                         |
| POPT-12 |Info |    1 |Could not find any user created clock-gating module.   |
|         |     |      |Looking for Integrated clock-gating cell in library.   |
| POPT-92 |Info |    1 |A potential clock gating enable was not considered due |
|         |     |      | to the presence of timing exceptions.                 |
|         |     |      |Clock gating timing exception awareness can be         |
|         |     |      | disabled with the 'lp_clock_gating_exceptions_aware'  |
|         |     |      | attribute.                                            |
| POPT-96 |Info |    1 |One or more cost groups were automatically created for |
|         |     |      | clock gate enable paths.                              |
|         |     |      |This feature can be disabled by setting the attribute  |
|         |     |      | lp_clock_gating_auto_cost_grouping false.             |
| ST-110  |Info |   28 |Connection established with super-threading server.    |
|         |     |      |The tool is entering super-threading mode and has      |
|         |     |      | established a connection with a CPU server process.   |
|         |     |      | This is enabled by the root attributes                |
|         |     |      | 'super_thread_servers' or 'auto_super_thread'.        |
| ST-120  |Info |    1 |Attempting to launch a super-threading server.         |
|         |     |      |The tool is entering super-threading mode and is       |
|         |     |      | launching a CPU server process.  This is enabled by   |
|         |     |      | the root attribute 'super_thread_servers' or          |
|         |     |      | 'auto_super_thread'.                                  |
| ST-128  |Info |    2 |Super thread servers are launched successfully.        |
| TUI-280 |Info |    3 |An additional product license has been checked out.    |
|         |     |      |The command 'license checkin' can be used to check the |
|         |     |      | license back in when it is no longer needed.          |
--------------------------------------------------------------------------------
 
Global mapping target info
==========================
Cost Group 'clk' target slack:    30 ps
Target path end-point (Port: Conv/p_output_data_write[19])

Cost Group 'cg_enable_group_clk' target slack:    29 ps
Target path end-point (Pin: RC_CG_HIER_INST32/RC_CGIC_INST/E (CKLNQD1BWP30P140/E))


+-----------+--------------------+-----+----------------------+---------------------------+
|   Host    |      Machine       | CPU | Physical Memory (MB) | Peak Physical Memory (MB) |
+-----------+--------------------+-----+----------------------+---------------------------+
| localhost | paxos.inf.pucrs.br | 28  |        6189.9        |          6219.7           |
+-----------+--------------------+-----+----------------------+---------------------------+

+----------------+----------------------+---------------------------+
|     Server     | Physical Memory (MB) | Peak Physical Memory (MB) |
+----------------+----------------------+---------------------------+
| localhost_1_26 |      167.4 [1]       |          [1] [2]          |
| localhost_1_18 |      186.6 [1]       |          [1] [2]          |
| localhost_1_10 |      122.0 [1]       |          [1] [2]          |
| localhost_1_3  |      167.9 [1]       |          [1] [2]          |
| localhost_1_4  |      167.9 [1]       |          [1] [2]          |
| localhost_1_9  |      167.9 [1]       |          [1] [2]          |
| localhost_1_25 |      167.9 [1]       |          [1] [2]          |
| localhost_1_27 |      187.2 [1]       |          [1] [2]          |
| localhost_1_2  |      182.2 [1]       |          [1] [2]          |
| localhost_1_15 |      167.9 [1]       |          [1] [2]          |
| localhost_1_17 |      172.2 [1]       |          [1] [2]          |
| localhost_1_19 |      181.3 [1]       |          [1] [2]          |
| localhost_1_6  |      167.6 [1]       |          [1] [2]          |
| localhost_1_12 |      167.9 [1]       |          [1] [2]          |
| localhost_1_16 |      168.2 [1]       |          [1] [2]          |
| localhost_1_23 |      171.1 [1]       |          [1] [2]          |
| localhost_1_11 |      167.7 [1]       |          [1] [2]          |
| localhost_1_0  |      4743.7 [3]      |        4743.7 [3]         |
| localhost_1_24 |      167.9 [1]       |          [1] [2]          |
| localhost_1_14 |      171.0 [1]       |          [1] [2]          |
| localhost_1_21 |      167.4 [1]       |          [1] [2]          |
| localhost_1_22 |      168.5 [1]       |          [1] [2]          |
| localhost_1_8  |      167.9 [1]       |          [1] [2]          |
| localhost_1_7  |      167.4 [1]       |          [1] [2]          |
| localhost_1_1  |      167.9 [1]       |          [1] [2]          |
| localhost_1_5  |      167.4 [1]       |          [1] [2]          |
| localhost_1_20 |      167.9 [1]       |          [1] [2]          |
| localhost_1_13 |      167.9 [1]       |          [1] [2]          |
+----------------+----------------------+---------------------------+
[1] Memory is included in parent localhost_1_0.
[2] Peak physical memory is not available for forked background servers.
[3] Memory of child processes is included.


Test connection status for design: Conv
=======================================
Connected 0 out of 0 clock-gating instances.

State Retention Synthesis Status
================================

Category                        Flops   Percentage
--------------------------------------------------
Total instances                   983        100.0
Excluded from State Retention     983        100.0
    - Will not convert            983        100.0
      - Preserved                   0          0.0
      - Power intent excluded     983        100.0
    - Could not convert             0          0.0
      - Scan type                   0          0.0
      - No suitable cell            0          0.0
State Retention instances           0          0.0
--------------------------------------------------


+-----------+--------------------+-----+----------------------+---------------------------+
|   Host    |      Machine       | CPU | Physical Memory (MB) | Peak Physical Memory (MB) |
+-----------+--------------------+-----+----------------------+---------------------------+
| localhost | paxos.inf.pucrs.br |  1  |        1956.6        |          6219.7           |
+-----------+--------------------+-----+----------------------+---------------------------+

+---------------+----------------------+---------------------------+
|    Server     | Physical Memory (MB) | Peak Physical Memory (MB) |
+---------------+----------------------+---------------------------+
| localhost_1_0 |        488.5         |          4743.7           |
+---------------+----------------------+---------------------------+

Info    : Using '2' number of super-threading servers using the attribute 'super_thread_servers' could have
          saved '129' more seconds during global map.
Info    : Using '3' number of super-threading servers using the attribute 'super_thread_servers' could have
          saved '176' more seconds during global map.
Info    : Using '4' number of super-threading servers using the attribute 'super_thread_servers' could have
          saved '197' more seconds during global map.
Info    : Using '5' number of super-threading servers using the attribute 'super_thread_servers' could have
          saved '208' more seconds during global map.
Info    : Using '6' number of super-threading servers using the attribute 'super_thread_servers' could have
          saved '217' more seconds during global map.
Info    : Using '7' number of super-threading servers using the attribute 'super_thread_servers' could have
          saved '226' more seconds during global map.
PBS_Generic_Opt-Post - Elapsed_Time 389, CPU_Time 349.233912
stamp 'PBS_Generic_Opt-Post' being created for table 'pbs_debug'

  Total Time (Wall) |  Stage Time (Wall)  |   % (Wall)   |    Date - Time     |  Memory   | Stage
--------------------+---------------------+--------------+--------------------+-----------+----------------------
 00:00:29(00:01:44) |  00:00:00(00:00:00) |   0.0(  0.0) |   13:22:31 (Sep02) |  684.5 MB | PBS_Generic-Start
--------------------+---------------------+--------------+--------------------+-----------+----------------------
 00:06:18(00:08:14) |  00:05:49(00:06:30) | 100.0(100.0) |   13:29:01 (Sep02) |   1.96 GB | PBS_Generic_Opt-Post
--------------------+---------------------+--------------+--------------------+-----------+----------------------
Number of threads: 28 * 1   (id: pbs_debug, time_info v1.57)
Info: (*N*) indicates data that was populated from previously saved time_info database
Info: CPU time includes time of parent + longest thread
PBS_Generic-Postgen HBO Optimizations - Elapsed_Time 1, CPU_Time 0.0
stamp 'PBS_Generic-Postgen HBO Optimizations' being created for table 'pbs_debug'

  Total Time (Wall) |  Stage Time (Wall)  |   % (Wall)   |    Date - Time     |  Memory   | Stage
--------------------+---------------------+--------------+--------------------+-----------+----------------------
 00:00:29(00:01:44) |  00:00:00(00:00:00) |   0.0(  0.0) |   13:22:31 (Sep02) |  684.5 MB | PBS_Generic-Start
--------------------+---------------------+--------------+--------------------+-----------+----------------------
 00:06:18(00:08:14) |  00:05:49(00:06:30) | 100.0( 99.7) |   13:29:01 (Sep02) |   1.96 GB | PBS_Generic_Opt-Post
--------------------+---------------------+--------------+--------------------+-----------+----------------------
 00:06:18(00:08:15) |  00:00:00(00:00:01) |   0.0(  0.3) |   13:29:02 (Sep02) |   1.96 GB | PBS_Generic-Postgen HBO Optimizations
--------------------+---------------------+--------------+--------------------+-----------+----------------------
Number of threads: 28 * 1   (id: pbs_debug, time_info v1.57)
Info: (*N*) indicates data that was populated from previously saved time_info database
Info: CPU time includes time of parent + longest thread
##>=================== Cadence Confidential (Generic-Logical) ===================
##>=================== Cadence Confidential (Generic-Logical) ===================
##>Main Thread Summary:
##>----------------------------------------------------------------------------------------
##>STEP                           Elapsed       WNS       TNS     Insts      Area    Memory
##>----------------------------------------------------------------------------------------
##>G:Initial                            1         -         -     56491     78506       684
##>G:Setup                              0         -         -         -         -         -
##>G:Launch ST                          0         -         -         -         -         -
##>G:Design Partition                   0         -         -         -         -         -
##>G:Create Partition Netlists          0         -         -         -         -         -
##>G:Init Power                         0         -         -         -         -         -
##>G:Budgeting                          0         -         -         -         -         -
##>G:Derenv-DB                          0         -         -         -         -         -
##>G:Debug Outputs                      0         -         -         -         -         -
##>G:ST loading                         0         -         -         -         -         -
##>G:Distributed                        0         -         -         -         -         -
##>G:Timer                              0         -         -         -         -         -
##>G:Assembly                           0         -         -         -         -         -
##>G:DFT                                0         -         -         -         -         -
##>G:Const Prop                         1         -         -     30598     46352      1956
##>G:Misc                             389
##>----------------------------------------------------------------------------------------
##>Total Elapsed                      391
##>========================================================================================
Info    : Done synthesizing. [SYNTH-2]
        : Done synthesizing 'Conv' to generic gates.
      flow.cputime  flow.realtime  timing.setup.tns  timing.setup.wns  snapshot
UM:*                                                                   syn_gen
@file(logical_synthesis_body.tcl) 56: syn_map
##Generic Timing Info for library domain: timing_cond_0p81v_125c typical gate delay: 20.1 ps std_slew: 6.8 ps std_load: 1.6 fF
Current PLE settings:

Aspect ratio        : 1.000
Shrink factor       : 0.900
Scale of res/length : 1.000
Scale of cap/length : 1.000
Net derating factor : 1.000
Thermal factor      : 1.253
Via Resistance      : 16.501 ohm (from qrc_tech_file)
Site size           : 1.040 um (from lef [tech+cell])

                                   Capacitance  
  Layer                             / Length         Data source:
Name        Direction Utilization  (pF/micron)       qrc_tech_file
------------------------------------------------
M1              V         0.00        0.000210  
M2              H         1.00        0.000184  
M3              V         1.00        0.000138  
M4              H         1.00        0.000137  
M5              V         1.00        0.000138  
M6              H         1.00        0.000133  
M7              V         1.00        0.000194  
M8              H         1.00        0.000322  
M9              V         1.00        0.000582  
AP              H         1.00        0.000334  

                                    Resistance   
  Layer                              / Length         Data source:
Name        Direction Utilization  (ohm/micron)       qrc_tech_file
-------------------------------------------------
M1              V         0.00        14.633762  
M2              H         1.00        14.861223  
M3              V         1.00        14.861223  
M4              H         1.00        14.861223  
M5              V         1.00        14.861223  
M6              H         1.00        14.861223  
M7              V         1.00         3.005090  
M8              H         1.00         0.111088  
M9              V         1.00         0.004928  
AP              H         1.00         0.009992  

                                        Area     
  Layer                               / Length        Data source:
Name        Direction Utilization     (micron)        lef_library
-------------------------------------------------
M1              V         0.00         0.050000  
M2              H         1.00         0.050000  
M3              V         1.00         0.050000  
M4              H         1.00         0.050000  
M5              V         1.00         0.050000  
M6              H         1.00         0.050000  
M7              V         1.00         0.100000  
M8              H         1.00         0.400000  
M9              V         1.00         2.000000  
AP              H         1.00         2.000000  

Info    : Mapping. [SYNTH-4]
        : Mapping 'Conv' using 'high' effort.
Mapper: Libraries have:
	domain timing_cond_0p81v_125c: 530 combo usable cells and 349 sequential usable cells
Configuring mapper costing (none)
TNS Restructuring config: no_value at stage: map applied.
PBS_TechMap-Start - Elapsed_Time 0, CPU_Time 0.0
stamp 'PBS_TechMap-Start' being created for table 'pbs_debug'

  Total Time (Wall) |  Stage Time (Wall)  |   % (Wall)   |    Date - Time     |  Memory   | Stage
--------------------+---------------------+--------------+--------------------+-----------+----------------------
 00:00:29(00:01:44) |  00:00:00(00:00:00) |   0.0(  0.0) |   13:22:31 (Sep02) |  684.5 MB | PBS_Generic-Start
--------------------+---------------------+--------------+--------------------+-----------+----------------------
 00:06:18(00:08:14) |  00:05:49(00:06:30) |  99.1( 99.2) |   13:29:01 (Sep02) |   1.96 GB | PBS_Generic_Opt-Post
--------------------+---------------------+--------------+--------------------+-----------+----------------------
 00:06:18(00:08:15) |  00:00:00(00:00:01) |   0.0(  0.3) |   13:29:02 (Sep02) |   1.96 GB | PBS_Generic-Postgen HBO Optimizations
--------------------+---------------------+--------------+--------------------+-----------+----------------------
 00:06:21(00:08:17) |  00:00:03(00:00:02) |   0.9(  0.5) |   13:29:04 (Sep02) |   1.96 GB | PBS_TechMap-Start
--------------------+---------------------+--------------+--------------------+-----------+----------------------
Number of threads: 28 * 1   (id: pbs_debug, time_info v1.57)
Info: (*N*) indicates data that was populated from previously saved time_info database
Info: CPU time includes time of parent + longest thread
PBS_TechMap-Premap HBO Optimizations - Elapsed_Time 1, CPU_Time 1.0
stamp 'PBS_TechMap-Premap HBO Optimizations' being created for table 'pbs_debug'

  Total Time (Wall) |  Stage Time (Wall)  |   % (Wall)   |    Date - Time     |  Memory   | Stage
--------------------+---------------------+--------------+--------------------+-----------+----------------------
 00:00:29(00:01:44) |  00:00:00(00:00:00) |   0.0(  0.0) |   13:22:31 (Sep02) |  684.5 MB | PBS_Generic-Start
--------------------+---------------------+--------------+--------------------+-----------+----------------------
 00:06:18(00:08:14) |  00:05:49(00:06:30) |  98.9( 99.0) |   13:29:01 (Sep02) |   1.96 GB | PBS_Generic_Opt-Post
--------------------+---------------------+--------------+--------------------+-----------+----------------------
 00:06:18(00:08:15) |  00:00:00(00:00:01) |   0.0(  0.3) |   13:29:02 (Sep02) |   1.96 GB | PBS_Generic-Postgen HBO Optimizations
--------------------+---------------------+--------------+--------------------+-----------+----------------------
 00:06:21(00:08:17) |  00:00:03(00:00:02) |   0.8(  0.5) |   13:29:04 (Sep02) |   1.96 GB | PBS_TechMap-Start
--------------------+---------------------+--------------+--------------------+-----------+----------------------
 00:06:22(00:08:18) |  00:00:01(00:00:01) |   0.3(  0.3) |   13:29:05 (Sep02) |   1.95 GB | PBS_TechMap-Premap HBO Optimizations
--------------------+---------------------+--------------+--------------------+-----------+----------------------
Number of threads: 28 * 1   (id: pbs_debug, time_info v1.57)
Info: (*N*) indicates data that was populated from previously saved time_info database
Info: CPU time includes time of parent + longest thread
Info    : Partition Based Synthesis execution skipped. [PHYS-752]
        : Design size is less than the partition size '100000' for distributed mapping optimization to kick in.
Current PLE settings:

Aspect ratio        : 1.000
Shrink factor       : 0.900
Scale of res/length : 1.000
Scale of cap/length : 1.000
Net derating factor : 1.000
Thermal factor      : 1.253
Via Resistance      : 16.501 ohm (from qrc_tech_file)
Site size           : 1.040 um (from lef [tech+cell])

                                   Capacitance  
  Layer                             / Length         Data source:
Name        Direction Utilization  (pF/micron)       qrc_tech_file
------------------------------------------------
M1              V         0.00        0.000210  
M2              H         1.00        0.000184  
M3              V         1.00        0.000138  
M4              H         1.00        0.000137  
M5              V         1.00        0.000138  
M6              H         1.00        0.000133  
M7              V         1.00        0.000194  
M8              H         1.00        0.000322  
M9              V         1.00        0.000582  
AP              H         1.00        0.000334  

                                    Resistance   
  Layer                              / Length         Data source:
Name        Direction Utilization  (ohm/micron)       qrc_tech_file
-------------------------------------------------
M1              V         0.00        14.633762  
M2              H         1.00        14.861223  
M3              V         1.00        14.861223  
M4              H         1.00        14.861223  
M5              V         1.00        14.861223  
M6              H         1.00        14.861223  
M7              V         1.00         3.005090  
M8              H         1.00         0.111088  
M9              V         1.00         0.004928  
AP              H         1.00         0.009992  

                                        Area     
  Layer                               / Length        Data source:
Name        Direction Utilization     (micron)        lef_library
-------------------------------------------------
M1              V         0.00         0.050000  
M2              H         1.00         0.050000  
M3              V         1.00         0.050000  
M4              H         1.00         0.050000  
M5              V         1.00         0.050000  
M6              H         1.00         0.050000  
M7              V         1.00         0.100000  
M8              H         1.00         0.400000  
M9              V         1.00         2.000000  
AP              H         1.00         2.000000  

Mapper: Libraries have:
	domain timing_cond_0p81v_125c: 530 combo usable cells and 349 sequential usable cells
Updating ST server settings
Info    : Connection established with super-threading server. [ST-110]
        : The server 'localhost_1_28' is forked process '3256991' on this host.
Info    : Connection established with super-threading server. [ST-110]
        : The server 'localhost_1_29' is forked process '3256993' on this host.
Info    : Connection established with super-threading server. [ST-110]
        : The server 'localhost_1_30' is forked process '3256995' on this host.
Info    : Connection established with super-threading server. [ST-110]
        : The server 'localhost_1_31' is forked process '3256997' on this host.
Info    : Connection established with super-threading server. [ST-110]
        : The server 'localhost_1_32' is forked process '3256999' on this host.
Info    : Connection established with super-threading server. [ST-110]
        : The server 'localhost_1_33' is forked process '3257001' on this host.
Info    : Connection established with super-threading server. [ST-110]
        : The server 'localhost_1_34' is forked process '3257003' on this host.
Info    : Connection established with super-threading server. [ST-110]
        : The server 'localhost_1_35' is forked process '3257005' on this host.
Info    : Connection established with super-threading server. [ST-110]
        : The server 'localhost_1_36' is forked process '3257007' on this host.
Info    : Connection established with super-threading server. [ST-110]
        : The server 'localhost_1_37' is forked process '3257009' on this host.
Info    : Connection established with super-threading server. [ST-110]
        : The server 'localhost_1_38' is forked process '3257011' on this host.
Info    : Connection established with super-threading server. [ST-110]
        : The server 'localhost_1_39' is forked process '3257013' on this host.
Info    : Connection established with super-threading server. [ST-110]
        : The server 'localhost_1_40' is forked process '3257015' on this host.
Info    : Connection established with super-threading server. [ST-110]
        : The server 'localhost_1_41' is forked process '3257017' on this host.
Info    : Connection established with super-threading server. [ST-110]
        : The server 'localhost_1_42' is forked process '3257019' on this host.
Info    : Connection established with super-threading server. [ST-110]
        : The server 'localhost_1_43' is forked process '3257021' on this host.
Info    : Connection established with super-threading server. [ST-110]
        : The server 'localhost_1_44' is forked process '3257023' on this host.
Info    : Connection established with super-threading server. [ST-110]
        : The server 'localhost_1_45' is forked process '3257025' on this host.
Info    : Connection established with super-threading server. [ST-110]
        : The server 'localhost_1_46' is forked process '3257027' on this host.
Info    : Connection established with super-threading server. [ST-110]
        : The server 'localhost_1_47' is forked process '3257029' on this host.
Multi-threaded Virtual Mapping    (8 threads per ST process, 8 of 28 CPUs usable)
        Distributing super-thread jobs: mult_signed mult_signed_1378 cb_oseq_1639 csa_tree_minus_1040_18_group_79499 csa_tree_minus_1044_18_group_46850 csa_tree_add_1064_41_group_50 csa_tree_add_1063_41_group_52 csa_tree_sub009638_group_29 csa_tree_44604 csa_tree_44604_1326 csa_tree_15268 csa_tree_14362 csa_tree_14362_1334 add_unsigned_18_1189 add_unsigned_18_1192 add_unsigned_18_1191 add_unsigned_18_1190 sub_unsigned_26_1368 sub_unsigned_26_1370 sub_unsigned_26_1367 sub_unsigned_26_1369 sub_unsigned_26_1374 sub_unsigned_26_1371 sub_unsigned_26_1372 sub_unsigned_26_1366 sub_unsigned_26_1364 sub_unsigned_26_1365 sub_unsigned_26_1373 sub_unsigned_26_1363
          Sending 'mult_signed' to server 'localhost_1_38'...
            Sent 'mult_signed' to server 'localhost_1_38'.
          Sending 'mult_signed_1378' to server 'localhost_1_54'...
            Sent 'mult_signed_1378' to server 'localhost_1_54'.
          Sending 'cb_oseq_1639' to server 'localhost_1_50'...
            Sent 'cb_oseq_1639' to server 'localhost_1_50'.
          Sending 'csa_tree_minus_1040_18_group_79499' to server 'localhost_1_44'...
            Sent 'csa_tree_minus_1040_18_group_79499' to server 'localhost_1_44'.
          Sending 'csa_tree_minus_1044_18_group_46850' to server 'localhost_1_33'...
            Sent 'csa_tree_minus_1044_18_group_46850' to server 'localhost_1_33'.
          Sending 'csa_tree_add_1064_41_group_50' to server 'localhost_1_52'...
            Sent 'csa_tree_add_1064_41_group_50' to server 'localhost_1_52'.
          Sending 'csa_tree_add_1063_41_group_52' to server 'localhost_1_48'...
            Sent 'csa_tree_add_1063_41_group_52' to server 'localhost_1_48'.
          Sending 'csa_tree_sub009638_group_29' to server 'localhost_1_42'...
            Sent 'csa_tree_sub009638_group_29' to server 'localhost_1_42'.
          Sending 'csa_tree_44604' to server 'localhost_1_30'...
            Sent 'csa_tree_44604' to server 'localhost_1_30'.
          Sending 'csa_tree_44604_1326' to server 'localhost_1_51'...
            Sent 'csa_tree_44604_1326' to server 'localhost_1_51'.
          Sending 'csa_tree_15268' to server 'localhost_1_41'...
            Sent 'csa_tree_15268' to server 'localhost_1_41'.
          Sending 'csa_tree_14362' to server 'localhost_1_28'...
            Sent 'csa_tree_14362' to server 'localhost_1_28'.
          Sending 'csa_tree_14362_1334' to server 'localhost_1_34'...
            Sent 'csa_tree_14362_1334' to server 'localhost_1_34'.
          Sending 'add_unsigned_18_1189' to server 'localhost_1_45'...
            Sent 'add_unsigned_18_1189' to server 'localhost_1_45'.
          Sending 'add_unsigned_18_1192' to server 'localhost_1_39'...
            Sent 'add_unsigned_18_1192' to server 'localhost_1_39'.
          Sending 'add_unsigned_18_1191' to server 'localhost_1_53'...
            Sent 'add_unsigned_18_1191' to server 'localhost_1_53'.
          Sending 'add_unsigned_18_1190' to server 'localhost_1_32'...
            Sent 'add_unsigned_18_1190' to server 'localhost_1_32'.
          Sending 'sub_unsigned_26_1368' to server 'localhost_1_43'...
            Sent 'sub_unsigned_26_1368' to server 'localhost_1_43'.
          Sending 'sub_unsigned_26_1370' to server 'localhost_1_37'...
            Sent 'sub_unsigned_26_1370' to server 'localhost_1_37'.
          Sending 'sub_unsigned_26_1367' to server 'localhost_1_36'...
            Sent 'sub_unsigned_26_1367' to server 'localhost_1_36'.
          Sending 'sub_unsigned_26_1369' to server 'localhost_1_49'...
            Sent 'sub_unsigned_26_1369' to server 'localhost_1_49'.
          Sending 'sub_unsigned_26_1374' to server 'localhost_1_31'...
            Sent 'sub_unsigned_26_1374' to server 'localhost_1_31'.
          Sending 'sub_unsigned_26_1371' to server 'localhost_1_0'...
            Sent 'sub_unsigned_26_1371' to server 'localhost_1_0'.
          Sending 'sub_unsigned_26_1372' to server 'localhost_1_40'...
            Sent 'sub_unsigned_26_1372' to server 'localhost_1_40'.
          Sending 'sub_unsigned_26_1366' to server 'localhost_1_47'...
            Sent 'sub_unsigned_26_1366' to server 'localhost_1_47'.
          Sending 'sub_unsigned_26_1364' to server 'localhost_1_46'...
            Sent 'sub_unsigned_26_1364' to server 'localhost_1_46'.
          Sending 'sub_unsigned_26_1365' to server 'localhost_1_35'...
            Sent 'sub_unsigned_26_1365' to server 'localhost_1_35'.
          Sending 'sub_unsigned_26_1373' to server 'localhost_1_29'...
            Sent 'sub_unsigned_26_1373' to server 'localhost_1_29'.
          Received 'csa_tree_minus_1040_18_group_79499' from server 'localhost_1_44'. (386 ms elapsed)
          Sending 'sub_unsigned_26_1363' to server 'localhost_1_44'...
            Sent 'sub_unsigned_26_1363' to server 'localhost_1_44'.
          Received 'csa_tree_44604' from server 'localhost_1_30'. (368 ms elapsed)
          Received 'csa_tree_add_1064_41_group_50' from server 'localhost_1_52'. (430 ms elapsed)
          Received 'csa_tree_15268' from server 'localhost_1_41'. (377 ms elapsed)
          Received 'csa_tree_14362' from server 'localhost_1_28'. (402 ms elapsed)
          Received 'csa_tree_44604_1326' from server 'localhost_1_51'. (428 ms elapsed)
          Received 'csa_tree_14362_1334' from server 'localhost_1_34'. (409 ms elapsed)
          Received 'csa_tree_add_1063_41_group_52' from server 'localhost_1_48'. (548 ms elapsed)
          Received 'add_unsigned_18_1191' from server 'localhost_1_53'. (463 ms elapsed)
          Received 'add_unsigned_18_1192' from server 'localhost_1_39'. (479 ms elapsed)
          Received 'sub_unsigned_26_1368' from server 'localhost_1_43'. (448 ms elapsed)
          Received 'add_unsigned_18_1190' from server 'localhost_1_32'. (464 ms elapsed)
          Received 'sub_unsigned_26_1370' from server 'localhost_1_37'. (453 ms elapsed)
          Received 'csa_tree_sub009638_group_29' from server 'localhost_1_42'. (567 ms elapsed)
          Received 'sub_unsigned_26_1369' from server 'localhost_1_49'. (440 ms elapsed)
          Received 'sub_unsigned_26_1367' from server 'localhost_1_36'. (453 ms elapsed)
          Received 'sub_unsigned_26_1371' from server 'localhost_1_0'. (465 ms elapsed)
          Received 'sub_unsigned_26_1374' from server 'localhost_1_31'. (477 ms elapsed)
          Received 'cb_oseq_1639' from server 'localhost_1_50'. (795 ms elapsed)
          Received 'sub_unsigned_26_1363' from server 'localhost_1_44'. (525 ms elapsed)
          Received 'sub_unsigned_26_1372' from server 'localhost_1_40'. (714 ms elapsed)
          Received 'sub_unsigned_26_1366' from server 'localhost_1_47'. (729 ms elapsed)
          Received 'add_unsigned_18_1189' from server 'localhost_1_45'. (856 ms elapsed)
          Received 'sub_unsigned_26_1365' from server 'localhost_1_35'. (723 ms elapsed)
          Received 'sub_unsigned_26_1364' from server 'localhost_1_46'. (754 ms elapsed)
          Received 'mult_signed' from server 'localhost_1_38'. (1243 ms elapsed)
          Received 'sub_unsigned_26_1373' from server 'localhost_1_29'. (775 ms elapsed)
          Received 'csa_tree_minus_1044_18_group_46850' from server 'localhost_1_33'. (1033 ms elapsed)
          Received 'mult_signed_1378' from server 'localhost_1_54'. (1191 ms elapsed)
        Distributing super-thread jobs: csa_tree_45532 csa_tree_15335 csa_tree_SUB_TC_OP_group_4 csa_tree_ADD_TC_OP_1_group_6 csa_tree_fac167_group_16548 mux_ctl_0x_1633 mux_ctl_0x_1636 add_signed_carry_5601 WALLACE_CSA_DUMMY_OP256_group_2 add_unsigned_18 add_unsigned_18_1188 add_unsigned_18_1187 add_unsigned_18_1186 add_unsigned_18_1185 sub_unsigned_26_1362 sub_unsigned_26_1359 sub_unsigned_26_1353 sub_unsigned_26_1360 sub_unsigned_26_1358 sub_unsigned_26_1355 sub_unsigned_26_1352 sub_unsigned_26_1361 sub_unsigned_26_1357 sub_unsigned_26_1354 sub_unsigned_26_1351 sub_unsigned_26_1356
          Sending 'csa_tree_45532' to server 'localhost_1_38'...
            Sent 'csa_tree_45532' to server 'localhost_1_38'.
          Sending 'csa_tree_15335' to server 'localhost_1_54'...
            Sent 'csa_tree_15335' to server 'localhost_1_54'.
          Sending 'csa_tree_SUB_TC_OP_group_4' to server 'localhost_1_50'...
            Sent 'csa_tree_SUB_TC_OP_group_4' to server 'localhost_1_50'.
          Sending 'csa_tree_ADD_TC_OP_1_group_6' to server 'localhost_1_44'...
            Sent 'csa_tree_ADD_TC_OP_1_group_6' to server 'localhost_1_44'.
          Sending 'csa_tree_fac167_group_16548' to server 'localhost_1_33'...
            Sent 'csa_tree_fac167_group_16548' to server 'localhost_1_33'.
          Sending 'mux_ctl_0x_1633' to server 'localhost_1_52'...
            Sent 'mux_ctl_0x_1633' to server 'localhost_1_52'.
          Sending 'mux_ctl_0x_1636' to server 'localhost_1_48'...
            Sent 'mux_ctl_0x_1636' to server 'localhost_1_48'.
          Sending 'add_signed_carry_5601' to server 'localhost_1_42'...
            Sent 'add_signed_carry_5601' to server 'localhost_1_42'.
          Sending 'WALLACE_CSA_DUMMY_OP256_group_2' to server 'localhost_1_30'...
            Sent 'WALLACE_CSA_DUMMY_OP256_group_2' to server 'localhost_1_30'.
          Sending 'add_unsigned_18' to server 'localhost_1_51'...
            Sent 'add_unsigned_18' to server 'localhost_1_51'.
          Sending 'add_unsigned_18_1188' to server 'localhost_1_41'...
            Sent 'add_unsigned_18_1188' to server 'localhost_1_41'.
          Sending 'add_unsigned_18_1187' to server 'localhost_1_28'...
            Sent 'add_unsigned_18_1187' to server 'localhost_1_28'.
          Sending 'add_unsigned_18_1186' to server 'localhost_1_34'...
            Sent 'add_unsigned_18_1186' to server 'localhost_1_34'.
          Sending 'add_unsigned_18_1185' to server 'localhost_1_45'...
            Sent 'add_unsigned_18_1185' to server 'localhost_1_45'.
          Sending 'sub_unsigned_26_1362' to server 'localhost_1_39'...
            Sent 'sub_unsigned_26_1362' to server 'localhost_1_39'.
          Sending 'sub_unsigned_26_1359' to server 'localhost_1_53'...
            Sent 'sub_unsigned_26_1359' to server 'localhost_1_53'.
          Sending 'sub_unsigned_26_1353' to server 'localhost_1_32'...
            Sent 'sub_unsigned_26_1353' to server 'localhost_1_32'.
          Sending 'sub_unsigned_26_1360' to server 'localhost_1_43'...
            Sent 'sub_unsigned_26_1360' to server 'localhost_1_43'.
          Sending 'sub_unsigned_26_1358' to server 'localhost_1_37'...
            Sent 'sub_unsigned_26_1358' to server 'localhost_1_37'.
          Sending 'sub_unsigned_26_1355' to server 'localhost_1_36'...
            Sent 'sub_unsigned_26_1355' to server 'localhost_1_36'.
          Sending 'sub_unsigned_26_1352' to server 'localhost_1_49'...
            Sent 'sub_unsigned_26_1352' to server 'localhost_1_49'.
          Sending 'sub_unsigned_26_1361' to server 'localhost_1_31'...
            Sent 'sub_unsigned_26_1361' to server 'localhost_1_31'.
          Sending 'sub_unsigned_26_1357' to server 'localhost_1_0'...
            Sent 'sub_unsigned_26_1357' to server 'localhost_1_0'.
          Sending 'sub_unsigned_26_1354' to server 'localhost_1_40'...
            Sent 'sub_unsigned_26_1354' to server 'localhost_1_40'.
          Sending 'sub_unsigned_26_1351' to server 'localhost_1_47'...
            Sent 'sub_unsigned_26_1351' to server 'localhost_1_47'.
          Sending 'sub_unsigned_26_1356' to server 'localhost_1_46'...
            Sent 'sub_unsigned_26_1356' to server 'localhost_1_46'.
          Received 'csa_tree_15335' from server 'localhost_1_54'. (274 ms elapsed)
          Received 'csa_tree_fac167_group_16548' from server 'localhost_1_33'. (223 ms elapsed)
          Received 'csa_tree_45532' from server 'localhost_1_38'. (297 ms elapsed)
          Received 'add_unsigned_18_1185' from server 'localhost_1_45'. (115 ms elapsed)
          Received 'csa_tree_ADD_TC_OP_1_group_6' from server 'localhost_1_44'. (244 ms elapsed)
          Received 'csa_tree_SUB_TC_OP_group_4' from server 'localhost_1_50'. (260 ms elapsed)
          Received 'add_signed_carry_5601' from server 'localhost_1_42'. (176 ms elapsed)
          Received 'sub_unsigned_26_1353' from server 'localhost_1_32'. (115 ms elapsed)
          Received 'sub_unsigned_26_1360' from server 'localhost_1_43'. (114 ms elapsed)
          Received 'sub_unsigned_26_1362' from server 'localhost_1_39'. (141 ms elapsed)
          Received 'sub_unsigned_26_1359' from server 'localhost_1_53'. (132 ms elapsed)
          Received 'add_unsigned_18_1186' from server 'localhost_1_34'. (160 ms elapsed)
          Received 'add_unsigned_18' from server 'localhost_1_51'. (189 ms elapsed)
          Received 'add_unsigned_18_1187' from server 'localhost_1_28'. (170 ms elapsed)
          Received 'add_unsigned_18_1188' from server 'localhost_1_41'. (180 ms elapsed)
          Received 'mux_ctl_0x_1633' from server 'localhost_1_52'. (247 ms elapsed)
          Received 'WALLACE_CSA_DUMMY_OP256_group_2' from server 'localhost_1_30'. (202 ms elapsed)
          Received 'sub_unsigned_26_1361' from server 'localhost_1_31'. (115 ms elapsed)
          Received 'sub_unsigned_26_1357' from server 'localhost_1_0'. (110 ms elapsed)
          Received 'sub_unsigned_26_1355' from server 'localhost_1_36'. (137 ms elapsed)
          Received 'sub_unsigned_26_1352' from server 'localhost_1_49'. (128 ms elapsed)
          Received 'sub_unsigned_26_1358' from server 'localhost_1_37'. (146 ms elapsed)
          Received 'sub_unsigned_26_1356' from server 'localhost_1_46'. (107 ms elapsed)
          Received 'sub_unsigned_26_1351' from server 'localhost_1_47'. (115 ms elapsed)
          Received 'sub_unsigned_26_1354' from server 'localhost_1_40'. (124 ms elapsed)
          Received 'mux_ctl_0x_1636' from server 'localhost_1_48'. (528 ms elapsed)
        Distributing super-thread jobs: csa_tree_fac2_group_16543 csa_tree_fac3_group_16546 csa_tree_fac2_group_16543_1325 csa_tree_fac3_group_16546_1330 add_unsigned_18_1193 add_unsigned_18_1194 sub_unsigned_26 sub_unsigned_26_1375
          Sending 'csa_tree_fac2_group_16543' to server 'localhost_1_38'...
            Sent 'csa_tree_fac2_group_16543' to server 'localhost_1_38'.
          Sending 'csa_tree_fac3_group_16546' to server 'localhost_1_54'...
            Sent 'csa_tree_fac3_group_16546' to server 'localhost_1_54'.
          Sending 'csa_tree_fac2_group_16543_1325' to server 'localhost_1_50'...
            Sent 'csa_tree_fac2_group_16543_1325' to server 'localhost_1_50'.
          Sending 'csa_tree_fac3_group_16546_1330' to server 'localhost_1_44'...
            Sent 'csa_tree_fac3_group_16546_1330' to server 'localhost_1_44'.
          Sending 'add_unsigned_18_1193' to server 'localhost_1_33'...
            Sent 'add_unsigned_18_1193' to server 'localhost_1_33'.
          Sending 'add_unsigned_18_1194' to server 'localhost_1_52'...
            Sent 'add_unsigned_18_1194' to server 'localhost_1_52'.
          Sending 'sub_unsigned_26' to server 'localhost_1_48'...
            Sent 'sub_unsigned_26' to server 'localhost_1_48'.
          Sending 'sub_unsigned_26_1375' to server 'localhost_1_42'...
            Sent 'sub_unsigned_26_1375' to server 'localhost_1_42'.
          Received 'csa_tree_fac2_group_16543' from server 'localhost_1_38'. (170 ms elapsed)
          Received 'add_unsigned_18_1193' from server 'localhost_1_33'. (83 ms elapsed)
          Received 'add_unsigned_18_1194' from server 'localhost_1_52'. (84 ms elapsed)
          Received 'sub_unsigned_26' from server 'localhost_1_48'. (123 ms elapsed)
          Received 'sub_unsigned_26_1375' from server 'localhost_1_42'. (114 ms elapsed)
          Received 'csa_tree_fac3_group_16546' from server 'localhost_1_54'. (206 ms elapsed)
          Received 'csa_tree_fac2_group_16543_1325' from server 'localhost_1_50'. (188 ms elapsed)
          Received 'csa_tree_fac3_group_16546_1330' from server 'localhost_1_44'. (226 ms elapsed)
        Distributing super-thread jobs: cb_part_1642 mux_ctl_0x_1635 mux_ctl_0x_1634
          Sending 'cb_part_1642' to server 'localhost_1_38'...
            Sent 'cb_part_1642' to server 'localhost_1_38'.
          Sending 'mux_ctl_0x_1635' to server 'localhost_1_54'...
            Sent 'mux_ctl_0x_1635' to server 'localhost_1_54'.
          Sending 'mux_ctl_0x_1634' to server 'localhost_1_50'...
            Sent 'mux_ctl_0x_1634' to server 'localhost_1_50'.
          Received 'mux_ctl_0x_1635' from server 'localhost_1_54'. (107 ms elapsed)
          Received 'mux_ctl_0x_1634' from server 'localhost_1_50'. (112 ms elapsed)
          Received 'cb_part_1642' from server 'localhost_1_38'. (148 ms elapsed)
        Distributing super-thread jobs: cb_seq_1638 cb_seq
          Sending 'cb_seq_1638' to server 'localhost_1_38'...
            Sent 'cb_seq_1638' to server 'localhost_1_38'.
          Sending 'cb_seq' to server 'localhost_1_54'...
            Sent 'cb_seq' to server 'localhost_1_54'.
          Received 'cb_seq' from server 'localhost_1_54'. (395 ms elapsed)
          Received 'cb_seq_1638' from server 'localhost_1_38'. (659 ms elapsed)
 
Global mapping target info
==========================
Cost Group 'clk' target slack:    30 ps
Target path end-point (Port: Conv/p_output_data_write[19])

Cost Group 'cg_enable_group_clk' target slack:    29 ps
Target path end-point (Pin: RC_CG_HIER_INST32/RC_CGIC_INST/E (CKLNQD1BWP30P140/E))

Multi-threaded Technology Mapping (8 threads per ST process, 8 of 28 CPUs usable)
        Distributing super-thread jobs: cb_seq_1638 cb_seq
          Sending 'cb_seq_1638' to server 'localhost_1_38'...
            Sent 'cb_seq_1638' to server 'localhost_1_38'.
          Sending 'cb_seq' to server 'localhost_1_54'...
            Sent 'cb_seq' to server 'localhost_1_54'.
          Received 'cb_seq' from server 'localhost_1_54'. (1454 ms elapsed)
          Received 'cb_seq_1638' from server 'localhost_1_38'. (2136 ms elapsed)
        Distributing super-thread jobs: cb_part_1642 mux_ctl_0x_1634 mux_ctl_0x_1635
          Sending 'cb_part_1642' to server 'localhost_1_38'...
            Sent 'cb_part_1642' to server 'localhost_1_38'.
          Sending 'mux_ctl_0x_1634' to server 'localhost_1_54'...
            Sent 'mux_ctl_0x_1634' to server 'localhost_1_54'.
          Sending 'mux_ctl_0x_1635' to server 'localhost_1_50'...
            Sent 'mux_ctl_0x_1635' to server 'localhost_1_50'.
          Received 'mux_ctl_0x_1634' from server 'localhost_1_54'. (275 ms elapsed)
          Received 'mux_ctl_0x_1635' from server 'localhost_1_50'. (424 ms elapsed)
          Received 'cb_part_1642' from server 'localhost_1_38'. (460 ms elapsed)
        Distributing super-thread jobs: csa_tree_fac2_group_16543 csa_tree_fac3_group_16546 csa_tree_fac2_group_16543_1325 csa_tree_fac3_group_16546_1330 add_unsigned_18_1194 add_unsigned_18_1193 sub_unsigned_26 sub_unsigned_26_1375
          Sending 'csa_tree_fac2_group_16543' to server 'localhost_1_38'...
            Sent 'csa_tree_fac2_group_16543' to server 'localhost_1_38'.
          Sending 'csa_tree_fac3_group_16546' to server 'localhost_1_54'...
            Sent 'csa_tree_fac3_group_16546' to server 'localhost_1_54'.
          Sending 'csa_tree_fac2_group_16543_1325' to server 'localhost_1_50'...
            Sent 'csa_tree_fac2_group_16543_1325' to server 'localhost_1_50'.
          Sending 'csa_tree_fac3_group_16546_1330' to server 'localhost_1_44'...
            Sent 'csa_tree_fac3_group_16546_1330' to server 'localhost_1_44'.
          Sending 'add_unsigned_18_1194' to server 'localhost_1_33'...
            Sent 'add_unsigned_18_1194' to server 'localhost_1_33'.
          Sending 'add_unsigned_18_1193' to server 'localhost_1_52'...
            Sent 'add_unsigned_18_1193' to server 'localhost_1_52'.
          Sending 'sub_unsigned_26' to server 'localhost_1_48'...
            Sent 'sub_unsigned_26' to server 'localhost_1_48'.
          Sending 'sub_unsigned_26_1375' to server 'localhost_1_42'...
            Sent 'sub_unsigned_26_1375' to server 'localhost_1_42'.
          Received 'add_unsigned_18_1193' from server 'localhost_1_52'. (904 ms elapsed)
          Received 'sub_unsigned_26_1375' from server 'localhost_1_42'. (923 ms elapsed)
          Received 'add_unsigned_18_1194' from server 'localhost_1_33'. (951 ms elapsed)
          Received 'sub_unsigned_26' from server 'localhost_1_48'. (946 ms elapsed)
          Received 'csa_tree_fac3_group_16546' from server 'localhost_1_54'. (1299 ms elapsed)
          Received 'csa_tree_fac3_group_16546_1330' from server 'localhost_1_44'. (1481 ms elapsed)
          Received 'csa_tree_fac2_group_16543' from server 'localhost_1_38'. (1739 ms elapsed)
          Received 'csa_tree_fac2_group_16543_1325' from server 'localhost_1_50'. (1842 ms elapsed)
        Distributing super-thread jobs: csa_tree_45532 csa_tree_15335 csa_tree_SUB_TC_OP_group_4 csa_tree_ADD_TC_OP_1_group_6 csa_tree_fac167_group_16548 mux_ctl_0x_1633 mux_ctl_0x_1636 add_signed_carry_5601 add_unsigned_18 WALLACE_CSA_DUMMY_OP256_group_2 add_unsigned_18_1185 add_unsigned_18_1188 add_unsigned_18_1186 add_unsigned_18_1187 sub_unsigned_26_1357 sub_unsigned_26_1360 sub_unsigned_26_1359 sub_unsigned_26_1358 sub_unsigned_26_1361 sub_unsigned_26_1352 sub_unsigned_26_1353 sub_unsigned_26_1356 sub_unsigned_26_1351 sub_unsigned_26_1355 sub_unsigned_26_1362 sub_unsigned_26_1354
          Sending 'csa_tree_45532' to server 'localhost_1_38'...
            Sent 'csa_tree_45532' to server 'localhost_1_38'.
          Sending 'csa_tree_15335' to server 'localhost_1_54'...
            Sent 'csa_tree_15335' to server 'localhost_1_54'.
          Sending 'csa_tree_SUB_TC_OP_group_4' to server 'localhost_1_50'...
            Sent 'csa_tree_SUB_TC_OP_group_4' to server 'localhost_1_50'.
          Sending 'csa_tree_ADD_TC_OP_1_group_6' to server 'localhost_1_44'...
            Sent 'csa_tree_ADD_TC_OP_1_group_6' to server 'localhost_1_44'.
          Sending 'csa_tree_fac167_group_16548' to server 'localhost_1_33'...
            Sent 'csa_tree_fac167_group_16548' to server 'localhost_1_33'.
          Sending 'mux_ctl_0x_1633' to server 'localhost_1_52'...
            Sent 'mux_ctl_0x_1633' to server 'localhost_1_52'.
          Sending 'mux_ctl_0x_1636' to server 'localhost_1_48'...
            Sent 'mux_ctl_0x_1636' to server 'localhost_1_48'.
          Sending 'add_signed_carry_5601' to server 'localhost_1_42'...
            Sent 'add_signed_carry_5601' to server 'localhost_1_42'.
          Sending 'add_unsigned_18' to server 'localhost_1_30'...
            Sent 'add_unsigned_18' to server 'localhost_1_30'.
          Sending 'WALLACE_CSA_DUMMY_OP256_group_2' to server 'localhost_1_51'...
            Sent 'WALLACE_CSA_DUMMY_OP256_group_2' to server 'localhost_1_51'.
          Sending 'add_unsigned_18_1185' to server 'localhost_1_41'...
            Sent 'add_unsigned_18_1185' to server 'localhost_1_41'.
          Sending 'add_unsigned_18_1188' to server 'localhost_1_28'...
            Sent 'add_unsigned_18_1188' to server 'localhost_1_28'.
          Sending 'add_unsigned_18_1186' to server 'localhost_1_34'...
            Sent 'add_unsigned_18_1186' to server 'localhost_1_34'.
          Sending 'add_unsigned_18_1187' to server 'localhost_1_45'...
            Sent 'add_unsigned_18_1187' to server 'localhost_1_45'.
          Sending 'sub_unsigned_26_1357' to server 'localhost_1_39'...
            Sent 'sub_unsigned_26_1357' to server 'localhost_1_39'.
          Sending 'sub_unsigned_26_1360' to server 'localhost_1_53'...
            Sent 'sub_unsigned_26_1360' to server 'localhost_1_53'.
          Sending 'sub_unsigned_26_1359' to server 'localhost_1_32'...
            Sent 'sub_unsigned_26_1359' to server 'localhost_1_32'.
          Sending 'sub_unsigned_26_1358' to server 'localhost_1_43'...
            Sent 'sub_unsigned_26_1358' to server 'localhost_1_43'.
          Sending 'sub_unsigned_26_1361' to server 'localhost_1_37'...
            Sent 'sub_unsigned_26_1361' to server 'localhost_1_37'.
          Sending 'sub_unsigned_26_1352' to server 'localhost_1_36'...
            Sent 'sub_unsigned_26_1352' to server 'localhost_1_36'.
          Sending 'sub_unsigned_26_1353' to server 'localhost_1_49'...
            Sent 'sub_unsigned_26_1353' to server 'localhost_1_49'.
          Sending 'sub_unsigned_26_1356' to server 'localhost_1_31'...
            Sent 'sub_unsigned_26_1356' to server 'localhost_1_31'.
          Sending 'sub_unsigned_26_1351' to server 'localhost_1_0'...
            Sent 'sub_unsigned_26_1351' to server 'localhost_1_0'.
          Sending 'sub_unsigned_26_1355' to server 'localhost_1_40'...
            Sent 'sub_unsigned_26_1355' to server 'localhost_1_40'.
          Sending 'sub_unsigned_26_1362' to server 'localhost_1_47'...
            Sent 'sub_unsigned_26_1362' to server 'localhost_1_47'.
          Sending 'sub_unsigned_26_1354' to server 'localhost_1_46'...
            Sent 'sub_unsigned_26_1354' to server 'localhost_1_46'.
          Received 'mux_ctl_0x_1636' from server 'localhost_1_48'. (562 ms elapsed)
          Received 'csa_tree_15335' from server 'localhost_1_54'. (653 ms elapsed)
          Received 'csa_tree_45532' from server 'localhost_1_38'. (747 ms elapsed)
          Received 'mux_ctl_0x_1633' from server 'localhost_1_52'. (685 ms elapsed)
          Received 'add_unsigned_18_1188' from server 'localhost_1_28'. (1169 ms elapsed)
          Received 'WALLACE_CSA_DUMMY_OP256_group_2' from server 'localhost_1_51'. (1189 ms elapsed)
          Received 'sub_unsigned_26_1353' from server 'localhost_1_49'. (1141 ms elapsed)
          Received 'add_unsigned_18_1185' from server 'localhost_1_41'. (1237 ms elapsed)
          Received 'add_unsigned_18' from server 'localhost_1_30'. (1305 ms elapsed)
          Received 'sub_unsigned_26_1362' from server 'localhost_1_47'. (1189 ms elapsed)
          Received 'sub_unsigned_26_1354' from server 'localhost_1_46'. (1219 ms elapsed)
          Received 'sub_unsigned_26_1357' from server 'localhost_1_39'. (1345 ms elapsed)
          Received 'add_signed_carry_5601' from server 'localhost_1_42'. (1507 ms elapsed)
          Received 'add_unsigned_18_1186' from server 'localhost_1_34'. (1493 ms elapsed)
          Received 'sub_unsigned_26_1358' from server 'localhost_1_43'. (1603 ms elapsed)
          Received 'csa_tree_fac167_group_16548' from server 'localhost_1_33'. (1751 ms elapsed)
          Received 'sub_unsigned_26_1355' from server 'localhost_1_40'. (1559 ms elapsed)
          Received 'csa_tree_ADD_TC_OP_1_group_6' from server 'localhost_1_44'. (1785 ms elapsed)
          Received 'sub_unsigned_26_1351' from server 'localhost_1_0'. (1604 ms elapsed)
          Received 'sub_unsigned_26_1356' from server 'localhost_1_31'. (1627 ms elapsed)
          Received 'csa_tree_SUB_TC_OP_group_4' from server 'localhost_1_50'. (1829 ms elapsed)
          Received 'add_unsigned_18_1187' from server 'localhost_1_45'. (1814 ms elapsed)
          Received 'sub_unsigned_26_1360' from server 'localhost_1_53'. (1850 ms elapsed)
          Received 'sub_unsigned_26_1352' from server 'localhost_1_36'. (1861 ms elapsed)
          Received 'sub_unsigned_26_1361' from server 'localhost_1_37'. (2083 ms elapsed)
          Received 'sub_unsigned_26_1359' from server 'localhost_1_32'. (2382 ms elapsed)
        Distributing super-thread jobs: mult_signed mult_signed_1378 mult_signed_1376 cb_oseq_1639 csa_tree_minus_1040_18_group_79499 csa_tree_minus_1044_18_group_46850 csa_tree_add_1064_41_group_50 csa_tree_add_1063_41_group_52 csa_tree_sub009638_group_29 csa_tree_44604_1326 csa_tree_44604 csa_tree_15268 csa_tree_14362 csa_tree_14362_1334 add_unsigned_18_1189 add_unsigned_18_1190 add_unsigned_18_1192 add_unsigned_18_1191 sub_unsigned_26_1367 sub_unsigned_26_1365 sub_unsigned_26_1373 sub_unsigned_26_1374 sub_unsigned_26_1372 sub_unsigned_26_1371 sub_unsigned_26_1364 sub_unsigned_26_1366 sub_unsigned_26_1363 sub_unsigned_26_1368 sub_unsigned_26_1369 sub_unsigned_26_1370
          Sending 'mult_signed' to server 'localhost_1_38'...
            Sent 'mult_signed' to server 'localhost_1_38'.
          Sending 'mult_signed_1378' to server 'localhost_1_54'...
            Sent 'mult_signed_1378' to server 'localhost_1_54'.
          Sending 'mult_signed_1376' to server 'localhost_1_50'...
            Sent 'mult_signed_1376' to server 'localhost_1_50'.
          Sending 'cb_oseq_1639' to server 'localhost_1_44'...
            Sent 'cb_oseq_1639' to server 'localhost_1_44'.
          Sending 'csa_tree_minus_1040_18_group_79499' to server 'localhost_1_33'...
            Sent 'csa_tree_minus_1040_18_group_79499' to server 'localhost_1_33'.
          Sending 'csa_tree_minus_1044_18_group_46850' to server 'localhost_1_52'...
            Sent 'csa_tree_minus_1044_18_group_46850' to server 'localhost_1_52'.
          Sending 'csa_tree_add_1064_41_group_50' to server 'localhost_1_48'...
            Sent 'csa_tree_add_1064_41_group_50' to server 'localhost_1_48'.
          Sending 'csa_tree_add_1063_41_group_52' to server 'localhost_1_42'...
            Sent 'csa_tree_add_1063_41_group_52' to server 'localhost_1_42'.
          Sending 'csa_tree_sub009638_group_29' to server 'localhost_1_30'...
            Sent 'csa_tree_sub009638_group_29' to server 'localhost_1_30'.
          Sending 'csa_tree_44604_1326' to server 'localhost_1_51'...
            Sent 'csa_tree_44604_1326' to server 'localhost_1_51'.
          Sending 'csa_tree_44604' to server 'localhost_1_41'...
            Sent 'csa_tree_44604' to server 'localhost_1_41'.
          Sending 'csa_tree_15268' to server 'localhost_1_28'...
            Sent 'csa_tree_15268' to server 'localhost_1_28'.
          Sending 'csa_tree_14362' to server 'localhost_1_34'...
            Sent 'csa_tree_14362' to server 'localhost_1_34'.
          Sending 'csa_tree_14362_1334' to server 'localhost_1_45'...
            Sent 'csa_tree_14362_1334' to server 'localhost_1_45'.
          Sending 'add_unsigned_18_1189' to server 'localhost_1_39'...
            Sent 'add_unsigned_18_1189' to server 'localhost_1_39'.
          Sending 'add_unsigned_18_1190' to server 'localhost_1_53'...
            Sent 'add_unsigned_18_1190' to server 'localhost_1_53'.
          Sending 'add_unsigned_18_1192' to server 'localhost_1_32'...
            Sent 'add_unsigned_18_1192' to server 'localhost_1_32'.
          Sending 'add_unsigned_18_1191' to server 'localhost_1_43'...
            Sent 'add_unsigned_18_1191' to server 'localhost_1_43'.
          Sending 'sub_unsigned_26_1367' to server 'localhost_1_37'...
            Sent 'sub_unsigned_26_1367' to server 'localhost_1_37'.
          Sending 'sub_unsigned_26_1365' to server 'localhost_1_36'...
            Sent 'sub_unsigned_26_1365' to server 'localhost_1_36'.
          Sending 'sub_unsigned_26_1373' to server 'localhost_1_49'...
            Sent 'sub_unsigned_26_1373' to server 'localhost_1_49'.
          Sending 'sub_unsigned_26_1374' to server 'localhost_1_31'...
            Sent 'sub_unsigned_26_1374' to server 'localhost_1_31'.
          Sending 'sub_unsigned_26_1372' to server 'localhost_1_0'...
            Sent 'sub_unsigned_26_1372' to server 'localhost_1_0'.
          Sending 'sub_unsigned_26_1371' to server 'localhost_1_40'...
            Sent 'sub_unsigned_26_1371' to server 'localhost_1_40'.
          Sending 'sub_unsigned_26_1364' to server 'localhost_1_47'...
            Sent 'sub_unsigned_26_1364' to server 'localhost_1_47'.
          Sending 'sub_unsigned_26_1366' to server 'localhost_1_46'...
            Sent 'sub_unsigned_26_1366' to server 'localhost_1_46'.
          Sending 'sub_unsigned_26_1363' to server 'localhost_1_35'...
            Sent 'sub_unsigned_26_1363' to server 'localhost_1_35'.
          Sending 'sub_unsigned_26_1368' to server 'localhost_1_29'...
            Sent 'sub_unsigned_26_1368' to server 'localhost_1_29'.
          Received 'csa_tree_44604' from server 'localhost_1_41'. (273 ms elapsed)
          Sending 'sub_unsigned_26_1369' to server 'localhost_1_41'...
            Sent 'sub_unsigned_26_1369' to server 'localhost_1_41'.
          Received 'csa_tree_44604_1326' from server 'localhost_1_51'. (416 ms elapsed)
          Sending 'sub_unsigned_26_1370' to server 'localhost_1_51'...
            Sent 'sub_unsigned_26_1370' to server 'localhost_1_51'.
          Received 'csa_tree_14362' from server 'localhost_1_34'. (418 ms elapsed)
          Received 'csa_tree_15268' from server 'localhost_1_28'. (428 ms elapsed)
          Received 'add_unsigned_18_1190' from server 'localhost_1_53'. (1056 ms elapsed)
          Received 'add_unsigned_18_1189' from server 'localhost_1_39'. (1080 ms elapsed)
          Received 'sub_unsigned_26_1369' from server 'localhost_1_41'. (1068 ms elapsed)
          Received 'add_unsigned_18_1192' from server 'localhost_1_32'. (1497 ms elapsed)
          Received 'sub_unsigned_26_1374' from server 'localhost_1_31'. (1486 ms elapsed)
          Received 'cb_oseq_1639' from server 'localhost_1_44'. (1713 ms elapsed)
          Received 'add_unsigned_18_1191' from server 'localhost_1_43'. (1524 ms elapsed)
          Received 'sub_unsigned_26_1365' from server 'localhost_1_36'. (1525 ms elapsed)
          Received 'sub_unsigned_26_1364' from server 'localhost_1_47'. (1486 ms elapsed)
          Received 'sub_unsigned_26_1367' from server 'localhost_1_37'. (1555 ms elapsed)
          Received 'sub_unsigned_26_1363' from server 'localhost_1_35'. (1725 ms elapsed)
          Received 'sub_unsigned_26_1373' from server 'localhost_1_49'. (1795 ms elapsed)
          Received 'sub_unsigned_26_1366' from server 'localhost_1_46'. (1804 ms elapsed)
          Received 'csa_tree_add_1064_41_group_50' from server 'localhost_1_48'. (2297 ms elapsed)
          Received 'sub_unsigned_26_1368' from server 'localhost_1_29'. (2109 ms elapsed)
          Received 'csa_tree_minus_1040_18_group_79499' from server 'localhost_1_33'. (2430 ms elapsed)
          Received 'csa_tree_14362_1334' from server 'localhost_1_45'. (2331 ms elapsed)
          Received 'csa_tree_add_1063_41_group_52' from server 'localhost_1_42'. (2489 ms elapsed)
          Received 'sub_unsigned_26_1370' from server 'localhost_1_51'. (2053 ms elapsed)
          Received 'csa_tree_sub009638_group_29' from server 'localhost_1_30'. (2519 ms elapsed)
          Received 'csa_tree_minus_1044_18_group_46850' from server 'localhost_1_52'. (2573 ms elapsed)
          Received 'sub_unsigned_26_1372' from server 'localhost_1_0'. (2455 ms elapsed)
          Received 'sub_unsigned_26_1371' from server 'localhost_1_40'. (2501 ms elapsed)
          Received 'mult_signed' from server 'localhost_1_38'. (9144 ms elapsed)
          Received 'mult_signed_1378' from server 'localhost_1_54'. (9135 ms elapsed)
          Received 'mult_signed_1376' from server 'localhost_1_50'. (9070 ms elapsed)
 
Global mapping status
=====================
                                   Group   
                                  Tot Wrst 
                           Total  Weighted 
Operation                   Area   Slacks  
 global_map                14241        0 

             Cost Group            Target    Slack    Diff.  Constr.
--------------------------------------------------------------------
    cg_enable_group_clk                29      720              2000 
                    clk                30      157              2000 

 
Global incremental target info
==============================
Cost Group 'clk' target slack:    19 ps
Target path end-point (Port: Conv/p_output_data_write[19])

Cost Group 'cg_enable_group_clk' target slack:    19 ps
Target path end-point (Pin: RC_CG_HIER_INST32/RC_CGIC_INST/E (CKLNQD1BWP30P140/E))

              Distributing super-thread jobs: cb_seq_1638 cb_seq
                Sending 'cb_seq_1638' to server 'localhost_1_38'...
                  Sent 'cb_seq_1638' to server 'localhost_1_38'.
                Sending 'cb_seq' to server 'localhost_1_54'...
                  Sent 'cb_seq' to server 'localhost_1_54'.
                Received 'cb_seq' from server 'localhost_1_54'. (589 ms elapsed)
                Received 'cb_seq_1638' from server 'localhost_1_38'. (777 ms elapsed)
              Distributing super-thread jobs: mult_signed mult_signed_1376 mult_signed_1377 mult_signed_1378 cb_oseq_1639
                Sending 'mult_signed' to server 'localhost_1_38'...
                  Sent 'mult_signed' to server 'localhost_1_38'.
                Sending 'mult_signed_1376' to server 'localhost_1_54'...
                  Sent 'mult_signed_1376' to server 'localhost_1_54'.
                Sending 'mult_signed_1377' to server 'localhost_1_50'...
                  Sent 'mult_signed_1377' to server 'localhost_1_50'.
                Sending 'mult_signed_1378' to server 'localhost_1_44'...
                  Sent 'mult_signed_1378' to server 'localhost_1_44'.
                Sending 'cb_oseq_1639' to server 'localhost_1_33'...
                  Sent 'cb_oseq_1639' to server 'localhost_1_33'.
                Received 'mult_signed' from server 'localhost_1_38'. (194 ms elapsed)
                Received 'mult_signed_1376' from server 'localhost_1_54'. (295 ms elapsed)
                Received 'mult_signed_1377' from server 'localhost_1_50'. (322 ms elapsed)
                Received 'mult_signed_1378' from server 'localhost_1_44'. (379 ms elapsed)
                Received 'cb_oseq_1639' from server 'localhost_1_33'. (369 ms elapsed)
==================================
Stage : global_incr_map 
==================================
  =================
   Message Summary
  =================
--------------------------------------------------------------------------------
|    Id    |Sev  |Count |                    Message Text                      |
--------------------------------------------------------------------------------
| LBR-155  |Info |   54 |Mismatch in unateness between 'timing_sense'          |
|          |     |      | attribute and the function.                          |
|          |     |      |The 'timing_sense' attribute will be respected.       |
| PA-7     |Info |  156 |Resetting power analysis results.                     |
|          |     |      |All computed switching activities are removed.        |
| PHYS-752 |Info |    1 |Partition Based Synthesis execution skipped.          |
| ST-110   |Info |   27 |Connection established with super-threading server.   |
|          |     |      |The tool is entering super-threading mode and has     |
|          |     |      | established a connection with a CPU server process.  |
|          |     |      | This is enabled by the root attributes               |
|          |     |      | 'super_thread_servers' or 'auto_super_thread'.       |
| ST-112   |Info |   27 |A super-threading server has been shut down normally. |
|          |     |      |A super-threaded optimization is complete and a CPU   |
|          |     |      | server was successfully shut down.                   |
| ST-128   |Info |    1 |Super thread servers are launched successfully.       |
| SYNTH-2  |Info |    1 |Done synthesizing.                                    |
| SYNTH-4  |Info |    1 |Mapping.                                              |
--------------------------------------------------------------------------------
 
Global incremental optimization status
======================================
                                   Group   
                                  Tot Wrst 
                           Total  Weighted 
Operation                   Area   Slacks  
 global_incr               13872        0 

             Cost Group            Target    Slack    Diff.  Constr.
--------------------------------------------------------------------
    cg_enable_group_clk                19      698              2000 
                    clk                19       73              2000 


+-----------+--------------------+-----+----------------------+---------------------------+
|   Host    |      Machine       | CPU | Physical Memory (MB) | Peak Physical Memory (MB) |
+-----------+--------------------+-----+----------------------+---------------------------+
| localhost | paxos.inf.pucrs.br | 28  |        2650.1        |          6219.7           |
+-----------+--------------------+-----+----------------------+---------------------------+

+----------------+----------------------+---------------------------+
|     Server     | Physical Memory (MB) | Peak Physical Memory (MB) |
+----------------+----------------------+---------------------------+
| localhost_1_46 |       37.9 [1]       |          [1] [2]          |
| localhost_1_53 |       38.5 [1]       |          [1] [2]          |
| localhost_1_32 |       38.5 [1]       |          [1] [2]          |
| localhost_1_43 |       38.4 [1]       |          [1] [2]          |
| localhost_1_37 |       37.8 [1]       |          [1] [2]          |
| localhost_1_52 |       43.0 [1]       |          [1] [2]          |
| localhost_1_29 |       37.6 [1]       |          [1] [2]          |
| localhost_1_35 |       37.4 [1]       |          [1] [2]          |
| localhost_1_28 |       38.7 [1]       |          [1] [2]          |
| localhost_1_36 |       37.8 [1]       |          [1] [2]          |
| localhost_1_42 |       41.3 [1]       |          [1] [2]          |
| localhost_1_48 |       42.2 [1]       |          [1] [2]          |
| localhost_1_49 |       37.9 [1]       |          [1] [2]          |
| localhost_1_34 |       38.8 [1]       |          [1] [2]          |
| localhost_1_38 |       75.1 [1]       |          [1] [2]          |
| localhost_1_45 |       38.8 [1]       |          [1] [2]          |
| localhost_1_39 |       38.4 [1]       |          [1] [2]          |
| localhost_1_54 |       63.1 [1]       |          [1] [2]          |
| localhost_1_0  |      1205.3 [3]      |        4743.7 [3]         |
| localhost_1_31 |       37.8 [1]       |          [1] [2]          |
| localhost_1_30 |       42.0 [1]       |          [1] [2]          |
| localhost_1_44 |       50.4 [1]       |          [1] [2]          |
| localhost_1_50 |       59.5 [1]       |          [1] [2]          |
| localhost_1_51 |       40.1 [1]       |          [1] [2]          |
| localhost_1_33 |       47.4 [1]       |          [1] [2]          |
| localhost_1_40 |       37.9 [1]       |          [1] [2]          |
| localhost_1_41 |       39.0 [1]       |          [1] [2]          |
| localhost_1_47 |       37.8 [1]       |          [1] [2]          |
+----------------+----------------------+---------------------------+
[1] Memory is included in parent localhost_1_0.
[2] Peak physical memory is not available for forked background servers.
[3] Memory of child processes is included.


Test connection status for design: Conv
=======================================
Connected 0 out of 0 clock-gating instances.

State Retention Synthesis Status
================================

Category                        Flops   Percentage
--------------------------------------------------
Total instances                   983        100.0
Excluded from State Retention     983        100.0
    - Will not convert            983        100.0
      - Preserved                   0          0.0
      - Power intent excluded     983        100.0
    - Could not convert             0          0.0
      - Scan type                   0          0.0
      - No suitable cell            0          0.0
State Retention instances           0          0.0
--------------------------------------------------

INFO: skipping constant propagation
PBS_Techmap-Global Mapping - Elapsed_Time 66, CPU_Time 36.411197000000016
stamp 'PBS_Techmap-Global Mapping' being created for table 'pbs_debug'

  Total Time (Wall) |  Stage Time (Wall)  |   % (Wall)   |    Date - Time     |  Memory   | Stage
--------------------+---------------------+--------------+--------------------+-----------+----------------------
 00:00:29(00:01:44) |  00:00:00(00:00:00) |   0.0(  0.0) |   13:22:31 (Sep02) |  684.5 MB | PBS_Generic-Start
--------------------+---------------------+--------------+--------------------+-----------+----------------------
 00:06:18(00:08:14) |  00:05:49(00:06:30) |  89.6( 84.8) |   13:29:01 (Sep02) |   1.96 GB | PBS_Generic_Opt-Post
--------------------+---------------------+--------------+--------------------+-----------+----------------------
 00:06:18(00:08:15) |  00:00:00(00:00:01) |   0.0(  0.2) |   13:29:02 (Sep02) |   1.96 GB | PBS_Generic-Postgen HBO Optimizations
--------------------+---------------------+--------------+--------------------+-----------+----------------------
 00:06:21(00:08:17) |  00:00:03(00:00:02) |   0.8(  0.4) |   13:29:04 (Sep02) |   1.96 GB | PBS_TechMap-Start
--------------------+---------------------+--------------+--------------------+-----------+----------------------
 00:06:22(00:08:18) |  00:00:01(00:00:01) |   0.3(  0.2) |   13:29:05 (Sep02) |   1.95 GB | PBS_TechMap-Premap HBO Optimizations
--------------------+---------------------+--------------+--------------------+-----------+----------------------
 00:06:58(00:09:24) |  00:00:36(00:01:06) |   9.3( 14.3) |   13:30:11 (Sep02) |   1.95 GB | PBS_Techmap-Global Mapping
--------------------+---------------------+--------------+--------------------+-----------+----------------------
Number of threads: 28 * 1   (id: pbs_debug, time_info v1.57)
Info: (*N*) indicates data that was populated from previously saved time_info database
Info: CPU time includes time of parent + longest thread
Warning : Command 'commit_power_intent' cannot proceed as there is no power intent loaded. [CPI-506]
        : Command 'commit_power_intent' requires a valid power_intent to be loaded.
Warning : The parameter naming style is not LEC-friendly. [CFM-205]
        : Value of the hdl_parameter_naming_style attr is ''
        : To correctly translate the parameter naming style, value of the hdl_parameter_naming_style attr must end with '%d'.  There should not be anything after the '%d' descriptor.  Should there be black boxes in the design, the incorrect translation may induce false negative in LEC comparison.
Info    : Wrote formal verification information. [CFM-5]
        : Wrote 'fv/Conv/fv_map.fv.json' for netlist 'fv/Conv/fv_map.v.gz'.
Info    : Wrote dofile. [CFM-1]
        : Dofile is 'fv/Conv/rtl_to_fv_map.do'.
        : Alias mapping flow is enabled.
PBS_TechMap-Datapath Postmap Operations - Elapsed_Time 3, CPU_Time 2.8135070000000155
stamp 'PBS_TechMap-Datapath Postmap Operations' being created for table 'pbs_debug'

  Total Time (Wall) |  Stage Time (Wall)  |   % (Wall)   |    Date - Time     |  Memory   | Stage
--------------------+---------------------+--------------+--------------------+-----------+----------------------
 00:00:29(00:01:44) |  00:00:00(00:00:00) |   0.0(  0.0) |   13:22:31 (Sep02) |  684.5 MB | PBS_Generic-Start
--------------------+---------------------+--------------+--------------------+-----------+----------------------
 00:06:18(00:08:14) |  00:05:49(00:06:30) |  89.0( 84.2) |   13:29:01 (Sep02) |   1.96 GB | PBS_Generic_Opt-Post
--------------------+---------------------+--------------+--------------------+-----------+----------------------
 00:06:18(00:08:15) |  00:00:00(00:00:01) |   0.0(  0.2) |   13:29:02 (Sep02) |   1.96 GB | PBS_Generic-Postgen HBO Optimizations
--------------------+---------------------+--------------+--------------------+-----------+----------------------
 00:06:21(00:08:17) |  00:00:03(00:00:02) |   0.8(  0.4) |   13:29:04 (Sep02) |   1.96 GB | PBS_TechMap-Start
--------------------+---------------------+--------------+--------------------+-----------+----------------------
 00:06:22(00:08:18) |  00:00:01(00:00:01) |   0.3(  0.2) |   13:29:05 (Sep02) |   1.95 GB | PBS_TechMap-Premap HBO Optimizations
--------------------+---------------------+--------------+--------------------+-----------+----------------------
 00:06:58(00:09:24) |  00:00:36(00:01:06) |   9.3( 14.3) |   13:30:11 (Sep02) |   1.95 GB | PBS_Techmap-Global Mapping
--------------------+---------------------+--------------+--------------------+-----------+----------------------
 00:07:01(00:09:27) |  00:00:02(00:00:03) |   0.7(  0.6) |   13:30:14 (Sep02) |   1.95 GB | PBS_TechMap-Datapath Postmap Operations
--------------------+---------------------+--------------+--------------------+-----------+----------------------
Number of threads: 28 * 1   (id: pbs_debug, time_info v1.57)
Info: (*N*) indicates data that was populated from previously saved time_info database
Info: CPU time includes time of parent + longest thread
PBS_TechMap-Postmap HBO Optimizations - Elapsed_Time 0, CPU_Time 0.6747639999999819
stamp 'PBS_TechMap-Postmap HBO Optimizations' being created for table 'pbs_debug'

  Total Time (Wall) |  Stage Time (Wall)  |   % (Wall)   |    Date - Time     |  Memory   | Stage
--------------------+---------------------+--------------+--------------------+-----------+----------------------
 00:00:29(00:01:44) |  00:00:00(00:00:00) |   0.0(  0.0) |   13:22:31 (Sep02) |  684.5 MB | PBS_Generic-Start
--------------------+---------------------+--------------+--------------------+-----------+----------------------
 00:06:18(00:08:14) |  00:05:49(00:06:30) |  88.8( 84.2) |   13:29:01 (Sep02) |   1.96 GB | PBS_Generic_Opt-Post
--------------------+---------------------+--------------+--------------------+-----------+----------------------
 00:06:18(00:08:15) |  00:00:00(00:00:01) |   0.0(  0.2) |   13:29:02 (Sep02) |   1.96 GB | PBS_Generic-Postgen HBO Optimizations
--------------------+---------------------+--------------+--------------------+-----------+----------------------
 00:06:21(00:08:17) |  00:00:03(00:00:02) |   0.8(  0.4) |   13:29:04 (Sep02) |   1.96 GB | PBS_TechMap-Start
--------------------+---------------------+--------------+--------------------+-----------+----------------------
 00:06:22(00:08:18) |  00:00:01(00:00:01) |   0.3(  0.2) |   13:29:05 (Sep02) |   1.95 GB | PBS_TechMap-Premap HBO Optimizations
--------------------+---------------------+--------------+--------------------+-----------+----------------------
 00:06:58(00:09:24) |  00:00:36(00:01:06) |   9.3( 14.3) |   13:30:11 (Sep02) |   1.95 GB | PBS_Techmap-Global Mapping
--------------------+---------------------+--------------+--------------------+-----------+----------------------
 00:07:01(00:09:27) |  00:00:02(00:00:03) |   0.7(  0.6) |   13:30:14 (Sep02) |   1.95 GB | PBS_TechMap-Datapath Postmap Operations
--------------------+---------------------+--------------+--------------------+-----------+----------------------
 00:07:02(00:09:27) |  00:00:00(00:00:00) |   0.2(  0.0) |   13:30:14 (Sep02) |   1.95 GB | PBS_TechMap-Postmap HBO Optimizations
--------------------+---------------------+--------------+--------------------+-----------+----------------------
Number of threads: 28 * 1   (id: pbs_debug, time_info v1.57)
Info: (*N*) indicates data that was populated from previously saved time_info database
Info: CPU time includes time of parent + longest thread
 Doing ConstProp on design:Conv ... 

IOPT-REDREM: Performing redundancy removal: Detected 36 redundant wires. CPU time 0.031 seconds.


Test connection status for design: Conv
=======================================
Connected 0 out of 0 clock-gating instances.
  Decloning clock-gating logic from design:Conv
Info    : Clock-gating instances are decloned. [POPT-56]
        : New decloned instance is RC_CG_DECLONE_HIER_INST 
            Old instances were:
           RC_CG_HIER_INST0
           RC_CG_HIER_INST48
        : See the Genus Low Power manual for more information on Clock-gating decloning.
Info    : Clock-gating instances are decloned. [POPT-56]
        : New decloned instance is RC_CG_DECLONE_HIER_INST24146 
            Old instances were:
           RC_CG_HIER_INST37
           RC_CG_HIER_INST45
Clock-gating declone status
===========================
Total number of clock-gating instances before: 51
Total number of clock-gating instances after : 49
Time taken by ConstProp Step: 00:00:00
PBS_TechMap-Postmap Clock Gating - Elapsed_Time 0, CPU_Time 0.0
stamp 'PBS_TechMap-Postmap Clock Gating' being created for table 'pbs_debug'

  Total Time (Wall) |  Stage Time (Wall)  |   % (Wall)   |    Date - Time     |  Memory   | Stage
--------------------+---------------------+--------------+--------------------+-----------+----------------------
 00:00:29(00:01:44) |  00:00:00(00:00:00) |   0.0(  0.0) |   13:22:31 (Sep02) |  684.5 MB | PBS_Generic-Start
--------------------+---------------------+--------------+--------------------+-----------+----------------------
 00:06:18(00:08:14) |  00:05:49(00:06:30) |  88.8( 84.2) |   13:29:01 (Sep02) |   1.96 GB | PBS_Generic_Opt-Post
--------------------+---------------------+--------------+--------------------+-----------+----------------------
 00:06:18(00:08:15) |  00:00:00(00:00:01) |   0.0(  0.2) |   13:29:02 (Sep02) |   1.96 GB | PBS_Generic-Postgen HBO Optimizations
--------------------+---------------------+--------------+--------------------+-----------+----------------------
 00:06:21(00:08:17) |  00:00:03(00:00:02) |   0.8(  0.4) |   13:29:04 (Sep02) |   1.96 GB | PBS_TechMap-Start
--------------------+---------------------+--------------+--------------------+-----------+----------------------
 00:06:22(00:08:18) |  00:00:01(00:00:01) |   0.3(  0.2) |   13:29:05 (Sep02) |   1.95 GB | PBS_TechMap-Premap HBO Optimizations
--------------------+---------------------+--------------+--------------------+-----------+----------------------
 00:06:58(00:09:24) |  00:00:36(00:01:06) |   9.3( 14.3) |   13:30:11 (Sep02) |   1.95 GB | PBS_Techmap-Global Mapping
--------------------+---------------------+--------------+--------------------+-----------+----------------------
 00:07:01(00:09:27) |  00:00:02(00:00:03) |   0.7(  0.6) |   13:30:14 (Sep02) |   1.95 GB | PBS_TechMap-Datapath Postmap Operations
--------------------+---------------------+--------------+--------------------+-----------+----------------------
 00:07:02(00:09:27) |  00:00:00(00:00:00) |   0.2(  0.0) |   13:30:14 (Sep02) |   1.95 GB | PBS_TechMap-Postmap HBO Optimizations
--------------------+---------------------+--------------+--------------------+-----------+----------------------
 00:07:02(00:09:27) |  00:00:00(00:00:00) |   0.0(  0.0) |   13:30:14 (Sep02) |   1.95 GB | PBS_TechMap-Postmap Clock Gating
--------------------+---------------------+--------------+--------------------+-----------+----------------------
Number of threads: 28 * 1   (id: pbs_debug, time_info v1.57)
Info: (*N*) indicates data that was populated from previously saved time_info database
Info: CPU time includes time of parent + longest thread
-------------------------------------------------------------------------------
 hi_fo_buf                 13832        0         0         0        0

           Trick     Calls     Accepts   Attempts    Time(secs) 
-----------------------------------------------------------
       hi_fo_buf         0  (        0 /        0 )  0.00

 
Incremental optimization status
===============================
                                   Group   
                                  Tot Wrst     Total - - DRC Totals - -
                           Total  Weighted      Neg      Max       Max 
Operation                   Area   Slacks      Slack    Trans      Cap 
 init_delay                13832        0         0         0        0

           Trick     Calls     Accepts   Attempts    Time(secs) 
-----------------------------------------------------------
       crit_upsz         0  (        0 /        0 )  0.00
    plc_bal_star         0  (        0 /        0 )  0.00
     drc_buftimb         0  (        0 /        0 )  0.00
          plc_st         0  (        0 /        0 )  0.00
    plc_st_fence         0  (        0 /        0 )  0.00
        plc_star         0  (        0 /        0 )  0.00
      plc_laf_st         0  (        0 /        0 )  0.00
 plc_laf_st_fence         0  (        0 /        0 )  0.00
     drc_buftims         0  (        0 /        0 )  0.00
            fopt         0  (        0 /        0 )  0.00
   plc_laf_lo_st         0  (        0 /        0 )  0.00
       plc_lo_st         0  (        0 /        0 )  0.00
        mb_split         0  (        0 /        0 )  0.00

 
Local TNS optimization status
=============================
                                   Group   
                                  Tot Wrst     Total - - DRC Totals - -
                           Total  Weighted      Neg      Max       Max 
Operation                   Area   Slacks      Slack    Trans      Cap 
 init_tns                  13832        0         0         0        0

           Trick     Calls     Accepts   Attempts    Time(secs) 
-----------------------------------------------------------
    plc_bal_star         0  (        0 /        0 )  0.00
     drc_buftimb         0  (        0 /        0 )  0.00
     drc_buftims         0  (        0 /        0 )  0.00
       crit_upsz         0  (        0 /        0 )  0.00
   plc_laf_lo_st         0  (        0 /        0 )  0.00
       plc_lo_st         0  (        0 /        0 )  0.00
            fopt         0  (        0 /        0 )  0.00
       crit_dnsz         0  (        0 /        0 )  0.00
             dup         0  (        0 /        0 )  0.00
        setup_dn         0  (        0 /        0 )  0.00
        mb_split         0  (        0 /        0 )  0.00

PBS_TechMap-Postmap Cleanup - Elapsed_Time 2, CPU_Time 1.8002559999999903
stamp 'PBS_TechMap-Postmap Cleanup' being created for table 'pbs_debug'

  Total Time (Wall) |  Stage Time (Wall)  |   % (Wall)   |    Date - Time     |  Memory   | Stage
--------------------+---------------------+--------------+--------------------+-----------+----------------------
 00:00:29(00:01:44) |  00:00:00(00:00:00) |   0.0(  0.0) |   13:22:31 (Sep02) |  684.5 MB | PBS_Generic-Start
--------------------+---------------------+--------------+--------------------+-----------+----------------------
 00:06:18(00:08:14) |  00:05:49(00:06:30) |  88.4( 83.9) |   13:29:01 (Sep02) |   1.96 GB | PBS_Generic_Opt-Post
--------------------+---------------------+--------------+--------------------+-----------+----------------------
 00:06:18(00:08:15) |  00:00:00(00:00:01) |   0.0(  0.2) |   13:29:02 (Sep02) |   1.96 GB | PBS_Generic-Postgen HBO Optimizations
--------------------+---------------------+--------------+--------------------+-----------+----------------------
 00:06:21(00:08:17) |  00:00:03(00:00:02) |   0.8(  0.4) |   13:29:04 (Sep02) |   1.96 GB | PBS_TechMap-Start
--------------------+---------------------+--------------+--------------------+-----------+----------------------
 00:06:22(00:08:18) |  00:00:01(00:00:01) |   0.3(  0.2) |   13:29:05 (Sep02) |   1.95 GB | PBS_TechMap-Premap HBO Optimizations
--------------------+---------------------+--------------+--------------------+-----------+----------------------
 00:06:58(00:09:24) |  00:00:36(00:01:06) |   9.2( 14.2) |   13:30:11 (Sep02) |   1.95 GB | PBS_Techmap-Global Mapping
--------------------+---------------------+--------------+--------------------+-----------+----------------------
 00:07:01(00:09:27) |  00:00:02(00:00:03) |   0.7(  0.6) |   13:30:14 (Sep02) |   1.95 GB | PBS_TechMap-Datapath Postmap Operations
--------------------+---------------------+--------------+--------------------+-----------+----------------------
 00:07:02(00:09:27) |  00:00:00(00:00:00) |   0.2(  0.0) |   13:30:14 (Sep02) |   1.95 GB | PBS_TechMap-Postmap HBO Optimizations
--------------------+---------------------+--------------+--------------------+-----------+----------------------
 00:07:02(00:09:27) |  00:00:00(00:00:00) |   0.0(  0.0) |   13:30:14 (Sep02) |   1.95 GB | PBS_TechMap-Postmap Clock Gating
--------------------+---------------------+--------------+--------------------+-----------+----------------------
 00:07:03(00:09:29) |  00:00:01(00:00:02) |   0.5(  0.4) |   13:30:16 (Sep02) |   1.95 GB | PBS_TechMap-Postmap Cleanup
--------------------+---------------------+--------------+--------------------+-----------+----------------------
Number of threads: 28 * 1   (id: pbs_debug, time_info v1.57)
Info: (*N*) indicates data that was populated from previously saved time_info database
Info: CPU time includes time of parent + longest thread
PBS_Techmap-Post_MBCI - Elapsed_Time 0, CPU_Time 0.0
stamp 'PBS_Techmap-Post_MBCI' being created for table 'pbs_debug'

  Total Time (Wall) |  Stage Time (Wall)  |   % (Wall)   |    Date - Time     |  Memory   | Stage
--------------------+---------------------+--------------+--------------------+-----------+----------------------
 00:00:29(00:01:44) |  00:00:00(00:00:00) |   0.0(  0.0) |   13:22:31 (Sep02) |  684.5 MB | PBS_Generic-Start
--------------------+---------------------+--------------+--------------------+-----------+----------------------
 00:06:18(00:08:14) |  00:05:49(00:06:30) |  88.4( 83.9) |   13:29:01 (Sep02) |   1.96 GB | PBS_Generic_Opt-Post
--------------------+---------------------+--------------+--------------------+-----------+----------------------
 00:06:18(00:08:15) |  00:00:00(00:00:01) |   0.0(  0.2) |   13:29:02 (Sep02) |   1.96 GB | PBS_Generic-Postgen HBO Optimizations
--------------------+---------------------+--------------+--------------------+-----------+----------------------
 00:06:21(00:08:17) |  00:00:03(00:00:02) |   0.8(  0.4) |   13:29:04 (Sep02) |   1.96 GB | PBS_TechMap-Start
--------------------+---------------------+--------------+--------------------+-----------+----------------------
 00:06:22(00:08:18) |  00:00:01(00:00:01) |   0.3(  0.2) |   13:29:05 (Sep02) |   1.95 GB | PBS_TechMap-Premap HBO Optimizations
--------------------+---------------------+--------------+--------------------+-----------+----------------------
 00:06:58(00:09:24) |  00:00:36(00:01:06) |   9.2( 14.2) |   13:30:11 (Sep02) |   1.95 GB | PBS_Techmap-Global Mapping
--------------------+---------------------+--------------+--------------------+-----------+----------------------
 00:07:01(00:09:27) |  00:00:02(00:00:03) |   0.7(  0.6) |   13:30:14 (Sep02) |   1.95 GB | PBS_TechMap-Datapath Postmap Operations
--------------------+---------------------+--------------+--------------------+-----------+----------------------
 00:07:02(00:09:27) |  00:00:00(00:00:00) |   0.2(  0.0) |   13:30:14 (Sep02) |   1.95 GB | PBS_TechMap-Postmap HBO Optimizations
--------------------+---------------------+--------------+--------------------+-----------+----------------------
 00:07:02(00:09:27) |  00:00:00(00:00:00) |   0.0(  0.0) |   13:30:14 (Sep02) |   1.95 GB | PBS_TechMap-Postmap Clock Gating
--------------------+---------------------+--------------+--------------------+-----------+----------------------
 00:07:03(00:09:29) |  00:00:01(00:00:02) |   0.5(  0.4) |   13:30:16 (Sep02) |   1.95 GB | PBS_TechMap-Postmap Cleanup
--------------------+---------------------+--------------+--------------------+-----------+----------------------
 00:07:03(00:09:29) |  00:00:00(00:00:00) |   0.0(  0.0) |   13:30:16 (Sep02) |   1.95 GB | PBS_Techmap-Post_MBCI
--------------------+---------------------+--------------+--------------------+-----------+----------------------
Number of threads: 28 * 1   (id: pbs_debug, time_info v1.57)
Info: (*N*) indicates data that was populated from previously saved time_info database
Info: CPU time includes time of parent + longest thread
##>=================== Cadence Confidential (Mapping-Logical) ===================
##>Main Thread Summary:
##>----------------------------------------------------------------------------------------
##>STEP                           Elapsed       WNS       TNS     Insts      Area    Memory
##>----------------------------------------------------------------------------------------
##>M:Initial                            0         -         -     30598     46352      1956
##>M:Pre Cleanup                        0         -         -     30598     46352      1956
##>M:Setup                              0         -         -         -         -         -
##>M:Launch ST                          0         -         -         -         -         -
##>M:Design Partition                   0         -         -         -         -         -
##>M:Create Partition Netlists          0         -         -         -         -         -
##>M:Init Power                         0         -         -         -         -         -
##>M:Budgeting                          0         -         -         -         -         -
##>M:Derenv-DB                          0         -         -         -         -         -
##>M:Debug Outputs                      0         -         -         -         -         -
##>M:ST loading                         0         -         -         -         -         -
##>M:Distributed                        0         -         -         -         -         -
##>M:Timer                              0         -         -         -         -         -
##>M:Assembly                           0         -         -         -         -         -
##>M:DFT                                0         -         -         -         -         -
##>M:DP Operations                      3         -         -      8138     10063      1953
##>M:Const Prop                         0        73         0      8138     10063      1953
##>M:Cleanup                            2        73         0      8118     10032      1954
##>M:MBCI                               0         -         -      8118     10032      1954
##>M:Const Gate Removal                 0         -         -         -         -         -
##>M:Misc                              67
##>----------------------------------------------------------------------------------------
##>Total Elapsed                       72
##>========================================================================================

+-----------+--------------------+-----+----------------------+---------------------------+
|   Host    |      Machine       | CPU | Physical Memory (MB) | Peak Physical Memory (MB) |
+-----------+--------------------+-----+----------------------+---------------------------+
| localhost | paxos.inf.pucrs.br |  1  |        1954.8        |          6219.7           |
+-----------+--------------------+-----+----------------------+---------------------------+

+---------------+----------------------+---------------------------+
|    Server     | Physical Memory (MB) | Peak Physical Memory (MB) |
+---------------+----------------------+---------------------------+
| localhost_1_0 |        488.9         |          4743.7           |
+---------------+----------------------+---------------------------+

Info    : Done mapping. [SYNTH-5]
        : Done mapping 'Conv'.
      flow.cputime  flow.realtime  timing.setup.tns  timing.setup.wns  snapshot
UM:*                                                                   syn_map
@file(logical_synthesis_body.tcl) 57: syn_opt
Current PLE settings:

Aspect ratio        : 1.000
Shrink factor       : 0.900
Scale of res/length : 1.000
Scale of cap/length : 1.000
Net derating factor : 1.000
Thermal factor      : 1.253
Via Resistance      : 16.501 ohm (from qrc_tech_file)
Site size           : 1.040 um (from lef [tech+cell])

                                   Capacitance  
  Layer                             / Length         Data source:
Name        Direction Utilization  (pF/micron)       qrc_tech_file
------------------------------------------------
M1              V         0.00        0.000210  
M2              H         1.00        0.000184  
M3              V         1.00        0.000138  
M4              H         1.00        0.000137  
M5              V         1.00        0.000138  
M6              H         1.00        0.000133  
M7              V         1.00        0.000194  
M8              H         1.00        0.000322  
M9              V         1.00        0.000582  
AP              H         1.00        0.000334  

                                    Resistance   
  Layer                              / Length         Data source:
Name        Direction Utilization  (ohm/micron)       qrc_tech_file
-------------------------------------------------
M1              V         0.00        14.633762  
M2              H         1.00        14.861223  
M3              V         1.00        14.861223  
M4              H         1.00        14.861223  
M5              V         1.00        14.861223  
M6              H         1.00        14.861223  
M7              V         1.00         3.005090  
M8              H         1.00         0.111088  
M9              V         1.00         0.004928  
AP              H         1.00         0.009992  

                                        Area     
  Layer                               / Length        Data source:
Name        Direction Utilization     (micron)        lef_library
-------------------------------------------------
M1              V         0.00         0.050000  
M2              H         1.00         0.050000  
M3              V         1.00         0.050000  
M4              H         1.00         0.050000  
M5              V         1.00         0.050000  
M6              H         1.00         0.050000  
M7              V         1.00         0.100000  
M8              H         1.00         0.400000  
M9              V         1.00         2.000000  
AP              H         1.00         2.000000  

Info    : Incrementally optimizing. [SYNTH-7]
        : Incrementally optimizing 'Conv' using 'high' effort.

Test connection status for design: Conv
=======================================
Connected 0 out of 0 clock-gating instances.
  Decloning clock-gating logic from design:Conv
Forcing hierarchical CG on for clock_gating declone -hier
Clock-gating declone status
===========================
Total number of clock-gating instances before: 49
Total number of clock-gating instances after : 49
 
Incremental optimization status
===============================
                                   Group   
                                  Tot Wrst     Total - - DRC Totals - -
                           Total  Weighted      Neg      Max       Max 
Operation                   Area   Slacks      Slack    Trans      Cap 
 init_iopt                 13832        0         0         0        0
IOPT-REDREM: Performing redundancy removal: Detected 0 redundant wires. CPU time 0.023 seconds.

-------------------------------------------------------------------------------
 const_prop                13832        0         0         0        0
 simp_cc_inputs            13832        0         0         0        0
-------------------------------------------------------------------------------
 hi_fo_buf                 13832        0         0         0        0

           Trick     Calls     Accepts   Attempts    Time(secs) 
-----------------------------------------------------------
       hi_fo_buf         0  (        0 /        0 )  0.00

 
Incremental optimization status
===============================
                                   Group   
                                  Tot Wrst     Total - - DRC Totals - -
                           Total  Weighted      Neg      Max       Max 
Operation                   Area   Slacks      Slack    Trans      Cap 
 init_delay                13832        0         0         0        0

           Trick     Calls     Accepts   Attempts    Time(secs) 
-----------------------------------------------------------
        crit_msz         0  (        0 /        0 )  0.00
       crit_upsz         0  (        0 /        0 )  0.00
       crit_slew         0  (        0 /        0 )  0.00
        setup_dn         0  (        0 /        0 )  0.00
    plc_bal_star         0  (        0 /        0 )  0.00
     drc_buftimb         0  (        0 /        0 )  0.00
          plc_st         0  (        0 /        0 )  0.00
    plc_st_fence         0  (        0 /        0 )  0.00
        plc_star         0  (        0 /        0 )  0.00
      plc_laf_st         0  (        0 /        0 )  0.00
 plc_laf_st_fence         0  (        0 /        0 )  0.00
     drc_buftims         0  (        0 /        0 )  0.00
   plc_laf_lo_st         0  (        0 /        0 )  0.00
       plc_lo_st         0  (        0 /        0 )  0.00
            fopt         0  (        0 /        0 )  0.00
       crit_swap         0  (        0 /        0 )  0.00
       mux2_swap         0  (        0 /        0 )  0.00
       crit_dnsz         0  (        0 /        0 )  0.00
       load_swap         0  (        0 /        0 )  0.00
            fopt         0  (        0 /        0 )  0.00
        setup_dn         0  (        0 /        0 )  0.00
       load_isol         0  (        0 /        0 )  0.00
       load_isol         0  (        0 /        0 )  0.00
        move_for         0  (        0 /        0 )  0.00
        move_for         0  (        0 /        0 )  0.00
          rem_bi         0  (        0 /        0 )  0.00
         offload         0  (        0 /        0 )  0.00
          rem_bi         0  (        0 /        0 )  0.00
         offload         0  (        0 /        0 )  0.00
           phase         0  (        0 /        0 )  0.00
        in_phase         0  (        0 /        0 )  0.00
       merge_bit         0  (        0 /        0 )  0.00
     merge_idrvr         0  (        0 /        0 )  0.00
     merge_iload         0  (        0 /        0 )  0.00
    merge_idload         0  (        0 /        0 )  0.00
      merge_drvr         0  (        0 /        0 )  0.00
      merge_load         0  (        0 /        0 )  0.00
          decomp         0  (        0 /        0 )  0.00
        p_decomp         0  (        0 /        0 )  0.00
        levelize         0  (        0 /        0 )  0.00
        mb_split         0  (        0 /        0 )  0.00
             dup         0  (        0 /        0 )  0.00
      mux_retime         0  (        0 /        0 )  0.00
         buf2inv         0  (        0 /        0 )  0.00
             exp         0  (        0 /        0 )  0.00
       gate_deco         0  (        0 /        0 )  0.00
       gcomp_tim         0  (        0 /        0 )  0.00
  inv_pair_2_buf         0  (        0 /        0 )  0.00


           Trick     Calls     Accepts   Attempts    Time(secs) 
-----------------------------------------------------------
         crr_220         0  (        0 /        0 )  0.00
        crr_glob         0  (        0 /        0 )  0.00
         crr_200         0  (        0 /        0 )  0.00
        crr_glob         0  (        0 /        0 )  0.00
         crr_300         0  (        0 /        0 )  0.00
        crr_glob         0  (        0 /        0 )  0.00
         crr_400         0  (        0 /        0 )  0.00
        crr_glob         0  (        0 /        0 )  0.00
         crr_111         0  (        0 /        0 )  0.00
        crr_glob         0  (        0 /        0 )  0.00
         crr_210         0  (        0 /        0 )  0.00
        crr_glob         0  (        0 /        0 )  0.00
         crr_110         0  (        0 /        0 )  0.00
        crr_glob         0  (        0 /        0 )  0.00
         crr_101         0  (        0 /        0 )  0.00
        crr_glob         0  (        0 /        0 )  0.00
         crr_201         0  (        0 /        0 )  0.00
        crr_glob         0  (        0 /        0 )  0.00
         crr_211         0  (        0 /        0 )  0.00
        crr_glob         0  (        0 /        0 )  0.00
        crit_msz         0  (        0 /        0 )  0.00
       crit_upsz         0  (        0 /        0 )  0.00
       crit_slew         0  (        0 /        0 )  0.00
        setup_dn         0  (        0 /        0 )  0.00
    plc_bal_star         0  (        0 /        0 )  0.00
     drc_buftimb         0  (        0 /        0 )  0.00
          plc_st         0  (        0 /        0 )  0.00
    plc_st_fence         0  (        0 /        0 )  0.00
        plc_star         0  (        0 /        0 )  0.00
      plc_laf_st         0  (        0 /        0 )  0.00
 plc_laf_st_fence         0  (        0 /        0 )  0.00
     drc_buftims         0  (        0 /        0 )  0.00
       plc_lo_st         0  (        0 /        0 )  0.00
            fopt         0  (        0 /        0 )  0.00
       crit_swap         0  (        0 /        0 )  0.00
       mux2_swap         0  (        0 /        0 )  0.00
       crit_dnsz         0  (        0 /        0 )  0.00
       load_swap         0  (        0 /        0 )  0.00
            fopt         0  (        0 /        0 )  0.00
        setup_dn         0  (        0 /        0 )  0.00
       load_isol         0  (        0 /        0 )  0.00
       load_isol         0  (        0 /        0 )  0.00
        move_for         0  (        0 /        0 )  0.00
        move_for         0  (        0 /        0 )  0.00
          rem_bi         0  (        0 /        0 )  0.00
         offload         0  (        0 /        0 )  0.00
          rem_bi         0  (        0 /        0 )  0.00
         offload         0  (        0 /        0 )  0.00
       merge_bit         0  (        0 /        0 )  0.00
     merge_idrvr         0  (        0 /        0 )  0.00
     merge_iload         0  (        0 /        0 )  0.00
    merge_idload         0  (        0 /        0 )  0.00
      merge_drvr         0  (        0 /        0 )  0.00
      merge_load         0  (        0 /        0 )  0.00
           phase         0  (        0 /        0 )  0.00
          decomp         0  (        0 /        0 )  0.00
        p_decomp         0  (        0 /        0 )  0.00
        levelize         0  (        0 /        0 )  0.00
        mb_split         0  (        0 /        0 )  0.00
        in_phase         0  (        0 /        0 )  0.00
             dup         0  (        0 /        0 )  0.00
      mux_retime         0  (        0 /        0 )  0.00
         buf2inv         0  (        0 /        0 )  0.00
             exp         0  (        0 /        0 )  0.00
       gate_deco         0  (        0 /        0 )  0.00
       gcomp_tim         0  (        0 /        0 )  0.00
  inv_pair_2_buf         0  (        0 /        0 )  0.00
 init_drc                  13832        0         0         0        0

           Trick     Calls     Accepts   Attempts    Time(secs) 
-----------------------------------------------------------
          plc_st         0  (        0 /        0 )  0.00
        plc_star         0  (        0 /        0 )  0.00
        drc_bufs         0  (        0 /        0 )  0.00
        drc_fopt         0  (        0 /        0 )  0.00
        drc_bufb         0  (        0 /        0 )  0.00
      simple_buf         0  (        0 /        0 )  0.00
             dup         0  (        0 /        0 )  0.00
       crit_dnsz         0  (        0 /        0 )  0.00
       crit_upsz         0  (        0 /        0 )  0.00
       crit_slew         0  (        0 /        0 )  0.00


           Trick     Calls     Accepts   Attempts    Time(secs) 
-----------------------------------------------------------
          plc_st         0  (        0 /        0 )  0.00
        plc_star         0  (        0 /        0 )  0.00
      drc_buf_sp         0  (        0 /        0 )  0.00
        drc_bufs         0  (        0 /        0 )  0.00
        drc_fopt         0  (        0 /        0 )  0.00
        drc_bufb         0  (        0 /        0 )  0.00
      simple_buf         0  (        0 /        0 )  0.00
             dup         0  (        0 /        0 )  0.00
       crit_dnsz         0  (        0 /        0 )  0.00
       crit_upsz         0  (        0 /        0 )  0.00


           Trick     Calls     Accepts   Attempts    Time(secs) 
-----------------------------------------------------------
          plc_st         0  (        0 /        0 )  0.00
        plc_star         0  (        0 /        0 )  0.00
      drc_buf_sp         0  (        0 /        0 )  0.00
        drc_bufs         0  (        0 /        0 )  0.00
        drc_fopt         0  (        0 /        0 )  0.00
        drc_bufb         0  (        0 /        0 )  0.00
             dup         0  (        0 /        0 )  0.00
       crit_dnsz         0  (        0 /        0 )  0.00
       crit_upsz         0  (        0 /        0 )  0.00

 init_tns                  13832        0         0         0        0

           Trick     Calls     Accepts   Attempts    Time(secs) 
-----------------------------------------------------------
            fopt         0  (        0 /        0 )  0.00
    plc_bal_star         0  (        0 /        0 )  0.00
     drc_buftimb         0  (        0 /        0 )  0.00
     drc_buftims         0  (        0 /        0 )  0.00
        crit_msz         0  (        0 /        0 )  0.00
       crit_upsz         0  (        0 /        0 )  0.00
   plc_laf_lo_st         0  (        0 /        0 )  0.00
       plc_lo_st         0  (        0 /        0 )  0.00
       crit_swap         0  (        0 /        0 )  0.00
       mux2_swap         0  (        0 /        0 )  0.00
       crit_dnsz         0  (        0 /        0 )  0.00
       load_swap         0  (        0 /        0 )  0.00
            fopt         0  (        0 /        0 )  0.00
        setup_dn         0  (        0 /        0 )  0.00
       load_isol         0  (        0 /        0 )  0.00
       load_isol         0  (        0 /        0 )  0.00
        move_for         0  (        0 /        0 )  0.00
        move_for         0  (        0 /        0 )  0.00
          rem_bi         0  (        0 /        0 )  0.00
         offload         0  (        0 /        0 )  0.00
          rem_bi         0  (        0 /        0 )  0.00
         offload         0  (        0 /        0 )  0.00
       merge_bit         0  (        0 /        0 )  0.00
     merge_idrvr         0  (        0 /        0 )  0.00
     merge_iload         0  (        0 /        0 )  0.00
    merge_idload         0  (        0 /        0 )  0.00
      merge_drvr         0  (        0 /        0 )  0.00
      merge_load         0  (        0 /        0 )  0.00
           phase         0  (        0 /        0 )  0.00
          decomp         0  (        0 /        0 )  0.00
        p_decomp         0  (        0 /        0 )  0.00
        levelize         0  (        0 /        0 )  0.00
        mb_split         0  (        0 /        0 )  0.00
             dup         0  (        0 /        0 )  0.00
      mux_retime         0  (        0 /        0 )  0.00
       crr_local         0  (        0 /        0 )  0.00
         buf2inv         0  (        0 /        0 )  0.00

 init_area                 13832        0         0         0        0
 rem_buf                   13829        0         0         0        0
 rem_inv                   13826        0         0         0        0
 merge_bi                  13737        0         0         0        0
 rem_inv_qb                13736        0         0         0        0
 seq_res_area              13706        0         0         0        0
 gate_comp                 13706        0         0         0        0
 glob_area                 13698        0         0         0        0
 area_down                 13691        0         0         0        0

           Trick     Calls     Accepts   Attempts    Time(secs) 
-----------------------------------------------------------
           undup         0  (        0 /        0 )  0.01
         rem_buf         5  (        5 /        5 )  0.01
         rem_inv         6  (        5 /        5 )  0.03
        merge_bi       178  (      178 /      178 )  0.41
      rem_inv_qb         7  (        1 /        1 )  0.03
    seq_res_area        18  (        1 /        1 )  6.54
        io_phase        13  (        0 /        0 )  0.03
       gate_comp        17  (        2 /        2 )  0.27
       gcomp_mog        81  (        0 /        0 )  0.42
       glob_area        49  (       18 /       49 )  0.15
       area_down        21  (       11 /       11 )  0.33
      size_n_buf         1  (        0 /        0 )  0.04
  gate_deco_area         0  (        0 /        0 )  0.03
         rem_buf         0  (        0 /        0 )  0.00
         rem_inv         1  (        0 /        0 )  0.00
        merge_bi         0  (        0 /        0 )  0.01
      rem_inv_qb         0  (        0 /        0 )  0.00

 
Incremental optimization status
===============================
                                   Group   
                                  Tot Wrst     Total - - DRC Totals - -
                           Total  Weighted      Neg      Max       Max 
Operation                   Area   Slacks      Slack    Trans      Cap 
 init_delay                13691        0         0         0        0

           Trick     Calls     Accepts   Attempts    Time(secs) 
-----------------------------------------------------------
         crr_220         0  (        0 /        0 )  0.00
        crr_glob         0  (        0 /        0 )  0.00
         crr_200         0  (        0 /        0 )  0.00
        crr_glob         0  (        0 /        0 )  0.00
         crr_300         0  (        0 /        0 )  0.00
        crr_glob         0  (        0 /        0 )  0.00
         crr_400         0  (        0 /        0 )  0.00
        crr_glob         0  (        0 /        0 )  0.00
         crr_111         0  (        0 /        0 )  0.00
        crr_glob         0  (        0 /        0 )  0.00
         crr_210         0  (        0 /        0 )  0.00
        crr_glob         0  (        0 /        0 )  0.00
         crr_110         0  (        0 /        0 )  0.00
        crr_glob         0  (        0 /        0 )  0.00
         crr_101         0  (        0 /        0 )  0.00
        crr_glob         0  (        0 /        0 )  0.00
         crr_201         0  (        0 /        0 )  0.00
        crr_glob         0  (        0 /        0 )  0.00
         crr_211         0  (        0 /        0 )  0.00
        crr_glob         0  (        0 /        0 )  0.00
        crit_msz         0  (        0 /        0 )  0.00
       crit_upsz         0  (        0 /        0 )  0.00
       crit_slew         0  (        0 /        0 )  0.00
        setup_dn         0  (        0 /        0 )  0.00
    plc_bal_star         0  (        0 /        0 )  0.00
     drc_buftimb         0  (        0 /        0 )  0.00
          plc_st         0  (        0 /        0 )  0.00
    plc_st_fence         0  (        0 /        0 )  0.00
        plc_star         0  (        0 /        0 )  0.00
      plc_laf_st         0  (        0 /        0 )  0.00
 plc_laf_st_fence         0  (        0 /        0 )  0.00
     drc_buftims         0  (        0 /        0 )  0.00
       plc_lo_st         0  (        0 /        0 )  0.00
            fopt         0  (        0 /        0 )  0.00
       crit_swap         0  (        0 /        0 )  0.00
       mux2_swap         0  (        0 /        0 )  0.00
       crit_dnsz         0  (        0 /        0 )  0.00
       load_swap         0  (        0 /        0 )  0.00
            fopt         0  (        0 /        0 )  0.00
        setup_dn         0  (        0 /        0 )  0.00
       load_isol         0  (        0 /        0 )  0.00
       load_isol         0  (        0 /        0 )  0.00
        move_for         0  (        0 /        0 )  0.00
        move_for         0  (        0 /        0 )  0.00
          rem_bi         0  (        0 /        0 )  0.00
         offload         0  (        0 /        0 )  0.00
          rem_bi         0  (        0 /        0 )  0.00
         offload         0  (        0 /        0 )  0.00
       merge_bit         0  (        0 /        0 )  0.00
     merge_idrvr         0  (        0 /        0 )  0.00
     merge_iload         0  (        0 /        0 )  0.00
    merge_idload         0  (        0 /        0 )  0.00
      merge_drvr         0  (        0 /        0 )  0.00
      merge_load         0  (        0 /        0 )  0.00
           phase         0  (        0 /        0 )  0.00
          decomp         0  (        0 /        0 )  0.00
        p_decomp         0  (        0 /        0 )  0.00
        levelize         0  (        0 /        0 )  0.00
        mb_split         0  (        0 /        0 )  0.00
        in_phase         0  (        0 /        0 )  0.00
             dup         0  (        0 /        0 )  0.00
      mux_retime         0  (        0 /        0 )  0.00
         buf2inv         0  (        0 /        0 )  0.00
             exp         0  (        0 /        0 )  0.00
       gate_deco         0  (        0 /        0 )  0.00
       gcomp_tim         0  (        0 /        0 )  0.00
  inv_pair_2_buf         0  (        0 /        0 )  0.00
 init_drc                  13691        0         0         0        0

           Trick     Calls     Accepts   Attempts    Time(secs) 
-----------------------------------------------------------
          plc_st         0  (        0 /        0 )  0.00
        plc_star         0  (        0 /        0 )  0.00
        drc_bufs         0  (        0 /        0 )  0.00
        drc_fopt         0  (        0 /        0 )  0.00
        drc_bufb         0  (        0 /        0 )  0.00
      simple_buf         0  (        0 /        0 )  0.00
             dup         0  (        0 /        0 )  0.00
       crit_dnsz         0  (        0 /        0 )  0.00
       crit_upsz         0  (        0 /        0 )  0.00
       crit_slew         0  (        0 /        0 )  0.00


           Trick     Calls     Accepts   Attempts    Time(secs) 
-----------------------------------------------------------
          plc_st         0  (        0 /        0 )  0.00
        plc_star         0  (        0 /        0 )  0.00
        drc_bufs         0  (        0 /        0 )  0.00
        drc_fopt         0  (        0 /        0 )  0.00
        drc_bufb         0  (        0 /        0 )  0.00
      simple_buf         0  (        0 /        0 )  0.00
             dup         0  (        0 /        0 )  0.00
       crit_dnsz         0  (        0 /        0 )  0.00
       crit_upsz         0  (        0 /        0 )  0.00


           Trick     Calls     Accepts   Attempts    Time(secs) 
-----------------------------------------------------------
          plc_st         0  (        0 /        0 )  0.00
        plc_star         0  (        0 /        0 )  0.00
        drc_bufs         0  (        0 /        0 )  0.00
        drc_fopt         0  (        0 /        0 )  0.00
        drc_bufb         0  (        0 /        0 )  0.00
             dup         0  (        0 /        0 )  0.00
       crit_dnsz         0  (        0 /        0 )  0.00
       crit_upsz         0  (        0 /        0 )  0.00

 init_tns                  13691        0         0         0        0

           Trick     Calls     Accepts   Attempts    Time(secs) 
-----------------------------------------------------------
            fopt         0  (        0 /        0 )  0.00
    plc_bal_star         0  (        0 /        0 )  0.00
     drc_buftimb         0  (        0 /        0 )  0.00
     drc_buftims         0  (        0 /        0 )  0.00
        crit_msz         0  (        0 /        0 )  0.00
       crit_upsz         0  (        0 /        0 )  0.00
   plc_laf_lo_st         0  (        0 /        0 )  0.00
       plc_lo_st         0  (        0 /        0 )  0.00
       crit_swap         0  (        0 /        0 )  0.00
       mux2_swap         0  (        0 /        0 )  0.00
       crit_dnsz         0  (        0 /        0 )  0.00
       load_swap         0  (        0 /        0 )  0.00
            fopt         0  (        0 /        0 )  0.00
        setup_dn         0  (        0 /        0 )  0.00
       load_isol         0  (        0 /        0 )  0.00
       load_isol         0  (        0 /        0 )  0.00
        move_for         0  (        0 /        0 )  0.00
        move_for         0  (        0 /        0 )  0.00
          rem_bi         0  (        0 /        0 )  0.00
         offload         0  (        0 /        0 )  0.00
          rem_bi         0  (        0 /        0 )  0.00
         offload         0  (        0 /        0 )  0.00
       merge_bit         0  (        0 /        0 )  0.00
     merge_idrvr         0  (        0 /        0 )  0.00
     merge_iload         0  (        0 /        0 )  0.00
    merge_idload         0  (        0 /        0 )  0.00
      merge_drvr         0  (        0 /        0 )  0.00
      merge_load         0  (        0 /        0 )  0.00
           phase         0  (        0 /        0 )  0.00
          decomp         0  (        0 /        0 )  0.00
        p_decomp         0  (        0 /        0 )  0.00
        levelize         0  (        0 /        0 )  0.00
        mb_split         0  (        0 /        0 )  0.00
             dup         0  (        0 /        0 )  0.00
      mux_retime         0  (        0 /        0 )  0.00
       crr_local         0  (        0 /        0 )  0.00
         buf2inv         0  (        0 /        0 )  0.00

 init_area                 13691        0         0         0        0
 area_down                 13689        0         0         0        0

           Trick     Calls     Accepts   Attempts    Time(secs) 
-----------------------------------------------------------
           undup         0  (        0 /        0 )  0.01
         rem_buf         0  (        0 /        0 )  0.00
         rem_inv         1  (        0 /        0 )  0.00
        merge_bi         0  (        0 /        0 )  0.01
      rem_inv_qb         0  (        0 /        0 )  0.00
        io_phase        13  (        0 /        0 )  0.03
       gate_comp        15  (        0 /        0 )  0.26
       gcomp_mog        81  (        0 /        0 )  0.41
       glob_area        40  (        0 /       40 )  0.07
       area_down        13  (        6 /        6 )  0.25
      size_n_buf         0  (        0 /        0 )  0.04
  gate_deco_area         0  (        0 /        0 )  0.00

 
Incremental optimization status
===============================
                                   Group   
                                  Tot Wrst     Total - - DRC Totals - -
                           Total  Weighted      Neg      Max       Max 
Operation                   Area   Slacks      Slack    Trans      Cap 
 init_delay                13689        0         0         0        0

           Trick     Calls     Accepts   Attempts    Time(secs) 
-----------------------------------------------------------
        crit_msz         0  (        0 /        0 )  0.00
       crit_upsz         0  (        0 /        0 )  0.00
       crit_slew         0  (        0 /        0 )  0.00
        setup_dn         0  (        0 /        0 )  0.00
    plc_bal_star         0  (        0 /        0 )  0.00
     drc_buftimb         0  (        0 /        0 )  0.00
          plc_st         0  (        0 /        0 )  0.00
    plc_st_fence         0  (        0 /        0 )  0.00
        plc_star         0  (        0 /        0 )  0.00
      plc_laf_st         0  (        0 /        0 )  0.00
 plc_laf_st_fence         0  (        0 /        0 )  0.00
     drc_buftims         0  (        0 /        0 )  0.00
   plc_laf_lo_st         0  (        0 /        0 )  0.00
       plc_lo_st         0  (        0 /        0 )  0.00
            fopt         0  (        0 /        0 )  0.00
       crit_swap         0  (        0 /        0 )  0.00
       mux2_swap         0  (        0 /        0 )  0.00
       crit_dnsz         0  (        0 /        0 )  0.00
       load_swap         0  (        0 /        0 )  0.00
            fopt         0  (        0 /        0 )  0.00
        setup_dn         0  (        0 /        0 )  0.00
       load_isol         0  (        0 /        0 )  0.00
       load_isol         0  (        0 /        0 )  0.00
        move_for         0  (        0 /        0 )  0.00
        move_for         0  (        0 /        0 )  0.00
          rem_bi         0  (        0 /        0 )  0.00
         offload         0  (        0 /        0 )  0.00
          rem_bi         0  (        0 /        0 )  0.00
         offload         0  (        0 /        0 )  0.00
           phase         0  (        0 /        0 )  0.00
        in_phase         0  (        0 /        0 )  0.00
       merge_bit         0  (        0 /        0 )  0.00
     merge_idrvr         0  (        0 /        0 )  0.00
     merge_iload         0  (        0 /        0 )  0.00
    merge_idload         0  (        0 /        0 )  0.00
      merge_drvr         0  (        0 /        0 )  0.00
      merge_load         0  (        0 /        0 )  0.00
          decomp         0  (        0 /        0 )  0.00
        p_decomp         0  (        0 /        0 )  0.00
        levelize         0  (        0 /        0 )  0.00
        mb_split         0  (        0 /        0 )  0.00
             dup         0  (        0 /        0 )  0.00
      mux_retime         0  (        0 /        0 )  0.00
         buf2inv         0  (        0 /        0 )  0.00
             exp         0  (        0 /        0 )  0.00
       gate_deco         0  (        0 /        0 )  0.00
       gcomp_tim         0  (        0 /        0 )  0.00
  inv_pair_2_buf         0  (        0 /        0 )  0.00

 init_drc                  13689        0         0         0        0

           Trick     Calls     Accepts   Attempts    Time(secs) 
-----------------------------------------------------------
          plc_st         0  (        0 /        0 )  0.00
        plc_star         0  (        0 /        0 )  0.00
        drc_bufs         0  (        0 /        0 )  0.00
        drc_fopt         0  (        0 /        0 )  0.00
        drc_bufb         0  (        0 /        0 )  0.00
      simple_buf         0  (        0 /        0 )  0.00
             dup         0  (        0 /        0 )  0.00
       crit_dnsz         0  (        0 /        0 )  0.00
       crit_upsz         0  (        0 /        0 )  0.00
       crit_slew         0  (        0 /        0 )  0.00


           Trick     Calls     Accepts   Attempts    Time(secs) 
-----------------------------------------------------------
          plc_st         0  (        0 /        0 )  0.00
        plc_star         0  (        0 /        0 )  0.00
        drc_bufs         0  (        0 /        0 )  0.00
        drc_fopt         0  (        0 /        0 )  0.00
        drc_bufb         0  (        0 /        0 )  0.00
      simple_buf         0  (        0 /        0 )  0.00
             dup         0  (        0 /        0 )  0.00
       crit_dnsz         0  (        0 /        0 )  0.00
       crit_upsz         0  (        0 /        0 )  0.00


           Trick     Calls     Accepts   Attempts    Time(secs) 
-----------------------------------------------------------
          plc_st         0  (        0 /        0 )  0.00
        plc_star         0  (        0 /        0 )  0.00
        drc_bufs         0  (        0 /        0 )  0.00
        drc_fopt         0  (        0 /        0 )  0.00
        drc_bufb         0  (        0 /        0 )  0.00
             dup         0  (        0 /        0 )  0.00
       crit_dnsz         0  (        0 /        0 )  0.00
       crit_upsz         0  (        0 /        0 )  0.00

==================================
Stage : incr_opt 
==================================
  =================
   Message Summary
  =================
--------------------------------------------------------------------------------
|   Id    |  Sev   |Count |                   Message Text                     |
--------------------------------------------------------------------------------
| CFM-1   |Info    |    1 |Wrote dofile.                                       |
| CFM-5   |Info    |    1 |Wrote formal verification information.              |
| CFM-205 |Warning |    1 |The parameter naming style is not LEC-friendly.     |
|         |        |      |To correctly translate the parameter naming style,  |
|         |        |      | value of the hdl_parameter_naming_style attr must  |
|         |        |      | end with '%d'.  There should not be anything after |
|         |        |      | the '%d' descriptor.  Should there be black boxes  |
|         |        |      | in the design, the incorrect translation may       |
|         |        |      | induce false negative in LEC comparison.           |
| CPI-506 |Warning |    1 |Command 'commit_power_intent' cannot proceed as     |
|         |        |      | there is no power intent loaded.                   |
| LBR-155 |Info    |   54 |Mismatch in unateness between 'timing_sense'        |
|         |        |      | attribute and the function.                        |
|         |        |      |The 'timing_sense' attribute will be respected.     |
| PA-7    |Info    |    4 |Resetting power analysis results.                   |
|         |        |      |All computed switching activities are removed.      |
| POPT-56 |Info    |    2 |Clock-gating instances are decloned.                |
|         |        |      |See the Genus Low Power manual for more information |
|         |        |      | on Clock-gating decloning.                         |
| POPT-96 |Info    |    3 |One or more cost groups were automatically created  |
|         |        |      | for clock gate enable paths.                       |
|         |        |      |This feature can be disabled by setting the         |
|         |        |      | attribute lp_clock_gating_auto_cost_grouping       |
|         |        |      | false.                                             |
| ST-112  |Info    |   27 |A super-threading server has been shut down         |
|         |        |      | normally.                                          |
|         |        |      |A super-threaded optimization is complete and a CPU |
|         |        |      | server was successfully shut down.                 |
| SYNTH-5 |Info    |    1 |Done mapping.                                       |
| SYNTH-7 |Info    |    1 |Incrementally optimizing.                           |
--------------------------------------------------------------------------------
Info    : Done incrementally optimizing. [SYNTH-8]
        : Done incrementally optimizing 'Conv'.
      flow.cputime  flow.realtime  timing.setup.tns  timing.setup.wns  snapshot
UM:*                                                                   syn_opt
@file(logical_synthesis_body.tcl) 59: puts "++++++++++++++++++++++++++++++++++++++++++++++++++++++++++++++++++++++++"
++++++++++++++++++++++++++++++++++++++++++++++++++++++++++++++++++++++++
@file(logical_synthesis_body.tcl) 60: puts "Write Reports"
Write Reports
@file(logical_synthesis_body.tcl) 61: puts "++++++++++++++++++++++++++++++++++++++++++++++++++++++++++++++++++++++++"
++++++++++++++++++++++++++++++++++++++++++++++++++++++++++++++++++++++++
@file(logical_synthesis_body.tcl) 62: file mkdir [file join $OUT_FILES reports]
@file(logical_synthesis_body.tcl) 63: file mkdir [file join $OUT_FILES gate_level]
@file(logical_synthesis_body.tcl) 64: file mkdir [file join $OUT_FILES physical_synthesis work]
@file(logical_synthesis_body.tcl) 66: report_clock_gating > [file join $OUT_FILES reports ${TOP_MODULE}_clock_gating.rpt]
Info   : ACTP-0001 [ACTPInfo] Activity propagation started for stim#0 netlist
       : Conv
Info   : ACTP-0009 [ACTPInfo] Activity Propagation Progress Report :   0%   1%   2%   3%   4%   5%   6%   7%   8%   9%  10%  11%  12%  13%  14%  15%  16%  17%  18%  19%  20%  21%  22%  23%  24%  25%  26%  27%  28%  29%  30%  31%  32%  33%  34%  35%  36%  37%  38%  39%  40%  41%  42%  43%  44%  45%  46%  47%  48%  49%  50%  51%  52%  53%  54%  55%  56%  57%  58%  59%  60%  61%  62%  63%  64%  65%  66%  67%  68%  69%  70%  71%  72%  73%  74%  75%  76%  77%  78%  79%  80%  81%  82%  83%  84%  85%  86%  87%  88%  89%  90%  91%  92%  93%  94%  95%  96%  97%  98%  99% 100%
Info   : ACTP-0001 Activity propagation ended for stim#0


@file(logical_synthesis_body.tcl) 67: report_ple > [file join $OUT_FILES reports ${TOP_MODULE}_ple.rpt]
@file(logical_synthesis_body.tcl) 68: report_gates > [file join $OUT_FILES reports ${TOP_MODULE}_gates.rpt]
@file(logical_synthesis_body.tcl) 69: report_area > [file join $OUT_FILES reports ${TOP_MODULE}_area.rpt]
@file(logical_synthesis_body.tcl) 71: set CURRENT_VIEW analysis_view_0p81v_125c_capwst_slowest
@file(logical_synthesis_body.tcl) 72: set_analysis_view -setup ${CURRENT_VIEW} -hold ${CURRENT_VIEW}
@file(logical_synthesis_body.tcl) 73: report_timing > [file join $OUT_FILES reports ${TOP_MODULE}_timing_setup_${CURRENT_VIEW}.rpt]
@file(logical_synthesis_body.tcl) 74: report_power -unit mW > [file join $OUT_FILES reports ${TOP_MODULE}_power_${CURRENT_VIEW}.rpt]
Info    : Joules engine is used. [RPT-16]
        : Joules engine is being used for the command report_power.
Info   : ACTP-0001 Activity propagation started for stim#0 netlist Conv
Info   : ACTP-0009 [ACTPInfo] Activity Propagation Progress Report :   0%   1%   2%   3%   4%   5%   6%   7%   8%   9%  10%  11%  12%  13%  14%  15%  16%  17%  18%  19%  20%  21%  22%  23%  24%  25%  26%  27%  28%  29%  30%  31%  32%  33%  34%  35%  36%  37%  38%  39%  40%  41%  42%  43%  44%  45%  46%  47%  48%  49%  50%  51%  52%  53%  54%  55%  56%  57%  58%  59%  60%  61%  62%  63%  64%  65%  66%  67%  68%  69%  70%  71%  72%  73%  74%  75%  76%  77%  78%  79%  80%  81%  82%  83%  84%  85%  86%  87%  88%  89%  90%  91%  92%  93%  94%  95%  96%  97%  98%  99% 100%
Info   : ACTP-0001 Activity propagation ended for stim#0
Info   : PWRA-0001 [PwrInfo] compute_power effective options 
       : -mode : vectorless
       : -skip_propagation : 1
       : -frequency_scaling_factor : 1.0
       : -use_clock_freq : stim
       : -stim :/stim#0
       : -fromGenus : 1
Info   : ACTP-0001 Timing initialization started
Info   : ACTP-0001 Timing initialization ended
Info   : PWRA-0002 [PwrInfo] Skipping activity propagation due to -skip_ap
       : option....
Warning: PWRA-0302 [PwrWarn] Frequency scaling is not applicable for vectorless
       : flow. Ignoring frequency scaling.
Warning: PWRA-0304 [PwrWarn] -stim option is not applicable with vectorless mode
       : of power analysis, ignored this option.
Info   : PWRA-0002 Started 'vectorless' power computation.
Info   : PWRA-0009 [PwrInfo] Power Computation Progress Report :  12%  25%  49%  62%  74%  87% 100%
Info   : PWRA-0002 Finished power computation.
Info   : PWRA-0007 [PwrInfo] Completed successfully.
       : Info=6, Warn=2, Error=0, Fatal=0
Output file: /sim/tarsio/FastConv_SystemVerilog/rtl/conv2x2/synthesis/conv-i16-h13-t08-o4-m04-stream12-rowconst4/logical/results/reports/Conv_power_analysis_view_0p81v_125c_capwst_slowest.rpt
@file(logical_synthesis_body.tcl) 76: set CURRENT_VIEW analysis_view_0p90v_25c_captyp_nominal
@file(logical_synthesis_body.tcl) 77: set_analysis_view -setup ${CURRENT_VIEW} -hold ${CURRENT_VIEW}

Threads Configured:3

  Message Summary for Library tcbn28hpcplusbwp30p140tt0p9v25c.lib:
  ****************************************************************
  Missing a function attribute in the output pin definition. [LBR-518]: 1
  An unsupported construct was detected in this library. [LBR-40]: 1
  ****************************************************************
 
Info    : Created nominal operating condition. [LBR-412]
        : Operating condition '_nominal_' was created for the PVT values (1.000000, 0.900000, 25.000000) in library 'tcbn28hpcplusbwp30p140tt0p9v25c.lib'.
Warning : Library cell has no output pins defined. [LBR-9]
        : Library cell 'ANTENNABWP30P140' must have an output pin.
Warning : Library cell has no output pins defined. [LBR-9]
        : Library cell 'ANTENNABWP30P140' must have an output pin.
Warning : Library cell has no output pins defined. [LBR-9]
        : Library cell 'BOUNDARY_LEFTBWP30P140' must have an output pin.
Warning : Library cell has no output pins defined. [LBR-9]
        : Library cell 'BOUNDARY_LEFTBWP30P140' must have an output pin.
Warning : Library cell has no output pins defined. [LBR-9]
        : Library cell 'BOUNDARY_RIGHTBWP30P140' must have an output pin.
Warning : Library cell has no output pins defined. [LBR-9]
        : Library cell 'BOUNDARY_RIGHTBWP30P140' must have an output pin.
Warning : Unusable clock gating integrated cell found at the time of loading libraries. This warning happens because a particular library cell is defined as 'clock_gating_integrated_cell', but 'dont_use' attribute is defined as true in the liberty library. To make Genus use this cell for clock gating insertion, 'dont_use' attribute should be set to false. [LBR-101]
        : Clock gating integrated cell name: 'CKLHQD20BWP30P140'
Warning : Unusable clock gating integrated cell found at the time of loading libraries. This warning happens because a particular library cell is defined as 'clock_gating_integrated_cell', but 'dont_use' attribute is defined as true in the liberty library. To make Genus use this cell for clock gating insertion, 'dont_use' attribute should be set to false. [LBR-101]
        : Clock gating integrated cell name: 'CKLHQD24BWP30P140'
Warning : Unusable clock gating integrated cell found at the time of loading libraries. This warning happens because a particular library cell is defined as 'clock_gating_integrated_cell', but 'dont_use' attribute is defined as true in the liberty library. To make Genus use this cell for clock gating insertion, 'dont_use' attribute should be set to false. [LBR-101]
        : Clock gating integrated cell name: 'CKLNQD20BWP30P140'
Warning : Unusable clock gating integrated cell found at the time of loading libraries. This warning happens because a particular library cell is defined as 'clock_gating_integrated_cell', but 'dont_use' attribute is defined as true in the liberty library. To make Genus use this cell for clock gating insertion, 'dont_use' attribute should be set to false. [LBR-101]
        : Clock gating integrated cell name: 'CKLNQD24BWP30P140'
Warning : Library cell has no output pins defined. [LBR-9]
        : Library cell 'DCAP16BWP30P140' must have an output pin.
Warning : Library cell has no output pins defined. [LBR-9]
        : Library cell 'DCAP16BWP30P140' must have an output pin.
Warning : Library cell has no output pins defined. [LBR-9]
        : Library cell 'DCAP32BWP30P140' must have an output pin.
Warning : Library cell has no output pins defined. [LBR-9]
        : Library cell 'DCAP32BWP30P140' must have an output pin.
Warning : Library cell has no output pins defined. [LBR-9]
        : Library cell 'DCAP4BWP30P140' must have an output pin.
Warning : Library cell has no output pins defined. [LBR-9]
        : Library cell 'DCAP4BWP30P140' must have an output pin.
Warning : Library cell has no output pins defined. [LBR-9]
        : Library cell 'DCAP64BWP30P140' must have an output pin.
Warning : Library cell has no output pins defined. [LBR-9]
        : Library cell 'DCAP64BWP30P140' must have an output pin.
Warning : Library cell has no output pins defined. [LBR-9]
        : Library cell 'DCAP8BWP30P140' must have an output pin.
Warning : Library cell has no output pins defined. [LBR-9]
        : Library cell 'DCAP8BWP30P140' must have an output pin.
Warning : Library cell has no output pins defined. [LBR-9]
        : Library cell 'FILL16BWP30P140' must have an output pin.
Warning : Library cell has no output pins defined. [LBR-9]
        : Library cell 'FILL16BWP30P140' must have an output pin.
Warning : Library cell has no output pins defined. [LBR-9]
        : Library cell 'FILL2BWP30P140' must have an output pin.
Warning : Library cell has no output pins defined. [LBR-9]
        : Library cell 'FILL2BWP30P140' must have an output pin.
  Library has 530 usable logic and 349 usable sequential lib-cells.
Warning : Physical cell not defined in library. [PHYS-279]
        : The physical (LEF) cell ISOHID1BWP30P140 cannot be found in library.
Warning : Physical cell not defined in library. [PHYS-279]
        : The physical (LEF) cell ISOHID2BWP30P140 cannot be found in library.
Warning : Physical cell not defined in library. [PHYS-279]
        : The physical (LEF) cell ISOHID4BWP30P140 cannot be found in library.
Warning : Physical cell not defined in library. [PHYS-279]
        : The physical (LEF) cell ISOHID8BWP30P140 cannot be found in library.
Warning : Physical cell not defined in library. [PHYS-279]
        : The physical (LEF) cell ISOLOD1BWP30P140 cannot be found in library.
Warning : Physical cell not defined in library. [PHYS-279]
        : The physical (LEF) cell ISOLOD2BWP30P140 cannot be found in library.
Warning : Physical cell not defined in library. [PHYS-279]
        : The physical (LEF) cell ISOLOD4BWP30P140 cannot be found in library.
Warning : Physical cell not defined in library. [PHYS-279]
        : The physical (LEF) cell ISOLOD8BWP30P140 cannot be found in library.
Warning : Physical cell not defined in library. [PHYS-279]
        : The physical (LEF) cell ISOSRHID2BWP30P140 cannot be found in library.
Warning : Physical cell not defined in library. [PHYS-279]
        : The physical (LEF) cell ISOSRHID4BWP30P140 cannot be found in library.
Warning : Physical cell not defined in library. [PHYS-279]
        : The physical (LEF) cell ISOSRHID8BWP30P140 cannot be found in library.
Warning : Physical cell not defined in library. [PHYS-279]
        : The physical (LEF) cell ISOSRLOD2BWP30P140 cannot be found in library.
Warning : Physical cell not defined in library. [PHYS-279]
        : The physical (LEF) cell ISOSRLOD4BWP30P140 cannot be found in library.
Warning : Physical cell not defined in library. [PHYS-279]
        : The physical (LEF) cell ISOSRLOD8BWP30P140 cannot be found in library.
Warning : Physical cell not defined in library. [PHYS-279]
        : The physical (LEF) cell LVLHLCD1BWP30P140 cannot be found in library.
Warning : Physical cell not defined in library. [PHYS-279]
        : The physical (LEF) cell LVLHLCD2BWP30P140 cannot be found in library.
Warning : Physical cell not defined in library. [PHYS-279]
        : The physical (LEF) cell LVLHLCD4BWP30P140 cannot be found in library.
Warning : Physical cell not defined in library. [PHYS-279]
        : The physical (LEF) cell LVLHLCD8BWP30P140 cannot be found in library.
Warning : Physical cell not defined in library. [PHYS-279]
        : The physical (LEF) cell LVLHLCLOD1BWP30P140 cannot be found in library.
Warning : Physical cell not defined in library. [PHYS-279]
        : The physical (LEF) cell LVLHLCLOD2BWP30P140 cannot be found in library.
Warning : Inconsistency detected among the units specified in the timing libraries being used. [LBR-714]
        : Libraries with inconsistent time/capacitance units were loaded.
        : Default system time/capacitance unit will be used.
#
# Start activating view: analysis_view:Conv/analysis_view_0p90v_25c_captyp_nominal
#
#
# Done activating view: analysis_view:Conv/analysis_view_0p90v_25c_captyp_nominal
#
@file(logical_synthesis_body.tcl) 78: report_timing > [file join $OUT_FILES reports ${TOP_MODULE}_timing_setup_${CURRENT_VIEW}.rpt]
@file(logical_synthesis_body.tcl) 79: report_power -unit mW > [file join $OUT_FILES reports ${TOP_MODULE}_power_${CURRENT_VIEW}.rpt]
Info    : Joules engine is used. [RPT-16]
        : Joules engine is being used for the command report_power.
Info   : ACTP-0001 Activity propagation started for stim#0 netlist Conv
Info   : ACTP-0009 [ACTPInfo] Activity Propagation Progress Report :   0%   1%   2%   3%   4%   5%   6%   7%   8%   9%  10%  11%  12%  13%  14%  15%  16%  17%  18%  19%  20%  21%  22%  23%  24%  25%  26%  27%  28%  29%  30%  31%  32%  33%  34%  35%  36%  37%  38%  39%  40%  41%  42%  43%  44%  45%  46%  47%  48%  49%  50%  51%  52%  53%  54%  55%  56%  57%  58%  59%  60%  61%  62%  63%  64%  65%  66%  67%  68%  69%  70%  71%  72%  73%  74%  75%  76%  77%  78%  79%  80%  81%  82%  83%  84%  85%  86%  87%  88%  89%  90%  91%  92%  93%  94%  95%  96%  97%  98%  99% 100%
Info   : ACTP-0001 Activity propagation ended for stim#0
Info   : PWRA-0001 compute_power effective options 
       : -mode : vectorless
       : -skip_propagation : 1
       : -frequency_scaling_factor : 1.0
       : -use_clock_freq : stim
       : -stim :/stim#0
       : -fromGenus : 1
Info   : ACTP-0001 Timing initialization started
Info   : ACTP-0001 Timing initialization ended
Info   : PWRA-0002 Skipping activity propagation due to -skip_ap option....
Warning: PWRA-0302 Frequency scaling is not applicable for vectorless flow.
       : Ignoring frequency scaling.
Warning: PWRA-0304 -stim option is not applicable with vectorless mode of power
       : analysis, ignored this option.
Info   : PWRA-0002 Started 'vectorless' power computation.
Info   : PWRA-0009 [PwrInfo] Power Computation Progress Report :  12%  25%  49%  62%  74%  87% 100%
Info   : PWRA-0002 Finished power computation.
Info   : PWRA-0007 Completed successfully.
       : Info=6, Warn=2, Error=0, Fatal=0
Output file: /sim/tarsio/FastConv_SystemVerilog/rtl/conv2x2/synthesis/conv-i16-h13-t08-o4-m04-stream12-rowconst4/logical/results/reports/Conv_power_analysis_view_0p90v_25c_captyp_nominal.rpt
@file(logical_synthesis_body.tcl) 81: set CURRENT_VIEW analysis_view_0p99v_m40c_capbst_fastest
@file(logical_synthesis_body.tcl) 82: set_analysis_view -setup ${CURRENT_VIEW} -hold ${CURRENT_VIEW}

Threads Configured:3

  Message Summary for Library tcbn28hpcplusbwp30p140ffg0p99vm40c.lib:
  *******************************************************************
  Missing a function attribute in the output pin definition. [LBR-518]: 1
  An unsupported construct was detected in this library. [LBR-40]: 1
  *******************************************************************
 
Info    : Created nominal operating condition. [LBR-412]
        : Operating condition '_nominal_' was created for the PVT values (1.000000, 0.990000, -40.000000) in library 'tcbn28hpcplusbwp30p140ffg0p99vm40c.lib'.
Warning : Unusable clock gating integrated cell found at the time of loading libraries. This warning happens because a particular library cell is defined as 'clock_gating_integrated_cell', but 'dont_use' attribute is defined as true in the liberty library. To make Genus use this cell for clock gating insertion, 'dont_use' attribute should be set to false. [LBR-101]
        : Clock gating integrated cell name: 'CKLHQD20BWP30P140'
Warning : Unusable clock gating integrated cell found at the time of loading libraries. This warning happens because a particular library cell is defined as 'clock_gating_integrated_cell', but 'dont_use' attribute is defined as true in the liberty library. To make Genus use this cell for clock gating insertion, 'dont_use' attribute should be set to false. [LBR-101]
        : Clock gating integrated cell name: 'CKLHQD24BWP30P140'
Warning : Unusable clock gating integrated cell found at the time of loading libraries. This warning happens because a particular library cell is defined as 'clock_gating_integrated_cell', but 'dont_use' attribute is defined as true in the liberty library. To make Genus use this cell for clock gating insertion, 'dont_use' attribute should be set to false. [LBR-101]
        : Clock gating integrated cell name: 'CKLNQD20BWP30P140'
Warning : Unusable clock gating integrated cell found at the time of loading libraries. This warning happens because a particular library cell is defined as 'clock_gating_integrated_cell', but 'dont_use' attribute is defined as true in the liberty library. To make Genus use this cell for clock gating insertion, 'dont_use' attribute should be set to false. [LBR-101]
        : Clock gating integrated cell name: 'CKLNQD24BWP30P140'
  Library has 530 usable logic and 349 usable sequential lib-cells.
Warning : Inconsistency detected among the units specified in the timing libraries being used. [LBR-714]
        : Libraries with inconsistent time/capacitance units were loaded.
#
# Start activating view: analysis_view:Conv/analysis_view_0p99v_m40c_capbst_fastest
#
#
# Done activating view: analysis_view:Conv/analysis_view_0p99v_m40c_capbst_fastest
#
@file(logical_synthesis_body.tcl) 83: report_timing > [file join $OUT_FILES reports ${TOP_MODULE}_timing_setup_${CURRENT_VIEW}.rpt]
@file(logical_synthesis_body.tcl) 84: report_power -unit mW > [file join $OUT_FILES reports ${TOP_MODULE}_power_${CURRENT_VIEW}.rpt]
Info    : Joules engine is used. [RPT-16]
        : Joules engine is being used for the command report_power.
Info   : ACTP-0001 Activity propagation started for stim#0 netlist Conv
Info   : ACTP-0009 [ACTPInfo] Activity Propagation Progress Report :   0%   1%   2%   3%   4%   5%   6%   7%   8%   9%  10%  11%  12%  13%  14%  15%  16%  17%  18%  19%  20%  21%  22%  23%  24%  25%  26%  27%  28%  29%  30%  31%  32%  33%  34%  35%  36%  37%  38%  39%  40%  41%  42%  43%  44%  45%  46%  47%  48%  49%  50%  51%  52%  53%  54%  55%  56%  57%  58%  59%  60%  61%  62%  63%  64%  65%  66%  67%  68%  69%  70%  71%  72%  73%  74%  75%  76%  77%  78%  79%  80%  81%  82%  83%  84%  85%  86%  87%  88%  89%  90%  91%  92%  93%  94%  95%  96%  97%  98%  99% 100%
Info   : ACTP-0001 Activity propagation ended for stim#0
Info   : PWRA-0001 compute_power effective options 
       : -mode : vectorless
       : -skip_propagation : 1
       : -frequency_scaling_factor : 1.0
       : -use_clock_freq : stim
       : -stim :/stim#0
       : -fromGenus : 1
Info   : ACTP-0001 Timing initialization started
Info   : ACTP-0001 Timing initialization ended
Info   : PWRA-0002 Skipping activity propagation due to -skip_ap option....
Warning: PWRA-0302 Frequency scaling is not applicable for vectorless flow.
       : Ignoring frequency scaling.
Warning: PWRA-0304 -stim option is not applicable with vectorless mode of power
       : analysis, ignored this option.
Info   : PWRA-0002 Started 'vectorless' power computation.
Info   : PWRA-0009 [PwrInfo] Power Computation Progress Report :  12%  25%  37%  62%  74%  87% 100%
Info   : PWRA-0002 Finished power computation.
Info   : PWRA-0007 Completed successfully.
       : Info=6, Warn=2, Error=0, Fatal=0
Output file: /sim/tarsio/FastConv_SystemVerilog/rtl/conv2x2/synthesis/conv-i16-h13-t08-o4-m04-stream12-rowconst4/logical/results/reports/Conv_power_analysis_view_0p99v_m40c_capbst_fastest.rpt
@file(logical_synthesis_body.tcl) 85: report_timing -lint -verbose > [file join $OUT_FILES reports ${TOP_MODULE}_timing_setup_${CURRENT_VIEW}_verbose.rpt]
Info    : Timing analysis will be done for this view. [TUI-744]
        : View is 'analysis_view:Conv/analysis_view_0p99v_m40c_capbst_fastest'.
        : Worst paths will be shown in this view.
@file(logical_synthesis_body.tcl) 86: report_timing -unconstrained > [file join $OUT_FILES reports ${TOP_MODULE}_timing_setup_${CURRENT_VIEW}_verbose_unconstrained.rpt]
@file(logical_synthesis_body.tcl) 88: puts "++++++++++++++++++++++++++++++++++++++++++++++++++++++++++++++++++++++++"
++++++++++++++++++++++++++++++++++++++++++++++++++++++++++++++++++++++++
@file(logical_synthesis_body.tcl) 89: puts "Write netlist"
Write netlist
@file(logical_synthesis_body.tcl) 90: puts "++++++++++++++++++++++++++++++++++++++++++++++++++++++++++++++++++++++++"
++++++++++++++++++++++++++++++++++++++++++++++++++++++++++++++++++++++++
@file(logical_synthesis_body.tcl) 91: write_hdl > [file join $OUT_FILES gate_level ${TOP_MODULE}_logic_mapped.v]
@file(logical_synthesis_body.tcl) 93: set CURRENT_VIEW analysis_view_0p81v_125c_capwst_slowest
@file(logical_synthesis_body.tcl) 94: set_analysis_view -setup ${CURRENT_VIEW} -hold ${CURRENT_VIEW}
#
# Start activating view: analysis_view:Conv/analysis_view_0p81v_125c_capwst_slowest
#
#
# Done activating view: analysis_view:Conv/analysis_view_0p81v_125c_capwst_slowest
#
@file(logical_synthesis_body.tcl) 95: write_sdf > [file join $OUT_FILES gate_level ${TOP_MODULE}_${CURRENT_VIEW}.sdf]
Warning : Default value for an option has changed in this release. [WSDF-104]
        : Default value for -setuphold has changed from split to merge_always. Specify '-setuphold split' to preserve the behavior of the previous release.
        : Specify the option explicitly.
Warning : Default value for an option has changed in this release. [WSDF-104]
        : Default value for -recrem has changed from split to merge_always. Specify '-recrem split' to preserve the behavior of the previous release.
@file(logical_synthesis_body.tcl) 97: set CURRENT_VIEW analysis_view_0p90v_25c_captyp_nominal
@file(logical_synthesis_body.tcl) 98: set_analysis_view -setup ${CURRENT_VIEW} -hold ${CURRENT_VIEW}
#
# Start activating view: analysis_view:Conv/analysis_view_0p90v_25c_captyp_nominal
#
#
# Done activating view: analysis_view:Conv/analysis_view_0p90v_25c_captyp_nominal
#
@file(logical_synthesis_body.tcl) 99: write_sdf > [file join $OUT_FILES gate_level ${TOP_MODULE}_${CURRENT_VIEW}.sdf]
Warning : Default value for an option has changed in this release. [WSDF-104]
        : Default value for -setuphold has changed from split to merge_always. Specify '-setuphold split' to preserve the behavior of the previous release.
Warning : Default value for an option has changed in this release. [WSDF-104]
        : Default value for -recrem has changed from split to merge_always. Specify '-recrem split' to preserve the behavior of the previous release.
@file(logical_synthesis_body.tcl) 101: set CURRENT_VIEW analysis_view_0p99v_m40c_capbst_fastest
@file(logical_synthesis_body.tcl) 102: set_analysis_view -setup ${CURRENT_VIEW} -hold ${CURRENT_VIEW}
#
# Start activating view: analysis_view:Conv/analysis_view_0p99v_m40c_capbst_fastest
#
#
# Done activating view: analysis_view:Conv/analysis_view_0p99v_m40c_capbst_fastest
#
@file(logical_synthesis_body.tcl) 103: write_sdf > [file join $OUT_FILES gate_level ${TOP_MODULE}_${CURRENT_VIEW}.sdf]
Warning : Default value for an option has changed in this release. [WSDF-104]
        : Default value for -setuphold has changed from split to merge_always. Specify '-setuphold split' to preserve the behavior of the previous release.
Warning : Default value for an option has changed in this release. [WSDF-104]
        : Default value for -recrem has changed from split to merge_always. Specify '-recrem split' to preserve the behavior of the previous release.
@file(logical_synthesis_body.tcl) 105: set_analysis_view -setup analysis_view_0p81v_125c_capwst_slowest \
                  -hold analysis_view_0p99v_m40c_capbst_fastest
#
# Start activating view: analysis_view:Conv/analysis_view_0p81v_125c_capwst_slowest
#
#
# Done activating view: analysis_view:Conv/analysis_view_0p81v_125c_capwst_slowest
#
@file(logical_synthesis_body.tcl) 107: write_design -innovus -base_name [file join $OUT_FILES physical_synthesis work data]
Warning : This command will be obsolete in a next major release. [TUI-37]
        : Option '-innovus' is being obsoleted. Use 'write_db -common' for saving design databases to operate with other Cadence tools. Use 'write_design' in future releases for saving files for operations with non-Cadence tools.

(write_design): Writing Innovus content. Constraint interface is: 'mmmc2'
(write_design): Writing Genus content. Constraint interface is 'mmmc2'
Warning : Attribute design_process_node is not set for this design. [PHYS-1011]
        : Missing data.
        : When attribute design_process_node is not set to an appropriate integer value >=5 and <=250, then Innovus will assume its own default value for the design process node. See the Innovus setDesignMode -process <> command for more information about what this setting does.
Exporting design data for 'Conv' to /sim/tarsio/FastConv_SystemVerilog/rtl/conv2x2/synthesis/conv-i16-h13-t08-o4-m04-stream12-rowconst4/logical/results/physical_synthesis/work/data...
%# Begin write_design (09/02 13:31:03, mem=2440.16M)
      flow.cputime  flow.realtime  timing.setup.tns  timing.setup.wns  snapshot
UM:*                                                                   write_design
No loop breaker instances found (cdn_loop_breaker).
File /sim/tarsio/FastConv_SystemVerilog/rtl/conv2x2/synthesis/conv-i16-h13-t08-o4-m04-stream12-rowconst4/logical/results/physical_synthesis/work/data.mmmc.tcl has been written.
Finished SDC export (command execution time mm:ss (real) = 00:01).
Info: file /sim/tarsio/FastConv_SystemVerilog/rtl/conv2x2/synthesis/conv-i16-h13-t08-o4-m04-stream12-rowconst4/logical/results/physical_synthesis/work/data.constraints_default.sdc has been written
Info: file /sim/tarsio/FastConv_SystemVerilog/rtl/conv2x2/synthesis/conv-i16-h13-t08-o4-m04-stream12-rowconst4/logical/results/physical_synthesis/work/data.constraints_default.sdc has been written

Number of user defined NDR nets found: 0

Number of NDR nets found: 0
Number of nets with minimum layer assignments: 0

** To load the database source /sim/tarsio/FastConv_SystemVerilog/rtl/conv2x2/synthesis/conv-i16-h13-t08-o4-m04-stream12-rowconst4/logical/results/physical_synthesis/work/data.invs_setup.tcl in an Innovus session.
** To load the database source /sim/tarsio/FastConv_SystemVerilog/rtl/conv2x2/synthesis/conv-i16-h13-t08-o4-m04-stream12-rowconst4/logical/results/physical_synthesis/work/data.genus_setup.tcl in an Genus(TM) Synthesis Solution session.
Finished exporting design data for 'Conv' (command execution time mm:ss cpu = 00:01, real = 00:02).
.
%# End write_design (09/02 13:31:05, total cpu=05:00:01, real=05:00:02, peak res=6219.70M, current mem=2428.16M)
@file(logical_synthesis_body.tcl) 109: set CURRENT_VIEW analysis_view_0p90v_25c_captyp_nominal
@file(logical_synthesis_body.tcl) 110: set_analysis_view -setup ${CURRENT_VIEW} -hold ${CURRENT_VIEW}
#
# Start activating view: analysis_view:Conv/analysis_view_0p90v_25c_captyp_nominal
#
#
# Done activating view: analysis_view:Conv/analysis_view_0p90v_25c_captyp_nominal
#
@file(logical_synthesis_body.tcl) 111: write_db [file join $OUT_FILES gate_level ${TOP_MODULE}_logic_mapped.db]
Finished exporting design database to file '/sim/tarsio/FastConv_SystemVerilog/rtl/conv2x2/synthesis/conv-i16-h13-t08-o4-m04-stream12-rowconst4/logical/results/gate_level/Conv_logic_mapped.db' for 'Conv' (command execution time mm:ss cpu = 00:00, real = 00:01).
@file(logical_synthesis_body.tcl) 113: exit

Lic Summary:
[13:31:07.045723] Cdslmd servers: paxos
[13:31:07.045739] Feature usage summary:
[13:31:07.045739] Genus_Synthesis
[13:31:07.045739] Genus_CPU_Opt

Normal exit.