Cadence Genus(TM) Synthesis Solution.
Copyright 2022 Cadence Design Systems, Inc. All rights reserved worldwide.
Cadence and the Cadence logo are registered trademarks and Genus is a trademark
of Cadence Design Systems, Inc. in the United States and other countries.

[08:51:52.503721] Configured Lic search path (20.02-s004): 5280@paxos.inf.pucrs.br

Version: 21.12-s068_1, built Fri Mar 04 09:12:46 PST 2022
Options: -files logical_synthesis.tcl 
Date:    Sat Sep 12 08:51:52 2026
Host:    paxos.inf.pucrs.br (x86_64 w/Linux 4.18.0-553.155.1.el8_10.x86_64) (14cores*28cpus*1physical cpu*Intel(R) Core(TM) i9-7940X CPU @ 3.10GHz 19712KB) (131170900KB)
PID:     588683
OS:      Rocky Linux release 8.10 (Green Obsidian)


[08:51:52.162114] Periodic Lic check successful
[08:51:52.162120] Feature usage summary:
[08:51:52.162120] Genus_Synthesis
Checking out license: Genus_Synthesis


***********************************************************************************************************
***********************************************************************************************************



Loading tool scripts...
Finished loading tool scripts (8 seconds elapsed).

#@ Processing -files option
@genus 1> source logical_synthesis.tcl
#@ Begin verbose source ./logical_synthesis.tcl
@file(logical_synthesis.tcl) 10: set LOGICAL_ROOT [file normalize [file dirname [info script]]]
@file(logical_synthesis.tcl) 11: set CONFIG_ROOT [file normalize [file join $LOGICAL_ROOT ..]]
@file(logical_synthesis.tcl) 12: set GIT_ROOT [exec git -C $CONFIG_ROOT rev-parse --show-toplevel]
@file(logical_synthesis.tcl) 13: set OUT_FILES [file normalize [file join $LOGICAL_ROOT results]]
@file(logical_synthesis.tcl) 17: set TOP_MODULE system
@file(logical_synthesis.tcl) 18: set top_file [file join $CONFIG_ROOT top-module.txt]
@file(logical_synthesis.tcl) 19: if {[file exists $top_file]} {
    set fp_top [open $top_file r]
    while {[gets $fp_top line] >= 0} {
        set line_trim [string trim $line]
        if {$line_trim ne "" && ![string match "#*" $line_trim]} {
            set TOP_MODULE $line_trim
            break
        }
    }
    close $fp_top
}
@file(logical_synthesis.tcl) 33: set TOP_PARAMETERS [list]
@file(logical_synthesis.tcl) 34: set parameters_file [file join $CONFIG_ROOT top-parameters.txt]
@file(logical_synthesis.tcl) 35: if {[file exists $parameters_file]} {
    set fp_parameters [open $parameters_file r]
    while {[gets $fp_parameters line] >= 0} {
        set line_trim [string trim $line]
        if {$line_trim ne "" && ![string match "#*" $line_trim]} {
            lappend TOP_PARAMETERS $line_trim
        }
    }
    close $fp_parameters
}
@file(logical_synthesis.tcl) 48: proc resolve_project_file ...
@file(logical_synthesis.tcl) 60: set file_list_path [file join $CONFIG_ROOT list-file.txt]
@file(logical_synthesis.tcl) 61: set HDL_FILES [list]
@file(logical_synthesis.tcl) 62: if {[file exists $file_list_path]} {
    set fp [open $file_list_path r]
    while {[gets $fp line] >= 0} {
        set line_trim [string trim $line]
        if {$line_trim eq "" || [string match "#*" $line_trim]} {
            continue
        }
        lappend HDL_FILES [resolve_project_file $line_trim $CONFIG_ROOT $GIT_ROOT]
    }
    close $fp
}
@file(logical_synthesis.tcl) 75: set defines_file [file join $CONFIG_ROOT list-define.txt]
@file(logical_synthesis.tcl) 76: set DEFINE_FLAGS [list]
@file(logical_synthesis.tcl) 77: if {[file exists $defines_file]} {
    set fp_def [open $defines_file r]
    while {[gets $fp_def line] >= 0} {
        set line_trim [string trim $line]
        if {$line_trim eq "" || [string match "#*" $line_trim]} {
            continue
        }
        if {[string match "-define *" $line_trim]} {
            set line_trim [string trim [string range $line_trim 8 end]]
        }
        if {$line_trim ne ""} {
            lappend DEFINE_FLAGS $line_trim
        }
    }
    close $fp_def
}
@file(logical_synthesis.tcl) 94: source [file join $CONFIG_ROOT scripts logical_synthesis_body.tcl]
Sourcing '/sim/tarsio/FastConv_power_1c0a6b3d/rtl/conv2x2/synthesis/conv-i16-h13-t08-o4-m08-stream08-rowconst4/scripts/logical_synthesis_body.tcl' (Sat Sep 12 08:52:00 -03 2026)...
#@ Begin verbose source /sim/tarsio/FastConv_power_1c0a6b3d/rtl/conv2x2/synthesis/conv-i16-h13-t08-o4-m08-stream08-rowconst4/scripts/logical_synthesis_body.tcl
@file(logical_synthesis_body.tcl) 5: puts "++++++++++++++++++++++++++++++++++++++++++++++++++++++++++++++++++++++++"
++++++++++++++++++++++++++++++++++++++++++++++++++++++++++++++++++++++++
@file(logical_synthesis_body.tcl) 6: puts "Load the pdk using MMMC"
Load the pdk using MMMC
@file(logical_synthesis_body.tcl) 7: puts "++++++++++++++++++++++++++++++++++++++++++++++++++++++++++++++++++++++++"
++++++++++++++++++++++++++++++++++++++++++++++++++++++++++++++++++++++++
@file(logical_synthesis_body.tcl) 8: read_mmmc [file join $CONFIG_ROOT scripts mmmc_tsmc_28_bv.tcl]
  Setting attribute of root '/': 'is_read_mmmc_flow' = true
Sourcing '/sim/tarsio/FastConv_power_1c0a6b3d/rtl/conv2x2/synthesis/conv-i16-h13-t08-o4-m08-stream08-rowconst4/scripts/mmmc_tsmc_28_bv.tcl' (Sat Sep 12 08:52:00 -03 2026)...
#@ Begin verbose source /sim/tarsio/FastConv_power_1c0a6b3d/rtl/conv2x2/synthesis/conv-i16-h13-t08-o4-m08-stream08-rowconst4/scripts/mmmc_tsmc_28_bv.tcl
@file(mmmc_tsmc_28_bv.tcl) 2: set CONSTRAINTS_PATH [file join $CONFIG_ROOT scripts]
@file(mmmc_tsmc_28_bv.tcl) 8: set LIB_PATH /pdk/tsmc/PDK28/PDK_TSMC28_bv/tcbn28hpcplusbwp30p140_190a/TSMCHOME/digital/Front_End
@file(mmmc_tsmc_28_bv.tcl) 9: set TECH_PATH /pdk/tsmc/PDK28/PDK_TSMC28_bv/tcbn28hpcplusbwp30p140_190a/TSMCHOME/digital/Back_End
@file(mmmc_tsmc_28_bv.tcl) 16: create_library_set -name libset_0p81v_125c \
    -timing  "${LIB_PATH}/timing_power_noise/NLDM/tcbn28hpcplusbwp30p140_180a/tcbn28hpcplusbwp30p140ssg0p81v125c.lib"
@file(mmmc_tsmc_28_bv.tcl) 20: create_library_set -name libset_0p90v_25c \
    -timing  "${LIB_PATH}/timing_power_noise/NLDM/tcbn28hpcplusbwp30p140_180a/tcbn28hpcplusbwp30p140tt0p9v25c.lib"
@file(mmmc_tsmc_28_bv.tcl) 24: create_library_set -name libset_0p99v_m40c \
    -timing  "${LIB_PATH}/timing_power_noise/NLDM/tcbn28hpcplusbwp30p140_180a/tcbn28hpcplusbwp30p140ffg0p99vm40c.lib"
@file(mmmc_tsmc_28_bv.tcl) 32: create_opcond -name opcond_0p81v_125c -voltage 0.81 -temperature 125.0
@file(mmmc_tsmc_28_bv.tcl) 33: create_opcond -name opcond_0p90v_25c  -voltage 0.90 -temperature  25.0
@file(mmmc_tsmc_28_bv.tcl) 34: create_opcond -name opcond_0p99v_m40c -voltage 0.99 -temperature -40.0
@file(mmmc_tsmc_28_bv.tcl) 41: create_timing_condition -name timing_cond_0p81v_125c \
    -opcond         opcond_0p81v_125c \
    -library_sets { libset_0p81v_125c }
@file(mmmc_tsmc_28_bv.tcl) 45: create_timing_condition -name timing_cond_0p90v_25c \
    -opcond         opcond_0p90v_25c \
    -library_sets { libset_0p90v_25c }
@file(mmmc_tsmc_28_bv.tcl) 49: create_timing_condition -name timing_cond_0p99v_m40c \
    -opcond         opcond_0p99v_m40c \
    -library_sets { libset_0p99v_m40c }
@file(mmmc_tsmc_28_bv.tcl) 58:  create_rc_corner -name rc_corner_125c_capwst \
    -temperature 125.0 \
     -qrc_tech ${TECH_PATH}/qrc/RC_QRC_crn28hpc+_1p09m+ut-alrdl_5x1y1z1u_rcworst/qrcTechFile
@file(mmmc_tsmc_28_bv.tcl) 62:  create_rc_corner -name rc_corner_25c_captyp \
     -temperature 25.0 \
    -qrc_tech ${TECH_PATH}/qrc/RC_QRC_crn28hpc+_1p09m+ut-alrdl_5x1y1z1u_typical/qrcTechFile
@file(mmmc_tsmc_28_bv.tcl) 66:  create_rc_corner -name rc_corner_m40c_capbst \
     -temperature -40.0 \
     -qrc_tech ${TECH_PATH}/qrc/RC_QRC_crn28hpc+_1p09m+ut-alrdl_5x1y1z1u_rcbest/qrcTechFile
@file(mmmc_tsmc_28_bv.tcl) 75: create_delay_corner -name delay_corner_0p81v_125c_capwst \
    -timing_condition timing_cond_0p81v_125c \
     -rc_corner rc_corner_125c_capwst
@file(mmmc_tsmc_28_bv.tcl) 79: create_delay_corner -name delay_corner_0p90v_25c_captyp \
    -timing_condition timing_cond_0p90v_25c \
     -rc_corner rc_corner_25c_captyp
@file(mmmc_tsmc_28_bv.tcl) 83: create_delay_corner -name delay_corner_0p99v_m40c_capbst \
    -timing_condition timing_cond_0p99v_m40c \
     -rc_corner rc_corner_m40c_capbst
@file(mmmc_tsmc_28_bv.tcl) 91: create_constraint_mode -name constraints_default \
    -sdc_files "${CONSTRAINTS_PATH}/constraints.sdc"
@file(mmmc_tsmc_28_bv.tcl) 99: create_analysis_view -name analysis_view_0p81v_125c_capwst_slowest \
    -constraint_mode constraints_default \
    -delay_corner delay_corner_0p81v_125c_capwst
@file(mmmc_tsmc_28_bv.tcl) 103: create_analysis_view -name analysis_view_0p90v_25c_captyp_nominal \
    -constraint_mode constraints_default \
    -delay_corner delay_corner_0p90v_25c_captyp
@file(mmmc_tsmc_28_bv.tcl) 107: create_analysis_view -name analysis_view_0p99v_m40c_capbst_fastest \
    -constraint_mode constraints_default \
    -delay_corner delay_corner_0p99v_m40c_capbst
@file(mmmc_tsmc_28_bv.tcl) 115: set_analysis_view -setup { analysis_view_0p81v_125c_capwst_slowest } \
                  -hold  { analysis_view_0p99v_m40c_capbst_fastest }

Threads Configured:3

  Message Summary for Library tcbn28hpcplusbwp30p140ssg0p81v125c.lib:
  *******************************************************************
  Missing a function attribute in the output pin definition. [LBR-518]: 1
  An unsupported construct was detected in this library. [LBR-40]: 1
  *******************************************************************
 
Info    : Created nominal operating condition. [LBR-412]
        : Operating condition '_nominal_' was created for the PVT values (1.000000, 0.810000, 125.000000) in library 'tcbn28hpcplusbwp30p140ssg0p81v125c.lib'.
        : The nominal operating condition is represented, either by the nominal PVT values specified in the library source (via nom_process,nom_voltage and nom_temperature respectively), or by the default PVT values (1.0,1.0,1.0).
Warning : Library cell has no output pins defined. [LBR-9]
        : Library cell 'ANTENNABWP30P140' must have an output pin.
        : Add the missing output pin(s), then reload the library. Else the library cell will be marked as timing model i.e. unusable. Timing_model means that the cell does not have any defined function. If there is no output pin, Genus will mark library cell as unusable i.e. the attribute 'usable' will be marked to 'false' on the libcell. Therefore, the cell is not used for mapping and it will not be picked up from the library for synthesis. If you query the attribute 'unusable_reason' on the libcell; result will be: 'Library cell has no output pins.'Note: The message LBR-9 is only for the logical pins and not for the power_ground pins. Genus will depend upon the output function defined in the pin group (output pin) of the cell, to use it for mapping. The pg_pin will not have any function defined.
Warning : Library cell has no output pins defined. [LBR-9]
        : Library cell 'ANTENNABWP30P140' must have an output pin.
Warning : Library cell has no output pins defined. [LBR-9]
        : Library cell 'BOUNDARY_LEFTBWP30P140' must have an output pin.
Warning : Library cell has no output pins defined. [LBR-9]
        : Library cell 'BOUNDARY_LEFTBWP30P140' must have an output pin.
Warning : Library cell has no output pins defined. [LBR-9]
        : Library cell 'BOUNDARY_RIGHTBWP30P140' must have an output pin.
Warning : Library cell has no output pins defined. [LBR-9]
        : Library cell 'BOUNDARY_RIGHTBWP30P140' must have an output pin.
Warning : Unusable clock gating integrated cell found at the time of loading libraries. This warning happens because a particular library cell is defined as 'clock_gating_integrated_cell', but 'dont_use' attribute is defined as true in the liberty library. To make Genus use this cell for clock gating insertion, 'dont_use' attribute should be set to false. [LBR-101]
        : Clock gating integrated cell name: 'CKLHQD20BWP30P140'
        : To make the cell usable, change the value of 'dont_use' attribute to false.
Warning : Unusable clock gating integrated cell found at the time of loading libraries. This warning happens because a particular library cell is defined as 'clock_gating_integrated_cell', but 'dont_use' attribute is defined as true in the liberty library. To make Genus use this cell for clock gating insertion, 'dont_use' attribute should be set to false. [LBR-101]
        : Clock gating integrated cell name: 'CKLHQD24BWP30P140'
Warning : Unusable clock gating integrated cell found at the time of loading libraries. This warning happens because a particular library cell is defined as 'clock_gating_integrated_cell', but 'dont_use' attribute is defined as true in the liberty library. To make Genus use this cell for clock gating insertion, 'dont_use' attribute should be set to false. [LBR-101]
        : Clock gating integrated cell name: 'CKLNQD20BWP30P140'
Warning : Unusable clock gating integrated cell found at the time of loading libraries. This warning happens because a particular library cell is defined as 'clock_gating_integrated_cell', but 'dont_use' attribute is defined as true in the liberty library. To make Genus use this cell for clock gating insertion, 'dont_use' attribute should be set to false. [LBR-101]
        : Clock gating integrated cell name: 'CKLNQD24BWP30P140'
Warning : Library cell has no output pins defined. [LBR-9]
        : Library cell 'DCAP16BWP30P140' must have an output pin.
Warning : Library cell has no output pins defined. [LBR-9]
        : Library cell 'DCAP16BWP30P140' must have an output pin.
Warning : Library cell has no output pins defined. [LBR-9]
        : Library cell 'DCAP32BWP30P140' must have an output pin.
Warning : Library cell has no output pins defined. [LBR-9]
        : Library cell 'DCAP32BWP30P140' must have an output pin.
Warning : Library cell has no output pins defined. [LBR-9]
        : Library cell 'DCAP4BWP30P140' must have an output pin.
Warning : Library cell has no output pins defined. [LBR-9]
        : Library cell 'DCAP4BWP30P140' must have an output pin.
Warning : Library cell has no output pins defined. [LBR-9]
        : Library cell 'DCAP64BWP30P140' must have an output pin.
Warning : Library cell has no output pins defined. [LBR-9]
        : Library cell 'DCAP64BWP30P140' must have an output pin.
Warning : Library cell has no output pins defined. [LBR-9]
        : Library cell 'DCAP8BWP30P140' must have an output pin.
Warning : Library cell has no output pins defined. [LBR-9]
        : Library cell 'DCAP8BWP30P140' must have an output pin.
Warning : Library cell has no output pins defined. [LBR-9]
        : Library cell 'FILL16BWP30P140' must have an output pin.
Warning : Library cell has no output pins defined. [LBR-9]
        : Library cell 'FILL16BWP30P140' must have an output pin.
Warning : Library cell has no output pins defined. [LBR-9]
        : Library cell 'FILL2BWP30P140' must have an output pin.
Warning : Library cell has no output pins defined. [LBR-9]
        : Library cell 'FILL2BWP30P140' must have an output pin.
Warning : Maximum message print count reached. [MESG-11]
        : Maximum print count of '20' reached for message 'LBR-9'.
Info    : Set default library domain. [LBR-109]
        : The default library domain is 'library_domain:timing_cond_0p81v_125c'.
  Library has 530 usable logic and 349 usable sequential lib-cells.
@file(mmmc_tsmc_28_bv.tcl) 122: read_physical -lefs "${TECH_PATH}/lef/tsmcn28_9lm5X1Y1Z1UUTRDL.tlef  ${TECH_PATH}/lef/tcbn28hpcplusbwp30p140_110a/lef/tcbn28hpcplusbwp30p140.lef"

  According to lef_library, there are total 10 routing layers [ V(5) / H(5) ]

Warning : The variant range of wire parameters is too large. An example of wire parameters are, a WIDTH for layer, PITCH for layer, MINSPACING for layers, etc. [PHYS-12]
        : The variant range (0.05, 2) of 'WIDTH' for layers 'M6' and 'AP' is too large.
        : Check the consistency of the parameters, and see if you can ignore this message or you're using different LEF file with wrong parameters.
Warning : The variant range of wire parameters is too large. An example of wire parameters are, a WIDTH for layer, PITCH for layer, MINSPACING for layers, etc. [PHYS-12]
        : The variant range (0.1, 4.5) of 'PITCH' for layers 'M4' and 'AP' is too large.
Warning : The variant range of wire parameters is too large. An example of wire parameters are, a WIDTH for layer, PITCH for layer, MINSPACING for layers, etc. [PHYS-12]
        : The variant range (0.05, 2) of 'MINSPACING' for layers 'M1' and 'AP' is too large.
Warning : Physical cell not defined in library. [PHYS-279]
        : The physical (LEF) cell ISOHID1BWP30P140 cannot be found in library.
        : Ensure that the proper library files are available and have been imported.
Warning : Physical cell not defined in library. [PHYS-279]
        : The physical (LEF) cell ISOHID2BWP30P140 cannot be found in library.
Warning : Physical cell not defined in library. [PHYS-279]
        : The physical (LEF) cell ISOHID4BWP30P140 cannot be found in library.
Warning : Physical cell not defined in library. [PHYS-279]
        : The physical (LEF) cell ISOHID8BWP30P140 cannot be found in library.
Warning : Physical cell not defined in library. [PHYS-279]
        : The physical (LEF) cell ISOLOD1BWP30P140 cannot be found in library.
Warning : Physical cell not defined in library. [PHYS-279]
        : The physical (LEF) cell ISOLOD2BWP30P140 cannot be found in library.
Warning : Physical cell not defined in library. [PHYS-279]
        : The physical (LEF) cell ISOLOD4BWP30P140 cannot be found in library.
Warning : Physical cell not defined in library. [PHYS-279]
        : The physical (LEF) cell ISOLOD8BWP30P140 cannot be found in library.
Warning : Physical cell not defined in library. [PHYS-279]
        : The physical (LEF) cell ISOSRHID2BWP30P140 cannot be found in library.
Warning : Physical cell not defined in library. [PHYS-279]
        : The physical (LEF) cell ISOSRHID4BWP30P140 cannot be found in library.
Warning : Physical cell not defined in library. [PHYS-279]
        : The physical (LEF) cell ISOSRHID8BWP30P140 cannot be found in library.
Warning : Physical cell not defined in library. [PHYS-279]
        : The physical (LEF) cell ISOSRLOD2BWP30P140 cannot be found in library.
Warning : Physical cell not defined in library. [PHYS-279]
        : The physical (LEF) cell ISOSRLOD4BWP30P140 cannot be found in library.
Warning : Physical cell not defined in library. [PHYS-279]
        : The physical (LEF) cell ISOSRLOD8BWP30P140 cannot be found in library.
Warning : Physical cell not defined in library. [PHYS-279]
        : The physical (LEF) cell LVLHLCD1BWP30P140 cannot be found in library.
Warning : Physical cell not defined in library. [PHYS-279]
        : The physical (LEF) cell LVLHLCD2BWP30P140 cannot be found in library.
Warning : Physical cell not defined in library. [PHYS-279]
        : The physical (LEF) cell LVLHLCD4BWP30P140 cannot be found in library.
Warning : Physical cell not defined in library. [PHYS-279]
        : The physical (LEF) cell LVLHLCD8BWP30P140 cannot be found in library.
Warning : Physical cell not defined in library. [PHYS-279]
        : The physical (LEF) cell LVLHLCLOD1BWP30P140 cannot be found in library.
Warning : Physical cell not defined in library. [PHYS-279]
        : The physical (LEF) cell LVLHLCLOD2BWP30P140 cannot be found in library.
Warning : Maximum message print count reached. [MESG-11]
        : Maximum print count of '20' reached for message 'PHYS-279'.
#@ End verbose source /sim/tarsio/FastConv_power_1c0a6b3d/rtl/conv2x2/synthesis/conv-i16-h13-t08-o4-m08-stream08-rowconst4/scripts/mmmc_tsmc_28_bv.tcl
@file(logical_synthesis_body.tcl) 10: puts "++++++++++++++++++++++++++++++++++++++++++++++++++++++++++++++++++++++++"
++++++++++++++++++++++++++++++++++++++++++++++++++++++++++++++++++++++++
@file(logical_synthesis_body.tcl) 11: puts "Configuration of the Genus"
Configuration of the Genus
@file(logical_synthesis_body.tcl) 12: puts "++++++++++++++++++++++++++++++++++++++++++++++++++++++++++++++++++++++++"
++++++++++++++++++++++++++++++++++++++++++++++++++++++++++++++++++++++++
@file(logical_synthesis_body.tcl) 13: set_multi_cpu_usage -local_cpu 112
Warning : Check number of local CPUs. [TUI-279]
        : Number of local CPUs specified (112) > actual number of CPUs in the host (28).
        : The lower value will be used.
@file(logical_synthesis_body.tcl) 14: set_db lp_default_probability 0.5
  Setting attribute of root '/': 'lp_default_probability' = 0.50000
@file(logical_synthesis_body.tcl) 15: set_db syn_global_effort high
  Setting attribute of root '/': 'syn_global_effort' = high
@file(logical_synthesis_body.tcl) 16: set_db auto_ungroup none
  Setting attribute of root '/': 'auto_ungroup' = none
@file(logical_synthesis_body.tcl) 17: set_db hdl_parameter_naming_style ""
  Setting attribute of root '/': 'hdl_parameter_naming_style' = 
@file(logical_synthesis_body.tcl) 18: set_db interconnect_mode ple
  Setting attribute of root '/': 'interconnect_mode' = ple
@file(logical_synthesis_body.tcl) 19: set_db hdl_error_on_latch true
  Setting attribute of root '/': 'hdl_error_on_latch' = true
@file(logical_synthesis_body.tcl) 21: puts "++++++++++++++++++++++++++++++++++++++++++++++++++++++++++++++++++++++++"
++++++++++++++++++++++++++++++++++++++++++++++++++++++++++++++++++++++++
@file(logical_synthesis_body.tcl) 22: puts "Control Clock Gating"
Control Clock Gating
@file(logical_synthesis_body.tcl) 23: puts "++++++++++++++++++++++++++++++++++++++++++++++++++++++++++++++++++++++++"
++++++++++++++++++++++++++++++++++++++++++++++++++++++++++++++++++++++++
@file(logical_synthesis_body.tcl) 24: set_db lp_insert_clock_gating true
Warning : The 'lp_insert_clock_gating' attribute should be set before elaboration. [POPT-104]
        : The design 'design:__default_mmmc_spec' is already read. The attribute will not be set.
        : Setting the 'lp_insert_clock_gating' attribute before elaboration will result in an optimal clock-gated design.
  Setting attribute of root '/': 'lp_insert_clock_gating' = true
@file(logical_synthesis_body.tcl) 26: puts "++++++++++++++++++++++++++++++++++++++++++++++++++++++++++++++++++++++++"
++++++++++++++++++++++++++++++++++++++++++++++++++++++++++++++++++++++++
@file(logical_synthesis_body.tcl) 27: puts "Load hdl files"
Load hdl files
@file(logical_synthesis_body.tcl) 28: puts "++++++++++++++++++++++++++++++++++++++++++++++++++++++++++++++++++++++++"
++++++++++++++++++++++++++++++++++++++++++++++++++++++++++++++++++++++++
@file(logical_synthesis_body.tcl) 29: if {[llength $DEFINE_FLAGS] > 0} {
    set DEFINE_STRING [join $DEFINE_FLAGS " "]
    read_hdl -define $DEFINE_STRING -sv {*}$HDL_FILES
} else {
    read_hdl -sv {*}$HDL_FILES
}
@file(logical_synthesis_body.tcl) 36: puts "++++++++++++++++++++++++++++++++++++++++++++++++++++++++++++++++++++++++"
++++++++++++++++++++++++++++++++++++++++++++++++++++++++++++++++++++++++
@file(logical_synthesis_body.tcl) 37: puts "Elaboration"
Elaboration
@file(logical_synthesis_body.tcl) 38: puts "++++++++++++++++++++++++++++++++++++++++++++++++++++++++++++++++++++++++"
++++++++++++++++++++++++++++++++++++++++++++++++++++++++++++++++++++++++
@file(logical_synthesis_body.tcl) 39: if {[llength $TOP_PARAMETERS] > 0} {
    elaborate ${TOP_MODULE} -parameters ${TOP_PARAMETERS}
} else {
    elaborate ${TOP_MODULE}
}
Info    : Elaborating Design. [ELAB-1]
        : Elaborating top-level block 'Conv' from file '/sim/tarsio/FastConv_power_1c0a6b3d/rtl/conv2x2/conv-i16-h13-t08-o4-m08-stream08-rowconst4.sv'.
Warning : Using default parameter value for module elaboration. [CDFG-818]
        : Elaborating block 'Conv' with default parameters value.
Warning : Removing unused register. [CDFG-508]
        : Removing unused latch register 'weight[8]' in module 'WeightTransformRowConst' in file '/sim/tarsio/FastConv_power_1c0a6b3d/rtl/conv2x2/conv-i16-h13-t08-o4-m08-stream08-rowconst4.sv' on line 1012.
        : Genus removes the flip-flop or latch inferred for an unused signal or variable. To preserve the flip-flop or latch, set the hdl_preserve_unused_registers attribute to true or use a pragma in the RTL.
Warning : Removing unused register. [CDFG-508]
        : Removing unused latch register 'weight[7]' in module 'WeightTransformRowConst' in file '/sim/tarsio/FastConv_power_1c0a6b3d/rtl/conv2x2/conv-i16-h13-t08-o4-m08-stream08-rowconst4.sv' on line 1012.
Warning : Removing unused register. [CDFG-508]
        : Removing unused latch register 'weight[6]' in module 'WeightTransformRowConst' in file '/sim/tarsio/FastConv_power_1c0a6b3d/rtl/conv2x2/conv-i16-h13-t08-o4-m08-stream08-rowconst4.sv' on line 1012.
Warning : Removing unused register. [CDFG-508]
        : Removing unused latch register 'weight[5]' in module 'WeightTransformRowConst' in file '/sim/tarsio/FastConv_power_1c0a6b3d/rtl/conv2x2/conv-i16-h13-t08-o4-m08-stream08-rowconst4.sv' on line 1012.
Warning : Removing unused register. [CDFG-508]
        : Removing unused latch register 'weight[4]' in module 'WeightTransformRowConst' in file '/sim/tarsio/FastConv_power_1c0a6b3d/rtl/conv2x2/conv-i16-h13-t08-o4-m08-stream08-rowconst4.sv' on line 1012.
Warning : Removing unused register. [CDFG-508]
        : Removing unused latch register 'weight[3]' in module 'WeightTransformRowConst' in file '/sim/tarsio/FastConv_power_1c0a6b3d/rtl/conv2x2/conv-i16-h13-t08-o4-m08-stream08-rowconst4.sv' on line 1012.
Warning : Removing unused register. [CDFG-508]
        : Removing unused latch register 'weight[5]' in module 'WeightTransformRowConst_2' in file '/sim/tarsio/FastConv_power_1c0a6b3d/rtl/conv2x2/conv-i16-h13-t08-o4-m08-stream08-rowconst4.sv' on line 1012.
Warning : Removing unused register. [CDFG-508]
        : Removing unused latch register 'weight[4]' in module 'WeightTransformRowConst_2' in file '/sim/tarsio/FastConv_power_1c0a6b3d/rtl/conv2x2/conv-i16-h13-t08-o4-m08-stream08-rowconst4.sv' on line 1012.
Warning : Removing unused register. [CDFG-508]
        : Removing unused latch register 'weight[3]' in module 'WeightTransformRowConst_2' in file '/sim/tarsio/FastConv_power_1c0a6b3d/rtl/conv2x2/conv-i16-h13-t08-o4-m08-stream08-rowconst4.sv' on line 1012.
Warning : Removing unused register. [CDFG-508]
        : Removing unused latch register 'weight[2]' in module 'WeightTransformRowConst_2' in file '/sim/tarsio/FastConv_power_1c0a6b3d/rtl/conv2x2/conv-i16-h13-t08-o4-m08-stream08-rowconst4.sv' on line 1012.
Warning : Removing unused register. [CDFG-508]
        : Removing unused latch register 'weight[1]' in module 'WeightTransformRowConst_2' in file '/sim/tarsio/FastConv_power_1c0a6b3d/rtl/conv2x2/conv-i16-h13-t08-o4-m08-stream08-rowconst4.sv' on line 1012.
Warning : Removing unused register. [CDFG-508]
        : Removing unused latch register 'weight[0]' in module 'WeightTransformRowConst_2' in file '/sim/tarsio/FastConv_power_1c0a6b3d/rtl/conv2x2/conv-i16-h13-t08-o4-m08-stream08-rowconst4.sv' on line 1012.
Warning : Unreachable statements for case item. [CDFG-472]
        : Case item 'default' in module 'InverseRowAccumulate' in file '/sim/tarsio/FastConv_power_1c0a6b3d/rtl/conv2x2/mult-matrices/stream/tcn4/mult_matrices.sv' on line 70.
Warning : Removing unused register. [CDFG-508]
        : Removing unused latch register 'w_weight_row_index_next' in module 'Conv' in file '/sim/tarsio/FastConv_power_1c0a6b3d/rtl/conv2x2/conv-i16-h13-t08-o4-m08-stream08-rowconst4.sv' on line 121.
Info    : Done Elaborating Design. [ELAB-3]
        : Done elaborating 'Conv'.
Checking for analog nets...
Check completed for analog nets.
Checking for source RTL...
Check completed for source RTL.
Running Unified Mux Engine Tricks...
Completed Unified Mux Engine Tricks
--------------------------------------------------------
| Trick             | Accepts | Rejects | Runtime (ms) | 
--------------------------------------------------------
| ume_constant_bmux |       0 |       0 |         0.00 | 
--------------------------------------------------------
Starting clip mux common data inputs [v1.0] (stage: post_elab, startdef: Conv, recur: true)
Completed clip mux common data inputs (accepts: 0, rejects: 0, runtime: 0.000s)
Starting clip the non-user hierarchies [v2.0] (stage: post_elab, startdef: Conv, recur: true)
Completed clip the non-user hierarchies (accepts: 0, rejects: 0, runtime: 0.000s)
UM:   flow.cputime  flow.realtime  timing.setup.tns  timing.setup.wns  snapshot
UM:*                                                                   elaborate
@file(logical_synthesis_body.tcl) 44: init_design
Started checking and loading power intent for design Conv...
============================================================
No power intent for design 'Conv'.
Completed checking and loading power intent for design Conv (runtime:0.00s memory_usage:0.00M peak_memory:0.00M).
=================================================================================================================
#
# Reading SDC /sim/tarsio/FastConv_power_1c0a6b3d/rtl/conv2x2/synthesis/conv-i16-h13-t08-o4-m08-stream08-rowconst4/scripts/constraints.sdc for view:analysis_view_0p81v_125c_capwst_slowest (constraint_mode:constraints_default)
#
Warning : Unsupported SDC command option. [SDC-201] [set_input_delay]
        : The set_input_delay command is not supported on ports which have a clock already defined 'port:Conv/clk'.
        : The current version does not support this SDC command option.  However, future versions may be enhanced to support this option.
Statistics for commands executed by read_sdc:
 "all_inputs"               - successful      2 , failed      0 (runtime  0.00)
 "all_outputs"              - successful      2 , failed      0 (runtime  0.00)
 "create_clock"             - successful      1 , failed      0 (runtime  0.00)
 "get_lib_pins"             - successful      1 , failed      0 (runtime  0.01)
 "get_ports"                - successful      2 , failed      0 (runtime  0.00)
 "load_of"                  - successful      1 , failed      0 (runtime  0.00)
 "set_driving_cell"         - successful      1 , failed      0 (runtime  0.00)
 "set_false_path"           - successful      1 , failed      0 (runtime  0.00)
 "set_input_delay"          - successful      1 , failed      0 (runtime  0.00)
 "set_load"                 - successful      1 , failed      0 (runtime  0.00)
 "set_load_unit"            - successful      1 , failed      0 (runtime  0.00)
 "set_output_delay"         - successful      1 , failed      0 (runtime  0.00)
 "set_time_unit"            - successful      1 , failed      0 (runtime  0.00)
read_sdc completed in 00:00:00 (hh:mm:ss)

  According to qrc_tech_file, there are total 10 routing layers [ V(5) / H(5) ]

Warning : The variant range of wire parameters is too large. An example of wire parameters are, a WIDTH for layer, PITCH for layer, MINSPACING for layers, etc. [PHYS-12]
        : The variant range (0.045, 1.8) of 'WIDTH' for layers 'M6' and 'AP' is too large.

  According to qrc_tech_file, there are total 10 routing layers [ V(5) / H(5) ]

Warning : The variant range of wire parameters is too large. An example of wire parameters are, a WIDTH for layer, PITCH for layer, MINSPACING for layers, etc. [PHYS-12]
        : The variant range (0.045, 1.8) of 'WIDTH' for layers 'M6' and 'AP' is too large.

  According to qrc_tech_file, there are total 10 routing layers [ V(5) / H(5) ]

Warning : The variant range of wire parameters is too large. An example of wire parameters are, a WIDTH for layer, PITCH for layer, MINSPACING for layers, etc. [PHYS-12]
        : The variant range (0.045, 1.8) of 'WIDTH' for layers 'M6' and 'AP' is too large.

  According to qrc_tech_file, there are total 10 routing layers [ V(5) / H(5) ]

Warning : The variant range of wire parameters is too large. An example of wire parameters are, a WIDTH for layer, PITCH for layer, MINSPACING for layers, etc. [PHYS-12]
        : The variant range (0.045, 1.8) of 'WIDTH' for layers 'M6' and 'AP' is too large.
  Setting attribute of root '/': 'read_qrc_tech_file_rc_corner' = true
@file(logical_synthesis_body.tcl) 46: if {[info exists DEBUG_PRESERVE_CONV_DATAPATH] && $DEBUG_PRESERVE_CONV_DATAPATH} {
    puts "Debug: preserve Conv datapath observability"
    set_db delete_unloaded_insts false
    set_db optimize_constant_0_flops false
}
@file(logical_synthesis_body.tcl) 52: puts "++++++++++++++++++++++++++++++++++++++++++++++++++++++++++++++++++++++++"
++++++++++++++++++++++++++++++++++++++++++++++++++++++++++++++++++++++++
@file(logical_synthesis_body.tcl) 53: puts "Synthesis - mapping and optimization"
Synthesis - mapping and optimization
@file(logical_synthesis_body.tcl) 54: puts "++++++++++++++++++++++++++++++++++++++++++++++++++++++++++++++++++++++++"
++++++++++++++++++++++++++++++++++++++++++++++++++++++++++++++++++++++++
@file(logical_synthesis_body.tcl) 55: syn_generic
##Generic Timing Info for library domain: timing_cond_0p81v_125c typical gate delay: 20.1 ps std_slew: 6.8 ps std_load: 1.6 fF
Starting mux data reorder optimization [v1.0] (stage: pre_to_gen_setup, startdef: Conv, recur: true)
Info    : Deleting instances not driving any primary outputs. [GLO-34]
        : Deleting 16 hierarchical instances.
        : Optimizations such as constant propagation or redundancy removal could change the connections so a hierarchical instance does not drive any primary outputs anymore. To see the list of deleted hierarchical instances, set the 'information_level' attribute to 2 or above. If the message is truncated set the message attribute 'truncate' to false to see the complete list. To prevent this optimization, set the 'delete_unloaded_insts' root/subdesign attribute to 'false' or 'preserve' instance attribute to 'true'.
Info    : Deleting instances not driving any primary outputs. [GLO-34]
        : Deleting 16 hierarchical instances.
Info    : Deleting instances not driving any primary outputs. [GLO-34]
        : Deleting 16 hierarchical instances.
Info    : Deleting instances not driving any primary outputs. [GLO-34]
        : Deleting 16 hierarchical instances.
Info    : Deleting instances not driving any primary outputs. [GLO-34]
        : Deleting 13 hierarchical instances.
Completed mux data reorder optimization (accepts: 4, rejects: 0, runtime: 0.146s)
Info    : Deleting instances not driving any primary outputs. [GLO-34]
        : Deleting 4 hierarchical instances.
Current PLE settings:

Aspect ratio        : 1.000
Shrink factor       : 0.900
Scale of res/length : 1.000
Scale of cap/length : 1.000
Net derating factor : 1.000
Thermal factor      : 1.253
Via Resistance      : 16.501 ohm (from qrc_tech_file)
Site size           : 1.040 um (from lef [tech+cell])

                                   Capacitance  
  Layer                             / Length         Data source:
Name        Direction Utilization  (pF/micron)       qrc_tech_file
------------------------------------------------
M1              V         0.00        0.000210  
M2              H         1.00        0.000184  
M3              V         1.00        0.000138  
M4              H         1.00        0.000137  
M5              V         1.00        0.000138  
M6              H         1.00        0.000133  
M7              V         1.00        0.000194  
M8              H         1.00        0.000322  
M9              V         1.00        0.000582  
AP              H         1.00        0.000334  

                                    Resistance   
  Layer                              / Length         Data source:
Name        Direction Utilization  (ohm/micron)       qrc_tech_file
-------------------------------------------------
M1              V         0.00        14.633762  
M2              H         1.00        14.861223  
M3              V         1.00        14.861223  
M4              H         1.00        14.861223  
M5              V         1.00        14.861223  
M6              H         1.00        14.861223  
M7              V         1.00         3.005090  
M8              H         1.00         0.111088  
M9              V         1.00         0.004928  
AP              H         1.00         0.009992  

                                        Area     
  Layer                               / Length        Data source:
Name        Direction Utilization     (micron)        lef_library
-------------------------------------------------
M1              V         0.00         0.050000  
M2              H         1.00         0.050000  
M3              V         1.00         0.050000  
M4              H         1.00         0.050000  
M5              V         1.00         0.050000  
M6              H         1.00         0.050000  
M7              V         1.00         0.100000  
M8              H         1.00         0.400000  
M9              V         1.00         2.000000  
AP              H         1.00         2.000000  

Info    : Synthesizing. [SYNTH-1]
        : Synthesizing 'Conv' to generic gates using 'high' effort.
PBS_Generic-Start - Elapsed_Time 0, CPU_Time 0.0
stamp 'PBS_Generic-Start' being created for table 'pbs_debug'

  Total Time (Wall) |  Stage Time (Wall)  |   % (Wall)   |    Date - Time     |  Memory   | Stage
--------------------+---------------------+--------------+--------------------+-----------+----------------------
 00:00:29(00:00:25) |  00:00:00(00:00:00) |   0.0(  0.0) |    8:52:21 (Sep12) |  686.3 MB | PBS_Generic-Start
--------------------+---------------------+--------------+--------------------+-----------+----------------------
Number of threads: 28 * 1   (id: pbs_debug, time_info v1.57)
Info: (*N*) indicates data that was populated from previously saved time_info database
Info: CPU time includes time of parent + longest thread
TNS Restructuring config: no_value at stage: generic applied.
Info    : Partition Based Synthesis execution skipped. [PHYS-752]
        : Design size is less than the partition size '100000' for distributed generic optimization to kick in.
Starting mux data reorder optimization [v1.0] (stage: pre_to_gen_setup, startdef: Conv, recur: true)
Completed mux data reorder optimization (accepts: 0, rejects: 0, runtime: 0.024s)
Info    : Deleting instances not driving any primary outputs. [GLO-34]
        : Deleting 1 hierarchical instance.
Starting mux data reorder optimization [v1.0] (stage: post_to_gen_setup, startdef: Conv, recur: true)
Completed mux data reorder optimization (accepts: 0, rejects: 0, runtime: 0.005s)
Current PLE settings:

Aspect ratio        : 1.000
Shrink factor       : 0.900
Scale of res/length : 1.000
Scale of cap/length : 1.000
Net derating factor : 1.000
Thermal factor      : 1.253
Via Resistance      : 16.501 ohm (from qrc_tech_file)
Site size           : 1.040 um (from lef [tech+cell])

                                   Capacitance  
  Layer                             / Length         Data source:
Name        Direction Utilization  (pF/micron)       qrc_tech_file
------------------------------------------------
M1              V         0.00        0.000210  
M2              H         1.00        0.000184  
M3              V         1.00        0.000138  
M4              H         1.00        0.000137  
M5              V         1.00        0.000138  
M6              H         1.00        0.000133  
M7              V         1.00        0.000194  
M8              H         1.00        0.000322  
M9              V         1.00        0.000582  
AP              H         1.00        0.000334  

                                    Resistance   
  Layer                              / Length         Data source:
Name        Direction Utilization  (ohm/micron)       qrc_tech_file
-------------------------------------------------
M1              V         0.00        14.633762  
M2              H         1.00        14.861223  
M3              V         1.00        14.861223  
M4              H         1.00        14.861223  
M5              V         1.00        14.861223  
M6              H         1.00        14.861223  
M7              V         1.00         3.005090  
M8              H         1.00         0.111088  
M9              V         1.00         0.004928  
AP              H         1.00         0.009992  

                                        Area     
  Layer                               / Length        Data source:
Name        Direction Utilization     (micron)        lef_library
-------------------------------------------------
M1              V         0.00         0.050000  
M2              H         1.00         0.050000  
M3              V         1.00         0.050000  
M4              H         1.00         0.050000  
M5              V         1.00         0.050000  
M6              H         1.00         0.050000  
M7              V         1.00         0.100000  
M8              H         1.00         0.400000  
M9              V         1.00         2.000000  
AP              H         1.00         2.000000  

Running Unified Mux Engine Tricks...
Completed Unified Mux Engine Tricks
--------------------------------------------
| Trick | Accepts | Rejects | Runtime (ms) | 
--------------------------------------------
--------------------------------------------
Starting infer macro optimization [v1.0] (stage: pre_rtlopt, startdef: Conv, recur: true)
Completed infer macro optimization (accepts: 0, rejects: 57, runtime: 0.090s)
Starting decode mux sandwich optimization [v2.0] (stage: pre_rtlopt, startdef: Conv, recur: true)
Completed decode mux sandwich optimization (accepts: 0, rejects: 0, runtime: 0.001s)
Starting decode mux optimization [v1.0] (stage: pre_rtlopt, startdef: Conv, recur: true)
Completed decode mux optimization (accepts: 0, rejects: 0, runtime: 0.000s)
Starting chop wide muxes [v1.0] (stage: pre_rtlopt, startdef: Conv, recur: true)
Completed chop wide muxes (accepts: 0, rejects: 0, runtime: 0.001s)
Starting common data mux cascade opt [v1.0] (stage: pre_rtlopt, startdef: Conv, recur: true)
Completed common data mux cascade opt (accepts: 0, rejects: 0, runtime: 0.001s)
Starting mux input consolidation [v1.0] (stage: pre_rtlopt, startdef: Conv, recur: true)
Completed mux input consolidation (accepts: 0, rejects: 0, runtime: 0.002s)
Starting priority mux optimization [v1.0] (stage: pre_rtlopt, startdef: Conv, recur: true)
Completed priority mux optimization (accepts: 0, rejects: 0, runtime: 1.894s)
Starting constant-data mux optimization [v1.0] (stage: pre_rtlopt, startdef: Conv, recur: true)
Completed constant-data mux optimization (accepts: 0, rejects: 0, runtime: 0.002s)
Starting chain-to-tree inequality transform [v2.0] (stage: pre_rtlopt, startdef: Conv, recur: true)
Completed chain-to-tree inequality transform (accepts: 0, rejects: 0, runtime: 0.104s)
Starting reconvergence optimization [v1.0] (stage: pre_rtlopt, startdef: Conv, recur: true)
Completed reconvergence optimization (accepts: 0, rejects: 0, runtime: 0.000s)
Starting logic restructure optimization [v1.0] (stage: pre_rtlopt, startdef: Conv, recur: true)
Completed logic restructure optimization (accepts: 0, rejects: 0, runtime: 0.003s)
Starting common select mux optimization [v1.0] (stage: pre_rtlopt, startdef: Conv, recur: true)
Completed common select mux optimization (accepts: 0, rejects: 1, runtime: 0.002s)
Starting identity transform [v3.0] (stage: pre_rtlopt, startdef: Conv, recur: true)
Completed identity transform (accepts: 0, rejects: 16, runtime: 0.007s)
Starting reduce operator chain [v1.0] (stage: pre_rtlopt, startdef: Conv, recur: true)
Completed reduce operator chain (accepts: 0, rejects: 0, runtime: 0.000s)
Starting common data mux cascade opt [v1.0] (stage: pre_rtlopt, startdef: Conv, recur: true)
Completed common data mux cascade opt (accepts: 0, rejects: 0, runtime: 0.001s)
Starting mux input consolidation [v1.0] (stage: pre_rtlopt, startdef: Conv, recur: true)
Completed mux input consolidation (accepts: 0, rejects: 0, runtime: 0.002s)
Starting optimize datapath elements [v1.0] (stage: pre_rtlopt, startdef: Conv, recur: true)
Completed optimize datapath elements (accepts: 0, rejects: 0, runtime: 0.001s)
Starting datapath recasting [v1.0] (stage: pre_rtlopt, startdef: Conv, recur: true)
Completed datapath recasting (accepts: 0, rejects: 0, runtime: 0.000s)
Starting clip mux common data inputs [v1.0] (stage: pre_rtlopt, startdef: Conv, recur: true)
Completed clip mux common data inputs (accepts: 0, rejects: 0, runtime: 0.000s)
Starting clip the non-user hierarchies [v2.0] (stage: pre_rtlopt, startdef: Conv, recur: true)
Completed clip the non-user hierarchies (accepts: 0, rejects: 0, runtime: 0.001s)
Running Unified Mux Engine Tricks...
Completed Unified Mux Engine Tricks
--------------------------------------------------
| Trick       | Accepts | Rejects | Runtime (ms) | 
--------------------------------------------------
| ume_runtime |       0 |       0 |         0.00 | 
--------------------------------------------------
Number of big hc bmuxes before = 0
Number of non-ctl's : 18
mux_w_input_feat_en_453_11 mux_w_input_feat_en_455_2712 mux_w_input_feat_en_455_2714 mux_w_input_feat_en_455_2716 mux_w_input_feat_en_455_2718 mux_w_input_feat_en_455_2720 mux_w_input_feat_en_455_2722 mux_w_input_feat_en_455_2724 mux_w_input_feat_en_455_2726 mux_w_input_feat_en_455_2728 mux_w_input_feat_en_455_2730 mux_w_input_feat_en_455_2732 mux_w_input_feat_en_455_2734 mux_w_input_feat_en_455_2736 mux_w_input_feat_en_455_2738 mux_w_input_feat_en_455_2740 mux_w_input_feat_en_455_2742 mux_w_input_feat_en_457_2744 
SOP DEBUG : Module= Conv, Cluster= ctl_354_48, ctl= 19, Non-ctl= 18
Selected impl_type 0 (ctl + 1-hot mux form) for sop cluster ctl_354_48.
Info    : Pre-processed datapath logic. [DPOPT-6]
        : Pre-processing optimizations applied to datapath logic in 'Conv':
          live_trim(34) sop(1) msb_trim(38) output_trim(32) 
Info    : Deleting instances not driving any primary outputs. [GLO-34]
        : Deleting 4 hierarchical instances.
Info    : Optimizing datapath logic. [DPOPT-1]
        : Optimizing datapath logic in 'Conv'.
Info    : Implementing datapath configurations. [DPOPT-3]
        : Implementing datapath configurations for 'CDN_DP_region_0_2'
CSAGen Prep Share:0 Re-Write:0 Speculation: 0
CDN_DP_region_0_2 level = 0 loads = 0 drivers = 0
CDN_DP_region_0_2_c0 in Conv: area: 2273926405 ,dp = 0 mux = 8 sg = slow         worst_clk_period: -1.0000 
    wns: 0  norm_wns:  -1.0000 
    fail_endp: -1 
    tns:  0  tns_per_endp:  -1.0000   norm_tns_per_endp:  -1.0000 
    tns_sense_max:  -1.0000  tns_sense_avg:  -1.0000   tns_sense_num: -1
 skipped
CDN_DP_region_0_2_c1 in Conv: area: 2273926405 ,dp = 0 mux = 8 sg = fast         worst_clk_period: -1.0000 
    wns: 0  norm_wns:  -1.0000 
    fail_endp: -1 
    tns:  0  tns_per_endp:  -1.0000   norm_tns_per_endp:  -1.0000 
    tns_sense_max:  -1.0000  tns_sense_avg:  -1.0000   tns_sense_num: -1
 is current best
CDN_DP_region_0_2_c2 in Conv: area: 2273926405 ,dp = 0 mux = 8 sg = very_slow    worst_clk_period: -1.0000 
    wns: 0  norm_wns:  -1.0000 
    fail_endp: -1 
    tns:  0  tns_per_endp:  -1.0000   norm_tns_per_endp:  -1.0000 
    tns_sense_max:  -1.0000  tns_sense_avg:  -1.0000   tns_sense_num: -1
 is current best
CDN_DP_region_0_2_c3 in Conv: area: 2273926405 ,dp = 0 mux = 8 sg = very_fast    worst_clk_period: -1.0000 
    wns: 0  norm_wns:  -1.0000 
    fail_endp: -1 
    tns:  0  tns_per_endp:  -1.0000   norm_tns_per_endp:  -1.0000 
    tns_sense_max:  -1.0000  tns_sense_avg:  -1.0000   tns_sense_num: -1
 is current best
CDN_DP_region_0_2_c4 in Conv: area: 2273926405 ,dp = 0 mux = 8 sg = very_fast    worst_clk_period: -1.0000 
    wns: 0  norm_wns:  -1.0000 
    fail_endp: -1 
    tns:  0  tns_per_endp:  -1.0000   norm_tns_per_endp:  -1.0000 
    tns_sense_max:  -1.0000  tns_sense_avg:  -1.0000   tns_sense_num: -1
 is current best
CDN_DP_region_0_2_c5 in Conv: area: 2273926405 ,dp = 0 mux = 8 sg = very_fast    worst_clk_period: -1.0000 
    wns: 0  norm_wns:  -1.0000 
    fail_endp: -1 
    tns:  0  tns_per_endp:  -1.0000   norm_tns_per_endp:  -1.0000 
    tns_sense_max:  -1.0000  tns_sense_avg:  -1.0000   tns_sense_num: -1
 is current best
CDN_DP_region_0_2_c6 in Conv: area: 2273926405 ,dp = 0 mux = 8 sg = very_fast    worst_clk_period: -1.0000 
    wns: 0  norm_wns:  -1.0000 
    fail_endp: -1 
    tns:  0  tns_per_endp:  -1.0000   norm_tns_per_endp:  -1.0000 
    tns_sense_max:  -1.0000  tns_sense_avg:  -1.0000   tns_sense_num: -1
 is current best
CDN_DP_region_0_2_c7 in Conv: area: 2273926405 ,dp = 0 mux = 8 sg = very_fast    worst_clk_period: -1.0000 
    wns: 0  norm_wns:  -1.0000 
    fail_endp: -1 
    tns:  0  tns_per_endp:  -1.0000   norm_tns_per_endp:  -1.0000 
    tns_sense_max:  -1.0000  tns_sense_avg:  -1.0000   tns_sense_num: -1
 is current best
Best config: CDN_DP_region_0_2_c7 in Conv: area: 2273926405 ,dp = 0 mux = 8 sg = very_fast    worst_clk_period: -1.0000 
    wns: 0  norm_wns:  -1.0000 
    fail_endp: -1 
    tns:  0  tns_per_endp:  -1.0000   norm_tns_per_endp:  -1.0000 
    tns_sense_max:  -1.0000  tns_sense_avg:  -1.0000   tns_sense_num: -1
  Smallest config area : 2273926405.  Fastest config wns;  0
##>+----------------------------------------------------------------------------------------------------------------------------------------------------------------+
##>Summary table of configs (Best config is CDN_DP_region_0_2_c7)
##>+----------------------------------------------------------------------------------------------------------------------------------------------------------------+
##>                     0                  1                  2                  3                  4                  5                  6                  7            
##>+----------------------------------------------------------------------------------------------------------------------------------------------------------------+
##>           Area       2273926405         2273926405         2273926405         2273926405         2273926405         2273926405         2273926405         2273926405  
##>            WNS          +862.80            +862.80            +862.80            +862.80            +862.80            +862.80            +862.80            +862.80  
##>            TNS                0                  0                  0                  0                  0                  0                  0                  0  
##>    Num Rewrite                0                  0                  0                  0                  0                  0                  0                  0  
##>     Num Factor                0                  0                  0                  0                  0                  0                  0                  0  
##>      Num Share                0                  0                  0                  0                  0                  0                  0                  0  
##>   Num CmultCse                0                  0                  0                  0                  0                  0                  0                  0  
##>   Num Downsize                0                  0                  0                  0                  0                  0                  0                  0  
##>  Num Speculate                0                  0                  0                  0                  0                  0                  0                  0  
##>     Runtime(s)                0                  0                  0                  0                  0                  0                  0                  0  
+----------------------------------------------------------------------------------------------------------------------------------------------------------------+
##>
##>
##>+------------------------------------------------------------------------------------------------------------------------------------------------------------+
##>Optimization Step DEBUG Table for config CDN_DP_region_0_2_c7
##>
##>                          Step                        Area   ( % Chg)        WNS (Change)        TNS (Change)          Runtime (s)        Comment                   
##>+------------------------------------------------------------------------------------------------------------------------------------------------------------+
##>EquationExtraction              START             2273926405 (      )      862.80 (        )             0 (        )              
##>                                  END             2273926405 ( +0.00)      862.80 (   +0.00)             0 (       0)           0  
##>createMaxCarrySave              START             2273926405 ( +0.00)      862.80 (   +0.00)             0 (       0)              
##> datapath_rewrite_one_def       START             2273926405 ( +0.00)      862.80 (   +0.00)             0 (       0)              
##>                                  END             2273926405 ( +0.00)      862.80 (   +0.00)             0 (       0)           0  
##> csa_opto                       START             2273926405 ( +0.00)      862.80 (   +0.00)             0 (       0)              
##>                                  END             2273926405 ( +0.00)      862.80 (   +0.00)             0 (       0)           0  
##>                                  END             2273926405 ( +0.00)      862.80 (   +0.00)             0 (       0)           0  
##>canonicalize_by_names           START             2273926405 ( +0.00)      862.80 (   +0.00)             0 (       0)              
##>                                  END             2273926405 ( +0.00)      862.80 (   +0.00)             0 (       0)           0  
##>datapath_rewrite_post_csa_one_  START             2273926405 ( +0.00)      862.80 (   +0.00)             0 (       0)              
##>                                  END             2273926405 ( +0.00)      862.80 (   +0.00)             0 (       0)           0  
##>datapath_csa_factoring_one_gde  START             2273926405 ( +0.00)      862.80 (   +0.00)             0 (       0)              
##>                                  END             2273926405 ( +0.00)      862.80 (   +0.00)             0 (       0)           0  
##>dpopt_share_one_def             START             2273926405 ( +0.00)      862.80 (   +0.00)             0 (       0)              
##>                                  END             2273926405 ( +0.00)      862.80 (   +0.00)             0 (       0)           0  
##>datapath_rewrite_post_share     START             2273926405 ( +0.00)      862.80 (   +0.00)             0 (       0)              
##>                                  END             2273926405 ( +0.00)      862.80 (   +0.00)             0 (       0)           0  
##>dp_combine_const_mult_with_com  START             2273926405 ( +0.00)      862.80 (   +0.00)             0 (       0)              
##>                                  END             2273926405 ( +0.00)      862.80 (   +0.00)             0 (       0)           0  
##>dp_operator_level_decompositio  START             2273926405 ( +0.00)      862.80 (   +0.00)             0 (       0)              
##>                                  END             2273926405 ( +0.00)      862.80 (   +0.00)             0 (       0)           0  
##>selective_flatten_dp_config     START             2273926405 ( +0.00)      862.80 (   +0.00)             0 (       0)              
##>                                  END             2273926405 ( +0.00)      862.80 (   +0.00)             0 (       0)           0  
##>createMaxCarrySave              START             2273926405 ( +0.00)      862.80 (   +0.00)             0 (       0)              
##> datapath_rewrite_one_def       START             2273926405 ( +0.00)      862.80 (   +0.00)             0 (       0)              
##>  fast_cse_elim                 START             2273926405 ( +0.00)      862.80 (   +0.00)             0 (       0)              
##>                                  END             2273926405 ( +0.00)      862.80 (   +0.00)             0 (       0)           0  
##>  fast_cse_elim                 START             2273926405 ( +0.00)      862.80 (   +0.00)             0 (       0)              
##>                                  END             2273926405 ( +0.00)      862.80 (   +0.00)             0 (       0)           0  
##>                                  END             2273926405 ( +0.00)      862.80 (   +0.00)             0 (       0)           0  
##> csa_opto                       START             2273926405 ( +0.00)      862.80 (   +0.00)             0 (       0)              
##>                                  END             2273926405 ( +0.00)      862.80 (   +0.00)             0 (       0)           0  
##>                                  END             2273926405 ( +0.00)      862.80 (   +0.00)             0 (       0)           0  
##>context_based_simplify          START             2273926405 ( +0.00)      862.80 (   +0.00)             0 (       0)              
##>                                  END             2273926405 ( +0.00)      862.80 (   +0.00)             0 (       0)           0  
##>group_csa_final_adder_dp        START             2273926405 ( +0.00)      862.80 (   +0.00)             0 (       0)              
##>                                  END             2273926405 ( +0.00)      862.80 (   +0.00)             0 (       0)           0  
##>dpopt_flatten_critical_muxes_i  START             2273926405 ( +0.00)      862.80 (   +0.00)             0 (       0)              
##>                                  END             2273926405 ( +0.00)      862.80 (   +0.00)             0 (       0)           0  
##>create_score                    START             2273926405 ( +0.00)      862.80 (   +0.00)             0 (       0)              
##>                                  END             2273926405 ( +0.00)      862.80 (   +0.00)             0 (       0)           0  
##>+------------------------------------------------------------------------------------------------------------------------------------------------------------+
Committed config: CDN_DP_region_0_2_c7
Info    : Done implementing datapath configurations. [DPOPT-4]
        : Selected 'very_fast' configuration 7 for module 'CDN_DP_region_0_2'.
          Optimizations applied to 'very_fast' configuration:
            rewriting(0), factoring(0), sharing(0), cmultcse(0), downsizing(0), speculation(0)
Info    : Implementing datapath configurations. [DPOPT-3]
        : Implementing datapath configurations for 'CDN_DP_region_0_1'
CSAGen Prep Share:0 Re-Write:0 Speculation: 0
CDN_DP_region_0_1 level = 0 loads = 1 drivers = 1 is driven by : CDN_DP_region_0_3 
MaxCSA: Successfully built Maximal CSA Expression Expr0
CDN_DP_region_0_1_c0 in Conv: area: 2001952470 ,dp = 1 mux = 2 sg = slow         worst_clk_period: -1.0000 
    wns: 0  norm_wns:  -1.0000 
    fail_endp: -1 
    tns:  0  tns_per_endp:  -1.0000   norm_tns_per_endp:  -1.0000 
    tns_sense_max:  -1.0000  tns_sense_avg:  -1.0000   tns_sense_num: -1
 skipped
CDN_DP_region_0_1_c1 in Conv: area: 2001952470 ,dp = 1 mux = 2 sg = fast         worst_clk_period: -1.0000 
    wns: 0  norm_wns:  -1.0000 
    fail_endp: -1 
    tns:  0  tns_per_endp:  -1.0000   norm_tns_per_endp:  -1.0000 
    tns_sense_max:  -1.0000  tns_sense_avg:  -1.0000   tns_sense_num: -1
 is current best
CDN_DP_region_0_1_c2 in Conv: area: 2001952470 ,dp = 1 mux = 2 sg = very_slow    worst_clk_period: -1.0000 
    wns: 0  norm_wns:  -1.0000 
    fail_endp: -1 
    tns:  0  tns_per_endp:  -1.0000   norm_tns_per_endp:  -1.0000 
    tns_sense_max:  -1.0000  tns_sense_avg:  -1.0000   tns_sense_num: -1
 is current best
CDN_DP_region_0_1_c3 in Conv: area: 2001952470 ,dp = 1 mux = 2 sg = very_fast    worst_clk_period: -1.0000 
    wns: 0  norm_wns:  -1.0000 
    fail_endp: -1 
    tns:  0  tns_per_endp:  -1.0000   norm_tns_per_endp:  -1.0000 
    tns_sense_max:  -1.0000  tns_sense_avg:  -1.0000   tns_sense_num: -1
 is current best
CDN_DP_region_0_1_c4 in Conv: area: 2001952470 ,dp = 1 mux = 2 sg = very_fast    worst_clk_period: -1.0000 
    wns: 0  norm_wns:  -1.0000 
    fail_endp: -1 
    tns:  0  tns_per_endp:  -1.0000   norm_tns_per_endp:  -1.0000 
    tns_sense_max:  -1.0000  tns_sense_avg:  -1.0000   tns_sense_num: -1
 is current best
CDN_DP_region_0_1_c5 in Conv: area: 2001952470 ,dp = 1 mux = 2 sg = very_fast    worst_clk_period: -1.0000 
    wns: 0  norm_wns:  -1.0000 
    fail_endp: -1 
    tns:  0  tns_per_endp:  -1.0000   norm_tns_per_endp:  -1.0000 
    tns_sense_max:  -1.0000  tns_sense_avg:  -1.0000   tns_sense_num: -1
 is current best
CDN_DP_region_0_1_c6 in Conv: area: 2001952470 ,dp = 1 mux = 2 sg = very_fast    worst_clk_period: -1.0000 
    wns: 0  norm_wns:  -1.0000 
    fail_endp: -1 
    tns:  0  tns_per_endp:  -1.0000   norm_tns_per_endp:  -1.0000 
    tns_sense_max:  -1.0000  tns_sense_avg:  -1.0000   tns_sense_num: -1
 is current best
CDN_DP_region_0_1_c7 in Conv: area: 2001952470 ,dp = 1 mux = 2 sg = very_fast    worst_clk_period: -1.0000 
    wns: 0  norm_wns:  -1.0000 
    fail_endp: -1 
    tns:  0  tns_per_endp:  -1.0000   norm_tns_per_endp:  -1.0000 
    tns_sense_max:  -1.0000  tns_sense_avg:  -1.0000   tns_sense_num: -1
 is current best
Best config: CDN_DP_region_0_1_c7 in Conv: area: 2001952470 ,dp = 1 mux = 2 sg = very_fast    worst_clk_period: -1.0000 
    wns: 0  norm_wns:  -1.0000 
    fail_endp: -1 
    tns:  0  tns_per_endp:  -1.0000   norm_tns_per_endp:  -1.0000 
    tns_sense_max:  -1.0000  tns_sense_avg:  -1.0000   tns_sense_num: -1
  Smallest config area : 2001952470.  Fastest config wns;  0
##>+----------------------------------------------------------------------------------------------------------------------------------------------------------------+
##>Summary table of configs (Best config is CDN_DP_region_0_1_c7)
##>+----------------------------------------------------------------------------------------------------------------------------------------------------------------+
##>                     0                  1                  2                  3                  4                  5                  6                  7            
##>+----------------------------------------------------------------------------------------------------------------------------------------------------------------+
##>           Area       2001952470         2001952470         2001952470         2001952470         2001952470         2001952470         2001952470         2001952470  
##>            WNS          +732.40            +732.40            +732.40            +732.40            +732.40            +732.40            +732.40            +732.40  
##>            TNS                0                  0                  0                  0                  0                  0                  0                  0  
##>    Num Rewrite                0                  0                  0                  0                  0                  0                  0                  0  
##>     Num Factor                0                  0                  0                  0                  0                  0                  0                  0  
##>      Num Share                0                  0                  0                  0                  0                  0                  0                  0  
##>   Num CmultCse                0                  0                  0                  0                  0                  0                  0                  0  
##>   Num Downsize                0                  0                  0                  0                  0                  0                  0                  0  
##>  Num Speculate                0                  0                  0                  0                  0                  0                  0                  0  
##>     Runtime(s)                0                  0                  0                  0                  0                  0                  0                  0  
+----------------------------------------------------------------------------------------------------------------------------------------------------------------+
##>
##>
##>+------------------------------------------------------------------------------------------------------------------------------------------------------------+
##>Optimization Step DEBUG Table for config CDN_DP_region_0_1_c7
##>
##>                          Step                        Area   ( % Chg)        WNS (Change)        TNS (Change)          Runtime (s)        Comment                   
##>+------------------------------------------------------------------------------------------------------------------------------------------------------------+
##>EquationExtraction              START             2001952470 (      )      732.40 (        )             0 (        )              
##> rewrite                        START             3378645275 (+68.77)      716.60 (  -15.80)             0 (       0)              (a,ar) Expr0_from --> Expr0_to
##>                                  END             3101063630 ( -8.22)      716.60 (   +0.00)             0 (       0)           0  
##>                                  END             2001952470 ( +0.00)      732.40 (   +0.00)             0 (       0)           0  
##>createMaxCarrySave              START             2001952470 ( +0.00)      732.40 (   +0.00)             0 (       0)              
##> datapath_rewrite_one_def       START             2001952470 ( +0.00)      732.40 (   +0.00)             0 (       0)              
##>                                  END             2001952470 ( +0.00)      732.40 (   +0.00)             0 (       0)           0  
##> speculate_in_gdef              START             2001952470 ( +0.00)      732.40 (   +0.00)             0 (       0)              
##>  pre_speculate_mux_merge       START             2001952470 ( +0.00)      732.40 (   +0.00)             0 (       0)              
##>                                  END             2001952470 ( +0.00)      732.40 (   +0.00)             0 (       0)           0  
##>                                  END             2001952470 ( +0.00)      732.40 (   +0.00)             0 (       0)           0  
##> csa_opto                       START             2001952470 ( +0.00)      732.40 (   +0.00)             0 (       0)              
##>                                  END             2001952470 ( +0.00)      732.40 (   +0.00)             0 (       0)           0  
##>                                  END             2001952470 ( +0.00)      732.40 (   +0.00)             0 (       0)           0  
##>canonicalize_by_names           START             2001952470 ( +0.00)      732.40 (   +0.00)             0 (       0)              
##>                                  END             2001952470 ( +0.00)      732.40 (   +0.00)             0 (       0)           0  
##>datapath_rewrite_post_csa_one_  START             2001952470 ( +0.00)      732.40 (   +0.00)             0 (       0)              
##>                                  END             2001952470 ( +0.00)      732.40 (   +0.00)             0 (       0)           0  
##>datapath_csa_factoring_one_gde  START             2001952470 ( +0.00)      732.40 (   +0.00)             0 (       0)              
##>                                  END             2001952470 ( +0.00)      732.40 (   +0.00)             0 (       0)           0  
##>dpopt_share_one_def             START             2001952470 ( +0.00)      732.40 (   +0.00)             0 (       0)              
##>                                  END             2001952470 ( +0.00)      732.40 (   +0.00)             0 (       0)           0  
##>datapath_rewrite_post_share     START             2001952470 ( +0.00)      732.40 (   +0.00)             0 (       0)              
##>                                  END             2001952470 ( +0.00)      732.40 (   +0.00)             0 (       0)           0  
##>dp_combine_const_mult_with_com  START             2001952470 ( +0.00)      732.40 (   +0.00)             0 (       0)              
##>                                  END             2001952470 ( +0.00)      732.40 (   +0.00)             0 (       0)           0  
##>speculate_in_gdef               START             2001952470 ( +0.00)      732.40 (   +0.00)             0 (       0)              
##> pre_speculate_mux_merge        START             2001952470 ( +0.00)      732.40 (   +0.00)             0 (       0)              
##>                                  END             2001952470 ( +0.00)      732.40 (   +0.00)             0 (       0)           0  
##>                                  END             2001952470 ( +0.00)      732.40 (   +0.00)             0 (       0)           0  
##>dp_operator_level_decompositio  START             2001952470 ( +0.00)      732.40 (   +0.00)             0 (       0)              
##>                                  END             2001952470 ( +0.00)      732.40 (   +0.00)             0 (       0)           0  
##>selective_flatten_dp_config     START             2001952470 ( +0.00)      732.40 (   +0.00)             0 (       0)              
##>                                  END             2001952470 ( +0.00)      732.40 (   +0.00)             0 (       0)           0  
##>createMaxCarrySave              START             2001952470 ( +0.00)      732.40 (   +0.00)             0 (       0)              
##> datapath_rewrite_one_def       START             2001952470 ( +0.00)      732.40 (   +0.00)             0 (       0)              
##>  fast_cse_elim                 START             2001952470 ( +0.00)      732.40 (   +0.00)             0 (       0)              
##>                                  END             2001952470 ( +0.00)      732.40 (   +0.00)             0 (       0)           0  
##>  fast_cse_elim                 START             2001952470 ( +0.00)      732.40 (   +0.00)             0 (       0)              
##>                                  END             2001952470 ( +0.00)      732.40 (   +0.00)             0 (       0)           0  
##>                                  END             2001952470 ( +0.00)      732.40 (   +0.00)             0 (       0)           0  
##> speculate_in_gdef              START             2001952470 ( +0.00)      732.40 (   +0.00)             0 (       0)              
##>  pre_speculate_mux_merge       START             2001952470 ( +0.00)      732.40 (   +0.00)             0 (       0)              
##>                                  END             2001952470 ( +0.00)      732.40 (   +0.00)             0 (       0)           0  
##>                                  END             2001952470 ( +0.00)      732.40 (   +0.00)             0 (       0)           0  
##> csa_opto                       START             2001952470 ( +0.00)      732.40 (   +0.00)             0 (       0)              
##>                                  END             2001952470 ( +0.00)      732.40 (   +0.00)             0 (       0)           0  
##>                                  END             2001952470 ( +0.00)      732.40 (   +0.00)             0 (       0)           0  
##>context_based_simplify          START             2001952470 ( +0.00)      732.40 (   +0.00)             0 (       0)              
##>                                  END             2001952470 ( +0.00)      732.40 (   +0.00)             0 (       0)           0  
##>group_csa_final_adder_dp        START             2001952470 ( +0.00)      732.40 (   +0.00)             0 (       0)              
##>                                  END             2001952470 ( +0.00)      732.40 (   +0.00)             0 (       0)           0  
##>dpopt_flatten_critical_muxes_i  START             2001952470 ( +0.00)      732.40 (   +0.00)             0 (       0)              
##>                                  END             2001952470 ( +0.00)      732.40 (   +0.00)             0 (       0)           0  
##>speculate_in_gdef               START             2001952470 ( +0.00)      732.40 (   +0.00)             0 (       0)              
##> pre_speculate_mux_merge        START             2001952470 ( +0.00)      732.40 (   +0.00)             0 (       0)              
##>                                  END             2001952470 ( +0.00)      732.40 (   +0.00)             0 (       0)           0  
##>                                  END             2001952470 ( +0.00)      732.40 (   +0.00)             0 (       0)           0  
##>create_score                    START             2001952470 ( +0.00)      732.40 (   +0.00)             0 (       0)              
##>                                  END             2001952470 ( +0.00)      732.40 (   +0.00)             0 (       0)           0  
##>+------------------------------------------------------------------------------------------------------------------------------------------------------------+
Committed config: CDN_DP_region_0_1_c7
Info    : Done implementing datapath configurations. [DPOPT-4]
        : Selected 'very_fast' configuration 7 for module 'CDN_DP_region_0_1'.
          Optimizations applied to 'very_fast' configuration:
            rewriting(0), factoring(0), sharing(0), cmultcse(0), downsizing(0), speculation(0)
Info    : Implementing datapath configurations. [DPOPT-3]
        : Implementing datapath configurations for 'CDN_DP_region_0_0'
CSAGen Prep Share:0 Re-Write:0 Speculation: 0
MaxCSA: Successfully built Maximal CSA Expression Expr1
MaxCSA: Successfully built Maximal CSA Expression Expr2
CDN_DP_region_0_0 level = 1 loads = 0 drivers = 4 is driven by : CDN_DP_region_16_0 CDN_DP_region_18_0 CDN_DP_region_17_0 CDN_DP_region_19_0 
CDN_DP_region_0_0_c0 in Conv: area: 11439728400 ,dp = 7 mux = 22 sg = slow         worst_clk_period: -1.0000 
    wns: 0  norm_wns:  -1.0000 
    fail_endp: -1 
    tns:  0  tns_per_endp:  -1.0000   norm_tns_per_endp:  -1.0000 
    tns_sense_max:  -1.0000  tns_sense_avg:  -1.0000   tns_sense_num: -1
 skipped
CDN_DP_region_0_0_c1 in Conv: area: 10999523165 ,dp = 4 mux = 22 sg = fast         worst_clk_period: -1.0000 
    wns: 0  norm_wns:  -1.0000 
    fail_endp: -1 
    tns:  0  tns_per_endp:  -1.0000   norm_tns_per_endp:  -1.0000 
    tns_sense_max:  -1.0000  tns_sense_avg:  -1.0000   tns_sense_num: -1
 is current best
CDN_DP_region_0_0_c2 in Conv: area: 10999523165 ,dp = 4 mux = 22 sg = very_slow    worst_clk_period: -1.0000 
    wns: 0  norm_wns:  -1.0000 
    fail_endp: -1 
    tns:  0  tns_per_endp:  -1.0000   norm_tns_per_endp:  -1.0000 
    tns_sense_max:  -1.0000  tns_sense_avg:  -1.0000   tns_sense_num: -1
 is current best
CDN_DP_region_0_0_c3 in Conv: area: 10999523165 ,dp = 4 mux = 22 sg = very_fast    worst_clk_period: -1.0000 
    wns: 0  norm_wns:  -1.0000 
    fail_endp: -1 
    tns:  0  tns_per_endp:  -1.0000   norm_tns_per_endp:  -1.0000 
    tns_sense_max:  -1.0000  tns_sense_avg:  -1.0000   tns_sense_num: -1
 is current best
CDN_DP_region_0_0_c4 in Conv: area: 10999523165 ,dp = 4 mux = 22 sg = very_fast    worst_clk_period: -1.0000 
    wns: 0  norm_wns:  -1.0000 
    fail_endp: -1 
    tns:  0  tns_per_endp:  -1.0000   norm_tns_per_endp:  -1.0000 
    tns_sense_max:  -1.0000  tns_sense_avg:  -1.0000   tns_sense_num: -1
 is current best
CDN_DP_region_0_0_c5 in Conv: area: 10999523165 ,dp = 4 mux = 22 sg = very_fast    worst_clk_period: -1.0000 
    wns: 0  norm_wns:  -1.0000 
    fail_endp: -1 
    tns:  0  tns_per_endp:  -1.0000   norm_tns_per_endp:  -1.0000 
    tns_sense_max:  -1.0000  tns_sense_avg:  -1.0000   tns_sense_num: -1
 is current best
CDN_DP_region_0_0_c6 in Conv: area: 10999523165 ,dp = 4 mux = 22 sg = very_fast    worst_clk_period: -1.0000 
    wns: 0  norm_wns:  -1.0000 
    fail_endp: -1 
    tns:  0  tns_per_endp:  -1.0000   norm_tns_per_endp:  -1.0000 
    tns_sense_max:  -1.0000  tns_sense_avg:  -1.0000   tns_sense_num: -1
 is current best
CDN_DP_region_0_0_c7 in Conv: area: 11002327020 ,dp = 4 mux = 22 sg = very_fast    worst_clk_period: -1.0000 
    wns: 0  norm_wns:  -1.0000 
    fail_endp: -1 
    tns:  0  tns_per_endp:  -1.0000   norm_tns_per_endp:  -1.0000 
    tns_sense_max:  -1.0000  tns_sense_avg:  -1.0000   tns_sense_num: -1

Best config: CDN_DP_region_0_0_c6 in Conv: area: 10999523165 ,dp = 4 mux = 22 sg = very_fast    worst_clk_period: -1.0000 
    wns: 0  norm_wns:  -1.0000 
    fail_endp: -1 
    tns:  0  tns_per_endp:  -1.0000   norm_tns_per_endp:  -1.0000 
    tns_sense_max:  -1.0000  tns_sense_avg:  -1.0000   tns_sense_num: -1
  Smallest config area : 10999523165.  Fastest config wns;  0
##>+----------------------------------------------------------------------------------------------------------------------------------------------------------------+
##>Summary table of configs (Best config is CDN_DP_region_0_0_c6)
##>+----------------------------------------------------------------------------------------------------------------------------------------------------------------+
##>                     0                  1                  2                  3                  4                  5                  6                  7            
##>+----------------------------------------------------------------------------------------------------------------------------------------------------------------+
##>           Area      11439728400        10999523165        10999523165        10999523165        10999523165        10999523165        10999523165        11002327020  
##>            WNS          +785.80            +785.80            +785.80            +785.80            +785.80            +785.80            +785.80            +785.80  
##>            TNS                0                  0                  0                  0                  0                  0                  0                  0  
##>    Num Rewrite                0                  0                  0                  0                  0                  0                  0                  0  
##>     Num Factor                0                  0                  0                  0                  0                  0                  0                  0  
##>      Num Share                0                  0                  0                  0                  0                  0                  0                  0  
##>   Num CmultCse                0                  0                  0                  0                  0                  0                  0                  0  
##>   Num Downsize                0                  0                  0                  0                  0                  0                  0                  0  
##>  Num Speculate                0                  0                  0                  0                  0                  0                  0                  0  
##>     Runtime(s)                0                  0                  0                  0                  0                  0                  0                  0  
+----------------------------------------------------------------------------------------------------------------------------------------------------------------+
##>
##>
##>+------------------------------------------------------------------------------------------------------------------------------------------------------------+
##>Optimization Step DEBUG Table for config CDN_DP_region_0_0_c6
##>
##>                          Step                        Area   ( % Chg)        WNS (Change)        TNS (Change)          Runtime (s)        Comment                   
##>+------------------------------------------------------------------------------------------------------------------------------------------------------------+
##>createMaxCarrySave              START            11439728400 (      )    107374968.20 (        )             0 (        )              
##> datapath_rewrite_one_def       START            11439728400 ( +0.00)    107374968.20 (   +0.00)             0 (       0)              
##>  fast_cse_elim                 START            11439728400 ( +0.00)    107374968.20 (   +0.00)             0 (       0)              
##>                                  END            11002327020 ( -3.82)    107374968.20 (   +0.00)             0 (       0)           0  
##>  fast_cse_elim                 START            11002327020 ( +0.00)    107374968.20 (   +0.00)             0 (       0)              
##>                                  END            11002327020 ( +0.00)    107374968.20 (   +0.00)             0 (       0)           0  
##>                                  END            11002327020 ( -3.82)    107374968.20 (   +0.00)             0 (       0)           0  
##> dpopt_share_one_def            START            11002327020 ( +0.00)    107374968.20 (   +0.00)             0 (       0)              
##>                                  END            11002327020 ( +0.00)    107374968.20 (   +0.00)             0 (       0)           0  
##> csa_opto                       START            11002327020 ( +0.00)    214748364.70 (+107373396.50)             0 (       0)              
##>                                  END            11010738585 ( +0.08)    214748364.70 (   +0.00)             0 (       0)           0  
##>                                  END            11010738585 ( -3.75)    214748364.70 (+107373396.50)             0 (       0)           0  
##>canonicalize_by_names           START            11010738585 ( +0.00)    214748364.70 (   +0.00)             0 (       0)              
##>                                  END            11010738585 ( +0.00)    214748364.70 (   +0.00)             0 (       0)           0  
##>datapath_rewrite_post_csa_one_  START            11010738585 ( +0.00)    214748364.70 (   +0.00)             0 (       0)              
##>                                  END            11010738585 ( +0.00)    214748364.70 (   +0.00)             0 (       0)           0  
##>datapath_csa_factoring_one_gde  START            11010738585 ( +0.00)    214748364.70 (   +0.00)             0 (       0)              
##>                                  END            11010738585 ( +0.00)    214748364.70 (   +0.00)             0 (       0)           0  
##>dpopt_share_one_def             START            11010738585 ( +0.00)    214748364.70 (   +0.00)             0 (       0)              
##>                                  END            11010738585 ( +0.00)    214748364.70 (   +0.00)             0 (       0)           0  
##>datapath_rewrite_post_share     START            11010738585 ( +0.00)    214748364.70 (   +0.00)             0 (       0)              
##>                                  END            11010738585 ( +0.00)    214748364.70 (   +0.00)             0 (       0)           0  
##>dp_combine_const_mult_with_com  START            11010738585 ( +0.00)    214748364.70 (   +0.00)             0 (       0)              
##>                                  END            11010738585 ( +0.00)    214748364.70 (   +0.00)             0 (       0)           0  
##>dp_operator_level_decompositio  START            11010738585 ( +0.00)    214748364.70 (   +0.00)             0 (       0)              
##>                                  END            11010738585 ( +0.00)    214748364.70 (   +0.00)             0 (       0)           0  
##>selective_flatten_dp_config     START            11010738585 ( +0.00)    214748364.70 (   +0.00)             0 (       0)              
##>                                  END            11010738585 ( +0.00)    214748364.70 (   +0.00)             0 (       0)           0  
##>createMaxCarrySave              START            11010738585 ( +0.00)    214748364.70 (   +0.00)             0 (       0)              
##> datapath_rewrite_one_def       START            11010738585 ( +0.00)    214748364.70 (   +0.00)             0 (       0)              
##>  fast_cse_elim                 START            11010738585 ( +0.00)    214748364.70 (   +0.00)             0 (       0)              
##>                                  END            11010738585 ( +0.00)    214748364.70 (   +0.00)             0 (       0)           0  
##>  fast_cse_elim                 START            11010738585 ( +0.00)    214748364.70 (   +0.00)             0 (       0)              
##>                                  END            11010738585 ( +0.00)    214748364.70 (   +0.00)             0 (       0)           0  
##>                                  END            11010738585 ( +0.00)    214748364.70 (   +0.00)             0 (       0)           0  
##> dpopt_share_one_def            START            11010738585 ( +0.00)    214748364.70 (   +0.00)             0 (       0)              
##>                                  END            11010738585 ( +0.00)    214748364.70 (   +0.00)             0 (       0)           0  
##> csa_opto                       START            11010738585 ( +0.00)    214748364.70 (   +0.00)             0 (       0)              
##>                                  END            11010738585 ( +0.00)    214748364.70 (   +0.00)             0 (       0)           0  
##>                                  END            11010738585 ( +0.00)    214748364.70 (   +0.00)             0 (       0)           0  
##>context_based_simplify          START            10999523165 ( -0.10)    214748364.70 (   +0.00)             0 (       0)              
##>                                  END            10999523165 ( +0.00)    214748364.70 (   +0.00)             0 (       0)           0  
##>group_csa_final_adder_dp        START            10999523165 ( +0.00)    214748364.70 (   +0.00)             0 (       0)              
##>                                  END            10999523165 ( +0.00)    214748364.70 (   +0.00)             0 (       0)           0  
##>dpopt_flatten_critical_muxes_i  START            10999523165 ( +0.00)    214748364.70 (   +0.00)             0 (       0)              
##>                                  END            10999523165 ( +0.00)    214748364.70 (   +0.00)             0 (       0)           0  
##>create_score                    START            10999523165 ( +0.00)      785.80 (-214747578.90)             0 (       0)              
##>                                  END            10999523165 ( +0.00)      785.80 (   +0.00)             0 (       0)           0  
##>+------------------------------------------------------------------------------------------------------------------------------------------------------------+
Committed config: CDN_DP_region_0_0_c6
Info    : Done implementing datapath configurations. [DPOPT-4]
        : Selected 'very_fast' configuration 6 for module 'CDN_DP_region_0_0'.
          Optimizations applied to 'very_fast' configuration:
            rewriting(0), factoring(0), sharing(0), cmultcse(0), downsizing(0), speculation(0)
Info    : Implementing datapath configurations. [DPOPT-3]
        : Implementing datapath configurations for 'CDN_DP_region_0_7'
CSAGen Prep Share:0 Re-Write:0 Speculation: 0
MaxCSA: Successfully built Maximal CSA Expression Expr3
MaxCSA: Successfully built Maximal CSA Expression Expr4
CDN_DP_region_0_7 level = 0 loads = 1 drivers = 0
CDN_DP_region_0_7_c0 in Conv: area: 325247180 ,dp = 2 mux = 2 sg = slow         worst_clk_period: -1.0000 
    wns: 0  norm_wns:  -1.0000 
    fail_endp: -1 
    tns:  0  tns_per_endp:  -1.0000   norm_tns_per_endp:  -1.0000 
    tns_sense_max:  -1.0000  tns_sense_avg:  -1.0000   tns_sense_num: -1
 skipped
CDN_DP_region_0_7_c1 in Conv: area: 271973935 ,dp = 2 mux = 2 sg = fast         worst_clk_period: -1.0000 
    wns: 0  norm_wns:  -1.0000 
    fail_endp: -1 
    tns:  0  tns_per_endp:  -1.0000   norm_tns_per_endp:  -1.0000 
    tns_sense_max:  -1.0000  tns_sense_avg:  -1.0000   tns_sense_num: -1
 is current best
CDN_DP_region_0_7_c2 in Conv: area: 271973935 ,dp = 2 mux = 2 sg = very_slow    worst_clk_period: -1.0000 
    wns: 0  norm_wns:  -1.0000 
    fail_endp: -1 
    tns:  0  tns_per_endp:  -1.0000   norm_tns_per_endp:  -1.0000 
    tns_sense_max:  -1.0000  tns_sense_avg:  -1.0000   tns_sense_num: -1
 is current best
CDN_DP_region_0_7_c3 in Conv: area: 271973935 ,dp = 2 mux = 2 sg = very_fast    worst_clk_period: -1.0000 
    wns: 0  norm_wns:  -1.0000 
    fail_endp: -1 
    tns:  0  tns_per_endp:  -1.0000   norm_tns_per_endp:  -1.0000 
    tns_sense_max:  -1.0000  tns_sense_avg:  -1.0000   tns_sense_num: -1
 is current best
CDN_DP_region_0_7_c4 in Conv: area: 271973935 ,dp = 2 mux = 2 sg = very_fast    worst_clk_period: -1.0000 
    wns: 0  norm_wns:  -1.0000 
    fail_endp: -1 
    tns:  0  tns_per_endp:  -1.0000   norm_tns_per_endp:  -1.0000 
    tns_sense_max:  -1.0000  tns_sense_avg:  -1.0000   tns_sense_num: -1
 is current best
CDN_DP_region_0_7_c5 in Conv: area: 271973935 ,dp = 2 mux = 2 sg = very_fast    worst_clk_period: -1.0000 
    wns: 0  norm_wns:  -1.0000 
    fail_endp: -1 
    tns:  0  tns_per_endp:  -1.0000   norm_tns_per_endp:  -1.0000 
    tns_sense_max:  -1.0000  tns_sense_avg:  -1.0000   tns_sense_num: -1
 is current best
CDN_DP_region_0_7_c6 in Conv: area: 271973935 ,dp = 2 mux = 2 sg = very_fast    worst_clk_period: -1.0000 
    wns: 0  norm_wns:  -1.0000 
    fail_endp: -1 
    tns:  0  tns_per_endp:  -1.0000   norm_tns_per_endp:  -1.0000 
    tns_sense_max:  -1.0000  tns_sense_avg:  -1.0000   tns_sense_num: -1
 is current best
CDN_DP_region_0_7_c7 in Conv: area: 271973935 ,dp = 2 mux = 2 sg = very_fast    worst_clk_period: -1.0000 
    wns: 0  norm_wns:  -1.0000 
    fail_endp: -1 
    tns:  0  tns_per_endp:  -1.0000   norm_tns_per_endp:  -1.0000 
    tns_sense_max:  -1.0000  tns_sense_avg:  -1.0000   tns_sense_num: -1
 is current best
Best config: CDN_DP_region_0_7_c7 in Conv: area: 271973935 ,dp = 2 mux = 2 sg = very_fast    worst_clk_period: -1.0000 
    wns: 0  norm_wns:  -1.0000 
    fail_endp: -1 
    tns:  0  tns_per_endp:  -1.0000   norm_tns_per_endp:  -1.0000 
    tns_sense_max:  -1.0000  tns_sense_avg:  -1.0000   tns_sense_num: -1
  Smallest config area : 271973935.  Fastest config wns;  0
##>+----------------------------------------------------------------------------------------------------------------------------------------------------------------+
##>Summary table of configs (Best config is CDN_DP_region_0_7_c7)
##>+----------------------------------------------------------------------------------------------------------------------------------------------------------------+
##>                     0                  1                  2                  3                  4                  5                  6                  7            
##>+----------------------------------------------------------------------------------------------------------------------------------------------------------------+
##>           Area        325247180          271973935          271973935          271973935          271973935          271973935          271973935          271973935  
##>            WNS          +862.80            +862.80            +862.80            +862.80            +862.80            +862.80            +862.80            +862.80  
##>            TNS                0                  0                  0                  0                  0                  0                  0                  0  
##>    Num Rewrite                0                  0                  0                  0                  0                  0                  0                  0  
##>     Num Factor                0                  0                  0                  0                  0                  0                  0                  0  
##>      Num Share                0                  0                  0                  0                  0                  0                  0                  0  
##>   Num CmultCse                0                  0                  0                  0                  0                  0                  0                  0  
##>   Num Downsize                0                  0                  0                  0                  0                  0                  0                  0  
##>  Num Speculate                0                  0                  0                  0                  0                  0                  0                  0  
##>     Runtime(s)                0                  0                  0                  0                  0                  0                  0                  0  
+----------------------------------------------------------------------------------------------------------------------------------------------------------------+
##>
##>
##>+------------------------------------------------------------------------------------------------------------------------------------------------------------+
##>Optimization Step DEBUG Table for config CDN_DP_region_0_7_c7
##>
##>                          Step                        Area   ( % Chg)        WNS (Change)        TNS (Change)          Runtime (s)        Comment                   
##>+------------------------------------------------------------------------------------------------------------------------------------------------------------+
##>EquationExtraction              START              325247180 (      )      862.80 (        )             0 (        )              
##> rewrite                        START              476655350 (+46.55)      862.80 (   +0.00)             0 (       0)              (a,ar) Expr3_from --> Expr3_to
##>                                  END              692552185 (+45.29)      862.80 (   +0.00)             0 (       0)           0  
##> rewrite                        START              692552185 ( +0.00)      862.80 (   +0.00)             0 (       0)              (a,ar) Expr4_from --> Expr4_to
##>                                  END              768256270 (+10.93)      862.80 (   +0.00)             0 (       0)           0  
##>                                  END              325247180 ( +0.00)      862.80 (   +0.00)             0 (       0)           0  
##>createMaxCarrySave              START              325247180 ( +0.00)      862.80 (   +0.00)             0 (       0)              
##> datapath_rewrite_one_def       START              325247180 ( +0.00)      862.80 (   +0.00)             0 (       0)              
##>                                  END              325247180 ( +0.00)      862.80 (   +0.00)             0 (       0)           0  
##> csa_opto                       START              325247180 ( +0.00)      862.80 (   +0.00)             0 (       0)              
##>                                  END              319639470 ( -1.72)      862.80 (   +0.00)             0 (       0)           0  
##>                                  END              319639470 ( -1.72)      862.80 (   +0.00)             0 (       0)           0  
##>canonicalize_by_names           START              319639470 ( +0.00)      862.80 (   +0.00)             0 (       0)              
##>                                  END              319639470 ( +0.00)      862.80 (   +0.00)             0 (       0)           0  
##>datapath_rewrite_post_csa_one_  START              319639470 ( +0.00)      862.80 (   +0.00)             0 (       0)              
##>                                  END              319639470 ( +0.00)      862.80 (   +0.00)             0 (       0)           0  
##>datapath_csa_factoring_one_gde  START              319639470 ( +0.00)      862.80 (   +0.00)             0 (       0)              
##>                                  END              319639470 ( +0.00)      862.80 (   +0.00)             0 (       0)           0  
##>dpopt_share_one_def             START              319639470 ( +0.00)      862.80 (   +0.00)             0 (       0)              
##>                                  END              319639470 ( +0.00)      862.80 (   +0.00)             0 (       0)           0  
##>datapath_rewrite_post_share     START              319639470 ( +0.00)      862.80 (   +0.00)             0 (       0)              
##>                                  END              319639470 ( +0.00)      862.80 (   +0.00)             0 (       0)           0  
##>dp_combine_const_mult_with_com  START              319639470 ( +0.00)      862.80 (   +0.00)             0 (       0)              
##>                                  END              319639470 ( +0.00)      862.80 (   +0.00)             0 (       0)           0  
##>dp_operator_level_decompositio  START              319639470 ( +0.00)      862.80 (   +0.00)             0 (       0)              
##>                                  END              319639470 ( +0.00)      862.80 (   +0.00)             0 (       0)           0  
##>selective_flatten_dp_config     START              319639470 ( +0.00)      862.80 (   +0.00)             0 (       0)              
##>                                  END              319639470 ( +0.00)      862.80 (   +0.00)             0 (       0)           0  
##>createMaxCarrySave              START              319639470 ( +0.00)      862.80 (   +0.00)             0 (       0)              
##> datapath_rewrite_one_def       START              319639470 ( +0.00)      862.80 (   +0.00)             0 (       0)              
##>  fast_cse_elim                 START              319639470 ( +0.00)      862.80 (   +0.00)             0 (       0)              
##>                                  END              319639470 ( +0.00)      862.80 (   +0.00)             0 (       0)           0  
##>  fast_cse_elim                 START              319639470 ( +0.00)      862.80 (   +0.00)             0 (       0)              
##>                                  END              319639470 ( +0.00)      862.80 (   +0.00)             0 (       0)           0  
##>                                  END              319639470 ( +0.00)      862.80 (   +0.00)             0 (       0)           0  
##> csa_opto                       START              319639470 ( +0.00)      862.80 (   +0.00)             0 (       0)              
##>                                  END              319639470 ( +0.00)      862.80 (   +0.00)             0 (       0)           0  
##>                                  END              319639470 ( +0.00)      862.80 (   +0.00)             0 (       0)           0  
##>context_based_simplify          START              297208630 ( -7.02)      862.80 (   +0.00)             0 (       0)              
##>                                  END              271973935 ( -8.49)      862.80 (   +0.00)             0 (       0)           0  
##>group_csa_final_adder_dp        START              271973935 ( +0.00)      862.80 (   +0.00)             0 (       0)              
##>                                  END              271973935 ( +0.00)      862.80 (   +0.00)             0 (       0)           0  
##>dpopt_flatten_critical_muxes_i  START              271973935 ( +0.00)      862.80 (   +0.00)             0 (       0)              
##>                                  END              271973935 ( +0.00)      862.80 (   +0.00)             0 (       0)           0  
##>create_score                    START              271973935 ( +0.00)      862.80 (   +0.00)             0 (       0)              
##>                                  END              271973935 ( +0.00)      862.80 (   +0.00)             0 (       0)           0  
##>+------------------------------------------------------------------------------------------------------------------------------------------------------------+
Committed config: CDN_DP_region_0_7_c7
Info    : Done implementing datapath configurations. [DPOPT-4]
        : Selected 'very_fast' configuration 7 for module 'CDN_DP_region_0_7'.
          Optimizations applied to 'very_fast' configuration:
            rewriting(0), factoring(0), sharing(0), cmultcse(0), downsizing(0), speculation(0)
Info    : Implementing datapath configurations. [DPOPT-3]
        : Implementing datapath configurations for 'CDN_DP_region_0_5'
CSAGen Prep Share:0 Re-Write:0 Speculation: 0
MaxCSA: Successfully built Maximal CSA Expression Expr5
CDN_DP_region_0_5 level = 0 loads = 0 drivers = 0
CDN_DP_region_0_5_c0 in Conv: area: 232719965 ,dp = 1 mux = 1 sg = slow         worst_clk_period: -1.0000 
    wns: 0  norm_wns:  -1.0000 
    fail_endp: -1 
    tns:  0  tns_per_endp:  -1.0000   norm_tns_per_endp:  -1.0000 
    tns_sense_max:  -1.0000  tns_sense_avg:  -1.0000   tns_sense_num: -1
 skipped
CDN_DP_region_0_5_c1 in Conv: area: 193465995 ,dp = 1 mux = 1 sg = fast         worst_clk_period: -1.0000 
    wns: 0  norm_wns:  -1.0000 
    fail_endp: -1 
    tns:  0  tns_per_endp:  -1.0000   norm_tns_per_endp:  -1.0000 
    tns_sense_max:  -1.0000  tns_sense_avg:  -1.0000   tns_sense_num: -1
 is current best
CDN_DP_region_0_5_c2 in Conv: area: 193465995 ,dp = 1 mux = 1 sg = very_slow    worst_clk_period: -1.0000 
    wns: 0  norm_wns:  -1.0000 
    fail_endp: -1 
    tns:  0  tns_per_endp:  -1.0000   norm_tns_per_endp:  -1.0000 
    tns_sense_max:  -1.0000  tns_sense_avg:  -1.0000   tns_sense_num: -1
 is current best
CDN_DP_region_0_5_c3 in Conv: area: 193465995 ,dp = 1 mux = 1 sg = very_fast    worst_clk_period: -1.0000 
    wns: 0  norm_wns:  -1.0000 
    fail_endp: -1 
    tns:  0  tns_per_endp:  -1.0000   norm_tns_per_endp:  -1.0000 
    tns_sense_max:  -1.0000  tns_sense_avg:  -1.0000   tns_sense_num: -1
 is current best
CDN_DP_region_0_5_c4 in Conv: area: 193465995 ,dp = 1 mux = 1 sg = very_fast    worst_clk_period: -1.0000 
    wns: 0  norm_wns:  -1.0000 
    fail_endp: -1 
    tns:  0  tns_per_endp:  -1.0000   norm_tns_per_endp:  -1.0000 
    tns_sense_max:  -1.0000  tns_sense_avg:  -1.0000   tns_sense_num: -1
 is current best
CDN_DP_region_0_5_c5 in Conv: area: 193465995 ,dp = 1 mux = 1 sg = very_fast    worst_clk_period: -1.0000 
    wns: 0  norm_wns:  -1.0000 
    fail_endp: -1 
    tns:  0  tns_per_endp:  -1.0000   norm_tns_per_endp:  -1.0000 
    tns_sense_max:  -1.0000  tns_sense_avg:  -1.0000   tns_sense_num: -1
 is current best
CDN_DP_region_0_5_c6 in Conv: area: 193465995 ,dp = 1 mux = 1 sg = very_fast    worst_clk_period: -1.0000 
    wns: 0  norm_wns:  -1.0000 
    fail_endp: -1 
    tns:  0  tns_per_endp:  -1.0000   norm_tns_per_endp:  -1.0000 
    tns_sense_max:  -1.0000  tns_sense_avg:  -1.0000   tns_sense_num: -1
 is current best
CDN_DP_region_0_5_c7 in Conv: area: 193465995 ,dp = 1 mux = 1 sg = very_fast    worst_clk_period: -1.0000 
    wns: 0  norm_wns:  -1.0000 
    fail_endp: -1 
    tns:  0  tns_per_endp:  -1.0000   norm_tns_per_endp:  -1.0000 
    tns_sense_max:  -1.0000  tns_sense_avg:  -1.0000   tns_sense_num: -1
 is current best
Best config: CDN_DP_region_0_5_c7 in Conv: area: 193465995 ,dp = 1 mux = 1 sg = very_fast    worst_clk_period: -1.0000 
    wns: 0  norm_wns:  -1.0000 
    fail_endp: -1 
    tns:  0  tns_per_endp:  -1.0000   norm_tns_per_endp:  -1.0000 
    tns_sense_max:  -1.0000  tns_sense_avg:  -1.0000   tns_sense_num: -1
  Smallest config area : 193465995.  Fastest config wns;  0
##>+----------------------------------------------------------------------------------------------------------------------------------------------------------------+
##>Summary table of configs (Best config is CDN_DP_region_0_5_c7)
##>+----------------------------------------------------------------------------------------------------------------------------------------------------------------+
##>                     0                  1                  2                  3                  4                  5                  6                  7            
##>+----------------------------------------------------------------------------------------------------------------------------------------------------------------+
##>           Area        232719965          193465995          193465995          193465995          193465995          193465995          193465995          193465995  
##>            WNS          +873.10            +873.10            +873.10            +873.10            +873.10            +873.10            +873.10            +873.10  
##>            TNS                0                  0                  0                  0                  0                  0                  0                  0  
##>    Num Rewrite                0                  0                  0                  0                  0                  0                  0                  0  
##>     Num Factor                0                  0                  0                  0                  0                  0                  0                  0  
##>      Num Share                0                  0                  0                  0                  0                  0                  0                  0  
##>   Num CmultCse                0                  0                  0                  0                  0                  0                  0                  0  
##>   Num Downsize                0                  0                  0                  0                  0                  0                  0                  0  
##>  Num Speculate                0                  0                  0                  0                  0                  0                  0                  0  
##>     Runtime(s)                0                  0                  0                  0                  0                  0                  0                  0  
+----------------------------------------------------------------------------------------------------------------------------------------------------------------+
##>
##>
##>+------------------------------------------------------------------------------------------------------------------------------------------------------------+
##>Optimization Step DEBUG Table for config CDN_DP_region_0_5_c7
##>
##>                          Step                        Area   ( % Chg)        WNS (Change)        TNS (Change)          Runtime (s)        Comment                   
##>+------------------------------------------------------------------------------------------------------------------------------------------------------------+
##>EquationExtraction              START              232719965 (      )      873.10 (        )             0 (        )              
##> rewrite                        START              342070310 (+46.99)      873.10 (   +0.00)             0 (       0)              (a,ar) Expr5_from --> Expr5_to
##>                                  END              557967145 (+63.11)      873.10 (   +0.00)             0 (       0)           0  
##>                                  END              232719965 ( +0.00)      873.10 (   +0.00)             0 (       0)           0  
##>createMaxCarrySave              START              232719965 ( +0.00)      873.10 (   +0.00)             0 (       0)              
##> datapath_rewrite_one_def       START              232719965 ( +0.00)      873.10 (   +0.00)             0 (       0)              
##>                                  END              232719965 ( +0.00)      873.10 (   +0.00)             0 (       0)           0  
##> csa_opto                       START              232719965 ( +0.00)      873.10 (   +0.00)             0 (       0)              
##>                                  END              224308400 ( -3.61)      873.10 (   +0.00)             0 (       0)           0  
##>                                  END              224308400 ( -3.61)      873.10 (   +0.00)             0 (       0)           0  
##>canonicalize_by_names           START              224308400 ( +0.00)      873.10 (   +0.00)             0 (       0)              
##>                                  END              224308400 ( +0.00)      873.10 (   +0.00)             0 (       0)           0  
##>datapath_rewrite_post_csa_one_  START              224308400 ( +0.00)      873.10 (   +0.00)             0 (       0)              
##>                                  END              224308400 ( +0.00)      873.10 (   +0.00)             0 (       0)           0  
##>datapath_csa_factoring_one_gde  START              224308400 ( +0.00)      873.10 (   +0.00)             0 (       0)              
##>                                  END              224308400 ( +0.00)      873.10 (   +0.00)             0 (       0)           0  
##>dpopt_share_one_def             START              224308400 ( +0.00)      873.10 (   +0.00)             0 (       0)              
##>                                  END              224308400 ( +0.00)      873.10 (   +0.00)             0 (       0)           0  
##>datapath_rewrite_post_share     START              224308400 ( +0.00)      873.10 (   +0.00)             0 (       0)              
##>                                  END              224308400 ( +0.00)      873.10 (   +0.00)             0 (       0)           0  
##>dp_combine_const_mult_with_com  START              224308400 ( +0.00)      873.10 (   +0.00)             0 (       0)              
##>                                  END              224308400 ( +0.00)      873.10 (   +0.00)             0 (       0)           0  
##>dp_operator_level_decompositio  START              224308400 ( +0.00)      873.10 (   +0.00)             0 (       0)              
##>                                  END              224308400 ( +0.00)      873.10 (   +0.00)             0 (       0)           0  
##>selective_flatten_dp_config     START              224308400 ( +0.00)      873.10 (   +0.00)             0 (       0)              
##>                                  END              224308400 ( +0.00)      873.10 (   +0.00)             0 (       0)           0  
##>createMaxCarrySave              START              224308400 ( +0.00)      873.10 (   +0.00)             0 (       0)              
##> datapath_rewrite_one_def       START              224308400 ( +0.00)      873.10 (   +0.00)             0 (       0)              
##>  fast_cse_elim                 START              224308400 ( +0.00)      873.10 (   +0.00)             0 (       0)              
##>                                  END              224308400 ( +0.00)      873.10 (   +0.00)             0 (       0)           0  
##>  fast_cse_elim                 START              224308400 ( +0.00)      873.10 (   +0.00)             0 (       0)              
##>                                  END              224308400 ( +0.00)      873.10 (   +0.00)             0 (       0)           0  
##>                                  END              224308400 ( +0.00)      873.10 (   +0.00)             0 (       0)           0  
##> csa_opto                       START              224308400 ( +0.00)      873.10 (   +0.00)             0 (       0)              
##>                                  END              224308400 ( +0.00)      873.10 (   +0.00)             0 (       0)           0  
##>                                  END              224308400 ( +0.00)      873.10 (   +0.00)             0 (       0)           0  
##>context_based_simplify          START              213092980 ( -5.00)      873.10 (   +0.00)             0 (       0)              
##>                                  END              193465995 ( -9.21)      873.10 (   +0.00)             0 (       0)           0  
##>group_csa_final_adder_dp        START              193465995 ( +0.00)      873.10 (   +0.00)             0 (       0)              
##>                                  END              193465995 ( +0.00)      873.10 (   +0.00)             0 (       0)           0  
##>dpopt_flatten_critical_muxes_i  START              193465995 ( +0.00)      873.10 (   +0.00)             0 (       0)              
##>                                  END              193465995 ( +0.00)      873.10 (   +0.00)             0 (       0)           0  
##>create_score                    START              193465995 ( +0.00)      873.10 (   +0.00)             0 (       0)              
##>                                  END              193465995 ( +0.00)      873.10 (   +0.00)             0 (       0)           0  
##>+------------------------------------------------------------------------------------------------------------------------------------------------------------+
Committed config: CDN_DP_region_0_5_c7
Info    : Done implementing datapath configurations. [DPOPT-4]
        : Selected 'very_fast' configuration 7 for module 'CDN_DP_region_0_5'.
          Optimizations applied to 'very_fast' configuration:
            rewriting(0), factoring(0), sharing(0), cmultcse(0), downsizing(0), speculation(0)
Info    : Implementing datapath configurations. [DPOPT-3]
        : Implementing datapath configurations for 'CDN_DP_region_18_0'
CSAGen Prep Share:0 Re-Write:16 Speculation: 0
Warning: (CSAGEN-QOR) CSA is rejected due to upper bit truncation.
:		sub_1078_29 -> SUB_TC_OP27.B
Warning: (CSAGEN-QOR) CSA is rejected due to upper bit truncation.
:		sub_1078_29 -> SUB_TC_OP23.A
Warning: (CSAGEN-QOR) CSA is rejected due to upper bit truncation.
:		sub_1079_29 -> SUB_TC_OP28.B
Warning: (CSAGEN-QOR) CSA is rejected due to upper bit truncation.
:		sub_1079_29 -> SUB_TC_OP24.A
MaxCSA: Successfully built Maximal CSA Expression Expr6
Info    : Accepted resource sharing opportunity. [RTLOPT-30]
        : Merged the following sets of instances in 'CDN_DP_region_18_0_c7 in WeightTransformRowConst_1':
	  (final_adder_SUB_TC_OP_139_pad, final_adder_ADD_TC_OP_148_pad)
	  (final_adder_SUB_TC_OP_103_pad, final_adder_ADD_TC_OP_112_pad)
	  (final_adder_SUB_TC_OP_11_pad, final_adder_ADD_TC_OP_14_pad)
	  (final_adder_SUB_TC_OP_5_pad, final_adder_ADD_TC_OP_8_pad)

Info    : Accepted resource sharing opportunity. [RTLOPT-30]
        : Merged the following sets of instances in 'CDN_DP_region_18_0_c7 in WeightTransformRowConst_1':
	  (csa_tree_fac472, csa_tree_fac449)
	  (csa_tree_fac470, csa_tree_fac447)
	  (csa_tree_fac457, csa_tree_fac440)
	  (csa_tree_fac456, csa_tree_fac439)

CDN_DP_region_18_0 level = 0 loads = 1 drivers = 0
CDN_DP_region_18_0_c0 in WeightTransformRowConst_1: area: 40243730815 ,dp = 48 mux = 4 sg = slow         worst_clk_period: -1.0000 
    wns: 0  norm_wns:  -1.0000 
    fail_endp: -1 
    tns:  0  tns_per_endp:  -1.0000   norm_tns_per_endp:  -1.0000 
    tns_sense_max:  -1.0000  tns_sense_avg:  -1.0000   tns_sense_num: -1
 skipped
CDN_DP_region_18_0_c1 in WeightTransformRowConst_1: area: 33096704420 ,dp = 43 mux = 4 sg = fast         worst_clk_period: -1.0000 
    wns: 0  norm_wns:  -1.0000 
    fail_endp: -1 
    tns:  0  tns_per_endp:  -1.0000   norm_tns_per_endp:  -1.0000 
    tns_sense_max:  -1.0000  tns_sense_avg:  -1.0000   tns_sense_num: -1
 is current best
CDN_DP_region_18_0_c2 in WeightTransformRowConst_1: area: 25778642870 ,dp = 37 mux = 4 sg = very_slow    worst_clk_period: -1.0000 
    wns: 0  norm_wns:  -1.0000 
    fail_endp: -1 
    tns:  0  tns_per_endp:  -1.0000   norm_tns_per_endp:  -1.0000 
    tns_sense_max:  -1.0000  tns_sense_avg:  -1.0000   tns_sense_num: -1
 is current best
CDN_DP_region_18_0_c3 in WeightTransformRowConst_1: area: 33096704420 ,dp = 43 mux = 4 sg = very_fast    worst_clk_period: -1.0000 
    wns: 0  norm_wns:  -1.0000 
    fail_endp: -1 
    tns:  0  tns_per_endp:  -1.0000   norm_tns_per_endp:  -1.0000 
    tns_sense_max:  -1.0000  tns_sense_avg:  -1.0000   tns_sense_num: -1

CDN_DP_region_18_0_c4 in WeightTransformRowConst_1: area: 25778642870 ,dp = 37 mux = 4 sg = very_fast    worst_clk_period: -1.0000 
    wns: 0  norm_wns:  -1.0000 
    fail_endp: -1 
    tns:  0  tns_per_endp:  -1.0000   norm_tns_per_endp:  -1.0000 
    tns_sense_max:  -1.0000  tns_sense_avg:  -1.0000   tns_sense_num: -1
 is current best
CDN_DP_region_18_0_c5 in WeightTransformRowConst_1: area: 25778642870 ,dp = 37 mux = 4 sg = very_fast    worst_clk_period: -1.0000 
    wns: 0  norm_wns:  -1.0000 
    fail_endp: -1 
    tns:  0  tns_per_endp:  -1.0000   norm_tns_per_endp:  -1.0000 
    tns_sense_max:  -1.0000  tns_sense_avg:  -1.0000   tns_sense_num: -1
 is current best
CDN_DP_region_18_0_c6 in WeightTransformRowConst_1: area: 33096704420 ,dp = 43 mux = 4 sg = very_fast    worst_clk_period: -1.0000 
    wns: 0  norm_wns:  -1.0000 
    fail_endp: -1 
    tns:  0  tns_per_endp:  -1.0000   norm_tns_per_endp:  -1.0000 
    tns_sense_max:  -1.0000  tns_sense_avg:  -1.0000   tns_sense_num: -1

CDN_DP_region_18_0_c7 in WeightTransformRowConst_1: area: 67239246755 ,dp = 50 mux = 8 sg = very_fast    worst_clk_period: -1.0000 
    wns: 0  norm_wns:  -1.0000 
    fail_endp: -1 
    tns:  0  tns_per_endp:  -1.0000   norm_tns_per_endp:  -1.0000 
    tns_sense_max:  -1.0000  tns_sense_avg:  -1.0000   tns_sense_num: -1

Best config: CDN_DP_region_18_0_c5 in WeightTransformRowConst_1: area: 25778642870 ,dp = 37 mux = 4 sg = very_fast    worst_clk_period: -1.0000 
    wns: 0  norm_wns:  -1.0000 
    fail_endp: -1 
    tns:  0  tns_per_endp:  -1.0000   norm_tns_per_endp:  -1.0000 
    tns_sense_max:  -1.0000  tns_sense_avg:  -1.0000   tns_sense_num: -1
  Smallest config area : 25778642870.  Fastest config wns;  0
##>+----------------------------------------------------------------------------------------------------------------------------------------------------------------+
##>Summary table of configs (Best config is CDN_DP_region_18_0_c5)
##>+----------------------------------------------------------------------------------------------------------------------------------------------------------------+
##>                     0                  1                  2                  3                  4                  5                  6                  7            
##>+----------------------------------------------------------------------------------------------------------------------------------------------------------------+
##>           Area      40243730815        33096704420        25778642870        33096704420        25778642870        25778642870        33096704420        67239246755  
##>            WNS          +786.60            +791.30            +791.30            +791.30            +791.30            +791.30            +791.30            +791.30  
##>            TNS                0                  0                  0                  0                  0                  0                  0                  0  
##>    Num Rewrite                0                  4                  0                  4                  0                  0                  4                 16  
##>     Num Factor                0                  6                  4                  6                  4                  4                  6                 14  
##>      Num Share                0                  0                  0                  0                  0                  0                  0                  8  
##>   Num CmultCse                0                  0                  0                  0                  0                  0                  0                  0  
##>   Num Downsize                0                  0                  0                  0                  0                  0                  0                  0  
##>  Num Speculate                0                  0                  0                  0                  0                  0                  0                  0  
##>     Runtime(s)                0                  7                  6                  6                  6                  6                 12                 33  
+----------------------------------------------------------------------------------------------------------------------------------------------------------------+
##>
##>
##>+------------------------------------------------------------------------------------------------------------------------------------------------------------+
##>Optimization Step DEBUG Table for config CDN_DP_region_18_0_c5
##>
##>                          Step                        Area   ( % Chg)        WNS (Change)        TNS (Change)          Runtime (s)        Comment                   
##>+------------------------------------------------------------------------------------------------------------------------------------------------------------+
##>createMaxCarrySave              START            40243730815 (      )      786.60 (        )             0 (        )              
##> datapath_rewrite_one_def       START            40243730815 ( +0.00)      786.60 (   +0.00)             0 (       0)              
##>  fast_cse_elim                 START            40243730815 ( +0.00)      786.60 (   +0.00)             0 (       0)              
##>                                  END            40221299975 ( -0.06)      786.60 (   +0.00)             0 (       0)           0  
##>  fast_cse_elim                 START            40221299975 ( +0.00)      786.60 (   +0.00)             0 (       0)              
##>                                  END            40221299975 ( +0.00)      786.60 (   +0.00)             0 (       0)           0  
##>                                  END            40221299975 ( -0.06)      786.60 (   +0.00)             0 (       0)           0  
##> csa_opto                       START            40221299975 ( +0.00)      786.60 (   +0.00)             0 (       0)              
##>                                  END            30960166910 (-23.03)      790.00 (   +3.40)             0 (       0)           0  
##>                                  END            30960166910 (-23.07)      790.00 (   +3.40)             0 (       0)           0  
##>canonicalize_by_names           START            30960166910 ( +0.00)      790.00 (   +0.00)             0 (       0)              
##>                                  END            30960166910 ( +0.00)      790.00 (   +0.00)             0 (       0)           0  
##>datapath_rewrite_post_csa_one_  START            30960166910 ( +0.00)      790.00 (   +0.00)             0 (       0)              
##> rewrite                        START            30960166910 ( +0.00)      790.00 (   +0.00)             0 (       0)              (na,csaa) base_comb_signed_add_ci_exs_sub_from --> comb_signed_add_ci_exs_sub_to
##>                                  END            32067689635 ( +3.58)      790.00 (   +0.00)             0 (       0)           0  
##> rewrite                        START            30960166910 ( -3.45)      790.00 (   +0.00)             0 (       0)              (na,csaa) base_comb_signed_add_ci_lst_exs_sub_from --> comb_signed_add_ci_lst_exs_sub_to
##>                                  END            32045258795 ( +3.50)      790.00 (   +0.00)             0 (       0)           0  
##> rewrite                        START            30960166910 ( -3.39)      790.00 (   +0.00)             0 (       0)              (na,csaa) base_comb_signed_add_ci_ldp_lst_exs_p_sub_from --> comb_signed_add_ci_ldp_lst_exs_p_sub_to
##>                                  END            32098532040 ( +3.68)      790.00 (   +0.00)             0 (       0)           0  
##>                                  END            30960166910 ( +0.00)      790.00 (   +0.00)             0 (       0)           0  
##>datapath_csa_factoring_one_gde  START            30960166910 ( +0.00)      790.00 (   +0.00)             0 (       0)              
##>                                  END            27704891255 (-10.51)      791.30 (   +1.30)             0 (       0)           0  
##>dpopt_share_one_def             START            27704891255 ( +0.00)      791.30 (   +0.00)             0 (       0)              
##>                                  END            27704891255 ( +0.00)      791.30 (   +0.00)             0 (       0)           1  
##>datapath_rewrite_post_share     START            27704891255 ( +0.00)      791.30 (   +0.00)             0 (       0)              
##>                                  END            27704891255 ( +0.00)      791.30 (   +0.00)             0 (       0)           0  
##>dp_combine_const_mult_with_com  START            27704891255 ( +0.00)      791.30 (   +0.00)             0 (       0)              
##>                                  END            27704891255 ( +0.00)      791.30 (   +0.00)             0 (       0)           0  
##>dp_operator_level_decompositio  START            27704891255 ( +0.00)      791.30 (   +0.00)             0 (       0)              
##>                                  END            27704891255 ( +0.00)      791.30 (   +0.00)             0 (       0)           0  
##>selective_flatten_dp_config     START            27704891255 ( +0.00)      791.30 (   +0.00)             0 (       0)              
##>                                  END            27704891255 ( +0.00)      791.30 (   +0.00)             0 (       0)           0  
##>createMaxCarrySave              START            27704891255 ( +0.00)      791.30 (   +0.00)             0 (       0)              
##> datapath_rewrite_one_def       START            27704891255 ( +0.00)      791.30 (   +0.00)             0 (       0)              
##>  fast_cse_elim                 START            27704891255 ( +0.00)      791.30 (   +0.00)             0 (       0)              
##>                                  END            27704891255 ( +0.00)      791.30 (   +0.00)             0 (       0)           0  
##>  fast_cse_elim                 START            27704891255 ( +0.00)      791.30 (   +0.00)             0 (       0)              
##>                                  END            27704891255 ( +0.00)      791.30 (   +0.00)             0 (       0)           0  
##>                                  END            27704891255 ( +0.00)      791.30 (   +0.00)             0 (       0)           0  
##> csa_opto                       START            27704891255 ( +0.00)      791.30 (   +0.00)             0 (       0)              
##>                                  END            27704891255 ( +0.00)      791.30 (   +0.00)             0 (       0)           0  
##>                                  END            27704891255 ( +0.00)      791.30 (   +0.00)             0 (       0)           0  
##>datapath_rewrite_post_csa_one_  START            27704891255 ( +0.00)      791.30 (   +0.00)             0 (       0)              
##> rewrite                        START            27704891255 ( +0.00)      791.30 (   +0.00)             0 (       0)              (na,csaa) combined_csa2_signed_csa_signed_from --> combined_csa2_signed_csa_signed_to
##>                                  END            30550804080 (+10.27)      791.30 (   +0.00)             0 (       0)           0  
##> rewrite                        START            27704891255 ( -9.32)      791.30 (   +0.00)             0 (       0)              (na,csaa) combined_csa2_signed_csa_signed_from --> combined_csa2_signed_csa_signed_to
##>                                  END            30584450340 (+10.39)      791.30 (   +0.00)             0 (       0)           0  
##>                                  END            27704891255 ( +0.00)      791.30 (   +0.00)             0 (       0)           0  
##>datapath_csa_factoring_one_gde  START            27704891255 ( +0.00)      791.30 (   +0.00)             0 (       0)              
##>                                  END            26748776700 ( -3.45)      791.30 (   +0.00)             0 (       0)           0  
##>dpopt_share_one_def             START            26748776700 ( +0.00)      791.30 (   +0.00)             0 (       0)              
##>                                  END            26748776700 ( +0.00)      791.30 (   +0.00)             0 (       0)           1  
##>datapath_rewrite_post_share     START            26748776700 ( +0.00)      791.30 (   +0.00)             0 (       0)              
##>                                  END            26748776700 ( +0.00)      791.30 (   +0.00)             0 (       0)           0  
##>dp_combine_const_mult_with_com  START            26748776700 ( +0.00)      791.30 (   +0.00)             0 (       0)              
##>                                  END            26748776700 ( +0.00)      791.30 (   +0.00)             0 (       0)           0  
##>dp_operator_level_decompositio  START            26748776700 ( +0.00)      791.30 (   +0.00)             0 (       0)              
##>                                  END            26748776700 ( +0.00)      791.30 (   +0.00)             0 (       0)           0  
##>selective_flatten_dp_config     START            26748776700 ( +0.00)      791.30 (   +0.00)             0 (       0)              
##>                                  END            26748776700 ( +0.00)      791.30 (   +0.00)             0 (       0)           0  
##>createMaxCarrySave              START            26748776700 ( +0.00)      791.30 (   +0.00)             0 (       0)              
##> datapath_rewrite_one_def       START            26748776700 ( +0.00)      791.30 (   +0.00)             0 (       0)              
##>  fast_cse_elim                 START            26748776700 ( +0.00)      791.30 (   +0.00)             0 (       0)              
##>                                  END            26748776700 ( +0.00)      791.30 (   +0.00)             0 (       0)           0  
##>  fast_cse_elim                 START            26748776700 ( +0.00)      791.30 (   +0.00)             0 (       0)              
##>                                  END            26748776700 ( +0.00)      791.30 (   +0.00)             0 (       0)           0  
##>                                  END            26748776700 ( +0.00)      791.30 (   +0.00)             0 (       0)           0  
##> csa_opto                       START            26748776700 ( +0.00)      791.30 (   +0.00)             0 (       0)              
##>                                  END            26748776700 ( +0.00)      791.30 (   +0.00)             0 (       0)           0  
##>                                  END            26748776700 ( +0.00)      791.30 (   +0.00)             0 (       0)           0  
##>datapath_rewrite_post_csa_one_  START            26748776700 ( +0.00)      791.30 (   +0.00)             0 (       0)              
##> rewrite                        START            26748776700 ( +0.00)      791.30 (   +0.00)             0 (       0)              (na,csaa) base_comb_signed_add_ci_lst_exs_sub_from --> comb_signed_add_ci_lst_exs_comp_sub_to
##>                                  END            29148876580 ( +8.97)      791.30 (   +0.00)             0 (       0)           0  
##> rewrite                        START            26748776700 ( -8.23)      791.30 (   +0.00)             0 (       0)              (na,csaa) combined_csa2_signed_csa_signed_from --> combined_csa2_signed_csa_signed_to
##>                                  END            28431089700 ( +6.29)      791.30 (   +0.00)             0 (       0)           0  
##> rewrite                        START            26748776700 ( -5.92)      791.30 (   +0.00)             0 (       0)              (na,csaa) combined_csa2_signed_csa_signed_from --> combined_csa2_signed_csa_signed_to
##>                                  END            28394639585 ( +6.15)      791.30 (   +0.00)             0 (       0)           0  
##> rewrite                        START            26748776700 ( -5.80)      791.30 (   +0.00)             0 (       0)              (na,csaa) combined_csa2_signed_csa_signed_from --> combined_csa2_signed_csa_signed_to
##>                                  END            27494602130 ( +2.79)      791.30 (   +0.00)             0 (       0)           0  
##>                                  END            26748776700 ( +0.00)      791.30 (   +0.00)             0 (       0)           0  
##>datapath_csa_factoring_one_gde  START            26748776700 ( +0.00)      791.30 (   +0.00)             0 (       0)              
##>                                  END            26748776700 ( +0.00)      791.30 (   +0.00)             0 (       0)           0  
##>dpopt_share_one_def             START            26748776700 ( +0.00)      791.30 (   +0.00)             0 (       0)              
##>                                  END            26748776700 ( +0.00)      791.30 (   +0.00)             0 (       0)           1  
##>datapath_rewrite_post_share     START            26748776700 ( +0.00)      791.30 (   +0.00)             0 (       0)              
##>                                  END            26748776700 ( +0.00)      791.30 (   +0.00)             0 (       0)           0  
##>dp_combine_const_mult_with_com  START            26748776700 ( +0.00)      791.30 (   +0.00)             0 (       0)              
##>                                  END            26748776700 ( +0.00)      791.30 (   +0.00)             0 (       0)           0  
##>dp_operator_level_decompositio  START            26748776700 ( +0.00)      791.30 (   +0.00)             0 (       0)              
##>                                  END            26748776700 ( +0.00)      791.30 (   +0.00)             0 (       0)           0  
##>selective_flatten_dp_config     START            26748776700 ( +0.00)      791.30 (   +0.00)             0 (       0)              
##>                                  END            26748776700 ( +0.00)      791.30 (   +0.00)             0 (       0)           0  
##>createMaxCarrySave              START            26748776700 ( +0.00)      791.30 (   +0.00)             0 (       0)              
##> datapath_rewrite_one_def       START            26748776700 ( +0.00)      791.30 (   +0.00)             0 (       0)              
##>  fast_cse_elim                 START            26748776700 ( +0.00)      791.30 (   +0.00)             0 (       0)              
##>                                  END            26748776700 ( +0.00)      791.30 (   +0.00)             0 (       0)           0  
##>  fast_cse_elim                 START            26748776700 ( +0.00)      791.30 (   +0.00)             0 (       0)              
##>                                  END            26748776700 ( +0.00)      791.30 (   +0.00)             0 (       0)           0  
##>                                  END            26748776700 ( +0.00)      791.30 (   +0.00)             0 (       0)           0  
##> csa_opto                       START            26748776700 ( +0.00)      791.30 (   +0.00)             0 (       0)              
##>                                  END            26748776700 ( +0.00)      791.30 (   +0.00)             0 (       0)           0  
##>                                  END            26748776700 ( +0.00)      791.30 (   +0.00)             0 (       0)           0  
##>context_based_simplify          START            26703915020 ( -0.17)      791.30 (   +0.00)             0 (       0)              
##>                                  END            26047812950 ( -2.46)      791.30 (   +0.00)             0 (       0)           0  
##>group_csa_final_adder_dp        START            26047812950 ( +0.00)      791.30 (   +0.00)             0 (       0)              
##>                                  END            26047812950 ( +0.00)      791.30 (   +0.00)             0 (       0)           0  
##>dpopt_flatten_critical_muxes_i  START            26047812950 ( +0.00)      791.30 (   +0.00)             0 (       0)              
##>                                  END            26047812950 ( +0.00)      791.30 (   +0.00)             0 (       0)           0  
##>create_score                    START            25778642870 ( -1.03)      791.30 (   +0.00)             0 (       0)              
##>                                  END            25778642870 ( +0.00)      791.30 (   +0.00)             0 (       0)           0  
##>+------------------------------------------------------------------------------------------------------------------------------------------------------------+
Committed config: CDN_DP_region_18_0_c5
Info    : Done implementing datapath configurations. [DPOPT-4]
        : Selected 'very_fast' configuration 5 for module 'CDN_DP_region_18_0'.
          Optimizations applied to 'very_fast' configuration:
            rewriting(0), factoring(4), sharing(0), cmultcse(0), downsizing(0), speculation(0)
Info    : Implementing datapath configurations. [DPOPT-3]
        : Implementing datapath configurations for 'CDN_DP_region_17_0'
CSAGen Prep Share:0 Re-Write:16 Speculation: 0
Warning: (CSAGEN-QOR) CSA is rejected due to upper bit truncation.
:		sub_1078_29 -> SUB_TC_OP27.B
Warning: (CSAGEN-QOR) CSA is rejected due to upper bit truncation.
:		sub_1078_29 -> SUB_TC_OP23.A
Warning: (CSAGEN-QOR) CSA is rejected due to upper bit truncation.
:		sub_1079_29 -> SUB_TC_OP28.B
Warning: (CSAGEN-QOR) CSA is rejected due to upper bit truncation.
:		sub_1079_29 -> SUB_TC_OP24.A
MaxCSA: Successfully built Maximal CSA Expression Expr7
Info    : Accepted resource sharing opportunity. [RTLOPT-30]
        : Merged the following sets of instances in 'CDN_DP_region_17_0_c7 in WeightTransformRowConst_0':
	  (final_adder_SUB_TC_OP_157_pad, final_adder_ADD_TC_OP_166_pad)
	  (final_adder_SUB_TC_OP_121_pad, final_adder_ADD_TC_OP_130_pad)
	  (final_adder_SUB_TC_OP_15_pad_pad, final_adder_ADD_TC_OP_20_pad_pad)
	  (final_adder_SUB_TC_OP_7_pad, final_adder_ADD_TC_OP_10_pad)

Info    : Accepted resource sharing opportunity. [RTLOPT-30]
        : Merged the following sets of instances in 'CDN_DP_region_17_0_c7 in WeightTransformRowConst_0':
	  (csa_tree_fac491, csa_tree_fac468)
	  (csa_tree_fac489, csa_tree_fac466)
	  (csa_tree_fac476, csa_tree_fac459)
	  (csa_tree_fac475, csa_tree_fac458)

CDN_DP_region_17_0 level = 0 loads = 1 drivers = 0
CDN_DP_region_17_0_c0 in WeightTransformRowConst_0: area: 40440000665 ,dp = 49 mux = 4 sg = slow         worst_clk_period: -1.0000 
    wns: 0  norm_wns:  -1.0000 
    fail_endp: -1 
    tns:  0  tns_per_endp:  -1.0000   norm_tns_per_endp:  -1.0000 
    tns_sense_max:  -1.0000  tns_sense_avg:  -1.0000   tns_sense_num: -1
 skipped
CDN_DP_region_17_0_c1 in WeightTransformRowConst_0: area: 34184600160 ,dp = 43 mux = 4 sg = fast         worst_clk_period: -1.0000 
    wns: 0  norm_wns:  -1.0000 
    fail_endp: -1 
    tns:  0  tns_per_endp:  -1.0000   norm_tns_per_endp:  -1.0000 
    tns_sense_max:  -1.0000  tns_sense_avg:  -1.0000   tns_sense_num: -1
 is current best
CDN_DP_region_17_0_c2 in WeightTransformRowConst_0: area: 26283336770 ,dp = 36 mux = 4 sg = very_slow    worst_clk_period: -1.0000 
    wns: 0  norm_wns:  -1.0000 
    fail_endp: -1 
    tns:  0  tns_per_endp:  -1.0000   norm_tns_per_endp:  -1.0000 
    tns_sense_max:  -1.0000  tns_sense_avg:  -1.0000   tns_sense_num: -1
 is current best
CDN_DP_region_17_0_c3 in WeightTransformRowConst_0: area: 34184600160 ,dp = 43 mux = 4 sg = very_fast    worst_clk_period: -1.0000 
    wns: 0  norm_wns:  -1.0000 
    fail_endp: -1 
    tns:  0  tns_per_endp:  -1.0000   norm_tns_per_endp:  -1.0000 
    tns_sense_max:  -1.0000  tns_sense_avg:  -1.0000   tns_sense_num: -1

CDN_DP_region_17_0_c4 in WeightTransformRowConst_0: area: 26283336770 ,dp = 36 mux = 4 sg = very_fast    worst_clk_period: -1.0000 
    wns: 0  norm_wns:  -1.0000 
    fail_endp: -1 
    tns:  0  tns_per_endp:  -1.0000   norm_tns_per_endp:  -1.0000 
    tns_sense_max:  -1.0000  tns_sense_avg:  -1.0000   tns_sense_num: -1
 is current best
CDN_DP_region_17_0_c5 in WeightTransformRowConst_0: area: 26283336770 ,dp = 36 mux = 4 sg = very_fast    worst_clk_period: -1.0000 
    wns: 0  norm_wns:  -1.0000 
    fail_endp: -1 
    tns:  0  tns_per_endp:  -1.0000   norm_tns_per_endp:  -1.0000 
    tns_sense_max:  -1.0000  tns_sense_avg:  -1.0000   tns_sense_num: -1
 is current best
CDN_DP_region_17_0_c6 in WeightTransformRowConst_0: area: 34184600160 ,dp = 43 mux = 4 sg = very_fast    worst_clk_period: -1.0000 
    wns: 0  norm_wns:  -1.0000 
    fail_endp: -1 
    tns:  0  tns_per_endp:  -1.0000   norm_tns_per_endp:  -1.0000 
    tns_sense_max:  -1.0000  tns_sense_avg:  -1.0000   tns_sense_num: -1

CDN_DP_region_17_0_c7 in WeightTransformRowConst_0: area: 65725165055 ,dp = 51 mux = 8 sg = very_fast    worst_clk_period: -1.0000 
    wns: 0  norm_wns:  -1.0000 
    fail_endp: -1 
    tns:  0  tns_per_endp:  -1.0000   norm_tns_per_endp:  -1.0000 
    tns_sense_max:  -1.0000  tns_sense_avg:  -1.0000   tns_sense_num: -1

Best config: CDN_DP_region_17_0_c5 in WeightTransformRowConst_0: area: 26283336770 ,dp = 36 mux = 4 sg = very_fast    worst_clk_period: -1.0000 
    wns: 0  norm_wns:  -1.0000 
    fail_endp: -1 
    tns:  0  tns_per_endp:  -1.0000   norm_tns_per_endp:  -1.0000 
    tns_sense_max:  -1.0000  tns_sense_avg:  -1.0000   tns_sense_num: -1
  Smallest config area : 26283336770.  Fastest config wns;  0
##>+----------------------------------------------------------------------------------------------------------------------------------------------------------------+
##>Summary table of configs (Best config is CDN_DP_region_17_0_c5)
##>+----------------------------------------------------------------------------------------------------------------------------------------------------------------+
##>                     0                  1                  2                  3                  4                  5                  6                  7            
##>+----------------------------------------------------------------------------------------------------------------------------------------------------------------+
##>           Area      40440000665        34184600160        26283336770        34184600160        26283336770        26283336770        34184600160        65725165055  
##>            WNS          +786.60           +1280.80           +1276.80           +1280.80           +1276.80           +1276.80           +1280.80           +1064.80  
##>            TNS                0                  0                  0                  0                  0                  0                  0                  0  
##>    Num Rewrite                0                  6                  0                  6                  0                  0                  6                 16  
##>     Num Factor                0                  4                  3                  4                  3                  3                  4                 13  
##>      Num Share                0                  0                  0                  0                  0                  0                  0                  8  
##>   Num CmultCse                0                  0                  0                  0                  0                  0                  0                  0  
##>   Num Downsize                0                  0                  0                  0                  0                  0                  0                  0  
##>  Num Speculate                0                  0                  0                  0                  0                  0                  0                  0  
##>     Runtime(s)                0                  7                  6                  7                  6                  6                 12                 33  
+----------------------------------------------------------------------------------------------------------------------------------------------------------------+
##>
##>
##>+------------------------------------------------------------------------------------------------------------------------------------------------------------+
##>Optimization Step DEBUG Table for config CDN_DP_region_17_0_c5
##>
##>                          Step                        Area   ( % Chg)        WNS (Change)        TNS (Change)          Runtime (s)        Comment                   
##>+------------------------------------------------------------------------------------------------------------------------------------------------------------+
##>createMaxCarrySave              START            40440000665 (      )      786.60 (        )             0 (        )              
##> datapath_rewrite_one_def       START            40440000665 ( +0.00)      786.60 (   +0.00)             0 (       0)              
##>  fast_cse_elim                 START            40440000665 ( +0.00)      786.60 (   +0.00)             0 (       0)              
##>                                  END            40417569825 ( -0.06)      786.60 (   +0.00)             0 (       0)           0  
##>  fast_cse_elim                 START            40417569825 ( +0.00)      786.60 (   +0.00)             0 (       0)              
##>                                  END            40417569825 ( +0.00)      786.60 (   +0.00)             0 (       0)           0  
##>                                  END            40417569825 ( -0.06)      786.60 (   +0.00)             0 (       0)           0  
##> csa_opto                       START            40417569825 ( +0.00)      786.60 (   +0.00)             0 (       0)              
##>                                  END            31156436760 (-22.91)     1282.90 ( +496.30)             0 (       0)           0  
##>                                  END            31156436760 (-22.96)     1282.90 ( +496.30)             0 (       0)           0  
##>canonicalize_by_names           START            31156436760 ( +0.00)     1282.90 (   +0.00)             0 (       0)              
##>                                  END            31156436760 ( +0.00)     1282.90 (   +0.00)             0 (       0)           0  
##>datapath_rewrite_post_csa_one_  START            31156436760 ( +0.00)     1282.90 (   +0.00)             0 (       0)              
##> rewrite                        START            31156436760 ( +0.00)     1282.90 (   +0.00)             0 (       0)              (na,csaa) base_comb_signed_add_ci_exs_sub_from --> comb_signed_add_ci_exs_sub_to
##>                                  END            32258351775 ( +3.54)     1258.60 (  -24.30)             0 (       0)           0  
##> rewrite                        START            31156436760 ( -3.42)     1282.90 (  +24.30)             0 (       0)              (na,csaa) base_comb_signed_add_ci_lst_exs_sub_from --> comb_signed_add_ci_lst_exs_sub_to
##>                                  END            32241528645 ( +3.48)     1282.90 (   +0.00)             0 (       0)           0  
##> rewrite                        START            31156436760 ( -3.37)     1282.90 (   +0.00)             0 (       0)              (na,csaa) base_comb_signed_add_ci_ldp_lst_exs_p_sub_from --> comb_signed_add_ci_ldp_lst_exs_p_sub_to
##>                                  END            32294801890 ( +3.65)     1266.10 (  -16.80)             0 (       0)           0  
##>                                  END            31156436760 ( +0.00)     1282.90 (   +0.00)             0 (       0)           0  
##>datapath_csa_factoring_one_gde  START            31156436760 ( +0.00)     1282.90 (   +0.00)             0 (       0)              
##>                                  END            27943218930 (-10.31)     1284.10 (   +1.20)             0 (       0)           0  
##>dpopt_share_one_def             START            27943218930 ( +0.00)     1284.10 (   +0.00)             0 (       0)              
##>                                  END            27943218930 ( +0.00)     1284.10 (   +0.00)             0 (       0)           1  
##>datapath_rewrite_post_share     START            27943218930 ( +0.00)     1284.10 (   +0.00)             0 (       0)              
##>                                  END            27943218930 ( +0.00)     1284.10 (   +0.00)             0 (       0)           0  
##>dp_combine_const_mult_with_com  START            27943218930 ( +0.00)     1284.10 (   +0.00)             0 (       0)              
##>                                  END            27943218930 ( +0.00)     1284.10 (   +0.00)             0 (       0)           0  
##>dp_operator_level_decompositio  START            27943218930 ( +0.00)     1284.10 (   +0.00)             0 (       0)              
##>                                  END            27943218930 ( +0.00)     1284.10 (   +0.00)             0 (       0)           0  
##>selective_flatten_dp_config     START            27943218930 ( +0.00)     1284.10 (   +0.00)             0 (       0)              
##>                                  END            27943218930 ( +0.00)     1284.10 (   +0.00)             0 (       0)           0  
##>createMaxCarrySave              START            27943218930 ( +0.00)     1284.10 (   +0.00)             0 (       0)              
##> datapath_rewrite_one_def       START            27943218930 ( +0.00)     1284.10 (   +0.00)             0 (       0)              
##>  fast_cse_elim                 START            27943218930 ( +0.00)     1284.10 (   +0.00)             0 (       0)              
##>                                  END            27943218930 ( +0.00)     1284.10 (   +0.00)             0 (       0)           0  
##>  fast_cse_elim                 START            27943218930 ( +0.00)     1284.10 (   +0.00)             0 (       0)              
##>                                  END            27943218930 ( +0.00)     1284.10 (   +0.00)             0 (       0)           0  
##>                                  END            27943218930 ( +0.00)     1284.10 (   +0.00)             0 (       0)           0  
##> csa_opto                       START            27943218930 ( +0.00)     1284.10 (   +0.00)             0 (       0)              
##>                                  END            27943218930 ( +0.00)     1284.10 (   +0.00)             0 (       0)           0  
##>                                  END            27943218930 ( +0.00)     1284.10 (   +0.00)             0 (       0)           0  
##>datapath_rewrite_post_csa_one_  START            27943218930 ( +0.00)     1284.10 (   +0.00)             0 (       0)              
##> rewrite                        START            27943218930 ( +0.00)     1284.10 (   +0.00)             0 (       0)              (na,csaa) combined_csa2_signed_csa_signed_from --> combined_csa2_signed_csa_signed_to
##>                                  END            30679781410 ( +9.79)     1282.90 (   -1.20)             0 (       0)           0  
##> rewrite                        START            27943218930 ( -8.92)     1284.10 (   +1.20)             0 (       0)              (na,csaa) combined_csa2_signed_csa_signed_from --> combined_csa2_signed_csa_signed_to
##>                                  END            30724643090 ( +9.95)     1282.90 (   -1.20)             0 (       0)           0  
##>                                  END            27943218930 ( +0.00)     1284.10 (   +0.00)             0 (       0)           0  
##>datapath_csa_factoring_one_gde  START            27943218930 ( +0.00)     1284.10 (   +0.00)             0 (       0)              
##>                                  END            27393663350 ( -1.97)     1263.50 (  -20.60)             0 (       0)           0  
##>dpopt_share_one_def             START            27393663350 ( +0.00)     1263.50 (   +0.00)             0 (       0)              
##>                                  END            27393663350 ( +0.00)     1263.50 (   +0.00)             0 (       0)           1  
##>datapath_rewrite_post_share     START            27393663350 ( +0.00)     1263.50 (   +0.00)             0 (       0)              
##>                                  END            27393663350 ( +0.00)     1263.50 (   +0.00)             0 (       0)           0  
##>dp_combine_const_mult_with_com  START            27393663350 ( +0.00)     1263.50 (   +0.00)             0 (       0)              
##>                                  END            27393663350 ( +0.00)     1263.50 (   +0.00)             0 (       0)           0  
##>dp_operator_level_decompositio  START            27393663350 ( +0.00)     1263.50 (   +0.00)             0 (       0)              
##>                                  END            27393663350 ( +0.00)     1263.50 (   +0.00)             0 (       0)           0  
##>selective_flatten_dp_config     START            27393663350 ( +0.00)     1263.50 (   +0.00)             0 (       0)              
##>                                  END            27393663350 ( +0.00)     1263.50 (   +0.00)             0 (       0)           0  
##>createMaxCarrySave              START            27393663350 ( +0.00)     1263.50 (   +0.00)             0 (       0)              
##> datapath_rewrite_one_def       START            27393663350 ( +0.00)     1263.50 (   +0.00)             0 (       0)              
##>  fast_cse_elim                 START            27393663350 ( +0.00)     1263.50 (   +0.00)             0 (       0)              
##>                                  END            27393663350 ( +0.00)     1263.50 (   +0.00)             0 (       0)           0  
##>  fast_cse_elim                 START            27393663350 ( +0.00)     1263.50 (   +0.00)             0 (       0)              
##>                                  END            27393663350 ( +0.00)     1263.50 (   +0.00)             0 (       0)           0  
##>                                  END            27393663350 ( +0.00)     1263.50 (   +0.00)             0 (       0)           0  
##> csa_opto                       START            27393663350 ( +0.00)     1263.50 (   +0.00)             0 (       0)              
##>                                  END            27393663350 ( +0.00)     1263.50 (   +0.00)             0 (       0)           0  
##>                                  END            27393663350 ( +0.00)     1263.50 (   +0.00)             0 (       0)           0  
##>datapath_rewrite_post_csa_one_  START            27393663350 ( +0.00)     1263.50 (   +0.00)             0 (       0)              
##> rewrite                        START            27393663350 ( +0.00)     1263.50 (   +0.00)             0 (       0)              (na,csaa) base_comb_signed_add_ci_lst_exs_sub_from --> comb_signed_add_ci_lst_exs_comp_sub_to
##>                                  END            29793763230 ( +8.76)     1263.50 (   +0.00)             0 (       0)           0  
##> rewrite                        START            27393663350 ( -8.06)     1263.50 (   +0.00)             0 (       0)              (na,csaa) combined_csa2_signed_csa_signed_from --> combined_csa2_signed_csa_signed_to
##>                                  END            29583474105 ( +7.99)     1263.80 (   +0.30)             0 (       0)           0  
##> rewrite                        START            27393663350 ( -7.40)     1263.50 (   -0.30)             0 (       0)              (na,csaa) combined_csa2_signed_csa_signed_from --> combined_csa2_signed_csa_signed_to
##>                                  END            29631139640 ( +8.17)     1263.80 (   +0.30)             0 (       0)           0  
##> rewrite                        START            27393663350 ( -7.55)     1263.50 (   -0.30)             0 (       0)              (na,csaa) combined_csa2_signed_csa_signed_from --> combined_csa2_signed_csa_signed_to
##>                                  END            28060980840 ( +2.44)     1263.40 (   -0.10)             0 (       0)           0  
##>                                  END            27393663350 ( +0.00)     1263.50 (   +0.00)             0 (       0)           0  
##>datapath_csa_factoring_one_gde  START            27393663350 ( +0.00)     1263.50 (   +0.00)             0 (       0)              
##>                                  END            27393663350 ( +0.00)     1263.50 (   +0.00)             0 (       0)           0  
##>dpopt_share_one_def             START            27393663350 ( +0.00)     1263.50 (   +0.00)             0 (       0)              
##>                                  END            27393663350 ( +0.00)     1263.50 (   +0.00)             0 (       0)           1  
##>datapath_rewrite_post_share     START            27393663350 ( +0.00)     1263.50 (   +0.00)             0 (       0)              
##>                                  END            27393663350 ( +0.00)     1263.50 (   +0.00)             0 (       0)           0  
##>dp_combine_const_mult_with_com  START            27393663350 ( +0.00)     1263.50 (   +0.00)             0 (       0)              
##>                                  END            27393663350 ( +0.00)     1263.50 (   +0.00)             0 (       0)           0  
##>dp_operator_level_decompositio  START            27393663350 ( +0.00)     1263.50 (   +0.00)             0 (       0)              
##>                                  END            27393663350 ( +0.00)     1263.50 (   +0.00)             0 (       0)           0  
##>selective_flatten_dp_config     START            27393663350 ( +0.00)     1263.50 (   +0.00)             0 (       0)              
##>                                  END            27393663350 ( +0.00)     1263.50 (   +0.00)             0 (       0)           0  
##>createMaxCarrySave              START            27393663350 ( +0.00)     1263.50 (   +0.00)             0 (       0)              
##> datapath_rewrite_one_def       START            27393663350 ( +0.00)     1263.50 (   +0.00)             0 (       0)              
##>  fast_cse_elim                 START            27393663350 ( +0.00)     1263.50 (   +0.00)             0 (       0)              
##>                                  END            27393663350 ( +0.00)     1263.50 (   +0.00)             0 (       0)           0  
##>  fast_cse_elim                 START            27393663350 ( +0.00)     1263.50 (   +0.00)             0 (       0)              
##>                                  END            27393663350 ( +0.00)     1263.50 (   +0.00)             0 (       0)           0  
##>                                  END            27393663350 ( +0.00)     1263.50 (   +0.00)             0 (       0)           0  
##> csa_opto                       START            27393663350 ( +0.00)     1263.50 (   +0.00)             0 (       0)              
##>                                  END            27393663350 ( +0.00)     1263.50 (   +0.00)             0 (       0)           0  
##>                                  END            27393663350 ( +0.00)     1263.50 (   +0.00)             0 (       0)           0  
##>context_based_simplify          START            27172158805 ( -0.81)     1263.50 (   +0.00)             0 (       0)              
##>                                  END            26516056735 ( -2.41)     1263.50 (   +0.00)             0 (       0)           0  
##>group_csa_final_adder_dp        START            26516056735 ( +0.00)     1263.50 (   +0.00)             0 (       0)              
##>                                  END            26600172385 ( +0.32)     1260.70 (   -2.80)             0 (       0)           0  
##>dpopt_flatten_critical_muxes_i  START            26600172385 ( +0.00)     1260.70 (   +0.00)             0 (       0)              
##>                                  END            26600172385 ( +0.00)     1260.70 (   +0.00)             0 (       0)           0  
##>create_score                    START            26283336770 ( -1.19)     1276.80 (  +16.10)             0 (       0)              
##>                                  END            26283336770 ( +0.00)     1276.80 (   +0.00)             0 (       0)           0  
##>+------------------------------------------------------------------------------------------------------------------------------------------------------------+
Committed config: CDN_DP_region_17_0_c5
Info    : Done implementing datapath configurations. [DPOPT-4]
        : Selected 'very_fast' configuration 5 for module 'CDN_DP_region_17_0'.
          Optimizations applied to 'very_fast' configuration:
            rewriting(0), factoring(3), sharing(0), cmultcse(0), downsizing(0), speculation(0)
Info    : Implementing datapath configurations. [DPOPT-3]
        : Implementing datapath configurations for 'CDN_DP_region_3_0'
CSAGen Prep Share:0 Re-Write:0 Speculation: 0
MaxCSA: Successfully built Maximal CSA Expression Expr8
MaxCSA: Successfully built Maximal CSA Expression Expr9
Info    : Accepted resource sharing opportunity. [RTLOPT-30]
        : Merged the following sets of instances in 'CDN_DP_region_3_0_c7 in InverseRowAccumulate_360':
	  (SUB_TC_OP17, ADD_TC_OP_16)
	  (SUB_TC_OP, ADD_TC_OP_1)

Info    : Accepted resource sharing opportunity. [RTLOPT-30]
        : Merged the following sets of instances in 'CDN_DP_region_3_0_c1 in InverseRowAccumulate_360':
	  (add_80_116, add_73_109)
	  (add_73_48, add_80_55)

Info    : Accepted resource sharing opportunity. [RTLOPT-30]
        : Merged the following sets of instances in 'CDN_DP_region_3_0_c2 in InverseRowAccumulate_360':
	  (add_80_116, add_73_109)
	  (add_73_48, add_80_55)

Info    : Accepted resource sharing opportunity. [RTLOPT-30]
        : Merged the following sets of instances in 'CDN_DP_region_3_0_c3 in InverseRowAccumulate_360':
	  (add_80_116, add_73_109)
	  (add_73_48, add_80_55)

Info    : Accepted resource sharing opportunity. [RTLOPT-30]
        : Merged the following sets of instances in 'CDN_DP_region_3_0_c4 in InverseRowAccumulate_360':
	  (add_80_116, add_73_109)
	  (add_73_48, add_80_55)

Info    : Accepted resource sharing opportunity. [RTLOPT-30]
        : Merged the following sets of instances in 'CDN_DP_region_3_0_c5 in InverseRowAccumulate_360':
	  (add_80_116, add_73_109)
	  (add_73_48, add_80_55)

Info    : Accepted resource sharing opportunity. [RTLOPT-30]
        : Merged the following sets of instances in 'CDN_DP_region_3_0_c6 in InverseRowAccumulate_360':
	  (add_80_116, add_73_109)
	  (add_73_48, add_80_55)

CDN_DP_region_3_0 level = 0 loads = 0 drivers = 0
CDN_DP_region_3_0_c0 in InverseRowAccumulate_360: area: 8585404010 ,dp = 10 mux = 4 sg = slow         worst_clk_period: -1.0000 
    wns: 0  norm_wns:  -1.0000 
    fail_endp: -1 
    tns:  0  tns_per_endp:  -1.0000   norm_tns_per_endp:  -1.0000 
    tns_sense_max:  -1.0000  tns_sense_avg:  -1.0000   tns_sense_num: -1
 skipped
CDN_DP_region_3_0_c1 in InverseRowAccumulate_360: area: 6544197570 ,dp = 5 mux = 6 sg = fast         worst_clk_period: -1.0000 
    wns: 0  norm_wns:  -1.0000 
    fail_endp: -1 
    tns:  0  tns_per_endp:  -1.0000   norm_tns_per_endp:  -1.0000 
    tns_sense_max:  -1.0000  tns_sense_avg:  -1.0000   tns_sense_num: -1
 is current best
CDN_DP_region_3_0_c2 in InverseRowAccumulate_360: area: 6544197570 ,dp = 5 mux = 6 sg = very_slow    worst_clk_period: -1.0000 
    wns: 0  norm_wns:  -1.0000 
    fail_endp: -1 
    tns:  0  tns_per_endp:  -1.0000   norm_tns_per_endp:  -1.0000 
    tns_sense_max:  -1.0000  tns_sense_avg:  -1.0000   tns_sense_num: -1
 is current best
CDN_DP_region_3_0_c3 in InverseRowAccumulate_360: area: 6544197570 ,dp = 5 mux = 6 sg = very_fast    worst_clk_period: -1.0000 
    wns: 0  norm_wns:  -1.0000 
    fail_endp: -1 
    tns:  0  tns_per_endp:  -1.0000   norm_tns_per_endp:  -1.0000 
    tns_sense_max:  -1.0000  tns_sense_avg:  -1.0000   tns_sense_num: -1
 is current best
CDN_DP_region_3_0_c4 in InverseRowAccumulate_360: area: 6544197570 ,dp = 5 mux = 6 sg = very_fast    worst_clk_period: -1.0000 
    wns: 0  norm_wns:  -1.0000 
    fail_endp: -1 
    tns:  0  tns_per_endp:  -1.0000   norm_tns_per_endp:  -1.0000 
    tns_sense_max:  -1.0000  tns_sense_avg:  -1.0000   tns_sense_num: -1
 is current best
CDN_DP_region_3_0_c5 in InverseRowAccumulate_360: area: 6544197570 ,dp = 5 mux = 6 sg = very_fast    worst_clk_period: -1.0000 
    wns: 0  norm_wns:  -1.0000 
    fail_endp: -1 
    tns:  0  tns_per_endp:  -1.0000   norm_tns_per_endp:  -1.0000 
    tns_sense_max:  -1.0000  tns_sense_avg:  -1.0000   tns_sense_num: -1
 is current best
CDN_DP_region_3_0_c6 in InverseRowAccumulate_360: area: 6544197570 ,dp = 5 mux = 6 sg = very_fast    worst_clk_period: -1.0000 
    wns: 0  norm_wns:  -1.0000 
    fail_endp: -1 
    tns:  0  tns_per_endp:  -1.0000   norm_tns_per_endp:  -1.0000 
    tns_sense_max:  -1.0000  tns_sense_avg:  -1.0000   tns_sense_num: -1
 is current best
CDN_DP_region_3_0_c7 in InverseRowAccumulate_360: area: 6617097800 ,dp = 5 mux = 5 sg = very_fast    worst_clk_period: -1.0000 
    wns: 0  norm_wns:  -1.0000 
    fail_endp: -1 
    tns:  0  tns_per_endp:  -1.0000   norm_tns_per_endp:  -1.0000 
    tns_sense_max:  -1.0000  tns_sense_avg:  -1.0000   tns_sense_num: -1

Best config: CDN_DP_region_3_0_c6 in InverseRowAccumulate_360: area: 6544197570 ,dp = 5 mux = 6 sg = very_fast    worst_clk_period: -1.0000 
    wns: 0  norm_wns:  -1.0000 
    fail_endp: -1 
    tns:  0  tns_per_endp:  -1.0000   norm_tns_per_endp:  -1.0000 
    tns_sense_max:  -1.0000  tns_sense_avg:  -1.0000   tns_sense_num: -1
  Smallest config area : 6544197570.  Fastest config wns;  0
##>+----------------------------------------------------------------------------------------------------------------------------------------------------------------+
##>Summary table of configs (Best config is CDN_DP_region_3_0_c6)
##>+----------------------------------------------------------------------------------------------------------------------------------------------------------------+
##>                     0                  1                  2                  3                  4                  5                  6                  7            
##>+----------------------------------------------------------------------------------------------------------------------------------------------------------------+
##>           Area       8585404010         6544197570         6544197570         6544197570         6544197570         6544197570         6544197570         6617097800  
##>            WNS          +895.30            +895.70            +895.70            +895.70            +895.70            +895.70            +895.70            +885.10  
##>            TNS                0                  0                  0                  0                  0                  0                  0                  0  
##>    Num Rewrite                0                  0                  0                  0                  0                  0                  0                  0  
##>     Num Factor                0                  0                  0                  0                  0                  0                  0                  0  
##>      Num Share                0                  2                  2                  2                  2                  2                  2                  2  
##>   Num CmultCse                0                  0                  0                  0                  0                  0                  0                  0  
##>   Num Downsize                0                  0                  0                  0                  0                  0                  0                  0  
##>  Num Speculate                0                  0                  0                  0                  0                  0                  0                  0  
##>     Runtime(s)                0                  0                  0                  0                  0                  0                  0                  0  
+----------------------------------------------------------------------------------------------------------------------------------------------------------------+
##>
##>
##>+------------------------------------------------------------------------------------------------------------------------------------------------------------+
##>Optimization Step DEBUG Table for config CDN_DP_region_3_0_c6
##>
##>                          Step                        Area   ( % Chg)        WNS (Change)        TNS (Change)          Runtime (s)        Comment                   
##>+------------------------------------------------------------------------------------------------------------------------------------------------------------+
##>createMaxCarrySave              START             8585404010 (      )    107375077.70 (        )             0 (        )              
##> datapath_rewrite_one_def       START             8585404010 ( +0.00)    107375077.70 (   +0.00)             0 (       0)              
##>  fast_cse_elim                 START             8585404010 ( +0.00)    107375077.70 (   +0.00)             0 (       0)              
##>                                  END             8501288360 ( -0.98)    107375077.70 (   +0.00)             0 (       0)           0  
##>  fast_cse_elim                 START             8501288360 ( +0.00)    107375077.70 (   +0.00)             0 (       0)              
##>                                  END             8501288360 ( +0.00)    107375077.70 (   +0.00)             0 (       0)           0  
##>                                  END             8501288360 ( -0.98)    107375077.70 (   +0.00)             0 (       0)           0  
##> dpopt_share_one_def            START             8501288360 ( +0.00)    107375077.70 (   +0.00)             0 (       0)              
##>                                  END             6549805280 (-22.96)    107375078.10 (   +0.40)             0 (       0)           0  
##> csa_opto                       START             6549805280 ( +0.00)    214748364.70 (+107373286.60)             0 (       0)              
##>                                  END             6549805280 ( +0.00)    214748364.70 (   +0.00)             0 (       0)           0  
##>                                  END             6549805280 (-23.71)    214748364.70 (+107373287.00)             0 (       0)           0  
##>canonicalize_by_names           START             6549805280 ( +0.00)    214748364.70 (   +0.00)             0 (       0)              
##>                                  END             6549805280 ( +0.00)    214748364.70 (   +0.00)             0 (       0)           0  
##>datapath_rewrite_post_csa_one_  START             6549805280 ( +0.00)    214748364.70 (   +0.00)             0 (       0)              
##>                                  END             6549805280 ( +0.00)    214748364.70 (   +0.00)             0 (       0)           0  
##>datapath_csa_factoring_one_gde  START             6549805280 ( +0.00)    214748364.70 (   +0.00)             0 (       0)              
##>                                  END             6549805280 ( +0.00)    214748364.70 (   +0.00)             0 (       0)           0  
##>dpopt_share_one_def             START             6549805280 ( +0.00)    214748364.70 (   +0.00)             0 (       0)              
##>                                  END             6549805280 ( +0.00)    214748364.70 (   +0.00)             0 (       0)           0  
##>datapath_rewrite_post_share     START             6549805280 ( +0.00)    214748364.70 (   +0.00)             0 (       0)              
##>                                  END             6549805280 ( +0.00)    214748364.70 (   +0.00)             0 (       0)           0  
##>dp_combine_const_mult_with_com  START             6549805280 ( +0.00)    214748364.70 (   +0.00)             0 (       0)              
##>                                  END             6549805280 ( +0.00)    214748364.70 (   +0.00)             0 (       0)           0  
##>speculate_in_gdef               START             6549805280 ( +0.00)    214748364.70 (   +0.00)             0 (       0)              
##> pre_speculate_mux_merge        START             6549805280 ( +0.00)    214748364.70 (   +0.00)             0 (       0)              
##>                                  END             6549805280 ( +0.00)    214748364.70 (   +0.00)             0 (       0)           0  
##>                                  END             6549805280 ( +0.00)    214748364.70 (   +0.00)             0 (       0)           0  
##>dp_operator_level_decompositio  START             6549805280 ( +0.00)    214748364.70 (   +0.00)             0 (       0)              
##>                                  END             6549805280 ( +0.00)    214748364.70 (   +0.00)             0 (       0)           0  
##>selective_flatten_dp_config     START             6549805280 ( +0.00)    214748364.70 (   +0.00)             0 (       0)              
##>                                  END             6549805280 ( +0.00)    214748364.70 (   +0.00)             0 (       0)           0  
##>createMaxCarrySave              START             6549805280 ( +0.00)    214748364.70 (   +0.00)             0 (       0)              
##> datapath_rewrite_one_def       START             6549805280 ( +0.00)    214748364.70 (   +0.00)             0 (       0)              
##>  fast_cse_elim                 START             6549805280 ( +0.00)    214748364.70 (   +0.00)             0 (       0)              
##>                                  END             6544197570 ( -0.09)    214748364.70 (   +0.00)             0 (       0)           0  
##>  fast_cse_elim                 START             6544197570 ( +0.00)    214748364.70 (   +0.00)             0 (       0)              
##>                                  END             6544197570 ( +0.00)    214748364.70 (   +0.00)             0 (       0)           0  
##>                                  END             6544197570 ( -0.09)    214748364.70 (   +0.00)             0 (       0)           0  
##> dpopt_share_one_def            START             6544197570 ( +0.00)    214748364.70 (   +0.00)             0 (       0)              
##>                                  END             6544197570 ( +0.00)    214748364.70 (   +0.00)             0 (       0)           0  
##> csa_opto                       START             6544197570 ( +0.00)    214748364.70 (   +0.00)             0 (       0)              
##>                                  END             6544197570 ( +0.00)    214748364.70 (   +0.00)             0 (       0)           0  
##>                                  END             6544197570 ( -0.09)    214748364.70 (   +0.00)             0 (       0)           0  
##>context_based_simplify          START             6544197570 ( +0.00)    214748364.70 (   +0.00)             0 (       0)              
##>                                  END             6544197570 ( +0.00)    214748364.70 (   +0.00)             0 (       0)           0  
##>group_csa_final_adder_dp        START             6544197570 ( +0.00)    214748364.70 (   +0.00)             0 (       0)              
##>                                  END             6544197570 ( +0.00)    214748364.70 (   +0.00)             0 (       0)           0  
##>dpopt_flatten_critical_muxes_i  START             6544197570 ( +0.00)    214748364.70 (   +0.00)             0 (       0)              
##>                                  END             6544197570 ( +0.00)    214748364.70 (   +0.00)             0 (       0)           0  
##>speculate_in_gdef               START             6544197570 ( +0.00)    214748364.70 (   +0.00)             0 (       0)              
##> pre_speculate_mux_merge        START             6544197570 ( +0.00)    214748364.70 (   +0.00)             0 (       0)              
##>                                  END             6544197570 ( +0.00)    214748364.70 (   +0.00)             0 (       0)           0  
##>                                  END             6544197570 ( +0.00)    214748364.70 (   +0.00)             0 (       0)           0  
##>create_score                    START             6544197570 ( +0.00)      895.70 (-214747469.00)             0 (       0)              
##>                                  END             6544197570 ( +0.00)      895.70 (   +0.00)             0 (       0)           0  
##>+------------------------------------------------------------------------------------------------------------------------------------------------------------+
Committed config: CDN_DP_region_3_0_c6
Info    : Done implementing datapath configurations. [DPOPT-4]
        : Selected 'very_fast' configuration 6 for module 'CDN_DP_region_3_0'.
          Optimizations applied to 'very_fast' configuration:
            rewriting(0), factoring(0), sharing(2), cmultcse(0), downsizing(0), speculation(0)
Info    : Implementing datapath configurations. [DPOPT-3]
        : Implementing datapath configurations for 'CDN_DP_region_2_0'
CSAGen Prep Share:0 Re-Write:0 Speculation: 0
MaxCSA: Successfully built Maximal CSA Expression Expr10
Info    : Accepted resource sharing opportunity. [RTLOPT-30]
        : Merged the following sets of instances in 'CDN_DP_region_2_0_c7 in InverseRowAccumulate':
	  (SUB_TC_OP17, ADD_TC_OP_16)
	  (SUB_TC_OP, ADD_TC_OP_1)

MaxCSA: Successfully built Maximal CSA Expression Expr11
Info    : Accepted resource sharing opportunity. [RTLOPT-30]
        : Merged the following sets of instances in 'CDN_DP_region_2_0_c1 in InverseRowAccumulate':
	  (add_80_116, add_73_109)
	  (add_73_48, add_80_55)

Info    : Accepted resource sharing opportunity. [RTLOPT-30]
        : Merged the following sets of instances in 'CDN_DP_region_2_0_c2 in InverseRowAccumulate':
	  (add_80_116, add_73_109)
	  (add_73_48, add_80_55)

Info    : Accepted resource sharing opportunity. [RTLOPT-30]
        : Merged the following sets of instances in 'CDN_DP_region_2_0_c3 in InverseRowAccumulate':
	  (add_80_116, add_73_109)
	  (add_73_48, add_80_55)

Info    : Accepted resource sharing opportunity. [RTLOPT-30]
        : Merged the following sets of instances in 'CDN_DP_region_2_0_c4 in InverseRowAccumulate':
	  (add_80_116, add_73_109)
	  (add_73_48, add_80_55)

Info    : Accepted resource sharing opportunity. [RTLOPT-30]
        : Merged the following sets of instances in 'CDN_DP_region_2_0_c5 in InverseRowAccumulate':
	  (add_80_116, add_73_109)
	  (add_73_48, add_80_55)

Info    : Accepted resource sharing opportunity. [RTLOPT-30]
        : Merged the following sets of instances in 'CDN_DP_region_2_0_c6 in InverseRowAccumulate':
	  (add_80_116, add_73_109)
	  (add_73_48, add_80_55)

CDN_DP_region_2_0 level = 0 loads = 0 drivers = 0
CDN_DP_region_2_0_c0 in InverseRowAccumulate: area: 8585404010 ,dp = 10 mux = 4 sg = slow         worst_clk_period: -1.0000 
    wns: 0  norm_wns:  -1.0000 
    fail_endp: -1 
    tns:  0  tns_per_endp:  -1.0000   norm_tns_per_endp:  -1.0000 
    tns_sense_max:  -1.0000  tns_sense_avg:  -1.0000   tns_sense_num: -1
 skipped
CDN_DP_region_2_0_c1 in InverseRowAccumulate: area: 6544197570 ,dp = 5 mux = 6 sg = fast         worst_clk_period: -1.0000 
    wns: 0  norm_wns:  -1.0000 
    fail_endp: -1 
    tns:  0  tns_per_endp:  -1.0000   norm_tns_per_endp:  -1.0000 
    tns_sense_max:  -1.0000  tns_sense_avg:  -1.0000   tns_sense_num: -1
 is current best
CDN_DP_region_2_0_c2 in InverseRowAccumulate: area: 6544197570 ,dp = 5 mux = 6 sg = very_slow    worst_clk_period: -1.0000 
    wns: 0  norm_wns:  -1.0000 
    fail_endp: -1 
    tns:  0  tns_per_endp:  -1.0000   norm_tns_per_endp:  -1.0000 
    tns_sense_max:  -1.0000  tns_sense_avg:  -1.0000   tns_sense_num: -1
 is current best
CDN_DP_region_2_0_c3 in InverseRowAccumulate: area: 6544197570 ,dp = 5 mux = 6 sg = very_fast    worst_clk_period: -1.0000 
    wns: 0  norm_wns:  -1.0000 
    fail_endp: -1 
    tns:  0  tns_per_endp:  -1.0000   norm_tns_per_endp:  -1.0000 
    tns_sense_max:  -1.0000  tns_sense_avg:  -1.0000   tns_sense_num: -1
 is current best
CDN_DP_region_2_0_c4 in InverseRowAccumulate: area: 6544197570 ,dp = 5 mux = 6 sg = very_fast    worst_clk_period: -1.0000 
    wns: 0  norm_wns:  -1.0000 
    fail_endp: -1 
    tns:  0  tns_per_endp:  -1.0000   norm_tns_per_endp:  -1.0000 
    tns_sense_max:  -1.0000  tns_sense_avg:  -1.0000   tns_sense_num: -1
 is current best
CDN_DP_region_2_0_c5 in InverseRowAccumulate: area: 6544197570 ,dp = 5 mux = 6 sg = very_fast    worst_clk_period: -1.0000 
    wns: 0  norm_wns:  -1.0000 
    fail_endp: -1 
    tns:  0  tns_per_endp:  -1.0000   norm_tns_per_endp:  -1.0000 
    tns_sense_max:  -1.0000  tns_sense_avg:  -1.0000   tns_sense_num: -1
 is current best
CDN_DP_region_2_0_c6 in InverseRowAccumulate: area: 6544197570 ,dp = 5 mux = 6 sg = very_fast    worst_clk_period: -1.0000 
    wns: 0  norm_wns:  -1.0000 
    fail_endp: -1 
    tns:  0  tns_per_endp:  -1.0000   norm_tns_per_endp:  -1.0000 
    tns_sense_max:  -1.0000  tns_sense_avg:  -1.0000   tns_sense_num: -1
 is current best
CDN_DP_region_2_0_c7 in InverseRowAccumulate: area: 6617097800 ,dp = 5 mux = 5 sg = very_fast    worst_clk_period: -1.0000 
    wns: 0  norm_wns:  -1.0000 
    fail_endp: -1 
    tns:  0  tns_per_endp:  -1.0000   norm_tns_per_endp:  -1.0000 
    tns_sense_max:  -1.0000  tns_sense_avg:  -1.0000   tns_sense_num: -1

Best config: CDN_DP_region_2_0_c6 in InverseRowAccumulate: area: 6544197570 ,dp = 5 mux = 6 sg = very_fast    worst_clk_period: -1.0000 
    wns: 0  norm_wns:  -1.0000 
    fail_endp: -1 
    tns:  0  tns_per_endp:  -1.0000   norm_tns_per_endp:  -1.0000 
    tns_sense_max:  -1.0000  tns_sense_avg:  -1.0000   tns_sense_num: -1
  Smallest config area : 6544197570.  Fastest config wns;  0
##>+----------------------------------------------------------------------------------------------------------------------------------------------------------------+
##>Summary table of configs (Best config is CDN_DP_region_2_0_c6)
##>+----------------------------------------------------------------------------------------------------------------------------------------------------------------+
##>                     0                  1                  2                  3                  4                  5                  6                  7            
##>+----------------------------------------------------------------------------------------------------------------------------------------------------------------+
##>           Area       8585404010         6544197570         6544197570         6544197570         6544197570         6544197570         6544197570         6617097800  
##>            WNS          +764.10            +764.10            +764.10            +764.10            +764.10            +764.10            +764.10            +765.30  
##>            TNS                0                  0                  0                  0                  0                  0                  0                  0  
##>    Num Rewrite                0                  0                  0                  0                  0                  0                  0                  0  
##>     Num Factor                0                  0                  0                  0                  0                  0                  0                  0  
##>      Num Share                0                  2                  2                  2                  2                  2                  2                  2  
##>   Num CmultCse                0                  0                  0                  0                  0                  0                  0                  0  
##>   Num Downsize                0                  0                  0                  0                  0                  0                  0                  0  
##>  Num Speculate                0                  0                  0                  0                  0                  0                  0                  0  
##>     Runtime(s)                0                  0                  0                  0                  0                  0                  0                  0  
+----------------------------------------------------------------------------------------------------------------------------------------------------------------+
##>
##>
##>+------------------------------------------------------------------------------------------------------------------------------------------------------------+
##>Optimization Step DEBUG Table for config CDN_DP_region_2_0_c6
##>
##>                          Step                        Area   ( % Chg)        WNS (Change)        TNS (Change)          Runtime (s)        Comment                   
##>+------------------------------------------------------------------------------------------------------------------------------------------------------------+
##>createMaxCarrySave              START             8585404010 (      )    107374946.50 (        )             0 (        )              
##> datapath_rewrite_one_def       START             8585404010 ( +0.00)    107374946.50 (   +0.00)             0 (       0)              
##>  fast_cse_elim                 START             8585404010 ( +0.00)    107374946.50 (   +0.00)             0 (       0)              
##>                                  END             8501288360 ( -0.98)    107374946.50 (   +0.00)             0 (       0)           0  
##>  fast_cse_elim                 START             8501288360 ( +0.00)    107374946.50 (   +0.00)             0 (       0)              
##>                                  END             8501288360 ( +0.00)    107374946.50 (   +0.00)             0 (       0)           0  
##>                                  END             8501288360 ( -0.98)    107374946.50 (   +0.00)             0 (       0)           0  
##> dpopt_share_one_def            START             8501288360 ( +0.00)    107374946.50 (   +0.00)             0 (       0)              
##>                                  END             6549805280 (-22.96)    107374946.50 (   +0.00)             0 (       0)           0  
##> csa_opto                       START             6549805280 ( +0.00)    214748364.70 (+107373418.20)             0 (       0)              
##>                                  END             6549805280 ( +0.00)    214748364.70 (   +0.00)             0 (       0)           0  
##>                                  END             6549805280 (-23.71)    214748364.70 (+107373418.20)             0 (       0)           0  
##>canonicalize_by_names           START             6549805280 ( +0.00)    214748364.70 (   +0.00)             0 (       0)              
##>                                  END             6549805280 ( +0.00)    214748364.70 (   +0.00)             0 (       0)           0  
##>datapath_rewrite_post_csa_one_  START             6549805280 ( +0.00)    214748364.70 (   +0.00)             0 (       0)              
##>                                  END             6549805280 ( +0.00)    214748364.70 (   +0.00)             0 (       0)           0  
##>datapath_csa_factoring_one_gde  START             6549805280 ( +0.00)    214748364.70 (   +0.00)             0 (       0)              
##>                                  END             6549805280 ( +0.00)    214748364.70 (   +0.00)             0 (       0)           0  
##>dpopt_share_one_def             START             6549805280 ( +0.00)    214748364.70 (   +0.00)             0 (       0)              
##>                                  END             6549805280 ( +0.00)    214748364.70 (   +0.00)             0 (       0)           0  
##>datapath_rewrite_post_share     START             6549805280 ( +0.00)    214748364.70 (   +0.00)             0 (       0)              
##>                                  END             6549805280 ( +0.00)    214748364.70 (   +0.00)             0 (       0)           0  
##>dp_combine_const_mult_with_com  START             6549805280 ( +0.00)    214748364.70 (   +0.00)             0 (       0)              
##>                                  END             6549805280 ( +0.00)    214748364.70 (   +0.00)             0 (       0)           0  
##>speculate_in_gdef               START             6549805280 ( +0.00)    214748364.70 (   +0.00)             0 (       0)              
##> pre_speculate_mux_merge        START             6549805280 ( +0.00)    214748364.70 (   +0.00)             0 (       0)              
##>                                  END             6549805280 ( +0.00)    214748364.70 (   +0.00)             0 (       0)           0  
##>                                  END             6549805280 ( +0.00)    214748364.70 (   +0.00)             0 (       0)           0  
##>dp_operator_level_decompositio  START             6549805280 ( +0.00)    214748364.70 (   +0.00)             0 (       0)              
##>                                  END             6549805280 ( +0.00)    214748364.70 (   +0.00)             0 (       0)           0  
##>selective_flatten_dp_config     START             6549805280 ( +0.00)    214748364.70 (   +0.00)             0 (       0)              
##>                                  END             6549805280 ( +0.00)    214748364.70 (   +0.00)             0 (       0)           0  
##>createMaxCarrySave              START             6549805280 ( +0.00)    214748364.70 (   +0.00)             0 (       0)              
##> datapath_rewrite_one_def       START             6549805280 ( +0.00)    214748364.70 (   +0.00)             0 (       0)              
##>  fast_cse_elim                 START             6549805280 ( +0.00)    214748364.70 (   +0.00)             0 (       0)              
##>                                  END             6544197570 ( -0.09)    214748364.70 (   +0.00)             0 (       0)           0  
##>  fast_cse_elim                 START             6544197570 ( +0.00)    214748364.70 (   +0.00)             0 (       0)              
##>                                  END             6544197570 ( +0.00)    214748364.70 (   +0.00)             0 (       0)           0  
##>                                  END             6544197570 ( -0.09)    214748364.70 (   +0.00)             0 (       0)           0  
##> dpopt_share_one_def            START             6544197570 ( +0.00)    214748364.70 (   +0.00)             0 (       0)              
##>                                  END             6544197570 ( +0.00)    214748364.70 (   +0.00)             0 (       0)           0  
##> csa_opto                       START             6544197570 ( +0.00)    214748364.70 (   +0.00)             0 (       0)              
##>                                  END             6544197570 ( +0.00)    214748364.70 (   +0.00)             0 (       0)           0  
##>                                  END             6544197570 ( -0.09)    214748364.70 (   +0.00)             0 (       0)           0  
##>context_based_simplify          START             6544197570 ( +0.00)    214748364.70 (   +0.00)             0 (       0)              
##>                                  END             6544197570 ( +0.00)    214748364.70 (   +0.00)             0 (       0)           0  
##>group_csa_final_adder_dp        START             6544197570 ( +0.00)    214748364.70 (   +0.00)             0 (       0)              
##>                                  END             6544197570 ( +0.00)    214748364.70 (   +0.00)             0 (       0)           0  
##>dpopt_flatten_critical_muxes_i  START             6544197570 ( +0.00)    214748364.70 (   +0.00)             0 (       0)              
##>                                  END             6544197570 ( +0.00)    214748364.70 (   +0.00)             0 (       0)           0  
##>speculate_in_gdef               START             6544197570 ( +0.00)    214748364.70 (   +0.00)             0 (       0)              
##> pre_speculate_mux_merge        START             6544197570 ( +0.00)    214748364.70 (   +0.00)             0 (       0)              
##>                                  END             6544197570 ( +0.00)    214748364.70 (   +0.00)             0 (       0)           0  
##>                                  END             6544197570 ( +0.00)    214748364.70 (   +0.00)             0 (       0)           0  
##>create_score                    START             6544197570 ( +0.00)      764.10 (-214747600.60)             0 (       0)              
##>                                  END             6544197570 ( +0.00)      764.10 (   +0.00)             0 (       0)           0  
##>+------------------------------------------------------------------------------------------------------------------------------------------------------------+
Committed config: CDN_DP_region_2_0_c6
Info    : Done implementing datapath configurations. [DPOPT-4]
        : Selected 'very_fast' configuration 6 for module 'CDN_DP_region_2_0'.
          Optimizations applied to 'very_fast' configuration:
            rewriting(0), factoring(0), sharing(2), cmultcse(0), downsizing(0), speculation(0)
Info    : Implementing datapath configurations. [DPOPT-3]
        : Implementing datapath configurations for 'CDN_DP_region_19_0'
CSAGen Prep Share:0 Re-Write:14 Speculation: 0
MaxCSA: Successfully built Maximal CSA Expression Expr12
Info    : Accepted resource sharing opportunity. [RTLOPT-30]
        : Merged the following sets of instances in 'CDN_DP_region_19_0_c7 in WeightTransformRowConst_2':
	  (final_adder_SUB_TC_OP_70_pad, final_adder_ADD_TC_OP_73_pad)
	  (final_adder_SUB_TC_OP_64_pad, final_adder_ADD_TC_OP_67_pad)
	  (final_adder_SUB_TC_OP_6_pad, final_adder_ADD_TC_OP_10_pad)
	  (SUB_TC_OP_2, ADD_TC_OP)
	  (csa_tree_SUB_TC_OP_6_pad, csa_tree_ADD_TC_OP_10_pad)

Info    : Accepted resource sharing opportunity. [RTLOPT-30]
        : Merged the following sets of instances in 'CDN_DP_region_19_0_c7 in WeightTransformRowConst_2':
	  (csa_tree_fac289, csa_tree_fac279)
	  (csa_tree_fac288, csa_tree_fac278)

CDN_DP_region_19_0 level = 0 loads = 1 drivers = 0
CDN_DP_region_19_0_c0 in WeightTransformRowConst_2: area: 18250292195 ,dp = 31 mux = 4 sg = slow         worst_clk_period: -1.0000 
    wns: 0  norm_wns:  -1.0000 
    fail_endp: -1 
    tns:  0  tns_per_endp:  -1.0000   norm_tns_per_endp:  -1.0000 
    tns_sense_max:  -1.0000  tns_sense_avg:  -1.0000   tns_sense_num: -1
 skipped
CDN_DP_region_19_0_c1 in WeightTransformRowConst_2: area: 21115832005 ,dp = 29 mux = 4 sg = fast         worst_clk_period: -1.0000 
    wns: 0  norm_wns:  -1.0000 
    fail_endp: -1 
    tns:  0  tns_per_endp:  -1.0000   norm_tns_per_endp:  -1.0000 
    tns_sense_max:  -1.0000  tns_sense_avg:  -1.0000   tns_sense_num: -1
 is current best
CDN_DP_region_19_0_c2 in WeightTransformRowConst_2: area: 15973561935 ,dp = 28 mux = 4 sg = very_slow    worst_clk_period: -1.0000 
    wns: 0  norm_wns:  -1.0000 
    fail_endp: -1 
    tns:  0  tns_per_endp:  -1.0000   norm_tns_per_endp:  -1.0000 
    tns_sense_max:  -1.0000  tns_sense_avg:  -1.0000   tns_sense_num: -1
 is current best
CDN_DP_region_19_0_c3 in WeightTransformRowConst_2: area: 21115832005 ,dp = 29 mux = 4 sg = very_fast    worst_clk_period: -1.0000 
    wns: 0  norm_wns:  -1.0000 
    fail_endp: -1 
    tns:  0  tns_per_endp:  -1.0000   norm_tns_per_endp:  -1.0000 
    tns_sense_max:  -1.0000  tns_sense_avg:  -1.0000   tns_sense_num: -1

CDN_DP_region_19_0_c4 in WeightTransformRowConst_2: area: 15973561935 ,dp = 28 mux = 4 sg = very_fast    worst_clk_period: -1.0000 
    wns: 0  norm_wns:  -1.0000 
    fail_endp: -1 
    tns:  0  tns_per_endp:  -1.0000   norm_tns_per_endp:  -1.0000 
    tns_sense_max:  -1.0000  tns_sense_avg:  -1.0000   tns_sense_num: -1
 is current best
CDN_DP_region_19_0_c5 in WeightTransformRowConst_2: area: 15973561935 ,dp = 28 mux = 4 sg = very_fast    worst_clk_period: -1.0000 
    wns: 0  norm_wns:  -1.0000 
    fail_endp: -1 
    tns:  0  tns_per_endp:  -1.0000   norm_tns_per_endp:  -1.0000 
    tns_sense_max:  -1.0000  tns_sense_avg:  -1.0000   tns_sense_num: -1
 is current best
CDN_DP_region_19_0_c6 in WeightTransformRowConst_2: area: 21115832005 ,dp = 29 mux = 4 sg = very_fast    worst_clk_period: -1.0000 
    wns: 0  norm_wns:  -1.0000 
    fail_endp: -1 
    tns:  0  tns_per_endp:  -1.0000   norm_tns_per_endp:  -1.0000 
    tns_sense_max:  -1.0000  tns_sense_avg:  -1.0000   tns_sense_num: -1

CDN_DP_region_19_0_c7 in WeightTransformRowConst_2: area: 46171080285 ,dp = 35 mux = 8 sg = very_fast    worst_clk_period: -1.0000 
    wns: 0  norm_wns:  -1.0000 
    fail_endp: -1 
    tns:  0  tns_per_endp:  -1.0000   norm_tns_per_endp:  -1.0000 
    tns_sense_max:  -1.0000  tns_sense_avg:  -1.0000   tns_sense_num: -1

Best config: CDN_DP_region_19_0_c5 in WeightTransformRowConst_2: area: 15973561935 ,dp = 28 mux = 4 sg = very_fast    worst_clk_period: -1.0000 
    wns: 0  norm_wns:  -1.0000 
    fail_endp: -1 
    tns:  0  tns_per_endp:  -1.0000   norm_tns_per_endp:  -1.0000 
    tns_sense_max:  -1.0000  tns_sense_avg:  -1.0000   tns_sense_num: -1
  Smallest config area : 15973561935.  Fastest config wns;  0
##>+----------------------------------------------------------------------------------------------------------------------------------------------------------------+
##>Summary table of configs (Best config is CDN_DP_region_19_0_c5)
##>+----------------------------------------------------------------------------------------------------------------------------------------------------------------+
##>                     0                  1                  2                  3                  4                  5                  6                  7            
##>+----------------------------------------------------------------------------------------------------------------------------------------------------------------+
##>           Area      18250292195        21115832005        15973561935        21115832005        15973561935        15973561935        21115832005        46171080285  
##>            WNS         +1270.20           +1270.20           +1270.20           +1270.20           +1270.20           +1270.20           +1270.20           +1202.30  
##>            TNS                0                  0                  0                  0                  0                  0                  0                  0  
##>    Num Rewrite                0                  1                  0                  1                  0                  0                  1                 14  
##>     Num Factor                0                  0                  0                  0                  0                  0                  0                  6  
##>      Num Share                0                  0                  0                  0                  0                  0                  0                  7  
##>   Num CmultCse                0                  0                  0                  0                  0                  0                  0                  0  
##>   Num Downsize                0                  0                  0                  0                  0                  0                  0                  0  
##>  Num Speculate                0                  0                  0                  0                  0                  0                  0                  0  
##>     Runtime(s)                0                  4                  2                  4                  2                  2                  8                 20  
+----------------------------------------------------------------------------------------------------------------------------------------------------------------+
##>
##>
##>+------------------------------------------------------------------------------------------------------------------------------------------------------------+
##>Optimization Step DEBUG Table for config CDN_DP_region_19_0_c5
##>
##>                          Step                        Area   ( % Chg)        WNS (Change)        TNS (Change)          Runtime (s)        Comment                   
##>+------------------------------------------------------------------------------------------------------------------------------------------------------------+
##>createMaxCarrySave              START            18250292195 (      )     1270.20 (        )             0 (        )              
##> datapath_rewrite_one_def       START            18250292195 ( +0.00)     1270.20 (   +0.00)             0 (       0)              
##>  fast_cse_elim                 START            18250292195 ( +0.00)     1270.20 (   +0.00)             0 (       0)              
##>                                  END            18227861355 ( -0.12)     1270.20 (   +0.00)             0 (       0)           0  
##>  fast_cse_elim                 START            18227861355 ( +0.00)     1270.20 (   +0.00)             0 (       0)              
##>                                  END            18227861355 ( +0.00)     1270.20 (   +0.00)             0 (       0)           0  
##>                                  END            18227861355 ( -0.12)     1270.20 (   +0.00)             0 (       0)           0  
##> csa_opto                       START            18227861355 ( +0.00)     1270.20 (   +0.00)             0 (       0)              
##>                                  END            17238100540 ( -5.43)     1270.20 (   +0.00)             0 (       0)           0  
##>                                  END            17238100540 ( -5.55)     1270.20 (   +0.00)             0 (       0)           0  
##>canonicalize_by_names           START            17238100540 ( +0.00)     1270.20 (   +0.00)             0 (       0)              
##>                                  END            17238100540 ( +0.00)     1270.20 (   +0.00)             0 (       0)           0  
##>datapath_rewrite_post_csa_one_  START            17238100540 ( +0.00)     1270.20 (   +0.00)             0 (       0)              
##> rewrite                        START            17238100540 ( +0.00)     1270.20 (   +0.00)             0 (       0)              (na,csaa) base_comb_signed_sub_exs_sub_from --> comb_signed_sub_exs_sub_to
##>                                  END            17490447490 ( +1.46)     1270.20 (   +0.00)             0 (       0)           0  
##> rewrite                        START            17238100540 ( -1.44)     1270.20 (   +0.00)             0 (       0)              (na,csaa) base_comb_signed_add_ci_lst_exs_sub_from --> comb_signed_add_ci_lst_exs_sub_to
##>                                  END            18323192425 ( +6.29)     1270.20 (   +0.00)             0 (       0)           0  
##> rewrite                        START            17238100540 ( -5.92)     1270.20 (   +0.00)             0 (       0)              (na,csaa) base_comb_signed_sub_ldp_lst_exs_p_sub_from --> comb_signed_sub_ldp_lst_exs_p_sub_to
##>                                  END            17411939550 ( +1.01)     1270.20 (   +0.00)             0 (       0)           0  
##>                                  END            17238100540 ( +0.00)     1270.20 (   +0.00)             0 (       0)           0  
##>datapath_csa_factoring_one_gde  START            17238100540 ( +0.00)     1270.20 (   +0.00)             0 (       0)              
##>                                  END            17238100540 ( +0.00)     1270.20 (   +0.00)             0 (       0)           0  
##>dpopt_share_one_def             START            17238100540 ( +0.00)     1270.20 (   +0.00)             0 (       0)              
##>                                  END            17238100540 ( +0.00)     1270.20 (   +0.00)             0 (       0)           1  
##>datapath_rewrite_post_share     START            17238100540 ( +0.00)     1270.20 (   +0.00)             0 (       0)              
##>                                  END            17238100540 ( +0.00)     1270.20 (   +0.00)             0 (       0)           0  
##>dp_combine_const_mult_with_com  START            17238100540 ( +0.00)     1270.20 (   +0.00)             0 (       0)              
##>                                  END            17238100540 ( +0.00)     1270.20 (   +0.00)             0 (       0)           0  
##>dp_operator_level_decompositio  START            17238100540 ( +0.00)     1270.20 (   +0.00)             0 (       0)              
##>                                  END            17238100540 ( +0.00)     1270.20 (   +0.00)             0 (       0)           0  
##>selective_flatten_dp_config     START            17238100540 ( +0.00)     1270.20 (   +0.00)             0 (       0)              
##>                                  END            17215669700 ( -0.13)     1270.20 (   +0.00)             0 (       0)           0  
##>createMaxCarrySave              START            17215669700 ( +0.00)     1270.20 (   +0.00)             0 (       0)              
##> datapath_rewrite_one_def       START            17215669700 ( +0.00)     1270.20 (   +0.00)             0 (       0)              
##>  fast_cse_elim                 START            17215669700 ( +0.00)     1270.20 (   +0.00)             0 (       0)              
##>                                  END            17215669700 ( +0.00)     1270.20 (   +0.00)             0 (       0)           0  
##>  fast_cse_elim                 START            17215669700 ( +0.00)     1270.20 (   +0.00)             0 (       0)              
##>                                  END            17215669700 ( +0.00)     1270.20 (   +0.00)             0 (       0)           0  
##>                                  END            17215669700 ( +0.00)     1270.20 (   +0.00)             0 (       0)           0  
##> csa_opto                       START            17215669700 ( +0.00)     1270.20 (   +0.00)             0 (       0)              
##>                                  END            17215669700 ( +0.00)     1270.20 (   +0.00)             0 (       0)           0  
##>                                  END            17215669700 ( +0.00)     1270.20 (   +0.00)             0 (       0)           0  
##>context_based_simplify          START            16472648125 ( -4.32)     1270.20 (   +0.00)             0 (       0)              
##>                                  END            15973561935 ( -3.03)     1270.20 (   +0.00)             0 (       0)           0  
##>group_csa_final_adder_dp        START            15973561935 ( +0.00)     1270.20 (   +0.00)             0 (       0)              
##>                                  END            15973561935 ( +0.00)     1270.20 (   +0.00)             0 (       0)           0  
##>dpopt_flatten_critical_muxes_i  START            15973561935 ( +0.00)     1270.20 (   +0.00)             0 (       0)              
##>                                  END            15973561935 ( +0.00)     1270.20 (   +0.00)             0 (       0)           0  
##>create_score                    START            15973561935 ( +0.00)     1270.20 (   +0.00)             0 (       0)              
##>                                  END            15973561935 ( +0.00)     1270.20 (   +0.00)             0 (       0)           0  
##>+------------------------------------------------------------------------------------------------------------------------------------------------------------+
Committed config: CDN_DP_region_19_0_c5
Info    : Done implementing datapath configurations. [DPOPT-4]
        : Selected 'very_fast' configuration 5 for module 'CDN_DP_region_19_0'.
          Optimizations applied to 'very_fast' configuration:
            rewriting(0), factoring(0), sharing(0), cmultcse(0), downsizing(0), speculation(0)
Info    : Implementing datapath configurations. [DPOPT-3]
        : Implementing datapath configurations for 'CDN_DP_region_16_0'
CSAGen Prep Share:0 Re-Write:14 Speculation: 0
MaxCSA: Successfully built Maximal CSA Expression Expr13
Warning : Maximum message print count reached. [MESG-11]
        : Maximum print count of '20' reached for message 'RTLOPT-30'.
CDN_DP_region_16_0 level = 0 loads = 1 drivers = 0
CDN_DP_region_16_0_c0 in WeightTransformRowConst: area: 18783024645 ,dp = 32 mux = 4 sg = slow         worst_clk_period: -1.0000 
    wns: 0  norm_wns:  -1.0000 
    fail_endp: -1 
    tns:  0  tns_per_endp:  -1.0000   norm_tns_per_endp:  -1.0000 
    tns_sense_max:  -1.0000  tns_sense_avg:  -1.0000   tns_sense_num: -1
 skipped
CDN_DP_region_16_0_c1 in WeightTransformRowConst: area: 22596267445 ,dp = 31 mux = 4 sg = fast         worst_clk_period: -1.0000 
    wns: 0  norm_wns:  -1.0000 
    fail_endp: -1 
    tns:  0  tns_per_endp:  -1.0000   norm_tns_per_endp:  -1.0000 
    tns_sense_max:  -1.0000  tns_sense_avg:  -1.0000   tns_sense_num: -1
 is current best
CDN_DP_region_16_0_c2 in WeightTransformRowConst: area: 16481059690 ,dp = 28 mux = 4 sg = very_slow    worst_clk_period: -1.0000 
    wns: 0  norm_wns:  -1.0000 
    fail_endp: -1 
    tns:  0  tns_per_endp:  -1.0000   norm_tns_per_endp:  -1.0000 
    tns_sense_max:  -1.0000  tns_sense_avg:  -1.0000   tns_sense_num: -1
 is current best
CDN_DP_region_16_0_c3 in WeightTransformRowConst: area: 22596267445 ,dp = 31 mux = 4 sg = very_fast    worst_clk_period: -1.0000 
    wns: 0  norm_wns:  -1.0000 
    fail_endp: -1 
    tns:  0  tns_per_endp:  -1.0000   norm_tns_per_endp:  -1.0000 
    tns_sense_max:  -1.0000  tns_sense_avg:  -1.0000   tns_sense_num: -1

CDN_DP_region_16_0_c4 in WeightTransformRowConst: area: 16481059690 ,dp = 28 mux = 4 sg = very_fast    worst_clk_period: -1.0000 
    wns: 0  norm_wns:  -1.0000 
    fail_endp: -1 
    tns:  0  tns_per_endp:  -1.0000   norm_tns_per_endp:  -1.0000 
    tns_sense_max:  -1.0000  tns_sense_avg:  -1.0000   tns_sense_num: -1
 is current best
CDN_DP_region_16_0_c5 in WeightTransformRowConst: area: 16481059690 ,dp = 28 mux = 4 sg = very_fast    worst_clk_period: -1.0000 
    wns: 0  norm_wns:  -1.0000 
    fail_endp: -1 
    tns:  0  tns_per_endp:  -1.0000   norm_tns_per_endp:  -1.0000 
    tns_sense_max:  -1.0000  tns_sense_avg:  -1.0000   tns_sense_num: -1
 is current best
CDN_DP_region_16_0_c6 in WeightTransformRowConst: area: 22596267445 ,dp = 31 mux = 4 sg = very_fast    worst_clk_period: -1.0000 
    wns: 0  norm_wns:  -1.0000 
    fail_endp: -1 
    tns:  0  tns_per_endp:  -1.0000   norm_tns_per_endp:  -1.0000 
    tns_sense_max:  -1.0000  tns_sense_avg:  -1.0000   tns_sense_num: -1

CDN_DP_region_16_0_c7 in WeightTransformRowConst: area: 47129998695 ,dp = 35 mux = 8 sg = very_fast    worst_clk_period: -1.0000 
    wns: 0  norm_wns:  -1.0000 
    fail_endp: -1 
    tns:  0  tns_per_endp:  -1.0000   norm_tns_per_endp:  -1.0000 
    tns_sense_max:  -1.0000  tns_sense_avg:  -1.0000   tns_sense_num: -1

Best config: CDN_DP_region_16_0_c5 in WeightTransformRowConst: area: 16481059690 ,dp = 28 mux = 4 sg = very_fast    worst_clk_period: -1.0000 
    wns: 0  norm_wns:  -1.0000 
    fail_endp: -1 
    tns:  0  tns_per_endp:  -1.0000   norm_tns_per_endp:  -1.0000 
    tns_sense_max:  -1.0000  tns_sense_avg:  -1.0000   tns_sense_num: -1
  Smallest config area : 16481059690.  Fastest config wns;  0
##>+----------------------------------------------------------------------------------------------------------------------------------------------------------------+
##>Summary table of configs (Best config is CDN_DP_region_16_0_c5)
##>+----------------------------------------------------------------------------------------------------------------------------------------------------------------+
##>                     0                  1                  2                  3                  4                  5                  6                  7            
##>+----------------------------------------------------------------------------------------------------------------------------------------------------------------+
##>           Area      18783024645        22596267445        16481059690        22596267445        16481059690        16481059690        22596267445        47129998695  
##>            WNS         +1279.10           +1279.10           +1279.10           +1279.10           +1279.10           +1279.10           +1279.10           +1188.00  
##>            TNS                0                  0                  0                  0                  0                  0                  0                  0  
##>    Num Rewrite                0                  3                  0                  3                  0                  0                  3                 14  
##>     Num Factor                0                  0                  0                  0                  0                  0                  0                  6  
##>      Num Share                0                  0                  0                  0                  0                  0                  0                  7  
##>   Num CmultCse                0                  0                  0                  0                  0                  0                  0                  0  
##>   Num Downsize                0                  0                  0                  0                  0                  0                  0                  0  
##>  Num Speculate                0                  0                  0                  0                  0                  0                  0                  0  
##>     Runtime(s)                0                  4                  2                  4                  2                  2                  8                 21  
+----------------------------------------------------------------------------------------------------------------------------------------------------------------+
##>
##>
##>+------------------------------------------------------------------------------------------------------------------------------------------------------------+
##>Optimization Step DEBUG Table for config CDN_DP_region_16_0_c5
##>
##>                          Step                        Area   ( % Chg)        WNS (Change)        TNS (Change)          Runtime (s)        Comment                   
##>+------------------------------------------------------------------------------------------------------------------------------------------------------------+
##>createMaxCarrySave              START            18783024645 (      )     1279.10 (        )             0 (        )              
##> datapath_rewrite_one_def       START            18783024645 ( +0.00)     1279.10 (   +0.00)             0 (       0)              
##>  fast_cse_elim                 START            18783024645 ( +0.00)     1279.10 (   +0.00)             0 (       0)              
##>                                  END            18760593805 ( -0.12)     1279.10 (   +0.00)             0 (       0)           0  
##>  fast_cse_elim                 START            18760593805 ( +0.00)     1279.10 (   +0.00)             0 (       0)              
##>                                  END            18760593805 ( +0.00)     1279.10 (   +0.00)             0 (       0)           0  
##>                                  END            18760593805 ( -0.12)     1279.10 (   +0.00)             0 (       0)           0  
##> csa_opto                       START            18760593805 ( +0.00)     1279.10 (   +0.00)             0 (       0)              
##>                                  END            17894202610 ( -4.62)     1279.10 (   +0.00)             0 (       0)           0  
##>                                  END            17894202610 ( -4.73)     1279.10 (   +0.00)             0 (       0)           0  
##>canonicalize_by_names           START            17894202610 ( +0.00)     1279.10 (   +0.00)             0 (       0)              
##>                                  END            17894202610 ( +0.00)     1279.10 (   +0.00)             0 (       0)           0  
##>datapath_rewrite_post_csa_one_  START            17894202610 ( +0.00)     1279.10 (   +0.00)             0 (       0)              
##> rewrite                        START            17894202610 ( +0.00)     1279.10 (   +0.00)             0 (       0)              (na,csaa) base_comb_signed_add_ci_exs_sub_from --> comb_signed_add_ci_exs_sub_to
##>                                  END            19001725335 ( +6.19)     1279.10 (   +0.00)             0 (       0)           0  
##> rewrite                        START            17894202610 ( -5.83)     1279.10 (   +0.00)             0 (       0)              (na,csaa) base_comb_signed_sub_exs_sub_from --> comb_signed_sub_exs_sub_to
##>                                  END            18146549560 ( +1.41)     1279.10 (   +0.00)             0 (       0)           0  
##> rewrite                        START            17894202610 ( -1.39)     1279.10 (   +0.00)             0 (       0)              (na,csaa) base_comb_signed_add_ci_lst_exs_sub_from --> comb_signed_add_ci_lst_exs_sub_to
##>                                  END            18979294495 ( +6.06)     1279.10 (   +0.00)             0 (       0)           0  
##> rewrite                        START            17894202610 ( -5.72)     1279.10 (   +0.00)             0 (       0)              (na,csaa) base_comb_signed_add_ci_ldp_lst_exs_p_sub_from --> comb_signed_add_ci_ldp_lst_exs_p_sub_to
##>                                  END            18984902205 ( +6.10)     1279.10 (   +0.00)             0 (       0)           0  
##> rewrite                        START            17894202610 ( -5.75)     1279.10 (   +0.00)             0 (       0)              (na,csaa) base_comb_signed_sub_ldp_lst_exs_p_sub_from --> comb_signed_sub_ldp_lst_exs_p_sub_to
##>                                  END            18068041620 ( +0.97)     1279.10 (   +0.00)             0 (       0)           0  
##>                                  END            17894202610 ( +0.00)     1279.10 (   +0.00)             0 (       0)           0  
##>datapath_csa_factoring_one_gde  START            17894202610 ( +0.00)     1279.10 (   +0.00)             0 (       0)              
##>                                  END            17894202610 ( +0.00)     1279.10 (   +0.00)             0 (       0)           0  
##>dpopt_share_one_def             START            17894202610 ( +0.00)     1279.10 (   +0.00)             0 (       0)              
##>                                  END            17894202610 ( +0.00)     1279.10 (   +0.00)             0 (       0)           1  
##>datapath_rewrite_post_share     START            17894202610 ( +0.00)     1279.10 (   +0.00)             0 (       0)              
##>                                  END            17894202610 ( +0.00)     1279.10 (   +0.00)             0 (       0)           0  
##>dp_combine_const_mult_with_com  START            17894202610 ( +0.00)     1279.10 (   +0.00)             0 (       0)              
##>                                  END            17894202610 ( +0.00)     1279.10 (   +0.00)             0 (       0)           0  
##>dp_operator_level_decompositio  START            17894202610 ( +0.00)     1279.10 (   +0.00)             0 (       0)              
##>                                  END            17894202610 ( +0.00)     1279.10 (   +0.00)             0 (       0)           0  
##>selective_flatten_dp_config     START            17894202610 ( +0.00)     1279.10 (   +0.00)             0 (       0)              
##>                                  END            17871771770 ( -0.13)     1279.10 (   +0.00)             0 (       0)           0  
##>createMaxCarrySave              START            17871771770 ( +0.00)     1279.10 (   +0.00)             0 (       0)              
##> datapath_rewrite_one_def       START            17871771770 ( +0.00)     1279.10 (   +0.00)             0 (       0)              
##>  fast_cse_elim                 START            17871771770 ( +0.00)     1279.10 (   +0.00)             0 (       0)              
##>                                  END            17871771770 ( +0.00)     1279.10 (   +0.00)             0 (       0)           0  
##>  fast_cse_elim                 START            17871771770 ( +0.00)     1279.10 (   +0.00)             0 (       0)              
##>                                  END            17871771770 ( +0.00)     1279.10 (   +0.00)             0 (       0)           0  
##>                                  END            17871771770 ( +0.00)     1279.10 (   +0.00)             0 (       0)           0  
##> csa_opto                       START            17871771770 ( +0.00)     1279.10 (   +0.00)             0 (       0)              
##>                                  END            17871771770 ( +0.00)     1279.10 (   +0.00)             0 (       0)           0  
##>                                  END            17871771770 ( +0.00)     1279.10 (   +0.00)             0 (       0)           0  
##>context_based_simplify          START            16980145880 ( -4.99)     1279.10 (   +0.00)             0 (       0)              
##>                                  END            16481059690 ( -2.94)     1279.10 (   +0.00)             0 (       0)           0  
##>group_csa_final_adder_dp        START            16481059690 ( +0.00)     1279.10 (   +0.00)             0 (       0)              
##>                                  END            16565175340 ( +0.51)     1279.10 (   +0.00)             0 (       0)           0  
##>dpopt_flatten_critical_muxes_i  START            16565175340 ( +0.00)     1279.10 (   +0.00)             0 (       0)              
##>                                  END            16565175340 ( +0.00)     1279.10 (   +0.00)             0 (       0)           0  
##>create_score                    START            16481059690 ( -0.51)     1279.10 (   +0.00)             0 (       0)              
##>                                  END            16481059690 ( +0.00)     1279.10 (   +0.00)             0 (       0)           0  
##>+------------------------------------------------------------------------------------------------------------------------------------------------------------+
Committed config: CDN_DP_region_16_0_c5
Info    : Done implementing datapath configurations. [DPOPT-4]
        : Selected 'very_fast' configuration 5 for module 'CDN_DP_region_16_0'.
          Optimizations applied to 'very_fast' configuration:
            rewriting(0), factoring(0), sharing(0), cmultcse(0), downsizing(0), speculation(0)
Info    : Implementing datapath configurations. [DPOPT-3]
        : Implementing datapath configurations for 'CDN_DP_region_4_0'
CSAGen Prep Share:0 Re-Write:0 Speculation: 0
MaxCSA: Successfully built Maximal CSA Expression Expr14
CDN_DP_region_4_0 level = 0 loads = 0 drivers = 0
CDN_DP_region_4_0_c0 in InverseRow_359: area: 4432894755 ,dp = 4 mux = 0 sg = slow         worst_clk_period: -1.0000 
    wns: 0  norm_wns:  -1.0000 
    fail_endp: -1 
    tns:  0  tns_per_endp:  -1.0000   norm_tns_per_endp:  -1.0000 
    tns_sense_max:  -1.0000  tns_sense_avg:  -1.0000   tns_sense_num: -1
 skipped
CDN_DP_region_4_0_c1 in InverseRow_359: area: 3636599935 ,dp = 2 mux = 0 sg = fast         worst_clk_period: -1.0000 
    wns: 0  norm_wns:  -1.0000 
    fail_endp: -1 
    tns:  0  tns_per_endp:  -1.0000   norm_tns_per_endp:  -1.0000 
    tns_sense_max:  -1.0000  tns_sense_avg:  -1.0000   tns_sense_num: -1
 is current best
CDN_DP_region_4_0_c2 in InverseRow_359: area: 3636599935 ,dp = 2 mux = 0 sg = very_slow    worst_clk_period: -1.0000 
    wns: 0  norm_wns:  -1.0000 
    fail_endp: -1 
    tns:  0  tns_per_endp:  -1.0000   norm_tns_per_endp:  -1.0000 
    tns_sense_max:  -1.0000  tns_sense_avg:  -1.0000   tns_sense_num: -1
 is current best
CDN_DP_region_4_0_c3 in InverseRow_359: area: 3636599935 ,dp = 2 mux = 0 sg = very_fast    worst_clk_period: -1.0000 
    wns: 0  norm_wns:  -1.0000 
    fail_endp: -1 
    tns:  0  tns_per_endp:  -1.0000   norm_tns_per_endp:  -1.0000 
    tns_sense_max:  -1.0000  tns_sense_avg:  -1.0000   tns_sense_num: -1
 is current best
CDN_DP_region_4_0_c4 in InverseRow_359: area: 3636599935 ,dp = 2 mux = 0 sg = very_fast    worst_clk_period: -1.0000 
    wns: 0  norm_wns:  -1.0000 
    fail_endp: -1 
    tns:  0  tns_per_endp:  -1.0000   norm_tns_per_endp:  -1.0000 
    tns_sense_max:  -1.0000  tns_sense_avg:  -1.0000   tns_sense_num: -1
 is current best
CDN_DP_region_4_0_c5 in InverseRow_359: area: 3636599935 ,dp = 2 mux = 0 sg = very_fast    worst_clk_period: -1.0000 
    wns: 0  norm_wns:  -1.0000 
    fail_endp: -1 
    tns:  0  tns_per_endp:  -1.0000   norm_tns_per_endp:  -1.0000 
    tns_sense_max:  -1.0000  tns_sense_avg:  -1.0000   tns_sense_num: -1
 is current best
CDN_DP_region_4_0_c6 in InverseRow_359: area: 3636599935 ,dp = 2 mux = 0 sg = very_fast    worst_clk_period: -1.0000 
    wns: 0  norm_wns:  -1.0000 
    fail_endp: -1 
    tns:  0  tns_per_endp:  -1.0000   norm_tns_per_endp:  -1.0000 
    tns_sense_max:  -1.0000  tns_sense_avg:  -1.0000   tns_sense_num: -1
 is current best
CDN_DP_region_4_0_c7 in InverseRow_359: area: 3614169095 ,dp = 2 mux = 0 sg = very_fast    worst_clk_period: -1.0000 
    wns: 0  norm_wns:  -1.0000 
    fail_endp: -1 
    tns:  0  tns_per_endp:  -1.0000   norm_tns_per_endp:  -1.0000 
    tns_sense_max:  -1.0000  tns_sense_avg:  -1.0000   tns_sense_num: -1
 is current best
Best config: CDN_DP_region_4_0_c7 in InverseRow_359: area: 3614169095 ,dp = 2 mux = 0 sg = very_fast    worst_clk_period: -1.0000 
    wns: 0  norm_wns:  -1.0000 
    fail_endp: -1 
    tns:  0  tns_per_endp:  -1.0000   norm_tns_per_endp:  -1.0000 
    tns_sense_max:  -1.0000  tns_sense_avg:  -1.0000   tns_sense_num: -1
  Smallest config area : 3614169095.  Fastest config wns;  0
##>+----------------------------------------------------------------------------------------------------------------------------------------------------------------+
##>Summary table of configs (Best config is CDN_DP_region_4_0_c7)
##>+----------------------------------------------------------------------------------------------------------------------------------------------------------------+
##>                     0                  1                  2                  3                  4                  5                  6                  7            
##>+----------------------------------------------------------------------------------------------------------------------------------------------------------------+
##>           Area       4432894755         3636599935         3636599935         3636599935         3636599935         3636599935         3636599935         3614169095  
##>            WNS          +897.30            +925.70            +925.70            +925.70            +925.70            +925.70            +925.70            +925.70  
##>            TNS                0                  0                  0                  0                  0                  0                  0                  0  
##>    Num Rewrite                0                  2                  2                  2                  2                  2                  2                  0  
##>     Num Factor                0                  0                  0                  0                  0                  0                  0                  0  
##>      Num Share                0                  0                  0                  0                  0                  0                  0                  0  
##>   Num CmultCse                0                  0                  0                  0                  0                  0                  0                  0  
##>   Num Downsize                0                  0                  0                  0                  0                  0                  0                  0  
##>  Num Speculate                0                  0                  0                  0                  0                  0                  0                  0  
##>     Runtime(s)                0                  0                  0                  0                  0                  0                  0                  0  
+----------------------------------------------------------------------------------------------------------------------------------------------------------------+
##>
##>
##>+------------------------------------------------------------------------------------------------------------------------------------------------------------+
##>Optimization Step DEBUG Table for config CDN_DP_region_4_0_c7
##>
##>                          Step                        Area   ( % Chg)        WNS (Change)        TNS (Change)          Runtime (s)        Comment                   
##>+------------------------------------------------------------------------------------------------------------------------------------------------------------+
##>EquationExtraction              START             4432894755 (      )      897.30 (        )             0 (        )              
##> rewrite                        START             8327449350 (+87.86)      823.70 (  -73.60)             0 (       0)              (a,ar) Expr14_from --> Expr14_to
##>                                  END             8882612640 ( +6.67)      893.10 (  +69.40)             0 (       0)           0  
##>                                  END             4449717885 ( +0.38)      897.30 (   +0.00)             0 (       0)           0  
##>createMaxCarrySave              START             4449717885 ( +0.00)      897.30 (   +0.00)             0 (       0)              
##> datapath_rewrite_one_def       START             4449717885 ( +0.00)      897.30 (   +0.00)             0 (       0)              
##>                                  END             4449717885 ( +0.00)      897.30 (   +0.00)             0 (       0)           0  
##> csa_opto                       START             4449717885 ( +0.00)      897.30 (   +0.00)             0 (       0)              
##>                                  END             3614169095 (-18.78)      928.50 (  +31.20)             0 (       0)           0  
##>                                  END             3614169095 (-18.78)      928.50 (  +31.20)             0 (       0)           0  
##>canonicalize_by_names           START             3614169095 ( +0.00)      928.50 (   +0.00)             0 (       0)              
##>                                  END             3614169095 ( +0.00)      928.50 (   +0.00)             0 (       0)           0  
##>datapath_rewrite_post_csa_one_  START             3614169095 ( +0.00)      928.50 (   +0.00)             0 (       0)              
##>                                  END             3614169095 ( +0.00)      928.50 (   +0.00)             0 (       0)           0  
##>datapath_csa_factoring_one_gde  START             3614169095 ( +0.00)      928.50 (   +0.00)             0 (       0)              
##>                                  END             3614169095 ( +0.00)      928.50 (   +0.00)             0 (       0)           0  
##>dpopt_share_one_def             START             3614169095 ( +0.00)      928.50 (   +0.00)             0 (       0)              
##>                                  END             3614169095 ( +0.00)      928.50 (   +0.00)             0 (       0)           0  
##>datapath_rewrite_post_share     START             3614169095 ( +0.00)      928.50 (   +0.00)             0 (       0)              
##>                                  END             3614169095 ( +0.00)      928.50 (   +0.00)             0 (       0)           0  
##>dp_combine_const_mult_with_com  START             3614169095 ( +0.00)      928.50 (   +0.00)             0 (       0)              
##>                                  END             3614169095 ( +0.00)      928.50 (   +0.00)             0 (       0)           0  
##>dp_operator_level_decompositio  START             3614169095 ( +0.00)      928.50 (   +0.00)             0 (       0)              
##>                                  END             3614169095 ( +0.00)      928.50 (   +0.00)             0 (       0)           0  
##>selective_flatten_dp_config     START             3614169095 ( +0.00)      928.50 (   +0.00)             0 (       0)              
##>                                  END             3614169095 ( +0.00)      928.50 (   +0.00)             0 (       0)           0  
##>createMaxCarrySave              START             3614169095 ( +0.00)      928.50 (   +0.00)             0 (       0)              
##> datapath_rewrite_one_def       START             3614169095 ( +0.00)      928.50 (   +0.00)             0 (       0)              
##>  fast_cse_elim                 START             3614169095 ( +0.00)      928.50 (   +0.00)             0 (       0)              
##>                                  END             3614169095 ( +0.00)      928.50 (   +0.00)             0 (       0)           0  
##>  fast_cse_elim                 START             3614169095 ( +0.00)      928.50 (   +0.00)             0 (       0)              
##>                                  END             3614169095 ( +0.00)      928.50 (   +0.00)             0 (       0)           0  
##>                                  END             3614169095 ( +0.00)      928.50 (   +0.00)             0 (       0)           0  
##> csa_opto                       START             3614169095 ( +0.00)      928.50 (   +0.00)             0 (       0)              
##>                                  END             3614169095 ( +0.00)      928.50 (   +0.00)             0 (       0)           0  
##>                                  END             3614169095 ( +0.00)      928.50 (   +0.00)             0 (       0)           0  
##>context_based_simplify          START             3614169095 ( +0.00)      928.50 (   +0.00)             0 (       0)              
##>                                  END             3614169095 ( +0.00)      928.50 (   +0.00)             0 (       0)           0  
##>group_csa_final_adder_dp        START             3614169095 ( +0.00)      928.50 (   +0.00)             0 (       0)              
##>                                  END             3614169095 ( +0.00)      925.70 (   -2.80)             0 (       0)           0  
##>dpopt_flatten_critical_muxes_i  START             3614169095 ( +0.00)      925.70 (   +0.00)             0 (       0)              
##>                                  END             3614169095 ( +0.00)      925.70 (   +0.00)             0 (       0)           0  
##>create_score                    START             3614169095 ( +0.00)      925.70 (   +0.00)             0 (       0)              
##>                                  END             3614169095 ( +0.00)      925.70 (   +0.00)             0 (       0)           0  
##>+------------------------------------------------------------------------------------------------------------------------------------------------------------+
Committed config: CDN_DP_region_4_0_c7
Info    : Done implementing datapath configurations. [DPOPT-4]
        : Selected 'very_fast' configuration 7 for module 'CDN_DP_region_4_0'.
          Optimizations applied to 'very_fast' configuration:
            rewriting(0), factoring(0), sharing(0), cmultcse(0), downsizing(0), speculation(0)
Info    : Implementing datapath configurations. [DPOPT-3]
        : Implementing datapath configurations for 'CDN_DP_region_0_6'
CSAGen Prep Share:0 Re-Write:0 Speculation: 0
CDN_DP_region_0_6 level = 0 loads = 0 drivers = 0
CDN_DP_region_0_6_c0 in Conv: area: 235523820 ,dp = 0 mux = 1 sg = slow         worst_clk_period: -1.0000 
    wns: 0  norm_wns:  -1.0000 
    fail_endp: -1 
    tns:  0  tns_per_endp:  -1.0000   norm_tns_per_endp:  -1.0000 
    tns_sense_max:  -1.0000  tns_sense_avg:  -1.0000   tns_sense_num: -1
 skipped
CDN_DP_region_0_6_c1 in Conv: area: 235523820 ,dp = 0 mux = 1 sg = fast         worst_clk_period: -1.0000 
    wns: 0  norm_wns:  -1.0000 
    fail_endp: -1 
    tns:  0  tns_per_endp:  -1.0000   norm_tns_per_endp:  -1.0000 
    tns_sense_max:  -1.0000  tns_sense_avg:  -1.0000   tns_sense_num: -1
 is current best
CDN_DP_region_0_6_c2 in Conv: area: 235523820 ,dp = 0 mux = 1 sg = very_slow    worst_clk_period: -1.0000 
    wns: 0  norm_wns:  -1.0000 
    fail_endp: -1 
    tns:  0  tns_per_endp:  -1.0000   norm_tns_per_endp:  -1.0000 
    tns_sense_max:  -1.0000  tns_sense_avg:  -1.0000   tns_sense_num: -1
 is current best
CDN_DP_region_0_6_c3 in Conv: area: 235523820 ,dp = 0 mux = 1 sg = very_fast    worst_clk_period: -1.0000 
    wns: 0  norm_wns:  -1.0000 
    fail_endp: -1 
    tns:  0  tns_per_endp:  -1.0000   norm_tns_per_endp:  -1.0000 
    tns_sense_max:  -1.0000  tns_sense_avg:  -1.0000   tns_sense_num: -1
 is current best
CDN_DP_region_0_6_c4 in Conv: area: 235523820 ,dp = 0 mux = 1 sg = very_fast    worst_clk_period: -1.0000 
    wns: 0  norm_wns:  -1.0000 
    fail_endp: -1 
    tns:  0  tns_per_endp:  -1.0000   norm_tns_per_endp:  -1.0000 
    tns_sense_max:  -1.0000  tns_sense_avg:  -1.0000   tns_sense_num: -1
 is current best
CDN_DP_region_0_6_c5 in Conv: area: 235523820 ,dp = 0 mux = 1 sg = very_fast    worst_clk_period: -1.0000 
    wns: 0  norm_wns:  -1.0000 
    fail_endp: -1 
    tns:  0  tns_per_endp:  -1.0000   norm_tns_per_endp:  -1.0000 
    tns_sense_max:  -1.0000  tns_sense_avg:  -1.0000   tns_sense_num: -1
 is current best
CDN_DP_region_0_6_c6 in Conv: area: 235523820 ,dp = 0 mux = 1 sg = very_fast    worst_clk_period: -1.0000 
    wns: 0  norm_wns:  -1.0000 
    fail_endp: -1 
    tns:  0  tns_per_endp:  -1.0000   norm_tns_per_endp:  -1.0000 
    tns_sense_max:  -1.0000  tns_sense_avg:  -1.0000   tns_sense_num: -1
 is current best
CDN_DP_region_0_6_c7 in Conv: area: 235523820 ,dp = 0 mux = 1 sg = very_fast    worst_clk_period: -1.0000 
    wns: 0  norm_wns:  -1.0000 
    fail_endp: -1 
    tns:  0  tns_per_endp:  -1.0000   norm_tns_per_endp:  -1.0000 
    tns_sense_max:  -1.0000  tns_sense_avg:  -1.0000   tns_sense_num: -1
 is current best
Best config: CDN_DP_region_0_6_c7 in Conv: area: 235523820 ,dp = 0 mux = 1 sg = very_fast    worst_clk_period: -1.0000 
    wns: 0  norm_wns:  -1.0000 
    fail_endp: -1 
    tns:  0  tns_per_endp:  -1.0000   norm_tns_per_endp:  -1.0000 
    tns_sense_max:  -1.0000  tns_sense_avg:  -1.0000   tns_sense_num: -1
  Smallest config area : 235523820.  Fastest config wns;  0
##>+----------------------------------------------------------------------------------------------------------------------------------------------------------------+
##>Summary table of configs (Best config is CDN_DP_region_0_6_c7)
##>+----------------------------------------------------------------------------------------------------------------------------------------------------------------+
##>                     0                  1                  2                  3                  4                  5                  6                  7            
##>+----------------------------------------------------------------------------------------------------------------------------------------------------------------+
##>           Area        235523820          235523820          235523820          235523820          235523820          235523820          235523820          235523820  
##>            WNS          +867.10            +867.10            +867.10            +867.10            +867.10            +867.10            +867.10            +867.10  
##>            TNS                0                  0                  0                  0                  0                  0                  0                  0  
##>    Num Rewrite                0                  0                  0                  0                  0                  0                  0                  0  
##>     Num Factor                0                  0                  0                  0                  0                  0                  0                  0  
##>      Num Share                0                  0                  0                  0                  0                  0                  0                  0  
##>   Num CmultCse                0                  0                  0                  0                  0                  0                  0                  0  
##>   Num Downsize                0                  0                  0                  0                  0                  0                  0                  0  
##>  Num Speculate                0                  0                  0                  0                  0                  0                  0                  0  
##>     Runtime(s)                0                  0                  0                  0                  0                  0                  0                  0  
+----------------------------------------------------------------------------------------------------------------------------------------------------------------+
##>
##>
##>+------------------------------------------------------------------------------------------------------------------------------------------------------------+
##>Optimization Step DEBUG Table for config CDN_DP_region_0_6_c7
##>
##>                          Step                        Area   ( % Chg)        WNS (Change)        TNS (Change)          Runtime (s)        Comment                   
##>+------------------------------------------------------------------------------------------------------------------------------------------------------------+
##>EquationExtraction              START              235523820 (      )      867.10 (        )             0 (        )              
##>                                  END              235523820 ( +0.00)      867.10 (   +0.00)             0 (       0)           0  
##>createMaxCarrySave              START              235523820 ( +0.00)      867.10 (   +0.00)             0 (       0)              
##> datapath_rewrite_one_def       START              235523820 ( +0.00)      867.10 (   +0.00)             0 (       0)              
##>                                  END              235523820 ( +0.00)      867.10 (   +0.00)             0 (       0)           0  
##> csa_opto                       START              235523820 ( +0.00)      867.10 (   +0.00)             0 (       0)              
##>                                  END              235523820 ( +0.00)      867.10 (   +0.00)             0 (       0)           0  
##>                                  END              235523820 ( +0.00)      867.10 (   +0.00)             0 (       0)           0  
##>canonicalize_by_names           START              235523820 ( +0.00)      867.10 (   +0.00)             0 (       0)              
##>                                  END              235523820 ( +0.00)      867.10 (   +0.00)             0 (       0)           0  
##>datapath_rewrite_post_csa_one_  START              235523820 ( +0.00)      867.10 (   +0.00)             0 (       0)              
##>                                  END              235523820 ( +0.00)      867.10 (   +0.00)             0 (       0)           0  
##>datapath_csa_factoring_one_gde  START              235523820 ( +0.00)      867.10 (   +0.00)             0 (       0)              
##>                                  END              235523820 ( +0.00)      867.10 (   +0.00)             0 (       0)           0  
##>dpopt_share_one_def             START              235523820 ( +0.00)      867.10 (   +0.00)             0 (       0)              
##>                                  END              235523820 ( +0.00)      867.10 (   +0.00)             0 (       0)           0  
##>datapath_rewrite_post_share     START              235523820 ( +0.00)      867.10 (   +0.00)             0 (       0)              
##>                                  END              235523820 ( +0.00)      867.10 (   +0.00)             0 (       0)           0  
##>dp_combine_const_mult_with_com  START              235523820 ( +0.00)      867.10 (   +0.00)             0 (       0)              
##>                                  END              235523820 ( +0.00)      867.10 (   +0.00)             0 (       0)           0  
##>dp_operator_level_decompositio  START              235523820 ( +0.00)      867.10 (   +0.00)             0 (       0)              
##>                                  END              235523820 ( +0.00)      867.10 (   +0.00)             0 (       0)           0  
##>selective_flatten_dp_config     START              235523820 ( +0.00)      867.10 (   +0.00)             0 (       0)              
##>                                  END              235523820 ( +0.00)      867.10 (   +0.00)             0 (       0)           0  
##>createMaxCarrySave              START              235523820 ( +0.00)      867.10 (   +0.00)             0 (       0)              
##> datapath_rewrite_one_def       START              235523820 ( +0.00)      867.10 (   +0.00)             0 (       0)              
##>  fast_cse_elim                 START              235523820 ( +0.00)      867.10 (   +0.00)             0 (       0)              
##>                                  END              235523820 ( +0.00)      867.10 (   +0.00)             0 (       0)           0  
##>  fast_cse_elim                 START              235523820 ( +0.00)      867.10 (   +0.00)             0 (       0)              
##>                                  END              235523820 ( +0.00)      867.10 (   +0.00)             0 (       0)           0  
##>                                  END              235523820 ( +0.00)      867.10 (   +0.00)             0 (       0)           0  
##> csa_opto                       START              235523820 ( +0.00)      867.10 (   +0.00)             0 (       0)              
##>                                  END              235523820 ( +0.00)      867.10 (   +0.00)             0 (       0)           0  
##>                                  END              235523820 ( +0.00)      867.10 (   +0.00)             0 (       0)           0  
##>context_based_simplify          START              235523820 ( +0.00)      867.10 (   +0.00)             0 (       0)              
##>                                  END              235523820 ( +0.00)      867.10 (   +0.00)             0 (       0)           0  
##>group_csa_final_adder_dp        START              235523820 ( +0.00)      867.10 (   +0.00)             0 (       0)              
##>                                  END              235523820 ( +0.00)      867.10 (   +0.00)             0 (       0)           0  
##>dpopt_flatten_critical_muxes_i  START              235523820 ( +0.00)      867.10 (   +0.00)             0 (       0)              
##>                                  END              235523820 ( +0.00)      867.10 (   +0.00)             0 (       0)           0  
##>create_score                    START              235523820 ( +0.00)      867.10 (   +0.00)             0 (       0)              
##>                                  END              235523820 ( +0.00)      867.10 (   +0.00)             0 (       0)           0  
##>+------------------------------------------------------------------------------------------------------------------------------------------------------------+
Committed config: CDN_DP_region_0_6_c7
Info    : Done implementing datapath configurations. [DPOPT-4]
        : Selected 'very_fast' configuration 7 for module 'CDN_DP_region_0_6'.
          Optimizations applied to 'very_fast' configuration:
            rewriting(0), factoring(0), sharing(0), cmultcse(0), downsizing(0), speculation(0)
Info    : Implementing datapath configurations. [DPOPT-3]
        : Implementing datapath configurations for 'CDN_DP_region_1_0'
CSAGen Prep Share:0 Re-Write:0 Speculation: 0
CDN_DP_region_1_0 level = 0 loads = 0 drivers = 0
MaxCSA: Successfully built Maximal CSA Expression Expr15
CDN_DP_region_1_0_c0 in InverseRow: area: 4432894755 ,dp = 4 mux = 0 sg = slow         worst_clk_period: -1.0000 
    wns: 0  norm_wns:  -1.0000 
    fail_endp: -1 
    tns:  0  tns_per_endp:  -1.0000   norm_tns_per_endp:  -1.0000 
    tns_sense_max:  -1.0000  tns_sense_avg:  -1.0000   tns_sense_num: -1
 skipped
CDN_DP_region_1_0_c1 in InverseRow: area: 3636599935 ,dp = 2 mux = 0 sg = fast         worst_clk_period: -1.0000 
    wns: 0  norm_wns:  -1.0000 
    fail_endp: -1 
    tns:  0  tns_per_endp:  -1.0000   norm_tns_per_endp:  -1.0000 
    tns_sense_max:  -1.0000  tns_sense_avg:  -1.0000   tns_sense_num: -1
 is current best
CDN_DP_region_1_0_c2 in InverseRow: area: 3636599935 ,dp = 2 mux = 0 sg = very_slow    worst_clk_period: -1.0000 
    wns: 0  norm_wns:  -1.0000 
    fail_endp: -1 
    tns:  0  tns_per_endp:  -1.0000   norm_tns_per_endp:  -1.0000 
    tns_sense_max:  -1.0000  tns_sense_avg:  -1.0000   tns_sense_num: -1
 is current best
CDN_DP_region_1_0_c3 in InverseRow: area: 3636599935 ,dp = 2 mux = 0 sg = very_fast    worst_clk_period: -1.0000 
    wns: 0  norm_wns:  -1.0000 
    fail_endp: -1 
    tns:  0  tns_per_endp:  -1.0000   norm_tns_per_endp:  -1.0000 
    tns_sense_max:  -1.0000  tns_sense_avg:  -1.0000   tns_sense_num: -1
 is current best
CDN_DP_region_1_0_c4 in InverseRow: area: 3636599935 ,dp = 2 mux = 0 sg = very_fast    worst_clk_period: -1.0000 
    wns: 0  norm_wns:  -1.0000 
    fail_endp: -1 
    tns:  0  tns_per_endp:  -1.0000   norm_tns_per_endp:  -1.0000 
    tns_sense_max:  -1.0000  tns_sense_avg:  -1.0000   tns_sense_num: -1
 is current best
CDN_DP_region_1_0_c5 in InverseRow: area: 3636599935 ,dp = 2 mux = 0 sg = very_fast    worst_clk_period: -1.0000 
    wns: 0  norm_wns:  -1.0000 
    fail_endp: -1 
    tns:  0  tns_per_endp:  -1.0000   norm_tns_per_endp:  -1.0000 
    tns_sense_max:  -1.0000  tns_sense_avg:  -1.0000   tns_sense_num: -1
 is current best
CDN_DP_region_1_0_c6 in InverseRow: area: 3636599935 ,dp = 2 mux = 0 sg = very_fast    worst_clk_period: -1.0000 
    wns: 0  norm_wns:  -1.0000 
    fail_endp: -1 
    tns:  0  tns_per_endp:  -1.0000   norm_tns_per_endp:  -1.0000 
    tns_sense_max:  -1.0000  tns_sense_avg:  -1.0000   tns_sense_num: -1
 is current best
CDN_DP_region_1_0_c7 in InverseRow: area: 3614169095 ,dp = 2 mux = 0 sg = very_fast    worst_clk_period: -1.0000 
    wns: 0  norm_wns:  -1.0000 
    fail_endp: -1 
    tns:  0  tns_per_endp:  -1.0000   norm_tns_per_endp:  -1.0000 
    tns_sense_max:  -1.0000  tns_sense_avg:  -1.0000   tns_sense_num: -1
 is current best
Best config: CDN_DP_region_1_0_c7 in InverseRow: area: 3614169095 ,dp = 2 mux = 0 sg = very_fast    worst_clk_period: -1.0000 
    wns: 0  norm_wns:  -1.0000 
    fail_endp: -1 
    tns:  0  tns_per_endp:  -1.0000   norm_tns_per_endp:  -1.0000 
    tns_sense_max:  -1.0000  tns_sense_avg:  -1.0000   tns_sense_num: -1
  Smallest config area : 3614169095.  Fastest config wns;  0
##>+----------------------------------------------------------------------------------------------------------------------------------------------------------------+
##>Summary table of configs (Best config is CDN_DP_region_1_0_c7)
##>+----------------------------------------------------------------------------------------------------------------------------------------------------------------+
##>                     0                  1                  2                  3                  4                  5                  6                  7            
##>+----------------------------------------------------------------------------------------------------------------------------------------------------------------+
##>           Area       4432894755         3636599935         3636599935         3636599935         3636599935         3636599935         3636599935         3614169095  
##>            WNS         +1040.00           +1071.00           +1071.00           +1071.00           +1071.00           +1071.00           +1071.00           +1071.00  
##>            TNS                0                  0                  0                  0                  0                  0                  0                  0  
##>    Num Rewrite                0                  2                  2                  2                  2                  2                  2                  0  
##>     Num Factor                0                  0                  0                  0                  0                  0                  0                  0  
##>      Num Share                0                  0                  0                  0                  0                  0                  0                  0  
##>   Num CmultCse                0                  0                  0                  0                  0                  0                  0                  0  
##>   Num Downsize                0                  0                  0                  0                  0                  0                  0                  0  
##>  Num Speculate                0                  0                  0                  0                  0                  0                  0                  0  
##>     Runtime(s)                0                  0                  0                  0                  0                  0                  0                  0  
+----------------------------------------------------------------------------------------------------------------------------------------------------------------+
##>
##>
##>+------------------------------------------------------------------------------------------------------------------------------------------------------------+
##>Optimization Step DEBUG Table for config CDN_DP_region_1_0_c7
##>
##>                          Step                        Area   ( % Chg)        WNS (Change)        TNS (Change)          Runtime (s)        Comment                   
##>+------------------------------------------------------------------------------------------------------------------------------------------------------------+
##>EquationExtraction              START             4432894755 (      )     1040.00 (        )             0 (        )              
##> rewrite                        START             8529326910 (+92.41)     1000.40 (  -39.60)             0 (       0)              (a,ar) Expr15_from --> Expr15_to
##>                                  END             8882612640 ( +4.14)     1035.80 (  +35.40)             0 (       0)           0  
##>                                  END             4449717885 ( +0.38)     1040.00 (   +0.00)             0 (       0)           0  
##>createMaxCarrySave              START             4449717885 ( +0.00)     1040.00 (   +0.00)             0 (       0)              
##> datapath_rewrite_one_def       START             4449717885 ( +0.00)     1040.00 (   +0.00)             0 (       0)              
##>                                  END             4449717885 ( +0.00)     1040.00 (   +0.00)             0 (       0)           0  
##> csa_opto                       START             4449717885 ( +0.00)     1040.00 (   +0.00)             0 (       0)              
##>                                  END             3614169095 (-18.78)     1073.80 (  +33.80)             0 (       0)           0  
##>                                  END             3614169095 (-18.78)     1073.80 (  +33.80)             0 (       0)           0  
##>canonicalize_by_names           START             3614169095 ( +0.00)     1073.80 (   +0.00)             0 (       0)              
##>                                  END             3614169095 ( +0.00)     1073.80 (   +0.00)             0 (       0)           0  
##>datapath_rewrite_post_csa_one_  START             3614169095 ( +0.00)     1073.80 (   +0.00)             0 (       0)              
##>                                  END             3614169095 ( +0.00)     1073.80 (   +0.00)             0 (       0)           0  
##>datapath_csa_factoring_one_gde  START             3614169095 ( +0.00)     1073.80 (   +0.00)             0 (       0)              
##>                                  END             3614169095 ( +0.00)     1073.80 (   +0.00)             0 (       0)           0  
##>dpopt_share_one_def             START             3614169095 ( +0.00)     1073.80 (   +0.00)             0 (       0)              
##>                                  END             3614169095 ( +0.00)     1073.80 (   +0.00)             0 (       0)           0  
##>datapath_rewrite_post_share     START             3614169095 ( +0.00)     1073.80 (   +0.00)             0 (       0)              
##>                                  END             3614169095 ( +0.00)     1073.80 (   +0.00)             0 (       0)           0  
##>dp_combine_const_mult_with_com  START             3614169095 ( +0.00)     1073.80 (   +0.00)             0 (       0)              
##>                                  END             3614169095 ( +0.00)     1073.80 (   +0.00)             0 (       0)           0  
##>dp_operator_level_decompositio  START             3614169095 ( +0.00)     1073.80 (   +0.00)             0 (       0)              
##>                                  END             3614169095 ( +0.00)     1073.80 (   +0.00)             0 (       0)           0  
##>selective_flatten_dp_config     START             3614169095 ( +0.00)     1073.80 (   +0.00)             0 (       0)              
##>                                  END             3614169095 ( +0.00)     1073.80 (   +0.00)             0 (       0)           0  
##>createMaxCarrySave              START             3614169095 ( +0.00)     1073.80 (   +0.00)             0 (       0)              
##> datapath_rewrite_one_def       START             3614169095 ( +0.00)     1073.80 (   +0.00)             0 (       0)              
##>  fast_cse_elim                 START             3614169095 ( +0.00)     1073.80 (   +0.00)             0 (       0)              
##>                                  END             3614169095 ( +0.00)     1073.80 (   +0.00)             0 (       0)           0  
##>  fast_cse_elim                 START             3614169095 ( +0.00)     1073.80 (   +0.00)             0 (       0)              
##>                                  END             3614169095 ( +0.00)     1073.80 (   +0.00)             0 (       0)           0  
##>                                  END             3614169095 ( +0.00)     1073.80 (   +0.00)             0 (       0)           0  
##> csa_opto                       START             3614169095 ( +0.00)     1073.80 (   +0.00)             0 (       0)              
##>                                  END             3614169095 ( +0.00)     1073.80 (   +0.00)             0 (       0)           0  
##>                                  END             3614169095 ( +0.00)     1073.80 (   +0.00)             0 (       0)           0  
##>context_based_simplify          START             3614169095 ( +0.00)     1073.80 (   +0.00)             0 (       0)              
##>                                  END             3614169095 ( +0.00)     1073.80 (   +0.00)             0 (       0)           0  
##>group_csa_final_adder_dp        START             3614169095 ( +0.00)     1073.80 (   +0.00)             0 (       0)              
##>                                  END             3614169095 ( +0.00)     1071.00 (   -2.80)             0 (       0)           0  
##>dpopt_flatten_critical_muxes_i  START             3614169095 ( +0.00)     1071.00 (   +0.00)             0 (       0)              
##>                                  END             3614169095 ( +0.00)     1071.00 (   +0.00)             0 (       0)           0  
##>create_score                    START             3614169095 ( +0.00)     1071.00 (   +0.00)             0 (       0)              
##>                                  END             3614169095 ( +0.00)     1071.00 (   +0.00)             0 (       0)           0  
##>+------------------------------------------------------------------------------------------------------------------------------------------------------------+
Committed config: CDN_DP_region_1_0_c7
Info    : Done implementing datapath configurations. [DPOPT-4]
        : Selected 'very_fast' configuration 7 for module 'CDN_DP_region_1_0'.
          Optimizations applied to 'very_fast' configuration:
            rewriting(0), factoring(0), sharing(0), cmultcse(0), downsizing(0), speculation(0)
Info    : Implementing datapath configurations. [DPOPT-3]
        : Implementing datapath configurations for 'CDN_DP_region_6_3'
CSAGen Prep Share:0 Re-Write:0 Speculation: 0
CDN_DP_region_6_3 level = 0 loads = 0 drivers = 0
MaxCSA: Successfully built Maximal CSA Expression Expr16
CDN_DP_region_6_3_c0 in MatrixC1: area: 4550656665 ,dp = 4 mux = 0 sg = slow         worst_clk_period: -1.0000 
    wns: 0  norm_wns:  -1.0000 
    fail_endp: -1 
    tns:  0  tns_per_endp:  -1.0000   norm_tns_per_endp:  -1.0000 
    tns_sense_max:  -1.0000  tns_sense_avg:  -1.0000   tns_sense_num: -1
 skipped
CDN_DP_region_6_3_c1 in MatrixC1: area: 4550656665 ,dp = 4 mux = 0 sg = fast         worst_clk_period: -1.0000 
    wns: 0  norm_wns:  -1.0000 
    fail_endp: -1 
    tns:  0  tns_per_endp:  -1.0000   norm_tns_per_endp:  -1.0000 
    tns_sense_max:  -1.0000  tns_sense_avg:  -1.0000   tns_sense_num: -1
 is current best
CDN_DP_region_6_3_c2 in MatrixC1: area: 4550656665 ,dp = 4 mux = 0 sg = very_slow    worst_clk_period: -1.0000 
    wns: 0  norm_wns:  -1.0000 
    fail_endp: -1 
    tns:  0  tns_per_endp:  -1.0000   norm_tns_per_endp:  -1.0000 
    tns_sense_max:  -1.0000  tns_sense_avg:  -1.0000   tns_sense_num: -1
 is current best
CDN_DP_region_6_3_c3 in MatrixC1: area: 4550656665 ,dp = 4 mux = 0 sg = very_fast    worst_clk_period: -1.0000 
    wns: 0  norm_wns:  -1.0000 
    fail_endp: -1 
    tns:  0  tns_per_endp:  -1.0000   norm_tns_per_endp:  -1.0000 
    tns_sense_max:  -1.0000  tns_sense_avg:  -1.0000   tns_sense_num: -1
 is current best
CDN_DP_region_6_3_c4 in MatrixC1: area: 4550656665 ,dp = 4 mux = 0 sg = very_fast    worst_clk_period: -1.0000 
    wns: 0  norm_wns:  -1.0000 
    fail_endp: -1 
    tns:  0  tns_per_endp:  -1.0000   norm_tns_per_endp:  -1.0000 
    tns_sense_max:  -1.0000  tns_sense_avg:  -1.0000   tns_sense_num: -1
 is current best
CDN_DP_region_6_3_c5 in MatrixC1: area: 4550656665 ,dp = 4 mux = 0 sg = very_fast    worst_clk_period: -1.0000 
    wns: 0  norm_wns:  -1.0000 
    fail_endp: -1 
    tns:  0  tns_per_endp:  -1.0000   norm_tns_per_endp:  -1.0000 
    tns_sense_max:  -1.0000  tns_sense_avg:  -1.0000   tns_sense_num: -1
 is current best
CDN_DP_region_6_3_c6 in MatrixC1: area: 4550656665 ,dp = 4 mux = 0 sg = very_fast    worst_clk_period: -1.0000 
    wns: 0  norm_wns:  -1.0000 
    fail_endp: -1 
    tns:  0  tns_per_endp:  -1.0000   norm_tns_per_endp:  -1.0000 
    tns_sense_max:  -1.0000  tns_sense_avg:  -1.0000   tns_sense_num: -1
 is current best
CDN_DP_region_6_3_c7 in MatrixC1: area: 4556264375 ,dp = 4 mux = 0 sg = very_fast    worst_clk_period: -1.0000 
    wns: 0  norm_wns:  -1.0000 
    fail_endp: -1 
    tns:  0  tns_per_endp:  -1.0000   norm_tns_per_endp:  -1.0000 
    tns_sense_max:  -1.0000  tns_sense_avg:  -1.0000   tns_sense_num: -1

Best config: CDN_DP_region_6_3_c6 in MatrixC1: area: 4550656665 ,dp = 4 mux = 0 sg = very_fast    worst_clk_period: -1.0000 
    wns: 0  norm_wns:  -1.0000 
    fail_endp: -1 
    tns:  0  tns_per_endp:  -1.0000   norm_tns_per_endp:  -1.0000 
    tns_sense_max:  -1.0000  tns_sense_avg:  -1.0000   tns_sense_num: -1
  Smallest config area : 4550656665.  Fastest config wns;  0
##>+----------------------------------------------------------------------------------------------------------------------------------------------------------------+
##>Summary table of configs (Best config is CDN_DP_region_6_3_c6)
##>+----------------------------------------------------------------------------------------------------------------------------------------------------------------+
##>                     0                  1                  2                  3                  4                  5                  6                  7            
##>+----------------------------------------------------------------------------------------------------------------------------------------------------------------+
##>           Area       4550656665         4550656665         4550656665         4550656665         4550656665         4550656665         4550656665         4556264375  
##>            WNS          +928.40            +928.40            +928.40            +928.40            +928.40            +928.40            +928.40            +928.40  
##>            TNS                0                  0                  0                  0                  0                  0                  0                  0  
##>    Num Rewrite                0                  0                  0                  0                  0                  0                  0                  0  
##>     Num Factor                0                  0                  0                  0                  0                  0                  0                  0  
##>      Num Share                0                  0                  0                  0                  0                  0                  0                  0  
##>   Num CmultCse                0                  0                  0                  0                  0                  0                  0                  0  
##>   Num Downsize                0                  0                  0                  0                  0                  0                  0                  0  
##>  Num Speculate                0                  0                  0                  0                  0                  0                  0                  0  
##>     Runtime(s)                0                  0                  0                  0                  0                  0                  0                  0  
+----------------------------------------------------------------------------------------------------------------------------------------------------------------+
##>
##>
##>+------------------------------------------------------------------------------------------------------------------------------------------------------------+
##>Optimization Step DEBUG Table for config CDN_DP_region_6_3_c6
##>
##>                          Step                        Area   ( % Chg)        WNS (Change)        TNS (Change)          Runtime (s)        Comment                   
##>+------------------------------------------------------------------------------------------------------------------------------------------------------------+
##>createMaxCarrySave              START             4550656665 (      )    107375110.80 (        )             0 (        )              
##> datapath_rewrite_one_def       START             4550656665 ( +0.00)    107375110.80 (   +0.00)             0 (       0)              
##>  fast_cse_elim                 START             4550656665 ( +0.00)    107375110.80 (   +0.00)             0 (       0)              
##>                                  END             4550656665 ( +0.00)    107375110.80 (   +0.00)             0 (       0)           0  
##>  fast_cse_elim                 START             4550656665 ( +0.00)    107375110.80 (   +0.00)             0 (       0)              
##>                                  END             4550656665 ( +0.00)    107375110.80 (   +0.00)             0 (       0)           0  
##>                                  END             4550656665 ( +0.00)    107375110.80 (   +0.00)             0 (       0)           0  
##> dpopt_share_one_def            START             4550656665 ( +0.00)    107375110.80 (   +0.00)             0 (       0)              
##>                                  END             4550656665 ( +0.00)    107375110.80 (   +0.00)             0 (       0)           0  
##> csa_opto                       START             4550656665 ( +0.00)    214748364.70 (+107373253.90)             0 (       0)              
##>                                  END             4550656665 ( +0.00)    214748364.70 (   +0.00)             0 (       0)           0  
##>                                  END             4550656665 ( +0.00)    214748364.70 (+107373253.90)             0 (       0)           0  
##>canonicalize_by_names           START             4550656665 ( +0.00)    214748364.70 (   +0.00)             0 (       0)              
##>                                  END             4550656665 ( +0.00)    214748364.70 (   +0.00)             0 (       0)           0  
##>datapath_rewrite_post_csa_one_  START             4550656665 ( +0.00)    214748364.70 (   +0.00)             0 (       0)              
##>                                  END             4550656665 ( +0.00)    214748364.70 (   +0.00)             0 (       0)           0  
##>datapath_csa_factoring_one_gde  START             4550656665 ( +0.00)    214748364.70 (   +0.00)             0 (       0)              
##>                                  END             4550656665 ( +0.00)    214748364.70 (   +0.00)             0 (       0)           0  
##>dpopt_share_one_def             START             4550656665 ( +0.00)    214748364.70 (   +0.00)             0 (       0)              
##>                                  END             4550656665 ( +0.00)    214748364.70 (   +0.00)             0 (       0)           0  
##>datapath_rewrite_post_share     START             4550656665 ( +0.00)    214748364.70 (   +0.00)             0 (       0)              
##>                                  END             4550656665 ( +0.00)    214748364.70 (   +0.00)             0 (       0)           0  
##>dp_combine_const_mult_with_com  START             4550656665 ( +0.00)    214748364.70 (   +0.00)             0 (       0)              
##>                                  END             4550656665 ( +0.00)    214748364.70 (   +0.00)             0 (       0)           0  
##>dp_operator_level_decompositio  START             4550656665 ( +0.00)    214748364.70 (   +0.00)             0 (       0)              
##>                                  END             4550656665 ( +0.00)    214748364.70 (   +0.00)             0 (       0)           0  
##>selective_flatten_dp_config     START             4550656665 ( +0.00)    214748364.70 (   +0.00)             0 (       0)              
##>                                  END             4550656665 ( +0.00)    214748364.70 (   +0.00)             0 (       0)           0  
##>createMaxCarrySave              START             4550656665 ( +0.00)    214748364.70 (   +0.00)             0 (       0)              
##> datapath_rewrite_one_def       START             4550656665 ( +0.00)    214748364.70 (   +0.00)             0 (       0)              
##>  fast_cse_elim                 START             4550656665 ( +0.00)    214748364.70 (   +0.00)             0 (       0)              
##>                                  END             4550656665 ( +0.00)    214748364.70 (   +0.00)             0 (       0)           0  
##>  fast_cse_elim                 START             4550656665 ( +0.00)    214748364.70 (   +0.00)             0 (       0)              
##>                                  END             4550656665 ( +0.00)    214748364.70 (   +0.00)             0 (       0)           0  
##>                                  END             4550656665 ( +0.00)    214748364.70 (   +0.00)             0 (       0)           0  
##> dpopt_share_one_def            START             4550656665 ( +0.00)    214748364.70 (   +0.00)             0 (       0)              
##>                                  END             4550656665 ( +0.00)    214748364.70 (   +0.00)             0 (       0)           0  
##> csa_opto                       START             4550656665 ( +0.00)    214748364.70 (   +0.00)             0 (       0)              
##>                                  END             4550656665 ( +0.00)    214748364.70 (   +0.00)             0 (       0)           0  
##>                                  END             4550656665 ( +0.00)    214748364.70 (   +0.00)             0 (       0)           0  
##>context_based_simplify          START             4550656665 ( +0.00)    214748364.70 (   +0.00)             0 (       0)              
##>                                  END             4550656665 ( +0.00)    214748364.70 (   +0.00)             0 (       0)           0  
##>group_csa_final_adder_dp        START             4550656665 ( +0.00)    214748364.70 (   +0.00)             0 (       0)              
##>                                  END             4550656665 ( +0.00)    214748364.70 (   +0.00)             0 (       0)           0  
##>dpopt_flatten_critical_muxes_i  START             4550656665 ( +0.00)    214748364.70 (   +0.00)             0 (       0)              
##>                                  END             4550656665 ( +0.00)    214748364.70 (   +0.00)             0 (       0)           0  
##>create_score                    START             4550656665 ( +0.00)      928.40 (-214747436.30)             0 (       0)              
##>                                  END             4550656665 ( +0.00)      928.40 (   +0.00)             0 (       0)           0  
##>+------------------------------------------------------------------------------------------------------------------------------------------------------------+
Committed config: CDN_DP_region_6_3_c6
Info    : Done implementing datapath configurations. [DPOPT-4]
        : Selected 'very_fast' configuration 6 for module 'CDN_DP_region_6_3'.
          Optimizations applied to 'very_fast' configuration:
            rewriting(0), factoring(0), sharing(0), cmultcse(0), downsizing(0), speculation(0)
Info    : Implementing datapath configurations. [DPOPT-3]
        : Implementing datapath configurations for 'CDN_DP_region_6_2'
CSAGen Prep Share:0 Re-Write:0 Speculation: 0
CDN_DP_region_6_2 level = 0 loads = 0 drivers = 0
MaxCSA: Successfully built Maximal CSA Expression Expr17
CDN_DP_region_6_2_c0 in MatrixC1: area: 4550656665 ,dp = 4 mux = 0 sg = slow         worst_clk_period: -1.0000 
    wns: 0  norm_wns:  -1.0000 
    fail_endp: -1 
    tns:  0  tns_per_endp:  -1.0000   norm_tns_per_endp:  -1.0000 
    tns_sense_max:  -1.0000  tns_sense_avg:  -1.0000   tns_sense_num: -1
 skipped
CDN_DP_region_6_2_c1 in MatrixC1: area: 4550656665 ,dp = 4 mux = 0 sg = fast         worst_clk_period: -1.0000 
    wns: 0  norm_wns:  -1.0000 
    fail_endp: -1 
    tns:  0  tns_per_endp:  -1.0000   norm_tns_per_endp:  -1.0000 
    tns_sense_max:  -1.0000  tns_sense_avg:  -1.0000   tns_sense_num: -1
 is current best
CDN_DP_region_6_2_c2 in MatrixC1: area: 4550656665 ,dp = 4 mux = 0 sg = very_slow    worst_clk_period: -1.0000 
    wns: 0  norm_wns:  -1.0000 
    fail_endp: -1 
    tns:  0  tns_per_endp:  -1.0000   norm_tns_per_endp:  -1.0000 
    tns_sense_max:  -1.0000  tns_sense_avg:  -1.0000   tns_sense_num: -1
 is current best
CDN_DP_region_6_2_c3 in MatrixC1: area: 4550656665 ,dp = 4 mux = 0 sg = very_fast    worst_clk_period: -1.0000 
    wns: 0  norm_wns:  -1.0000 
    fail_endp: -1 
    tns:  0  tns_per_endp:  -1.0000   norm_tns_per_endp:  -1.0000 
    tns_sense_max:  -1.0000  tns_sense_avg:  -1.0000   tns_sense_num: -1
 is current best
CDN_DP_region_6_2_c4 in MatrixC1: area: 4550656665 ,dp = 4 mux = 0 sg = very_fast    worst_clk_period: -1.0000 
    wns: 0  norm_wns:  -1.0000 
    fail_endp: -1 
    tns:  0  tns_per_endp:  -1.0000   norm_tns_per_endp:  -1.0000 
    tns_sense_max:  -1.0000  tns_sense_avg:  -1.0000   tns_sense_num: -1
 is current best
CDN_DP_region_6_2_c5 in MatrixC1: area: 4550656665 ,dp = 4 mux = 0 sg = very_fast    worst_clk_period: -1.0000 
    wns: 0  norm_wns:  -1.0000 
    fail_endp: -1 
    tns:  0  tns_per_endp:  -1.0000   norm_tns_per_endp:  -1.0000 
    tns_sense_max:  -1.0000  tns_sense_avg:  -1.0000   tns_sense_num: -1
 is current best
CDN_DP_region_6_2_c6 in MatrixC1: area: 4550656665 ,dp = 4 mux = 0 sg = very_fast    worst_clk_period: -1.0000 
    wns: 0  norm_wns:  -1.0000 
    fail_endp: -1 
    tns:  0  tns_per_endp:  -1.0000   norm_tns_per_endp:  -1.0000 
    tns_sense_max:  -1.0000  tns_sense_avg:  -1.0000   tns_sense_num: -1
 is current best
CDN_DP_region_6_2_c7 in MatrixC1: area: 4556264375 ,dp = 4 mux = 0 sg = very_fast    worst_clk_period: -1.0000 
    wns: 0  norm_wns:  -1.0000 
    fail_endp: -1 
    tns:  0  tns_per_endp:  -1.0000   norm_tns_per_endp:  -1.0000 
    tns_sense_max:  -1.0000  tns_sense_avg:  -1.0000   tns_sense_num: -1

Best config: CDN_DP_region_6_2_c6 in MatrixC1: area: 4550656665 ,dp = 4 mux = 0 sg = very_fast    worst_clk_period: -1.0000 
    wns: 0  norm_wns:  -1.0000 
    fail_endp: -1 
    tns:  0  tns_per_endp:  -1.0000   norm_tns_per_endp:  -1.0000 
    tns_sense_max:  -1.0000  tns_sense_avg:  -1.0000   tns_sense_num: -1
  Smallest config area : 4550656665.  Fastest config wns;  0
##>+----------------------------------------------------------------------------------------------------------------------------------------------------------------+
##>Summary table of configs (Best config is CDN_DP_region_6_2_c6)
##>+----------------------------------------------------------------------------------------------------------------------------------------------------------------+
##>                     0                  1                  2                  3                  4                  5                  6                  7            
##>+----------------------------------------------------------------------------------------------------------------------------------------------------------------+
##>           Area       4550656665         4550656665         4550656665         4550656665         4550656665         4550656665         4550656665         4556264375  
##>            WNS          +931.30            +931.30            +931.30            +931.30            +931.30            +931.30            +931.30            +931.30  
##>            TNS                0                  0                  0                  0                  0                  0                  0                  0  
##>    Num Rewrite                0                  0                  0                  0                  0                  0                  0                  0  
##>     Num Factor                0                  0                  0                  0                  0                  0                  0                  0  
##>      Num Share                0                  0                  0                  0                  0                  0                  0                  0  
##>   Num CmultCse                0                  0                  0                  0                  0                  0                  0                  0  
##>   Num Downsize                0                  0                  0                  0                  0                  0                  0                  0  
##>  Num Speculate                0                  0                  0                  0                  0                  0                  0                  0  
##>     Runtime(s)                0                  0                  0                  0                  0                  0                  0                  0  
+----------------------------------------------------------------------------------------------------------------------------------------------------------------+
##>
##>
##>+------------------------------------------------------------------------------------------------------------------------------------------------------------+
##>Optimization Step DEBUG Table for config CDN_DP_region_6_2_c6
##>
##>                          Step                        Area   ( % Chg)        WNS (Change)        TNS (Change)          Runtime (s)        Comment                   
##>+------------------------------------------------------------------------------------------------------------------------------------------------------------+
##>createMaxCarrySave              START             4550656665 (      )    107375113.70 (        )             0 (        )              
##> datapath_rewrite_one_def       START             4550656665 ( +0.00)    107375113.70 (   +0.00)             0 (       0)              
##>  fast_cse_elim                 START             4550656665 ( +0.00)    107375113.70 (   +0.00)             0 (       0)              
##>                                  END             4550656665 ( +0.00)    107375113.70 (   +0.00)             0 (       0)           0  
##>  fast_cse_elim                 START             4550656665 ( +0.00)    107375113.70 (   +0.00)             0 (       0)              
##>                                  END             4550656665 ( +0.00)    107375113.70 (   +0.00)             0 (       0)           0  
##>                                  END             4550656665 ( +0.00)    107375113.70 (   +0.00)             0 (       0)           0  
##> dpopt_share_one_def            START             4550656665 ( +0.00)    107375113.70 (   +0.00)             0 (       0)              
##>                                  END             4550656665 ( +0.00)    107375113.70 (   +0.00)             0 (       0)           0  
##> csa_opto                       START             4550656665 ( +0.00)    214748364.70 (+107373251.00)             0 (       0)              
##>                                  END             4550656665 ( +0.00)    214748364.70 (   +0.00)             0 (       0)           0  
##>                                  END             4550656665 ( +0.00)    214748364.70 (+107373251.00)             0 (       0)           0  
##>canonicalize_by_names           START             4550656665 ( +0.00)    214748364.70 (   +0.00)             0 (       0)              
##>                                  END             4550656665 ( +0.00)    214748364.70 (   +0.00)             0 (       0)           0  
##>datapath_rewrite_post_csa_one_  START             4550656665 ( +0.00)    214748364.70 (   +0.00)             0 (       0)              
##>                                  END             4550656665 ( +0.00)    214748364.70 (   +0.00)             0 (       0)           0  
##>datapath_csa_factoring_one_gde  START             4550656665 ( +0.00)    214748364.70 (   +0.00)             0 (       0)              
##>                                  END             4550656665 ( +0.00)    214748364.70 (   +0.00)             0 (       0)           0  
##>dpopt_share_one_def             START             4550656665 ( +0.00)    214748364.70 (   +0.00)             0 (       0)              
##>                                  END             4550656665 ( +0.00)    214748364.70 (   +0.00)             0 (       0)           0  
##>datapath_rewrite_post_share     START             4550656665 ( +0.00)    214748364.70 (   +0.00)             0 (       0)              
##>                                  END             4550656665 ( +0.00)    214748364.70 (   +0.00)             0 (       0)           0  
##>dp_combine_const_mult_with_com  START             4550656665 ( +0.00)    214748364.70 (   +0.00)             0 (       0)              
##>                                  END             4550656665 ( +0.00)    214748364.70 (   +0.00)             0 (       0)           0  
##>dp_operator_level_decompositio  START             4550656665 ( +0.00)    214748364.70 (   +0.00)             0 (       0)              
##>                                  END             4550656665 ( +0.00)    214748364.70 (   +0.00)             0 (       0)           0  
##>selective_flatten_dp_config     START             4550656665 ( +0.00)    214748364.70 (   +0.00)             0 (       0)              
##>                                  END             4550656665 ( +0.00)    214748364.70 (   +0.00)             0 (       0)           0  
##>createMaxCarrySave              START             4550656665 ( +0.00)    214748364.70 (   +0.00)             0 (       0)              
##> datapath_rewrite_one_def       START             4550656665 ( +0.00)    214748364.70 (   +0.00)             0 (       0)              
##>  fast_cse_elim                 START             4550656665 ( +0.00)    214748364.70 (   +0.00)             0 (       0)              
##>                                  END             4550656665 ( +0.00)    214748364.70 (   +0.00)             0 (       0)           0  
##>  fast_cse_elim                 START             4550656665 ( +0.00)    214748364.70 (   +0.00)             0 (       0)              
##>                                  END             4550656665 ( +0.00)    214748364.70 (   +0.00)             0 (       0)           0  
##>                                  END             4550656665 ( +0.00)    214748364.70 (   +0.00)             0 (       0)           0  
##> dpopt_share_one_def            START             4550656665 ( +0.00)    214748364.70 (   +0.00)             0 (       0)              
##>                                  END             4550656665 ( +0.00)    214748364.70 (   +0.00)             0 (       0)           0  
##> csa_opto                       START             4550656665 ( +0.00)    214748364.70 (   +0.00)             0 (       0)              
##>                                  END             4550656665 ( +0.00)    214748364.70 (   +0.00)             0 (       0)           0  
##>                                  END             4550656665 ( +0.00)    214748364.70 (   +0.00)             0 (       0)           0  
##>context_based_simplify          START             4550656665 ( +0.00)    214748364.70 (   +0.00)             0 (       0)              
##>                                  END             4550656665 ( +0.00)    214748364.70 (   +0.00)             0 (       0)           0  
##>group_csa_final_adder_dp        START             4550656665 ( +0.00)    214748364.70 (   +0.00)             0 (       0)              
##>                                  END             4550656665 ( +0.00)    214748364.70 (   +0.00)             0 (       0)           0  
##>dpopt_flatten_critical_muxes_i  START             4550656665 ( +0.00)    214748364.70 (   +0.00)             0 (       0)              
##>                                  END             4550656665 ( +0.00)    214748364.70 (   +0.00)             0 (       0)           0  
##>create_score                    START             4550656665 ( +0.00)      931.30 (-214747433.40)             0 (       0)              
##>                                  END             4550656665 ( +0.00)      931.30 (   +0.00)             0 (       0)           0  
##>+------------------------------------------------------------------------------------------------------------------------------------------------------------+
Committed config: CDN_DP_region_6_2_c6
Info    : Done implementing datapath configurations. [DPOPT-4]
        : Selected 'very_fast' configuration 6 for module 'CDN_DP_region_6_2'.
          Optimizations applied to 'very_fast' configuration:
            rewriting(0), factoring(0), sharing(0), cmultcse(0), downsizing(0), speculation(0)
Info    : Implementing datapath configurations. [DPOPT-3]
        : Implementing datapath configurations for 'CDN_DP_region_6_1'
CSAGen Prep Share:0 Re-Write:0 Speculation: 0
CDN_DP_region_6_1 level = 0 loads = 0 drivers = 0
MaxCSA: Successfully built Maximal CSA Expression Expr18
CDN_DP_region_6_1_c0 in MatrixC1: area: 4550656665 ,dp = 4 mux = 0 sg = slow         worst_clk_period: -1.0000 
    wns: 0  norm_wns:  -1.0000 
    fail_endp: -1 
    tns:  0  tns_per_endp:  -1.0000   norm_tns_per_endp:  -1.0000 
    tns_sense_max:  -1.0000  tns_sense_avg:  -1.0000   tns_sense_num: -1
 skipped
CDN_DP_region_6_1_c1 in MatrixC1: area: 4550656665 ,dp = 4 mux = 0 sg = fast         worst_clk_period: -1.0000 
    wns: 0  norm_wns:  -1.0000 
    fail_endp: -1 
    tns:  0  tns_per_endp:  -1.0000   norm_tns_per_endp:  -1.0000 
    tns_sense_max:  -1.0000  tns_sense_avg:  -1.0000   tns_sense_num: -1
 is current best
CDN_DP_region_6_1_c2 in MatrixC1: area: 4550656665 ,dp = 4 mux = 0 sg = very_slow    worst_clk_period: -1.0000 
    wns: 0  norm_wns:  -1.0000 
    fail_endp: -1 
    tns:  0  tns_per_endp:  -1.0000   norm_tns_per_endp:  -1.0000 
    tns_sense_max:  -1.0000  tns_sense_avg:  -1.0000   tns_sense_num: -1
 is current best
CDN_DP_region_6_1_c3 in MatrixC1: area: 4550656665 ,dp = 4 mux = 0 sg = very_fast    worst_clk_period: -1.0000 
    wns: 0  norm_wns:  -1.0000 
    fail_endp: -1 
    tns:  0  tns_per_endp:  -1.0000   norm_tns_per_endp:  -1.0000 
    tns_sense_max:  -1.0000  tns_sense_avg:  -1.0000   tns_sense_num: -1
 is current best
CDN_DP_region_6_1_c4 in MatrixC1: area: 4550656665 ,dp = 4 mux = 0 sg = very_fast    worst_clk_period: -1.0000 
    wns: 0  norm_wns:  -1.0000 
    fail_endp: -1 
    tns:  0  tns_per_endp:  -1.0000   norm_tns_per_endp:  -1.0000 
    tns_sense_max:  -1.0000  tns_sense_avg:  -1.0000   tns_sense_num: -1
 is current best
CDN_DP_region_6_1_c5 in MatrixC1: area: 4550656665 ,dp = 4 mux = 0 sg = very_fast    worst_clk_period: -1.0000 
    wns: 0  norm_wns:  -1.0000 
    fail_endp: -1 
    tns:  0  tns_per_endp:  -1.0000   norm_tns_per_endp:  -1.0000 
    tns_sense_max:  -1.0000  tns_sense_avg:  -1.0000   tns_sense_num: -1
 is current best
CDN_DP_region_6_1_c6 in MatrixC1: area: 4550656665 ,dp = 4 mux = 0 sg = very_fast    worst_clk_period: -1.0000 
    wns: 0  norm_wns:  -1.0000 
    fail_endp: -1 
    tns:  0  tns_per_endp:  -1.0000   norm_tns_per_endp:  -1.0000 
    tns_sense_max:  -1.0000  tns_sense_avg:  -1.0000   tns_sense_num: -1
 is current best
CDN_DP_region_6_1_c7 in MatrixC1: area: 4556264375 ,dp = 4 mux = 0 sg = very_fast    worst_clk_period: -1.0000 
    wns: 0  norm_wns:  -1.0000 
    fail_endp: -1 
    tns:  0  tns_per_endp:  -1.0000   norm_tns_per_endp:  -1.0000 
    tns_sense_max:  -1.0000  tns_sense_avg:  -1.0000   tns_sense_num: -1

Best config: CDN_DP_region_6_1_c6 in MatrixC1: area: 4550656665 ,dp = 4 mux = 0 sg = very_fast    worst_clk_period: -1.0000 
    wns: 0  norm_wns:  -1.0000 
    fail_endp: -1 
    tns:  0  tns_per_endp:  -1.0000   norm_tns_per_endp:  -1.0000 
    tns_sense_max:  -1.0000  tns_sense_avg:  -1.0000   tns_sense_num: -1
  Smallest config area : 4550656665.  Fastest config wns;  0
##>+----------------------------------------------------------------------------------------------------------------------------------------------------------------+
##>Summary table of configs (Best config is CDN_DP_region_6_1_c6)
##>+----------------------------------------------------------------------------------------------------------------------------------------------------------------+
##>                     0                  1                  2                  3                  4                  5                  6                  7            
##>+----------------------------------------------------------------------------------------------------------------------------------------------------------------+
##>           Area       4550656665         4550656665         4550656665         4550656665         4550656665         4550656665         4550656665         4556264375  
##>            WNS          +925.90            +925.90            +925.90            +925.90            +925.90            +925.90            +925.90            +925.90  
##>            TNS                0                  0                  0                  0                  0                  0                  0                  0  
##>    Num Rewrite                0                  0                  0                  0                  0                  0                  0                  0  
##>     Num Factor                0                  0                  0                  0                  0                  0                  0                  0  
##>      Num Share                0                  0                  0                  0                  0                  0                  0                  0  
##>   Num CmultCse                0                  0                  0                  0                  0                  0                  0                  0  
##>   Num Downsize                0                  0                  0                  0                  0                  0                  0                  0  
##>  Num Speculate                0                  0                  0                  0                  0                  0                  0                  0  
##>     Runtime(s)                0                  0                  0                  0                  0                  0                  0                  0  
+----------------------------------------------------------------------------------------------------------------------------------------------------------------+
##>
##>
##>+------------------------------------------------------------------------------------------------------------------------------------------------------------+
##>Optimization Step DEBUG Table for config CDN_DP_region_6_1_c6
##>
##>                          Step                        Area   ( % Chg)        WNS (Change)        TNS (Change)          Runtime (s)        Comment                   
##>+------------------------------------------------------------------------------------------------------------------------------------------------------------+
##>createMaxCarrySave              START             4550656665 (      )    107375108.30 (        )             0 (        )              
##> datapath_rewrite_one_def       START             4550656665 ( +0.00)    107375108.30 (   +0.00)             0 (       0)              
##>  fast_cse_elim                 START             4550656665 ( +0.00)    107375108.30 (   +0.00)             0 (       0)              
##>                                  END             4550656665 ( +0.00)    107375108.30 (   +0.00)             0 (       0)           0  
##>  fast_cse_elim                 START             4550656665 ( +0.00)    107375108.30 (   +0.00)             0 (       0)              
##>                                  END             4550656665 ( +0.00)    107375108.30 (   +0.00)             0 (       0)           0  
##>                                  END             4550656665 ( +0.00)    107375108.30 (   +0.00)             0 (       0)           0  
##> dpopt_share_one_def            START             4550656665 ( +0.00)    107375108.30 (   +0.00)             0 (       0)              
##>                                  END             4550656665 ( +0.00)    107375108.30 (   +0.00)             0 (       0)           0  
##> csa_opto                       START             4550656665 ( +0.00)    214748364.70 (+107373256.40)             0 (       0)              
##>                                  END             4550656665 ( +0.00)    214748364.70 (   +0.00)             0 (       0)           0  
##>                                  END             4550656665 ( +0.00)    214748364.70 (+107373256.40)             0 (       0)           0  
##>canonicalize_by_names           START             4550656665 ( +0.00)    214748364.70 (   +0.00)             0 (       0)              
##>                                  END             4550656665 ( +0.00)    214748364.70 (   +0.00)             0 (       0)           0  
##>datapath_rewrite_post_csa_one_  START             4550656665 ( +0.00)    214748364.70 (   +0.00)             0 (       0)              
##>                                  END             4550656665 ( +0.00)    214748364.70 (   +0.00)             0 (       0)           0  
##>datapath_csa_factoring_one_gde  START             4550656665 ( +0.00)    214748364.70 (   +0.00)             0 (       0)              
##>                                  END             4550656665 ( +0.00)    214748364.70 (   +0.00)             0 (       0)           0  
##>dpopt_share_one_def             START             4550656665 ( +0.00)    214748364.70 (   +0.00)             0 (       0)              
##>                                  END             4550656665 ( +0.00)    214748364.70 (   +0.00)             0 (       0)           0  
##>datapath_rewrite_post_share     START             4550656665 ( +0.00)    214748364.70 (   +0.00)             0 (       0)              
##>                                  END             4550656665 ( +0.00)    214748364.70 (   +0.00)             0 (       0)           0  
##>dp_combine_const_mult_with_com  START             4550656665 ( +0.00)    214748364.70 (   +0.00)             0 (       0)              
##>                                  END             4550656665 ( +0.00)    214748364.70 (   +0.00)             0 (       0)           0  
##>dp_operator_level_decompositio  START             4550656665 ( +0.00)    214748364.70 (   +0.00)             0 (       0)              
##>                                  END             4550656665 ( +0.00)    214748364.70 (   +0.00)             0 (       0)           0  
##>selective_flatten_dp_config     START             4550656665 ( +0.00)    214748364.70 (   +0.00)             0 (       0)              
##>                                  END             4550656665 ( +0.00)    214748364.70 (   +0.00)             0 (       0)           0  
##>createMaxCarrySave              START             4550656665 ( +0.00)    214748364.70 (   +0.00)             0 (       0)              
##> datapath_rewrite_one_def       START             4550656665 ( +0.00)    214748364.70 (   +0.00)             0 (       0)              
##>  fast_cse_elim                 START             4550656665 ( +0.00)    214748364.70 (   +0.00)             0 (       0)              
##>                                  END             4550656665 ( +0.00)    214748364.70 (   +0.00)             0 (       0)           0  
##>  fast_cse_elim                 START             4550656665 ( +0.00)    214748364.70 (   +0.00)             0 (       0)              
##>                                  END             4550656665 ( +0.00)    214748364.70 (   +0.00)             0 (       0)           0  
##>                                  END             4550656665 ( +0.00)    214748364.70 (   +0.00)             0 (       0)           0  
##> dpopt_share_one_def            START             4550656665 ( +0.00)    214748364.70 (   +0.00)             0 (       0)              
##>                                  END             4550656665 ( +0.00)    214748364.70 (   +0.00)             0 (       0)           0  
##> csa_opto                       START             4550656665 ( +0.00)    214748364.70 (   +0.00)             0 (       0)              
##>                                  END             4550656665 ( +0.00)    214748364.70 (   +0.00)             0 (       0)           0  
##>                                  END             4550656665 ( +0.00)    214748364.70 (   +0.00)             0 (       0)           0  
##>context_based_simplify          START             4550656665 ( +0.00)    214748364.70 (   +0.00)             0 (       0)              
##>                                  END             4550656665 ( +0.00)    214748364.70 (   +0.00)             0 (       0)           0  
##>group_csa_final_adder_dp        START             4550656665 ( +0.00)    214748364.70 (   +0.00)             0 (       0)              
##>                                  END             4550656665 ( +0.00)    214748364.70 (   +0.00)             0 (       0)           0  
##>dpopt_flatten_critical_muxes_i  START             4550656665 ( +0.00)    214748364.70 (   +0.00)             0 (       0)              
##>                                  END             4550656665 ( +0.00)    214748364.70 (   +0.00)             0 (       0)           0  
##>create_score                    START             4550656665 ( +0.00)      925.90 (-214747438.80)             0 (       0)              
##>                                  END             4550656665 ( +0.00)      925.90 (   +0.00)             0 (       0)           0  
##>+------------------------------------------------------------------------------------------------------------------------------------------------------------+
Committed config: CDN_DP_region_6_1_c6
Info    : Done implementing datapath configurations. [DPOPT-4]
        : Selected 'very_fast' configuration 6 for module 'CDN_DP_region_6_1'.
          Optimizations applied to 'very_fast' configuration:
            rewriting(0), factoring(0), sharing(0), cmultcse(0), downsizing(0), speculation(0)
Info    : Implementing datapath configurations. [DPOPT-3]
        : Implementing datapath configurations for 'CDN_DP_region_6_0'
CSAGen Prep Share:0 Re-Write:0 Speculation: 0
CDN_DP_region_6_0 level = 0 loads = 0 drivers = 0
MaxCSA: Successfully built Maximal CSA Expression Expr19
CDN_DP_region_6_0_c0 in MatrixC1: area: 4550656665 ,dp = 4 mux = 0 sg = slow         worst_clk_period: -1.0000 
    wns: 0  norm_wns:  -1.0000 
    fail_endp: -1 
    tns:  0  tns_per_endp:  -1.0000   norm_tns_per_endp:  -1.0000 
    tns_sense_max:  -1.0000  tns_sense_avg:  -1.0000   tns_sense_num: -1
 skipped
CDN_DP_region_6_0_c1 in MatrixC1: area: 4550656665 ,dp = 4 mux = 0 sg = fast         worst_clk_period: -1.0000 
    wns: 0  norm_wns:  -1.0000 
    fail_endp: -1 
    tns:  0  tns_per_endp:  -1.0000   norm_tns_per_endp:  -1.0000 
    tns_sense_max:  -1.0000  tns_sense_avg:  -1.0000   tns_sense_num: -1
 is current best
CDN_DP_region_6_0_c2 in MatrixC1: area: 4550656665 ,dp = 4 mux = 0 sg = very_slow    worst_clk_period: -1.0000 
    wns: 0  norm_wns:  -1.0000 
    fail_endp: -1 
    tns:  0  tns_per_endp:  -1.0000   norm_tns_per_endp:  -1.0000 
    tns_sense_max:  -1.0000  tns_sense_avg:  -1.0000   tns_sense_num: -1
 is current best
CDN_DP_region_6_0_c3 in MatrixC1: area: 4550656665 ,dp = 4 mux = 0 sg = very_fast    worst_clk_period: -1.0000 
    wns: 0  norm_wns:  -1.0000 
    fail_endp: -1 
    tns:  0  tns_per_endp:  -1.0000   norm_tns_per_endp:  -1.0000 
    tns_sense_max:  -1.0000  tns_sense_avg:  -1.0000   tns_sense_num: -1
 is current best
CDN_DP_region_6_0_c4 in MatrixC1: area: 4550656665 ,dp = 4 mux = 0 sg = very_fast    worst_clk_period: -1.0000 
    wns: 0  norm_wns:  -1.0000 
    fail_endp: -1 
    tns:  0  tns_per_endp:  -1.0000   norm_tns_per_endp:  -1.0000 
    tns_sense_max:  -1.0000  tns_sense_avg:  -1.0000   tns_sense_num: -1
 is current best
CDN_DP_region_6_0_c5 in MatrixC1: area: 4550656665 ,dp = 4 mux = 0 sg = very_fast    worst_clk_period: -1.0000 
    wns: 0  norm_wns:  -1.0000 
    fail_endp: -1 
    tns:  0  tns_per_endp:  -1.0000   norm_tns_per_endp:  -1.0000 
    tns_sense_max:  -1.0000  tns_sense_avg:  -1.0000   tns_sense_num: -1
 is current best
CDN_DP_region_6_0_c6 in MatrixC1: area: 4550656665 ,dp = 4 mux = 0 sg = very_fast    worst_clk_period: -1.0000 
    wns: 0  norm_wns:  -1.0000 
    fail_endp: -1 
    tns:  0  tns_per_endp:  -1.0000   norm_tns_per_endp:  -1.0000 
    tns_sense_max:  -1.0000  tns_sense_avg:  -1.0000   tns_sense_num: -1
 is current best
CDN_DP_region_6_0_c7 in MatrixC1: area: 4556264375 ,dp = 4 mux = 0 sg = very_fast    worst_clk_period: -1.0000 
    wns: 0  norm_wns:  -1.0000 
    fail_endp: -1 
    tns:  0  tns_per_endp:  -1.0000   norm_tns_per_endp:  -1.0000 
    tns_sense_max:  -1.0000  tns_sense_avg:  -1.0000   tns_sense_num: -1

Best config: CDN_DP_region_6_0_c6 in MatrixC1: area: 4550656665 ,dp = 4 mux = 0 sg = very_fast    worst_clk_period: -1.0000 
    wns: 0  norm_wns:  -1.0000 
    fail_endp: -1 
    tns:  0  tns_per_endp:  -1.0000   norm_tns_per_endp:  -1.0000 
    tns_sense_max:  -1.0000  tns_sense_avg:  -1.0000   tns_sense_num: -1
  Smallest config area : 4550656665.  Fastest config wns;  0
##>+----------------------------------------------------------------------------------------------------------------------------------------------------------------+
##>Summary table of configs (Best config is CDN_DP_region_6_0_c6)
##>+----------------------------------------------------------------------------------------------------------------------------------------------------------------+
##>                     0                  1                  2                  3                  4                  5                  6                  7            
##>+----------------------------------------------------------------------------------------------------------------------------------------------------------------+
##>           Area       4550656665         4550656665         4550656665         4550656665         4550656665         4550656665         4550656665         4556264375  
##>            WNS          +925.90            +925.90            +925.90            +925.90            +925.90            +925.90            +925.90            +925.90  
##>            TNS                0                  0                  0                  0                  0                  0                  0                  0  
##>    Num Rewrite                0                  0                  0                  0                  0                  0                  0                  0  
##>     Num Factor                0                  0                  0                  0                  0                  0                  0                  0  
##>      Num Share                0                  0                  0                  0                  0                  0                  0                  0  
##>   Num CmultCse                0                  0                  0                  0                  0                  0                  0                  0  
##>   Num Downsize                0                  0                  0                  0                  0                  0                  0                  0  
##>  Num Speculate                0                  0                  0                  0                  0                  0                  0                  0  
##>     Runtime(s)                0                  0                  0                  0                  0                  0                  0                  0  
+----------------------------------------------------------------------------------------------------------------------------------------------------------------+
##>
##>
##>+------------------------------------------------------------------------------------------------------------------------------------------------------------+
##>Optimization Step DEBUG Table for config CDN_DP_region_6_0_c6
##>
##>                          Step                        Area   ( % Chg)        WNS (Change)        TNS (Change)          Runtime (s)        Comment                   
##>+------------------------------------------------------------------------------------------------------------------------------------------------------------+
##>createMaxCarrySave              START             4550656665 (      )    107375108.30 (        )             0 (        )              
##> datapath_rewrite_one_def       START             4550656665 ( +0.00)    107375108.30 (   +0.00)             0 (       0)              
##>  fast_cse_elim                 START             4550656665 ( +0.00)    107375108.30 (   +0.00)             0 (       0)              
##>                                  END             4550656665 ( +0.00)    107375108.30 (   +0.00)             0 (       0)           0  
##>  fast_cse_elim                 START             4550656665 ( +0.00)    107375108.30 (   +0.00)             0 (       0)              
##>                                  END             4550656665 ( +0.00)    107375108.30 (   +0.00)             0 (       0)           0  
##>                                  END             4550656665 ( +0.00)    107375108.30 (   +0.00)             0 (       0)           0  
##> dpopt_share_one_def            START             4550656665 ( +0.00)    107375108.30 (   +0.00)             0 (       0)              
##>                                  END             4550656665 ( +0.00)    107375108.30 (   +0.00)             0 (       0)           0  
##> csa_opto                       START             4550656665 ( +0.00)    214748364.70 (+107373256.40)             0 (       0)              
##>                                  END             4550656665 ( +0.00)    214748364.70 (   +0.00)             0 (       0)           0  
##>                                  END             4550656665 ( +0.00)    214748364.70 (+107373256.40)             0 (       0)           0  
##>canonicalize_by_names           START             4550656665 ( +0.00)    214748364.70 (   +0.00)             0 (       0)              
##>                                  END             4550656665 ( +0.00)    214748364.70 (   +0.00)             0 (       0)           0  
##>datapath_rewrite_post_csa_one_  START             4550656665 ( +0.00)    214748364.70 (   +0.00)             0 (       0)              
##>                                  END             4550656665 ( +0.00)    214748364.70 (   +0.00)             0 (       0)           0  
##>datapath_csa_factoring_one_gde  START             4550656665 ( +0.00)    214748364.70 (   +0.00)             0 (       0)              
##>                                  END             4550656665 ( +0.00)    214748364.70 (   +0.00)             0 (       0)           0  
##>dpopt_share_one_def             START             4550656665 ( +0.00)    214748364.70 (   +0.00)             0 (       0)              
##>                                  END             4550656665 ( +0.00)    214748364.70 (   +0.00)             0 (       0)           0  
##>datapath_rewrite_post_share     START             4550656665 ( +0.00)    214748364.70 (   +0.00)             0 (       0)              
##>                                  END             4550656665 ( +0.00)    214748364.70 (   +0.00)             0 (       0)           0  
##>dp_combine_const_mult_with_com  START             4550656665 ( +0.00)    214748364.70 (   +0.00)             0 (       0)              
##>                                  END             4550656665 ( +0.00)    214748364.70 (   +0.00)             0 (       0)           0  
##>dp_operator_level_decompositio  START             4550656665 ( +0.00)    214748364.70 (   +0.00)             0 (       0)              
##>                                  END             4550656665 ( +0.00)    214748364.70 (   +0.00)             0 (       0)           0  
##>selective_flatten_dp_config     START             4550656665 ( +0.00)    214748364.70 (   +0.00)             0 (       0)              
##>                                  END             4550656665 ( +0.00)    214748364.70 (   +0.00)             0 (       0)           0  
##>createMaxCarrySave              START             4550656665 ( +0.00)    214748364.70 (   +0.00)             0 (       0)              
##> datapath_rewrite_one_def       START             4550656665 ( +0.00)    214748364.70 (   +0.00)             0 (       0)              
##>  fast_cse_elim                 START             4550656665 ( +0.00)    214748364.70 (   +0.00)             0 (       0)              
##>                                  END             4550656665 ( +0.00)    214748364.70 (   +0.00)             0 (       0)           0  
##>  fast_cse_elim                 START             4550656665 ( +0.00)    214748364.70 (   +0.00)             0 (       0)              
##>                                  END             4550656665 ( +0.00)    214748364.70 (   +0.00)             0 (       0)           0  
##>                                  END             4550656665 ( +0.00)    214748364.70 (   +0.00)             0 (       0)           0  
##> dpopt_share_one_def            START             4550656665 ( +0.00)    214748364.70 (   +0.00)             0 (       0)              
##>                                  END             4550656665 ( +0.00)    214748364.70 (   +0.00)             0 (       0)           0  
##> csa_opto                       START             4550656665 ( +0.00)    214748364.70 (   +0.00)             0 (       0)              
##>                                  END             4550656665 ( +0.00)    214748364.70 (   +0.00)             0 (       0)           0  
##>                                  END             4550656665 ( +0.00)    214748364.70 (   +0.00)             0 (       0)           0  
##>context_based_simplify          START             4550656665 ( +0.00)    214748364.70 (   +0.00)             0 (       0)              
##>                                  END             4550656665 ( +0.00)    214748364.70 (   +0.00)             0 (       0)           0  
##>group_csa_final_adder_dp        START             4550656665 ( +0.00)    214748364.70 (   +0.00)             0 (       0)              
##>                                  END             4550656665 ( +0.00)    214748364.70 (   +0.00)             0 (       0)           0  
##>dpopt_flatten_critical_muxes_i  START             4550656665 ( +0.00)    214748364.70 (   +0.00)             0 (       0)              
##>                                  END             4550656665 ( +0.00)    214748364.70 (   +0.00)             0 (       0)           0  
##>create_score                    START             4550656665 ( +0.00)      925.90 (-214747438.80)             0 (       0)              
##>                                  END             4550656665 ( +0.00)      925.90 (   +0.00)             0 (       0)           0  
##>+------------------------------------------------------------------------------------------------------------------------------------------------------------+
Committed config: CDN_DP_region_6_0_c6
Info    : Done implementing datapath configurations. [DPOPT-4]
        : Selected 'very_fast' configuration 6 for module 'CDN_DP_region_6_0'.
          Optimizations applied to 'very_fast' configuration:
            rewriting(0), factoring(0), sharing(0), cmultcse(0), downsizing(0), speculation(0)
Info    : Implementing datapath configurations. [DPOPT-3]
        : Implementing datapath configurations for 'CDN_DP_region_5_3'
CSAGen Prep Share:0 Re-Write:0 Speculation: 0
CDN_DP_region_5_3 level = 0 loads = 0 drivers = 0
MaxCSA: Successfully built Maximal CSA Expression Expr20
CDN_DP_region_5_3_c0 in MatrixC0: area: 4550656665 ,dp = 4 mux = 0 sg = slow         worst_clk_period: -1.0000 
    wns: 0  norm_wns:  -1.0000 
    fail_endp: -1 
    tns:  0  tns_per_endp:  -1.0000   norm_tns_per_endp:  -1.0000 
    tns_sense_max:  -1.0000  tns_sense_avg:  -1.0000   tns_sense_num: -1
 skipped
CDN_DP_region_5_3_c1 in MatrixC0: area: 4550656665 ,dp = 4 mux = 0 sg = fast         worst_clk_period: -1.0000 
    wns: 0  norm_wns:  -1.0000 
    fail_endp: -1 
    tns:  0  tns_per_endp:  -1.0000   norm_tns_per_endp:  -1.0000 
    tns_sense_max:  -1.0000  tns_sense_avg:  -1.0000   tns_sense_num: -1
 is current best
CDN_DP_region_5_3_c2 in MatrixC0: area: 4550656665 ,dp = 4 mux = 0 sg = very_slow    worst_clk_period: -1.0000 
    wns: 0  norm_wns:  -1.0000 
    fail_endp: -1 
    tns:  0  tns_per_endp:  -1.0000   norm_tns_per_endp:  -1.0000 
    tns_sense_max:  -1.0000  tns_sense_avg:  -1.0000   tns_sense_num: -1
 is current best
CDN_DP_region_5_3_c3 in MatrixC0: area: 4550656665 ,dp = 4 mux = 0 sg = very_fast    worst_clk_period: -1.0000 
    wns: 0  norm_wns:  -1.0000 
    fail_endp: -1 
    tns:  0  tns_per_endp:  -1.0000   norm_tns_per_endp:  -1.0000 
    tns_sense_max:  -1.0000  tns_sense_avg:  -1.0000   tns_sense_num: -1
 is current best
CDN_DP_region_5_3_c4 in MatrixC0: area: 4550656665 ,dp = 4 mux = 0 sg = very_fast    worst_clk_period: -1.0000 
    wns: 0  norm_wns:  -1.0000 
    fail_endp: -1 
    tns:  0  tns_per_endp:  -1.0000   norm_tns_per_endp:  -1.0000 
    tns_sense_max:  -1.0000  tns_sense_avg:  -1.0000   tns_sense_num: -1
 is current best
CDN_DP_region_5_3_c5 in MatrixC0: area: 4550656665 ,dp = 4 mux = 0 sg = very_fast    worst_clk_period: -1.0000 
    wns: 0  norm_wns:  -1.0000 
    fail_endp: -1 
    tns:  0  tns_per_endp:  -1.0000   norm_tns_per_endp:  -1.0000 
    tns_sense_max:  -1.0000  tns_sense_avg:  -1.0000   tns_sense_num: -1
 is current best
CDN_DP_region_5_3_c6 in MatrixC0: area: 4550656665 ,dp = 4 mux = 0 sg = very_fast    worst_clk_period: -1.0000 
    wns: 0  norm_wns:  -1.0000 
    fail_endp: -1 
    tns:  0  tns_per_endp:  -1.0000   norm_tns_per_endp:  -1.0000 
    tns_sense_max:  -1.0000  tns_sense_avg:  -1.0000   tns_sense_num: -1
 is current best
CDN_DP_region_5_3_c7 in MatrixC0: area: 4556264375 ,dp = 4 mux = 0 sg = very_fast    worst_clk_period: -1.0000 
    wns: 0  norm_wns:  -1.0000 
    fail_endp: -1 
    tns:  0  tns_per_endp:  -1.0000   norm_tns_per_endp:  -1.0000 
    tns_sense_max:  -1.0000  tns_sense_avg:  -1.0000   tns_sense_num: -1

Best config: CDN_DP_region_5_3_c6 in MatrixC0: area: 4550656665 ,dp = 4 mux = 0 sg = very_fast    worst_clk_period: -1.0000 
    wns: 0  norm_wns:  -1.0000 
    fail_endp: -1 
    tns:  0  tns_per_endp:  -1.0000   norm_tns_per_endp:  -1.0000 
    tns_sense_max:  -1.0000  tns_sense_avg:  -1.0000   tns_sense_num: -1
  Smallest config area : 4550656665.  Fastest config wns;  0
##>+----------------------------------------------------------------------------------------------------------------------------------------------------------------+
##>Summary table of configs (Best config is CDN_DP_region_5_3_c6)
##>+----------------------------------------------------------------------------------------------------------------------------------------------------------------+
##>                     0                  1                  2                  3                  4                  5                  6                  7            
##>+----------------------------------------------------------------------------------------------------------------------------------------------------------------+
##>           Area       4550656665         4550656665         4550656665         4550656665         4550656665         4550656665         4550656665         4556264375  
##>            WNS          +926.20            +926.20            +926.20            +926.20            +926.20            +926.20            +926.20            +926.20  
##>            TNS                0                  0                  0                  0                  0                  0                  0                  0  
##>    Num Rewrite                0                  0                  0                  0                  0                  0                  0                  0  
##>     Num Factor                0                  0                  0                  0                  0                  0                  0                  0  
##>      Num Share                0                  0                  0                  0                  0                  0                  0                  0  
##>   Num CmultCse                0                  0                  0                  0                  0                  0                  0                  0  
##>   Num Downsize                0                  0                  0                  0                  0                  0                  0                  0  
##>  Num Speculate                0                  0                  0                  0                  0                  0                  0                  0  
##>     Runtime(s)                0                  0                  0                  0                  0                  0                  0                  0  
+----------------------------------------------------------------------------------------------------------------------------------------------------------------+
##>
##>
##>+------------------------------------------------------------------------------------------------------------------------------------------------------------+
##>Optimization Step DEBUG Table for config CDN_DP_region_5_3_c6
##>
##>                          Step                        Area   ( % Chg)        WNS (Change)        TNS (Change)          Runtime (s)        Comment                   
##>+------------------------------------------------------------------------------------------------------------------------------------------------------------+
##>createMaxCarrySave              START             4550656665 (      )    107375108.60 (        )             0 (        )              
##> datapath_rewrite_one_def       START             4550656665 ( +0.00)    107375108.60 (   +0.00)             0 (       0)              
##>  fast_cse_elim                 START             4550656665 ( +0.00)    107375108.60 (   +0.00)             0 (       0)              
##>                                  END             4550656665 ( +0.00)    107375108.60 (   +0.00)             0 (       0)           0  
##>  fast_cse_elim                 START             4550656665 ( +0.00)    107375108.60 (   +0.00)             0 (       0)              
##>                                  END             4550656665 ( +0.00)    107375108.60 (   +0.00)             0 (       0)           0  
##>                                  END             4550656665 ( +0.00)    107375108.60 (   +0.00)             0 (       0)           0  
##> dpopt_share_one_def            START             4550656665 ( +0.00)    107375108.60 (   +0.00)             0 (       0)              
##>                                  END             4550656665 ( +0.00)    107375108.60 (   +0.00)             0 (       0)           0  
##> csa_opto                       START             4550656665 ( +0.00)    214748364.70 (+107373256.10)             0 (       0)              
##>                                  END             4550656665 ( +0.00)    214748364.70 (   +0.00)             0 (       0)           0  
##>                                  END             4550656665 ( +0.00)    214748364.70 (+107373256.10)             0 (       0)           0  
##>canonicalize_by_names           START             4550656665 ( +0.00)    214748364.70 (   +0.00)             0 (       0)              
##>                                  END             4550656665 ( +0.00)    214748364.70 (   +0.00)             0 (       0)           0  
##>datapath_rewrite_post_csa_one_  START             4550656665 ( +0.00)    214748364.70 (   +0.00)             0 (       0)              
##>                                  END             4550656665 ( +0.00)    214748364.70 (   +0.00)             0 (       0)           0  
##>datapath_csa_factoring_one_gde  START             4550656665 ( +0.00)    214748364.70 (   +0.00)             0 (       0)              
##>                                  END             4550656665 ( +0.00)    214748364.70 (   +0.00)             0 (       0)           0  
##>dpopt_share_one_def             START             4550656665 ( +0.00)    214748364.70 (   +0.00)             0 (       0)              
##>                                  END             4550656665 ( +0.00)    214748364.70 (   +0.00)             0 (       0)           0  
##>datapath_rewrite_post_share     START             4550656665 ( +0.00)    214748364.70 (   +0.00)             0 (       0)              
##>                                  END             4550656665 ( +0.00)    214748364.70 (   +0.00)             0 (       0)           0  
##>dp_combine_const_mult_with_com  START             4550656665 ( +0.00)    214748364.70 (   +0.00)             0 (       0)              
##>                                  END             4550656665 ( +0.00)    214748364.70 (   +0.00)             0 (       0)           0  
##>dp_operator_level_decompositio  START             4550656665 ( +0.00)    214748364.70 (   +0.00)             0 (       0)              
##>                                  END             4550656665 ( +0.00)    214748364.70 (   +0.00)             0 (       0)           0  
##>selective_flatten_dp_config     START             4550656665 ( +0.00)    214748364.70 (   +0.00)             0 (       0)              
##>                                  END             4550656665 ( +0.00)    214748364.70 (   +0.00)             0 (       0)           0  
##>createMaxCarrySave              START             4550656665 ( +0.00)    214748364.70 (   +0.00)             0 (       0)              
##> datapath_rewrite_one_def       START             4550656665 ( +0.00)    214748364.70 (   +0.00)             0 (       0)              
##>  fast_cse_elim                 START             4550656665 ( +0.00)    214748364.70 (   +0.00)             0 (       0)              
##>                                  END             4550656665 ( +0.00)    214748364.70 (   +0.00)             0 (       0)           0  
##>  fast_cse_elim                 START             4550656665 ( +0.00)    214748364.70 (   +0.00)             0 (       0)              
##>                                  END             4550656665 ( +0.00)    214748364.70 (   +0.00)             0 (       0)           0  
##>                                  END             4550656665 ( +0.00)    214748364.70 (   +0.00)             0 (       0)           0  
##> dpopt_share_one_def            START             4550656665 ( +0.00)    214748364.70 (   +0.00)             0 (       0)              
##>                                  END             4550656665 ( +0.00)    214748364.70 (   +0.00)             0 (       0)           0  
##> csa_opto                       START             4550656665 ( +0.00)    214748364.70 (   +0.00)             0 (       0)              
##>                                  END             4550656665 ( +0.00)    214748364.70 (   +0.00)             0 (       0)           0  
##>                                  END             4550656665 ( +0.00)    214748364.70 (   +0.00)             0 (       0)           0  
##>context_based_simplify          START             4550656665 ( +0.00)    214748364.70 (   +0.00)             0 (       0)              
##>                                  END             4550656665 ( +0.00)    214748364.70 (   +0.00)             0 (       0)           0  
##>group_csa_final_adder_dp        START             4550656665 ( +0.00)    214748364.70 (   +0.00)             0 (       0)              
##>                                  END             4550656665 ( +0.00)    214748364.70 (   +0.00)             0 (       0)           0  
##>dpopt_flatten_critical_muxes_i  START             4550656665 ( +0.00)    214748364.70 (   +0.00)             0 (       0)              
##>                                  END             4550656665 ( +0.00)    214748364.70 (   +0.00)             0 (       0)           0  
##>create_score                    START             4550656665 ( +0.00)      926.20 (-214747438.50)             0 (       0)              
##>                                  END             4550656665 ( +0.00)      926.20 (   +0.00)             0 (       0)           0  
##>+------------------------------------------------------------------------------------------------------------------------------------------------------------+
Committed config: CDN_DP_region_5_3_c6
Info    : Done implementing datapath configurations. [DPOPT-4]
        : Selected 'very_fast' configuration 6 for module 'CDN_DP_region_5_3'.
          Optimizations applied to 'very_fast' configuration:
            rewriting(0), factoring(0), sharing(0), cmultcse(0), downsizing(0), speculation(0)
Info    : Implementing datapath configurations. [DPOPT-3]
        : Implementing datapath configurations for 'CDN_DP_region_5_2'
CSAGen Prep Share:0 Re-Write:0 Speculation: 0
CDN_DP_region_5_2 level = 0 loads = 0 drivers = 0
MaxCSA: Successfully built Maximal CSA Expression Expr21
CDN_DP_region_5_2_c0 in MatrixC0: area: 4550656665 ,dp = 4 mux = 0 sg = slow         worst_clk_period: -1.0000 
    wns: 0  norm_wns:  -1.0000 
    fail_endp: -1 
    tns:  0  tns_per_endp:  -1.0000   norm_tns_per_endp:  -1.0000 
    tns_sense_max:  -1.0000  tns_sense_avg:  -1.0000   tns_sense_num: -1
 skipped
CDN_DP_region_5_2_c1 in MatrixC0: area: 4550656665 ,dp = 4 mux = 0 sg = fast         worst_clk_period: -1.0000 
    wns: 0  norm_wns:  -1.0000 
    fail_endp: -1 
    tns:  0  tns_per_endp:  -1.0000   norm_tns_per_endp:  -1.0000 
    tns_sense_max:  -1.0000  tns_sense_avg:  -1.0000   tns_sense_num: -1
 is current best
CDN_DP_region_5_2_c2 in MatrixC0: area: 4550656665 ,dp = 4 mux = 0 sg = very_slow    worst_clk_period: -1.0000 
    wns: 0  norm_wns:  -1.0000 
    fail_endp: -1 
    tns:  0  tns_per_endp:  -1.0000   norm_tns_per_endp:  -1.0000 
    tns_sense_max:  -1.0000  tns_sense_avg:  -1.0000   tns_sense_num: -1
 is current best
CDN_DP_region_5_2_c3 in MatrixC0: area: 4550656665 ,dp = 4 mux = 0 sg = very_fast    worst_clk_period: -1.0000 
    wns: 0  norm_wns:  -1.0000 
    fail_endp: -1 
    tns:  0  tns_per_endp:  -1.0000   norm_tns_per_endp:  -1.0000 
    tns_sense_max:  -1.0000  tns_sense_avg:  -1.0000   tns_sense_num: -1
 is current best
CDN_DP_region_5_2_c4 in MatrixC0: area: 4550656665 ,dp = 4 mux = 0 sg = very_fast    worst_clk_period: -1.0000 
    wns: 0  norm_wns:  -1.0000 
    fail_endp: -1 
    tns:  0  tns_per_endp:  -1.0000   norm_tns_per_endp:  -1.0000 
    tns_sense_max:  -1.0000  tns_sense_avg:  -1.0000   tns_sense_num: -1
 is current best
CDN_DP_region_5_2_c5 in MatrixC0: area: 4550656665 ,dp = 4 mux = 0 sg = very_fast    worst_clk_period: -1.0000 
    wns: 0  norm_wns:  -1.0000 
    fail_endp: -1 
    tns:  0  tns_per_endp:  -1.0000   norm_tns_per_endp:  -1.0000 
    tns_sense_max:  -1.0000  tns_sense_avg:  -1.0000   tns_sense_num: -1
 is current best
CDN_DP_region_5_2_c6 in MatrixC0: area: 4550656665 ,dp = 4 mux = 0 sg = very_fast    worst_clk_period: -1.0000 
    wns: 0  norm_wns:  -1.0000 
    fail_endp: -1 
    tns:  0  tns_per_endp:  -1.0000   norm_tns_per_endp:  -1.0000 
    tns_sense_max:  -1.0000  tns_sense_avg:  -1.0000   tns_sense_num: -1
 is current best
CDN_DP_region_5_2_c7 in MatrixC0: area: 4556264375 ,dp = 4 mux = 0 sg = very_fast    worst_clk_period: -1.0000 
    wns: 0  norm_wns:  -1.0000 
    fail_endp: -1 
    tns:  0  tns_per_endp:  -1.0000   norm_tns_per_endp:  -1.0000 
    tns_sense_max:  -1.0000  tns_sense_avg:  -1.0000   tns_sense_num: -1

Best config: CDN_DP_region_5_2_c6 in MatrixC0: area: 4550656665 ,dp = 4 mux = 0 sg = very_fast    worst_clk_period: -1.0000 
    wns: 0  norm_wns:  -1.0000 
    fail_endp: -1 
    tns:  0  tns_per_endp:  -1.0000   norm_tns_per_endp:  -1.0000 
    tns_sense_max:  -1.0000  tns_sense_avg:  -1.0000   tns_sense_num: -1
  Smallest config area : 4550656665.  Fastest config wns;  0
##>+----------------------------------------------------------------------------------------------------------------------------------------------------------------+
##>Summary table of configs (Best config is CDN_DP_region_5_2_c6)
##>+----------------------------------------------------------------------------------------------------------------------------------------------------------------+
##>                     0                  1                  2                  3                  4                  5                  6                  7            
##>+----------------------------------------------------------------------------------------------------------------------------------------------------------------+
##>           Area       4550656665         4550656665         4550656665         4550656665         4550656665         4550656665         4550656665         4556264375  
##>            WNS          +925.90            +925.90            +925.90            +925.90            +925.90            +925.90            +925.90            +925.90  
##>            TNS                0                  0                  0                  0                  0                  0                  0                  0  
##>    Num Rewrite                0                  0                  0                  0                  0                  0                  0                  0  
##>     Num Factor                0                  0                  0                  0                  0                  0                  0                  0  
##>      Num Share                0                  0                  0                  0                  0                  0                  0                  0  
##>   Num CmultCse                0                  0                  0                  0                  0                  0                  0                  0  
##>   Num Downsize                0                  0                  0                  0                  0                  0                  0                  0  
##>  Num Speculate                0                  0                  0                  0                  0                  0                  0                  0  
##>     Runtime(s)                0                  0                  0                  0                  0                  0                  0                  0  
+----------------------------------------------------------------------------------------------------------------------------------------------------------------+
##>
##>
##>+------------------------------------------------------------------------------------------------------------------------------------------------------------+
##>Optimization Step DEBUG Table for config CDN_DP_region_5_2_c6
##>
##>                          Step                        Area   ( % Chg)        WNS (Change)        TNS (Change)          Runtime (s)        Comment                   
##>+------------------------------------------------------------------------------------------------------------------------------------------------------------+
##>createMaxCarrySave              START             4550656665 (      )    107375108.30 (        )             0 (        )              
##> datapath_rewrite_one_def       START             4550656665 ( +0.00)    107375108.30 (   +0.00)             0 (       0)              
##>  fast_cse_elim                 START             4550656665 ( +0.00)    107375108.30 (   +0.00)             0 (       0)              
##>                                  END             4550656665 ( +0.00)    107375108.30 (   +0.00)             0 (       0)           0  
##>  fast_cse_elim                 START             4550656665 ( +0.00)    107375108.30 (   +0.00)             0 (       0)              
##>                                  END             4550656665 ( +0.00)    107375108.30 (   +0.00)             0 (       0)           0  
##>                                  END             4550656665 ( +0.00)    107375108.30 (   +0.00)             0 (       0)           0  
##> dpopt_share_one_def            START             4550656665 ( +0.00)    107375108.30 (   +0.00)             0 (       0)              
##>                                  END             4550656665 ( +0.00)    107375108.30 (   +0.00)             0 (       0)           0  
##> csa_opto                       START             4550656665 ( +0.00)    214748364.70 (+107373256.40)             0 (       0)              
##>                                  END             4550656665 ( +0.00)    214748364.70 (   +0.00)             0 (       0)           0  
##>                                  END             4550656665 ( +0.00)    214748364.70 (+107373256.40)             0 (       0)           0  
##>canonicalize_by_names           START             4550656665 ( +0.00)    214748364.70 (   +0.00)             0 (       0)              
##>                                  END             4550656665 ( +0.00)    214748364.70 (   +0.00)             0 (       0)           0  
##>datapath_rewrite_post_csa_one_  START             4550656665 ( +0.00)    214748364.70 (   +0.00)             0 (       0)              
##>                                  END             4550656665 ( +0.00)    214748364.70 (   +0.00)             0 (       0)           0  
##>datapath_csa_factoring_one_gde  START             4550656665 ( +0.00)    214748364.70 (   +0.00)             0 (       0)              
##>                                  END             4550656665 ( +0.00)    214748364.70 (   +0.00)             0 (       0)           0  
##>dpopt_share_one_def             START             4550656665 ( +0.00)    214748364.70 (   +0.00)             0 (       0)              
##>                                  END             4550656665 ( +0.00)    214748364.70 (   +0.00)             0 (       0)           0  
##>datapath_rewrite_post_share     START             4550656665 ( +0.00)    214748364.70 (   +0.00)             0 (       0)              
##>                                  END             4550656665 ( +0.00)    214748364.70 (   +0.00)             0 (       0)           0  
##>dp_combine_const_mult_with_com  START             4550656665 ( +0.00)    214748364.70 (   +0.00)             0 (       0)              
##>                                  END             4550656665 ( +0.00)    214748364.70 (   +0.00)             0 (       0)           0  
##>dp_operator_level_decompositio  START             4550656665 ( +0.00)    214748364.70 (   +0.00)             0 (       0)              
##>                                  END             4550656665 ( +0.00)    214748364.70 (   +0.00)             0 (       0)           0  
##>selective_flatten_dp_config     START             4550656665 ( +0.00)    214748364.70 (   +0.00)             0 (       0)              
##>                                  END             4550656665 ( +0.00)    214748364.70 (   +0.00)             0 (       0)           0  
##>createMaxCarrySave              START             4550656665 ( +0.00)    214748364.70 (   +0.00)             0 (       0)              
##> datapath_rewrite_one_def       START             4550656665 ( +0.00)    214748364.70 (   +0.00)             0 (       0)              
##>  fast_cse_elim                 START             4550656665 ( +0.00)    214748364.70 (   +0.00)             0 (       0)              
##>                                  END             4550656665 ( +0.00)    214748364.70 (   +0.00)             0 (       0)           0  
##>  fast_cse_elim                 START             4550656665 ( +0.00)    214748364.70 (   +0.00)             0 (       0)              
##>                                  END             4550656665 ( +0.00)    214748364.70 (   +0.00)             0 (       0)           0  
##>                                  END             4550656665 ( +0.00)    214748364.70 (   +0.00)             0 (       0)           0  
##> dpopt_share_one_def            START             4550656665 ( +0.00)    214748364.70 (   +0.00)             0 (       0)              
##>                                  END             4550656665 ( +0.00)    214748364.70 (   +0.00)             0 (       0)           0  
##> csa_opto                       START             4550656665 ( +0.00)    214748364.70 (   +0.00)             0 (       0)              
##>                                  END             4550656665 ( +0.00)    214748364.70 (   +0.00)             0 (       0)           0  
##>                                  END             4550656665 ( +0.00)    214748364.70 (   +0.00)             0 (       0)           0  
##>context_based_simplify          START             4550656665 ( +0.00)    214748364.70 (   +0.00)             0 (       0)              
##>                                  END             4550656665 ( +0.00)    214748364.70 (   +0.00)             0 (       0)           0  
##>group_csa_final_adder_dp        START             4550656665 ( +0.00)    214748364.70 (   +0.00)             0 (       0)              
##>                                  END             4550656665 ( +0.00)    214748364.70 (   +0.00)             0 (       0)           0  
##>dpopt_flatten_critical_muxes_i  START             4550656665 ( +0.00)    214748364.70 (   +0.00)             0 (       0)              
##>                                  END             4550656665 ( +0.00)    214748364.70 (   +0.00)             0 (       0)           0  
##>create_score                    START             4550656665 ( +0.00)      925.90 (-214747438.80)             0 (       0)              
##>                                  END             4550656665 ( +0.00)      925.90 (   +0.00)             0 (       0)           0  
##>+------------------------------------------------------------------------------------------------------------------------------------------------------------+
Committed config: CDN_DP_region_5_2_c6
Info    : Done implementing datapath configurations. [DPOPT-4]
        : Selected 'very_fast' configuration 6 for module 'CDN_DP_region_5_2'.
          Optimizations applied to 'very_fast' configuration:
            rewriting(0), factoring(0), sharing(0), cmultcse(0), downsizing(0), speculation(0)
Warning : Maximum message print count reached. [MESG-11]
        : Maximum print count of '20' reached for message 'DPOPT-3'.
CSAGen Prep Share:0 Re-Write:0 Speculation: 0
CDN_DP_region_5_1 level = 0 loads = 0 drivers = 0
MaxCSA: Successfully built Maximal CSA Expression Expr22
CDN_DP_region_5_1_c0 in MatrixC0: area: 4550656665 ,dp = 4 mux = 0 sg = slow         worst_clk_period: -1.0000 
    wns: 0  norm_wns:  -1.0000 
    fail_endp: -1 
    tns:  0  tns_per_endp:  -1.0000   norm_tns_per_endp:  -1.0000 
    tns_sense_max:  -1.0000  tns_sense_avg:  -1.0000   tns_sense_num: -1
 skipped
CDN_DP_region_5_1_c1 in MatrixC0: area: 4550656665 ,dp = 4 mux = 0 sg = fast         worst_clk_period: -1.0000 
    wns: 0  norm_wns:  -1.0000 
    fail_endp: -1 
    tns:  0  tns_per_endp:  -1.0000   norm_tns_per_endp:  -1.0000 
    tns_sense_max:  -1.0000  tns_sense_avg:  -1.0000   tns_sense_num: -1
 is current best
CDN_DP_region_5_1_c2 in MatrixC0: area: 4550656665 ,dp = 4 mux = 0 sg = very_slow    worst_clk_period: -1.0000 
    wns: 0  norm_wns:  -1.0000 
    fail_endp: -1 
    tns:  0  tns_per_endp:  -1.0000   norm_tns_per_endp:  -1.0000 
    tns_sense_max:  -1.0000  tns_sense_avg:  -1.0000   tns_sense_num: -1
 is current best
CDN_DP_region_5_1_c3 in MatrixC0: area: 4550656665 ,dp = 4 mux = 0 sg = very_fast    worst_clk_period: -1.0000 
    wns: 0  norm_wns:  -1.0000 
    fail_endp: -1 
    tns:  0  tns_per_endp:  -1.0000   norm_tns_per_endp:  -1.0000 
    tns_sense_max:  -1.0000  tns_sense_avg:  -1.0000   tns_sense_num: -1
 is current best
CDN_DP_region_5_1_c4 in MatrixC0: area: 4550656665 ,dp = 4 mux = 0 sg = very_fast    worst_clk_period: -1.0000 
    wns: 0  norm_wns:  -1.0000 
    fail_endp: -1 
    tns:  0  tns_per_endp:  -1.0000   norm_tns_per_endp:  -1.0000 
    tns_sense_max:  -1.0000  tns_sense_avg:  -1.0000   tns_sense_num: -1
 is current best
CDN_DP_region_5_1_c5 in MatrixC0: area: 4550656665 ,dp = 4 mux = 0 sg = very_fast    worst_clk_period: -1.0000 
    wns: 0  norm_wns:  -1.0000 
    fail_endp: -1 
    tns:  0  tns_per_endp:  -1.0000   norm_tns_per_endp:  -1.0000 
    tns_sense_max:  -1.0000  tns_sense_avg:  -1.0000   tns_sense_num: -1
 is current best
CDN_DP_region_5_1_c6 in MatrixC0: area: 4550656665 ,dp = 4 mux = 0 sg = very_fast    worst_clk_period: -1.0000 
    wns: 0  norm_wns:  -1.0000 
    fail_endp: -1 
    tns:  0  tns_per_endp:  -1.0000   norm_tns_per_endp:  -1.0000 
    tns_sense_max:  -1.0000  tns_sense_avg:  -1.0000   tns_sense_num: -1
 is current best
CDN_DP_region_5_1_c7 in MatrixC0: area: 4556264375 ,dp = 4 mux = 0 sg = very_fast    worst_clk_period: -1.0000 
    wns: 0  norm_wns:  -1.0000 
    fail_endp: -1 
    tns:  0  tns_per_endp:  -1.0000   norm_tns_per_endp:  -1.0000 
    tns_sense_max:  -1.0000  tns_sense_avg:  -1.0000   tns_sense_num: -1

Best config: CDN_DP_region_5_1_c6 in MatrixC0: area: 4550656665 ,dp = 4 mux = 0 sg = very_fast    worst_clk_period: -1.0000 
    wns: 0  norm_wns:  -1.0000 
    fail_endp: -1 
    tns:  0  tns_per_endp:  -1.0000   norm_tns_per_endp:  -1.0000 
    tns_sense_max:  -1.0000  tns_sense_avg:  -1.0000   tns_sense_num: -1
  Smallest config area : 4550656665.  Fastest config wns;  0
##>+----------------------------------------------------------------------------------------------------------------------------------------------------------------+
##>Summary table of configs (Best config is CDN_DP_region_5_1_c6)
##>+----------------------------------------------------------------------------------------------------------------------------------------------------------------+
##>                     0                  1                  2                  3                  4                  5                  6                  7            
##>+----------------------------------------------------------------------------------------------------------------------------------------------------------------+
##>           Area       4550656665         4550656665         4550656665         4550656665         4550656665         4550656665         4550656665         4556264375  
##>            WNS          +933.40            +933.40            +933.40            +933.40            +933.40            +933.40            +933.40            +933.40  
##>            TNS                0                  0                  0                  0                  0                  0                  0                  0  
##>    Num Rewrite                0                  0                  0                  0                  0                  0                  0                  0  
##>     Num Factor                0                  0                  0                  0                  0                  0                  0                  0  
##>      Num Share                0                  0                  0                  0                  0                  0                  0                  0  
##>   Num CmultCse                0                  0                  0                  0                  0                  0                  0                  0  
##>   Num Downsize                0                  0                  0                  0                  0                  0                  0                  0  
##>  Num Speculate                0                  0                  0                  0                  0                  0                  0                  0  
##>     Runtime(s)                0                  0                  0                  0                  0                  0                  0                  0  
+----------------------------------------------------------------------------------------------------------------------------------------------------------------+
##>
##>
##>+------------------------------------------------------------------------------------------------------------------------------------------------------------+
##>Optimization Step DEBUG Table for config CDN_DP_region_5_1_c6
##>
##>                          Step                        Area   ( % Chg)        WNS (Change)        TNS (Change)          Runtime (s)        Comment                   
##>+------------------------------------------------------------------------------------------------------------------------------------------------------------+
##>createMaxCarrySave              START             4550656665 (      )    107375115.80 (        )             0 (        )              
##> datapath_rewrite_one_def       START             4550656665 ( +0.00)    107375115.80 (   +0.00)             0 (       0)              
##>  fast_cse_elim                 START             4550656665 ( +0.00)    107375115.80 (   +0.00)             0 (       0)              
##>                                  END             4550656665 ( +0.00)    107375115.80 (   +0.00)             0 (       0)           0  
##>  fast_cse_elim                 START             4550656665 ( +0.00)    107375115.80 (   +0.00)             0 (       0)              
##>                                  END             4550656665 ( +0.00)    107375115.80 (   +0.00)             0 (       0)           0  
##>                                  END             4550656665 ( +0.00)    107375115.80 (   +0.00)             0 (       0)           0  
##> dpopt_share_one_def            START             4550656665 ( +0.00)    107375115.80 (   +0.00)             0 (       0)              
##>                                  END             4550656665 ( +0.00)    107375115.80 (   +0.00)             0 (       0)           0  
##> csa_opto                       START             4550656665 ( +0.00)    214748364.70 (+107373248.90)             0 (       0)              
##>                                  END             4550656665 ( +0.00)    214748364.70 (   +0.00)             0 (       0)           0  
##>                                  END             4550656665 ( +0.00)    214748364.70 (+107373248.90)             0 (       0)           0  
##>canonicalize_by_names           START             4550656665 ( +0.00)    214748364.70 (   +0.00)             0 (       0)              
##>                                  END             4550656665 ( +0.00)    214748364.70 (   +0.00)             0 (       0)           0  
##>datapath_rewrite_post_csa_one_  START             4550656665 ( +0.00)    214748364.70 (   +0.00)             0 (       0)              
##>                                  END             4550656665 ( +0.00)    214748364.70 (   +0.00)             0 (       0)           0  
##>datapath_csa_factoring_one_gde  START             4550656665 ( +0.00)    214748364.70 (   +0.00)             0 (       0)              
##>                                  END             4550656665 ( +0.00)    214748364.70 (   +0.00)             0 (       0)           0  
##>dpopt_share_one_def             START             4550656665 ( +0.00)    214748364.70 (   +0.00)             0 (       0)              
##>                                  END             4550656665 ( +0.00)    214748364.70 (   +0.00)             0 (       0)           0  
##>datapath_rewrite_post_share     START             4550656665 ( +0.00)    214748364.70 (   +0.00)             0 (       0)              
##>                                  END             4550656665 ( +0.00)    214748364.70 (   +0.00)             0 (       0)           0  
##>dp_combine_const_mult_with_com  START             4550656665 ( +0.00)    214748364.70 (   +0.00)             0 (       0)              
##>                                  END             4550656665 ( +0.00)    214748364.70 (   +0.00)             0 (       0)           0  
##>dp_operator_level_decompositio  START             4550656665 ( +0.00)    214748364.70 (   +0.00)             0 (       0)              
##>                                  END             4550656665 ( +0.00)    214748364.70 (   +0.00)             0 (       0)           0  
##>selective_flatten_dp_config     START             4550656665 ( +0.00)    214748364.70 (   +0.00)             0 (       0)              
##>                                  END             4550656665 ( +0.00)    214748364.70 (   +0.00)             0 (       0)           0  
##>createMaxCarrySave              START             4550656665 ( +0.00)    214748364.70 (   +0.00)             0 (       0)              
##> datapath_rewrite_one_def       START             4550656665 ( +0.00)    214748364.70 (   +0.00)             0 (       0)              
##>  fast_cse_elim                 START             4550656665 ( +0.00)    214748364.70 (   +0.00)             0 (       0)              
##>                                  END             4550656665 ( +0.00)    214748364.70 (   +0.00)             0 (       0)           0  
##>  fast_cse_elim                 START             4550656665 ( +0.00)    214748364.70 (   +0.00)             0 (       0)              
##>                                  END             4550656665 ( +0.00)    214748364.70 (   +0.00)             0 (       0)           0  
##>                                  END             4550656665 ( +0.00)    214748364.70 (   +0.00)             0 (       0)           0  
##> dpopt_share_one_def            START             4550656665 ( +0.00)    214748364.70 (   +0.00)             0 (       0)              
##>                                  END             4550656665 ( +0.00)    214748364.70 (   +0.00)             0 (       0)           0  
##> csa_opto                       START             4550656665 ( +0.00)    214748364.70 (   +0.00)             0 (       0)              
##>                                  END             4550656665 ( +0.00)    214748364.70 (   +0.00)             0 (       0)           0  
##>                                  END             4550656665 ( +0.00)    214748364.70 (   +0.00)             0 (       0)           0  
##>context_based_simplify          START             4550656665 ( +0.00)    214748364.70 (   +0.00)             0 (       0)              
##>                                  END             4550656665 ( +0.00)    214748364.70 (   +0.00)             0 (       0)           0  
##>group_csa_final_adder_dp        START             4550656665 ( +0.00)    214748364.70 (   +0.00)             0 (       0)              
##>                                  END             4550656665 ( +0.00)    214748364.70 (   +0.00)             0 (       0)           0  
##>dpopt_flatten_critical_muxes_i  START             4550656665 ( +0.00)    214748364.70 (   +0.00)             0 (       0)              
##>                                  END             4550656665 ( +0.00)    214748364.70 (   +0.00)             0 (       0)           0  
##>create_score                    START             4550656665 ( +0.00)      933.40 (-214747431.30)             0 (       0)              
##>                                  END             4550656665 ( +0.00)      933.40 (   +0.00)             0 (       0)           0  
##>+------------------------------------------------------------------------------------------------------------------------------------------------------------+
Committed config: CDN_DP_region_5_1_c6
Warning : Maximum message print count reached. [MESG-11]
        : Maximum print count of '20' reached for message 'DPOPT-4'.
          Optimizations applied to 'very_fast' configuration:
            rewriting(0), factoring(0), sharing(0), cmultcse(0), downsizing(0), speculation(0)
CSAGen Prep Share:0 Re-Write:0 Speculation: 0
CDN_DP_region_5_0 level = 0 loads = 0 drivers = 0
MaxCSA: Successfully built Maximal CSA Expression Expr23
CDN_DP_region_5_0_c0 in MatrixC0: area: 4550656665 ,dp = 4 mux = 0 sg = slow         worst_clk_period: -1.0000 
    wns: 0  norm_wns:  -1.0000 
    fail_endp: -1 
    tns:  0  tns_per_endp:  -1.0000   norm_tns_per_endp:  -1.0000 
    tns_sense_max:  -1.0000  tns_sense_avg:  -1.0000   tns_sense_num: -1
 skipped
CDN_DP_region_5_0_c1 in MatrixC0: area: 4550656665 ,dp = 4 mux = 0 sg = fast         worst_clk_period: -1.0000 
    wns: 0  norm_wns:  -1.0000 
    fail_endp: -1 
    tns:  0  tns_per_endp:  -1.0000   norm_tns_per_endp:  -1.0000 
    tns_sense_max:  -1.0000  tns_sense_avg:  -1.0000   tns_sense_num: -1
 is current best
CDN_DP_region_5_0_c2 in MatrixC0: area: 4550656665 ,dp = 4 mux = 0 sg = very_slow    worst_clk_period: -1.0000 
    wns: 0  norm_wns:  -1.0000 
    fail_endp: -1 
    tns:  0  tns_per_endp:  -1.0000   norm_tns_per_endp:  -1.0000 
    tns_sense_max:  -1.0000  tns_sense_avg:  -1.0000   tns_sense_num: -1
 is current best
CDN_DP_region_5_0_c3 in MatrixC0: area: 4550656665 ,dp = 4 mux = 0 sg = very_fast    worst_clk_period: -1.0000 
    wns: 0  norm_wns:  -1.0000 
    fail_endp: -1 
    tns:  0  tns_per_endp:  -1.0000   norm_tns_per_endp:  -1.0000 
    tns_sense_max:  -1.0000  tns_sense_avg:  -1.0000   tns_sense_num: -1
 is current best
CDN_DP_region_5_0_c4 in MatrixC0: area: 4550656665 ,dp = 4 mux = 0 sg = very_fast    worst_clk_period: -1.0000 
    wns: 0  norm_wns:  -1.0000 
    fail_endp: -1 
    tns:  0  tns_per_endp:  -1.0000   norm_tns_per_endp:  -1.0000 
    tns_sense_max:  -1.0000  tns_sense_avg:  -1.0000   tns_sense_num: -1
 is current best
CDN_DP_region_5_0_c5 in MatrixC0: area: 4550656665 ,dp = 4 mux = 0 sg = very_fast    worst_clk_period: -1.0000 
    wns: 0  norm_wns:  -1.0000 
    fail_endp: -1 
    tns:  0  tns_per_endp:  -1.0000   norm_tns_per_endp:  -1.0000 
    tns_sense_max:  -1.0000  tns_sense_avg:  -1.0000   tns_sense_num: -1
 is current best
CDN_DP_region_5_0_c6 in MatrixC0: area: 4550656665 ,dp = 4 mux = 0 sg = very_fast    worst_clk_period: -1.0000 
    wns: 0  norm_wns:  -1.0000 
    fail_endp: -1 
    tns:  0  tns_per_endp:  -1.0000   norm_tns_per_endp:  -1.0000 
    tns_sense_max:  -1.0000  tns_sense_avg:  -1.0000   tns_sense_num: -1
 is current best
CDN_DP_region_5_0_c7 in MatrixC0: area: 4556264375 ,dp = 4 mux = 0 sg = very_fast    worst_clk_period: -1.0000 
    wns: 0  norm_wns:  -1.0000 
    fail_endp: -1 
    tns:  0  tns_per_endp:  -1.0000   norm_tns_per_endp:  -1.0000 
    tns_sense_max:  -1.0000  tns_sense_avg:  -1.0000   tns_sense_num: -1

Best config: CDN_DP_region_5_0_c6 in MatrixC0: area: 4550656665 ,dp = 4 mux = 0 sg = very_fast    worst_clk_period: -1.0000 
    wns: 0  norm_wns:  -1.0000 
    fail_endp: -1 
    tns:  0  tns_per_endp:  -1.0000   norm_tns_per_endp:  -1.0000 
    tns_sense_max:  -1.0000  tns_sense_avg:  -1.0000   tns_sense_num: -1
  Smallest config area : 4550656665.  Fastest config wns;  0
##>+----------------------------------------------------------------------------------------------------------------------------------------------------------------+
##>Summary table of configs (Best config is CDN_DP_region_5_0_c6)
##>+----------------------------------------------------------------------------------------------------------------------------------------------------------------+
##>                     0                  1                  2                  3                  4                  5                  6                  7            
##>+----------------------------------------------------------------------------------------------------------------------------------------------------------------+
##>           Area       4550656665         4550656665         4550656665         4550656665         4550656665         4550656665         4550656665         4556264375  
##>            WNS          +934.10            +934.10            +934.10            +934.10            +934.10            +934.10            +934.10            +934.10  
##>            TNS                0                  0                  0                  0                  0                  0                  0                  0  
##>    Num Rewrite                0                  0                  0                  0                  0                  0                  0                  0  
##>     Num Factor                0                  0                  0                  0                  0                  0                  0                  0  
##>      Num Share                0                  0                  0                  0                  0                  0                  0                  0  
##>   Num CmultCse                0                  0                  0                  0                  0                  0                  0                  0  
##>   Num Downsize                0                  0                  0                  0                  0                  0                  0                  0  
##>  Num Speculate                0                  0                  0                  0                  0                  0                  0                  0  
##>     Runtime(s)                0                  0                  0                  0                  0                  0                  0                  0  
+----------------------------------------------------------------------------------------------------------------------------------------------------------------+
##>
##>
##>+------------------------------------------------------------------------------------------------------------------------------------------------------------+
##>Optimization Step DEBUG Table for config CDN_DP_region_5_0_c6
##>
##>                          Step                        Area   ( % Chg)        WNS (Change)        TNS (Change)          Runtime (s)        Comment                   
##>+------------------------------------------------------------------------------------------------------------------------------------------------------------+
##>createMaxCarrySave              START             4550656665 (      )    107375116.50 (        )             0 (        )              
##> datapath_rewrite_one_def       START             4550656665 ( +0.00)    107375116.50 (   +0.00)             0 (       0)              
##>  fast_cse_elim                 START             4550656665 ( +0.00)    107375116.50 (   +0.00)             0 (       0)              
##>                                  END             4550656665 ( +0.00)    107375116.50 (   +0.00)             0 (       0)           0  
##>  fast_cse_elim                 START             4550656665 ( +0.00)    107375116.50 (   +0.00)             0 (       0)              
##>                                  END             4550656665 ( +0.00)    107375116.50 (   +0.00)             0 (       0)           0  
##>                                  END             4550656665 ( +0.00)    107375116.50 (   +0.00)             0 (       0)           0  
##> dpopt_share_one_def            START             4550656665 ( +0.00)    107375116.50 (   +0.00)             0 (       0)              
##>                                  END             4550656665 ( +0.00)    107375116.50 (   +0.00)             0 (       0)           0  
##> csa_opto                       START             4550656665 ( +0.00)    214748364.70 (+107373248.20)             0 (       0)              
##>                                  END             4550656665 ( +0.00)    214748364.70 (   +0.00)             0 (       0)           0  
##>                                  END             4550656665 ( +0.00)    214748364.70 (+107373248.20)             0 (       0)           0  
##>canonicalize_by_names           START             4550656665 ( +0.00)    214748364.70 (   +0.00)             0 (       0)              
##>                                  END             4550656665 ( +0.00)    214748364.70 (   +0.00)             0 (       0)           0  
##>datapath_rewrite_post_csa_one_  START             4550656665 ( +0.00)    214748364.70 (   +0.00)             0 (       0)              
##>                                  END             4550656665 ( +0.00)    214748364.70 (   +0.00)             0 (       0)           0  
##>datapath_csa_factoring_one_gde  START             4550656665 ( +0.00)    214748364.70 (   +0.00)             0 (       0)              
##>                                  END             4550656665 ( +0.00)    214748364.70 (   +0.00)             0 (       0)           0  
##>dpopt_share_one_def             START             4550656665 ( +0.00)    214748364.70 (   +0.00)             0 (       0)              
##>                                  END             4550656665 ( +0.00)    214748364.70 (   +0.00)             0 (       0)           0  
##>datapath_rewrite_post_share     START             4550656665 ( +0.00)    214748364.70 (   +0.00)             0 (       0)              
##>                                  END             4550656665 ( +0.00)    214748364.70 (   +0.00)             0 (       0)           0  
##>dp_combine_const_mult_with_com  START             4550656665 ( +0.00)    214748364.70 (   +0.00)             0 (       0)              
##>                                  END             4550656665 ( +0.00)    214748364.70 (   +0.00)             0 (       0)           0  
##>dp_operator_level_decompositio  START             4550656665 ( +0.00)    214748364.70 (   +0.00)             0 (       0)              
##>                                  END             4550656665 ( +0.00)    214748364.70 (   +0.00)             0 (       0)           0  
##>selective_flatten_dp_config     START             4550656665 ( +0.00)    214748364.70 (   +0.00)             0 (       0)              
##>                                  END             4550656665 ( +0.00)    214748364.70 (   +0.00)             0 (       0)           0  
##>createMaxCarrySave              START             4550656665 ( +0.00)    214748364.70 (   +0.00)             0 (       0)              
##> datapath_rewrite_one_def       START             4550656665 ( +0.00)    214748364.70 (   +0.00)             0 (       0)              
##>  fast_cse_elim                 START             4550656665 ( +0.00)    214748364.70 (   +0.00)             0 (       0)              
##>                                  END             4550656665 ( +0.00)    214748364.70 (   +0.00)             0 (       0)           0  
##>  fast_cse_elim                 START             4550656665 ( +0.00)    214748364.70 (   +0.00)             0 (       0)              
##>                                  END             4550656665 ( +0.00)    214748364.70 (   +0.00)             0 (       0)           0  
##>                                  END             4550656665 ( +0.00)    214748364.70 (   +0.00)             0 (       0)           0  
##> dpopt_share_one_def            START             4550656665 ( +0.00)    214748364.70 (   +0.00)             0 (       0)              
##>                                  END             4550656665 ( +0.00)    214748364.70 (   +0.00)             0 (       0)           0  
##> csa_opto                       START             4550656665 ( +0.00)    214748364.70 (   +0.00)             0 (       0)              
##>                                  END             4550656665 ( +0.00)    214748364.70 (   +0.00)             0 (       0)           0  
##>                                  END             4550656665 ( +0.00)    214748364.70 (   +0.00)             0 (       0)           0  
##>context_based_simplify          START             4550656665 ( +0.00)    214748364.70 (   +0.00)             0 (       0)              
##>                                  END             4550656665 ( +0.00)    214748364.70 (   +0.00)             0 (       0)           0  
##>group_csa_final_adder_dp        START             4550656665 ( +0.00)    214748364.70 (   +0.00)             0 (       0)              
##>                                  END             4550656665 ( +0.00)    214748364.70 (   +0.00)             0 (       0)           0  
##>dpopt_flatten_critical_muxes_i  START             4550656665 ( +0.00)    214748364.70 (   +0.00)             0 (       0)              
##>                                  END             4550656665 ( +0.00)    214748364.70 (   +0.00)             0 (       0)           0  
##>create_score                    START             4550656665 ( +0.00)      934.10 (-214747430.60)             0 (       0)              
##>                                  END             4550656665 ( +0.00)      934.10 (   +0.00)             0 (       0)           0  
##>+------------------------------------------------------------------------------------------------------------------------------------------------------------+
Committed config: CDN_DP_region_5_0_c6
          Optimizations applied to 'very_fast' configuration:
            rewriting(0), factoring(0), sharing(0), cmultcse(0), downsizing(0), speculation(0)
CSAGen Prep Share:0 Re-Write:0 Speculation: 0
CDN_DP_region_8_0 level = 0 loads = 0 drivers = 0
MaxCSA: Successfully built Maximal CSA Expression Expr24
CDN_DP_region_8_0_c0 in Multip_361: area: 10536887090 ,dp = 1 mux = 0 sg = slow         worst_clk_period: -1.0000 
    wns: 0  norm_wns:  -1.0000 
    fail_endp: -1 
    tns:  0  tns_per_endp:  -1.0000   norm_tns_per_endp:  -1.0000 
    tns_sense_max:  -1.0000  tns_sense_avg:  -1.0000   tns_sense_num: -1
 skipped
CDN_DP_region_8_0_c1 in Multip_361: area: 10536887090 ,dp = 1 mux = 0 sg = fast         worst_clk_period: -1.0000 
    wns: 0  norm_wns:  -1.0000 
    fail_endp: -1 
    tns:  0  tns_per_endp:  -1.0000   norm_tns_per_endp:  -1.0000 
    tns_sense_max:  -1.0000  tns_sense_avg:  -1.0000   tns_sense_num: -1
 is current best
CDN_DP_region_8_0_c2 in Multip_361: area: 10536887090 ,dp = 1 mux = 0 sg = very_slow    worst_clk_period: -1.0000 
    wns: 0  norm_wns:  -1.0000 
    fail_endp: -1 
    tns:  0  tns_per_endp:  -1.0000   norm_tns_per_endp:  -1.0000 
    tns_sense_max:  -1.0000  tns_sense_avg:  -1.0000   tns_sense_num: -1
 is current best
CDN_DP_region_8_0_c3 in Multip_361: area: 10536887090 ,dp = 1 mux = 0 sg = very_fast    worst_clk_period: -1.0000 
    wns: 0  norm_wns:  -1.0000 
    fail_endp: -1 
    tns:  0  tns_per_endp:  -1.0000   norm_tns_per_endp:  -1.0000 
    tns_sense_max:  -1.0000  tns_sense_avg:  -1.0000   tns_sense_num: -1
 is current best
CDN_DP_region_8_0_c4 in Multip_361: area: 10536887090 ,dp = 1 mux = 0 sg = very_fast    worst_clk_period: -1.0000 
    wns: 0  norm_wns:  -1.0000 
    fail_endp: -1 
    tns:  0  tns_per_endp:  -1.0000   norm_tns_per_endp:  -1.0000 
    tns_sense_max:  -1.0000  tns_sense_avg:  -1.0000   tns_sense_num: -1
 is current best
CDN_DP_region_8_0_c5 in Multip_361: area: 10536887090 ,dp = 1 mux = 0 sg = very_fast    worst_clk_period: -1.0000 
    wns: 0  norm_wns:  -1.0000 
    fail_endp: -1 
    tns:  0  tns_per_endp:  -1.0000   norm_tns_per_endp:  -1.0000 
    tns_sense_max:  -1.0000  tns_sense_avg:  -1.0000   tns_sense_num: -1
 is current best
CDN_DP_region_8_0_c6 in Multip_361: area: 10536887090 ,dp = 1 mux = 0 sg = very_fast    worst_clk_period: -1.0000 
    wns: 0  norm_wns:  -1.0000 
    fail_endp: -1 
    tns:  0  tns_per_endp:  -1.0000   norm_tns_per_endp:  -1.0000 
    tns_sense_max:  -1.0000  tns_sense_avg:  -1.0000   tns_sense_num: -1
 is current best
CDN_DP_region_8_0_c7 in Multip_361: area: 10536887090 ,dp = 1 mux = 0 sg = very_fast    worst_clk_period: -1.0000 
    wns: 0  norm_wns:  -1.0000 
    fail_endp: -1 
    tns:  0  tns_per_endp:  -1.0000   norm_tns_per_endp:  -1.0000 
    tns_sense_max:  -1.0000  tns_sense_avg:  -1.0000   tns_sense_num: -1
 is current best
Best config: CDN_DP_region_8_0_c7 in Multip_361: area: 10536887090 ,dp = 1 mux = 0 sg = very_fast    worst_clk_period: -1.0000 
    wns: 0  norm_wns:  -1.0000 
    fail_endp: -1 
    tns:  0  tns_per_endp:  -1.0000   norm_tns_per_endp:  -1.0000 
    tns_sense_max:  -1.0000  tns_sense_avg:  -1.0000   tns_sense_num: -1
  Smallest config area : 10536887090.  Fastest config wns;  0
##>+----------------------------------------------------------------------------------------------------------------------------------------------------------------+
##>Summary table of configs (Best config is CDN_DP_region_8_0_c7)
##>+----------------------------------------------------------------------------------------------------------------------------------------------------------------+
##>                     0                  1                  2                  3                  4                  5                  6                  7            
##>+----------------------------------------------------------------------------------------------------------------------------------------------------------------+
##>           Area      10536887090        10536887090        10536887090        10536887090        10536887090        10536887090        10536887090        10536887090  
##>            WNS          +934.00            +934.00            +934.00            +934.00            +934.00            +934.00            +934.00            +934.00  
##>            TNS                0                  0                  0                  0                  0                  0                  0                  0  
##>    Num Rewrite                0                  0                  0                  0                  0                  0                  0                  0  
##>     Num Factor                0                  0                  0                  0                  0                  0                  0                  0  
##>      Num Share                0                  0                  0                  0                  0                  0                  0                  0  
##>   Num CmultCse                0                  0                  0                  0                  0                  0                  0                  0  
##>   Num Downsize                0                  0                  0                  0                  0                  0                  0                  0  
##>  Num Speculate                0                  0                  0                  0                  0                  0                  0                  0  
##>     Runtime(s)                0                  0                  0                  0                  0                  0                  0                  0  
+----------------------------------------------------------------------------------------------------------------------------------------------------------------+
##>
##>
##>+------------------------------------------------------------------------------------------------------------------------------------------------------------+
##>Optimization Step DEBUG Table for config CDN_DP_region_8_0_c7
##>
##>                          Step                        Area   ( % Chg)        WNS (Change)        TNS (Change)          Runtime (s)        Comment                   
##>+------------------------------------------------------------------------------------------------------------------------------------------------------------+
##>EquationExtraction              START            10536887090 (      )      934.00 (        )             0 (        )              
##> rewrite                        START            38679179725 (+267.08)      927.10 (   -6.90)             0 (       0)              (a,ar) Expr24_from --> Expr24_to
##>                                  END            23019649550 (-40.49)      927.10 (   +0.00)             0 (       0)           0  
##>                                  END            10536887090 ( +0.00)      934.00 (   +0.00)             0 (       0)           0  
##>createMaxCarrySave              START            10536887090 ( +0.00)      934.00 (   +0.00)             0 (       0)              
##> datapath_rewrite_one_def       START            10536887090 ( +0.00)      934.00 (   +0.00)             0 (       0)              
##>                                  END            10536887090 ( +0.00)      934.00 (   +0.00)             0 (       0)           0  
##> csa_opto                       START            10536887090 ( +0.00)      934.00 (   +0.00)             0 (       0)              
##>                                  END            10536887090 ( +0.00)      934.00 (   +0.00)             0 (       0)           0  
##>                                  END            10536887090 ( +0.00)      934.00 (   +0.00)             0 (       0)           0  
##>canonicalize_by_names           START            10536887090 ( +0.00)      934.00 (   +0.00)             0 (       0)              
##>                                  END            10536887090 ( +0.00)      934.00 (   +0.00)             0 (       0)           0  
##>datapath_rewrite_post_csa_one_  START            10536887090 ( +0.00)      934.00 (   +0.00)             0 (       0)              
##>                                  END            10536887090 ( +0.00)      934.00 (   +0.00)             0 (       0)           0  
##>datapath_csa_factoring_one_gde  START            10536887090 ( +0.00)      934.00 (   +0.00)             0 (       0)              
##>                                  END            10536887090 ( +0.00)      934.00 (   +0.00)             0 (       0)           0  
##>dpopt_share_one_def             START            10536887090 ( +0.00)      934.00 (   +0.00)             0 (       0)              
##>                                  END            10536887090 ( +0.00)      934.00 (   +0.00)             0 (       0)           0  
##>datapath_rewrite_post_share     START            10536887090 ( +0.00)      934.00 (   +0.00)             0 (       0)              
##>                                  END            10536887090 ( +0.00)      934.00 (   +0.00)             0 (       0)           0  
##>dp_combine_const_mult_with_com  START            10536887090 ( +0.00)      934.00 (   +0.00)             0 (       0)              
##>                                  END            10536887090 ( +0.00)      934.00 (   +0.00)             0 (       0)           0  
##>dp_operator_level_decompositio  START            10536887090 ( +0.00)      934.00 (   +0.00)             0 (       0)              
##>                                  END            10536887090 ( +0.00)      934.00 (   +0.00)             0 (       0)           0  
##>selective_flatten_dp_config     START            10536887090 ( +0.00)      934.00 (   +0.00)             0 (       0)              
##>                                  END            10536887090 ( +0.00)      934.00 (   +0.00)             0 (       0)           0  
##>createMaxCarrySave              START            10536887090 ( +0.00)      934.00 (   +0.00)             0 (       0)              
##> datapath_rewrite_one_def       START            10536887090 ( +0.00)      934.00 (   +0.00)             0 (       0)              
##>  fast_cse_elim                 START            10536887090 ( +0.00)      934.00 (   +0.00)             0 (       0)              
##>                                  END            10536887090 ( +0.00)      934.00 (   +0.00)             0 (       0)           0  
##>  fast_cse_elim                 START            10536887090 ( +0.00)      934.00 (   +0.00)             0 (       0)              
##>                                  END            10536887090 ( +0.00)      934.00 (   +0.00)             0 (       0)           0  
##>                                  END            10536887090 ( +0.00)      934.00 (   +0.00)             0 (       0)           0  
##> csa_opto                       START            10536887090 ( +0.00)      934.00 (   +0.00)             0 (       0)              
##>                                  END            10536887090 ( +0.00)      934.00 (   +0.00)             0 (       0)           0  
##>                                  END            10536887090 ( +0.00)      934.00 (   +0.00)             0 (       0)           0  
##>context_based_simplify          START            10536887090 ( +0.00)      934.00 (   +0.00)             0 (       0)              
##>                                  END            10536887090 ( +0.00)      934.00 (   +0.00)             0 (       0)           0  
##>group_csa_final_adder_dp        START            10536887090 ( +0.00)      934.00 (   +0.00)             0 (       0)              
##>                                  END            10536887090 ( +0.00)      934.00 (   +0.00)             0 (       0)           0  
##>dpopt_flatten_critical_muxes_i  START            10536887090 ( +0.00)      934.00 (   +0.00)             0 (       0)              
##>                                  END            10536887090 ( +0.00)      934.00 (   +0.00)             0 (       0)           0  
##>create_score                    START            10536887090 ( +0.00)      934.00 (   +0.00)             0 (       0)              
##>                                  END            10536887090 ( +0.00)      934.00 (   +0.00)             0 (       0)           0  
##>+------------------------------------------------------------------------------------------------------------------------------------------------------------+
Committed config: CDN_DP_region_8_0_c7
          Optimizations applied to 'very_fast' configuration:
            rewriting(0), factoring(0), sharing(0), cmultcse(0), downsizing(0), speculation(0)
CSAGen Prep Share:0 Re-Write:0 Speculation: 0
CDN_DP_region_9_0 level = 0 loads = 0 drivers = 0
MaxCSA: Successfully built Maximal CSA Expression Expr25
CDN_DP_region_9_0_c0 in Multip_362: area: 10536887090 ,dp = 1 mux = 0 sg = slow         worst_clk_period: -1.0000 
    wns: 0  norm_wns:  -1.0000 
    fail_endp: -1 
    tns:  0  tns_per_endp:  -1.0000   norm_tns_per_endp:  -1.0000 
    tns_sense_max:  -1.0000  tns_sense_avg:  -1.0000   tns_sense_num: -1
 skipped
CDN_DP_region_9_0_c1 in Multip_362: area: 10536887090 ,dp = 1 mux = 0 sg = fast         worst_clk_period: -1.0000 
    wns: 0  norm_wns:  -1.0000 
    fail_endp: -1 
    tns:  0  tns_per_endp:  -1.0000   norm_tns_per_endp:  -1.0000 
    tns_sense_max:  -1.0000  tns_sense_avg:  -1.0000   tns_sense_num: -1
 is current best
CDN_DP_region_9_0_c2 in Multip_362: area: 10536887090 ,dp = 1 mux = 0 sg = very_slow    worst_clk_period: -1.0000 
    wns: 0  norm_wns:  -1.0000 
    fail_endp: -1 
    tns:  0  tns_per_endp:  -1.0000   norm_tns_per_endp:  -1.0000 
    tns_sense_max:  -1.0000  tns_sense_avg:  -1.0000   tns_sense_num: -1
 is current best
CDN_DP_region_9_0_c3 in Multip_362: area: 10536887090 ,dp = 1 mux = 0 sg = very_fast    worst_clk_period: -1.0000 
    wns: 0  norm_wns:  -1.0000 
    fail_endp: -1 
    tns:  0  tns_per_endp:  -1.0000   norm_tns_per_endp:  -1.0000 
    tns_sense_max:  -1.0000  tns_sense_avg:  -1.0000   tns_sense_num: -1
 is current best
CDN_DP_region_9_0_c4 in Multip_362: area: 10536887090 ,dp = 1 mux = 0 sg = very_fast    worst_clk_period: -1.0000 
    wns: 0  norm_wns:  -1.0000 
    fail_endp: -1 
    tns:  0  tns_per_endp:  -1.0000   norm_tns_per_endp:  -1.0000 
    tns_sense_max:  -1.0000  tns_sense_avg:  -1.0000   tns_sense_num: -1
 is current best
CDN_DP_region_9_0_c5 in Multip_362: area: 10536887090 ,dp = 1 mux = 0 sg = very_fast    worst_clk_period: -1.0000 
    wns: 0  norm_wns:  -1.0000 
    fail_endp: -1 
    tns:  0  tns_per_endp:  -1.0000   norm_tns_per_endp:  -1.0000 
    tns_sense_max:  -1.0000  tns_sense_avg:  -1.0000   tns_sense_num: -1
 is current best
CDN_DP_region_9_0_c6 in Multip_362: area: 10536887090 ,dp = 1 mux = 0 sg = very_fast    worst_clk_period: -1.0000 
    wns: 0  norm_wns:  -1.0000 
    fail_endp: -1 
    tns:  0  tns_per_endp:  -1.0000   norm_tns_per_endp:  -1.0000 
    tns_sense_max:  -1.0000  tns_sense_avg:  -1.0000   tns_sense_num: -1
 is current best
CDN_DP_region_9_0_c7 in Multip_362: area: 10536887090 ,dp = 1 mux = 0 sg = very_fast    worst_clk_period: -1.0000 
    wns: 0  norm_wns:  -1.0000 
    fail_endp: -1 
    tns:  0  tns_per_endp:  -1.0000   norm_tns_per_endp:  -1.0000 
    tns_sense_max:  -1.0000  tns_sense_avg:  -1.0000   tns_sense_num: -1
 is current best
Best config: CDN_DP_region_9_0_c7 in Multip_362: area: 10536887090 ,dp = 1 mux = 0 sg = very_fast    worst_clk_period: -1.0000 
    wns: 0  norm_wns:  -1.0000 
    fail_endp: -1 
    tns:  0  tns_per_endp:  -1.0000   norm_tns_per_endp:  -1.0000 
    tns_sense_max:  -1.0000  tns_sense_avg:  -1.0000   tns_sense_num: -1
  Smallest config area : 10536887090.  Fastest config wns;  0
##>+----------------------------------------------------------------------------------------------------------------------------------------------------------------+
##>Summary table of configs (Best config is CDN_DP_region_9_0_c7)
##>+----------------------------------------------------------------------------------------------------------------------------------------------------------------+
##>                     0                  1                  2                  3                  4                  5                  6                  7            
##>+----------------------------------------------------------------------------------------------------------------------------------------------------------------+
##>           Area      10536887090        10536887090        10536887090        10536887090        10536887090        10536887090        10536887090        10536887090  
##>            WNS          +925.30            +925.30            +925.30            +925.30            +925.30            +925.30            +925.30            +925.30  
##>            TNS                0                  0                  0                  0                  0                  0                  0                  0  
##>    Num Rewrite                0                  0                  0                  0                  0                  0                  0                  0  
##>     Num Factor                0                  0                  0                  0                  0                  0                  0                  0  
##>      Num Share                0                  0                  0                  0                  0                  0                  0                  0  
##>   Num CmultCse                0                  0                  0                  0                  0                  0                  0                  0  
##>   Num Downsize                0                  0                  0                  0                  0                  0                  0                  0  
##>  Num Speculate                0                  0                  0                  0                  0                  0                  0                  0  
##>     Runtime(s)                0                  0                  0                  0                  0                  0                  0                  0  
+----------------------------------------------------------------------------------------------------------------------------------------------------------------+
##>
##>
##>+------------------------------------------------------------------------------------------------------------------------------------------------------------+
##>Optimization Step DEBUG Table for config CDN_DP_region_9_0_c7
##>
##>                          Step                        Area   ( % Chg)        WNS (Change)        TNS (Change)          Runtime (s)        Comment                   
##>+------------------------------------------------------------------------------------------------------------------------------------------------------------+
##>EquationExtraction              START            10536887090 (      )      925.30 (        )             0 (        )              
##> rewrite                        START            38679179725 (+267.08)      918.40 (   -6.90)             0 (       0)              (a,ar) Expr25_from --> Expr25_to
##>                                  END            23019649550 (-40.49)      918.40 (   +0.00)             0 (       0)           0  
##>                                  END            10536887090 ( +0.00)      925.30 (   +0.00)             0 (       0)           0  
##>createMaxCarrySave              START            10536887090 ( +0.00)      925.30 (   +0.00)             0 (       0)              
##> datapath_rewrite_one_def       START            10536887090 ( +0.00)      925.30 (   +0.00)             0 (       0)              
##>                                  END            10536887090 ( +0.00)      925.30 (   +0.00)             0 (       0)           0  
##> csa_opto                       START            10536887090 ( +0.00)      925.30 (   +0.00)             0 (       0)              
##>                                  END            10536887090 ( +0.00)      925.30 (   +0.00)             0 (       0)           0  
##>                                  END            10536887090 ( +0.00)      925.30 (   +0.00)             0 (       0)           0  
##>canonicalize_by_names           START            10536887090 ( +0.00)      925.30 (   +0.00)             0 (       0)              
##>                                  END            10536887090 ( +0.00)      925.30 (   +0.00)             0 (       0)           0  
##>datapath_rewrite_post_csa_one_  START            10536887090 ( +0.00)      925.30 (   +0.00)             0 (       0)              
##>                                  END            10536887090 ( +0.00)      925.30 (   +0.00)             0 (       0)           0  
##>datapath_csa_factoring_one_gde  START            10536887090 ( +0.00)      925.30 (   +0.00)             0 (       0)              
##>                                  END            10536887090 ( +0.00)      925.30 (   +0.00)             0 (       0)           0  
##>dpopt_share_one_def             START            10536887090 ( +0.00)      925.30 (   +0.00)             0 (       0)              
##>                                  END            10536887090 ( +0.00)      925.30 (   +0.00)             0 (       0)           0  
##>datapath_rewrite_post_share     START            10536887090 ( +0.00)      925.30 (   +0.00)             0 (       0)              
##>                                  END            10536887090 ( +0.00)      925.30 (   +0.00)             0 (       0)           0  
##>dp_combine_const_mult_with_com  START            10536887090 ( +0.00)      925.30 (   +0.00)             0 (       0)              
##>                                  END            10536887090 ( +0.00)      925.30 (   +0.00)             0 (       0)           0  
##>dp_operator_level_decompositio  START            10536887090 ( +0.00)      925.30 (   +0.00)             0 (       0)              
##>                                  END            10536887090 ( +0.00)      925.30 (   +0.00)             0 (       0)           0  
##>selective_flatten_dp_config     START            10536887090 ( +0.00)      925.30 (   +0.00)             0 (       0)              
##>                                  END            10536887090 ( +0.00)      925.30 (   +0.00)             0 (       0)           0  
##>createMaxCarrySave              START            10536887090 ( +0.00)      925.30 (   +0.00)             0 (       0)              
##> datapath_rewrite_one_def       START            10536887090 ( +0.00)      925.30 (   +0.00)             0 (       0)              
##>  fast_cse_elim                 START            10536887090 ( +0.00)      925.30 (   +0.00)             0 (       0)              
##>                                  END            10536887090 ( +0.00)      925.30 (   +0.00)             0 (       0)           0  
##>  fast_cse_elim                 START            10536887090 ( +0.00)      925.30 (   +0.00)             0 (       0)              
##>                                  END            10536887090 ( +0.00)      925.30 (   +0.00)             0 (       0)           0  
##>                                  END            10536887090 ( +0.00)      925.30 (   +0.00)             0 (       0)           0  
##> csa_opto                       START            10536887090 ( +0.00)      925.30 (   +0.00)             0 (       0)              
##>                                  END            10536887090 ( +0.00)      925.30 (   +0.00)             0 (       0)           0  
##>                                  END            10536887090 ( +0.00)      925.30 (   +0.00)             0 (       0)           0  
##>context_based_simplify          START            10536887090 ( +0.00)      925.30 (   +0.00)             0 (       0)              
##>                                  END            10536887090 ( +0.00)      925.30 (   +0.00)             0 (       0)           0  
##>group_csa_final_adder_dp        START            10536887090 ( +0.00)      925.30 (   +0.00)             0 (       0)              
##>                                  END            10536887090 ( +0.00)      925.30 (   +0.00)             0 (       0)           0  
##>dpopt_flatten_critical_muxes_i  START            10536887090 ( +0.00)      925.30 (   +0.00)             0 (       0)              
##>                                  END            10536887090 ( +0.00)      925.30 (   +0.00)             0 (       0)           0  
##>create_score                    START            10536887090 ( +0.00)      925.30 (   +0.00)             0 (       0)              
##>                                  END            10536887090 ( +0.00)      925.30 (   +0.00)             0 (       0)           0  
##>+------------------------------------------------------------------------------------------------------------------------------------------------------------+
Committed config: CDN_DP_region_9_0_c7
          Optimizations applied to 'very_fast' configuration:
            rewriting(0), factoring(0), sharing(0), cmultcse(0), downsizing(0), speculation(0)
CSAGen Prep Share:0 Re-Write:0 Speculation: 0
CDN_DP_region_10_0 level = 0 loads = 0 drivers = 0
MaxCSA: Successfully built Maximal CSA Expression Expr26
CDN_DP_region_10_0_c0 in Multip_363: area: 10536887090 ,dp = 1 mux = 0 sg = slow         worst_clk_period: -1.0000 
    wns: 0  norm_wns:  -1.0000 
    fail_endp: -1 
    tns:  0  tns_per_endp:  -1.0000   norm_tns_per_endp:  -1.0000 
    tns_sense_max:  -1.0000  tns_sense_avg:  -1.0000   tns_sense_num: -1
 skipped
CDN_DP_region_10_0_c1 in Multip_363: area: 10536887090 ,dp = 1 mux = 0 sg = fast         worst_clk_period: -1.0000 
    wns: 0  norm_wns:  -1.0000 
    fail_endp: -1 
    tns:  0  tns_per_endp:  -1.0000   norm_tns_per_endp:  -1.0000 
    tns_sense_max:  -1.0000  tns_sense_avg:  -1.0000   tns_sense_num: -1
 is current best
CDN_DP_region_10_0_c2 in Multip_363: area: 10536887090 ,dp = 1 mux = 0 sg = very_slow    worst_clk_period: -1.0000 
    wns: 0  norm_wns:  -1.0000 
    fail_endp: -1 
    tns:  0  tns_per_endp:  -1.0000   norm_tns_per_endp:  -1.0000 
    tns_sense_max:  -1.0000  tns_sense_avg:  -1.0000   tns_sense_num: -1
 is current best
CDN_DP_region_10_0_c3 in Multip_363: area: 10536887090 ,dp = 1 mux = 0 sg = very_fast    worst_clk_period: -1.0000 
    wns: 0  norm_wns:  -1.0000 
    fail_endp: -1 
    tns:  0  tns_per_endp:  -1.0000   norm_tns_per_endp:  -1.0000 
    tns_sense_max:  -1.0000  tns_sense_avg:  -1.0000   tns_sense_num: -1
 is current best
CDN_DP_region_10_0_c4 in Multip_363: area: 10536887090 ,dp = 1 mux = 0 sg = very_fast    worst_clk_period: -1.0000 
    wns: 0  norm_wns:  -1.0000 
    fail_endp: -1 
    tns:  0  tns_per_endp:  -1.0000   norm_tns_per_endp:  -1.0000 
    tns_sense_max:  -1.0000  tns_sense_avg:  -1.0000   tns_sense_num: -1
 is current best
CDN_DP_region_10_0_c5 in Multip_363: area: 10536887090 ,dp = 1 mux = 0 sg = very_fast    worst_clk_period: -1.0000 
    wns: 0  norm_wns:  -1.0000 
    fail_endp: -1 
    tns:  0  tns_per_endp:  -1.0000   norm_tns_per_endp:  -1.0000 
    tns_sense_max:  -1.0000  tns_sense_avg:  -1.0000   tns_sense_num: -1
 is current best
CDN_DP_region_10_0_c6 in Multip_363: area: 10536887090 ,dp = 1 mux = 0 sg = very_fast    worst_clk_period: -1.0000 
    wns: 0  norm_wns:  -1.0000 
    fail_endp: -1 
    tns:  0  tns_per_endp:  -1.0000   norm_tns_per_endp:  -1.0000 
    tns_sense_max:  -1.0000  tns_sense_avg:  -1.0000   tns_sense_num: -1
 is current best
CDN_DP_region_10_0_c7 in Multip_363: area: 10536887090 ,dp = 1 mux = 0 sg = very_fast    worst_clk_period: -1.0000 
    wns: 0  norm_wns:  -1.0000 
    fail_endp: -1 
    tns:  0  tns_per_endp:  -1.0000   norm_tns_per_endp:  -1.0000 
    tns_sense_max:  -1.0000  tns_sense_avg:  -1.0000   tns_sense_num: -1
 is current best
Best config: CDN_DP_region_10_0_c7 in Multip_363: area: 10536887090 ,dp = 1 mux = 0 sg = very_fast    worst_clk_period: -1.0000 
    wns: 0  norm_wns:  -1.0000 
    fail_endp: -1 
    tns:  0  tns_per_endp:  -1.0000   norm_tns_per_endp:  -1.0000 
    tns_sense_max:  -1.0000  tns_sense_avg:  -1.0000   tns_sense_num: -1
  Smallest config area : 10536887090.  Fastest config wns;  0
##>+----------------------------------------------------------------------------------------------------------------------------------------------------------------+
##>Summary table of configs (Best config is CDN_DP_region_10_0_c7)
##>+----------------------------------------------------------------------------------------------------------------------------------------------------------------+
##>                     0                  1                  2                  3                  4                  5                  6                  7            
##>+----------------------------------------------------------------------------------------------------------------------------------------------------------------+
##>           Area      10536887090        10536887090        10536887090        10536887090        10536887090        10536887090        10536887090        10536887090  
##>            WNS          +934.00            +934.00            +934.00            +934.00            +934.00            +934.00            +934.00            +934.00  
##>            TNS                0                  0                  0                  0                  0                  0                  0                  0  
##>    Num Rewrite                0                  0                  0                  0                  0                  0                  0                  0  
##>     Num Factor                0                  0                  0                  0                  0                  0                  0                  0  
##>      Num Share                0                  0                  0                  0                  0                  0                  0                  0  
##>   Num CmultCse                0                  0                  0                  0                  0                  0                  0                  0  
##>   Num Downsize                0                  0                  0                  0                  0                  0                  0                  0  
##>  Num Speculate                0                  0                  0                  0                  0                  0                  0                  0  
##>     Runtime(s)                0                  0                  0                  0                  0                  0                  0                  0  
+----------------------------------------------------------------------------------------------------------------------------------------------------------------+
##>
##>
##>+------------------------------------------------------------------------------------------------------------------------------------------------------------+
##>Optimization Step DEBUG Table for config CDN_DP_region_10_0_c7
##>
##>                          Step                        Area   ( % Chg)        WNS (Change)        TNS (Change)          Runtime (s)        Comment                   
##>+------------------------------------------------------------------------------------------------------------------------------------------------------------+
##>EquationExtraction              START            10536887090 (      )      934.00 (        )             0 (        )              
##> rewrite                        START            38679179725 (+267.08)      927.10 (   -6.90)             0 (       0)              (a,ar) Expr26_from --> Expr26_to
##>                                  END            23019649550 (-40.49)      927.10 (   +0.00)             0 (       0)           0  
##>                                  END            10536887090 ( +0.00)      934.00 (   +0.00)             0 (       0)           0  
##>createMaxCarrySave              START            10536887090 ( +0.00)      934.00 (   +0.00)             0 (       0)              
##> datapath_rewrite_one_def       START            10536887090 ( +0.00)      934.00 (   +0.00)             0 (       0)              
##>                                  END            10536887090 ( +0.00)      934.00 (   +0.00)             0 (       0)           0  
##> csa_opto                       START            10536887090 ( +0.00)      934.00 (   +0.00)             0 (       0)              
##>                                  END            10536887090 ( +0.00)      934.00 (   +0.00)             0 (       0)           0  
##>                                  END            10536887090 ( +0.00)      934.00 (   +0.00)             0 (       0)           0  
##>canonicalize_by_names           START            10536887090 ( +0.00)      934.00 (   +0.00)             0 (       0)              
##>                                  END            10536887090 ( +0.00)      934.00 (   +0.00)             0 (       0)           0  
##>datapath_rewrite_post_csa_one_  START            10536887090 ( +0.00)      934.00 (   +0.00)             0 (       0)              
##>                                  END            10536887090 ( +0.00)      934.00 (   +0.00)             0 (       0)           0  
##>datapath_csa_factoring_one_gde  START            10536887090 ( +0.00)      934.00 (   +0.00)             0 (       0)              
##>                                  END            10536887090 ( +0.00)      934.00 (   +0.00)             0 (       0)           0  
##>dpopt_share_one_def             START            10536887090 ( +0.00)      934.00 (   +0.00)             0 (       0)              
##>                                  END            10536887090 ( +0.00)      934.00 (   +0.00)             0 (       0)           0  
##>datapath_rewrite_post_share     START            10536887090 ( +0.00)      934.00 (   +0.00)             0 (       0)              
##>                                  END            10536887090 ( +0.00)      934.00 (   +0.00)             0 (       0)           0  
##>dp_combine_const_mult_with_com  START            10536887090 ( +0.00)      934.00 (   +0.00)             0 (       0)              
##>                                  END            10536887090 ( +0.00)      934.00 (   +0.00)             0 (       0)           0  
##>dp_operator_level_decompositio  START            10536887090 ( +0.00)      934.00 (   +0.00)             0 (       0)              
##>                                  END            10536887090 ( +0.00)      934.00 (   +0.00)             0 (       0)           0  
##>selective_flatten_dp_config     START            10536887090 ( +0.00)      934.00 (   +0.00)             0 (       0)              
##>                                  END            10536887090 ( +0.00)      934.00 (   +0.00)             0 (       0)           0  
##>createMaxCarrySave              START            10536887090 ( +0.00)      934.00 (   +0.00)             0 (       0)              
##> datapath_rewrite_one_def       START            10536887090 ( +0.00)      934.00 (   +0.00)             0 (       0)              
##>  fast_cse_elim                 START            10536887090 ( +0.00)      934.00 (   +0.00)             0 (       0)              
##>                                  END            10536887090 ( +0.00)      934.00 (   +0.00)             0 (       0)           0  
##>  fast_cse_elim                 START            10536887090 ( +0.00)      934.00 (   +0.00)             0 (       0)              
##>                                  END            10536887090 ( +0.00)      934.00 (   +0.00)             0 (       0)           0  
##>                                  END            10536887090 ( +0.00)      934.00 (   +0.00)             0 (       0)           0  
##> csa_opto                       START            10536887090 ( +0.00)      934.00 (   +0.00)             0 (       0)              
##>                                  END            10536887090 ( +0.00)      934.00 (   +0.00)             0 (       0)           0  
##>                                  END            10536887090 ( +0.00)      934.00 (   +0.00)             0 (       0)           0  
##>context_based_simplify          START            10536887090 ( +0.00)      934.00 (   +0.00)             0 (       0)              
##>                                  END            10536887090 ( +0.00)      934.00 (   +0.00)             0 (       0)           0  
##>group_csa_final_adder_dp        START            10536887090 ( +0.00)      934.00 (   +0.00)             0 (       0)              
##>                                  END            10536887090 ( +0.00)      934.00 (   +0.00)             0 (       0)           0  
##>dpopt_flatten_critical_muxes_i  START            10536887090 ( +0.00)      934.00 (   +0.00)             0 (       0)              
##>                                  END            10536887090 ( +0.00)      934.00 (   +0.00)             0 (       0)           0  
##>create_score                    START            10536887090 ( +0.00)      934.00 (   +0.00)             0 (       0)              
##>                                  END            10536887090 ( +0.00)      934.00 (   +0.00)             0 (       0)           0  
##>+------------------------------------------------------------------------------------------------------------------------------------------------------------+
Committed config: CDN_DP_region_10_0_c7
          Optimizations applied to 'very_fast' configuration:
            rewriting(0), factoring(0), sharing(0), cmultcse(0), downsizing(0), speculation(0)
CSAGen Prep Share:0 Re-Write:0 Speculation: 0
CDN_DP_region_11_0 level = 0 loads = 0 drivers = 0
MaxCSA: Successfully built Maximal CSA Expression Expr27
CDN_DP_region_11_0_c0 in Multip_364: area: 10536887090 ,dp = 1 mux = 0 sg = slow         worst_clk_period: -1.0000 
    wns: 0  norm_wns:  -1.0000 
    fail_endp: -1 
    tns:  0  tns_per_endp:  -1.0000   norm_tns_per_endp:  -1.0000 
    tns_sense_max:  -1.0000  tns_sense_avg:  -1.0000   tns_sense_num: -1
 skipped
CDN_DP_region_11_0_c1 in Multip_364: area: 10536887090 ,dp = 1 mux = 0 sg = fast         worst_clk_period: -1.0000 
    wns: 0  norm_wns:  -1.0000 
    fail_endp: -1 
    tns:  0  tns_per_endp:  -1.0000   norm_tns_per_endp:  -1.0000 
    tns_sense_max:  -1.0000  tns_sense_avg:  -1.0000   tns_sense_num: -1
 is current best
CDN_DP_region_11_0_c2 in Multip_364: area: 10536887090 ,dp = 1 mux = 0 sg = very_slow    worst_clk_period: -1.0000 
    wns: 0  norm_wns:  -1.0000 
    fail_endp: -1 
    tns:  0  tns_per_endp:  -1.0000   norm_tns_per_endp:  -1.0000 
    tns_sense_max:  -1.0000  tns_sense_avg:  -1.0000   tns_sense_num: -1
 is current best
CDN_DP_region_11_0_c3 in Multip_364: area: 10536887090 ,dp = 1 mux = 0 sg = very_fast    worst_clk_period: -1.0000 
    wns: 0  norm_wns:  -1.0000 
    fail_endp: -1 
    tns:  0  tns_per_endp:  -1.0000   norm_tns_per_endp:  -1.0000 
    tns_sense_max:  -1.0000  tns_sense_avg:  -1.0000   tns_sense_num: -1
 is current best
CDN_DP_region_11_0_c4 in Multip_364: area: 10536887090 ,dp = 1 mux = 0 sg = very_fast    worst_clk_period: -1.0000 
    wns: 0  norm_wns:  -1.0000 
    fail_endp: -1 
    tns:  0  tns_per_endp:  -1.0000   norm_tns_per_endp:  -1.0000 
    tns_sense_max:  -1.0000  tns_sense_avg:  -1.0000   tns_sense_num: -1
 is current best
CDN_DP_region_11_0_c5 in Multip_364: area: 10536887090 ,dp = 1 mux = 0 sg = very_fast    worst_clk_period: -1.0000 
    wns: 0  norm_wns:  -1.0000 
    fail_endp: -1 
    tns:  0  tns_per_endp:  -1.0000   norm_tns_per_endp:  -1.0000 
    tns_sense_max:  -1.0000  tns_sense_avg:  -1.0000   tns_sense_num: -1
 is current best
CDN_DP_region_11_0_c6 in Multip_364: area: 10536887090 ,dp = 1 mux = 0 sg = very_fast    worst_clk_period: -1.0000 
    wns: 0  norm_wns:  -1.0000 
    fail_endp: -1 
    tns:  0  tns_per_endp:  -1.0000   norm_tns_per_endp:  -1.0000 
    tns_sense_max:  -1.0000  tns_sense_avg:  -1.0000   tns_sense_num: -1
 is current best
CDN_DP_region_11_0_c7 in Multip_364: area: 10536887090 ,dp = 1 mux = 0 sg = very_fast    worst_clk_period: -1.0000 
    wns: 0  norm_wns:  -1.0000 
    fail_endp: -1 
    tns:  0  tns_per_endp:  -1.0000   norm_tns_per_endp:  -1.0000 
    tns_sense_max:  -1.0000  tns_sense_avg:  -1.0000   tns_sense_num: -1
 is current best
Best config: CDN_DP_region_11_0_c7 in Multip_364: area: 10536887090 ,dp = 1 mux = 0 sg = very_fast    worst_clk_period: -1.0000 
    wns: 0  norm_wns:  -1.0000 
    fail_endp: -1 
    tns:  0  tns_per_endp:  -1.0000   norm_tns_per_endp:  -1.0000 
    tns_sense_max:  -1.0000  tns_sense_avg:  -1.0000   tns_sense_num: -1
  Smallest config area : 10536887090.  Fastest config wns;  0
##>+----------------------------------------------------------------------------------------------------------------------------------------------------------------+
##>Summary table of configs (Best config is CDN_DP_region_11_0_c7)
##>+----------------------------------------------------------------------------------------------------------------------------------------------------------------+
##>                     0                  1                  2                  3                  4                  5                  6                  7            
##>+----------------------------------------------------------------------------------------------------------------------------------------------------------------+
##>           Area      10536887090        10536887090        10536887090        10536887090        10536887090        10536887090        10536887090        10536887090  
##>            WNS          +956.50            +956.50            +956.50            +956.50            +956.50            +956.50            +956.50            +956.50  
##>            TNS                0                  0                  0                  0                  0                  0                  0                  0  
##>    Num Rewrite                0                  0                  0                  0                  0                  0                  0                  0  
##>     Num Factor                0                  0                  0                  0                  0                  0                  0                  0  
##>      Num Share                0                  0                  0                  0                  0                  0                  0                  0  
##>   Num CmultCse                0                  0                  0                  0                  0                  0                  0                  0  
##>   Num Downsize                0                  0                  0                  0                  0                  0                  0                  0  
##>  Num Speculate                0                  0                  0                  0                  0                  0                  0                  0  
##>     Runtime(s)                0                  0                  0                  0                  0                  0                  0                  0  
+----------------------------------------------------------------------------------------------------------------------------------------------------------------+
##>
##>
##>+------------------------------------------------------------------------------------------------------------------------------------------------------------+
##>Optimization Step DEBUG Table for config CDN_DP_region_11_0_c7
##>
##>                          Step                        Area   ( % Chg)        WNS (Change)        TNS (Change)          Runtime (s)        Comment                   
##>+------------------------------------------------------------------------------------------------------------------------------------------------------------+
##>EquationExtraction              START            10536887090 (      )      956.50 (        )             0 (        )              
##> rewrite                        START            38679179725 (+267.08)      949.60 (   -6.90)             0 (       0)              (a,ar) Expr27_from --> Expr27_to
##>                                  END            23019649550 (-40.49)      949.60 (   +0.00)             0 (       0)           0  
##>                                  END            10536887090 ( +0.00)      956.50 (   +0.00)             0 (       0)           0  
##>createMaxCarrySave              START            10536887090 ( +0.00)      956.50 (   +0.00)             0 (       0)              
##> datapath_rewrite_one_def       START            10536887090 ( +0.00)      956.50 (   +0.00)             0 (       0)              
##>                                  END            10536887090 ( +0.00)      956.50 (   +0.00)             0 (       0)           0  
##> csa_opto                       START            10536887090 ( +0.00)      956.50 (   +0.00)             0 (       0)              
##>                                  END            10536887090 ( +0.00)      956.50 (   +0.00)             0 (       0)           0  
##>                                  END            10536887090 ( +0.00)      956.50 (   +0.00)             0 (       0)           0  
##>canonicalize_by_names           START            10536887090 ( +0.00)      956.50 (   +0.00)             0 (       0)              
##>                                  END            10536887090 ( +0.00)      956.50 (   +0.00)             0 (       0)           0  
##>datapath_rewrite_post_csa_one_  START            10536887090 ( +0.00)      956.50 (   +0.00)             0 (       0)              
##>                                  END            10536887090 ( +0.00)      956.50 (   +0.00)             0 (       0)           0  
##>datapath_csa_factoring_one_gde  START            10536887090 ( +0.00)      956.50 (   +0.00)             0 (       0)              
##>                                  END            10536887090 ( +0.00)      956.50 (   +0.00)             0 (       0)           0  
##>dpopt_share_one_def             START            10536887090 ( +0.00)      956.50 (   +0.00)             0 (       0)              
##>                                  END            10536887090 ( +0.00)      956.50 (   +0.00)             0 (       0)           0  
##>datapath_rewrite_post_share     START            10536887090 ( +0.00)      956.50 (   +0.00)             0 (       0)              
##>                                  END            10536887090 ( +0.00)      956.50 (   +0.00)             0 (       0)           0  
##>dp_combine_const_mult_with_com  START            10536887090 ( +0.00)      956.50 (   +0.00)             0 (       0)              
##>                                  END            10536887090 ( +0.00)      956.50 (   +0.00)             0 (       0)           0  
##>dp_operator_level_decompositio  START            10536887090 ( +0.00)      956.50 (   +0.00)             0 (       0)              
##>                                  END            10536887090 ( +0.00)      956.50 (   +0.00)             0 (       0)           0  
##>selective_flatten_dp_config     START            10536887090 ( +0.00)      956.50 (   +0.00)             0 (       0)              
##>                                  END            10536887090 ( +0.00)      956.50 (   +0.00)             0 (       0)           0  
##>createMaxCarrySave              START            10536887090 ( +0.00)      956.50 (   +0.00)             0 (       0)              
##> datapath_rewrite_one_def       START            10536887090 ( +0.00)      956.50 (   +0.00)             0 (       0)              
##>  fast_cse_elim                 START            10536887090 ( +0.00)      956.50 (   +0.00)             0 (       0)              
##>                                  END            10536887090 ( +0.00)      956.50 (   +0.00)             0 (       0)           0  
##>  fast_cse_elim                 START            10536887090 ( +0.00)      956.50 (   +0.00)             0 (       0)              
##>                                  END            10536887090 ( +0.00)      956.50 (   +0.00)             0 (       0)           0  
##>                                  END            10536887090 ( +0.00)      956.50 (   +0.00)             0 (       0)           0  
##> csa_opto                       START            10536887090 ( +0.00)      956.50 (   +0.00)             0 (       0)              
##>                                  END            10536887090 ( +0.00)      956.50 (   +0.00)             0 (       0)           0  
##>                                  END            10536887090 ( +0.00)      956.50 (   +0.00)             0 (       0)           0  
##>context_based_simplify          START            10536887090 ( +0.00)      956.50 (   +0.00)             0 (       0)              
##>                                  END            10536887090 ( +0.00)      956.50 (   +0.00)             0 (       0)           0  
##>group_csa_final_adder_dp        START            10536887090 ( +0.00)      956.50 (   +0.00)             0 (       0)              
##>                                  END            10536887090 ( +0.00)      956.50 (   +0.00)             0 (       0)           0  
##>dpopt_flatten_critical_muxes_i  START            10536887090 ( +0.00)      956.50 (   +0.00)             0 (       0)              
##>                                  END            10536887090 ( +0.00)      956.50 (   +0.00)             0 (       0)           0  
##>create_score                    START            10536887090 ( +0.00)      956.50 (   +0.00)             0 (       0)              
##>                                  END            10536887090 ( +0.00)      956.50 (   +0.00)             0 (       0)           0  
##>+------------------------------------------------------------------------------------------------------------------------------------------------------------+
Committed config: CDN_DP_region_11_0_c7
          Optimizations applied to 'very_fast' configuration:
            rewriting(0), factoring(0), sharing(0), cmultcse(0), downsizing(0), speculation(0)
CSAGen Prep Share:0 Re-Write:0 Speculation: 0
CDN_DP_region_12_0 level = 0 loads = 0 drivers = 0
MaxCSA: Successfully built Maximal CSA Expression Expr28
CDN_DP_region_12_0_c0 in Multip_365: area: 10536887090 ,dp = 1 mux = 0 sg = slow         worst_clk_period: -1.0000 
    wns: 0  norm_wns:  -1.0000 
    fail_endp: -1 
    tns:  0  tns_per_endp:  -1.0000   norm_tns_per_endp:  -1.0000 
    tns_sense_max:  -1.0000  tns_sense_avg:  -1.0000   tns_sense_num: -1
 skipped
CDN_DP_region_12_0_c1 in Multip_365: area: 10536887090 ,dp = 1 mux = 0 sg = fast         worst_clk_period: -1.0000 
    wns: 0  norm_wns:  -1.0000 
    fail_endp: -1 
    tns:  0  tns_per_endp:  -1.0000   norm_tns_per_endp:  -1.0000 
    tns_sense_max:  -1.0000  tns_sense_avg:  -1.0000   tns_sense_num: -1
 is current best
CDN_DP_region_12_0_c2 in Multip_365: area: 10536887090 ,dp = 1 mux = 0 sg = very_slow    worst_clk_period: -1.0000 
    wns: 0  norm_wns:  -1.0000 
    fail_endp: -1 
    tns:  0  tns_per_endp:  -1.0000   norm_tns_per_endp:  -1.0000 
    tns_sense_max:  -1.0000  tns_sense_avg:  -1.0000   tns_sense_num: -1
 is current best
CDN_DP_region_12_0_c3 in Multip_365: area: 10536887090 ,dp = 1 mux = 0 sg = very_fast    worst_clk_period: -1.0000 
    wns: 0  norm_wns:  -1.0000 
    fail_endp: -1 
    tns:  0  tns_per_endp:  -1.0000   norm_tns_per_endp:  -1.0000 
    tns_sense_max:  -1.0000  tns_sense_avg:  -1.0000   tns_sense_num: -1
 is current best
CDN_DP_region_12_0_c4 in Multip_365: area: 10536887090 ,dp = 1 mux = 0 sg = very_fast    worst_clk_period: -1.0000 
    wns: 0  norm_wns:  -1.0000 
    fail_endp: -1 
    tns:  0  tns_per_endp:  -1.0000   norm_tns_per_endp:  -1.0000 
    tns_sense_max:  -1.0000  tns_sense_avg:  -1.0000   tns_sense_num: -1
 is current best
CDN_DP_region_12_0_c5 in Multip_365: area: 10536887090 ,dp = 1 mux = 0 sg = very_fast    worst_clk_period: -1.0000 
    wns: 0  norm_wns:  -1.0000 
    fail_endp: -1 
    tns:  0  tns_per_endp:  -1.0000   norm_tns_per_endp:  -1.0000 
    tns_sense_max:  -1.0000  tns_sense_avg:  -1.0000   tns_sense_num: -1
 is current best
CDN_DP_region_12_0_c6 in Multip_365: area: 10536887090 ,dp = 1 mux = 0 sg = very_fast    worst_clk_period: -1.0000 
    wns: 0  norm_wns:  -1.0000 
    fail_endp: -1 
    tns:  0  tns_per_endp:  -1.0000   norm_tns_per_endp:  -1.0000 
    tns_sense_max:  -1.0000  tns_sense_avg:  -1.0000   tns_sense_num: -1
 is current best
CDN_DP_region_12_0_c7 in Multip_365: area: 10536887090 ,dp = 1 mux = 0 sg = very_fast    worst_clk_period: -1.0000 
    wns: 0  norm_wns:  -1.0000 
    fail_endp: -1 
    tns:  0  tns_per_endp:  -1.0000   norm_tns_per_endp:  -1.0000 
    tns_sense_max:  -1.0000  tns_sense_avg:  -1.0000   tns_sense_num: -1
 is current best
Best config: CDN_DP_region_12_0_c7 in Multip_365: area: 10536887090 ,dp = 1 mux = 0 sg = very_fast    worst_clk_period: -1.0000 
    wns: 0  norm_wns:  -1.0000 
    fail_endp: -1 
    tns:  0  tns_per_endp:  -1.0000   norm_tns_per_endp:  -1.0000 
    tns_sense_max:  -1.0000  tns_sense_avg:  -1.0000   tns_sense_num: -1
  Smallest config area : 10536887090.  Fastest config wns;  0
##>+----------------------------------------------------------------------------------------------------------------------------------------------------------------+
##>Summary table of configs (Best config is CDN_DP_region_12_0_c7)
##>+----------------------------------------------------------------------------------------------------------------------------------------------------------------+
##>                     0                  1                  2                  3                  4                  5                  6                  7            
##>+----------------------------------------------------------------------------------------------------------------------------------------------------------------+
##>           Area      10536887090        10536887090        10536887090        10536887090        10536887090        10536887090        10536887090        10536887090  
##>            WNS         +1079.30           +1079.30           +1079.30           +1079.30           +1079.30           +1079.30           +1079.30           +1079.30  
##>            TNS                0                  0                  0                  0                  0                  0                  0                  0  
##>    Num Rewrite                0                  0                  0                  0                  0                  0                  0                  0  
##>     Num Factor                0                  0                  0                  0                  0                  0                  0                  0  
##>      Num Share                0                  0                  0                  0                  0                  0                  0                  0  
##>   Num CmultCse                0                  0                  0                  0                  0                  0                  0                  0  
##>   Num Downsize                0                  0                  0                  0                  0                  0                  0                  0  
##>  Num Speculate                0                  0                  0                  0                  0                  0                  0                  0  
##>     Runtime(s)                0                  0                  0                  0                  0                  0                  0                  0  
+----------------------------------------------------------------------------------------------------------------------------------------------------------------+
##>
##>
##>+------------------------------------------------------------------------------------------------------------------------------------------------------------+
##>Optimization Step DEBUG Table for config CDN_DP_region_12_0_c7
##>
##>                          Step                        Area   ( % Chg)        WNS (Change)        TNS (Change)          Runtime (s)        Comment                   
##>+------------------------------------------------------------------------------------------------------------------------------------------------------------+
##>EquationExtraction              START            10536887090 (      )     1079.30 (        )             0 (        )              
##> rewrite                        START            38791333925 (+268.15)     1068.80 (  -10.50)             0 (       0)              (a,ar) Expr28_from --> Expr28_to
##>                                  END            23019649550 (-40.66)     1066.40 (   -2.40)             0 (       0)           0  
##>                                  END            10536887090 ( +0.00)     1079.30 (   +0.00)             0 (       0)           0  
##>createMaxCarrySave              START            10536887090 ( +0.00)     1079.30 (   +0.00)             0 (       0)              
##> datapath_rewrite_one_def       START            10536887090 ( +0.00)     1079.30 (   +0.00)             0 (       0)              
##>                                  END            10536887090 ( +0.00)     1079.30 (   +0.00)             0 (       0)           0  
##> csa_opto                       START            10536887090 ( +0.00)     1079.30 (   +0.00)             0 (       0)              
##>                                  END            10536887090 ( +0.00)     1079.30 (   +0.00)             0 (       0)           0  
##>                                  END            10536887090 ( +0.00)     1079.30 (   +0.00)             0 (       0)           0  
##>canonicalize_by_names           START            10536887090 ( +0.00)     1079.30 (   +0.00)             0 (       0)              
##>                                  END            10536887090 ( +0.00)     1079.30 (   +0.00)             0 (       0)           0  
##>datapath_rewrite_post_csa_one_  START            10536887090 ( +0.00)     1079.30 (   +0.00)             0 (       0)              
##>                                  END            10536887090 ( +0.00)     1079.30 (   +0.00)             0 (       0)           0  
##>datapath_csa_factoring_one_gde  START            10536887090 ( +0.00)     1079.30 (   +0.00)             0 (       0)              
##>                                  END            10536887090 ( +0.00)     1079.30 (   +0.00)             0 (       0)           0  
##>dpopt_share_one_def             START            10536887090 ( +0.00)     1079.30 (   +0.00)             0 (       0)              
##>                                  END            10536887090 ( +0.00)     1079.30 (   +0.00)             0 (       0)           0  
##>datapath_rewrite_post_share     START            10536887090 ( +0.00)     1079.30 (   +0.00)             0 (       0)              
##>                                  END            10536887090 ( +0.00)     1079.30 (   +0.00)             0 (       0)           0  
##>dp_combine_const_mult_with_com  START            10536887090 ( +0.00)     1079.30 (   +0.00)             0 (       0)              
##>                                  END            10536887090 ( +0.00)     1079.30 (   +0.00)             0 (       0)           0  
##>dp_operator_level_decompositio  START            10536887090 ( +0.00)     1079.30 (   +0.00)             0 (       0)              
##>                                  END            10536887090 ( +0.00)     1079.30 (   +0.00)             0 (       0)           0  
##>selective_flatten_dp_config     START            10536887090 ( +0.00)     1079.30 (   +0.00)             0 (       0)              
##>                                  END            10536887090 ( +0.00)     1079.30 (   +0.00)             0 (       0)           0  
##>createMaxCarrySave              START            10536887090 ( +0.00)     1079.30 (   +0.00)             0 (       0)              
##> datapath_rewrite_one_def       START            10536887090 ( +0.00)     1079.30 (   +0.00)             0 (       0)              
##>  fast_cse_elim                 START            10536887090 ( +0.00)     1079.30 (   +0.00)             0 (       0)              
##>                                  END            10536887090 ( +0.00)     1079.30 (   +0.00)             0 (       0)           0  
##>  fast_cse_elim                 START            10536887090 ( +0.00)     1079.30 (   +0.00)             0 (       0)              
##>                                  END            10536887090 ( +0.00)     1079.30 (   +0.00)             0 (       0)           0  
##>                                  END            10536887090 ( +0.00)     1079.30 (   +0.00)             0 (       0)           0  
##> csa_opto                       START            10536887090 ( +0.00)     1079.30 (   +0.00)             0 (       0)              
##>                                  END            10536887090 ( +0.00)     1079.30 (   +0.00)             0 (       0)           0  
##>                                  END            10536887090 ( +0.00)     1079.30 (   +0.00)             0 (       0)           0  
##>context_based_simplify          START            10536887090 ( +0.00)     1079.30 (   +0.00)             0 (       0)              
##>                                  END            10536887090 ( +0.00)     1079.30 (   +0.00)             0 (       0)           0  
##>group_csa_final_adder_dp        START            10536887090 ( +0.00)     1079.30 (   +0.00)             0 (       0)              
##>                                  END            10536887090 ( +0.00)     1079.30 (   +0.00)             0 (       0)           0  
##>dpopt_flatten_critical_muxes_i  START            10536887090 ( +0.00)     1079.30 (   +0.00)             0 (       0)              
##>                                  END            10536887090 ( +0.00)     1079.30 (   +0.00)             0 (       0)           0  
##>create_score                    START            10536887090 ( +0.00)     1079.30 (   +0.00)             0 (       0)              
##>                                  END            10536887090 ( +0.00)     1079.30 (   +0.00)             0 (       0)           0  
##>+------------------------------------------------------------------------------------------------------------------------------------------------------------+
Committed config: CDN_DP_region_12_0_c7
          Optimizations applied to 'very_fast' configuration:
            rewriting(0), factoring(0), sharing(0), cmultcse(0), downsizing(0), speculation(0)
CSAGen Prep Share:0 Re-Write:0 Speculation: 0
CDN_DP_region_13_0 level = 0 loads = 0 drivers = 0
MaxCSA: Successfully built Maximal CSA Expression Expr29
CDN_DP_region_13_0_c0 in Multip_366: area: 10536887090 ,dp = 1 mux = 0 sg = slow         worst_clk_period: -1.0000 
    wns: 0  norm_wns:  -1.0000 
    fail_endp: -1 
    tns:  0  tns_per_endp:  -1.0000   norm_tns_per_endp:  -1.0000 
    tns_sense_max:  -1.0000  tns_sense_avg:  -1.0000   tns_sense_num: -1
 skipped
CDN_DP_region_13_0_c1 in Multip_366: area: 10536887090 ,dp = 1 mux = 0 sg = fast         worst_clk_period: -1.0000 
    wns: 0  norm_wns:  -1.0000 
    fail_endp: -1 
    tns:  0  tns_per_endp:  -1.0000   norm_tns_per_endp:  -1.0000 
    tns_sense_max:  -1.0000  tns_sense_avg:  -1.0000   tns_sense_num: -1
 is current best
CDN_DP_region_13_0_c2 in Multip_366: area: 10536887090 ,dp = 1 mux = 0 sg = very_slow    worst_clk_period: -1.0000 
    wns: 0  norm_wns:  -1.0000 
    fail_endp: -1 
    tns:  0  tns_per_endp:  -1.0000   norm_tns_per_endp:  -1.0000 
    tns_sense_max:  -1.0000  tns_sense_avg:  -1.0000   tns_sense_num: -1
 is current best
CDN_DP_region_13_0_c3 in Multip_366: area: 10536887090 ,dp = 1 mux = 0 sg = very_fast    worst_clk_period: -1.0000 
    wns: 0  norm_wns:  -1.0000 
    fail_endp: -1 
    tns:  0  tns_per_endp:  -1.0000   norm_tns_per_endp:  -1.0000 
    tns_sense_max:  -1.0000  tns_sense_avg:  -1.0000   tns_sense_num: -1
 is current best
CDN_DP_region_13_0_c4 in Multip_366: area: 10536887090 ,dp = 1 mux = 0 sg = very_fast    worst_clk_period: -1.0000 
    wns: 0  norm_wns:  -1.0000 
    fail_endp: -1 
    tns:  0  tns_per_endp:  -1.0000   norm_tns_per_endp:  -1.0000 
    tns_sense_max:  -1.0000  tns_sense_avg:  -1.0000   tns_sense_num: -1
 is current best
CDN_DP_region_13_0_c5 in Multip_366: area: 10536887090 ,dp = 1 mux = 0 sg = very_fast    worst_clk_period: -1.0000 
    wns: 0  norm_wns:  -1.0000 
    fail_endp: -1 
    tns:  0  tns_per_endp:  -1.0000   norm_tns_per_endp:  -1.0000 
    tns_sense_max:  -1.0000  tns_sense_avg:  -1.0000   tns_sense_num: -1
 is current best
CDN_DP_region_13_0_c6 in Multip_366: area: 10536887090 ,dp = 1 mux = 0 sg = very_fast    worst_clk_period: -1.0000 
    wns: 0  norm_wns:  -1.0000 
    fail_endp: -1 
    tns:  0  tns_per_endp:  -1.0000   norm_tns_per_endp:  -1.0000 
    tns_sense_max:  -1.0000  tns_sense_avg:  -1.0000   tns_sense_num: -1
 is current best
CDN_DP_region_13_0_c7 in Multip_366: area: 10536887090 ,dp = 1 mux = 0 sg = very_fast    worst_clk_period: -1.0000 
    wns: 0  norm_wns:  -1.0000 
    fail_endp: -1 
    tns:  0  tns_per_endp:  -1.0000   norm_tns_per_endp:  -1.0000 
    tns_sense_max:  -1.0000  tns_sense_avg:  -1.0000   tns_sense_num: -1
 is current best
Best config: CDN_DP_region_13_0_c7 in Multip_366: area: 10536887090 ,dp = 1 mux = 0 sg = very_fast    worst_clk_period: -1.0000 
    wns: 0  norm_wns:  -1.0000 
    fail_endp: -1 
    tns:  0  tns_per_endp:  -1.0000   norm_tns_per_endp:  -1.0000 
    tns_sense_max:  -1.0000  tns_sense_avg:  -1.0000   tns_sense_num: -1
  Smallest config area : 10536887090.  Fastest config wns;  0
##>+----------------------------------------------------------------------------------------------------------------------------------------------------------------+
##>Summary table of configs (Best config is CDN_DP_region_13_0_c7)
##>+----------------------------------------------------------------------------------------------------------------------------------------------------------------+
##>                     0                  1                  2                  3                  4                  5                  6                  7            
##>+----------------------------------------------------------------------------------------------------------------------------------------------------------------+
##>           Area      10536887090        10536887090        10536887090        10536887090        10536887090        10536887090        10536887090        10536887090  
##>            WNS         +1070.60           +1070.60           +1070.60           +1070.60           +1070.60           +1070.60           +1070.60           +1070.60  
##>            TNS                0                  0                  0                  0                  0                  0                  0                  0  
##>    Num Rewrite                0                  0                  0                  0                  0                  0                  0                  0  
##>     Num Factor                0                  0                  0                  0                  0                  0                  0                  0  
##>      Num Share                0                  0                  0                  0                  0                  0                  0                  0  
##>   Num CmultCse                0                  0                  0                  0                  0                  0                  0                  0  
##>   Num Downsize                0                  0                  0                  0                  0                  0                  0                  0  
##>  Num Speculate                0                  0                  0                  0                  0                  0                  0                  0  
##>     Runtime(s)                0                  0                  0                  0                  0                  0                  0                  0  
+----------------------------------------------------------------------------------------------------------------------------------------------------------------+
##>
##>
##>+------------------------------------------------------------------------------------------------------------------------------------------------------------+
##>Optimization Step DEBUG Table for config CDN_DP_region_13_0_c7
##>
##>                          Step                        Area   ( % Chg)        WNS (Change)        TNS (Change)          Runtime (s)        Comment                   
##>+------------------------------------------------------------------------------------------------------------------------------------------------------------+
##>EquationExtraction              START            10536887090 (      )     1070.60 (        )             0 (        )              
##> rewrite                        START            38791333925 (+268.15)     1060.10 (  -10.50)             0 (       0)              (a,ar) Expr29_from --> Expr29_to
##>                                  END            23019649550 (-40.66)     1057.70 (   -2.40)             0 (       0)           0  
##>                                  END            10536887090 ( +0.00)     1070.60 (   +0.00)             0 (       0)           0  
##>createMaxCarrySave              START            10536887090 ( +0.00)     1070.60 (   +0.00)             0 (       0)              
##> datapath_rewrite_one_def       START            10536887090 ( +0.00)     1070.60 (   +0.00)             0 (       0)              
##>                                  END            10536887090 ( +0.00)     1070.60 (   +0.00)             0 (       0)           0  
##> csa_opto                       START            10536887090 ( +0.00)     1070.60 (   +0.00)             0 (       0)              
##>                                  END            10536887090 ( +0.00)     1070.60 (   +0.00)             0 (       0)           0  
##>                                  END            10536887090 ( +0.00)     1070.60 (   +0.00)             0 (       0)           0  
##>canonicalize_by_names           START            10536887090 ( +0.00)     1070.60 (   +0.00)             0 (       0)              
##>                                  END            10536887090 ( +0.00)     1070.60 (   +0.00)             0 (       0)           0  
##>datapath_rewrite_post_csa_one_  START            10536887090 ( +0.00)     1070.60 (   +0.00)             0 (       0)              
##>                                  END            10536887090 ( +0.00)     1070.60 (   +0.00)             0 (       0)           0  
##>datapath_csa_factoring_one_gde  START            10536887090 ( +0.00)     1070.60 (   +0.00)             0 (       0)              
##>                                  END            10536887090 ( +0.00)     1070.60 (   +0.00)             0 (       0)           0  
##>dpopt_share_one_def             START            10536887090 ( +0.00)     1070.60 (   +0.00)             0 (       0)              
##>                                  END            10536887090 ( +0.00)     1070.60 (   +0.00)             0 (       0)           0  
##>datapath_rewrite_post_share     START            10536887090 ( +0.00)     1070.60 (   +0.00)             0 (       0)              
##>                                  END            10536887090 ( +0.00)     1070.60 (   +0.00)             0 (       0)           0  
##>dp_combine_const_mult_with_com  START            10536887090 ( +0.00)     1070.60 (   +0.00)             0 (       0)              
##>                                  END            10536887090 ( +0.00)     1070.60 (   +0.00)             0 (       0)           0  
##>dp_operator_level_decompositio  START            10536887090 ( +0.00)     1070.60 (   +0.00)             0 (       0)              
##>                                  END            10536887090 ( +0.00)     1070.60 (   +0.00)             0 (       0)           0  
##>selective_flatten_dp_config     START            10536887090 ( +0.00)     1070.60 (   +0.00)             0 (       0)              
##>                                  END            10536887090 ( +0.00)     1070.60 (   +0.00)             0 (       0)           0  
##>createMaxCarrySave              START            10536887090 ( +0.00)     1070.60 (   +0.00)             0 (       0)              
##> datapath_rewrite_one_def       START            10536887090 ( +0.00)     1070.60 (   +0.00)             0 (       0)              
##>  fast_cse_elim                 START            10536887090 ( +0.00)     1070.60 (   +0.00)             0 (       0)              
##>                                  END            10536887090 ( +0.00)     1070.60 (   +0.00)             0 (       0)           0  
##>  fast_cse_elim                 START            10536887090 ( +0.00)     1070.60 (   +0.00)             0 (       0)              
##>                                  END            10536887090 ( +0.00)     1070.60 (   +0.00)             0 (       0)           0  
##>                                  END            10536887090 ( +0.00)     1070.60 (   +0.00)             0 (       0)           0  
##> csa_opto                       START            10536887090 ( +0.00)     1070.60 (   +0.00)             0 (       0)              
##>                                  END            10536887090 ( +0.00)     1070.60 (   +0.00)             0 (       0)           0  
##>                                  END            10536887090 ( +0.00)     1070.60 (   +0.00)             0 (       0)           0  
##>context_based_simplify          START            10536887090 ( +0.00)     1070.60 (   +0.00)             0 (       0)              
##>                                  END            10536887090 ( +0.00)     1070.60 (   +0.00)             0 (       0)           0  
##>group_csa_final_adder_dp        START            10536887090 ( +0.00)     1070.60 (   +0.00)             0 (       0)              
##>                                  END            10536887090 ( +0.00)     1070.60 (   +0.00)             0 (       0)           0  
##>dpopt_flatten_critical_muxes_i  START            10536887090 ( +0.00)     1070.60 (   +0.00)             0 (       0)              
##>                                  END            10536887090 ( +0.00)     1070.60 (   +0.00)             0 (       0)           0  
##>create_score                    START            10536887090 ( +0.00)     1070.60 (   +0.00)             0 (       0)              
##>                                  END            10536887090 ( +0.00)     1070.60 (   +0.00)             0 (       0)           0  
##>+------------------------------------------------------------------------------------------------------------------------------------------------------------+
Committed config: CDN_DP_region_13_0_c7
          Optimizations applied to 'very_fast' configuration:
            rewriting(0), factoring(0), sharing(0), cmultcse(0), downsizing(0), speculation(0)
CSAGen Prep Share:0 Re-Write:0 Speculation: 0
CDN_DP_region_14_0 level = 0 loads = 0 drivers = 0
MaxCSA: Successfully built Maximal CSA Expression Expr30
CDN_DP_region_14_0_c0 in Multip_367: area: 10536887090 ,dp = 1 mux = 0 sg = slow         worst_clk_period: -1.0000 
    wns: 0  norm_wns:  -1.0000 
    fail_endp: -1 
    tns:  0  tns_per_endp:  -1.0000   norm_tns_per_endp:  -1.0000 
    tns_sense_max:  -1.0000  tns_sense_avg:  -1.0000   tns_sense_num: -1
 skipped
CDN_DP_region_14_0_c1 in Multip_367: area: 10536887090 ,dp = 1 mux = 0 sg = fast         worst_clk_period: -1.0000 
    wns: 0  norm_wns:  -1.0000 
    fail_endp: -1 
    tns:  0  tns_per_endp:  -1.0000   norm_tns_per_endp:  -1.0000 
    tns_sense_max:  -1.0000  tns_sense_avg:  -1.0000   tns_sense_num: -1
 is current best
CDN_DP_region_14_0_c2 in Multip_367: area: 10536887090 ,dp = 1 mux = 0 sg = very_slow    worst_clk_period: -1.0000 
    wns: 0  norm_wns:  -1.0000 
    fail_endp: -1 
    tns:  0  tns_per_endp:  -1.0000   norm_tns_per_endp:  -1.0000 
    tns_sense_max:  -1.0000  tns_sense_avg:  -1.0000   tns_sense_num: -1
 is current best
CDN_DP_region_14_0_c3 in Multip_367: area: 10536887090 ,dp = 1 mux = 0 sg = very_fast    worst_clk_period: -1.0000 
    wns: 0  norm_wns:  -1.0000 
    fail_endp: -1 
    tns:  0  tns_per_endp:  -1.0000   norm_tns_per_endp:  -1.0000 
    tns_sense_max:  -1.0000  tns_sense_avg:  -1.0000   tns_sense_num: -1
 is current best
CDN_DP_region_14_0_c4 in Multip_367: area: 10536887090 ,dp = 1 mux = 0 sg = very_fast    worst_clk_period: -1.0000 
    wns: 0  norm_wns:  -1.0000 
    fail_endp: -1 
    tns:  0  tns_per_endp:  -1.0000   norm_tns_per_endp:  -1.0000 
    tns_sense_max:  -1.0000  tns_sense_avg:  -1.0000   tns_sense_num: -1
 is current best
CDN_DP_region_14_0_c5 in Multip_367: area: 10536887090 ,dp = 1 mux = 0 sg = very_fast    worst_clk_period: -1.0000 
    wns: 0  norm_wns:  -1.0000 
    fail_endp: -1 
    tns:  0  tns_per_endp:  -1.0000   norm_tns_per_endp:  -1.0000 
    tns_sense_max:  -1.0000  tns_sense_avg:  -1.0000   tns_sense_num: -1
 is current best
CDN_DP_region_14_0_c6 in Multip_367: area: 10536887090 ,dp = 1 mux = 0 sg = very_fast    worst_clk_period: -1.0000 
    wns: 0  norm_wns:  -1.0000 
    fail_endp: -1 
    tns:  0  tns_per_endp:  -1.0000   norm_tns_per_endp:  -1.0000 
    tns_sense_max:  -1.0000  tns_sense_avg:  -1.0000   tns_sense_num: -1
 is current best
CDN_DP_region_14_0_c7 in Multip_367: area: 10536887090 ,dp = 1 mux = 0 sg = very_fast    worst_clk_period: -1.0000 
    wns: 0  norm_wns:  -1.0000 
    fail_endp: -1 
    tns:  0  tns_per_endp:  -1.0000   norm_tns_per_endp:  -1.0000 
    tns_sense_max:  -1.0000  tns_sense_avg:  -1.0000   tns_sense_num: -1
 is current best
Best config: CDN_DP_region_14_0_c7 in Multip_367: area: 10536887090 ,dp = 1 mux = 0 sg = very_fast    worst_clk_period: -1.0000 
    wns: 0  norm_wns:  -1.0000 
    fail_endp: -1 
    tns:  0  tns_per_endp:  -1.0000   norm_tns_per_endp:  -1.0000 
    tns_sense_max:  -1.0000  tns_sense_avg:  -1.0000   tns_sense_num: -1
  Smallest config area : 10536887090.  Fastest config wns;  0
##>+----------------------------------------------------------------------------------------------------------------------------------------------------------------+
##>Summary table of configs (Best config is CDN_DP_region_14_0_c7)
##>+----------------------------------------------------------------------------------------------------------------------------------------------------------------+
##>                     0                  1                  2                  3                  4                  5                  6                  7            
##>+----------------------------------------------------------------------------------------------------------------------------------------------------------------+
##>           Area      10536887090        10536887090        10536887090        10536887090        10536887090        10536887090        10536887090        10536887090  
##>            WNS         +1079.30           +1079.30           +1079.30           +1079.30           +1079.30           +1079.30           +1079.30           +1079.30  
##>            TNS                0                  0                  0                  0                  0                  0                  0                  0  
##>    Num Rewrite                0                  0                  0                  0                  0                  0                  0                  0  
##>     Num Factor                0                  0                  0                  0                  0                  0                  0                  0  
##>      Num Share                0                  0                  0                  0                  0                  0                  0                  0  
##>   Num CmultCse                0                  0                  0                  0                  0                  0                  0                  0  
##>   Num Downsize                0                  0                  0                  0                  0                  0                  0                  0  
##>  Num Speculate                0                  0                  0                  0                  0                  0                  0                  0  
##>     Runtime(s)                0                  0                  0                  0                  0                  0                  0                  0  
+----------------------------------------------------------------------------------------------------------------------------------------------------------------+
##>
##>
##>+------------------------------------------------------------------------------------------------------------------------------------------------------------+
##>Optimization Step DEBUG Table for config CDN_DP_region_14_0_c7
##>
##>                          Step                        Area   ( % Chg)        WNS (Change)        TNS (Change)          Runtime (s)        Comment                   
##>+------------------------------------------------------------------------------------------------------------------------------------------------------------+
##>EquationExtraction              START            10536887090 (      )     1079.30 (        )             0 (        )              
##> rewrite                        START            38791333925 (+268.15)     1068.80 (  -10.50)             0 (       0)              (a,ar) Expr30_from --> Expr30_to
##>                                  END            23019649550 (-40.66)     1066.40 (   -2.40)             0 (       0)           0  
##>                                  END            10536887090 ( +0.00)     1079.30 (   +0.00)             0 (       0)           0  
##>createMaxCarrySave              START            10536887090 ( +0.00)     1079.30 (   +0.00)             0 (       0)              
##> datapath_rewrite_one_def       START            10536887090 ( +0.00)     1079.30 (   +0.00)             0 (       0)              
##>                                  END            10536887090 ( +0.00)     1079.30 (   +0.00)             0 (       0)           0  
##> csa_opto                       START            10536887090 ( +0.00)     1079.30 (   +0.00)             0 (       0)              
##>                                  END            10536887090 ( +0.00)     1079.30 (   +0.00)             0 (       0)           0  
##>                                  END            10536887090 ( +0.00)     1079.30 (   +0.00)             0 (       0)           0  
##>canonicalize_by_names           START            10536887090 ( +0.00)     1079.30 (   +0.00)             0 (       0)              
##>                                  END            10536887090 ( +0.00)     1079.30 (   +0.00)             0 (       0)           0  
##>datapath_rewrite_post_csa_one_  START            10536887090 ( +0.00)     1079.30 (   +0.00)             0 (       0)              
##>                                  END            10536887090 ( +0.00)     1079.30 (   +0.00)             0 (       0)           0  
##>datapath_csa_factoring_one_gde  START            10536887090 ( +0.00)     1079.30 (   +0.00)             0 (       0)              
##>                                  END            10536887090 ( +0.00)     1079.30 (   +0.00)             0 (       0)           0  
##>dpopt_share_one_def             START            10536887090 ( +0.00)     1079.30 (   +0.00)             0 (       0)              
##>                                  END            10536887090 ( +0.00)     1079.30 (   +0.00)             0 (       0)           0  
##>datapath_rewrite_post_share     START            10536887090 ( +0.00)     1079.30 (   +0.00)             0 (       0)              
##>                                  END            10536887090 ( +0.00)     1079.30 (   +0.00)             0 (       0)           0  
##>dp_combine_const_mult_with_com  START            10536887090 ( +0.00)     1079.30 (   +0.00)             0 (       0)              
##>                                  END            10536887090 ( +0.00)     1079.30 (   +0.00)             0 (       0)           0  
##>dp_operator_level_decompositio  START            10536887090 ( +0.00)     1079.30 (   +0.00)             0 (       0)              
##>                                  END            10536887090 ( +0.00)     1079.30 (   +0.00)             0 (       0)           0  
##>selective_flatten_dp_config     START            10536887090 ( +0.00)     1079.30 (   +0.00)             0 (       0)              
##>                                  END            10536887090 ( +0.00)     1079.30 (   +0.00)             0 (       0)           0  
##>createMaxCarrySave              START            10536887090 ( +0.00)     1079.30 (   +0.00)             0 (       0)              
##> datapath_rewrite_one_def       START            10536887090 ( +0.00)     1079.30 (   +0.00)             0 (       0)              
##>  fast_cse_elim                 START            10536887090 ( +0.00)     1079.30 (   +0.00)             0 (       0)              
##>                                  END            10536887090 ( +0.00)     1079.30 (   +0.00)             0 (       0)           0  
##>  fast_cse_elim                 START            10536887090 ( +0.00)     1079.30 (   +0.00)             0 (       0)              
##>                                  END            10536887090 ( +0.00)     1079.30 (   +0.00)             0 (       0)           0  
##>                                  END            10536887090 ( +0.00)     1079.30 (   +0.00)             0 (       0)           0  
##> csa_opto                       START            10536887090 ( +0.00)     1079.30 (   +0.00)             0 (       0)              
##>                                  END            10536887090 ( +0.00)     1079.30 (   +0.00)             0 (       0)           0  
##>                                  END            10536887090 ( +0.00)     1079.30 (   +0.00)             0 (       0)           0  
##>context_based_simplify          START            10536887090 ( +0.00)     1079.30 (   +0.00)             0 (       0)              
##>                                  END            10536887090 ( +0.00)     1079.30 (   +0.00)             0 (       0)           0  
##>group_csa_final_adder_dp        START            10536887090 ( +0.00)     1079.30 (   +0.00)             0 (       0)              
##>                                  END            10536887090 ( +0.00)     1079.30 (   +0.00)             0 (       0)           0  
##>dpopt_flatten_critical_muxes_i  START            10536887090 ( +0.00)     1079.30 (   +0.00)             0 (       0)              
##>                                  END            10536887090 ( +0.00)     1079.30 (   +0.00)             0 (       0)           0  
##>create_score                    START            10536887090 ( +0.00)     1079.30 (   +0.00)             0 (       0)              
##>                                  END            10536887090 ( +0.00)     1079.30 (   +0.00)             0 (       0)           0  
##>+------------------------------------------------------------------------------------------------------------------------------------------------------------+
Committed config: CDN_DP_region_14_0_c7
          Optimizations applied to 'very_fast' configuration:
            rewriting(0), factoring(0), sharing(0), cmultcse(0), downsizing(0), speculation(0)
CSAGen Prep Share:0 Re-Write:0 Speculation: 0
CDN_DP_region_0_10 level = 0 loads = 0 drivers = 0
MaxCSA: Successfully built Maximal CSA Expression Expr31
CDN_DP_region_0_10_c0 in Conv: area: 11215420 ,dp = 1 mux = 0 sg = slow         worst_clk_period: -1.0000 
    wns: 0  norm_wns:  -1.0000 
    fail_endp: -1 
    tns:  0  tns_per_endp:  -1.0000   norm_tns_per_endp:  -1.0000 
    tns_sense_max:  -1.0000  tns_sense_avg:  -1.0000   tns_sense_num: -1
 skipped
CDN_DP_region_0_10_c1 in Conv: area: 8411565 ,dp = 1 mux = 0 sg = fast         worst_clk_period: -1.0000 
    wns: 0  norm_wns:  -1.0000 
    fail_endp: -1 
    tns:  0  tns_per_endp:  -1.0000   norm_tns_per_endp:  -1.0000 
    tns_sense_max:  -1.0000  tns_sense_avg:  -1.0000   tns_sense_num: -1
 is current best
CDN_DP_region_0_10_c2 in Conv: area: 8411565 ,dp = 1 mux = 0 sg = very_slow    worst_clk_period: -1.0000 
    wns: 0  norm_wns:  -1.0000 
    fail_endp: -1 
    tns:  0  tns_per_endp:  -1.0000   norm_tns_per_endp:  -1.0000 
    tns_sense_max:  -1.0000  tns_sense_avg:  -1.0000   tns_sense_num: -1
 is current best
CDN_DP_region_0_10_c3 in Conv: area: 8411565 ,dp = 1 mux = 0 sg = very_fast    worst_clk_period: -1.0000 
    wns: 0  norm_wns:  -1.0000 
    fail_endp: -1 
    tns:  0  tns_per_endp:  -1.0000   norm_tns_per_endp:  -1.0000 
    tns_sense_max:  -1.0000  tns_sense_avg:  -1.0000   tns_sense_num: -1
 is current best
CDN_DP_region_0_10_c4 in Conv: area: 8411565 ,dp = 1 mux = 0 sg = very_fast    worst_clk_period: -1.0000 
    wns: 0  norm_wns:  -1.0000 
    fail_endp: -1 
    tns:  0  tns_per_endp:  -1.0000   norm_tns_per_endp:  -1.0000 
    tns_sense_max:  -1.0000  tns_sense_avg:  -1.0000   tns_sense_num: -1
 is current best
CDN_DP_region_0_10_c5 in Conv: area: 8411565 ,dp = 1 mux = 0 sg = very_fast    worst_clk_period: -1.0000 
    wns: 0  norm_wns:  -1.0000 
    fail_endp: -1 
    tns:  0  tns_per_endp:  -1.0000   norm_tns_per_endp:  -1.0000 
    tns_sense_max:  -1.0000  tns_sense_avg:  -1.0000   tns_sense_num: -1
 is current best
CDN_DP_region_0_10_c6 in Conv: area: 8411565 ,dp = 1 mux = 0 sg = very_fast    worst_clk_period: -1.0000 
    wns: 0  norm_wns:  -1.0000 
    fail_endp: -1 
    tns:  0  tns_per_endp:  -1.0000   norm_tns_per_endp:  -1.0000 
    tns_sense_max:  -1.0000  tns_sense_avg:  -1.0000   tns_sense_num: -1
 is current best
CDN_DP_region_0_10_c7 in Conv: area: 8411565 ,dp = 1 mux = 0 sg = very_fast    worst_clk_period: -1.0000 
    wns: 0  norm_wns:  -1.0000 
    fail_endp: -1 
    tns:  0  tns_per_endp:  -1.0000   norm_tns_per_endp:  -1.0000 
    tns_sense_max:  -1.0000  tns_sense_avg:  -1.0000   tns_sense_num: -1
 is current best
Best config: CDN_DP_region_0_10_c7 in Conv: area: 8411565 ,dp = 1 mux = 0 sg = very_fast    worst_clk_period: -1.0000 
    wns: 0  norm_wns:  -1.0000 
    fail_endp: -1 
    tns:  0  tns_per_endp:  -1.0000   norm_tns_per_endp:  -1.0000 
    tns_sense_max:  -1.0000  tns_sense_avg:  -1.0000   tns_sense_num: -1
  Smallest config area : 8411565.  Fastest config wns;  0
##>+----------------------------------------------------------------------------------------------------------------------------------------------------------------+
##>Summary table of configs (Best config is CDN_DP_region_0_10_c7)
##>+----------------------------------------------------------------------------------------------------------------------------------------------------------------+
##>                     0                  1                  2                  3                  4                  5                  6                  7            
##>+----------------------------------------------------------------------------------------------------------------------------------------------------------------+
##>           Area         11215420            8411565            8411565            8411565            8411565            8411565            8411565            8411565  
##>            WNS          +922.50            +922.50            +922.50            +922.50            +922.50            +922.50            +922.50            +922.50  
##>            TNS                0                  0                  0                  0                  0                  0                  0                  0  
##>    Num Rewrite                0                  0                  0                  0                  0                  0                  0                  0  
##>     Num Factor                0                  0                  0                  0                  0                  0                  0                  0  
##>      Num Share                0                  0                  0                  0                  0                  0                  0                  0  
##>   Num CmultCse                0                  0                  0                  0                  0                  0                  0                  0  
##>   Num Downsize                0                  0                  0                  0                  0                  0                  0                  0  
##>  Num Speculate                0                  0                  0                  0                  0                  0                  0                  0  
##>     Runtime(s)                0                  0                  0                  0                  0                  0                  0                  0  
+----------------------------------------------------------------------------------------------------------------------------------------------------------------+
##>
##>
##>+------------------------------------------------------------------------------------------------------------------------------------------------------------+
##>Optimization Step DEBUG Table for config CDN_DP_region_0_10_c7
##>
##>                          Step                        Area   ( % Chg)        WNS (Change)        TNS (Change)          Runtime (s)        Comment                   
##>+------------------------------------------------------------------------------------------------------------------------------------------------------------+
##>EquationExtraction              START               11215420 (      )      922.50 (        )             0 (        )              
##> rewrite                        START               25234695 (+125.00)      919.50 (   -3.00)             0 (       0)              (a,ar) Expr31_from --> Expr31_to
##>                                  END               56077100 (+122.22)      919.50 (   +0.00)             0 (       0)           0  
##>                                  END               11215420 ( +0.00)      922.50 (   +0.00)             0 (       0)           0  
##>createMaxCarrySave              START               11215420 ( +0.00)      922.50 (   +0.00)             0 (       0)              
##> datapath_rewrite_one_def       START               11215420 ( +0.00)      922.50 (   +0.00)             0 (       0)              
##>                                  END               11215420 ( +0.00)      922.50 (   +0.00)             0 (       0)           0  
##> csa_opto                       START               11215420 ( +0.00)      922.50 (   +0.00)             0 (       0)              
##>                                  END               19626985 (+75.00)      922.50 (   +0.00)             0 (       0)           0  
##>                                  END               19626985 (+75.00)      922.50 (   +0.00)             0 (       0)           0  
##>canonicalize_by_names           START               19626985 ( +0.00)      922.50 (   +0.00)             0 (       0)              
##>                                  END               19626985 ( +0.00)      922.50 (   +0.00)             0 (       0)           0  
##>datapath_rewrite_post_csa_one_  START               19626985 ( +0.00)      922.50 (   +0.00)             0 (       0)              
##>                                  END               19626985 ( +0.00)      922.50 (   +0.00)             0 (       0)           0  
##>datapath_csa_factoring_one_gde  START               19626985 ( +0.00)      922.50 (   +0.00)             0 (       0)              
##>                                  END               19626985 ( +0.00)      922.50 (   +0.00)             0 (       0)           0  
##>dpopt_share_one_def             START               19626985 ( +0.00)      922.50 (   +0.00)             0 (       0)              
##>                                  END               19626985 ( +0.00)      922.50 (   +0.00)             0 (       0)           0  
##>datapath_rewrite_post_share     START               19626985 ( +0.00)      922.50 (   +0.00)             0 (       0)              
##>                                  END               19626985 ( +0.00)      922.50 (   +0.00)             0 (       0)           0  
##>dp_combine_const_mult_with_com  START               19626985 ( +0.00)      922.50 (   +0.00)             0 (       0)              
##>                                  END               19626985 ( +0.00)      922.50 (   +0.00)             0 (       0)           0  
##>dp_operator_level_decompositio  START               19626985 ( +0.00)      922.50 (   +0.00)             0 (       0)              
##>                                  END               19626985 ( +0.00)      922.50 (   +0.00)             0 (       0)           0  
##>selective_flatten_dp_config     START               19626985 ( +0.00)      922.50 (   +0.00)             0 (       0)              
##>                                  END               19626985 ( +0.00)      922.50 (   +0.00)             0 (       0)           0  
##>createMaxCarrySave              START               19626985 ( +0.00)      922.50 (   +0.00)             0 (       0)              
##> datapath_rewrite_one_def       START               19626985 ( +0.00)      922.50 (   +0.00)             0 (       0)              
##>  fast_cse_elim                 START               19626985 ( +0.00)      922.50 (   +0.00)             0 (       0)              
##>                                  END               19626985 ( +0.00)      922.50 (   +0.00)             0 (       0)           0  
##>  fast_cse_elim                 START               19626985 ( +0.00)      922.50 (   +0.00)             0 (       0)              
##>                                  END               19626985 ( +0.00)      922.50 (   +0.00)             0 (       0)           0  
##>                                  END               19626985 ( +0.00)      922.50 (   +0.00)             0 (       0)           0  
##> csa_opto                       START               19626985 ( +0.00)      922.50 (   +0.00)             0 (       0)              
##>                                  END               19626985 ( +0.00)      922.50 (   +0.00)             0 (       0)           0  
##>                                  END               19626985 ( +0.00)      922.50 (   +0.00)             0 (       0)           0  
##>context_based_simplify          START                8411565 (-57.14)      922.50 (   +0.00)             0 (       0)              
##>                                  END                8411565 ( +0.00)      922.50 (   +0.00)             0 (       0)           0  
##>group_csa_final_adder_dp        START                8411565 ( +0.00)      922.50 (   +0.00)             0 (       0)              
##>                                  END                8411565 ( +0.00)      922.50 (   +0.00)             0 (       0)           0  
##>dpopt_flatten_critical_muxes_i  START                8411565 ( +0.00)      922.50 (   +0.00)             0 (       0)              
##>                                  END                8411565 ( +0.00)      922.50 (   +0.00)             0 (       0)           0  
##>create_score                    START                8411565 ( +0.00)      922.50 (   +0.00)             0 (       0)              
##>                                  END                8411565 ( +0.00)      922.50 (   +0.00)             0 (       0)           0  
##>+------------------------------------------------------------------------------------------------------------------------------------------------------------+
Committed config: CDN_DP_region_0_10_c7
          Optimizations applied to 'very_fast' configuration:
            rewriting(0), factoring(0), sharing(0), cmultcse(0), downsizing(0), speculation(0)
CSAGen Prep Share:0 Re-Write:0 Speculation: 0
CDN_DP_region_0_9 level = 0 loads = 0 drivers = 0
MaxCSA: Successfully built Maximal CSA Expression Expr32
CDN_DP_region_0_9_c0 in Conv: area: 11215420 ,dp = 1 mux = 0 sg = slow         worst_clk_period: -1.0000 
    wns: 0  norm_wns:  -1.0000 
    fail_endp: -1 
    tns:  0  tns_per_endp:  -1.0000   norm_tns_per_endp:  -1.0000 
    tns_sense_max:  -1.0000  tns_sense_avg:  -1.0000   tns_sense_num: -1
 skipped
CDN_DP_region_0_9_c1 in Conv: area: 8411565 ,dp = 1 mux = 0 sg = fast         worst_clk_period: -1.0000 
    wns: 0  norm_wns:  -1.0000 
    fail_endp: -1 
    tns:  0  tns_per_endp:  -1.0000   norm_tns_per_endp:  -1.0000 
    tns_sense_max:  -1.0000  tns_sense_avg:  -1.0000   tns_sense_num: -1
 is current best
CDN_DP_region_0_9_c2 in Conv: area: 8411565 ,dp = 1 mux = 0 sg = very_slow    worst_clk_period: -1.0000 
    wns: 0  norm_wns:  -1.0000 
    fail_endp: -1 
    tns:  0  tns_per_endp:  -1.0000   norm_tns_per_endp:  -1.0000 
    tns_sense_max:  -1.0000  tns_sense_avg:  -1.0000   tns_sense_num: -1
 is current best
CDN_DP_region_0_9_c3 in Conv: area: 8411565 ,dp = 1 mux = 0 sg = very_fast    worst_clk_period: -1.0000 
    wns: 0  norm_wns:  -1.0000 
    fail_endp: -1 
    tns:  0  tns_per_endp:  -1.0000   norm_tns_per_endp:  -1.0000 
    tns_sense_max:  -1.0000  tns_sense_avg:  -1.0000   tns_sense_num: -1
 is current best
CDN_DP_region_0_9_c4 in Conv: area: 8411565 ,dp = 1 mux = 0 sg = very_fast    worst_clk_period: -1.0000 
    wns: 0  norm_wns:  -1.0000 
    fail_endp: -1 
    tns:  0  tns_per_endp:  -1.0000   norm_tns_per_endp:  -1.0000 
    tns_sense_max:  -1.0000  tns_sense_avg:  -1.0000   tns_sense_num: -1
 is current best
CDN_DP_region_0_9_c5 in Conv: area: 8411565 ,dp = 1 mux = 0 sg = very_fast    worst_clk_period: -1.0000 
    wns: 0  norm_wns:  -1.0000 
    fail_endp: -1 
    tns:  0  tns_per_endp:  -1.0000   norm_tns_per_endp:  -1.0000 
    tns_sense_max:  -1.0000  tns_sense_avg:  -1.0000   tns_sense_num: -1
 is current best
CDN_DP_region_0_9_c6 in Conv: area: 8411565 ,dp = 1 mux = 0 sg = very_fast    worst_clk_period: -1.0000 
    wns: 0  norm_wns:  -1.0000 
    fail_endp: -1 
    tns:  0  tns_per_endp:  -1.0000   norm_tns_per_endp:  -1.0000 
    tns_sense_max:  -1.0000  tns_sense_avg:  -1.0000   tns_sense_num: -1
 is current best
CDN_DP_region_0_9_c7 in Conv: area: 8411565 ,dp = 1 mux = 0 sg = very_fast    worst_clk_period: -1.0000 
    wns: 0  norm_wns:  -1.0000 
    fail_endp: -1 
    tns:  0  tns_per_endp:  -1.0000   norm_tns_per_endp:  -1.0000 
    tns_sense_max:  -1.0000  tns_sense_avg:  -1.0000   tns_sense_num: -1
 is current best
Best config: CDN_DP_region_0_9_c7 in Conv: area: 8411565 ,dp = 1 mux = 0 sg = very_fast    worst_clk_period: -1.0000 
    wns: 0  norm_wns:  -1.0000 
    fail_endp: -1 
    tns:  0  tns_per_endp:  -1.0000   norm_tns_per_endp:  -1.0000 
    tns_sense_max:  -1.0000  tns_sense_avg:  -1.0000   tns_sense_num: -1
  Smallest config area : 8411565.  Fastest config wns;  0
##>+----------------------------------------------------------------------------------------------------------------------------------------------------------------+
##>Summary table of configs (Best config is CDN_DP_region_0_9_c7)
##>+----------------------------------------------------------------------------------------------------------------------------------------------------------------+
##>                     0                  1                  2                  3                  4                  5                  6                  7            
##>+----------------------------------------------------------------------------------------------------------------------------------------------------------------+
##>           Area         11215420            8411565            8411565            8411565            8411565            8411565            8411565            8411565  
##>            WNS         +1874.20           +1874.20           +1874.20           +1874.20           +1874.20           +1874.20           +1874.20           +1874.20  
##>            TNS                0                  0                  0                  0                  0                  0                  0                  0  
##>    Num Rewrite                0                  0                  0                  0                  0                  0                  0                  0  
##>     Num Factor                0                  0                  0                  0                  0                  0                  0                  0  
##>      Num Share                0                  0                  0                  0                  0                  0                  0                  0  
##>   Num CmultCse                0                  0                  0                  0                  0                  0                  0                  0  
##>   Num Downsize                0                  0                  0                  0                  0                  0                  0                  0  
##>  Num Speculate                0                  0                  0                  0                  0                  0                  0                  0  
##>     Runtime(s)                0                  0                  0                  0                  0                  0                  0                  0  
+----------------------------------------------------------------------------------------------------------------------------------------------------------------+
##>
##>
##>+------------------------------------------------------------------------------------------------------------------------------------------------------------+
##>Optimization Step DEBUG Table for config CDN_DP_region_0_9_c7
##>
##>                          Step                        Area   ( % Chg)        WNS (Change)        TNS (Change)          Runtime (s)        Comment                   
##>+------------------------------------------------------------------------------------------------------------------------------------------------------------+
##>EquationExtraction              START               11215420 (      )     1874.20 (        )             0 (        )              
##> rewrite                        START               25234695 (+125.00)     1870.90 (   -3.30)             0 (       0)              (a,ar) Expr32_from --> Expr32_to
##>                                  END               56077100 (+122.22)     1870.90 (   +0.00)             0 (       0)           0  
##>                                  END               11215420 ( +0.00)     1874.20 (   +0.00)             0 (       0)           0  
##>createMaxCarrySave              START               11215420 ( +0.00)     1874.20 (   +0.00)             0 (       0)              
##> datapath_rewrite_one_def       START               11215420 ( +0.00)     1874.20 (   +0.00)             0 (       0)              
##>                                  END               11215420 ( +0.00)     1874.20 (   +0.00)             0 (       0)           0  
##> csa_opto                       START               11215420 ( +0.00)     1874.20 (   +0.00)             0 (       0)              
##>                                  END               19626985 (+75.00)     1874.20 (   +0.00)             0 (       0)           0  
##>                                  END               19626985 (+75.00)     1874.20 (   +0.00)             0 (       0)           0  
##>canonicalize_by_names           START               19626985 ( +0.00)     1874.20 (   +0.00)             0 (       0)              
##>                                  END               19626985 ( +0.00)     1874.20 (   +0.00)             0 (       0)           0  
##>datapath_rewrite_post_csa_one_  START               19626985 ( +0.00)     1874.20 (   +0.00)             0 (       0)              
##>                                  END               19626985 ( +0.00)     1874.20 (   +0.00)             0 (       0)           0  
##>datapath_csa_factoring_one_gde  START               19626985 ( +0.00)     1874.20 (   +0.00)             0 (       0)              
##>                                  END               19626985 ( +0.00)     1874.20 (   +0.00)             0 (       0)           0  
##>dpopt_share_one_def             START               19626985 ( +0.00)     1874.20 (   +0.00)             0 (       0)              
##>                                  END               19626985 ( +0.00)     1874.20 (   +0.00)             0 (       0)           0  
##>datapath_rewrite_post_share     START               19626985 ( +0.00)     1874.20 (   +0.00)             0 (       0)              
##>                                  END               19626985 ( +0.00)     1874.20 (   +0.00)             0 (       0)           0  
##>dp_combine_const_mult_with_com  START               19626985 ( +0.00)     1874.20 (   +0.00)             0 (       0)              
##>                                  END               19626985 ( +0.00)     1874.20 (   +0.00)             0 (       0)           0  
##>dp_operator_level_decompositio  START               19626985 ( +0.00)     1874.20 (   +0.00)             0 (       0)              
##>                                  END               19626985 ( +0.00)     1874.20 (   +0.00)             0 (       0)           0  
##>selective_flatten_dp_config     START               19626985 ( +0.00)     1874.20 (   +0.00)             0 (       0)              
##>                                  END               19626985 ( +0.00)     1874.20 (   +0.00)             0 (       0)           0  
##>createMaxCarrySave              START               19626985 ( +0.00)     1874.20 (   +0.00)             0 (       0)              
##> datapath_rewrite_one_def       START               19626985 ( +0.00)     1874.20 (   +0.00)             0 (       0)              
##>  fast_cse_elim                 START               19626985 ( +0.00)     1874.20 (   +0.00)             0 (       0)              
##>                                  END               19626985 ( +0.00)     1874.20 (   +0.00)             0 (       0)           0  
##>  fast_cse_elim                 START               19626985 ( +0.00)     1874.20 (   +0.00)             0 (       0)              
##>                                  END               19626985 ( +0.00)     1874.20 (   +0.00)             0 (       0)           0  
##>                                  END               19626985 ( +0.00)     1874.20 (   +0.00)             0 (       0)           0  
##> csa_opto                       START               19626985 ( +0.00)     1874.20 (   +0.00)             0 (       0)              
##>                                  END               19626985 ( +0.00)     1874.20 (   +0.00)             0 (       0)           0  
##>                                  END               19626985 ( +0.00)     1874.20 (   +0.00)             0 (       0)           0  
##>context_based_simplify          START                8411565 (-57.14)     1874.20 (   +0.00)             0 (       0)              
##>                                  END                8411565 ( +0.00)     1874.20 (   +0.00)             0 (       0)           0  
##>group_csa_final_adder_dp        START                8411565 ( +0.00)     1874.20 (   +0.00)             0 (       0)              
##>                                  END                8411565 ( +0.00)     1874.20 (   +0.00)             0 (       0)           0  
##>dpopt_flatten_critical_muxes_i  START                8411565 ( +0.00)     1874.20 (   +0.00)             0 (       0)              
##>                                  END                8411565 ( +0.00)     1874.20 (   +0.00)             0 (       0)           0  
##>create_score                    START                8411565 ( +0.00)     1874.20 (   +0.00)             0 (       0)              
##>                                  END                8411565 ( +0.00)     1874.20 (   +0.00)             0 (       0)           0  
##>+------------------------------------------------------------------------------------------------------------------------------------------------------------+
Committed config: CDN_DP_region_0_9_c7
          Optimizations applied to 'very_fast' configuration:
            rewriting(0), factoring(0), sharing(0), cmultcse(0), downsizing(0), speculation(0)
CSAGen Prep Share:0 Re-Write:0 Speculation: 0
MaxCSA: Successfully built Maximal CSA Expression Expr33
CDN_DP_region_0_8 level = 0 loads = 0 drivers = 0
CDN_DP_region_0_8_c0 in Conv: area: 25234695 ,dp = 2 mux = 0 sg = slow         worst_clk_period: -1.0000 
    wns: 0  norm_wns:  -1.0000 
    fail_endp: -1 
    tns:  0  tns_per_endp:  -1.0000   norm_tns_per_endp:  -1.0000 
    tns_sense_max:  -1.0000  tns_sense_avg:  -1.0000   tns_sense_num: -1
 skipped
CDN_DP_region_0_8_c1 in Conv: area: 16823130 ,dp = 2 mux = 0 sg = fast         worst_clk_period: -1.0000 
    wns: 0  norm_wns:  -1.0000 
    fail_endp: -1 
    tns:  0  tns_per_endp:  -1.0000   norm_tns_per_endp:  -1.0000 
    tns_sense_max:  -1.0000  tns_sense_avg:  -1.0000   tns_sense_num: -1
 is current best
CDN_DP_region_0_8_c2 in Conv: area: 16823130 ,dp = 2 mux = 0 sg = very_slow    worst_clk_period: -1.0000 
    wns: 0  norm_wns:  -1.0000 
    fail_endp: -1 
    tns:  0  tns_per_endp:  -1.0000   norm_tns_per_endp:  -1.0000 
    tns_sense_max:  -1.0000  tns_sense_avg:  -1.0000   tns_sense_num: -1
 is current best
CDN_DP_region_0_8_c3 in Conv: area: 16823130 ,dp = 2 mux = 0 sg = very_fast    worst_clk_period: -1.0000 
    wns: 0  norm_wns:  -1.0000 
    fail_endp: -1 
    tns:  0  tns_per_endp:  -1.0000   norm_tns_per_endp:  -1.0000 
    tns_sense_max:  -1.0000  tns_sense_avg:  -1.0000   tns_sense_num: -1
 is current best
CDN_DP_region_0_8_c4 in Conv: area: 16823130 ,dp = 2 mux = 0 sg = very_fast    worst_clk_period: -1.0000 
    wns: 0  norm_wns:  -1.0000 
    fail_endp: -1 
    tns:  0  tns_per_endp:  -1.0000   norm_tns_per_endp:  -1.0000 
    tns_sense_max:  -1.0000  tns_sense_avg:  -1.0000   tns_sense_num: -1
 is current best
CDN_DP_region_0_8_c5 in Conv: area: 16823130 ,dp = 2 mux = 0 sg = very_fast    worst_clk_period: -1.0000 
    wns: 0  norm_wns:  -1.0000 
    fail_endp: -1 
    tns:  0  tns_per_endp:  -1.0000   norm_tns_per_endp:  -1.0000 
    tns_sense_max:  -1.0000  tns_sense_avg:  -1.0000   tns_sense_num: -1
 is current best
CDN_DP_region_0_8_c6 in Conv: area: 16823130 ,dp = 2 mux = 0 sg = very_fast    worst_clk_period: -1.0000 
    wns: 0  norm_wns:  -1.0000 
    fail_endp: -1 
    tns:  0  tns_per_endp:  -1.0000   norm_tns_per_endp:  -1.0000 
    tns_sense_max:  -1.0000  tns_sense_avg:  -1.0000   tns_sense_num: -1
 is current best
CDN_DP_region_0_8_c7 in Conv: area: 30842405 ,dp = 2 mux = 0 sg = very_fast    worst_clk_period: -1.0000 
    wns: 0  norm_wns:  -1.0000 
    fail_endp: -1 
    tns:  0  tns_per_endp:  -1.0000   norm_tns_per_endp:  -1.0000 
    tns_sense_max:  -1.0000  tns_sense_avg:  -1.0000   tns_sense_num: -1

Best config: CDN_DP_region_0_8_c6 in Conv: area: 16823130 ,dp = 2 mux = 0 sg = very_fast    worst_clk_period: -1.0000 
    wns: 0  norm_wns:  -1.0000 
    fail_endp: -1 
    tns:  0  tns_per_endp:  -1.0000   norm_tns_per_endp:  -1.0000 
    tns_sense_max:  -1.0000  tns_sense_avg:  -1.0000   tns_sense_num: -1
  Smallest config area : 16823130.  Fastest config wns;  0
##>+----------------------------------------------------------------------------------------------------------------------------------------------------------------+
##>Summary table of configs (Best config is CDN_DP_region_0_8_c6)
##>+----------------------------------------------------------------------------------------------------------------------------------------------------------------+
##>                     0                  1                  2                  3                  4                  5                  6                  7            
##>+----------------------------------------------------------------------------------------------------------------------------------------------------------------+
##>           Area         25234695           16823130           16823130           16823130           16823130           16823130           16823130           30842405  
##>            WNS         +1593.90           +1593.90           +1593.90           +1593.90           +1593.90           +1593.90           +1593.90           +1593.90  
##>            TNS                0                  0                  0                  0                  0                  0                  0                  0  
##>    Num Rewrite                0                  0                  0                  0                  0                  0                  0                  0  
##>     Num Factor                0                  0                  0                  0                  0                  0                  0                  0  
##>      Num Share                0                  0                  0                  0                  0                  0                  0                  0  
##>   Num CmultCse                0                  0                  0                  0                  0                  0                  0                  0  
##>   Num Downsize                0                  0                  0                  0                  0                  0                  0                  0  
##>  Num Speculate                0                  0                  0                  0                  0                  0                  0                  0  
##>     Runtime(s)                0                  0                  0                  0                  0                  0                  0                  0  
+----------------------------------------------------------------------------------------------------------------------------------------------------------------+
##>
##>
##>+------------------------------------------------------------------------------------------------------------------------------------------------------------+
##>Optimization Step DEBUG Table for config CDN_DP_region_0_8_c6
##>
##>                          Step                        Area   ( % Chg)        WNS (Change)        TNS (Change)          Runtime (s)        Comment                   
##>+------------------------------------------------------------------------------------------------------------------------------------------------------------+
##>createMaxCarrySave              START               25234695 (      )    107375776.30 (        )             0 (        )              
##> datapath_rewrite_one_def       START               25234695 ( +0.00)    107375776.30 (   +0.00)             0 (       0)              
##>  fast_cse_elim                 START               25234695 ( +0.00)    107375776.30 (   +0.00)             0 (       0)              
##>                                  END               25234695 ( +0.00)    107375776.30 (   +0.00)             0 (       0)           0  
##>  fast_cse_elim                 START               25234695 ( +0.00)    107375776.30 (   +0.00)             0 (       0)              
##>                                  END               25234695 ( +0.00)    107375776.30 (   +0.00)             0 (       0)           0  
##>                                  END               25234695 ( +0.00)    107375776.30 (   +0.00)             0 (       0)           0  
##> dpopt_share_one_def            START               25234695 ( +0.00)    107375776.30 (   +0.00)             0 (       0)              
##>                                  END               25234695 ( +0.00)    107375776.30 (   +0.00)             0 (       0)           0  
##> csa_opto                       START               25234695 ( +0.00)    214748364.70 (+107372588.40)             0 (       0)              
##>                                  END               33646260 (+33.33)    214748364.70 (   +0.00)             0 (       0)           0  
##>                                  END               33646260 (+33.33)    214748364.70 (+107372588.40)             0 (       0)           0  
##>canonicalize_by_names           START               33646260 ( +0.00)    214748364.70 (   +0.00)             0 (       0)              
##>                                  END               33646260 ( +0.00)    214748364.70 (   +0.00)             0 (       0)           0  
##>datapath_rewrite_post_csa_one_  START               33646260 ( +0.00)    214748364.70 (   +0.00)             0 (       0)              
##>                                  END               33646260 ( +0.00)    214748364.70 (   +0.00)             0 (       0)           0  
##>datapath_csa_factoring_one_gde  START               33646260 ( +0.00)    214748364.70 (   +0.00)             0 (       0)              
##>                                  END               33646260 ( +0.00)    214748364.70 (   +0.00)             0 (       0)           0  
##>dpopt_share_one_def             START               33646260 ( +0.00)    214748364.70 (   +0.00)             0 (       0)              
##>                                  END               33646260 ( +0.00)    214748364.70 (   +0.00)             0 (       0)           0  
##>datapath_rewrite_post_share     START               33646260 ( +0.00)    214748364.70 (   +0.00)             0 (       0)              
##>                                  END               33646260 ( +0.00)    214748364.70 (   +0.00)             0 (       0)           0  
##>dp_combine_const_mult_with_com  START               33646260 ( +0.00)    214748364.70 (   +0.00)             0 (       0)              
##>                                  END               33646260 ( +0.00)    214748364.70 (   +0.00)             0 (       0)           0  
##>dp_operator_level_decompositio  START               33646260 ( +0.00)    214748364.70 (   +0.00)             0 (       0)              
##>                                  END               33646260 ( +0.00)    214748364.70 (   +0.00)             0 (       0)           0  
##>selective_flatten_dp_config     START               33646260 ( +0.00)    214748364.70 (   +0.00)             0 (       0)              
##>                                  END               33646260 ( +0.00)    214748364.70 (   +0.00)             0 (       0)           0  
##>createMaxCarrySave              START               33646260 ( +0.00)    214748364.70 (   +0.00)             0 (       0)              
##> datapath_rewrite_one_def       START               33646260 ( +0.00)    214748364.70 (   +0.00)             0 (       0)              
##>  fast_cse_elim                 START               33646260 ( +0.00)    214748364.70 (   +0.00)             0 (       0)              
##>                                  END               33646260 ( +0.00)    214748364.70 (   +0.00)             0 (       0)           0  
##>  fast_cse_elim                 START               33646260 ( +0.00)    214748364.70 (   +0.00)             0 (       0)              
##>                                  END               33646260 ( +0.00)    214748364.70 (   +0.00)             0 (       0)           0  
##>                                  END               33646260 ( +0.00)    214748364.70 (   +0.00)             0 (       0)           0  
##> dpopt_share_one_def            START               33646260 ( +0.00)    214748364.70 (   +0.00)             0 (       0)              
##>                                  END               33646260 ( +0.00)    214748364.70 (   +0.00)             0 (       0)           0  
##> csa_opto                       START               33646260 ( +0.00)    214748364.70 (   +0.00)             0 (       0)              
##>                                  END               33646260 ( +0.00)    214748364.70 (   +0.00)             0 (       0)           0  
##>                                  END               33646260 ( +0.00)    214748364.70 (   +0.00)             0 (       0)           0  
##>context_based_simplify          START               22430840 (-33.33)    214748364.70 (   +0.00)             0 (       0)              
##>                                  END               16823130 (-25.00)    214748364.70 (   +0.00)             0 (       0)           0  
##>group_csa_final_adder_dp        START               16823130 ( +0.00)    214748364.70 (   +0.00)             0 (       0)              
##>                                  END               16823130 ( +0.00)    214748364.70 (   +0.00)             0 (       0)           0  
##>dpopt_flatten_critical_muxes_i  START               16823130 ( +0.00)    214748364.70 (   +0.00)             0 (       0)              
##>                                  END               16823130 ( +0.00)    214748364.70 (   +0.00)             0 (       0)           0  
##>create_score                    START               16823130 ( +0.00)     1593.90 (-214746770.80)             0 (       0)              
##>                                  END               16823130 ( +0.00)     1593.90 (   +0.00)             0 (       0)           0  
##>+------------------------------------------------------------------------------------------------------------------------------------------------------------+
Committed config: CDN_DP_region_0_8_c6
          Optimizations applied to 'very_fast' configuration:
            rewriting(0), factoring(0), sharing(0), cmultcse(0), downsizing(0), speculation(0)
CSAGen Prep Share:0 Re-Write:0 Speculation: 0
CDN_DP_region_7_0 level = 0 loads = 0 drivers = 0
MaxCSA: Successfully built Maximal CSA Expression Expr34
CDN_DP_region_7_0_c0 in Multip: area: 10536887090 ,dp = 1 mux = 0 sg = slow         worst_clk_period: -1.0000 
    wns: 0  norm_wns:  -1.0000 
    fail_endp: -1 
    tns:  0  tns_per_endp:  -1.0000   norm_tns_per_endp:  -1.0000 
    tns_sense_max:  -1.0000  tns_sense_avg:  -1.0000   tns_sense_num: -1
 skipped
CDN_DP_region_7_0_c1 in Multip: area: 10536887090 ,dp = 1 mux = 0 sg = fast         worst_clk_period: -1.0000 
    wns: 0  norm_wns:  -1.0000 
    fail_endp: -1 
    tns:  0  tns_per_endp:  -1.0000   norm_tns_per_endp:  -1.0000 
    tns_sense_max:  -1.0000  tns_sense_avg:  -1.0000   tns_sense_num: -1
 is current best
CDN_DP_region_7_0_c2 in Multip: area: 10536887090 ,dp = 1 mux = 0 sg = very_slow    worst_clk_period: -1.0000 
    wns: 0  norm_wns:  -1.0000 
    fail_endp: -1 
    tns:  0  tns_per_endp:  -1.0000   norm_tns_per_endp:  -1.0000 
    tns_sense_max:  -1.0000  tns_sense_avg:  -1.0000   tns_sense_num: -1
 is current best
CDN_DP_region_7_0_c3 in Multip: area: 10536887090 ,dp = 1 mux = 0 sg = very_fast    worst_clk_period: -1.0000 
    wns: 0  norm_wns:  -1.0000 
    fail_endp: -1 
    tns:  0  tns_per_endp:  -1.0000   norm_tns_per_endp:  -1.0000 
    tns_sense_max:  -1.0000  tns_sense_avg:  -1.0000   tns_sense_num: -1
 is current best
CDN_DP_region_7_0_c4 in Multip: area: 10536887090 ,dp = 1 mux = 0 sg = very_fast    worst_clk_period: -1.0000 
    wns: 0  norm_wns:  -1.0000 
    fail_endp: -1 
    tns:  0  tns_per_endp:  -1.0000   norm_tns_per_endp:  -1.0000 
    tns_sense_max:  -1.0000  tns_sense_avg:  -1.0000   tns_sense_num: -1
 is current best
CDN_DP_region_7_0_c5 in Multip: area: 10536887090 ,dp = 1 mux = 0 sg = very_fast    worst_clk_period: -1.0000 
    wns: 0  norm_wns:  -1.0000 
    fail_endp: -1 
    tns:  0  tns_per_endp:  -1.0000   norm_tns_per_endp:  -1.0000 
    tns_sense_max:  -1.0000  tns_sense_avg:  -1.0000   tns_sense_num: -1
 is current best
CDN_DP_region_7_0_c6 in Multip: area: 10536887090 ,dp = 1 mux = 0 sg = very_fast    worst_clk_period: -1.0000 
    wns: 0  norm_wns:  -1.0000 
    fail_endp: -1 
    tns:  0  tns_per_endp:  -1.0000   norm_tns_per_endp:  -1.0000 
    tns_sense_max:  -1.0000  tns_sense_avg:  -1.0000   tns_sense_num: -1
 is current best
CDN_DP_region_7_0_c7 in Multip: area: 10536887090 ,dp = 1 mux = 0 sg = very_fast    worst_clk_period: -1.0000 
    wns: 0  norm_wns:  -1.0000 
    fail_endp: -1 
    tns:  0  tns_per_endp:  -1.0000   norm_tns_per_endp:  -1.0000 
    tns_sense_max:  -1.0000  tns_sense_avg:  -1.0000   tns_sense_num: -1
 is current best
Best config: CDN_DP_region_7_0_c7 in Multip: area: 10536887090 ,dp = 1 mux = 0 sg = very_fast    worst_clk_period: -1.0000 
    wns: 0  norm_wns:  -1.0000 
    fail_endp: -1 
    tns:  0  tns_per_endp:  -1.0000   norm_tns_per_endp:  -1.0000 
    tns_sense_max:  -1.0000  tns_sense_avg:  -1.0000   tns_sense_num: -1
  Smallest config area : 10536887090.  Fastest config wns;  0
##>+----------------------------------------------------------------------------------------------------------------------------------------------------------------+
##>Summary table of configs (Best config is CDN_DP_region_7_0_c7)
##>+----------------------------------------------------------------------------------------------------------------------------------------------------------------+
##>                     0                  1                  2                  3                  4                  5                  6                  7            
##>+----------------------------------------------------------------------------------------------------------------------------------------------------------------+
##>           Area      10536887090        10536887090        10536887090        10536887090        10536887090        10536887090        10536887090        10536887090  
##>            WNS         +1101.70           +1101.70           +1101.70           +1101.70           +1101.70           +1101.70           +1101.70           +1101.70  
##>            TNS                0                  0                  0                  0                  0                  0                  0                  0  
##>    Num Rewrite                0                  0                  0                  0                  0                  0                  0                  0  
##>     Num Factor                0                  0                  0                  0                  0                  0                  0                  0  
##>      Num Share                0                  0                  0                  0                  0                  0                  0                  0  
##>   Num CmultCse                0                  0                  0                  0                  0                  0                  0                  0  
##>   Num Downsize                0                  0                  0                  0                  0                  0                  0                  0  
##>  Num Speculate                0                  0                  0                  0                  0                  0                  0                  0  
##>     Runtime(s)                0                  0                  0                  0                  0                  0                  0                  0  
+----------------------------------------------------------------------------------------------------------------------------------------------------------------+
##>
##>
##>+------------------------------------------------------------------------------------------------------------------------------------------------------------+
##>Optimization Step DEBUG Table for config CDN_DP_region_7_0_c7
##>
##>                          Step                        Area   ( % Chg)        WNS (Change)        TNS (Change)          Runtime (s)        Comment                   
##>+------------------------------------------------------------------------------------------------------------------------------------------------------------+
##>EquationExtraction              START            10536887090 (      )     1101.70 (        )             0 (        )              
##> rewrite                        START            38791333925 (+268.15)     1091.20 (  -10.50)             0 (       0)              (a,ar) Expr34_from --> Expr34_to
##>                                  END            23019649550 (-40.66)     1088.80 (   -2.40)             0 (       0)           0  
##>                                  END            10536887090 ( +0.00)     1101.70 (   +0.00)             0 (       0)           0  
##>createMaxCarrySave              START            10536887090 ( +0.00)     1101.70 (   +0.00)             0 (       0)              
##> datapath_rewrite_one_def       START            10536887090 ( +0.00)     1101.70 (   +0.00)             0 (       0)              
##>                                  END            10536887090 ( +0.00)     1101.70 (   +0.00)             0 (       0)           0  
##> csa_opto                       START            10536887090 ( +0.00)     1101.70 (   +0.00)             0 (       0)              
##>                                  END            10536887090 ( +0.00)     1101.70 (   +0.00)             0 (       0)           0  
##>                                  END            10536887090 ( +0.00)     1101.70 (   +0.00)             0 (       0)           0  
##>canonicalize_by_names           START            10536887090 ( +0.00)     1101.70 (   +0.00)             0 (       0)              
##>                                  END            10536887090 ( +0.00)     1101.70 (   +0.00)             0 (       0)           0  
##>datapath_rewrite_post_csa_one_  START            10536887090 ( +0.00)     1101.70 (   +0.00)             0 (       0)              
##>                                  END            10536887090 ( +0.00)     1101.70 (   +0.00)             0 (       0)           0  
##>datapath_csa_factoring_one_gde  START            10536887090 ( +0.00)     1101.70 (   +0.00)             0 (       0)              
##>                                  END            10536887090 ( +0.00)     1101.70 (   +0.00)             0 (       0)           0  
##>dpopt_share_one_def             START            10536887090 ( +0.00)     1101.70 (   +0.00)             0 (       0)              
##>                                  END            10536887090 ( +0.00)     1101.70 (   +0.00)             0 (       0)           0  
##>datapath_rewrite_post_share     START            10536887090 ( +0.00)     1101.70 (   +0.00)             0 (       0)              
##>                                  END            10536887090 ( +0.00)     1101.70 (   +0.00)             0 (       0)           0  
##>dp_combine_const_mult_with_com  START            10536887090 ( +0.00)     1101.70 (   +0.00)             0 (       0)              
##>                                  END            10536887090 ( +0.00)     1101.70 (   +0.00)             0 (       0)           0  
##>dp_operator_level_decompositio  START            10536887090 ( +0.00)     1101.70 (   +0.00)             0 (       0)              
##>                                  END            10536887090 ( +0.00)     1101.70 (   +0.00)             0 (       0)           0  
##>selective_flatten_dp_config     START            10536887090 ( +0.00)     1101.70 (   +0.00)             0 (       0)              
##>                                  END            10536887090 ( +0.00)     1101.70 (   +0.00)             0 (       0)           0  
##>createMaxCarrySave              START            10536887090 ( +0.00)     1101.70 (   +0.00)             0 (       0)              
##> datapath_rewrite_one_def       START            10536887090 ( +0.00)     1101.70 (   +0.00)             0 (       0)              
##>  fast_cse_elim                 START            10536887090 ( +0.00)     1101.70 (   +0.00)             0 (       0)              
##>                                  END            10536887090 ( +0.00)     1101.70 (   +0.00)             0 (       0)           0  
##>  fast_cse_elim                 START            10536887090 ( +0.00)     1101.70 (   +0.00)             0 (       0)              
##>                                  END            10536887090 ( +0.00)     1101.70 (   +0.00)             0 (       0)           0  
##>                                  END            10536887090 ( +0.00)     1101.70 (   +0.00)             0 (       0)           0  
##> csa_opto                       START            10536887090 ( +0.00)     1101.70 (   +0.00)             0 (       0)              
##>                                  END            10536887090 ( +0.00)     1101.70 (   +0.00)             0 (       0)           0  
##>                                  END            10536887090 ( +0.00)     1101.70 (   +0.00)             0 (       0)           0  
##>context_based_simplify          START            10536887090 ( +0.00)     1101.70 (   +0.00)             0 (       0)              
##>                                  END            10536887090 ( +0.00)     1101.70 (   +0.00)             0 (       0)           0  
##>group_csa_final_adder_dp        START            10536887090 ( +0.00)     1101.70 (   +0.00)             0 (       0)              
##>                                  END            10536887090 ( +0.00)     1101.70 (   +0.00)             0 (       0)           0  
##>dpopt_flatten_critical_muxes_i  START            10536887090 ( +0.00)     1101.70 (   +0.00)             0 (       0)              
##>                                  END            10536887090 ( +0.00)     1101.70 (   +0.00)             0 (       0)           0  
##>create_score                    START            10536887090 ( +0.00)     1101.70 (   +0.00)             0 (       0)              
##>                                  END            10536887090 ( +0.00)     1101.70 (   +0.00)             0 (       0)           0  
##>+------------------------------------------------------------------------------------------------------------------------------------------------------------+
Committed config: CDN_DP_region_7_0_c7
          Optimizations applied to 'very_fast' configuration:
            rewriting(0), factoring(0), sharing(0), cmultcse(0), downsizing(0), speculation(0)
CSAGen Prep Share:0 Re-Write:3 Speculation: 0
MaxCSA: Successfully built Maximal CSA Expression Expr35
MaxCSA: Successfully built Maximal CSA Expression Expr36
MaxCSA: Successfully built Maximal CSA Expression Expr37
MaxCSA: Successfully built Maximal CSA Expression Expr38
MaxCSA: Successfully built Maximal CSA Expression Expr39
MaxCSA: Successfully built Maximal CSA Expression Expr40
MaxCSA: Successfully built Maximal CSA Expression Expr41
MaxCSA: Successfully built Maximal CSA Expression Expr42
MaxCSA: Successfully built Maximal CSA Expression Expr43
Number of non-ctl's : 1
mux_354_48 
SOP DEBUG : Module= CDN_DP_region_0_3_c7, Cluster= ctl_354_48_create, ctl= 1, Non-ctl= 1
Selected impl_type 1 (pla_form1 (optimized)) for sop cluster ctl_354_48_create.
Number of non-ctl's : 1
mux_354_48 
SOP DEBUG : Module= CDN_DP_region_0_3_c1, Cluster= ctl_354_48_create, ctl= 1, Non-ctl= 1
Selected impl_type 1 (pla_form1 (optimized)) for sop cluster ctl_354_48_create.
Number of non-ctl's : 1
mux_354_48 
SOP DEBUG : Module= CDN_DP_region_0_3_c2, Cluster= ctl_354_48_create, ctl= 1, Non-ctl= 1
Selected impl_type 1 (pla_form1 (optimized)) for sop cluster ctl_354_48_create.
Number of non-ctl's : 1
mux_354_48 
SOP DEBUG : Module= CDN_DP_region_0_3_c3, Cluster= ctl_354_48_create, ctl= 1, Non-ctl= 1
Selected impl_type 1 (pla_form1 (optimized)) for sop cluster ctl_354_48_create.
Number of non-ctl's : 1
mux_354_48 
SOP DEBUG : Module= CDN_DP_region_0_3_c4, Cluster= ctl_354_48_create, ctl= 1, Non-ctl= 1
Selected impl_type 1 (pla_form1 (optimized)) for sop cluster ctl_354_48_create.
Number of non-ctl's : 1
mux_354_48 
SOP DEBUG : Module= CDN_DP_region_0_3_c5, Cluster= ctl_354_48_create, ctl= 1, Non-ctl= 1
Selected impl_type 1 (pla_form1 (optimized)) for sop cluster ctl_354_48_create.
Number of non-ctl's : 1
mux_354_48 
SOP DEBUG : Module= CDN_DP_region_0_3_c6, Cluster= ctl_354_48_create, ctl= 1, Non-ctl= 1
Selected impl_type 1 (pla_form1 (optimized)) for sop cluster ctl_354_48_create.
CDN_DP_region_0_3 level = 1 loads = 2 drivers = 2 is driven by : CDN_DP_region_0_1 CDN_DP_region_0_7 
CDN_DP_region_0_3_c0 in Conv: area: 8262960685 ,dp = 31 mux = 40 sg = slow         worst_clk_period: -1.0000 
    wns: 0  norm_wns:  -1.0000 
    fail_endp: -1 
    tns:  0  tns_per_endp:  -1.0000   norm_tns_per_endp:  -1.0000 
    tns_sense_max:  -1.0000  tns_sense_avg:  -1.0000   tns_sense_num: -1
 skipped
CDN_DP_region_0_3_c1 in Conv: area: 7138614830 ,dp = 27 mux = 37 sg = fast         worst_clk_period: -1.0000 
    wns: 0  norm_wns:  -1.0000 
    fail_endp: -1 
    tns:  0  tns_per_endp:  -1.0000   norm_tns_per_endp:  -1.0000 
    tns_sense_max:  -1.0000  tns_sense_avg:  -1.0000   tns_sense_num: -1
 is current best
CDN_DP_region_0_3_c2 in Conv: area: 6990010515 ,dp = 26 mux = 36 sg = very_slow    worst_clk_period: -1.0000 
    wns: 0  norm_wns:  -1.0000 
    fail_endp: -1 
    tns:  0  tns_per_endp:  -1.0000   norm_tns_per_endp:  -1.0000 
    tns_sense_max:  -1.0000  tns_sense_avg:  -1.0000   tns_sense_num: -1
 is current best
CDN_DP_region_0_3_c3 in Conv: area: 7138614830 ,dp = 27 mux = 37 sg = very_fast    worst_clk_period: -1.0000 
    wns: 0  norm_wns:  -1.0000 
    fail_endp: -1 
    tns:  0  tns_per_endp:  -1.0000   norm_tns_per_endp:  -1.0000 
    tns_sense_max:  -1.0000  tns_sense_avg:  -1.0000   tns_sense_num: -1

CDN_DP_region_0_3_c4 in Conv: area: 7068518455 ,dp = 26 mux = 37 sg = very_fast    worst_clk_period: -1.0000 
    wns: 0  norm_wns:  -1.0000 
    fail_endp: -1 
    tns:  0  tns_per_endp:  -1.0000   norm_tns_per_endp:  -1.0000 
    tns_sense_max:  -1.0000  tns_sense_avg:  -1.0000   tns_sense_num: -1

CDN_DP_region_0_3_c5 in Conv: area: 7068518455 ,dp = 26 mux = 37 sg = very_fast    worst_clk_period: -1.0000 
    wns: 0  norm_wns:  -1.0000 
    fail_endp: -1 
    tns:  0  tns_per_endp:  -1.0000   norm_tns_per_endp:  -1.0000 
    tns_sense_max:  -1.0000  tns_sense_avg:  -1.0000   tns_sense_num: -1

CDN_DP_region_0_3_c6 in Conv: area: 7068518455 ,dp = 26 mux = 37 sg = very_fast    worst_clk_period: -1.0000 
    wns: 0  norm_wns:  -1.0000 
    fail_endp: -1 
    tns:  0  tns_per_endp:  -1.0000   norm_tns_per_endp:  -1.0000 
    tns_sense_max:  -1.0000  tns_sense_avg:  -1.0000   tns_sense_num: -1

CDN_DP_region_0_3_c7 in Conv: area: 8624657980 ,dp = 25 mux = 44 sg = very_fast    worst_clk_period: -1.0000 
    wns: 0  norm_wns:  -1.0000 
    fail_endp: -1 
    tns:  0  tns_per_endp:  -1.0000   norm_tns_per_endp:  -1.0000 
    tns_sense_max:  -1.0000  tns_sense_avg:  -1.0000   tns_sense_num: -1

Best config: CDN_DP_region_0_3_c2 in Conv: area: 6990010515 ,dp = 26 mux = 36 sg = very_slow    worst_clk_period: -1.0000 
    wns: 0  norm_wns:  -1.0000 
    fail_endp: -1 
    tns:  0  tns_per_endp:  -1.0000   norm_tns_per_endp:  -1.0000 
    tns_sense_max:  -1.0000  tns_sense_avg:  -1.0000   tns_sense_num: -1
  Smallest config area : 6990010515.  Fastest config wns;  0
##>+----------------------------------------------------------------------------------------------------------------------------------------------------------------+
##>Summary table of configs (Best config is CDN_DP_region_0_3_c2)
##>+----------------------------------------------------------------------------------------------------------------------------------------------------------------+
##>                     0                  1                  2                  3                  4                  5                  6                  7            
##>+----------------------------------------------------------------------------------------------------------------------------------------------------------------+
##>           Area       8262960685         7138614830         6990010515         7138614830         7068518455         7068518455         7068518455         8624657980  
##>            WNS          +643.40            +732.40            +698.70            +732.40            +698.70            +698.70            +698.70            +615.20  
##>            TNS                0                  0                  0                  0                  0                  0                  0                  0  
##>    Num Rewrite                0                  4                  5                  4                  5                  5                  3                  5  
##>     Num Factor                0                  0                  0                  0                  0                  0                  0                  1  
##>      Num Share                0                  2                  1                  2                  1                  1                  1                  6  
##>   Num CmultCse                0                  0                  0                  0                  0                  0                  0                  0  
##>   Num Downsize                0                  0                  0                  0                  0                  0                  0                  0  
##>  Num Speculate                0                  0                  0                  0                  0                  0                  0                  0  
##>     Runtime(s)                0                  1                  1                  1                  1                  1                  1                  2  
+----------------------------------------------------------------------------------------------------------------------------------------------------------------+
##>
##>
##>+------------------------------------------------------------------------------------------------------------------------------------------------------------+
##>Optimization Step DEBUG Table for config CDN_DP_region_0_3_c2
##>
##>                          Step                        Area   ( % Chg)        WNS (Change)        TNS (Change)          Runtime (s)        Comment                   
##>+------------------------------------------------------------------------------------------------------------------------------------------------------------+
##>createMaxCarrySave              START             8262960685 (      )    107374825.80 (        )             0 (        )              
##> datapath_rewrite_one_def       START             8262960685 ( +0.00)    107374825.80 (   +0.00)             0 (       0)              
##>  fast_cse_elim                 START             8262960685 ( +0.00)    107374825.80 (   +0.00)             0 (       0)              
##>                                  END             8262960685 ( +0.00)    107374825.80 (   +0.00)             0 (       0)           0  
##>  fast_cse_elim                 START             8262960685 ( +0.00)    107374825.80 (   +0.00)             0 (       0)              
##>                                  END             8262960685 ( +0.00)    107374825.80 (   +0.00)             0 (       0)           0  
##>  rewrite                       START             8262960685 ( +0.00)    107374825.80 (   +0.00)             0 (       0)              (a,csaa) dissolve_1bit_const_2x1mux_from --> dissolve_1bit_const_2x1mux_to
##>                                  END             8251745265 ( -0.14)    107374825.80 (   +0.00)             0 (       0)           0  
##>  rewrite                       START             8251745265 ( +0.00)    107374825.80 (   +0.00)             0 (       0)              (a,csaa) dissolve_1bit_const_2x1mux_from --> dissolve_1bit_const_2x1mux_to
##>                                  END             8243333700 ( -0.10)    107374825.80 (   +0.00)             0 (       0)           0  
##>  fast_cse_elim                 START             8243333700 ( +0.00)    107374825.80 (   +0.00)             0 (       0)              
##>                                  END             8240529845 ( -0.03)    107374825.80 (   +0.00)             0 (       0)           0  
##>                                  END             8240529845 ( -0.27)    107374825.80 (   +0.00)             0 (       0)           0  
##> csa_opto                       START             8240529845 ( +0.00)    107374825.80 (   +0.00)             0 (       0)              
##>                                  END             8148002630 ( -1.12)    107374882.40 (  +56.60)             0 (       0)           0  
##>                                  END             8148002630 ( -1.39)    107374882.40 (  +56.60)             0 (       0)           0  
##>canonicalize_by_names           START             8148002630 ( +0.00)    107374882.40 (   +0.00)             0 (       0)              
##>                                  END             8148002630 ( +0.00)    107374882.40 (   +0.00)             0 (       0)           0  
##>datapath_rewrite_post_csa_one_  START             8148002630 ( +0.00)    107374882.40 (   +0.00)             0 (       0)              
##> rewrite                        START             8148002630 ( +0.00)    107374882.40 (   +0.00)             0 (       0)              (na,csaa) base_comb_unsigned_add_ci_add_from --> comb_unsigned_add_ci_add_to
##>                                  END             8700362065 ( +6.78)    107374882.40 (   +0.00)             0 (       0)           0  
##> rewrite                        START             8148002630 ( -6.35)    107374882.40 (   +0.00)             0 (       0)              (a,ar) csa_add_and_inc_v2 --> csa_add_ci
##>                                  END             8108748660 ( -0.48)    107374864.70 (  -17.70)             0 (       0)           0  
##> rewrite                        START             8108748660 ( +0.00)    107374864.70 (   +0.00)             0 (       0)              (na,csaa) base_comb_unsigned_add_add_from --> comb_unsigned_add_add_to
##>                                  END             8619050270 ( +6.29)    107374864.70 (   +0.00)             0 (       0)           0  
##>                                  END             8108748660 ( -0.48)    107374864.70 (  -17.70)             0 (       0)           0  
##>datapath_csa_factoring_one_gde  START             8108748660 ( +0.00)    107374864.70 (   +0.00)             0 (       0)              
##>                                  END             8108748660 ( +0.00)    107374864.70 (   +0.00)             0 (       0)           0  
##>dpopt_share_one_def             START             8108748660 ( +0.00)    107374864.70 (   +0.00)             0 (       0)              
##>                                  END             7561996935 ( -6.74)    107374882.20 (  +17.50)             0 (       0)           0  
##>datapath_rewrite_post_share     START             7561996935 ( +0.00)    107374882.20 (   +0.00)             0 (       0)              
##>                                  END             7561996935 ( +0.00)    107374882.20 (   +0.00)             0 (       0)           0  
##>dp_combine_const_mult_with_com  START             7561996935 ( +0.00)    107374882.20 (   +0.00)             0 (       0)              
##>                                  END             7561996935 ( +0.00)    107374882.20 (   +0.00)             0 (       0)           0  
##>speculate_in_gdef               START             7561996935 ( +0.00)    107374882.20 (   +0.00)             0 (       0)              
##> pre_speculate_mux_merge        START             7561996935 ( +0.00)    107374882.20 (   +0.00)             0 (       0)              
##>                                  END             7561996935 ( +0.00)    107374882.20 (   +0.00)             0 (       0)           0  
##>                                  END             7561996935 ( +0.00)    107374882.20 (   +0.00)             0 (       0)           0  
##>dp_operator_level_decompositio  START             7561996935 ( +0.00)    107374882.20 (   +0.00)             0 (       0)              
##>                                  END             7561996935 ( +0.00)    107374882.20 (   +0.00)             0 (       0)           0  
##>selective_flatten_dp_config     START             7561996935 ( +0.00)    107374882.20 (   +0.00)             0 (       0)              
##>                                  END             7561996935 ( +0.00)    107374882.20 (   +0.00)             0 (       0)           0  
##>createMaxCarrySave              START             7561996935 ( +0.00)    107374882.20 (   +0.00)             0 (       0)              
##> datapath_rewrite_one_def       START             7561996935 ( +0.00)    107374882.20 (   +0.00)             0 (       0)              
##>  fast_cse_elim                 START             7561996935 ( +0.00)    107374882.20 (   +0.00)             0 (       0)              
##>                                  END             7561996935 ( +0.00)    107374882.20 (   +0.00)             0 (       0)           0  
##>  fast_cse_elim                 START             7561996935 ( +0.00)    107374882.20 (   +0.00)             0 (       0)              
##>                                  END             7561996935 ( +0.00)    107374882.20 (   +0.00)             0 (       0)           0  
##>                                  END             7561996935 ( +0.00)    107374882.20 (   +0.00)             0 (       0)           0  
##> csa_opto                       START             7561996935 ( +0.00)    107374882.20 (   +0.00)             0 (       0)              
##>                                  END             7561996935 ( +0.00)    107374882.20 (   +0.00)             0 (       0)           0  
##>                                  END             7561996935 ( +0.00)    107374882.20 (   +0.00)             0 (       0)           0  
##>datapath_rewrite_post_csa_one_  START             7561996935 ( +0.00)    107374882.20 (   +0.00)             0 (       0)              
##> rewrite                        START             7561996935 ( +0.00)    107374882.20 (   +0.00)             0 (       0)              (a,csaa) base_comb_unsigned_add_add_from --> comb_unsigned_add_add_to
##>                                  END             7491900560 ( -0.93)    107374914.80 (  +32.60)             0 (       0)           0  
##> rewrite                        START             7491900560 ( +0.00)    107374914.80 (   +0.00)             0 (       0)              (a,csaa) combined_csa2_signed_csa2_unsigned_from --> combined_csa2_signed_csa2_unsigned_to
##>                                  END             7334884680 ( -2.10)    107374883.90 (  -30.90)             0 (       0)           0  
##>                                  END             7334884680 ( -3.00)    107374883.90 (   +1.70)             0 (       0)           0  
##>datapath_csa_factoring_one_gde  START             7334884680 ( +0.00)    107374883.90 (   +0.00)             0 (       0)              
##>                                  END             7334884680 ( +0.00)    107374883.90 (   +0.00)             0 (       0)           0  
##>dpopt_share_one_def             START             7334884680 ( +0.00)    107374883.90 (   +0.00)             0 (       0)              
##>                                  END             7334884680 ( +0.00)    107374883.90 (   +0.00)             0 (       0)           0  
##>datapath_rewrite_post_share     START             7334884680 ( +0.00)    107374883.90 (   +0.00)             0 (       0)              
##>                                  END             7334884680 ( +0.00)    107374883.90 (   +0.00)             0 (       0)           0  
##>dp_combine_const_mult_with_com  START             7334884680 ( +0.00)    107374883.90 (   +0.00)             0 (       0)              
##>                                  END             7334884680 ( +0.00)    107374883.90 (   +0.00)             0 (       0)           0  
##>speculate_in_gdef               START             7334884680 ( +0.00)    107374883.90 (   +0.00)             0 (       0)              
##> pre_speculate_mux_merge        START             7334884680 ( +0.00)    107374883.90 (   +0.00)             0 (       0)              
##>                                  END             7334884680 ( +0.00)    107374883.90 (   +0.00)             0 (       0)           0  
##>                                  END             7334884680 ( +0.00)    107374883.90 (   +0.00)             0 (       0)           0  
##>dp_operator_level_decompositio  START             7334884680 ( +0.00)    107374883.90 (   +0.00)             0 (       0)              
##>                                  END             7334884680 ( +0.00)    107374883.90 (   +0.00)             0 (       0)           0  
##>selective_flatten_dp_config     START             7334884680 ( +0.00)    107374883.90 (   +0.00)             0 (       0)              
##>                                  END             7334884680 ( +0.00)    107374883.90 (   +0.00)             0 (       0)           0  
##>createMaxCarrySave              START             7334884680 ( +0.00)    107374883.90 (   +0.00)             0 (       0)              
##> datapath_rewrite_one_def       START             7334884680 ( +0.00)    107374883.90 (   +0.00)             0 (       0)              
##>  fast_cse_elim                 START             7334884680 ( +0.00)    107374883.90 (   +0.00)             0 (       0)              
##>                                  END             7334884680 ( +0.00)    107374883.90 (   +0.00)             0 (       0)           0  
##>  fast_cse_elim                 START             7334884680 ( +0.00)    107374883.90 (   +0.00)             0 (       0)              
##>                                  END             7334884680 ( +0.00)    107374883.90 (   +0.00)             0 (       0)           0  
##>                                  END             7334884680 ( +0.00)    107374883.90 (   +0.00)             0 (       0)           0  
##> csa_opto                       START             7334884680 ( +0.00)    107374883.90 (   +0.00)             0 (       0)              
##>                                  END             7334884680 ( +0.00)    107374883.90 (   +0.00)             0 (       0)           0  
##>                                  END             7334884680 ( +0.00)    107374883.90 (   +0.00)             0 (       0)           0  
##>datapath_rewrite_post_csa_one_  START             7334884680 ( +0.00)    107374883.90 (   +0.00)             0 (       0)              
##>                                  END             7334884680 ( +0.00)    107374883.90 (   +0.00)             0 (       0)           0  
##>datapath_csa_factoring_one_gde  START             7334884680 ( +0.00)    107374883.90 (   +0.00)             0 (       0)              
##>                                  END             7334884680 ( +0.00)    107374883.90 (   +0.00)             0 (       0)           0  
##>dpopt_share_one_def             START             7334884680 ( +0.00)    107374883.90 (   +0.00)             0 (       0)              
##>                                  END             7334884680 ( +0.00)    107374883.90 (   +0.00)             0 (       0)           0  
##>datapath_rewrite_post_share     START             7334884680 ( +0.00)    107374883.90 (   +0.00)             0 (       0)              
##>                                  END             7334884680 ( +0.00)    107374883.90 (   +0.00)             0 (       0)           0  
##>dp_combine_const_mult_with_com  START             7334884680 ( +0.00)    107374883.90 (   +0.00)             0 (       0)              
##>                                  END             7334884680 ( +0.00)    107374883.90 (   +0.00)             0 (       0)           0  
##>speculate_in_gdef               START             7334884680 ( +0.00)    107374883.90 (   +0.00)             0 (       0)              
##> pre_speculate_mux_merge        START             7334884680 ( +0.00)    107374883.90 (   +0.00)             0 (       0)              
##>                                  END             7334884680 ( +0.00)    107374883.90 (   +0.00)             0 (       0)           0  
##>                                  END             7334884680 ( +0.00)    107374883.90 (   +0.00)             0 (       0)           0  
##>dp_operator_level_decompositio  START             7334884680 ( +0.00)    107374883.90 (   +0.00)             0 (       0)              
##>                                  END             7334884680 ( +0.00)    107374883.90 (   +0.00)             0 (       0)           0  
##>selective_flatten_dp_config     START             7334884680 ( +0.00)    107374883.90 (   +0.00)             0 (       0)              
##>                                  END             7334884680 ( +0.00)    107374883.90 (   +0.00)             0 (       0)           0  
##>createMaxCarrySave              START             7334884680 ( +0.00)    107374883.90 (   +0.00)             0 (       0)              
##> datapath_rewrite_one_def       START             7334884680 ( +0.00)    107374883.90 (   +0.00)             0 (       0)              
##>  fast_cse_elim                 START             7334884680 ( +0.00)    107374883.90 (   +0.00)             0 (       0)              
##>                                  END             7334884680 ( +0.00)    107374883.90 (   +0.00)             0 (       0)           0  
##>  fast_cse_elim                 START             7334884680 ( +0.00)    107374883.90 (   +0.00)             0 (       0)              
##>                                  END             7334884680 ( +0.00)    107374883.90 (   +0.00)             0 (       0)           0  
##>                                  END             7334884680 ( +0.00)    107374883.90 (   +0.00)             0 (       0)           0  
##> csa_opto                       START             7334884680 ( +0.00)    107374883.90 (   +0.00)             0 (       0)              
##>                                  END             7334884680 ( +0.00)    107374883.90 (   +0.00)             0 (       0)           0  
##>                                  END             7334884680 ( +0.00)    107374883.90 (   +0.00)             0 (       0)           0  
##>context_based_simplify          START             7149830250 ( -2.52)    107374883.90 (   +0.00)             0 (       0)              
##>                                  END             7068518455 ( -1.14)    107374883.90 (   +0.00)             0 (       0)           0  
##>group_csa_final_adder_dp        START             7068518455 ( +0.00)    107374883.90 (   +0.00)             0 (       0)              
##>                                  END             7068518455 ( +0.00)    107374881.10 (   -2.80)             0 (       0)           0  
##>dpopt_flatten_critical_muxes_i  START             7068518455 ( +0.00)    107374881.10 (   +0.00)             0 (       0)              
##>                                  END             6990010515 ( -1.11)    107374881.10 (   +0.00)             0 (       0)           0  
##>speculate_in_gdef               START             6990010515 ( +0.00)    107374881.10 (   +0.00)             0 (       0)              
##> pre_speculate_mux_merge        START             6990010515 ( +0.00)    107374881.10 (   +0.00)             0 (       0)              
##>                                  END             6990010515 ( +0.00)    107374881.10 (   +0.00)             0 (       0)           0  
##>                                  END             6990010515 ( +0.00)    107374881.10 (   +0.00)             0 (       0)           0  
##>create_score                    START             6990010515 ( +0.00)      698.70 (-107374182.40)             0 (       0)              
##>                                  END             6990010515 ( +0.00)      698.70 (   +0.00)             0 (       0)           0  
##>+------------------------------------------------------------------------------------------------------------------------------------------------------------+
Committed config: CDN_DP_region_0_3_c2
          Optimizations applied to 'very_slow' configuration:
            rewriting(5), factoring(0), sharing(1), cmultcse(0), downsizing(0), speculation(0)
CSAGen Prep Share:0 Re-Write:0 Speculation: 0
MaxCSA: Successfully built Maximal CSA Expression Expr44
MaxCSA: Successfully built Maximal CSA Expression Expr45
CDN_DP_region_0_4 level = 2 loads = 0 drivers = 1 is driven by : CDN_DP_region_0_3 
CDN_DP_region_0_4_c0 in Conv: area: 319639470 ,dp = 2 mux = 2 sg = slow         worst_clk_period: -1.0000 
    wns: 0  norm_wns:  -1.0000 
    fail_endp: -1 
    tns:  0  tns_per_endp:  -1.0000   norm_tns_per_endp:  -1.0000 
    tns_sense_max:  -1.0000  tns_sense_avg:  -1.0000   tns_sense_num: -1
 skipped
CDN_DP_region_0_4_c1 in Conv: area: 266366225 ,dp = 2 mux = 2 sg = fast         worst_clk_period: -1.0000 
    wns: 0  norm_wns:  -1.0000 
    fail_endp: -1 
    tns:  0  tns_per_endp:  -1.0000   norm_tns_per_endp:  -1.0000 
    tns_sense_max:  -1.0000  tns_sense_avg:  -1.0000   tns_sense_num: -1
 is current best
CDN_DP_region_0_4_c2 in Conv: area: 266366225 ,dp = 2 mux = 2 sg = very_slow    worst_clk_period: -1.0000 
    wns: 0  norm_wns:  -1.0000 
    fail_endp: -1 
    tns:  0  tns_per_endp:  -1.0000   norm_tns_per_endp:  -1.0000 
    tns_sense_max:  -1.0000  tns_sense_avg:  -1.0000   tns_sense_num: -1
 is current best
CDN_DP_region_0_4_c3 in Conv: area: 266366225 ,dp = 2 mux = 2 sg = very_fast    worst_clk_period: -1.0000 
    wns: 0  norm_wns:  -1.0000 
    fail_endp: -1 
    tns:  0  tns_per_endp:  -1.0000   norm_tns_per_endp:  -1.0000 
    tns_sense_max:  -1.0000  tns_sense_avg:  -1.0000   tns_sense_num: -1
 is current best
CDN_DP_region_0_4_c4 in Conv: area: 266366225 ,dp = 2 mux = 2 sg = very_fast    worst_clk_period: -1.0000 
    wns: 0  norm_wns:  -1.0000 
    fail_endp: -1 
    tns:  0  tns_per_endp:  -1.0000   norm_tns_per_endp:  -1.0000 
    tns_sense_max:  -1.0000  tns_sense_avg:  -1.0000   tns_sense_num: -1
 is current best
CDN_DP_region_0_4_c5 in Conv: area: 266366225 ,dp = 2 mux = 2 sg = very_fast    worst_clk_period: -1.0000 
    wns: 0  norm_wns:  -1.0000 
    fail_endp: -1 
    tns:  0  tns_per_endp:  -1.0000   norm_tns_per_endp:  -1.0000 
    tns_sense_max:  -1.0000  tns_sense_avg:  -1.0000   tns_sense_num: -1
 is current best
CDN_DP_region_0_4_c6 in Conv: area: 266366225 ,dp = 2 mux = 2 sg = very_fast    worst_clk_period: -1.0000 
    wns: 0  norm_wns:  -1.0000 
    fail_endp: -1 
    tns:  0  tns_per_endp:  -1.0000   norm_tns_per_endp:  -1.0000 
    tns_sense_max:  -1.0000  tns_sense_avg:  -1.0000   tns_sense_num: -1
 is current best
CDN_DP_region_0_4_c7 in Conv: area: 266366225 ,dp = 2 mux = 2 sg = very_fast    worst_clk_period: -1.0000 
    wns: 0  norm_wns:  -1.0000 
    fail_endp: -1 
    tns:  0  tns_per_endp:  -1.0000   norm_tns_per_endp:  -1.0000 
    tns_sense_max:  -1.0000  tns_sense_avg:  -1.0000   tns_sense_num: -1
 is current best
Best config: CDN_DP_region_0_4_c7 in Conv: area: 266366225 ,dp = 2 mux = 2 sg = very_fast    worst_clk_period: -1.0000 
    wns: 0  norm_wns:  -1.0000 
    fail_endp: -1 
    tns:  0  tns_per_endp:  -1.0000   norm_tns_per_endp:  -1.0000 
    tns_sense_max:  -1.0000  tns_sense_avg:  -1.0000   tns_sense_num: -1
  Smallest config area : 266366225.  Fastest config wns;  0
##>+----------------------------------------------------------------------------------------------------------------------------------------------------------------+
##>Summary table of configs (Best config is CDN_DP_region_0_4_c7)
##>+----------------------------------------------------------------------------------------------------------------------------------------------------------------+
##>                     0                  1                  2                  3                  4                  5                  6                  7            
##>+----------------------------------------------------------------------------------------------------------------------------------------------------------------+
##>           Area        319639470          266366225          266366225          266366225          266366225          266366225          266366225          266366225  
##>            WNS          +871.60            +871.60            +871.60            +871.60            +871.60            +871.60            +871.60            +871.60  
##>            TNS                0                  0                  0                  0                  0                  0                  0                  0  
##>    Num Rewrite                0                  0                  0                  0                  0                  0                  0                  0  
##>     Num Factor                0                  0                  0                  0                  0                  0                  0                  0  
##>      Num Share                0                  0                  0                  0                  0                  0                  0                  0  
##>   Num CmultCse                0                  0                  0                  0                  0                  0                  0                  0  
##>   Num Downsize                0                  0                  0                  0                  0                  0                  0                  0  
##>  Num Speculate                0                  0                  0                  0                  0                  0                  0                  0  
##>     Runtime(s)                0                  0                  0                  0                  0                  0                  0                  0  
+----------------------------------------------------------------------------------------------------------------------------------------------------------------+
##>
##>
##>+------------------------------------------------------------------------------------------------------------------------------------------------------------+
##>Optimization Step DEBUG Table for config CDN_DP_region_0_4_c7
##>
##>                          Step                        Area   ( % Chg)        WNS (Change)        TNS (Change)          Runtime (s)        Comment                   
##>+------------------------------------------------------------------------------------------------------------------------------------------------------------+
##>EquationExtraction              START              319639470 (      )      871.60 (        )             0 (        )              
##> rewrite                        START              471047640 (+47.37)      871.60 (   +0.00)             0 (       0)              (a,ar) Expr44_from --> Expr44_to
##>                                  END              686944475 (+45.83)      871.60 (   +0.00)             0 (       0)           0  
##> rewrite                        START              686944475 ( +0.00)      871.60 (   +0.00)             0 (       0)              (a,ar) Expr45_from --> Expr45_to
##>                                  END              762648560 (+11.02)      871.60 (   +0.00)             0 (       0)           0  
##>                                  END              319639470 ( +0.00)      871.60 (   +0.00)             0 (       0)           0  
##>createMaxCarrySave              START              319639470 ( +0.00)      871.60 (   +0.00)             0 (       0)              
##> datapath_rewrite_one_def       START              319639470 ( +0.00)      871.60 (   +0.00)             0 (       0)              
##>                                  END              319639470 ( +0.00)      871.60 (   +0.00)             0 (       0)           0  
##> csa_opto                       START              319639470 ( +0.00)      871.60 (   +0.00)             0 (       0)              
##>                                  END              314031760 ( -1.75)      871.60 (   +0.00)             0 (       0)           0  
##>                                  END              314031760 ( -1.75)      871.60 (   +0.00)             0 (       0)           0  
##>canonicalize_by_names           START              314031760 ( +0.00)      871.60 (   +0.00)             0 (       0)              
##>                                  END              314031760 ( +0.00)      871.60 (   +0.00)             0 (       0)           0  
##>datapath_rewrite_post_csa_one_  START              314031760 ( +0.00)      871.60 (   +0.00)             0 (       0)              
##>                                  END              314031760 ( +0.00)      871.60 (   +0.00)             0 (       0)           0  
##>datapath_csa_factoring_one_gde  START              314031760 ( +0.00)      871.60 (   +0.00)             0 (       0)              
##>                                  END              314031760 ( +0.00)      871.60 (   +0.00)             0 (       0)           0  
##>dpopt_share_one_def             START              314031760 ( +0.00)      871.60 (   +0.00)             0 (       0)              
##>                                  END              314031760 ( +0.00)      871.60 (   +0.00)             0 (       0)           0  
##>datapath_rewrite_post_share     START              314031760 ( +0.00)      871.60 (   +0.00)             0 (       0)              
##>                                  END              314031760 ( +0.00)      871.60 (   +0.00)             0 (       0)           0  
##>dp_combine_const_mult_with_com  START              314031760 ( +0.00)      871.60 (   +0.00)             0 (       0)              
##>                                  END              314031760 ( +0.00)      871.60 (   +0.00)             0 (       0)           0  
##>dp_operator_level_decompositio  START              314031760 ( +0.00)      871.60 (   +0.00)             0 (       0)              
##>                                  END              314031760 ( +0.00)      871.60 (   +0.00)             0 (       0)           0  
##>selective_flatten_dp_config     START              314031760 ( +0.00)      871.60 (   +0.00)             0 (       0)              
##>                                  END              314031760 ( +0.00)      871.60 (   +0.00)             0 (       0)           0  
##>createMaxCarrySave              START              314031760 ( +0.00)      871.60 (   +0.00)             0 (       0)              
##> datapath_rewrite_one_def       START              314031760 ( +0.00)      871.60 (   +0.00)             0 (       0)              
##>  fast_cse_elim                 START              314031760 ( +0.00)      871.60 (   +0.00)             0 (       0)              
##>                                  END              314031760 ( +0.00)      871.60 (   +0.00)             0 (       0)           0  
##>  fast_cse_elim                 START              314031760 ( +0.00)      871.60 (   +0.00)             0 (       0)              
##>                                  END              314031760 ( +0.00)      871.60 (   +0.00)             0 (       0)           0  
##>                                  END              314031760 ( +0.00)      871.60 (   +0.00)             0 (       0)           0  
##> csa_opto                       START              314031760 ( +0.00)      871.60 (   +0.00)             0 (       0)              
##>                                  END              314031760 ( +0.00)      871.60 (   +0.00)             0 (       0)           0  
##>                                  END              314031760 ( +0.00)      871.60 (   +0.00)             0 (       0)           0  
##>context_based_simplify          START              291600920 ( -7.14)      871.60 (   +0.00)             0 (       0)              
##>                                  END              266366225 ( -8.65)      871.60 (   +0.00)             0 (       0)           0  
##>group_csa_final_adder_dp        START              266366225 ( +0.00)      871.60 (   +0.00)             0 (       0)              
##>                                  END              266366225 ( +0.00)      871.60 (   +0.00)             0 (       0)           0  
##>dpopt_flatten_critical_muxes_i  START              266366225 ( +0.00)      871.60 (   +0.00)             0 (       0)              
##>                                  END              266366225 ( +0.00)      871.60 (   +0.00)             0 (       0)           0  
##>create_score                    START              266366225 ( +0.00)      871.60 (   +0.00)             0 (       0)              
##>                                  END              266366225 ( +0.00)      871.60 (   +0.00)             0 (       0)           0  
##>+------------------------------------------------------------------------------------------------------------------------------------------------------------+
Committed config: CDN_DP_region_0_4_c7
          Optimizations applied to 'very_fast' configuration:
            rewriting(0), factoring(0), sharing(0), cmultcse(0), downsizing(0), speculation(0)
Info    : Done optimizing datapath logic. [DPOPT-2]
        : Done optimizing datapath logic in 'Conv'.
Number of big hc bmuxes after = 0
Starting logic reduction [v1.0] (stage: post_rtlopt, startdef: Conv, recur: true)
Completed logic reduction (accepts: 0, rejects: 0, runtime: 0.001s)
Starting mux data reorder optimization [v1.0] (stage: post_rtlopt, startdef: Conv, recur: true)
Completed mux data reorder optimization (accepts: 0, rejects: 0, runtime: 0.005s)
Starting mux speculation [v1.0] (stage: post_muxopt, startdef: Conv, recur: true)
Starting speculation optimization
Completed speculation optimization (accepts:0)
Completed mux speculation (accepts: 0, rejects: 0, runtime: 1.321s)
==================================
Stage : to_generic 
==================================
  =================
   Message Summary
  =================
--------------------------------------------------------------------------------
|    Id     |  Sev   |Count |                  Message Text                    |
--------------------------------------------------------------------------------
| CDFG-250  |Info    |   61 |Processing multi-dimensional arrays.              |
| CDFG-372  |Info    |  116 |Bitwidth mismatch in assignment.                  |
|           |        |      |Review and make sure the mismatch is              |
|           |        |      | unintentional. Genus can possibly issue bitwidth |
|           |        |      | mismatch warning for explicit assignments        |
|           |        |      | present in RTL as-well-as for implicit           |
|           |        |      | assignments inferred by the tool. For example,   |
|           |        |      | in case of enum declaration without value, the   |
|           |        |      | tool will implicitly assign value to the enum    |
|           |        |      | variables. It also issues the warning for any    |
|           |        |      | bitwidth mismatch that appears in this implicit  |
|           |        |      | assignment.                                      |
| CDFG-373  |Info    |   10 |Sign mismatch in assignment.                      |
| CDFG-472  |Warning |    1 |Unreachable statements for case item.             |
| CDFG-479  |Info    |    1 |Constant relational expression.                   |
|           |        |      |A relational expression can evaluate to a         |
|           |        |      | constant when a variable is compared to a value  |
|           |        |      | which is outside the bounds of the variable.     |
| CDFG-500  |Info    |   12 |Unused module input port.                         |
|           |        |      |(In port definition within the module, the input  |
|           |        |      | port is not used in any assignment statements or |
|           |        |      | conditional expressions for decision statements. |
| CDFG-508  |Warning |   13 |Removing unused register.                         |
|           |        |      |Genus removes the flip-flop or latch inferred for |
|           |        |      | an unused signal or variable. To preserve the    |
|           |        |      | flip-flop or latch, set the                      |
|           |        |      | hdl_preserve_unused_registers attribute to true  |
|           |        |      | or use a pragma in the RTL.                      |
| CDFG-738  |Info    |   66 |Common subexpression eliminated.                  |
| CDFG-739  |Info    |   66 |Common subexpression kept.                        |
| CDFG-769  |Info    |    1 |Identified sum-of-products logic to be optimized  |
|           |        |      | during syn_generic.                              |
| CDFG-818  |Warning |    1 |Using default parameter value for module          |
|           |        |      | elaboration.                                     |
| CWD-19    |Info    | 6269 |An implementation was inferred.                   |
| DPOPT-1   |Info    |    1 |Optimizing datapath logic.                        |
| DPOPT-2   |Info    |    1 |Done optimizing datapath logic.                   |
| DPOPT-3   |Info    |   35 |Implementing datapath configurations.             |
| DPOPT-4   |Info    |   35 |Done implementing datapath configurations.        |
| DPOPT-6   |Info    |    1 |Pre-processed datapath logic.                     |
| DPOPT-10  |Info    |   24 |Optimized a mux chain.                            |
| ELAB-1    |Info    |    1 |Elaborating Design.                               |
| ELAB-2    |Info    |   10 |Elaborating Subdesign.                            |
| ELAB-3    |Info    |    1 |Done Elaborating Design.                          |
| GB-6      |Info    |  298 |A datapath component has been ungrouped.          |
| GLO-34    |Info    |    8 |Deleting instances not driving any primary        |
|           |        |      | outputs.                                         |
|           |        |      |Optimizations such as constant propagation or     |
|           |        |      | redundancy removal could change the connections  |
|           |        |      | so a hierarchical instance does not drive any    |
|           |        |      | primary outputs anymore. To see the list of      |
|           |        |      | deleted hierarchical instances, set the          |
|           |        |      | 'information_level' attribute to 2 or above. If  |
|           |        |      | the message is truncated set the message         |
|           |        |      | attribute 'truncate' to false to see the         |
|           |        |      | complete list. To prevent this optimization, set |
|           |        |      | the 'delete_unloaded_insts' root/subdesign       |
|           |        |      | attribute to 'false' or 'preserve' instance      |
|           |        |      | attribute to 'true'.                             |
| LBR-9     |Warning |   86 |Library cell has no output pins defined.          |
|           |        |      |Add the missing output pin(s)                     |
|           |        |      | , then reload the library. Else the library cell |
|           |        |      | will be marked as timing model i.e. unusable.    |
|           |        |      | Timing_model means that the cell does not have   |
|           |        |      | any defined function. If there is no output pin, |
|           |        |      | Genus will mark library cell as unusable i.e.    |
|           |        |      | the attribute 'usable' will be marked to 'false' |
|           |        |      | on the libcell. Therefore, the cell is not used  |
|           |        |      | for mapping and it will not be picked up from    |
|           |        |      | the library for synthesis. If you query the      |
|           |        |      | attribute 'unusable_reason' on the libcell;      |
|           |        |      | result will be: 'Library cell has no output      |
|           |        |      | pins.'Note: The message LBR-9 is only for the    |
|           |        |      | logical pins and not for the power_ground pins.  |
|           |        |      | Genus will depend upon the output function       |
|           |        |      | defined in the pin group (output pin)            |
|           |        |      | of the cell, to use it for mapping. The pg_pin   |
|           |        |      | will not have any function defined.              |
| LBR-40    |Info    |    1 |An unsupported construct was detected in this     |
|           |        |      | library.                                         |
|           |        |      |Check to see if this construct is really needed   |
|           |        |      | for synthesis. Many liberty constructs are not   |
|           |        |      | actually required.                               |
| LBR-41    |Info    |    1 |An output library pin lacks a function attribute. |
|           |        |      |If the remainder of this library cell's semantic  |
|           |        |      | checks are successful, it will be considered as  |
|           |        |      | a timing-model                                   |
|           |        |      | (because one of its outputs does not have a vali |
|           |        |      | d function.                                      |
| LBR-101   |Warning |    4 |Unusable clock gating integrated cell found at    |
|           |        |      | the time of loading libraries. This warning      |
|           |        |      | happens because a particular library cell is     |
|           |        |      | defined as 'clock_gating_integrated_cell', but   |
|           |        |      | 'dont_use' attribute is defined as true in the   |
|           |        |      | liberty library. To make Genus use this cell for |
|           |        |      | clock gating insertion, 'dont_use' attribute     |
|           |        |      | should be set to false.                          |
|           |        |      |To make the cell usable, change the value of      |
|           |        |      | 'dont_use' attribute to false.                   |
| LBR-109   |Info    |    1 |Set default library domain.                       |
| LBR-155   |Info    |  270 |Mismatch in unateness between 'timing_sense'      |
|           |        |      | attribute and the function.                      |
|           |        |      |The 'timing_sense' attribute will be respected.   |
| LBR-161   |Info    |    1 |Setting the maximum print count of this message   |
|           |        |      | to 10 if information_level is less than 9.       |
| LBR-162   |Info    |  228 |Both 'pos_unate' and 'neg_unate' timing_sense     |
|           |        |      | arcs have been processed.                        |
|           |        |      |Setting the 'timing_sense' to non_unate.          |
| LBR-412   |Info    |    1 |Created nominal operating condition.              |
|           |        |      |The nominal operating condition is represented,   |
|           |        |      | either by the nominal PVT values specified in    |
|           |        |      | the library source                               |
|           |        |      | (via nom_process,nom_voltage and nom_temperature |
|           |        |      | respectively)                                    |
|           |        |      | , or by the default PVT values (1.0,1.0,1.0).    |
| LBR-518   |Info    |    1 |Missing a function attribute in the output pin    |
|           |        |      | definition.                                      |
| PHYS-12   |Warning |    7 |The variant range of wire parameters is too       |
|           |        |      | large. An example of wire parameters are, a      |
|           |        |      | WIDTH for layer, PITCH for layer, MINSPACING for |
|           |        |      | layers, etc.                                     |
|           |        |      |Check the consistency of the parameters, and see  |
|           |        |      | if you can ignore this message or you're using   |
|           |        |      | different LEF file with wrong parameters.        |
| PHYS-279  |Warning |   44 |Physical cell not defined in library.             |
|           |        |      |Ensure that the proper library files are          |
|           |        |      | available and have been imported.                |
| PHYS-752  |Info    |    1 |Partition Based Synthesis execution skipped.      |
| POPT-104  |Warning |    1 |The 'lp_insert_clock_gating' attribute should be  |
|           |        |      | set before elaboration.                          |
|           |        |      |Setting the 'lp_insert_clock_gating' attribute    |
|           |        |      | before elaboration will result in an optimal     |
|           |        |      | clock-gated design.                              |
| RTLOPT-30 |Info    |   32 |Accepted resource sharing opportunity.            |
| RTLOPT-40 |Info    |   40 |Transformed datapath macro.                       |
| SDC-201   |Warning |    1 |Unsupported SDC command option.                   |
|           |        |      |The current version does not support this SDC     |
|           |        |      | command option.  However, future versions may be |
|           |        |      | enhanced to support this option.                 |
| SYNTH-1   |Info    |    1 |Synthesizing.                                     |
| TIM-1000  |Info    |    1 |Multimode clock gating check is disabled.         |
| TUI-279   |Warning |    1 |Check number of local CPUs.                       |
|           |        |      |The lower value will be used.                     |
--------------------------------------------------------------------------------
Current PLE settings:

Aspect ratio        : 1.000
Shrink factor       : 0.900
Scale of res/length : 1.000
Scale of cap/length : 1.000
Net derating factor : 1.000
Thermal factor      : 1.253
Via Resistance      : 16.501 ohm (from qrc_tech_file)
Site size           : 1.040 um (from lef [tech+cell])

                                   Capacitance  
  Layer                             / Length         Data source:
Name        Direction Utilization  (pF/micron)       qrc_tech_file
------------------------------------------------
M1              V         0.00        0.000210  
M2              H         1.00        0.000184  
M3              V         1.00        0.000138  
M4              H         1.00        0.000137  
M5              V         1.00        0.000138  
M6              H         1.00        0.000133  
M7              V         1.00        0.000194  
M8              H         1.00        0.000322  
M9              V         1.00        0.000582  
AP              H         1.00        0.000334  

                                    Resistance   
  Layer                              / Length         Data source:
Name        Direction Utilization  (ohm/micron)       qrc_tech_file
-------------------------------------------------
M1              V         0.00        14.633762  
M2              H         1.00        14.861223  
M3              V         1.00        14.861223  
M4              H         1.00        14.861223  
M5              V         1.00        14.861223  
M6              H         1.00        14.861223  
M7              V         1.00         3.005090  
M8              H         1.00         0.111088  
M9              V         1.00         0.004928  
AP              H         1.00         0.009992  

                                        Area     
  Layer                               / Length        Data source:
Name        Direction Utilization     (micron)        lef_library
-------------------------------------------------
M1              V         0.00         0.050000  
M2              H         1.00         0.050000  
M3              V         1.00         0.050000  
M4              H         1.00         0.050000  
M5              V         1.00         0.050000  
M6              H         1.00         0.050000  
M7              V         1.00         0.100000  
M8              H         1.00         0.400000  
M9              V         1.00         2.000000  
AP              H         1.00         2.000000  

Mapper: Libraries have:
	domain timing_cond_0p81v_125c: 530 combo usable cells and 349 sequential usable cells
Info    : Attempting to launch a super-threading server. [ST-120]
        : Attempting to Launch server 1 of 28.
        : The tool is entering super-threading mode and is launching a CPU server process.  This is enabled by the root attribute 'super_thread_servers' or 'auto_super_thread'.
Info    : Connection established with super-threading server. [ST-110]
        : The server 'localhost_1_0' is process '589512' on this host.
        : The tool is entering super-threading mode and has established a connection with a CPU server process.  This is enabled by the root attributes 'super_thread_servers' or 'auto_super_thread'.
                  Library loading done successfully on server 'localhost_1_0'.
Info    : Connection established with super-threading server. [ST-110]
        : The server 'localhost_1_1' is forked process '589774' on this host.
Info    : Connection established with super-threading server. [ST-110]
        : The server 'localhost_1_2' is forked process '589776' on this host.
Info    : Connection established with super-threading server. [ST-110]
        : The server 'localhost_1_3' is forked process '589778' on this host.
Info    : Connection established with super-threading server. [ST-110]
        : The server 'localhost_1_4' is forked process '589780' on this host.
Info    : Connection established with super-threading server. [ST-110]
        : The server 'localhost_1_5' is forked process '589782' on this host.
Info    : Connection established with super-threading server. [ST-110]
        : The server 'localhost_1_6' is forked process '589784' on this host.
Info    : Connection established with super-threading server. [ST-110]
        : The server 'localhost_1_7' is forked process '589786' on this host.

[08:58:00.027747] Periodic Lic check successful
[08:58:00.027754] Feature usage summary:
[08:58:00.027754] Genus_Synthesis
[08:58:00.027755] Genus_CPU_Opt
Checking out license: Genus_CPU_Opt
Info    : Connection established with super-threading server. [ST-110]
        : The server 'localhost_1_8' is forked process '589788' on this host.
Info    : Connection established with super-threading server. [ST-110]
        : The server 'localhost_1_9' is forked process '589790' on this host.
Info    : Connection established with super-threading server. [ST-110]
        : The server 'localhost_1_10' is forked process '589792' on this host.
Info    : Connection established with super-threading server. [ST-110]
        : The server 'localhost_1_11' is forked process '589794' on this host.
Info    : Connection established with super-threading server. [ST-110]
        : The server 'localhost_1_12' is forked process '589796' on this host.
Info    : Connection established with super-threading server. [ST-110]
        : The server 'localhost_1_13' is forked process '589798' on this host.
Info    : Connection established with super-threading server. [ST-110]
        : The server 'localhost_1_14' is forked process '589800' on this host.
Info    : Connection established with super-threading server. [ST-110]
        : The server 'localhost_1_15' is forked process '589802' on this host.
Checking out license: Genus_CPU_Opt
Info    : Connection established with super-threading server. [ST-110]
        : The server 'localhost_1_16' is forked process '589804' on this host.
Info    : Connection established with super-threading server. [ST-110]
        : The server 'localhost_1_17' is forked process '589806' on this host.
Info    : Connection established with super-threading server. [ST-110]
        : The server 'localhost_1_18' is forked process '589808' on this host.
Info    : Connection established with super-threading server. [ST-110]
        : The server 'localhost_1_19' is forked process '589810' on this host.
Warning : Maximum message print count reached. [MESG-11]
        : Maximum print count of '20' reached for message 'ST-110'.
Checking out license: Genus_CPU_Opt
Multi-threaded constant propagation [1|0] ...
Info    : Replacing the synchronous part of an always feeding back flip-flop with a logic constant. [GLO-45]
        : The instance is 'r_output_addr_channel_reg[1]'. The constant is '0'.
        : To prevent this optimization, set 'optimize_constant_feedback_seqs' root attribute to 'false'. The instance attribute 'optimize_constant_feedback_seq' controls this optimization. 
Info    : Replacing the synchronous part of an always feeding back flip-flop with a logic constant. [GLO-45]
        : The instance is 'r_output_addr_row_reg[1]'. The constant is '0'.
Info    : Replacing the synchronous part of an always feeding back flip-flop with a logic constant. [GLO-45]
        : The instance is 'r_output_addr_channel_reg[0]'. The constant is '0'.
Info    : Replacing the synchronous part of an always feeding back flip-flop with a logic constant. [GLO-45]
        : The instance is 'r_output_addr_col_reg[0]'. The constant is '0'.
Info    : Replacing the synchronous part of an always feeding back flip-flop with a logic constant. [GLO-45]
        : The instance is 'r_output_addr_row_reg[0]'. The constant is '0'.
Info    : Replacing the synchronous part of an always feeding back flip-flop with a logic constant. [GLO-45]
        : The instance is 'r_transform_product_idx_reg[2]'. The constant is '0'.
Info    : Replacing the synchronous part of an always feeding back flip-flop with a logic constant. [GLO-45]
        : The instance is 'r_transform_product_idx_reg[1]'. The constant is '0'.
Info    : Replacing the synchronous part of an always feeding back flip-flop with a logic constant. [GLO-45]
        : The instance is 'r_transform_product_idx_reg[0]'. The constant is '0'.
Info    : Replacing the synchronous part of an always feeding back flip-flop with a logic constant. [GLO-45]
        : The instance is 'r_inverse_row_idx_reg[0]'. The constant is '0'.
Info    : Replacing the synchronous part of an always feeding back flip-flop with a logic constant. [GLO-45]
        : The instance is 'r_input_window_next_reg[0]'. The constant is '0'.
Info    : Replacing a flip-flop with a logic constant 0. [GLO-12]
        : The instance is 'r_input_window_next_reg[0]'.
        : To prevent this optimization, set the 'optimize_constant_0_flops' root attribute to 'false' or 'optimize_constant_0_seq' instance attribute to 'false'. You can also see the complete list of deleted sequential with command "report sequential -deleted" (on Reason "constant0").
Info    : Replacing a flip-flop with a logic constant 0. [GLO-12]
        : The instance is 'r_inverse_row_idx_reg[0]'.
Info    : Replacing a flip-flop with a logic constant 0. [GLO-12]
        : The instance is 'r_output_addr_channel_reg[0]'.
Info    : Replacing a flip-flop with a logic constant 0. [GLO-12]
        : The instance is 'r_output_addr_channel_reg[1]'.
Info    : Replacing a flip-flop with a logic constant 0. [GLO-12]
        : The instance is 'r_output_addr_col_reg[0]'.
Info    : Replacing a flip-flop with a logic constant 0. [GLO-12]
        : The instance is 'r_output_addr_row_reg[0]'.
Info    : Replacing a flip-flop with a logic constant 0. [GLO-12]
        : The instance is 'r_output_addr_row_reg[1]'.
Info    : Replacing a flip-flop with a logic constant 0. [GLO-12]
        : The instance is 'r_transform_product_idx_reg[0]'.
Info    : Replacing a flip-flop with a logic constant 0. [GLO-12]
        : The instance is 'r_transform_product_idx_reg[1]'.
Info    : Replacing a flip-flop with a logic constant 0. [GLO-12]
        : The instance is 'r_transform_product_idx_reg[2]'.
Info    : Replacing a flip-flop with a logic constant 0. [GLO-12]
        : The instance is 'st_conv_current_reg[2]'.
Info    : Replacing the synchronous part of an always feeding back flip-flop with a logic constant. [GLO-45]
        : The instance is 'r_input_addr_feat_reg[0]'. The constant is '0'.
Info    : Replacing a flip-flop with a logic constant 0. [GLO-12]
        : The instance is 'r_input_addr_feat_reg[0]'.
Info    : Deleting instances not driving any primary outputs. [GLO-34]
        : Deleting 12 sequential instances.
Info    : Deleting instances not driving any primary outputs. [GLO-34]
        : Deleting 6 hierarchical instances.
Inserting clock-gating logic .....
Info    : A potential clock gating enable was not considered due to the presence of timing exceptions. [POPT-92]
        : Clock gating timing exception awareness can be disabled with the 'lp_clock_gating_exceptions_aware' attribute.
Clock Gating Status
===================
Category                                Number    Percentage
------------------------------------------------------------------
Gated flip-flops                        1049		 99%
Ungated flip-flops
  Cannot map to requested logic         0		  0%
  Enable signal is constant             0		  0%
  Excluded from clock-gating            0		  0%
  User preserved                        0		  0%
  Libcell unusable                      0		  0%
  Timing exception in enable logic      0		  0%
  Register bank width too small         13		  1%
Total flip-flops                        1062		100%
Total CG Modules                        50
Info    : Deleting instances not driving any primary outputs. [GLO-34]
        : Deleting 1 sequential instance.
Multi-threaded Virtual Mapping    (8 threads per ST process, 8 of 28 CPUs usable)
        Distributing super-thread jobs: csa_tree_minus_1043_18_group_80405 csa_tree_minus_1047_18_group_46872 csa_tree_45554 csa_tree_sub009809_group_29 csa_tree_add_1067_41_group_50 csa_tree_add_1066_41_group_52 csa_tree_15354 csa_tree_fac167_group_16567 add_signed_carry_5619 sub_unsigned_26_1404 sub_unsigned_26_1405 sub_unsigned_26_1408 sub_unsigned_26_1411 sub_unsigned_26_1403 sub_unsigned_26_1410 sub_unsigned_26_1402 sub_unsigned_26_1401 sub_unsigned_26_1406 sub_unsigned_26_1409 sub_unsigned_26_1400 sub_unsigned_26_1407 add_unsigned_25_1252 add_unsigned_25_1254 add_unsigned_25_1255 add_unsigned_25_1253
          Sending 'csa_tree_minus_1043_18_group_80405' to server 'localhost_1_25'...
            Sent 'csa_tree_minus_1043_18_group_80405' to server 'localhost_1_25'.
          Sending 'csa_tree_minus_1047_18_group_46872' to server 'localhost_1_21'...
            Sent 'csa_tree_minus_1047_18_group_46872' to server 'localhost_1_21'.
          Sending 'csa_tree_45554' to server 'localhost_1_6'...
            Sent 'csa_tree_45554' to server 'localhost_1_6'.
          Sending 'csa_tree_sub009809_group_29' to server 'localhost_1_14'...
            Sent 'csa_tree_sub009809_group_29' to server 'localhost_1_14'.
          Sending 'csa_tree_add_1067_41_group_50' to server 'localhost_1_19'...
            Sent 'csa_tree_add_1067_41_group_50' to server 'localhost_1_19'.
          Sending 'csa_tree_add_1066_41_group_52' to server 'localhost_1_4'...
            Sent 'csa_tree_add_1066_41_group_52' to server 'localhost_1_4'.
          Sending 'csa_tree_15354' to server 'localhost_1_9'...
            Sent 'csa_tree_15354' to server 'localhost_1_9'.
          Sending 'csa_tree_fac167_group_16567' to server 'localhost_1_3'...
            Sent 'csa_tree_fac167_group_16567' to server 'localhost_1_3'.
          Sending 'add_signed_carry_5619' to server 'localhost_1_27'...
            Sent 'add_signed_carry_5619' to server 'localhost_1_27'.
          Sending 'sub_unsigned_26_1404' to server 'localhost_1_17'...
            Sent 'sub_unsigned_26_1404' to server 'localhost_1_17'.
          Sending 'sub_unsigned_26_1405' to server 'localhost_1_1'...
            Sent 'sub_unsigned_26_1405' to server 'localhost_1_1'.
          Sending 'sub_unsigned_26_1408' to server 'localhost_1_7'...
            Sent 'sub_unsigned_26_1408' to server 'localhost_1_7'.
          Sending 'sub_unsigned_26_1411' to server 'localhost_1_0'...
            Sent 'sub_unsigned_26_1411' to server 'localhost_1_0'.
          Sending 'sub_unsigned_26_1403' to server 'localhost_1_11'...
            Sent 'sub_unsigned_26_1403' to server 'localhost_1_11'.
          Sending 'sub_unsigned_26_1410' to server 'localhost_1_22'...
            Sent 'sub_unsigned_26_1410' to server 'localhost_1_22'.
          Sending 'sub_unsigned_26_1402' to server 'localhost_1_5'...
            Sent 'sub_unsigned_26_1402' to server 'localhost_1_5'.
          Sending 'sub_unsigned_26_1401' to server 'localhost_1_26'...
            Sent 'sub_unsigned_26_1401' to server 'localhost_1_26'.
          Sending 'sub_unsigned_26_1406' to server 'localhost_1_20'...
            Sent 'sub_unsigned_26_1406' to server 'localhost_1_20'.
          Sending 'sub_unsigned_26_1409' to server 'localhost_1_15'...
            Sent 'sub_unsigned_26_1409' to server 'localhost_1_15'.
          Sending 'sub_unsigned_26_1400' to server 'localhost_1_18'...
            Sent 'sub_unsigned_26_1400' to server 'localhost_1_18'.
          Sending 'sub_unsigned_26_1407' to server 'localhost_1_13'...
            Sent 'sub_unsigned_26_1407' to server 'localhost_1_13'.
          Sending 'add_unsigned_25_1252' to server 'localhost_1_12'...
            Sent 'add_unsigned_25_1252' to server 'localhost_1_12'.
          Sending 'add_unsigned_25_1254' to server 'localhost_1_23'...
            Sent 'add_unsigned_25_1254' to server 'localhost_1_23'.
          Sending 'add_unsigned_25_1255' to server 'localhost_1_24'...
            Sent 'add_unsigned_25_1255' to server 'localhost_1_24'.
          Sending 'add_unsigned_25_1253' to server 'localhost_1_2'...
            Sent 'add_unsigned_25_1253' to server 'localhost_1_2'.
          Received 'csa_tree_fac167_group_16567' from server 'localhost_1_3'. (7311 ms elapsed)
          Received 'csa_tree_add_1066_41_group_52' from server 'localhost_1_4'. (7634 ms elapsed)
          Received 'sub_unsigned_26_1404' from server 'localhost_1_17'. (8309 ms elapsed)
          Received 'add_signed_carry_5619' from server 'localhost_1_27'. (8461 ms elapsed)
          Received 'sub_unsigned_26_1403' from server 'localhost_1_11'. (8439 ms elapsed)
          Received 'sub_unsigned_26_1406' from server 'localhost_1_20'. (8509 ms elapsed)
          Received 'sub_unsigned_26_1400' from server 'localhost_1_18'. (8572 ms elapsed)
          Received 'sub_unsigned_26_1405' from server 'localhost_1_1'. (8688 ms elapsed)
          Received 'sub_unsigned_26_1411' from server 'localhost_1_0'. (8724 ms elapsed)
          Received 'csa_tree_15354' from server 'localhost_1_9'. (8814 ms elapsed)
          Received 'sub_unsigned_26_1410' from server 'localhost_1_22'. (8938 ms elapsed)
          Received 'csa_tree_add_1067_41_group_50' from server 'localhost_1_19'. (9103 ms elapsed)
          Received 'sub_unsigned_26_1407' from server 'localhost_1_13'. (9011 ms elapsed)
          Received 'add_unsigned_25_1254' from server 'localhost_1_23'. (9001 ms elapsed)
          Received 'add_unsigned_25_1252' from server 'localhost_1_12'. (9057 ms elapsed)
          Received 'sub_unsigned_26_1408' from server 'localhost_1_7'. (9180 ms elapsed)
          Received 'sub_unsigned_26_1409' from server 'localhost_1_15'. (9118 ms elapsed)
          Received 'add_unsigned_25_1255' from server 'localhost_1_24'. (9116 ms elapsed)
          Received 'csa_tree_45554' from server 'localhost_1_6'. (9413 ms elapsed)
          Received 'sub_unsigned_26_1401' from server 'localhost_1_26'. (9252 ms elapsed)
          Received 'add_unsigned_25_1253' from server 'localhost_1_2'. (9192 ms elapsed)
          Received 'sub_unsigned_26_1402' from server 'localhost_1_5'. (9313 ms elapsed)
          Received 'csa_tree_minus_1047_18_group_46872' from server 'localhost_1_21'. (9593 ms elapsed)
          Received 'csa_tree_minus_1043_18_group_80405' from server 'localhost_1_25'. (9703 ms elapsed)
          Received 'csa_tree_sub009809_group_29' from server 'localhost_1_14'. (10271 ms elapsed)
        Distributing super-thread jobs: csa_tree_fac3_group_16565 csa_tree_fac3_group_16565_1364 csa_tree_fac2_group_16562 csa_tree_fac2_group_16562_1359 mux_ctl_0x_1570 mux_ctl_0x_1573 sub_unsigned_26_1398 sub_unsigned_26_1399 sub_unsigned_26_1389 sub_unsigned_26_1390 sub_unsigned_26_1396 sub_unsigned_26_1391 sub_unsigned_26_1397 sub_unsigned_26_1393 sub_unsigned_26_1395 sub_unsigned_26_1388 sub_unsigned_26_1394 sub_unsigned_26_1392 add_unsigned_25_1251 add_unsigned_25_1250 add_unsigned_25_1248 add_unsigned_25_1249
          Sending 'csa_tree_fac3_group_16565' to server 'localhost_1_25'...
            Sent 'csa_tree_fac3_group_16565' to server 'localhost_1_25'.
          Sending 'csa_tree_fac3_group_16565_1364' to server 'localhost_1_21'...
            Sent 'csa_tree_fac3_group_16565_1364' to server 'localhost_1_21'.
          Sending 'csa_tree_fac2_group_16562' to server 'localhost_1_6'...
            Sent 'csa_tree_fac2_group_16562' to server 'localhost_1_6'.
          Sending 'csa_tree_fac2_group_16562_1359' to server 'localhost_1_14'...
            Sent 'csa_tree_fac2_group_16562_1359' to server 'localhost_1_14'.
          Sending 'mux_ctl_0x_1570' to server 'localhost_1_19'...
            Sent 'mux_ctl_0x_1570' to server 'localhost_1_19'.
          Sending 'mux_ctl_0x_1573' to server 'localhost_1_4'...
            Sent 'mux_ctl_0x_1573' to server 'localhost_1_4'.
          Sending 'sub_unsigned_26_1398' to server 'localhost_1_9'...
            Sent 'sub_unsigned_26_1398' to server 'localhost_1_9'.
          Sending 'sub_unsigned_26_1399' to server 'localhost_1_3'...
            Sent 'sub_unsigned_26_1399' to server 'localhost_1_3'.
          Sending 'sub_unsigned_26_1389' to server 'localhost_1_27'...
            Sent 'sub_unsigned_26_1389' to server 'localhost_1_27'.
          Sending 'sub_unsigned_26_1390' to server 'localhost_1_17'...
            Sent 'sub_unsigned_26_1390' to server 'localhost_1_17'.
          Sending 'sub_unsigned_26_1396' to server 'localhost_1_1'...
            Sent 'sub_unsigned_26_1396' to server 'localhost_1_1'.
          Sending 'sub_unsigned_26_1391' to server 'localhost_1_7'...
            Sent 'sub_unsigned_26_1391' to server 'localhost_1_7'.
          Sending 'sub_unsigned_26_1397' to server 'localhost_1_0'...
            Sent 'sub_unsigned_26_1397' to server 'localhost_1_0'.
          Sending 'sub_unsigned_26_1393' to server 'localhost_1_11'...
            Sent 'sub_unsigned_26_1393' to server 'localhost_1_11'.
          Sending 'sub_unsigned_26_1395' to server 'localhost_1_22'...
            Sent 'sub_unsigned_26_1395' to server 'localhost_1_22'.
          Sending 'sub_unsigned_26_1388' to server 'localhost_1_5'...
            Sent 'sub_unsigned_26_1388' to server 'localhost_1_5'.
          Sending 'sub_unsigned_26_1394' to server 'localhost_1_26'...
            Sent 'sub_unsigned_26_1394' to server 'localhost_1_26'.
          Sending 'sub_unsigned_26_1392' to server 'localhost_1_20'...
            Sent 'sub_unsigned_26_1392' to server 'localhost_1_20'.
          Sending 'add_unsigned_25_1251' to server 'localhost_1_15'...
            Sent 'add_unsigned_25_1251' to server 'localhost_1_15'.
          Sending 'add_unsigned_25_1250' to server 'localhost_1_18'...
            Sent 'add_unsigned_25_1250' to server 'localhost_1_18'.
          Sending 'add_unsigned_25_1248' to server 'localhost_1_13'...
            Sent 'add_unsigned_25_1248' to server 'localhost_1_13'.
          Sending 'add_unsigned_25_1249' to server 'localhost_1_12'...
            Sent 'add_unsigned_25_1249' to server 'localhost_1_12'.
          Received 'sub_unsigned_26_1399' from server 'localhost_1_3'. (244 ms elapsed)
          Received 'sub_unsigned_26_1391' from server 'localhost_1_7'. (288 ms elapsed)
          Received 'mux_ctl_0x_1570' from server 'localhost_1_19'. (370 ms elapsed)
          Received 'sub_unsigned_26_1393' from server 'localhost_1_11'. (298 ms elapsed)
          Received 'sub_unsigned_26_1389' from server 'localhost_1_27'. (360 ms elapsed)
          Received 'mux_ctl_0x_1573' from server 'localhost_1_4'. (392 ms elapsed)
          Received 'sub_unsigned_26_1388' from server 'localhost_1_5'. (307 ms elapsed)
          Received 'sub_unsigned_26_1395' from server 'localhost_1_22'. (322 ms elapsed)
          Received 'sub_unsigned_26_1397' from server 'localhost_1_0'. (353 ms elapsed)
          Received 'sub_unsigned_26_1396' from server 'localhost_1_1'. (382 ms elapsed)
          Received 'sub_unsigned_26_1390' from server 'localhost_1_17'. (391 ms elapsed)
          Received 'sub_unsigned_26_1394' from server 'localhost_1_26'. (315 ms elapsed)
          Received 'add_unsigned_25_1251' from server 'localhost_1_15'. (298 ms elapsed)
          Received 'add_unsigned_25_1248' from server 'localhost_1_13'. (288 ms elapsed)
          Received 'add_unsigned_25_1250' from server 'localhost_1_18'. (300 ms elapsed)
          Received 'csa_tree_fac2_group_16562' from server 'localhost_1_6'. (559 ms elapsed)
          Received 'csa_tree_fac3_group_16565' from server 'localhost_1_25'. (654 ms elapsed)
          Received 'csa_tree_fac2_group_16562_1359' from server 'localhost_1_14'. (614 ms elapsed)
          Received 'csa_tree_fac3_group_16565_1364' from server 'localhost_1_21'. (672 ms elapsed)
          Received 'sub_unsigned_26_1392' from server 'localhost_1_20'. (611 ms elapsed)
          Received 'sub_unsigned_26_1398' from server 'localhost_1_9'. (755 ms elapsed)
          Received 'add_unsigned_25_1249' from server 'localhost_1_12'. (684 ms elapsed)
        Distributing super-thread jobs: mux_ctl_0x_1571 mux_ctl_0x_1572
          Sending 'mux_ctl_0x_1571' to server 'localhost_1_25'...
            Sent 'mux_ctl_0x_1571' to server 'localhost_1_25'.
          Sending 'mux_ctl_0x_1572' to server 'localhost_1_21'...
            Sent 'mux_ctl_0x_1572' to server 'localhost_1_21'.
          Received 'mux_ctl_0x_1571' from server 'localhost_1_25'. (250 ms elapsed)
          Received 'mux_ctl_0x_1572' from server 'localhost_1_21'. (256 ms elapsed)
        Distributing super-thread jobs: cb_part_1597
          Sending 'cb_part_1597' to server 'localhost_1_25'...
            Sent 'cb_part_1597' to server 'localhost_1_25'.
          Received 'cb_part_1597' from server 'localhost_1_25'. (2488 ms elapsed)
        Distributing super-thread jobs: cb_seq_1575 mult_signed_1302 mult_signed_1308 mult_signed mult_signed_1307 mult_signed_1304 WALLACE_CSA_DUMMY_OP256_group_2
          Sending 'cb_seq_1575' to server 'localhost_1_25'...
            Sent 'cb_seq_1575' to server 'localhost_1_25'.
          Sending 'mult_signed_1302' to server 'localhost_1_21'...
            Sent 'mult_signed_1302' to server 'localhost_1_21'.
          Sending 'mult_signed_1308' to server 'localhost_1_6'...
            Sent 'mult_signed_1308' to server 'localhost_1_6'.
          Sending 'mult_signed' to server 'localhost_1_14'...
            Sent 'mult_signed' to server 'localhost_1_14'.
          Sending 'mult_signed_1307' to server 'localhost_1_19'...
            Sent 'mult_signed_1307' to server 'localhost_1_19'.
          Sending 'mult_signed_1304' to server 'localhost_1_4'...
            Sent 'mult_signed_1304' to server 'localhost_1_4'.
          Sending 'WALLACE_CSA_DUMMY_OP256_group_2' to server 'localhost_1_9'...
            Sent 'WALLACE_CSA_DUMMY_OP256_group_2' to server 'localhost_1_9'.
          Received 'cb_seq_1575' from server 'localhost_1_25'. (484 ms elapsed)
          Received 'WALLACE_CSA_DUMMY_OP256_group_2' from server 'localhost_1_9'. (305 ms elapsed)
          Received 'mult_signed_1302' from server 'localhost_1_21'. (1578 ms elapsed)
          Received 'mult_signed' from server 'localhost_1_14'. (1561 ms elapsed)
          Received 'mult_signed_1308' from server 'localhost_1_6'. (1621 ms elapsed)
          Received 'mult_signed_1304' from server 'localhost_1_4'. (1603 ms elapsed)
          Received 'mult_signed_1307' from server 'localhost_1_19'. (1665 ms elapsed)
        Distributing super-thread jobs: csa_tree_SUB_TC_OP_group_4 csa_tree_SUB_TC_OP_group_4_1386 csa_tree_ADD_TC_OP_1_group_6_1385 csa_tree_ADD_TC_OP_1_group_6
          Sending 'csa_tree_SUB_TC_OP_group_4' to server 'localhost_1_25'...
            Sent 'csa_tree_SUB_TC_OP_group_4' to server 'localhost_1_25'.
          Sending 'csa_tree_SUB_TC_OP_group_4_1386' to server 'localhost_1_21'...
            Sent 'csa_tree_SUB_TC_OP_group_4_1386' to server 'localhost_1_21'.
          Sending 'csa_tree_ADD_TC_OP_1_group_6_1385' to server 'localhost_1_6'...
            Sent 'csa_tree_ADD_TC_OP_1_group_6_1385' to server 'localhost_1_6'.
          Sending 'csa_tree_ADD_TC_OP_1_group_6' to server 'localhost_1_14'...
            Sent 'csa_tree_ADD_TC_OP_1_group_6' to server 'localhost_1_14'.
          Received 'csa_tree_ADD_TC_OP_1_group_6_1385' from server 'localhost_1_6'. (238 ms elapsed)
          Received 'csa_tree_ADD_TC_OP_1_group_6' from server 'localhost_1_14'. (275 ms elapsed)
          Received 'csa_tree_SUB_TC_OP_group_4' from server 'localhost_1_25'. (1219 ms elapsed)
          Received 'csa_tree_SUB_TC_OP_group_4_1386' from server 'localhost_1_21'. (1273 ms elapsed)
        Distributing super-thread jobs: sub_unsigned_26 sub_unsigned_26_1414 add_unsigned_25_1259
          Sending 'sub_unsigned_26' to server 'localhost_1_25'...
            Sent 'sub_unsigned_26' to server 'localhost_1_25'.
          Sending 'sub_unsigned_26_1414' to server 'localhost_1_21'...
            Sent 'sub_unsigned_26_1414' to server 'localhost_1_21'.
          Sending 'add_unsigned_25_1259' to server 'localhost_1_6'...
            Sent 'add_unsigned_25_1259' to server 'localhost_1_6'.
          Received 'sub_unsigned_26' from server 'localhost_1_25'. (208 ms elapsed)
          Received 'sub_unsigned_26_1414' from server 'localhost_1_21'. (209 ms elapsed)
          Received 'add_unsigned_25_1259' from server 'localhost_1_6'. (208 ms elapsed)
        Distributing super-thread jobs: add_unsigned_25_1258 add_unsigned_25_1257
          Sending 'add_unsigned_25_1258' to server 'localhost_1_25'...
            Sent 'add_unsigned_25_1258' to server 'localhost_1_25'.
          Sending 'add_unsigned_25_1257' to server 'localhost_1_21'...
            Sent 'add_unsigned_25_1257' to server 'localhost_1_21'.
          Received 'add_unsigned_25_1258' from server 'localhost_1_25'. (201 ms elapsed)
          Received 'add_unsigned_25_1257' from server 'localhost_1_21'. (201 ms elapsed)
        Distributing super-thread jobs: add_unsigned_25 add_unsigned_25_1256
          Sending 'add_unsigned_25' to server 'localhost_1_25'...
            Sent 'add_unsigned_25' to server 'localhost_1_25'.
          Sending 'add_unsigned_25_1256' to server 'localhost_1_21'...
            Sent 'add_unsigned_25_1256' to server 'localhost_1_21'.
          Received 'add_unsigned_25' from server 'localhost_1_25'. (201 ms elapsed)
          Received 'add_unsigned_25_1256' from server 'localhost_1_21'. (194 ms elapsed)
        Distributing super-thread jobs: cb_seq
          Sending 'cb_seq' to server 'localhost_1_25'...
            Sent 'cb_seq' to server 'localhost_1_25'.
          Received 'cb_seq' from server 'localhost_1_25'. (212 ms elapsed)
==================================
Stage : first_condense 
==================================
  =================
   Message Summary
  =================
--------------------------------------------------------------------------------
|   Id    |Sev  |Count |                     Message Text                      |
--------------------------------------------------------------------------------
| GB-6    |Info |   97 |A datapath component has been ungrouped.               |
| GLO-12  |Info |   12 |Replacing a flip-flop with a logic constant 0.         |
|         |     |      |To prevent this optimization, set the                  |
|         |     |      | 'optimize_constant_0_flops' root attribute to 'false' |
|         |     |      | or 'optimize_constant_0_seq' instance attribute to    |
|         |     |      | 'false'. You can also see the complete list of        |
|         |     |      | deleted sequential with command 'report sequential    |
|         |     |      | -deleted' (on Reason 'constant0').                    |
| GLO-34  |Info |    3 |Deleting instances not driving any primary outputs.    |
|         |     |      |Optimizations such as constant propagation or          |
|         |     |      | redundancy removal could change the connections so a  |
|         |     |      | hierarchical instance does not drive any primary      |
|         |     |      | outputs anymore. To see the list of deleted           |
|         |     |      | hierarchical instances, set the 'information_level'   |
|         |     |      | attribute to 2 or above. If the message is truncated  |
|         |     |      | set the message attribute 'truncate' to false to see  |
|         |     |      | the complete list. To prevent this optimization, set  |
|         |     |      | the 'delete_unloaded_insts' root/subdesign attribute  |
|         |     |      | to 'false' or 'preserve' instance attribute to        |
|         |     |      | 'true'.                                               |
| GLO-42  |Info |    1 |Equivalent sequential instances have been merged.      |
|         |     |      |To prevent merging of sequential instances, set the    |
|         |     |      | 'optimize_merge_flops' and 'optimize_merge_latches'   |
|         |     |      | root attributes to 'false' or the                     |
|         |     |      | 'optimize_merge_seq' instance attribute to 'false'.   |
| GLO-45  |Info |   11 |Replacing the synchronous part of an always feeding    |
|         |     |      | back flip-flop with a logic constant.                 |
|         |     |      |To prevent this optimization, set                      |
|         |     |      | 'optimize_constant_feedback_seqs' root attribute to   |
|         |     |      | 'false'. The instance attribute                       |
|         |     |      | 'optimize_constant_feedback_seq' controls this        |
|         |     |      | optimization.                                         |
| POPT-12 |Info |    1 |Could not find any user created clock-gating module.   |
|         |     |      |Looking for Integrated clock-gating cell in library.   |
| POPT-92 |Info |    1 |A potential clock gating enable was not considered due |
|         |     |      | to the presence of timing exceptions.                 |
|         |     |      |Clock gating timing exception awareness can be         |
|         |     |      | disabled with the 'lp_clock_gating_exceptions_aware'  |
|         |     |      | attribute.                                            |
| POPT-96 |Info |    1 |One or more cost groups were automatically created for |
|         |     |      | clock gate enable paths.                              |
|         |     |      |This feature can be disabled by setting the attribute  |
|         |     |      | lp_clock_gating_auto_cost_grouping false.             |
| ST-110  |Info |   28 |Connection established with super-threading server.    |
|         |     |      |The tool is entering super-threading mode and has      |
|         |     |      | established a connection with a CPU server process.   |
|         |     |      | This is enabled by the root attributes                |
|         |     |      | 'super_thread_servers' or 'auto_super_thread'.        |
| ST-120  |Info |    1 |Attempting to launch a super-threading server.         |
|         |     |      |The tool is entering super-threading mode and is       |
|         |     |      | launching a CPU server process.  This is enabled by   |
|         |     |      | the root attribute 'super_thread_servers' or          |
|         |     |      | 'auto_super_thread'.                                  |
| ST-128  |Info |    2 |Super thread servers are launched successfully.        |
| TUI-280 |Info |    3 |An additional product license has been checked out.    |
|         |     |      |The command 'license checkin' can be used to check the |
|         |     |      | license back in when it is no longer needed.          |
--------------------------------------------------------------------------------
 
Global mapping target info
==========================
Cost Group 'clk' target slack:    30 ps
Target path end-point (Port: Conv/p_output_data_write[19])

Cost Group 'cg_enable_group_clk' target slack:    29 ps
Target path end-point (Pin: RC_CG_HIER_INST33/RC_CGIC_INST/E (CKLNQD1BWP30P140/E))


+-----------+--------------------+-----+----------------------+---------------------------+
|   Host    |      Machine       | CPU | Physical Memory (MB) | Peak Physical Memory (MB) |
+-----------+--------------------+-----+----------------------+---------------------------+
| localhost | paxos.inf.pucrs.br | 28  |        5891.9        |          5891.9           |
+-----------+--------------------+-----+----------------------+---------------------------+

+----------------+----------------------+---------------------------+
|     Server     | Physical Memory (MB) | Peak Physical Memory (MB) |
+----------------+----------------------+---------------------------+
| localhost_1_19 |      183.4 [1]       |          [1] [2]          |
| localhost_1_0  |      4457.6 [3]      |        4457.6 [3]         |
| localhost_1_11 |      168.6 [1]       |          [1] [2]          |
| localhost_1_9  |      169.5 [1]       |          [1] [2]          |
| localhost_1_4  |      169.2 [1]       |          [1] [2]          |
| localhost_1_16 |       50.4 [1]       |          [1] [2]          |
| localhost_1_10 |       50.4 [1]       |          [1] [2]          |
| localhost_1_22 |      168.6 [1]       |          [1] [2]          |
| localhost_1_3  |      169.3 [1]       |          [1] [2]          |
| localhost_1_21 |      188.3 [1]       |          [1] [2]          |
| localhost_1_25 |      188.8 [1]       |          [1] [2]          |
| localhost_1_13 |      168.6 [1]       |          [1] [2]          |
| localhost_1_18 |      168.6 [1]       |          [1] [2]          |
| localhost_1_6  |      168.9 [1]       |          [1] [2]          |
| localhost_1_12 |      168.7 [1]       |          [1] [2]          |
| localhost_1_27 |      169.9 [1]       |          [1] [2]          |
| localhost_1_5  |      168.6 [1]       |          [1] [2]          |
| localhost_1_23 |      168.6 [1]       |          [1] [2]          |
| localhost_1_17 |      168.6 [1]       |          [1] [2]          |
| localhost_1_2  |      168.6 [1]       |          [1] [2]          |
| localhost_1_24 |      168.6 [1]       |          [1] [2]          |
| localhost_1_14 |      188.5 [1]       |          [1] [2]          |
| localhost_1_26 |      168.6 [1]       |          [1] [2]          |
| localhost_1_20 |      168.6 [1]       |          [1] [2]          |
| localhost_1_15 |      168.6 [1]       |          [1] [2]          |
| localhost_1_8  |       50.4 [1]       |          [1] [2]          |
| localhost_1_1  |      168.6 [1]       |          [1] [2]          |
| localhost_1_7  |      168.6 [1]       |          [1] [2]          |
+----------------+----------------------+---------------------------+
[1] Memory is included in parent localhost_1_0.
[2] Peak physical memory is not available for forked background servers.
[3] Memory of child processes is included.


Test connection status for design: Conv
=======================================
Connected 0 out of 0 clock-gating instances.

State Retention Synthesis Status
================================

Category                        Flops   Percentage
--------------------------------------------------
Total instances                  1061        100.0
Excluded from State Retention    1061        100.0
    - Will not convert           1061        100.0
      - Preserved                   0          0.0
      - Power intent excluded    1061        100.0
    - Could not convert             0          0.0
      - Scan type                   0          0.0
      - No suitable cell            0          0.0
State Retention instances           0          0.0
--------------------------------------------------


+-----------+--------------------+-----+----------------------+---------------------------+
|   Host    |      Machine       | CPU | Physical Memory (MB) | Peak Physical Memory (MB) |
+-----------+--------------------+-----+----------------------+---------------------------+
| localhost | paxos.inf.pucrs.br |  1  |        1969.6        |          5891.9           |
+-----------+--------------------+-----+----------------------+---------------------------+

+---------------+----------------------+---------------------------+
|    Server     | Physical Memory (MB) | Peak Physical Memory (MB) |
+---------------+----------------------+---------------------------+
| localhost_1_0 |        511.4         |          4457.6           |
+---------------+----------------------+---------------------------+

Info    : Using '2' number of super-threading servers using the attribute 'super_thread_servers' could have
          saved '118' more seconds during global map.
Info    : Using '3' number of super-threading servers using the attribute 'super_thread_servers' could have
          saved '158' more seconds during global map.
Info    : Using '4' number of super-threading servers using the attribute 'super_thread_servers' could have
          saved '177' more seconds during global map.
Info    : Using '5' number of super-threading servers using the attribute 'super_thread_servers' could have
          saved '194' more seconds during global map.
Info    : Using '7' number of super-threading servers using the attribute 'super_thread_servers' could have
          saved '205' more seconds during global map.
PBS_Generic_Opt-Post - Elapsed_Time 403, CPU_Time 362.384045
stamp 'PBS_Generic_Opt-Post' being created for table 'pbs_debug'

  Total Time (Wall) |  Stage Time (Wall)  |   % (Wall)   |    Date - Time     |  Memory   | Stage
--------------------+---------------------+--------------+--------------------+-----------+----------------------
 00:00:29(00:00:25) |  00:00:00(00:00:00) |   0.0(  0.0) |    8:52:21 (Sep12) |  686.3 MB | PBS_Generic-Start
--------------------+---------------------+--------------+--------------------+-----------+----------------------
 00:06:31(00:07:08) |  00:06:02(00:06:43) | 100.0(100.0) |    8:59:04 (Sep12) |   1.97 GB | PBS_Generic_Opt-Post
--------------------+---------------------+--------------+--------------------+-----------+----------------------
Number of threads: 28 * 1   (id: pbs_debug, time_info v1.57)
Info: (*N*) indicates data that was populated from previously saved time_info database
Info: CPU time includes time of parent + longest thread
PBS_Generic-Postgen HBO Optimizations - Elapsed_Time 1, CPU_Time 1.0
stamp 'PBS_Generic-Postgen HBO Optimizations' being created for table 'pbs_debug'

  Total Time (Wall) |  Stage Time (Wall)  |   % (Wall)   |    Date - Time     |  Memory   | Stage
--------------------+---------------------+--------------+--------------------+-----------+----------------------
 00:00:29(00:00:25) |  00:00:00(00:00:00) |   0.0(  0.0) |    8:52:21 (Sep12) |  686.3 MB | PBS_Generic-Start
--------------------+---------------------+--------------+--------------------+-----------+----------------------
 00:06:31(00:07:08) |  00:06:02(00:06:43) |  99.7( 99.8) |    8:59:04 (Sep12) |   1.97 GB | PBS_Generic_Opt-Post
--------------------+---------------------+--------------+--------------------+-----------+----------------------
 00:06:32(00:07:09) |  00:00:01(00:00:01) |   0.3(  0.2) |    8:59:05 (Sep12) |   1.97 GB | PBS_Generic-Postgen HBO Optimizations
--------------------+---------------------+--------------+--------------------+-----------+----------------------
Number of threads: 28 * 1   (id: pbs_debug, time_info v1.57)
Info: (*N*) indicates data that was populated from previously saved time_info database
Info: CPU time includes time of parent + longest thread
##>=================== Cadence Confidential (Generic-Logical) ===================
##>=================== Cadence Confidential (Generic-Logical) ===================
##>Main Thread Summary:
##>----------------------------------------------------------------------------------------
##>STEP                           Elapsed       WNS       TNS     Insts      Area    Memory
##>----------------------------------------------------------------------------------------
##>G:Initial                            1         -         -     66309     94230       686
##>G:Setup                              0         -         -         -         -         -
##>G:Launch ST                          0         -         -         -         -         -
##>G:Design Partition                   0         -         -         -         -         -
##>G:Create Partition Netlists          0         -         -         -         -         -
##>G:Init Power                         0         -         -         -         -         -
##>G:Budgeting                          0         -         -         -         -         -
##>G:Derenv-DB                          0         -         -         -         -         -
##>G:Debug Outputs                      0         -         -         -         -         -
##>G:ST loading                         0         -         -         -         -         -
##>G:Distributed                        0         -         -         -         -         -
##>G:Timer                              0         -         -         -         -         -
##>G:Assembly                           0         -         -         -         -         -
##>G:DFT                                0         -         -         -         -         -
##>G:Const Prop                         1         -         -     42360     63114      1969
##>G:Misc                             403
##>----------------------------------------------------------------------------------------
##>Total Elapsed                      405
##>========================================================================================
Info    : Done synthesizing. [SYNTH-2]
        : Done synthesizing 'Conv' to generic gates.
      flow.cputime  flow.realtime  timing.setup.tns  timing.setup.wns  snapshot
UM:*                                                                   syn_gen
@file(logical_synthesis_body.tcl) 56: syn_map
##Generic Timing Info for library domain: timing_cond_0p81v_125c typical gate delay: 20.1 ps std_slew: 6.8 ps std_load: 1.6 fF
Current PLE settings:

Aspect ratio        : 1.000
Shrink factor       : 0.900
Scale of res/length : 1.000
Scale of cap/length : 1.000
Net derating factor : 1.000
Thermal factor      : 1.253
Via Resistance      : 16.501 ohm (from qrc_tech_file)
Site size           : 1.040 um (from lef [tech+cell])

                                   Capacitance  
  Layer                             / Length         Data source:
Name        Direction Utilization  (pF/micron)       qrc_tech_file
------------------------------------------------
M1              V         0.00        0.000210  
M2              H         1.00        0.000184  
M3              V         1.00        0.000138  
M4              H         1.00        0.000137  
M5              V         1.00        0.000138  
M6              H         1.00        0.000133  
M7              V         1.00        0.000194  
M8              H         1.00        0.000322  
M9              V         1.00        0.000582  
AP              H         1.00        0.000334  

                                    Resistance   
  Layer                              / Length         Data source:
Name        Direction Utilization  (ohm/micron)       qrc_tech_file
-------------------------------------------------
M1              V         0.00        14.633762  
M2              H         1.00        14.861223  
M3              V         1.00        14.861223  
M4              H         1.00        14.861223  
M5              V         1.00        14.861223  
M6              H         1.00        14.861223  
M7              V         1.00         3.005090  
M8              H         1.00         0.111088  
M9              V         1.00         0.004928  
AP              H         1.00         0.009992  

                                        Area     
  Layer                               / Length        Data source:
Name        Direction Utilization     (micron)        lef_library
-------------------------------------------------
M1              V         0.00         0.050000  
M2              H         1.00         0.050000  
M3              V         1.00         0.050000  
M4              H         1.00         0.050000  
M5              V         1.00         0.050000  
M6              H         1.00         0.050000  
M7              V         1.00         0.100000  
M8              H         1.00         0.400000  
M9              V         1.00         2.000000  
AP              H         1.00         2.000000  

Info    : Mapping. [SYNTH-4]
        : Mapping 'Conv' using 'high' effort.
Mapper: Libraries have:
	domain timing_cond_0p81v_125c: 530 combo usable cells and 349 sequential usable cells
Configuring mapper costing (none)
TNS Restructuring config: no_value at stage: map applied.
PBS_TechMap-Start - Elapsed_Time 0, CPU_Time 0.0
stamp 'PBS_TechMap-Start' being created for table 'pbs_debug'

  Total Time (Wall) |  Stage Time (Wall)  |   % (Wall)   |    Date - Time     |  Memory   | Stage
--------------------+---------------------+--------------+--------------------+-----------+----------------------
 00:00:29(00:00:25) |  00:00:00(00:00:00) |   0.0(  0.0) |    8:52:21 (Sep12) |  686.3 MB | PBS_Generic-Start
--------------------+---------------------+--------------+--------------------+-----------+----------------------
 00:06:31(00:07:08) |  00:06:02(00:06:43) |  99.2( 99.0) |    8:59:04 (Sep12) |   1.97 GB | PBS_Generic_Opt-Post
--------------------+---------------------+--------------+--------------------+-----------+----------------------
 00:06:32(00:07:09) |  00:00:01(00:00:01) |   0.3(  0.2) |    8:59:05 (Sep12) |   1.97 GB | PBS_Generic-Postgen HBO Optimizations
--------------------+---------------------+--------------+--------------------+-----------+----------------------
 00:06:34(00:07:12) |  00:00:02(00:00:03) |   0.5(  0.7) |    8:59:08 (Sep12) |   1.96 GB | PBS_TechMap-Start
--------------------+---------------------+--------------+--------------------+-----------+----------------------
Number of threads: 28 * 1   (id: pbs_debug, time_info v1.57)
Info: (*N*) indicates data that was populated from previously saved time_info database
Info: CPU time includes time of parent + longest thread
PBS_TechMap-Premap HBO Optimizations - Elapsed_Time 1, CPU_Time 1.0
stamp 'PBS_TechMap-Premap HBO Optimizations' being created for table 'pbs_debug'

  Total Time (Wall) |  Stage Time (Wall)  |   % (Wall)   |    Date - Time     |  Memory   | Stage
--------------------+---------------------+--------------+--------------------+-----------+----------------------
 00:00:29(00:00:25) |  00:00:00(00:00:00) |   0.0(  0.0) |    8:52:21 (Sep12) |  686.3 MB | PBS_Generic-Start
--------------------+---------------------+--------------+--------------------+-----------+----------------------
 00:06:31(00:07:08) |  00:06:02(00:06:43) |  98.9( 98.8) |    8:59:04 (Sep12) |   1.97 GB | PBS_Generic_Opt-Post
--------------------+---------------------+--------------+--------------------+-----------+----------------------
 00:06:32(00:07:09) |  00:00:01(00:00:01) |   0.3(  0.2) |    8:59:05 (Sep12) |   1.97 GB | PBS_Generic-Postgen HBO Optimizations
--------------------+---------------------+--------------+--------------------+-----------+----------------------
 00:06:34(00:07:12) |  00:00:02(00:00:03) |   0.5(  0.7) |    8:59:08 (Sep12) |   1.96 GB | PBS_TechMap-Start
--------------------+---------------------+--------------+--------------------+-----------+----------------------
 00:06:35(00:07:13) |  00:00:01(00:00:01) |   0.3(  0.2) |    8:59:09 (Sep12) |   1.96 GB | PBS_TechMap-Premap HBO Optimizations
--------------------+---------------------+--------------+--------------------+-----------+----------------------
Number of threads: 28 * 1   (id: pbs_debug, time_info v1.57)
Info: (*N*) indicates data that was populated from previously saved time_info database
Info: CPU time includes time of parent + longest thread
Info    : Partition Based Synthesis execution skipped. [PHYS-752]
        : Design size is less than the partition size '100000' for distributed mapping optimization to kick in.
Current PLE settings:

Aspect ratio        : 1.000
Shrink factor       : 0.900
Scale of res/length : 1.000
Scale of cap/length : 1.000
Net derating factor : 1.000
Thermal factor      : 1.253
Via Resistance      : 16.501 ohm (from qrc_tech_file)
Site size           : 1.040 um (from lef [tech+cell])

                                   Capacitance  
  Layer                             / Length         Data source:
Name        Direction Utilization  (pF/micron)       qrc_tech_file
------------------------------------------------
M1              V         0.00        0.000210  
M2              H         1.00        0.000184  
M3              V         1.00        0.000138  
M4              H         1.00        0.000137  
M5              V         1.00        0.000138  
M6              H         1.00        0.000133  
M7              V         1.00        0.000194  
M8              H         1.00        0.000322  
M9              V         1.00        0.000582  
AP              H         1.00        0.000334  

                                    Resistance   
  Layer                              / Length         Data source:
Name        Direction Utilization  (ohm/micron)       qrc_tech_file
-------------------------------------------------
M1              V         0.00        14.633762  
M2              H         1.00        14.861223  
M3              V         1.00        14.861223  
M4              H         1.00        14.861223  
M5              V         1.00        14.861223  
M6              H         1.00        14.861223  
M7              V         1.00         3.005090  
M8              H         1.00         0.111088  
M9              V         1.00         0.004928  
AP              H         1.00         0.009992  

                                        Area     
  Layer                               / Length        Data source:
Name        Direction Utilization     (micron)        lef_library
-------------------------------------------------
M1              V         0.00         0.050000  
M2              H         1.00         0.050000  
M3              V         1.00         0.050000  
M4              H         1.00         0.050000  
M5              V         1.00         0.050000  
M6              H         1.00         0.050000  
M7              V         1.00         0.100000  
M8              H         1.00         0.400000  
M9              V         1.00         2.000000  
AP              H         1.00         2.000000  

Mapper: Libraries have:
	domain timing_cond_0p81v_125c: 530 combo usable cells and 349 sequential usable cells
Updating ST server settings
Info    : Connection established with super-threading server. [ST-110]
        : The server 'localhost_1_28' is forked process '591029' on this host.
Info    : Connection established with super-threading server. [ST-110]
        : The server 'localhost_1_29' is forked process '591031' on this host.
Info    : Connection established with super-threading server. [ST-110]
        : The server 'localhost_1_30' is forked process '591033' on this host.
Info    : Connection established with super-threading server. [ST-110]
        : The server 'localhost_1_31' is forked process '591035' on this host.
Info    : Connection established with super-threading server. [ST-110]
        : The server 'localhost_1_32' is forked process '591037' on this host.
Info    : Connection established with super-threading server. [ST-110]
        : The server 'localhost_1_33' is forked process '591039' on this host.
Info    : Connection established with super-threading server. [ST-110]
        : The server 'localhost_1_34' is forked process '591041' on this host.
Info    : Connection established with super-threading server. [ST-110]
        : The server 'localhost_1_35' is forked process '591043' on this host.
Info    : Connection established with super-threading server. [ST-110]
        : The server 'localhost_1_36' is forked process '591045' on this host.
Info    : Connection established with super-threading server. [ST-110]
        : The server 'localhost_1_37' is forked process '591047' on this host.
Info    : Connection established with super-threading server. [ST-110]
        : The server 'localhost_1_38' is forked process '591049' on this host.
Info    : Connection established with super-threading server. [ST-110]
        : The server 'localhost_1_39' is forked process '591051' on this host.
Info    : Connection established with super-threading server. [ST-110]
        : The server 'localhost_1_40' is forked process '591053' on this host.
Info    : Connection established with super-threading server. [ST-110]
        : The server 'localhost_1_41' is forked process '591055' on this host.
Info    : Connection established with super-threading server. [ST-110]
        : The server 'localhost_1_42' is forked process '591057' on this host.
Info    : Connection established with super-threading server. [ST-110]
        : The server 'localhost_1_43' is forked process '591059' on this host.
Info    : Connection established with super-threading server. [ST-110]
        : The server 'localhost_1_44' is forked process '591061' on this host.
Info    : Connection established with super-threading server. [ST-110]
        : The server 'localhost_1_45' is forked process '591063' on this host.
Info    : Connection established with super-threading server. [ST-110]
        : The server 'localhost_1_46' is forked process '591065' on this host.
Info    : Connection established with super-threading server. [ST-110]
        : The server 'localhost_1_47' is forked process '591067' on this host.
Multi-threaded Virtual Mapping    (8 threads per ST process, 8 of 28 CPUs usable)
        Distributing super-thread jobs: mult_signed_1304 mult_signed_1307 csa_tree_minus_1047_18_group_46872 csa_tree_minus_1043_18_group_80405 csa_tree_add_1067_41_group_50 csa_tree_add_1066_41_group_52 csa_tree_sub009809_group_29 csa_tree_44626 csa_tree_44626_1360 csa_tree_15287 csa_tree_14381 csa_tree_14381_1368 add_unsigned_25_1254 add_unsigned_25_1253 add_unsigned_25_1255 add_unsigned_25_1252 sub_unsigned_26_1401 sub_unsigned_26_1403 sub_unsigned_26_1406 sub_unsigned_26_1411 sub_unsigned_26_1409 sub_unsigned_26_1400 sub_unsigned_26_1410 sub_unsigned_26_1408 sub_unsigned_26_1404 sub_unsigned_26_1405 sub_unsigned_26_1407 sub_unsigned_26_1402
          Sending 'mult_signed_1304' to server 'localhost_1_49'...
            Sent 'mult_signed_1304' to server 'localhost_1_49'.
          Sending 'mult_signed_1307' to server 'localhost_1_36'...
            Sent 'mult_signed_1307' to server 'localhost_1_36'.
          Sending 'csa_tree_minus_1047_18_group_46872' to server 'localhost_1_29'...
            Sent 'csa_tree_minus_1047_18_group_46872' to server 'localhost_1_29'.
          Sending 'csa_tree_minus_1043_18_group_80405' to server 'localhost_1_48'...
            Sent 'csa_tree_minus_1043_18_group_80405' to server 'localhost_1_48'.
          Sending 'csa_tree_add_1067_41_group_50' to server 'localhost_1_35'...
            Sent 'csa_tree_add_1067_41_group_50' to server 'localhost_1_35'.
          Sending 'csa_tree_add_1066_41_group_52' to server 'localhost_1_46'...
            Sent 'csa_tree_add_1066_41_group_52' to server 'localhost_1_46'.
          Sending 'csa_tree_sub009809_group_29' to server 'localhost_1_43'...
            Sent 'csa_tree_sub009809_group_29' to server 'localhost_1_43'.
          Sending 'csa_tree_44626' to server 'localhost_1_50'...
            Sent 'csa_tree_44626' to server 'localhost_1_50'.
          Sending 'csa_tree_44626_1360' to server 'localhost_1_45'...
            Sent 'csa_tree_44626_1360' to server 'localhost_1_45'.
          Sending 'csa_tree_15287' to server 'localhost_1_39'...
            Sent 'csa_tree_15287' to server 'localhost_1_39'.
          Sending 'csa_tree_14381' to server 'localhost_1_33'...
            Sent 'csa_tree_14381' to server 'localhost_1_33'.
          Sending 'csa_tree_14381_1368' to server 'localhost_1_0'...
            Sent 'csa_tree_14381_1368' to server 'localhost_1_0'.
          Sending 'add_unsigned_25_1254' to server 'localhost_1_47'...
            Sent 'add_unsigned_25_1254' to server 'localhost_1_47'.
          Sending 'add_unsigned_25_1253' to server 'localhost_1_37'...
            Sent 'add_unsigned_25_1253' to server 'localhost_1_37'.
          Sending 'add_unsigned_25_1255' to server 'localhost_1_31'...
            Sent 'add_unsigned_25_1255' to server 'localhost_1_31'.
          Sending 'add_unsigned_25_1252' to server 'localhost_1_30'...
            Sent 'add_unsigned_25_1252' to server 'localhost_1_30'.
          Sending 'sub_unsigned_26_1401' to server 'localhost_1_41'...
            Sent 'sub_unsigned_26_1401' to server 'localhost_1_41'.
          Sending 'sub_unsigned_26_1403' to server 'localhost_1_53'...
            Sent 'sub_unsigned_26_1403' to server 'localhost_1_53'.
          Sending 'sub_unsigned_26_1406' to server 'localhost_1_34'...
            Sent 'sub_unsigned_26_1406' to server 'localhost_1_34'.
          Sending 'sub_unsigned_26_1411' to server 'localhost_1_28'...
            Sent 'sub_unsigned_26_1411' to server 'localhost_1_28'.
          Sending 'sub_unsigned_26_1409' to server 'localhost_1_40'...
            Sent 'sub_unsigned_26_1409' to server 'localhost_1_40'.
          Sending 'sub_unsigned_26_1400' to server 'localhost_1_44'...
            Sent 'sub_unsigned_26_1400' to server 'localhost_1_44'.
          Sending 'sub_unsigned_26_1410' to server 'localhost_1_52'...
            Sent 'sub_unsigned_26_1410' to server 'localhost_1_52'.
          Sending 'sub_unsigned_26_1408' to server 'localhost_1_32'...
            Sent 'sub_unsigned_26_1408' to server 'localhost_1_32'.
          Sending 'sub_unsigned_26_1404' to server 'localhost_1_54'...
            Sent 'sub_unsigned_26_1404' to server 'localhost_1_54'.
          Sending 'sub_unsigned_26_1405' to server 'localhost_1_38'...
            Sent 'sub_unsigned_26_1405' to server 'localhost_1_38'.
          Sending 'sub_unsigned_26_1407' to server 'localhost_1_42'...
            Sent 'sub_unsigned_26_1407' to server 'localhost_1_42'.
          Sending 'sub_unsigned_26_1402' to server 'localhost_1_51'...
            Sent 'sub_unsigned_26_1402' to server 'localhost_1_51'.
          Received 'csa_tree_15287' from server 'localhost_1_39'. (415 ms elapsed)
          Received 'csa_tree_44626' from server 'localhost_1_50'. (447 ms elapsed)
          Received 'csa_tree_44626_1360' from server 'localhost_1_45'. (454 ms elapsed)
          Received 'csa_tree_14381' from server 'localhost_1_33'. (454 ms elapsed)
          Received 'csa_tree_minus_1047_18_group_46872' from server 'localhost_1_29'. (579 ms elapsed)
          Received 'add_unsigned_25_1253' from server 'localhost_1_37'. (456 ms elapsed)
          Received 'add_unsigned_25_1255' from server 'localhost_1_31'. (463 ms elapsed)
          Received 'csa_tree_add_1066_41_group_52' from server 'localhost_1_46'. (582 ms elapsed)
          Received 'add_unsigned_25_1254' from server 'localhost_1_47'. (524 ms elapsed)
          Received 'add_unsigned_25_1252' from server 'localhost_1_30'. (506 ms elapsed)
          Received 'csa_tree_add_1067_41_group_50' from server 'localhost_1_35'. (621 ms elapsed)
          Received 'sub_unsigned_26_1403' from server 'localhost_1_53'. (504 ms elapsed)
          Received 'sub_unsigned_26_1401' from server 'localhost_1_41'. (525 ms elapsed)
          Received 'csa_tree_14381_1368' from server 'localhost_1_0'. (602 ms elapsed)
          Received 'sub_unsigned_26_1404' from server 'localhost_1_54'. (476 ms elapsed)
          Received 'sub_unsigned_26_1408' from server 'localhost_1_32'. (488 ms elapsed)
          Received 'sub_unsigned_26_1410' from server 'localhost_1_52'. (500 ms elapsed)
          Received 'sub_unsigned_26_1400' from server 'localhost_1_44'. (511 ms elapsed)
          Received 'sub_unsigned_26_1409' from server 'localhost_1_40'. (524 ms elapsed)
          Received 'sub_unsigned_26_1406' from server 'localhost_1_34'. (546 ms elapsed)
          Received 'sub_unsigned_26_1405' from server 'localhost_1_38'. (467 ms elapsed)
          Received 'sub_unsigned_26_1407' from server 'localhost_1_42'. (457 ms elapsed)
          Received 'csa_tree_minus_1043_18_group_80405' from server 'localhost_1_48'. (707 ms elapsed)
          Received 'sub_unsigned_26_1402' from server 'localhost_1_51'. (709 ms elapsed)
          Received 'mult_signed_1307' from server 'localhost_1_36'. (1119 ms elapsed)
          Received 'mult_signed_1304' from server 'localhost_1_49'. (1209 ms elapsed)
          Received 'sub_unsigned_26_1411' from server 'localhost_1_28'. (954 ms elapsed)
          Received 'csa_tree_sub009809_group_29' from server 'localhost_1_43'. (1070 ms elapsed)
        Distributing super-thread jobs: csa_tree_45554 csa_tree_15354 csa_tree_SUB_TC_OP_group_4 csa_tree_ADD_TC_OP_1_group_6 csa_tree_fac167_group_16567 add_signed_carry_5619 add_unsigned_25_1248 add_unsigned_25_1251 add_unsigned_25_1250 add_unsigned_25_1249 sub_unsigned_26_1391 sub_unsigned_26_1392 sub_unsigned_26_1390 sub_unsigned_26_1395 sub_unsigned_26_1393 sub_unsigned_26_1398 sub_unsigned_26_1388 sub_unsigned_26_1397 sub_unsigned_26_1396 sub_unsigned_26_1394 sub_unsigned_26_1389 sub_unsigned_26_1399
          Sending 'csa_tree_45554' to server 'localhost_1_49'...
            Sent 'csa_tree_45554' to server 'localhost_1_49'.
          Sending 'csa_tree_15354' to server 'localhost_1_36'...
            Sent 'csa_tree_15354' to server 'localhost_1_36'.
          Sending 'csa_tree_SUB_TC_OP_group_4' to server 'localhost_1_29'...
            Sent 'csa_tree_SUB_TC_OP_group_4' to server 'localhost_1_29'.
          Sending 'csa_tree_ADD_TC_OP_1_group_6' to server 'localhost_1_48'...
            Sent 'csa_tree_ADD_TC_OP_1_group_6' to server 'localhost_1_48'.
          Sending 'csa_tree_fac167_group_16567' to server 'localhost_1_35'...
            Sent 'csa_tree_fac167_group_16567' to server 'localhost_1_35'.
          Sending 'add_signed_carry_5619' to server 'localhost_1_46'...
            Sent 'add_signed_carry_5619' to server 'localhost_1_46'.
          Sending 'add_unsigned_25_1248' to server 'localhost_1_43'...
            Sent 'add_unsigned_25_1248' to server 'localhost_1_43'.
          Sending 'add_unsigned_25_1251' to server 'localhost_1_50'...
            Sent 'add_unsigned_25_1251' to server 'localhost_1_50'.
          Sending 'add_unsigned_25_1250' to server 'localhost_1_45'...
            Sent 'add_unsigned_25_1250' to server 'localhost_1_45'.
          Sending 'add_unsigned_25_1249' to server 'localhost_1_39'...
            Sent 'add_unsigned_25_1249' to server 'localhost_1_39'.
          Sending 'sub_unsigned_26_1391' to server 'localhost_1_33'...
            Sent 'sub_unsigned_26_1391' to server 'localhost_1_33'.
          Sending 'sub_unsigned_26_1392' to server 'localhost_1_0'...
            Sent 'sub_unsigned_26_1392' to server 'localhost_1_0'.
          Sending 'sub_unsigned_26_1390' to server 'localhost_1_47'...
            Sent 'sub_unsigned_26_1390' to server 'localhost_1_47'.
          Sending 'sub_unsigned_26_1395' to server 'localhost_1_37'...
            Sent 'sub_unsigned_26_1395' to server 'localhost_1_37'.
          Sending 'sub_unsigned_26_1393' to server 'localhost_1_31'...
            Sent 'sub_unsigned_26_1393' to server 'localhost_1_31'.
          Sending 'sub_unsigned_26_1398' to server 'localhost_1_30'...
            Sent 'sub_unsigned_26_1398' to server 'localhost_1_30'.
          Sending 'sub_unsigned_26_1388' to server 'localhost_1_41'...
            Sent 'sub_unsigned_26_1388' to server 'localhost_1_41'.
          Sending 'sub_unsigned_26_1397' to server 'localhost_1_53'...
            Sent 'sub_unsigned_26_1397' to server 'localhost_1_53'.
          Sending 'sub_unsigned_26_1396' to server 'localhost_1_34'...
            Sent 'sub_unsigned_26_1396' to server 'localhost_1_34'.
          Sending 'sub_unsigned_26_1394' to server 'localhost_1_28'...
            Sent 'sub_unsigned_26_1394' to server 'localhost_1_28'.
          Sending 'sub_unsigned_26_1389' to server 'localhost_1_40'...
            Sent 'sub_unsigned_26_1389' to server 'localhost_1_40'.
          Sending 'sub_unsigned_26_1399' to server 'localhost_1_44'...
            Sent 'sub_unsigned_26_1399' to server 'localhost_1_44'.
          Received 'csa_tree_45554' from server 'localhost_1_49'. (237 ms elapsed)
          Received 'csa_tree_15354' from server 'localhost_1_36'. (216 ms elapsed)
          Received 'csa_tree_ADD_TC_OP_1_group_6' from server 'localhost_1_48'. (186 ms elapsed)
          Received 'sub_unsigned_26_1392' from server 'localhost_1_0'. (118 ms elapsed)
          Received 'csa_tree_fac167_group_16567' from server 'localhost_1_35'. (188 ms elapsed)
          Received 'sub_unsigned_26_1390' from server 'localhost_1_47'. (116 ms elapsed)
          Received 'sub_unsigned_26_1395' from server 'localhost_1_37'. (117 ms elapsed)
          Received 'csa_tree_SUB_TC_OP_group_4' from server 'localhost_1_29'. (235 ms elapsed)
          Received 'sub_unsigned_26_1391' from server 'localhost_1_33'. (145 ms elapsed)
          Received 'add_unsigned_25_1250' from server 'localhost_1_45'. (164 ms elapsed)
          Received 'add_unsigned_25_1249' from server 'localhost_1_39'. (155 ms elapsed)
          Received 'sub_unsigned_26_1396' from server 'localhost_1_34'. (111 ms elapsed)
          Received 'sub_unsigned_26_1388' from server 'localhost_1_41'. (130 ms elapsed)
          Received 'sub_unsigned_26_1397' from server 'localhost_1_53'. (122 ms elapsed)
          Received 'sub_unsigned_26_1398' from server 'localhost_1_30'. (139 ms elapsed)
          Received 'sub_unsigned_26_1393' from server 'localhost_1_31'. (149 ms elapsed)
          Received 'sub_unsigned_26_1394' from server 'localhost_1_28'. (104 ms elapsed)
          Received 'sub_unsigned_26_1389' from server 'localhost_1_40'. (107 ms elapsed)
          Received 'sub_unsigned_26_1399' from server 'localhost_1_44'. (106 ms elapsed)
          Received 'add_signed_carry_5619' from server 'localhost_1_46'. (503 ms elapsed)
          Received 'add_unsigned_25_1248' from server 'localhost_1_43'. (491 ms elapsed)
          Received 'add_unsigned_25_1251' from server 'localhost_1_50'. (508 ms elapsed)
        Distributing super-thread jobs: cb_oseq_2142 csa_tree_fac2_group_16562 csa_tree_fac3_group_16565 csa_tree_fac2_group_16562_1359 csa_tree_fac3_group_16565_1364 add_unsigned_25_1259 add_unsigned_25_1258 sub_unsigned_26_1414 sub_unsigned_26
          Sending 'cb_oseq_2142' to server 'localhost_1_49'...
            Sent 'cb_oseq_2142' to server 'localhost_1_49'.
          Sending 'csa_tree_fac2_group_16562' to server 'localhost_1_36'...
            Sent 'csa_tree_fac2_group_16562' to server 'localhost_1_36'.
          Sending 'csa_tree_fac3_group_16565' to server 'localhost_1_29'...
            Sent 'csa_tree_fac3_group_16565' to server 'localhost_1_29'.
          Sending 'csa_tree_fac2_group_16562_1359' to server 'localhost_1_48'...
            Sent 'csa_tree_fac2_group_16562_1359' to server 'localhost_1_48'.
          Sending 'csa_tree_fac3_group_16565_1364' to server 'localhost_1_35'...
            Sent 'csa_tree_fac3_group_16565_1364' to server 'localhost_1_35'.
          Sending 'add_unsigned_25_1259' to server 'localhost_1_46'...
            Sent 'add_unsigned_25_1259' to server 'localhost_1_46'.
          Sending 'add_unsigned_25_1258' to server 'localhost_1_43'...
            Sent 'add_unsigned_25_1258' to server 'localhost_1_43'.
          Sending 'sub_unsigned_26_1414' to server 'localhost_1_50'...
            Sent 'sub_unsigned_26_1414' to server 'localhost_1_50'.
          Sending 'sub_unsigned_26' to server 'localhost_1_45'...
            Sent 'sub_unsigned_26' to server 'localhost_1_45'.
          Received 'csa_tree_fac2_group_16562' from server 'localhost_1_36'. (182 ms elapsed)
          Received 'add_unsigned_25_1259' from server 'localhost_1_46'. (126 ms elapsed)
          Received 'sub_unsigned_26_1414' from server 'localhost_1_50'. (133 ms elapsed)
          Received 'sub_unsigned_26' from server 'localhost_1_45'. (123 ms elapsed)
          Received 'csa_tree_fac3_group_16565' from server 'localhost_1_29'. (239 ms elapsed)
          Received 'csa_tree_fac2_group_16562_1359' from server 'localhost_1_48'. (250 ms elapsed)
          Received 'cb_oseq_2142' from server 'localhost_1_49'. (349 ms elapsed)
          Received 'csa_tree_fac3_group_16565_1364' from server 'localhost_1_35'. (236 ms elapsed)
          Received 'add_unsigned_25_1258' from server 'localhost_1_43'. (508 ms elapsed)
        Distributing super-thread jobs: mult_signed_1302 mult_signed_1308 mult_signed mux_ctl_0x_2137 mux_ctl_0x_2138 cb_part_2147 mux_ctl_0x_2136 mux_ctl_0x_2139 add_unsigned_25 WALLACE_CSA_DUMMY_OP256_group_2
          Sending 'mult_signed_1302' to server 'localhost_1_49'...
            Sent 'mult_signed_1302' to server 'localhost_1_49'.
          Sending 'mult_signed_1308' to server 'localhost_1_36'...
            Sent 'mult_signed_1308' to server 'localhost_1_36'.
          Sending 'mult_signed' to server 'localhost_1_29'...
            Sent 'mult_signed' to server 'localhost_1_29'.
          Sending 'mux_ctl_0x_2137' to server 'localhost_1_48'...
            Sent 'mux_ctl_0x_2137' to server 'localhost_1_48'.
          Sending 'mux_ctl_0x_2138' to server 'localhost_1_35'...
            Sent 'mux_ctl_0x_2138' to server 'localhost_1_35'.
          Sending 'cb_part_2147' to server 'localhost_1_46'...
            Sent 'cb_part_2147' to server 'localhost_1_46'.
          Sending 'mux_ctl_0x_2136' to server 'localhost_1_43'...
            Sent 'mux_ctl_0x_2136' to server 'localhost_1_43'.
          Sending 'mux_ctl_0x_2139' to server 'localhost_1_50'...
            Sent 'mux_ctl_0x_2139' to server 'localhost_1_50'.
          Sending 'add_unsigned_25' to server 'localhost_1_45'...
            Sent 'add_unsigned_25' to server 'localhost_1_45'.
          Sending 'WALLACE_CSA_DUMMY_OP256_group_2' to server 'localhost_1_39'...
            Sent 'WALLACE_CSA_DUMMY_OP256_group_2' to server 'localhost_1_39'.
          Received 'mux_ctl_0x_2137' from server 'localhost_1_48'. (123 ms elapsed)
          Received 'mux_ctl_0x_2138' from server 'localhost_1_35'. (136 ms elapsed)
          Received 'add_unsigned_25' from server 'localhost_1_45'. (85 ms elapsed)
          Received 'mux_ctl_0x_2136' from server 'localhost_1_43'. (192 ms elapsed)
          Received 'mux_ctl_0x_2139' from server 'localhost_1_50'. (180 ms elapsed)
          Received 'mult_signed_1302' from server 'localhost_1_49'. (615 ms elapsed)
          Received 'mult_signed_1308' from server 'localhost_1_36'. (613 ms elapsed)
          Received 'cb_part_2147' from server 'localhost_1_46'. (507 ms elapsed)
          Received 'mult_signed' from server 'localhost_1_29'. (639 ms elapsed)
          Received 'WALLACE_CSA_DUMMY_OP256_group_2' from server 'localhost_1_39'. (551 ms elapsed)
        Distributing super-thread jobs: cb_seq_2141 csa_tree_SUB_TC_OP_group_4_1386 csa_tree_ADD_TC_OP_1_group_6_1385
          Sending 'cb_seq_2141' to server 'localhost_1_49'...
            Sent 'cb_seq_2141' to server 'localhost_1_49'.
          Sending 'csa_tree_SUB_TC_OP_group_4_1386' to server 'localhost_1_36'...
            Sent 'csa_tree_SUB_TC_OP_group_4_1386' to server 'localhost_1_36'.
          Sending 'csa_tree_ADD_TC_OP_1_group_6_1385' to server 'localhost_1_29'...
            Sent 'csa_tree_ADD_TC_OP_1_group_6_1385' to server 'localhost_1_29'.
          Received 'csa_tree_SUB_TC_OP_group_4_1386' from server 'localhost_1_36'. (141 ms elapsed)
          Received 'csa_tree_ADD_TC_OP_1_group_6_1385' from server 'localhost_1_29'. (146 ms elapsed)
          Received 'cb_seq_2141' from server 'localhost_1_49'. (696 ms elapsed)
        Distributing super-thread jobs: add_unsigned_25_1256 add_unsigned_25_1257
          Sending 'add_unsigned_25_1256' to server 'localhost_1_49'...
            Sent 'add_unsigned_25_1256' to server 'localhost_1_49'.
          Sending 'add_unsigned_25_1257' to server 'localhost_1_36'...
            Sent 'add_unsigned_25_1257' to server 'localhost_1_36'.
          Received 'add_unsigned_25_1256' from server 'localhost_1_49'. (100 ms elapsed)
          Received 'add_unsigned_25_1257' from server 'localhost_1_36'. (100 ms elapsed)
        Distributing super-thread jobs: cb_part_2149
          Sending 'cb_part_2149' to server 'localhost_1_49'...
            Sent 'cb_part_2149' to server 'localhost_1_49'.
          Received 'cb_part_2149' from server 'localhost_1_49'. (96 ms elapsed)
        Distributing super-thread jobs: cb_seq
          Sending 'cb_seq' to server 'localhost_1_49'...
            Sent 'cb_seq' to server 'localhost_1_49'.
          Received 'cb_seq' from server 'localhost_1_49'. (371 ms elapsed)
 
Global mapping target info
==========================
Cost Group 'clk' target slack:    30 ps
Target path end-point (Port: Conv/p_output_data_write[19])

Cost Group 'cg_enable_group_clk' target slack:    29 ps
Target path end-point (Pin: RC_CG_HIER_INST33/RC_CGIC_INST/E (CKLNQD1BWP30P140/E))

Multi-threaded Technology Mapping (8 threads per ST process, 8 of 28 CPUs usable)
        Distributing super-thread jobs: cb_seq
          Sending 'cb_seq' to server 'localhost_1_49'...
            Sent 'cb_seq' to server 'localhost_1_49'.
          Received 'cb_seq' from server 'localhost_1_49'. (1411 ms elapsed)
        Distributing super-thread jobs: cb_part_2149
          Sending 'cb_part_2149' to server 'localhost_1_49'...
            Sent 'cb_part_2149' to server 'localhost_1_49'.
          Received 'cb_part_2149' from server 'localhost_1_49'. (216 ms elapsed)
        Distributing super-thread jobs: add_unsigned_25_1256 add_unsigned_25_1257
          Sending 'add_unsigned_25_1256' to server 'localhost_1_49'...
            Sent 'add_unsigned_25_1256' to server 'localhost_1_49'.
          Sending 'add_unsigned_25_1257' to server 'localhost_1_36'...
            Sent 'add_unsigned_25_1257' to server 'localhost_1_36'.
          Received 'add_unsigned_25_1256' from server 'localhost_1_49'. (566 ms elapsed)
          Received 'add_unsigned_25_1257' from server 'localhost_1_36'. (729 ms elapsed)
        Distributing super-thread jobs: cb_seq_2141
          Sending 'cb_seq_2141' to server 'localhost_1_49'...
            Sent 'cb_seq_2141' to server 'localhost_1_49'.
          Received 'cb_seq_2141' from server 'localhost_1_49'. (2000 ms elapsed)
        Distributing super-thread jobs: csa_tree_SUB_TC_OP_group_4_1386 csa_tree_ADD_TC_OP_1_group_6_1385
          Sending 'csa_tree_SUB_TC_OP_group_4_1386' to server 'localhost_1_49'...
            Sent 'csa_tree_SUB_TC_OP_group_4_1386' to server 'localhost_1_49'.
          Sending 'csa_tree_ADD_TC_OP_1_group_6_1385' to server 'localhost_1_36'...
            Sent 'csa_tree_ADD_TC_OP_1_group_6_1385' to server 'localhost_1_36'.
          Received 'csa_tree_ADD_TC_OP_1_group_6_1385' from server 'localhost_1_36'. (1116 ms elapsed)
          Received 'csa_tree_SUB_TC_OP_group_4_1386' from server 'localhost_1_49'. (1130 ms elapsed)
        Distributing super-thread jobs: mult_signed_1302 mult_signed_1308 mult_signed mux_ctl_0x_2137 mux_ctl_0x_2138 cb_part_2147 mux_ctl_0x_2139 mux_ctl_0x_2136 WALLACE_CSA_DUMMY_OP256_group_2 add_unsigned_25
          Sending 'mult_signed_1302' to server 'localhost_1_49'...
            Sent 'mult_signed_1302' to server 'localhost_1_49'.
          Sending 'mult_signed_1308' to server 'localhost_1_36'...
            Sent 'mult_signed_1308' to server 'localhost_1_36'.
          Sending 'mult_signed' to server 'localhost_1_29'...
            Sent 'mult_signed' to server 'localhost_1_29'.
          Sending 'mux_ctl_0x_2137' to server 'localhost_1_48'...
            Sent 'mux_ctl_0x_2137' to server 'localhost_1_48'.
          Sending 'mux_ctl_0x_2138' to server 'localhost_1_35'...
            Sent 'mux_ctl_0x_2138' to server 'localhost_1_35'.
          Sending 'cb_part_2147' to server 'localhost_1_46'...
            Sent 'cb_part_2147' to server 'localhost_1_46'.
          Sending 'mux_ctl_0x_2139' to server 'localhost_1_43'...
            Sent 'mux_ctl_0x_2139' to server 'localhost_1_43'.
          Sending 'mux_ctl_0x_2136' to server 'localhost_1_50'...
            Sent 'mux_ctl_0x_2136' to server 'localhost_1_50'.
          Sending 'WALLACE_CSA_DUMMY_OP256_group_2' to server 'localhost_1_45'...
            Sent 'WALLACE_CSA_DUMMY_OP256_group_2' to server 'localhost_1_45'.
          Sending 'add_unsigned_25' to server 'localhost_1_39'...
            Sent 'add_unsigned_25' to server 'localhost_1_39'.
          Received 'cb_part_2147' from server 'localhost_1_46'. (432 ms elapsed)
          Received 'mux_ctl_0x_2137' from server 'localhost_1_48'. (472 ms elapsed)
          Received 'mux_ctl_0x_2138' from server 'localhost_1_35'. (502 ms elapsed)
          Received 'mux_ctl_0x_2139' from server 'localhost_1_43'. (590 ms elapsed)
          Received 'mux_ctl_0x_2136' from server 'localhost_1_50'. (579 ms elapsed)
          Received 'WALLACE_CSA_DUMMY_OP256_group_2' from server 'localhost_1_45'. (898 ms elapsed)
          Received 'add_unsigned_25' from server 'localhost_1_39'. (1267 ms elapsed)
          Received 'mult_signed_1302' from server 'localhost_1_49'. (8122 ms elapsed)
          Received 'mult_signed_1308' from server 'localhost_1_36'. (8204 ms elapsed)
          Received 'mult_signed' from server 'localhost_1_29'. (8365 ms elapsed)
        Distributing super-thread jobs: cb_oseq_2142 csa_tree_fac2_group_16562 csa_tree_fac3_group_16565 csa_tree_fac2_group_16562_1359 csa_tree_fac3_group_16565_1364 add_unsigned_25_1259 add_unsigned_25_1258 sub_unsigned_26_1414 sub_unsigned_26
          Sending 'cb_oseq_2142' to server 'localhost_1_49'...
            Sent 'cb_oseq_2142' to server 'localhost_1_49'.
          Sending 'csa_tree_fac2_group_16562' to server 'localhost_1_36'...
            Sent 'csa_tree_fac2_group_16562' to server 'localhost_1_36'.
          Sending 'csa_tree_fac3_group_16565' to server 'localhost_1_29'...
            Sent 'csa_tree_fac3_group_16565' to server 'localhost_1_29'.
          Sending 'csa_tree_fac2_group_16562_1359' to server 'localhost_1_48'...
            Sent 'csa_tree_fac2_group_16562_1359' to server 'localhost_1_48'.
          Sending 'csa_tree_fac3_group_16565_1364' to server 'localhost_1_35'...
            Sent 'csa_tree_fac3_group_16565_1364' to server 'localhost_1_35'.
          Sending 'add_unsigned_25_1259' to server 'localhost_1_46'...
            Sent 'add_unsigned_25_1259' to server 'localhost_1_46'.
          Sending 'add_unsigned_25_1258' to server 'localhost_1_43'...
            Sent 'add_unsigned_25_1258' to server 'localhost_1_43'.
          Sending 'sub_unsigned_26_1414' to server 'localhost_1_50'...
            Sent 'sub_unsigned_26_1414' to server 'localhost_1_50'.
          Sending 'sub_unsigned_26' to server 'localhost_1_45'...
            Sent 'sub_unsigned_26' to server 'localhost_1_45'.
          Received 'add_unsigned_25_1259' from server 'localhost_1_46'. (735 ms elapsed)
          Received 'sub_unsigned_26' from server 'localhost_1_45'. (764 ms elapsed)
          Received 'add_unsigned_25_1258' from server 'localhost_1_43'. (783 ms elapsed)
          Received 'sub_unsigned_26_1414' from server 'localhost_1_50'. (829 ms elapsed)
          Received 'cb_oseq_2142' from server 'localhost_1_49'. (1226 ms elapsed)
          Received 'csa_tree_fac3_group_16565' from server 'localhost_1_29'. (1291 ms elapsed)
          Received 'csa_tree_fac3_group_16565_1364' from server 'localhost_1_35'. (1316 ms elapsed)
          Received 'csa_tree_fac2_group_16562' from server 'localhost_1_36'. (1725 ms elapsed)
          Received 'csa_tree_fac2_group_16562_1359' from server 'localhost_1_48'. (1857 ms elapsed)
        Distributing super-thread jobs: csa_tree_45554 csa_tree_15354 csa_tree_SUB_TC_OP_group_4 csa_tree_ADD_TC_OP_1_group_6 csa_tree_fac167_group_16567 add_signed_carry_5619 add_unsigned_25_1249 add_unsigned_25_1251 add_unsigned_25_1250 add_unsigned_25_1248 sub_unsigned_26_1398 sub_unsigned_26_1393 sub_unsigned_26_1396 sub_unsigned_26_1388 sub_unsigned_26_1399 sub_unsigned_26_1394 sub_unsigned_26_1392 sub_unsigned_26_1391 sub_unsigned_26_1390 sub_unsigned_26_1389 sub_unsigned_26_1395 sub_unsigned_26_1397
          Sending 'csa_tree_45554' to server 'localhost_1_49'...
            Sent 'csa_tree_45554' to server 'localhost_1_49'.
          Sending 'csa_tree_15354' to server 'localhost_1_36'...
            Sent 'csa_tree_15354' to server 'localhost_1_36'.
          Sending 'csa_tree_SUB_TC_OP_group_4' to server 'localhost_1_29'...
            Sent 'csa_tree_SUB_TC_OP_group_4' to server 'localhost_1_29'.
          Sending 'csa_tree_ADD_TC_OP_1_group_6' to server 'localhost_1_48'...
            Sent 'csa_tree_ADD_TC_OP_1_group_6' to server 'localhost_1_48'.
          Sending 'csa_tree_fac167_group_16567' to server 'localhost_1_35'...
            Sent 'csa_tree_fac167_group_16567' to server 'localhost_1_35'.
          Sending 'add_signed_carry_5619' to server 'localhost_1_46'...
            Sent 'add_signed_carry_5619' to server 'localhost_1_46'.
          Sending 'add_unsigned_25_1249' to server 'localhost_1_43'...
            Sent 'add_unsigned_25_1249' to server 'localhost_1_43'.
          Sending 'add_unsigned_25_1251' to server 'localhost_1_50'...
            Sent 'add_unsigned_25_1251' to server 'localhost_1_50'.
          Sending 'add_unsigned_25_1250' to server 'localhost_1_45'...
            Sent 'add_unsigned_25_1250' to server 'localhost_1_45'.
          Sending 'add_unsigned_25_1248' to server 'localhost_1_39'...
            Sent 'add_unsigned_25_1248' to server 'localhost_1_39'.
          Sending 'sub_unsigned_26_1398' to server 'localhost_1_33'...
            Sent 'sub_unsigned_26_1398' to server 'localhost_1_33'.
          Sending 'sub_unsigned_26_1393' to server 'localhost_1_0'...
            Sent 'sub_unsigned_26_1393' to server 'localhost_1_0'.
          Sending 'sub_unsigned_26_1396' to server 'localhost_1_47'...
            Sent 'sub_unsigned_26_1396' to server 'localhost_1_47'.
          Sending 'sub_unsigned_26_1388' to server 'localhost_1_37'...
            Sent 'sub_unsigned_26_1388' to server 'localhost_1_37'.
          Sending 'sub_unsigned_26_1399' to server 'localhost_1_31'...
            Sent 'sub_unsigned_26_1399' to server 'localhost_1_31'.
          Sending 'sub_unsigned_26_1394' to server 'localhost_1_30'...
            Sent 'sub_unsigned_26_1394' to server 'localhost_1_30'.
          Sending 'sub_unsigned_26_1392' to server 'localhost_1_41'...
            Sent 'sub_unsigned_26_1392' to server 'localhost_1_41'.
          Sending 'sub_unsigned_26_1391' to server 'localhost_1_53'...
            Sent 'sub_unsigned_26_1391' to server 'localhost_1_53'.
          Sending 'sub_unsigned_26_1390' to server 'localhost_1_34'...
            Sent 'sub_unsigned_26_1390' to server 'localhost_1_34'.
          Sending 'sub_unsigned_26_1389' to server 'localhost_1_28'...
            Sent 'sub_unsigned_26_1389' to server 'localhost_1_28'.
          Sending 'sub_unsigned_26_1395' to server 'localhost_1_40'...
            Sent 'sub_unsigned_26_1395' to server 'localhost_1_40'.
          Sending 'sub_unsigned_26_1397' to server 'localhost_1_44'...
            Sent 'sub_unsigned_26_1397' to server 'localhost_1_44'.
          Received 'add_unsigned_25_1250' from server 'localhost_1_45'. (518 ms elapsed)
          Received 'add_unsigned_25_1251' from server 'localhost_1_50'. (550 ms elapsed)
          Received 'csa_tree_15354' from server 'localhost_1_36'. (653 ms elapsed)
          Received 'add_unsigned_25_1248' from server 'localhost_1_39'. (593 ms elapsed)
          Received 'add_unsigned_25_1249' from server 'localhost_1_43'. (664 ms elapsed)
          Received 'csa_tree_45554' from server 'localhost_1_49'. (820 ms elapsed)
          Received 'sub_unsigned_26_1388' from server 'localhost_1_37'. (779 ms elapsed)
          Received 'sub_unsigned_26_1394' from server 'localhost_1_30'. (766 ms elapsed)
          Received 'add_signed_carry_5619' from server 'localhost_1_46'. (994 ms elapsed)
          Received 'sub_unsigned_26_1396' from server 'localhost_1_47'. (1062 ms elapsed)
          Received 'sub_unsigned_26_1392' from server 'localhost_1_41'. (1040 ms elapsed)
          Received 'sub_unsigned_26_1398' from server 'localhost_1_33'. (1109 ms elapsed)
          Received 'sub_unsigned_26_1393' from server 'localhost_1_0'. (1187 ms elapsed)
          Received 'sub_unsigned_26_1389' from server 'localhost_1_28'. (1145 ms elapsed)
          Received 'csa_tree_fac167_group_16567' from server 'localhost_1_35'. (1473 ms elapsed)
          Received 'sub_unsigned_26_1399' from server 'localhost_1_31'. (1408 ms elapsed)
          Received 'sub_unsigned_26_1391' from server 'localhost_1_53'. (1415 ms elapsed)
          Received 'sub_unsigned_26_1397' from server 'localhost_1_44'. (1393 ms elapsed)
          Received 'sub_unsigned_26_1395' from server 'localhost_1_40'. (1406 ms elapsed)
          Received 'csa_tree_ADD_TC_OP_1_group_6' from server 'localhost_1_48'. (1610 ms elapsed)
          Received 'csa_tree_SUB_TC_OP_group_4' from server 'localhost_1_29'. (1692 ms elapsed)
          Received 'sub_unsigned_26_1390' from server 'localhost_1_34'. (1685 ms elapsed)
        Distributing super-thread jobs: mult_signed_1304 mult_signed_1307 mult_signed_1306 csa_tree_minus_1043_18_group_80405 csa_tree_minus_1047_18_group_46872 csa_tree_add_1067_41_group_50 csa_tree_add_1066_41_group_52 csa_tree_sub009809_group_29 csa_tree_44626_1360 csa_tree_44626 csa_tree_15287 csa_tree_14381_1368 csa_tree_14381 add_unsigned_25_1254 add_unsigned_25_1252 add_unsigned_25_1255 add_unsigned_25_1253 sub_unsigned_26_1406 sub_unsigned_26_1401 sub_unsigned_26_1407 sub_unsigned_26_1405 sub_unsigned_26_1409 sub_unsigned_26_1403 sub_unsigned_26_1400 sub_unsigned_26_1402 sub_unsigned_26_1411 sub_unsigned_26_1410 sub_unsigned_26_1404 sub_unsigned_26_1408
          Sending 'mult_signed_1304' to server 'localhost_1_49'...
            Sent 'mult_signed_1304' to server 'localhost_1_49'.
          Sending 'mult_signed_1307' to server 'localhost_1_36'...
            Sent 'mult_signed_1307' to server 'localhost_1_36'.
          Sending 'mult_signed_1306' to server 'localhost_1_29'...
            Sent 'mult_signed_1306' to server 'localhost_1_29'.
          Sending 'csa_tree_minus_1043_18_group_80405' to server 'localhost_1_48'...
            Sent 'csa_tree_minus_1043_18_group_80405' to server 'localhost_1_48'.
          Sending 'csa_tree_minus_1047_18_group_46872' to server 'localhost_1_35'...
            Sent 'csa_tree_minus_1047_18_group_46872' to server 'localhost_1_35'.
          Sending 'csa_tree_add_1067_41_group_50' to server 'localhost_1_46'...
            Sent 'csa_tree_add_1067_41_group_50' to server 'localhost_1_46'.
          Sending 'csa_tree_add_1066_41_group_52' to server 'localhost_1_43'...
            Sent 'csa_tree_add_1066_41_group_52' to server 'localhost_1_43'.
          Sending 'csa_tree_sub009809_group_29' to server 'localhost_1_50'...
            Sent 'csa_tree_sub009809_group_29' to server 'localhost_1_50'.
          Sending 'csa_tree_44626_1360' to server 'localhost_1_45'...
            Sent 'csa_tree_44626_1360' to server 'localhost_1_45'.
          Sending 'csa_tree_44626' to server 'localhost_1_39'...
            Sent 'csa_tree_44626' to server 'localhost_1_39'.
          Sending 'csa_tree_15287' to server 'localhost_1_33'...
            Sent 'csa_tree_15287' to server 'localhost_1_33'.
          Sending 'csa_tree_14381_1368' to server 'localhost_1_0'...
            Sent 'csa_tree_14381_1368' to server 'localhost_1_0'.
          Sending 'csa_tree_14381' to server 'localhost_1_47'...
            Sent 'csa_tree_14381' to server 'localhost_1_47'.
          Sending 'add_unsigned_25_1254' to server 'localhost_1_37'...
            Sent 'add_unsigned_25_1254' to server 'localhost_1_37'.
          Sending 'add_unsigned_25_1252' to server 'localhost_1_31'...
            Sent 'add_unsigned_25_1252' to server 'localhost_1_31'.
          Sending 'add_unsigned_25_1255' to server 'localhost_1_30'...
            Sent 'add_unsigned_25_1255' to server 'localhost_1_30'.
          Sending 'add_unsigned_25_1253' to server 'localhost_1_41'...
            Sent 'add_unsigned_25_1253' to server 'localhost_1_41'.
          Sending 'sub_unsigned_26_1406' to server 'localhost_1_53'...
            Sent 'sub_unsigned_26_1406' to server 'localhost_1_53'.
          Sending 'sub_unsigned_26_1401' to server 'localhost_1_34'...
            Sent 'sub_unsigned_26_1401' to server 'localhost_1_34'.
          Sending 'sub_unsigned_26_1407' to server 'localhost_1_28'...
            Sent 'sub_unsigned_26_1407' to server 'localhost_1_28'.
          Sending 'sub_unsigned_26_1405' to server 'localhost_1_40'...
            Sent 'sub_unsigned_26_1405' to server 'localhost_1_40'.
          Sending 'sub_unsigned_26_1409' to server 'localhost_1_44'...
            Sent 'sub_unsigned_26_1409' to server 'localhost_1_44'.
          Sending 'sub_unsigned_26_1403' to server 'localhost_1_52'...
            Sent 'sub_unsigned_26_1403' to server 'localhost_1_52'.
          Sending 'sub_unsigned_26_1400' to server 'localhost_1_32'...
            Sent 'sub_unsigned_26_1400' to server 'localhost_1_32'.
          Sending 'sub_unsigned_26_1402' to server 'localhost_1_54'...
            Sent 'sub_unsigned_26_1402' to server 'localhost_1_54'.
          Sending 'sub_unsigned_26_1411' to server 'localhost_1_38'...
            Sent 'sub_unsigned_26_1411' to server 'localhost_1_38'.
          Sending 'sub_unsigned_26_1410' to server 'localhost_1_42'...
            Sent 'sub_unsigned_26_1410' to server 'localhost_1_42'.
          Sending 'sub_unsigned_26_1404' to server 'localhost_1_51'...
            Sent 'sub_unsigned_26_1404' to server 'localhost_1_51'.
          Received 'csa_tree_44626' from server 'localhost_1_39'. (273 ms elapsed)
          Sending 'sub_unsigned_26_1408' to server 'localhost_1_39'...
            Sent 'sub_unsigned_26_1408' to server 'localhost_1_39'.
          Received 'csa_tree_44626_1360' from server 'localhost_1_45'. (392 ms elapsed)
          Received 'csa_tree_14381' from server 'localhost_1_47'. (550 ms elapsed)
          Received 'csa_tree_14381_1368' from server 'localhost_1_0'. (564 ms elapsed)
          Received 'sub_unsigned_26_1409' from server 'localhost_1_44'. (534 ms elapsed)
          Received 'sub_unsigned_26_1408' from server 'localhost_1_39'. (566 ms elapsed)
          Received 'sub_unsigned_26_1410' from server 'localhost_1_42'. (888 ms elapsed)
          Received 'sub_unsigned_26_1401' from server 'localhost_1_34'. (1065 ms elapsed)
          Received 'csa_tree_15287' from server 'localhost_1_33'. (1265 ms elapsed)
          Received 'sub_unsigned_26_1402' from server 'localhost_1_54'. (1209 ms elapsed)
          Received 'sub_unsigned_26_1404' from server 'localhost_1_51'. (1203 ms elapsed)
          Received 'add_unsigned_25_1252' from server 'localhost_1_31'. (1377 ms elapsed)
          Received 'sub_unsigned_26_1411' from server 'localhost_1_38'. (1263 ms elapsed)
          Received 'sub_unsigned_26_1400' from server 'localhost_1_32'. (1285 ms elapsed)
          Received 'add_unsigned_25_1255' from server 'localhost_1_30'. (1709 ms elapsed)
          Received 'sub_unsigned_26_1405' from server 'localhost_1_40'. (1686 ms elapsed)
          Received 'add_unsigned_25_1254' from server 'localhost_1_37'. (1763 ms elapsed)
          Received 'csa_tree_add_1066_41_group_52' from server 'localhost_1_43'. (1959 ms elapsed)
          Received 'csa_tree_add_1067_41_group_50' from server 'localhost_1_46'. (2061 ms elapsed)
          Received 'csa_tree_sub009809_group_29' from server 'localhost_1_50'. (2069 ms elapsed)
          Received 'add_unsigned_25_1253' from server 'localhost_1_41'. (2083 ms elapsed)
          Received 'csa_tree_minus_1047_18_group_46872' from server 'localhost_1_35'. (2230 ms elapsed)
          Received 'sub_unsigned_26_1406' from server 'localhost_1_53'. (2129 ms elapsed)
          Received 'csa_tree_minus_1043_18_group_80405' from server 'localhost_1_48'. (2355 ms elapsed)
          Received 'sub_unsigned_26_1407' from server 'localhost_1_28'. (2432 ms elapsed)
          Received 'sub_unsigned_26_1403' from server 'localhost_1_52'. (2980 ms elapsed)
          Received 'mult_signed_1306' from server 'localhost_1_29'. (8625 ms elapsed)
          Received 'mult_signed_1304' from server 'localhost_1_49'. (9576 ms elapsed)
          Received 'mult_signed_1307' from server 'localhost_1_36'. (11734 ms elapsed)
 
Global mapping status
=====================
                                   Group   
                                  Tot Wrst 
                           Total  Weighted 
Operation                   Area   Slacks  
 global_map                20545        0 

             Cost Group            Target    Slack    Diff.  Constr.
--------------------------------------------------------------------
    cg_enable_group_clk                29      721              2000 
                    clk                30      153              2000 

 
Global incremental target info
==============================
Cost Group 'clk' target slack:    19 ps
Target path end-point (Port: Conv/p_output_data_write[19])

Cost Group 'cg_enable_group_clk' target slack:    19 ps
Target path end-point (Pin: RC_CG_HIER_INST32/RC_CGIC_INST/E (CKLNQD1BWP30P140/E))

              Distributing super-thread jobs: cb_seq
                Sending 'cb_seq' to server 'localhost_1_49'...
                  Sent 'cb_seq' to server 'localhost_1_49'.
                Received 'cb_seq' from server 'localhost_1_49'. (571 ms elapsed)
              Distributing super-thread jobs: cb_seq_2141
                Sending 'cb_seq_2141' to server 'localhost_1_49'...
                  Sent 'cb_seq_2141' to server 'localhost_1_49'.
                Received 'cb_seq_2141' from server 'localhost_1_49'. (740 ms elapsed)
              Distributing super-thread jobs: mult_signed_1302 mult_signed mult_signed_1852 mult_signed_1308
                Sending 'mult_signed_1302' to server 'localhost_1_49'...
                  Sent 'mult_signed_1302' to server 'localhost_1_49'.
                Sending 'mult_signed' to server 'localhost_1_36'...
                  Sent 'mult_signed' to server 'localhost_1_36'.
                Sending 'mult_signed_1852' to server 'localhost_1_29'...
                  Sent 'mult_signed_1852' to server 'localhost_1_29'.
                Sending 'mult_signed_1308' to server 'localhost_1_48'...
                  Sent 'mult_signed_1308' to server 'localhost_1_48'.
                Received 'mult_signed_1302' from server 'localhost_1_49'. (225 ms elapsed)
                Received 'mult_signed' from server 'localhost_1_36'. (311 ms elapsed)
                Received 'mult_signed_1852' from server 'localhost_1_29'. (344 ms elapsed)
                Received 'mult_signed_1308' from server 'localhost_1_48'. (349 ms elapsed)
              Distributing super-thread jobs: mult_signed_1304 mult_signed_1307 mult_signed_1306 cb_oseq_2142
                Sending 'mult_signed_1304' to server 'localhost_1_49'...
                  Sent 'mult_signed_1304' to server 'localhost_1_49'.
                Sending 'mult_signed_1307' to server 'localhost_1_36'...
                  Sent 'mult_signed_1307' to server 'localhost_1_36'.
                Sending 'mult_signed_1306' to server 'localhost_1_29'...
                  Sent 'mult_signed_1306' to server 'localhost_1_29'.
                Sending 'cb_oseq_2142' to server 'localhost_1_48'...
                  Sent 'cb_oseq_2142' to server 'localhost_1_48'.
                Received 'mult_signed_1304' from server 'localhost_1_49'. (319 ms elapsed)
                Received 'mult_signed_1306' from server 'localhost_1_29'. (282 ms elapsed)
                Received 'mult_signed_1307' from server 'localhost_1_36'. (343 ms elapsed)
                Received 'cb_oseq_2142' from server 'localhost_1_48'. (681 ms elapsed)
==================================
Stage : global_incr_map 
==================================
  =================
   Message Summary
  =================
--------------------------------------------------------------------------------
|    Id    |Sev  |Count |                    Message Text                      |
--------------------------------------------------------------------------------
| LBR-155  |Info |   54 |Mismatch in unateness between 'timing_sense'          |
|          |     |      | attribute and the function.                          |
|          |     |      |The 'timing_sense' attribute will be respected.       |
| PA-7     |Info |  170 |Resetting power analysis results.                     |
|          |     |      |All computed switching activities are removed.        |
| PHYS-752 |Info |    1 |Partition Based Synthesis execution skipped.          |
| ST-110   |Info |   27 |Connection established with super-threading server.   |
|          |     |      |The tool is entering super-threading mode and has     |
|          |     |      | established a connection with a CPU server process.  |
|          |     |      | This is enabled by the root attributes               |
|          |     |      | 'super_thread_servers' or 'auto_super_thread'.       |
| ST-112   |Info |   27 |A super-threading server has been shut down normally. |
|          |     |      |A super-threaded optimization is complete and a CPU   |
|          |     |      | server was successfully shut down.                   |
| ST-128   |Info |    1 |Super thread servers are launched successfully.       |
| SYNTH-2  |Info |    1 |Done synthesizing.                                    |
| SYNTH-4  |Info |    1 |Mapping.                                              |
--------------------------------------------------------------------------------
 
Global incremental optimization status
======================================
                                   Group   
                                  Tot Wrst 
                           Total  Weighted 
Operation                   Area   Slacks  
 global_incr               19227        0 

             Cost Group            Target    Slack    Diff.  Constr.
--------------------------------------------------------------------
    cg_enable_group_clk                19      727              2000 
                    clk                19       53              2000 


+-----------+--------------------+-----+----------------------+---------------------------+
|   Host    |      Machine       | CPU | Physical Memory (MB) | Peak Physical Memory (MB) |
+-----------+--------------------+-----+----------------------+---------------------------+
| localhost | paxos.inf.pucrs.br | 28  |        2623.2        |          5891.9           |
+-----------+--------------------+-----+----------------------+---------------------------+

+----------------+----------------------+---------------------------+
|     Server     | Physical Memory (MB) | Peak Physical Memory (MB) |
+----------------+----------------------+---------------------------+
| localhost_1_35 |       43.9 [1]       |          [1] [2]          |
| localhost_1_46 |       41.7 [1]       |          [1] [2]          |
| localhost_1_42 |       35.8 [1]       |          [1] [2]          |
| localhost_1_0  |      1189.0 [3]      |        4457.6 [3]         |
| localhost_1_34 |       38.1 [1]       |          [1] [2]          |
| localhost_1_28 |       38.4 [1]       |          [1] [2]          |
| localhost_1_43 |       42.2 [1]       |          [1] [2]          |
| localhost_1_45 |       40.3 [1]       |          [1] [2]          |
| localhost_1_50 |       42.4 [1]       |          [1] [2]          |
| localhost_1_47 |       38.8 [1]       |          [1] [2]          |
| localhost_1_40 |       38.4 [1]       |          [1] [2]          |
| localhost_1_51 |       36.0 [1]       |          [1] [2]          |
| localhost_1_37 |       36.2 [1]       |          [1] [2]          |
| localhost_1_31 |       38.4 [1]       |          [1] [2]          |
| localhost_1_49 |       79.1 [1]       |          [1] [2]          |
| localhost_1_44 |       36.1 [1]       |          [1] [2]          |
| localhost_1_30 |       36.2 [1]       |          [1] [2]          |
| localhost_1_36 |       60.7 [1]       |          [1] [2]          |
| localhost_1_52 |       36.4 [1]       |          [1] [2]          |
| localhost_1_41 |       38.4 [1]       |          [1] [2]          |
| localhost_1_32 |       37.9 [1]       |          [1] [2]          |
| localhost_1_39 |       39.9 [1]       |          [1] [2]          |
| localhost_1_33 |       38.9 [1]       |          [1] [2]          |
| localhost_1_54 |       37.9 [1]       |          [1] [2]          |
| localhost_1_29 |       60.8 [1]       |          [1] [2]          |
| localhost_1_48 |       49.9 [1]       |          [1] [2]          |
| localhost_1_38 |       36.4 [1]       |          [1] [2]          |
| localhost_1_53 |       36.4 [1]       |          [1] [2]          |
+----------------+----------------------+---------------------------+
[1] Memory is included in parent localhost_1_0.
[2] Peak physical memory is not available for forked background servers.
[3] Memory of child processes is included.


Test connection status for design: Conv
=======================================
Connected 0 out of 0 clock-gating instances.

State Retention Synthesis Status
================================

Category                        Flops   Percentage
--------------------------------------------------
Total instances                  1061        100.0
Excluded from State Retention    1061        100.0
    - Will not convert           1061        100.0
      - Preserved                   0          0.0
      - Power intent excluded    1061        100.0
    - Could not convert             0          0.0
      - Scan type                   0          0.0
      - No suitable cell            0          0.0
State Retention instances           0          0.0
--------------------------------------------------

INFO: skipping constant propagation
PBS_Techmap-Global Mapping - Elapsed_Time 86, CPU_Time 56.13574199999994
stamp 'PBS_Techmap-Global Mapping' being created for table 'pbs_debug'

  Total Time (Wall) |  Stage Time (Wall)  |   % (Wall)   |    Date - Time     |  Memory   | Stage
--------------------+---------------------+--------------+--------------------+-----------+----------------------
 00:00:29(00:00:25) |  00:00:00(00:00:00) |   0.0(  0.0) |    8:52:21 (Sep12) |  686.3 MB | PBS_Generic-Start
--------------------+---------------------+--------------+--------------------+-----------+----------------------
 00:06:31(00:07:08) |  00:06:02(00:06:43) |  85.8( 81.6) |    8:59:04 (Sep12) |   1.97 GB | PBS_Generic_Opt-Post
--------------------+---------------------+--------------+--------------------+-----------+----------------------
 00:06:32(00:07:09) |  00:00:01(00:00:01) |   0.2(  0.2) |    8:59:05 (Sep12) |   1.97 GB | PBS_Generic-Postgen HBO Optimizations
--------------------+---------------------+--------------+--------------------+-----------+----------------------
 00:06:34(00:07:12) |  00:00:02(00:00:03) |   0.5(  0.6) |    8:59:08 (Sep12) |   1.96 GB | PBS_TechMap-Start
--------------------+---------------------+--------------+--------------------+-----------+----------------------
 00:06:35(00:07:13) |  00:00:01(00:00:01) |   0.2(  0.2) |    8:59:09 (Sep12) |   1.96 GB | PBS_TechMap-Premap HBO Optimizations
--------------------+---------------------+--------------+--------------------+-----------+----------------------
 00:07:31(00:08:39) |  00:00:56(00:01:26) |  13.3( 17.4) |    9:00:35 (Sep12) |   1.97 GB | PBS_Techmap-Global Mapping
--------------------+---------------------+--------------+--------------------+-----------+----------------------
Number of threads: 28 * 1   (id: pbs_debug, time_info v1.57)
Info: (*N*) indicates data that was populated from previously saved time_info database
Info: CPU time includes time of parent + longest thread
Warning : Command 'commit_power_intent' cannot proceed as there is no power intent loaded. [CPI-506]
        : Command 'commit_power_intent' requires a valid power_intent to be loaded.
Warning : The parameter naming style is not LEC-friendly. [CFM-205]
        : Value of the hdl_parameter_naming_style attr is ''
        : To correctly translate the parameter naming style, value of the hdl_parameter_naming_style attr must end with '%d'.  There should not be anything after the '%d' descriptor.  Should there be black boxes in the design, the incorrect translation may induce false negative in LEC comparison.
Info    : Wrote formal verification information. [CFM-5]
        : Wrote 'fv/Conv/fv_map.fv.json' for netlist 'fv/Conv/fv_map.v.gz'.
Info    : Wrote dofile. [CFM-1]
        : Dofile is 'fv/Conv/rtl_to_fv_map.do'.
        : Alias mapping flow is enabled.
PBS_TechMap-Datapath Postmap Operations - Elapsed_Time 3, CPU_Time 2.7701400000000262
stamp 'PBS_TechMap-Datapath Postmap Operations' being created for table 'pbs_debug'

  Total Time (Wall) |  Stage Time (Wall)  |   % (Wall)   |    Date - Time     |  Memory   | Stage
--------------------+---------------------+--------------+--------------------+-----------+----------------------
 00:00:29(00:00:25) |  00:00:00(00:00:00) |   0.0(  0.0) |    8:52:21 (Sep12) |  686.3 MB | PBS_Generic-Start
--------------------+---------------------+--------------+--------------------+-----------+----------------------
 00:06:31(00:07:08) |  00:06:02(00:06:43) |  85.2( 81.1) |    8:59:04 (Sep12) |   1.97 GB | PBS_Generic_Opt-Post
--------------------+---------------------+--------------+--------------------+-----------+----------------------
 00:06:32(00:07:09) |  00:00:01(00:00:01) |   0.2(  0.2) |    8:59:05 (Sep12) |   1.97 GB | PBS_Generic-Postgen HBO Optimizations
--------------------+---------------------+--------------+--------------------+-----------+----------------------
 00:06:34(00:07:12) |  00:00:02(00:00:03) |   0.5(  0.6) |    8:59:08 (Sep12) |   1.96 GB | PBS_TechMap-Start
--------------------+---------------------+--------------+--------------------+-----------+----------------------
 00:06:35(00:07:13) |  00:00:01(00:00:01) |   0.2(  0.2) |    8:59:09 (Sep12) |   1.96 GB | PBS_TechMap-Premap HBO Optimizations
--------------------+---------------------+--------------+--------------------+-----------+----------------------
 00:07:31(00:08:39) |  00:00:56(00:01:26) |  13.2( 17.3) |    9:00:35 (Sep12) |   1.97 GB | PBS_Techmap-Global Mapping
--------------------+---------------------+--------------+--------------------+-----------+----------------------
 00:07:34(00:08:42) |  00:00:02(00:00:03) |   0.7(  0.6) |    9:00:38 (Sep12) |   1.97 GB | PBS_TechMap-Datapath Postmap Operations
--------------------+---------------------+--------------+--------------------+-----------+----------------------
Number of threads: 28 * 1   (id: pbs_debug, time_info v1.57)
Info: (*N*) indicates data that was populated from previously saved time_info database
Info: CPU time includes time of parent + longest thread
PBS_TechMap-Postmap HBO Optimizations - Elapsed_Time 0, CPU_Time 0.5831289999999854
stamp 'PBS_TechMap-Postmap HBO Optimizations' being created for table 'pbs_debug'

  Total Time (Wall) |  Stage Time (Wall)  |   % (Wall)   |    Date - Time     |  Memory   | Stage
--------------------+---------------------+--------------+--------------------+-----------+----------------------
 00:00:29(00:00:25) |  00:00:00(00:00:00) |   0.0(  0.0) |    8:52:21 (Sep12) |  686.3 MB | PBS_Generic-Start
--------------------+---------------------+--------------+--------------------+-----------+----------------------
 00:06:31(00:07:08) |  00:06:02(00:06:43) |  85.1( 81.1) |    8:59:04 (Sep12) |   1.97 GB | PBS_Generic_Opt-Post
--------------------+---------------------+--------------+--------------------+-----------+----------------------
 00:06:32(00:07:09) |  00:00:01(00:00:01) |   0.2(  0.2) |    8:59:05 (Sep12) |   1.97 GB | PBS_Generic-Postgen HBO Optimizations
--------------------+---------------------+--------------+--------------------+-----------+----------------------
 00:06:34(00:07:12) |  00:00:02(00:00:03) |   0.5(  0.6) |    8:59:08 (Sep12) |   1.96 GB | PBS_TechMap-Start
--------------------+---------------------+--------------+--------------------+-----------+----------------------
 00:06:35(00:07:13) |  00:00:01(00:00:01) |   0.2(  0.2) |    8:59:09 (Sep12) |   1.96 GB | PBS_TechMap-Premap HBO Optimizations
--------------------+---------------------+--------------+--------------------+-----------+----------------------
 00:07:31(00:08:39) |  00:00:56(00:01:26) |  13.2( 17.3) |    9:00:35 (Sep12) |   1.97 GB | PBS_Techmap-Global Mapping
--------------------+---------------------+--------------+--------------------+-----------+----------------------
 00:07:34(00:08:42) |  00:00:02(00:00:03) |   0.7(  0.6) |    9:00:38 (Sep12) |   1.97 GB | PBS_TechMap-Datapath Postmap Operations
--------------------+---------------------+--------------+--------------------+-----------+----------------------
 00:07:34(00:08:42) |  00:00:00(00:00:00) |   0.1(  0.0) |    9:00:38 (Sep12) |   1.97 GB | PBS_TechMap-Postmap HBO Optimizations
--------------------+---------------------+--------------+--------------------+-----------+----------------------
Number of threads: 28 * 1   (id: pbs_debug, time_info v1.57)
Info: (*N*) indicates data that was populated from previously saved time_info database
Info: CPU time includes time of parent + longest thread
 Doing ConstProp on design:Conv ... 

IOPT-REDREM: Performing redundancy removal: Detected 75 redundant wires. CPU time 0.054 seconds.


Test connection status for design: Conv
=======================================
Connected 0 out of 0 clock-gating instances.
  Decloning clock-gating logic from design:Conv
Info    : Clock-gating instances are decloned. [POPT-56]
        : New decloned instance is RC_CG_DECLONE_HIER_INST 
            Old instances were:
           RC_CG_HIER_INST37
           RC_CG_HIER_INST45
        : See the Genus Low Power manual for more information on Clock-gating decloning.
Clock-gating declone status
===========================
Total number of clock-gating instances before: 50
Total number of clock-gating instances after : 49
Time taken by ConstProp Step: 00:00:01
PBS_TechMap-Postmap Clock Gating - Elapsed_Time 1, CPU_Time 0.0
stamp 'PBS_TechMap-Postmap Clock Gating' being created for table 'pbs_debug'

  Total Time (Wall) |  Stage Time (Wall)  |   % (Wall)   |    Date - Time     |  Memory   | Stage
--------------------+---------------------+--------------+--------------------+-----------+----------------------
 00:00:29(00:00:25) |  00:00:00(00:00:00) |   0.0(  0.0) |    8:52:21 (Sep12) |  686.3 MB | PBS_Generic-Start
--------------------+---------------------+--------------+--------------------+-----------+----------------------
 00:06:31(00:07:08) |  00:06:02(00:06:43) |  85.1( 80.9) |    8:59:04 (Sep12) |   1.97 GB | PBS_Generic_Opt-Post
--------------------+---------------------+--------------+--------------------+-----------+----------------------
 00:06:32(00:07:09) |  00:00:01(00:00:01) |   0.2(  0.2) |    8:59:05 (Sep12) |   1.97 GB | PBS_Generic-Postgen HBO Optimizations
--------------------+---------------------+--------------+--------------------+-----------+----------------------
 00:06:34(00:07:12) |  00:00:02(00:00:03) |   0.5(  0.6) |    8:59:08 (Sep12) |   1.96 GB | PBS_TechMap-Start
--------------------+---------------------+--------------+--------------------+-----------+----------------------
 00:06:35(00:07:13) |  00:00:01(00:00:01) |   0.2(  0.2) |    8:59:09 (Sep12) |   1.96 GB | PBS_TechMap-Premap HBO Optimizations
--------------------+---------------------+--------------+--------------------+-----------+----------------------
 00:07:31(00:08:39) |  00:00:56(00:01:26) |  13.2( 17.3) |    9:00:35 (Sep12) |   1.97 GB | PBS_Techmap-Global Mapping
--------------------+---------------------+--------------+--------------------+-----------+----------------------
 00:07:34(00:08:42) |  00:00:02(00:00:03) |   0.7(  0.6) |    9:00:38 (Sep12) |   1.97 GB | PBS_TechMap-Datapath Postmap Operations
--------------------+---------------------+--------------+--------------------+-----------+----------------------
 00:07:34(00:08:42) |  00:00:00(00:00:00) |   0.1(  0.0) |    9:00:38 (Sep12) |   1.97 GB | PBS_TechMap-Postmap HBO Optimizations
--------------------+---------------------+--------------+--------------------+-----------+----------------------
 00:07:34(00:08:43) |  00:00:00(00:00:01) |   0.0(  0.2) |    9:00:39 (Sep12) |   1.97 GB | PBS_TechMap-Postmap Clock Gating
--------------------+---------------------+--------------+--------------------+-----------+----------------------
Number of threads: 28 * 1   (id: pbs_debug, time_info v1.57)
Info: (*N*) indicates data that was populated from previously saved time_info database
Info: CPU time includes time of parent + longest thread
-------------------------------------------------------------------------------
 hi_fo_buf                 19202        0         0         0        0

           Trick     Calls     Accepts   Attempts    Time(secs) 
-----------------------------------------------------------
       hi_fo_buf         2  (        2 /        2 )  0.11

 
Incremental optimization status
===============================
                                   Group   
                                  Tot Wrst     Total - - DRC Totals - -
                           Total  Weighted      Neg      Max       Max 
Operation                   Area   Slacks      Slack    Trans      Cap 
 init_delay                19202        0         0         0        0

           Trick     Calls     Accepts   Attempts    Time(secs) 
-----------------------------------------------------------
       crit_upsz         0  (        0 /        0 )  0.00
    plc_bal_star         0  (        0 /        0 )  0.00
     drc_buftimb         0  (        0 /        0 )  0.00
          plc_st         0  (        0 /        0 )  0.00
    plc_st_fence         0  (        0 /        0 )  0.00
        plc_star         0  (        0 /        0 )  0.00
      plc_laf_st         0  (        0 /        0 )  0.00
 plc_laf_st_fence         0  (        0 /        0 )  0.00
     drc_buftims         0  (        0 /        0 )  0.00
            fopt         0  (        0 /        0 )  0.00
   plc_laf_lo_st         0  (        0 /        0 )  0.00
       plc_lo_st         0  (        0 /        0 )  0.00
        mb_split         0  (        0 /        0 )  0.00

 
Local TNS optimization status
=============================
                                   Group   
                                  Tot Wrst     Total - - DRC Totals - -
                           Total  Weighted      Neg      Max       Max 
Operation                   Area   Slacks      Slack    Trans      Cap 
 init_tns                  19202        0         0         0        0

           Trick     Calls     Accepts   Attempts    Time(secs) 
-----------------------------------------------------------
    plc_bal_star         0  (        0 /        0 )  0.00
     drc_buftimb         0  (        0 /        0 )  0.00
     drc_buftims         0  (        0 /        0 )  0.00
       crit_upsz         0  (        0 /        0 )  0.00
   plc_laf_lo_st         0  (        0 /        0 )  0.00
       plc_lo_st         0  (        0 /        0 )  0.00
            fopt         0  (        0 /        0 )  0.00
       crit_dnsz         0  (        0 /        0 )  0.00
             dup         0  (        0 /        0 )  0.00
        setup_dn         0  (        0 /        0 )  0.00
        mb_split         0  (        0 /        0 )  0.00

PBS_TechMap-Postmap Cleanup - Elapsed_Time 2, CPU_Time 2.7153529999999932
stamp 'PBS_TechMap-Postmap Cleanup' being created for table 'pbs_debug'

  Total Time (Wall) |  Stage Time (Wall)  |   % (Wall)   |    Date - Time     |  Memory   | Stage
--------------------+---------------------+--------------+--------------------+-----------+----------------------
 00:00:29(00:00:25) |  00:00:00(00:00:00) |   0.0(  0.0) |    8:52:21 (Sep12) |  686.3 MB | PBS_Generic-Start
--------------------+---------------------+--------------+--------------------+-----------+----------------------
 00:06:31(00:07:08) |  00:06:02(00:06:43) |  84.6( 80.6) |    8:59:04 (Sep12) |   1.97 GB | PBS_Generic_Opt-Post
--------------------+---------------------+--------------+--------------------+-----------+----------------------
 00:06:32(00:07:09) |  00:00:01(00:00:01) |   0.2(  0.2) |    8:59:05 (Sep12) |   1.97 GB | PBS_Generic-Postgen HBO Optimizations
--------------------+---------------------+--------------+--------------------+-----------+----------------------
 00:06:34(00:07:12) |  00:00:02(00:00:03) |   0.5(  0.6) |    8:59:08 (Sep12) |   1.96 GB | PBS_TechMap-Start
--------------------+---------------------+--------------+--------------------+-----------+----------------------
 00:06:35(00:07:13) |  00:00:01(00:00:01) |   0.2(  0.2) |    8:59:09 (Sep12) |   1.96 GB | PBS_TechMap-Premap HBO Optimizations
--------------------+---------------------+--------------+--------------------+-----------+----------------------
 00:07:31(00:08:39) |  00:00:56(00:01:26) |  13.1( 17.2) |    9:00:35 (Sep12) |   1.97 GB | PBS_Techmap-Global Mapping
--------------------+---------------------+--------------+--------------------+-----------+----------------------
 00:07:34(00:08:42) |  00:00:02(00:00:03) |   0.6(  0.6) |    9:00:38 (Sep12) |   1.97 GB | PBS_TechMap-Datapath Postmap Operations
--------------------+---------------------+--------------+--------------------+-----------+----------------------
 00:07:34(00:08:42) |  00:00:00(00:00:00) |   0.1(  0.0) |    9:00:38 (Sep12) |   1.97 GB | PBS_TechMap-Postmap HBO Optimizations
--------------------+---------------------+--------------+--------------------+-----------+----------------------
 00:07:34(00:08:43) |  00:00:00(00:00:01) |   0.0(  0.2) |    9:00:39 (Sep12) |   1.97 GB | PBS_TechMap-Postmap Clock Gating
--------------------+---------------------+--------------+--------------------+-----------+----------------------
 00:07:37(00:08:45) |  00:00:02(00:00:02) |   0.6(  0.4) |    9:00:41 (Sep12) |   1.97 GB | PBS_TechMap-Postmap Cleanup
--------------------+---------------------+--------------+--------------------+-----------+----------------------
Number of threads: 28 * 1   (id: pbs_debug, time_info v1.57)
Info: (*N*) indicates data that was populated from previously saved time_info database
Info: CPU time includes time of parent + longest thread
PBS_Techmap-Post_MBCI - Elapsed_Time 0, CPU_Time 0.0
stamp 'PBS_Techmap-Post_MBCI' being created for table 'pbs_debug'

  Total Time (Wall) |  Stage Time (Wall)  |   % (Wall)   |    Date - Time     |  Memory   | Stage
--------------------+---------------------+--------------+--------------------+-----------+----------------------
 00:00:29(00:00:25) |  00:00:00(00:00:00) |   0.0(  0.0) |    8:52:21 (Sep12) |  686.3 MB | PBS_Generic-Start
--------------------+---------------------+--------------+--------------------+-----------+----------------------
 00:06:31(00:07:08) |  00:06:02(00:06:43) |  84.6( 80.6) |    8:59:04 (Sep12) |   1.97 GB | PBS_Generic_Opt-Post
--------------------+---------------------+--------------+--------------------+-----------+----------------------
 00:06:32(00:07:09) |  00:00:01(00:00:01) |   0.2(  0.2) |    8:59:05 (Sep12) |   1.97 GB | PBS_Generic-Postgen HBO Optimizations
--------------------+---------------------+--------------+--------------------+-----------+----------------------
 00:06:34(00:07:12) |  00:00:02(00:00:03) |   0.5(  0.6) |    8:59:08 (Sep12) |   1.96 GB | PBS_TechMap-Start
--------------------+---------------------+--------------+--------------------+-----------+----------------------
 00:06:35(00:07:13) |  00:00:01(00:00:01) |   0.2(  0.2) |    8:59:09 (Sep12) |   1.96 GB | PBS_TechMap-Premap HBO Optimizations
--------------------+---------------------+--------------+--------------------+-----------+----------------------
 00:07:31(00:08:39) |  00:00:56(00:01:26) |  13.1( 17.2) |    9:00:35 (Sep12) |   1.97 GB | PBS_Techmap-Global Mapping
--------------------+---------------------+--------------+--------------------+-----------+----------------------
 00:07:34(00:08:42) |  00:00:02(00:00:03) |   0.6(  0.6) |    9:00:38 (Sep12) |   1.97 GB | PBS_TechMap-Datapath Postmap Operations
--------------------+---------------------+--------------+--------------------+-----------+----------------------
 00:07:34(00:08:42) |  00:00:00(00:00:00) |   0.1(  0.0) |    9:00:38 (Sep12) |   1.97 GB | PBS_TechMap-Postmap HBO Optimizations
--------------------+---------------------+--------------+--------------------+-----------+----------------------
 00:07:34(00:08:43) |  00:00:00(00:00:01) |   0.0(  0.2) |    9:00:39 (Sep12) |   1.97 GB | PBS_TechMap-Postmap Clock Gating
--------------------+---------------------+--------------+--------------------+-----------+----------------------
 00:07:37(00:08:45) |  00:00:02(00:00:02) |   0.6(  0.4) |    9:00:41 (Sep12) |   1.97 GB | PBS_TechMap-Postmap Cleanup
--------------------+---------------------+--------------+--------------------+-----------+----------------------
 00:07:37(00:08:45) |  00:00:00(00:00:00) |   0.0(  0.0) |    9:00:41 (Sep12) |   1.97 GB | PBS_Techmap-Post_MBCI
--------------------+---------------------+--------------+--------------------+-----------+----------------------
Number of threads: 28 * 1   (id: pbs_debug, time_info v1.57)
Info: (*N*) indicates data that was populated from previously saved time_info database
Info: CPU time includes time of parent + longest thread
##>=================== Cadence Confidential (Mapping-Logical) ===================
##>Main Thread Summary:
##>----------------------------------------------------------------------------------------
##>STEP                           Elapsed       WNS       TNS     Insts      Area    Memory
##>----------------------------------------------------------------------------------------
##>M:Initial                            0         -         -     42360     63114      1961
##>M:Pre Cleanup                        0         -         -     42360     63114      1961
##>M:Setup                              0         -         -         -         -         -
##>M:Launch ST                          0         -         -         -         -         -
##>M:Design Partition                   0         -         -         -         -         -
##>M:Create Partition Netlists          0         -         -         -         -         -
##>M:Init Power                         0         -         -         -         -         -
##>M:Budgeting                          0         -         -         -         -         -
##>M:Derenv-DB                          0         -         -         -         -         -
##>M:Debug Outputs                      0         -         -         -         -         -
##>M:ST loading                         0         -         -         -         -         -
##>M:Distributed                        0         -         -         -         -         -
##>M:Timer                              0         -         -         -         -         -
##>M:Assembly                           0         -         -         -         -         -
##>M:DFT                                0         -         -         -         -         -
##>M:DP Operations                      3         -         -     12190     13634      1967
##>M:Const Prop                         0        52         0     12190     13634      1967
##>M:Cleanup                            2        52         0     12175     13621      1970
##>M:MBCI                               0         -         -     12175     13621      1970
##>M:Const Gate Removal                 0         -         -         -         -         -
##>M:Misc                              88
##>----------------------------------------------------------------------------------------
##>Total Elapsed                       93
##>========================================================================================

+-----------+--------------------+-----+----------------------+---------------------------+
|   Host    |      Machine       | CPU | Physical Memory (MB) | Peak Physical Memory (MB) |
+-----------+--------------------+-----+----------------------+---------------------------+
| localhost | paxos.inf.pucrs.br |  1  |        1970.5        |          5891.9           |
+-----------+--------------------+-----+----------------------+---------------------------+

+---------------+----------------------+---------------------------+
|    Server     | Physical Memory (MB) | Peak Physical Memory (MB) |
+---------------+----------------------+---------------------------+
| localhost_1_0 |        512.0         |          4457.6           |
+---------------+----------------------+---------------------------+

Info    : Done mapping. [SYNTH-5]
        : Done mapping 'Conv'.
      flow.cputime  flow.realtime  timing.setup.tns  timing.setup.wns  snapshot
UM:*                                                                   syn_map
@file(logical_synthesis_body.tcl) 57: syn_opt
Current PLE settings:

Aspect ratio        : 1.000
Shrink factor       : 0.900
Scale of res/length : 1.000
Scale of cap/length : 1.000
Net derating factor : 1.000
Thermal factor      : 1.253
Via Resistance      : 16.501 ohm (from qrc_tech_file)
Site size           : 1.040 um (from lef [tech+cell])

                                   Capacitance  
  Layer                             / Length         Data source:
Name        Direction Utilization  (pF/micron)       qrc_tech_file
------------------------------------------------
M1              V         0.00        0.000210  
M2              H         1.00        0.000184  
M3              V         1.00        0.000138  
M4              H         1.00        0.000137  
M5              V         1.00        0.000138  
M6              H         1.00        0.000133  
M7              V         1.00        0.000194  
M8              H         1.00        0.000322  
M9              V         1.00        0.000582  
AP              H         1.00        0.000334  

                                    Resistance   
  Layer                              / Length         Data source:
Name        Direction Utilization  (ohm/micron)       qrc_tech_file
-------------------------------------------------
M1              V         0.00        14.633762  
M2              H         1.00        14.861223  
M3              V         1.00        14.861223  
M4              H         1.00        14.861223  
M5              V         1.00        14.861223  
M6              H         1.00        14.861223  
M7              V         1.00         3.005090  
M8              H         1.00         0.111088  
M9              V         1.00         0.004928  
AP              H         1.00         0.009992  

                                        Area     
  Layer                               / Length        Data source:
Name        Direction Utilization     (micron)        lef_library
-------------------------------------------------
M1              V         0.00         0.050000  
M2              H         1.00         0.050000  
M3              V         1.00         0.050000  
M4              H         1.00         0.050000  
M5              V         1.00         0.050000  
M6              H         1.00         0.050000  
M7              V         1.00         0.100000  
M8              H         1.00         0.400000  
M9              V         1.00         2.000000  
AP              H         1.00         2.000000  

Info    : Incrementally optimizing. [SYNTH-7]
        : Incrementally optimizing 'Conv' using 'high' effort.

Test connection status for design: Conv
=======================================
Connected 0 out of 0 clock-gating instances.
  Decloning clock-gating logic from design:Conv
Forcing hierarchical CG on for clock_gating declone -hier
Clock-gating declone status
===========================
Total number of clock-gating instances before: 49
Total number of clock-gating instances after : 49
 
Incremental optimization status
===============================
                                   Group   
                                  Tot Wrst     Total - - DRC Totals - -
                           Total  Weighted      Neg      Max       Max 
Operation                   Area   Slacks      Slack    Trans      Cap 
 init_iopt                 19202        0         0         0        0
IOPT-REDREM: Performing redundancy removal: Detected 0 redundant wires. CPU time 0.039 seconds.

-------------------------------------------------------------------------------
 const_prop                19202        0         0         0        0
 simp_cc_inputs            19197        0         0         0        0
-------------------------------------------------------------------------------
 hi_fo_buf                 19197        0         0         0        0

           Trick     Calls     Accepts   Attempts    Time(secs) 
-----------------------------------------------------------
       hi_fo_buf         0  (        0 /        0 )  0.00

 
Incremental optimization status
===============================
                                   Group   
                                  Tot Wrst     Total - - DRC Totals - -
                           Total  Weighted      Neg      Max       Max 
Operation                   Area   Slacks      Slack    Trans      Cap 
 init_delay                19197        0         0         0        0

           Trick     Calls     Accepts   Attempts    Time(secs) 
-----------------------------------------------------------
        crit_msz         0  (        0 /        0 )  0.00
       crit_upsz         0  (        0 /        0 )  0.00
       crit_slew         0  (        0 /        0 )  0.00
        setup_dn         0  (        0 /        0 )  0.00
    plc_bal_star         0  (        0 /        0 )  0.00
     drc_buftimb         0  (        0 /        0 )  0.00
          plc_st         0  (        0 /        0 )  0.00
    plc_st_fence         0  (        0 /        0 )  0.00
        plc_star         0  (        0 /        0 )  0.00
      plc_laf_st         0  (        0 /        0 )  0.00
 plc_laf_st_fence         0  (        0 /        0 )  0.00
     drc_buftims         0  (        0 /        0 )  0.00
   plc_laf_lo_st         0  (        0 /        0 )  0.00
       plc_lo_st         0  (        0 /        0 )  0.00
            fopt         0  (        0 /        0 )  0.00
       crit_swap         0  (        0 /        0 )  0.00
       mux2_swap         0  (        0 /        0 )  0.00
       crit_dnsz         0  (        0 /        0 )  0.00
       load_swap         0  (        0 /        0 )  0.00
            fopt         0  (        0 /        0 )  0.00
        setup_dn         0  (        0 /        0 )  0.00
       load_isol         0  (        0 /        0 )  0.00
       load_isol         0  (        0 /        0 )  0.00
        move_for         0  (        0 /        0 )  0.00
        move_for         0  (        0 /        0 )  0.00
          rem_bi         0  (        0 /        0 )  0.00
         offload         0  (        0 /        0 )  0.00
          rem_bi         0  (        0 /        0 )  0.00
         offload         0  (        0 /        0 )  0.00
           phase         0  (        0 /        0 )  0.00
        in_phase         0  (        0 /        0 )  0.00
       merge_bit         0  (        0 /        0 )  0.00
     merge_idrvr         0  (        0 /        0 )  0.00
     merge_iload         0  (        0 /        0 )  0.00
    merge_idload         0  (        0 /        0 )  0.00
      merge_drvr         0  (        0 /        0 )  0.00
      merge_load         0  (        0 /        0 )  0.00
          decomp         0  (        0 /        0 )  0.00
        p_decomp         0  (        0 /        0 )  0.00
        levelize         0  (        0 /        0 )  0.00
        mb_split         0  (        0 /        0 )  0.00
             dup         0  (        0 /        0 )  0.00
      mux_retime         0  (        0 /        0 )  0.00
         buf2inv         0  (        0 /        0 )  0.00
             exp         0  (        0 /        0 )  0.00
       gate_deco         0  (        0 /        0 )  0.00
       gcomp_tim         0  (        0 /        0 )  0.00
  inv_pair_2_buf         0  (        0 /        0 )  0.00


           Trick     Calls     Accepts   Attempts    Time(secs) 
-----------------------------------------------------------
         crr_220         0  (        0 /        0 )  0.00
        crr_glob         0  (        0 /        0 )  0.00
         crr_200         0  (        0 /        0 )  0.00
        crr_glob         0  (        0 /        0 )  0.00
         crr_300         0  (        0 /        0 )  0.00
        crr_glob         0  (        0 /        0 )  0.00
         crr_400         0  (        0 /        0 )  0.00
        crr_glob         0  (        0 /        0 )  0.00
         crr_111         0  (        0 /        0 )  0.00
        crr_glob         0  (        0 /        0 )  0.00
         crr_210         0  (        0 /        0 )  0.00
        crr_glob         0  (        0 /        0 )  0.00
         crr_110         0  (        0 /        0 )  0.00
        crr_glob         0  (        0 /        0 )  0.00
         crr_101         0  (        0 /        0 )  0.00
        crr_glob         0  (        0 /        0 )  0.00
         crr_201         0  (        0 /        0 )  0.00
        crr_glob         0  (        0 /        0 )  0.00
         crr_211         0  (        0 /        0 )  0.00
        crr_glob         0  (        0 /        0 )  0.00
        crit_msz         0  (        0 /        0 )  0.00
       crit_upsz         0  (        0 /        0 )  0.00
       crit_slew         0  (        0 /        0 )  0.00
        setup_dn         0  (        0 /        0 )  0.00
    plc_bal_star         0  (        0 /        0 )  0.00
     drc_buftimb         0  (        0 /        0 )  0.00
          plc_st         0  (        0 /        0 )  0.00
    plc_st_fence         0  (        0 /        0 )  0.00
        plc_star         0  (        0 /        0 )  0.00
      plc_laf_st         0  (        0 /        0 )  0.00
 plc_laf_st_fence         0  (        0 /        0 )  0.00
     drc_buftims         0  (        0 /        0 )  0.00
       plc_lo_st         0  (        0 /        0 )  0.00
            fopt         0  (        0 /        0 )  0.00
       crit_swap         0  (        0 /        0 )  0.00
       mux2_swap         0  (        0 /        0 )  0.00
       crit_dnsz         0  (        0 /        0 )  0.00
       load_swap         0  (        0 /        0 )  0.00
            fopt         0  (        0 /        0 )  0.00
        setup_dn         0  (        0 /        0 )  0.00
       load_isol         0  (        0 /        0 )  0.00
       load_isol         0  (        0 /        0 )  0.00
        move_for         0  (        0 /        0 )  0.00
        move_for         0  (        0 /        0 )  0.00
          rem_bi         0  (        0 /        0 )  0.00
         offload         0  (        0 /        0 )  0.00
          rem_bi         0  (        0 /        0 )  0.00
         offload         0  (        0 /        0 )  0.00
       merge_bit         0  (        0 /        0 )  0.00
     merge_idrvr         0  (        0 /        0 )  0.00
     merge_iload         0  (        0 /        0 )  0.00
    merge_idload         0  (        0 /        0 )  0.00
      merge_drvr         0  (        0 /        0 )  0.00
      merge_load         0  (        0 /        0 )  0.00
           phase         0  (        0 /        0 )  0.00
          decomp         0  (        0 /        0 )  0.00
        p_decomp         0  (        0 /        0 )  0.00
        levelize         0  (        0 /        0 )  0.00
        mb_split         0  (        0 /        0 )  0.00
        in_phase         0  (        0 /        0 )  0.00
             dup         0  (        0 /        0 )  0.00
      mux_retime         0  (        0 /        0 )  0.00
         buf2inv         0  (        0 /        0 )  0.00
             exp         0  (        0 /        0 )  0.00
       gate_deco         0  (        0 /        0 )  0.00
       gcomp_tim         0  (        0 /        0 )  0.00
  inv_pair_2_buf         0  (        0 /        0 )  0.00
 init_drc                  19197        0         0         0        0

           Trick     Calls     Accepts   Attempts    Time(secs) 
-----------------------------------------------------------
          plc_st         0  (        0 /        0 )  0.00
        plc_star         0  (        0 /        0 )  0.00
        drc_bufs         0  (        0 /        0 )  0.00
        drc_fopt         0  (        0 /        0 )  0.00
        drc_bufb         0  (        0 /        0 )  0.00
      simple_buf         0  (        0 /        0 )  0.00
             dup         0  (        0 /        0 )  0.00
       crit_dnsz         0  (        0 /        0 )  0.00
       crit_upsz         0  (        0 /        0 )  0.00
       crit_slew         0  (        0 /        0 )  0.00


           Trick     Calls     Accepts   Attempts    Time(secs) 
-----------------------------------------------------------
          plc_st         0  (        0 /        0 )  0.00
        plc_star         0  (        0 /        0 )  0.00
      drc_buf_sp         0  (        0 /        0 )  0.00
        drc_bufs         0  (        0 /        0 )  0.00
        drc_fopt         0  (        0 /        0 )  0.00
        drc_bufb         0  (        0 /        0 )  0.00
      simple_buf         0  (        0 /        0 )  0.00
             dup         0  (        0 /        0 )  0.00
       crit_dnsz         0  (        0 /        0 )  0.00
       crit_upsz         0  (        0 /        0 )  0.00


           Trick     Calls     Accepts   Attempts    Time(secs) 
-----------------------------------------------------------
          plc_st         0  (        0 /        0 )  0.00
        plc_star         0  (        0 /        0 )  0.00
      drc_buf_sp         0  (        0 /        0 )  0.00
        drc_bufs         0  (        0 /        0 )  0.00
        drc_fopt         0  (        0 /        0 )  0.00
        drc_bufb         0  (        0 /        0 )  0.00
             dup         0  (        0 /        0 )  0.00
       crit_dnsz         0  (        0 /        0 )  0.00
       crit_upsz         0  (        0 /        0 )  0.00

 init_tns                  19197        0         0         0        0

           Trick     Calls     Accepts   Attempts    Time(secs) 
-----------------------------------------------------------
            fopt         0  (        0 /        0 )  0.00
    plc_bal_star         0  (        0 /        0 )  0.00
     drc_buftimb         0  (        0 /        0 )  0.00
     drc_buftims         0  (        0 /        0 )  0.00
        crit_msz         0  (        0 /        0 )  0.00
       crit_upsz         0  (        0 /        0 )  0.00
   plc_laf_lo_st         0  (        0 /        0 )  0.00
       plc_lo_st         0  (        0 /        0 )  0.00
       crit_swap         0  (        0 /        0 )  0.00
       mux2_swap         0  (        0 /        0 )  0.00
       crit_dnsz         0  (        0 /        0 )  0.00
       load_swap         0  (        0 /        0 )  0.00
            fopt         0  (        0 /        0 )  0.00
        setup_dn         0  (        0 /        0 )  0.00
       load_isol         0  (        0 /        0 )  0.00
       load_isol         0  (        0 /        0 )  0.00
        move_for         0  (        0 /        0 )  0.00
        move_for         0  (        0 /        0 )  0.00
          rem_bi         0  (        0 /        0 )  0.00
         offload         0  (        0 /        0 )  0.00
          rem_bi         0  (        0 /        0 )  0.00
         offload         0  (        0 /        0 )  0.00
       merge_bit         0  (        0 /        0 )  0.00
     merge_idrvr         0  (        0 /        0 )  0.00
     merge_iload         0  (        0 /        0 )  0.00
    merge_idload         0  (        0 /        0 )  0.00
      merge_drvr         0  (        0 /        0 )  0.00
      merge_load         0  (        0 /        0 )  0.00
           phase         0  (        0 /        0 )  0.00
          decomp         0  (        0 /        0 )  0.00
        p_decomp         0  (        0 /        0 )  0.00
        levelize         0  (        0 /        0 )  0.00
        mb_split         0  (        0 /        0 )  0.00
             dup         0  (        0 /        0 )  0.00
      mux_retime         0  (        0 /        0 )  0.00
       crr_local         0  (        0 /        0 )  0.00
         buf2inv         0  (        0 /        0 )  0.00

 init_area                 19197        0         0         0        0
 undup                     19196        0         0         0        0
 rem_buf                   19179        0         0         0        0
 rem_inv                   19147        0         0         0        0
 merge_bi                  19120        0         0         0        0
 rem_inv_qb                19119        0         0         0        0
 seq_res_area              19081        0         0         0        0
 io_phase                  19079        0         0         0        0
 gate_comp                 19036        0         0         0        0
 gcomp_mog                 19032        0         0         0        0
 glob_area                 18940        0         0         0        0
 area_down                 18891        0         0         0        0

           Trick     Calls     Accepts   Attempts    Time(secs) 
-----------------------------------------------------------
           undup         1  (        1 /        1 )  0.04
         rem_buf        24  (       23 /       23 )  0.12
         rem_inv        14  (       14 /       14 )  0.13
        merge_bi        56  (       56 /       56 )  0.23
      rem_inv_qb         7  (        2 /        2 )  0.06
    seq_res_area        20  (        2 /        2 )  7.30
        io_phase        38  (        5 /        5 )  0.07
       gate_comp       106  (       82 /       82 )  0.64
       gcomp_mog        71  (        2 /        2 )  0.48
       glob_area        84  (       64 /       84 )  1.93
       area_down       136  (       67 /       75 )  1.44
      size_n_buf         1  (        0 /        0 )  0.07
  gate_deco_area         0  (        0 /        0 )  0.04
         rem_buf         1  (        0 /        0 )  0.00
         rem_inv         0  (        0 /        0 )  0.00
        merge_bi         0  (        0 /        0 )  0.02
      rem_inv_qb         0  (        0 /        0 )  0.00

 
Incremental optimization status
===============================
                                   Group   
                                  Tot Wrst     Total - - DRC Totals - -
                           Total  Weighted      Neg      Max       Max 
Operation                   Area   Slacks      Slack    Trans      Cap 
 init_delay                18891        0         0         0        0

           Trick     Calls     Accepts   Attempts    Time(secs) 
-----------------------------------------------------------
         crr_220         0  (        0 /        0 )  0.00
        crr_glob         0  (        0 /        0 )  0.00
         crr_200         0  (        0 /        0 )  0.00
        crr_glob         0  (        0 /        0 )  0.00
         crr_300         0  (        0 /        0 )  0.00
        crr_glob         0  (        0 /        0 )  0.00
         crr_400         0  (        0 /        0 )  0.00
        crr_glob         0  (        0 /        0 )  0.00
         crr_111         0  (        0 /        0 )  0.00
        crr_glob         0  (        0 /        0 )  0.00
         crr_210         0  (        0 /        0 )  0.00
        crr_glob         0  (        0 /        0 )  0.00
         crr_110         0  (        0 /        0 )  0.00
        crr_glob         0  (        0 /        0 )  0.00
         crr_101         0  (        0 /        0 )  0.00
        crr_glob         0  (        0 /        0 )  0.00
         crr_201         0  (        0 /        0 )  0.00
        crr_glob         0  (        0 /        0 )  0.00
         crr_211         0  (        0 /        0 )  0.00
        crr_glob         0  (        0 /        0 )  0.00
        crit_msz         0  (        0 /        0 )  0.00
       crit_upsz         0  (        0 /        0 )  0.00
       crit_slew         0  (        0 /        0 )  0.00
        setup_dn         0  (        0 /        0 )  0.00
    plc_bal_star         0  (        0 /        0 )  0.00
     drc_buftimb         0  (        0 /        0 )  0.00
          plc_st         0  (        0 /        0 )  0.00
    plc_st_fence         0  (        0 /        0 )  0.00
        plc_star         0  (        0 /        0 )  0.00
      plc_laf_st         0  (        0 /        0 )  0.00
 plc_laf_st_fence         0  (        0 /        0 )  0.00
     drc_buftims         0  (        0 /        0 )  0.00
       plc_lo_st         0  (        0 /        0 )  0.00
            fopt         0  (        0 /        0 )  0.00
       crit_swap         0  (        0 /        0 )  0.00
       mux2_swap         0  (        0 /        0 )  0.00
       crit_dnsz         0  (        0 /        0 )  0.00
       load_swap         0  (        0 /        0 )  0.00
            fopt         0  (        0 /        0 )  0.00
        setup_dn         0  (        0 /        0 )  0.00
       load_isol         0  (        0 /        0 )  0.00
       load_isol         0  (        0 /        0 )  0.00
        move_for         0  (        0 /        0 )  0.00
        move_for         0  (        0 /        0 )  0.00
          rem_bi         0  (        0 /        0 )  0.00
         offload         0  (        0 /        0 )  0.00
          rem_bi         0  (        0 /        0 )  0.00
         offload         0  (        0 /        0 )  0.00
       merge_bit         0  (        0 /        0 )  0.00
     merge_idrvr         0  (        0 /        0 )  0.00
     merge_iload         0  (        0 /        0 )  0.00
    merge_idload         0  (        0 /        0 )  0.00
      merge_drvr         0  (        0 /        0 )  0.00
      merge_load         0  (        0 /        0 )  0.00
           phase         0  (        0 /        0 )  0.00
          decomp         0  (        0 /        0 )  0.00
        p_decomp         0  (        0 /        0 )  0.00
        levelize         0  (        0 /        0 )  0.00
        mb_split         0  (        0 /        0 )  0.00
        in_phase         0  (        0 /        0 )  0.00
             dup         0  (        0 /        0 )  0.00
      mux_retime         0  (        0 /        0 )  0.00
         buf2inv         0  (        0 /        0 )  0.00
             exp         0  (        0 /        0 )  0.00
       gate_deco         0  (        0 /        0 )  0.00
       gcomp_tim         0  (        0 /        0 )  0.00
  inv_pair_2_buf         0  (        0 /        0 )  0.00
 init_drc                  18891        0         0         0        0

           Trick     Calls     Accepts   Attempts    Time(secs) 
-----------------------------------------------------------
          plc_st         0  (        0 /        0 )  0.00
        plc_star         0  (        0 /        0 )  0.00
        drc_bufs         0  (        0 /        0 )  0.00
        drc_fopt         0  (        0 /        0 )  0.00
        drc_bufb         0  (        0 /        0 )  0.00
      simple_buf         0  (        0 /        0 )  0.00
             dup         0  (        0 /        0 )  0.00
       crit_dnsz         0  (        0 /        0 )  0.00
       crit_upsz         0  (        0 /        0 )  0.00
       crit_slew         0  (        0 /        0 )  0.00


           Trick     Calls     Accepts   Attempts    Time(secs) 
-----------------------------------------------------------
          plc_st         0  (        0 /        0 )  0.00
        plc_star         0  (        0 /        0 )  0.00
        drc_bufs         0  (        0 /        0 )  0.00
        drc_fopt         0  (        0 /        0 )  0.00
        drc_bufb         0  (        0 /        0 )  0.00
      simple_buf         0  (        0 /        0 )  0.00
             dup         0  (        0 /        0 )  0.00
       crit_dnsz         0  (        0 /        0 )  0.00
       crit_upsz         0  (        0 /        0 )  0.00


           Trick     Calls     Accepts   Attempts    Time(secs) 
-----------------------------------------------------------
          plc_st         0  (        0 /        0 )  0.00
        plc_star         0  (        0 /        0 )  0.00
        drc_bufs         0  (        0 /        0 )  0.00
        drc_fopt         0  (        0 /        0 )  0.00
        drc_bufb         0  (        0 /        0 )  0.00
             dup         0  (        0 /        0 )  0.00
       crit_dnsz         0  (        0 /        0 )  0.00
       crit_upsz         0  (        0 /        0 )  0.00

 init_tns                  18891        0         0         0        0

           Trick     Calls     Accepts   Attempts    Time(secs) 
-----------------------------------------------------------
            fopt         0  (        0 /        0 )  0.00
    plc_bal_star         0  (        0 /        0 )  0.00
     drc_buftimb         0  (        0 /        0 )  0.00
     drc_buftims         0  (        0 /        0 )  0.00
        crit_msz         0  (        0 /        0 )  0.00
       crit_upsz         0  (        0 /        0 )  0.00
   plc_laf_lo_st         0  (        0 /        0 )  0.00
       plc_lo_st         0  (        0 /        0 )  0.00
       crit_swap         0  (        0 /        0 )  0.00
       mux2_swap         0  (        0 /        0 )  0.00
       crit_dnsz         0  (        0 /        0 )  0.00
       load_swap         0  (        0 /        0 )  0.00
            fopt         0  (        0 /        0 )  0.00
        setup_dn         0  (        0 /        0 )  0.00
       load_isol         0  (        0 /        0 )  0.00
       load_isol         0  (        0 /        0 )  0.00
        move_for         0  (        0 /        0 )  0.00
        move_for         0  (        0 /        0 )  0.00
          rem_bi         0  (        0 /        0 )  0.00
         offload         0  (        0 /        0 )  0.00
          rem_bi         0  (        0 /        0 )  0.00
         offload         0  (        0 /        0 )  0.00
       merge_bit         0  (        0 /        0 )  0.00
     merge_idrvr         0  (        0 /        0 )  0.00
     merge_iload         0  (        0 /        0 )  0.00
    merge_idload         0  (        0 /        0 )  0.00
      merge_drvr         0  (        0 /        0 )  0.00
      merge_load         0  (        0 /        0 )  0.00
           phase         0  (        0 /        0 )  0.00
          decomp         0  (        0 /        0 )  0.00
        p_decomp         0  (        0 /        0 )  0.00
        levelize         0  (        0 /        0 )  0.00
        mb_split         0  (        0 /        0 )  0.00
             dup         0  (        0 /        0 )  0.00
      mux_retime         0  (        0 /        0 )  0.00
       crr_local         0  (        0 /        0 )  0.00
         buf2inv         0  (        0 /        0 )  0.00

 init_area                 18891        0         0         0        0
 glob_area                 18888        0         0         0        0
 area_down                 18886        0         0         0        0

           Trick     Calls     Accepts   Attempts    Time(secs) 
-----------------------------------------------------------
           undup         0  (        0 /        0 )  0.02
         rem_buf         1  (        0 /        0 )  0.00
         rem_inv         0  (        0 /        0 )  0.00
        merge_bi         0  (        0 /        0 )  0.03
      rem_inv_qb         0  (        0 /        0 )  0.00
        io_phase        32  (        0 /        0 )  0.04
       gate_comp        23  (        0 /        0 )  0.40
       gcomp_mog        70  (        0 /        0 )  0.47
       glob_area        60  (       16 /       60 )  1.91
       area_down        96  (        7 /       15 )  0.71
      size_n_buf         0  (        0 /        0 )  0.05
  gate_deco_area         0  (        0 /        0 )  0.00

 
Incremental optimization status
===============================
                                   Group   
                                  Tot Wrst     Total - - DRC Totals - -
                           Total  Weighted      Neg      Max       Max 
Operation                   Area   Slacks      Slack    Trans      Cap 
 init_delay                18886        0         0         0        0

           Trick     Calls     Accepts   Attempts    Time(secs) 
-----------------------------------------------------------
        crit_msz         0  (        0 /        0 )  0.00
       crit_upsz         0  (        0 /        0 )  0.00
       crit_slew         0  (        0 /        0 )  0.00
        setup_dn         0  (        0 /        0 )  0.00
    plc_bal_star         0  (        0 /        0 )  0.00
     drc_buftimb         0  (        0 /        0 )  0.00
          plc_st         0  (        0 /        0 )  0.00
    plc_st_fence         0  (        0 /        0 )  0.00
        plc_star         0  (        0 /        0 )  0.00
      plc_laf_st         0  (        0 /        0 )  0.00
 plc_laf_st_fence         0  (        0 /        0 )  0.00
     drc_buftims         0  (        0 /        0 )  0.00
   plc_laf_lo_st         0  (        0 /        0 )  0.00
       plc_lo_st         0  (        0 /        0 )  0.00
            fopt         0  (        0 /        0 )  0.00
       crit_swap         0  (        0 /        0 )  0.00
       mux2_swap         0  (        0 /        0 )  0.00
       crit_dnsz         0  (        0 /        0 )  0.00
       load_swap         0  (        0 /        0 )  0.00
            fopt         0  (        0 /        0 )  0.00
        setup_dn         0  (        0 /        0 )  0.00
       load_isol         0  (        0 /        0 )  0.00
       load_isol         0  (        0 /        0 )  0.00
        move_for         0  (        0 /        0 )  0.00
        move_for         0  (        0 /        0 )  0.00
          rem_bi         0  (        0 /        0 )  0.00
         offload         0  (        0 /        0 )  0.00
          rem_bi         0  (        0 /        0 )  0.00
         offload         0  (        0 /        0 )  0.00
           phase         0  (        0 /        0 )  0.00
        in_phase         0  (        0 /        0 )  0.00
       merge_bit         0  (        0 /        0 )  0.00
     merge_idrvr         0  (        0 /        0 )  0.00
     merge_iload         0  (        0 /        0 )  0.00
    merge_idload         0  (        0 /        0 )  0.00
      merge_drvr         0  (        0 /        0 )  0.00
      merge_load         0  (        0 /        0 )  0.00
          decomp         0  (        0 /        0 )  0.00
        p_decomp         0  (        0 /        0 )  0.00
        levelize         0  (        0 /        0 )  0.00
        mb_split         0  (        0 /        0 )  0.00
             dup         0  (        0 /        0 )  0.00
      mux_retime         0  (        0 /        0 )  0.00
         buf2inv         0  (        0 /        0 )  0.00
             exp         0  (        0 /        0 )  0.00
       gate_deco         0  (        0 /        0 )  0.00
       gcomp_tim         0  (        0 /        0 )  0.00
  inv_pair_2_buf         0  (        0 /        0 )  0.00

 init_drc                  18886        0         0         0        0

           Trick     Calls     Accepts   Attempts    Time(secs) 
-----------------------------------------------------------
          plc_st         0  (        0 /        0 )  0.00
        plc_star         0  (        0 /        0 )  0.00
        drc_bufs         0  (        0 /        0 )  0.00
        drc_fopt         0  (        0 /        0 )  0.00
        drc_bufb         0  (        0 /        0 )  0.00
      simple_buf         0  (        0 /        0 )  0.00
             dup         0  (        0 /        0 )  0.00
       crit_dnsz         0  (        0 /        0 )  0.00
       crit_upsz         0  (        0 /        0 )  0.00
       crit_slew         0  (        0 /        0 )  0.00


           Trick     Calls     Accepts   Attempts    Time(secs) 
-----------------------------------------------------------
          plc_st         0  (        0 /        0 )  0.00
        plc_star         0  (        0 /        0 )  0.00
        drc_bufs         0  (        0 /        0 )  0.00
        drc_fopt         0  (        0 /        0 )  0.00
        drc_bufb         0  (        0 /        0 )  0.00
      simple_buf         0  (        0 /        0 )  0.00
             dup         0  (        0 /        0 )  0.00
       crit_dnsz         0  (        0 /        0 )  0.00
       crit_upsz         0  (        0 /        0 )  0.00


           Trick     Calls     Accepts   Attempts    Time(secs) 
-----------------------------------------------------------
          plc_st         0  (        0 /        0 )  0.00
        plc_star         0  (        0 /        0 )  0.00
        drc_bufs         0  (        0 /        0 )  0.00
        drc_fopt         0  (        0 /        0 )  0.00
        drc_bufb         0  (        0 /        0 )  0.00
             dup         0  (        0 /        0 )  0.00
       crit_dnsz         0  (        0 /        0 )  0.00
       crit_upsz         0  (        0 /        0 )  0.00

==================================
Stage : incr_opt 
==================================
  =================
   Message Summary
  =================
--------------------------------------------------------------------------------
|   Id    |  Sev   |Count |                   Message Text                     |
--------------------------------------------------------------------------------
| CFM-1   |Info    |    1 |Wrote dofile.                                       |
| CFM-5   |Info    |    1 |Wrote formal verification information.              |
| CFM-205 |Warning |    1 |The parameter naming style is not LEC-friendly.     |
|         |        |      |To correctly translate the parameter naming style,  |
|         |        |      | value of the hdl_parameter_naming_style attr must  |
|         |        |      | end with '%d'.  There should not be anything after |
|         |        |      | the '%d' descriptor.  Should there be black boxes  |
|         |        |      | in the design, the incorrect translation may       |
|         |        |      | induce false negative in LEC comparison.           |
| CPI-506 |Warning |    1 |Command 'commit_power_intent' cannot proceed as     |
|         |        |      | there is no power intent loaded.                   |
| LBR-155 |Info    |   54 |Mismatch in unateness between 'timing_sense'        |
|         |        |      | attribute and the function.                        |
|         |        |      |The 'timing_sense' attribute will be respected.     |
| PA-7    |Info    |    4 |Resetting power analysis results.                   |
|         |        |      |All computed switching activities are removed.      |
| POPT-56 |Info    |    1 |Clock-gating instances are decloned.                |
|         |        |      |See the Genus Low Power manual for more information |
|         |        |      | on Clock-gating decloning.                         |
| POPT-96 |Info    |    3 |One or more cost groups were automatically created  |
|         |        |      | for clock gate enable paths.                       |
|         |        |      |This feature can be disabled by setting the         |
|         |        |      | attribute lp_clock_gating_auto_cost_grouping       |
|         |        |      | false.                                             |
| ST-112  |Info    |   27 |A super-threading server has been shut down         |
|         |        |      | normally.                                          |
|         |        |      |A super-threaded optimization is complete and a CPU |
|         |        |      | server was successfully shut down.                 |
| SYNTH-5 |Info    |    1 |Done mapping.                                       |
| SYNTH-7 |Info    |    1 |Incrementally optimizing.                           |
--------------------------------------------------------------------------------
Info    : Done incrementally optimizing. [SYNTH-8]
        : Done incrementally optimizing 'Conv'.
      flow.cputime  flow.realtime  timing.setup.tns  timing.setup.wns  snapshot
UM:*                                                                   syn_opt
@file(logical_synthesis_body.tcl) 59: puts "++++++++++++++++++++++++++++++++++++++++++++++++++++++++++++++++++++++++"
++++++++++++++++++++++++++++++++++++++++++++++++++++++++++++++++++++++++
@file(logical_synthesis_body.tcl) 60: puts "Write Reports"
Write Reports
@file(logical_synthesis_body.tcl) 61: puts "++++++++++++++++++++++++++++++++++++++++++++++++++++++++++++++++++++++++"
++++++++++++++++++++++++++++++++++++++++++++++++++++++++++++++++++++++++
@file(logical_synthesis_body.tcl) 62: file mkdir [file join $OUT_FILES reports]
@file(logical_synthesis_body.tcl) 63: file mkdir [file join $OUT_FILES gate_level]
@file(logical_synthesis_body.tcl) 64: file mkdir [file join $OUT_FILES physical_synthesis work]
@file(logical_synthesis_body.tcl) 66: report_clock_gating > [file join $OUT_FILES reports ${TOP_MODULE}_clock_gating.rpt]
Info   : ACTP-0001 [ACTPInfo] Activity propagation started for stim#0 netlist
       : Conv
Info   : ACTP-0009 [ACTPInfo] Activity Propagation Progress Report :   0%   1%   2%   3%   4%   5%   6%   7%   8%   9%  10%  11%  12%  13%  14%  15%  16%  17%  18%  19%  20%  21%  22%  23%  24%  25%  26%  27%  28%  29%  30%  31%  32%  33%  34%  35%  36%  37%  38%  39%  40%  41%  42%  43%  44%  45%  46%  47%  48%  49%  50%  51%  52%  53%  54%  55%  56%  57%  58%  59%  60%  61%  62%  63%  64%  65%  66%  67%  68%  69%  70%  71%  72%  73%  74%  75%  76%  77%  78%  79%  80%  81%  82%  83%  84%  85%  86%  87%  88%  89%  90%  91%  92%  93%  94%  95%  96%  97%  98%  99% 100%
Info   : ACTP-0001 Activity propagation ended for stim#0


@file(logical_synthesis_body.tcl) 67: report_ple > [file join $OUT_FILES reports ${TOP_MODULE}_ple.rpt]
@file(logical_synthesis_body.tcl) 68: report_gates > [file join $OUT_FILES reports ${TOP_MODULE}_gates.rpt]
@file(logical_synthesis_body.tcl) 69: report_area > [file join $OUT_FILES reports ${TOP_MODULE}_area.rpt]
@file(logical_synthesis_body.tcl) 71: set CURRENT_VIEW analysis_view_0p81v_125c_capwst_slowest
@file(logical_synthesis_body.tcl) 72: set_analysis_view -setup ${CURRENT_VIEW} -hold ${CURRENT_VIEW}
@file(logical_synthesis_body.tcl) 73: report_timing > [file join $OUT_FILES reports ${TOP_MODULE}_timing_setup_${CURRENT_VIEW}.rpt]
@file(logical_synthesis_body.tcl) 74: report_power -unit mW > [file join $OUT_FILES reports ${TOP_MODULE}_power_${CURRENT_VIEW}.rpt]
Info    : Joules engine is used. [RPT-16]
        : Joules engine is being used for the command report_power.
Info   : ACTP-0001 Activity propagation started for stim#0 netlist Conv
Info   : ACTP-0009 [ACTPInfo] Activity Propagation Progress Report :   0%   1%   2%   3%   4%   5%   6%   7%   8%   9%  10%  11%  12%  13%  14%  15%  16%  17%  18%  19%  20%  21%  22%  23%  24%  25%  26%  27%  28%  29%  30%  31%  32%  33%  34%  35%  36%  37%  38%  39%  40%  41%  42%  43%  44%  45%  46%  47%  48%  49%  50%  51%  52%  53%  54%  55%  56%  57%  58%  59%  60%  61%  62%  63%  64%  65%  66%  67%  68%  69%  70%  71%  72%  73%  74%  75%  76%  77%  78%  79%  80%  81%  82%  83%  84%  85%  86%  87%  88%  89%  90%  91%  92%  93%  94%  95%  96%  97%  98%  99% 100%
Info   : ACTP-0001 Activity propagation ended for stim#0
Info   : PWRA-0001 [PwrInfo] compute_power effective options 
       : -mode : vectorless
       : -skip_propagation : 1
       : -frequency_scaling_factor : 1.0
       : -use_clock_freq : stim
       : -stim :/stim#0
       : -fromGenus : 1
Info   : ACTP-0001 Timing initialization started
Info   : ACTP-0001 Timing initialization ended
Info   : PWRA-0002 [PwrInfo] Skipping activity propagation due to -skip_ap
       : option....
Warning: PWRA-0302 [PwrWarn] Frequency scaling is not applicable for vectorless
       : flow. Ignoring frequency scaling.
Warning: PWRA-0304 [PwrWarn] -stim option is not applicable with vectorless mode
       : of power analysis, ignored this option.
Info   : PWRA-0002 Started 'vectorless' power computation.
Info   : PWRA-0009 [PwrInfo] Power Computation Progress Report :   8%  16%  25%  33%  41%  50%  58%  74%  83%  91% 100%
Info   : PWRA-0002 Finished power computation.
Info   : PWRA-0007 [PwrInfo] Completed successfully.
       : Info=6, Warn=2, Error=0, Fatal=0
Output file: /sim/tarsio/FastConv_power_1c0a6b3d/rtl/conv2x2/synthesis/conv-i16-h13-t08-o4-m08-stream08-rowconst4/logical/results/reports/Conv_power_analysis_view_0p81v_125c_capwst_slowest.rpt
@file(logical_synthesis_body.tcl) 76: set CURRENT_VIEW analysis_view_0p90v_25c_captyp_nominal
@file(logical_synthesis_body.tcl) 77: set_analysis_view -setup ${CURRENT_VIEW} -hold ${CURRENT_VIEW}

Threads Configured:3

  Message Summary for Library tcbn28hpcplusbwp30p140tt0p9v25c.lib:
  ****************************************************************
  Missing a function attribute in the output pin definition. [LBR-518]: 1
  An unsupported construct was detected in this library. [LBR-40]: 1
  ****************************************************************
 
Info    : Created nominal operating condition. [LBR-412]
        : Operating condition '_nominal_' was created for the PVT values (1.000000, 0.900000, 25.000000) in library 'tcbn28hpcplusbwp30p140tt0p9v25c.lib'.
Warning : Library cell has no output pins defined. [LBR-9]
        : Library cell 'ANTENNABWP30P140' must have an output pin.
Warning : Library cell has no output pins defined. [LBR-9]
        : Library cell 'ANTENNABWP30P140' must have an output pin.
Warning : Library cell has no output pins defined. [LBR-9]
        : Library cell 'BOUNDARY_LEFTBWP30P140' must have an output pin.
Warning : Library cell has no output pins defined. [LBR-9]
        : Library cell 'BOUNDARY_LEFTBWP30P140' must have an output pin.
Warning : Library cell has no output pins defined. [LBR-9]
        : Library cell 'BOUNDARY_RIGHTBWP30P140' must have an output pin.
Warning : Library cell has no output pins defined. [LBR-9]
        : Library cell 'BOUNDARY_RIGHTBWP30P140' must have an output pin.
Warning : Unusable clock gating integrated cell found at the time of loading libraries. This warning happens because a particular library cell is defined as 'clock_gating_integrated_cell', but 'dont_use' attribute is defined as true in the liberty library. To make Genus use this cell for clock gating insertion, 'dont_use' attribute should be set to false. [LBR-101]
        : Clock gating integrated cell name: 'CKLHQD20BWP30P140'
Warning : Unusable clock gating integrated cell found at the time of loading libraries. This warning happens because a particular library cell is defined as 'clock_gating_integrated_cell', but 'dont_use' attribute is defined as true in the liberty library. To make Genus use this cell for clock gating insertion, 'dont_use' attribute should be set to false. [LBR-101]
        : Clock gating integrated cell name: 'CKLHQD24BWP30P140'
Warning : Unusable clock gating integrated cell found at the time of loading libraries. This warning happens because a particular library cell is defined as 'clock_gating_integrated_cell', but 'dont_use' attribute is defined as true in the liberty library. To make Genus use this cell for clock gating insertion, 'dont_use' attribute should be set to false. [LBR-101]
        : Clock gating integrated cell name: 'CKLNQD20BWP30P140'
Warning : Unusable clock gating integrated cell found at the time of loading libraries. This warning happens because a particular library cell is defined as 'clock_gating_integrated_cell', but 'dont_use' attribute is defined as true in the liberty library. To make Genus use this cell for clock gating insertion, 'dont_use' attribute should be set to false. [LBR-101]
        : Clock gating integrated cell name: 'CKLNQD24BWP30P140'
Warning : Library cell has no output pins defined. [LBR-9]
        : Library cell 'DCAP16BWP30P140' must have an output pin.
Warning : Library cell has no output pins defined. [LBR-9]
        : Library cell 'DCAP16BWP30P140' must have an output pin.
Warning : Library cell has no output pins defined. [LBR-9]
        : Library cell 'DCAP32BWP30P140' must have an output pin.
Warning : Library cell has no output pins defined. [LBR-9]
        : Library cell 'DCAP32BWP30P140' must have an output pin.
Warning : Library cell has no output pins defined. [LBR-9]
        : Library cell 'DCAP4BWP30P140' must have an output pin.
Warning : Library cell has no output pins defined. [LBR-9]
        : Library cell 'DCAP4BWP30P140' must have an output pin.
Warning : Library cell has no output pins defined. [LBR-9]
        : Library cell 'DCAP64BWP30P140' must have an output pin.
Warning : Library cell has no output pins defined. [LBR-9]
        : Library cell 'DCAP64BWP30P140' must have an output pin.
Warning : Library cell has no output pins defined. [LBR-9]
        : Library cell 'DCAP8BWP30P140' must have an output pin.
Warning : Library cell has no output pins defined. [LBR-9]
        : Library cell 'DCAP8BWP30P140' must have an output pin.
Warning : Library cell has no output pins defined. [LBR-9]
        : Library cell 'FILL16BWP30P140' must have an output pin.
Warning : Library cell has no output pins defined. [LBR-9]
        : Library cell 'FILL16BWP30P140' must have an output pin.
Warning : Library cell has no output pins defined. [LBR-9]
        : Library cell 'FILL2BWP30P140' must have an output pin.
Warning : Library cell has no output pins defined. [LBR-9]
        : Library cell 'FILL2BWP30P140' must have an output pin.
  Library has 530 usable logic and 349 usable sequential lib-cells.
Warning : Physical cell not defined in library. [PHYS-279]
        : The physical (LEF) cell ISOHID1BWP30P140 cannot be found in library.
Warning : Physical cell not defined in library. [PHYS-279]
        : The physical (LEF) cell ISOHID2BWP30P140 cannot be found in library.
Warning : Physical cell not defined in library. [PHYS-279]
        : The physical (LEF) cell ISOHID4BWP30P140 cannot be found in library.
Warning : Physical cell not defined in library. [PHYS-279]
        : The physical (LEF) cell ISOHID8BWP30P140 cannot be found in library.
Warning : Physical cell not defined in library. [PHYS-279]
        : The physical (LEF) cell ISOLOD1BWP30P140 cannot be found in library.
Warning : Physical cell not defined in library. [PHYS-279]
        : The physical (LEF) cell ISOLOD2BWP30P140 cannot be found in library.
Warning : Physical cell not defined in library. [PHYS-279]
        : The physical (LEF) cell ISOLOD4BWP30P140 cannot be found in library.
Warning : Physical cell not defined in library. [PHYS-279]
        : The physical (LEF) cell ISOLOD8BWP30P140 cannot be found in library.
Warning : Physical cell not defined in library. [PHYS-279]
        : The physical (LEF) cell ISOSRHID2BWP30P140 cannot be found in library.
Warning : Physical cell not defined in library. [PHYS-279]
        : The physical (LEF) cell ISOSRHID4BWP30P140 cannot be found in library.
Warning : Physical cell not defined in library. [PHYS-279]
        : The physical (LEF) cell ISOSRHID8BWP30P140 cannot be found in library.
Warning : Physical cell not defined in library. [PHYS-279]
        : The physical (LEF) cell ISOSRLOD2BWP30P140 cannot be found in library.
Warning : Physical cell not defined in library. [PHYS-279]
        : The physical (LEF) cell ISOSRLOD4BWP30P140 cannot be found in library.
Warning : Physical cell not defined in library. [PHYS-279]
        : The physical (LEF) cell ISOSRLOD8BWP30P140 cannot be found in library.
Warning : Physical cell not defined in library. [PHYS-279]
        : The physical (LEF) cell LVLHLCD1BWP30P140 cannot be found in library.
Warning : Physical cell not defined in library. [PHYS-279]
        : The physical (LEF) cell LVLHLCD2BWP30P140 cannot be found in library.
Warning : Physical cell not defined in library. [PHYS-279]
        : The physical (LEF) cell LVLHLCD4BWP30P140 cannot be found in library.
Warning : Physical cell not defined in library. [PHYS-279]
        : The physical (LEF) cell LVLHLCD8BWP30P140 cannot be found in library.
Warning : Physical cell not defined in library. [PHYS-279]
        : The physical (LEF) cell LVLHLCLOD1BWP30P140 cannot be found in library.
Warning : Physical cell not defined in library. [PHYS-279]
        : The physical (LEF) cell LVLHLCLOD2BWP30P140 cannot be found in library.
Warning : Inconsistency detected among the units specified in the timing libraries being used. [LBR-714]
        : Libraries with inconsistent time/capacitance units were loaded.
        : Default system time/capacitance unit will be used.
#
# Start activating view: analysis_view:Conv/analysis_view_0p90v_25c_captyp_nominal
#
#
# Done activating view: analysis_view:Conv/analysis_view_0p90v_25c_captyp_nominal
#
@file(logical_synthesis_body.tcl) 78: report_timing > [file join $OUT_FILES reports ${TOP_MODULE}_timing_setup_${CURRENT_VIEW}.rpt]
@file(logical_synthesis_body.tcl) 79: report_power -unit mW > [file join $OUT_FILES reports ${TOP_MODULE}_power_${CURRENT_VIEW}.rpt]
Info    : Joules engine is used. [RPT-16]
        : Joules engine is being used for the command report_power.
Info   : ACTP-0001 Activity propagation started for stim#0 netlist Conv
Info   : ACTP-0009 [ACTPInfo] Activity Propagation Progress Report :   0%   1%   2%   3%   4%   5%   6%   7%   8%   9%  10%  11%  12%  13%  14%  15%  16%  17%  18%  19%  20%  21%  22%  23%  24%  25%  26%  27%  28%  29%  30%  31%  32%  33%  34%  35%  36%  37%  38%  39%  40%  41%  42%  43%  44%  45%  46%  47%  48%  49%  50%  51%  52%  53%  54%  55%  56%  57%  58%  59%  60%  61%  62%  63%  64%  65%  66%  67%  68%  69%  70%  71%  72%  73%  74%  75%  76%  77%  78%  79%  80%  81%  82%  83%  84%  85%  86%  87%  88%  89%  90%  91%  92%  93%  94%  95%  96%  97%  98%  99% 100%
Info   : ACTP-0001 Activity propagation ended for stim#0
Info   : PWRA-0001 compute_power effective options 
       : -mode : vectorless
       : -skip_propagation : 1
       : -frequency_scaling_factor : 1.0
       : -use_clock_freq : stim
       : -stim :/stim#0
       : -fromGenus : 1
Info   : ACTP-0001 Timing initialization started
Info   : ACTP-0001 Timing initialization ended
Info   : PWRA-0002 Skipping activity propagation due to -skip_ap option....
Warning: PWRA-0302 Frequency scaling is not applicable for vectorless flow.
       : Ignoring frequency scaling.
Warning: PWRA-0304 -stim option is not applicable with vectorless mode of power
       : analysis, ignored this option.
Info   : PWRA-0002 Started 'vectorless' power computation.
Info   : PWRA-0009 [PwrInfo] Power Computation Progress Report :   8%  16%  25%  33%  41%  50%  58%  66%  83%  91% 100%
Info   : PWRA-0002 Finished power computation.
Info   : PWRA-0007 Completed successfully.
       : Info=6, Warn=2, Error=0, Fatal=0
Output file: /sim/tarsio/FastConv_power_1c0a6b3d/rtl/conv2x2/synthesis/conv-i16-h13-t08-o4-m08-stream08-rowconst4/logical/results/reports/Conv_power_analysis_view_0p90v_25c_captyp_nominal.rpt
@file(logical_synthesis_body.tcl) 81: set CURRENT_VIEW analysis_view_0p99v_m40c_capbst_fastest
@file(logical_synthesis_body.tcl) 82: set_analysis_view -setup ${CURRENT_VIEW} -hold ${CURRENT_VIEW}

Threads Configured:3

  Message Summary for Library tcbn28hpcplusbwp30p140ffg0p99vm40c.lib:
  *******************************************************************
  Missing a function attribute in the output pin definition. [LBR-518]: 1
  An unsupported construct was detected in this library. [LBR-40]: 1
  *******************************************************************
 
Info    : Created nominal operating condition. [LBR-412]
        : Operating condition '_nominal_' was created for the PVT values (1.000000, 0.990000, -40.000000) in library 'tcbn28hpcplusbwp30p140ffg0p99vm40c.lib'.
Warning : Unusable clock gating integrated cell found at the time of loading libraries. This warning happens because a particular library cell is defined as 'clock_gating_integrated_cell', but 'dont_use' attribute is defined as true in the liberty library. To make Genus use this cell for clock gating insertion, 'dont_use' attribute should be set to false. [LBR-101]
        : Clock gating integrated cell name: 'CKLHQD20BWP30P140'
Warning : Unusable clock gating integrated cell found at the time of loading libraries. This warning happens because a particular library cell is defined as 'clock_gating_integrated_cell', but 'dont_use' attribute is defined as true in the liberty library. To make Genus use this cell for clock gating insertion, 'dont_use' attribute should be set to false. [LBR-101]
        : Clock gating integrated cell name: 'CKLHQD24BWP30P140'
Warning : Unusable clock gating integrated cell found at the time of loading libraries. This warning happens because a particular library cell is defined as 'clock_gating_integrated_cell', but 'dont_use' attribute is defined as true in the liberty library. To make Genus use this cell for clock gating insertion, 'dont_use' attribute should be set to false. [LBR-101]
        : Clock gating integrated cell name: 'CKLNQD20BWP30P140'
Warning : Unusable clock gating integrated cell found at the time of loading libraries. This warning happens because a particular library cell is defined as 'clock_gating_integrated_cell', but 'dont_use' attribute is defined as true in the liberty library. To make Genus use this cell for clock gating insertion, 'dont_use' attribute should be set to false. [LBR-101]
        : Clock gating integrated cell name: 'CKLNQD24BWP30P140'
  Library has 530 usable logic and 349 usable sequential lib-cells.
Warning : Inconsistency detected among the units specified in the timing libraries being used. [LBR-714]
        : Libraries with inconsistent time/capacitance units were loaded.
#
# Start activating view: analysis_view:Conv/analysis_view_0p99v_m40c_capbst_fastest
#
#
# Done activating view: analysis_view:Conv/analysis_view_0p99v_m40c_capbst_fastest
#
@file(logical_synthesis_body.tcl) 83: report_timing > [file join $OUT_FILES reports ${TOP_MODULE}_timing_setup_${CURRENT_VIEW}.rpt]
@file(logical_synthesis_body.tcl) 84: report_power -unit mW > [file join $OUT_FILES reports ${TOP_MODULE}_power_${CURRENT_VIEW}.rpt]
Info    : Joules engine is used. [RPT-16]
        : Joules engine is being used for the command report_power.
Info   : ACTP-0001 Activity propagation started for stim#0 netlist Conv
Info   : ACTP-0009 [ACTPInfo] Activity Propagation Progress Report :   0%   1%   2%   3%   4%   5%   6%   7%   8%   9%  10%  11%  12%  13%  14%  15%  16%  17%  18%  19%  20%  21%  22%  23%  24%  25%  26%  27%  28%  29%  30%  31%  32%  33%  34%  35%  36%  37%  38%  39%  40%  41%  42%  43%  44%  45%  46%  47%  48%  49%  50%  51%  52%  53%  54%  55%  56%  57%  58%  59%  60%  61%  62%  63%  64%  65%  66%  67%  68%  69%  70%  71%  72%  73%  74%  75%  76%  77%  78%  79%  80%  81%  82%  83%  84%  85%  86%  87%  88%  89%  90%  91%  92%  93%  94%  95%  96%  97%  98%  99% 100%
Info   : ACTP-0001 Activity propagation ended for stim#0
Info   : PWRA-0001 compute_power effective options 
       : -mode : vectorless
       : -skip_propagation : 1
       : -frequency_scaling_factor : 1.0
       : -use_clock_freq : stim
       : -stim :/stim#0
       : -fromGenus : 1
Info   : ACTP-0001 Timing initialization started
Info   : ACTP-0001 Timing initialization ended
Info   : PWRA-0002 Skipping activity propagation due to -skip_ap option....
Warning: PWRA-0302 Frequency scaling is not applicable for vectorless flow.
       : Ignoring frequency scaling.
Warning: PWRA-0304 -stim option is not applicable with vectorless mode of power
       : analysis, ignored this option.
Info   : PWRA-0002 Started 'vectorless' power computation.
Info   : PWRA-0009 [PwrInfo] Power Computation Progress Report :   8%  16%  25%  33%  41%  50%  58%  66%  83%  91% 100%
Info   : PWRA-0002 Finished power computation.
Info   : PWRA-0007 Completed successfully.
       : Info=6, Warn=2, Error=0, Fatal=0
Output file: /sim/tarsio/FastConv_power_1c0a6b3d/rtl/conv2x2/synthesis/conv-i16-h13-t08-o4-m08-stream08-rowconst4/logical/results/reports/Conv_power_analysis_view_0p99v_m40c_capbst_fastest.rpt
@file(logical_synthesis_body.tcl) 85: report_timing -lint -verbose > [file join $OUT_FILES reports ${TOP_MODULE}_timing_setup_${CURRENT_VIEW}_verbose.rpt]
Info    : Timing analysis will be done for this view. [TUI-744]
        : View is 'analysis_view:Conv/analysis_view_0p99v_m40c_capbst_fastest'.
        : Worst paths will be shown in this view.
@file(logical_synthesis_body.tcl) 86: report_timing -unconstrained > [file join $OUT_FILES reports ${TOP_MODULE}_timing_setup_${CURRENT_VIEW}_verbose_unconstrained.rpt]
@file(logical_synthesis_body.tcl) 88: puts "++++++++++++++++++++++++++++++++++++++++++++++++++++++++++++++++++++++++"
++++++++++++++++++++++++++++++++++++++++++++++++++++++++++++++++++++++++
@file(logical_synthesis_body.tcl) 89: puts "Write netlist"
Write netlist
@file(logical_synthesis_body.tcl) 90: puts "++++++++++++++++++++++++++++++++++++++++++++++++++++++++++++++++++++++++"
++++++++++++++++++++++++++++++++++++++++++++++++++++++++++++++++++++++++
@file(logical_synthesis_body.tcl) 91: write_hdl > [file join $OUT_FILES gate_level ${TOP_MODULE}_logic_mapped.v]
@file(logical_synthesis_body.tcl) 93: set CURRENT_VIEW analysis_view_0p81v_125c_capwst_slowest
@file(logical_synthesis_body.tcl) 94: set_analysis_view -setup ${CURRENT_VIEW} -hold ${CURRENT_VIEW}
#
# Start activating view: analysis_view:Conv/analysis_view_0p81v_125c_capwst_slowest
#
#
# Done activating view: analysis_view:Conv/analysis_view_0p81v_125c_capwst_slowest
#
@file(logical_synthesis_body.tcl) 95: write_sdf > [file join $OUT_FILES gate_level ${TOP_MODULE}_${CURRENT_VIEW}.sdf]
Warning : Default value for an option has changed in this release. [WSDF-104]
        : Default value for -setuphold has changed from split to merge_always. Specify '-setuphold split' to preserve the behavior of the previous release.
        : Specify the option explicitly.
Warning : Default value for an option has changed in this release. [WSDF-104]
        : Default value for -recrem has changed from split to merge_always. Specify '-recrem split' to preserve the behavior of the previous release.
@file(logical_synthesis_body.tcl) 97: set CURRENT_VIEW analysis_view_0p90v_25c_captyp_nominal
@file(logical_synthesis_body.tcl) 98: set_analysis_view -setup ${CURRENT_VIEW} -hold ${CURRENT_VIEW}
#
# Start activating view: analysis_view:Conv/analysis_view_0p90v_25c_captyp_nominal
#
#
# Done activating view: analysis_view:Conv/analysis_view_0p90v_25c_captyp_nominal
#
@file(logical_synthesis_body.tcl) 99: write_sdf > [file join $OUT_FILES gate_level ${TOP_MODULE}_${CURRENT_VIEW}.sdf]
Warning : Default value for an option has changed in this release. [WSDF-104]
        : Default value for -setuphold has changed from split to merge_always. Specify '-setuphold split' to preserve the behavior of the previous release.
Warning : Default value for an option has changed in this release. [WSDF-104]
        : Default value for -recrem has changed from split to merge_always. Specify '-recrem split' to preserve the behavior of the previous release.
@file(logical_synthesis_body.tcl) 101: set CURRENT_VIEW analysis_view_0p99v_m40c_capbst_fastest
@file(logical_synthesis_body.tcl) 102: set_analysis_view -setup ${CURRENT_VIEW} -hold ${CURRENT_VIEW}
#
# Start activating view: analysis_view:Conv/analysis_view_0p99v_m40c_capbst_fastest
#
#
# Done activating view: analysis_view:Conv/analysis_view_0p99v_m40c_capbst_fastest
#
@file(logical_synthesis_body.tcl) 103: write_sdf > [file join $OUT_FILES gate_level ${TOP_MODULE}_${CURRENT_VIEW}.sdf]
Warning : Default value for an option has changed in this release. [WSDF-104]
        : Default value for -setuphold has changed from split to merge_always. Specify '-setuphold split' to preserve the behavior of the previous release.
Warning : Default value for an option has changed in this release. [WSDF-104]
        : Default value for -recrem has changed from split to merge_always. Specify '-recrem split' to preserve the behavior of the previous release.
@file(logical_synthesis_body.tcl) 105: set_analysis_view -setup analysis_view_0p81v_125c_capwst_slowest \
                  -hold analysis_view_0p99v_m40c_capbst_fastest
#
# Start activating view: analysis_view:Conv/analysis_view_0p81v_125c_capwst_slowest
#
#
# Done activating view: analysis_view:Conv/analysis_view_0p81v_125c_capwst_slowest
#
@file(logical_synthesis_body.tcl) 107: write_design -innovus -base_name [file join $OUT_FILES physical_synthesis work data]
Warning : This command will be obsolete in a next major release. [TUI-37]
        : Option '-innovus' is being obsoleted. Use 'write_db -common' for saving design databases to operate with other Cadence tools. Use 'write_design' in future releases for saving files for operations with non-Cadence tools.

(write_design): Writing Innovus content. Constraint interface is: 'mmmc2'
(write_design): Writing Genus content. Constraint interface is 'mmmc2'
Warning : Attribute design_process_node is not set for this design. [PHYS-1011]
        : Missing data.
        : When attribute design_process_node is not set to an appropriate integer value >=5 and <=250, then Innovus will assume its own default value for the design process node. See the Innovus setDesignMode -process <> command for more information about what this setting does.
Exporting design data for 'Conv' to /sim/tarsio/FastConv_power_1c0a6b3d/rtl/conv2x2/synthesis/conv-i16-h13-t08-o4-m08-stream08-rowconst4/logical/results/physical_synthesis/work/data...
%# Begin write_design (09/12 09:01:43, mem=2548.80M)
      flow.cputime  flow.realtime  timing.setup.tns  timing.setup.wns  snapshot
UM:*                                                                   write_design
No loop breaker instances found (cdn_loop_breaker).
File /sim/tarsio/FastConv_power_1c0a6b3d/rtl/conv2x2/synthesis/conv-i16-h13-t08-o4-m08-stream08-rowconst4/logical/results/physical_synthesis/work/data.mmmc.tcl has been written.
Finished SDC export (command execution time mm:ss (real) = 00:01).
Info: file /sim/tarsio/FastConv_power_1c0a6b3d/rtl/conv2x2/synthesis/conv-i16-h13-t08-o4-m08-stream08-rowconst4/logical/results/physical_synthesis/work/data.constraints_default.sdc has been written
Info: file /sim/tarsio/FastConv_power_1c0a6b3d/rtl/conv2x2/synthesis/conv-i16-h13-t08-o4-m08-stream08-rowconst4/logical/results/physical_synthesis/work/data.constraints_default.sdc has been written

Number of user defined NDR nets found: 0

Number of NDR nets found: 0
Number of nets with minimum layer assignments: 0

** To load the database source /sim/tarsio/FastConv_power_1c0a6b3d/rtl/conv2x2/synthesis/conv-i16-h13-t08-o4-m08-stream08-rowconst4/logical/results/physical_synthesis/work/data.invs_setup.tcl in an Innovus session.
** To load the database source /sim/tarsio/FastConv_power_1c0a6b3d/rtl/conv2x2/synthesis/conv-i16-h13-t08-o4-m08-stream08-rowconst4/logical/results/physical_synthesis/work/data.genus_setup.tcl in an Genus(TM) Synthesis Solution session.
Finished exporting design data for 'Conv' (command execution time mm:ss cpu = 00:00, real = 00:03).
.
%# End write_design (09/12 09:01:46, total cpu=05:00:00, real=05:00:03, peak res=5891.90M, current mem=2377.80M)
@file(logical_synthesis_body.tcl) 109: set CURRENT_VIEW analysis_view_0p90v_25c_captyp_nominal
@file(logical_synthesis_body.tcl) 110: set_analysis_view -setup ${CURRENT_VIEW} -hold ${CURRENT_VIEW}
#
# Start activating view: analysis_view:Conv/analysis_view_0p90v_25c_captyp_nominal
#
#
# Done activating view: analysis_view:Conv/analysis_view_0p90v_25c_captyp_nominal
#
@file(logical_synthesis_body.tcl) 111: write_db [file join $OUT_FILES gate_level ${TOP_MODULE}_logic_mapped.db]
Finished exporting design database to file '/sim/tarsio/FastConv_power_1c0a6b3d/rtl/conv2x2/synthesis/conv-i16-h13-t08-o4-m08-stream08-rowconst4/logical/results/gate_level/Conv_logic_mapped.db' for 'Conv' (command execution time mm:ss cpu = 00:00, real = 00:01).
@file(logical_synthesis_body.tcl) 113: exit

Lic Summary:
[09:01:47.040776] Cdslmd servers: paxos
[09:01:47.040792] Feature usage summary:
[09:01:47.040793] Genus_Synthesis
[09:01:47.040794] Genus_CPU_Opt


+-----------+--------------------+-----+----------------------+---------------------------+
|   Host    |      Machine       | CPU | Physical Memory (MB) | Peak Physical Memory (MB) |
+-----------+--------------------+-----+----------------------+---------------------------+
| localhost | paxos.inf.pucrs.br |  1  |        2119.9        |          5891.9           |
+-----------+--------------------+-----+----------------------+---------------------------+

+---------------+----------------------+---------------------------+
|    Server     | Physical Memory (MB) | Peak Physical Memory (MB) |
+---------------+----------------------+---------------------------+
| localhost_1_0 |        511.9         |          4457.6           |
+---------------+----------------------+---------------------------+

Info    : A super-threading server has been shut down normally. [ST-112]
        : The server 'localhost_1_0' was process '589512' on this host.
        : A super-threaded optimization is complete and a CPU server was successfully shut down.
