xrun(64): 23.03-s003: (c) Copyright 1995-2023 Cadence Design Systems, Inc.
TOOL:	xrun(64)	23.03-s003: Started on Oct 06, 2026 at 02:38:27 -03
xrun
	-f /sim/tarsio/tmp/fastconv-clockfix-1e3f74fa/rtl/conv2x2/synthesis/conv-i16-h16-t04-o4-m08-stream04/sim/args.txt
		-smartorder
		-work work_gate_final
		-top tb
		-access +rw
		-maxdelays
		-sdf_cmd_file sdf_cmd.cmd
		-timescale 1ns/1ps
		/pdk/tsmc/PDK28/PDK_TSMC28_bv/tcbn28hpcplusbwp30p140_190a/TSMCHOME/digital/Front_End/verilog/tcbn28hpcplusbwp30p140_110a/tcbn28hpcplusbwp30p140.v
	/sim/tarsio/tmp/fastconv-clockfix-1e3f74fa/rtl/conv2x2/data/tcn4/sim/sim-032-3-3-normal/pack_data.sv
	/sim/tarsio/tmp/fastconv-clockfix-1e3f74fa/rtl/conv2x2/pack-param/tcn4/pack_param.sv
	/sim/tarsio/tmp/fastconv-clockfix-1e3f74fa/rtl/mem/mem.sv
	/sim/tarsio/tmp/fastconv-clockfix-1e3f74fa/rtl/conv2x2/testbench.sv
	/sim/tarsio/tmp/fastconv-clockfix-1e3f74fa/rtl/conv2x2/synthesis/conv-i16-h16-t04-o4-m08-stream04/logical/results/gate_level/Conv_logic_mapped.v
	-f /sim/tarsio/tmp/fastconv-clockfix-1e3f74fa/rtl/conv2x2/synthesis/conv-i16-h16-t04-o4-m08-stream04/list-define.txt
		-define NADDR=16
		-define NBITS=20
		-define LATENCY=1
		-define QUANT=8
	-define GATE_LEVEL
	-define XRUN
	-run
	-exit
DEFINE unisim  /tmp/fastconv-p3f-d0282f55/rtl/conv2x2/fpga_zcu104/conv-i16-h16-t16-o4-m08-std/reports/p3_funcsim/simlibs_func/unisim
|
xrun: *W,DLCPTH (/home/tarsio.onofrio/cds.lib,1): cds.lib Invalid path '/tmp/fastconv-p3f-d0282f55/rtl/conv2x2/fpga_zcu104/conv-i16-h16-t16-o4-m08-std/reports/p3_funcsim/simlibs_func/unisim' (cds.lib command ignored).
DEFINE unimacro  /tmp/fastconv-p3f-d0282f55/rtl/conv2x2/fpga_zcu104/conv-i16-h16-t16-o4-m08-std/reports/p3_funcsim/simlibs_func/unimacro
|
xrun: *W,DLCPTH (/home/tarsio.onofrio/cds.lib,2): cds.lib Invalid path '/tmp/fastconv-p3f-d0282f55/rtl/conv2x2/fpga_zcu104/conv-i16-h16-t16-o4-m08-std/reports/p3_funcsim/simlibs_func/unimacro' (cds.lib command ignored).
DEFINE unifast  /tmp/fastconv-p3f-d0282f55/rtl/conv2x2/fpga_zcu104/conv-i16-h16-t16-o4-m08-std/reports/p3_funcsim/simlibs_func/unifast
|
xrun: *W,DLCPTH (/home/tarsio.onofrio/cds.lib,3): cds.lib Invalid path '/tmp/fastconv-p3f-d0282f55/rtl/conv2x2/fpga_zcu104/conv-i16-h16-t16-o4-m08-std/reports/p3_funcsim/simlibs_func/unifast' (cds.lib command ignored).
DEFINE xpm  /tmp/fastconv-p3f-d0282f55/rtl/conv2x2/fpga_zcu104/conv-i16-h16-t16-o4-m08-std/reports/p3_funcsim/simlibs_func/xpm
|
xrun: *W,DLCPTH (/home/tarsio.onofrio/cds.lib,4): cds.lib Invalid path '/tmp/fastconv-p3f-d0282f55/rtl/conv2x2/fpga_zcu104/conv-i16-h16-t16-o4-m08-std/reports/p3_funcsim/simlibs_func/xpm' (cds.lib command ignored).
DEFINE xilinx_vip  /tmp/fastconv-p3f-d0282f55/rtl/conv2x2/fpga_zcu104/conv-i16-h16-t16-o4-m08-std/reports/p3_funcsim/simlibs_func/xilinx_vip
|
xrun: *W,DLCPTH (/home/tarsio.onofrio/cds.lib,5): cds.lib Invalid path '/tmp/fastconv-p3f-d0282f55/rtl/conv2x2/fpga_zcu104/conv-i16-h16-t16-o4-m08-std/reports/p3_funcsim/simlibs_func/xilinx_vip' (cds.lib command ignored).
DEFINE common_cpp_v1_0  /tmp/fastconv-p3f-d0282f55/rtl/conv2x2/fpga_zcu104/conv-i16-h16-t16-o4-m08-std/reports/p3_funcsim/simlibs_func/common_cpp_v1_0
|
xrun: *W,DLCPTH (/home/tarsio.onofrio/cds.lib,6): cds.lib Invalid path '/tmp/fastconv-p3f-d0282f55/rtl/conv2x2/fpga_zcu104/conv-i16-h16-t16-o4-m08-std/reports/p3_funcsim/simlibs_func/common_cpp_v1_0' (cds.lib command ignored).
DEFINE xtlm  /tmp/fastconv-p3f-d0282f55/rtl/conv2x2/fpga_zcu104/conv-i16-h16-t16-o4-m08-std/reports/p3_funcsim/simlibs_func/xtlm
|
xrun: *W,DLCPTH (/home/tarsio.onofrio/cds.lib,7): cds.lib Invalid path '/tmp/fastconv-p3f-d0282f55/rtl/conv2x2/fpga_zcu104/conv-i16-h16-t16-o4-m08-std/reports/p3_funcsim/simlibs_func/xtlm' (cds.lib command ignored).
DEFINE xscl  /tmp/fastconv-p3f-d0282f55/rtl/conv2x2/fpga_zcu104/conv-i16-h16-t16-o4-m08-std/reports/p3_funcsim/simlibs_func/xscl
|
xrun: *W,DLCPTH (/home/tarsio.onofrio/cds.lib,8): cds.lib Invalid path '/tmp/fastconv-p3f-d0282f55/rtl/conv2x2/fpga_zcu104/conv-i16-h16-t16-o4-m08-std/reports/p3_funcsim/simlibs_func/xscl' (cds.lib command ignored).
DEFINE emu_perf_common_v1_0  /tmp/fastconv-p3f-d0282f55/rtl/conv2x2/fpga_zcu104/conv-i16-h16-t16-o4-m08-std/reports/p3_funcsim/simlibs_func/emu_perf_common_v1_0
|
xrun: *W,DLCPTH (/home/tarsio.onofrio/cds.lib,9): cds.lib Invalid path '/tmp/fastconv-p3f-d0282f55/rtl/conv2x2/fpga_zcu104/conv-i16-h16-t16-o4-m08-std/reports/p3_funcsim/simlibs_func/emu_perf_common_v1_0' (cds.lib command ignored).
DEFINE axi_tlm_ext_v1_0  /tmp/fastconv-p3f-d0282f55/rtl/conv2x2/fpga_zcu104/conv-i16-h16-t16-o4-m08-std/reports/p3_funcsim/simlibs_func/axi_tlm_ext_v1_0
|
xrun: *W,DLCPTH (/home/tarsio.onofrio/cds.lib,10): cds.lib Invalid path '/tmp/fastconv-p3f-d0282f55/rtl/conv2x2/fpga_zcu104/conv-i16-h16-t16-o4-m08-std/reports/p3_funcsim/simlibs_func/axi_tlm_ext_v1_0' (cds.lib command ignored).
DEFINE axi_tg_sc_v1_0  /tmp/fastconv-p3f-d0282f55/rtl/conv2x2/fpga_zcu104/conv-i16-h16-t16-o4-m08-std/reports/p3_funcsim/simlibs_func/axi_tg_sc_v1_0
|
xrun: *W,DLCPTH (/home/tarsio.onofrio/cds.lib,11): cds.lib Invalid path '/tmp/fastconv-p3f-d0282f55/rtl/conv2x2/fpga_zcu104/conv-i16-h16-t16-o4-m08-std/reports/p3_funcsim/simlibs_func/axi_tg_sc_v1_0' (cds.lib command ignored).
DEFINE secureip  /sim/tarsio/reports-conv3x3-ifn9-explore-149bd5be/simlibs_unisim/secureip
|
xrun: *W,DLCPTH (/home/tarsio.onofrio/cds.lib,12): cds.lib Invalid path '/sim/tarsio/reports-conv3x3-ifn9-explore-149bd5be/simlibs_unisim/secureip' (cds.lib command ignored).
DEFINE unisims_ver  /sim/tarsio/reports-conv3x3-ifn9-explore-149bd5be/simlibs_unisim/unisims_ver
|
xrun: *W,DLCPTH (/home/tarsio.onofrio/cds.lib,13): cds.lib Invalid path '/sim/tarsio/reports-conv3x3-ifn9-explore-149bd5be/simlibs_unisim/unisims_ver' (cds.lib command ignored).
DEFINE unimacro_ver  /sim/tarsio/reports-conv3x3-ifn9-explore-149bd5be/simlibs_unisim/unimacro_ver
|
xrun: *W,DLCPTH (/home/tarsio.onofrio/cds.lib,14): cds.lib Invalid path '/sim/tarsio/reports-conv3x3-ifn9-explore-149bd5be/simlibs_unisim/unimacro_ver' (cds.lib command ignored).
DEFINE unifast_ver  /sim/tarsio/reports-conv3x3-ifn9-explore-149bd5be/simlibs_unisim/unifast_ver
|
xrun: *W,DLCPTH (/home/tarsio.onofrio/cds.lib,15): cds.lib Invalid path '/sim/tarsio/reports-conv3x3-ifn9-explore-149bd5be/simlibs_unisim/unifast_ver' (cds.lib command ignored).
DEFINE unisim  /tmp/fastconv-p3f-d0282f55/rtl/conv2x2/fpga_zcu104/conv-i16-h16-t16-o4-m08-std/reports/p3_funcsim/simlibs_func/unisim
|
xrun: *W,DLCPTH (/home/tarsio.onofrio/cds.lib,1): cds.lib Invalid path '/tmp/fastconv-p3f-d0282f55/rtl/conv2x2/fpga_zcu104/conv-i16-h16-t16-o4-m08-std/reports/p3_funcsim/simlibs_func/unisim' (cds.lib command ignored).
DEFINE unimacro  /tmp/fastconv-p3f-d0282f55/rtl/conv2x2/fpga_zcu104/conv-i16-h16-t16-o4-m08-std/reports/p3_funcsim/simlibs_func/unimacro
|
xrun: *W,DLCPTH (/home/tarsio.onofrio/cds.lib,2): cds.lib Invalid path '/tmp/fastconv-p3f-d0282f55/rtl/conv2x2/fpga_zcu104/conv-i16-h16-t16-o4-m08-std/reports/p3_funcsim/simlibs_func/unimacro' (cds.lib command ignored).
DEFINE unifast  /tmp/fastconv-p3f-d0282f55/rtl/conv2x2/fpga_zcu104/conv-i16-h16-t16-o4-m08-std/reports/p3_funcsim/simlibs_func/unifast
|
xrun: *W,DLCPTH (/home/tarsio.onofrio/cds.lib,3): cds.lib Invalid path '/tmp/fastconv-p3f-d0282f55/rtl/conv2x2/fpga_zcu104/conv-i16-h16-t16-o4-m08-std/reports/p3_funcsim/simlibs_func/unifast' (cds.lib command ignored).
DEFINE xpm  /tmp/fastconv-p3f-d0282f55/rtl/conv2x2/fpga_zcu104/conv-i16-h16-t16-o4-m08-std/reports/p3_funcsim/simlibs_func/xpm
|
xrun: *W,DLCPTH (/home/tarsio.onofrio/cds.lib,4): cds.lib Invalid path '/tmp/fastconv-p3f-d0282f55/rtl/conv2x2/fpga_zcu104/conv-i16-h16-t16-o4-m08-std/reports/p3_funcsim/simlibs_func/xpm' (cds.lib command ignored).
DEFINE xilinx_vip  /tmp/fastconv-p3f-d0282f55/rtl/conv2x2/fpga_zcu104/conv-i16-h16-t16-o4-m08-std/reports/p3_funcsim/simlibs_func/xilinx_vip
|
xrun: *W,DLCPTH (/home/tarsio.onofrio/cds.lib,5): cds.lib Invalid path '/tmp/fastconv-p3f-d0282f55/rtl/conv2x2/fpga_zcu104/conv-i16-h16-t16-o4-m08-std/reports/p3_funcsim/simlibs_func/xilinx_vip' (cds.lib command ignored).
DEFINE common_cpp_v1_0  /tmp/fastconv-p3f-d0282f55/rtl/conv2x2/fpga_zcu104/conv-i16-h16-t16-o4-m08-std/reports/p3_funcsim/simlibs_func/common_cpp_v1_0
|
xrun: *W,DLCPTH (/home/tarsio.onofrio/cds.lib,6): cds.lib Invalid path '/tmp/fastconv-p3f-d0282f55/rtl/conv2x2/fpga_zcu104/conv-i16-h16-t16-o4-m08-std/reports/p3_funcsim/simlibs_func/common_cpp_v1_0' (cds.lib command ignored).
DEFINE xtlm  /tmp/fastconv-p3f-d0282f55/rtl/conv2x2/fpga_zcu104/conv-i16-h16-t16-o4-m08-std/reports/p3_funcsim/simlibs_func/xtlm
|
xrun: *W,DLCPTH (/home/tarsio.onofrio/cds.lib,7): cds.lib Invalid path '/tmp/fastconv-p3f-d0282f55/rtl/conv2x2/fpga_zcu104/conv-i16-h16-t16-o4-m08-std/reports/p3_funcsim/simlibs_func/xtlm' (cds.lib command ignored).
DEFINE xscl  /tmp/fastconv-p3f-d0282f55/rtl/conv2x2/fpga_zcu104/conv-i16-h16-t16-o4-m08-std/reports/p3_funcsim/simlibs_func/xscl
|
xrun: *W,DLCPTH (/home/tarsio.onofrio/cds.lib,8): cds.lib Invalid path '/tmp/fastconv-p3f-d0282f55/rtl/conv2x2/fpga_zcu104/conv-i16-h16-t16-o4-m08-std/reports/p3_funcsim/simlibs_func/xscl' (cds.lib command ignored).
DEFINE emu_perf_common_v1_0  /tmp/fastconv-p3f-d0282f55/rtl/conv2x2/fpga_zcu104/conv-i16-h16-t16-o4-m08-std/reports/p3_funcsim/simlibs_func/emu_perf_common_v1_0
|
xrun: *W,DLCPTH (/home/tarsio.onofrio/cds.lib,9): cds.lib Invalid path '/tmp/fastconv-p3f-d0282f55/rtl/conv2x2/fpga_zcu104/conv-i16-h16-t16-o4-m08-std/reports/p3_funcsim/simlibs_func/emu_perf_common_v1_0' (cds.lib command ignored).
DEFINE axi_tlm_ext_v1_0  /tmp/fastconv-p3f-d0282f55/rtl/conv2x2/fpga_zcu104/conv-i16-h16-t16-o4-m08-std/reports/p3_funcsim/simlibs_func/axi_tlm_ext_v1_0
|
xrun: *W,DLCPTH (/home/tarsio.onofrio/cds.lib,10): cds.lib Invalid path '/tmp/fastconv-p3f-d0282f55/rtl/conv2x2/fpga_zcu104/conv-i16-h16-t16-o4-m08-std/reports/p3_funcsim/simlibs_func/axi_tlm_ext_v1_0' (cds.lib command ignored).
DEFINE axi_tg_sc_v1_0  /tmp/fastconv-p3f-d0282f55/rtl/conv2x2/fpga_zcu104/conv-i16-h16-t16-o4-m08-std/reports/p3_funcsim/simlibs_func/axi_tg_sc_v1_0
|
xrun: *W,DLCPTH (/home/tarsio.onofrio/cds.lib,11): cds.lib Invalid path '/tmp/fastconv-p3f-d0282f55/rtl/conv2x2/fpga_zcu104/conv-i16-h16-t16-o4-m08-std/reports/p3_funcsim/simlibs_func/axi_tg_sc_v1_0' (cds.lib command ignored).
DEFINE secureip  /sim/tarsio/reports-conv3x3-ifn9-explore-149bd5be/simlibs_unisim/secureip
|
xrun: *W,DLCPTH (/home/tarsio.onofrio/cds.lib,12): cds.lib Invalid path '/sim/tarsio/reports-conv3x3-ifn9-explore-149bd5be/simlibs_unisim/secureip' (cds.lib command ignored).
DEFINE unisims_ver  /sim/tarsio/reports-conv3x3-ifn9-explore-149bd5be/simlibs_unisim/unisims_ver
|
xrun: *W,DLCPTH (/home/tarsio.onofrio/cds.lib,13): cds.lib Invalid path '/sim/tarsio/reports-conv3x3-ifn9-explore-149bd5be/simlibs_unisim/unisims_ver' (cds.lib command ignored).
DEFINE unimacro_ver  /sim/tarsio/reports-conv3x3-ifn9-explore-149bd5be/simlibs_unisim/unimacro_ver
|
xrun: *W,DLCPTH (/home/tarsio.onofrio/cds.lib,14): cds.lib Invalid path '/sim/tarsio/reports-conv3x3-ifn9-explore-149bd5be/simlibs_unisim/unimacro_ver' (cds.lib command ignored).
DEFINE unifast_ver  /sim/tarsio/reports-conv3x3-ifn9-explore-149bd5be/simlibs_unisim/unifast_ver
|
xrun: *W,DLCPTH (/home/tarsio.onofrio/cds.lib,15): cds.lib Invalid path '/sim/tarsio/reports-conv3x3-ifn9-explore-149bd5be/simlibs_unisim/unifast_ver' (cds.lib command ignored).
DEFINE unisim  /tmp/fastconv-p3f-d0282f55/rtl/conv2x2/fpga_zcu104/conv-i16-h16-t16-o4-m08-std/reports/p3_funcsim/simlibs_func/unisim
|
xrun: *W,DLCPTH (/home/tarsio.onofrio/cds.lib,1): cds.lib Invalid path '/tmp/fastconv-p3f-d0282f55/rtl/conv2x2/fpga_zcu104/conv-i16-h16-t16-o4-m08-std/reports/p3_funcsim/simlibs_func/unisim' (cds.lib command ignored).
DEFINE unimacro  /tmp/fastconv-p3f-d0282f55/rtl/conv2x2/fpga_zcu104/conv-i16-h16-t16-o4-m08-std/reports/p3_funcsim/simlibs_func/unimacro
|
xrun: *W,DLCPTH (/home/tarsio.onofrio/cds.lib,2): cds.lib Invalid path '/tmp/fastconv-p3f-d0282f55/rtl/conv2x2/fpga_zcu104/conv-i16-h16-t16-o4-m08-std/reports/p3_funcsim/simlibs_func/unimacro' (cds.lib command ignored).
DEFINE unifast  /tmp/fastconv-p3f-d0282f55/rtl/conv2x2/fpga_zcu104/conv-i16-h16-t16-o4-m08-std/reports/p3_funcsim/simlibs_func/unifast
|
xrun: *W,DLCPTH (/home/tarsio.onofrio/cds.lib,3): cds.lib Invalid path '/tmp/fastconv-p3f-d0282f55/rtl/conv2x2/fpga_zcu104/conv-i16-h16-t16-o4-m08-std/reports/p3_funcsim/simlibs_func/unifast' (cds.lib command ignored).
DEFINE xpm  /tmp/fastconv-p3f-d0282f55/rtl/conv2x2/fpga_zcu104/conv-i16-h16-t16-o4-m08-std/reports/p3_funcsim/simlibs_func/xpm
|
xrun: *W,DLCPTH (/home/tarsio.onofrio/cds.lib,4): cds.lib Invalid path '/tmp/fastconv-p3f-d0282f55/rtl/conv2x2/fpga_zcu104/conv-i16-h16-t16-o4-m08-std/reports/p3_funcsim/simlibs_func/xpm' (cds.lib command ignored).
DEFINE xilinx_vip  /tmp/fastconv-p3f-d0282f55/rtl/conv2x2/fpga_zcu104/conv-i16-h16-t16-o4-m08-std/reports/p3_funcsim/simlibs_func/xilinx_vip
|
xrun: *W,DLCPTH (/home/tarsio.onofrio/cds.lib,5): cds.lib Invalid path '/tmp/fastconv-p3f-d0282f55/rtl/conv2x2/fpga_zcu104/conv-i16-h16-t16-o4-m08-std/reports/p3_funcsim/simlibs_func/xilinx_vip' (cds.lib command ignored).
DEFINE common_cpp_v1_0  /tmp/fastconv-p3f-d0282f55/rtl/conv2x2/fpga_zcu104/conv-i16-h16-t16-o4-m08-std/reports/p3_funcsim/simlibs_func/common_cpp_v1_0
|
xrun: *W,DLCPTH (/home/tarsio.onofrio/cds.lib,6): cds.lib Invalid path '/tmp/fastconv-p3f-d0282f55/rtl/conv2x2/fpga_zcu104/conv-i16-h16-t16-o4-m08-std/reports/p3_funcsim/simlibs_func/common_cpp_v1_0' (cds.lib command ignored).
DEFINE xtlm  /tmp/fastconv-p3f-d0282f55/rtl/conv2x2/fpga_zcu104/conv-i16-h16-t16-o4-m08-std/reports/p3_funcsim/simlibs_func/xtlm
|
xrun: *W,DLCPTH (/home/tarsio.onofrio/cds.lib,7): cds.lib Invalid path '/tmp/fastconv-p3f-d0282f55/rtl/conv2x2/fpga_zcu104/conv-i16-h16-t16-o4-m08-std/reports/p3_funcsim/simlibs_func/xtlm' (cds.lib command ignored).
DEFINE xscl  /tmp/fastconv-p3f-d0282f55/rtl/conv2x2/fpga_zcu104/conv-i16-h16-t16-o4-m08-std/reports/p3_funcsim/simlibs_func/xscl
|
xrun: *W,DLCPTH (/home/tarsio.onofrio/cds.lib,8): cds.lib Invalid path '/tmp/fastconv-p3f-d0282f55/rtl/conv2x2/fpga_zcu104/conv-i16-h16-t16-o4-m08-std/reports/p3_funcsim/simlibs_func/xscl' (cds.lib command ignored).
DEFINE emu_perf_common_v1_0  /tmp/fastconv-p3f-d0282f55/rtl/conv2x2/fpga_zcu104/conv-i16-h16-t16-o4-m08-std/reports/p3_funcsim/simlibs_func/emu_perf_common_v1_0
|
xrun: *W,DLCPTH (/home/tarsio.onofrio/cds.lib,9): cds.lib Invalid path '/tmp/fastconv-p3f-d0282f55/rtl/conv2x2/fpga_zcu104/conv-i16-h16-t16-o4-m08-std/reports/p3_funcsim/simlibs_func/emu_perf_common_v1_0' (cds.lib command ignored).
DEFINE axi_tlm_ext_v1_0  /tmp/fastconv-p3f-d0282f55/rtl/conv2x2/fpga_zcu104/conv-i16-h16-t16-o4-m08-std/reports/p3_funcsim/simlibs_func/axi_tlm_ext_v1_0
|
xrun: *W,DLCPTH (/home/tarsio.onofrio/cds.lib,10): cds.lib Invalid path '/tmp/fastconv-p3f-d0282f55/rtl/conv2x2/fpga_zcu104/conv-i16-h16-t16-o4-m08-std/reports/p3_funcsim/simlibs_func/axi_tlm_ext_v1_0' (cds.lib command ignored).
DEFINE axi_tg_sc_v1_0  /tmp/fastconv-p3f-d0282f55/rtl/conv2x2/fpga_zcu104/conv-i16-h16-t16-o4-m08-std/reports/p3_funcsim/simlibs_func/axi_tg_sc_v1_0
|
xrun: *W,DLCPTH (/home/tarsio.onofrio/cds.lib,11): cds.lib Invalid path '/tmp/fastconv-p3f-d0282f55/rtl/conv2x2/fpga_zcu104/conv-i16-h16-t16-o4-m08-std/reports/p3_funcsim/simlibs_func/axi_tg_sc_v1_0' (cds.lib command ignored).
DEFINE secureip  /sim/tarsio/reports-conv3x3-ifn9-explore-149bd5be/simlibs_unisim/secureip
|
xrun: *W,DLCPTH (/home/tarsio.onofrio/cds.lib,12): cds.lib Invalid path '/sim/tarsio/reports-conv3x3-ifn9-explore-149bd5be/simlibs_unisim/secureip' (cds.lib command ignored).
DEFINE unisims_ver  /sim/tarsio/reports-conv3x3-ifn9-explore-149bd5be/simlibs_unisim/unisims_ver
|
xrun: *W,DLCPTH (/home/tarsio.onofrio/cds.lib,13): cds.lib Invalid path '/sim/tarsio/reports-conv3x3-ifn9-explore-149bd5be/simlibs_unisim/unisims_ver' (cds.lib command ignored).
DEFINE unimacro_ver  /sim/tarsio/reports-conv3x3-ifn9-explore-149bd5be/simlibs_unisim/unimacro_ver
|
xrun: *W,DLCPTH (/home/tarsio.onofrio/cds.lib,14): cds.lib Invalid path '/sim/tarsio/reports-conv3x3-ifn9-explore-149bd5be/simlibs_unisim/unimacro_ver' (cds.lib command ignored).
DEFINE unifast_ver  /sim/tarsio/reports-conv3x3-ifn9-explore-149bd5be/simlibs_unisim/unifast_ver
|
xrun: *W,DLCPTH (/home/tarsio.onofrio/cds.lib,15): cds.lib Invalid path '/sim/tarsio/reports-conv3x3-ifn9-explore-149bd5be/simlibs_unisim/unifast_ver' (cds.lib command ignored).
DEFINE unisim  /tmp/fastconv-p3f-d0282f55/rtl/conv2x2/fpga_zcu104/conv-i16-h16-t16-o4-m08-std/reports/p3_funcsim/simlibs_func/unisim
|
xrun: *W,DLCPTH (/home/tarsio.onofrio/cds.lib,1): cds.lib Invalid path '/tmp/fastconv-p3f-d0282f55/rtl/conv2x2/fpga_zcu104/conv-i16-h16-t16-o4-m08-std/reports/p3_funcsim/simlibs_func/unisim' (cds.lib command ignored).
DEFINE unimacro  /tmp/fastconv-p3f-d0282f55/rtl/conv2x2/fpga_zcu104/conv-i16-h16-t16-o4-m08-std/reports/p3_funcsim/simlibs_func/unimacro
|
xrun: *W,DLCPTH (/home/tarsio.onofrio/cds.lib,2): cds.lib Invalid path '/tmp/fastconv-p3f-d0282f55/rtl/conv2x2/fpga_zcu104/conv-i16-h16-t16-o4-m08-std/reports/p3_funcsim/simlibs_func/unimacro' (cds.lib command ignored).
DEFINE unifast  /tmp/fastconv-p3f-d0282f55/rtl/conv2x2/fpga_zcu104/conv-i16-h16-t16-o4-m08-std/reports/p3_funcsim/simlibs_func/unifast
|
xrun: *W,DLCPTH (/home/tarsio.onofrio/cds.lib,3): cds.lib Invalid path '/tmp/fastconv-p3f-d0282f55/rtl/conv2x2/fpga_zcu104/conv-i16-h16-t16-o4-m08-std/reports/p3_funcsim/simlibs_func/unifast' (cds.lib command ignored).
DEFINE xpm  /tmp/fastconv-p3f-d0282f55/rtl/conv2x2/fpga_zcu104/conv-i16-h16-t16-o4-m08-std/reports/p3_funcsim/simlibs_func/xpm
|
xrun: *W,DLCPTH (/home/tarsio.onofrio/cds.lib,4): cds.lib Invalid path '/tmp/fastconv-p3f-d0282f55/rtl/conv2x2/fpga_zcu104/conv-i16-h16-t16-o4-m08-std/reports/p3_funcsim/simlibs_func/xpm' (cds.lib command ignored).
DEFINE xilinx_vip  /tmp/fastconv-p3f-d0282f55/rtl/conv2x2/fpga_zcu104/conv-i16-h16-t16-o4-m08-std/reports/p3_funcsim/simlibs_func/xilinx_vip
|
xrun: *W,DLCPTH (/home/tarsio.onofrio/cds.lib,5): cds.lib Invalid path '/tmp/fastconv-p3f-d0282f55/rtl/conv2x2/fpga_zcu104/conv-i16-h16-t16-o4-m08-std/reports/p3_funcsim/simlibs_func/xilinx_vip' (cds.lib command ignored).
DEFINE common_cpp_v1_0  /tmp/fastconv-p3f-d0282f55/rtl/conv2x2/fpga_zcu104/conv-i16-h16-t16-o4-m08-std/reports/p3_funcsim/simlibs_func/common_cpp_v1_0
|
xrun: *W,DLCPTH (/home/tarsio.onofrio/cds.lib,6): cds.lib Invalid path '/tmp/fastconv-p3f-d0282f55/rtl/conv2x2/fpga_zcu104/conv-i16-h16-t16-o4-m08-std/reports/p3_funcsim/simlibs_func/common_cpp_v1_0' (cds.lib command ignored).
DEFINE xtlm  /tmp/fastconv-p3f-d0282f55/rtl/conv2x2/fpga_zcu104/conv-i16-h16-t16-o4-m08-std/reports/p3_funcsim/simlibs_func/xtlm
|
xrun: *W,DLCPTH (/home/tarsio.onofrio/cds.lib,7): cds.lib Invalid path '/tmp/fastconv-p3f-d0282f55/rtl/conv2x2/fpga_zcu104/conv-i16-h16-t16-o4-m08-std/reports/p3_funcsim/simlibs_func/xtlm' (cds.lib command ignored).
DEFINE xscl  /tmp/fastconv-p3f-d0282f55/rtl/conv2x2/fpga_zcu104/conv-i16-h16-t16-o4-m08-std/reports/p3_funcsim/simlibs_func/xscl
|
xrun: *W,DLCPTH (/home/tarsio.onofrio/cds.lib,8): cds.lib Invalid path '/tmp/fastconv-p3f-d0282f55/rtl/conv2x2/fpga_zcu104/conv-i16-h16-t16-o4-m08-std/reports/p3_funcsim/simlibs_func/xscl' (cds.lib command ignored).
DEFINE emu_perf_common_v1_0  /tmp/fastconv-p3f-d0282f55/rtl/conv2x2/fpga_zcu104/conv-i16-h16-t16-o4-m08-std/reports/p3_funcsim/simlibs_func/emu_perf_common_v1_0
|
xrun: *W,DLCPTH (/home/tarsio.onofrio/cds.lib,9): cds.lib Invalid path '/tmp/fastconv-p3f-d0282f55/rtl/conv2x2/fpga_zcu104/conv-i16-h16-t16-o4-m08-std/reports/p3_funcsim/simlibs_func/emu_perf_common_v1_0' (cds.lib command ignored).
DEFINE axi_tlm_ext_v1_0  /tmp/fastconv-p3f-d0282f55/rtl/conv2x2/fpga_zcu104/conv-i16-h16-t16-o4-m08-std/reports/p3_funcsim/simlibs_func/axi_tlm_ext_v1_0
|
xrun: *W,DLCPTH (/home/tarsio.onofrio/cds.lib,10): cds.lib Invalid path '/tmp/fastconv-p3f-d0282f55/rtl/conv2x2/fpga_zcu104/conv-i16-h16-t16-o4-m08-std/reports/p3_funcsim/simlibs_func/axi_tlm_ext_v1_0' (cds.lib command ignored).
DEFINE axi_tg_sc_v1_0  /tmp/fastconv-p3f-d0282f55/rtl/conv2x2/fpga_zcu104/conv-i16-h16-t16-o4-m08-std/reports/p3_funcsim/simlibs_func/axi_tg_sc_v1_0
|
xrun: *W,DLCPTH (/home/tarsio.onofrio/cds.lib,11): cds.lib Invalid path '/tmp/fastconv-p3f-d0282f55/rtl/conv2x2/fpga_zcu104/conv-i16-h16-t16-o4-m08-std/reports/p3_funcsim/simlibs_func/axi_tg_sc_v1_0' (cds.lib command ignored).
DEFINE secureip  /sim/tarsio/reports-conv3x3-ifn9-explore-149bd5be/simlibs_unisim/secureip
|
xrun: *W,DLCPTH (/home/tarsio.onofrio/cds.lib,12): cds.lib Invalid path '/sim/tarsio/reports-conv3x3-ifn9-explore-149bd5be/simlibs_unisim/secureip' (cds.lib command ignored).
DEFINE unisims_ver  /sim/tarsio/reports-conv3x3-ifn9-explore-149bd5be/simlibs_unisim/unisims_ver
|
xrun: *W,DLCPTH (/home/tarsio.onofrio/cds.lib,13): cds.lib Invalid path '/sim/tarsio/reports-conv3x3-ifn9-explore-149bd5be/simlibs_unisim/unisims_ver' (cds.lib command ignored).
DEFINE unimacro_ver  /sim/tarsio/reports-conv3x3-ifn9-explore-149bd5be/simlibs_unisim/unimacro_ver
|
xrun: *W,DLCPTH (/home/tarsio.onofrio/cds.lib,14): cds.lib Invalid path '/sim/tarsio/reports-conv3x3-ifn9-explore-149bd5be/simlibs_unisim/unimacro_ver' (cds.lib command ignored).
DEFINE unifast_ver  /sim/tarsio/reports-conv3x3-ifn9-explore-149bd5be/simlibs_unisim/unifast_ver
|
xrun: *W,DLCPTH (/home/tarsio.onofrio/cds.lib,15): cds.lib Invalid path '/sim/tarsio/reports-conv3x3-ifn9-explore-149bd5be/simlibs_unisim/unifast_ver' (cds.lib command ignored).
DEFINE unisim  /tmp/fastconv-p3f-d0282f55/rtl/conv2x2/fpga_zcu104/conv-i16-h16-t16-o4-m08-std/reports/p3_funcsim/simlibs_func/unisim
|
xrun: *W,DLCPTH (/home/tarsio.onofrio/cds.lib,1): cds.lib Invalid path '/tmp/fastconv-p3f-d0282f55/rtl/conv2x2/fpga_zcu104/conv-i16-h16-t16-o4-m08-std/reports/p3_funcsim/simlibs_func/unisim' (cds.lib command ignored).
DEFINE unimacro  /tmp/fastconv-p3f-d0282f55/rtl/conv2x2/fpga_zcu104/conv-i16-h16-t16-o4-m08-std/reports/p3_funcsim/simlibs_func/unimacro
|
xrun: *W,DLCPTH (/home/tarsio.onofrio/cds.lib,2): cds.lib Invalid path '/tmp/fastconv-p3f-d0282f55/rtl/conv2x2/fpga_zcu104/conv-i16-h16-t16-o4-m08-std/reports/p3_funcsim/simlibs_func/unimacro' (cds.lib command ignored).
DEFINE unifast  /tmp/fastconv-p3f-d0282f55/rtl/conv2x2/fpga_zcu104/conv-i16-h16-t16-o4-m08-std/reports/p3_funcsim/simlibs_func/unifast
|
xrun: *W,DLCPTH (/home/tarsio.onofrio/cds.lib,3): cds.lib Invalid path '/tmp/fastconv-p3f-d0282f55/rtl/conv2x2/fpga_zcu104/conv-i16-h16-t16-o4-m08-std/reports/p3_funcsim/simlibs_func/unifast' (cds.lib command ignored).
DEFINE xpm  /tmp/fastconv-p3f-d0282f55/rtl/conv2x2/fpga_zcu104/conv-i16-h16-t16-o4-m08-std/reports/p3_funcsim/simlibs_func/xpm
|
xrun: *W,DLCPTH (/home/tarsio.onofrio/cds.lib,4): cds.lib Invalid path '/tmp/fastconv-p3f-d0282f55/rtl/conv2x2/fpga_zcu104/conv-i16-h16-t16-o4-m08-std/reports/p3_funcsim/simlibs_func/xpm' (cds.lib command ignored).
DEFINE xilinx_vip  /tmp/fastconv-p3f-d0282f55/rtl/conv2x2/fpga_zcu104/conv-i16-h16-t16-o4-m08-std/reports/p3_funcsim/simlibs_func/xilinx_vip
|
xrun: *W,DLCPTH (/home/tarsio.onofrio/cds.lib,5): cds.lib Invalid path '/tmp/fastconv-p3f-d0282f55/rtl/conv2x2/fpga_zcu104/conv-i16-h16-t16-o4-m08-std/reports/p3_funcsim/simlibs_func/xilinx_vip' (cds.lib command ignored).
DEFINE common_cpp_v1_0  /tmp/fastconv-p3f-d0282f55/rtl/conv2x2/fpga_zcu104/conv-i16-h16-t16-o4-m08-std/reports/p3_funcsim/simlibs_func/common_cpp_v1_0
|
xrun: *W,DLCPTH (/home/tarsio.onofrio/cds.lib,6): cds.lib Invalid path '/tmp/fastconv-p3f-d0282f55/rtl/conv2x2/fpga_zcu104/conv-i16-h16-t16-o4-m08-std/reports/p3_funcsim/simlibs_func/common_cpp_v1_0' (cds.lib command ignored).
DEFINE xtlm  /tmp/fastconv-p3f-d0282f55/rtl/conv2x2/fpga_zcu104/conv-i16-h16-t16-o4-m08-std/reports/p3_funcsim/simlibs_func/xtlm
|
xrun: *W,DLCPTH (/home/tarsio.onofrio/cds.lib,7): cds.lib Invalid path '/tmp/fastconv-p3f-d0282f55/rtl/conv2x2/fpga_zcu104/conv-i16-h16-t16-o4-m08-std/reports/p3_funcsim/simlibs_func/xtlm' (cds.lib command ignored).
DEFINE xscl  /tmp/fastconv-p3f-d0282f55/rtl/conv2x2/fpga_zcu104/conv-i16-h16-t16-o4-m08-std/reports/p3_funcsim/simlibs_func/xscl
|
xrun: *W,DLCPTH (/home/tarsio.onofrio/cds.lib,8): cds.lib Invalid path '/tmp/fastconv-p3f-d0282f55/rtl/conv2x2/fpga_zcu104/conv-i16-h16-t16-o4-m08-std/reports/p3_funcsim/simlibs_func/xscl' (cds.lib command ignored).
DEFINE emu_perf_common_v1_0  /tmp/fastconv-p3f-d0282f55/rtl/conv2x2/fpga_zcu104/conv-i16-h16-t16-o4-m08-std/reports/p3_funcsim/simlibs_func/emu_perf_common_v1_0
|
xrun: *W,DLCPTH (/home/tarsio.onofrio/cds.lib,9): cds.lib Invalid path '/tmp/fastconv-p3f-d0282f55/rtl/conv2x2/fpga_zcu104/conv-i16-h16-t16-o4-m08-std/reports/p3_funcsim/simlibs_func/emu_perf_common_v1_0' (cds.lib command ignored).
DEFINE axi_tlm_ext_v1_0  /tmp/fastconv-p3f-d0282f55/rtl/conv2x2/fpga_zcu104/conv-i16-h16-t16-o4-m08-std/reports/p3_funcsim/simlibs_func/axi_tlm_ext_v1_0
|
xrun: *W,DLCPTH (/home/tarsio.onofrio/cds.lib,10): cds.lib Invalid path '/tmp/fastconv-p3f-d0282f55/rtl/conv2x2/fpga_zcu104/conv-i16-h16-t16-o4-m08-std/reports/p3_funcsim/simlibs_func/axi_tlm_ext_v1_0' (cds.lib command ignored).
DEFINE axi_tg_sc_v1_0  /tmp/fastconv-p3f-d0282f55/rtl/conv2x2/fpga_zcu104/conv-i16-h16-t16-o4-m08-std/reports/p3_funcsim/simlibs_func/axi_tg_sc_v1_0
|
xrun: *W,DLCPTH (/home/tarsio.onofrio/cds.lib,11): cds.lib Invalid path '/tmp/fastconv-p3f-d0282f55/rtl/conv2x2/fpga_zcu104/conv-i16-h16-t16-o4-m08-std/reports/p3_funcsim/simlibs_func/axi_tg_sc_v1_0' (cds.lib command ignored).
DEFINE secureip  /sim/tarsio/reports-conv3x3-ifn9-explore-149bd5be/simlibs_unisim/secureip
|
xrun: *W,DLCPTH (/home/tarsio.onofrio/cds.lib,12): cds.lib Invalid path '/sim/tarsio/reports-conv3x3-ifn9-explore-149bd5be/simlibs_unisim/secureip' (cds.lib command ignored).
DEFINE unisims_ver  /sim/tarsio/reports-conv3x3-ifn9-explore-149bd5be/simlibs_unisim/unisims_ver
|
xrun: *W,DLCPTH (/home/tarsio.onofrio/cds.lib,13): cds.lib Invalid path '/sim/tarsio/reports-conv3x3-ifn9-explore-149bd5be/simlibs_unisim/unisims_ver' (cds.lib command ignored).
DEFINE unimacro_ver  /sim/tarsio/reports-conv3x3-ifn9-explore-149bd5be/simlibs_unisim/unimacro_ver
|
xrun: *W,DLCPTH (/home/tarsio.onofrio/cds.lib,14): cds.lib Invalid path '/sim/tarsio/reports-conv3x3-ifn9-explore-149bd5be/simlibs_unisim/unimacro_ver' (cds.lib command ignored).
DEFINE unifast_ver  /sim/tarsio/reports-conv3x3-ifn9-explore-149bd5be/simlibs_unisim/unifast_ver
|
xrun: *W,DLCPTH (/home/tarsio.onofrio/cds.lib,15): cds.lib Invalid path '/sim/tarsio/reports-conv3x3-ifn9-explore-149bd5be/simlibs_unisim/unifast_ver' (cds.lib command ignored).
Recompiling... reason: file '/sim/tarsio/tmp/fastconv-clockfix-1e3f74fa/rtl/conv2x2/testbench.sv' is newer than expected.
	expected: Mon Oct  5 23:52:04 2026
	actual:   Tue Oct  6 00:46:38 2026
DEFINE unisim  /tmp/fastconv-p3f-d0282f55/rtl/conv2x2/fpga_zcu104/conv-i16-h16-t16-o4-m08-std/reports/p3_funcsim/simlibs_func/unisim
|
xrun: *W,DLCPTH (/home/tarsio.onofrio/cds.lib,1): cds.lib Invalid path '/tmp/fastconv-p3f-d0282f55/rtl/conv2x2/fpga_zcu104/conv-i16-h16-t16-o4-m08-std/reports/p3_funcsim/simlibs_func/unisim' (cds.lib command ignored).
DEFINE unimacro  /tmp/fastconv-p3f-d0282f55/rtl/conv2x2/fpga_zcu104/conv-i16-h16-t16-o4-m08-std/reports/p3_funcsim/simlibs_func/unimacro
|
xrun: *W,DLCPTH (/home/tarsio.onofrio/cds.lib,2): cds.lib Invalid path '/tmp/fastconv-p3f-d0282f55/rtl/conv2x2/fpga_zcu104/conv-i16-h16-t16-o4-m08-std/reports/p3_funcsim/simlibs_func/unimacro' (cds.lib command ignored).
DEFINE unifast  /tmp/fastconv-p3f-d0282f55/rtl/conv2x2/fpga_zcu104/conv-i16-h16-t16-o4-m08-std/reports/p3_funcsim/simlibs_func/unifast
|
xrun: *W,DLCPTH (/home/tarsio.onofrio/cds.lib,3): cds.lib Invalid path '/tmp/fastconv-p3f-d0282f55/rtl/conv2x2/fpga_zcu104/conv-i16-h16-t16-o4-m08-std/reports/p3_funcsim/simlibs_func/unifast' (cds.lib command ignored).
DEFINE xpm  /tmp/fastconv-p3f-d0282f55/rtl/conv2x2/fpga_zcu104/conv-i16-h16-t16-o4-m08-std/reports/p3_funcsim/simlibs_func/xpm
|
xrun: *W,DLCPTH (/home/tarsio.onofrio/cds.lib,4): cds.lib Invalid path '/tmp/fastconv-p3f-d0282f55/rtl/conv2x2/fpga_zcu104/conv-i16-h16-t16-o4-m08-std/reports/p3_funcsim/simlibs_func/xpm' (cds.lib command ignored).
DEFINE xilinx_vip  /tmp/fastconv-p3f-d0282f55/rtl/conv2x2/fpga_zcu104/conv-i16-h16-t16-o4-m08-std/reports/p3_funcsim/simlibs_func/xilinx_vip
|
xrun: *W,DLCPTH (/home/tarsio.onofrio/cds.lib,5): cds.lib Invalid path '/tmp/fastconv-p3f-d0282f55/rtl/conv2x2/fpga_zcu104/conv-i16-h16-t16-o4-m08-std/reports/p3_funcsim/simlibs_func/xilinx_vip' (cds.lib command ignored).
DEFINE common_cpp_v1_0  /tmp/fastconv-p3f-d0282f55/rtl/conv2x2/fpga_zcu104/conv-i16-h16-t16-o4-m08-std/reports/p3_funcsim/simlibs_func/common_cpp_v1_0
|
xrun: *W,DLCPTH (/home/tarsio.onofrio/cds.lib,6): cds.lib Invalid path '/tmp/fastconv-p3f-d0282f55/rtl/conv2x2/fpga_zcu104/conv-i16-h16-t16-o4-m08-std/reports/p3_funcsim/simlibs_func/common_cpp_v1_0' (cds.lib command ignored).
DEFINE xtlm  /tmp/fastconv-p3f-d0282f55/rtl/conv2x2/fpga_zcu104/conv-i16-h16-t16-o4-m08-std/reports/p3_funcsim/simlibs_func/xtlm
|
xrun: *W,DLCPTH (/home/tarsio.onofrio/cds.lib,7): cds.lib Invalid path '/tmp/fastconv-p3f-d0282f55/rtl/conv2x2/fpga_zcu104/conv-i16-h16-t16-o4-m08-std/reports/p3_funcsim/simlibs_func/xtlm' (cds.lib command ignored).
DEFINE xscl  /tmp/fastconv-p3f-d0282f55/rtl/conv2x2/fpga_zcu104/conv-i16-h16-t16-o4-m08-std/reports/p3_funcsim/simlibs_func/xscl
|
xrun: *W,DLCPTH (/home/tarsio.onofrio/cds.lib,8): cds.lib Invalid path '/tmp/fastconv-p3f-d0282f55/rtl/conv2x2/fpga_zcu104/conv-i16-h16-t16-o4-m08-std/reports/p3_funcsim/simlibs_func/xscl' (cds.lib command ignored).
DEFINE emu_perf_common_v1_0  /tmp/fastconv-p3f-d0282f55/rtl/conv2x2/fpga_zcu104/conv-i16-h16-t16-o4-m08-std/reports/p3_funcsim/simlibs_func/emu_perf_common_v1_0
|
xrun: *W,DLCPTH (/home/tarsio.onofrio/cds.lib,9): cds.lib Invalid path '/tmp/fastconv-p3f-d0282f55/rtl/conv2x2/fpga_zcu104/conv-i16-h16-t16-o4-m08-std/reports/p3_funcsim/simlibs_func/emu_perf_common_v1_0' (cds.lib command ignored).
DEFINE axi_tlm_ext_v1_0  /tmp/fastconv-p3f-d0282f55/rtl/conv2x2/fpga_zcu104/conv-i16-h16-t16-o4-m08-std/reports/p3_funcsim/simlibs_func/axi_tlm_ext_v1_0
|
xrun: *W,DLCPTH (/home/tarsio.onofrio/cds.lib,10): cds.lib Invalid path '/tmp/fastconv-p3f-d0282f55/rtl/conv2x2/fpga_zcu104/conv-i16-h16-t16-o4-m08-std/reports/p3_funcsim/simlibs_func/axi_tlm_ext_v1_0' (cds.lib command ignored).
DEFINE axi_tg_sc_v1_0  /tmp/fastconv-p3f-d0282f55/rtl/conv2x2/fpga_zcu104/conv-i16-h16-t16-o4-m08-std/reports/p3_funcsim/simlibs_func/axi_tg_sc_v1_0
|
xrun: *W,DLCPTH (/home/tarsio.onofrio/cds.lib,11): cds.lib Invalid path '/tmp/fastconv-p3f-d0282f55/rtl/conv2x2/fpga_zcu104/conv-i16-h16-t16-o4-m08-std/reports/p3_funcsim/simlibs_func/axi_tg_sc_v1_0' (cds.lib command ignored).
DEFINE secureip  /sim/tarsio/reports-conv3x3-ifn9-explore-149bd5be/simlibs_unisim/secureip
|
xrun: *W,DLCPTH (/home/tarsio.onofrio/cds.lib,12): cds.lib Invalid path '/sim/tarsio/reports-conv3x3-ifn9-explore-149bd5be/simlibs_unisim/secureip' (cds.lib command ignored).
DEFINE unisims_ver  /sim/tarsio/reports-conv3x3-ifn9-explore-149bd5be/simlibs_unisim/unisims_ver
|
xrun: *W,DLCPTH (/home/tarsio.onofrio/cds.lib,13): cds.lib Invalid path '/sim/tarsio/reports-conv3x3-ifn9-explore-149bd5be/simlibs_unisim/unisims_ver' (cds.lib command ignored).
DEFINE unimacro_ver  /sim/tarsio/reports-conv3x3-ifn9-explore-149bd5be/simlibs_unisim/unimacro_ver
|
xrun: *W,DLCPTH (/home/tarsio.onofrio/cds.lib,14): cds.lib Invalid path '/sim/tarsio/reports-conv3x3-ifn9-explore-149bd5be/simlibs_unisim/unimacro_ver' (cds.lib command ignored).
DEFINE unifast_ver  /sim/tarsio/reports-conv3x3-ifn9-explore-149bd5be/simlibs_unisim/unifast_ver
|
xrun: *W,DLCPTH (/home/tarsio.onofrio/cds.lib,15): cds.lib Invalid path '/sim/tarsio/reports-conv3x3-ifn9-explore-149bd5be/simlibs_unisim/unifast_ver' (cds.lib command ignored).
DEFINE unisim  /tmp/fastconv-p3f-d0282f55/rtl/conv2x2/fpga_zcu104/conv-i16-h16-t16-o4-m08-std/reports/p3_funcsim/simlibs_func/unisim
|
xmvlog: *W,DLCPTH (/home/tarsio.onofrio/cds.lib,1): cds.lib Invalid path '/tmp/fastconv-p3f-d0282f55/rtl/conv2x2/fpga_zcu104/conv-i16-h16-t16-o4-m08-std/reports/p3_funcsim/simlibs_func/unisim' (cds.lib command ignored).
DEFINE unimacro  /tmp/fastconv-p3f-d0282f55/rtl/conv2x2/fpga_zcu104/conv-i16-h16-t16-o4-m08-std/reports/p3_funcsim/simlibs_func/unimacro
|
xmvlog: *W,DLCPTH (/home/tarsio.onofrio/cds.lib,2): cds.lib Invalid path '/tmp/fastconv-p3f-d0282f55/rtl/conv2x2/fpga_zcu104/conv-i16-h16-t16-o4-m08-std/reports/p3_funcsim/simlibs_func/unimacro' (cds.lib command ignored).
DEFINE unifast  /tmp/fastconv-p3f-d0282f55/rtl/conv2x2/fpga_zcu104/conv-i16-h16-t16-o4-m08-std/reports/p3_funcsim/simlibs_func/unifast
|
xmvlog: *W,DLCPTH (/home/tarsio.onofrio/cds.lib,3): cds.lib Invalid path '/tmp/fastconv-p3f-d0282f55/rtl/conv2x2/fpga_zcu104/conv-i16-h16-t16-o4-m08-std/reports/p3_funcsim/simlibs_func/unifast' (cds.lib command ignored).
DEFINE xpm  /tmp/fastconv-p3f-d0282f55/rtl/conv2x2/fpga_zcu104/conv-i16-h16-t16-o4-m08-std/reports/p3_funcsim/simlibs_func/xpm
|
xmvlog: *W,DLCPTH (/home/tarsio.onofrio/cds.lib,4): cds.lib Invalid path '/tmp/fastconv-p3f-d0282f55/rtl/conv2x2/fpga_zcu104/conv-i16-h16-t16-o4-m08-std/reports/p3_funcsim/simlibs_func/xpm' (cds.lib command ignored).
DEFINE xilinx_vip  /tmp/fastconv-p3f-d0282f55/rtl/conv2x2/fpga_zcu104/conv-i16-h16-t16-o4-m08-std/reports/p3_funcsim/simlibs_func/xilinx_vip
|
xmvlog: *W,DLCPTH (/home/tarsio.onofrio/cds.lib,5): cds.lib Invalid path '/tmp/fastconv-p3f-d0282f55/rtl/conv2x2/fpga_zcu104/conv-i16-h16-t16-o4-m08-std/reports/p3_funcsim/simlibs_func/xilinx_vip' (cds.lib command ignored).
DEFINE common_cpp_v1_0  /tmp/fastconv-p3f-d0282f55/rtl/conv2x2/fpga_zcu104/conv-i16-h16-t16-o4-m08-std/reports/p3_funcsim/simlibs_func/common_cpp_v1_0
|
xmvlog: *W,DLCPTH (/home/tarsio.onofrio/cds.lib,6): cds.lib Invalid path '/tmp/fastconv-p3f-d0282f55/rtl/conv2x2/fpga_zcu104/conv-i16-h16-t16-o4-m08-std/reports/p3_funcsim/simlibs_func/common_cpp_v1_0' (cds.lib command ignored).
DEFINE xtlm  /tmp/fastconv-p3f-d0282f55/rtl/conv2x2/fpga_zcu104/conv-i16-h16-t16-o4-m08-std/reports/p3_funcsim/simlibs_func/xtlm
|
xmvlog: *W,DLCPTH (/home/tarsio.onofrio/cds.lib,7): cds.lib Invalid path '/tmp/fastconv-p3f-d0282f55/rtl/conv2x2/fpga_zcu104/conv-i16-h16-t16-o4-m08-std/reports/p3_funcsim/simlibs_func/xtlm' (cds.lib command ignored).
DEFINE xscl  /tmp/fastconv-p3f-d0282f55/rtl/conv2x2/fpga_zcu104/conv-i16-h16-t16-o4-m08-std/reports/p3_funcsim/simlibs_func/xscl
|
xmvlog: *W,DLCPTH (/home/tarsio.onofrio/cds.lib,8): cds.lib Invalid path '/tmp/fastconv-p3f-d0282f55/rtl/conv2x2/fpga_zcu104/conv-i16-h16-t16-o4-m08-std/reports/p3_funcsim/simlibs_func/xscl' (cds.lib command ignored).
DEFINE emu_perf_common_v1_0  /tmp/fastconv-p3f-d0282f55/rtl/conv2x2/fpga_zcu104/conv-i16-h16-t16-o4-m08-std/reports/p3_funcsim/simlibs_func/emu_perf_common_v1_0
|
xmvlog: *W,DLCPTH (/home/tarsio.onofrio/cds.lib,9): cds.lib Invalid path '/tmp/fastconv-p3f-d0282f55/rtl/conv2x2/fpga_zcu104/conv-i16-h16-t16-o4-m08-std/reports/p3_funcsim/simlibs_func/emu_perf_common_v1_0' (cds.lib command ignored).
DEFINE axi_tlm_ext_v1_0  /tmp/fastconv-p3f-d0282f55/rtl/conv2x2/fpga_zcu104/conv-i16-h16-t16-o4-m08-std/reports/p3_funcsim/simlibs_func/axi_tlm_ext_v1_0
|
xmvlog: *W,DLCPTH (/home/tarsio.onofrio/cds.lib,10): cds.lib Invalid path '/tmp/fastconv-p3f-d0282f55/rtl/conv2x2/fpga_zcu104/conv-i16-h16-t16-o4-m08-std/reports/p3_funcsim/simlibs_func/axi_tlm_ext_v1_0' (cds.lib command ignored).
DEFINE axi_tg_sc_v1_0  /tmp/fastconv-p3f-d0282f55/rtl/conv2x2/fpga_zcu104/conv-i16-h16-t16-o4-m08-std/reports/p3_funcsim/simlibs_func/axi_tg_sc_v1_0
|
xmvlog: *W,DLCPTH (/home/tarsio.onofrio/cds.lib,11): cds.lib Invalid path '/tmp/fastconv-p3f-d0282f55/rtl/conv2x2/fpga_zcu104/conv-i16-h16-t16-o4-m08-std/reports/p3_funcsim/simlibs_func/axi_tg_sc_v1_0' (cds.lib command ignored).
DEFINE secureip  /sim/tarsio/reports-conv3x3-ifn9-explore-149bd5be/simlibs_unisim/secureip
|
xmvlog: *W,DLCPTH (/home/tarsio.onofrio/cds.lib,12): cds.lib Invalid path '/sim/tarsio/reports-conv3x3-ifn9-explore-149bd5be/simlibs_unisim/secureip' (cds.lib command ignored).
DEFINE unisims_ver  /sim/tarsio/reports-conv3x3-ifn9-explore-149bd5be/simlibs_unisim/unisims_ver
|
xmvlog: *W,DLCPTH (/home/tarsio.onofrio/cds.lib,13): cds.lib Invalid path '/sim/tarsio/reports-conv3x3-ifn9-explore-149bd5be/simlibs_unisim/unisims_ver' (cds.lib command ignored).
DEFINE unimacro_ver  /sim/tarsio/reports-conv3x3-ifn9-explore-149bd5be/simlibs_unisim/unimacro_ver
|
xmvlog: *W,DLCPTH (/home/tarsio.onofrio/cds.lib,14): cds.lib Invalid path '/sim/tarsio/reports-conv3x3-ifn9-explore-149bd5be/simlibs_unisim/unimacro_ver' (cds.lib command ignored).
DEFINE unifast_ver  /sim/tarsio/reports-conv3x3-ifn9-explore-149bd5be/simlibs_unisim/unifast_ver
|
xmvlog: *W,DLCPTH (/home/tarsio.onofrio/cds.lib,15): cds.lib Invalid path '/sim/tarsio/reports-conv3x3-ifn9-explore-149bd5be/simlibs_unisim/unifast_ver' (cds.lib command ignored).
file: /sim/tarsio/tmp/fastconv-clockfix-1e3f74fa/rtl/conv2x2/testbench.sv
	module work_gate_final.tb:sv
		errors: 0, warnings: 0
	Total errors/warnings found outside modules and primitives:
		errors: 0, warnings: 15
DEFINE unisim  /tmp/fastconv-p3f-d0282f55/rtl/conv2x2/fpga_zcu104/conv-i16-h16-t16-o4-m08-std/reports/p3_funcsim/simlibs_func/unisim
|
xrun: *W,DLCPTH (/home/tarsio.onofrio/cds.lib,1): cds.lib Invalid path '/tmp/fastconv-p3f-d0282f55/rtl/conv2x2/fpga_zcu104/conv-i16-h16-t16-o4-m08-std/reports/p3_funcsim/simlibs_func/unisim' (cds.lib command ignored).
DEFINE unimacro  /tmp/fastconv-p3f-d0282f55/rtl/conv2x2/fpga_zcu104/conv-i16-h16-t16-o4-m08-std/reports/p3_funcsim/simlibs_func/unimacro
|
xrun: *W,DLCPTH (/home/tarsio.onofrio/cds.lib,2): cds.lib Invalid path '/tmp/fastconv-p3f-d0282f55/rtl/conv2x2/fpga_zcu104/conv-i16-h16-t16-o4-m08-std/reports/p3_funcsim/simlibs_func/unimacro' (cds.lib command ignored).
DEFINE unifast  /tmp/fastconv-p3f-d0282f55/rtl/conv2x2/fpga_zcu104/conv-i16-h16-t16-o4-m08-std/reports/p3_funcsim/simlibs_func/unifast
|
xrun: *W,DLCPTH (/home/tarsio.onofrio/cds.lib,3): cds.lib Invalid path '/tmp/fastconv-p3f-d0282f55/rtl/conv2x2/fpga_zcu104/conv-i16-h16-t16-o4-m08-std/reports/p3_funcsim/simlibs_func/unifast' (cds.lib command ignored).
DEFINE xpm  /tmp/fastconv-p3f-d0282f55/rtl/conv2x2/fpga_zcu104/conv-i16-h16-t16-o4-m08-std/reports/p3_funcsim/simlibs_func/xpm
|
xrun: *W,DLCPTH (/home/tarsio.onofrio/cds.lib,4): cds.lib Invalid path '/tmp/fastconv-p3f-d0282f55/rtl/conv2x2/fpga_zcu104/conv-i16-h16-t16-o4-m08-std/reports/p3_funcsim/simlibs_func/xpm' (cds.lib command ignored).
DEFINE xilinx_vip  /tmp/fastconv-p3f-d0282f55/rtl/conv2x2/fpga_zcu104/conv-i16-h16-t16-o4-m08-std/reports/p3_funcsim/simlibs_func/xilinx_vip
|
xrun: *W,DLCPTH (/home/tarsio.onofrio/cds.lib,5): cds.lib Invalid path '/tmp/fastconv-p3f-d0282f55/rtl/conv2x2/fpga_zcu104/conv-i16-h16-t16-o4-m08-std/reports/p3_funcsim/simlibs_func/xilinx_vip' (cds.lib command ignored).
DEFINE common_cpp_v1_0  /tmp/fastconv-p3f-d0282f55/rtl/conv2x2/fpga_zcu104/conv-i16-h16-t16-o4-m08-std/reports/p3_funcsim/simlibs_func/common_cpp_v1_0
|
xrun: *W,DLCPTH (/home/tarsio.onofrio/cds.lib,6): cds.lib Invalid path '/tmp/fastconv-p3f-d0282f55/rtl/conv2x2/fpga_zcu104/conv-i16-h16-t16-o4-m08-std/reports/p3_funcsim/simlibs_func/common_cpp_v1_0' (cds.lib command ignored).
DEFINE xtlm  /tmp/fastconv-p3f-d0282f55/rtl/conv2x2/fpga_zcu104/conv-i16-h16-t16-o4-m08-std/reports/p3_funcsim/simlibs_func/xtlm
|
xrun: *W,DLCPTH (/home/tarsio.onofrio/cds.lib,7): cds.lib Invalid path '/tmp/fastconv-p3f-d0282f55/rtl/conv2x2/fpga_zcu104/conv-i16-h16-t16-o4-m08-std/reports/p3_funcsim/simlibs_func/xtlm' (cds.lib command ignored).
DEFINE xscl  /tmp/fastconv-p3f-d0282f55/rtl/conv2x2/fpga_zcu104/conv-i16-h16-t16-o4-m08-std/reports/p3_funcsim/simlibs_func/xscl
|
xrun: *W,DLCPTH (/home/tarsio.onofrio/cds.lib,8): cds.lib Invalid path '/tmp/fastconv-p3f-d0282f55/rtl/conv2x2/fpga_zcu104/conv-i16-h16-t16-o4-m08-std/reports/p3_funcsim/simlibs_func/xscl' (cds.lib command ignored).
DEFINE emu_perf_common_v1_0  /tmp/fastconv-p3f-d0282f55/rtl/conv2x2/fpga_zcu104/conv-i16-h16-t16-o4-m08-std/reports/p3_funcsim/simlibs_func/emu_perf_common_v1_0
|
xrun: *W,DLCPTH (/home/tarsio.onofrio/cds.lib,9): cds.lib Invalid path '/tmp/fastconv-p3f-d0282f55/rtl/conv2x2/fpga_zcu104/conv-i16-h16-t16-o4-m08-std/reports/p3_funcsim/simlibs_func/emu_perf_common_v1_0' (cds.lib command ignored).
DEFINE axi_tlm_ext_v1_0  /tmp/fastconv-p3f-d0282f55/rtl/conv2x2/fpga_zcu104/conv-i16-h16-t16-o4-m08-std/reports/p3_funcsim/simlibs_func/axi_tlm_ext_v1_0
|
xrun: *W,DLCPTH (/home/tarsio.onofrio/cds.lib,10): cds.lib Invalid path '/tmp/fastconv-p3f-d0282f55/rtl/conv2x2/fpga_zcu104/conv-i16-h16-t16-o4-m08-std/reports/p3_funcsim/simlibs_func/axi_tlm_ext_v1_0' (cds.lib command ignored).
DEFINE axi_tg_sc_v1_0  /tmp/fastconv-p3f-d0282f55/rtl/conv2x2/fpga_zcu104/conv-i16-h16-t16-o4-m08-std/reports/p3_funcsim/simlibs_func/axi_tg_sc_v1_0
|
xrun: *W,DLCPTH (/home/tarsio.onofrio/cds.lib,11): cds.lib Invalid path '/tmp/fastconv-p3f-d0282f55/rtl/conv2x2/fpga_zcu104/conv-i16-h16-t16-o4-m08-std/reports/p3_funcsim/simlibs_func/axi_tg_sc_v1_0' (cds.lib command ignored).
DEFINE secureip  /sim/tarsio/reports-conv3x3-ifn9-explore-149bd5be/simlibs_unisim/secureip
|
xrun: *W,DLCPTH (/home/tarsio.onofrio/cds.lib,12): cds.lib Invalid path '/sim/tarsio/reports-conv3x3-ifn9-explore-149bd5be/simlibs_unisim/secureip' (cds.lib command ignored).
DEFINE unisims_ver  /sim/tarsio/reports-conv3x3-ifn9-explore-149bd5be/simlibs_unisim/unisims_ver
|
xrun: *W,DLCPTH (/home/tarsio.onofrio/cds.lib,13): cds.lib Invalid path '/sim/tarsio/reports-conv3x3-ifn9-explore-149bd5be/simlibs_unisim/unisims_ver' (cds.lib command ignored).
DEFINE unimacro_ver  /sim/tarsio/reports-conv3x3-ifn9-explore-149bd5be/simlibs_unisim/unimacro_ver
|
xrun: *W,DLCPTH (/home/tarsio.onofrio/cds.lib,14): cds.lib Invalid path '/sim/tarsio/reports-conv3x3-ifn9-explore-149bd5be/simlibs_unisim/unimacro_ver' (cds.lib command ignored).
DEFINE unifast_ver  /sim/tarsio/reports-conv3x3-ifn9-explore-149bd5be/simlibs_unisim/unifast_ver
|
xrun: *W,DLCPTH (/home/tarsio.onofrio/cds.lib,15): cds.lib Invalid path '/sim/tarsio/reports-conv3x3-ifn9-explore-149bd5be/simlibs_unisim/unifast_ver' (cds.lib command ignored).
DEFINE unisim  /tmp/fastconv-p3f-d0282f55/rtl/conv2x2/fpga_zcu104/conv-i16-h16-t16-o4-m08-std/reports/p3_funcsim/simlibs_func/unisim
|
xrun: *W,DLCPTH (/home/tarsio.onofrio/cds.lib,1): cds.lib Invalid path '/tmp/fastconv-p3f-d0282f55/rtl/conv2x2/fpga_zcu104/conv-i16-h16-t16-o4-m08-std/reports/p3_funcsim/simlibs_func/unisim' (cds.lib command ignored).
DEFINE unimacro  /tmp/fastconv-p3f-d0282f55/rtl/conv2x2/fpga_zcu104/conv-i16-h16-t16-o4-m08-std/reports/p3_funcsim/simlibs_func/unimacro
|
xrun: *W,DLCPTH (/home/tarsio.onofrio/cds.lib,2): cds.lib Invalid path '/tmp/fastconv-p3f-d0282f55/rtl/conv2x2/fpga_zcu104/conv-i16-h16-t16-o4-m08-std/reports/p3_funcsim/simlibs_func/unimacro' (cds.lib command ignored).
DEFINE unifast  /tmp/fastconv-p3f-d0282f55/rtl/conv2x2/fpga_zcu104/conv-i16-h16-t16-o4-m08-std/reports/p3_funcsim/simlibs_func/unifast
|
xrun: *W,DLCPTH (/home/tarsio.onofrio/cds.lib,3): cds.lib Invalid path '/tmp/fastconv-p3f-d0282f55/rtl/conv2x2/fpga_zcu104/conv-i16-h16-t16-o4-m08-std/reports/p3_funcsim/simlibs_func/unifast' (cds.lib command ignored).
DEFINE xpm  /tmp/fastconv-p3f-d0282f55/rtl/conv2x2/fpga_zcu104/conv-i16-h16-t16-o4-m08-std/reports/p3_funcsim/simlibs_func/xpm
|
xrun: *W,DLCPTH (/home/tarsio.onofrio/cds.lib,4): cds.lib Invalid path '/tmp/fastconv-p3f-d0282f55/rtl/conv2x2/fpga_zcu104/conv-i16-h16-t16-o4-m08-std/reports/p3_funcsim/simlibs_func/xpm' (cds.lib command ignored).
DEFINE xilinx_vip  /tmp/fastconv-p3f-d0282f55/rtl/conv2x2/fpga_zcu104/conv-i16-h16-t16-o4-m08-std/reports/p3_funcsim/simlibs_func/xilinx_vip
|
xrun: *W,DLCPTH (/home/tarsio.onofrio/cds.lib,5): cds.lib Invalid path '/tmp/fastconv-p3f-d0282f55/rtl/conv2x2/fpga_zcu104/conv-i16-h16-t16-o4-m08-std/reports/p3_funcsim/simlibs_func/xilinx_vip' (cds.lib command ignored).
DEFINE common_cpp_v1_0  /tmp/fastconv-p3f-d0282f55/rtl/conv2x2/fpga_zcu104/conv-i16-h16-t16-o4-m08-std/reports/p3_funcsim/simlibs_func/common_cpp_v1_0
|
xrun: *W,DLCPTH (/home/tarsio.onofrio/cds.lib,6): cds.lib Invalid path '/tmp/fastconv-p3f-d0282f55/rtl/conv2x2/fpga_zcu104/conv-i16-h16-t16-o4-m08-std/reports/p3_funcsim/simlibs_func/common_cpp_v1_0' (cds.lib command ignored).
DEFINE xtlm  /tmp/fastconv-p3f-d0282f55/rtl/conv2x2/fpga_zcu104/conv-i16-h16-t16-o4-m08-std/reports/p3_funcsim/simlibs_func/xtlm
|
xrun: *W,DLCPTH (/home/tarsio.onofrio/cds.lib,7): cds.lib Invalid path '/tmp/fastconv-p3f-d0282f55/rtl/conv2x2/fpga_zcu104/conv-i16-h16-t16-o4-m08-std/reports/p3_funcsim/simlibs_func/xtlm' (cds.lib command ignored).
DEFINE xscl  /tmp/fastconv-p3f-d0282f55/rtl/conv2x2/fpga_zcu104/conv-i16-h16-t16-o4-m08-std/reports/p3_funcsim/simlibs_func/xscl
|
xrun: *W,DLCPTH (/home/tarsio.onofrio/cds.lib,8): cds.lib Invalid path '/tmp/fastconv-p3f-d0282f55/rtl/conv2x2/fpga_zcu104/conv-i16-h16-t16-o4-m08-std/reports/p3_funcsim/simlibs_func/xscl' (cds.lib command ignored).
DEFINE emu_perf_common_v1_0  /tmp/fastconv-p3f-d0282f55/rtl/conv2x2/fpga_zcu104/conv-i16-h16-t16-o4-m08-std/reports/p3_funcsim/simlibs_func/emu_perf_common_v1_0
|
xrun: *W,DLCPTH (/home/tarsio.onofrio/cds.lib,9): cds.lib Invalid path '/tmp/fastconv-p3f-d0282f55/rtl/conv2x2/fpga_zcu104/conv-i16-h16-t16-o4-m08-std/reports/p3_funcsim/simlibs_func/emu_perf_common_v1_0' (cds.lib command ignored).
DEFINE axi_tlm_ext_v1_0  /tmp/fastconv-p3f-d0282f55/rtl/conv2x2/fpga_zcu104/conv-i16-h16-t16-o4-m08-std/reports/p3_funcsim/simlibs_func/axi_tlm_ext_v1_0
|
xrun: *W,DLCPTH (/home/tarsio.onofrio/cds.lib,10): cds.lib Invalid path '/tmp/fastconv-p3f-d0282f55/rtl/conv2x2/fpga_zcu104/conv-i16-h16-t16-o4-m08-std/reports/p3_funcsim/simlibs_func/axi_tlm_ext_v1_0' (cds.lib command ignored).
DEFINE axi_tg_sc_v1_0  /tmp/fastconv-p3f-d0282f55/rtl/conv2x2/fpga_zcu104/conv-i16-h16-t16-o4-m08-std/reports/p3_funcsim/simlibs_func/axi_tg_sc_v1_0
|
xrun: *W,DLCPTH (/home/tarsio.onofrio/cds.lib,11): cds.lib Invalid path '/tmp/fastconv-p3f-d0282f55/rtl/conv2x2/fpga_zcu104/conv-i16-h16-t16-o4-m08-std/reports/p3_funcsim/simlibs_func/axi_tg_sc_v1_0' (cds.lib command ignored).
DEFINE secureip  /sim/tarsio/reports-conv3x3-ifn9-explore-149bd5be/simlibs_unisim/secureip
|
xrun: *W,DLCPTH (/home/tarsio.onofrio/cds.lib,12): cds.lib Invalid path '/sim/tarsio/reports-conv3x3-ifn9-explore-149bd5be/simlibs_unisim/secureip' (cds.lib command ignored).
DEFINE unisims_ver  /sim/tarsio/reports-conv3x3-ifn9-explore-149bd5be/simlibs_unisim/unisims_ver
|
xrun: *W,DLCPTH (/home/tarsio.onofrio/cds.lib,13): cds.lib Invalid path '/sim/tarsio/reports-conv3x3-ifn9-explore-149bd5be/simlibs_unisim/unisims_ver' (cds.lib command ignored).
DEFINE unimacro_ver  /sim/tarsio/reports-conv3x3-ifn9-explore-149bd5be/simlibs_unisim/unimacro_ver
|
xrun: *W,DLCPTH (/home/tarsio.onofrio/cds.lib,14): cds.lib Invalid path '/sim/tarsio/reports-conv3x3-ifn9-explore-149bd5be/simlibs_unisim/unimacro_ver' (cds.lib command ignored).
DEFINE unifast_ver  /sim/tarsio/reports-conv3x3-ifn9-explore-149bd5be/simlibs_unisim/unifast_ver
|
xrun: *W,DLCPTH (/home/tarsio.onofrio/cds.lib,15): cds.lib Invalid path '/sim/tarsio/reports-conv3x3-ifn9-explore-149bd5be/simlibs_unisim/unifast_ver' (cds.lib command ignored).
DEFINE unisim  /tmp/fastconv-p3f-d0282f55/rtl/conv2x2/fpga_zcu104/conv-i16-h16-t16-o4-m08-std/reports/p3_funcsim/simlibs_func/unisim
|
xmelab: *W,DLCPTH (/home/tarsio.onofrio/cds.lib,1): cds.lib Invalid path '/tmp/fastconv-p3f-d0282f55/rtl/conv2x2/fpga_zcu104/conv-i16-h16-t16-o4-m08-std/reports/p3_funcsim/simlibs_func/unisim' (cds.lib command ignored).
DEFINE unimacro  /tmp/fastconv-p3f-d0282f55/rtl/conv2x2/fpga_zcu104/conv-i16-h16-t16-o4-m08-std/reports/p3_funcsim/simlibs_func/unimacro
|
xmelab: *W,DLCPTH (/home/tarsio.onofrio/cds.lib,2): cds.lib Invalid path '/tmp/fastconv-p3f-d0282f55/rtl/conv2x2/fpga_zcu104/conv-i16-h16-t16-o4-m08-std/reports/p3_funcsim/simlibs_func/unimacro' (cds.lib command ignored).
DEFINE unifast  /tmp/fastconv-p3f-d0282f55/rtl/conv2x2/fpga_zcu104/conv-i16-h16-t16-o4-m08-std/reports/p3_funcsim/simlibs_func/unifast
|
xmelab: *W,DLCPTH (/home/tarsio.onofrio/cds.lib,3): cds.lib Invalid path '/tmp/fastconv-p3f-d0282f55/rtl/conv2x2/fpga_zcu104/conv-i16-h16-t16-o4-m08-std/reports/p3_funcsim/simlibs_func/unifast' (cds.lib command ignored).
DEFINE xpm  /tmp/fastconv-p3f-d0282f55/rtl/conv2x2/fpga_zcu104/conv-i16-h16-t16-o4-m08-std/reports/p3_funcsim/simlibs_func/xpm
|
xmelab: *W,DLCPTH (/home/tarsio.onofrio/cds.lib,4): cds.lib Invalid path '/tmp/fastconv-p3f-d0282f55/rtl/conv2x2/fpga_zcu104/conv-i16-h16-t16-o4-m08-std/reports/p3_funcsim/simlibs_func/xpm' (cds.lib command ignored).
DEFINE xilinx_vip  /tmp/fastconv-p3f-d0282f55/rtl/conv2x2/fpga_zcu104/conv-i16-h16-t16-o4-m08-std/reports/p3_funcsim/simlibs_func/xilinx_vip
|
xmelab: *W,DLCPTH (/home/tarsio.onofrio/cds.lib,5): cds.lib Invalid path '/tmp/fastconv-p3f-d0282f55/rtl/conv2x2/fpga_zcu104/conv-i16-h16-t16-o4-m08-std/reports/p3_funcsim/simlibs_func/xilinx_vip' (cds.lib command ignored).
DEFINE common_cpp_v1_0  /tmp/fastconv-p3f-d0282f55/rtl/conv2x2/fpga_zcu104/conv-i16-h16-t16-o4-m08-std/reports/p3_funcsim/simlibs_func/common_cpp_v1_0
|
xmelab: *W,DLCPTH (/home/tarsio.onofrio/cds.lib,6): cds.lib Invalid path '/tmp/fastconv-p3f-d0282f55/rtl/conv2x2/fpga_zcu104/conv-i16-h16-t16-o4-m08-std/reports/p3_funcsim/simlibs_func/common_cpp_v1_0' (cds.lib command ignored).
DEFINE xtlm  /tmp/fastconv-p3f-d0282f55/rtl/conv2x2/fpga_zcu104/conv-i16-h16-t16-o4-m08-std/reports/p3_funcsim/simlibs_func/xtlm
|
xmelab: *W,DLCPTH (/home/tarsio.onofrio/cds.lib,7): cds.lib Invalid path '/tmp/fastconv-p3f-d0282f55/rtl/conv2x2/fpga_zcu104/conv-i16-h16-t16-o4-m08-std/reports/p3_funcsim/simlibs_func/xtlm' (cds.lib command ignored).
DEFINE xscl  /tmp/fastconv-p3f-d0282f55/rtl/conv2x2/fpga_zcu104/conv-i16-h16-t16-o4-m08-std/reports/p3_funcsim/simlibs_func/xscl
|
xmelab: *W,DLCPTH (/home/tarsio.onofrio/cds.lib,8): cds.lib Invalid path '/tmp/fastconv-p3f-d0282f55/rtl/conv2x2/fpga_zcu104/conv-i16-h16-t16-o4-m08-std/reports/p3_funcsim/simlibs_func/xscl' (cds.lib command ignored).
DEFINE emu_perf_common_v1_0  /tmp/fastconv-p3f-d0282f55/rtl/conv2x2/fpga_zcu104/conv-i16-h16-t16-o4-m08-std/reports/p3_funcsim/simlibs_func/emu_perf_common_v1_0
|
xmelab: *W,DLCPTH (/home/tarsio.onofrio/cds.lib,9): cds.lib Invalid path '/tmp/fastconv-p3f-d0282f55/rtl/conv2x2/fpga_zcu104/conv-i16-h16-t16-o4-m08-std/reports/p3_funcsim/simlibs_func/emu_perf_common_v1_0' (cds.lib command ignored).
DEFINE axi_tlm_ext_v1_0  /tmp/fastconv-p3f-d0282f55/rtl/conv2x2/fpga_zcu104/conv-i16-h16-t16-o4-m08-std/reports/p3_funcsim/simlibs_func/axi_tlm_ext_v1_0
|
xmelab: *W,DLCPTH (/home/tarsio.onofrio/cds.lib,10): cds.lib Invalid path '/tmp/fastconv-p3f-d0282f55/rtl/conv2x2/fpga_zcu104/conv-i16-h16-t16-o4-m08-std/reports/p3_funcsim/simlibs_func/axi_tlm_ext_v1_0' (cds.lib command ignored).
DEFINE axi_tg_sc_v1_0  /tmp/fastconv-p3f-d0282f55/rtl/conv2x2/fpga_zcu104/conv-i16-h16-t16-o4-m08-std/reports/p3_funcsim/simlibs_func/axi_tg_sc_v1_0
|
xmelab: *W,DLCPTH (/home/tarsio.onofrio/cds.lib,11): cds.lib Invalid path '/tmp/fastconv-p3f-d0282f55/rtl/conv2x2/fpga_zcu104/conv-i16-h16-t16-o4-m08-std/reports/p3_funcsim/simlibs_func/axi_tg_sc_v1_0' (cds.lib command ignored).
DEFINE secureip  /sim/tarsio/reports-conv3x3-ifn9-explore-149bd5be/simlibs_unisim/secureip
|
xmelab: *W,DLCPTH (/home/tarsio.onofrio/cds.lib,12): cds.lib Invalid path '/sim/tarsio/reports-conv3x3-ifn9-explore-149bd5be/simlibs_unisim/secureip' (cds.lib command ignored).
DEFINE unisims_ver  /sim/tarsio/reports-conv3x3-ifn9-explore-149bd5be/simlibs_unisim/unisims_ver
|
xmelab: *W,DLCPTH (/home/tarsio.onofrio/cds.lib,13): cds.lib Invalid path '/sim/tarsio/reports-conv3x3-ifn9-explore-149bd5be/simlibs_unisim/unisims_ver' (cds.lib command ignored).
DEFINE unimacro_ver  /sim/tarsio/reports-conv3x3-ifn9-explore-149bd5be/simlibs_unisim/unimacro_ver
|
xmelab: *W,DLCPTH (/home/tarsio.onofrio/cds.lib,14): cds.lib Invalid path '/sim/tarsio/reports-conv3x3-ifn9-explore-149bd5be/simlibs_unisim/unimacro_ver' (cds.lib command ignored).
DEFINE unifast_ver  /sim/tarsio/reports-conv3x3-ifn9-explore-149bd5be/simlibs_unisim/unifast_ver
|
xmelab: *W,DLCPTH (/home/tarsio.onofrio/cds.lib,15): cds.lib Invalid path '/sim/tarsio/reports-conv3x3-ifn9-explore-149bd5be/simlibs_unisim/unifast_ver' (cds.lib command ignored).
	Elaborating the design hierarchy:
		Caching library 'work_gate_final' ....... Done
	Top level design units:
		pack_data
		pack_param
		tb
DEFINE unisim  /tmp/fastconv-p3f-d0282f55/rtl/conv2x2/fpga_zcu104/conv-i16-h16-t16-o4-m08-std/reports/p3_funcsim/simlibs_func/unisim
|
xmsdfc: *W,DLCPTH (/home/tarsio.onofrio/cds.lib,1): cds.lib Invalid path '/tmp/fastconv-p3f-d0282f55/rtl/conv2x2/fpga_zcu104/conv-i16-h16-t16-o4-m08-std/reports/p3_funcsim/simlibs_func/unisim' (cds.lib command ignored).
DEFINE unimacro  /tmp/fastconv-p3f-d0282f55/rtl/conv2x2/fpga_zcu104/conv-i16-h16-t16-o4-m08-std/reports/p3_funcsim/simlibs_func/unimacro
|
xmsdfc: *W,DLCPTH (/home/tarsio.onofrio/cds.lib,2): cds.lib Invalid path '/tmp/fastconv-p3f-d0282f55/rtl/conv2x2/fpga_zcu104/conv-i16-h16-t16-o4-m08-std/reports/p3_funcsim/simlibs_func/unimacro' (cds.lib command ignored).
DEFINE unifast  /tmp/fastconv-p3f-d0282f55/rtl/conv2x2/fpga_zcu104/conv-i16-h16-t16-o4-m08-std/reports/p3_funcsim/simlibs_func/unifast
|
xmsdfc: *W,DLCPTH (/home/tarsio.onofrio/cds.lib,3): cds.lib Invalid path '/tmp/fastconv-p3f-d0282f55/rtl/conv2x2/fpga_zcu104/conv-i16-h16-t16-o4-m08-std/reports/p3_funcsim/simlibs_func/unifast' (cds.lib command ignored).
DEFINE xpm  /tmp/fastconv-p3f-d0282f55/rtl/conv2x2/fpga_zcu104/conv-i16-h16-t16-o4-m08-std/reports/p3_funcsim/simlibs_func/xpm
|
xmsdfc: *W,DLCPTH (/home/tarsio.onofrio/cds.lib,4): cds.lib Invalid path '/tmp/fastconv-p3f-d0282f55/rtl/conv2x2/fpga_zcu104/conv-i16-h16-t16-o4-m08-std/reports/p3_funcsim/simlibs_func/xpm' (cds.lib command ignored).
DEFINE xilinx_vip  /tmp/fastconv-p3f-d0282f55/rtl/conv2x2/fpga_zcu104/conv-i16-h16-t16-o4-m08-std/reports/p3_funcsim/simlibs_func/xilinx_vip
|
xmsdfc: *W,DLCPTH (/home/tarsio.onofrio/cds.lib,5): cds.lib Invalid path '/tmp/fastconv-p3f-d0282f55/rtl/conv2x2/fpga_zcu104/conv-i16-h16-t16-o4-m08-std/reports/p3_funcsim/simlibs_func/xilinx_vip' (cds.lib command ignored).
DEFINE common_cpp_v1_0  /tmp/fastconv-p3f-d0282f55/rtl/conv2x2/fpga_zcu104/conv-i16-h16-t16-o4-m08-std/reports/p3_funcsim/simlibs_func/common_cpp_v1_0
|
xmsdfc: *W,DLCPTH (/home/tarsio.onofrio/cds.lib,6): cds.lib Invalid path '/tmp/fastconv-p3f-d0282f55/rtl/conv2x2/fpga_zcu104/conv-i16-h16-t16-o4-m08-std/reports/p3_funcsim/simlibs_func/common_cpp_v1_0' (cds.lib command ignored).
DEFINE xtlm  /tmp/fastconv-p3f-d0282f55/rtl/conv2x2/fpga_zcu104/conv-i16-h16-t16-o4-m08-std/reports/p3_funcsim/simlibs_func/xtlm
|
xmsdfc: *W,DLCPTH (/home/tarsio.onofrio/cds.lib,7): cds.lib Invalid path '/tmp/fastconv-p3f-d0282f55/rtl/conv2x2/fpga_zcu104/conv-i16-h16-t16-o4-m08-std/reports/p3_funcsim/simlibs_func/xtlm' (cds.lib command ignored).
DEFINE xscl  /tmp/fastconv-p3f-d0282f55/rtl/conv2x2/fpga_zcu104/conv-i16-h16-t16-o4-m08-std/reports/p3_funcsim/simlibs_func/xscl
|
xmsdfc: *W,DLCPTH (/home/tarsio.onofrio/cds.lib,8): cds.lib Invalid path '/tmp/fastconv-p3f-d0282f55/rtl/conv2x2/fpga_zcu104/conv-i16-h16-t16-o4-m08-std/reports/p3_funcsim/simlibs_func/xscl' (cds.lib command ignored).
DEFINE emu_perf_common_v1_0  /tmp/fastconv-p3f-d0282f55/rtl/conv2x2/fpga_zcu104/conv-i16-h16-t16-o4-m08-std/reports/p3_funcsim/simlibs_func/emu_perf_common_v1_0
|
xmsdfc: *W,DLCPTH (/home/tarsio.onofrio/cds.lib,9): cds.lib Invalid path '/tmp/fastconv-p3f-d0282f55/rtl/conv2x2/fpga_zcu104/conv-i16-h16-t16-o4-m08-std/reports/p3_funcsim/simlibs_func/emu_perf_common_v1_0' (cds.lib command ignored).
DEFINE axi_tlm_ext_v1_0  /tmp/fastconv-p3f-d0282f55/rtl/conv2x2/fpga_zcu104/conv-i16-h16-t16-o4-m08-std/reports/p3_funcsim/simlibs_func/axi_tlm_ext_v1_0
|
xmsdfc: *W,DLCPTH (/home/tarsio.onofrio/cds.lib,10): cds.lib Invalid path '/tmp/fastconv-p3f-d0282f55/rtl/conv2x2/fpga_zcu104/conv-i16-h16-t16-o4-m08-std/reports/p3_funcsim/simlibs_func/axi_tlm_ext_v1_0' (cds.lib command ignored).
DEFINE axi_tg_sc_v1_0  /tmp/fastconv-p3f-d0282f55/rtl/conv2x2/fpga_zcu104/conv-i16-h16-t16-o4-m08-std/reports/p3_funcsim/simlibs_func/axi_tg_sc_v1_0
|
xmsdfc: *W,DLCPTH (/home/tarsio.onofrio/cds.lib,11): cds.lib Invalid path '/tmp/fastconv-p3f-d0282f55/rtl/conv2x2/fpga_zcu104/conv-i16-h16-t16-o4-m08-std/reports/p3_funcsim/simlibs_func/axi_tg_sc_v1_0' (cds.lib command ignored).
DEFINE secureip  /sim/tarsio/reports-conv3x3-ifn9-explore-149bd5be/simlibs_unisim/secureip
|
xmsdfc: *W,DLCPTH (/home/tarsio.onofrio/cds.lib,12): cds.lib Invalid path '/sim/tarsio/reports-conv3x3-ifn9-explore-149bd5be/simlibs_unisim/secureip' (cds.lib command ignored).
DEFINE unisims_ver  /sim/tarsio/reports-conv3x3-ifn9-explore-149bd5be/simlibs_unisim/unisims_ver
|
xmsdfc: *W,DLCPTH (/home/tarsio.onofrio/cds.lib,13): cds.lib Invalid path '/sim/tarsio/reports-conv3x3-ifn9-explore-149bd5be/simlibs_unisim/unisims_ver' (cds.lib command ignored).
DEFINE unimacro_ver  /sim/tarsio/reports-conv3x3-ifn9-explore-149bd5be/simlibs_unisim/unimacro_ver
|
xmsdfc: *W,DLCPTH (/home/tarsio.onofrio/cds.lib,14): cds.lib Invalid path '/sim/tarsio/reports-conv3x3-ifn9-explore-149bd5be/simlibs_unisim/unimacro_ver' (cds.lib command ignored).
DEFINE unifast_ver  /sim/tarsio/reports-conv3x3-ifn9-explore-149bd5be/simlibs_unisim/unifast_ver
|
xmsdfc: *W,DLCPTH (/home/tarsio.onofrio/cds.lib,15): cds.lib Invalid path '/sim/tarsio/reports-conv3x3-ifn9-explore-149bd5be/simlibs_unisim/unifast_ver' (cds.lib command ignored).
	Reading SDF file from location "../logical/results/gate_level/Conv_analysis_view_0p90v_25c_captyp_nominal.sdf"
xmelab: *W,FLFNOF: No SDF file specified, but annotation parameters were present, in SDF annotation command file sdf_cmd.cmd, line 6.
    .p_input_addr(p_input_addr),
                             |
xmelab: *W,CUVMPW (/sim/tarsio/tmp/fastconv-clockfix-1e3f74fa/rtl/conv2x2/testbench.sv,115|29): port sizes differ in port connection(12/16) for the instance(tb) .
    .p_output_addr(p_output_addr),
                               |
xmelab: *W,CUVMPW (/sim/tarsio/tmp/fastconv-clockfix-1e3f74fa/rtl/conv2x2/testbench.sv,120|31): port sizes differ in port connection(12/16) for the instance(tb) .
	Annotating SDF timing data:
		Compiled SDF file:     Conv_analysis_view_0p90v_25c_captyp_nominal.sdf.X
		Log file:              ./sdf_log.log
		Backannotation scope:  tb.dut
		Configuration file:    
		MTM control:           
		Scale factors:         
		Scale type:            
xmelab: *W,SDFNET: Unable to annotate to non-existent timing check (RECREM (posedge CDN) (COND D_SDFCHK (posedge CP)) (24) (72)) of instance tb.dut.\r_conv_multiply_count_reg[1]  of module DFCNQD1BWP30P140 <../logical/results/gate_level/Conv_analysis_view_0p90v_25c_captyp_nominal.sdf, line 152926>.
xmelab: *W,SDFNET: Unable to annotate to non-existent timing check (RECREM (posedge CDN) (COND D_SDFCHK (posedge CP)) (24) (72)) of instance tb.dut.\r_input_addr_count_reg[0]  of module DFCNQD1BWP30P140 <../logical/results/gate_level/Conv_analysis_view_0p90v_25c_captyp_nominal.sdf, line 152947>.
xmelab: *W,SDFNET: Unable to annotate to non-existent timing check (RECREM (posedge CDN) (COND D_SDFCHK (posedge CP)) (24) (72)) of instance tb.dut.\r_input_addr_count_reg[1]  of module DFCNQD1BWP30P140 <../logical/results/gate_level/Conv_analysis_view_0p90v_25c_captyp_nominal.sdf, line 152968>.
xmelab: *W,SDFNET: Unable to annotate to non-existent timing check (RECREM (posedge CDN) (COND D_SDFCHK (posedge CP)) (24) (72)) of instance tb.dut.\r_input_addr_feat_reg[1]  of module DFCNQD1BWP30P140 <../logical/results/gate_level/Conv_analysis_view_0p90v_25c_captyp_nominal.sdf, line 152989>.
xmelab: *W,SDFNET: Unable to annotate to non-existent timing check (RECREM (posedge CDN) (COND D_SDFCHK (posedge CP)) (24) (72)) of instance tb.dut.\r_input_addr_feat_reg[2]  of module DFCNQD1BWP30P140 <../logical/results/gate_level/Conv_analysis_view_0p90v_25c_captyp_nominal.sdf, line 153010>.
xmelab: *W,SDFNET: Unable to annotate to non-existent timing check (RECREM (posedge CDN) (COND D_SDFCHK (posedge CP)) (24) (72)) of instance tb.dut.\r_input_addr_feat_reg[3]  of module DFCNQD1BWP30P140 <../logical/results/gate_level/Conv_analysis_view_0p90v_25c_captyp_nominal.sdf, line 153031>.
xmelab: *W,SDFNET: Unable to annotate to non-existent timing check (RECREM (posedge CDN) (COND D_SDFCHK (posedge CP)) (24) (72)) of instance tb.dut.\r_input_addr_feat_reg[4]  of module DFCNQD1BWP30P140 <../logical/results/gate_level/Conv_analysis_view_0p90v_25c_captyp_nominal.sdf, line 153052>.
xmelab: *W,SDFNET: Unable to annotate to non-existent timing check (RECREM (posedge CDN) (COND D_SDFCHK (posedge CP)) (24) (72)) of instance tb.dut.\r_input_addr_feat_reg[5]  of module DFCNQD1BWP30P140 <../logical/results/gate_level/Conv_analysis_view_0p90v_25c_captyp_nominal.sdf, line 153073>.
xmelab: *W,SDFNET: Unable to annotate to non-existent timing check (RECREM (posedge CDN) (COND D_SDFCHK (posedge CP)) (24) (72)) of instance tb.dut.\r_input_addr_feat_reg[6]  of module DFCNQD1BWP30P140 <../logical/results/gate_level/Conv_analysis_view_0p90v_25c_captyp_nominal.sdf, line 153094>.
xmelab: *W,SDFNET: Unable to annotate to non-existent timing check (RECREM (posedge CDN) (COND D_SDFCHK (posedge CP)) (24) (72)) of instance tb.dut.\r_input_addr_feat_reg[7]  of module DFCNQD1BWP30P140 <../logical/results/gate_level/Conv_analysis_view_0p90v_25c_captyp_nominal.sdf, line 153115>.
xmelab: *W,SDFNET: Unable to annotate to non-existent timing check (RECREM (posedge CDN) (COND D_SDFCHK (posedge CP)) (24) (72)) of instance tb.dut.\r_input_addr_feat_reg[8]  of module DFCNQD1BWP30P140 <../logical/results/gate_level/Conv_analysis_view_0p90v_25c_captyp_nominal.sdf, line 153136>.
xmelab: *W,SDFNET: Unable to annotate to non-existent timing check (RECREM (posedge CDN) (COND D_SDFCHK (posedge CP)) (24) (72)) of instance tb.dut.\r_input_addr_feat_reg[9]  of module DFCNQD1BWP30P140 <../logical/results/gate_level/Conv_analysis_view_0p90v_25c_captyp_nominal.sdf, line 153157>.
xmelab: *W,SDFNET: Unable to annotate to non-existent timing check (RECREM (posedge CDN) (COND D_SDFCHK (posedge CP)) (24) (72)) of instance tb.dut.\r_input_addr_feat_reg[10]  of module DFCNQD1BWP30P140 <../logical/results/gate_level/Conv_analysis_view_0p90v_25c_captyp_nominal.sdf, line 153178>.
xmelab: *W,SDFNET: Unable to annotate to non-existent timing check (RECREM (posedge CDN) (COND D_SDFCHK (posedge CP)) (24) (72)) of instance tb.dut.\r_input_addr_feat_reg[11]  of module DFCNQD1BWP30P140 <../logical/results/gate_level/Conv_analysis_view_0p90v_25c_captyp_nominal.sdf, line 153199>.
xmelab: *W,SDFNET: Unable to annotate to non-existent timing check (RECREM (posedge CDN) (COND D_SDFCHK (posedge CP)) (24) (72)) of instance tb.dut.\r_input_addr_feat_reg[12]  of module DFCNQD1BWP30P140 <../logical/results/gate_level/Conv_analysis_view_0p90v_25c_captyp_nominal.sdf, line 153220>.
xmelab: *W,SDFNET: Unable to annotate to non-existent timing check (RECREM (posedge CDN) (COND D_SDFCHK (posedge CP)) (24) (72)) of instance tb.dut.\r_input_addr_feat_reg[13]  of module DFCNQD1BWP30P140 <../logical/results/gate_level/Conv_analysis_view_0p90v_25c_captyp_nominal.sdf, line 153241>.
xmelab: *W,SDFNET: Unable to annotate to non-existent timing check (RECREM (posedge CDN) (COND D_SDFCHK (posedge CP)) (24) (72)) of instance tb.dut.\r_input_addr_feat_reg[14]  of module DFCNQD1BWP30P140 <../logical/results/gate_level/Conv_analysis_view_0p90v_25c_captyp_nominal.sdf, line 153262>.
xmelab: *W,SDFNET: Unable to annotate to non-existent timing check (RECREM (posedge CDN) (COND D_SDFCHK (posedge CP)) (24) (72)) of instance tb.dut.\r_input_addr_feat_reg[15]  of module DFCNQD1BWP30P140 <../logical/results/gate_level/Conv_analysis_view_0p90v_25c_captyp_nominal.sdf, line 153283>.
xmelab: *W,SDFNET: Unable to annotate to non-existent timing check (RECREM (posedge CDN) (COND D_SDFCHK (posedge CP)) (24) (72)) of instance tb.dut.\r_input_addr_kernel_reg[0]  of module DFCNQD1BWP30P140 <../logical/results/gate_level/Conv_analysis_view_0p90v_25c_captyp_nominal.sdf, line 153304>.
xmelab: *W,SDFNET: Unable to annotate to non-existent timing check (RECREM (posedge CDN) (COND D_SDFCHK (posedge CP)) (24) (72)) of instance tb.dut.\r_input_addr_kernel_reg[1]  of module DFCNQD1BWP30P140 <../logical/results/gate_level/Conv_analysis_view_0p90v_25c_captyp_nominal.sdf, line 153325>.
xmelab: *W,SDFNET: Unable to annotate to non-existent timing check (RECREM (posedge CDN) (COND D_SDFCHK (posedge CP)) (24) (72)) of instance tb.dut.\r_input_addr_kernel_reg[2]  of module DFCNQD1BWP30P140 <../logical/results/gate_level/Conv_analysis_view_0p90v_25c_captyp_nominal.sdf, line 153346>.
xmelab: *W,SDFNET: Unable to annotate to non-existent timing check (RECREM (posedge CDN) (COND D_SDFCHK (posedge CP)) (24) (72)) of instance tb.dut.\r_input_addr_kernel_reg[3]  of module DFCNQD1BWP30P140 <../logical/results/gate_level/Conv_analysis_view_0p90v_25c_captyp_nominal.sdf, line 153367>.
xmelab: *W,SDFNET: Unable to annotate to non-existent timing check (RECREM (posedge CDN) (COND D_SDFCHK (posedge CP)) (24) (72)) of instance tb.dut.\r_input_addr_kernel_reg[4]  of module DFCNQD1BWP30P140 <../logical/results/gate_level/Conv_analysis_view_0p90v_25c_captyp_nominal.sdf, line 153388>.
xmelab: *W,SDFNET: Unable to annotate to non-existent timing check (RECREM (posedge CDN) (COND D_SDFCHK (posedge CP)) (24) (72)) of instance tb.dut.\r_input_addr_kernel_reg[5]  of module DFCNQD1BWP30P140 <../logical/results/gate_level/Conv_analysis_view_0p90v_25c_captyp_nominal.sdf, line 153409>.
xmelab: *W,SDFNET: Unable to annotate to non-existent timing check (RECREM (posedge CDN) (COND D_SDFCHK (posedge CP)) (24) (72)) of instance tb.dut.\r_input_addr_kernel_reg[6]  of module DFCNQD1BWP30P140 <../logical/results/gate_level/Conv_analysis_view_0p90v_25c_captyp_nominal.sdf, line 153430>.
xmelab: *W,SDFNET: Unable to annotate to non-existent timing check (RECREM (posedge CDN) (COND D_SDFCHK (posedge CP)) (24) (72)) of instance tb.dut.\r_input_addr_kernel_reg[7]  of module DFCNQD1BWP30P140 <../logical/results/gate_level/Conv_analysis_view_0p90v_25c_captyp_nominal.sdf, line 153451>.
xmelab: *W,SDFNET: Unable to annotate to non-existent timing check (RECREM (posedge CDN) (COND D_SDFCHK (posedge CP)) (24) (72)) of instance tb.dut.\r_input_addr_kernel_reg[8]  of module DFCNQD1BWP30P140 <../logical/results/gate_level/Conv_analysis_view_0p90v_25c_captyp_nominal.sdf, line 153472>.
xmelab: *W,SDFNET: Unable to annotate to non-existent timing check (RECREM (posedge CDN) (COND D_SDFCHK (posedge CP)) (24) (72)) of instance tb.dut.\r_input_addr_kernel_reg[9]  of module DFCNQD1BWP30P140 <../logical/results/gate_level/Conv_analysis_view_0p90v_25c_captyp_nominal.sdf, line 153493>.
xmelab: *W,SDFNET: Unable to annotate to non-existent timing check (RECREM (posedge CDN) (COND D_SDFCHK (posedge CP)) (24) (72)) of instance tb.dut.\r_input_addr_kernel_reg[10]  of module DFCNQD1BWP30P140 <../logical/results/gate_level/Conv_analysis_view_0p90v_25c_captyp_nominal.sdf, line 153514>.
xmelab: *W,SDFNET: Unable to annotate to non-existent timing check (RECREM (posedge CDN) (COND D_SDFCHK (posedge CP)) (24) (72)) of instance tb.dut.\r_input_addr_kernel_reg[11]  of module DFCNQD1BWP30P140 <../logical/results/gate_level/Conv_analysis_view_0p90v_25c_captyp_nominal.sdf, line 153535>.
xmelab: *W,SDFNET: Unable to annotate to non-existent timing check (RECREM (posedge CDN) (COND D_SDFCHK (posedge CP)) (24) (72)) of instance tb.dut.\r_input_addr_kernel_reg[12]  of module DFCNQD1BWP30P140 <../logical/results/gate_level/Conv_analysis_view_0p90v_25c_captyp_nominal.sdf, line 153556>.
xmelab: *W,SDFNET: Unable to annotate to non-existent timing check (RECREM (posedge CDN) (COND D_SDFCHK (posedge CP)) (24) (72)) of instance tb.dut.\r_input_addr_kernel_reg[13]  of module DFCNQD1BWP30P140 <../logical/results/gate_level/Conv_analysis_view_0p90v_25c_captyp_nominal.sdf, line 153577>.
xmelab: *W,SDFNET: Unable to annotate to non-existent timing check (RECREM (posedge CDN) (COND D_SDFCHK (posedge CP)) (24) (72)) of instance tb.dut.\r_input_addr_kernel_reg[14]  of module DFCNQD1BWP30P140 <../logical/results/gate_level/Conv_analysis_view_0p90v_25c_captyp_nominal.sdf, line 153598>.
xmelab: *W,SDFNET: Unable to annotate to non-existent timing check (RECREM (posedge CDN) (COND D_SDFCHK (posedge CP)) (24) (72)) of instance tb.dut.\r_input_addr_kernel_reg[15]  of module DFCNQD1BWP30P140 <../logical/results/gate_level/Conv_analysis_view_0p90v_25c_captyp_nominal.sdf, line 153619>.
xmelab: *W,SDFNET: Unable to annotate to non-existent timing check (RECREM (posedge SDN) (COND D_SE_nSI_SDFCHK (posedge CP)) (34) (5)) of instance tb.dut.\r_input_channel_counter_input_reg[0]  of module SDFSNQD2BWP30P140 <../logical/results/gate_level/Conv_analysis_view_0p90v_25c_captyp_nominal.sdf, line 153654>.
xmelab: *W,SDFNET: Unable to annotate to non-existent timing check (RECREM (posedge SDN) (COND nD_nSE_nSI_SDFCHK (posedge CP)) (34) (5)) of instance tb.dut.\r_input_channel_counter_input_reg[0]  of module SDFSNQD2BWP30P140 <../logical/results/gate_level/Conv_analysis_view_0p90v_25c_captyp_nominal.sdf, line 153655>.
xmelab: *W,SDFNET: Unable to annotate to non-existent timing check (RECREM (posedge SDN) (COND nD_SE_nSI_SDFCHK (posedge CP)) (34) (5)) of instance tb.dut.\r_input_channel_counter_input_reg[0]  of module SDFSNQD2BWP30P140 <../logical/results/gate_level/Conv_analysis_view_0p90v_25c_captyp_nominal.sdf, line 153656>.
xmelab: *W,SDFNET: Unable to annotate to non-existent timing check (RECREM (posedge SDN) (COND nD_nSE_SI_SDFCHK (posedge CP)) (34) (5)) of instance tb.dut.\r_input_channel_counter_input_reg[0]  of module SDFSNQD2BWP30P140 <../logical/results/gate_level/Conv_analysis_view_0p90v_25c_captyp_nominal.sdf, line 153657>.
xmelab: *W,SDFNET: Unable to annotate to non-existent timing check (RECREM (posedge SDN) (COND D_SE_nSI_SDFCHK (posedge CP)) (34) (5)) of instance tb.dut.\r_input_channel_counter_input_reg[1]  of module SDFSNQD2BWP30P140 <../logical/results/gate_level/Conv_analysis_view_0p90v_25c_captyp_nominal.sdf, line 153702>.
xmelab: *W,SDFNET: Unable to annotate to non-existent timing check (RECREM (posedge SDN) (COND nD_nSE_nSI_SDFCHK (posedge CP)) (34) (5)) of instance tb.dut.\r_input_channel_counter_input_reg[1]  of module SDFSNQD2BWP30P140 <../logical/results/gate_level/Conv_analysis_view_0p90v_25c_captyp_nominal.sdf, line 153703>.
xmelab: *W,SDFNET: Unable to annotate to non-existent timing check (RECREM (posedge SDN) (COND nD_SE_nSI_SDFCHK (posedge CP)) (34) (5)) of instance tb.dut.\r_input_channel_counter_input_reg[1]  of module SDFSNQD2BWP30P140 <../logical/results/gate_level/Conv_analysis_view_0p90v_25c_captyp_nominal.sdf, line 153704>.
xmelab: *W,SDFNET: Unable to annotate to non-existent timing check (RECREM (posedge SDN) (COND nD_nSE_SI_SDFCHK (posedge CP)) (34) (5)) of instance tb.dut.\r_input_channel_counter_input_reg[1]  of module SDFSNQD2BWP30P140 <../logical/results/gate_level/Conv_analysis_view_0p90v_25c_captyp_nominal.sdf, line 153705>.
xmelab: *W,SDFNET: Unable to annotate to non-existent timing check (RECREM (posedge CDN) (COND D_E_SDFCHK (posedge CP)) (30) (60)) of instance tb.dut.\r_input_channel_counter_output_reg[1]  of module EDFCNQD1BWP30P140 <../logical/results/gate_level/Conv_analysis_view_0p90v_25c_captyp_nominal.sdf, line 153741>.
xmelab: *W,SDFNET: Unable to annotate to non-existent timing check (RECREM (posedge CDN) (COND D_SDFCHK (posedge CP)) (24) (72)) of instance tb.dut.\r_input_count_kernel_reg[1]  of module DFCNQD1BWP30P140 <../logical/results/gate_level/Conv_analysis_view_0p90v_25c_captyp_nominal.sdf, line 153766>.
xmelab: *W,SDFNET: Unable to annotate to non-existent timing check (RECREM (posedge CDN) (COND D_SDFCHK (posedge CP)) (24) (72)) of instance tb.dut.\r_input_count_kernel_reg[2]  of module DFCNQD1BWP30P140 <../logical/results/gate_level/Conv_analysis_view_0p90v_25c_captyp_nominal.sdf, line 153787>.
xmelab: *W,SDFNET: Unable to annotate to non-existent timing check (RECREM (posedge CDN) (COND D_SDFCHK (posedge CP)) (24) (72)) of instance tb.dut.\r_input_count_kernel_reg[4]  of module DFCNQD1BWP30P140 <../logical/results/gate_level/Conv_analysis_view_0p90v_25c_captyp_nominal.sdf, line 153808>.
xmelab: *W,SDFNET: Unable to annotate to non-existent timing check (RECREM (posedge CDN) (COND D_SDFCHK (posedge CP)) (24) (72)) of instance tb.dut.\r_input_weight_reg[0][0]  of module DFCNQD1BWP30P140 <../logical/results/gate_level/Conv_analysis_view_0p90v_25c_captyp_nominal.sdf, line 153829>.
xmelab: *W,SDFNET: Unable to annotate to non-existent timing check (RECREM (posedge CDN) (COND D_SDFCHK (posedge CP)) (24) (72)) of instance tb.dut.\r_input_weight_reg[0][1]  of module DFCNQD1BWP30P140 <../logical/results/gate_level/Conv_analysis_view_0p90v_25c_captyp_nominal.sdf, line 153850>.
xmelab: *W,SDFNET: Unable to annotate to non-existent timing check (RECREM (posedge CDN) (COND D_SDFCHK (posedge CP)) (24) (72)) of instance tb.dut.\r_input_weight_reg[0][2]  of module DFCNQD1BWP30P140 <../logical/results/gate_level/Conv_analysis_view_0p90v_25c_captyp_nominal.sdf, line 153871>.
xmelab: *W,SDFNET: Unable to annotate to non-existent timing check (RECREM (posedge CDN) (COND D_SDFCHK (posedge CP)) (13) (72)) of instance tb.dut.\r_input_weight_reg[0][3]  of module DFCNQD2BWP30P140 <../logical/results/gate_level/Conv_analysis_view_0p90v_25c_captyp_nominal.sdf, line 153892>.
xmelab: *W,SDFNET: Unable to annotate to non-existent timing check (RECREM (posedge CDN) (COND D_SDFCHK (posedge CP)) (24) (72)) of instance tb.dut.\r_input_weight_reg[0][4]  of module DFCNQD1BWP30P140 <../logical/results/gate_level/Conv_analysis_view_0p90v_25c_captyp_nominal.sdf, line 153913>.
xmelab: *W,SDFNET: Unable to annotate to non-existent timing check (RECREM (posedge CDN) (COND D_SDFCHK (posedge CP)) (24) (72)) of instance tb.dut.\r_input_weight_reg[0][5]  of module DFCNQD1BWP30P140 <../logical/results/gate_level/Conv_analysis_view_0p90v_25c_captyp_nominal.sdf, line 153934>.
xmelab: *W,SDFNET: Unable to annotate to non-existent timing check (RECREM (posedge CDN) (COND D_SDFCHK (posedge CP)) (24) (72)) of instance tb.dut.\r_input_weight_reg[0][6]  of module DFCNQD1BWP30P140 <../logical/results/gate_level/Conv_analysis_view_0p90v_25c_captyp_nominal.sdf, line 153955>.
xmelab: *W,SDFNET: Unable to annotate to non-existent timing check (RECREM (posedge CDN) (COND D_SDFCHK (posedge CP)) (13) (72)) of instance tb.dut.\r_input_weight_reg[0][7]  of module DFCNQD2BWP30P140 <../logical/results/gate_level/Conv_analysis_view_0p90v_25c_captyp_nominal.sdf, line 153976>.
xmelab: *W,SDFNET: Unable to annotate to non-existent timing check (RECREM (posedge CDN) (COND D_SDFCHK (posedge CP)) (24) (72)) of instance tb.dut.\r_input_weight_reg[0][8]  of module DFCNQD1BWP30P140 <../logical/results/gate_level/Conv_analysis_view_0p90v_25c_captyp_nominal.sdf, line 153997>.
xmelab: *W,SDFNET: Unable to annotate to non-existent timing check (RECREM (posedge CDN) (COND D_SDFCHK (posedge CP)) (24) (72)) of instance tb.dut.\r_input_weight_reg[0][9]  of module DFCNQD1BWP30P140 <../logical/results/gate_level/Conv_analysis_view_0p90v_25c_captyp_nominal.sdf, line 154018>.
xmelab: *W,SDFNET: Unable to annotate to non-existent timing check (RECREM (posedge CDN) (COND D_SDFCHK (posedge CP)) (24) (72)) of instance tb.dut.\r_input_weight_reg[0][10]  of module DFCNQD1BWP30P140 <../logical/results/gate_level/Conv_analysis_view_0p90v_25c_captyp_nominal.sdf, line 154039>.
xmelab: *W,SDFNET: Unable to annotate to non-existent timing check (RECREM (posedge CDN) (COND D_SDFCHK (posedge CP)) (24) (72)) of instance tb.dut.\r_input_weight_reg[0][11]  of module DFCNQD1BWP30P140 <../logical/results/gate_level/Conv_analysis_view_0p90v_25c_captyp_nominal.sdf, line 154060>.
xmelab: *W,SDFNET: Unable to annotate to non-existent timing check (RECREM (posedge CDN) (COND D_SDFCHK (posedge CP)) (24) (72)) of instance tb.dut.\r_input_weight_reg[0][12]  of module DFCNQD1BWP30P140 <../logical/results/gate_level/Conv_analysis_view_0p90v_25c_captyp_nominal.sdf, line 154081>.
xmelab: *W,SDFNET: Unable to annotate to non-existent timing check (RECREM (posedge CDN) (COND D_SDFCHK (posedge CP)) (24) (72)) of instance tb.dut.\r_input_weight_reg[0][13]  of module DFCNQD1BWP30P140 <../logical/results/gate_level/Conv_analysis_view_0p90v_25c_captyp_nominal.sdf, line 154102>.
xmelab: *W,SDFNET: Unable to annotate to non-existent timing check (RECREM (posedge CDN) (COND D_SDFCHK (posedge CP)) (24) (72)) of instance tb.dut.\r_input_weight_reg[0][14]  of module DFCNQD1BWP30P140 <../logical/results/gate_level/Conv_analysis_view_0p90v_25c_captyp_nominal.sdf, line 154123>.
xmelab: *W,SDFNET: Unable to annotate to non-existent timing check (RECREM (posedge CDN) (COND D_SDFCHK (posedge CP)) (24) (72)) of instance tb.dut.\r_input_weight_reg[0][15]  of module DFCNQD1BWP30P140 <../logical/results/gate_level/Conv_analysis_view_0p90v_25c_captyp_nominal.sdf, line 154144>.
xmelab: *W,SDFNET: Unable to annotate to non-existent timing check (RECREM (posedge CDN) (COND D_SDFCHK (posedge CP)) (24) (72)) of instance tb.dut.\r_input_weight_reg[0][16]  of module DFCNQD1BWP30P140 <../logical/results/gate_level/Conv_analysis_view_0p90v_25c_captyp_nominal.sdf, line 154165>.
xmelab: *W,SDFNET: Unable to annotate to non-existent timing check (RECREM (posedge CDN) (COND D_SDFCHK (posedge CP)) (24) (72)) of instance tb.dut.\r_input_weight_reg[0][17]  of module DFCNQD1BWP30P140 <../logical/results/gate_level/Conv_analysis_view_0p90v_25c_captyp_nominal.sdf, line 154186>.
xmelab: *W,SDFNET: Unable to annotate to non-existent timing check (RECREM (posedge CDN) (COND D_SDFCHK (posedge CP)) (24) (72)) of instance tb.dut.\r_input_weight_reg[0][18]  of module DFCNQD1BWP30P140 <../logical/results/gate_level/Conv_analysis_view_0p90v_25c_captyp_nominal.sdf, line 154207>.
xmelab: *W,SDFNET: Unable to annotate to non-existent timing check (RECREM (posedge CDN) (COND D_SDFCHK (posedge CP)) (24) (72)) of instance tb.dut.\r_input_weight_reg[0][19]  of module DFCNQD1BWP30P140 <../logical/results/gate_level/Conv_analysis_view_0p90v_25c_captyp_nominal.sdf, line 154228>.
xmelab: *W,SDFNET: Unable to annotate to non-existent timing check (RECREM (posedge CDN) (COND D_SDFCHK (posedge CP)) (24) (72)) of instance tb.dut.\r_input_weight_reg[1][0]  of module DFCNQD1BWP30P140 <../logical/results/gate_level/Conv_analysis_view_0p90v_25c_captyp_nominal.sdf, line 154249>.
xmelab: *W,SDFNET: Unable to annotate to non-existent timing check (RECREM (posedge CDN) (COND D_SDFCHK (posedge CP)) (24) (72)) of instance tb.dut.\r_input_weight_reg[1][1]  of module DFCNQD1BWP30P140 <../logical/results/gate_level/Conv_analysis_view_0p90v_25c_captyp_nominal.sdf, line 154270>.
xmelab: *W,SDFNET: Unable to annotate to non-existent timing check (RECREM (posedge CDN) (COND D_SDFCHK (posedge CP)) (24) (72)) of instance tb.dut.\r_input_weight_reg[1][2]  of module DFCNQD1BWP30P140 <../logical/results/gate_level/Conv_analysis_view_0p90v_25c_captyp_nominal.sdf, line 154291>.
xmelab: *W,SDFNET: Unable to annotate to non-existent timing check (RECREM (posedge CDN) (COND D_SDFCHK (posedge CP)) (13) (72)) of instance tb.dut.\r_input_weight_reg[1][3]  of module DFCNQD2BWP30P140 <../logical/results/gate_level/Conv_analysis_view_0p90v_25c_captyp_nominal.sdf, line 154312>.
xmelab: *W,SDFNET: Unable to annotate to non-existent timing check (RECREM (posedge CDN) (COND D_SDFCHK (posedge CP)) (24) (72)) of instance tb.dut.\r_input_weight_reg[1][4]  of module DFCNQD1BWP30P140 <../logical/results/gate_level/Conv_analysis_view_0p90v_25c_captyp_nominal.sdf, line 154333>.
xmelab: *W,SDFNET: Unable to annotate to non-existent timing check (RECREM (posedge CDN) (COND D_SDFCHK (posedge CP)) (24) (72)) of instance tb.dut.\r_input_weight_reg[1][5]  of module DFCNQD1BWP30P140 <../logical/results/gate_level/Conv_analysis_view_0p90v_25c_captyp_nominal.sdf, line 154354>.
xmelab: *W,SDFNET: Unable to annotate to non-existent timing check (RECREM (posedge CDN) (COND D_SDFCHK (posedge CP)) (24) (72)) of instance tb.dut.\r_input_weight_reg[1][6]  of module DFCNQD1BWP30P140 <../logical/results/gate_level/Conv_analysis_view_0p90v_25c_captyp_nominal.sdf, line 154375>.
xmelab: *W,SDFNET: Unable to annotate to non-existent timing check (RECREM (posedge CDN) (COND D_SDFCHK (posedge CP)) (24) (72)) of instance tb.dut.\r_input_weight_reg[1][7]  of module DFCNQD1BWP30P140 <../logical/results/gate_level/Conv_analysis_view_0p90v_25c_captyp_nominal.sdf, line 154396>.
xmelab: *W,SDFNET: Unable to annotate to non-existent timing check (RECREM (posedge CDN) (COND D_SDFCHK (posedge CP)) (24) (72)) of instance tb.dut.\r_input_weight_reg[1][8]  of module DFCNQD1BWP30P140 <../logical/results/gate_level/Conv_analysis_view_0p90v_25c_captyp_nominal.sdf, line 154417>.
xmelab: *W,SDFNET: Unable to annotate to non-existent timing check (RECREM (posedge CDN) (COND D_SDFCHK (posedge CP)) (24) (72)) of instance tb.dut.\r_input_weight_reg[1][9]  of module DFCNQD1BWP30P140 <../logical/results/gate_level/Conv_analysis_view_0p90v_25c_captyp_nominal.sdf, line 154438>.
xmelab: *W,SDFNET: Unable to annotate to non-existent timing check (RECREM (posedge CDN) (COND D_SDFCHK (posedge CP)) (24) (72)) of instance tb.dut.\r_input_weight_reg[1][10]  of module DFCNQD1BWP30P140 <../logical/results/gate_level/Conv_analysis_view_0p90v_25c_captyp_nominal.sdf, line 154459>.
xmelab: *W,SDFNET: Unable to annotate to non-existent timing check (RECREM (posedge CDN) (COND D_SDFCHK (posedge CP)) (24) (72)) of instance tb.dut.\r_input_weight_reg[1][11]  of module DFCNQD1BWP30P140 <../logical/results/gate_level/Conv_analysis_view_0p90v_25c_captyp_nominal.sdf, line 154480>.
xmelab: *W,SDFNET: Unable to annotate to non-existent timing check (RECREM (posedge CDN) (COND D_SDFCHK (posedge CP)) (24) (72)) of instance tb.dut.\r_input_weight_reg[1][12]  of module DFCNQD1BWP30P140 <../logical/results/gate_level/Conv_analysis_view_0p90v_25c_captyp_nominal.sdf, line 154501>.
xmelab: *W,SDFNET: Unable to annotate to non-existent timing check (RECREM (posedge CDN) (COND D_SDFCHK (posedge CP)) (24) (72)) of instance tb.dut.\r_input_weight_reg[1][13]  of module DFCNQD1BWP30P140 <../logical/results/gate_level/Conv_analysis_view_0p90v_25c_captyp_nominal.sdf, line 154522>.
xmelab: *W,SDFNET: Unable to annotate to non-existent timing check (RECREM (posedge CDN) (COND D_SDFCHK (posedge CP)) (24) (72)) of instance tb.dut.\r_input_weight_reg[1][14]  of module DFCNQD1BWP30P140 <../logical/results/gate_level/Conv_analysis_view_0p90v_25c_captyp_nominal.sdf, line 154543>.
xmelab: *W,SDFNET: Unable to annotate to non-existent timing check (RECREM (posedge CDN) (COND D_SDFCHK (posedge CP)) (24) (72)) of instance tb.dut.\r_input_weight_reg[1][15]  of module DFCNQD1BWP30P140 <../logical/results/gate_level/Conv_analysis_view_0p90v_25c_captyp_nominal.sdf, line 154564>.
xmelab: *W,SDFNET: Unable to annotate to non-existent timing check (RECREM (posedge CDN) (COND D_SDFCHK (posedge CP)) (24) (72)) of instance tb.dut.\r_input_weight_reg[1][16]  of module DFCNQD1BWP30P140 <../logical/results/gate_level/Conv_analysis_view_0p90v_25c_captyp_nominal.sdf, line 154585>.
xmelab: *W,SDFNET: Unable to annotate to non-existent timing check (RECREM (posedge CDN) (COND D_SDFCHK (posedge CP)) (24) (72)) of instance tb.dut.\r_input_weight_reg[1][17]  of module DFCNQD1BWP30P140 <../logical/results/gate_level/Conv_analysis_view_0p90v_25c_captyp_nominal.sdf, line 154606>.
xmelab: *W,SDFNET: Unable to annotate to non-existent timing check (RECREM (posedge CDN) (COND D_SDFCHK (posedge CP)) (24) (72)) of instance tb.dut.\r_input_weight_reg[1][18]  of module DFCNQD1BWP30P140 <../logical/results/gate_level/Conv_analysis_view_0p90v_25c_captyp_nominal.sdf, line 154627>.
xmelab: *W,SDFNET: Unable to annotate to non-existent timing check (RECREM (posedge CDN) (COND D_SDFCHK (posedge CP)) (24) (72)) of instance tb.dut.\r_input_weight_reg[1][19]  of module DFCNQD1BWP30P140 <../logical/results/gate_level/Conv_analysis_view_0p90v_25c_captyp_nominal.sdf, line 154648>.
xmelab: *W,SDFNET: Unable to annotate to non-existent timing check (RECREM (posedge CDN) (COND D_SDFCHK (posedge CP)) (24) (72)) of instance tb.dut.\r_input_weight_reg[2][0]  of module DFCNQD1BWP30P140 <../logical/results/gate_level/Conv_analysis_view_0p90v_25c_captyp_nominal.sdf, line 154669>.
xmelab: *W,SDFNET: Unable to annotate to non-existent timing check (RECREM (posedge CDN) (COND D_SDFCHK (posedge CP)) (24) (72)) of instance tb.dut.\r_input_weight_reg[2][1]  of module DFCNQD1BWP30P140 <../logical/results/gate_level/Conv_analysis_view_0p90v_25c_captyp_nominal.sdf, line 154690>.
xmelab: *W,SDFNET: Unable to annotate to non-existent timing check (RECREM (posedge CDN) (COND D_SDFCHK (posedge CP)) (24) (72)) of instance tb.dut.\r_input_weight_reg[2][2]  of module DFCNQD1BWP30P140 <../logical/results/gate_level/Conv_analysis_view_0p90v_25c_captyp_nominal.sdf, line 154711>.
xmelab: *W,SDFNET: Unable to annotate to non-existent timing check (RECREM (posedge CDN) (COND D_SDFCHK (posedge CP)) (24) (72)) of instance tb.dut.\r_input_weight_reg[2][3]  of module DFCNQD1BWP30P140 <../logical/results/gate_level/Conv_analysis_view_0p90v_25c_captyp_nominal.sdf, line 154732>.
xmelab: *W,SDFNET: Unable to annotate to non-existent timing check (RECREM (posedge CDN) (COND D_SDFCHK (posedge CP)) (24) (72)) of instance tb.dut.\r_input_weight_reg[2][4]  of module DFCNQD1BWP30P140 <../logical/results/gate_level/Conv_analysis_view_0p90v_25c_captyp_nominal.sdf, line 154753>.
xmelab: *W,SDFNET: Unable to annotate to non-existent timing check (RECREM (posedge CDN) (COND D_SDFCHK (posedge CP)) (24) (72)) of instance tb.dut.\r_input_weight_reg[2][5]  of module DFCNQD1BWP30P140 <../logical/results/gate_level/Conv_analysis_view_0p90v_25c_captyp_nominal.sdf, line 154774>.
xmelab: *W,SDFNET: Unable to annotate to non-existent timing check (RECREM (posedge CDN) (COND D_SDFCHK (posedge CP)) (24) (72)) of instance tb.dut.\r_input_weight_reg[2][6]  of module DFCNQD1BWP30P140 <../logical/results/gate_level/Conv_analysis_view_0p90v_25c_captyp_nominal.sdf, line 154795>.
xmelab: *W,SDFNET: Unable to annotate to non-existent timing check (RECREM (posedge CDN) (COND D_SDFCHK (posedge CP)) (24) (72)) of instance tb.dut.\r_input_weight_reg[2][7]  of module DFCNQD1BWP30P140 <../logical/results/gate_level/Conv_analysis_view_0p90v_25c_captyp_nominal.sdf, line 154816>.
xmelab: *W,SDFNET: Unable to annotate to non-existent timing check (RECREM (posedge CDN) (COND D_SDFCHK (posedge CP)) (24) (72)) of instance tb.dut.\r_input_weight_reg[2][8]  of module DFCNQD1BWP30P140 <../logical/results/gate_level/Conv_analysis_view_0p90v_25c_captyp_nominal.sdf, line 154837>.
xmelab: *W,SDFNET: Unable to annotate to non-existent timing check (RECREM (posedge CDN) (COND D_SDFCHK (posedge CP)) (24) (72)) of instance tb.dut.\r_input_weight_reg[2][9]  of module DFCNQD1BWP30P140 <../logical/results/gate_level/Conv_analysis_view_0p90v_25c_captyp_nominal.sdf, line 154858>.
xmelab: *W,SDFNET: Unable to annotate to non-existent timing check (RECREM (posedge CDN) (COND D_SDFCHK (posedge CP)) (24) (72)) of instance tb.dut.\r_input_weight_reg[2][10]  of module DFCNQD1BWP30P140 <../logical/results/gate_level/Conv_analysis_view_0p90v_25c_captyp_nominal.sdf, line 154879>.
xmelab: *W,SDFNET: Unable to annotate to non-existent timing check (RECREM (posedge CDN) (COND D_SDFCHK (posedge CP)) (24) (72)) of instance tb.dut.\r_input_weight_reg[2][11]  of module DFCNQD1BWP30P140 <../logical/results/gate_level/Conv_analysis_view_0p90v_25c_captyp_nominal.sdf, line 154900>.
xmelab: *W,SDFNET: Unable to annotate to non-existent timing check (RECREM (posedge CDN) (COND D_SDFCHK (posedge CP)) (24) (72)) of instance tb.dut.\r_input_weight_reg[2][12]  of module DFCNQD1BWP30P140 <../logical/results/gate_level/Conv_analysis_view_0p90v_25c_captyp_nominal.sdf, line 154921>.
xmelab: *W,SDFNET: Unable to annotate to non-existent timing check (RECREM (posedge CDN) (COND D_SDFCHK (posedge CP)) (24) (72)) of instance tb.dut.\r_input_weight_reg[2][13]  of module DFCNQD1BWP30P140 <../logical/results/gate_level/Conv_analysis_view_0p90v_25c_captyp_nominal.sdf, line 154942>.
xmelab: *W,SDFNET: Unable to annotate to non-existent timing check (RECREM (posedge CDN) (COND D_SDFCHK (posedge CP)) (24) (72)) of instance tb.dut.\r_input_weight_reg[2][14]  of module DFCNQD1BWP30P140 <../logical/results/gate_level/Conv_analysis_view_0p90v_25c_captyp_nominal.sdf, line 154963>.
xmelab: *W,SDFNET: Unable to annotate to non-existent timing check (RECREM (posedge CDN) (COND D_SDFCHK (posedge CP)) (24) (72)) of instance tb.dut.\r_input_weight_reg[2][15]  of module DFCNQD1BWP30P140 <../logical/results/gate_level/Conv_analysis_view_0p90v_25c_captyp_nominal.sdf, line 154984>.
xmelab: *W,SDFNET: Unable to annotate to non-existent timing check (RECREM (posedge CDN) (COND D_SDFCHK (posedge CP)) (24) (72)) of instance tb.dut.\r_input_weight_reg[2][16]  of module DFCNQD1BWP30P140 <../logical/results/gate_level/Conv_analysis_view_0p90v_25c_captyp_nominal.sdf, line 155005>.
xmelab: *W,SDFNET: Unable to annotate to non-existent timing check (RECREM (posedge CDN) (COND D_SDFCHK (posedge CP)) (24) (72)) of instance tb.dut.\r_input_weight_reg[2][17]  of module DFCNQD1BWP30P140 <../logical/results/gate_level/Conv_analysis_view_0p90v_25c_captyp_nominal.sdf, line 155026>.
xmelab: *W,SDFNET: Unable to annotate to non-existent timing check (RECREM (posedge CDN) (COND D_SDFCHK (posedge CP)) (24) (72)) of instance tb.dut.\r_input_weight_reg[2][18]  of module DFCNQD1BWP30P140 <../logical/results/gate_level/Conv_analysis_view_0p90v_25c_captyp_nominal.sdf, line 155047>.
xmelab: *W,SDFNET: Unable to annotate to non-existent timing check (RECREM (posedge CDN) (COND D_SDFCHK (posedge CP)) (24) (72)) of instance tb.dut.\r_input_weight_reg[2][19]  of module DFCNQD1BWP30P140 <../logical/results/gate_level/Conv_analysis_view_0p90v_25c_captyp_nominal.sdf, line 155068>.
xmelab: *W,SDFNET: Unable to annotate to non-existent timing check (RECREM (posedge CDN) (COND D_SDFCHK (posedge CP)) (24) (72)) of instance tb.dut.\r_input_weight_reg[3][0]  of module DFCNQD1BWP30P140 <../logical/results/gate_level/Conv_analysis_view_0p90v_25c_captyp_nominal.sdf, line 155089>.
xmelab: *W,SDFNET: Unable to annotate to non-existent timing check (RECREM (posedge CDN) (COND D_SDFCHK (posedge CP)) (24) (72)) of instance tb.dut.\r_input_weight_reg[3][1]  of module DFCNQD1BWP30P140 <../logical/results/gate_level/Conv_analysis_view_0p90v_25c_captyp_nominal.sdf, line 155110>.
xmelab: *W,SDFNET: Unable to annotate to non-existent timing check (RECREM (posedge CDN) (COND D_SDFCHK (posedge CP)) (24) (72)) of instance tb.dut.\r_input_weight_reg[3][2]  of module DFCNQD1BWP30P140 <../logical/results/gate_level/Conv_analysis_view_0p90v_25c_captyp_nominal.sdf, line 155131>.
xmelab: *W,SDFNET: Unable to annotate to non-existent timing check (RECREM (posedge CDN) (COND D_SDFCHK (posedge CP)) (24) (72)) of instance tb.dut.\r_input_weight_reg[3][3]  of module DFCNQD1BWP30P140 <../logical/results/gate_level/Conv_analysis_view_0p90v_25c_captyp_nominal.sdf, line 155152>.
xmelab: *W,SDFNET: Unable to annotate to non-existent timing check (RECREM (posedge CDN) (COND D_SDFCHK (posedge CP)) (24) (72)) of instance tb.dut.\r_input_weight_reg[3][4]  of module DFCNQD1BWP30P140 <../logical/results/gate_level/Conv_analysis_view_0p90v_25c_captyp_nominal.sdf, line 155173>.
xmelab: *W,SDFNET: Unable to annotate to non-existent timing check (RECREM (posedge CDN) (COND D_SDFCHK (posedge CP)) (24) (72)) of instance tb.dut.\r_input_weight_reg[3][5]  of module DFCNQD1BWP30P140 <../logical/results/gate_level/Conv_analysis_view_0p90v_25c_captyp_nominal.sdf, line 155194>.
xmelab: *W,SDFNET: Unable to annotate to non-existent timing check (RECREM (posedge CDN) (COND D_SDFCHK (posedge CP)) (24) (72)) of instance tb.dut.\r_input_weight_reg[3][6]  of module DFCNQD1BWP30P140 <../logical/results/gate_level/Conv_analysis_view_0p90v_25c_captyp_nominal.sdf, line 155215>.
xmelab: *W,SDFNET: Unable to annotate to non-existent timing check (RECREM (posedge CDN) (COND D_SDFCHK (posedge CP)) (24) (72)) of instance tb.dut.\r_input_weight_reg[3][7]  of module DFCNQD1BWP30P140 <../logical/results/gate_level/Conv_analysis_view_0p90v_25c_captyp_nominal.sdf, line 155236>.
xmelab: *W,SDFNET: Unable to annotate to non-existent timing check (RECREM (posedge CDN) (COND D_SDFCHK (posedge CP)) (24) (72)) of instance tb.dut.\r_input_weight_reg[3][8]  of module DFCNQD1BWP30P140 <../logical/results/gate_level/Conv_analysis_view_0p90v_25c_captyp_nominal.sdf, line 155257>.
xmelab: *W,SDFNET: Unable to annotate to non-existent timing check (RECREM (posedge CDN) (COND D_SDFCHK (posedge CP)) (24) (72)) of instance tb.dut.\r_input_weight_reg[3][9]  of module DFCNQD1BWP30P140 <../logical/results/gate_level/Conv_analysis_view_0p90v_25c_captyp_nominal.sdf, line 155278>.
xmelab: *W,SDFNET: Unable to annotate to non-existent timing check (RECREM (posedge CDN) (COND D_SDFCHK (posedge CP)) (24) (72)) of instance tb.dut.\r_input_weight_reg[3][10]  of module DFCNQD1BWP30P140 <../logical/results/gate_level/Conv_analysis_view_0p90v_25c_captyp_nominal.sdf, line 155299>.
xmelab: *W,SDFNET: Unable to annotate to non-existent timing check (RECREM (posedge CDN) (COND D_SDFCHK (posedge CP)) (24) (72)) of instance tb.dut.\r_input_weight_reg[3][11]  of module DFCNQD1BWP30P140 <../logical/results/gate_level/Conv_analysis_view_0p90v_25c_captyp_nominal.sdf, line 155320>.
xmelab: *W,SDFNET: Unable to annotate to non-existent timing check (RECREM (posedge CDN) (COND D_SDFCHK (posedge CP)) (24) (72)) of instance tb.dut.\r_input_weight_reg[3][12]  of module DFCNQD1BWP30P140 <../logical/results/gate_level/Conv_analysis_view_0p90v_25c_captyp_nominal.sdf, line 155341>.
xmelab: *W,SDFNET: Unable to annotate to non-existent timing check (RECREM (posedge CDN) (COND D_SDFCHK (posedge CP)) (24) (72)) of instance tb.dut.\r_input_weight_reg[3][13]  of module DFCNQD1BWP30P140 <../logical/results/gate_level/Conv_analysis_view_0p90v_25c_captyp_nominal.sdf, line 155362>.
xmelab: *W,SDFNET: Unable to annotate to non-existent timing check (RECREM (posedge CDN) (COND D_SDFCHK (posedge CP)) (24) (72)) of instance tb.dut.\r_input_weight_reg[3][14]  of module DFCNQD1BWP30P140 <../logical/results/gate_level/Conv_analysis_view_0p90v_25c_captyp_nominal.sdf, line 155383>.
xmelab: *W,SDFNET: Unable to annotate to non-existent timing check (RECREM (posedge CDN) (COND D_SDFCHK (posedge CP)) (24) (72)) of instance tb.dut.\r_input_weight_reg[3][15]  of module DFCNQD1BWP30P140 <../logical/results/gate_level/Conv_analysis_view_0p90v_25c_captyp_nominal.sdf, line 155404>.
xmelab: *W,SDFNET: Unable to annotate to non-existent timing check (RECREM (posedge CDN) (COND D_SDFCHK (posedge CP)) (24) (72)) of instance tb.dut.\r_input_weight_reg[3][16]  of module DFCNQD1BWP30P140 <../logical/results/gate_level/Conv_analysis_view_0p90v_25c_captyp_nominal.sdf, line 155425>.
xmelab: *W,SDFNET: Unable to annotate to non-existent timing check (RECREM (posedge CDN) (COND D_SDFCHK (posedge CP)) (24) (72)) of instance tb.dut.\r_input_weight_reg[3][17]  of module DFCNQD1BWP30P140 <../logical/results/gate_level/Conv_analysis_view_0p90v_25c_captyp_nominal.sdf, line 155446>.
xmelab: *W,SDFNET: Unable to annotate to non-existent timing check (RECREM (posedge CDN) (COND D_SDFCHK (posedge CP)) (24) (72)) of instance tb.dut.\r_input_weight_reg[3][18]  of module DFCNQD1BWP30P140 <../logical/results/gate_level/Conv_analysis_view_0p90v_25c_captyp_nominal.sdf, line 155467>.
xmelab: *W,SDFNET: Unable to annotate to non-existent timing check (RECREM (posedge CDN) (COND D_SDFCHK (posedge CP)) (24) (72)) of instance tb.dut.\r_input_weight_reg[3][19]  of module DFCNQD1BWP30P140 <../logical/results/gate_level/Conv_analysis_view_0p90v_25c_captyp_nominal.sdf, line 155488>.
xmelab: *W,SDFNET: Unable to annotate to non-existent timing check (RECREM (posedge CDN) (COND D_SDFCHK (posedge CP)) (24) (72)) of instance tb.dut.\r_input_weight_reg[4][0]  of module DFCNQD1BWP30P140 <../logical/results/gate_level/Conv_analysis_view_0p90v_25c_captyp_nominal.sdf, line 155509>.
xmelab: *W,SDFNET: Unable to annotate to non-existent timing check (RECREM (posedge CDN) (COND D_SDFCHK (posedge CP)) (24) (72)) of instance tb.dut.\r_input_weight_reg[4][1]  of module DFCNQD1BWP30P140 <../logical/results/gate_level/Conv_analysis_view_0p90v_25c_captyp_nominal.sdf, line 155530>.
xmelab: *W,SDFNET: Unable to annotate to non-existent timing check (RECREM (posedge CDN) (COND D_SDFCHK (posedge CP)) (24) (72)) of instance tb.dut.\r_input_weight_reg[4][2]  of module DFCNQD1BWP30P140 <../logical/results/gate_level/Conv_analysis_view_0p90v_25c_captyp_nominal.sdf, line 155551>.
xmelab: *W,SDFNET: Unable to annotate to non-existent timing check (RECREM (posedge CDN) (COND D_SDFCHK (posedge CP)) (24) (72)) of instance tb.dut.\r_input_weight_reg[4][3]  of module DFCNQD1BWP30P140 <../logical/results/gate_level/Conv_analysis_view_0p90v_25c_captyp_nominal.sdf, line 155572>.
xmelab: *W,SDFNET: Unable to annotate to non-existent timing check (RECREM (posedge CDN) (COND D_SDFCHK (posedge CP)) (24) (72)) of instance tb.dut.\r_input_weight_reg[4][4]  of module DFCNQD1BWP30P140 <../logical/results/gate_level/Conv_analysis_view_0p90v_25c_captyp_nominal.sdf, line 155593>.
xmelab: *W,SDFNET: Unable to annotate to non-existent timing check (RECREM (posedge CDN) (COND D_SDFCHK (posedge CP)) (24) (72)) of instance tb.dut.\r_input_weight_reg[4][5]  of module DFCNQD1BWP30P140 <../logical/results/gate_level/Conv_analysis_view_0p90v_25c_captyp_nominal.sdf, line 155614>.
xmelab: *W,SDFNET: Unable to annotate to non-existent timing check (RECREM (posedge CDN) (COND D_SDFCHK (posedge CP)) (24) (72)) of instance tb.dut.\r_input_weight_reg[4][6]  of module DFCNQD1BWP30P140 <../logical/results/gate_level/Conv_analysis_view_0p90v_25c_captyp_nominal.sdf, line 155635>.
xmelab: *W,SDFNET: Unable to annotate to non-existent timing check (RECREM (posedge CDN) (COND D_SDFCHK (posedge CP)) (24) (72)) of instance tb.dut.\r_input_weight_reg[4][7]  of module DFCNQD1BWP30P140 <../logical/results/gate_level/Conv_analysis_view_0p90v_25c_captyp_nominal.sdf, line 155656>.
xmelab: *W,SDFNET: Unable to annotate to non-existent timing check (RECREM (posedge CDN) (COND D_SDFCHK (posedge CP)) (24) (72)) of instance tb.dut.\r_input_weight_reg[4][8]  of module DFCNQD1BWP30P140 <../logical/results/gate_level/Conv_analysis_view_0p90v_25c_captyp_nominal.sdf, line 155677>.
xmelab: *W,SDFNET: Unable to annotate to non-existent timing check (RECREM (posedge CDN) (COND D_SDFCHK (posedge CP)) (24) (72)) of instance tb.dut.\r_input_weight_reg[4][9]  of module DFCNQD1BWP30P140 <../logical/results/gate_level/Conv_analysis_view_0p90v_25c_captyp_nominal.sdf, line 155698>.
xmelab: *W,SDFNET: Unable to annotate to non-existent timing check (RECREM (posedge CDN) (COND D_SDFCHK (posedge CP)) (24) (72)) of instance tb.dut.\r_input_weight_reg[4][10]  of module DFCNQD1BWP30P140 <../logical/results/gate_level/Conv_analysis_view_0p90v_25c_captyp_nominal.sdf, line 155719>.
xmelab: *W,SDFNET: Unable to annotate to non-existent timing check (RECREM (posedge CDN) (COND D_SDFCHK (posedge CP)) (24) (72)) of instance tb.dut.\r_input_weight_reg[4][11]  of module DFCNQD1BWP30P140 <../logical/results/gate_level/Conv_analysis_view_0p90v_25c_captyp_nominal.sdf, line 155740>.
xmelab: *W,SDFNET: Unable to annotate to non-existent timing check (RECREM (posedge CDN) (COND D_SDFCHK (posedge CP)) (24) (72)) of instance tb.dut.\r_input_weight_reg[4][12]  of module DFCNQD1BWP30P140 <../logical/results/gate_level/Conv_analysis_view_0p90v_25c_captyp_nominal.sdf, line 155761>.
xmelab: *W,SDFNET: Unable to annotate to non-existent timing check (RECREM (posedge CDN) (COND D_SDFCHK (posedge CP)) (24) (72)) of instance tb.dut.\r_input_weight_reg[4][13]  of module DFCNQD1BWP30P140 <../logical/results/gate_level/Conv_analysis_view_0p90v_25c_captyp_nominal.sdf, line 155782>.
xmelab: *W,SDFNET: Unable to annotate to non-existent timing check (RECREM (posedge CDN) (COND D_SDFCHK (posedge CP)) (24) (72)) of instance tb.dut.\r_input_weight_reg[4][14]  of module DFCNQD1BWP30P140 <../logical/results/gate_level/Conv_analysis_view_0p90v_25c_captyp_nominal.sdf, line 155803>.
xmelab: *W,SDFNET: Unable to annotate to non-existent timing check (RECREM (posedge CDN) (COND D_SDFCHK (posedge CP)) (24) (72)) of instance tb.dut.\r_input_weight_reg[4][15]  of module DFCNQD1BWP30P140 <../logical/results/gate_level/Conv_analysis_view_0p90v_25c_captyp_nominal.sdf, line 155824>.
xmelab: *W,SDFNET: Unable to annotate to non-existent timing check (RECREM (posedge CDN) (COND D_SDFCHK (posedge CP)) (24) (72)) of instance tb.dut.\r_input_weight_reg[4][16]  of module DFCNQD1BWP30P140 <../logical/results/gate_level/Conv_analysis_view_0p90v_25c_captyp_nominal.sdf, line 155845>.
xmelab: *W,SDFNET: Unable to annotate to non-existent timing check (RECREM (posedge CDN) (COND D_SDFCHK (posedge CP)) (24) (72)) of instance tb.dut.\r_input_weight_reg[4][17]  of module DFCNQD1BWP30P140 <../logical/results/gate_level/Conv_analysis_view_0p90v_25c_captyp_nominal.sdf, line 155866>.
xmelab: *W,SDFNET: Unable to annotate to non-existent timing check (RECREM (posedge CDN) (COND D_SDFCHK (posedge CP)) (24) (72)) of instance tb.dut.\r_input_weight_reg[4][18]  of module DFCNQD1BWP30P140 <../logical/results/gate_level/Conv_analysis_view_0p90v_25c_captyp_nominal.sdf, line 155887>.
xmelab: *W,SDFNET: Unable to annotate to non-existent timing check (RECREM (posedge CDN) (COND D_SDFCHK (posedge CP)) (24) (72)) of instance tb.dut.\r_input_weight_reg[4][19]  of module DFCNQD1BWP30P140 <../logical/results/gate_level/Conv_analysis_view_0p90v_25c_captyp_nominal.sdf, line 155908>.
xmelab: *W,SDFNET: Unable to annotate to non-existent timing check (RECREM (posedge CDN) (COND D_SDFCHK (posedge CP)) (24) (72)) of instance tb.dut.\r_input_weight_reg[5][0]  of module DFCNQD1BWP30P140 <../logical/results/gate_level/Conv_analysis_view_0p90v_25c_captyp_nominal.sdf, line 155929>.
xmelab: *W,SDFNET: Unable to annotate to non-existent timing check (RECREM (posedge CDN) (COND D_SDFCHK (posedge CP)) (24) (72)) of instance tb.dut.\r_input_weight_reg[5][1]  of module DFCNQD1BWP30P140 <../logical/results/gate_level/Conv_analysis_view_0p90v_25c_captyp_nominal.sdf, line 155950>.
xmelab: *W,SDFNET: Unable to annotate to non-existent timing check (RECREM (posedge CDN) (COND D_SDFCHK (posedge CP)) (24) (72)) of instance tb.dut.\r_input_weight_reg[5][2]  of module DFCNQD1BWP30P140 <../logical/results/gate_level/Conv_analysis_view_0p90v_25c_captyp_nominal.sdf, line 155971>.
xmelab: *W,SDFNET: Unable to annotate to non-existent timing check (RECREM (posedge CDN) (COND D_SDFCHK (posedge CP)) (24) (72)) of instance tb.dut.\r_input_weight_reg[5][3]  of module DFCNQD1BWP30P140 <../logical/results/gate_level/Conv_analysis_view_0p90v_25c_captyp_nominal.sdf, line 155992>.
xmelab: *W,SDFNET: Unable to annotate to non-existent timing check (RECREM (posedge CDN) (COND D_SDFCHK (posedge CP)) (24) (72)) of instance tb.dut.\r_input_weight_reg[5][4]  of module DFCNQD1BWP30P140 <../logical/results/gate_level/Conv_analysis_view_0p90v_25c_captyp_nominal.sdf, line 156013>.
xmelab: *W,SDFNET: Unable to annotate to non-existent timing check (RECREM (posedge CDN) (COND D_SDFCHK (posedge CP)) (24) (72)) of instance tb.dut.\r_input_weight_reg[5][5]  of module DFCNQD1BWP30P140 <../logical/results/gate_level/Conv_analysis_view_0p90v_25c_captyp_nominal.sdf, line 156034>.
xmelab: *W,SDFNET: Unable to annotate to non-existent timing check (RECREM (posedge CDN) (COND D_SDFCHK (posedge CP)) (24) (72)) of instance tb.dut.\r_input_weight_reg[5][6]  of module DFCNQD1BWP30P140 <../logical/results/gate_level/Conv_analysis_view_0p90v_25c_captyp_nominal.sdf, line 156055>.
xmelab: *W,SDFNET: Unable to annotate to non-existent timing check (RECREM (posedge CDN) (COND D_SDFCHK (posedge CP)) (24) (72)) of instance tb.dut.\r_input_weight_reg[5][7]  of module DFCNQD1BWP30P140 <../logical/results/gate_level/Conv_analysis_view_0p90v_25c_captyp_nominal.sdf, line 156076>.
xmelab: *W,SDFNET: Unable to annotate to non-existent timing check (RECREM (posedge CDN) (COND D_SDFCHK (posedge CP)) (24) (72)) of instance tb.dut.\r_input_weight_reg[5][8]  of module DFCNQD1BWP30P140 <../logical/results/gate_level/Conv_analysis_view_0p90v_25c_captyp_nominal.sdf, line 156097>.
xmelab: *W,SDFNET: Unable to annotate to non-existent timing check (RECREM (posedge CDN) (COND D_SDFCHK (posedge CP)) (24) (72)) of instance tb.dut.\r_input_weight_reg[5][9]  of module DFCNQD1BWP30P140 <../logical/results/gate_level/Conv_analysis_view_0p90v_25c_captyp_nominal.sdf, line 156118>.
xmelab: *W,SDFNET: Unable to annotate to non-existent timing check (RECREM (posedge CDN) (COND D_SDFCHK (posedge CP)) (24) (72)) of instance tb.dut.\r_input_weight_reg[5][10]  of module DFCNQD1BWP30P140 <../logical/results/gate_level/Conv_analysis_view_0p90v_25c_captyp_nominal.sdf, line 156139>.
xmelab: *W,SDFNET: Unable to annotate to non-existent timing check (RECREM (posedge CDN) (COND D_SDFCHK (posedge CP)) (24) (72)) of instance tb.dut.\r_input_weight_reg[5][11]  of module DFCNQD1BWP30P140 <../logical/results/gate_level/Conv_analysis_view_0p90v_25c_captyp_nominal.sdf, line 156160>.
xmelab: *W,SDFNET: Unable to annotate to non-existent timing check (RECREM (posedge CDN) (COND D_SDFCHK (posedge CP)) (24) (72)) of instance tb.dut.\r_input_weight_reg[5][12]  of module DFCNQD1BWP30P140 <../logical/results/gate_level/Conv_analysis_view_0p90v_25c_captyp_nominal.sdf, line 156181>.
xmelab: *W,SDFNET: Unable to annotate to non-existent timing check (RECREM (posedge CDN) (COND D_SDFCHK (posedge CP)) (24) (72)) of instance tb.dut.\r_input_weight_reg[5][13]  of module DFCNQD1BWP30P140 <../logical/results/gate_level/Conv_analysis_view_0p90v_25c_captyp_nominal.sdf, line 156202>.
xmelab: *W,SDFNET: Unable to annotate to non-existent timing check (RECREM (posedge CDN) (COND D_SDFCHK (posedge CP)) (24) (72)) of instance tb.dut.\r_input_weight_reg[5][14]  of module DFCNQD1BWP30P140 <../logical/results/gate_level/Conv_analysis_view_0p90v_25c_captyp_nominal.sdf, line 156223>.
xmelab: *W,SDFNET: Unable to annotate to non-existent timing check (RECREM (posedge CDN) (COND D_SDFCHK (posedge CP)) (24) (72)) of instance tb.dut.\r_input_weight_reg[5][15]  of module DFCNQD1BWP30P140 <../logical/results/gate_level/Conv_analysis_view_0p90v_25c_captyp_nominal.sdf, line 156244>.
xmelab: *W,SDFNET: Unable to annotate to non-existent timing check (RECREM (posedge CDN) (COND D_SDFCHK (posedge CP)) (24) (72)) of instance tb.dut.\r_input_weight_reg[5][16]  of module DFCNQD1BWP30P140 <../logical/results/gate_level/Conv_analysis_view_0p90v_25c_captyp_nominal.sdf, line 156265>.
xmelab: *W,SDFNET: Unable to annotate to non-existent timing check (RECREM (posedge CDN) (COND D_SDFCHK (posedge CP)) (24) (72)) of instance tb.dut.\r_input_weight_reg[5][17]  of module DFCNQD1BWP30P140 <../logical/results/gate_level/Conv_analysis_view_0p90v_25c_captyp_nominal.sdf, line 156286>.
xmelab: *W,SDFNET: Unable to annotate to non-existent timing check (RECREM (posedge CDN) (COND D_SDFCHK (posedge CP)) (24) (72)) of instance tb.dut.\r_input_weight_reg[5][18]  of module DFCNQD1BWP30P140 <../logical/results/gate_level/Conv_analysis_view_0p90v_25c_captyp_nominal.sdf, line 156307>.
xmelab: *W,SDFNET: Unable to annotate to non-existent timing check (RECREM (posedge CDN) (COND D_SDFCHK (posedge CP)) (24) (72)) of instance tb.dut.\r_input_weight_reg[5][19]  of module DFCNQD1BWP30P140 <../logical/results/gate_level/Conv_analysis_view_0p90v_25c_captyp_nominal.sdf, line 156328>.
xmelab: *W,SDFNET: Unable to annotate to non-existent timing check (RECREM (posedge CDN) (COND D_SDFCHK (posedge CP)) (24) (72)) of instance tb.dut.\r_input_weight_reg[6][0]  of module DFCNQD1BWP30P140 <../logical/results/gate_level/Conv_analysis_view_0p90v_25c_captyp_nominal.sdf, line 156349>.
xmelab: *W,SDFNET: Unable to annotate to non-existent timing check (RECREM (posedge CDN) (COND D_SDFCHK (posedge CP)) (24) (72)) of instance tb.dut.\r_input_weight_reg[6][1]  of module DFCNQD1BWP30P140 <../logical/results/gate_level/Conv_analysis_view_0p90v_25c_captyp_nominal.sdf, line 156370>.
xmelab: *W,SDFNET: Unable to annotate to non-existent timing check (RECREM (posedge CDN) (COND D_SDFCHK (posedge CP)) (24) (72)) of instance tb.dut.\r_input_weight_reg[6][2]  of module DFCNQD1BWP30P140 <../logical/results/gate_level/Conv_analysis_view_0p90v_25c_captyp_nominal.sdf, line 156391>.
xmelab: *W,SDFNET: Unable to annotate to non-existent timing check (RECREM (posedge CDN) (COND D_SDFCHK (posedge CP)) (24) (72)) of instance tb.dut.\r_input_weight_reg[6][3]  of module DFCNQD1BWP30P140 <../logical/results/gate_level/Conv_analysis_view_0p90v_25c_captyp_nominal.sdf, line 156412>.
xmelab: *W,SDFNET: Unable to annotate to non-existent timing check (RECREM (posedge CDN) (COND D_SDFCHK (posedge CP)) (24) (72)) of instance tb.dut.\r_input_weight_reg[6][4]  of module DFCNQD1BWP30P140 <../logical/results/gate_level/Conv_analysis_view_0p90v_25c_captyp_nominal.sdf, line 156433>.
xmelab: *W,SDFNET: Unable to annotate to non-existent timing check (RECREM (posedge CDN) (COND D_SDFCHK (posedge CP)) (24) (72)) of instance tb.dut.\r_input_weight_reg[6][5]  of module DFCNQD1BWP30P140 <../logical/results/gate_level/Conv_analysis_view_0p90v_25c_captyp_nominal.sdf, line 156454>.
xmelab: *W,SDFNET: Unable to annotate to non-existent timing check (RECREM (posedge CDN) (COND D_SDFCHK (posedge CP)) (24) (72)) of instance tb.dut.\r_input_weight_reg[6][6]  of module DFCNQD1BWP30P140 <../logical/results/gate_level/Conv_analysis_view_0p90v_25c_captyp_nominal.sdf, line 156475>.
xmelab: *W,SDFNET: Unable to annotate to non-existent timing check (RECREM (posedge CDN) (COND D_SDFCHK (posedge CP)) (24) (72)) of instance tb.dut.\r_input_weight_reg[6][7]  of module DFCNQD1BWP30P140 <../logical/results/gate_level/Conv_analysis_view_0p90v_25c_captyp_nominal.sdf, line 156496>.
xmelab: *W,SDFNET: Unable to annotate to non-existent timing check (RECREM (posedge CDN) (COND D_SDFCHK (posedge CP)) (24) (72)) of instance tb.dut.\r_input_weight_reg[6][8]  of module DFCNQD1BWP30P140 <../logical/results/gate_level/Conv_analysis_view_0p90v_25c_captyp_nominal.sdf, line 156517>.
xmelab: *W,SDFNET: Unable to annotate to non-existent timing check (RECREM (posedge CDN) (COND D_SDFCHK (posedge CP)) (24) (72)) of instance tb.dut.\r_input_weight_reg[6][9]  of module DFCNQD1BWP30P140 <../logical/results/gate_level/Conv_analysis_view_0p90v_25c_captyp_nominal.sdf, line 156538>.
xmelab: *W,SDFNET: Unable to annotate to non-existent timing check (RECREM (posedge CDN) (COND D_SDFCHK (posedge CP)) (24) (72)) of instance tb.dut.\r_input_weight_reg[6][10]  of module DFCNQD1BWP30P140 <../logical/results/gate_level/Conv_analysis_view_0p90v_25c_captyp_nominal.sdf, line 156559>.
xmelab: *W,SDFNET: Unable to annotate to non-existent timing check (RECREM (posedge CDN) (COND D_SDFCHK (posedge CP)) (24) (72)) of instance tb.dut.\r_input_weight_reg[6][11]  of module DFCNQD1BWP30P140 <../logical/results/gate_level/Conv_analysis_view_0p90v_25c_captyp_nominal.sdf, line 156580>.
xmelab: *W,SDFNET: Unable to annotate to non-existent timing check (RECREM (posedge CDN) (COND D_SDFCHK (posedge CP)) (24) (72)) of instance tb.dut.\r_input_weight_reg[6][12]  of module DFCNQD1BWP30P140 <../logical/results/gate_level/Conv_analysis_view_0p90v_25c_captyp_nominal.sdf, line 156601>.
xmelab: *W,SDFNET: Unable to annotate to non-existent timing check (RECREM (posedge CDN) (COND D_SDFCHK (posedge CP)) (24) (72)) of instance tb.dut.\r_input_weight_reg[6][13]  of module DFCNQD1BWP30P140 <../logical/results/gate_level/Conv_analysis_view_0p90v_25c_captyp_nominal.sdf, line 156622>.
xmelab: *W,SDFNET: Unable to annotate to non-existent timing check (RECREM (posedge CDN) (COND D_SDFCHK (posedge CP)) (24) (72)) of instance tb.dut.\r_input_weight_reg[6][14]  of module DFCNQD1BWP30P140 <../logical/results/gate_level/Conv_analysis_view_0p90v_25c_captyp_nominal.sdf, line 156643>.
xmelab: *W,SDFNET: Unable to annotate to non-existent timing check (RECREM (posedge CDN) (COND D_SDFCHK (posedge CP)) (24) (72)) of instance tb.dut.\r_input_weight_reg[6][15]  of module DFCNQD1BWP30P140 <../logical/results/gate_level/Conv_analysis_view_0p90v_25c_captyp_nominal.sdf, line 156664>.
xmelab: *W,SDFNET: Unable to annotate to non-existent timing check (RECREM (posedge CDN) (COND D_SDFCHK (posedge CP)) (24) (72)) of instance tb.dut.\r_input_weight_reg[6][16]  of module DFCNQD1BWP30P140 <../logical/results/gate_level/Conv_analysis_view_0p90v_25c_captyp_nominal.sdf, line 156685>.
xmelab: *W,SDFNET: Unable to annotate to non-existent timing check (RECREM (posedge CDN) (COND D_SDFCHK (posedge CP)) (24) (72)) of instance tb.dut.\r_input_weight_reg[6][17]  of module DFCNQD1BWP30P140 <../logical/results/gate_level/Conv_analysis_view_0p90v_25c_captyp_nominal.sdf, line 156706>.
xmelab: *W,SDFNET: Unable to annotate to non-existent timing check (RECREM (posedge CDN) (COND D_SDFCHK (posedge CP)) (24) (72)) of instance tb.dut.\r_input_weight_reg[6][18]  of module DFCNQD1BWP30P140 <../logical/results/gate_level/Conv_analysis_view_0p90v_25c_captyp_nominal.sdf, line 156727>.
xmelab: *W,SDFNET: Unable to annotate to non-existent timing check (RECREM (posedge CDN) (COND D_SDFCHK (posedge CP)) (24) (72)) of instance tb.dut.\r_input_weight_reg[6][19]  of module DFCNQD1BWP30P140 <../logical/results/gate_level/Conv_analysis_view_0p90v_25c_captyp_nominal.sdf, line 156748>.
xmelab: *W,SDFNET: Unable to annotate to non-existent timing check (RECREM (posedge CDN) (COND D_SDFCHK (posedge CP)) (24) (72)) of instance tb.dut.\r_input_weight_reg[7][0]  of module DFCNQD1BWP30P140 <../logical/results/gate_level/Conv_analysis_view_0p90v_25c_captyp_nominal.sdf, line 156769>.
xmelab: *W,SDFNET: Unable to annotate to non-existent timing check (RECREM (posedge CDN) (COND D_SDFCHK (posedge CP)) (24) (72)) of instance tb.dut.\r_input_weight_reg[7][1]  of module DFCNQD1BWP30P140 <../logical/results/gate_level/Conv_analysis_view_0p90v_25c_captyp_nominal.sdf, line 156790>.
xmelab: *W,SDFNET: Unable to annotate to non-existent timing check (RECREM (posedge CDN) (COND D_SDFCHK (posedge CP)) (24) (72)) of instance tb.dut.\r_input_weight_reg[7][2]  of module DFCNQD1BWP30P140 <../logical/results/gate_level/Conv_analysis_view_0p90v_25c_captyp_nominal.sdf, line 156811>.
xmelab: *W,SDFNET: Unable to annotate to non-existent timing check (RECREM (posedge CDN) (COND D_SDFCHK (posedge CP)) (24) (72)) of instance tb.dut.\r_input_weight_reg[7][3]  of module DFCNQD1BWP30P140 <../logical/results/gate_level/Conv_analysis_view_0p90v_25c_captyp_nominal.sdf, line 156832>.
xmelab: *W,SDFNET: Unable to annotate to non-existent timing check (RECREM (posedge CDN) (COND D_SDFCHK (posedge CP)) (24) (72)) of instance tb.dut.\r_input_weight_reg[7][4]  of module DFCNQD1BWP30P140 <../logical/results/gate_level/Conv_analysis_view_0p90v_25c_captyp_nominal.sdf, line 156853>.
xmelab: *W,SDFNET: Unable to annotate to non-existent timing check (RECREM (posedge CDN) (COND D_SDFCHK (posedge CP)) (24) (72)) of instance tb.dut.\r_input_weight_reg[7][5]  of module DFCNQD1BWP30P140 <../logical/results/gate_level/Conv_analysis_view_0p90v_25c_captyp_nominal.sdf, line 156874>.
xmelab: *W,SDFNET: Unable to annotate to non-existent timing check (RECREM (posedge CDN) (COND D_SDFCHK (posedge CP)) (24) (72)) of instance tb.dut.\r_input_weight_reg[7][6]  of module DFCNQD1BWP30P140 <../logical/results/gate_level/Conv_analysis_view_0p90v_25c_captyp_nominal.sdf, line 156895>.
xmelab: *W,SDFNET: Unable to annotate to non-existent timing check (RECREM (posedge CDN) (COND D_SDFCHK (posedge CP)) (24) (72)) of instance tb.dut.\r_input_weight_reg[7][7]  of module DFCNQD1BWP30P140 <../logical/results/gate_level/Conv_analysis_view_0p90v_25c_captyp_nominal.sdf, line 156916>.
xmelab: *W,SDFNET: Unable to annotate to non-existent timing check (RECREM (posedge CDN) (COND D_SDFCHK (posedge CP)) (24) (72)) of instance tb.dut.\r_input_weight_reg[7][8]  of module DFCNQD1BWP30P140 <../logical/results/gate_level/Conv_analysis_view_0p90v_25c_captyp_nominal.sdf, line 156937>.
xmelab: *W,SDFNET: Unable to annotate to non-existent timing check (RECREM (posedge CDN) (COND D_SDFCHK (posedge CP)) (24) (72)) of instance tb.dut.\r_input_weight_reg[7][9]  of module DFCNQD1BWP30P140 <../logical/results/gate_level/Conv_analysis_view_0p90v_25c_captyp_nominal.sdf, line 156958>.
xmelab: *W,SDFNET: Unable to annotate to non-existent timing check (RECREM (posedge CDN) (COND D_SDFCHK (posedge CP)) (24) (72)) of instance tb.dut.\r_input_weight_reg[7][10]  of module DFCNQD1BWP30P140 <../logical/results/gate_level/Conv_analysis_view_0p90v_25c_captyp_nominal.sdf, line 156979>.
xmelab: *W,SDFNET: Unable to annotate to non-existent timing check (RECREM (posedge CDN) (COND D_SDFCHK (posedge CP)) (24) (72)) of instance tb.dut.\r_input_weight_reg[7][11]  of module DFCNQD1BWP30P140 <../logical/results/gate_level/Conv_analysis_view_0p90v_25c_captyp_nominal.sdf, line 157000>.
xmelab: *W,SDFNET: Unable to annotate to non-existent timing check (RECREM (posedge CDN) (COND D_SDFCHK (posedge CP)) (24) (72)) of instance tb.dut.\r_input_weight_reg[7][12]  of module DFCNQD1BWP30P140 <../logical/results/gate_level/Conv_analysis_view_0p90v_25c_captyp_nominal.sdf, line 157021>.
xmelab: *W,SDFNET: Unable to annotate to non-existent timing check (RECREM (posedge CDN) (COND D_SDFCHK (posedge CP)) (24) (72)) of instance tb.dut.\r_input_weight_reg[7][13]  of module DFCNQD1BWP30P140 <../logical/results/gate_level/Conv_analysis_view_0p90v_25c_captyp_nominal.sdf, line 157042>.
xmelab: *W,SDFNET: Unable to annotate to non-existent timing check (RECREM (posedge CDN) (COND D_SDFCHK (posedge CP)) (24) (72)) of instance tb.dut.\r_input_weight_reg[7][14]  of module DFCNQD1BWP30P140 <../logical/results/gate_level/Conv_analysis_view_0p90v_25c_captyp_nominal.sdf, line 157063>.
xmelab: *W,SDFNET: Unable to annotate to non-existent timing check (RECREM (posedge CDN) (COND D_SDFCHK (posedge CP)) (24) (72)) of instance tb.dut.\r_input_weight_reg[7][15]  of module DFCNQD1BWP30P140 <../logical/results/gate_level/Conv_analysis_view_0p90v_25c_captyp_nominal.sdf, line 157084>.
xmelab: *W,SDFNET: Unable to annotate to non-existent timing check (RECREM (posedge CDN) (COND D_SDFCHK (posedge CP)) (24) (72)) of instance tb.dut.\r_input_weight_reg[7][16]  of module DFCNQD1BWP30P140 <../logical/results/gate_level/Conv_analysis_view_0p90v_25c_captyp_nominal.sdf, line 157105>.
xmelab: *W,SDFNET: Unable to annotate to non-existent timing check (RECREM (posedge CDN) (COND D_SDFCHK (posedge CP)) (24) (72)) of instance tb.dut.\r_input_weight_reg[7][17]  of module DFCNQD1BWP30P140 <../logical/results/gate_level/Conv_analysis_view_0p90v_25c_captyp_nominal.sdf, line 157126>.
xmelab: *W,SDFNET: Unable to annotate to non-existent timing check (RECREM (posedge CDN) (COND D_SDFCHK (posedge CP)) (24) (72)) of instance tb.dut.\r_input_weight_reg[7][18]  of module DFCNQD1BWP30P140 <../logical/results/gate_level/Conv_analysis_view_0p90v_25c_captyp_nominal.sdf, line 157147>.
xmelab: *W,SDFNET: Unable to annotate to non-existent timing check (RECREM (posedge CDN) (COND D_SDFCHK (posedge CP)) (24) (72)) of instance tb.dut.\r_input_weight_reg[7][19]  of module DFCNQD1BWP30P140 <../logical/results/gate_level/Conv_analysis_view_0p90v_25c_captyp_nominal.sdf, line 157168>.
xmelab: *W,SDFNET: Unable to annotate to non-existent timing check (RECREM (posedge CDN) (COND D_SDFCHK (posedge CP)) (24) (72)) of instance tb.dut.\r_input_window_counter_acc_reg[0]  of module DFCNQD1BWP30P140 <../logical/results/gate_level/Conv_analysis_view_0p90v_25c_captyp_nominal.sdf, line 157189>.
xmelab: *W,SDFNET: Unable to annotate to non-existent timing check (RECREM (posedge CDN) (COND D_SDFCHK (posedge CP)) (24) (72)) of instance tb.dut.\r_input_window_counter_acc_reg[1]  of module DFCNQD1BWP30P140 <../logical/results/gate_level/Conv_analysis_view_0p90v_25c_captyp_nominal.sdf, line 157210>.
xmelab: *W,SDFNET: Unable to annotate to non-existent timing check (RECREM (posedge CDN) (COND D_SDFCHK (posedge CP)) (24) (72)) of instance tb.dut.\r_input_window_counter_acc_reg[2]  of module DFCNQD1BWP30P140 <../logical/results/gate_level/Conv_analysis_view_0p90v_25c_captyp_nominal.sdf, line 157231>.
xmelab: *W,SDFNET: Unable to annotate to non-existent timing check (RECREM (posedge CDN) (COND D_SDFCHK (posedge CP)) (24) (72)) of instance tb.dut.\r_input_window_counter_acc_reg[3]  of module DFCNQD1BWP30P140 <../logical/results/gate_level/Conv_analysis_view_0p90v_25c_captyp_nominal.sdf, line 157252>.
xmelab: *W,SDFNET: Unable to annotate to non-existent timing check (RECREM (posedge CDN) (COND D_SDFCHK (posedge CP)) (24) (72)) of instance tb.dut.\r_input_window_counter_acc_reg[4]  of module DFCNQD1BWP30P140 <../logical/results/gate_level/Conv_analysis_view_0p90v_25c_captyp_nominal.sdf, line 157273>.
xmelab: *W,SDFNET: Unable to annotate to non-existent timing check (RECREM (posedge CDN) (COND D_SDFCHK (posedge CP)) (24) (72)) of instance tb.dut.\r_input_window_counter_acc_reg[5]  of module DFCNQD1BWP30P140 <../logical/results/gate_level/Conv_analysis_view_0p90v_25c_captyp_nominal.sdf, line 157294>.
xmelab: *W,SDFNET: Unable to annotate to non-existent timing check (RECREM (posedge CDN) (COND D_SDFCHK (posedge CP)) (24) (72)) of instance tb.dut.\r_input_window_counter_acc_reg[6]  of module DFCNQD1BWP30P140 <../logical/results/gate_level/Conv_analysis_view_0p90v_25c_captyp_nominal.sdf, line 157315>.
xmelab: *W,SDFNET: Unable to annotate to non-existent timing check (RECREM (posedge CDN) (COND D_SDFCHK (posedge CP)) (24) (72)) of instance tb.dut.\r_input_window_counter_acc_reg[7]  of module DFCNQD1BWP30P140 <../logical/results/gate_level/Conv_analysis_view_0p90v_25c_captyp_nominal.sdf, line 157336>.
xmelab: *W,SDFNET: Unable to annotate to non-existent timing check (RECREM (posedge CDN) (COND D_SDFCHK (posedge CP)) (24) (72)) of instance tb.dut.\r_input_window_counter_col_reg[0]  of module DFCNQD1BWP30P140 <../logical/results/gate_level/Conv_analysis_view_0p90v_25c_captyp_nominal.sdf, line 157357>.
xmelab: *W,SDFNET: Unable to annotate to non-existent timing check (RECREM (posedge CDN) (COND D_SDFCHK (posedge CP)) (24) (72)) of instance tb.dut.\r_input_window_counter_col_reg[1]  of module DFCNQD1BWP30P140 <../logical/results/gate_level/Conv_analysis_view_0p90v_25c_captyp_nominal.sdf, line 157378>.
xmelab: *W,SDFNET: Unable to annotate to non-existent timing check (RECREM (posedge CDN) (COND D_SDFCHK (posedge CP)) (24) (72)) of instance tb.dut.\r_input_window_counter_col_reg[2]  of module DFCNQD1BWP30P140 <../logical/results/gate_level/Conv_analysis_view_0p90v_25c_captyp_nominal.sdf, line 157399>.
xmelab: *W,SDFNET: Unable to annotate to non-existent timing check (RECREM (posedge SDN) (COND nD_SDFCHK (posedge CP)) (19) (15)) of instance tb.dut.\r_input_window_next_reg[1]  of module DFSNQD2BWP30P140 <../logical/results/gate_level/Conv_analysis_view_0p90v_25c_captyp_nominal.sdf, line 157420>.
xmelab: *W,SDFNET: Unable to annotate to non-existent timing check (RECREM (posedge CDN) (COND D_SDFCHK (posedge CP)) (24) (72)) of instance tb.dut.\r_input_window_next_reg[2]  of module DFCNQD1BWP30P140 <../logical/results/gate_level/Conv_analysis_view_0p90v_25c_captyp_nominal.sdf, line 157441>.
xmelab: *W,SDFNET: Unable to annotate to non-existent timing check (RECREM (posedge CDN) (COND D_SDFCHK (posedge CP)) (24) (72)) of instance tb.dut.\r_input_window_next_reg[3]  of module DFCNQD1BWP30P140 <../logical/results/gate_level/Conv_analysis_view_0p90v_25c_captyp_nominal.sdf, line 157462>.
xmelab: *W,SDFNET: Unable to annotate to non-existent timing check (RECREM (posedge CDN) (COND D_SDFCHK (posedge CP)) (24) (72)) of instance tb.dut.\r_input_window_next_reg[4]  of module DFCNQD1BWP30P140 <../logical/results/gate_level/Conv_analysis_view_0p90v_25c_captyp_nominal.sdf, line 157483>.
xmelab: *W,SDFNET: Unable to annotate to non-existent timing check (RECREM (posedge CDN) (COND D_SDFCHK (posedge CP)) (24) (72)) of instance tb.dut.\r_input_window_next_reg[5]  of module DFCNQD1BWP30P140 <../logical/results/gate_level/Conv_analysis_view_0p90v_25c_captyp_nominal.sdf, line 157504>.
xmelab: *W,SDFNET: Unable to annotate to non-existent timing check (RECREM (posedge CDN) (COND D_SDFCHK (posedge CP)) (24) (72)) of instance tb.dut.\r_input_window_next_reg[6]  of module DFCNQD1BWP30P140 <../logical/results/gate_level/Conv_analysis_view_0p90v_25c_captyp_nominal.sdf, line 157525>.
xmelab: *W,SDFNET: Unable to annotate to non-existent timing check (RECREM (posedge CDN) (COND D_SDFCHK (posedge CP)) (24) (72)) of instance tb.dut.\r_input_window_next_reg[7]  of module DFCNQD1BWP30P140 <../logical/results/gate_level/Conv_analysis_view_0p90v_25c_captyp_nominal.sdf, line 157546>.
xmelab: *W,SDFNET: Unable to annotate to non-existent timing check (RECREM (posedge CDN) (COND D_SDFCHK (posedge CP)) (24) (72)) of instance tb.dut.\r_input_window_next_reg[8]  of module DFCNQD1BWP30P140 <../logical/results/gate_level/Conv_analysis_view_0p90v_25c_captyp_nominal.sdf, line 157567>.
xmelab: *W,SDFNET: Unable to annotate to non-existent timing check (RECREM (posedge CDN) (COND D_SDFCHK (posedge CP)) (24) (72)) of instance tb.dut.\r_input_window_next_reg[9]  of module DFCNQD1BWP30P140 <../logical/results/gate_level/Conv_analysis_view_0p90v_25c_captyp_nominal.sdf, line 157588>.
xmelab: *W,SDFNET: Unable to annotate to non-existent timing check (RECREM (posedge CDN) (COND D_SDFCHK (posedge CP)) (24) (72)) of instance tb.dut.\r_input_window_next_reg[10]  of module DFCNQD1BWP30P140 <../logical/results/gate_level/Conv_analysis_view_0p90v_25c_captyp_nominal.sdf, line 157609>.
xmelab: *W,SDFNET: Unable to annotate to non-existent timing check (RECREM (posedge CDN) (COND D_SDFCHK (posedge CP)) (24) (72)) of instance tb.dut.\r_input_window_next_reg[11]  of module DFCNQD1BWP30P140 <../logical/results/gate_level/Conv_analysis_view_0p90v_25c_captyp_nominal.sdf, line 157630>.
xmelab: *W,SDFNET: Unable to annotate to non-existent timing check (RECREM (posedge CDN) (COND D_SDFCHK (posedge CP)) (24) (72)) of instance tb.dut.\r_input_window_next_reg[12]  of module DFCNQD1BWP30P140 <../logical/results/gate_level/Conv_analysis_view_0p90v_25c_captyp_nominal.sdf, line 157651>.
xmelab: *W,SDFNET: Unable to annotate to non-existent timing check (RECREM (posedge CDN) (COND D_SDFCHK (posedge CP)) (24) (72)) of instance tb.dut.\r_input_window_next_reg[13]  of module DFCNQD1BWP30P140 <../logical/results/gate_level/Conv_analysis_view_0p90v_25c_captyp_nominal.sdf, line 157672>.
xmelab: *W,SDFNET: Unable to annotate to non-existent timing check (RECREM (posedge CDN) (COND D_SDFCHK (posedge CP)) (24) (72)) of instance tb.dut.\r_input_window_next_reg[14]  of module DFCNQD1BWP30P140 <../logical/results/gate_level/Conv_analysis_view_0p90v_25c_captyp_nominal.sdf, line 157693>.
xmelab: *W,SDFNET: Unable to annotate to non-existent timing check (RECREM (posedge CDN) (COND D_SDFCHK (posedge CP)) (24) (72)) of instance tb.dut.\r_input_window_next_reg[15]  of module DFCNQD1BWP30P140 <../logical/results/gate_level/Conv_analysis_view_0p90v_25c_captyp_nominal.sdf, line 157714>.
xmelab: *W,SDFNET: Unable to annotate to non-existent timing check (RECREM (posedge CDN) (COND D_SDFCHK (posedge CP)) (24) (72)) of instance tb.dut.\r_output_addr_channel_reg[3]  of module DFCNQD1BWP30P140 <../logical/results/gate_level/Conv_analysis_view_0p90v_25c_captyp_nominal.sdf, line 157735>.
xmelab: *W,SDFNET: Unable to annotate to non-existent timing check (RECREM (posedge CDN) (COND D_SDFCHK (posedge CP)) (24) (72)) of instance tb.dut.\r_output_addr_channel_reg[4]  of module DFCNQD1BWP30P140 <../logical/results/gate_level/Conv_analysis_view_0p90v_25c_captyp_nominal.sdf, line 157756>.
xmelab: *W,SDFNET: Unable to annotate to non-existent timing check (RECREM (posedge CDN) (COND D_SDFCHK (posedge CP)) (24) (72)) of instance tb.dut.\r_output_addr_channel_reg[5]  of module DFCNQD1BWP30P140 <../logical/results/gate_level/Conv_analysis_view_0p90v_25c_captyp_nominal.sdf, line 157777>.
xmelab: *W,SDFNET: Unable to annotate to non-existent timing check (RECREM (posedge CDN) (COND D_SDFCHK (posedge CP)) (24) (72)) of instance tb.dut.\r_output_addr_channel_reg[6]  of module DFCNQD1BWP30P140 <../logical/results/gate_level/Conv_analysis_view_0p90v_25c_captyp_nominal.sdf, line 157798>.
xmelab: *W,SDFNET: Unable to annotate to non-existent timing check (RECREM (posedge CDN) (COND D_SDFCHK (posedge CP)) (24) (72)) of instance tb.dut.\r_output_addr_channel_reg[7]  of module DFCNQD1BWP30P140 <../logical/results/gate_level/Conv_analysis_view_0p90v_25c_captyp_nominal.sdf, line 157819>.
xmelab: *W,SDFNET: Unable to annotate to non-existent timing check (RECREM (posedge CDN) (COND D_SDFCHK (posedge CP)) (24) (72)) of instance tb.dut.\r_output_addr_channel_reg[8]  of module DFCNQD1BWP30P140 <../logical/results/gate_level/Conv_analysis_view_0p90v_25c_captyp_nominal.sdf, line 157840>.
xmelab: *W,SDFNET: Unable to annotate to non-existent timing check (RECREM (posedge CDN) (COND D_SDFCHK (posedge CP)) (24) (72)) of instance tb.dut.\r_output_addr_channel_reg[9]  of module DFCNQD1BWP30P140 <../logical/results/gate_level/Conv_analysis_view_0p90v_25c_captyp_nominal.sdf, line 157861>.
xmelab: *W,SDFNET: Unable to annotate to non-existent timing check (RECREM (posedge CDN) (COND D_SDFCHK (posedge CP)) (24) (72)) of instance tb.dut.\r_output_addr_channel_reg[10]  of module DFCNQD1BWP30P140 <../logical/results/gate_level/Conv_analysis_view_0p90v_25c_captyp_nominal.sdf, line 157882>.
xmelab: *W,SDFNET: Unable to annotate to non-existent timing check (RECREM (posedge CDN) (COND D_SDFCHK (posedge CP)) (24) (72)) of instance tb.dut.\r_output_addr_col_reg[1]  of module DFCNQD1BWP30P140 <../logical/results/gate_level/Conv_analysis_view_0p90v_25c_captyp_nominal.sdf, line 157903>.
xmelab: *W,SDFNET: Unable to annotate to non-existent timing check (RECREM (posedge CDN) (COND D_SDFCHK (posedge CP)) (24) (72)) of instance tb.dut.\r_output_addr_col_reg[2]  of module DFCNQD1BWP30P140 <../logical/results/gate_level/Conv_analysis_view_0p90v_25c_captyp_nominal.sdf, line 157924>.
xmelab: *W,SDFNET: Unable to annotate to non-existent timing check (RECREM (posedge CDN) (COND D_SDFCHK (posedge CP)) (24) (72)) of instance tb.dut.\r_output_addr_col_reg[3]  of module DFCNQD1BWP30P140 <../logical/results/gate_level/Conv_analysis_view_0p90v_25c_captyp_nominal.sdf, line 157945>.
xmelab: *W,SDFNET: Unable to annotate to non-existent timing check (RECREM (posedge CDN) (COND D_SDFCHK (posedge CP)) (24) (72)) of instance tb.dut.\r_output_addr_col_reg[4]  of module DFCNQD1BWP30P140 <../logical/results/gate_level/Conv_analysis_view_0p90v_25c_captyp_nominal.sdf, line 157966>.
xmelab: *W,SDFNET: Unable to annotate to non-existent timing check (RECREM (posedge CDN) (COND D_SDFCHK (posedge CP)) (24) (72)) of instance tb.dut.\r_output_addr_offset_read_reg[0]  of module DFCNQD1BWP30P140 <../logical/results/gate_level/Conv_analysis_view_0p90v_25c_captyp_nominal.sdf, line 157987>.
xmelab: *W,SDFNET: Unable to annotate to non-existent timing check (RECREM (posedge CDN) (COND D_SDFCHK (posedge CP)) (24) (72)) of instance tb.dut.\r_output_addr_offset_read_reg[1]  of module DFCNQD1BWP30P140 <../logical/results/gate_level/Conv_analysis_view_0p90v_25c_captyp_nominal.sdf, line 158008>.
xmelab: *W,SDFNET: Unable to annotate to non-existent timing check (RECREM (posedge CDN) (COND D_SDFCHK (posedge CP)) (24) (72)) of instance tb.dut.\r_output_addr_offset_read_reg[2]  of module DFCNQD1BWP30P140 <../logical/results/gate_level/Conv_analysis_view_0p90v_25c_captyp_nominal.sdf, line 158029>.
xmelab: *W,SDFNET: Unable to annotate to non-existent timing check (RECREM (posedge CDN) (COND D_SDFCHK (posedge CP)) (24) (72)) of instance tb.dut.\r_output_addr_offset_read_reg[3]  of module DFCNQD1BWP30P140 <../logical/results/gate_level/Conv_analysis_view_0p90v_25c_captyp_nominal.sdf, line 158050>.
xmelab: *W,SDFNET: Unable to annotate to non-existent timing check (RECREM (posedge CDN) (COND D_SDFCHK (posedge CP)) (24) (72)) of instance tb.dut.\r_output_addr_offset_read_reg[4]  of module DFCNQD1BWP30P140 <../logical/results/gate_level/Conv_analysis_view_0p90v_25c_captyp_nominal.sdf, line 158071>.
xmelab: *W,SDFNET: Unable to annotate to non-existent timing check (RECREM (posedge CDN) (COND D_SDFCHK (posedge CP)) (24) (72)) of instance tb.dut.\r_output_addr_offset_read_reg[5]  of module DFCNQD1BWP30P140 <../logical/results/gate_level/Conv_analysis_view_0p90v_25c_captyp_nominal.sdf, line 158092>.
xmelab: *W,SDFNET: Unable to annotate to non-existent timing check (RECREM (posedge CDN) (COND D_SDFCHK (posedge CP)) (24) (72)) of instance tb.dut.\r_output_addr_offset_write_reg[0]  of module DFCNQD1BWP30P140 <../logical/results/gate_level/Conv_analysis_view_0p90v_25c_captyp_nominal.sdf, line 158113>.
xmelab: *W,SDFNET: Unable to annotate to non-existent timing check (RECREM (posedge CDN) (COND D_SDFCHK (posedge CP)) (24) (72)) of instance tb.dut.\r_output_addr_offset_write_reg[1]  of module DFCNQD1BWP30P140 <../logical/results/gate_level/Conv_analysis_view_0p90v_25c_captyp_nominal.sdf, line 158134>.
xmelab: *W,SDFNET: Unable to annotate to non-existent timing check (RECREM (posedge CDN) (COND D_SDFCHK (posedge CP)) (24) (72)) of instance tb.dut.\r_output_addr_offset_write_reg[2]  of module DFCNQD1BWP30P140 <../logical/results/gate_level/Conv_analysis_view_0p90v_25c_captyp_nominal.sdf, line 158155>.
xmelab: *W,SDFNET: Unable to annotate to non-existent timing check (RECREM (posedge CDN) (COND D_SDFCHK (posedge CP)) (24) (72)) of instance tb.dut.\r_output_addr_offset_write_reg[3]  of module DFCNQD1BWP30P140 <../logical/results/gate_level/Conv_analysis_view_0p90v_25c_captyp_nominal.sdf, line 158176>.
xmelab: *W,SDFNET: Unable to annotate to non-existent timing check (RECREM (posedge CDN) (COND D_SDFCHK (posedge CP)) (24) (72)) of instance tb.dut.\r_output_addr_offset_write_reg[4]  of module DFCNQD1BWP30P140 <../logical/results/gate_level/Conv_analysis_view_0p90v_25c_captyp_nominal.sdf, line 158197>.
xmelab: *W,SDFNET: Unable to annotate to non-existent timing check (RECREM (posedge CDN) (COND D_SDFCHK (posedge CP)) (24) (72)) of instance tb.dut.\r_output_addr_offset_write_reg[5]  of module DFCNQD1BWP30P140 <../logical/results/gate_level/Conv_analysis_view_0p90v_25c_captyp_nominal.sdf, line 158218>.
xmelab: *W,SDFNET: Unable to annotate to non-existent timing check (RECREM (posedge CDN) (COND D_SDFCHK (posedge CP)) (24) (72)) of instance tb.dut.\r_output_addr_row_reg[2]  of module DFCNQD1BWP30P140 <../logical/results/gate_level/Conv_analysis_view_0p90v_25c_captyp_nominal.sdf, line 158239>.
xmelab: *W,SDFNET: Unable to annotate to non-existent timing check (RECREM (posedge CDN) (COND D_SDFCHK (posedge CP)) (24) (72)) of instance tb.dut.\r_output_addr_row_reg[3]  of module DFCNQD1BWP30P140 <../logical/results/gate_level/Conv_analysis_view_0p90v_25c_captyp_nominal.sdf, line 158260>.
xmelab: *W,SDFNET: Unable to annotate to non-existent timing check (RECREM (posedge CDN) (COND D_SDFCHK (posedge CP)) (24) (72)) of instance tb.dut.\r_output_addr_row_reg[4]  of module DFCNQD1BWP30P140 <../logical/results/gate_level/Conv_analysis_view_0p90v_25c_captyp_nominal.sdf, line 158281>.
xmelab: *W,SDFNET: Unable to annotate to non-existent timing check (RECREM (posedge CDN) (COND D_SDFCHK (posedge CP)) (24) (72)) of instance tb.dut.\r_output_addr_row_reg[5]  of module DFCNQD1BWP30P140 <../logical/results/gate_level/Conv_analysis_view_0p90v_25c_captyp_nominal.sdf, line 158302>.
xmelab: *W,SDFNET: Unable to annotate to non-existent timing check (RECREM (posedge CDN) (COND D_SDFCHK (posedge CP)) (24) (72)) of instance tb.dut.\r_output_addr_row_reg[6]  of module DFCNQD1BWP30P140 <../logical/results/gate_level/Conv_analysis_view_0p90v_25c_captyp_nominal.sdf, line 158323>.
xmelab: *W,SDFNET: Unable to annotate to non-existent timing check (RECREM (posedge CDN) (COND D_SDFCHK (posedge CP)) (24) (72)) of instance tb.dut.\r_output_addr_row_reg[7]  of module DFCNQD1BWP30P140 <../logical/results/gate_level/Conv_analysis_view_0p90v_25c_captyp_nominal.sdf, line 158344>.
xmelab: *W,SDFNET: Unable to annotate to non-existent timing check (RECREM (posedge CDN) (COND D_SDFCHK (posedge CP)) (24) (72)) of instance tb.dut.\r_output_addr_row_reg[8]  of module DFCNQD1BWP30P140 <../logical/results/gate_level/Conv_analysis_view_0p90v_25c_captyp_nominal.sdf, line 158365>.
xmelab: *W,SDFNET: Unable to annotate to non-existent timing check (RECREM (posedge CDN) (COND D_SDFCHK (posedge CP)) (24) (72)) of instance tb.dut.\r_output_addr_row_reg[9]  of module DFCNQD1BWP30P140 <../logical/results/gate_level/Conv_analysis_view_0p90v_25c_captyp_nominal.sdf, line 158386>.
xmelab: *W,SDFNET: Unable to annotate to non-existent timing check (RECREM (posedge CDN) (COND D_E_SDFCHK (posedge CP)) (30) (60)) of instance tb.dut.\r_output_channel_counter_input_reg[0]  of module EDFCNQD1BWP30P140 <../logical/results/gate_level/Conv_analysis_view_0p90v_25c_captyp_nominal.sdf, line 158412>.
xmelab: *W,SDFNET: Unable to annotate to non-existent timing check (RECREM (posedge CDN) (COND D_E_SDFCHK (posedge CP)) (30) (60)) of instance tb.dut.\r_output_channel_counter_input_reg[1]  of module EDFCNQD1BWP30P140 <../logical/results/gate_level/Conv_analysis_view_0p90v_25c_captyp_nominal.sdf, line 158442>.
xmelab: *W,SDFNET: Unable to annotate to non-existent timing check (RECREM (posedge CDN) (COND D_E_SDFCHK (posedge CP)) (30) (60)) of instance tb.dut.\r_output_channel_counter_output_reg[1]  of module EDFCNQD1BWP30P140 <../logical/results/gate_level/Conv_analysis_view_0p90v_25c_captyp_nominal.sdf, line 158472>.
xmelab: *W,SDFNET: Unable to annotate to non-existent timing check (RECREM (posedge CDN) (COND D_SDFCHK (posedge CP)) (24) (72)) of instance tb.dut.\r_output_read_count_reg[0]  of module DFCNQD1BWP30P140 <../logical/results/gate_level/Conv_analysis_view_0p90v_25c_captyp_nominal.sdf, line 158497>.
xmelab: *W,SDFNET: Unable to annotate to non-existent timing check (RECREM (posedge CDN) (COND D_SDFCHK (posedge CP)) (24) (72)) of instance tb.dut.\r_output_window_counter_acc_reg[0]  of module DFCNQD1BWP30P140 <../logical/results/gate_level/Conv_analysis_view_0p90v_25c_captyp_nominal.sdf, line 158518>.
xmelab: *W,SDFNET: Unable to annotate to non-existent timing check (RECREM (posedge CDN) (COND D_SDFCHK (posedge CP)) (24) (72)) of instance tb.dut.\r_output_window_counter_acc_reg[1]  of module DFCNQD1BWP30P140 <../logical/results/gate_level/Conv_analysis_view_0p90v_25c_captyp_nominal.sdf, line 158539>.
xmelab: *W,SDFNET: Unable to annotate to non-existent timing check (RECREM (posedge CDN) (COND D_SDFCHK (posedge CP)) (24) (72)) of instance tb.dut.\r_output_window_counter_acc_reg[2]  of module DFCNQD1BWP30P140 <../logical/results/gate_level/Conv_analysis_view_0p90v_25c_captyp_nominal.sdf, line 158560>.
xmelab: *W,SDFNET: Unable to annotate to non-existent timing check (RECREM (posedge CDN) (COND D_SDFCHK (posedge CP)) (24) (72)) of instance tb.dut.\r_output_window_counter_acc_reg[3]  of module DFCNQD1BWP30P140 <../logical/results/gate_level/Conv_analysis_view_0p90v_25c_captyp_nominal.sdf, line 158581>.
xmelab: *W,SDFNET: Unable to annotate to non-existent timing check (RECREM (posedge CDN) (COND D_SDFCHK (posedge CP)) (24) (72)) of instance tb.dut.\r_output_window_counter_acc_reg[4]  of module DFCNQD1BWP30P140 <../logical/results/gate_level/Conv_analysis_view_0p90v_25c_captyp_nominal.sdf, line 158602>.
xmelab: *W,SDFNET: Unable to annotate to non-existent timing check (RECREM (posedge CDN) (COND D_SDFCHK (posedge CP)) (24) (72)) of instance tb.dut.\r_output_window_counter_acc_reg[5]  of module DFCNQD1BWP30P140 <../logical/results/gate_level/Conv_analysis_view_0p90v_25c_captyp_nominal.sdf, line 158623>.
xmelab: *W,SDFNET: Unable to annotate to non-existent timing check (RECREM (posedge CDN) (COND D_SDFCHK (posedge CP)) (24) (72)) of instance tb.dut.\r_output_window_counter_acc_reg[6]  of module DFCNQD1BWP30P140 <../logical/results/gate_level/Conv_analysis_view_0p90v_25c_captyp_nominal.sdf, line 158644>.
xmelab: *W,SDFNET: Unable to annotate to non-existent timing check (RECREM (posedge CDN) (COND D_SDFCHK (posedge CP)) (24) (72)) of instance tb.dut.\r_output_window_counter_acc_reg[7]  of module DFCNQD1BWP30P140 <../logical/results/gate_level/Conv_analysis_view_0p90v_25c_captyp_nominal.sdf, line 158665>.
xmelab: *W,SDFNET: Unable to annotate to non-existent timing check (RECREM (posedge CDN) (COND D_SDFCHK (posedge CP)) (24) (72)) of instance tb.dut.\r_output_window_counter_col_reg[0]  of module DFCNQD1BWP30P140 <../logical/results/gate_level/Conv_analysis_view_0p90v_25c_captyp_nominal.sdf, line 158686>.
xmelab: *W,SDFNET: Unable to annotate to non-existent timing check (RECREM (posedge CDN) (COND D_SDFCHK (posedge CP)) (24) (72)) of instance tb.dut.\r_output_window_counter_col_reg[1]  of module DFCNQD1BWP30P140 <../logical/results/gate_level/Conv_analysis_view_0p90v_25c_captyp_nominal.sdf, line 158707>.
xmelab: *W,SDFNET: Unable to annotate to non-existent timing check (RECREM (posedge CDN) (COND D_SDFCHK (posedge CP)) (24) (72)) of instance tb.dut.\r_output_window_counter_col_reg[2]  of module DFCNQD1BWP30P140 <../logical/results/gate_level/Conv_analysis_view_0p90v_25c_captyp_nominal.sdf, line 158728>.
xmelab: *W,SDFNET: Unable to annotate to non-existent timing check (RECREM (posedge CDN) (COND D_SDFCHK (posedge CP)) (24) (72)) of instance tb.dut.\r_output_window_counter_col_reg[3]  of module DFCNQD1BWP30P140 <../logical/results/gate_level/Conv_analysis_view_0p90v_25c_captyp_nominal.sdf, line 158749>.
xmelab: *W,SDFNET: Unable to annotate to non-existent timing check (RECREM (posedge CDN) (COND D_SDFCHK (posedge CP)) (24) (72)) of instance tb.dut.\r_output_window_counter_col_reg[4]  of module DFCNQD1BWP30P140 <../logical/results/gate_level/Conv_analysis_view_0p90v_25c_captyp_nominal.sdf, line 158770>.
xmelab: *W,SDFNET: Unable to annotate to non-existent timing check (RECREM (posedge CDN) (COND D_SDFCHK (posedge CP)) (24) (72)) of instance tb.dut.\r_output_window_counter_col_reg[5]  of module DFCNQD1BWP30P140 <../logical/results/gate_level/Conv_analysis_view_0p90v_25c_captyp_nominal.sdf, line 158791>.
xmelab: *W,SDFNET: Unable to annotate to non-existent timing check (RECREM (posedge CDN) (COND D_SDFCHK (posedge CP)) (24) (72)) of instance tb.dut.\r_output_window_counter_col_reg[6]  of module DFCNQD1BWP30P140 <../logical/results/gate_level/Conv_analysis_view_0p90v_25c_captyp_nominal.sdf, line 158812>.
xmelab: *W,SDFNET: Unable to annotate to non-existent timing check (RECREM (posedge CDN) (COND D_SDFCHK (posedge CP)) (24) (72)) of instance tb.dut.\r_output_window_counter_col_reg[7]  of module DFCNQD1BWP30P140 <../logical/results/gate_level/Conv_analysis_view_0p90v_25c_captyp_nominal.sdf, line 158833>.
xmelab: *W,SDFNET: Unable to annotate to non-existent timing check (RECREM (posedge CDN) (COND D_SDFCHK (posedge CP)) (24) (72)) of instance tb.dut.\r_output_window_counter_row_reg[0]  of module DFCNQD1BWP30P140 <../logical/results/gate_level/Conv_analysis_view_0p90v_25c_captyp_nominal.sdf, line 158854>.
xmelab: *W,SDFNET: Unable to annotate to non-existent timing check (RECREM (posedge CDN) (COND D_SDFCHK (posedge CP)) (24) (72)) of instance tb.dut.\r_output_window_counter_row_reg[1]  of module DFCNQD1BWP30P140 <../logical/results/gate_level/Conv_analysis_view_0p90v_25c_captyp_nominal.sdf, line 158875>.
xmelab: *W,SDFNET: Unable to annotate to non-existent timing check (RECREM (posedge CDN) (COND D_SDFCHK (posedge CP)) (24) (72)) of instance tb.dut.\r_output_window_counter_row_reg[2]  of module DFCNQD1BWP30P140 <../logical/results/gate_level/Conv_analysis_view_0p90v_25c_captyp_nominal.sdf, line 158896>.
xmelab: *W,SDFNET: Unable to annotate to non-existent timing check (RECREM (posedge CDN) (COND D_SDFCHK (posedge CP)) (24) (72)) of instance tb.dut.\r_output_window_counter_row_reg[3]  of module DFCNQD1BWP30P140 <../logical/results/gate_level/Conv_analysis_view_0p90v_25c_captyp_nominal.sdf, line 158917>.
xmelab: *W,SDFNET: Unable to annotate to non-existent timing check (RECREM (posedge CDN) (COND D_E_SDFCHK (posedge CP)) (30) (60)) of instance tb.dut.\r_output_write_count_reg[1]  of module EDFCNQD1BWP30P140 <../logical/results/gate_level/Conv_analysis_view_0p90v_25c_captyp_nominal.sdf, line 158943>.
xmelab: *W,SDFNET: Unable to annotate to non-existent timing check (RECREM (posedge CDN) (COND D_SDFCHK (posedge CP)) (24) (72)) of instance tb.dut.\r_output_write_reg[0][0]  of module DFCNQD1BWP30P140 <../logical/results/gate_level/Conv_analysis_view_0p90v_25c_captyp_nominal.sdf, line 158968>.
xmelab: *W,SDFNET: Unable to annotate to non-existent timing check (RECREM (posedge CDN) (COND D_SDFCHK (posedge CP)) (24) (72)) of instance tb.dut.\r_output_write_reg[0][1]  of module DFCNQD1BWP30P140 <../logical/results/gate_level/Conv_analysis_view_0p90v_25c_captyp_nominal.sdf, line 158989>.
xmelab: *W,SDFNET: Unable to annotate to non-existent timing check (RECREM (posedge CDN) (COND D_SDFCHK (posedge CP)) (24) (72)) of instance tb.dut.\r_output_write_reg[0][2]  of module DFCNQD1BWP30P140 <../logical/results/gate_level/Conv_analysis_view_0p90v_25c_captyp_nominal.sdf, line 159010>.
xmelab: *W,SDFNET: Unable to annotate to non-existent timing check (RECREM (posedge CDN) (COND D_SDFCHK (posedge CP)) (24) (72)) of instance tb.dut.\r_output_write_reg[0][3]  of module DFCNQD1BWP30P140 <../logical/results/gate_level/Conv_analysis_view_0p90v_25c_captyp_nominal.sdf, line 159031>.
xmelab: *W,SDFNET: Unable to annotate to non-existent timing check (RECREM (posedge CDN) (COND D_SDFCHK (posedge CP)) (24) (72)) of instance tb.dut.\r_output_write_reg[0][4]  of module DFCNQD1BWP30P140 <../logical/results/gate_level/Conv_analysis_view_0p90v_25c_captyp_nominal.sdf, line 159052>.
xmelab: *W,SDFNET: Unable to annotate to non-existent timing check (RECREM (posedge CDN) (COND D_SDFCHK (posedge CP)) (24) (72)) of instance tb.dut.\r_output_write_reg[0][5]  of module DFCNQD1BWP30P140 <../logical/results/gate_level/Conv_analysis_view_0p90v_25c_captyp_nominal.sdf, line 159073>.
xmelab: *W,SDFNET: Unable to annotate to non-existent timing check (RECREM (posedge CDN) (COND D_SDFCHK (posedge CP)) (24) (72)) of instance tb.dut.\r_output_write_reg[0][6]  of module DFCNQD1BWP30P140 <../logical/results/gate_level/Conv_analysis_view_0p90v_25c_captyp_nominal.sdf, line 159094>.
xmelab: *W,SDFNET: Unable to annotate to non-existent timing check (RECREM (posedge CDN) (COND D_SDFCHK (posedge CP)) (24) (72)) of instance tb.dut.\r_output_write_reg[0][7]  of module DFCNQD1BWP30P140 <../logical/results/gate_level/Conv_analysis_view_0p90v_25c_captyp_nominal.sdf, line 159115>.
xmelab: *W,SDFNET: Unable to annotate to non-existent timing check (RECREM (posedge CDN) (COND D_SDFCHK (posedge CP)) (24) (72)) of instance tb.dut.\r_output_write_reg[0][8]  of module DFCNQD1BWP30P140 <../logical/results/gate_level/Conv_analysis_view_0p90v_25c_captyp_nominal.sdf, line 159136>.
xmelab: *W,SDFNET: Unable to annotate to non-existent timing check (RECREM (posedge CDN) (COND D_SDFCHK (posedge CP)) (24) (72)) of instance tb.dut.\r_output_write_reg[0][9]  of module DFCNQD1BWP30P140 <../logical/results/gate_level/Conv_analysis_view_0p90v_25c_captyp_nominal.sdf, line 159157>.
xmelab: *W,SDFNET: Unable to annotate to non-existent timing check (RECREM (posedge CDN) (COND D_SDFCHK (posedge CP)) (24) (72)) of instance tb.dut.\r_output_write_reg[0][10]  of module DFCNQD1BWP30P140 <../logical/results/gate_level/Conv_analysis_view_0p90v_25c_captyp_nominal.sdf, line 159178>.
xmelab: *W,SDFNET: Unable to annotate to non-existent timing check (RECREM (posedge CDN) (COND D_SDFCHK (posedge CP)) (24) (72)) of instance tb.dut.\r_output_write_reg[0][11]  of module DFCNQD1BWP30P140 <../logical/results/gate_level/Conv_analysis_view_0p90v_25c_captyp_nominal.sdf, line 159199>.
xmelab: *W,SDFNET: Unable to annotate to non-existent timing check (RECREM (posedge CDN) (COND D_SDFCHK (posedge CP)) (24) (72)) of instance tb.dut.\r_output_write_reg[0][12]  of module DFCNQD1BWP30P140 <../logical/results/gate_level/Conv_analysis_view_0p90v_25c_captyp_nominal.sdf, line 159220>.
xmelab: *W,SDFNET: Unable to annotate to non-existent timing check (RECREM (posedge CDN) (COND D_SDFCHK (posedge CP)) (24) (72)) of instance tb.dut.\r_output_write_reg[0][13]  of module DFCNQD1BWP30P140 <../logical/results/gate_level/Conv_analysis_view_0p90v_25c_captyp_nominal.sdf, line 159241>.
xmelab: *W,SDFNET: Unable to annotate to non-existent timing check (RECREM (posedge CDN) (COND D_SDFCHK (posedge CP)) (24) (72)) of instance tb.dut.\r_output_write_reg[0][14]  of module DFCNQD1BWP30P140 <../logical/results/gate_level/Conv_analysis_view_0p90v_25c_captyp_nominal.sdf, line 159262>.
xmelab: *W,SDFNET: Unable to annotate to non-existent timing check (RECREM (posedge CDN) (COND D_SDFCHK (posedge CP)) (24) (72)) of instance tb.dut.\r_output_write_reg[0][15]  of module DFCNQD1BWP30P140 <../logical/results/gate_level/Conv_analysis_view_0p90v_25c_captyp_nominal.sdf, line 159283>.
xmelab: *W,SDFNET: Unable to annotate to non-existent timing check (RECREM (posedge CDN) (COND D_SDFCHK (posedge CP)) (24) (72)) of instance tb.dut.\r_output_write_reg[0][16]  of module DFCNQD1BWP30P140 <../logical/results/gate_level/Conv_analysis_view_0p90v_25c_captyp_nominal.sdf, line 159304>.
xmelab: *W,SDFNET: Unable to annotate to non-existent timing check (RECREM (posedge CDN) (COND D_SDFCHK (posedge CP)) (24) (72)) of instance tb.dut.\r_output_write_reg[0][17]  of module DFCNQD1BWP30P140 <../logical/results/gate_level/Conv_analysis_view_0p90v_25c_captyp_nominal.sdf, line 159325>.
xmelab: *W,SDFNET: Unable to annotate to non-existent timing check (RECREM (posedge CDN) (COND D_SDFCHK (posedge CP)) (24) (72)) of instance tb.dut.\r_output_write_reg[0][18]  of module DFCNQD1BWP30P140 <../logical/results/gate_level/Conv_analysis_view_0p90v_25c_captyp_nominal.sdf, line 159346>.
xmelab: *W,SDFNET: Unable to annotate to non-existent timing check (RECREM (posedge CDN) (COND D_SDFCHK (posedge CP)) (24) (72)) of instance tb.dut.\r_output_write_reg[0][19]  of module DFCNQD1BWP30P140 <../logical/results/gate_level/Conv_analysis_view_0p90v_25c_captyp_nominal.sdf, line 159367>.
xmelab: *W,SDFNET: Unable to annotate to non-existent timing check (RECREM (posedge CDN) (COND D_SDFCHK (posedge CP)) (24) (72)) of instance tb.dut.\r_output_write_reg[1][0]  of module DFCNQD1BWP30P140 <../logical/results/gate_level/Conv_analysis_view_0p90v_25c_captyp_nominal.sdf, line 159388>.
xmelab: *W,SDFNET: Unable to annotate to non-existent timing check (RECREM (posedge CDN) (COND D_SDFCHK (posedge CP)) (24) (72)) of instance tb.dut.\r_output_write_reg[1][1]  of module DFCNQD1BWP30P140 <../logical/results/gate_level/Conv_analysis_view_0p90v_25c_captyp_nominal.sdf, line 159409>.
xmelab: *W,SDFNET: Unable to annotate to non-existent timing check (RECREM (posedge CDN) (COND D_SDFCHK (posedge CP)) (24) (72)) of instance tb.dut.\r_output_write_reg[1][2]  of module DFCNQD1BWP30P140 <../logical/results/gate_level/Conv_analysis_view_0p90v_25c_captyp_nominal.sdf, line 159430>.
xmelab: *W,SDFNET: Unable to annotate to non-existent timing check (RECREM (posedge CDN) (COND D_SDFCHK (posedge CP)) (24) (72)) of instance tb.dut.\r_output_write_reg[1][3]  of module DFCNQD1BWP30P140 <../logical/results/gate_level/Conv_analysis_view_0p90v_25c_captyp_nominal.sdf, line 159451>.
xmelab: *W,SDFNET: Unable to annotate to non-existent timing check (RECREM (posedge CDN) (COND D_SDFCHK (posedge CP)) (24) (72)) of instance tb.dut.\r_output_write_reg[1][4]  of module DFCNQD1BWP30P140 <../logical/results/gate_level/Conv_analysis_view_0p90v_25c_captyp_nominal.sdf, line 159472>.
xmelab: *W,SDFNET: Unable to annotate to non-existent timing check (RECREM (posedge CDN) (COND D_SDFCHK (posedge CP)) (24) (72)) of instance tb.dut.\r_output_write_reg[1][5]  of module DFCNQD1BWP30P140 <../logical/results/gate_level/Conv_analysis_view_0p90v_25c_captyp_nominal.sdf, line 159493>.
xmelab: *W,SDFNET: Unable to annotate to non-existent timing check (RECREM (posedge CDN) (COND D_SDFCHK (posedge CP)) (24) (72)) of instance tb.dut.\r_output_write_reg[1][6]  of module DFCNQD1BWP30P140 <../logical/results/gate_level/Conv_analysis_view_0p90v_25c_captyp_nominal.sdf, line 159514>.
xmelab: *W,SDFNET: Unable to annotate to non-existent timing check (RECREM (posedge CDN) (COND D_SDFCHK (posedge CP)) (24) (72)) of instance tb.dut.\r_output_write_reg[1][7]  of module DFCNQD1BWP30P140 <../logical/results/gate_level/Conv_analysis_view_0p90v_25c_captyp_nominal.sdf, line 159535>.
xmelab: *W,SDFNET: Unable to annotate to non-existent timing check (RECREM (posedge CDN) (COND D_SDFCHK (posedge CP)) (24) (72)) of instance tb.dut.\r_output_write_reg[1][8]  of module DFCNQD1BWP30P140 <../logical/results/gate_level/Conv_analysis_view_0p90v_25c_captyp_nominal.sdf, line 159556>.
xmelab: *W,SDFNET: Unable to annotate to non-existent timing check (RECREM (posedge CDN) (COND D_SDFCHK (posedge CP)) (24) (72)) of instance tb.dut.\r_output_write_reg[1][9]  of module DFCNQD1BWP30P140 <../logical/results/gate_level/Conv_analysis_view_0p90v_25c_captyp_nominal.sdf, line 159577>.
xmelab: *W,SDFNET: Unable to annotate to non-existent timing check (RECREM (posedge CDN) (COND D_SDFCHK (posedge CP)) (24) (72)) of instance tb.dut.\r_output_write_reg[1][10]  of module DFCNQD1BWP30P140 <../logical/results/gate_level/Conv_analysis_view_0p90v_25c_captyp_nominal.sdf, line 159598>.
xmelab: *W,SDFNET: Unable to annotate to non-existent timing check (RECREM (posedge CDN) (COND D_SDFCHK (posedge CP)) (24) (72)) of instance tb.dut.\r_output_write_reg[1][11]  of module DFCNQD1BWP30P140 <../logical/results/gate_level/Conv_analysis_view_0p90v_25c_captyp_nominal.sdf, line 159619>.
xmelab: *W,SDFNET: Unable to annotate to non-existent timing check (RECREM (posedge CDN) (COND D_SDFCHK (posedge CP)) (24) (72)) of instance tb.dut.\r_output_write_reg[1][12]  of module DFCNQD1BWP30P140 <../logical/results/gate_level/Conv_analysis_view_0p90v_25c_captyp_nominal.sdf, line 159640>.
xmelab: *W,SDFNET: Unable to annotate to non-existent timing check (RECREM (posedge CDN) (COND D_SDFCHK (posedge CP)) (24) (72)) of instance tb.dut.\r_output_write_reg[1][13]  of module DFCNQD1BWP30P140 <../logical/results/gate_level/Conv_analysis_view_0p90v_25c_captyp_nominal.sdf, line 159661>.
xmelab: *W,SDFNET: Unable to annotate to non-existent timing check (RECREM (posedge CDN) (COND D_SDFCHK (posedge CP)) (24) (72)) of instance tb.dut.\r_output_write_reg[1][14]  of module DFCNQD1BWP30P140 <../logical/results/gate_level/Conv_analysis_view_0p90v_25c_captyp_nominal.sdf, line 159682>.
xmelab: *W,SDFNET: Unable to annotate to non-existent timing check (RECREM (posedge CDN) (COND D_SDFCHK (posedge CP)) (24) (72)) of instance tb.dut.\r_output_write_reg[1][15]  of module DFCNQD1BWP30P140 <../logical/results/gate_level/Conv_analysis_view_0p90v_25c_captyp_nominal.sdf, line 159703>.
xmelab: *W,SDFNET: Unable to annotate to non-existent timing check (RECREM (posedge CDN) (COND D_SDFCHK (posedge CP)) (24) (72)) of instance tb.dut.\r_output_write_reg[1][16]  of module DFCNQD1BWP30P140 <../logical/results/gate_level/Conv_analysis_view_0p90v_25c_captyp_nominal.sdf, line 159724>.
xmelab: *W,SDFNET: Unable to annotate to non-existent timing check (RECREM (posedge CDN) (COND D_SDFCHK (posedge CP)) (24) (72)) of instance tb.dut.\r_output_write_reg[1][17]  of module DFCNQD1BWP30P140 <../logical/results/gate_level/Conv_analysis_view_0p90v_25c_captyp_nominal.sdf, line 159745>.
xmelab: *W,SDFNET: Unable to annotate to non-existent timing check (RECREM (posedge CDN) (COND D_SDFCHK (posedge CP)) (24) (72)) of instance tb.dut.\r_output_write_reg[1][18]  of module DFCNQD1BWP30P140 <../logical/results/gate_level/Conv_analysis_view_0p90v_25c_captyp_nominal.sdf, line 159766>.
xmelab: *W,SDFNET: Unable to annotate to non-existent timing check (RECREM (posedge CDN) (COND D_SDFCHK (posedge CP)) (24) (72)) of instance tb.dut.\r_output_write_reg[1][19]  of module DFCNQD1BWP30P140 <../logical/results/gate_level/Conv_analysis_view_0p90v_25c_captyp_nominal.sdf, line 159787>.
xmelab: *W,SDFNET: Unable to annotate to non-existent timing check (RECREM (posedge CDN) (COND D_SDFCHK (posedge CP)) (24) (72)) of instance tb.dut.\r_output_write_reg[2][0]  of module DFCNQD1BWP30P140 <../logical/results/gate_level/Conv_analysis_view_0p90v_25c_captyp_nominal.sdf, line 159808>.
xmelab: *W,SDFNET: Unable to annotate to non-existent timing check (RECREM (posedge CDN) (COND D_SDFCHK (posedge CP)) (24) (72)) of instance tb.dut.\r_output_write_reg[2][1]  of module DFCNQD1BWP30P140 <../logical/results/gate_level/Conv_analysis_view_0p90v_25c_captyp_nominal.sdf, line 159829>.
xmelab: *W,SDFNET: Unable to annotate to non-existent timing check (RECREM (posedge CDN) (COND D_SDFCHK (posedge CP)) (24) (72)) of instance tb.dut.\r_output_write_reg[2][2]  of module DFCNQD1BWP30P140 <../logical/results/gate_level/Conv_analysis_view_0p90v_25c_captyp_nominal.sdf, line 159850>.
xmelab: *W,SDFNET: Unable to annotate to non-existent timing check (RECREM (posedge CDN) (COND D_SDFCHK (posedge CP)) (24) (72)) of instance tb.dut.\r_output_write_reg[2][3]  of module DFCNQD1BWP30P140 <../logical/results/gate_level/Conv_analysis_view_0p90v_25c_captyp_nominal.sdf, line 159871>.
xmelab: *W,SDFNET: Unable to annotate to non-existent timing check (RECREM (posedge CDN) (COND D_SDFCHK (posedge CP)) (24) (72)) of instance tb.dut.\r_output_write_reg[2][4]  of module DFCNQD1BWP30P140 <../logical/results/gate_level/Conv_analysis_view_0p90v_25c_captyp_nominal.sdf, line 159892>.
xmelab: *W,SDFNET: Unable to annotate to non-existent timing check (RECREM (posedge CDN) (COND D_SDFCHK (posedge CP)) (24) (72)) of instance tb.dut.\r_output_write_reg[2][5]  of module DFCNQD1BWP30P140 <../logical/results/gate_level/Conv_analysis_view_0p90v_25c_captyp_nominal.sdf, line 159913>.
xmelab: *W,SDFNET: Unable to annotate to non-existent timing check (RECREM (posedge CDN) (COND D_SDFCHK (posedge CP)) (24) (72)) of instance tb.dut.\r_output_write_reg[2][6]  of module DFCNQD1BWP30P140 <../logical/results/gate_level/Conv_analysis_view_0p90v_25c_captyp_nominal.sdf, line 159934>.
xmelab: *W,SDFNET: Unable to annotate to non-existent timing check (RECREM (posedge CDN) (COND D_SDFCHK (posedge CP)) (24) (72)) of instance tb.dut.\r_output_write_reg[2][7]  of module DFCNQD1BWP30P140 <../logical/results/gate_level/Conv_analysis_view_0p90v_25c_captyp_nominal.sdf, line 159955>.
xmelab: *W,SDFNET: Unable to annotate to non-existent timing check (RECREM (posedge CDN) (COND D_SDFCHK (posedge CP)) (24) (72)) of instance tb.dut.\r_output_write_reg[2][8]  of module DFCNQD1BWP30P140 <../logical/results/gate_level/Conv_analysis_view_0p90v_25c_captyp_nominal.sdf, line 159976>.
xmelab: *W,SDFNET: Unable to annotate to non-existent timing check (RECREM (posedge CDN) (COND D_SDFCHK (posedge CP)) (24) (72)) of instance tb.dut.\r_output_write_reg[2][9]  of module DFCNQD1BWP30P140 <../logical/results/gate_level/Conv_analysis_view_0p90v_25c_captyp_nominal.sdf, line 159997>.
xmelab: *W,SDFNET: Unable to annotate to non-existent timing check (RECREM (posedge CDN) (COND D_SDFCHK (posedge CP)) (24) (72)) of instance tb.dut.\r_output_write_reg[2][10]  of module DFCNQD1BWP30P140 <../logical/results/gate_level/Conv_analysis_view_0p90v_25c_captyp_nominal.sdf, line 160018>.
xmelab: *W,SDFNET: Unable to annotate to non-existent timing check (RECREM (posedge CDN) (COND D_SDFCHK (posedge CP)) (24) (72)) of instance tb.dut.\r_output_write_reg[2][11]  of module DFCNQD1BWP30P140 <../logical/results/gate_level/Conv_analysis_view_0p90v_25c_captyp_nominal.sdf, line 160039>.
xmelab: *W,SDFNET: Unable to annotate to non-existent timing check (RECREM (posedge CDN) (COND D_SDFCHK (posedge CP)) (24) (72)) of instance tb.dut.\r_output_write_reg[2][12]  of module DFCNQD1BWP30P140 <../logical/results/gate_level/Conv_analysis_view_0p90v_25c_captyp_nominal.sdf, line 160060>.
xmelab: *W,SDFNET: Unable to annotate to non-existent timing check (RECREM (posedge CDN) (COND D_SDFCHK (posedge CP)) (24) (72)) of instance tb.dut.\r_output_write_reg[2][13]  of module DFCNQD1BWP30P140 <../logical/results/gate_level/Conv_analysis_view_0p90v_25c_captyp_nominal.sdf, line 160081>.
xmelab: *W,SDFNET: Unable to annotate to non-existent timing check (RECREM (posedge CDN) (COND D_SDFCHK (posedge CP)) (24) (72)) of instance tb.dut.\r_output_write_reg[2][14]  of module DFCNQD1BWP30P140 <../logical/results/gate_level/Conv_analysis_view_0p90v_25c_captyp_nominal.sdf, line 160102>.
xmelab: *W,SDFNET: Unable to annotate to non-existent timing check (RECREM (posedge CDN) (COND D_SDFCHK (posedge CP)) (24) (72)) of instance tb.dut.\r_output_write_reg[2][15]  of module DFCNQD1BWP30P140 <../logical/results/gate_level/Conv_analysis_view_0p90v_25c_captyp_nominal.sdf, line 160123>.
xmelab: *W,SDFNET: Unable to annotate to non-existent timing check (RECREM (posedge CDN) (COND D_SDFCHK (posedge CP)) (24) (72)) of instance tb.dut.\r_output_write_reg[2][16]  of module DFCNQD1BWP30P140 <../logical/results/gate_level/Conv_analysis_view_0p90v_25c_captyp_nominal.sdf, line 160144>.
xmelab: *W,SDFNET: Unable to annotate to non-existent timing check (RECREM (posedge CDN) (COND D_SDFCHK (posedge CP)) (24) (72)) of instance tb.dut.\r_output_write_reg[2][17]  of module DFCNQD1BWP30P140 <../logical/results/gate_level/Conv_analysis_view_0p90v_25c_captyp_nominal.sdf, line 160165>.
xmelab: *W,SDFNET: Unable to annotate to non-existent timing check (RECREM (posedge CDN) (COND D_SDFCHK (posedge CP)) (24) (72)) of instance tb.dut.\r_output_write_reg[2][18]  of module DFCNQD1BWP30P140 <../logical/results/gate_level/Conv_analysis_view_0p90v_25c_captyp_nominal.sdf, line 160186>.
xmelab: *W,SDFNET: Unable to annotate to non-existent timing check (RECREM (posedge CDN) (COND D_SDFCHK (posedge CP)) (24) (72)) of instance tb.dut.\r_output_write_reg[2][19]  of module DFCNQD1BWP30P140 <../logical/results/gate_level/Conv_analysis_view_0p90v_25c_captyp_nominal.sdf, line 160207>.
xmelab: *W,SDFNET: Unable to annotate to non-existent timing check (RECREM (posedge CDN) (COND D_SDFCHK (posedge CP)) (24) (72)) of instance tb.dut.\r_output_write_reg[3][0]  of module DFCNQD1BWP30P140 <../logical/results/gate_level/Conv_analysis_view_0p90v_25c_captyp_nominal.sdf, line 160228>.
xmelab: *W,SDFNET: Unable to annotate to non-existent timing check (RECREM (posedge CDN) (COND D_SDFCHK (posedge CP)) (24) (72)) of instance tb.dut.\r_output_write_reg[3][1]  of module DFCNQD1BWP30P140 <../logical/results/gate_level/Conv_analysis_view_0p90v_25c_captyp_nominal.sdf, line 160249>.
xmelab: *W,SDFNET: Unable to annotate to non-existent timing check (RECREM (posedge CDN) (COND D_SDFCHK (posedge CP)) (24) (72)) of instance tb.dut.\r_output_write_reg[3][2]  of module DFCNQD1BWP30P140 <../logical/results/gate_level/Conv_analysis_view_0p90v_25c_captyp_nominal.sdf, line 160270>.
xmelab: *W,SDFNET: Unable to annotate to non-existent timing check (RECREM (posedge CDN) (COND D_SDFCHK (posedge CP)) (24) (72)) of instance tb.dut.\r_output_write_reg[3][3]  of module DFCNQD1BWP30P140 <../logical/results/gate_level/Conv_analysis_view_0p90v_25c_captyp_nominal.sdf, line 160291>.
xmelab: *W,SDFNET: Unable to annotate to non-existent timing check (RECREM (posedge CDN) (COND D_SDFCHK (posedge CP)) (24) (72)) of instance tb.dut.\r_output_write_reg[3][4]  of module DFCNQD1BWP30P140 <../logical/results/gate_level/Conv_analysis_view_0p90v_25c_captyp_nominal.sdf, line 160312>.
xmelab: *W,SDFNET: Unable to annotate to non-existent timing check (RECREM (posedge CDN) (COND D_SDFCHK (posedge CP)) (24) (72)) of instance tb.dut.\r_output_write_reg[3][5]  of module DFCNQD1BWP30P140 <../logical/results/gate_level/Conv_analysis_view_0p90v_25c_captyp_nominal.sdf, line 160333>.
xmelab: *W,SDFNET: Unable to annotate to non-existent timing check (RECREM (posedge CDN) (COND D_SDFCHK (posedge CP)) (24) (72)) of instance tb.dut.\r_output_write_reg[3][6]  of module DFCNQD1BWP30P140 <../logical/results/gate_level/Conv_analysis_view_0p90v_25c_captyp_nominal.sdf, line 160354>.
xmelab: *W,SDFNET: Unable to annotate to non-existent timing check (RECREM (posedge CDN) (COND D_SDFCHK (posedge CP)) (24) (72)) of instance tb.dut.\r_output_write_reg[3][7]  of module DFCNQD1BWP30P140 <../logical/results/gate_level/Conv_analysis_view_0p90v_25c_captyp_nominal.sdf, line 160375>.
xmelab: *W,SDFNET: Unable to annotate to non-existent timing check (RECREM (posedge CDN) (COND D_SDFCHK (posedge CP)) (24) (72)) of instance tb.dut.\r_output_write_reg[3][8]  of module DFCNQD1BWP30P140 <../logical/results/gate_level/Conv_analysis_view_0p90v_25c_captyp_nominal.sdf, line 160396>.
xmelab: *W,SDFNET: Unable to annotate to non-existent timing check (RECREM (posedge CDN) (COND D_SDFCHK (posedge CP)) (24) (72)) of instance tb.dut.\r_output_write_reg[3][9]  of module DFCNQD1BWP30P140 <../logical/results/gate_level/Conv_analysis_view_0p90v_25c_captyp_nominal.sdf, line 160417>.
xmelab: *W,SDFNET: Unable to annotate to non-existent timing check (RECREM (posedge CDN) (COND D_SDFCHK (posedge CP)) (24) (72)) of instance tb.dut.\r_output_write_reg[3][10]  of module DFCNQD1BWP30P140 <../logical/results/gate_level/Conv_analysis_view_0p90v_25c_captyp_nominal.sdf, line 160438>.
xmelab: *W,SDFNET: Unable to annotate to non-existent timing check (RECREM (posedge CDN) (COND D_SDFCHK (posedge CP)) (24) (72)) of instance tb.dut.\r_output_write_reg[3][11]  of module DFCNQD1BWP30P140 <../logical/results/gate_level/Conv_analysis_view_0p90v_25c_captyp_nominal.sdf, line 160459>.
xmelab: *W,SDFNET: Unable to annotate to non-existent timing check (RECREM (posedge CDN) (COND D_SDFCHK (posedge CP)) (24) (72)) of instance tb.dut.\r_output_write_reg[3][12]  of module DFCNQD1BWP30P140 <../logical/results/gate_level/Conv_analysis_view_0p90v_25c_captyp_nominal.sdf, line 160480>.
xmelab: *W,SDFNET: Unable to annotate to non-existent timing check (RECREM (posedge CDN) (COND D_SDFCHK (posedge CP)) (24) (72)) of instance tb.dut.\r_output_write_reg[3][13]  of module DFCNQD1BWP30P140 <../logical/results/gate_level/Conv_analysis_view_0p90v_25c_captyp_nominal.sdf, line 160501>.
xmelab: *W,SDFNET: Unable to annotate to non-existent timing check (RECREM (posedge CDN) (COND D_SDFCHK (posedge CP)) (24) (72)) of instance tb.dut.\r_output_write_reg[3][14]  of module DFCNQD1BWP30P140 <../logical/results/gate_level/Conv_analysis_view_0p90v_25c_captyp_nominal.sdf, line 160522>.
xmelab: *W,SDFNET: Unable to annotate to non-existent timing check (RECREM (posedge CDN) (COND D_SDFCHK (posedge CP)) (24) (72)) of instance tb.dut.\r_output_write_reg[3][15]  of module DFCNQD1BWP30P140 <../logical/results/gate_level/Conv_analysis_view_0p90v_25c_captyp_nominal.sdf, line 160543>.
xmelab: *W,SDFNET: Unable to annotate to non-existent timing check (RECREM (posedge CDN) (COND D_SDFCHK (posedge CP)) (24) (72)) of instance tb.dut.\r_output_write_reg[3][16]  of module DFCNQD1BWP30P140 <../logical/results/gate_level/Conv_analysis_view_0p90v_25c_captyp_nominal.sdf, line 160564>.
xmelab: *W,SDFNET: Unable to annotate to non-existent timing check (RECREM (posedge CDN) (COND D_SDFCHK (posedge CP)) (24) (72)) of instance tb.dut.\r_output_write_reg[3][17]  of module DFCNQD1BWP30P140 <../logical/results/gate_level/Conv_analysis_view_0p90v_25c_captyp_nominal.sdf, line 160585>.
xmelab: *W,SDFNET: Unable to annotate to non-existent timing check (RECREM (posedge CDN) (COND D_SDFCHK (posedge CP)) (24) (72)) of instance tb.dut.\r_output_write_reg[3][18]  of module DFCNQD1BWP30P140 <../logical/results/gate_level/Conv_analysis_view_0p90v_25c_captyp_nominal.sdf, line 160606>.
xmelab: *W,SDFNET: Unable to annotate to non-existent timing check (RECREM (posedge CDN) (COND D_SDFCHK (posedge CP)) (24) (72)) of instance tb.dut.\r_output_write_reg[3][19]  of module DFCNQD1BWP30P140 <../logical/results/gate_level/Conv_analysis_view_0p90v_25c_captyp_nominal.sdf, line 160627>.
xmelab: *W,SDFNET: Unable to annotate to non-existent timing check (RECREM (posedge CDN) (COND D_SDFCHK (posedge CP)) (24) (72)) of instance tb.dut.st_conv_current_reg of module DFCNQD1BWP30P140 <../logical/results/gate_level/Conv_analysis_view_0p90v_25c_captyp_nominal.sdf, line 160648>.
xmelab: *W,SDFNET: Unable to annotate to non-existent timing check (RECREM (posedge CDN) (COND D_SDFCHK (posedge CP)) (24) (72)) of instance tb.dut.\st_input_current_reg[2]  of module DFCNQD1BWP30P140 <../logical/results/gate_level/Conv_analysis_view_0p90v_25c_captyp_nominal.sdf, line 160669>.
xmelab: *W,SDFNET: Unable to annotate to non-existent timing check (RECREM (posedge CDN) (COND D_SDFCHK (posedge CP)) (24) (72)) of instance tb.dut.\st_input_current_reg[3]  of module DFCNQD1BWP30P140 <../logical/results/gate_level/Conv_analysis_view_0p90v_25c_captyp_nominal.sdf, line 160690>.
xmelab: *W,SDFNET: Unable to annotate to non-existent timing check (RECREM (posedge CDN) (COND D_SDFCHK (posedge CP)) (24) (72)) of instance tb.dut.\st_output_current_reg[0]  of module DFCNQD1BWP30P140 <../logical/results/gate_level/Conv_analysis_view_0p90v_25c_captyp_nominal.sdf, line 160711>.
xmelab: *W,SDFNET: Unable to annotate to non-existent timing check (RECREM (posedge CDN) (COND D_SDFCHK (posedge CP)) (24) (72)) of instance tb.dut.\st_output_current_reg[1]  of module DFCNQD1BWP30P140 <../logical/results/gate_level/Conv_analysis_view_0p90v_25c_captyp_nominal.sdf, line 160732>.
xmelab: *W,SDFNET: Unable to annotate to non-existent timing check (RECREM (posedge CDN) (COND D_E_SDFCHK (posedge CP)) (30) (60)) of instance tb.dut.w_conv_end_reg of module EDFCNQD1BWP30P140 <../logical/results/gate_level/Conv_analysis_view_0p90v_25c_captyp_nominal.sdf, line 160758>.
xmelab: *W,SDFNET: Unable to annotate to non-existent timing check (RECREM (posedge CDN) (COND D_E_SDFCHK (posedge CP)) (30) (60)) of instance tb.dut.\r_input_channel_counter_output_reg[0]  of module EDFCND1BWP30P140 <../logical/results/gate_level/Conv_analysis_view_0p90v_25c_captyp_nominal.sdf, line 169483>.
xmelab: *W,SDFNET: Unable to annotate to non-existent timing check (RECREM (posedge CDN) (COND D_SDFCHK (posedge CP)) (25) (72)) of instance tb.dut.\r_output_addr_channel_reg[2]  of module DFCND1BWP30P140 <../logical/results/gate_level/Conv_analysis_view_0p90v_25c_captyp_nominal.sdf, line 169513>.
xmelab: *W,SDFNET: Unable to annotate to non-existent timing check (RECREM (posedge CDN) (COND D_E_SDFCHK (posedge CP)) (30) (60)) of instance tb.dut.\r_output_addr_channel_reg[11]  of module EDFCND1BWP30P140 <../logical/results/gate_level/Conv_analysis_view_0p90v_25c_captyp_nominal.sdf, line 169548>.
xmelab: *W,SDFNET: Unable to annotate to non-existent timing check (RECREM (posedge CDN) (COND D_E_SDFCHK (posedge CP)) (30) (60)) of instance tb.dut.\r_output_channel_counter_output_reg[0]  of module EDFCND1BWP30P140 <../logical/results/gate_level/Conv_analysis_view_0p90v_25c_captyp_nominal.sdf, line 169587>.
xmelab: *W,SDFNET: Unable to annotate to non-existent timing check (RECREM (posedge CDN) (COND D_SDFCHK (posedge CP)) (25) (72)) of instance tb.dut.\st_input_current_reg[0]  of module DFCND1BWP30P140 <../logical/results/gate_level/Conv_analysis_view_0p90v_25c_captyp_nominal.sdf, line 169617>.
xmelab: *W,SDFNET: Unable to annotate to non-existent timing check (RECREM (posedge CDN) (COND D_SDFCHK (posedge CP)) (25) (72)) of instance tb.dut.\st_input_current_reg[1]  of module DFCND1BWP30P140 <../logical/results/gate_level/Conv_analysis_view_0p90v_25c_captyp_nominal.sdf, line 169643>.
xmelab: *W,SDFNET: Unable to annotate to non-existent timing check (RECREM (posedge CDN) (COND D_SDFCHK (posedge CP)) (24) (72)) of instance tb.dut.\r_input_feat_reg[0][0]  of module DFCNQD1BWP30P140 <../logical/results/gate_level/Conv_analysis_view_0p90v_25c_captyp_nominal.sdf, line 169676>.
xmelab: *W,SDFNET: Unable to annotate to non-existent timing check (RECREM (posedge CDN) (COND D_SDFCHK (posedge CP)) (24) (72)) of instance tb.dut.\r_input_feat_reg[0][1]  of module DFCNQD1BWP30P140 <../logical/results/gate_level/Conv_analysis_view_0p90v_25c_captyp_nominal.sdf, line 169697>.
xmelab: *W,SDFNET: Unable to annotate to non-existent timing check (RECREM (posedge CDN) (COND D_SDFCHK (posedge CP)) (24) (72)) of instance tb.dut.\r_input_feat_reg[0][2]  of module DFCNQD1BWP30P140 <../logical/results/gate_level/Conv_analysis_view_0p90v_25c_captyp_nominal.sdf, line 169718>.
xmelab: *W,SDFNET: Unable to annotate to non-existent timing check (RECREM (posedge CDN) (COND D_SDFCHK (posedge CP)) (24) (72)) of instance tb.dut.\r_input_feat_reg[0][3]  of module DFCNQD1BWP30P140 <../logical/results/gate_level/Conv_analysis_view_0p90v_25c_captyp_nominal.sdf, line 169739>.
xmelab: *W,SDFNET: Unable to annotate to non-existent timing check (RECREM (posedge CDN) (COND D_SDFCHK (posedge CP)) (24) (72)) of instance tb.dut.\r_input_feat_reg[0][4]  of module DFCNQD1BWP30P140 <../logical/results/gate_level/Conv_analysis_view_0p90v_25c_captyp_nominal.sdf, line 169760>.
xmelab: *W,SDFNET: Unable to annotate to non-existent timing check (RECREM (posedge CDN) (COND D_SDFCHK (posedge CP)) (24) (72)) of instance tb.dut.\r_input_feat_reg[0][5]  of module DFCNQD1BWP30P140 <../logical/results/gate_level/Conv_analysis_view_0p90v_25c_captyp_nominal.sdf, line 169781>.
xmelab: *W,SDFNET: Unable to annotate to non-existent timing check (RECREM (posedge CDN) (COND D_SDFCHK (posedge CP)) (24) (72)) of instance tb.dut.\r_input_feat_reg[0][6]  of module DFCNQD1BWP30P140 <../logical/results/gate_level/Conv_analysis_view_0p90v_25c_captyp_nominal.sdf, line 169802>.
xmelab: *W,SDFNET: Unable to annotate to non-existent timing check (RECREM (posedge CDN) (COND D_SDFCHK (posedge CP)) (24) (72)) of instance tb.dut.\r_input_feat_reg[0][7]  of module DFCNQD1BWP30P140 <../logical/results/gate_level/Conv_analysis_view_0p90v_25c_captyp_nominal.sdf, line 169823>.
xmelab: *W,SDFNET: Unable to annotate to non-existent timing check (RECREM (posedge CDN) (COND D_SDFCHK (posedge CP)) (24) (72)) of instance tb.dut.\r_input_feat_reg[0][8]  of module DFCNQD1BWP30P140 <../logical/results/gate_level/Conv_analysis_view_0p90v_25c_captyp_nominal.sdf, line 169844>.
xmelab: *W,SDFNET: Unable to annotate to non-existent timing check (RECREM (posedge CDN) (COND D_SDFCHK (posedge CP)) (24) (72)) of instance tb.dut.\r_input_feat_reg[0][9]  of module DFCNQD1BWP30P140 <../logical/results/gate_level/Conv_analysis_view_0p90v_25c_captyp_nominal.sdf, line 169865>.
xmelab: *W,SDFNET: Unable to annotate to non-existent timing check (RECREM (posedge CDN) (COND D_SDFCHK (posedge CP)) (24) (72)) of instance tb.dut.\r_input_feat_reg[0][10]  of module DFCNQD1BWP30P140 <../logical/results/gate_level/Conv_analysis_view_0p90v_25c_captyp_nominal.sdf, line 169886>.
xmelab: *W,SDFNET: Unable to annotate to non-existent timing check (RECREM (posedge CDN) (COND D_SDFCHK (posedge CP)) (24) (72)) of instance tb.dut.\r_input_feat_reg[0][11]  of module DFCNQD1BWP30P140 <../logical/results/gate_level/Conv_analysis_view_0p90v_25c_captyp_nominal.sdf, line 169907>.
xmelab: *W,SDFNET: Unable to annotate to non-existent timing check (RECREM (posedge CDN) (COND D_SDFCHK (posedge CP)) (24) (72)) of instance tb.dut.\r_input_feat_reg[0][12]  of module DFCNQD1BWP30P140 <../logical/results/gate_level/Conv_analysis_view_0p90v_25c_captyp_nominal.sdf, line 169928>.
xmelab: *W,SDFNET: Unable to annotate to non-existent timing check (RECREM (posedge CDN) (COND D_SDFCHK (posedge CP)) (24) (72)) of instance tb.dut.\r_input_feat_reg[0][13]  of module DFCNQD1BWP30P140 <../logical/results/gate_level/Conv_analysis_view_0p90v_25c_captyp_nominal.sdf, line 169949>.
xmelab: *W,SDFNET: Unable to annotate to non-existent timing check (RECREM (posedge CDN) (COND D_SDFCHK (posedge CP)) (24) (72)) of instance tb.dut.\r_input_feat_reg[0][14]  of module DFCNQD1BWP30P140 <../logical/results/gate_level/Conv_analysis_view_0p90v_25c_captyp_nominal.sdf, line 169970>.
xmelab: *W,SDFNET: Unable to annotate to non-existent timing check (RECREM (posedge CDN) (COND D_SDFCHK (posedge CP)) (24) (72)) of instance tb.dut.\r_input_feat_reg[0][15]  of module DFCNQD1BWP30P140 <../logical/results/gate_level/Conv_analysis_view_0p90v_25c_captyp_nominal.sdf, line 169991>.
xmelab: *W,SDFNET: Unable to annotate to non-existent timing check (RECREM (posedge CDN) (COND D_SDFCHK (posedge CP)) (24) (72)) of instance tb.dut.\r_input_feat_reg[0][16]  of module DFCNQD1BWP30P140 <../logical/results/gate_level/Conv_analysis_view_0p90v_25c_captyp_nominal.sdf, line 170012>.
xmelab: *W,SDFNET: Unable to annotate to non-existent timing check (RECREM (posedge CDN) (COND D_SDFCHK (posedge CP)) (24) (72)) of instance tb.dut.\r_input_feat_reg[0][17]  of module DFCNQD1BWP30P140 <../logical/results/gate_level/Conv_analysis_view_0p90v_25c_captyp_nominal.sdf, line 170033>.
xmelab: *W,SDFNET: Unable to annotate to non-existent timing check (RECREM (posedge CDN) (COND D_SDFCHK (posedge CP)) (24) (72)) of instance tb.dut.\r_input_feat_reg[0][18]  of module DFCNQD1BWP30P140 <../logical/results/gate_level/Conv_analysis_view_0p90v_25c_captyp_nominal.sdf, line 170054>.
xmelab: *W,SDFNET: Unable to annotate to non-existent timing check (RECREM (posedge CDN) (COND D_SDFCHK (posedge CP)) (24) (72)) of instance tb.dut.\r_input_feat_reg[0][19]  of module DFCNQD1BWP30P140 <../logical/results/gate_level/Conv_analysis_view_0p90v_25c_captyp_nominal.sdf, line 170075>.
xmelab: *W,SDFNET: Unable to annotate to non-existent timing check (RECREM (posedge CDN) (COND D_SDFCHK (posedge CP)) (24) (72)) of instance tb.dut.\r_input_feat_reg[1][0]  of module DFCNQD1BWP30P140 <../logical/results/gate_level/Conv_analysis_view_0p90v_25c_captyp_nominal.sdf, line 170096>.
xmelab: *W,SDFNET: Unable to annotate to non-existent timing check (RECREM (posedge CDN) (COND D_SDFCHK (posedge CP)) (24) (72)) of instance tb.dut.\r_input_feat_reg[1][1]  of module DFCNQD1BWP30P140 <../logical/results/gate_level/Conv_analysis_view_0p90v_25c_captyp_nominal.sdf, line 170117>.
xmelab: *W,SDFNET: Unable to annotate to non-existent timing check (RECREM (posedge CDN) (COND D_SDFCHK (posedge CP)) (24) (72)) of instance tb.dut.\r_input_feat_reg[1][2]  of module DFCNQD1BWP30P140 <../logical/results/gate_level/Conv_analysis_view_0p90v_25c_captyp_nominal.sdf, line 170138>.
xmelab: *W,SDFNET: Unable to annotate to non-existent timing check (RECREM (posedge CDN) (COND D_SDFCHK (posedge CP)) (24) (72)) of instance tb.dut.\r_input_feat_reg[1][3]  of module DFCNQD1BWP30P140 <../logical/results/gate_level/Conv_analysis_view_0p90v_25c_captyp_nominal.sdf, line 170159>.
xmelab: *W,SDFNET: Unable to annotate to non-existent timing check (RECREM (posedge CDN) (COND D_SDFCHK (posedge CP)) (24) (72)) of instance tb.dut.\r_input_feat_reg[1][4]  of module DFCNQD1BWP30P140 <../logical/results/gate_level/Conv_analysis_view_0p90v_25c_captyp_nominal.sdf, line 170180>.
xmelab: *W,SDFNET: Unable to annotate to non-existent timing check (RECREM (posedge CDN) (COND D_SDFCHK (posedge CP)) (24) (72)) of instance tb.dut.\r_input_feat_reg[1][5]  of module DFCNQD1BWP30P140 <../logical/results/gate_level/Conv_analysis_view_0p90v_25c_captyp_nominal.sdf, line 170201>.
xmelab: *W,SDFNET: Unable to annotate to non-existent timing check (RECREM (posedge CDN) (COND D_SDFCHK (posedge CP)) (24) (72)) of instance tb.dut.\r_input_feat_reg[1][6]  of module DFCNQD1BWP30P140 <../logical/results/gate_level/Conv_analysis_view_0p90v_25c_captyp_nominal.sdf, line 170222>.
xmelab: *W,SDFNET: Unable to annotate to non-existent timing check (RECREM (posedge CDN) (COND D_SDFCHK (posedge CP)) (24) (72)) of instance tb.dut.\r_input_feat_reg[1][7]  of module DFCNQD1BWP30P140 <../logical/results/gate_level/Conv_analysis_view_0p90v_25c_captyp_nominal.sdf, line 170243>.
xmelab: *W,SDFNET: Unable to annotate to non-existent timing check (RECREM (posedge CDN) (COND D_SDFCHK (posedge CP)) (24) (72)) of instance tb.dut.\r_input_feat_reg[1][8]  of module DFCNQD1BWP30P140 <../logical/results/gate_level/Conv_analysis_view_0p90v_25c_captyp_nominal.sdf, line 170264>.
xmelab: *W,SDFNET: Unable to annotate to non-existent timing check (RECREM (posedge CDN) (COND D_SDFCHK (posedge CP)) (24) (72)) of instance tb.dut.\r_input_feat_reg[1][9]  of module DFCNQD1BWP30P140 <../logical/results/gate_level/Conv_analysis_view_0p90v_25c_captyp_nominal.sdf, line 170285>.
xmelab: *W,SDFNET: Unable to annotate to non-existent timing check (RECREM (posedge CDN) (COND D_SDFCHK (posedge CP)) (24) (72)) of instance tb.dut.\r_input_feat_reg[1][10]  of module DFCNQD1BWP30P140 <../logical/results/gate_level/Conv_analysis_view_0p90v_25c_captyp_nominal.sdf, line 170306>.
xmelab: *W,SDFNET: Unable to annotate to non-existent timing check (RECREM (posedge CDN) (COND D_SDFCHK (posedge CP)) (24) (72)) of instance tb.dut.\r_input_feat_reg[1][11]  of module DFCNQD1BWP30P140 <../logical/results/gate_level/Conv_analysis_view_0p90v_25c_captyp_nominal.sdf, line 170327>.
xmelab: *W,SDFNET: Unable to annotate to non-existent timing check (RECREM (posedge CDN) (COND D_SDFCHK (posedge CP)) (24) (72)) of instance tb.dut.\r_input_feat_reg[1][12]  of module DFCNQD1BWP30P140 <../logical/results/gate_level/Conv_analysis_view_0p90v_25c_captyp_nominal.sdf, line 170348>.
xmelab: *W,SDFNET: Unable to annotate to non-existent timing check (RECREM (posedge CDN) (COND D_SDFCHK (posedge CP)) (24) (72)) of instance tb.dut.\r_input_feat_reg[1][13]  of module DFCNQD1BWP30P140 <../logical/results/gate_level/Conv_analysis_view_0p90v_25c_captyp_nominal.sdf, line 170369>.
xmelab: *W,SDFNET: Unable to annotate to non-existent timing check (RECREM (posedge CDN) (COND D_SDFCHK (posedge CP)) (24) (72)) of instance tb.dut.\r_input_feat_reg[1][14]  of module DFCNQD1BWP30P140 <../logical/results/gate_level/Conv_analysis_view_0p90v_25c_captyp_nominal.sdf, line 170390>.
xmelab: *W,SDFNET: Unable to annotate to non-existent timing check (RECREM (posedge CDN) (COND D_SDFCHK (posedge CP)) (24) (72)) of instance tb.dut.\r_input_feat_reg[1][15]  of module DFCNQD1BWP30P140 <../logical/results/gate_level/Conv_analysis_view_0p90v_25c_captyp_nominal.sdf, line 170411>.
xmelab: *W,SDFNET: Unable to annotate to non-existent timing check (RECREM (posedge CDN) (COND D_SDFCHK (posedge CP)) (24) (72)) of instance tb.dut.\r_input_feat_reg[1][16]  of module DFCNQD1BWP30P140 <../logical/results/gate_level/Conv_analysis_view_0p90v_25c_captyp_nominal.sdf, line 170432>.
xmelab: *W,SDFNET: Unable to annotate to non-existent timing check (RECREM (posedge CDN) (COND D_SDFCHK (posedge CP)) (24) (72)) of instance tb.dut.\r_input_feat_reg[1][17]  of module DFCNQD1BWP30P140 <../logical/results/gate_level/Conv_analysis_view_0p90v_25c_captyp_nominal.sdf, line 170453>.
xmelab: *W,SDFNET: Unable to annotate to non-existent timing check (RECREM (posedge CDN) (COND D_SDFCHK (posedge CP)) (24) (72)) of instance tb.dut.\r_input_feat_reg[1][18]  of module DFCNQD1BWP30P140 <../logical/results/gate_level/Conv_analysis_view_0p90v_25c_captyp_nominal.sdf, line 170474>.
xmelab: *W,SDFNET: Unable to annotate to non-existent timing check (RECREM (posedge CDN) (COND D_SDFCHK (posedge CP)) (24) (72)) of instance tb.dut.\r_input_feat_reg[1][19]  of module DFCNQD1BWP30P140 <../logical/results/gate_level/Conv_analysis_view_0p90v_25c_captyp_nominal.sdf, line 170495>.
xmelab: *W,SDFNET: Unable to annotate to non-existent timing check (RECREM (posedge CDN) (COND D_SDFCHK (posedge CP)) (24) (72)) of instance tb.dut.\r_input_feat_reg[2][0]  of module DFCNQD1BWP30P140 <../logical/results/gate_level/Conv_analysis_view_0p90v_25c_captyp_nominal.sdf, line 170516>.
xmelab: *W,SDFNET: Unable to annotate to non-existent timing check (RECREM (posedge CDN) (COND D_SDFCHK (posedge CP)) (24) (72)) of instance tb.dut.\r_input_feat_reg[2][1]  of module DFCNQD1BWP30P140 <../logical/results/gate_level/Conv_analysis_view_0p90v_25c_captyp_nominal.sdf, line 170537>.
xmelab: *W,SDFNET: Unable to annotate to non-existent timing check (RECREM (posedge CDN) (COND D_SDFCHK (posedge CP)) (24) (72)) of instance tb.dut.\r_input_feat_reg[2][2]  of module DFCNQD1BWP30P140 <../logical/results/gate_level/Conv_analysis_view_0p90v_25c_captyp_nominal.sdf, line 170558>.
xmelab: *W,SDFNET: Unable to annotate to non-existent timing check (RECREM (posedge CDN) (COND D_SDFCHK (posedge CP)) (24) (72)) of instance tb.dut.\r_input_feat_reg[2][3]  of module DFCNQD1BWP30P140 <../logical/results/gate_level/Conv_analysis_view_0p90v_25c_captyp_nominal.sdf, line 170579>.
xmelab: *W,SDFNET: Unable to annotate to non-existent timing check (RECREM (posedge CDN) (COND D_SDFCHK (posedge CP)) (24) (72)) of instance tb.dut.\r_input_feat_reg[2][4]  of module DFCNQD1BWP30P140 <../logical/results/gate_level/Conv_analysis_view_0p90v_25c_captyp_nominal.sdf, line 170600>.
xmelab: *W,SDFNET: Unable to annotate to non-existent timing check (RECREM (posedge CDN) (COND D_SDFCHK (posedge CP)) (24) (72)) of instance tb.dut.\r_input_feat_reg[2][5]  of module DFCNQD1BWP30P140 <../logical/results/gate_level/Conv_analysis_view_0p90v_25c_captyp_nominal.sdf, line 170621>.
xmelab: *W,SDFNET: Unable to annotate to non-existent timing check (RECREM (posedge CDN) (COND D_SDFCHK (posedge CP)) (24) (72)) of instance tb.dut.\r_input_feat_reg[2][6]  of module DFCNQD1BWP30P140 <../logical/results/gate_level/Conv_analysis_view_0p90v_25c_captyp_nominal.sdf, line 170642>.
xmelab: *W,SDFNET: Unable to annotate to non-existent timing check (RECREM (posedge CDN) (COND D_SDFCHK (posedge CP)) (24) (72)) of instance tb.dut.\r_input_feat_reg[2][7]  of module DFCNQD1BWP30P140 <../logical/results/gate_level/Conv_analysis_view_0p90v_25c_captyp_nominal.sdf, line 170663>.
xmelab: *W,SDFNET: Unable to annotate to non-existent timing check (RECREM (posedge CDN) (COND D_SDFCHK (posedge CP)) (24) (72)) of instance tb.dut.\r_input_feat_reg[2][8]  of module DFCNQD1BWP30P140 <../logical/results/gate_level/Conv_analysis_view_0p90v_25c_captyp_nominal.sdf, line 170684>.
xmelab: *W,SDFNET: Unable to annotate to non-existent timing check (RECREM (posedge CDN) (COND D_SDFCHK (posedge CP)) (24) (72)) of instance tb.dut.\r_input_feat_reg[2][9]  of module DFCNQD1BWP30P140 <../logical/results/gate_level/Conv_analysis_view_0p90v_25c_captyp_nominal.sdf, line 170705>.
xmelab: *W,SDFNET: Unable to annotate to non-existent timing check (RECREM (posedge CDN) (COND D_SDFCHK (posedge CP)) (24) (72)) of instance tb.dut.\r_input_feat_reg[2][10]  of module DFCNQD1BWP30P140 <../logical/results/gate_level/Conv_analysis_view_0p90v_25c_captyp_nominal.sdf, line 170726>.
xmelab: *W,SDFNET: Unable to annotate to non-existent timing check (RECREM (posedge CDN) (COND D_SDFCHK (posedge CP)) (24) (72)) of instance tb.dut.\r_input_feat_reg[2][11]  of module DFCNQD1BWP30P140 <../logical/results/gate_level/Conv_analysis_view_0p90v_25c_captyp_nominal.sdf, line 170747>.
xmelab: *W,SDFNET: Unable to annotate to non-existent timing check (RECREM (posedge CDN) (COND D_SDFCHK (posedge CP)) (24) (72)) of instance tb.dut.\r_input_feat_reg[2][12]  of module DFCNQD1BWP30P140 <../logical/results/gate_level/Conv_analysis_view_0p90v_25c_captyp_nominal.sdf, line 170768>.
xmelab: *W,SDFNET: Unable to annotate to non-existent timing check (RECREM (posedge CDN) (COND D_SDFCHK (posedge CP)) (24) (72)) of instance tb.dut.\r_input_feat_reg[2][13]  of module DFCNQD1BWP30P140 <../logical/results/gate_level/Conv_analysis_view_0p90v_25c_captyp_nominal.sdf, line 170789>.
xmelab: *W,SDFNET: Unable to annotate to non-existent timing check (RECREM (posedge CDN) (COND D_SDFCHK (posedge CP)) (24) (72)) of instance tb.dut.\r_input_feat_reg[2][14]  of module DFCNQD1BWP30P140 <../logical/results/gate_level/Conv_analysis_view_0p90v_25c_captyp_nominal.sdf, line 170810>.
xmelab: *W,SDFNET: Unable to annotate to non-existent timing check (RECREM (posedge CDN) (COND D_SDFCHK (posedge CP)) (24) (72)) of instance tb.dut.\r_input_feat_reg[2][15]  of module DFCNQD1BWP30P140 <../logical/results/gate_level/Conv_analysis_view_0p90v_25c_captyp_nominal.sdf, line 170831>.
xmelab: *W,SDFNET: Unable to annotate to non-existent timing check (RECREM (posedge CDN) (COND D_SDFCHK (posedge CP)) (24) (72)) of instance tb.dut.\r_input_feat_reg[2][16]  of module DFCNQD1BWP30P140 <../logical/results/gate_level/Conv_analysis_view_0p90v_25c_captyp_nominal.sdf, line 170852>.
xmelab: *W,SDFNET: Unable to annotate to non-existent timing check (RECREM (posedge CDN) (COND D_SDFCHK (posedge CP)) (24) (72)) of instance tb.dut.\r_input_feat_reg[2][17]  of module DFCNQD1BWP30P140 <../logical/results/gate_level/Conv_analysis_view_0p90v_25c_captyp_nominal.sdf, line 170873>.
xmelab: *W,SDFNET: Unable to annotate to non-existent timing check (RECREM (posedge CDN) (COND D_SDFCHK (posedge CP)) (24) (72)) of instance tb.dut.\r_input_feat_reg[2][18]  of module DFCNQD1BWP30P140 <../logical/results/gate_level/Conv_analysis_view_0p90v_25c_captyp_nominal.sdf, line 170894>.
xmelab: *W,SDFNET: Unable to annotate to non-existent timing check (RECREM (posedge CDN) (COND D_SDFCHK (posedge CP)) (24) (72)) of instance tb.dut.\r_input_feat_reg[2][19]  of module DFCNQD1BWP30P140 <../logical/results/gate_level/Conv_analysis_view_0p90v_25c_captyp_nominal.sdf, line 170915>.
xmelab: *W,SDFNET: Unable to annotate to non-existent timing check (RECREM (posedge CDN) (COND D_SDFCHK (posedge CP)) (24) (72)) of instance tb.dut.\r_input_feat_reg[3][0]  of module DFCNQD1BWP30P140 <../logical/results/gate_level/Conv_analysis_view_0p90v_25c_captyp_nominal.sdf, line 170936>.
xmelab: *W,SDFNET: Unable to annotate to non-existent timing check (RECREM (posedge CDN) (COND D_SDFCHK (posedge CP)) (24) (72)) of instance tb.dut.\r_input_feat_reg[3][1]  of module DFCNQD1BWP30P140 <../logical/results/gate_level/Conv_analysis_view_0p90v_25c_captyp_nominal.sdf, line 170957>.
xmelab: *W,SDFNET: Unable to annotate to non-existent timing check (RECREM (posedge CDN) (COND D_SDFCHK (posedge CP)) (24) (72)) of instance tb.dut.\r_input_feat_reg[3][2]  of module DFCNQD1BWP30P140 <../logical/results/gate_level/Conv_analysis_view_0p90v_25c_captyp_nominal.sdf, line 170978>.
xmelab: *W,SDFNET: Unable to annotate to non-existent timing check (RECREM (posedge CDN) (COND D_SDFCHK (posedge CP)) (24) (72)) of instance tb.dut.\r_input_feat_reg[3][3]  of module DFCNQD1BWP30P140 <../logical/results/gate_level/Conv_analysis_view_0p90v_25c_captyp_nominal.sdf, line 170999>.
xmelab: *W,SDFNET: Unable to annotate to non-existent timing check (RECREM (posedge CDN) (COND D_SDFCHK (posedge CP)) (24) (72)) of instance tb.dut.\r_input_feat_reg[3][4]  of module DFCNQD1BWP30P140 <../logical/results/gate_level/Conv_analysis_view_0p90v_25c_captyp_nominal.sdf, line 171020>.
xmelab: *W,SDFNET: Unable to annotate to non-existent timing check (RECREM (posedge CDN) (COND D_SDFCHK (posedge CP)) (24) (72)) of instance tb.dut.\r_input_feat_reg[3][5]  of module DFCNQD1BWP30P140 <../logical/results/gate_level/Conv_analysis_view_0p90v_25c_captyp_nominal.sdf, line 171041>.
xmelab: *W,SDFNET: Unable to annotate to non-existent timing check (RECREM (posedge CDN) (COND D_SDFCHK (posedge CP)) (24) (72)) of instance tb.dut.\r_input_feat_reg[3][6]  of module DFCNQD1BWP30P140 <../logical/results/gate_level/Conv_analysis_view_0p90v_25c_captyp_nominal.sdf, line 171062>.
xmelab: *W,SDFNET: Unable to annotate to non-existent timing check (RECREM (posedge CDN) (COND D_SDFCHK (posedge CP)) (24) (72)) of instance tb.dut.\r_input_feat_reg[3][7]  of module DFCNQD1BWP30P140 <../logical/results/gate_level/Conv_analysis_view_0p90v_25c_captyp_nominal.sdf, line 171083>.
xmelab: *W,SDFNET: Unable to annotate to non-existent timing check (RECREM (posedge CDN) (COND D_SDFCHK (posedge CP)) (24) (72)) of instance tb.dut.\r_input_feat_reg[3][8]  of module DFCNQD1BWP30P140 <../logical/results/gate_level/Conv_analysis_view_0p90v_25c_captyp_nominal.sdf, line 171104>.
xmelab: *W,SDFNET: Unable to annotate to non-existent timing check (RECREM (posedge CDN) (COND D_SDFCHK (posedge CP)) (24) (72)) of instance tb.dut.\r_input_feat_reg[3][9]  of module DFCNQD1BWP30P140 <../logical/results/gate_level/Conv_analysis_view_0p90v_25c_captyp_nominal.sdf, line 171125>.
xmelab: *W,SDFNET: Unable to annotate to non-existent timing check (RECREM (posedge CDN) (COND D_SDFCHK (posedge CP)) (24) (72)) of instance tb.dut.\r_input_feat_reg[3][10]  of module DFCNQD1BWP30P140 <../logical/results/gate_level/Conv_analysis_view_0p90v_25c_captyp_nominal.sdf, line 171146>.
xmelab: *W,SDFNET: Unable to annotate to non-existent timing check (RECREM (posedge CDN) (COND D_SDFCHK (posedge CP)) (24) (72)) of instance tb.dut.\r_input_feat_reg[3][11]  of module DFCNQD1BWP30P140 <../logical/results/gate_level/Conv_analysis_view_0p90v_25c_captyp_nominal.sdf, line 171167>.
xmelab: *W,SDFNET: Unable to annotate to non-existent timing check (RECREM (posedge CDN) (COND D_SDFCHK (posedge CP)) (24) (72)) of instance tb.dut.\r_input_feat_reg[3][12]  of module DFCNQD1BWP30P140 <../logical/results/gate_level/Conv_analysis_view_0p90v_25c_captyp_nominal.sdf, line 171188>.
xmelab: *W,SDFNET: Unable to annotate to non-existent timing check (RECREM (posedge CDN) (COND D_SDFCHK (posedge CP)) (24) (72)) of instance tb.dut.\r_input_feat_reg[3][13]  of module DFCNQD1BWP30P140 <../logical/results/gate_level/Conv_analysis_view_0p90v_25c_captyp_nominal.sdf, line 171209>.
xmelab: *W,SDFNET: Unable to annotate to non-existent timing check (RECREM (posedge CDN) (COND D_SDFCHK (posedge CP)) (24) (72)) of instance tb.dut.\r_input_feat_reg[3][14]  of module DFCNQD1BWP30P140 <../logical/results/gate_level/Conv_analysis_view_0p90v_25c_captyp_nominal.sdf, line 171230>.
xmelab: *W,SDFNET: Unable to annotate to non-existent timing check (RECREM (posedge CDN) (COND D_SDFCHK (posedge CP)) (24) (72)) of instance tb.dut.\r_input_feat_reg[3][15]  of module DFCNQD1BWP30P140 <../logical/results/gate_level/Conv_analysis_view_0p90v_25c_captyp_nominal.sdf, line 171251>.
xmelab: *W,SDFNET: Unable to annotate to non-existent timing check (RECREM (posedge CDN) (COND D_SDFCHK (posedge CP)) (24) (72)) of instance tb.dut.\r_input_feat_reg[3][16]  of module DFCNQD1BWP30P140 <../logical/results/gate_level/Conv_analysis_view_0p90v_25c_captyp_nominal.sdf, line 171272>.
xmelab: *W,SDFNET: Unable to annotate to non-existent timing check (RECREM (posedge CDN) (COND D_SDFCHK (posedge CP)) (24) (72)) of instance tb.dut.\r_input_feat_reg[3][17]  of module DFCNQD1BWP30P140 <../logical/results/gate_level/Conv_analysis_view_0p90v_25c_captyp_nominal.sdf, line 171293>.
xmelab: *W,SDFNET: Unable to annotate to non-existent timing check (RECREM (posedge CDN) (COND D_SDFCHK (posedge CP)) (24) (72)) of instance tb.dut.\r_input_feat_reg[3][18]  of module DFCNQD1BWP30P140 <../logical/results/gate_level/Conv_analysis_view_0p90v_25c_captyp_nominal.sdf, line 171314>.
xmelab: *W,SDFNET: Unable to annotate to non-existent timing check (RECREM (posedge CDN) (COND D_SDFCHK (posedge CP)) (24) (72)) of instance tb.dut.\r_input_feat_reg[3][19]  of module DFCNQD1BWP30P140 <../logical/results/gate_level/Conv_analysis_view_0p90v_25c_captyp_nominal.sdf, line 171335>.
xmelab: *W,SDFNET: Unable to annotate to non-existent timing check (RECREM (posedge CDN) (COND D_SDFCHK (posedge CP)) (24) (72)) of instance tb.dut.\r_input_feat_reg[4][0]  of module DFCNQD1BWP30P140 <../logical/results/gate_level/Conv_analysis_view_0p90v_25c_captyp_nominal.sdf, line 171356>.
xmelab: *W,SDFNET: Unable to annotate to non-existent timing check (RECREM (posedge CDN) (COND D_SDFCHK (posedge CP)) (24) (72)) of instance tb.dut.\r_input_feat_reg[4][1]  of module DFCNQD1BWP30P140 <../logical/results/gate_level/Conv_analysis_view_0p90v_25c_captyp_nominal.sdf, line 171377>.
xmelab: *W,SDFNET: Unable to annotate to non-existent timing check (RECREM (posedge CDN) (COND D_SDFCHK (posedge CP)) (24) (72)) of instance tb.dut.\r_input_feat_reg[4][2]  of module DFCNQD1BWP30P140 <../logical/results/gate_level/Conv_analysis_view_0p90v_25c_captyp_nominal.sdf, line 171398>.
xmelab: *W,SDFNET: Unable to annotate to non-existent timing check (RECREM (posedge CDN) (COND D_SDFCHK (posedge CP)) (24) (72)) of instance tb.dut.\r_input_feat_reg[4][3]  of module DFCNQD1BWP30P140 <../logical/results/gate_level/Conv_analysis_view_0p90v_25c_captyp_nominal.sdf, line 171419>.
xmelab: *W,SDFNET: Unable to annotate to non-existent timing check (RECREM (posedge CDN) (COND D_SDFCHK (posedge CP)) (24) (72)) of instance tb.dut.\r_input_feat_reg[4][4]  of module DFCNQD1BWP30P140 <../logical/results/gate_level/Conv_analysis_view_0p90v_25c_captyp_nominal.sdf, line 171440>.
xmelab: *W,SDFNET: Unable to annotate to non-existent timing check (RECREM (posedge CDN) (COND D_SDFCHK (posedge CP)) (24) (72)) of instance tb.dut.\r_input_feat_reg[4][5]  of module DFCNQD1BWP30P140 <../logical/results/gate_level/Conv_analysis_view_0p90v_25c_captyp_nominal.sdf, line 171461>.
xmelab: *W,SDFNET: Unable to annotate to non-existent timing check (RECREM (posedge CDN) (COND D_SDFCHK (posedge CP)) (24) (72)) of instance tb.dut.\r_input_feat_reg[4][6]  of module DFCNQD1BWP30P140 <../logical/results/gate_level/Conv_analysis_view_0p90v_25c_captyp_nominal.sdf, line 171482>.
xmelab: *W,SDFNET: Unable to annotate to non-existent timing check (RECREM (posedge CDN) (COND D_SDFCHK (posedge CP)) (24) (72)) of instance tb.dut.\r_input_feat_reg[4][7]  of module DFCNQD1BWP30P140 <../logical/results/gate_level/Conv_analysis_view_0p90v_25c_captyp_nominal.sdf, line 171503>.
xmelab: *W,SDFNET: Unable to annotate to non-existent timing check (RECREM (posedge CDN) (COND D_SDFCHK (posedge CP)) (24) (72)) of instance tb.dut.\r_input_feat_reg[4][8]  of module DFCNQD1BWP30P140 <../logical/results/gate_level/Conv_analysis_view_0p90v_25c_captyp_nominal.sdf, line 171524>.
xmelab: *W,SDFNET: Unable to annotate to non-existent timing check (RECREM (posedge CDN) (COND D_SDFCHK (posedge CP)) (24) (72)) of instance tb.dut.\r_input_feat_reg[4][9]  of module DFCNQD1BWP30P140 <../logical/results/gate_level/Conv_analysis_view_0p90v_25c_captyp_nominal.sdf, line 171545>.
xmelab: *W,SDFNET: Unable to annotate to non-existent timing check (RECREM (posedge CDN) (COND D_SDFCHK (posedge CP)) (24) (72)) of instance tb.dut.\r_input_feat_reg[4][10]  of module DFCNQD1BWP30P140 <../logical/results/gate_level/Conv_analysis_view_0p90v_25c_captyp_nominal.sdf, line 171566>.
xmelab: *W,SDFNET: Unable to annotate to non-existent timing check (RECREM (posedge CDN) (COND D_SDFCHK (posedge CP)) (24) (72)) of instance tb.dut.\r_input_feat_reg[4][11]  of module DFCNQD1BWP30P140 <../logical/results/gate_level/Conv_analysis_view_0p90v_25c_captyp_nominal.sdf, line 171587>.
xmelab: *W,SDFNET: Unable to annotate to non-existent timing check (RECREM (posedge CDN) (COND D_SDFCHK (posedge CP)) (24) (72)) of instance tb.dut.\r_input_feat_reg[4][12]  of module DFCNQD1BWP30P140 <../logical/results/gate_level/Conv_analysis_view_0p90v_25c_captyp_nominal.sdf, line 171608>.
xmelab: *W,SDFNET: Unable to annotate to non-existent timing check (RECREM (posedge CDN) (COND D_SDFCHK (posedge CP)) (24) (72)) of instance tb.dut.\r_input_feat_reg[4][13]  of module DFCNQD1BWP30P140 <../logical/results/gate_level/Conv_analysis_view_0p90v_25c_captyp_nominal.sdf, line 171629>.
xmelab: *W,SDFNET: Unable to annotate to non-existent timing check (RECREM (posedge CDN) (COND D_SDFCHK (posedge CP)) (24) (72)) of instance tb.dut.\r_input_feat_reg[4][14]  of module DFCNQD1BWP30P140 <../logical/results/gate_level/Conv_analysis_view_0p90v_25c_captyp_nominal.sdf, line 171650>.
xmelab: *W,SDFNET: Unable to annotate to non-existent timing check (RECREM (posedge CDN) (COND D_SDFCHK (posedge CP)) (24) (72)) of instance tb.dut.\r_input_feat_reg[4][15]  of module DFCNQD1BWP30P140 <../logical/results/gate_level/Conv_analysis_view_0p90v_25c_captyp_nominal.sdf, line 171671>.
xmelab: *W,SDFNET: Unable to annotate to non-existent timing check (RECREM (posedge CDN) (COND D_SDFCHK (posedge CP)) (24) (72)) of instance tb.dut.\r_input_feat_reg[4][16]  of module DFCNQD1BWP30P140 <../logical/results/gate_level/Conv_analysis_view_0p90v_25c_captyp_nominal.sdf, line 171692>.
xmelab: *W,SDFNET: Unable to annotate to non-existent timing check (RECREM (posedge CDN) (COND D_SDFCHK (posedge CP)) (24) (72)) of instance tb.dut.\r_input_feat_reg[4][17]  of module DFCNQD1BWP30P140 <../logical/results/gate_level/Conv_analysis_view_0p90v_25c_captyp_nominal.sdf, line 171713>.
xmelab: *W,SDFNET: Unable to annotate to non-existent timing check (RECREM (posedge CDN) (COND D_SDFCHK (posedge CP)) (24) (72)) of instance tb.dut.\r_input_feat_reg[4][18]  of module DFCNQD1BWP30P140 <../logical/results/gate_level/Conv_analysis_view_0p90v_25c_captyp_nominal.sdf, line 171734>.
xmelab: *W,SDFNET: Unable to annotate to non-existent timing check (RECREM (posedge CDN) (COND D_SDFCHK (posedge CP)) (24) (72)) of instance tb.dut.\r_input_feat_reg[4][19]  of module DFCNQD1BWP30P140 <../logical/results/gate_level/Conv_analysis_view_0p90v_25c_captyp_nominal.sdf, line 171755>.
xmelab: *W,SDFNET: Unable to annotate to non-existent timing check (RECREM (posedge CDN) (COND D_SDFCHK (posedge CP)) (24) (72)) of instance tb.dut.\r_input_feat_reg[5][0]  of module DFCNQD1BWP30P140 <../logical/results/gate_level/Conv_analysis_view_0p90v_25c_captyp_nominal.sdf, line 171776>.
xmelab: *W,SDFNET: Unable to annotate to non-existent timing check (RECREM (posedge CDN) (COND D_SDFCHK (posedge CP)) (24) (72)) of instance tb.dut.\r_input_feat_reg[5][1]  of module DFCNQD1BWP30P140 <../logical/results/gate_level/Conv_analysis_view_0p90v_25c_captyp_nominal.sdf, line 171797>.
xmelab: *W,SDFNET: Unable to annotate to non-existent timing check (RECREM (posedge CDN) (COND D_SDFCHK (posedge CP)) (24) (72)) of instance tb.dut.\r_input_feat_reg[5][2]  of module DFCNQD1BWP30P140 <../logical/results/gate_level/Conv_analysis_view_0p90v_25c_captyp_nominal.sdf, line 171818>.
xmelab: *W,SDFNET: Unable to annotate to non-existent timing check (RECREM (posedge CDN) (COND D_SDFCHK (posedge CP)) (24) (72)) of instance tb.dut.\r_input_feat_reg[5][3]  of module DFCNQD1BWP30P140 <../logical/results/gate_level/Conv_analysis_view_0p90v_25c_captyp_nominal.sdf, line 171839>.
xmelab: *W,SDFNET: Unable to annotate to non-existent timing check (RECREM (posedge CDN) (COND D_SDFCHK (posedge CP)) (24) (72)) of instance tb.dut.\r_input_feat_reg[5][4]  of module DFCNQD1BWP30P140 <../logical/results/gate_level/Conv_analysis_view_0p90v_25c_captyp_nominal.sdf, line 171860>.
xmelab: *W,SDFNET: Unable to annotate to non-existent timing check (RECREM (posedge CDN) (COND D_SDFCHK (posedge CP)) (24) (72)) of instance tb.dut.\r_input_feat_reg[5][5]  of module DFCNQD1BWP30P140 <../logical/results/gate_level/Conv_analysis_view_0p90v_25c_captyp_nominal.sdf, line 171881>.
xmelab: *W,SDFNET: Unable to annotate to non-existent timing check (RECREM (posedge CDN) (COND D_SDFCHK (posedge CP)) (24) (72)) of instance tb.dut.\r_input_feat_reg[5][6]  of module DFCNQD1BWP30P140 <../logical/results/gate_level/Conv_analysis_view_0p90v_25c_captyp_nominal.sdf, line 171902>.
xmelab: *W,SDFNET: Unable to annotate to non-existent timing check (RECREM (posedge CDN) (COND D_SDFCHK (posedge CP)) (24) (72)) of instance tb.dut.\r_input_feat_reg[5][7]  of module DFCNQD1BWP30P140 <../logical/results/gate_level/Conv_analysis_view_0p90v_25c_captyp_nominal.sdf, line 171923>.
xmelab: *W,SDFNET: Unable to annotate to non-existent timing check (RECREM (posedge CDN) (COND D_SDFCHK (posedge CP)) (24) (72)) of instance tb.dut.\r_input_feat_reg[5][8]  of module DFCNQD1BWP30P140 <../logical/results/gate_level/Conv_analysis_view_0p90v_25c_captyp_nominal.sdf, line 171944>.
xmelab: *W,SDFNET: Unable to annotate to non-existent timing check (RECREM (posedge CDN) (COND D_SDFCHK (posedge CP)) (24) (72)) of instance tb.dut.\r_input_feat_reg[5][9]  of module DFCNQD1BWP30P140 <../logical/results/gate_level/Conv_analysis_view_0p90v_25c_captyp_nominal.sdf, line 171965>.
xmelab: *W,SDFNET: Unable to annotate to non-existent timing check (RECREM (posedge CDN) (COND D_SDFCHK (posedge CP)) (24) (72)) of instance tb.dut.\r_input_feat_reg[5][10]  of module DFCNQD1BWP30P140 <../logical/results/gate_level/Conv_analysis_view_0p90v_25c_captyp_nominal.sdf, line 171986>.
xmelab: *W,SDFNET: Unable to annotate to non-existent timing check (RECREM (posedge CDN) (COND D_SDFCHK (posedge CP)) (24) (72)) of instance tb.dut.\r_input_feat_reg[5][11]  of module DFCNQD1BWP30P140 <../logical/results/gate_level/Conv_analysis_view_0p90v_25c_captyp_nominal.sdf, line 172007>.
xmelab: *W,SDFNET: Unable to annotate to non-existent timing check (RECREM (posedge CDN) (COND D_SDFCHK (posedge CP)) (24) (72)) of instance tb.dut.\r_input_feat_reg[5][12]  of module DFCNQD1BWP30P140 <../logical/results/gate_level/Conv_analysis_view_0p90v_25c_captyp_nominal.sdf, line 172028>.
xmelab: *W,SDFNET: Unable to annotate to non-existent timing check (RECREM (posedge CDN) (COND D_SDFCHK (posedge CP)) (24) (72)) of instance tb.dut.\r_input_feat_reg[5][13]  of module DFCNQD1BWP30P140 <../logical/results/gate_level/Conv_analysis_view_0p90v_25c_captyp_nominal.sdf, line 172049>.
xmelab: *W,SDFNET: Unable to annotate to non-existent timing check (RECREM (posedge CDN) (COND D_SDFCHK (posedge CP)) (24) (72)) of instance tb.dut.\r_input_feat_reg[5][14]  of module DFCNQD1BWP30P140 <../logical/results/gate_level/Conv_analysis_view_0p90v_25c_captyp_nominal.sdf, line 172070>.
xmelab: *W,SDFNET: Unable to annotate to non-existent timing check (RECREM (posedge CDN) (COND D_SDFCHK (posedge CP)) (24) (72)) of instance tb.dut.\r_input_feat_reg[5][15]  of module DFCNQD1BWP30P140 <../logical/results/gate_level/Conv_analysis_view_0p90v_25c_captyp_nominal.sdf, line 172091>.
xmelab: *W,SDFNET: Unable to annotate to non-existent timing check (RECREM (posedge CDN) (COND D_SDFCHK (posedge CP)) (24) (72)) of instance tb.dut.\r_input_feat_reg[5][16]  of module DFCNQD1BWP30P140 <../logical/results/gate_level/Conv_analysis_view_0p90v_25c_captyp_nominal.sdf, line 172112>.
xmelab: *W,SDFNET: Unable to annotate to non-existent timing check (RECREM (posedge CDN) (COND D_SDFCHK (posedge CP)) (24) (72)) of instance tb.dut.\r_input_feat_reg[5][17]  of module DFCNQD1BWP30P140 <../logical/results/gate_level/Conv_analysis_view_0p90v_25c_captyp_nominal.sdf, line 172133>.
xmelab: *W,SDFNET: Unable to annotate to non-existent timing check (RECREM (posedge CDN) (COND D_SDFCHK (posedge CP)) (24) (72)) of instance tb.dut.\r_input_feat_reg[5][18]  of module DFCNQD1BWP30P140 <../logical/results/gate_level/Conv_analysis_view_0p90v_25c_captyp_nominal.sdf, line 172154>.
xmelab: *W,MXWARN: Reached maximum warning limit for 'SDFNET'(1000).
	Annotation completed with 0 Errors and 1081 Warnings
xmelab: *W,NTCNNC: Non-convergence of negative timing check values in instance tb.dut.\r_input_channel_counter_output_reg[1] .
xmelab: *W,NTCNNC: Non-convergence of negative timing check values in instance tb.dut.\r_output_channel_counter_input_reg[0] .
xmelab: *W,NTCNNC: Non-convergence of negative timing check values in instance tb.dut.\r_output_channel_counter_input_reg[1] .
xmelab: *W,NTCNNC: Non-convergence of negative timing check values in instance tb.dut.\r_output_channel_counter_output_reg[1] .
xmelab: *W,NTCNNC: Non-convergence of negative timing check values in instance tb.dut.\r_output_write_count_reg[1] .
xmelab: *W,NTCNNC: Non-convergence of negative timing check values in instance tb.dut.w_conv_end_reg.
xmelab: *W,NTCNNC: Non-convergence of negative timing check values in instance tb.dut.\r_input_channel_counter_output_reg[0] .
xmelab: *W,NTCNNC: Non-convergence of negative timing check values in instance tb.dut.\r_output_addr_channel_reg[11] .
xmelab: *W,NTCNNC: Non-convergence of negative timing check values in instance tb.dut.\r_output_channel_counter_output_reg[0] .
xmelab: *W,NTCNNC: Non-convergence of negative timing check values in instance tb.dut.r_stream_transfer_pending_reg.
xmelab: *W,NTCNNC: Non-convergence of negative timing check values in instance tb.dut.\r_output_write_count_reg[0] .
	SDF statistics: 
		 No. of Pathdelays = 74648   	 No. of Disabled Pathdelays = 0        Annotated = 100.00% (74648/74648) 
		 No. of Tchecks    = 14776   	 No. of Disabled Tchecks    = 0        Annotated = 19.04% (2814/14776) 
				        Total(T) 	   Disabled(D) 	    Annotated(A)	  Percentage(A/(T-D))
		 Path Delays	         74648	             0	             74648	                100.00
		       $hold	          1081	             0	                 0	                  0.00
		      $width	          9696	             0	                 0	                  0.00
		   $recovery	          1081	             0	                 0	                  0.00
		  $setuphold	          2918	             0	              2814	                 96.44
	Building instance overlay tables: .................... Done
	Generating native compiled code:
DEFINE unisim  /tmp/fastconv-p3f-d0282f55/rtl/conv2x2/fpga_zcu104/conv-i16-h16-t16-o4-m08-std/reports/p3_funcsim/simlibs_func/unisim
|
xmvlog_cg: *W,DLCPTH (/home/tarsio.onofrio/cds.lib,1): cds.lib Invalid path '/tmp/fastconv-p3f-d0282f55/rtl/conv2x2/fpga_zcu104/conv-i16-h16-t16-o4-m08-std/reports/p3_funcsim/simlibs_func/unisim' (cds.lib command ignored).
DEFINE unimacro  /tmp/fastconv-p3f-d0282f55/rtl/conv2x2/fpga_zcu104/conv-i16-h16-t16-o4-m08-std/reports/p3_funcsim/simlibs_func/unimacro
|
xmvlog_cg: *W,DLCPTH (/home/tarsio.onofrio/cds.lib,2): cds.lib Invalid path '/tmp/fastconv-p3f-d0282f55/rtl/conv2x2/fpga_zcu104/conv-i16-h16-t16-o4-m08-std/reports/p3_funcsim/simlibs_func/unimacro' (cds.lib command ignored).
DEFINE unifast  /tmp/fastconv-p3f-d0282f55/rtl/conv2x2/fpga_zcu104/conv-i16-h16-t16-o4-m08-std/reports/p3_funcsim/simlibs_func/unifast
|
xmvlog_cg: *W,DLCPTH (/home/tarsio.onofrio/cds.lib,3): cds.lib Invalid path '/tmp/fastconv-p3f-d0282f55/rtl/conv2x2/fpga_zcu104/conv-i16-h16-t16-o4-m08-std/reports/p3_funcsim/simlibs_func/unifast' (cds.lib command ignored).
DEFINE xpm  /tmp/fastconv-p3f-d0282f55/rtl/conv2x2/fpga_zcu104/conv-i16-h16-t16-o4-m08-std/reports/p3_funcsim/simlibs_func/xpm
|
xmvlog_cg: *W,DLCPTH (/home/tarsio.onofrio/cds.lib,4): cds.lib Invalid path '/tmp/fastconv-p3f-d0282f55/rtl/conv2x2/fpga_zcu104/conv-i16-h16-t16-o4-m08-std/reports/p3_funcsim/simlibs_func/xpm' (cds.lib command ignored).
DEFINE xilinx_vip  /tmp/fastconv-p3f-d0282f55/rtl/conv2x2/fpga_zcu104/conv-i16-h16-t16-o4-m08-std/reports/p3_funcsim/simlibs_func/xilinx_vip
|
xmvlog_cg: *W,DLCPTH (/home/tarsio.onofrio/cds.lib,5): cds.lib Invalid path '/tmp/fastconv-p3f-d0282f55/rtl/conv2x2/fpga_zcu104/conv-i16-h16-t16-o4-m08-std/reports/p3_funcsim/simlibs_func/xilinx_vip' (cds.lib command ignored).
DEFINE common_cpp_v1_0  /tmp/fastconv-p3f-d0282f55/rtl/conv2x2/fpga_zcu104/conv-i16-h16-t16-o4-m08-std/reports/p3_funcsim/simlibs_func/common_cpp_v1_0
|
xmvlog_cg: *W,DLCPTH (/home/tarsio.onofrio/cds.lib,6): cds.lib Invalid path '/tmp/fastconv-p3f-d0282f55/rtl/conv2x2/fpga_zcu104/conv-i16-h16-t16-o4-m08-std/reports/p3_funcsim/simlibs_func/common_cpp_v1_0' (cds.lib command ignored).
DEFINE xtlm  /tmp/fastconv-p3f-d0282f55/rtl/conv2x2/fpga_zcu104/conv-i16-h16-t16-o4-m08-std/reports/p3_funcsim/simlibs_func/xtlm
|
xmvlog_cg: *W,DLCPTH (/home/tarsio.onofrio/cds.lib,7): cds.lib Invalid path '/tmp/fastconv-p3f-d0282f55/rtl/conv2x2/fpga_zcu104/conv-i16-h16-t16-o4-m08-std/reports/p3_funcsim/simlibs_func/xtlm' (cds.lib command ignored).
DEFINE xscl  /tmp/fastconv-p3f-d0282f55/rtl/conv2x2/fpga_zcu104/conv-i16-h16-t16-o4-m08-std/reports/p3_funcsim/simlibs_func/xscl
|
xmvlog_cg: *W,DLCPTH (/home/tarsio.onofrio/cds.lib,8): cds.lib Invalid path '/tmp/fastconv-p3f-d0282f55/rtl/conv2x2/fpga_zcu104/conv-i16-h16-t16-o4-m08-std/reports/p3_funcsim/simlibs_func/xscl' (cds.lib command ignored).
DEFINE emu_perf_common_v1_0  /tmp/fastconv-p3f-d0282f55/rtl/conv2x2/fpga_zcu104/conv-i16-h16-t16-o4-m08-std/reports/p3_funcsim/simlibs_func/emu_perf_common_v1_0
|
xmvlog_cg: *W,DLCPTH (/home/tarsio.onofrio/cds.lib,9): cds.lib Invalid path '/tmp/fastconv-p3f-d0282f55/rtl/conv2x2/fpga_zcu104/conv-i16-h16-t16-o4-m08-std/reports/p3_funcsim/simlibs_func/emu_perf_common_v1_0' (cds.lib command ignored).
DEFINE axi_tlm_ext_v1_0  /tmp/fastconv-p3f-d0282f55/rtl/conv2x2/fpga_zcu104/conv-i16-h16-t16-o4-m08-std/reports/p3_funcsim/simlibs_func/axi_tlm_ext_v1_0
|
xmvlog_cg: *W,DLCPTH (/home/tarsio.onofrio/cds.lib,10): cds.lib Invalid path '/tmp/fastconv-p3f-d0282f55/rtl/conv2x2/fpga_zcu104/conv-i16-h16-t16-o4-m08-std/reports/p3_funcsim/simlibs_func/axi_tlm_ext_v1_0' (cds.lib command ignored).
DEFINE axi_tg_sc_v1_0  /tmp/fastconv-p3f-d0282f55/rtl/conv2x2/fpga_zcu104/conv-i16-h16-t16-o4-m08-std/reports/p3_funcsim/simlibs_func/axi_tg_sc_v1_0
|
xmvlog_cg: *W,DLCPTH (/home/tarsio.onofrio/cds.lib,11): cds.lib Invalid path '/tmp/fastconv-p3f-d0282f55/rtl/conv2x2/fpga_zcu104/conv-i16-h16-t16-o4-m08-std/reports/p3_funcsim/simlibs_func/axi_tg_sc_v1_0' (cds.lib command ignored).
DEFINE secureip  /sim/tarsio/reports-conv3x3-ifn9-explore-149bd5be/simlibs_unisim/secureip
|
xmvlog_cg: *W,DLCPTH (/home/tarsio.onofrio/cds.lib,12): cds.lib Invalid path '/sim/tarsio/reports-conv3x3-ifn9-explore-149bd5be/simlibs_unisim/secureip' (cds.lib command ignored).
DEFINE unisims_ver  /sim/tarsio/reports-conv3x3-ifn9-explore-149bd5be/simlibs_unisim/unisims_ver
|
xmvlog_cg: *W,DLCPTH (/home/tarsio.onofrio/cds.lib,13): cds.lib Invalid path '/sim/tarsio/reports-conv3x3-ifn9-explore-149bd5be/simlibs_unisim/unisims_ver' (cds.lib command ignored).
DEFINE unimacro_ver  /sim/tarsio/reports-conv3x3-ifn9-explore-149bd5be/simlibs_unisim/unimacro_ver
|
xmvlog_cg: *W,DLCPTH (/home/tarsio.onofrio/cds.lib,14): cds.lib Invalid path '/sim/tarsio/reports-conv3x3-ifn9-explore-149bd5be/simlibs_unisim/unimacro_ver' (cds.lib command ignored).
DEFINE unifast_ver  /sim/tarsio/reports-conv3x3-ifn9-explore-149bd5be/simlibs_unisim/unifast_ver
|
xmvlog_cg: *W,DLCPTH (/home/tarsio.onofrio/cds.lib,15): cds.lib Invalid path '/sim/tarsio/reports-conv3x3-ifn9-explore-149bd5be/simlibs_unisim/unifast_ver' (cds.lib command ignored).
		work_gate_final.tb:sv <0x1998cbfc>
			streams:  45, words: 30089
	Building instance specific data structures.
	Loading native compiled code:     .................... Done
	Design hierarchy summary:
		                     Instances  Unique
		Modules:                 10409     173
		Verilog packages:            2       2
		UDPs:                    13257       4
		Primitives:              43113       6
		Timing outputs:          12199      77
		Registers:                1122      57
		Scalar wires:            14484       -
		Expanded wires:             92       5
		Vectored wires:             10       -
		Always blocks:              11       7
		Initial blocks:              8       8
		Cont. assignments:           3       6
		Pseudo assignments:         27       -
		Timing checks:           17694    2398
		Interconnect:            27164       -
		Delayed tcheck signals:   2333     932
		Simulation timescale:      1ps
	Writing initial simulation snapshot: work_gate_final.tb:sv
DEFINE unisim  /tmp/fastconv-p3f-d0282f55/rtl/conv2x2/fpga_zcu104/conv-i16-h16-t16-o4-m08-std/reports/p3_funcsim/simlibs_func/unisim
|
xmsim: *W,DLCPTH (/home/tarsio.onofrio/cds.lib,1): cds.lib Invalid path '/tmp/fastconv-p3f-d0282f55/rtl/conv2x2/fpga_zcu104/conv-i16-h16-t16-o4-m08-std/reports/p3_funcsim/simlibs_func/unisim' (cds.lib command ignored).
DEFINE unimacro  /tmp/fastconv-p3f-d0282f55/rtl/conv2x2/fpga_zcu104/conv-i16-h16-t16-o4-m08-std/reports/p3_funcsim/simlibs_func/unimacro
|
xmsim: *W,DLCPTH (/home/tarsio.onofrio/cds.lib,2): cds.lib Invalid path '/tmp/fastconv-p3f-d0282f55/rtl/conv2x2/fpga_zcu104/conv-i16-h16-t16-o4-m08-std/reports/p3_funcsim/simlibs_func/unimacro' (cds.lib command ignored).
DEFINE unifast  /tmp/fastconv-p3f-d0282f55/rtl/conv2x2/fpga_zcu104/conv-i16-h16-t16-o4-m08-std/reports/p3_funcsim/simlibs_func/unifast
|
xmsim: *W,DLCPTH (/home/tarsio.onofrio/cds.lib,3): cds.lib Invalid path '/tmp/fastconv-p3f-d0282f55/rtl/conv2x2/fpga_zcu104/conv-i16-h16-t16-o4-m08-std/reports/p3_funcsim/simlibs_func/unifast' (cds.lib command ignored).
DEFINE xpm  /tmp/fastconv-p3f-d0282f55/rtl/conv2x2/fpga_zcu104/conv-i16-h16-t16-o4-m08-std/reports/p3_funcsim/simlibs_func/xpm
|
xmsim: *W,DLCPTH (/home/tarsio.onofrio/cds.lib,4): cds.lib Invalid path '/tmp/fastconv-p3f-d0282f55/rtl/conv2x2/fpga_zcu104/conv-i16-h16-t16-o4-m08-std/reports/p3_funcsim/simlibs_func/xpm' (cds.lib command ignored).
DEFINE xilinx_vip  /tmp/fastconv-p3f-d0282f55/rtl/conv2x2/fpga_zcu104/conv-i16-h16-t16-o4-m08-std/reports/p3_funcsim/simlibs_func/xilinx_vip
|
xmsim: *W,DLCPTH (/home/tarsio.onofrio/cds.lib,5): cds.lib Invalid path '/tmp/fastconv-p3f-d0282f55/rtl/conv2x2/fpga_zcu104/conv-i16-h16-t16-o4-m08-std/reports/p3_funcsim/simlibs_func/xilinx_vip' (cds.lib command ignored).
DEFINE common_cpp_v1_0  /tmp/fastconv-p3f-d0282f55/rtl/conv2x2/fpga_zcu104/conv-i16-h16-t16-o4-m08-std/reports/p3_funcsim/simlibs_func/common_cpp_v1_0
|
xmsim: *W,DLCPTH (/home/tarsio.onofrio/cds.lib,6): cds.lib Invalid path '/tmp/fastconv-p3f-d0282f55/rtl/conv2x2/fpga_zcu104/conv-i16-h16-t16-o4-m08-std/reports/p3_funcsim/simlibs_func/common_cpp_v1_0' (cds.lib command ignored).
DEFINE xtlm  /tmp/fastconv-p3f-d0282f55/rtl/conv2x2/fpga_zcu104/conv-i16-h16-t16-o4-m08-std/reports/p3_funcsim/simlibs_func/xtlm
|
xmsim: *W,DLCPTH (/home/tarsio.onofrio/cds.lib,7): cds.lib Invalid path '/tmp/fastconv-p3f-d0282f55/rtl/conv2x2/fpga_zcu104/conv-i16-h16-t16-o4-m08-std/reports/p3_funcsim/simlibs_func/xtlm' (cds.lib command ignored).
DEFINE xscl  /tmp/fastconv-p3f-d0282f55/rtl/conv2x2/fpga_zcu104/conv-i16-h16-t16-o4-m08-std/reports/p3_funcsim/simlibs_func/xscl
|
xmsim: *W,DLCPTH (/home/tarsio.onofrio/cds.lib,8): cds.lib Invalid path '/tmp/fastconv-p3f-d0282f55/rtl/conv2x2/fpga_zcu104/conv-i16-h16-t16-o4-m08-std/reports/p3_funcsim/simlibs_func/xscl' (cds.lib command ignored).
DEFINE emu_perf_common_v1_0  /tmp/fastconv-p3f-d0282f55/rtl/conv2x2/fpga_zcu104/conv-i16-h16-t16-o4-m08-std/reports/p3_funcsim/simlibs_func/emu_perf_common_v1_0
|
xmsim: *W,DLCPTH (/home/tarsio.onofrio/cds.lib,9): cds.lib Invalid path '/tmp/fastconv-p3f-d0282f55/rtl/conv2x2/fpga_zcu104/conv-i16-h16-t16-o4-m08-std/reports/p3_funcsim/simlibs_func/emu_perf_common_v1_0' (cds.lib command ignored).
DEFINE axi_tlm_ext_v1_0  /tmp/fastconv-p3f-d0282f55/rtl/conv2x2/fpga_zcu104/conv-i16-h16-t16-o4-m08-std/reports/p3_funcsim/simlibs_func/axi_tlm_ext_v1_0
|
xmsim: *W,DLCPTH (/home/tarsio.onofrio/cds.lib,10): cds.lib Invalid path '/tmp/fastconv-p3f-d0282f55/rtl/conv2x2/fpga_zcu104/conv-i16-h16-t16-o4-m08-std/reports/p3_funcsim/simlibs_func/axi_tlm_ext_v1_0' (cds.lib command ignored).
DEFINE axi_tg_sc_v1_0  /tmp/fastconv-p3f-d0282f55/rtl/conv2x2/fpga_zcu104/conv-i16-h16-t16-o4-m08-std/reports/p3_funcsim/simlibs_func/axi_tg_sc_v1_0
|
xmsim: *W,DLCPTH (/home/tarsio.onofrio/cds.lib,11): cds.lib Invalid path '/tmp/fastconv-p3f-d0282f55/rtl/conv2x2/fpga_zcu104/conv-i16-h16-t16-o4-m08-std/reports/p3_funcsim/simlibs_func/axi_tg_sc_v1_0' (cds.lib command ignored).
DEFINE secureip  /sim/tarsio/reports-conv3x3-ifn9-explore-149bd5be/simlibs_unisim/secureip
|
xmsim: *W,DLCPTH (/home/tarsio.onofrio/cds.lib,12): cds.lib Invalid path '/sim/tarsio/reports-conv3x3-ifn9-explore-149bd5be/simlibs_unisim/secureip' (cds.lib command ignored).
DEFINE unisims_ver  /sim/tarsio/reports-conv3x3-ifn9-explore-149bd5be/simlibs_unisim/unisims_ver
|
xmsim: *W,DLCPTH (/home/tarsio.onofrio/cds.lib,13): cds.lib Invalid path '/sim/tarsio/reports-conv3x3-ifn9-explore-149bd5be/simlibs_unisim/unisims_ver' (cds.lib command ignored).
DEFINE unimacro_ver  /sim/tarsio/reports-conv3x3-ifn9-explore-149bd5be/simlibs_unisim/unimacro_ver
|
xmsim: *W,DLCPTH (/home/tarsio.onofrio/cds.lib,14): cds.lib Invalid path '/sim/tarsio/reports-conv3x3-ifn9-explore-149bd5be/simlibs_unisim/unimacro_ver' (cds.lib command ignored).
DEFINE unifast_ver  /sim/tarsio/reports-conv3x3-ifn9-explore-149bd5be/simlibs_unisim/unifast_ver
|
xmsim: *W,DLCPTH (/home/tarsio.onofrio/cds.lib,15): cds.lib Invalid path '/sim/tarsio/reports-conv3x3-ifn9-explore-149bd5be/simlibs_unisim/unifast_ver' (cds.lib command ignored).
Loading snapshot work_gate_final.tb:sv .................... Done
xcelium> source /soft64/cadence/ferramentas/XCELIUM2303/tools/xcelium/files/xmsimrc
xcelium> run

Warning!  Glitch suppression
           Scheduled event for delayed signal of net "D" at time 15865333 PS was canceled!
            File: /pdk/tsmc/PDK28/PDK_TSMC28_bv/tcbn28hpcplusbwp30p140_190a/TSMCHOME/digital/Front_End/verilog/tcbn28hpcplusbwp30p140_110a/tcbn28hpcplusbwp30p140.v, line = 6576
           Scope: tb.dut.\r_input_feat_reg[2][4] 
            Time: 15865322 PS

Warning!  Glitch suppression
           Scheduled event for delayed signal of net "D" at time 26373333 PS was canceled!
            File: /pdk/tsmc/PDK28/PDK_TSMC28_bv/tcbn28hpcplusbwp30p140_190a/TSMCHOME/digital/Front_End/verilog/tcbn28hpcplusbwp30p140_110a/tcbn28hpcplusbwp30p140.v, line = 6576
           Scope: tb.dut.\r_input_feat_reg[2][4] 
            Time: 26373322 PS

Warning!  Glitch suppression
           Scheduled event for delayed signal of net "D" at time 26373333 PS was canceled!
            File: /pdk/tsmc/PDK28/PDK_TSMC28_bv/tcbn28hpcplusbwp30p140_190a/TSMCHOME/digital/Front_End/verilog/tcbn28hpcplusbwp30p140_110a/tcbn28hpcplusbwp30p140.v, line = 6576
           Scope: tb.dut.\r_input_feat_reg[2][0] 
            Time: 26373322 PS

Warning!  Glitch suppression
           Scheduled event for delayed signal of net "D" at time 36881333 PS was canceled!
            File: /pdk/tsmc/PDK28/PDK_TSMC28_bv/tcbn28hpcplusbwp30p140_190a/TSMCHOME/digital/Front_End/verilog/tcbn28hpcplusbwp30p140_110a/tcbn28hpcplusbwp30p140.v, line = 6576
           Scope: tb.dut.\r_input_feat_reg[2][3] 
            Time: 36881322 PS
Job execution time: 47292.240 ns (47.292240 us), 23646 cycles
2x2 simulation completed: golden_mismatches=0 inverse_tiles=2025 cycles=23688 valid_writes=8100 input_samples_clipped=0 invalid_output_beats=0
Simulation complete via $finish(1) at time 47395010 PS + 0
/sim/tarsio/tmp/fastconv-clockfix-1e3f74fa/rtl/conv2x2/testbench.sv:267     $finish;
xcelium> exit
TOOL:	xrun(64)	23.03-s003: Exiting on Oct 06, 2026 at 02:39:46 -03  (total: 00:01:19)
