Copyright 1986-2022 Xilinx, Inc. All Rights Reserved. Copyright 2022-2023 Advanced Micro Devices, Inc. All Rights Reserved.
------------------------------------------------------------------------------------------------------------------------------------------------------------------------------------
| Tool Version      : Vivado v.2023.2 (lin64) Build 4029153 Fri Oct 13 20:13:54 MDT 2023
| Date              : Fri Oct  2 01:01:28 2026
| Host              : paxos.inf.pucrs.br running 64-bit Rocky Linux release 8.10 (Green Obsidian)
| Command           : report_timing -delay_type max -max_paths 100 -path_type full_clock_expanded -file /sim/tarsio/reports-ifn9m18-nbits16-ab5dee07/ifn9_m18_15/critical_paths.rpt
| Design            : IFN9M18ReplicaTop
| Device            : xczu7ev-ffvc1156
| Speed File        : -2  PRODUCTION 1.30 05-15-2022
| Design State      : Routed
| Temperature Grade : E
------------------------------------------------------------------------------------------------------------------------------------------------------------------------------------

Timing Report

Slack (MET) :             0.023ns  (required time - arrival time)
  Source:                 CORES[7].core_inst/r_input_feat_reg[6][7]/C
                            (rising edge-triggered cell FDCE clocked by clk  {rise@0.000ns fall@1.577ns period=3.155ns})
  Destination:            CORES[7].core_inst/r_transform_feature_reg_reg[4][13]/D
                            (rising edge-triggered cell FDCE clocked by clk  {rise@0.000ns fall@1.577ns period=3.155ns})
  Path Group:             clk
  Path Type:              Setup (Max at Slow Process Corner)
  Requirement:            3.155ns  (clk rise@3.155ns - clk rise@0.000ns)
  Data Path Delay:        3.112ns  (logic 0.751ns (24.130%)  route 2.361ns (75.870%))
  Logic Levels:           7  (CARRY8=2 LUT3=2 LUT5=1 LUT6=2)
  Clock Path Skew:        -0.009ns (DCD - SCD + CPR)
    Destination Clock Delay (DCD):    0.020ns = ( 3.175 - 3.155 ) 
    Source Clock Delay      (SCD):    0.029ns
    Clock Pessimism Removal (CPR):    0.000ns
  Clock Uncertainty:      0.035ns  ((TSJ^2 + TIJ^2)^1/2 + DJ) / 2 + PE
    Total System Jitter     (TSJ):    0.071ns
    Total Input Jitter      (TIJ):    0.000ns
    Discrete Jitter          (DJ):    0.000ns
    Phase Error              (PE):    0.000ns

    Location             Delay type                Incr(ns)  Path(ns)    Netlist Resource(s)
  -------------------------------------------------------------------    -------------------
                         (clock clk rise edge)        0.000     0.000 r  
                                                      0.000     0.000 r  clk (IN)
                         net (fo=29474, unset)        0.029     0.029    CORES[7].core_inst/clk
    SLICE_X76Y163        FDCE                                         r  CORES[7].core_inst/r_input_feat_reg[6][7]/C
  -------------------------------------------------------------------    -------------------
    SLICE_X76Y163        FDCE (Prop_GFF_SLICEL_C_Q)
                                                      0.079     0.108 f  CORES[7].core_inst/r_input_feat_reg[6][7]/Q
                         net (fo=15, routed)          0.293     0.401    CORES[7].core_inst/r_input_feat_reg_n_0_[6][7]
    SLICE_X76Y155        LUT3 (Prop_E6LUT_SLICEL_I1_O)
                                                      0.099     0.500 r  CORES[7].core_inst/soma[6]__0_carry__0_i_7__14/O
                         net (fo=1, routed)           0.307     0.807    CORES[7].core_inst/trf/matrix_c0/soma[6]__0_carry__0_i_15__13_0[0]
    SLICE_X75Y157        CARRY8 (Prop_CARRY8_SLICEL_DI[0]_O[2])
                                                      0.108     0.915 f  CORES[7].core_inst/trf/matrix_c0/soma[6]__0_carry__0/O[2]
                         net (fo=11, routed)          0.327     1.242    CORES[7].core_inst/trf/matrix_c0/w_conv_transform[18]_13[10]
    SLICE_X70Y155        LUT3 (Prop_E6LUT_SLICEM_I1_O)
                                                      0.100     1.342 r  CORES[7].core_inst/trf/matrix_c0/soma[6]__0_carry__0_i_4__13/O
                         net (fo=1, routed)           0.293     1.635    CORES[7].core_inst/trf/matrix_c1/r_transform_feature_reg_reg[6][15][3]
    SLICE_X71Y152        CARRY8 (Prop_CARRY8_SLICEM_DI[3]_O[5])
                                                      0.182     1.817 r  CORES[7].core_inst/trf/matrix_c1/soma[6]__0_carry__0/O[5]
                         net (fo=7, routed)           0.426     2.243    CORES[7].core_inst/trf/matrix_c1/soma[6]__0_carry__0_i_15__13[5]
    SLICE_X68Y154        LUT6 (Prop_E6LUT_SLICEL_I1_O)
                                                      0.051     2.294 r  CORES[7].core_inst/trf/matrix_c1/r_transform_feature_reg[12][13]_i_7__6/O
                         net (fo=2, routed)           0.579     2.873    CORES[7].core_inst/trf/matrix_c0/r_transform_feature_reg_reg[12][13]
    SLICE_X65Y157        LUT6 (Prop_G6LUT_SLICEL_I1_O)
                                                      0.097     2.970 r  CORES[7].core_inst/trf/matrix_c0/r_transform_feature_reg[4][13]_i_2__6/O
                         net (fo=1, routed)           0.086     3.056    CORES[7].core_inst/trf/matrix_c0/r_transform_feature_reg[4][13]_i_2__6_n_0
    SLICE_X65Y157        LUT5 (Prop_C6LUT_SLICEL_I0_O)
                                                      0.035     3.091 r  CORES[7].core_inst/trf/matrix_c0/r_transform_feature_reg[4][13]_i_1__6/O
                         net (fo=1, routed)           0.050     3.141    CORES[7].core_inst/trf_n_194
    SLICE_X65Y157        FDCE                                         r  CORES[7].core_inst/r_transform_feature_reg_reg[4][13]/D
  -------------------------------------------------------------------    -------------------

                         (clock clk rise edge)        3.155     3.155 r  
                                                      0.000     3.155 r  clk (IN)
                         net (fo=29474, unset)        0.020     3.175    CORES[7].core_inst/clk
    SLICE_X65Y157        FDCE                                         r  CORES[7].core_inst/r_transform_feature_reg_reg[4][13]/C
                         clock pessimism              0.000     3.175    
                         clock uncertainty           -0.035     3.140    
    SLICE_X65Y157        FDCE (Setup_CFF_SLICEL_C_D)
                                                      0.025     3.165    CORES[7].core_inst/r_transform_feature_reg_reg[4][13]
  -------------------------------------------------------------------
                         required time                          3.165    
                         arrival time                          -3.141    
  -------------------------------------------------------------------
                         slack                                  0.023    

Slack (MET) :             0.036ns  (required time - arrival time)
  Source:                 CORES[8].core_inst/r_input_feat_reg[12][3]/C
                            (rising edge-triggered cell FDCE clocked by clk  {rise@0.000ns fall@1.577ns period=3.155ns})
  Destination:            CORES[8].core_inst/r_transform_feature_reg_reg[14][13]/D
                            (rising edge-triggered cell FDCE clocked by clk  {rise@0.000ns fall@1.577ns period=3.155ns})
  Path Group:             clk
  Path Type:              Setup (Max at Slow Process Corner)
  Requirement:            3.155ns  (clk rise@3.155ns - clk rise@0.000ns)
  Data Path Delay:        3.100ns  (logic 0.917ns (29.583%)  route 2.183ns (70.417%))
  Logic Levels:           8  (CARRY8=3 LUT3=2 LUT5=2 LUT6=1)
  Clock Path Skew:        -0.009ns (DCD - SCD + CPR)
    Destination Clock Delay (DCD):    0.020ns = ( 3.175 - 3.155 ) 
    Source Clock Delay      (SCD):    0.029ns
    Clock Pessimism Removal (CPR):    0.000ns
  Clock Uncertainty:      0.035ns  ((TSJ^2 + TIJ^2)^1/2 + DJ) / 2 + PE
    Total System Jitter     (TSJ):    0.071ns
    Total Input Jitter      (TIJ):    0.000ns
    Discrete Jitter          (DJ):    0.000ns
    Phase Error              (PE):    0.000ns

    Location             Delay type                Incr(ns)  Path(ns)    Netlist Resource(s)
  -------------------------------------------------------------------    -------------------
                         (clock clk rise edge)        0.000     0.000 r  
                                                      0.000     0.000 r  clk (IN)
                         net (fo=29474, unset)        0.029     0.029    CORES[8].core_inst/clk
    SLICE_X66Y10         FDCE                                         r  CORES[8].core_inst/r_input_feat_reg[12][3]/C
  -------------------------------------------------------------------    -------------------
    SLICE_X66Y10         FDCE (Prop_HFF_SLICEL_C_Q)
                                                      0.079     0.108 f  CORES[8].core_inst/r_input_feat_reg[12][3]/Q
                         net (fo=22, routed)          0.655     0.763    CORES[8].core_inst/trf/matrix_c0/r_transform_feature_reg_reg[8][15]_i_2__7_0[3]
    SLICE_X62Y12         LUT3 (Prop_B6LUT_SLICEL_I0_O)
                                                      0.124     0.887 r  CORES[8].core_inst/trf/matrix_c0/soma[12]__0_carry_i_4__16/O
                         net (fo=1, routed)           0.139     1.026    CORES[8].core_inst/trf/matrix_c0/soma[12]__0_carry_i_4__16_n_0
    SLICE_X63Y12         CARRY8 (Prop_CARRY8_SLICEM_DI[4]_CO[7])
                                                      0.093     1.119 r  CORES[8].core_inst/trf/matrix_c0/soma[12]__0_carry/CO[7]
                         net (fo=1, routed)           0.026     1.145    CORES[8].core_inst/trf/matrix_c0/soma[12]__0_carry_n_0
    SLICE_X63Y13         CARRY8 (Prop_CARRY8_SLICEM_CI_O[2])
                                                      0.067     1.212 r  CORES[8].core_inst/trf/matrix_c0/soma[12]__0_carry__0/O[2]
                         net (fo=15, routed)          0.541     1.753    CORES[8].core_inst/trf/matrix_c0/w_conv_transform[24]_10[10]
    SLICE_X57Y21         LUT3 (Prop_G6LUT_SLICEM_I2_O)
                                                      0.037     1.790 r  CORES[8].core_inst/trf/matrix_c0/soma[6]__0_carry__0_i_4__15/O
                         net (fo=1, routed)           0.365     2.155    CORES[8].core_inst/trf/matrix_c1/r_transform_feature_reg_reg[6][15][3]
    SLICE_X56Y21         CARRY8 (Prop_CARRY8_SLICEM_DI[3]_O[5])
                                                      0.182     2.337 r  CORES[8].core_inst/trf/matrix_c1/soma[6]__0_carry__0/O[5]
                         net (fo=7, routed)           0.217     2.554    CORES[8].core_inst/trf/matrix_c0/r_transform_feature_reg_reg[6][15]_0[5]
    SLICE_X54Y22         LUT6 (Prop_A6LUT_SLICEM_I0_O)
                                                      0.090     2.644 r  CORES[8].core_inst/trf/matrix_c0/r_transform_feature_reg[14][13]_i_5__7/O
                         net (fo=2, routed)           0.093     2.737    CORES[8].core_inst/trf/matrix_c0/r_transform_feature_reg[14][13]_i_5__7_n_0
    SLICE_X55Y22         LUT5 (Prop_F6LUT_SLICEL_I0_O)
                                                      0.123     2.860 r  CORES[8].core_inst/trf/matrix_c0/r_transform_feature_reg[14][13]_i_3__7/O
                         net (fo=1, routed)           0.098     2.958    CORES[8].core_inst/trf/matrix_c0/r_transform_feature_reg[14][13]_i_3__7_n_0
    SLICE_X55Y24         LUT5 (Prop_D6LUT_SLICEL_I2_O)
                                                      0.122     3.080 r  CORES[8].core_inst/trf/matrix_c0/r_transform_feature_reg[14][13]_i_1__7/O
                         net (fo=1, routed)           0.049     3.129    CORES[8].core_inst/trf_n_50
    SLICE_X55Y24         FDCE                                         r  CORES[8].core_inst/r_transform_feature_reg_reg[14][13]/D
  -------------------------------------------------------------------    -------------------

                         (clock clk rise edge)        3.155     3.155 r  
                                                      0.000     3.155 r  clk (IN)
                         net (fo=29474, unset)        0.020     3.175    CORES[8].core_inst/clk
    SLICE_X55Y24         FDCE                                         r  CORES[8].core_inst/r_transform_feature_reg_reg[14][13]/C
                         clock pessimism              0.000     3.175    
                         clock uncertainty           -0.035     3.140    
    SLICE_X55Y24         FDCE (Setup_DFF_SLICEL_C_D)
                                                      0.025     3.165    CORES[8].core_inst/r_transform_feature_reg_reg[14][13]
  -------------------------------------------------------------------
                         required time                          3.165    
                         arrival time                          -3.129    
  -------------------------------------------------------------------
                         slack                                  0.036    

Slack (MET) :             0.041ns  (required time - arrival time)
  Source:                 CORES[8].core_inst/r_input_feat_reg[12][3]/C
                            (rising edge-triggered cell FDCE clocked by clk  {rise@0.000ns fall@1.577ns period=3.155ns})
  Destination:            CORES[8].core_inst/r_transform_feature_reg_reg[6][13]/D
                            (rising edge-triggered cell FDCE clocked by clk  {rise@0.000ns fall@1.577ns period=3.155ns})
  Path Group:             clk
  Path Type:              Setup (Max at Slow Process Corner)
  Requirement:            3.155ns  (clk rise@3.155ns - clk rise@0.000ns)
  Data Path Delay:        3.096ns  (logic 0.847ns (27.360%)  route 2.249ns (72.640%))
  Logic Levels:           8  (CARRY8=3 LUT3=2 LUT5=1 LUT6=2)
  Clock Path Skew:        -0.008ns (DCD - SCD + CPR)
    Destination Clock Delay (DCD):    0.021ns = ( 3.176 - 3.155 ) 
    Source Clock Delay      (SCD):    0.029ns
    Clock Pessimism Removal (CPR):    0.000ns
  Clock Uncertainty:      0.035ns  ((TSJ^2 + TIJ^2)^1/2 + DJ) / 2 + PE
    Total System Jitter     (TSJ):    0.071ns
    Total Input Jitter      (TIJ):    0.000ns
    Discrete Jitter          (DJ):    0.000ns
    Phase Error              (PE):    0.000ns

    Location             Delay type                Incr(ns)  Path(ns)    Netlist Resource(s)
  -------------------------------------------------------------------    -------------------
                         (clock clk rise edge)        0.000     0.000 r  
                                                      0.000     0.000 r  clk (IN)
                         net (fo=29474, unset)        0.029     0.029    CORES[8].core_inst/clk
    SLICE_X66Y10         FDCE                                         r  CORES[8].core_inst/r_input_feat_reg[12][3]/C
  -------------------------------------------------------------------    -------------------
    SLICE_X66Y10         FDCE (Prop_HFF_SLICEL_C_Q)
                                                      0.079     0.108 f  CORES[8].core_inst/r_input_feat_reg[12][3]/Q
                         net (fo=22, routed)          0.655     0.763    CORES[8].core_inst/trf/matrix_c0/r_transform_feature_reg_reg[8][15]_i_2__7_0[3]
    SLICE_X62Y12         LUT3 (Prop_B6LUT_SLICEL_I0_O)
                                                      0.124     0.887 r  CORES[8].core_inst/trf/matrix_c0/soma[12]__0_carry_i_4__16/O
                         net (fo=1, routed)           0.139     1.026    CORES[8].core_inst/trf/matrix_c0/soma[12]__0_carry_i_4__16_n_0
    SLICE_X63Y12         CARRY8 (Prop_CARRY8_SLICEM_DI[4]_CO[7])
                                                      0.093     1.119 r  CORES[8].core_inst/trf/matrix_c0/soma[12]__0_carry/CO[7]
                         net (fo=1, routed)           0.026     1.145    CORES[8].core_inst/trf/matrix_c0/soma[12]__0_carry_n_0
    SLICE_X63Y13         CARRY8 (Prop_CARRY8_SLICEM_CI_O[2])
                                                      0.067     1.212 r  CORES[8].core_inst/trf/matrix_c0/soma[12]__0_carry__0/O[2]
                         net (fo=15, routed)          0.541     1.753    CORES[8].core_inst/trf/matrix_c0/w_conv_transform[24]_10[10]
    SLICE_X57Y21         LUT3 (Prop_G6LUT_SLICEM_I2_O)
                                                      0.037     1.790 r  CORES[8].core_inst/trf/matrix_c0/soma[6]__0_carry__0_i_4__15/O
                         net (fo=1, routed)           0.365     2.155    CORES[8].core_inst/trf/matrix_c1/r_transform_feature_reg_reg[6][15][3]
    SLICE_X56Y21         CARRY8 (Prop_CARRY8_SLICEM_DI[3]_O[5])
                                                      0.182     2.337 r  CORES[8].core_inst/trf/matrix_c1/soma[6]__0_carry__0/O[5]
                         net (fo=7, routed)           0.217     2.554    CORES[8].core_inst/trf/matrix_c0/r_transform_feature_reg_reg[6][15]_0[5]
    SLICE_X54Y22         LUT6 (Prop_A6LUT_SLICEM_I0_O)
                                                      0.090     2.644 r  CORES[8].core_inst/trf/matrix_c0/r_transform_feature_reg[14][13]_i_5__7/O
                         net (fo=2, routed)           0.187     2.831    CORES[8].core_inst/trf/matrix_c0/r_transform_feature_reg[14][13]_i_5__7_n_0
    SLICE_X53Y22         LUT6 (Prop_G6LUT_SLICEM_I1_O)
                                                      0.052     2.883 r  CORES[8].core_inst/trf/matrix_c0/r_transform_feature_reg[6][13]_i_2__7/O
                         net (fo=1, routed)           0.053     2.936    CORES[8].core_inst/trf/matrix_c0/r_transform_feature_reg[6][13]_i_2__7_n_0
    SLICE_X53Y22         LUT5 (Prop_C6LUT_SLICEM_I0_O)
                                                      0.123     3.059 r  CORES[8].core_inst/trf/matrix_c0/r_transform_feature_reg[6][13]_i_1__7/O
                         net (fo=1, routed)           0.066     3.125    CORES[8].core_inst/trf_n_162
    SLICE_X53Y22         FDCE                                         r  CORES[8].core_inst/r_transform_feature_reg_reg[6][13]/D
  -------------------------------------------------------------------    -------------------

                         (clock clk rise edge)        3.155     3.155 r  
                                                      0.000     3.155 r  clk (IN)
                         net (fo=29474, unset)        0.021     3.176    CORES[8].core_inst/clk
    SLICE_X53Y22         FDCE                                         r  CORES[8].core_inst/r_transform_feature_reg_reg[6][13]/C
                         clock pessimism              0.000     3.176    
                         clock uncertainty           -0.035     3.141    
    SLICE_X53Y22         FDCE (Setup_CFF_SLICEM_C_D)
                                                      0.025     3.166    CORES[8].core_inst/r_transform_feature_reg_reg[6][13]
  -------------------------------------------------------------------
                         required time                          3.166    
                         arrival time                          -3.125    
  -------------------------------------------------------------------
                         slack                                  0.041    

Slack (MET) :             0.055ns  (required time - arrival time)
  Source:                 CORES[8].core_inst/r_input_feat_reg[2][4]/C
                            (rising edge-triggered cell FDCE clocked by clk  {rise@0.000ns fall@1.577ns period=3.155ns})
  Destination:            CORES[8].core_inst/r_transform_feature_reg_reg[16][13]/D
                            (rising edge-triggered cell FDCE clocked by clk  {rise@0.000ns fall@1.577ns period=3.155ns})
  Path Group:             clk
  Path Type:              Setup (Max at Slow Process Corner)
  Requirement:            3.155ns  (clk rise@3.155ns - clk rise@0.000ns)
  Data Path Delay:        3.081ns  (logic 0.763ns (24.765%)  route 2.318ns (75.235%))
  Logic Levels:           7  (CARRY8=2 LUT3=3 LUT5=1 LUT6=1)
  Clock Path Skew:        -0.009ns (DCD - SCD + CPR)
    Destination Clock Delay (DCD):    0.021ns = ( 3.176 - 3.155 ) 
    Source Clock Delay      (SCD):    0.030ns
    Clock Pessimism Removal (CPR):    0.000ns
  Clock Uncertainty:      0.035ns  ((TSJ^2 + TIJ^2)^1/2 + DJ) / 2 + PE
    Total System Jitter     (TSJ):    0.071ns
    Total Input Jitter      (TIJ):    0.000ns
    Discrete Jitter          (DJ):    0.000ns
    Phase Error              (PE):    0.000ns

    Location             Delay type                Incr(ns)  Path(ns)    Netlist Resource(s)
  -------------------------------------------------------------------    -------------------
                         (clock clk rise edge)        0.000     0.000 r  
                                                      0.000     0.000 r  clk (IN)
                         net (fo=29474, unset)        0.030     0.030    CORES[8].core_inst/clk
    SLICE_X67Y7          FDCE                                         r  CORES[8].core_inst/r_input_feat_reg[2][4]/C
  -------------------------------------------------------------------    -------------------
    SLICE_X67Y7          FDCE (Prop_GFF_SLICEM_C_Q)
                                                      0.078     0.108 f  CORES[8].core_inst/r_input_feat_reg[2][4]/Q
                         net (fo=11, routed)          0.669     0.777    CORES[8].core_inst/trf/matrix_c0/soma[2]__0_carry_4[4]
    SLICE_X62Y7          LUT3 (Prop_F6LUT_SLICEL_I0_O)
                                                      0.097     0.874 r  CORES[8].core_inst/trf/matrix_c0/soma[0]__0_carry_i_3__16/O
                         net (fo=1, routed)           0.283     1.157    CORES[8].core_inst/trf/matrix_c0/soma[0]__0_carry_i_3__16_n_0
    SLICE_X63Y10         CARRY8 (Prop_CARRY8_SLICEM_DI[5]_O[7])
                                                      0.107     1.264 r  CORES[8].core_inst/trf/matrix_c0/soma[0]__0_carry/O[7]
                         net (fo=3, routed)           0.546     1.810    CORES[8].core_inst/trf/matrix_c0/partial[0]_16[7]
    SLICE_X58Y13         LUT3 (Prop_H6LUT_SLICEL_I2_O)
                                                      0.051     1.861 r  CORES[8].core_inst/trf/matrix_c0/soma[0]__0_carry__0_i_7__15/O
                         net (fo=1, routed)           0.133     1.994    CORES[8].core_inst/trf/matrix_c1/r_transform_feature_reg_reg[0][15][0]
    SLICE_X58Y15         CARRY8 (Prop_CARRY8_SLICEL_DI[0]_O[5])
                                                      0.207     2.201 r  CORES[8].core_inst/trf/matrix_c1/soma[0]__0_carry__0/O[5]
                         net (fo=15, routed)          0.324     2.525    CORES[8].core_inst/trf/matrix_c0/r_transform_feature_reg_reg[0][15]_0[5]
    SLICE_X55Y21         LUT6 (Prop_G6LUT_SLICEL_I0_O)
                                                      0.149     2.674 r  CORES[8].core_inst/trf/matrix_c0/r_transform_feature_reg[8][13]_i_3__7/O
                         net (fo=2, routed)           0.201     2.875    CORES[8].core_inst/trf/matrix_c0/r_transform_feature_reg[8][13]_i_3__7_n_0
    SLICE_X56Y24         LUT3 (Prop_F6LUT_SLICEM_I2_O)
                                                      0.037     2.912 r  CORES[8].core_inst/trf/matrix_c0/r_transform_feature_reg[16][13]_i_3__7/O
                         net (fo=1, routed)           0.090     3.002    CORES[8].core_inst/trf/matrix_c0/r_transform_feature_reg[16][13]_i_3__7_n_0
    SLICE_X56Y25         LUT5 (Prop_D6LUT_SLICEM_I2_O)
                                                      0.037     3.039 r  CORES[8].core_inst/trf/matrix_c0/r_transform_feature_reg[16][13]_i_1__7/O
                         net (fo=1, routed)           0.072     3.111    CORES[8].core_inst/trf_n_18
    SLICE_X56Y25         FDCE                                         r  CORES[8].core_inst/r_transform_feature_reg_reg[16][13]/D
  -------------------------------------------------------------------    -------------------

                         (clock clk rise edge)        3.155     3.155 r  
                                                      0.000     3.155 r  clk (IN)
                         net (fo=29474, unset)        0.021     3.176    CORES[8].core_inst/clk
    SLICE_X56Y25         FDCE                                         r  CORES[8].core_inst/r_transform_feature_reg_reg[16][13]/C
                         clock pessimism              0.000     3.176    
                         clock uncertainty           -0.035     3.141    
    SLICE_X56Y25         FDCE (Setup_DFF_SLICEM_C_D)
                                                      0.025     3.166    CORES[8].core_inst/r_transform_feature_reg_reg[16][13]
  -------------------------------------------------------------------
                         required time                          3.166    
                         arrival time                          -3.111    
  -------------------------------------------------------------------
                         slack                                  0.055    

Slack (MET) :             0.059ns  (required time - arrival time)
  Source:                 CORES[3].core_inst/r_input_feat_reg[14][0]/C
                            (rising edge-triggered cell FDCE clocked by clk  {rise@0.000ns fall@1.577ns period=3.155ns})
  Destination:            CORES[3].core_inst/r_transform_feature_reg_reg[2][15]/D
                            (rising edge-triggered cell FDCE clocked by clk  {rise@0.000ns fall@1.577ns period=3.155ns})
  Path Group:             clk
  Path Type:              Setup (Max at Slow Process Corner)
  Requirement:            3.155ns  (clk rise@3.155ns - clk rise@0.000ns)
  Data Path Delay:        3.077ns  (logic 1.008ns (32.760%)  route 2.069ns (67.240%))
  Logic Levels:           8  (CARRY8=3 LUT3=2 LUT5=1 LUT6=2)
  Clock Path Skew:        -0.009ns (DCD - SCD + CPR)
    Destination Clock Delay (DCD):    0.021ns = ( 3.176 - 3.155 ) 
    Source Clock Delay      (SCD):    0.030ns
    Clock Pessimism Removal (CPR):    0.000ns
  Clock Uncertainty:      0.035ns  ((TSJ^2 + TIJ^2)^1/2 + DJ) / 2 + PE
    Total System Jitter     (TSJ):    0.071ns
    Total Input Jitter      (TIJ):    0.000ns
    Discrete Jitter          (DJ):    0.000ns
    Phase Error              (PE):    0.000ns

    Location             Delay type                Incr(ns)  Path(ns)    Netlist Resource(s)
  -------------------------------------------------------------------    -------------------
                         (clock clk rise edge)        0.000     0.000 r  
                                                      0.000     0.000 r  clk (IN)
                         net (fo=29474, unset)        0.030     0.030    CORES[3].core_inst/clk
    SLICE_X6Y259         FDCE                                         r  CORES[3].core_inst/r_input_feat_reg[14][0]/C
  -------------------------------------------------------------------    -------------------
    SLICE_X6Y259         FDCE (Prop_CFF_SLICEM_C_Q)
                                                      0.078     0.108 r  CORES[3].core_inst/r_input_feat_reg[14][0]/Q
                         net (fo=4, routed)           0.204     0.312    CORES[3].core_inst/trf/matrix_c0/soma[14]__0_carry_2[0]
    SLICE_X9Y257         LUT3 (Prop_F6LUT_SLICEM_I2_O)
                                                      0.148     0.460 r  CORES[3].core_inst/trf/matrix_c0/soma[14]__0_carry_i_7__2/O
                         net (fo=1, routed)           0.325     0.785    CORES[3].core_inst/trf/matrix_c0/soma[14]__0_carry_i_7__2_n_0
    SLICE_X9Y258         CARRY8 (Prop_CARRY8_SLICEM_DI[1]_CO[7])
                                                      0.120     0.905 r  CORES[3].core_inst/trf/matrix_c0/soma[14]__0_carry/CO[7]
                         net (fo=1, routed)           0.026     0.931    CORES[3].core_inst/trf/matrix_c0/soma[14]__0_carry_n_0
    SLICE_X9Y259         CARRY8 (Prop_CARRY8_SLICEM_CI_O[2])
                                                      0.067     0.998 f  CORES[3].core_inst/trf/matrix_c0/soma[14]__0_carry__0/O[2]
                         net (fo=16, routed)          0.363     1.361    CORES[3].core_inst/trf/matrix_c0/w_conv_transform[26]_8[10]
    SLICE_X5Y254         LUT3 (Prop_A6LUT_SLICEL_I1_O)
                                                      0.035     1.396 r  CORES[3].core_inst/trf/matrix_c0/soma[14]__0_carry__0_i_4__5/O
                         net (fo=1, routed)           0.286     1.682    CORES[3].core_inst/trf/matrix_c1/r_transform_feature_reg_reg[14][15][3]
    SLICE_X6Y255         CARRY8 (Prop_CARRY8_SLICEM_DI[3]_O[7])
                                                      0.185     1.867 r  CORES[3].core_inst/trf/matrix_c1/soma[14]__0_carry__0/O[7]
                         net (fo=6, routed)           0.464     2.331    CORES[3].core_inst/trf/matrix_c1/soma[14]__0_carry__0_i_15__5[7]
    SLICE_X3Y271         LUT6 (Prop_E6LUT_SLICEM_I3_O)
                                                      0.124     2.455 r  CORES[3].core_inst/trf/matrix_c1/r_transform_feature_reg[10][15]_i_5__2/O
                         net (fo=2, routed)           0.127     2.582    CORES[3].core_inst/trf/matrix_c0/r_transform_feature_reg_reg[2][15]_0
    SLICE_X3Y271         LUT6 (Prop_H6LUT_SLICEM_I0_O)
                                                      0.152     2.734 r  CORES[3].core_inst/trf/matrix_c0/r_transform_feature_reg[2][15]_i_2__2/O
                         net (fo=1, routed)           0.202     2.936    CORES[3].core_inst/trf/matrix_c0/r_transform_feature_reg[2][15]_i_2__2_n_0
    SLICE_X6Y272         LUT5 (Prop_D6LUT_SLICEM_I0_O)
                                                      0.099     3.035 r  CORES[3].core_inst/trf/matrix_c0/r_transform_feature_reg[2][15]_i_1__2/O
                         net (fo=1, routed)           0.072     3.107    CORES[3].core_inst/trf_n_224
    SLICE_X6Y272         FDCE                                         r  CORES[3].core_inst/r_transform_feature_reg_reg[2][15]/D
  -------------------------------------------------------------------    -------------------

                         (clock clk rise edge)        3.155     3.155 r  
                                                      0.000     3.155 r  clk (IN)
                         net (fo=29474, unset)        0.021     3.176    CORES[3].core_inst/clk
    SLICE_X6Y272         FDCE                                         r  CORES[3].core_inst/r_transform_feature_reg_reg[2][15]/C
                         clock pessimism              0.000     3.176    
                         clock uncertainty           -0.035     3.141    
    SLICE_X6Y272         FDCE (Setup_DFF_SLICEM_C_D)
                                                      0.025     3.166    CORES[3].core_inst/r_transform_feature_reg_reg[2][15]
  -------------------------------------------------------------------
                         required time                          3.166    
                         arrival time                          -3.107    
  -------------------------------------------------------------------
                         slack                                  0.059    

Slack (MET) :             0.061ns  (required time - arrival time)
  Source:                 CORES[8].core_inst/r_input_feat_reg[11][3]/C
                            (rising edge-triggered cell FDCE clocked by clk  {rise@0.000ns fall@1.577ns period=3.155ns})
  Destination:            CORES[8].core_inst/r_transform_feature_reg_reg[17][13]/D
                            (rising edge-triggered cell FDCE clocked by clk  {rise@0.000ns fall@1.577ns period=3.155ns})
  Path Group:             clk
  Path Type:              Setup (Max at Slow Process Corner)
  Requirement:            3.155ns  (clk rise@3.155ns - clk rise@0.000ns)
  Data Path Delay:        3.076ns  (logic 0.999ns (32.477%)  route 2.077ns (67.523%))
  Logic Levels:           8  (CARRY8=3 LUT3=1 LUT5=2 LUT6=2)
  Clock Path Skew:        -0.008ns (DCD - SCD + CPR)
    Destination Clock Delay (DCD):    0.020ns = ( 3.175 - 3.155 ) 
    Source Clock Delay      (SCD):    0.028ns
    Clock Pessimism Removal (CPR):    0.000ns
  Clock Uncertainty:      0.035ns  ((TSJ^2 + TIJ^2)^1/2 + DJ) / 2 + PE
    Total System Jitter     (TSJ):    0.071ns
    Total Input Jitter      (TIJ):    0.000ns
    Discrete Jitter          (DJ):    0.000ns
    Phase Error              (PE):    0.000ns

    Location             Delay type                Incr(ns)  Path(ns)    Netlist Resource(s)
  -------------------------------------------------------------------    -------------------
                         (clock clk rise edge)        0.000     0.000 r  
                                                      0.000     0.000 r  clk (IN)
                         net (fo=29474, unset)        0.028     0.028    CORES[8].core_inst/clk
    SLICE_X66Y10         FDCE                                         r  CORES[8].core_inst/r_input_feat_reg[11][3]/C
  -------------------------------------------------------------------    -------------------
    SLICE_X66Y10         FDCE (Prop_BFF_SLICEL_C_Q)
                                                      0.079     0.107 r  CORES[8].core_inst/r_input_feat_reg[11][3]/Q
                         net (fo=17, routed)          0.676     0.783    CORES[8].core_inst/trf/matrix_c0/r_transform_feature_reg[13][15]_i_2__7_0[3]
    SLICE_X64Y10         LUT6 (Prop_E6LUT_SLICEM_I1_O)
                                                      0.124     0.907 r  CORES[8].core_inst/trf/matrix_c0/soma[13]__0_carry_i_11__16/O
                         net (fo=1, routed)           0.014     0.921    CORES[8].core_inst/trf/matrix_c0/soma[13]__0_carry_i_11__16_n_0
    SLICE_X64Y10         CARRY8 (Prop_CARRY8_SLICEM_S[4]_CO[7])
                                                      0.156     1.077 r  CORES[8].core_inst/trf/matrix_c0/soma[13]__0_carry/CO[7]
                         net (fo=1, routed)           0.026     1.103    CORES[8].core_inst/trf/matrix_c0/soma[13]__0_carry_n_0
    SLICE_X64Y11         CARRY8 (Prop_CARRY8_SLICEM_CI_O[2])
                                                      0.067     1.170 f  CORES[8].core_inst/trf/matrix_c0/soma[13]__0_carry__0/O[2]
                         net (fo=13, routed)          0.386     1.556    CORES[8].core_inst/trf/matrix_c0/w_conv_transform[25]_9[10]
    SLICE_X62Y5          LUT3 (Prop_D6LUT_SLICEL_I0_O)
                                                      0.050     1.606 r  CORES[8].core_inst/trf/matrix_c0/soma[1]__0_carry__0_i_4__15/O
                         net (fo=1, routed)           0.279     1.885    CORES[8].core_inst/trf/matrix_c1/r_transform_feature_reg_reg[1][15][3]
    SLICE_X62Y4          CARRY8 (Prop_CARRY8_SLICEL_DI[3]_O[5])
                                                      0.177     2.062 r  CORES[8].core_inst/trf/matrix_c1/soma[1]__0_carry__0/O[5]
                         net (fo=6, routed)           0.385     2.448    CORES[8].core_inst/trf/matrix_c0/r_transform_feature_reg_reg[1][15][5]
    SLICE_X61Y8          LUT6 (Prop_F6LUT_SLICEM_I0_O)
                                                      0.123     2.571 r  CORES[8].core_inst/trf/matrix_c0/r_transform_feature_reg[17][13]_i_6__7/O
                         net (fo=3, routed)           0.214     2.785    CORES[8].core_inst/trf/matrix_c0/r_transform_product_idx_reg[1]_rep__1_4
    SLICE_X58Y10         LUT5 (Prop_B6LUT_SLICEL_I2_O)
                                                      0.124     2.909 r  CORES[8].core_inst/trf/matrix_c0/r_transform_feature_reg[17][13]_i_3__7/O
                         net (fo=1, routed)           0.045     2.954    CORES[8].core_inst/trf/matrix_c0/r_transform_feature_reg[17][13]_i_3__7_n_0
    SLICE_X58Y10         LUT5 (Prop_H6LUT_SLICEL_I2_O)
                                                      0.099     3.053 r  CORES[8].core_inst/trf/matrix_c0/r_transform_feature_reg[17][13]_i_1__7/O
                         net (fo=1, routed)           0.051     3.104    CORES[8].core_inst/trf_n_2
    SLICE_X58Y10         FDCE                                         r  CORES[8].core_inst/r_transform_feature_reg_reg[17][13]/D
  -------------------------------------------------------------------    -------------------

                         (clock clk rise edge)        3.155     3.155 r  
                                                      0.000     3.155 r  clk (IN)
                         net (fo=29474, unset)        0.020     3.175    CORES[8].core_inst/clk
    SLICE_X58Y10         FDCE                                         r  CORES[8].core_inst/r_transform_feature_reg_reg[17][13]/C
                         clock pessimism              0.000     3.175    
                         clock uncertainty           -0.035     3.140    
    SLICE_X58Y10         FDCE (Setup_HFF_SLICEL_C_D)
                                                      0.025     3.165    CORES[8].core_inst/r_transform_feature_reg_reg[17][13]
  -------------------------------------------------------------------
                         required time                          3.165    
                         arrival time                          -3.104    
  -------------------------------------------------------------------
                         slack                                  0.061    

Slack (MET) :             0.061ns  (required time - arrival time)
  Source:                 CORES[8].core_inst/r_input_feat_reg[21][0]/C
                            (rising edge-triggered cell FDCE clocked by clk  {rise@0.000ns fall@1.577ns period=3.155ns})
  Destination:            CORES[8].core_inst/r_transform_feature_reg_reg[9][9]/D
                            (rising edge-triggered cell FDCE clocked by clk  {rise@0.000ns fall@1.577ns period=3.155ns})
  Path Group:             clk
  Path Type:              Setup (Max at Slow Process Corner)
  Requirement:            3.155ns  (clk rise@3.155ns - clk rise@0.000ns)
  Data Path Delay:        3.075ns  (logic 0.814ns (26.476%)  route 2.261ns (73.524%))
  Logic Levels:           9  (CARRY8=3 LUT3=4 LUT6=2)
  Clock Path Skew:        -0.009ns (DCD - SCD + CPR)
    Destination Clock Delay (DCD):    0.020ns = ( 3.175 - 3.155 ) 
    Source Clock Delay      (SCD):    0.029ns
    Clock Pessimism Removal (CPR):    0.000ns
  Clock Uncertainty:      0.035ns  ((TSJ^2 + TIJ^2)^1/2 + DJ) / 2 + PE
    Total System Jitter     (TSJ):    0.071ns
    Total Input Jitter      (TIJ):    0.000ns
    Discrete Jitter          (DJ):    0.000ns
    Phase Error              (PE):    0.000ns

    Location             Delay type                Incr(ns)  Path(ns)    Netlist Resource(s)
  -------------------------------------------------------------------    -------------------
                         (clock clk rise edge)        0.000     0.000 r  
                                                      0.000     0.000 r  clk (IN)
                         net (fo=29474, unset)        0.029     0.029    CORES[8].core_inst/clk
    SLICE_X66Y14         FDCE                                         r  CORES[8].core_inst/r_input_feat_reg[21][0]/C
  -------------------------------------------------------------------    -------------------
    SLICE_X66Y14         FDCE (Prop_HFF_SLICEL_C_Q)
                                                      0.079     0.108 f  CORES[8].core_inst/r_input_feat_reg[21][0]/Q
                         net (fo=8, routed)           0.549     0.657    CORES[8].core_inst/trf/matrix_c0/soma[25]__0_carry_2[0]
    SLICE_X65Y17         LUT3 (Prop_A6LUT_SLICEL_I1_O)
                                                      0.124     0.781 r  CORES[8].core_inst/trf/matrix_c0/soma[25]__0_carry_i_7__7/O
                         net (fo=1, routed)           0.183     0.964    CORES[8].core_inst/trf/matrix_c0/soma[25]__0_carry_i_7__7_n_0
    SLICE_X65Y12         CARRY8 (Prop_CARRY8_SLICEL_DI[1]_O[5])
                                                      0.193     1.157 r  CORES[8].core_inst/trf/matrix_c0/soma[25]__0_carry/O[5]
                         net (fo=3, routed)           0.358     1.515    CORES[8].core_inst/trf/matrix_c0/partial[25]_3[5]
    SLICE_X62Y8          LUT3 (Prop_B6LUT_SLICEL_I2_O)
                                                      0.036     1.551 r  CORES[8].core_inst/trf/matrix_c0/soma[13]__0_carry_i_2__15/O
                         net (fo=1, routed)           0.182     1.733    CORES[8].core_inst/trf/matrix_c1/r_transform_feature_reg_reg[13][7][5]
    SLICE_X63Y8          CARRY8 (Prop_CARRY8_SLICEM_DI[6]_CO[7])
                                                      0.060     1.793 r  CORES[8].core_inst/trf/matrix_c1/soma[13]__0_carry/CO[7]
                         net (fo=1, routed)           0.026     1.819    CORES[8].core_inst/trf/matrix_c1/soma[13]__0_carry_n_0
    SLICE_X63Y9          CARRY8 (Prop_CARRY8_SLICEM_CI_O[1])
                                                      0.076     1.895 r  CORES[8].core_inst/trf/matrix_c1/soma[13]__0_carry__0/O[1]
                         net (fo=5, routed)           0.489     2.384    CORES[8].core_inst/trf/matrix_c1/soma[13]__0_carry__0_i_15__15[1]
    SLICE_X56Y12         LUT6 (Prop_B6LUT_SLICEM_I3_O)
                                                      0.037     2.421 r  CORES[8].core_inst/trf/matrix_c1/r_transform_feature_reg[17][9]_i_5__7/O
                         net (fo=3, routed)           0.200     2.622    CORES[8].core_inst/trf/matrix_c1/r_transform_product_idx_reg[1]_rep__1_6
    SLICE_X55Y15         LUT3 (Prop_E6LUT_SLICEL_I2_O)
                                                      0.035     2.657 r  CORES[8].core_inst/trf/matrix_c1/r_transform_feature_reg[9][9]_i_3__7/O
                         net (fo=1, routed)           0.141     2.798    CORES[8].core_inst/trf/matrix_c0/r_transform_feature_reg_reg[9][9]
    SLICE_X55Y15         LUT6 (Prop_H6LUT_SLICEL_I0_O)
                                                      0.124     2.922 r  CORES[8].core_inst/trf/matrix_c0/r_transform_feature_reg[9][9]_i_2__7/O
                         net (fo=1, routed)           0.083     3.005    CORES[8].core_inst/trf/matrix_c0/r_transform_feature_reg[9][9]_i_2__7_n_0
    SLICE_X55Y15         LUT3 (Prop_D6LUT_SLICEL_I0_O)
                                                      0.050     3.055 r  CORES[8].core_inst/trf/matrix_c0/r_transform_feature_reg[9][9]_i_1__7/O
                         net (fo=1, routed)           0.049     3.104    CORES[8].core_inst/trf_n_262
    SLICE_X55Y15         FDCE                                         r  CORES[8].core_inst/r_transform_feature_reg_reg[9][9]/D
  -------------------------------------------------------------------    -------------------

                         (clock clk rise edge)        3.155     3.155 r  
                                                      0.000     3.155 r  clk (IN)
                         net (fo=29474, unset)        0.020     3.175    CORES[8].core_inst/clk
    SLICE_X55Y15         FDCE                                         r  CORES[8].core_inst/r_transform_feature_reg_reg[9][9]/C
                         clock pessimism              0.000     3.175    
                         clock uncertainty           -0.035     3.140    
    SLICE_X55Y15         FDCE (Setup_DFF_SLICEL_C_D)
                                                      0.025     3.165    CORES[8].core_inst/r_transform_feature_reg_reg[9][9]
  -------------------------------------------------------------------
                         required time                          3.165    
                         arrival time                          -3.104    
  -------------------------------------------------------------------
                         slack                                  0.061    

Slack (MET) :             0.063ns  (required time - arrival time)
  Source:                 CORES[2].core_inst/r_input_feat_reg[16][1]/C
                            (rising edge-triggered cell FDCE clocked by clk  {rise@0.000ns fall@1.577ns period=3.155ns})
  Destination:            CORES[2].core_inst/r_transform_feature_reg_reg[8][15]/D
                            (rising edge-triggered cell FDCE clocked by clk  {rise@0.000ns fall@1.577ns period=3.155ns})
  Path Group:             clk
  Path Type:              Setup (Max at Slow Process Corner)
  Requirement:            3.155ns  (clk rise@3.155ns - clk rise@0.000ns)
  Data Path Delay:        3.074ns  (logic 0.975ns (31.720%)  route 2.099ns (68.280%))
  Logic Levels:           8  (CARRY8=2 LUT3=2 LUT5=2 LUT6=1 MUXF7=1)
  Clock Path Skew:        -0.008ns (DCD - SCD + CPR)
    Destination Clock Delay (DCD):    0.020ns = ( 3.175 - 3.155 ) 
    Source Clock Delay      (SCD):    0.028ns
    Clock Pessimism Removal (CPR):    0.000ns
  Clock Uncertainty:      0.035ns  ((TSJ^2 + TIJ^2)^1/2 + DJ) / 2 + PE
    Total System Jitter     (TSJ):    0.071ns
    Total Input Jitter      (TIJ):    0.000ns
    Discrete Jitter          (DJ):    0.000ns
    Phase Error              (PE):    0.000ns

    Location             Delay type                Incr(ns)  Path(ns)    Netlist Resource(s)
  -------------------------------------------------------------------    -------------------
                         (clock clk rise edge)        0.000     0.000 r  
                                                      0.000     0.000 r  clk (IN)
                         net (fo=29474, unset)        0.028     0.028    CORES[2].core_inst/clk
    SLICE_X98Y159        FDCE                                         r  CORES[2].core_inst/r_input_feat_reg[16][1]/C
  -------------------------------------------------------------------    -------------------
    SLICE_X98Y159        FDCE (Prop_CFF2_SLICEL_C_Q)
                                                      0.080     0.108 f  CORES[2].core_inst/r_input_feat_reg[16][1]/Q
                         net (fo=17, routed)          0.507     0.615    CORES[2].core_inst/trf/matrix_c0/r_transform_feature_reg_reg[17][15][1]
    SLICE_X101Y159       LUT3 (Prop_E6LUT_SLICEL_I1_O)
                                                      0.051     0.666 r  CORES[2].core_inst/trf/matrix_c0/soma[18]__0_carry_i_6__1/O
                         net (fo=1, routed)           0.273     0.939    CORES[2].core_inst/trf/matrix_c0/soma[18]__0_carry_i_6__1_n_0
    SLICE_X102Y158       CARRY8 (Prop_CARRY8_SLICEL_DI[2]_O[7])
                                                      0.183     1.122 f  CORES[2].core_inst/trf/matrix_c0/soma[18]__0_carry/O[7]
                         net (fo=13, routed)          0.356     1.478    CORES[2].core_inst/trf/matrix_c0/w_conv_transform[30]_7[7]
    SLICE_X105Y156       LUT3 (Prop_E6LUT_SLICEM_I0_O)
                                                      0.124     1.602 r  CORES[2].core_inst/trf/matrix_c0/soma[12]__0_carry__0_i_7__3/O
                         net (fo=1, routed)           0.229     1.831    CORES[2].core_inst/trf/matrix_c1/r_transform_feature_reg_reg[12][15][0]
    SLICE_X105Y160       CARRY8 (Prop_CARRY8_SLICEM_DI[0]_O[7])
                                                      0.211     2.042 r  CORES[2].core_inst/trf/matrix_c1/soma[12]__0_carry__0/O[7]
                         net (fo=6, routed)           0.314     2.356    CORES[2].core_inst/trf/matrix_c0/r_transform_feature_reg_reg[12][15]_0[7]
    SLICE_X107Y167       LUT6 (Prop_F6LUT_SLICEL_I3_O)
                                                      0.123     2.479 r  CORES[2].core_inst/trf/matrix_c0/r_transform_feature_reg[16][15]_i_8__1/O
                         net (fo=2, routed)           0.218     2.697    CORES[2].core_inst/trf/matrix_c0/r_transform_feature_reg[16][15]_i_8__1_n_0
    SLICE_X109Y174       LUT5 (Prop_D6LUT_SLICEM_I4_O)
                                                      0.099     2.796 r  CORES[2].core_inst/trf/matrix_c0/r_transform_feature_reg[8][15]_i_4__1/O
                         net (fo=1, routed)           0.025     2.821    CORES[2].core_inst/trf/matrix_c0/r_transform_feature_reg[8][15]_i_4__1_n_0
    SLICE_X109Y174       MUXF7 (Prop_F7MUX_CD_SLICEM_I0_O)
                                                      0.069     2.890 r  CORES[2].core_inst/trf/matrix_c0/r_transform_feature_reg_reg[8][15]_i_2__1/O
                         net (fo=1, routed)           0.127     3.017    CORES[2].core_inst/trf/matrix_c0/r_transform_feature_reg_reg[8][15]_i_2__1_n_0
    SLICE_X110Y174       LUT5 (Prop_C6LUT_SLICEL_I0_O)
                                                      0.035     3.052 r  CORES[2].core_inst/trf/matrix_c0/r_transform_feature_reg[8][15]_i_1__1/O
                         net (fo=1, routed)           0.050     3.102    CORES[2].core_inst/trf_n_128
    SLICE_X110Y174       FDCE                                         r  CORES[2].core_inst/r_transform_feature_reg_reg[8][15]/D
  -------------------------------------------------------------------    -------------------

                         (clock clk rise edge)        3.155     3.155 r  
                                                      0.000     3.155 r  clk (IN)
                         net (fo=29474, unset)        0.020     3.175    CORES[2].core_inst/clk
    SLICE_X110Y174       FDCE                                         r  CORES[2].core_inst/r_transform_feature_reg_reg[8][15]/C
                         clock pessimism              0.000     3.175    
                         clock uncertainty           -0.035     3.140    
    SLICE_X110Y174       FDCE (Setup_CFF_SLICEL_C_D)
                                                      0.025     3.165    CORES[2].core_inst/r_transform_feature_reg_reg[8][15]
  -------------------------------------------------------------------
                         required time                          3.165    
                         arrival time                          -3.102    
  -------------------------------------------------------------------
                         slack                                  0.063    

Slack (MET) :             0.063ns  (required time - arrival time)
  Source:                 CORES[8].core_inst/r_input_feat_reg[11][3]/C
                            (rising edge-triggered cell FDCE clocked by clk  {rise@0.000ns fall@1.577ns period=3.155ns})
  Destination:            CORES[8].core_inst/r_transform_feature_reg_reg[9][13]/D
                            (rising edge-triggered cell FDCE clocked by clk  {rise@0.000ns fall@1.577ns period=3.155ns})
  Path Group:             clk
  Path Type:              Setup (Max at Slow Process Corner)
  Requirement:            3.155ns  (clk rise@3.155ns - clk rise@0.000ns)
  Data Path Delay:        3.074ns  (logic 0.866ns (28.167%)  route 2.208ns (71.833%))
  Logic Levels:           8  (CARRY8=3 LUT3=2 LUT6=3)
  Clock Path Skew:        -0.007ns (DCD - SCD + CPR)
    Destination Clock Delay (DCD):    0.021ns = ( 3.176 - 3.155 ) 
    Source Clock Delay      (SCD):    0.028ns
    Clock Pessimism Removal (CPR):    0.000ns
  Clock Uncertainty:      0.035ns  ((TSJ^2 + TIJ^2)^1/2 + DJ) / 2 + PE
    Total System Jitter     (TSJ):    0.071ns
    Total Input Jitter      (TIJ):    0.000ns
    Discrete Jitter          (DJ):    0.000ns
    Phase Error              (PE):    0.000ns

    Location             Delay type                Incr(ns)  Path(ns)    Netlist Resource(s)
  -------------------------------------------------------------------    -------------------
                         (clock clk rise edge)        0.000     0.000 r  
                                                      0.000     0.000 r  clk (IN)
                         net (fo=29474, unset)        0.028     0.028    CORES[8].core_inst/clk
    SLICE_X66Y10         FDCE                                         r  CORES[8].core_inst/r_input_feat_reg[11][3]/C
  -------------------------------------------------------------------    -------------------
    SLICE_X66Y10         FDCE (Prop_BFF_SLICEL_C_Q)
                                                      0.079     0.107 r  CORES[8].core_inst/r_input_feat_reg[11][3]/Q
                         net (fo=17, routed)          0.676     0.783    CORES[8].core_inst/trf/matrix_c0/r_transform_feature_reg[13][15]_i_2__7_0[3]
    SLICE_X64Y10         LUT6 (Prop_E6LUT_SLICEM_I1_O)
                                                      0.124     0.907 r  CORES[8].core_inst/trf/matrix_c0/soma[13]__0_carry_i_11__16/O
                         net (fo=1, routed)           0.014     0.921    CORES[8].core_inst/trf/matrix_c0/soma[13]__0_carry_i_11__16_n_0
    SLICE_X64Y10         CARRY8 (Prop_CARRY8_SLICEM_S[4]_CO[7])
                                                      0.156     1.077 r  CORES[8].core_inst/trf/matrix_c0/soma[13]__0_carry/CO[7]
                         net (fo=1, routed)           0.026     1.103    CORES[8].core_inst/trf/matrix_c0/soma[13]__0_carry_n_0
    SLICE_X64Y11         CARRY8 (Prop_CARRY8_SLICEM_CI_O[2])
                                                      0.067     1.170 f  CORES[8].core_inst/trf/matrix_c0/soma[13]__0_carry__0/O[2]
                         net (fo=13, routed)          0.386     1.556    CORES[8].core_inst/trf/matrix_c0/w_conv_transform[25]_9[10]
    SLICE_X62Y5          LUT3 (Prop_D6LUT_SLICEL_I0_O)
                                                      0.050     1.606 r  CORES[8].core_inst/trf/matrix_c0/soma[1]__0_carry__0_i_4__15/O
                         net (fo=1, routed)           0.279     1.885    CORES[8].core_inst/trf/matrix_c1/r_transform_feature_reg_reg[1][15][3]
    SLICE_X62Y4          CARRY8 (Prop_CARRY8_SLICEL_DI[3]_O[5])
                                                      0.177     2.062 r  CORES[8].core_inst/trf/matrix_c1/soma[1]__0_carry__0/O[5]
                         net (fo=6, routed)           0.385     2.448    CORES[8].core_inst/trf/matrix_c0/r_transform_feature_reg_reg[1][15][5]
    SLICE_X61Y8          LUT6 (Prop_F6LUT_SLICEM_I0_O)
                                                      0.123     2.571 r  CORES[8].core_inst/trf/matrix_c0/r_transform_feature_reg[17][13]_i_6__7/O
                         net (fo=3, routed)           0.286     2.856    CORES[8].core_inst/trf/matrix_c0/r_transform_product_idx_reg[1]_rep__1_4
    SLICE_X57Y10         LUT6 (Prop_H6LUT_SLICEM_I5_O)
                                                      0.039     2.895 r  CORES[8].core_inst/trf/matrix_c0/r_transform_feature_reg[9][13]_i_2__7/O
                         net (fo=1, routed)           0.084     2.979    CORES[8].core_inst/trf/matrix_c0/r_transform_feature_reg[9][13]_i_2__7_n_0
    SLICE_X57Y10         LUT3 (Prop_D6LUT_SLICEM_I0_O)
                                                      0.051     3.030 r  CORES[8].core_inst/trf/matrix_c0/r_transform_feature_reg[9][13]_i_1__7/O
                         net (fo=1, routed)           0.072     3.102    CORES[8].core_inst/trf_n_258
    SLICE_X57Y10         FDCE                                         r  CORES[8].core_inst/r_transform_feature_reg_reg[9][13]/D
  -------------------------------------------------------------------    -------------------

                         (clock clk rise edge)        3.155     3.155 r  
                                                      0.000     3.155 r  clk (IN)
                         net (fo=29474, unset)        0.021     3.176    CORES[8].core_inst/clk
    SLICE_X57Y10         FDCE                                         r  CORES[8].core_inst/r_transform_feature_reg_reg[9][13]/C
                         clock pessimism              0.000     3.176    
                         clock uncertainty           -0.035     3.141    
    SLICE_X57Y10         FDCE (Setup_DFF_SLICEM_C_D)
                                                      0.025     3.166    CORES[8].core_inst/r_transform_feature_reg_reg[9][13]
  -------------------------------------------------------------------
                         required time                          3.166    
                         arrival time                          -3.102    
  -------------------------------------------------------------------
                         slack                                  0.063    

Slack (MET) :             0.064ns  (required time - arrival time)
  Source:                 CORES[4].core_inst/r_input_feat_reg[2][0]/C
                            (rising edge-triggered cell FDCE clocked by clk  {rise@0.000ns fall@1.577ns period=3.155ns})
  Destination:            CORES[4].core_inst/r_transform_feature_reg_reg[15][13]/D
                            (rising edge-triggered cell FDCE clocked by clk  {rise@0.000ns fall@1.577ns period=3.155ns})
  Path Group:             clk
  Path Type:              Setup (Max at Slow Process Corner)
  Requirement:            3.155ns  (clk rise@3.155ns - clk rise@0.000ns)
  Data Path Delay:        3.071ns  (logic 0.925ns (30.116%)  route 2.146ns (69.884%))
  Logic Levels:           8  (CARRY8=3 LUT3=2 LUT6=3)
  Clock Path Skew:        -0.009ns (DCD - SCD + CPR)
    Destination Clock Delay (DCD):    0.020ns = ( 3.175 - 3.155 ) 
    Source Clock Delay      (SCD):    0.029ns
    Clock Pessimism Removal (CPR):    0.000ns
  Clock Uncertainty:      0.035ns  ((TSJ^2 + TIJ^2)^1/2 + DJ) / 2 + PE
    Total System Jitter     (TSJ):    0.071ns
    Total Input Jitter      (TIJ):    0.000ns
    Discrete Jitter          (DJ):    0.000ns
    Phase Error              (PE):    0.000ns

    Location             Delay type                Incr(ns)  Path(ns)    Netlist Resource(s)
  -------------------------------------------------------------------    -------------------
                         (clock clk rise edge)        0.000     0.000 r  
                                                      0.000     0.000 r  clk (IN)
                         net (fo=29474, unset)        0.029     0.029    CORES[4].core_inst/clk
    SLICE_X103Y214       FDCE                                         r  CORES[4].core_inst/r_input_feat_reg[2][0]/C
  -------------------------------------------------------------------    -------------------
    SLICE_X103Y214       FDCE (Prop_GFF_SLICEL_C_Q)
                                                      0.079     0.108 r  CORES[4].core_inst/r_input_feat_reg[2][0]/Q
                         net (fo=11, routed)          0.318     0.426    CORES[4].core_inst/trf/matrix_c0/soma[2]__0_carry_4[0]
    SLICE_X102Y213       LUT6 (Prop_B6LUT_SLICEL_I2_O)
                                                      0.124     0.550 r  CORES[4].core_inst/trf/matrix_c0/soma[0]__0_carry_i_14__8/O
                         net (fo=1, routed)           0.009     0.559    CORES[4].core_inst/trf/matrix_c0/soma[0]__0_carry_i_14__8_n_0
    SLICE_X102Y213       CARRY8 (Prop_CARRY8_SLICEL_S[1]_O[4])
                                                      0.200     0.759 r  CORES[4].core_inst/trf/matrix_c0/soma[0]__0_carry/O[4]
                         net (fo=3, routed)           0.546     1.305    CORES[4].core_inst/trf/matrix_c0/partial[0]_16[4]
    SLICE_X98Y210        LUT3 (Prop_E6LUT_SLICEL_I2_O)
                                                      0.035     1.340 r  CORES[4].core_inst/trf/matrix_c0/soma[0]__0_carry_i_3__7/O
                         net (fo=1, routed)           0.336     1.676    CORES[4].core_inst/trf/matrix_c1/r_transform_feature_reg_reg[0][7][4]
    SLICE_X97Y209        CARRY8 (Prop_CARRY8_SLICEL_DI[5]_CO[7])
                                                      0.083     1.759 r  CORES[4].core_inst/trf/matrix_c1/soma[0]__0_carry/CO[7]
                         net (fo=1, routed)           0.052     1.811    CORES[4].core_inst/trf/matrix_c1/soma[0]__0_carry_n_0
    SLICE_X97Y210        CARRY8 (Prop_CARRY8_SLICEL_CI_O[5])
                                                      0.116     1.927 r  CORES[4].core_inst/trf/matrix_c1/soma[0]__0_carry__0/O[5]
                         net (fo=15, routed)          0.565     2.492    CORES[4].core_inst/trf/matrix_c0/r_transform_feature_reg_reg[0][15]_0[5]
    SLICE_X106Y210       LUT6 (Prop_E6LUT_SLICEL_I3_O)
                                                      0.099     2.591 r  CORES[4].core_inst/trf/matrix_c0/r_transform_feature_reg[7][13]_i_3__3/O
                         net (fo=2, routed)           0.182     2.773    CORES[4].core_inst/trf/matrix_c0/r_transform_feature_reg[7][13]_i_3__3_n_0
    SLICE_X106Y209       LUT6 (Prop_H6LUT_SLICEL_I3_O)
                                                      0.090     2.863 r  CORES[4].core_inst/trf/matrix_c0/r_transform_feature_reg[15][13]_i_2__3/O
                         net (fo=1, routed)           0.089     2.952    CORES[4].core_inst/trf/matrix_c0/r_transform_feature_reg[15][13]_i_2__3_n_0
    SLICE_X106Y209       LUT3 (Prop_D6LUT_SLICEL_I0_O)
                                                      0.099     3.051 r  CORES[4].core_inst/trf/matrix_c0/r_transform_feature_reg[15][13]_i_1__3/O
                         net (fo=1, routed)           0.049     3.100    CORES[4].core_inst/trf_n_34
    SLICE_X106Y209       FDCE                                         r  CORES[4].core_inst/r_transform_feature_reg_reg[15][13]/D
  -------------------------------------------------------------------    -------------------

                         (clock clk rise edge)        3.155     3.155 r  
                                                      0.000     3.155 r  clk (IN)
                         net (fo=29474, unset)        0.020     3.175    CORES[4].core_inst/clk
    SLICE_X106Y209       FDCE                                         r  CORES[4].core_inst/r_transform_feature_reg_reg[15][13]/C
                         clock pessimism              0.000     3.175    
                         clock uncertainty           -0.035     3.140    
    SLICE_X106Y209       FDCE (Setup_DFF_SLICEL_C_D)
                                                      0.025     3.165    CORES[4].core_inst/r_transform_feature_reg_reg[15][13]
  -------------------------------------------------------------------
                         required time                          3.165    
                         arrival time                          -3.100    
  -------------------------------------------------------------------
                         slack                                  0.064    

Slack (MET) :             0.065ns  (required time - arrival time)
  Source:                 CORES[8].core_inst/r_input_feat_reg[12][3]/C
                            (rising edge-triggered cell FDCE clocked by clk  {rise@0.000ns fall@1.577ns period=3.155ns})
  Destination:            CORES[8].core_inst/r_transform_feature_reg_reg[2][9]/D
                            (rising edge-triggered cell FDCE clocked by clk  {rise@0.000ns fall@1.577ns period=3.155ns})
  Path Group:             clk
  Path Type:              Setup (Max at Slow Process Corner)
  Requirement:            3.155ns  (clk rise@3.155ns - clk rise@0.000ns)
  Data Path Delay:        3.072ns  (logic 0.872ns (28.384%)  route 2.200ns (71.616%))
  Logic Levels:           8  (CARRY8=3 LUT3=2 LUT5=1 LUT6=2)
  Clock Path Skew:        -0.008ns (DCD - SCD + CPR)
    Destination Clock Delay (DCD):    0.021ns = ( 3.176 - 3.155 ) 
    Source Clock Delay      (SCD):    0.029ns
    Clock Pessimism Removal (CPR):    0.000ns
  Clock Uncertainty:      0.035ns  ((TSJ^2 + TIJ^2)^1/2 + DJ) / 2 + PE
    Total System Jitter     (TSJ):    0.071ns
    Total Input Jitter      (TIJ):    0.000ns
    Discrete Jitter          (DJ):    0.000ns
    Phase Error              (PE):    0.000ns

    Location             Delay type                Incr(ns)  Path(ns)    Netlist Resource(s)
  -------------------------------------------------------------------    -------------------
                         (clock clk rise edge)        0.000     0.000 r  
                                                      0.000     0.000 r  clk (IN)
                         net (fo=29474, unset)        0.029     0.029    CORES[8].core_inst/clk
    SLICE_X66Y10         FDCE                                         r  CORES[8].core_inst/r_input_feat_reg[12][3]/C
  -------------------------------------------------------------------    -------------------
    SLICE_X66Y10         FDCE (Prop_HFF_SLICEL_C_Q)
                                                      0.079     0.108 f  CORES[8].core_inst/r_input_feat_reg[12][3]/Q
                         net (fo=22, routed)          0.655     0.763    CORES[8].core_inst/trf/matrix_c0/r_transform_feature_reg_reg[8][15]_i_2__7_0[3]
    SLICE_X62Y12         LUT3 (Prop_B6LUT_SLICEL_I0_O)
                                                      0.124     0.887 r  CORES[8].core_inst/trf/matrix_c0/soma[12]__0_carry_i_4__16/O
                         net (fo=1, routed)           0.139     1.026    CORES[8].core_inst/trf/matrix_c0/soma[12]__0_carry_i_4__16_n_0
    SLICE_X63Y12         CARRY8 (Prop_CARRY8_SLICEM_DI[4]_O[6])
                                                      0.115     1.141 f  CORES[8].core_inst/trf/matrix_c0/soma[12]__0_carry/O[6]
                         net (fo=15, routed)          0.528     1.669    CORES[8].core_inst/trf/matrix_c0/w_conv_transform[24]_10[6]
    SLICE_X59Y18         LUT3 (Prop_H6LUT_SLICEL_I1_O)
                                                      0.099     1.768 r  CORES[8].core_inst/trf/matrix_c0/soma[12]__0_carry_i_1__15/O
                         net (fo=1, routed)           0.198     1.966    CORES[8].core_inst/trf/matrix_c1/r_transform_feature_reg_reg[12][7][6]
    SLICE_X59Y19         CARRY8 (Prop_CARRY8_SLICEL_DI[7]_CO[7])
                                                      0.051     2.017 r  CORES[8].core_inst/trf/matrix_c1/soma[12]__0_carry/CO[7]
                         net (fo=1, routed)           0.026     2.043    CORES[8].core_inst/trf/matrix_c1/soma[12]__0_carry_n_0
    SLICE_X59Y20         CARRY8 (Prop_CARRY8_SLICEL_CI_O[1])
                                                      0.076     2.119 r  CORES[8].core_inst/trf/matrix_c1/soma[12]__0_carry__0/O[1]
                         net (fo=6, routed)           0.324     2.443    CORES[8].core_inst/trf/matrix_c1/soma[12]__0_carry__0_i_15__15[1]
    SLICE_X58Y32         LUT6 (Prop_C6LUT_SLICEL_I1_O)
                                                      0.088     2.531 r  CORES[8].core_inst/trf/matrix_c1/r_transform_feature_reg[10][9]_i_5__7/O
                         net (fo=2, routed)           0.170     2.701    CORES[8].core_inst/trf/matrix_c0/r_transform_feature_reg_reg[2][9]
    SLICE_X56Y32         LUT6 (Prop_H6LUT_SLICEM_I0_O)
                                                      0.152     2.853 r  CORES[8].core_inst/trf/matrix_c0/r_transform_feature_reg[2][9]_i_2__7/O
                         net (fo=1, routed)           0.088     2.941    CORES[8].core_inst/trf/matrix_c0/r_transform_feature_reg[2][9]_i_2__7_n_0
    SLICE_X56Y32         LUT5 (Prop_D6LUT_SLICEM_I0_O)
                                                      0.088     3.029 r  CORES[8].core_inst/trf/matrix_c0/r_transform_feature_reg[2][9]_i_1__7/O
                         net (fo=1, routed)           0.072     3.101    CORES[8].core_inst/trf_n_230
    SLICE_X56Y32         FDCE                                         r  CORES[8].core_inst/r_transform_feature_reg_reg[2][9]/D
  -------------------------------------------------------------------    -------------------

                         (clock clk rise edge)        3.155     3.155 r  
                                                      0.000     3.155 r  clk (IN)
                         net (fo=29474, unset)        0.021     3.176    CORES[8].core_inst/clk
    SLICE_X56Y32         FDCE                                         r  CORES[8].core_inst/r_transform_feature_reg_reg[2][9]/C
                         clock pessimism              0.000     3.176    
                         clock uncertainty           -0.035     3.141    
    SLICE_X56Y32         FDCE (Setup_DFF_SLICEM_C_D)
                                                      0.025     3.166    CORES[8].core_inst/r_transform_feature_reg_reg[2][9]
  -------------------------------------------------------------------
                         required time                          3.166    
                         arrival time                          -3.101    
  -------------------------------------------------------------------
                         slack                                  0.065    

Slack (MET) :             0.069ns  (required time - arrival time)
  Source:                 CORES[11].core_inst/r_input_feat_reg[2][0]/C
                            (rising edge-triggered cell FDCE clocked by clk  {rise@0.000ns fall@1.577ns period=3.155ns})
  Destination:            CORES[11].core_inst/r_transform_feature_reg_reg[1][15]/D
                            (rising edge-triggered cell FDCE clocked by clk  {rise@0.000ns fall@1.577ns period=3.155ns})
  Path Group:             clk
  Path Type:              Setup (Max at Slow Process Corner)
  Requirement:            3.155ns  (clk rise@3.155ns - clk rise@0.000ns)
  Data Path Delay:        3.068ns  (logic 1.015ns (33.082%)  route 2.053ns (66.918%))
  Logic Levels:           9  (CARRY8=3 LUT3=4 LUT6=2)
  Clock Path Skew:        -0.008ns (DCD - SCD + CPR)
    Destination Clock Delay (DCD):    0.021ns = ( 3.176 - 3.155 ) 
    Source Clock Delay      (SCD):    0.029ns
    Clock Pessimism Removal (CPR):    0.000ns
  Clock Uncertainty:      0.035ns  ((TSJ^2 + TIJ^2)^1/2 + DJ) / 2 + PE
    Total System Jitter     (TSJ):    0.071ns
    Total Input Jitter      (TIJ):    0.000ns
    Discrete Jitter          (DJ):    0.000ns
    Phase Error              (PE):    0.000ns

    Location             Delay type                Incr(ns)  Path(ns)    Netlist Resource(s)
  -------------------------------------------------------------------    -------------------
                         (clock clk rise edge)        0.000     0.000 r  
                                                      0.000     0.000 r  clk (IN)
                         net (fo=29474, unset)        0.029     0.029    CORES[11].core_inst/clk
    SLICE_X85Y251        FDCE                                         r  CORES[11].core_inst/r_input_feat_reg[2][0]/C
  -------------------------------------------------------------------    -------------------
    SLICE_X85Y251        FDCE (Prop_HFF_SLICEL_C_Q)
                                                      0.079     0.108 r  CORES[11].core_inst/r_input_feat_reg[2][0]/Q
                         net (fo=11, routed)          0.173     0.281    CORES[11].core_inst/trf/matrix_c0/soma[2]__0_carry_4[0]
    SLICE_X85Y251        LUT3 (Prop_A5LUT_SLICEL_I2_O)
                                                      0.161     0.442 r  CORES[11].core_inst/trf/matrix_c0/soma[1]__0_carry_i_7__10/O
                         net (fo=1, routed)           0.405     0.847    CORES[11].core_inst/trf/matrix_c0/soma[1]__0_carry_i_7__10_n_0
    SLICE_X86Y254        CARRY8 (Prop_CARRY8_SLICEM_DI[1]_CO[7])
                                                      0.120     0.967 r  CORES[11].core_inst/trf/matrix_c0/soma[1]__0_carry/CO[7]
                         net (fo=1, routed)           0.026     0.993    CORES[11].core_inst/trf/matrix_c0/soma[1]__0_carry_n_0
    SLICE_X86Y255        CARRY8 (Prop_CARRY8_SLICEM_CI_O[0])
                                                      0.056     1.049 r  CORES[11].core_inst/trf/matrix_c0/soma[1]__0_carry__0/O[0]
                         net (fo=3, routed)           0.415     1.464    CORES[11].core_inst/trf/matrix_c0/partial[1]_15[8]
    SLICE_X94Y261        LUT3 (Prop_H6LUT_SLICEM_I2_O)
                                                      0.053     1.517 r  CORES[11].core_inst/trf/matrix_c0/soma[1]__0_carry__0_i_6__21/O
                         net (fo=1, routed)           0.344     1.861    CORES[11].core_inst/trf/matrix_c1/r_transform_feature_reg_reg[1][15][1]
    SLICE_X89Y260        CARRY8 (Prop_CARRY8_SLICEM_DI[1]_O[7])
                                                      0.198     2.059 r  CORES[11].core_inst/trf/matrix_c1/soma[1]__0_carry__0/O[7]
                         net (fo=6, routed)           0.158     2.217    CORES[11].core_inst/trf/matrix_c0/r_transform_feature_reg_reg[1][15][7]
    SLICE_X88Y260        LUT6 (Prop_H6LUT_SLICEM_I0_O)
                                                      0.101     2.318 r  CORES[11].core_inst/trf/matrix_c0/r_transform_feature_reg[17][15]_i_11__10/O
                         net (fo=3, routed)           0.214     2.532    CORES[11].core_inst/trf/matrix_c1/r_transform_feature_reg[1][15]_i_2__10
    SLICE_X86Y258        LUT3 (Prop_B5LUT_SLICEM_I2_O)
                                                      0.143     2.675 r  CORES[11].core_inst/trf/matrix_c1/r_transform_feature_reg[1][15]_i_4__10/O
                         net (fo=1, routed)           0.167     2.842    CORES[11].core_inst/trf/matrix_c0/r_transform_feature_reg_reg[1][15]_0
    SLICE_X86Y258        LUT6 (Prop_H6LUT_SLICEM_I1_O)
                                                      0.053     2.895 r  CORES[11].core_inst/trf/matrix_c0/r_transform_feature_reg[1][15]_i_2__10/O
                         net (fo=1, routed)           0.085     2.980    CORES[11].core_inst/trf/matrix_c0/r_transform_feature_reg[1][15]_i_2__10_n_0
    SLICE_X86Y258        LUT3 (Prop_C6LUT_SLICEM_I0_O)
                                                      0.051     3.031 r  CORES[11].core_inst/trf/matrix_c0/r_transform_feature_reg[1][15]_i_1__10/O
                         net (fo=1, routed)           0.066     3.097    CORES[11].core_inst/trf_n_240
    SLICE_X86Y258        FDCE                                         r  CORES[11].core_inst/r_transform_feature_reg_reg[1][15]/D
  -------------------------------------------------------------------    -------------------

                         (clock clk rise edge)        3.155     3.155 r  
                                                      0.000     3.155 r  clk (IN)
                         net (fo=29474, unset)        0.021     3.176    CORES[11].core_inst/clk
    SLICE_X86Y258        FDCE                                         r  CORES[11].core_inst/r_transform_feature_reg_reg[1][15]/C
                         clock pessimism              0.000     3.176    
                         clock uncertainty           -0.035     3.141    
    SLICE_X86Y258        FDCE (Setup_CFF_SLICEM_C_D)
                                                      0.025     3.166    CORES[11].core_inst/r_transform_feature_reg_reg[1][15]
  -------------------------------------------------------------------
                         required time                          3.166    
                         arrival time                          -3.097    
  -------------------------------------------------------------------
                         slack                                  0.069    

Slack (MET) :             0.073ns  (required time - arrival time)
  Source:                 CORES[7].core_inst/r_input_feat_reg[12][7]/C
                            (rising edge-triggered cell FDCE clocked by clk  {rise@0.000ns fall@1.577ns period=3.155ns})
  Destination:            CORES[7].core_inst/r_transform_feature_reg_reg[2][13]/D
                            (rising edge-triggered cell FDCE clocked by clk  {rise@0.000ns fall@1.577ns period=3.155ns})
  Path Group:             clk
  Path Type:              Setup (Max at Slow Process Corner)
  Requirement:            3.155ns  (clk rise@3.155ns - clk rise@0.000ns)
  Data Path Delay:        3.062ns  (logic 0.847ns (27.663%)  route 2.215ns (72.337%))
  Logic Levels:           8  (CARRY8=3 LUT3=1 LUT5=1 LUT6=3)
  Clock Path Skew:        -0.010ns (DCD - SCD + CPR)
    Destination Clock Delay (DCD):    0.020ns = ( 3.175 - 3.155 ) 
    Source Clock Delay      (SCD):    0.030ns
    Clock Pessimism Removal (CPR):    0.000ns
  Clock Uncertainty:      0.035ns  ((TSJ^2 + TIJ^2)^1/2 + DJ) / 2 + PE
    Total System Jitter     (TSJ):    0.071ns
    Total Input Jitter      (TIJ):    0.000ns
    Discrete Jitter          (DJ):    0.000ns
    Phase Error              (PE):    0.000ns

    Location             Delay type                Incr(ns)  Path(ns)    Netlist Resource(s)
  -------------------------------------------------------------------    -------------------
                         (clock clk rise edge)        0.000     0.000 r  
                                                      0.000     0.000 r  clk (IN)
                         net (fo=29474, unset)        0.030     0.030    CORES[7].core_inst/clk
    SLICE_X71Y149        FDCE                                         r  CORES[7].core_inst/r_input_feat_reg[12][7]/C
  -------------------------------------------------------------------    -------------------
    SLICE_X71Y149        FDCE (Prop_HFF_SLICEM_C_Q)
                                                      0.079     0.109 r  CORES[7].core_inst/r_input_feat_reg[12][7]/Q
                         net (fo=22, routed)          0.559     0.668    CORES[7].core_inst/trf/matrix_c0/r_transform_feature_reg_reg[8][15]_i_2__6_0[7]
    SLICE_X70Y158        LUT6 (Prop_H6LUT_SLICEM_I4_O)
                                                      0.101     0.769 r  CORES[7].core_inst/trf/matrix_c0/soma[12]__0_carry_i_8__14/O
                         net (fo=1, routed)           0.015     0.784    CORES[7].core_inst/trf/matrix_c0/soma[12]__0_carry_i_8__14_n_0
    SLICE_X70Y158        CARRY8 (Prop_CARRY8_SLICEM_S[7]_CO[7])
                                                      0.117     0.901 r  CORES[7].core_inst/trf/matrix_c0/soma[12]__0_carry/CO[7]
                         net (fo=1, routed)           0.026     0.927    CORES[7].core_inst/trf/matrix_c0/soma[12]__0_carry_n_0
    SLICE_X70Y159        CARRY8 (Prop_CARRY8_SLICEM_CI_O[0])
                                                      0.056     0.983 f  CORES[7].core_inst/trf/matrix_c0/soma[12]__0_carry__0/O[0]
                         net (fo=15, routed)          0.271     1.254    CORES[7].core_inst/trf/matrix_c0/w_conv_transform[24]_10[8]
    SLICE_X70Y152        LUT3 (Prop_E6LUT_SLICEM_I1_O)
                                                      0.100     1.354 r  CORES[7].core_inst/trf/matrix_c0/soma[12]__0_carry__0_i_6__13/O
                         net (fo=1, routed)           0.323     1.677    CORES[7].core_inst/trf/matrix_c1/r_transform_feature_reg_reg[12][15][1]
    SLICE_X70Y148        CARRY8 (Prop_CARRY8_SLICEM_DI[1]_O[5])
                                                      0.196     1.873 r  CORES[7].core_inst/trf/matrix_c1/soma[12]__0_carry__0/O[5]
                         net (fo=6, routed)           0.438     2.312    CORES[7].core_inst/trf/matrix_c1/soma[12]__0_carry__0_i_15__13[5]
    SLICE_X66Y152        LUT6 (Prop_E6LUT_SLICEL_I1_O)
                                                      0.051     2.363 r  CORES[7].core_inst/trf/matrix_c1/r_transform_feature_reg[10][13]_i_5__6/O
                         net (fo=2, routed)           0.491     2.854    CORES[7].core_inst/trf/matrix_c0/r_transform_feature_reg_reg[2][13]
    SLICE_X65Y155        LUT6 (Prop_D6LUT_SLICEL_I0_O)
                                                      0.050     2.904 r  CORES[7].core_inst/trf/matrix_c0/r_transform_feature_reg[2][13]_i_2__6/O
                         net (fo=1, routed)           0.043     2.947    CORES[7].core_inst/trf/matrix_c0/r_transform_feature_reg[2][13]_i_2__6_n_0
    SLICE_X65Y155        LUT5 (Prop_G6LUT_SLICEL_I0_O)
                                                      0.097     3.044 r  CORES[7].core_inst/trf/matrix_c0/r_transform_feature_reg[2][13]_i_1__6/O
                         net (fo=1, routed)           0.048     3.092    CORES[7].core_inst/trf_n_226
    SLICE_X65Y155        FDCE                                         r  CORES[7].core_inst/r_transform_feature_reg_reg[2][13]/D
  -------------------------------------------------------------------    -------------------

                         (clock clk rise edge)        3.155     3.155 r  
                                                      0.000     3.155 r  clk (IN)
                         net (fo=29474, unset)        0.020     3.175    CORES[7].core_inst/clk
    SLICE_X65Y155        FDCE                                         r  CORES[7].core_inst/r_transform_feature_reg_reg[2][13]/C
                         clock pessimism              0.000     3.175    
                         clock uncertainty           -0.035     3.140    
    SLICE_X65Y155        FDCE (Setup_GFF_SLICEL_C_D)
                                                      0.025     3.165    CORES[7].core_inst/r_transform_feature_reg_reg[2][13]
  -------------------------------------------------------------------
                         required time                          3.165    
                         arrival time                          -3.092    
  -------------------------------------------------------------------
                         slack                                  0.073    

Slack (MET) :             0.078ns  (required time - arrival time)
  Source:                 CORES[12].core_inst/r_input_feat_reg[10][0]/C
                            (rising edge-triggered cell FDCE clocked by clk  {rise@0.000ns fall@1.577ns period=3.155ns})
  Destination:            CORES[12].core_inst/r_transform_feature_reg_reg[6][11]/D
                            (rising edge-triggered cell FDCE clocked by clk  {rise@0.000ns fall@1.577ns period=3.155ns})
  Path Group:             clk
  Path Type:              Setup (Max at Slow Process Corner)
  Requirement:            3.155ns  (clk rise@3.155ns - clk rise@0.000ns)
  Data Path Delay:        3.060ns  (logic 0.956ns (31.241%)  route 2.104ns (68.759%))
  Logic Levels:           8  (CARRY8=3 LUT3=2 LUT5=1 LUT6=2)
  Clock Path Skew:        -0.007ns (DCD - SCD + CPR)
    Destination Clock Delay (DCD):    0.021ns = ( 3.176 - 3.155 ) 
    Source Clock Delay      (SCD):    0.028ns
    Clock Pessimism Removal (CPR):    0.000ns
  Clock Uncertainty:      0.035ns  ((TSJ^2 + TIJ^2)^1/2 + DJ) / 2 + PE
    Total System Jitter     (TSJ):    0.071ns
    Total Input Jitter      (TIJ):    0.000ns
    Discrete Jitter          (DJ):    0.000ns
    Phase Error              (PE):    0.000ns

    Location             Delay type                Incr(ns)  Path(ns)    Netlist Resource(s)
  -------------------------------------------------------------------    -------------------
                         (clock clk rise edge)        0.000     0.000 r  
                                                      0.000     0.000 r  clk (IN)
                         net (fo=29474, unset)        0.028     0.028    CORES[12].core_inst/clk
    SLICE_X101Y307       FDCE                                         r  CORES[12].core_inst/r_input_feat_reg[10][0]/C
  -------------------------------------------------------------------    -------------------
    SLICE_X101Y307       FDCE (Prop_DFF_SLICEL_C_Q)
                                                      0.079     0.107 r  CORES[12].core_inst/r_input_feat_reg[10][0]/Q
                         net (fo=3, routed)           0.282     0.389    CORES[12].core_inst/trf/matrix_c0/soma[12]__0_carry_2[0]
    SLICE_X102Y308       LUT3 (Prop_A6LUT_SLICEL_I2_O)
                                                      0.050     0.439 r  CORES[12].core_inst/trf/matrix_c0/soma[12]__0_carry_i_7__11/O
                         net (fo=1, routed)           0.299     0.738    CORES[12].core_inst/trf/matrix_c0/soma[12]__0_carry_i_7__11_n_0
    SLICE_X102Y309       CARRY8 (Prop_CARRY8_SLICEL_DI[1]_O[5])
                                                      0.193     0.931 f  CORES[12].core_inst/trf/matrix_c0/soma[12]__0_carry/O[5]
                         net (fo=15, routed)          0.612     1.544    CORES[12].core_inst/trf/matrix_c0/w_conv_transform[24]_10[5]
    SLICE_X99Y304        LUT3 (Prop_H6LUT_SLICEL_I1_O)
                                                      0.150     1.694 r  CORES[12].core_inst/trf/matrix_c0/soma[12]__0_carry_i_2__23/O
                         net (fo=1, routed)           0.155     1.849    CORES[12].core_inst/trf/matrix_c1/r_transform_feature_reg_reg[12][7][5]
    SLICE_X99Y305        CARRY8 (Prop_CARRY8_SLICEL_DI[6]_CO[7])
                                                      0.055     1.904 r  CORES[12].core_inst/trf/matrix_c1/soma[12]__0_carry/CO[7]
                         net (fo=1, routed)           0.026     1.930    CORES[12].core_inst/trf/matrix_c1/soma[12]__0_carry_n_0
    SLICE_X99Y306        CARRY8 (Prop_CARRY8_SLICEL_CI_O[3])
                                                      0.082     2.012 r  CORES[12].core_inst/trf/matrix_c1/soma[12]__0_carry__0/O[3]
                         net (fo=6, routed)           0.374     2.386    CORES[12].core_inst/trf/matrix_c0/r_transform_feature_reg_reg[12][15]_0[3]
    SLICE_X91Y311        LUT6 (Prop_C6LUT_SLICEL_I5_O)
                                                      0.096     2.482 r  CORES[12].core_inst/trf/matrix_c0/r_transform_feature_reg[14][11]_i_5__11/O
                         net (fo=2, routed)           0.190     2.671    CORES[12].core_inst/trf/matrix_c0/r_transform_feature_reg[14][11]_i_5__11_n_0
    SLICE_X88Y311        LUT6 (Prop_H6LUT_SLICEM_I1_O)
                                                      0.152     2.823 r  CORES[12].core_inst/trf/matrix_c0/r_transform_feature_reg[6][11]_i_2__11/O
                         net (fo=1, routed)           0.094     2.917    CORES[12].core_inst/trf/matrix_c0/r_transform_feature_reg[6][11]_i_2__11_n_0
    SLICE_X88Y311        LUT5 (Prop_D6LUT_SLICEM_I0_O)
                                                      0.099     3.016 r  CORES[12].core_inst/trf/matrix_c0/r_transform_feature_reg[6][11]_i_1__11/O
                         net (fo=1, routed)           0.072     3.088    CORES[12].core_inst/trf_n_164
    SLICE_X88Y311        FDCE                                         r  CORES[12].core_inst/r_transform_feature_reg_reg[6][11]/D
  -------------------------------------------------------------------    -------------------

                         (clock clk rise edge)        3.155     3.155 r  
                                                      0.000     3.155 r  clk (IN)
                         net (fo=29474, unset)        0.021     3.176    CORES[12].core_inst/clk
    SLICE_X88Y311        FDCE                                         r  CORES[12].core_inst/r_transform_feature_reg_reg[6][11]/C
                         clock pessimism              0.000     3.176    
                         clock uncertainty           -0.035     3.141    
    SLICE_X88Y311        FDCE (Setup_DFF_SLICEM_C_D)
                                                      0.025     3.166    CORES[12].core_inst/r_transform_feature_reg_reg[6][11]
  -------------------------------------------------------------------
                         required time                          3.166    
                         arrival time                          -3.088    
  -------------------------------------------------------------------
                         slack                                  0.078    

Slack (MET) :             0.078ns  (required time - arrival time)
  Source:                 CORES[8].core_inst/r_input_feat_reg[12][3]/C
                            (rising edge-triggered cell FDCE clocked by clk  {rise@0.000ns fall@1.577ns period=3.155ns})
  Destination:            CORES[8].core_inst/r_transform_feature_reg_reg[2][15]/D
                            (rising edge-triggered cell FDCE clocked by clk  {rise@0.000ns fall@1.577ns period=3.155ns})
  Path Group:             clk
  Path Type:              Setup (Max at Slow Process Corner)
  Requirement:            3.155ns  (clk rise@3.155ns - clk rise@0.000ns)
  Data Path Delay:        3.059ns  (logic 0.934ns (30.537%)  route 2.125ns (69.463%))
  Logic Levels:           8  (CARRY8=3 LUT3=2 LUT5=1 LUT6=2)
  Clock Path Skew:        -0.008ns (DCD - SCD + CPR)
    Destination Clock Delay (DCD):    0.021ns = ( 3.176 - 3.155 ) 
    Source Clock Delay      (SCD):    0.029ns
    Clock Pessimism Removal (CPR):    0.000ns
  Clock Uncertainty:      0.035ns  ((TSJ^2 + TIJ^2)^1/2 + DJ) / 2 + PE
    Total System Jitter     (TSJ):    0.071ns
    Total Input Jitter      (TIJ):    0.000ns
    Discrete Jitter          (DJ):    0.000ns
    Phase Error              (PE):    0.000ns

    Location             Delay type                Incr(ns)  Path(ns)    Netlist Resource(s)
  -------------------------------------------------------------------    -------------------
                         (clock clk rise edge)        0.000     0.000 r  
                                                      0.000     0.000 r  clk (IN)
                         net (fo=29474, unset)        0.029     0.029    CORES[8].core_inst/clk
    SLICE_X66Y10         FDCE                                         r  CORES[8].core_inst/r_input_feat_reg[12][3]/C
  -------------------------------------------------------------------    -------------------
    SLICE_X66Y10         FDCE (Prop_HFF_SLICEL_C_Q)
                                                      0.079     0.108 f  CORES[8].core_inst/r_input_feat_reg[12][3]/Q
                         net (fo=22, routed)          0.655     0.763    CORES[8].core_inst/trf/matrix_c0/r_transform_feature_reg_reg[8][15]_i_2__7_0[3]
    SLICE_X62Y12         LUT3 (Prop_B6LUT_SLICEL_I0_O)
                                                      0.124     0.887 r  CORES[8].core_inst/trf/matrix_c0/soma[12]__0_carry_i_4__16/O
                         net (fo=1, routed)           0.139     1.026    CORES[8].core_inst/trf/matrix_c0/soma[12]__0_carry_i_4__16_n_0
    SLICE_X63Y12         CARRY8 (Prop_CARRY8_SLICEM_DI[4]_CO[7])
                                                      0.093     1.119 r  CORES[8].core_inst/trf/matrix_c0/soma[12]__0_carry/CO[7]
                         net (fo=1, routed)           0.026     1.145    CORES[8].core_inst/trf/matrix_c0/soma[12]__0_carry_n_0
    SLICE_X63Y13         CARRY8 (Prop_CARRY8_SLICEM_CI_O[0])
                                                      0.056     1.201 f  CORES[8].core_inst/trf/matrix_c0/soma[12]__0_carry__0/O[0]
                         net (fo=15, routed)          0.520     1.720    CORES[8].core_inst/trf/matrix_c0/w_conv_transform[24]_10[8]
    SLICE_X60Y20         LUT3 (Prop_F6LUT_SLICEL_I1_O)
                                                      0.097     1.817 r  CORES[8].core_inst/trf/matrix_c0/soma[12]__0_carry__0_i_6__15/O
                         net (fo=1, routed)           0.173     1.990    CORES[8].core_inst/trf/matrix_c1/r_transform_feature_reg_reg[12][15][1]
    SLICE_X59Y20         CARRY8 (Prop_CARRY8_SLICEL_DI[1]_O[7])
                                                      0.195     2.185 r  CORES[8].core_inst/trf/matrix_c1/soma[12]__0_carry__0/O[7]
                         net (fo=6, routed)           0.370     2.556    CORES[8].core_inst/trf/matrix_c1/soma[12]__0_carry__0_i_15__15[7]
    SLICE_X53Y21         LUT6 (Prop_G6LUT_SLICEM_I1_O)
                                                      0.100     2.656 r  CORES[8].core_inst/trf/matrix_c1/r_transform_feature_reg[10][15]_i_5__7/O
                         net (fo=2, routed)           0.093     2.749    CORES[8].core_inst/trf/matrix_c0/r_transform_feature_reg_reg[2][15]_1
    SLICE_X53Y20         LUT6 (Prop_E6LUT_SLICEM_I0_O)
                                                      0.100     2.849 r  CORES[8].core_inst/trf/matrix_c0/r_transform_feature_reg[2][15]_i_2__7/O
                         net (fo=1, routed)           0.091     2.940    CORES[8].core_inst/trf/matrix_c0/r_transform_feature_reg[2][15]_i_2__7_n_0
    SLICE_X53Y20         LUT5 (Prop_H6LUT_SLICEM_I0_O)
                                                      0.090     3.030 r  CORES[8].core_inst/trf/matrix_c0/r_transform_feature_reg[2][15]_i_1__7/O
                         net (fo=1, routed)           0.058     3.088    CORES[8].core_inst/trf_n_224
    SLICE_X53Y20         FDCE                                         r  CORES[8].core_inst/r_transform_feature_reg_reg[2][15]/D
  -------------------------------------------------------------------    -------------------

                         (clock clk rise edge)        3.155     3.155 r  
                                                      0.000     3.155 r  clk (IN)
                         net (fo=29474, unset)        0.021     3.176    CORES[8].core_inst/clk
    SLICE_X53Y20         FDCE                                         r  CORES[8].core_inst/r_transform_feature_reg_reg[2][15]/C
                         clock pessimism              0.000     3.176    
                         clock uncertainty           -0.035     3.141    
    SLICE_X53Y20         FDCE (Setup_HFF_SLICEM_C_D)
                                                      0.025     3.166    CORES[8].core_inst/r_transform_feature_reg_reg[2][15]
  -------------------------------------------------------------------
                         required time                          3.166    
                         arrival time                          -3.088    
  -------------------------------------------------------------------
                         slack                                  0.078    

Slack (MET) :             0.078ns  (required time - arrival time)
  Source:                 CORES[7].core_inst/MAC_LANES[4].multip/partial_product/DSP_OUTPUT_INST/CLK
                            (rising edge-triggered cell DSP_OUTPUT clocked by clk  {rise@0.000ns fall@1.577ns period=3.155ns})
  Destination:            CORES[7].core_inst/r_output_write_reg[8][14]/D
                            (rising edge-triggered cell FDCE clocked by clk  {rise@0.000ns fall@1.577ns period=3.155ns})
  Path Group:             clk
  Path Type:              Setup (Max at Slow Process Corner)
  Requirement:            3.155ns  (clk rise@3.155ns - clk rise@0.000ns)
  Data Path Delay:        3.026ns  (logic 1.077ns (35.587%)  route 1.949ns (64.413%))
  Logic Levels:           9  (CARRY8=3 LUT2=1 LUT4=1 LUT5=1 LUT6=3)
  Clock Path Skew:        -0.040ns (DCD - SCD + CPR)
    Destination Clock Delay (DCD):    0.020ns = ( 3.175 - 3.155 ) 
    Source Clock Delay      (SCD):    0.060ns
    Clock Pessimism Removal (CPR):    0.000ns
  Clock Uncertainty:      0.035ns  ((TSJ^2 + TIJ^2)^1/2 + DJ) / 2 + PE
    Total System Jitter     (TSJ):    0.071ns
    Total Input Jitter      (TIJ):    0.000ns
    Discrete Jitter          (DJ):    0.000ns
    Phase Error              (PE):    0.000ns

    Location             Delay type                Incr(ns)  Path(ns)    Netlist Resource(s)
  -------------------------------------------------------------------    -------------------
                         (clock clk rise edge)        0.000     0.000 r  
                                                      0.000     0.000 r  clk (IN)
                         net (fo=29474, unset)        0.060     0.060    CORES[7].core_inst/MAC_LANES[4].multip/partial_product/CLK
    DSP48E2_X7Y75        DSP_OUTPUT                                   r  CORES[7].core_inst/MAC_LANES[4].multip/partial_product/DSP_OUTPUT_INST/CLK
  -------------------------------------------------------------------    -------------------
    DSP48E2_X7Y75        DSP_OUTPUT (Prop_DSP_OUTPUT_DSP48E2_CLK_P[12])
                                                      0.207     0.267 r  CORES[7].core_inst/MAC_LANES[4].multip/partial_product/DSP_OUTPUT_INST/P[12]
                         net (fo=4, routed)           0.842     1.109    CORES[7].core_inst/MAC_LANES[4].multip/P[4]
    SLICE_X62Y187        LUT4 (Prop_B6LUT_SLICEL_I1_O)
                                                      0.051     1.160 r  CORES[7].core_inst/MAC_LANES[4].multip/r_output_write[2][7]_i_50__6/O
                         net (fo=2, routed)           0.144     1.304    CORES[7].core_inst/MAC_LANES[4].multip/r_output_write[2][7]_i_50__6_n_0
    SLICE_X63Y188        LUT5 (Prop_F6LUT_SLICEM_I2_O)
                                                      0.123     1.427 r  CORES[7].core_inst/MAC_LANES[4].multip/r_output_write[2][7]_i_57__6/O
                         net (fo=1, routed)           0.022     1.449    CORES[7].core_inst/MAC_LANES[4].multip/r_output_write[2][7]_i_57__6_n_0
    SLICE_X63Y188        CARRY8 (Prop_CARRY8_SLICEM_S[5]_CO[7])
                                                      0.159     1.608 r  CORES[7].core_inst/MAC_LANES[4].multip/r_output_write_reg[2][7]_i_31__6/CO[7]
                         net (fo=1, routed)           0.026     1.634    CORES[7].core_inst/MAC_LANES[4].multip/r_output_write_reg[2][7]_i_31__6_n_0
    SLICE_X63Y189        CARRY8 (Prop_CARRY8_SLICEM_CI_O[0])
                                                      0.056     1.690 r  CORES[7].core_inst/MAC_LANES[4].multip/r_output_write_reg[2][15]_i_56__6/O[0]
                         net (fo=6, routed)           0.439     2.129    CORES[7].core_inst/MAC_LANES[4].multip/w_inverse_partial_current[2]_65[8]
    SLICE_X60Y191        LUT6 (Prop_G6LUT_SLICEL_I4_O)
                                                      0.050     2.179 r  CORES[7].core_inst/MAC_LANES[4].multip/r_output_write[8][15]_i_27__6/O
                         net (fo=2, routed)           0.048     2.227    CORES[7].core_inst/MAC_LANES[16].multip/r_output_write_reg[8][15]_i_2__6_6
    SLICE_X60Y191        LUT6 (Prop_H6LUT_SLICEL_I5_O)
                                                      0.051     2.278 r  CORES[7].core_inst/MAC_LANES[16].multip/r_output_write[8][15]_i_7__6/O
                         net (fo=2, routed)           0.204     2.482    CORES[7].core_inst/MAC_LANES[16].multip/r_output_write[8][15]_i_7__6_n_0
    SLICE_X59Y190        LUT6 (Prop_C6LUT_SLICEL_I0_O)
                                                      0.146     2.628 r  CORES[7].core_inst/MAC_LANES[16].multip/r_output_write[8][15]_i_15__6/O
                         net (fo=1, routed)           0.010     2.638    CORES[7].core_inst/MAC_LANES[16].multip/r_output_write[8][15]_i_15__6_n_0
    SLICE_X59Y190        CARRY8 (Prop_CARRY8_SLICEL_S[2]_O[6])
                                                      0.184     2.822 r  CORES[7].core_inst/MAC_LANES[16].multip/r_output_write_reg[8][15]_i_2__6/O[6]
                         net (fo=1, routed)           0.165     2.987    CORES[7].core_inst/MAC_LANES[16].multip/w_output_acc_next[8]_74[14]
    SLICE_X59Y187        LUT2 (Prop_D6LUT_SLICEL_I1_O)
                                                      0.050     3.037 r  CORES[7].core_inst/MAC_LANES[16].multip/r_output_write[8][14]_i_1__6/O
                         net (fo=1, routed)           0.049     3.086    CORES[7].core_inst/MAC_LANES[16].multip_n_56
    SLICE_X59Y187        FDCE                                         r  CORES[7].core_inst/r_output_write_reg[8][14]/D
  -------------------------------------------------------------------    -------------------

                         (clock clk rise edge)        3.155     3.155 r  
                                                      0.000     3.155 r  clk (IN)
                         net (fo=29474, unset)        0.020     3.175    CORES[7].core_inst/clk
    SLICE_X59Y187        FDCE                                         r  CORES[7].core_inst/r_output_write_reg[8][14]/C
                         clock pessimism              0.000     3.175    
                         clock uncertainty           -0.035     3.140    
    SLICE_X59Y187        FDCE (Setup_DFF_SLICEL_C_D)
                                                      0.025     3.165    CORES[7].core_inst/r_output_write_reg[8][14]
  -------------------------------------------------------------------
                         required time                          3.165    
                         arrival time                          -3.086    
  -------------------------------------------------------------------
                         slack                                  0.078    

Slack (MET) :             0.081ns  (required time - arrival time)
  Source:                 CORES[8].core_inst/r_input_feat_reg[12][3]/C
                            (rising edge-triggered cell FDCE clocked by clk  {rise@0.000ns fall@1.577ns period=3.155ns})
  Destination:            CORES[8].core_inst/r_transform_feature_reg_reg[14][12]/D
                            (rising edge-triggered cell FDCE clocked by clk  {rise@0.000ns fall@1.577ns period=3.155ns})
  Path Group:             clk
  Path Type:              Setup (Max at Slow Process Corner)
  Requirement:            3.155ns  (clk rise@3.155ns - clk rise@0.000ns)
  Data Path Delay:        3.056ns  (logic 0.949ns (31.056%)  route 2.107ns (68.944%))
  Logic Levels:           8  (CARRY8=3 LUT3=2 LUT5=2 LUT6=1)
  Clock Path Skew:        -0.008ns (DCD - SCD + CPR)
    Destination Clock Delay (DCD):    0.021ns = ( 3.176 - 3.155 ) 
    Source Clock Delay      (SCD):    0.029ns
    Clock Pessimism Removal (CPR):    0.000ns
  Clock Uncertainty:      0.035ns  ((TSJ^2 + TIJ^2)^1/2 + DJ) / 2 + PE
    Total System Jitter     (TSJ):    0.071ns
    Total Input Jitter      (TIJ):    0.000ns
    Discrete Jitter          (DJ):    0.000ns
    Phase Error              (PE):    0.000ns

    Location             Delay type                Incr(ns)  Path(ns)    Netlist Resource(s)
  -------------------------------------------------------------------    -------------------
                         (clock clk rise edge)        0.000     0.000 r  
                                                      0.000     0.000 r  clk (IN)
                         net (fo=29474, unset)        0.029     0.029    CORES[8].core_inst/clk
    SLICE_X66Y10         FDCE                                         r  CORES[8].core_inst/r_input_feat_reg[12][3]/C
  -------------------------------------------------------------------    -------------------
    SLICE_X66Y10         FDCE (Prop_HFF_SLICEL_C_Q)
                                                      0.079     0.108 f  CORES[8].core_inst/r_input_feat_reg[12][3]/Q
                         net (fo=22, routed)          0.655     0.763    CORES[8].core_inst/trf/matrix_c0/r_transform_feature_reg_reg[8][15]_i_2__7_0[3]
    SLICE_X62Y12         LUT3 (Prop_B6LUT_SLICEL_I0_O)
                                                      0.124     0.887 r  CORES[8].core_inst/trf/matrix_c0/soma[12]__0_carry_i_4__16/O
                         net (fo=1, routed)           0.139     1.026    CORES[8].core_inst/trf/matrix_c0/soma[12]__0_carry_i_4__16_n_0
    SLICE_X63Y12         CARRY8 (Prop_CARRY8_SLICEM_DI[4]_CO[7])
                                                      0.093     1.119 r  CORES[8].core_inst/trf/matrix_c0/soma[12]__0_carry/CO[7]
                         net (fo=1, routed)           0.026     1.145    CORES[8].core_inst/trf/matrix_c0/soma[12]__0_carry_n_0
    SLICE_X63Y13         CARRY8 (Prop_CARRY8_SLICEM_CI_O[0])
                                                      0.056     1.201 f  CORES[8].core_inst/trf/matrix_c0/soma[12]__0_carry__0/O[0]
                         net (fo=15, routed)          0.520     1.720    CORES[8].core_inst/trf/matrix_c0/w_conv_transform[24]_10[8]
    SLICE_X60Y20         LUT3 (Prop_F6LUT_SLICEL_I1_O)
                                                      0.097     1.817 r  CORES[8].core_inst/trf/matrix_c0/soma[12]__0_carry__0_i_6__15/O
                         net (fo=1, routed)           0.173     1.990    CORES[8].core_inst/trf/matrix_c1/r_transform_feature_reg_reg[12][15][1]
    SLICE_X59Y20         CARRY8 (Prop_CARRY8_SLICEL_DI[1]_O[4])
                                                      0.160     2.150 r  CORES[8].core_inst/trf/matrix_c1/soma[12]__0_carry__0/O[4]
                         net (fo=6, routed)           0.382     2.533    CORES[8].core_inst/trf/matrix_c0/r_transform_feature_reg_reg[12][15]_0[4]
    SLICE_X55Y26         LUT6 (Prop_H6LUT_SLICEL_I5_O)
                                                      0.090     2.623 r  CORES[8].core_inst/trf/matrix_c0/r_transform_feature_reg[14][12]_i_5__7/O
                         net (fo=2, routed)           0.106     2.729    CORES[8].core_inst/trf/matrix_c0/r_transform_feature_reg[14][12]_i_5__7_n_0
    SLICE_X54Y26         LUT5 (Prop_B6LUT_SLICEM_I0_O)
                                                      0.149     2.878 r  CORES[8].core_inst/trf/matrix_c0/r_transform_feature_reg[14][12]_i_3__7/O
                         net (fo=1, routed)           0.048     2.926    CORES[8].core_inst/trf/matrix_c0/r_transform_feature_reg[14][12]_i_3__7_n_0
    SLICE_X54Y26         LUT5 (Prop_H6LUT_SLICEM_I2_O)
                                                      0.101     3.027 r  CORES[8].core_inst/trf/matrix_c0/r_transform_feature_reg[14][12]_i_1__7/O
                         net (fo=1, routed)           0.058     3.085    CORES[8].core_inst/trf_n_51
    SLICE_X54Y26         FDCE                                         r  CORES[8].core_inst/r_transform_feature_reg_reg[14][12]/D
  -------------------------------------------------------------------    -------------------

                         (clock clk rise edge)        3.155     3.155 r  
                                                      0.000     3.155 r  clk (IN)
                         net (fo=29474, unset)        0.021     3.176    CORES[8].core_inst/clk
    SLICE_X54Y26         FDCE                                         r  CORES[8].core_inst/r_transform_feature_reg_reg[14][12]/C
                         clock pessimism              0.000     3.176    
                         clock uncertainty           -0.035     3.141    
    SLICE_X54Y26         FDCE (Setup_HFF_SLICEM_C_D)
                                                      0.025     3.166    CORES[8].core_inst/r_transform_feature_reg_reg[14][12]
  -------------------------------------------------------------------
                         required time                          3.166    
                         arrival time                          -3.085    
  -------------------------------------------------------------------
                         slack                                  0.081    

Slack (MET) :             0.081ns  (required time - arrival time)
  Source:                 CORES[8].core_inst/r_input_feat_reg[12][3]/C
                            (rising edge-triggered cell FDCE clocked by clk  {rise@0.000ns fall@1.577ns period=3.155ns})
  Destination:            CORES[8].core_inst/r_transform_feature_reg_reg[2][12]/D
                            (rising edge-triggered cell FDCE clocked by clk  {rise@0.000ns fall@1.577ns period=3.155ns})
  Path Group:             clk
  Path Type:              Setup (Max at Slow Process Corner)
  Requirement:            3.155ns  (clk rise@3.155ns - clk rise@0.000ns)
  Data Path Delay:        3.055ns  (logic 0.799ns (26.150%)  route 2.256ns (73.850%))
  Logic Levels:           8  (CARRY8=3 LUT3=2 LUT5=1 LUT6=2)
  Clock Path Skew:        -0.008ns (DCD - SCD + CPR)
    Destination Clock Delay (DCD):    0.021ns = ( 3.176 - 3.155 ) 
    Source Clock Delay      (SCD):    0.029ns
    Clock Pessimism Removal (CPR):    0.000ns
  Clock Uncertainty:      0.035ns  ((TSJ^2 + TIJ^2)^1/2 + DJ) / 2 + PE
    Total System Jitter     (TSJ):    0.071ns
    Total Input Jitter      (TIJ):    0.000ns
    Discrete Jitter          (DJ):    0.000ns
    Phase Error              (PE):    0.000ns

    Location             Delay type                Incr(ns)  Path(ns)    Netlist Resource(s)
  -------------------------------------------------------------------    -------------------
                         (clock clk rise edge)        0.000     0.000 r  
                                                      0.000     0.000 r  clk (IN)
                         net (fo=29474, unset)        0.029     0.029    CORES[8].core_inst/clk
    SLICE_X66Y10         FDCE                                         r  CORES[8].core_inst/r_input_feat_reg[12][3]/C
  -------------------------------------------------------------------    -------------------
    SLICE_X66Y10         FDCE (Prop_HFF_SLICEL_C_Q)
                                                      0.079     0.108 f  CORES[8].core_inst/r_input_feat_reg[12][3]/Q
                         net (fo=22, routed)          0.655     0.763    CORES[8].core_inst/trf/matrix_c0/r_transform_feature_reg_reg[8][15]_i_2__7_0[3]
    SLICE_X62Y12         LUT3 (Prop_B6LUT_SLICEL_I0_O)
                                                      0.124     0.887 r  CORES[8].core_inst/trf/matrix_c0/soma[12]__0_carry_i_4__16/O
                         net (fo=1, routed)           0.139     1.026    CORES[8].core_inst/trf/matrix_c0/soma[12]__0_carry_i_4__16_n_0
    SLICE_X63Y12         CARRY8 (Prop_CARRY8_SLICEM_DI[4]_CO[7])
                                                      0.093     1.119 r  CORES[8].core_inst/trf/matrix_c0/soma[12]__0_carry/CO[7]
                         net (fo=1, routed)           0.026     1.145    CORES[8].core_inst/trf/matrix_c0/soma[12]__0_carry_n_0
    SLICE_X63Y13         CARRY8 (Prop_CARRY8_SLICEM_CI_O[2])
                                                      0.067     1.212 r  CORES[8].core_inst/trf/matrix_c0/soma[12]__0_carry__0/O[2]
                         net (fo=15, routed)          0.541     1.753    CORES[8].core_inst/trf/matrix_c0/w_conv_transform[24]_10[10]
    SLICE_X57Y21         LUT3 (Prop_G6LUT_SLICEM_I2_O)
                                                      0.037     1.790 r  CORES[8].core_inst/trf/matrix_c0/soma[6]__0_carry__0_i_4__15/O
                         net (fo=1, routed)           0.365     2.155    CORES[8].core_inst/trf/matrix_c1/r_transform_feature_reg_reg[6][15][3]
    SLICE_X56Y21         CARRY8 (Prop_CARRY8_SLICEM_DI[3]_O[4])
                                                      0.147     2.302 r  CORES[8].core_inst/trf/matrix_c1/soma[6]__0_carry__0/O[4]
                         net (fo=7, routed)           0.230     2.532    CORES[8].core_inst/trf/matrix_c0/r_transform_feature_reg_reg[6][15]_0[4]
    SLICE_X56Y27         LUT6 (Prop_B6LUT_SLICEM_I3_O)
                                                      0.125     2.657 r  CORES[8].core_inst/trf/matrix_c0/r_transform_feature_reg[2][12]_i_4__7/O
                         net (fo=1, routed)           0.094     2.751    CORES[8].core_inst/trf/matrix_c0/r_transform_feature_reg[2][12]_i_4__7_n_0
    SLICE_X56Y27         LUT6 (Prop_C6LUT_SLICEM_I1_O)
                                                      0.037     2.788 r  CORES[8].core_inst/trf/matrix_c0/r_transform_feature_reg[2][12]_i_2__7/O
                         net (fo=1, routed)           0.148     2.936    CORES[8].core_inst/trf/matrix_c0/r_transform_feature_reg[2][12]_i_2__7_n_0
    SLICE_X56Y27         LUT5 (Prop_H6LUT_SLICEM_I0_O)
                                                      0.090     3.026 r  CORES[8].core_inst/trf/matrix_c0/r_transform_feature_reg[2][12]_i_1__7/O
                         net (fo=1, routed)           0.058     3.084    CORES[8].core_inst/trf_n_227
    SLICE_X56Y27         FDCE                                         r  CORES[8].core_inst/r_transform_feature_reg_reg[2][12]/D
  -------------------------------------------------------------------    -------------------

                         (clock clk rise edge)        3.155     3.155 r  
                                                      0.000     3.155 r  clk (IN)
                         net (fo=29474, unset)        0.021     3.176    CORES[8].core_inst/clk
    SLICE_X56Y27         FDCE                                         r  CORES[8].core_inst/r_transform_feature_reg_reg[2][12]/C
                         clock pessimism              0.000     3.176    
                         clock uncertainty           -0.035     3.141    
    SLICE_X56Y27         FDCE (Setup_HFF_SLICEM_C_D)
                                                      0.025     3.166    CORES[8].core_inst/r_transform_feature_reg_reg[2][12]
  -------------------------------------------------------------------
                         required time                          3.166    
                         arrival time                          -3.084    
  -------------------------------------------------------------------
                         slack                                  0.081    

Slack (MET) :             0.081ns  (required time - arrival time)
  Source:                 CORES[8].core_inst/r_input_feat_reg[21][0]/C
                            (rising edge-triggered cell FDCE clocked by clk  {rise@0.000ns fall@1.577ns period=3.155ns})
  Destination:            CORES[8].core_inst/r_transform_feature_reg_reg[9][10]/D
                            (rising edge-triggered cell FDCE clocked by clk  {rise@0.000ns fall@1.577ns period=3.155ns})
  Path Group:             clk
  Path Type:              Setup (Max at Slow Process Corner)
  Requirement:            3.155ns  (clk rise@3.155ns - clk rise@0.000ns)
  Data Path Delay:        3.054ns  (logic 1.005ns (32.906%)  route 2.049ns (67.094%))
  Logic Levels:           9  (CARRY8=3 LUT3=4 LUT6=2)
  Clock Path Skew:        -0.009ns (DCD - SCD + CPR)
    Destination Clock Delay (DCD):    0.020ns = ( 3.175 - 3.155 ) 
    Source Clock Delay      (SCD):    0.029ns
    Clock Pessimism Removal (CPR):    0.000ns
  Clock Uncertainty:      0.035ns  ((TSJ^2 + TIJ^2)^1/2 + DJ) / 2 + PE
    Total System Jitter     (TSJ):    0.071ns
    Total Input Jitter      (TIJ):    0.000ns
    Discrete Jitter          (DJ):    0.000ns
    Phase Error              (PE):    0.000ns

    Location             Delay type                Incr(ns)  Path(ns)    Netlist Resource(s)
  -------------------------------------------------------------------    -------------------
                         (clock clk rise edge)        0.000     0.000 r  
                                                      0.000     0.000 r  clk (IN)
                         net (fo=29474, unset)        0.029     0.029    CORES[8].core_inst/clk
    SLICE_X66Y14         FDCE                                         r  CORES[8].core_inst/r_input_feat_reg[21][0]/C
  -------------------------------------------------------------------    -------------------
    SLICE_X66Y14         FDCE (Prop_HFF_SLICEL_C_Q)
                                                      0.079     0.108 f  CORES[8].core_inst/r_input_feat_reg[21][0]/Q
                         net (fo=8, routed)           0.549     0.657    CORES[8].core_inst/trf/matrix_c0/soma[25]__0_carry_2[0]
    SLICE_X65Y17         LUT3 (Prop_A6LUT_SLICEL_I1_O)
                                                      0.124     0.781 r  CORES[8].core_inst/trf/matrix_c0/soma[25]__0_carry_i_7__7/O
                         net (fo=1, routed)           0.183     0.964    CORES[8].core_inst/trf/matrix_c0/soma[25]__0_carry_i_7__7_n_0
    SLICE_X65Y12         CARRY8 (Prop_CARRY8_SLICEL_DI[1]_O[5])
                                                      0.193     1.157 r  CORES[8].core_inst/trf/matrix_c0/soma[25]__0_carry/O[5]
                         net (fo=3, routed)           0.358     1.515    CORES[8].core_inst/trf/matrix_c0/partial[25]_3[5]
    SLICE_X62Y8          LUT3 (Prop_B6LUT_SLICEL_I2_O)
                                                      0.036     1.551 r  CORES[8].core_inst/trf/matrix_c0/soma[13]__0_carry_i_2__15/O
                         net (fo=1, routed)           0.182     1.733    CORES[8].core_inst/trf/matrix_c1/r_transform_feature_reg_reg[13][7][5]
    SLICE_X63Y8          CARRY8 (Prop_CARRY8_SLICEM_DI[6]_CO[7])
                                                      0.060     1.793 r  CORES[8].core_inst/trf/matrix_c1/soma[13]__0_carry/CO[7]
                         net (fo=1, routed)           0.026     1.819    CORES[8].core_inst/trf/matrix_c1/soma[13]__0_carry_n_0
    SLICE_X63Y9          CARRY8 (Prop_CARRY8_SLICEM_CI_O[2])
                                                      0.067     1.886 r  CORES[8].core_inst/trf/matrix_c1/soma[13]__0_carry__0/O[2]
                         net (fo=5, routed)           0.410     2.296    CORES[8].core_inst/trf/matrix_c1/soma[13]__0_carry__0_i_15__15[2]
    SLICE_X55Y12         LUT6 (Prop_C6LUT_SLICEL_I3_O)
                                                      0.123     2.419 r  CORES[8].core_inst/trf/matrix_c1/r_transform_feature_reg[17][10]_i_5__7/O
                         net (fo=3, routed)           0.101     2.520    CORES[8].core_inst/trf/matrix_c1/r_transform_product_idx_reg[1]_rep__1_5
    SLICE_X55Y14         LUT3 (Prop_E6LUT_SLICEL_I2_O)
                                                      0.123     2.643 r  CORES[8].core_inst/trf/matrix_c1/r_transform_feature_reg[9][10]_i_3__7/O
                         net (fo=1, routed)           0.108     2.751    CORES[8].core_inst/trf/matrix_c0/r_transform_feature_reg_reg[9][10]
    SLICE_X55Y14         LUT6 (Prop_H6LUT_SLICEL_I0_O)
                                                      0.150     2.901 r  CORES[8].core_inst/trf/matrix_c0/r_transform_feature_reg[9][10]_i_2__7/O
                         net (fo=1, routed)           0.083     2.984    CORES[8].core_inst/trf/matrix_c0/r_transform_feature_reg[9][10]_i_2__7_n_0
    SLICE_X55Y14         LUT3 (Prop_D6LUT_SLICEL_I0_O)
                                                      0.050     3.034 r  CORES[8].core_inst/trf/matrix_c0/r_transform_feature_reg[9][10]_i_1__7/O
                         net (fo=1, routed)           0.049     3.083    CORES[8].core_inst/trf_n_261
    SLICE_X55Y14         FDCE                                         r  CORES[8].core_inst/r_transform_feature_reg_reg[9][10]/D
  -------------------------------------------------------------------    -------------------

                         (clock clk rise edge)        3.155     3.155 r  
                                                      0.000     3.155 r  clk (IN)
                         net (fo=29474, unset)        0.020     3.175    CORES[8].core_inst/clk
    SLICE_X55Y14         FDCE                                         r  CORES[8].core_inst/r_transform_feature_reg_reg[9][10]/C
                         clock pessimism              0.000     3.175    
                         clock uncertainty           -0.035     3.140    
    SLICE_X55Y14         FDCE (Setup_DFF_SLICEL_C_D)
                                                      0.025     3.165    CORES[8].core_inst/r_transform_feature_reg_reg[9][10]
  -------------------------------------------------------------------
                         required time                          3.165    
                         arrival time                          -3.083    
  -------------------------------------------------------------------
                         slack                                  0.081    

Slack (MET) :             0.082ns  (required time - arrival time)
  Source:                 CORES[12].core_inst/r_input_feat_reg[2][1]/C
                            (rising edge-triggered cell FDCE clocked by clk  {rise@0.000ns fall@1.577ns period=3.155ns})
  Destination:            CORES[12].core_inst/r_transform_feature_reg_reg[13][15]/D
                            (rising edge-triggered cell FDCE clocked by clk  {rise@0.000ns fall@1.577ns period=3.155ns})
  Path Group:             clk
  Path Type:              Setup (Max at Slow Process Corner)
  Requirement:            3.155ns  (clk rise@3.155ns - clk rise@0.000ns)
  Data Path Delay:        3.054ns  (logic 0.760ns (24.886%)  route 2.294ns (75.114%))
  Logic Levels:           8  (CARRY8=3 LUT3=3 LUT5=2)
  Clock Path Skew:        -0.009ns (DCD - SCD + CPR)
    Destination Clock Delay (DCD):    0.020ns = ( 3.175 - 3.155 ) 
    Source Clock Delay      (SCD):    0.029ns
    Clock Pessimism Removal (CPR):    0.000ns
  Clock Uncertainty:      0.035ns  ((TSJ^2 + TIJ^2)^1/2 + DJ) / 2 + PE
    Total System Jitter     (TSJ):    0.071ns
    Total Input Jitter      (TIJ):    0.000ns
    Discrete Jitter          (DJ):    0.000ns
    Phase Error              (PE):    0.000ns

    Location             Delay type                Incr(ns)  Path(ns)    Netlist Resource(s)
  -------------------------------------------------------------------    -------------------
                         (clock clk rise edge)        0.000     0.000 r  
                                                      0.000     0.000 r  clk (IN)
                         net (fo=29474, unset)        0.029     0.029    CORES[12].core_inst/clk
    SLICE_X107Y316       FDCE                                         r  CORES[12].core_inst/r_input_feat_reg[2][1]/C
  -------------------------------------------------------------------    -------------------
    SLICE_X107Y316       FDCE (Prop_HFF2_SLICEL_C_Q)
                                                      0.080     0.109 f  CORES[12].core_inst/r_input_feat_reg[2][1]/Q
                         net (fo=11, routed)          0.168     0.277    CORES[12].core_inst/trf/matrix_c0/soma[2]__0_carry_4[1]
    SLICE_X106Y317       LUT3 (Prop_G6LUT_SLICEL_I0_O)
                                                      0.097     0.374 r  CORES[12].core_inst/trf/matrix_c0/soma[0]__0_carry_i_6__24/O
                         net (fo=1, routed)           0.342     0.716    CORES[12].core_inst/trf/matrix_c0/soma[0]__0_carry_i_6__24_n_0
    SLICE_X104Y317       CARRY8 (Prop_CARRY8_SLICEM_DI[2]_O[3])
                                                      0.094     0.810 r  CORES[12].core_inst/trf/matrix_c0/soma[0]__0_carry/O[3]
                         net (fo=3, routed)           0.448     1.258    CORES[12].core_inst/trf/matrix_c0/partial[0]_16[3]
    SLICE_X100Y308       LUT3 (Prop_F6LUT_SLICEL_I2_O)
                                                      0.097     1.355 r  CORES[12].core_inst/trf/matrix_c0/soma[0]__0_carry_i_4__23/O
                         net (fo=1, routed)           0.281     1.636    CORES[12].core_inst/trf/matrix_c1/r_transform_feature_reg_reg[0][7][3]
    SLICE_X100Y309       CARRY8 (Prop_CARRY8_SLICEL_DI[4]_CO[7])
                                                      0.091     1.727 r  CORES[12].core_inst/trf/matrix_c1/soma[0]__0_carry/CO[7]
                         net (fo=1, routed)           0.026     1.753    CORES[12].core_inst/trf/matrix_c1/soma[0]__0_carry_n_0
    SLICE_X100Y310       CARRY8 (Prop_CARRY8_SLICEL_CI_O[7])
                                                      0.116     1.869 r  CORES[12].core_inst/trf/matrix_c1/soma[0]__0_carry__0/O[7]
                         net (fo=15, routed)          0.890     2.759    CORES[12].core_inst/trf/matrix_c0/r_transform_feature_reg_reg[0][15]_0[7]
    SLICE_X95Y322        LUT5 (Prop_E6LUT_SLICEL_I0_O)
                                                      0.035     2.794 r  CORES[12].core_inst/trf/matrix_c0/r_transform_feature_reg[5][15]_i_4__11/O
                         net (fo=2, routed)           0.043     2.837    CORES[12].core_inst/trf/matrix_c1/r_transform_feature_reg_reg[13][15]_1
    SLICE_X95Y322        LUT3 (Prop_B6LUT_SLICEL_I2_O)
                                                      0.051     2.888 r  CORES[12].core_inst/trf/matrix_c1/r_transform_feature_reg[13][15]_i_3__11/O
                         net (fo=1, routed)           0.045     2.933    CORES[12].core_inst/trf/matrix_c0/r_transform_feature_reg_reg[13][15]
    SLICE_X95Y322        LUT5 (Prop_H6LUT_SLICEL_I2_O)
                                                      0.099     3.032 r  CORES[12].core_inst/trf/matrix_c0/r_transform_feature_reg[13][15]_i_1__11/O
                         net (fo=1, routed)           0.051     3.083    CORES[12].core_inst/trf_n_64
    SLICE_X95Y322        FDCE                                         r  CORES[12].core_inst/r_transform_feature_reg_reg[13][15]/D
  -------------------------------------------------------------------    -------------------

                         (clock clk rise edge)        3.155     3.155 r  
                                                      0.000     3.155 r  clk (IN)
                         net (fo=29474, unset)        0.020     3.175    CORES[12].core_inst/clk
    SLICE_X95Y322        FDCE                                         r  CORES[12].core_inst/r_transform_feature_reg_reg[13][15]/C
                         clock pessimism              0.000     3.175    
                         clock uncertainty           -0.035     3.140    
    SLICE_X95Y322        FDCE (Setup_HFF_SLICEL_C_D)
                                                      0.025     3.165    CORES[12].core_inst/r_transform_feature_reg_reg[13][15]
  -------------------------------------------------------------------
                         required time                          3.165    
                         arrival time                          -3.083    
  -------------------------------------------------------------------
                         slack                                  0.082    

Slack (MET) :             0.082ns  (required time - arrival time)
  Source:                 CORES[8].core_inst/r_input_feat_reg[11][3]/C
                            (rising edge-triggered cell FDCE clocked by clk  {rise@0.000ns fall@1.577ns period=3.155ns})
  Destination:            CORES[8].core_inst/r_transform_feature_reg_reg[1][8]/D
                            (rising edge-triggered cell FDCE clocked by clk  {rise@0.000ns fall@1.577ns period=3.155ns})
  Path Group:             clk
  Path Type:              Setup (Max at Slow Process Corner)
  Requirement:            3.155ns  (clk rise@3.155ns - clk rise@0.000ns)
  Data Path Delay:        3.056ns  (logic 0.823ns (26.932%)  route 2.233ns (73.068%))
  Logic Levels:           7  (CARRY8=2 LUT3=2 LUT5=1 LUT6=2)
  Clock Path Skew:        -0.007ns (DCD - SCD + CPR)
    Destination Clock Delay (DCD):    0.021ns = ( 3.176 - 3.155 ) 
    Source Clock Delay      (SCD):    0.028ns
    Clock Pessimism Removal (CPR):    0.000ns
  Clock Uncertainty:      0.035ns  ((TSJ^2 + TIJ^2)^1/2 + DJ) / 2 + PE
    Total System Jitter     (TSJ):    0.071ns
    Total Input Jitter      (TIJ):    0.000ns
    Discrete Jitter          (DJ):    0.000ns
    Phase Error              (PE):    0.000ns

    Location             Delay type                Incr(ns)  Path(ns)    Netlist Resource(s)
  -------------------------------------------------------------------    -------------------
                         (clock clk rise edge)        0.000     0.000 r  
                                                      0.000     0.000 r  clk (IN)
                         net (fo=29474, unset)        0.028     0.028    CORES[8].core_inst/clk
    SLICE_X66Y10         FDCE                                         r  CORES[8].core_inst/r_input_feat_reg[11][3]/C
  -------------------------------------------------------------------    -------------------
    SLICE_X66Y10         FDCE (Prop_BFF_SLICEL_C_Q)
                                                      0.079     0.107 r  CORES[8].core_inst/r_input_feat_reg[11][3]/Q
                         net (fo=17, routed)          0.676     0.783    CORES[8].core_inst/trf/matrix_c0/r_transform_feature_reg[13][15]_i_2__7_0[3]
    SLICE_X64Y10         LUT6 (Prop_E6LUT_SLICEM_I1_O)
                                                      0.124     0.907 r  CORES[8].core_inst/trf/matrix_c0/soma[13]__0_carry_i_11__16/O
                         net (fo=1, routed)           0.014     0.921    CORES[8].core_inst/trf/matrix_c0/soma[13]__0_carry_i_11__16_n_0
    SLICE_X64Y10         CARRY8 (Prop_CARRY8_SLICEM_S[4]_CO[7])
                                                      0.156     1.077 r  CORES[8].core_inst/trf/matrix_c0/soma[13]__0_carry/CO[7]
                         net (fo=1, routed)           0.026     1.103    CORES[8].core_inst/trf/matrix_c0/soma[13]__0_carry_n_0
    SLICE_X64Y11         CARRY8 (Prop_CARRY8_SLICEM_CI_O[0])
                                                      0.056     1.159 r  CORES[8].core_inst/trf/matrix_c0/soma[13]__0_carry__0/O[0]
                         net (fo=13, routed)          0.543     1.703    CORES[8].core_inst/trf/matrix_c0/w_conv_transform[25]_9[8]
    SLICE_X68Y9          LUT3 (Prop_F6LUT_SLICEL_I0_O)
                                                      0.097     1.800 r  CORES[8].core_inst/trf/matrix_c0/r_transform_feature_reg[5][8]_i_5__7/O
                         net (fo=3, routed)           0.726     2.526    CORES[8].core_inst/trf/matrix_c0/r_transform_feature_reg[5][8]_i_5__7_n_0
    SLICE_X53Y7          LUT5 (Prop_F6LUT_SLICEM_I0_O)
                                                      0.123     2.649 r  CORES[8].core_inst/trf/matrix_c0/r_transform_feature_reg[17][8]_i_4__7/O
                         net (fo=2, routed)           0.097     2.746    CORES[8].core_inst/trf/matrix_c0/r_transform_feature_reg[17][8]_i_4__7_n_0
    SLICE_X53Y8          LUT6 (Prop_C6LUT_SLICEM_I4_O)
                                                      0.098     2.844 r  CORES[8].core_inst/trf/matrix_c0/r_transform_feature_reg[1][8]_i_2__7/O
                         net (fo=1, routed)           0.092     2.936    CORES[8].core_inst/trf/matrix_c0/r_transform_feature_reg[1][8]_i_2__7_n_0
    SLICE_X53Y8          LUT3 (Prop_H6LUT_SLICEM_I0_O)
                                                      0.090     3.026 r  CORES[8].core_inst/trf/matrix_c0/r_transform_feature_reg[1][8]_i_1__7/O
                         net (fo=1, routed)           0.058     3.084    CORES[8].core_inst/trf_n_247
    SLICE_X53Y8          FDCE                                         r  CORES[8].core_inst/r_transform_feature_reg_reg[1][8]/D
  -------------------------------------------------------------------    -------------------

                         (clock clk rise edge)        3.155     3.155 r  
                                                      0.000     3.155 r  clk (IN)
                         net (fo=29474, unset)        0.021     3.176    CORES[8].core_inst/clk
    SLICE_X53Y8          FDCE                                         r  CORES[8].core_inst/r_transform_feature_reg_reg[1][8]/C
                         clock pessimism              0.000     3.176    
                         clock uncertainty           -0.035     3.141    
    SLICE_X53Y8          FDCE (Setup_HFF_SLICEM_C_D)
                                                      0.025     3.166    CORES[8].core_inst/r_transform_feature_reg_reg[1][8]
  -------------------------------------------------------------------
                         required time                          3.166    
                         arrival time                          -3.084    
  -------------------------------------------------------------------
                         slack                                  0.082    

Slack (MET) :             0.083ns  (required time - arrival time)
  Source:                 CORES[12].core_inst/r_input_feat_reg[7][3]/C
                            (rising edge-triggered cell FDCE clocked by clk  {rise@0.000ns fall@1.577ns period=3.155ns})
  Destination:            CORES[12].core_inst/r_transform_feature_reg_reg[1][13]/D
                            (rising edge-triggered cell FDCE clocked by clk  {rise@0.000ns fall@1.577ns period=3.155ns})
  Path Group:             clk
  Path Type:              Setup (Max at Slow Process Corner)
  Requirement:            3.155ns  (clk rise@3.155ns - clk rise@0.000ns)
  Data Path Delay:        3.054ns  (logic 1.016ns (33.269%)  route 2.038ns (66.731%))
  Logic Levels:           9  (CARRY8=3 LUT3=4 LUT6=2)
  Clock Path Skew:        -0.008ns (DCD - SCD + CPR)
    Destination Clock Delay (DCD):    0.020ns = ( 3.175 - 3.155 ) 
    Source Clock Delay      (SCD):    0.028ns
    Clock Pessimism Removal (CPR):    0.000ns
  Clock Uncertainty:      0.035ns  ((TSJ^2 + TIJ^2)^1/2 + DJ) / 2 + PE
    Total System Jitter     (TSJ):    0.071ns
    Total Input Jitter      (TIJ):    0.000ns
    Discrete Jitter          (DJ):    0.000ns
    Phase Error              (PE):    0.000ns

    Location             Delay type                Incr(ns)  Path(ns)    Netlist Resource(s)
  -------------------------------------------------------------------    -------------------
                         (clock clk rise edge)        0.000     0.000 r  
                                                      0.000     0.000 r  clk (IN)
                         net (fo=29474, unset)        0.028     0.028    CORES[12].core_inst/clk
    SLICE_X103Y310       FDCE                                         r  CORES[12].core_inst/r_input_feat_reg[7][3]/C
  -------------------------------------------------------------------    -------------------
    SLICE_X103Y310       FDCE (Prop_DFF_SLICEL_C_Q)
                                                      0.079     0.107 r  CORES[12].core_inst/r_input_feat_reg[7][3]/Q
                         net (fo=18, routed)          0.286     0.393    CORES[12].core_inst/trf/matrix_c0/r_transform_feature_reg[12][15]_i_2__11_0[3]
    SLICE_X104Y316       LUT3 (Prop_A6LUT_SLICEM_I2_O)
                                                      0.100     0.493 r  CORES[12].core_inst/trf/matrix_c0/soma[7]__0_carry_i_4__24/O
                         net (fo=1, routed)           0.277     0.770    CORES[12].core_inst/trf/matrix_c0/soma[7]__0_carry_i_4__24_n_0
    SLICE_X103Y316       CARRY8 (Prop_CARRY8_SLICEL_DI[4]_CO[7])
                                                      0.091     0.861 r  CORES[12].core_inst/trf/matrix_c0/soma[7]__0_carry/CO[7]
                         net (fo=1, routed)           0.026     0.887    CORES[12].core_inst/trf/matrix_c0/soma[7]__0_carry_n_0
    SLICE_X103Y317       CARRY8 (Prop_CARRY8_SLICEL_CI_O[2])
                                                      0.067     0.954 f  CORES[12].core_inst/trf/matrix_c0/soma[7]__0_carry__0/O[2]
                         net (fo=10, routed)          0.354     1.309    CORES[12].core_inst/trf/matrix_c0/w_conv_transform[19]_12[10]
    SLICE_X100Y320       LUT3 (Prop_F6LUT_SLICEL_I1_O)
                                                      0.148     1.457 r  CORES[12].core_inst/trf/matrix_c0/soma[7]__0_carry__0_i_4__23/O
                         net (fo=1, routed)           0.157     1.614    CORES[12].core_inst/trf/matrix_c1/r_transform_feature_reg_reg[7][15][3]
    SLICE_X100Y319       CARRY8 (Prop_CARRY8_SLICEL_DI[3]_O[5])
                                                      0.177     1.791 r  CORES[12].core_inst/trf/matrix_c1/soma[7]__0_carry__0/O[5]
                         net (fo=6, routed)           0.517     2.307    CORES[12].core_inst/trf/matrix_c0/r_transform_feature_reg_reg[7][15][5]
    SLICE_X99Y319        LUT6 (Prop_H6LUT_SLICEL_I5_O)
                                                      0.051     2.358 r  CORES[12].core_inst/trf/matrix_c0/r_transform_feature_reg[17][13]_i_6__11/O
                         net (fo=3, routed)           0.237     2.595    CORES[12].core_inst/trf/matrix_c1/r_transform_feature_reg[1][13]_i_2__11
    SLICE_X97Y318        LUT3 (Prop_E6LUT_SLICEL_I2_O)
                                                      0.090     2.685 r  CORES[12].core_inst/trf/matrix_c1/r_transform_feature_reg[1][13]_i_4__11/O
                         net (fo=1, routed)           0.087     2.772    CORES[12].core_inst/trf/matrix_c0/r_transform_feature_reg_reg[1][13]
    SLICE_X97Y318        LUT6 (Prop_H6LUT_SLICEL_I1_O)
                                                      0.090     2.862 r  CORES[12].core_inst/trf/matrix_c0/r_transform_feature_reg[1][13]_i_2__11/O
                         net (fo=1, routed)           0.047     2.909    CORES[12].core_inst/trf/matrix_c0/r_transform_feature_reg[1][13]_i_2__11_n_0
    SLICE_X97Y318        LUT3 (Prop_C6LUT_SLICEL_I0_O)
                                                      0.123     3.032 r  CORES[12].core_inst/trf/matrix_c0/r_transform_feature_reg[1][13]_i_1__11/O
                         net (fo=1, routed)           0.050     3.082    CORES[12].core_inst/trf_n_242
    SLICE_X97Y318        FDCE                                         r  CORES[12].core_inst/r_transform_feature_reg_reg[1][13]/D
  -------------------------------------------------------------------    -------------------

                         (clock clk rise edge)        3.155     3.155 r  
                                                      0.000     3.155 r  clk (IN)
                         net (fo=29474, unset)        0.020     3.175    CORES[12].core_inst/clk
    SLICE_X97Y318        FDCE                                         r  CORES[12].core_inst/r_transform_feature_reg_reg[1][13]/C
                         clock pessimism              0.000     3.175    
                         clock uncertainty           -0.035     3.140    
    SLICE_X97Y318        FDCE (Setup_CFF_SLICEL_C_D)
                                                      0.025     3.165    CORES[12].core_inst/r_transform_feature_reg_reg[1][13]
  -------------------------------------------------------------------
                         required time                          3.165    
                         arrival time                          -3.082    
  -------------------------------------------------------------------
                         slack                                  0.083    

Slack (MET) :             0.085ns  (required time - arrival time)
  Source:                 CORES[13].core_inst/r_input_feat_reg[21][2]/C
                            (rising edge-triggered cell FDCE clocked by clk  {rise@0.000ns fall@1.577ns period=3.155ns})
  Destination:            CORES[13].core_inst/r_transform_feature_reg_reg[9][12]/D
                            (rising edge-triggered cell FDCE clocked by clk  {rise@0.000ns fall@1.577ns period=3.155ns})
  Path Group:             clk
  Path Type:              Setup (Max at Slow Process Corner)
  Requirement:            3.155ns  (clk rise@3.155ns - clk rise@0.000ns)
  Data Path Delay:        3.050ns  (logic 1.017ns (33.345%)  route 2.033ns (66.655%))
  Logic Levels:           9  (CARRY8=3 LUT3=4 LUT6=2)
  Clock Path Skew:        -0.010ns (DCD - SCD + CPR)
    Destination Clock Delay (DCD):    0.020ns = ( 3.175 - 3.155 ) 
    Source Clock Delay      (SCD):    0.030ns
    Clock Pessimism Removal (CPR):    0.000ns
  Clock Uncertainty:      0.035ns  ((TSJ^2 + TIJ^2)^1/2 + DJ) / 2 + PE
    Total System Jitter     (TSJ):    0.071ns
    Total Input Jitter      (TIJ):    0.000ns
    Discrete Jitter          (DJ):    0.000ns
    Phase Error              (PE):    0.000ns

    Location             Delay type                Incr(ns)  Path(ns)    Netlist Resource(s)
  -------------------------------------------------------------------    -------------------
                         (clock clk rise edge)        0.000     0.000 r  
                                                      0.000     0.000 r  clk (IN)
                         net (fo=29474, unset)        0.030     0.030    CORES[13].core_inst/clk
    SLICE_X49Y250        FDCE                                         r  CORES[13].core_inst/r_input_feat_reg[21][2]/C
  -------------------------------------------------------------------    -------------------
    SLICE_X49Y250        FDCE (Prop_HFF2_SLICEM_C_Q)
                                                      0.078     0.108 f  CORES[13].core_inst/r_input_feat_reg[21][2]/Q
                         net (fo=8, routed)           0.157     0.265    CORES[13].core_inst/trf/matrix_c0/soma[25]__0_carry_2[2]
    SLICE_X49Y250        LUT3 (Prop_G6LUT_SLICEM_I1_O)
                                                      0.123     0.388 r  CORES[13].core_inst/trf/matrix_c0/soma[25]__0_carry_i_5__12/O
                         net (fo=1, routed)           0.410     0.798    CORES[13].core_inst/trf/matrix_c0/soma[25]__0_carry_i_5__12_n_0
    SLICE_X51Y250        CARRY8 (Prop_CARRY8_SLICEL_DI[3]_O[4])
                                                      0.141     0.939 r  CORES[13].core_inst/trf/matrix_c0/soma[25]__0_carry/O[4]
                         net (fo=3, routed)           0.371     1.310    CORES[13].core_inst/trf/matrix_c0/partial[25]_3[4]
    SLICE_X54Y249        LUT3 (Prop_G5LUT_SLICEM_I2_O)
                                                      0.137     1.447 r  CORES[13].core_inst/trf/matrix_c0/soma[13]__0_carry_i_3__25/O
                         net (fo=1, routed)           0.237     1.684    CORES[13].core_inst/trf/matrix_c1/r_transform_feature_reg_reg[13][7][4]
    SLICE_X53Y251        CARRY8 (Prop_CARRY8_SLICEM_DI[5]_CO[7])
                                                      0.088     1.772 r  CORES[13].core_inst/trf/matrix_c1/soma[13]__0_carry/CO[7]
                         net (fo=1, routed)           0.026     1.798    CORES[13].core_inst/trf/matrix_c1/soma[13]__0_carry_n_0
    SLICE_X53Y252        CARRY8 (Prop_CARRY8_SLICEM_CI_O[4])
                                                      0.086     1.884 r  CORES[13].core_inst/trf/matrix_c1/soma[13]__0_carry__0/O[4]
                         net (fo=5, routed)           0.299     2.183    CORES[13].core_inst/trf/matrix_c1/soma[13]__0_carry__0_i_15__25[4]
    SLICE_X56Y257        LUT6 (Prop_G6LUT_SLICEM_I3_O)
                                                      0.090     2.273 r  CORES[13].core_inst/trf/matrix_c1/r_transform_feature_reg[17][12]_i_5__12/O
                         net (fo=3, routed)           0.280     2.553    CORES[13].core_inst/trf/matrix_c1/r_transform_product_idx_reg[1]_rep__1_3
    SLICE_X58Y259        LUT3 (Prop_A5LUT_SLICEL_I2_O)
                                                      0.100     2.653 r  CORES[13].core_inst/trf/matrix_c1/r_transform_feature_reg[9][12]_i_3__12/O
                         net (fo=1, routed)           0.156     2.809    CORES[13].core_inst/trf/matrix_c0/r_transform_feature_reg_reg[9][12]
    SLICE_X58Y259        LUT6 (Prop_H6LUT_SLICEL_I0_O)
                                                      0.051     2.860 r  CORES[13].core_inst/trf/matrix_c0/r_transform_feature_reg[9][12]_i_2__12/O
                         net (fo=1, routed)           0.047     2.907    CORES[13].core_inst/trf/matrix_c0/r_transform_feature_reg[9][12]_i_2__12_n_0
    SLICE_X58Y259        LUT3 (Prop_C6LUT_SLICEL_I0_O)
                                                      0.123     3.030 r  CORES[13].core_inst/trf/matrix_c0/r_transform_feature_reg[9][12]_i_1__12/O
                         net (fo=1, routed)           0.050     3.080    CORES[13].core_inst/trf_n_259
    SLICE_X58Y259        FDCE                                         r  CORES[13].core_inst/r_transform_feature_reg_reg[9][12]/D
  -------------------------------------------------------------------    -------------------

                         (clock clk rise edge)        3.155     3.155 r  
                                                      0.000     3.155 r  clk (IN)
                         net (fo=29474, unset)        0.020     3.175    CORES[13].core_inst/clk
    SLICE_X58Y259        FDCE                                         r  CORES[13].core_inst/r_transform_feature_reg_reg[9][12]/C
                         clock pessimism              0.000     3.175    
                         clock uncertainty           -0.035     3.140    
    SLICE_X58Y259        FDCE (Setup_CFF_SLICEL_C_D)
                                                      0.025     3.165    CORES[13].core_inst/r_transform_feature_reg_reg[9][12]
  -------------------------------------------------------------------
                         required time                          3.165    
                         arrival time                          -3.080    
  -------------------------------------------------------------------
                         slack                                  0.085    

Slack (MET) :             0.085ns  (required time - arrival time)
  Source:                 CORES[12].core_inst/r_input_feat_reg[2][1]/C
                            (rising edge-triggered cell FDCE clocked by clk  {rise@0.000ns fall@1.577ns period=3.155ns})
  Destination:            CORES[12].core_inst/r_transform_feature_reg_reg[17][15]/D
                            (rising edge-triggered cell FDCE clocked by clk  {rise@0.000ns fall@1.577ns period=3.155ns})
  Path Group:             clk
  Path Type:              Setup (Max at Slow Process Corner)
  Requirement:            3.155ns  (clk rise@3.155ns - clk rise@0.000ns)
  Data Path Delay:        3.051ns  (logic 0.746ns (24.454%)  route 2.305ns (75.546%))
  Logic Levels:           7  (CARRY8=3 LUT3=2 LUT5=2)
  Clock Path Skew:        -0.009ns (DCD - SCD + CPR)
    Destination Clock Delay (DCD):    0.020ns = ( 3.175 - 3.155 ) 
    Source Clock Delay      (SCD):    0.029ns
    Clock Pessimism Removal (CPR):    0.000ns
  Clock Uncertainty:      0.035ns  ((TSJ^2 + TIJ^2)^1/2 + DJ) / 2 + PE
    Total System Jitter     (TSJ):    0.071ns
    Total Input Jitter      (TIJ):    0.000ns
    Discrete Jitter          (DJ):    0.000ns
    Phase Error              (PE):    0.000ns

    Location             Delay type                Incr(ns)  Path(ns)    Netlist Resource(s)
  -------------------------------------------------------------------    -------------------
                         (clock clk rise edge)        0.000     0.000 r  
                                                      0.000     0.000 r  clk (IN)
                         net (fo=29474, unset)        0.029     0.029    CORES[12].core_inst/clk
    SLICE_X107Y316       FDCE                                         r  CORES[12].core_inst/r_input_feat_reg[2][1]/C
  -------------------------------------------------------------------    -------------------
    SLICE_X107Y316       FDCE (Prop_HFF2_SLICEL_C_Q)
                                                      0.080     0.109 f  CORES[12].core_inst/r_input_feat_reg[2][1]/Q
                         net (fo=11, routed)          0.168     0.277    CORES[12].core_inst/trf/matrix_c0/soma[2]__0_carry_4[1]
    SLICE_X106Y317       LUT3 (Prop_G6LUT_SLICEL_I0_O)
                                                      0.097     0.374 r  CORES[12].core_inst/trf/matrix_c0/soma[0]__0_carry_i_6__24/O
                         net (fo=1, routed)           0.342     0.716    CORES[12].core_inst/trf/matrix_c0/soma[0]__0_carry_i_6__24_n_0
    SLICE_X104Y317       CARRY8 (Prop_CARRY8_SLICEM_DI[2]_O[3])
                                                      0.094     0.810 r  CORES[12].core_inst/trf/matrix_c0/soma[0]__0_carry/O[3]
                         net (fo=3, routed)           0.448     1.258    CORES[12].core_inst/trf/matrix_c0/partial[0]_16[3]
    SLICE_X100Y308       LUT3 (Prop_F6LUT_SLICEL_I2_O)
                                                      0.097     1.355 r  CORES[12].core_inst/trf/matrix_c0/soma[0]__0_carry_i_4__23/O
                         net (fo=1, routed)           0.281     1.636    CORES[12].core_inst/trf/matrix_c1/r_transform_feature_reg_reg[0][7][3]
    SLICE_X100Y309       CARRY8 (Prop_CARRY8_SLICEL_DI[4]_CO[7])
                                                      0.091     1.727 r  CORES[12].core_inst/trf/matrix_c1/soma[0]__0_carry/CO[7]
                         net (fo=1, routed)           0.026     1.753    CORES[12].core_inst/trf/matrix_c1/soma[0]__0_carry_n_0
    SLICE_X100Y310       CARRY8 (Prop_CARRY8_SLICEL_CI_O[7])
                                                      0.116     1.869 r  CORES[12].core_inst/trf/matrix_c1/soma[0]__0_carry__0/O[7]
                         net (fo=15, routed)          0.894     2.763    CORES[12].core_inst/trf/matrix_c0/r_transform_feature_reg_reg[0][15]_0[7]
    SLICE_X95Y320        LUT5 (Prop_F6LUT_SLICEL_I3_O)
                                                      0.049     2.812 r  CORES[12].core_inst/trf/matrix_c0/r_transform_feature_reg[17][15]_i_6__11/O
                         net (fo=1, routed)           0.097     2.909    CORES[12].core_inst/trf/matrix_c0/r_transform_feature_reg[17][15]_i_6__11_n_0
    SLICE_X95Y320        LUT5 (Prop_D6LUT_SLICEL_I2_O)
                                                      0.122     3.031 r  CORES[12].core_inst/trf/matrix_c0/r_transform_feature_reg[17][15]_i_2__11/O
                         net (fo=1, routed)           0.049     3.080    CORES[12].core_inst/trf_n_0
    SLICE_X95Y320        FDCE                                         r  CORES[12].core_inst/r_transform_feature_reg_reg[17][15]/D
  -------------------------------------------------------------------    -------------------

                         (clock clk rise edge)        3.155     3.155 r  
                                                      0.000     3.155 r  clk (IN)
                         net (fo=29474, unset)        0.020     3.175    CORES[12].core_inst/clk
    SLICE_X95Y320        FDCE                                         r  CORES[12].core_inst/r_transform_feature_reg_reg[17][15]/C
                         clock pessimism              0.000     3.175    
                         clock uncertainty           -0.035     3.140    
    SLICE_X95Y320        FDCE (Setup_DFF_SLICEL_C_D)
                                                      0.025     3.165    CORES[12].core_inst/r_transform_feature_reg_reg[17][15]
  -------------------------------------------------------------------
                         required time                          3.165    
                         arrival time                          -3.080    
  -------------------------------------------------------------------
                         slack                                  0.085    

Slack (MET) :             0.089ns  (required time - arrival time)
  Source:                 CORES[12].core_inst/r_input_feat_reg[3][1]/C
                            (rising edge-triggered cell FDCE clocked by clk  {rise@0.000ns fall@1.577ns period=3.155ns})
  Destination:            CORES[12].core_inst/r_transform_feature_reg_reg[1][15]/D
                            (rising edge-triggered cell FDCE clocked by clk  {rise@0.000ns fall@1.577ns period=3.155ns})
  Path Group:             clk
  Path Type:              Setup (Max at Slow Process Corner)
  Requirement:            3.155ns  (clk rise@3.155ns - clk rise@0.000ns)
  Data Path Delay:        3.047ns  (logic 0.919ns (30.166%)  route 2.128ns (69.834%))
  Logic Levels:           8  (CARRY8=2 LUT3=4 LUT6=2)
  Clock Path Skew:        -0.009ns (DCD - SCD + CPR)
    Destination Clock Delay (DCD):    0.020ns = ( 3.175 - 3.155 ) 
    Source Clock Delay      (SCD):    0.029ns
    Clock Pessimism Removal (CPR):    0.000ns
  Clock Uncertainty:      0.035ns  ((TSJ^2 + TIJ^2)^1/2 + DJ) / 2 + PE
    Total System Jitter     (TSJ):    0.071ns
    Total Input Jitter      (TIJ):    0.000ns
    Discrete Jitter          (DJ):    0.000ns
    Phase Error              (PE):    0.000ns

    Location             Delay type                Incr(ns)  Path(ns)    Netlist Resource(s)
  -------------------------------------------------------------------    -------------------
                         (clock clk rise edge)        0.000     0.000 r  
                                                      0.000     0.000 r  clk (IN)
                         net (fo=29474, unset)        0.029     0.029    CORES[12].core_inst/clk
    SLICE_X107Y319       FDCE                                         r  CORES[12].core_inst/r_input_feat_reg[3][1]/C
  -------------------------------------------------------------------    -------------------
    SLICE_X107Y319       FDCE (Prop_HFF2_SLICEL_C_Q)
                                                      0.080     0.109 f  CORES[12].core_inst/r_input_feat_reg[3][1]/Q
                         net (fo=9, routed)           0.219     0.328    CORES[12].core_inst/trf/matrix_c0/soma[2]__0_carry_3[1]
    SLICE_X106Y317       LUT3 (Prop_E6LUT_SLICEL_I0_O)
                                                      0.051     0.379 r  CORES[12].core_inst/trf/matrix_c0/soma[1]__0_carry_i_6__24/O
                         net (fo=1, routed)           0.257     0.636    CORES[12].core_inst/trf/matrix_c0/soma[1]__0_carry_i_6__24_n_0
    SLICE_X107Y317       CARRY8 (Prop_CARRY8_SLICEL_DI[2]_O[7])
                                                      0.183     0.819 r  CORES[12].core_inst/trf/matrix_c0/soma[1]__0_carry/O[7]
                         net (fo=3, routed)           0.442     1.261    CORES[12].core_inst/trf/matrix_c0/partial[1]_15[7]
    SLICE_X102Y318       LUT3 (Prop_G6LUT_SLICEL_I2_O)
                                                      0.050     1.311 r  CORES[12].core_inst/trf/matrix_c0/soma[1]__0_carry__0_i_7__23/O
                         net (fo=1, routed)           0.275     1.586    CORES[12].core_inst/trf/matrix_c1/r_transform_feature_reg_reg[1][15][0]
    SLICE_X102Y320       CARRY8 (Prop_CARRY8_SLICEL_DI[0]_O[7])
                                                      0.209     1.795 r  CORES[12].core_inst/trf/matrix_c1/soma[1]__0_carry__0/O[7]
                         net (fo=6, routed)           0.541     2.336    CORES[12].core_inst/trf/matrix_c0/r_transform_feature_reg_reg[1][15][7]
    SLICE_X98Y320        LUT6 (Prop_G6LUT_SLICEL_I0_O)
                                                      0.097     2.433 r  CORES[12].core_inst/trf/matrix_c0/r_transform_feature_reg[17][15]_i_11__11/O
                         net (fo=3, routed)           0.213     2.647    CORES[12].core_inst/trf/matrix_c1/r_transform_feature_reg[1][15]_i_2__11
    SLICE_X95Y320        LUT3 (Prop_A6LUT_SLICEL_I2_O)
                                                      0.124     2.771 r  CORES[12].core_inst/trf/matrix_c1/r_transform_feature_reg[1][15]_i_4__11/O
                         net (fo=1, routed)           0.040     2.811    CORES[12].core_inst/trf/matrix_c0/r_transform_feature_reg_reg[1][15]_0
    SLICE_X95Y320        LUT6 (Prop_C6LUT_SLICEL_I1_O)
                                                      0.035     2.846 r  CORES[12].core_inst/trf/matrix_c0/r_transform_feature_reg[1][15]_i_2__11/O
                         net (fo=1, routed)           0.089     2.935    CORES[12].core_inst/trf/matrix_c0/r_transform_feature_reg[1][15]_i_2__11_n_0
    SLICE_X95Y320        LUT3 (Prop_H6LUT_SLICEL_I0_O)
                                                      0.090     3.025 r  CORES[12].core_inst/trf/matrix_c0/r_transform_feature_reg[1][15]_i_1__11/O
                         net (fo=1, routed)           0.051     3.076    CORES[12].core_inst/trf_n_240
    SLICE_X95Y320        FDCE                                         r  CORES[12].core_inst/r_transform_feature_reg_reg[1][15]/D
  -------------------------------------------------------------------    -------------------

                         (clock clk rise edge)        3.155     3.155 r  
                                                      0.000     3.155 r  clk (IN)
                         net (fo=29474, unset)        0.020     3.175    CORES[12].core_inst/clk
    SLICE_X95Y320        FDCE                                         r  CORES[12].core_inst/r_transform_feature_reg_reg[1][15]/C
                         clock pessimism              0.000     3.175    
                         clock uncertainty           -0.035     3.140    
    SLICE_X95Y320        FDCE (Setup_HFF_SLICEL_C_D)
                                                      0.025     3.165    CORES[12].core_inst/r_transform_feature_reg_reg[1][15]
  -------------------------------------------------------------------
                         required time                          3.165    
                         arrival time                          -3.076    
  -------------------------------------------------------------------
                         slack                                  0.089    

Slack (MET) :             0.089ns  (required time - arrival time)
  Source:                 CORES[8].core_inst/r_input_feat_reg[12][8]/C
                            (rising edge-triggered cell FDCE clocked by clk  {rise@0.000ns fall@1.577ns period=3.155ns})
  Destination:            CORES[8].core_inst/r_transform_feature_reg_reg[14][15]/D
                            (rising edge-triggered cell FDCE clocked by clk  {rise@0.000ns fall@1.577ns period=3.155ns})
  Path Group:             clk
  Path Type:              Setup (Max at Slow Process Corner)
  Requirement:            3.155ns  (clk rise@3.155ns - clk rise@0.000ns)
  Data Path Delay:        3.047ns  (logic 0.791ns (25.956%)  route 2.256ns (74.044%))
  Logic Levels:           8  (CARRY8=2 LUT3=2 LUT5=1 LUT6=3)
  Clock Path Skew:        -0.008ns (DCD - SCD + CPR)
    Destination Clock Delay (DCD):    0.020ns = ( 3.175 - 3.155 ) 
    Source Clock Delay      (SCD):    0.028ns
    Clock Pessimism Removal (CPR):    0.000ns
  Clock Uncertainty:      0.035ns  ((TSJ^2 + TIJ^2)^1/2 + DJ) / 2 + PE
    Total System Jitter     (TSJ):    0.071ns
    Total Input Jitter      (TIJ):    0.000ns
    Discrete Jitter          (DJ):    0.000ns
    Phase Error              (PE):    0.000ns

    Location             Delay type                Incr(ns)  Path(ns)    Netlist Resource(s)
  -------------------------------------------------------------------    -------------------
                         (clock clk rise edge)        0.000     0.000 r  
                                                      0.000     0.000 r  clk (IN)
                         net (fo=29474, unset)        0.028     0.028    CORES[8].core_inst/clk
    SLICE_X66Y11         FDCE                                         r  CORES[8].core_inst/r_input_feat_reg[12][8]/C
  -------------------------------------------------------------------    -------------------
    SLICE_X66Y11         FDCE (Prop_CFF_SLICEL_C_Q)
                                                      0.079     0.107 r  CORES[8].core_inst/r_input_feat_reg[12][8]/Q
                         net (fo=22, routed)          0.808     0.915    CORES[8].core_inst/r_input_feat_reg_n_0_[12][8]
    SLICE_X62Y16         LUT6 (Prop_A6LUT_SLICEL_I3_O)
                                                      0.098     1.013 r  CORES[8].core_inst/soma[14]__0_carry__0_i_15__16/O
                         net (fo=1, routed)           0.009     1.022    CORES[8].core_inst/trf/matrix_c0/soma[14]__0_carry__0_i_15__15_5[0]
    SLICE_X62Y16         CARRY8 (Prop_CARRY8_SLICEL_S[0]_O[5])
                                                      0.238     1.260 f  CORES[8].core_inst/trf/matrix_c0/soma[14]__0_carry__0/O[5]
                         net (fo=16, routed)          0.509     1.769    CORES[8].core_inst/trf/matrix_c0/w_conv_transform[26]_8[13]
    SLICE_X60Y23         LUT3 (Prop_D6LUT_SLICEL_I1_O)
                                                      0.099     1.868 r  CORES[8].core_inst/trf/matrix_c0/soma[14]__0_carry__0_i_1__15/O
                         net (fo=1, routed)           0.226     2.094    CORES[8].core_inst/trf/matrix_c1/r_transform_feature_reg_reg[14][15][6]
    SLICE_X59Y24         CARRY8 (Prop_CARRY8_SLICEL_DI[6]_O[7])
                                                      0.089     2.183 r  CORES[8].core_inst/trf/matrix_c1/soma[14]__0_carry__0/O[7]
                         net (fo=6, routed)           0.260     2.443    CORES[8].core_inst/trf/matrix_c0/r_transform_feature_reg_reg[14][15][7]
    SLICE_X56Y24         LUT6 (Prop_G6LUT_SLICEM_I0_O)
                                                      0.052     2.495 r  CORES[8].core_inst/trf/matrix_c0/r_transform_feature_reg[6][15]_i_4__7/O
                         net (fo=2, routed)           0.212     2.706    CORES[8].core_inst/trf/matrix_c0/r_transform_feature_reg[6][15]_i_4__7_n_0
    SLICE_X54Y18         LUT5 (Prop_F6LUT_SLICEM_I2_O)
                                                      0.051     2.757 r  CORES[8].core_inst/trf/matrix_c0/r_transform_feature_reg[14][15]_i_4__7/O
                         net (fo=1, routed)           0.137     2.894    CORES[8].core_inst/trf/matrix_c0/r_transform_feature_reg[14][15]_i_4__7_n_0
    SLICE_X55Y18         LUT6 (Prop_A6LUT_SLICEL_I3_O)
                                                      0.050     2.944 r  CORES[8].core_inst/trf/matrix_c0/r_transform_feature_reg[14][15]_i_2__7/O
                         net (fo=1, routed)           0.048     2.992    CORES[8].core_inst/trf/matrix_c0/r_transform_feature_reg[14][15]_i_2__7_n_0
    SLICE_X55Y17         LUT3 (Prop_G6LUT_SLICEL_I0_O)
                                                      0.035     3.027 r  CORES[8].core_inst/trf/matrix_c0/r_transform_feature_reg[14][15]_i_1__7/O
                         net (fo=1, routed)           0.048     3.075    CORES[8].core_inst/trf_n_48
    SLICE_X55Y17         FDCE                                         r  CORES[8].core_inst/r_transform_feature_reg_reg[14][15]/D
  -------------------------------------------------------------------    -------------------

                         (clock clk rise edge)        3.155     3.155 r  
                                                      0.000     3.155 r  clk (IN)
                         net (fo=29474, unset)        0.020     3.175    CORES[8].core_inst/clk
    SLICE_X55Y17         FDCE                                         r  CORES[8].core_inst/r_transform_feature_reg_reg[14][15]/C
                         clock pessimism              0.000     3.175    
                         clock uncertainty           -0.035     3.140    
    SLICE_X55Y17         FDCE (Setup_GFF_SLICEL_C_D)
                                                      0.025     3.165    CORES[8].core_inst/r_transform_feature_reg_reg[14][15]
  -------------------------------------------------------------------
                         required time                          3.165    
                         arrival time                          -3.075    
  -------------------------------------------------------------------
                         slack                                  0.089    

Slack (MET) :             0.090ns  (required time - arrival time)
  Source:                 CORES[8].core_inst/r_input_feat_reg[11][3]/C
                            (rising edge-triggered cell FDCE clocked by clk  {rise@0.000ns fall@1.577ns period=3.155ns})
  Destination:            CORES[8].core_inst/r_transform_feature_reg_reg[1][13]/D
                            (rising edge-triggered cell FDCE clocked by clk  {rise@0.000ns fall@1.577ns period=3.155ns})
  Path Group:             clk
  Path Type:              Setup (Max at Slow Process Corner)
  Requirement:            3.155ns  (clk rise@3.155ns - clk rise@0.000ns)
  Data Path Delay:        3.047ns  (logic 0.944ns (30.981%)  route 2.103ns (69.019%))
  Logic Levels:           9  (CARRY8=3 LUT3=3 LUT6=3)
  Clock Path Skew:        -0.008ns (DCD - SCD + CPR)
    Destination Clock Delay (DCD):    0.020ns = ( 3.175 - 3.155 ) 
    Source Clock Delay      (SCD):    0.028ns
    Clock Pessimism Removal (CPR):    0.000ns
  Clock Uncertainty:      0.035ns  ((TSJ^2 + TIJ^2)^1/2 + DJ) / 2 + PE
    Total System Jitter     (TSJ):    0.071ns
    Total Input Jitter      (TIJ):    0.000ns
    Discrete Jitter          (DJ):    0.000ns
    Phase Error              (PE):    0.000ns

    Location             Delay type                Incr(ns)  Path(ns)    Netlist Resource(s)
  -------------------------------------------------------------------    -------------------
                         (clock clk rise edge)        0.000     0.000 r  
                                                      0.000     0.000 r  clk (IN)
                         net (fo=29474, unset)        0.028     0.028    CORES[8].core_inst/clk
    SLICE_X66Y10         FDCE                                         r  CORES[8].core_inst/r_input_feat_reg[11][3]/C
  -------------------------------------------------------------------    -------------------
    SLICE_X66Y10         FDCE (Prop_BFF_SLICEL_C_Q)
                                                      0.079     0.107 r  CORES[8].core_inst/r_input_feat_reg[11][3]/Q
                         net (fo=17, routed)          0.676     0.783    CORES[8].core_inst/trf/matrix_c0/r_transform_feature_reg[13][15]_i_2__7_0[3]
    SLICE_X64Y10         LUT6 (Prop_E6LUT_SLICEM_I1_O)
                                                      0.124     0.907 r  CORES[8].core_inst/trf/matrix_c0/soma[13]__0_carry_i_11__16/O
                         net (fo=1, routed)           0.014     0.921    CORES[8].core_inst/trf/matrix_c0/soma[13]__0_carry_i_11__16_n_0
    SLICE_X64Y10         CARRY8 (Prop_CARRY8_SLICEM_S[4]_CO[7])
                                                      0.156     1.077 r  CORES[8].core_inst/trf/matrix_c0/soma[13]__0_carry/CO[7]
                         net (fo=1, routed)           0.026     1.103    CORES[8].core_inst/trf/matrix_c0/soma[13]__0_carry_n_0
    SLICE_X64Y11         CARRY8 (Prop_CARRY8_SLICEM_CI_O[2])
                                                      0.067     1.170 f  CORES[8].core_inst/trf/matrix_c0/soma[13]__0_carry__0/O[2]
                         net (fo=13, routed)          0.386     1.556    CORES[8].core_inst/trf/matrix_c0/w_conv_transform[25]_9[10]
    SLICE_X62Y5          LUT3 (Prop_D6LUT_SLICEL_I0_O)
                                                      0.050     1.606 r  CORES[8].core_inst/trf/matrix_c0/soma[1]__0_carry__0_i_4__15/O
                         net (fo=1, routed)           0.279     1.885    CORES[8].core_inst/trf/matrix_c1/r_transform_feature_reg_reg[1][15][3]
    SLICE_X62Y4          CARRY8 (Prop_CARRY8_SLICEL_DI[3]_O[5])
                                                      0.177     2.062 r  CORES[8].core_inst/trf/matrix_c1/soma[1]__0_carry__0/O[5]
                         net (fo=6, routed)           0.385     2.448    CORES[8].core_inst/trf/matrix_c0/r_transform_feature_reg_reg[1][15][5]
    SLICE_X61Y8          LUT6 (Prop_F6LUT_SLICEM_I0_O)
                                                      0.123     2.571 r  CORES[8].core_inst/trf/matrix_c0/r_transform_feature_reg[17][13]_i_6__7/O
                         net (fo=3, routed)           0.206     2.777    CORES[8].core_inst/trf/matrix_c1/r_transform_feature_reg[1][13]_i_2__7
    SLICE_X58Y10         LUT3 (Prop_E6LUT_SLICEL_I2_O)
                                                      0.035     2.812 r  CORES[8].core_inst/trf/matrix_c1/r_transform_feature_reg[1][13]_i_4__7/O
                         net (fo=1, routed)           0.039     2.851    CORES[8].core_inst/trf/matrix_c0/r_transform_feature_reg_reg[1][13]
    SLICE_X58Y10         LUT6 (Prop_D6LUT_SLICEL_I1_O)
                                                      0.036     2.887 r  CORES[8].core_inst/trf/matrix_c0/r_transform_feature_reg[1][13]_i_2__7/O
                         net (fo=1, routed)           0.043     2.930    CORES[8].core_inst/trf/matrix_c0/r_transform_feature_reg[1][13]_i_2__7_n_0
    SLICE_X58Y10         LUT3 (Prop_G6LUT_SLICEL_I0_O)
                                                      0.097     3.027 r  CORES[8].core_inst/trf/matrix_c0/r_transform_feature_reg[1][13]_i_1__7/O
                         net (fo=1, routed)           0.048     3.075    CORES[8].core_inst/trf_n_242
    SLICE_X58Y10         FDCE                                         r  CORES[8].core_inst/r_transform_feature_reg_reg[1][13]/D
  -------------------------------------------------------------------    -------------------

                         (clock clk rise edge)        3.155     3.155 r  
                                                      0.000     3.155 r  clk (IN)
                         net (fo=29474, unset)        0.020     3.175    CORES[8].core_inst/clk
    SLICE_X58Y10         FDCE                                         r  CORES[8].core_inst/r_transform_feature_reg_reg[1][13]/C
                         clock pessimism              0.000     3.175    
                         clock uncertainty           -0.035     3.140    
    SLICE_X58Y10         FDCE (Setup_GFF_SLICEL_C_D)
                                                      0.025     3.165    CORES[8].core_inst/r_transform_feature_reg_reg[1][13]
  -------------------------------------------------------------------
                         required time                          3.165    
                         arrival time                          -3.075    
  -------------------------------------------------------------------
                         slack                                  0.090    

Slack (MET) :             0.090ns  (required time - arrival time)
  Source:                 CORES[9].core_inst/r_input_feat_reg[22][7]/C
                            (rising edge-triggered cell FDCE clocked by clk  {rise@0.000ns fall@1.577ns period=3.155ns})
  Destination:            CORES[9].core_inst/r_transform_feature_reg_reg[1][14]/D
                            (rising edge-triggered cell FDCE clocked by clk  {rise@0.000ns fall@1.577ns period=3.155ns})
  Path Group:             clk
  Path Type:              Setup (Max at Slow Process Corner)
  Requirement:            3.155ns  (clk rise@3.155ns - clk rise@0.000ns)
  Data Path Delay:        3.046ns  (logic 0.883ns (28.984%)  route 2.163ns (71.016%))
  Logic Levels:           8  (CARRY8=2 LUT3=4 LUT6=2)
  Clock Path Skew:        -0.008ns (DCD - SCD + CPR)
    Destination Clock Delay (DCD):    0.020ns = ( 3.175 - 3.155 ) 
    Source Clock Delay      (SCD):    0.028ns
    Clock Pessimism Removal (CPR):    0.000ns
  Clock Uncertainty:      0.035ns  ((TSJ^2 + TIJ^2)^1/2 + DJ) / 2 + PE
    Total System Jitter     (TSJ):    0.071ns
    Total Input Jitter      (TIJ):    0.000ns
    Discrete Jitter          (DJ):    0.000ns
    Phase Error              (PE):    0.000ns

    Location             Delay type                Incr(ns)  Path(ns)    Netlist Resource(s)
  -------------------------------------------------------------------    -------------------
                         (clock clk rise edge)        0.000     0.000 r  
                                                      0.000     0.000 r  clk (IN)
                         net (fo=29474, unset)        0.028     0.028    CORES[9].core_inst/clk
    SLICE_X80Y207        FDCE                                         r  CORES[9].core_inst/r_input_feat_reg[22][7]/C
  -------------------------------------------------------------------    -------------------
    SLICE_X80Y207        FDCE (Prop_CFF2_SLICEL_C_Q)
                                                      0.080     0.108 r  CORES[9].core_inst/r_input_feat_reg[22][7]/Q
                         net (fo=11, routed)          0.378     0.486    CORES[9].core_inst/r_input_feat_reg_n_0_[22][7]
    SLICE_X78Y201        LUT3 (Prop_C6LUT_SLICEM_I2_O)
                                                      0.088     0.574 r  CORES[9].core_inst/soma[25]__0_carry__0_i_7__8/O
                         net (fo=1, routed)           0.238     0.812    CORES[9].core_inst/trf/matrix_c0/soma[13]__0_carry__0_i_15__17_0[0]
    SLICE_X77Y202        CARRY8 (Prop_CARRY8_SLICEL_DI[0]_O[4])
                                                      0.176     0.988 r  CORES[9].core_inst/trf/matrix_c0/soma[25]__0_carry__0/O[4]
                         net (fo=3, routed)           0.339     1.327    CORES[9].core_inst/trf/matrix_c0/partial[25]_3[12]
    SLICE_X71Y202        LUT3 (Prop_F6LUT_SLICEM_I2_O)
                                                      0.148     1.475 r  CORES[9].core_inst/trf/matrix_c0/soma[13]__0_carry__0_i_2__17/O
                         net (fo=1, routed)           0.248     1.723    CORES[9].core_inst/trf/matrix_c1/r_transform_feature_reg_reg[13][15][5]
    SLICE_X70Y202        CARRY8 (Prop_CARRY8_SLICEM_DI[5]_O[6])
                                                      0.102     1.825 r  CORES[9].core_inst/trf/matrix_c1/soma[13]__0_carry__0/O[6]
                         net (fo=5, routed)           0.434     2.260    CORES[9].core_inst/trf/matrix_c1/soma[13]__0_carry__0_i_15__17[6]
    SLICE_X72Y210        LUT6 (Prop_G6LUT_SLICEL_I3_O)
                                                      0.050     2.310 r  CORES[9].core_inst/trf/matrix_c1/r_transform_feature_reg[17][14]_i_5__8/O
                         net (fo=3, routed)           0.343     2.652    CORES[9].core_inst/trf/matrix_c1/r_transform_product_idx_reg[1]_rep__1_1
    SLICE_X76Y213        LUT3 (Prop_A6LUT_SLICEL_I0_O)
                                                      0.050     2.702 r  CORES[9].core_inst/trf/matrix_c1/r_transform_feature_reg[1][14]_i_4__8/O
                         net (fo=1, routed)           0.087     2.789    CORES[9].core_inst/trf/matrix_c0/r_transform_feature_reg_reg[1][14]
    SLICE_X76Y214        LUT6 (Prop_B6LUT_SLICEL_I1_O)
                                                      0.090     2.879 r  CORES[9].core_inst/trf/matrix_c0/r_transform_feature_reg[1][14]_i_2__8/O
                         net (fo=1, routed)           0.045     2.924    CORES[9].core_inst/trf/matrix_c0/r_transform_feature_reg[1][14]_i_2__8_n_0
    SLICE_X76Y214        LUT3 (Prop_H6LUT_SLICEL_I0_O)
                                                      0.099     3.023 r  CORES[9].core_inst/trf/matrix_c0/r_transform_feature_reg[1][14]_i_1__8/O
                         net (fo=1, routed)           0.051     3.074    CORES[9].core_inst/trf_n_241
    SLICE_X76Y214        FDCE                                         r  CORES[9].core_inst/r_transform_feature_reg_reg[1][14]/D
  -------------------------------------------------------------------    -------------------

                         (clock clk rise edge)        3.155     3.155 r  
                                                      0.000     3.155 r  clk (IN)
                         net (fo=29474, unset)        0.020     3.175    CORES[9].core_inst/clk
    SLICE_X76Y214        FDCE                                         r  CORES[9].core_inst/r_transform_feature_reg_reg[1][14]/C
                         clock pessimism              0.000     3.175    
                         clock uncertainty           -0.035     3.140    
    SLICE_X76Y214        FDCE (Setup_HFF_SLICEL_C_D)
                                                      0.025     3.165    CORES[9].core_inst/r_transform_feature_reg_reg[1][14]
  -------------------------------------------------------------------
                         required time                          3.165    
                         arrival time                          -3.074    
  -------------------------------------------------------------------
                         slack                                  0.090    

Slack (MET) :             0.092ns  (required time - arrival time)
  Source:                 CORES[5].core_inst/r_input_feat_reg[2][3]/C
                            (rising edge-triggered cell FDCE clocked by clk  {rise@0.000ns fall@1.577ns period=3.155ns})
  Destination:            CORES[5].core_inst/r_transform_feature_reg_reg[13][13]/D
                            (rising edge-triggered cell FDCE clocked by clk  {rise@0.000ns fall@1.577ns period=3.155ns})
  Path Group:             clk
  Path Type:              Setup (Max at Slow Process Corner)
  Requirement:            3.155ns  (clk rise@3.155ns - clk rise@0.000ns)
  Data Path Delay:        3.044ns  (logic 0.728ns (23.920%)  route 2.316ns (76.080%))
  Logic Levels:           8  (CARRY8=3 LUT3=3 LUT5=2)
  Clock Path Skew:        -0.009ns (DCD - SCD + CPR)
    Destination Clock Delay (DCD):    0.021ns = ( 3.176 - 3.155 ) 
    Source Clock Delay      (SCD):    0.030ns
    Clock Pessimism Removal (CPR):    0.000ns
  Clock Uncertainty:      0.035ns  ((TSJ^2 + TIJ^2)^1/2 + DJ) / 2 + PE
    Total System Jitter     (TSJ):    0.071ns
    Total Input Jitter      (TIJ):    0.000ns
    Discrete Jitter          (DJ):    0.000ns
    Phase Error              (PE):    0.000ns

    Location             Delay type                Incr(ns)  Path(ns)    Netlist Resource(s)
  -------------------------------------------------------------------    -------------------
                         (clock clk rise edge)        0.000     0.000 r  
                                                      0.000     0.000 r  clk (IN)
                         net (fo=29474, unset)        0.030     0.030    CORES[5].core_inst/clk
    SLICE_X56Y306        FDCE                                         r  CORES[5].core_inst/r_input_feat_reg[2][3]/C
  -------------------------------------------------------------------    -------------------
    SLICE_X56Y306        FDCE (Prop_HFF2_SLICEM_C_Q)
                                                      0.078     0.108 f  CORES[5].core_inst/r_input_feat_reg[2][3]/Q
                         net (fo=11, routed)          0.458     0.566    CORES[5].core_inst/trf/matrix_c0/soma[2]__0_carry_4[3]
    SLICE_X49Y306        LUT3 (Prop_A6LUT_SLICEM_I0_O)
                                                      0.053     0.619 r  CORES[5].core_inst/trf/matrix_c0/soma[0]__0_carry_i_4__10/O
                         net (fo=1, routed)           0.202     0.821    CORES[5].core_inst/trf/matrix_c0/soma[0]__0_carry_i_4__10_n_0
    SLICE_X49Y308        CARRY8 (Prop_CARRY8_SLICEM_DI[4]_O[6])
                                                      0.115     0.936 r  CORES[5].core_inst/trf/matrix_c0/soma[0]__0_carry/O[6]
                         net (fo=3, routed)           0.479     1.415    CORES[5].core_inst/trf/matrix_c0/partial[0]_16[6]
    SLICE_X54Y312        LUT3 (Prop_B6LUT_SLICEM_I2_O)
                                                      0.089     1.504 r  CORES[5].core_inst/trf/matrix_c0/soma[0]__0_carry_i_1__9/O
                         net (fo=1, routed)           0.259     1.763    CORES[5].core_inst/trf/matrix_c1/r_transform_feature_reg_reg[0][7][6]
    SLICE_X53Y312        CARRY8 (Prop_CARRY8_SLICEM_DI[7]_CO[7])
                                                      0.053     1.816 r  CORES[5].core_inst/trf/matrix_c1/soma[0]__0_carry/CO[7]
                         net (fo=1, routed)           0.026     1.842    CORES[5].core_inst/trf/matrix_c1/soma[0]__0_carry_n_0
    SLICE_X53Y313        CARRY8 (Prop_CARRY8_SLICEM_CI_O[5])
                                                      0.116     1.958 r  CORES[5].core_inst/trf/matrix_c1/soma[0]__0_carry__0/O[5]
                         net (fo=15, routed)          0.500     2.458    CORES[5].core_inst/trf/matrix_c0/r_transform_feature_reg_reg[0][15]_0[5]
    SLICE_X48Y318        LUT5 (Prop_F6LUT_SLICEL_I0_O)
                                                      0.123     2.581 r  CORES[5].core_inst/trf/matrix_c0/r_transform_feature_reg[5][13]_i_4__4/O
                         net (fo=2, routed)           0.141     2.723    CORES[5].core_inst/trf/matrix_c1/r_transform_feature_reg_reg[13][13]
    SLICE_X48Y320        LUT3 (Prop_A6LUT_SLICEL_I2_O)
                                                      0.050     2.773 r  CORES[5].core_inst/trf/matrix_c1/r_transform_feature_reg[13][13]_i_3__4/O
                         net (fo=1, routed)           0.184     2.957    CORES[5].core_inst/trf/matrix_c0/r_transform_feature_reg_reg[13][13]
    SLICE_X47Y319        LUT5 (Prop_C6LUT_SLICEM_I2_O)
                                                      0.051     3.008 r  CORES[5].core_inst/trf/matrix_c0/r_transform_feature_reg[13][13]_i_1__4/O
                         net (fo=1, routed)           0.066     3.074    CORES[5].core_inst/trf_n_66
    SLICE_X47Y319        FDCE                                         r  CORES[5].core_inst/r_transform_feature_reg_reg[13][13]/D
  -------------------------------------------------------------------    -------------------

                         (clock clk rise edge)        3.155     3.155 r  
                                                      0.000     3.155 r  clk (IN)
                         net (fo=29474, unset)        0.021     3.176    CORES[5].core_inst/clk
    SLICE_X47Y319        FDCE                                         r  CORES[5].core_inst/r_transform_feature_reg_reg[13][13]/C
                         clock pessimism              0.000     3.176    
                         clock uncertainty           -0.035     3.141    
    SLICE_X47Y319        FDCE (Setup_CFF_SLICEM_C_D)
                                                      0.025     3.166    CORES[5].core_inst/r_transform_feature_reg_reg[13][13]
  -------------------------------------------------------------------
                         required time                          3.166    
                         arrival time                          -3.074    
  -------------------------------------------------------------------
                         slack                                  0.092    

Slack (MET) :             0.093ns  (required time - arrival time)
  Source:                 CORES[8].core_inst/r_input_feat_reg[11][3]/C
                            (rising edge-triggered cell FDCE clocked by clk  {rise@0.000ns fall@1.577ns period=3.155ns})
  Destination:            CORES[8].core_inst/r_transform_feature_reg_reg[17][8]/D
                            (rising edge-triggered cell FDCE clocked by clk  {rise@0.000ns fall@1.577ns period=3.155ns})
  Path Group:             clk
  Path Type:              Setup (Max at Slow Process Corner)
  Requirement:            3.155ns  (clk rise@3.155ns - clk rise@0.000ns)
  Data Path Delay:        3.045ns  (logic 0.835ns (27.424%)  route 2.210ns (72.576%))
  Logic Levels:           7  (CARRY8=2 LUT3=1 LUT5=3 LUT6=1)
  Clock Path Skew:        -0.007ns (DCD - SCD + CPR)
    Destination Clock Delay (DCD):    0.021ns = ( 3.176 - 3.155 ) 
    Source Clock Delay      (SCD):    0.028ns
    Clock Pessimism Removal (CPR):    0.000ns
  Clock Uncertainty:      0.035ns  ((TSJ^2 + TIJ^2)^1/2 + DJ) / 2 + PE
    Total System Jitter     (TSJ):    0.071ns
    Total Input Jitter      (TIJ):    0.000ns
    Discrete Jitter          (DJ):    0.000ns
    Phase Error              (PE):    0.000ns

    Location             Delay type                Incr(ns)  Path(ns)    Netlist Resource(s)
  -------------------------------------------------------------------    -------------------
                         (clock clk rise edge)        0.000     0.000 r  
                                                      0.000     0.000 r  clk (IN)
                         net (fo=29474, unset)        0.028     0.028    CORES[8].core_inst/clk
    SLICE_X66Y10         FDCE                                         r  CORES[8].core_inst/r_input_feat_reg[11][3]/C
  -------------------------------------------------------------------    -------------------
    SLICE_X66Y10         FDCE (Prop_BFF_SLICEL_C_Q)
                                                      0.079     0.107 r  CORES[8].core_inst/r_input_feat_reg[11][3]/Q
                         net (fo=17, routed)          0.676     0.783    CORES[8].core_inst/trf/matrix_c0/r_transform_feature_reg[13][15]_i_2__7_0[3]
    SLICE_X64Y10         LUT6 (Prop_E6LUT_SLICEM_I1_O)
                                                      0.124     0.907 r  CORES[8].core_inst/trf/matrix_c0/soma[13]__0_carry_i_11__16/O
                         net (fo=1, routed)           0.014     0.921    CORES[8].core_inst/trf/matrix_c0/soma[13]__0_carry_i_11__16_n_0
    SLICE_X64Y10         CARRY8 (Prop_CARRY8_SLICEM_S[4]_CO[7])
                                                      0.156     1.077 r  CORES[8].core_inst/trf/matrix_c0/soma[13]__0_carry/CO[7]
                         net (fo=1, routed)           0.026     1.103    CORES[8].core_inst/trf/matrix_c0/soma[13]__0_carry_n_0
    SLICE_X64Y11         CARRY8 (Prop_CARRY8_SLICEM_CI_O[0])
                                                      0.056     1.159 r  CORES[8].core_inst/trf/matrix_c0/soma[13]__0_carry__0/O[0]
                         net (fo=13, routed)          0.543     1.703    CORES[8].core_inst/trf/matrix_c0/w_conv_transform[25]_9[8]
    SLICE_X68Y9          LUT3 (Prop_F6LUT_SLICEL_I0_O)
                                                      0.097     1.800 r  CORES[8].core_inst/trf/matrix_c0/r_transform_feature_reg[5][8]_i_5__7/O
                         net (fo=3, routed)           0.726     2.526    CORES[8].core_inst/trf/matrix_c0/r_transform_feature_reg[5][8]_i_5__7_n_0
    SLICE_X53Y7          LUT5 (Prop_F6LUT_SLICEM_I0_O)
                                                      0.123     2.649 r  CORES[8].core_inst/trf/matrix_c0/r_transform_feature_reg[17][8]_i_4__7/O
                         net (fo=2, routed)           0.068     2.717    CORES[8].core_inst/trf/matrix_c0/r_transform_feature_reg[17][8]_i_4__7_n_0
    SLICE_X53Y7          LUT5 (Prop_B6LUT_SLICEM_I0_O)
                                                      0.149     2.866 r  CORES[8].core_inst/trf/matrix_c0/r_transform_feature_reg[17][8]_i_2__7/O
                         net (fo=1, routed)           0.084     2.950    CORES[8].core_inst/trf/matrix_c0/r_transform_feature_reg[17][8]_i_2__7_n_0
    SLICE_X53Y8          LUT5 (Prop_D6LUT_SLICEM_I0_O)
                                                      0.051     3.001 r  CORES[8].core_inst/trf/matrix_c0/r_transform_feature_reg[17][8]_i_1__7/O
                         net (fo=1, routed)           0.072     3.073    CORES[8].core_inst/trf_n_7
    SLICE_X53Y8          FDCE                                         r  CORES[8].core_inst/r_transform_feature_reg_reg[17][8]/D
  -------------------------------------------------------------------    -------------------

                         (clock clk rise edge)        3.155     3.155 r  
                                                      0.000     3.155 r  clk (IN)
                         net (fo=29474, unset)        0.021     3.176    CORES[8].core_inst/clk
    SLICE_X53Y8          FDCE                                         r  CORES[8].core_inst/r_transform_feature_reg_reg[17][8]/C
                         clock pessimism              0.000     3.176    
                         clock uncertainty           -0.035     3.141    
    SLICE_X53Y8          FDCE (Setup_DFF_SLICEM_C_D)
                                                      0.025     3.166    CORES[8].core_inst/r_transform_feature_reg_reg[17][8]
  -------------------------------------------------------------------
                         required time                          3.166    
                         arrival time                          -3.073    
  -------------------------------------------------------------------
                         slack                                  0.093    

Slack (MET) :             0.094ns  (required time - arrival time)
  Source:                 CORES[9].core_inst/r_input_feat_reg[12][0]/C
                            (rising edge-triggered cell FDCE clocked by clk  {rise@0.000ns fall@1.577ns period=3.155ns})
  Destination:            CORES[9].core_inst/r_transform_feature_reg_reg[5][0]/D
                            (rising edge-triggered cell FDCE clocked by clk  {rise@0.000ns fall@1.577ns period=3.155ns})
  Path Group:             clk
  Path Type:              Setup (Max at Slow Process Corner)
  Requirement:            3.155ns  (clk rise@3.155ns - clk rise@0.000ns)
  Data Path Delay:        3.042ns  (logic 0.535ns (17.587%)  route 2.507ns (82.413%))
  Logic Levels:           6  (CARRY8=2 LUT3=2 LUT5=1 LUT6=1)
  Clock Path Skew:        -0.009ns (DCD - SCD + CPR)
    Destination Clock Delay (DCD):    0.020ns = ( 3.175 - 3.155 ) 
    Source Clock Delay      (SCD):    0.029ns
    Clock Pessimism Removal (CPR):    0.000ns
  Clock Uncertainty:      0.035ns  ((TSJ^2 + TIJ^2)^1/2 + DJ) / 2 + PE
    Total System Jitter     (TSJ):    0.071ns
    Total Input Jitter      (TIJ):    0.000ns
    Discrete Jitter          (DJ):    0.000ns
    Phase Error              (PE):    0.000ns

    Location             Delay type                Incr(ns)  Path(ns)    Netlist Resource(s)
  -------------------------------------------------------------------    -------------------
                         (clock clk rise edge)        0.000     0.000 r  
                                                      0.000     0.000 r  clk (IN)
                         net (fo=29474, unset)        0.029     0.029    CORES[9].core_inst/clk
    SLICE_X75Y201        FDCE                                         r  CORES[9].core_inst/r_input_feat_reg[12][0]/C
  -------------------------------------------------------------------    -------------------
    SLICE_X75Y201        FDCE (Prop_HFF_SLICEL_C_Q)
                                                      0.079     0.108 r  CORES[9].core_inst/r_input_feat_reg[12][0]/Q
                         net (fo=22, routed)          0.361     0.469    CORES[9].core_inst/trf/matrix_c0/r_transform_feature_reg_reg[8][15]_i_2__8_0[0]
    SLICE_X74Y205        LUT3 (Prop_A6LUT_SLICEM_I1_O)
                                                      0.090     0.559 r  CORES[9].core_inst/trf/matrix_c0/soma[12]__0_carry_i_15__8/O
                         net (fo=1, routed)           0.013     0.572    CORES[9].core_inst/trf/matrix_c0/soma[12]__0_carry_i_15__8_n_0
    SLICE_X74Y205        CARRY8 (Prop_CARRY8_SLICEM_S[0]_O[0])
                                                      0.065     0.637 r  CORES[9].core_inst/trf/matrix_c0/soma[12]__0_carry/O[0]
                         net (fo=12, routed)          0.449     1.087    CORES[9].core_inst/trf/matrix_c0/w_conv_transform[24]_10[0]
    SLICE_X73Y207        LUT3 (Prop_A6LUT_SLICEM_I0_O)
                                                      0.150     1.237 r  CORES[9].core_inst/trf/matrix_c0/soma[0]__0_carry_i_15__23/O
                         net (fo=1, routed)           0.013     1.250    CORES[9].core_inst/trf/matrix_c1/r_transform_feature_reg_reg[0][7]_0[0]
    SLICE_X73Y207        CARRY8 (Prop_CARRY8_SLICEM_S[0]_O[0])
                                                      0.065     1.315 r  CORES[9].core_inst/trf/matrix_c1/soma[0]__0_carry/O[0]
                         net (fo=15, routed)          0.978     2.293    CORES[9].core_inst/trf/matrix_c1/w_conv_transform[0]__0[0]
    SLICE_X65Y206        LUT5 (Prop_A6LUT_SLICEL_I0_O)
                                                      0.050     2.343 r  CORES[9].core_inst/trf/matrix_c1/r_transform_feature_reg[5][0]_i_4__8/O
                         net (fo=2, routed)           0.641     2.984    CORES[9].core_inst/trf/matrix_c1/r_transform_feature_reg[5][0]_i_4__8_n_0
    SLICE_X75Y199        LUT6 (Prop_H6LUT_SLICEL_I3_O)
                                                      0.036     3.020 r  CORES[9].core_inst/trf/matrix_c1/r_transform_feature_reg[5][0]_i_1__8/O
                         net (fo=1, routed)           0.051     3.071    CORES[9].core_inst/trf_n_191
    SLICE_X75Y199        FDCE                                         r  CORES[9].core_inst/r_transform_feature_reg_reg[5][0]/D
  -------------------------------------------------------------------    -------------------

                         (clock clk rise edge)        3.155     3.155 r  
                                                      0.000     3.155 r  clk (IN)
                         net (fo=29474, unset)        0.020     3.175    CORES[9].core_inst/clk
    SLICE_X75Y199        FDCE                                         r  CORES[9].core_inst/r_transform_feature_reg_reg[5][0]/C
                         clock pessimism              0.000     3.175    
                         clock uncertainty           -0.035     3.140    
    SLICE_X75Y199        FDCE (Setup_HFF_SLICEL_C_D)
                                                      0.025     3.165    CORES[9].core_inst/r_transform_feature_reg_reg[5][0]
  -------------------------------------------------------------------
                         required time                          3.165    
                         arrival time                          -3.071    
  -------------------------------------------------------------------
                         slack                                  0.094    

Slack (MET) :             0.094ns  (required time - arrival time)
  Source:                 CORES[8].core_inst/r_input_feat_reg[12][3]/C
                            (rising edge-triggered cell FDCE clocked by clk  {rise@0.000ns fall@1.577ns period=3.155ns})
  Destination:            CORES[8].core_inst/r_transform_feature_reg_reg[8][11]/D
                            (rising edge-triggered cell FDCE clocked by clk  {rise@0.000ns fall@1.577ns period=3.155ns})
  Path Group:             clk
  Path Type:              Setup (Max at Slow Process Corner)
  Requirement:            3.155ns  (clk rise@3.155ns - clk rise@0.000ns)
  Data Path Delay:        3.041ns  (logic 0.875ns (28.769%)  route 2.166ns (71.231%))
  Logic Levels:           9  (CARRY8=3 LUT3=2 LUT5=2 LUT6=1 MUXF7=1)
  Clock Path Skew:        -0.009ns (DCD - SCD + CPR)
    Destination Clock Delay (DCD):    0.020ns = ( 3.175 - 3.155 ) 
    Source Clock Delay      (SCD):    0.029ns
    Clock Pessimism Removal (CPR):    0.000ns
  Clock Uncertainty:      0.035ns  ((TSJ^2 + TIJ^2)^1/2 + DJ) / 2 + PE
    Total System Jitter     (TSJ):    0.071ns
    Total Input Jitter      (TIJ):    0.000ns
    Discrete Jitter          (DJ):    0.000ns
    Phase Error              (PE):    0.000ns

    Location             Delay type                Incr(ns)  Path(ns)    Netlist Resource(s)
  -------------------------------------------------------------------    -------------------
                         (clock clk rise edge)        0.000     0.000 r  
                                                      0.000     0.000 r  clk (IN)
                         net (fo=29474, unset)        0.029     0.029    CORES[8].core_inst/clk
    SLICE_X66Y10         FDCE                                         r  CORES[8].core_inst/r_input_feat_reg[12][3]/C
  -------------------------------------------------------------------    -------------------
    SLICE_X66Y10         FDCE (Prop_HFF_SLICEL_C_Q)
                                                      0.079     0.108 f  CORES[8].core_inst/r_input_feat_reg[12][3]/Q
                         net (fo=22, routed)          0.655     0.763    CORES[8].core_inst/trf/matrix_c0/r_transform_feature_reg_reg[8][15]_i_2__7_0[3]
    SLICE_X62Y12         LUT3 (Prop_B6LUT_SLICEL_I0_O)
                                                      0.124     0.887 r  CORES[8].core_inst/trf/matrix_c0/soma[12]__0_carry_i_4__16/O
                         net (fo=1, routed)           0.139     1.026    CORES[8].core_inst/trf/matrix_c0/soma[12]__0_carry_i_4__16_n_0
    SLICE_X63Y12         CARRY8 (Prop_CARRY8_SLICEM_DI[4]_O[6])
                                                      0.115     1.141 f  CORES[8].core_inst/trf/matrix_c0/soma[12]__0_carry/O[6]
                         net (fo=15, routed)          0.528     1.669    CORES[8].core_inst/trf/matrix_c0/w_conv_transform[24]_10[6]
    SLICE_X59Y18         LUT3 (Prop_H6LUT_SLICEL_I1_O)
                                                      0.099     1.768 r  CORES[8].core_inst/trf/matrix_c0/soma[12]__0_carry_i_1__15/O
                         net (fo=1, routed)           0.198     1.966    CORES[8].core_inst/trf/matrix_c1/r_transform_feature_reg_reg[12][7][6]
    SLICE_X59Y19         CARRY8 (Prop_CARRY8_SLICEL_DI[7]_CO[7])
                                                      0.051     2.017 r  CORES[8].core_inst/trf/matrix_c1/soma[12]__0_carry/CO[7]
                         net (fo=1, routed)           0.026     2.043    CORES[8].core_inst/trf/matrix_c1/soma[12]__0_carry_n_0
    SLICE_X59Y20         CARRY8 (Prop_CARRY8_SLICEL_CI_O[3])
                                                      0.082     2.125 r  CORES[8].core_inst/trf/matrix_c1/soma[12]__0_carry__0/O[3]
                         net (fo=6, routed)           0.297     2.422    CORES[8].core_inst/trf/matrix_c0/r_transform_feature_reg_reg[12][15]_0[3]
    SLICE_X58Y26         LUT6 (Prop_D6LUT_SLICEL_I0_O)
                                                      0.122     2.544 r  CORES[8].core_inst/trf/matrix_c0/r_transform_feature_reg[16][11]_i_7__7/O
                         net (fo=2, routed)           0.094     2.638    CORES[8].core_inst/trf/matrix_c0/r_transform_feature_reg[16][11]_i_7__7_n_0
    SLICE_X58Y28         LUT5 (Prop_D6LUT_SLICEL_I4_O)
                                                      0.050     2.688 r  CORES[8].core_inst/trf/matrix_c0/r_transform_feature_reg[8][11]_i_4__7/O
                         net (fo=1, routed)           0.009     2.697    CORES[8].core_inst/trf/matrix_c0/r_transform_feature_reg[8][11]_i_4__7_n_0
    SLICE_X58Y28         MUXF7 (Prop_F7MUX_CD_SLICEL_I0_O)
                                                      0.063     2.760 r  CORES[8].core_inst/trf/matrix_c0/r_transform_feature_reg_reg[8][11]_i_2__7/O
                         net (fo=1, routed)           0.172     2.932    CORES[8].core_inst/trf/matrix_c0/r_transform_feature_reg_reg[8][11]_i_2__7_n_0
    SLICE_X58Y28         LUT5 (Prop_A6LUT_SLICEL_I0_O)
                                                      0.090     3.022 r  CORES[8].core_inst/trf/matrix_c0/r_transform_feature_reg[8][11]_i_1__7/O
                         net (fo=1, routed)           0.048     3.070    CORES[8].core_inst/trf_n_132
    SLICE_X58Y28         FDCE                                         r  CORES[8].core_inst/r_transform_feature_reg_reg[8][11]/D
  -------------------------------------------------------------------    -------------------

                         (clock clk rise edge)        3.155     3.155 r  
                                                      0.000     3.155 r  clk (IN)
                         net (fo=29474, unset)        0.020     3.175    CORES[8].core_inst/clk
    SLICE_X58Y28         FDCE                                         r  CORES[8].core_inst/r_transform_feature_reg_reg[8][11]/C
                         clock pessimism              0.000     3.175    
                         clock uncertainty           -0.035     3.140    
    SLICE_X58Y28         FDCE (Setup_AFF_SLICEL_C_D)
                                                      0.025     3.165    CORES[8].core_inst/r_transform_feature_reg_reg[8][11]
  -------------------------------------------------------------------
                         required time                          3.165    
                         arrival time                          -3.070    
  -------------------------------------------------------------------
                         slack                                  0.094    

Slack (MET) :             0.095ns  (required time - arrival time)
  Source:                 CORES[7].core_inst/MAC_LANES[4].multip/partial_product/DSP_OUTPUT_INST/CLK
                            (rising edge-triggered cell DSP_OUTPUT clocked by clk  {rise@0.000ns fall@1.577ns period=3.155ns})
  Destination:            CORES[7].core_inst/r_output_write_reg[5][14]/D
                            (rising edge-triggered cell FDCE clocked by clk  {rise@0.000ns fall@1.577ns period=3.155ns})
  Path Group:             clk
  Path Type:              Setup (Max at Slow Process Corner)
  Requirement:            3.155ns  (clk rise@3.155ns - clk rise@0.000ns)
  Data Path Delay:        3.011ns  (logic 1.092ns (36.267%)  route 1.919ns (63.733%))
  Logic Levels:           9  (CARRY8=3 LUT2=1 LUT4=1 LUT5=2 LUT6=2)
  Clock Path Skew:        -0.039ns (DCD - SCD + CPR)
    Destination Clock Delay (DCD):    0.021ns = ( 3.176 - 3.155 ) 
    Source Clock Delay      (SCD):    0.060ns
    Clock Pessimism Removal (CPR):    0.000ns
  Clock Uncertainty:      0.035ns  ((TSJ^2 + TIJ^2)^1/2 + DJ) / 2 + PE
    Total System Jitter     (TSJ):    0.071ns
    Total Input Jitter      (TIJ):    0.000ns
    Discrete Jitter          (DJ):    0.000ns
    Phase Error              (PE):    0.000ns

    Location             Delay type                Incr(ns)  Path(ns)    Netlist Resource(s)
  -------------------------------------------------------------------    -------------------
                         (clock clk rise edge)        0.000     0.000 r  
                                                      0.000     0.000 r  clk (IN)
                         net (fo=29474, unset)        0.060     0.060    CORES[7].core_inst/MAC_LANES[4].multip/partial_product/CLK
    DSP48E2_X7Y75        DSP_OUTPUT                                   r  CORES[7].core_inst/MAC_LANES[4].multip/partial_product/DSP_OUTPUT_INST/CLK
  -------------------------------------------------------------------    -------------------
    DSP48E2_X7Y75        DSP_OUTPUT (Prop_DSP_OUTPUT_DSP48E2_CLK_P[12])
                                                      0.207     0.267 r  CORES[7].core_inst/MAC_LANES[4].multip/partial_product/DSP_OUTPUT_INST/P[12]
                         net (fo=4, routed)           0.842     1.109    CORES[7].core_inst/MAC_LANES[4].multip/P[4]
    SLICE_X62Y187        LUT4 (Prop_B6LUT_SLICEL_I1_O)
                                                      0.051     1.160 r  CORES[7].core_inst/MAC_LANES[4].multip/r_output_write[2][7]_i_50__6/O
                         net (fo=2, routed)           0.144     1.304    CORES[7].core_inst/MAC_LANES[4].multip/r_output_write[2][7]_i_50__6_n_0
    SLICE_X63Y188        LUT5 (Prop_F6LUT_SLICEM_I2_O)
                                                      0.123     1.427 r  CORES[7].core_inst/MAC_LANES[4].multip/r_output_write[2][7]_i_57__6/O
                         net (fo=1, routed)           0.022     1.449    CORES[7].core_inst/MAC_LANES[4].multip/r_output_write[2][7]_i_57__6_n_0
    SLICE_X63Y188        CARRY8 (Prop_CARRY8_SLICEM_S[5]_CO[7])
                                                      0.159     1.608 r  CORES[7].core_inst/MAC_LANES[4].multip/r_output_write_reg[2][7]_i_31__6/CO[7]
                         net (fo=1, routed)           0.026     1.634    CORES[7].core_inst/MAC_LANES[4].multip/r_output_write_reg[2][7]_i_31__6_n_0
    SLICE_X63Y189        CARRY8 (Prop_CARRY8_SLICEM_CI_O[3])
                                                      0.082     1.716 r  CORES[7].core_inst/MAC_LANES[4].multip/r_output_write_reg[2][15]_i_56__6/O[3]
                         net (fo=6, routed)           0.351     2.068    CORES[7].core_inst/MAC_LANES[10].multip/w_inverse_partial_current[2]_65[11]
    SLICE_X61Y189        LUT6 (Prop_H6LUT_SLICEM_I5_O)
                                                      0.053     2.121 r  CORES[7].core_inst/MAC_LANES[10].multip/r_output_write[5][15]_i_22__6/O
                         net (fo=2, routed)           0.149     2.270    CORES[7].core_inst/MAC_LANES[16].multip/r_output_write_reg[5][15]_i_2__6_10
    SLICE_X61Y190        LUT5 (Prop_E6LUT_SLICEM_I3_O)
                                                      0.052     2.322 r  CORES[7].core_inst/MAC_LANES[16].multip/r_output_write[5][15]_i_5__6/O
                         net (fo=2, routed)           0.167     2.489    CORES[7].core_inst/MAC_LANES[16].multip/r_output_write[5][15]_i_5__6_n_0
    SLICE_X57Y190        LUT6 (Prop_E6LUT_SLICEM_I0_O)
                                                      0.148     2.637 r  CORES[7].core_inst/MAC_LANES[16].multip/r_output_write[5][15]_i_13__6/O
                         net (fo=1, routed)           0.014     2.651    CORES[7].core_inst/MAC_LANES[16].multip/r_output_write[5][15]_i_13__6_n_0
    SLICE_X57Y190        CARRY8 (Prop_CARRY8_SLICEM_S[4]_O[6])
                                                      0.129     2.780 r  CORES[7].core_inst/MAC_LANES[16].multip/r_output_write_reg[5][15]_i_2__6/O[6]
                         net (fo=1, routed)           0.131     2.911    CORES[7].core_inst/MAC_LANES[16].multip/w_output_acc_next[5]_77[14]
    SLICE_X57Y188        LUT2 (Prop_D6LUT_SLICEM_I1_O)
                                                      0.088     2.999 r  CORES[7].core_inst/MAC_LANES[16].multip/r_output_write[5][14]_i_1__6/O
                         net (fo=1, routed)           0.072     3.071    CORES[7].core_inst/MAC_LANES[16].multip_n_40
    SLICE_X57Y188        FDCE                                         r  CORES[7].core_inst/r_output_write_reg[5][14]/D
  -------------------------------------------------------------------    -------------------

                         (clock clk rise edge)        3.155     3.155 r  
                                                      0.000     3.155 r  clk (IN)
                         net (fo=29474, unset)        0.021     3.176    CORES[7].core_inst/clk
    SLICE_X57Y188        FDCE                                         r  CORES[7].core_inst/r_output_write_reg[5][14]/C
                         clock pessimism              0.000     3.176    
                         clock uncertainty           -0.035     3.141    
    SLICE_X57Y188        FDCE (Setup_DFF_SLICEM_C_D)
                                                      0.025     3.166    CORES[7].core_inst/r_output_write_reg[5][14]
  -------------------------------------------------------------------
                         required time                          3.166    
                         arrival time                          -3.071    
  -------------------------------------------------------------------
                         slack                                  0.095    

Slack (MET) :             0.095ns  (required time - arrival time)
  Source:                 CORES[7].core_inst/r_input_feat_reg[12][7]/C
                            (rising edge-triggered cell FDCE clocked by clk  {rise@0.000ns fall@1.577ns period=3.155ns})
  Destination:            CORES[7].core_inst/r_transform_feature_reg_reg[10][13]/D
                            (rising edge-triggered cell FDCE clocked by clk  {rise@0.000ns fall@1.577ns period=3.155ns})
  Path Group:             clk
  Path Type:              Setup (Max at Slow Process Corner)
  Requirement:            3.155ns  (clk rise@3.155ns - clk rise@0.000ns)
  Data Path Delay:        3.040ns  (logic 0.771ns (25.363%)  route 2.269ns (74.637%))
  Logic Levels:           8  (CARRY8=3 LUT3=1 LUT5=2 LUT6=2)
  Clock Path Skew:        -0.010ns (DCD - SCD + CPR)
    Destination Clock Delay (DCD):    0.020ns = ( 3.175 - 3.155 ) 
    Source Clock Delay      (SCD):    0.030ns
    Clock Pessimism Removal (CPR):    0.000ns
  Clock Uncertainty:      0.035ns  ((TSJ^2 + TIJ^2)^1/2 + DJ) / 2 + PE
    Total System Jitter     (TSJ):    0.071ns
    Total Input Jitter      (TIJ):    0.000ns
    Discrete Jitter          (DJ):    0.000ns
    Phase Error              (PE):    0.000ns

    Location             Delay type                Incr(ns)  Path(ns)    Netlist Resource(s)
  -------------------------------------------------------------------    -------------------
                         (clock clk rise edge)        0.000     0.000 r  
                                                      0.000     0.000 r  clk (IN)
                         net (fo=29474, unset)        0.030     0.030    CORES[7].core_inst/clk
    SLICE_X71Y149        FDCE                                         r  CORES[7].core_inst/r_input_feat_reg[12][7]/C
  -------------------------------------------------------------------    -------------------
    SLICE_X71Y149        FDCE (Prop_HFF_SLICEM_C_Q)
                                                      0.079     0.109 r  CORES[7].core_inst/r_input_feat_reg[12][7]/Q
                         net (fo=22, routed)          0.559     0.668    CORES[7].core_inst/trf/matrix_c0/r_transform_feature_reg_reg[8][15]_i_2__6_0[7]
    SLICE_X70Y158        LUT6 (Prop_H6LUT_SLICEM_I4_O)
                                                      0.101     0.769 r  CORES[7].core_inst/trf/matrix_c0/soma[12]__0_carry_i_8__14/O
                         net (fo=1, routed)           0.015     0.784    CORES[7].core_inst/trf/matrix_c0/soma[12]__0_carry_i_8__14_n_0
    SLICE_X70Y158        CARRY8 (Prop_CARRY8_SLICEM_S[7]_CO[7])
                                                      0.117     0.901 r  CORES[7].core_inst/trf/matrix_c0/soma[12]__0_carry/CO[7]
                         net (fo=1, routed)           0.026     0.927    CORES[7].core_inst/trf/matrix_c0/soma[12]__0_carry_n_0
    SLICE_X70Y159        CARRY8 (Prop_CARRY8_SLICEM_CI_O[0])
                                                      0.056     0.983 f  CORES[7].core_inst/trf/matrix_c0/soma[12]__0_carry__0/O[0]
                         net (fo=15, routed)          0.271     1.254    CORES[7].core_inst/trf/matrix_c0/w_conv_transform[24]_10[8]
    SLICE_X70Y152        LUT3 (Prop_E6LUT_SLICEM_I1_O)
                                                      0.100     1.354 r  CORES[7].core_inst/trf/matrix_c0/soma[12]__0_carry__0_i_6__13/O
                         net (fo=1, routed)           0.323     1.677    CORES[7].core_inst/trf/matrix_c1/r_transform_feature_reg_reg[12][15][1]
    SLICE_X70Y148        CARRY8 (Prop_CARRY8_SLICEM_DI[1]_O[5])
                                                      0.196     1.873 r  CORES[7].core_inst/trf/matrix_c1/soma[12]__0_carry__0/O[5]
                         net (fo=6, routed)           0.438     2.312    CORES[7].core_inst/trf/matrix_c1/soma[12]__0_carry__0_i_15__13[5]
    SLICE_X66Y152        LUT6 (Prop_E6LUT_SLICEL_I1_O)
                                                      0.051     2.363 r  CORES[7].core_inst/trf/matrix_c1/r_transform_feature_reg[10][13]_i_5__6/O
                         net (fo=2, routed)           0.493     2.856    CORES[7].core_inst/trf/matrix_c0/r_transform_feature_reg_reg[2][13]
    SLICE_X65Y155        LUT5 (Prop_E6LUT_SLICEL_I2_O)
                                                      0.035     2.891 r  CORES[7].core_inst/trf/matrix_c0/r_transform_feature_reg[10][13]_i_2__6/O
                         net (fo=1, routed)           0.094     2.985    CORES[7].core_inst/trf/matrix_c0/r_transform_feature_reg[10][13]_i_2__6_n_0
    SLICE_X65Y157        LUT5 (Prop_D6LUT_SLICEL_I0_O)
                                                      0.036     3.021 r  CORES[7].core_inst/trf/matrix_c0/r_transform_feature_reg[10][13]_i_1__6/O
                         net (fo=1, routed)           0.049     3.070    CORES[7].core_inst/trf_n_114
    SLICE_X65Y157        FDCE                                         r  CORES[7].core_inst/r_transform_feature_reg_reg[10][13]/D
  -------------------------------------------------------------------    -------------------

                         (clock clk rise edge)        3.155     3.155 r  
                                                      0.000     3.155 r  clk (IN)
                         net (fo=29474, unset)        0.020     3.175    CORES[7].core_inst/clk
    SLICE_X65Y157        FDCE                                         r  CORES[7].core_inst/r_transform_feature_reg_reg[10][13]/C
                         clock pessimism              0.000     3.175    
                         clock uncertainty           -0.035     3.140    
    SLICE_X65Y157        FDCE (Setup_DFF_SLICEL_C_D)
                                                      0.025     3.165    CORES[7].core_inst/r_transform_feature_reg_reg[10][13]
  -------------------------------------------------------------------
                         required time                          3.165    
                         arrival time                          -3.070    
  -------------------------------------------------------------------
                         slack                                  0.095    

Slack (MET) :             0.096ns  (required time - arrival time)
  Source:                 CORES[12].core_inst/r_input_feat_reg[2][1]/C
                            (rising edge-triggered cell FDCE clocked by clk  {rise@0.000ns fall@1.577ns period=3.155ns})
  Destination:            CORES[12].core_inst/r_transform_feature_reg_reg[15][15]/D
                            (rising edge-triggered cell FDCE clocked by clk  {rise@0.000ns fall@1.577ns period=3.155ns})
  Path Group:             clk
  Path Type:              Setup (Max at Slow Process Corner)
  Requirement:            3.155ns  (clk rise@3.155ns - clk rise@0.000ns)
  Data Path Delay:        3.040ns  (logic 0.773ns (25.426%)  route 2.267ns (74.574%))
  Logic Levels:           8  (CARRY8=3 LUT3=3 LUT6=2)
  Clock Path Skew:        -0.008ns (DCD - SCD + CPR)
    Destination Clock Delay (DCD):    0.021ns = ( 3.176 - 3.155 ) 
    Source Clock Delay      (SCD):    0.029ns
    Clock Pessimism Removal (CPR):    0.000ns
  Clock Uncertainty:      0.035ns  ((TSJ^2 + TIJ^2)^1/2 + DJ) / 2 + PE
    Total System Jitter     (TSJ):    0.071ns
    Total Input Jitter      (TIJ):    0.000ns
    Discrete Jitter          (DJ):    0.000ns
    Phase Error              (PE):    0.000ns

    Location             Delay type                Incr(ns)  Path(ns)    Netlist Resource(s)
  -------------------------------------------------------------------    -------------------
                         (clock clk rise edge)        0.000     0.000 r  
                                                      0.000     0.000 r  clk (IN)
                         net (fo=29474, unset)        0.029     0.029    CORES[12].core_inst/clk
    SLICE_X107Y316       FDCE                                         r  CORES[12].core_inst/r_input_feat_reg[2][1]/C
  -------------------------------------------------------------------    -------------------
    SLICE_X107Y316       FDCE (Prop_HFF2_SLICEL_C_Q)
                                                      0.080     0.109 f  CORES[12].core_inst/r_input_feat_reg[2][1]/Q
                         net (fo=11, routed)          0.168     0.277    CORES[12].core_inst/trf/matrix_c0/soma[2]__0_carry_4[1]
    SLICE_X106Y317       LUT3 (Prop_G6LUT_SLICEL_I0_O)
                                                      0.097     0.374 r  CORES[12].core_inst/trf/matrix_c0/soma[0]__0_carry_i_6__24/O
                         net (fo=1, routed)           0.342     0.716    CORES[12].core_inst/trf/matrix_c0/soma[0]__0_carry_i_6__24_n_0
    SLICE_X104Y317       CARRY8 (Prop_CARRY8_SLICEM_DI[2]_O[3])
                                                      0.094     0.810 r  CORES[12].core_inst/trf/matrix_c0/soma[0]__0_carry/O[3]
                         net (fo=3, routed)           0.448     1.258    CORES[12].core_inst/trf/matrix_c0/partial[0]_16[3]
    SLICE_X100Y308       LUT3 (Prop_F6LUT_SLICEL_I2_O)
                                                      0.097     1.355 r  CORES[12].core_inst/trf/matrix_c0/soma[0]__0_carry_i_4__23/O
                         net (fo=1, routed)           0.281     1.636    CORES[12].core_inst/trf/matrix_c1/r_transform_feature_reg_reg[0][7][3]
    SLICE_X100Y309       CARRY8 (Prop_CARRY8_SLICEL_DI[4]_CO[7])
                                                      0.091     1.727 r  CORES[12].core_inst/trf/matrix_c1/soma[0]__0_carry/CO[7]
                         net (fo=1, routed)           0.026     1.753    CORES[12].core_inst/trf/matrix_c1/soma[0]__0_carry_n_0
    SLICE_X100Y310       CARRY8 (Prop_CARRY8_SLICEL_CI_O[7])
                                                      0.116     1.869 r  CORES[12].core_inst/trf/matrix_c1/soma[0]__0_carry__0/O[7]
                         net (fo=15, routed)          0.746     2.615    CORES[12].core_inst/trf/matrix_c0/r_transform_feature_reg_reg[0][15]_0[7]
    SLICE_X96Y322        LUT6 (Prop_F6LUT_SLICEM_I3_O)
                                                      0.037     2.652 r  CORES[12].core_inst/trf/matrix_c0/r_transform_feature_reg[7][15]_i_3__11/O
                         net (fo=2, routed)           0.087     2.739    CORES[12].core_inst/trf/matrix_c0/r_transform_feature_reg[7][15]_i_3__11_n_0
    SLICE_X96Y323        LUT6 (Prop_H6LUT_SLICEM_I3_O)
                                                      0.039     2.778 r  CORES[12].core_inst/trf/matrix_c0/r_transform_feature_reg[15][15]_i_2__11/O
                         net (fo=1, routed)           0.097     2.875    CORES[12].core_inst/trf/matrix_c0/r_transform_feature_reg[15][15]_i_2__11_n_0
    SLICE_X96Y323        LUT3 (Prop_D6LUT_SLICEM_I0_O)
                                                      0.122     2.997 r  CORES[12].core_inst/trf/matrix_c0/r_transform_feature_reg[15][15]_i_1__11/O
                         net (fo=1, routed)           0.072     3.069    CORES[12].core_inst/trf_n_32
    SLICE_X96Y323        FDCE                                         r  CORES[12].core_inst/r_transform_feature_reg_reg[15][15]/D
  -------------------------------------------------------------------    -------------------

                         (clock clk rise edge)        3.155     3.155 r  
                                                      0.000     3.155 r  clk (IN)
                         net (fo=29474, unset)        0.021     3.176    CORES[12].core_inst/clk
    SLICE_X96Y323        FDCE                                         r  CORES[12].core_inst/r_transform_feature_reg_reg[15][15]/C
                         clock pessimism              0.000     3.176    
                         clock uncertainty           -0.035     3.141    
    SLICE_X96Y323        FDCE (Setup_DFF_SLICEM_C_D)
                                                      0.025     3.166    CORES[12].core_inst/r_transform_feature_reg_reg[15][15]
  -------------------------------------------------------------------
                         required time                          3.166    
                         arrival time                          -3.069    
  -------------------------------------------------------------------
                         slack                                  0.096    

Slack (MET) :             0.097ns  (required time - arrival time)
  Source:                 CORES[8].core_inst/r_input_feat_reg[12][3]/C
                            (rising edge-triggered cell FDCE clocked by clk  {rise@0.000ns fall@1.577ns period=3.155ns})
  Destination:            CORES[8].core_inst/r_transform_feature_reg_reg[0][14]/D
                            (rising edge-triggered cell FDCE clocked by clk  {rise@0.000ns fall@1.577ns period=3.155ns})
  Path Group:             clk
  Path Type:              Setup (Max at Slow Process Corner)
  Requirement:            3.155ns  (clk rise@3.155ns - clk rise@0.000ns)
  Data Path Delay:        3.039ns  (logic 0.764ns (25.139%)  route 2.275ns (74.861%))
  Logic Levels:           8  (CARRY8=3 LUT3=2 LUT6=2 MUXF7=1)
  Clock Path Skew:        -0.008ns (DCD - SCD + CPR)
    Destination Clock Delay (DCD):    0.021ns = ( 3.176 - 3.155 ) 
    Source Clock Delay      (SCD):    0.029ns
    Clock Pessimism Removal (CPR):    0.000ns
  Clock Uncertainty:      0.035ns  ((TSJ^2 + TIJ^2)^1/2 + DJ) / 2 + PE
    Total System Jitter     (TSJ):    0.071ns
    Total Input Jitter      (TIJ):    0.000ns
    Discrete Jitter          (DJ):    0.000ns
    Phase Error              (PE):    0.000ns

    Location             Delay type                Incr(ns)  Path(ns)    Netlist Resource(s)
  -------------------------------------------------------------------    -------------------
                         (clock clk rise edge)        0.000     0.000 r  
                                                      0.000     0.000 r  clk (IN)
                         net (fo=29474, unset)        0.029     0.029    CORES[8].core_inst/clk
    SLICE_X66Y10         FDCE                                         r  CORES[8].core_inst/r_input_feat_reg[12][3]/C
  -------------------------------------------------------------------    -------------------
    SLICE_X66Y10         FDCE (Prop_HFF_SLICEL_C_Q)
                                                      0.079     0.108 f  CORES[8].core_inst/r_input_feat_reg[12][3]/Q
                         net (fo=22, routed)          0.655     0.763    CORES[8].core_inst/trf/matrix_c0/r_transform_feature_reg_reg[8][15]_i_2__7_0[3]
    SLICE_X62Y12         LUT3 (Prop_B6LUT_SLICEL_I0_O)
                                                      0.124     0.887 r  CORES[8].core_inst/trf/matrix_c0/soma[12]__0_carry_i_4__16/O
                         net (fo=1, routed)           0.139     1.026    CORES[8].core_inst/trf/matrix_c0/soma[12]__0_carry_i_4__16_n_0
    SLICE_X63Y12         CARRY8 (Prop_CARRY8_SLICEM_DI[4]_CO[7])
                                                      0.093     1.119 r  CORES[8].core_inst/trf/matrix_c0/soma[12]__0_carry/CO[7]
                         net (fo=1, routed)           0.026     1.145    CORES[8].core_inst/trf/matrix_c0/soma[12]__0_carry_n_0
    SLICE_X63Y13         CARRY8 (Prop_CARRY8_SLICEM_CI_O[2])
                                                      0.067     1.212 r  CORES[8].core_inst/trf/matrix_c0/soma[12]__0_carry__0/O[2]
                         net (fo=15, routed)          0.541     1.753    CORES[8].core_inst/trf/matrix_c0/w_conv_transform[24]_10[10]
    SLICE_X57Y21         LUT3 (Prop_G6LUT_SLICEM_I2_O)
                                                      0.037     1.790 r  CORES[8].core_inst/trf/matrix_c0/soma[6]__0_carry__0_i_4__15/O
                         net (fo=1, routed)           0.365     2.155    CORES[8].core_inst/trf/matrix_c1/r_transform_feature_reg_reg[6][15][3]
    SLICE_X56Y21         CARRY8 (Prop_CARRY8_SLICEM_DI[3]_O[6])
                                                      0.170     2.325 r  CORES[8].core_inst/trf/matrix_c1/soma[6]__0_carry__0/O[6]
                         net (fo=7, routed)           0.299     2.624    CORES[8].core_inst/trf/matrix_c0/r_transform_feature_reg_reg[6][15]_0[6]
    SLICE_X54Y24         LUT6 (Prop_D6LUT_SLICEM_I0_O)
                                                      0.088     2.712 r  CORES[8].core_inst/trf/matrix_c0/r_transform_feature_reg[0][14]_i_4__7/O
                         net (fo=1, routed)           0.025     2.737    CORES[8].core_inst/trf/matrix_c0/r_transform_feature_reg[0][14]_i_4__7_n_0
    SLICE_X54Y24         MUXF7 (Prop_F7MUX_CD_SLICEM_I0_O)
                                                      0.069     2.806 r  CORES[8].core_inst/trf/matrix_c0/r_transform_feature_reg_reg[0][14]_i_2__7/O
                         net (fo=1, routed)           0.166     2.972    CORES[8].core_inst/trf/matrix_c0/r_transform_feature_reg_reg[0][14]_i_2__7_n_0
    SLICE_X54Y24         LUT6 (Prop_B6LUT_SLICEM_I0_O)
                                                      0.037     3.009 r  CORES[8].core_inst/trf/matrix_c0/r_transform_feature_reg[0][14]_i_1__7/O
                         net (fo=1, routed)           0.059     3.068    CORES[8].core_inst/trf_n_273
    SLICE_X54Y24         FDCE                                         r  CORES[8].core_inst/r_transform_feature_reg_reg[0][14]/D
  -------------------------------------------------------------------    -------------------

                         (clock clk rise edge)        3.155     3.155 r  
                                                      0.000     3.155 r  clk (IN)
                         net (fo=29474, unset)        0.021     3.176    CORES[8].core_inst/clk
    SLICE_X54Y24         FDCE                                         r  CORES[8].core_inst/r_transform_feature_reg_reg[0][14]/C
                         clock pessimism              0.000     3.176    
                         clock uncertainty           -0.035     3.141    
    SLICE_X54Y24         FDCE (Setup_BFF_SLICEM_C_D)
                                                      0.025     3.166    CORES[8].core_inst/r_transform_feature_reg_reg[0][14]
  -------------------------------------------------------------------
                         required time                          3.166    
                         arrival time                          -3.068    
  -------------------------------------------------------------------
                         slack                                  0.097    

Slack (MET) :             0.099ns  (required time - arrival time)
  Source:                 CORES[9].core_inst/r_input_feat_reg[16][6]/C
                            (rising edge-triggered cell FDCE clocked by clk  {rise@0.000ns fall@1.577ns period=3.155ns})
  Destination:            CORES[9].core_inst/r_transform_feature_reg_reg[16][15]/D
                            (rising edge-triggered cell FDCE clocked by clk  {rise@0.000ns fall@1.577ns period=3.155ns})
  Path Group:             clk
  Path Type:              Setup (Max at Slow Process Corner)
  Requirement:            3.155ns  (clk rise@3.155ns - clk rise@0.000ns)
  Data Path Delay:        3.037ns  (logic 0.917ns (30.194%)  route 2.120ns (69.806%))
  Logic Levels:           8  (CARRY8=3 LUT3=3 LUT5=1 LUT6=1)
  Clock Path Skew:        -0.009ns (DCD - SCD + CPR)
    Destination Clock Delay (DCD):    0.020ns = ( 3.175 - 3.155 ) 
    Source Clock Delay      (SCD):    0.029ns
    Clock Pessimism Removal (CPR):    0.000ns
  Clock Uncertainty:      0.035ns  ((TSJ^2 + TIJ^2)^1/2 + DJ) / 2 + PE
    Total System Jitter     (TSJ):    0.071ns
    Total Input Jitter      (TIJ):    0.000ns
    Discrete Jitter          (DJ):    0.000ns
    Phase Error              (PE):    0.000ns

    Location             Delay type                Incr(ns)  Path(ns)    Netlist Resource(s)
  -------------------------------------------------------------------    -------------------
                         (clock clk rise edge)        0.000     0.000 r  
                                                      0.000     0.000 r  clk (IN)
                         net (fo=29474, unset)        0.029     0.029    CORES[9].core_inst/clk
    SLICE_X72Y208        FDCE                                         r  CORES[9].core_inst/r_input_feat_reg[16][6]/C
  -------------------------------------------------------------------    -------------------
    SLICE_X72Y208        FDCE (Prop_HFF_SLICEL_C_Q)
                                                      0.079     0.108 f  CORES[9].core_inst/r_input_feat_reg[16][6]/Q
                         net (fo=17, routed)          0.372     0.480    CORES[9].core_inst/trf/matrix_c0/r_transform_feature_reg_reg[17][15][6]
    SLICE_X78Y207        LUT3 (Prop_A6LUT_SLICEM_I1_O)
                                                      0.150     0.630 r  CORES[9].core_inst/trf/matrix_c0/soma[18]__0_carry_i_1__8/O
                         net (fo=1, routed)           0.276     0.906    CORES[9].core_inst/trf/matrix_c0/soma[18]__0_carry_i_1__8_n_0
    SLICE_X76Y208        CARRY8 (Prop_CARRY8_SLICEL_DI[7]_CO[7])
                                                      0.051     0.957 r  CORES[9].core_inst/trf/matrix_c0/soma[18]__0_carry/CO[7]
                         net (fo=1, routed)           0.026     0.983    CORES[9].core_inst/trf/matrix_c0/soma[18]__0_carry_n_0
    SLICE_X76Y209        CARRY8 (Prop_CARRY8_SLICEL_CI_O[2])
                                                      0.067     1.050 f  CORES[9].core_inst/trf/matrix_c0/soma[18]__0_carry__0/O[2]
                         net (fo=13, routed)          0.438     1.488    CORES[9].core_inst/trf/matrix_c0/w_conv_transform[30]_7[10]
    SLICE_X74Y217        LUT3 (Prop_G6LUT_SLICEM_I0_O)
                                                      0.123     1.611 r  CORES[9].core_inst/trf/matrix_c0/soma[6]__0_carry__0_i_4__17/O
                         net (fo=1, routed)           0.302     1.913    CORES[9].core_inst/trf/matrix_c1/r_transform_feature_reg_reg[6][15][3]
    SLICE_X73Y216        CARRY8 (Prop_CARRY8_SLICEM_DI[3]_O[7])
                                                      0.185     2.098 r  CORES[9].core_inst/trf/matrix_c1/soma[6]__0_carry__0/O[7]
                         net (fo=7, routed)           0.412     2.510    CORES[9].core_inst/trf/matrix_c0/r_transform_feature_reg_reg[6][15]_0[7]
    SLICE_X75Y226        LUT6 (Prop_C6LUT_SLICEL_I5_O)
                                                      0.096     2.606 r  CORES[9].core_inst/trf/matrix_c0/r_transform_feature_reg[8][15]_i_3__8/O
                         net (fo=2, routed)           0.089     2.695    CORES[9].core_inst/trf/matrix_c0/r_transform_feature_reg[8][15]_i_3__8_n_0
    SLICE_X75Y227        LUT3 (Prop_B5LUT_SLICEL_I2_O)
                                                      0.116     2.811 r  CORES[9].core_inst/trf/matrix_c0/r_transform_feature_reg[16][15]_i_3__8/O
                         net (fo=1, routed)           0.157     2.968    CORES[9].core_inst/trf/matrix_c0/r_transform_feature_reg[16][15]_i_3__8_n_0
    SLICE_X75Y227        LUT5 (Prop_G6LUT_SLICEL_I2_O)
                                                      0.050     3.018 r  CORES[9].core_inst/trf/matrix_c0/r_transform_feature_reg[16][15]_i_1__8/O
                         net (fo=1, routed)           0.048     3.066    CORES[9].core_inst/trf_n_16
    SLICE_X75Y227        FDCE                                         r  CORES[9].core_inst/r_transform_feature_reg_reg[16][15]/D
  -------------------------------------------------------------------    -------------------

                         (clock clk rise edge)        3.155     3.155 r  
                                                      0.000     3.155 r  clk (IN)
                         net (fo=29474, unset)        0.020     3.175    CORES[9].core_inst/clk
    SLICE_X75Y227        FDCE                                         r  CORES[9].core_inst/r_transform_feature_reg_reg[16][15]/C
                         clock pessimism              0.000     3.175    
                         clock uncertainty           -0.035     3.140    
    SLICE_X75Y227        FDCE (Setup_GFF_SLICEL_C_D)
                                                      0.025     3.165    CORES[9].core_inst/r_transform_feature_reg_reg[16][15]
  -------------------------------------------------------------------
                         required time                          3.165    
                         arrival time                          -3.066    
  -------------------------------------------------------------------
                         slack                                  0.099    

Slack (MET) :             0.099ns  (required time - arrival time)
  Source:                 CORES[1].core_inst/r_input_feat_reg[3][4]/C
                            (rising edge-triggered cell FDCE clocked by clk  {rise@0.000ns fall@1.577ns period=3.155ns})
  Destination:            CORES[1].core_inst/r_transform_feature_reg_reg[1][14]/D
                            (rising edge-triggered cell FDCE clocked by clk  {rise@0.000ns fall@1.577ns period=3.155ns})
  Path Group:             clk
  Path Type:              Setup (Max at Slow Process Corner)
  Requirement:            3.155ns  (clk rise@3.155ns - clk rise@0.000ns)
  Data Path Delay:        3.037ns  (logic 0.857ns (28.220%)  route 2.180ns (71.780%))
  Logic Levels:           9  (CARRY8=3 LUT3=4 LUT6=2)
  Clock Path Skew:        -0.009ns (DCD - SCD + CPR)
    Destination Clock Delay (DCD):    0.020ns = ( 3.175 - 3.155 ) 
    Source Clock Delay      (SCD):    0.029ns
    Clock Pessimism Removal (CPR):    0.000ns
  Clock Uncertainty:      0.035ns  ((TSJ^2 + TIJ^2)^1/2 + DJ) / 2 + PE
    Total System Jitter     (TSJ):    0.071ns
    Total Input Jitter      (TIJ):    0.000ns
    Discrete Jitter          (DJ):    0.000ns
    Phase Error              (PE):    0.000ns

    Location             Delay type                Incr(ns)  Path(ns)    Netlist Resource(s)
  -------------------------------------------------------------------    -------------------
                         (clock clk rise edge)        0.000     0.000 r  
                                                      0.000     0.000 r  clk (IN)
                         net (fo=29474, unset)        0.029     0.029    CORES[1].core_inst/clk
    SLICE_X72Y340        FDCE                                         r  CORES[1].core_inst/r_input_feat_reg[3][4]/C
  -------------------------------------------------------------------    -------------------
    SLICE_X72Y340        FDCE (Prop_HFF_SLICEL_C_Q)
                                                      0.079     0.108 f  CORES[1].core_inst/r_input_feat_reg[3][4]/Q
                         net (fo=9, routed)           0.352     0.460    CORES[1].core_inst/trf/matrix_c0/soma[2]__0_carry_3[4]
    SLICE_X73Y348        LUT3 (Prop_G5LUT_SLICEM_I0_O)
                                                      0.163     0.623 r  CORES[1].core_inst/trf/matrix_c0/soma[1]__0_carry_i_3__2/O
                         net (fo=1, routed)           0.256     0.879    CORES[1].core_inst/trf/matrix_c0/soma[1]__0_carry_i_3__2_n_0
    SLICE_X75Y349        CARRY8 (Prop_CARRY8_SLICEL_DI[5]_CO[7])
                                                      0.083     0.962 r  CORES[1].core_inst/trf/matrix_c0/soma[1]__0_carry/CO[7]
                         net (fo=1, routed)           0.026     0.988    CORES[1].core_inst/trf/matrix_c0/soma[1]__0_carry_n_0
    SLICE_X75Y350        CARRY8 (Prop_CARRY8_SLICEL_CI_O[3])
                                                      0.082     1.070 r  CORES[1].core_inst/trf/matrix_c0/soma[1]__0_carry__0/O[3]
                         net (fo=3, routed)           0.377     1.448    CORES[1].core_inst/trf/matrix_c0/partial[1]_15[11]
    SLICE_X78Y343        LUT3 (Prop_A6LUT_SLICEM_I2_O)
                                                      0.125     1.573 r  CORES[1].core_inst/trf/matrix_c0/soma[1]__0_carry__0_i_3__1/O
                         net (fo=1, routed)           0.431     2.004    CORES[1].core_inst/trf/matrix_c1/r_transform_feature_reg_reg[1][15][4]
    SLICE_X80Y345        CARRY8 (Prop_CARRY8_SLICEL_DI[4]_O[6])
                                                      0.112     2.116 r  CORES[1].core_inst/trf/matrix_c1/soma[1]__0_carry__0/O[6]
                         net (fo=6, routed)           0.299     2.415    CORES[1].core_inst/trf/matrix_c0/r_transform_feature_reg_reg[1][15][6]
    SLICE_X83Y348        LUT6 (Prop_H6LUT_SLICEM_I0_O)
                                                      0.090     2.505 r  CORES[1].core_inst/trf/matrix_c0/r_transform_feature_reg[17][14]_i_6__0/O
                         net (fo=3, routed)           0.165     2.670    CORES[1].core_inst/trf/matrix_c1/r_transform_feature_reg[1][14]_i_2__0
    SLICE_X84Y350        LUT3 (Prop_G6LUT_SLICEM_I2_O)
                                                      0.037     2.707 r  CORES[1].core_inst/trf/matrix_c1/r_transform_feature_reg[1][14]_i_4__0/O
                         net (fo=1, routed)           0.085     2.792    CORES[1].core_inst/trf/matrix_c0/r_transform_feature_reg_reg[1][14]
    SLICE_X85Y350        LUT6 (Prop_C6LUT_SLICEL_I1_O)
                                                      0.050     2.842 r  CORES[1].core_inst/trf/matrix_c0/r_transform_feature_reg[1][14]_i_2__0/O
                         net (fo=1, routed)           0.137     2.979    CORES[1].core_inst/trf/matrix_c0/r_transform_feature_reg[1][14]_i_2__0_n_0
    SLICE_X85Y350        LUT3 (Prop_H6LUT_SLICEL_I0_O)
                                                      0.036     3.015 r  CORES[1].core_inst/trf/matrix_c0/r_transform_feature_reg[1][14]_i_1__0/O
                         net (fo=1, routed)           0.051     3.066    CORES[1].core_inst/trf_n_241
    SLICE_X85Y350        FDCE                                         r  CORES[1].core_inst/r_transform_feature_reg_reg[1][14]/D
  -------------------------------------------------------------------    -------------------

                         (clock clk rise edge)        3.155     3.155 r  
                                                      0.000     3.155 r  clk (IN)
                         net (fo=29474, unset)        0.020     3.175    CORES[1].core_inst/clk
    SLICE_X85Y350        FDCE                                         r  CORES[1].core_inst/r_transform_feature_reg_reg[1][14]/C
                         clock pessimism              0.000     3.175    
                         clock uncertainty           -0.035     3.140    
    SLICE_X85Y350        FDCE (Setup_HFF_SLICEL_C_D)
                                                      0.025     3.165    CORES[1].core_inst/r_transform_feature_reg_reg[1][14]
  -------------------------------------------------------------------
                         required time                          3.165    
                         arrival time                          -3.066    
  -------------------------------------------------------------------
                         slack                                  0.099    

Slack (MET) :             0.099ns  (required time - arrival time)
  Source:                 r_output_write_reg[0][15]_i_75__2/C
                            (rising edge-triggered cell FDCE clocked by clk  {rise@0.000ns fall@1.577ns period=3.155ns})
  Destination:            CORES[7].core_inst/r_output_write_reg[6][14]/D
                            (rising edge-triggered cell FDCE clocked by clk  {rise@0.000ns fall@1.577ns period=3.155ns})
  Path Group:             clk
  Path Type:              Setup (Max at Slow Process Corner)
  Requirement:            3.155ns  (clk rise@3.155ns - clk rise@0.000ns)
  Data Path Delay:        3.036ns  (logic 0.915ns (30.142%)  route 2.121ns (69.858%))
  Logic Levels:           9  (CARRY8=3 LUT2=1 LUT4=1 LUT5=1 LUT6=3)
  Clock Path Skew:        -0.010ns (DCD - SCD + CPR)
    Destination Clock Delay (DCD):    0.020ns = ( 3.175 - 3.155 ) 
    Source Clock Delay      (SCD):    0.030ns
    Clock Pessimism Removal (CPR):    0.000ns
  Clock Uncertainty:      0.035ns  ((TSJ^2 + TIJ^2)^1/2 + DJ) / 2 + PE
    Total System Jitter     (TSJ):    0.071ns
    Total Input Jitter      (TIJ):    0.000ns
    Discrete Jitter          (DJ):    0.000ns
    Phase Error              (PE):    0.000ns

    Location             Delay type                Incr(ns)  Path(ns)    Netlist Resource(s)
  -------------------------------------------------------------------    -------------------
                         (clock clk rise edge)        0.000     0.000 r  
                                                      0.000     0.000 r  clk (IN)
                         net (fo=29474, unset)        0.030     0.030    clk
    SLICE_X67Y185        FDCE                                         r  r_output_write_reg[0][15]_i_75__2/C
  -------------------------------------------------------------------    -------------------
    SLICE_X67Y185        FDCE (Prop_EFF_SLICEM_C_Q)
                                                      0.076     0.106 r  r_output_write_reg[0][15]_i_75__2/Q
                         net (fo=93, routed)          0.703     0.809    CORES[7].core_inst/MAC_LANES[9].multip/r_output_write_reg[0][7]_i_30__6_0
    SLICE_X65Y186        LUT4 (Prop_G6LUT_SLICEL_I0_O)
                                                      0.149     0.958 r  CORES[7].core_inst/MAC_LANES[9].multip/r_output_write[0][7]_i_35__6/O
                         net (fo=2, routed)           0.176     1.134    CORES[7].core_inst/MAC_LANES[9].multip/r_output_write[0][7]_i_35__6_n_0
    SLICE_X64Y186        LUT5 (Prop_F6LUT_SLICEM_I2_O)
                                                      0.051     1.185 r  CORES[7].core_inst/MAC_LANES[9].multip/r_output_write[0][7]_i_42__6/O
                         net (fo=1, routed)           0.022     1.207    CORES[7].core_inst/MAC_LANES[9].multip/r_output_write[0][7]_i_42__6_n_0
    SLICE_X64Y186        CARRY8 (Prop_CARRY8_SLICEM_S[5]_CO[7])
                                                      0.159     1.366 r  CORES[7].core_inst/MAC_LANES[9].multip/r_output_write_reg[0][7]_i_30__6/CO[7]
                         net (fo=1, routed)           0.026     1.392    CORES[7].core_inst/MAC_LANES[9].multip/r_output_write_reg[0][7]_i_30__6_n_0
    SLICE_X64Y187        CARRY8 (Prop_CARRY8_SLICEM_CI_O[3])
                                                      0.082     1.474 r  CORES[7].core_inst/MAC_LANES[9].multip/r_output_write_reg[0][15]_i_57__6/O[3]
                         net (fo=6, routed)           0.375     1.849    CORES[7].core_inst/MAC_LANES[3].multip/w_inverse_partial_current[3]_70[10]
    SLICE_X65Y194        LUT6 (Prop_A6LUT_SLICEL_I5_O)
                                                      0.098     1.947 r  CORES[7].core_inst/MAC_LANES[3].multip/r_output_write[6][15]_i_21__6/O
                         net (fo=2, routed)           0.314     2.261    CORES[7].core_inst/MAC_LANES[15].multip/r_output_write_reg[6][15]_i_2__6_12
    SLICE_X61Y194        LUT6 (Prop_C6LUT_SLICEM_I5_O)
                                                      0.088     2.349 r  CORES[7].core_inst/MAC_LANES[15].multip/r_output_write[6][15]_i_4__6/O
                         net (fo=2, routed)           0.325     2.674    CORES[7].core_inst/MAC_LANES[15].multip/r_output_write[6][15]_i_4__6_n_0
    SLICE_X62Y196        LUT6 (Prop_F6LUT_SLICEL_I0_O)
                                                      0.035     2.709 r  CORES[7].core_inst/MAC_LANES[15].multip/r_output_write[6][15]_i_12__6/O
                         net (fo=1, routed)           0.011     2.720    CORES[7].core_inst/MAC_LANES[15].multip/r_output_write[6][15]_i_12__6_n_0
    SLICE_X62Y196        CARRY8 (Prop_CARRY8_SLICEL_S[5]_O[6])
                                                      0.127     2.847 r  CORES[7].core_inst/MAC_LANES[15].multip/r_output_write_reg[6][15]_i_2__6/O[6]
                         net (fo=1, routed)           0.119     2.966    CORES[7].core_inst/MAC_LANES[15].multip/w_output_acc_next[6]_76[14]
    SLICE_X62Y197        LUT2 (Prop_C6LUT_SLICEL_I1_O)
                                                      0.050     3.016 r  CORES[7].core_inst/MAC_LANES[15].multip/r_output_write[6][14]_i_1__6/O
                         net (fo=1, routed)           0.050     3.066    CORES[7].core_inst/MAC_LANES[15].multip_n_50
    SLICE_X62Y197        FDCE                                         r  CORES[7].core_inst/r_output_write_reg[6][14]/D
  -------------------------------------------------------------------    -------------------

                         (clock clk rise edge)        3.155     3.155 r  
                                                      0.000     3.155 r  clk (IN)
                         net (fo=29474, unset)        0.020     3.175    CORES[7].core_inst/clk
    SLICE_X62Y197        FDCE                                         r  CORES[7].core_inst/r_output_write_reg[6][14]/C
                         clock pessimism              0.000     3.175    
                         clock uncertainty           -0.035     3.140    
    SLICE_X62Y197        FDCE (Setup_CFF_SLICEL_C_D)
                                                      0.025     3.165    CORES[7].core_inst/r_output_write_reg[6][14]
  -------------------------------------------------------------------
                         required time                          3.165    
                         arrival time                          -3.066    
  -------------------------------------------------------------------
                         slack                                  0.099    

Slack (MET) :             0.100ns  (required time - arrival time)
  Source:                 CORES[6].core_inst/r_input_feat_reg[17][2]/C
                            (rising edge-triggered cell FDCE clocked by clk  {rise@0.000ns fall@1.577ns period=3.155ns})
  Destination:            CORES[6].core_inst/r_transform_feature_reg_reg[1][14]/D
                            (rising edge-triggered cell FDCE clocked by clk  {rise@0.000ns fall@1.577ns period=3.155ns})
  Path Group:             clk
  Path Type:              Setup (Max at Slow Process Corner)
  Requirement:            3.155ns  (clk rise@3.155ns - clk rise@0.000ns)
  Data Path Delay:        3.036ns  (logic 0.870ns (28.652%)  route 2.166ns (71.348%))
  Logic Levels:           8  (CARRY8=2 LUT3=4 LUT6=2)
  Clock Path Skew:        -0.008ns (DCD - SCD + CPR)
    Destination Clock Delay (DCD):    0.020ns = ( 3.175 - 3.155 ) 
    Source Clock Delay      (SCD):    0.028ns
    Clock Pessimism Removal (CPR):    0.000ns
  Clock Uncertainty:      0.035ns  ((TSJ^2 + TIJ^2)^1/2 + DJ) / 2 + PE
    Total System Jitter     (TSJ):    0.071ns
    Total Input Jitter      (TIJ):    0.000ns
    Discrete Jitter          (DJ):    0.000ns
    Phase Error              (PE):    0.000ns

    Location             Delay type                Incr(ns)  Path(ns)    Netlist Resource(s)
  -------------------------------------------------------------------    -------------------
                         (clock clk rise edge)        0.000     0.000 r  
                                                      0.000     0.000 r  clk (IN)
                         net (fo=29474, unset)        0.028     0.028    CORES[6].core_inst/clk
    SLICE_X10Y312        FDCE                                         r  CORES[6].core_inst/r_input_feat_reg[17][2]/C
  -------------------------------------------------------------------    -------------------
    SLICE_X10Y312        FDCE (Prop_DFF_SLICEL_C_Q)
                                                      0.079     0.107 r  CORES[6].core_inst/r_input_feat_reg[17][2]/Q
                         net (fo=20, routed)          0.354     0.461    CORES[6].core_inst/trf/matrix_c0/r_transform_feature_reg_reg[0][15][2]
    SLICE_X17Y313        LUT3 (Prop_H6LUT_SLICEM_I2_O)
                                                      0.101     0.562 r  CORES[6].core_inst/trf/matrix_c0/soma[19]__0_carry_i_5__5/O
                         net (fo=1, routed)           0.358     0.920    CORES[6].core_inst/trf/matrix_c0/soma[19]__0_carry_i_5__5_n_0
    SLICE_X18Y313        CARRY8 (Prop_CARRY8_SLICEL_DI[3]_O[7])
                                                      0.180     1.100 f  CORES[6].core_inst/trf/matrix_c0/soma[19]__0_carry/O[7]
                         net (fo=10, routed)          0.418     1.519    CORES[6].core_inst/trf/matrix_c0/w_conv_transform[31]_6[7]
    SLICE_X27Y312        LUT3 (Prop_B6LUT_SLICEL_I0_O)
                                                      0.051     1.570 r  CORES[6].core_inst/trf/matrix_c0/soma[13]__0_carry__0_i_7__11/O
                         net (fo=1, routed)           0.237     1.807    CORES[6].core_inst/trf/matrix_c1/r_transform_feature_reg_reg[13][15][0]
    SLICE_X28Y312        CARRY8 (Prop_CARRY8_SLICEL_DI[0]_O[6])
                                                      0.194     2.001 r  CORES[6].core_inst/trf/matrix_c1/soma[13]__0_carry__0/O[6]
                         net (fo=5, routed)           0.342     2.342    CORES[6].core_inst/trf/matrix_c1/soma[13]__0_carry__0_i_15__11[6]
    SLICE_X26Y321        LUT6 (Prop_A6LUT_SLICEL_I3_O)
                                                      0.050     2.392 r  CORES[6].core_inst/trf/matrix_c1/r_transform_feature_reg[17][14]_i_5__5/O
                         net (fo=3, routed)           0.172     2.564    CORES[6].core_inst/trf/matrix_c1/r_transform_product_idx_reg[1]_rep__1_1
    SLICE_X22Y322        LUT3 (Prop_B6LUT_SLICEL_I0_O)
                                                      0.090     2.654 r  CORES[6].core_inst/trf/matrix_c1/r_transform_feature_reg[1][14]_i_4__5/O
                         net (fo=1, routed)           0.089     2.743    CORES[6].core_inst/trf/matrix_c0/r_transform_feature_reg_reg[1][14]
    SLICE_X22Y322        LUT6 (Prop_C6LUT_SLICEL_I1_O)
                                                      0.035     2.778 r  CORES[6].core_inst/trf/matrix_c0/r_transform_feature_reg[1][14]_i_2__5/O
                         net (fo=1, routed)           0.145     2.923    CORES[6].core_inst/trf/matrix_c0/r_transform_feature_reg[1][14]_i_2__5_n_0
    SLICE_X22Y322        LUT3 (Prop_H6LUT_SLICEL_I0_O)
                                                      0.090     3.013 r  CORES[6].core_inst/trf/matrix_c0/r_transform_feature_reg[1][14]_i_1__5/O
                         net (fo=1, routed)           0.051     3.064    CORES[6].core_inst/trf_n_241
    SLICE_X22Y322        FDCE                                         r  CORES[6].core_inst/r_transform_feature_reg_reg[1][14]/D
  -------------------------------------------------------------------    -------------------

                         (clock clk rise edge)        3.155     3.155 r  
                                                      0.000     3.155 r  clk (IN)
                         net (fo=29474, unset)        0.020     3.175    CORES[6].core_inst/clk
    SLICE_X22Y322        FDCE                                         r  CORES[6].core_inst/r_transform_feature_reg_reg[1][14]/C
                         clock pessimism              0.000     3.175    
                         clock uncertainty           -0.035     3.140    
    SLICE_X22Y322        FDCE (Setup_HFF_SLICEL_C_D)
                                                      0.025     3.165    CORES[6].core_inst/r_transform_feature_reg_reg[1][14]
  -------------------------------------------------------------------
                         required time                          3.165    
                         arrival time                          -3.064    
  -------------------------------------------------------------------
                         slack                                  0.100    

Slack (MET) :             0.100ns  (required time - arrival time)
  Source:                 CORES[8].core_inst/r_input_feat_reg[12][3]/C
                            (rising edge-triggered cell FDCE clocked by clk  {rise@0.000ns fall@1.577ns period=3.155ns})
  Destination:            CORES[8].core_inst/r_transform_feature_reg_reg[14][10]/D
                            (rising edge-triggered cell FDCE clocked by clk  {rise@0.000ns fall@1.577ns period=3.155ns})
  Path Group:             clk
  Path Type:              Setup (Max at Slow Process Corner)
  Requirement:            3.155ns  (clk rise@3.155ns - clk rise@0.000ns)
  Data Path Delay:        3.035ns  (logic 0.984ns (32.419%)  route 2.051ns (67.581%))
  Logic Levels:           8  (CARRY8=2 LUT3=1 LUT4=1 LUT5=2 LUT6=2)
  Clock Path Skew:        -0.009ns (DCD - SCD + CPR)
    Destination Clock Delay (DCD):    0.020ns = ( 3.175 - 3.155 ) 
    Source Clock Delay      (SCD):    0.029ns
    Clock Pessimism Removal (CPR):    0.000ns
  Clock Uncertainty:      0.035ns  ((TSJ^2 + TIJ^2)^1/2 + DJ) / 2 + PE
    Total System Jitter     (TSJ):    0.071ns
    Total Input Jitter      (TIJ):    0.000ns
    Discrete Jitter          (DJ):    0.000ns
    Phase Error              (PE):    0.000ns

    Location             Delay type                Incr(ns)  Path(ns)    Netlist Resource(s)
  -------------------------------------------------------------------    -------------------
                         (clock clk rise edge)        0.000     0.000 r  
                                                      0.000     0.000 r  clk (IN)
                         net (fo=29474, unset)        0.029     0.029    CORES[8].core_inst/clk
    SLICE_X66Y10         FDCE                                         r  CORES[8].core_inst/r_input_feat_reg[12][3]/C
  -------------------------------------------------------------------    -------------------
    SLICE_X66Y10         FDCE (Prop_HFF_SLICEL_C_Q)
                                                      0.079     0.108 f  CORES[8].core_inst/r_input_feat_reg[12][3]/Q
                         net (fo=22, routed)          1.020     1.128    CORES[8].core_inst/trf/matrix_c1/soma[16]__0_carry_0[3]
    SLICE_X61Y21         LUT3 (Prop_D5LUT_SLICEM_I1_O)
                                                      0.135     1.263 r  CORES[8].core_inst/trf/matrix_c1/soma[16]__0_carry_i_4__7/O
                         net (fo=2, routed)           0.207     1.469    CORES[8].core_inst/trf/matrix_c1/soma[16]__0_carry_i_4__7_n_0
    SLICE_X61Y21         LUT4 (Prop_E6LUT_SLICEM_I3_O)
                                                      0.124     1.593 r  CORES[8].core_inst/trf/matrix_c1/soma[16]__0_carry_i_11__7/O
                         net (fo=1, routed)           0.014     1.607    CORES[8].core_inst/trf/matrix_c1/soma[16]__0_carry_i_11__7_n_0
    SLICE_X61Y21         CARRY8 (Prop_CARRY8_SLICEM_S[4]_CO[7])
                                                      0.156     1.763 r  CORES[8].core_inst/trf/matrix_c1/soma[16]__0_carry/CO[7]
                         net (fo=1, routed)           0.026     1.789    CORES[8].core_inst/trf/matrix_c1/soma[16]__0_carry_n_0
    SLICE_X61Y22         CARRY8 (Prop_CARRY8_SLICEM_CI_O[2])
                                                      0.067     1.856 r  CORES[8].core_inst/trf/matrix_c1/soma[16]__0_carry__0/O[2]
                         net (fo=6, routed)           0.433     2.289    CORES[8].core_inst/trf/matrix_c0/w_conv_transform[16]_1[10]
    SLICE_X57Y28         LUT6 (Prop_H6LUT_SLICEM_I1_O)
                                                      0.152     2.441 r  CORES[8].core_inst/trf/matrix_c0/r_transform_feature_reg[6][10]_i_4__7/O
                         net (fo=2, routed)           0.161     2.602    CORES[8].core_inst/trf/matrix_c0/r_transform_feature_reg[6][10]_i_4__7_n_0
    SLICE_X55Y28         LUT5 (Prop_E6LUT_SLICEL_I2_O)
                                                      0.099     2.701 r  CORES[8].core_inst/trf/matrix_c0/r_transform_feature_reg[14][10]_i_4__7/O
                         net (fo=1, routed)           0.042     2.743    CORES[8].core_inst/trf/matrix_c0/r_transform_feature_reg[14][10]_i_4__7_n_0
    SLICE_X55Y28         LUT6 (Prop_A6LUT_SLICEL_I5_O)
                                                      0.050     2.793 r  CORES[8].core_inst/trf/matrix_c0/r_transform_feature_reg[14][10]_i_2__7/O
                         net (fo=1, routed)           0.100     2.893    CORES[8].core_inst/trf/matrix_c0/r_transform_feature_reg[14][10]_i_2__7_n_0
    SLICE_X55Y29         LUT5 (Prop_D6LUT_SLICEL_I0_O)
                                                      0.122     3.015 r  CORES[8].core_inst/trf/matrix_c0/r_transform_feature_reg[14][10]_i_1__7/O
                         net (fo=1, routed)           0.049     3.064    CORES[8].core_inst/trf_n_53
    SLICE_X55Y29         FDCE                                         r  CORES[8].core_inst/r_transform_feature_reg_reg[14][10]/D
  -------------------------------------------------------------------    -------------------

                         (clock clk rise edge)        3.155     3.155 r  
                                                      0.000     3.155 r  clk (IN)
                         net (fo=29474, unset)        0.020     3.175    CORES[8].core_inst/clk
    SLICE_X55Y29         FDCE                                         r  CORES[8].core_inst/r_transform_feature_reg_reg[14][10]/C
                         clock pessimism              0.000     3.175    
                         clock uncertainty           -0.035     3.140    
    SLICE_X55Y29         FDCE (Setup_DFF_SLICEL_C_D)
                                                      0.025     3.165    CORES[8].core_inst/r_transform_feature_reg_reg[14][10]
  -------------------------------------------------------------------
                         required time                          3.165    
                         arrival time                          -3.064    
  -------------------------------------------------------------------
                         slack                                  0.100    

Slack (MET) :             0.101ns  (required time - arrival time)
  Source:                 CORES[7].core_inst/MAC_LANES[5].multip/partial_product/DSP_OUTPUT_INST/CLK
                            (rising edge-triggered cell DSP_OUTPUT clocked by clk  {rise@0.000ns fall@1.577ns period=3.155ns})
  Destination:            CORES[7].core_inst/r_output_write_reg[2][10]/D
                            (rising edge-triggered cell FDCE clocked by clk  {rise@0.000ns fall@1.577ns period=3.155ns})
  Path Group:             clk
  Path Type:              Setup (Max at Slow Process Corner)
  Requirement:            3.155ns  (clk rise@3.155ns - clk rise@0.000ns)
  Data Path Delay:        3.004ns  (logic 0.909ns (30.255%)  route 2.095ns (69.745%))
  Logic Levels:           9  (CARRY8=3 LUT2=1 LUT4=1 LUT5=1 LUT6=3)
  Clock Path Skew:        -0.039ns (DCD - SCD + CPR)
    Destination Clock Delay (DCD):    0.021ns = ( 3.176 - 3.155 ) 
    Source Clock Delay      (SCD):    0.060ns
    Clock Pessimism Removal (CPR):    0.000ns
  Clock Uncertainty:      0.035ns  ((TSJ^2 + TIJ^2)^1/2 + DJ) / 2 + PE
    Total System Jitter     (TSJ):    0.071ns
    Total Input Jitter      (TIJ):    0.000ns
    Discrete Jitter          (DJ):    0.000ns
    Phase Error              (PE):    0.000ns

    Location             Delay type                Incr(ns)  Path(ns)    Netlist Resource(s)
  -------------------------------------------------------------------    -------------------
                         (clock clk rise edge)        0.000     0.000 r  
                                                      0.000     0.000 r  clk (IN)
                         net (fo=29474, unset)        0.060     0.060    CORES[7].core_inst/MAC_LANES[5].multip/partial_product/CLK
    DSP48E2_X7Y74        DSP_OUTPUT                                   r  CORES[7].core_inst/MAC_LANES[5].multip/partial_product/DSP_OUTPUT_INST/CLK
  -------------------------------------------------------------------    -------------------
    DSP48E2_X7Y74        DSP_OUTPUT (Prop_DSP_OUTPUT_DSP48E2_CLK_P[8])
                                                      0.198     0.258 r  CORES[7].core_inst/MAC_LANES[5].multip/partial_product/DSP_OUTPUT_INST/P[8]
                         net (fo=4, routed)           0.774     1.032    CORES[7].core_inst/MAC_LANES[4].multip/r_output_write_reg[2][15]_i_56__6_1[0]
    SLICE_X63Y184        LUT4 (Prop_D6LUT_SLICEM_I2_O)
                                                      0.037     1.069 r  CORES[7].core_inst/MAC_LANES[4].multip/r_output_write[2][7]_i_54__6/O
                         net (fo=2, routed)           0.138     1.207    CORES[7].core_inst/MAC_LANES[4].multip/r_output_write[2][7]_i_54__6_n_0
    SLICE_X63Y188        LUT5 (Prop_B6LUT_SLICEM_I2_O)
                                                      0.089     1.296 r  CORES[7].core_inst/MAC_LANES[4].multip/r_output_write[2][7]_i_61__6/O
                         net (fo=1, routed)           0.016     1.312    CORES[7].core_inst/MAC_LANES[4].multip/r_output_write[2][7]_i_61__6_n_0
    SLICE_X63Y188        CARRY8 (Prop_CARRY8_SLICEM_S[1]_O[2])
                                                      0.117     1.429 r  CORES[7].core_inst/MAC_LANES[4].multip/r_output_write_reg[2][7]_i_31__6/O[2]
                         net (fo=6, routed)           0.454     1.883    CORES[7].core_inst/MAC_LANES[10].multip/w_inverse_partial_current[2]_65[2]
    SLICE_X56Y188        LUT6 (Prop_H6LUT_SLICEM_I2_O)
                                                      0.053     1.936 r  CORES[7].core_inst/MAC_LANES[10].multip/r_output_write[2][7]_i_27__6/O
                         net (fo=2, routed)           0.241     2.177    CORES[7].core_inst/MAC_LANES[4].multip/r_output_write_reg[2][7]_i_2__6_1
    SLICE_X58Y190        LUT6 (Prop_D6LUT_SLICEL_I5_O)
                                                      0.036     2.213 r  CORES[7].core_inst/MAC_LANES[4].multip/r_output_write[2][7]_i_8__6/O
                         net (fo=2, routed)           0.187     2.400    CORES[7].core_inst/MAC_LANES[4].multip/r_hadamard_product_row_idx_reg_reg[0]_0[0]
    SLICE_X57Y191        LUT6 (Prop_C6LUT_SLICEM_I0_O)
                                                      0.098     2.498 r  CORES[7].core_inst/MAC_LANES[4].multip/r_output_write[2][7]_i_16__6/O
                         net (fo=1, routed)           0.021     2.519    CORES[7].core_inst/MAC_LANES[16].multip/r_output_write_reg[2][7]_0[2]
    SLICE_X57Y191        CARRY8 (Prop_CARRY8_SLICEM_S[2]_CO[7])
                                                      0.161     2.680 r  CORES[7].core_inst/MAC_LANES[16].multip/r_output_write_reg[2][7]_i_2__6/CO[7]
                         net (fo=1, routed)           0.026     2.706    CORES[7].core_inst/MAC_LANES[16].multip/r_output_write_reg[2][7]_i_2__6_n_0
    SLICE_X57Y192        CARRY8 (Prop_CARRY8_SLICEM_CI_O[2])
                                                      0.067     2.773 r  CORES[7].core_inst/MAC_LANES[16].multip/r_output_write_reg[2][15]_i_2__6/O[2]
                         net (fo=1, routed)           0.180     2.953    CORES[7].core_inst/MAC_LANES[16].multip/w_output_acc_next[2]_80[10]
    SLICE_X57Y193        LUT2 (Prop_H6LUT_SLICEM_I1_O)
                                                      0.053     3.006 r  CORES[7].core_inst/MAC_LANES[16].multip/r_output_write[2][10]_i_1__6/O
                         net (fo=1, routed)           0.058     3.064    CORES[7].core_inst/MAC_LANES[16].multip_n_28
    SLICE_X57Y193        FDCE                                         r  CORES[7].core_inst/r_output_write_reg[2][10]/D
  -------------------------------------------------------------------    -------------------

                         (clock clk rise edge)        3.155     3.155 r  
                                                      0.000     3.155 r  clk (IN)
                         net (fo=29474, unset)        0.021     3.176    CORES[7].core_inst/clk
    SLICE_X57Y193        FDCE                                         r  CORES[7].core_inst/r_output_write_reg[2][10]/C
                         clock pessimism              0.000     3.176    
                         clock uncertainty           -0.035     3.141    
    SLICE_X57Y193        FDCE (Setup_HFF_SLICEM_C_D)
                                                      0.025     3.166    CORES[7].core_inst/r_output_write_reg[2][10]
  -------------------------------------------------------------------
                         required time                          3.166    
                         arrival time                          -3.064    
  -------------------------------------------------------------------
                         slack                                  0.101    

Slack (MET) :             0.101ns  (required time - arrival time)
  Source:                 CORES[13].core_inst/r_input_feat_reg[21][2]/C
                            (rising edge-triggered cell FDCE clocked by clk  {rise@0.000ns fall@1.577ns period=3.155ns})
  Destination:            CORES[13].core_inst/r_transform_feature_reg_reg[9][9]/D
                            (rising edge-triggered cell FDCE clocked by clk  {rise@0.000ns fall@1.577ns period=3.155ns})
  Path Group:             clk
  Path Type:              Setup (Max at Slow Process Corner)
  Requirement:            3.155ns  (clk rise@3.155ns - clk rise@0.000ns)
  Data Path Delay:        3.034ns  (logic 0.908ns (29.923%)  route 2.126ns (70.077%))
  Logic Levels:           9  (CARRY8=3 LUT3=4 LUT6=2)
  Clock Path Skew:        -0.009ns (DCD - SCD + CPR)
    Destination Clock Delay (DCD):    0.021ns = ( 3.176 - 3.155 ) 
    Source Clock Delay      (SCD):    0.030ns
    Clock Pessimism Removal (CPR):    0.000ns
  Clock Uncertainty:      0.035ns  ((TSJ^2 + TIJ^2)^1/2 + DJ) / 2 + PE
    Total System Jitter     (TSJ):    0.071ns
    Total Input Jitter      (TIJ):    0.000ns
    Discrete Jitter          (DJ):    0.000ns
    Phase Error              (PE):    0.000ns

    Location             Delay type                Incr(ns)  Path(ns)    Netlist Resource(s)
  -------------------------------------------------------------------    -------------------
                         (clock clk rise edge)        0.000     0.000 r  
                                                      0.000     0.000 r  clk (IN)
                         net (fo=29474, unset)        0.030     0.030    CORES[13].core_inst/clk
    SLICE_X49Y250        FDCE                                         r  CORES[13].core_inst/r_input_feat_reg[21][2]/C
  -------------------------------------------------------------------    -------------------
    SLICE_X49Y250        FDCE (Prop_HFF2_SLICEM_C_Q)
                                                      0.078     0.108 f  CORES[13].core_inst/r_input_feat_reg[21][2]/Q
                         net (fo=8, routed)           0.157     0.265    CORES[13].core_inst/trf/matrix_c0/soma[25]__0_carry_2[2]
    SLICE_X49Y250        LUT3 (Prop_G6LUT_SLICEM_I1_O)
                                                      0.123     0.388 r  CORES[13].core_inst/trf/matrix_c0/soma[25]__0_carry_i_5__12/O
                         net (fo=1, routed)           0.410     0.798    CORES[13].core_inst/trf/matrix_c0/soma[25]__0_carry_i_5__12_n_0
    SLICE_X51Y250        CARRY8 (Prop_CARRY8_SLICEL_DI[3]_O[4])
                                                      0.141     0.939 r  CORES[13].core_inst/trf/matrix_c0/soma[25]__0_carry/O[4]
                         net (fo=3, routed)           0.371     1.310    CORES[13].core_inst/trf/matrix_c0/partial[25]_3[4]
    SLICE_X54Y249        LUT3 (Prop_G5LUT_SLICEM_I2_O)
                                                      0.137     1.447 r  CORES[13].core_inst/trf/matrix_c0/soma[13]__0_carry_i_3__25/O
                         net (fo=1, routed)           0.237     1.684    CORES[13].core_inst/trf/matrix_c1/r_transform_feature_reg_reg[13][7][4]
    SLICE_X53Y251        CARRY8 (Prop_CARRY8_SLICEM_DI[5]_CO[7])
                                                      0.088     1.772 r  CORES[13].core_inst/trf/matrix_c1/soma[13]__0_carry/CO[7]
                         net (fo=1, routed)           0.026     1.798    CORES[13].core_inst/trf/matrix_c1/soma[13]__0_carry_n_0
    SLICE_X53Y252        CARRY8 (Prop_CARRY8_SLICEM_CI_O[1])
                                                      0.076     1.874 r  CORES[13].core_inst/trf/matrix_c1/soma[13]__0_carry__0/O[1]
                         net (fo=5, routed)           0.489     2.364    CORES[13].core_inst/trf/matrix_c1/soma[13]__0_carry__0_i_15__25[1]
    SLICE_X63Y257        LUT6 (Prop_E6LUT_SLICEM_I3_O)
                                                      0.037     2.401 r  CORES[13].core_inst/trf/matrix_c1/r_transform_feature_reg[17][9]_i_5__12/O
                         net (fo=3, routed)           0.156     2.556    CORES[13].core_inst/trf/matrix_c1/r_transform_product_idx_reg[1]_rep__1_6
    SLICE_X63Y261        LUT3 (Prop_A5LUT_SLICEM_I2_O)
                                                      0.139     2.695 r  CORES[13].core_inst/trf/matrix_c1/r_transform_feature_reg[9][9]_i_3__12/O
                         net (fo=1, routed)           0.177     2.872    CORES[13].core_inst/trf/matrix_c0/r_transform_feature_reg_reg[9][9]
    SLICE_X63Y261        LUT6 (Prop_E6LUT_SLICEM_I0_O)
                                                      0.037     2.909 r  CORES[13].core_inst/trf/matrix_c0/r_transform_feature_reg[9][9]_i_2__12/O
                         net (fo=1, routed)           0.044     2.953    CORES[13].core_inst/trf/matrix_c0/r_transform_feature_reg[9][9]_i_2__12_n_0
    SLICE_X63Y261        LUT3 (Prop_B6LUT_SLICEM_I0_O)
                                                      0.052     3.005 r  CORES[13].core_inst/trf/matrix_c0/r_transform_feature_reg[9][9]_i_1__12/O
                         net (fo=1, routed)           0.059     3.064    CORES[13].core_inst/trf_n_262
    SLICE_X63Y261        FDCE                                         r  CORES[13].core_inst/r_transform_feature_reg_reg[9][9]/D
  -------------------------------------------------------------------    -------------------

                         (clock clk rise edge)        3.155     3.155 r  
                                                      0.000     3.155 r  clk (IN)
                         net (fo=29474, unset)        0.021     3.176    CORES[13].core_inst/clk
    SLICE_X63Y261        FDCE                                         r  CORES[13].core_inst/r_transform_feature_reg_reg[9][9]/C
                         clock pessimism              0.000     3.176    
                         clock uncertainty           -0.035     3.141    
    SLICE_X63Y261        FDCE (Setup_BFF_SLICEM_C_D)
                                                      0.025     3.166    CORES[13].core_inst/r_transform_feature_reg_reg[9][9]
  -------------------------------------------------------------------
                         required time                          3.166    
                         arrival time                          -3.064    
  -------------------------------------------------------------------
                         slack                                  0.101    

Slack (MET) :             0.101ns  (required time - arrival time)
  Source:                 CORES[9].core_inst/MAC_LANES[3].multip/partial_product/DSP_OUTPUT_INST/CLK
                            (rising edge-triggered cell DSP_OUTPUT clocked by clk  {rise@0.000ns fall@1.577ns period=3.155ns})
  Destination:            CORES[9].core_inst/r_output_write_reg[4][15]/D
                            (rising edge-triggered cell FDCE clocked by clk  {rise@0.000ns fall@1.577ns period=3.155ns})
  Path Group:             clk
  Path Type:              Setup (Max at Slow Process Corner)
  Requirement:            3.155ns  (clk rise@3.155ns - clk rise@0.000ns)
  Data Path Delay:        3.004ns  (logic 1.250ns (41.606%)  route 1.754ns (58.394%))
  Logic Levels:           8  (CARRY8=3 LUT2=1 LUT4=1 LUT5=2 LUT6=1)
  Clock Path Skew:        -0.039ns (DCD - SCD + CPR)
    Destination Clock Delay (DCD):    0.021ns = ( 3.176 - 3.155 ) 
    Source Clock Delay      (SCD):    0.060ns
    Clock Pessimism Removal (CPR):    0.000ns
  Clock Uncertainty:      0.035ns  ((TSJ^2 + TIJ^2)^1/2 + DJ) / 2 + PE
    Total System Jitter     (TSJ):    0.071ns
    Total Input Jitter      (TIJ):    0.000ns
    Discrete Jitter          (DJ):    0.000ns
    Phase Error              (PE):    0.000ns

    Location             Delay type                Incr(ns)  Path(ns)    Netlist Resource(s)
  -------------------------------------------------------------------    -------------------
                         (clock clk rise edge)        0.000     0.000 r  
                                                      0.000     0.000 r  clk (IN)
                         net (fo=29474, unset)        0.060     0.060    CORES[9].core_inst/MAC_LANES[3].multip/partial_product/CLK
    DSP48E2_X5Y84        DSP_OUTPUT                                   r  CORES[9].core_inst/MAC_LANES[3].multip/partial_product/DSP_OUTPUT_INST/CLK
  -------------------------------------------------------------------    -------------------
    DSP48E2_X5Y84        DSP_OUTPUT (Prop_DSP_OUTPUT_DSP48E2_CLK_P[11])
                                                      0.197     0.257 r  CORES[9].core_inst/MAC_LANES[3].multip/partial_product/DSP_OUTPUT_INST/P[11]
                         net (fo=4, routed)           0.446     0.703    CORES[9].core_inst/MAC_LANES[3].multip/partial_product_n_94
    SLICE_X54Y219        LUT4 (Prop_E6LUT_SLICEM_I1_O)
                                                      0.148     0.851 r  CORES[9].core_inst/MAC_LANES[3].multip/r_output_write[1][7]_i_51__8/O
                         net (fo=2, routed)           0.109     0.960    CORES[9].core_inst/MAC_LANES[3].multip/r_output_write[1][7]_i_51__8_n_0
    SLICE_X53Y219        LUT5 (Prop_E6LUT_SLICEM_I2_O)
                                                      0.124     1.084 r  CORES[9].core_inst/MAC_LANES[3].multip/r_output_write[1][7]_i_58__8/O
                         net (fo=1, routed)           0.014     1.098    CORES[9].core_inst/MAC_LANES[3].multip/r_output_write[1][7]_i_58__8_n_0
    SLICE_X53Y219        CARRY8 (Prop_CARRY8_SLICEM_S[4]_CO[7])
                                                      0.156     1.254 r  CORES[9].core_inst/MAC_LANES[3].multip/r_output_write_reg[1][7]_i_31__8/CO[7]
                         net (fo=1, routed)           0.026     1.280    CORES[9].core_inst/MAC_LANES[3].multip/r_output_write_reg[1][7]_i_31__8_n_0
    SLICE_X53Y220        CARRY8 (Prop_CARRY8_SLICEM_CI_O[1])
                                                      0.076     1.356 r  CORES[9].core_inst/MAC_LANES[3].multip/r_output_write_reg[1][15]_i_56__8/O[1]
                         net (fo=6, routed)           0.497     1.853    CORES[9].core_inst/MAC_LANES[9].multip/w_inverse_partial_current[1]_66[9]
    SLICE_X58Y227        LUT6 (Prop_G6LUT_SLICEL_I5_O)
                                                      0.089     1.942 r  CORES[9].core_inst/MAC_LANES[9].multip/r_output_write[4][15]_i_26__8/O
                         net (fo=2, routed)           0.117     2.059    CORES[9].core_inst/MAC_LANES[15].multip/r_output_write_reg[4][15]_i_2__8_5
    SLICE_X58Y229        LUT5 (Prop_B6LUT_SLICEL_I3_O)
                                                      0.148     2.207 r  CORES[9].core_inst/MAC_LANES[15].multip/r_output_write[4][15]_i_7__8/O
                         net (fo=2, routed)           0.359     2.566    CORES[9].core_inst/MAC_LANES[15].multip/r_output_write[4][15]_i_7__8_n_0
    SLICE_X57Y232        CARRY8 (Prop_CARRY8_SLICEM_DI[2]_O[7])
                                                      0.188     2.754 r  CORES[9].core_inst/MAC_LANES[15].multip/r_output_write_reg[4][15]_i_2__8/O[7]
                         net (fo=1, routed)           0.131     2.885    CORES[9].core_inst/MAC_LANES[15].multip/w_output_acc_next[4]_78[15]
    SLICE_X57Y233        LUT2 (Prop_E6LUT_SLICEM_I1_O)
                                                      0.124     3.009 r  CORES[9].core_inst/MAC_LANES[15].multip/r_output_write[4][15]_i_1__8/O
                         net (fo=1, routed)           0.055     3.064    CORES[9].core_inst/MAC_LANES[15].multip_n_81
    SLICE_X57Y233        FDCE                                         r  CORES[9].core_inst/r_output_write_reg[4][15]/D
  -------------------------------------------------------------------    -------------------

                         (clock clk rise edge)        3.155     3.155 r  
                                                      0.000     3.155 r  clk (IN)
                         net (fo=29474, unset)        0.021     3.176    CORES[9].core_inst/clk
    SLICE_X57Y233        FDCE                                         r  CORES[9].core_inst/r_output_write_reg[4][15]/C
                         clock pessimism              0.000     3.176    
                         clock uncertainty           -0.035     3.141    
    SLICE_X57Y233        FDCE (Setup_EFF_SLICEM_C_D)
                                                      0.025     3.166    CORES[9].core_inst/r_output_write_reg[4][15]
  -------------------------------------------------------------------
                         required time                          3.166    
                         arrival time                          -3.064    
  -------------------------------------------------------------------
                         slack                                  0.101    

Slack (MET) :             0.103ns  (required time - arrival time)
  Source:                 CORES[7].core_inst/r_input_feat_reg[12][7]/C
                            (rising edge-triggered cell FDCE clocked by clk  {rise@0.000ns fall@1.577ns period=3.155ns})
  Destination:            CORES[7].core_inst/r_transform_feature_reg_reg[14][13]/D
                            (rising edge-triggered cell FDCE clocked by clk  {rise@0.000ns fall@1.577ns period=3.155ns})
  Path Group:             clk
  Path Type:              Setup (Max at Slow Process Corner)
  Requirement:            3.155ns  (clk rise@3.155ns - clk rise@0.000ns)
  Data Path Delay:        3.032ns  (logic 0.809ns (26.685%)  route 2.223ns (73.315%))
  Logic Levels:           8  (CARRY8=3 LUT3=1 LUT5=2 LUT6=2)
  Clock Path Skew:        -0.010ns (DCD - SCD + CPR)
    Destination Clock Delay (DCD):    0.020ns = ( 3.175 - 3.155 ) 
    Source Clock Delay      (SCD):    0.030ns
    Clock Pessimism Removal (CPR):    0.000ns
  Clock Uncertainty:      0.035ns  ((TSJ^2 + TIJ^2)^1/2 + DJ) / 2 + PE
    Total System Jitter     (TSJ):    0.071ns
    Total Input Jitter      (TIJ):    0.000ns
    Discrete Jitter          (DJ):    0.000ns
    Phase Error              (PE):    0.000ns

    Location             Delay type                Incr(ns)  Path(ns)    Netlist Resource(s)
  -------------------------------------------------------------------    -------------------
                         (clock clk rise edge)        0.000     0.000 r  
                                                      0.000     0.000 r  clk (IN)
                         net (fo=29474, unset)        0.030     0.030    CORES[7].core_inst/clk
    SLICE_X71Y149        FDCE                                         r  CORES[7].core_inst/r_input_feat_reg[12][7]/C
  -------------------------------------------------------------------    -------------------
    SLICE_X71Y149        FDCE (Prop_HFF_SLICEM_C_Q)
                                                      0.079     0.109 r  CORES[7].core_inst/r_input_feat_reg[12][7]/Q
                         net (fo=22, routed)          0.559     0.668    CORES[7].core_inst/trf/matrix_c0/r_transform_feature_reg_reg[8][15]_i_2__6_0[7]
    SLICE_X70Y158        LUT6 (Prop_H6LUT_SLICEM_I4_O)
                                                      0.101     0.769 r  CORES[7].core_inst/trf/matrix_c0/soma[12]__0_carry_i_8__14/O
                         net (fo=1, routed)           0.015     0.784    CORES[7].core_inst/trf/matrix_c0/soma[12]__0_carry_i_8__14_n_0
    SLICE_X70Y158        CARRY8 (Prop_CARRY8_SLICEM_S[7]_CO[7])
                                                      0.117     0.901 r  CORES[7].core_inst/trf/matrix_c0/soma[12]__0_carry/CO[7]
                         net (fo=1, routed)           0.026     0.927    CORES[7].core_inst/trf/matrix_c0/soma[12]__0_carry_n_0
    SLICE_X70Y159        CARRY8 (Prop_CARRY8_SLICEM_CI_O[0])
                                                      0.056     0.983 f  CORES[7].core_inst/trf/matrix_c0/soma[12]__0_carry__0/O[0]
                         net (fo=15, routed)          0.271     1.254    CORES[7].core_inst/trf/matrix_c0/w_conv_transform[24]_10[8]
    SLICE_X70Y152        LUT3 (Prop_E6LUT_SLICEM_I1_O)
                                                      0.100     1.354 r  CORES[7].core_inst/trf/matrix_c0/soma[12]__0_carry__0_i_6__13/O
                         net (fo=1, routed)           0.323     1.677    CORES[7].core_inst/trf/matrix_c1/r_transform_feature_reg_reg[12][15][1]
    SLICE_X70Y148        CARRY8 (Prop_CARRY8_SLICEM_DI[1]_O[5])
                                                      0.196     1.873 r  CORES[7].core_inst/trf/matrix_c1/soma[12]__0_carry__0/O[5]
                         net (fo=6, routed)           0.448     2.321    CORES[7].core_inst/trf/matrix_c0/r_transform_feature_reg_reg[12][15]_0[5]
    SLICE_X66Y154        LUT6 (Prop_F6LUT_SLICEL_I5_O)
                                                      0.035     2.356 r  CORES[7].core_inst/trf/matrix_c0/r_transform_feature_reg[14][13]_i_5__6/O
                         net (fo=2, routed)           0.440     2.797    CORES[7].core_inst/trf/matrix_c0/r_transform_feature_reg[14][13]_i_5__6_n_0
    SLICE_X65Y156        LUT5 (Prop_C6LUT_SLICEL_I0_O)
                                                      0.035     2.832 r  CORES[7].core_inst/trf/matrix_c0/r_transform_feature_reg[14][13]_i_3__6/O
                         net (fo=1, routed)           0.089     2.921    CORES[7].core_inst/trf/matrix_c0/r_transform_feature_reg[14][13]_i_3__6_n_0
    SLICE_X65Y156        LUT5 (Prop_H6LUT_SLICEL_I2_O)
                                                      0.090     3.011 r  CORES[7].core_inst/trf/matrix_c0/r_transform_feature_reg[14][13]_i_1__6/O
                         net (fo=1, routed)           0.051     3.062    CORES[7].core_inst/trf_n_50
    SLICE_X65Y156        FDCE                                         r  CORES[7].core_inst/r_transform_feature_reg_reg[14][13]/D
  -------------------------------------------------------------------    -------------------

                         (clock clk rise edge)        3.155     3.155 r  
                                                      0.000     3.155 r  clk (IN)
                         net (fo=29474, unset)        0.020     3.175    CORES[7].core_inst/clk
    SLICE_X65Y156        FDCE                                         r  CORES[7].core_inst/r_transform_feature_reg_reg[14][13]/C
                         clock pessimism              0.000     3.175    
                         clock uncertainty           -0.035     3.140    
    SLICE_X65Y156        FDCE (Setup_HFF_SLICEL_C_D)
                                                      0.025     3.165    CORES[7].core_inst/r_transform_feature_reg_reg[14][13]
  -------------------------------------------------------------------
                         required time                          3.165    
                         arrival time                          -3.062    
  -------------------------------------------------------------------
                         slack                                  0.103    

Slack (MET) :             0.103ns  (required time - arrival time)
  Source:                 CORES[7].core_inst/MAC_LANES[5].multip/partial_product/DSP_OUTPUT_INST/CLK
                            (rising edge-triggered cell DSP_OUTPUT clocked by clk  {rise@0.000ns fall@1.577ns period=3.155ns})
  Destination:            CORES[7].core_inst/r_output_write_reg[2][15]/D
                            (rising edge-triggered cell FDCE clocked by clk  {rise@0.000ns fall@1.577ns period=3.155ns})
  Path Group:             clk
  Path Type:              Setup (Max at Slow Process Corner)
  Requirement:            3.155ns  (clk rise@3.155ns - clk rise@0.000ns)
  Data Path Delay:        3.002ns  (logic 0.942ns (31.374%)  route 2.060ns (68.626%))
  Logic Levels:           9  (CARRY8=3 LUT2=1 LUT4=1 LUT5=1 LUT6=3)
  Clock Path Skew:        -0.039ns (DCD - SCD + CPR)
    Destination Clock Delay (DCD):    0.021ns = ( 3.176 - 3.155 ) 
    Source Clock Delay      (SCD):    0.060ns
    Clock Pessimism Removal (CPR):    0.000ns
  Clock Uncertainty:      0.035ns  ((TSJ^2 + TIJ^2)^1/2 + DJ) / 2 + PE
    Total System Jitter     (TSJ):    0.071ns
    Total Input Jitter      (TIJ):    0.000ns
    Discrete Jitter          (DJ):    0.000ns
    Phase Error              (PE):    0.000ns

    Location             Delay type                Incr(ns)  Path(ns)    Netlist Resource(s)
  -------------------------------------------------------------------    -------------------
                         (clock clk rise edge)        0.000     0.000 r  
                                                      0.000     0.000 r  clk (IN)
                         net (fo=29474, unset)        0.060     0.060    CORES[7].core_inst/MAC_LANES[5].multip/partial_product/CLK
    DSP48E2_X7Y74        DSP_OUTPUT                                   r  CORES[7].core_inst/MAC_LANES[5].multip/partial_product/DSP_OUTPUT_INST/CLK
  -------------------------------------------------------------------    -------------------
    DSP48E2_X7Y74        DSP_OUTPUT (Prop_DSP_OUTPUT_DSP48E2_CLK_P[8])
                                                      0.198     0.258 r  CORES[7].core_inst/MAC_LANES[5].multip/partial_product/DSP_OUTPUT_INST/P[8]
                         net (fo=4, routed)           0.774     1.032    CORES[7].core_inst/MAC_LANES[4].multip/r_output_write_reg[2][15]_i_56__6_1[0]
    SLICE_X63Y184        LUT4 (Prop_D6LUT_SLICEM_I2_O)
                                                      0.037     1.069 r  CORES[7].core_inst/MAC_LANES[4].multip/r_output_write[2][7]_i_54__6/O
                         net (fo=2, routed)           0.138     1.207    CORES[7].core_inst/MAC_LANES[4].multip/r_output_write[2][7]_i_54__6_n_0
    SLICE_X63Y188        LUT5 (Prop_B6LUT_SLICEM_I2_O)
                                                      0.089     1.296 r  CORES[7].core_inst/MAC_LANES[4].multip/r_output_write[2][7]_i_61__6/O
                         net (fo=1, routed)           0.016     1.312    CORES[7].core_inst/MAC_LANES[4].multip/r_output_write[2][7]_i_61__6_n_0
    SLICE_X63Y188        CARRY8 (Prop_CARRY8_SLICEM_S[1]_O[2])
                                                      0.117     1.429 r  CORES[7].core_inst/MAC_LANES[4].multip/r_output_write_reg[2][7]_i_31__6/O[2]
                         net (fo=6, routed)           0.454     1.883    CORES[7].core_inst/MAC_LANES[10].multip/w_inverse_partial_current[2]_65[2]
    SLICE_X56Y188        LUT6 (Prop_H6LUT_SLICEM_I2_O)
                                                      0.053     1.936 r  CORES[7].core_inst/MAC_LANES[10].multip/r_output_write[2][7]_i_27__6/O
                         net (fo=2, routed)           0.241     2.177    CORES[7].core_inst/MAC_LANES[4].multip/r_output_write_reg[2][7]_i_2__6_1
    SLICE_X58Y190        LUT6 (Prop_D6LUT_SLICEL_I5_O)
                                                      0.036     2.213 r  CORES[7].core_inst/MAC_LANES[4].multip/r_output_write[2][7]_i_8__6/O
                         net (fo=2, routed)           0.187     2.400    CORES[7].core_inst/MAC_LANES[4].multip/r_hadamard_product_row_idx_reg_reg[0]_0[0]
    SLICE_X57Y191        LUT6 (Prop_C6LUT_SLICEM_I0_O)
                                                      0.098     2.498 r  CORES[7].core_inst/MAC_LANES[4].multip/r_output_write[2][7]_i_16__6/O
                         net (fo=1, routed)           0.021     2.519    CORES[7].core_inst/MAC_LANES[16].multip/r_output_write_reg[2][7]_0[2]
    SLICE_X57Y191        CARRY8 (Prop_CARRY8_SLICEM_S[2]_CO[7])
                                                      0.161     2.680 r  CORES[7].core_inst/MAC_LANES[16].multip/r_output_write_reg[2][7]_i_2__6/CO[7]
                         net (fo=1, routed)           0.026     2.706    CORES[7].core_inst/MAC_LANES[16].multip/r_output_write_reg[2][7]_i_2__6_n_0
    SLICE_X57Y192        CARRY8 (Prop_CARRY8_SLICEM_CI_O[7])
                                                      0.116     2.822 r  CORES[7].core_inst/MAC_LANES[16].multip/r_output_write_reg[2][15]_i_2__6/O[7]
                         net (fo=1, routed)           0.131     2.953    CORES[7].core_inst/MAC_LANES[16].multip/w_output_acc_next[2]_80[15]
    SLICE_X57Y194        LUT2 (Prop_D6LUT_SLICEM_I1_O)
                                                      0.037     2.990 r  CORES[7].core_inst/MAC_LANES[16].multip/r_output_write[2][15]_i_1__6/O
                         net (fo=1, routed)           0.072     3.062    CORES[7].core_inst/MAC_LANES[16].multip_n_23
    SLICE_X57Y194        FDCE                                         r  CORES[7].core_inst/r_output_write_reg[2][15]/D
  -------------------------------------------------------------------    -------------------

                         (clock clk rise edge)        3.155     3.155 r  
                                                      0.000     3.155 r  clk (IN)
                         net (fo=29474, unset)        0.021     3.176    CORES[7].core_inst/clk
    SLICE_X57Y194        FDCE                                         r  CORES[7].core_inst/r_output_write_reg[2][15]/C
                         clock pessimism              0.000     3.176    
                         clock uncertainty           -0.035     3.141    
    SLICE_X57Y194        FDCE (Setup_DFF_SLICEM_C_D)
                                                      0.025     3.166    CORES[7].core_inst/r_output_write_reg[2][15]
  -------------------------------------------------------------------
                         required time                          3.166    
                         arrival time                          -3.062    
  -------------------------------------------------------------------
                         slack                                  0.103    

Slack (MET) :             0.103ns  (required time - arrival time)
  Source:                 CORES[8].core_inst/r_input_feat_reg[12][3]/C
                            (rising edge-triggered cell FDCE clocked by clk  {rise@0.000ns fall@1.577ns period=3.155ns})
  Destination:            CORES[8].core_inst/r_transform_feature_reg_reg[12][9]/D
                            (rising edge-triggered cell FDCE clocked by clk  {rise@0.000ns fall@1.577ns period=3.155ns})
  Path Group:             clk
  Path Type:              Setup (Max at Slow Process Corner)
  Requirement:            3.155ns  (clk rise@3.155ns - clk rise@0.000ns)
  Data Path Delay:        3.033ns  (logic 0.739ns (24.362%)  route 2.294ns (75.638%))
  Logic Levels:           7  (CARRY8=2 LUT3=2 LUT5=2 LUT6=1)
  Clock Path Skew:        -0.008ns (DCD - SCD + CPR)
    Destination Clock Delay (DCD):    0.021ns = ( 3.176 - 3.155 ) 
    Source Clock Delay      (SCD):    0.029ns
    Clock Pessimism Removal (CPR):    0.000ns
  Clock Uncertainty:      0.035ns  ((TSJ^2 + TIJ^2)^1/2 + DJ) / 2 + PE
    Total System Jitter     (TSJ):    0.071ns
    Total Input Jitter      (TIJ):    0.000ns
    Discrete Jitter          (DJ):    0.000ns
    Phase Error              (PE):    0.000ns

    Location             Delay type                Incr(ns)  Path(ns)    Netlist Resource(s)
  -------------------------------------------------------------------    -------------------
                         (clock clk rise edge)        0.000     0.000 r  
                                                      0.000     0.000 r  clk (IN)
                         net (fo=29474, unset)        0.029     0.029    CORES[8].core_inst/clk
    SLICE_X66Y10         FDCE                                         r  CORES[8].core_inst/r_input_feat_reg[12][3]/C
  -------------------------------------------------------------------    -------------------
    SLICE_X66Y10         FDCE (Prop_HFF_SLICEL_C_Q)
                                                      0.079     0.108 f  CORES[8].core_inst/r_input_feat_reg[12][3]/Q
                         net (fo=22, routed)          0.655     0.763    CORES[8].core_inst/trf/matrix_c0/r_transform_feature_reg_reg[8][15]_i_2__7_0[3]
    SLICE_X62Y12         LUT3 (Prop_B6LUT_SLICEL_I0_O)
                                                      0.124     0.887 r  CORES[8].core_inst/trf/matrix_c0/soma[12]__0_carry_i_4__16/O
                         net (fo=1, routed)           0.139     1.026    CORES[8].core_inst/trf/matrix_c0/soma[12]__0_carry_i_4__16_n_0
    SLICE_X63Y12         CARRY8 (Prop_CARRY8_SLICEM_DI[4]_O[7])
                                                      0.123     1.149 r  CORES[8].core_inst/trf/matrix_c0/soma[12]__0_carry/O[7]
                         net (fo=15, routed)          0.544     1.692    CORES[8].core_inst/trf/matrix_c0/w_conv_transform[24]_10[7]
    SLICE_X58Y21         LUT3 (Prop_G6LUT_SLICEL_I2_O)
                                                      0.050     1.742 r  CORES[8].core_inst/trf/matrix_c0/soma[6]__0_carry__0_i_7__15/O
                         net (fo=1, routed)           0.330     2.072    CORES[8].core_inst/trf/matrix_c1/r_transform_feature_reg_reg[6][15][0]
    SLICE_X56Y21         CARRY8 (Prop_CARRY8_SLICEM_DI[0]_O[1])
                                                      0.081     2.153 r  CORES[8].core_inst/trf/matrix_c1/soma[6]__0_carry__0/O[1]
                         net (fo=7, routed)           0.355     2.508    CORES[8].core_inst/trf/matrix_c1/soma[6]__0_carry__0_i_15__15[1]
    SLICE_X57Y31         LUT6 (Prop_E6LUT_SLICEM_I1_O)
                                                      0.037     2.545 r  CORES[8].core_inst/trf/matrix_c1/r_transform_feature_reg[12][9]_i_7__7/O
                         net (fo=2, routed)           0.101     2.646    CORES[8].core_inst/trf/matrix_c0/r_transform_feature_reg_reg[12][9]
    SLICE_X57Y32         LUT5 (Prop_F6LUT_SLICEM_I4_O)
                                                      0.123     2.769 r  CORES[8].core_inst/trf/matrix_c0/r_transform_feature_reg[12][9]_i_3__7/O
                         net (fo=1, routed)           0.099     2.868    CORES[8].core_inst/trf/matrix_c0/r_transform_feature_reg[12][9]_i_3__7_n_0
    SLICE_X57Y32         LUT5 (Prop_D6LUT_SLICEM_I2_O)
                                                      0.122     2.990 r  CORES[8].core_inst/trf/matrix_c0/r_transform_feature_reg[12][9]_i_1__7/O
                         net (fo=1, routed)           0.072     3.062    CORES[8].core_inst/trf_n_86
    SLICE_X57Y32         FDCE                                         r  CORES[8].core_inst/r_transform_feature_reg_reg[12][9]/D
  -------------------------------------------------------------------    -------------------

                         (clock clk rise edge)        3.155     3.155 r  
                                                      0.000     3.155 r  clk (IN)
                         net (fo=29474, unset)        0.021     3.176    CORES[8].core_inst/clk
    SLICE_X57Y32         FDCE                                         r  CORES[8].core_inst/r_transform_feature_reg_reg[12][9]/C
                         clock pessimism              0.000     3.176    
                         clock uncertainty           -0.035     3.141    
    SLICE_X57Y32         FDCE (Setup_DFF_SLICEM_C_D)
                                                      0.025     3.166    CORES[8].core_inst/r_transform_feature_reg_reg[12][9]
  -------------------------------------------------------------------
                         required time                          3.166    
                         arrival time                          -3.062    
  -------------------------------------------------------------------
                         slack                                  0.103    

Slack (MET) :             0.104ns  (required time - arrival time)
  Source:                 CORES[5].core_inst/r_input_feat_reg[22][8]/C
                            (rising edge-triggered cell FDCE clocked by clk  {rise@0.000ns fall@1.577ns period=3.155ns})
  Destination:            CORES[5].core_inst/r_transform_feature_reg_reg[14][14]/D
                            (rising edge-triggered cell FDCE clocked by clk  {rise@0.000ns fall@1.577ns period=3.155ns})
  Path Group:             clk
  Path Type:              Setup (Max at Slow Process Corner)
  Requirement:            3.155ns  (clk rise@3.155ns - clk rise@0.000ns)
  Data Path Delay:        3.032ns  (logic 0.802ns (26.453%)  route 2.230ns (73.547%))
  Logic Levels:           8  (CARRY8=2 LUT3=2 LUT5=2 LUT6=2)
  Clock Path Skew:        -0.009ns (DCD - SCD + CPR)
    Destination Clock Delay (DCD):    0.021ns = ( 3.176 - 3.155 ) 
    Source Clock Delay      (SCD):    0.030ns
    Clock Pessimism Removal (CPR):    0.000ns
  Clock Uncertainty:      0.035ns  ((TSJ^2 + TIJ^2)^1/2 + DJ) / 2 + PE
    Total System Jitter     (TSJ):    0.071ns
    Total Input Jitter      (TIJ):    0.000ns
    Discrete Jitter          (DJ):    0.000ns
    Phase Error              (PE):    0.000ns

    Location             Delay type                Incr(ns)  Path(ns)    Netlist Resource(s)
  -------------------------------------------------------------------    -------------------
                         (clock clk rise edge)        0.000     0.000 r  
                                                      0.000     0.000 r  clk (IN)
                         net (fo=29474, unset)        0.030     0.030    CORES[5].core_inst/clk
    SLICE_X63Y317        FDCE                                         r  CORES[5].core_inst/r_input_feat_reg[22][8]/C
  -------------------------------------------------------------------    -------------------
    SLICE_X63Y317        FDCE (Prop_DFF_SLICEM_C_Q)
                                                      0.078     0.108 f  CORES[5].core_inst/r_input_feat_reg[22][8]/Q
                         net (fo=11, routed)          0.324     0.432    CORES[5].core_inst/r_input_feat_reg_n_0_[22][8]
    SLICE_X61Y315        LUT3 (Prop_E6LUT_SLICEM_I1_O)
                                                      0.037     0.469 r  CORES[5].core_inst/soma[26]__0_carry__0_i_6__4/O
                         net (fo=1, routed)           0.359     0.828    CORES[5].core_inst/trf/matrix_c0/soma[14]__0_carry__0_i_15__9_0[1]
    SLICE_X63Y315        CARRY8 (Prop_CARRY8_SLICEM_DI[1]_O[4])
                                                      0.162     0.990 r  CORES[5].core_inst/trf/matrix_c0/soma[26]__0_carry__0/O[4]
                         net (fo=3, routed)           0.513     1.503    CORES[5].core_inst/trf/matrix_c0/partial[26]_2[12]
    SLICE_X57Y310        LUT3 (Prop_H6LUT_SLICEM_I2_O)
                                                      0.053     1.556 r  CORES[5].core_inst/trf/matrix_c0/soma[14]__0_carry__0_i_2__9/O
                         net (fo=1, routed)           0.286     1.842    CORES[5].core_inst/trf/matrix_c1/r_transform_feature_reg_reg[14][15][5]
    SLICE_X57Y312        CARRY8 (Prop_CARRY8_SLICEM_DI[5]_O[6])
                                                      0.102     1.944 r  CORES[5].core_inst/trf/matrix_c1/soma[14]__0_carry__0/O[6]
                         net (fo=6, routed)           0.344     2.288    CORES[5].core_inst/trf/matrix_c0/r_transform_feature_reg_reg[14][15][6]
    SLICE_X58Y319        LUT6 (Prop_B6LUT_SLICEL_I0_O)
                                                      0.036     2.324 r  CORES[5].core_inst/trf/matrix_c0/r_transform_feature_reg[6][14]_i_4__4/O
                         net (fo=2, routed)           0.093     2.417    CORES[5].core_inst/trf/matrix_c0/r_transform_feature_reg[6][14]_i_4__4_n_0
    SLICE_X58Y320        LUT5 (Prop_E6LUT_SLICEL_I2_O)
                                                      0.123     2.540 r  CORES[5].core_inst/trf/matrix_c0/r_transform_feature_reg[14][14]_i_4__4/O
                         net (fo=1, routed)           0.087     2.627    CORES[5].core_inst/trf/matrix_c0/r_transform_feature_reg[14][14]_i_4__4_n_0
    SLICE_X58Y320        LUT6 (Prop_G6LUT_SLICEL_I5_O)
                                                      0.089     2.716 r  CORES[5].core_inst/trf/matrix_c0/r_transform_feature_reg[14][14]_i_2__4/O
                         net (fo=1, routed)           0.152     2.868    CORES[5].core_inst/trf/matrix_c0/r_transform_feature_reg[14][14]_i_2__4_n_0
    SLICE_X56Y320        LUT5 (Prop_D6LUT_SLICEM_I0_O)
                                                      0.122     2.990 r  CORES[5].core_inst/trf/matrix_c0/r_transform_feature_reg[14][14]_i_1__4/O
                         net (fo=1, routed)           0.072     3.062    CORES[5].core_inst/trf_n_49
    SLICE_X56Y320        FDCE                                         r  CORES[5].core_inst/r_transform_feature_reg_reg[14][14]/D
  -------------------------------------------------------------------    -------------------

                         (clock clk rise edge)        3.155     3.155 r  
                                                      0.000     3.155 r  clk (IN)
                         net (fo=29474, unset)        0.021     3.176    CORES[5].core_inst/clk
    SLICE_X56Y320        FDCE                                         r  CORES[5].core_inst/r_transform_feature_reg_reg[14][14]/C
                         clock pessimism              0.000     3.176    
                         clock uncertainty           -0.035     3.141    
    SLICE_X56Y320        FDCE (Setup_DFF_SLICEM_C_D)
                                                      0.025     3.166    CORES[5].core_inst/r_transform_feature_reg_reg[14][14]
  -------------------------------------------------------------------
                         required time                          3.166    
                         arrival time                          -3.062    
  -------------------------------------------------------------------
                         slack                                  0.104    

Slack (MET) :             0.104ns  (required time - arrival time)
  Source:                 CORES[11].core_inst/r_input_feat_reg[12][7]/C
                            (rising edge-triggered cell FDCE clocked by clk  {rise@0.000ns fall@1.577ns period=3.155ns})
  Destination:            CORES[11].core_inst/r_transform_feature_reg_reg[1][14]/D
                            (rising edge-triggered cell FDCE clocked by clk  {rise@0.000ns fall@1.577ns period=3.155ns})
  Path Group:             clk
  Path Type:              Setup (Max at Slow Process Corner)
  Requirement:            3.155ns  (clk rise@3.155ns - clk rise@0.000ns)
  Data Path Delay:        3.034ns  (logic 0.991ns (32.667%)  route 2.043ns (67.333%))
  Logic Levels:           8  (CARRY8=2 LUT3=4 LUT6=2)
  Clock Path Skew:        -0.007ns (DCD - SCD + CPR)
    Destination Clock Delay (DCD):    0.021ns = ( 3.176 - 3.155 ) 
    Source Clock Delay      (SCD):    0.028ns
    Clock Pessimism Removal (CPR):    0.000ns
  Clock Uncertainty:      0.035ns  ((TSJ^2 + TIJ^2)^1/2 + DJ) / 2 + PE
    Total System Jitter     (TSJ):    0.071ns
    Total Input Jitter      (TIJ):    0.000ns
    Discrete Jitter          (DJ):    0.000ns
    Phase Error              (PE):    0.000ns

    Location             Delay type                Incr(ns)  Path(ns)    Netlist Resource(s)
  -------------------------------------------------------------------    -------------------
                         (clock clk rise edge)        0.000     0.000 r  
                                                      0.000     0.000 r  clk (IN)
                         net (fo=29474, unset)        0.028     0.028    CORES[11].core_inst/clk
    SLICE_X97Y251        FDCE                                         r  CORES[11].core_inst/r_input_feat_reg[12][7]/C
  -------------------------------------------------------------------    -------------------
    SLICE_X97Y251        FDCE (Prop_DFF_SLICEL_C_Q)
                                                      0.079     0.107 r  CORES[11].core_inst/r_input_feat_reg[12][7]/Q
                         net (fo=22, routed)          0.380     0.487    CORES[11].core_inst/r_input_feat_reg_n_0_[12][7]
    SLICE_X93Y255        LUT3 (Prop_B5LUT_SLICEM_I2_O)
                                                      0.143     0.630 r  CORES[11].core_inst/soma[13]__0_carry__0_i_7__22/O
                         net (fo=1, routed)           0.320     0.950    CORES[11].core_inst/trf/matrix_c0/soma[13]__0_carry__0_i_15__21_4[0]
    SLICE_X92Y257        CARRY8 (Prop_CARRY8_SLICEL_DI[0]_O[3])
                                                      0.113     1.063 f  CORES[11].core_inst/trf/matrix_c0/soma[13]__0_carry__0/O[3]
                         net (fo=13, routed)          0.273     1.336    CORES[11].core_inst/trf/matrix_c0/w_conv_transform[25]_9[11]
    SLICE_X94Y258        LUT3 (Prop_F5LUT_SLICEM_I1_O)
                                                      0.142     1.478 r  CORES[11].core_inst/trf/matrix_c0/soma[13]__0_carry__0_i_3__21/O
                         net (fo=1, routed)           0.334     1.812    CORES[11].core_inst/trf/matrix_c1/r_transform_feature_reg_reg[13][15][4]
    SLICE_X94Y260        CARRY8 (Prop_CARRY8_SLICEM_DI[4]_O[6])
                                                      0.115     1.927 r  CORES[11].core_inst/trf/matrix_c1/soma[13]__0_carry__0/O[6]
                         net (fo=5, routed)           0.189     2.116    CORES[11].core_inst/trf/matrix_c1/soma[13]__0_carry__0_i_15__21[6]
    SLICE_X94Y264        LUT6 (Prop_F6LUT_SLICEM_I3_O)
                                                      0.123     2.239 r  CORES[11].core_inst/trf/matrix_c1/r_transform_feature_reg[17][14]_i_5__10/O
                         net (fo=3, routed)           0.265     2.505    CORES[11].core_inst/trf/matrix_c1/r_transform_product_idx_reg[1]_rep__1_1
    SLICE_X89Y264        LUT3 (Prop_A5LUT_SLICEM_I0_O)
                                                      0.100     2.605 r  CORES[11].core_inst/trf/matrix_c1/r_transform_feature_reg[1][14]_i_4__10/O
                         net (fo=1, routed)           0.167     2.772    CORES[11].core_inst/trf/matrix_c0/r_transform_feature_reg_reg[1][14]
    SLICE_X89Y264        LUT6 (Prop_H6LUT_SLICEM_I1_O)
                                                      0.053     2.825 r  CORES[11].core_inst/trf/matrix_c0/r_transform_feature_reg[1][14]_i_2__10/O
                         net (fo=1, routed)           0.048     2.873    CORES[11].core_inst/trf/matrix_c0/r_transform_feature_reg[1][14]_i_2__10_n_0
    SLICE_X89Y264        LUT3 (Prop_C6LUT_SLICEM_I0_O)
                                                      0.123     2.996 r  CORES[11].core_inst/trf/matrix_c0/r_transform_feature_reg[1][14]_i_1__10/O
                         net (fo=1, routed)           0.066     3.062    CORES[11].core_inst/trf_n_241
    SLICE_X89Y264        FDCE                                         r  CORES[11].core_inst/r_transform_feature_reg_reg[1][14]/D
  -------------------------------------------------------------------    -------------------

                         (clock clk rise edge)        3.155     3.155 r  
                                                      0.000     3.155 r  clk (IN)
                         net (fo=29474, unset)        0.021     3.176    CORES[11].core_inst/clk
    SLICE_X89Y264        FDCE                                         r  CORES[11].core_inst/r_transform_feature_reg_reg[1][14]/C
                         clock pessimism              0.000     3.176    
                         clock uncertainty           -0.035     3.141    
    SLICE_X89Y264        FDCE (Setup_CFF_SLICEM_C_D)
                                                      0.025     3.166    CORES[11].core_inst/r_transform_feature_reg_reg[1][14]
  -------------------------------------------------------------------
                         required time                          3.166    
                         arrival time                          -3.062    
  -------------------------------------------------------------------
                         slack                                  0.104    

Slack (MET) :             0.105ns  (required time - arrival time)
  Source:                 CORES[8].core_inst/r_input_feat_reg[11][3]/C
                            (rising edge-triggered cell FDCE clocked by clk  {rise@0.000ns fall@1.577ns period=3.155ns})
  Destination:            CORES[8].core_inst/r_transform_feature_reg_reg[1][14]/D
                            (rising edge-triggered cell FDCE clocked by clk  {rise@0.000ns fall@1.577ns period=3.155ns})
  Path Group:             clk
  Path Type:              Setup (Max at Slow Process Corner)
  Requirement:            3.155ns  (clk rise@3.155ns - clk rise@0.000ns)
  Data Path Delay:        3.032ns  (logic 1.086ns (35.818%)  route 1.946ns (64.182%))
  Logic Levels:           9  (CARRY8=3 LUT3=2 LUT6=4)
  Clock Path Skew:        -0.008ns (DCD - SCD + CPR)
    Destination Clock Delay (DCD):    0.020ns = ( 3.175 - 3.155 ) 
    Source Clock Delay      (SCD):    0.028ns
    Clock Pessimism Removal (CPR):    0.000ns
  Clock Uncertainty:      0.035ns  ((TSJ^2 + TIJ^2)^1/2 + DJ) / 2 + PE
    Total System Jitter     (TSJ):    0.071ns
    Total Input Jitter      (TIJ):    0.000ns
    Discrete Jitter          (DJ):    0.000ns
    Phase Error              (PE):    0.000ns

    Location             Delay type                Incr(ns)  Path(ns)    Netlist Resource(s)
  -------------------------------------------------------------------    -------------------
                         (clock clk rise edge)        0.000     0.000 r  
                                                      0.000     0.000 r  clk (IN)
                         net (fo=29474, unset)        0.028     0.028    CORES[8].core_inst/clk
    SLICE_X66Y10         FDCE                                         r  CORES[8].core_inst/r_input_feat_reg[11][3]/C
  -------------------------------------------------------------------    -------------------
    SLICE_X66Y10         FDCE (Prop_BFF_SLICEL_C_Q)
                                                      0.079     0.107 r  CORES[8].core_inst/r_input_feat_reg[11][3]/Q
                         net (fo=17, routed)          0.676     0.783    CORES[8].core_inst/trf/matrix_c0/r_transform_feature_reg[13][15]_i_2__7_0[3]
    SLICE_X64Y10         LUT6 (Prop_E6LUT_SLICEM_I1_O)
                                                      0.124     0.907 r  CORES[8].core_inst/trf/matrix_c0/soma[13]__0_carry_i_11__16/O
                         net (fo=1, routed)           0.014     0.921    CORES[8].core_inst/trf/matrix_c0/soma[13]__0_carry_i_11__16_n_0
    SLICE_X64Y10         CARRY8 (Prop_CARRY8_SLICEM_S[4]_CO[7])
                                                      0.156     1.077 r  CORES[8].core_inst/trf/matrix_c0/soma[13]__0_carry/CO[7]
                         net (fo=1, routed)           0.026     1.103    CORES[8].core_inst/trf/matrix_c0/soma[13]__0_carry_n_0
    SLICE_X64Y11         CARRY8 (Prop_CARRY8_SLICEM_CI_O[0])
                                                      0.056     1.159 r  CORES[8].core_inst/trf/matrix_c0/soma[13]__0_carry__0/O[0]
                         net (fo=13, routed)          0.475     1.634    CORES[8].core_inst/trf/matrix_c0/w_conv_transform[25]_9[8]
    SLICE_X64Y5          LUT6 (Prop_B6LUT_SLICEM_I0_O)
                                                      0.100     1.734 r  CORES[8].core_inst/trf/matrix_c0/soma[7]__0_carry__0_i_14__15/O
                         net (fo=1, routed)           0.016     1.750    CORES[8].core_inst/trf/matrix_c1/r_transform_feature_reg_reg[7][15]_0[1]
    SLICE_X64Y5          CARRY8 (Prop_CARRY8_SLICEM_S[1]_O[6])
                                                      0.224     1.974 r  CORES[8].core_inst/trf/matrix_c1/soma[7]__0_carry__0/O[6]
                         net (fo=6, routed)           0.409     2.383    CORES[8].core_inst/trf/matrix_c0/r_transform_feature_reg_reg[7][15][6]
    SLICE_X61Y6          LUT6 (Prop_D6LUT_SLICEM_I5_O)
                                                      0.099     2.482 r  CORES[8].core_inst/trf/matrix_c0/r_transform_feature_reg[17][14]_i_6__7/O
                         net (fo=3, routed)           0.146     2.628    CORES[8].core_inst/trf/matrix_c1/r_transform_feature_reg[1][14]_i_2__7
    SLICE_X60Y7          LUT3 (Prop_E6LUT_SLICEL_I2_O)
                                                      0.035     2.663 r  CORES[8].core_inst/trf/matrix_c1/r_transform_feature_reg[1][14]_i_4__7/O
                         net (fo=1, routed)           0.087     2.750    CORES[8].core_inst/trf/matrix_c0/r_transform_feature_reg_reg[1][14]
    SLICE_X60Y7          LUT6 (Prop_H6LUT_SLICEL_I1_O)
                                                      0.090     2.840 r  CORES[8].core_inst/trf/matrix_c0/r_transform_feature_reg[1][14]_i_2__7/O
                         net (fo=1, routed)           0.047     2.887    CORES[8].core_inst/trf/matrix_c0/r_transform_feature_reg[1][14]_i_2__7_n_0
    SLICE_X60Y7          LUT3 (Prop_C6LUT_SLICEL_I0_O)
                                                      0.123     3.010 r  CORES[8].core_inst/trf/matrix_c0/r_transform_feature_reg[1][14]_i_1__7/O
                         net (fo=1, routed)           0.050     3.060    CORES[8].core_inst/trf_n_241
    SLICE_X60Y7          FDCE                                         r  CORES[8].core_inst/r_transform_feature_reg_reg[1][14]/D
  -------------------------------------------------------------------    -------------------

                         (clock clk rise edge)        3.155     3.155 r  
                                                      0.000     3.155 r  clk (IN)
                         net (fo=29474, unset)        0.020     3.175    CORES[8].core_inst/clk
    SLICE_X60Y7          FDCE                                         r  CORES[8].core_inst/r_transform_feature_reg_reg[1][14]/C
                         clock pessimism              0.000     3.175    
                         clock uncertainty           -0.035     3.140    
    SLICE_X60Y7          FDCE (Setup_CFF_SLICEL_C_D)
                                                      0.025     3.165    CORES[8].core_inst/r_transform_feature_reg_reg[1][14]
  -------------------------------------------------------------------
                         required time                          3.165    
                         arrival time                          -3.060    
  -------------------------------------------------------------------
                         slack                                  0.105    

Slack (MET) :             0.105ns  (required time - arrival time)
  Source:                 CORES[11].core_inst/r_input_feat_reg[2][0]/C
                            (rising edge-triggered cell FDCE clocked by clk  {rise@0.000ns fall@1.577ns period=3.155ns})
  Destination:            CORES[11].core_inst/r_transform_feature_reg_reg[1][13]/D
                            (rising edge-triggered cell FDCE clocked by clk  {rise@0.000ns fall@1.577ns period=3.155ns})
  Path Group:             clk
  Path Type:              Setup (Max at Slow Process Corner)
  Requirement:            3.155ns  (clk rise@3.155ns - clk rise@0.000ns)
  Data Path Delay:        3.031ns  (logic 0.986ns (32.530%)  route 2.045ns (67.470%))
  Logic Levels:           9  (CARRY8=3 LUT3=4 LUT6=2)
  Clock Path Skew:        -0.009ns (DCD - SCD + CPR)
    Destination Clock Delay (DCD):    0.020ns = ( 3.175 - 3.155 ) 
    Source Clock Delay      (SCD):    0.029ns
    Clock Pessimism Removal (CPR):    0.000ns
  Clock Uncertainty:      0.035ns  ((TSJ^2 + TIJ^2)^1/2 + DJ) / 2 + PE
    Total System Jitter     (TSJ):    0.071ns
    Total Input Jitter      (TIJ):    0.000ns
    Discrete Jitter          (DJ):    0.000ns
    Phase Error              (PE):    0.000ns

    Location             Delay type                Incr(ns)  Path(ns)    Netlist Resource(s)
  -------------------------------------------------------------------    -------------------
                         (clock clk rise edge)        0.000     0.000 r  
                                                      0.000     0.000 r  clk (IN)
                         net (fo=29474, unset)        0.029     0.029    CORES[11].core_inst/clk
    SLICE_X85Y251        FDCE                                         r  CORES[11].core_inst/r_input_feat_reg[2][0]/C
  -------------------------------------------------------------------    -------------------
    SLICE_X85Y251        FDCE (Prop_HFF_SLICEL_C_Q)
                                                      0.079     0.108 r  CORES[11].core_inst/r_input_feat_reg[2][0]/Q
                         net (fo=11, routed)          0.173     0.281    CORES[11].core_inst/trf/matrix_c0/soma[2]__0_carry_4[0]
    SLICE_X85Y251        LUT3 (Prop_A5LUT_SLICEL_I2_O)
                                                      0.161     0.442 r  CORES[11].core_inst/trf/matrix_c0/soma[1]__0_carry_i_7__10/O
                         net (fo=1, routed)           0.405     0.847    CORES[11].core_inst/trf/matrix_c0/soma[1]__0_carry_i_7__10_n_0
    SLICE_X86Y254        CARRY8 (Prop_CARRY8_SLICEM_DI[1]_CO[7])
                                                      0.120     0.967 r  CORES[11].core_inst/trf/matrix_c0/soma[1]__0_carry/CO[7]
                         net (fo=1, routed)           0.026     0.993    CORES[11].core_inst/trf/matrix_c0/soma[1]__0_carry_n_0
    SLICE_X86Y255        CARRY8 (Prop_CARRY8_SLICEM_CI_O[0])
                                                      0.056     1.049 r  CORES[11].core_inst/trf/matrix_c0/soma[1]__0_carry__0/O[0]
                         net (fo=3, routed)           0.415     1.464    CORES[11].core_inst/trf/matrix_c0/partial[1]_15[8]
    SLICE_X94Y261        LUT3 (Prop_H6LUT_SLICEM_I2_O)
                                                      0.053     1.517 r  CORES[11].core_inst/trf/matrix_c0/soma[1]__0_carry__0_i_6__21/O
                         net (fo=1, routed)           0.344     1.861    CORES[11].core_inst/trf/matrix_c1/r_transform_feature_reg_reg[1][15][1]
    SLICE_X89Y260        CARRY8 (Prop_CARRY8_SLICEM_DI[1]_O[5])
                                                      0.196     2.057 r  CORES[11].core_inst/trf/matrix_c1/soma[1]__0_carry__0/O[5]
                         net (fo=6, routed)           0.277     2.334    CORES[11].core_inst/trf/matrix_c0/r_transform_feature_reg_reg[1][15][5]
    SLICE_X85Y259        LUT6 (Prop_H6LUT_SLICEL_I0_O)
                                                      0.124     2.458 r  CORES[11].core_inst/trf/matrix_c0/r_transform_feature_reg[17][13]_i_6__10/O
                         net (fo=3, routed)           0.085     2.543    CORES[11].core_inst/trf/matrix_c1/r_transform_feature_reg[1][13]_i_2__10
    SLICE_X85Y259        LUT3 (Prop_B5LUT_SLICEL_I2_O)
                                                      0.073     2.616 r  CORES[11].core_inst/trf/matrix_c1/r_transform_feature_reg[1][13]_i_4__10/O
                         net (fo=1, routed)           0.184     2.800    CORES[11].core_inst/trf/matrix_c0/r_transform_feature_reg_reg[1][13]
    SLICE_X85Y259        LUT6 (Prop_G6LUT_SLICEL_I1_O)
                                                      0.089     2.889 r  CORES[11].core_inst/trf/matrix_c0/r_transform_feature_reg[1][13]_i_2__10/O
                         net (fo=1, routed)           0.086     2.975    CORES[11].core_inst/trf/matrix_c0/r_transform_feature_reg[1][13]_i_2__10_n_0
    SLICE_X85Y259        LUT3 (Prop_C6LUT_SLICEL_I0_O)
                                                      0.035     3.010 r  CORES[11].core_inst/trf/matrix_c0/r_transform_feature_reg[1][13]_i_1__10/O
                         net (fo=1, routed)           0.050     3.060    CORES[11].core_inst/trf_n_242
    SLICE_X85Y259        FDCE                                         r  CORES[11].core_inst/r_transform_feature_reg_reg[1][13]/D
  -------------------------------------------------------------------    -------------------

                         (clock clk rise edge)        3.155     3.155 r  
                                                      0.000     3.155 r  clk (IN)
                         net (fo=29474, unset)        0.020     3.175    CORES[11].core_inst/clk
    SLICE_X85Y259        FDCE                                         r  CORES[11].core_inst/r_transform_feature_reg_reg[1][13]/C
                         clock pessimism              0.000     3.175    
                         clock uncertainty           -0.035     3.140    
    SLICE_X85Y259        FDCE (Setup_CFF_SLICEL_C_D)
                                                      0.025     3.165    CORES[11].core_inst/r_transform_feature_reg_reg[1][13]
  -------------------------------------------------------------------
                         required time                          3.165    
                         arrival time                          -3.060    
  -------------------------------------------------------------------
                         slack                                  0.105    

Slack (MET) :             0.105ns  (required time - arrival time)
  Source:                 CORES[12].core_inst/r_input_feat_reg[16][0]/C
                            (rising edge-triggered cell FDCE clocked by clk  {rise@0.000ns fall@1.577ns period=3.155ns})
  Destination:            CORES[12].core_inst/r_transform_feature_reg_reg[1][8]/D
                            (rising edge-triggered cell FDCE clocked by clk  {rise@0.000ns fall@1.577ns period=3.155ns})
  Path Group:             clk
  Path Type:              Setup (Max at Slow Process Corner)
  Requirement:            3.155ns  (clk rise@3.155ns - clk rise@0.000ns)
  Data Path Delay:        3.032ns  (logic 1.115ns (36.775%)  route 1.917ns (63.225%))
  Logic Levels:           9  (CARRY8=3 LUT3=2 LUT6=4)
  Clock Path Skew:        -0.008ns (DCD - SCD + CPR)
    Destination Clock Delay (DCD):    0.021ns = ( 3.176 - 3.155 ) 
    Source Clock Delay      (SCD):    0.029ns
    Clock Pessimism Removal (CPR):    0.000ns
  Clock Uncertainty:      0.035ns  ((TSJ^2 + TIJ^2)^1/2 + DJ) / 2 + PE
    Total System Jitter     (TSJ):    0.071ns
    Total Input Jitter      (TIJ):    0.000ns
    Discrete Jitter          (DJ):    0.000ns
    Phase Error              (PE):    0.000ns

    Location             Delay type                Incr(ns)  Path(ns)    Netlist Resource(s)
  -------------------------------------------------------------------    -------------------
                         (clock clk rise edge)        0.000     0.000 r  
                                                      0.000     0.000 r  clk (IN)
                         net (fo=29474, unset)        0.029     0.029    CORES[12].core_inst/clk
    SLICE_X106Y310       FDCE                                         r  CORES[12].core_inst/r_input_feat_reg[16][0]/C
  -------------------------------------------------------------------    -------------------
    SLICE_X106Y310       FDCE (Prop_GFF_SLICEL_C_Q)
                                                      0.079     0.108 r  CORES[12].core_inst/r_input_feat_reg[16][0]/Q
                         net (fo=17, routed)          0.313     0.421    CORES[12].core_inst/trf/matrix_c0/r_transform_feature_reg_reg[17][15][0]
    SLICE_X105Y313       LUT6 (Prop_B6LUT_SLICEM_I1_O)
                                                      0.149     0.570 r  CORES[12].core_inst/trf/matrix_c0/soma[19]__0_carry_i_14__11/O
                         net (fo=1, routed)           0.016     0.586    CORES[12].core_inst/trf/matrix_c0/soma[19]__0_carry_i_14__11_n_0
    SLICE_X105Y313       CARRY8 (Prop_CARRY8_SLICEM_S[1]_O[5])
                                                      0.237     0.823 r  CORES[12].core_inst/trf/matrix_c0/soma[19]__0_carry/O[5]
                         net (fo=10, routed)          0.513     1.335    CORES[12].core_inst/trf/matrix_c0/w_conv_transform[31]_6[5]
    SLICE_X100Y318       LUT6 (Prop_F6LUT_SLICEL_I4_O)
                                                      0.123     1.458 r  CORES[12].core_inst/trf/matrix_c0/soma[7]__0_carry_i_10__23/O
                         net (fo=1, routed)           0.011     1.469    CORES[12].core_inst/trf/matrix_c1/r_transform_feature_reg_reg[7][7]_0[5]
    SLICE_X100Y318       CARRY8 (Prop_CARRY8_SLICEL_S[5]_CO[7])
                                                      0.155     1.624 r  CORES[12].core_inst/trf/matrix_c1/soma[7]__0_carry/CO[7]
                         net (fo=1, routed)           0.026     1.650    CORES[12].core_inst/trf/matrix_c1/soma[7]__0_carry_n_0
    SLICE_X100Y319       CARRY8 (Prop_CARRY8_SLICEL_CI_O[0])
                                                      0.056     1.706 r  CORES[12].core_inst/trf/matrix_c1/soma[7]__0_carry__0/O[0]
                         net (fo=6, routed)           0.553     2.259    CORES[12].core_inst/trf/matrix_c0/r_transform_feature_reg_reg[7][15][0]
    SLICE_X98Y317        LUT6 (Prop_C6LUT_SLICEL_I5_O)
                                                      0.123     2.382 r  CORES[12].core_inst/trf/matrix_c0/r_transform_feature_reg[17][8]_i_6__11/O
                         net (fo=3, routed)           0.236     2.618    CORES[12].core_inst/trf/matrix_c1/r_transform_feature_reg[1][8]_i_2__11
    SLICE_X96Y316        LUT3 (Prop_E6LUT_SLICEM_I2_O)
                                                      0.052     2.670 r  CORES[12].core_inst/trf/matrix_c1/r_transform_feature_reg[1][8]_i_4__11/O
                         net (fo=1, routed)           0.089     2.759    CORES[12].core_inst/trf/matrix_c0/r_transform_feature_reg_reg[1][8]
    SLICE_X96Y316        LUT6 (Prop_G6LUT_SLICEM_I1_O)
                                                      0.090     2.849 r  CORES[12].core_inst/trf/matrix_c0/r_transform_feature_reg[1][8]_i_2__11/O
                         net (fo=1, routed)           0.089     2.938    CORES[12].core_inst/trf/matrix_c0/r_transform_feature_reg[1][8]_i_2__11_n_0
    SLICE_X96Y316        LUT3 (Prop_D6LUT_SLICEM_I0_O)
                                                      0.051     2.989 r  CORES[12].core_inst/trf/matrix_c0/r_transform_feature_reg[1][8]_i_1__11/O
                         net (fo=1, routed)           0.072     3.061    CORES[12].core_inst/trf_n_247
    SLICE_X96Y316        FDCE                                         r  CORES[12].core_inst/r_transform_feature_reg_reg[1][8]/D
  -------------------------------------------------------------------    -------------------

                         (clock clk rise edge)        3.155     3.155 r  
                                                      0.000     3.155 r  clk (IN)
                         net (fo=29474, unset)        0.021     3.176    CORES[12].core_inst/clk
    SLICE_X96Y316        FDCE                                         r  CORES[12].core_inst/r_transform_feature_reg_reg[1][8]/C
                         clock pessimism              0.000     3.176    
                         clock uncertainty           -0.035     3.141    
    SLICE_X96Y316        FDCE (Setup_DFF_SLICEM_C_D)
                                                      0.025     3.166    CORES[12].core_inst/r_transform_feature_reg_reg[1][8]
  -------------------------------------------------------------------
                         required time                          3.166    
                         arrival time                          -3.061    
  -------------------------------------------------------------------
                         slack                                  0.105    

Slack (MET) :             0.105ns  (required time - arrival time)
  Source:                 CORES[8].core_inst/r_input_feat_reg[12][3]/C
                            (rising edge-triggered cell FDCE clocked by clk  {rise@0.000ns fall@1.577ns period=3.155ns})
  Destination:            CORES[8].core_inst/r_transform_feature_reg_reg[12][14]/D
                            (rising edge-triggered cell FDCE clocked by clk  {rise@0.000ns fall@1.577ns period=3.155ns})
  Path Group:             clk
  Path Type:              Setup (Max at Slow Process Corner)
  Requirement:            3.155ns  (clk rise@3.155ns - clk rise@0.000ns)
  Data Path Delay:        3.032ns  (logic 0.881ns (29.058%)  route 2.151ns (70.942%))
  Logic Levels:           8  (CARRY8=3 LUT3=2 LUT5=1 LUT6=2)
  Clock Path Skew:        -0.008ns (DCD - SCD + CPR)
    Destination Clock Delay (DCD):    0.021ns = ( 3.176 - 3.155 ) 
    Source Clock Delay      (SCD):    0.029ns
    Clock Pessimism Removal (CPR):    0.000ns
  Clock Uncertainty:      0.035ns  ((TSJ^2 + TIJ^2)^1/2 + DJ) / 2 + PE
    Total System Jitter     (TSJ):    0.071ns
    Total Input Jitter      (TIJ):    0.000ns
    Discrete Jitter          (DJ):    0.000ns
    Phase Error              (PE):    0.000ns

    Location             Delay type                Incr(ns)  Path(ns)    Netlist Resource(s)
  -------------------------------------------------------------------    -------------------
                         (clock clk rise edge)        0.000     0.000 r  
                                                      0.000     0.000 r  clk (IN)
                         net (fo=29474, unset)        0.029     0.029    CORES[8].core_inst/clk
    SLICE_X66Y10         FDCE                                         r  CORES[8].core_inst/r_input_feat_reg[12][3]/C
  -------------------------------------------------------------------    -------------------
    SLICE_X66Y10         FDCE (Prop_HFF_SLICEL_C_Q)
                                                      0.079     0.108 f  CORES[8].core_inst/r_input_feat_reg[12][3]/Q
                         net (fo=22, routed)          0.655     0.763    CORES[8].core_inst/trf/matrix_c0/r_transform_feature_reg_reg[8][15]_i_2__7_0[3]
    SLICE_X62Y12         LUT3 (Prop_B6LUT_SLICEL_I0_O)
                                                      0.124     0.887 r  CORES[8].core_inst/trf/matrix_c0/soma[12]__0_carry_i_4__16/O
                         net (fo=1, routed)           0.139     1.026    CORES[8].core_inst/trf/matrix_c0/soma[12]__0_carry_i_4__16_n_0
    SLICE_X63Y12         CARRY8 (Prop_CARRY8_SLICEM_DI[4]_CO[7])
                                                      0.093     1.119 r  CORES[8].core_inst/trf/matrix_c0/soma[12]__0_carry/CO[7]
                         net (fo=1, routed)           0.026     1.145    CORES[8].core_inst/trf/matrix_c0/soma[12]__0_carry_n_0
    SLICE_X63Y13         CARRY8 (Prop_CARRY8_SLICEM_CI_O[0])
                                                      0.056     1.201 f  CORES[8].core_inst/trf/matrix_c0/soma[12]__0_carry__0/O[0]
                         net (fo=15, routed)          0.520     1.720    CORES[8].core_inst/trf/matrix_c0/w_conv_transform[24]_10[8]
    SLICE_X60Y20         LUT3 (Prop_F6LUT_SLICEL_I1_O)
                                                      0.097     1.817 r  CORES[8].core_inst/trf/matrix_c0/soma[12]__0_carry__0_i_6__15/O
                         net (fo=1, routed)           0.173     1.990    CORES[8].core_inst/trf/matrix_c1/r_transform_feature_reg_reg[12][15][1]
    SLICE_X59Y20         CARRY8 (Prop_CARRY8_SLICEL_DI[1]_O[6])
                                                      0.181     2.171 r  CORES[8].core_inst/trf/matrix_c1/soma[12]__0_carry__0/O[6]
                         net (fo=6, routed)           0.323     2.495    CORES[8].core_inst/trf/matrix_c0/r_transform_feature_reg_reg[12][15]_0[6]
    SLICE_X56Y19         LUT6 (Prop_D6LUT_SLICEM_I0_O)
                                                      0.099     2.594 f  CORES[8].core_inst/trf/matrix_c0/r_transform_feature_reg[12][14]_i_4__7/O
                         net (fo=2, routed)           0.212     2.806    CORES[8].core_inst/trf/matrix_c0/r_transform_feature_reg[12][14]_i_4__7_n_0
    SLICE_X54Y25         LUT6 (Prop_D6LUT_SLICEM_I0_O)
                                                      0.051     2.857 r  CORES[8].core_inst/trf/matrix_c0/r_transform_feature_reg[12][14]_i_2__7/O
                         net (fo=1, routed)           0.045     2.902    CORES[8].core_inst/trf/matrix_c0/r_transform_feature_reg[12][14]_i_2__7_n_0
    SLICE_X54Y25         LUT5 (Prop_H6LUT_SLICEM_I0_O)
                                                      0.101     3.003 r  CORES[8].core_inst/trf/matrix_c0/r_transform_feature_reg[12][14]_i_1__7/O
                         net (fo=1, routed)           0.058     3.061    CORES[8].core_inst/trf_n_81
    SLICE_X54Y25         FDCE                                         r  CORES[8].core_inst/r_transform_feature_reg_reg[12][14]/D
  -------------------------------------------------------------------    -------------------

                         (clock clk rise edge)        3.155     3.155 r  
                                                      0.000     3.155 r  clk (IN)
                         net (fo=29474, unset)        0.021     3.176    CORES[8].core_inst/clk
    SLICE_X54Y25         FDCE                                         r  CORES[8].core_inst/r_transform_feature_reg_reg[12][14]/C
                         clock pessimism              0.000     3.176    
                         clock uncertainty           -0.035     3.141    
    SLICE_X54Y25         FDCE (Setup_HFF_SLICEM_C_D)
                                                      0.025     3.166    CORES[8].core_inst/r_transform_feature_reg_reg[12][14]
  -------------------------------------------------------------------
                         required time                          3.166    
                         arrival time                          -3.061    
  -------------------------------------------------------------------
                         slack                                  0.105    

Slack (MET) :             0.105ns  (required time - arrival time)
  Source:                 r_output_write_reg[0][15]_i_75__2/C
                            (rising edge-triggered cell FDCE clocked by clk  {rise@0.000ns fall@1.577ns period=3.155ns})
  Destination:            CORES[7].core_inst/r_output_write_reg[6][15]/D
                            (rising edge-triggered cell FDCE clocked by clk  {rise@0.000ns fall@1.577ns period=3.155ns})
  Path Group:             clk
  Path Type:              Setup (Max at Slow Process Corner)
  Requirement:            3.155ns  (clk rise@3.155ns - clk rise@0.000ns)
  Data Path Delay:        3.030ns  (logic 0.907ns (29.938%)  route 2.123ns (70.062%))
  Logic Levels:           9  (CARRY8=3 LUT2=1 LUT4=1 LUT5=1 LUT6=3)
  Clock Path Skew:        -0.010ns (DCD - SCD + CPR)
    Destination Clock Delay (DCD):    0.020ns = ( 3.175 - 3.155 ) 
    Source Clock Delay      (SCD):    0.030ns
    Clock Pessimism Removal (CPR):    0.000ns
  Clock Uncertainty:      0.035ns  ((TSJ^2 + TIJ^2)^1/2 + DJ) / 2 + PE
    Total System Jitter     (TSJ):    0.071ns
    Total Input Jitter      (TIJ):    0.000ns
    Discrete Jitter          (DJ):    0.000ns
    Phase Error              (PE):    0.000ns

    Location             Delay type                Incr(ns)  Path(ns)    Netlist Resource(s)
  -------------------------------------------------------------------    -------------------
                         (clock clk rise edge)        0.000     0.000 r  
                                                      0.000     0.000 r  clk (IN)
                         net (fo=29474, unset)        0.030     0.030    clk
    SLICE_X67Y185        FDCE                                         r  r_output_write_reg[0][15]_i_75__2/C
  -------------------------------------------------------------------    -------------------
    SLICE_X67Y185        FDCE (Prop_EFF_SLICEM_C_Q)
                                                      0.076     0.106 r  r_output_write_reg[0][15]_i_75__2/Q
                         net (fo=93, routed)          0.703     0.809    CORES[7].core_inst/MAC_LANES[9].multip/r_output_write_reg[0][7]_i_30__6_0
    SLICE_X65Y186        LUT4 (Prop_G6LUT_SLICEL_I0_O)
                                                      0.149     0.958 r  CORES[7].core_inst/MAC_LANES[9].multip/r_output_write[0][7]_i_35__6/O
                         net (fo=2, routed)           0.176     1.134    CORES[7].core_inst/MAC_LANES[9].multip/r_output_write[0][7]_i_35__6_n_0
    SLICE_X64Y186        LUT5 (Prop_F6LUT_SLICEM_I2_O)
                                                      0.051     1.185 r  CORES[7].core_inst/MAC_LANES[9].multip/r_output_write[0][7]_i_42__6/O
                         net (fo=1, routed)           0.022     1.207    CORES[7].core_inst/MAC_LANES[9].multip/r_output_write[0][7]_i_42__6_n_0
    SLICE_X64Y186        CARRY8 (Prop_CARRY8_SLICEM_S[5]_CO[7])
                                                      0.159     1.366 r  CORES[7].core_inst/MAC_LANES[9].multip/r_output_write_reg[0][7]_i_30__6/CO[7]
                         net (fo=1, routed)           0.026     1.392    CORES[7].core_inst/MAC_LANES[9].multip/r_output_write_reg[0][7]_i_30__6_n_0
    SLICE_X64Y187        CARRY8 (Prop_CARRY8_SLICEM_CI_O[3])
                                                      0.082     1.474 r  CORES[7].core_inst/MAC_LANES[9].multip/r_output_write_reg[0][15]_i_57__6/O[3]
                         net (fo=6, routed)           0.375     1.849    CORES[7].core_inst/MAC_LANES[3].multip/w_inverse_partial_current[3]_70[10]
    SLICE_X65Y194        LUT6 (Prop_A6LUT_SLICEL_I5_O)
                                                      0.098     1.947 r  CORES[7].core_inst/MAC_LANES[3].multip/r_output_write[6][15]_i_21__6/O
                         net (fo=2, routed)           0.314     2.261    CORES[7].core_inst/MAC_LANES[15].multip/r_output_write_reg[6][15]_i_2__6_12
    SLICE_X61Y194        LUT6 (Prop_C6LUT_SLICEM_I5_O)
                                                      0.088     2.349 r  CORES[7].core_inst/MAC_LANES[15].multip/r_output_write[6][15]_i_4__6/O
                         net (fo=2, routed)           0.325     2.674    CORES[7].core_inst/MAC_LANES[15].multip/r_output_write[6][15]_i_4__6_n_0
    SLICE_X62Y196        LUT6 (Prop_F6LUT_SLICEL_I0_O)
                                                      0.035     2.709 r  CORES[7].core_inst/MAC_LANES[15].multip/r_output_write[6][15]_i_12__6/O
                         net (fo=1, routed)           0.011     2.720    CORES[7].core_inst/MAC_LANES[15].multip/r_output_write[6][15]_i_12__6_n_0
    SLICE_X62Y196        CARRY8 (Prop_CARRY8_SLICEL_S[5]_O[7])
                                                      0.134     2.854 r  CORES[7].core_inst/MAC_LANES[15].multip/r_output_write_reg[6][15]_i_2__6/O[7]
                         net (fo=1, routed)           0.125     2.979    CORES[7].core_inst/MAC_LANES[15].multip/w_output_acc_next[6]_76[15]
    SLICE_X62Y198        LUT2 (Prop_E6LUT_SLICEL_I1_O)
                                                      0.035     3.014 r  CORES[7].core_inst/MAC_LANES[15].multip/r_output_write[6][15]_i_1__6/O
                         net (fo=1, routed)           0.046     3.060    CORES[7].core_inst/MAC_LANES[15].multip_n_49
    SLICE_X62Y198        FDCE                                         r  CORES[7].core_inst/r_output_write_reg[6][15]/D
  -------------------------------------------------------------------    -------------------

                         (clock clk rise edge)        3.155     3.155 r  
                                                      0.000     3.155 r  clk (IN)
                         net (fo=29474, unset)        0.020     3.175    CORES[7].core_inst/clk
    SLICE_X62Y198        FDCE                                         r  CORES[7].core_inst/r_output_write_reg[6][15]/C
                         clock pessimism              0.000     3.175    
                         clock uncertainty           -0.035     3.140    
    SLICE_X62Y198        FDCE (Setup_EFF_SLICEL_C_D)
                                                      0.025     3.165    CORES[7].core_inst/r_output_write_reg[6][15]
  -------------------------------------------------------------------
                         required time                          3.165    
                         arrival time                          -3.060    
  -------------------------------------------------------------------
                         slack                                  0.105    

Slack (MET) :             0.105ns  (required time - arrival time)
  Source:                 CORES[13].core_inst/r_input_feat_reg[22][5]/C
                            (rising edge-triggered cell FDCE clocked by clk  {rise@0.000ns fall@1.577ns period=3.155ns})
  Destination:            CORES[13].core_inst/r_transform_feature_reg_reg[14][15]/D
                            (rising edge-triggered cell FDCE clocked by clk  {rise@0.000ns fall@1.577ns period=3.155ns})
  Path Group:             clk
  Path Type:              Setup (Max at Slow Process Corner)
  Requirement:            3.155ns  (clk rise@3.155ns - clk rise@0.000ns)
  Data Path Delay:        3.029ns  (logic 1.040ns (34.331%)  route 1.989ns (65.669%))
  Logic Levels:           9  (CARRY8=3 LUT3=2 LUT5=1 LUT6=3)
  Clock Path Skew:        -0.010ns (DCD - SCD + CPR)
    Destination Clock Delay (DCD):    0.020ns = ( 3.175 - 3.155 ) 
    Source Clock Delay      (SCD):    0.030ns
    Clock Pessimism Removal (CPR):    0.000ns
  Clock Uncertainty:      0.035ns  ((TSJ^2 + TIJ^2)^1/2 + DJ) / 2 + PE
    Total System Jitter     (TSJ):    0.071ns
    Total Input Jitter      (TIJ):    0.000ns
    Discrete Jitter          (DJ):    0.000ns
    Phase Error              (PE):    0.000ns

    Location             Delay type                Incr(ns)  Path(ns)    Netlist Resource(s)
  -------------------------------------------------------------------    -------------------
                         (clock clk rise edge)        0.000     0.000 r  
                                                      0.000     0.000 r  clk (IN)
                         net (fo=29474, unset)        0.030     0.030    CORES[13].core_inst/clk
    SLICE_X49Y244        FDCE                                         r  CORES[13].core_inst/r_input_feat_reg[22][5]/C
  -------------------------------------------------------------------    -------------------
    SLICE_X49Y244        FDCE (Prop_HFF_SLICEM_C_Q)
                                                      0.079     0.109 r  CORES[13].core_inst/r_input_feat_reg[22][5]/Q
                         net (fo=11, routed)          0.443     0.552    CORES[13].core_inst/trf/matrix_c0/soma[26]__0_carry_2[5]
    SLICE_X50Y250        LUT6 (Prop_F6LUT_SLICEM_I3_O)
                                                      0.148     0.700 r  CORES[13].core_inst/trf/matrix_c0/soma[26]__0_carry_i_10__12/O
                         net (fo=1, routed)           0.022     0.722    CORES[13].core_inst/trf/matrix_c0/soma[26]__0_carry_i_10__12_n_0
    SLICE_X50Y250        CARRY8 (Prop_CARRY8_SLICEM_S[5]_CO[7])
                                                      0.159     0.881 r  CORES[13].core_inst/trf/matrix_c0/soma[26]__0_carry/CO[7]
                         net (fo=1, routed)           0.026     0.907    CORES[13].core_inst/trf/matrix_c0/soma[26]__0_carry_n_0
    SLICE_X50Y251        CARRY8 (Prop_CARRY8_SLICEM_CI_O[1])
                                                      0.076     0.983 r  CORES[13].core_inst/trf/matrix_c0/soma[26]__0_carry__0/O[1]
                         net (fo=3, routed)           0.456     1.438    CORES[13].core_inst/trf/matrix_c0/partial[26]_2[9]
    SLICE_X57Y256        LUT3 (Prop_B5LUT_SLICEM_I2_O)
                                                      0.072     1.510 r  CORES[13].core_inst/trf/matrix_c0/soma[14]__0_carry__0_i_5__25/O
                         net (fo=1, routed)           0.342     1.852    CORES[13].core_inst/trf/matrix_c1/r_transform_feature_reg_reg[14][15][2]
    SLICE_X57Y255        CARRY8 (Prop_CARRY8_SLICEM_DI[2]_O[7])
                                                      0.188     2.040 r  CORES[13].core_inst/trf/matrix_c1/soma[14]__0_carry__0/O[7]
                         net (fo=6, routed)           0.346     2.386    CORES[13].core_inst/trf/matrix_c0/r_transform_feature_reg_reg[14][15][7]
    SLICE_X59Y263        LUT6 (Prop_G6LUT_SLICEL_I0_O)
                                                      0.097     2.483 r  CORES[13].core_inst/trf/matrix_c0/r_transform_feature_reg[6][15]_i_4__12/O
                         net (fo=2, routed)           0.154     2.637    CORES[13].core_inst/trf/matrix_c0/r_transform_feature_reg[6][15]_i_4__12_n_0
    SLICE_X59Y264        LUT5 (Prop_B6LUT_SLICEL_I2_O)
                                                      0.051     2.688 r  CORES[13].core_inst/trf/matrix_c0/r_transform_feature_reg[14][15]_i_4__12/O
                         net (fo=1, routed)           0.095     2.783    CORES[13].core_inst/trf/matrix_c0/r_transform_feature_reg[14][15]_i_4__12_n_0
    SLICE_X59Y266        LUT6 (Prop_G6LUT_SLICEL_I3_O)
                                                      0.097     2.880 r  CORES[13].core_inst/trf/matrix_c0/r_transform_feature_reg[14][15]_i_2__12/O
                         net (fo=1, routed)           0.088     2.968    CORES[13].core_inst/trf/matrix_c0/r_transform_feature_reg[14][15]_i_2__12_n_0
    SLICE_X59Y266        LUT3 (Prop_B5LUT_SLICEL_I0_O)
                                                      0.073     3.041 r  CORES[13].core_inst/trf/matrix_c0/r_transform_feature_reg[14][15]_i_1__12/O
                         net (fo=1, routed)           0.018     3.059    CORES[13].core_inst/trf_n_48
    SLICE_X59Y266        FDCE                                         r  CORES[13].core_inst/r_transform_feature_reg_reg[14][15]/D
  -------------------------------------------------------------------    -------------------

                         (clock clk rise edge)        3.155     3.155 r  
                                                      0.000     3.155 r  clk (IN)
                         net (fo=29474, unset)        0.020     3.175    CORES[13].core_inst/clk
    SLICE_X59Y266        FDCE                                         r  CORES[13].core_inst/r_transform_feature_reg_reg[14][15]/C
                         clock pessimism              0.000     3.175    
                         clock uncertainty           -0.035     3.140    
    SLICE_X59Y266        FDCE (Setup_BFF2_SLICEL_C_D)
                                                      0.025     3.165    CORES[13].core_inst/r_transform_feature_reg_reg[14][15]
  -------------------------------------------------------------------
                         required time                          3.165    
                         arrival time                          -3.059    
  -------------------------------------------------------------------
                         slack                                  0.105    

Slack (MET) :             0.106ns  (required time - arrival time)
  Source:                 CORES[4].core_inst/r_input_feat_reg[2][0]/C
                            (rising edge-triggered cell FDCE clocked by clk  {rise@0.000ns fall@1.577ns period=3.155ns})
  Destination:            CORES[4].core_inst/r_transform_feature_reg_reg[15][14]/D
                            (rising edge-triggered cell FDCE clocked by clk  {rise@0.000ns fall@1.577ns period=3.155ns})
  Path Group:             clk
  Path Type:              Setup (Max at Slow Process Corner)
  Requirement:            3.155ns  (clk rise@3.155ns - clk rise@0.000ns)
  Data Path Delay:        3.030ns  (logic 0.896ns (29.570%)  route 2.134ns (70.430%))
  Logic Levels:           8  (CARRY8=3 LUT3=2 LUT6=3)
  Clock Path Skew:        -0.009ns (DCD - SCD + CPR)
    Destination Clock Delay (DCD):    0.020ns = ( 3.175 - 3.155 ) 
    Source Clock Delay      (SCD):    0.029ns
    Clock Pessimism Removal (CPR):    0.000ns
  Clock Uncertainty:      0.035ns  ((TSJ^2 + TIJ^2)^1/2 + DJ) / 2 + PE
    Total System Jitter     (TSJ):    0.071ns
    Total Input Jitter      (TIJ):    0.000ns
    Discrete Jitter          (DJ):    0.000ns
    Phase Error              (PE):    0.000ns

    Location             Delay type                Incr(ns)  Path(ns)    Netlist Resource(s)
  -------------------------------------------------------------------    -------------------
                         (clock clk rise edge)        0.000     0.000 r  
                                                      0.000     0.000 r  clk (IN)
                         net (fo=29474, unset)        0.029     0.029    CORES[4].core_inst/clk
    SLICE_X103Y214       FDCE                                         r  CORES[4].core_inst/r_input_feat_reg[2][0]/C
  -------------------------------------------------------------------    -------------------
    SLICE_X103Y214       FDCE (Prop_GFF_SLICEL_C_Q)
                                                      0.079     0.108 r  CORES[4].core_inst/r_input_feat_reg[2][0]/Q
                         net (fo=11, routed)          0.318     0.426    CORES[4].core_inst/trf/matrix_c0/soma[2]__0_carry_4[0]
    SLICE_X102Y213       LUT6 (Prop_B6LUT_SLICEL_I2_O)
                                                      0.124     0.550 r  CORES[4].core_inst/trf/matrix_c0/soma[0]__0_carry_i_14__8/O
                         net (fo=1, routed)           0.009     0.559    CORES[4].core_inst/trf/matrix_c0/soma[0]__0_carry_i_14__8_n_0
    SLICE_X102Y213       CARRY8 (Prop_CARRY8_SLICEL_S[1]_O[4])
                                                      0.200     0.759 r  CORES[4].core_inst/trf/matrix_c0/soma[0]__0_carry/O[4]
                         net (fo=3, routed)           0.546     1.305    CORES[4].core_inst/trf/matrix_c0/partial[0]_16[4]
    SLICE_X98Y210        LUT3 (Prop_E6LUT_SLICEL_I2_O)
                                                      0.035     1.340 r  CORES[4].core_inst/trf/matrix_c0/soma[0]__0_carry_i_3__7/O
                         net (fo=1, routed)           0.336     1.676    CORES[4].core_inst/trf/matrix_c1/r_transform_feature_reg_reg[0][7][4]
    SLICE_X97Y209        CARRY8 (Prop_CARRY8_SLICEL_DI[5]_CO[7])
                                                      0.083     1.759 r  CORES[4].core_inst/trf/matrix_c1/soma[0]__0_carry/CO[7]
                         net (fo=1, routed)           0.052     1.811    CORES[4].core_inst/trf/matrix_c1/soma[0]__0_carry_n_0
    SLICE_X97Y210        CARRY8 (Prop_CARRY8_SLICEL_CI_O[6])
                                                      0.103     1.914 r  CORES[4].core_inst/trf/matrix_c1/soma[0]__0_carry__0/O[6]
                         net (fo=15, routed)          0.590     2.504    CORES[4].core_inst/trf/matrix_c0/r_transform_feature_reg_reg[0][15]_0[6]
    SLICE_X108Y211       LUT6 (Prop_A6LUT_SLICEL_I3_O)
                                                      0.098     2.602 r  CORES[4].core_inst/trf/matrix_c0/r_transform_feature_reg[7][14]_i_3__3/O
                         net (fo=2, routed)           0.101     2.703    CORES[4].core_inst/trf/matrix_c0/r_transform_feature_reg[7][14]_i_3__3_n_0
    SLICE_X108Y211       LUT6 (Prop_H6LUT_SLICEL_I3_O)
                                                      0.124     2.827 r  CORES[4].core_inst/trf/matrix_c0/r_transform_feature_reg[15][14]_i_2__3/O
                         net (fo=1, routed)           0.133     2.960    CORES[4].core_inst/trf/matrix_c0/r_transform_feature_reg[15][14]_i_2__3_n_0
    SLICE_X108Y211       LUT3 (Prop_D6LUT_SLICEL_I0_O)
                                                      0.050     3.010 r  CORES[4].core_inst/trf/matrix_c0/r_transform_feature_reg[15][14]_i_1__3/O
                         net (fo=1, routed)           0.049     3.059    CORES[4].core_inst/trf_n_33
    SLICE_X108Y211       FDCE                                         r  CORES[4].core_inst/r_transform_feature_reg_reg[15][14]/D
  -------------------------------------------------------------------    -------------------

                         (clock clk rise edge)        3.155     3.155 r  
                                                      0.000     3.155 r  clk (IN)
                         net (fo=29474, unset)        0.020     3.175    CORES[4].core_inst/clk
    SLICE_X108Y211       FDCE                                         r  CORES[4].core_inst/r_transform_feature_reg_reg[15][14]/C
                         clock pessimism              0.000     3.175    
                         clock uncertainty           -0.035     3.140    
    SLICE_X108Y211       FDCE (Setup_DFF_SLICEL_C_D)
                                                      0.025     3.165    CORES[4].core_inst/r_transform_feature_reg_reg[15][14]
  -------------------------------------------------------------------
                         required time                          3.165    
                         arrival time                          -3.059    
  -------------------------------------------------------------------
                         slack                                  0.106    

Slack (MET) :             0.106ns  (required time - arrival time)
  Source:                 CORES[8].core_inst/r_input_feat_reg[13][3]/C
                            (rising edge-triggered cell FDCE clocked by clk  {rise@0.000ns fall@1.577ns period=3.155ns})
  Destination:            CORES[8].core_inst/r_transform_feature_reg_reg[8][13]/D
                            (rising edge-triggered cell FDCE clocked by clk  {rise@0.000ns fall@1.577ns period=3.155ns})
  Path Group:             clk
  Path Type:              Setup (Max at Slow Process Corner)
  Requirement:            3.155ns  (clk rise@3.155ns - clk rise@0.000ns)
  Data Path Delay:        3.031ns  (logic 0.997ns (32.897%)  route 2.034ns (67.103%))
  Logic Levels:           9  (CARRY8=3 LUT3=1 LUT5=2 LUT6=2 MUXF7=1)
  Clock Path Skew:        -0.008ns (DCD - SCD + CPR)
    Destination Clock Delay (DCD):    0.021ns = ( 3.176 - 3.155 ) 
    Source Clock Delay      (SCD):    0.029ns
    Clock Pessimism Removal (CPR):    0.000ns
  Clock Uncertainty:      0.035ns  ((TSJ^2 + TIJ^2)^1/2 + DJ) / 2 + PE
    Total System Jitter     (TSJ):    0.071ns
    Total Input Jitter      (TIJ):    0.000ns
    Discrete Jitter          (DJ):    0.000ns
    Phase Error              (PE):    0.000ns

    Location             Delay type                Incr(ns)  Path(ns)    Netlist Resource(s)
  -------------------------------------------------------------------    -------------------
                         (clock clk rise edge)        0.000     0.000 r  
                                                      0.000     0.000 r  clk (IN)
                         net (fo=29474, unset)        0.029     0.029    CORES[8].core_inst/clk
    SLICE_X66Y11         FDCE                                         r  CORES[8].core_inst/r_input_feat_reg[13][3]/C
  -------------------------------------------------------------------    -------------------
    SLICE_X66Y11         FDCE (Prop_HFF_SLICEL_C_Q)
                                                      0.079     0.108 r  CORES[8].core_inst/r_input_feat_reg[13][3]/Q
                         net (fo=17, routed)          0.676     0.784    CORES[8].core_inst/trf/matrix_c0/r_transform_feature_reg[17][15]_i_7__7_0[3]
    SLICE_X62Y15         LUT6 (Prop_D6LUT_SLICEL_I4_O)
                                                      0.122     0.906 r  CORES[8].core_inst/trf/matrix_c0/soma[14]__0_carry_i_12__16/O
                         net (fo=1, routed)           0.009     0.915    CORES[8].core_inst/trf/matrix_c0/soma[14]__0_carry_i_12__16_n_0
    SLICE_X62Y15         CARRY8 (Prop_CARRY8_SLICEL_S[3]_CO[7])
                                                      0.154     1.069 r  CORES[8].core_inst/trf/matrix_c0/soma[14]__0_carry/CO[7]
                         net (fo=1, routed)           0.026     1.095    CORES[8].core_inst/trf/matrix_c0/soma[14]__0_carry_n_0
    SLICE_X62Y16         CARRY8 (Prop_CARRY8_SLICEL_CI_O[2])
                                                      0.067     1.162 r  CORES[8].core_inst/trf/matrix_c0/soma[14]__0_carry__0/O[2]
                         net (fo=16, routed)          0.479     1.640    CORES[8].core_inst/trf/matrix_c0/w_conv_transform[26]_8[10]
    SLICE_X57Y21         LUT3 (Prop_E6LUT_SLICEM_I2_O)
                                                      0.100     1.740 r  CORES[8].core_inst/trf/matrix_c0/soma[8]__0_carry__0_i_4__15/O
                         net (fo=1, routed)           0.237     1.977    CORES[8].core_inst/trf/matrix_c1/r_transform_feature_reg_reg[8][15][3]
    SLICE_X56Y23         CARRY8 (Prop_CARRY8_SLICEM_DI[3]_O[5])
                                                      0.182     2.159 r  CORES[8].core_inst/trf/matrix_c1/soma[8]__0_carry__0/O[5]
                         net (fo=7, routed)           0.244     2.404    CORES[8].core_inst/trf/matrix_c0/w_conv_transform[8]__0[10]
    SLICE_X57Y22         LUT6 (Prop_D6LUT_SLICEM_I0_O)
                                                      0.099     2.503 r  CORES[8].core_inst/trf/matrix_c0/r_transform_feature_reg[16][13]_i_7__7/O
                         net (fo=2, routed)           0.137     2.640    CORES[8].core_inst/trf/matrix_c0/r_transform_feature_reg[16][13]_i_7__7_n_0
    SLICE_X57Y23         LUT5 (Prop_D6LUT_SLICEM_I4_O)
                                                      0.037     2.677 r  CORES[8].core_inst/trf/matrix_c0/r_transform_feature_reg[8][13]_i_4__7/O
                         net (fo=1, routed)           0.025     2.702    CORES[8].core_inst/trf/matrix_c0/r_transform_feature_reg[8][13]_i_4__7_n_0
    SLICE_X57Y23         MUXF7 (Prop_F7MUX_CD_SLICEM_I0_O)
                                                      0.069     2.771 r  CORES[8].core_inst/trf/matrix_c0/r_transform_feature_reg_reg[8][13]_i_2__7/O
                         net (fo=1, routed)           0.135     2.906    CORES[8].core_inst/trf/matrix_c0/r_transform_feature_reg_reg[8][13]_i_2__7_n_0
    SLICE_X57Y21         LUT5 (Prop_C6LUT_SLICEM_I0_O)
                                                      0.088     2.994 r  CORES[8].core_inst/trf/matrix_c0/r_transform_feature_reg[8][13]_i_1__7/O
                         net (fo=1, routed)           0.066     3.060    CORES[8].core_inst/trf_n_130
    SLICE_X57Y21         FDCE                                         r  CORES[8].core_inst/r_transform_feature_reg_reg[8][13]/D
  -------------------------------------------------------------------    -------------------

                         (clock clk rise edge)        3.155     3.155 r  
                                                      0.000     3.155 r  clk (IN)
                         net (fo=29474, unset)        0.021     3.176    CORES[8].core_inst/clk
    SLICE_X57Y21         FDCE                                         r  CORES[8].core_inst/r_transform_feature_reg_reg[8][13]/C
                         clock pessimism              0.000     3.176    
                         clock uncertainty           -0.035     3.141    
    SLICE_X57Y21         FDCE (Setup_CFF_SLICEM_C_D)
                                                      0.025     3.166    CORES[8].core_inst/r_transform_feature_reg_reg[8][13]
  -------------------------------------------------------------------
                         required time                          3.166    
                         arrival time                          -3.060    
  -------------------------------------------------------------------
                         slack                                  0.106    

Slack (MET) :             0.106ns  (required time - arrival time)
  Source:                 CORES[8].core_inst/r_input_feat_reg[12][3]/C
                            (rising edge-triggered cell FDCE clocked by clk  {rise@0.000ns fall@1.577ns period=3.155ns})
  Destination:            CORES[8].core_inst/r_transform_feature_reg_reg[12][12]/D
                            (rising edge-triggered cell FDCE clocked by clk  {rise@0.000ns fall@1.577ns period=3.155ns})
  Path Group:             clk
  Path Type:              Setup (Max at Slow Process Corner)
  Requirement:            3.155ns  (clk rise@3.155ns - clk rise@0.000ns)
  Data Path Delay:        3.030ns  (logic 0.834ns (27.522%)  route 2.196ns (72.478%))
  Logic Levels:           8  (CARRY8=3 LUT3=2 LUT5=2 LUT6=1)
  Clock Path Skew:        -0.008ns (DCD - SCD + CPR)
    Destination Clock Delay (DCD):    0.021ns = ( 3.176 - 3.155 ) 
    Source Clock Delay      (SCD):    0.029ns
    Clock Pessimism Removal (CPR):    0.000ns
  Clock Uncertainty:      0.035ns  ((TSJ^2 + TIJ^2)^1/2 + DJ) / 2 + PE
    Total System Jitter     (TSJ):    0.071ns
    Total Input Jitter      (TIJ):    0.000ns
    Discrete Jitter          (DJ):    0.000ns
    Phase Error              (PE):    0.000ns

    Location             Delay type                Incr(ns)  Path(ns)    Netlist Resource(s)
  -------------------------------------------------------------------    -------------------
                         (clock clk rise edge)        0.000     0.000 r  
                                                      0.000     0.000 r  clk (IN)
                         net (fo=29474, unset)        0.029     0.029    CORES[8].core_inst/clk
    SLICE_X66Y10         FDCE                                         r  CORES[8].core_inst/r_input_feat_reg[12][3]/C
  -------------------------------------------------------------------    -------------------
    SLICE_X66Y10         FDCE (Prop_HFF_SLICEL_C_Q)
                                                      0.079     0.108 f  CORES[8].core_inst/r_input_feat_reg[12][3]/Q
                         net (fo=22, routed)          0.655     0.763    CORES[8].core_inst/trf/matrix_c0/r_transform_feature_reg_reg[8][15]_i_2__7_0[3]
    SLICE_X62Y12         LUT3 (Prop_B6LUT_SLICEL_I0_O)
                                                      0.124     0.887 r  CORES[8].core_inst/trf/matrix_c0/soma[12]__0_carry_i_4__16/O
                         net (fo=1, routed)           0.139     1.026    CORES[8].core_inst/trf/matrix_c0/soma[12]__0_carry_i_4__16_n_0
    SLICE_X63Y12         CARRY8 (Prop_CARRY8_SLICEM_DI[4]_CO[7])
                                                      0.093     1.119 r  CORES[8].core_inst/trf/matrix_c0/soma[12]__0_carry/CO[7]
                         net (fo=1, routed)           0.026     1.145    CORES[8].core_inst/trf/matrix_c0/soma[12]__0_carry_n_0
    SLICE_X63Y13         CARRY8 (Prop_CARRY8_SLICEM_CI_O[2])
                                                      0.067     1.212 r  CORES[8].core_inst/trf/matrix_c0/soma[12]__0_carry__0/O[2]
                         net (fo=15, routed)          0.541     1.753    CORES[8].core_inst/trf/matrix_c0/w_conv_transform[24]_10[10]
    SLICE_X57Y21         LUT3 (Prop_G6LUT_SLICEM_I2_O)
                                                      0.037     1.790 r  CORES[8].core_inst/trf/matrix_c0/soma[6]__0_carry__0_i_4__15/O
                         net (fo=1, routed)           0.365     2.155    CORES[8].core_inst/trf/matrix_c1/r_transform_feature_reg_reg[6][15][3]
    SLICE_X56Y21         CARRY8 (Prop_CARRY8_SLICEM_DI[3]_O[4])
                                                      0.147     2.302 r  CORES[8].core_inst/trf/matrix_c1/soma[6]__0_carry__0/O[4]
                         net (fo=7, routed)           0.138     2.440    CORES[8].core_inst/trf/matrix_c1/soma[6]__0_carry__0_i_15__15[4]
    SLICE_X56Y19         LUT6 (Prop_H6LUT_SLICEM_I1_O)
                                                      0.039     2.479 f  CORES[8].core_inst/trf/matrix_c1/r_transform_feature_reg[12][12]_i_7__7/O
                         net (fo=2, routed)           0.178     2.657    CORES[8].core_inst/trf/matrix_c0/r_transform_feature_reg_reg[12][12]
    SLICE_X54Y23         LUT5 (Prop_G6LUT_SLICEM_I4_O)
                                                      0.123     2.780 r  CORES[8].core_inst/trf/matrix_c0/r_transform_feature_reg[12][12]_i_3__7/O
                         net (fo=1, routed)           0.095     2.875    CORES[8].core_inst/trf/matrix_c0/r_transform_feature_reg[12][12]_i_3__7_n_0
    SLICE_X54Y22         LUT5 (Prop_B6LUT_SLICEM_I2_O)
                                                      0.125     3.000 r  CORES[8].core_inst/trf/matrix_c0/r_transform_feature_reg[12][12]_i_1__7/O
                         net (fo=1, routed)           0.059     3.059    CORES[8].core_inst/trf_n_83
    SLICE_X54Y22         FDCE                                         r  CORES[8].core_inst/r_transform_feature_reg_reg[12][12]/D
  -------------------------------------------------------------------    -------------------

                         (clock clk rise edge)        3.155     3.155 r  
                                                      0.000     3.155 r  clk (IN)
                         net (fo=29474, unset)        0.021     3.176    CORES[8].core_inst/clk
    SLICE_X54Y22         FDCE                                         r  CORES[8].core_inst/r_transform_feature_reg_reg[12][12]/C
                         clock pessimism              0.000     3.176    
                         clock uncertainty           -0.035     3.141    
    SLICE_X54Y22         FDCE (Setup_BFF_SLICEM_C_D)
                                                      0.025     3.166    CORES[8].core_inst/r_transform_feature_reg_reg[12][12]
  -------------------------------------------------------------------
                         required time                          3.166    
                         arrival time                          -3.059    
  -------------------------------------------------------------------
                         slack                                  0.106    

Slack (MET) :             0.107ns  (required time - arrival time)
  Source:                 CORES[8].core_inst/r_input_feat_reg[12][3]/C
                            (rising edge-triggered cell FDCE clocked by clk  {rise@0.000ns fall@1.577ns period=3.155ns})
  Destination:            CORES[8].core_inst/r_transform_feature_reg_reg[10][9]/D
                            (rising edge-triggered cell FDCE clocked by clk  {rise@0.000ns fall@1.577ns period=3.155ns})
  Path Group:             clk
  Path Type:              Setup (Max at Slow Process Corner)
  Requirement:            3.155ns  (clk rise@3.155ns - clk rise@0.000ns)
  Data Path Delay:        3.030ns  (logic 0.879ns (29.011%)  route 2.151ns (70.989%))
  Logic Levels:           8  (CARRY8=3 LUT3=2 LUT5=2 LUT6=1)
  Clock Path Skew:        -0.008ns (DCD - SCD + CPR)
    Destination Clock Delay (DCD):    0.021ns = ( 3.176 - 3.155 ) 
    Source Clock Delay      (SCD):    0.029ns
    Clock Pessimism Removal (CPR):    0.000ns
  Clock Uncertainty:      0.035ns  ((TSJ^2 + TIJ^2)^1/2 + DJ) / 2 + PE
    Total System Jitter     (TSJ):    0.071ns
    Total Input Jitter      (TIJ):    0.000ns
    Discrete Jitter          (DJ):    0.000ns
    Phase Error              (PE):    0.000ns

    Location             Delay type                Incr(ns)  Path(ns)    Netlist Resource(s)
  -------------------------------------------------------------------    -------------------
                         (clock clk rise edge)        0.000     0.000 r  
                                                      0.000     0.000 r  clk (IN)
                         net (fo=29474, unset)        0.029     0.029    CORES[8].core_inst/clk
    SLICE_X66Y10         FDCE                                         r  CORES[8].core_inst/r_input_feat_reg[12][3]/C
  -------------------------------------------------------------------    -------------------
    SLICE_X66Y10         FDCE (Prop_HFF_SLICEL_C_Q)
                                                      0.079     0.108 f  CORES[8].core_inst/r_input_feat_reg[12][3]/Q
                         net (fo=22, routed)          0.655     0.763    CORES[8].core_inst/trf/matrix_c0/r_transform_feature_reg_reg[8][15]_i_2__7_0[3]
    SLICE_X62Y12         LUT3 (Prop_B6LUT_SLICEL_I0_O)
                                                      0.124     0.887 r  CORES[8].core_inst/trf/matrix_c0/soma[12]__0_carry_i_4__16/O
                         net (fo=1, routed)           0.139     1.026    CORES[8].core_inst/trf/matrix_c0/soma[12]__0_carry_i_4__16_n_0
    SLICE_X63Y12         CARRY8 (Prop_CARRY8_SLICEM_DI[4]_O[6])
                                                      0.115     1.141 f  CORES[8].core_inst/trf/matrix_c0/soma[12]__0_carry/O[6]
                         net (fo=15, routed)          0.528     1.669    CORES[8].core_inst/trf/matrix_c0/w_conv_transform[24]_10[6]
    SLICE_X59Y18         LUT3 (Prop_H6LUT_SLICEL_I1_O)
                                                      0.099     1.768 r  CORES[8].core_inst/trf/matrix_c0/soma[12]__0_carry_i_1__15/O
                         net (fo=1, routed)           0.198     1.966    CORES[8].core_inst/trf/matrix_c1/r_transform_feature_reg_reg[12][7][6]
    SLICE_X59Y19         CARRY8 (Prop_CARRY8_SLICEL_DI[7]_CO[7])
                                                      0.051     2.017 r  CORES[8].core_inst/trf/matrix_c1/soma[12]__0_carry/CO[7]
                         net (fo=1, routed)           0.026     2.043    CORES[8].core_inst/trf/matrix_c1/soma[12]__0_carry_n_0
    SLICE_X59Y20         CARRY8 (Prop_CARRY8_SLICEL_CI_O[1])
                                                      0.076     2.119 r  CORES[8].core_inst/trf/matrix_c1/soma[12]__0_carry__0/O[1]
                         net (fo=6, routed)           0.324     2.443    CORES[8].core_inst/trf/matrix_c1/soma[12]__0_carry__0_i_15__15[1]
    SLICE_X58Y32         LUT6 (Prop_C6LUT_SLICEL_I1_O)
                                                      0.088     2.531 r  CORES[8].core_inst/trf/matrix_c1/r_transform_feature_reg[10][9]_i_5__7/O
                         net (fo=2, routed)           0.062     2.593    CORES[8].core_inst/trf/matrix_c0/r_transform_feature_reg_reg[2][9]
    SLICE_X58Y32         LUT5 (Prop_F6LUT_SLICEL_I2_O)
                                                      0.148     2.741 r  CORES[8].core_inst/trf/matrix_c0/r_transform_feature_reg[10][9]_i_2__7/O
                         net (fo=1, routed)           0.147     2.888    CORES[8].core_inst/trf/matrix_c0/r_transform_feature_reg[10][9]_i_2__7_n_0
    SLICE_X56Y33         LUT5 (Prop_D6LUT_SLICEM_I0_O)
                                                      0.099     2.987 r  CORES[8].core_inst/trf/matrix_c0/r_transform_feature_reg[10][9]_i_1__7/O
                         net (fo=1, routed)           0.072     3.059    CORES[8].core_inst/trf_n_118
    SLICE_X56Y33         FDCE                                         r  CORES[8].core_inst/r_transform_feature_reg_reg[10][9]/D
  -------------------------------------------------------------------    -------------------

                         (clock clk rise edge)        3.155     3.155 r  
                                                      0.000     3.155 r  clk (IN)
                         net (fo=29474, unset)        0.021     3.176    CORES[8].core_inst/clk
    SLICE_X56Y33         FDCE                                         r  CORES[8].core_inst/r_transform_feature_reg_reg[10][9]/C
                         clock pessimism              0.000     3.176    
                         clock uncertainty           -0.035     3.141    
    SLICE_X56Y33         FDCE (Setup_DFF_SLICEM_C_D)
                                                      0.025     3.166    CORES[8].core_inst/r_transform_feature_reg_reg[10][9]
  -------------------------------------------------------------------
                         required time                          3.166    
                         arrival time                          -3.059    
  -------------------------------------------------------------------
                         slack                                  0.107    

Slack (MET) :             0.108ns  (required time - arrival time)
  Source:                 CORES[8].core_inst/r_input_feat_reg[2][4]/C
                            (rising edge-triggered cell FDCE clocked by clk  {rise@0.000ns fall@1.577ns period=3.155ns})
  Destination:            CORES[8].core_inst/r_transform_feature_reg_reg[13][14]/D
                            (rising edge-triggered cell FDCE clocked by clk  {rise@0.000ns fall@1.577ns period=3.155ns})
  Path Group:             clk
  Path Type:              Setup (Max at Slow Process Corner)
  Requirement:            3.155ns  (clk rise@3.155ns - clk rise@0.000ns)
  Data Path Delay:        3.027ns  (logic 0.717ns (23.689%)  route 2.310ns (76.311%))
  Logic Levels:           7  (CARRY8=2 LUT3=3 LUT5=2)
  Clock Path Skew:        -0.010ns (DCD - SCD + CPR)
    Destination Clock Delay (DCD):    0.020ns = ( 3.175 - 3.155 ) 
    Source Clock Delay      (SCD):    0.030ns
    Clock Pessimism Removal (CPR):    0.000ns
  Clock Uncertainty:      0.035ns  ((TSJ^2 + TIJ^2)^1/2 + DJ) / 2 + PE
    Total System Jitter     (TSJ):    0.071ns
    Total Input Jitter      (TIJ):    0.000ns
    Discrete Jitter          (DJ):    0.000ns
    Phase Error              (PE):    0.000ns

    Location             Delay type                Incr(ns)  Path(ns)    Netlist Resource(s)
  -------------------------------------------------------------------    -------------------
                         (clock clk rise edge)        0.000     0.000 r  
                                                      0.000     0.000 r  clk (IN)
                         net (fo=29474, unset)        0.030     0.030    CORES[8].core_inst/clk
    SLICE_X67Y7          FDCE                                         r  CORES[8].core_inst/r_input_feat_reg[2][4]/C
  -------------------------------------------------------------------    -------------------
    SLICE_X67Y7          FDCE (Prop_GFF_SLICEM_C_Q)
                                                      0.078     0.108 f  CORES[8].core_inst/r_input_feat_reg[2][4]/Q
                         net (fo=11, routed)          0.669     0.777    CORES[8].core_inst/trf/matrix_c0/soma[2]__0_carry_4[4]
    SLICE_X62Y7          LUT3 (Prop_F6LUT_SLICEL_I0_O)
                                                      0.097     0.874 r  CORES[8].core_inst/trf/matrix_c0/soma[0]__0_carry_i_3__16/O
                         net (fo=1, routed)           0.283     1.157    CORES[8].core_inst/trf/matrix_c0/soma[0]__0_carry_i_3__16_n_0
    SLICE_X63Y10         CARRY8 (Prop_CARRY8_SLICEM_DI[5]_O[7])
                                                      0.107     1.264 r  CORES[8].core_inst/trf/matrix_c0/soma[0]__0_carry/O[7]
                         net (fo=3, routed)           0.546     1.810    CORES[8].core_inst/trf/matrix_c0/partial[0]_16[7]
    SLICE_X58Y13         LUT3 (Prop_H6LUT_SLICEL_I2_O)
                                                      0.051     1.861 r  CORES[8].core_inst/trf/matrix_c0/soma[0]__0_carry__0_i_7__15/O
                         net (fo=1, routed)           0.133     1.994    CORES[8].core_inst/trf/matrix_c1/r_transform_feature_reg_reg[0][15][0]
    SLICE_X58Y15         CARRY8 (Prop_CARRY8_SLICEL_DI[0]_O[6])
                                                      0.194     2.188 r  CORES[8].core_inst/trf/matrix_c1/soma[0]__0_carry__0/O[6]
                         net (fo=15, routed)          0.433     2.621    CORES[8].core_inst/trf/matrix_c0/r_transform_feature_reg_reg[0][15]_0[6]
    SLICE_X62Y10         LUT5 (Prop_C6LUT_SLICEL_I0_O)
                                                      0.050     2.671 r  CORES[8].core_inst/trf/matrix_c0/r_transform_feature_reg[5][14]_i_4__7/O
                         net (fo=2, routed)           0.049     2.720    CORES[8].core_inst/trf/matrix_c1/r_transform_feature_reg_reg[13][14]
    SLICE_X62Y10         LUT3 (Prop_A6LUT_SLICEL_I2_O)
                                                      0.090     2.810 r  CORES[8].core_inst/trf/matrix_c1/r_transform_feature_reg[13][14]_i_3__7/O
                         net (fo=1, routed)           0.148     2.958    CORES[8].core_inst/trf/matrix_c0/r_transform_feature_reg_reg[13][14]
    SLICE_X62Y8          LUT5 (Prop_D6LUT_SLICEL_I2_O)
                                                      0.050     3.008 r  CORES[8].core_inst/trf/matrix_c0/r_transform_feature_reg[13][14]_i_1__7/O
                         net (fo=1, routed)           0.049     3.057    CORES[8].core_inst/trf_n_65
    SLICE_X62Y8          FDCE                                         r  CORES[8].core_inst/r_transform_feature_reg_reg[13][14]/D
  -------------------------------------------------------------------    -------------------

                         (clock clk rise edge)        3.155     3.155 r  
                                                      0.000     3.155 r  clk (IN)
                         net (fo=29474, unset)        0.020     3.175    CORES[8].core_inst/clk
    SLICE_X62Y8          FDCE                                         r  CORES[8].core_inst/r_transform_feature_reg_reg[13][14]/C
                         clock pessimism              0.000     3.175    
                         clock uncertainty           -0.035     3.140    
    SLICE_X62Y8          FDCE (Setup_DFF_SLICEL_C_D)
                                                      0.025     3.165    CORES[8].core_inst/r_transform_feature_reg_reg[13][14]
  -------------------------------------------------------------------
                         required time                          3.165    
                         arrival time                          -3.057    
  -------------------------------------------------------------------
                         slack                                  0.108    

Slack (MET) :             0.108ns  (required time - arrival time)
  Source:                 CORES[8].core_inst/r_input_feat_reg[22][1]/C
                            (rising edge-triggered cell FDCE clocked by clk  {rise@0.000ns fall@1.577ns period=3.155ns})
  Destination:            CORES[8].core_inst/r_transform_feature_reg_reg[14][6]/D
                            (rising edge-triggered cell FDCE clocked by clk  {rise@0.000ns fall@1.577ns period=3.155ns})
  Path Group:             clk
  Path Type:              Setup (Max at Slow Process Corner)
  Requirement:            3.155ns  (clk rise@3.155ns - clk rise@0.000ns)
  Data Path Delay:        3.029ns  (logic 0.699ns (23.075%)  route 2.330ns (76.925%))
  Logic Levels:           8  (CARRY8=2 LUT3=1 LUT5=2 LUT6=3)
  Clock Path Skew:        -0.007ns (DCD - SCD + CPR)
    Destination Clock Delay (DCD):    0.021ns = ( 3.176 - 3.155 ) 
    Source Clock Delay      (SCD):    0.028ns
    Clock Pessimism Removal (CPR):    0.000ns
  Clock Uncertainty:      0.035ns  ((TSJ^2 + TIJ^2)^1/2 + DJ) / 2 + PE
    Total System Jitter     (TSJ):    0.071ns
    Total Input Jitter      (TIJ):    0.000ns
    Discrete Jitter          (DJ):    0.000ns
    Phase Error              (PE):    0.000ns

    Location             Delay type                Incr(ns)  Path(ns)    Netlist Resource(s)
  -------------------------------------------------------------------    -------------------
                         (clock clk rise edge)        0.000     0.000 r  
                                                      0.000     0.000 r  clk (IN)
                         net (fo=29474, unset)        0.028     0.028    CORES[8].core_inst/clk
    SLICE_X66Y13         FDCE                                         r  CORES[8].core_inst/r_input_feat_reg[22][1]/C
  -------------------------------------------------------------------    -------------------
    SLICE_X66Y13         FDCE (Prop_DFF_SLICEL_C_Q)
                                                      0.079     0.107 r  CORES[8].core_inst/r_input_feat_reg[22][1]/Q
                         net (fo=11, routed)          0.752     0.859    CORES[8].core_inst/trf/matrix_c0/soma[26]__0_carry_2[1]
    SLICE_X64Y21         LUT6 (Prop_C6LUT_SLICEM_I1_O)
                                                      0.123     0.982 r  CORES[8].core_inst/trf/matrix_c0/soma[26]__0_carry_i_13__7/O
                         net (fo=1, routed)           0.021     1.003    CORES[8].core_inst/trf/matrix_c0/soma[26]__0_carry_i_13__7_n_0
    SLICE_X64Y21         CARRY8 (Prop_CARRY8_SLICEM_S[2]_O[4])
                                                      0.167     1.170 r  CORES[8].core_inst/trf/matrix_c0/soma[26]__0_carry/O[4]
                         net (fo=3, routed)           0.438     1.608    CORES[8].core_inst/trf/matrix_c0/partial[26]_2[4]
    SLICE_X60Y23         LUT3 (Prop_E6LUT_SLICEL_I2_O)
                                                      0.035     1.643 r  CORES[8].core_inst/trf/matrix_c0/soma[14]__0_carry_i_3__15/O
                         net (fo=1, routed)           0.220     1.863    CORES[8].core_inst/trf/matrix_c1/r_transform_feature_reg_reg[14][7][4]
    SLICE_X59Y23         CARRY8 (Prop_CARRY8_SLICEL_DI[5]_O[6])
                                                      0.096     1.959 r  CORES[8].core_inst/trf/matrix_c1/soma[14]__0_carry/O[6]
                         net (fo=6, routed)           0.321     2.280    CORES[8].core_inst/trf/matrix_c1/w_conv_transform[14]__0[6]
    SLICE_X55Y29         LUT6 (Prop_F6LUT_SLICEL_I0_O)
                                                      0.035     2.315 r  CORES[8].core_inst/trf/matrix_c1/r_transform_feature_reg[6][6]_i_4__7/O
                         net (fo=2, routed)           0.301     2.616    CORES[8].core_inst/trf/matrix_c0/r_transform_feature_reg[14][6]_i_2__7_0
    SLICE_X53Y31         LUT5 (Prop_B6LUT_SLICEM_I2_O)
                                                      0.037     2.653 r  CORES[8].core_inst/trf/matrix_c0/r_transform_feature_reg[14][6]_i_4__7/O
                         net (fo=1, routed)           0.127     2.780    CORES[8].core_inst/trf/matrix_c0/r_transform_feature_reg[14][6]_i_4__7_n_0
    SLICE_X53Y31         LUT6 (Prop_C6LUT_SLICEM_I5_O)
                                                      0.037     2.817 r  CORES[8].core_inst/trf/matrix_c0/r_transform_feature_reg[14][6]_i_2__7/O
                         net (fo=1, routed)           0.092     2.909    CORES[8].core_inst/trf/matrix_c1/r_transform_feature_reg_reg[14][6]
    SLICE_X53Y31         LUT5 (Prop_H6LUT_SLICEM_I0_O)
                                                      0.090     2.999 r  CORES[8].core_inst/trf/matrix_c1/r_transform_feature_reg[14][6]_i_1__7/O
                         net (fo=1, routed)           0.058     3.057    CORES[8].core_inst/trf_n_57
    SLICE_X53Y31         FDCE                                         r  CORES[8].core_inst/r_transform_feature_reg_reg[14][6]/D
  -------------------------------------------------------------------    -------------------

                         (clock clk rise edge)        3.155     3.155 r  
                                                      0.000     3.155 r  clk (IN)
                         net (fo=29474, unset)        0.021     3.176    CORES[8].core_inst/clk
    SLICE_X53Y31         FDCE                                         r  CORES[8].core_inst/r_transform_feature_reg_reg[14][6]/C
                         clock pessimism              0.000     3.176    
                         clock uncertainty           -0.035     3.141    
    SLICE_X53Y31         FDCE (Setup_HFF_SLICEM_C_D)
                                                      0.025     3.166    CORES[8].core_inst/r_transform_feature_reg_reg[14][6]
  -------------------------------------------------------------------
                         required time                          3.166    
                         arrival time                          -3.057    
  -------------------------------------------------------------------
                         slack                                  0.108    

Slack (MET) :             0.108ns  (required time - arrival time)
  Source:                 CORES[11].core_inst/r_input_feat_reg[11][1]/C
                            (rising edge-triggered cell FDCE clocked by clk  {rise@0.000ns fall@1.577ns period=3.155ns})
  Destination:            CORES[11].core_inst/r_transform_feature_reg_reg[1][10]/D
                            (rising edge-triggered cell FDCE clocked by clk  {rise@0.000ns fall@1.577ns period=3.155ns})
  Path Group:             clk
  Path Type:              Setup (Max at Slow Process Corner)
  Requirement:            3.155ns  (clk rise@3.155ns - clk rise@0.000ns)
  Data Path Delay:        3.027ns  (logic 0.809ns (26.724%)  route 2.218ns (73.276%))
  Logic Levels:           9  (CARRY8=3 LUT3=4 LUT6=2)
  Clock Path Skew:        -0.009ns (DCD - SCD + CPR)
    Destination Clock Delay (DCD):    0.021ns = ( 3.176 - 3.155 ) 
    Source Clock Delay      (SCD):    0.030ns
    Clock Pessimism Removal (CPR):    0.000ns
  Clock Uncertainty:      0.035ns  ((TSJ^2 + TIJ^2)^1/2 + DJ) / 2 + PE
    Total System Jitter     (TSJ):    0.071ns
    Total Input Jitter      (TIJ):    0.000ns
    Discrete Jitter          (DJ):    0.000ns
    Phase Error              (PE):    0.000ns

    Location             Delay type                Incr(ns)  Path(ns)    Netlist Resource(s)
  -------------------------------------------------------------------    -------------------
                         (clock clk rise edge)        0.000     0.000 r  
                                                      0.000     0.000 r  clk (IN)
                         net (fo=29474, unset)        0.030     0.030    CORES[11].core_inst/clk
    SLICE_X93Y249        FDCE                                         r  CORES[11].core_inst/r_input_feat_reg[11][1]/C
  -------------------------------------------------------------------    -------------------
    SLICE_X93Y249        FDCE (Prop_DFF2_SLICEM_C_Q)
                                                      0.080     0.110 f  CORES[11].core_inst/r_input_feat_reg[11][1]/Q
                         net (fo=17, routed)          0.263     0.373    CORES[11].core_inst/trf/matrix_c0/r_transform_feature_reg[13][15]_i_2__10_0[1]
    SLICE_X92Y252        LUT3 (Prop_A5LUT_SLICEL_I1_O)
                                                      0.100     0.473 r  CORES[11].core_inst/trf/matrix_c0/soma[13]__0_carry_i_6__22/O
                         net (fo=1, routed)           0.277     0.750    CORES[11].core_inst/trf/matrix_c0/soma[13]__0_carry_i_6__22_n_0
    SLICE_X92Y256        CARRY8 (Prop_CARRY8_SLICEL_DI[2]_O[5])
                                                      0.180     0.930 f  CORES[11].core_inst/trf/matrix_c0/soma[13]__0_carry/O[5]
                         net (fo=13, routed)          0.379     1.308    CORES[11].core_inst/trf/matrix_c0/w_conv_transform[25]_9[5]
    SLICE_X95Y259        LUT3 (Prop_H5LUT_SLICEL_I1_O)
                                                      0.065     1.373 r  CORES[11].core_inst/trf/matrix_c0/soma[13]__0_carry_i_2__21/O
                         net (fo=1, routed)           0.311     1.684    CORES[11].core_inst/trf/matrix_c1/r_transform_feature_reg_reg[13][7][5]
    SLICE_X94Y259        CARRY8 (Prop_CARRY8_SLICEM_DI[6]_CO[7])
                                                      0.060     1.744 r  CORES[11].core_inst/trf/matrix_c1/soma[13]__0_carry/CO[7]
                         net (fo=1, routed)           0.026     1.770    CORES[11].core_inst/trf/matrix_c1/soma[13]__0_carry_n_0
    SLICE_X94Y260        CARRY8 (Prop_CARRY8_SLICEM_CI_O[2])
                                                      0.067     1.837 r  CORES[11].core_inst/trf/matrix_c1/soma[13]__0_carry__0/O[2]
                         net (fo=5, routed)           0.434     2.271    CORES[11].core_inst/trf/matrix_c1/soma[13]__0_carry__0_i_15__21[2]
    SLICE_X88Y264        LUT6 (Prop_F6LUT_SLICEM_I3_O)
                                                      0.051     2.322 r  CORES[11].core_inst/trf/matrix_c1/r_transform_feature_reg[17][10]_i_5__10/O
                         net (fo=3, routed)           0.208     2.530    CORES[11].core_inst/trf/matrix_c1/r_transform_product_idx_reg[1]_rep__1_5
    SLICE_X86Y266        LUT3 (Prop_B5LUT_SLICEM_I0_O)
                                                      0.103     2.633 r  CORES[11].core_inst/trf/matrix_c1/r_transform_feature_reg[1][10]_i_4__10/O
                         net (fo=1, routed)           0.165     2.798    CORES[11].core_inst/trf/matrix_c0/r_transform_feature_reg_reg[1][10]
    SLICE_X86Y266        LUT6 (Prop_G6LUT_SLICEM_I1_O)
                                                      0.052     2.850 r  CORES[11].core_inst/trf/matrix_c0/r_transform_feature_reg[1][10]_i_2__10/O
                         net (fo=1, routed)           0.090     2.940    CORES[11].core_inst/trf/matrix_c0/r_transform_feature_reg[1][10]_i_2__10_n_0
    SLICE_X86Y266        LUT3 (Prop_C6LUT_SLICEM_I0_O)
                                                      0.051     2.991 r  CORES[11].core_inst/trf/matrix_c0/r_transform_feature_reg[1][10]_i_1__10/O
                         net (fo=1, routed)           0.066     3.057    CORES[11].core_inst/trf_n_245
    SLICE_X86Y266        FDCE                                         r  CORES[11].core_inst/r_transform_feature_reg_reg[1][10]/D
  -------------------------------------------------------------------    -------------------

                         (clock clk rise edge)        3.155     3.155 r  
                                                      0.000     3.155 r  clk (IN)
                         net (fo=29474, unset)        0.021     3.176    CORES[11].core_inst/clk
    SLICE_X86Y266        FDCE                                         r  CORES[11].core_inst/r_transform_feature_reg_reg[1][10]/C
                         clock pessimism              0.000     3.176    
                         clock uncertainty           -0.035     3.141    
    SLICE_X86Y266        FDCE (Setup_CFF_SLICEM_C_D)
                                                      0.025     3.166    CORES[11].core_inst/r_transform_feature_reg_reg[1][10]
  -------------------------------------------------------------------
                         required time                          3.166    
                         arrival time                          -3.057    
  -------------------------------------------------------------------
                         slack                                  0.108    

Slack (MET) :             0.110ns  (required time - arrival time)
  Source:                 CORES[7].core_inst/MAC_LANES[3].multip/partial_product/DSP_OUTPUT_INST/CLK
                            (rising edge-triggered cell DSP_OUTPUT clocked by clk  {rise@0.000ns fall@1.577ns period=3.155ns})
  Destination:            CORES[7].core_inst/r_output_write_reg[0][15]/D
                            (rising edge-triggered cell FDCE clocked by clk  {rise@0.000ns fall@1.577ns period=3.155ns})
  Path Group:             clk
  Path Type:              Setup (Max at Slow Process Corner)
  Requirement:            3.155ns  (clk rise@3.155ns - clk rise@0.000ns)
  Data Path Delay:        2.995ns  (logic 0.948ns (31.653%)  route 2.047ns (68.347%))
  Logic Levels:           9  (CARRY8=3 LUT2=1 LUT4=1 LUT5=1 LUT6=3)
  Clock Path Skew:        -0.040ns (DCD - SCD + CPR)
    Destination Clock Delay (DCD):    0.020ns = ( 3.175 - 3.155 ) 
    Source Clock Delay      (SCD):    0.060ns
    Clock Pessimism Removal (CPR):    0.000ns
  Clock Uncertainty:      0.035ns  ((TSJ^2 + TIJ^2)^1/2 + DJ) / 2 + PE
    Total System Jitter     (TSJ):    0.071ns
    Total Input Jitter      (TIJ):    0.000ns
    Discrete Jitter          (DJ):    0.000ns
    Phase Error              (PE):    0.000ns

    Location             Delay type                Incr(ns)  Path(ns)    Netlist Resource(s)
  -------------------------------------------------------------------    -------------------
                         (clock clk rise edge)        0.000     0.000 r  
                                                      0.000     0.000 r  clk (IN)
                         net (fo=29474, unset)        0.060     0.060    CORES[7].core_inst/MAC_LANES[3].multip/partial_product/CLK
    DSP48E2_X7Y73        DSP_OUTPUT                                   r  CORES[7].core_inst/MAC_LANES[3].multip/partial_product/DSP_OUTPUT_INST/CLK
  -------------------------------------------------------------------    -------------------
    DSP48E2_X7Y73        DSP_OUTPUT (Prop_DSP_OUTPUT_DSP48E2_CLK_P[13])
                                                      0.194     0.254 r  CORES[7].core_inst/MAC_LANES[3].multip/partial_product/DSP_OUTPUT_INST/P[13]
                         net (fo=4, routed)           0.533     0.787    CORES[7].core_inst/MAC_LANES[3].multip/partial_product_n_92
    SLICE_X66Y187        LUT4 (Prop_A6LUT_SLICEL_I1_O)
                                                      0.090     0.877 r  CORES[7].core_inst/MAC_LANES[3].multip/r_output_write[0][7]_i_49__6/O
                         net (fo=2, routed)           0.435     1.312    CORES[7].core_inst/MAC_LANES[3].multip/r_output_write[0][7]_i_49__6_n_0
    SLICE_X65Y188        LUT5 (Prop_G6LUT_SLICEL_I2_O)
                                                      0.089     1.401 r  CORES[7].core_inst/MAC_LANES[3].multip/r_output_write[0][7]_i_56__6/O
                         net (fo=1, routed)           0.008     1.409    CORES[7].core_inst/MAC_LANES[3].multip/r_output_write[0][7]_i_56__6_n_0
    SLICE_X65Y188        CARRY8 (Prop_CARRY8_SLICEL_S[6]_CO[7])
                                                      0.115     1.524 r  CORES[7].core_inst/MAC_LANES[3].multip/r_output_write_reg[0][7]_i_31__6/CO[7]
                         net (fo=1, routed)           0.026     1.550    CORES[7].core_inst/MAC_LANES[3].multip/r_output_write_reg[0][7]_i_31__6_n_0
    SLICE_X65Y189        CARRY8 (Prop_CARRY8_SLICEL_CI_O[1])
                                                      0.076     1.626 r  CORES[7].core_inst/MAC_LANES[3].multip/r_output_write_reg[0][15]_i_58__6/O[1]
                         net (fo=6, routed)           0.477     2.103    CORES[7].core_inst/MAC_LANES[3].multip/w_inverse_partial_current[0]_67[9]
    SLICE_X61Y193        LUT6 (Prop_D6LUT_SLICEM_I4_O)
                                                      0.051     2.154 r  CORES[7].core_inst/MAC_LANES[3].multip/r_output_write[0][15]_i_27__6/O
                         net (fo=2, routed)           0.254     2.408    CORES[7].core_inst/MAC_LANES[15].multip/r_output_write_reg[0][15]_i_3__6_7
    SLICE_X59Y196        LUT6 (Prop_E6LUT_SLICEL_I5_O)
                                                      0.051     2.459 r  CORES[7].core_inst/MAC_LANES[15].multip/r_output_write[0][15]_i_7__6/O
                         net (fo=2, routed)           0.086     2.545    CORES[7].core_inst/MAC_LANES[15].multip/r_output_write[0][15]_i_7__6_n_0
    SLICE_X59Y195        LUT6 (Prop_D6LUT_SLICEL_I0_O)
                                                      0.050     2.595 r  CORES[7].core_inst/MAC_LANES[15].multip/r_output_write[0][15]_i_15__6/O
                         net (fo=1, routed)           0.009     2.604    CORES[7].core_inst/MAC_LANES[15].multip/r_output_write[0][15]_i_15__6_n_0
    SLICE_X59Y195        CARRY8 (Prop_CARRY8_SLICEL_S[3]_O[7])
                                                      0.182     2.786 r  CORES[7].core_inst/MAC_LANES[15].multip/r_output_write_reg[0][15]_i_3__6/O[7]
                         net (fo=1, routed)           0.171     2.957    CORES[7].core_inst/MAC_LANES[15].multip/w_output_acc_next[0]_82[15]
    SLICE_X59Y196        LUT2 (Prop_G6LUT_SLICEL_I1_O)
                                                      0.050     3.007 r  CORES[7].core_inst/MAC_LANES[15].multip/r_output_write[0][15]_i_2__6/O
                         net (fo=1, routed)           0.048     3.055    CORES[7].core_inst/MAC_LANES[15].multip_n_17
    SLICE_X59Y196        FDCE                                         r  CORES[7].core_inst/r_output_write_reg[0][15]/D
  -------------------------------------------------------------------    -------------------

                         (clock clk rise edge)        3.155     3.155 r  
                                                      0.000     3.155 r  clk (IN)
                         net (fo=29474, unset)        0.020     3.175    CORES[7].core_inst/clk
    SLICE_X59Y196        FDCE                                         r  CORES[7].core_inst/r_output_write_reg[0][15]/C
                         clock pessimism              0.000     3.175    
                         clock uncertainty           -0.035     3.140    
    SLICE_X59Y196        FDCE (Setup_GFF_SLICEL_C_D)
                                                      0.025     3.165    CORES[7].core_inst/r_output_write_reg[0][15]
  -------------------------------------------------------------------
                         required time                          3.165    
                         arrival time                          -3.055    
  -------------------------------------------------------------------
                         slack                                  0.110    

Slack (MET) :             0.110ns  (required time - arrival time)
  Source:                 CORES[8].core_inst/r_input_feat_reg[12][3]/C
                            (rising edge-triggered cell FDCE clocked by clk  {rise@0.000ns fall@1.577ns period=3.155ns})
  Destination:            CORES[8].core_inst/r_transform_feature_reg_reg[16][14]/D
                            (rising edge-triggered cell FDCE clocked by clk  {rise@0.000ns fall@1.577ns period=3.155ns})
  Path Group:             clk
  Path Type:              Setup (Max at Slow Process Corner)
  Requirement:            3.155ns  (clk rise@3.155ns - clk rise@0.000ns)
  Data Path Delay:        3.027ns  (logic 0.833ns (27.524%)  route 2.194ns (72.476%))
  Logic Levels:           8  (CARRY8=3 LUT3=3 LUT5=1 LUT6=1)
  Clock Path Skew:        -0.008ns (DCD - SCD + CPR)
    Destination Clock Delay (DCD):    0.021ns = ( 3.176 - 3.155 ) 
    Source Clock Delay      (SCD):    0.029ns
    Clock Pessimism Removal (CPR):    0.000ns
  Clock Uncertainty:      0.035ns  ((TSJ^2 + TIJ^2)^1/2 + DJ) / 2 + PE
    Total System Jitter     (TSJ):    0.071ns
    Total Input Jitter      (TIJ):    0.000ns
    Discrete Jitter          (DJ):    0.000ns
    Phase Error              (PE):    0.000ns

    Location             Delay type                Incr(ns)  Path(ns)    Netlist Resource(s)
  -------------------------------------------------------------------    -------------------
                         (clock clk rise edge)        0.000     0.000 r  
                                                      0.000     0.000 r  clk (IN)
                         net (fo=29474, unset)        0.029     0.029    CORES[8].core_inst/clk
    SLICE_X66Y10         FDCE                                         r  CORES[8].core_inst/r_input_feat_reg[12][3]/C
  -------------------------------------------------------------------    -------------------
    SLICE_X66Y10         FDCE (Prop_HFF_SLICEL_C_Q)
                                                      0.079     0.108 f  CORES[8].core_inst/r_input_feat_reg[12][3]/Q
                         net (fo=22, routed)          0.655     0.763    CORES[8].core_inst/trf/matrix_c0/r_transform_feature_reg_reg[8][15]_i_2__7_0[3]
    SLICE_X62Y12         LUT3 (Prop_B6LUT_SLICEL_I0_O)
                                                      0.124     0.887 r  CORES[8].core_inst/trf/matrix_c0/soma[12]__0_carry_i_4__16/O
                         net (fo=1, routed)           0.139     1.026    CORES[8].core_inst/trf/matrix_c0/soma[12]__0_carry_i_4__16_n_0
    SLICE_X63Y12         CARRY8 (Prop_CARRY8_SLICEM_DI[4]_CO[7])
                                                      0.093     1.119 r  CORES[8].core_inst/trf/matrix_c0/soma[12]__0_carry/CO[7]
                         net (fo=1, routed)           0.026     1.145    CORES[8].core_inst/trf/matrix_c0/soma[12]__0_carry_n_0
    SLICE_X63Y13         CARRY8 (Prop_CARRY8_SLICEM_CI_O[2])
                                                      0.067     1.212 r  CORES[8].core_inst/trf/matrix_c0/soma[12]__0_carry__0/O[2]
                         net (fo=15, routed)          0.541     1.753    CORES[8].core_inst/trf/matrix_c0/w_conv_transform[24]_10[10]
    SLICE_X57Y21         LUT3 (Prop_G6LUT_SLICEM_I2_O)
                                                      0.037     1.790 r  CORES[8].core_inst/trf/matrix_c0/soma[6]__0_carry__0_i_4__15/O
                         net (fo=1, routed)           0.365     2.155    CORES[8].core_inst/trf/matrix_c1/r_transform_feature_reg_reg[6][15][3]
    SLICE_X56Y21         CARRY8 (Prop_CARRY8_SLICEM_DI[3]_O[6])
                                                      0.170     2.325 r  CORES[8].core_inst/trf/matrix_c1/soma[6]__0_carry__0/O[6]
                         net (fo=7, routed)           0.209     2.535    CORES[8].core_inst/trf/matrix_c0/r_transform_feature_reg_reg[6][15]_0[6]
    SLICE_X57Y23         LUT6 (Prop_B6LUT_SLICEM_I4_O)
                                                      0.089     2.624 r  CORES[8].core_inst/trf/matrix_c0/r_transform_feature_reg[8][14]_i_4__7/O
                         net (fo=2, routed)           0.100     2.724    CORES[8].core_inst/trf/matrix_c0/r_transform_feature_reg[8][14]_i_4__7_n_0
    SLICE_X57Y24         LUT3 (Prop_F6LUT_SLICEM_I2_O)
                                                      0.123     2.847 r  CORES[8].core_inst/trf/matrix_c0/r_transform_feature_reg[16][14]_i_3__7/O
                         net (fo=1, routed)           0.086     2.933    CORES[8].core_inst/trf/matrix_c0/r_transform_feature_reg[16][14]_i_3__7_n_0
    SLICE_X57Y24         LUT5 (Prop_D6LUT_SLICEM_I2_O)
                                                      0.051     2.984 r  CORES[8].core_inst/trf/matrix_c0/r_transform_feature_reg[16][14]_i_1__7/O
                         net (fo=1, routed)           0.072     3.056    CORES[8].core_inst/trf_n_17
    SLICE_X57Y24         FDCE                                         r  CORES[8].core_inst/r_transform_feature_reg_reg[16][14]/D
  -------------------------------------------------------------------    -------------------

                         (clock clk rise edge)        3.155     3.155 r  
                                                      0.000     3.155 r  clk (IN)
                         net (fo=29474, unset)        0.021     3.176    CORES[8].core_inst/clk
    SLICE_X57Y24         FDCE                                         r  CORES[8].core_inst/r_transform_feature_reg_reg[16][14]/C
                         clock pessimism              0.000     3.176    
                         clock uncertainty           -0.035     3.141    
    SLICE_X57Y24         FDCE (Setup_DFF_SLICEM_C_D)
                                                      0.025     3.166    CORES[8].core_inst/r_transform_feature_reg_reg[16][14]
  -------------------------------------------------------------------
                         required time                          3.166    
                         arrival time                          -3.056    
  -------------------------------------------------------------------
                         slack                                  0.110    

Slack (MET) :             0.110ns  (required time - arrival time)
  Source:                 CORES[7].core_inst/MAC_LANES[5].multip/partial_product/DSP_OUTPUT_INST/CLK
                            (rising edge-triggered cell DSP_OUTPUT clocked by clk  {rise@0.000ns fall@1.577ns period=3.155ns})
  Destination:            CORES[7].core_inst/r_output_write_reg[2][13]/D
                            (rising edge-triggered cell FDCE clocked by clk  {rise@0.000ns fall@1.577ns period=3.155ns})
  Path Group:             clk
  Path Type:              Setup (Max at Slow Process Corner)
  Requirement:            3.155ns  (clk rise@3.155ns - clk rise@0.000ns)
  Data Path Delay:        2.995ns  (logic 0.942ns (31.447%)  route 2.053ns (68.553%))
  Logic Levels:           9  (CARRY8=3 LUT2=1 LUT4=1 LUT5=1 LUT6=3)
  Clock Path Skew:        -0.039ns (DCD - SCD + CPR)
    Destination Clock Delay (DCD):    0.021ns = ( 3.176 - 3.155 ) 
    Source Clock Delay      (SCD):    0.060ns
    Clock Pessimism Removal (CPR):    0.000ns
  Clock Uncertainty:      0.035ns  ((TSJ^2 + TIJ^2)^1/2 + DJ) / 2 + PE
    Total System Jitter     (TSJ):    0.071ns
    Total Input Jitter      (TIJ):    0.000ns
    Discrete Jitter          (DJ):    0.000ns
    Phase Error              (PE):    0.000ns

    Location             Delay type                Incr(ns)  Path(ns)    Netlist Resource(s)
  -------------------------------------------------------------------    -------------------
                         (clock clk rise edge)        0.000     0.000 r  
                                                      0.000     0.000 r  clk (IN)
                         net (fo=29474, unset)        0.060     0.060    CORES[7].core_inst/MAC_LANES[5].multip/partial_product/CLK
    DSP48E2_X7Y74        DSP_OUTPUT                                   r  CORES[7].core_inst/MAC_LANES[5].multip/partial_product/DSP_OUTPUT_INST/CLK
  -------------------------------------------------------------------    -------------------
    DSP48E2_X7Y74        DSP_OUTPUT (Prop_DSP_OUTPUT_DSP48E2_CLK_P[8])
                                                      0.198     0.258 r  CORES[7].core_inst/MAC_LANES[5].multip/partial_product/DSP_OUTPUT_INST/P[8]
                         net (fo=4, routed)           0.774     1.032    CORES[7].core_inst/MAC_LANES[4].multip/r_output_write_reg[2][15]_i_56__6_1[0]
    SLICE_X63Y184        LUT4 (Prop_D6LUT_SLICEM_I2_O)
                                                      0.037     1.069 r  CORES[7].core_inst/MAC_LANES[4].multip/r_output_write[2][7]_i_54__6/O
                         net (fo=2, routed)           0.138     1.207    CORES[7].core_inst/MAC_LANES[4].multip/r_output_write[2][7]_i_54__6_n_0
    SLICE_X63Y188        LUT5 (Prop_B6LUT_SLICEM_I2_O)
                                                      0.089     1.296 r  CORES[7].core_inst/MAC_LANES[4].multip/r_output_write[2][7]_i_61__6/O
                         net (fo=1, routed)           0.016     1.312    CORES[7].core_inst/MAC_LANES[4].multip/r_output_write[2][7]_i_61__6_n_0
    SLICE_X63Y188        CARRY8 (Prop_CARRY8_SLICEM_S[1]_O[2])
                                                      0.117     1.429 r  CORES[7].core_inst/MAC_LANES[4].multip/r_output_write_reg[2][7]_i_31__6/O[2]
                         net (fo=6, routed)           0.454     1.883    CORES[7].core_inst/MAC_LANES[10].multip/w_inverse_partial_current[2]_65[2]
    SLICE_X56Y188        LUT6 (Prop_H6LUT_SLICEM_I2_O)
                                                      0.053     1.936 r  CORES[7].core_inst/MAC_LANES[10].multip/r_output_write[2][7]_i_27__6/O
                         net (fo=2, routed)           0.241     2.177    CORES[7].core_inst/MAC_LANES[4].multip/r_output_write_reg[2][7]_i_2__6_1
    SLICE_X58Y190        LUT6 (Prop_D6LUT_SLICEL_I5_O)
                                                      0.036     2.213 r  CORES[7].core_inst/MAC_LANES[4].multip/r_output_write[2][7]_i_8__6/O
                         net (fo=2, routed)           0.187     2.400    CORES[7].core_inst/MAC_LANES[4].multip/r_hadamard_product_row_idx_reg_reg[0]_0[0]
    SLICE_X57Y191        LUT6 (Prop_C6LUT_SLICEM_I0_O)
                                                      0.098     2.498 r  CORES[7].core_inst/MAC_LANES[4].multip/r_output_write[2][7]_i_16__6/O
                         net (fo=1, routed)           0.021     2.519    CORES[7].core_inst/MAC_LANES[16].multip/r_output_write_reg[2][7]_0[2]
    SLICE_X57Y191        CARRY8 (Prop_CARRY8_SLICEM_S[2]_CO[7])
                                                      0.161     2.680 r  CORES[7].core_inst/MAC_LANES[16].multip/r_output_write_reg[2][7]_i_2__6/CO[7]
                         net (fo=1, routed)           0.026     2.706    CORES[7].core_inst/MAC_LANES[16].multip/r_output_write_reg[2][7]_i_2__6_n_0
    SLICE_X57Y192        CARRY8 (Prop_CARRY8_SLICEM_CI_O[5])
                                                      0.116     2.822 r  CORES[7].core_inst/MAC_LANES[16].multip/r_output_write_reg[2][15]_i_2__6/O[5]
                         net (fo=1, routed)           0.130     2.952    CORES[7].core_inst/MAC_LANES[16].multip/w_output_acc_next[2]_80[13]
    SLICE_X57Y193        LUT2 (Prop_C6LUT_SLICEM_I1_O)
                                                      0.037     2.989 r  CORES[7].core_inst/MAC_LANES[16].multip/r_output_write[2][13]_i_1__6/O
                         net (fo=1, routed)           0.066     3.055    CORES[7].core_inst/MAC_LANES[16].multip_n_25
    SLICE_X57Y193        FDCE                                         r  CORES[7].core_inst/r_output_write_reg[2][13]/D
  -------------------------------------------------------------------    -------------------

                         (clock clk rise edge)        3.155     3.155 r  
                                                      0.000     3.155 r  clk (IN)
                         net (fo=29474, unset)        0.021     3.176    CORES[7].core_inst/clk
    SLICE_X57Y193        FDCE                                         r  CORES[7].core_inst/r_output_write_reg[2][13]/C
                         clock pessimism              0.000     3.176    
                         clock uncertainty           -0.035     3.141    
    SLICE_X57Y193        FDCE (Setup_CFF_SLICEM_C_D)
                                                      0.025     3.166    CORES[7].core_inst/r_output_write_reg[2][13]
  -------------------------------------------------------------------
                         required time                          3.166    
                         arrival time                          -3.055    
  -------------------------------------------------------------------
                         slack                                  0.110    

Slack (MET) :             0.111ns  (required time - arrival time)
  Source:                 CORES[5].core_inst/r_input_feat_reg[8][2]/C
                            (rising edge-triggered cell FDCE clocked by clk  {rise@0.000ns fall@1.577ns period=3.155ns})
  Destination:            CORES[5].core_inst/r_transform_feature_reg_reg[1][8]/D
                            (rising edge-triggered cell FDCE clocked by clk  {rise@0.000ns fall@1.577ns period=3.155ns})
  Path Group:             clk
  Path Type:              Setup (Max at Slow Process Corner)
  Requirement:            3.155ns  (clk rise@3.155ns - clk rise@0.000ns)
  Data Path Delay:        3.025ns  (logic 1.064ns (35.175%)  route 1.961ns (64.825%))
  Logic Levels:           9  (CARRY8=3 LUT3=3 LUT6=3)
  Clock Path Skew:        -0.009ns (DCD - SCD + CPR)
    Destination Clock Delay (DCD):    0.020ns = ( 3.175 - 3.155 ) 
    Source Clock Delay      (SCD):    0.029ns
    Clock Pessimism Removal (CPR):    0.000ns
  Clock Uncertainty:      0.035ns  ((TSJ^2 + TIJ^2)^1/2 + DJ) / 2 + PE
    Total System Jitter     (TSJ):    0.071ns
    Total Input Jitter      (TIJ):    0.000ns
    Discrete Jitter          (DJ):    0.000ns
    Phase Error              (PE):    0.000ns

    Location             Delay type                Incr(ns)  Path(ns)    Netlist Resource(s)
  -------------------------------------------------------------------    -------------------
                         (clock clk rise edge)        0.000     0.000 r  
                                                      0.000     0.000 r  clk (IN)
                         net (fo=29474, unset)        0.029     0.029    CORES[5].core_inst/clk
    SLICE_X58Y303        FDCE                                         r  CORES[5].core_inst/r_input_feat_reg[8][2]/C
  -------------------------------------------------------------------    -------------------
    SLICE_X58Y303        FDCE (Prop_GFF_SLICEL_C_Q)
                                                      0.079     0.108 f  CORES[5].core_inst/r_input_feat_reg[8][2]/Q
                         net (fo=16, routed)          0.435     0.543    CORES[5].core_inst/trf/matrix_c0/r_transform_feature_reg_reg[5][15]_0[2]
    SLICE_X51Y308        LUT3 (Prop_B6LUT_SLICEL_I0_O)
                                                      0.124     0.667 r  CORES[5].core_inst/trf/matrix_c0/soma[7]__0_carry_i_5__10/O
                         net (fo=1, routed)           0.149     0.816    CORES[5].core_inst/trf/matrix_c0/soma[7]__0_carry_i_5__10_n_0
    SLICE_X51Y309        CARRY8 (Prop_CARRY8_SLICEL_DI[3]_O[5])
                                                      0.177     0.993 r  CORES[5].core_inst/trf/matrix_c0/soma[7]__0_carry/O[5]
                         net (fo=10, routed)          0.518     1.511    CORES[5].core_inst/trf/matrix_c0/w_conv_transform[19]_12[5]
    SLICE_X49Y313        LUT6 (Prop_F6LUT_SLICEM_I3_O)
                                                      0.123     1.634 r  CORES[5].core_inst/trf/matrix_c0/soma[7]__0_carry_i_10__9/O
                         net (fo=1, routed)           0.022     1.656    CORES[5].core_inst/trf/matrix_c1/r_transform_feature_reg_reg[7][7]_0[5]
    SLICE_X49Y313        CARRY8 (Prop_CARRY8_SLICEM_S[5]_CO[7])
                                                      0.159     1.815 r  CORES[5].core_inst/trf/matrix_c1/soma[7]__0_carry/CO[7]
                         net (fo=1, routed)           0.026     1.841    CORES[5].core_inst/trf/matrix_c1/soma[7]__0_carry_n_0
    SLICE_X49Y314        CARRY8 (Prop_CARRY8_SLICEM_CI_O[0])
                                                      0.056     1.897 r  CORES[5].core_inst/trf/matrix_c1/soma[7]__0_carry__0/O[0]
                         net (fo=6, routed)           0.321     2.218    CORES[5].core_inst/trf/matrix_c0/r_transform_feature_reg_reg[7][15][0]
    SLICE_X45Y317        LUT6 (Prop_F6LUT_SLICEL_I5_O)
                                                      0.049     2.267 r  CORES[5].core_inst/trf/matrix_c0/r_transform_feature_reg[17][8]_i_6__4/O
                         net (fo=3, routed)           0.132     2.399    CORES[5].core_inst/trf/matrix_c1/r_transform_feature_reg[1][8]_i_2__4
    SLICE_X45Y318        LUT3 (Prop_C5LUT_SLICEL_I2_O)
                                                      0.098     2.497 r  CORES[5].core_inst/trf/matrix_c1/r_transform_feature_reg[1][8]_i_4__4/O
                         net (fo=1, routed)           0.131     2.628    CORES[5].core_inst/trf/matrix_c0/r_transform_feature_reg_reg[1][8]
    SLICE_X45Y318        LUT6 (Prop_G6LUT_SLICEL_I1_O)
                                                      0.149     2.777 r  CORES[5].core_inst/trf/matrix_c0/r_transform_feature_reg[1][8]_i_2__4/O
                         net (fo=1, routed)           0.178     2.955    CORES[5].core_inst/trf/matrix_c0/r_transform_feature_reg[1][8]_i_2__4_n_0
    SLICE_X45Y318        LUT3 (Prop_D6LUT_SLICEL_I0_O)
                                                      0.050     3.005 r  CORES[5].core_inst/trf/matrix_c0/r_transform_feature_reg[1][8]_i_1__4/O
                         net (fo=1, routed)           0.049     3.054    CORES[5].core_inst/trf_n_247
    SLICE_X45Y318        FDCE                                         r  CORES[5].core_inst/r_transform_feature_reg_reg[1][8]/D
  -------------------------------------------------------------------    -------------------

                         (clock clk rise edge)        3.155     3.155 r  
                                                      0.000     3.155 r  clk (IN)
                         net (fo=29474, unset)        0.020     3.175    CORES[5].core_inst/clk
    SLICE_X45Y318        FDCE                                         r  CORES[5].core_inst/r_transform_feature_reg_reg[1][8]/C
                         clock pessimism              0.000     3.175    
                         clock uncertainty           -0.035     3.140    
    SLICE_X45Y318        FDCE (Setup_DFF_SLICEL_C_D)
                                                      0.025     3.165    CORES[5].core_inst/r_transform_feature_reg_reg[1][8]
  -------------------------------------------------------------------
                         required time                          3.165    
                         arrival time                          -3.054    
  -------------------------------------------------------------------
                         slack                                  0.111    

Slack (MET) :             0.112ns  (required time - arrival time)
  Source:                 CORES[9].core_inst/r_input_feat_reg[16][6]/C
                            (rising edge-triggered cell FDCE clocked by clk  {rise@0.000ns fall@1.577ns period=3.155ns})
  Destination:            CORES[9].core_inst/r_transform_feature_reg_reg[4][15]/D
                            (rising edge-triggered cell FDCE clocked by clk  {rise@0.000ns fall@1.577ns period=3.155ns})
  Path Group:             clk
  Path Type:              Setup (Max at Slow Process Corner)
  Requirement:            3.155ns  (clk rise@3.155ns - clk rise@0.000ns)
  Data Path Delay:        3.024ns  (logic 0.980ns (32.403%)  route 2.044ns (67.597%))
  Logic Levels:           8  (CARRY8=3 LUT3=2 LUT5=1 LUT6=2)
  Clock Path Skew:        -0.008ns (DCD - SCD + CPR)
    Destination Clock Delay (DCD):    0.021ns = ( 3.176 - 3.155 ) 
    Source Clock Delay      (SCD):    0.029ns
    Clock Pessimism Removal (CPR):    0.000ns
  Clock Uncertainty:      0.035ns  ((TSJ^2 + TIJ^2)^1/2 + DJ) / 2 + PE
    Total System Jitter     (TSJ):    0.071ns
    Total Input Jitter      (TIJ):    0.000ns
    Discrete Jitter          (DJ):    0.000ns
    Phase Error              (PE):    0.000ns

    Location             Delay type                Incr(ns)  Path(ns)    Netlist Resource(s)
  -------------------------------------------------------------------    -------------------
                         (clock clk rise edge)        0.000     0.000 r  
                                                      0.000     0.000 r  clk (IN)
                         net (fo=29474, unset)        0.029     0.029    CORES[9].core_inst/clk
    SLICE_X72Y208        FDCE                                         r  CORES[9].core_inst/r_input_feat_reg[16][6]/C
  -------------------------------------------------------------------    -------------------
    SLICE_X72Y208        FDCE (Prop_HFF_SLICEL_C_Q)
                                                      0.079     0.108 f  CORES[9].core_inst/r_input_feat_reg[16][6]/Q
                         net (fo=17, routed)          0.372     0.480    CORES[9].core_inst/trf/matrix_c0/r_transform_feature_reg_reg[17][15][6]
    SLICE_X78Y207        LUT3 (Prop_A6LUT_SLICEM_I1_O)
                                                      0.150     0.630 r  CORES[9].core_inst/trf/matrix_c0/soma[18]__0_carry_i_1__8/O
                         net (fo=1, routed)           0.276     0.906    CORES[9].core_inst/trf/matrix_c0/soma[18]__0_carry_i_1__8_n_0
    SLICE_X76Y208        CARRY8 (Prop_CARRY8_SLICEL_DI[7]_CO[7])
                                                      0.051     0.957 r  CORES[9].core_inst/trf/matrix_c0/soma[18]__0_carry/CO[7]
                         net (fo=1, routed)           0.026     0.983    CORES[9].core_inst/trf/matrix_c0/soma[18]__0_carry_n_0
    SLICE_X76Y209        CARRY8 (Prop_CARRY8_SLICEL_CI_O[2])
                                                      0.067     1.050 f  CORES[9].core_inst/trf/matrix_c0/soma[18]__0_carry__0/O[2]
                         net (fo=13, routed)          0.438     1.488    CORES[9].core_inst/trf/matrix_c0/w_conv_transform[30]_7[10]
    SLICE_X74Y217        LUT3 (Prop_G6LUT_SLICEM_I0_O)
                                                      0.123     1.611 r  CORES[9].core_inst/trf/matrix_c0/soma[6]__0_carry__0_i_4__17/O
                         net (fo=1, routed)           0.302     1.913    CORES[9].core_inst/trf/matrix_c1/r_transform_feature_reg_reg[6][15][3]
    SLICE_X73Y216        CARRY8 (Prop_CARRY8_SLICEM_DI[3]_O[7])
                                                      0.185     2.098 r  CORES[9].core_inst/trf/matrix_c1/soma[6]__0_carry__0/O[7]
                         net (fo=7, routed)           0.388     2.486    CORES[9].core_inst/trf/matrix_c1/soma[6]__0_carry__0_i_15__17[7]
    SLICE_X74Y226        LUT6 (Prop_F6LUT_SLICEM_I1_O)
                                                      0.148     2.634 r  CORES[9].core_inst/trf/matrix_c1/r_transform_feature_reg[12][15]_i_8__8/O
                         net (fo=2, routed)           0.088     2.722    CORES[9].core_inst/trf/matrix_c0/r_transform_feature_reg_reg[12][15]_1
    SLICE_X74Y227        LUT6 (Prop_G6LUT_SLICEM_I1_O)
                                                      0.052     2.774 r  CORES[9].core_inst/trf/matrix_c0/r_transform_feature_reg[4][15]_i_2__8/O
                         net (fo=1, routed)           0.095     2.869    CORES[9].core_inst/trf/matrix_c0/r_transform_feature_reg[4][15]_i_2__8_n_0
    SLICE_X74Y226        LUT5 (Prop_B6LUT_SLICEM_I0_O)
                                                      0.125     2.994 r  CORES[9].core_inst/trf/matrix_c0/r_transform_feature_reg[4][15]_i_1__8/O
                         net (fo=1, routed)           0.059     3.053    CORES[9].core_inst/trf_n_192
    SLICE_X74Y226        FDCE                                         r  CORES[9].core_inst/r_transform_feature_reg_reg[4][15]/D
  -------------------------------------------------------------------    -------------------

                         (clock clk rise edge)        3.155     3.155 r  
                                                      0.000     3.155 r  clk (IN)
                         net (fo=29474, unset)        0.021     3.176    CORES[9].core_inst/clk
    SLICE_X74Y226        FDCE                                         r  CORES[9].core_inst/r_transform_feature_reg_reg[4][15]/C
                         clock pessimism              0.000     3.176    
                         clock uncertainty           -0.035     3.141    
    SLICE_X74Y226        FDCE (Setup_BFF_SLICEM_C_D)
                                                      0.025     3.166    CORES[9].core_inst/r_transform_feature_reg_reg[4][15]
  -------------------------------------------------------------------
                         required time                          3.166    
                         arrival time                          -3.053    
  -------------------------------------------------------------------
                         slack                                  0.112    

Slack (MET) :             0.112ns  (required time - arrival time)
  Source:                 CORES[4].core_inst/r_transform_feature_reg_reg[11][15]/C
                            (rising edge-triggered cell FDCE clocked by clk  {rise@0.000ns fall@1.577ns period=3.155ns})
  Destination:            CORES[4].core_inst/MAC_LANES[7].multip/r_output_write[1][15]_i_105__3_psdsp/D
                            (rising edge-triggered cell FDRE clocked by clk  {rise@0.000ns fall@1.577ns period=3.155ns})
  Path Group:             clk
  Path Type:              Setup (Max at Slow Process Corner)
  Requirement:            3.155ns  (clk rise@3.155ns - clk rise@0.000ns)
  Data Path Delay:        3.024ns  (logic 1.593ns (52.676%)  route 1.431ns (47.324%))
  Logic Levels:           6  (DSP_A_B_DATA=1 DSP_ALU=1 DSP_M_DATA=1 DSP_MULTIPLIER=1 DSP_OUTPUT=1 DSP_PREADD_DATA=1)
  Clock Path Skew:        -0.008ns (DCD - SCD + CPR)
    Destination Clock Delay (DCD):    0.020ns = ( 3.175 - 3.155 ) 
    Source Clock Delay      (SCD):    0.028ns
    Clock Pessimism Removal (CPR):    0.000ns
  Clock Uncertainty:      0.035ns  ((TSJ^2 + TIJ^2)^1/2 + DJ) / 2 + PE
    Total System Jitter     (TSJ):    0.071ns
    Total Input Jitter      (TIJ):    0.000ns
    Discrete Jitter          (DJ):    0.000ns
    Phase Error              (PE):    0.000ns

    Location             Delay type                Incr(ns)  Path(ns)    Netlist Resource(s)
  -------------------------------------------------------------------    -------------------
                         (clock clk rise edge)        0.000     0.000 r  
                                                      0.000     0.000 r  clk (IN)
                         net (fo=29474, unset)        0.028     0.028    CORES[4].core_inst/clk
    SLICE_X101Y213       FDCE                                         r  CORES[4].core_inst/r_transform_feature_reg_reg[11][15]/C
  -------------------------------------------------------------------    -------------------
    SLICE_X101Y213       FDCE (Prop_CFF_SLICEL_C_Q)
                                                      0.079     0.107 f  CORES[4].core_inst/r_transform_feature_reg_reg[11][15]/Q
                         net (fo=15, routed)          1.094     1.201    CORES[4].core_inst/MAC_LANES[11].multip/partial_product/A[22]
    DSP48E2_X11Y90       DSP_A_B_DATA (Prop_DSP_A_B_DATA_DSP48E2_A[22]_A2_DATA[22])
                                                      0.192     1.393 r  CORES[4].core_inst/MAC_LANES[11].multip/partial_product/DSP_A_B_DATA_INST/A2_DATA[22]
                         net (fo=1, routed)           0.000     1.393    CORES[4].core_inst/MAC_LANES[11].multip/partial_product/DSP_A_B_DATA.A2_DATA<22>
    DSP48E2_X11Y90       DSP_PREADD_DATA (Prop_DSP_PREADD_DATA_DSP48E2_A2_DATA[22]_A2A1[22])
                                                      0.076     1.469 r  CORES[4].core_inst/MAC_LANES[11].multip/partial_product/DSP_PREADD_DATA_INST/A2A1[22]
                         net (fo=1, routed)           0.000     1.469    CORES[4].core_inst/MAC_LANES[11].multip/partial_product/DSP_PREADD_DATA.A2A1<22>
    DSP48E2_X11Y90       DSP_MULTIPLIER (Prop_DSP_MULTIPLIER_DSP48E2_A2A1[22]_U[23])
                                                      0.505     1.974 f  CORES[4].core_inst/MAC_LANES[11].multip/partial_product/DSP_MULTIPLIER_INST/U[23]
                         net (fo=1, routed)           0.000     1.974    CORES[4].core_inst/MAC_LANES[11].multip/partial_product/DSP_MULTIPLIER.U<23>
    DSP48E2_X11Y90       DSP_M_DATA (Prop_DSP_M_DATA_DSP48E2_U[23]_U_DATA[23])
                                                      0.047     2.021 r  CORES[4].core_inst/MAC_LANES[11].multip/partial_product/DSP_M_DATA_INST/U_DATA[23]
                         net (fo=1, routed)           0.000     2.021    CORES[4].core_inst/MAC_LANES[11].multip/partial_product/DSP_M_DATA.U_DATA<23>
    DSP48E2_X11Y90       DSP_ALU (Prop_DSP_ALU_DSP48E2_U_DATA[23]_ALU_OUT[23])
                                                      0.585     2.606 f  CORES[4].core_inst/MAC_LANES[11].multip/partial_product/DSP_ALU_INST/ALU_OUT[23]
                         net (fo=1, routed)           0.000     2.606    CORES[4].core_inst/MAC_LANES[11].multip/partial_product/DSP_ALU.ALU_OUT<23>
    DSP48E2_X11Y90       DSP_OUTPUT (Prop_DSP_OUTPUT_DSP48E2_ALU_OUT[23]_P[23])
                                                      0.109     2.715 r  CORES[4].core_inst/MAC_LANES[11].multip/partial_product/DSP_OUTPUT_INST/P[23]
                         net (fo=1, routed)           0.337     3.052    CORES[4].core_inst/MAC_LANES[7].multip/r_output_write[1][15]_i_105__3_psdsp_n
    SLICE_X90Y228        FDRE                                         r  CORES[4].core_inst/MAC_LANES[7].multip/r_output_write[1][15]_i_105__3_psdsp/D
  -------------------------------------------------------------------    -------------------

                         (clock clk rise edge)        3.155     3.155 r  
                                                      0.000     3.155 r  clk (IN)
                         net (fo=29474, unset)        0.020     3.175    CORES[4].core_inst/MAC_LANES[7].multip/clk
    SLICE_X90Y228        FDRE                                         r  CORES[4].core_inst/MAC_LANES[7].multip/r_output_write[1][15]_i_105__3_psdsp/C
                         clock pessimism              0.000     3.175    
                         clock uncertainty           -0.035     3.140    
    SLICE_X90Y228        FDRE (Setup_EFF_SLICEL_C_D)
                                                      0.025     3.165    CORES[4].core_inst/MAC_LANES[7].multip/r_output_write[1][15]_i_105__3_psdsp
  -------------------------------------------------------------------
                         required time                          3.165    
                         arrival time                          -3.052    
  -------------------------------------------------------------------
                         slack                                  0.112    

Slack (MET) :             0.113ns  (required time - arrival time)
  Source:                 CORES[7].core_inst/MAC_LANES[4].multip/partial_product/DSP_OUTPUT_INST/CLK
                            (rising edge-triggered cell DSP_OUTPUT clocked by clk  {rise@0.000ns fall@1.577ns period=3.155ns})
  Destination:            CORES[7].core_inst/r_output_write_reg[8][13]/D
                            (rising edge-triggered cell FDCE clocked by clk  {rise@0.000ns fall@1.577ns period=3.155ns})
  Path Group:             clk
  Path Type:              Setup (Max at Slow Process Corner)
  Requirement:            3.155ns  (clk rise@3.155ns - clk rise@0.000ns)
  Data Path Delay:        2.991ns  (logic 1.075ns (35.936%)  route 1.916ns (64.064%))
  Logic Levels:           9  (CARRY8=3 LUT2=1 LUT4=1 LUT5=1 LUT6=3)
  Clock Path Skew:        -0.040ns (DCD - SCD + CPR)
    Destination Clock Delay (DCD):    0.020ns = ( 3.175 - 3.155 ) 
    Source Clock Delay      (SCD):    0.060ns
    Clock Pessimism Removal (CPR):    0.000ns
  Clock Uncertainty:      0.035ns  ((TSJ^2 + TIJ^2)^1/2 + DJ) / 2 + PE
    Total System Jitter     (TSJ):    0.071ns
    Total Input Jitter      (TIJ):    0.000ns
    Discrete Jitter          (DJ):    0.000ns
    Phase Error              (PE):    0.000ns

    Location             Delay type                Incr(ns)  Path(ns)    Netlist Resource(s)
  -------------------------------------------------------------------    -------------------
                         (clock clk rise edge)        0.000     0.000 r  
                                                      0.000     0.000 r  clk (IN)
                         net (fo=29474, unset)        0.060     0.060    CORES[7].core_inst/MAC_LANES[4].multip/partial_product/CLK
    DSP48E2_X7Y75        DSP_OUTPUT                                   r  CORES[7].core_inst/MAC_LANES[4].multip/partial_product/DSP_OUTPUT_INST/CLK
  -------------------------------------------------------------------    -------------------
    DSP48E2_X7Y75        DSP_OUTPUT (Prop_DSP_OUTPUT_DSP48E2_CLK_P[12])
                                                      0.207     0.267 r  CORES[7].core_inst/MAC_LANES[4].multip/partial_product/DSP_OUTPUT_INST/P[12]
                         net (fo=4, routed)           0.842     1.109    CORES[7].core_inst/MAC_LANES[4].multip/P[4]
    SLICE_X62Y187        LUT4 (Prop_B6LUT_SLICEL_I1_O)
                                                      0.051     1.160 r  CORES[7].core_inst/MAC_LANES[4].multip/r_output_write[2][7]_i_50__6/O
                         net (fo=2, routed)           0.144     1.304    CORES[7].core_inst/MAC_LANES[4].multip/r_output_write[2][7]_i_50__6_n_0
    SLICE_X63Y188        LUT5 (Prop_F6LUT_SLICEM_I2_O)
                                                      0.123     1.427 r  CORES[7].core_inst/MAC_LANES[4].multip/r_output_write[2][7]_i_57__6/O
                         net (fo=1, routed)           0.022     1.449    CORES[7].core_inst/MAC_LANES[4].multip/r_output_write[2][7]_i_57__6_n_0
    SLICE_X63Y188        CARRY8 (Prop_CARRY8_SLICEM_S[5]_CO[7])
                                                      0.159     1.608 r  CORES[7].core_inst/MAC_LANES[4].multip/r_output_write_reg[2][7]_i_31__6/CO[7]
                         net (fo=1, routed)           0.026     1.634    CORES[7].core_inst/MAC_LANES[4].multip/r_output_write_reg[2][7]_i_31__6_n_0
    SLICE_X63Y189        CARRY8 (Prop_CARRY8_SLICEM_CI_O[0])
                                                      0.056     1.690 r  CORES[7].core_inst/MAC_LANES[4].multip/r_output_write_reg[2][15]_i_56__6/O[0]
                         net (fo=6, routed)           0.439     2.129    CORES[7].core_inst/MAC_LANES[4].multip/w_inverse_partial_current[2]_65[8]
    SLICE_X60Y191        LUT6 (Prop_G6LUT_SLICEL_I4_O)
                                                      0.050     2.179 r  CORES[7].core_inst/MAC_LANES[4].multip/r_output_write[8][15]_i_27__6/O
                         net (fo=2, routed)           0.048     2.227    CORES[7].core_inst/MAC_LANES[16].multip/r_output_write_reg[8][15]_i_2__6_6
    SLICE_X60Y191        LUT6 (Prop_H6LUT_SLICEL_I5_O)
                                                      0.051     2.278 r  CORES[7].core_inst/MAC_LANES[16].multip/r_output_write[8][15]_i_7__6/O
                         net (fo=2, routed)           0.204     2.482    CORES[7].core_inst/MAC_LANES[16].multip/r_output_write[8][15]_i_7__6_n_0
    SLICE_X59Y190        LUT6 (Prop_C6LUT_SLICEL_I0_O)
                                                      0.146     2.628 r  CORES[7].core_inst/MAC_LANES[16].multip/r_output_write[8][15]_i_15__6/O
                         net (fo=1, routed)           0.010     2.638    CORES[7].core_inst/MAC_LANES[16].multip/r_output_write[8][15]_i_15__6_n_0
    SLICE_X59Y190        CARRY8 (Prop_CARRY8_SLICEL_S[2]_O[5])
                                                      0.196     2.834 r  CORES[7].core_inst/MAC_LANES[16].multip/r_output_write_reg[8][15]_i_2__6/O[5]
                         net (fo=1, routed)           0.132     2.966    CORES[7].core_inst/MAC_LANES[16].multip/w_output_acc_next[8]_74[13]
    SLICE_X59Y192        LUT2 (Prop_D6LUT_SLICEL_I1_O)
                                                      0.036     3.002 r  CORES[7].core_inst/MAC_LANES[16].multip/r_output_write[8][13]_i_1__6/O
                         net (fo=1, routed)           0.049     3.051    CORES[7].core_inst/MAC_LANES[16].multip_n_57
    SLICE_X59Y192        FDCE                                         r  CORES[7].core_inst/r_output_write_reg[8][13]/D
  -------------------------------------------------------------------    -------------------

                         (clock clk rise edge)        3.155     3.155 r  
                                                      0.000     3.155 r  clk (IN)
                         net (fo=29474, unset)        0.020     3.175    CORES[7].core_inst/clk
    SLICE_X59Y192        FDCE                                         r  CORES[7].core_inst/r_output_write_reg[8][13]/C
                         clock pessimism              0.000     3.175    
                         clock uncertainty           -0.035     3.140    
    SLICE_X59Y192        FDCE (Setup_DFF_SLICEL_C_D)
                                                      0.025     3.165    CORES[7].core_inst/r_output_write_reg[8][13]
  -------------------------------------------------------------------
                         required time                          3.165    
                         arrival time                          -3.051    
  -------------------------------------------------------------------
                         slack                                  0.113    

Slack (MET) :             0.114ns  (required time - arrival time)
  Source:                 CORES[8].core_inst/r_input_feat_reg[22][0]/C
                            (rising edge-triggered cell FDCE clocked by clk  {rise@0.000ns fall@1.577ns period=3.155ns})
  Destination:            CORES[8].core_inst/r_transform_feature_reg_reg[10][5]/D
                            (rising edge-triggered cell FDCE clocked by clk  {rise@0.000ns fall@1.577ns period=3.155ns})
  Path Group:             clk
  Path Type:              Setup (Max at Slow Process Corner)
  Requirement:            3.155ns  (clk rise@3.155ns - clk rise@0.000ns)
  Data Path Delay:        3.023ns  (logic 0.849ns (28.085%)  route 2.174ns (71.915%))
  Logic Levels:           7  (CARRY8=2 LUT3=2 LUT5=2 LUT6=1)
  Clock Path Skew:        -0.008ns (DCD - SCD + CPR)
    Destination Clock Delay (DCD):    0.021ns = ( 3.176 - 3.155 ) 
    Source Clock Delay      (SCD):    0.029ns
    Clock Pessimism Removal (CPR):    0.000ns
  Clock Uncertainty:      0.035ns  ((TSJ^2 + TIJ^2)^1/2 + DJ) / 2 + PE
    Total System Jitter     (TSJ):    0.071ns
    Total Input Jitter      (TIJ):    0.000ns
    Discrete Jitter          (DJ):    0.000ns
    Phase Error              (PE):    0.000ns

    Location             Delay type                Incr(ns)  Path(ns)    Netlist Resource(s)
  -------------------------------------------------------------------    -------------------
                         (clock clk rise edge)        0.000     0.000 r  
                                                      0.000     0.000 r  clk (IN)
                         net (fo=29474, unset)        0.029     0.029    CORES[8].core_inst/clk
    SLICE_X68Y17         FDCE                                         r  CORES[8].core_inst/r_input_feat_reg[22][0]/C
  -------------------------------------------------------------------    -------------------
    SLICE_X68Y17         FDCE (Prop_FFF_SLICEL_C_Q)
                                                      0.079     0.108 f  CORES[8].core_inst/r_input_feat_reg[22][0]/Q
                         net (fo=11, routed)          0.261     0.369    CORES[8].core_inst/trf/matrix_c0/soma[26]__0_carry_2[0]
    SLICE_X66Y14         LUT3 (Prop_A6LUT_SLICEL_I0_O)
                                                      0.090     0.459 r  CORES[8].core_inst/trf/matrix_c0/soma[24]__0_carry_i_7__7/O
                         net (fo=1, routed)           0.370     0.829    CORES[8].core_inst/trf/matrix_c0/soma[24]__0_carry_i_7__7_n_0
    SLICE_X65Y14         CARRY8 (Prop_CARRY8_SLICEL_DI[1]_O[2])
                                                      0.096     0.925 r  CORES[8].core_inst/trf/matrix_c0/soma[24]__0_carry/O[2]
                         net (fo=3, routed)           0.548     1.473    CORES[8].core_inst/trf/matrix_c0/partial[24]_4[2]
    SLICE_X61Y18         LUT3 (Prop_G6LUT_SLICEM_I2_O)
                                                      0.123     1.596 r  CORES[8].core_inst/trf/matrix_c0/soma[12]__0_carry_i_5__15/O
                         net (fo=1, routed)           0.168     1.764    CORES[8].core_inst/trf/matrix_c1/r_transform_feature_reg_reg[12][7][2]
    SLICE_X59Y19         CARRY8 (Prop_CARRY8_SLICEL_DI[3]_O[5])
                                                      0.177     1.941 r  CORES[8].core_inst/trf/matrix_c1/soma[12]__0_carry/O[5]
                         net (fo=6, routed)           0.401     2.342    CORES[8].core_inst/trf/matrix_c1/w_conv_transform[12]__0[5]
    SLICE_X52Y20         LUT6 (Prop_H6LUT_SLICEL_I1_O)
                                                      0.099     2.441 r  CORES[8].core_inst/trf/matrix_c1/r_transform_feature_reg[10][5]_i_5__7/O
                         net (fo=2, routed)           0.204     2.645    CORES[8].core_inst/trf/matrix_c0/r_transform_feature_reg_reg[10][5]
    SLICE_X51Y21         LUT5 (Prop_F6LUT_SLICEL_I2_O)
                                                      0.148     2.793 r  CORES[8].core_inst/trf/matrix_c0/r_transform_feature_reg[10][5]_i_2__7/O
                         net (fo=1, routed)           0.150     2.943    CORES[8].core_inst/trf/matrix_c1/r_transform_feature_reg_reg[10][5]
    SLICE_X50Y21         LUT5 (Prop_D6LUT_SLICEM_I0_O)
                                                      0.037     2.980 r  CORES[8].core_inst/trf/matrix_c1/r_transform_feature_reg[10][5]_i_1__7/O
                         net (fo=1, routed)           0.072     3.052    CORES[8].core_inst/trf_n_122
    SLICE_X50Y21         FDCE                                         r  CORES[8].core_inst/r_transform_feature_reg_reg[10][5]/D
  -------------------------------------------------------------------    -------------------

                         (clock clk rise edge)        3.155     3.155 r  
                                                      0.000     3.155 r  clk (IN)
                         net (fo=29474, unset)        0.021     3.176    CORES[8].core_inst/clk
    SLICE_X50Y21         FDCE                                         r  CORES[8].core_inst/r_transform_feature_reg_reg[10][5]/C
                         clock pessimism              0.000     3.176    
                         clock uncertainty           -0.035     3.141    
    SLICE_X50Y21         FDCE (Setup_DFF_SLICEM_C_D)
                                                      0.025     3.166    CORES[8].core_inst/r_transform_feature_reg_reg[10][5]
  -------------------------------------------------------------------
                         required time                          3.166    
                         arrival time                          -3.052    
  -------------------------------------------------------------------
                         slack                                  0.114    

Slack (MET) :             0.114ns  (required time - arrival time)
  Source:                 CORES[9].core_inst/MAC_LANES[6].multip/partial_product/DSP_OUTPUT_INST/CLK
                            (rising edge-triggered cell DSP_OUTPUT clocked by clk  {rise@0.000ns fall@1.577ns period=3.155ns})
  Destination:            CORES[9].core_inst/r_output_write_reg[3][13]/D
                            (rising edge-triggered cell FDCE clocked by clk  {rise@0.000ns fall@1.577ns period=3.155ns})
  Path Group:             clk
  Path Type:              Setup (Max at Slow Process Corner)
  Requirement:            3.155ns  (clk rise@3.155ns - clk rise@0.000ns)
  Data Path Delay:        2.991ns  (logic 1.182ns (39.522%)  route 1.809ns (60.478%))
  Logic Levels:           9  (CARRY8=3 LUT2=1 LUT4=1 LUT5=2 LUT6=2)
  Clock Path Skew:        -0.040ns (DCD - SCD + CPR)
    Destination Clock Delay (DCD):    0.020ns = ( 3.175 - 3.155 ) 
    Source Clock Delay      (SCD):    0.060ns
    Clock Pessimism Removal (CPR):    0.000ns
  Clock Uncertainty:      0.035ns  ((TSJ^2 + TIJ^2)^1/2 + DJ) / 2 + PE
    Total System Jitter     (TSJ):    0.071ns
    Total Input Jitter      (TIJ):    0.000ns
    Discrete Jitter          (DJ):    0.000ns
    Phase Error              (PE):    0.000ns

    Location             Delay type                Incr(ns)  Path(ns)    Netlist Resource(s)
  -------------------------------------------------------------------    -------------------
                         (clock clk rise edge)        0.000     0.000 r  
                                                      0.000     0.000 r  clk (IN)
                         net (fo=29474, unset)        0.060     0.060    CORES[9].core_inst/MAC_LANES[6].multip/partial_product/CLK
    DSP48E2_X5Y89        DSP_OUTPUT                                   r  CORES[9].core_inst/MAC_LANES[6].multip/partial_product/DSP_OUTPUT_INST/CLK
  -------------------------------------------------------------------    -------------------
    DSP48E2_X5Y89        DSP_OUTPUT (Prop_DSP_OUTPUT_DSP48E2_CLK_P[12])
                                                      0.207     0.267 r  CORES[9].core_inst/MAC_LANES[6].multip/partial_product/DSP_OUTPUT_INST/P[12]
                         net (fo=2, routed)           0.472     0.739    CORES[9].core_inst/MAC_LANES[9].multip/r_output_write_reg[0][15]_i_57__8_1[4]
    SLICE_X62Y221        LUT4 (Prop_C6LUT_SLICEL_I3_O)
                                                      0.096     0.835 r  CORES[9].core_inst/MAC_LANES[9].multip/r_output_write[0][7]_i_35__8/O
                         net (fo=2, routed)           0.265     1.100    CORES[9].core_inst/MAC_LANES[9].multip/r_output_write[0][7]_i_35__8_n_0
    SLICE_X61Y222        LUT5 (Prop_F6LUT_SLICEM_I2_O)
                                                      0.123     1.223 r  CORES[9].core_inst/MAC_LANES[9].multip/r_output_write[0][7]_i_42__8/O
                         net (fo=1, routed)           0.022     1.245    CORES[9].core_inst/MAC_LANES[9].multip/r_output_write[0][7]_i_42__8_n_0
    SLICE_X61Y222        CARRY8 (Prop_CARRY8_SLICEM_S[5]_CO[7])
                                                      0.159     1.404 r  CORES[9].core_inst/MAC_LANES[9].multip/r_output_write_reg[0][7]_i_30__8/CO[7]
                         net (fo=1, routed)           0.026     1.430    CORES[9].core_inst/MAC_LANES[9].multip/r_output_write_reg[0][7]_i_30__8_n_0
    SLICE_X61Y223        CARRY8 (Prop_CARRY8_SLICEM_CI_O[1])
                                                      0.076     1.506 r  CORES[9].core_inst/MAC_LANES[9].multip/r_output_write_reg[0][15]_i_57__8/O[1]
                         net (fo=6, routed)           0.283     1.789    CORES[9].core_inst/MAC_LANES[9].multip/r_output_write_reg[0][15]_i_75__9[8]
    SLICE_X55Y223        LUT6 (Prop_E6LUT_SLICEL_I0_O)
                                                      0.035     1.824 r  CORES[9].core_inst/MAC_LANES[9].multip/r_output_write[3][15]_i_26__8/O
                         net (fo=2, routed)           0.260     2.085    CORES[9].core_inst/MAC_LANES[15].multip/r_output_write_reg[3][15]_i_2__8_5
    SLICE_X56Y231        LUT5 (Prop_H6LUT_SLICEM_I3_O)
                                                      0.152     2.237 r  CORES[9].core_inst/MAC_LANES[15].multip/r_output_write[3][15]_i_7__8/O
                         net (fo=2, routed)           0.225     2.462    CORES[9].core_inst/MAC_LANES[15].multip/r_output_write[3][15]_i_7__8_n_0
    SLICE_X53Y235        LUT6 (Prop_C6LUT_SLICEM_I0_O)
                                                      0.098     2.560 r  CORES[9].core_inst/MAC_LANES[15].multip/r_output_write[3][15]_i_15__8/O
                         net (fo=1, routed)           0.021     2.581    CORES[9].core_inst/MAC_LANES[15].multip/r_output_write[3][15]_i_15__8_n_0
    SLICE_X53Y235        CARRY8 (Prop_CARRY8_SLICEM_S[2]_O[5])
                                                      0.200     2.781 r  CORES[9].core_inst/MAC_LANES[15].multip/r_output_write_reg[3][15]_i_2__8/O[5]
                         net (fo=1, routed)           0.183     2.964    CORES[9].core_inst/MAC_LANES[15].multip/w_output_acc_next[3]_79[13]
    SLICE_X52Y235        LUT2 (Prop_H6LUT_SLICEL_I1_O)
                                                      0.036     3.000 r  CORES[9].core_inst/MAC_LANES[15].multip/r_output_write[3][13]_i_1__8/O
                         net (fo=1, routed)           0.051     3.051    CORES[9].core_inst/MAC_LANES[15].multip_n_35
    SLICE_X52Y235        FDCE                                         r  CORES[9].core_inst/r_output_write_reg[3][13]/D
  -------------------------------------------------------------------    -------------------

                         (clock clk rise edge)        3.155     3.155 r  
                                                      0.000     3.155 r  clk (IN)
                         net (fo=29474, unset)        0.020     3.175    CORES[9].core_inst/clk
    SLICE_X52Y235        FDCE                                         r  CORES[9].core_inst/r_output_write_reg[3][13]/C
                         clock pessimism              0.000     3.175    
                         clock uncertainty           -0.035     3.140    
    SLICE_X52Y235        FDCE (Setup_HFF_SLICEL_C_D)
                                                      0.025     3.165    CORES[9].core_inst/r_output_write_reg[3][13]
  -------------------------------------------------------------------
                         required time                          3.165    
                         arrival time                          -3.051    
  -------------------------------------------------------------------
                         slack                                  0.114    

Slack (MET) :             0.114ns  (required time - arrival time)
  Source:                 CORES[9].core_inst/MAC_LANES[6].multip/partial_product/DSP_OUTPUT_INST/CLK
                            (rising edge-triggered cell DSP_OUTPUT clocked by clk  {rise@0.000ns fall@1.577ns period=3.155ns})
  Destination:            CORES[9].core_inst/r_output_write_reg[3][14]/D
                            (rising edge-triggered cell FDCE clocked by clk  {rise@0.000ns fall@1.577ns period=3.155ns})
  Path Group:             clk
  Path Type:              Setup (Max at Slow Process Corner)
  Requirement:            3.155ns  (clk rise@3.155ns - clk rise@0.000ns)
  Data Path Delay:        2.992ns  (logic 1.224ns (40.913%)  route 1.768ns (59.087%))
  Logic Levels:           9  (CARRY8=3 LUT2=1 LUT4=1 LUT5=2 LUT6=2)
  Clock Path Skew:        -0.039ns (DCD - SCD + CPR)
    Destination Clock Delay (DCD):    0.021ns = ( 3.176 - 3.155 ) 
    Source Clock Delay      (SCD):    0.060ns
    Clock Pessimism Removal (CPR):    0.000ns
  Clock Uncertainty:      0.035ns  ((TSJ^2 + TIJ^2)^1/2 + DJ) / 2 + PE
    Total System Jitter     (TSJ):    0.071ns
    Total Input Jitter      (TIJ):    0.000ns
    Discrete Jitter          (DJ):    0.000ns
    Phase Error              (PE):    0.000ns

    Location             Delay type                Incr(ns)  Path(ns)    Netlist Resource(s)
  -------------------------------------------------------------------    -------------------
                         (clock clk rise edge)        0.000     0.000 r  
                                                      0.000     0.000 r  clk (IN)
                         net (fo=29474, unset)        0.060     0.060    CORES[9].core_inst/MAC_LANES[6].multip/partial_product/CLK
    DSP48E2_X5Y89        DSP_OUTPUT                                   r  CORES[9].core_inst/MAC_LANES[6].multip/partial_product/DSP_OUTPUT_INST/CLK
  -------------------------------------------------------------------    -------------------
    DSP48E2_X5Y89        DSP_OUTPUT (Prop_DSP_OUTPUT_DSP48E2_CLK_P[12])
                                                      0.207     0.267 r  CORES[9].core_inst/MAC_LANES[6].multip/partial_product/DSP_OUTPUT_INST/P[12]
                         net (fo=2, routed)           0.472     0.739    CORES[9].core_inst/MAC_LANES[9].multip/r_output_write_reg[0][15]_i_57__8_1[4]
    SLICE_X62Y221        LUT4 (Prop_C6LUT_SLICEL_I3_O)
                                                      0.096     0.835 r  CORES[9].core_inst/MAC_LANES[9].multip/r_output_write[0][7]_i_35__8/O
                         net (fo=2, routed)           0.265     1.100    CORES[9].core_inst/MAC_LANES[9].multip/r_output_write[0][7]_i_35__8_n_0
    SLICE_X61Y222        LUT5 (Prop_F6LUT_SLICEM_I2_O)
                                                      0.123     1.223 r  CORES[9].core_inst/MAC_LANES[9].multip/r_output_write[0][7]_i_42__8/O
                         net (fo=1, routed)           0.022     1.245    CORES[9].core_inst/MAC_LANES[9].multip/r_output_write[0][7]_i_42__8_n_0
    SLICE_X61Y222        CARRY8 (Prop_CARRY8_SLICEM_S[5]_CO[7])
                                                      0.159     1.404 r  CORES[9].core_inst/MAC_LANES[9].multip/r_output_write_reg[0][7]_i_30__8/CO[7]
                         net (fo=1, routed)           0.026     1.430    CORES[9].core_inst/MAC_LANES[9].multip/r_output_write_reg[0][7]_i_30__8_n_0
    SLICE_X61Y223        CARRY8 (Prop_CARRY8_SLICEM_CI_O[1])
                                                      0.076     1.506 r  CORES[9].core_inst/MAC_LANES[9].multip/r_output_write_reg[0][15]_i_57__8/O[1]
                         net (fo=6, routed)           0.283     1.789    CORES[9].core_inst/MAC_LANES[9].multip/r_output_write_reg[0][15]_i_75__9[8]
    SLICE_X55Y223        LUT6 (Prop_E6LUT_SLICEL_I0_O)
                                                      0.035     1.824 r  CORES[9].core_inst/MAC_LANES[9].multip/r_output_write[3][15]_i_26__8/O
                         net (fo=2, routed)           0.260     2.085    CORES[9].core_inst/MAC_LANES[15].multip/r_output_write_reg[3][15]_i_2__8_5
    SLICE_X56Y231        LUT5 (Prop_H6LUT_SLICEM_I3_O)
                                                      0.152     2.237 r  CORES[9].core_inst/MAC_LANES[15].multip/r_output_write[3][15]_i_7__8/O
                         net (fo=2, routed)           0.225     2.462    CORES[9].core_inst/MAC_LANES[15].multip/r_output_write[3][15]_i_7__8_n_0
    SLICE_X53Y235        LUT6 (Prop_C6LUT_SLICEM_I0_O)
                                                      0.098     2.560 r  CORES[9].core_inst/MAC_LANES[15].multip/r_output_write[3][15]_i_15__8/O
                         net (fo=1, routed)           0.021     2.581    CORES[9].core_inst/MAC_LANES[15].multip/r_output_write[3][15]_i_15__8_n_0
    SLICE_X53Y235        CARRY8 (Prop_CARRY8_SLICEM_S[2]_O[6])
                                                      0.188     2.769 r  CORES[9].core_inst/MAC_LANES[15].multip/r_output_write_reg[3][15]_i_2__8/O[6]
                         net (fo=1, routed)           0.135     2.904    CORES[9].core_inst/MAC_LANES[15].multip/w_output_acc_next[3]_79[14]
    SLICE_X53Y233        LUT2 (Prop_H6LUT_SLICEM_I1_O)
                                                      0.090     2.994 r  CORES[9].core_inst/MAC_LANES[15].multip/r_output_write[3][14]_i_1__8/O
                         net (fo=1, routed)           0.058     3.052    CORES[9].core_inst/MAC_LANES[15].multip_n_34
    SLICE_X53Y233        FDCE                                         r  CORES[9].core_inst/r_output_write_reg[3][14]/D
  -------------------------------------------------------------------    -------------------

                         (clock clk rise edge)        3.155     3.155 r  
                                                      0.000     3.155 r  clk (IN)
                         net (fo=29474, unset)        0.021     3.176    CORES[9].core_inst/clk
    SLICE_X53Y233        FDCE                                         r  CORES[9].core_inst/r_output_write_reg[3][14]/C
                         clock pessimism              0.000     3.176    
                         clock uncertainty           -0.035     3.141    
    SLICE_X53Y233        FDCE (Setup_HFF_SLICEM_C_D)
                                                      0.025     3.166    CORES[9].core_inst/r_output_write_reg[3][14]
  -------------------------------------------------------------------
                         required time                          3.166    
                         arrival time                          -3.052    
  -------------------------------------------------------------------
                         slack                                  0.114    

Slack (MET) :             0.114ns  (required time - arrival time)
  Source:                 CORES[2].core_inst/r_input_feat_reg[23][4]/C
                            (rising edge-triggered cell FDCE clocked by clk  {rise@0.000ns fall@1.577ns period=3.155ns})
  Destination:            CORES[2].core_inst/r_transform_feature_reg_reg[7][15]/D
                            (rising edge-triggered cell FDCE clocked by clk  {rise@0.000ns fall@1.577ns period=3.155ns})
  Path Group:             clk
  Path Type:              Setup (Max at Slow Process Corner)
  Requirement:            3.155ns  (clk rise@3.155ns - clk rise@0.000ns)
  Data Path Delay:        3.022ns  (logic 0.805ns (26.642%)  route 2.217ns (73.358%))
  Logic Levels:           8  (CARRY8=3 LUT3=2 LUT5=1 LUT6=2)
  Clock Path Skew:        -0.009ns (DCD - SCD + CPR)
    Destination Clock Delay (DCD):    0.020ns = ( 3.175 - 3.155 ) 
    Source Clock Delay      (SCD):    0.029ns
    Clock Pessimism Removal (CPR):    0.000ns
  Clock Uncertainty:      0.035ns  ((TSJ^2 + TIJ^2)^1/2 + DJ) / 2 + PE
    Total System Jitter     (TSJ):    0.071ns
    Total Input Jitter      (TIJ):    0.000ns
    Discrete Jitter          (DJ):    0.000ns
    Phase Error              (PE):    0.000ns

    Location             Delay type                Incr(ns)  Path(ns)    Netlist Resource(s)
  -------------------------------------------------------------------    -------------------
                         (clock clk rise edge)        0.000     0.000 r  
                                                      0.000     0.000 r  clk (IN)
                         net (fo=29474, unset)        0.029     0.029    CORES[2].core_inst/clk
    SLICE_X108Y158       FDCE                                         r  CORES[2].core_inst/r_input_feat_reg[23][4]/C
  -------------------------------------------------------------------    -------------------
    SLICE_X108Y158       FDCE (Prop_EFF_SLICEL_C_Q)
                                                      0.079     0.108 f  CORES[2].core_inst/r_input_feat_reg[23][4]/Q
                         net (fo=9, routed)           0.199     0.307    CORES[2].core_inst/trf/matrix_c0/soma[26]__0_carry_1[4]
    SLICE_X107Y156       LUT3 (Prop_E6LUT_SLICEL_I0_O)
                                                      0.090     0.397 r  CORES[2].core_inst/trf/matrix_c0/soma[25]__0_carry_i_3__1/O
                         net (fo=1, routed)           0.404     0.801    CORES[2].core_inst/trf/matrix_c0/soma[25]__0_carry_i_3__1_n_0
    SLICE_X104Y157       CARRY8 (Prop_CARRY8_SLICEM_DI[5]_CO[7])
                                                      0.088     0.889 r  CORES[2].core_inst/trf/matrix_c0/soma[25]__0_carry/CO[7]
                         net (fo=1, routed)           0.026     0.915    CORES[2].core_inst/trf/matrix_c0/soma[25]__0_carry_n_0
    SLICE_X104Y158       CARRY8 (Prop_CARRY8_SLICEM_CI_O[0])
                                                      0.056     0.971 r  CORES[2].core_inst/trf/matrix_c0/soma[25]__0_carry__0/O[0]
                         net (fo=3, routed)           0.630     1.602    CORES[2].core_inst/trf/matrix_c0/partial[25]_3[8]
    SLICE_X99Y163        LUT3 (Prop_G6LUT_SLICEL_I2_O)
                                                      0.097     1.699 r  CORES[2].core_inst/trf/matrix_c0/soma[13]__0_carry__0_i_6__3/O
                         net (fo=1, routed)           0.208     1.907    CORES[2].core_inst/trf/matrix_c1/r_transform_feature_reg_reg[13][15][1]
    SLICE_X98Y163        CARRY8 (Prop_CARRY8_SLICEL_DI[1]_O[7])
                                                      0.195     2.102 r  CORES[2].core_inst/trf/matrix_c1/soma[13]__0_carry__0/O[7]
                         net (fo=5, routed)           0.391     2.493    CORES[2].core_inst/trf/matrix_c0/r_transform_feature_reg_reg[13][15]_0[7]
    SLICE_X94Y165        LUT6 (Prop_F6LUT_SLICEM_I5_O)
                                                      0.051     2.544 r  CORES[2].core_inst/trf/matrix_c0/r_transform_feature_reg[15][15]_i_6__1/O
                         net (fo=2, routed)           0.264     2.808    CORES[2].core_inst/trf/matrix_c0/r_transform_feature_reg[15][15]_i_6__1_n_0
    SLICE_X92Y169        LUT6 (Prop_D6LUT_SLICEL_I1_O)
                                                      0.050     2.858 r  CORES[2].core_inst/trf/matrix_c0/r_transform_feature_reg[7][15]_i_2__1/O
                         net (fo=1, routed)           0.043     2.901    CORES[2].core_inst/trf/matrix_c0/r_transform_feature_reg[7][15]_i_2__1_n_0
    SLICE_X92Y169        LUT5 (Prop_H6LUT_SLICEL_I0_O)
                                                      0.099     3.000 r  CORES[2].core_inst/trf/matrix_c0/r_transform_feature_reg[7][15]_i_1__1/O
                         net (fo=1, routed)           0.051     3.051    CORES[2].core_inst/trf_n_144
    SLICE_X92Y169        FDCE                                         r  CORES[2].core_inst/r_transform_feature_reg_reg[7][15]/D
  -------------------------------------------------------------------    -------------------

                         (clock clk rise edge)        3.155     3.155 r  
                                                      0.000     3.155 r  clk (IN)
                         net (fo=29474, unset)        0.020     3.175    CORES[2].core_inst/clk
    SLICE_X92Y169        FDCE                                         r  CORES[2].core_inst/r_transform_feature_reg_reg[7][15]/C
                         clock pessimism              0.000     3.175    
                         clock uncertainty           -0.035     3.140    
    SLICE_X92Y169        FDCE (Setup_HFF_SLICEL_C_D)
                                                      0.025     3.165    CORES[2].core_inst/r_transform_feature_reg_reg[7][15]
  -------------------------------------------------------------------
                         required time                          3.165    
                         arrival time                          -3.051    
  -------------------------------------------------------------------
                         slack                                  0.114    

Slack (MET) :             0.114ns  (required time - arrival time)
  Source:                 CORES[14].core_inst/r_input_feat_reg[11][4]/C
                            (rising edge-triggered cell FDCE clocked by clk  {rise@0.000ns fall@1.577ns period=3.155ns})
  Destination:            CORES[14].core_inst/r_transform_feature_reg_reg[16][14]/D
                            (rising edge-triggered cell FDCE clocked by clk  {rise@0.000ns fall@1.577ns period=3.155ns})
  Path Group:             clk
  Path Type:              Setup (Max at Slow Process Corner)
  Requirement:            3.155ns  (clk rise@3.155ns - clk rise@0.000ns)
  Data Path Delay:        3.020ns  (logic 1.064ns (35.229%)  route 1.956ns (64.771%))
  Logic Levels:           8  (CARRY8=3 LUT3=2 LUT5=1 LUT6=2)
  Clock Path Skew:        -0.010ns (DCD - SCD + CPR)
    Destination Clock Delay (DCD):    0.020ns = ( 3.175 - 3.155 ) 
    Source Clock Delay      (SCD):    0.030ns
    Clock Pessimism Removal (CPR):    0.000ns
  Clock Uncertainty:      0.035ns  ((TSJ^2 + TIJ^2)^1/2 + DJ) / 2 + PE
    Total System Jitter     (TSJ):    0.071ns
    Total Input Jitter      (TIJ):    0.000ns
    Discrete Jitter          (DJ):    0.000ns
    Phase Error              (PE):    0.000ns

    Location             Delay type                Incr(ns)  Path(ns)    Netlist Resource(s)
  -------------------------------------------------------------------    -------------------
                         (clock clk rise edge)        0.000     0.000 r  
                                                      0.000     0.000 r  clk (IN)
                         net (fo=29474, unset)        0.030     0.030    CORES[14].core_inst/clk
    SLICE_X84Y33         FDCE                                         r  CORES[14].core_inst/r_input_feat_reg[11][4]/C
  -------------------------------------------------------------------    -------------------
    SLICE_X84Y33         FDCE (Prop_HFF2_SLICEM_C_Q)
                                                      0.078     0.108 r  CORES[14].core_inst/r_input_feat_reg[11][4]/Q
                         net (fo=17, routed)          0.510     0.618    CORES[14].core_inst/trf/matrix_c0/r_transform_feature_reg[13][15]_i_2__13_0[4]
    SLICE_X83Y37         LUT6 (Prop_E6LUT_SLICEM_I3_O)
                                                      0.148     0.766 r  CORES[14].core_inst/trf/matrix_c0/soma[12]__0_carry_i_11__28/O
                         net (fo=1, routed)           0.014     0.780    CORES[14].core_inst/trf/matrix_c0/soma[12]__0_carry_i_11__28_n_0
    SLICE_X83Y37         CARRY8 (Prop_CARRY8_SLICEM_S[4]_CO[7])
                                                      0.156     0.936 r  CORES[14].core_inst/trf/matrix_c0/soma[12]__0_carry/CO[7]
                         net (fo=1, routed)           0.026     0.962    CORES[14].core_inst/trf/matrix_c0/soma[12]__0_carry_n_0
    SLICE_X83Y38         CARRY8 (Prop_CARRY8_SLICEM_CI_O[3])
                                                      0.082     1.044 f  CORES[14].core_inst/trf/matrix_c0/soma[12]__0_carry__0/O[3]
                         net (fo=15, routed)          0.441     1.485    CORES[14].core_inst/trf/matrix_c0/w_conv_transform[24]_10[11]
    SLICE_X86Y45         LUT3 (Prop_H6LUT_SLICEM_I0_O)
                                                      0.152     1.637 r  CORES[14].core_inst/trf/matrix_c0/soma[0]__0_carry__0_i_3__27/O
                         net (fo=1, routed)           0.240     1.877    CORES[14].core_inst/trf/matrix_c1/r_transform_feature_reg_reg[0][15][4]
    SLICE_X86Y42         CARRY8 (Prop_CARRY8_SLICEM_DI[4]_O[6])
                                                      0.115     1.992 r  CORES[14].core_inst/trf/matrix_c1/soma[0]__0_carry__0/O[6]
                         net (fo=15, routed)          0.322     2.314    CORES[14].core_inst/trf/matrix_c0/r_transform_feature_reg_reg[0][15]_0[6]
    SLICE_X83Y48         LUT6 (Prop_F6LUT_SLICEM_I0_O)
                                                      0.148     2.462 r  CORES[14].core_inst/trf/matrix_c0/r_transform_feature_reg[8][14]_i_4__13/O
                         net (fo=2, routed)           0.168     2.630    CORES[14].core_inst/trf/matrix_c0/r_transform_feature_reg[8][14]_i_4__13_n_0
    SLICE_X81Y47         LUT3 (Prop_B6LUT_SLICEM_I2_O)
                                                      0.149     2.779 r  CORES[14].core_inst/trf/matrix_c0/r_transform_feature_reg[16][14]_i_3__13/O
                         net (fo=1, routed)           0.186     2.965    CORES[14].core_inst/trf/matrix_c0/r_transform_feature_reg[16][14]_i_3__13_n_0
    SLICE_X82Y49         LUT5 (Prop_D6LUT_SLICEL_I2_O)
                                                      0.036     3.001 r  CORES[14].core_inst/trf/matrix_c0/r_transform_feature_reg[16][14]_i_1__13/O
                         net (fo=1, routed)           0.049     3.050    CORES[14].core_inst/trf_n_17
    SLICE_X82Y49         FDCE                                         r  CORES[14].core_inst/r_transform_feature_reg_reg[16][14]/D
  -------------------------------------------------------------------    -------------------

                         (clock clk rise edge)        3.155     3.155 r  
                                                      0.000     3.155 r  clk (IN)
                         net (fo=29474, unset)        0.020     3.175    CORES[14].core_inst/clk
    SLICE_X82Y49         FDCE                                         r  CORES[14].core_inst/r_transform_feature_reg_reg[16][14]/C
                         clock pessimism              0.000     3.175    
                         clock uncertainty           -0.035     3.140    
    SLICE_X82Y49         FDCE (Setup_DFF_SLICEL_C_D)
                                                      0.025     3.165    CORES[14].core_inst/r_transform_feature_reg_reg[16][14]
  -------------------------------------------------------------------
                         required time                          3.165    
                         arrival time                          -3.050    
  -------------------------------------------------------------------
                         slack                                  0.114    

Slack (MET) :             0.115ns  (required time - arrival time)
  Source:                 r_output_write_reg[1][15]_i_73__5/C
                            (rising edge-triggered cell FDCE clocked by clk  {rise@0.000ns fall@1.577ns period=3.155ns})
  Destination:            CORES[5].core_inst/r_output_write_reg[7][14]/D
                            (rising edge-triggered cell FDCE clocked by clk  {rise@0.000ns fall@1.577ns period=3.155ns})
  Path Group:             clk
  Path Type:              Setup (Max at Slow Process Corner)
  Requirement:            3.155ns  (clk rise@3.155ns - clk rise@0.000ns)
  Data Path Delay:        3.021ns  (logic 0.898ns (29.724%)  route 2.123ns (70.276%))
  Logic Levels:           9  (CARRY8=3 LUT2=1 LUT4=1 LUT5=1 LUT6=3)
  Clock Path Skew:        -0.009ns (DCD - SCD + CPR)
    Destination Clock Delay (DCD):    0.021ns = ( 3.176 - 3.155 ) 
    Source Clock Delay      (SCD):    0.030ns
    Clock Pessimism Removal (CPR):    0.000ns
  Clock Uncertainty:      0.035ns  ((TSJ^2 + TIJ^2)^1/2 + DJ) / 2 + PE
    Total System Jitter     (TSJ):    0.071ns
    Total Input Jitter      (TIJ):    0.000ns
    Discrete Jitter          (DJ):    0.000ns
    Phase Error              (PE):    0.000ns

    Location             Delay type                Incr(ns)  Path(ns)    Netlist Resource(s)
  -------------------------------------------------------------------    -------------------
                         (clock clk rise edge)        0.000     0.000 r  
                                                      0.000     0.000 r  clk (IN)
                         net (fo=29474, unset)        0.030     0.030    clk
    SLICE_X50Y326        FDCE                                         r  r_output_write_reg[1][15]_i_73__5/C
  -------------------------------------------------------------------    -------------------
    SLICE_X50Y326        FDCE (Prop_EFF_SLICEM_C_Q)
                                                      0.076     0.106 r  r_output_write_reg[1][15]_i_73__5/Q
                         net (fo=93, routed)          0.595     0.701    CORES[5].core_inst/MAC_LANES[3].multip/r_output_write_reg[1][7]_i_31__4_0
    SLICE_X48Y334        LUT4 (Prop_E6LUT_SLICEL_I0_O)
                                                      0.035     0.736 r  CORES[5].core_inst/MAC_LANES[3].multip/r_output_write[1][7]_i_51__4/O
                         net (fo=2, routed)           0.109     0.845    CORES[5].core_inst/MAC_LANES[3].multip/r_output_write[1][7]_i_51__4_n_0
    SLICE_X49Y334        LUT5 (Prop_E6LUT_SLICEM_I2_O)
                                                      0.148     0.993 r  CORES[5].core_inst/MAC_LANES[3].multip/r_output_write[1][7]_i_58__4/O
                         net (fo=1, routed)           0.014     1.007    CORES[5].core_inst/MAC_LANES[3].multip/r_output_write[1][7]_i_58__4_n_0
    SLICE_X49Y334        CARRY8 (Prop_CARRY8_SLICEM_S[4]_CO[7])
                                                      0.156     1.163 r  CORES[5].core_inst/MAC_LANES[3].multip/r_output_write_reg[1][7]_i_31__4/CO[7]
                         net (fo=1, routed)           0.026     1.189    CORES[5].core_inst/MAC_LANES[3].multip/r_output_write_reg[1][7]_i_31__4_n_0
    SLICE_X49Y335        CARRY8 (Prop_CARRY8_SLICEM_CI_O[0])
                                                      0.056     1.245 r  CORES[5].core_inst/MAC_LANES[3].multip/r_output_write_reg[1][15]_i_56__4/O[0]
                         net (fo=6, routed)           0.518     1.763    CORES[5].core_inst/MAC_LANES[3].multip/w_inverse_partial_current[1]_66[8]
    SLICE_X56Y333        LUT6 (Prop_A6LUT_SLICEM_I4_O)
                                                      0.090     1.853 r  CORES[5].core_inst/MAC_LANES[3].multip/r_output_write[7][15]_i_27__4/O
                         net (fo=2, routed)           0.244     2.097    CORES[5].core_inst/MAC_LANES[15].multip/r_output_write_reg[7][15]_i_2__4_5
    SLICE_X55Y337        LUT6 (Prop_B6LUT_SLICEL_I5_O)
                                                      0.051     2.148 r  CORES[5].core_inst/MAC_LANES[15].multip/r_output_write[7][15]_i_7__4/O
                         net (fo=2, routed)           0.321     2.469    CORES[5].core_inst/MAC_LANES[15].multip/r_output_write[7][15]_i_7__4_n_0
    SLICE_X55Y336        LUT6 (Prop_C6LUT_SLICEL_I0_O)
                                                      0.050     2.519 r  CORES[5].core_inst/MAC_LANES[15].multip/r_output_write[7][15]_i_15__4/O
                         net (fo=1, routed)           0.010     2.529    CORES[5].core_inst/MAC_LANES[15].multip/r_output_write[7][15]_i_15__4_n_0
    SLICE_X55Y336        CARRY8 (Prop_CARRY8_SLICEL_S[2]_O[6])
                                                      0.184     2.713 r  CORES[5].core_inst/MAC_LANES[15].multip/r_output_write_reg[7][15]_i_2__4/O[6]
                         net (fo=1, routed)           0.227     2.940    CORES[5].core_inst/MAC_LANES[15].multip/w_output_acc_next[7]_75[14]
    SLICE_X56Y336        LUT2 (Prop_G6LUT_SLICEM_I1_O)
                                                      0.052     2.992 r  CORES[5].core_inst/MAC_LANES[15].multip/r_output_write[7][14]_i_1__4/O
                         net (fo=1, routed)           0.059     3.051    CORES[5].core_inst/MAC_LANES[15].multip_n_98
    SLICE_X56Y336        FDCE                                         r  CORES[5].core_inst/r_output_write_reg[7][14]/D
  -------------------------------------------------------------------    -------------------

                         (clock clk rise edge)        3.155     3.155 r  
                                                      0.000     3.155 r  clk (IN)
                         net (fo=29474, unset)        0.021     3.176    CORES[5].core_inst/clk
    SLICE_X56Y336        FDCE                                         r  CORES[5].core_inst/r_output_write_reg[7][14]/C
                         clock pessimism              0.000     3.176    
                         clock uncertainty           -0.035     3.141    
    SLICE_X56Y336        FDCE (Setup_GFF_SLICEM_C_D)
                                                      0.025     3.166    CORES[5].core_inst/r_output_write_reg[7][14]
  -------------------------------------------------------------------
                         required time                          3.166    
                         arrival time                          -3.051    
  -------------------------------------------------------------------
                         slack                                  0.115    

Slack (MET) :             0.115ns  (required time - arrival time)
  Source:                 CORES[9].core_inst/MAC_LANES[6].multip/partial_product/DSP_OUTPUT_INST/CLK
                            (rising edge-triggered cell DSP_OUTPUT clocked by clk  {rise@0.000ns fall@1.577ns period=3.155ns})
  Destination:            CORES[9].core_inst/r_output_write_reg[3][15]/D
                            (rising edge-triggered cell FDCE clocked by clk  {rise@0.000ns fall@1.577ns period=3.155ns})
  Path Group:             clk
  Path Type:              Setup (Max at Slow Process Corner)
  Requirement:            3.155ns  (clk rise@3.155ns - clk rise@0.000ns)
  Data Path Delay:        2.990ns  (logic 1.238ns (41.408%)  route 1.752ns (58.592%))
  Logic Levels:           9  (CARRY8=3 LUT2=1 LUT4=1 LUT5=2 LUT6=2)
  Clock Path Skew:        -0.040ns (DCD - SCD + CPR)
    Destination Clock Delay (DCD):    0.020ns = ( 3.175 - 3.155 ) 
    Source Clock Delay      (SCD):    0.060ns
    Clock Pessimism Removal (CPR):    0.000ns
  Clock Uncertainty:      0.035ns  ((TSJ^2 + TIJ^2)^1/2 + DJ) / 2 + PE
    Total System Jitter     (TSJ):    0.071ns
    Total Input Jitter      (TIJ):    0.000ns
    Discrete Jitter          (DJ):    0.000ns
    Phase Error              (PE):    0.000ns

    Location             Delay type                Incr(ns)  Path(ns)    Netlist Resource(s)
  -------------------------------------------------------------------    -------------------
                         (clock clk rise edge)        0.000     0.000 r  
                                                      0.000     0.000 r  clk (IN)
                         net (fo=29474, unset)        0.060     0.060    CORES[9].core_inst/MAC_LANES[6].multip/partial_product/CLK
    DSP48E2_X5Y89        DSP_OUTPUT                                   r  CORES[9].core_inst/MAC_LANES[6].multip/partial_product/DSP_OUTPUT_INST/CLK
  -------------------------------------------------------------------    -------------------
    DSP48E2_X5Y89        DSP_OUTPUT (Prop_DSP_OUTPUT_DSP48E2_CLK_P[12])
                                                      0.207     0.267 r  CORES[9].core_inst/MAC_LANES[6].multip/partial_product/DSP_OUTPUT_INST/P[12]
                         net (fo=2, routed)           0.472     0.739    CORES[9].core_inst/MAC_LANES[9].multip/r_output_write_reg[0][15]_i_57__8_1[4]
    SLICE_X62Y221        LUT4 (Prop_C6LUT_SLICEL_I3_O)
                                                      0.096     0.835 r  CORES[9].core_inst/MAC_LANES[9].multip/r_output_write[0][7]_i_35__8/O
                         net (fo=2, routed)           0.265     1.100    CORES[9].core_inst/MAC_LANES[9].multip/r_output_write[0][7]_i_35__8_n_0
    SLICE_X61Y222        LUT5 (Prop_F6LUT_SLICEM_I2_O)
                                                      0.123     1.223 r  CORES[9].core_inst/MAC_LANES[9].multip/r_output_write[0][7]_i_42__8/O
                         net (fo=1, routed)           0.022     1.245    CORES[9].core_inst/MAC_LANES[9].multip/r_output_write[0][7]_i_42__8_n_0
    SLICE_X61Y222        CARRY8 (Prop_CARRY8_SLICEM_S[5]_CO[7])
                                                      0.159     1.404 r  CORES[9].core_inst/MAC_LANES[9].multip/r_output_write_reg[0][7]_i_30__8/CO[7]
                         net (fo=1, routed)           0.026     1.430    CORES[9].core_inst/MAC_LANES[9].multip/r_output_write_reg[0][7]_i_30__8_n_0
    SLICE_X61Y223        CARRY8 (Prop_CARRY8_SLICEM_CI_O[1])
                                                      0.076     1.506 r  CORES[9].core_inst/MAC_LANES[9].multip/r_output_write_reg[0][15]_i_57__8/O[1]
                         net (fo=6, routed)           0.283     1.789    CORES[9].core_inst/MAC_LANES[9].multip/r_output_write_reg[0][15]_i_75__9[8]
    SLICE_X55Y223        LUT6 (Prop_E6LUT_SLICEL_I0_O)
                                                      0.035     1.824 r  CORES[9].core_inst/MAC_LANES[9].multip/r_output_write[3][15]_i_26__8/O
                         net (fo=2, routed)           0.260     2.085    CORES[9].core_inst/MAC_LANES[15].multip/r_output_write_reg[3][15]_i_2__8_5
    SLICE_X56Y231        LUT5 (Prop_H6LUT_SLICEM_I3_O)
                                                      0.152     2.237 r  CORES[9].core_inst/MAC_LANES[15].multip/r_output_write[3][15]_i_7__8/O
                         net (fo=2, routed)           0.225     2.462    CORES[9].core_inst/MAC_LANES[15].multip/r_output_write[3][15]_i_7__8_n_0
    SLICE_X53Y235        LUT6 (Prop_C6LUT_SLICEM_I0_O)
                                                      0.098     2.560 r  CORES[9].core_inst/MAC_LANES[15].multip/r_output_write[3][15]_i_15__8/O
                         net (fo=1, routed)           0.021     2.581    CORES[9].core_inst/MAC_LANES[15].multip/r_output_write[3][15]_i_15__8_n_0
    SLICE_X53Y235        CARRY8 (Prop_CARRY8_SLICEM_S[2]_O[7])
                                                      0.202     2.783 r  CORES[9].core_inst/MAC_LANES[15].multip/r_output_write_reg[3][15]_i_2__8/O[7]
                         net (fo=1, routed)           0.128     2.911    CORES[9].core_inst/MAC_LANES[15].multip/w_output_acc_next[3]_79[15]
    SLICE_X52Y235        LUT2 (Prop_B6LUT_SLICEL_I1_O)
                                                      0.090     3.001 r  CORES[9].core_inst/MAC_LANES[15].multip/r_output_write[3][15]_i_1__8/O
                         net (fo=1, routed)           0.049     3.050    CORES[9].core_inst/MAC_LANES[15].multip_n_33
    SLICE_X52Y235        FDCE                                         r  CORES[9].core_inst/r_output_write_reg[3][15]/D
  -------------------------------------------------------------------    -------------------

                         (clock clk rise edge)        3.155     3.155 r  
                                                      0.000     3.155 r  clk (IN)
                         net (fo=29474, unset)        0.020     3.175    CORES[9].core_inst/clk
    SLICE_X52Y235        FDCE                                         r  CORES[9].core_inst/r_output_write_reg[3][15]/C
                         clock pessimism              0.000     3.175    
                         clock uncertainty           -0.035     3.140    
    SLICE_X52Y235        FDCE (Setup_BFF_SLICEL_C_D)
                                                      0.025     3.165    CORES[9].core_inst/r_output_write_reg[3][15]
  -------------------------------------------------------------------
                         required time                          3.165    
                         arrival time                          -3.050    
  -------------------------------------------------------------------
                         slack                                  0.115    

Slack (MET) :             0.115ns  (required time - arrival time)
  Source:                 CORES[9].core_inst/r_input_feat_reg[13][0]/C
                            (rising edge-triggered cell FDCE clocked by clk  {rise@0.000ns fall@1.577ns period=3.155ns})
  Destination:            CORES[9].core_inst/r_transform_feature_reg_reg[16][4]/D
                            (rising edge-triggered cell FDCE clocked by clk  {rise@0.000ns fall@1.577ns period=3.155ns})
  Path Group:             clk
  Path Type:              Setup (Max at Slow Process Corner)
  Requirement:            3.155ns  (clk rise@3.155ns - clk rise@0.000ns)
  Data Path Delay:        3.020ns  (logic 0.862ns (28.540%)  route 2.158ns (71.460%))
  Logic Levels:           8  (CARRY8=2 LUT3=3 LUT4=1 LUT5=1 LUT6=1)
  Clock Path Skew:        -0.009ns (DCD - SCD + CPR)
    Destination Clock Delay (DCD):    0.021ns = ( 3.176 - 3.155 ) 
    Source Clock Delay      (SCD):    0.030ns
    Clock Pessimism Removal (CPR):    0.000ns
  Clock Uncertainty:      0.035ns  ((TSJ^2 + TIJ^2)^1/2 + DJ) / 2 + PE
    Total System Jitter     (TSJ):    0.071ns
    Total Input Jitter      (TIJ):    0.000ns
    Discrete Jitter          (DJ):    0.000ns
    Phase Error              (PE):    0.000ns

    Location             Delay type                Incr(ns)  Path(ns)    Netlist Resource(s)
  -------------------------------------------------------------------    -------------------
                         (clock clk rise edge)        0.000     0.000 r  
                                                      0.000     0.000 r  clk (IN)
                         net (fo=29474, unset)        0.030     0.030    CORES[9].core_inst/clk
    SLICE_X74Y202        FDCE                                         r  CORES[9].core_inst/r_input_feat_reg[13][0]/C
  -------------------------------------------------------------------    -------------------
    SLICE_X74Y202        FDCE (Prop_HFF_SLICEM_C_Q)
                                                      0.079     0.109 r  CORES[9].core_inst/r_input_feat_reg[13][0]/Q
                         net (fo=17, routed)          0.412     0.521    CORES[9].core_inst/trf/matrix_c0/r_transform_feature_reg[17][15]_i_7__8_0[0]
    SLICE_X77Y210        LUT3 (Prop_A6LUT_SLICEL_I1_O)
                                                      0.098     0.619 r  CORES[9].core_inst/trf/matrix_c0/soma[14]__0_carry_i_15__8/O
                         net (fo=1, routed)           0.009     0.628    CORES[9].core_inst/trf/matrix_c0/soma[14]__0_carry_i_15__8_n_0
    SLICE_X77Y210        CARRY8 (Prop_CARRY8_SLICEL_S[0]_O[0])
                                                      0.063     0.691 f  CORES[9].core_inst/trf/matrix_c0/soma[14]__0_carry/O[0]
                         net (fo=13, routed)          0.463     1.155    CORES[9].core_inst/trf/matrix_c0/w_conv_transform[26]_8[0]
    SLICE_X76Y217        LUT3 (Prop_B5LUT_SLICEL_I0_O)
                                                      0.073     1.228 r  CORES[9].core_inst/trf/matrix_c0/soma[2]__0_carry_i_7__23/O
                         net (fo=2, routed)           0.222     1.450    CORES[9].core_inst/trf/matrix_c0/soma[2]__0_carry_0[0]
    SLICE_X75Y214        LUT4 (Prop_B6LUT_SLICEL_I0_O)
                                                      0.051     1.501 r  CORES[9].core_inst/trf/matrix_c0/soma[2]__0_carry_i_14__17/O
                         net (fo=1, routed)           0.009     1.510    CORES[9].core_inst/trf/matrix_c1/r_transform_feature_reg_reg[2][7]_0[1]
    SLICE_X75Y214        CARRY8 (Prop_CARRY8_SLICEL_S[1]_O[4])
                                                      0.200     1.710 r  CORES[9].core_inst/trf/matrix_c1/soma[2]__0_carry/O[4]
                         net (fo=8, routed)           0.463     2.172    CORES[9].core_inst/trf/matrix_c1/w_conv_transform[2]__0[4]
    SLICE_X66Y215        LUT6 (Prop_E6LUT_SLICEL_I1_O)
                                                      0.123     2.295 r  CORES[9].core_inst/trf/matrix_c1/r_transform_feature_reg[8][4]_i_4__8/O
                         net (fo=2, routed)           0.432     2.727    CORES[9].core_inst/trf/matrix_c1/r_transform_product_idx_reg[1]_rep__2_13
    SLICE_X64Y216        LUT3 (Prop_F6LUT_SLICEM_I2_O)
                                                      0.123     2.850 r  CORES[9].core_inst/trf/matrix_c1/r_transform_feature_reg[16][4]_i_3__8/O
                         net (fo=1, routed)           0.089     2.939    CORES[9].core_inst/trf/matrix_c1/r_transform_feature_reg[16][4]_i_3__8_n_0
    SLICE_X64Y216        LUT5 (Prop_B6LUT_SLICEM_I2_O)
                                                      0.052     2.991 r  CORES[9].core_inst/trf/matrix_c1/r_transform_feature_reg[16][4]_i_1__8/O
                         net (fo=1, routed)           0.059     3.050    CORES[9].core_inst/trf_n_27
    SLICE_X64Y216        FDCE                                         r  CORES[9].core_inst/r_transform_feature_reg_reg[16][4]/D
  -------------------------------------------------------------------    -------------------

                         (clock clk rise edge)        3.155     3.155 r  
                                                      0.000     3.155 r  clk (IN)
                         net (fo=29474, unset)        0.021     3.176    CORES[9].core_inst/clk
    SLICE_X64Y216        FDCE                                         r  CORES[9].core_inst/r_transform_feature_reg_reg[16][4]/C
                         clock pessimism              0.000     3.176    
                         clock uncertainty           -0.035     3.141    
    SLICE_X64Y216        FDCE (Setup_BFF_SLICEM_C_D)
                                                      0.025     3.166    CORES[9].core_inst/r_transform_feature_reg_reg[16][4]
  -------------------------------------------------------------------
                         required time                          3.166    
                         arrival time                          -3.050    
  -------------------------------------------------------------------
                         slack                                  0.115    

Slack (MET) :             0.116ns  (required time - arrival time)
  Source:                 CORES[13].core_inst/r_input_feat_reg[22][0]/C
                            (rising edge-triggered cell FDCE clocked by clk  {rise@0.000ns fall@1.577ns period=3.155ns})
  Destination:            CORES[13].core_inst/r_transform_feature_reg_reg[1][5]/D
                            (rising edge-triggered cell FDCE clocked by clk  {rise@0.000ns fall@1.577ns period=3.155ns})
  Path Group:             clk
  Path Type:              Setup (Max at Slow Process Corner)
  Requirement:            3.155ns  (clk rise@3.155ns - clk rise@0.000ns)
  Data Path Delay:        3.021ns  (logic 0.886ns (29.327%)  route 2.135ns (70.673%))
  Logic Levels:           8  (CARRY8=2 LUT3=4 LUT6=2)
  Clock Path Skew:        -0.008ns (DCD - SCD + CPR)
    Destination Clock Delay (DCD):    0.021ns = ( 3.176 - 3.155 ) 
    Source Clock Delay      (SCD):    0.029ns
    Clock Pessimism Removal (CPR):    0.000ns
  Clock Uncertainty:      0.035ns  ((TSJ^2 + TIJ^2)^1/2 + DJ) / 2 + PE
    Total System Jitter     (TSJ):    0.071ns
    Total Input Jitter      (TIJ):    0.000ns
    Discrete Jitter          (DJ):    0.000ns
    Phase Error              (PE):    0.000ns

    Location             Delay type                Incr(ns)  Path(ns)    Netlist Resource(s)
  -------------------------------------------------------------------    -------------------
                         (clock clk rise edge)        0.000     0.000 r  
                                                      0.000     0.000 r  clk (IN)
                         net (fo=29474, unset)        0.029     0.029    CORES[13].core_inst/clk
    SLICE_X51Y247        FDCE                                         r  CORES[13].core_inst/r_input_feat_reg[22][0]/C
  -------------------------------------------------------------------    -------------------
    SLICE_X51Y247        FDCE (Prop_HFF_SLICEL_C_Q)
                                                      0.079     0.108 r  CORES[13].core_inst/r_input_feat_reg[22][0]/Q
                         net (fo=11, routed)          0.216     0.324    CORES[13].core_inst/trf/matrix_c0/soma[26]__0_carry_2[0]
    SLICE_X51Y247        LUT3 (Prop_F5LUT_SLICEL_I2_O)
                                                      0.074     0.398 r  CORES[13].core_inst/trf/matrix_c0/soma[25]__0_carry_i_7__12/O
                         net (fo=1, routed)           0.333     0.731    CORES[13].core_inst/trf/matrix_c0/soma[25]__0_carry_i_7__12_n_0
    SLICE_X51Y250        CARRY8 (Prop_CARRY8_SLICEL_DI[1]_O[2])
                                                      0.096     0.827 r  CORES[13].core_inst/trf/matrix_c0/soma[25]__0_carry/O[2]
                         net (fo=3, routed)           0.432     1.259    CORES[13].core_inst/trf/matrix_c0/partial[25]_3[2]
    SLICE_X54Y249        LUT3 (Prop_D5LUT_SLICEM_I2_O)
                                                      0.097     1.356 r  CORES[13].core_inst/trf/matrix_c0/soma[13]__0_carry_i_5__25/O
                         net (fo=1, routed)           0.243     1.599    CORES[13].core_inst/trf/matrix_c1/r_transform_feature_reg_reg[13][7][2]
    SLICE_X53Y251        CARRY8 (Prop_CARRY8_SLICEM_DI[3]_O[5])
                                                      0.182     1.781 r  CORES[13].core_inst/trf/matrix_c1/soma[13]__0_carry/O[5]
                         net (fo=5, routed)           0.430     2.211    CORES[13].core_inst/trf/matrix_c1/w_conv_transform[13]__0[5]
    SLICE_X46Y249        LUT6 (Prop_F6LUT_SLICEM_I3_O)
                                                      0.037     2.248 r  CORES[13].core_inst/trf/matrix_c1/r_transform_feature_reg[17][5]_i_5__12/O
                         net (fo=3, routed)           0.116     2.364    CORES[13].core_inst/trf/matrix_c1/r_transform_feature_reg[17][5]_i_5__12_n_0
    SLICE_X46Y247        LUT3 (Prop_B5LUT_SLICEM_I0_O)
                                                      0.167     2.531 r  CORES[13].core_inst/trf/matrix_c1/r_transform_feature_reg[1][5]_i_4__12/O
                         net (fo=1, routed)           0.168     2.699    CORES[13].core_inst/trf/matrix_c1/r_transform_feature_reg[1][5]_i_4__12_n_0
    SLICE_X46Y247        LUT6 (Prop_H6LUT_SLICEM_I1_O)
                                                      0.101     2.800 r  CORES[13].core_inst/trf/matrix_c1/r_transform_feature_reg[1][5]_i_2__12/O
                         net (fo=1, routed)           0.144     2.944    CORES[13].core_inst/trf/matrix_c1/r_transform_feature_reg[1][5]_i_2__12_n_0
    SLICE_X46Y247        LUT3 (Prop_A6LUT_SLICEM_I0_O)
                                                      0.053     2.997 r  CORES[13].core_inst/trf/matrix_c1/r_transform_feature_reg[1][5]_i_1__12/O
                         net (fo=1, routed)           0.053     3.050    CORES[13].core_inst/trf_n_250
    SLICE_X46Y247        FDCE                                         r  CORES[13].core_inst/r_transform_feature_reg_reg[1][5]/D
  -------------------------------------------------------------------    -------------------

                         (clock clk rise edge)        3.155     3.155 r  
                                                      0.000     3.155 r  clk (IN)
                         net (fo=29474, unset)        0.021     3.176    CORES[13].core_inst/clk
    SLICE_X46Y247        FDCE                                         r  CORES[13].core_inst/r_transform_feature_reg_reg[1][5]/C
                         clock pessimism              0.000     3.176    
                         clock uncertainty           -0.035     3.141    
    SLICE_X46Y247        FDCE (Setup_AFF_SLICEM_C_D)
                                                      0.025     3.166    CORES[13].core_inst/r_transform_feature_reg_reg[1][5]
  -------------------------------------------------------------------
                         required time                          3.166    
                         arrival time                          -3.050    
  -------------------------------------------------------------------
                         slack                                  0.116    

Slack (MET) :             0.118ns  (required time - arrival time)
  Source:                 CORES[12].core_inst/r_input_feat_reg[8][5]/C
                            (rising edge-triggered cell FDCE clocked by clk  {rise@0.000ns fall@1.577ns period=3.155ns})
  Destination:            CORES[12].core_inst/r_transform_feature_reg_reg[2][15]/D
                            (rising edge-triggered cell FDCE clocked by clk  {rise@0.000ns fall@1.577ns period=3.155ns})
  Path Group:             clk
  Path Type:              Setup (Max at Slow Process Corner)
  Requirement:            3.155ns  (clk rise@3.155ns - clk rise@0.000ns)
  Data Path Delay:        3.018ns  (logic 0.565ns (18.721%)  route 2.453ns (81.279%))
  Logic Levels:           8  (CARRY8=3 LUT3=2 LUT5=1 LUT6=2)
  Clock Path Skew:        -0.009ns (DCD - SCD + CPR)
    Destination Clock Delay (DCD):    0.020ns = ( 3.175 - 3.155 ) 
    Source Clock Delay      (SCD):    0.029ns
    Clock Pessimism Removal (CPR):    0.000ns
  Clock Uncertainty:      0.035ns  ((TSJ^2 + TIJ^2)^1/2 + DJ) / 2 + PE
    Total System Jitter     (TSJ):    0.071ns
    Total Input Jitter      (TIJ):    0.000ns
    Discrete Jitter          (DJ):    0.000ns
    Phase Error              (PE):    0.000ns

    Location             Delay type                Incr(ns)  Path(ns)    Netlist Resource(s)
  -------------------------------------------------------------------    -------------------
                         (clock clk rise edge)        0.000     0.000 r  
                                                      0.000     0.000 r  clk (IN)
                         net (fo=29474, unset)        0.029     0.029    CORES[12].core_inst/clk
    SLICE_X106Y315       FDCE                                         r  CORES[12].core_inst/r_input_feat_reg[8][5]/C
  -------------------------------------------------------------------    -------------------
    SLICE_X106Y315       FDCE (Prop_GFF_SLICEL_C_Q)
                                                      0.079     0.108 f  CORES[12].core_inst/r_input_feat_reg[8][5]/Q
                         net (fo=16, routed)          0.248     0.356    CORES[12].core_inst/trf/matrix_c0/r_transform_feature_reg_reg[5][15]_0[5]
    SLICE_X107Y312       LUT3 (Prop_C6LUT_SLICEL_I0_O)
                                                      0.035     0.391 r  CORES[12].core_inst/trf/matrix_c0/soma[8]__0_carry_i_2__24/O
                         net (fo=1, routed)           0.296     0.687    CORES[12].core_inst/trf/matrix_c0/soma[8]__0_carry_i_2__24_n_0
    SLICE_X104Y311       CARRY8 (Prop_CARRY8_SLICEM_DI[6]_CO[7])
                                                      0.060     0.747 r  CORES[12].core_inst/trf/matrix_c0/soma[8]__0_carry/CO[7]
                         net (fo=1, routed)           0.026     0.773    CORES[12].core_inst/trf/matrix_c0/soma[8]__0_carry_n_0
    SLICE_X104Y312       CARRY8 (Prop_CARRY8_SLICEM_CI_O[3])
                                                      0.082     0.855 f  CORES[12].core_inst/trf/matrix_c0/soma[8]__0_carry__0/O[3]
                         net (fo=11, routed)          0.485     1.341    CORES[12].core_inst/trf/matrix_c0/w_conv_transform[20]_11[11]
    SLICE_X102Y302       LUT3 (Prop_E6LUT_SLICEL_I1_O)
                                                      0.051     1.392 r  CORES[12].core_inst/trf/matrix_c0/soma[8]__0_carry__0_i_3__23/O
                         net (fo=1, routed)           0.285     1.677    CORES[12].core_inst/trf/matrix_c1/r_transform_feature_reg_reg[8][15][4]
    SLICE_X101Y303       CARRY8 (Prop_CARRY8_SLICEL_DI[4]_O[7])
                                                      0.120     1.797 r  CORES[12].core_inst/trf/matrix_c1/soma[8]__0_carry__0/O[7]
                         net (fo=7, routed)           0.675     2.472    CORES[12].core_inst/trf/matrix_c0/w_conv_transform[8]__0[12]
    SLICE_X98Y306        LUT6 (Prop_H6LUT_SLICEL_I5_O)
                                                      0.036     2.508 r  CORES[12].core_inst/trf/matrix_c0/r_transform_feature_reg[2][15]_i_4__11/O
                         net (fo=1, routed)           0.250     2.758    CORES[12].core_inst/trf/matrix_c0/r_transform_feature_reg[2][15]_i_4__11_n_0
    SLICE_X95Y306        LUT6 (Prop_B6LUT_SLICEL_I1_O)
                                                      0.051     2.809 r  CORES[12].core_inst/trf/matrix_c0/r_transform_feature_reg[2][15]_i_2__11/O
                         net (fo=1, routed)           0.136     2.945    CORES[12].core_inst/trf/matrix_c0/r_transform_feature_reg[2][15]_i_2__11_n_0
    SLICE_X95Y307        LUT5 (Prop_H6LUT_SLICEL_I0_O)
                                                      0.051     2.996 r  CORES[12].core_inst/trf/matrix_c0/r_transform_feature_reg[2][15]_i_1__11/O
                         net (fo=1, routed)           0.051     3.047    CORES[12].core_inst/trf_n_224
    SLICE_X95Y307        FDCE                                         r  CORES[12].core_inst/r_transform_feature_reg_reg[2][15]/D
  -------------------------------------------------------------------    -------------------

                         (clock clk rise edge)        3.155     3.155 r  
                                                      0.000     3.155 r  clk (IN)
                         net (fo=29474, unset)        0.020     3.175    CORES[12].core_inst/clk
    SLICE_X95Y307        FDCE                                         r  CORES[12].core_inst/r_transform_feature_reg_reg[2][15]/C
                         clock pessimism              0.000     3.175    
                         clock uncertainty           -0.035     3.140    
    SLICE_X95Y307        FDCE (Setup_HFF_SLICEL_C_D)
                                                      0.025     3.165    CORES[12].core_inst/r_transform_feature_reg_reg[2][15]
  -------------------------------------------------------------------
                         required time                          3.165    
                         arrival time                          -3.047    
  -------------------------------------------------------------------
                         slack                                  0.118    

Slack (MET) :             0.118ns  (required time - arrival time)
  Source:                 CORES[2].core_inst/r_input_feat_reg[23][4]/C
                            (rising edge-triggered cell FDCE clocked by clk  {rise@0.000ns fall@1.577ns period=3.155ns})
  Destination:            CORES[2].core_inst/r_transform_feature_reg_reg[1][12]/D
                            (rising edge-triggered cell FDCE clocked by clk  {rise@0.000ns fall@1.577ns period=3.155ns})
  Path Group:             clk
  Path Type:              Setup (Max at Slow Process Corner)
  Requirement:            3.155ns  (clk rise@3.155ns - clk rise@0.000ns)
  Data Path Delay:        3.018ns  (logic 0.916ns (30.352%)  route 2.102ns (69.648%))
  Logic Levels:           9  (CARRY8=3 LUT3=4 LUT6=2)
  Clock Path Skew:        -0.009ns (DCD - SCD + CPR)
    Destination Clock Delay (DCD):    0.020ns = ( 3.175 - 3.155 ) 
    Source Clock Delay      (SCD):    0.029ns
    Clock Pessimism Removal (CPR):    0.000ns
  Clock Uncertainty:      0.035ns  ((TSJ^2 + TIJ^2)^1/2 + DJ) / 2 + PE
    Total System Jitter     (TSJ):    0.071ns
    Total Input Jitter      (TIJ):    0.000ns
    Discrete Jitter          (DJ):    0.000ns
    Phase Error              (PE):    0.000ns

    Location             Delay type                Incr(ns)  Path(ns)    Netlist Resource(s)
  -------------------------------------------------------------------    -------------------
                         (clock clk rise edge)        0.000     0.000 r  
                                                      0.000     0.000 r  clk (IN)
                         net (fo=29474, unset)        0.029     0.029    CORES[2].core_inst/clk
    SLICE_X108Y158       FDCE                                         r  CORES[2].core_inst/r_input_feat_reg[23][4]/C
  -------------------------------------------------------------------    -------------------
    SLICE_X108Y158       FDCE (Prop_EFF_SLICEL_C_Q)
                                                      0.079     0.108 f  CORES[2].core_inst/r_input_feat_reg[23][4]/Q
                         net (fo=9, routed)           0.199     0.307    CORES[2].core_inst/trf/matrix_c0/soma[26]__0_carry_1[4]
    SLICE_X107Y156       LUT3 (Prop_E6LUT_SLICEL_I0_O)
                                                      0.090     0.397 r  CORES[2].core_inst/trf/matrix_c0/soma[25]__0_carry_i_3__1/O
                         net (fo=1, routed)           0.404     0.801    CORES[2].core_inst/trf/matrix_c0/soma[25]__0_carry_i_3__1_n_0
    SLICE_X104Y157       CARRY8 (Prop_CARRY8_SLICEM_DI[5]_CO[7])
                                                      0.088     0.889 r  CORES[2].core_inst/trf/matrix_c0/soma[25]__0_carry/CO[7]
                         net (fo=1, routed)           0.026     0.915    CORES[2].core_inst/trf/matrix_c0/soma[25]__0_carry_n_0
    SLICE_X104Y158       CARRY8 (Prop_CARRY8_SLICEM_CI_O[0])
                                                      0.056     0.971 r  CORES[2].core_inst/trf/matrix_c0/soma[25]__0_carry__0/O[0]
                         net (fo=3, routed)           0.630     1.602    CORES[2].core_inst/trf/matrix_c0/partial[25]_3[8]
    SLICE_X99Y163        LUT3 (Prop_G6LUT_SLICEL_I2_O)
                                                      0.097     1.699 r  CORES[2].core_inst/trf/matrix_c0/soma[13]__0_carry__0_i_6__3/O
                         net (fo=1, routed)           0.208     1.907    CORES[2].core_inst/trf/matrix_c1/r_transform_feature_reg_reg[13][15][1]
    SLICE_X98Y163        CARRY8 (Prop_CARRY8_SLICEL_DI[1]_O[4])
                                                      0.160     2.067 r  CORES[2].core_inst/trf/matrix_c1/soma[13]__0_carry__0/O[4]
                         net (fo=5, routed)           0.214     2.280    CORES[2].core_inst/trf/matrix_c1/soma[13]__0_carry__0_i_15__3[4]
    SLICE_X98Y169        LUT6 (Prop_C6LUT_SLICEL_I3_O)
                                                      0.123     2.403 r  CORES[2].core_inst/trf/matrix_c1/r_transform_feature_reg[17][12]_i_5__1/O
                         net (fo=3, routed)           0.241     2.644    CORES[2].core_inst/trf/matrix_c1/r_transform_product_idx_reg[1]_rep__1_3
    SLICE_X97Y173        LUT3 (Prop_A6LUT_SLICEL_I0_O)
                                                      0.098     2.742 r  CORES[2].core_inst/trf/matrix_c1/r_transform_feature_reg[1][12]_i_4__1/O
                         net (fo=1, routed)           0.040     2.782    CORES[2].core_inst/trf/matrix_c0/r_transform_feature_reg_reg[1][12]
    SLICE_X97Y173        LUT6 (Prop_C6LUT_SLICEL_I1_O)
                                                      0.035     2.817 r  CORES[2].core_inst/trf/matrix_c0/r_transform_feature_reg[1][12]_i_2__1/O
                         net (fo=1, routed)           0.089     2.906    CORES[2].core_inst/trf/matrix_c0/r_transform_feature_reg[1][12]_i_2__1_n_0
    SLICE_X97Y173        LUT3 (Prop_H6LUT_SLICEL_I0_O)
                                                      0.090     2.996 r  CORES[2].core_inst/trf/matrix_c0/r_transform_feature_reg[1][12]_i_1__1/O
                         net (fo=1, routed)           0.051     3.047    CORES[2].core_inst/trf_n_243
    SLICE_X97Y173        FDCE                                         r  CORES[2].core_inst/r_transform_feature_reg_reg[1][12]/D
  -------------------------------------------------------------------    -------------------

                         (clock clk rise edge)        3.155     3.155 r  
                                                      0.000     3.155 r  clk (IN)
                         net (fo=29474, unset)        0.020     3.175    CORES[2].core_inst/clk
    SLICE_X97Y173        FDCE                                         r  CORES[2].core_inst/r_transform_feature_reg_reg[1][12]/C
                         clock pessimism              0.000     3.175    
                         clock uncertainty           -0.035     3.140    
    SLICE_X97Y173        FDCE (Setup_HFF_SLICEL_C_D)
                                                      0.025     3.165    CORES[2].core_inst/r_transform_feature_reg_reg[1][12]
  -------------------------------------------------------------------
                         required time                          3.165    
                         arrival time                          -3.047    
  -------------------------------------------------------------------
                         slack                                  0.118    

Slack (MET) :             0.118ns  (required time - arrival time)
  Source:                 CORES[8].core_inst/r_input_feat_reg[12][3]/C
                            (rising edge-triggered cell FDCE clocked by clk  {rise@0.000ns fall@1.577ns period=3.155ns})
  Destination:            CORES[8].core_inst/r_transform_feature_reg_reg[6][14]/D
                            (rising edge-triggered cell FDCE clocked by clk  {rise@0.000ns fall@1.577ns period=3.155ns})
  Path Group:             clk
  Path Type:              Setup (Max at Slow Process Corner)
  Requirement:            3.155ns  (clk rise@3.155ns - clk rise@0.000ns)
  Data Path Delay:        3.018ns  (logic 0.759ns (25.150%)  route 2.259ns (74.850%))
  Logic Levels:           8  (CARRY8=3 LUT3=2 LUT5=1 LUT6=2)
  Clock Path Skew:        -0.009ns (DCD - SCD + CPR)
    Destination Clock Delay (DCD):    0.020ns = ( 3.175 - 3.155 ) 
    Source Clock Delay      (SCD):    0.029ns
    Clock Pessimism Removal (CPR):    0.000ns
  Clock Uncertainty:      0.035ns  ((TSJ^2 + TIJ^2)^1/2 + DJ) / 2 + PE
    Total System Jitter     (TSJ):    0.071ns
    Total Input Jitter      (TIJ):    0.000ns
    Discrete Jitter          (DJ):    0.000ns
    Phase Error              (PE):    0.000ns

    Location             Delay type                Incr(ns)  Path(ns)    Netlist Resource(s)
  -------------------------------------------------------------------    -------------------
                         (clock clk rise edge)        0.000     0.000 r  
                                                      0.000     0.000 r  clk (IN)
                         net (fo=29474, unset)        0.029     0.029    CORES[8].core_inst/clk
    SLICE_X66Y10         FDCE                                         r  CORES[8].core_inst/r_input_feat_reg[12][3]/C
  -------------------------------------------------------------------    -------------------
    SLICE_X66Y10         FDCE (Prop_HFF_SLICEL_C_Q)
                                                      0.079     0.108 f  CORES[8].core_inst/r_input_feat_reg[12][3]/Q
                         net (fo=22, routed)          0.655     0.763    CORES[8].core_inst/trf/matrix_c0/r_transform_feature_reg_reg[8][15]_i_2__7_0[3]
    SLICE_X62Y12         LUT3 (Prop_B6LUT_SLICEL_I0_O)
                                                      0.124     0.887 r  CORES[8].core_inst/trf/matrix_c0/soma[12]__0_carry_i_4__16/O
                         net (fo=1, routed)           0.139     1.026    CORES[8].core_inst/trf/matrix_c0/soma[12]__0_carry_i_4__16_n_0
    SLICE_X63Y12         CARRY8 (Prop_CARRY8_SLICEM_DI[4]_CO[7])
                                                      0.093     1.119 r  CORES[8].core_inst/trf/matrix_c0/soma[12]__0_carry/CO[7]
                         net (fo=1, routed)           0.026     1.145    CORES[8].core_inst/trf/matrix_c0/soma[12]__0_carry_n_0
    SLICE_X63Y13         CARRY8 (Prop_CARRY8_SLICEM_CI_O[2])
                                                      0.067     1.212 r  CORES[8].core_inst/trf/matrix_c0/soma[12]__0_carry__0/O[2]
                         net (fo=15, routed)          0.541     1.753    CORES[8].core_inst/trf/matrix_c0/w_conv_transform[24]_10[10]
    SLICE_X57Y21         LUT3 (Prop_G6LUT_SLICEM_I2_O)
                                                      0.037     1.790 r  CORES[8].core_inst/trf/matrix_c0/soma[6]__0_carry__0_i_4__15/O
                         net (fo=1, routed)           0.365     2.155    CORES[8].core_inst/trf/matrix_c1/r_transform_feature_reg_reg[6][15][3]
    SLICE_X56Y21         CARRY8 (Prop_CARRY8_SLICEM_DI[3]_O[6])
                                                      0.170     2.325 r  CORES[8].core_inst/trf/matrix_c1/soma[6]__0_carry__0/O[6]
                         net (fo=7, routed)           0.200     2.525    CORES[8].core_inst/trf/matrix_c0/r_transform_feature_reg_reg[6][15]_0[6]
    SLICE_X56Y24         LUT6 (Prop_C6LUT_SLICEM_I0_O)
                                                      0.051     2.576 r  CORES[8].core_inst/trf/matrix_c0/r_transform_feature_reg[14][14]_i_5__7/O
                         net (fo=2, routed)           0.191     2.767    CORES[8].core_inst/trf/matrix_c0/r_transform_feature_reg[14][14]_i_5__7_n_0
    SLICE_X55Y25         LUT6 (Prop_G6LUT_SLICEL_I1_O)
                                                      0.050     2.817 r  CORES[8].core_inst/trf/matrix_c0/r_transform_feature_reg[6][14]_i_2__7/O
                         net (fo=1, routed)           0.092     2.909    CORES[8].core_inst/trf/matrix_c0/r_transform_feature_reg[6][14]_i_2__7_n_0
    SLICE_X55Y23         LUT5 (Prop_C6LUT_SLICEL_I0_O)
                                                      0.088     2.997 r  CORES[8].core_inst/trf/matrix_c0/r_transform_feature_reg[6][14]_i_1__7/O
                         net (fo=1, routed)           0.050     3.047    CORES[8].core_inst/trf_n_161
    SLICE_X55Y23         FDCE                                         r  CORES[8].core_inst/r_transform_feature_reg_reg[6][14]/D
  -------------------------------------------------------------------    -------------------

                         (clock clk rise edge)        3.155     3.155 r  
                                                      0.000     3.155 r  clk (IN)
                         net (fo=29474, unset)        0.020     3.175    CORES[8].core_inst/clk
    SLICE_X55Y23         FDCE                                         r  CORES[8].core_inst/r_transform_feature_reg_reg[6][14]/C
                         clock pessimism              0.000     3.175    
                         clock uncertainty           -0.035     3.140    
    SLICE_X55Y23         FDCE (Setup_CFF_SLICEL_C_D)
                                                      0.025     3.165    CORES[8].core_inst/r_transform_feature_reg_reg[6][14]
  -------------------------------------------------------------------
                         required time                          3.165    
                         arrival time                          -3.047    
  -------------------------------------------------------------------
                         slack                                  0.118    

Slack (MET) :             0.119ns  (required time - arrival time)
  Source:                 CORES[9].core_inst/r_input_feat_reg[13][0]/C
                            (rising edge-triggered cell FDCE clocked by clk  {rise@0.000ns fall@1.577ns period=3.155ns})
  Destination:            CORES[9].core_inst/r_transform_feature_reg_reg[14][10]/D
                            (rising edge-triggered cell FDCE clocked by clk  {rise@0.000ns fall@1.577ns period=3.155ns})
  Path Group:             clk
  Path Type:              Setup (Max at Slow Process Corner)
  Requirement:            3.155ns  (clk rise@3.155ns - clk rise@0.000ns)
  Data Path Delay:        3.016ns  (logic 1.091ns (36.174%)  route 1.925ns (63.826%))
  Logic Levels:           8  (CARRY8=3 LUT3=2 LUT5=2 LUT6=1)
  Clock Path Skew:        -0.010ns (DCD - SCD + CPR)
    Destination Clock Delay (DCD):    0.020ns = ( 3.175 - 3.155 ) 
    Source Clock Delay      (SCD):    0.030ns
    Clock Pessimism Removal (CPR):    0.000ns
  Clock Uncertainty:      0.035ns  ((TSJ^2 + TIJ^2)^1/2 + DJ) / 2 + PE
    Total System Jitter     (TSJ):    0.071ns
    Total Input Jitter      (TIJ):    0.000ns
    Discrete Jitter          (DJ):    0.000ns
    Phase Error              (PE):    0.000ns

    Location             Delay type                Incr(ns)  Path(ns)    Netlist Resource(s)
  -------------------------------------------------------------------    -------------------
                         (clock clk rise edge)        0.000     0.000 r  
                                                      0.000     0.000 r  clk (IN)
                         net (fo=29474, unset)        0.030     0.030    CORES[9].core_inst/clk
    SLICE_X74Y202        FDCE                                         r  CORES[9].core_inst/r_input_feat_reg[13][0]/C
  -------------------------------------------------------------------    -------------------
    SLICE_X74Y202        FDCE (Prop_HFF_SLICEM_C_Q)
                                                      0.079     0.109 f  CORES[9].core_inst/r_input_feat_reg[13][0]/Q
                         net (fo=17, routed)          0.344     0.453    CORES[9].core_inst/trf/matrix_c0/r_transform_feature_reg[17][15]_i_7__8_0[0]
    SLICE_X77Y209        LUT3 (Prop_A6LUT_SLICEL_I0_O)
                                                      0.149     0.602 r  CORES[9].core_inst/trf/matrix_c0/soma[14]__0_carry_i_7__8/O
                         net (fo=1, routed)           0.263     0.865    CORES[9].core_inst/trf/matrix_c0/soma[14]__0_carry_i_7__8_n_0
    SLICE_X77Y210        CARRY8 (Prop_CARRY8_SLICEL_DI[1]_O[5])
                                                      0.193     1.058 r  CORES[9].core_inst/trf/matrix_c0/soma[14]__0_carry/O[5]
                         net (fo=16, routed)          0.489     1.547    CORES[9].core_inst/trf/matrix_c0/w_conv_transform[26]_8[5]
    SLICE_X75Y214        LUT6 (Prop_F6LUT_SLICEL_I4_O)
                                                      0.148     1.695 r  CORES[9].core_inst/trf/matrix_c0/soma[2]__0_carry_i_10__17/O
                         net (fo=1, routed)           0.011     1.706    CORES[9].core_inst/trf/matrix_c1/r_transform_feature_reg_reg[2][7]_0[5]
    SLICE_X75Y214        CARRY8 (Prop_CARRY8_SLICEL_S[5]_CO[7])
                                                      0.155     1.861 r  CORES[9].core_inst/trf/matrix_c1/soma[2]__0_carry/CO[7]
                         net (fo=1, routed)           0.026     1.887    CORES[9].core_inst/trf/matrix_c1/soma[2]__0_carry_n_0
    SLICE_X75Y215        CARRY8 (Prop_CARRY8_SLICEL_CI_O[2])
                                                      0.067     1.954 r  CORES[9].core_inst/trf/matrix_c1/soma[2]__0_carry__0/O[2]
                         net (fo=8, routed)           0.374     2.328    CORES[9].core_inst/trf/matrix_c0/r_transform_feature_reg_reg[2][15]_0[2]
    SLICE_X73Y221        LUT3 (Prop_B5LUT_SLICEM_I0_O)
                                                      0.143     2.471 r  CORES[9].core_inst/trf/matrix_c0/r_transform_feature_reg[14][10]_i_6__8/O
                         net (fo=2, routed)           0.272     2.743    CORES[9].core_inst/trf/matrix_c0/r_transform_feature_reg[14][10]_i_6__8_n_0
    SLICE_X72Y220        LUT5 (Prop_F6LUT_SLICEL_I4_O)
                                                      0.035     2.778 r  CORES[9].core_inst/trf/matrix_c0/r_transform_feature_reg[14][10]_i_3__8/O
                         net (fo=1, routed)           0.097     2.875    CORES[9].core_inst/trf/matrix_c0/r_transform_feature_reg[14][10]_i_3__8_n_0
    SLICE_X72Y220        LUT5 (Prop_D6LUT_SLICEL_I2_O)
                                                      0.122     2.997 r  CORES[9].core_inst/trf/matrix_c0/r_transform_feature_reg[14][10]_i_1__8/O
                         net (fo=1, routed)           0.049     3.046    CORES[9].core_inst/trf_n_53
    SLICE_X72Y220        FDCE                                         r  CORES[9].core_inst/r_transform_feature_reg_reg[14][10]/D
  -------------------------------------------------------------------    -------------------

                         (clock clk rise edge)        3.155     3.155 r  
                                                      0.000     3.155 r  clk (IN)
                         net (fo=29474, unset)        0.020     3.175    CORES[9].core_inst/clk
    SLICE_X72Y220        FDCE                                         r  CORES[9].core_inst/r_transform_feature_reg_reg[14][10]/C
                         clock pessimism              0.000     3.175    
                         clock uncertainty           -0.035     3.140    
    SLICE_X72Y220        FDCE (Setup_DFF_SLICEL_C_D)
                                                      0.025     3.165    CORES[9].core_inst/r_transform_feature_reg_reg[14][10]
  -------------------------------------------------------------------
                         required time                          3.165    
                         arrival time                          -3.046    
  -------------------------------------------------------------------
                         slack                                  0.119    

Slack (MET) :             0.119ns  (required time - arrival time)
  Source:                 CORES[7].core_inst/MAC_LANES[4].multip/partial_product/DSP_OUTPUT_INST/CLK
                            (rising edge-triggered cell DSP_OUTPUT clocked by clk  {rise@0.000ns fall@1.577ns period=3.155ns})
  Destination:            CORES[7].core_inst/r_output_write_reg[8][15]/D
                            (rising edge-triggered cell FDCE clocked by clk  {rise@0.000ns fall@1.577ns period=3.155ns})
  Path Group:             clk
  Path Type:              Setup (Max at Slow Process Corner)
  Requirement:            3.155ns  (clk rise@3.155ns - clk rise@0.000ns)
  Data Path Delay:        2.985ns  (logic 1.077ns (36.076%)  route 1.908ns (63.924%))
  Logic Levels:           9  (CARRY8=3 LUT2=1 LUT4=1 LUT5=1 LUT6=3)
  Clock Path Skew:        -0.040ns (DCD - SCD + CPR)
    Destination Clock Delay (DCD):    0.020ns = ( 3.175 - 3.155 ) 
    Source Clock Delay      (SCD):    0.060ns
    Clock Pessimism Removal (CPR):    0.000ns
  Clock Uncertainty:      0.035ns  ((TSJ^2 + TIJ^2)^1/2 + DJ) / 2 + PE
    Total System Jitter     (TSJ):    0.071ns
    Total Input Jitter      (TIJ):    0.000ns
    Discrete Jitter          (DJ):    0.000ns
    Phase Error              (PE):    0.000ns

    Location             Delay type                Incr(ns)  Path(ns)    Netlist Resource(s)
  -------------------------------------------------------------------    -------------------
                         (clock clk rise edge)        0.000     0.000 r  
                                                      0.000     0.000 r  clk (IN)
                         net (fo=29474, unset)        0.060     0.060    CORES[7].core_inst/MAC_LANES[4].multip/partial_product/CLK
    DSP48E2_X7Y75        DSP_OUTPUT                                   r  CORES[7].core_inst/MAC_LANES[4].multip/partial_product/DSP_OUTPUT_INST/CLK
  -------------------------------------------------------------------    -------------------
    DSP48E2_X7Y75        DSP_OUTPUT (Prop_DSP_OUTPUT_DSP48E2_CLK_P[12])
                                                      0.207     0.267 r  CORES[7].core_inst/MAC_LANES[4].multip/partial_product/DSP_OUTPUT_INST/P[12]
                         net (fo=4, routed)           0.842     1.109    CORES[7].core_inst/MAC_LANES[4].multip/P[4]
    SLICE_X62Y187        LUT4 (Prop_B6LUT_SLICEL_I1_O)
                                                      0.051     1.160 r  CORES[7].core_inst/MAC_LANES[4].multip/r_output_write[2][7]_i_50__6/O
                         net (fo=2, routed)           0.144     1.304    CORES[7].core_inst/MAC_LANES[4].multip/r_output_write[2][7]_i_50__6_n_0
    SLICE_X63Y188        LUT5 (Prop_F6LUT_SLICEM_I2_O)
                                                      0.123     1.427 r  CORES[7].core_inst/MAC_LANES[4].multip/r_output_write[2][7]_i_57__6/O
                         net (fo=1, routed)           0.022     1.449    CORES[7].core_inst/MAC_LANES[4].multip/r_output_write[2][7]_i_57__6_n_0
    SLICE_X63Y188        CARRY8 (Prop_CARRY8_SLICEM_S[5]_CO[7])
                                                      0.159     1.608 r  CORES[7].core_inst/MAC_LANES[4].multip/r_output_write_reg[2][7]_i_31__6/CO[7]
                         net (fo=1, routed)           0.026     1.634    CORES[7].core_inst/MAC_LANES[4].multip/r_output_write_reg[2][7]_i_31__6_n_0
    SLICE_X63Y189        CARRY8 (Prop_CARRY8_SLICEM_CI_O[0])
                                                      0.056     1.690 r  CORES[7].core_inst/MAC_LANES[4].multip/r_output_write_reg[2][15]_i_56__6/O[0]
                         net (fo=6, routed)           0.439     2.129    CORES[7].core_inst/MAC_LANES[4].multip/w_inverse_partial_current[2]_65[8]
    SLICE_X60Y191        LUT6 (Prop_G6LUT_SLICEL_I4_O)
                                                      0.050     2.179 r  CORES[7].core_inst/MAC_LANES[4].multip/r_output_write[8][15]_i_27__6/O
                         net (fo=2, routed)           0.048     2.227    CORES[7].core_inst/MAC_LANES[16].multip/r_output_write_reg[8][15]_i_2__6_6
    SLICE_X60Y191        LUT6 (Prop_H6LUT_SLICEL_I5_O)
                                                      0.051     2.278 r  CORES[7].core_inst/MAC_LANES[16].multip/r_output_write[8][15]_i_7__6/O
                         net (fo=2, routed)           0.204     2.482    CORES[7].core_inst/MAC_LANES[16].multip/r_output_write[8][15]_i_7__6_n_0
    SLICE_X59Y190        LUT6 (Prop_C6LUT_SLICEL_I0_O)
                                                      0.146     2.628 r  CORES[7].core_inst/MAC_LANES[16].multip/r_output_write[8][15]_i_15__6/O
                         net (fo=1, routed)           0.010     2.638    CORES[7].core_inst/MAC_LANES[16].multip/r_output_write[8][15]_i_15__6_n_0
    SLICE_X59Y190        CARRY8 (Prop_CARRY8_SLICEL_S[2]_O[7])
                                                      0.198     2.836 r  CORES[7].core_inst/MAC_LANES[16].multip/r_output_write_reg[8][15]_i_2__6/O[7]
                         net (fo=1, routed)           0.124     2.960    CORES[7].core_inst/MAC_LANES[16].multip/w_output_acc_next[8]_74[15]
    SLICE_X59Y188        LUT2 (Prop_D6LUT_SLICEL_I1_O)
                                                      0.036     2.996 r  CORES[7].core_inst/MAC_LANES[16].multip/r_output_write[8][15]_i_1__6/O
                         net (fo=1, routed)           0.049     3.045    CORES[7].core_inst/MAC_LANES[16].multip_n_55
    SLICE_X59Y188        FDCE                                         r  CORES[7].core_inst/r_output_write_reg[8][15]/D
  -------------------------------------------------------------------    -------------------

                         (clock clk rise edge)        3.155     3.155 r  
                                                      0.000     3.155 r  clk (IN)
                         net (fo=29474, unset)        0.020     3.175    CORES[7].core_inst/clk
    SLICE_X59Y188        FDCE                                         r  CORES[7].core_inst/r_output_write_reg[8][15]/C
                         clock pessimism              0.000     3.175    
                         clock uncertainty           -0.035     3.140    
    SLICE_X59Y188        FDCE (Setup_DFF_SLICEL_C_D)
                                                      0.025     3.165    CORES[7].core_inst/r_output_write_reg[8][15]
  -------------------------------------------------------------------
                         required time                          3.165    
                         arrival time                          -3.045    
  -------------------------------------------------------------------
                         slack                                  0.119    

Slack (MET) :             0.119ns  (required time - arrival time)
  Source:                 CORES[9].core_inst/MAC_LANES[3].multip/partial_product/DSP_OUTPUT_INST/CLK
                            (rising edge-triggered cell DSP_OUTPUT clocked by clk  {rise@0.000ns fall@1.577ns period=3.155ns})
  Destination:            CORES[9].core_inst/r_output_write_reg[4][13]/D
                            (rising edge-triggered cell FDCE clocked by clk  {rise@0.000ns fall@1.577ns period=3.155ns})
  Path Group:             clk
  Path Type:              Setup (Max at Slow Process Corner)
  Requirement:            3.155ns  (clk rise@3.155ns - clk rise@0.000ns)
  Data Path Delay:        2.986ns  (logic 1.161ns (38.876%)  route 1.825ns (61.124%))
  Logic Levels:           8  (CARRY8=3 LUT2=1 LUT4=1 LUT5=2 LUT6=1)
  Clock Path Skew:        -0.039ns (DCD - SCD + CPR)
    Destination Clock Delay (DCD):    0.021ns = ( 3.176 - 3.155 ) 
    Source Clock Delay      (SCD):    0.060ns
    Clock Pessimism Removal (CPR):    0.000ns
  Clock Uncertainty:      0.035ns  ((TSJ^2 + TIJ^2)^1/2 + DJ) / 2 + PE
    Total System Jitter     (TSJ):    0.071ns
    Total Input Jitter      (TIJ):    0.000ns
    Discrete Jitter          (DJ):    0.000ns
    Phase Error              (PE):    0.000ns

    Location             Delay type                Incr(ns)  Path(ns)    Netlist Resource(s)
  -------------------------------------------------------------------    -------------------
                         (clock clk rise edge)        0.000     0.000 r  
                                                      0.000     0.000 r  clk (IN)
                         net (fo=29474, unset)        0.060     0.060    CORES[9].core_inst/MAC_LANES[3].multip/partial_product/CLK
    DSP48E2_X5Y84        DSP_OUTPUT                                   r  CORES[9].core_inst/MAC_LANES[3].multip/partial_product/DSP_OUTPUT_INST/CLK
  -------------------------------------------------------------------    -------------------
    DSP48E2_X5Y84        DSP_OUTPUT (Prop_DSP_OUTPUT_DSP48E2_CLK_P[11])
                                                      0.197     0.257 r  CORES[9].core_inst/MAC_LANES[3].multip/partial_product/DSP_OUTPUT_INST/P[11]
                         net (fo=4, routed)           0.446     0.703    CORES[9].core_inst/MAC_LANES[3].multip/partial_product_n_94
    SLICE_X54Y219        LUT4 (Prop_E6LUT_SLICEM_I1_O)
                                                      0.148     0.851 r  CORES[9].core_inst/MAC_LANES[3].multip/r_output_write[1][7]_i_51__8/O
                         net (fo=2, routed)           0.109     0.960    CORES[9].core_inst/MAC_LANES[3].multip/r_output_write[1][7]_i_51__8_n_0
    SLICE_X53Y219        LUT5 (Prop_E6LUT_SLICEM_I2_O)
                                                      0.124     1.084 r  CORES[9].core_inst/MAC_LANES[3].multip/r_output_write[1][7]_i_58__8/O
                         net (fo=1, routed)           0.014     1.098    CORES[9].core_inst/MAC_LANES[3].multip/r_output_write[1][7]_i_58__8_n_0
    SLICE_X53Y219        CARRY8 (Prop_CARRY8_SLICEM_S[4]_CO[7])
                                                      0.156     1.254 r  CORES[9].core_inst/MAC_LANES[3].multip/r_output_write_reg[1][7]_i_31__8/CO[7]
                         net (fo=1, routed)           0.026     1.280    CORES[9].core_inst/MAC_LANES[3].multip/r_output_write_reg[1][7]_i_31__8_n_0
    SLICE_X53Y220        CARRY8 (Prop_CARRY8_SLICEM_CI_O[1])
                                                      0.076     1.356 r  CORES[9].core_inst/MAC_LANES[3].multip/r_output_write_reg[1][15]_i_56__8/O[1]
                         net (fo=6, routed)           0.497     1.853    CORES[9].core_inst/MAC_LANES[9].multip/w_inverse_partial_current[1]_66[9]
    SLICE_X58Y227        LUT6 (Prop_G6LUT_SLICEL_I5_O)
                                                      0.089     1.942 r  CORES[9].core_inst/MAC_LANES[9].multip/r_output_write[4][15]_i_26__8/O
                         net (fo=2, routed)           0.117     2.059    CORES[9].core_inst/MAC_LANES[15].multip/r_output_write_reg[4][15]_i_2__8_5
    SLICE_X58Y229        LUT5 (Prop_B6LUT_SLICEL_I3_O)
                                                      0.148     2.207 r  CORES[9].core_inst/MAC_LANES[15].multip/r_output_write[4][15]_i_7__8/O
                         net (fo=2, routed)           0.359     2.566    CORES[9].core_inst/MAC_LANES[15].multip/r_output_write[4][15]_i_7__8_n_0
    SLICE_X57Y232        CARRY8 (Prop_CARRY8_SLICEM_DI[2]_O[5])
                                                      0.186     2.752 r  CORES[9].core_inst/MAC_LANES[15].multip/r_output_write_reg[4][15]_i_2__8/O[5]
                         net (fo=1, routed)           0.185     2.937    CORES[9].core_inst/MAC_LANES[15].multip/w_output_acc_next[4]_78[13]
    SLICE_X56Y232        LUT2 (Prop_D6LUT_SLICEM_I1_O)
                                                      0.037     2.974 r  CORES[9].core_inst/MAC_LANES[15].multip/r_output_write[4][13]_i_1__8/O
                         net (fo=1, routed)           0.072     3.046    CORES[9].core_inst/MAC_LANES[15].multip_n_83
    SLICE_X56Y232        FDCE                                         r  CORES[9].core_inst/r_output_write_reg[4][13]/D
  -------------------------------------------------------------------    -------------------

                         (clock clk rise edge)        3.155     3.155 r  
                                                      0.000     3.155 r  clk (IN)
                         net (fo=29474, unset)        0.021     3.176    CORES[9].core_inst/clk
    SLICE_X56Y232        FDCE                                         r  CORES[9].core_inst/r_output_write_reg[4][13]/C
                         clock pessimism              0.000     3.176    
                         clock uncertainty           -0.035     3.141    
    SLICE_X56Y232        FDCE (Setup_DFF_SLICEM_C_D)
                                                      0.025     3.166    CORES[9].core_inst/r_output_write_reg[4][13]
  -------------------------------------------------------------------
                         required time                          3.166    
                         arrival time                          -3.046    
  -------------------------------------------------------------------
                         slack                                  0.119    

Slack (MET) :             0.120ns  (required time - arrival time)
  Source:                 CORES[7].core_inst/MAC_LANES[3].multip/partial_product/DSP_OUTPUT_INST/CLK
                            (rising edge-triggered cell DSP_OUTPUT clocked by clk  {rise@0.000ns fall@1.577ns period=3.155ns})
  Destination:            CORES[7].core_inst/r_output_write_reg[0][14]/D
                            (rising edge-triggered cell FDCE clocked by clk  {rise@0.000ns fall@1.577ns period=3.155ns})
  Path Group:             clk
  Path Type:              Setup (Max at Slow Process Corner)
  Requirement:            3.155ns  (clk rise@3.155ns - clk rise@0.000ns)
  Data Path Delay:        2.985ns  (logic 0.983ns (32.931%)  route 2.002ns (67.069%))
  Logic Levels:           9  (CARRY8=3 LUT2=1 LUT4=1 LUT5=1 LUT6=3)
  Clock Path Skew:        -0.040ns (DCD - SCD + CPR)
    Destination Clock Delay (DCD):    0.020ns = ( 3.175 - 3.155 ) 
    Source Clock Delay      (SCD):    0.060ns
    Clock Pessimism Removal (CPR):    0.000ns
  Clock Uncertainty:      0.035ns  ((TSJ^2 + TIJ^2)^1/2 + DJ) / 2 + PE
    Total System Jitter     (TSJ):    0.071ns
    Total Input Jitter      (TIJ):    0.000ns
    Discrete Jitter          (DJ):    0.000ns
    Phase Error              (PE):    0.000ns

    Location             Delay type                Incr(ns)  Path(ns)    Netlist Resource(s)
  -------------------------------------------------------------------    -------------------
                         (clock clk rise edge)        0.000     0.000 r  
                                                      0.000     0.000 r  clk (IN)
                         net (fo=29474, unset)        0.060     0.060    CORES[7].core_inst/MAC_LANES[3].multip/partial_product/CLK
    DSP48E2_X7Y73        DSP_OUTPUT                                   r  CORES[7].core_inst/MAC_LANES[3].multip/partial_product/DSP_OUTPUT_INST/CLK
  -------------------------------------------------------------------    -------------------
    DSP48E2_X7Y73        DSP_OUTPUT (Prop_DSP_OUTPUT_DSP48E2_CLK_P[13])
                                                      0.194     0.254 r  CORES[7].core_inst/MAC_LANES[3].multip/partial_product/DSP_OUTPUT_INST/P[13]
                         net (fo=4, routed)           0.533     0.787    CORES[7].core_inst/MAC_LANES[3].multip/partial_product_n_92
    SLICE_X66Y187        LUT4 (Prop_A6LUT_SLICEL_I1_O)
                                                      0.090     0.877 r  CORES[7].core_inst/MAC_LANES[3].multip/r_output_write[0][7]_i_49__6/O
                         net (fo=2, routed)           0.435     1.312    CORES[7].core_inst/MAC_LANES[3].multip/r_output_write[0][7]_i_49__6_n_0
    SLICE_X65Y188        LUT5 (Prop_G6LUT_SLICEL_I2_O)
                                                      0.089     1.401 r  CORES[7].core_inst/MAC_LANES[3].multip/r_output_write[0][7]_i_56__6/O
                         net (fo=1, routed)           0.008     1.409    CORES[7].core_inst/MAC_LANES[3].multip/r_output_write[0][7]_i_56__6_n_0
    SLICE_X65Y188        CARRY8 (Prop_CARRY8_SLICEL_S[6]_CO[7])
                                                      0.115     1.524 r  CORES[7].core_inst/MAC_LANES[3].multip/r_output_write_reg[0][7]_i_31__6/CO[7]
                         net (fo=1, routed)           0.026     1.550    CORES[7].core_inst/MAC_LANES[3].multip/r_output_write_reg[0][7]_i_31__6_n_0
    SLICE_X65Y189        CARRY8 (Prop_CARRY8_SLICEL_CI_O[1])
                                                      0.076     1.626 r  CORES[7].core_inst/MAC_LANES[3].multip/r_output_write_reg[0][15]_i_58__6/O[1]
                         net (fo=6, routed)           0.477     2.103    CORES[7].core_inst/MAC_LANES[3].multip/w_inverse_partial_current[0]_67[9]
    SLICE_X61Y193        LUT6 (Prop_D6LUT_SLICEM_I4_O)
                                                      0.051     2.154 r  CORES[7].core_inst/MAC_LANES[3].multip/r_output_write[0][15]_i_27__6/O
                         net (fo=2, routed)           0.254     2.408    CORES[7].core_inst/MAC_LANES[15].multip/r_output_write_reg[0][15]_i_3__6_7
    SLICE_X59Y196        LUT6 (Prop_E6LUT_SLICEL_I5_O)
                                                      0.051     2.459 r  CORES[7].core_inst/MAC_LANES[15].multip/r_output_write[0][15]_i_7__6/O
                         net (fo=2, routed)           0.086     2.545    CORES[7].core_inst/MAC_LANES[15].multip/r_output_write[0][15]_i_7__6_n_0
    SLICE_X59Y195        LUT6 (Prop_D6LUT_SLICEL_I0_O)
                                                      0.050     2.595 r  CORES[7].core_inst/MAC_LANES[15].multip/r_output_write[0][15]_i_15__6/O
                         net (fo=1, routed)           0.009     2.604    CORES[7].core_inst/MAC_LANES[15].multip/r_output_write[0][15]_i_15__6_n_0
    SLICE_X59Y195        CARRY8 (Prop_CARRY8_SLICEL_S[3]_O[6])
                                                      0.168     2.772 r  CORES[7].core_inst/MAC_LANES[15].multip/r_output_write_reg[0][15]_i_3__6/O[6]
                         net (fo=1, routed)           0.123     2.895    CORES[7].core_inst/MAC_LANES[15].multip/w_output_acc_next[0]_82[14]
    SLICE_X59Y196        LUT2 (Prop_H6LUT_SLICEL_I1_O)
                                                      0.099     2.994 r  CORES[7].core_inst/MAC_LANES[15].multip/r_output_write[0][14]_i_1__6/O
                         net (fo=1, routed)           0.051     3.045    CORES[7].core_inst/MAC_LANES[15].multip_n_18
    SLICE_X59Y196        FDCE                                         r  CORES[7].core_inst/r_output_write_reg[0][14]/D
  -------------------------------------------------------------------    -------------------

                         (clock clk rise edge)        3.155     3.155 r  
                                                      0.000     3.155 r  clk (IN)
                         net (fo=29474, unset)        0.020     3.175    CORES[7].core_inst/clk
    SLICE_X59Y196        FDCE                                         r  CORES[7].core_inst/r_output_write_reg[0][14]/C
                         clock pessimism              0.000     3.175    
                         clock uncertainty           -0.035     3.140    
    SLICE_X59Y196        FDCE (Setup_HFF_SLICEL_C_D)
                                                      0.025     3.165    CORES[7].core_inst/r_output_write_reg[0][14]
  -------------------------------------------------------------------
                         required time                          3.165    
                         arrival time                          -3.045    
  -------------------------------------------------------------------
                         slack                                  0.120    

Slack (MET) :             0.120ns  (required time - arrival time)
  Source:                 CORES[4].core_inst/r_input_feat_reg[17][2]/C
                            (rising edge-triggered cell FDCE clocked by clk  {rise@0.000ns fall@1.577ns period=3.155ns})
  Destination:            CORES[4].core_inst/r_transform_feature_reg_reg[14][15]/D
                            (rising edge-triggered cell FDCE clocked by clk  {rise@0.000ns fall@1.577ns period=3.155ns})
  Path Group:             clk
  Path Type:              Setup (Max at Slow Process Corner)
  Requirement:            3.155ns  (clk rise@3.155ns - clk rise@0.000ns)
  Data Path Delay:        3.018ns  (logic 1.084ns (35.920%)  route 1.934ns (64.080%))
  Logic Levels:           9  (CARRY8=3 LUT3=2 LUT5=1 LUT6=3)
  Clock Path Skew:        -0.007ns (DCD - SCD + CPR)
    Destination Clock Delay (DCD):    0.021ns = ( 3.176 - 3.155 ) 
    Source Clock Delay      (SCD):    0.028ns
    Clock Pessimism Removal (CPR):    0.000ns
  Clock Uncertainty:      0.035ns  ((TSJ^2 + TIJ^2)^1/2 + DJ) / 2 + PE
    Total System Jitter     (TSJ):    0.071ns
    Total Input Jitter      (TIJ):    0.000ns
    Discrete Jitter          (DJ):    0.000ns
    Phase Error              (PE):    0.000ns

    Location             Delay type                Incr(ns)  Path(ns)    Netlist Resource(s)
  -------------------------------------------------------------------    -------------------
                         (clock clk rise edge)        0.000     0.000 r  
                                                      0.000     0.000 r  clk (IN)
                         net (fo=29474, unset)        0.028     0.028    CORES[4].core_inst/clk
    SLICE_X101Y193       FDCE                                         r  CORES[4].core_inst/r_input_feat_reg[17][2]/C
  -------------------------------------------------------------------    -------------------
    SLICE_X101Y193       FDCE (Prop_DFF_SLICEL_C_Q)
                                                      0.079     0.107 r  CORES[4].core_inst/r_input_feat_reg[17][2]/Q
                         net (fo=20, routed)          0.706     0.813    CORES[4].core_inst/trf/matrix_c0/r_transform_feature_reg_reg[0][15][2]
    SLICE_X97Y201        LUT6 (Prop_C6LUT_SLICEL_I4_O)
                                                      0.146     0.959 r  CORES[4].core_inst/trf/matrix_c0/soma[18]__0_carry_i_13__3/O
                         net (fo=1, routed)           0.010     0.969    CORES[4].core_inst/trf/matrix_c0/soma[18]__0_carry_i_13__3_n_0
    SLICE_X97Y201        CARRY8 (Prop_CARRY8_SLICEL_S[2]_CO[7])
                                                      0.155     1.124 r  CORES[4].core_inst/trf/matrix_c0/soma[18]__0_carry/CO[7]
                         net (fo=1, routed)           0.026     1.150    CORES[4].core_inst/trf/matrix_c0/soma[18]__0_carry_n_0
    SLICE_X97Y202        CARRY8 (Prop_CARRY8_SLICEL_CI_O[1])
                                                      0.076     1.226 f  CORES[4].core_inst/trf/matrix_c0/soma[18]__0_carry__0/O[1]
                         net (fo=13, routed)          0.355     1.581    CORES[4].core_inst/trf/matrix_c0/w_conv_transform[30]_7[9]
    SLICE_X94Y200        LUT3 (Prop_C6LUT_SLICEM_I0_O)
                                                      0.051     1.632 r  CORES[4].core_inst/trf/matrix_c0/soma[12]__0_carry__0_i_5__7/O
                         net (fo=1, routed)           0.197     1.829    CORES[4].core_inst/trf/matrix_c1/r_transform_feature_reg_reg[12][15][2]
    SLICE_X93Y202        CARRY8 (Prop_CARRY8_SLICEM_DI[2]_O[7])
                                                      0.188     2.017 r  CORES[4].core_inst/trf/matrix_c1/soma[12]__0_carry__0/O[7]
                         net (fo=6, routed)           0.348     2.366    CORES[4].core_inst/trf/matrix_c0/r_transform_feature_reg_reg[12][15]_0[7]
    SLICE_X94Y209        LUT6 (Prop_G6LUT_SLICEM_I5_O)
                                                      0.150     2.516 r  CORES[4].core_inst/trf/matrix_c0/r_transform_feature_reg[6][15]_i_5__3/O
                         net (fo=2, routed)           0.132     2.648    CORES[4].core_inst/trf/matrix_c0/r_transform_feature_reg[6][15]_i_5__3_n_0
    SLICE_X94Y210        LUT5 (Prop_E6LUT_SLICEM_I0_O)
                                                      0.052     2.700 r  CORES[4].core_inst/trf/matrix_c0/r_transform_feature_reg[14][15]_i_5__3/O
                         net (fo=1, routed)           0.059     2.759    CORES[4].core_inst/trf/matrix_c0/r_transform_feature_reg[14][15]_i_5__3_n_0
    SLICE_X94Y210        LUT6 (Prop_F6LUT_SLICEM_I5_O)
                                                      0.148     2.907 r  CORES[4].core_inst/trf/matrix_c0/r_transform_feature_reg[14][15]_i_2__3/O
                         net (fo=1, routed)           0.042     2.949    CORES[4].core_inst/trf/matrix_c0/r_transform_feature_reg[14][15]_i_2__3_n_0
    SLICE_X94Y210        LUT3 (Prop_H6LUT_SLICEM_I0_O)
                                                      0.039     2.988 r  CORES[4].core_inst/trf/matrix_c0/r_transform_feature_reg[14][15]_i_1__3/O
                         net (fo=1, routed)           0.058     3.046    CORES[4].core_inst/trf_n_48
    SLICE_X94Y210        FDCE                                         r  CORES[4].core_inst/r_transform_feature_reg_reg[14][15]/D
  -------------------------------------------------------------------    -------------------

                         (clock clk rise edge)        3.155     3.155 r  
                                                      0.000     3.155 r  clk (IN)
                         net (fo=29474, unset)        0.021     3.176    CORES[4].core_inst/clk
    SLICE_X94Y210        FDCE                                         r  CORES[4].core_inst/r_transform_feature_reg_reg[14][15]/C
                         clock pessimism              0.000     3.176    
                         clock uncertainty           -0.035     3.141    
    SLICE_X94Y210        FDCE (Setup_HFF_SLICEM_C_D)
                                                      0.025     3.166    CORES[4].core_inst/r_transform_feature_reg_reg[14][15]
  -------------------------------------------------------------------
                         required time                          3.166    
                         arrival time                          -3.046    
  -------------------------------------------------------------------
                         slack                                  0.120    

Slack (MET) :             0.120ns  (required time - arrival time)
  Source:                 CORES[1].core_inst/r_input_feat_reg[3][4]/C
                            (rising edge-triggered cell FDCE clocked by clk  {rise@0.000ns fall@1.577ns period=3.155ns})
  Destination:            CORES[1].core_inst/r_transform_feature_reg_reg[1][15]/D
                            (rising edge-triggered cell FDCE clocked by clk  {rise@0.000ns fall@1.577ns period=3.155ns})
  Path Group:             clk
  Path Type:              Setup (Max at Slow Process Corner)
  Requirement:            3.155ns  (clk rise@3.155ns - clk rise@0.000ns)
  Data Path Delay:        3.016ns  (logic 0.978ns (32.431%)  route 2.038ns (67.569%))
  Logic Levels:           9  (CARRY8=3 LUT3=4 LUT6=2)
  Clock Path Skew:        -0.009ns (DCD - SCD + CPR)
    Destination Clock Delay (DCD):    0.020ns = ( 3.175 - 3.155 ) 
    Source Clock Delay      (SCD):    0.029ns
    Clock Pessimism Removal (CPR):    0.000ns
  Clock Uncertainty:      0.035ns  ((TSJ^2 + TIJ^2)^1/2 + DJ) / 2 + PE
    Total System Jitter     (TSJ):    0.071ns
    Total Input Jitter      (TIJ):    0.000ns
    Discrete Jitter          (DJ):    0.000ns
    Phase Error              (PE):    0.000ns

    Location             Delay type                Incr(ns)  Path(ns)    Netlist Resource(s)
  -------------------------------------------------------------------    -------------------
                         (clock clk rise edge)        0.000     0.000 r  
                                                      0.000     0.000 r  clk (IN)
                         net (fo=29474, unset)        0.029     0.029    CORES[1].core_inst/clk
    SLICE_X72Y340        FDCE                                         r  CORES[1].core_inst/r_input_feat_reg[3][4]/C
  -------------------------------------------------------------------    -------------------
    SLICE_X72Y340        FDCE (Prop_HFF_SLICEL_C_Q)
                                                      0.079     0.108 f  CORES[1].core_inst/r_input_feat_reg[3][4]/Q
                         net (fo=9, routed)           0.352     0.460    CORES[1].core_inst/trf/matrix_c0/soma[2]__0_carry_3[4]
    SLICE_X73Y348        LUT3 (Prop_G5LUT_SLICEM_I0_O)
                                                      0.163     0.623 r  CORES[1].core_inst/trf/matrix_c0/soma[1]__0_carry_i_3__2/O
                         net (fo=1, routed)           0.256     0.879    CORES[1].core_inst/trf/matrix_c0/soma[1]__0_carry_i_3__2_n_0
    SLICE_X75Y349        CARRY8 (Prop_CARRY8_SLICEL_DI[5]_CO[7])
                                                      0.083     0.962 r  CORES[1].core_inst/trf/matrix_c0/soma[1]__0_carry/CO[7]
                         net (fo=1, routed)           0.026     0.988    CORES[1].core_inst/trf/matrix_c0/soma[1]__0_carry_n_0
    SLICE_X75Y350        CARRY8 (Prop_CARRY8_SLICEL_CI_O[3])
                                                      0.082     1.070 r  CORES[1].core_inst/trf/matrix_c0/soma[1]__0_carry__0/O[3]
                         net (fo=3, routed)           0.377     1.448    CORES[1].core_inst/trf/matrix_c0/partial[1]_15[11]
    SLICE_X78Y343        LUT3 (Prop_A6LUT_SLICEM_I2_O)
                                                      0.125     1.573 r  CORES[1].core_inst/trf/matrix_c0/soma[1]__0_carry__0_i_3__1/O
                         net (fo=1, routed)           0.431     2.004    CORES[1].core_inst/trf/matrix_c1/r_transform_feature_reg_reg[1][15][4]
    SLICE_X80Y345        CARRY8 (Prop_CARRY8_SLICEL_DI[4]_O[7])
                                                      0.120     2.124 r  CORES[1].core_inst/trf/matrix_c1/soma[1]__0_carry__0/O[7]
                         net (fo=6, routed)           0.298     2.422    CORES[1].core_inst/trf/matrix_c0/r_transform_feature_reg_reg[1][15][7]
    SLICE_X82Y353        LUT6 (Prop_G6LUT_SLICEL_I0_O)
                                                      0.097     2.519 r  CORES[1].core_inst/trf/matrix_c0/r_transform_feature_reg[17][15]_i_11__0/O
                         net (fo=3, routed)           0.090     2.609    CORES[1].core_inst/trf/matrix_c1/r_transform_feature_reg[1][15]_i_2__0
    SLICE_X82Y354        LUT3 (Prop_E5LUT_SLICEL_I2_O)
                                                      0.070     2.679 r  CORES[1].core_inst/trf/matrix_c1/r_transform_feature_reg[1][15]_i_4__0/O
                         net (fo=1, routed)           0.110     2.789    CORES[1].core_inst/trf/matrix_c0/r_transform_feature_reg_reg[1][15]_0
    SLICE_X82Y355        LUT6 (Prop_H6LUT_SLICEL_I1_O)
                                                      0.036     2.825 r  CORES[1].core_inst/trf/matrix_c0/r_transform_feature_reg[1][15]_i_2__0/O
                         net (fo=1, routed)           0.047     2.872    CORES[1].core_inst/trf/matrix_c0/r_transform_feature_reg[1][15]_i_2__0_n_0
    SLICE_X82Y355        LUT3 (Prop_C6LUT_SLICEL_I0_O)
                                                      0.123     2.995 r  CORES[1].core_inst/trf/matrix_c0/r_transform_feature_reg[1][15]_i_1__0/O
                         net (fo=1, routed)           0.050     3.045    CORES[1].core_inst/trf_n_240
    SLICE_X82Y355        FDCE                                         r  CORES[1].core_inst/r_transform_feature_reg_reg[1][15]/D
  -------------------------------------------------------------------    -------------------

                         (clock clk rise edge)        3.155     3.155 r  
                                                      0.000     3.155 r  clk (IN)
                         net (fo=29474, unset)        0.020     3.175    CORES[1].core_inst/clk
    SLICE_X82Y355        FDCE                                         r  CORES[1].core_inst/r_transform_feature_reg_reg[1][15]/C
                         clock pessimism              0.000     3.175    
                         clock uncertainty           -0.035     3.140    
    SLICE_X82Y355        FDCE (Setup_CFF_SLICEL_C_D)
                                                      0.025     3.165    CORES[1].core_inst/r_transform_feature_reg_reg[1][15]
  -------------------------------------------------------------------
                         required time                          3.165    
                         arrival time                          -3.045    
  -------------------------------------------------------------------
                         slack                                  0.120    

Slack (MET) :             0.121ns  (required time - arrival time)
  Source:                 CORES[12].core_inst/r_input_feat_reg[2][1]/C
                            (rising edge-triggered cell FDCE clocked by clk  {rise@0.000ns fall@1.577ns period=3.155ns})
  Destination:            CORES[12].core_inst/r_transform_feature_reg_reg[16][15]/D
                            (rising edge-triggered cell FDCE clocked by clk  {rise@0.000ns fall@1.577ns period=3.155ns})
  Path Group:             clk
  Path Type:              Setup (Max at Slow Process Corner)
  Requirement:            3.155ns  (clk rise@3.155ns - clk rise@0.000ns)
  Data Path Delay:        3.016ns  (logic 0.739ns (24.502%)  route 2.277ns (75.498%))
  Logic Levels:           8  (CARRY8=3 LUT3=3 LUT5=1 LUT6=1)
  Clock Path Skew:        -0.008ns (DCD - SCD + CPR)
    Destination Clock Delay (DCD):    0.021ns = ( 3.176 - 3.155 ) 
    Source Clock Delay      (SCD):    0.029ns
    Clock Pessimism Removal (CPR):    0.000ns
  Clock Uncertainty:      0.035ns  ((TSJ^2 + TIJ^2)^1/2 + DJ) / 2 + PE
    Total System Jitter     (TSJ):    0.071ns
    Total Input Jitter      (TIJ):    0.000ns
    Discrete Jitter          (DJ):    0.000ns
    Phase Error              (PE):    0.000ns

    Location             Delay type                Incr(ns)  Path(ns)    Netlist Resource(s)
  -------------------------------------------------------------------    -------------------
                         (clock clk rise edge)        0.000     0.000 r  
                                                      0.000     0.000 r  clk (IN)
                         net (fo=29474, unset)        0.029     0.029    CORES[12].core_inst/clk
    SLICE_X107Y316       FDCE                                         r  CORES[12].core_inst/r_input_feat_reg[2][1]/C
  -------------------------------------------------------------------    -------------------
    SLICE_X107Y316       FDCE (Prop_HFF2_SLICEL_C_Q)
                                                      0.080     0.109 f  CORES[12].core_inst/r_input_feat_reg[2][1]/Q
                         net (fo=11, routed)          0.168     0.277    CORES[12].core_inst/trf/matrix_c0/soma[2]__0_carry_4[1]
    SLICE_X106Y317       LUT3 (Prop_G6LUT_SLICEL_I0_O)
                                                      0.097     0.374 r  CORES[12].core_inst/trf/matrix_c0/soma[0]__0_carry_i_6__24/O
                         net (fo=1, routed)           0.342     0.716    CORES[12].core_inst/trf/matrix_c0/soma[0]__0_carry_i_6__24_n_0
    SLICE_X104Y317       CARRY8 (Prop_CARRY8_SLICEM_DI[2]_O[3])
                                                      0.094     0.810 r  CORES[12].core_inst/trf/matrix_c0/soma[0]__0_carry/O[3]
                         net (fo=3, routed)           0.448     1.258    CORES[12].core_inst/trf/matrix_c0/partial[0]_16[3]
    SLICE_X100Y308       LUT3 (Prop_F6LUT_SLICEL_I2_O)
                                                      0.097     1.355 r  CORES[12].core_inst/trf/matrix_c0/soma[0]__0_carry_i_4__23/O
                         net (fo=1, routed)           0.281     1.636    CORES[12].core_inst/trf/matrix_c1/r_transform_feature_reg_reg[0][7][3]
    SLICE_X100Y309       CARRY8 (Prop_CARRY8_SLICEL_DI[4]_CO[7])
                                                      0.091     1.727 r  CORES[12].core_inst/trf/matrix_c1/soma[0]__0_carry/CO[7]
                         net (fo=1, routed)           0.026     1.753    CORES[12].core_inst/trf/matrix_c1/soma[0]__0_carry_n_0
    SLICE_X100Y310       CARRY8 (Prop_CARRY8_SLICEL_CI_O[7])
                                                      0.116     1.869 r  CORES[12].core_inst/trf/matrix_c1/soma[0]__0_carry__0/O[7]
                         net (fo=15, routed)          0.551     2.420    CORES[12].core_inst/trf/matrix_c0/r_transform_feature_reg_reg[0][15]_0[7]
    SLICE_X98Y305        LUT6 (Prop_F6LUT_SLICEL_I0_O)
                                                      0.035     2.455 r  CORES[12].core_inst/trf/matrix_c0/r_transform_feature_reg[8][15]_i_3__11/O
                         net (fo=2, routed)           0.257     2.712    CORES[12].core_inst/trf/matrix_c0/r_transform_feature_reg[8][15]_i_3__11_n_0
    SLICE_X95Y304        LUT3 (Prop_A6LUT_SLICEL_I2_O)
                                                      0.090     2.802 r  CORES[12].core_inst/trf/matrix_c0/r_transform_feature_reg[16][15]_i_3__11/O
                         net (fo=1, routed)           0.146     2.948    CORES[12].core_inst/trf/matrix_c0/r_transform_feature_reg[16][15]_i_3__11_n_0
    SLICE_X94Y304        LUT5 (Prop_H6LUT_SLICEM_I2_O)
                                                      0.039     2.987 r  CORES[12].core_inst/trf/matrix_c0/r_transform_feature_reg[16][15]_i_1__11/O
                         net (fo=1, routed)           0.058     3.045    CORES[12].core_inst/trf_n_16
    SLICE_X94Y304        FDCE                                         r  CORES[12].core_inst/r_transform_feature_reg_reg[16][15]/D
  -------------------------------------------------------------------    -------------------

                         (clock clk rise edge)        3.155     3.155 r  
                                                      0.000     3.155 r  clk (IN)
                         net (fo=29474, unset)        0.021     3.176    CORES[12].core_inst/clk
    SLICE_X94Y304        FDCE                                         r  CORES[12].core_inst/r_transform_feature_reg_reg[16][15]/C
                         clock pessimism              0.000     3.176    
                         clock uncertainty           -0.035     3.141    
    SLICE_X94Y304        FDCE (Setup_HFF_SLICEM_C_D)
                                                      0.025     3.166    CORES[12].core_inst/r_transform_feature_reg_reg[16][15]
  -------------------------------------------------------------------
                         required time                          3.166    
                         arrival time                          -3.045    
  -------------------------------------------------------------------
                         slack                                  0.121    

Slack (MET) :             0.121ns  (required time - arrival time)
  Source:                 CORES[9].core_inst/r_input_feat_reg[7][0]/C
                            (rising edge-triggered cell FDCE clocked by clk  {rise@0.000ns fall@1.577ns period=3.155ns})
  Destination:            CORES[9].core_inst/r_transform_feature_reg_reg[7][5]/D
                            (rising edge-triggered cell FDCE clocked by clk  {rise@0.000ns fall@1.577ns period=3.155ns})
  Path Group:             clk
  Path Type:              Setup (Max at Slow Process Corner)
  Requirement:            3.155ns  (clk rise@3.155ns - clk rise@0.000ns)
  Data Path Delay:        3.015ns  (logic 0.874ns (28.987%)  route 2.141ns (71.013%))
  Logic Levels:           7  (CARRY8=2 LUT5=1 LUT6=4)
  Clock Path Skew:        -0.008ns (DCD - SCD + CPR)
    Destination Clock Delay (DCD):    0.020ns = ( 3.175 - 3.155 ) 
    Source Clock Delay      (SCD):    0.028ns
    Clock Pessimism Removal (CPR):    0.000ns
  Clock Uncertainty:      0.035ns  ((TSJ^2 + TIJ^2)^1/2 + DJ) / 2 + PE
    Total System Jitter     (TSJ):    0.071ns
    Total Input Jitter      (TIJ):    0.000ns
    Discrete Jitter          (DJ):    0.000ns
    Phase Error              (PE):    0.000ns

    Location             Delay type                Incr(ns)  Path(ns)    Netlist Resource(s)
  -------------------------------------------------------------------    -------------------
                         (clock clk rise edge)        0.000     0.000 r  
                                                      0.000     0.000 r  clk (IN)
                         net (fo=29474, unset)        0.028     0.028    CORES[9].core_inst/clk
    SLICE_X75Y206        FDCE                                         r  CORES[9].core_inst/r_input_feat_reg[7][0]/C
  -------------------------------------------------------------------    -------------------
    SLICE_X75Y206        FDCE (Prop_DFF_SLICEL_C_Q)
                                                      0.079     0.107 r  CORES[9].core_inst/r_input_feat_reg[7][0]/Q
                         net (fo=18, routed)          0.455     0.562    CORES[9].core_inst/trf/matrix_c0/r_transform_feature_reg[12][15]_i_2__8_0[0]
    SLICE_X71Y204        LUT6 (Prop_B6LUT_SLICEM_I0_O)
                                                      0.100     0.662 r  CORES[9].core_inst/trf/matrix_c0/soma[7]__0_carry_i_14__18/O
                         net (fo=1, routed)           0.016     0.678    CORES[9].core_inst/trf/matrix_c0/soma[7]__0_carry_i_14__18_n_0
    SLICE_X71Y204        CARRY8 (Prop_CARRY8_SLICEM_S[1]_O[4])
                                                      0.204     0.882 r  CORES[9].core_inst/trf/matrix_c0/soma[7]__0_carry/O[4]
                         net (fo=10, routed)          0.439     1.320    CORES[9].core_inst/trf/matrix_c0/w_conv_transform[19]_12[4]
    SLICE_X70Y205        LUT6 (Prop_F6LUT_SLICEM_I1_O)
                                                      0.123     1.443 r  CORES[9].core_inst/trf/matrix_c0/soma[7]__0_carry_i_10__17/O
                         net (fo=1, routed)           0.022     1.465    CORES[9].core_inst/trf/matrix_c1/r_transform_feature_reg_reg[7][7]_0[5]
    SLICE_X70Y205        CARRY8 (Prop_CARRY8_SLICEM_S[5]_O[5])
                                                      0.058     1.523 r  CORES[9].core_inst/trf/matrix_c1/soma[7]__0_carry/O[5]
                         net (fo=6, routed)           0.332     1.856    CORES[9].core_inst/trf/matrix_c1/w_conv_transform[7]__0[5]
    SLICE_X67Y202        LUT6 (Prop_D6LUT_SLICEM_I0_O)
                                                      0.122     1.978 r  CORES[9].core_inst/trf/matrix_c1/r_transform_feature_reg[15][5]_i_5__8/O
                         net (fo=2, routed)           0.445     2.423    CORES[9].core_inst/trf/matrix_c1/r_transform_product_idx_reg[1]_rep__2_5
    SLICE_X65Y201        LUT6 (Prop_B6LUT_SLICEL_I1_O)
                                                      0.098     2.521 r  CORES[9].core_inst/trf/matrix_c1/r_transform_feature_reg[7][5]_i_2__8/O
                         net (fo=1, routed)           0.383     2.904    CORES[9].core_inst/trf/matrix_c1/r_transform_feature_reg[7][5]_i_2__8_n_0
    SLICE_X66Y202        LUT5 (Prop_B6LUT_SLICEL_I0_O)
                                                      0.090     2.994 r  CORES[9].core_inst/trf/matrix_c1/r_transform_feature_reg[7][5]_i_1__8/O
                         net (fo=1, routed)           0.049     3.043    CORES[9].core_inst/trf_n_154
    SLICE_X66Y202        FDCE                                         r  CORES[9].core_inst/r_transform_feature_reg_reg[7][5]/D
  -------------------------------------------------------------------    -------------------

                         (clock clk rise edge)        3.155     3.155 r  
                                                      0.000     3.155 r  clk (IN)
                         net (fo=29474, unset)        0.020     3.175    CORES[9].core_inst/clk
    SLICE_X66Y202        FDCE                                         r  CORES[9].core_inst/r_transform_feature_reg_reg[7][5]/C
                         clock pessimism              0.000     3.175    
                         clock uncertainty           -0.035     3.140    
    SLICE_X66Y202        FDCE (Setup_BFF_SLICEL_C_D)
                                                      0.025     3.165    CORES[9].core_inst/r_transform_feature_reg_reg[7][5]
  -------------------------------------------------------------------
                         required time                          3.165    
                         arrival time                          -3.043    
  -------------------------------------------------------------------
                         slack                                  0.121    

Slack (MET) :             0.122ns  (required time - arrival time)
  Source:                 CORES[3].core_inst/r_input_feat_reg[12][0]/C
                            (rising edge-triggered cell FDCE clocked by clk  {rise@0.000ns fall@1.577ns period=3.155ns})
  Destination:            CORES[3].core_inst/r_transform_feature_reg_reg[6][14]/D
                            (rising edge-triggered cell FDCE clocked by clk  {rise@0.000ns fall@1.577ns period=3.155ns})
  Path Group:             clk
  Path Type:              Setup (Max at Slow Process Corner)
  Requirement:            3.155ns  (clk rise@3.155ns - clk rise@0.000ns)
  Data Path Delay:        3.013ns  (logic 0.941ns (31.236%)  route 2.072ns (68.764%))
  Logic Levels:           8  (CARRY8=3 LUT3=1 LUT5=1 LUT6=3)
  Clock Path Skew:        -0.010ns (DCD - SCD + CPR)
    Destination Clock Delay (DCD):    0.020ns = ( 3.175 - 3.155 ) 
    Source Clock Delay      (SCD):    0.030ns
    Clock Pessimism Removal (CPR):    0.000ns
  Clock Uncertainty:      0.035ns  ((TSJ^2 + TIJ^2)^1/2 + DJ) / 2 + PE
    Total System Jitter     (TSJ):    0.071ns
    Total Input Jitter      (TIJ):    0.000ns
    Discrete Jitter          (DJ):    0.000ns
    Phase Error              (PE):    0.000ns

    Location             Delay type                Incr(ns)  Path(ns)    Netlist Resource(s)
  -------------------------------------------------------------------    -------------------
                         (clock clk rise edge)        0.000     0.000 r  
                                                      0.000     0.000 r  clk (IN)
                         net (fo=29474, unset)        0.030     0.030    CORES[3].core_inst/clk
    SLICE_X9Y256         FDCE                                         r  CORES[3].core_inst/r_input_feat_reg[12][0]/C
  -------------------------------------------------------------------    -------------------
    SLICE_X9Y256         FDCE (Prop_FFF_SLICEM_C_Q)
                                                      0.076     0.106 r  CORES[3].core_inst/r_input_feat_reg[12][0]/Q
                         net (fo=22, routed)          0.342     0.448    CORES[3].core_inst/trf/matrix_c0/r_transform_feature_reg_reg[8][15]_i_2__2_0[0]
    SLICE_X12Y258        LUT6 (Prop_B6LUT_SLICEL_I2_O)
                                                      0.124     0.572 r  CORES[3].core_inst/trf/matrix_c0/soma[12]__0_carry_i_14__6/O
                         net (fo=1, routed)           0.009     0.581    CORES[3].core_inst/trf/matrix_c0/soma[12]__0_carry_i_14__6_n_0
    SLICE_X12Y258        CARRY8 (Prop_CARRY8_SLICEL_S[1]_CO[7])
                                                      0.186     0.767 r  CORES[3].core_inst/trf/matrix_c0/soma[12]__0_carry/CO[7]
                         net (fo=1, routed)           0.026     0.793    CORES[3].core_inst/trf/matrix_c0/soma[12]__0_carry_n_0
    SLICE_X12Y259        CARRY8 (Prop_CARRY8_SLICEL_CI_O[0])
                                                      0.056     0.849 f  CORES[3].core_inst/trf/matrix_c0/soma[12]__0_carry__0/O[0]
                         net (fo=15, routed)          0.367     1.216    CORES[3].core_inst/trf/matrix_c0/w_conv_transform[24]_10[8]
    SLICE_X6Y256         LUT3 (Prop_G6LUT_SLICEM_I1_O)
                                                      0.037     1.253 r  CORES[3].core_inst/trf/matrix_c0/soma[12]__0_carry__0_i_6__5/O
                         net (fo=1, routed)           0.430     1.683    CORES[3].core_inst/trf/matrix_c1/r_transform_feature_reg_reg[12][15][1]
    SLICE_X7Y256         CARRY8 (Prop_CARRY8_SLICEM_DI[1]_O[6])
                                                      0.183     1.866 r  CORES[3].core_inst/trf/matrix_c1/soma[12]__0_carry__0/O[6]
                         net (fo=6, routed)           0.584     2.450    CORES[3].core_inst/trf/matrix_c0/r_transform_feature_reg_reg[12][15]_0[6]
    SLICE_X2Y273         LUT6 (Prop_H6LUT_SLICEL_I5_O)
                                                      0.090     2.540 r  CORES[3].core_inst/trf/matrix_c0/r_transform_feature_reg[14][14]_i_5__2/O
                         net (fo=2, routed)           0.218     2.758    CORES[3].core_inst/trf/matrix_c0/r_transform_feature_reg[14][14]_i_5__2_n_0
    SLICE_X0Y272         LUT6 (Prop_B6LUT_SLICEL_I1_O)
                                                      0.090     2.848 r  CORES[3].core_inst/trf/matrix_c0/r_transform_feature_reg[6][14]_i_2__2/O
                         net (fo=1, routed)           0.045     2.893    CORES[3].core_inst/trf/matrix_c0/r_transform_feature_reg[6][14]_i_2__2_n_0
    SLICE_X0Y272         LUT5 (Prop_H6LUT_SLICEL_I0_O)
                                                      0.099     2.992 r  CORES[3].core_inst/trf/matrix_c0/r_transform_feature_reg[6][14]_i_1__2/O
                         net (fo=1, routed)           0.051     3.043    CORES[3].core_inst/trf_n_161
    SLICE_X0Y272         FDCE                                         r  CORES[3].core_inst/r_transform_feature_reg_reg[6][14]/D
  -------------------------------------------------------------------    -------------------

                         (clock clk rise edge)        3.155     3.155 r  
                                                      0.000     3.155 r  clk (IN)
                         net (fo=29474, unset)        0.020     3.175    CORES[3].core_inst/clk
    SLICE_X0Y272         FDCE                                         r  CORES[3].core_inst/r_transform_feature_reg_reg[6][14]/C
                         clock pessimism              0.000     3.175    
                         clock uncertainty           -0.035     3.140    
    SLICE_X0Y272         FDCE (Setup_HFF_SLICEL_C_D)
                                                      0.025     3.165    CORES[3].core_inst/r_transform_feature_reg_reg[6][14]
  -------------------------------------------------------------------
                         required time                          3.165    
                         arrival time                          -3.043    
  -------------------------------------------------------------------
                         slack                                  0.122    

Slack (MET) :             0.122ns  (required time - arrival time)
  Source:                 CORES[8].core_inst/r_input_feat_reg[12][3]/C
                            (rising edge-triggered cell FDCE clocked by clk  {rise@0.000ns fall@1.577ns period=3.155ns})
  Destination:            CORES[8].core_inst/r_transform_feature_reg_reg[14][8]/D
                            (rising edge-triggered cell FDCE clocked by clk  {rise@0.000ns fall@1.577ns period=3.155ns})
  Path Group:             clk
  Path Type:              Setup (Max at Slow Process Corner)
  Requirement:            3.155ns  (clk rise@3.155ns - clk rise@0.000ns)
  Data Path Delay:        3.013ns  (logic 0.863ns (28.638%)  route 2.150ns (71.362%))
  Logic Levels:           8  (CARRY8=3 LUT3=2 LUT5=2 LUT6=1)
  Clock Path Skew:        -0.009ns (DCD - SCD + CPR)
    Destination Clock Delay (DCD):    0.020ns = ( 3.175 - 3.155 ) 
    Source Clock Delay      (SCD):    0.029ns
    Clock Pessimism Removal (CPR):    0.000ns
  Clock Uncertainty:      0.035ns  ((TSJ^2 + TIJ^2)^1/2 + DJ) / 2 + PE
    Total System Jitter     (TSJ):    0.071ns
    Total Input Jitter      (TIJ):    0.000ns
    Discrete Jitter          (DJ):    0.000ns
    Phase Error              (PE):    0.000ns

    Location             Delay type                Incr(ns)  Path(ns)    Netlist Resource(s)
  -------------------------------------------------------------------    -------------------
                         (clock clk rise edge)        0.000     0.000 r  
                                                      0.000     0.000 r  clk (IN)
                         net (fo=29474, unset)        0.029     0.029    CORES[8].core_inst/clk
    SLICE_X66Y10         FDCE                                         r  CORES[8].core_inst/r_input_feat_reg[12][3]/C
  -------------------------------------------------------------------    -------------------
    SLICE_X66Y10         FDCE (Prop_HFF_SLICEL_C_Q)
                                                      0.079     0.108 f  CORES[8].core_inst/r_input_feat_reg[12][3]/Q
                         net (fo=22, routed)          0.655     0.763    CORES[8].core_inst/trf/matrix_c0/r_transform_feature_reg_reg[8][15]_i_2__7_0[3]
    SLICE_X62Y12         LUT3 (Prop_B6LUT_SLICEL_I0_O)
                                                      0.124     0.887 r  CORES[8].core_inst/trf/matrix_c0/soma[12]__0_carry_i_4__16/O
                         net (fo=1, routed)           0.139     1.026    CORES[8].core_inst/trf/matrix_c0/soma[12]__0_carry_i_4__16_n_0
    SLICE_X63Y12         CARRY8 (Prop_CARRY8_SLICEM_DI[4]_O[6])
                                                      0.115     1.141 r  CORES[8].core_inst/trf/matrix_c0/soma[12]__0_carry/O[6]
                         net (fo=15, routed)          0.569     1.709    CORES[8].core_inst/trf/matrix_c0/w_conv_transform[24]_10[6]
    SLICE_X57Y19         LUT3 (Prop_H6LUT_SLICEM_I2_O)
                                                      0.090     1.799 r  CORES[8].core_inst/trf/matrix_c0/soma[6]__0_carry_i_1__15/O
                         net (fo=1, routed)           0.174     1.973    CORES[8].core_inst/trf/matrix_c1/r_transform_feature_reg_reg[6][7][6]
    SLICE_X56Y20         CARRY8 (Prop_CARRY8_SLICEM_DI[7]_CO[7])
                                                      0.053     2.026 r  CORES[8].core_inst/trf/matrix_c1/soma[6]__0_carry/CO[7]
                         net (fo=1, routed)           0.026     2.052    CORES[8].core_inst/trf/matrix_c1/soma[6]__0_carry_n_0
    SLICE_X56Y21         CARRY8 (Prop_CARRY8_SLICEM_CI_O[0])
                                                      0.056     2.108 r  CORES[8].core_inst/trf/matrix_c1/soma[6]__0_carry__0/O[0]
                         net (fo=7, routed)           0.442     2.550    CORES[8].core_inst/trf/matrix_c0/r_transform_feature_reg_reg[6][15]_0[0]
    SLICE_X59Y31         LUT6 (Prop_G6LUT_SLICEL_I0_O)
                                                      0.123     2.673 r  CORES[8].core_inst/trf/matrix_c0/r_transform_feature_reg[14][8]_i_5__7/O
                         net (fo=2, routed)           0.050     2.723    CORES[8].core_inst/trf/matrix_c0/r_transform_feature_reg[14][8]_i_5__7_n_0
    SLICE_X59Y31         LUT5 (Prop_B6LUT_SLICEL_I0_O)
                                                      0.124     2.847 r  CORES[8].core_inst/trf/matrix_c0/r_transform_feature_reg[14][8]_i_3__7/O
                         net (fo=1, routed)           0.045     2.892    CORES[8].core_inst/trf/matrix_c0/r_transform_feature_reg[14][8]_i_3__7_n_0
    SLICE_X59Y31         LUT5 (Prop_H6LUT_SLICEL_I2_O)
                                                      0.099     2.991 r  CORES[8].core_inst/trf/matrix_c0/r_transform_feature_reg[14][8]_i_1__7/O
                         net (fo=1, routed)           0.051     3.042    CORES[8].core_inst/trf_n_55
    SLICE_X59Y31         FDCE                                         r  CORES[8].core_inst/r_transform_feature_reg_reg[14][8]/D
  -------------------------------------------------------------------    -------------------

                         (clock clk rise edge)        3.155     3.155 r  
                                                      0.000     3.155 r  clk (IN)
                         net (fo=29474, unset)        0.020     3.175    CORES[8].core_inst/clk
    SLICE_X59Y31         FDCE                                         r  CORES[8].core_inst/r_transform_feature_reg_reg[14][8]/C
                         clock pessimism              0.000     3.175    
                         clock uncertainty           -0.035     3.140    
    SLICE_X59Y31         FDCE (Setup_HFF_SLICEL_C_D)
                                                      0.025     3.165    CORES[8].core_inst/r_transform_feature_reg_reg[14][8]
  -------------------------------------------------------------------
                         required time                          3.165    
                         arrival time                          -3.042    
  -------------------------------------------------------------------
                         slack                                  0.122    

Slack (MET) :             0.123ns  (required time - arrival time)
  Source:                 CORES[2].core_inst/r_input_feat_reg[23][4]/C
                            (rising edge-triggered cell FDCE clocked by clk  {rise@0.000ns fall@1.577ns period=3.155ns})
  Destination:            CORES[2].core_inst/r_transform_feature_reg_reg[9][13]/D
                            (rising edge-triggered cell FDCE clocked by clk  {rise@0.000ns fall@1.577ns period=3.155ns})
  Path Group:             clk
  Path Type:              Setup (Max at Slow Process Corner)
  Requirement:            3.155ns  (clk rise@3.155ns - clk rise@0.000ns)
  Data Path Delay:        3.013ns  (logic 0.894ns (29.675%)  route 2.119ns (70.325%))
  Logic Levels:           9  (CARRY8=3 LUT3=4 LUT6=2)
  Clock Path Skew:        -0.009ns (DCD - SCD + CPR)
    Destination Clock Delay (DCD):    0.020ns = ( 3.175 - 3.155 ) 
    Source Clock Delay      (SCD):    0.029ns
    Clock Pessimism Removal (CPR):    0.000ns
  Clock Uncertainty:      0.035ns  ((TSJ^2 + TIJ^2)^1/2 + DJ) / 2 + PE
    Total System Jitter     (TSJ):    0.071ns
    Total Input Jitter      (TIJ):    0.000ns
    Discrete Jitter          (DJ):    0.000ns
    Phase Error              (PE):    0.000ns

    Location             Delay type                Incr(ns)  Path(ns)    Netlist Resource(s)
  -------------------------------------------------------------------    -------------------
                         (clock clk rise edge)        0.000     0.000 r  
                                                      0.000     0.000 r  clk (IN)
                         net (fo=29474, unset)        0.029     0.029    CORES[2].core_inst/clk
    SLICE_X108Y158       FDCE                                         r  CORES[2].core_inst/r_input_feat_reg[23][4]/C
  -------------------------------------------------------------------    -------------------
    SLICE_X108Y158       FDCE (Prop_EFF_SLICEL_C_Q)
                                                      0.079     0.108 f  CORES[2].core_inst/r_input_feat_reg[23][4]/Q
                         net (fo=9, routed)           0.199     0.307    CORES[2].core_inst/trf/matrix_c0/soma[26]__0_carry_1[4]
    SLICE_X107Y156       LUT3 (Prop_E6LUT_SLICEL_I0_O)
                                                      0.090     0.397 r  CORES[2].core_inst/trf/matrix_c0/soma[25]__0_carry_i_3__1/O
                         net (fo=1, routed)           0.404     0.801    CORES[2].core_inst/trf/matrix_c0/soma[25]__0_carry_i_3__1_n_0
    SLICE_X104Y157       CARRY8 (Prop_CARRY8_SLICEM_DI[5]_CO[7])
                                                      0.088     0.889 r  CORES[2].core_inst/trf/matrix_c0/soma[25]__0_carry/CO[7]
                         net (fo=1, routed)           0.026     0.915    CORES[2].core_inst/trf/matrix_c0/soma[25]__0_carry_n_0
    SLICE_X104Y158       CARRY8 (Prop_CARRY8_SLICEM_CI_O[0])
                                                      0.056     0.971 r  CORES[2].core_inst/trf/matrix_c0/soma[25]__0_carry__0/O[0]
                         net (fo=3, routed)           0.630     1.602    CORES[2].core_inst/trf/matrix_c0/partial[25]_3[8]
    SLICE_X99Y163        LUT3 (Prop_G6LUT_SLICEL_I2_O)
                                                      0.097     1.699 r  CORES[2].core_inst/trf/matrix_c0/soma[13]__0_carry__0_i_6__3/O
                         net (fo=1, routed)           0.208     1.907    CORES[2].core_inst/trf/matrix_c1/r_transform_feature_reg_reg[13][15][1]
    SLICE_X98Y163        CARRY8 (Prop_CARRY8_SLICEL_DI[1]_O[5])
                                                      0.193     2.100 r  CORES[2].core_inst/trf/matrix_c1/soma[13]__0_carry__0/O[5]
                         net (fo=5, routed)           0.291     2.391    CORES[2].core_inst/trf/matrix_c1/soma[13]__0_carry__0_i_15__3[5]
    SLICE_X96Y163        LUT6 (Prop_G6LUT_SLICEM_I3_O)
                                                      0.100     2.491 r  CORES[2].core_inst/trf/matrix_c1/r_transform_feature_reg[17][13]_i_5__1/O
                         net (fo=3, routed)           0.141     2.632    CORES[2].core_inst/trf/matrix_c1/r_transform_product_idx_reg[1]_rep__1_2
    SLICE_X97Y164        LUT3 (Prop_E6LUT_SLICEL_I2_O)
                                                      0.051     2.683 r  CORES[2].core_inst/trf/matrix_c1/r_transform_feature_reg[9][13]_i_3__1/O
                         net (fo=1, routed)           0.087     2.770    CORES[2].core_inst/trf/matrix_c0/r_transform_feature_reg_reg[9][13]
    SLICE_X97Y164        LUT6 (Prop_H6LUT_SLICEL_I0_O)
                                                      0.090     2.860 r  CORES[2].core_inst/trf/matrix_c0/r_transform_feature_reg[9][13]_i_2__1/O
                         net (fo=1, routed)           0.083     2.943    CORES[2].core_inst/trf/matrix_c0/r_transform_feature_reg[9][13]_i_2__1_n_0
    SLICE_X97Y164        LUT3 (Prop_D6LUT_SLICEL_I0_O)
                                                      0.050     2.993 r  CORES[2].core_inst/trf/matrix_c0/r_transform_feature_reg[9][13]_i_1__1/O
                         net (fo=1, routed)           0.049     3.042    CORES[2].core_inst/trf_n_258
    SLICE_X97Y164        FDCE                                         r  CORES[2].core_inst/r_transform_feature_reg_reg[9][13]/D
  -------------------------------------------------------------------    -------------------

                         (clock clk rise edge)        3.155     3.155 r  
                                                      0.000     3.155 r  clk (IN)
                         net (fo=29474, unset)        0.020     3.175    CORES[2].core_inst/clk
    SLICE_X97Y164        FDCE                                         r  CORES[2].core_inst/r_transform_feature_reg_reg[9][13]/C
                         clock pessimism              0.000     3.175    
                         clock uncertainty           -0.035     3.140    
    SLICE_X97Y164        FDCE (Setup_DFF_SLICEL_C_D)
                                                      0.025     3.165    CORES[2].core_inst/r_transform_feature_reg_reg[9][13]
  -------------------------------------------------------------------
                         required time                          3.165    
                         arrival time                          -3.042    
  -------------------------------------------------------------------
                         slack                                  0.123    

Slack (MET) :             0.123ns  (required time - arrival time)
  Source:                 CORES[7].core_inst/MAC_LANES[5].multip/partial_product/DSP_OUTPUT_INST/CLK
                            (rising edge-triggered cell DSP_OUTPUT clocked by clk  {rise@0.000ns fall@1.577ns period=3.155ns})
  Destination:            CORES[7].core_inst/r_output_write_reg[2][8]/D
                            (rising edge-triggered cell FDCE clocked by clk  {rise@0.000ns fall@1.577ns period=3.155ns})
  Path Group:             clk
  Path Type:              Setup (Max at Slow Process Corner)
  Requirement:            3.155ns  (clk rise@3.155ns - clk rise@0.000ns)
  Data Path Delay:        2.982ns  (logic 0.898ns (30.109%)  route 2.084ns (69.891%))
  Logic Levels:           9  (CARRY8=3 LUT2=1 LUT4=1 LUT5=1 LUT6=3)
  Clock Path Skew:        -0.039ns (DCD - SCD + CPR)
    Destination Clock Delay (DCD):    0.021ns = ( 3.176 - 3.155 ) 
    Source Clock Delay      (SCD):    0.060ns
    Clock Pessimism Removal (CPR):    0.000ns
  Clock Uncertainty:      0.035ns  ((TSJ^2 + TIJ^2)^1/2 + DJ) / 2 + PE
    Total System Jitter     (TSJ):    0.071ns
    Total Input Jitter      (TIJ):    0.000ns
    Discrete Jitter          (DJ):    0.000ns
    Phase Error              (PE):    0.000ns

    Location             Delay type                Incr(ns)  Path(ns)    Netlist Resource(s)
  -------------------------------------------------------------------    -------------------
                         (clock clk rise edge)        0.000     0.000 r  
                                                      0.000     0.000 r  clk (IN)
                         net (fo=29474, unset)        0.060     0.060    CORES[7].core_inst/MAC_LANES[5].multip/partial_product/CLK
    DSP48E2_X7Y74        DSP_OUTPUT                                   r  CORES[7].core_inst/MAC_LANES[5].multip/partial_product/DSP_OUTPUT_INST/CLK
  -------------------------------------------------------------------    -------------------
    DSP48E2_X7Y74        DSP_OUTPUT (Prop_DSP_OUTPUT_DSP48E2_CLK_P[8])
                                                      0.198     0.258 r  CORES[7].core_inst/MAC_LANES[5].multip/partial_product/DSP_OUTPUT_INST/P[8]
                         net (fo=4, routed)           0.774     1.032    CORES[7].core_inst/MAC_LANES[4].multip/r_output_write_reg[2][15]_i_56__6_1[0]
    SLICE_X63Y184        LUT4 (Prop_D6LUT_SLICEM_I2_O)
                                                      0.037     1.069 r  CORES[7].core_inst/MAC_LANES[4].multip/r_output_write[2][7]_i_54__6/O
                         net (fo=2, routed)           0.138     1.207    CORES[7].core_inst/MAC_LANES[4].multip/r_output_write[2][7]_i_54__6_n_0
    SLICE_X63Y188        LUT5 (Prop_B6LUT_SLICEM_I2_O)
                                                      0.089     1.296 r  CORES[7].core_inst/MAC_LANES[4].multip/r_output_write[2][7]_i_61__6/O
                         net (fo=1, routed)           0.016     1.312    CORES[7].core_inst/MAC_LANES[4].multip/r_output_write[2][7]_i_61__6_n_0
    SLICE_X63Y188        CARRY8 (Prop_CARRY8_SLICEM_S[1]_O[2])
                                                      0.117     1.429 r  CORES[7].core_inst/MAC_LANES[4].multip/r_output_write_reg[2][7]_i_31__6/O[2]
                         net (fo=6, routed)           0.454     1.883    CORES[7].core_inst/MAC_LANES[10].multip/w_inverse_partial_current[2]_65[2]
    SLICE_X56Y188        LUT6 (Prop_H6LUT_SLICEM_I2_O)
                                                      0.053     1.936 r  CORES[7].core_inst/MAC_LANES[10].multip/r_output_write[2][7]_i_27__6/O
                         net (fo=2, routed)           0.241     2.177    CORES[7].core_inst/MAC_LANES[4].multip/r_output_write_reg[2][7]_i_2__6_1
    SLICE_X58Y190        LUT6 (Prop_D6LUT_SLICEL_I5_O)
                                                      0.036     2.213 r  CORES[7].core_inst/MAC_LANES[4].multip/r_output_write[2][7]_i_8__6/O
                         net (fo=2, routed)           0.187     2.400    CORES[7].core_inst/MAC_LANES[4].multip/r_hadamard_product_row_idx_reg_reg[0]_0[0]
    SLICE_X57Y191        LUT6 (Prop_C6LUT_SLICEM_I0_O)
                                                      0.098     2.498 r  CORES[7].core_inst/MAC_LANES[4].multip/r_output_write[2][7]_i_16__6/O
                         net (fo=1, routed)           0.021     2.519    CORES[7].core_inst/MAC_LANES[16].multip/r_output_write_reg[2][7]_0[2]
    SLICE_X57Y191        CARRY8 (Prop_CARRY8_SLICEM_S[2]_CO[7])
                                                      0.161     2.680 r  CORES[7].core_inst/MAC_LANES[16].multip/r_output_write_reg[2][7]_i_2__6/CO[7]
                         net (fo=1, routed)           0.026     2.706    CORES[7].core_inst/MAC_LANES[16].multip/r_output_write_reg[2][7]_i_2__6_n_0
    SLICE_X57Y192        CARRY8 (Prop_CARRY8_SLICEM_CI_O[0])
                                                      0.056     2.762 r  CORES[7].core_inst/MAC_LANES[16].multip/r_output_write_reg[2][15]_i_2__6/O[0]
                         net (fo=1, routed)           0.174     2.936    CORES[7].core_inst/MAC_LANES[16].multip/w_output_acc_next[2]_80[8]
    SLICE_X57Y193        LUT2 (Prop_A6LUT_SLICEM_I1_O)
                                                      0.053     2.989 r  CORES[7].core_inst/MAC_LANES[16].multip/r_output_write[2][8]_i_1__6/O
                         net (fo=1, routed)           0.053     3.042    CORES[7].core_inst/MAC_LANES[16].multip_n_30
    SLICE_X57Y193        FDCE                                         r  CORES[7].core_inst/r_output_write_reg[2][8]/D
  -------------------------------------------------------------------    -------------------

                         (clock clk rise edge)        3.155     3.155 r  
                                                      0.000     3.155 r  clk (IN)
                         net (fo=29474, unset)        0.021     3.176    CORES[7].core_inst/clk
    SLICE_X57Y193        FDCE                                         r  CORES[7].core_inst/r_output_write_reg[2][8]/C
                         clock pessimism              0.000     3.176    
                         clock uncertainty           -0.035     3.141    
    SLICE_X57Y193        FDCE (Setup_AFF_SLICEM_C_D)
                                                      0.025     3.166    CORES[7].core_inst/r_output_write_reg[2][8]
  -------------------------------------------------------------------
                         required time                          3.166    
                         arrival time                          -3.042    
  -------------------------------------------------------------------
                         slack                                  0.123    

Slack (MET) :             0.123ns  (required time - arrival time)
  Source:                 CORES[8].core_inst/r_input_feat_reg[12][3]/C
                            (rising edge-triggered cell FDCE clocked by clk  {rise@0.000ns fall@1.577ns period=3.155ns})
  Destination:            CORES[8].core_inst/r_transform_feature_reg_reg[6][8]/D
                            (rising edge-triggered cell FDCE clocked by clk  {rise@0.000ns fall@1.577ns period=3.155ns})
  Path Group:             clk
  Path Type:              Setup (Max at Slow Process Corner)
  Requirement:            3.155ns  (clk rise@3.155ns - clk rise@0.000ns)
  Data Path Delay:        3.012ns  (logic 0.826ns (27.419%)  route 2.186ns (72.581%))
  Logic Levels:           8  (CARRY8=3 LUT3=2 LUT5=1 LUT6=2)
  Clock Path Skew:        -0.009ns (DCD - SCD + CPR)
    Destination Clock Delay (DCD):    0.020ns = ( 3.175 - 3.155 ) 
    Source Clock Delay      (SCD):    0.029ns
    Clock Pessimism Removal (CPR):    0.000ns
  Clock Uncertainty:      0.035ns  ((TSJ^2 + TIJ^2)^1/2 + DJ) / 2 + PE
    Total System Jitter     (TSJ):    0.071ns
    Total Input Jitter      (TIJ):    0.000ns
    Discrete Jitter          (DJ):    0.000ns
    Phase Error              (PE):    0.000ns

    Location             Delay type                Incr(ns)  Path(ns)    Netlist Resource(s)
  -------------------------------------------------------------------    -------------------
                         (clock clk rise edge)        0.000     0.000 r  
                                                      0.000     0.000 r  clk (IN)
                         net (fo=29474, unset)        0.029     0.029    CORES[8].core_inst/clk
    SLICE_X66Y10         FDCE                                         r  CORES[8].core_inst/r_input_feat_reg[12][3]/C
  -------------------------------------------------------------------    -------------------
    SLICE_X66Y10         FDCE (Prop_HFF_SLICEL_C_Q)
                                                      0.079     0.108 f  CORES[8].core_inst/r_input_feat_reg[12][3]/Q
                         net (fo=22, routed)          0.655     0.763    CORES[8].core_inst/trf/matrix_c0/r_transform_feature_reg_reg[8][15]_i_2__7_0[3]
    SLICE_X62Y12         LUT3 (Prop_B6LUT_SLICEL_I0_O)
                                                      0.124     0.887 r  CORES[8].core_inst/trf/matrix_c0/soma[12]__0_carry_i_4__16/O
                         net (fo=1, routed)           0.139     1.026    CORES[8].core_inst/trf/matrix_c0/soma[12]__0_carry_i_4__16_n_0
    SLICE_X63Y12         CARRY8 (Prop_CARRY8_SLICEM_DI[4]_O[6])
                                                      0.115     1.141 r  CORES[8].core_inst/trf/matrix_c0/soma[12]__0_carry/O[6]
                         net (fo=15, routed)          0.569     1.709    CORES[8].core_inst/trf/matrix_c0/w_conv_transform[24]_10[6]
    SLICE_X57Y19         LUT3 (Prop_H6LUT_SLICEM_I2_O)
                                                      0.090     1.799 r  CORES[8].core_inst/trf/matrix_c0/soma[6]__0_carry_i_1__15/O
                         net (fo=1, routed)           0.174     1.973    CORES[8].core_inst/trf/matrix_c1/r_transform_feature_reg_reg[6][7][6]
    SLICE_X56Y20         CARRY8 (Prop_CARRY8_SLICEM_DI[7]_CO[7])
                                                      0.053     2.026 r  CORES[8].core_inst/trf/matrix_c1/soma[6]__0_carry/CO[7]
                         net (fo=1, routed)           0.026     2.052    CORES[8].core_inst/trf/matrix_c1/soma[6]__0_carry_n_0
    SLICE_X56Y21         CARRY8 (Prop_CARRY8_SLICEM_CI_O[0])
                                                      0.056     2.108 r  CORES[8].core_inst/trf/matrix_c1/soma[6]__0_carry__0/O[0]
                         net (fo=7, routed)           0.442     2.550    CORES[8].core_inst/trf/matrix_c0/r_transform_feature_reg_reg[6][15]_0[0]
    SLICE_X59Y31         LUT6 (Prop_G6LUT_SLICEL_I0_O)
                                                      0.123     2.673 r  CORES[8].core_inst/trf/matrix_c0/r_transform_feature_reg[14][8]_i_5__7/O
                         net (fo=2, routed)           0.046     2.719    CORES[8].core_inst/trf/matrix_c0/r_transform_feature_reg[14][8]_i_5__7_n_0
    SLICE_X59Y31         LUT6 (Prop_F6LUT_SLICEL_I1_O)
                                                      0.097     2.816 r  CORES[8].core_inst/trf/matrix_c0/r_transform_feature_reg[6][8]_i_2__7/O
                         net (fo=1, routed)           0.087     2.903    CORES[8].core_inst/trf/matrix_c0/r_transform_feature_reg[6][8]_i_2__7_n_0
    SLICE_X59Y31         LUT5 (Prop_D6LUT_SLICEL_I0_O)
                                                      0.089     2.992 r  CORES[8].core_inst/trf/matrix_c0/r_transform_feature_reg[6][8]_i_1__7/O
                         net (fo=1, routed)           0.049     3.041    CORES[8].core_inst/trf_n_167
    SLICE_X59Y31         FDCE                                         r  CORES[8].core_inst/r_transform_feature_reg_reg[6][8]/D
  -------------------------------------------------------------------    -------------------

                         (clock clk rise edge)        3.155     3.155 r  
                                                      0.000     3.155 r  clk (IN)
                         net (fo=29474, unset)        0.020     3.175    CORES[8].core_inst/clk
    SLICE_X59Y31         FDCE                                         r  CORES[8].core_inst/r_transform_feature_reg_reg[6][8]/C
                         clock pessimism              0.000     3.175    
                         clock uncertainty           -0.035     3.140    
    SLICE_X59Y31         FDCE (Setup_DFF_SLICEL_C_D)
                                                      0.025     3.165    CORES[8].core_inst/r_transform_feature_reg_reg[6][8]
  -------------------------------------------------------------------
                         required time                          3.165    
                         arrival time                          -3.041    
  -------------------------------------------------------------------
                         slack                                  0.123    

Slack (MET) :             0.124ns  (required time - arrival time)
  Source:                 CORES[13].core_inst/r_input_feat_reg[21][2]/C
                            (rising edge-triggered cell FDCE clocked by clk  {rise@0.000ns fall@1.577ns period=3.155ns})
  Destination:            CORES[13].core_inst/r_transform_feature_reg_reg[1][12]/D
                            (rising edge-triggered cell FDCE clocked by clk  {rise@0.000ns fall@1.577ns period=3.155ns})
  Path Group:             clk
  Path Type:              Setup (Max at Slow Process Corner)
  Requirement:            3.155ns  (clk rise@3.155ns - clk rise@0.000ns)
  Data Path Delay:        3.011ns  (logic 0.987ns (32.780%)  route 2.024ns (67.220%))
  Logic Levels:           9  (CARRY8=3 LUT3=4 LUT6=2)
  Clock Path Skew:        -0.010ns (DCD - SCD + CPR)
    Destination Clock Delay (DCD):    0.020ns = ( 3.175 - 3.155 ) 
    Source Clock Delay      (SCD):    0.030ns
    Clock Pessimism Removal (CPR):    0.000ns
  Clock Uncertainty:      0.035ns  ((TSJ^2 + TIJ^2)^1/2 + DJ) / 2 + PE
    Total System Jitter     (TSJ):    0.071ns
    Total Input Jitter      (TIJ):    0.000ns
    Discrete Jitter          (DJ):    0.000ns
    Phase Error              (PE):    0.000ns

    Location             Delay type                Incr(ns)  Path(ns)    Netlist Resource(s)
  -------------------------------------------------------------------    -------------------
                         (clock clk rise edge)        0.000     0.000 r  
                                                      0.000     0.000 r  clk (IN)
                         net (fo=29474, unset)        0.030     0.030    CORES[13].core_inst/clk
    SLICE_X49Y250        FDCE                                         r  CORES[13].core_inst/r_input_feat_reg[21][2]/C
  -------------------------------------------------------------------    -------------------
    SLICE_X49Y250        FDCE (Prop_HFF2_SLICEM_C_Q)
                                                      0.078     0.108 f  CORES[13].core_inst/r_input_feat_reg[21][2]/Q
                         net (fo=8, routed)           0.157     0.265    CORES[13].core_inst/trf/matrix_c0/soma[25]__0_carry_2[2]
    SLICE_X49Y250        LUT3 (Prop_G6LUT_SLICEM_I1_O)
                                                      0.123     0.388 r  CORES[13].core_inst/trf/matrix_c0/soma[25]__0_carry_i_5__12/O
                         net (fo=1, routed)           0.410     0.798    CORES[13].core_inst/trf/matrix_c0/soma[25]__0_carry_i_5__12_n_0
    SLICE_X51Y250        CARRY8 (Prop_CARRY8_SLICEL_DI[3]_O[4])
                                                      0.141     0.939 r  CORES[13].core_inst/trf/matrix_c0/soma[25]__0_carry/O[4]
                         net (fo=3, routed)           0.371     1.310    CORES[13].core_inst/trf/matrix_c0/partial[25]_3[4]
    SLICE_X54Y249        LUT3 (Prop_G5LUT_SLICEM_I2_O)
                                                      0.137     1.447 r  CORES[13].core_inst/trf/matrix_c0/soma[13]__0_carry_i_3__25/O
                         net (fo=1, routed)           0.237     1.684    CORES[13].core_inst/trf/matrix_c1/r_transform_feature_reg_reg[13][7][4]
    SLICE_X53Y251        CARRY8 (Prop_CARRY8_SLICEM_DI[5]_CO[7])
                                                      0.088     1.772 r  CORES[13].core_inst/trf/matrix_c1/soma[13]__0_carry/CO[7]
                         net (fo=1, routed)           0.026     1.798    CORES[13].core_inst/trf/matrix_c1/soma[13]__0_carry_n_0
    SLICE_X53Y252        CARRY8 (Prop_CARRY8_SLICEM_CI_O[4])
                                                      0.086     1.884 r  CORES[13].core_inst/trf/matrix_c1/soma[13]__0_carry__0/O[4]
                         net (fo=5, routed)           0.299     2.183    CORES[13].core_inst/trf/matrix_c1/soma[13]__0_carry__0_i_15__25[4]
    SLICE_X56Y257        LUT6 (Prop_G6LUT_SLICEM_I3_O)
                                                      0.090     2.273 r  CORES[13].core_inst/trf/matrix_c1/r_transform_feature_reg[17][12]_i_5__12/O
                         net (fo=3, routed)           0.278     2.551    CORES[13].core_inst/trf/matrix_c1/r_transform_product_idx_reg[1]_rep__1_3
    SLICE_X58Y259        LUT3 (Prop_B5LUT_SLICEL_I0_O)
                                                      0.104     2.655 r  CORES[13].core_inst/trf/matrix_c1/r_transform_feature_reg[1][12]_i_4__12/O
                         net (fo=1, routed)           0.112     2.767    CORES[13].core_inst/trf/matrix_c0/r_transform_feature_reg_reg[1][12]
    SLICE_X58Y260        LUT6 (Prop_H6LUT_SLICEL_I1_O)
                                                      0.090     2.857 r  CORES[13].core_inst/trf/matrix_c0/r_transform_feature_reg[1][12]_i_2__12/O
                         net (fo=1, routed)           0.084     2.941    CORES[13].core_inst/trf/matrix_c0/r_transform_feature_reg[1][12]_i_2__12_n_0
    SLICE_X58Y260        LUT3 (Prop_C6LUT_SLICEL_I0_O)
                                                      0.050     2.991 r  CORES[13].core_inst/trf/matrix_c0/r_transform_feature_reg[1][12]_i_1__12/O
                         net (fo=1, routed)           0.050     3.041    CORES[13].core_inst/trf_n_243
    SLICE_X58Y260        FDCE                                         r  CORES[13].core_inst/r_transform_feature_reg_reg[1][12]/D
  -------------------------------------------------------------------    -------------------

                         (clock clk rise edge)        3.155     3.155 r  
                                                      0.000     3.155 r  clk (IN)
                         net (fo=29474, unset)        0.020     3.175    CORES[13].core_inst/clk
    SLICE_X58Y260        FDCE                                         r  CORES[13].core_inst/r_transform_feature_reg_reg[1][12]/C
                         clock pessimism              0.000     3.175    
                         clock uncertainty           -0.035     3.140    
    SLICE_X58Y260        FDCE (Setup_CFF_SLICEL_C_D)
                                                      0.025     3.165    CORES[13].core_inst/r_transform_feature_reg_reg[1][12]
  -------------------------------------------------------------------
                         required time                          3.165    
                         arrival time                          -3.041    
  -------------------------------------------------------------------
                         slack                                  0.124    

Slack (MET) :             0.124ns  (required time - arrival time)
  Source:                 CORES[8].core_inst/r_input_feat_reg[22][1]/C
                            (rising edge-triggered cell FDCE clocked by clk  {rise@0.000ns fall@1.577ns period=3.155ns})
  Destination:            CORES[8].core_inst/r_transform_feature_reg_reg[14][9]/D
                            (rising edge-triggered cell FDCE clocked by clk  {rise@0.000ns fall@1.577ns period=3.155ns})
  Path Group:             clk
  Path Type:              Setup (Max at Slow Process Corner)
  Requirement:            3.155ns  (clk rise@3.155ns - clk rise@0.000ns)
  Data Path Delay:        3.014ns  (logic 0.886ns (29.398%)  route 2.128ns (70.602%))
  Logic Levels:           9  (CARRY8=3 LUT3=2 LUT5=2 LUT6=2)
  Clock Path Skew:        -0.007ns (DCD - SCD + CPR)
    Destination Clock Delay (DCD):    0.021ns = ( 3.176 - 3.155 ) 
    Source Clock Delay      (SCD):    0.028ns
    Clock Pessimism Removal (CPR):    0.000ns
  Clock Uncertainty:      0.035ns  ((TSJ^2 + TIJ^2)^1/2 + DJ) / 2 + PE
    Total System Jitter     (TSJ):    0.071ns
    Total Input Jitter      (TIJ):    0.000ns
    Discrete Jitter          (DJ):    0.000ns
    Phase Error              (PE):    0.000ns

    Location             Delay type                Incr(ns)  Path(ns)    Netlist Resource(s)
  -------------------------------------------------------------------    -------------------
                         (clock clk rise edge)        0.000     0.000 r  
                                                      0.000     0.000 r  clk (IN)
                         net (fo=29474, unset)        0.028     0.028    CORES[8].core_inst/clk
    SLICE_X66Y13         FDCE                                         r  CORES[8].core_inst/r_input_feat_reg[22][1]/C
  -------------------------------------------------------------------    -------------------
    SLICE_X66Y13         FDCE (Prop_DFF_SLICEL_C_Q)
                                                      0.079     0.107 f  CORES[8].core_inst/r_input_feat_reg[22][1]/Q
                         net (fo=11, routed)          0.608     0.715    CORES[8].core_inst/trf/matrix_c0/soma[26]__0_carry_2[1]
    SLICE_X65Y19         LUT3 (Prop_E6LUT_SLICEL_I1_O)
                                                      0.123     0.838 r  CORES[8].core_inst/trf/matrix_c0/soma[26]__0_carry_i_6__7/O
                         net (fo=1, routed)           0.180     1.018    CORES[8].core_inst/trf/matrix_c0/soma[26]__0_carry_i_6__7_n_0
    SLICE_X64Y21         CARRY8 (Prop_CARRY8_SLICEM_DI[2]_O[5])
                                                      0.186     1.204 r  CORES[8].core_inst/trf/matrix_c0/soma[26]__0_carry/O[5]
                         net (fo=3, routed)           0.443     1.647    CORES[8].core_inst/trf/matrix_c0/partial[26]_2[5]
    SLICE_X60Y22         LUT3 (Prop_C6LUT_SLICEL_I2_O)
                                                      0.088     1.735 r  CORES[8].core_inst/trf/matrix_c0/soma[14]__0_carry_i_2__15/O
                         net (fo=1, routed)           0.207     1.942    CORES[8].core_inst/trf/matrix_c1/r_transform_feature_reg_reg[14][7][5]
    SLICE_X59Y23         CARRY8 (Prop_CARRY8_SLICEL_DI[6]_CO[7])
                                                      0.055     1.997 r  CORES[8].core_inst/trf/matrix_c1/soma[14]__0_carry/CO[7]
                         net (fo=1, routed)           0.026     2.023    CORES[8].core_inst/trf/matrix_c1/soma[14]__0_carry_n_0
    SLICE_X59Y24         CARRY8 (Prop_CARRY8_SLICEL_CI_O[1])
                                                      0.076     2.099 r  CORES[8].core_inst/trf/matrix_c1/soma[14]__0_carry__0/O[1]
                         net (fo=6, routed)           0.360     2.459    CORES[8].core_inst/trf/matrix_c0/r_transform_feature_reg_reg[14][15][1]
    SLICE_X57Y33         LUT6 (Prop_G6LUT_SLICEM_I0_O)
                                                      0.052     2.511 r  CORES[8].core_inst/trf/matrix_c0/r_transform_feature_reg[6][9]_i_4__7/O
                         net (fo=2, routed)           0.054     2.565    CORES[8].core_inst/trf/matrix_c0/r_transform_feature_reg[6][9]_i_4__7_n_0
    SLICE_X57Y33         LUT5 (Prop_E6LUT_SLICEM_I2_O)
                                                      0.100     2.665 r  CORES[8].core_inst/trf/matrix_c0/r_transform_feature_reg[14][9]_i_4__7/O
                         net (fo=1, routed)           0.100     2.765    CORES[8].core_inst/trf/matrix_c0/r_transform_feature_reg[14][9]_i_4__7_n_0
    SLICE_X56Y33         LUT6 (Prop_C6LUT_SLICEM_I5_O)
                                                      0.037     2.802 r  CORES[8].core_inst/trf/matrix_c0/r_transform_feature_reg[14][9]_i_2__7/O
                         net (fo=1, routed)           0.092     2.894    CORES[8].core_inst/trf/matrix_c0/r_transform_feature_reg[14][9]_i_2__7_n_0
    SLICE_X56Y33         LUT5 (Prop_H6LUT_SLICEM_I0_O)
                                                      0.090     2.984 r  CORES[8].core_inst/trf/matrix_c0/r_transform_feature_reg[14][9]_i_1__7/O
                         net (fo=1, routed)           0.058     3.042    CORES[8].core_inst/trf_n_54
    SLICE_X56Y33         FDCE                                         r  CORES[8].core_inst/r_transform_feature_reg_reg[14][9]/D
  -------------------------------------------------------------------    -------------------

                         (clock clk rise edge)        3.155     3.155 r  
                                                      0.000     3.155 r  clk (IN)
                         net (fo=29474, unset)        0.021     3.176    CORES[8].core_inst/clk
    SLICE_X56Y33         FDCE                                         r  CORES[8].core_inst/r_transform_feature_reg_reg[14][9]/C
                         clock pessimism              0.000     3.176    
                         clock uncertainty           -0.035     3.141    
    SLICE_X56Y33         FDCE (Setup_HFF_SLICEM_C_D)
                                                      0.025     3.166    CORES[8].core_inst/r_transform_feature_reg_reg[14][9]
  -------------------------------------------------------------------
                         required time                          3.166    
                         arrival time                          -3.042    
  -------------------------------------------------------------------
                         slack                                  0.124    

Slack (MET) :             0.124ns  (required time - arrival time)
  Source:                 CORES[5].core_inst/r_input_feat_reg[18][2]/C
                            (rising edge-triggered cell FDCE clocked by clk  {rise@0.000ns fall@1.577ns period=3.155ns})
  Destination:            CORES[5].core_inst/r_transform_feature_reg_reg[1][14]/D
                            (rising edge-triggered cell FDCE clocked by clk  {rise@0.000ns fall@1.577ns period=3.155ns})
  Path Group:             clk
  Path Type:              Setup (Max at Slow Process Corner)
  Requirement:            3.155ns  (clk rise@3.155ns - clk rise@0.000ns)
  Data Path Delay:        3.014ns  (logic 1.090ns (36.167%)  route 1.924ns (63.833%))
  Logic Levels:           8  (CARRY8=2 LUT3=4 LUT6=2)
  Clock Path Skew:        -0.007ns (DCD - SCD + CPR)
    Destination Clock Delay (DCD):    0.021ns = ( 3.176 - 3.155 ) 
    Source Clock Delay      (SCD):    0.028ns
    Clock Pessimism Removal (CPR):    0.000ns
  Clock Uncertainty:      0.035ns  ((TSJ^2 + TIJ^2)^1/2 + DJ) / 2 + PE
    Total System Jitter     (TSJ):    0.071ns
    Total Input Jitter      (TIJ):    0.000ns
    Discrete Jitter          (DJ):    0.000ns
    Phase Error              (PE):    0.000ns

    Location             Delay type                Incr(ns)  Path(ns)    Netlist Resource(s)
  -------------------------------------------------------------------    -------------------
                         (clock clk rise edge)        0.000     0.000 r  
                                                      0.000     0.000 r  clk (IN)
                         net (fo=29474, unset)        0.028     0.028    CORES[5].core_inst/clk
    SLICE_X60Y309        FDCE                                         r  CORES[5].core_inst/r_input_feat_reg[18][2]/C
  -------------------------------------------------------------------    -------------------
    SLICE_X60Y309        FDCE (Prop_AFF_SLICEL_C_Q)
                                                      0.079     0.107 f  CORES[5].core_inst/r_input_feat_reg[18][2]/Q
                         net (fo=19, routed)          0.322     0.429    CORES[5].core_inst/trf/matrix_c0/Q[2]
    SLICE_X55Y314        LUT3 (Prop_B6LUT_SLICEL_I0_O)
                                                      0.148     0.577 r  CORES[5].core_inst/trf/matrix_c0/soma[19]__0_carry_i_5__4/O
                         net (fo=1, routed)           0.229     0.806    CORES[5].core_inst/trf/matrix_c0/soma[19]__0_carry_i_5__4_n_0
    SLICE_X56Y313        CARRY8 (Prop_CARRY8_SLICEM_DI[3]_O[7])
                                                      0.185     0.991 f  CORES[5].core_inst/trf/matrix_c0/soma[19]__0_carry/O[7]
                         net (fo=10, routed)          0.435     1.426    CORES[5].core_inst/trf/matrix_c0/w_conv_transform[31]_6[7]
    SLICE_X50Y314        LUT3 (Prop_E6LUT_SLICEM_I0_O)
                                                      0.124     1.550 r  CORES[5].core_inst/trf/matrix_c0/soma[7]__0_carry__0_i_7__9/O
                         net (fo=1, routed)           0.231     1.781    CORES[5].core_inst/trf/matrix_c1/r_transform_feature_reg_reg[7][15][0]
    SLICE_X49Y314        CARRY8 (Prop_CARRY8_SLICEM_DI[0]_O[6])
                                                      0.196     1.977 r  CORES[5].core_inst/trf/matrix_c1/soma[7]__0_carry__0/O[6]
                         net (fo=6, routed)           0.272     2.249    CORES[5].core_inst/trf/matrix_c0/r_transform_feature_reg_reg[7][15][6]
    SLICE_X47Y318        LUT6 (Prop_C6LUT_SLICEM_I5_O)
                                                      0.145     2.394 r  CORES[5].core_inst/trf/matrix_c0/r_transform_feature_reg[17][14]_i_6__4/O
                         net (fo=3, routed)           0.157     2.551    CORES[5].core_inst/trf/matrix_c1/r_transform_feature_reg[1][14]_i_2__4
    SLICE_X46Y320        LUT3 (Prop_B5LUT_SLICEM_I2_O)
                                                      0.072     2.623 r  CORES[5].core_inst/trf/matrix_c1/r_transform_feature_reg[1][14]_i_4__4/O
                         net (fo=1, routed)           0.122     2.745    CORES[5].core_inst/trf/matrix_c0/r_transform_feature_reg_reg[1][14]
    SLICE_X46Y321        LUT6 (Prop_G6LUT_SLICEM_I1_O)
                                                      0.090     2.835 r  CORES[5].core_inst/trf/matrix_c0/r_transform_feature_reg[1][14]_i_2__4/O
                         net (fo=1, routed)           0.090     2.925    CORES[5].core_inst/trf/matrix_c0/r_transform_feature_reg[1][14]_i_2__4_n_0
    SLICE_X46Y321        LUT3 (Prop_C6LUT_SLICEM_I0_O)
                                                      0.051     2.976 r  CORES[5].core_inst/trf/matrix_c0/r_transform_feature_reg[1][14]_i_1__4/O
                         net (fo=1, routed)           0.066     3.042    CORES[5].core_inst/trf_n_241
    SLICE_X46Y321        FDCE                                         r  CORES[5].core_inst/r_transform_feature_reg_reg[1][14]/D
  -------------------------------------------------------------------    -------------------

                         (clock clk rise edge)        3.155     3.155 r  
                                                      0.000     3.155 r  clk (IN)
                         net (fo=29474, unset)        0.021     3.176    CORES[5].core_inst/clk
    SLICE_X46Y321        FDCE                                         r  CORES[5].core_inst/r_transform_feature_reg_reg[1][14]/C
                         clock pessimism              0.000     3.176    
                         clock uncertainty           -0.035     3.141    
    SLICE_X46Y321        FDCE (Setup_CFF_SLICEM_C_D)
                                                      0.025     3.166    CORES[5].core_inst/r_transform_feature_reg_reg[1][14]
  -------------------------------------------------------------------
                         required time                          3.166    
                         arrival time                          -3.042    
  -------------------------------------------------------------------
                         slack                                  0.124    

Slack (MET) :             0.124ns  (required time - arrival time)
  Source:                 CORES[2].core_inst/r_input_feat_reg[6][0]/C
                            (rising edge-triggered cell FDCE clocked by clk  {rise@0.000ns fall@1.577ns period=3.155ns})
  Destination:            CORES[2].core_inst/r_transform_feature_reg_reg[15][15]/D
                            (rising edge-triggered cell FDCE clocked by clk  {rise@0.000ns fall@1.577ns period=3.155ns})
  Path Group:             clk
  Path Type:              Setup (Max at Slow Process Corner)
  Requirement:            3.155ns  (clk rise@3.155ns - clk rise@0.000ns)
  Data Path Delay:        3.011ns  (logic 0.894ns (29.687%)  route 2.117ns (70.313%))
  Logic Levels:           8  (CARRY8=3 LUT3=3 LUT6=2)
  Clock Path Skew:        -0.009ns (DCD - SCD + CPR)
    Destination Clock Delay (DCD):    0.020ns = ( 3.175 - 3.155 ) 
    Source Clock Delay      (SCD):    0.029ns
    Clock Pessimism Removal (CPR):    0.000ns
  Clock Uncertainty:      0.035ns  ((TSJ^2 + TIJ^2)^1/2 + DJ) / 2 + PE
    Total System Jitter     (TSJ):    0.071ns
    Total Input Jitter      (TIJ):    0.000ns
    Discrete Jitter          (DJ):    0.000ns
    Phase Error              (PE):    0.000ns

    Location             Delay type                Incr(ns)  Path(ns)    Netlist Resource(s)
  -------------------------------------------------------------------    -------------------
                         (clock clk rise edge)        0.000     0.000 r  
                                                      0.000     0.000 r  clk (IN)
                         net (fo=29474, unset)        0.029     0.029    CORES[2].core_inst/clk
    SLICE_X99Y165        FDCE                                         r  CORES[2].core_inst/r_input_feat_reg[6][0]/C
  -------------------------------------------------------------------    -------------------
    SLICE_X99Y165        FDCE (Prop_HFF_SLICEL_C_Q)
                                                      0.079     0.108 f  CORES[2].core_inst/r_input_feat_reg[6][0]/Q
                         net (fo=15, routed)          0.440     0.548    CORES[2].core_inst/trf/matrix_c0/r_transform_feature_reg_reg[5][15]_1[0]
    SLICE_X100Y165       LUT3 (Prop_A6LUT_SLICEL_I1_O)
                                                      0.050     0.598 r  CORES[2].core_inst/trf/matrix_c0/soma[6]__0_carry_i_7__1/O
                         net (fo=1, routed)           0.252     0.850    CORES[2].core_inst/trf/matrix_c0/soma[6]__0_carry_i_7__1_n_0
    SLICE_X100Y166       CARRY8 (Prop_CARRY8_SLICEL_DI[1]_CO[7])
                                                      0.117     0.967 r  CORES[2].core_inst/trf/matrix_c0/soma[6]__0_carry/CO[7]
                         net (fo=1, routed)           0.026     0.993    CORES[2].core_inst/trf/matrix_c0/soma[6]__0_carry_n_0
    SLICE_X100Y167       CARRY8 (Prop_CARRY8_SLICEL_CI_O[0])
                                                      0.056     1.049 f  CORES[2].core_inst/trf/matrix_c0/soma[6]__0_carry__0/O[0]
                         net (fo=11, routed)          0.281     1.330    CORES[2].core_inst/trf/matrix_c0/w_conv_transform[18]_13[8]
    SLICE_X101Y166       LUT3 (Prop_B6LUT_SLICEL_I1_O)
                                                      0.051     1.381 r  CORES[2].core_inst/trf/matrix_c0/soma[0]__0_carry__0_i_6__3/O
                         net (fo=1, routed)           0.254     1.635    CORES[2].core_inst/trf/matrix_c1/r_transform_feature_reg_reg[0][15][1]
    SLICE_X102Y167       CARRY8 (Prop_CARRY8_SLICEL_DI[1]_O[7])
                                                      0.195     1.830 r  CORES[2].core_inst/trf/matrix_c1/soma[0]__0_carry__0/O[7]
                         net (fo=15, routed)          0.564     2.394    CORES[2].core_inst/trf/matrix_c0/r_transform_feature_reg_reg[0][15]_0[7]
    SLICE_X93Y166        LUT6 (Prop_B6LUT_SLICEM_I3_O)
                                                      0.125     2.519 r  CORES[2].core_inst/trf/matrix_c0/r_transform_feature_reg[7][15]_i_3__1/O
                         net (fo=2, routed)           0.157     2.676    CORES[2].core_inst/trf/matrix_c0/r_transform_feature_reg[7][15]_i_3__1_n_0
    SLICE_X91Y166        LUT6 (Prop_H6LUT_SLICEL_I3_O)
                                                      0.099     2.775 r  CORES[2].core_inst/trf/matrix_c0/r_transform_feature_reg[15][15]_i_2__1/O
                         net (fo=1, routed)           0.094     2.869    CORES[2].core_inst/trf/matrix_c0/r_transform_feature_reg[15][15]_i_2__1_n_0
    SLICE_X91Y166        LUT3 (Prop_D6LUT_SLICEL_I0_O)
                                                      0.122     2.991 r  CORES[2].core_inst/trf/matrix_c0/r_transform_feature_reg[15][15]_i_1__1/O
                         net (fo=1, routed)           0.049     3.040    CORES[2].core_inst/trf_n_32
    SLICE_X91Y166        FDCE                                         r  CORES[2].core_inst/r_transform_feature_reg_reg[15][15]/D
  -------------------------------------------------------------------    -------------------

                         (clock clk rise edge)        3.155     3.155 r  
                                                      0.000     3.155 r  clk (IN)
                         net (fo=29474, unset)        0.020     3.175    CORES[2].core_inst/clk
    SLICE_X91Y166        FDCE                                         r  CORES[2].core_inst/r_transform_feature_reg_reg[15][15]/C
                         clock pessimism              0.000     3.175    
                         clock uncertainty           -0.035     3.140    
    SLICE_X91Y166        FDCE (Setup_DFF_SLICEL_C_D)
                                                      0.025     3.165    CORES[2].core_inst/r_transform_feature_reg_reg[15][15]
  -------------------------------------------------------------------
                         required time                          3.165    
                         arrival time                          -3.040    
  -------------------------------------------------------------------
                         slack                                  0.124    

Slack (MET) :             0.125ns  (required time - arrival time)
  Source:                 CORES[1].core_inst/r_input_feat_reg[21][1]/C
                            (rising edge-triggered cell FDCE clocked by clk  {rise@0.000ns fall@1.577ns period=3.155ns})
  Destination:            CORES[1].core_inst/r_transform_feature_reg_reg[16][15]/D
                            (rising edge-triggered cell FDCE clocked by clk  {rise@0.000ns fall@1.577ns period=3.155ns})
  Path Group:             clk
  Path Type:              Setup (Max at Slow Process Corner)
  Requirement:            3.155ns  (clk rise@3.155ns - clk rise@0.000ns)
  Data Path Delay:        3.012ns  (logic 1.063ns (35.292%)  route 1.949ns (64.708%))
  Logic Levels:           8  (CARRY8=3 LUT3=2 LUT5=1 LUT6=2)
  Clock Path Skew:        -0.008ns (DCD - SCD + CPR)
    Destination Clock Delay (DCD):    0.021ns = ( 3.176 - 3.155 ) 
    Source Clock Delay      (SCD):    0.029ns
    Clock Pessimism Removal (CPR):    0.000ns
  Clock Uncertainty:      0.035ns  ((TSJ^2 + TIJ^2)^1/2 + DJ) / 2 + PE
    Total System Jitter     (TSJ):    0.071ns
    Total Input Jitter      (TIJ):    0.000ns
    Discrete Jitter          (DJ):    0.000ns
    Phase Error              (PE):    0.000ns

    Location             Delay type                Incr(ns)  Path(ns)    Netlist Resource(s)
  -------------------------------------------------------------------    -------------------
                         (clock clk rise edge)        0.000     0.000 r  
                                                      0.000     0.000 r  clk (IN)
                         net (fo=29474, unset)        0.029     0.029    CORES[1].core_inst/clk
    SLICE_X68Y340        FDCE                                         r  CORES[1].core_inst/r_input_feat_reg[21][1]/C
  -------------------------------------------------------------------    -------------------
    SLICE_X68Y340        FDCE (Prop_EFF_SLICEL_C_Q)
                                                      0.079     0.108 r  CORES[1].core_inst/r_input_feat_reg[21][1]/Q
                         net (fo=8, routed)           0.397     0.505    CORES[1].core_inst/trf/matrix_c0/soma[25]__0_carry_2[1]
    SLICE_X67Y343        LUT6 (Prop_C6LUT_SLICEM_I1_O)
                                                      0.145     0.650 r  CORES[1].core_inst/trf/matrix_c0/soma[24]__0_carry_i_13__0/O
                         net (fo=1, routed)           0.021     0.671    CORES[1].core_inst/trf/matrix_c0/soma[24]__0_carry_i_13__0_n_0
    SLICE_X67Y343        CARRY8 (Prop_CARRY8_SLICEM_S[2]_CO[7])
                                                      0.161     0.832 r  CORES[1].core_inst/trf/matrix_c0/soma[24]__0_carry/CO[7]
                         net (fo=1, routed)           0.026     0.858    CORES[1].core_inst/trf/matrix_c0/soma[24]__0_carry_n_0
    SLICE_X67Y344        CARRY8 (Prop_CARRY8_SLICEM_CI_O[2])
                                                      0.067     0.925 r  CORES[1].core_inst/trf/matrix_c0/soma[24]__0_carry__0/O[2]
                         net (fo=3, routed)           0.421     1.346    CORES[1].core_inst/trf/matrix_c0/partial[24]_4[10]
    SLICE_X72Y341        LUT3 (Prop_G6LUT_SLICEL_I2_O)
                                                      0.123     1.469 r  CORES[1].core_inst/trf/matrix_c0/soma[12]__0_carry__0_i_4__1/O
                         net (fo=1, routed)           0.340     1.809    CORES[1].core_inst/trf/matrix_c1/r_transform_feature_reg_reg[12][15][3]
    SLICE_X73Y342        CARRY8 (Prop_CARRY8_SLICEM_DI[3]_O[7])
                                                      0.185     1.994 r  CORES[1].core_inst/trf/matrix_c1/soma[12]__0_carry__0/O[7]
                         net (fo=6, routed)           0.360     2.354    CORES[1].core_inst/trf/matrix_c0/r_transform_feature_reg_reg[12][15]_0[7]
    SLICE_X75Y354        LUT6 (Prop_H6LUT_SLICEL_I3_O)
                                                      0.090     2.444 r  CORES[1].core_inst/trf/matrix_c0/r_transform_feature_reg[16][15]_i_8__0/O
                         net (fo=2, routed)           0.162     2.606    CORES[1].core_inst/trf/matrix_c0/r_transform_feature_reg[16][15]_i_8__0_n_0
    SLICE_X75Y354        LUT3 (Prop_A5LUT_SLICEL_I0_O)
                                                      0.161     2.767 r  CORES[1].core_inst/trf/matrix_c0/r_transform_feature_reg[16][15]_i_3__0/O
                         net (fo=1, routed)           0.163     2.930    CORES[1].core_inst/trf/matrix_c0/r_transform_feature_reg[16][15]_i_3__0_n_0
    SLICE_X74Y354        LUT5 (Prop_B6LUT_SLICEM_I2_O)
                                                      0.052     2.982 r  CORES[1].core_inst/trf/matrix_c0/r_transform_feature_reg[16][15]_i_1__0/O
                         net (fo=1, routed)           0.059     3.041    CORES[1].core_inst/trf_n_16
    SLICE_X74Y354        FDCE                                         r  CORES[1].core_inst/r_transform_feature_reg_reg[16][15]/D
  -------------------------------------------------------------------    -------------------

                         (clock clk rise edge)        3.155     3.155 r  
                                                      0.000     3.155 r  clk (IN)
                         net (fo=29474, unset)        0.021     3.176    CORES[1].core_inst/clk
    SLICE_X74Y354        FDCE                                         r  CORES[1].core_inst/r_transform_feature_reg_reg[16][15]/C
                         clock pessimism              0.000     3.176    
                         clock uncertainty           -0.035     3.141    
    SLICE_X74Y354        FDCE (Setup_BFF_SLICEM_C_D)
                                                      0.025     3.166    CORES[1].core_inst/r_transform_feature_reg_reg[16][15]
  -------------------------------------------------------------------
                         required time                          3.166    
                         arrival time                          -3.041    
  -------------------------------------------------------------------
                         slack                                  0.125    

Slack (MET) :             0.126ns  (required time - arrival time)
  Source:                 CORES[8].core_inst/r_input_feat_reg[12][3]/C
                            (rising edge-triggered cell FDCE clocked by clk  {rise@0.000ns fall@1.577ns period=3.155ns})
  Destination:            CORES[8].core_inst/r_transform_feature_reg_reg[12][13]/D
                            (rising edge-triggered cell FDCE clocked by clk  {rise@0.000ns fall@1.577ns period=3.155ns})
  Path Group:             clk
  Path Type:              Setup (Max at Slow Process Corner)
  Requirement:            3.155ns  (clk rise@3.155ns - clk rise@0.000ns)
  Data Path Delay:        3.010ns  (logic 0.756ns (25.118%)  route 2.254ns (74.882%))
  Logic Levels:           8  (CARRY8=3 LUT3=2 LUT5=2 LUT6=1)
  Clock Path Skew:        -0.009ns (DCD - SCD + CPR)
    Destination Clock Delay (DCD):    0.020ns = ( 3.175 - 3.155 ) 
    Source Clock Delay      (SCD):    0.029ns
    Clock Pessimism Removal (CPR):    0.000ns
  Clock Uncertainty:      0.035ns  ((TSJ^2 + TIJ^2)^1/2 + DJ) / 2 + PE
    Total System Jitter     (TSJ):    0.071ns
    Total Input Jitter      (TIJ):    0.000ns
    Discrete Jitter          (DJ):    0.000ns
    Phase Error              (PE):    0.000ns

    Location             Delay type                Incr(ns)  Path(ns)    Netlist Resource(s)
  -------------------------------------------------------------------    -------------------
                         (clock clk rise edge)        0.000     0.000 r  
                                                      0.000     0.000 r  clk (IN)
                         net (fo=29474, unset)        0.029     0.029    CORES[8].core_inst/clk
    SLICE_X66Y10         FDCE                                         r  CORES[8].core_inst/r_input_feat_reg[12][3]/C
  -------------------------------------------------------------------    -------------------
    SLICE_X66Y10         FDCE (Prop_HFF_SLICEL_C_Q)
                                                      0.079     0.108 f  CORES[8].core_inst/r_input_feat_reg[12][3]/Q
                         net (fo=22, routed)          0.655     0.763    CORES[8].core_inst/trf/matrix_c0/r_transform_feature_reg_reg[8][15]_i_2__7_0[3]
    SLICE_X62Y12         LUT3 (Prop_B6LUT_SLICEL_I0_O)
                                                      0.124     0.887 r  CORES[8].core_inst/trf/matrix_c0/soma[12]__0_carry_i_4__16/O
                         net (fo=1, routed)           0.139     1.026    CORES[8].core_inst/trf/matrix_c0/soma[12]__0_carry_i_4__16_n_0
    SLICE_X63Y12         CARRY8 (Prop_CARRY8_SLICEM_DI[4]_CO[7])
                                                      0.093     1.119 r  CORES[8].core_inst/trf/matrix_c0/soma[12]__0_carry/CO[7]
                         net (fo=1, routed)           0.026     1.145    CORES[8].core_inst/trf/matrix_c0/soma[12]__0_carry_n_0
    SLICE_X63Y13         CARRY8 (Prop_CARRY8_SLICEM_CI_O[2])
                                                      0.067     1.212 r  CORES[8].core_inst/trf/matrix_c0/soma[12]__0_carry__0/O[2]
                         net (fo=15, routed)          0.541     1.753    CORES[8].core_inst/trf/matrix_c0/w_conv_transform[24]_10[10]
    SLICE_X57Y21         LUT3 (Prop_G6LUT_SLICEM_I2_O)
                                                      0.037     1.790 r  CORES[8].core_inst/trf/matrix_c0/soma[6]__0_carry__0_i_4__15/O
                         net (fo=1, routed)           0.365     2.155    CORES[8].core_inst/trf/matrix_c1/r_transform_feature_reg_reg[6][15][3]
    SLICE_X56Y21         CARRY8 (Prop_CARRY8_SLICEM_DI[3]_O[5])
                                                      0.182     2.337 r  CORES[8].core_inst/trf/matrix_c1/soma[6]__0_carry__0/O[5]
                         net (fo=7, routed)           0.250     2.588    CORES[8].core_inst/trf/matrix_c1/soma[6]__0_carry__0_i_15__15[5]
    SLICE_X55Y22         LUT6 (Prop_G6LUT_SLICEL_I1_O)
                                                      0.089     2.677 r  CORES[8].core_inst/trf/matrix_c1/r_transform_feature_reg[12][13]_i_7__7/O
                         net (fo=2, routed)           0.142     2.819    CORES[8].core_inst/trf/matrix_c0/r_transform_feature_reg_reg[12][13]
    SLICE_X55Y18         LUT5 (Prop_F6LUT_SLICEL_I4_O)
                                                      0.035     2.854 r  CORES[8].core_inst/trf/matrix_c0/r_transform_feature_reg[12][13]_i_3__7/O
                         net (fo=1, routed)           0.086     2.940    CORES[8].core_inst/trf/matrix_c0/r_transform_feature_reg[12][13]_i_3__7_n_0
    SLICE_X55Y18         LUT5 (Prop_D6LUT_SLICEL_I2_O)
                                                      0.050     2.990 r  CORES[8].core_inst/trf/matrix_c0/r_transform_feature_reg[12][13]_i_1__7/O
                         net (fo=1, routed)           0.049     3.039    CORES[8].core_inst/trf_n_82
    SLICE_X55Y18         FDCE                                         r  CORES[8].core_inst/r_transform_feature_reg_reg[12][13]/D
  -------------------------------------------------------------------    -------------------

                         (clock clk rise edge)        3.155     3.155 r  
                                                      0.000     3.155 r  clk (IN)
                         net (fo=29474, unset)        0.020     3.175    CORES[8].core_inst/clk
    SLICE_X55Y18         FDCE                                         r  CORES[8].core_inst/r_transform_feature_reg_reg[12][13]/C
                         clock pessimism              0.000     3.175    
                         clock uncertainty           -0.035     3.140    
    SLICE_X55Y18         FDCE (Setup_DFF_SLICEL_C_D)
                                                      0.025     3.165    CORES[8].core_inst/r_transform_feature_reg_reg[12][13]
  -------------------------------------------------------------------
                         required time                          3.165    
                         arrival time                          -3.039    
  -------------------------------------------------------------------
                         slack                                  0.126    




