70 49 74 111 99 14 13 52 114 19 112 0 30 42 75 3 33 77 22 112 102 51 54 27 88 34 125 37 10 100 109 37 50 49 14 98 74 33 125 95 58 124 32 25 35 107 28 100 74 13 3 32 79 8 122 77 79 26 109 67 48 94 85 87 54 71 98 41 57 86 60 58 78 81 74 16 28 95 59 30 112 6 44 17 88 40 6 109 62 92 49 67 119 38 11 22 26 64 16 88 24 62 26 46 98 5 92 112 3 20 40 46 73 37 14 0 111 70 92 35 28 72 65 21 113 99 103 56 103 10 110 121 85 5 30 35 121 116 97 44 81 69 116 22 104 83 120 125 6 84 96 83 61 53 69 105 94 84 70 85 6 82 72 92 43 56 49 33 33 39 4 110 32 19 20 72 41 114 74 73 102 63 101 13 109 38 52 36 22 40 93 81 1 9 5 10 43 77 1 70 64 7 52 73 123 101 41 74 82 60 14 117 56 32 20 69 40 30 18 96 0 36 1 77 53 9 103 2 8 7 109 44 7 28 3 103 44 51 91 109 56 25 49 72 73 107 56 79 0 3 14 94 96 40 54 67 72 101 107 5 98 2 115 66 49 39 62 39 114 48 56 5 40 18 1 104 111 92 41 33 108 116 9 124 94 40 32 40 109 79 95 99 124 30 58 32 68 59 61 26 0 60 5 121 107 83 46 115 38 25 111 94 75 61 106 123 51 73 38 126 17 64 53 97 93 34 105 31 77 94 124 45 21 114 98 16 70 121 95 7 88 64 66 71 122 67 87 112 67 102 17 44 24 6 34 39 93 8 82 60 57 40 120 57 2 59 123 118 28 96 17 19 97 91 32 7 2 106 28 66 14 60 9 82 47 118 79 73 30 76 37 18 126 84 58 39 49 61 126 5 70 11 107 20 71 42 3 117 78 61 126 79 8 24 116 34 2 11 83 28 14 68 125 4 121 117 8 65 116 98 82 3 70 113 15 69 65 9 25 3 23 104 47 16 62 78 95 74 124 40 119 104 55 114 75 104 56 31 58 1 99 68 29 1 91 122 91 123 25 97 29 72 50 60 69 34 6 113 74 12 114 10 56 86 109 38 81 120 75 79 30 7 107 32 103 89 28 67 80 7 121 0 116 17 96 75 92 0 101 75 76 30
14 27 101 102 122 94 52 33 18 85 61 80 108 23 48 56 120 1 38 46 1 73 106 82 94 80 94 23 27 0 120 119 62 84 124 28 54 8 56 106 16 42 19 2 99 12 123 12 117 87 122 30 41 61 120 48 44 59 124 85 25 111 119 67 98 105 79 51 46 41 63 78 27 60 93 37 32 25 107 21 9 16 19 107 98 61 118 94 107 70 4 46 94 17 105 3 6 74 104 96 80 109 69 21 28 120 95 81 55 124 68 80 107 60 18 44 64 36 99 24 41 102 34 116 5 84 70 34 55 8 5 91 23 13 58 94 89 37 50 102 109 33 115 64 113 51 46 83 106 18 116 115 98 4 50 17 93 111 47 15 44 112 64 51 15 29 21 64 124 81 46 126 9 60 31 90 68 126 24 123 32 30 80 117 32 11 22 85 113 41 20 112 112 63 10 1 75 17 115 39 123 50 70 115 19 96 86 97 105 106 50 41 121 36 63 103 105 31 54 51 42 124 59 48 76 114 116 123 97 103 28 78 96 83 6 27 40 67 0 116 10 9 97 34 46 14 25 42 45 110 30 69 70 110 12 6 119 119 66 4 101 48 91 95 51 67 98 15 26 75 96 81 101 113 100 43 56 12 113 22 63 17 29 15 14 29 10 103 22 113 30 118 105 60 64 41 120 14 83 41 77 79 70 58 68 24 64 13 36 105 122 83 120 87 35 26 67 15 110 9 40 91 111 71 101 36 117 73 77 58 0 7 39 38 33 108 102 86 123 82 87 32 73 41 26 62 15 115 53 69 40 125 42 19 67 89 67 10 43 96 45 91 35 19 34 24 118 111 47 33 7 19 56 114 73 17 32 96 75 31 70 37 40 86 117 49 35 6 38 42 27 74 63 44 71 7 91 34 101 91 124 30 17 6 88 74 58 114 22 63 69 1 94 89 42 72 10 58 109 52 62 102 62 121 23 79 52 84 54 1 70 15 90 12 123 100 47 27 6 99 78 93 15 72 46 43 79 15 6 28 78 62 106 27 73 46 84 16 46 94 74 20 40 37 84 119 37 17 32 109 15 120 9 20 54 103 50 34 1 85 18 104 87 75 38 103 11 53 45 77 40 92 121 12 112 118 46 2 52 46 54 60 47 101 46 80 29 24 35 84 65 80
71 72 4 55 120 2 76 27 21 28 59 17 14 16 102 41 78 26 29 111 10 10 102 85 9 96 68 7 82 37 60 65 34 20 81 118 73 57 125 1 90 30 100 70 86 9 50 44 14 93 98 116 66 41 34 116 33 54 45 19 122 72 93 66 90 69 122 25 44 64 123 59 109 57 49 57 70 25 17 6 97 38 62 108 19 8 70 44 19 57 87 54 121 11 59 4 114 114 96 116 116 63 63 9 27 46 67 77 17 96 95 76 103 37 118 14 65 71 5 92 85 23 78 120 121 23 81 90 3 87 76 100 7 23 79 28 21 72 62 6 67 40 95 55 93 80 46 34 108 62 65 17 109 20 28 12 111 70 33 103 78 121 38 67 56 71 42 121 57 96 99 70 69 40 12 79 33 107 5 120 108 118 15 56 92 82 105 18 118 7 17 70 113 81 91 95 64 98 54 68 76 56 78 60 87 60 98 35 24 42 84 57 107 55 29 80 68 124 9 75 97 121 78 106 61 16 32 94 80 28 80 99 69 60 111 57 114 124 20 34 82 93 102 111 100 1 74 74 34 14 6 71 28 120 35 36 63 46 50 72 58 75 102 10 62 30 69 86 60 68 38 122 1 79 90 91 50 69 51 20 120 42 108 73 26 12 39 27 66 10 32 46 22 11 71 84 111 0 87 102 24 86 106 101 5 114 73 40 77 16 22 92 94 122 52 29 91 122 91 20 15 88 37 95 41 60 2 5 17 61 44 66 106 90 13 47 4 59 15 123 5 11 122 16 66 19 0 22 77 31 102 51 36 4 9 45 12 28 24 35 66 42 54 42 32 47 66 59 111 14 83 7 72 79 67 107 19 110 125 23 109 13 67 18 50 84 114 78 89 45 104 108 31 121 74 76 74 58 112 12 46 118 114 73 23 81 50 94 103 46 62 123 72 54 58 91 68 84 110 106 43 99 91 85 45 34 99 15 60 69 56 56 91 43 105 116 33 2 2 112 0 57 92 109 96 9 106 125 84 77 99 97 114 80 16 17 41 24 72 78 16 95 122 78 101 116 109 31 120 30 30 90 92 26 27 68 63 17 52 126 62 48 81 109 64 95 39 46 87 50 109 56 13 86 43 119 89 33 40 36 38 40 98 47 86 32 36 12 54 85 20 56
33 59 42 92 27 27 39 108 42 63 44 69 66 37 90 123 107 117 22 88 4 45 83 62 43 6 40 90 35 77 36 89 33 75 57 102 32 73 83 71 76 17 47 64 43 16 58 97 56 52 97 116 103 31 9 44 6 74 6 0 92 43 90 105 9 5 73 3 85 104 96 95 106 18 74 109 3 6 33 71 64 101 95 110 92 11 59 51 100 14 57 66 25 45 44 49 49 56 82 100 21 66 63 5 23 56 10 118 35 83 120 115 2 86 72 99 82 49 120 41 2 94 78 82 72 106 19 42 44 90 103 52 116 120 25 55 86 61 55 0 95 2 45 36 33 123 40 83 77 107 23 110 28 56 19 112 103 28 111 87 13 9 1 78 16 121 110 96 20 102 0 31 38 18 67 50 107 100 55 20 111 44 13 114 100 13 61 115 122 111 47 105 64 2 115 12 15 106 110 31 26 82 117 64 110 114 15 55 64 85 88 18 120 53 106 45 74 16 70 35 22 72 48 88 90 66 2 0 54 52 36 21 23 6 87 52 23 121 71 121 81 102 85 82 87 95 23 78 79 37 120 110 99 20 10 7 14 32 112 69 103 42 56 78 82 51 15 120 107 86 41 29 14 125 61 110 120 70 35 80 20 97 69 83 98 61 119 29 79 85 5 98 9 79 0 114 126 45 26 46 66 22 78 63 19 36 94 105 73 5 50 92 8 74 118 77 36 70 83 99 69 73 108 119 60 3 16 95 75 100 30 73 41 65 69 20 79 5 25 33 4 68 116 27 54 83 14 118 39 42 100 109 42 117 33 75 34 90 91 5 110 15 60 30 92 66 75 46 13 117 2 120 26 23 71 101 68 70 13 12 21 84 48 52 32 0 59 58 115 122 66 11 78 94 76 113 30 62 90 6 12 35 118 126 0 52 102 109 45 110 68 94 40 120 23 81 71 124 116 114 109 80 93 80 71 53 15 41 37 123 33 122 73 38 2 125 60 2 29 123 93 114 40 119 104 119 119 101 36 37 16 103 36 37 113 45 68 112 57 108 79 117 69 71 89 104 39 111 47 56 2 38 38 11 51 52 85 23 103 21 42 58 85 35 125 12 58 104 82 105 82 89 8 13 90 106 126 117 21 55 115 1 0 68 58 90 51 100 121 60 114 118
56 79 65 118 1 60 31 93 52 97 13 53 101 72 121 29 13 70 9 55 57 102 97 34 32 19 108 3 84 56 58 18 57 5 37 81 50 123 32 78 2 5 34 112 84 5 107 115 10 28 1 124 16 69 60 39 73 31 71 45 67 7 102 57 87 96 111 3 126 100 34 59 70 40 114 10 85 123 0 28 41 75 55 62 11 1 67 2 124 123 88 112 3 95 42 27 78 20 126 58 93 77 18 56 37 64 38 65 31 124 41 85 123 7 58 29 113 8 16 116 62 35 103 56 22 21 8 68 76 86 61 50 12 55 53 27 62 49 87 28 118 87 74 124 92 105 102 124 54 42 52 113 98 43 91 123 86 55 124 110 76 119 105 50 86 61 124 15 37 37 57 8 44 62 91 26 42 2 63 58 19 118 6 14 51 7 106 15 78 100 7 119 49 120 29 56 25 92 1 60 58 21 63 12 65 85 95 112 7 93 22 103 1 118 115 116 89 72 74 53 63 5 113 33 109 105 0 82 71 113 69 23 10 70 88 122 73 44 78 111 18 113 87 125 73 4 67 66 41 101 122 44 14 49 72 124 7 105 6 89 114 101 44 57 100 86 8 78 86 17 52 0 4 122 89 112 123 106 3 28 44 33 53 108 15 104 15 116 114 12 122 7 97 87 5 46 120 71 13 45 7 50 35 119 12 41 118 66 88 121 67 3 76 23 64 120 69 65 91 47 70 81 98 40 55 117 25 65 64 105 102 85 114 97 18 57 66 27 87 25 56 99 32 111 51 104 57 35 84 116 113 56 63 72 83 36 115 74 17 19 63 55 31 49 50 65 105 67 38 39 109 59 97 41 23 104 77 120 123 60 8 2 16 26 87 58 73 115 58 119 75 75 62 41 119 120 120 123 121 33 80 81 23 76 76 111 126 70 73 29 42 8 49 77 116 100 13 81 2 26 103 3 70 97 54 126 23 75 99 73 81 85 60 70 101 62 126 111 39 23 2 103 120 74 90 11 56 117 72 29 85 50 91 25 53 47 46 118 5 100 71 20 19 52 70 60 12 49 121 116 31 26 113 63 46 57 13 109 89 45 49 80 36 16 88 91 79 20 22 43 90 97 53 51 61 72 94 28 27 6 88 109 24 6 104 104 76 49 74 78 33 121
76 91 100 94 22 40 93 82 13 73 65 2 66 48 104 16 94 85 105 126 35 83 34 54 69 38 97 52 38 112 102 41 80 52 76 74 116 44 64 9 15 122 74 63 65 49 31 111 57 70 49 40 120 109 13 43 7 5 44 66 66 93 87 81 25 14 50 74 41 113 58 81 100 115 101 35 92 124 68 97 93 34 33 83 85 79 54 107 61 99 36 68 71 89 114 90 77 74 89 79 89 15 18 100 0 95 97 79 26 105 57 30 6 11 10 9 48 59 12 115 24 2 114 12 100 126 101 61 18 113 105 41 46 48 50 0 83 7 77 1 24 53 69 61 38 54 116 59 95 46 68 31 68 92 112 12 65 33 1 43 84 6 108 100 0 113 8 88 111 61 74 34 59 15 46 114 4 50 59 24 81 78 122 110 6 44 85 111 8 11 46 1 17 36 78 79 29 92 115 101 41 62 1 63 107 99 104 119 48 120 102 54 55 23 7 11 43 71 119 74 65 68 39 62 116 5 83 54 43 37 47 126 31 32 22 34 103 55 30 121 11 63 61 20 120 90 59 66 125 120 78 31 34 12 112 120 9 78 109 18 93 40 64 120 96 28 17 42 89 113 93 59 28 42 47 11 118 32 54 43 19 109 35 24 3 95 64 80 65 109 62 60 103 12 65 24 47 118 100 57 5 23 74 98 119 88 105 8 70 63 20 46 27 99 99 42 84 72 40 46 76 7 92 86 94 51 101 115 126 57 57 119 115 120 112 122 49 69 33 66 79 81 109 60 73 54 50 19 72 116 112 121 121 19 120 117 24 77 73 33 37 14 89 118 13 40 12 69 0 20 94 122 79 112 86 29 20 6 75 82 16 87 25 120 7 4 1 57 16 85 116 37 67 97 10 56 66 124 15 55 97 93 77 41 102 24 8 58 97 126 40 92 93 42 95 117 117 18 109 122 97 93 62 71 102 97 103 46 22 77 91 34 70 108 9 126 69 7 87 113 74 79 13 43 6 126 40 74 24 90 3 74 10 7 33 20 56 32 90 16 4 82 41 122 69 121 80 116 43 82 85 26 97 40 60 7 79 24 109 105 44 49 30 8 75 52 24 94 31 119 2 84 28 82 73 120 58 96 106 33 120 88 21 3 54 5 28 34 86 7 45 84
19 82 24 65 32 53 27 15 16 95 82 47 117 78 64 69 104 106 12 105 104 55 87 66 18 113 115 80 116 11 125 15 67 32 90 120 52 49 104 35 77 111 73 56 86 16 63 120 25 56 118 9 66 64 93 126 60 51 33 12 120 88 22 95 13 99 26 38 89 6 65 54 34 61 82 117 77 24 76 105 56 35 86 93 122 79 81 119 31 57 68 86 80 8 61 54 103 1 122 63 49 30 22 47 104 13 35 5 50 82 90 110 78 83 61 65 95 30 91 19 17 3 77 32 11 99 100 57 0 85 42 85 35 103 67 49 25 111 96 88 50 45 66 99 28 52 93 94 108 75 14 96 46 68 123 56 65 112 9 92 46 82 19 24 11 4 58 55 34 43 84 113 53 79 61 93 37 97 61 101 47 9 102 1 108 120 9 77 47 74 53 79 7 118 108 59 93 61 64 92 19 49 96 114 83 112 27 93 99 19 59 111 3 40 63 106 70 19 103 111 5 30 93 26 41 19 108 120 11 77 82 79 84 1 47 49 101 31 91 104 119 54 25 75 113 73 124 72 117 47 76 25 99 13 94 118 122 95 46 20 60 80 94 35 8 82 45 7 45 46 20 76 117 27 71 83 119 89 119 36 4 68 14 75 76 122 84 120 111 105 42 104 103 21 107 28 125 80 4 32 44 57 105 81 4 75 55 13 84 56 88 98 4 18 69 94 98 122 32 58 116 78 119 117 95 51 95 77 3 28 16 32 85 17 102 10 35 30 25 35 3 77 103 61 21 104 55 7 41 92 7 30 117 23 86 13 97 41 105 99 47 115 9 28 49 81 41 19 39 94 118 87 125 46 36 70 87 52 36 66 122 47 109 10 25 75 21 120 118 17 12 63 2 119 74 121 51 99 58 43 77 80 41 82 65 73 101 61 1 57 4 75 32 16 79 124 124 100 106 10 25 25 57 77 100 2 35 67 80 8 59 70 68 70 58 52 15 25 46 28 12 25 34 73 21 57 57 36 121 99 9 71 41 44 101 104 111 74 25 1 11 96 0 52 9 85 99 14 26 96 119 33 3 97 113 37 94 122 107 1 69 6 80 91 36 94 12 119 85 114 73 84 108 65 73 81 91 102 37 99 2 65 30 51 11 43 67 65 80 87 104 89
38 21 106 7 61 5 47 100 8 89 64 119 108 78 55 103 21 75 48 25 113 97 6 83 75 75 64 56 12 108 29 24 54 59 48 44 92 70 34 56 0 105 6 121 95 11 34 85 90 88 69 69 36 77 88 15 12 53 93 111 5 84 74 9 110 106 98 3 43 94 7 22 14 38 89 67 55 28 16 60 17 56 92 94 125 100 85 90 97 55 77 114 88 33 74 104 91 124 3 9 70 125 26 109 95 65 75 40 58 5 0 24 39 32 98 110 89 40 62 97 41 6 29 8 107 69 55 112 62 65 11 9 106 15 12 36 2 125 103 49 22 52 112 113 6 82 8 85 35 3 118 89 78 53 93 118 38 88 81 27 73 91 113 33 57 78 126 31 79 65 113 48 34 86 79 67 1 98 123 52 59 95 90 114 117 88 111 33 107 52 46 0 64 24 31 39 75 94 68 97 123 91 74 95 32 116 23 18 75 101 0 37 125 104 73 84 21 20 53 116 107 50 122 28 54 116 105 26 55 40 41 34 57 13 71 110 116 3 47 59 114 95 30 110 97 23 78 77 12 40 58 9 38 87 1 94 1 60 5 86 29 12 90 26 68 88 111 111 46 81 10 24 37 27 107 103 53 0 84 92 100 86 26 14 76 58 52 61 78 75 3 16 43 36 111 56 104 23 49 75 101 23 94 14 88 103 14 58 107 31 109 98 117 126 52 98 46 77 63 70 103 8 113 21 95 92 89 15 44 80 68 39 38 39 122 48 8 25 101 118 52 109 112 34 46 56 11 112 25 40 10 72 98 23 113 3 40 93 113 76 97 46 52 94 27 22 55 1 95 16 126 88 80 44 123 49 27 31 32 12 89 94 91 14 99 66 56 125 125 35 69 118 116 119 106 31 51 95 43 10 96 61 8 102 11 68 57 50 37 24 62 91 85 112 40 32 25 107 5 107 29 19 37 118 58 68 58 13 87 77 117 25 65 17 91 30 46 96 67 45 65 82 49 1 0 47 89 112 87 74 103 67 5 93 11 114 100 15 32 125 83 10 122 78 57 63 62 79 126 55 73 58 109 73 96 120 94 66 49 70 122 112 94 95 35 5 42 38 119 85 114 112 99 120 118 49 69 12 64 103 81 41 43 106 63 33 19 94 49 37 100 94
51 77 93 37 41 59 73 14 20 69 67 67 73 119 15 84 119 107 92 0 48 93 23 94 111 97 51 106 17 117 80 35 93 113 9 13 31 115 94 43 71 48 68 126 56 21 13 32 86 106 42 2 18 38 70 88 85 95 62 92 92 12 110 7 97 101 0 76 107 0 113 1 76 12 120 9 52 70 50 9 84 115 88 65 48 85 51 67 49 109 60 82 58 104 7 51 48 107 93 73 40 112 115 29 7 107 23 98 96 104 34 43 112 71 72 123 101 68 94 112 48 35 29 120 20 56 8 23 125 15 91 92 55 74 79 123 114 49 32 79 28 12 125 4 17 8 51 32 46 112 92 121 24 45 126 33 3 90 33 34 121 51 14 20 63 104 3 125 72 71 52 8 88 104 56 58 13 18 59 11 19 73 111 4 16 8 58 77 28 20 21 101 69 39 19 102 99 70 8 48 101 78 115 103 76 49 56 120 104 28 120 122 76 60 87 114 10 63 123 24 64 72 106 5 47 103 62 8 63 20 14 113 48 97 75 7 109 46 9 78 93 17 99 11 20 29 21 96 122 121 114 81 20 43 30 13 88 33 68 15 72 102 88 17 47 99 99 94 24 29 113 69 41 41 20 28 63 72 1 77 62 10 14 5 108 42 36 43 22 16 39 109 61 47 21 63 120 107 123 69 72 93 116 101 50 106 100 5 39 116 92 117 126 123 39 83 61 9 2 51 90 108 68 96 115 3 8 90 121 82 44 30 73 110 14 70 107 72 55 92 42 7 0 95 74 0 43 31 84 20 119 74 44 61 88 71 62 17 74 122 52 100 50 23 34 92 124 5 55 29 52 35 18 109 23 55 83 62 29 106 105 79 122 86 119 35 43 94 65 67 96 8 64 60 106 85 18 71 60 49 55 122 40 70 3 49 122 15 101 17 118 117 32 32 38 46 80 61 108 26 71 111 84 80 91 23 71 65 85 86 122 36 10 117 24 50 103 27 54 71 123 101 86 34 51 2 16 31 81 92 80 1 32 21 20 48 86 61 86 93 19 105 55 72 78 81 103 117 21 81 38 76 49 113 1 40 106 66 46 69 108 82 39 21 77 96 104 60 10 95 109 11 100 28 17 98 99 42 118 40 34 45 38 122 15 10 120 9 28 106 31 72
41 50 118 4 35 70 93 21 29 29 28 39 40 107 90 77 67 64 20 54 84 56 92 80 12 40 111 50 121 105 24 67 49 25 107 68 109 26 47 73 43 118 5 9 100 120 23 121 18 81 19 105 74 110 15 97 80 72 89 36 39 59 125 4 43 51 6 57 106 18 119 61 25 97 68 58 13 31 93 34 118 55 23 8 74 108 46 51 69 43 115 26 47 4 29 80 43 67 22 106 70 1 60 91 65 70 82 52 80 16 24 66 82 0 93 84 123 120 102 94 18 81 56 54 28 78 106 64 103 77 113 29 76 102 4 75 125 42 36 121 117 99 11 123 15 102 119 58 107 100 56 37 43 28 53 41 6 31 14 15 31 84 121 107 81 13 39 84 59 83 38 80 56 106 68 12 86 85 16 17 19 49 110 75 76 18 19 106 15 71 117 53 67 46 101 32 7 25 126 117 97 1 108 48 92 118 39 25 30 32 90 93 37 37 11 18 38 16 13 74 67 73 61 39 63 65 75 36 30 62 31 113 26 108 103 6 76 57 20 20 39 90 118 16 90 61 30 32 53 36 58 55 29 115 80 75 91 113 55 46 25 104 107 62 83 124 12 35 41 100 60 22 106 6 100 48 82 97 39 72 18 114 112 44 117 55 103 9 120 1 74 55 82 39 123 89 92 2 29 112 76 5 88 97 75 44 95 50 91 31 44 97 108 60 75 45 70 15 96 109 5 106 30 11 59 52 60 37 76 45 53 80 56 100 1 41 126 90 124 105 82 26 2 16 111 27 52 44 118 73 62 117 25 49 19 119 68 20 108 78 0 120 95 62 118 51 83 85 98 0 84 112 8 66 119 9 35 23 106 47 36 56 82 97 59 80 103 94 44 10 59 65 124 56 82 121 47 28 82 50 79 14 4 2 121 3 1 55 84 28 55 80 99 41 106 0 35 0 111 24 20 59 100 31 46 118 90 96 98 41 1 70 59 126 59 23 110 38 15 62 52 58 45 3 68 24 95 81 9 86 93 97 32 61 17 36 76 51 34 113 109 119 102 112 40 120 73 14 84 26 55 30 65 123 98 93 71 99 87 32 48 23 92 13 55 20 114 109 67 92 21 118 104 65 44 125 56 126 124 81 54 44 106 31 125 50 25 3 106 14 67 88
60 117 113 7 66 124 101 98 89 78 126 55 78 82 17 22 69 61 34 51 75 124 33 47 125 30 16 2 64 22 77 26 22 123 98 92 60 73 73 63 43 25 53 58 43 5 94 14 69 116 45 76 18 28 68 54 48 75 102 115 35 123 114 22 35 38 4 50 89 71 78 89 33 95 25 103 89 126 39 90 76 38 7 1 20 54 28 21 51 85 38 29 68 9 46 89 7 68 66 121 85 17 123 48 62 95 39 70 119 88 124 89 33 93 80 79 32 4 65 27 47 3 29 56 88 95 77 114 23 10 27 22 118 109 90 116 44 71 34 47 97 22 8 1 52 68 28 45 9 117 65 3 85 14 114 85 88 10 85 108 88 22 71 77 34 8 42 75 24 67 67 52 78 27 87 1 31 20 122 56 75 114 24 45 52 0 19 55 43 33 123 100 60 104 78 95 19 51 34 82 53 2 7 110 66 107 17 3 95 118 2 13 28 78 20 79 85 34 70 83 113 56 64 33 57 118 87 48 96 12 125 98 57 104 17 1 0 100 19 77 39 33 39 75 8 50 108 96 75 60 78 9 6 27 45 34 42 118 53 19 25 101 5 86 95 59 112 59 91 108 24 97 103 25 103 91 125 34 114 44 43 93 30 50 117 107 16 32 17 124 30 66 120 110 36 8 62 59 113 88 103 39 33 92 49 18 79 57 59 35 3 29 51 83 118 56 38 10 73 53 67 89 13 10 46 124 69 7 67 53 26 46 64 50 31 44 110 64 8 111 27 40 43 4 86 6 3 80 44 44 47 37 89 42 95 125 116 66 15 36 33 39 85 76 26 72 91 104 99 102 96 2 3 116 15 43 52 50 63 62 96 38 65 58 20 55 86 31 35 6 5 70 37 10 103 76 102 83 105 47 40 75 6 42 40 108 122 97 76 16 66 68 57 69 54 45 104 69 113 66 106 30 25 126 3 37 92 9 11 108 120 104 20 48 40 6 45 13 89 11 125 56 17 31 56 114 122 10 48 16 96 110 10 72 40 6 108 48 121 111 20 13 120 74 88 79 99 62 61 16 104 5 117 67 82 112 83 33 102 48 89 106 21 56 122 50 73 85 67 100 85 122 77 31 39 113 116 109 116 104 23 12 84 80 102 70 88 69 8 43 56 3
45 102 59 20 31 106 63 62 26 120 99 120 59 81 48 99 1 125 33 95 30 48 12 60 59 125 5 116 104 63 20 20 42 42 42 38 28 30 86 118 81 120 116 91 107 42 26 104 108 52 109 117 40 79 8 0 8 99 10 102 124 70 23 125 107 94 88 29 80 76 29 25 100 4 59 48 44 91 44 19 100 95 93 29 83 59 37 24 42 92 27 95 33 118 62 16 90 110 39 41 40 15 83 102 115 92 21 28 99 98 102 47 111 34 86 105 104 107 15 125 122 65 3 71 36 0 28 111 23 49 55 64 23 6 113 15 54 113 71 39 74 116 74 65 95 35 126 82 58 27 77 71 87 116 2 19 12 118 36 0 11 30 1 85 8 122 72 40 95 6 30 44 48 107 67 108 107 20 3 92 105 49 56 113 61 38 39 118 94 41 84 56 112 42 35 32 82 41 44 18 68 85 26 4 56 3 6 33 15 26 68 67 60 107 112 123 72 38 105 40 87 100 100 125 34 89 115 37 39 24 87 59 102 89 2 2 11 119 42 11 38 24 64 65 79 108 34 84 60 73 25 47 58 65 59 9 101 10 32 43 101 76 87 34 62 47 74 39 48 106 88 33 46 114 94 31 94 102 51 60 45 111 111 74 10 55 11 125 59 93 70 89 92 126 39 0 60 82 31 11 17 82 86 32 53 117 48 64 79 65 50 100 5 37 22 35 34 108 80 1 49 82 118 100 113 73 21 64 90 96 80 47 121 27 64 51 79 78 95 14 84 91 75 26 32 37 78 81 118 117 22 44 120 26 26 94 13 117 70 93 107 61 1 19 47 114 18 59 77 38 30 91 108 24 54 9 73 118 8 61 60 97 126 23 118 92 63 56 26 59 57 126 39 4 113 75 21 0 94 39 83 101 123 22 9 125 82 126 72 28 90 73 111 118 33 121 37 51 24 113 24 90 100 13 55 69 37 51 67 82 55 108 71 71 85 44 118 80 40 34 20 9 102 45 90 37 71 42 51 73 40 6 121 34 91 104 82 65 40 7 123 12 92 85 11 25 115 69 94 58 3 35 98 42 105 37 7 8 4 85 120 33 17 40 10 85 41 57 115 50 63 111 106 9 113 82 12 118 15 47 17 4 92 126 23 55 61 17 7 72 61 31
111 119 85 35 107 77 33 31 69 87 47 23 32 50 15 51 64 24 24 74 65 87 19 55 125 80 76 32 50 94 66 123 5 24 28 124 55 3 86 101 34 83 24 99 88 51 4 9 112 123 34 116 111 58 76 90 88 120 107 95 21 108 1 50 100 42 16 29 112 83 70 23 114 29 80 64 106 32 31 92 96 102 67 84 90 13 5 13 120 94 82 77 93 3 85 121 15 79 48 116 116 27 122 113 67 81 95 53 33 91 44 83 81 10 123 25 49 85 16 19 100 70 111 3 57 123 98 65 1 30 75 80 118 21 49 85 40 113 21 91 12 96 9 103 37 106 56 113 7 73 31 2 92 84 10 79 51 102 90 89 80 126 112 103 63 122 68 60 35 17 90 43 100 122 125 108 110 86 11 42 104 15 98 30 70 8 93 19 84 30 47 84 29 65 27 103 24 12 27 8 21 124 61 24 7 33 63 9 28 60 29 12 73 125 112 91 89 86 38 59 84 14 8 69 76 99 73 4 21 121 71 72 92 16 104 55 35 74 107 6 16 17 37 56 24 122 103 49 41 125 73 64 82 38 66 32 54 95 113 63 64 35 71 114 83 67 21 72 37 37 50 26 120 86 47 69 56 68 18 73 12 66 83 23 126 90 63 34 104 15 13 10 69 103 89 82 116 63 23 112 71 60 65 93 87 5 0 94 81 32 76 109 80 26 17 39 38 40 16 61 21 68 78 15 28 35 17 107 83 21 72 54 43 118 18 58 126 11 34 51 8 110 51 61 17 104 94 19 40 2 90 103 96 59 39 83 102 72 72 98 81 9 42 51 69 34 16 91 82 87 1 76 83 115 101 53 84 1 54 91 98 67 46 53 117 47 18 31 61 43 64 16 76 37 104 123 88 73 102 124 39 81 16 91 97 92 20 119 71 28 30 103 30 49 24 26 7 25 94 23 108 100 25 123 81 45 124 104 64 123 35 7 118 65 122 88 125 39 120 94 67 83 94 99 66 70 98 126 48 3 89 64 82 30 44 111 20 16 72 79 111 38 67 55 3 91 122 18 116 75 34 2 18 34 96 60 79 64 18 33 72 96 83 104 80 8 20 124 95 26 121 118 10 43 16 78 75 86 50 31 18 55 119 112 99 78 105 7 61 49 125 29
94 7 71 115 28 82 49 123 8 89 110 44 3 63 78 72 63 119 30 7 50 53 29 103 109 111 100 90 21 34 8 115 41 23 22 35 20 81 22 30 107 16 36 62 53 65 80 46 19 60 32 5 100 4 81 126 100 20 122 92 46 64 90 66 60 91 63 102 30 32 51 23 115 31 122 65 38 122 31 40 24 19 9 120 81 105 49 65 34 100 38 74 117 119 26 117 22 32 15 115 99 70 35 114 15 97 58 30 108 60 2 58 50 92 52 21 39 119 72 55 2 118 8 122 93 92 80 74 119 25 126 60 106 10 19 71 38 6 76 121 28 63 22 48 95 14 42 67 38 70 3 86 64 3 18 80 21 12 23 111 110 74 91 78 16 3 11 16 104 49 54 5 92 55 64 110 104 40 94 120 43 10 43 99 30 30 79 3 115 123 89 112 110 97 68 42 124 105 4 51 90 59 76 14 10 104 87 74 108 98 52 12 67 90 92 57 48 77 29 75 57 99 83 104 123 64 9 97 126 112 27 113 95 57 8 71 112 116 93 108 9 68 24 118 4 23 80 29 101 100 87 1 51 114 103 37 65 59 19 62 106 32 101 13 99 54 102 78 96 80 28 45 26 90 20 8 123 73 12 114 3 95 120 126 3 81 99 38 41 53 9 22 105 8 66 63 7 51 119 75 7 21 103 99 27 107 112 122 115 54 85 20 82 94 117 48 63 61 32 108 78 47 87 34 110 53 20 52 100 10 76 20 23 18 17 103 73 123 85 106 88 81 93 56 101 94 77 61 14 0 11 4 90 78 56 63 108 117 13 58 106 4 104 116 93 54 55 76 27 2 16 95 73 59 101 108 107 58 29 32 123 106 118 106 64 97 55 47 35 95 31 57 17 119 101 82 96 59 47 47 106 71 84 58 85 9 118 3 123 93 64 108 10 78 41 57 114 110 111 101 107 99 83 47 64 57 59 68 65 96 39 111 12 1 22 61 7 22 99 20 41 6 35 108 108 111 114 31 25 23 57 61 24 12 38 93 60 13 84 43 111 122 113 69 32 57 23 105 74 19 61 70 77 75 116 14 5 0 96 23 81 15 102 30 32 19 42 86 26 120 1 85 44 64 57 116 22 118 85 66 47 82 71 1 122 40 122 97 8 48 39 106
26 113 50 41 0 10 34 96 90 53 74 14 126 96 25 62 42 62 100 90 119 114 51 109 114 61 3 70 5 44 35 5 33 45 34 90 84 59 86 92 70 61 28 25 44 123 108 121 63 41 82 16 82 97 68 3 103 19 75 71 114 105 109 121 45 3 114 61 50 4 31 71 48 51 53 39 102 113 123 103 23 60 81 56 9 12 78 3 24 95 57 99 34 43 92 34 107 65 104 6 4 125 21 78 111 19 31 126 29 41 17 19 100 93 9 7 72 58 38 73 28 80 109 3 30 51 115 25 18 72 120 35 72 40 73 11 67 34 108 6 110 56 97 6 48 99 20 58 121 6 72 62 117 84 104 18 111 108 60 94 96 53 82 99 54 27 25 28 7 126 51 107 60 9 69 58 55 39 40 3 64 110 7 27 15 123 94 97 86 8 70 23 38 18 91 19 59 38 66 105 68 11 76 9 55 55 2 11 32 92 118 7 39 114 18 69 35 44 105 104 1 36 58 49 37 23 40 111 47 79 108 31 29 65 94 67 98 1 26 4 28 10 115 26 0 45 71 119 107 80 44 104 59 44 64 60 10 122 13 35 39 76 86 123 63 57 40 5 33 86 91 108 124 101 35 72 60 52 72 118 60 70 24 49 65 123 47 28 21 75 5 66 116 31 27 61 27 24 64 38 58 85 90 49 54 99 99 76 2 81 1 9 109 49 31 32 88 54 78 125 77 16 80 12 56 32 58 78 91 5 81 54 17 96 116 35 117 11 43 92 19 82 59 51 98 110 80 50 90 117 111 104 93 13 69 9 125 100 71 83 43 71 112 19 86 89 20 54 88 52 116 89 79 112 48 67 69 48 27 57 70 80 30 83 45 22 68 28 49 124 18 0 9 35 81 17 77 43 87 37 54 10 62 78 26 44 19 2 48 124 10 37 78 114 63 21 19 125 30 92 74 77 18 61 21 69 71 19 122 114 106 67 59 44 67 81 32 20 91 30 65 69 94 46 119 54 100 81 124 56 83 111 92 108 94 44 55 123 81 88 1 98 54 28 12 3 52 111 47 38 44 14 11 24 81 5 1 39 34 116 50 77 112 63 17 27 97 72 56 33 36 43 78 21 107 100 86 0 118 91 70 106 107 123 8 101 50 42 63 38 99 33
33 30 67 2 46 85 32 19 0 9 4 89 62 79 26 14 106 69 21 101 42 30 16 8 60 119 91 62 47 125 83 113 28 22 36 65 86 22 74 33 105 7 44 74 79 64 20 105 85 0 62 3 61 101 3 61 96 87 112 83 14 15 69 101 11 98 116 109 87 100 25 17 60 57 40 41 115 63 35 33 71 95 123 115 94 1 79 66 102 5 70 94 95 1 75 114 101 113 110 28 19 33 7 12 94 83 112 50 107 67 64 4 77 115 6 95 93 3 91 15 50 84 10 65 27 106 74 38 117 89 35 122 45 82 33 22 84 54 114 79 119 116 77 12 100 17 56 95 65 106 38 74 18 125 107 33 16 123 109 18 52 13 93 62 116 10 120 58 4 95 34 39 116 4 74 2 68 94 72 101 88 88 114 44 81 99 35 62 87 70 86 114 4 103 97 17 102 97 90 25 57 33 100 99 79 91 84 27 22 35 64 65 74 2 122 60 108 94 119 67 112 110 110 70 45 56 60 23 113 46 104 13 102 114 116 42 112 6 101 50 37 107 37 4 106 108 67 4 79 28 97 46 83 110 17 56 14 46 43 117 117 91 19 34 39 76 26 121 26 68 79 42 15 4 100 23 122 24 40 119 45 91 72 49 18 10 96 9 78 46 114 63 55 123 87 4 94 124 83 59 66 100 48 119 41 41 6 113 26 76 31 7 34 0 114 66 89 43 92 84 99 102 110 10 108 41 55 51 36 34 111 46 84 37 35 53 106 45 118 15 101 74 71 70 82 40 2 110 90 56 41 116 16 121 40 97 85 78 26 46 54 34 18 97 56 53 0 51 52 92 100 81 112 122 19 79 80 65 119 121 61 42 42 11 88 101 88 85 117 84 73 69 72 44 61 103 111 6 19 8 27 19 84 69 46 45 74 56 72 88 3 33 59 0 25 96 6 64 27 100 91 71 74 72 8 98 6 125 94 57 94 60 11 110 24 124 74 116 107 106 110 100 14 77 100 86 43 37 116 33 3 46 25 18 53 9 46 84 75 23 25 84 53 83 44 102 39 53 87 39 18 18 112 50 122 60 75 46 66 79 88 51 7 31 125 109 75 6 124 54 52 122 52 79 122 106 66 48 61 59 73 12 28 56 91 108 70 35 115 122 48 62
97 97 109 0 86 39 116 110 14 42 34 103 20 62 106 66 17 64 44 47 92 119 59 70 69 23 20 112 56 67 18 100 94 121 124 48 114 68 47 93 126 42 25 77 65 104 88 126 108 26 102 0 24 91 95 58 4 55 91 102 79 102 17 11 21 115 108 92 54 59 56 67 64 91 77 56 38 76 111 94 31 19 83 82 57 9 106 89 42 80 33 12 83 95 89 29 119 16 82 28 4 112 107 102 100 69 114 68 76 4 79 83 18 116 103 70 103 53 80 125 53 31 61 1 20 92 85 103 47 38 44 1 73 126 93 13 33 103 34 72 54 72 108 72 50 81 1 116 74 25 103 10 7 93 41 70 126 83 47 36 38 100 25 11 124 35 50 85 79 123 114 103 64 38 42 28 77 107 11 58 38 71 74 62 119 111 91 37 33 58 13 88 41 38 67 101 86 45 34 20 47 4 99 39 13 95 60 115 105 8 3 75 101 25 115 124 65 41 87 84 42 107 78 125 116 85 56 83 101 26 73 18 15 24 25 102 111 2 65 70 116 59 57 82 117 34 32 101 36 117 96 94 117 26 108 93 74 64 19 44 15 48 30 35 0 123 93 93 91 22 48 42 27 76 18 13 10 101 9 65 11 70 123 23 17 56 54 84 37 3 8 14 80 13 17 47 107 122 70 86 121 56 101 108 123 50 121 66 58 110 42 110 59 9 98 88 25 84 23 7 108 78 61 98 31 57 73 55 3 119 27 66 12 35 51 17 9 80 24 0 123 83 23 77 26 96 4 124 74 41 97 78 101 107 111 121 48 73 8 6 101 75 20 97 95 77 64 70 104 9 117 90 67 11 73 10 89 21 56 115 123 12 15 122 26 35 11 20 66 49 118 109 7 114 84 126 61 62 29 86 55 114 68 126 103 1 124 96 123 43 16 9 114 70 62 31 4 126 20 8 104 93 17 55 79 77 101 23 8 17 36 106 56 13 96 91 115 66 37 114 92 110 32 97 110 37 65 105 107 0 26 115 78 17 1 74 30 14 16 7 35 35 70 72 14 85 13 70 36 81 1 41 122 23 70 25 1 126 14 34 72 72 65 72 76 17 110 53 78 67 122 67 39 87 111 88 79 39 120 32 12 11 28 59 34 75 9 0 93 108 17 51
65 0 74 13 123 87 125 62 13 26 106 111 93 38 63 6 91 102 45 90 90 116 114 48 40 60 90 120 54 73 110 43 50 27 63 22 61 120 2 16 28 36 85 57 19 59 60 56 109 118 105 36 122 68 45 106 12 27 62 25 0 10 114 102 23 60 84 65 47 112 46 121 45 3 15 58 71 102 27 28 122 122 13 115 25 60 76 12 31 79 21 122 0 92 112 33 119 114 88 118 69 116 50 24 42 72 0 3 66 5 9 18 114 59 73 61 69 57 113 39 86 116 47 56 118 94 35 72 50 121 109 88 94 40 93 22 72 36 54 59 115 89 44 67 116 102 42 23 75 107 24 21 20 115 106 46 1 26 101 96 75 30 74 14 50 108 9 69 101 91 90 8 101 49 30 10 40 101 41 58 5 59 44 85 91 85 84 29 10 56 102 62 79 23 55 84 63 30 96 85 0 1 68 98 56 107 80 104 64 60 70 2 35 64 106 58 10 104 123 122 7 21 88 89 10 65 76 49 36 64 89 76 69 104 122 110 70 59 7 2 25 11 45 66 101 125 0 73 8 56 13 0 54 76 105 72 60 14 101 33 69 123 119 75 99 100 41 106 33 29 123 19 55 91 70 30 126 97 17 71 48 74 122 2 28 37 123 105 108 118 2 99 30 37 59 23 123 108 106 3 45 30 39 126 84 19 60 59 103 29 25 23 115 84 26 63 57 29 5 5 93 78 40 20 28 51 19 36 101 35 34 55 61 35 72 94 93 83 12 0 126 75 111 31 30 72 25 77 114 84 123 117 11 14 72 102 99 93 43 85 18 109 89 33 9 28 12 45 88 29 108 5 119 60 100 67 83 61 126 27 21 66 116 27 86 33 80 77 116 37 107 97 100 29 74 76 84 11 19 107 95 122 101 119 22 65 125 36 20 102 33 82 84 72 57 73 27 4 81 84 1 75 35 88 22 67 58 102 54 124 16 105 66 110 60 64 96 103 122 72 22 79 44 83 74 46 115 89 14 8 45 64 5 90 94 49 64 7 61 10 100 78 29 99 74 24 54 71 60 56 48 20 94 39 57 80 32 75 57 124 73 50 76 67 30 69 71 80 34 111 103 18 99 109 106 49 101 2 18 122 124 23 46 6 55 62 87 5 125 74 95 34
101 47 108 65 49 109 68 88 19 2 29 103 98 64 25 83 5 84 10 103 67 121 61 60 118 83 39 117 1 41 70 55 120 22 62 85 115 3 69 58 87 12 53 7 115 79 48 99 75 93 32 32 89 56 31 103 37 33 84 85 72 33 75 57 52 6 50 2 116 1 45 8 104 84 121 111 7 91 8 116 109 105 25 56 26 22 72 53 43 31 72 66 81 94 93 107 81 55 93 59 34 91 74 110 100 48 99 52 19 110 34 99 22 22 113 95 89 34 42 25 44 55 18 121 118 82 2 86 78 82 35 55 16 49 52 48 38 0 97 92 36 58 23 0 6 12 29 56 67 80 60 15 69 56 89 78 56 103 110 60 102 119 55 0 103 20 124 55 68 109 56 79 77 55 34 32 125 56 54 125 91 48 109 67 2 126 27 76 70 44 97 49 10 104 27 82 72 67 118 58 98 51 54 109 123 9 112 61 112 114 94 58 90 48 29 81 95 32 120 70 11 126 124 58 51 105 101 66 61 11 49 10 92 62 32 47 68 45 73 62 10 79 113 1 3 16 45 49 28 74 66 115 0 12 15 51 15 117 32 54 94 69 111 111 44 52 79 89 110 105 87 103 43 76 125 21 37 9 26 116 94 18 4 79 55 90 113 101 36 64 93 1 51 73 103 52 21 74 14 63 9 93 114 104 101 111 82 32 114 8 63 81 82 53 39 126 56 46 118 5 86 60 66 33 20 12 73 13 95 79 112 38 53 116 63 51 21 89 126 61 48 54 92 86 67 80 114 53 94 91 55 37 23 23 88 104 102 33 91 26 21 42 79 15 14 27 91 1 48 19 71 43 3 87 72 102 107 4 122 69 56 45 62 73 25 21 18 14 29 18 6 109 100 99 36 60 16 123 6 111 46 38 26 95 111 120 64 67 67 37 64 51 95 102 83 26 80 101 99 32 94 16 85 111 1 103 114 91 102 48 11 68 4 110 52 73 110 41 40 32 83 60 93 69 109 10 25 84 16 31 102 75 123 46 9 69 117 106 78 126 15 14 82 72 46 32 124 92 70 5 43 86 26 89 111 24 67 89 53 63 13 79 85 68 119 71 117 41 108 112 82 94 10 81 49 82 28 56 55 23 62 32 51 59 8 5 117 62 7 100 23 110
54 34 92 23 62 104 50 54 117 110 96 21 73 7 122 68 49 108 94 118 44 91 76 44 86 80 100 44 82 26 22 20 37 81 97 89 54 88 63 66 31 47 26 42 38 82 114 81 42 32 34 17 38 126 63 17 94 69 88 84 120 19 79 32 125 43 98 121 76 7 12 98 126 2 76 60 110 20 87 114 43 41 2 80 101 1 126 76 5 23 34 122 115 18 44 63 81 47 30 113 119 51 15 77 29 69 39 91 109 93 88 89 61 0 108 76 74 13 63 81 10 91 125 15 23 14 75 117 4 73 7 67 96 77 44 58 71 125 123 60 92 1 17 64 51 98 0 120 53 43 55 58 80 123 67 91 25 81 20 29 19 107 15 54 88 80 123 10 63 83 85 34 79 41 7 30 70 37 116 24 96 69 0 68 25 101 102 45 17 123 51 50 51 118 42 121 113 84 3 19 111 60 77 24 96 11 56 26 63 56 21 45 99 118 19 110 87 84 112 55 65 85 54 59 66 117 122 50 117 51 89 18 65 71 92 36 31 123 72 103 61 87 79 15 74 41 20 29 79 104 116 108 48 53 81 6 45 82 74 39 54 96 118 74 21 125 124 51 0 92 91 72 28 119 95 116 47 59 47 76 34 41 37 8 59 26 79 36 68 114 78 38 27 103 76 44 69 15 48 89 82 51 44 58 125 25 23 29 123 98 57 39 9 21 72 1 9 58 115 30 114 4 28 89 81 23 62 33 62 124 36 3 55 101 65 112 126 60 9 6 71 124 64 2 59 126 80 122 37 120 117 73 53 17 3 69 112 1 118 104 17 49 71 74 104 124 33 15 62 71 66 62 38 64 0 107 45 102 28 61 26 51 91 58 107 18 42 123 96 61 17 112 89 35 123 71 42 26 87 17 106 4 63 24 13 97 65 35 110 76 88 70 126 104 106 99 107 50 29 70 23 13 38 97 37 108 89 49 87 8 104 54 100 73 24 7 45 68 118 22 67 113 41 41 4 17 15 6 27 48 24 73 67 99 18 1 120 51 97 118 115 106 64 84 60 76 119 46 61 65 17 122 68 106 66 30 14 93 13 122 94 67 42 106 33 12 56 17 105 92 48 87 102 42 69 111 77 10 1 47 66 54 1 95 71 72 21 47 97 66 22 120
96 31 70 2 7 119 32 96 71 67 78 77 102 83 71 27 8 45 125 71 21 28 102 1 108 86 47 121 98 9 2 40 1 15 15 37 96 36 126 90 42 17 100 76 97 90 71 40 7 124 64 21 24 50 27 32 124 29 32 25 76 56 80 50 101 37 75 103 72 99 58 109 99 31 107 63 122 85 41 113 40 94 15 45 45 96 79 80 80 2 1 58 106 112 10 80 30 59 95 43 59 106 44 25 91 28 18 28 126 103 63 103 111 80 6 25 76 72 75 36 32 53 16 67 113 91 79 43 19 75 3 59 119 85 85 13 72 19 52 34 40 101 25 108 48 64 22 51 108 22 49 34 73 87 5 41 37 88 4 83 114 13 28 28 18 14 58 22 18 10 96 114 84 118 45 17 98 110 32 102 123 59 8 114 0 33 109 17 121 35 64 0 41 13 15 61 64 67 122 21 59 111 15 99 3 15 5 34 49 69 105 56 74 59 121 77 80 37 45 125 43 22 20 49 52 118 60 64 95 27 101 117 111 79 53 125 36 73 110 68 97 104 56 1 77 38 78 1 66 25 17 33 55 54 28 50 75 78 58 15 42 46 77 26 83 93 41 24 1 73 110 99 22 23 32 87 39 81 121 118 39 109 110 26 8 121 37 117 20 65 64 7 86 24 16 77 89 75 120 43 93 20 57 68 50 10 41 97 28 45 7 43 78 68 96 100 35 112 68 99 34 105 80 112 33 7 11 31 34 37 108 71 84 125 95 86 116 105 26 38 90 6 42 9 14 85 116 78 31 84 77 51 14 18 31 12 15 40 89 6 71 63 81 73 16 123 100 109 0 63 50 14 97 123 77 57 1 10 28 74 27 108 72 115 31 121 5 64 105 121 120 57 111 43 33 75 5 85 48 14 62 117 96 105 109 105 59 64 120 14 15 17 101 25 14 104 41 78 37 58 34 9 93 108 75 124 14 47 37 2 76 99 0 35 56 72 74 72 6 101 115 77 112 38 105 69 8 123 18 31 22 96 108 30 4 41 29 63 50 2 2 16 125 124 106 4 1 62 124 34 83 95 14 69 71 53 73 107 81 93 122 113 95 35 39 106 32 5 117 13 59 4 92 18 73 19 53 91 61 8 71 0 48 30 78 61 4 103 3 117 7 41
102 35 4 124 20 59 10 17 2 5 45 119 16 19 89 14 95 65 15 35 104 108 6 37 18 2 36 39 109 101 20 95 85 114 105 122 80 36 20 73 103 31 118 65 26 19 39 84 121 65 42 19 94 24 122 110 74 3 108 63 57 93 32 116 20 19 20 82 14 10 111 0 17 33 60 37 109 5 75 124 65 124 66 73 65 38 18 31 35 125 64 64 126 51 25 7 57 125 40 82 125 56 116 33 25 90 1 35 97 80 93 39 3 85 7 66 111 65 39 87 61 119 38 46 76 13 12 28 69 64 38 110 87 80 97 14 38 107 1 2 116 115 16 25 96 69 17 46 114 18 28 76 74 36 43 41 111 38 41 47 107 24 90 4 72 66 95 122 50 4 21 53 107 10 52 115 25 67 78 82 25 38 54 60 25 111 13 121 123 45 82 87 23 113 31 18 14 92 14 71 28 47 73 15 42 103 119 87 0 114 92 105 106 58 63 124 120 33 71 21 122 0 33 41 76 125 101 55 96 52 26 99 31 23 15 65 108 3 114 8 115 64 77 77 18 116 0 114 49 68 71 99 19 42 44 89 46 17 96 53 84 67 98 57 12 13 17 126 42 69 68 118 65 17 95 67 45 95 25 40 92 81 80 23 45 61 51 89 16 97 113 43 53 37 21 17 18 83 87 105 88 84 67 94 86 75 108 2 120 50 118 80 25 8 45 39 27 79 49 40 109 85 83 32 26 32 77 26 66 1 63 17 62 105 13 47 83 34 124 120 80 116 3 78 40 97 120 125 39 71 11 6 122 15 99 121 37 58 45 105 46 63 83 53 58 78 48 35 20 120 38 105 85 117 122 63 78 27 86 91 123 36 2 89 97 64 80 28 27 72 109 106 92 64 74 73 80 6 64 4 30 43 9 59 80 55 67 103 54 30 40 121 7 15 20 31 109 1 66 75 81 67 126 73 38 57 2 40 91 126 105 96 67 49 96 58 78 109 102 36 8 79 81 103 65 13 14 114 23 108 33 62 40 16 126 92 3 50 84 107 2 68 51 44 15 16 86 28 56 86 116 19 50 25 41 55 104 123 7 47 94 27 5 14 122 122 90 16 32 47 12 80 13 55 103 67 10 116 120 79 72 21 19 68 7 76 71 61 69 124 123 62
46 106 27 14 34 58 60 74 25 68 49 113 28 15 66 45 123 97 43 17 104 22 71 116 105 121 124 68 16 113 60 53 40 36 92 8 96 84 6 1 60 107 107 80 55 10 43 41 59 79 82 18 93 125 81 11 108 2 123 110 115 42 65 112 107 121 60 126 109 101 20 49 68 120 55 68 39 33 18 122 38 113 23 23 52 100 87 45 20 86 23 93 88 13 96 36 94 36 118 27 20 48 45 26 121 48 14 120 86 126 67 7 64 5 87 108 9 71 24 89 21 101 28 31 83 49 6 117 57 112 123 21 106 99 75 85 55 0 29 36 71 59 24 88 55 121 14 39 109 74 89 106 75 51 72 25 3 32 50 112 70 70 37 107 62 33 71 71 56 97 2 97 105 121 51 116 114 3 70 67 79 68 4 93 76 32 18 33 71 26 93 49 45 60 12 61 92 105 119 9 64 69 117 105 115 124 57 91 57 82 24 26 70 27 37 91 23 86 67 84 4 44 104 15 22 54 40 91 81 92 41 37 94 81 49 82 123 19 62 6 113 112 91 27 7 67 64 70 46 99 2 96 81 43 104 38 62 85 34 55 72 60 55 1 102 29 44 99 45 117 61 119 69 53 58 101 97 104 67 117 46 64 41 13 39 7 24 46 37 44 8 2 96 91 51 49 2 29 126 42 33 14 26 87 53 92 35 1 80 12 10 108 66 79 6 121 126 26 93 16 120 19 96 27 26 27 40 97 9 66 3 5 53 33 94 69 66 61 61 28 117 59 6 81 92 26 27 125 24 72 39 58 121 4 68 100 63 31 33 11 105 90 53 95 84 67 7 32 25 58 86 108 61 98 57 31 78 33 101 56 41 65 14 46 85 86 126 122 48 55 72 64 25 37 45 34 100 125 86 37 114 108 96 2 8 2 30 91 54 24 51 4 69 27 46 45 26 33 39 115 117 11 38 98 56 39 59 28 73 52 120 96 38 118 23 16 101 1 81 117 58 7 23 33 126 37 59 66 2 17 84 31 93 103 56 14 45 55 25 50 104 3 96 99 53 74 97 107 32 53 110 40 87 118 53 84 86 90 73 47 60 42 9 111 122 118 19 8 5 125 100 34 91 110 5 19 31 2 93 53 95 36 51 6 72 52 19 28 118 59 82 123
35 17 32 62 107 56 46 62 18 100 120 122 48 52 117 75 0 94 7 44 45 62 92 111 25 28 91 9 105 20 56 121 57 93 87 33 120 104 99 63 65 74 49 6 104 94 36 51 38 23 40 78 93 119 78 120 9 18 119 17 62 108 58 26 17 71 12 116 26 119 64 64 86 22 84 103 31 95 66 118 85 77 7 52 94 31 109 103 116 92 21 33 49 18 91 63 44 48 61 112 92 15 87 20 102 120 23 69 126 45 117 119 103 83 31 106 7 109 24 20 101 15 48 24 0 57 77 100 102 6 5 100 90 99 8 24 125 71 48 54 51 82 118 11 83 16 126 82 88 24 105 42 92 39 42 55 32 22 105 36 47 116 115 4 0 31 124 103 47 9 72 61 37 50 8 109 61 53 25 41 117 10 125 28 19 52 125 59 56 46 73 59 64 41 51 110 33 17 126 14 60 27 101 7 116 23 95 44 23 72 28 11 43 57 44 117 101 44 57 93 54 60 57 77 72 114 79 1 16 85 80 80 40 120 90 51 30 52 83 73 68 86 58 95 32 28 116 4 113 31 39 4 10 73 6 126 8 71 18 96 9 106 115 108 52 52 94 32 17 47 16 2 8 80 22 7 3 48 0 38 74 119 112 29 61 6 50 120 35 22 1 84 36 8 3 5 59 52 0 99 57 109 98 35 81 24 13 38 84 97 29 118 109 61 13 14 115 24 112 69 121 85 56 70 45 107 118 69 125 39 72 43 70 125 95 113 53 82 93 65 18 52 27 87 65 121 114 19 54 104 120 70 3 122 35 75 58 80 76 120 78 55 34 11 75 29 123 60 36 14 40 61 9 106 105 11 47 69 82 104 44 49 55 9 117 92 48 9 125 76 47 4 79 19 12 125 57 32 82 6 98 26 14 64 64 93 71 120 50 59 61 46 48 49 79 112 78 105 94 57 40 23 80 65 110 70 94 59 96 115 65 78 104 21 121 37 114 121 0 61 83 75 17 72 6 34 101 65 85 67 35 120 78 122 65 88 7 118 47 25 96 108 71 65 104 74 76 81 79 104 19 120 31 2 34 71 0 79 25 121 46 42 108 38 2 1 68 109 51 50 51 100 116 101 1 102 14 61 105 17 66 79 93 118 120 126 58 51 96 14 85 120
107 31 5 95 38 77 75 9 13 74 123 86 46 35 93 5 116 15 33 85 57 122 53 75 76 24 83 79 108 110 5 70 21 18 111 16 109 103 107 62 92 67 76 28 105 105 53 50 30 79 91 126 3 20 67 76 18 40 77 8 67 105 109 122 37 87 17 88 1 16 63 37 51 87 125 11 37 77 96 76 111 50 56 53 109 75 104 109 63 26 96 77 68 71 126 1 71 72 73 68 26 42 97 57 14 92 99 93 16 89 122 101 6 6 13 53 123 24 10 4 101 120 14 81 18 2 53 97 19 80 71 86 120 73 32 68 13 66 18 120 27 94 82 72 100 110 2 60 6 60 102 102 89 56 92 24 80 111 18 11 122 13 25 44 72 63 126 73 67 101 13 47 19 35 39 45 31 21 88 82 67 57 98 28 27 63 106 88 107 38 50 67 125 100 118 48 94 73 126 30 71 33 96 122 119 12 52 84 113 76 112 38 2 112 27 50 86 43 29 14 85 110 5 29 89 71 123 116 95 83 2 111 25 54 11 20 21 9 88 37 20 20 18 97 45 87 3 7 123 122 23 73 113 5 22 88 45 8 8 39 84 28 31 82 54 66 9 98 1 56 116 36 81 20 112 114 97 30 21 45 34 83 76 120 12 9 81 70 67 52 93 100 95 34 45 51 76 7 41 121 76 124 124 34 85 36 38 3 41 19 82 94 9 44 27 15 120 102 54 53 64 109 36 41 123 35 6 98 32 104 98 60 109 63 7 122 49 74 49 60 68 83 36 117 112 71 76 10 58 37 91 126 91 61 0 55 73 6 27 9 70 125 46 91 37 30 90 56 104 111 31 44 76 77 96 8 42 110 105 74 1 87 26 33 66 126 121 1 67 64 37 95 58 63 94 26 115 53 83 69 26 101 115 113 92 65 27 49 97 92 70 84 45 70 90 41 13 46 53 17 91 24 2 59 125 90 1 52 68 80 105 73 31 15 45 6 6 69 63 124 78 117 24 58 125 95 4 2 107 8 12 108 25 36 0 55 84 97 68 32 106 111 75 42 23 9 118 74 118 55 73 106 1 121 13 54 92 39 0 71 93 78 110 34 112 11 97 110 48 49 94 122 55 116 100 54 8 38 25 28 99 15 93 0 21 47 122 63 28 88 44 73
117 35 73 8 87 37 61 95 63 82 30 56 104 114 121 115 13 86 63 68 27 83 33 13 19 31 74 123 89 7 46 109 96 27 126 13 107 57 14 121 29 116 22 52 48 58 40 83 115 26 36 28 76 66 1 79 83 71 87 1 46 4 23 10 88 99 94 5 16 3 47 36 100 34 94 107 115 1 17 75 9 107 80 70 11 92 112 58 32 112 51 87 100 39 80 50 38 12 24 97 91 86 61 11 10 93 84 86 39 106 86 107 49 65 47 83 8 45 22 123 123 49 14 51 44 112 70 121 4 22 122 100 121 109 52 21 85 22 50 94 31 47 59 110 33 43 85 70 76 70 21 106 88 53 86 23 19 30 93 51 77 105 66 15 112 116 61 80 117 6 52 66 50 37 94 65 77 89 110 94 120 74 47 14 91 105 25 16 88 58 64 65 71 68 35 17 35 72 118 81 24 116 112 10 32 121 116 98 43 0 16 94 75 59 14 33 94 110 120 65 40 28 102 10 84 98 43 6 120 84 119 77 120 62 102 69 51 94 87 62 50 110 117 114 104 86 1 109 31 75 122 117 91 31 28 6 102 7 4 27 75 116 35 123 26 90 126 37 15 117 4 53 87 33 54 119 41 14 58 28 73 44 93 41 115 55 63 73 126 62 107 50 58 28 17 15 96 2 92 18 95 38 27 12 3 35 65 10 24 103 41 40 95 23 111 120 77 21 46 28 78 2 35 61 38 97 27 45 4 68 60 57 32 39 6 108 46 83 19 98 10 22 31 115 59 35 66 64 49 123 21 33 62 66 3 54 89 104 13 65 44 40 39 22 68 64 21 60 67 79 30 25 24 71 117 40 29 122 17 94 76 50 28 114 54 51 93 81 105 15 113 108 71 46 39 15 48 106 47 88 112 48 118 19 32 76 3 46 112 83 100 96 24 37 40 121 43 48 119 15 31 55 19 47 49 24 97 27 45 90 7 107 106 13 53 113 99 61 69 8 11 77 95 116 58 52 83 81 46 19 105 106 103 110 94 71 98 125 107 59 5 16 9 76 38 50 6 0 38 57 38 106 83 125 3 88 37 101 22 72 103 20 49 7 94 105 1 93 99 104 94 86 49 14 89 34 73 44 22 119 122 76 44 3 110 109 81 120 97 91 77 59
56 60 98 60 23 14 65 33 18 31 122 116 126 6 126 4 65 63 2 1 82 52 39 3 22 119 100 93 110 97 119 6 23 103 63 89 16 99 119 72 69 78 64 30 4 9 35 46 70 85 84 82 16 54 18 25 33 35 4 58 75 47 6 63 124 121 59 106 22 55 81 100 45 98 17 76 113 60 81 66 63 69 68 60 27 3 82 69 16 91 29 12 90 60 63 37 112 25 52 31 62 119 24 67 37 98 83 121 91 31 77 81 94 47 63 4 56 91 88 69 67 100 86 100 73 49 8 3 124 27 59 44 45 11 48 43 9 66 3 95 100 68 50 24 47 4 125 14 9 79 74 98 13 6 32 66 32 30 38 56 7 35 3 60 80 76 50 30 37 123 80 25 109 113 91 106 100 35 115 100 122 59 61 100 74 39 14 122 7 16 34 39 26 96 32 62 110 64 113 103 101 60 48 12 54 52 23 12 36 5 49 53 53 62 53 122 8 85 72 103 51 49 85 37 43 12 70 40 66 89 24 105 68 7 107 62 79 102 123 23 46 72 35 28 63 109 115 6 107 15 4 8 1 122 47 15 4 89 28 99 43 74 115 49 110 112 119 96 66 57 0 83 38 117 78 105 114 19 51 72 126 49 39 67 65 3 122 95 98 40 104 86 63 31 42 54 116 8 66 116 21 2 54 87 93 125 61 29 107 63 88 83 42 13 38 37 87 37 89 125 25 36 116 80 9 0 7 113 57 111 54 120 94 63 121 73 116 38 95 56 98 51 18 58 91 43 29 65 68 6 75 80 102 14 113 12 93 107 83 96 56 25 28 39 80 52 125 92 2 48 125 61 23 118 77 25 24 117 95 123 86 102 46 115 53 91 70 69 51 83 44 109 106 124 16 30 30 31 104 4 88 113 81 81 60 63 126 63 53 75 92 85 38 9 35 94 0 69 99 39 10 88 64 8 60 94 95 93 61 50 38 56 7 24 116 107 66 53 32 64 79 37 22 102 24 105 103 113 31 39 105 22 100 94 2 44 73 89 14 12 55 15 116 29 110 93 70 90 82 54 95 36 55 60 53 72 67 117 98 53 9 39 8 74 103 51 116 61 73 95 45 60 115 115 120 43 16 42 48 110 82 96 109 110 17 91 105 62 98 63 69 80
102 61 101 98 42 97 80 84 29 2 19 15 126 36 70 97 76 76 77 107 42 20 43 122 119 69 7 116 76 86 7 79 93 119 21 117 111 20 37 78 69 78 112 71 106 81 85 54 61 76 12 64 91 100 6 66 36 78 87 22 8 71 0 61 126 98 75 17 80 87 120 66 53 78 79 96 36 120 28 55 40 117 38 35 8 114 7 108 113 68 87 52 104 65 76 62 57 13 46 34 98 112 102 3 81 77 23 28 85 45 40 79 66 91 114 21 102 23 10 106 91 21 75 5 75 61 56 98 95 100 17 99 44 20 124 39 112 81 83 10 112 55 59 35 113 35 98 40 3 45 123 39 87 12 121 44 23 71 49 124 55 1 106 126 9 19 118 44 76 1 31 114 43 36 0 69 45 111 20 25 50 61 2 34 124 7 17 57 47 83 81 42 28 87 72 107 81 85 70 58 113 115 81 110 93 111 29 25 70 108 96 92 107 39 11 54 108 20 47 33 8 33 115 12 27 46 11 82 33 68 23 5 37 55 12 67 50 114 86 120 34 75 21 109 100 6 29 24 11 78 109 58 99 46 45 78 25 19 80 58 117 80 48 122 10 37 36 12 37 4 66 25 54 15 40 109 53 113 116 22 114 82 63 81 22 100 61 29 32 33 96 76 1 66 59 110 126 35 53 45 64 39 52 36 12 32 116 22 81 26 14 86 3 66 126 116 25 51 20 117 75 55 0 12 32 23 7 71 42 104 26 28 120 70 53 78 61 70 64 23 16 73 13 70 122 25 55 70 117 47 71 75 73 74 78 91 87 93 37 3 27 119 72 3 22 23 90 93 28 117 92 27 62 89 72 12 61 99 78 3 116 68 3 73 117 72 67 75 23 122 51 22 39 1 61 86 107 38 53 123 92 76 18 25 7 44 78 2 49 16 53 112 96 92 99 11 55 12 8 116 90 120 54 116 70 45 86 59 60 83 0 42 46 89 109 114 111 76 69 87 44 73 84 15 41 111 93 59 87 45 40 102 25 84 46 57 42 64 33 41 37 79 111 74 115 3 106 18 59 23 8 54 28 57 123 110 75 47 92 3 92 121 85 67 68 73 41 54 78 96 54 87 64 26 68 114 47 59 111 114 68 58 87 60 38 3 59 82 95 9 90 46
112 23 42 91 50 105 11 43 66 22 69 120 83 119 102 51 3 89 23 62 40 12 56 5 82 34 122 27 1 105 2 51 24 30 118 126 105 24 4 69 78 14 31 40 71 73 10 85 53 48 115 108 39 26 23 87 44 74 9 96 117 77 89 1 3 61 116 57 88 72 95 71 28 70 85 126 79 87 117 103 38 6 60 2 54 69 115 50 69 91 45 106 42 68 11 51 98 39 120 116 28 112 102 111 90 6 112 84 15 53 77 0 59 15 27 51 5 43 67 55 39 89 87 96 7 66 83 87 29 41 85 83 109 112 80 43 78 48 95 104 64 39 110 107 35 45 32 33 53 103 76 41 66 82 39 97 101 121 77 99 15 81 94 31 60 78 93 41 41 37 39 90 1 88 8 42 7 83 52 118 122 17 0 80 95 26 51 75 81 100 5 38 108 77 103 28 117 22 54 35 12 44 75 99 125 73 114 53 106 9 4 86 74 123 39 95 75 0 63 29 77 54 45 30 90 113 57 96 73 100 122 70 22 79 87 73 2 8 72 44 96 108 105 95 82 102 29 88 92 107 20 100 39 99 36 105 55 92 1 74 29 98 57 90 115 28 60 51 74 20 78 61 61 31 25 61 51 49 85 25 91 116 14 8 71 25 43 107 68 32 39 64 112 73 64 126 126 69 76 33 99 68 11 66 101 29 18 20 61 27 27 121 122 92 8 82 70 40 59 115 5 2 97 67 60 44 73 126 99 101 10 95 83 52 107 100 82 91 110 46 79 79 54 89 126 99 26 34 29 12 58 57 34 63 95 49 9 118 98 28 77 93 84 12 114 75 23 4 119 14 16 39 94 118 88 73 78 23 87 55 105 82 49 88 126 116 54 119 14 5 102 90 59 9 17 71 36 52 84 54 77 54 3 64 97 64 82 23 47 2 65 106 52 82 51 116 55 49 88 65 21 75 78 95 28 99 39 40 69 98 16 59 89 60 54 24 69 121 78 109 30 4 21 43 47 40 79 120 20 0 18 61 73 43 36 94 116 98 73 29 79 108 85 30 72 102 54 15 10 96 64 28 74 65 39 36 49 110 50 37 61 49 42 59 108 92 10 36 10 21 63 42 48 49 109 16 96 37 104 106 53 58 114 50 66 90 10 5 62 121 74 87
2 59 45 82 5 52 79 2 115 98 80 8 69 47 33 49 111 3 84 60 13 66 30 37 118 88 108 24 32 5 93 28 7 42 60 59 103 11 44 111 52 82 108 80 10 109 61 70 86 63 42 44 97 65 33 123 83 96 86 64 49 85 67 61 107 97 91 21 107 96 26 38 110 83 5 108 14 14 92 104 94 87 43 100 107 67 23 120 33 103 118 8 52 0 18 2 27 54 39 89 32 0 30 44 8 22 33 44 32 3 50 96 85 99 18 39 87 57 103 38 122 120 4 11 18 115 29 66 114 2 5 45 25 34 100 103 96 70 110 115 86 33 27 122 91 73 15 8 41 18 67 44 86 62 54 104 19 85 55 43 73 64 39 117 80 4 82 79 26 23 99 119 33 86 14 98 72 13 26 54 30 64 41 6 14 52 110 53 11 108 30 83 65 45 114 122 98 86 47 99 116 47 10 89 92 89 63 114 125 31 55 45 104 45 89 119 89 19 92 14 84 86 39 119 96 22 103 12 95 11 92 34 1 19 100 26 68 126 7 91 21 9 74 85 0 72 105 16 2 16 87 97 13 28 28 104 116 41 48 119 52 50 10 27 18 17 73 87 29 77 102 94 0 79 45 101 23 58 2 118 1 46 76 85 118 113 123 9 109 67 25 123 3 87 42 102 113 81 20 97 25 7 23 84 70 116 4 79 53 35 24 14 56 6 97 10 126 42 113 52 70 85 75 107 12 28 113 63 63 114 30 87 67 93 13 32 111 9 81 7 116 20 97 84 86 1 1 84 3 66 8 67 95 18 69 0 8 100 116 69 31 28 26 117 38 52 92 40 104 115 12 123 34 94 126 14 44 13 42 17 56 99 115 66 66 34 103 5 110 24 96 125 45 10 74 52 124 111 67 7 125 125 23 10 98 70 18 101 97 62 15 88 48 86 92 99 71 14 91 45 17 109 64 72 123 15 93 47 62 73 42 66 68 69 126 35 52 13 81 21 36 20 123 47 81 64 77 74 52 83 31 92 52 99 14 109 94 15 35 11 119 82 78 56 5 122 1 32 82 121 39 125 123 62 120 1 107 84 3 67 117 14 124 66 78 124 106 20 85 88 69 93 24 22 43 100 97 19 101 12 100 42 24 73 52 59 79 44 23 74 40 87
47 62 112 26 50 124 90 85 77 97 21 100 7 24 9 84 6 86 24 100 101 51 32 94 15 22 96 108 113 76 25 102 67 82 103 123 72 28 8 82 43 66 13 5 26 5 100 51 17 60 13 20 23 48 25 119 115 52 88 51 96 67 5 97 94 63 24 32 59 126 72 107 37 87 125 43 50 39 53 8 45 102 33 7 15 121 87 91 123 123 89 100 20 89 26 0 96 42 68 52 83 82 28 105 106 41 104 104 96 33 41 49 79 94 3 58 87 86 14 14 48 76 57 15 88 56 95 29 77 85 44 19 62 115 101 92 75 105 38 92 23 110 74 52 39 40 62 109 19 33 12 92 86 67 17 68 59 29 77 55 40 66 47 64 6 29 108 75 92 117 73 35 122 10 67 120 36 30 24 45 124 121 36 95 98 81 45 74 21 25 116 29 57 5 4 89 21 104 19 43 76 35 101 104 6 29 107 110 107 47 38 16 61 17 73 118 84 20 58 2 40 115 16 83 120 49 4 34 111 31 60 61 59 52 39 17 85 58 60 9 91 32 72 84 122 72 68 57 79 45 8 108 109 122 20 118 35 84 83 54 91 15 17 79 4 106 105 41 5 46 17 107 34 25 107 53 56 87 16 117 75 120 82 88 69 121 47 28 121 101 125 35 100 4 38 5 51 21 91 38 95 34 22 70 7 116 47 53 43 121 35 99 68 20 77 107 39 60 26 94 93 50 69 89 114 79 92 67 57 93 13 117 39 44 112 48 53 114 64 17 26 123 105 112 117 29 91 121 61 101 21 89 50 44 41 97 71 86 24 112 72 2 117 117 44 125 112 122 15 14 99 11 114 80 57 126 114 52 17 76 38 55 89 84 76 73 95 82 75 55 99 116 65 85 87 65 74 24 93 110 62 96 43 19 32 76 26 104 91 78 13 22 110 104 17 31 39 78 87 22 97 124 103 76 22 25 66 50 97 4 67 26 78 7 124 49 120 110 23 121 16 121 68 99 123 37 114 103 29 113 43 112 35 2 65 109 38 111 45 58 87 100 17 40 72 67 90 85 33 83 13 53 112 114 21 4 103 85 16 51 6 77 29 124 3 29 125 67 102 88 83 95 80 110 21 28 115 19 60 26 100 121 72 25 11 102 98 4 100 36 104 52
0 70 111 35 43 8 84 100 54 26 7 61 100 87 90 58 123 60 109 114 74 27 101 85 45 89 1 35 61 120 3 92 97 50 92 125 71 0 105 126 78 124 69 74 18 74 70 101 92 44 15 124 67 50 119 110 32 112 96 112 19 39 91 38 51 8 47 92 70 84 118 47 20 16 11 72 14 60 61 54 29 72 40 24 31 10 40 48 34 92 42 125 30 36 109 18 115 109 19 40 65 110 80 50 51 83 53 116 36 71 49 84 1 27 46 95 102 74 42 3 18 37 19 41 43 52 25 123 5 116 103 124 20 107 111 82 25 9 77 97 82 56 120 12 104 124 125 5 32 56 81 49 77 52 11 78 59 106 21 38 20 4 39 6 120 81 28 25 49 56 55 121 116 126 107 116 116 79 95 126 71 57 124 83 26 98 90 17 117 42 18 74 2 123 20 33 123 17 29 21 107 16 124 125 31 92 9 67 2 6 16 18 107 105 21 93 39 44 52 0 20 74 44 72 31 2 40 50 90 111 123 71 39 24 112 111 44 71 29 15 34 77 82 101 78 104 60 101 113 79 22 42 117 115 25 62 125 3 67 42 39 126 104 19 20 18 115 1 19 121 80 34 12 46 71 82 50 7 29 26 90 61 56 111 27 113 63 37 100 120 3 50 126 80 44 43 71 1 9 10 98 78 74 47 46 25 72 51 106 98 98 5 100 1 19 70 42 46 113 50 55 111 47 107 82 113 30 109 116 17 43 74 125 44 45 28 20 9 22 29 17 43 50 74 78 5 86 77 120 112 14 112 32 55 111 16 62 24 26 8 53 102 58 66 102 72 78 41 121 33 65 101 23 39 77 25 110 29 29 26 110 95 5 25 102 98 20 9 8 88 2 66 63 59 120 21 107 52 19 82 40 124 97 51 61 102 11 113 95 1 66 43 21 112 7 13 27 62 27 105 117 117 6 41 45 117 51 42 84 34 84 55 58 92 125 90 11 71 77 113 16 79 119 43 86 9 42 75 69 71 2 43 59 42 102 12 62 34 14 52 14 58 8 112 10 19 92 95 89 68 34 7 13 75 110 123 30 62 114 67 46 71 3 83 58 27 88 58 20 0 75 124 37 71 42 98 104 98 63 78 75 9 4 0 88 46 19 22 42 50 10 35
81 105 13 3 29 120 101 63 116 32 84 67 21 24 36 22 31 83 113 53 29 13 54 85 69 29 71 73 7 60 34 1 49 69 90 125 93 115 71 76 115 4 53 126 1 108 56 107 20 114 126 118 118 39 39 87 9 3 68 92 111 4 126 11 84 28 53 18 12 16 93 1 78 49 93 5 54 60 89 32 65 7 12 115 61 70 115 117 111 106 80 30 44 4 88 86 49 80 87 124 84 71 39 103 100 55 92 5 25 59 84 75 57 81 29 26 73 55 91 104 121 114 116 118 2 3 76 46 82 29 30 70 1 57 31 7 64 100 42 74 104 27 125 61 118 39 15 107 31 4 101 38 32 75 33 110 12 38 20 115 22 26 44 68 91 39 72 60 7 125 113 50 70 48 48 6 11 65 112 6 80 15 113 75 63 63 118 35 16 19 38 6 11 121 45 84 60 112 70 53 33 15 14 1 71 100 125 13 124 4 43 76 69 109 16 84 88 93 22 39 20 87 36 5 88 52 99 19 47 38 42 64 46 91 125 39 20 59 62 101 65 57 79 15 58 35 78 25 53 81 84 116 109 74 72 1 0 125 96 22 31 6 12 78 47 51 24 83 27 110 67 103 15 14 100 82 113 115 55 3 89 17 32 18 107 20 58 70 106 39 47 91 118 97 81 121 86 103 61 60 93 107 81 56 107 37 93 90 15 1 106 65 105 81 66 69 122 99 34 51 65 105 62 54 52 97 41 5 0 59 3 120 69 38 43 14 84 100 69 125 74 117 73 98 59 99 35 51 81 24 74 88 33 38 51 90 71 64 80 104 55 54 68 1 41 27 56 17 62 103 49 53 1 50 122 62 103 57 92 20 21 6 121 23 70 116 13 102 79 87 32 74 65 90 119 62 78 14 114 99 67 94 106 35 44 52 56 40 38 98 114 125 125 66 31 1 58 11 74 83 50 42 88 87 44 95 36 44 7 123 81 122 21 97 10 77 40 23 49 56 72 96 20 115 70 100 45 4 70 68 121 1 2 126 69 16 56 62 32 66 57 57 40 72 12 41 15 9 73 110 61 103 72 55 60 43 5 100 15 72 48 22 124 49 67 54 14 77 80 74 101 117 61 81 92 78 79 110 97 60 37 109 36 117 64 94 88 39 48 11 3 31
2 42 45 51 57 15 30 30 95 110 126 61 28 95 126 118 99 121 111 57 71 15 58 42 45 13 110 117 29 124 59 41 91 20 107 108 35 121 67 0 37 118 88 15 56 69 109 34 109 62 63 54 49 40 89 100 94 59 84 115 23 118 15 41 26 94 2 14 0 126 8 55 35 6 40 74 100 75 40 80 44 122 73 50 53 37 55 56 24 107 46 98 12 99 72 79 85 103 58 76 20 65 37 37 8 60 81 65 3 124 5 7 22 76 22 56 29 91 2 120 123 96 110 71 2 33 69 55 36 0 12 71 123 39 114 20 97 12 94 29 71 114 11 30 67 116 37 22 94 101 104 7 40 69 73 43 67 44 14 4 123 10 48 123 93 70 97 72 20 121 109 3 109 95 20 106 11 91 82 68 41 112 124 88 41 99 115 96 81 71 15 20 55 8 4 83 23 88 1 46 73 108 97 119 60 73 52 26 11 63 4 48 21 20 24 7 115 113 126 9 70 4 111 70 88 13 64 121 22 56 81 10 45 82 54 119 38 122 123 13 74 104 83 53 8 30 60 77 75 83 47 78 46 31 17 46 103 117 86 10 37 27 7 25 18 53 44 96 8 51 107 22 114 74 77 97 124 34 35 88 108 68 69 117 2 56 90 50 28 121 44 2 21 78 27 74 101 31 32 103 107 75 7 11 109 56 116 123 21 31 63 121 26 124 84 87 36 14 52 86 105 68 118 121 110 97 5 84 108 44 65 63 12 89 12 108 6 8 62 85 33 83 68 44 62 66 111 80 113 93 31 76 119 82 119 69 123 48 55 121 73 41 20 33 71 32 89 94 54 99 75 69 74 33 49 88 22 114 105 29 21 11 1 109 22 60 114 52 93 76 18 62 14 91 74 81 1 55 35 34 34 90 34 67 96 76 57 105 86 120 108 18 50 26 27 104 44 20 86 13 106 30 0 65 22 63 38 107 29 64 104 103 50 90 83 35 45 6 28 42 46 95 55 94 89 76 27 18 59 34 38 28 11 16 96 43 25 87 51 65 112 41 79 22 114 9 24 81 83 40 123 20 77 6 64 58 65 18 14 99 73 36 50 99 1 6 41 65 93 11 85 36 54 67 106 42 60 21 70 116 113 34 75 105 83 9 94 75 94 106 31 118
107 29 94 69 5 21 99 82 66 103 3 79 80 9 112 59 24 25 28 43 3 72 65 116 26 50 19 47 87 83 33 8 66 96 21 35 50 105 61 35 112 87 41 6 99 94 23 113 106 19 46 33 58 108 22 62 50 4 116 82 92 31 45 26 104 14 71 72 36 11 20 102 51 58 30 72 44 15 105 96 96 120 51 107 70 117 113 11 2 18 35 38 125 101 50 121 102 63 123 53 120 16 16 96 58 16 22 55 124 97 31 4 82 86 60 58 49 81 79 109 41 101 94 48 114 45 54 81 12 39 73 11 20 109 77 27 74 34 14 109 96 119 5 7 103 16 30 77 82 65 8 122 74 64 103 49 98 23 98 98 35 95 125 86 107 87 118 9 19 95 55 89 117 61 4 86 93 67 68 40 53 90 78 71 93 77 4 48 74 6 87 8 18 1 111 40 35 79 93 105 1 67 36 107 99 71 104 51 98 90 49 111 115 1 34 38 124 64 103 40 96 54 61 116 6 81 72 69 12 95 12 74 123 117 58 55 71 100 97 107 47 88 108 124 121 29 25 114 97 123 77 44 65 96 60 84 7 48 122 108 65 17 87 45 1 8 58 52 95 75 52 79 88 75 83 98 34 67 74 3 79 5 61 68 5 105 63 13 23 88 122 113 71 98 65 91 61 82 55 60 18 101 57 33 62 35 111 37 1 6 82 60 63 17 8 79 76 90 7 33 68 76 104 124 45 5 0 79 40 43 105 106 121 50 82 54 21 82 110 28 106 93 24 0 74 7 64 115 66 71 27 50 12 45 27 51 18 114 7 114 89 1 91 49 110 20 92 70 23 82 17 10 58 28 120 42 112 21 83 76 19 7 19 113 35 64 101 60 60 32 126 107 81 46 46 24 21 107 126 124 93 54 0 22 86 78 50 7 105 111 123 68 74 1 113 103 91 51 57 20 43 125 60 11 51 97 20 106 66 77 84 97 21 100 15 115 14 72 112 93 21 22 47 48 64 48 7 32 82 67 16 92 85 76 19 38 98 113 93 68 25 26 15 12 92 64 87 14 37 116 125 68 92 41 7 82 52 40 40 12 7 63 4 47 125 88 103 90 36 35 60 44 60 83 75 26 44 96 66 18 1 23 86 109 50 115 46 89 30 115 66 91
122 117 90 57 61 93 28 71 115 34 66 9 90 35 16 94 29 114 73 25 110 55 91 74 76 113 54 90 125 49 33 1 113 84 124 77 39 118 94 15 2 63 28 26 3 82 38 10 90 7 61 7 31 61 58 67 78 77 69 99 72 34 1 100 114 102 114 63 125 87 115 51 23 30 50 21 1 15 104 36 125 113 5 120 66 67 3 1 25 66 41 38 119 0 125 5 45 113 30 124 42 108 12 23 61 116 15 45 6 109 120 124 102 41 71 1 96 6 27 105 75 21 58 100 93 88 122 113 50 71 7 123 44 20 101 21 99 25 22 49 55 100 80 75 34 4 61 33 28 63 19 15 1 49 3 66 106 38 85 19 50 69 53 41 62 9 28 111 36 59 16 56 44 72 82 17 72 27 25 113 92 75 100 97 3 110 72 26 1 122 73 47 97 30 108 77 17 94 91 67 63 90 81 111 119 111 124 27 120 75 5 61 6 54 68 15 18 58 115 106 22 69 67 87 57 79 65 102 63 48 124 32 48 116 46 96 12 79 104 2 23 15 85 126 34 68 14 90 76 57 55 88 113 94 74 69 121 42 26 114 82 54 5 48 44 113 91 0 24 8 116 98 66 115 76 86 30 97 0 80 83 57 87 66 70 20 27 82 4 38 61 104 56 115 86 36 68 102 88 19 38 2 109 67 100 58 61 115 38 115 109 79 20 65 111 114 40 117 89 73 36 60 117 33 18 8 15 53 119 30 105 64 23 103 79 31 41 27 104 105 31 41 104 110 68 37 126 37 118 113 75 31 81 45 96 21 68 25 113 92 40 52 21 8 28 15 36 0 65 93 93 90 33 19 12 94 102 87 82 70 40 68 64 59 115 4 52 70 0 61 24 43 102 53 69 36 82 89 114 26 35 28 69 32 114 99 65 77 6 103 25 22 39 44 96 39 73 65 57 7 112 93 118 116 123 63 90 13 115 48 98 19 50 61 32 44 87 12 4 59 124 80 105 48 46 80 39 76 5 39 57 45 90 75 48 112 49 84 51 5 97 62 41 83 63 64 32 125 26 47 107 105 103 106 75 15 120 73 21 14 45 39 89 25 40 114 55 68 95 17 9 105 9 97 25 14 118 105 3 78 2 80 27 112 34 78 42 28 89 73 110 86
93 29 41 82 76 26 114 23 10 29 74 116 108 4 95 72 29 38 101 26 56 38 32 104 74 73 79 2 14 54 74 42 87 65 20 25 92 121 105 41 55 27 100 11 55 84 9 34 22 93 74 2 65 55 7 112 84 11 108 68 66 79 123 15 93 52 16 65 18 11 3 92 40 52 41 9 0 36 119 26 35 86 47 24 50 120 78 48 123 107 90 32 75 84 20 50 123 77 9 2 96 12 78 56 78 96 46 117 68 26 87 45 105 73 0 121 124 18 2 97 125 57 79 64 119 94 93 38 45 63 52 103 28 36 29 94 125 68 82 75 64 40 113 61 104 117 94 25 6 1 64 40 97 124 90 80 90 126 38 47 25 89 50 112 79 124 22 0 14 46 9 108 6 108 29 64 96 105 77 25 84 64 60 12 50 5 15 2 41 38 23 54 1 37 92 82 29 106 82 57 21 96 7 71 63 79 39 50 57 50 88 122 94 26 41 18 90 37 77 117 16 2 121 58 88 66 32 77 76 21 109 97 2 94 27 3 126 23 42 113 110 89 23 86 13 22 108 79 7 80 59 27 80 89 20 34 101 99 91 88 58 20 108 109 21 9 90 109 106 124 54 12 42 2 44 41 29 54 112 73 57 99 17 10 14 41 124 55 98 91 12 44 74 2 125 27 89 121 101 50 123 75 111 99 92 38 78 6 64 32 54 33 21 79 126 7 68 118 11 96 12 1 49 112 77 46 46 41 45 24 44 113 37 70 97 35 94 111 19 58 31 95 36 60 2 9 97 109 22 26 6 43 48 104 118 56 101 92 82 79 3 106 3 47 54 41 112 14 98 63 74 114 37 118 19 22 100 50 117 57 73 112 92 78 81 30 57 83 15 70 9 16 61 40 32 89 42 51 85 36 24 107 55 69 74 126 42 112 67 12 51 34 79 2 104 91 81 77 9 12 82 14 106 61 56 82 52 100 75 14 47 115 80 80 97 126 54 34 104 87 7 98 31 42 114 84 111 75 36 42 19 12 64 68 52 11 103 125 21 84 116 30 95 124 111 119 77 12 112 64 108 12 2 43 89 54 70 97 45 95 0 99 26 74 42 69 86 71 113 95 11 47 120 92 40 39 89 39 68 118 105 76 47 64 69 0 100 10 88 78 110 102
81 83 98 25 23 23 79 44 87 81 55 82 15 92 45 120 86 53 96 70 23 60 71 50 112 55 87 77 61 60 89 1 55 22 16 36 18 17 62 41 123 106 125 79 124 23 122 118 58 6 83 35 47 16 66 23 26 70 61 117 56 44 15 6 31 32 107 50 107 108 73 97 101 113 75 86 33 9 111 92 7 56 35 95 71 78 3 44 41 89 57 113 89 109 84 14 11 85 50 19 122 68 54 50 112 75 118 5 16 33 98 90 111 74 94 6 7 102 98 97 5 21 10 14 117 18 59 57 4 8 14 5 58 29 7 120 111 62 66 34 45 30 20 9 6 86 118 19 72 64 53 4 80 80 110 102 26 96 91 47 60 4 35 103 33 83 55 81 48 51 82 7 51 69 58 76 32 109 65 19 118 115 100 118 100 16 79 34 62 3 121 13 75 7 104 85 51 120 125 82 5 5 114 75 10 106 13 115 49 101 82 33 74 64 41 112 7 113 8 71 6 2 111 52 15 91 55 86 100 104 105 120 11 46 99 48 25 6 117 88 60 117 33 1 82 62 72 37 47 31 25 41 92 96 68 21 5 117 33 6 57 1 43 107 33 21 98 29 47 25 118 87 60 57 86 63 106 107 32 110 120 35 108 61 66 3 24 77 53 40 53 42 22 70 6 95 33 72 103 12 125 7 27 49 64 42 66 124 93 101 37 70 75 7 40 40 9 32 41 46 110 52 95 9 41 16 45 106 3 80 0 6 108 41 15 63 84 94 65 67 115 91 54 51 18 2 82 105 120 74 71 41 114 82 122 110 67 14 99 42 67 55 70 9 16 18 41 79 1 76 4 76 90 41 123 24 21 72 78 106 17 119 102 122 67 104 81 1 37 42 86 118 86 11 98 21 74 1 97 39 76 103 56 75 37 38 53 81 88 58 64 19 41 42 27 25 2 81 35 16 57 53 10 69 105 119 123 27 122 93 32 116 111 39 119 36 94 73 6 43 39 85 24 102 9 85 95 89 77 59 26 96 103 102 23 12 57 66 104 3 21 52 125 102 14 15 117 30 122 123 24 55 0 7 26 104 110 114 66 109 110 19 78 100 61 18 68 119 6 82 37 108 29 24 89 89 1 60 117 41 121 75 10 27 45 98 121 99 32 39 57 69
3 98 6 113 76 90 89 126 16 29 10 25 119 31 82 14 18 12 30 33 77 65 98 24 14 114 36 118 126 106 103 43 26 31 93 72 43 36 114 38 69 17 52 59 16 80 47 44 24 67 76 96 80 76 102 63 102 94 5 118 65 104 1 1 81 82 11 9 84 82 119 97 74 44 111 53 73 118 31 72 41 126 44 98 119 38 45 7 74 126 61 0 58 33 109 112 26 117 23 22 0 68 61 49 21 32 38 69 122 87 51 108 61 29 60 85 106 50 84 51 64 19 113 43 0 103 26 57 35 81 39 50 60 119 84 86 69 27 100 94 81 80 10 86 67 96 98 4 32 49 104 53 55 47 110 74 16 121 37 5 96 46 47 0 43 35 23 78 114 6 109 62 30 122 22 24 79 101 52 117 28 56 57 84 80 108 37 55 115 24 79 41 80 50 0 83 123 91 63 14 70 97 106 124 18 53 52 103 69 32 4 15 113 2 39 26 16 76 56 25 52 22 113 93 113 81 106 26 22 112 84 85 36 74 4 94 47 75 50 101 78 26 19 10 103 12 79 50 36 87 80 41 49 60 116 54 42 122 31 89 21 56 84 41 93 53 96 63 60 68 105 2 65 29 54 50 79 44 36 119 26 29 50 42 76 106 110 81 20 28 93 116 31 4 44 16 121 40 50 90 11 23 80 123 35 69 20 34 51 102 98 121 111 73 39 83 33 15 15 82 14 71 68 30 51 1 116 74 73 107 19 14 98 98 27 5 29 103 105 23 89 32 79 48 116 24 125 113 101 114 32 80 23 45 68 61 79 112 28 90 13 67 119 27 19 115 44 60 22 80 11 34 109 77 125 94 24 104 122 54 89 122 65 93 35 117 5 35 21 75 108 49 68 121 124 99 25 50 85 36 112 110 88 60 52 32 111 0 8 35 89 20 104 80 5 0 48 103 73 104 120 42 29 68 122 58 18 62 117 78 101 4 71 26 107 85 89 58 118 33 36 88 13 48 48 60 94 79 72 35 84 78 28 70 112 21 6 111 78 68 20 14 71 72 7 7 43 76 109 44 117 60 68 100 31 30 76 28 3 53 45 50 85 18 113 19 14 3 1 111 50 55 112 68 87 48 76 39 12 108 96 24 116 105 24 116 51 95 46 30 54 45
85 51 42 87 99 121 14 81 8 74 73 121 78 64 99 86 4 56 34 112 117 108 125 51 45 50 53 0 71 73 124 63 94 90 71 0 101 68 92 34 76 56 40 9 121 90 27 1 39 30 37 51 66 87 118 86 24 12 13 80 84 76 12 26 67 60 111 56 37 48 50 12 15 99 83 106 104 11 64 20 38 101 38 61 88 18 100 19 61 14 72 100 58 55 117 42 22 116 92 1 122 14 13 55 62 23 1 88 80 9 87 45 124 118 7 79 122 70 16 105 81 121 61 113 89 78 29 55 30 107 66 73 38 16 104 63 89 114 118 116 119 90 77 97 25 122 17 107 39 82 2 121 104 38 13 72 9 91 106 16 83 109 118 65 39 69 80 70 30 24 45 29 25 100 67 17 25 52 0 81 45 105 19 30 29 16 31 75 50 21 22 92 79 75 110 66 64 55 107 69 84 67 25 11 16 114 12 88 85 88 93 26 22 124 126 38 37 109 120 56 124 35 66 117 1 39 71 58 114 83 45 91 29 23 105 122 35 100 46 69 84 72 89 1 99 51 77 43 65 104 8 81 80 105 104 91 95 95 121 15 91 51 68 28 51 99 98 50 52 109 45 125 72 82 103 125 100 110 43 112 70 37 80 4 120 125 3 96 15 24 46 123 120 76 17 69 45 46 71 27 94 3 17 36 53 95 58 52 26 97 36 95 54 50 70 62 27 98 6 5 84 121 93 113 84 59 56 25 110 77 12 124 54 63 119 25 9 124 112 48 66 88 121 40 125 66 126 60 36 10 92 0 53 54 120 120 38 98 103 24 100 43 53 79 20 26 123 24 98 106 32 4 6 5 115 2 63 30 107 88 25 57 104 21 113 113 126 97 48 45 19 87 30 85 24 22 90 110 80 35 29 103 79 102 0 4 8 15 54 48 13 111 126 48 44 0 104 47 82 55 97 113 9 27 45 25 122 17 21 40 103 29 35 98 50 50 112 116 53 39 94 64 25 73 122 48 105 68 89 17 68 3 61 106 31 65 7 125 124 126 74 69 99 112 67 86 98 87 29 95 122 105 38 86 118 109 122 22 55 65 44 44 96 0 77 43 10 121 78 115 33 17 109 39 10 90 65 124 120 79 37 29 50 24 57 104 29 97 17 30 27 38
95 30 6 48 98 27 117 110 95 47 40 85 84 84 43 20 31 2 49 27 74 27 74 115 41 37 7 99 87 44 46 90 100 29 28 18 92 27 114 114 4 110 39 53 25 66 38 93 69 97 100 41 42 86 50 29 89 122 121 111 41 121 92 48 32 5 98 0 117 59 76 1 20 21 46 49 54 48 34 76 70 76 93 91 1 110 38 96 87 46 61 55 64 114 42 112 57 120 2 9 37 54 80 122 41 26 104 117 3 103 119 64 98 51 118 58 30 82 116 64 8 15 5 102 20 78 30 42 42 49 45 54 87 102 20 69 35 67 70 28 122 85 0 78 66 92 76 85 116 50 88 104 29 83 31 89 23 104 37 46 14 27 89 78 13 44 34 35 126 6 84 125 20 95 45 81 18 20 10 58 75 29 126 55 43 45 39 9 43 18 30 45 120 65 93 57 12 52 35 57 98 53 54 24 100 123 50 67 111 41 93 31 56 79 5 30 36 103 83 32 5 72 105 47 42 105 96 124 21 101 73 70 33 87 53 89 117 44 40 52 2 80 23 110 37 66 100 42 34 39 12 94 13 13 112 11 46 61 50 123 72 36 105 78 45 16 46 108 104 58 10 111 49 100 96 102 111 115 81 95 86 90 115 99 13 35 23 48 42 62 110 62 92 45 91 4 24 77 0 14 37 35 10 52 70 56 28 39 86 110 6 93 99 61 65 94 79 51 20 90 104 5 10 16 1 30 42 22 84 43 85 75 12 78 46 112 79 111 76 61 34 78 117 125 113 38 124 33 58 105 84 14 10 19 51 98 111 80 21 70 42 11 42 61 30 86 73 18 64 4 35 11 48 16 66 19 45 46 14 73 18 48 31 121 124 31 89 120 53 22 76 82 11 1 91 59 37 51 94 0 24 9 65 55 120 41 118 123 79 70 110 12 87 65 106 69 79 61 92 98 102 73 55 60 87 8 10 64 53 94 94 73 119 88 1 3 42 119 23 118 54 1 82 103 14 118 60 124 70 40 34 66 26 69 59 57 24 30 118 5 29 66 70 78 37 54 82 74 79 7 101 125 72 107 68 49 111 124 8 124 19 108 0 70 50 120 108 126 124 74 29 9 119 75 25 21 22 92 62 89 21 65 16 77 89 64 108 84 109 71 43 91
88 118 45 116 80 55 16 49 54 34 63 90 103 38 11 119 106 74 31 20 112 41 49 104 72 117 120 64 32 9 25 102 40 103 120 6 19 18 102 57 12 45 23 14 92 108 75 62 96 43 11 26 1 5 115 105 85 93 106 25 30 83 92 8 113 57 88 123 98 49 89 107 58 20 38 49 68 65 9 70 18 9 70 122 38 58 30 66 112 12 68 116 24 73 59 118 100 87 117 66 110 37 72 56 54 80 109 56 36 63 102 18 92 105 26 125 10 36 28 28 100 1 56 14 7 122 65 117 79 76 12 16 70 114 126 6 54 81 43 62 52 12 92 18 105 91 78 1 15 75 21 51 51 42 96 92 95 11 43 39 102 50 99 76 76 74 119 11 50 57 23 97 103 87 64 39 93 112 58 46 39 49 63 120 9 31 126 65 121 101 104 113 83 31 37 5 38 35 21 71 48 68 61 99 97 15 124 71 7 110 1 54 12 118 22 60 4 75 47 43 1 20 29 118 1 32 43 69 34 120 39 82 105 83 113 99 94 20 99 113 71 95 18 98 83 65 52 60 42 63 62 98 55 100 95 73 68 120 26 7 44 82 15 93 29 109 15 15 70 95 119 33 83 46 2 118 116 9 28 52 63 110 100 26 64 108 56 24 95 108 105 67 73 82 66 117 90 121 43 107 121 92 113 61 0 119 44 71 19 114 67 12 64 55 90 112 39 50 8 34 42 22 116 100 73 57 6 105 21 31 7 82 5 56 74 117 63 21 72 100 58 116 42 117 94 106 100 8 81 64 22 3 114 48 111 2 42 117 74 17 123 20 69 13 43 118 40 5 110 0 6 104 19 9 77 91 100 89 9 37 30 23 104 67 41 111 52 116 64 80 76 68 18 78 99 53 2 98 16 113 27 55 8 112 21 35 15 48 71 120 45 72 41 116 74 11 61 97 23 94 101 106 10 53 81 71 99 27 118 105 43 15 99 40 101 70 53 49 80 68 39 75 110 70 22 19 106 11 88 13 17 74 87 103 40 11 121 49 37 18 122 25 19 87 19 25 119 115 59 76 124 116 100 18 24 96 43 119 76 42 83 42 22 68 17 41 43 65 27 66 119 63 36 105 18 110 38 59 7 78 50 40 81 27 108 62 13 79 76 60 56 27
99 8 126 102 25 47 23 102 100 65 92 62 24 102 54 98 91 82 26 88 80 81 87 5 84 37 109 98 98 67 5 45 71 16 96 121 117 22 13 104 46 68 1 3 43 29 123 32 27 108 83 11 2 58 4 25 86 108 107 75 1 26 26 96 95 92 8 114 90 112 29 59 80 67 80 17 29 31 60 24 16 79 79 112 26 59 18 50 68 88 75 69 10 36 67 59 89 105 26 75 41 125 109 3 64 32 57 29 6 90 3 119 65 16 98 68 78 73 122 70 51 113 79 69 53 26 118 107 74 90 113 23 125 27 61 120 68 44 90 42 47 89 120 74 123 100 110 65 79 49 103 47 57 36 64 112 54 124 16 93 34 44 100 87 9 33 43 74 15 94 19 16 84 33 66 68 100 40 55 9 58 18 107 78 110 25 108 38 116 20 86 119 123 87 20 55 9 19 27 37 67 57 123 112 2 19 14 20 108 63 121 29 43 104 79 84 38 21 80 94 92 126 21 72 87 66 124 46 80 27 73 125 81 50 12 11 3 119 20 119 60 14 28 65 26 40 77 67 72 119 72 91 69 123 0 39 8 5 21 118 112 126 17 96 64 96 58 9 95 28 9 15 34 4 61 47 94 35 23 42 106 45 105 40 56 71 8 123 34 103 94 28 72 6 83 7 99 31 104 99 56 111 95 9 93 85 48 52 34 25 89 1 95 96 72 17 22 33 55 81 50 105 122 108 1 125 92 54 36 0 40 74 7 94 23 83 53 50 36 22 65 113 57 66 1 102 22 99 11 49 68 117 71 42 47 61 60 88 111 12 92 30 9 93 91 99 100 84 122 67 44 51 21 73 0 24 122 85 42 49 33 99 119 85 49 11 48 78 118 71 104 27 72 118 39 47 115 59 85 12 15 71 124 92 125 18 126 3 84 73 120 71 79 64 4 98 38 107 121 83 125 4 9 45 114 126 31 85 60 29 10 9 57 62 118 93 48 109 87 10 54 88 42 17 83 87 84 30 30 68 126 85 38 72 108 55 65 70 32 100 54 11 117 90 62 67 56 125 52 100 21 14 82 29 94 95 97 83 91 16 89 81 10 62 51 92 13 15 40 17 41 50 88 73 38 49 97 26 40 115 100 19 13 42 47 86 89 52 111 53 18 7
89 112 30 32 23 15 48 21 105 121 85 15 1 119 60 58 94 67 40 66 10 10 114 11 2 84 82 58 118 1 113 48 75 107 75 80 7 92 48 30 93 86 41 2 105 32 73 12 36 21 5 81 51 48 97 49 22 66 10 33 121 68 73 47 68 9 88 52 24 126 91 59 35 126 91 10 23 105 89 39 29 86 27 103 12 62 122 67 37 20 82 32 82 7 4 55 52 59 119 46 39 80 46 112 58 73 102 122 61 1 29 95 1 50 93 72 39 110 46 93 6 71 112 21 95 84 84 7 95 89 119 92 76 101 9 69 29 66 45 76 4 1 57 55 54 19 85 34 94 109 42 41 66 44 51 54 95 38 17 95 30 118 45 59 83 15 61 56 116 122 34 52 3 19 124 121 102 26 7 16 35 33 37 115 110 122 53 73 3 74 64 4 22 31 33 46 31 11 119 9 104 96 102 62 50 22 31 111 123 100 119 18 78 8 125 9 40 33 87 15 68 119 54 6 79 93 58 28 79 69 79 47 8 80 117 21 33 37 63 59 49 115 88 35 70 36 99 124 110 0 119 113 103 122 81 115 24 75 68 20 126 104 84 28 102 116 85 39 96 82 11 83 84 61 18 75 85 124 36 8 3 71 76 63 94 22 91 96 100 13 120 67 105 110 1 87 74 46 63 118 116 98 112 47 8 62 101 14 61 54 125 69 124 3 21 30 28 114 86 118 97 90 102 68 121 81 46 106 63 85 71 126 14 111 26 54 55 43 93 117 95 103 24 26 25 58 33 122 37 37 55 61 104 52 26 74 41 90 107 92 89 26 13 40 113 28 97 125 122 64 32 33 20 6 94 46 51 33 111 80 64 68 58 66 14 40 86 5 122 64 43 65 42 67 104 95 97 72 104 83 22 8 65 102 99 76 80 2 37 115 73 23 7 16 33 82 69 25 119 120 4 49 3 53 95 124 100 25 20 121 40 17 64 79 98 12 91 106 28 87 121 46 0 63 67 50 16 50 81 3 76 54 97 94 82 108 68 9 38 22 25 117 1 9 99 73 3 69 35 29 68 64 9 105 14 25 58 73 26 41 86 33 62 75 72 115 97 53 16 65 19 38 22 51 80 73 91 44 77 68 95 102 52 10 26 121 75 57 34 55 3 27
24 76 100 50 83 41 83 113 114 34 101 5 111 59 12 48 24 101 29 75 63 55 28 118 54 110 16 9 28 2 86 34 119 72 105 85 69 85 27 112 99 126 10 10 121 57 93 81 84 18 50 107 59 107 95 79 35 13 61 119 61 118 32 80 43 104 29 117 50 61 5 112 50 95 115 104 14 20 77 82 98 118 119 48 115 68 91 41 104 32 93 89 47 27 56 37 116 43 82 36 43 67 81 30 88 81 46 27 90 27 0 103 49 88 107 79 98 15 92 3 39 68 96 2 24 16 110 100 121 3 25 107 66 0 3 117 2 59 79 111 94 87 6 95 96 109 98 32 68 101 22 91 49 11 35 54 100 58 2 73 104 65 82 63 32 123 1 64 19 10 117 94 97 57 93 91 52 35 82 58 78 50 90 20 100 50 100 122 63 62 106 120 125 69 17 85 6 51 66 69 93 123 9 83 105 32 50 78 47 52 25 81 69 98 123 120 119 16 24 6 64 9 92 13 94 47 6 107 77 43 15 39 21 94 30 34 122 67 104 116 90 45 92 70 3 12 16 38 21 72 56 126 71 39 39 23 22 36 2 119 50 74 122 20 123 111 121 121 1 36 96 90 75 22 23 11 60 32 111 76 6 2 125 102 41 118 40 105 109 102 108 114 63 93 47 57 87 62 79 35 8 4 106 64 88 37 32 105 81 73 106 71 122 113 96 3 94 70 98 54 42 49 28 32 87 39 51 93 43 109 28 8 125 111 105 70 19 115 121 72 25 51 56 61 126 26 48 2 83 90 60 32 5 59 55 24 17 73 38 95 89 94 45 70 28 107 46 121 101 106 113 76 2 99 100 98 73 120 7 121 29 74 1 8 86 121 95 87 33 77 53 31 113 120 99 110 7 5 38 94 82 76 20 90 94 7 76 7 126 14 38 88 110 115 21 19 2 74 14 45 78 73 27 49 58 39 72 66 25 117 123 27 113 83 114 67 101 48 14 4 82 113 14 35 59 106 34 8 112 114 40 55 58 64 62 91 54 21 57 43 120 104 41 72 88 6 44 126 114 101 121 103 4 61 124 37 110 32 122 35 114 40 107 32 12 95 86 45 71 66 5 116 13 85 60 92 76 67 103 35 54 1 66 31 71 80 126 90 14 46 22 111
106 62 93 37 107 34 35 6 8 33 114 92 72 41 40 20 86 96 24 24 75 22 37 93 23 10 102 36 60 114 38 40 8 96 119 22 22 93 22 115 23 4 32 31 115 92 100 42 77 18 5 70 82 20 109 111 41 39 30 7 97 39 9 47 104 13 79 105 65 114 79 70 18 57 22 100 98 104 89 61 79 91 89 117 52 13 123 88 69 43 117 15 67 18 68 57 63 3 25 99 92 79 115 90 46 76 90 26 69 12 30 105 119 58 11 83 120 18 83 29 37 81 20 19 71 53 47 9 70 122 65 110 89 55 72 77 114 96 72 10 46 120 122 102 40 51 122 5 32 90 61 31 70 111 64 66 23 40 51 45 36 103 7 78 17 49 87 107 51 15 110 115 68 19 93 19 93 71 122 9 119 27 60 24 125 87 33 25 31 12 85 47 72 22 67 76 125 109 121 64 83 42 43 21 21 12 20 92 23 35 121 87 110 50 110 109 107 88 111 104 86 108 61 99 62 85 71 65 93 52 60 65 124 79 124 31 80 121 25 74 117 20 47 66 48 42 106 3 33 22 78 14 77 43 126 124 92 121 93 19 122 84 28 32 90 115 70 120 121 116 90 82 124 105 55 94 0 87 122 123 38 58 75 27 101 51 106 12 120 2 17 9 114 106 82 84 55 87 35 42 90 71 124 38 47 35 86 3 97 109 36 91 4 51 36 122 126 59 29 1 54 45 23 4 15 97 73 41 24 101 32 70 73 46 108 109 22 6 16 7 96 49 24 7 18 49 20 8 58 86 111 125 80 115 19 91 47 85 112 106 30 51 105 2 82 39 60 90 79 61 115 98 105 118 77 28 92 68 0 81 101 19 93 40 101 57 4 113 15 34 99 111 26 101 122 51 28 43 20 49 81 112 97 77 106 79 105 48 122 102 35 14 51 68 17 18 56 111 99 7 0 34 126 73 40 126 7 117 37 32 28 51 99 68 27 109 21 15 48 84 50 16 51 64 77 125 67 107 83 53 45 28 89 48 12 60 39 104 102 110 65 107 119 121 22 14 117 96 108 112 26 81 72 2 86 53 116 1 40 98 88 29 91 78 126 71 47 10 13 53 88 59 89 82 89 15 112 56 99 44 53 63 66 85 80 65 117 64 25 100 101 35
77 61 12 50 118 95 2 68 19 5 105 7 27 76 64 112 76 117 85 40 51 110 41 67 96 39 35 36 84 124 116 27 81 37 11 65 89 17 68 46 95 23 118 97 74 116 91 47 85 30 72 64 98 35 105 74 33 72 13 39 29 9 6 55 35 44 116 18 95 15 19 71 38 25 126 88 87 25 68 21 78 68 117 32 26 42 123 104 41 96 121 85 37 44 66 78 52 90 112 99 18 25 116 123 109 96 117 124 110 72 117 80 126 118 46 68 51 28 97 117 99 62 70 66 121 84 79 124 54 115 67 71 89 31 35 120 57 0 9 5 98 74 96 11 66 43 54 57 89 3 17 82 25 113 38 50 114 44 103 37 67 6 114 0 122 119 77 20 102 49 114 29 122 91 54 62 106 60 11 58 86 20 40 102 81 76 126 102 122 83 14 109 49 111 75 82 82 80 42 43 93 3 6 124 11 95 110 42 125 35 98 124 106 88 42 30 75 46 80 94 91 65 112 43 8 34 25 58 117 86 0 74 58 57 18 45 46 12 54 53 6 80 91 86 84 45 108 37 65 77 115 94 63 6 93 24 72 59 20 124 78 75 62 118 21 31 25 57 26 41 28 124 100 21 42 77 26 43 65 67 79 75 74 109 63 91 120 28 37 73 30 32 93 85 39 107 89 50 69 57 83 2 34 126 23 123 74 1 59 97 100 36 114 124 84 58 8 51 1 123 20 25 72 33 13 16 126 48 46 79 22 46 29 79 37 30 15 48 119 18 68 52 115 55 97 123 120 88 33 8 122 104 91 53 69 30 114 18 88 42 31 62 22 47 76 86 8 51 4 39 9 25 21 18 73 94 55 15 122 62 54 52 58 111 123 112 99 66 48 10 52 63 48 109 94 51 81 2 69 105 90 92 74 86 36 36 123 32 89 27 29 8 111 9 48 117 68 28 44 24 17 65 116 98 103 4 81 58 108 88 66 77 75 55 18 53 58 73 117 106 96 107 26 49 59 66 65 22 98 77 116 8 112 95 29 70 12 122 108 22 38 93 25 76 55 105 44 2 107 80 117 17 100 106 13 102 13 50 69 6 44 76 47 36 117 22 85 38 78 120 57 97 11 119 118 104 107 97 125 55 15 93 62 114 25 78 121 6 91 110 98 86
105 38 48 2 104 21 107 42 66 74 94 116 67 42 80 1 26 92 100 58 109 45 50 66 3 41 91 77 85 42 111 91 98 13 22 27 30 90 87 98 110 85 96 12 18 82 106 84 7 13 32 2 13 79 101 50 98 98 74 120 126 100 83 105 76 108 53 42 92 41 71 3 58 118 73 46 57 87 81 64 74 3 3 82 6 20 36 18 106 122 58 69 36 72 125 80 109 56 53 30 94 119 80 55 43 79 28 98 104 99 41 16 62 25 20 15 75 51 96 102 41 64 18 66 2 77 114 10 22 63 58 37 106 39 66 112 122 101 24 89 23 2 116 35 21 51 94 90 82 74 92 24 35 63 65 100 20 34 81 109 36 98 49 116 95 65 67 53 30 76 25 82 41 36 79 77 17 59 83 86 33 7 88 109 15 121 9 91 7 30 2 112 55 72 64 45 96 14 77 6 23 93 107 115 48 4 10 101 71 80 12 51 115 114 52 87 82 89 101 121 26 75 101 55 2 43 35 49 33 86 62 115 116 76 19 28 106 125 39 50 32 4 17 19 18 93 35 64 2 46 89 15 57 78 71 33 77 61 95 67 23 70 87 79 41 60 89 117 52 13 124 96 101 33 117 68 108 126 39 110 15 40 16 9 112 47 41 33 103 80 73 48 48 83 55 47 83 71 76 33 83 71 62 36 16 122 7 19 39 109 124 4 116 2 115 16 119 63 52 7 33 6 19 92 5 62 21 32 17 84 0 125 29 30 111 61 20 121 18 40 56 70 92 43 28 3 56 90 25 73 83 80 126 41 2 54 3 5 55 85 19 91 104 105 39 32 78 110 67 57 101 96 50 81 1 21 94 88 40 98 96 86 60 71 81 27 8 56 76 49 0 106 91 97 27 49 21 25 110 28 37 115 52 67 22 3 93 69 88 77 92 21 18 16 59 123 53 29 45 108 12 23 23 14 17 95 37 24 60 70 59 125 74 19 66 120 37 89 19 93 44 108 114 6 27 25 13 39 80 33 27 86 102 12 17 82 40 89 104 118 123 63 76 88 124 36 123 94 0 31 123 77 93 23 121 95 49 126 62 89 12 111 55 106 64 123 105 23 81 107 81 56 9 84 4 8 69 74 18 99 37 75 99 33 118 30 15 102 21 43 60 95
7 54 121 47 24 60 69 77 86 0 9 12 48 48 5 90 70 16 6 104 68 99 2 126 99 56 35 49 93 124 34 89 13 37 90 30 40 11 18 105 97 104 118 25 115 17 26 105 74 103 71 72 59 61 79 94 91 45 89 70 26 94 96 56 97 18 94 81 95 23 123 2 45 67 124 21 45 125 114 85 101 71 70 2 103 22 103 125 67 96 14 104 86 84 47 17 48 85 17 1 99 12 112 95 24 102 97 21 102 34 123 1 74 52 103 24 88 54 65 43 2 57 23 22 48 45 45 94 94 57 46 69 125 6 84 109 81 7 121 56 33 12 35 43 37 48 81 112 83 41 105 5 1 102 23 102 75 66 46 107 110 93 85 13 98 99 21 55 28 20 81 30 57 20 0 120 117 115 6 124 76 46 17 115 79 35 54 73 74 1 117 94 68 68 113 11 88 23 49 16 10 32 23 100 30 63 63 75 96 41 0 27 44 58 97 116 54 19 75 18 59 89 39 3 36 84 110 73 33 19 25 26 58 58 23 42 111 1 69 42 57 22 15 105 54 51 90 64 45 106 91 32 46 99 28 93 24 68 87 66 78 17 91 64 118 93 54 38 4 82 36 101 14 84 77 67 109 58 91 119 104 95 46 6 63 54 66 22 99 95 120 55 30 4 106 57 85 120 29 25 103 47 30 109 12 0 111 88 83 117 51 95 81 99 72 2 105 51 25 31 71 73 18 33 49 105 122 0 111 37 68 95 33 4 3 36 6 15 44 106 102 24 3 58 86 94 79 113 15 111 110 79 65 68 65 26 65 74 67 71 60 92 92 77 37 124 69 11 83 56 66 21 118 102 64 6 54 81 102 40 12 116 80 45 69 115 33 3 35 8 19 62 86 71 34 35 103 25 124 125 75 99 77 86 123 123 4 34 123 3 34 29 102 39 84 7 10 72 93 41 9 6 93 103 50 86 25 24 109 70 8 86 66 3 67 48 100 10 19 64 72 92 111 67 108 70 40 107 44 108 16 98 117 50 10 27 112 46 52 113 26 44 28 57 11 54 85 56 120 9 51 51 3 87 94 106 91 5 64 101 15 67 11 92 2 84 30 110 126 85 15 82 43 32 116 100 55 117 110 20 68 98 54 92 113 37 107 25 80 94 53 68
42 31 124 61 88 13 62 119 68 84 70 102 90 2 86 113 41 76 18 57 113 83 66 78 42 60 87 53 18 12 75 125 19 17 32 49 61 18 100 75 86 56 100 25 106 39 86 57 76 21 53 16 83 29 62 106 28 59 79 33 37 88 104 120 103 64 40 34 2 97 122 68 87 108 110 33 95 60 34 66 117 57 35 3 26 16 55 24 78 105 84 51 107 101 3 126 123 102 117 67 52 60 96 94 124 5 49 75 31 23 109 95 48 116 76 21 4 125 44 34 37 78 20 39 91 100 86 19 86 116 10 101 80 29 67 67 32 98 115 12 46 49 24 122 19 78 92 68 90 49 57 123 124 98 54 7 17 26 126 54 10 0 69 89 21 75 47 13 2 72 27 31 57 34 74 79 40 58 21 73 106 45 99 62 15 102 54 22 39 54 41 39 117 41 37 14 26 109 115 58 15 77 45 94 83 2 80 90 40 12 109 41 13 83 58 43 51 47 0 95 5 86 14 19 114 92 42 57 96 77 85 7 82 49 54 95 94 111 41 55 120 92 117 85 125 24 69 102 124 38 100 65 0 11 10 94 22 99 29 26 105 69 8 125 118 96 18 64 19 74 49 105 40 14 44 63 95 104 15 38 0 44 94 22 104 52 84 28 21 105 77 40 1 124 107 63 11 109 61 80 30 125 49 110 62 30 61 12 22 90 27 66 10 103 121 42 85 64 89 103 111 19 92 80 16 12 13 82 31 9 81 62 37 34 48 85 108 74 76 5 31 27 11 123 25 120 28 45 54 96 16 84 60 118 126 91 71 0 107 109 113 33 88 57 65 116 86 108 14 11 94 80 106 126 12 0 88 113 80 47 99 102 59 102 58 100 109 52 29 88 47 23 111 18 100 44 100 79 22 55 88 6 86 87 58 87 20 97 27 24 7 23 104 102 117 31 96 5 42 60 76 121 93 100 85 43 98 50 116 14 33 124 93 22 82 37 116 95 16 23 68 70 38 84 97 89 30 90 70 8 4 88 117 106 80 38 8 73 33 70 68 70 101 79 79 67 18 2 106 1 95 58 111 33 56 74 39 4 112 15 47 69 18 93 38 48 38 89 49 31 28 45 28 31 71 62 14 46 96 25 82 41 96 112 19 9 22 97 70 51 7 20
26 32 26 45 98 83 49 33 49 69 64 76 83 45 60 67 91 126 69 72 61 0 27 105 49 91 75 124 83 84 14 51 12 91 80 17 106 10 96 96 23 53 26 88 76 57 82 56 109 70 2 33 96 101 61 27 52 126 14 47 124 125 42 106 94 103 58 87 54 71 92 6 93 105 38 99 96 19 109 31 40 40 55 9 21 105 79 116 56 86 59 6 27 60 69 0 14 11 103 106 106 113 28 116 0 89 70 41 37 120 112 116 106 30 38 10 68 6 114 26 85 121 66 122 13 20 120 119 13 28 37 70 123 4 85 114 29 1 79 97 88 83 44 118 95 31 32 117 45 18 15 39 44 123 98 99 122 3 86 59 63 109 88 82 34 70 124 114 91 37 97 118 0 73 30 70 3 110 19 40 4 57 4 34 118 97 11 3 48 119 103 77 97 33 94 74 48 69 112 93 88 64 21 71 62 1 16 62 57 103 66 96 113 115 62 78 8 3 97 23 53 124 65 84 10 9 3 102 85 94 69 53 60 52 84 7 119 98 23 49 121 110 56 100 35 35 26 43 82 68 120 105 99 50 24 54 123 84 91 121 125 19 83 76 82 26 92 68 104 23 96 76 113 69 44 60 92 47 52 93 92 75 85 88 49 62 104 72 92 117 7 44 37 104 85 53 29 70 97 84 42 102 20 39 117 115 4 74 4 103 74 29 114 79 21 79 4 77 12 6 38 94 81 60 79 70 15 38 30 41 36 109 110 99 3 64 62 32 104 68 74 36 99 122 15 13 106 8 62 48 7 110 69 32 101 92 16 79 71 8 88 64 76 76 101 126 25 38 59 41 5 117 72 49 12 51 69 21 85 38 1 6 40 36 43 40 120 120 32 3 63 25 118 97 125 83 102 120 115 47 26 55 126 61 65 42 16 74 81 116 46 114 86 32 46 24 17 90 35 11 91 43 51 41 123 31 60 107 75 78 122 107 14 60 66 95 22 118 6 66 1 70 107 30 108 80 39 48 2 69 70 107 68 105 124 35 33 67 6 125 100 119 44 27 85 71 1 87 16 55 65 19 69 97 120 106 62 1 73 117 26 14 108 69 99 114 58 120 125 45 85 55 100 99 117 69 63 44 86 124 87 100 65 61 78 36 63 0 65 93 76 0
101 82 102 114 75 114 50 55 112 104 39 28 101 118 77 51 44 48 98 88 119 64 42 25 121 8 22 115 124 2 12 120 94 33 118 78 57 124 105 116 58 111 63 79 106 71 75 39 54 113 68 72 62 103 92 94 23 22 124 54 125 100 67 78 100 69 28 31 15 90 93 68 126 104 37 79 48 53 11 119 63 47 53 122 86 17 56 123 42 99 78 22 124 81 46 114 3 93 60 124 35 24 81 5 40 51 70 60 89 73 28 72 31 92 46 15 89 106 104 58 114 92 39 37 42 15 111 26 126 116 71 55 82 125 11 10 98 35 38 121 2 39 39 92 76 3 10 9 74 58 88 88 8 67 30 90 96 118 46 125 27 84 24 110 11 105 44 49 33 118 94 117 91 84 12 116 59 44 45 3 76 17 97 60 51 123 89 103 110 94 91 77 54 70 110 17 103 75 46 103 115 89 94 5 96 14 60 74 10 18 83 81 16 16 18 115 96 23 34 10 50 44 37 51 104 92 67 96 24 119 38 44 120 33 123 34 67 126 64 0 43 120 100 67 4 66 10 45 5 78 45 125 65 84 112 11 82 104 75 4 96 115 4 5 50 53 90 103 36 85 122 2 125 66 29 122 89 14 98 81 46 76 42 103 38 117 117 92 80 96 68 109 50 109 114 13 4 48 66 102 104 103 1 32 51 51 31 116 34 22 59 81 33 122 109 36 54 85 8 102 89 37 120 84 8 35 26 54 8 23 85 13 10 2 110 67 123 87 109 37 2 4 70 32 90 68 67 5 56 123 16 10 3 8 20 77 68 41 26 109 74 3 1 27 63 29 93 39 49 103 14 58 89 9 74 27 74 115 9 56 102 25 55 65 3 10 96 32 77 115 8 42 16 118 29 92 96 118 106 35 6 113 39 7 125 43 95 126 55 49 29 105 30 29 8 102 96 37 17 49 111 60 125 117 123 1 9 18 102 98 3 66 74 49 26 125 108 78 77 101 115 103 117 45 94 43 4 39 0 40 107 95 20 0 114 51 74 39 17 93 101 6 61 7 75 40 111 7 45 58 79 45 57 48 12 74 65 74 81 33 45 32 109 89 116 24 30 14 79 0 84 30 44 52 46 67 4 5 67 48 16 105 5 24 121 101 42 13 66 124 32 30
122 63 78 77 104 76 36 0 74 52 13 64 115 95 99 49 31 73 81 74 81 46 84 30 120 65 115 36 44 53 122 50 75 110 104 66 42 74 126 109 10 125 93 114 76 44 113 4 60 97 83 111 103 119 66 42 35 53 123 59 51 123 25 63 40 119 13 103 89 5 85 77 80 36 26 27 115 21 21 77 81 78 8 68 12 35 6 13 7 9 8 53 8 25 17 120 91 26 49 31 6 37 91 56 31 75 38 67 109 32 24 110 7 48 52 108 104 91 19 92 117 53 109 62 124 36 67 16 122 34 75 67 46 93 12 105 34 35 47 125 93 41 54 44 89 34 18 74 115 30 33 70 10 22 39 56 125 113 32 101 67 119 71 57 31 121 6 117 35 75 29 62 18 73 91 74 125 59 59 97 18 11 117 59 103 17 114 18 58 73 6 19 57 49 126 81 106 41 36 77 106 98 78 56 97 87 98 11 63 72 22 52 28 35 119 57 96 31 79 91 16 85 101 32 62 33 103 107 67 60 101 96 52 123 122 123 105 31 107 72 94 37 22 72 2 37 54 70 2 115 56 1 0 59 50 45 112 31 93 14 16 58 22 48 102 86 123 111 75 65 86 84 121 56 51 111 84 88 117 63 14 74 69 77 126 28 2 91 71 9 108 32 55 126 121 13 7 123 74 53 108 79 42 107 23 122 4 34 98 102 92 29 66 22 112 122 42 6 53 9 122 28 22 64 75 115 111 16 37 105 34 25 73 86 13 83 57 74 37 26 58 50 53 59 34 115 68 34 5 41 105 93 10 76 65 33 95 22 53 52 104 39 103 89 57 37 28 91 13 103 94 117 2 89 73 69 51 25 23 37 6 26 94 106 90 53 125 27 2 70 80 78 122 1 120 108 10 102 38 1 19 38 123 6 83 42 56 15 23 98 69 106 69 44 122 76 50 90 19 81 18 9 108 14 14 75 8 80 102 54 74 122 16 107 52 74 16 67 122 44 26 77 119 125 103 95 123 22 121 100 112 119 11 118 1 28 126 13 17 86 68 37 96 16 30 84 86 111 20 124 88 107 120 87 111 61 105 0 63 108 125 102 56 47 2 19 35 19 60 83 72 105 44 109 57 18 58 110 102 22 119 125 32 2 47 89 73 126 48 29 41 79
95 25 121 13 49 23 1 10 108 44 124 23 50 16 110 119 40 56 89 45 2 98 102 73 26 124 25 7 50 110 32 97 29 121 84 28 120 8 73 19 115 121 77 66 123 40 24 34 6 122 64 71 1 62 50 17 112 36 73 63 103 104 102 8 72 120 101 89 89 107 107 17 35 59 26 48 79 84 19 113 1 39 27 68 92 89 27 6 28 7 15 16 64 17 72 43 121 81 89 77 69 40 15 85 90 4 43 125 125 34 60 54 81 49 44 32 39 84 101 125 116 29 20 109 76 73 106 107 77 99 114 110 41 3 118 126 97 114 83 4 31 59 121 106 78 91 51 5 24 36 28 102 54 26 90 48 7 12 38 79 15 98 32 82 1 17 96 112 54 116 85 74 10 88 52 88 83 33 51 10 101 60 81 77 86 9 91 33 88 2 103 19 14 118 44 87 100 19 18 54 50 26 82 9 95 31 55 58 123 97 115 113 109 106 16 8 38 35 23 89 30 50 51 59 93 106 110 106 9 20 107 28 67 34 32 70 71 83 35 120 68 47 72 12 88 41 78 69 73 76 20 119 58 37 95 114 59 43 74 28 106 98 15 92 2 12 119 113 48 110 110 61 4 42 52 56 110 50 15 121 20 81 112 64 82 101 27 18 70 90 43 28 19 9 91 17 1 78 121 32 112 58 13 73 63 121 16 97 64 59 13 74 28 43 20 31 3 46 110 63 18 108 123 0 6 92 90 101 72 78 121 28 55 60 56 43 111 37 89 111 19 93 20 99 117 38 91 79 22 56 86 42 67 85 70 56 66 70 86 18 41 21 121 79 107 52 13 6 113 74 61 18 111 86 39 34 63 24 11 111 21 61 45 110 111 38 84 76 5 58 105 90 71 99 78 86 7 40 20 37 114 126 115 84 31 47 6 52 44 62 36 107 48 73 8 104 6 99 87 110 23 100 14 3 48 118 98 81 20 6 119 6 92 78 26 54 112 36 86 72 66 36 83 82 10 56 109 27 31 56 112 67 57 44 61 47 95 78 94 51 17 103 46 86 65 62 82 9 118 101 124 8 10 89 37 75 20 73 26 117 8 47 75 98 62 45 111 16 111 88 45 8 98 100 33 56 34 15 124 104 76 72 37 109 40 115 123 108 86 104 100 56
44 101 119 82 34 31 63 66 64 52 31 87 23 74 36 90 55 84 15 73 58 60 125 111 13 57 81 16 78 94 38 32 2 81 9 94 110 42 5 121 102 14 53 27 49 89 53 124 100 105 20 27 80 52 121 39 47 27 98 12 55 30 45 95 35 5 49 81 83 98 27 124 93 27 51 69 4 40 33 112 86 115 76 84 40 97 108 41 113 34 119 107 126 21 98 85 109 77 32 94 20 33 75 77 46 105 20 24 26 110 46 45 2 56 105 123 62 36 100 11 82 81 119 59 79 28 66 32 32 35 31 103 33 83 29 4 56 94 73 53 94 14 106 24 87 84 53 110 118 35 27 119 1 122 61 53 14 49 102 7 89 9 44 93 20 94 109 29 116 107 74 10 15 73 42 115 20 51 67 12 102 2 20 69 64 60 14 50 110 109 30 21 28 83 31 68 39 113 63 54 95 124 65 5 30 104 49 41 21 24 69 71 58 74 79 115 15 108 63 69 88 52 82 12 126 54 100 117 61 98 23 100 76 43 70 32 2 46 42 84 12 21 72 98 117 105 107 26 118 44 2 73 95 125 74 10 88 94 7 123 8 59 29 81 114 82 11 86 24 70 72 14 71 5 32 123 75 67 97 111 0 72 6 12 50 39 34 77 24 78 73 56 97 63 82 93 48 69 62 72 95 49 110 110 126 30 73 9 32 5 117 72 87 70 92 85 61 13 53 121 42 78 123 39 9 125 0 62 121 25 90 27 94 26 80 51 50 95 83 35 78 120 91 26 49 6 126 124 62 29 43 117 27 98 14 111 13 106 37 45 112 95 52 17 4 41 67 17 58 50 81 50 66 119 92 103 65 30 91 25 76 14 84 62 100 97 52 8 65 84 36 67 81 100 124 46 114 16 100 1 112 5 48 22 61 120 108 46 100 118 23 38 43 87 20 79 74 98 51 48 14 42 70 66 88 79 88 40 20 88 52 69 116 84 79 113 103 49 7 79 43 21 121 118 92 72 126 3 95 87 58 59 10 84 80 105 108 91 109 60 29 36 59 6 50 65 82 96 3 119 68 105 50 42 74 90 84 91 0 41 85 126 102 102 108 39 20 108 46 21 54 119 42 28 119 38 21 65 64 65 25 79 57 42 18 47 121 80 85 56 46 126
52 5 106 90 31 91 124 16 54 108 63 70 93 30 101 66 94 15 0 108 56 72 3 79 114 84 59 126 80 118 80 34 87 66 81 22 8 94 92 112 33 12 67 34 115 14 70 122 51 45 50 82 53 6 37 50 60 21 110 20 61 88 76 57 109 61 50 28 79 75 26 123 34 75 82 7 99 36 91 94 46 126 22 55 98 39 84 42 36 46 16 14 120 74 27 60 104 77 100 84 104 20 115 103 42 71 46 8 11 74 47 44 27 30 83 37 67 21 9 114 77 117 46 104 69 75 49 2 3 83 59 125 106 13 34 18 45 116 73 121 59 57 2 46 63 34 25 79 43 25 64 76 19 87 46 107 10 58 94 46 3 83 82 106 105 99 90 95 39 64 53 116 30 32 108 17 122 38 105 73 109 66 80 34 29 61 44 41 47 92 52 90 105 11 17 1 46 110 48 29 113 67 52 69 53 28 117 116 66 55 78 34 102 108 97 56 97 42 54 117 41 5 27 1 7 108 75 44 20 57 48 90 104 120 40 70 67 101 38 21 99 55 30 90 27 88 53 41 0 108 102 77 105 83 13 10 11 64 109 104 121 67 84 63 45 56 109 89 43 44 42 32 78 10 99 58 78 58 122 46 62 31 51 23 82 46 101 34 107 12 107 37 46 101 44 74 95 110 124 68 76 116 79 41 93 125 2 2 19 100 99 40 45 97 63 14 42 94 118 42 36 15 81 64 39 18 104 30 17 60 73 49 64 72 110 52 83 45 2 45 9 66 76 11 95 91 57 20 100 87 82 40 53 58 29 27 123 80 77 71 92 98 97 20 4 82 80 116 102 112 120 28 120 122 40 9 52 12 124 14 77 17 37 75 123 6 95 31 80 119 118 24 119 52 37 114 36 48 15 116 69 72 98 124 111 107 101 2 19 43 15 90 103 117 103 125 109 104 0 59 80 123 16 69 52 58 27 84 42 123 65 116 70 124 116 68 122 24 90 21 119 84 34 76 74 1 103 64 4 95 118 25 42 113 57 109 2 125 117 59 118 10 7 37 100 18 94 49 92 2 51 78 123 69 35 124 22 94 78 63 58 12 59 15 41 88 69 58 91 14 109 52 89 30 59 5 74 90 66 50 57 124 71 83 36 5 23 20 96 32 106 49
15 88 105 118 78 0 99 111 66 55 41 91 52 72 9 68 55 90 37 122 44 102 54 32 115 80 84 19 46 64 67 68 2 18 45 38 113 53 105 52 33 91 108 35 43 116 20 61 28 68 39 96 94 5 52 106 104 39 105 38 93 4 8 34 46 2 79 38 113 35 96 64 70 96 4 34 59 109 122 4 78 36 68 45 102 17 124 33 23 66 31 42 37 112 126 102 55 48 122 73 21 35 31 65 92 83 29 108 17 60 56 5 104 83 76 38 21 53 119 61 10 16 116 29 54 14 54 113 59 4 63 83 2 68 44 21 33 44 93 93 93 30 18 122 43 40 71 41 43 108 68 82 119 0 106 114 32 51 103 106 100 56 28 64 111 90 19 88 10 30 118 77 28 41 48 21 16 93 2 76 18 65 60 125 116 59 124 123 55 18 72 42 88 11 10 103 120 86 22 90 46 65 119 119 71 51 75 112 32 47 86 96 87 17 104 19 44 76 115 108 31 15 114 100 60 113 110 40 110 103 23 24 95 48 59 111 90 108 51 61 83 34 0 94 112 118 48 11 14 100 104 25 24 4 24 49 61 94 1 58 8 57 28 55 83 8 72 18 42 61 60 106 4 117 56 111 123 98 100 48 96 49 60 73 109 91 44 77 99 34 29 44 109 38 86 92 13 23 48 55 53 40 81 25 29 41 110 116 7 113 84 125 64 92 53 58 87 94 110 100 20 64 74 15 84 39 32 102 2 32 21 43 120 54 19 76 53 31 79 125 36 54 25 31 15 64 92 111 24 111 79 125 80 17 14 25 67 19 53 44 115 90 110 58 25 98 91 49 31 109 113 109 38 97 62 7 31 32 91 78 36 15 49 89 122 52 94 119 5 64 105 50 80 114 120 125 21 36 124 116 25 43 23 103 48 73 43 82 124 39 58 66 110 84 33 36 120 30 93 64 111 84 14 11 2 53 74 51 97 122 54 76 94 86 47 46 66 58 5 24 53 84 67 30 30 122 121 97 81 95 12 57 14 3 109 95 19 0 90 43 62 54 72 35 103 48 5 106 57 98 114 16 49 59 71 96 100 41 72 37 29 87 71 68 72 62 113 0 26 22 101 67 53 117 26 16 45 18 39 80 119 121 102 87 120 123 33 85 93 26 71 87
89 92 22 101 58 17 84 17 91 85 52 13 115 109 112 67 47 106 20 102 59 45 28 105 72 126 89 59 78 21 121 57 83 4 107 122 41 11 24 107 120 28 117 70 58 120 24 42 31 41 119 7 27 61 31 76 25 58 57 77 106 110 42 38 105 99 120 97 38 31 125 63 85 17 59 15 97 49 120 100 102 38 112 115 23 50 97 7 40 81 65 21 16 48 62 82 9 108 34 121 5 78 31 96 37 12 5 73 46 34 29 118 42 64 55 92 28 54 55 12 102 13 104 100 50 28 33 120 102 40 116 58 86 78 2 46 40 109 3 88 52 78 119 12 8 86 63 99 24 66 53 54 29 69 12 14 22 45 8 113 13 51 69 97 58 112 70 74 59 111 52 87 8 98 35 53 79 89 18 11 82 112 41 92 18 103 107 107 44 31 39 19 9 22 22 58 87 44 89 41 37 56 125 70 115 78 0 28 0 125 118 12 12 126 95 65 77 51 41 33 53 115 97 52 6 57 27 123 105 81 90 24 47 114 58 48 87 24 120 122 45 20 73 9 73 83 29 31 85 115 87 105 59 124 1 75 9 58 61 125 91 79 113 10 41 20 62 30 37 48 7 86 95 51 121 72 4 61 80 43 1 55 22 2 33 44 69 122 100 27 37 104 9 49 65 71 36 86 23 76 26 112 75 122 101 97 49 38 95 58 92 69 118 112 69 110 84 105 68 46 73 46 3 56 92 57 75 45 35 117 47 108 18 119 6 55 113 120 13 33 106 44 80 27 53 37 71 100 122 48 123 40 126 67 124 64 3 103 87 12 17 24 125 54 87 13 94 82 75 46 78 57 37 35 39 1 52 38 93 101 109 3 110 125 110 37 94 101 36 116 2 1 27 119 35 35 6 30 91 0 9 105 95 67 60 32 14 15 20 44 25 77 121 84 9 36 27 55 24 72 113 117 21 50 17 1 82 74 17 52 126 105 70 112 108 102 0 99 45 87 53 82 53 9 23 46 100 119 84 68 89 8 87 70 53 35 29 104 82 52 20 79 19 99 11 9 88 35 3 74 112 94 51 123 3 64 66 52 76 62 82 62 86 120 92 113 80 25 42 122 103 69 39 122 101 93 92 119 21 32 60 35 34 45 76 63 60 34 104 113 111 29
48 13 31 27 86 96 110 107 37 80 115 53 49 25 77 87 27 46 18 13 59 61 125 26 13 22 110 98 64 64 119 79 45 110 118 60 88 12 52 122 100 63 2 112 80 53 28 50 124 123 73 0 76 126 3 86 17 84 9 100 74 1 96 14 13 34 105 109 95 114 26 31 12 57 103 90 50 3 15 91 67 75 56 50 34 98 97 16 81 3 4 34 67 71 45 55 54 97 37 49 29 80 92 29 123 9 91 67 52 60 6 12 48 66 74 106 13 70 48 7 56 19 118 66 56 34 72 103 82 46 24 71 124 79 4 1 22 28 120 38 13 80 50 115 124 92 37 87 9 106 29 58 106 44 0 19 48 34 36 21 11 64 89 85 46 122 90 123 105 67 17 126 47 101 6 77 63 62 98 66 87 30 122 6 81 60 105 31 101 48 29 71 109 11 5 74 28 2 123 72 97 53 60 115 119 7 34 35 99 36 117 55 104 17 30 68 72 62 32 57 78 30 0 68 41 119 27 29 89 89 58 71 79 113 69 27 54 60 2 89 93 94 108 10 96 47 36 57 42 44 9 16 101 115 83 80 3 17 11 59 97 126 47 10 116 6 65 118 42 66 27 9 34 37 93 17 39 102 31 60 99 1 107 14 114 67 91 64 120 29 100 103 30 2 0 29 64 41 54 92 9 14 78 84 84 75 67 61 109 118 109 25 125 104 38 24 54 79 68 83 3 36 42 92 102 51 125 95 2 59 74 77 9 56 113 87 48 53 75 108 40 113 93 121 39 107 7 123 62 55 120 33 106 61 62 31 110 107 5 63 80 16 111 101 41 25 4 78 108 99 96 1 19 9 60 13 37 41 85 6 32 4 97 68 86 61 62 17 105 72 111 43 122 89 106 11 110 60 12 111 53 9 19 75 70 20 24 26 19 38 19 67 110 65 13 48 47 124 40 70 70 85 90 34 2 77 58 51 107 70 99 53 28 9 14 85 12 92 3 59 100 113 117 24 20 16 9 29 85 20 62 119 59 47 70 99 53 76 27 43 59 40 34 6 45 56 34 98 65 2 9 92 122 46 102 78 107 105 80 60 82 60 31 34 87 113 72 29 102 101 97 35 32 100 97 18 96 36 120 45 30 14 27 100 124 66 99 125 44 3 105 121
120 107 114 105 61 85 3 76 105 115 98 32 43 44 79 101 105 122 70 81 24 70 106 102 3 87 17 117 30 58 4 20 108 43 77 7 61 102 58 14 94 26 49 20 14 7 22 51 124 76 36 98 48 40 64 124 29 4 53 33 123 18 66 102 23 28 34 94 51 49 57 17 5 55 38 47 70 77 60 36 36 8 14 81 116 5 121 13 125 23 77 69 23 45 17 3 114 26 62 13 85 96 52 55 44 38 92 41 56 26 94 116 89 123 19 79 109 71 40 72 10 48 62 112 15 4 106 125 34 42 76 115 124 37 83 7 89 45 17 61 118 106 98 84 44 57 48 124 66 101 8 57 55 89 28 69 85 38 85 44 109 87 9 122 60 66 13 77 118 122 101 85 42 28 96 114 37 35 79 64 33 42 49 70 12 13 29 66 100 108 113 31 64 2 115 77 57 17 7 88 21 90 87 47 87 125 14 116 112 22 108 81 98 50 3 92 6 78 54 88 107 110 93 23 70 19 47 125 36 111 44 77 125 12 58 81 16 80 36 59 53 48 43 61 43 20 73 117 13 106 22 25 36 92 4 126 101 36 41 72 0 60 6 94 45 83 120 36 84 105 66 81 54 67 101 25 13 113 105 97 70 118 62 2 89 85 11 96 73 37 76 125 65 13 0 126 123 81 61 3 97 1 117 78 63 121 107 40 100 80 119 102 28 16 57 68 58 100 68 121 37 15 125 45 19 14 85 46 51 120 124 86 8 55 90 95 80 27 75 9 55 59 43 88 97 112 88 4 113 114 112 7 117 58 32 68 15 93 93 83 49 120 89 96 85 97 36 88 48 97 4 2 39 56 23 116 89 106 72 49 38 88 52 74 13 104 122 112 83 36 111 36 4 78 64 15 75 10 50 16 117 98 58 103 55 52 93 74 6 89 57 3 76 24 51 86 26 35 43 66 122 15 42 49 40 32 88 118 46 105 124 35 42 88 93 89 63 34 93 83 22 95 34 66 53 13 81 120 61 74 77 117 107 49 95 44 69 60 31 28 68 98 37 23 76 80 33 54 13 75 29 20 42 76 108 40 29 7 35 109 16 13 91 94 2 114 101 81 4 124 90 74 14 71 25 123 88 0 56 96 27 70 50 95 89 55 51 33 8 65 29 65
29 58 15 21 126 107 0 15 52 23 99 61 114 69 72 108 118 73 108 112 34 95 76 125 42 30 75 72 40 105 4 51 126 82 103 106 41 62 1 33 96 8 18 96 72 110 49 99 53 68 4 89 64 83 7 104 83 56 78 22 3 112 30 37 81 68 85 18 50 24 59 42 85 64 29 94 113 96 39 39 47 7 15 103 86 85 120 67 27 34 100 108 78 118 42 58 124 21 115 105 107 32 73 115 88 71 94 16 112 50 114 52 121 72 51 101 123 29 81 19 45 38 71 122 85 12 26 71 39 104 74 13 15 106 63 32 123 15 61 25 21 87 70 108 71 53 35 8 51 17 124 10 112 13 28 48 124 18 13 109 63 16 74 42 104 64 21 110 51 110 86 119 32 19 69 97 90 56 104 83 85 113 124 33 13 71 101 6 122 16 37 52 115 95 2 16 114 121 92 85 89 88 126 121 108 29 77 55 45 47 67 29 37 103 1 14 84 103 68 35 50 119 104 96 67 125 100 65 34 97 72 109 38 48 99 34 104 102 16 21 30 121 89 39 64 0 51 57 122 88 99 124 43 19 2 80 123 83 126 0 74 47 126 24 108 38 1 84 63 10 1 117 48 61 6 118 78 99 126 88 0 86 38 28 96 124 62 64 55 80 110 63 3 99 82 53 95 107 36 10 99 87 102 87 75 105 53 30 63 22 31 56 117 40 98 86 48 124 115 16 43 10 9 86 29 28 23 30 52 119 95 117 19 125 58 47 64 47 24 100 68 56 110 99 81 46 23 49 124 60 125 53 90 118 40 114 4 109 29 15 83 12 41 16 14 106 27 63 24 94 21 38 124 65 95 72 108 117 109 114 96 109 55 105 14 126 117 23 1 53 5 122 49 77 87 95 107 70 88 36 14 18 51 43 53 121 33 117 78 91 81 96 42 53 40 26 114 24 76 97 35 106 56 117 69 83 21 68 91 20 33 70 126 109 13 26 1 91 74 78 38 35 121 90 75 85 52 62 21 110 105 9 112 38 62 71 89 91 8 94 109 51 76 2 16 125 48 47 40 10 41 123 93 78 41 12 102 124 107 47 11 81 8 13 16 117 112 1 112 79 34 31 54 59 30 124 114 64 55 65 93 51 16 52 52 85 78 30 116 68 69 17
63 110 45 71 51 108 121 47 115 65 51 34 90 13 29 82 63 62 78 52 63 39 90 10 31 126 90 86 40 86 5 77 80 53 83 123 21 121 48 112 40 54 31 70 4 92 22 59 22 0 22 79 105 5 13 78 32 29 72 81 104 60 51 24 70 126 112 99 14 117 77 58 64 48 103 91 7 111 98 22 110 23 31 75 35 19 109 122 114 29 41 14 80 116 67 80 97 126 65 61 82 66 56 42 125 117 9 49 112 116 122 33 36 73 74 66 21 53 42 58 78 114 8 124 68 15 88 125 85 74 68 68 2 11 87 26 95 92 116 93 118 14 118 62 125 113 48 121 102 25 122 77 40 84 31 95 14 11 112 79 49 28 88 120 90 63 99 67 99 99 116 117 70 3 23 121 14 98 104 41 63 11 59 8 125 31 67 56 42 118 124 73 90 118 28 71 30 33 117 40 63 61 103 53 51 54 9 104 34 24 3 10 28 57 31 50 68 10 89 51 102 3 47 33 108 23 122 30 118 115 18 105 50 21 93 113 115 24 91 32 56 94 120 102 76 80 85 94 52 7 26 91 2 87 124 67 124 6 39 92 57 21 89 20 86 64 103 62 12 18 73 9 20 15 27 89 25 79 38 33 110 98 73 57 108 26 93 33 119 83 40 87 125 33 36 27 98 119 77 18 68 118 89 102 79 96 8 46 25 58 115 22 81 78 7 87 35 60 91 23 58 35 86 62 82 98 47 125 74 23 41 125 28 35 81 20 5 11 46 38 10 14 96 20 89 50 22 25 20 49 122 9 74 12 101 96 43 72 52 97 93 101 57 78 99 3 43 74 69 0 52 108 54 45 79 36 109 60 116 75 30 25 77 40 21 108 8 58 85 22 30 53 84 38 121 55 29 102 36 107 120 117 113 56 83 88 68 9 92 70 108 63 21 109 29 122 17 1 67 125 46 45 55 36 120 12 25 68 74 67 49 7 25 64 0 8 60 107 46 58 37 76 7 13 72 49 62 75 97 111 95 83 44 27 122 82 61 77 38 125 103 59 113 87 98 39 34 113 117 22 4 30 107 1 63 116 119 10 85 89 98 82 48 39 40 57 69 85 22 36 113 84 98 13 44 55 83 60 96 15 104 109 102 98 64 104 93 119 54 73 121 94
5 85 31 55 16 38 92 97 86 80 29 122 46 105 15 11 84 39 100 76 20 45 92 44 100 70 31 6 42 55 50 82 0 39 66 60 99 3 68 124 119 116 110 109 50 4 86 101 65 107 40 28 61 58 24 101 73 70 8 55 33 87 92 56 54 105 71 79 109 31 125 113 20 28 111 51 4 115 120 99 111 16 18 32 33 96 109 93 38 76 42 37 58 20 88 119 107 23 64 58 30 82 26 115 93 18 81 95 94 74 23 116 124 111 70 101 46 22 18 84 10 98 21 77 29 84 77 90 116 112 4 69 2 118 20 110 102 97 122 102 41 30 107 19 82 32 5 88 60 39 119 54 91 0 26 63 90 14 105 76 70 109 22 63 53 98 35 117 74 24 21 102 124 17 89 26 43 29 88 110 33 28 27 100 117 25 101 16 6 105 113 47 31 110 17 68 30 106 18 26 84 26 72 48 62 52 78 53 43 26 48 69 12 28 81 48 96 105 98 109 13 36 79 110 27 56 72 64 24 112 13 113 51 28 37 4 61 119 17 66 1 124 17 84 26 1 27 7 65 79 88 83 82 120 105 35 12 18 59 28 50 95 12 42 42 56 123 92 98 63 10 79 46 54 78 125 37 112 42 8 30 18 47 36 110 121 4 92 54 70 81 58 71 80 45 87 106 48 14 25 19 44 7 125 63 117 49 70 60 43 13 114 98 50 51 67 60 28 115 79 46 109 58 109 1 16 71 65 75 104 51 32 34 101 78 41 126 86 3 113 86 35 119 16 61 73 104 123 40 44 76 106 24 4 99 82 12 8 61 75 37 83 122 17 116 23 48 31 13 67 30 86 113 44 81 84 21 105 81 80 44 34 51 23 96 42 116 53 124 43 92 7 14 52 100 118 49 7 74 30 124 68 78 102 96 101 17 86 74 36 105 15 7 106 71 123 64 35 29 70 102 72 10 9 66 55 69 63 115 124 1 114 3 47 106 83 120 103 65 15 88 119 48 71 123 85 99 9 17 83 76 6 103 13 93 39 42 116 66 101 96 73 43 27 93 120 63 81 91 70 67 22 61 65 51 52 15 97 30 94 70 23 13 65 58 116 27 77 53 122 84 76 39 100 85 120 96 67 36 21 1 108 34 66 109 10 49 8 116 28 0 34
58 41 5 83 15 69 75 102 61 74 86 85 23 31 36 7 56 2 71 26 74 78 60 20 75 3 3 38 91 8 108 76 82 29 47 64 101 96 0 68 89 14 111 126 32 119 26 43 8 62 30 96 94 4 34 79 88 88 44 42 64 125 23 88 76 41 109 59 27 60 43 109 117 43 21 17 34 71 87 120 22 16 92 67 10 16 12 69 112 117 70 36 29 14 98 9 94 11 125 13 27 32 97 113 46 50 51 105 74 31 74 103 15 10 11 86 11 81 5 71 90 82 81 22 76 56 10 87 106 34 9 49 24 101 63 69 111 109 19 78 81 38 85 33 82 126 52 55 59 39 104 115 109 80 20 64 44 74 46 70 25 118 106 57 25 106 118 62 59 99 105 105 9 80 95 97 23 95 97 53 26 62 30 48 101 35 30 104 63 28 74 118 70 103 92 49 79 114 9 36 22 33 49 67 15 1 34 91 117 62 123 51 77 115 39 85 31 32 10 120 23 76 55 37 114 91 32 13 3 23 102 56 80 41 17 51 115 43 12 90 56 69 87 52 44 114 84 125 55 74 97 83 25 39 4 96 47 63 46 81 48 8 91 98 71 123 120 82 28 97 42 19 32 11 36 91 69 61 66 28 110 96 19 11 92 88 14 9 107 1 27 6 87 54 15 63 33 78 91 39 97 125 109 92 88 81 92 32 24 95 126 8 77 66 33 85 117 112 17 61 25 58 9 105 12 45 4 61 99 75 28 80 58 62 87 65 18 26 68 63 30 31 18 20 36 107 86 82 123 39 56 112 57 16 31 120 52 23 83 108 19 11 7 92 13 101 84 39 74 13 34 126 35 61 2 85 85 33 110 38 56 126 91 74 1 35 82 21 40 48 34 24 17 4 99 24 36 76 58 49 85 77 51 123 38 75 120 79 23 116 89 81 102 22 62 108 50 12 44 58 83 119 115 35 31 121 94 61 10 42 120 77 56 8 109 109 110 18 29 94 5 104 102 99 4 57 62 111 105 102 3 88 93 70 48 118 72 98 112 41 42 119 72 71 65 53 51 78 30 6 102 33 61 72 47 84 87 62 100 3 92 126 122 49 118 74 7 114 8 28 51 5 34 16 77 66 92 52 122 42 19 25 91 35 81 8 54 116 102 68 10 60
14 66 15 40 101 30 118 40 91 114 94 48 9 100 31 117 33 22 7 9 125 94 32 87 102 30 94 85 5 86 17 55 119 97 60 58 55 111 65 28 108 26 109 99 15 102 72 62 85 96 112 17 65 41 8 56 44 43 64 21 58 119 16 36 115 5 3 9 56 87 93 125 102 77 98 102 71 49 24 111 16 104 7 62 49 40 107 90 2 34 96 104 2 96 66 88 52 68 77 3 3 125 101 27 73 126 13 83 93 66 33 52 74 20 59 78 89 51 94 77 15 125 20 125 46 74 81 51 39 52 25 124 117 110 24 123 50 45 86 30 65 126 108 67 89 114 30 99 97 123 79 95 96 53 19 57 5 22 11 70 3 7 122 93 57 60 24 91 22 43 87 62 48 120 13 54 84 98 89 84 32 1 80 59 69 28 41 68 79 93 100 40 23 61 1 79 92 109 94 107 51 85 5 38 54 90 15 72 6 72 124 79 71 16 95 69 34 84 70 118 5 94 117 36 53 46 51 33 104 28 122 105 48 121 113 24 51 82 76 39 44 113 21 48 0 15 88 19 56 17 41 118 106 113 8 38 43 58 2 49 16 111 17 124 68 75 96 64 28 0 110 103 34 69 111 29 35 10 64 98 60 69 61 46 59 67 117 49 97 96 24 108 88 65 86 85 86 123 76 116 68 96 75 108 88 84 55 101 62 69 25 15 24 105 99 42 113 5 21 19 108 110 54 53 9 55 55 68 18 0 121 8 120 112 121 16 95 106 118 45 42 30 106 93 126 109 84 6 112 20 22 26 16 34 97 4 126 120 58 88 43 91 95 51 61 16 43 85 32 20 63 61 118 44 58 34 85 34 49 81 20 72 24 90 11 84 85 8 97 116 2 103 35 88 53 75 93 120 36 45 125 69 90 72 46 62 22 124 5 126 12 35 100 64 96 43 2 105 20 0 78 36 113 84 43 64 92 47 124 49 47 13 31 71 122 104 7 125 2 90 62 22 0 17 56 105 66 79 113 30 124 62 72 118 89 118 113 97 60 74 83 16 89 122 46 67 56 85 88 46 112 111 14 14 113 69 46 83 66 21 1 63 2 48 69 70 55 121 15 16 122 23 11 103 126 5 82 18 44 104 25 106 66 115 39 39 81 124 4 96 84 22
114 109 24 78 86 53 37 36 105 39 111 74 64 5 41 67 40 61 56 18 35 102 99 65 114 9 45 44 103 74 76 4 5 90 12 87 8 83 33 54 93 32 12 122 105 86 100 26 108 41 62 80 6 39 77 90 74 60 27 98 12 83 31 57 99 27 63 15 35 75 113 112 120 19 123 59 40 76 66 56 74 48 119 101 100 86 11 11 6 117 32 111 88 28 91 113 46 96 23 125 117 117 105 44 25 106 9 11 116 105 125 110 108 33 42 12 9 89 82 23 10 18 23 112 78 71 63 34 118 39 25 83 7 120 93 86 58 36 61 13 11 94 80 11 74 53 64 36 118 106 31 51 69 82 82 25 95 13 32 116 33 118 74 65 107 67 62 70 10 75 126 18 82 52 90 15 77 60 99 46 126 21 123 107 4 4 34 57 115 97 75 19 53 102 91 80 115 42 63 47 108 10 109 28 111 58 23 15 119 113 52 115 107 16 101 102 13 33 65 74 50 38 27 73 1 50 27 106 100 74 46 1 12 20 10 93 51 85 117 111 114 59 28 4 80 54 76 112 60 7 39 55 85 6 88 109 49 16 85 30 113 9 28 11 9 3 11 9 19 71 105 57 46 30 82 96 20 92 69 99 117 17 45 126 7 71 2 84 92 88 32 12 72 81 76 23 50 78 107 15 20 46 12 79 69 39 85 119 26 16 124 120 8 0 23 120 9 33 15 29 58 106 19 22 33 65 3 21 39 80 115 89 61 32 83 71 91 73 98 95 13 120 64 49 64 13 123 10 42 7 100 67 119 93 26 67 19 47 12 39 122 51 7 99 87 98 46 26 23 74 6 106 18 111 29 107 103 97 69 94 44 32 123 29 1 49 122 101 116 111 59 107 98 107 125 34 49 119 110 115 43 79 90 107 123 4 88 71 55 96 80 122 111 53 78 112 116 67 0 44 59 15 84 51 46 48 32 118 63 14 108 46 49 1 76 34 41 93 105 110 37 66 80 73 31 13 9 95 25 34 66 52 53 51 50 9 99 45 57 10 87 91 78 26 49 8 84 121 13 58 52 50 66 86 105 40 124 112 86 113 119 45 103 61 38 91 27 88 116 88 72 44 114 53 41 113 100 14 67 95 67 97 49 39 91 18 103 124 51 64 59 43
78 59 54 2 41 5 77 90 94 3 20 36 85 32 120 24 11 63 60 41 110 125 50 78 55 47 103 15 49 108 54 67 117 87 122 63 66 66 105 28 118 93 20 18 51 108 18 95 74 43 125 70 72 92 112 51 89 73 84 125 26 115 60 31 88 103 100 82 58 75 61 118 7 87 74 121 113 39 58 7 25 65 0 54 37 38 46 71 25 51 71 101 42 106 11 12 123 72 68 125 89 99 69 122 55 82 113 8 39 62 44 88 84 19 6 124 39 15 35 44 36 45 12 16 36 125 76 59 62 20 102 108 118 48 29 101 64 20 76 8 7 17 39 55 67 16 53 59 50 71 63 30 103 118 64 44 115 31 125 112 107 106 69 122 68 123 42 40 31 93 69 0 25 87 113 69 106 114 58 111 91 115 108 23 20 68 57 14 3 86 32 52 41 41 69 81 31 14 3 32 122 91 94 1 19 71 62 48 114 20 94 84 77 48 4 80 124 72 21 61 93 123 14 86 27 92 24 32 41 10 31 83 3 69 0 89 77 17 4 59 59 5 0 32 35 85 118 3 114 2 115 118 33 26 10 121 43 59 34 7 14 90 66 88 46 81 50 30 98 78 59 9 42 10 16 105 77 124 23 56 65 116 41 39 51 42 21 57 5 112 98 58 56 100 40 62 89 87 92 85 29 53 91 30 42 126 124 27 74 108 123 68 17 3 110 58 21 39 10 93 121 42 52 124 30 42 21 107 39 38 2 10 118 24 33 83 118 61 94 6 0 23 116 87 47 117 6 49 27 62 110 77 84 8 91 44 100 70 101 71 85 112 60 93 110 56 69 19 86 60 38 41 13 122 23 67 89 115 65 112 46 64 36 45 64 73 10 73 36 4 67 75 95 126 79 80 32 49 77 109 42 73 124 79 121 9 94 45 62 31 117 79 30 39 73 107 40 30 118 6 78 99 125 98 83 92 94 120 108 69 76 1 57 73 126 87 32 8 113 109 110 13 95 44 11 101 0 31 82 29 104 10 90 61 54 10 65 35 0 50 24 81 122 5 86 115 43 90 97 114 78 54 102 63 107 123 30 68 96 61 31 44 121 95 47 114 27 59 83 14 81 18 36 16 90 33 4 69 81 91 107 8 1 115 35 28 80 3 75 22 79 35
116 123 93 68 64 112 87 79 103 24 67 77 68 9 92 107 48 85 48 74 62 92 115 113 15 65 91 26 83 99 31 66 60 90 10 70 107 34 28 89 101 108 36 117 69 121 119 7 101 69 9 55 45 125 52 20 100 109 106 94 56 20 55 123 103 86 13 80 115 105 50 58 113 45 42 113 16 24 105 64 96 3 22 10 98 98 52 15 12 82 108 13 113 73 0 20 34 11 122 75 17 29 52 110 99 89 94 109 83 97 52 21 118 123 122 22 96 35 35 50 50 98 29 21 76 13 53 33 63 16 9 82 58 58 114 73 108 11 76 1 74 72 19 36 22 74 113 45 47 28 124 75 118 0 19 94 90 94 31 90 107 33 32 93 10 34 49 35 124 1 67 27 88 97 109 58 98 35 118 70 75 88 93 84 28 12 68 11 89 95 66 35 0 9 62 100 79 53 20 42 17 67 79 36 97 124 116 4 122 1 121 104 36 23 45 105 85 85 98 9 0 93 3 87 8 68 30 124 90 68 33 1 97 64 77 111 44 46 112 21 2 36 37 15 82 67 82 14 86 4 0 2 44 114 2 16 72 27 49 120 90 7 30 74 17 39 117 104 60 124 76 47 104 38 91 63 88 62 65 83 101 22 113 14 91 65 22 45 64 114 57 89 116 100 59 18 18 74 112 39 113 31 20 49 114 18 105 5 29 113 66 99 67 10 108 117 64 107 55 39 115 55 57 126 68 32 115 4 103 19 72 69 35 101 88 49 29 49 77 49 33 89 52 125 25 68 78 13 40 79 56 115 7 119 17 7 30 73 52 16 42 15 46 114 78 102 106 51 122 7 80 72 12 104 121 9 104 36 30 71 27 4 7 109 77 74 83 29 46 95 87 36 28 4 74 125 37 62 13 62 121 24 12 103 35 81 3 78 121 114 101 72 98 56 107 97 55 40 91 70 121 80 68 54 78 20 124 116 86 42 3 107 60 101 66 108 49 87 88 70 61 109 59 114 120 99 90 11 17 124 112 85 47 45 6 37 23 42 95 8 101 88 52 111 15 124 69 52 77 123 114 98 88 33 126 116 90 99 99 56 102 114 1 82 83 96 14 33 22 89 82 20 117 112 19 10 23 2 24 35 46 64 121 48 123 81 26 37 104 102 31 14
64 124 82 101 9 64 62 67 104 19 0 9 107 8 124 1 101 30 108 109 41 31 23 126 7 69 15 15 62 97 63 113 27 19 37 29 8 33 38 57 10 33 94 14 55 109 66 121 102 125 57 112 114 24 55 89 99 123 20 29 117 122 51 15 7 100 114 87 75 116 95 41 36 10 59 101 69 14 84 123 21 48 71 31 70 18 78 71 29 64 25 0 123 44 6 14 48 121 76 41 52 76 14 55 65 90 31 37 117 72 3 0 86 37 116 118 9 48 7 34 99 53 100 19 106 82 94 111 74 7 119 0 40 22 76 28 76 3 2 62 96 21 84 56 123 91 8 50 11 83 21 107 77 67 111 118 75 70 96 123 37 84 55 42 97 107 113 45 63 116 91 0 94 47 88 26 8 58 49 103 64 125 34 32 47 33 47 30 33 122 13 115 25 47 75 86 58 30 121 36 40 125 44 121 80 79 29 20 86 51 68 4 64 2 11 56 96 16 52 63 61 22 77 63 36 12 30 6 86 41 20 18 72 66 69 8 57 54 33 83 84 70 29 14 43 96 31 24 24 76 37 18 5 42 83 24 61 60 113 35 87 85 40 20 46 48 42 107 4 75 50 36 68 56 0 72 39 47 83 17 41 29 37 67 4 59 103 83 54 105 54 76 87 23 111 85 52 74 10 111 77 33 47 18 81 58 26 51 125 122 95 106 73 36 117 74 95 113 94 112 119 4 79 17 28 123 102 121 9 78 76 48 113 119 108 46 19 52 55 5 115 89 103 78 71 78 57 74 27 107 88 36 30 50 89 27 110 36 70 1 4 10 81 65 121 58 72 52 31 24 0 121 98 75 99 6 111 37 103 31 57 89 122 108 78 29 11 83 78 21 124 15 89 115 29 39 95 126 62 44 73 85 65 20 38 68 86 110 71 108 124 89 87 37 15 94 79 34 2 75 110 89 93 4 58 40 105 44 16 76 14 15 56 109 124 111 45 73 19 15 120 74 100 77 86 6 101 35 104 15 40 108 20 84 77 113 62 92 89 112 100 112 89 14 47 58 107 53 109 24 93 17 77 34 11 80 30 119 81 16 39 90 77 98 119 10 31 36 46 69 116 15 99 45 78 63 69 44 31 123 103 90 111 121 88 51 99 98 49 87 28 65
12 60 105 22 52 112 44 78 58 6 84 46 14 18 92 125 4 5 9 86 18 114 88 119 121 83 88 82 44 52 69 71 121 96 73 12 7 111 39 36 69 21 66 92 120 108 104 38 62 107 115 92 70 0 17 44 96 116 30 122 33 15 74 3 120 75 68 5 30 20 37 14 37 115 25 87 77 42 10 10 15 86 34 101 41 89 32 33 70 124 109 92 80 60 76 107 32 51 39 1 110 116 82 33 126 9 76 57 59 44 77 109 68 103 97 55 82 15 43 33 40 27 22 116 54 42 58 102 32 43 49 105 104 116 82 94 21 76 53 86 56 108 24 100 38 40 84 32 59 80 8 7 116 70 76 44 11 3 13 126 108 39 109 103 118 82 28 112 39 19 112 80 86 119 75 109 1 13 104 123 20 51 89 98 24 104 43 44 105 47 43 80 99 37 60 55 110 29 109 74 108 21 9 121 64 124 94 107 99 106 47 10 105 126 0 39 61 60 79 115 98 86 66 57 77 3 58 104 101 18 12 48 93 28 36 116 66 108 22 97 50 52 6 25 125 65 103 80 3 57 61 78 41 94 44 93 15 110 77 42 53 44 44 16 30 90 57 28 46 112 125 61 63 105 72 13 33 58 27 52 33 68 88 40 89 43 65 47 53 109 114 88 106 0 6 97 126 8 90 8 19 116 125 9 102 116 121 42 88 48 53 37 22 98 86 88 116 26 126 71 121 61 43 37 117 77 88 87 73 26 51 32 63 99 65 60 47 40 22 97 28 20 35 101 117 75 70 27 98 33 95 124 99 100 10 9 89 72 7 24 12 41 109 20 50 2 32 78 73 122 43 92 43 50 24 23 106 33 75 31 72 49 118 91 74 100 111 10 34 41 69 13 117 99 85 9 0 111 114 62 48 96 77 115 18 92 54 13 0 56 64 38 119 115 79 102 103 58 69 25 90 31 39 23 77 116 120 8 0 25 62 55 17 111 49 51 80 106 42 116 96 73 79 1 29 120 115 95 119 6 44 125 90 67 108 20 117 44 79 61 83 98 49 105 57 114 117 58 44 124 2 20 35 102 61 37 14 44 3 67 27 69 84 106 69 99 53 116 83 85 109 21 59 17 9 34 47 14 112 87 40 62 1 123 63 35 77 100 10 99 104 50
110 112 31 35 26 101 61 62 44 30 87 35 122 68 95 72 95 105 87 64 20 107 124 12 0 74 74 52 93 45 35 81 29 57 76 113 29 40 8 113 22 39 7 34 19 72 60 17 12 113 19 107 32 68 116 36 117 30 33 117 23 25 98 24 55 3 48 81 103 100 103 38 106 12 25 81 71 122 43 96 69 57 78 62 16 9 5 25 27 116 98 115 40 31 55 93 97 110 8 34 90 115 91 54 110 81 41 101 102 68 62 121 99 14 104 91 15 51 30 28 64 117 99 5 64 52 94 21 86 36 99 76 67 100 47 25 97 98 87 16 27 96 114 3 47 76 43 23 49 7 79 71 99 99 84 1 7 126 99 80 77 122 31 7 42 93 83 58 64 23 33 115 112 112 73 30 109 34 116 120 70 55 15 77 93 42 56 94 30 124 95 91 59 88 94 102 17 113 71 82 115 56 49 96 123 84 59 73 60 53 105 9 95 68 31 11 87 27 6 38 109 75 73 15 113 57 116 93 108 21 121 46 64 22 101 8 2 47 47 10 46 39 53 58 48 42 113 30 30 106 90 54 34 45 40 34 58 43 10 57 5 73 114 65 86 57 46 125 104 64 45 33 22 109 30 63 102 20 26 39 52 114 105 24 0 115 52 107 35 116 60 7 90 31 62 80 68 19 10 103 98 95 2 19 7 71 46 23 64 42 50 40 91 14 40 77 77 25 50 67 55 27 112 64 104 1 31 72 51 18 13 116 47 22 111 101 68 27 63 56 64 17 103 52 97 7 104 125 83 68 105 97 80 37 100 2 114 3 69 25 67 28 44 40 92 102 95 98 126 10 4 73 95 8 41 29 108 84 98 10 7 6 43 55 17 104 74 51 113 71 63 80 115 35 14 0 88 10 18 85 35 11 115 55 6 43 34 29 72 31 76 104 86 12 68 77 108 67 96 33 8 14 75 44 112 68 86 13 84 86 61 79 93 122 116 60 73 92 1 25 97 27 44 77 26 69 116 110 76 100 67 28 92 60 17 113 1 53 60 88 97 33 6 19 107 123 46 53 20 95 81 40 21 51 37 68 78 108 46 34 122 49 63 20 22 19 40 16 70 125 38 2 17 122 47 76 52 48 2 23 88 59 42 21 112 79 109 66 71 29 71 118
33 58 113 0 27 115 74 18 87 69 113 67 42 109 4 124 124 64 44 41 40 77 99 100 73 121 51 120 26 85 34 63 102 28 119 108 30 110 61 3 18 47 99 61 18 80 21 77 28 97 97 112 103 68 18 101 126 25 81 18 113 46 40 15 29 10 32 36 21 37 30 114 63 79 4 40 6 97 95 39 29 20 116 114 124 40 86 63 117 111 85 77 8 61 25 14 94 123 119 18 86 14 92 40 44 61 10 83 15 102 22 120 87 112 7 21 87 63 78 104 86 105 105 10 110 44 77 9 119 3 9 40 76 103 114 119 101 9 87 42 13 121 47 65 80 118 42 100 21 89 28 11 65 106 125 13 101 50 30 82 111 96 80 120 45 67 65 62 4 61 0 9 70 45 119 12 1 119 0 38 6 10 65 99 101 48 9 100 70 124 102 55 79 99 54 80 96 103 96 121 8 21 18 119 14 55 99 123 29 112 108 62 75 91 9 18 31 97 71 89 21 2 119 22 11 58 40 107 31 94 41 53 23 90 17 124 66 79 44 47 38 53 71 92 58 21 33 66 1 90 80 66 62 108 26 19 88 48 15 45 36 53 40 118 88 73 11 33 52 17 24 2 93 26 48 67 44 3 16 59 77 106 23 89 74 109 113 84 19 11 106 41 52 47 112 74 106 115 108 108 96 16 105 51 52 51 22 122 12 31 69 26 99 50 99 118 97 118 24 120 31 124 40 46 74 52 43 86 104 3 105 35 112 28 87 67 16 69 3 125 43 17 116 112 110 63 123 3 57 70 86 25 119 46 89 1 4 5 3 121 6 94 28 106 61 100 21 89 89 53 3 2 22 97 122 113 87 49 73 106 16 125 106 72 30 47 90 29 41 108 61 34 48 5 61 56 25 45 54 47 58 96 81 3 102 10 111 57 73 115 108 98 35 36 41 48 101 63 58 39 85 4 12 1 53 29 95 113 70 34 63 92 2 25 119 78 21 49 25 123 28 120 69 8 52 76 70 71 2 40 78 19 79 57 74 74 6 111 4 40 55 36 80 40 125 68 106 18 0 77 20 31 40 120 4 88 53 123 125 27 19 42 90 15 22 51 13 28 116 116 36 54 67 123 17 82 6 78 25 89 79 68 65 73 59 115 6 87 42 27 9 19
101 6 110 100 27 46 106 4 65 1 3 14 123 26 109 124 0 107 121 36 101 113 39 86 88 41 67 89 111 69 97 75 43 117 106 78 94 54 55 56 109 60 51 81 14 78 34 51 26 7 42 4 12 88 39 56 12 89 0 15 59 76 34 58 104 57 64 81 49 56 113 3 30 42 40 2 101 47 75 98 5 107 82 35 0 50 57 49 81 105 11 99 28 96 30 31 7 109 45 60 58 105 91 123 70 2 12 100 17 117 106 125 113 111 36 83 71 84 60 62 7 44 71 8 51 14 76 42 87 29 11 112 15 20 99 76 105 0 93 72 119 40 90 102 29 122 32 10 58 68 85 117 113 95 57 103 121 88 63 64 104 86 117 121 36 1 39 21 118 27 44 6 87 82 39 93 106 27 122 95 82 45 116 55 118 63 107 97 66 22 74 19 42 53 106 102 2 9 21 29 2 12 6 65 118 108 17 111 77 4 122 65 74 36 104 87 28 98 112 59 56 36 4 98 88 21 118 83 19 23 64 87 99 20 110 49 0 113 98 68 59 74 116 27 43 64 39 54 92 70 72 30 112 96 86 34 90 124 89 66 106 18 22 106 59 91 5 34 94 24 80 3 19 107 86 80 92 38 101 9 125 92 41 3 64 38 24 7 119 110 106 103 30 62 65 62 94 40 17 48 6 101 31 52 0 36 30 40 109 82 74 9 123 106 91 25 126 12 68 26 110 73 120 4 82 2 55 24 22 65 98 8 83 72 110 96 63 96 44 17 70 63 29 35 31 1 15 124 68 44 24 105 83 22 24 55 13 97 9 76 50 0 54 70 66 85 40 22 75 25 76 68 33 2 70 119 8 22 93 21 46 114 19 104 126 49 126 124 115 100 51 14 123 120 42 125 74 30 89 47 91 1 123 25 1 37 37 64 76 77 103 22 33 33 104 108 105 74 60 110 103 110 79 111 87 68 9 43 32 67 12 27 91 46 52 46 117 59 45 110 102 76 2 73 103 23 112 47 86 118 42 54 52 95 53 78 1 81 122 105 79 56 106 37 31 29 17 110 69 123 105 60 5 74 105 70 125 90 13 71 10 98 111 97 56 51 19 89 107 60 29 117 25 56 23 84 117 3 64 27 63 100 103 54 62 40 83 112 95 39 50 17
86 113 36 113 71 81 101 107 90 57 12 0 73 122 107 70 94 111 111 34 83 51 47 22 125 75 62 24 31 94 124 3 90 31 30 37 78 118 72 121 42 126 27 73 49 65 11 46 107 26 27 34 2 18 84 44 99 2 53 84 108 64 34 52 6 48 49 80 67 17 104 2 54 101 71 104 117 114 52 35 106 26 21 70 100 108 61 7 12 31 69 123 63 85 59 118 44 50 2 78 111 2 38 90 58 28 111 126 112 1 52 104 70 119 114 26 54 50 34 61 22 72 10 25 93 122 87 0 62 82 101 45 82 98 35 75 92 60 17 115 34 36 103 74 52 92 91 68 90 48 38 32 74 44 65 56 112 12 32 125 112 88 89 1 1 89 115 58 68 89 110 44 7 78 115 67 50 44 41 58 97 25 93 5 111 10 7 24 74 91 92 59 34 17 21 94 54 88 13 7 66 124 3 8 13 96 101 16 15 10 13 117 125 61 35 92 118 91 27 68 116 41 115 93 99 64 72 117 57 34 114 79 115 57 38 109 39 49 60 2 118 23 125 20 15 112 10 7 57 20 3 109 57 16 62 83 59 68 103 114 44 110 94 125 28 35 44 78 5 3 100 115 24 88 59 91 117 89 10 79 17 31 102 24 9 70 80 25 35 72 124 103 6 76 32 29 23 35 96 8 107 85 4 67 3 103 112 48 90 13 69 21 59 3 34 10 24 56 29 9 101 114 19 122 28 85 82 113 47 97 64 19 16 3 66 29 71 72 121 14 70 76 21 70 5 36 76 59 105 35 100 5 3 13 46 33 71 108 39 107 122 72 121 62 120 8 95 55 5 17 76 10 14 103 26 79 84 61 0 20 80 115 16 76 50 83 111 61 62 88 11 84 115 26 64 81 84 96 70 8 19 60 84 105 94 51 108 124 43 51 111 49 24 16 0 10 43 21 46 71 109 102 83 53 111 47 21 46 92 57 18 3 51 14 24 38 53 73 52 84 105 85 68 94 27 91 78 64 46 98 26 69 20 54 64 16 80 53 37 116 109 93 32 3 93 12 106 117 0 78 21 87 44 116 14 107 65 25 13 22 65 101 61 83 83 120 61 96 6 64 116 119 27 50 57 4 83 117 74 35 106 37 15 24 108 31 116 91 98 114 36 5
24 115 74 4 67 76 90 13 40 65 42 103 91 26 17 20 39 80 81 29 96 67 48 94 34 38 48 75 20 76 13 114 12 0 118 37 105 67 46 92 97 71 100 56 123 52 7 92 103 70 24 80 27 2 105 8 47 113 16 76 102 114 30 37 66 6 6 34 95 62 80 112 117 103 87 16 104 61 81 73 33 50 28 121 9 9 41 32 71 114 102 58 75 90 85 11 30 113 105 16 101 118 121 94 63 84 63 112 30 70 81 43 10 71 67 50 69 8 11 92 48 3 62 91 10 67 124 19 23 32 117 68 115 57 85 14 92 79 103 119 39 53 32 117 15 31 102 6 79 56 48 8 1 2 76 87 54 45 36 13 10 107 9 50 5 73 91 30 120 25 17 68 7 63 98 62 8 39 75 46 109 42 48 10 119 102 70 106 71 74 9 17 72 8 44 46 9 23 40 0 47 23 88 108 42 71 91 48 50 40 28 105 100 105 91 104 112 42 5 68 63 17 43 69 62 67 107 106 83 65 80 11 40 2 65 72 100 24 119 125 113 90 112 99 33 0 96 49 86 99 116 95 113 61 70 47 29 4 43 122 46 69 8 29 16 116 120 126 36 59 1 113 84 115 106 24 122 79 8 109 97 34 121 106 0 69 13 61 119 110 106 83 78 79 8 16 43 31 120 29 109 52 28 110 15 16 55 42 57 70 118 110 92 49 126 53 9 0 69 17 106 19 18 32 97 80 123 41 56 71 96 74 90 4 73 58 4 9 58 0 29 108 42 125 83 7 72 66 13 29 101 102 80 79 126 13 3 95 11 41 90 85 12 80 4 104 85 64 114 98 13 82 103 82 51 92 8 62 123 28 27 71 59 109 67 86 85 92 41 94 87 119 8 7 105 100 76 29 32 26 121 53 65 87 34 17 97 81 88 77 49 29 99 108 126 79 77 14 59 21 83 67 88 48 121 117 112 64 126 105 2 52 96 104 126 16 62 18 22 108 116 43 36 88 26 11 15 102 43 108 44 117 52 24 108 52 64 115 70 80 43 114 88 48 98 86 84 54 68 76 122 62 95 122 30 95 121 52 53 48 31 83 28 111 90 71 90 87 96 112 83 82 66 63 50 45 54 63 121 22 93 123 74 92 51 76 22 50 42 27 73 101
74 97 85 26 17 81 45 38 88 68 38 88 7 24 34 37 10 67 70 90 20 82 90 88 38 25 16 16 29 27 13 41 48 47 46 89 109 13 28 100 45 85 53 42 52 82 101 62 118 117 47 111 111 124 41 27 119 73 0 92 2 76 35 120 60 120 2 69 87 112 18 71 124 126 24 22 59 5 122 109 93 38 93 29 103 4 84 37 37 103 60 25 7 84 91 18 92 66 100 84 12 73 76 92 105 67 103 71 87 35 31 47 72 6 19 123 13 37 55 86 102 107 64 17 110 11 98 95 39 21 12 112 125 66 76 61 24 71 27 101 18 3 120 54 30 56 40 89 35 3 55 63 112 67 25 123 31 87 59 16 47 10 0 45 42 15 101 32 17 30 75 8 94 102 80 83 97 54 27 99 30 12 25 31 87 53 113 21 48 109 58 89 44 44 63 54 16 120 57 17 65 121 107 87 78 0 99 10 72 44 102 4 116 29 50 72 15 123 19 51 11 35 123 61 18 65 9 4 99 111 17 49 9 3 94 52 85 86 64 3 51 120 126 53 71 39 26 73 75 18 75 91 122 70 76 35 95 59 18 14 21 111 0 29 92 63 100 35 100 55 60 63 40 39 85 52 41 54 106 111 3 36 84 74 37 26 17 83 38 45 119 18 48 34 22 79 27 0 8 50 16 48 18 107 106 68 4 113 51 50 61 43 29 84 32 44 87 48 94 21 25 94 86 62 101 21 70 3 112 89 40 84 32 10 42 120 5 51 16 36 125 63 49 0 70 60 1 99 47 20 6 45 44 77 119 95 2 6 54 52 8 112 84 81 37 118 74 125 87 103 90 40 37 124 36 25 89 45 96 64 58 42 74 35 8 121 25 33 0 73 40 49 84 38 78 71 109 123 63 53 16 110 82 2 4 74 117 115 108 27 110 67 17 118 64 56 79 63 76 40 98 41 72 27 116 9 1 30 2 43 111 32 29 74 3 109 80 56 116 99 4 43 71 91 74 81 35 35 71 12 26 20 116 66 57 97 111 66 57 31 25 122 87 15 78 86 78 29 99 29 118 123 69 80 4 117 96 79 55 64 42 33 60 76 64 60 103 116 31 30 27 75 116 63 73 60 106 74 93 68 82 41 9 111 10 2 96 103 49 42 27 75
16 84 63 5 118 51 111 118 44 52 106 90 105 11 114 122 7 8 79 119 84 62 73 87 111 86 105 125 40 90 102 113 123 65 63 44 110 97 56 116 26 30 16 14 33 99 36 39 25 121 6 80 104 29 100 72 80 37 58 99 35 122 13 108 1 124 99 107 112 104 113 9 120 54 25 69 58 110 43 72 53 24 9 73 49 71 49 4 92 94 7 61 74 57 4 70 11 116 60 30 87 112 52 39 86 116 91 18 61 114 5 61 7 66 65 64 30 91 123 29 83 58 22 78 51 63 88 66 103 74 32 107 41 51 39 125 77 24 42 33 106 110 42 104 23 47 70 106 31 99 14 9 102 118 26 28 27 5 79 61 97 76 42 68 124 49 47 48 108 7 27 76 75 113 73 0 67 38 113 79 116 15 125 96 29 99 55 1 107 86 56 24 125 13 75 17 62 124 64 3 100 124 54 49 43 4 102 81 39 109 8 118 47 117 92 121 84 120 111 49 66 101 114 70 46 97 30 67 10 4 91 29 29 81 8 71 64 116 23 43 3 91 75 82 22 94 105 73 117 70 1 99 31 103 77 117 21 86 28 8 77 6 75 55 108 54 123 59 105 35 78 98 16 40 94 7 42 112 87 58 19 10 121 29 69 4 77 25 2 16 54 96 90 45 32 79 35 5 26 72 61 94 61 88 124 10 76 51 76 91 83 30 24 112 52 53 59 56 112 102 107 77 85 115 36 33 84 99 42 97 69 88 14 90 92 123 86 14 83 28 15 88 121 83 78 111 64 89 23 0 107 53 48 41 50 81 66 85 48 12 70 121 62 19 63 125 17 43 67 76 101 125 49 81 60 65 124 62 123 3 96 60 106 69 16 58 75 48 109 18 123 29 74 113 32 47 32 123 23 92 101 125 125 11 4 110 59 63 40 81 88 66 85 61 99 123 18 102 40 108 57 1 119 97 35 96 20 73 102 2 62 101 101 93 61 96 49 21 78 54 78 119 32 44 41 90 105 45 79 60 20 120 100 18 28 97 117 57 11 84 29 82 85 84 64 13 126 22 11 83 3 99 1 20 112 99 102 53 15 22 109 83 126 1 77 89 66 30 63 11 87 26 123 16 108 72 3 95 25 64 81 14 3 75 104 39 20 15 29 11 31 116
16 95 89 0 29 11 55 114 93 45 58 100 98 101 16 26 32 106 62 32 108 77 108 32 13 29 45 96 86 94 122 10 24 76 78 31 17 40 12 80 38 117 62 55 11 67 79 49 43 83 115 78 78 25 83 70 117 62 19 25 106 65 27 102 120 71 77 75 34 89 119 82 25 121 34 18 23 56 16 18 51 61 86 117 110 107 39 39 37 52 62 37 48 92 102 47 28 70 38 32 18 44 109 71 29 111 120 26 110 80 22 76 64 58 60 55 93 22 121 60 48 81 29 45 39 117 15 17 29 40 2 98 88 118 10 64 31 1 13 88 67 70 115 21 53 56 43 57 1 82 119 84 109 78 70 11 98 57 39 13 105 124 76 54 16 11 51 31 120 61 40 90 80 84 113 94 36 75 88 81 57 52 92 105 40 67 50 39 84 120 65 34 71 36 28 125 109 83 82 9 58 44 97 113 99 113 99 96 82 4 63 95 80 17 56 45 54 26 101 120 12 77 108 96 4 94 28 67 50 46 28 114 87 63 69 97 113 55 103 103 101 10 83 17 62 53 0 113 55 78 82 46 49 124 113 79 91 117 58 52 51 65 1 78 44 113 68 44 123 126 78 68 43 116 67 79 79 1 14 41 30 120 69 48 115 99 107 55 54 119 114 41 37 41 29 65 101 8 72 76 18 4 116 17 103 25 19 43 65 94 43 108 50 69 62 47 36 20 46 80 10 0 24 124 46 6 75 125 26 38 126 116 64 28 19 70 108 80 43 73 66 68 122 1 87 45 67 71 92 60 31 33 40 27 102 87 91 77 73 102 13 19 116 28 0 83 83 30 112 93 124 102 29 39 10 48 98 72 122 72 96 108 74 85 43 55 80 110 115 106 36 117 6 104 81 56 76 121 71 36 43 80 51 69 20 29 45 122 69 1 56 114 13 84 43 13 2 89 109 9 20 17 0 49 43 95 54 13 90 100 96 71 104 58 4 103 126 79 39 43 14 49 8 31 68 53 38 62 31 91 68 16 116 63 121 55 39 85 124 1 120 51 122 118 103 28 105 75 115 81 3 120 40 33 95 40 7 85 42 70 68 2 123 2 82 71 106 22 8 62 43 90 1 36 47 105 28 57 48 108 81 12 11 51 43 118 7 67 47 123 33 92
72 38 70 58 111 22 71 23 114 2 61 100 7 46 56 7 77 45 82 102 27 48 96 14 20 28 60 97 108 30 26 107 111 39 102 58 106 18 93 78 45 111 88 21 20 39 83 98 44 74 81 114 80 91 95 116 61 74 125 68 106 89 68 60 81 92 12 63 93 93 14 107 88 25 48 102 80 90 10 109 88 123 71 75 29 27 63 27 84 110 115 26 101 109 121 101 109 75 45 103 124 117 12 12 2 126 69 63 23 37 50 54 71 41 29 50 115 75 76 65 40 96 72 0 106 1 81 32 72 49 61 100 98 21 49 5 85 54 8 85 10 37 90 11 13 3 81 102 21 76 51 54 88 8 43 63 117 39 110 47 2 12 46 27 119 39 110 118 35 26 65 94 65 13 113 73 55 8 41 7 94 95 0 116 112 62 25 15 126 83 125 25 124 84 62 11 46 104 64 19 120 34 119 74 55 111 9 121 4 59 48 48 66 115 57 109 18 74 43 1 32 90 49 90 35 30 17 1 120 94 66 95 32 71 54 26 34 20 81 47 28 21 68 54 122 24 46 111 76 1 125 122 23 88 82 75 43 49 58 104 109 83 113 114 23 13 117 51 67 35 101 66 13 26 4 85 110 41 63 1 99 22 12 13 114 12 85 62 15 36 92 7 121 52 97 77 5 54 30 112 43 98 4 124 43 37 54 126 79 116 14 19 12 100 94 116 114 36 5 80 86 19 45 55 69 5 18 6 77 73 25 36 90 95 87 68 54 113 24 37 15 35 28 40 70 42 93 94 15 88 106 54 31 104 59 9 104 125 0 46 18 30 125 87 53 14 78 115 73 38 22 78 118 35 26 52 95 36 27 114 60 79 22 88 37 53 49 5 93 32 9 105 92 35 23 94 119 38 102 115 119 4 64 35 98 85 22 4 9 36 60 29 123 7 36 10 49 65 34 34 69 27 85 13 55 93 30 68 78 93 104 26 34 2 8 53 81 112 33 67 21 79 15 105 83 6 31 102 76 112 66 57 15 106 24 77 21 100 2 12 105 114 105 89 90 20 28 33 55 20 40 6 75 45 32 64 5 109 4 119 39 76 111 102 95 4 61 53 46 11 74 43 114 13 91 13 23 99 26 111 56 76 79 51 65 86 95 118 118 87 92 63
87 117 14 111 113 118 42 124 81 64 6 39 32 63 54 32 45 25 18 126 46 55 48 110 20 25 6 73 73 66 94 92 116 66 107 33 13 110 116 100 55 57 56 41 83 66 100 24 3 68 10 3 100 87 61 38 56 67 25 27 10 106 115 17 69 8 114 107 67 25 13 16 37 113 61 88 105 95 46 13 23 66 2 21 52 17 108 83 93 33 116 45 86 126 70 59 74 27 33 22 13 79 71 41 52 32 22 73 4 47 93 51 94 118 9 32 42 48 71 59 33 31 23 51 22 92 101 102 12 121 69 88 19 33 44 99 79 49 56 84 99 100 78 111 95 89 73 113 116 98 121 18 58 95 121 113 77 17 86 67 110 88 23 34 74 95 62 89 115 88 76 89 77 14 62 1 25 119 108 54 8 102 85 37 19 77 18 41 95 46 111 35 25 110 18 53 103 91 29 27 108 111 116 5 64 84 45 103 113 41 59 5 97 85 103 95 96 65 124 7 69 2 4 91 71 82 37 60 67 106 9 7 126 28 60 19 70 13 64 122 110 27 56 90 25 73 27 12 98 71 84 3 37 62 25 42 41 5 123 122 20 27 117 5 10 102 16 6 124 85 67 17 22 1 14 23 120 8 102 101 10 69 83 23 118 18 39 5 105 109 50 26 102 103 71 44 106 5 41 97 79 94 78 76 111 10 21 110 70 125 66 95 5 12 34 115 115 80 82 54 60 120 92 76 33 41 55 34 51 123 23 100 123 87 25 32 120 36 124 114 65 108 108 124 49 94 3 88 8 119 33 88 17 16 53 64 65 32 13 35 70 59 75 57 104 50 78 37 122 24 96 126 126 7 105 38 114 33 84 121 83 45 24 60 78 64 19 118 17 14 27 29 24 24 73 45 18 114 86 33 17 41 113 26 90 77 46 104 12 64 110 23 18 15 89 97 103 39 105 47 61 69 121 65 56 27 116 18 58 16 81 9 3 33 50 96 37 46 110 107 106 58 110 5 77 3 73 104 86 109 17 108 115 111 82 2 88 90 122 58 41 8 109 58 17 114 30 64 65 23 101 83 116 121 107 87 109 124 86 91 66 47 8 108 46 46 91 69 72 110 59 71 100 61 99 107 9 75 44 76 93 62 114 96 4 61 59 53 63 122 44 13
58 70 106 62 110 79 71 54 101 54 109 107 120 83 13 108 57 23 73 71 60 80 96 105 104 58 5 0 47 94 60 8 84 23 7 76 46 58 0 9 99 45 111 105 92 22 101 71 83 15 64 108 107 94 110 49 26 20 27 48 50 40 77 38 33 25 54 85 63 57 14 85 43 84 49 56 4 21 52 97 14 74 6 101 100 93 52 45 104 51 56 13 28 110 40 116 7 99 91 26 15 5 9 60 57 51 77 66 68 34 49 79 28 12 103 34 15 39 112 71 86 106 14 30 123 124 110 95 52 72 13 70 63 114 58 105 122 13 75 14 99 88 121 120 4 70 111 54 83 8 80 21 15 16 123 112 115 103 80 59 7 3 8 101 47 94 122 84 66 38 18 67 123 25 72 8 0 103 4 81 46 60 104 55 57 60 56 109 57 21 57 12 42 78 61 43 21 29 26 60 79 90 21 73 70 118 121 51 104 59 115 24 106 78 118 95 71 28 111 27 102 62 15 58 12 109 18 79 77 98 114 49 52 95 24 101 34 58 22 73 72 65 74 63 119 94 64 16 0 20 65 80 29 46 96 3 81 78 9 46 17 118 6 33 113 112 125 48 70 62 59 1 25 24 58 50 33 8 70 12 82 125 22 32 54 115 52 93 111 48 15 1 55 70 86 17 25 48 16 15 8 85 91 6 39 39 45 16 105 22 88 12 61 29 71 9 23 59 56 48 56 56 86 75 100 65 101 112 9 65 92 119 112 30 30 22 116 84 65 20 10 2 40 114 15 28 126 86 27 30 7 44 50 40 47 116 124 97 91 51 17 126 89 93 1 71 3 114 50 34 64 105 80 82 79 18 119 115 62 52 111 66 76 46 2 10 17 49 38 32 32 126 71 119 43 22 14 58 7 22 74 54 12 30 112 97 106 67 55 9 60 70 71 116 51 55 98 7 13 9 33 99 103 104 100 117 112 19 41 55 97 44 32 116 19 35 27 68 39 71 8 59 113 33 34 12 76 67 40 64 121 38 6 81 123 80 93 112 120 67 20 21 31 46 126 105 100 34 23 79 100 61 70 60 82 95 102 70 89 20 22 73 87 31 3 55 29 50 101 40 40 19 65 116 95 71 85 55 40 69 82 55 37 81 73 80 50 91 67 44 75 97
9 40 95 48 112 126 59 105 50 92 83 86 61 26 29 22 117 3 118 24 46 33 108 9 117 69 47 79 81 78 122 47 59 60 125 29 31 54 27 28 4 13 66 74 91 105 57 8 35 87 95 64 120 103 28 2 16 109 68 27 15 15 124 114 18 57 75 36 88 40 11 19 68 15 96 11 8 33 108 32 100 126 116 110 23 48 79 23 53 31 61 111 100 111 118 96 35 51 81 12 94 33 39 37 100 17 81 40 90 68 106 96 3 124 52 22 111 64 21 50 24 90 99 89 1 7 105 120 29 7 49 105 85 26 9 66 76 54 49 13 89 126 96 122 110 29 97 113 83 68 68 6 39 40 9 6 53 117 120 24 2 87 33 58 23 54 114 82 118 87 8 119 2 46 95 104 81 92 38 73 9 9 114 90 95 94 36 84 16 57 122 25 30 75 96 96 43 48 66 7 76 79 10 113 50 82 94 101 32 42 97 9 81 17 98 29 45 81 70 5 50 89 102 32 28 34 12 117 59 12 53 12 38 80 51 2 17 104 69 98 41 64 100 74 56 118 70 75 9 49 115 75 54 26 26 93 100 2 42 34 87 24 75 126 70 97 123 87 30 68 107 41 74 93 71 66 112 103 12 69 1 88 108 24 17 123 27 22 71 42 116 68 104 7 63 114 20 70 7 25 2 40 109 84 92 35 9 28 30 48 87 79 118 27 74 94 28 12 22 112 32 5 45 64 27 91 12 114 18 1 79 17 22 106 118 95 66 102 61 14 105 51 110 36 74 0 46 44 84 10 85 90 12 11 45 109 119 63 50 23 89 16 43 50 79 43 56 68 115 20 41 107 12 39 55 22 44 94 106 28 123 90 72 123 53 45 120 72 54 41 14 36 88 64 72 74 63 111 110 33 70 4 13 17 61 77 83 19 35 61 60 89 28 86 51 71 71 101 101 35 98 18 113 101 52 114 35 120 34 58 81 114 40 105 90 48 52 58 111 52 107 102 26 46 62 15 72 42 0 7 46 12 62 15 52 73 27 40 14 74 96 65 84 4 24 85 109 8 79 121 72 56 36 1 50 44 121 75 67 31 30 114 0 15 39 96 108 62 3 92 107 3 1 105 126 69 78 28 4 106 10 9 46 51 96 19 72 83 122 91 20 98
92 73 110 40 61 34 46 25 70 28 53 16 40 44 93 21 62 10 42 7 41 111 25 70 2 59 114 61 87 3 115 19 104 0 81 118 31 7 46 121 30 10 27 46 85 26 81 69 23 82 17 102 96 23 97 96 40 46 88 54 7 44 92 89 116 103 73 92 26 1 43 68 94 107 31 42 109 107 31 79 4 36 35 120 86 78 103 21 80 78 124 20 3 50 34 38 82 47 54 78 6 18 36 28 120 114 22 6 62 32 54 82 36 88 110 114 20 126 109 22 93 47 26 38 95 34 54 114 1 69 53 84 32 11 26 45 5 125 21 39 29 75 27 110 50 100 41 9 107 116 121 119 90 13 115 113 89 112 37 17 55 90 119 1 52 103 36 126 116 72 115 99 58 56 53 103 26 100 106 96 36 59 113 113 33 96 6 119 38 7 0 90 21 45 102 62 69 9 7 99 29 8 64 118 2 80 24 36 53 99 69 4 108 73 92 95 76 89 37 109 36 115 42 121 106 116 39 112 6 101 40 60 28 47 104 68 60 50 73 102 88 107 32 111 8 60 21 89 125 79 41 54 75 117 12 118 72 18 93 111 88 43 87 37 87 113 38 21 14 103 24 97 73 75 51 119 5 122 62 68 71 122 93 20 80 96 104 103 49 66 73 83 87 101 41 60 111 67 3 64 77 77 90 116 82 90 6 114 76 113 40 19 120 68 110 48 87 53 8 86 21 100 89 123 65 38 36 95 27 89 48 14 82 100 92 113 41 124 68 121 23 57 17 102 114 47 88 39 90 23 100 4 107 20 31 124 43 14 51 14 116 44 121 94 23 26 61 72 62 112 71 121 33 47 40 26 126 115 81 89 100 63 109 105 45 28 13 70 57 26 10 14 118 106 113 29 63 119 118 4 92 71 81 55 120 79 61 7 8 92 29 112 44 19 125 44 71 5 19 109 79 37 67 104 21 120 86 21 62 41 74 18 52 105 73 59 78 123 64 66 73 40 88 81 6 115 8 55 93 110 126 124 14 43 5 55 99 40 39 100 92 78 12 33 11 24 36 84 46 88 78 1 119 87 16 99 0 7 106 66 41 94 125 116 111 18 43 54 87 108 3 40 126 2 66 92 25 1 114 49 23 52 64 123 69 6 27 16 11 74 67 23
83 101 7 55 119 8 57 97 13 17 16 82 4 83 63 126 90 66 59 20 86 27 115 56 58 31 123 27 120 52 68 6 68 40 71 112 118 119 123 126 15 107 13 84 19 21 56 69 78 67 25 87 62 16 24 124 0 96 105 26 70 25 113 31 79 29 93 89 112 61 14 55 0 27 29 83 38 82 35 11 12 39 43 90 94 126 102 10 18 10 59 92 41 52 96 125 54 122 25 49 65 116 102 107 37 22 71 9 98 103 101 111 84 79 43 7 27 56 2 55 65 96 27 121 116 105 121 84 96 27 7 31 51 82 124 123 38 59 56 114 64 82 67 2 114 55 67 0 76 48 24 46 33 51 116 101 107 124 113 117 110 55 31 116 46 101 43 15 40 51 35 10 21 29 23 65 28 35 32 100 1 94 0 101 1 18 99 62 26 91 93 28 40 3 31 42 106 13 29 10 6 66 74 106 5 104 57 86 59 122 107 73 116 9 14 43 25 105 28 75 37 1 34 0 38 52 97 25 112 56 119 21 94 8 56 21 28 83 7 41 66 31 35 37 3 65 29 98 55 56 55 52 18 79 21 125 42 25 72 121 11 42 104 64 37 92 82 109 69 64 79 124 117 50 56 87 17 36 2 5 55 41 71 67 39 73 76 48 120 46 107 45 59 90 74 90 51 30 8 88 83 124 87 51 39 52 44 91 35 13 101 121 27 79 80 113 32 4 53 77 5 35 49 11 23 13 99 113 126 118 6 68 44 1 75 64 105 7 123 35 44 102 104 121 104 89 122 51 45 57 33 72 4 25 60 113 9 123 85 34 100 116 116 67 21 122 18 90 57 28 78 54 89 41 108 113 73 5 2 110 6 39 88 47 99 43 46 41 70 63 36 72 80 33 11 73 120 94 35 0 101 11 18 123 15 39 66 88 26 8 13 118 125 7 91 4 63 118 38 102 126 106 40 32 25 121 96 47 84 126 78 83 100 86 19 17 37 38 124 40 48 2 34 103 46 76 117 122 119 32 59 71 87 77 33 16 75 114 117 90 74 1 94 95 60 79 64 108 43 83 39 45 64 23 28 103 99 4 13 24 107 43 83 31 75 28 101 99 16 115 51 60 60 56 0 51 60 98 98 16 48 104 4 33 48 105 55 6 75 34 124 107
119 15 64 62 20 125 119 18 6 122 43 92 56 71 22 56 108 54 37 54 80 27 124 68 58 108 97 53 25 115 5 44 24 119 114 91 19 93 124 99 31 11 39 96 6 84 89 45 60 83 30 4 85 17 39 79 76 47 5 30 17 37 4 110 28 106 86 97 39 121 109 39 71 24 72 73 42 17 123 25 85 104 54 45 103 69 87 117 60 14 124 99 54 100 45 46 122 113 35 89 10 91 37 14 33 100 56 99 99 112 96 29 114 111 87 19 22 97 20 32 56 98 35 107 76 122 111 62 47 122 73 47 24 37 79 80 24 85 66 115 33 10 25 68 51 50 94 10 55 102 1 60 47 73 50 89 58 93 6 92 8 8 47 2 68 92 123 110 3 105 0 90 86 40 21 98 121 72 109 97 125 3 91 72 34 115 7 100 121 23 100 110 117 99 56 18 18 41 78 62 96 39 17 4 14 86 59 26 20 27 10 24 126 43 50 107 69 54 119 85 111 90 61 86 37 15 12 39 80 97 56 56 75 109 78 96 32 58 116 75 10 82 85 62 100 10 3 116 60 53 117 115 35 91 17 66 117 15 91 113 45 98 94 114 31 28 79 56 86 52 61 31 8 91 124 25 89 64 120 59 45 93 35 37 64 79 82 54 33 74 110 70 111 32 33 109 104 110 7 31 7 79 68 110 7 114 60 97 46 108 91 74 73 95 107 0 91 1 103 43 57 67 8 80 26 62 14 30 106 99 49 2 113 119 72 14 77 79 66 39 120 62 5 97 106 11 6 20 103 100 115 11 24 93 109 69 118 72 19 1 113 87 96 92 17 68 20 83 126 89 58 46 81 121 125 76 36 96 86 119 53 39 51 67 93 88 64 8 27 39 76 6 1 119 88 37 126 109 54 105 75 73 98 47 60 95 33 87 78 61 23 43 100 125 8 35 73 74 111 106 89 100 49 106 126 15 42 9 33 64 76 105 82 28 84 40 105 23 18 100 43 80 123 82 16 0 92 25 2 25 108 8 25 80 112 69 12 28 1 125 52 94 113 49 31 116 11 71 16 103 75 78 7 63 76 114 10 5 32 95 117 115 8 27 33 97 22 119 74 81 4 16 119 85 81 60 112 93 27 91 86 66 69 21 81 19 101 6 15 120 0 52
82 75 11 42 98 7 113 50 103 48 13 25 45 88 102 113 69 20 8 17 96 27 27 83 68 40 98 98 115 40 36 51 17 38 22 100 103 112 32 28 32 84 120 55 43 67 93 38 84 58 42 94 73 27 14 63 79 71 115 74 100 48 99 92 67 23 54 59 76 30 15 77 112 18 28 98 84 47 105 122 19 49 14 2 99 41 87 45 58 73 73 61 104 68 32 51 19 24 9 118 123 83 122 75 107 108 28 121 97 28 40 101 51 54 97 118 9 118 52 126 34 40 86 46 43 83 11 17 116 22 89 81 19 46 59 58 111 50 94 14 42 12 78 63 60 15 82 70 33 121 10 56 66 105 75 73 0 92 24 9 48 114 38 47 105 125 16 50 27 99 59 118 18 25 53 86 46 4 86 72 93 94 67 48 122 85 92 4 59 124 120 44 45 32 63 62 65 8 122 13 28 117 121 24 22 115 69 112 11 126 63 61 29 16 73 116 2 18 117 0 3 49 87 124 39 6 101 57 94 3 37 6 74 40 8 9 106 45 80 98 104 17 51 97 25 124 105 16 60 73 9 17 66 9 89 33 125 86 113 57 112 20 117 106 122 78 54 22 10 101 18 52 75 99 44 7 109 70 66 125 71 86 33 23 63 40 125 36 82 126 110 24 35 64 42 59 113 42 46 102 125 5 109 54 27 5 93 56 125 89 51 21 15 112 98 111 51 123 12 23 105 39 48 96 19 84 111 17 21 0 31 74 65 82 77 37 111 63 86 47 24 95 27 2 78 103 41 120 96 120 45 46 79 28 57 120 108 29 90 119 59 84 14 66 98 76 72 56 98 70 35 81 96 92 80 67 6 64 118 62 18 121 42 113 3 23 11 22 46 54 117 55 108 36 2 98 58 25 110 1 102 44 58 35 88 56 38 119 30 116 60 11 21 89 92 76 66 86 8 49 78 78 125 124 74 60 56 49 110 89 33 78 89 111 69 21 3 51 119 68 67 28 95 116 87 54 53 113 84 47 66 73 96 124 90 76 85 27 1 82 16 114 73 26 84 34 45 52 108 96 60 12 59 98 108 56 124 71 58 68 51 125 69 45 68 109 48 74 107 99 49 84 117 32 115 0 126 90 91 59 52 90 5 120 63 89 106 22 5 123 76 72
123 104 49 46 59 97 23 45 101 61 19 82 94 112 63 92 79 49 5 117 16 37 35 104 116 17 121 121 91 93 113 0 116 8 0 54 33 18 35 10 124 13 37 108 114 37 73 83 7 51 47 43 99 52 121 90 102 69 24 92 50 83 123 124 106 31 82 1 59 104 32 86 118 93 0 97 96 47 120 76 103 42 5 57 10 99 76 82 94 71 38 36 113 0 51 12 35 45 45 98 8 91 117 125 43 98 38 44 72 51 39 98 67 15 94 60 14 53 121 118 54 100 75 120 1 13 122 3 40 115 3 107 115 36 96 71 97 25 33 48 81 116 96 111 84 108 64 11 59 15 121 83 47 72 86 8 99 63 92 9 57 9 126 64 126 63 25 6 93 115 71 124 69 106 47 88 102 43 124 126 33 29 82 10 47 106 113 102 125 8 73 4 58 115 17 57 25 11 70 99 22 90 8 89 69 6 92 107 12 78 122 77 83 46 75 0 112 19 18 32 16 107 52 25 60 15 67 25 58 25 87 83 82 59 111 108 43 6 39 22 61 63 79 2 32 108 4 120 46 97 5 82 119 113 46 32 40 92 0 95 46 115 103 59 65 10 64 109 88 85 13 62 31 78 82 11 34 3 65 89 9 10 85 92 82 16 18 92 116 50 58 27 6 92 69 15 14 107 29 124 109 40 112 78 93 50 14 67 41 97 7 7 118 40 42 99 118 104 26 41 109 4 49 22 104 117 83 72 117 40 117 104 19 125 61 56 123 116 90 33 50 27 69 32 119 75 14 74 96 100 99 111 35 36 96 119 53 103 100 48 50 94 2 53 13 44 11 114 47 35 70 41 13 35 122 2 117 18 125 71 55 32 17 35 119 69 104 46 54 6 118 60 14 81 99 23 84 73 27 37 25 98 49 63 103 58 57 63 5 60 0 40 72 10 42 34 46 94 47 121 96 115 8 3 6 1 25 79 26 29 120 122 0 48 42 49 119 71 68 102 100 3 99 54 120 54 1 66 59 74 32 42 35 33 41 37 102 13 82 51 72 86 2 125 40 51 112 5 77 27 104 45 56 119 42 54 53 76 6 41 118 85 53 119 12 7 51 5 50 28 8 103 49 55 119 89 17 103 75 27 76 33 62 60 106 97 101 67 63 16 14 34
99 61 122 24 85 110 107 9 101 13 6 94 54 84 84 102 33 96 71 99 34 93 101 13 10 115 68 2 4 109 25 76 31 26 125 59 34 26 55 42 68 8 48 126 97 56 54 123 30 30 94 68 65 38 5 43 48 40 47 124 74 38 110 5 29 82 68 59 115 27 56 16 83 63 43 126 101 95 80 11 62 18 117 43 19 10 26 12 2 67 92 64 34 28 45 47 46 113 51 48 9 115 54 47 25 0 40 25 101 4 116 87 29 120 1 33 97 57 38 103 52 126 18 65 109 20 29 114 85 60 56 99 60 31 54 22 51 126 72 81 24 103 95 111 36 26 40 29 48 62 86 113 46 109 26 51 49 28 50 28 123 2 13 102 27 120 72 88 108 84 7 104 126 67 32 50 84 124 14 117 85 93 58 65 110 59 63 39 121 112 76 98 124 85 32 0 64 91 111 87 44 107 111 85 111 19 110 26 91 29 18 89 109 67 19 26 32 108 58 29 49 113 110 23 10 50 112 106 0 82 62 47 0 56 38 8 69 57 110 88 51 32 90 28 122 20 29 86 34 73 97 47 81 47 118 96 110 96 103 66 83 121 70 102 86 57 33 30 80 88 42 74 1 20 58 63 37 90 44 3 47 3 39 105 54 72 24 46 120 5 37 43 6 63 63 24 99 125 114 117 63 76 78 58 100 35 112 110 49 110 78 71 89 67 50 90 100 17 76 26 52 8 111 58 73 16 46 0 18 6 87 40 33 1 118 95 21 121 37 1 102 24 2 106 7 42 115 80 112 98 17 3 76 75 36 39 3 45 61 125 21 43 23 85 112 98 16 113 84 75 11 64 31 85 17 29 116 22 71 92 73 30 103 103 39 72 16 100 81 64 11 120 27 99 53 20 26 71 91 94 44 2 6 17 117 61 62 28 5 53 49 112 79 28 23 23 69 8 80 10 31 125 72 65 23 121 39 96 94 71 26 66 109 73 35 10 13 29 75 43 84 88 113 29 55 87 89 111 63 6 85 99 92 8 101 126 58 8 108 62 18 95 23 14 28 99 118 87 29 118 123 105 104 64 50 26 93 45 28 25 113 21 86 38 114 122 5 56 61 112 112 95 114 25 32 118 75 85 85 93 57 96 28 117 79 104 20 70 91 92 86 117
79 100 86 43 10 65 46 22 118 104 74 58 18 43 97 72 124 106 123 33 66 88 114 101 103 90 38 35 3 82 6 61 52 125 124 6 71 23 30 53 27 5 21 65 68 54 54 31 65 105 46 45 22 26 90 66 63 70 28 22 45 29 74 104 22 68 65 105 76 81 117 66 42 24 85 10 15 40 102 19 109 59 80 35 33 112 1 46 46 3 75 5 126 81 119 48 85 3 38 80 45 20 126 49 63 27 10 34 46 28 16 27 94 81 62 35 39 119 80 116 40 94 88 29 12 45 80 39 6 17 92 102 0 58 3 1 85 35 113 104 99 80 84 112 41 69 118 33 126 78 21 21 88 90 98 113 124 36 55 40 21 37 112 14 95 57 99 25 116 102 35 101 63 72 69 98 17 42 6 107 81 16 106 125 117 36 23 43 56 62 70 14 92 30 8 76 12 44 57 103 79 125 93 30 25 37 80 103 37 64 26 76 123 40 105 13 82 89 69 9 20 114 113 71 105 120 73 47 68 45 12 12 36 125 91 66 86 62 27 123 32 16 3 98 11 66 0 28 96 82 87 79 116 3 59 20 54 26 27 58 101 96 96 6 95 25 17 19 27 94 115 108 20 39 2 38 101 49 82 121 39 39 113 95 41 108 2 50 51 110 0 51 108 14 121 25 29 0 109 106 63 86 77 90 2 91 90 12 66 116 63 43 13 124 98 50 92 83 102 71 34 10 94 11 59 25 25 73 44 13 114 75 49 39 38 79 107 8 44 51 21 31 31 67 55 41 38 122 74 112 74 61 49 29 111 103 119 36 126 60 98 87 42 50 35 30 31 79 28 9 110 43 110 14 53 35 18 91 120 3 90 41 78 81 73 126 16 27 97 11 64 96 99 12 123 55 11 27 97 75 87 17 78 42 52 49 50 23 4 57 17 94 97 84 5 37 0 115 36 106 50 101 5 69 10 61 83 92 14 90 72 2 51 50 62 110 32 23 45 76 106 7 32 15 113 91 47 42 26 68 65 108 37 46 1 65 110 69 6 40 102 58 116 50 21 119 10 88 124 22 1 38 62 105 69 89 123 49 52 4 36 106 54 50 68 40 106 25 73 64 4 42 35 27 2 53 58 18 81 13 124 103 76 110 95 114 105 3 60 0 77 90
37 51 49 74 73 118 96 126 21 122 108 126 53 116 60 48 37 65 24 39 43 95 116 111 24 80 69 6 46 51 10 50 93 125 52 94 107 25 99 115 89 101 11 124 120 107 47 6 45 52 116 117 99 56 2 8 125 21 70 68 50 90 49 75 110 108 27 7 79 68 5 96 6 90 59 119 119 12 76 54 2 80 12 98 25 109 80 75 19 83 58 85 117 110 116 115 27 119 73 121 68 113 49 53 9 43 66 55 34 114 88 57 97 89 29 121 8 17 77 97 57 76 125 32 64 102 107 113 31 61 65 48 97 17 59 105 15 46 79 50 8 76 126 62 90 22 60 126 57 31 120 110 109 99 61 119 109 18 32 100 118 68 111 27 68 4 118 95 61 46 110 33 112 42 73 64 42 30 22 59 85 11 25 77 122 31 92 46 55 72 68 74 98 44 28 100 30 66 33 63 40 125 110 2 30 102 85 88 29 83 124 61 98 111 23 124 124 43 35 86 26 63 76 6 40 30 103 4 101 1 31 44 42 90 56 123 90 73 6 22 3 90 61 18 6 108 43 83 26 10 60 72 88 88 123 110 82 41 82 123 89 24 26 2 6 125 48 2 103 79 45 37 37 100 24 76 1 19 87 122 37 75 105 57 66 28 47 57 64 111 99 2 12 113 67 44 45 65 68 95 57 46 107 58 125 84 57 18 17 101 86 36 15 106 5 43 13 94 92 49 25 115 8 101 123 39 28 98 76 64 96 29 30 48 109 3 34 83 22 84 116 74 69 65 102 5 50 85 68 51 39 18 15 103 92 33 17 51 26 115 52 18 111 31 80 64 80 60 46 37 115 83 78 21 105 3 25 88 22 71 9 50 32 8 29 36 103 13 45 115 7 117 104 63 22 31 54 125 66 11 126 111 44 114 34 16 80 28 119 60 2 65 7 0 35 13 119 54 70 12 90 105 113 125 100 17 84 12 109 119 30 86 117 101 0 107 45 32 60 66 100 123 11 47 27 83 98 0 3 4 12 43 84 101 68 27 92 0 79 39 66 88 75 87 1 39 44 1 74 20 109 90 39 12 108 47 74 54 25 53 95 91 49 69 75 79 91 66 3 54 126 63 0 101 86 65 96 104 8 77 80 73 111 3 115 77 4 23 5 82 108 66
105 1 68 76 13 94 25 40 112 58 94 24 110 123 8 30 112 57 56 123 46 113 23 24 52 66 124 47 104 26 117 78 60 115 102 126 121 120 11 63 34 12 116 17 37 32 23 119 106 107 39 115 72 84 9 118 106 18 58 101 43 68 46 42 125 122 28 90 105 58 34 17 47 87 119 101 35 105 86 19 92 103 39 76 50 16 60 50 73 75 53 29 39 25 10 48 76 100 61 81 113 58 88 105 67 25 36 67 3 97 104 67 124 41 0 5 7 49 95 125 26 63 110 8 1 59 87 1 125 53 97 80 32 79 76 5 69 66 65 60 73 89 28 108 31 46 76 55 111 47 9 72 91 78 116 0 8 2 23 113 118 73 102 45 43 42 65 50 106 38 91 7 71 101 24 33 87 9 11 83 62 16 74 8 63 79 23 85 107 14 21 16 31 65 115 124 125 50 31 2 89 108 24 0 53 125 57 114 69 105 6 119 101 50 12 27 17 45 77 58 20 40 114 40 109 89 14 31 112 53 81 19 126 12 98 13 63 80 109 110 26 124 58 68 86 29 6 98 55 107 47 47 43 47 35 62 42 122 92 28 76 112 39 22 0 26 2 106 80 98 103 36 48 116 125 60 66 60 107 63 91 29 76 108 118 104 48 28 106 84 23 98 5 65 23 86 87 105 64 30 34 21 114 91 5 43 19 28 67 83 116 93 114 40 79 95 22 117 4 6 120 72 61 25 13 113 121 112 104 36 50 73 16 105 5 8 84 87 58 6 73 110 13 84 118 6 38 92 41 79 71 126 68 89 57 51 23 63 79 64 60 46 96 57 42 111 50 61 36 90 124 0 94 52 124 21 108 71 92 89 93 110 51 103 27 61 117 110 37 62 17 125 77 63 46 17 62 90 125 81 46 7 116 15 3 125 47 20 54 17 94 99 68 51 71 117 87 103 109 29 70 4 80 76 87 124 50 25 86 17 94 83 1 102 79 10 13 16 115 69 40 50 95 17 124 38 63 91 115 96 34 30 125 43 34 21 96 64 123 34 126 118 66 1 108 88 80 39 81 53 58 118 9 1 63 56 89 13 59 119 28 102 17 67 53 124 25 89 93 48 42 103 60 76 62 42 54 45 30 63 72 117 3 12 81 21 110 125 57 108 75 112
93 27 125 71 37 53 88 107 113 12 65 72 72 110 101 62 40 58 40 12 10 32 19 89 21 41 69 34 125 92 71 85 78 118 13 84 19 101 38 90 11 46 55 44 49 63 36 2 108 9 36 126 71 108 91 81 53 86 45 27 17 120 64 25 40 91 101 0 36 47 82 86 58 83 94 65 121 21 58 17 6 111 103 47 107 16 59 8 100 65 49 49 39 74 30 9 74 122 108 90 58 36 125 68 45 47 112 28 19 77 90 55 106 40 45 101 87 86 99 117 124 72 15 94 70 121 59 2 107 126 96 74 84 35 17 80 54 34 1 118 68 7 0 90 22 56 11 105 31 79 116 27 77 97 39 31 70 45 31 28 83 82 44 44 20 2 125 98 103 69 113 8 94 102 40 118 125 58 94 1 97 111 83 3 90 11 20 46 38 52 78 92 49 122 58 64 3 83 83 107 39 69 90 43 5 66 49 75 112 58 104 58 27 102 64 114 85 37 126 60 119 64 59 29 56 71 118 39 121 65 93 34 91 29 102 48 113 66 24 8 23 112 9 49 17 31 92 70 66 70 66 1 0 63 115 79 75 70 123 12 55 8 55 87 25 33 90 85 48 57 122 25 47 83 109 39 60 27 31 73 124 103 70 8 104 106 48 126 42 47 26 8 24 122 70 9 3 62 64 13 34 115 46 40 120 63 16 92 78 109 112 104 97 36 47 19 17 109 8 112 13 120 78 118 74 118 12 73 66 59 41 6 113 100 35 61 20 39 99 116 26 40 104 81 20 14 84 64 64 114 100 102 97 36 75 111 46 94 8 90 79 48 44 8 40 4 72 122 41 67 11 117 92 87 41 64 19 74 66 97 25 113 120 0 100 17 8 55 100 0 63 102 28 64 51 1 1 124 117 36 69 82 25 45 93 52 65 91 43 44 93 85 15 104 43 36 35 119 48 45 31 73 67 44 109 65 17 101 44 115 16 101 58 0 23 57 41 35 9 35 104 14 126 100 81 30 42 89 36 100 16 72 104 27 99 83 58 37 28 86 8 54 91 2 12 89 112 62 7 68 25 1 87 51 38 83 13 116 85 113 36 20 51 67 116 43 72 65 67 32 123 53 27 17 18 53 39 10 116 91 2 19 33 31 107 124 46 110 12 41 46 34
32 93 108 82 44 44 92 3 16 77 117 95 52 97 95 121 85 85 57 42 31 32 117 41 43 38 122 15 61 15 94 100 117 19 124 63 117 126 82 94 53 89 64 49 32 39 23 100 71 89 16 48 29 80 98 90 42 17 5 47 8 93 78 35 36 49 29 6 76 44 75 81 121 4 106 51 95 65 106 18 98 86 107 7 115 48 112 37 102 10 14 5 80 23 107 64 14 103 2 46 62 0 10 34 101 104 87 81 4 76 17 64 23 47 3 20 64 94 67 75 116 100 0 50 25 19 5 77 57 64 118 93 5 119 106 19 25 117 83 72 18 108 1 87 87 73 21 90 8 62 8 126 69 103 84 35 1 52 100 26 48 126 10 22 97 47 67 78 6 53 17 20 91 2 38 71 76 81 99 65 53 14 25 15 13 6 72 76 68 38 27 83 9 73 24 114 37 20 110 24 42 98 78 75 86 84 38 106 20 24 90 81 71 17 104 122 42 35 102 84 66 3 26 112 43 63 94 61 3 0 96 35 27 54 119 123 108 56 54 13 24 23 113 83 104 34 103 66 59 49 28 23 101 76 50 101 35 0 105 9 38 26 93 70 80 39 66 110 100 116 20 83 125 121 73 71 122 77 108 29 48 74 101 104 99 118 95 53 26 80 101 77 122 8 85 12 88 52 51 33 96 6 82 104 17 78 121 35 119 105 79 31 6 78 21 0 39 56 7 113 3 83 17 44 26 38 49 1 49 113 52 125 101 82 64 70 95 86 104 20 32 64 87 37 49 6 77 60 85 117 101 124 37 98 15 46 99 67 42 6 14 50 66 9 56 53 120 20 71 74 78 74 105 98 55 126 92 17 126 46 79 90 23 58 107 34 118 52 46 7 2 61 36 119 10 54 29 4 68 67 65 13 74 113 46 68 15 27 44 5 8 98 78 79 48 61 116 57 23 18 50 23 5 14 116 15 15 61 9 0 36 30 98 29 55 45 91 16 10 90 24 15 22 101 121 82 87 114 15 126 117 77 36 101 71 47 52 123 97 116 75 28 53 80 96 6 81 16 98 49 101 99 36 112 103 102 51 96 50 116 91 96 17 92 85 98 78 23 58 59 99 126 65 73 38 54 30 3 20 68 32 72 19 106 69 48 29 126 6 21 20 32
3 92 66 48 56 81 33 87 35 87 104 118 38 20 1 60 0 69 26 63 76 21 56 63 10 58 112 22 78 124 90 84 24 84 122 16 26 89 126 106 82 33 72 73 109 119 95 43 77 48 12 42 18 24 59 40 58 51 58 50 79 26 57 83 65 78 88 120 2 32 6 96 10 122 68 84 101 29 6 67 59 105 95 44 32 106 42 107 110 104 119 64 27 2 62 102 97 18 6 53 82 41 66 35 120 21 123 50 33 79 13 18 14 111 49 14 102 29 50 50 60 96 50 16 119 12 111 46 74 42 110 75 26 85 91 99 67 123 43 68 38 111 57 13 75 65 46 15 91 42 86 98 91 22 20 6 53 91 53 36 99 116 5 21 124 63 26 98 62 117 12 23 104 102 117 0 60 47 117 24 25 40 87 17 79 86 38 37 86 45 122 68 118 98 57 48 83 119 117 114 87 74 90 102 39 79 41 69 110 61 100 66 92 67 116 114 4 3 46 14 30 124 66 108 12 102 98 80 25 90 75 39 107 105 57 74 126 96 13 81 85 56 73 18 33 96 54 103 93 100 124 9 124 52 113 30 34 42 60 25 121 0 12 75 57 23 36 46 45 110 117 45 92 87 110 24 92 123 18 5 35 123 47 52 0 36 112 124 67 17 81 115 87 102 87 1 123 98 108 78 21 0 94 126 104 126 77 5 82 2 41 1 124 4 49 23 6 13 115 50 94 3 125 49 90 37 35 105 20 67 31 15 68 86 93 121 43 63 112 106 103 7 35 105 10 117 108 17 80 75 32 117 68 118 80 52 39 60 99 111 25 16 37 56 21 104 66 78 61 89 54 69 18 75 109 0 67 22 70 78 118 59 37 75 72 6 78 121 28 40 81 93 36 10 89 121 86 97 33 19 95 24 112 18 66 103 86 1 91 58 37 96 0 124 109 4 40 41 83 40 8 35 1 95 112 98 7 61 10 35 16 78 99 79 69 116 30 108 111 105 90 89 35 17 107 14 22 106 8 19 41 113 74 31 107 59 20 72 4 2 74 58 24 74 12 11 5 79 47 91 82 57 58 112 3 107 30 16 46 29 52 109 49 46 27 38 28 107 56 54 40 59 88 106 83 105 106 110 26 110 70 22 6 26 94 121 22 102 55 23 78 77
36 36 113 106 73 118 108 72 120 23 101 37 57 43 98 87 8 24 104 53 33 26 116 125 35 101 37 28 58 36 32 19 74 54 122 48 100 24 109 30 27 109 65 101 27 65 40 22 54 36 114 46 17 14 13 20 30 21 126 78 78 78 63 70 76 111 90 13 2 124 81 99 99 66 52 3 84 122 41 78 63 61 23 94 55 77 112 56 120 50 59 35 94 59 40 47 18 93 69 112 12 99 56 17 82 113 86 109 83 26 91 39 120 20 72 72 39 99 77 39 123 118 68 114 126 106 10 45 54 63 105 11 90 9 114 58 32 126 78 118 96 13 49 40 117 77 81 121 106 7 66 118 17 22 96 96 81 8 75 89 11 104 126 20 120 125 5 45 104 93 63 90 23 40 23 75 80 25 26 18 15 42 50 124 121 19 75 68 110 59 6 104 81 87 97 58 38 122 124 91 47 54 29 28 55 83 22 92 67 41 7 31 100 14 28 74 59 23 9 16 68 79 53 67 111 54 55 64 18 13 13 25 99 88 41 54 105 7 71 48 39 97 121 93 26 50 67 30 26 93 108 123 78 106 25 78 63 1 36 22 6 67 72 117 104 110 110 62 67 10 15 120 7 74 59 120 34 9 79 80 12 74 93 61 27 46 104 8 21 88 77 108 110 102 42 106 92 78 70 7 94 113 100 28 79 65 105 57 25 95 7 72 83 81 77 122 47 66 51 71 25 97 124 54 30 54 99 38 108 44 35 48 89 111 72 26 55 65 23 94 7 116 25 92 88 23 5 75 104 26 81 86 50 65 29 73 78 114 68 18 5 83 23 119 17 101 83 22 17 82 59 92 101 85 8 5 64 89 60 25 63 57 106 116 49 92 80 45 67 30 76 99 107 50 122 25 79 92 49 69 14 12 99 60 62 26 106 31 87 99 82 61 58 1 94 41 56 29 59 60 7 75 66 78 48 19 66 109 94 42 109 45 126 113 56 96 7 75 40 75 76 18 125 28 100 123 47 104 86 80 13 126 51 77 79 28 53 122 42 5 20 88 30 41 27 50 6 58 126 24 115 19 105 43 27 84 12 28 115 77 123 122 28 24 122 94 104 111 8 60 115 48 98 84 59 32 44 77 27 83 37 32 12 62 42 46 126 53 52 124 70 21
94 102 77 65 77 38 117 62 11 23 81 118 18 23 39 98 43 118 85 80 84 9 81 30 18 55 10 93 18 111 89 38 25 36 7 120 47 47 85 66 75 107 75 23 99 98 38 88 40 32 7 24 61 47 49 41 113 56 85 86 29 3 123 44 58 6 61 81 126 88 85 67 58 75 2 81 20 68 7 90 43 58 50 86 92 63 10 3 83 91 85 27 56 102 125 58 122 117 56 35 94 63 89 4 97 118 58 79 96 103 85 10 63 71 87 7 84 77 46 22 56 12 68 87 15 37 54 118 108 116 51 63 24 124 51 96 106 95 31 24 88 26 15 46 97 45 43 37 58 55 75 118 119 74 49 36 13 115 84 24 37 36 86 54 113 33 103 58 126 105 58 44 4 12 80 21 84 50 76 88 34 124 30 115 32 63 26 30 109 34 0 52 1 93 91 85 59 103 66 35 74 14 94 27 23 59 73 126 72 44 69 94 0 46 86 114 91 83 3 75 120 99 10 5 31 22 74 36 47 106 102 81 73 26 103 6 103 120 86 21 38 68 94 53 23 67 80 88 12 82 44 26 91 4 71 76 65 112 51 114 87 32 69 100 59 58 41 44 94 106 113 115 66 68 73 33 14 114 93 118 40 49 121 61 81 6 23 113 56 66 90 60 20 23 32 112 124 108 81 99 18 7 95 83 78 71 113 6 20 98 96 12 4 17 3 91 11 7 52 16 104 82 16 79 123 33 73 63 75 35 73 1 74 75 89 66 50 111 73 124 95 117 119 8 121 4 69 32 102 7 27 118 93 106 68 33 33 100 102 92 66 67 63 100 100 58 51 121 126 46 5 47 106 31 83 72 37 34 74 58 97 18 54 81 28 51 32 81 1 122 75 113 39 106 5 79 4 86 63 86 29 47 120 53 116 99 67 44 15 31 82 12 14 97 41 70 15 57 3 81 111 43 116 35 23 68 19 68 68 20 45 40 43 17 118 35 101 44 66 39 78 89 119 108 115 83 38 59 2 74 104 122 9 23 100 13 9 30 77 94 22 70 22 57 125 50 46 53 52 69 58 44 103 101 56 118 61 46 36 67 105 43 42 125 33 46 79 42 41 6 118 87 62 105 38 4 106 28 67 31 78 111 71 120 34 85 29 52 58 47 48 69
85 26 113 110 42 11 59 25 37 19 112 24 64 48 100 81 56 19 19 44 57 18 48 95 29 108 125 87 9 62 70 27 125 65 83 59 59 84 45 50 83 103 16 82 71 32 121 123 49 114 58 38 58 126 98 31 13 58 56 56 44 87 120 47 106 108 124 68 49 75 75 126 3 54 118 7 91 0 107 93 75 74 6 37 29 49 48 96 107 125 111 105 62 54 14 12 40 36 79 63 79 36 90 106 51 41 37 62 40 14 104 124 47 119 90 74 102 21 8 89 104 7 117 90 90 32 58 59 57 18 97 46 35 112 121 105 93 12 53 82 89 83 111 88 53 82 17 38 14 83 10 93 35 116 36 77 121 70 91 24 0 108 36 28 124 64 93 80 8 75 47 83 46 98 106 89 56 14 3 111 85 80 87 116 16 14 65 50 123 124 59 74 115 8 73 22 22 36 96 36 124 103 7 123 27 49 106 67 126 12 74 125 29 20 39 51 43 33 13 103 77 46 106 114 125 37 40 121 92 81 100 100 32 64 94 101 45 18 9 18 26 79 84 74 79 105 93 37 15 113 62 101 75 33 71 94 89 28 120 112 86 66 48 88 114 119 88 94 52 68 36 71 124 13 48 100 18 83 10 103 70 91 37 60 75 9 7 56 68 5 37 49 59 98 94 19 25 66 70 77 83 68 93 63 10 11 39 112 57 50 66 23 96 83 14 30 64 86 11 102 102 14 10 102 119 109 105 8 78 38 21 45 23 56 118 22 121 4 120 41 61 31 3 66 59 50 97 111 122 103 4 21 103 31 110 67 69 75 1 73 109 38 64 32 20 15 14 83 78 62 126 106 43 81 126 62 28 61 16 53 51 23 83 123 20 93 123 37 61 55 54 66 102 53 13 6 12 63 117 114 98 76 74 63 113 83 40 17 116 59 77 35 93 110 45 64 93 88 36 32 94 75 123 67 65 94 24 24 16 60 54 83 67 38 111 15 71 29 25 38 89 68 6 102 120 12 64 42 63 29 68 107 65 56 47 1 118 42 73 41 24 49 91 118 60 94 112 30 23 92 41 72 71 7 61 103 60 110 103 32 45 95 99 125 6 122 99 64 26 117 53 23 76 55 25 116 75 69 20 90 117 124 97 38 13 63 10 13 109 80 115 40
6 54 64 93 74 34 62 116 39 12 89 3 44 34 104 74 61 24 58 74 28 118 36 86 77 22 17 58 13 41 120 16 86 15 15 1 73 9 99 100 84 89 126 102 9 77 25 8 31 28 89 77 123 73 30 39 22 90 44 109 101 65 58 77 63 126 67 90 77 43 41 115 34 113 39 33 8 44 21 14 18 85 79 71 47 57 32 99 33 90 64 63 16 89 96 56 102 26 49 47 3 5 16 27 107 124 18 8 49 12 42 119 109 98 75 122 33 118 39 111 19 52 16 82 105 118 125 21 90 85 108 98 26 120 13 92 8 48 109 13 11 8 71 120 69 36 74 10 25 13 51 90 68 22 98 82 25 76 10 96 15 50 25 97 52 39 20 69 66 3 19 12 122 113 16 27 10 115 99 100 45 13 80 126 39 85 68 105 62 25 97 39 20 42 90 42 47 48 121 15 57 45 20 15 77 75 49 112 67 18 2 48 107 92 71 64 37 7 75 29 50 95 29 53 122 46 28 85 8 93 6 23 24 103 43 95 57 86 17 94 5 99 91 92 48 117 56 117 83 124 0 2 92 17 36 111 63 32 87 84 97 123 10 19 43 63 66 52 111 88 124 92 99 124 126 97 18 99 64 125 52 31 32 46 13 86 104 22 80 40 100 105 60 6 84 41 104 96 104 54 105 106 85 23 108 4 54 91 82 43 68 9 43 45 96 17 1 123 80 28 126 122 20 33 66 77 39 84 122 91 106 55 5 119 85 51 79 28 45 59 98 85 20 92 49 122 21 102 23 58 68 122 61 28 24 93 126 97 125 97 72 16 108 15 38 75 53 77 114 26 92 40 95 28 103 8 20 13 38 28 117 116 41 33 91 74 66 107 18 100 80 19 31 15 22 29 112 39 109 37 60 18 109 38 52 29 47 92 39 22 46 62 115 41 115 16 66 79 6 41 62 64 103 9 92 34 12 81 99 34 19 10 30 97 4 59 112 68 46 95 123 35 13 5 47 102 34 113 48 115 56 6 52 92 46 60 106 3 108 17 42 78 34 66 27 112 75 36 122 79 106 54 1 66 100 98 126 30 77 3 31 37 105 34 89 50 106 59 13 68 10 98 68 1 4 10 101 125 79 31 47 112 61 22 31 31 52 37 92 65 85 22
2 69 91 48 48 8 38 48 9 121 7 73 28 88 122 36 87 89 8 103 83 97 51 112 41 116 19 42 97 90 46 101 63 40 44 115 104 54 19 83 111 19 27 0 109 105 15 57 76 39 125 85 89 86 112 15 86 97 113 21 5 126 63 11 85 124 100 94 19 70 107 101 109 37 49 49 112 123 29 44 11 47 44 81 63 115 13 2 29 119 8 60 64 48 93 9 73 40 85 56 70 52 68 83 125 38 76 110 58 116 84 111 37 40 106 118 95 106 24 30 73 94 83 12 111 4 117 11 92 109 76 43 101 76 101 108 69 126 10 20 23 107 24 76 93 123 12 117 74 52 84 32 106 79 77 24 42 50 92 18 74 96 93 73 70 30 14 28 92 23 7 105 68 68 19 84 54 70 125 15 115 69 75 52 93 104 33 67 112 36 22 67 116 3 86 34 66 86 104 51 126 6 27 97 61 12 91 101 88 117 90 95 80 104 0 44 85 116 3 37 81 95 5 69 87 120 93 79 52 98 49 104 106 119 68 33 126 70 2 98 81 95 6 36 35 62 115 107 14 89 47 46 83 30 59 44 38 107 12 45 9 28 103 0 71 46 104 47 1 31 21 109 99 65 24 24 67 108 7 33 4 3 3 87 98 116 116 82 12 117 117 68 15 13 73 66 96 18 86 59 67 19 34 50 53 94 75 48 38 80 22 67 14 38 14 17 95 93 58 25 122 78 85 68 74 88 64 126 49 66 47 37 31 26 103 60 32 74 99 45 115 48 19 123 26 121 36 94 62 43 97 108 103 93 101 114 69 45 63 85 104 92 57 126 38 27 95 24 52 73 44 78 90 77 56 19 51 40 71 78 35 11 32 3 119 47 87 63 13 123 24 124 111 92 25 121 97 2 7 57 120 7 75 116 7 3 52 39 38 122 106 89 103 100 63 50 8 1 20 109 13 64 51 93 103 74 44 54 57 66 9 94 97 44 26 58 58 7 71 112 6 6 124 65 64 110 79 54 69 89 102 102 40 91 94 103 91 71 99 88 44 60 25 39 64 51 37 35 81 22 43 11 94 8 43 108 59 15 102 106 92 69 76 94 0 57 83 103 13 94 34 9 47 107 61 90 30 121 26 124 40 97 36 104 79 40 123 50 22 75 70 21
110 11 110 85 73 2 35 33 20 2 78 67 37 105 6 114 17 76 43 78 19 119 38 28 57 46 91 70 18 121 104 28 13 126 56 47 91 81 55 70 59 104 11 107 6 98 123 11 79 47 20 4 123 4 38 66 46 34 88 44 76 47 53 70 98 93 70 100 120 10 24 28 40 93 94 10 74 73 97 23 99 74 126 14 125 78 125 53 88 99 31 124 69 109 111 11 67 83 91 26 29 79 20 58 93 84 20 43 114 96 98 60 31 2 115 103 77 30 75 118 21 18 121 33 99 10 95 43 68 91 65 66 61 59 77 99 122 6 71 32 85 70 76 103 2 15 90 4 35 85 84 35 11 119 19 102 76 40 120 30 74 82 112 98 96 41 83 107 123 82 67 35 4 45 10 71 100 32 27 18 8 70 93 20 45 78 51 12 113 90 123 47 114 23 80 94 104 48 3 28 109 40 21 22 72 74 6 41 118 93 109 65 50 72 97 9 76 94 48 112 122 0 60 106 39 2 71 108 115 104 3 107 80 54 95 118 12 110 101 104 32 20 61 93 101 82 95 111 102 79 58 69 97 10 109 21 82 117 48 28 122 104 22 28 114 41 43 82 105 111 90 64 49 95 115 86 117 125 55 16 99 89 126 93 92 57 30 11 85 89 18 117 45 8 53 32 103 113 39 54 43 43 93 53 124 8 95 20 30 3 0 83 88 120 111 15 43 45 88 104 38 95 5 2 88 7 6 92 112 8 70 93 100 13 108 109 57 120 40 56 122 105 90 121 27 41 95 121 89 6 26 103 22 4 91 48 24 117 60 63 84 70 44 68 112 26 67 20 124 35 19 19 20 6 35 5 52 23 38 125 28 100 67 117 105 76 77 117 69 86 84 39 99 91 62 107 120 47 23 82 51 8 29 78 3 115 76 110 71 29 92 17 21 91 101 98 16 103 21 122 102 92 73 95 123 41 0 88 67 50 90 92 33 52 81 77 35 91 55 52 103 86 71 72 27 120 18 29 42 27 91 118 0 114 71 92 83 17 97 57 55 126 30 40 6 72 17 121 25 66 45 78 64 69 63 126 31 54 102 65 6 10 102 81 111 94 121 30 125 121 24 27 39 120 2 109 33 23 62 64 92 57 99 2 88 48 97 43 119 31 82 2
125 6 73 108 10 13 9 94 64 57 46 27 105 69 108 111 33 52 104 28 34 118 117 26 91 76 26 39 61 44 10 22 4 80 79 14 23 73 44 30 118 113 48 93 119 15 115 43 62 116 82 1 88 88 7 113 21 19 116 76 3 20 78 96 37 38 13 118 42 97 59 107 94 40 83 17 25 16 65 43 94 2 108 37 62 95 19 111 94 30 64 31 89 98 94 52 77 31 124 0 49 108 20 124 70 11 63 108 64 105 101 29 96 3 91 16 103 67 68 46 111 72 124 109 72 40 111 76 90 81 43 3 68 59 113 94 5 118 121 49 33 94 76 7 48 92 95 17 30 72 95 24 50 19 38 52 71 125 55 27 44 64 96 49 59 76 44 99 57 124 108 31 123 70 85 84 59 40 104 123 12 99 76 105 53 112 120 101 91 51 90 33 29 0 35 110 1 1 109 58 65 70 14 119 33 78 44 57 93 22 113 24 36 103 20 47 95 8 107 120 68 123 81 67 8 97 118 14 57 90 70 27 113 126 73 109 20 124 108 67 104 49 51 55 51 70 125 72 26 113 99 67 36 118 88 63 52 74 73 97 95 124 94 113 81 18 63 8 65 114 101 31 74 124 90 75 55 48 40 101 87 57 102 41 31 34 32 116 30 51 125 71 34 22 97 47 53 89 109 61 28 104 74 8 75 38 103 86 73 13 86 117 119 58 94 26 38 56 92 23 102 27 101 43 109 33 72 111 62 94 86 76 96 60 92 20 25 60 16 29 40 42 107 125 33 103 91 113 116 47 95 13 126 100 43 120 126 121 40 98 31 126 80 100 119 53 53 9 38 117 113 14 26 33 94 110 3 83 88 88 51 80 70 29 121 111 73 93 105 4 83 76 1 83 99 51 9 23 94 51 106 20 38 40 93 84 24 17 87 124 13 89 92 7 111 76 88 13 116 99 39 30 115 51 36 110 38 6 40 30 62 98 39 0 61 45 48 108 7 42 37 113 69 104 58 11 33 59 107 36 26 2 45 39 57 47 2 28 63 96 63 95 12 16 63 19 12 42 14 31 103 124 124 20 27 21 117 30 82 68 69 106 67 102 93 99 122 113 73 104 98 17 36 20 58 53 52 124 70 121 50 68 29 121 121 97 102 76 87 26 67 58
9 121 0 40 102 102 45 74 41 6 7 28 88 33 29 65 35 95 97 69 110 57 88 30 108 4 59 68 119 16 120 59 77 124 89 25 125 66 45 103 40 125 11 66 101 99 27 20 81 24 21 6 73 120 16 45 105 42 100 83 30 126 103 35 52 23 100 78 75 53 48 87 60 118 52 104 49 112 60 118 12 37 118 76 68 97 70 1 14 109 27 108 41 83 113 106 42 7 0 30 108 40 78 10 120 107 24 61 98 38 85 28 120 22 75 125 11 113 42 42 107 21 42 62 98 120 109 46 58 13 25 12 105 44 78 100 31 101 75 106 110 53 33 97 115 50 54 9 113 5 124 105 59 99 90 42 26 58 124 101 27 66 11 76 33 8 28 124 107 69 15 124 80 87 121 62 82 20 72 122 16 92 33 33 36 67 31 63 126 48 63 51 123 20 41 78 29 18 31 14 125 113 20 7 98 60 9 84 56 66 1 28 74 104 107 71 23 18 89 113 79 95 59 106 89 30 65 90 85 2 119 103 39 71 26 122 13 76 82 123 44 42 18 94 61 27 125 104 45 64 74 68 79 40 105 77 111 57 12 42 99 78 9 124 0 17 3 18 41 48 92 46 56 94 117 125 82 3 79 39 55 106 124 31 24 3 100 14 6 74 75 126 77 97 1 3 17 87 91 22 88 61 123 92 92 115 115 42 97 88 48 99 62 16 107 53 92 45 89 71 118 30 4 3 21 96 34 39 59 89 41 65 95 71 120 37 14 51 79 19 47 74 21 20 34 113 18 25 124 52 50 37 63 34 24 40 125 14 7 29 122 13 43 86 37 97 110 97 95 76 13 70 30 88 118 100 15 12 103 81 103 23 57 76 22 116 30 76 75 59 97 1 70 40 103 86 40 110 58 62 12 6 1 86 15 8 93 45 28 2 14 71 87 99 83 80 36 98 93 33 111 111 44 112 110 71 26 39 19 10 114 100 3 110 32 64 61 2 9 8 18 38 73 117 95 19 46 43 13 30 9 13 120 41 101 110 120 65 23 85 51 105 90 5 7 32 59 27 119 63 24 100 64 111 62 55 90 28 35 126 57 1 45 72 26 87 49 32 4 58 110 112 70 0 25 60 103 48 57 87 102 46 0 99 14 40 58 104 19 118 0 113
101 1 6 66 32 30 103 51 93 62 47 37 42 108 90 41 60 79 118 90 76 120 77 118 1 74 68 72 13 35 13 74 66 113 94 41 86 84 52 121 21 116 76 37 125 106 72 69 96 46 105 84 97 41 12 69 63 8 85 71 27 98 8 9 124 8 70 110 70 19 68 44 104 20 49 113 53 99 106 38 6 90 67 65 99 43 116 67 123 99 57 34 115 122 9 13 116 32 83 115 71 105 102 24 88 113 58 27 15 77 3 21 123 3 22 40 116 126 123 41 67 71 31 99 44 4 52 58 117 108 25 52 21 105 94 39 58 40 121 44 94 94 13 97 110 26 67 52 15 35 58 93 74 58 46 1 99 45 11 71 26 64 3 57 100 65 98 89 29 39 101 62 99 20 93 52 80 85 18 35 107 125 85 32 91 86 85 70 31 30 53 53 98 31 117 82 21 62 117 42 70 17 77 37 33 31 14 107 87 84 108 85 19 106 79 121 33 112 97 29 77 10 41 48 25 93 81 62 89 84 73 13 59 11 17 75 103 0 71 90 96 21 1 117 3 78 7 116 42 114 123 105 17 50 121 1 40 68 62 27 120 114 106 75 37 69 20 4 126 33 32 1 104 0 108 22 25 8 35 95 81 11 67 58 21 78 26 107 36 85 99 63 2 59 26 20 32 17 62 123 37 118 71 37 72 99 103 92 2 112 13 85 105 31 76 91 13 30 32 119 40 83 75 25 22 106 84 121 93 81 116 109 89 16 73 61 12 99 0 126 1 21 56 66 3 53 92 70 122 126 121 114 107 49 70 23 29 96 122 11 23 71 33 67 67 109 113 93 9 2 81 15 44 112 0 28 42 82 79 42 125 69 39 102 40 123 117 28 83 11 88 108 15 32 105 20 22 100 88 80 54 126 65 14 82 121 97 100 64 98 19 1 2 59 27 83 111 5 115 7 31 23 69 41 14 62 32 14 101 98 112 13 9 109 69 31 96 32 61 91 12 100 10 31 95 51 52 85 116 92 119 83 124 113 77 77 69 46 43 0 83 113 60 83 57 12 6 80 93 66 70 13 66 19 123 81 28 73 92 49 80 125 3 82 83 57 32 126 23 61 56 47 113 39 75 98 75 42 59 84 41 111 115 33 91 107 1 87 7 65 20 43
93 95 75 41 37 59 87 116 70 34 13 25 1 26 114 1 43 124 102 66 124 22 30 34 84 72 2 18 125 33 96 4 61 3 20 1 67 89 58 24 87 8 82 15 22 61 106 120 112 69 31 46 124 56 95 113 115 64 89 57 32 15 115 35 89 75 123 77 126 92 54 105 51 110 41 69 27 82 122 52 14 95 35 74 94 69 66 80 28 6 94 76 24 63 93 115 34 72 90 90 64 64 15 107 4 105 43 101 58 3 11 84 92 80 95 62 4 39 29 50 35 92 52 55 19 2 118 126 52 43 53 69 56 74 48 1 78 114 3 21 16 16 23 110 102 84 104 112 73 24 77 46 93 105 36 24 81 45 118 50 26 18 49 83 26 18 113 2 59 65 113 56 101 27 99 96 52 17 58 53 39 108 59 5 38 10 64 22 15 98 114 122 87 110 97 68 61 118 26 4 60 87 27 85 23 30 7 40 75 1 13 34 119 84 27 50 51 30 62 18 40 41 101 32 37 111 72 121 38 85 66 110 94 102 0 44 43 125 100 24 50 107 66 98 8 65 8 112 31 45 57 115 61 43 104 59 43 98 103 20 82 77 107 84 111 102 1 7 116 24 16 76 114 8 25 68 7 28 21 26 27 12 82 71 86 60 20 88 38 36 98 16 56 83 24 97 86 39 21 2 13 118 25 65 5 113 105 91 110 7 112 117 84 62 36 106 31 2 41 38 55 30 100 55 26 121 68 22 76 68 123 9 34 120 20 112 50 115 36 121 24 119 124 55 61 118 15 3 86 102 109 84 72 65 61 71 59 33 59 63 112 36 126 95 13 13 23 113 104 4 108 126 70 106 32 120 79 29 99 101 83 58 117 65 4 52 4 13 27 121 27 72 83 70 77 54 102 17 47 19 2 38 61 112 43 120 100 79 71 87 118 47 121 121 116 50 8 36 36 64 14 3 94 41 101 16 16 11 43 20 11 91 6 4 119 53 58 69 17 33 87 40 98 124 59 104 38 37 16 37 87 52 74 72 71 37 47 10 7 13 24 117 69 42 11 75 33 88 56 12 67 20 65 64 14 65 49 26 103 60 82 49 111 82 34 11 80 23 113 63 94 31 21 14 44 111 54 30 73 51 33 25 124 2 117 2 54 35 14 76 74 121
40 24 64 6 8 92 76 77 112 117 63 116 87 8 81 126 27 19 125 86 7 96 32 97 28 33 37 23 56 20 100 74 120 97 0 75 20 57 120 41 44 108 101 92 45 50 73 23 64 123 101 104 123 96 78 92 69 3 114 13 33 115 33 105 10 120 81 56 37 63 12 109 32 93 69 19 37 79 1 74 32 57 35 17 55 70 5 85 115 94 57 111 5 66 94 101 75 118 30 116 5 27 52 34 96 76 84 61 63 66 44 97 35 125 16 68 112 31 29 40 82 15 123 124 96 36 55 112 98 119 55 99 21 83 13 92 112 38 126 31 80 123 9 41 115 120 77 105 93 33 13 109 12 58 72 85 85 34 81 9 15 43 111 100 86 12 6 124 2 84 15 123 14 11 84 78 111 42 73 84 7 93 104 16 2 49 9 5 114 110 124 69 93 67 75 47 42 0 1 100 124 13 104 97 74 64 24 34 34 81 83 10 76 126 59 63 71 91 102 53 10 86 78 79 124 27 115 90 55 34 100 108 31 121 43 8 125 10 79 95 88 94 118 81 46 73 2 27 27 1 36 115 98 118 59 18 5 13 110 93 78 95 87 65 112 25 11 122 114 74 5 99 32 41 33 5 48 35 48 104 43 67 82 72 78 38 85 95 123 88 99 52 75 29 52 88 104 43 54 92 101 32 4 9 111 24 56 89 48 24 98 91 108 100 100 69 123 40 88 7 31 43 43 13 44 114 44 45 113 116 36 82 8 3 97 14 79 123 106 14 118 48 58 21 65 7 86 61 119 68 6 2 75 9 123 26 27 5 101 80 73 74 42 22 77 54 6 114 112 73 54 71 33 105 42 77 25 22 60 90 61 81 17 106 7 102 105 66 117 81 54 100 101 22 40 59 43 61 80 122 100 85 37 90 53 32 83 76 18 99 89 121 91 113 110 68 33 13 71 88 93 50 44 9 122 1 51 89 2 25 24 24 3 10 82 112 66 118 76 84 76 9 80 47 62 76 30 66 60 125 119 48 75 83 91 4 69 30 98 91 88 7 60 22 107 78 101 100 82 21 31 65 72 123 21 112 118 122 46 84 52 0 66 12 21 44 30 85 97 27 15 6 53 35 98 64 93 22 125 97 42 88 121 68 44 96 67 92 103 95 69 123
95 88 2 114 90 47 82 52 79 22 99 79 94 14 120 6 6 71 96 23 90 30 68 122 65 96 42 97 8 108 114 76 0 109 29 30 118 111 104 18 119 32 8 61 118 124 48 126 0 4 3 52 62 3 99 12 55 93 65 12 12 24 48 44 58 47 124 0 83 93 19 35 47 50 47 114 91 125 85 53 115 119 105 125 86 123 68 97 49 36 43 78 12 84 39 87 3 6 73 103 115 90 73 115 75 19 26 60 119 9 7 55 93 115 18 7 60 28 83 13 124 51 40 35 59 60 57 114 84 90 39 116 60 1 26 49 87 69 97 78 4 111 101 41 53 83 42 34 59 39 95 78 34 49 34 78 23 49 25 98 102 7 28 63 69 113 58 94 21 103 125 99 87 74 32 71 103 67 47 33 81 61 56 120 20 62 97 73 73 54 88 34 114 35 3 37 42 42 9 75 33 104 73 88 20 19 39 70 89 15 94 55 104 88 78 57 118 75 24 101 50 80 51 84 43 21 22 51 12 27 125 94 2 17 64 65 120 88 116 65 57 14 67 12 88 46 97 110 0 123 65 48 59 64 19 115 80 0 37 4 92 35 1 57 67 71 15 83 10 40 102 20 126 77 23 34 40 11 26 35 31 98 117 95 68 42 46 90 27 1 18 49 42 32 117 105 37 112 41 126 116 110 41 25 43 82 89 62 114 56 12 80 83 90 21 114 123 9 48 102 78 82 109 119 106 7 99 26 51 52 85 123 62 99 125 56 60 52 24 32 4 75 82 123 112 5 118 53 62 61 45 98 107 37 70 28 1 44 126 44 114 65 59 50 5 7 58 125 106 76 125 31 118 104 83 85 28 82 107 120 116 13 11 15 116 73 2 12 103 33 43 57 79 62 109 14 37 55 19 31 110 96 49 28 90 20 65 5 100 91 22 30 63 104 53 23 12 58 100 70 68 104 55 72 64 55 92 11 23 110 83 19 41 54 76 64 72 55 121 55 89 69 32 114 25 12 91 89 68 115 125 92 23 25 34 83 121 116 48 109 104 57 43 39 8 94 32 92 69 23 124 14 94 66 7 93 53 82 76 88 0 116 116 35 8 97 98 56 126 94 123 83 87 111 19 38 82 17 40 43 62 39 27 116 77 81 77 88 114 79 52 82
18 13 4 116 55 92 54 60 48 16 125 99 101 100 64 79 42 28 112 47 83 27 105 11 52 51 105 58 49 126 117 90 47 42 33 71 16 36 95 113 61 12 29 58 27 35 115 80 98 78 9 3 29 106 124 78 5 83 58 89 13 90 77 43 86 22 8 59 0 62 83 25 56 91 8 97 72 26 65 73 61 23 109 33 83 114 6 91 113 29 61 68 32 19 43 64 83 125 101 0 47 32 115 84 91 48 56 77 17 124 43 74 106 115 53 123 101 80 87 111 89 91 40 25 0 97 3 18 118 125 47 12 21 63 11 80 59 44 94 99 47 30 43 42 84 59 119 15 6 31 11 100 20 79 99 8 53 109 123 24 53 92 34 46 78 40 39 126 94 27 55 113 125 113 103 9 95 9 109 59 17 34 74 100 54 31 94 11 48 4 92 10 62 72 95 121 24 114 98 88 28 20 118 105 81 18 104 92 102 54 64 115 2 72 126 52 110 53 102 19 26 17 54 5 59 97 114 47 100 26 56 77 109 108 69 16 45 80 121 81 126 26 109 74 69 102 79 14 55 103 10 62 66 125 46 3 115 33 112 45 109 107 84 66 38 49 9 2 91 105 17 71 70 45 121 125 100 112 60 60 3 75 94 69 93 123 89 100 19 5 71 71 44 33 65 53 62 36 119 45 102 103 0 88 103 102 108 114 31 36 90 97 38 58 40 108 88 21 114 86 56 87 11 21 87 35 91 115 12 125 101 85 45 91 108 2 87 106 31 44 43 7 13 49 47 63 99 96 14 59 46 82 52 20 5 104 13 17 53 84 27 98 116 117 53 36 99 26 32 76 39 70 109 34 7 8 23 118 35 42 54 118 27 64 50 125 82 69 55 62 17 7 75 57 41 38 72 11 35 92 124 108 75 14 108 10 102 18 116 9 50 112 54 77 95 119 100 52 49 62 126 112 16 80 95 13 105 24 81 111 73 42 81 75 90 86 58 92 34 93 91 102 90 59 59 26 124 0 107 72 110 42 83 68 123 89 2 73 98 13 75 29 11 2 26 72 37 2 103 103 17 120 124 48 78 97 68 52 125 53 52 124 89 88 44 67 94 21 64 48 73 123 102 31 124 85 89 64 110 49 109 109 38 23 65 77 33 114 96 27 126 2
125 69 46 118 4 121 20 92 97 67 41 75 19 10 15 13 13 121 37 11 106 89 49 55 20 12 63 47 12 60 57 71 64 21 81 2 98 67 123 103 31 19 77 77 56 89 31 68 15 72 25 11 45 67 116 20 113 56 79 108 39 60 4 111 77 5 65 103 78 82 88 101 48 65 74 87 8 10 80 48 96 12 74 74 49 32 78 18 48 22 46 24 87 47 20 32 87 31 31 111 100 104 90 88 10 88 17 41 79 4 53 92 46 19 110 23 13 2 34 4 90 86 121 37 65 6 32 126 1 58 2 101 32 19 18 76 109 107 126 97 88 102 60 6 61 17 80 118 111 68 95 17 43 103 78 124 62 57 103 110 86 124 5 23 41 45 33 39 63 106 64 72 65 120 24 119 40 28 57 4 46 51 40 34 25 49 102 109 11 46 69 116 21 54 44 56 122 20 111 71 50 54 84 15 43 26 101 108 78 29 119 30 90 61 12 2 93 79 49 19 104 0 110 1 3 4 101 60 108 40 101 50 90 19 94 61 90 121 39 66 77 7 70 34 103 47 40 117 116 42 123 7 80 70 89 23 76 105 96 40 29 88 18 47 100 99 30 34 94 105 49 102 13 89 91 0 66 3 2 33 85 55 41 17 41 49 124 111 42 110 48 43 62 28 114 46 9 71 112 69 74 72 115 69 5 25 35 122 34 24 119 81 36 84 91 20 114 79 55 61 70 125 45 44 12 50 123 72 77 54 59 12 77 88 59 86 81 84 122 11 20 74 3 120 36 53 94 64 45 52 105 11 68 125 115 36 65 113 107 22 108 114 104 39 6 96 8 32 55 93 119 78 87 118 106 106 78 33 14 68 6 81 29 58 12 116 104 67 90 113 110 84 123 69 81 53 79 33 8 96 26 99 92 3 105 14 61 25 8 52 101 103 59 24 65 32 118 125 113 32 32 102 71 22 91 67 41 11 48 36 116 87 124 50 70 107 31 85 86 7 101 25 42 25 85 59 93 59 78 41 93 55 18 41 44 80 0 35 10 1 29 116 101 90 26 2 55 89 64 3 74 85 88 80 56 94 69 37 100 45 26 64 12 118 112 64 76 56 63 13 87 98 11 105 30 92 80 78 15 91 48 53 57 26 63 99 24 74 120 3 14 101
98 49 34 49 118 42 110 6 64 67 108 61 110 72 114 3 29 2 51 44 15 43 18 27 24 75 121 81 5 123 78 64 30 21 66 26 5 117 8 24 82 83 87 26 62 60 75 67 69 90 0 102 2 58 23 57 8 114 104 36 30 55 37 73 22 26 48 69 96 68 48 65 118 0 90 89 73 118 14 102 100 33 58 81 50 1 15 48 105 72 11 123 119 3 15 97 66 68 1 48 45 14 23 84 109 99 113 20 45 109 125 110 24 30 59 42 61 0 116 6 96 57 107 6 26 63 8 113 114 71 39 87 75 103 39 51 107 104 68 98 17 40 39 29 1 47 47 119 64 124 105 81 80 111 104 10 89 117 44 5 35 82 63 108 114 109 85 38 73 7 101 108 6 71 46 14 60 38 7 78 33 51 122 74 94 102 46 3 65 108 94 16 117 19 71 16 125 124 58 4 121 54 96 56 24 78 3 88 35 37 125 84 94 20 100 33 44 95 8 109 46 11 52 11 90 77 60 10 69 99 36 80 109 104 124 122 124 25 42 94 74 41 33 95 77 90 98 28 25 38 22 68 20 69 88 27 97 85 106 11 89 51 66 2 59 115 2 120 35 111 42 32 2 82 101 5 124 57 106 86 86 123 9 124 104 8 8 16 116 58 114 71 97 51 124 5 22 83 106 83 76 113 45 92 117 66 68 14 23 101 35 75 92 83 22 26 55 10 116 115 41 123 43 118 1 114 99 42 23 116 69 50 75 49 46 79 18 62 52 88 110 61 63 82 27 28 23 85 64 54 84 110 112 70 38 36 87 79 67 108 62 19 12 58 110 0 36 26 37 70 47 120 30 13 45 90 17 27 74 5 126 83 73 23 117 107 119 89 33 23 61 66 121 79 78 87 80 35 49 21 52 24 73 33 75 3 23 78 96 125 10 73 55 51 4 78 26 120 86 87 55 79 48 69 26 1 60 66 46 105 35 91 81 71 26 11 71 6 4 102 95 61 102 119 116 36 45 15 53 112 93 96 4 15 11 8 35 35 1 88 75 66 17 27 75 115 37 10 94 31 82 82 36 100 31 1 113 50 49 7 32 10 22 96 33 36 63 86 77 46 90 98 113 66 58 44 91 22 3 7 81 80 84 67 60 76 62 45 114 15 2 122
124 111 114 45 73 68 25 30 3 68 110 23 27 10 64 68 107 56 123 51 118 18 93 50 50 118 30 2 30 11 15 105 53 19 85 47 70 24 125 23 101 51 19 48 48 8 52 11 74 88 96 76 51 41 102 35 112 115 58 23 20 126 1 46 39 78 13 78 78 17 126 98 27 109 31 15 7 20 115 111 24 20 44 47 45 93 126 124 101 100 106 122 116 43 126 31 115 32 121 79 116 2 14 78 14 38 28 48 77 87 17 21 72 88 13 31 39 109 56 121 71 116 22 62 50 67 84 105 90 104 0 27 63 24 78 24 84 36 49 119 58 63 10 81 29 125 89 110 26 26 79 56 94 93 115 60 68 75 25 44 95 103 31 60 94 37 68 96 94 12 117 4 125 103 45 48 5 80 26 63 15 72 84 46 37 29 115 2 117 91 92 71 57 90 56 28 105 45 75 107 122 35 13 79 88 82 9 108 35 109 20 97 78 37 78 8 106 4 91 59 46 97 52 119 41 26 123 64 122 101 71 65 120 29 17 122 38 106 70 14 72 83 87 61 26 89 1 72 88 6 56 82 15 82 101 95 16 70 89 47 90 37 120 100 90 7 81 109 6 101 108 13 81 115 79 112 54 113 63 78 86 107 33 2 27 34 39 107 39 112 17 30 122 107 101 38 28 101 0 124 9 80 36 99 81 76 70 70 23 74 98 94 45 55 53 104 13 113 74 102 47 88 78 95 73 121 29 67 58 84 117 120 37 0 31 50 109 50 15 36 115 47 45 26 49 49 110 106 81 65 45 0 76 66 30 82 57 55 93 71 79 72 34 114 13 1 82 47 101 118 59 23 79 7 16 13 89 49 33 64 118 39 83 106 5 105 64 78 36 50 57 122 19 70 0 18 68 88 15 40 9 75 42 74 113 64 25 0 68 47 7 15 89 45 57 7 79 49 53 65 96 101 61 123 57 24 39 55 77 47 111 65 87 21 27 62 65 120 20 104 48 63 113 41 75 7 107 21 87 99 41 67 70 38 94 46 21 89 94 35 29 99 117 40 105 119 50 67 19 113 57 76 121 93 53 95 37 62 40 35 104 112 80 74 96 98 115 70 28 88 12 41 126 86 51 52 96 21 90 112 36 96 76 121 103 24 122 89 109 5 82 3
99 117 17 126 80 6 101 88 87 52 116 126 87 60 18 63 94 125 90 59 55 22 22 26 50 25 117 71 5 103 1 84 108 12 109 109 2 26 67 78 29 111 32 98 73 41 1 99 109 126 45 114 101 85 114 44 59 81 37 91 28 106 118 47 18 106 12 60 109 33 56 28 84 98 41 11 82 63 24 94 94 107 106 4 34 55 30 109 85 117 2 94 94 17 88 99 7 70 104 91 35 57 108 67 77 104 107 4 96 94 91 8 28 35 57 120 56 57 48 114 84 41 6 88 51 87 106 106 62 30 13 100 80 38 55 10 84 64 101 92 56 106 34 0 82 71 10 28 125 2 30 39 107 119 110 17 51 91 73 72 94 59 93 66 72 15 77 118 102 42 100 92 51 126 55 92 60 64 29 58 32 68 95 25 73 7 109 23 27 58 125 108 47 114 96 90 98 35 90 2 64 90 46 93 47 9 75 126 94 102 72 47 55 105 118 14 19 116 24 67 66 48 4 26 91 34 31 91 120 45 101 89 106 96 78 84 76 110 27 79 1 124 121 116 71 68 86 79 42 27 58 112 77 46 24 17 110 95 65 49 87 79 99 21 81 65 68 116 18 32 92 21 109 13 69 17 30 82 84 34 93 28 1 5 81 42 70 28 10 61 123 64 81 48 115 69 106 35 52 0 113 115 103 6 105 121 98 117 121 54 12 121 121 38 46 83 74 0 16 29 40 117 106 59 78 27 52 97 92 6 35 110 81 61 39 113 70 26 90 95 28 124 65 51 27 98 117 50 112 95 36 108 50 111 23 7 100 25 68 7 21 63 46 102 55 85 12 29 94 76 88 14 111 73 16 17 85 11 67 89 18 68 87 120 94 40 67 55 105 13 79 76 117 103 15 58 20 57 46 92 9 12 90 75 5 9 65 126 34 91 65 0 63 36 68 8 51 29 87 53 107 70 112 18 111 81 82 55 24 82 57 99 118 23 103 19 10 54 33 81 73 36 102 34 21 36 24 120 93 121 81 116 48 22 103 102 13 114 3 107 61 41 26 8 68 90 22 32 2 107 69 50 12 19 104 52 19 29 46 106 50 14 70 54 12 34 76 80 43 92 22 106 27 125 124 31 36 50 83 32 43 62 60 102 61 45 76 19 44 75 67 114
87 67 22 36 6 101 120 50 58 105 72 68 68 9 49 64 58 13 27 31 55 51 22 22 11 52 45 74 91 26 19 19 7 109 78 35 41 111 106 96 115 43 23 62 64 39 56 74 35 10 0 30 59 20 52 60 16 40 4 70 57 101 79 94 50 69 90 58 28 25 60 89 90 103 60 13 93 9 16 5 58 117 1 103 101 102 123 52 50 87 71 120 28 41 49 112 119 18 30 2 78 21 112 124 58 70 80 6 35 82 29 34 74 22 99 2 90 118 44 84 118 19 46 42 24 6 82 17 80 4 56 84 72 124 70 64 92 60 33 51 65 33 42 118 107 16 58 25 85 32 9 9 15 27 9 23 41 122 123 86 21 89 123 83 83 20 24 109 125 97 43 92 111 49 68 34 121 59 77 84 39 62 11 1 101 86 65 50 53 100 13 118 38 26 105 17 39 84 1 42 82 109 32 113 42 4 82 99 69 105 104 105 22 54 68 64 62 91 20 69 108 5 118 73 112 115 19 91 121 12 57 20 99 22 79 63 98 13 103 58 15 81 105 86 33 54 44 108 41 71 98 7 43 60 39 113 98 7 92 111 26 106 57 97 44 61 85 119 8 114 4 43 93 50 120 42 121 118 72 111 120 80 38 19 20 102 31 87 67 101 54 49 57 111 51 23 44 75 20 102 67 109 106 46 20 89 74 84 10 98 1 115 85 89 74 45 101 45 67 22 62 1 51 123 90 109 114 20 9 66 67 124 106 8 16 44 20 25 77 37 10 124 52 6 36 110 99 100 44 75 26 116 38 17 20 104 46 126 110 34 81 80 20 44 9 63 30 45 12 55 76 118 35 31 68 41 66 120 5 48 8 3 31 113 23 27 96 80 109 4 83 50 45 39 34 97 46 87 20 98 35 100 54 21 88 121 122 77 42 125 46 41 88 51 101 48 70 57 112 74 110 3 91 58 93 82 15 56 33 57 30 94 82 85 13 64 9 75 46 89 46 41 78 9 126 71 98 34 77 52 55 75 5 33 35 104 70 13 33 93 29 58 11 30 53 24 35 103 114 22 0 66 12 24 122 100 111 97 19 118 124 84 61 24 104 63 39 52 71 115 27 2 93 118 51 46 5 67 70 42 3 24 26 117 96 71 49 100 42 86 79 55
35 104 103 58 57 74 47 124 92 90 104 106 51 0 46 99 58 36 41 47 31 27 7 108 104 45 30 125 63 48 54 64 99 111 40 39 87 69 31 111 125 5 91 27 73 104 93 85 101 31 80 106 107 40 26 125 19 112 23 111 66 126 100 34 57 58 40 20 69 75 19 112 78 90 88 125 5 1 65 89 41 93 113 71 29 86 74 45 80 56 59 43 86 109 26 97 113 57 13 126 124 55 118 37 97 47 113 92 120 107 108 116 19 71 9 109 112 57 86 42 4 13 11 104 7 104 39 8 116 92 93 18 108 60 3 17 125 69 82 71 92 12 32 19 94 48 53 37 15 66 117 5 2 62 1 36 76 59 57 101 64 41 45 85 44 87 64 104 108 52 98 40 48 41 44 44 25 126 40 119 90 104 100 36 39 98 125 85 19 35 104 33 11 72 55 104 1 47 41 36 0 90 54 4 78 90 28 109 79 121 115 108 19 125 4 26 102 49 77 93 51 88 24 20 40 105 62 117 88 124 48 107 89 53 89 56 125 2 12 30 7 50 19 117 33 73 24 109 122 56 115 102 4 30 28 121 10 28 39 111 123 74 84 80 29 51 13 57 120 122 24 51 106 32 88 44 30 98 124 115 80 101 93 20 90 38 3 101 108 101 69 19 93 54 26 60 27 117 40 55 28 19 120 121 102 66 114 68 6 2 116 117 41 30 75 68 123 41 59 100 18 41 86 120 81 56 35 43 83 61 114 24 61 66 108 11 47 30 44 30 94 80 94 97 39 91 108 97 78 95 113 4 97 71 61 22 72 75 45 48 113 94 75 21 21 19 120 40 47 42 65 0 29 16 55 55 68 117 61 120 120 60 73 6 126 81 103 23 124 76 3 39 49 37 76 87 73 53 3 33 14 38 70 103 2 78 109 21 42 21 69 49 92 78 91 30 71 39 71 53 16 23 82 4 16 68 66 17 86 36 58 53 15 104 8 122 89 37 102 116 77 20 83 82 6 9 28 97 91 21 86 41 70 7 22 25 25 126 37 104 93 11 46 101 66 27 60 65 53 22 64 121 109 63 32 46 68 47 44 113 57 62 0 86 34 14 61 26 126 99 87 121 105 10 81 80 82 60 57 27 21 113 31 81 54 40 39 80 57 121 107 50
41 35 102 103 45 113 100 30 87 41 110 66 4 8 36 100 101 112 70 51 41 66 14 73 53 52 103 62 88 70 15 114 111 126 12 10 123 63 99 23 109 68 51 66 110 30 67 81 85 38 91 92 109 45 14 8 117 5 121 112 78 47 27 66 36 94 13 51 99 71 67 87 28 17 2 33 109 37 35 25 92 97 118 69 23 8 94 38 32 112 45 97 10 65 59 115 74 24 123 105 28 19 50 59 60 119 10 57 93 15 28 50 39 48 111 69 55 46 84 6 91 81 78 53 65 25 123 121 94 78 121 71 38 58 99 110 121 108 118 18 8 3 102 48 85 59 112 0 68 58 20 117 8 54 105 117 43 68 98 56 88 104 104 101 69 29 76 109 55 7 69 14 77 50 48 4 45 49 18 103 64 111 6 10 14 34 92 119 99 71 63 13 42 45 102 67 71 0 84 104 103 81 29 16 15 122 47 51 62 83 84 122 33 10 115 114 97 53 73 45 56 58 18 102 38 28 108 59 15 109 63 2 119 89 60 21 82 111 45 31 121 27 30 89 59 116 32 27 34 48 32 121 74 43 37 14 117 50 50 43 43 80 59 13 83 103 125 106 125 82 55 117 10 111 11 54 10 113 66 53 58 125 89 119 44 14 71 16 33 89 1 57 84 15 91 60 63 75 120 66 117 93 72 99 85 44 125 78 75 37 78 119 18 60 108 62 27 120 12 97 107 12 22 82 74 40 65 70 22 121 31 92 70 87 91 83 39 102 44 114 124 39 47 14 94 78 68 59 19 92 40 44 64 116 32 56 56 123 64 3 83 95 73 69 50 37 34 88 9 43 103 52 119 34 82 66 25 79 25 42 91 67 65 28 109 86 89 40 15 15 103 109 26 93 125 91 103 46 53 15 8 83 6 10 41 33 73 75 33 83 93 64 66 85 9 37 17 34 53 20 50 52 73 123 64 13 99 18 74 4 34 8 44 98 14 116 63 13 106 43 92 54 30 57 66 40 126 43 52 52 48 34 22 28 49 41 65 110 26 83 93 9 34 48 40 17 7 50 104 63 20 85 89 101 4 24 123 9 116 117 58 23 31 24 93 62 126 89 76 49 76 56 27 94 12 79 100 40 48 113 50 62 21 54 89 25 30 89 68 105 125 110
66 5 37 96 89 39 64 32 24 31 100 70 97 112 33 88 35 105 113 86 29 33 5 6 75 100 16 47 113 6 24 74 3 98 86 0 26 57 66 89 89 40 81 21 61 22 89 117 71 6 79 33 10 60 52 36 33 114 6 30 26 86 44 98 106 69 42 99 84 9 41 47 29 23 114 8 92 72 64 78 16 34 31 32 118 123 118 18 82 10 7 49 23 104 39 104 29 68 36 64 3 34 14 79 116 7 74 58 113 58 91 81 109 84 9 43 47 110 93 85 90 98 63 75 94 25 22 16 30 52 121 57 71 15 9 38 47 88 111 92 5 14 49 14 18 42 20 40 62 17 35 14 44 111 36 40 24 10 67 75 86 45 56 41 90 97 87 3 60 48 14 75 89 84 97 119 10 48 98 54 78 23 47 107 42 82 42 51 5 92 13 114 75 52 110 65 65 112 12 36 110 9 78 36 12 22 114 23 72 36 38 30 5 22 86 124 45 17 30 41 82 50 73 14 89 79 110 107 100 31 34 28 105 42 36 111 104 66 113 8 50 113 11 14 37 57 119 4 42 111 56 77 39 39 112 23 25 90 26 45 71 34 75 67 100 86 25 32 77 64 46 10 78 123 116 107 61 38 46 41 22 46 120 90 50 42 51 104 121 121 103 0 34 61 107 79 126 9 101 37 90 99 82 67 101 28 97 66 76 36 116 4 82 34 86 121 102 17 124 80 119 82 32 53 112 24 73 121 62 105 2 15 112 96 22 61 46 15 103 50 54 89 115 121 106 119 83 34 86 22 109 15 54 14 126 78 106 113 45 101 92 91 72 72 85 82 24 76 36 83 104 89 60 45 55 69 29 41 117 122 80 88 8 21 67 26 3 120 84 92 33 70 36 123 109 40 60 77 57 41 13 99 68 36 2 111 63 27 62 51 104 81 0 37 24 17 64 23 2 97 15 67 89 111 87 22 115 25 88 67 37 106 59 41 85 108 44 22 78 59 97 60 51 45 1 95 82 14 51 35 49 84 52 125 12 19 14 67 1 70 112 96 24 25 93 0 94 112 86 5 95 104 39 71 89 100 54 66 55 47 1 78 26 122 1 72 81 116 28 69 73 117 29 81 118 122 25 74 30 88 106 7 121 90 13 54 61 2 74 116 23 92
118 83 37 56 120 100 45 110 102 68 6 113 19 15 32 5 67 1 23 13 55 19 86 104 90 63 20 83 107 47 111 31 62 11 68 125 97 106 75 49 54 52 56 9 9 104 123 60 51 71 68 32 55 11 43 84 121 37 86 78 85 88 75 116 121 11 121 94 75 108 42 89 103 56 8 57 72 94 77 74 4 71 112 122 27 99 101 3 80 91 13 35 32 87 64 48 115 46 38 118 27 36 20 97 48 9 7 29 64 52 64 74 15 35 46 110 101 100 24 115 98 16 40 116 40 52 96 111 62 44 116 21 82 97 51 5 93 0 44 69 51 74 2 90 44 24 95 98 53 70 92 113 107 126 42 96 41 106 74 47 28 117 32 29 102 15 44 82 65 27 108 114 39 6 48 7 57 105 97 35 38 73 41 88 47 60 122 100 21 84 92 102 109 71 89 31 72 124 96 66 34 32 4 76 59 69 113 71 5 71 26 101 13 74 90 115 103 120 102 40 123 22 53 1 106 10 40 100 46 119 7 21 47 105 122 59 23 90 122 7 95 103 47 63 103 79 93 58 10 82 43 32 56 54 13 11 46 61 88 36 87 122 118 74 64 85 99 93 61 123 54 96 17 7 5 65 26 72 110 79 22 119 34 19 80 66 23 82 35 39 96 90 25 36 88 86 6 49 33 125 115 121 104 83 21 7 61 48 37 64 119 121 58 112 81 13 59 82 43 11 111 19 110 108 5 120 120 101 117 34 42 3 27 11 49 30 79 111 14 53 73 3 54 112 64 40 52 100 45 70 45 93 66 16 84 117 70 11 12 119 52 18 69 111 106 44 33 112 106 58 79 65 27 81 124 99 42 68 64 37 53 15 0 30 98 72 98 108 54 8 31 70 124 54 9 79 77 25 125 94 63 109 54 111 79 99 80 104 36 50 14 45 88 92 12 102 11 67 32 12 63 72 67 96 5 98 1 90 44 121 9 59 0 21 83 43 58 14 20 51 75 66 78 64 91 55 60 39 54 63 96 84 102 35 1 40 94 85 77 90 25 44 51 99 15 108 36 66 11 119 9 101 77 0 11 120 22 114 21 122 53 31 46 26 49 48 105 96 112 35 113 78 90 30 31 61 51 107 9 62 119 121 12 57 17 78 77 60 121 85 35 104
125 35 113 2 84 57 5 56 29 57 98 46 67 87 76 120 79 27 52 103 124 34 111 73 34 23 43 95 2 12 23 106 20 72 102 43 55 77 81 99 88 68 25 5 4 120 36 29 34 85 16 74 120 23 9 62 36 98 15 74 44 80 26 43 48 100 122 7 113 125 108 51 81 49 25 120 13 90 85 73 101 13 3 31 19 29 39 71 78 108 82 42 54 30 111 125 29 85 24 123 5 24 102 83 117 83 54 49 73 29 9 32 125 50 85 82 23 27 42 126 33 84 65 92 51 27 32 74 34 22 17 118 108 121 51 22 64 53 51 33 39 123 10 82 10 29 22 103 64 71 126 125 3 62 5 93 111 84 7 30 50 88 24 44 15 32 41 56 27 63 39 15 35 109 55 103 123 8 36 28 80 53 89 77 22 95 11 10 55 6 67 23 103 108 11 0 10 112 24 10 84 1 36 82 38 33 6 104 116 63 44 25 65 72 63 43 41 3 0 35 11 92 70 53 53 39 111 78 107 90 85 83 115 4 86 79 80 119 112 0 97 124 72 36 39 7 70 59 10 0 27 112 4 58 1 89 78 101 73 71 85 34 57 4 26 76 68 45 118 48 34 29 7 91 82 105 6 101 10 58 81 111 88 78 117 99 46 93 13 23 19 52 62 120 90 66 24 104 82 32 48 30 75 12 15 48 12 70 64 83 11 50 60 70 95 65 49 108 42 51 13 10 50 125 58 51 44 52 0 31 49 74 53 118 62 90 8 87 23 97 78 7 63 122 43 48 27 87 49 52 54 81 18 83 21 59 72 105 68 86 3 38 20 41 44 56 85 38 97 108 75 88 65 9 123 46 102 96 91 115 36 21 27 12 97 61 27 74 33 64 118 18 21 33 125 113 1 101 116 58 28 1 71 38 7 8 77 25 75 86 103 112 110 102 31 124 70 68 15 123 63 107 81 115 15 21 121 126 30 29 24 45 3 106 88 7 47 5 45 47 72 53 88 85 5 96 79 23 29 28 11 87 61 73 36 90 123 77 43 113 72 93 14 99 94 40 18 42 5 73 80 37 113 116 67 8 16 82 4 107 61 15 102 50 55 112 15 68 26 34 54 126 89 118 49 41 21 76 32 70 33 93 108 119 93 81 117 117 120 3 59 59
52 48 78 102 16 113 123 50 91 39 98 65 83 37 103 125 46 52 47 27 58 37 112 52 82 117 84 81 92 125 116 36 82 8 115 71 74 81 55 82 9 106 115 54 101 51 1 66 85 125 6 110 40 74 98 11 124 16 29 23 32 42 63 112 126 44 6 31 37 15 1 107 121 7 60 126 69 57 84 74 78 60 23 74 41 36 19 19 48 68 72 97 70 31 90 59 76 31 45 114 122 125 22 31 47 112 56 38 96 14 112 44 37 41 90 113 124 26 1 102 45 103 62 56 105 26 105 108 0 102 32 2 119 59 76 71 100 50 107 66 91 34 14 109 46 62 38 89 108 99 60 59 32 12 86 112 118 35 73 80 6 68 110 10 118 56 79 11 70 88 45 56 53 119 92 97 107 4 2 3 80 77 79 102 51 18 100 22 58 51 6 28 4 47 82 13 81 65 78 5 35 44 14 8 106 68 87 122 86 86 109 69 75 90 96 124 27 123 28 92 75 122 28 85 48 36 28 67 107 30 110 49 123 116 16 85 79 52 38 8 118 18 122 34 103 96 78 4 90 79 23 115 33 118 18 51 83 114 71 56 29 125 80 75 86 65 70 50 8 38 103 100 29 107 116 114 17 116 32 73 27 58 125 47 2 46 4 38 97 79 87 75 49 22 85 35 64 34 101 32 34 81 105 108 97 41 124 22 76 102 46 61 77 28 103 88 23 91 118 67 37 12 106 67 57 52 124 15 2 2 25 119 121 74 103 30 43 65 12 104 22 29 52 79 69 54 98 109 43 52 106 97 92 79 51 41 65 38 36 30 32 108 44 52 46 5 4 78 4 1 19 75 63 114 115 34 108 89 37 53 34 49 121 28 68 20 56 61 28 66 16 79 89 77 14 58 82 105 67 53 10 36 28 48 90 14 83 109 120 42 12 70 78 110 57 84 82 1 99 35 91 73 63 101 26 120 52 61 73 121 124 27 13 5 91 92 110 44 89 75 46 95 4 117 113 79 98 55 76 67 100 66 30 124 3 26 22 66 27 122 114 125 99 104 86 40 36 126 67 106 13 52 75 98 60 123 124 47 83 76 110 27 122 73 29 61 48 11 109 106 10 67 10 3 100 81 26 21 98 95 60 1 7 121 48 41 48 17 63 67 121 89
113 78 26 41 83 95 54 9 21 83 70 97 60 80 17 7 71 64 60 59 15 59 22 123 16 61 121 112 5 53 49 76 116 21 8 39 117 8 24 83 88 78 110 56 27 16 103 88 29 100 30 78 107 107 111 109 30 36 78 9 47 124 114 113 83 1 45 116 67 105 92 36 123 64 77 59 60 64 90 121 34 13 81 29 108 78 113 107 62 52 57 7 17 97 124 14 98 24 87 5 95 77 77 36 116 64 25 7 100 52 22 55 71 95 5 98 76 42 78 97 100 9 115 100 9 13 83 79 59 23 117 18 94 73 24 13 92 25 22 68 58 81 52 64 44 110 41 45 118 14 33 42 52 120 2 116 24 75 64 30 2 95 103 48 59 90 35 122 120 98 103 21 114 5 69 71 8 70 14 78 16 67 34 91 47 110 94 39 102 58 25 60 117 25 51 34 36 60 122 41 51 121 63 10 51 54 62 2 45 98 105 97 114 59 93 120 101 97 101 63 113 122 1 84 108 101 58 86 16 79 69 32 15 67 67 2 78 87 55 115 25 74 55 108 74 19 84 47 1 4 83 31 97 8 28 91 83 84 109 120 66 97 78 82 27 37 9 22 99 82 13 100 115 74 41 83 80 81 103 50 34 49 121 62 126 16 58 38 111 35 12 74 13 7 79 95 54 59 59 58 40 53 71 87 21 89 16 94 104 95 28 85 93 106 44 16 58 9 85 85 20 96 19 27 85 69 111 60 77 66 98 33 54 38 16 111 34 126 67 97 17 10 58 4 30 69 12 116 39 21 29 109 46 92 83 30 28 116 111 36 2 33 39 40 41 101 20 60 65 79 6 41 96 113 60 28 64 110 65 98 1 15 72 62 101 103 126 90 109 118 50 0 25 63 74 125 21 91 123 111 48 88 98 74 31 70 61 6 77 95 113 119 90 90 2 95 37 50 115 46 81 28 49 2 77 4 67 16 7 16 9 77 75 23 54 109 2 53 41 18 94 39 70 11 119 61 48 103 97 37 123 103 78 17 69 64 22 111 72 29 34 121 65 0 18 69 73 119 121 119 3 123 79 123 62 6 41 7 45 48 70 17 50 61 85 48 22 111 63 124 103 126 55 12 25 75 71 117 2 121 40 81 109 1 53 55 13 67 100 68 16 77
84 8 99 81 19 48 3 123 118 123 106 100 75 62 31 38 75 83 56 51 55 102 41 102 84 2 46 108 126 21 102 103 41 72 51 22 123 99 75 44 85 20 51 102 6 5 69 33 14 3 45 56 74 42 74 59 101 2 88 81 110 34 4 1 104 102 14 26 7 42 6 3 50 75 5 8 29 53 48 11 29 116 106 10 64 48 96 113 38 98 104 5 69 115 125 111 48 84 7 40 79 111 4 91 103 118 85 3 59 110 122 109 93 112 79 89 68 117 8 24 72 17 125 87 22 44 126 60 47 6 108 104 121 45 52 65 79 32 52 18 121 4 81 122 25 77 64 34 108 83 81 6 77 6 17 110 124 50 78 32 91 100 88 57 14 105 87 39 40 47 78 86 51 39 49 75 41 41 101 121 26 6 30 16 6 16 54 13 123 80 50 110 88 85 62 14 29 69 109 18 83 59 70 105 118 49 45 16 50 34 16 121 57 26 44 46 95 52 24 71 21 78 46 17 13 74 114 108 92 74 97 12 70 29 94 60 123 67 119 5 115 44 116 115 26 61 101 74 12 110 110 100 101 108 2 64 45 106 105 63 102 54 111 10 18 65 99 22 7 23 11 52 111 69 0 14 119 101 125 93 35 90 78 81 87 122 11 17 110 40 79 76 6 72 115 58 44 51 47 60 21 28 41 97 26 14 42 84 86 60 108 122 72 45 116 98 9 16 60 69 90 3 57 40 90 62 5 61 64 65 79 65 96 47 42 25 98 75 106 50 36 11 66 16 119 69 62 20 73 22 86 39 104 103 78 2 71 120 116 38 41 122 74 109 106 13 119 29 21 50 23 96 14 109 86 91 57 24 48 63 43 71 113 22 84 124 87 22 0 93 1 27 126 99 74 107 110 56 89 78 101 30 17 4 116 12 17 85 81 50 35 56 119 8 106 117 48 0 86 38 18 35 107 119 67 8 65 49 116 64 78 53 40 62 69 4 50 38 56 0 14 41 16 44 35 85 58 8 17 116 23 15 0 88 3 29 117 49 79 34 101 9 23 56 47 102 38 64 125 104 12 14 20 98 44 21 6 121 72 50 10 23 38 120 116 92 34 68 33 109 6 125 41 3 20 119 26 123 28 49 9 122 78 123 73 67 4 62 80 27 72 28
59 57 85 48 28 38 68 59 98 106 59 53 12 81 31 24 37 21 109 90 115 101 3 47 20 49 66 107 86 11 63 73 99 92 108 29 123 98 24 89 61 80 23 36 120 19 85 82 59 57 104 80 106 49 46 30 8 99 89 48 78 56 43 26 76 72 7 104 58 36 34 67 103 118 87 121 2 103 49 27 27 16 121 56 44 1 68 123 48 88 54 78 83 106 106 4 13 61 38 56 43 105 68 116 0 8 1 59 21 106 36 115 121 14 41 78 123 14 55 53 51 94 59 38 123 123 90 35 91 5 43 45 18 94 44 68 75 71 74 90 79 21 48 36 117 85 101 26 23 88 89 99 61 75 34 52 33 39 80 19 4 39 49 4 71 57 74 124 124 38 109 45 40 80 9 105 114 27 96 24 20 16 87 90 117 121 80 46 126 56 2 56 5 87 28 25 117 76 116 11 27 57 88 57 91 75 99 99 116 1 20 54 62 0 121 51 32 5 51 83 16 63 122 56 44 105 126 125 105 26 48 75 43 82 61 19 105 49 19 64 111 90 80 76 49 115 52 79 87 100 97 56 107 56 113 4 3 2 57 115 79 124 101 112 97 81 65 15 21 24 112 105 73 0 34 38 14 57 15 68 119 56 94 28 108 9 19 7 41 6 45 68 88 29 66 29 15 39 33 35 67 31 43 126 101 105 60 84 57 63 114 49 0 54 118 78 121 76 11 102 103 53 17 31 103 107 87 43 86 53 24 46 71 106 10 66 36 94 107 95 53 122 13 81 23 46 37 22 78 55 38 1 51 92 120 70 25 89 35 86 51 25 44 119 21 99 23 24 92 22 117 54 5 118 112 76 88 78 91 25 112 35 85 0 38 8 103 100 123 114 100 20 101 118 63 19 34 85 13 93 51 72 88 20 87 46 46 97 49 52 86 10 52 70 41 116 11 40 64 70 89 57 96 4 20 116 11 106 87 108 73 95 90 102 24 87 32 58 19 17 111 23 19 28 11 101 42 39 14 68 5 125 119 83 109 78 121 110 17 116 20 15 24 70 38 23 13 56 66 104 113 114 4 81 66 87 120 52 94 124 25 123 68 51 121 49 22 80 6 4 91 9 99 91 86 70 31 88 65 44 23 81 18 79 125 23 2 125 104 24 44 5
107 2 47 79 117 19 105 104 83 116 119 46 14 83 36 66 14 81 54 103 64 40 63 87 29 126 121 15 106 52 7 90 7 69 71 118 39 41 49 92 85 45 45 92 11 21 74 74 46 35 25 103 34 2 62 86 33 72 98 86 38 110 118 17 104 53 91 63 118 74 56 31 59 11 83 11 62 46 61 89 32 97 113 66 28 39 1 19 102 56 99 70 62 92 104 103 42 91 38 46 33 47 10 81 46 23 113 19 58 121 80 121 123 42 0 33 12 119 62 125 44 94 34 106 113 30 59 107 83 110 78 28 93 111 82 55 92 9 93 26 106 20 41 23 23 112 51 19 111 63 7 101 78 50 72 113 67 25 109 97 93 16 43 77 80 47 83 100 93 119 125 77 83 33 114 119 62 41 31 64 117 8 108 91 28 51 80 70 32 58 30 40 110 28 125 110 102 33 114 77 61 116 39 101 36 118 4 38 13 36 39 54 15 44 16 28 70 8 73 83 15 101 52 51 48 6 65 118 69 2 100 62 121 23 76 5 35 27 47 60 99 53 77 45 29 73 86 32 74 84 67 1 73 27 39 56 104 113 39 34 41 84 46 73 105 88 91 5 123 123 111 11 15 12 83 44 29 31 120 118 71 126 41 36 31 12 103 47 37 104 50 37 46 58 103 52 76 36 97 99 124 94 23 2 100 102 37 108 112 63 78 25 12 109 106 43 40 89 49 3 88 35 75 36 122 13 33 40 6 5 125 102 125 48 63 39 90 114 78 93 50 0 59 124 45 115 18 23 63 76 32 64 66 8 55 7 85 74 115 78 54 24 118 117 81 101 9 46 39 37 33 40 71 66 22 2 58 88 40 42 22 85 3 25 57 78 85 43 120 41 68 49 116 3 18 47 81 20 10 112 29 99 29 79 62 83 1 42 59 74 60 33 41 45 26 81 97 3 97 74 20 1 96 82 31 118 102 10 23 11 8 71 80 83 91 108 57 8 72 94 16 87 99 8 8 17 8 8 19 107 114 83 19 117 41 104 92 49 91 29 122 66 20 79 68 109 87 63 105 67 86 115 8 126 110 54 125 31 122 85 77 13 98 70 116 21 101 66 24 32 123 76 87 27 27 88 15 35 112 102 10 104 110 20 124 55 114 102 95 31 37 88
90 5 45 117 47 91 24 119 34 83 114 101 96 15 8 92 85 56 63 2 95 2 24 30 117 85 89 16 73 57 32 106 18 113 51 116 18 3 114 11 46 49 17 18 53 53 15 76 103 123 54 7 0 81 85 31 50 49 49 115 76 9 34 0 51 72 124 17 31 1 92 123 19 108 87 40 97 99 48 66 97 15 125 19 22 30 21 97 90 103 14 54 100 77 71 20 56 5 69 126 54 80 51 80 82 83 111 9 41 15 35 78 115 95 95 124 23 7 39 79 117 69 42 41 60 37 113 111 69 55 34 62 121 122 96 91 40 18 60 108 2 107 70 28 89 66 77 87 122 124 68 71 45 115 124 48 123 102 74 125 78 85 111 7 33 102 100 86 36 63 53 34 81 76 104 88 1 119 14 91 106 48 124 28 117 32 73 112 105 65 126 112 62 115 24 111 70 14 108 73 0 42 49 95 70 114 24 98 126 125 79 92 102 13 81 31 122 42 36 32 11 87 80 39 87 28 98 18 104 59 97 104 50 82 55 57 24 121 53 98 51 117 27 40 59 108 115 92 72 120 88 76 51 7 6 14 65 94 106 84 40 83 3 56 71 121 104 5 89 58 43 70 88 8 13 47 124 98 86 112 18 20 94 29 19 117 47 87 35 96 53 15 112 55 61 17 54 20 21 92 39 35 21 32 25 36 25 93 43 11 92 102 63 96 58 34 49 78 7 104 6 123 47 83 67 25 9 33 125 2 91 74 16 88 44 96 84 41 93 53 125 102 74 9 51 89 126 106 78 80 58 49 107 118 111 98 4 29 42 103 54 13 62 20 65 65 123 44 46 83 5 117 62 27 10 40 53 42 98 113 71 21 103 8 59 126 122 63 73 47 1 64 4 74 14 109 64 50 17 74 109 91 38 34 94 1 86 26 117 15 122 80 106 33 110 25 38 17 39 104 122 34 101 59 126 20 114 109 123 83 78 101 90 55 92 31 103 62 78 57 4 49 18 31 7 74 100 32 70 88 81 17 45 1 94 49 106 15 24 118 74 96 52 57 18 102 46 78 23 98 54 85 50 70 52 10 94 61 109 65 125 106 80 14 17 11 98 89 72 59 69 71 24 27 59 72 30 116 123 97 28 113 121 18 42 17 125 84 112 63 81 109
18 83 37 21 29 119 33 98 34 50 92 14 82 17 81 5 16 14 26 43 29 89 87 22 84 96 80 91 123 104 5 114 109 101 72 113 124 88 5 86 24 58 114 54 1 21 94 73 89 119 14 91 21 18 102 18 67 45 27 113 17 85 23 123 64 22 63 121 118 82 17 36 26 24 79 89 36 8 70 101 33 44 1 32 100 93 111 54 2 81 17 43 103 87 71 62 69 114 69 98 116 23 109 82 111 36 79 101 42 15 21 82 98 14 91 9 35 35 76 50 13 60 113 106 1 20 47 13 46 29 69 83 53 28 67 51 51 55 28 21 20 80 77 125 11 35 121 18 42 48 96 52 41 97 26 81 97 3 61 111 100 111 96 81 50 34 70 38 91 78 69 16 25 7 32 33 9 0 35 121 0 24 35 36 79 13 69 54 27 9 42 72 118 90 4 0 120 92 5 47 103 73 10 84 10 97 77 96 14 66 30 84 123 77 13 56 24 55 58 90 56 4 6 100 60 59 60 116 77 111 17 8 78 82 119 39 78 3 107 38 97 13 93 39 11 120 53 4 7 114 79 0 95 26 102 76 98 43 94 14 75 33 101 74 109 74 46 71 62 125 19 106 11 113 108 9 97 54 14 29 1 70 97 19 90 82 102 2 125 91 46 103 67 122 2 117 110 21 41 97 34 38 3 123 53 50 2 43 49 112 62 100 114 13 24 114 88 11 105 122 87 119 46 65 16 20 126 62 4 54 52 19 68 71 67 88 13 30 88 2 90 27 36 38 72 114 46 39 27 106 89 52 104 93 76 31 96 11 33 71 41 109 10 124 11 119 69 99 59 91 18 40 10 100 63 26 31 18 52 30 125 20 20 70 97 90 22 78 57 122 74 91 98 90 46 123 4 124 94 125 27 79 3 45 119 53 28 49 57 75 42 94 48 0 46 101 39 30 5 124 102 125 65 60 84 92 4 32 112 62 124 35 119 79 40 1 100 28 2 116 113 36 124 55 93 77 87 33 40 101 71 121 58 55 43 84 77 30 14 24 112 57 118 104 13 122 76 100 72 60 97 86 25 72 97 120 52 91 105 24 103 38 112 97 106 44 109 41 69 2 101 71 107 80 22 111 103 100 85 47 90 69 9 74 6 34 89 10 96 61 103 48
51 12 106 6 47 33 118 22 80 126 93 77 119 33 43 85 36 34 24 40 45 103 105 104 20 75 97 13 111 14 39 91 122 63 35 5 95 87 55 39 31 27 101 112 46 97 121 83 122 53 44 13 6 7 88 97 73 99 34 126 32 30 23 3 15 50 40 11 98 75 37 101 41 106 0 92 34 51 4 16 28 87 39 17 28 26 32 110 62 52 0 39 123 37 39 26 17 38 52 109 100 3 34 9 24 26 35 27 74 78 86 109 13 121 22 125 49 5 63 62 106 45 4 91 74 88 17 114 69 93 23 36 4 64 70 104 32 29 19 54 70 95 48 102 106 53 47 116 24 67 34 72 59 43 62 72 27 100 90 120 31 96 73 119 114 77 80 33 40 117 43 117 20 35 33 61 106 113 18 13 38 101 108 43 103 61 20 108 98 92 15 125 45 41 88 51 75 37 103 28 24 30 95 118 117 95 101 43 21 44 103 108 118 67 15 104 92 58 57 53 94 21 117 99 85 47 19 78 50 49 37 99 23 100 51 80 22 37 6 47 5 46 88 102 46 72 20 61 60 45 30 114 16 97 13 84 126 51 89 60 66 7 0 43 70 16 26 83 45 72 14 14 29 22 49 107 7 34 9 36 83 94 1 76 120 0 53 67 72 54 18 117 22 35 104 59 18 118 48 99 9 102 97 80 41 19 74 42 33 118 18 90 37 76 115 24 110 125 124 13 92 20 37 14 97 25 6 42 36 47 5 25 14 122 115 43 71 35 1 104 77 119 107 107 119 7 98 109 46 97 26 4 9 119 9 99 19 91 39 76 62 22 20 54 114 7 92 111 123 31 42 63 49 84 50 67 88 18 72 75 14 62 31 49 67 43 52 100 26 6 55 5 34 91 110 102 43 97 62 57 50 36 15 42 89 125 98 43 109 101 71 62 34 94 12 67 29 25 71 80 24 80 104 110 57 72 54 96 80 95 99 7 60 17 15 79 48 104 43 37 4 0 26 81 19 64 27 70 48 61 111 119 11 42 92 50 55 97 31 21 32 25 24 88 76 34 53 91 96 44 19 106 102 48 80 116 37 107 102 120 38 16 88 99 41 53 45 62 32 38 18 109 16 99 12 115 38 121 34 6 74 2 68 14 17 29 89 23 119 119 66 19
10 90 103 36 122 119 50 18 76 51 41 62 8 66 111 112 62 112 104 28 8 121 122 62 67 86 68 75 122 32 94 5 31 33 60 45 87 22 19 115 86 120 85 82 33 68 123 14 75 21 12 73 40 40 119 125 54 29 96 38 92 77 40 34 47 85 58 9 77 101 27 33 123 119 63 15 0 126 88 17 120 117 103 106 68 125 119 125 114 93 114 36 23 58 66 76 36 52 59 31 36 82 53 89 15 126 20 104 54 53 52 96 22 28 90 29 68 1 31 60 61 26 90 117 61 70 33 17 5 95 24 103 94 85 70 67 124 26 5 107 78 27 104 26 67 80 85 45 118 74 104 31 124 60 112 105 97 78 113 95 115 21 61 120 99 0 3 5 32 50 67 14 56 83 48 1 2 76 26 19 94 85 23 75 65 123 28 48 22 79 10 64 22 64 44 26 20 5 13 108 36 26 122 35 121 126 87 91 70 100 116 72 58 101 64 68 38 71 0 53 20 9 105 56 60 88 84 70 23 20 22 82 68 73 24 41 25 114 41 60 3 84 42 77 22 88 70 5 101 73 27 115 106 51 6 2 54 86 87 125 60 4 62 72 57 90 74 15 27 80 45 26 85 0 87 64 75 11 101 46 69 70 50 44 51 27 99 87 4 42 35 126 115 121 29 23 66 36 106 83 23 35 19 31 28 12 19 124 95 46 118 82 59 20 89 99 53 62 80 28 33 47 47 8 81 124 50 75 99 99 28 75 117 26 56 10 46 49 52 14 41 56 67 89 83 85 3 1 27 96 45 57 38 94 22 41 82 124 36 34 71 29 85 31 88 30 33 85 4 84 123 88 65 4 6 13 95 32 57 125 111 68 48 4 48 30 24 82 114 109 36 85 14 32 123 31 91 11 1 36 90 25 103 72 32 45 22 89 113 87 102 40 27 93 109 110 87 74 10 23 103 121 80 14 121 35 65 100 90 72 27 19 104 51 95 49 42 25 106 78 8 27 14 83 95 99 43 69 110 100 16 82 0 75 2 72 66 38 53 55 116 75 125 25 59 118 119 36 36 58 62 100 61 46 113 10 117 8 51 27 43 103 85 58 20 53 31 97 36 94 34 44 68 59 99 19 117 9 51 67 103 113 33 119 52 120 43 65 105 57 83 104
41 120 101 103 64 2 34 56 106 61 110 74 113 6 18 111 2 30 122 70 92 67 104 70 119 87 124 107 114 89 77 126 94 116 98 68 18 106 93 18 64 56 103 76 68 12 105 13 67 112 3 118 26 63 80 76 19 45 105 14 115 121 67 82 91 40 35 91 55 26 103 113 24 93 42 34 67 28 47 118 102 49 51 103 36 101 26 114 116 114 68 104 79 42 103 57 59 37 88 74 24 16 39 118 124 24 60 114 57 15 115 99 62 63 28 95 16 106 117 28 17 18 53 45 54 95 49 18 16 43 121 37 74 17 73 57 53 109 100 25 72 90 83 112 14 74 25 111 118 86 6 21 105 126 120 79 122 45 93 61 14 15 88 38 112 115 92 101 72 43 6 83 37 89 28 37 30 82 5 44 118 0 51 3 36 69 92 44 74 11 80 0 122 100 37 44 88 16 3 116 123 80 66 14 98 114 117 100 33 97 29 78 91 20 18 4 42 30 109 62 88 0 91 7 89 83 122 28 36 43 25 99 33 41 90 35 80 20 7 76 8 13 55 57 57 7 77 94 113 76 21 41 92 25 53 4 35 33 119 49 10 108 27 53 108 126 113 84 75 16 48 48 60 101 10 44 118 58 17 8 113 35 83 95 102 71 29 66 47 93 8 59 49 75 58 87 91 36 103 68 67 17 42 28 46 10 42 105 49 99 27 3 38 126 36 54 93 42 105 56 96 77 105 58 87 1 5 28 5 101 44 12 126 116 90 51 12 55 100 110 43 97 38 51 43 53 108 81 118 126 35 116 54 92 87 12 38 62 60 56 28 109 2 20 46 40 21 95 33 114 74 111 71 75 97 114 83 73 47 45 74 11 69 51 46 68 101 100 62 28 55 38 113 89 115 77 126 81 84 120 51 38 84 40 15 114 24 22 15 103 106 25 36 117 77 13 4 51 7 24 57 79 42 47 68 37 95 106 116 42 31 36 49 50 14 70 24 89 9 13 115 4 73 80 123 64 86 61 12 62 20 70 5 40 71 77 115 10 31 28 24 84 67 0 78 65 59 32 17 103 98 44 25 43 121 65 126 126 1 1 86 106 26 50 52 117 106 79 1 56 98 89 51 65 119 113 16 14 34 49 114 17 33 65 84 42 83 21 118 52 103 5
104 30 119 76 36 113 84 3 91 112 7 96 58 67 5 62 20 34 67 38 47 97 14 36 55 2 28 29 114 100 37 63 112 54 116 100 82 75 111 113 40 53 88 114 24 16 38 29 82 42 43 92 28 58 105 22 37 56 108 77 38 4 88 68 101 33 7 58 124 68 125 88 36 119 109 123 67 68 116 125 9 20 5 10 12 95 62 29 110 2 19 22 103 50 23 71 103 89 81 26 91 123 46 120 38 45 122 113 47 72 104 91 32 57 125 103 60 7 119 11 74 50 114 12 57 50 98 1 62 121 76 121 0 112 94 103 82 27 2 103 11 50 107 110 121 126 80 97 87 18 77 8 73 17 63 1 56 60 74 46 112 63 40 34 3 119 7 73 2 95 118 10 107 20 117 85 50 88 93 115 101 62 90 112 102 71 61 19 98 35 29 60 91 87 80 31 41 61 106 14 2 23 60 60 53 31 44 76 42 12 107 24 33 16 7 126 99 44 29 48 60 9 95 25 50 126 16 13 52 33 118 82 118 97 91 114 91 26 88 83 10 95 38 71 54 40 118 27 106 80 21 16 124 100 109 78 37 67 26 110 117 126 111 91 64 5 19 78 2 63 9 79 89 49 125 11 119 44 76 13 82 103 115 3 105 75 34 52 25 107 78 2 75 117 92 92 84 102 10 87 73 111 31 81 4 57 95 64 115 50 13 110 70 70 113 60 117 42 75 82 97 84 125 31 45 95 2 25 62 122 78 72 81 84 84 9 79 22 76 124 98 53 8 64 8 33 31 61 80 23 82 85 122 47 87 102 79 74 87 43 23 57 14 90 33 86 49 73 73 82 77 121 59 88 89 115 69 94 121 90 93 52 73 71 111 77 45 126 73 30 89 28 9 110 83 122 116 89 122 16 123 107 125 89 69 31 119 84 89 4 44 27 1 71 8 117 44 85 96 19 113 45 83 36 77 18 106 109 114 90 80 21 106 51 21 32 69 34 64 85 4 102 15 86 17 39 28 3 92 66 49 52 38 28 119 102 110 94 45 77 11 62 46 9 39 105 100 45 96 20 99 62 87 101 76 55 93 76 107 86 123 64 6 70 89 85 91 116 15 100 120 0 20 96 95 0 96 9 90 71 103 89 67 93 16 12 88 121 43 87 97 33
105 14 70 121 78 110 68 73 17 69 87 45 30 71 71 62 66 104 40 9 55 104 2 126 10 39 33 103 16 78 35 45 63 11 126 44 35 88 95 88 53 114 28 82 103 118 63 98 78 65 109 102 61 32 42 104 40 5 123 46 2 81 85 36 115 68 90 70 42 44 107 2 119 25 100 85 25 60 91 8 81 57 14 13 7 53 21 126 92 111 70 28 22 95 94 48 126 15 59 102 113 106 66 53 3 33 100 126 37 107 86 4 124 35 42 90 61 99 69 72 120 50 67 78 46 15 1 86 76 42 31 6 99 60 38 57 34 124 86 107 12 124 44 84 40 54 95 78 10 33 84 27 52 23 93 14 14 21 115 72 53 16 33 69 42 34 56 43 74 96 15 17 26 32 62 21 77 118 122 47 75 58 16 52 56 8 66 75 67 22 117 109 24 49 118 99 6 75 35 123 69 45 84 125 54 33 35 4 19 4 69 30 108 8 125 119 58 37 118 110 70 110 46 33 117 65 26 117 91 31 19 21 88 79 81 10 60 117 48 7 5 34 115 58 4 38 107 27 22 110 28 99 34 101 18 19 21 67 43 114 70 91 120 100 57 71 8 95 7 21 71 71 91 106 36 45 89 87 94 81 63 119 55 117 98 95 115 74 111 8 85 12 64 33 108 96 126 44 60 55 90 28 68 62 105 101 95 70 56 16 31 27 104 41 25 57 118 55 91 36 72 100 72 64 66 8 16 22 34 89 108 32 100 107 101 2 80 126 6 67 79 102 69 96 54 111 65 86 28 96 121 66 123 68 124 49 25 71 16 49 119 53 104 32 109 16 98 23 107 124 6 40 84 27 55 121 95 69 107 9 38 119 38 73 114 98 17 61 98 118 44 67 1 83 93 50 67 18 61 20 64 91 100 75 43 75 104 80 41 112 53 8 11 121 90 122 84 26 113 64 103 52 83 102 89 21 90 73 68 105 98 24 60 113 66 11 113 57 61 13 49 112 1 83 96 30 79 83 32 67 17 9 113 65 94 64 108 109 16 111 103 15 89 91 118 110 112 56 28 81 42 29 109 87 77 30 71 58 90 95 58 8 67 83 19 47 24 76 78 12 44 44 19 93 84 74 114 109 91 103 28 112 26 76 28 62 125 29 90 99 50 49
21 3 116 70 63 15 81 105 43 11 6 33 11 74 85 123 8 33 67 104 62 8 92 104 120 91 100 17 64 57 13 84 122 88 17 61 64 41 113 76 6 98 39 6 76 118 68 35 28 61 57 70 122 95 118 60 118 85 50 122 7 43 6 18 109 125 92 61 57 78 100 111 64 115 31 48 53 73 81 32 36 63 85 78 35 118 43 101 26 26 42 119 109 119 6 92 121 121 85 23 49 52 113 26 101 121 10 112 32 98 113 50 54 83 83 12 4 121 110 68 102 16 17 57 18 73 67 114 68 101 26 1 116 11 23 49 23 111 2 125 22 107 72 64 118 13 112 7 12 98 59 117 43 53 95 5 66 37 48 22 42 70 17 25 37 33 20 20 74 126 20 23 74 23 14 13 116 8 34 19 52 107 30 33 38 62 80 40 108 19 69 87 39 60 100 53 57 3 54 8 18 44 28 104 4 89 95 58 23 92 1 44 36 97 119 56 10 96 108 4 94 48 106 96 84 19 34 4 121 5 27 68 53 63 112 82 54 0 20 115 8 21 110 74 29 24 48 105 39 80 113 53 95 96 100 119 24 29 125 71 103 82 58 92 53 111 82 43 16 58 93 86 92 81 64 109 90 120 10 64 100 4 85 50 26 110 34 125 12 99 48 35 65 8 43 67 31 62 59 60 24 23 41 35 102 102 82 65 117 100 110 62 121 32 72 51 10 117 39 17 11 87 114 70 81 2 31 72 114 80 89 100 90 98 27 31 103 96 19 92 22 34 16 56 51 61 82 118 66 5 15 6 20 88 119 11 55 49 78 8 21 39 49 61 40 4 49 21 120 5 6 88 47 17 87 119 100 105 96 33 126 62 126 8 36 60 8 103 18 72 6 77 11 0 57 14 14 90 87 56 87 34 18 88 30 7 31 65 119 105 68 16 98 113 73 101 68 44 83 87 38 32 119 41 71 23 89 49 6 21 120 102 96 124 118 63 103 113 20 99 96 103 0 104 97 0 117 85 87 109 36 73 26 72 110 2 119 106 59 98 27 58 61 40 90 14 48 124 100 78 118 124 37 101 53 27 14 106 16 104 34 22 23 33 85 125 123 96 1 113 108 123 58 22 41 46 107 102 74 54 35 50 66 4 53 61 73 75 31 84 26 86
124 77 119 44 79 39 124 85 12 56 113 74 103 52 89 126 93 2 18 37 29 110 103 114 87 65 28 94 112 22 4 46 57 63 81 56 47 110 10 64 20 30 49 62 51 15 122 64 103 33 116 3 122 61 1 23 104 125 51 86 15 125 15 59 126 126 103 71 120 109 40 47 72 38 77 34 2 27 99 116 111 0 118 117 35 71 125 115 23 26 72 103 8 57 13 111 24 4 52 115 61 50 53 113 1 105 108 80 39 29 28 45 119 103 22 12 69 6 43 0 114 12 62 113 104 48 60 123 90 91 6 43 16 111 91 69 42 106 82 3 54 54 64 78 101 63 27 56 48 7 99 29 8 103 0 21 70 38 25 36 89 33 63 47 90 83 44 18 87 37 54 37 24 79 109 85 63 73 60 38 67 92 55 88 90 17 85 77 124 120 4 73 73 25 109 43 98 34 1 121 52 87 93 68 14 81 124 5 100 7 74 47 2 39 6 74 80 20 10 99 115 37 82 117 44 114 68 99 64 112 52 53 117 70 97 38 106 26 30 4 30 122 51 92 55 117 13 89 75 14 50 70 109 51 61 69 27 52 29 114 64 49 1 22 123 67 30 29 98 79 101 86 13 58 102 26 15 48 79 73 126 99 1 57 38 117 113 102 104 65 29 66 51 84 121 21 13 0 98 29 110 123 11 7 21 46 117 116 63 64 10 83 20 14 49 73 124 57 123 36 23 19 79 98 30 75 54 65 74 90 103 79 122 22 53 32 121 6 18 21 93 91 126 98 75 102 124 122 5 32 63 28 91 35 102 38 102 37 31 92 78 64 54 8 21 44 94 29 51 76 58 73 91 13 87 24 39 15 123 27 58 87 21 22 124 115 95 63 88 108 8 23 96 43 17 11 125 15 111 6 95 122 124 37 45 62 116 74 101 38 119 19 3 91 59 1 117 31 12 108 56 61 66 108 40 29 41 14 118 84 123 50 47 26 67 51 69 106 60 28 2 26 59 103 74 24 85 118 87 19 86 108 68 0 109 47 21 8 86 33 93 84 84 42 61 47 126 4 38 40 65 97 34 106 31 111 115 75 23 57 63 39 66 70 125 56 104 104 1 8 17 98 91 45 25 94 74 67 64 18 61 23 80 114 103 85 14 24 113 123 4 99
44 25 56 100 10 121 39 22 18 63 15 53 42 27 122 11 57 24 64 107 106 12 22 20 67 41 89 59 113 21 28 57 104 119 9 80 27 77 111 43 89 96 108 38 109 56 63 92 33 86 51 30 99 54 60 104 73 103 83 8 56 5 36 99 112 77 40 52 14 120 84 91 112 25 96 97 102 88 77 125 43 24 65 107 84 48 13 44 113 52 61 77 101 95 7 22 51 35 99 121 118 14 4 122 123 34 99 19 90 125 58 40 20 79 32 84 10 90 41 16 43 72 122 6 125 60 37 27 68 76 40 83 16 16 117 1 107 60 25 94 114 126 25 6 65 6 29 93 103 65 37 76 0 30 76 126 61 53 81 89 38 107 79 10 102 1 7 63 100 2 80 80 106 56 65 56 102 16 87 106 84 92 93 103 29 111 111 7 116 97 107 33 33 48 47 119 98 105 70 15 104 35 44 43 37 77 71 47 0 8 3 61 94 36 17 92 111 62 49 5 29 54 23 65 113 33 60 16 64 78 73 4 101 40 29 0 47 80 121 117 124 49 70 61 112 17 17 123 37 93 56 111 126 39 36 44 104 31 36 116 85 88 82 104 41 62 40 49 92 122 63 32 106 50 64 4 56 126 9 21 113 65 94 63 70 60 118 23 47 49 2 23 122 117 31 90 45 41 83 14 120 108 50 61 124 60 112 101 24 45 97 24 114 27 24 83 18 122 31 30 103 96 31 32 11 18 123 53 57 123 15 71 109 54 20 25 70 2 30 43 44 90 52 10 120 24 119 10 76 96 42 40 43 87 75 29 0 125 91 26 59 22 69 6 85 110 3 3 117 71 54 58 92 32 92 28 53 32 43 110 12 26 99 37 119 66 124 48 54 108 116 66 111 113 79 19 107 107 55 123 93 14 86 113 42 5 22 111 64 4 126 18 24 48 100 49 82 110 110 47 111 2 2 22 51 47 9 110 69 25 82 11 6 96 33 26 0 105 10 120 44 41 47 95 107 78 23 120 19 64 126 96 18 106 33 119 94 52 42 79 46 100 21 79 54 66 10 66 37 24 47 46 89 5 59 26 124 114 78 78 71 76 117 88 79 62 110 39 86 76 18 39 89 95 46 102 97 119 96 37 110 78 16 90 94 56 11 48 100 60 85 35
71 52 71 63 58 1 123 27 40 104 87 118 81 102 114 65 29 74 62 13 56 79 99 67 27 44 19 63 22 111 81 89 43 64 96 103 70 101 84 114 34 10 1 35 78 12 28 93 124 16 57 116 16 87 28 56 28 56 50 103 24 102 12 126 19 118 46 58 92 122 115 100 99 30 2 44 56 63 94 110 70 90 15 8 110 71 33 75 6 119 34 10 19 116 27 37 31 46 100 120 74 33 51 94 79 32 98 109 47 108 46 35 51 54 84 107 86 28 53 8 68 45 71 18 14 2 52 8 101 89 72 47 55 38 22 53 27 78 89 60 9 2 34 27 104 15 53 114 33 91 93 90 101 69 106 81 52 122 66 21 123 66 52 73 116 48 11 108 57 118 94 22 20 12 72 39 90 57 15 78 87 54 30 44 125 124 119 25 108 72 107 50 7 29 31 32 90 2 88 10 52 88 39 106 3 73 82 59 38 6 92 117 83 75 23 114 14 3 27 11 79 4 96 100 55 59 74 105 122 121 95 115 117 58 57 87 55 4 3 4 104 34 82 91 109 74 22 14 31 114 9 36 51 16 57 42 37 86 36 17 24 106 122 94 5 83 78 36 75 90 60 24 105 19 53 97 9 48 54 112 101 113 30 35 29 118 116 121 97 54 55 11 103 73 57 28 96 76 51 81 26 1 120 12 2 100 84 55 70 75 36 91 94 104 82 48 13 94 86 109 18 113 124 79 60 4 80 33 109 83 118 27 5 72 97 84 71 11 76 76 15 77 65 63 54 31 36 126 109 25 17 77 59 92 34 77 79 13 49 22 74 96 54 2 124 13 47 98 101 28 66 86 9 15 8 73 119 58 95 118 120 51 9 62 57 76 110 64 37 77 13 116 2 1 106 26 118 68 34 120 113 8 32 56 70 101 34 120 24 51 24 8 31 43 95 104 103 118 48 12 33 101 69 67 117 75 20 49 18 107 19 120 79 43 123 30 23 122 98 0 102 0 100 73 84 85 63 119 22 51 62 45 15 25 116 58 27 68 41 101 86 103 125 116 111 16 59 99 89 35 32 51 38 37 117 81 42 103 88 87 16 86 1 62 106 4 54 53 92 12 78 87 72 99 86 33 57 72 68 13 73 84 63 97 108 49 88 114 17 19 20 78
2 123 107 73 100 99 52 1 22 80 40 93 111 95 5 86 18 123 18 114 44 48 80 32 60 103 105 68 92 95 102 35 53 82 104 98 0 124 51 58 65 5 121 10 113 87 51 102 22 30 53 39 111 40 111 24 114 20 88 55 119 43 34 89 17 66 33 64 1 49 76 98 58 106 78 19 33 30 31 54 72 18 125 26 33 15 121 81 112 48 53 32 27 38 19 16 0 74 22 110 49 100 24 58 67 112 55 22 38 111 19 42 63 28 38 1 122 111 32 88 22 37 117 74 26 52 17 19 37 25 4 93 68 21 43 104 26 94 64 53 79 91 120 36 97 61 54 73 91 93 20 71 122 108 1 82 64 74 100 97 111 110 39 91 47 50 1 64 85 94 70 90 114 63 49 57 49 62 120 30 103 80 58 104 64 35 26 67 126 58 71 78 63 101 46 58 80 117 100 116 107 11 97 114 30 27 109 32 104 52 108 122 9 56 120 124 71 84 17 53 56 45 106 87 77 6 1 49 38 94 84 6 72 101 73 29 52 18 83 123 28 110 13 7 67 104 83 46 26 70 54 72 97 88 47 38 103 53 67 2 123 53 67 74 115 98 109 32 90 31 82 119 103 29 54 63 9 79 42 9 21 85 67 49 69 46 41 102 87 47 94 11 107 49 31 8 4 5 68 25 32 7 93 125 52 83 121 68 56 0 75 105 111 42 69 32 102 80 105 75 108 51 26 73 69 63 32 92 101 75 51 46 81 49 68 0 88 6 54 45 4 70 33 110 66 56 83 55 16 0 34 104 43 122 43 92 111 95 36 20 109 121 110 86 68 2 67 4 42 67 57 55 105 103 63 106 124 7 15 64 93 87 69 96 50 41 92 1 72 63 33 53 94 80 27 39 84 75 103 5 118 78 100 55 110 75 18 117 108 8 76 97 103 1 96 17 9 68 125 57 33 52 80 63 109 67 103 90 73 59 43 112 40 98 47 111 59 46 43 39 6 81 101 84 108 78 111 78 93 88 5 68 44 10 105 30 1 110 75 20 2 43 105 61 68 110 34 111 34 107 65 37 104 45 117 70 116 101 42 88 29 106 47 63 77 41 48 29 8 73 108 115 91 52 46 27 101 72 61 51 25 87 72 10 102 92 8 110 115 107 47 2
12 114 79 64 85 83 112 95 98 82 99 29 89 100 108 119 113 74 115 53 71 49 74 66 22 105 53 20 49 78 31 113 44 15 126 83 98 68 30 46 120 50 91 95 104 88 69 101 10 107 30 12 12 111 122 15 89 112 19 92 57 94 116 120 56 86 11 37 43 125 104 109 74 34 121 89 98 33 8 32 28 71 63 96 8 75 46 91 63 94 96 8 56 120 82 41 120 12 6 20 126 104 69 117 74 63 113 100 79 10 78 92 74 51 48 63 60 34 93 28 78 2 41 61 112 37 118 31 96 66 4 12 92 47 2 46 32 3 118 119 88 122 79 96 42 19 68 50 58 19 24 30 48 2 110 78 29 66 124 43 28 106 54 98 109 23 6 65 93 87 52 123 119 103 78 70 120 15 95 123 80 64 85 126 89 12 117 37 63 82 43 114 122 2 14 81 78 126 60 98 116 70 50 70 118 105 3 109 117 14 110 116 105 37 16 56 74 110 56 84 86 76 115 75 96 8 27 118 117 94 110 8 55 119 112 10 70 79 78 115 46 51 59 39 63 109 46 118 1 60 39 95 55 64 83 58 12 124 92 28 87 61 12 85 73 24 34 80 77 43 37 77 86 1 42 108 77 112 90 62 105 79 10 42 6 81 11 80 106 99 106 15 58 67 12 24 8 30 111 85 111 74 107 74 6 65 32 70 54 79 39 40 121 73 59 75 57 16 118 41 34 72 15 76 83 109 73 8 97 28 31 92 34 123 69 5 11 59 103 7 37 28 23 104 109 47 31 63 1 8 30 105 90 20 78 72 59 70 78 87 60 90 64 23 68 29 56 12 126 114 19 30 62 44 95 48 23 78 69 89 105 112 90 10 13 40 18 97 65 53 63 67 15 26 60 33 115 117 3 60 73 104 89 21 80 86 97 38 75 110 80 19 123 103 27 114 7 10 33 30 99 94 52 92 71 90 67 116 8 120 35 0 69 97 27 1 85 33 34 123 110 125 107 77 44 57 121 108 105 118 99 94 84 126 86 39 105 50 47 42 60 125 89 88 10 92 12 82 38 103 66 97 16 73 111 36 67 92 43 51 52 3 58 112 68 19 74 97 105 125 111 7 28 31 70 104 121 32 90 123 42 108 12 43 84 50 38 66 63 32 35 27
48 105 68 58 116 27 8 62 101 107 22 4 6 32 116 4 15 78 31 27 13 94 21 81 117 69 74 56 83 12 79 81 95 11 105 112 3 103 47 14 51 31 116 107 89 63 58 52 114 118 40 68 24 20 20 75 109 36 113 63 20 52 74 59 97 96 95 99 33 87 18 100 85 49 109 60 87 12 76 7 3 84 18 12 61 90 105 53 6 62 65 41 5 17 102 54 99 12 121 79 71 70 5 28 64 47 92 103 78 85 42 71 126 22 100 76 2 111 10 11 3 19 5 124 94 93 112 112 3 119 86 80 109 1 88 50 101 32 91 100 20 58 20 75 42 106 101 14 9 52 39 34 59 68 78 59 93 119 0 91 56 122 9 99 70 2 11 50 100 74 28 19 76 4 114 100 93 78 83 75 26 112 35 46 55 124 98 68 65 117 85 114 25 81 70 111 28 109 49 100 10 68 100 19 108 12 95 44 120 9 3 91 20 64 9 65 76 2 108 91 65 17 21 107 83 123 13 22 67 4 74 120 71 12 79 75 68 95 19 72 62 16 115 115 10 98 120 87 84 73 4 11 2 112 37 17 16 94 14 50 62 0 95 12 23 49 45 34 110 99 67 121 116 37 80 47 24 5 63 34 71 10 36 50 91 43 95 25 60 55 86 122 99 58 61 22 92 6 107 61 63 72 8 24 117 125 30 126 85 111 78 56 83 6 54 126 54 78 75 46 40 77 46 32 89 123 111 24 26 113 29 25 2 93 106 81 120 39 116 96 17 56 18 12 90 59 18 55 121 0 50 20 102 78 5 126 2 100 31 21 123 118 52 43 62 57 51 33 112 96 81 90 7 116 86 89 95 63 70 125 30 117 22 74 53 6 74 28 23 11 98 46 85 21 104 27 58 51 58 48 21 114 122 105 93 53 10 55 87 103 85 58 84 95 10 34 48 83 5 6 33 45 100 32 22 27 61 105 41 43 18 25 51 62 109 97 99 27 57 60 92 117 62 125 44 92 69 30 49 21 122 11 33 34 61 112 23 3 49 89 80 30 11 87 108 56 71 37 110 39 105 94 32 114 78 17 125 66 102 116 86 113 101 27 125 58 78 56 104 7 5 101 95 29 15 105 118 12 8 30 81 85 36 95 41 23 52 63 51 104 29 85
115 57 64 91 2 25 37 56 123 112 118 20 81 114 2 77 118 55 65 89 104 119 41 57 67 103 77 122 113 64 126 49 33 116 124 3 40 27 52 77 69 89 113 74 37 99 51 16 126 36 124 123 71 104 35 82 44 61 96 106 1 60 28 11 77 69 44 4 116 39 81 79 97 119 102 38 85 118 64 114 49 47 121 72 83 125 113 48 51 19 88 107 64 88 108 84 109 91 122 55 61 82 51 96 93 100 25 60 88 29 89 77 34 48 111 77 44 5 49 50 0 40 125 88 33 44 27 94 18 100 42 126 111 59 94 5 12 28 44 65 50 13 69 40 8 80 46 19 97 109 69 10 65 38 55 3 42 55 23 2 60 35 37 69 108 40 48 112 39 34 39 111 84 5 86 111 82 105 123 19 118 44 37 116 13 114 80 109 124 108 29 38 15 87 27 1 58 93 17 4 121 112 32 15 105 126 18 103 115 80 66 11 97 125 85 48 49 117 8 62 84 33 83 96 3 10 61 39 62 90 25 12 0 13 56 126 7 110 39 42 120 46 79 7 104 125 8 3 37 117 89 17 42 79 76 125 105 7 33 59 86 109 103 95 62 84 63 124 62 92 104 48 60 94 69 88 39 36 123 60 91 40 13 103 56 126 85 124 77 106 52 0 52 69 90 113 77 41 109 118 71 99 30 79 67 24 82 32 28 23 115 109 98 82 95 88 91 95 42 124 20 112 5 94 37 21 40 16 116 91 40 51 40 26 66 3 48 82 123 86 69 120 6 62 95 34 113 28 18 22 118 19 31 90 50 63 54 119 56 24 89 69 3 123 18 94 69 110 16 35 109 17 67 27 20 44 98 59 23 14 126 62 21 98 61 34 12 48 42 69 13 89 51 75 17 74 61 6 75 47 63 67 32 66 53 121 25 61 10 126 125 119 113 15 112 109 6 104 125 66 87 47 42 111 1 85 115 21 6 117 83 22 60 118 55 0 23 20 35 54 91 61 64 2 80 84 55 67 105 95 53 117 102 101 79 63 77 98 120 105 100 101 103 48 29 103 21 54 55 73 106 52 26 8 41 54 102 65 77 51 49 78 18 85 97 76 36 19 23 21 21 76 70 34 8 119 5 73 0 26 8 103 121 15 86 84 73 109 88 65 67 24
124 80 6 112 60 116 98 23 30 125 30 111 34 16 12 57 106 105 30 124 121 38 6 15 53 89 79 40 35 78 27 11 67 73 122 32 51 86 70 97 69 109 72 70 30 91 88 49 13 34 3 84 112 72 47 63 111 114 69 89 118 122 21 40 114 49 119 46 83 65 7 74 6 41 13 30 91 59 26 71 49 108 63 102 71 89 60 114 46 44 92 92 41 16 95 81 79 91 18 41 80 105 61 100 86 42 68 13 0 51 45 15 54 1 39 10 111 85 57 83 118 115 68 68 28 37 50 76 126 62 122 75 25 36 25 9 93 62 65 86 79 38 117 43 7 51 90 40 50 119 21 12 74 126 71 44 18 124 116 79 76 66 64 62 18 3 26 62 62 43 13 2 62 84 86 27 52 95 32 28 96 98 43 102 48 70 32 24 72 87 24 101 58 104 19 61 25 48 123 34 122 5 77 68 31 58 118 55 87 40 1 81 106 119 59 57 102 72 58 53 65 10 94 93 76 55 10 67 63 21 82 58 108 112 69 51 73 112 120 122 26 119 95 94 90 105 58 11 59 47 12 104 105 86 92 4 38 57 113 48 72 33 35 59 88 112 66 81 104 76 106 71 115 2 125 108 53 58 11 33 36 83 63 51 100 114 122 83 95 91 58 71 74 58 117 51 52 74 0 32 104 69 45 67 20 121 81 105 67 118 98 117 104 73 38 50 76 40 83 55 123 93 88 103 101 114 119 51 25 56 74 64 89 8 69 114 118 96 108 40 92 95 66 107 8 20 50 122 88 51 104 109 23 117 66 61 59 13 29 70 67 48 69 84 86 93 108 51 46 124 64 38 44 28 70 94 57 8 55 114 19 33 79 123 27 27 35 44 88 84 118 73 68 115 22 74 1 0 25 36 8 107 113 11 81 86 82 47 21 36 109 56 37 55 44 93 121 86 31 2 89 49 52 21 22 5 1 56 55 22 75 52 89 68 51 19 33 58 31 95 85 7 12 62 35 82 51 11 122 10 103 71 11 120 65 40 20 5 11 108 2 72 38 43 98 39 8 9 120 101 39 22 105 123 51 68 46 48 95 25 70 73 3 76 98 89 115 40 11 18 100 53 121 52 25 115 23 8 40 53 23 122 19 91 71 77 112 122 80 100 41 3
58 122 46 28 4 71 77 42 118 2 16 38 30 115 30 50 32 35 126 125 109 70 110 57 75 111 11 4 47 67 90 89 18 46 42 6 41 15 19 31 28 121 60 42 51 20 44 38 52 36 58 10 73 16 98 12 1 24 9 19 38 38 30 45 64 36 85 13 36 91 27 94 7 122 119 67 16 53 24 45 75 81 65 88 43 68 49 92 115 22 109 46 59 96 62 74 44 112 76 74 122 21 10 83 63 93 97 26 100 109 72 3 108 22 4 86 115 48 10 56 34 92 1 123 95 100 89 99 27 56 106 31 12 84 13 55 58 42 58 116 116 113 86 60 33 55 105 70 87 41 78 111 108 71 60 114 105 60 105 107 86 81 83 126 113 103 97 43 21 57 109 119 31 33 69 74 65 121 0 1 33 60 58 86 121 25 48 29 92 52 59 43 62 83 116 58 47 89 57 69 65 1 118 53 98 122 120 50 53 92 124 50 123 14 63 98 106 123 80 42 68 96 96 21 94 60 94 118 53 1 100 44 125 105 115 61 118 42 1 109 4 120 99 113 73 62 73 72 60 31 110 78 96 93 3 41 42 58 67 83 12 62 7 41 20 118 72 40 17 66 88 59 9 39 113 110 45 84 47 95 84 13 61 82 24 32 29 30 52 84 57 121 96 13 115 29 101 110 53 21 64 64 80 54 48 47 118 116 67 86 78 24 47 113 90 33 19 78 7 76 121 47 102 49 47 19 66 122 32 1 93 25 12 72 96 117 18 121 89 124 48 62 28 124 30 33 18 44 21 55 110 4 55 42 57 23 8 81 116 51 69 28 117 50 116 75 18 39 104 90 106 77 44 100 89 93 5 10 38 104 89 17 12 94 45 54 95 69 33 69 84 115 100 84 75 124 40 76 37 77 0 111 108 122 28 32 123 27 49 122 100 98 58 33 19 100 51 42 28 52 97 98 89 58 76 104 99 110 45 44 28 6 42 95 83 122 112 0 114 121 4 94 59 36 98 49 110 84 38 31 69 15 81 69 98 31 75 4 90 118 83 37 83 27 123 95 109 23 46 126 38 55 11 10 4 80 70 39 115 60 64 116 42 38 36 98 31 104 126 49 27 32 104 16 108 123 103 121 47 29 65 54 70 56 0 106 71 60 74 77 53 24
120 75 19 69 26 15 49 48 117 66 73 26 84 62 14 112 91 125 121 15 9 80 7 109 106 53 66 79 24 15 126 7 111 115 61 31 104 70 97 87 84 4 63 40 103 46 115 72 81 97 71 36 118 16 63 35 82 124 23 60 22 50 31 44 40 12 120 28 34 80 3 39 32 121 8 94 74 69 88 117 29 118 17 85 2 123 112 90 36 41 93 30 101 20 66 7 108 18 59 29 84 30 44 0 50 100 98 98 28 102 78 60 80 59 123 43 50 38 96 102 36 73 65 114 113 100 64 60 43 65 124 56 11 41 56 22 50 59 3 23 119 114 69 80 14 25 78 59 42 91 31 66 109 58 49 17 80 1 44 85 38 126 19 55 88 121 42 89 99 98 126 113 66 98 51 123 43 70 38 41 31 62 96 79 52 81 73 105 1 93 27 38 78 100 8 31 90 16 70 103 35 107 23 37 101 10 47 17 35 102 102 70 19 60 8 124 53 34 44 94 83 56 72 71 95 52 39 63 46 22 51 38 11 107 89 94 30 95 114 125 44 57 63 47 107 1 52 113 44 2 97 48 34 109 83 44 55 20 27 27 98 48 109 68 73 17 54 59 60 17 36 23 7 37 40 106 52 119 2 23 51 32 9 22 72 120 79 100 51 115 108 77 122 25 58 102 101 68 57 16 29 49 5 75 111 100 5 92 97 90 71 119 110 23 92 11 118 48 104 62 21 80 110 112 71 77 70 92 104 13 68 67 31 91 78 78 63 68 95 80 89 40 120 2 73 120 70 13 18 116 47 81 72 79 66 18 122 85 58 66 56 68 54 75 52 0 95 31 125 70 17 0 75 92 35 30 89 76 70 16 18 44 111 53 18 27 22 32 114 88 83 96 71 14 60 99 81 119 19 90 54 22 107 96 16 99 112 23 29 43 6 94 0 37 125 125 5 126 57 89 65 79 85 51 48 61 52 67 120 76 120 0 67 108 32 57 10 51 55 8 108 105 59 118 83 86 88 17 28 5 103 66 105 0 36 40 107 59 46 75 43 20 53 2 68 54 90 53 13 47 12 46 23 24 13 102 80 0 62 65 89 65 6 80 10 23 79 99 120 121 112 95 9 34 73 93 110 76 119 117 72 77 92 123 46 29 47 87 20 92 114 117
14 68 83 107 24 28 85 79 105 16 54 102 112 48 40 47 16 55 118 0 53 64 108 114 115 104 41 115 9 108 39 41 55 0 54 98 117 32 90 80 68 73 85 73 90 9 1 77 34 110 5 11 60 93 0 50 25 104 27 96 92 10 28 93 51 13 50 10 48 38 66 105 79 86 96 70 86 92 50 122 32 51 75 93 94 97 0 82 5 76 116 8 82 66 40 30 50 83 122 104 14 110 70 14 67 48 84 25 46 80 66 51 14 112 18 73 52 19 86 17 92 11 14 107 126 31 72 17 17 35 56 78 92 5 37 98 104 119 21 59 91 63 118 88 80 124 92 47 109 81 79 32 121 57 17 15 10 74 119 51 107 66 75 119 124 37 75 115 120 58 5 95 27 39 104 66 78 52 109 48 23 72 1 7 83 113 59 111 81 98 81 89 86 68 54 11 109 31 25 68 28 48 119 47 74 6 122 74 75 123 52 39 117 123 93 13 101 75 99 6 91 121 6 47 101 79 1 58 110 88 53 16 29 79 2 87 11 50 45 88 86 65 24 78 119 29 8 57 5 103 12 73 71 105 9 119 103 53 16 16 56 44 7 118 32 23 14 66 3 75 100 79 96 47 42 93 57 41 96 27 121 19 89 79 111 66 110 45 16 2 122 39 64 13 74 111 61 70 98 49 111 104 72 124 51 39 62 26 46 58 22 27 18 103 123 114 110 122 68 68 100 55 105 8 86 100 49 83 68 61 99 88 119 116 69 44 74 1 10 91 9 126 65 23 118 65 13 26 21 18 122 9 30 75 54 90 77 112 41 107 8 42 7 67 50 120 8 77 32 9 56 108 108 63 16 10 39 112 44 87 12 27 2 113 65 32 32 67 54 44 54 7 59 29 21 68 113 37 37 71 103 123 70 38 84 46 39 0 7 55 66 50 78 10 85 11 89 94 33 74 107 5 76 20 36 18 72 10 29 108 51 67 108 37 18 25 71 85 18 121 123 27 22 72 62 4 117 2 90 71 67 55 93 68 9 115 38 19 28 56 65 119 6 7 26 44 16 5 88 55 98 111 18 108 53 97 98 110 88 53 112 27 116 100 38 125 8 22 15 121 106 27 33 32 101 92 64 82 1 29 67 56 26 105 114 27 15 124 111 126 49 118
69 35 75 97 17 41 97 95 78 103 88 89 113 73 9 91 115 65 79 92 111 4 60 67 15 82 65 25 111 0 2 27 47 50 62 99 6 85 2 8 11 62 98 69 36 20 12 59 27 23 24 9 79 77 63 12 49 53 108 11 72 49 24 43 107 88 44 13 125 95 15 33 61 78 3 85 95 7 126 85 0 87 117 75 48 58 23 50 101 52 38 17 78 28 87 100 116 50 48 102 63 31 17 57 110 19 61 36 37 96 94 42 107 123 59 67 82 21 103 105 21 34 8 27 79 111 25 29 27 19 90 66 25 30 6 108 121 35 20 112 57 83 0 62 112 40 10 24 108 0 12 5 34 24 103 14 81 34 50 41 45 57 97 19 74 37 9 73 77 76 120 49 84 68 80 123 122 79 34 96 113 71 105 108 125 36 126 94 15 93 44 116 99 124 50 55 13 61 44 19 92 40 5 27 8 95 65 24 111 122 112 102 14 107 92 80 30 93 115 26 94 122 14 61 45 80 74 106 52 11 24 22 53 78 43 104 91 7 93 53 47 63 39 70 52 73 60 111 74 17 23 23 7 44 6 6 21 2 12 58 95 6 12 33 27 32 119 69 66 116 113 38 118 118 26 91 0 63 114 77 86 33 110 112 111 24 51 20 75 116 114 17 117 75 46 107 36 26 18 3 14 58 80 5 55 17 60 32 93 29 47 107 126 34 14 76 44 49 46 39 81 121 42 93 90 97 79 82 7 10 115 85 7 77 96 126 99 43 93 96 33 112 27 16 42 99 102 103 0 27 103 30 17 56 92 98 8 81 113 70 114 32 87 85 108 57 86 112 83 89 49 48 20 101 92 45 54 59 71 112 93 79 68 8 63 2 37 117 35 91 12 71 84 32 62 85 36 101 79 108 119 110 111 8 116 94 105 104 118 103 124 99 70 5 74 44 71 1 78 9 32 74 69 80 47 11 15 16 5 4 54 73 93 29 113 79 119 94 96 7 100 5 34 10 43 58 21 40 60 80 119 17 16 13 119 81 72 97 60 99 40 37 53 23 60 106 118 78 33 59 110 98 67 96 29 70 23 9 41 32 54 69 72 74 10 111 111 2 83 67 47 21 77 123 62 5 97 118 103 93 20 15 90 85 54 28 40 5 39 43 44 88
88 116 91 67 119 10 120 97 116 9 106 109 112 85 114 125 20 22 21 57 70 91 106 16 28 81 45 41 72 33 61 90 21 44 113 96 75 15 63 104 118 40 45 97 61 26 22 12 22 1 35 74 39 100 67 11 41 30 50 33 15 43 117 2 87 95 18 115 29 1 11 37 100 48 42 26 58 38 65 99 57 87 82 107 85 11 50 29 0 104 110 113 57 10 34 25 57 8 118 116 6 1 96 46 50 9 34 120 98 90 125 37 9 125 87 28 108 26 48 51 98 58 69 84 15 107 91 54 67 35 54 13 83 71 111 12 124 75 23 9 18 75 47 20 106 105 44 32 53 90 63 95 62 39 93 14 59 84 60 45 8 58 13 110 123 103 119 37 104 61 64 5 30 40 48 109 18 107 49 103 70 100 18 5 62 109 99 40 35 38 39 54 84 11 25 102 61 94 95 94 107 111 29 67 46 7 102 91 112 3 14 18 117 60 101 67 49 40 114 41 52 22 76 93 61 103 89 20 106 70 93 43 20 80 95 75 61 6 43 0 104 52 8 33 88 77 24 97 7 112 59 45 119 39 50 88 118 52 108 52 123 30 102 17 9 64 33 95 95 83 39 41 39 24 40 64 64 99 86 78 7 101 49 83 45 124 68 67 95 100 58 6 22 53 35 121 94 29 71 46 69 37 116 44 32 67 69 116 22 59 25 77 23 96 106 59 10 69 45 94 80 79 104 15 108 110 86 0 72 43 90 59 1 67 5 82 124 125 99 122 124 16 8 13 96 13 112 120 93 55 57 96 8 98 102 6 4 47 97 25 88 12 88 18 17 4 6 73 1 28 82 64 110 125 56 87 39 119 15 107 71 109 91 21 47 2 50 86 126 28 18 40 122 30 53 15 124 111 33 5 15 13 6 99 47 120 48 48 41 59 51 51 114 6 70 114 39 92 20 49 7 7 40 16 106 105 82 64 20 112 45 101 4 2 49 120 41 88 40 26 33 41 16 78 61 57 89 55 83 40 125 11 106 70 88 80 87 115 22 57 44 50 4 33 124 55 47 105 53 23 113 47 32 101 65 45 6 64 121 77 80 59 10 0 36 18 92 44 46 107 92 18 95 17 12 30 110 55 31 112 3 50 67 68 49 45 109 0 87 85 12 62
19 112 85 92 73 46 126 57 68 112 0 115 105 80 11 107 38 60 55 124 14 43 54 12 13 52 40 71 8 56 122 112 107 60 121 95 109 84 106 55 39 92 122 38 95 62 96 91 1 90 65 29 34 19 1 29 2 39 54 54 19 77 125 31 48 24 35 23 18 11 48 77 97 65 14 36 13 63 34 97 57 53 79 25 53 62 63 56 54 70 82 83 115 33 75 104 28 124 98 23 81 121 82 75 18 44 28 21 75 81 86 2 79 23 29 123 11 95 32 45 53 36 47 95 8 103 102 91 65 23 115 120 21 115 69 126 29 123 49 125 93 43 78 100 32 119 15 48 13 36 1 118 60 6 32 24 80 111 30 46 8 74 21 2 113 5 25 84 113 54 76 10 80 31 87 34 72 115 27 83 90 1 114 30 85 118 35 42 117 126 14 15 78 27 33 11 26 90 31 66 102 62 113 38 119 35 49 114 58 61 120 89 1 19 77 112 32 55 19 32 102 111 10 116 66 43 50 28 55 98 74 1 14 24 113 39 30 10 100 117 102 22 67 58 26 22 122 17 81 34 77 116 102 122 120 94 100 67 28 32 67 34 24 54 105 5 68 102 126 54 14 12 38 101 73 2 46 105 112 64 5 22 71 106 107 63 81 24 40 72 35 90 75 11 73 104 27 55 94 66 11 95 4 107 73 71 67 76 25 93 69 62 125 126 33 116 118 87 85 103 119 95 5 117 103 24 110 115 82 11 109 72 94 86 36 106 19 78 78 124 98 78 124 50 119 109 7 41 95 42 28 61 24 46 122 115 9 7 119 90 61 10 67 51 113 48 109 59 51 98 86 88 123 8 21 79 32 36 46 60 44 46 5 65 6 119 110 7 36 20 66 81 33 0 53 104 113 91 88 81 32 94 54 104 91 83 126 97 39 7 48 14 98 32 11 32 118 64 44 115 8 65 49 85 80 18 85 70 3 47 6 47 104 41 14 11 110 67 98 65 47 95 23 70 34 109 113 44 78 107 72 17 121 76 100 63 49 69 4 79 39 59 117 9 7 30 113 91 93 112 68 115 40 79 16 22 28 84 95 111 38 73 10 7 29 53 19 101 33 96 19 126 64 4 126 81 54 104 22 94 103 92 92 119 38 54 34 86 73 119 17 7
74 9 6 68 82 72 122 92 41 87 11 63 18 105 48 2 113 83 52 4 81 68 36 59 54 22 49 48 92 19 74 22 54 104 85 113 82 49 76 115 95 8 73 33 60 107 10 19 17 97 120 7 84 117 10 110 39 38 92 126 126 35 120 60 6 33 0 49 124 27 117 30 90 90 76 41 119 35 119 22 3 69 78 25 66 24 115 64 88 98 66 23 117 65 116 97 6 43 59 109 74 114 39 119 112 107 48 35 43 4 105 4 14 99 51 108 99 79 20 63 9 31 7 100 34 58 91 4 82 15 77 119 40 6 68 72 58 23 104 53 114 0 8 60 89 8 3 101 71 88 86 52 117 11 73 125 34 1 50 76 67 82 123 113 65 73 26 90 27 85 41 31 102 79 37 88 40 126 19 51 4 90 57 100 63 48 60 84 38 94 3 3 90 50 58 71 7 58 18 61 72 42 112 3 113 95 40 3 28 89 109 33 68 92 84 58 43 79 1 122 115 61 71 6 44 116 15 13 11 32 90 101 67 40 124 97 103 45 119 90 122 63 3 44 1 84 27 77 16 110 89 30 80 77 49 32 22 124 13 90 37 0 110 77 81 42 107 5 30 27 88 2 8 73 85 82 7 43 69 41 43 125 116 36 55 0 45 68 29 57 91 126 45 123 82 8 88 79 87 27 62 99 102 73 97 60 84 48 13 45 32 33 19 93 81 49 6 32 35 13 120 10 115 100 40 16 40 4 52 101 64 63 32 72 50 91 105 68 66 102 46 81 41 43 95 47 54 70 31 99 23 104 28 62 34 105 78 55 24 123 100 113 82 97 95 100 25 13 46 47 54 72 55 76 8 37 2 87 52 40 14 62 60 98 89 34 55 58 20 106 12 117 90 42 4 66 14 20 2 72 33 112 120 101 71 32 21 93 64 42 120 64 52 42 9 89 70 116 101 103 27 70 20 107 42 98 49 87 111 44 102 15 99 114 21 30 114 108 85 83 90 3 79 81 95 80 31 61 40 116 38 49 86 33 65 66 104 78 47 93 89 11 82 50 5 101 29 95 26 34 66 105 24 72 106 28 81 56 101 56 95 34 67 77 3 27 1 77 125 68 113 68 55 92 106 22 40 77 49 83 84 66 21 31 26 95 123 62 44 31 12 104
45 2 7 94 126 85 79 109 44 89 46 29 54 7 15 47 67 55 33 82 55 96 101 11 39 20 28 9 71 99 92 90 103 46 67 32 39 33 99 74 34 2 40 57 69 52 16 91 96 21 58 60 115 37 47 41 120 22 40 20 66 84 17 105 27 121 3 96 101 114 19 97 70 117 81 22 61 35 59 14 47 101 92 69 16 27 91 124 63 38 28 124 48 50 66 68 107 67 89 111 114 121 47 1 57 112 98 104 95 83 74 61 17 10 65 7 13 49 102 113 109 119 36 103 50 113 84 8 112 25 111 78 62 62 80 7 117 118 92 38 64 25 95 47 27 89 35 87 93 61 30 18 1 2 32 108 23 116 121 40 56 5 15 11 99 114 118 26 108 65 75 87 1 34 103 18 33 85 97 50 71 100 65 49 79 6 118 11 67 40 37 5 83 32 98 113 12 116 91 11 1 12 23 121 6 113 94 33 102 82 35 109 40 67 117 10 17 75 19 74 17 76 102 77 74 93 37 17 37 77 102 81 120 11 5 86 77 17 60 89 89 84 57 9 107 65 27 46 59 77 71 93 101 84 28 11 91 101 42 48 94 107 27 121 82 77 29 59 88 27 74 14 94 71 79 9 58 118 71 86 21 113 105 47 80 31 7 108 27 19 31 110 36 96 73 45 95 32 84 48 111 55 21 125 13 23 34 25 30 27 106 118 113 49 63 113 96 103 45 79 59 77 97 124 112 30 68 70 89 39 90 48 20 19 78 119 76 111 114 6 1 63 3 57 44 53 25 80 20 41 19 72 45 118 40 20 4 3 73 93 18 86 17 96 26 100 30 7 107 33 8 50 73 1 83 54 30 60 33 31 0 31 66 76 82 114 81 123 86 56 4 9 52 33 124 79 75 60 88 54 17 2 105 95 27 15 124 120 109 112 107 5 105 19 35 36 10 94 32 116 75 21 54 55 9 70 51 73 77 80 106 0 7 52 123 46 36 42 31 64 70 90 7 124 0 27 48 124 108 101 74 115 53 54 60 52 15 98 115 75 99 125 80 64 91 103 104 35 74 84 81 12 49 117 46 122 121 121 79 39 67 123 34 90 46 104 36 64 24 61 64 107 118 18 18 123 48 5 76 72 52 46 125 96 104 21 77 15 93 63 1 4
28 10 2 126 32 96 79 95 101 57 94 77 53 11 19 122 34 54 58 13 36 61 102 42 2 28 116 67 69 36 51 71 117 83 96 35 19 31 126 92 101 87 75 89 81 48 41 39 113 63 23 65 41 38 14 46 20 40 69 41 105 41 97 115 23 74 25 62 89 84 113 8 95 109 67 50 104 3 64 41 15 47 33 65 103 82 106 94 89 53 103 126 94 118 123 21 114 93 18 69 52 126 126 102 88 94 8 98 16 41 51 37 48 70 41 14 122 65 92 8 19 120 61 7 102 73 2 33 106 92 102 112 79 14 3 67 78 45 73 22 2 14 81 94 22 100 48 77 0 6 94 22 2 66 14 113 11 31 48 80 117 9 59 40 9 124 19 13 90 96 6 91 24 22 102 64 7 5 31 33 70 107 120 72 74 75 90 116 60 72 29 17 116 84 36 100 51 88 20 49 5 77 88 0 52 123 18 10 34 87 63 19 86 89 93 64 12 101 5 20 62 69 82 125 48 32 115 126 5 98 27 109 123 5 64 124 34 116 45 114 105 28 122 72 102 2 31 37 11 31 76 46 43 82 86 79 55 53 91 57 58 18 115 22 67 97 122 124 81 14 14 59 14 124 86 15 52 43 36 46 59 83 63 9 65 27 22 1 120 24 3 101 92 92 23 51 112 28 107 17 36 103 81 119 64 61 53 3 115 73 97 72 93 69 56 10 3 102 39 117 81 8 0 23 46 33 22 32 74 77 87 42 13 16 125 58 84 66 32 60 109 16 12 5 8 62 112 12 40 13 102 102 92 89 99 30 83 75 68 71 110 99 1 90 71 100 8 116 8 43 123 11 86 33 55 98 3 30 79 87 87 28 111 49 43 69 22 54 107 48 23 47 42 10 73 41 10 114 69 102 95 42 89 76 74 10 34 27 16 14 62 105 74 113 53 58 24 55 97 64 94 33 23 105 70 13 87 75 70 77 29 68 104 13 37 84 117 77 30 99 56 75 63 101 14 122 60 11 51 100 76 2 96 106 90 31 94 34 7 28 83 30 8 57 12 118 120 59 66 111 85 10 0 90 76 116 73 123 57 72 4 100 41 107 70 6 39 49 85 28 115 102 7 19 77 8 104 23 33 91 120 14 57 75 91 3 121 1 11 122 54 113
44 71 93 71 15 72 49 36 37 34 21 100 86 30 68 97 35 84 108 102 10 33 70 104 35 40 51 58 88 68 23 93 29 66 115 62 13 16 16 42 9 42 73 3 63 114 56 122 70 9 112 71 122 37 84 20 13 52 114 87 126 71 58 57 28 9 25 106 67 120 116 25 8 96 77 94 106 97 31 9 21 25 3 72 62 5 20 119 11 49 4 11 10 49 88 91 11 91 97 46 1 113 25 97 101 75 122 125 20 67 0 125 91 67 79 72 52 77 32 64 77 66 25 99 46 31 16 58 49 122 35 104 12 6 40 78 40 21 124 9 8 29 126 73 23 43 99 24 28 27 4 91 5 38 36 29 94 76 119 32 107 49 88 67 116 0 50 103 119 27 61 116 37 19 82 86 22 71 84 109 98 48 102 121 123 13 91 51 40 38 70 32 41 115 0 17 42 26 18 46 51 119 33 92 109 63 16 96 111 65 73 88 14 75 25 86 66 77 110 76 90 63 14 76 79 10 35 75 122 14 100 68 98 126 38 95 77 110 115 121 90 14 32 72 31 25 115 70 54 91 5 53 78 30 125 64 32 15 66 1 66 126 60 115 46 4 97 73 68 2 109 43 116 53 114 98 122 34 114 31 78 22 70 75 45 66 63 121 67 41 11 111 90 121 103 65 78 89 126 16 57 121 45 27 48 34 18 83 69 112 115 46 41 9 12 71 37 69 116 118 81 12 35 55 28 69 124 110 84 29 91 56 84 6 50 0 20 67 77 42 23 98 62 16 20 99 47 43 85 86 44 31 49 15 18 15 1 59 16 69 87 85 5 117 2 108 0 1 76 99 5 114 114 80 126 65 112 58 115 78 69 125 55 74 88 99 24 5 92 50 44 121 125 60 66 22 112 58 75 4 82 83 86 87 69 59 118 20 103 89 75 71 8 8 39 69 1 121 121 58 125 115 111 2 44 83 40 74 88 48 123 7 47 99 75 78 95 29 32 109 26 28 116 68 66 50 56 87 33 7 56 82 73 107 102 18 64 75 121 13 121 105 101 107 53 15 11 27 57 62 39 79 7 41 106 45 120 84 64 97 113 59 116 13 81 67 28 18 58 103 105 38 14 121 11 109 60 53 12 72 28 39 124 76 41 107 61 13 107 125 100 97
98 92 87 64 105 72 123 71 120 79 24 113 36 100 69 67 117 81 62 26 3 66 2 10 60 26 126 22 117 89 11 63 124 64 20 87 54 91 84 73 99 55 92 10 35 62 25 12 63 105 99 51 47 18 44 45 120 109 30 56 27 43 77 124 11 86 42 2 2 35 71 118 95 65 38 123 81 8 20 62 37 110 95 100 84 46 33 91 52 93 121 123 56 82 8 25 117 93 6 110 95 96 122 4 122 126 15 114 39 73 30 61 20 58 39 23 57 41 23 57 28 91 92 109 124 82 30 86 97 14 114 120 115 29 35 65 64 56 47 95 68 31 99 20 121 104 116 38 51 108 20 36 34 125 27 48 113 61 58 49 103 118 39 59 111 116 74 52 93 99 60 94 81 6 74 112 5 10 91 27 61 54 68 126 52 67 108 54 87 64 118 66 40 84 77 63 9 9 84 66 77 14 23 65 40 119 44 82 126 14 71 52 68 111 92 29 66 113 8 101 84 14 83 18 119 80 92 76 86 48 81 78 27 34 94 63 53 54 105 28 103 95 80 78 7 87 30 44 12 5 81 33 80 111 29 23 51 25 117 99 71 69 42 9 89 116 86 110 100 118 37 80 9 48 66 43 88 19 16 26 68 111 68 49 9 76 102 8 50 28 11 87 35 58 64 46 76 99 3 56 56 88 37 23 81 32 40 36 46 47 35 87 95 78 89 97 20 37 80 90 87 61 54 21 28 47 63 56 49 119 33 102 100 89 118 47 65 89 7 121 8 90 21 4 47 18 20 107 4 87 78 79 41 68 115 126 119 5 30 13 13 68 48 47 124 78 84 93 88 97 57 67 115 81 118 67 39 69 6 112 25 64 64 39 58 79 103 112 104 81 81 0 13 12 108 22 81 1 83 9 93 120 36 27 101 22 81 86 120 72 38 64 83 50 39 11 83 112 18 36 80 20 53 111 22 116 15 8 71 52 2 87 91 21 99 5 28 18 56 28 58 74 63 86 117 40 81 60 28 92 4 79 91 76 123 25 122 51 95 98 0 55 108 126 73 85 57 22 17 39 99 47 87 30 96 92 124 67 53 12 113 44 83 103 49 23 63 120 37 104 102 107 123 31 111 36 86 64 3 96 30 120 4 96 5 25 55 8 45 71 107 72
23 40 92 25 83 1 53 23 37 12 54 57 66 86 119 104 52 77 33 90 88 37 80 23 48 81 20 101 7 50 62 85 80 31 111 43 9 95 76 37 85 39 49 27 29 125 87 111 61 16 44 30 54 25 101 38 4 92 3 44 109 10 89 107 102 4 67 7 58 78 19 47 56 78 109 97 99 33 69 50 5 60 49 104 74 1 15 30 99 72 60 97 36 121 50 101 62 55 1 42 6 94 122 103 118 54 44 125 26 120 67 99 125 53 68 8 84 21 13 10 4 5 19 97 60 109 109 70 31 88 39 71 52 83 23 16 3 125 30 66 58 50 86 123 114 12 63 4 102 98 46 11 118 17 17 40 117 44 14 32 89 2 24 76 64 9 124 52 63 2 24 86 11 34 113 4 27 41 12 13 57 47 74 103 64 94 4 120 10 101 27 39 109 3 47 9 25 104 116 116 35 87 22 44 58 99 17 50 68 26 48 68 89 23 78 92 16 62 93 97 35 12 53 111 34 95 46 1 4 45 77 15 65 29 92 7 46 95 124 6 60 106 5 53 53 20 22 6 62 100 44 31 117 36 30 101 91 28 56 115 92 58 12 94 48 48 26 119 38 32 102 47 111 8 58 0 63 25 79 25 82 122 7 51 79 76 99 107 27 89 110 116 97 99 68 64 39 122 88 20 66 86 121 15 60 24 81 73 26 108 79 76 70 87 126 125 9 98 73 54 112 88 76 73 104 49 82 87 115 115 35 111 6 19 125 85 107 59 35 114 19 100 105 65 24 81 0 59 108 5 126 89 58 13 52 50 126 121 16 111 71 59 81 42 87 114 6 72 68 110 26 89 104 13 26 70 96 34 107 38 108 55 64 16 111 8 108 26 119 27 38 36 101 55 110 21 43 3 95 70 0 1 28 29 13 76 57 81 125 89 126 68 100 66 88 17 102 108 73 114 112 66 28 96 62 58 121 47 123 80 94 50 84 116 42 40 10 17 92 71 31 120 96 73 12 52 79 82 106 14 105 25 30 50 79 37 1 62 109 126 108 13 91 30 92 113 87 54 73 30 110 56 121 78 19 79 84 93 75 14 89 74 37 3 51 92 105 78 109 39 98 18 90 110 0 73 46 90 33 106 17 13 24 17 76 0 57 64 34 75 33 41
102 123 80 40 126 64 20 6 59 28 23 92 24 120 25 86 92 60 37 4 52 22 22 77 50 95 91 86 18 113 34 77 55 4 99 68 7 75 123 21 41 23 99 77 57 33 48 42 27 35 109 110 23 116 125 125 27 25 124 36 9 13 78 58 33 9 78 120 33 31 44 121 84 87 13 31 89 103 28 118 52 75 71 112 115 19 15 119 28 126 21 115 60 57 28 13 53 53 118 14 34 16 86 57 3 62 71 54 102 75 1 62 84 8 105 34 108 64 71 101 83 54 62 35 97 0 18 91 67 90 37 30 79 44 72 40 121 125 91 71 88 24 56 100 14 95 115 107 102 42 29 114 11 76 43 65 83 78 30 91 111 19 111 35 53 74 54 82 66 101 103 95 16 121 96 55 10 120 23 115 34 35 13 17 101 85 109 117 124 102 45 69 68 125 61 59 21 95 26 58 46 78 123 36 21 35 122 2 118 32 86 35 33 93 99 104 28 18 9 100 40 48 126 105 6 96 39 49 73 58 22 41 59 48 62 5 38 32 109 70 3 118 67 34 37 111 74 48 123 122 76 115 34 117 2 114 17 63 83 99 39 1 106 126 5 124 45 120 25 111 83 2 11 124 93 3 55 105 11 47 50 120 58 51 87 112 52 21 3 102 41 23 61 123 51 110 33 68 80 78 0 78 40 55 1 37 14 25 54 61 70 20 111 85 75 123 36 33 0 20 50 80 112 117 126 48 121 94 50 20 96 14 13 5 36 120 0 52 40 75 73 122 109 110 82 94 115 56 97 47 33 91 63 23 120 51 32 90 105 56 49 73 111 121 54 93 59 113 71 118 77 88 64 68 93 99 94 112 59 98 116 10 96 108 93 6 47 101 61 33 52 17 124 6 108 103 47 65 64 43 36 22 64 97 93 108 0 119 112 54 89 37 82 68 106 92 122 114 35 126 96 118 23 64 94 49 21 59 48 9 84 69 51 17 56 44 63 56 86 114 35 49 111 54 38 79 54 12 18 54 76 88 97 60 76 29 115 21 39 111 106 109 96 23 95 13 0 58 25 10 119 83 33 45 120 106 109 9 117 71 93 56 31 66 76 6 42 103 118 38 8 109 84 52 46 31 62 27 101 45 72 45 124 69 27 108 95 60 55 77 46 38
52 116 67 121 96 91 93 58 119 32 77 27 108 25 101 35 92 113 22 119 36 97 23 19 23 72 89 15 97 49 6 71 22 28 121 50 33 96 116 16 7 99 106 62 30 114 7 59 46 37 66 88 107 86 103 52 23 97 47 45 114 64 27 32 41 107 70 90 118 57 121 96 4 6 113 23 11 81 76 58 51 78 106 123 121 38 68 90 123 22 79 59 108 118 42 10 84 38 54 12 114 54 8 65 59 110 66 115 125 69 103 101 48 84 59 61 19 39 94 61 39 60 81 37 58 5 93 48 111 59 57 122 76 38 16 52 78 90 3 56 109 19 117 85 100 13 59 38 29 68 13 52 28 117 114 79 56 67 45 49 48 102 74 61 118 27 9 35 117 55 35 112 44 59 108 26 92 124 20 76 51 95 114 119 99 90 91 14 107 55 54 35 23 104 44 45 47 33 50 89 103 78 80 43 54 33 58 88 81 122 126 25 50 109 21 5 54 35 119 50 6 96 97 97 85 14 6 7 92 103 57 90 66 11 27 83 120 63 113 86 33 18 2 46 71 38 15 92 83 64 43 119 67 45 100 71 117 105 55 18 108 23 82 52 44 9 32 54 31 61 93 48 105 84 9 65 70 21 120 98 39 33 12 76 109 65 100 14 73 47 115 25 10 39 43 84 91 74 111 122 20 88 56 4 9 69 114 92 21 15 11 68 62 68 32 19 107 83 74 114 100 57 79 26 76 101 116 111 65 15 11 125 79 65 75 118 35 39 23 44 73 48 115 86 89 53 60 47 104 50 107 15 110 23 30 110 61 108 3 14 35 78 22 77 97 23 16 8 104 94 106 114 88 52 122 11 1 35 105 79 12 36 91 37 34 113 41 106 7 12 40 15 14 14 97 27 23 124 80 61 119 96 98 35 124 0 90 123 101 24 117 90 68 117 104 20 65 44 45 120 66 107 100 1 15 85 96 40 105 27 76 57 29 49 79 112 34 56 52 79 51 47 125 56 105 3 12 106 108 28 106 14 109 110 53 25 106 94 69 51 104 82 37 45 44 73 64 13 126 89 22 84 97 124 37 35 7 38 93 71 31 117 23 116 22 8 13 111 10 80 25 27 88 85 83 42 37 116 20 115 83 20 84 103 10 56 119 9 44 121 13 48
44 78 43 108 102 47 68 82 20 123 112 38 105 34 73 112 78 53 71 66 115 63 92 50 46 55 63 40 96 55 84 19 122 70 42 52 89 35 91 76 0 72 84 39 19 20 25 89 46 98 80 109 122 100 69 122 108 124 55 8 116 74 0 48 92 115 22 29 121 119 107 9 68 7 123 9 33 80 13 53 9 67 107 89 13 34 12 43 10 105 36 124 48 73 58 77 38 109 3 32 64 94 7 67 77 38 9 22 29 125 20 74 116 16 12 60 74 19 25 90 24 31 53 25 79 27 72 125 51 58 1 85 61 8 19 5 46 89 92 16 123 121 111 14 30 75 86 122 0 86 120 30 118 66 43 3 32 101 94 73 14 105 44 29 120 104 119 52 110 15 120 37 102 61 26 14 99 99 52 49 75 27 75 85 90 64 88 86 10 22 21 87 104 117 65 94 13 104 63 15 11 88 89 84 126 53 23 40 117 118 112 84 76 36 104 63 99 108 55 77 84 57 68 78 102 46 49 108 101 121 69 38 47 118 110 72 110 11 8 74 96 3 106 71 108 42 73 48 119 63 16 69 53 5 36 62 23 19 70 26 126 98 112 37 103 71 30 33 12 69 23 19 32 41 38 111 56 125 22 26 97 64 75 108 55 47 30 32 91 110 62 49 15 93 55 83 113 121 23 57 121 38 102 82 86 57 6 118 41 125 76 118 122 73 59 96 112 32 24 51 11 93 118 86 87 26 53 25 98 22 0 74 124 103 126 16 48 33 81 51 9 9 70 43 69 45 101 38 113 54 20 88 64 57 100 40 59 30 0 43 34 78 101 32 40 61 2 9 38 109 71 5 52 52 11 121 72 52 24 35 48 113 66 125 37 83 82 46 107 97 124 87 119 62 76 46 24 6 108 15 98 61 34 48 59 51 116 35 77 68 44 95 63 76 44 73 31 18 120 0 47 99 9 86 9 20 96 52 91 126 98 60 109 9 110 125 41 125 60 102 84 25 99 40 42 93 97 77 32 85 103 113 111 71 69 1 1 63 22 85 16 120 125 58 29 124 84 57 106 21 30 3 94 123 75 83 89 48 98 32 44 88 26 117 108 0 123 14 6 12 1 51 15 99 32 2 117 110 42 21 40 91 120 8 95 16 27 101 100 123 81 90
56 99 23 90 22 4 107 118 7 87 87 111 30 61 50 79 20 3 37 108 1 13 83 59 54 74 77 108 34 102 125 115 84 124 122 116 85 109 59 84 87 121 126 99 53 54 121 32 114 72 18 120 29 47 49 8 117 118 52 86 9 106 63 58 92 41 11 102 64 38 10 22 112 37 109 87 98 95 116 71 24 94 111 118 40 60 9 1 106 31 125 78 111 35 68 16 76 24 115 103 3 92 11 116 95 37 9 98 27 120 55 90 114 92 67 63 72 91 57 12 90 97 35 104 18 41 10 53 124 105 44 6 90 13 109 11 4 113 62 102 106 44 85 125 91 23 83 84 35 126 5 85 80 44 33 120 126 34 91 54 97 64 49 34 108 78 55 57 60 73 24 45 90 43 97 47 29 7 14 87 36 2 117 72 0 107 72 45 30 18 117 12 44 101 99 21 5 33 72 5 71 71 89 6 24 37 21 76 91 29 76 114 27 32 71 42 4 102 70 30 78 1 95 5 37 108 114 86 11 96 53 8 50 19 21 39 47 35 2 27 66 16 58 34 3 109 108 54 50 103 117 55 82 43 121 16 75 111 6 16 4 85 86 90 26 18 99 47 56 64 8 114 117 90 25 48 87 67 61 60 90 8 54 94 67 54 58 12 2 114 95 125 62 57 33 12 84 86 32 125 65 41 26 116 91 119 31 12 56 84 106 77 101 118 26 82 12 90 51 68 6 68 46 48 96 33 56 13 84 17 62 108 112 114 94 107 29 48 87 62 117 77 114 32 37 36 113 30 48 122 33 66 45 51 100 64 108 106 92 103 119 13 67 125 57 7 65 10 77 52 93 105 2 7 125 118 95 21 16 19 60 57 71 82 72 0 80 93 85 102 40 32 68 68 91 75 96 65 72 51 23 112 81 82 30 78 100 21 6 114 119 9 52 113 71 115 79 28 21 96 79 18 82 91 26 21 27 79 66 21 106 85 11 106 35 91 11 71 95 68 49 105 21 126 125 119 52 23 11 72 41 45 44 22 84 73 109 34 33 32 63 102 5 32 77 52 108 66 109 114 106 102 46 126 121 58 27 54 80 93 119 90 101 65 112 120 59 111 111 38 104 78 80 31 123 115 11 4 57 13 114 88 77 37 122 47 74 18 122 51 121 98
88 37 63 9 66 0 122 125 66 61 19 55 82 28 98 86 115 48 120 50 85 56 92 25 38 66 106 76 111 53 75 13 87 61 10 1 41 76 104 106 6 118 113 67 39 77 8 90 81 78 77 49 50 59 123 65 77 34 42 11 58 12 23 81 20 123 37 113 120 45 94 125 78 85 104 31 107 38 45 23 46 69 7 0 52 9 110 89 57 103 3 110 91 82 112 52 55 85 104 35 7 24 4 4 92 120 116 67 108 93 73 8 34 107 46 33 69 70 75 91 107 26 16 72 35 91 126 38 29 116 0 37 47 125 118 80 124 63 23 101 27 108 82 16 66 64 66 120 126 12 4 121 27 90 80 57 19 55 33 98 103 87 117 86 106 43 87 22 68 111 70 57 62 103 46 110 63 119 35 114 4 15 58 102 5 65 7 90 88 32 11 114 104 5 32 69 16 49 69 28 81 74 32 106 87 60 35 18 11 107 42 78 3 89 84 89 79 10 104 98 60 95 110 9 76 110 18 56 46 105 54 5 104 40 50 45 32 50 117 63 83 1 28 66 80 6 46 74 103 20 88 24 118 38 31 75 88 105 5 79 32 24 56 125 125 83 81 51 40 69 2 35 93 9 11 96 11 59 60 39 95 56 117 80 119 39 64 31 7 26 7 111 76 33 98 113 66 3 22 82 6 90 50 111 111 64 51 20 106 103 111 36 27 12 90 9 83 81 102 25 115 61 40 74 11 27 102 126 79 79 67 86 43 6 66 34 63 89 64 67 82 3 56 8 2 111 93 8 43 122 84 11 106 26 87 113 90 96 89 65 73 123 72 37 70 103 112 112 60 115 125 33 126 83 42 53 17 116 90 30 104 100 90 124 63 2 69 119 109 72 81 21 42 118 14 30 9 53 65 41 122 52 82 90 111 46 106 66 8 34 61 52 107 62 47 90 79 108 49 102 9 80 29 47 29 125 47 125 30 26 81 105 39 62 47 57 99 87 58 55 55 64 14 93 6 75 72 41 83 108 108 83 17 27 25 18 18 65 95 7 80 86 36 95 41 9 57 13 123 0 63 74 59 79 27 7 74 114 104 44 1 66 61 79 23 124 24 112 125 90 100 82 67 80 0 65 117 38 94 86 109 107 60 96 29 106 51 121 114 102 27 46
56 122 79 86 73 106 97 4 70 0 23 76 65 67 38 14 0 71 61 97 73 22 65 20 81 82 73 110 81 108 19 24 77 65 25 33 43 110 76 94 75 114 3 8 18 103 97 58 88 19 43 56 76 106 60 123 84 78 87 31 50 20 79 22 81 116 55 93 89 89 92 61 5 99 41 124 19 47 114 37 16 95 25 117 103 96 35 81 40 8 109 126 24 110 34 124 117 20 1 65 73 95 69 75 71 44 105 60 25 50 103 108 112 49 52 64 58 93 66 97 124 27 113 79 75 61 84 59 81 48 94 14 15 126 52 67 58 108 105 73 14 13 75 10 93 7 82 46 69 101 61 42 104 84 54 69 15 53 67 10 54 41 1 62 21 48 39 50 71 11 106 56 120 103 58 46 50 41 41 122 83 46 31 69 74 100 53 111 105 43 83 120 70 15 95 31 34 25 64 24 9 107 113 30 61 45 103 77 118 45 112 48 83 3 60 46 55 16 64 52 46 56 36 65 62 10 70 72 100 12 67 26 81 72 38 30 94 61 3 54 33 123 105 11 90 90 23 5 118 84 14 91 86 2 29 0 42 68 22 59 42 24 64 48 9 52 88 88 20 46 70 72 2 5 9 71 14 122 97 105 103 42 54 93 23 80 104 83 58 81 47 81 115 33 120 98 101 126 116 76 71 63 91 103 123 89 82 119 97 10 25 62 63 59 83 94 52 59 40 28 64 52 26 79 31 19 85 51 77 52 26 101 43 68 126 46 36 122 44 35 59 16 123 55 38 85 48 105 41 39 67 16 26 90 69 16 107 73 34 60 39 120 6 75 115 24 115 13 51 91 56 13 95 55 53 110 15 94 50 26 85 125 69 103 111 112 91 11 43 16 44 104 35 83 38 94 14 100 57 75 4 103 7 108 20 57 69 14 33 55 74 100 40 19 99 1 115 43 1 28 122 54 37 118 34 104 42 51 102 53 8 124 39 55 16 112 117 25 103 81 121 46 53 33 4 37 2 90 61 73 1 43 32 4 43 119 93 23 17 13 59 38 12 92 65 31 44 7 116 113 111 55 36 82 29 90 6 71 45 39 51 70 93 35 87 29 13 15 124 4 67 103 1 51 0 126 80 39 56 4 111 18 7 86 24 59 11 60 75 115 79 55
11 122 11 106 27 2 67 54 87 33 83 99 109 84 108 56 76 44 85 41 95 125 117 25 85 84 47 85 23 111 56 16 57 68 55 59 28 10 72 25 52 115 51 126 20 66 100 76 93 81 48 108 8 2 9 35 85 67 29 93 118 41 60 87 100 37 63 4 61 31 101 110 59 74 57 16 65 71 106 87 59 9 25 95 10 0 103 18 98 23 70 122 77 46 64 94 3 49 60 104 85 32 41 72 59 22 97 122 48 30 114 28 32 81 113 70 80 88 96 60 114 68 29 11 93 5 9 58 125 46 18 23 90 79 118 78 109 24 64 90 20 95 120 114 20 0 73 14 60 5 86 61 48 38 81 106 90 105 74 96 113 14 55 8 88 69 92 78 23 104 67 71 29 0 107 57 9 43 100 30 99 58 121 71 39 102 29 93 85 86 107 45 71 53 9 2 57 108 74 30 53 119 2 102 79 67 13 108 104 19 22 19 8 124 90 105 44 92 26 86 27 102 91 92 22 85 96 17 106 103 1 95 96 18 83 70 32 105 87 109 33 99 60 30 112 79 110 49 71 46 60 52 63 65 124 34 99 58 57 98 37 10 56 19 72 52 34 58 116 35 118 87 16 91 23 47 24 38 99 8 67 41 77 89 117 108 20 18 124 103 45 53 59 81 34 85 8 48 6 120 91 102 14 29 68 76 21 28 83 22 56 119 90 113 14 29 20 62 97 17 5 16 104 47 64 66 28 10 70 62 111 14 57 27 18 35 87 4 125 38 123 108 56 25 63 40 66 23 24 35 14 50 12 25 76 38 114 58 64 67 46 66 106 90 72 110 78 86 82 98 12 0 11 41 0 95 23 100 118 14 83 15 49 26 106 80 26 24 66 82 35 116 126 107 94 9 124 31 84 107 14 80 55 59 22 27 42 22 67 59 79 65 116 12 15 79 105 46 99 121 70 23 37 47 30 53 38 97 51 56 121 83 116 11 98 37 68 96 42 54 98 113 64 29 57 89 9 93 102 95 114 19 30 80 104 86 76 63 36 102 97 113 121 115 12 110 13 81 35 54 99 78 25 57 20 45 15 66 60 5 12 91 43 19 23 52 77 36 83 75 47 101 60 110 85 38 42 91 27 5 27 7 50 100 26 15 103 118 24 23 76 4
12 15 72 94 59 52 96 76 93 17 117 69 120 68 16 34 35 11 114 19 44 117 53 1 55 99 117 119 59 61 67 10 89 80 17 44 62 96 61 52 20 71 84 48 51 19 88 64 73 88 83 19 111 72 11 60 100 103 91 97 106 46 48 3 48 85 77 59 61 84 54 96 96 32 99 42 37 69 106 28 78 104 74 98 32 54 3 27 48 16 111 66 108 33 86 1 99 99 114 36 50 28 18 3 102 53 59 72 31 9 32 24 67 8 105 2 89 64 48 95 125 118 57 56 60 76 9 48 68 6 97 17 115 1 11 110 89 80 70 55 10 36 78 87 39 115 107 113 36 113 3 75 107 68 39 6 54 42 93 18 37 69 58 34 60 4 39 108 116 89 50 24 45 52 42 62 49 95 54 81 119 123 70 98 54 59 9 112 110 83 30 19 93 69 43 113 11 105 43 25 12 41 46 22 102 2 84 21 79 54 63 56 93 100 43 79 108 107 12 74 51 75 77 52 81 40 3 98 78 66 107 79 35 14 93 117 91 16 97 118 20 10 17 123 116 92 114 20 105 70 67 23 95 15 52 110 92 81 109 19 61 108 19 10 103 39 84 114 28 86 90 60 70 33 62 2 119 73 49 67 80 15 85 53 6 12 69 57 97 13 82 121 103 67 47 126 1 18 8 13 20 3 101 83 12 85 59 82 117 52 126 126 27 115 21 76 46 120 71 31 50 66 4 41 53 83 114 47 42 100 73 89 113 93 82 18 80 98 113 9 105 68 7 80 125 36 65 35 113 89 51 111 28 103 40 109 109 87 92 84 91 94 119 105 24 82 8 102 111 77 113 24 36 25 52 77 32 97 106 117 67 59 126 80 45 83 51 14 3 32 96 13 95 14 100 28 112 4 95 64 71 112 59 100 88 45 84 72 69 118 74 36 101 30 53 17 11 86 96 65 116 23 123 86 106 83 98 65 11 84 106 38 8 75 102 109 43 41 121 53 22 13 8 38 32 69 87 78 119 109 29 41 82 23 19 0 95 33 96 113 47 126 58 48 7 8 12 68 122 66 95 75 60 20 121 83 40 98 115 33 90 18 63 73 109 107 6 40 118 44 49 61 3 42 38 51 32 113 35 81 120 22 63 13 1 86 73 44 66 116 7 38
18 94 78 106 95 22 8 121 66 20 24 97 47 84 30 96 108 110 70 21 93 114 84 98 14 104 90 113 66 30 31 32 114 80 21 72 58 38 104 52 42 41 61 38 35 13 93 47 97 25 47 52 28 47 89 63 12 126 92 120 122 61 120 61 100 16 90 54 107 45 43 11 40 121 40 51 46 98 92 112 76 40 125 97 54 120 120 98 67 8 38 62 44 63 37 70 109 90 0 17 94 123 5 53 27 100 79 12 14 24 120 7 34 21 50 46 65 126 36 76 21 10 115 25 30 9 79 2 20 97 28 27 102 120 103 11 38 67 52 17 49 74 62 35 2 108 27 111 21 66 5 55 124 52 38 65 22 0 119 66 72 82 80 104 87 57 86 39 30 16 1 99 38 20 75 14 54 63 6 46 70 107 6 91 124 107 40 120 83 116 5 2 116 69 5 124 15 124 87 9 63 106 56 18 73 126 112 87 82 92 73 84 103 5 66 114 38 124 119 43 96 54 18 38 57 111 4 100 76 18 56 99 11 75 121 16 91 30 29 68 82 94 5 75 45 106 38 81 96 20 29 91 48 24 51 78 40 114 70 122 109 86 60 51 88 51 112 119 117 79 12 80 88 8 47 16 43 90 21 70 21 90 75 2 78 52 124 115 116 83 91 105 126 60 39 55 15 47 68 52 106 29 124 92 102 59 71 81 76 102 64 9 21 117 86 98 99 2 23 30 103 74 95 17 83 118 102 125 16 123 43 56 76 2 35 66 122 83 26 24 103 105 7 13 56 93 18 76 125 15 0 13 74 114 36 11 2 83 37 31 57 31 119 52 12 35 57 85 43 41 105 115 122 78 32 118 88 117 71 111 120 51 110 57 34 11 91 63 63 74 31 91 15 52 56 117 11 113 61 43 46 38 89 113 1 98 109 47 93 84 37 35 113 6 35 59 25 120 5 111 65 120 0 98 119 35 19 77 122 41 100 55 31 80 105 57 64 40 111 59 28 43 104 48 68 63 84 3 34 47 37 21 4 74 93 68 85 60 101 39 41 21 40 73 39 62 33 23 45 36 64 23 60 58 1 90 0 43 4 56 118 31 53 33 21 100 47 91 23 42 18 74 4 49 24 29 46 109 118 28 10 36 0 102 88 4 35 52 79 9 39 1
79 103 19 26 13 20 71 59 72 117 116 38 27 126 36 9 112 18 30 35 38 85 99 37 111 97 110 54 50 73 117 58 92 95 7 3 118 15 65 108 6 21 105 42 45 99 62 57 102 82 26 38 54 25 0 52 106 83 22 85 109 5 50 126 38 118 41 1 45 101 84 17 54 37 49 74 94 53 54 10 3 96 30 24 56 105 62 35 40 72 125 53 113 9 102 104 109 64 93 40 94 53 80 110 120 60 54 81 84 62 118 83 30 30 39 118 115 106 38 11 115 28 103 125 120 39 63 56 69 110 88 53 6 89 78 92 107 47 36 103 49 107 118 115 116 117 70 37 66 89 80 112 13 85 108 14 117 77 99 36 111 64 95 95 63 44 61 15 38 67 78 29 36 34 91 16 121 30 85 6 87 124 46 21 10 99 68 118 99 77 16 72 62 63 99 17 43 75 110 105 23 15 90 71 28 121 44 112 89 111 49 59 85 33 90 51 126 105 9 115 115 7 43 12 10 7 55 122 25 45 87 90 70 96 89 46 32 36 17 27 105 66 108 113 73 25 8 107 126 72 113 43 97 65 103 28 84 117 105 62 33 113 65 12 109 11 7 57 103 51 71 22 111 93 37 75 25 105 3 22 93 3 11 89 66 114 14 117 66 69 15 58 27 85 96 121 12 125 121 59 47 36 113 33 78 77 34 13 37 8 52 123 99 42 119 42 49 48 42 16 115 57 22 72 81 113 54 48 43 20 81 39 93 101 113 35 43 46 35 2 28 93 78 103 31 106 7 55 11 64 16 59 52 80 102 21 81 42 60 81 2 86 39 103 59 112 27 43 98 113 79 45 20 82 78 126 120 101 88 114 66 84 92 44 113 0 3 4 50 82 111 114 104 113 105 15 22 115 29 60 115 28 101 93 66 86 49 104 13 3 81 4 124 38 36 73 37 66 118 67 99 49 84 1 106 124 49 57 49 46 62 108 114 62 88 95 75 36 61 28 94 81 33 0 88 31 110 124 113 3 32 126 112 6 103 79 92 83 99 1 76 15 60 16 56 40 107 104 10 0 78 15 61 1 3 37 35 32 71 2 118 120 73 54 38 19 55 5 112 103 36 120 24 115 40 9 104 126 38 75 69 6 13 125 98 46 45 44 81 28 38 116
37 122 18 117 47 104 76 62 5 67 0 104 15 70 16 64 79 87 75 21 66 93 116 30 79 17 73 92 48 113 57 16 79 94 70 40 16 126 72 24 61 20 104 31 90 119 43 19 28 4 118 8 37 100 93 28 117 121 27 21 22 50 119 54 56 28 109 21 35 68 49 24 41 108 35 45 99 87 63 115 3 19 121 42 65 107 76 15 5 116 11 12 88 76 32 70 91 109 124 43 109 60 22 94 59 72 122 62 102 47 71 125 10 104 88 37 36 109 80 14 60 117 116 14 123 40 66 126 92 90 103 100 124 94 97 74 83 117 91 7 95 7 53 106 116 69 86 48 77 64 35 110 62 64 121 23 104 83 86 126 53 45 96 114 65 110 43 73 82 105 62 113 20 61 117 114 66 32 42 10 123 84 29 80 121 103 7 37 43 11 90 117 87 75 56 65 54 88 107 6 119 62 112 74 80 32 27 33 53 113 67 73 10 40 49 76 57 39 124 3 105 42 28 6 37 18 38 11 94 122 42 95 79 27 67 89 57 48 18 117 88 56 45 73 93 62 19 96 126 49 69 65 77 57 68 68 105 116 31 81 95 92 32 30 117 11 88 34 62 111 18 92 107 77 94 88 103 93 57 26 108 89 116 45 10 21 59 23 118 7 96 59 113 6 7 65 61 119 15 57 106 113 64 59 115 38 92 94 41 85 74 11 45 54 8 115 107 112 98 24 20 22 101 117 77 107 13 100 61 12 118 0 105 121 12 68 102 116 17 3 112 5 41 113 80 79 44 103 77 73 11 106 94 19 10 87 27 35 65 55 86 123 42 104 106 81 52 101 60 20 100 49 63 15 25 27 62 55 23 6 49 25 124 77 69 82 78 7 5 56 53 92 86 120 73 71 112 38 2 45 32 89 2 119 69 45 71 67 119 68 11 11 2 3 38 51 19 37 0 78 42 41 2 107 83 117 86 119 17 100 13 31 44 19 89 43 24 31 88 107 66 86 25 97 6 56 19 50 46 97 7 7 116 25 51 68 88 35 49 78 122 38 73 0 0 47 43 40 122 120 17 83 113 13 52 14 18 63 48 28 62 110 58 42 27 79 50 39 34 36 113 52 95 5 125 92 80 116 43 110 108 126 123 55 80 60 66 92 37 9 18 102
13 72 21 126 80 67 3 105 7 124 72 50 96 68 70 0 2 82 70 26 57 11 90 118 54 0 41 124 109 19 49 62 76 97 121 19 96 84 42 22 7 54 36 91 19 100 55 64 103 86 22 23 75 93 59 28 50 124 60 23 117 17 38 121 15 85 10 95 102 100 11 8 26 67 117 37 14 50 91 7 36 19 58 105 49 65 111 116 15 5 9 39 36 57 14 27 118 74 121 47 53 95 125 22 57 115 17 4 96 34 124 14 104 100 16 57 99 62 8 101 21 13 60 60 95 42 45 43 21 82 71 35 97 99 25 50 110 54 49 10 124 95 71 9 27 69 108 20 97 124 59 19 67 7 122 68 102 106 29 88 71 119 125 117 126 123 92 39 7 67 9 113 1 109 124 100 13 113 12 22 97 91 0 25 13 28 39 11 85 99 70 104 21 0 37 6 36 72 88 77 115 87 117 93 23 40 16 50 48 27 125 98 15 117 74 75 110 104 23 57 117 9 44 121 108 89 97 122 28 101 18 113 107 100 34 7 68 51 83 48 121 60 32 62 93 24 38 125 96 51 52 19 12 20 53 115 46 34 103 20 30 31 99 126 72 9 1 89 2 85 71 28 84 103 63 71 42 54 43 24 55 68 15 75 86 104 94 80 48 72 117 85 103 48 35 114 47 83 97 23 95 49 21 115 78 123 5 125 121 74 74 84 0 81 54 59 32 120 101 30 43 14 123 12 25 55 83 87 13 85 46 71 68 50 63 111 63 21 69 108 44 52 4 18 118 123 118 85 48 6 98 67 49 16 71 93 36 121 85 57 77 1 99 108 12 5 103 31 58 32 70 60 10 90 117 33 42 47 38 92 41 0 126 7 73 91 39 18 85 25 8 34 57 76 86 73 103 83 42 46 7 108 43 27 60 76 110 32 80 87 78 18 22 16 112 89 86 16 43 1 56 126 68 13 83 53 111 101 61 45 86 74 105 27 16 9 32 84 33 97 7 40 16 28 14 88 59 122 114 81 84 42 56 68 30 91 31 52 10 106 97 124 57 65 78 67 97 122 76 5 29 26 26 86 116 111 51 101 44 121 65 13 118 104 80 107 121 106 29 78 10 112 16 19 103 61 6 54 57 65 115 38 101 76 40 111 97 93 5 82 63 68
56 23 78 106 63 34 58 119 120 58 103 119 117 42 26 24 125 58 1 5 117 21 119 36 48 36 92 100 63 105 68 86 123 101 13 95 75 107 91 62 34 10 79 117 9 40 67 2 97 73 74 51 58 35 39 69 54 87 123 89 64 19 99 82 50 63 25 94 22 115 118 119 109 8 27 3 59 26 106 52 87 15 30 0 83 126 52 58 5 40 114 98 32 0 48 106 16 106 9 23 11 75 27 48 46 88 55 32 39 70 76 10 80 10 123 35 32 61 82 19 77 61 115 47 94 50 118 96 0 74 68 14 107 96 23 52 1 96 58 110 114 28 107 16 22 123 85 64 96 21 48 52 34 14 39 78 13 15 26 122 13 48 24 10 108 18 64 31 116 33 101 26 89 32 94 75 53 21 106 53 82 89 115 81 66 118 70 45 61 100 109 89 43 12 12 17 125 73 12 107 25 94 103 75 111 2 47 121 20 109 15 105 116 24 81 56 97 45 103 107 92 27 90 119 124 24 64 96 86 95 39 41 125 124 83 42 39 119 56 59 69 23 61 14 45 51 80 58 45 24 42 41 125 28 64 35 123 90 79 1 112 71 37 52 50 26 116 21 124 102 66 38 37 102 50 6 68 52 35 124 111 25 26 18 89 48 14 8 38 17 9 122 37 81 25 106 78 79 99 92 34 20 83 81 112 72 69 58 18 26 111 115 47 99 108 88 32 79 106 118 101 120 67 76 9 55 13 117 46 92 24 43 10 59 93 14 32 86 85 121 37 53 122 84 126 45 74 52 68 70 106 27 47 66 27 80 94 84 53 98 27 58 30 46 108 66 91 1 91 29 71 49 16 111 6 122 97 66 45 59 11 84 62 31 107 22 46 6 75 54 114 38 0 65 98 78 45 95 90 125 6 105 33 108 106 83 27 72 81 39 51 121 18 74 119 26 80 88 111 62 3 18 24 99 33 8 43 53 22 25 38 31 10 59 87 112 4 81 6 36 113 86 58 66 60 71 73 46 68 33 48 8 98 3 79 5 18 2 20 8 72 68 1 7 126 37 44 31 8 54 49 95 4 0 83 72 94 98 2 110 46 48 80 15 115 8 4 42 60 54 52 118 100 22 15 117 51 31 4 99 41 14 119 33 46 124 31 83 115 44 42 30
112 67 70 82 0 21 14 16 123 73 108 87 108 11 24 122 41 19 38 55 45 103 39 48 74 55 103 91 60 71 80 120 40 16 102 121 66 82 87 77 57 124 78 6 120 74 16 60 19 83 63 52 122 73 93 65 103 29 18 114 85 52 77 49 94 109 76 118 29 72 75 95 42 114 38 115 28 61 98 112 103 2 110 65 32 64 71 60 103 5 35 111 100 37 16 112 79 110 97 101 50 5 31 43 19 43 49 122 47 37 57 115 102 34 120 25 73 26 15 120 95 69 95 27 105 57 60 44 69 64 107 79 53 49 51 71 38 50 84 49 82 112 68 105 7 13 119 114 121 45 37 114 52 111 122 99 4 60 14 61 69 110 106 124 122 98 30 66 67 109 102 53 109 19 29 111 53 0 28 44 11 66 115 95 35 92 67 53 0 36 11 78 24 69 113 92 76 107 88 57 51 101 119 23 91 2 23 90 91 17 21 91 63 21 20 57 114 27 17 77 11 54 76 35 108 123 107 54 92 28 1 83 55 24 125 63 95 97 98 6 11 0 62 18 113 70 110 58 44 5 12 84 59 43 61 25 36 118 53 86 30 7 32 79 86 9 5 99 54 117 32 19 22 51 18 32 16 67 119 98 35 118 122 3 109 83 22 50 13 68 14 120 56 11 15 102 44 0 118 37 85 88 58 101 71 79 19 111 22 16 90 105 118 82 126 126 38 100 81 98 99 56 64 56 102 37 24 33 53 8 77 107 95 77 13 3 96 56 59 39 72 89 72 7 10 106 67 91 65 3 19 6 21 79 84 102 64 87 0 109 31 26 30 55 118 9 84 103 65 110 124 5 32 102 55 63 16 37 14 14 117 72 86 61 114 11 119 57 18 21 106 83 5 56 68 57 104 1 71 78 17 109 67 29 71 57 82 46 87 101 116 34 39 34 20 25 66 122 34 49 51 121 61 25 113 26 53 9 26 69 107 125 13 11 59 31 49 93 5 0 56 14 16 63 123 4 88 20 66 65 21 118 63 15 112 22 80 57 46 27 103 36 56 70 70 15 118 17 112 55 95 31 54 93 44 65 52 33 71 11 116 13 26 47 41 109 49 6 111 48 20 29 1 106 119 25 35 14 61 5 73 98 80 95 40 19 96 2 14 19 123 102
2 126 0 78 8 117 86 27 88 88 34 74 88 47 24 43 108 97 60 82 43 53 115 23 106 15 108 10 22 123 63 84 20 32 45 117 64 91 74 9 15 62 49 88 113 114 89 37 50 60 58 58 91 34 53 25 59 64 32 2 90 81 110 104 115 118 97 50 1 57 63 80 46 52 17 41 47 99 52 69 121 102 31 0 87 121 19 50 68 46 23 8 85 30 51 75 3 33 41 35 49 119 74 45 62 10 75 96 53 98 66 12 95 6 41 109 82 97 101 103 36 63 66 86 26 85 57 1 102 67 90 117 113 69 29 25 96 14 110 106 67 66 20 70 70 54 112 72 15 98 47 18 77 113 35 54 11 82 38 95 3 76 24 31 101 7 126 100 9 124 63 96 8 45 43 91 65 61 25 30 28 74 32 34 24 105 76 99 53 47 114 72 1 116 113 17 5 31 99 83 77 44 117 27 103 36 96 107 71 98 95 11 16 38 34 113 60 25 62 11 71 19 46 32 7 61 20 10 23 112 39 33 85 47 124 98 48 4 15 18 49 116 58 92 125 9 8 52 82 9 101 90 91 28 117 76 66 67 86 81 78 116 25 110 32 91 126 25 57 114 59 69 30 54 18 18 57 10 72 39 14 60 19 114 47 67 0 95 24 73 4 56 123 56 57 41 13 20 82 6 11 3 109 121 116 18 55 77 88 117 108 38 16 54 97 92 89 24 116 73 51 56 71 34 106 65 55 123 19 75 113 19 24 27 42 58 23 119 96 15 65 93 108 40 72 42 43 48 105 75 38 65 40 32 48 2 30 22 73 48 45 39 90 74 106 102 18 48 30 23 83 105 5 115 114 8 68 105 84 28 24 36 98 96 42 126 49 44 103 93 3 66 63 48 48 64 110 119 125 32 105 81 104 106 122 1 35 79 33 97 45 100 36 102 79 32 95 30 79 20 67 51 76 19 86 76 47 44 87 15 41 62 57 30 119 45 27 5 17 123 98 109 87 75 15 57 59 110 87 43 79 75 77 112 70 98 1 71 50 37 5 89 0 104 93 119 114 110 119 0 7 99 33 13 2 62 126 81 39 64 39 11 99 108 80 21 34 51 37 96 24 22 87 11 100 71 95 103 89 84 37 33 116 23 120 17 11 61 103 30 101 34
93 102 15 114 98 89 36 108 118 80 25 61 63 61 51 7 11 120 46 124 8 96 108 119 72 85 109 46 40 19 60 104 51 94 23 41 10 47 27 103 88 88 121 79 94 25 51 126 82 82 56 34 67 97 9 69 118 19 45 25 125 124 67 33 31 100 18 15 0 16 58 97 66 75 65 19 82 43 59 51 82 107 116 47 44 67 90 82 67 114 50 66 11 41 99 94 11 46 113 91 66 5 66 99 10 14 120 84 111 6 52 71 20 47 71 112 39 15 54 30 26 39 73 64 9 90 15 95 73 56 12 24 53 36 13 73 56 87 34 53 92 73 18 113 116 95 57 90 64 62 18 27 35 14 118 94 45 10 76 56 87 42 43 114 5 88 48 46 57 126 66 52 109 55 77 10 44 89 58 59 48 74 106 112 37 115 13 81 96 82 106 39 27 77 8 107 109 83 32 16 111 88 21 12 61 124 10 125 4 3 76 78 65 65 123 67 10 85 47 56 106 19 21 117 103 57 7 73 95 71 40 58 3 114 84 48 3 65 45 77 61 95 119 122 42 68 101 118 69 103 122 19 83 105 43 118 66 107 31 113 13 115 125 54 42 87 123 2 71 78 64 106 13 41 88 74 41 43 87 56 98 14 120 31 54 105 50 53 79 118 114 55 84 65 77 90 59 81 109 13 36 67 48 99 40 3 52 90 90 94 83 126 82 62 84 25 111 110 102 104 30 25 19 69 95 102 1 120 43 61 89 115 23 11 73 54 68 21 91 24 114 33 101 106 55 85 95 123 96 9 116 2 79 51 53 85 114 103 2 33 64 100 99 98 30 116 87 121 58 74 62 9 3 87 91 94 78 98 41 98 13 94 87 8 59 37 72 28 64 55 114 22 105 115 1 112 40 7 97 71 114 39 95 55 35 106 115 20 19 117 93 72 91 41 18 108 74 105 118 57 69 106 37 80 98 59 38 52 113 45 47 38 58 44 123 48 126 97 4 42 66 51 76 107 89 125 10 87 94 109 63 105 10 120 64 20 75 106 30 122 69 55 82 35 123 125 19 122 59 6 62 109 10 68 81 54 5 81 26 25 69 118 41 7 58 113 32 62 108 65 30 17 100 117 105 53 4 106 116 108 25 117 4 76 7 90 45 76 18 114 88 65
97 34 84 114 95 97 126 44 90 113 118 120 117 70 108 3 36 2 17 40 53 40 14 87 69 33 6 65 67 29 50 79 48 31 126 13 7 3 7 119 39 28 107 65 89 101 101 42 64 60 107 35 51 85 78 101 97 51 37 121 112 111 47 99 19 39 57 99 113 108 84 54 122 98 22 24 77 70 16 33 37 72 119 77 107 50 5 0 11 7 86 57 1 106 56 63 89 1 105 123 111 99 9 57 92 104 26 67 77 71 49 52 118 72 71 67 95 11 21 101 74 88 11 46 39 37 56 107 102 23 111 103 46 84 120 102 20 82 72 41 80 40 20 75 51 34 60 2 121 126 58 70 94 124 30 40 119 109 25 70 114 96 37 7 86 107 32 13 14 30 36 76 5 16 1 19 92 61 100 35 9 5 88 87 68 33 17 102 42 37 9 2 89 1 18 53 77 66 59 17 111 49 15 21 68 53 92 12 5 66 119 90 10 19 114 123 120 117 105 61 36 65 111 70 80 123 77 66 58 1 58 2 104 14 117 90 66 50 55 58 99 121 92 57 123 89 28 64 93 2 26 125 41 105 8 53 107 8 16 109 14 99 29 117 45 71 54 88 108 81 13 113 11 25 72 108 77 70 6 32 11 66 93 72 61 4 124 58 25 91 62 10 60 93 46 66 28 122 27 65 69 92 92 83 1 101 28 56 124 80 113 3 26 60 24 61 14 18 117 6 60 56 25 85 1 118 91 31 5 18 71 97 61 34 29 57 99 70 72 80 93 27 52 51 63 32 58 7 12 48 17 105 64 89 59 88 33 95 105 99 126 33 88 30 111 49 39 110 47 45 23 5 109 30 41 75 51 37 64 50 92 31 114 119 82 94 49 85 19 10 55 48 33 59 36 30 63 9 79 69 95 64 7 81 13 112 86 108 62 33 69 35 106 54 5 102 78 17 44 56 94 7 4 5 14 95 100 23 83 67 33 110 66 52 3 33 92 99 64 51 86 22 48 84 121 69 10 63 44 80 26 23 102 120 31 17 91 2 80 84 31 36 16 69 10 83 0 15 6 3 16 117 29 88 98 77 88 27 6 88 82 94 19 71 95 19 80 18 83 88 117 23 72 28 62 120 61 77 71 7 98 21 97 69 125 119 24 7 102 35 68 43
119 50 95 21 108 33 25 62 91 67 122 31 69 45 101 22 21 15 88 11 8 31 112 117 8 79 58 108 45 71 122 26 70 56 57 44 100 102 56 123 69 30 44 86 59 13 50 109 118 14 100 124 120 74 60 81 57 7 27 61 45 117 56 113 99 73 72 69 25 34 30 85 99 86 64 69 82 10 119 93 20 111 32 76 63 3 125 18 36 5 85 52 79 91 11 14 120 38 16 66 34 51 75 19 44 117 56 22 123 26 90 111 14 7 45 108 20 44 31 51 22 79 38 80 27 45 10 27 66 56 105 66 98 47 68 39 112 86 61 85 11 39 75 99 67 89 73 37 87 80 62 70 52 104 108 31 25 15 115 42 46 61 100 65 126 80 46 93 46 107 35 37 92 112 107 105 55 84 99 84 101 7 123 87 37 90 88 83 109 3 47 27 49 85 74 83 8 14 106 41 80 91 53 89 21 7 54 6 10 42 120 63 46 45 35 72 50 106 108 74 68 57 25 57 23 12 95 11 116 78 14 101 109 27 75 123 1 64 122 41 51 33 15 45 62 67 16 107 2 79 35 31 56 56 125 37 94 64 102 123 114 29 111 120 43 52 4 12 50 122 87 31 51 83 65 28 39 87 24 89 7 88 70 18 45 115 58 48 56 103 91 100 14 11 121 109 46 81 66 117 21 54 49 96 118 87 54 40 102 14 14 74 62 92 1 32 70 16 20 39 122 126 116 34 19 70 56 47 2 60 52 102 77 41 53 112 91 54 75 32 95 123 40 106 39 14 19 66 70 1 11 0 47 71 70 93 38 118 107 7 35 120 56 8 57 61 24 107 13 14 101 27 93 15 3 49 64 60 93 41 103 57 45 22 6 17 126 16 16 105 55 95 87 64 47 81 56 121 78 15 18 79 72 75 101 113 108 85 92 29 12 66 39 52 28 22 56 102 101 99 102 95 83 65 18 86 39 10 74 115 88 78 80 85 58 57 115 123 92 123 68 78 63 37 61 55 105 44 117 99 101 119 78 57 40 29 16 113 35 59 29 43 31 20 114 95 77 122 98 124 5 24 99 37 10 112 116 107 72 98 83 0 69 20 16 31 17 95 59 54 0 38 93 119 17 90 8 55 91 120 61 119 91 78 120 70 7 114 31 101 27 45
5 3 8 112 96 33 117 98 114 12 32 56 87 9 67 4 32 27 88 33 125 62 70 85 87 64 17 61 23 68 13 62 72 77 37 111 80 14 7 52 124 124 26 19 97 85 107 31 115 103 34 3 9 97 124 109 14 1 8 111 13 30 32 48 111 100 88 53 42 119 26 31 48 40 115 92 102 125 7 18 39 105 126 54 63 75 22 50 53 43 76 107 26 24 95 111 113 35 26 28 110 13 63 72 26 36 70 80 61 75 22 102 29 62 75 118 84 65 85 56 120 12 80 63 30 117 63 7 8 33 25 56 68 104 5 77 3 35 8 101 34 114 20 44 60 99 45 58 6 87 114 2 3 95 61 104 114 61 15 57 59 47 69 106 102 109 103 111 4 87 109 98 43 23 122 52 104 112 35 98 31 112 59 102 1 24 23 118 77 17 22 24 11 65 99 16 90 3 57 43 116 8 7 58 61 75 5 58 14 63 57 15 37 28 86 86 27 52 98 68 113 117 70 39 27 45 97 59 78 95 14 83 72 92 91 23 33 33 19 30 66 121 43 74 115 93 10 6 114 8 16 89 14 120 70 124 103 41 117 88 40 109 2 92 111 115 97 17 91 53 123 63 28 2 100 62 56 80 112 93 20 107 18 57 81 107 92 7 78 76 9 55 101 6 77 1 20 62 95 93 19 0 38 75 28 118 115 14 14 2 61 16 25 6 60 10 28 124 100 105 101 92 30 42 1 43 50 25 18 14 125 57 93 29 63 55 28 112 103 78 80 101 30 19 62 38 2 60 11 99 65 68 95 109 48 35 119 118 8 122 31 102 119 24 4 23 85 60 3 92 83 112 33 73 64 63 31 61 114 7 115 81 103 118 119 30 8 62 58 7 73 96 92 71 54 83 59 107 126 112 96 84 65 33 116 48 71 111 103 73 120 59 81 53 97 56 107 67 99 96 75 117 44 41 45 29 16 56 104 82 111 23 91 81 43 75 46 89 40 62 92 76 72 5 119 37 88 37 101 45 29 13 50 39 0 107 120 105 103 50 77 14 34 103 77 7 75 109 48 23 79 86 57 31 122 117 52 54 108 95 117 76 18 38 108 126 75 50 121 50 71 51 125 83 8 116 72 95 57 125 62 49 59 116 7 73 89 43 8 121 81 56
67 20 35 50 9 86 122 39 51 29 96 35 91 34 4 34 60 62 116 13 43 90 70 3 104 49 94 47 46 0 33 44 93 121 14 123 0 121 5 101 25 24 122 44 113 72 41 112 97 18 3 50 65 1 90 70 118 15 53 52 114 62 21 42 37 80 4 118 63 119 13 117 81 119 90 98 41 31 116 2 10 71 61 93 91 56 39 32 50 104 36 10 41 62 25 118 54 78 92 67 111 65 33 39 109 10 34 46 50 7 30 2 124 50 9 104 52 10 36 17 73 65 119 10 43 119 28 9 124 36 123 60 79 43 22 114 77 104 91 0 10 78 32 29 114 92 125 9 97 4 124 27 6 50 14 49 42 64 9 3 5 28 33 66 119 66 126 58 55 51 103 60 116 3 19 32 90 77 17 0 72 61 19 82 122 8 124 96 100 63 64 33 22 81 77 1 0 69 7 63 17 46 35 76 123 103 12 86 92 74 69 80 69 79 16 64 72 64 57 32 105 32 86 14 41 76 13 23 111 64 1 53 88 125 41 37 110 4 32 44 26 109 73 116 94 76 85 79 97 66 32 126 13 125 95 80 94 32 12 91 123 60 94 62 24 0 21 76 37 120 71 78 108 6 31 13 50 69 53 22 119 56 60 80 79 21 54 106 68 22 6 77 115 89 110 61 30 106 54 41 109 14 108 46 17 65 77 3 112 75 17 0 16 105 16 45 39 103 83 95 10 72 65 104 17 122 21 16 53 110 57 85 2 26 19 101 40 16 38 105 22 43 43 32 48 93 53 74 7 26 112 122 62 124 120 61 11 13 121 30 8 14 38 119 56 55 109 78 90 125 65 21 89 38 81 105 94 101 98 44 110 4 88 9 102 124 3 94 98 119 65 123 101 31 61 64 53 47 79 13 103 96 2 2 64 15 13 0 93 107 2 69 66 111 84 35 24 23 24 82 66 60 55 118 120 10 92 47 49 101 64 11 73 103 18 119 13 54 106 36 23 24 124 111 68 123 71 57 12 60 28 118 125 57 16 95 77 27 41 45 42 113 4 94 63 50 120 118 112 13 89 86 94 49 77 55 73 83 53 111 8 32 99 48 1 0 33 98 87 32 19 35 101 24 30 30 26 66 39 13 4 20 14 32 100 8 116 18 41 19 74 29
59 41 38 47 69 12 12 51 59 121 45 81 76 33 103 23 10 109 61 31 56 75 98 2 57 100 5 66 16 50 63 35 77 123 3 32 35 49 95 126 58 94 56 99 115 94 87 24 45 10 70 12 50 9 21 54 84 46 76 63 12 113 32 124 49 104 78 20 116 18 122 122 90 98 24 45 93 71 49 118 12 115 106 32 54 76 71 125 81 8 43 30 4 108 12 45 64 108 24 79 4 76 88 122 31 5 52 78 70 99 122 107 42 25 63 50 56 2 122 121 86 97 124 15 25 22 49 25 98 124 91 117 13 31 15 12 66 88 2 115 110 60 80 60 119 67 36 14 37 68 13 56 65 32 10 37 7 39 101 115 36 70 41 119 93 59 12 23 3 87 15 44 18 23 91 18 2 49 65 82 18 112 52 84 56 54 74 88 112 86 8 125 5 107 46 55 121 94 91 95 96 8 66 17 2 60 85 16 104 91 64 125 53 52 63 82 52 73 101 0 85 21 74 8 52 118 116 119 100 4 120 75 35 51 53 93 54 28 108 58 77 23 109 58 44 87 14 78 71 13 107 4 82 9 4 83 126 4 41 103 13 72 0 48 73 50 111 13 110 41 58 114 45 38 42 25 67 32 88 96 108 107 37 7 102 21 96 21 93 124 19 119 6 100 27 100 109 100 61 10 2 64 112 81 117 86 43 112 41 88 105 71 91 64 11 57 63 18 18 0 1 61 26 102 79 41 10 1 70 64 47 91 41 49 110 113 107 42 53 88 7 95 0 31 77 69 122 82 35 66 32 112 57 25 79 49 106 35 40 57 12 60 62 58 25 10 5 26 59 16 23 17 67 94 73 59 65 38 79 62 75 98 61 49 58 46 95 63 45 4 9 111 42 51 23 83 56 14 115 74 1 28 3 44 31 27 60 89 55 19 12 96 106 109 10 78 19 113 51 93 25 16 70 34 87 120 104 48 75 37 41 122 12 108 15 115 61 89 20 50 75 12 60 2 74 46 31 47 75 27 91 42 8 47 52 34 56 55 116 101 113 100 18 21 69 35 30 23 61 114 9 92 89 38 107 122 52 80 51 25 28 94 62 26 35 67 17 6 52 26 108 89 38 109 82 51 106 55 2 0 19 23 74 113 92 92 76 36 66 32 4 80
70 98 94 1 18 63 123 21 109 0 94 85 93 52 95 112 67 114 61 88 118 24 83 39 55 30 40 90 104 106 15 21 77 38 52 9 91 86 44 23 119 37 114 30 58 82 33 23 40 13 72 28 11 21 18 66 75 39 56 63 90 97 59 45 62 70 101 69 37 109 73 21 107 69 0 99 107 49 39 20 32 29 52 115 84 34 12 27 97 46 54 40 112 20 72 124 117 55 120 76 29 121 108 41 40 114 26 38 91 33 70 102 64 26 54 35 101 0 35 83 87 86 55 96 85 89 32 40 116 90 79 79 63 103 2 111 28 14 54 45 61 17 38 91 0 16 48 9 86 122 52 58 106 91 82 74 80 65 22 66 98 52 20 54 90 118 22 58 56 31 110 39 28 89 3 109 117 107 89 17 72 112 122 49 99 46 58 86 54 41 91 102 113 63 49 12 91 47 52 50 92 86 25 124 59 104 66 49 125 99 102 32 28 111 14 27 54 88 100 117 53 125 114 116 30 12 84 13 78 90 87 109 82 56 47 110 79 67 15 20 2 3 87 5 120 14 67 40 43 93 64 124 1 114 4 33 42 124 88 42 58 123 32 90 79 7 85 51 50 70 23 88 38 36 23 109 34 9 89 54 68 6 17 47 104 54 54 57 77 96 40 81 123 90 44 73 2 100 60 40 112 121 52 90 40 48 89 87 4 64 75 82 120 122 53 42 71 98 122 41 1 105 105 68 46 124 79 81 45 19 16 105 7 93 37 109 23 31 35 74 123 126 49 0 96 87 53 123 37 45 122 26 25 18 124 9 61 5 83 97 22 62 5 59 111 119 42 1 53 28 67 21 112 62 4 41 69 39 4 106 29 18 39 37 63 92 98 54 16 104 13 52 117 5 31 18 28 69 11 73 121 116 73 31 24 13 121 120 104 88 3 19 91 70 61 46 25 67 124 21 5 55 50 23 96 108 13 15 58 54 78 56 81 82 94 64 51 96 114 50 84 83 105 42 12 20 34 47 58 83 99 90 19 41 97 49 15 11 75 105 126 102 102 93 68 60 43 56 65 13 6 121 93 19 28 119 114 9 70 54 123 76 20 51 10 68 88 3 5 91 15 113 82 120 106 9 13 115 89 66 2 66 50 118 90 35 93 10 31 108 96 89
82 110 23 109 87 125 30 68 3 41 17 96 26 80 30 37 24 25 87 23 40 59 39 7 123 56 61 47 34 98 42 82 86 111 98 72 14 108 49 13 17 62 2 43 19 8 41 83 86 120 117 115 41 0 111 75 66 0 92 13 19 83 69 15 74 39 102 112 7 1 25 0 53 32 124 3 64 39 94 26 126 7 1 18 11 2 119 99 37 88 6 76 49 10 46 14 17 26 46 91 58 108 122 12 87 114 117 97 78 120 56 100 116 32 115 46 42 78 77 48 72 97 81 89 63 49 107 30 78 116 74 72 107 95 96 30 10 92 91 126 48 20 7 85 113 5 30 10 50 85 87 34 16 13 8 12 97 2 115 59 104 107 14 44 89 54 79 17 75 8 27 20 81 103 90 85 111 4 67 75 79 61 59 50 112 88 64 9 79 21 100 110 21 64 3 19 77 7 22 27 44 43 113 76 9 120 61 12 83 70 66 50 51 84 22 59 124 19 12 75 0 106 125 37 61 95 56 50 56 56 111 81 91 21 109 19 85 3 117 92 88 90 84 101 69 41 112 97 27 90 46 34 68 123 7 67 80 8 50 62 35 48 28 16 96 94 91 100 12 34 105 40 6 31 63 100 103 33 57 0 29 29 93 84 97 122 42 62 10 96 25 89 27 38 95 123 53 13 105 107 126 65 91 58 118 38 124 45 75 71 42 19 103 36 73 40 81 7 96 75 16 19 24 63 29 121 103 114 77 78 117 80 34 114 6 3 108 101 99 46 81 85 109 125 99 22 16 94 114 17 114 97 69 50 124 100 29 81 15 90 105 31 2 110 75 25 116 34 107 18 112 83 78 21 118 49 20 87 86 53 121 56 118 15 56 81 82 105 41 99 109 6 39 92 59 66 59 111 16 31 111 116 75 26 92 52 101 91 59 81 40 30 10 94 32 11 75 30 24 89 89 113 21 69 44 104 37 110 126 98 65 92 100 73 28 58 38 45 1 73 102 25 95 57 9 21 66 85 1 59 117 2 18 24 95 10 11 65 49 98 96 57 51 99 104 108 118 14 11 55 32 114 41 21 29 32 110 51 112 75 28 121 28 62 2 60 59 83 17 113 49 16 78 107 91 22 4 27 43 105 119 86 117 66 92 55 103 23 25 84 27 124
42 99 103 102 43 114 96 56 109 12 13 111 77 98 124 100 41 111 93 28 78 46 20 58 116 116 102 56 102 39 9 125 109 77 101 125 34 35 13 21 21 67 84 92 7 110 104 0 110 117 98 98 16 21 7 0 6 75 15 68 45 60 100 72 113 29 62 37 82 89 65 55 86 40 70 121 92 122 85 61 1 109 55 5 60 68 99 45 105 92 119 33 65 86 38 3 115 97 104 76 7 53 93 67 16 24 120 12 66 62 75 79 61 120 56 2 39 95 120 74 34 17 53 45 67 11 109 104 98 27 23 51 114 81 10 92 86 89 14 97 7 69 72 66 105 40 47 120 71 101 3 14 73 92 65 21 15 100 102 109 100 126 102 60 64 107 20 50 6 113 116 66 106 46 74 14 36 89 122 7 75 100 5 33 35 54 55 89 82 92 47 42 71 30 59 27 32 76 109 79 58 17 106 50 39 23 108 19 25 123 70 118 73 119 110 108 103 99 74 38 73 76 63 118 5 79 86 51 114 77 89 70 101 102 113 56 101 94 20 106 113 35 110 42 22 24 4 12 76 0 102 51 58 39 70 123 107 83 13 125 61 72 102 11 110 84 88 60 68 98 25 20 11 51 108 75 79 96 4 109 115 29 4 16 58 95 75 56 38 15 71 11 54 19 47 35 29 96 110 98 116 44 18 81 123 100 57 36 43 5 74 30 72 72 70 9 59 107 118 105 49 79 72 56 85 76 109 36 5 106 94 11 68 81 118 66 118 8 59 28 7 29 19 81 21 21 66 32 22 65 113 63 18 31 3 122 0 27 102 31 17 23 109 35 22 81 120 124 51 71 50 62 14 12 108 118 46 62 84 36 111 27 68 90 97 23 83 124 69 20 86 11 120 123 41 81 114 94 114 115 89 111 67 19 42 87 52 73 76 83 17 44 34 13 21 99 28 49 122 117 34 87 78 91 67 11 118 106 49 7 88 52 45 85 58 117 42 85 118 28 57 19 24 17 114 21 68 50 27 101 14 42 104 14 19 33 123 26 79 86 56 73 72 34 100 20 44 41 5 3 103 67 29 15 95 4 114 2 77 30 121 86 81 117 100 98 14 49 6 92 48 56 9 43 61 110 111 54 10 55 108 109 74 46 79 27 47 118 86 68 26 1
4 31 40 122 61 78 95 87 6 81 97 120 77 126 108 53 44 49 98 65 78 14 47 103 48 71 16 2 92 13 5 103 28 95 114 15 6 88 10 11 10 79 72 34 43 52 115 91 30 25 58 109 21 50 28 50 8 74 28 17 26 68 34 64 65 88 60 78 119 122 46 103 107 52 10 104 93 55 19 108 72 36 115 91 46 34 60 77 11 41 49 122 45 104 24 99 11 110 53 122 25 49 79 72 24 97 85 100 105 109 68 80 16 26 61 25 66 55 123 18 41 22 75 31 20 87 39 24 67 42 125 52 122 84 22 34 112 126 104 72 63 92 24 75 126 18 125 100 121 9 23 37 0 116 17 122 76 77 2 42 64 74 59 56 107 38 98 39 19 106 21 101 1 26 29 10 87 57 110 51 78 90 20 74 121 24 117 91 110 11 32 31 83 4 99 3 32 47 68 68 38 60 37 82 88 115 70 78 80 59 30 119 27 41 21 41 37 18 20 72 71 115 21 54 78 40 80 70 123 14 27 56 29 25 57 6 73 20 30 73 42 112 71 124 32 4 51 71 36 23 8 96 48 122 19 23 91 31 101 1 123 71 113 1 18 24 34 112 104 114 102 25 91 106 18 6 97 9 71 32 56 14 1 100 56 13 9 27 26 46 111 46 109 52 39 50 62 61 67 76 76 88 63 59 112 51 2 38 14 10 126 85 118 16 82 36 68 118 124 45 19 54 19 33 96 86 124 111 109 12 63 29 100 11 58 33 40 34 21 3 110 55 76 7 66 17 89 72 47 15 30 118 81 116 86 89 112 29 91 38 124 70 105 38 12 29 92 13 96 48 25 55 67 114 35 64 32 115 60 30 50 7 59 10 97 5 19 121 24 66 68 66 106 14 83 28 68 42 124 119 20 51 34 76 8 106 64 120 116 125 79 11 73 101 58 20 123 52 11 124 44 42 31 110 91 74 117 42 59 40 86 119 104 28 23 52 81 29 53 39 59 3 17 69 55 124 113 120 78 108 56 104 85 69 100 89 44 104 120 115 93 20 80 112 112 83 61 66 86 7 12 63 103 119 91 52 67 13 100 46 34 74 39 30 5 9 26 70 42 60 23 89 119 100 87 13 98 121 46 85 68 86 113 107 25 50 96 45 72 109 31 94
116 52 66 50 10 107 85 74 94 45 36 68 73 118 52 63 3 29 14 105 102 6 74 101 52 78 36 8 109 77 51 37 39 1 120 82 96 89 62 94 83 110 102 31 87 19 48 0 112 12 37 22 91 33 84 14 83 25 51 24 40 103 80 41 48 55 62 35 90 19 122 121 110 75 19 6 95 70 88 4 109 61 47 88 64 78 52 107 108 8 117 36 43 100 40 113 118 112 59 110 62 92 119 22 46 56 119 105 36 91 78 77 104 28 25 51 20 120 46 52 19 15 30 4 75 64 103 53 61 98 114 65 111 40 79 23 5 76 55 60 90 100 87 4 77 88 23 24 24 110 32 20 92 59 125 97 64 96 46 122 59 58 36 43 96 110 96 33 27 103 3 53 67 68 47 6 36 18 100 29 70 126 96 73 51 82 20 116 106 12 78 9 44 89 22 7 66 37 70 0 69 34 47 107 107 96 81 19 55 81 115 79 33 64 122 38 81 28 101 101 59 9 8 91 55 121 39 44 103 114 92 19 4 108 125 39 109 73 105 74 17 26 73 1 44 53 124 86 9 90 18 6 85 70 113 36 15 109 98 115 79 88 43 59 98 115 39 73 50 52 39 108 29 73 10 63 106 94 84 48 111 65 115 87 12 109 88 31 121 64 88 110 64 110 4 91 25 1 108 67 12 60 110 98 63 18 84 47 80 5 26 53 8 85 14 27 10 7 53 13 28 58 92 2 24 20 108 91 51 124 108 57 72 97 13 88 22 115 122 7 72 27 58 76 50 49 74 15 47 15 62 37 116 105 122 97 85 124 84 48 36 56 123 38 24 80 120 20 104 85 113 115 108 50 69 101 112 99 36 61 70 64 60 21 76 22 60 49 98 120 103 5 18 30 89 42 113 45 37 116 55 67 70 108 52 26 51 48 40 48 80 6 71 106 63 126 10 14 122 111 33 53 97 98 54 93 116 113 88 15 115 85 21 40 101 120 52 122 27 6 37 34 126 50 101 45 57 61 24 42 62 109 126 15 109 18 104 70 46 83 46 21 82 55 19 95 16 68 114 52 123 34 40 48 18 17 61 119 7 93 41 84 73 118 83 75 56 110 38 24 118 42 48 44 106 6 71 88 113 48 66 51 44 56 20 1 118 94 24 30 51 9
15 25 83 15 54 40 73 108 53 99 115 112 3 31 36 46 34 49 46 124 103 121 94 42 13 81 38 5 65 51 94 118 72 74 24 61 84 96 27 73 7 64 40 93 5 117 96 72 97 112 99 75 77 35 118 121 8 89 37 96 74 79 120 94 27 92 75 121 96 83 12 123 109 67 62 85 80 25 30 46 91 124 76 101 33 23 113 79 54 21 16 88 6 70 125 9 80 18 52 73 107 118 42 5 36 48 115 32 57 119 71 84 14 9 120 65 48 55 105 112 95 26 93 24 80 71 108 13 40 96 92 7 83 99 100 111 42 12 28 32 96 37 42 111 103 9 10 81 126 48 91 30 24 15 118 39 97 37 26 42 78 101 48 28 88 111 95 40 59 117 8 116 57 78 118 48 118 96 87 99 31 76 6 121 21 47 86 123 8 29 81 26 84 31 69 38 121 35 99 65 119 54 101 33 52 31 46 35 118 59 65 46 60 110 54 111 107 119 19 22 35 4 62 46 44 59 6 64 116 78 49 6 79 88 2 54 26 114 27 117 35 32 84 31 117 95 91 52 16 106 76 73 3 125 56 38 14 58 24 117 53 83 92 32 51 22 14 71 96 115 67 97 79 10 101 60 120 119 117 30 91 51 120 112 107 6 3 95 34 37 79 14 55 37 6 112 73 45 104 45 17 0 84 49 33 119 24 22 120 97 71 37 4 98 18 94 119 71 31 15 3 45 8 70 90 19 77 42 112 91 67 124 12 16 85 59 110 8 74 115 98 3 102 79 58 71 88 60 67 11 11 35 46 67 109 68 53 45 121 96 85 34 106 91 7 15 8 116 112 106 87 78 117 37 22 10 89 39 72 69 91 23 86 1 79 116 117 57 120 58 108 83 20 77 74 68 98 103 13 71 17 50 121 82 89 85 87 78 94 14 21 62 98 117 105 28 119 80 19 37 126 83 88 23 108 81 25 51 62 5 90 20 68 40 126 43 77 120 29 122 24 8 46 93 3 11 108 126 45 32 87 63 112 89 9 108 32 62 15 63 12 19 23 13 101 42 119 49 6 110 23 50 25 83 36 53 76 27 125 39 85 81 66 111 123 44 59 50 51 7 90 71 71 41 24 60 44 111 61 71 104 117 106 9 5 27 35 85 107 113 22 27
103 8 83 65 18 72 29 120 53 103 113 32 52 104 79 122 85 44 108 22 42 19 119 93 27 37 24 71 69 29 27 104 117 83 112 122 81 11 98 5 119 97 46 3 32 16 126 91 69 33 0 49 93 92 88 96 4 99 67 3 57 3 36 86 34 78 98 118 89 52 118 116 9 103 73 108 25 46 98 123 6 14 38 87 34 111 26 82 33 18 43 0 114 99 61 5 26 68 98 17 82 102 86 38 4 97 80 48 23 71 93 17 107 96 90 99 125 32 120 52 110 9 11 85 58 18 116 66 47 114 1 45 2 82 75 25 97 52 78 94 105 121 59 117 6 7 100 52 43 67 66 81 95 95 123 114 25 118 24 85 69 95 101 73 3 105 87 3 17 118 61 27 110 19 57 65 76 109 51 124 118 1 124 25 122 24 36 34 27 9 96 97 122 91 46 19 102 29 0 33 75 98 24 94 46 12 20 23 119 49 21 66 115 94 94 90 123 102 92 23 97 48 93 44 68 14 46 37 53 98 79 92 5 2 101 24 30 54 25 114 123 34 109 88 34 34 82 54 109 106 85 74 89 7 116 12 77 45 8 73 62 47 83 10 82 110 99 0 68 103 10 19 18 99 85 58 106 4 57 48 53 6 100 83 85 29 102 38 82 116 67 97 26 48 48 57 115 122 66 54 119 3 121 82 15 9 62 83 6 59 78 90 78 71 100 67 39 99 48 3 6 84 45 18 67 100 115 92 6 77 8 4 70 1 55 85 54 0 7 51 35 56 64 50 11 39 9 110 96 125 59 39 11 65 47 21 53 40 125 72 22 0 5 43 84 74 4 13 100 107 80 49 95 25 63 79 58 97 16 57 10 19 82 94 124 18 62 79 125 61 40 114 57 78 8 88 80 125 37 2 113 37 25 45 54 39 117 76 17 118 107 7 122 99 11 83 29 112 74 40 98 21 48 22 56 103 100 59 20 125 18 16 26 6 87 32 71 61 22 115 18 97 57 28 48 20 8 104 83 72 124 97 4 42 23 31 65 116 3 123 68 77 32 96 10 105 56 50 64 37 24 24 51 16 28 78 92 2 54 21 84 60 110 2 32 36 118 62 126 56 97 73 95 118 39 14 108 28 98 15 18 4 95 23 125 10 105 30 91 42 46 124
47 69 42 82 99 111 43 89 38 49 38 62 55 70 112 109 104 126 70 4 41 39 81 5 49 64 95 106 109 78 125 25 38 6 85 35 23 102 104 121 40 50 48 37 104 21 15 51 106 62 5 77 83 27 63 114 10 94 10 50 108 70 46 85 15 53 54 66 119 93 18 32 85 49 66 79 52 94 102 105 75 35 114 73 10 125 36 3 20 27 20 34 4 59 34 52 1 80 45 47 24 82 98 11 37 126 23 117 51 84 94 83 86 81 30 62 77 119 80 81 72 66 64 3 63 47 105 6 119 63 122 47 50 8 46 4 40 22 19 16 11 38 47 102 76 99 49 3 31 91 122 107 85 67 115 59 120 22 56 70 122 17 18 68 61 76 75 66 108 72 54 63 98 32 11 99 68 15 62 55 72 73 93 23 97 38 15 121 59 66 84 9 40 55 103 84 39 97 48 64 25 31 23 93 105 5 56 78 104 6 17 81 3 17 96 55 29 0 99 11 32 32 24 65 117 126 60 79 39 87 73 47 24 55 35 113 122 48 6 49 96 24 48 5 117 35 79 2 29 9 113 37 7 96 122 123 116 91 45 22 53 11 113 70 62 88 103 56 92 26 98 46 15 53 64 81 120 91 101 46 0 64 30 7 45 21 104 66 55 97 75 20 100 78 8 47 120 42 115 76 109 75 0 124 15 123 54 41 69 107 105 0 68 71 123 91 98 3 72 105 83 5 93 25 46 95 76 19 99 99 110 121 69 1 42 95 107 75 92 52 119 107 10 86 43 79 40 33 42 103 37 47 98 27 61 101 119 73 117 74 25 5 104 23 61 52 86 59 11 83 11 115 95 121 1 47 5 31 116 58 76 94 125 61 23 48 71 11 20 113 122 44 32 3 14 64 121 116 54 7 90 88 2 12 115 98 118 96 1 9 40 123 26 43 46 36 72 87 3 18 10 54 45 44 75 15 70 70 115 15 123 116 95 101 25 41 40 100 52 73 123 9 50 85 111 117 97 111 45 50 108 68 38 68 6 80 126 67 117 26 77 1 29 125 114 25 15 65 74 50 34 123 18 68 91 96 31 78 34 48 111 52 124 37 76 37 49 49 102 50 51 41 118 3 107 3 94 76 38 51 34 82 11 122 80 98 49 51 33 45 77 85
101 101 58 117 21 107 10 116 4 84 33 43 33 41 106 65 11 117 25 26 48 76 45 12 99 34 5 111 64 33 1 0 61 34 56 70 78 113 77 30 69 98 32 1 36 76 104 82 53 33 42 57 108 60 63 88 54 17 75 55 93 4 43 26 123 115 90 125 123 47 87 80 71 117 125 61 102 39 25 85 71 7 77 125 16 61 38 15 96 97 108 37 11 58 70 69 18 17 8 28 24 59 77 118 81 46 55 85 43 111 46 86 30 87 62 63 22 33 110 55 104 68 31 72 63 80 104 82 95 23 24 99 43 50 87 116 66 15 120 5 27 22 120 68 70 54 88 44 60 52 64 57 49 41 85 78 76 32 18 77 30 25 12 7 96 119 112 101 40 67 8 13 79 51 91 109 80 37 90 54 40 126 8 14 60 72 4 103 118 16 36 100 44 19 47 69 24 113 45 32 59 86 25 0 32 23 113 42 60 106 83 13 50 14 15 20 58 103 84 123 43 48 49 4 53 55 43 44 78 112 37 98 111 64 33 112 83 82 26 118 9 14 57 81 74 8 105 47 96 116 26 119 71 91 53 52 101 69 43 97 63 47 23 58 40 12 92 8 72 44 34 24 54 71 44 49 33 14 120 51 34 126 73 99 61 120 67 115 34 92 64 27 47 121 58 1 5 112 92 74 77 89 119 14 53 9 115 24 66 20 124 74 20 124 84 95 75 113 6 12 20 82 125 12 57 10 28 40 59 45 80 10 40 45 81 31 38 5 89 42 9 50 5 118 37 97 23 37 101 109 67 89 41 0 120 99 37 105 112 23 97 32 88 79 29 64 66 75 46 94 12 51 19 29 100 31 21 125 86 84 29 60 97 85 111 92 108 113 114 74 50 56 125 80 44 2 2 18 52 117 37 108 3 126 50 69 97 100 36 19 76 80 34 54 121 86 105 111 125 42 92 122 103 9 11 117 98 118 105 37 19 24 9 29 26 22 23 67 43 40 49 63 57 31 40 30 17 85 23 12 123 65 6 74 32 43 12 47 3 67 28 64 119 50 81 20 38 50 28 102 20 48 76 80 53 89 17 5 11 45 9 92 16 123 43 6 3 83 80 78 20 57 48 85 28 43 72 113 41 12 109 114 117 56 111 72 30 54 27 89 8 6
39 114 60 33 75 75 97 87 19 72 114 54 120 54 0 117 54 64 6 75 48 13 12 33 9 118 24 110 100 85 121 87 87 94 86 103 126 92 111 80 81 12 20 123 90 98 18 47 19 32 104 6 24 104 28 104 58 47 101 63 44 76 73 33 56 35 8 22 94 60 74 107 40 116 126 93 63 27 33 91 29 86 103 54 123 0 99 48 83 43 89 65 104 37 101 66 46 77 47 117 88 54 32 63 60 102 64 74 96 49 125 91 15 125 37 65 35 40 84 122 118 49 39 81 93 115 28 83 115 2 119 55 66 16 36 91 81 85 114 126 72 85 64 114 47 21 79 23 52 44 83 2 122 38 1 8 11 44 65 74 26 125 67 46 13 122 90 28 89 51 87 6 64 90 114 71 97 75 55 104 120 80 94 109 21 93 88 49 23 18 24 90 58 116 72 67 17 87 108 55 65 80 3 65 22 101 124 86 106 119 55 2 54 91 0 17 94 96 51 59 13 36 118 35 120 84 52 69 114 8 29 123 108 30 70 57 47 21 73 12 119 12 50 39 87 0 15 11 58 81 109 102 54 98 16 84 72 25 17 1 85 15 1 118 113 38 32 4 109 24 99 63 54 49 38 95 16 35 73 62 13 46 116 89 7 94 45 91 101 13 24 39 87 75 78 113 28 97 10 94 59 120 27 52 37 13 18 24 117 18 51 13 3 63 7 121 32 78 66 31 79 33 60 96 87 112 69 90 25 85 113 18 86 126 62 80 69 60 8 79 116 64 88 24 6 10 31 0 2 51 92 3 4 50 1 17 16 53 24 108 102 112 5 24 101 25 50 19 56 55 37 59 81 100 48 64 30 71 13 80 37 126 52 115 23 48 119 86 58 65 93 29 124 33 30 84 70 20 94 112 125 31 84 91 83 20 15 51 18 98 67 73 41 107 74 48 77 114 122 100 30 83 45 95 6 96 64 67 5 9 84 77 59 88 1 118 54 123 1 60 120 33 90 49 67 91 99 120 16 37 25 98 19 104 84 43 67 121 106 126 46 55 88 65 79 103 37 56 40 32 75 109 31 23 85 118 88 98 105 12 85 65 125 28 8 116 24 20 90 95 115 75 120 49 19 111 38 24 21 53 122 68 25 44 61 82 123 68 37 12 31 7
108 48 77 120 29 74 84 75 121 125 69 17 103 32 96 2 82 71 123 9 60 70 47 90 76 92 9 13 5 38 40 103 81 125 70 48 105 25 123 36 11 62 99 91 99 12 68 45 6 40 66 97 84 110 64 21 0 82 62 59 118 103 125 55 60 74 75 47 103 125 78 46 25 59 6 39 21 12 111 77 64 115 31 114 105 79 73 78 44 124 2 91 123 83 119 41 61 31 21 69 6 52 111 14 0 76 60 83 80 108 112 60 17 104 85 65 4 64 8 76 73 101 31 30 42 38 35 44 77 16 115 104 51 18 39 52 26 54 87 62 2 88 45 75 77 91 106 23 114 56 45 117 73 120 63 6 19 49 108 42 50 25 89 61 109 68 41 85 4 107 43 66 58 87 92 70 66 113 9 56 62 39 29 30 22 87 13 15 92 73 124 111 20 60 117 59 35 43 104 106 78 5 73 27 26 67 71 50 19 21 90 23 105 2 9 84 16 54 112 97 37 3 17 125 43 16 39 106 120 61 36 93 20 90 6 5 7 15 15 55 24 11 117 6 118 115 114 39 73 20 5 103 11 110 74 88 48 5 100 24 42 100 61 68 49 31 83 0 20 98 74 29 79 41 116 12 123 42 73 2 82 71 98 97 43 30 32 54 124 20 44 121 104 5 90 94 104 82 91 70 55 110 121 36 117 104 64 79 115 90 73 105 72 113 83 20 123 50 76 67 78 120 72 96 119 123 101 30 125 11 94 12 52 55 121 20 66 22 12 96 79 16 82 16 84 13 90 67 63 27 64 28 96 122 102 97 92 21 66 104 68 44 105 75 106 101 37 13 86 89 77 61 7 6 123 121 104 36 100 126 111 65 85 41 68 67 33 55 41 29 82 52 80 96 45 89 104 36 122 47 96 121 84 6 40 29 101 3 55 71 43 80 90 59 84 97 19 66 25 23 80 46 17 29 44 37 105 118 81 90 16 102 12 73 51 51 120 23 34 8 75 92 38 119 37 68 83 46 1 18 118 81 97 44 122 20 66 35 42 60 68 97 71 39 81 89 40 122 107 54 63 59 57 70 50 93 39 5 126 19 8 113 111 91 117 68 28 99 3 48 106 97 21 97 114 81 39 19 92 34 78 23 55 0 93 12 64 44 81 120 38 66
118 83 109 51 53 84 108 103 90 116 56 71 89 75 53 84 125 2 72 53 122 93 95 44 21 26 102 30 35 73 48 67 44 18 7 43 85 70 49 13 12 6 72 119 81 51 58 50 3 73 12 22 40 47 125 3 23 30 37 31 97 26 78 99 56 58 27 98 56 106 74 66 114 84 100 104 28 24 106 12 14 69 87 32 80 84 61 93 25 22 120 58 89 111 81 8 121 44 84 107 78 70 65 12 118 1 5 11 123 28 83 33 41 78 111 28 119 88 38 17 115 11 106 84 1 74 37 47 78 91 29 105 30 40 103 4 118 24 9 2 119 2 89 126 24 35 123 55 0 84 26 28 92 102 19 115 73 1 53 39 96 98 53 121 76 35 98 18 44 114 105 68 102 81 64 105 8 16 99 108 123 56 82 45 0 43 110 45 115 0 81 1 27 64 13 57 87 13 96 107 6 125 92 5 23 58 63 106 59 108 9 14 10 65 54 112 12 64 36 48 42 91 86 70 27 53 23 53 55 43 34 120 36 110 47 121 62 51 59 123 9 40 27 36 64 76 23 3 110 2 72 60 41 2 63 113 38 124 70 102 8 51 123 114 42 88 60 41 65 21 123 125 79 124 98 1 110 56 71 59 25 92 89 92 91 108 62 17 78 17 39 121 97 53 102 59 2 47 75 73 34 24 100 122 82 93 109 4 115 94 108 29 13 29 14 114 105 97 116 21 81 55 43 74 81 7 52 23 1 4 76 110 86 0 48 90 48 119 16 15 57 75 114 55 0 99 40 90 47 120 70 23 100 89 76 100 0 9 13 20 39 55 44 23 115 16 82 43 28 70 25 116 35 15 104 1 108 111 53 120 45 28 73 70 84 40 56 93 101 110 32 60 103 1 90 84 52 58 106 4 32 124 106 91 121 52 85 66 100 55 125 27 9 33 14 112 99 75 17 49 103 70 118 104 69 55 113 37 82 5 82 59 112 1 111 112 110 40 27 43 49 113 7 90 41 37 62 91 21 4 29 53 95 87 15 105 32 7 104 44 28 36 12 20 124 125 2 106 64 78 87 25 71 110 68 60 121 73 53 71 50 29 28 119 119 32 64 55 31 46 51 12 37 112 6 15 75 79 121 96 56 84 45 98 29 123 32 2 103 10 86 96
120 28 18 109 112 53 1 1 21 17 64 115 38 44 47 27 104 59 112 119 40 115 109 89 114 84 56 107 70 30 93 78 101 0 93 98 59 61 79 105 15 122 71 5 124 33 94 112 116 77 7 49 89 4 72 74 27 23 104 120 4 120 74 46 71 6 101 75 60 53 7 34 77 53 17 68 33 86 69 4 25 86 38 59 55 21 37 74 25 108 27 81 115 99 59 122 93 66 80 115 117 43 112 52 46 37 2 56 47 49 103 12 66 100 88 20 62 118 7 70 69 113 105 15 36 80 11 105 21 60 85 3 122 6 39 3 3 104 36 64 45 38 39 16 63 29 18 80 78 81 100 100 94 8 87 117 37 54 27 47 126 104 113 39 103 11 18 124 14 65 126 49 68 8 92 63 21 91 69 114 100 6 122 39 28 48 77 95 123 99 6 15 27 73 13 19 62 4 20 56 82 116 62 100 67 2 29 119 55 39 6 45 106 75 57 0 126 2 126 60 120 81 51 6 64 53 37 121 19 84 30 111 62 103 116 53 19 24 7 25 111 81 107 108 34 36 71 36 116 12 97 56 49 21 56 22 89 101 102 71 79 115 97 47 102 96 98 100 121 53 93 24 50 96 7 48 64 71 38 119 39 95 90 38 68 74 26 63 94 121 99 82 121 125 101 117 54 8 79 1 122 104 21 113 24 35 53 25 15 124 122 113 108 123 60 117 10 75 106 115 59 86 85 109 63 75 68 63 6 120 29 92 71 8 81 87 0 38 77 117 30 13 85 85 38 33 125 20 2 26 101 32 77 109 119 101 112 121 9 32 40 97 8 58 0 40 38 82 72 115 0 87 18 45 11 126 109 55 70 100 97 126 44 43 90 86 42 121 91 18 97 67 34 42 7 80 38 22 112 86 93 49 25 101 12 64 94 44 0 98 81 27 32 47 101 16 49 35 76 122 68 87 80 100 85 15 30 101 66 102 120 88 49 126 79 39 126 44 6 90 55 18 88 26 108 22 42 126 56 11 9 10 115 68 33 5 102 9 64 71 109 116 102 32 105 65 55 34 84 50 2 85 34 82 2 9 123 107 17 74 51 15 6 15 75 36 9 107 7 2 111 5 19 126 99 61 15 30 11 16 33 99 18 113 83 109 49 113 108 99 50 51
58 28 90 52 12 10 110 64 92 98 81 27 126 23 2 38 103 116 31 120 24 86 96 39 7 93 110 7 90 5 1 112 18 105 64 88 52 47 52 111 56 91 21 63 60 24 75 72 77 37 42 107 104 83 65 15 28 1 22 72 107 91 9 12 19 101 29 72 86 95 83 93 75 41 81 15 42 102 4 103 77 23 2 1 24 29 59 36 97 120 121 50 69 14 106 14 106 122 47 66 34 11 69 82 72 101 28 7 124 91 48 21 91 68 18 111 75 29 24 46 37 72 37 73 20 4 75 77 42 126 47 108 49 16 123 12 59 13 121 97 0 82 18 70 125 67 30 120 94 10 61 125 90 85 11 46 63 66 4 16 11 69 91 42 95 71 47 66 40 78 24 19 91 67 89 47 47 117 126 43 87 0 125 126 38 25 74 122 54 93 44 67 77 75 118 96 82 26 40 111 96 12 2 100 115 69 98 47 111 97 40 100 103 90 37 84 36 115 26 29 112 81 21 46 60 18 1 117 124 42 108 59 54 0 92 54 95 43 76 79 71 99 62 41 83 12 62 81 94 51 17 118 125 52 82 15 88 29 54 23 92 123 50 120 88 12 107 84 5 7 103 60 36 28 50 117 73 118 107 102 115 15 75 14 76 5 97 99 54 22 39 22 18 126 67 38 6 74 52 80 60 64 110 45 101 3 103 92 61 105 0 117 5 123 103 107 93 77 49 124 117 10 81 49 96 96 18 82 51 37 69 101 81 122 19 35 125 5 27 111 45 82 50 63 31 47 35 75 97 38 111 3 59 107 117 72 62 95 17 71 124 91 80 37 12 86 70 41 86 44 98 15 63 15 109 105 90 91 113 102 77 30 21 65 34 40 59 72 72 9 69 28 25 59 125 3 103 103 106 99 125 120 32 79 61 94 89 77 7 98 52 126 62 2 62 49 97 97 53 89 3 93 85 3 94 1 10 109 117 13 113 30 60 57 57 77 117 105 96 112 28 119 33 65 79 5 74 113 50 120 124 52 13 102 96 49 88 101 7 61 55 4 70 73 88 82 121 84 43 48 107 103 97 110 10 33 65 46 79 88 125 105 45 17 51 84 71 43 119 126 58 84 62 80 28 7 4 26 7 13 78 32 12 84 118 33 88 54 68 113 15 6
18 38 63 124 76 28 3 121 55 89 11 11 16 104 117 96 64 84 95 112 16 54 55 119 67 75 2 82 14 72 59 98 37 0 83 79 70 125 14 77 28 24 39 66 93 26 15 6 1 99 119 35 62 22 109 32 27 13 77 102 60 125 45 89 69 119 1 33 82 101 99 51 18 52 92 126 37 75 94 57 51 21 62 29 34 112 48 75 74 51 13 9 24 19 97 42 26 67 67 76 93 116 1 92 75 102 120 5 85 38 6 34 96 23 55 47 101 103 107 78 101 0 4 93 11 68 113 7 16 4 3 117 107 112 55 102 39 88 55 20 94 46 15 3 98 119 12 119 38 64 53 64 94 25 33 98 39 8 118 4 56 55 104 46 118 97 48 22 68 20 37 75 18 33 42 26 68 93 5 121 62 39 28 103 38 36 20 103 89 118 51 94 27 78 113 70 88 68 110 110 78 59 47 47 33 93 73 106 20 24 32 126 116 115 88 79 24 108 95 23 106 64 103 103 43 1 50 101 91 126 53 12 116 5 77 64 66 63 60 47 110 11 13 84 92 15 50 66 58 46 35 96 112 90 33 120 35 114 84 61 77 32 121 81 25 116 72 27 20 21 43 4 21 107 101 74 84 7 121 111 99 46 82 125 35 94 13 4 7 79 86 21 80 57 77 16 16 102 55 119 122 96 104 103 31 119 16 89 123 118 104 88 103 59 96 101 125 20 7 12 111 39 62 98 118 117 29 55 27 102 60 73 27 56 18 82 99 76 30 51 11 94 21 31 69 109 116 18 79 120 2 98 65 78 22 78 77 56 3 116 49 79 34 60 104 39 68 2 23 120 118 100 88 38 100 104 48 114 29 115 69 99 67 47 41 111 32 43 49 3 23 50 15 64 49 61 113 85 97 34 44 4 14 105 53 66 26 84 77 75 68 119 120 100 53 32 24 86 22 35 81 5 94 120 7 39 74 77 62 112 55 85 98 1 25 25 16 125 101 99 83 125 39 22 4 25 56 26 28 61 99 18 68 78 15 8 19 48 108 75 33 91 63 51 102 58 58 19 48 114 73 66 103 53 85 67 123 106 110 57 15 95 88 117 29 35 65 55 29 104 66 23 42 78 68 56 50 108 124 93 46 76 111 119 17 14 39 57 22 70 95 29
3 74 76 97 24 14 18 86 46 63 3 18 54 76 43 26 47 40 96 56 70 66 97 125 4 72 45 33 16 118 116 43 17 60 79 53 110 27 3 63 90 94 96 86 31 45 112 58 92 86 69 69 97 21 98 57 30 22 92 97 57 55 50 53 20 45 14 122 83 117 126 124 47 123 67 25 55 99 113 110 114 28 11 83 72 102 115 7 79 22 99 49 84 61 110 67 104 50 63 49 82 120 20 65 24 17 77 66 1 104 29 46 126 66 86 62 56 113 51 63 4 123 66 0 24 104 45 82 7 39 14 110 92 124 102 92 10 82 37 109 73 99 123 7 68 80 89 122 23 20 61 101 16 42 89 124 106 17 34 101 48 51 4 114 69 111 17 115 77 105 74 67 66 106 121 17 68 0 78 112 121 81 112 35 75 28 118 44 45 49 39 111 4 78 83 33 76 62 99 22 74 123 119 21 107 7 78 17 92 101 92 19 35 43 46 90 86 0 125 91 32 13 106 80 18 121 77 108 118 102 31 48 6 39 39 81 116 101 112 117 11 124 37 123 80 20 123 2 83 5 7 33 82 54 98 50 125 82 14 38 39 108 117 37 118 33 78 61 70 3 13 106 57 118 55 85 6 59 103 52 31 41 31 36 41 94 105 78 119 15 80 19 98 0 84 14 59 109 16 57 121 121 7 101 104 72 109 125 46 120 46 115 63 115 114 25 121 19 61 41 17 49 106 107 117 5 77 29 13 44 31 103 60 92 6 86 90 0 90 94 62 110 18 95 23 85 117 101 65 25 12 0 35 4 125 92 24 91 74 44 85 78 50 70 62 17 64 84 116 71 92 89 89 24 121 23 42 66 79 45 37 115 93 27 80 39 97 24 73 45 12 59 97 121 108 55 48 32 57 123 65 14 90 123 22 19 71 82 118 30 49 120 27 73 10 121 41 25 96 90 87 41 76 30 114 69 1 42 110 44 25 62 45 43 51 102 104 63 107 19 36 22 47 70 15 1 24 103 69 107 59 22 39 100 19 30 105 86 77 122 116 60 44 35 106 51 59 96 94 9 10 14 111 67 31 73 84 89 114 47 106 34 40 59 65 93 8 35 56 52 36 5 83 81 43 107 74 46 27 47 71 99 55 123 48 115 80 15 111 31 113 116
27 91 45 0 99 26 93 106 99 94 96 0 41 118 1 76 22 55 70 64 58 47 18 106 8 9 99 60 119 116 62 64 100 94 66 79 81 79 10 86 92 106 122 25 66 90 2 75 17 93 92 45 4 102 56 118 1 19 66 39 126 18 28 41 57 118 47 118 105 123 39 29 66 119 16 101 86 36 58 65 34 28 7 97 36 46 40 107 32 37 61 80 77 56 126 62 65 38 35 57 70 116 68 10 43 25 89 67 122 65 78 20 67 7 6 20 97 75 83 46 109 39 99 43 76 12 19 104 2 55 16 73 102 38 95 100 103 121 66 37 33 4 69 28 82 86 13 75 5 68 24 116 64 18 70 13 36 2 117 111 22 3 2 82 71 28 65 112 71 28 21 19 70 62 0 8 6 103 105 38 52 75 54 94 102 88 30 71 10 37 82 47 46 74 22 119 57 13 112 1 84 40 84 43 86 61 120 14 112 57 80 13 53 125 66 13 111 37 9 1 115 50 42 100 20 1 10 49 85 67 54 57 18 8 9 57 9 69 19 63 88 87 67 67 96 63 57 110 49 101 97 66 65 60 25 36 76 2 85 22 52 40 29 5 81 16 51 41 50 15 109 123 126 9 67 110 92 93 80 71 1 25 70 22 109 125 89 36 88 81 31 1 61 5 93 65 73 28 5 55 116 54 15 41 9 22 40 52 33 40 20 48 59 1 5 23 18 29 65 89 83 102 109 43 83 93 86 53 48 60 65 102 11 59 107 12 54 80 104 103 5 36 64 112 95 74 28 96 110 121 62 113 33 82 82 50 3 113 47 3 104 8 105 13 34 79 18 41 59 35 95 61 2 99 16 62 44 92 15 110 11 88 60 43 56 104 100 1 15 99 42 105 31 3 57 37 111 76 48 115 79 78 62 80 53 8 68 18 15 45 24 82 29 67 66 42 100 59 112 77 113 41 8 28 35 44 106 106 111 6 55 50 36 101 0 115 31 60 125 31 80 53 45 10 10 122 52 101 35 81 41 73 69 3 2 48 36 101 94 90 30 113 83 116 66 95 80 20 84 100 47 54 119 64 93 47 112 10 106 122 54 92 52 35 42 119 81 92 113 52 118 111 25 96 16 88 28 5 28 57 126 11 5 25 89 86 75 20 52 113 62 108
52 0 113 75 60 93 5 61 27 98 100 126 92 90 66 2 14 72 113 19 109 100 27 39 109 124 27 113 55 35 89 53 9 45 22 52 57 1 40 123 29 93 3 113 48 106 72 67 65 18 1 66 115 122 83 114 107 24 34 67 35 30 47 116 17 78 110 97 79 27 65 60 90 125 113 120 30 106 81 57 125 67 106 107 53 87 44 6 88 25 82 116 42 95 2 126 35 45 91 8 10 99 14 119 67 96 40 103 68 20 95 20 102 81 96 17 51 78 1 107 108 14 23 58 16 4 48 102 113 101 117 73 68 52 64 87 26 72 53 85 32 6 68 97 5 105 116 72 106 20 31 97 9 31 53 91 92 66 66 100 76 119 104 122 114 77 80 76 43 29 100 8 28 82 105 14 34 11 73 21 46 63 75 63 52 69 60 108 33 9 17 22 121 90 38 79 12 2 32 66 39 125 48 14 109 66 32 33 40 107 88 97 68 2 61 37 79 47 87 102 94 70 79 44 107 77 37 48 48 53 97 82 49 26 97 39 76 18 38 59 81 32 45 124 20 60 27 39 34 21 121 90 87 70 105 16 23 51 67 12 15 64 85 18 54 101 97 10 16 95 75 55 101 60 110 73 58 75 114 65 20 112 17 76 108 95 78 33 20 91 55 54 126 24 79 52 73 103 99 104 88 29 106 93 3 102 115 51 78 110 72 85 36 110 105 109 74 118 72 30 43 51 39 110 119 56 84 27 3 123 118 58 42 24 105 121 3 49 115 13 105 32 90 48 11 77 24 82 121 115 60 55 63 46 41 102 125 32 50 63 91 125 38 43 10 53 26 124 121 90 107 73 14 48 76 54 71 82 39 26 48 64 53 74 75 22 116 123 3 45 102 89 107 9 62 124 96 57 8 111 121 35 102 41 21 32 100 89 61 112 101 6 18 16 23 31 13 110 41 17 99 92 5 110 29 89 101 28 122 104 7 80 31 59 8 42 113 4 111 19 36 38 81 33 40 52 81 95 25 99 30 64 31 3 43 90 113 10 66 2 124 46 89 83 12 63 66 57 74 42 92 74 113 39 63 32 96 72 24 84 31 13 13 107 116 74 114 14 104 117 113 25 10 75 84 8 6 40 13 94 56 9 72 9 54 93 54 108 42 9 0 94
80 46 5 3 95 69 109 95 36 50 93 74 91 106 7 9 124 119 123 58 31 85 117 22 50 52 56 91 2 6 81 18 114 38 79 119 99 43 55 61 104 94 28 67 65 99 81 16 10 103 28 8 54 84 123 104 99 45 11 55 54 109 62 96 64 89 35 125 18 38 36 105 53 57 126 63 63 4 30 62 118 45 108 34 109 25 13 125 12 18 69 5 69 103 0 72 118 125 65 44 17 126 3 126 30 4 18 117 31 104 18 57 88 96 9 54 89 85 125 7 29 97 101 24 66 27 95 10 53 6 38 22 3 48 35 102 11 110 13 81 3 69 13 95 74 113 117 62 64 98 106 110 66 77 126 121 20 124 105 36 17 9 107 126 115 107 47 65 74 87 119 126 5 36 86 110 77 118 57 13 115 101 56 49 66 71 7 56 30 66 44 55 85 68 61 18 7 108 56 24 15 95 3 97 78 102 111 58 31 93 79 69 126 119 57 48 23 69 12 10 24 125 98 39 9 1 8 24 9 39 9 42 70 34 4 31 68 119 114 41 41 4 3 116 98 17 107 3 14 105 101 119 45 45 13 55 69 69 99 49 19 51 52 71 3 95 117 118 92 119 36 57 86 22 12 44 110 16 107 126 14 26 91 72 11 25 76 10 70 102 51 105 108 19 89 4 71 94 51 106 66 122 73 51 33 30 64 37 37 62 70 94 112 53 30 7 63 75 3 84 121 32 6 112 47 112 44 48 8 39 93 62 94 92 94 77 69 91 52 36 57 45 70 126 56 92 25 118 0 3 87 31 21 57 19 83 87 90 13 72 32 123 20 56 67 52 100 19 98 95 50 20 75 30 34 92 122 41 61 5 25 120 115 9 115 98 66 78 50 35 34 23 20 74 70 103 66 46 96 106 55 40 27 44 38 39 95 48 48 74 122 3 27 87 89 75 123 85 37 83 72 21 112 12 30 70 14 96 9 7 31 10 108 27 40 26 62 65 39 95 91 78 37 106 102 107 28 83 88 87 108 15 39 51 12 79 110 100 68 83 108 41 9 73 3 76 21 22 113 27 114 58 36 124 3 23 91 13 13 124 29 109 90 101 27 57 124 122 124 58 39 14 19 14 124 84 50 72 20 57 27 1 78 36 62 68 20 42 65 89 87 66
47 58 60 15 0 87 97 5 96 115 78 99 42 121 85 73 15 24 76 4 40 44 56 87 86 49 38 123 12 126 56 117 24 123 61 105 116 41 44 24 59 77 84 3 46 75 103 5 121 107 93 100 19 23 42 49 88 47 72 63 80 59 72 96 2 34 95 41 94 114 1 33 104 32 13 22 124 0 9 35 118 79 22 62 109 70 81 63 28 63 71 76 67 56 59 60 25 79 81 77 120 97 111 90 26 78 51 28 125 8 63 25 46 11 90 117 83 23 26 29 7 77 51 118 35 61 69 103 62 118 107 104 62 89 31 113 8 111 62 21 36 90 30 88 80 16 49 45 4 23 115 106 28 65 31 62 94 34 86 57 122 68 78 80 9 90 26 15 111 26 57 61 89 33 30 78 26 100 71 70 126 59 87 12 64 14 84 47 125 31 61 71 50 55 52 64 68 108 75 109 13 76 32 100 9 80 18 53 57 87 22 6 106 86 68 111 66 43 62 117 88 28 44 90 55 120 77 85 71 108 60 16 10 100 88 84 64 17 125 91 60 10 111 88 62 11 73 57 10 122 47 96 8 88 43 29 10 29 82 105 63 88 68 114 18 121 47 25 53 36 126 49 51 82 112 116 43 62 70 55 99 81 9 69 117 7 89 124 119 91 108 7 73 93 58 30 59 116 100 9 109 65 119 105 4 15 53 84 113 107 46 8 31 10 115 90 26 33 23 57 25 99 6 94 116 71 1 106 81 15 79 105 65 30 76 18 87 74 75 99 30 100 15 83 88 27 32 111 38 55 19 58 66 107 72 67 62 57 22 50 96 63 103 9 113 126 104 6 38 95 21 54 86 14 98 53 72 36 39 16 15 88 114 64 40 56 55 33 42 125 1 70 51 68 105 99 24 33 66 112 119 1 113 85 24 101 72 69 47 70 105 124 32 51 38 14 97 63 121 108 117 121 62 64 49 87 14 26 57 46 4 65 99 81 60 53 68 44 51 57 92 8 111 51 72 91 8 21 56 56 91 57 103 45 37 106 95 108 65 17 30 113 59 115 82 13 2 93 55 8 94 39 5 86 115 34 100 32 103 107 30 112 109 26 24 70 93 16 55 95 110 56 12 19 85 9 48 53 27 93 39 73 42 99 60 125 35 83 116 123 37 18
14 74 54 64 121 118 90 10 60 38 32 97 13 122 8 63 105 12 46 53 57 44 35 22 94 56 70 32 24 35 3 78 114 50 48 100 43 23 93 96 0 14 48 92 25 27 106 13 46 21 97 11 69 118 79 103 13 89 86 62 33 31 68 124 111 119 100 31 47 8 18 54 86 76 111 22 123 110 11 81 2 32 98 48 119 51 34 124 35 5 45 112 122 64 60 79 2 119 56 32 115 4 109 40 11 22 41 10 99 4 65 80 89 16 16 25 47 69 60 43 108 41 29 9 10 9 0 123 49 66 36 118 52 60 125 119 89 63 75 0 72 58 17 93 88 54 29 98 23 52 40 78 75 95 5 123 94 109 61 125 39 22 51 65 68 74 74 32 110 102 29 27 89 85 92 68 0 65 9 48 60 33 47 38 65 17 0 26 17 73 91 106 73 38 9 83 115 117 31 87 52 87 111 92 109 13 11 119 4 71 107 2 14 84 62 46 58 122 0 43 108 2 83 20 82 67 27 122 70 97 95 109 5 69 31 46 44 23 73 53 7 84 102 46 69 120 72 10 61 119 120 93 33 38 31 57 56 63 15 82 78 12 30 65 76 89 51 109 87 99 69 93 107 22 55 63 6 4 30 16 67 120 107 79 104 88 58 81 69 87 118 44 125 107 59 3 79 40 104 38 4 25 85 79 115 38 68 35 100 109 115 1 4 82 43 102 32 73 43 35 77 117 107 96 82 74 81 58 63 45 6 76 11 23 63 35 27 126 117 121 45 12 2 90 43 101 38 115 20 62 17 116 6 2 13 86 109 36 39 113 45 91 116 87 59 38 15 92 0 22 79 61 114 54 104 38 28 103 56 48 37 125 43 102 32 38 24 67 16 119 72 15 3 32 55 123 53 52 98 97 72 16 64 106 76 122 60 125 91 68 33 83 16 121 35 24 124 118 84 63 16 66 90 99 75 66 43 59 47 24 59 6 110 37 46 17 31 24 87 88 26 84 79 85 89 49 107 68 90 61 56 77 87 7 30 53 113 96 117 112 108 84 65 124 65 69 11 53 83 112 55 38 95 19 40 38 113 32 37 84 38 103 68 19 63 37 109 39 72 57 72 47 87 96 59 81 83 43 111 26 95 68 80 28 99 98 71 91 45 39 108 10
86 87 19 52 47 100 57 33 51 57 42 15 69 112 75 64 87 32 123 11 104 126 53 95 68 10 97 118 44 24 13 87 87 67 66 112 59 2 116 53 121 26 7 94 93 88 15 47 88 88 52 52 36 75 45 7 20 91 25 78 122 38 58 108 29 119 22 118 50 115 9 60 8 35 62 111 38 40 64 123 90 57 40 108 55 114 71 53 35 53 32 90 102 122 62 126 28 46 88 67 96 1 40 45 94 39 5 62 15 111 2 116 21 87 20 3 54 126 13 102 42 13 110 69 68 24 19 2 110 44 2 32 120 6 28 76 23 12 63 34 105 78 17 60 105 70 74 80 64 101 7 8 63 58 9 29 112 64 106 73 114 35 102 124 67 81 14 4 47 15 112 15 35 4 2 97 97 70 118 122 108 9 73 120 40 57 18 75 67 90 86 116 112 50 72 109 11 60 16 89 113 1 7 118 65 69 79 89 114 14 122 51 93 66 84 21 113 59 22 114 28 37 39 93 119 109 74 89 109 9 105 65 103 39 51 21 95 104 1 76 65 75 34 7 85 37 95 73 96 29 48 119 18 79 40 21 124 47 121 98 33 37 40 76 102 68 126 17 114 34 111 56 50 20 12 89 98 28 67 59 6 8 65 109 52 95 6 96 88 114 73 117 71 119 25 90 44 106 18 99 126 1 14 8 11 18 31 21 45 31 38 116 72 7 91 20 71 108 124 48 92 46 59 81 2 108 112 59 84 91 94 20 90 6 29 112 113 43 98 102 43 94 0 31 54 46 76 82 71 87 117 74 25 59 122 65 118 34 27 50 101 69 109 56 88 22 109 19 7 87 83 71 112 114 33 125 37 87 99 118 117 58 30 96 88 83 48 1 25 94 9 99 7 85 43 124 20 19 39 124 1 120 66 88 69 20 57 41 26 89 101 92 89 6 54 73 20 14 125 25 89 121 97 109 107 124 123 89 16 101 30 48 115 36 103 75 21 54 6 29 117 10 62 28 59 103 76 51 4 119 112 125 110 8 107 82 88 93 96 67 61 29 64 119 96 105 9 75 22 54 99 105 55 100 44 92 17 10 64 112 13 80 17 4 46 33 110 90 88 56 105 47 83 4 5 65 8 30 119 16 23 66 78 40 98 77 30 61 17 18 34 64
40 85 66 79 52 64 72 84 126 98 0 105 80 123 1 56 77 49 126 83 3 58 8 30 122 65 83 40 1 76 62 31 103 108 109 24 94 118 0 80 34 28 51 1 90 104 78 49 118 89 10 14 84 53 123 74 120 21 39 16 72 1 108 27 49 82 4 83 15 67 4 103 41 16 43 105 47 54 62 39 14 37 122 19 72 22 33 23 23 44 79 41 18 7 50 126 57 1 77 94 95 7 67 56 67 30 64 95 78 32 32 85 97 34 30 58 97 3 67 17 63 44 3 41 95 58 102 51 96 105 9 99 80 70 111 71 30 7 113 5 101 46 114 61 113 19 12 119 109 41 110 80 15 91 108 0 120 39 62 112 16 83 4 123 100 14 74 11 40 102 69 11 1 51 89 14 110 113 31 55 86 60 10 33 69 113 71 10 120 16 92 126 107 56 97 54 99 64 72 104 32 82 21 47 72 111 92 79 20 122 115 77 54 112 59 55 119 68 113 42 79 84 86 109 60 13 30 54 122 100 96 52 25 102 71 67 77 87 75 67 11 2 84 44 102 84 85 92 36 48 105 42 1 51 42 113 52 82 49 125 42 70 42 97 101 74 19 102 83 44 53 38 41 55 49 69 11 3 94 107 121 79 79 40 16 53 105 25 78 23 74 43 28 32 71 92 86 126 34 11 34 66 29 107 87 25 62 11 67 7 20 41 61 102 1 109 64 122 0 57 6 55 1 99 12 36 62 112 42 55 14 36 110 55 75 16 2 25 19 23 47 99 17 77 101 52 7 47 98 104 56 93 30 12 55 9 88 37 8 91 48 85 102 88 15 18 8 44 15 112 102 120 5 64 58 109 18 111 102 119 57 99 10 42 75 8 23 78 65 19 122 72 90 103 78 12 95 95 96 45 62 38 122 4 0 44 112 74 37 13 46 101 103 52 100 76 79 40 39 13 118 57 45 120 57 24 69 11 72 54 90 70 7 37 2 117 24 119 31 79 11 39 85 41 23 114 106 72 77 12 33 55 48 119 6 44 77 54 44 115 80 123 72 27 72 61 75 119 118 85 50 10 70 21 76 59 70 78 21 107 94 13 38 89 40 78 122 15 93 17 33 17 19 83 120 32 84 26 67 120 82 85 60 23 31 39 21 124 62 73 13 82
94 14 67 8 50 97 46 66 32 10 93 38 80 43 34 22 45 52 124 95 17 44 59 47 20 111 73 6 106 123 17 34 105 39 114 31 94 112 113 31 113 108 35 15 110 44 99 83 42 41 109 119 54 84 36 102 126 90 80 54 98 98 35 124 5 76 47 1 109 58 119 58 2 125 5 64 103 7 22 65 5 80 92 73 78 56 39 75 46 22 55 49 45 63 28 26 33 28 89 48 105 41 95 16 68 73 19 39 78 91 85 103 64 68 48 48 47 78 50 23 105 46 70 45 48 71 48 34 53 77 30 93 45 81 115 73 21 84 74 2 104 100 6 48 98 53 105 64 53 40 31 28 61 0 39 59 61 14 111 25 34 101 86 36 21 113 125 100 5 102 51 43 23 8 17 66 32 69 96 126 62 2 119 6 90 29 40 42 71 40 51 111 99 105 74 88 72 108 29 108 40 6 89 91 103 79 102 60 73 99 71 114 50 83 113 37 64 7 93 122 46 77 14 58 64 29 26 45 16 102 15 61 84 31 15 120 40 118 43 92 76 119 58 39 109 61 78 60 12 80 28 24 17 91 86 1 78 28 37 38 20 124 78 117 53 56 84 123 14 26 86 96 72 33 123 23 121 106 0 118 86 108 42 89 100 73 16 55 110 111 108 47 68 3 112 103 101 63 46 109 13 106 12 13 8 13 7 0 51 18 13 113 45 13 47 126 55 22 4 23 16 7 123 115 2 59 78 39 63 70 73 102 125 86 71 118 47 38 24 89 100 120 62 72 111 5 87 11 8 126 126 57 95 113 72 61 18 49 96 53 25 7 66 38 76 60 119 82 99 48 36 39 115 11 31 73 105 47 117 98 92 123 45 39 85 90 2 87 44 75 83 74 61 85 7 57 67 16 108 75 9 84 30 97 41 79 83 101 79 86 76 99 18 53 97 93 31 33 49 78 89 106 58 71 80 121 32 74 65 98 19 94 22 67 4 75 45 82 53 92 78 20 119 95 59 86 107 48 85 125 59 74 102 7 78 47 13 98 29 105 1 121 60 30 32 60 122 47 4 117 120 97 86 24 100 118 120 113 93 74 116 65 88 91 75 27 35 87 125 122 9 100 11 94 75 70 73 119 16 41 73 64 1 112 78 64 36 114 4 94 115 28
93 93 101 65 126 29 57 89 63 9 35 12 51 23 5 75 121 50 104 95 92 43 37 126 78 16 116 46 91 11 13 60 25 122 90 7 100 33 89 69 92 114 91 61 54 106 0 91 122 81 103 51 103 67 4 81 20 120 44 34 53 18 115 73 78 124 108 116 86 121 50 63 64 43 23 83 114 19 19 40 96 50 13 104 54 23 52 40 75 34 53 33 44 104 3 43 47 85 68 3 76 83 102 61 25 22 115 1 58 14 51 53 110 9 78 121 99 14 36 119 42 94 120 68 85 77 49 19 31 66 102 103 22 67 108 54 42 88 11 12 48 51 83 75 95 60 119 58 57 22 110 118 12 115 34 35 93 110 13 85 94 83 78 117 119 122 102 21 81 99 125 91 81 62 40 12 49 44 71 71 113 114 109 80 91 112 38 71 64 9 117 91 7 93 119 71 78 118 70 72 49 98 43 49 75 50 66 92 49 15 3 83 51 79 123 65 65 16 118 79 73 110 89 67 2 31 8 67 20 67 89 18 37 80 95 85 69 90 4 7 0 24 30 51 40 38 58 59 102 39 18 9 101 121 6 65 59 84 19 6 47 24 70 60 70 38 88 67 21 114 0 53 23 54 37 72 122 79 12 27 36 103 46 0 51 78 125 79 123 34 88 51 94 4 75 25 22 94 33 113 19 20 9 18 111 25 100 1 2 31 121 94 68 88 95 18 107 29 78 44 33 120 1 106 112 100 74 67 78 43 10 80 35 37 14 60 97 109 54 40 30 88 104 71 70 45 1 120 79 56 67 18 90 17 100 124 80 95 122 30 99 57 48 17 4 14 43 98 82 70 13 110 39 6 90 1 2 27 110 48 109 34 67 97 110 105 87 123 99 79 119 1 86 79 123 45 20 121 76 4 39 81 15 56 120 66 39 7 126 107 46 64 69 29 3 116 56 46 117 74 26 70 109 125 26 71 86 3 119 83 24 66 99 58 47 46 71 36 71 79 90 3 29 118 88 78 119 113 91 103 73 72 25 81 15 30 13 43 35 105 77 46 67 119 97 30 95 20 116 114 111 82 106 16 115 98 67 35 71 75 60 75 15 115 17 70 52 69 91 28 71 67 65 113 103 103 116 122 76 44 112 52 47 22 111 22 0 18 125 84 120 111
29 78 68 90 126 106 77 22 115 120 61 115 18 83 107 53 63 30 80 35 33 104 14 1 124 95 4 60 114 13 106 32 59 90 86 79 16 89 48 87 72 62 84 13 104 57 92 113 8 72 12 85 93 5 1 115 45 6 23 73 124 97 6 104 120 16 18 88 123 11 84 60 97 66 49 22 45 31 74 126 10 90 36 111 125 84 117 117 54 121 58 87 27 45 5 123 90 126 13 17 29 123 105 6 11 72 53 33 77 45 121 100 121 121 68 17 48 97 119 65 34 119 120 97 12 63 51 99 109 6 67 110 79 55 1 124 25 65 126 62 10 35 109 37 106 68 26 17 26 73 25 56 74 18 32 23 112 53 8 54 11 110 108 40 13 62 99 40 32 78 40 20 117 3 47 85 25 49 77 42 53 23 36 2 103 7 21 64 5 9 16 104 27 68 27 7 52 117 41 75 90 36 87 35 28 2 61 48 74 59 89 40 18 110 52 79 87 93 123 3 53 12 59 62 71 108 37 75 94 74 19 59 90 114 74 29 120 44 16 107 115 119 1 116 17 0 58 63 8 96 86 107 25 81 13 39 112 126 54 27 94 71 73 32 68 40 104 81 17 92 67 26 119 106 65 32 29 110 111 92 27 53 14 82 6 71 111 32 107 35 93 91 47 45 64 94 64 50 94 29 124 102 3 70 114 7 44 30 61 66 85 116 75 57 24 126 47 97 90 71 114 120 125 55 97 94 6 88 74 62 76 50 77 72 117 8 87 10 109 55 5 99 76 76 16 15 27 88 31 5 99 67 71 4 93 30 20 99 125 123 13 48 15 40 105 38 7 125 14 49 83 108 28 80 46 17 30 120 117 61 31 91 66 61 116 107 48 60 15 57 27 106 104 106 88 81 124 115 64 98 32 83 80 85 67 99 81 19 12 7 1 9 91 28 37 14 110 123 43 32 123 39 124 6 83 54 28 112 3 87 67 32 126 57 94 57 7 65 11 92 4 66 14 45 47 3 52 12 6 124 100 13 95 90 121 48 72 99 60 7 116 84 69 117 100 75 108 11 73 27 57 126 125 62 64 38 91 86 124 33 67 20 10 107 27 121 123 90 79 36 74 91 22 61 18 91 66 61 10 102 105 91 113 70 69 97 72 29 50 69 60 36
113 90 110 20 44 79 108 7 90 14 116 89 71 15 125 5 16 34 40 42 95 18 14 22 3 53 47 63 16 116 123 21 67 25 52 73 89 14 18 25 7 119 77 85 20 32 62 23 30 96 57 24 11 91 69 38 13 52 14 28 95 124 114 64 47 66 88 37 8 75 57 88 59 37 87 11 51 75 66 125 50 19 58 100 27 9 105 18 11 8 77 10 3 42 14 79 106 77 36 81 38 105 95 87 4 22 31 92 123 122 65 18 3 75 100 118 5 80 26 4 87 93 29 68 121 17 59 77 22 96 97 36 50 63 2 21 99 3 107 16 71 68 8 77 22 91 98 8 87 35 62 78 31 112 24 78 21 118 102 96 79 118 42 105 81 121 104 40 76 35 25 109 74 70 103 87 48 76 19 11 48 120 45 81 63 37 56 1 83 104 102 22 126 120 61 125 67 91 69 56 13 27 84 49 59 120 95 43 81 120 34 125 63 0 16 42 8 33 4 98 0 55 79 39 107 49 67 65 1 102 85 80 20 109 98 45 113 55 82 36 45 23 48 38 97 72 91 68 8 36 92 72 44 125 15 31 104 3 68 89 50 109 7 87 7 35 26 25 124 30 74 110 53 89 13 97 78 118 44 69 101 26 107 62 106 8 115 94 120 10 2 102 36 22 122 114 91 101 106 117 66 9 5 108 17 126 100 25 61 25 118 95 58 69 4 70 62 10 30 35 46 79 51 46 111 39 4 116 35 25 85 82 112 35 14 108 80 69 109 72 60 66 38 48 71 65 112 110 84 62 91 96 122 33 104 34 103 32 16 99 36 24 5 9 98 117 8 93 70 79 10 124 42 126 0 49 84 79 43 41 89 117 82 18 102 68 9 107 28 104 70 104 104 65 109 126 7 19 30 97 40 46 58 114 125 15 125 28 44 25 97 0 123 58 28 90 37 116 21 2 112 53 85 96 89 7 104 66 74 111 95 36 107 8 125 24 69 15 30 32 124 8 77 19 72 52 92 80 26 8 36 112 35 12 8 57 45 10 17 94 39 99 87 56 71 107 50 63 30 55 33 32 14 47 66 14 93 15 67 34 91 3 36 47 78 54 44 98 90 86 124 70 84 5 14 4 59 43 5 56 83 45 113 49 111 109 28 94 41 120 74 120
69 31 35 14 120 28 23 124 93 37 114 67 64 44 59 56 25 80 87 95 79 115 3 90 118 76 54 55 45 50 42 52 108 123 57 60 88 100 33 99 119 99 91 105 44 101 60 46 81 22 82 70 70 16 29 6 63 68 10 123 5 123 58 89 108 96 88 48 109 14 35 65 105 82 54 27 50 102 90 71 35 37 0 65 85 54 14 77 111 104 72 62 95 6 18 16 16 28 121 7 9 114 30 69 82 39 11 120 90 12 61 42 51 104 110 118 79 29 79 33 6 1 49 7 104 65 25 72 33 38 28 93 64 118 96 96 10 37 73 42 65 87 40 38 11 39 0 55 34 75 37 17 1 44 43 7 32 96 82 16 64 76 0 82 10 41 23 118 28 113 40 19 87 6 42 80 55 60 121 89 27 12 44 44 102 88 38 51 67 109 105 64 33 26 58 68 126 87 10 20 19 112 93 80 19 104 4 54 121 121 34 121 113 104 51 54 39 92 85 14 98 56 87 49 109 104 24 91 100 108 47 70 63 37 107 73 102 97 48 94 45 65 39 7 67 115 59 104 104 55 10 56 64 72 43 40 68 123 119 68 88 123 6 77 75 126 69 100 50 51 8 121 22 50 84 79 29 55 94 62 110 55 42 116 40 75 4 78 52 33 118 44 10 60 109 94 123 104 44 109 74 90 23 6 71 107 67 124 1 57 60 57 3 5 42 13 80 22 110 55 12 6 110 57 27 77 94 1 61 101 15 122 115 0 36 70 40 94 118 0 117 14 55 47 29 14 118 24 121 37 101 11 18 11 124 7 106 33 52 27 16 2 78 112 30 55 116 67 73 72 32 125 90 96 69 76 22 25 110 89 99 10 17 46 16 100 52 30 116 66 70 29 38 102 20 117 26 91 82 36 100 67 104 53 54 56 34 98 45 67 2 87 106 98 27 41 51 58 122 29 89 56 107 92 97 107 66 99 116 89 9 88 118 21 125 114 52 108 100 123 9 78 95 118 69 63 55 63 15 108 81 48 113 21 13 125 47 126 90 74 58 98 8 30 1 58 50 76 32 64 91 103 123 35 74 34 80 126 83 99 5 69 21 99 119 118 40 97 74 70 31 109 115 125 33 95 81 86 8 47 44 100 6 8 69 123 77 65 31 41 23 16
5 83 116 62 30 20 48 22 21 96 126 8 16 9 38 12 30 69 33 111 12 59 1 48 32 68 88 85 60 108 117 56 125 58 22 24 92 49 71 98 116 123 55 44 67 81 123 41 25 67 17 37 52 85 78 9 1 122 71 23 33 26 104 23 77 59 63 122 108 108 93 104 34 19 57 13 19 52 97 64 12 77 113 10 89 123 72 12 19 106 111 20 113 111 66 30 28 52 91 0 85 77 81 78 32 0 72 60 74 111 14 46 118 122 95 110 121 91 44 22 26 108 69 17 125 88 17 113 49 52 94 56 27 36 24 3 53 52 40 40 119 126 81 37 10 56 33 39 102 27 95 42 124 11 121 126 3 93 82 93 123 52 34 120 71 114 100 71 58 23 24 51 54 68 47 84 86 95 25 106 106 35 105 25 8 31 126 80 101 107 101 63 43 51 63 114 64 82 99 90 97 27 105 84 1 6 101 88 56 67 112 7 0 114 113 7 114 6 25 16 103 103 37 24 47 92 79 72 106 42 13 120 68 78 33 33 96 103 69 68 63 71 89 90 126 81 50 70 31 17 107 22 22 76 72 90 62 104 126 67 89 88 108 124 46 13 83 63 5 33 5 45 10 48 24 48 61 39 7 63 7 12 41 87 35 17 27 115 24 36 122 17 13 117 12 106 65 10 88 11 43 106 64 84 2 29 108 24 66 72 114 32 39 21 111 121 98 14 26 14 70 117 102 103 75 10 55 17 36 13 104 109 28 109 17 65 125 66 87 62 73 25 102 32 79 46 73 89 30 11 92 104 78 0 113 83 106 86 39 37 33 58 17 91 60 23 34 54 9 21 21 31 99 122 52 126 70 17 35 79 3 44 107 58 37 92 11 28 33 52 27 21 79 24 41 117 15 43 7 91 60 126 68 84 30 103 59 53 67 94 7 2 68 48 6 78 89 31 52 50 109 117 112 84 4 22 98 103 107 123 65 52 103 17 27 59 106 73 125 91 10 102 52 61 103 35 29 43 46 36 51 78 118 39 56 60 98 61 7 117 58 118 58 11 63 9 86 106 99 21 33 3 67 33 41 99 89 63 7 48 8 8 33 31 11 14 0 84 24 81 67 98 32 113 56 37 46 95 4 4 40 53 83 65 46 48 21 102 62 113 15 53
124 106 69 110 93 58 64 41 7 42 5 77 107 43 94 104 57 93 3 124 86 87 109 20 51 73 19 48 92 77 67 32 19 65 79 67 114 6 82 25 37 47 121 47 68 22 97 118 43 53 81 77 15 29 55 58 91 88 65 57 7 67 34 58 72 56 115 67 95 86 67 122 81 88 103 96 40 49 106 35 51 58 83 70 113 90 32 103 29 53 28 32 66 76 101 88 24 98 77 84 118 89 97 43 19 8 115 40 112 51 124 113 101 80 98 82 71 9 64 52 34 63 88 109 100 3 100 99 34 44 74 77 13 76 118 120 31 76 15 114 71 101 28 12 38 113 91 95 27 12 61 117 53 83 63 1 26 50 83 109 70 28 108 22 61 61 1 6 108 116 60 61 61 34 92 69 50 87 107 84 65 75 24 37 35 77 28 91 20 37 102 100 124 117 54 57 20 81 123 17 19 8 19 47 39 18 32 98 73 40 16 86 92 45 114 2 22 26 87 8 92 122 14 104 42 34 66 25 56 73 60 77 116 20 84 32 114 92 126 53 40 51 106 81 9 116 4 46 91 100 65 73 78 48 108 33 110 100 37 68 113 118 1 68 82 77 102 13 95 10 65 123 62 85 82 92 121 49 77 16 107 12 8 28 51 23 55 112 40 87 59 46 93 37 110 97 81 24 88 58 117 2 67 58 28 28 83 17 16 24 23 47 115 88 106 25 32 30 101 76 48 105 56 28 38 48 121 113 59 104 9 72 6 88 105 102 112 67 26 39 83 91 58 25 91 102 83 23 64 64 97 107 126 120 109 55 105 17 41 38 110 118 88 120 22 99 93 68 117 125 106 17 91 84 3 98 45 5 120 76 66 25 4 9 26 36 81 80 50 104 50 36 51 104 86 11 87 57 54 91 0 73 26 84 82 45 105 66 47 124 74 16 40 55 64 8 96 78 1 94 28 79 58 37 48 69 88 63 78 116 48 125 89 103 89 38 39 21 22 42 126 52 17 119 15 24 5 8 99 22 80 83 112 78 77 6 50 16 48 55 99 47 37 39 121 101 87 63 29 75 40 1 93 6 29 89 119 77 124 77 86 121 23 60 15 47 36 5 47 93 6 69 33 108 36 67 90 52 93 102 106 47 21 97 36 90 36 75 30 117 76 52
107 26 30 13 66 19 102 67 101 51 13 117 6 72 125 113 43 123 37 14 52 55 92 82 55 54 51 22 100 37 119 109 15 57 5 23 18 17 90 88 21 126 71 39 38 16 86 26 0 12 104 17 38 92 123 91 36 25 8 15 117 106 53 103 65 99 43 65 1 118 73 55 31 73 38 69 85 62 116 119 114 102 24 30 68 34 27 23 119 93 46 15 8 100 52 32 76 106 83 96 31 57 30 15 88 111 36 97 58 30 35 9 112 100 3 44 42 125 19 37 26 9 54 123 26 93 92 77 76 65 87 110 126 21 48 49 94 71 121 29 18 41 16 78 67 52 106 40 84 7 15 66 38 14 35 72 104 83 84 92 22 77 126 3 112 96 24 93 69 68 58 59 54 114 68 102 121 69 6 5 0 77 62 72 9 44 39 8 102 76 126 95 59 29 37 70 58 122 58 0 46 40 102 31 115 3 87 100 41 25 9 79 7 50 114 3 21 24 69 61 80 92 58 27 117 44 118 37 54 114 99 60 13 1 5 125 22 64 120 10 1 15 19 5 28 21 113 115 120 61 108 6 110 59 14 68 39 108 37 100 29 102 105 12 21 125 77 58 67 0 2 99 83 86 59 97 63 46 36 78 31 46 34 29 111 48 108 115 35 53 37 29 29 6 122 8 22 81 68 4 102 84 123 80 37 10 13 99 85 42 53 57 36 24 73 121 77 30 39 125 100 19 3 45 79 67 100 65 79 103 96 75 97 107 27 77 56 61 114 99 102 88 1 100 84 113 44 116 23 67 33 57 108 29 69 6 69 34 35 11 91 115 74 122 70 31 34 76 114 57 52 34 12 2 124 22 13 89 58 63 27 11 94 3 107 2 62 95 39 126 77 83 116 55 85 113 104 94 36 125 25 71 71 15 59 85 77 93 52 11 37 97 18 42 34 66 124 85 81 34 122 52 126 67 101 122 10 94 107 15 93 24 94 44 46 91 96 72 25 107 60 31 111 7 75 89 43 119 27 106 79 40 29 112 123 65 41 65 123 22 72 28 96 89 0 12 69 96 48 10 95 117 94 85 73 44 92 7 63 88 39 29 33 6 65 71 32 101 50 110 46 0 84 73 62 108 69 34 33 57 43 85 4 27 23 41 0 123 118 55 91 54
120 7 81 38 117 10 114 95 118 95 103 2 74 122 84 2 92 25 83 120 109 19 108 4 58 118 85 106 5 51 54 18 104 120 8 29 6 105 29 108 92 71 64 109 97 52 70 63 18 26 107 79 24 56 110 6 66 104 56 26 43 71 100 103 31 55 112 107 49 8 34 110 49 27 123 28 20 76 3 109 41 22 125 73 99 87 100 95 9 84 37 103 18 57 68 4 62 38 92 9 102 101 107 26 50 45 28 31 39 41 29 105 87 66 31 4 103 91 37 114 1 4 27 33 38 70 33 100 107 112 34 1 68 23 50 63 59 37 58 68 81 76 13 30 111 44 72 22 47 41 119 12 26 78 96 104 4 42 65 10 48 43 20 15 120 68 37 19 93 76 37 110 27 43 120 103 50 53 90 36 65 122 6 90 101 69 121 9 46 44 80 107 14 24 90 26 14 117 94 109 52 35 98 30 45 49 122 75 13 94 114 26 82 115 14 8 54 88 90 33 6 43 46 107 43 118 91 22 108 36 47 9 50 118 58 83 107 112 77 61 73 34 13 68 40 108 43 18 5 15 54 83 83 24 76 71 26 123 65 76 66 107 7 71 100 37 59 89 77 18 18 117 1 125 66 82 11 59 5 56 118 64 29 92 90 76 2 92 53 97 46 19 83 2 28 104 27 125 68 20 59 81 122 64 101 3 62 46 105 34 92 9 93 43 5 104 78 43 76 27 64 78 97 108 0 55 22 81 76 125 85 42 123 15 42 116 3 91 111 49 52 7 29 79 25 95 105 53 100 95 17 89 111 108 87 58 125 121 5 61 72 81 116 85 112 93 92 115 104 27 116 48 85 108 17 25 47 14 109 15 79 49 59 95 30 103 94 9 116 41 79 47 19 108 126 46 63 4 64 124 124 79 54 12 81 19 3 88 19 16 43 55 58 17 122 18 124 111 104 81 118 9 29 114 77 29 7 54 53 106 41 34 60 111 66 75 89 48 27 118 114 30 113 14 72 78 81 122 9 114 31 3 58 45 45 42 71 110 84 89 86 46 33 93 72 57 28 29 41 59 45 82 22 32 62 92 83 73 107 121 2 52 88 112 73 16 1 95 44 116 65 22 51 10 51 52 14 75 18 67 52 76 124 53 72 10 118 51 35 48 116 47
94 102 5 52 4 117 27 114 98 105 36 22 122 81 64 108 47 110 8 38 51 60 72 67 21 89 3 37 114 24 85 10 119 34 54 34 87 68 100 54 7 67 20 124 105 121 40 103 124 118 5 66 100 75 89 62 117 5 52 84 92 59 35 9 80 62 84 59 71 100 18 6 70 1 115 117 6 3 79 85 120 25 126 87 66 9 54 109 7 57 115 27 40 74 59 109 24 110 66 93 71 43 54 62 7 64 122 71 24 105 3 66 46 111 89 114 45 5 86 52 12 31 124 43 15 88 116 88 58 58 13 81 63 112 47 22 124 91 50 73 42 64 78 42 37 15 91 17 112 43 102 17 106 114 44 0 105 18 19 107 91 86 4 106 14 48 82 22 65 14 35 103 48 111 104 5 24 4 40 72 110 18 73 0 107 20 41 84 46 43 55 40 123 124 50 106 101 78 113 60 57 88 118 67 51 10 15 35 114 29 9 116 116 66 77 8 33 122 106 16 64 41 25 45 84 20 6 93 19 45 15 26 76 115 40 77 8 31 23 64 42 20 14 8 39 13 85 101 26 67 20 115 90 37 71 41 103 47 36 14 92 1 60 29 85 86 8 94 56 31 111 80 25 100 115 122 96 29 85 37 72 106 64 4 46 51 90 2 74 120 74 51 5 107 54 46 113 13 80 24 21 68 65 117 85 36 67 111 8 20 0 90 35 0 60 29 126 38 9 122 56 120 93 40 100 40 16 80 50 32 36 98 113 99 4 88 20 86 74 50 103 67 52 107 26 98 69 92 88 1 51 124 42 116 74 88 91 114 69 58 63 75 29 18 1 58 122 59 109 123 80 21 13 20 105 38 52 15 29 66 107 55 82 43 96 49 124 32 86 27 21 70 76 38 67 117 111 122 70 124 88 80 117 27 62 12 122 119 97 62 98 32 65 118 66 47 15 15 53 14 61 116 14 76 100 109 46 40 13 7 15 77 8 84 93 102 73 56 65 85 117 70 109 120 47 21 41 0 74 71 4 29 18 87 95 42 34 90 70 59 109 40 18 60 4 31 109 85 37 57 24 61 77 10 1 124 107 65 6 23 36 64 11 78 25 85 87 108 94 103 14 52 99 14 83 15 58 52 32 38 15 119 3 44 37 106 97 30 76 48 32 31
59 15 45 27 38 72 102 1 94 103 4 110 58 73 58 10 8 70 99 54 85 72 22 12 96 72 80 5 105 42 116 18 105 93 40 16 114 51 10 9 54 26 113 59 75 35 37 55 35 10 14 59 71 29 36 118 76 9 108 34 40 77 59 64 58 51 106 55 93 54 77 59 114 117 26 112 17 55 0 89 57 82 90 114 90 55 105 46 59 51 124 122 9 20 80 63 71 113 15 115 85 76 48 10 65 6 8 100 32 42 6 105 52 70 53 114 41 92 81 11 122 91 28 83 24 58 98 79 125 41 7 96 80 28 5 32 6 49 116 18 101 90 110 50 12 108 52 25 3 15 61 16 12 43 104 53 115 92 58 8 41 113 84 55 49 117 61 79 20 8 95 58 100 83 74 5 83 124 57 56 99 64 56 59 119 8 107 79 104 72 5 4 64 62 36 100 22 98 59 122 24 19 27 66 34 16 37 86 7 86 26 78 116 32 24 53 53 12 123 94 30 110 15 79 73 46 42 82 104 91 119 70 37 52 13 123 44 30 28 57 91 74 41 88 1 106 119 32 83 14 8 38 113 111 87 55 91 4 43 80 82 89 10 59 114 14 105 126 106 121 26 48 101 51 31 100 15 72 58 37 99 10 36 123 47 114 11 71 44 37 19 51 17 49 111 36 114 26 7 77 53 1 19 92 49 88 27 31 12 20 36 86 80 44 85 62 84 97 12 67 49 34 90 71 43 100 56 63 105 103 15 87 97 107 43 29 49 71 37 92 118 120 16 114 4 23 37 58 14 71 61 80 26 3 100 105 53 3 57 111 50 86 54 10 7 91 18 111 47 15 61 92 83 109 82 63 36 15 32 119 24 60 96 110 10 38 82 66 57 17 51 89 40 56 35 92 43 78 107 75 71 78 53 17 19 65 28 97 90 9 76 98 64 48 8 50 49 28 119 81 122 18 57 86 73 72 113 68 101 22 64 9 1 3 115 112 89 12 75 32 110 23 102 40 52 122 112 77 77 88 72 41 39 39 27 124 44 121 102 49 86 100 52 68 87 109 46 59 103 22 61 93 100 108 43 107 90 65 121 114 120 70 23 18 95 51 111 55 28 65 16 74 93 23 56 85 86 55 12 33 75 52 54 20 123 104 111 60 47 70 0 87
57 2 55 126 5 42 91 49 92 99 29 55 120 46 98 64 44 65 9 1 24 25 72 11 15 113 104 117 2 18 105 43 71 27 52 48 77 93 76 120 51 57 37 23 103 1 104 85 29 17 125 100 2 121 35 87 119 115 96 93 126 75 93 99 61 75 86 119 96 35 80 27 30 43 109 67 24 64 98 84 8 18 55 30 91 22 89 97 87 58 73 113 125 59 118 22 46 115 19 99 3 15 47 0 89 80 106 17 23 11 106 37 19 88 36 110 118 22 42 106 112 8 23 10 5 77 61 2 69 79 118 111 77 88 76 126 82 23 47 30 15 79 44 83 8 90 105 41 33 45 38 22 74 29 123 80 109 87 7 66 115 50 68 40 55 100 30 54 61 3 90 14 103 47 59 114 107 83 19 51 83 53 9 1 30 8 59 88 26 94 78 75 109 3 77 76 23 59 62 47 55 0 19 2 85 42 116 11 70 59 3 56 70 92 83 33 65 31 72 79 7 11 14 120 68 78 82 113 8 126 67 4 60 39 113 72 69 43 75 106 8 45 112 46 45 85 80 92 79 59 28 68 70 20 104 71 10 8 119 84 57 124 1 109 19 63 113 124 116 118 51 52 111 73 65 109 58 112 38 69 81 82 37 78 34 91 76 105 42 106 24 73 46 42 121 117 15 14 37 91 106 93 16 101 37 117 12 119 18 44 113 113 60 119 47 10 9 31 40 125 5 33 39 75 82 28 33 50 12 2 59 11 71 99 51 106 104 91 123 49 8 77 77 57 23 78 29 124 56 1 40 57 29 14 27 66 76 80 67 13 13 24 46 33 103 103 53 67 37 95 68 82 48 32 39 12 106 31 78 118 113 95 53 32 30 31 4 22 9 87 126 30 115 88 31 115 7 95 34 73 101 37 64 59 108 118 98 126 8 46 62 99 14 122 0 22 109 75 97 4 23 88 49 105 1 61 125 35 113 120 38 35 118 43 79 108 99 74 46 115 72 89 44 85 79 94 34 30 11 114 56 49 65 44 104 125 118 2 97 9 11 110 113 12 74 32 34 110 109 56 46 49 9 104 54 70 9 29 58 79 110 57 59 123 112 32 95 96 124 121 63 80 26 3 35 75 14 28 66 63 60 111 60 53 25 7 61 7 42 5 62 39
110 25 46 18 3 7 10 70 70 116 5 112 98 63 44 71 66 58 115 99 30 56 120 86 80 16 73 103 33 10 18 105 61 32 66 96 5 76 68 73 117 39 30 16 81 33 76 20 81 107 5 108 0 39 20 9 8 84 111 79 87 72 122 61 32 83 14 49 113 10 16 51 84 96 55 62 73 98 104 11 11 104 83 85 118 79 49 2 110 43 22 62 12 89 122 39 39 32 18 64 81 4 92 8 124 62 82 77 97 88 119 76 18 29 8 43 86 90 46 45 82 36 86 9 103 23 86 73 35 48 91 53 34 24 9 44 120 118 2 86 37 118 11 3 86 119 31 37 45 112 121 99 54 44 23 19 106 29 16 110 65 126 26 126 18 5 120 122 97 74 119 58 83 77 40 76 71 41 110 27 83 70 13 66 52 1 68 86 76 47 105 61 37 17 48 19 54 65 78 99 67 84 24 98 105 89 32 13 106 59 6 11 17 29 62 26 114 84 24 13 108 86 109 85 6 83 18 42 123 93 89 7 126 20 114 79 41 51 65 91 6 63 59 15 61 67 32 60 5 94 121 39 102 85 16 118 36 72 31 104 19 41 69 13 14 62 120 65 16 67 84 78 121 7 18 121 55 109 17 1 76 85 69 20 42 78 81 87 10 43 57 53 117 20 30 10 39 77 77 40 107 25 27 69 84 78 69 17 124 124 44 118 107 66 65 59 5 45 47 100 108 123 11 100 87 89 16 90 32 114 76 87 104 84 31 99 87 14 38 15 22 100 45 66 53 100 88 34 9 113 28 30 2 2 96 97 31 29 100 52 93 29 119 18 117 74 30 44 27 38 26 23 25 67 122 81 113 107 85 69 0 48 103 115 88 30 112 12 9 124 22 18 43 77 45 29 125 25 60 18 93 55 4 87 111 22 110 0 38 12 28 91 86 56 119 105 26 94 9 108 28 5 89 80 81 126 60 36 100 102 80 119 36 32 40 5 75 66 64 60 52 82 107 100 22 13 107 79 45 13 102 52 97 80 99 25 58 58 114 90 72 11 53 111 35 120 102 109 6 124 29 41 27 6 89 123 123 83 10 29 69 89 15 9 104 33 5 19 52 120 60 46 0 51 41 46 111 70 22 3 21 104 112 53 74 109 22 83 18 79 53 101
95 124 44 82 68 6 95 61 116 96 33 116 116 38 9 25 66 52 19 18 103 52 82 58 78 74 103 53 57 42 32 41 93 81 5 108 106 13 24 69 38 28 19 36 35 30 5 116 125 76 114 54 6 91 112 86 117 114 108 106 109 29 16 111 9 122 35 50 30 88 38 63 81 116 55 74 117 114 41 120 102 85 20 4 97 31 53 9 95 119 47 71 7 1 102 76 55 119 34 123 106 11 76 8 42 88 49 4 21 54 92 69 5 28 21 55 89 117 25 98 60 107 25 17 78 20 68 61 77 33 6 4 35 70 107 15 23 75 49 13 27 39 82 39 10 0 73 40 34 63 22 6 5 30 71 53 27 15 20 11 63 32 9 47 25 89 113 98 124 52 56 91 111 17 49 22 80 38 122 64 45 38 123 111 90 85 49 77 118 41 24 117 55 37 106 66 4 77 28 102 3 88 15 117 53 72 3 19 20 56 111 78 101 33 63 4 122 103 78 98 65 45 98 22 49 107 95 115 120 84 105 45 53 59 25 95 33 70 18 125 107 78 59 67 81 109 115 82 67 101 92 5 103 51 24 27 13 55 99 96 36 113 97 56 42 35 36 60 56 89 95 111 75 44 8 0 123 103 59 106 75 36 78 2 15 93 41 16 32 122 30 59 76 68 101 39 47 54 79 115 99 45 29 113 102 55 85 81 34 81 95 77 113 104 34 46 54 44 91 44 72 23 119 68 30 79 91 16 0 123 92 21 0 123 77 113 6 1 119 29 91 95 24 19 11 58 44 82 69 88 52 121 12 53 45 85 41 31 24 39 17 82 105 18 101 81 19 116 31 5 87 66 5 77 120 71 40 54 58 32 55 112 116 119 0 6 120 21 5 17 72 57 68 65 28 20 39 98 7 113 34 42 96 111 101 68 27 22 64 82 92 88 95 53 23 60 27 105 55 27 97 96 28 18 16 69 58 66 90 63 55 71 88 13 58 3 81 89 119 42 35 87 110 65 77 89 0 83 29 1 6 98 107 8 116 41 103 2 95 97 75 1 7 118 53 103 94 54 42 38 55 9 10 101 21 65 64 80 40 115 119 108 113 10 58 13 44 46 92 115 81 58 98 76 113 35 91 78 66 112 44 1 81 12 100 42 47 30 12 14 61 3
11 112 101 117 60 74 64 50 26 61 41 73 111 6 8 107 50 16 63 33 67 98 111 99 23 20 29 0 7 118 25 29 115 37 35 66 101 122 68 18 11 38 13 123 9 80 98 19 16 119 30 112 51 117 43 109 93 53 50 101 122 40 69 0 111 34 47 34 98 115 86 40 69 65 122 17 39 82 5 25 95 14 102 84 92 109 109 87 117 10 11 121 114 26 105 12 57 1 57 107 36 125 113 103 99 12 57 44 78 49 12 108 67 32 34 62 32 17 81 77 11 68 61 77 100 14 69 100 126 115 118 23 5 114 100 16 115 92 31 123 28 31 45 7 106 24 47 36 4 56 6 31 29 94 81 7 2 113 45 72 61 67 25 31 79 106 126 2 53 85 15 11 21 109 107 83 122 124 69 100 22 77 101 117 25 57 32 117 43 70 26 38 66 59 13 54 53 83 60 62 87 92 99 17 100 117 34 17 87 75 91 107 109 4 103 47 3 73 126 88 87 30 119 97 106 44 117 56 44 101 9 70 2 103 10 29 59 19 5 20 64 44 99 88 72 59 40 47 33 62 66 58 77 107 45 110 116 14 70 74 32 99 29 55 90 8 63 31 69 16 112 59 36 93 92 100 116 40 104 55 60 65 13 123 99 111 88 32 22 41 59 59 50 120 86 55 5 99 85 115 73 35 73 120 40 3 119 36 107 1 116 42 70 99 43 119 91 8 103 47 51 12 100 120 52 108 46 21 57 51 111 60 47 48 64 124 43 58 97 22 44 29 108 102 2 8 92 17 35 54 32 31 119 4 101 88 16 5 51 110 40 79 112 89 40 27 76 106 61 36 54 61 23 26 107 50 119 7 58 10 62 41 96 96 83 88 9 103 2 102 24 16 125 13 125 111 1 110 54 18 30 98 93 122 111 82 39 29 73 98 34 109 120 118 113 65 49 56 79 12 101 19 90 81 124 35 34 86 122 82 97 4 40 79 92 9 43 121 50 32 57 74 55 29 24 41 107 37 42 16 22 7 64 31 85 85 14 7 103 41 83 36 100 46 20 110 17 97 46 26 87 62 51 74 79 104 120 50 42 25 18 123 22 80 30 101 16 62 8 78 60 118 51 68 78 12 27 36 8 97 25 77 98 65 10 87 19 90 108 98 116 117
43 103 73 87 61 48 17 101 9 21 19 97 47 93 68 69 40 55 102 46 78 25 58 96 97 96 21 53 26 108 83 73 40 46 85 3 45 38 84 66 45 68 102 18 86 126 40 97 31 94 29 43 17 116 9 50 48 122 83 25 2 65 124 124 120 88 66 88 106 120 60 31 85 3 126 36 93 41 64 4 42 84 124 67 77 119 25 93 74 53 1 2 122 97 60 104 52 10 12 103 28 65 115 115 86 119 61 33 20 71 60 54 35 40 1 78 73 25 60 110 110 97 23 73 70 120 1 6 90 24 71 116 103 12 58 68 91 25 9 125 16 118 58 73 69 18 24 48 122 100 123 122 54 6 121 5 122 59 40 4 106 65 106 5 79 67 115 115 60 2 106 78 45 79 3 67 43 112 112 6 116 31 51 102 65 23 94 45 69 72 10 125 96 78 43 97 119 60 82 125 13 96 82 87 100 6 10 110 24 84 56 29 34 31 60 115 116 97 38 103 27 31 76 53 40 66 87 40 30 83 2 30 84 41 104 98 33 124 124 94 98 109 6 119 69 126 30 12 33 104 114 60 33 25 100 96 54 78 6 67 103 61 56 100 110 123 80 13 5 11 25 78 81 82 17 121 62 56 98 11 8 56 84 98 94 49 46 125 79 109 3 94 100 84 65 20 11 22 113 97 6 119 84 14 14 17 77 32 28 53 1 83 27 30 11 38 117 114 117 6 39 67 15 66 22 91 99 63 94 71 32 104 10 26 18 56 43 67 18 0 50 33 10 62 35 55 71 87 74 3 66 28 91 36 86 39 1 43 94 0 69 88 73 33 54 81 83 68 109 105 70 126 100 43 12 82 62 15 125 105 39 88 28 48 7 89 94 79 96 33 69 126 54 14 56 4 122 101 37 80 90 83 91 118 117 90 76 57 122 86 112 70 66 83 78 15 38 121 74 120 23 32 55 101 25 15 102 82 7 74 42 97 0 93 23 126 103 107 1 59 51 67 108 28 102 46 23 58 66 126 43 106 56 119 96 70 16 88 81 16 26 76 78 43 108 61 125 65 6 114 111 88 14 20 122 54 78 4 68 111 110 16 31 49 102 123 19 45 113 9 100 45 24 72 112 32 108 56 8 88 90 7 47 126 43 94 81 97 124 122 100 62
76 21 34 29 112 11 5 7 109 111 81 57 53 4 95 74 111 83 72 58 81 96 119 2 102 41 10 68 8 93 116 58 72 67 70 2 103 8 89 113 105 15 28 50 49 88 47 46 124 70 37 0 16 16 69 121 33 9 43 41 57 82 95 54 119 29 124 25 85 121 119 114 1 51 60 16 70 5 66 11 95 13 28 9 50 25 71 21 54 56 83 93 106 97 5 116 88 40 40 32 56 93 18 10 53 79 33 65 3 18 82 87 113 33 18 11 17 24 118 109 86 58 4 100 48 39 13 74 20 109 74 6 55 97 115 36 125 109 110 32 93 86 109 47 90 64 6 79 123 27 17 4 107 47 71 46 57 46 119 43 28 107 116 70 2 96 6 37 64 6 94 27 111 19 51 14 101 118 42 98 114 46 56 124 16 43 8 26 19 57 117 115 17 65 102 40 63 55 115 57 108 50 39 0 14 68 33 83 53 17 24 21 74 92 33 57 45 38 45 68 25 22 88 37 5 18 31 89 96 80 15 107 93 101 110 9 39 11 40 118 76 108 30 92 92 5 78 97 42 24 112 112 25 43 8 71 87 83 74 3 90 67 94 18 116 113 103 124 4 106 33 14 80 54 8 53 59 81 50 5 52 30 108 77 80 67 3 87 100 39 119 124 8 110 8 123 2 16 74 0 85 11 91 91 118 5 76 115 40 15 121 84 119 74 73 66 89 65 115 115 8 76 33 15 106 3 14 40 12 52 27 104 98 93 0 85 93 4 21 94 59 29 29 91 1 53 57 78 29 16 91 111 85 11 103 10 95 50 65 40 104 80 54 116 96 89 39 124 69 50 31 1 89 102 99 61 93 86 6 76 26 42 77 6 126 19 13 103 60 122 51 65 7 101 36 125 28 126 27 69 20 34 17 13 122 17 84 60 91 56 30 94 94 83 51 91 13 7 82 90 0 119 46 64 54 56 32 24 23 53 3 72 77 2 23 109 12 92 83 94 13 95 34 58 27 70 102 103 17 114 96 121 74 95 46 97 0 95 81 122 115 10 72 120 35 44 19 118 70 23 89 108 16 116 120 101 29 92 68 1 0 121 120 98 99 24 94 98 13 17 46 95 49 16 70 100 76 17 92 25 110 114 121 123 20 10 37 114 59 1 87 94
94 57 105 41 90 37 4 113 23 50 13 87 77 18 106 29 38 4 118 49 2 21 27 117 106 54 34 88 115 113 2 100 93 110 100 93 55 42 113 73 27 8 91 39 80 122 23 122 32 53 76 47 74 120 111 47 69 112 87 19 51 74 107 28 56 97 56 95 82 83 89 62 115 48 96 37 23 100 125 42 64 54 113 71 24 21 70 59 77 32 82 1 41 87 100 43 14 46 20 126 21 57 82 6 72 44 36 12 30 84 26 36 53 0 37 64 35 62 4 119 51 17 56 21 9 100 16 27 34 26 7 93 106 28 108 19 33 16 65 43 88 10 68 46 102 16 27 115 102 109 70 118 80 87 69 54 89 122 84 75 53 97 28 67 66 118 63 50 97 92 75 42 66 71 10 120 105 14 94 46 52 8 9 60 13 34 45 40 89 20 101 47 26 39 53 96 74 77 4 27 52 114 36 89 63 114 75 98 28 1 9 27 44 51 27 59 24 51 21 85 97 53 114 102 4 59 93 126 84 17 110 103 98 71 39 89 14 7 1 54 107 10 19 94 77 67 92 103 8 18 85 104 45 99 115 71 111 53 121 103 71 27 103 122 49 1 81 70 38 100 49 82 33 49 122 101 1 92 111 43 79 39 35 0 8 112 91 49 9 57 74 95 112 108 73 105 112 119 45 84 96 76 85 85 15 119 89 114 42 112 110 54 100 31 117 13 104 121 104 122 85 120 108 21 71 77 21 8 95 8 108 87 4 56 51 99 12 118 98 64 37 106 20 84 110 84 63 34 107 120 115 90 71 65 14 41 30 44 73 117 33 74 22 62 116 79 65 58 37 40 80 18 28 34 117 29 124 75 80 34 26 32 49 101 4 27 82 88 85 120 3 47 115 106 63 39 21 99 33 0 65 1 26 36 38 15 5 52 112 77 73 115 23 100 51 57 74 91 80 107 95 118 25 31 118 102 4 74 117 105 60 24 12 76 54 104 22 66 108 44 46 53 50 73 3 74 93 61 123 42 79 58 58 118 18 80 61 101 110 6 36 80 3 19 14 37 107 9 25 32 51 77 56 25 99 47 93 55 53 20 92 120 14 31 74 21 47 83 74 106 68 23 50 11 118 32 26 91 33 62 122 45 110 6 51 26 31 91 83 86 18 45
45 4 123 83 78 89 38 85 101 112 5 17 22 5 43 122 61 97 108 82 77 124 31 115 48 41 42 112 86 112 63 73 117 103 34 13 105 9 37 27 44 101 101 63 104 76 86 74 56 18 86 17 47 87 95 117 60 42 3 93 66 103 12 107 70 53 46 36 39 118 77 112 81 6 88 30 61 68 3 70 93 108 117 109 79 86 23 48 82 53 30 119 72 61 33 91 32 33 15 39 96 40 78 108 45 12 11 44 56 64 43 32 43 52 30 52 25 76 35 53 9 123 55 30 39 119 2 80 18 61 75 24 61 99 89 52 120 120 74 20 55 12 63 38 80 32 126 66 16 77 64 30 104 88 46 64 34 79 111 69 113 60 75 81 55 114 94 15 20 94 9 79 64 116 50 84 96 84 12 26 13 12 117 102 79 110 43 118 68 22 89 26 125 37 41 23 43 2 7 8 125 10 77 104 96 126 122 117 76 100 52 105 13 112 109 107 35 54 10 42 102 5 85 8 115 12 32 60 65 46 71 0 76 34 30 61 111 33 79 96 122 53 15 33 118 71 100 62 54 54 40 40 124 31 46 45 48 84 26 56 81 10 29 94 110 62 87 96 8 84 95 50 86 0 20 59 85 118 87 96 91 117 25 14 20 42 42 37 31 79 68 104 111 79 45 52 36 111 34 35 15 19 70 78 99 93 110 70 77 48 70 101 23 114 96 46 26 114 24 55 90 64 44 113 114 56 33 90 46 25 74 120 94 60 81 37 116 112 61 2 34 13 120 8 85 125 53 17 0 110 22 72 26 120 3 13 92 79 111 33 100 51 62 24 52 94 71 58 82 85 100 68 58 42 44 49 11 31 74 112 112 111 72 16 124 57 92 114 9 54 46 23 42 38 10 112 91 56 86 26 35 11 87 78 26 121 107 69 43 44 114 81 54 40 49 93 20 57 64 22 105 24 26 64 6 9 91 54 69 6 72 79 78 22 29 62 28 23 81 16 32 51 111 74 33 55 24 103 93 123 77 104 48 117 14 58 4 86 40 89 98 66 79 107 3 91 90 96 54 17 126 34 43 42 113 18 95 53 51 22 88 1 23 47 120 21 31 82 118 92 38 112 21 56 18 49 73 118 91 7 37 36 42 88 34 5 41 31 55 11 102 58
30 69 71 50 0 77 101 117 25 83 113 46 41 4 73 56 98 61 94 36 60 67 64 109 60 1 90 53 91 29 123 63 27 59 89 4 89 46 95 55 94 94 50 48 113 68 49 90 34 11 118 93 114 35 86 35 42 23 9 71 32 102 69 22 48 106 22 47 20 56 115 70 19 42 30 50 37 107 68 126 84 53 5 79 23 72 65 49 67 49 110 125 27 44 85 88 62 68 102 60 94 109 58 102 110 22 111 75 7 107 95 64 71 117 118 106 109 71 117 38 28 56 36 63 111 82 31 93 11 23 60 94 95 61 33 6 64 108 7 52 91 79 121 11 105 28 57 24 72 42 41 45 90 106 93 107 69 101 18 102 94 64 7 63 72 49 18 10 34 4 69 64 17 30 62 30 19 57 110 42 121 41 125 15 117 110 78 9 49 122 19 29 104 83 68 89 95 121 2 9 92 44 46 121 70 30 35 24 23 95 66 105 34 44 35 47 89 27 13 116 39 8 53 72 56 112 105 116 48 68 76 43 14 45 65 30 97 20 116 54 9 106 52 113 43 51 93 55 8 14 30 83 34 125 23 88 112 27 40 6 67 67 101 56 87 120 107 78 120 97 90 90 38 77 14 61 72 64 116 111 120 3 72 32 8 70 72 12 23 58 106 77 33 76 32 84 48 69 92 61 8 69 80 11 2 69 17 64 61 27 117 70 63 61 99 81 75 47 75 115 101 75 91 87 50 8 38 39 6 80 107 14 58 8 68 108 69 47 84 42 117 70 59 83 48 8 34 57 49 36 126 46 81 87 86 28 6 89 32 79 78 114 62 75 103 56 67 108 43 75 10 73 5 50 24 100 72 48 43 48 80 46 100 26 64 121 61 16 89 55 42 42 121 112 53 102 118 74 72 71 88 123 69 32 52 21 0 102 22 24 57 17 65 67 77 97 43 37 82 7 112 121 67 75 87 121 107 114 47 39 17 94 5 86 0 33 90 126 66 118 58 33 111 73 16 21 1 20 118 68 83 12 99 119 5 95 19 102 59 77 0 34 89 74 110 117 74 23 105 23 91 8 109 79 44 53 27 89 85 11 58 66 6 90 120 121 69 68 59 54 47 72 9 7 63 56 46 24 83 68 92 25 72 44 122 11 43 44 115 93 118 58
87 7 42 48 107 73 109 46 57 55 120 90 10 30 62 52 113 2 113 39 30 14 46 114 41 78 13 57 98 6 76 84 60 74 101 60 119 12 88 34 115 19 50 110 40 90 93 14 114 121 82 46 15 76 88 65 12 89 60 114 12 90 20 60 83 61 66 29 66 46 27 79 32 15 118 114 73 31 86 28 27 55 48 38 21 35 57 15 49 7 85 15 34 44 84 6 3 58 2 113 120 36 125 49 63 41 93 44 104 115 45 29 114 12 92 112 12 80 121 48 116 65 95 0 30 115 103 39 49 96 118 54 113 15 22 71 11 22 12 5 18 91 96 45 106 46 58 39 30 112 89 26 79 76 119 62 114 24 49 85 34 96 24 122 60 81 37 46 15 105 52 46 8 124 24 54 70 72 23 86 49 26 100 64 122 84 78 49 70 59 98 80 43 78 0 77 23 3 79 51 66 112 88 35 116 25 114 106 6 59 98 39 101 105 78 52 76 6 103 110 7 81 102 63 104 95 106 12 52 124 111 82 85 70 97 109 84 111 106 47 39 120 10 27 26 114 49 87 70 55 10 43 68 79 33 53 113 69 106 4 42 67 83 91 112 116 42 92 65 27 81 81 125 101 70 125 52 27 14 105 68 66 38 64 68 28 94 110 56 68 88 35 46 57 61 82 107 123 33 30 67 6 29 30 102 123 94 68 121 58 121 42 13 36 33 82 120 92 91 63 9 55 13 16 116 105 51 113 77 7 86 40 80 33 100 76 85 56 56 108 67 67 13 32 61 29 113 26 74 35 56 94 89 81 49 65 116 0 4 99 77 12 123 8 34 7 45 9 78 77 100 24 64 84 105 10 8 59 39 34 109 1 39 36 4 48 66 107 85 65 63 44 73 102 102 24 73 84 32 70 117 118 77 103 26 70 41 47 85 97 38 1 62 10 126 96 51 38 44 119 69 74 99 64 66 67 73 118 73 78 35 27 62 29 76 121 48 106 56 80 61 21 70 50 10 58 29 90 50 26 43 51 63 26 54 15 49 73 87 25 20 6 87 75 36 20 95 115 18 25 93 27 70 37 113 79 33 114 32 82 34 58 71 95 88 109 68 60 13 100 2 104 90 94 48 66 126 100 18 85 11 53 117 65 11 78 42 4 54 60 15 99
40 108 22 22 94 5 82 1 16 113 86 123 17 61 37 63 125 88 26 78 15 30 19 25 2 82 99 106 68 33 9 63 83 111 88 84 96 98 63 23 50 60 47 25 103 37 32 33 96 22 95 78 11 63 126 36 92 87 45 34 13 48 99 69 124 1 12 126 94 94 62 64 125 47 32 36 95 62 115 39 122 98 37 117 46 81 48 98 80 13 94 92 112 45 121 74 64 92 14 0 1 22 63 53 53 85 21 1 3 58 103 117 79 67 56 122 9 68 122 75 52 38 41 98 36 107 120 87 9 112 5 101 84 0 19 33 104 77 72 69 19 66 13 73 14 13 18 37 75 121 105 5 90 2 69 112 79 35 46 73 16 123 6 116 27 41 73 83 22 97 73 31 13 18 2 101 15 11 115 71 47 57 121 71 38 114 41 22 114 35 98 7 37 22 11 107 32 100 103 6 57 73 35 31 60 102 46 69 64 98 81 93 91 95 27 73 80 113 18 76 29 115 111 98 55 97 41 2 76 18 122 12 58 0 86 116 6 54 96 48 94 41 69 64 12 91 11 121 41 97 107 5 121 84 48 30 107 124 101 13 15 47 16 54 16 89 101 59 71 25 59 98 39 36 56 96 73 27 31 6 69 117 16 23 19 74 108 86 90 121 85 84 31 50 110 94 117 44 103 16 36 32 74 39 31 122 2 74 20 67 48 5 49 80 111 78 19 124 66 56 25 124 100 68 50 115 73 27 18 9 116 91 28 126 75 23 73 6 112 88 4 69 7 95 94 22 45 49 31 60 92 76 69 113 102 19 87 123 117 111 72 123 2 73 9 51 72 83 1 0 20 113 27 89 91 50 85 89 38 20 102 116 120 14 24 65 24 56 62 95 20 99 59 93 69 123 78 79 64 47 2 1 120 65 88 56 62 109 42 17 44 112 33 96 34 61 2 69 103 10 43 64 93 65 122 72 83 10 85 52 61 7 69 72 122 92 76 69 70 96 109 88 88 59 20 89 33 76 13 85 36 83 112 52 14 44 73 34 122 7 74 120 18 109 70 124 46 70 112 15 79 102 22 125 0 43 84 88 115 29 65 5 63 121 115 96 42 103 72 93 6 69 47 116 43 10 32 84 123 65 31 17 43 33 46 71 83 62 67 18 81 117
43 24 26 0 110 2 66 114 64 125 11 17 118 65 101 52 95 14 57 54 76 118 7 50 19 84 114 104 116 113 104 124 71 29 42 111 33 95 3 117 82 13 111 48 15 30 99 90 56 58 82 42 121 104 51 96 103 31 76 21 30 27 75 20 111 47 72 57 70 85 29 16 10 25 101 83 98 95 11 124 8 67 86 120 97 93 111 11 2 13 40 5 16 49 4 108 100 21 24 17 75 18 15 47 118 41 114 89 22 75 60 74 81 5 93 2 26 23 78 16 116 20 16 38 71 11 39 67 93 81 62 6 40 7 18 33 115 115 8 16 49 34 52 40 109 33 121 83 44 56 20 4 26 47 115 101 118 124 102 1 70 15 107 115 124 68 26 97 87 117 26 14 100 19 46 12 83 28 123 87 51 38 86 54 36 26 7 108 54 56 85 8 121 17 26 113 78 77 53 72 77 66 51 60 66 93 105 27 73 12 28 43 80 118 39 86 80 103 113 38 109 121 26 84 31 39 86 101 117 27 53 102 101 38 27 62 27 25 105 53 12 41 108 47 97 41 31 68 39 80 55 90 94 21 63 55 26 87 119 49 102 30 44 118 108 3 122 75 75 74 116 62 1 126 54 31 41 99 11 89 23 51 118 125 60 79 79 38 114 97 108 36 3 37 37 84 1 56 105 2 5 3 62 111 101 120 123 31 93 124 74 38 119 104 107 26 48 122 76 36 105 26 115 95 80 117 33 11 57 77 10 36 47 93 116 89 15 9 60 49 114 54 50 52 74 91 122 24 88 35 115 60 8 119 24 28 1 64 121 114 81 74 62 31 5 26 77 126 2 103 81 102 4 118 50 115 87 2 96 70 116 126 92 15 25 104 18 123 84 42 21 48 54 19 11 110 107 74 75 17 78 111 81 30 108 29 74 14 15 14 68 111 70 28 3 125 91 36 8 50 24 6 95 8 59 42 98 39 87 108 96 2 21 57 60 81 59 89 34 123 80 5 112 22 12 69 65 63 65 21 108 72 12 106 42 79 87 63 41 47 33 27 56 94 42 0 9 7 26 76 10 117 32 90 94 119 57 66 65 31 26 82 64 100 60 93 19 41 19 25 18 120 10 43 33 111 76 62 62 109 121 110 23 53 3 75 42 88 87 44 16 84
72 74 72 91 37 27 52 71 97 7 67 4 2 118 63 4 79 73 77 62 83 26 78 81 113 99 42 1 29 27 97 93 1 109 43 38 123 8 31 45 4 8 41 54 42 109 74 98 24 40 74 33 31 13 92 63 58 101 88 103 113 95 58 55 40 112 90 61 69 8 19 52 121 36 2 30 97 12 67 32 116 120 84 94 43 61 97 12 106 0 1 83 49 65 120 42 98 99 69 123 62 99 68 88 50 89 24 41 70 112 112 38 96 9 84 88 108 107 85 125 82 60 60 41 95 80 119 45 97 72 103 51 125 63 0 101 108 111 86 99 56 13 72 59 125 46 53 41 68 40 85 98 79 75 54 37 68 97 52 40 10 42 56 119 25 118 4 69 99 70 56 77 41 111 98 21 126 101 2 37 16 44 124 114 60 16 102 115 43 100 36 65 30 19 65 116 73 59 90 11 95 0 44 60 39 17 50 25 117 28 123 34 37 25 78 34 125 118 75 57 77 110 119 14 82 85 103 101 124 89 102 50 10 119 28 74 20 125 81 7 24 36 8 12 62 84 70 88 84 50 39 4 82 107 44 78 22 6 99 101 88 50 109 123 55 115 110 41 85 13 109 28 76 125 42 62 40 25 70 119 69 105 39 46 112 102 97 42 69 86 22 118 105 99 83 10 108 67 80 0 32 100 65 63 49 37 12 104 40 45 91 64 78 78 68 43 53 24 86 50 13 12 66 15 7 68 8 22 94 124 70 75 18 95 73 124 14 19 124 111 4 123 6 58 122 120 82 46 66 118 6 40 17 5 42 11 77 57 101 92 8 25 16 63 47 85 13 15 9 40 67 41 125 22 77 0 28 67 115 86 49 37 81 10 23 13 67 67 37 120 119 11 54 125 17 45 22 6 93 104 45 107 44 69 72 1 117 50 53 80 23 99 4 78 57 51 103 106 65 91 81 93 125 89 34 33 123 12 110 72 21 37 97 22 92 118 13 93 11 10 10 36 118 43 23 57 84 7 0 48 21 21 95 7 77 121 101 5 102 2 113 23 65 95 7 33 35 82 80 76 78 56 28 47 89 88 35 100 123 90 119 48 103 46 51 38 33 19 54 19 38 80 54 102 82 6 80 77 106 18 58 97 71 9 49 37 125 38 81 90 52 14
50 110 74 126 0 3 67 104 69 103 6 4 4 98 83 56 29 112 73 120 114 23 33 100 103 87 96 49 69 124 114 4 75 69 106 21 84 42 17 90 101 62 22 50 108 119 26 0 108 72 113 60 103 46 33 14 8 51 52 45 0 122 86 20 109 108 91 103 45 36 60 42 33 3 81 112 105 90 3 48 33 114 15 78 97 107 119 48 57 28 62 14 60 102 111 92 64 34 77 31 115 106 23 35 28 116 59 9 92 18 112 3 20 104 114 51 112 66 23 11 102 99 90 62 77 67 107 43 10 98 83 118 47 53 122 43 13 118 2 62 29 42 67 79 102 90 28 107 17 26 42 60 114 77 41 25 23 2 16 68 55 8 78 35 38 40 6 86 1 34 101 116 47 119 86 110 114 78 113 6 8 91 10 61 3 66 11 7 17 48 83 71 35 104 80 108 44 58 77 37 32 100 112 101 91 114 84 1 30 106 70 7 104 31 13 91 25 93 19 55 35 38 37 100 90 114 19 75 14 105 95 25 106 26 111 80 116 74 52 64 50 93 65 77 23 83 11 105 91 78 71 34 37 80 34 123 95 64 76 67 104 40 54 101 16 82 14 91 16 99 80 46 40 43 101 75 124 54 115 86 38 23 0 36 18 14 98 118 59 38 112 20 102 19 39 75 28 109 42 90 7 97 103 62 41 85 106 74 5 97 19 50 46 83 38 60 58 105 61 13 11 62 71 66 47 80 102 12 36 51 48 27 82 116 44 123 43 113 45 36 112 122 98 116 78 69 28 111 102 7 27 49 61 52 21 100 18 12 21 92 79 72 42 43 79 81 0 4 12 50 57 46 79 75 2 100 2 27 68 24 50 27 85 109 90 46 125 61 72 105 77 63 64 23 39 62 53 116 61 111 49 29 11 30 104 75 34 118 34 111 14 5 60 16 43 48 15 16 22 80 6 42 88 16 79 91 86 120 40 2 22 39 55 108 20 102 15 59 82 54 101 31 40 120 5 103 106 67 120 28 97 84 96 30 48 23 105 50 124 117 116 40 47 79 84 33 51 97 91 67 44 7 25 33 84 121 8 54 97 101 15 68 102 54 52 47 36 24 98 32 72 115 73 108 1 34 60 91 106 60 103 16 27 32 97 113 112 77 26 27 101 88
119 124 111 108 74 5 48 89 19 17 5 119 64 113 125 7 80 21 53 49 96 117 40 124 79 125 100 126 94 46 23 25 104 51 96 116 74 42 100 88 85 15 42 28 16 49 38 90 118 79 7 9 74 42 110 53 46 126 1 12 54 31 124 49 43 10 125 83 122 92 92 73 125 25 74 103 29 114 60 33 34 33 61 15 93 31 27 61 112 15 99 74 10 78 61 100 23 31 22 16 114 21 70 77 88 41 40 42 120 94 126 102 7 16 48 103 55 109 36 95 28 68 88 77 56 76 60 89 123 17 37 33 123 120 113 27 55 106 126 102 123 93 105 8 28 50 55 51 57 119 11 75 123 122 38 103 107 104 110 43 34 70 113 72 47 84 42 104 76 92 7 114 89 27 58 21 116 33 38 51 20 106 78 93 83 10 14 12 68 44 33 96 58 46 97 64 72 112 9 1 101 81 99 96 67 66 118 71 17 28 11 111 91 45 27 78 83 99 104 20 108 12 27 40 61 88 69 17 72 14 25 20 98 85 55 26 39 22 18 97 69 35 115 10 74 59 81 77 36 104 115 120 126 51 56 95 35 76 56 124 80 121 20 54 101 4 124 52 55 22 95 48 5 14 98 61 44 59 88 65 69 82 116 21 113 103 22 20 17 67 86 105 41 112 69 79 78 122 118 69 25 87 62 83 34 6 24 40 126 84 75 50 49 115 80 61 82 106 58 79 64 61 65 70 95 20 5 40 78 119 59 101 24 65 49 95 66 47 72 80 121 12 83 75 66 64 26 84 8 21 71 34 53 51 77 48 29 35 60 86 4 88 86 89 96 85 76 75 22 126 1 3 121 99 89 62 87 38 24 17 56 121 100 49 52 32 45 101 75 29 89 58 119 75 29 75 70 79 59 85 16 99 52 63 77 101 85 65 12 66 20 93 5 0 88 116 104 38 61 29 126 0 105 50 30 113 82 90 46 66 107 84 74 42 69 49 0 112 11 83 66 16 64 98 85 76 47 88 59 47 83 4 7 39 18 28 112 2 123 110 106 110 46 11 9 81 96 96 89 27 120 93 76 38 118 85 83 114 50 67 35 90 90 5 45 38 119 5 116 81 97 24 86 114 9 47 19 125 80 37 44 104 7 2 47 27 26 36 40 30 3 67
124 42 92 122 43 93 1 108 6 80 27 87 76 27 20 87 96 45 29 76 87 69 116 0 121 71 81 70 63 69 73 64 33 51 116 88 68 52 99 37 58 0 2 8 24 120 28 45 59 53 38 69 108 102 118 41 103 77 90 101 30 86 5 17 11 82 65 66 8 98 74 85 78 112 100 34 47 119 110 92 48 90 90 65 26 120 32 119 73 106 100 39 61 34 91 126 34 36 112 60 37 4 33 41 23 100 35 92 7 15 43 34 110 5 12 29 37 89 61 103 105 80 56 71 1 55 23 29 119 1 96 68 43 59 88 42 102 87 68 95 67 79 43 92 77 68 115 47 126 27 30 122 80 37 123 113 46 31 126 82 47 48 106 94 49 3 4 74 29 125 67 32 37 80 112 78 65 10 22 77 126 54 45 69 42 119 44 23 32 55 77 29 30 30 49 121 19 30 13 96 11 117 100 100 110 32 61 124 98 88 85 25 32 45 43 3 55 17 49 27 102 84 105 84 95 41 106 6 67 13 103 102 112 99 59 87 39 126 20 119 115 74 101 4 66 13 84 71 32 29 78 68 21 0 103 54 63 10 115 125 9 114 109 114 31 65 46 4 101 95 75 18 124 15 51 75 56 42 43 87 47 32 72 33 62 106 123 25 83 74 46 31 95 57 66 82 94 15 83 7 116 61 126 9 106 75 5 101 9 126 122 61 87 95 22 120 74 101 84 113 112 122 99 69 54 107 109 7 94 61 79 6 11 17 22 1 122 59 57 99 3 62 80 102 95 110 104 50 116 108 38 105 59 110 10 98 93 101 124 29 121 81 55 112 4 78 105 33 40 117 76 67 2 35 34 100 126 93 126 20 50 4 25 25 121 116 21 50 115 124 64 98 121 68 109 33 6 21 5 69 55 85 114 115 122 71 6 101 5 75 99 7 120 22 75 11 30 32 59 126 93 11 97 7 114 87 48 20 62 82 87 27 100 11 20 121 23 57 54 84 72 71 20 82 73 118 34 99 98 79 123 6 35 43 38 110 93 112 87 28 10 98 8 98 108 84 34 12 17 90 113 32 91 91 71 21 13 59 81 119 50 72 84 60 89 120 111 36 15 17 2 1 111 36 76 34 126 5 68 40 74 24 80 12 65 69 42 61 44 107 35 47
83 18 14 118 91 9 37 110 37 123 42 125 53 6 78 6 32 90 45 107 18 100 5 81 14 104 49 38 10 117 125 81 85 39 35 95 29 91 1 4 116 40 79 59 61 81 88 65 88 77 98 17 104 77 12 72 51 17 93 32 63 74 38 112 4 82 84 113 89 110 35 107 42 112 20 92 76 56 25 124 21 9 97 1 33 27 36 75 1 20 53 19 27 3 125 62 56 21 34 61 40 74 20 87 4 103 84 24 86 69 50 15 28 42 9 37 17 30 93 60 123 113 114 32 20 20 113 101 29 54 14 101 9 97 125 54 73 61 24 110 105 30 122 77 124 96 21 68 83 16 29 6 116 4 54 58 78 31 85 52 104 100 121 14 78 121 48 55 15 110 31 9 77 19 124 111 62 101 104 114 34 27 91 61 101 49 39 116 81 100 103 106 80 77 39 56 92 14 118 62 52 17 2 10 65 27 118 120 82 102 19 116 33 0 6 32 77 3 68 42 37 41 3 77 70 121 12 39 51 36 7 39 83 75 75 37 74 94 92 111 23 11 85 13 89 111 86 113 76 47 12 41 66 83 81 96 75 49 93 62 61 22 62 50 26 37 105 46 64 77 122 51 62 69 103 93 92 48 76 89 4 19 28 28 76 38 102 96 4 95 37 50 6 67 63 45 125 88 111 91 40 87 21 93 68 123 123 120 105 11 97 125 0 108 82 58 65 96 122 9 49 7 2 34 72 9 74 108 83 42 100 29 2 55 5 39 45 71 45 2 69 47 102 42 36 35 21 16 66 46 75 29 79 20 56 38 36 79 40 111 46 10 27 53 39 115 51 76 126 52 47 123 51 10 123 13 50 40 87 77 120 94 123 116 72 119 91 0 81 18 62 27 121 103 74 101 54 56 82 38 35 116 0 19 102 12 40 65 104 22 1 22 31 88 14 122 58 114 73 35 126 72 9 11 124 43 35 84 40 71 22 32 88 117 78 20 80 83 23 18 67 83 4 64 44 37 13 1 21 21 63 92 102 38 3 126 35 53 100 109 62 118 21 112 79 49 46 0 17 29 62 76 1 90 73 74 51 36 52 54 89 113 73 39 58 13 7 46 12 39 75 63 65 35 9 91 29 25 13 79 6 32 74 35 117 104 38 8 105 120 23 13
48 83 44 79 107 6 55 11 33 59 104 71 31 27 0 47 22 124 19 106 81 26 1 107 110 52 100 63 36 0 5 42 94 27 119 101 77 114 9 6 65 121 97 4 41 31 78 86 16 28 34 80 121 70 73 57 58 88 120 25 109 101 107 69 63 60 99 117 10 72 77 124 19 91 1 100 117 121 104 120 57 113 63 79 85 0 15 23 125 6 33 72 17 26 42 121 34 8 18 102 35 78 96 115 90 74 96 44 78 71 17 124 50 117 47 13 35 112 112 79 27 53 75 31 106 39 87 64 4 60 50 84 126 29 113 108 11 121 72 51 56 79 97 10 20 79 49 90 112 23 30 108 99 59 77 39 42 116 89 68 94 53 40 43 25 90 70 11 44 4 38 77 113 5 121 55 41 66 65 27 89 66 5 53 79 48 109 4 95 21 37 27 22 86 47 114 17 62 126 31 107 36 2 6 73 59 47 81 53 73 117 100 1 70 13 25 108 101 94 48 120 72 57 99 95 21 112 60 80 48 12 119 85 95 94 10 9 37 82 77 124 30 73 67 27 6 17 56 116 88 87 59 86 114 100 1 82 73 103 37 86 18 116 28 47 48 54 35 125 38 63 55 58 103 43 82 91 113 113 116 56 111 111 45 4 75 26 3 100 6 70 40 119 65 56 33 126 10 102 102 99 34 0 124 27 6 57 118 120 46 45 20 83 56 49 26 24 87 67 86 47 27 23 109 101 90 37 18 76 71 105 113 44 108 21 115 76 44 105 58 14 1 118 56 55 49 48 77 81 56 105 109 55 1 31 110 11 107 33 24 25 102 101 86 109 111 110 125 111 11 6 121 60 101 104 13 100 77 91 52 21 124 85 68 72 107 48 104 59 50 49 30 96 25 100 120 98 72 56 70 89 55 86 100 58 21 10 52 31 19 58 1 38 101 20 6 26 105 23 22 62 93 81 33 56 61 59 8 116 103 104 117 67 107 34 111 72 125 31 10 67 99 46 18 34 17 26 49 80 50 38 119 9 111 81 111 105 44 115 48 77 29 116 89 126 54 50 20 123 50 23 4 117 41 79 68 91 1 14 6 126 36 95 47 20 71 100 38 39 83 118 10 73 77 39 56 97 54 44 28 84 29 70 42 49 25 27 6 21 111 89 55
13 84 67 23 68 63 106 57 36 35 122 75 4 87 111 10 70 34 3 44 9 109 20 1 70 69 91 83 21 17 112 49 47 19 90 90 7 35 87 117 76 34 102 12 31 15 50 95 100 83 64 111 34 48 85 88 46 51 88 49 94 55 19 82 72 79 60 23 17 84 93 15 103 44 37 123 11 97 47 52 85 56 62 11 110 9 8 19 29 77 95 6 29 54 92 18 1 54 12 10 64 35 31 8 19 20 22 43 63 15 98 57 95 6 107 120 75 74 83 65 79 102 41 33 44 94 126 29 47 25 107 26 124 68 92 20 0 88 98 88 93 5 122 63 85 114 70 73 49 86 7 8 55 3 25 73 53 126 118 48 8 119 24 36 85 38 20 108 41 67 80 55 115 86 39 38 113 33 52 122 114 10 82 5 89 100 22 10 51 37 67 12 54 87 34 0 90 6 102 113 84 22 53 8 42 6 69 3 46 7 43 19 62 97 109 66 34 45 86 102 118 34 90 26 1 15 20 83 101 45 50 107 55 99 81 83 104 123 2 68 69 84 71 126 82 69 81 31 78 79 13 75 66 45 83 94 103 3 22 73 72 107 3 37 118 116 108 17 39 8 112 4 9 17 8 76 84 84 23 62 112 101 79 68 99 85 82 64 53 20 10 125 90 25 115 106 19 82 107 6 124 0 126 8 9 22 64 92 63 117 49 117 112 62 99 21 88 0 68 67 2 110 92 45 2 39 21 78 71 40 102 84 124 39 59 14 20 48 95 116 122 25 36 7 76 46 45 34 11 60 101 4 118 7 22 123 32 125 40 12 71 70 73 22 44 107 41 41 65 13 84 26 66 0 78 8 100 98 46 17 25 39 84 58 24 36 110 124 44 115 110 41 78 119 108 82 56 11 123 88 92 78 87 73 6 46 78 96 67 81 101 84 87 22 63 70 33 46 98 118 19 64 90 54 16 24 115 108 113 85 96 113 123 89 16 91 22 82 2 42 27 79 13 64 36 5 3 56 9 18 63 0 61 13 79 44 109 1 120 52 73 76 78 64 93 57 96 115 48 30 93 80 78 116 99 32 65 84 46 70 75 100 12 23 77 102 104 104 37 64 21 38 98 104 33 15 85 97 69 73 85 27 102 55 102 126 71 126 91 58 113 88
35 74 40 20 86 71 5 93 96 17 77 2 117 46 88 76 49 47 61 61 51 14 76 41 26 55 53 17 41 63 87 73 69 31 105 111 82 63 34 16 3 38 122 27 52 85 99 16 40 124 107 71 44 123 109 59 58 70 92 49 80 113 23 6 20 0 104 99 27 110 32 95 76 89 85 18 75 77 51 9 45 30 76 76 105 98 52 8 74 22 40 83 36 103 78 125 85 51 45 89 105 92 102 35 86 99 111 49 53 10 6 109 36 113 125 125 12 113 22 88 93 2 42 10 113 52 9 30 101 21 96 121 84 53 113 124 57 52 74 89 39 79 48 95 56 64 84 14 67 68 50 55 97 95 60 36 49 111 111 29 33 119 124 111 22 17 10 117 3 107 34 32 68 43 97 123 82 46 124 28 126 88 126 24 4 107 85 10 83 76 25 36 109 43 12 80 114 32 2 122 41 36 28 68 61 100 104 82 91 103 22 87 116 64 110 79 111 60 94 3 59 51 100 54 95 125 124 57 73 48 58 85 33 96 29 12 101 71 23 77 105 64 107 65 62 23 10 124 20 77 76 92 20 91 71 57 125 62 64 16 88 43 58 9 78 60 16 124 123 25 120 23 91 28 39 5 8 27 126 77 107 2 121 118 124 108 111 10 106 15 103 26 60 19 114 41 16 79 41 4 90 123 102 115 49 92 29 41 107 14 78 29 85 117 41 88 41 114 1 84 86 30 76 44 3 89 80 110 7 26 59 3 75 72 56 8 33 83 0 109 67 103 92 88 112 19 116 25 41 53 79 51 2 65 106 41 103 0 61 52 49 59 72 7 83 13 69 110 108 80 99 102 69 56 109 0 11 104 34 40 76 84 37 117 14 21 40 32 126 35 76 107 68 15 47 69 28 123 100 74 66 76 93 55 113 17 22 34 24 25 110 72 39 20 109 12 24 47 63 99 92 39 61 15 31 90 119 111 65 125 75 98 116 51 54 49 42 55 124 27 113 35 61 72 8 52 55 78 30 105 101 102 55 71 89 35 105 12 116 45 121 23 26 90 67 3 122 91 46 123 63 116 50 64 77 98 58 101 99 49 39 122 93 99 125 92 71 73 10 37 109 6 53 33 21 65 64 122 2 126 79 22 45 51 96 41 61 56 1 88 3 121
98 113 74 116 96 36 1 19 96 6 111 91 121 40 54 47 61 110 122 99 112 72 41 120 111 17 81 43 103 22 44 75 32 61 57 60 33 79 4 76 47 104 57 73 9 98 13 57 25 5 16 6 3 111 94 95 65 90 20 43 71 49 24 57 6 121 56 60 84 92 99 116 117 56 56 106 44 118 45 114 16 65 56 102 121 89 43 6 90 114 33 6 38 44 13 38 114 2 38 117 12 45 79 93 73 103 21 105 34 17 21 4 80 9 105 7 17 71 43 7 102 49 91 67 78 81 91 33 81 38 77 56 87 70 27 100 65 69 45 69 8 121 115 33 42 51 16 1 122 114 109 21 44 1 44 75 34 23 56 73 90 14 2 72 17 36 70 97 8 75 10 9 63 15 6 19 45 113 112 123 94 120 114 109 4 51 83 46 17 98 98 15 52 31 86 111 1 99 47 81 120 10 7 123 111 95 72 6 87 80 9 27 16 25 35 121 35 105 63 24 74 43 92 70 52 124 1 54 47 88 36 6 54 91 122 51 75 21 19 74 18 31 82 65 110 54 74 60 82 79 10 41 23 33 32 120 103 66 26 15 33 99 98 34 5 22 73 120 18 63 112 102 72 83 108 14 113 49 107 97 52 43 44 62 29 75 5 62 46 49 23 84 42 89 32 65 1 17 92 94 115 107 29 120 65 52 125 45 108 98 91 70 83 63 126 43 97 38 110 116 49 45 33 104 4 7 93 58 20 104 69 92 77 109 82 85 53 79 64 3 116 92 123 24 42 38 114 55 100 64 126 70 42 0 0 79 43 113 47 37 16 1 106 101 22 40 111 106 84 11 88 19 109 68 69 73 125 116 78 17 43 36 94 125 114 111 9 49 40 48 50 60 55 30 79 94 6 99 41 3 67 73 21 7 76 53 54 86 95 99 45 8 74 113 27 111 92 114 45 5 2 74 4 66 8 114 6 80 10 121 16 50 102 82 121 16 55 102 77 54 18 68 66 18 33 126 22 26 78 114 119 29 119 113 100 77 30 84 92 32 56 65 16 87 36 126 74 17 83 100 62 85 11 62 12 83 74 49 75 126 2 59 110 17 101 52 42 99 66 54 4 32 94 27 91 10 2 125 5 44 15 87 100 124 74 0 72 115 96 32 54 51
13 115 5 33 28 30 71 60 69 36 59 80 117 61 48 81 37 50 122 55 31 43 10 26 66 21 48 112 47 105 114 73 9 55 83 108 117 19 91 74 24 62 6 5 122 45 25 10 68 6 99 23 70 21 59 48 117 110 11 69 10 104 50 15 74 65 20 27 13 93 26 96 81 95 111 119 10 20 30 90 27 51 60 23 62 64 107 123 119 109 21 96 119 104 6 126 53 24 22 61 61 112 104 74 23 20 17 111 116 14 39 4 8 28 18 116 5 54 11 116 75 111 102 34 28 109 52 51 61 54 122 6 71 125 9 42 104 71 20 19 44 6 95 40 120 43 11 102 83 30 76 59 107 114 12 56 94 77 40 13 60 97 79 35 2 57 21 37 26 96 79 112 6 116 32 1 108 67 37 59 71 23 19 100 32 73 27 15 62 84 85 72 114 49 91 32 7 60 106 12 119 120 58 36 58 95 70 52 36 6 67 38 113 59 36 122 7 25 50 85 101 75 104 55 42 9 50 14 19 23 47 8 115 112 71 4 28 68 103 56 38 91 34 53 49 59 85 48 17 124 86 12 94 119 126 30 37 15 103 81 40 108 31 12 84 0 126 32 88 119 67 89 106 84 119 79 41 21 66 121 64 47 96 43 13 95 41 14 4 35 101 2 66 88 88 23 107 40 89 56 120 84 37 22 86 30 82 77 100 6 27 51 66 1 79 87 30 58 28 24 100 83 75 92 63 80 7 59 99 3 15 44 107 104 77 78 27 38 45 83 125 90 77 56 115 49 113 47 27 5 122 39 61 107 23 1 113 7 57 75 64 59 94 62 101 99 95 64 125 69 102 48 9 63 47 28 33 40 77 26 90 44 41 59 86 116 112 55 41 81 109 63 63 112 73 33 17 5 26 48 107 48 36 55 107 54 56 3 118 77 85 26 66 1 51 95 29 113 19 34 31 125 35 79 29 94 11 98 46 114 120 71 67 3 46 111 91 106 47 40 74 60 27 25 91 18 118 66 2 49 64 99 120 65 20 48 112 120 77 97 77 96 126 51 68 34 79 97 87 58 48 10 54 58 66 118 10 47 97 40 56 69 18 19 66 27 6 126 39 57 48 112 33 112 66 82 76 70 75 105 82 25 41 122 2 6 11 54 5 26 26 74
87 53 15 79 70 44 47 85 46 39 13 46 102 102 35 19 16 125 32 111 104 5 21 112 11 50 8 32 55 96 5 16 35 38 99 86 69 34 56 93 8 101 74 6 65 85 16 121 54 114 0 57 5 39 45 43 59 79 79 117 103 47 0 63 29 65 55 47 97 67 13 124 45 54 14 86 117 100 102 119 58 44 103 27 124 43 76 66 87 59 95 65 107 24 86 19 120 72 15 55 12 36 110 79 8 28 47 10 2 62 88 77 6 26 81 8 61 70 119 121 115 20 113 5 75 13 115 33 1 19 99 52 100 109 15 57 91 119 99 45 81 48 24 0 19 58 26 29 85 60 82 16 102 74 36 58 97 56 13 41 68 59 6 69 54 107 8 90 75 13 28 60 29 70 86 111 61 60 109 102 111 112 90 18 30 54 75 13 72 88 39 95 69 25 20 70 93 103 69 75 55 69 28 101 29 23 54 36 77 12 55 34 90 13 117 30 77 27 62 57 100 10 19 95 24 34 43 53 84 70 72 31 38 82 82 120 79 51 108 84 104 112 10 9 43 88 10 9 7 110 97 79 57 34 37 72 73 2 73 8 14 9 103 56 41 55 109 33 109 9 3 4 43 6 114 121 104 66 106 74 46 2 120 110 76 91 38 125 80 121 121 20 94 32 53 116 19 29 4 85 75 124 15 20 85 57 27 80 19 44 66 24 120 49 53 36 74 103 14 103 112 73 76 104 110 57 102 96 26 126 71 59 1 67 35 30 80 64 90 60 84 125 10 78 103 99 44 25 37 70 30 109 46 42 14 108 30 82 38 98 76 100 75 23 6 48 28 42 89 36 123 23 112 122 0 66 29 21 6 84 61 97 52 126 88 105 75 39 112 115 112 9 102 70 78 122 85 116 24 71 1 6 61 76 38 45 87 94 70 10 103 107 38 20 75 1 115 125 89 102 32 16 24 94 4 28 47 28 122 122 47 7 22 75 112 19 52 101 31 41 91 51 45 87 59 12 83 64 37 38 102 12 71 29 7 7 60 122 10 27 0 23 87 51 26 46 62 8 6 120 61 78 19 54 12 80 19 53 30 0 77 60 105 32 31 45 108 83 52 121 12 103 47 47 117 23 123 29 14 51 6 49 9 28 119 53 126 112 124 121 82 85
30 8 121 123 22 36 27 27 89 56 1 113 104 22 25 24 81 19 0 81 107 44 74 26 100 94 5 117 97 17 7 115 120 27 53 57 23 105 120 4 119 21 75 19 116 56 118 64 22 85 109 64 52 30 91 37 2 60 38 91 40 53 53 28 14 43 114 0 70 6 96 12 68 107 69 92 105 116 121 74 38 7 126 113 102 18 88 119 76 36 34 38 61 86 2 9 99 39 29 58 2 1 93 110 8 0 73 53 101 12 27 17 8 45 64 69 111 62 80 17 112 43 62 83 92 35 88 63 68 60 91 18 44 84 61 89 43 13 20 110 32 16 98 14 122 37 43 104 79 26 122 107 83 47 73 86 18 36 92 78 22 62 47 10 20 17 82 112 88 118 43 108 99 124 89 123 119 82 114 86 91 95 9 120 84 9 77 18 71 108 51 90 62 44 14 124 33 8 60 115 79 14 59 69 61 55 32 81 104 47 124 91 28 7 83 98 35 83 61 97 16 21 70 51 46 54 28 56 25 95 86 17 41 39 8 80 75 84 35 98 45 91 126 72 62 67 1 23 74 106 21 46 117 122 68 126 76 101 122 68 8 92 43 1 118 17 13 34 119 108 117 79 61 40 13 12 45 90 22 28 82 10 59 54 123 38 86 14 122 120 106 107 101 2 84 125 105 49 46 31 6 103 113 124 53 39 54 57 24 82 71 34 57 36 21 72 82 65 31 121 82 13 54 19 124 58 97 1 117 21 100 79 36 26 87 87 53 112 19 12 87 64 79 17 12 114 121 69 119 28 98 55 76 83 119 44 3 44 121 97 115 122 17 24 125 124 47 122 6 91 15 77 110 102 50 65 83 81 46 0 79 49 54 50 15 94 123 124 13 114 17 35 113 120 94 60 126 92 60 18 36 20 55 97 25 21 30 24 41 98 38 122 62 39 37 54 34 121 89 53 58 99 100 9 77 41 34 12 97 57 71 50 31 56 59 97 122 25 101 120 94 97 99 5 74 71 23 30 28 84 68 72 9 115 34 16 60 17 47 80 35 50 75 7 44 56 73 89 26 51 21 46 29 76 45 1 112 24 65 118 126 100 37 72 79 74 102 34 30 94 66 82 78 95 90 120 123 33 100 2 53 79 24 120 74 7 71 14 62 77 28 116
125 24 1 63 76 25 59 91 9 98 12 1 119 90 38 57 49 89 90 52 45 29 104 31 84 51 30 34 30 124 56 42 80 72 121 103 95 85 36 114 68 80 66 40 119 17 82 55 77 103 18 38 7 57 22 17 72 2 7 98 36 68 42 123 87 71 32 116 15 110 80 36 25 83 96 39 88 96 22 103 111 93 38 93 88 2 20 32 74 64 115 25 71 38 81 64 99 36 119 51 40 89 6 122 43 44 103 104 40 30 27 30 10 68 101 64 74 77 94 10 104 36 2 85 103 5 47 104 54 120 64 96 37 52 80 65 29 46 125 116 119 59 70 41 32 102 81 2 113 97 28 50 101 1 67 96 66 76 58 3 89 112 66 39 15 117 79 49 14 74 31 87 120 95 23 11 59 13 48 20 30 20 17 105 123 12 109 48 18 18 74 39 100 109 110 73 53 1 4 18 98 77 38 78 97 118 48 41 41 32 6 95 64 62 49 40 89 90 34 11 15 96 57 114 21 66 65 6 105 108 38 60 103 59 112 57 65 85 22 17 75 76 18 118 62 108 92 70 7 32 37 14 1 76 11 94 62 3 31 21 84 43 60 22 45 122 24 2 85 112 98 12 23 93 75 94 32 102 66 22 122 81 112 103 125 84 123 25 69 66 88 77 50 95 3 34 5 80 32 74 55 13 94 1 73 34 111 105 76 16 1 30 117 93 16 36 91 103 25 5 18 13 44 79 105 116 39 118 23 58 10 52 108 11 66 100 102 53 83 27 66 97 73 44 53 40 33 92 37 17 59 1 47 117 53 8 6 12 45 93 26 66 120 104 81 28 73 44 93 29 44 7 92 102 106 12 41 38 78 102 61 42 19 46 92 104 70 118 18 23 115 112 18 22 7 54 1 72 57 32 41 65 7 61 12 72 85 72 103 89 113 58 38 94 51 25 39 88 84 114 118 18 62 52 79 92 124 91 77 83 11 91 93 5 4 28 10 38 47 121 0 86 20 84 41 97 99 13 28 85 92 17 84 114 33 63 62 78 11 105 10 74 30 73 72 78 101 99 110 124 101 112 40 100 50 36 88 71 28 2 102 118 23 103 11 20 72 51 50 72 81 125 37 20 60 72 45 40 8 58 11 7 48 119 119 9 25 89 9 94 96 107
111 120 104 31 76 11 95 41 18 104 2 57 41 92 26 57 109 24 15 30 58 2 34 98 3 91 33 51 107 24 17 6 10 55 20 20 19 25 20 11 30 107 66 88 26 44 115 79 51 58 37 16 81 42 104 123 51 18 111 1 56 33 122 95 104 1 60 25 86 91 2 7 91 111 25 43 10 111 83 112 28 125 102 126 49 76 74 104 68 9 43 81 50 49 104 30 114 117 105 60 39 94 48 10 4 53 26 85 73 87 63 55 65 30 66 77 123 41 95 77 55 92 16 73 125 56 46 78 19 40 65 51 82 64 94 125 28 88 33 89 39 89 62 59 68 113 61 102 83 110 91 49 59 104 5 47 90 12 104 28 93 32 22 47 37 99 126 5 17 89 44 100 45 126 90 24 83 81 35 56 55 41 37 20 42 98 63 4 81 3 93 65 73 12 71 117 7 103 73 6 16 110 4 124 126 59 3 12 7 94 102 116 98 99 123 5 31 124 119 60 34 59 63 107 41 3 43 32 3 93 46 115 22 89 65 7 109 69 92 124 4 57 47 70 58 55 56 44 114 99 66 71 117 67 2 23 59 76 126 4 115 77 61 124 125 38 26 98 47 55 25 90 126 124 62 73 42 22 1 96 66 72 59 66 79 117 109 94 3 119 90 79 18 10 76 67 47 61 98 56 13 10 87 116 3 98 76 98 67 123 121 19 78 83 119 33 102 69 43 87 27 22 47 81 89 124 69 108 107 126 55 77 26 67 6 29 84 49 21 112 83 126 70 62 125 79 23 10 48 113 95 61 21 67 86 91 84 63 47 85 71 10 88 9 79 69 78 35 116 19 111 35 109 9 102 6 27 109 92 20 65 16 45 61 93 119 114 69 54 83 41 41 113 2 33 30 58 107 91 32 10 95 69 39 125 17 47 32 53 110 103 6 123 91 112 98 98 102 24 48 24 4 47 42 25 119 114 2 92 124 7 9 29 56 116 23 20 86 110 13 3 11 7 101 38 33 91 76 106 120 119 106 22 117 2 61 63 112 118 106 72 99 77 41 1 87 101 89 37 78 47 106 87 16 80 125 93 71 113 11 45 95 126 84 83 87 109 90 8 111 28 18 36 114 55 123 108 8 32 110 49 91 36 90 26 14 110 120 109 40 88 107
33 122 22 101 25 8 6 23 40 69 4 42 81 101 92 27 8 25 72 60 63 119 92 97 118 5 121 126 123 42 76 108 108 61 3 120 93 40 101 58 9 118 3 45 105 4 86 77 111 6 117 13 114 37 59 71 16 102 31 44 107 39 22 48 45 34 36 72 44 14 76 74 54 40 115 14 106 43 12 60 83 72 126 95 77 53 37 95 71 28 118 67 116 118 122 91 124 2 17 52 35 76 47 69 10 42 29 35 51 101 72 114 104 18 107 26 68 71 41 85 105 46 113 68 54 41 54 120 42 85 33 73 1 113 120 92 34 11 85 4 97 19 105 77 100 84 105 80 93 2 28 59 2 18 85 0 24 106 87 41 10 118 36 69 49 79 44 32 11 46 56 26 22 90 23 103 53 16 24 120 35 91 126 19 7 108 23 115 80 91 125 114 88 61 15 88 87 102 10 44 36 105 35 27 4 79 121 23 44 48 24 67 71 111 85 20 63 82 57 87 34 116 61 52 68 15 125 17 95 11 60 38 22 121 70 55 48 93 5 65 48 104 95 54 68 116 74 90 17 94 52 121 82 44 116 1 18 101 59 50 81 84 122 19 19 93 1 120 120 78 3 22 39 54 92 57 85 102 67 72 83 91 122 84 4 18 27 46 22 53 57 32 82 55 56 16 109 121 26 28 73 68 9 45 120 27 27 122 27 108 65 93 71 99 46 48 43 82 2 50 65 75 104 100 99 23 71 55 34 28 13 99 57 89 94 124 63 91 17 20 121 36 89 18 38 14 113 97 102 115 68 2 41 1 90 73 64 33 58 94 34 79 56 30 28 2 50 21 121 103 71 10 21 35 99 2 106 54 52 124 50 105 55 10 99 0 111 44 18 27 37 95 106 98 92 95 116 46 121 35 1 2 77 62 59 35 17 51 116 51 64 112 58 46 57 36 25 79 75 23 99 72 64 41 2 68 102 96 38 64 39 77 44 112 32 15 104 65 3 118 53 67 66 61 88 120 108 65 80 23 44 19 3 34 58 99 78 122 62 90 48 90 113 101 64 51 35 16 81 8 95 116 101 89 46 96 67 57 8 16 8 39 7 48 81 112 47 18 55 108 101 116 125 120 24 13 70 32 23 60 19 104 120 51 69 89 24 114 101 65 51 4
17 82 47 5 105 83 124 110 15 56 81 126 111 15 97 76 18 92 65 64 120 87 27 100 101 84 24 38 8 118 43 80 53 66 52 86 44 111 76 6 82 0 41 52 82 14 59 123 123 16 42 27 79 31 18 11 86 126 76 120 115 21 26 0 71 47 79 26 8 43 74 92 68 97 122 67 50 108 126 99 74 13 68 75 100 89 107 1 103 89 91 97 54 114 63 30 119 121 87 28 107 13 49 108 40 46 14 3 99 119 80 109 0 44 56 65 65 21 88 55 75 42 113 81 111 1 102 66 1 35 118 118 96 84 37 102 119 123 103 78 8 78 87 77 82 123 53 20 67 112 46 56 35 118 13 88 103 29 70 10 67 7 119 94 10 52 75 12 106 35 29 32 79 34 88 92 77 48 124 12 84 0 124 99 44 39 7 26 52 4 22 96 36 96 60 79 79 74 123 113 110 101 14 64 125 51 123 97 75 114 12 0 44 0 17 26 7 0 41 49 48 64 64 57 33 5 83 60 99 109 64 13 124 29 83 36 62 39 41 24 32 51 88 93 114 121 43 45 53 16 111 121 123 6 2 31 88 25 30 5 31 109 121 40 48 55 126 89 102 63 30 7 49 114 58 73 80 68 32 83 37 81 4 87 27 109 99 82 100 48 107 113 111 38 63 104 40 37 54 33 95 75 38 118 22 1 33 66 100 90 103 41 71 88 26 99 121 45 77 104 26 122 57 111 105 49 75 36 24 5 32 79 15 97 114 59 123 38 70 97 113 40 78 59 121 92 21 55 36 74 14 72 109 105 65 77 7 82 105 72 41 27 79 38 93 28 98 33 96 122 108 126 10 25 28 55 121 60 97 123 96 95 0 98 115 91 52 12 25 41 94 24 70 79 107 111 100 109 104 46 3 30 105 45 52 126 115 93 10 92 111 13 39 78 69 103 90 114 120 53 116 6 89 114 80 110 41 83 22 116 74 104 20 22 101 61 50 59 38 74 86 120 89 31 117 1 74 111 31 43 122 120 123 100 83 28 72 74 61 104 33 104 107 19 125 55 23 51 26 110 122 41 112 69 25 47 70 13 85 47 88 125 24 110 75 6 97 120 94 80 64 73 86 59 97 38 54 120 125 53 80 49 40 85 24 43 102 41 119 1 49 107
68 41 5 19 49 126 94 11 120 67 98 54 5 31 23 4 23 117 4 58 68 62 35 124 17 92 25 93 13 98 48 14 112 49 67 32 35 22 106 104 84 23 111 102 20 7 46 126 95 102 95 30 6 64 7 95 2 45 2 43 35 44 43 51 99 52 56 17 35 22 119 69 46 49 98 106 29 43 118 107 49 9 2 103 10 89 37 19 4 27 17 55 94 86 82 66 53 9 67 80 25 17 69 59 54 103 62 73 100 90 102 24 112 118 35 79 54 20 111 117 0 61 81 38 126 102 84 97 14 7 9 55 4 44 30 109 48 84 120 8 119 12 57 122 68 108 73 107 8 30 82 59 49 6 37 44 46 52 59 63 80 78 62 68 66 115 51 115 2 88 47 50 78 124 83 6 52 70 76 45 10 83 81 97 13 84 36 54 18 89 77 33 105 108 58 37 75 87 21 70 0 20 71 103 98 43 55 63 56 31 42 81 25 53 57 68 34 38 22 114 40 100 10 27 94 51 77 51 11 111 106 63 84 123 118 125 41 107 100 60 63 52 26 116 21 84 22 122 94 39 67 98 118 116 126 61 45 85 3 89 119 15 16 0 90 68 111 62 98 49 113 50 28 60 47 79 13 15 95 100 107 80 66 4 58 101 122 8 2 63 26 103 9 7 91 53 7 81 11 66 48 7 109 79 54 92 110 101 6 71 97 6 122 24 20 6 68 100 34 110 81 4 50 113 93 48 77 15 4 90 45 110 70 123 100 2 32 10 10 1 28 18 52 21 105 34 69 111 61 53 66 75 107 38 112 37 75 19 30 96 17 108 40 82 107 76 55 13 105 114 111 92 81 106 13 8 81 124 59 72 78 7 115 71 36 13 85 120 95 20 49 109 22 23 67 20 113 14 57 48 68 57 31 33 35 114 36 23 34 7 123 96 12 33 56 39 35 74 111 96 95 58 24 99 19 44 41 86 22 37 32 78 33 110 124 28 104 3 2 115 117 63 116 61 5 25 92 55 23 5 51 120 24 19 75 71 58 27 49 65 23 60 78 40 106 12 120 67 121 46 16 83 12 95 112 25 124 91 52 10 39 61 117 38 80 111 1 107 65 6 74 74 24 113 32 60 36 95 123 31 60 113 87 28 26 113 25 2 86 92 21 29
79 5 50 123 112 66 65 87 27 58 47 97 32 11 113 1 121 91 41 75 87 7 107 48 65 84 42 93 121 126 16 107 22 64 38 35 28 65 25 72 120 101 95 89 115 123 77 104 125 21 110 77 45 62 41 98 13 17 67 71 52 65 45 122 49 38 29 19 14 15 21 14 22 32 24 51 41 12 46 20 17 34 114 113 41 22 98 13 95 104 122 83 120 42 100 26 115 33 66 48 24 55 108 32 14 35 78 41 71 74 31 57 2 65 30 122 65 12 78 97 63 55 6 43 49 86 79 17 53 30 112 123 42 34 126 79 68 20 117 59 95 94 83 0 17 86 11 121 95 1 28 54 36 4 55 7 123 26 111 72 96 104 29 77 45 44 47 62 25 20 91 66 54 45 42 18 30 54 18 17 77 15 126 120 116 110 85 43 124 120 17 79 54 60 13 114 81 15 7 112 80 71 119 7 1 70 89 38 41 63 5 83 6 41 91 39 59 90 50 57 25 18 72 105 91 92 68 86 54 45 73 95 73 0 83 46 39 110 85 43 71 94 89 45 112 91 34 26 12 45 34 27 108 71 64 29 101 60 40 12 17 73 18 34 67 6 65 92 115 89 125 60 75 18 20 33 21 80 69 119 12 25 26 111 89 26 119 115 77 29 62 17 114 52 34 53 124 88 126 112 93 29 14 105 58 82 102 37 41 118 78 51 35 56 90 87 79 36 56 4 99 14 94 115 35 93 44 8 45 123 103 88 37 122 59 43 14 31 116 1 63 117 73 85 122 66 103 76 93 113 84 80 82 4 62 45 126 17 7 111 28 17 87 78 28 45 14 53 123 106 21 28 43 67 4 47 51 14 54 97 46 74 85 90 6 89 21 15 10 29 5 120 105 39 81 67 40 84 75 63 87 29 81 84 23 122 23 8 124 5 53 104 39 13 24 86 68 45 110 47 21 46 68 83 15 5 2 76 7 90 18 99 97 34 116 13 93 23 45 23 86 86 101 21 52 76 123 13 98 16 24 57 27 64 15 30 0 48 99 49 0 59 59 52 91 93 2 66 45 82 72 92 121 104 80 114 64 23 50 123 69 14 86 111 9 23 118 92 95 39 63 98 93 7 72 116 126 125 76 97 4 52 124 81 36 118 68 88 109 42 99 33
108 68 113 25 60 109 104 126 31 9 70 30 108 33 100 44 4 125 126 30 88 110 9 105 72 58 112 92 103 84 104 38 55 23 71 100 105 11 20 121 49 58 43 26 121 123 35 110 26 100 57 82 30 90 44 116 110 10 34 108 95 55 12 34 54 63 82 81 62 19 19 99 118 115 86 48 69 5 5 47 22 1 97 3 66 75 104 116 61 104 83 65 19 117 39 109 35 86 15 70 66 11 84 11 105 56 43 47 123 18 22 102 80 91 0 102 17 74 54 20 111 82 124 44 69 112 27 110 0 15 98 12 14 2 119 4 13 110 34 19 106 85 100 63 72 94 97 35 44 107 97 47 11 105 119 24 28 24 44 20 25 27 62 72 10 105 100 43 33 37 107 1 50 115 104 13 118 71 80 107 118 103 87 28 16 102 117 7 78 57 13 32 116 106 65 47 16 55 60 35 100 38 18 66 86 121 111 78 10 17 92 65 106 46 11 47 76 122 106 95 33 57 6 23 47 16 47 83 125 55 98 63 25 3 22 65 61 0 69 22 36 31 42 1 118 73 49 98 105 31 74 87 60 28 18 3 18 111 4 66 7 68 84 35 56 27 72 107 55 71 67 13 47 38 31 20 1 55 100 126 20 0 38 120 77 39 124 87 40 62 14 41 40 16 42 112 16 98 6 1 119 41 84 82 125 56 31 30 74 3 29 27 49 58 117 4 94 100 103 94 79 31 84 119 0 4 109 73 22 25 98 83 101 32 45 76 96 35 50 45 0 15 106 6 61 66 42 42 29 91 116 39 57 105 25 66 97 95 113 17 80 7 95 68 118 24 36 89 44 103 112 51 37 45 117 110 114 2 73 81 57 68 59 87 38 93 82 67 90 9 74 35 113 73 99 8 65 21 10 88 25 89 7 93 93 27 81 72 88 71 75 89 60 62 103 54 13 47 62 84 113 122 9 111 32 122 95 63 16 23 6 71 25 46 94 1 76 14 119 92 51 2 51 114 21 99 36 116 0 96 52 45 100 94 18 58 36 54 106 88 2 75 49 75 16 74 107 123 4 26 7 81 41 75 107 18 83 46 86 14 46 6 10 37 10 87 15 119 22 119 98 76 80 111 6 86 56 121 83 63 121 17 56 98 74 77 35 8 96 24 82 80
73 58 123 26 119 122 6 98 114 66 125 116 81 13 104 21 5 101 32 101 123 15 112 39 94 111 102 86 8 61 1 16 28 93 36 47 39 13 7 94 45 19 97 60 118 89 70 1 75 24 91 7 51 101 56 80 24 58 17 74 112 18 12 20 3 39 45 126 113 105 91 84 33 82 70 100 15 81 2 12 125 2 113 4 119 9 16 90 49 48 104 125 79 8 100 10 12 124 25 70 82 64 4 29 30 75 0 19 86 65 5 104 66 11 90 17 71 113 76 120 92 90 95 60 112 28 34 35 15 47 117 119 10 99 75 34 94 91 92 125 70 33 49 77 86 99 117 106 116 60 26 115 35 16 51 51 120 61 12 45 112 123 21 5 99 30 2 5 64 36 10 29 21 68 30 112 86 71 23 105 74 98 14 78 18 92 81 60 119 72 89 62 78 8 4 52 107 30 9 4 109 118 1 20 20 73 64 4 104 85 97 101 114 77 85 71 75 17 80 61 73 23 123 4 45 26 87 81 107 0 23 12 48 76 24 69 60 47 17 123 79 86 88 40 94 47 85 97 34 116 126 83 83 114 107 76 109 111 92 41 99 43 60 75 91 14 114 21 101 18 13 80 52 107 94 25 3 91 2 31 36 76 68 86 14 6 13 39 53 20 90 113 39 59 105 17 74 50 80 54 9 110 47 21 6 124 16 78 5 59 52 24 105 75 96 67 70 50 56 13 14 89 76 78 103 21 75 8 13 116 115 104 94 3 82 100 42 25 68 99 2 20 117 121 112 74 52 36 58 26 85 117 89 17 41 38 47 74 57 66 39 79 104 100 18 38 79 67 22 30 78 126 72 17 65 20 123 35 91 100 86 60 46 41 17 6 67 76 108 90 51 103 86 21 61 58 125 106 82 97 74 125 5 14 25 122 63 27 65 74 110 54 120 88 95 51 104 12 126 121 115 124 105 113 89 80 82 32 46 93 118 51 14 6 69 122 14 109 36 88 55 124 15 40 45 24 28 56 96 36 72 85 48 88 50 27 14 75 12 73 125 25 13 79 15 71 19 10 70 88 104 46 73 57 85 65 26 43 64 57 41 106 113 10 95 59 86 113 21 113 47 126 95 70 19 113 3 78 115 121 91 94 88 69 40 105 119 69 65 65 82 9
5 35 11 28 8 19 51 73 87 98 44 106 39 117 124 81 55 7 90 55 49 37 107 110 64 110 61 52 97 105 105 44 28 41 98 44 105 0 103 54 58 34 125 123 25 90 65 35 110 84 104 47 97 125 26 123 124 52 79 25 113 68 54 61 45 49 36 3 46 124 5 110 69 13 117 41 54 66 24 43 102 31 9 59 27 7 84 114 18 84 73 44 55 39 64 60 59 20 43 94 111 38 30 40 59 32 50 107 62 36 18 28 30 29 9 49 123 104 4 13 120 118 2 63 105 1 72 55 120 126 34 2 52 103 88 112 22 79 24 94 107 1 67 124 46 95 83 5 97 84 100 69 104 120 42 1 22 100 11 98 71 40 44 44 55 74 28 120 107 42 104 120 96 72 9 78 97 113 9 33 93 53 96 73 55 123 77 2 87 82 25 59 63 52 65 19 31 27 8 102 21 34 84 108 63 114 55 109 120 88 19 13 93 98 86 21 122 3 83 84 62 71 80 60 106 111 23 4 38 82 122 4 81 61 54 30 120 43 78 119 77 63 18 49 48 83 85 76 63 39 117 31 33 12 27 32 59 21 55 45 60 105 39 80 82 38 26 86 50 35 89 40 37 76 27 10 87 75 46 30 124 93 100 122 85 8 106 119 76 75 34 59 113 58 34 48 39 49 99 60 31 85 76 43 80 94 122 95 106 32 110 111 88 2 121 79 13 19 36 124 80 117 56 74 68 38 66 24 97 81 5 108 118 16 43 103 42 86 93 25 105 81 118 27 86 99 8 24 74 54 14 21 0 70 95 19 11 120 96 56 83 8 37 49 124 97 11 57 6 9 120 38 120 5 85 24 26 119 56 62 55 27 99 102 101 27 53 123 81 42 97 112 48 46 104 5 38 22 74 45 54 62 50 101 74 51 88 3 91 27 89 77 80 100 0 67 93 24 28 47 70 8 61 79 45 60 82 66 125 58 59 93 1 55 100 98 3 104 55 54 104 57 26 80 119 22 75 64 88 84 54 29 104 87 24 6 28 6 91 102 9 64 88 68 80 41 6 69 56 53 68 11 100 5 23 62 77 28 91 83 95 8 48 61 34 14 28 108 84 116 53 41 16 45 98 120 98 70 72 68 40 0 125 38 100 2 14 25 75 6 4 54
103 62 69 65 43 55 95 79 113 39 0 108 73 59 3 48 9 91 107 121 19 48 44 107 121 58 103 31 112 9 100 11 17 66 110 17 2 36 62 126 73 125 84 38 30 27 110 8 3 53 7 102 93 93 25 84 55 52 121 89 55 103 112 79 103 100 32 69 20 2 119 86 61 71 88 90 103 37 126 88 2 21 48 113 116 113 61 59 10 39 41 105 14 91 33 121 85 21 98 55 11 24 22 29 70 122 35 62 21 109 107 33 3 41 99 92 113 22 21 91 35 86 92 77 101 67 114 76 10 80 16 42 39 123 114 23 5 92 84 2 25 3 35 89 70 66 108 88 56 46 2 95 65 86 17 52 10 106 88 75 50 125 118 49 22 111 79 100 82 104 82 20 84 100 76 84 66 32 73 87 44 34 116 3 7 75 36 65 37 16 22 50 82 58 91 36 126 19 53 97 105 77 88 20 90 25 101 107 48 103 71 121 104 22 72 14 124 87 30 36 27 21 63 20 18 88 41 108 22 78 16 41 97 14 82 54 18 86 15 4 60 79 95 97 13 124 4 4 48 70 40 52 54 123 89 26 108 30 120 12 50 28 19 89 55 94 30 63 83 84 60 67 67 61 85 58 35 43 85 118 77 13 99 69 33 41 23 96 124 29 80 72 39 100 118 91 47 0 32 48 63 9 84 79 33 9 76 16 19 120 95 66 35 54 65 31 67 115 116 5 104 70 73 48 78 22 85 71 32 51 73 76 101 119 112 121 91 32 102 55 83 120 66 41 93 47 88 19 75 83 44 86 28 21 101 96 1 104 71 77 41 61 114 37 58 68 92 97 103 0 105 19 62 114 121 121 10 14 83 59 87 57 60 74 19 97 34 36 89 27 106 72 43 11 63 14 29 22 43 42 30 44 20 103 67 124 21 110 15 112 38 75 6 87 60 20 81 82 14 125 35 85 1 1 96 103 53 32 110 24 28 113 97 37 101 119 44 34 44 111 77 12 101 2 32 57 40 8 23 89 26 1 36 1 59 108 24 27 112 83 119 59 57 16 40 88 2 84 115 123 121 39 23 102 125 67 113 46 89 109 86 101 8 95 65 40 105 74 66 23 43 11 38 102 55 28 37 72 0 73 91 68 85 101 4 102 82 67 89 23 65 73
5 103 49 45 76 18 16 5 124 50 48 55 17 78 57 51 63 0 69 72 23 52 16 85 3 42 2 83 4 81 39 61 92 41 29 20 72 99 104 108 40 96 49 97 77 111 82 51 25 26 42 10 5 31 23 85 62 109 104 88 59 79 110 25 8 116 74 12 80 71 20 58 107 0 111 94 86 124 104 9 23 8 123 110 78 27 121 125 67 48 61 106 45 101 90 113 113 100 122 80 97 5 68 63 97 88 96 79 60 121 116 125 31 120 10 48 100 43 102 46 58 9 4 92 120 55 18 121 86 58 104 69 39 70 102 10 40 77 99 5 26 123 88 111 70 56 126 66 90 126 84 26 114 0 94 18 109 106 1 110 92 39 106 124 30 29 101 43 56 47 86 53 122 7 113 94 39 103 119 53 27 15 1 30 100 23 87 0 71 56 100 79 37 31 7 119 84 12 98 38 119 113 97 7 25 36 24 71 16 65 73 91 47 35 96 3 12 122 72 12 52 41 66 37 1 70 44 71 91 19 91 28 52 64 85 33 107 80 121 93 103 67 83 11 123 123 116 33 123 2 9 82 34 62 43 81 60 68 11 76 58 100 66 47 74 57 108 68 58 112 54 61 115 96 87 1 19 18 84 67 91 68 110 111 120 95 62 5 47 0 102 21 57 41 112 51 92 78 42 116 107 0 112 105 102 23 10 17 95 20 20 123 91 124 36 37 61 104 59 19 121 99 30 125 73 95 100 31 77 59 24 100 1 36 90 87 112 78 93 100 111 17 105 82 17 43 19 122 80 90 96 10 69 27 120 115 82 86 113 37 38 92 94 77 56 36 25 82 47 120 81 60 26 7 55 40 42 19 82 119 115 57 23 68 3 12 65 81 106 19 69 25 126 122 52 102 84 72 88 38 104 104 58 1 47 49 102 48 57 56 24 59 22 61 12 84 95 120 58 59 39 90 55 99 87 122 100 124 18 17 70 110 36 89 74 18 68 38 72 62 75 5 25 114 104 46 77 12 0 73 109 47 4 30 56 12 68 13 9 80 116 18 15 45 50 109 76 103 51 125 119 103 58 112 123 85 93 101 55 88 97 93 54 5 42 7 60 105 110 61 31 103 55 41 88 121 24 124 38 79 104 67 110 78 86 23 30 53 70 67 30 80
73 5 58 41 5 1 13 52 46 8 17 93 111 111 101 71 57 41 84 76 34 83 106 4 63 126 97 23 107 44 102 75 50 24 27 91 80 68 69 44 89 99 1 91 8 47 80 32 76 30 34 0 52 103 125 9 76 113 93 18 69 60 82 57 123 20 86 71 84 23 63 5 11 122 2 45 104 57 89 126 108 23 77 61 5 60 0 105 97 88 39 116 63 79 109 42 86 78 104 46 70 13 111 63 73 23 11 87 93 11 44 25 120 84 9 77 82 33 112 111 18 43 54 67 96 107 9 24 123 43 36 111 7 14 45 93 57 22 104 120 35 108 117 34 62 46 121 85 97 6 37 89 32 92 110 123 39 59 19 110 102 6 49 83 1 106 59 35 24 115 64 44 13 4 91 20 15 29 52 102 78 76 24 75 30 17 110 42 0 86 121 57 85 82 31 47 39 91 13 81 81 15 7 79 59 34 59 31 96 111 24 8 66 14 21 17 39 101 11 96 19 102 80 71 87 84 110 88 91 115 123 48 52 64 26 70 79 2 44 1 74 79 41 33 108 7 41 42 59 45 25 94 110 16 20 110 59 34 89 95 114 118 51 33 90 20 89 41 59 9 65 103 17 101 86 124 25 22 95 65 36 52 110 126 5 68 32 64 27 18 42 59 46 94 53 108 55 15 110 71 82 52 97 63 31 36 1 17 98 8 55 3 28 35 125 21 113 95 110 18 65 125 117 16 106 44 122 9 14 96 116 89 125 65 84 109 13 27 18 73 33 97 57 74 112 14 1 44 34 17 43 25 99 0 116 31 83 66 87 56 126 86 61 109 12 97 30 107 5 17 119 48 34 10 7 112 17 19 69 12 86 41 48 118 61 49 46 7 12 110 72 65 72 109 85 105 64 74 107 34 80 49 31 23 97 73 11 124 8 117 19 109 70 114 94 4 116 29 77 96 92 94 92 82 121 47 82 4 72 15 8 103 12 101 19 49 57 110 118 18 14 52 57 126 16 54 36 126 75 7 105 33 45 34 108 80 109 101 125 74 104 109 89 64 21 4 31 126 66 75 39 36 41 78 37 95 64 95 100 48 106 43 103 60 56 100 64 29 86 78 93 84 3 57 48 94 24 43 17 39 9 87 60 34 8 49 53 27 50 57 7 90
93 48 105 25 61 61 95 96 86 85 23 60 65 31 57 45 54 78 118 69 43 24 2 96 102 8 32 55 8 60 34 112 53 84 29 92 98 29 14 126 43 125 74 79 41 104 71 123 47 81 92 89 50 48 120 123 105 91 28 19 84 15 107 70 63 12 58 108 92 86 40 85 92 81 4 62 57 99 62 21 81 113 87 42 114 38 6 43 24 93 94 13 84 94 115 99 3 119 12 31 121 110 28 18 107 46 122 105 53 95 38 102 8 47 122 6 42 104 68 35 99 89 118 86 45 85 67 102 89 26 67 47 48 6 111 122 98 58 104 27 20 59 31 58 55 49 93 0 118 48 10 37 4 43 88 82 109 61 116 26 51 39 50 113 1 100 120 120 80 17 57 54 39 111 70 19 63 32 85 46 26 106 58 32 73 89 28 41 103 82 25 21 37 68 108 14 110 72 106 30 110 55 123 12 94 10 31 56 120 58 88 105 42 39 22 26 0 75 54 79 38 61 121 73 120 79 102 81 64 59 58 70 83 122 125 126 106 102 98 15 26 119 123 60 12 27 70 21 81 102 114 38 45 3 104 85 11 30 13 98 116 63 27 88 110 18 29 44 119 68 76 46 4 9 100 10 86 122 93 24 34 34 72 88 113 30 126 100 64 75 50 89 48 92 11 18 64 76 34 66 73 100 62 90 66 17 52 117 27 42 13 21 36 26 125 38 36 23 102 99 48 125 12 110 97 12 114 104 34 106 7 42 4 64 83 52 34 110 3 53 124 67 3 64 91 50 85 45 67 115 88 90 73 125 13 8 39 16 23 45 70 14 30 55 16 25 116 93 3 34 65 77 81 44 123 117 30 92 72 68 104 70 112 105 83 104 99 26 124 117 108 50 18 98 93 12 91 43 20 56 103 47 78 84 81 46 8 20 115 120 39 20 43 74 84 89 108 56 114 33 2 70 51 88 36 43 58 21 33 89 95 32 81 36 16 0 27 1 67 92 77 46 92 27 63 69 83 85 126 54 126 21 105 79 106 103 24 97 67 43 79 11 63 5 40 61 44 1 12 66 54 84 86 20 122 38 125 49 13 22 26 85 108 45 55 100 60 50 16 54 61 111 4 47 122 38 108 44 100 12 44 103 34 64 80 54 39 42 82 96 87 7
82 74 41 58 17 43 73 6 9 63 89 96 80 101 49 39 98 58 121 4 29 2 66 23 122 118 57 61 102 70 79 51 109 87 44 114 89 106 22 81 52 0 9 47 13 14 94 103 93 0 29 113 101 58 102 75 12 82 22 115 43 107 27 99 106 37 40 91 122 7 16 23 20 102 31 7 16 48 108 62 88 3 45 6 59 110 27 42 9 10 85 102 94 93 70 15 12 9 31 73 99 74 32 19 110 0 34 61 99 106 38 108 77 22 39 115 53 62 8 110 126 79 126 119 28 100 54 126 16 40 22 43 57 91 39 68 42 93 75 62 18 103 122 41 56 64 22 4 74 83 1 27 15 12 110 108 66 71 23 98 9 4 34 104 14 93 39 79 32 122 61 30 68 39 16 7 13 13 93 67 34 72 10 14 7 103 31 93 33 1 51 103 40 57 6 22 57 101 15 29 69 17 40 125 46 0 18 114 86 18 96 61 22 29 60 9 51 74 24 62 32 53 31 13 124 126 110 83 39 38 5 81 16 118 115 62 35 48 45 86 114 112 111 90 26 64 81 49 72 30 28 3 10 123 16 52 113 57 87 90 53 64 124 103 112 73 25 114 82 107 85 122 38 38 77 37 81 0 77 74 84 40 84 16 77 23 103 31 7 14 87 118 19 37 33 80 36 21 90 31 35 42 91 59 9 100 28 49 53 19 10 52 120 3 1 29 122 20 30 40 112 48 16 90 16 25 80 112 29 78 16 69 70 113 76 117 0 92 97 124 80 10 61 31 22 97 83 110 91 99 10 3 19 71 106 6 124 65 93 118 15 9 116 61 16 90 16 10 100 5 40 6 87 94 11 6 49 66 23 84 72 102 60 114 84 9 109 17 36 28 26 85 13 124 120 50 81 85 110 45 73 124 51 54 65 19 32 35 69 106 111 28 52 54 68 107 57 66 67 22 87 115 20 79 120 88 47 38 95 66 30 9 49 121 59 57 17 101 47 86 3 34 4 10 31 67 92 40 27 67 69 104 14 98 20 87 68 79 103 18 117 88 102 70 43 24 77 36 29 94 83 123 5 3 97 36 123 23 41 3 125 46 4 79 105 50 114 14 116 43 43 102 4 10 32 69 77 18 92 98 28 110 81 84 36 53 11 26 36 67 63 64
69 82 29 11 25 79 17 30 2 34 49 51 73 50 82 99 88 93 104 52 115 76 27 43 31 44 6 49 76 102 12 3 49 88 73 83 1 58 9 92 21 49 43 67 121 102 101 104 63 46 103 61 89 122 61 97 14 31 78 54 70 102 105 75 123 17 125 44 89 18 16 94 101 123 7 105 24 23 114 51 59 59 80 73 52 120 19 110 4 64 86 68 98 55 75 103 32 3 43 69 5 102 115 19 125 95 33 104 49 83 72 49 33 84 85 85 46 107 43 83 78 30 93 57 33 114 27 29 43 19 39 52 114 52 35 45 80 39 101 78 19 57 100 71 114 120 40 114 110 7 17 96 126 31 57 32 83 116 83 80 1 77 72 65 92 1 100 59 18 42 83 63 74 78 87 126 81 84 47 16 6 22 11 69 25 118 55 71 53 64 63 112 21 20 108 20 48 28 13 55 54 59 73 30 76 82 8 39 38 75 37 32 65 46 80 55 40 84 4 88 22 81 23 98 42 49 120 126 100 109 78 24 38 90 77 4 54 32 78 89 40 41 92 122 70 54 58 5 14 66 78 103 32 112 123 118 101 77 24 77 121 11 107 20 32 17 5 84 78 117 65 67 113 85 69 71 119 38 58 86 66 54 50 4 36 41 8 29 101 17 34 96 20 103 73 105 15 41 115 45 55 10 76 110 102 13 94 79 81 70 24 85 50 56 20 58 111 85 17 36 45 63 37 124 65 15 121 31 81 0 96 86 35 71 104 94 110 115 112 89 125 118 8 54 124 111 84 56 17 67 86 93 33 119 26 22 5 115 124 67 44 15 40 100 126 41 9 36 88 117 12 46 115 29 46 100 98 58 0 73 45 48 75 106 93 42 41 55 107 120 74 101 36 122 104 117 64 10 78 125 113 27 44 15 39 43 7 21 14 44 125 77 81 10 92 52 79 107 19 55 79 32 107 30 5 45 97 123 88 125 65 93 27 9 22 47 117 18 63 17 14 61 40 10 104 21 30 44 9 25 90 71 58 50 25 54 26 50 107 104 44 12 121 81 117 13 106 125 87 88 14 106 47 68 101 85 60 78 11 100 69 65 30 78 9 100 25 46 14 85 6 62 48 34 56 82 66 107 7 106 14 65 61 2 116 56 72 114 62 71 110 100
1 56 58 46 30 7 28 95 46 87 103 117 47 35 50 66 95 53 20 47 98 67 99 101 31 85 82 76 47 97 117 56 34 30 56 82 103 76 121 48 80 126 52 125 7 97 94 80 85 122 4 37 95 49 57 120 103 15 96 123 90 54 123 0 82 17 44 34 14 48 75 99 44 30 33 23 99 122 86 76 96 23 102 122 124 22 44 80 6 43 96 80 71 73 69 119 38 11 110 38 15 29 21 79 94 58 68 50 70 42 91 29 85 2 93 80 35 108 42 91 60 91 73 122 108 65 39 43 83 27 108 113 3 117 34 115 15 94 60 59 92 24 86 68 60 113 61 20 37 14 90 109 34 24 109 26 42 105 113 28 9 17 13 103 13 113 95 83 2 17 16 93 50 34 9 102 5 4 32 125 80 97 91 34 77 43 47 91 67 93 124 33 8 5 117 27 103 36 76 110 25 105 31 4 33 122 49 15 106 68 83 87 8 26 123 15 109 27 74 23 65 83 47 52 49 102 122 1 90 67 119 24 69 103 15 8 79 83 124 33 31 25 116 13 11 102 20 118 61 120 18 104 82 72 43 61 82 55 73 46 51 37 106 15 82 39 79 12 66 112 65 119 79 108 79 13 61 15 48 0 124 103 118 49 81 66 94 76 3 82 13 61 109 95 23 103 121 95 120 81 74 19 11 107 1 26 77 41 66 121 73 55 89 121 79 87 85 74 40 41 110 80 85 65 86 42 59 33 92 125 124 61 33 108 34 94 31 25 59 70 2 41 22 120 70 46 64 9 53 57 67 122 106 65 4 41 0 95 86 18 59 39 8 112 0 100 14 77 24 12 1 77 9 32 30 93 53 64 30 97 10 116 85 117 42 15 117 6 115 120 57 12 67 72 77 94 26 69 50 64 108 96 8 23 85 70 68 46 14 0 36 7 59 54 119 82 15 71 4 62 43 106 37 53 6 8 4 65 103 66 72 62 118 94 30 58 116 122 106 76 97 101 126 16 81 3 42 93 16 41 14 122 27 79 40 17 77 76 27 57 6 55 53 55 55 99 25 29 88 10 92 0 47 11 121 107 65 50 4 55 6 93 38 8 2 44 95 38 65 117 13 3 15 44 80 9 82 93 76 25 23 60 115 25 12 52 87 44 48 113 73 8
104 18 86 54 4 15 41 100 99 68 68 19 94 53 113 50 34 104 119 72 60 62 101 18 89 73 72 88 124 35 76 83 103 73 34 79 95 94 105 55 40 61 17 49 26 83 97 88 75 74 89 52 24 51 13 106 63 105 90 58 22 115 49 112 76 116 108 28 5 103 101 11 102 15 41 118 45 16 54 82 119 77 97 33 48 103 68 14 124 122 108 59 82 60 90 34 71 80 38 20 40 81 107 73 115 118 25 28 96 1 101 44 111 28 84 106 48 24 102 90 54 93 106 72 5 114 9 35 46 74 103 24 99 85 23 54 32 89 87 14 51 106 37 30 112 22 4 113 19 93 21 65 112 43 49 73 33 33 94 66 100 126 103 64 79 116 60 24 76 9 41 108 20 37 103 84 102 68 15 112 55 63 92 100 79 14 97 17 102 76 114 17 48 70 90 102 34 110 83 104 88 91 56 112 109 101 25 6 28 56 47 68 74 77 4 86 45 84 88 122 5 57 65 5 118 70 117 56 31 76 55 62 90 89 94 117 45 41 102 71 120 108 77 76 84 57 83 27 52 25 92 65 79 23 104 1 37 70 8 59 74 120 94 98 0 124 114 30 22 50 69 78 110 81 3 39 71 98 87 78 67 47 89 38 16 126 27 57 59 114 8 36 34 94 59 74 16 20 24 71 39 118 12 97 91 100 87 123 31 61 61 56 119 18 104 1 113 37 75 39 11 44 43 104 54 57 77 86 34 42 4 44 17 73 38 84 109 37 70 87 38 76 29 24 35 16 31 76 33 116 15 39 2 119 79 91 38 93 38 95 4 92 126 10 104 99 102 107 120 125 70 83 92 91 115 65 80 119 77 103 108 119 16 117 10 86 25 54 118 10 69 86 95 76 14 8 2 94 19 106 65 0 46 102 56 50 122 57 50 49 124 53 3 71 8 41 49 70 8 15 79 113 55 111 16 72 70 94 73 103 49 0 15 40 90 109 30 104 29 87 9 11 54 13 79 83 35 43 110 108 85 48 67 44 91 92 29 103 120 104 87 48 85 50 12 32 9 83 23 117 41 61 62 73 108 84 44 82 121 39 113 12 2 70 73 36 44 73 87 5 65 81 100 45 80 124 46 42 100 60 80 0 59 100 53 70 104 39 16 120 67 56
102 93 21 2 41 78 33 60 52 47 114 78 29 21 7 114 19 51 54 116 81 33 84 66 63 35 70 113 2 67 40 101 4 83 69 0 105 54 124 65 46 100 23 12 42 51 116 73 42 39 84 58 73 15 42 79 42 61 25 78 65 55 119 0 47 86 107 114 91 54 28 89 41 55 11 109 113 10 91 108 111 39 79 40 111 121 123 106 99 89 15 16 0 50 50 63 29 73 104 64 25 117 58 42 29 97 5 49 61 113 76 98 64 122 65 29 45 110 71 81 109 2 54 80 13 60 24 50 23 97 25 16 122 18 27 55 16 84 8 78 112 39 116 38 47 63 23 80 35 53 79 55 74 60 98 92 36 14 116 45 92 83 42 94 114 61 107 97 10 104 110 3 65 115 79 83 9 92 100 90 108 55 74 89 54 26 88 119 93 34 29 39 123 94 51 69 112 46 86 19 48 91 90 41 3 32 125 11 72 33 60 124 41 63 61 50 46 0 23 97 32 113 47 112 70 115 78 48 108 5 33 40 1 88 101 24 40 63 74 86 68 29 122 42 93 1 113 77 43 64 22 38 83 106 7 59 83 124 123 84 62 106 69 24 96 31 112 92 21 45 46 10 2 80 76 103 74 67 44 95 99 104 60 81 120 56 82 95 41 10 8 122 30 80 38 83 69 125 73 120 94 114 72 4 4 69 98 53 114 92 10 70 32 92 95 12 26 40 35 102 45 4 121 102 74 4 124 88 50 83 116 4 41 55 3 39 117 75 71 22 104 38 80 44 42 105 14 109 92 26 7 111 97 45 40 94 27 58 52 46 14 59 87 113 113 102 36 106 59 62 20 66 25 31 20 101 51 117 81 51 116 102 49 55 48 108 26 85 38 57 83 96 121 10 120 38 110 76 5 97 45 1 4 35 22 29 87 27 102 13 92 56 73 122 56 107 109 61 57 25 54 18 89 73 62 44 23 4 20 63 65 31 93 23 53 30 23 14 104 72 73 68 11 41 4 111 113 10 93 52 0 106 99 59 21 75 35 63 11 116 89 24 50 123 119 113 30 33 75 13 9 83 35 14 15 92 115 113 47 60 122 15 18 91 58 47 45 1 85 10 122 99 37 82 5 25 40 19 82 88 120 28 123 51 117 9 106 126 78 16 98 77
10 12 74 94 27 118 91 62 79 68 43 126 79 86 86 4 97 103 86 102 29 43 46 63 107 62 38 117 22 30 18 73 15 27 24 118 109 36 123 57 83 2 36 82 14 47 122 109 18 15 86 74 104 117 124 24 82 77 25 79 110 123 4 41 26 63 121 16 43 75 49 50 121 84 7 124 54 25 35 57 120 88 40 43 51 8 107 79 16 65 45 38 27 13 20 57 48 81 23 75 52 57 61 26 11 31 89 64 98 22 101 80 18 106 108 90 95 114 9 108 110 109 105 25 62 26 111 86 15 41 20 42 86 19 107 92 70 61 8 109 77 120 72 74 25 47 77 15 57 27 91 53 57 35 125 77 23 34 108 90 87 111 20 12 76 42 83 90 9 69 42 78 39 104 57 9 114 96 89 54 87 33 115 30 24 101 54 57 40 47 9 98 68 38 123 115 112 35 73 93 32 16 63 33 22 41 112 16 77 67 36 29 43 4 91 25 56 110 114 63 69 17 21 87 81 16 9 31 87 62 92 24 85 118 16 101 16 46 113 66 78 50 13 96 71 122 40 86 46 31 7 7 22 81 78 61 96 117 59 65 102 55 98 109 120 59 12 4 74 122 115 93 82 59 51 18 98 93 76 54 53 28 1 27 112 87 10 27 122 72 51 29 120 80 28 90 126 1 73 104 57 37 30 84 74 26 31 106 81 70 97 84 126 22 57 57 117 89 62 24 70 115 23 79 97 33 87 96 112 42 22 113 8 98 94 34 92 102 33 73 11 110 35 39 13 121 83 62 34 109 6 37 73 101 7 42 12 42 22 75 47 124 20 98 60 14 9 79 26 123 76 41 114 112 15 68 1 117 116 113 52 46 0 65 4 78 71 116 100 87 50 67 118 105 86 45 97 2 108 84 38 102 95 12 83 38 37 6 111 88 51 2 98 75 88 98 120 42 49 96 112 25 28 41 121 58 56 63 32 120 7 25 20 40 5 76 105 95 82 114 21 116 60 114 21 22 68 28 13 76 50 115 33 13 35 124 43 12 84 108 101 49 17 3 50 115 69 67 93 64 46 3 19 41 102 36 5 22 86 16 48 34 56 62 72 80 15 7 44 0 60 84 19 36 98 86 75 98 2 0 1 6 84 110 84 21 50 5 92 41 50 119
94 46 78 102 70 91 94 57 81 110 25 64 105 97 87 13 50 40 119 126 97 25 74 114 62 114 11 124 11 124 79 126 92 73 116 26 44 77 92 50 121 45 35 36 42 35 42 111 60 82 74 95 44 108 48 40 97 96 17 51 116 70 9 65 67 73 111 109 37 70 83 11 39 121 9 82 30 69 7 34 42 111 33 50 32 38 103 53 39 84 35 49 26 54 87 67 92 53 58 35 54 5 42 57 10 76 116 88 44 124 121 67 46 13 26 45 59 84 80 9 92 21 59 26 51 68 104 76 126 20 42 60 82 15 89 63 40 126 10 118 103 17 77 27 68 36 81 115 112 14 64 90 39 31 115 74 44 59 123 95 54 70 20 13 110 109 69 109 6 108 60 108 47 58 1 101 35 104 4 23 102 0 5 71 77 94 41 111 83 79 58 46 81 102 86 88 84 62 31 103 40 102 59 117 24 19 6 2 34 45 120 114 99 31 3 126 78 85 69 46 124 23 72 86 43 75 102 95 37 10 121 29 59 57 92 92 85 97 55 91 8 13 67 6 117 9 125 32 65 86 122 54 113 14 20 119 19 93 72 48 15 79 106 86 81 32 41 53 46 91 23 88 122 44 93 59 83 109 73 58 40 81 102 23 28 113 26 73 106 122 73 44 20 96 39 106 111 73 93 56 115 118 81 99 102 76 30 74 54 110 87 32 16 85 109 82 95 4 24 1 12 75 19 82 38 14 52 89 95 95 54 104 70 89 96 64 37 23 3 38 22 24 33 69 108 67 90 125 11 50 100 8 72 118 113 115 61 112 28 123 32 123 123 26 66 38 124 48 17 111 70 25 113 111 30 2 48 106 23 11 72 19 50 109 15 38 83 75 24 47 125 108 44 4 79 80 117 24 101 65 50 48 41 22 69 88 47 115 29 126 117 124 50 84 96 21 103 107 102 65 51 107 121 12 58 39 125 9 64 113 25 43 32 51 69 83 22 58 37 92 18 0 47 41 125 80 57 106 21 42 54 24 123 56 91 92 62 25 3 71 82 98 26 48 52 45 70 38 102 63 111 84 66 77 75 29 98 78 39 103 68 97 100 109 80 20 123 88 96 15 16 37 76 91 26 71 81 27 42 65 20 22 92 92 1 98 3 6 21 20 121 16
88 71 0 26 78 16 93 84 26 104 94 20 75 77 97 78 104 97 66 12 17 40 7 59 75 97 59 66 10 93 113 8 115 19 120 47 84 81 26 68 119 105 25 80 62 25 6 12 52 105 46 43 86 116 77 37 82 73 24 83 112 15 34 97 30 76 32 9 9 79 5 91 48 21 55 100 27 56 35 22 82 24 119 64 93 21 109 66 12 78 86 99 68 106 28 14 80 20 31 0 55 77 4 36 43 105 18 67 68 22 104 44 27 17 42 30 16 78 93 12 18 22 13 63 94 118 11 65 28 95 37 88 73 107 8 57 109 123 123 43 114 117 48 69 64 60 77 20 82 29 50 115 40 61 4 65 38 61 92 4 77 8 61 109 31 54 26 117 21 12 26 94 124 61 116 74 87 50 119 78 85 65 52 89 45 118 37 29 58 26 7 110 119 3 19 7 14 80 14 73 17 77 67 70 6 114 30 122 75 45 123 117 110 23 97 112 78 86 78 23 113 82 18 70 72 78 52 86 103 68 26 17 4 93 98 23 4 57 71 106 81 95 118 34 69 62 65 68 91 42 4 10 117 36 88 111 45 81 89 3 63 25 82 19 63 55 36 29 18 16 13 42 89 107 81 39 110 15 99 123 12 45 116 58 103 63 56 32 28 100 114 32 39 8 30 117 78 72 74 49 60 109 72 7 99 36 82 115 113 55 62 28 6 88 75 9 52 121 117 84 25 87 90 84 87 11 59 34 25 83 78 59 49 118 40 19 5 72 42 122 88 95 83 113 11 50 70 69 91 44 97 18 31 22 52 112 125 72 56 122 71 107 48 51 56 53 23 98 14 23 71 118 92 105 5 7 48 93 45 48 68 69 59 110 88 125 55 21 69 77 2 4 31 99 94 50 121 108 123 3 86 96 63 90 72 42 75 125 12 75 50 7 80 97 68 29 34 113 71 120 64 26 123 15 125 11 33 98 56 111 41 54 17 74 119 12 70 33 74 119 115 91 2 38 82 63 11 73 59 126 18 102 72 18 50 45 35 52 117 33 94 116 116 65 16 12 26 37 126 37 59 58 123 35 101 61 83 1 44 84 118 89 2 93 68 13 90 55 111 88 92 66 41 72 36 21 109 38 10 39 38 0 45 68 27 75 40 0 112 85 13 100
1 15 59 70 24 23 10 67 115 34 119 116 62 103 22 111 59 116 79 67 28 72 50 39 36 30 50 120 16 118 74 21 71 74 47 55 57 98 63 35 116 94 22 123 12 122 109 7 52 81 53 95 75 85 89 77 99 93 81 82 25 57 20 120 115 18 51 56 96 113 54 24 70 55 60 14 34 15 52 113 86 8 47 70 63 117 21 33 5 27 18 125 66 51 50 72 53 69 52 125 36 115 72 68 79 71 27 109 95 62 125 63 108 34 37 47 62 55 98 39 110 86 24 117 81 100 75 25 74 3 89 75 22 21 6 18 39 113 48 67 51 103 28 106 19 43 99 109 101 114 21 113 35 96 53 45 35 82 94 89 28 121 109 39 20 47 109 99 30 31 119 18 43 66 123 126 78 36 97 44 36 85 118 32 97 4 23 42 51 105 22 92 38 61 82 86 50 118 29 91 78 74 73 63 7 65 78 62 88 107 11 119 15 109 16 75 72 121 39 86 60 14 79 35 50 126 120 65 59 11 81 117 70 119 91 29 87 101 103 82 47 91 31 6 106 55 15 87 98 53 94 21 25 17 125 58 71 107 120 90 86 111 115 58 48 49 118 74 43 23 108 63 48 58 28 27 76 62 115 50 19 67 70 32 43 96 14 126 65 57 39 113 86 107 2 109 30 65 83 22 73 64 90 117 109 28 102 64 113 94 125 99 110 103 75 111 17 33 61 10 105 42 48 3 111 85 58 49 69 109 120 38 11 31 9 72 68 112 43 25 49 89 114 103 114 51 57 111 94 70 82 77 52 20 92 48 103 1 23 98 126 109 66 17 94 125 52 12 30 72 110 93 87 13 59 20 121 0 71 40 52 15 18 104 19 78 72 0 81 55 93 59 83 121 110 126 91 11 104 101 39 105 93 49 68 24 72 62 111 114 69 123 25 48 34 4 74 14 91 95 87 124 94 49 80 34 116 99 98 42 114 54 113 77 37 20 22 61 19 67 5 86 117 39 77 0 10 36 91 41 33 112 9 103 114 50 100 89 25 71 29 53 74 109 13 8 17 126 119 59 53 13 13 96 12 83 62 61 27 78 5 21 84 103 126 77 94 104 17 45 35 37 70 20 42 73 89 32 79 122 92 9 103 30 122 58 23 31 98 121 122 88
112 104 9 105 67 31 0 83 52 3 15 110 31 73 23 55 45 7 12 94 90 20 126 60 45 4 110 11 5 49 11 7 61 108 34 16 8 35 88 63 52 101 119 73 100 123 20 115 13 18 13 33 31 70 38 14 10 91 46 24 82 37 33 121 110 18 105 102 4 77 45 75 13 90 85 58 59 63 114 63 60 110 103 77 48 28 13 121 122 41 57 86 5 56 100 119 45 36 87 90 110 19 113 92 106 85 125 64 30 38 78 51 86 13 87 73 30 73 44 100 70 20 17 11 59 86 58 106 39 85 71 49 25 32 3 73 99 113 50 41 64 0 104 51 100 44 71 96 90 99 23 100 6 87 72 6 103 2 101 51 65 64 70 55 65 63 63 109 49 26 123 50 38 76 16 16 110 88 25 41 120 85 67 42 25 92 57 52 72 46 100 55 100 81 96 97 115 44 22 115 77 48 33 72 78 87 19 69 14 78 122 47 109 101 47 67 25 24 93 33 126 26 25 121 54 102 112 42 96 28 55 95 44 105 49 13 83 47 51 62 73 117 24 59 103 77 88 81 88 38 88 59 29 120 50 123 19 37 65 25 68 21 21 81 115 95 111 31 82 6 105 69 65 93 121 91 40 118 23 104 98 25 69 91 71 90 59 43 112 0 33 90 85 123 102 86 37 94 119 8 6 84 50 26 81 69 37 72 91 0 61 106 118 43 17 7 63 14 119 21 21 52 79 70 67 3 22 70 17 97 96 29 43 103 106 113 45 61 103 28 78 20 72 58 89 21 37 120 96 34 36 16 3 16 84 33 3 123 106 94 9 86 106 12 33 16 9 121 117 99 10 43 42 81 35 19 16 64 100 78 32 46 55 3 106 110 21 103 85 24 44 38 10 74 91 103 46 109 73 16 91 45 75 14 104 3 83 104 43 83 111 70 121 56 104 122 94 99 89 43 90 81 72 67 112 6 8 20 11 85 19 27 54 42 58 28 22 30 64 69 99 31 3 39 117 48 33 85 66 92 51 30 91 75 109 23 43 5 97 86 83 110 53 43 55 121 96 69 65 68 31 80 106 92 14 97 72 78 16 61 81 55 20 25 74 17 73 44 115 63 22 116 41 107 24 67 22 102 76 93 106 124 87 78 94 18 10 8 26 4 89 43
117 2 96 72 80 117 84 51 46 113 3 85 113 82 10 9 115 57 100 83 84 46 16 43 85 108 65 13 41 113 81 22 115 77 7 103 82 102 40 27 45 79 12 80 112 52 10 23 37 2 60 29 10 57 69 99 101 70 105 124 8 19 87 82 70 79 45 40 51 6 81 126 92 103 11 120 65 15 116 97 54 78 74 11 72 17 119 60 47 42 6 74 95 96 103 30 49 31 44 46 17 76 109 123 82 41 99 31 66 100 51 1 97 66 97 7 87 89 85 15 29 61 83 37 36 12 113 54 8 15 8 106 37 55 103 124 37 0 126 95 103 15 15 98 102 2 117 10 90 27 35 69 100 126 91 76 100 82 70 26 89 47 45 43 4 63 19 40 30 51 33 77 90 66 89 45 82 34 28 76 74 93 11 31 92 43 51 81 44 53 70 60 49 52 125 78 29 1 107 100 94 124 9 23 67 90 98 94 100 51 100 18 80 13 37 19 16 29 34 51 15 56 43 81 83 2 44 67 123 68 60 56 60 95 71 98 88 124 90 71 36 16 55 49 49 11 111 63 33 58 117 90 94 122 89 126 106 55 54 48 28 126 49 53 9 104 103 12 21 117 43 122 96 72 1 33 37 74 0 113 87 66 109 121 37 114 74 20 116 109 87 24 91 105 1 18 119 101 80 23 118 14 29 107 110 126 33 104 39 54 80 36 33 62 105 36 29 52 24 107 25 53 55 31 102 111 61 45 96 73 45 49 71 82 72 56 86 46 108 30 107 99 30 63 63 19 84 94 20 68 0 111 119 28 0 12 38 72 80 106 51 75 124 28 98 98 5 67 52 66 101 35 38 67 28 7 31 50 12 93 4 101 101 124 9 32 112 75 57 16 1 48 83 81 20 99 97 59 25 96 96 19 54 40 59 55 100 65 31 21 110 48 108 4 85 12 56 109 71 5 12 93 0 111 117 47 51 6 85 37 21 34 8 94 106 22 15 43 119 103 32 105 107 29 85 121 120 109 93 14 65 114 84 126 48 59 55 25 10 106 90 114 123 103 59 91 14 124 111 88 71 44 16 121 89 118 112 56 109 117 112 22 57 100 59 48 30 107 78 25 27 17 73 81 76 22 45 86 108 98 20 9 19 31 12 76 114 22 55 53 45 63
63 67 115 7 81 43 104 73 104 125 68 90 106 116 60 71 113 28 81 13 29 24 10 41 93 58 96 42 59 56 85 20 51 47 105 92 98 94 55 27 15 61 97 15 55 103 10 94 14 17 64 76 62 61 115 61 70 87 106 9 79 57 122 99 30 26 40 74 43 95 120 100 60 35 78 113 34 18 3 31 35 32 120 67 53 115 13 13 107 38 20 126 113 6 72 8 13 96 41 78 87 95 100 110 113 107 68 74 18 118 21 57 35 79 125 122 13 120 60 93 86 80 45 22 74 50 21 52 116 83 55 63 71 37 2 36 73 28 75 18 101 28 72 62 119 92 0 13 77 10 110 92 34 34 5 74 7 44 8 32 3 51 9 20 32 24 38 73 19 52 51 101 118 37 39 86 33 57 50 102 118 37 122 36 53 71 122 62 57 19 41 67 81 4 40 89 34 33 51 73 107 67 108 61 102 63 66 125 113 95 120 100 90 17 39 99 63 6 18 2 116 122 77 60 60 59 115 6 67 79 82 111 75 25 80 85 27 72 107 121 35 83 97 27 89 42 0 48 117 115 35 94 85 67 107 34 99 50 15 68 45 12 31 51 124 8 43 30 108 74 31 34 38 12 91 95 59 95 21 125 25 119 22 110 29 30 69 99 18 65 5 45 3 97 29 22 46 126 72 92 66 58 112 18 54 123 65 50 34 34 40 74 27 39 100 76 39 23 8 85 88 83 92 95 86 20 62 93 98 122 52 2 29 78 110 34 29 126 59 119 64 19 37 123 51 19 73 125 36 85 77 93 108 63 95 29 11 63 33 4 100 102 70 4 97 0 58 32 113 101 125 25 2 16 54 98 14 102 92 43 64 100 14 90 109 54 105 8 53 92 93 58 68 31 60 51 88 30 110 6 15 72 14 65 8 6 103 86 85 116 83 38 111 124 49 46 12 47 112 61 125 57 109 19 120 36 55 86 79 29 48 93 94 69 101 78 26 63 73 22 113 42 122 38 89 58 45 98 59 62 50 97 97 101 66 52 16 94 122 88 86 93 16 53 15 99 75 115 98 102 96 37 15 81 43 118 61 1 100 54 108 10 72 64 60 89 94 35 114 59 38 70 42 111 50 96 75 99 36 70 103 59 84 70 0 74 126 89 99 30 85 78
69 83 44 3 78 11 2 24 60 70 61 72 51 93 49 91 116 100 53 113 100 79 7 64 49 18 85 0 89 47 69 12 75 118 82 93 85 4 48 124 74 63 106 62 55 30 83 17 103 99 69 98 102 16 92 108 4 94 39 92 110 27 110 20 43 5 124 72 113 83 121 14 59 41 39 20 110 18 19 45 11 116 112 30 10 72 35 109 122 98 24 82 98 89 119 115 126 64 106 111 103 98 119 74 2 36 65 54 12 56 73 73 108 51 115 7 125 28 72 13 21 101 47 28 8 58 22 7 122 66 18 11 66 124 8 75 13 78 36 105 123 62 84 17 45 54 102 93 95 50 27 110 100 29 0 6 121 1 0 40 89 95 29 99 111 31 85 50 93 105 98 60 71 64 58 102 53 55 81 87 43 115 11 46 17 70 45 57 81 80 111 53 102 2 54 90 80 114 47 44 111 73 33 121 27 124 88 49 120 73 92 41 88 95 65 53 78 17 121 12 40 93 32 87 36 32 113 96 120 98 70 5 80 77 121 74 14 13 95 80 113 58 11 55 95 13 31 102 12 18 65 126 91 12 4 48 122 38 79 7 116 76 66 75 13 27 75 68 49 117 108 110 1 25 96 43 3 83 122 89 124 121 74 37 9 50 28 20 107 76 77 80 69 49 87 37 86 67 0 10 92 86 96 32 27 86 85 34 47 23 23 4 51 101 119 71 15 87 11 49 20 78 48 51 40 70 29 69 101 33 104 25 43 72 87 34 76 11 111 12 86 12 31 97 43 95 113 47 89 82 50 102 51 39 64 77 67 1 8 90 66 73 90 5 60 98 14 34 88 126 108 79 1 122 76 43 91 35 78 109 68 104 81 63 14 26 116 62 38 51 79 94 93 82 86 29 93 64 87 17 119 43 24 87 71 5 26 79 123 107 125 10 23 5 55 87 37 114 55 18 36 91 66 47 3 63 119 46 93 98 76 99 23 80 90 124 49 32 115 39 3 123 11 51 69 30 10 1 81 46 1 10 54 16 54 64 25 4 125 57 46 67 4 35 111 69 50 120 31 2 122 99 8 16 97 85 1 102 93 27 97 6 18 5 99 40 75 69 28 93 90 13 38 116 106 32 66 28 102 12 97 9 90 92 113 76 58 64 96 88 35 2
1 62 87 87 79 46 10 112 101 71 55 80 43 74 16 56 76 53 0 33 96 40 94 58 63 70 31 20 33 74 109 44 72 48 14 70 43 122 23 76 100 119 84 34 59 39 89 92 30 21 33 37 78 30 95 81 31 67 123 115 102 67 111 40 45 11 76 33 122 96 74 98 56 24 12 7 120 109 109 77 124 110 86 106 56 59 33 80 37 78 3 124 16 56 126 83 2 126 60 93 23 125 63 35 2 8 99 31 71 126 15 2 104 39 6 126 76 20 84 73 96 33 23 4 42 101 1 19 15 3 61 13 64 65 31 113 28 9 126 4 66 85 1 95 36 29 66 96 102 51 54 50 75 109 24 45 113 38 82 91 30 65 17 38 5 28 94 87 72 117 5 18 120 86 103 28 68 41 47 102 6 22 16 104 115 40 77 59 115 103 75 16 60 48 30 36 25 32 14 77 118 38 22 97 31 91 45 12 94 118 84 0 46 54 40 54 62 5 20 54 112 103 8 100 81 48 42 90 26 38 102 51 115 9 23 15 32 112 90 93 64 61 48 23 27 118 126 87 27 96 60 73 76 54 9 76 80 112 105 18 38 126 91 44 33 52 38 65 30 126 109 116 14 24 101 97 35 53 79 10 121 113 21 5 56 92 4 43 77 80 98 120 78 116 87 116 115 87 68 68 110 99 100 19 106 105 112 20 81 64 95 76 11 6 123 123 61 77 109 48 9 88 8 88 102 13 31 72 13 41 94 47 22 41 65 10 123 14 62 81 117 106 19 60 106 80 92 95 45 66 85 126 124 93 7 114 32 65 98 66 123 38 104 59 105 109 9 95 24 12 54 95 14 2 70 103 68 66 2 76 84 45 64 50 95 26 25 99 42 55 104 82 43 108 101 24 5 46 11 106 41 107 72 86 4 109 111 122 123 50 52 51 10 30 12 117 110 23 72 77 95 5 2 46 54 42 60 47 101 33 15 14 30 62 88 35 79 56 68 8 68 121 45 45 38 71 87 99 36 98 33 46 12 125 71 47 58 101 3 38 34 111 86 81 68 103 61 27 111 29 67 55 110 32 53 0 75 27 85 93 61 38 124 9 58 62 8 116 56 96 105 42 19 23 62 63 84 62 118 44 90 58 61 99 73 92 81 26 3 2 100 112
3 39 54 15 68 124 56 84 56 126 35 100 106 118 33 119 102 0 119 40 97 16 48 97 74 80 38 31 54 66 46 117 112 110 55 40 83 115 80 98 93 108 83 53 106 121 23 88 117 87 115 24 6 13 85 120 66 113 4 105 113 40 74 75 80 80 119 90 75 89 56 121 69 124 39 11 24 8 112 21 103 97 80 110 75 107 99 48 108 35 30 106 34 102 53 1 11 45 103 116 84 110 0 18 123 46 85 117 111 17 29 12 68 44 42 60 69 77 80 54 122 102 33 120 105 75 58 111 49 71 8 122 68 80 52 60 114 60 42 36 115 0 67 15 23 58 34 98 108 30 126 102 75 14 45 33 79 29 95 43 114 69 58 3 22 35 101 93 23 12 80 92 111 126 34 62 65 60 111 4 57 25 54 55 125 78 40 23 120 123 87 21 59 88 117 31 18 33 24 20 125 14 108 122 121 115 93 46 35 83 98 51 101 106 12 68 117 56 74 70 58 66 106 88 112 94 33 30 61 54 51 80 74 6 13 46 94 57 54 122 113 124 108 33 69 32 61 93 37 9 98 106 64 16 90 48 87 61 111 119 99 12 62 62 25 60 120 16 55 0 81 121 77 77 17 22 94 68 107 101 90 63 88 57 94 105 78 37 22 123 118 39 45 55 66 34 44 13 1 126 57 24 24 37 103 109 79 26 97 103 4 119 10 39 37 80 34 22 48 119 60 79 72 70 44 39 16 20 91 58 12 108 45 111 115 112 5 15 37 32 107 39 42 95 54 4 22 26 14 15 47 6 63 121 44 5 19 56 50 122 99 75 17 22 42 73 24 78 79 98 38 100 47 1 59 108 65 34 70 38 93 5 102 5 29 32 94 57 68 123 125 39 39 28 123 43 36 108 13 91 85 6 9 0 116 87 58 7 107 13 97 115 55 110 105 15 34 11 26 16 91 85 83 104 94 31 91 9 53 121 68 112 21 102 117 62 10 59 87 67 113 13 52 35 11 30 89 72 17 25 52 53 24 38 109 7 19 104 10 28 14 24 15 26 34 112 72 88 62 29 78 48 107 106 117 74 79 40 43 67 44 80 43 52 28 85 106 66 51 21 71 11 59 52 5 38 55 32 84 83 19 119 14 36 71 12 54 110 33 120 92 82
58 54 5 64 110 12 17 114 41 41 21 86 102 125 37 26 33 13 35 22 14 110 7 116 0 53 59 112 68 3 78 88 70 94 58 10 107 38 59 90 123 107 9 80 13 88 126 64 119 86 66 30 112 43 106 52 43 15 66 53 61 43 52 92 95 58 86 85 5 10 18 123 52 111 120 51 49 13 110 54 98 113 109 107 40 119 91 96 60 85 102 43 38 43 50 93 87 5 96 5 15 49 115 89 120 29 11 104 111 2 18 60 94 19 75 31 75 101 95 83 121 69 92 96 69 17 80 57 71 116 23 94 1 52 105 7 56 43 4 102 124 43 123 50 4 99 125 113 47 68 77 108 80 114 79 109 92 34 12 110 30 86 63 47 29 88 124 121 76 45 10 32 89 86 15 37 45 11 59 64 78 89 11 60 45 112 91 62 79 72 107 61 17 19 48 24 100 80 2 31 46 121 64 62 62 22 22 53 41 53 33 12 91 97 19 92 2 27 55 125 108 98 117 41 55 73 10 4 58 61 2 93 52 116 12 81 54 45 11 76 4 15 24 84 35 4 95 7 48 124 63 19 8 104 10 69 103 28 75 43 86 30 11 45 47 50 43 115 34 119 83 11 103 69 75 72 107 9 77 82 26 74 126 112 5 88 4 123 71 88 44 54 53 80 99 8 39 60 121 8 97 69 59 3 44 116 50 125 84 6 80 91 69 124 88 38 28 29 1 75 126 44 109 31 95 121 37 91 15 41 123 55 11 95 21 21 58 23 0 33 23 116 36 123 27 118 79 17 123 122 23 42 45 16 48 63 118 27 82 75 7 51 53 84 80 53 40 93 65 20 54 94 119 39 29 31 54 4 54 124 30 15 118 51 4 75 78 56 29 118 28 52 124 123 56 85 120 69 61 77 36 53 43 123 116 39 103 61 35 91 4 54 39 47 72 60 122 77 104 52 12 64 5 80 79 74 119 96 123 8 15 43 12 15 93 29 16 67 6 100 101 2 105 16 1 48 93 106 50 102 41 54 9 28 110 115 24 41 0 95 73 109 33 64 20 3 61 53 72 125 78 82 46 17 95 109 47 97 104 16 120 106 4 92 44 121 107 65 24 101 84 117 7 8 42 52 43 122 114 59 89 13 109 36 115 54 114 77 23 96 31 94
79 85 27 70 19 124 40 86 82 91 88 100 95 59 2 11 67 24 15 74 102 56 114 87 93 100 97 82 0 100 98 104 56 5 76 63 79 11 58 34 41 88 21 79 112 13 79 55 94 93 9 31 62 30 16 115 56 19 65 48 6 21 70 4 53 47 82 37 104 121 26 19 51 19 110 16 52 9 11 32 69 43 115 56 124 92 78 5 60 109 76 0 45 116 15 37 28 93 41 19 12 52 125 53 84 78 109 27 49 101 59 35 31 29 67 53 43 31 35 59 118 75 96 99 30 122 4 36 6 9 112 108 52 82 71 69 111 92 121 85 48 106 52 33 82 72 84 67 125 38 10 53 120 2 32 6 17 116 84 79 76 59 96 53 18 41 85 69 91 10 4 47 124 92 96 76 47 4 14 113 18 74 108 74 82 102 104 120 42 20 29 80 37 118 90 42 94 20 84 41 18 0 112 65 94 35 70 95 95 32 87 10 4 91 94 26 85 117 47 72 63 108 96 48 70 47 15 108 112 6 94 49 118 118 15 40 47 67 34 119 111 38 80 104 26 35 72 120 15 45 72 71 108 121 45 65 51 15 25 42 25 108 21 93 80 18 112 83 80 71 99 92 64 65 3 114 123 62 37 110 29 53 126 10 76 60 103 29 0 59 59 39 13 81 65 125 107 6 18 16 54 63 57 83 56 118 14 75 41 26 41 100 50 100 108 117 72 20 124 118 113 85 30 52 85 20 11 43 109 91 41 64 115 60 86 46 106 16 47 75 118 102 40 55 82 83 12 106 85 13 25 113 47 65 89 4 32 16 21 103 65 109 64 61 1 41 114 55 59 86 56 1 62 112 106 60 6 74 47 47 109 112 43 2 101 61 55 92 70 19 4 121 38 91 58 31 44 53 43 84 43 78 106 53 122 68 14 124 36 73 27 98 46 117 88 44 116 53 1 31 10 84 30 38 1 117 125 84 13 64 53 50 109 103 124 97 51 55 91 37 28 89 19 27 10 71 21 11 102 94 6 118 3 23 19 45 32 120 16 8 61 96 54 107 44 105 25 54 2 110 61 50 6 119 87 2 124 120 3 79 72 95 57 115 91 93 5 30 49 26 122 112 37 89 33 62 5 21 41 62 5 21 4 118 117 40 26 118 75 30 14 106
58 126 90 19 6 66 24 18 32 122 103 68 14 25 35 78 91 47 104 115 112 98 11 106 18 61 0 8 1 101 78 44 18 25 124 50 107 111 68 33 68 52 17 8 87 118 30 34 59 16 31 126 111 86 35 123 1 53 29 71 18 116 115 55 37 12 92 80 6 114 55 41 99 60 77 115 103 87 33 77 100 88 78 19 111 17 62 26 81 82 42 97 41 35 126 106 59 72 21 95 34 13 70 21 22 73 58 57 17 89 30 22 104 82 29 48 98 124 43 29 113 47 0 8 84 93 95 0 20 36 100 97 110 50 18 38 83 118 40 106 71 41 25 95 70 105 78 52 27 34 61 68 44 85 8 27 83 31 101 75 21 13 88 27 18 31 113 113 102 39 119 7 77 41 109 56 87 64 29 52 104 54 47 54 15 60 90 50 77 97 119 81 62 49 86 91 118 35 77 61 51 76 46 100 50 17 1 43 98 35 3 83 17 57 18 124 37 39 8 115 96 69 69 26 52 22 80 83 14 108 74 68 114 96 29 87 91 30 18 68 14 0 73 34 26 46 56 21 95 31 24 92 116 67 10 116 38 103 61 98 16 48 25 89 80 107 60 84 0 80 101 16 84 110 7 66 57 102 12 65 58 64 52 6 14 73 85 18 23 99 84 20 58 25 36 18 101 99 74 78 109 114 113 30 21 74 48 4 58 87 47 96 30 90 62 7 111 94 40 53 95 103 73 91 109 44 84 22 83 2 37 80 47 11 74 80 14 122 23 32 101 112 12 30 76 73 1 88 89 110 46 50 110 67 8 12 90 31 73 94 52 73 0 18 53 70 31 68 41 64 77 97 3 105 55 65 17 56 81 43 66 25 51 41 9 60 50 32 114 63 84 101 59 116 75 2 24 26 38 105 109 10 89 50 86 123 114 114 18 22 86 23 30 20 52 111 8 58 56 61 123 96 99 92 122 69 48 13 13 50 22 126 122 67 67 103 83 113 123 10 41 56 66 21 82 32 2 30 50 37 83 94 33 75 100 20 96 96 110 78 78 33 81 114 100 46 101 105 8 81 122 41 61 56 114 82 3 121 123 123 2 113 19 101 54 77 42 80 62 65 44 24 2 36 117 46 2 113 3 115 108 75 122 101 64 92 37 77 23 8 52 26
38 37 114 103 72 4 78 44 40 104 117 118 43 20 21 109 64 4 112 18 31 74 109 125 8 112 116 46 86 8 41 0 10 38 111 56 117 56 71 101 70 26 110 121 48 105 75 77 48 74 55 76 2 110 21 119 19 8 113 64 29 23 106 17 65 38 6 90 88 74 76 19 91 3 95 8 81 64 67 85 36 19 73 62 61 102 26 108 33 13 97 44 46 122 33 9 2 125 61 13 125 93 10 75 31 32 17 49 106 30 25 88 109 60 100 118 77 41 85 40 101 115 18 81 6 97 65 17 121 58 59 57 0 77 31 56 17 98 115 64 116 26 56 55 48 70 27 111 33 68 107 61 22 12 117 85 90 25 11 112 64 39 126 46 98 6 5 49 63 72 21 88 62 1 28 14 25 72 7 9 108 37 33 88 63 120 114 54 41 99 66 7 12 42 42 64 2 64 49 45 43 67 46 62 95 55 4 54 118 27 32 108 73 17 6 48 36 103 18 66 45 35 93 3 119 22 62 64 39 118 97 119 49 75 87 78 99 50 85 118 80 86 104 102 103 6 80 65 119 83 113 12 20 64 77 3 28 34 56 83 21 78 86 110 4 24 15 43 81 33 23 74 72 24 100 123 8 50 14 56 55 120 60 70 63 100 37 115 41 67 108 87 24 84 124 22 22 70 37 66 35 77 62 43 0 10 6 112 51 20 111 46 59 68 110 78 115 67 46 93 54 106 58 109 3 3 112 51 4 70 49 13 48 111 105 86 36 123 106 74 46 79 28 14 83 42 55 119 121 68 109 116 65 32 56 48 42 77 36 18 32 105 87 106 23 23 14 79 77 25 46 62 3 2 23 65 44 99 90 61 34 8 67 10 84 66 42 70 32 120 72 91 30 13 83 66 88 123 0 102 105 44 86 46 1 44 70 115 72 114 28 76 38 102 121 5 85 55 27 123 119 85 7 44 26 29 22 115 120 108 20 67 114 60 125 122 82 60 97 26 56 36 113 43 61 65 54 39 98 84 123 63 53 63 28 71 109 99 104 110 57 123 50 107 10 13 121 17 55 91 85 96 24 93 54 96 27 109 86 32 80 74 14 114 24 25 82 90 80 7 18 52 22 115 27 77 25 124 20 50 110 120 11 52 104 101 77 25 9 116 25 110
55 9 86 99 66 25 51 49 118 27 71 108 68 56 51 27 93 75 108 87 125 69 6 78 11 92 110 24 23 4 16 62 41 116 64 121 69 78 20 51 36 2 90 1 97 114 0 50 51 27 49 50 101 64 87 83 52 32 59 13 117 7 105 26 5 82 42 95 57 119 63 123 79 97 114 91 113 63 88 54 38 81 32 5 78 69 13 39 12 7 114 28 33 18 112 93 14 108 24 76 43 108 2 84 22 81 74 0 109 31 39 112 28 89 4 36 76 102 4 82 22 13 12 17 106 77 71 114 51 17 7 1 63 40 15 59 86 122 32 118 83 95 92 125 3 80 48 112 100 2 79 93 5 29 121 94 118 28 64 65 108 119 65 87 62 124 32 86 1 16 33 36 1 73 109 81 94 104 114 91 96 41 50 54 119 53 119 68 32 106 83 118 15 35 64 43 33 61 33 43 58 120 114 13 14 94 32 7 110 63 29 64 60 113 98 29 98 111 55 38 111 103 89 71 31 71 90 57 57 8 50 82 77 27 42 23 120 87 79 92 97 5 8 103 100 22 86 10 53 28 32 47 12 44 49 75 23 8 80 116 58 90 72 92 75 87 119 38 59 22 13 53 114 96 100 34 49 26 12 21 71 23 76 105 80 80 58 106 11 74 49 23 34 76 27 121 41 71 72 69 122 109 20 67 58 107 21 48 36 92 65 80 34 93 53 105 14 119 73 74 20 35 27 99 80 67 45 86 35 22 55 10 65 25 17 120 0 39 38 20 37 80 83 108 70 122 103 39 91 57 35 44 125 38 95 33 99 36 93 14 63 4 1 64 121 53 25 36 87 63 42 107 115 41 53 39 22 71 4 108 34 68 14 94 80 49 106 101 31 117 48 63 77 115 82 36 64 0 31 16 39 34 126 106 100 53 61 89 71 6 39 46 43 111 56 102 108 4 66 95 3 101 85 18 49 64 25 50 80 0 79 52 14 14 109 45 87 63 50 29 90 34 123 28 113 85 54 89 35 26 62 41 120 45 117 51 74 119 123 119 116 0 27 18 17 90 57 41 52 105 56 34 50 42 65 48 122 88 122 14 71 95 69 116 112 54 101 88 117 14 37 61 95 107 71 21 43 30 18 98 102 97 66 115 13 23 39 52 88 83 123 116
98 12 81 21 3 25 103 42 6 35 8 11 76 44 56 1 24 59 89 1 64 82 39 93 90 71 33 71 35 83 1 4 88 116 80 118 56 52 23 33 81 24 111 42 50 79 29 85 123 48 106 57 31 48 22 13 80 119 40 49 69 38 89 105 14 24 109 77 93 97 112 65 28 60 106 104 113 64 47 16 109 119 126 116 38 41 4 101 44 94 117 29 69 89 112 53 20 113 57 124 85 106 123 66 31 107 115 92 95 25 45 46 74 73 99 3 84 114 58 118 51 94 49 10 107 41 120 18 123 46 89 61 76 8 123 20 43 58 126 42 49 95 75 37 45 75 10 46 70 15 93 85 61 95 37 118 120 108 61 105 20 116 58 99 61 100 53 22 52 95 107 91 28 9 62 3 123 74 54 91 123 40 67 60 98 32 52 94 125 8 40 80 87 0 112 66 72 57 63 94 108 15 121 72 55 59 60 32 0 124 74 45 53 35 14 37 16 38 32 13 21 59 17 64 61 22 46 73 69 15 48 67 93 106 57 20 18 67 40 3 13 55 62 29 95 71 123 38 52 75 33 54 3 102 0 22 106 8 91 108 102 66 81 35 20 46 38 52 72 2 4 123 76 83 2 35 60 92 44 25 70 8 87 34 81 26 21 109 52 25 60 64 42 70 14 115 95 50 85 86 21 16 117 113 30 97 67 77 54 102 11 2 58 60 84 120 76 59 109 73 24 77 53 9 112 34 96 77 18 1 13 21 75 16 120 18 16 34 107 63 85 68 71 111 26 103 22 73 109 38 39 111 3 1 78 35 73 7 57 51 84 107 76 107 61 3 115 116 115 101 44 34 108 89 83 17 3 10 78 44 12 69 75 87 79 114 77 42 115 93 96 53 28 90 44 97 80 23 92 120 54 122 91 38 34 32 79 79 1 90 120 78 14 59 122 126 114 85 119 68 2 80 27 11 15 114 103 21 36 121 20 24 108 76 63 32 65 121 6 83 86 112 109 105 106 109 123 107 43 67 114 28 125 94 1 24 53 62 74 62 74 67 32 28 55 16 79 94 111 120 100 55 91 94 74 121 67 43 10 116 8 26 50 100 56 4 90 100 86 48 111 58 65 22 96 16 17 0 17 11 106 100 62 72 2 18 97 60 106 70 76 94
83 88 108 43 84 66 15 72 107 77 5 51 74 41 90 108 5 118 17 87 87 48 56 16 48 12 102 1 109 117 25 91 107 52 103 78 47 92 39 53 106 92 60 59 68 101 55 52 68 110 53 114 95 13 109 118 78 1 19 9 108 107 103 26 48 120 18 45 60 27 8 85 46 86 121 14 60 77 78 67 22 2 19 75 34 9 27 24 18 61 59 32 74 12 8 52 27 7 4 12 51 115 46 96 47 46 116 108 71 20 114 97 67 31 75 99 34 71 48 42 56 51 126 70 55 79 91 83 48 117 18 50 109 49 55 94 119 103 126 79 25 100 108 109 14 61 86 41 54 48 68 51 86 103 82 35 49 19 48 7 15 44 16 99 20 12 59 94 37 10 7 1 120 20 73 84 105 124 1 83 28 6 107 43 94 36 75 122 36 30 124 80 111 67 120 120 66 47 64 112 15 103 6 48 104 25 69 9 56 113 29 49 94 1 78 4 59 42 96 0 111 2 107 83 96 5 28 99 37 89 124 55 81 95 59 55 115 85 18 20 106 114 14 111 47 60 29 18 126 41 61 22 47 9 107 31 9 91 16 58 42 76 8 122 118 88 5 18 107 89 8 115 33 66 39 111 74 80 102 15 77 118 31 22 105 13 85 2 109 69 116 61 122 17 50 3 59 66 38 50 77 63 20 55 112 126 69 115 62 21 93 34 62 33 94 90 102 95 99 80 32 23 27 13 29 120 69 85 72 44 97 71 74 8 46 83 94 92 80 111 89 51 123 32 64 47 0 97 73 88 76 29 109 22 99 85 96 17 78 38 4 60 71 114 126 84 64 84 75 10 24 45 31 50 32 35 79 76 1 79 86 95 27 1 110 7 105 1 85 89 32 16 56 67 79 9 123 82 54 113 24 55 102 8 40 77 104 57 21 15 24 35 27 85 46 29 35 85 105 29 91 53 4 72 115 77 70 93 93 29 8 56 30 73 115 53 6 4 50 41 30 96 60 75 6 115 0 4 21 81 46 24 26 113 35 95 24 2 88 27 62 3 113 12 94 59 18 33 80 95 99 82 9 107 100 12 61 35 88 50 37 23 56 85 124 55 92 36 4 84 107 67 108 94 92 24 70 96 45 29 122 93 16 84 10 56 51 24 33 52 55 90
2 40 105 65 59 64 30 68 108 105 53 44 28 120 60 23 26 90 108 23 82 16 102 48 105 57 92 13 12 95 46 100 48 60 93 110 31 68 51 77 74 59 73 99 78 2 48 56 46 65 108 110 50 120 71 110 63 30 72 93 73 72 66 40 57 57 57 87 118 122 22 43 113 68 99 86 83 71 95 56 28 91 92 71 82 58 58 63 22 81 103 10 123 12 61 119 24 125 112 96 53 60 49 105 60 5 94 54 53 98 46 2 30 126 1 77 98 78 83 2 117 7 45 125 125 76 95 49 94 32 38 59 55 58 38 35 73 123 79 74 74 67 36 123 17 103 80 103 107 44 4 42 27 16 45 31 74 64 70 115 59 52 53 1 101 7 11 21 43 35 28 64 114 96 80 18 63 3 91 126 1 52 86 57 46 40 62 99 53 29 24 64 24 72 4 39 7 40 62 23 11 35 49 10 119 0 39 13 5 27 10 90 11 107 24 27 32 31 72 34 94 32 58 81 56 25 87 35 103 10 55 76 41 76 101 48 122 40 0 32 92 22 69 76 106 14 54 85 23 9 120 38 81 57 119 24 49 72 24 51 59 97 114 53 78 61 89 24 43 60 57 60 120 106 97 15 6 89 83 64 31 87 85 26 7 30 11 51 92 47 111 36 44 125 54 112 52 95 20 86 12 93 15 91 40 123 75 88 74 115 62 35 75 39 117 26 96 64 120 31 19 119 84 79 103 32 17 57 37 11 93 104 21 11 17 62 123 20 49 110 119 90 82 41 113 83 79 41 5 90 95 91 85 83 45 105 80 107 22 30 31 77 31 84 84 43 84 26 13 84 123 4 27 24 104 10 31 83 97 50 96 40 74 114 78 107 118 88 64 8 100 14 93 59 84 40 19 73 58 23 64 22 9 112 94 70 107 6 96 80 26 92 87 27 102 60 87 87 1 113 111 99 94 17 111 123 95 28 86 114 48 41 57 24 78 19 86 3 0 95 14 81 104 70 74 52 109 3 61 6 90 103 88 37 111 16 3 36 14 83 52 32 83 81 46 46 93 17 34 22 96 121 35 41 64 2 92 104 118 84 122 11 27 35 1 41 73 116 101 113 0 47 16 13 14 101 81 66 65 21 78 68 72 87 63 76 100 101 109 8 117 86
77 108 52 28 70 89 111 34 13 20 20 55 92 47 78 14 16 32 76 116 12 7 103 126 16 95 58 19 99 26 39 104 56 33 115 89 8 82 29 79 90 4 17 73 105 9 31 126 17 80 63 13 98 110 93 52 18 6 35 68 32 68 114 82 65 79 46 35 81 45 64 98 118 114 55 76 8 90 48 79 77 25 60 51 57 89 100 83 15 22 44 61 19 62 56 6 126 47 13 107 71 5 70 125 98 91 45 90 63 6 94 105 60 42 107 120 112 41 46 122 63 126 76 7 6 51 111 51 42 97 103 94 18 121 102 101 15 10 75 80 109 82 31 78 62 93 63 122 118 111 23 36 105 37 96 112 51 64 97 9 59 106 115 94 79 67 69 17 28 27 108 53 22 66 68 91 85 54 40 104 74 47 91 58 125 57 36 96 19 25 120 59 44 119 50 3 3 20 18 14 82 114 35 120 105 23 61 109 30 20 116 123 112 61 9 97 22 21 44 29 63 120 65 13 79 107 68 94 112 59 120 51 23 12 83 66 97 44 82 7 115 38 125 119 74 84 32 76 120 45 74 18 88 63 79 90 119 75 18 71 8 117 92 95 77 90 70 53 5 109 65 68 110 0 67 115 123 10 61 65 11 86 40 29 53 56 10 86 114 32 84 27 38 103 97 116 4 111 4 23 103 52 26 122 28 105 91 16 47 5 49 119 122 64 114 102 81 42 65 18 94 101 3 90 92 117 80 48 0 109 81 123 34 11 125 14 109 39 116 77 78 11 89 82 51 51 119 30 61 55 12 49 30 69 76 54 35 15 111 25 34 0 120 101 109 21 121 103 123 122 96 123 0 54 55 115 37 27 66 74 118 41 60 120 69 113 54 90 12 45 84 38 13 34 74 105 48 0 0 85 9 95 53 99 33 93 4 9 49 58 26 16 39 107 89 4 73 73 4 87 47 58 19 47 30 39 84 61 51 94 67 50 24 115 32 21 42 109 72 30 69 67 83 122 78 23 43 117 31 31 122 116 47 62 98 67 16 93 45 55 45 12 38 71 76 104 72 67 23 110 27 57 46 66 126 107 107 61 104 32 70 39 86 17 69 95 111 25 15 58 1 89 63 7 40 114 80 66 39 62 88 75 115 17 80 68 110 100 118 73 41 46
122 73 50 0 27 77 35 41 44 124 119 123 78 19 65 93 58 33 107 84 19 110 57 85 14 63 17 96 81 111 81 31 91 67 77 21 91 4 67 12 114 123 84 2 93 63 89 100 85 74 122 126 92 15 84 74 64 57 71 85 73 0 100 18 29 27 90 19 83 110 109 90 78 123 88 73 9 125 31 59 22 123 110 97 73 54 99 112 75 98 110 121 55 59 10 82 123 73 2 10 82 109 22 101 42 31 125 116 90 19 7 3 95 94 107 7 59 40 24 60 45 37 18 101 4 121 85 20 45 55 63 81 102 58 52 108 20 80 21 114 101 84 22 1 99 9 109 23 15 80 62 66 59 19 15 80 39 77 62 69 72 63 86 112 126 35 24 117 117 4 48 11 59 82 93 25 62 80 41 3 76 48 91 28 73 86 106 122 43 20 12 122 86 24 55 81 88 115 27 23 15 15 65 88 14 106 14 31 65 6 109 33 18 5 4 43 5 108 121 6 35 78 96 23 89 30 118 62 53 58 29 94 11 4 124 116 94 48 123 86 58 97 25 85 93 50 125 110 33 51 12 116 59 120 35 105 84 51 21 28 95 67 27 15 91 23 19 60 108 117 113 102 117 14 110 106 81 49 6 63 82 69 30 92 100 94 96 112 44 105 15 95 77 16 13 126 101 29 1 60 120 94 59 21 9 104 121 69 52 121 42 49 51 44 54 88 82 46 116 93 84 18 14 67 93 67 93 74 69 67 108 22 61 109 86 121 73 83 57 89 50 45 115 31 10 65 25 31 111 38 76 57 24 46 91 108 90 53 54 120 15 27 49 113 30 76 18 27 5 31 54 9 114 94 85 63 98 97 38 126 22 85 70 37 49 59 114 24 46 7 93 92 124 6 112 50 112 56 25 87 35 45 24 88 34 100 54 0 54 22 15 38 101 58 44 33 29 70 58 122 44 96 10 68 55 88 9 67 13 25 119 93 82 125 27 51 60 63 90 1 42 5 4 39 32 78 103 60 81 71 94 40 115 67 36 56 14 117 89 113 81 4 48 126 48 25 24 65 45 124 93 122 80 101 43 117 55 0 3 72 126 61 94 125 61 22 15 39 27 33 7 7 9 59 29 118 77 66 14 17 54 117 73 23 115 123 103 10 44 101 72 20
68 84 47 66 80 118 3 110 109 14 40 66 13 72 104 121 26 26 37 110 3 100 28 96 111 23 9 67 30 79 107 123 14 68 69 122 119 30 40 119 73 18 101 63 14 18 46 106 108 111 99 63 104 94 87 14 123 103 15 87 104 61 50 104 4 90 109 66 59 101 44 63 55 106 36 120 65 46 49 4 23 25 29 88 84 58 21 117 68 51 123 8 34 43 55 31 51 40 88 45 12 10 8 70 40 13 0 74 53 82 51 121 95 28 57 126 86 110 125 1 39 60 84 100 61 115 2 93 43 114 118 84 61 102 70 16 94 6 106 117 51 37 84 118 31 39 0 87 20 9 121 70 106 85 87 38 103 20 119 93 72 55 67 83 76 67 59 21 6 53 83 100 96 58 13 18 89 79 98 6 5 34 100 27 21 12 5 118 84 19 28 26 56 59 90 58 101 56 6 106 100 104 73 87 82 49 84 41 33 89 31 108 107 66 26 89 36 56 64 100 73 36 81 73 38 49 9 79 123 77 61 41 49 116 57 81 108 69 101 56 19 7 75 58 74 27 60 62 14 35 21 60 2 18 73 103 59 68 119 12 69 87 34 85 120 21 88 41 17 79 73 56 104 85 58 108 60 72 100 103 14 71 118 58 62 114 21 32 32 32 89 58 102 72 25 115 50 121 45 114 100 105 18 68 38 114 68 93 105 3 7 121 37 111 88 24 14 105 74 52 41 81 86 7 30 38 6 67 114 15 118 28 51 116 49 98 73 119 59 65 125 21 83 75 51 26 80 88 32 68 5 82 96 51 26 1 21 105 100 14 57 19 15 65 46 111 51 101 49 32 96 22 33 94 15 66 5 44 47 107 103 87 93 2 83 117 13 55 88 108 89 81 50 122 119 117 41 69 23 107 93 23 13 32 111 45 2 7 62 125 80 52 87 18 63 94 107 76 32 34 39 71 110 46 91 108 55 111 34 70 102 53 28 90 6 17 89 20 109 9 10 19 48 65 67 83 100 98 41 68 70 35 46 116 24 29 28 83 67 89 34 122 107 90 0 9 93 76 122 39 73 124 89 75 45 109 47 25 116 69 101 57 74 75 12 16 107 54 33 9 53 22 8 53 31 81 82 75 118 47 124 65 78 11 120 46 17 81 18 11 78 125
11 43 6 16 9 5 45 40 105 59 14 88 114 13 57 32 119 78 7 66 99 20 17 64 9 103 95 96 56 72 1 3 20 52 118 99 34 41 53 50 75 40 74 112 14 126 123 46 40 41 32 8 56 0 86 62 4 83 102 111 38 78 57 39 104 99 120 4 53 57 87 55 7 94 37 9 64 45 50 61 73 117 98 10 76 8 64 59 43 19 15 3 96 79 121 1 71 116 115 32 95 27 83 27 106 52 120 112 43 71 124 106 11 19 0 111 20 105 22 13 4 34 90 69 49 50 19 114 70 90 117 107 107 93 46 54 20 78 100 51 9 85 17 84 58 91 119 18 5 27 58 121 65 52 35 15 45 10 111 0 23 48 103 72 35 42 114 20 10 76 64 103 31 79 98 10 52 39 9 15 38 122 63 42 100 109 123 19 4 100 35 55 47 123 91 118 3 115 0 108 86 100 45 27 88 104 7 29 13 25 68 65 87 4 57 11 69 74 16 53 47 25 77 107 97 49 116 19 12 104 114 60 31 11 106 37 4 1 79 61 29 100 17 61 113 67 2 76 31 126 27 39 56 121 2 30 100 81 66 26 27 51 111 30 53 73 80 36 53 118 61 64 64 20 47 99 6 38 92 64 16 122 88 92 7 92 75 50 42 94 10 91 109 44 79 24 81 7 78 81 121 6 36 17 64 101 118 85 55 102 22 68 78 124 23 53 27 116 41 12 10 84 97 9 68 53 0 24 55 113 23 115 55 62 24 93 6 23 55 53 126 3 24 17 120 54 125 1 78 81 42 28 23 5 60 70 124 5 36 3 96 32 108 116 32 32 56 78 119 37 35 81 86 10 35 104 71 93 112 125 32 51 52 5 61 53 20 51 65 91 74 10 3 115 108 79 85 94 83 63 105 84 6 86 57 97 113 63 33 108 1 1 60 112 35 10 63 30 114 88 50 50 54 115 41 83 72 35 15 46 86 15 73 31 9 112 108 106 111 101 77 70 4 1 40 15 67 33 114 18 88 46 103 1 119 28 2 37 49 70 23 63 122 81 15 58 25 92 34 45 110 72 41 109 126 52 49 71 60 63 36 17 61 43 16 49 15 23 51 6 79 80 103 89 59 16 61 21 87 4 11 22 77 4 13 125 103 27 21 112 92 41
30 112 15 39 10 114 35 24 95 41 1 101 68 2 39 46 2 21 64 120 60 94 91 102 121 59 2 23 111 7 86 68 65 61 8 101 29 73 31 57 29 97 1 65 100 93 74 23 95 68 23 59 97 59 23 18 49 95 46 125 12 126 41 90 37 71 101 4 16 27 19 65 63 100 50 56 25 23 110 89 25 80 19 110 104 96 28 14 121 92 8 29 98 50 66 118 38 55 8 103 30 99 94 118 51 51 74 79 0 115 72 88 2 57 41 66 55 126 88 48 121 103 73 8 10 119 42 19 73 87 21 112 58 116 0 44 13 29 119 23 94 68 42 42 48 90 16 110 55 18 34 124 69 29 93 42 41 46 68 5 49 10 108 49 56 104 114 36 124 84 28 87 97 101 80 4 23 117 25 7 18 72 41 48 34 119 9 87 112 117 62 18 61 7 77 113 95 50 29 52 53 83 92 1 118 75 26 59 55 22 120 82 68 77 7 56 104 1 63 33 94 47 59 34 117 63 124 23 38 120 33 8 118 118 100 95 59 14 31 78 34 100 104 3 46 1 39 107 56 94 35 9 76 36 62 66 87 106 114 90 79 92 58 57 40 25 57 15 18 42 42 81 56 54 2 96 34 15 25 110 67 121 96 64 94 5 114 39 10 55 53 2 45 32 0 126 60 111 41 6 88 120 6 50 60 49 113 46 97 81 20 25 3 124 99 101 6 118 87 103 90 24 99 84 95 37 10 46 71 37 108 38 85 58 7 9 16 31 105 69 106 31 73 32 115 56 119 17 117 65 89 62 26 71 121 29 16 75 24 104 38 60 120 103 105 27 94 69 36 84 114 42 63 70 15 72 84 45 82 108 119 80 69 62 11 32 111 105 21 104 49 23 26 89 84 101 71 76 33 3 104 71 107 25 88 73 119 51 43 25 9 0 24 49 17 93 109 14 37 59 125 40 109 41 120 41 17 92 8 107 72 49 55 59 45 85 118 105 34 122 37 47 24 70 30 66 96 111 19 61 38 61 62 63 113 19 113 63 74 60 60 53 125 4 73 111 109 111 115 16 104 99 78 79 74 98 26 50 91 81 20 26 121 125 88 82 88 86 111 33 79 45 13 85 29 10 65 13 51 119 11 103 1 103 34 101 27 88 63 94 100 108
124 34 117 101 54 38 20 62 14 75 35 124 54 25 102 115 109 67 73 37 98 14 50 38 22 17 91 42 52 60 12 30 85 121 117 107 40 2 0 74 27 93 51 84 89 0 69 70 71 18 30 36 39 90 108 29 48 49 69 11 117 86 112 83 97 57 123 101 114 9 70 15 66 44 1 66 29 56 29 56 53 25 78 104 53 20 125 62 34 60 26 72 108 76 13 109 38 42 25 104 66 18 112 62 27 109 16 11 92 120 95 17 13 105 116 29 72 12 12 58 107 121 106 90 48 88 109 68 80 7 110 115 112 8 46 1 18 94 89 58 16 34 37 68 112 54 8 76 46 62 103 97 12 16 80 9 28 117 8 113 73 14 60 17 8 96 64 105 106 49 7 88 121 67 119 112 101 63 111 121 87 14 122 118 113 0 33 22 43 87 23 59 49 99 52 103 68 32 76 118 38 72 3 101 33 48 105 22 24 23 6 31 64 97 76 1 94 110 99 58 30 44 52 39 49 90 57 52 24 28 95 16 46 111 81 126 16 1 53 111 53 13 1 48 0 68 76 45 123 9 77 86 27 36 102 35 76 77 70 64 48 90 74 94 3 117 64 52 25 74 117 82 121 36 12 51 126 105 32 120 79 119 65 91 122 101 104 40 73 37 6 95 45 25 112 118 100 2 121 58 106 4 113 43 24 60 82 92 15 117 117 93 10 82 87 29 37 58 52 81 48 66 74 111 99 41 99 6 107 47 13 69 15 23 24 17 40 59 100 32 10 53 108 20 6 10 69 121 98 125 103 74 122 91 19 50 54 105 104 107 21 3 125 30 38 83 6 93 52 18 119 25 9 6 72 23 23 43 15 45 14 104 49 26 96 104 118 83 112 18 22 50 102 53 83 6 36 31 20 40 118 33 16 70 74 121 11 65 33 97 25 15 66 40 89 34 24 27 37 53 37 9 63 3 99 112 13 29 104 68 1 51 96 110 73 125 40 30 42 115 108 117 19 10 27 36 74 21 108 23 77 80 24 5 73 86 84 104 105 5 125 18 56 63 50 95 55 40 25 118 6 19 57 35 77 74 4 112 33 7 25 97 83 14 6 55 11 58 40 103 50 31 33 97 121 42 17 22 104 93 41 76 99 102 122 11 74 95 12 64 104 22
12 122 56 2 35 24 15 91 125 115 19 45 67 64 94 2 122 109 34 29 90 35 97 85 106 20 117 96 77 38 59 69 55 24 113 109 73 72 107 90 96 85 60 122 76 91 89 90 91 12 48 59 72 57 125 51 18 104 44 78 72 113 113 53 102 119 25 67 18 72 55 110 94 65 95 32 81 66 26 18 15 68 126 118 81 81 28 4 59 8 89 22 63 100 53 126 2 70 86 63 25 22 119 93 65 97 26 63 4 9 59 93 103 114 84 34 97 76 52 31 114 52 92 82 15 124 125 34 76 62 1 119 29 60 53 102 52 30 112 2 7 68 17 67 16 59 80 95 61 14 38 30 76 89 15 108 22 121 85 104 92 114 108 47 96 108 59 2 104 91 17 17 36 20 63 80 42 59 98 90 25 35 65 41 74 46 43 49 8 41 79 57 11 29 56 46 107 84 4 13 27 11 71 59 102 52 48 26 88 2 72 82 88 48 102 93 57 13 117 82 47 83 0 52 102 8 95 126 13 23 84 86 79 117 22 11 119 92 72 26 48 19 47 19 6 69 65 82 91 106 124 55 9 5 73 4 123 96 63 118 53 54 39 100 117 126 114 22 89 45 10 115 88 25 30 33 119 27 106 57 111 35 34 5 32 98 40 60 87 57 10 110 43 5 19 63 95 123 14 5 88 32 113 27 32 26 71 7 102 92 40 79 120 13 63 108 13 117 65 118 12 88 12 118 26 125 22 101 113 88 116 78 54 65 100 39 5 120 89 88 61 8 44 42 34 35 59 97 61 15 125 49 50 101 120 71 4 113 19 10 43 98 65 26 17 105 93 15 26 4 56 87 4 108 88 111 16 91 78 32 86 76 51 77 9 25 41 68 30 85 84 37 99 31 16 80 25 14 48 75 71 42 57 115 84 8 76 37 34 87 44 90 106 24 46 36 116 123 108 118 47 14 33 45 73 94 49 56 27 42 0 24 64 35 117 37 105 7 85 105 82 82 16 72 3 107 120 0 91 9 111 105 25 35 68 112 0 112 96 100 8 70 83 16 59 18 89 117 62 102 73 16 47 56 48 1 93 69 99 103 120 48 37 19 73 117 117 46 122 105 56 102 73 13 17 2 100 55 73 49 6 93 12 57 49 99 112 14 106 59 84 31
68 40 17 80 95 25 52 56 72 50 39 117 13 16 57 84 24 6 63 98 39 118 93 97 52 34 69 70 118 35 112 9 5 126 11 21 125 91 4 44 109 101 20 84 91 109 37 91 52 120 39 1 73 59 65 10 36 45 99 89 80 39 31 94 84 43 104 50 28 75 44 101 21 125 125 14 12 99 11 86 35 78 65 31 25 42 33 117 10 74 106 121 27 51 79 8 107 31 82 124 48 89 87 117 108 94 119 126 110 116 34 68 46 118 39 95 0 17 94 126 80 30 99 97 58 73 1 4 12 11 41 59 121 118 7 113 116 95 71 56 4 88 95 49 101 20 87 87 12 126 40 40 29 101 12 46 100 29 108 104 41 92 75 7 96 71 26 68 56 66 91 38 32 47 32 99 97 10 92 115 98 15 36 42 126 67 118 50 71 15 29 72 49 28 53 106 114 108 86 55 112 89 39 118 80 29 116 73 61 80 100 43 47 103 45 61 14 101 115 15 74 74 3 93 45 1 11 7 23 48 47 64 73 18 116 33 79 123 113 72 6 112 89 74 55 26 113 42 111 36 80 50 125 16 49 104 27 15 6 123 106 48 47 125 45 63 79 111 113 89 41 77 24 85 8 113 36 52 55 12 82 126 97 8 69 20 104 67 117 34 14 8 106 117 83 102 11 116 98 43 122 101 75 54 49 90 53 120 113 73 68 92 105 89 95 11 42 96 71 120 117 75 36 38 78 36 106 118 47 86 92 6 100 57 125 89 77 31 35 37 91 82 54 16 82 104 115 107 81 12 52 107 19 87 115 102 31 28 53 40 54 10 17 114 96 34 61 121 40 23 34 41 81 23 15 71 9 87 59 84 86 30 3 8 32 79 76 11 24 45 8 83 92 103 107 83 110 52 92 47 69 17 59 100 3 35 26 47 91 107 85 13 100 18 114 97 70 96 87 88 75 27 46 45 45 104 64 120 94 77 7 26 107 1 115 49 17 11 28 115 105 14 37 7 50 3 44 98 97 42 46 72 42 19 100 108 115 93 44 77 90 82 94 21 7 61 66 1 24 96 20 17 18 120 27 126 59 7 102 72 40 19 122 12 20 79 115 126 35 97 121 72 122 98 11 109 74 30 11 121 70 111 59 23 67 74 39 23 8 36 12 124
19 7 38 3 0 108 78 41 77 125 75 97 24 39 58 30 81 22 17 2 46 45 108 56 88 106 121 17 67 123 57 50 81 71 4 68 117 81 100 26 125 116 109 3 107 118 26 4 36 42 39 36 13 67 118 73 5 12 124 14 120 24 60 44 103 33 36 120 64 105 27 73 14 74 53 42 66 125 91 91 2 117 98 81 97 20 59 111 102 106 50 4 46 43 54 19 63 50 86 86 111 41 18 101 112 85 75 49 6 49 42 97 118 22 33 69 76 42 11 45 104 104 60 2 47 43 103 79 2 39 18 23 21 60 40 101 102 28 37 81 57 14 118 37 44 3 18 6 90 120 68 14 112 62 17 19 38 10 105 77 16 115 82 61 102 86 63 77 109 26 69 82 13 87 15 80 63 82 94 55 33 120 83 73 13 17 124 61 71 87 0 38 48 0 29 49 4 117 40 99 64 32 96 20 111 81 76 122 117 11 119 56 99 15 120 41 33 24 61 114 121 39 77 83 37 53 95 38 16 59 117 14 31 86 40 118 2 116 51 95 102 88 20 0 37 4 38 103 43 116 121 79 74 104 33 104 124 66 22 37 16 88 76 42 87 82 41 109 126 16 6 122 59 11 121 108 1 69 37 89 22 98 107 114 7 23 20 69 34 123 80 22 111 69 46 105 82 125 123 5 29 69 60 23 85 117 18 110 1 20 96 39 102 102 58 10 52 107 73 115 103 20 100 12 126 85 122 99 66 59 36 84 51 23 82 121 25 112 75 79 39 17 121 71 74 77 121 76 98 96 53 110 121 96 41 46 83 29 107 40 22 16 100 63 75 67 112 68 87 26 66 118 109 28 108 39 51 78 35 45 1 31 81 26 37 81 86 23 105 67 104 11 22 58 87 47 116 39 25 5 48 36 6 1 33 24 74 18 27 95 99 25 96 54 12 73 21 56 98 3 107 74 104 3 97 63 109 106 0 11 45 85 14 64 20 83 59 104 124 60 64 73 122 67 13 20 123 4 48 106 90 88 99 70 89 98 105 32 64 37 42 119 53 86 88 110 25 66 65 92 117 90 59 17 37 67 15 38 117 82 26 116 37 52 5 85 125 19 69 114 62 26 122 73 1 52 33 25 73 113 90 80 27 35 101 52 48 69 40 41 32 74
86 11 87 38 69 26 124 93 81 30 71 33 118 38 118 39 90 24 25 107 76 76 98 106 56 44 43 23 108 104 10 109 69 104 122 4 32 117 112 63 40 114 114 47 64 110 1 13 86 77 124 80 60 13 119 122 65 81 88 16 18 123 26 38 2 35 105 33 92 47 7 36 93 86 115 35 46 63 111 48 103 97 49 54 7 20 85 115 115 95 114 84 28 15 45 107 125 61 55 33 100 83 1 59 101 117 75 18 85 94 7 101 39 9 33 0 12 72 68 1 81 88 79 72 59 14 29 59 28 60 98 12 118 59 74 103 124 110 34 87 8 25 20 122 90 1 11 56 104 48 110 117 39 17 24 13 80 32 95 38 8 2 104 91 125 31 12 91 8 121 22 105 7 28 33 87 123 77 2 78 42 122 103 2 117 33 29 66 92 48 69 36 32 114 2 84 111 110 78 0 43 93 46 111 12 18 113 126 52 62 87 54 74 107 20 92 16 99 64 114 118 40 28 72 114 64 39 104 112 27 76 67 24 120 33 116 10 14 118 34 101 53 32 31 46 57 20 48 60 24 5 93 63 13 28 117 62 49 47 28 120 43 61 68 45 51 13 126 112 97 34 41 106 118 95 46 24 77 93 67 119 42 102 89 19 81 40 74 101 33 32 74 120 68 25 67 63 103 114 76 89 17 98 107 92 13 124 46 78 75 19 52 46 68 49 107 10 36 4 117 44 12 103 103 41 7 110 50 102 56 45 84 3 83 55 81 22 118 7 61 125 17 52 90 68 48 17 31 85 96 109 45 35 18 98 117 91 76 109 71 58 112 0 73 35 3 100 45 110 115 86 26 63 21 29 90 28 75 44 120 33 64 21 4 28 118 33 113 113 39 63 78 14 107 100 105 72 28 84 114 44 7 26 111 104 54 4 13 66 55 52 13 72 117 13 106 36 43 70 126 107 26 84 95 97 37 61 71 97 63 74 65 2 54 86 102 43 89 116 48 61 111 74 101 55 100 58 76 93 52 120 100 66 34 87 77 7 118 74 91 13 40 81 49 107 104 124 7 28 81 40 61 119 50 88 12 34 98 124 31 112 84 36 100 14 98 95 59 59 114 10 66 87 88 80 8 57 33 125 2 17 126 92 96 105 118 32 45 108 87 12 82
34 64 115 81 76 3 76 68 36 12 109 80 8 97 50 12 71 9 59 81 97 49 109 46 99 57 82 22 22 112 122 76 126 24 33 11 55 75 94 92 84 66 120 56 116 117 123 120 57 4 110 109 93 35 13 17 27 117 58 125 48 17 3 113 112 66 32 125 64 26 91 46 45 66 92 95 71 58 69 66 49 112 111 73 70 68 28 60 62 31 117 78 14 114 11 54 70 44 21 79 35 67 52 66 20 115 27 91 61 25 83 87 117 84 28 95 19 124 65 19 83 69 53 113 26 115 4 16 114 14 60 122 105 90 51 124 3 42 23 33 34 87 61 0 80 92 58 26 43 112 61 18 124 111 2 119 35 17 35 50 117 89 125 123 52 7 61 8 87 56 111 23 117 7 52 26 104 62 52 64 42 117 25 126 32 21 60 18 87 116 68 10 100 23 67 11 36 3 30 77 8 91 123 95 16 87 58 59 10 60 34 116 91 97 72 45 25 108 62 67 110 97 107 71 31 1 106 102 5 122 112 38 126 58 74 1 80 22 103 110 6 103 105 42 125 46 35 126 73 69 48 5 126 24 90 14 82 73 6 5 1 5 72 44 41 11 57 109 2 10 76 63 5 35 70 30 108 4 28 48 75 53 53 81 54 23 107 41 86 101 39 49 123 121 31 64 42 125 75 22 102 0 116 3 119 105 47 4 74 33 93 28 56 110 79 85 51 97 48 86 46 84 9 78 99 52 14 110 22 24 5 10 48 89 91 15 122 120 7 74 95 7 30 7 70 67 120 57 13 85 65 22 76 66 0 6 1 78 2 13 2 28 16 86 92 16 88 33 117 34 0 92 120 46 67 36 13 16 122 122 112 44 40 125 34 56 52 31 24 21 94 18 126 43 115 81 43 69 107 40 72 126 86 30 119 57 14 15 111 101 19 126 100 2 64 42 49 59 40 102 125 59 32 118 65 76 44 53 96 39 86 6 74 106 54 11 102 15 59 79 84 11 5 30 20 29 59 23 103 104 84 43 68 52 81 122 28 16 36 6 62 41 25 2 2 40 59 92 94 20 86 64 78 16 0 73 55 117 97 81 59 67 110 117 26 56 7 74 2 122 56 0 82 85 77 11 112 26 79 2 59 117 86 99 60 92 50 106 82 110 52 112
82 9 64 92 13 78 3 75 98 125 121 89 19 92 12 71 16 66 30 91 62 62 91 3 54 114 108 63 68 105 39 19 47 53 5 108 44 117 80 59 90 103 69 92 34 63 76 113 81 23 20 71 44 93 91 102 81 125 79 27 65 45 119 99 26 15 49 94 103 17 12 13 70 89 21 9 58 62 106 81 38 123 88 67 25 90 55 124 22 120 63 62 35 35 95 72 104 122 110 44 112 41 87 82 89 69 42 13 115 12 45 27 10 53 80 125 28 16 48 4 10 49 123 41 16 8 98 20 100 25 108 39 36 63 44 105 40 79 107 13 56 44 118 70 93 95 75 22 65 63 13 19 92 49 34 39 89 42 120 44 85 36 23 117 39 100 98 16 103 13 18 81 37 63 33 58 120 54 87 103 31 22 31 60 111 87 13 24 74 108 46 110 50 32 46 89 61 81 8 19 91 50 108 118 120 76 60 85 8 105 42 100 40 86 52 11 116 16 73 118 92 108 117 83 106 4 65 28 124 97 3 28 58 31 23 94 105 19 14 119 75 110 17 96 71 10 25 116 101 7 12 16 33 57 29 89 70 93 57 79 23 118 25 98 34 108 11 43 86 110 73 70 64 57 96 79 5 106 6 67 2 66 17 123 97 8 34 84 60 21 117 86 35 7 33 49 95 78 52 100 92 61 68 30 124 36 70 51 51 122 75 50 97 116 58 3 3 70 117 13 2 80 52 94 104 116 17 40 82 109 37 88 73 63 85 61 68 113 52 9 58 77 99 67 70 83 82 32 122 107 12 67 32 96 121 11 96 93 51 117 21 54 84 25 32 51 107 105 32 92 82 30 86 108 118 29 109 74 11 120 102 94 72 50 115 99 60 3 57 62 106 126 55 84 78 5 114 88 78 73 99 105 16 15 84 31 81 90 9 115 126 88 74 19 25 91 27 85 103 9 64 100 106 102 119 124 15 25 82 105 25 52 71 44 89 37 49 30 15 90 46 41 83 62 71 111 11 82 18 120 63 1 52 91 104 79 27 121 48 43 83 43 16 116 112 110 6 50 112 11 47 35 13 5 88 54 5 4 98 26 115 0 122 10 110 62 62 59 125 101 101 76 56 46 87 123 121 119 79 43 115 67 93 97 8 95 125 50 52 26 78 56
41 11 37 38 93 125 73 61 32 86 66 100 31 84 28 118 101 63 62 34 104 34 4 97 98 115 0 5 75 0 25 55 85 23 53 23 89 25 48 85 78 67 125 25 22 70 91 99 30 102 113 47 75 38 103 86 68 33 16 108 105 40 78 50 69 60 93 18 104 92 34 70 58 44 87 2 56 105 105 31 98 78 12 1 96 52 75 56 60 8 53 38 44 98 107 116 89 39 2 37 73 77 117 15 113 24 3 31 98 54 65 50 101 44 5 116 93 120 115 79 100 87 15 123 58 52 16 112 110 118 23 49 48 117 17 3 71 64 110 57 118 75 21 50 10 28 69 26 74 38 56 69 55 73 20 13 19 116 18 82 10 45 99 67 68 45 17 120 72 75 76 10 60 6 36 40 122 0 35 36 15 83 85 60 89 44 98 58 83 102 32 75 46 81 52 100 46 42 77 91 42 89 35 78 27 114 124 47 118 75 28 34 41 90 99 45 63 126 3 64 100 12 96 105 96 17 111 58 17 86 0 122 79 41 69 126 57 31 18 90 102 66 41 41 57 105 88 77 6 50 50 10 81 48 47 15 18 102 88 7 104 53 26 11 98 75 94 9 73 114 113 70 91 48 76 84 31 107 37 3 50 101 77 89 0 119 35 81 2 82 13 102 103 67 51 88 34 8 68 17 55 79 89 48 19 54 102 98 120 115 106 99 56 52 40 62 54 118 5 90 89 51 126 31 114 98 6 37 108 62 25 115 18 96 64 49 36 84 42 123 98 93 49 43 42 42 74 59 75 60 29 0 42 59 121 59 14 10 50 108 43 72 28 84 66 59 3 55 72 109 27 109 46 48 33 103 100 103 45 107 51 89 1 112 25 59 113 99 46 35 12 41 39 47 115 43 118 29 11 6 27 63 17 39 89 10 4 57 66 91 12 55 32 88 16 82 1 119 85 21 55 121 70 85 68 6 122 18 112 110 8 111 84 16 47 100 80 31 56 68 18 99 94 103 40 104 95 84 90 12 57 40 0 103 24 62 118 53 77 47 111 115 100 73 6 57 21 126 48 88 104 60 36 75 101 64 110 74 103 95 99 58 7 6 109 14 126 101 73 49 68 95 8 67 63 93 124 67 2 21 59 109 41 99 94 112 93 6 50 10 125 2
126 119 97 114 102 89 109 7 56 27 55 23 116 13 47 18 2 109 119 125 121 124 32 39 39 117 53 15 51 112 94 26 40 11 124 57 91 43 104 52 62 102 60 4 121 33 109 108 65 34 20 92 7 75 119 97 10 104 42 18 41 1 22 125 18 91 105 69 123 122 80 13 91 62 9 100 51 90 10 50 70 8 40 64 58 31 41 85 31 66 20 65 3 22 124 34 14 44 62 84 86 1 68 51 96 5 37 122 69 16 15 17 18 12 98 57 10 93 46 20 25 4 92 121 56 86 66 59 60 9 106 57 27 0 116 78 2 29 18 108 120 55 124 125 125 79 103 112 54 91 62 95 16 108 107 37 77 57 8 80 115 27 84 1 7 121 47 9 37 122 67 25 108 39 46 18 80 104 91 73 28 28 4 89 40 2 94 58 103 47 97 59 43 41 4 5 27 0 92 26 32 44 110 97 48 39 80 125 1 72 110 57 103 64 57 41 39 72 83 117 24 115 95 109 65 55 10 116 31 112 120 59 10 36 73 20 91 96 65 121 4 27 8 84 108 108 38 67 105 86 110 16 87 70 18 5 73 82 28 118 124 116 20 94 108 92 33 126 48 33 70 10 64 85 78 107 64 28 33 69 52 126 34 4 68 123 22 7 40 64 11 8 122 30 22 24 25 21 93 67 57 8 108 75 76 66 2 27 117 20 3 90 11 76 26 109 15 86 102 96 26 108 99 1 103 54 86 108 74 79 74 82 101 94 42 17 73 126 108 79 102 80 44 48 23 30 35 73 85 51 56 108 109 22 111 84 92 46 45 118 122 62 68 105 66 96 108 81 50 88 72 41 60 84 88 5 84 10 37 15 32 46 18 97 91 46 78 82 61 112 113 10 68 18 72 12 109 121 37 63 13 63 66 9 76 64 16 36 36 3 4 44 30 109 100 34 20 57 96 122 37 84 50 64 83 92 91 17 1 46 60 114 13 31 26 71 13 82 18 121 26 74 31 76 96 10 75 75 23 8 75 126 73 112 93 33 99 70 67 102 31 64 29 40 63 29 102 31 25 107 116 106 105 83 125 105 114 80 52 75 8 112 106 53 94 44 17 37 21 107 124 8 80 110 37 116 118 82 90 24 30 106 46 35 53 103 87 17 2 39 114 108
44 43 43 44 117 98 77 41 99 40 80 85 68 94 30 4 51 15 125 126 77 61 80 44 89 27 103 43 89 22 99 87 66 56 124 84 64 54 76 88 18 78 76 58 37 5 37 5 53 14 123 29 12 11 82 59 94 77 119 106 118 17 50 58 38 110 112 107 45 46 118 37 30 121 1 67 108 20 68 101 19 32 8 93 42 123 119 81 122 121 56 7 69 25 60 81 82 92 99 78 122 30 4 108 109 69 60 42 71 19 84 91 37 32 11 117 14 11 73 108 116 85 34 50 44 0 121 88 57 26 0 58 67 0 78 42 73 64 24 93 11 124 8 122 74 100 38 11 19 40 92 77 62 50 1 99 64 5 61 86 42 18 117 51 24 68 112 25 43 82 119 45 0 91 67 19 79 13 104 31 61 46 37 5 56 68 125 113 35 60 69 105 104 12 91 104 6 5 65 111 101 16 116 70 63 38 50 72 71 79 103 77 50 107 117 19 126 70 115 92 8 84 66 51 23 71 38 51 96 41 120 67 103 69 121 85 90 57 8 26 85 7 101 29 92 59 44 95 20 117 15 91 93 15 67 85 112 76 74 116 66 105 9 23 87 116 112 58 29 124 120 98 12 78 104 0 51 123 63 84 13 18 11 63 7 124 91 72 87 107 15 20 63 14 8 94 70 45 75 10 27 53 65 32 76 12 101 47 30 101 8 17 110 5 13 32 80 114 54 10 89 52 65 2 101 80 35 70 43 112 23 80 2 33 21 33 12 62 112 88 88 121 61 112 5 87 120 89 70 9 2 92 6 36 126 59 100 110 33 27 16 79 73 48 103 112 101 40 67 58 87 42 96 6 71 96 51 64 125 19 16 58 73 100 2 74 102 72 79 37 55 27 93 76 69 24 87 87 7 43 10 42 53 85 63 120 91 121 2 16 22 108 3 74 3 82 104 105 14 24 119 13 21 122 25 5 40 104 0 79 79 13 103 67 4 48 93 49 45 37 124 101 36 23 97 61 45 42 54 98 87 103 101 17 53 75 0 99 36 90 40 43 126 44 93 53 84 106 57 20 12 4 30 47 102 116 119 102 33 94 126 126 77 7 16 17 36 32 88 114 122 111 32 73 75 13 86 55 63 15 86 57 49 35 88 91 70 84 24 47 82 62
43 11 5 11 124 4 12 115 22 80 68 8 103 38 76 52 40 52 7 60 108 82 23 1 117 2 95 102 71 107 103 83 53 24 98 90 52 16 28 4 31 48 29 97 21 48 22 12 18 70 106 105 37 17 6 42 14 92 48 47 73 15 89 13 0 31 123 50 57 99 81 41 110 10 109 64 6 81 19 11 36 79 107 74 63 72 68 94 16 102 9 25 26 45 103 43 45 35 123 35 89 7 58 101 58 115 51 119 61 74 35 27 66 1 111 46 103 81 61 105 26 101 56 42 114 59 65 114 32 76 77 33 1 23 56 20 37 3 76 2 95 19 97 64 47 66 0 67 119 57 4 1 51 13 102 63 16 4 103 48 0 30 66 76 17 71 38 85 102 42 99 45 87 14 49 79 109 119 16 99 67 43 29 76 31 66 62 67 79 115 4 54 47 5 59 66 72 21 107 86 121 94 53 54 57 66 28 29 6 32 39 124 0 5 26 69 41 121 66 14 76 32 116 64 64 72 73 82 25 24 54 39 105 16 0 86 37 45 9 46 119 70 101 115 14 59 47 88 113 34 7 37 115 92 29 2 53 93 41 37 34 46 24 66 40 99 62 93 13 91 110 1 122 103 40 24 122 69 44 23 37 103 52 12 67 116 119 91 74 28 35 126 124 120 8 118 106 48 15 122 122 57 55 71 38 67 110 56 116 29 10 108 67 91 109 50 102 48 13 19 13 26 104 100 9 3 91 43 76 1 5 112 69 11 91 59 74 60 117 38 6 71 52 37 42 2 67 108 70 6 125 17 81 0 117 5 76 22 73 52 80 18 114 90 78 76 54 105 112 90 102 11 19 44 90 14 90 80 102 43 57 39 2 114 0 77 43 8 103 121 51 87 120 82 18 10 118 16 17 86 48 89 23 62 45 35 35 93 29 25 13 80 2 1 77 1 58 44 79 99 81 90 39 2 58 65 49 100 117 47 93 33 22 26 103 122 11 30 28 7 123 124 47 32 85 17 31 95 101 104 102 91 68 100 102 62 89 87 91 117 47 46 71 5 5 49 21 106 65 16 106 102 81 98 34 71 54 17 1 107 44 118 14 9 119 67 77 13 106 71 32 25 53 44 6 112 97 36 27 34 50 77 122 110 60 18 98 71 0 53 122 91
83 3 84 79 46 5 5 18 18 20 77 103 89 65 83 20 88 112 15 90 100 96 118 58 58 117 52 69 12 24 91 49 125 17 82 65 9 42 18 12 104 29 48 42 91 33 49 72 80 91 42 105 78 39 116 76 54 72 100 60 27 109 94 115 124 101 12 104 124 5 29 84 6 44 1 42 37 83 118 126 20 8 47 106 66 81 93 74 57 102 38 49 101 103 2 49 81 37 86 104 101 32 63 34 101 83 10 99 69 66 48 85 9 120 119 14 33 41 87 19 73 38 64 6 49 69 106 62 107 124 125 56 126 72 51 47 120 9 125 105 90 39 67 16 115 24 5 103 117 90 109 54 72 126 8 64 76 89 111 23 20 96 84 24 93 113 120 17 69 54 79 6 108 87 83 6 104 84 23 55 78 49 32 87 5 74 51 16 54 98 77 88 114 20 31 31 102 15 74 79 100 31 35 111 38 112 114 91 108 110 97 10 45 24 5 19 108 19 32 50 18 123 79 55 119 72 66 98 27 53 103 8 126 44 27 106 32 25 9 90 14 123 93 48 90 64 68 25 34 95 11 104 40 67 87 81 72 116 103 23 1 29 48 35 67 56 101 24 22 21 53 0 91 72 68 65 106 47 80 111 26 20 13 121 32 29 115 4 61 109 57 109 82 19 15 103 54 114 66 2 19 0 70 108 37 82 43 66 114 61 119 27 39 35 66 45 95 52 78 96 20 56 1 99 78 59 86 3 56 33 100 30 38 67 26 103 26 54 89 107 94 70 123 40 3 90 17 69 51 73 12 105 93 17 6 82 100 4 33 24 92 13 116 115 49 118 101 84 117 73 85 65 68 7 44 115 49 88 15 89 107 108 112 50 12 57 124 77 94 41 126 85 4 7 0 125 25 108 73 48 28 115 124 22 30 46 96 78 91 81 6 87 50 22 0 7 95 102 55 46 53 25 124 92 10 97 49 73 22 63 22 69 68 92 112 71 85 71 67 115 61 81 57 32 27 16 63 3 45 118 33 80 19 117 5 75 107 82 12 126 10 70 125 110 114 116 110 23 120 9 93 21 78 113 77 72 19 101 110 36 60 34 56 78 56 97 68 54 73 91 71 19 43 44 25 26 64 126 92 109 10 49 32 45 107 54 72 21 117 112 36 4
93 8 119 3 59 112 48 31 111 22 62 76 63 59 35 105 117 120 126 78 100 38 15 69 46 18 19 23 45 50 37 3 8 13 95 64 98 47 18 69 125 66 47 55 18 111 48 93 56 48 10 52 101 14 114 83 116 50 23 28 20 19 8 44 50 60 83 76 78 102 82 66 71 38 10 60 67 8 73 124 88 103 114 109 116 23 69 57 37 109 104 46 120 98 72 46 3 87 90 38 19 57 27 18 77 101 48 56 63 38 116 111 110 69 56 53 34 59 101 115 36 60 79 72 90 70 1 126 20 59 62 100 47 18 0 85 40 107 122 5 122 60 118 66 100 115 96 27 26 54 93 94 88 13 3 96 92 93 40 73 24 38 38 105 109 12 115 21 76 49 43 64 65 50 4 74 13 105 93 90 38 54 109 5 31 118 70 34 25 72 93 62 107 54 122 95 80 42 36 31 8 49 24 40 82 22 68 92 51 44 35 38 26 20 43 28 22 64 23 24 115 65 59 31 29 11 120 48 49 119 76 51 25 57 122 70 66 104 51 56 38 106 9 82 80 16 102 22 93 14 122 34 27 51 126 66 56 56 62 75 110 66 21 48 59 94 65 114 28 47 39 13 53 101 80 8 94 101 42 91 7 12 98 23 97 2 32 96 51 88 97 100 12 43 102 101 83 109 83 106 75 88 93 102 72 39 67 15 93 92 1 32 2 6 113 43 23 42 33 53 28 79 77 122 22 124 47 64 22 37 113 76 21 3 88 23 69 23 96 43 54 42 81 64 13 7 33 123 54 61 82 86 62 2 110 116 120 13 72 54 36 7 40 10 99 104 98 115 59 54 47 107 71 55 111 66 87 123 89 51 126 21 125 75 96 109 94 87 92 64 98 39 104 114 86 91 71 71 5 20 48 4 117 78 16 17 66 92 84 3 125 15 12 119 119 74 121 83 70 114 68 117 1 36 80 71 121 64 119 109 94 47 66 65 36 102 21 31 34 76 38 65 17 37 121 42 7 55 80 91 64 30 32 70 17 45 30 95 116 119 42 4 24 64 42 110 113 61 35 35 4 92 100 82 29 69 12 8 74 108 36 91 63 95 78 37 49 126 19 121 34 59 119 101 70 31 122 47 4 98 78 32 48 69 12 60 35 8 57 19 30 86
88 41 40 93 36 19 86 44 88 122 61 43 80 77 116 35 24 66 76 31 3 122 67 16 95 114 114 82 51 70 124 29 69 87 57 51 104 105 73 21 52 115 42 3 63 58 14 112 100 102 71 23 46 38 58 41 116 61 35 107 38 22 67 13 88 119 52 31 87 33 94 57 95 110 47 30 91 51 3 0 112 59 11 72 94 116 37 77 70 78 10 39 64 97 110 34 122 93 69 59 70 84 44 49 112 9 13 31 84 91 92 62 17 30 11 97 97 75 117 114 73 124 85 9 7 36 124 121 79 96 108 86 94 3 126 15 13 117 1 54 93 40 71 124 22 7 55 36 79 108 125 56 23 111 10 96 48 125 66 85 99 16 50 80 15 11 91 26 5 77 53 0 32 68 119 97 113 84 37 76 100 32 93 2 8 119 66 25 29 62 118 3 75 29 55 57 32 29 78 125 59 94 45 80 10 60 66 85 17 26 38 70 124 93 48 106 95 85 23 124 122 58 60 43 50 98 56 107 100 23 46 44 125 45 77 62 18 48 108 108 89 82 67 28 31 34 25 116 107 80 9 63 27 120 7 71 33 100 86 47 7 40 84 74 114 93 30 66 20 109 39 44 9 99 6 24 89 38 35 111 92 4 118 16 44 124 21 27 6 80 45 120 42 115 25 124 78 56 16 9 28 60 61 20 44 37 37 25 97 74 112 57 37 5 124 103 45 82 105 63 18 24 112 29 0 73 67 46 114 28 0 107 43 80 24 102 52 70 38 59 120 125 81 94 122 23 70 75 102 75 70 71 101 5 9 76 107 79 105 72 0 105 44 5 78 47 41 7 120 122 50 49 37 8 40 103 102 85 24 18 18 31 102 80 7 71 44 116 55 52 115 79 110 78 85 4 41 110 95 29 50 84 17 4 21 2 68 121 85 79 81 53 121 4 12 84 99 126 69 45 50 105 115 81 38 126 59 10 39 84 27 7 81 108 39 119 122 90 120 47 93 69 30 102 107 124 92 32 48 60 123 15 55 95 78 53 110 26 92 64 62 61 65 118 120 44 9 124 86 25 111 103 34 39 91 52 117 80 125 83 89 106 60 91 90 32 12 67 10 74 22 91 94 121 40 63 53 16 97 121 32 68 42 95 76 115 19 7 98 65 1 58
103 71 54 91 113 92 75 18 96 77 7 2 84 8 103 44 5 114 105 4 33 84 67 40 58 14 34 100 108 118 81 23 13 50 30 102 119 104 43 37 20 112 62 77 9 49 121 89 58 81 27 41 118 10 30 95 12 99 110 92 108 115 83 29 94 29 126 56 114 124 25 17 117 64 69 58 106 77 17 66 28 10 27 101 80 7 34 51 57 101 1 4 109 104 55 14 43 35 116 11 53 92 107 37 43 80 92 68 112 16 88 101 65 55 101 117 89 95 84 120 86 42 90 33 77 45 119 43 97 18 72 71 62 52 37 93 99 125 25 78 33 16 57 6 82 103 79 46 14 64 106 67 78 6 32 30 40 120 120 81 75 92 5 19 14 8 125 27 90 31 13 7 36 101 37 4 126 78 105 119 106 13 6 104 34 110 13 90 65 71 93 125 4 65 68 83 13 104 78 23 1 80 119 59 27 9 30 33 43 33 61 74 118 99 126 102 29 16 52 72 110 55 32 111 9 94 85 97 56 73 31 25 27 27 94 32 110 1 122 60 102 111 83 103 85 86 60 63 40 102 90 4 78 61 100 31 42 19 110 95 44 124 4 115 118 103 117 97 26 80 30 20 114 26 34 39 101 73 105 11 98 20 100 12 65 104 58 52 114 88 16 61 97 58 106 9 14 43 37 34 65 92 21 33 85 74 115 48 48 15 52 87 77 106 48 46 56 38 24 73 124 16 11 5 15 105 98 70 48 114 52 43 65 64 34 51 83 37 50 94 40 34 26 106 100 122 24 123 46 92 43 68 25 65 68 28 0 83 91 5 9 110 94 20 49 52 123 43 21 120 81 58 123 65 50 70 62 113 89 114 91 110 35 30 18 39 35 110 83 109 54 122 89 66 18 42 86 85 71 90 80 68 49 82 34 111 106 6 81 48 56 92 67 126 7 88 99 87 13 21 33 61 74 106 44 59 19 53 67 82 83 43 52 14 35 5 2 37 53 114 53 69 45 7 20 34 38 64 13 91 64 6 96 99 60 21 116 25 78 14 111 32 122 6 43 61 71 21 59 6 102 59 51 85 101 27 32 86 39 121 10 110 83 89 77 68 98 24 48 2 55 100 123 42 77 72 124 53 110 32 70 113 82 101 126 17 61 85 102 55 42 118
99 114 73 102 17 66 86 114 4 36 119 70 62 91 114 102 95 49 91 63 45 110 100 0 62 44 67 83 27 26 123 109 13 60 52 120 44 33 58 94 12 40 35 44 73 85 117 56 126 57 91 15 71 75 125 8 68 47 70 73 82 68 2 39 10 60 93 38 20 23 5 31 34 44 1 112 119 118 61 125 25 107 20 37 119 15 33 7 33 43 33 39 69 112 57 40 120 59 57 9 104 1 41 87 1 57 100 73 48 12 49 70 56 68 98 77 5 88 43 123 108 65 21 1 71 84 91 108 74 15 117 98 111 41 38 27 4 100 81 35 38 65 83 118 12 82 107 56 118 70 23 92 18 14 95 51 58 108 0 0 18 123 46 10 33 64 45 112 100 79 42 76 37 15 84 105 79 112 86 7 36 101 11 40 77 70 73 35 60 68 60 15 125 16 34 123 30 25 114 6 119 51 60 16 104 23 54 28 95 103 18 3 66 36 78 114 48 118 40 66 6 40 56 46 15 64 107 47 29 49 79 7 56 112 17 94 102 121 4 104 48 97 56 37 3 51 99 7 98 67 77 90 28 19 56 83 83 60 14 81 126 96 44 29 85 106 0 114 60 43 65 123 9 24 3 36 14 5 0 17 32 6 81 5 67 83 81 42 121 2 33 85 86 104 124 118 104 84 55 47 103 50 46 109 89 88 68 55 59 107 122 17 66 77 8 25 85 77 42 119 92 44 34 125 102 47 13 72 64 23 56 108 32 97 16 119 37 52 49 41 80 27 22 64 120 11 66 34 114 33 26 70 21 116 96 59 19 54 95 68 8 6 34 121 39 96 44 24 96 125 29 78 113 58 126 118 8 23 50 58 98 111 67 126 125 124 125 97 55 114 60 58 12 50 51 51 2 48 2 26 92 84 110 9 7 39 42 78 117 52 113 35 105 105 31 6 118 6 9 52 53 23 10 1 22 31 11 31 107 97 20 73 5 66 10 5 51 68 50 83 27 40 9 86 99 113 70 113 32 82 95 98 51 23 9 2 10 32 97 61 78 23 44 60 59 18 6 23 29 21 79 45 27 17 2 5 114 83 104 68 60 64 65 22 117 60 18 106 46 8 90 6 84 45 101 76 6 0 110 97 111 53 13 4 13 20 89 26 80 120 90 112
101 38 59 51 17 97 39 93 40 118 64 39 72 88 28 15 32 70 10 123 72 73 116 76 60 96 117 20 64 63 63 38 4 121 1 69 114 47 101 94 125 37 76 86 28 39 86 18 89 70 98 89 93 10 117 110 48 96 3 61 61 20 124 48 15 0 64 69 33 40 78 104 55 90 84 92 39 31 17 99 42 103 120 123 110 22 43 25 43 106 65 58 9 23 96 100 119 50 72 37 67 91 19 62 31 55 66 25 76 28 31 66 4 50 0 7 62 88 54 18 92 33 26 46 29 72 80 44 105 65 109 76 112 54 38 22 24 52 7 40 103 14 83 102 40 31 102 120 1 28 27 122 107 111 24 113 88 114 46 31 101 88 77 51 85 5 105 85 28 95 30 107 33 12 113 39 29 105 85 67 46 74 8 7 84 23 17 24 100 120 115 14 0 114 34 108 26 3 20 83 126 107 123 111 110 29 94 57 62 49 62 67 125 64 72 84 124 23 34 82 105 9 76 101 59 52 38 125 43 92 18 112 2 75 2 28 83 17 92 116 82 83 96 105 31 98 43 64 69 40 76 117 55 74 64 102 110 29 93 17 74 0 43 36 107 41 70 6 21 33 18 66 19 88 29 80 34 113 6 36 67 99 65 42 107 54 94 47 110 25 24 94 7 4 69 72 27 55 29 88 19 12 19 106 118 118 68 91 66 65 33 62 125 124 28 37 2 28 102 112 92 118 78 62 61 51 21 106 100 13 96 69 83 56 112 64 113 68 37 53 50 97 43 55 67 89 65 108 13 98 4 12 108 16 3 68 39 75 85 113 47 59 64 85 100 4 126 103 124 4 60 101 18 67 53 48 113 40 2 81 70 109 54 62 17 12 66 73 2 107 6 126 77 71 15 76 38 31 20 52 32 49 56 28 98 70 126 85 119 53 20 92 114 69 95 42 71 83 116 122 4 95 12 126 105 114 103 61 57 57 124 52 25 14 54 12 108 17 106 35 110 98 45 89 13 113 103 15 62 49 88 74 68 40 58 91 40 86 107 97 59 116 13 68 37 19 66 122 46 111 99 36 11 40 93 53 3 65 77 63 19 52 34 115 111 45 109 26 48 69 113 9 115 39 120 12 60 7 72 107 61 87 14 51 40 46 35 15 58 60 88 60
100 53 29 89 26 15 76 16 86 25 53 81 21 60 4 121 17 49 114 87 34 103 113 29 118 12 18 18 53 102 116 50 120 52 78 103 63 57 35 114 12 119 86 95 31 87 86 120 67 28 84 91 11 97 19 73 39 57 29 106 111 37 79 38 47 98 104 115 12 62 84 106 17 22 90 77 54 107 112 80 102 92 39 106 36 35 10 28 88 75 78 123 103 85 75 109 97 15 126 74 59 90 23 33 118 45 70 17 60 34 45 90 2 89 87 47 44 42 110 1 87 81 117 8 84 94 56 16 69 15 15 17 62 82 21 49 124 78 28 79 71 4 88 76 110 92 45 44 65 1 109 65 114 64 71 23 117 88 1 113 2 12 97 55 24 58 126 17 93 41 20 23 119 100 0 77 57 44 79 59 62 45 57 86 124 109 71 56 29 49 19 85 91 12 103 35 90 104 42 16 54 66 89 56 69 92 85 3 98 85 58 107 106 51 43 104 57 53 7 33 28 10 114 75 6 53 2 11 9 96 116 42 62 66 69 16 0 64 122 31 110 56 79 66 9 30 42 119 101 81 67 120 120 95 119 49 91 123 10 77 19 76 27 63 68 43 4 9 62 99 18 36 89 53 117 23 125 103 33 82 8 66 49 125 111 67 93 37 77 108 26 77 4 96 45 77 13 99 9 10 89 65 35 103 30 14 11 126 103 125 1 58 39 69 1 117 79 12 60 121 105 9 6 13 88 64 84 57 6 41 8 34 73 55 17 8 116 96 106 0 13 66 81 117 112 21 73 80 39 49 60 26 101 19 75 52 44 29 53 83 29 19 12 105 101 18 4 18 58 26 46 36 3 57 13 20 16 4 14 94 12 5 100 76 108 56 112 90 35 74 29 121 34 24 115 42 81 124 60 56 102 109 14 54 115 75 12 118 16 53 3 6 72 81 20 13 43 29 96 58 25 12 69 39 87 21 12 93 90 41 21 62 40 102 81 72 13 49 24 15 64 74 125 52 86 69 93 16 110 48 85 11 77 77 4 102 13 90 17 57 29 100 84 115 118 4 108 97 83 7 88 76 113 101 53 58 100 92 63 26 61 9 11 56 112 6 60 85 77 61 86 107 64 2 66 39 72 51 58 57 62 17 55 1 75 79 94 69 15 47 88 20
35 45 36 107 0 47 20 99 87 94 62 120 76 118 87 5 4 13 100 1 49 53 105 84 99 14 67 64 96 24 22 12 5 78 85 99 84 15 16 16 100 123 103 53 105 62 21 111 44 6 40 64 85 56 79 117 114 38 19 23 105 98 49 60 2 71 109 22 47 99 33 34 45 59 85 106 96 114 32 8 27 33 56 123 24 45 21 81 39 118 86 13 13 44 116 66 96 86 87 4 120 67 102 15 86 113 109 98 61 106 105 67 7 77 125 47 4 45 54 22 40 105 37 26 96 6 19 88 100 26 124 63 30 111 75 117 94 94 92 27 17 15 59 96 95 42 102 101 6 42 36 1 24 19 1 34 67 106 108 2 97 27 102 6 95 47 46 12 31 90 83 29 125 99 58 30 13 96 20 47 24 3 97 78 59 111 14 83 36 88 37 21 70 122 85 53 92 116 111 13 124 103 70 15 91 17 116 92 10 90 48 74 82 15 38 30 36 90 73 80 111 61 29 103 35 14 97 97 12 12 37 19 44 66 82 18 71 59 39 111 126 93 51 126 60 40 106 28 102 86 71 60 59 46 4 103 57 38 106 68 29 33 51 69 78 48 48 55 33 52 85 61 14 62 6 31 125 84 81 22 55 45 66 51 88 91 80 124 60 79 97 40 124 80 97 84 119 29 5 55 51 0 66 89 113 109 77 35 62 58 106 7 35 16 87 32 68 81 11 51 109 74 57 21 75 2 124 4 67 96 96 11 73 77 31 43 48 89 102 83 14 53 97 31 68 50 88 81 108 58 122 111 67 3 82 112 51 86 72 10 93 111 19 8 92 123 8 90 50 102 40 114 95 122 12 71 22 100 22 5 42 64 100 3 16 43 79 109 0 102 24 112 20 60 54 4 13 121 63 85 56 96 7 32 75 115 113 115 75 18 1 14 93 12 10 66 72 38 9 11 46 1 78 103 54 22 103 40 65 109 73 99 20 43 24 17 5 13 4 121 124 15 46 13 25 109 27 8 81 48 85 7 48 34 16 15 111 38 105 96 98 19 126 84 64 36 17 0 81 126 0 2 75 78 11 112 120 14 5 16 78 57 78 81 82 46 21 120 97 107 9 113 79 16 39 100 87 35 85 90 39 50 95 45 42 76 45 36 80 90 37 75
85 48 110 13 52 69 92 120 105 65 10 75 96 94 12 93 40 22 20 44 57 118 42 89 70 73 86 109 78 100 67 39 116 110 55 53 28 10 96 63 121 38 79 48 17 114 58 56 6 108 100 78 112 79 40 98 74 101 37 112 83 38 47 0 25 53 12 98 83 101 108 86 73 50 49 39 78 107 0 90 97 124 27 14 18 77 22 105 51 50 1 72 108 30 61 124 123 58 69 69 83 71 31 45 52 63 86 97 92 59 19 48 96 95 38 94 98 86 60 61 109 110 119 90 67 4 18 110 61 90 112 103 73 30 32 66 65 60 96 63 52 60 59 21 35 50 24 87 27 89 105 19 87 76 112 46 58 5 80 19 58 25 53 124 16 12 43 32 45 14 48 126 87 66 45 78 118 71 23 55 58 0 114 9 99 68 53 59 97 32 33 56 58 79 18 87 7 67 55 58 123 34 68 58 125 113 9 77 0 38 23 19 43 61 110 122 54 4 9 102 67 40 17 52 37 31 17 3 25 114 90 121 55 55 35 75 56 53 93 120 103 89 48 82 92 76 8 23 126 56 37 19 35 124 83 110 37 96 0 49 19 99 114 87 26 16 53 28 8 126 70 20 21 73 49 94 108 31 118 26 117 52 64 28 88 2 72 78 123 19 72 73 63 83 83 106 59 108 72 42 87 15 113 20 126 97 32 63 109 55 50 83 58 123 103 45 101 21 80 83 55 8 88 15 60 101 96 90 87 52 118 82 65 79 26 60 103 62 125 93 20 10 66 118 32 86 103 64 34 108 51 4 79 81 85 62 118 112 126 32 56 96 93 17 17 59 115 3 38 60 73 6 53 57 126 50 88 117 109 102 99 79 49 104 103 61 65 70 110 17 91 105 107 35 68 103 118 90 100 90 67 62 84 90 119 38 32 114 0 15 59 55 8 121 94 3 9 99 61 58 39 25 77 94 85 10 85 126 45 40 84 52 106 118 107 41 24 21 61 69 3 33 19 92 90 40 8 86 28 123 7 7 76 120 84 9 126 83 105 69 20 120 18 47 32 77 37 3 42 91 50 2 88 19 0 115 71 102 74 24 48 119 102 124 18 51 125 66 32 93 43 49 112 62 22 24 44 27 111 78 82 86 51 97 104 103 47 4 98 105 113 1
106 96 5 101 57 24 121 116 22 86 119 18 86 100 100 15 126 89 16 84 23 100 102 18 60 103 17 91 35 92 89 98 69 23 49 36 18 121 1 24 41 45 44 48 106 42 65 107 83 108 124 117 93 93 96 28 65 114 7 37 13 70 106 122 38 58 122 7 82 99 106 32 98 103 104 16 10 26 119 21 126 65 17 99 7 50 68 113 104 10 100 109 80 95 71 65 59 43 26 37 50 60 40 106 89 27 65 110 118 109 96 95 107 122 41 108 77 90 98 53 124 106 56 82 81 111 14 6 81 13 3 103 115 39 97 7 26 123 118 124 50 101 28 21 84 15 20 7 99 86 125 116 41 90 73 79 54 72 99 21 113 76 11 7 80 112 121 1 39 56 120 107 70 123 28 39 67 83 50 74 24 74 93 126 48 38 126 36 57 43 64 16 14 59 112 9 13 105 91 117 71 92 67 90 74 67 65 54 73 60 33 16 25 66 69 33 122 125 110 15 117 32 64 25 25 66 73 97 2 101 72 94 111 55 53 123 76 42 31 50 80 40 98 116 56 64 38 28 2 87 92 45 104 25 84 120 39 69 102 52 61 10 4 75 45 60 91 37 58 5 90 86 51 107 43 27 99 0 7 88 31 17 5 53 82 96 99 98 14 38 59 99 126 87 5 10 96 4 43 5 7 70 118 55 68 98 77 108 18 39 34 78 19 1 103 16 98 116 40 30 12 68 103 0 96 113 107 24 13 124 85 12 78 34 55 93 37 48 93 104 42 43 124 38 106 22 19 36 90 46 107 101 117 21 6 89 36 118 85 28 80 71 27 126 60 82 61 5 110 6 62 78 95 1 107 60 78 73 30 81 108 17 32 64 46 77 64 16 27 64 52 82 51 71 34 17 70 46 48 55 32 18 80 37 71 46 10 80 45 90 113 126 78 14 61 77 118 58 117 18 58 29 19 40 1 24 53 67 101 100 37 74 10 19 119 23 25 115 86 98 79 23 92 100 77 49 96 30 110 124 24 100 65 43 103 105 118 80 97 40 39 116 122 39 72 90 64 113 20 57 98 35 56 0 69 92 23 85 80 2 93 47 6 67 81 101 63 25 15 105 109 78 5 34 11 28 108 99 45 81 56 50 56 66 123 49 95 118 86 10 81 29
33 10 115 7 20 13 34 72 49 125 83 0 48 76 115 93 43 93 53 67 38 122 38 80 114 57 13 73 11 104 28 80 15 72 80 32 52 22 34 112 123 46 0 6 49 109 111 88 23 98 42 59 45 6 80 120 36 20 71 108 97 4 26 76 80 55 106 103 104 87 5 56 65 35 80 68 97 93 56 57 68 18 20 77 37 30 51 33 115 92 6 57 54 19 120 33 66 51 11 16 120 50 105 43 89 58 9 61 67 99 44 38 19 113 31 85 16 58 12 27 44 75 84 67 30 8 52 105 89 40 50 54 57 126 5 77 37 81 57 91 105 98 63 99 117 62 42 56 58 118 125 76 8 52 53 5 112 29 65 63 42 120 105 34 63 96 25 5 53 117 60 124 31 33 85 125 42 110 43 64 13 17 79 84 4 64 74 27 38 34 113 47 118 96 70 75 125 73 125 68 30 84 83 95 6 34 52 103 5 83 19 47 24 119 98 26 51 95 73 37 21 3 64 36 107 48 10 26 123 19 115 12 37 30 20 112 41 13 117 17 3 72 111 76 108 16 24 71 63 57 114 77 10 83 108 19 59 94 69 125 60 70 119 103 59 83 7 73 27 15 80 24 97 112 60 32 86 123 25 3 5 51 54 24 125 54 10 9 36 109 119 2 44 34 121 68 15 79 122 109 35 1 28 29 29 3 12 97 107 53 119 98 49 74 44 66 34 107 59 63 54 73 19 18 18 17 104 24 79 118 12 88 70 52 126 59 55 108 41 45 66 50 33 53 90 8 80 68 64 64 41 78 41 29 43 122 37 43 43 50 89 102 7 102 43 121 120 57 104 6 56 98 101 61 79 38 75 32 90 112 107 6 99 78 26 24 46 103 33 44 53 63 15 59 41 19 36 19 45 114 84 17 43 59 63 47 93 47 62 85 109 17 97 32 5 70 35 47 115 45 49 82 89 48 103 43 126 11 67 28 17 83 86 44 89 115 10 7 21 51 90 108 63 41 76 13 126 101 65 49 41 77 20 108 125 16 44 83 14 38 122 43 105 110 110 9 36 90 101 12 32 73 39 17 40 2 88 6 4 57 126 67 94 91 118 82 8 1 35 51 124 0 12 14 54 34 46 66 32 102 94 66 117 92 25 39 10 84 32 53 34 72
107 44 31 91 20 74 113 107 89 22 24 53 121 79 50 26 11 91 7 85 11 124 100 109 14 47 9 89 52 56 111 3 68 70 76 62 110 58 115 68 91 82 55 64 58 107 26 26 46 124 110 126 23 47 14 77 38 126 112 21 69 73 72 117 36 118 38 100 75 48 47 2 60 32 99 124 46 97 18 35 94 40 88 76 48 113 32 114 6 53 74 119 95 116 115 62 110 12 122 86 68 126 60 26 90 82 37 92 31 103 59 23 126 97 46 58 111 7 69 6 35 10 14 62 65 102 38 68 1 112 27 36 121 97 119 42 16 33 106 1 98 69 95 121 110 30 27 102 75 115 18 110 118 93 115 13 122 43 18 82 98 49 8 118 51 94 85 89 104 49 16 54 28 74 57 48 33 52 14 72 9 78 116 53 110 85 23 106 29 23 83 51 112 0 56 95 16 78 42 79 122 94 90 13 78 38 45 39 26 41 120 46 91 30 52 79 61 33 44 56 116 40 118 73 59 24 88 80 26 80 44 37 83 47 48 70 77 15 88 115 110 6 11 45 38 23 30 109 26 20 68 95 56 70 45 111 68 123 25 111 119 111 16 87 8 114 113 52 7 74 42 34 0 4 95 2 4 16 62 5 78 3 47 49 17 122 53 48 10 52 0 83 96 122 56 104 34 24 5 117 122 88 121 104 78 75 109 46 83 56 91 72 101 49 37 30 64 79 65 42 25 16 126 22 104 67 8 57 71 21 114 115 96 18 91 57 24 58 2 122 78 60 54 4 76 124 29 38 44 63 39 68 10 122 25 2 12 83 47 87 26 81 33 46 38 73 48 51 31 25 94 99 8 114 1 89 43 51 80 62 73 7 22 61 121 5 58 113 7 77 59 109 16 15 122 32 9 110 32 37 12 101 51 93 5 39 96 107 64 67 39 38 69 90 82 32 20 48 22 92 34 106 124 62 95 62 66 119 78 35 7 51 65 99 15 32 38 33 51 103 95 47 14 26 2 98 10 125 34 51 113 79 61 100 50 41 48 55 82 109 103 109 97 73 30 22 4 113 19 36 64 119 0 14 73 99 47 74 23 121 110 17 72 21 91 72 38 16 108 114 110 74 15 50 65 124 48 8 121 7 31 44 99 86 63 12 72 79 59 108 71 97
86 5 65 18 16 25 65 32 108 98 46 25 54 107 18 20 55 39 25 47 13 109 17 46 120 95 112 10 19 10 67 9 59 114 124 115 27 105 48 18 126 18 90 104 48 29 73 67 22 15 22 48 94 48 5 76 57 114 102 70 119 49 86 2 55 119 106 16 12 102 98 109 45 90 115 72 41 118 114 43 25 67 51 105 22 59 37 11 16 86 59 76 80 88 20 2 79 101 105 67 59 10 22 79 116 8 85 96 25 95 81 55 76 104 25 26 118 109 49 115 55 49 24 83 119 91 32 122 121 88 89 66 113 46 76 46 25 13 22 72 99 115 27 51 48 98 51 68 91 91 103 1 105 4 87 68 54 46 0 27 67 73 61 115 20 104 12 13 24 8 122 52 66 90 63 40 117 47 104 81 98 97 102 113 61 81 13 11 91 81 83 117 10 37 92 30 57 118 42 84 109 6 60 42 21 110 60 81 37 107 114 51 93 29 34 4 19 68 95 81 83 42 115 100 12 84 97 57 31 65 32 73 14 8 9 22 60 112 109 95 75 46 71 15 62 114 77 68 88 52 86 105 122 71 17 43 114 74 106 7 87 98 17 112 125 49 23 6 52 24 38 17 104 107 111 28 122 27 83 11 33 67 37 109 59 94 101 7 19 119 61 66 19 89 88 5 89 109 51 12 58 104 67 14 105 116 103 2 101 30 73 9 13 119 88 104 89 38 14 21 86 30 94 33 57 8 61 94 101 100 106 53 100 17 53 7 16 109 43 39 73 87 85 80 92 126 110 115 24 10 103 105 19 94 47 89 26 116 124 61 10 59 71 29 99 65 84 27 100 107 96 3 24 24 1 108 35 92 61 56 24 34 46 11 102 32 59 19 110 121 98 108 126 100 38 118 113 4 100 77 79 126 117 91 3 37 66 41 112 60 80 44 2 56 60 74 38 104 109 27 109 115 98 84 37 73 14 125 64 92 95 35 92 97 38 75 23 100 94 40 39 33 0 70 48 21 87 12 108 87 115 5 116 78 6 45 62 40 82 86 70 67 106 37 14 98 3 24 44 87 71 107 4 87 15 125 34 25 9 49 70 56 123 12 46 118 28 90 23 58 121 60 91 111 96 57 83 111 21 46 93 39 48 71 124 122 42 92 85 41 125 52
78 3 112 64 69 49 56 81 95 55 95 65 47 108 100 107 29 35 126 33 14 6 70 97 5 101 123 123 14 46 60 67 124 79 59 28 95 43 13 125 34 112 101 50 38 48 15 29 12 76 89 119 36 119 48 79 94 55 6 13 11 51 50 47 115 42 114 5 95 106 35 83 108 48 40 36 8 101 63 118 77 73 25 13 2 102 117 90 89 76 107 83 104 73 8 70 118 107 117 121 55 7 126 8 2 23 56 116 2 94 89 58 42 90 29 74 38 47 37 25 3 15 110 8 106 7 50 104 112 33 35 110 103 54 56 73 47 85 37 10 39 34 60 114 38 118 45 96 21 72 106 103 85 22 25 63 77 109 40 81 4 95 102 34 114 42 47 25 33 1 8 118 25 98 26 66 9 9 102 25 82 112 39 104 100 50 105 25 49 9 72 93 6 54 63 7 42 73 45 122 37 88 62 120 106 54 57 5 68 58 97 104 70 2 5 37 60 87 115 115 82 73 97 41 6 12 55 111 12 59 30 14 82 73 101 125 70 10 10 85 17 124 52 42 58 29 50 64 101 116 109 16 11 81 94 21 71 25 29 60 116 114 44 87 1 119 107 17 71 6 89 24 80 29 79 31 35 19 125 52 47 49 1 35 57 5 70 84 31 100 37 43 89 66 93 109 77 120 114 61 85 99 30 126 2 4 43 66 95 124 39 83 28 76 103 117 96 25 17 49 26 125 2 108 40 72 22 37 112 103 0 105 20 107 59 49 40 8 122 94 51 97 81 121 83 63 124 25 97 86 69 123 82 10 39 103 55 43 33 27 120 85 102 15 124 3 73 86 3 103 36 91 50 76 115 66 59 11 65 64 27 63 6 45 34 8 105 79 0 89 6 90 35 81 101 53 121 58 9 108 95 84 10 111 95 98 98 17 15 101 73 17 72 96 1 87 126 48 87 94 80 5 5 35 37 53 85 20 11 30 74 5 121 109 22 71 70 28 27 70 123 48 7 65 21 21 10 25 42 91 122 72 75 28 95 7 73 1 21 81 29 10 112 94 75 24 30 111 118 30 72 78 104 114 76 22 59 115 10 17 86 77 84 90 35 76 13 2 123 85 123 1 98 33 15 97 44 10 118 107 7 82 24 17 108 64 78 71 114 116 80 57
63 118 42 16 110 80 17 106 88 63 111 4 107 11 3 107 83 96 114 110 55 126 65 80 116 0 17 116 1 106 112 83 44 39 33 40 108 60 26 5 45 99 81 83 51 76 44 27 121 20 53 93 6 59 91 5 47 6 72 2 39 126 13 113 76 5 116 93 81 55 23 118 103 55 47 32 102 72 117 77 81 37 31 108 73 57 47 89 3 124 105 11 5 109 97 26 45 115 35 102 6 30 71 123 98 98 48 98 46 99 41 38 3 55 35 3 120 110 96 66 30 125 59 88 114 18 57 53 24 99 65 12 124 1 73 76 71 51 82 15 18 87 90 88 50 59 38 43 45 2 61 89 56 105 54 104 50 22 24 13 39 8 109 9 126 4 32 46 40 58 34 46 35 79 20 21 76 18 102 51 93 34 48 31 93 116 64 63 4 54 97 57 43 34 29 18 111 100 61 12 79 61 103 69 23 2 36 39 91 19 76 111 18 106 88 30 119 43 25 119 54 36 57 86 39 68 54 67 120 17 85 1 65 106 124 85 21 118 19 46 116 15 81 64 50 87 99 124 53 121 15 44 60 68 48 83 54 31 77 24 71 108 84 81 41 28 47 99 81 16 56 73 16 92 95 38 40 26 110 82 13 97 101 117 38 46 72 90 44 41 45 36 77 119 78 47 63 2 74 83 42 72 106 102 101 60 83 125 92 116 5 63 19 43 40 51 122 102 75 120 25 106 71 103 79 61 1 97 71 73 0 96 3 83 39 18 82 2 30 38 57 42 11 95 82 105 18 108 62 98 28 81 100 120 33 38 22 92 11 120 52 12 38 119 89 35 38 106 56 31 105 118 60 66 123 61 45 90 102 69 60 60 19 49 40 99 31 83 20 28 32 56 44 20 114 104 20 28 18 85 69 74 39 83 49 69 33 58 1 40 123 49 57 34 58 29 126 10 67 110 45 67 25 114 38 2 82 36 13 8 25 29 122 82 44 25 64 122 57 115 32 72 108 15 58 15 96 55 9 44 95 88 101 118 110 74 74 122 73 68 9 26 26 27 120 43 116 40 11 62 84 72 110 77 52 78 45 59 97 126 43 55 57 56 38 38 60 47 22 80 32 13 108 38 50 35 46 29 94 122 3 64 66 117 17 83 32 54 115 19 28 91
22 121 125 52 46 5 76 113 125 41 74 28 72 47 28 38 99 114 99 107 3 23 10 45 80 39 16 84 83 15 44 12 39 52 13 109 33 74 102 50 81 116 8 104 71 102 31 120 59 17 73 71 90 59 123 6 44 121 24 3 21 122 64 28 54 7 44 48 82 99 64 95 121 30 112 56 31 117 98 93 99 99 56 31 11 100 6 47 55 81 62 19 21 108 122 45 114 32 6 78 75 27 34 81 64 79 47 82 35 0 94 118 82 100 20 21 2 38 6 4 44 29 52 110 80 80 111 89 105 24 2 22 77 17 115 96 60 4 62 102 28 21 57 66 80 90 109 27 27 53 36 56 32 48 63 23 85 81 52 83 49 8 89 31 93 78 91 39 33 111 109 66 112 92 8 76 7 14 125 11 101 72 52 3 41 104 77 7 7 78 123 5 63 49 12 120 13 69 6 74 76 11 72 96 74 65 24 38 104 119 110 89 43 78 15 122 76 11 100 42 92 103 98 29 88 1 123 61 120 104 61 44 39 86 41 105 90 105 70 77 104 91 59 86 38 22 13 83 51 44 56 17 6 19 12 64 63 106 117 59 86 79 1 83 103 59 96 38 124 125 33 122 88 117 124 7 78 18 28 1 27 124 116 42 50 23 51 88 7 104 94 38 58 113 52 71 20 86 56 107 112 96 88 126 56 30 108 87 100 73 49 2 11 119 111 113 94 125 75 16 14 0 125 102 27 117 67 48 4 94 63 83 51 69 3 48 100 59 59 30 19 9 61 88 78 43 36 16 30 22 100 88 116 108 13 68 24 109 84 25 103 121 100 109 12 90 57 31 24 30 26 98 58 30 69 66 61 26 118 2 108 108 66 39 119 54 28 122 97 10 85 71 102 35 16 114 74 116 72 100 124 104 83 76 2 5 125 3 57 39 75 33 93 98 62 25 60 95 119 63 95 8 60 107 73 31 87 28 77 56 46 51 29 69 80 122 15 75 34 10 8 48 117 107 56 81 51 14 81 76 46 120 34 63 7 121 85 61 65 52 0 54 17 113 62 87 99 108 26 13 47 107 65 52 36 97 54 60 6 27 113 102 82 102 71 66 105 1 60 108 66 87 47 103 124 32 75 36 6 91 126 53 88 74 29 56 124 88 110 41 0 35
42 96 9 20 22 108 12 64 21 20 74 71 82 68 63 14 4 111 31 4 5 106 32 58 93 87 21 24 123 124 100 45 76 55 19 59 89 83 101 118 121 60 12 62 72 18 120 44 70 10 15 60 108 33 90 116 98 120 124 47 44 10 59 122 13 71 81 70 73 104 24 119 0 33 3 32 5 88 9 62 68 43 15 36 99 94 14 54 32 126 8 97 2 88 29 24 25 120 66 82 116 118 101 3 6 55 77 17 10 3 38 113 56 65 18 102 81 34 106 39 87 4 54 40 11 14 12 31 27 78 100 64 5 32 123 79 118 123 63 29 78 4 70 34 85 48 77 0 93 19 11 61 107 103 41 67 19 61 12 121 60 97 90 67 83 16 10 78 4 80 100 81 42 35 98 28 82 35 40 61 37 38 35 112 23 55 56 64 66 44 72 9 121 107 33 81 38 110 124 54 60 87 86 109 41 114 70 87 55 77 110 70 122 32 70 4 63 1 60 97 92 116 108 121 42 68 43 81 75 86 18 13 39 65 76 121 25 104 96 73 3 52 120 39 33 38 120 69 118 2 37 7 48 74 61 44 66 87 62 0 8 99 72 74 8 35 124 99 120 42 38 81 13 120 78 27 81 108 64 90 120 51 49 103 122 125 36 18 5 29 67 64 16 104 51 36 112 71 89 1 21 43 41 111 116 52 116 44 119 20 31 81 102 45 78 67 0 40 21 14 91 58 47 74 61 88 33 72 57 103 98 83 23 10 1 34 91 113 62 23 115 25 94 67 17 18 73 92 18 79 32 12 46 116 10 115 65 105 126 5 80 81 54 125 56 115 86 95 79 82 40 83 97 63 62 80 100 48 20 47 78 74 19 112 103 60 6 2 95 109 10 54 102 106 2 22 57 50 2 34 37 108 116 125 69 124 60 116 8 10 101 98 12 41 118 116 45 107 92 97 68 91 81 82 48 50 2 51 87 86 45 69 47 76 102 104 109 69 7 92 18 99 2 38 17 62 98 63 90 100 33 8 53 17 90 70 18 83 17 52 59 44 42 72 73 109 23 55 18 107 0 34 80 55 38 17 31 55 45 49 111 65 74 92 101 123 26 79 107 116 53 123 105 13 17 77 90 90 33 126 39 103 49 50 43 124 100 65 74 18 36 17
91 88 47 7 83 68 108 24 95 43 120 83 43 31 8 9 66 94 53 43 85 5 72 1 96 33 34 85 99 27 108 102 96 53 68 98 30 113 2 55 36 35 6 83 58 83 6 30 43 17 126 24 32 48 23 75 60 122 26 125 72 56 42 2 32 24 80 39 70 34 11 35 88 3 95 62 45 121 76 105 119 96 100 31 116 101 13 73 38 109 32 82 67 118 60 118 1 45 56 80 58 77 28 117 10 9 49 30 82 97 32 67 60 19 93 6 51 24 3 19 81 103 99 19 29 96 94 106 102 19 107 65 61 112 73 23 6 96 94 39 84 81 21 10 31 43 109 74 106 118 53 75 29 114 78 126 61 57 109 122 2 56 106 58 56 30 25 83 93 89 34 23 32 107 124 74 90 74 51 52 73 66 74 68 3 106 9 21 61 15 67 7 105 46 59 14 94 64 42 114 29 38 63 59 63 116 50 3 120 77 50 20 77 110 112 86 105 61 87 56 56 77 9 12 84 37 81 32 112 53 1 37 84 79 68 21 50 29 44 112 97 42 31 91 13 114 112 78 109 3 124 102 117 111 86 98 48 68 40 64 38 107 60 122 41 55 65 28 59 32 41 23 70 35 78 104 10 11 28 76 60 72 118 68 114 59 116 50 66 26 10 86 33 99 109 31 27 2 90 25 13 122 86 45 67 75 13 16 62 39 54 23 87 113 62 47 33 72 97 76 45 54 126 106 3 6 120 78 114 55 9 84 42 47 4 96 71 110 18 96 49 86 14 83 5 92 8 73 29 124 39 22 121 89 84 92 57 59 12 87 84 53 77 122 39 116 22 36 81 7 48 6 75 1 6 75 59 101 119 85 100 119 68 20 60 126 52 93 125 70 115 21 27 28 30 79 64 78 43 59 29 72 62 49 121 14 102 64 96 116 55 69 98 123 87 16 40 44 46 109 58 20 114 40 44 90 83 114 3 75 36 71 44 36 29 124 27 38 17 102 122 82 76 87 24 0 80 60 110 16 2 38 32 54 109 35 122 97 19 81 70 110 27 33 11 101 117 30 106 7 27 116 38 103 122 92 62 3 93 20 71 73 15 70 100 102 103 116 121 102 112 6 15 43 92 93 9 57 102 47 117 2 35 18 40 111 30 41 40 106 102 80
124 30 109 67 93 66 42 50 125 30 66 91 17 60 11 74 77 23 68 11 50 26 55 36 33 5 104 85 124 57 40 10 114 97 102 93 71 36 22 100 18 98 105 38 51 24 76 118 4 70 33 116 93 36 30 126 19 125 69 77 56 4 74 118 73 117 88 96 28 77 7 122 45 1 112 24 59 1 14 100 49 46 105 31 113 53 104 88 9 81 49 1 109 21 24 82 47 112 118 49 54 88 83 122 78 36 21 46 105 54 108 79 122 116 16 92 86 107 120 54 47 124 23 68 47 95 122 116 23 60 78 26 102 87 3 20 39 14 1 125 115 27 55 80 51 76 106 125 4 29 90 63 77 98 114 111 58 37 92 47 125 53 105 11 35 94 24 92 23 99 78 26 63 126 14 58 17 1 0 15 86 13 75 106 2 11 13 51 30 17 55 64 50 90 73 118 43 87 23 4 30 39 6 27 94 29 72 82 44 93 116 0 23 88 98 120 78 126 113 43 106 88 86 93 61 32 57 104 38 29 96 2 54 50 97 76 106 55 71 55 30 97 37 89 84 73 97 43 43 80 124 64 48 32 40 43 48 88 90 26 116 1 106 39 61 80 4 126 90 108 52 60 47 57 55 61 13 19 40 25 39 61 79 60 4 120 91 46 7 101 48 120 2 64 99 27 77 109 32 31 44 77 25 66 44 11 99 52 22 44 15 125 41 14 82 47 113 93 2 77 28 39 3 82 84 57 124 90 107 105 53 11 119 71 122 125 50 40 32 90 50 101 28 57 106 47 56 3 5 52 79 37 25 33 91 79 44 101 41 90 89 100 19 27 97 37 44 75 15 3 6 102 86 88 78 68 84 80 107 101 6 57 8 119 94 84 90 87 105 126 121 115 123 21 26 121 78 47 113 37 62 96 52 45 76 3 77 41 24 94 64 13 105 2 79 21 39 92 33 1 108 22 7 60 117 105 78 85 11 27 70 77 44 68 64 99 74 55 99 45 54 11 97 77 50 116 102 42 71 74 79 115 124 121 89 8 42 60 23 5 43 33 72 86 69 10 9 32 13 46 19 33 8 23 9 44 98 95 1 12 4 36 118 25 74 107 64 93 67 27 34 56 93 5 50 55 51 31 104 116 50 120 24 65 51 88 110 99 77 81 111 12
98 52 58 13 91 58 63 122 66 22 48 60 33 111 24 69 72 101 120 89 124 118 50 82 22 95 111 62 22 109 112 89 66 1 77 5 80 59 101 115 14 64 96 49 64 104 70 82 96 68 77 126 60 120 113 64 34 120 121 95 95 32 5 90 124 86 13 31 96 77 123 75 15 7 11 44 113 86 118 95 39 95 101 115 52 50 49 16 43 0 14 104 81 10 53 44 55 57 51 114 41 78 7 121 86 37 107 48 121 29 75 125 49 124 84 49 71 62 50 69 8 50 60 11 32 120 62 82 122 55 109 114 69 118 86 124 69 47 75 63 35 39 24 10 121 56 26 68 16 68 0 47 12 124 103 106 3 87 108 100 6 95 50 21 28 56 16 43 25 16 95 30 110 110 79 123 0 120 93 82 73 110 39 86 102 56 82 31 59 84 105 79 119 106 68 81 74 123 5 121 17 116 2 44 2 120 44 9 81 57 37 72 86 120 29 78 81 95 24 123 43 57 86 116 36 62 39 77 99 2 1 55 96 93 107 31 87 44 90 112 33 78 85 103 102 50 78 38 73 86 80 101 71 125 45 17 31 31 59 55 46 82 40 112 45 94 50 70 67 8 109 97 121 76 117 103 114 98 25 90 38 101 12 1 32 45 27 36 22 34 50 37 15 54 63 33 96 33 125 37 96 6 70 66 122 118 15 74 102 46 41 89 61 5 76 103 107 103 41 124 62 113 73 77 102 103 92 118 98 108 43 49 115 7 82 59 82 126 34 124 108 98 116 85 30 66 85 0 71 96 82 67 123 21 60 95 20 13 17 124 96 2 46 117 7 12 87 90 73 122 77 98 87 5 123 34 107 125 118 123 15 29 6 102 116 80 12 82 8 17 42 33 31 63 13 116 125 121 100 38 117 122 63 9 25 70 73 87 6 96 87 46 72 58 31 89 14 58 95 113 104 16 107 60 69 57 76 62 63 63 26 64 42 97 86 117 51 93 14 31 9 4 27 34 53 6 119 52 43 2 24 86 113 105 25 49 48 65 72 125 100 14 62 97 63 48 51 97 64 49 85 59 36 74 80 17 55 67 116 72 58 117 31 11 64 34 112 13 43 13 7 88 42 70 68 33 64 12 109 98 41 33 117 33 61 121 74 105 122 38 64 29
34 68 92 91 122 109 102 72 75 19 113 70 70 84 117 35 0 54 107 43 118 98 102 18 45 88 126 69 61 113 57 124 17 81 14 62 103 63 29 11 56 32 118 113 69 101 64 42 11 48 106 21 40 113 48 113 84 37 121 116 117 124 124 124 76 104 43 8 119 26 22 29 109 108 99 60 78 66 80 50 10 102 3 54 41 90 120 91 54 125 33 110 89 80 19 70 57 18 11 77 41 119 6 37 102 75 42 98 4 113 46 23 71 117 45 38 74 89 45 47 78 80 104 42 55 63 54 20 13 38 20 17 125 64 79 112 2 124 53 116 28 28 52 97 31 13 49 32 21 21 78 85 100 50 64 58 16 75 123 19 126 39 59 115 102 92 95 121 40 76 122 63 49 106 79 85 63 11 64 82 102 73 61 118 80 1 71 79 111 48 8 54 57 77 76 25 1 52 16 65 84 90 45 14 8 123 114 67 101 124 107 126 111 82 26 49 46 85 85 49 80 7 122 37 104 100 10 43 13 7 122 20 122 21 103 85 69 115 105 29 56 22 97 77 126 115 77 78 48 120 63 73 91 22 19 21 70 18 37 87 7 25 49 23 24 18 118 3 119 66 60 41 64 75 5 124 5 89 99 21 49 108 92 44 78 36 95 112 95 79 56 66 3 10 83 61 21 45 56 65 68 17 105 96 95 58 52 97 119 11 72 100 11 68 102 79 63 34 32 16 115 33 44 34 69 2 15 97 84 88 106 126 83 117 20 30 51 30 14 8 73 45 36 5 44 113 107 89 34 42 29 114 49 90 49 49 12 94 48 125 20 109 102 52 7 50 21 3 72 101 59 37 73 99 123 120 54 114 47 83 119 20 45 13 74 60 91 13 114 84 12 31 9 24 116 121 36 99 117 113 28 53 28 26 13 49 52 1 118 74 92 12 52 57 58 100 58 20 60 45 61 45 9 123 4 12 101 9 71 55 124 39 29 34 105 44 1 118 23 12 28 26 62 70 120 47 37 55 78 78 35 23 80 80 58 39 9 44 121 67 74 36 87 94 108 62 38 2 85 9 89 9 85 9 18 73 51 105 94 78 5 63 116 72 101 57 46 17 11 42 20 113 92 59 50 72 77 113 111 33 22 34 124 31 34 118 96 35 54 99 59 31
77 5 54 126 104 123 53 14 28 76 113 10 66 119 55 40 70 60 8 83 118 123 51 115 88 47 118 32 27 87 95 46 73 126 78 32 119 94 27 30 98 70 18 74 17 12 86 25 57 70 17 72 57 2 19 39 108 90 108 65 27 85 73 44 122 81 38 87 31 122 56 40 93 54 80 4 68 41 13 73 52 69 87 121 85 84 72 12 109 106 37 90 58 69 55 87 115 109 118 87 78 9 67 21 95 7 74 103 0 21 97 62 68 66 44 107 122 56 54 111 109 8 67 25 65 55 77 116 103 66 34 113 48 8 116 56 108 87 49 11 94 95 23 97 95 52 1 27 40 123 81 71 65 22 97 96 84 92 26 7 22 113 111 35 100 98 35 56 77 11 27 72 36 79 84 110 124 78 22 51 123 5 113 93 76 116 50 69 18 16 42 124 105 85 55 99 113 49 29 8 120 94 96 111 30 25 14 33 58 0 80 106 36 78 54 46 106 21 126 22 55 18 7 99 33 19 61 18 87 80 113 59 70 71 6 16 82 85 18 35 31 97 26 125 2 49 60 62 4 47 99 78 7 101 95 74 28 24 77 84 82 101 121 77 114 31 82 118 109 122 41 65 103 33 77 97 12 41 38 97 48 1 77 36 34 61 7 105 32 74 9 123 30 42 96 24 37 88 79 100 108 79 9 48 5 49 104 27 74 13 83 58 98 3 15 15 76 80 33 99 69 97 63 20 29 107 57 54 15 105 12 73 118 4 0 84 6 3 69 23 103 43 9 70 114 61 7 74 59 109 48 57 7 18 98 77 11 100 70 36 51 71 69 12 0 103 2 70 43 7 41 77 55 9 56 36 65 14 24 76 55 4 21 107 2 75 125 45 37 79 43 25 40 33 26 112 119 71 102 109 33 47 109 115 86 119 57 34 6 104 103 45 86 60 120 94 107 58 10 77 95 50 99 14 24 66 0 74 98 113 29 64 119 23 105 103 21 50 19 101 7 3 29 99 52 13 80 104 14 60 90 64 72 71 50 102 71 108 71 19 76 114 85 80 120 5 96 61 88 91 45 24 19 66 63 59 102 6 42 74 91 124 57 31 121 104 43 63 59 109 126 93 50 66 106 91 102 28 67 74 47 65 40 64 20 115 22 125 89 69 28 8
108 18 107 105 70 103 55 7 83 102 42 44 60 38 1 36 71 92 81 72 31 44 77 65 61 7 101 107 121 26 50 5 12 87 49 26 2 34 68 121 69 36 85 96 12 15 40 93 117 14 91 105 22 67 76 29 109 72 51 125 50 82 40 124 116 11 13 64 95 58 121 46 60 104 98 58 23 0 3 108 70 99 58 99 106 96 27 126 28 56 61 21 102 65 35 32 118 62 63 25 109 21 116 26 7 48 105 8 82 33 126 50 95 50 33 19 47 35 19 42 83 91 105 17 103 12 82 22 21 68 120 0 71 113 126 98 109 3 66 80 73 4 116 117 18 13 98 108 62 52 111 40 73 35 52 37 88 105 117 69 75 51 89 97 32 22 121 60 73 95 75 79 6 11 38 58 104 64 101 14 72 38 20 96 30 72 11 120 116 27 45 44 96 93 17 72 17 43 109 31 97 5 62 68 0 3 112 13 109 60 36 83 35 61 44 86 99 40 36 55 26 48 117 113 15 3 89 95 92 23 69 9 32 16 74 114 89 60 40 78 119 10 108 113 75 38 69 107 85 70 101 123 102 23 121 52 83 105 36 6 14 37 105 67 16 61 107 118 27 11 114 70 39 46 98 31 65 99 122 105 66 86 57 53 36 60 51 115 13 101 66 16 70 100 14 94 119 83 75 49 112 50 109 76 80 99 66 60 50 99 44 115 59 14 77 13 71 19 86 24 34 30 1 77 79 11 86 9 25 117 62 30 21 34 95 106 101 89 20 105 108 20 114 67 65 55 83 99 95 37 58 80 115 108 111 39 7 82 36 44 77 112 55 76 17 64 40 95 20 118 94 112 90 42 9 109 22 15 26 112 62 36 8 52 13 42 120 113 103 56 62 12 89 41 33 117 61 122 34 32 52 8 82 69 7 19 110 98 86 16 79 15 81 34 5 21 23 125 94 119 66 118 107 90 16 81 54 94 5 28 27 23 0 113 83 15 103 60 86 72 66 70 106 6 35 19 41 45 8 100 50 37 75 41 27 76 9 25 120 38 110 56 101 101 13 104 72 38 109 26 122 19 80 49 72 71 18 123 45 125 4 82 82 80 44 14 93 23 16 3 56 13 99 33 75 52 93 3 100 106 50 68 11 56 45 100 25 61 57 57 63 4
27 8 57 39 69 43 115 112 120 103 101 87 6 110 0 91 120 89 22 47 92 95 46 3 71 45 100 29 107 26 90 40 115 34 119 20 49 107 103 108 122 43 7 113 21 94 76 55 35 114 50 41 31 85 58 52 95 44 72 113 59 10 68 26 36 76 20 43 6 88 3 72 94 39 100 72 64 115 23 13 39 9 103 50 32 103 115 125 121 32 8 30 47 95 45 95 42 99 100 48 101 104 18 15 45 11 83 76 40 87 14 18 90 38 79 46 100 120 49 88 67 78 81 98 18 10 81 43 77 29 56 88 85 82 123 49 12 7 55 19 0 122 108 17 92 64 104 31 35 93 84 61 37 42 73 6 100 114 66 21 36 37 96 20 62 83 40 5 12 62 108 35 123 41 77 10 95 93 45 119 93 9 53 124 63 40 92 80 1 120 26 104 87 81 21 18 94 77 113 112 12 90 75 34 29 50 102 105 35 107 78 67 14 37 47 30 40 102 73 14 5 8 5 111 113 46 73 79 5 124 66 10 89 69 72 106 108 109 63 55 125 15 56 102 1 43 83 53 0 76 11 6 68 112 13 94 11 49 44 120 41 107 30 37 96 48 23 111 125 99 55 104 65 99 35 69 57 122 57 59 31 95 66 46 81 98 37 30 68 109 9 88 107 43 18 51 102 39 50 103 44 6 48 90 23 41 6 74 30 0 87 68 96 11 85 46 47 50 0 31 49 16 113 16 50 121 53 105 111 49 113 126 116 76 66 58 22 59 88 42 12 111 121 122 76 38 117 115 113 46 17 57 63 19 97 32 19 92 39 34 93 67 104 84 35 39 63 19 28 62 112 124 102 19 70 66 7 27 30 6 90 115 38 0 12 119 79 27 76 55 42 102 27 69 71 0 83 89 14 95 97 101 43 91 18 24 99 73 105 110 29 126 26 72 95 89 23 41 121 90 51 41 68 88 64 64 8 97 114 23 88 52 54 19 0 33 38 81 66 26 10 9 51 115 22 118 57 73 36 94 8 37 126 83 43 9 121 59 83 1 56 102 88 114 120 109 38 102 68 86 41 102 117 72 89 78 23 24 65 102 85 56 94 34 45 75 15 12 114 79 35 47 67 26 64 93 78 116 38 16 7 80 61 37 28 76 113 3 110 104 4 49
119 70 94 29 80 43 18 110 27 120 77 25 79 74 117 27 49 38 84 84 45 113 44 32 50 87 110 64 103 36 44 31 96 76 49 102 114 109 67 88 84 45 79 7 36 40 79 125 3 15 17 22 89 40 49 90 35 94 85 36 66 102 47 108 19 108 60 89 53 70 38 69 103 83 72 32 54 98 3 53 79 39 104 27 25 89 76 7 111 115 81 34 79 72 78 45 19 30 30 111 36 57 26 116 112 18 15 25 49 71 82 7 1 122 62 7 104 9 124 111 51 93 50 6 37 51 30 83 42 29 111 38 67 19 117 16 96 22 79 18 29 56 83 46 52 90 6 27 30 91 57 116 12 1 120 79 50 125 27 9 65 8 83 75 36 50 69 123 61 69 118 87 123 59 122 92 76 9 18 109 29 61 107 43 17 40 23 59 8 118 121 26 110 119 18 12 105 60 61 29 108 99 114 85 87 119 112 10 108 60 23 92 72 29 36 79 66 31 42 114 40 118 60 125 6 121 30 31 112 98 100 120 28 9 109 67 75 54 79 52 6 87 34 56 26 50 126 26 16 56 83 85 52 99 64 75 56 0 82 43 77 114 118 17 15 4 11 33 35 69 5 7 97 2 101 30 14 105 91 125 82 26 121 39 59 66 67 118 108 82 122 126 82 42 23 102 70 63 51 86 15 50 1 94 57 38 85 69 65 105 105 8 16 32 61 71 121 83 15 121 27 106 76 73 26 92 50 86 119 113 35 25 52 48 13 92 52 11 6 60 28 67 30 4 123 96 22 103 125 99 0 21 36 72 40 109 53 123 76 19 113 110 48 89 62 85 63 57 8 65 58 94 73 22 53 74 75 102 112 21 31 103 119 89 67 22 71 48 44 59 80 92 3 44 40 109 19 103 89 6 59 51 106 12 17 81 90 48 109 85 39 54 26 96 2 2 92 28 126 4 4 3 42 71 106 116 115 74 36 53 71 9 41 121 76 122 91 67 27 71 36 75 24 13 110 38 48 27 124 8 52 79 87 64 75 83 106 8 69 100 22 14 34 73 112 56 13 37 74 91 3 89 105 24 12 57 10 109 105 86 60 73 40 102 78 45 3 124 23 4 58 1 12 97 65 122 37 54 5 86 51 6 99 52 101 53 61 117 15 90 61 5
42 86 37 96 85 16 7 65 107 34 104 12 49 68 112 72 81 113 92 28 95 34 108 8 108 124 113 15 63 113 40 53 0 45 43 44 47 96 90 28 16 110 110 7 18 73 42 126 93 24 80 33 44 65 16 118 29 51 18 65 27 14 121 13 79 48 29 66 70 106 17 12 51 8 125 94 112 68 33 22 109 37 41 72 2 93 77 44 2 101 58 17 126 15 105 64 79 114 103 83 43 23 92 82 93 68 81 48 55 39 22 62 93 53 48 53 87 43 29 112 120 112 79 11 57 69 28 15 38 11 7 41 83 108 1 18 48 122 90 71 105 70 100 71 26 94 55 68 70 97 39 23 99 0 71 122 81 55 8 35 6 97 101 83 43 45 63 107 46 84 47 98 11 62 106 119 95 49 72 18 81 112 104 118 99 67 110 90 103 79 115 98 96 98 74 114 83 52 57 125 8 9 105 19 47 63 113 23 54 52 48 8 111 121 25 88 82 60 74 123 46 59 4 119 107 13 21 48 110 115 8 39 123 34 22 83 72 30 21 78 19 21 56 24 73 106 20 70 8 123 91 115 32 73 103 122 105 14 14 53 119 13 33 52 115 99 106 19 93 49 117 61 4 85 87 90 116 0 119 25 65 96 94 38 21 121 54 29 84 47 63 48 93 42 86 32 73 31 55 56 6 82 87 85 49 20 83 69 32 17 100 31 26 80 52 48 110 6 79 47 99 119 66 1 50 56 75 95 115 36 57 4 89 102 7 12 47 85 65 9 28 81 84 59 94 113 13 16 40 126 99 109 109 61 114 19 56 90 75 66 107 90 116 72 82 85 85 110 60 29 85 73 68 77 5 111 70 4 11 119 12 55 84 45 35 57 4 8 73 22 21 25 6 18 18 84 58 92 32 72 82 51 90 75 77 23 22 12 42 53 33 124 60 112 99 8 116 18 83 24 82 11 43 99 76 78 19 25 8 102 69 25 12 118 111 120 44 7 47 103 105 104 60 14 25 121 32 50 21 51 24 3 40 48 112 107 50 90 44 92 79 81 10 62 67 88 55 11 57 3 73 49 91 94 27 94 71 30 106 51 102 56 75 66 90 122 2 109 47 114 118 72 57 118 84 126 24 6 43 123 39 4 18 1 119 82 44 60 8 51 53 96
69 99 107 101 58 3 49 122 53 80 51 118 13 66 38 58 32 18 38 79 85 118 3 92 36 45 54 122 70 35 40 13 78 124 15 54 39 51 46 117 24 63 105 59 86 69 46 59 9 117 124 102 106 69 71 88 25 74 38 7 72 123 28 119 44 38 91 103 81 26 62 116 61 87 2 6 64 91 81 52 45 11 46 70 78 123 60 92 94 51 12 22 121 14 122 36 12 2 98 15 88 35 101 86 61 73 79 8 4 25 41 31 22 124 95 10 105 73 74 0 111 81 123 1 76 12 74 26 107 16 110 82 94 96 23 47 2 44 48 48 23 20 111 23 78 69 61 126 120 9 74 43 56 52 125 57 116 88 91 109 47 75 24 94 36 33 91 86 116 34 73 43 122 46 18 55 111 63 14 117 112 22 120 65 24 83 79 51 45 100 107 38 110 41 55 42 72 108 86 98 118 81 61 81 56 40 126 53 28 73 21 55 41 33 70 57 11 105 82 82 3 2 0 56 79 110 10 114 33 65 95 27 25 94 20 83 75 47 98 22 39 55 12 111 75 124 53 20 65 119 0 76 40 96 73 16 122 71 99 96 124 85 109 61 87 88 72 39 15 126 50 59 0 12 75 32 119 114 120 19 117 41 118 8 80 118 53 122 49 112 106 35 41 90 108 117 35 51 114 80 59 118 45 88 106 28 28 6 14 97 57 94 68 32 43 66 54 74 22 81 31 21 41 86 120 53 26 44 66 123 67 87 25 45 30 48 78 100 108 29 25 84 42 80 81 2 36 66 49 13 35 64 35 123 31 72 66 118 32 101 9 122 11 49 82 50 9 22 18 42 38 67 9 46 23 30 19 65 66 21 121 54 62 71 74 58 74 78 80 90 73 87 97 5 9 107 45 31 98 32 96 30 82 116 89 36 110 55 18 87 58 55 58 73 92 25 118 9 50 76 45 112 15 71 31 42 17 116 90 90 29 30 20 87 6 57 55 111 33 96 59 56 94 95 97 5 97 18 42 77 108 97 80 95 120 44 119 58 21 65 3 67 105 22 26 6 108 88 0 33 123 70 110 116 44 28 122 87 75 53 45 6 73 14 110 82 114 56 99 55 103 28 47 109 114 14 60 47 55 18 121 101 29 32 102 5 13 56 82 62 77 9
9 114 82 110 125 85 8 85 54 107 52 123 118 60 126 103 116 35 35 115 48 29 45 20 18 30 45 23 123 60 73 51 49 78 23 40 42 125 4 55 104 37 70 83 34 78 60 120 62 18 123 96 104 115 26 101 40 108 37 89 63 96 45 7 41 30 32 95 43 76 23 29 90 52 94 9 24 80 122 80 25 54 72 96 4 66 65 53 106 17 104 71 51 26 79 51 123 7 55 35 80 90 88 24 79 4 112 97 14 102 41 92 89 17 7 119 21 30 11 48 120 40 62 125 104 64 120 54 28 19 48 98 66 86 33 82 53 120 81 46 69 66 48 62 126 53 71 20 9 50 70 41 106 81 58 94 92 104 40 25 122 30 94 124 0 44 42 9 124 73 57 29 103 18 2 125 49 50 48 25 97 37 101 37 40 126 60 1 2 71 69 53 25 47 52 77 22 27 33 4 62 70 58 62 35 118 46 102 34 124 110 26 50 74 108 67 33 85 113 52 53 19 11 89 41 13 18 28 56 102 95 116 68 121 75 22 115 91 19 77 38 119 12 111 45 95 115 60 118 18 42 14 7 41 124 52 23 121 87 6 55 45 34 29 115 1 46 20 0 112 32 105 59 34 83 45 126 91 56 56 62 98 74 99 21 64 115 75 62 65 48 13 104 44 32 114 91 9 102 67 42 75 3 17 32 90 6 64 6 93 117 118 4 89 86 87 91 113 5 34 103 21 92 35 66 54 16 11 12 102 82 64 41 57 109 115 107 2 2 71 71 87 121 67 104 91 99 31 89 85 120 92 116 31 4 121 76 43 124 110 123 92 104 38 110 4 108 79 52 15 52 96 17 126 43 50 124 69 122 11 19 104 74 42 49 86 45 49 117 60 7 61 121 96 60 117 16 51 4 125 14 64 117 121 37 108 7 125 76 51 91 12 113 72 43 55 96 33 49 97 5 26 113 108 33 2 13 31 60 44 94 125 83 114 49 7 99 32 23 75 43 68 122 31 52 50 37 104 71 16 113 12 30 89 47 123 44 34 81 26 114 114 118 102 36 89 34 122 103 57 46 0 7 23 109 112 66 15 7 35 70 104 72 33 46 17 31 80 90 25 83 68 122 104 98 30 18 26 107 19 113 99 20 54 92 65 36 65 10 100 60 105
122 58 52 79 70 124 91 16 54 109 118 88 46 101 75 109 124 83 78 86 122 124 5 31 30 31 32 79 56 11 100 83 124 56 92 78 4 28 56 43 50 77 82 64 88 28 76 61 23 120 109 95 65 86 16 64 63 12 59 95 24 48 53 105 17 48 91 116 62 92 19 30 73 69 62 52 68 65 27 53 116 123 117 105 57 119 51 3 68 94 66 53 105 18 10 26 83 99 7 22 40 51 45 112 28 125 68 108 64 57 124 62 90 57 28 41 122 88 101 45 58 99 17 71 37 104 63 24 11 112 98 112 124 6 56 96 17 125 57 17 108 124 117 30 58 55 57 19 38 44 29 99 82 6 2 69 107 88 109 49 48 78 19 69 0 58 29 39 121 61 14 116 0 80 104 22 32 58 111 75 80 53 104 103 95 26 17 118 63 5 39 7 95 79 123 124 98 60 120 45 49 108 30 8 33 58 100 79 88 38 57 79 84 15 82 39 13 75 118 110 26 6 124 6 5 38 62 91 76 44 80 60 73 113 114 1 15 76 81 21 104 37 102 19 32 100 54 91 3 38 88 115 92 76 121 33 51 102 22 76 113 116 49 29 57 50 87 102 3 11 125 12 111 9 94 60 57 25 33 111 37 112 102 97 33 53 37 41 6 68 0 126 44 24 95 26 64 34 122 15 114 71 85 57 2 52 42 55 110 33 104 14 1 51 35 69 99 71 79 117 100 120 68 91 80 65 5 98 35 29 69 64 5 2 77 85 39 82 85 93 58 44 117 42 111 93 53 87 65 88 78 42 23 113 71 86 10 56 22 33 32 77 36 60 4 14 30 116 42 104 92 52 122 97 8 86 65 57 57 59 109 73 2 85 30 88 81 68 86 113 49 38 114 125 102 85 56 104 45 102 111 41 33 77 112 37 83 107 57 25 112 6 76 25 116 78 6 58 84 3 24 44 74 55 59 8 96 95 115 100 75 71 13 80 81 123 105 99 116 48 125 37 12 122 0 4 49 26 105 88 32 123 46 109 91 6 46 0 21 22 84 11 67 28 56 65 103 12 93 122 53 17 97 19 101 67 12 2 119 99 10 122 59 87 121 11 95 81 39 36 101 101 123 51 80 110 72 89 24 109 102 19 79 10 56 97 108 121 99 110 111 73
12 99 104 13 122 81 46 16 15 29 73 64 6 53 39 30 81 114 124 65 5 79 61 39 19 52 71 113 56 39 59 114 125 94 110 89 87 120 124 90 3 7 87 106 70 40 5 7 115 74 34 20 11 111 100 61 45 16 11 40 92 117 32 71 112 126 11 5 74 63 0 13 61 77 65 80 73 87 124 113 17 72 27 32 41 93 121 80 15 109 109 23 57 18 10 122 105 100 80 88 120 122 91 116 22 112 47 53 17 110 54 112 13 61 94 4 57 80 6 30 17 6 11 113 75 20 28 85 100 36 37 76 90 37 43 93 113 121 46 116 106 108 37 44 123 25 23 101 90 1 64 88 71 105 46 104 6 19 99 77 6 118 39 43 19 48 125 78 80 81 89 81 119 98 107 58 107 9 6 7 90 54 118 34 12 46 51 83 111 73 96 74 109 69 118 84 119 77 0 93 83 26 3 69 60 87 36 23 76 56 28 36 66 92 99 69 68 17 60 44 47 27 49 25 62 56 97 93 111 92 101 103 61 40 1 106 18 48 45 24 99 101 14 4 66 95 94 39 4 17 57 31 34 43 46 92 7 63 13 106 85 68 74 21 46 58 11 76 1 114 95 41 115 47 51 30 0 13 108 58 77 95 9 112 104 69 95 30 85 115 2 46 97 123 11 111 97 23 109 54 61 74 82 26 27 69 39 96 97 68 24 20 97 23 68 41 84 32 92 2 123 73 125 123 106 6 116 114 84 88 60 34 30 116 37 44 101 22 7 67 123 27 67 85 33 122 2 91 109 94 11 78 86 88 86 44 61 91 7 35 70 78 77 47 94 9 125 51 44 21 15 1 59 4 102 115 96 120 126 121 11 63 54 52 1 32 111 62 32 102 9 30 91 54 105 5 109 86 79 73 35 79 113 25 46 72 29 15 56 62 116 30 90 48 26 96 105 12 12 7 21 58 7 50 24 77 75 42 114 88 6 64 116 42 31 109 25 125 47 27 21 72 41 65 93 75 38 98 29 86 60 66 32 42 3 112 98 50 81 93 52 61 55 10 41 25 91 94 98 42 44 120 70 69 14 98 14 33 19 123 22 55 82 29 8 19 49 59 53 107 114 64 40 33 126 66 87 48 71 42 97 103 55 64 34 5 90 113 106 37 80 85
87 64 53 57 124 52 17 58 111 119 91 19 126 114 70 72 113 59 37 15 82 86 26 31 116 14 83 20 117 26 30 11 12 39 38 114 32 19 43 90 12 125 1 29 82 119 57 104 67 60 22 55 111 24 93 43 12 111 118 86 93 62 89 96 76 30 105 80 76 103 93 92 1 93 34 63 15 27 124 25 123 90 12 51 8 54 79 29 49 9 89 89 46 125 65 60 33 48 101 110 20 101 115 23 80 59 7 78 95 53 2 89 92 49 92 32 115 6 90 10 33 64 44 120 104 68 46 122 20 18 49 118 80 49 95 76 69 83 34 98 84 33 44 35 84 49 19 97 24 67 13 47 101 9 126 36 102 95 34 2 112 110 67 84 101 21 87 57 39 120 6 35 7 91 55 39 46 20 21 117 115 17 90 115 41 93 75 72 36 39 21 95 48 91 31 20 36 23 58 12 4 75 5 93 8 53 7 11 19 66 126 18 15 15 33 108 95 38 115 109 32 84 68 30 76 39 31 119 93 121 59 35 45 77 8 41 77 2 56 35 101 11 9 108 22 92 74 101 53 66 18 61 42 26 3 1 57 6 6 116 42 34 0 99 16 96 12 125 83 52 111 50 43 76 121 123 63 96 7 48 38 68 44 12 91 35 50 83 21 75 66 48 119 112 61 21 67 105 97 2 41 114 69 68 45 66 125 97 54 26 104 73 78 118 62 106 64 34 25 95 121 85 82 125 31 98 10 71 89 36 59 33 33 3 16 70 34 86 108 15 64 54 37 65 37 6 6 75 30 67 7 6 120 90 94 88 56 22 24 109 46 10 97 74 54 1 111 122 26 51 119 55 5 20 60 22 55 56 107 68 92 118 118 25 4 86 99 114 91 85 59 10 72 98 44 122 42 14 67 25 17 32 72 117 3 14 114 97 85 43 117 102 11 35 49 53 73 123 119 125 68 1 104 34 110 105 90 15 93 53 73 84 49 76 105 15 119 64 67 22 109 46 119 58 23 64 47 56 35 67 6 55 73 8 90 58 57 124 104 88 15 119 94 110 79 18 23 122 98 81 2 124 99 113 70 22 2 42 85 7 83 120 102 95 65 45 27 108 61 98 45 19 73 10 117 21 49 124 36 44 117 83 13 31 46 51 122 5 5 67 121 125
103 126 103 1 91 39 116 123 72 12 68 48 107 71 116 13 0 35 68 115 21 29 75 15 103 74 60 84 69 103 19 110 122 66 119 43 106 100 82 125 55 65 44 40 52 14 22 85 39 110 14 65 28 98 83 126 96 9 84 98 49 94 53 24 112 7 7 68 23 27 81 44 98 28 56 60 107 25 1 60 80 31 24 122 94 1 26 75 50 32 87 26 125 53 98 76 103 72 2 74 29 86 35 68 44 51 109 42 19 81 61 115 105 19 82 84 102 70 61 107 68 115 69 15 59 29 42 22 12 41 82 96 124 43 83 28 59 91 70 64 102 111 5 50 3 120 80 116 18 31 60 44 118 17 26 121 45 122 22 38 60 122 8 20 14 18 65 102 81 94 103 14 66 54 9 120 24 22 95 22 122 16 81 31 77 12 27 43 45 78 12 1 2 110 125 41 52 21 97 10 86 106 75 71 126 109 97 34 89 69 4 99 77 28 120 44 55 3 50 93 21 41 124 12 106 12 39 19 96 125 89 22 62 73 109 105 37 53 52 118 119 87 90 117 17 94 38 96 79 35 45 13 112 24 45 110 69 84 45 52 78 118 104 99 62 83 38 62 4 57 21 114 0 80 52 86 123 119 0 120 118 126 29 50 56 122 120 76 64 10 88 53 120 98 54 30 64 83 121 76 38 111 26 115 37 18 43 102 113 58 34 90 17 112 24 58 83 23 92 85 107 116 28 125 16 85 11 92 77 9 64 16 106 18 86 105 56 51 40 114 18 72 45 66 27 100 102 101 62 55 113 69 70 105 113 68 7 125 7 126 102 55 38 16 37 115 35 18 69 19 22 28 30 31 65 45 122 24 37 65 76 125 45 101 2 50 108 119 27 49 15 47 17 94 22 74 25 80 38 29 103 18 46 17 102 16 37 106 19 42 16 86 112 70 95 92 80 82 32 0 112 7 34 83 78 50 125 46 106 22 111 23 95 14 16 90 84 56 118 37 39 125 74 115 95 25 14 94 106 69 21 51 95 78 89 122 93 95 80 53 87 75 75 41 75 117 12 12 126 97 100 68 73 113 91 78 44 52 52 94 51 72 61 112 18 45 90 2 5 9 53 32 104 38 58 78 82 53 26 123 95 10 9 81 82 90 12 105 121 92 40 115
32 23 73 96 28 17 6 29 69 42 39 69 59 89 48 34 13 7 87 101 55 126 106 123 45 61 61 68 68 16 70 124 32 72 81 11 123 124 37 52 69 50 42 28 9 83 25 119 5 68 47 50 105 76 107 85 69 91 86 75 108 118 90 62 125 115 84 29 31 76 17 5 23 8 56 44 106 47 5 75 98 22 98 90 48 61 33 81 1 89 50 51 4 96 67 2 93 47 28 3 31 13 46 79 7 83 50 5 68 26 75 16 46 56 101 70 123 38 126 94 63 20 107 110 81 30 77 65 32 89 53 105 21 88 63 124 114 19 4 60 126 111 3 76 108 23 2 43 16 16 114 101 40 12 90 115 56 63 70 111 22 111 77 115 52 110 82 83 102 37 100 126 18 75 53 113 38 69 108 22 25 52 23 18 87 74 7 61 64 18 9 125 76 83 102 19 1 51 74 110 16 75 2 13 58 24 112 100 54 40 101 63 4 121 43 26 37 37 16 88 76 7 54 11 76 36 24 31 33 107 116 48 62 99 79 96 20 70 54 14 18 16 16 107 22 0 21 94 8 27 110 105 27 69 76 32 38 86 58 94 14 80 51 76 56 38 11 99 37 73 77 108 33 74 14 21 90 30 91 44 116 117 71 104 62 19 48 65 5 115 79 61 85 56 80 27 111 98 43 51 66 95 110 7 31 98 61 58 45 20 121 59 50 121 30 74 110 53 21 118 60 123 22 112 93 8 77 0 13 24 118 11 90 80 55 35 124 24 121 62 57 13 37 27 44 67 6 39 113 40 79 89 108 118 66 94 46 117 113 53 111 14 124 95 92 28 30 55 101 76 49 42 97 70 31 51 109 30 14 34 30 60 98 85 45 25 0 55 3 28 101 35 62 66 46 20 69 112 28 1 39 81 120 76 40 92 108 33 56 123 51 67 0 4 105 41 33 104 72 71 26 73 35 76 43 9 52 87 32 54 101 74 10 61 125 57 21 123 11 103 121 74 89 105 65 51 31 111 105 0 113 61 89 97 66 66 31 8 91 80 33 9 26 19 75 88 109 18 37 110 93 78 67 98 94 75 62 32 119 16 23 32 90 100 120 70 8 83 99 19 32 0 104 62 23 20 36 58 47 114 10 72 13 61 47 51 67 32 4 33 77 110
67 96 88 106 17 19 88 83 112 27 51 103 55 53 115 71 92 119 120 115 6 4 84 57 94 36 121 110 19 22 3 100 78 75 120 82 67 126 81 22 20 50 17 27 60 115 21 55 23 11 69 87 103 31 105 17 24 66 124 100 70 20 68 71 38 124 75 119 64 117 27 14 61 123 92 92 53 61 1 53 75 73 103 65 123 121 98 17 70 122 121 112 61 111 63 87 18 65 117 109 77 58 103 119 33 17 44 93 58 71 94 19 105 32 35 97 19 77 79 43 61 99 51 115 22 110 24 9 3 22 38 36 29 82 0 57 116 80 27 11 64 5 7 98 41 28 71 120 102 6 1 94 100 121 59 87 68 25 46 93 63 13 1 15 120 21 19 43 123 85 44 116 27 29 17 24 4 37 7 77 51 108 124 101 32 97 48 72 28 125 126 72 87 125 25 44 124 83 44 2 80 56 80 49 14 39 19 93 3 69 83 114 28 124 86 80 63 92 39 30 27 55 15 113 81 45 117 46 71 109 110 50 40 29 98 53 44 49 34 55 35 25 108 77 73 99 33 81 56 70 18 105 40 113 125 75 83 107 90 122 83 9 41 38 64 11 99 91 21 48 125 117 124 72 16 63 102 72 8 123 70 11 88 61 54 43 52 120 102 94 78 6 52 52 45 117 5 77 62 96 2 61 11 12 65 105 107 124 30 36 122 6 77 70 50 112 108 30 76 119 7 35 72 92 75 65 33 85 34 26 2 21 125 2 93 104 6 6 24 20 82 49 90 54 53 58 99 109 4 59 102 27 69 66 56 20 89 21 59 50 17 84 39 61 91 65 4 35 61 95 38 69 12 13 8 12 4 10 102 78 83 107 33 12 35 83 63 31 47 0 44 38 30 53 55 108 109 21 113 10 98 57 115 10 53 105 122 108 29 125 16 42 105 110 65 73 51 91 67 80 48 43 59 10 77 26 70 73 1 97 93 101 58 125 48 0 19 68 54 58 20 29 2 8 59 104 94 110 122 90 24 22 1 95 105 20 26 120 26 18 60 73 3 47 66 73 30 37 104 66 98 93 14 93 32 93 28 36 100 88 16 36 20 98 22 43 125 97 80 126 18 66 15 3 114 62 106 30 116 16 112 42 118 45 78 99 37 78 110 32 22 120
2 26 26 87 124 83 75 115 4 87 18 8 70 34 35 41 119 77 101 74 66 95 28 19 111 25 87 55 8 93 113 82 103 85 93 101 72 28 35 62 86 72 44 13 110 20 91 69 24 109 118 13 29 116 23 77 67 125 72 30 66 84 36 34 15 38 53 27 63 100 87 124 55 104 76 38 12 124 122 94 66 94 58 60 74 92 74 108 96 103 40 98 5 49 93 47 41 2 66 37 28 88 104 80 50 76 58 53 105 32 1 12 5 42 114 50 62 72 76 19 69 45 7 100 110 118 85 67 31 57 94 18 93 107 79 51 115 50 15 94 79 9 29 48 71 67 118 33 103 124 22 86 125 69 61 54 86 57 92 112 103 117 77 116 24 105 25 85 19 45 112 75 29 103 104 72 69 2 52 115 74 120 5 36 62 29 125 113 50 99 86 122 91 72 20 60 14 95 94 125 89 10 81 25 5 12 55 89 51 53 64 64 119 45 73 105 83 85 120 24 91 9 24 87 21 9 100 110 93 102 105 29 20 43 87 75 119 14 15 65 76 29 93 20 27 63 122 19 4 20 16 48 110 7 85 76 14 31 124 107 117 41 57 46 52 22 77 10 35 80 48 122 52 26 82 14 60 75 64 95 96 10 66 80 82 58 61 125 36 83 7 101 44 22 6 67 65 64 5 122 71 11 118 69 35 116 69 25 13 100 106 89 84 104 125 11 7 92 2 41 119 96 114 95 19 1 41 59 66 49 18 20 53 6 101 72 37 50 54 115 113 0 109 38 99 60 61 21 93 92 67 42 48 9 15 14 31 5 28 92 111 19 14 94 125 67 24 99 72 17 15 108 114 120 25 118 59 16 10 80 32 115 69 81 55 44 83 6 83 26 2 50 67 33 84 53 42 31 50 35 70 22 28 15 98 109 52 108 36 6 94 119 112 24 84 118 32 107 97 48 7 114 95 20 37 51 87 68 44 102 65 45 64 4 6 9 91 86 38 17 125 12 122 15 107 122 42 36 102 64 42 87 60 7 73 119 55 79 21 92 9 68 27 1 31 99 121 83 121 37 23 22 49 41 23 77 34 67 36 42 80 125 120 116 61 45 106 34 64 77 38 29 17 2 87 57 98 85 79 66 121 20 64 58 30 86 118 63 96 84 27 16
26 58 10 102 70 46 33 117 22 8 82 16 9 74 83 123 76 38 2 19 112 3 1 67 31 94 77 2 74 57 93 88 0 6 72 13 87 122 37 22 33 30 40 23 61 12 99 23 60 96 22 31 33 18 94 73 23 93 0 20 54 100 35 3 117 21 75 57 119 79 99 82 33 79 14 61 122 121 28 10 41 66 121 111 16 102 24 119 30 65 77 108 106 61 100 27 55 78 42 40 66 65 43 107 126 125 33 25 60 69 64 27 72 62 46 96 16 13 45 28 107 7 48 89 43 115 117 70 23 99 5 98 109 5 39 94 81 30 65 90 47 85 11 121 64 0 50 18 53 7 56 61 99 108 121 83 6 103 42 54 87 102 96 99 93 69 91 50 52 79 94 25 35 69 20 61 98 112 79 75 19 90 114 4 107 26 52 31 5 50 101 113 13 42 125 97 60 74 37 37 91 126 16 42 74 91 112 1 12 101 7 8 12 25 81 7 25 34 53 86 66 123 31 116 25 41 112 100 66 73 106 68 83 103 78 88 73 121 121 121 117 88 59 28 84 36 12 3 95 75 61 50 69 32 98 92 90 97 120 34 113 104 80 101 103 54 116 87 113 94 71 49 6 104 97 59 36 89 115 5 35 111 50 70 6 120 17 54 83 42 115 20 63 20 13 17 111 40 68 67 118 47 65 42 96 103 46 103 45 70 26 120 123 20 45 28 26 14 121 25 79 27 38 40 126 30 114 32 112 86 2 53 64 57 96 83 50 77 76 108 11 95 87 109 6 93 95 89 16 78 77 15 93 76 31 24 97 78 52 51 96 68 58 68 34 43 115 36 98 87 25 111 123 67 116 53 78 95 121 63 70 45 109 5 96 100 72 14 95 70 97 43 112 57 107 121 65 5 11 65 72 81 48 111 8 87 72 93 75 83 8 15 41 26 92 76 13 37 46 36 83 69 63 61 112 8 61 104 121 53 106 92 100 32 83 53 108 109 53 101 21 86 87 58 119 87 98 69 51 107 71 104 40 21 54 29 116 100 113 33 116 96 36 19 70 100 68 17 17 52 110 89 98 65 115 72 45 35 58 77 114 48 54 12 115 26 25 6 19 8 38 117 57 125 105 31 38 98 32 86 65 13 106 36 121 32 9 93 84 39 6 48
40 97 50 15 85 38 89 110 55 96 106 95 57 102 102 77 82 77 101 83 22 0 42 95 82 69 46 51 101 6 76 34 56 119 126 48 70 3 15 108 5 92 76 21 117 4 14 79 81 83 77 24 38 31 31 72 30 94 42 28 98 115 116 68 5 107 81 8 48 89 11 21 118 54 69 59 97 125 91 46 100 37 24 105 112 92 101 125 85 124 9 96 32 92 120 36 78 51 54 59 6 0 29 48 47 32 112 57 26 2 29 103 84 30 67 94 77 43 93 59 115 66 23 30 32 51 119 14 41 46 24 92 36 91 65 55 111 115 9 71 54 36 110 83 50 29 100 122 81 70 97 43 45 87 74 11 119 28 108 23 109 113 15 0 12 49 62 27 35 59 79 3 105 1 101 87 28 47 55 48 9 106 23 98 11 7 120 40 37 116 64 72 38 125 22 47 84 75 53 43 48 118 64 120 33 73 24 55 90 70 58 18 20 22 98 9 92 3 61 50 125 57 90 100 79 25 27 41 85 66 79 88 35 85 116 57 106 23 23 44 96 107 99 58 99 65 62 35 104 33 29 44 54 16 13 87 15 36 24 24 46 35 79 9 27 44 42 71 71 122 81 15 80 95 113 18 9 31 106 115 97 55 84 72 44 22 46 123 83 12 60 70 39 105 45 14 116 10 111 10 47 9 34 89 4 118 125 74 123 122 74 113 66 110 35 74 16 39 90 89 3 37 3 56 21 51 115 111 34 42 106 55 98 8 5 55 31 126 81 9 119 108 106 112 47 98 46 84 87 111 124 74 77 5 62 126 55 62 28 56 81 36 3 44 56 1 98 71 39 122 77 56 57 122 29 42 32 98 70 12 93 40 33 4 36 126 84 120 27 121 49 29 115 86 120 47 77 33 11 96 47 115 17 47 11 70 76 11 57 46 64 84 110 6 96 33 10 119 58 1 64 58 59 34 65 26 112 19 81 105 94 1 84 40 34 15 57 39 72 49 92 40 35 95 76 72 7 94 72 91 108 19 51 46 72 90 29 110 47 106 57 32 51 44 0 48 19 19 55 61 88 50 12 115 52 91 73 45 106 75 31 37 67 49 102 22 76 102 41 108 38 19 82 71 42 5 75 121 107 15 40 69 0 123 73 89 36 30 115 91 9 112
80 87 23 55 28 87 80 84 40 75 108 85 125 39 10 119 80 35 7 104 122 105 53 117 121 22 112 115 98 47 118 105 116 82 117 85 46 19 72 19 28 111 53 115 73 112 74 84 102 40 30 65 103 14 85 83 86 78 111 78 66 42 80 48 108 71 77 101 75 66 60 61 101 80 16 113 25 25 71 116 7 8 112 64 8 49 25 45 64 86 59 82 93 22 0 1 94 51 122 71 38 75 7 26 37 44 38 83 48 111 13 80 6 10 109 30 106 92 43 101 6 46 35 11 36 81 31 36 89 92 122 39 93 66 126 26 117 39 25 108 102 113 75 78 87 8 11 107 107 92 5 40 8 119 61 30 77 12 69 118 22 69 42 29 59 60 4 122 99 49 100 14 26 23 39 33 76 42 113 111 1 15 106 79 95 113 85 65 55 111 22 117 93 49 5 101 42 47 51 56 118 49 18 32 126 53 43 64 25 100 72 11 76 86 57 65 113 92 24 123 62 42 55 71 4 15 6 25 31 5 56 82 119 21 0 13 28 93 102 124 103 105 93 73 16 75 57 75 5 87 29 117 111 13 54 10 38 5 13 13 24 94 95 35 19 122 88 10 99 106 114 78 111 104 26 59 7 85 70 126 24 97 42 38 54 113 42 47 59 35 55 6 38 101 67 100 21 21 92 54 117 96 68 15 14 60 16 19 88 85 15 76 41 58 2 53 43 101 119 31 83 33 63 113 3 71 126 113 91 45 76 22 73 99 121 18 124 64 102 83 67 26 10 0 41 21 30 32 124 58 88 122 41 101 22 125 107 61 76 63 113 75 8 44 19 58 104 75 114 105 97 6 58 60 83 19 38 11 4 3 90 11 104 83 11 12 11 6 81 90 68 36 31 102 31 7 21 108 98 101 82 56 101 106 82 77 25 74 83 115 123 25 71 78 21 76 109 45 25 116 93 112 63 3 121 43 2 76 117 69 80 59 21 30 11 93 76 30 33 50 29 94 69 70 47 16 8 121 91 106 80 103 34 82 22 101 25 22 9 25 17 70 14 32 103 54 43 50 29 19 11 19 56 68 29 54 77 20 42 86 97 111 115 37 21 65 109 43 86 86 38 39 73 11 46 81 125 126 33 43 103 52 24 105 72 97 5 12 52 77 99 87
126 110 79 3 122 70 12 121 112 112 103 125 80 5 106 26 30 63 125 33 80 54 68 40 100 39 34 18 86 27 123 102 96 69 20 73 105 65 101 11 122 62 6 60 17 53 3 47 61 38 98 53 44 77 105 31 18 119 4 106 82 120 5 99 35 0 126 58 12 5 58 98 108 52 14 40 126 2 86 38 126 121 46 20 37 71 68 62 37 85 13 38 2 39 126 72 9 50 31 110 102 26 104 97 33 87 62 73 110 114 24 90 25 88 37 99 108 39 23 101 11 68 27 66 61 12 113 79 10 123 9 55 96 108 20 32 36 98 42 94 92 51 14 84 53 125 55 48 87 14 117 113 78 28 47 89 111 66 14 94 83 106 107 28 85 104 120 42 101 24 90 46 45 99 75 85 20 44 120 5 48 46 40 60 95 31 96 20 108 16 9 122 52 123 38 16 5 33 88 9 87 12 0 59 77 53 32 30 84 8 75 88 90 120 50 95 14 24 94 69 122 124 54 98 76 18 26 14 9 42 109 42 9 100 103 102 8 94 111 29 107 95 47 91 64 123 69 72 111 121 35 77 6 46 21 105 112 55 125 52 105 20 123 40 84 51 65 94 61 108 38 63 98 68 104 103 108 10 27 96 126 24 82 102 28 92 0 82 27 78 92 53 104 35 52 38 91 69 7 55 15 73 99 93 32 71 24 87 68 59 65 22 77 103 34 2 19 97 76 37 66 1 30 78 35 14 105 111 121 93 63 3 1 14 66 16 14 73 116 85 0 24 52 26 114 47 4 96 11 77 76 30 11 22 105 63 70 90 53 84 72 105 51 17 99 44 99 71 5 121 120 105 33 110 68 27 79 107 111 26 102 44 119 24 30 13 35 26 70 121 50 114 120 59 59 79 97 46 114 125 36 3 9 69 105 44 91 4 90 110 45 18 56 26 4 17 54 120 55 32 2 65 122 20 112 24 64 75 112 82 65 54 23 121 30 34 54 82 27 84 52 3 7 111 89 113 51 34 118 24 36 62 87 66 69 110 4 58 94 46 80 97 3 18 15 99 63 2 7 116 120 86 34 117 47 53 3 113 3 75 106 82 48 105 25 69 87 102 114 34 93 51 40 116 38 43 37 18 118 78 76 36 6 78 86 15 77 56 114 61 45 91
36 88 116 7 121 54 111 84 52 5 125 95 98 90 101 1 49 88 52 14 87 34 108 67 44 39 48 18 19 47 123 93 90 36 0 49 3 75 113 115 71 49 56 39 0 12 116 91 87 60 121 57 47 15 7 50 113 66 95 63 66 17 2 87 87 15 49 96 23 79 31 13 85 0 81 37 63 88 99 59 100 123 83 28 24 94 102 50 90 93 11 24 84 69 9 91 126 73 69 123 4 89 117 71 122 11 98 44 52 106 78 84 126 65 0 67 57 95 61 105 95 4 81 10 126 56 70 24 52 4 86 24 67 59 54 38 88 22 58 86 52 120 27 3 70 119 26 121 31 85 80 79 65 60 39 43 14 98 110 0 58 79 101 96 92 55 113 42 6 102 81 110 86 6 33 58 125 11 111 25 35 57 72 42 28 84 18 10 111 88 73 66 35 91 114 109 29 4 123 51 6 1 76 40 28 46 66 55 10 117 16 115 123 80 50 126 60 118 66 124 64 85 109 18 10 63 126 123 90 40 70 89 110 112 23 88 4 103 83 96 12 34 78 94 1 106 103 126 95 10 29 90 60 66 8 24 3 115 75 125 26 118 121 83 23 2 97 43 90 111 30 105 108 17 38 10 119 115 54 48 85 12 86 98 49 104 32 122 120 85 125 46 115 36 79 44 53 29 34 9 21 71 82 64 17 9 46 53 121 22 111 71 117 69 58 55 74 24 71 56 37 28 0 124 121 78 66 114 78 113 87 21 78 4 115 39 66 50 102 72 4 95 40 111 14 66 23 18 33 36 109 67 50 4 105 110 82 56 15 30 85 64 63 73 49 76 0 37 26 65 74 72 108 28 9 120 110 35 27 36 103 69 115 21 62 84 24 113 80 50 62 6 0 49 81 53 54 7 72 51 31 90 14 75 48 112 101 3 110 90 61 89 48 68 83 0 60 91 113 53 72 59 31 37 66 108 35 103 57 46 37 101 34 20 30 15 15 69 79 120 48 39 39 112 67 55 4 26 47 126 83 126 84 110 126 27 45 37 41 123 87 124 55 110 31 49 94 115 79 72 114 114 66 33 57 42 47 90 120 0 120 36 64 61 123 36 92 28 98 110 27 123 56 5 14 67 53 29 0 49 17 85 50 86 55 66 34 68 63 86 107 110
45 3 94 112 75 114 5 111 60 118 23 22 98 24 113 55 73 21 69 52 1 5 81 113 124 109 5 72 45 1 21 104 68 109 67 106 10 68 4 37 118 58 46 108 52 57 114 102 33 94 65 54 24 21 55 21 44 61 14 105 2 49 47 5 21 105 24 106 65 27 99 12 57 95 53 97 4 12 65 45 25 21 105 10 75 70 0 28 115 33 0 21 123 104 3 39 59 85 119 70 24 106 53 20 36 0 40 41 31 87 60 95 73 85 40 120 66 52 97 111 83 0 78 53 58 79 16 122 64 93 111 107 22 118 70 1 79 52 75 7 121 48 14 57 78 74 78 65 62 89 86 39 13 81 6 87 90 45 45 103 126 30 31 19 1 84 92 4 45 104 76 36 110 76 38 50 30 20 80 57 63 96 108 72 8 47 40 15 55 116 15 101 0 94 12 73 25 93 109 10 80 30 11 7 90 60 116 94 68 99 51 66 115 104 70 116 45 100 108 119 126 4 41 121 84 71 2 47 15 60 58 62 124 76 5 10 48 126 68 43 2 119 97 6 124 67 111 86 104 38 46 104 69 82 73 59 98 114 109 22 80 100 26 122 16 43 100 118 119 94 46 4 87 109 42 50 64 59 62 80 32 15 43 106 121 79 91 17 92 51 41 55 13 28 89 79 111 48 88 50 62 33 87 113 120 32 103 43 4 52 112 36 24 59 33 42 109 39 109 34 85 80 117 16 7 14 24 89 57 99 54 88 14 110 84 23 91 80 105 65 20 68 71 57 47 87 120 48 47 46 5 50 11 31 69 55 20 83 54 33 69 112 72 22 98 45 77 21 42 115 84 46 8 4 100 89 105 51 122 50 22 81 80 28 83 60 0 107 121 61 56 77 24 121 20 37 39 10 57 74 87 52 22 109 80 116 12 78 29 102 39 10 76 102 59 36 61 112 93 48 4 65 126 70 9 123 23 121 36 53 123 3 98 76 109 51 69 73 21 113 68 87 0 64 68 75 16 35 9 85 98 83 62 17 26 35 16 83 0 69 31 94 20 54 56 105 68 111 65 78 96 108 5 106 121 54 109 107 85 109 19 84 17 0 91 40 0 14 105 48 62 43 61 39 95 10 38 21 40 23 26 48 40 88 45 120 118 123 23 87 3 115
112 64 110 52 18 118 107 10 62 97 29 126 38 39 37 11 35 13 21 113 56 102 1 61 40 88 20 114 95 104 54 84 12 125 125 47 44 54 31 94 102 103 93 106 18 59 125 33 75 21 93 67 67 46 9 87 92 40 110 1 68 65 66 1 74 126 9 33 83 73 27 42 120 97 14 89 87 61 34 109 73 51 27 125 97 84 90 26 18 66 79 84 57 64 76 26 32 37 56 3 54 82 121 110 120 106 49 58 56 108 79 2 123 125 53 92 86 104 126 115 4 126 96 8 35 117 34 125 75 80 42 61 80 85 39 7 35 51 73 46 104 35 5 81 26 98 69 108 111 60 76 124 17 29 41 72 87 39 95 63 6 1 47 106 47 15 27 34 105 25 106 8 56 1 17 76 35 78 40 113 68 13 97 108 57 71 0 122 22 63 23 49 94 91 9 45 2 40 57 40 38 25 88 81 56 58 80 67 27 13 25 35 71 116 4 33 25 38 124 86 83 80 64 65 24 88 29 4 96 124 98 99 57 25 62 51 92 100 44 37 64 72 0 25 23 22 54 14 67 64 0 38 45 86 39 27 22 14 28 57 42 45 40 114 23 88 24 92 92 16 32 6 114 115 4 58 91 94 102 48 72 42 8 71 1 93 20 8 106 20 3 43 16 98 16 91 2 68 40 30 22 11 92 25 65 99 69 55 6 66 114 6 67 83 12 33 23 104 104 45 72 69 40 26 79 46 87 107 49 103 69 98 113 121 45 97 36 68 89 82 9 50 87 33 114 69 68 30 51 6 35 29 95 52 74 13 19 120 123 76 28 45 42 81 73 5 58 105 92 42 21 101 125 32 38 109 31 100 108 47 109 90 124 14 69 57 2 114 20 112 73 46 54 108 109 11 38 103 109 15 0 14 32 20 69 64 7 92 93 98 44 65 46 35 4 23 30 105 44 76 47 4 93 111 118 94 125 52 26 84 125 110 66 88 117 36 35 70 72 110 126 28 69 51 47 26 5 52 66 16 107 86 124 70 4 65 31 65 79 13 40 104 24 103 77 69 82 38 47 26 44 16 83 7 61 54 125 55 35 64 105 64 31 7 80 45 35 13 17 66 87 122 40 122 20 88 0 22 20 2 100 24 17 25 9 123 10 28 110 116 46 123
109 70 108 23 0 52 69 6 53 11 2 25 25 90 101 27 11 1 121 46 95 97 118 54 73 15 96 91 25 117 82 120 12 66 43 69 83 116 107 36 81 63 62 53 10 110 66 73 91 16 77 43 104 97 72 14 43 53 60 45 105 57 90 85 21 49 85 97 96 72 19 75 77 5 101 22 13 3 71 71 19 2 44 12 46 69 10 70 63 14 29 94 2 109 8 115 82 37 35 72 37 91 50 114 125 64 25 119 48 67 59 108 23 33 2 68 79 29 8 65 9 103 113 87 55 48 38 58 72 119 1 55 22 89 88 69 18 107 1 35 91 81 77 9 84 33 17 105 14 34 109 38 111 66 93 17 92 108 26 48 107 90 39 76 94 44 8 111 5 3 115 117 64 86 12 95 111 7 72 63 81 94 113 39 116 22 70 105 95 74 96 79 112 63 55 125 79 100 84 110 26 33 33 19 113 50 89 85 24 64 75 24 48 10 65 7 119 110 38 63 49 94 44 108 0 84 66 26 63 64 8 72 116 62 69 95 101 91 89 19 123 61 70 112 76 8 95 14 115 37 77 90 91 52 19 109 75 66 7 75 37 99 89 76 45 41 69 77 95 118 50 66 98 29 113 17 86 43 13 107 102 101 45 38 63 75 77 51 118 103 53 116 26 50 106 108 10 26 119 120 8 33 119 37 124 14 49 6 43 91 35 93 21 81 87 106 75 126 72 25 108 46 104 56 80 110 32 104 76 39 18 79 35 84 87 34 92 95 113 76 43 46 37 2 120 66 24 120 62 11 19 20 114 59 9 97 39 14 76 111 53 79 16 35 2 14 96 83 37 115 87 1 124 65 81 100 85 93 68 64 35 79 6 87 28 7 52 123 109 13 89 15 66 49 28 22 0 61 44 101 105 58 105 14 60 67 36 50 96 24 102 52 88 2 32 1 37 120 98 37 94 26 26 72 96 9 45 96 23 53 117 6 32 102 27 11 40 8 36 100 90 24 106 32 66 108 119 82 86 120 73 98 88 59 39 55 94 76 122 101 97 30 26 46 83 58 118 56 107 113 102 112 115 112 125 126 16 112 56 104 98 62 111 12 44 106 52 102 99 20 80 26 88 15 117 68 68 11 107 79 59 77 42 96 114 21 75 86 22 121 96 93
96 73 85 22 25 85 89 25 60 59 67 2 84 105 122 11 23 101 70 85 104 75 31 121 120 87 90 11 115 25 16 84 47 106 118 105 13 74 62 42 29 57 19 121 53 19 84 123 61 80 7 58 91 6 124 103 115 126 100 100 52 4 21 108 93 5 120 72 97 47 98 95 93 100 14 69 104 64 7 5 31 100 1 111 72 100 110 106 1 65 64 54 46 34 3 26 3 110 124 98 57 69 32 59 27 115 10 6 72 19 27 99 44 108 75 56 42 63 48 41 73 22 66 94 85 118 78 11 40 105 41 66 86 60 81 126 115 115 111 89 7 57 38 83 76 90 20 75 4 1 79 80 113 124 124 91 3 83 125 14 58 46 105 68 81 35 62 69 68 56 31 9 73 25 74 105 105 84 58 122 117 123 48 32 99 123 4 126 35 35 89 4 105 14 110 62 57 94 7 108 27 29 62 88 104 31 88 2 15 1 61 20 48 74 82 45 125 81 81 74 39 42 28 2 107 56 90 86 117 4 51 48 119 80 107 11 84 34 47 95 21 49 85 121 17 10 43 24 2 70 102 74 41 22 82 8 100 115 117 108 117 33 4 81 9 55 5 14 48 108 58 124 60 3 27 45 44 17 71 86 11 15 28 72 20 121 78 109 4 11 71 26 26 116 98 89 84 18 31 70 23 18 97 49 39 96 104 113 113 76 86 7 22 12 12 8 99 75 84 30 69 118 85 98 21 23 11 2 120 101 58 27 79 76 61 74 92 8 80 97 122 62 112 64 73 100 82 113 91 39 50 30 42 30 65 111 41 65 11 99 10 47 8 89 85 10 116 88 63 83 39 77 89 12 100 84 8 86 41 118 115 119 21 116 76 104 6 117 69 12 69 21 52 80 84 88 55 100 54 32 29 115 6 14 10 110 20 24 74 14 65 118 94 22 62 35 51 24 82 22 83 26 65 111 37 105 19 110 22 77 81 36 57 66 98 81 22 3 120 87 42 80 44 84 88 48 51 103 46 73 86 25 48 36 106 68 78 112 114 73 1 71 6 20 8 20 58 111 59 29 11 113 27 28 113 117 105 104 74 1 55 117 23 96 4 50 36 21 118 43 109 44 20 72 93 46 93 124 99 121 71 1 90 104 34 13 58 18 111 92 119 56
89 82 0 94 114 20 56 58 3 90 77 117 63 80 90 96 123 7 60 47 94 41 108 116 100 17 68 76 111 71 18 61 56 19 102 55 15 61 83 39 33 55 117 7 20 115 38 27 73 39 63 92 124 102 86 55 106 6 107 40 80 5 83 93 119 97 44 46 105 14 101 119 42 6 93 4 18 87 108 112 97 77 53 81 113 102 99 36 96 39 90 7 23 54 30 52 35 39 21 108 74 18 109 28 100 107 109 28 80 16 112 115 17 77 58 124 20 77 77 117 73 38 74 28 46 114 104 74 78 118 93 45 70 8 126 112 32 33 69 83 92 119 74 102 39 94 13 86 104 36 75 105 94 90 60 38 39 33 94 18 49 45 1 87 71 59 22 80 89 64 120 17 36 122 81 45 68 78 79 111 92 95 12 69 4 20 7 63 68 15 13 110 31 31 84 24 80 17 14 109 47 18 55 14 13 112 80 54 33 108 87 110 47 87 51 105 90 93 117 73 88 70 102 58 56 67 107 66 2 10 13 85 85 114 89 29 71 68 49 43 3 38 40 7 54 12 27 101 120 107 27 113 56 48 96 124 58 30 61 41 110 20 26 66 76 13 23 10 50 29 98 100 29 98 15 59 91 50 86 59 90 43 16 70 33 91 101 53 69 26 36 82 45 110 88 24 17 45 43 7 44 97 80 77 21 71 6 0 1 60 68 48 28 81 1 49 72 4 25 66 72 11 57 54 121 82 14 83 100 105 91 82 53 116 52 14 89 27 40 81 112 54 14 62 96 98 0 102 68 35 4 1 58 89 73 51 60 86 113 94 3 90 71 48 26 16 89 93 89 89 0 24 95 117 78 111 39 112 106 9 39 72 39 12 89 55 103 55 124 97 124 81 54 117 126 104 102 84 42 102 103 78 28 79 4 96 8 52 21 92 87 43 21 121 28 67 115 47 102 36 20 15 81 6 105 122 12 47 39 53 119 30 36 8 56 32 0 101 44 25 53 75 18 74 111 76 50 74 30 69 35 44 113 61 103 110 26 25 51 66 92 42 55 4 116 126 89 124 17 115 92 50 34 74 33 58 29 23 14 54 41 105 110 69 34 24 58 106 109 78 68 65 40 12 61 5 87 73 34 118 48 48 107 65 102 59 94 118 46 87 63 90
90 126 36 8 66 98 97 114 85 4 11 73 9 92 119 32 105 77 126 36 56 15 123 118 13 51 55 102 45 42 16 35 105 119 41 24 101 34 56 0 114 80 29 107 17 56 93 77 95 27 62 77 53 49 50 104 44 23 71 60 123 86 91 2 97 15 50 56 96 103 95 75 56 35 83 19 109 88 15 47 15 95 101 93 79 22 26 12 78 35 37 97 98 37 123 15 111 92 60 27 50 9 72 6 20 42 84 106 66 35 104 44 72 10 16 93 74 7 12 45 61 37 69 94 0 84 8 111 61 107 29 21 35 102 57 31 55 82 56 59 43 62 70 17 104 1 83 41 101 73 81 87 39 126 24 12 31 55 64 11 116 92 99 28 124 59 89 38 70 87 22 15 47 88 60 2 98 79 97 108 101 43 64 125 110 51 10 79 9 4 5 88 105 73 22 102 23 41 117 111 62 42 64 71 27 115 112 46 57 61 105 123 100 59 4 47 24 79 110 85 10 52 123 45 77 56 12 101 117 116 111 98 6 25 69 114 66 102 78 93 0 113 6 106 45 95 22 5 15 27 65 0 57 95 20 6 63 100 93 90 55 100 24 112 1 110 119 30 41 21 5 78 77 76 17 82 121 85 51 2 26 115 87 77 101 30 34 21 18 17 77 34 17 39 72 113 94 112 2 54 75 120 4 42 2 83 10 76 65 124 6 8 45 97 68 99 22 66 57 25 28 29 52 51 45 90 25 109 72 31 28 34 100 7 76 119 47 64 124 29 25 80 118 4 84 39 0 1 58 77 22 57 125 6 42 55 5 26 60 23 122 35 44 109 114 18 121 15 68 96 34 120 97 118 74 118 86 29 95 38 59 87 85 7 120 112 0 123 13 95 114 88 52 55 120 79 97 93 0 93 2 92 97 105 123 63 107 63 6 126 32 123 40 88 47 47 104 41 83 13 74 93 118 37 15 14 79 58 31 40 8 8 51 69 77 0 9 47 112 33 3 102 125 79 40 17 30 3 99 78 112 67 82 12 63 12 71 9 78 51 101 29 51 75 17 102 23 86 82 13 34 28 27 91 65 17 123 76 56 119 16 37 97 65 110 122 26 121 41 59 16 78 88 79 20 101 104 25 109 115 68 110 86 86 124 30 115 121 58 10 68 45
97 85 116 118 108 31 25 69 4 114 16 18 32 113 11 85 89 115 101 62 32 55 8 40 56 34 18 77 6 66 122 63 28 6 106 125 63 46 102 113 125 12 102 125 68 51 99 27 84 41 4 99 89 106 5 56 95 125 4 111 49 24 0 69 18 69 15 30 4 73 15 44 33 47 109 31 73 31 85 44 78 8 61 99 52 1 91 86 34 58 37 105 109 22 4 85 15 48 3 61 108 91 95 65 2 6 70 10 18 46 9 91 11 64 105 68 120 10 15 57 105 50 37 35 59 73 76 63 29 28 115 25 1 26 39 55 84 87 25 26 75 17 50 25 71 115 114 92 14 2 80 12 34 60 11 22 84 25 58 21 51 92 15 114 16 27 89 17 26 94 111 32 47 101 31 72 53 79 71 17 18 106 31 117 96 25 64 75 20 53 57 121 90 22 89 122 51 16 29 79 84 105 21 116 123 105 70 67 71 5 4 88 87 47 107 71 56 124 106 0 98 2 59 13 61 28 19 46 7 58 22 65 42 49 33 104 17 1 82 95 96 111 95 15 82 107 22 39 28 122 20 49 85 2 54 54 22 65 20 123 48 78 18 3 18 44 37 83 57 47 40 32 107 7 1 78 49 90 86 119 15 76 91 119 97 121 52 99 104 53 63 83 79 83 69 47 122 122 96 107 112 117 57 69 72 8 33 111 9 91 83 104 85 63 42 110 18 54 110 57 95 8 125 107 110 90 49 64 36 38 107 26 94 78 29 9 18 123 57 96 57 66 22 93 55 94 65 66 67 112 13 25 1 56 99 21 19 77 67 34 31 22 115 107 121 60 116 40 64 4 72 61 23 99 38 72 33 27 71 24 23 93 53 85 74 39 87 87 48 90 0 40 116 52 116 74 35 0 69 47 30 8 3 15 118 104 18 118 64 67 1 113 15 30 66 46 32 84 22 124 100 35 22 25 102 46 29 114 88 11 106 86 77 65 83 102 71 54 98 7 74 66 56 18 71 78 50 34 57 100 2 51 34 100 89 126 10 32 123 24 91 5 3 5 72 63 118 111 107 80 9 78 78 69 73 115 31 56 51 84 119 75 39 122 23 123 53 124 11 71 8 11 39 57 29 113 22 66 77 38 50 26 27 91 97 48 48 59 23 106 29 101
40 50 36 15 81 92 117 34 22 118 59 15 9 63 36 57 65 1 78 88 120 9 73 90 118 60 122 18 12 101 53 82 15 111 82 103 64 122 24 59 1 96 59 110 12 120 22 42 52 84 50 45 106 92 66 63 112 92 87 118 21 47 95 25 96 89 75 65 18 28 94 102 1 2 66 87 36 118 37 67 43 98 9 33 119 5 4 19 72 9 55 93 126 117 42 77 21 11 106 19 83 109 18 96 63 33 8 91 93 34 120 77 90 77 48 46 80 118 63 101 89 49 33 59 39 33 125 125 101 125 57 124 1 16 32 112 94 68 4 57 90 117 27 17 70 103 37 37 126 43 32 18 23 68 115 6 17 79 83 60 125 19 23 47 67 13 93 26 32 100 26 117 107 1 104 3 72 125 38 115 96 78 65 64 11 29 32 109 68 4 80 98 121 45 62 24 74 48 58 50 40 97 89 59 93 64 124 62 20 14 82 86 112 107 101 3 40 69 92 109 13 76 109 108 89 95 67 40 5 34 61 66 19 53 125 29 99 65 35 43 96 79 86 35 55 99 124 56 119 8 82 55 55 118 105 121 43 96 80 7 58 65 78 7 79 3 101 125 95 32 90 25 124 63 57 49 52 121 80 56 68 88 15 37 97 25 17 34 76 110 59 76 66 59 108 90 124 79 16 62 71 34 40 105 99 29 109 124 14 45 24 125 69 59 23 66 95 58 15 68 73 36 35 8 12 51 38 80 8 11 79 39 105 122 81 80 109 97 116 119 89 24 37 78 115 92 111 89 90 22 5 57 77 1 64 4 30 59 33 89 58 16 61 22 57 38 33 15 55 96 9 35 76 96 124 104 6 125 48 104 81 59 61 104 100 104 79 15 115 125 105 107 86 101 59 51 31 95 47 46 62 3 15 99 26 14 28 2 10 90 121 89 79 2 65 118 71 28 68 25 16 56 42 63 28 14 103 57 96 101 36 71 34 20 31 110 32 125 85 52 50 74 87 73 77 28 11 51 69 103 100 40 54 23 83 93 87 83 100 102 55 14 92 46 6 48 112 28 36 7 73 40 85 91 103 30 35 86 96 11 60 37 24 104 82 25 56 38 4 84 14 80 92 15 79 60 43 52 12 37 67 79 56 114 35 25 56 71 115 33 107 90
52 52 72 44 17 113 96 35 81 53 13 64 121 72 31 85 74 90 125 56 81 7 28 93 65 9 107 59 32 69 51 48 100 115 93 7 52 97 21 55 102 125 46 108 116 20 104 89 41 45 102 46 93 121 100 125 96 7 22 55 13 23 96 78 3 13 63 20 15 84 25 3 53 73 120 118 90 121 117 119 87 19 107 101 47 87 43 29 12 16 14 37 77 51 60 33 1 20 11 85 48 32 58 32 43 53 38 58 97 109 15 9 5 97 84 52 45 44 40 115 122 33 117 41 103 35 40 123 117 25 12 101 111 32 44 18 57 116 8 43 9 110 33 9 125 66 62 92 72 118 75 119 19 19 112 93 80 112 51 124 123 101 86 6 12 96 13 26 100 110 23 19 92 113 61 42 55 87 91 29 4 6 29 19 28 99 5 123 54 43 102 42 78 28 61 56 27 9 123 64 9 56 42 58 94 64 59 29 107 71 112 121 25 27 6 1 97 86 93 7 22 114 41 63 32 86 123 69 30 49 109 33 125 71 52 58 46 98 108 59 4 124 8 27 19 69 26 101 104 114 92 105 37 110 22 8 12 27 35 55 84 59 46 122 125 78 25 77 48 36 114 23 109 118 2 109 56 32 112 90 46 126 103 107 28 32 95 9 93 93 63 92 95 107 89 69 88 46 52 35 64 20 19 107 29 100 84 118 75 48 80 89 0 91 49 44 3 105 84 72 109 65 121 46 109 4 81 115 12 54 80 95 73 93 96 20 23 3 98 91 8 104 109 80 104 18 81 15 96 125 57 36 120 108 63 50 11 117 96 101 107 68 86 20 88 109 79 60 5 60 75 3 17 82 60 119 124 105 56 81 65 49 58 63 30 51 119 121 69 94 109 124 121 108 120 113 14 73 79 31 88 82 42 71 29 52 120 19 109 39 5 8 109 83 36 27 29 102 14 101 70 114 77 39 39 81 111 94 104 106 105 67 50 65 84 30 13 116 90 109 19 37 93 48 8 124 118 89 108 33 3 71 27 22 28 76 115 56 7 67 10 36 95 15 76 70 73 60 5 20 64 52 59 26 47 54 125 95 14 82 43 67 63 30 50 72 90 116 81 114 126 73 123 93 51 77 5 52 110 113 77 108 80 45 76 42 49 104 12 8 112 64
126 62 104 119 89 110 52 99 65 69 85 89 47 13 85 8 88 114 27 9 26 95 113 9 25 103 60 76 10 122 77 79 36 69 99 16 83 123 56 72 76 17 120 96 14 48 42 93 126 103 93 14 59 11 59 23 106 50 10 16 62 111 62 88 76 28 110 3 17 106 89 69 106 40 123 29 15 86 43 15 46 3 26 92 41 120 75 75 35 86 73 65 41 94 34 58 94 55 87 125 15 90 98 73 0 92 56 126 11 48 13 81 91 83 60 76 22 76 93 93 5 62 43 119 97 19 42 106 47 117 59 26 85 117 101 71 50 112 14 38 13 19 60 26 48 53 90 42 51 124 113 17 70 12 125 52 38 112 34 43 109 93 111 115 37 103 27 41 38 57 15 95 104 20 99 94 77 26 82 45 7 111 98 19 48 60 6 84 16 73 7 93 52 34 97 1 116 26 11 22 83 1 57 101 53 92 40 80 34 122 99 36 4 69 108 49 6 117 98 63 123 24 2 2 101 51 52 98 33 58 33 88 124 6 15 114 49 1 69 28 17 41 85 54 9 23 70 66 87 36 96 71 85 20 1 58 28 114 121 96 24 73 23 60 115 83 37 57 6 77 42 55 126 51 67 57 83 33 107 10 25 87 87 102 25 14 38 97 109 45 88 78 14 7 99 46 44 82 20 1 97 92 58 0 54 26 80 54 51 112 107 37 21 115 109 117 55 105 18 81 51 49 60 25 103 69 14 90 76 110 100 27 49 52 110 105 107 49 126 0 95 120 85 11 19 60 35 16 81 85 19 43 40 30 61 45 17 19 81 99 37 91 99 89 48 62 36 104 45 19 58 76 35 40 123 12 4 12 121 49 31 5 59 60 111 56 82 74 32 51 1 107 82 106 28 100 110 84 55 122 36 26 53 1 28 56 51 67 104 53 94 106 32 22 0 40 14 19 66 16 74 84 76 79 1 110 92 111 24 3 86 90 18 64 44 103 34 88 116 57 85 78 80 115 24 11 74 125 71 84 23 34 117 65 67 32 87 15 7 51 126 49 65 74 16 33 100 97 118 56 121 38 19 48 39 54 121 96 71 11 36 15 12 64 15 23 15 74 44 22 90 17 111 27 52 2 40 98 86 15 70 19 107 92 88 47 119 112 108 104 100 62
44 66 52 117 51 100 91 79 76 16 95 48 118 95 66 24 88 40 122 73 83 21 70 56 122 33 76 38 9 120 110 121 22 17 120 111 76 62 55 94 44 28 50 74 64 102 25 93 9 53 69 67 67 120 105 95 66 27 125 21 92 59 70 15 66 29 94 6 28 109 84 85 69 94 75 4 117 19 109 22 91 69 54 32 45 83 119 29 61 24 17 6 40 10 92 103 92 66 52 60 76 86 77 28 122 95 29 95 64 95 42 120 80 120 19 93 123 93 49 120 7 10 49 104 47 45 117 36 113 69 16 67 32 125 8 113 12 123 118 31 123 84 33 46 39 86 15 1 4 53 0 65 67 115 73 19 52 126 52 21 108 47 75 123 74 28 113 46 41 69 103 101 31 112 26 95 34 79 33 105 10 94 110 35 86 24 29 46 40 17 99 69 119 13 87 70 30 25 103 38 4 75 92 17 78 3 36 71 98 24 26 96 124 124 1 68 64 20 104 70 80 109 112 121 66 49 2 98 50 108 87 91 14 25 67 108 72 119 10 72 71 11 79 14 100 95 15 111 26 39 75 99 33 92 81 7 64 65 125 6 116 60 52 46 118 36 115 3 122 16 33 126 70 14 3 63 39 81 106 73 55 91 33 114 125 57 125 20 95 57 2 65 41 83 113 33 31 67 100 44 16 117 26 60 96 41 15 48 120 113 39 59 113 62 48 60 17 82 77 32 122 2 34 106 123 35 60 69 77 113 112 36 82 0 92 80 61 107 121 120 3 108 115 5 24 83 20 101 32 57 94 36 122 112 67 114 79 52 24 62 94 35 12 46 18 119 48 71 107 113 0 116 62 121 123 6 82 91 121 23 47 54 77 57 23 27 108 1 28 113 103 45 116 14 86 124 126 18 112 122 75 67 29 48 85 119 107 123 68 117 122 106 58 29 58 119 114 70 82 7 92 120 60 34 6 54 4 18 5 46 5 115 119 71 109 9 80 44 27 115 107 7 44 54 91 10 95 0 101 109 122 49 41 110 4 45 52 58 109 23 88 28 72 119 28 11 36 91 84 40 100 98 96 55 63 62 88 98 66 3 72 53 121 65 86 18 51 69 27 12 45 18 88 5 123 120 86 99 15 42 87 94 94 57 26 53 107 55 30 39 65 15
104 116 18 27 75 124 4 99 47 16 33 5 106 24 56 96 2 89 42 80 114 14 43 102 36 77 48 32 92 21 14 78 105 24 77 29 101 77 97 54 34 34 14 120 71 37 114 63 1 6 42 36 9 126 35 27 74 98 88 92 11 53 101 69 21 61 7 53 112 102 55 72 34 54 82 18 115 0 79 43 4 113 31 108 97 19 73 73 115 109 15 57 46 40 22 57 35 92 109 2 118 43 20 52 11 61 95 13 101 77 80 49 8 119 72 124 52 58 101 66 78 39 71 112 61 96 99 94 20 64 40 73 98 78 12 24 46 27 86 77 100 89 7 36 39 105 82 37 67 46 45 94 95 98 115 6 88 111 76 102 10 10 71 31 36 67 28 72 91 0 47 47 16 23 107 74 99 22 100 65 99 97 57 5 60 116 45 83 103 60 85 110 13 120 23 58 42 49 98 86 85 98 76 24 84 107 9 28 41 3 18 42 48 112 27 35 40 93 99 60 97 15 14 81 38 57 76 90 3 69 92 46 103 10 30 46 37 101 91 13 109 91 72 39 88 96 119 55 60 17 23 12 125 84 92 70 124 121 54 28 58 92 80 73 15 65 56 36 108 53 95 21 48 75 54 19 114 106 13 49 111 19 115 69 20 119 3 52 69 41 45 75 49 49 87 106 92 8 89 8 25 125 102 90 11 107 95 81 60 26 74 126 11 0 93 25 81 14 38 19 57 16 101 51 81 22 81 114 3 123 102 124 81 110 126 40 126 38 51 111 58 10 53 116 33 57 48 69 108 51 82 125 12 6 62 72 80 26 86 126 22 118 100 81 75 65 56 94 4 84 77 113 126 117 119 21 60 69 90 117 4 56 72 92 54 106 115 91 18 43 95 15 45 61 42 3 24 1 80 100 114 7 67 65 116 21 121 91 100 98 110 8 63 40 97 66 122 81 22 54 5 18 1 90 65 80 52 4 60 20 126 96 18 57 97 117 83 99 77 98 87 49 22 53 45 20 126 58 44 107 43 77 60 52 93 39 87 13 60 39 13 26 19 115 67 126 90 63 61 28 91 124 89 17 39 44 86 31 41 32 113 124 114 50 68 46 60 94 116 38 94 115 124 4 126 84 120 110 35 31 1 12 28 8 70 112 120 53 15 2 81 71
120 22 84 22 66 118 93 53 22 60 28 100 91 48 4 6 12 48 52 105 10 39 80 97 118 43 126 54 112 0 6 60 77 74 83 21 100 38 23 27 49 42 5 126 23 32 68 82 43 110 35 106 98 9 70 61 46 31 9 100 108 74 34 50 80 31 60 23 72 43 59 103 78 52 35 4 103 24 53 121 87 96 9 40 33 13 92 58 121 3 25 93 48 78 63 77 68 40 82 4 125 31 106 12 46 105 58 79 92 26 66 84 18 121 106 29 75 56 94 29 99 75 5 124 94 112 101 107 48 25 91 116 22 25 104 90 54 24 62 118 95 22 56 69 98 87 6 31 97 2 44 78 61 53 105 109 8 30 18 30 78 24 40 50 44 63 26 14 84 20 61 116 125 34 54 4 71 51 46 46 17 50 66 102 67 68 21 8 57 22 107 79 116 82 69 81 67 44 24 9 11 27 4 33 53 78 30 33 26 102 34 117 74 9 38 114 27 42 109 53 69 119 65 46 77 96 75 44 24 30 40 10 126 107 45 106 102 86 31 105 118 53 99 91 123 74 115 56 105 24 66 7 46 62 70 67 67 88 101 24 61 13 90 84 71 59 119 29 126 88 9 13 73 2 65 24 80 5 47 34 65 115 51 53 39 23 12 104 47 64 99 68 3 35 102 97 49 20 87 70 15 91 36 108 43 69 37 24 18 11 112 123 114 111 50 116 4 40 101 86 21 5 119 28 52 15 83 73 88 89 98 84 14 36 86 88 35 105 110 16 65 102 83 44 126 124 26 89 43 60 48 0 122 118 42 116 60 7 78 0 88 116 78 45 9 50 13 84 31 87 50 45 30 42 122 22 18 100 89 79 24 11 77 112 83 74 115 30 0 15 24 17 103 24 76 73 45 8 17 33 69 66 8 53 102 65 108 76 110 22 46 74 64 28 32 62 94 105 29 46 46 11 116 119 24 62 48 69 38 80 7 21 37 97 37 71 84 3 10 4 0 65 67 89 50 46 5 33 55 14 124 40 116 36 97 21 74 15 3 72 39 50 48 63 57 115 62 56 65 12 74 34 124 5 36 47 22 90 27 114 96 18 112 87 101 20 75 104 126 64 33 117 42 64 22 75 114 17 93 113 7 57 58 102 49 46 28 87 63 124 51 122
78 125 95 111 39 82 84 109 27 111 86 93 56 64 92 103 58 33 1 78 47 73 8 106 84 30 45 41 19 40 54 65 101 65 41 31 122 39 93 116 16 16 100 65 45 29 42 47 99 96 48 78 45 13 74 115 5 113 23 25 5 27 49 119 25 34 12 115 18 39 103 85 75 126 49 76 39 74 29 6 53 31 7 61 80 116 119 82 62 21 59 126 82 32 94 52 40 32 124 54 123 22 38 99 14 105 93 37 99 6 68 31 62 87 55 86 112 50 94 71 26 56 63 106 52 125 6 14 45 92 64 7 119 91 94 38 27 123 53 40 97 18 26 27 82 102 11 11 96 112 91 63 119 76 28 93 33 50 116 44 69 12 39 118 31 48 100 21 9 23 100 60 35 25 3 114 9 110 67 62 111 62 119 16 122 29 98 76 63 28 122 68 70 115 117 15 23 31 4 42 82 42 31 106 108 116 89 101 78 119 65 34 50 70 33 33 17 45 23 6 18 32 15 20 72 73 110 16 31 94 69 104 103 105 65 69 44 123 110 71 59 4 77 11 103 4 58 26 54 77 109 100 125 118 46 122 118 43 33 63 89 17 87 16 67 89 38 2 122 98 82 53 57 2 109 86 30 57 116 12 60 55 59 65 27 46 15 5 1 106 121 88 45 56 19 66 81 8 102 48 73 12 63 99 2 117 11 59 76 3 22 108 38 9 33 54 88 122 89 33 37 80 42 120 73 9 4 89 109 30 52 46 75 125 37 13 8 68 30 62 22 49 15 25 99 110 1 73 41 107 82 63 106 33 92 56 86 52 93 122 119 35 47 62 80 21 121 43 82 50 103 12 35 32 118 10 65 31 28 2 48 38 106 0 113 96 72 107 105 100 44 41 64 77 79 118 89 18 29 35 45 39 99 69 40 43 114 121 18 34 1 32 74 47 12 89 16 57 104 89 58 78 11 39 62 74 71 114 30 60 48 24 97 96 66 48 44 9 111 20 40 94 124 106 102 126 20 95 68 7 59 17 103 64 84 101 85 119 57 113 84 99 113 88 2 107 48 112 36 17 47 80 40 83 124 86 12 60 24 36 22 14 66 124 109 119 25 34 109 19 74 7 7 81 121 87 51 59 50 81 15 91 99 113 67 15 63 2 80 9 65 51
0 70 98 126 12 122 8 121 25 79 67 73 125 4 102 12 12 71 102 67 83 89 16 58 31 10 101 6 109 25 126 14 3 40 73 80 76 22 22 98 115 70 41 2 77 3 69 36 120 103 110 123 78 123 2 108 31 16 91 18 121 33 8 15 5 122 117 59 13 85 124 63 0 89 56 113 60 24 7 122 99 39 74 26 67 17 117 110 8 72 108 31 6 72 107 9 3 122 13 57 7 72 52 115 71 73 12 18 88 73 9 74 26 31 79 104 10 10 112 108 31 76 71 96 117 24 54 102 97 66 123 66 105 84 14 69 85 88 92 35 51 119 71 126 6 53 54 109 35 55 88 113 113 52 93 111 117 27 123 38 6 19 38 98 101 16 126 125 112 56 27 32 83 85 53 67 12 18 79 59 8 71 117 13 45 64 67 32 12 56 8 88 115 83 37 41 78 92 86 10 76 98 125 118 112 108 107 40 60 90 16 3 33 116 62 7 101 38 13 97 39 31 124 29 68 13 63 80 95 66 53 73 79 59 11 96 48 60 11 59 27 52 57 108 104 74 19 96 50 39 100 47 9 2 102 84 106 115 6 47 55 57 29 86 26 45 37 16 99 29 59 42 50 0 118 28 73 104 71 92 13 53 106 36 15 47 24 48 14 123 100 81 81 59 3 104 102 8 99 89 18 50 110 100 64 84 50 5 52 118 53 70 78 124 97 37 126 114 113 19 2 112 7 124 40 6 44 69 41 83 13 6 15 89 56 88 61 100 54 92 3 113 5 67 46 113 11 91 24 16 5 36 59 74 77 48 60 2 72 79 101 26 21 47 103 71 41 62 108 95 20 5 80 90 101 63 92 23 57 124 65 124 56 18 64 57 58 6 61 114 57 87 101 111 25 74 49 47 80 98 26 39 89 16 8 81 109 5 74 98 92 21 103 63 90 104 112 72 2 13 99 17 63 39 58 97 46 114 7 40 88 43 81 37 21 83 117 77 98 39 109 93 51 82 81 124 24 27 29 28 40 85 96 27 91 48 125 102 86 48 116 65 4 6 23 34 56 94 12 16 111 17 101 84 82 51 103 91 69 74 51 114 114 17 99 104 49 34 108 61 85 30 87 51 19 99 51 110 68 53 117 97 81 94 76 81 10 33 98 79 85 43
5 60 89 117 80 64 16 69 110 43 104 108 98 59 76 55 101 46 106 47 98 8 97 6 87 123 109 5 10 38 60 97 48 81 122 26 116 64 19 49 86 16 54 29 52 8 42 81 98 14 27 80 69 68 69 74 9 67 18 87 40 32 18 37 70 64 60 63 3 9 53 59 5 66 57 1 119 45 49 23 89 97 52 103 19 101 110 43 123 1 121 15 51 64 10 110 113 48 32 12 78 72 56 49 65 103 114 91 65 104 46 0 52 110 58 112 78 11 7 126 9 100 13 122 32 2 89 67 104 45 17 98 63 43 109 90 29 66 77 42 36 24 11 98 53 90 90 98 17 76 59 98 4 42 18 77 98 115 118 95 119 29 107 33 42 123 67 26 0 53 109 65 79 123 37 16 73 124 120 117 92 72 94 27 92 87 125 12 93 15 109 112 52 122 66 114 46 49 41 49 70 25 2 104 56 109 90 32 66 37 11 1 68 85 107 105 80 2 41 119 21 37 36 53 111 45 82 90 12 117 72 108 36 51 43 62 31 99 66 53 113 72 117 24 45 122 113 72 89 15 6 33 45 82 0 116 65 116 25 79 114 11 30 120 69 32 102 75 6 68 34 20 94 10 97 99 10 22 101 47 111 88 66 38 64 119 54 59 55 72 55 88 121 56 34 102 80 64 31 102 30 120 108 36 48 57 3 29 0 44 7 22 61 69 57 8 35 50 34 13 78 32 47 117 74 86 56 123 111 29 38 13 54 28 121 8 57 23 71 77 120 47 30 100 76 87 75 102 126 111 78 111 9 89 68 47 70 125 101 106 21 17 41 46 70 33 105 18 82 56 20 49 111 28 98 35 67 36 13 100 56 37 26 44 91 91 120 14 3 87 31 53 88 119 82 61 122 100 121 39 59 63 125 79 114 33 86 101 59 105 28 3 18 2 34 124 109 75 58 89 61 105 95 111 102 11 58 29 99 93 21 56 115 43 40 101 53 45 20 89 103 111 9 90 82 1 95 42 105 66 71 20 3 67 108 35 25 50 68 105 34 32 113 79 62 33 101 124 16 123 32 79 13 107 28 77 76 55 56 118 50 57 83 6 111 29 72 90 27 100 53 39 18 21 21 104 41 121 106 34 12 47 113 10 12 24 57 109 121 46 5 89
33 12 97 52 43 55 83 47 22 56 24 31 26 11 33 4 81 73 96 48 69 21 100 81 59 109 73 50 99 111 10 3 60 17 20 48 60 66 81 71 90 58 17 114 22 95 33 8 67 80 99 24 67 6 110 84 58 84 110 23 113 11 42 88 58 59 108 13 103 94 33 58 63 64 120 85 9 69 102 49 0 94 63 9 68 115 64 73 83 123 65 45 24 25 61 121 123 78 5 19 29 107 104 90 73 109 117 72 11 101 63 56 8 55 32 83 4 112 84 20 29 53 31 8 121 60 90 35 63 9 126 83 79 121 23 81 54 60 33 19 90 30 3 125 14 111 94 83 67 31 74 95 46 39 25 43 15 120 10 0 106 85 24 17 17 82 75 73 70 65 102 123 18 51 55 124 112 110 90 122 92 19 85 118 70 110 50 12 118 75 91 87 41 18 45 27 24 103 67 6 60 28 40 32 90 5 25 45 72 35 83 87 9 105 11 88 73 64 75 5 106 3 84 43 1 94 99 108 52 11 94 14 62 117 12 111 113 75 0 48 77 69 52 20 118 28 64 8 34 26 89 18 95 20 97 93 7 47 111 114 20 96 68 11 100 24 68 11 84 67 77 55 100 8 99 2 87 66 52 60 88 73 41 81 70 15 41 42 94 114 63 126 90 42 35 99 13 44 113 58 115 90 4 15 7 49 18 38 81 14 46 74 48 54 73 4 94 41 30 92 45 104 38 83 53 2 36 92 124 110 35 64 28 121 18 67 58 29 84 83 103 58 85 18 84 125 106 58 34 69 122 105 7 10 101 97 13 50 54 98 20 77 87 85 88 57 34 74 104 71 25 22 65 115 78 0 65 53 110 102 123 6 87 35 118 13 31 92 126 25 70 116 85 70 125 110 13 74 104 37 54 108 30 35 37 24 38 73 65 17 94 93 78 61 4 67 106 73 10 16 78 13 60 85 29 112 112 118 11 21 84 88 84 108 6 67 47 108 63 69 10 114 95 63 47 42 84 36 44 72 54 18 17 42 90 29 40 64 49 10 48 67 0 82 3 99 43 55 46 122 74 100 6 51 88 25 67 70 88 21 38 76 90 53 86 28 23 55 4 11 78 69 79 106 81 31 90 89 31 86 104 75 72 110 0 64 83 12 61 12 48 81
43 18 25 15 76 121 50 58 9 69 97 108 17 27 21 116 72 86 43 122 24 26 90 98 116 80 109 34 51 115 82 11 77 107 12 1 82 101 14 110 112 90 123 44 96 19 6 0 93 61 94 46 61 90 26 15 125 104 8 92 111 26 10 119 25 44 84 106 63 19 75 4 34 72 18 89 9 43 110 113 126 29 69 36 69 83 102 100 87 25 114 53 0 56 117 114 115 11 73 60 71 54 6 46 60 14 97 123 81 22 70 61 65 61 54 33 0 112 67 8 96 66 93 11 91 78 98 67 124 115 113 70 116 43 98 37 111 99 8 102 121 100 106 26 101 76 38 16 92 108 30 93 74 108 25 35 54 69 110 63 78 15 124 62 76 24 29 108 42 10 42 81 54 109 80 101 16 31 108 74 51 55 41 19 43 58 100 6 48 99 41 2 20 99 123 21 94 82 52 101 85 1 122 12 42 91 113 22 9 102 71 97 93 119 83 69 99 16 91 96 58 59 120 118 56 61 44 120 122 107 22 116 60 122 59 118 116 13 9 92 29 101 62 20 122 120 65 65 8 109 117 83 97 108 6 96 51 8 13 27 69 62 32 57 78 108 21 117 96 69 47 74 62 110 28 16 79 45 21 42 58 115 82 44 32 124 1 18 17 15 117 35 31 54 119 118 96 121 18 23 107 83 10 96 29 55 86 30 105 43 119 49 10 9 73 109 49 42 13 34 98 124 21 118 6 12 0 90 77 10 125 8 15 31 58 55 61 113 39 87 47 7 114 81 52 4 23 101 81 114 93 41 77 69 105 3 77 43 72 11 77 52 95 12 46 84 46 92 82 71 111 37 59 6 6 93 83 27 37 40 60 125 31 43 60 61 5 51 19 124 81 121 37 118 28 0 91 108 108 110 13 41 34 17 17 79 42 105 119 95 54 77 82 1 20 97 23 88 37 23 16 80 110 73 113 69 35 57 96 59 36 56 73 27 34 11 117 90 25 81 57 14 93 86 9 121 28 7 88 2 64 118 26 47 73 81 34 126 64 11 2 107 113 126 92 38 13 67 16 28 6 93 60 66 105 74 14 81 78 112 84 95 33 27 56 44 77 4 83 66 34 4 89 98 3 96 71 81 110 48 62 65 39 46 56 125 98 6 95 9 4 74
91 104 115 118 53 92 118 5 2 116 51 24 73 80 85 65 56 84 122 76 111 64 64 38 124 86 66 3 67 38 103 105 104 83 63 107 112 91 105 69 24 42 37 7 88 84 69 124 113 122 61 66 33 17 25 61 71 106 107 102 33 61 106 81 21 92 105 110 74 108 33 51 34 78 14 88 20 62 121 109 16 71 60 45 7 47 15 69 31 53 115 50 123 59 24 122 43 96 104 121 48 74 62 48 64 50 9 42 5 108 69 62 6 11 115 64 88 28 43 102 29 32 7 101 43 64 50 65 124 36 21 101 13 54 64 111 52 124 6 124 28 67 73 110 83 95 124 52 66 82 53 112 83 70 112 63 93 23 93 92 25 74 67 60 64 109 39 35 39 126 100 121 73 35 18 21 31 43 70 19 62 43 37 101 66 57 77 53 107 52 9 23 54 103 49 100 89 113 30 7 13 8 33 48 33 23 100 105 118 119 65 9 115 39 120 90 46 84 58 62 76 58 120 103 90 120 82 44 41 28 90 111 18 76 79 84 23 114 58 12 27 11 22 78 52 34 112 53 116 87 112 58 38 64 5 32 117 1 108 28 79 64 72 44 108 109 54 13 36 46 118 32 126 29 82 45 74 102 101 109 43 73 47 90 108 27 0 121 104 96 80 15 15 115 96 115 18 38 112 119 97 76 48 12 23 38 64 11 28 18 9 67 121 1 76 6 118 113 108 71 2 64 27 80 24 80 84 106 126 81 95 100 111 71 34 123 110 67 59 24 105 94 98 108 35 25 30 35 45 15 3 97 46 38 63 124 49 34 93 82 110 77 92 73 2 51 3 56 77 1 9 119 2 52 60 41 99 25 54 44 118 47 117 11 30 120 2 112 109 89 81 80 125 32 111 50 102 104 13 93 8 17 124 69 76 54 73 9 20 95 121 123 9 109 19 113 16 96 74 124 76 123 101 80 126 57 117 5 36 85 5 79 96 30 77 15 46 93 23 8 57 51 71 52 1 118 3 46 14 107 0 65 100 78 0 46 78 118 111 54 81 120 115 112 27 83 40 56 13 25 15 118 16 61 42 34 36 71 3 116 3 40 96 42 64 35 46 100 58 60 104 46 82 125 85 62 18 5 91 15 16 29 52 90 14 123 121 77 51 45 37 92
60 17 126 13 41 12 94 43 1 45 52 42 46 38 31 112 18 92 23 80 54 66 36 6 85 5 6 125 108 74 46 115 55 75 18 69 15 5 95 20 1 76 4 112 39 62 103 75 34 89 16 53 50 89 64 10 75 72 111 17 108 59 19 107 86 27 0 39 14 79 15 99 102 39 57 97 79 33 53 68 80 15 0 99 122 3 76 60 85 99 115 75 125 91 88 96 101 41 60 31 1 26 50 110 76 19 10 46 28 28 8 120 70 115 37 60 58 28 114 32 33 66 56 34 64 33 112 107 3 36 13 104 0 18 123 105 63 67 43 90 114 63 49 89 17 50 124 45 27 24 48 35 45 62 56 4 50 121 59 108 92 42 24 57 123 75 23 98 3 66 34 5 64 84 10 39 49 57 58 95 32 74 51 27 53 42 40 81 117 36 116 68 114 83 32 52 97 122 21 83 106 36 117 111 21 88 0 62 44 46 115 81 84 51 79 109 42 12 95 12 45 107 19 59 19 69 12 14 34 26 32 83 30 41 95 73 47 92 46 51 85 23 16 78 97 115 54 80 3 117 16 47 88 76 17 116 39 43 22 86 65 65 32 27 63 49 45 81 120 41 39 47 60 7 72 103 73 63 94 62 105 88 36 56 45 115 123 4 19 19 47 105 17 5 115 46 54 92 20 104 104 41 18 108 33 126 45 9 74 13 8 83 62 47 74 85 81 2 117 22 28 5 58 89 2 90 87 116 35 95 25 27 71 126 39 4 103 65 87 44 125 119 29 73 106 85 60 103 123 87 104 56 49 22 85 11 35 0 123 125 123 51 37 97 89 121 45 99 95 122 69 57 103 71 23 6 34 93 94 97 57 35 64 121 60 117 4 105 83 19 58 19 91 66 63 76 103 122 123 121 82 55 29 15 24 49 101 12 21 126 11 5 25 35 38 121 0 124 98 29 1 89 38 71 36 117 99 69 74 64 59 119 115 49 75 51 53 108 53 102 86 69 47 22 72 53 2 80 91 116 55 110 58 29 117 7 38 83 26 125 61 121 79 121 120 60 80 87 16 14 59 54 11 99 112 7 89 78 36 16 35 100 112 100 99 50 36 91 83 47 39 120 39 26 92 75 13 16 124 112 125 103 2 99 46 51 88 30 58 57 113 71
85 41 65 54 73 75 106 123 125 50 30 19 70 25 117 2 56 37 55 48 70 92 53 66 116 4 55 3 51 15 35 83 21 13 87 1 53 90 111 3 95 122 5 8 53 92 115 117 49 110 86 84 45 64 79 29 10 21 51 26 16 66 35 32 70 8 60 126 106 5 38 99 118 88 97 96 3 5 30 53 78 81 32 77 67 9 119 70 35 59 112 53 96 61 94 123 68 9 67 14 119 30 85 24 1 20 43 104 37 80 108 83 64 81 116 101 16 15 43 43 22 83 8 56 12 86 92 68 11 86 33 74 102 7 122 49 103 8 117 124 8 41 2 30 81 39 48 64 8 69 31 93 107 125 94 27 125 78 7 110 90 61 113 47 15 36 33 70 81 57 39 101 110 80 96 9 75 90 12 37 61 19 100 106 96 64 91 112 119 58 70 83 125 33 95 14 110 64 91 80 6 113 24 122 121 124 22 125 109 107 94 103 98 69 110 78 11 49 116 11 1 10 1 28 33 87 121 91 97 112 56 95 117 107 32 59 6 92 97 90 55 49 27 101 6 91 122 93 13 56 82 79 22 68 61 77 73 110 95 49 104 61 47 89 25 92 125 34 110 45 102 114 101 117 104 69 80 58 15 70 37 49 120 17 13 65 23 77 78 120 3 16 107 7 64 68 76 51 86 8 58 79 90 114 47 26 81 84 116 69 45 27 35 86 100 115 106 61 40 3 36 92 67 67 57 20 37 83 95 31 83 100 73 121 35 72 83 6 101 17 25 30 107 112 124 2 18 1 112 19 109 55 64 87 14 117 25 9 97 13 120 115 54 52 15 26 7 79 85 76 89 24 30 102 17 58 42 12 56 32 90 106 45 99 25 69 45 35 117 20 97 99 79 73 91 61 30 65 56 28 60 102 73 8 37 37 20 83 61 69 104 105 69 53 119 8 93 63 40 45 125 3 110 106 103 41 106 9 72 97 18 110 83 68 38 4 124 43 11 13 77 22 105 45 45 54 62 116 55 90 62 54 87 15 11 94 91 21 81 117 11 0 100 93 19 118 37 70 36 77 74 12 34 56 17 77 75 125 111 117 60 101 106 36 68 117 77 46 68 75 68 97 11 37 119 46 55 52 118 33 39 47 120 8 35 5 18 34 87 57 68 14
99 70 126 80 107 65 41 76 55 72 41 27 31 124 96 63 95 77 102 95 16 89 5 85 59 21 106 15 44 14 63 17 8 29 116 67 73 122 49 94 73 24 116 84 105 5 0 21 33 106 39 96 31 60 30 62 78 94 10 81 49 74 2 95 55 41 77 14 105 109 16 35 32 10 81 77 40 115 121 44 11 82 63 95 65 7 95 78 69 60 0 89 9 78 103 42 51 47 57 26 112 115 21 115 23 19 69 40 101 47 12 125 71 114 29 54 59 75 3 99 49 111 3 123 84 103 24 104 120 97 60 46 126 99 30 119 92 0 117 50 30 20 97 89 30 1 125 27 113 108 13 113 75 74 104 122 97 6 111 97 15 58 84 74 7 67 47 11 126 41 49 125 120 107 68 17 71 71 39 73 51 61 98 123 63 41 12 92 102 43 81 123 30 89 37 47 46 11 4 6 100 88 53 120 92 38 51 8 67 49 78 55 94 61 63 32 87 113 96 106 52 95 5 101 117 13 60 50 105 46 42 29 52 54 39 35 34 29 40 93 104 17 76 71 76 69 51 54 42 84 41 120 26 111 90 54 73 22 0 51 84 28 34 87 98 70 12 99 30 64 60 69 9 70 15 85 112 111 95 28 87 53 79 126 95 125 60 84 99 89 1 116 45 114 21 14 113 60 61 43 59 59 108 6 26 4 8 23 24 20 102 101 18 54 19 123 93 114 18 2 46 88 72 69 80 90 24 118 44 49 22 78 41 51 70 30 10 41 57 21 68 88 20 55 97 121 7 76 17 56 89 0 108 96 26 11 111 81 13 26 11 90 68 37 15 57 45 124 15 14 86 94 26 38 124 61 118 45 7 86 22 44 21 62 83 47 56 93 10 34 16 44 102 34 52 24 101 117 124 3 48 5 99 96 94 73 123 16 104 15 115 49 117 83 78 105 69 122 89 96 68 126 11 1 80 87 90 79 99 94 101 39 5 26 17 122 28 84 31 38 19 118 94 123 89 84 19 107 58 62 107 40 17 122 124 119 9 102 63 62 101 6 46 0 80 86 55 76 51 116 5 9 42 78 82 102 88 114 54 62 42 97 113 110 58 96 9 57 14 99 33 117 95 80 29 116 21 106 64 112 92 93 113 44 28 14 22 45 108 5 121 35
37 15 56 11 10 76 118 34 49 53 96 0 104 92 102 3 4 65 9 35 53 37 9 118 102 100 48 40 120 21 17 110 112 124 96 101 36 105 32 120 104 15 92 92 101 104 36 72 16 29 69 83 22 117 0 96 120 48 32 92 59 8 7 61 57 57 1 113 15 17 30 61 105 46 76 70 104 79 32 87 40 91 102 110 17 81 56 45 3 35 28 57 15 45 78 110 80 5 115 19 1 61 51 114 86 67 66 92 40 31 77 114 27 67 4 122 77 19 83 47 9 88 25 125 25 111 92 32 64 32 95 84 32 104 86 6 93 97 60 104 94 78 25 33 14 99 48 80 4 89 24 90 114 70 14 76 101 19 24 6 111 1 1 19 25 9 72 80 14 27 71 1 14 4 78 75 78 73 101 107 68 63 115 78 78 1 27 92 29 120 74 109 100 35 61 64 64 48 41 34 40 31 14 122 33 48 58 92 30 87 28 96 9 43 100 50 109 92 95 22 41 32 17 87 59 101 37 64 62 30 121 49 66 25 49 107 32 17 111 67 46 78 26 8 97 18 117 103 111 86 8 110 10 58 45 116 30 64 52 11 99 62 46 35 70 70 90 59 10 76 0 17 65 52 26 94 80 84 64 61 71 8 84 89 112 37 87 49 54 49 22 80 4 116 75 104 31 109 112 79 62 49 38 10 20 112 83 62 68 114 99 26 13 118 25 72 95 7 79 6 111 74 85 14 24 16 103 95 102 126 75 106 26 90 77 109 61 66 16 118 122 16 40 87 114 13 69 112 26 51 12 103 103 124 57 22 70 123 21 74 60 20 44 52 79 72 93 7 107 85 88 120 50 60 23 93 47 1 107 82 85 78 96 41 20 46 22 43 27 94 96 20 9 0 97 119 97 12 34 115 113 50 108 86 42 64 56 61 31 92 30 17 28 108 48 71 17 15 72 115 19 81 101 17 55 42 93 60 38 76 7 21 42 95 27 94 61 107 96 91 112 32 69 117 112 31 109 7 83 28 49 59 32 107 112 48 82 76 19 8 34 47 120 30 15 84 3 74 103 40 41 60 66 20 113 75 84 64 51 50 74 107 87 29 33 37 25 87 38 100 79 76 65 37 29 1 22 88 53 48 65 35 22 110 123 21 13 20 35 21 31 52
75 116 38 25 33 118 1 36 58 34 62 12 76 103 42 52 67 22 118 25 32 112 26 38 18 18 79 39 41 113 69 57 45 103 31 28 35 93 25 0 57 53 102 105 12 89 114 48 36 76 51 117 57 15 75 63 28 33 21 71 43 88 45 114 30 64 93 64 13 25 38 117 42 44 44 9 79 25 33 115 88 15 8 90 87 23 66 59 117 62 29 12 123 46 8 87 59 47 38 74 73 77 107 27 52 108 27 107 26 86 23 72 75 56 37 122 61 99 77 106 68 1 39 75 85 99 97 26 56 57 47 28 0 99 86 57 123 92 116 40 4 118 111 44 20 118 2 6 122 103 93 91 116 41 41 46 50 4 122 61 14 87 100 85 99 48 50 122 73 80 87 24 83 42 74 0 24 32 8 77 18 96 49 125 117 60 56 89 32 47 71 86 93 77 94 113 74 101 60 121 99 74 95 83 114 101 124 82 92 10 14 122 5 90 29 18 106 119 58 69 55 61 62 113 10 14 46 85 44 54 39 81 71 8 41 74 10 56 9 86 6 35 13 57 24 57 30 96 15 17 57 42 54 51 17 87 18 100 14 52 122 117 23 96 122 99 116 33 103 43 72 18 80 82 11 80 25 96 81 20 108 95 19 119 22 8 78 83 51 101 113 1 68 123 68 125 115 71 114 6 81 60 77 58 125 71 26 91 82 91 34 119 113 98 23 107 56 73 46 63 48 0 35 89 70 75 93 15 80 91 118 27 21 59 4 109 12 97 40 47 23 29 91 94 71 1 37 65 116 7 19 29 68 12 126 86 54 55 86 37 121 106 51 80 82 0 51 107 94 19 121 86 64 49 56 55 53 106 85 101 96 88 54 126 24 102 21 102 89 93 69 116 71 19 68 52 73 67 40 86 52 69 3 81 38 100 39 22 126 101 21 75 95 66 28 121 106 74 72 60 51 85 35 26 125 53 79 35 114 10 105 7 21 110 86 15 112 21 85 44 105 15 115 20 106 104 11 45 78 68 6 101 5 105 13 47 48 88 107 61 24 110 60 115 64 119 58 62 114 94 65 13 32 53 72 79 44 10 121 111 48 16 48 3 16 24 125 28 98 111 56 124 123 106 33 13 52 89 57 22 16 40 1 120 48 92 54 65 77 111 106 28
11 45 14 35 110 121 43 1 14 7 64 87 89 14 7 48 20 102 8 92 119 48 5 23 62 35 13 80 95 40 2 99 33 65 40 106 124 35 124 38 65 106 50 97 113 75 14 24 21 33 6 41 48 4 17 28 29 15 113 107 52 90 121 113 89 7 24 1 105 26 61 111 43 2 99 45 103 17 89 17 100 54 35 67 4 72 20 121 85 28 124 24 96 86 84 121 110 90 75 71 75 114 78 13 27 118 10 123 86 89 83 3 124 1 101 81 29 12 122 71 95 11 79 27 120 101 94 111 5 118 32 120 119 94 34 50 66 10 121 15 32 21 43 120 90 95 22 101 98 111 4 5 75 40 0 42 37 51 77 0 5 11 71 65 66 69 40 121 53 71 98 62 55 93 115 2 0 43 87 58 6 100 105 52 56 118 30 124 9 58 58 55 108 35 81 29 17 86 51 36 101 60 11 45 41 116 120 114 92 113 122 62 17 1 123 63 5 102 26 58 61 18 123 63 58 10 10 8 45 104 19 16 62 24 70 2 106 28 119 96 121 102 89 14 93 39 49 89 117 27 19 26 39 38 114 120 59 64 90 103 61 47 80 72 60 38 66 75 117 2 62 48 60 112 59 15 55 65 50 31 22 5 33 21 90 76 37 119 108 68 56 33 8 107 31 114 57 49 68 23 113 26 63 103 109 44 8 85 22 100 126 103 15 14 103 39 13 84 90 83 43 37 92 79 35 89 12 61 120 97 84 34 58 61 46 53 12 116 24 7 103 25 85 34 8 48 113 98 57 68 73 64 39 24 89 34 33 73 92 72 116 16 77 105 79 59 109 35 58 58 125 87 60 109 14 65 89 87 85 107 10 11 33 78 22 103 11 11 120 73 50 36 76 17 92 89 6 94 86 36 66 110 87 11 32 120 93 60 9 71 80 42 90 20 13 23 3 35 29 64 66 53 121 14 61 17 124 5 83 19 90 61 11 45 31 53 84 68 99 27 76 87 67 24 79 111 10 41 108 85 70 82 118 30 116 9 44 40 17 78 43 48 3 46 125 56 62 116 11 52 124 80 117 18 38 55 42 115 15 63 7 76 39 112 65 46 78 8 62 7 28 70 112 88 31 32 116 18 99 51 24 45 4 30 67 28 107 96 96 5 61 125
111 40 2 42 85 82 7 36 21 92 77 121 106 87 103 82 75 50 0 113 82 19 2 59 75 89 63 10 97 9 98 37 115 76 27 83 89 24 117 42 10 57 85 104 70 87 24 51 21 115 47 91 68 0 114 78 102 35 55 122 118 47 100 80 78 72 0 123 25 22 4 105 89 124 108 104 79 92 118 117 59 76 102 13 18 80 115 5 88 68 68 51 66 63 126 114 29 80 88 89 16 87 72 126 45 63 65 94 25 111 6 85 84 116 29 103 70 79 46 49 55 9 33 8 79 74 33 39 103 58 51 104 76 8 126 86 115 81 79 62 20 65 24 4 15 92 54 14 112 73 91 83 61 87 74 56 115 23 74 72 87 78 3 117 15 114 33 74 45 20 91 88 29 92 90 60 61 26 92 57 77 123 44 16 30 41 28 89 94 113 24 104 113 98 72 44 48 99 0 90 90 18 35 4 106 110 122 12 34 41 37 116 7 28 117 74 117 17 37 88 49 18 36 95 65 68 67 64 74 124 53 48 30 19 5 47 15 77 123 88 45 103 88 8 21 99 108 36 67 8 108 48 91 77 104 21 45 96 15 110 104 10 97 42 22 22 48 119 5 10 26 22 74 10 48 11 70 38 66 111 42 9 84 75 64 52 101 23 66 75 72 122 96 33 68 14 94 122 98 65 86 92 39 13 59 21 33 29 62 2 46 80 58 3 87 38 122 109 101 103 22 49 67 24 97 20 120 38 66 56 114 27 96 12 120 38 121 0 51 19 26 97 23 29 57 29 51 15 119 56 37 71 0 0 24 1 118 89 82 72 49 91 42 29 24 117 3 41 79 76 109 12 6 58 105 6 22 22 84 72 16 114 27 6 114 101 19 19 103 16 10 99 70 106 68 34 93 97 42 40 126 27 24 118 74 125 94 88 31 7 112 112 118 13 64 71 52 45 30 114 86 10 38 46 100 42 38 84 98 48 53 112 85 108 109 59 115 75 115 83 4 27 112 41 61 94 104 13 105 8 0 120 126 93 120 114 95 126 29 1 63 82 35 76 120 61 38 85 86 42 92 47 107 89 33 2 13 96 44 60 95 39 44 101 28 125 107 65 74 123 16 69 37 102 4 80 47 67 72 95 55 62 54 57 117 52 14 121 26 32 92 92
64 3 66 36 104 39 12 122 42 29 0 112 27 86 37 11 22 37 67 50 102 67 89 99 66 46 99 96 4 26 67 45 6 28 82 102 95 31 118 37 23 18 61 40 13 60 36 61 19 61 20 116 57 103 84 93 45 120 27 33 8 82 56 23 72 0 101 61 8 123 38 0 62 87 70 23 12 78 37 53 85 77 120 104 87 36 49 57 22 106 104 7 88 124 118 82 70 53 36 47 43 60 78 44 26 74 84 90 19 12 14 86 85 52 28 81 67 109 95 71 63 97 34 49 107 28 9 17 22 89 82 18 52 37 17 105 10 118 74 14 14 46 66 40 48 76 122 111 67 66 119 6 52 57 6 35 42 117 122 89 118 2 118 104 120 112 56 39 18 119 2 102 122 47 98 105 84 90 95 83 88 19 100 21 48 62 98 112 64 120 42 75 41 124 93 35 26 82 48 65 69 2 99 43 118 100 81 97 40 46 111 89 5 126 104 23 46 119 45 10 78 68 59 87 77 48 107 10 91 95 62 115 101 16 122 69 105 112 71 90 7 118 68 8 72 98 101 61 123 114 43 24 78 113 106 41 4 50 88 85 15 92 95 83 122 74 60 24 90 34 12 31 18 102 6 108 89 16 35 52 9 115 6 104 81 125 68 41 24 36 3 28 14 36 31 107 56 52 20 73 8 63 0 66 40 15 97 76 90 23 66 23 31 45 16 42 80 82 38 69 96 4 9 74 102 79 59 93 59 44 82 23 18 103 122 80 62 53 111 117 14 18 98 16 119 101 103 37 80 100 117 71 6 17 43 23 68 51 96 19 57 104 29 8 48 111 66 13 62 53 104 103 99 115 39 10 84 73 28 104 70 113 42 75 111 90 1 47 45 17 11 86 20 59 35 63 126 37 30 85 77 98 123 108 29 70 44 24 126 93 8 98 91 38 26 118 79 9 55 41 102 54 78 30 34 52 17 94 15 111 3 59 86 16 92 27 5 91 67 85 91 46 57 69 110 80 87 30 56 5 23 12 111 21 87 66 106 118 65 25 36 115 105 95 38 119 125 43 118 118 96 64 28 91 36 86 96 62 90 92 126 74 109 111 125 25 41 86 31 59 112 69 15 41 32 106 89 13 14 100 36 4 111 12 93 54 73 59 77 49 121 46
27 64 51 0 80 41 17 59 101 87 27 54 27 38 40 85 6 100 68 58 126 107 100 30 75 77 66 0 108 111 103 109 54 35 83 12 126 18 8 52 37 111 3 79 37 124 6 114 65 96 79 23 23 96 99 124 33 77 47 111 30 113 112 50 66 18 19 57 45 58 57 85 108 40 60 44 69 22 20 90 51 107 82 109 108 76 90 81 98 4 13 60 32 13 94 4 22 113 104 65 12 30 23 84 31 55 53 123 17 13 31 13 99 105 40 75 2 97 56 71 65 120 105 94 11 67 15 88 11 110 88 22 118 103 99 9 19 6 33 85 80 104 72 35 108 87 115 23 11 110 103 97 50 47 98 53 87 114 103 53 19 47 53 118 68 52 114 103 29 124 115 10 17 78 48 32 34 50 12 97 124 19 54 88 81 75 40 20 87 116 92 101 23 70 22 22 24 3 79 94 46 121 48 19 4 35 49 43 121 2 111 58 44 54 77 94 34 107 9 83 37 94 63 120 28 47 49 71 91 116 44 35 41 122 54 120 45 18 114 65 126 32 65 57 115 115 125 126 75 65 79 110 57 27 40 91 63 125 84 125 111 76 70 57 121 24 103 119 48 67 95 28 73 17 72 11 9 5 17 56 123 51 116 44 56 74 37 105 15 52 104 50 50 103 2 71 69 116 73 37 37 39 84 107 10 87 7 22 0 12 22 40 23 7 24 125 11 11 91 119 71 80 51 73 60 86 63 7 116 106 80 74 117 30 122 66 18 109 27 37 29 115 21 10 2 98 24 55 124 80 125 54 74 55 72 125 20 51 70 97 10 32 82 96 26 3 29 75 111 12 73 106 107 23 57 44 14 51 3 42 22 44 42 29 45 114 125 10 24 103 7 40 14 19 1 47 99 87 35 125 81 62 86 73 122 40 89 121 77 32 70 34 48 65 98 54 69 86 60 104 67 21 37 61 45 102 52 121 47 74 110 21 19 45 23 6 88 100 27 60 111 68 53 28 54 106 84 107 100 94 87 77 59 114 120 29 71 111 85 3 62 63 2 0 109 80 97 51 22 67 68 50 37 72 89 77 49 94 68 22 113 112 85 52 125 92 12 3 122 60 19 0 36 108 110 7 28 29 47 94 71 90 123 80 18 61 55 28 70 9 122 33
92 94 91 110 12 52 105 86 88 94 100 10 49 2 60 45 48 83 72 15 86 50 44 3 17 70 112 81 0 73 50 126 68 75 119 2 120 37 54 11 42 95 32 14 13 108 54 113 24 88 27 13 47 34 42 49 38 4 77 69 108 3 52 40 27 113 30 74 125 49 13 30 34 28 114 84 8 21 25 108 8 19 2 63 30 112 84 25 32 50 70 81 116 81 122 7 85 93 78 50 0 122 53 78 30 81 1 25 33 3 61 14 66 68 111 32 43 85 21 94 61 101 14 4 68 100 109 42 66 55 99 26 25 26 32 22 65 113 37 11 38 32 119 84 123 11 49 30 69 22 5 13 61 27 18 88 101 21 24 34 57 116 26 58 124 110 22 124 105 13 21 57 15 117 81 66 21 81 94 6 115 87 69 126 40 78 24 110 55 57 36 74 55 2 114 123 0 3 81 124 72 122 14 88 111 65 26 69 89 89 123 61 17 28 101 53 75 78 81 3 124 73 111 92 69 98 73 112 105 109 71 36 93 120 81 89 17 126 107 31 12 57 89 77 60 87 123 79 89 121 95 102 85 43 44 64 74 60 36 120 61 18 8 31 102 30 44 108 85 32 42 56 108 90 79 121 51 15 103 16 59 47 13 20 2 23 1 27 82 86 25 80 102 14 3 20 64 26 53 83 98 25 91 107 79 114 53 87 70 88 20 100 120 66 38 23 45 96 28 79 1 16 48 79 67 23 70 66 38 94 14 43 102 96 116 100 112 10 41 61 28 122 120 88 116 126 45 73 101 39 13 76 97 22 4 26 14 14 4 46 51 4 56 48 24 62 83 38 123 61 67 93 25 126 98 5 82 11 79 11 4 44 28 11 47 2 95 66 97 86 45 123 52 84 88 87 39 69 88 61 0 31 37 20 83 47 20 19 42 5 9 97 36 32 118 64 8 73 117 32 125 42 72 76 72 86 124 48 30 75 90 80 6 71 110 111 44 44 76 116 42 73 65 60 94 14 4 34 90 30 62 102 40 125 97 2 77 100 70 48 100 38 31 42 34 7 67 7 83 2 91 105 47 17 18 30 7 19 90 56 13 58 114 78 23 18 4 27 5 5 74 94 117 18 96 6 91 88 69 112 39 89 111 119 104 92 69 68 47 38 71 51
3 2 2 28 87 19 33 15 53 12 26 37 56 119 101 13 117 123 11 11 8 117 81 88 39 92 61 2 75 23 82 68 29 68 1 8 78 93 99 59 113 1 44 83 19 56 35 36 126 123 109 124 14 41 85 47 95 0 116 59 88 6 62 112 16 35 64 66 124 50 66 12 54 45 48 22 91 99 119 67 84 16 41 23 84 89 99 87 115 6 66 65 11 17 39 126 78 64 0 108 84 28 33 99 40 105 15 79 15 83 87 66 59 40 44 44 20 106 57 62 54 17 70 4 115 110 93 64 84 91 81 126 17 35 6 61 33 66 29 54 37 20 93 114 109 107 1 54 30 78 114 105 105 98 62 67 113 107 18 17 67 63 21 124 75 37 82 57 115 9 65 97 0 122 37 126 35 32 95 2 119 67 23 65 109 60 47 42 111 85 10 114 32 55 11 50 95 120 64 32 34 40 123 15 17 13 70 98 55 72 9 0 99 118 59 82 21 53 48 29 53 6 58 35 100 39 47 71 33 29 39 14 7 12 56 71 43 2 69 38 29 69 71 100 85 50 86 125 80 55 98 107 69 111 81 68 48 3 100 80 25 108 48 123 89 73 105 9 124 87 99 65 118 26 112 63 32 52 115 14 40 114 109 90 99 2 94 2 38 5 125 117 99 25 105 65 16 97 96 74 53 90 59 105 15 104 90 63 33 28 41 67 119 60 24 68 11 103 13 66 121 41 24 51 2 49 61 83 21 61 115 47 83 50 55 44 52 69 104 109 46 12 92 68 111 5 96 70 17 11 96 13 43 35 98 40 84 126 83 119 96 33 73 81 3 28 29 70 56 20 35 58 10 110 76 4 91 84 55 29 80 119 46 18 25 65 97 44 38 35 100 19 13 72 103 123 94 57 112 95 88 20 26 53 55 57 54 2 13 91 72 13 111 102 49 57 79 87 119 90 47 11 4 118 22 52 113 11 89 44 77 28 50 97 67 99 91 5 60 60 12 122 44 41 110 124 73 42 29 94 59 15 37 100 17 48 82 26 61 61 46 5 3 13 91 15 110 50 45 116 96 34 36 29 63 123 53 28 68 57 104 118 112 86 41 104 38 32 45 97 77 14 84 50 21 120 80 43 57 101 114 122 69 112 71 37 29 100 37 92 93 67
8 13 62 111 20 85 46 122 5 54 28 18 96 11 73 26 109 77 52 4 110 50 91 108 30 54 81 83 91 114 34 15 65 54 44 43 100 85 81 120 3 25 125 7 80 47 79 110 99 47 126 121 108 109 100 123 42 114 109 75 10 70 115 109 22 75 3 48 92 85 97 124 67 105 96 0 22 34 101 52 62 102 39 37 109 94 38 43 42 12 61 56 30 119 84 12 2 70 45 64 124 56 53 58 65 94 40 125 120 119 72 82 107 8 80 17 5 99 111 102 49 92 62 33 39 101 90 86 62 42 6 100 4 75 38 89 57 63 121 108 120 46 90 8 82 126 86 43 118 77 123 116 33 33 87 125 40 93 44 36 94 121 66 64 1 105 38 94 79 99 0 8 110 96 18 99 48 17 17 88 61 29 47 74 125 113 6 48 90 41 120 28 102 72 122 114 75 13 67 56 102 22 93 83 17 107 87 38 96 114 46 64 44 117 20 52 122 17 7 109 61 1 47 13 76 22 61 88 100 92 26 39 48 122 1 77 42 10 42 113 61 107 58 49 99 60 43 76 82 51 6 91 31 108 115 49 43 92 27 93 93 47 103 58 19 66 38 17 85 27 99 102 100 72 17 21 0 24 12 10 5 45 23 94 26 11 35 15 2 73 13 99 4 83 95 97 42 8 112 112 0 117 113 41 13 123 31 11 35 89 124 68 100 70 36 38 25 53 45 3 29 66 65 39 0 52 34 70 19 31 28 29 61 63 3 30 29 70 47 109 23 100 125 74 45 33 98 49 48 41 120 25 18 31 11 27 24 75 31 13 79 20 9 76 29 1 47 63 40 26 14 41 4 10 69 92 99 78 87 23 11 70 105 68 92 95 7 22 107 89 75 8 117 5 5 94 3 37 93 80 110 103 42 125 94 57 79 123 100 41 57 53 22 20 75 114 120 123 62 90 93 10 36 82 75 110 1 114 111 104 116 6 40 54 62 59 80 117 37 92 123 75 108 113 28 117 38 66 42 6 95 105 71 58 69 90 101 9 75 54 65 47 73 10 36 23 57 21 36 91 46 115 9 118 67 41 67 31 16 4 74 78 102 48 89 2 106 123 85 19 46 103 47 2 61 51 25 97 88 0 113 43 89 54 25 116 36 2 58 65 36 104
122 121 50 54 90 0 18 43 11 18 119 70 65 105 12 0 54 88 25 1 94 80 87 19 2 81 88 80 9 51 99 110 27 36 72 68 0 85 97 11 79 101 117 4 2 29 99 124 28 81 126 72 59 108 70 1 53 90 19 34 27 123 52 102 42 52 105 60 32 16 39 2 71 23 106 97 24 33 113 62 53 91 90 89 58 49 89 9 52 68 118 93 44 28 45 47 101 72 117 9 23 93 109 29 63 16 19 100 53 126 62 39 60 7 83 17 53 64 22 61 57 14 79 79 113 88 48 48 12 105 107 29 37 31 123 58 94 124 36 36 85 118 106 119 92 25 79 110 59 6 58 50 111 3 7 10 49 9 125 48 30 48 0 72 11 123 118 44 75 7 34 60 65 12 93 86 38 23 39 3 120 115 124 79 17 25 110 68 83 82 114 99 50 119 13 118 23 67 80 26 12 17 26 60 86 51 117 31 52 46 57 66 51 44 124 92 30 125 52 59 125 3 73 92 55 62 112 125 71 43 8 5 9 42 70 11 22 113 51 70 73 77 7 61 120 41 34 9 42 85 17 4 30 15 68 70 23 49 74 34 63 20 5 55 77 31 30 92 8 71 46 25 61 10 64 15 0 111 53 44 89 113 110 120 16 80 7 113 28 40 91 88 37 27 61 114 80 79 88 8 41 59 31 36 82 66 113 58 123 39 111 65 12 41 40 11 59 72 52 36 73 119 28 30 77 91 109 79 5 46 54 118 35 92 110 61 70 102 124 3 35 101 37 79 102 74 18 83 71 86 2 33 82 92 108 118 95 21 46 44 105 19 68 106 69 94 112 56 82 72 0 32 36 107 33 51 118 67 80 89 12 68 67 20 121 120 67 50 42 48 81 70 10 105 116 54 37 75 60 56 93 17 34 91 117 45 62 15 68 42 48 121 6 85 113 119 62 100 95 43 51 4 80 51 108 41 73 23 63 35 125 77 91 1 73 43 58 89 63 116 76 97 22 77 92 38 5 80 74 113 92 51 108 86 116 38 68 93 87 64 76 17 125 24 96 19 71 117 50 29 97 101 53 74 99 92 110 81 68 39 89 37 101 17 82 49 80 12 117 2 74 51 75 7 122 36 97 27 38 18 93 14 40 64 121 72 18 20 107 84 32 44
29 119 125 18 57 70 11 41 102 13 88 61 39 49 83 23 14 36 67 113 74 111 83 23 64 8 35 67 26 31 117 116 93 15 74 89 108 52 102 41 54 31 17 81 35 99 82 122 108 106 20 53 113 61 13 110 84 30 85 18 10 118 108 16 107 46 16 29 38 111 5 40 99 80 22 77 42 125 93 6 61 38 98 104 126 79 18 87 42 90 84 5 23 78 15 62 65 19 110 114 7 29 99 69 20 38 40 60 23 47 42 86 88 75 22 91 89 58 50 34 69 122 109 27 57 38 106 33 112 17 0 4 126 62 43 79 19 108 50 51 71 119 105 85 17 85 109 46 34 85 65 5 74 65 34 93 121 52 65 26 66 86 104 108 101 55 0 107 30 28 34 88 65 25 61 101 123 48 59 32 5 41 107 26 116 108 20 120 95 78 91 66 11 93 94 28 70 108 29 117 11 37 71 124 37 48 58 15 58 18 121 85 64 62 114 52 109 18 48 86 20 101 115 12 65 61 89 108 66 9 89 62 120 25 100 55 13 84 87 84 46 64 46 13 123 1 12 26 106 9 65 81 8 99 72 32 79 125 62 61 12 48 96 45 30 35 101 10 57 76 7 14 32 56 24 9 112 59 121 123 35 9 115 84 24 73 59 67 118 125 83 113 43 118 65 13 117 3 120 53 118 22 40 46 13 47 9 76 98 61 68 40 122 43 38 58 49 48 100 20 18 90 112 113 111 53 31 66 67 12 85 48 119 18 58 70 118 45 91 19 125 65 48 88 48 55 64 116 83 21 18 0 8 87 102 42 85 81 111 87 88 106 14 45 51 57 19 93 27 22 38 122 28 104 74 74 15 65 25 39 46 65 50 39 97 61 28 53 61 8 4 109 69 66 39 40 37 126 104 79 72 95 33 83 18 75 42 21 89 38 102 35 94 118 111 83 92 45 42 31 75 31 63 70 103 121 120 108 16 19 96 56 97 126 11 87 58 50 118 50 15 26 67 81 119 77 95 80 73 49 10 33 121 23 69 5 94 123 124 116 61 15 32 125 61 36 66 29 53 39 93 93 42 80 74 88 74 56 125 46 105 18 80 105 10 45 52 21 56 75 68 116 30 96 104 67 62 115 67 8 91 103 94 98 13 122 19 9 87 114 103 45
114 101 97 66 50 14 53 27 34 81 15 66 102 42 39 65 13 26 114 23 5 112 92 30 121 35 67 94 74 114 62 96 33 119 35 71 13 59 101 88 70 101 27 65 33 9 79 27 73 98 78 47 104 98 12 61 97 22 108 30 25 104 5 62 69 2 89 48 122 75 40 69 11 123 38 95 72 119 54 72 77 72 112 113 3 73 102 77 74 14 48 29 122 89 83 122 115 70 49 57 73 124 99 27 44 38 36 110 97 62 13 123 37 50 25 52 59 121 103 6 76 24 49 57 88 38 109 17 62 11 83 4 50 99 48 92 77 101 116 64 39 110 49 83 60 106 112 28 73 62 100 39 82 97 3 43 45 33 39 109 99 4 75 88 95 3 102 87 120 31 107 23 98 73 118 98 83 90 44 122 36 30 95 119 56 11 117 92 89 47 66 88 117 123 96 8 121 108 92 68 23 102 17 28 17 72 17 111 32 93 52 82 120 84 94 55 8 100 27 95 78 98 91 119 22 27 13 123 23 41 99 55 16 56 117 44 101 104 93 83 23 11 125 47 29 109 78 95 14 52 70 17 90 24 23 50 35 53 113 57 24 59 21 59 113 121 115 114 122 97 100 93 55 96 36 22 82 99 54 110 122 94 76 23 15 52 76 38 80 118 11 50 59 28 2 34 26 11 49 32 4 4 116 75 39 43 73 45 79 18 77 124 95 54 117 30 37 74 10 14 10 1 109 73 76 86 32 6 82 22 22 89 1 15 66 108 46 14 107 100 10 79 74 90 114 62 120 104 115 78 38 31 124 42 123 114 89 97 80 124 60 44 123 86 25 70 22 19 74 59 53 51 40 82 27 89 122 115 114 68 4 105 106 24 83 64 100 92 100 32 13 30 15 33 4 16 76 52 117 115 17 65 33 122 92 93 75 83 51 25 87 26 16 49 83 11 57 110 14 123 36 125 49 65 83 97 53 29 44 32 40 64 23 54 123 101 19 28 29 119 44 47 1 102 45 52 104 0 57 107 16 82 42 113 31 113 11 87 95 61 97 75 18 93 51 77 16 54 105 64 15 119 80 63 48 125 43 120 8 44 11 71 52 12 32 11 106 78 101 102 50 35 84 3 15 56 117 81 11 98 31 26 60 19 65 106 30 33 57 46 14 67
0 98 2 21 45 63 28 1 46 41 8 111 75 113 2 93 91 88 108 85 6 31 121 25 17 25 96 123 85 124 17 71 112 72 101 25 115 36 61 15 74 96 48 4 36 10 70 86 4 55 106 47 116 29 12 46 121 91 1 121 61 27 87 72 125 18 97 78 86 111 63 35 75 70 69 30 58 90 109 16 26 40 13 110 106 96 116 28 54 44 80 47 13 34 63 52 81 123 3 54 8 93 9 82 17 84 6 95 62 57 3 96 12 39 97 5 62 101 49 27 80 59 14 85 119 22 119 91 121 106 46 29 101 99 42 51 19 41 67 124 15 6 0 105 108 47 34 45 16 11 20 32 32 33 46 97 55 73 49 8 53 71 93 37 38 111 47 40 11 15 36 36 25 80 65 104 60 33 44 0 118 7 72 51 110 55 66 112 27 50 47 23 13 95 66 35 126 53 49 106 115 98 56 28 12 7 103 56 8 18 118 9 9 90 95 23 55 33 37 60 72 84 110 83 32 40 39 86 49 24 114 68 126 33 80 79 120 71 24 34 17 115 109 79 9 35 99 70 59 86 76 51 83 109 66 24 125 27 56 54 70 51 109 82 86 15 125 113 14 93 118 21 87 102 113 1 42 20 99 47 22 124 40 120 35 120 20 57 90 41 103 95 57 31 113 66 60 11 11 44 113 24 100 19 89 38 35 7 62 85 52 110 10 7 100 68 81 3 8 115 101 42 31 91 117 95 82 33 93 73 27 7 83 20 6 108 96 58 36 37 27 80 50 19 6 36 116 122 56 80 41 29 53 114 87 101 45 126 36 101 109 5 95 28 1 18 72 41 21 26 17 38 3 63 50 88 71 7 104 65 117 123 53 40 41 107 108 24 70 123 65 103 124 102 35 97 18 18 18 98 26 13 125 104 88 39 64 85 121 12 38 25 36 80 71 100 40 55 120 113 32 37 15 63 46 35 104 31 22 22 63 4 99 87 125 113 46 57 5 41 39 63 105 122 122 95 117 74 66 52 29 69 59 62 95 122 57 10 25 86 58 58 70 88 96 93 8 76 54 60 64 74 44 63 3 15 90 73 8 51 83 49 34 57 96 36 67 79 2 119 32 50 119 86 109 78 102 34 126 38 19 94 52 10 99 48 39 101 71 126 107 106
68 125 92 110 32 106 19 73 96 81 42 109 117 100 68 13 40 38 14 23 121 68 1 89 110 69 11 83 42 102 79 4 56 101 28 17 78 61 64 67 52 2 27 89 126 9 9 61 18 21 2 115 46 48 103 30 38 46 86 46 23 126 29 113 66 38 88 62 28 113 42 62 35 21 0 114 122 82 94 53 33 56 5 49 6 123 89 103 4 44 117 17 99 29 104 70 6 82 45 105 111 50 34 99 37 99 41 70 123 68 15 99 3 95 57 58 18 96 94 86 23 90 46 105 37 24 6 12 8 53 15 40 73 24 119 79 9 117 107 71 63 60 38 29 80 57 61 9 66 14 113 25 3 101 13 38 62 0 100 96 67 119 75 28 106 91 20 41 99 84 121 99 93 29 42 74 100 39 96 23 114 106 30 69 120 45 115 43 67 41 80 107 109 110 117 45 89 91 47 62 90 95 55 69 59 124 126 105 59 15 97 25 84 27 49 84 36 102 56 104 62 48 38 35 92 97 73 125 23 11 102 17 17 103 61 0 115 117 92 18 71 112 73 65 43 122 25 48 0 120 8 80 93 12 99 6 104 85 77 18 77 48 58 98 55 20 24 91 94 108 14 89 14 61 33 97 57 38 126 31 17 57 55 6 48 85 38 114 11 95 45 94 54 58 33 66 95 88 114 103 115 78 118 18 56 32 53 22 81 1 16 71 12 88 117 121 74 98 39 26 17 3 106 62 92 36 79 60 19 1 102 34 19 39 39 78 41 6 89 50 27 17 49 92 94 7 10 120 84 48 124 29 46 95 21 24 50 117 11 14 62 64 41 99 108 37 70 58 91 72 69 66 93 97 29 50 114 35 59 123 34 60 55 22 115 116 42 27 33 27 71 100 86 29 115 90 49 70 123 38 37 9 108 0 108 54 99 22 20 31 73 58 37 53 122 61 65 11 114 30 74 28 116 92 73 114 124 11 26 54 123 45 67 125 114 63 20 16 89 65 13 107 124 40 91 75 25 70 102 31 88 94 92 17 60 87 53 22 113 65 104 5 55 53 39 31 118 78 86 122 50 8 80 88 119 114 58 55 8 39 87 51 66 34 98 120 113 18 82 69 41 5 62 81 4 91 50 27 30 48 109 117 103 6 42 120 13 121 76 93 120 77
69 46 87 25 105 52 4 58 3 105 106 81 85 87 57 8 12 78 30 41 126 109 99 126 63 122 32 27 126 86 99 21 88 125 121 29 21 111 49 51 50 93 5 15 123 8 41 121 58 69 93 50 84 59 123 110 53 103 81 6 48 10 75 123 40 70 9 66 91 122 88 125 60 93 46 62 39 62 39 34 76 4 0 118 111 44 52 93 30 26 120 112 49 100 52 19 10 97 5 9 61 19 54 10 4 81 80 45 111 13 64 29 37 12 47 37 8 113 64 66 101 40 33 17 21 9 81 4 98 44 48 92 112 104 66 84 3 95 98 100 15 51 118 70 97 52 44 123 80 115 30 71 77 62 90 50 108 86 66 68 105 76 53 45 102 101 60 25 113 65 82 106 74 98 93 58 21 122 54 92 114 51 50 51 118 52 126 119 103 105 28 70 87 55 10 5 67 105 42 100 65 116 112 63 70 84 14 84 65 121 32 114 64 30 0 113 103 45 110 3 0 26 109 90 90 121 44 92 67 10 33 107 123 7 42 87 24 88 61 113 65 74 99 100 77 91 64 28 39 0 75 84 85 10 122 124 50 0 3 40 88 36 118 102 79 40 61 92 125 19 95 84 106 3 115 78 21 103 78 19 87 81 87 55 28 51 36 94 29 78 51 19 23 110 105 45 103 28 66 124 67 90 46 126 5 99 86 100 60 107 60 31 46 49 38 39 91 20 98 37 3 85 26 101 88 105 34 76 4 80 25 121 81 104 64 114 19 5 79 75 125 27 44 33 68 56 8 20 30 44 118 106 33 41 93 12 1 51 114 107 122 25 109 75 70 51 122 112 9 49 115 92 78 57 34 59 114 66 109 39 11 6 72 30 86 83 78 94 71 20 63 37 125 24 50 32 46 12 120 98 64 52 87 100 4 125 91 10 61 126 26 39 101 1 43 23 76 5 50 63 92 38 52 66 62 86 40 108 126 109 20 33 91 94 2 108 74 88 68 22 37 85 0 77 79 111 117 112 68 100 86 106 13 35 11 120 102 19 126 20 89 50 76 47 40 99 34 69 7 70 66 16 36 96 67 96 54 52 58 6 11 100 112 114 92 55 95 119 105 11 33 26 90 80 89 113 60 112 25 54 39 39 33 15 75 92 119 124 113 39 92 52
80 35 78 65 54 61 110 97 76 91 77 118 7 75 9 112 80 123 6 34 38 28 82 58 19 16 82 44 95 28 75 32 60 76 20 117 79 80 79 45 103 94 35 70 102 81 97 31 13 123 20 94 112 109 35 114 32 76 118 121 111 81 86 22 93 51 61 96 49 99 61 24 87 23 102 89 101 40 121 21 68 8 61 80 73 7 70 0 31 65 22 96 107 109 9 114 85 89 4 43 46 102 75 78 86 124 101 6 125 77 65 41 83 45 106 122 3 3 18 118 38 106 43 33 116 86 22 40 78 69 13 26 84 12 51 104 60 40 85 20 111 54 37 106 44 0 91 45 54 52 102 117 92 105 10 100 57 0 61 115 93 102 31 48 79 73 52 55 119 100 97 83 61 7 42 31 0 57 56 81 97 73 50 47 73 116 109 37 97 3 40 63 21 63 102 29 75 34 76 46 110 27 59 118 77 80 120 108 40 89 59 106 83 123 94 93 93 124 30 60 17 74 30 86 87 54 95 37 123 120 74 11 79 86 59 112 9 109 86 95 7 73 121 36 89 61 15 35 103 118 98 52 126 53 38 21 48 124 59 119 2 110 106 83 106 0 97 6 0 105 85 12 82 94 9 119 125 23 86 61 37 6 82 104 12 122 99 125 102 30 29 30 2 104 59 38 97 5 13 100 36 109 59 47 112 41 113 30 116 40 9 68 60 30 5 27 20 41 28 63 97 11 56 56 12 30 41 0 38 38 94 101 63 62 39 21 15 109 34 69 90 34 37 10 94 11 5 76 43 63 76 66 119 52 4 120 107 31 33 65 104 46 21 97 107 78 69 41 46 58 66 94 36 78 42 25 0 60 81 119 7 52 104 125 53 118 123 29 53 25 53 88 43 8 42 65 26 7 34 64 98 114 14 94 77 111 37 35 122 103 11 112 34 80 5 106 66 95 77 96 94 84 56 90 104 100 77 67 59 48 4 48 0 49 116 52 28 62 111 116 12 29 30 97 5 87 118 67 65 114 105 69 43 42 16 110 112 105 14 64 64 28 93 46 98 49 27 54 41 55 51 4 80 2 111 68 3 79 115 44 100 26 37 45 73 31 68 123 75 2 61 33 19 17 16 6 10 98 73 50 16 104 92 117 93 29 110 94 93 40 87 52
106 58 91 109 66 102 116 65 17 6 34 75 17 109 110 54 60 19 58 114 2 2 39 8 63 125 115 6 112 1 35 1 92 75 73 92 102 57 2 104 19 3 0 63 18 81 75 112 101 5 64 24 104 6 78 45 94 16 10 64 2 112 120 5 58 4 66 13 52 48 71 117 60 67 95 66 110 13 25 99 6 63 97 48 125 97 119 37 105 42 70 24 63 7 14 109 98 52 89 64 43 88 12 14 73 24 32 99 30 97 21 32 88 68 121 28 51 73 49 5 86 4 111 120 96 98 99 61 6 105 44 65 94 79 60 118 15 85 120 101 63 107 60 87 69 72 3 33 85 89 17 126 124 44 74 20 0 22 91 27 21 96 39 75 110 108 49 41 108 63 102 8 75 42 2 25 81 62 70 121 38 60 82 22 80 70 50 117 40 2 11 92 81 18 22 85 60 67 8 122 78 83 99 64 23 46 65 119 35 8 126 53 7 90 24 2 11 52 5 62 7 69 1 66 4 59 20 58 1 43 57 71 106 122 92 44 90 32 3 0 60 7 2 55 110 42 25 56 44 11 57 119 63 29 72 31 43 87 26 26 121 106 28 26 43 43 74 27 77 3 55 73 52 114 37 57 74 62 45 96 101 117 55 33 67 43 119 31 98 79 33 40 82 110 32 67 22 113 31 91 41 77 58 11 85 60 68 13 55 2 46 55 83 126 101 53 54 67 121 56 76 59 102 91 47 90 110 69 64 61 107 99 13 15 118 73 65 67 117 42 34 81 68 125 78 107 119 95 31 11 114 66 75 79 82 22 82 119 18 71 27 36 19 0 82 63 88 80 105 94 12 62 6 38 97 68 47 13 102 74 60 60 52 30 26 91 110 57 104 5 100 67 92 7 124 103 75 39 93 67 119 16 85 108 95 24 95 77 61 57 60 49 60 97 59 8 6 79 31 103 41 79 118 39 35 33 72 10 99 109 31 118 43 110 85 107 105 79 105 57 32 92 15 33 84 4 68 40 4 64 48 46 77 73 5 123 47 111 100 46 106 74 111 101 12 82 41 84 92 73 21 92 115 94 24 82 126 11 18 82 22 90 38 45 39 26 25 12 114 74 46 1 111 9 71 93 72 12 14 80 126 111 25 112 35 94 113 113 34 69 27 89
78 105 126 68 21 115 109 32 89 48 15 10 50 35 84 40 10 84 7 44 62 119 96 124 94 53 11 68 16 102 29 78 20 109 48 38 94 38 47 43 105 121 122 43 22 81 83 5 68 111 49 100 8 2 30 60 13 79 98 58 60 109 78 21 124 23 81 51 89 46 6 79 18 108 64 10 12 12 70 62 85 102 53 124 94 87 58 52 46 98 69 61 83 48 28 27 111 14 75 60 47 122 65 16 111 63 75 88 9 79 101 83 56 85 111 0 34 31 35 96 66 75 49 77 38 118 13 49 84 92 69 82 117 117 122 93 105 94 37 68 70 61 64 74 126 6 76 26 74 96 92 47 83 66 4 57 75 99 36 99 46 72 121 123 23 8 12 57 50 39 4 117 22 47 49 53 16 102 120 33 62 118 82 61 61 41 115 20 16 38 93 86 39 26 20 56 79 103 83 74 69 114 28 71 7 15 115 58 77 35 26 86 47 77 8 68 62 90 20 93 8 60 30 112 51 10 63 28 1 2 119 99 0 78 34 12 125 52 41 30 57 105 24 82 19 101 117 6 67 34 20 95 82 9 52 26 76 96 61 8 102 24 74 71 94 5 116 60 51 69 70 34 93 123 27 16 60 7 98 121 27 48 1 33 28 88 113 107 14 93 79 99 88 70 92 40 107 21 103 34 112 6 97 19 105 82 42 113 69 86 70 59 74 92 56 53 67 110 8 97 108 96 37 121 42 8 45 39 68 50 75 77 95 37 121 27 13 81 3 116 71 43 83 10 73 3 59 107 58 43 19 86 37 55 3 37 50 105 92 123 79 27 88 122 125 19 54 7 26 86 5 114 96 101 56 87 16 98 119 39 17 105 116 5 100 50 56 72 101 93 8 126 96 102 10 115 11 0 108 14 105 24 69 116 66 52 55 14 66 24 28 34 70 123 68 110 27 92 59 125 44 41 63 55 9 12 98 18 36 100 117 125 96 64 33 110 67 48 9 61 99 97 113 66 3 7 92 0 28 101 76 25 2 116 22 57 39 33 64 83 102 82 77 1 71 50 43 86 46 88 89 55 97 96 106 104 72 6 85 84 30 19 71 83 16 37 38 124 101 81 42 77 96 111 58 6 58 115 21 99 124 53 126 72 123 26 120 62 44 91 15 78
84 45 124 8 80 62 1 100 48 27 89 105 126 8 69 99 53 21 42 81 117 40 6 109 7 45 96 87 9 67 67 35 120 77 11 61 78 126 119 122 33 4 41 6 55 1 14 0 17 122 20 72 40 28 65 25 27 125 38 60 110 81 17 40 59 101 28 67 80 78 10 41 10 41 46 11 106 52 95 32 53 64 98 51 9 121 84 104 106 3 113 76 53 22 27 64 68 111 98 86 99 43 4 79 28 67 59 58 30 24 86 63 78 36 126 69 89 111 120 109 19 72 109 49 84 93 44 47 70 60 73 103 90 102 30 33 103 86 61 23 83 106 41 90 123 88 64 14 18 25 3 52 102 68 7 41 4 78 88 113 7 12 44 65 94 35 95 117 42 102 62 115 21 33 79 104 104 88 124 50 1 77 13 65 68 68 58 57 48 96 13 84 57 122 95 23 2 13 93 71 125 18 62 124 71 105 15 113 26 14 81 41 7 1 55 110 111 56 17 59 89 49 11 113 52 11 80 46 62 80 119 85 14 60 120 41 35 60 19 122 18 71 124 75 62 91 116 44 68 84 74 72 45 58 6 76 100 13 70 99 88 121 83 113 116 13 107 7 10 26 126 124 45 2 104 125 80 66 121 55 59 45 46 43 124 34 48 52 78 85 72 20 122 61 105 92 71 73 62 118 27 73 113 102 16 96 126 4 55 114 102 114 87 87 58 1 43 118 115 78 27 42 70 47 8 95 86 95 68 116 47 85 49 41 76 95 95 7 69 115 96 87 50 96 27 40 33 44 10 115 72 76 126 58 72 1 107 0 49 121 101 101 108 56 83 121 75 51 73 45 98 65 32 122 36 54 41 48 28 121 28 124 48 14 8 118 53 17 25 68 66 117 88 76 76 102 104 96 11 39 76 12 112 119 49 15 8 4 39 75 24 76 12 72 59 125 48 23 73 6 77 33 101 114 66 54 105 54 24 48 71 66 7 123 48 103 5 0 70 80 77 92 79 22 64 11 105 88 78 43 124 41 16 32 41 60 49 42 81 27 14 65 72 35 118 10 25 105 96 5 107 118 87 15 99 58 3 62 68 37 111 90 67 96 0 13 57 59 43 74 45 126 98 61 50 78 106 63 41 21 115 41 58 12 96 72 18 5 61 112 96 6
116 63 4 119 92 10 14 13 13 104 5 57 120 17 111 37 120 2 123 117 113 69 40 21 83 5 0 7 9 83 67 7 4 11 57 109 71 97 84 50 65 44 24 112 82 92 89 10 19 123 83 28 112 114 44 81 88 92 56 59 85 70 115 76 95 40 76 124 37 85 77 24 8 106 68 5 28 104 91 5 29 101 94 107 95 119 69 112 2 94 111 79 112 32 68 77 0 15 72 125 74 119 81 122 115 14 31 107 115 118 20 57 52 14 40 23 24 77 79 1 50 37 59 111 35 116 30 70 72 93 89 112 78 73 47 18 125 108 15 63 109 72 68 37 65 112 104 87 31 126 5 15 105 99 9 63 10 45 9 57 33 96 3 6 98 69 114 112 121 3 56 0 56 26 86 121 92 111 93 103 74 120 122 95 30 37 49 124 71 55 65 46 96 31 11 22 6 29 125 82 57 116 52 115 126 86 88 57 89 103 14 113 47 30 22 126 47 57 30 8 95 16 37 89 89 70 37 39 37 93 97 96 49 112 21 124 10 104 14 87 54 13 53 77 64 67 88 99 85 126 17 116 103 100 105 44 24 6 126 15 120 18 60 117 11 48 87 24 114 96 118 12 87 42 77 92 112 126 56 31 11 31 9 20 44 112 89 17 62 126 86 21 58 68 35 87 103 13 61 70 88 9 80 90 84 114 53 47 68 55 106 97 88 46 76 46 123 103 89 119 124 67 23 103 77 41 119 71 37 51 5 110 19 28 80 58 40 82 8 36 79 96 56 8 43 65 88 68 91 54 25 50 63 100 48 56 27 8 90 37 6 103 125 106 35 115 10 112 116 57 20 96 83 108 62 63 17 34 21 31 118 13 40 74 20 28 111 39 117 76 10 24 106 37 67 73 125 56 58 93 61 5 106 126 39 16 24 74 85 17 15 16 88 119 34 106 50 102 118 52 60 19 92 7 67 116 14 52 104 117 103 43 113 64 100 118 84 124 118 84 14 6 74 21 45 49 32 103 5 27 115 94 32 71 46 51 25 26 41 57 105 54 65 47 86 84 126 29 3 61 16 30 117 73 2 76 123 69 20 115 83 60 120 121 103 72 98 92 42 49 44 13 60 63 82 55 51 17 107 44 30 17 100 19 74 108 119 15 31 98 2 119
110 46 102 50 68 98 6 37 125 99 12 36 84 11 3 41 53 67 47 63 57 33 89 30 43 91 14 31 88 0 96 89 65 38 123 6 107 41 122 51 111 91 125 92 27 31 50 96 28 106 115 5 109 111 74 76 63 11 106 117 39 68 76 91 71 6 50 72 73 105 35 94 24 33 81 61 73 88 0 96 119 50 105 27 112 76 113 19 64 101 117 107 70 20 111 41 72 60 73 67 19 107 47 48 5 109 81 11 117 117 124 44 20 101 69 4 63 1 30 105 115 69 98 40 107 7 44 96 65 14 53 67 12 101 8 60 112 54 35 39 4 10 87 105 99 124 84 19 70 97 25 59 68 126 29 104 115 89 31 63 118 122 4 42 82 23 52 76 59 1 55 20 105 123 96 121 72 110 63 99 40 35 74 6 55 35 47 6 28 94 94 113 88 62 23 14 126 94 35 118 1 36 7 73 21 23 54 118 43 17 126 0 78 76 91 44 68 85 33 96 28 12 61 23 65 83 108 23 89 27 59 41 8 63 8 118 91 49 59 40 98 91 100 32 40 42 59 28 107 90 68 97 83 81 45 94 36 93 114 70 91 126 52 75 48 91 6 46 116 81 101 48 107 94 104 32 108 16 39 16 88 63 110 72 2 18 73 59 76 108 100 43 13 56 89 8 8 56 54 68 97 77 19 85 33 110 4 110 105 56 48 11 23 59 103 107 49 47 28 28 91 28 12 7 97 32 89 61 69 36 118 34 61 54 13 101 27 125 96 117 55 24 21 53 6 26 29 43 59 3 13 71 89 27 117 24 100 122 6 3 14 73 106 93 88 106 115 27 106 62 84 47 47 5 90 58 11 84 79 33 91 108 56 93 68 124 66 100 125 50 66 112 39 49 30 108 26 123 91 108 76 37 28 12 63 19 32 24 48 54 74 89 92 16 110 11 48 122 116 107 17 39 37 43 24 93 117 21 109 108 95 31 97 86 118 99 29 104 68 45 41 123 66 81 34 17 80 28 69 38 96 38 69 112 89 102 88 48 0 92 102 85 20 91 122 92 75 17 3 103 13 58 15 48 113 36 28 66 52 58 97 115 122 37 83 79 46 7 105 9 0 4 105 42 78 22 73 87 83 19 105 52 30 55 96 31 48 57 90 107 87 45
56 36 87 20 87 119 48 119 27 93 2 38 91 89 12 53 13 120 40 14 36 9 95 1 13 35 105 80 42 118 7 56 94 99 57 31 73 108 61 92 29 7 81 82 47 91 109 84 27 31 68 55 8 43 13 112 110 14 103 52 52 63 30 62 22 17 90 50 45 60 76 94 116 18 51 118 93 51 43 95 35 58 24 20 34 43 41 99 53 109 125 27 55 7 113 24 98 116 102 28 30 30 78 110 96 111 79 77 20 25 121 67 86 120 77 105 98 110 71 35 67 14 44 12 79 31 1 123 30 116 98 111 81 89 86 15 93 71 63 81 75 100 82 9 39 44 83 56 113 35 60 103 7 64 17 96 80 126 37 39 100 50 65 73 126 0 117 55 27 102 87 74 63 15 4 17 110 113 24 91 37 67 113 48 9 66 36 89 70 99 90 93 57 115 94 1 95 2 85 64 112 77 17 77 116 65 46 0 27 40 105 26 17 90 9 95 96 66 44 61 105 56 125 63 11 109 2 62 120 76 55 32 66 58 114 69 68 103 6 109 31 45 48 110 51 31 10 56 108 0 80 97 11 19 0 22 20 120 10 73 110 115 108 3 123 16 83 29 22 70 66 65 34 68 19 79 72 37 26 5 119 80 37 62 20 16 112 41 117 115 6 37 69 34 102 120 5 122 81 42 126 104 85 18 15 37 6 101 115 106 81 102 86 77 13 106 122 30 54 61 107 65 0 125 18 66 15 27 68 116 118 53 65 22 85 43 64 113 53 39 54 33 96 59 117 111 18 18 81 91 4 19 19 95 112 32 16 53 75 106 110 79 33 97 88 89 16 104 26 41 46 36 86 6 27 70 6 87 77 0 1 16 108 19 8 27 107 79 63 119 67 21 111 102 38 103 82 51 95 100 92 4 21 21 99 2 107 90 84 87 118 5 119 119 110 20 81 98 59 24 17 48 114 7 5 101 56 107 86 90 59 25 41 70 83 22 104 23 48 119 50 42 101 21 67 58 94 11 50 111 28 69 72 67 26 90 72 124 13 109 75 77 86 21 37 115 101 35 35 79 29 71 28 4 117 86 116 101 58 111 99 22 118 25 39 30 50 29 119 112 94 81 36 91 119 16 72 13 16 4 15 58 54 35 14 125 19 54 36 45 34 60
36 34 122 93 102 99 11 36 14 98 60 68 6 120 51 120 99 31 35 67 89 126 70 17 100 40 76 67 59 61 59 85 100 36 14 109 20 73 42 48 125 79 7 78 4 96 103 100 49 124 82 111 83 41 60 74 42 85 108 57 62 40 114 29 47 66 52 31 88 78 47 85 39 92 39 90 4 48 57 85 41 43 26 82 60 102 96 29 34 56 31 32 83 66 109 63 93 25 68 17 118 53 53 87 5 88 108 85 63 29 21 110 89 120 3 106 69 17 121 111 93 72 6 10 6 89 78 29 76 92 91 43 42 96 63 32 117 52 29 63 33 39 121 93 83 108 37 117 22 82 50 14 70 77 92 3 50 124 67 109 60 10 113 15 82 22 98 2 5 126 42 35 93 65 71 117 83 70 95 124 120 44 98 122 12 98 112 109 125 20 68 105 94 4 28 71 46 59 66 92 120 90 3 36 1 66 101 55 57 51 65 69 41 48 31 125 117 49 65 49 18 23 105 24 11 9 14 92 38 108 125 8 80 8 105 67 57 2 77 63 73 73 104 54 48 103 24 12 3 1 89 71 116 26 96 123 14 26 97 34 90 125 85 62 88 116 28 22 116 78 43 100 65 5 110 73 40 31 79 75 85 21 113 75 109 53 83 65 75 90 34 111 99 33 79 88 46 15 28 31 48 37 52 117 10 126 51 94 26 12 0 63 39 77 24 6 72 50 119 51 79 105 108 119 5 122 34 70 84 20 112 103 106 61 62 20 115 111 14 82 92 76 33 101 90 87 105 96 69 45 95 43 26 124 100 63 95 4 112 51 72 23 59 118 46 20 56 59 83 77 63 13 30 31 89 7 96 1 61 70 37 33 84 9 105 58 101 34 111 23 115 109 13 26 92 68 103 59 75 105 59 96 41 46 52 95 33 68 40 19 1 123 20 81 122 30 15 66 56 35 1 30 33 72 113 102 113 74 20 112 5 8 115 52 74 61 7 47 47 30 107 105 83 114 102 62 88 65 100 71 33 79 50 81 6 115 86 22 76 76 44 12 7 5 87 107 40 54 86 66 99 37 44 120 102 91 105 80 1 115 67 81 71 4 90 108 29 90 116 60 32 115 122 46 59 3 51 113 101 115 123 50 10 4 122 41 80 75 3 91 114 39
10 32 68 12 65 124 12 29 91 123 108 30 66 28 12 44 32 37 70 78 107 37 50 65 21 107 86 86 11 73 71 47 33 39 120 13 43 77 115 64 107 31 124 99 115 85 37 110 87 53 33 1 45 1 112 83 78 59 92 1 44 103 80 5 32 66 113 88 63 78 78 89 21 58 121 95 89 35 38 44 89 39 81 101 31 49 45 32 81 20 55 55 93 17 121 27 34 124 90 102 124 101 93 55 114 54 108 4 1 28 96 11 6 96 69 109 105 69 58 96 12 52 89 71 67 49 75 95 0 125 45 103 111 6 121 115 82 84 104 24 84 64 106 32 42 83 80 65 56 41 80 105 51 46 25 34 34 55 2 95 90 78 46 106 40 36 116 30 59 98 47 35 37 19 63 19 5 97 59 126 46 112 85 40 56 33 118 118 55 36 4 45 126 4 41 69 70 59 65 34 68 35 4 121 99 15 81 42 14 64 35 22 77 22 125 37 84 41 31 9 8 85 50 8 63 27 66 22 73 0 92 89 125 19 125 40 105 72 55 62 117 69 3 64 28 60 119 15 47 72 95 31 14 47 92 3 81 63 49 87 84 21 37 92 72 118 116 14 73 106 27 80 71 26 49 49 76 124 51 52 0 57 104 21 121 24 8 119 96 3 9 20 112 30 82 106 60 47 67 86 41 109 63 110 99 122 76 77 103 52 30 81 88 35 77 77 79 70 63 72 106 27 100 98 47 2 10 79 21 64 9 49 120 70 58 86 29 56 53 94 44 59 48 125 109 19 69 40 72 20 4 93 36 82 63 104 20 2 81 91 122 98 65 55 100 24 54 82 24 19 63 49 11 109 66 35 9 42 83 64 48 49 32 121 59 48 81 42 96 103 22 64 7 84 48 52 74 44 114 95 123 14 4 46 49 99 8 105 92 108 69 89 23 12 114 111 25 95 101 104 98 9 41 114 103 106 39 55 86 29 69 93 13 91 9 50 5 33 115 67 85 99 58 106 15 111 18 76 10 15 12 23 112 59 29 47 112 7 58 7 108 65 0 48 116 120 79 102 85 20 49 122 8 94 53 39 37 122 23 4 91 46 110 85 30 0 17 91 79 79 34 84 87 124 94 85 79 87 9 59 12 3 51 8 9 59 107 70 1 76 122 81
9 98 99 90 64 40 52 53 22 2 20 44 108 19 62 115 91 95 107 106 118 11 40 68 69 49 21 105 114 55 69 79 40 59 7 95 125 34 35 30 65 32 71 113 5 69 35 125 95 21 107 61 50 13 52 49 123 105 67 87 49 48 86 41 103 58 24 119 24 19 113 18 86 22 88 72 80 105 60 59 60 64 39 80 28 38 16 96 66 95 38 12 34 99 103 70 38 29 25 13 96 27 74 3 117 31 66 124 110 66 6 43 47 81 105 13 33 64 47 7 45 57 114 11 65 47 114 66 119 70 20 39 83 115 44 45 106 118 82 73 114 39 77 38 88 34 89 7 110 25 93 82 117 66 79 90 58 34 72 23 3 96 57 74 6 64 28 90 27 52 41 49 10 18 117 5 80 111 37 117 103 91 82 32 90 108 42 100 62 75 3 15 16 51 35 16 20 71 125 8 63 50 61 71 96 26 70 54 86 8 55 89 10 4 53 11 89 108 8 53 42 40 118 125 12 23 81 63 12 119 53 83 72 57 83 51 113 32 122 42 60 20 118 78 44 44 112 3 108 62 44 99 83 111 6 21 30 97 28 25 83 26 29 54 65 103 39 91 84 11 22 40 95 46 33 91 76 105 107 55 28 96 53 26 88 57 15 105 81 95 31 120 98 110 26 48 32 55 84 10 53 63 62 55 97 43 11 5 14 110 60 25 28 97 90 40 108 70 65 66 74 85 31 27 23 77 59 28 31 61 96 18 13 50 83 115 108 118 30 34 76 53 60 19 123 97 19 49 96 102 121 4 124 48 63 22 23 18 24 17 21 16 36 1 124 118 18 5 13 105 46 31 103 11 3 92 1 105 67 68 13 25 39 24 126 95 53 47 123 68 124 6 120 94 56 105 108 18 4 27 99 68 33 77 76 123 116 43 49 26 99 87 37 81 83 25 23 66 115 17 108 47 7 85 44 0 4 69 66 103 67 76 57 77 101 56 66 33 11 105 14 4 108 104 6 10 106 16 119 106 31 62 122 76 47 19 77 61 27 91 123 123 116 125 96 71 10 57 98 4 89 110 53 48 23 124 84 30 113 40 42 89 21 117 26 117 119 50 37 89 70 98 126 99 16 36 106 113 33 100 50 52 116 88 126 118 70 51 65 38 55 78
84 75 115 118 121 119 55 114 42 60 38 11 66 24 110 37 9 82 61 24 73 95 70 76 50 70 0 72 19 25 47 27 55 43 24 110 50 75 51 80 94 28 118 69 87 108 18 120 68 12 52 115 9 72 97 112 73 116 3 7 37 6 113 68 27 64 27 46 104 1 3 102 40 64 2 90 14 79 47 121 25 64 31 9 124 0 94 98 6 8 41 111 118 6 28 8 10 101 17 26 54 22 3 30 87 58 116 23 96 58 83 58 63 55 116 93 105 85 45 90 103 87 94 118 45 85 20 47 56 86 4 24 24 87 114 121 88 68 81 36 30 116 30 100 62 12 36 60 119 47 51 72 67 53 29 100 57 25 44 2 45 113 59 11 26 124 88 75 20 33 96 7 108 3 61 45 79 41 34 114 63 100 45 30 5 57 15 2 43 98 40 63 105 4 74 77 113 101 11 125 20 105 125 94 4 83 115 108 75 22 83 62 34 31 108 121 83 34 101 15 108 115 93 115 40 93 33 97 120 78 66 10 110 77 108 117 45 11 107 13 79 60 84 4 51 2 36 10 53 89 104 72 16 125 73 83 65 69 10 58 111 57 71 55 3 47 116 65 38 16 43 114 31 80 116 90 19 34 122 110 19 7 109 41 95 45 79 7 64 75 66 100 108 20 85 59 73 42 125 94 31 67 96 5 0 94 112 86 96 36 75 114 85 59 24 62 51 122 101 11 74 75 91 60 72 28 47 85 34 116 3 114 3 119 89 102 33 34 122 1 109 75 43 96 51 95 94 19 39 116 81 111 47 1 91 31 33 91 43 111 107 75 74 75 92 54 106 48 98 8 44 45 95 53 51 110 113 114 68 54 42 59 73 32 90 4 86 66 42 7 111 67 65 15 90 125 47 54 14 41 95 108 54 106 35 3 39 60 40 24 108 101 2 33 88 27 77 97 107 116 34 43 107 82 71 50 89 60 2 44 78 125 57 91 88 37 63 19 8 62 103 57 19 118 0 118 40 104 48 101 121 21 51 40 85 106 91 98 85 109 63 81 30 40 16 52 47 66 110 92 87 112 36 77 117 25 75 71 57 111 21 48 56 67 92 87 43 21 66 69 72 83 89 80 42 50 13 43 73 0 120 126 21 0 50 82 58 103 19 50 61 121
72 60 3 29 63 38 77 19 88 17 72 94 106 75 88 45 100 51 68 75 73 110 111 53 44 108 106 61 10 88 30 123 101 52 52 32 107 106 5 108 7 64 0 67 34 124 120 18 25 72 2 21 39 50 60 104 13 20 59 119 119 65 5 71 12 66 48 42 101 73 126 26 75 18 49 75 19 1 61 0 67 31 51 16 11 96 78 51 106 114 1 15 60 20 5 43 87 5 105 101 19 3 121 109 21 10 0 27 119 29 68 15 55 9 57 9 120 72 2 43 81 82 92 111 121 43 59 28 90 46 102 114 47 55 113 104 9 78 35 125 116 119 75 78 108 93 86 115 6 24 113 51 10 15 24 122 21 2 65 24 83 73 118 89 26 73 69 41 9 108 82 114 47 38 21 8 84 89 13 109 36 1 51 103 59 67 93 37 12 125 52 28 7 102 118 7 42 57 84 71 124 0 100 75 64 46 61 44 120 11 7 36 64 87 85 27 125 5 62 59 107 120 109 42 94 73 75 105 19 38 43 22 20 22 52 120 76 83 23 94 51 57 48 124 10 0 44 28 37 96 26 31 77 106 14 16 77 59 87 89 28 98 23 76 93 43 39 25 89 14 110 54 124 85 1 93 41 48 107 63 93 67 1 50 68 6 80 39 14 65 79 17 38 68 32 26 19 2 90 97 17 76 60 23 37 48 40 8 7 57 93 14 100 118 28 14 58 80 79 15 1 83 41 28 37 104 16 99 91 116 22 41 15 32 64 124 39 4 78 19 37 36 118 78 53 27 71 126 75 111 24 42 44 95 110 102 108 71 25 58 12 27 60 11 54 88 80 115 38 65 100 36 107 92 25 112 94 40 0 60 10 47 75 126 74 119 91 25 86 106 58 75 79 69 89 99 101 15 42 71 78 20 76 78 97 41 101 24 4 39 105 120 118 126 54 17 107 112 73 31 124 96 82 113 36 51 24 89 45 98 115 2 7 122 108 97 115 53 33 18 30 81 75 37 123 35 28 104 33 36 77 7 79 117 99 48 40 77 1 114 54 39 50 95 65 53 45 114 68 118 114 82 92 75 108 74 38 88 30 6 31 102 83 83 42 17 81 29 32 94 4 75 62 116 87 48 83 23 108 27 45 57 63 88 48 12 6 4 5 101 101 26
13 65 67 35 36 88 85 44 97 26 40 18 75 79 12 63 45 4 56 88 126 17 83 113 111 20 16 34 106 51 5 25 76 25 1 67 102 47 93 25 70 7 121 113 58 26 70 97 2 28 80 122 37 23 48 52 114 19 41 125 91 42 30 69 0 56 67 39 15 5 44 41 47 78 22 121 78 5 125 43 33 119 104 24 28 91 125 79 12 54 6 47 122 33 7 26 106 69 107 48 45 12 125 39 32 102 35 64 48 14 43 79 93 27 105 66 27 102 33 90 58 59 50 19 95 19 9 29 77 31 75 8 82 105 49 125 66 18 113 86 34 39 6 27 72 106 95 56 18 96 100 30 2 114 52 86 107 32 0 126 36 63 5 26 100 56 9 79 57 125 120 90 124 87 20 106 12 31 92 64 70 123 112 73 41 78 37 21 99 47 75 25 38 5 113 77 19 95 51 31 0 25 108 61 12 45 53 19 2 27 109 7 19 118 71 125 68 19 1 63 23 115 3 41 46 23 18 107 10 61 119 58 34 26 0 20 63 63 77 125 93 2 56 104 82 12 58 35 26 91 64 46 47 36 108 99 117 51 22 47 58 80 59 126 119 3 80 26 96 90 31 102 125 77 94 1 63 110 0 30 65 39 104 122 103 77 101 27 31 84 105 54 102 60 14 45 63 30 74 122 123 75 77 47 19 97 87 20 89 72 14 13 33 2 113 97 11 104 37 50 30 46 53 18 41 72 92 10 30 28 84 40 118 122 12 71 66 66 71 60 19 101 76 18 109 109 115 13 15 19 76 99 54 120 54 36 93 33 12 9 124 5 17 109 21 88 101 51 113 44 18 119 89 82 76 23 22 44 66 12 115 42 94 65 45 86 100 22 70 19 114 81 77 108 98 116 23 6 123 109 47 69 83 71 56 21 42 62 8 5 117 41 81 25 26 116 6 70 110 79 24 110 13 25 94 99 99 8 120 90 118 104 88 72 68 89 95 115 99 20 115 85 51 85 23 59 73 114 97 12 38 110 125 10 122 36 68 24 28 41 84 114 2 83 20 72 66 30 90 56 68 122 102 77 94 116 106 70 37 110 43 123 21 112 0 36 85 7 54 106 37 15 71 51 105 123 116 11 63 54 102 32 54 24 33 33 86 116 77 46 43 51
27 45 101 120 116 43 73 114 30 29 35 79 44 74 24 64 32 53 122 113 67 99 102 96 10 52 89 101 53 35 122 124 65 61 90 111 122 5 51 71 26 93 17 75 106 71 82 118 98 58 78 119 117 92 30 118 63 71 122 96 54 111 123 42 70 24 1 86 81 14 23 126 41 48 114 91 50 98 82 62 80 88 110 3 90 53 93 25 21 93 48 8 108 18 69 81 113 82 80 58 16 102 9 112 65 87 77 51 23 32 30 4 92 75 96 4 11 23 38 7 50 64 39 97 101 88 100 96 93 72 120 55 110 25 1 39 88 79 91 23 41 108 105 41 72 64 68 3 108 44 119 82 2 80 113 111 16 83 101 118 123 80 22 21 12 57 106 7 25 27 78 121 106 7 15 65 126 80 99 67 2 28 30 49 107 122 28 69 102 125 122 40 99 20 52 5 5 125 55 99 118 109 41 115 40 2 94 18 86 104 90 10 51 39 55 17 61 60 46 51 40 84 93 114 18 5 54 12 94 59 26 50 23 83 52 40 72 34 98 33 47 53 35 53 46 20 55 16 6 46 88 2 69 7 77 84 112 119 35 57 23 71 36 16 84 53 108 93 42 77 91 82 77 28 53 45 114 28 5 27 20 22 31 51 4 33 20 109 113 47 23 88 101 26 29 67 108 49 8 99 36 79 64 51 53 121 71 31 81 3 106 40 88 117 45 10 104 66 60 77 31 74 30 123 5 21 41 25 23 7 4 121 28 96 83 97 61 4 86 70 70 103 15 47 100 11 100 120 55 115 91 65 12 6 118 45 112 25 87 86 14 99 122 91 67 67 48 54 29 89 28 51 61 23 41 64 93 7 35 20 7 68 63 100 106 27 112 27 117 56 24 94 57 123 109 52 75 6 0 29 60 104 54 41 97 109 10 50 52 54 83 37 105 125 21 96 119 89 115 85 43 90 77 58 115 35 19 122 41 125 12 18 22 60 33 96 74 61 13 14 76 77 116 100 28 67 106 104 45 19 104 120 89 80 77 111 85 88 32 43 26 64 115 60 7 87 108 36 114 47 66 8 26 119 74 119 73 19 113 77 45 19 107 38 10 41 18 118 126 95 38 67 108 76 118 120 89 126 113 67 104 47 85 16 78 45 29 19 4 54 32 28
120 111 62 98 101 86 118 4 9 112 124 125 110 125 95 42 67 33 1 93 51 27 84 106 99 94 51 27 92 57 110 43 77 1 15 22 24 14 62 102 6 90 124 73 88 72 99 27 5 58 58 60 86 18 8 88 28 41 33 98 55 42 25 112 69 49 19 106 115 27 112 4 57 74 16 105 66 1 36 70 69 57 22 100 114 21 16 12 29 48 15 52 1 82 86 88 102 79 6 22 57 27 38 62 81 116 52 46 8 79 84 13 109 101 22 44 35 66 110 29 82 17 39 58 90 46 2 40 68 76 26 110 62 71 35 10 96 8 29 34 42 117 14 48 13 5 38 81 90 114 56 105 113 59 113 23 82 33 86 0 85 27 81 35 57 27 38 92 95 41 111 70 9 64 48 39 92 84 76 98 18 45 21 62 106 42 51 16 121 16 80 79 46 36 66 107 12 14 21 100 80 124 63 9 8 6 107 12 6 41 40 80 44 75 36 34 70 45 19 83 44 58 17 5 64 16 124 77 26 77 37 103 1 25 124 119 103 21 109 71 88 77 111 15 18 71 25 2 88 3 76 12 86 87 94 18 51 70 17 87 81 51 111 12 78 50 104 109 18 48 13 121 114 56 29 123 44 95 68 72 50 94 51 85 61 103 119 74 72 97 99 79 69 90 46 124 95 74 90 1 104 102 1 25 125 61 12 0 82 119 106 48 67 39 23 62 113 104 17 71 1 23 64 77 30 37 107 37 92 40 40 51 65 89 40 64 53 14 77 105 95 83 15 26 58 36 6 109 4 54 66 32 41 23 63 27 28 56 24 71 7 123 49 99 7 82 110 48 29 81 87 120 16 30 31 1 64 76 82 44 83 80 49 119 66 41 97 114 112 2 49 116 38 0 113 27 56 89 7 6 88 28 86 101 30 124 85 110 88 6 124 117 118 62 68 92 110 41 68 76 119 88 60 117 50 101 66 113 94 40 118 34 30 33 69 109 111 71 125 108 108 3 113 104 80 68 112 123 57 27 114 31 2 125 76 124 26 16 66 113 56 106 39 9 36 44 51 112 29 102 115 110 50 57 40 106 75 41 11 38 83 33 122 76 11 34 49 62 16 82 126 85 115 93 86 104 105 24 91 75 11 28 126 111 27 118 121 116 124 102 62 113
6 69 78 20 95 103 18 82 30 24 77 20 107 68 114 5 69 80 92 52 38 17 56 119 55 54 6 92 67 18 19 37 51 78 107 81 52 116 62 56 118 74 73 104 65 33 86 11 13 11 109 116 85 110 7 29 25 19 126 71 19 115 113 118 41 27 66 18 13 102 20 11 85 14 38 33 47 53 105 22 38 48 17 27 22 41 82 20 89 54 125 110 21 7 110 120 0 76 62 89 99 83 91 8 25 70 11 105 68 44 111 117 77 22 80 32 7 3 38 60 39 34 15 118 17 82 107 48 98 31 112 60 123 70 93 21 61 69 6 115 104 124 79 72 69 88 17 48 113 100 125 56 60 44 74 73 86 22 71 46 26 17 19 114 38 50 60 46 100 58 20 30 49 19 11 104 2 24 35 85 27 78 82 72 51 118 126 70 38 59 48 99 71 65 105 23 31 79 14 13 95 73 48 60 32 12 113 22 31 102 49 18 11 13 101 7 0 45 16 94 19 78 18 118 7 30 40 8 71 106 67 126 1 36 85 34 5 9 13 114 94 68 68 103 37 34 5 78 41 67 125 57 122 80 60 96 104 74 53 26 125 63 124 103 13 75 64 66 48 49 38 87 31 87 0 61 100 29 100 124 107 2 86 16 50 0 108 47 48 105 80 70 39 8 74 68 27 61 100 70 2 42 97 28 114 51 63 4 53 99 66 55 105 16 37 108 17 66 98 15 101 33 102 123 103 30 30 78 58 119 23 45 14 0 68 102 51 63 106 26 113 110 18 94 114 12 119 27 10 67 31 118 57 1 30 107 70 69 34 109 73 125 44 78 115 27 84 92 118 68 82 73 53 74 62 101 95 43 19 51 118 15 79 43 116 12 12 72 13 8 23 2 37 20 30 6 72 103 7 12 70 125 30 73 51 18 88 124 43 93 74 23 104 24 49 112 43 104 102 80 60 98 78 98 18 46 13 78 38 59 6 107 73 54 2 84 2 77 12 60 115 41 74 16 108 93 114 71 59 67 12 52 59 119 20 104 18 28 88 118 85 108 27 31 43 101 58 56 3 61 126 72 14 109 50 71 43 7 6 80 90 73 77 99 76 56 7 17 123 12 61 111 117 54 92 77 121 78 125 0 4 76 40 44 67 36 93 94 93 39 80 32
67 38 109 73 19 33 6 44 74 68 88 104 30 72 28 12 67 81 34 94 68 1 94 37 108 74 93 27 93 0 123 98 9 63 73 33 22 28 53 63 0 2 17 86 50 46 67 34 86 56 5 27 84 93 9 42 92 46 49 108 73 33 13 70 49 91 87 12 105 64 43 1 81 32 4 36 119 33 8 71 103 24 121 41 43 24 10 4 109 88 45 10 64 89 121 123 100 94 26 74 90 124 105 59 2 77 33 19 108 22 78 104 35 93 104 37 116 81 55 119 30 50 94 45 114 102 34 68 52 14 41 93 11 30 60 56 51 105 42 19 34 50 125 48 50 120 121 95 76 3 25 89 70 82 6 14 35 71 92 20 17 48 50 121 35 49 113 1 60 82 1 108 58 113 62 53 103 26 83 49 20 59 67 53 110 26 23 72 75 108 0 54 88 21 24 26 117 123 50 122 46 13 59 70 12 17 60 106 107 13 100 90 18 75 63 94 22 120 92 45 32 87 109 71 37 82 11 66 85 53 109 101 76 45 11 34 50 115 91 47 33 89 25 5 20 6 101 58 7 67 69 39 123 91 40 64 91 30 87 94 50 64 3 87 13 32 27 81 97 56 20 40 4 115 122 57 70 71 96 118 85 81 77 74 6 16 45 93 38 53 79 8 62 88 36 16 74 15 118 43 73 46 60 79 58 46 67 49 76 82 88 114 88 20 33 29 75 69 115 21 113 36 44 120 5 19 124 16 34 83 32 6 40 58 79 104 15 2 85 126 49 92 77 118 69 32 21 119 5 104 6 108 88 29 119 44 49 2 112 93 64 35 113 48 104 14 53 96 74 100 93 33 95 118 70 93 20 92 45 97 121 123 7 61 72 99 61 38 31 48 42 103 98 24 95 4 94 79 58 77 79 90 81 56 85 6 43 63 28 3 122 114 7 45 102 89 26 32 120 85 5 115 78 25 80 71 111 106 31 56 11 113 84 23 125 71 16 22 113 53 37 29 111 86 107 78 72 91 66 10 7 123 47 7 40 75 99 36 124 87 20 82 117 65 53 72 79 117 95 103 55 11 28 94 99 67 123 123 67 66 14 88 116 36 111 126 73 107 120 106 45 22 87 68 64 115 69 124 120 4 32 116 12 62 26 66 21 117 75 1 15 50
123 73 111 81 45 87 76 1 77 18 42 20 55 2 106 26 56 96 45 82 50 89 36 37 18 67 101 85 112 95 94 117 2 33 103 26 117 113 110 126 72 20 6 81 114 61 117 10 3 0 119 73 9 69 67 3 64 32 18 69 109 18 116 116 110 55 123 110 6 92 106 75 69 122 27 26 2 58 82 20 47 89 28 63 115 24 4 124 84 73 66 73 124 60 88 124 112 82 40 101 25 101 100 46 119 101 6 62 62 104 120 72 94 12 59 109 17 51 16 97 33 113 20 63 64 105 117 58 29 70 86 18 61 45 21 37 71 124 121 26 90 77 43 73 30 7 97 93 0 92 16 26 44 26 26 8 30 5 49 68 43 15 45 73 75 117 46 17 18 94 8 29 109 126 75 85 3 15 17 12 52 117 97 75 55 2 94 8 94 24 22 9 19 21 47 27 103 11 26 89 113 43 101 67 74 35 12 11 59 28 41 56 65 3 111 71 80 31 56 126 0 61 76 100 10 62 122 68 107 85 34 81 91 121 97 37 108 25 28 53 44 6 68 28 16 126 100 88 45 25 71 113 122 84 88 106 96 16 5 51 66 37 1 15 15 36 83 10 28 34 119 107 6 126 111 4 119 108 78 0 41 43 9 76 4 86 7 117 15 61 64 51 13 105 74 43 90 116 22 6 53 104 25 97 124 30 24 51 106 38 52 66 14 77 10 78 80 82 31 40 35 19 7 99 51 35 24 58 25 95 74 101 15 24 101 100 74 55 37 75 123 13 126 77 22 58 1 111 33 86 4 118 79 67 88 94 125 48 98 83 33 119 76 112 62 65 9 105 83 122 80 112 58 118 57 68 61 126 61 84 7 117 126 6 114 3 64 25 59 95 114 58 106 12 108 25 65 115 44 20 26 93 43 13 90 83 74 111 67 46 55 112 108 111 104 8 77 75 5 57 42 42 85 110 49 31 98 81 71 77 73 92 67 87 112 96 20 31 92 18 19 107 98 13 12 43 122 102 14 9 59 110 125 58 101 92 122 89 58 119 108 66 115 26 51 91 44 56 118 110 71 31 36 109 71 6 121 121 92 6 44 30 21 33 0 78 16 17 113 69 120 118 71 68 87 89 37 109 116 44 93 118 88 47 1 83 105 0 28 49 90 104
45 116 83 117 14 54 110 68 72 112 90 63 98 29 22 60 13 37 117 19 2 59 7 22 42 120 36 74 58 109 69 9 50 65 13 89 126 97 80 7 114 59 69 81 35 70 14 34 35 54 51 73 54 8 47 29 113 12 61 30 73 58 16 25 9 14 8 1 62 9 49 63 96 35 68 85 58 74 11 122 100 94 125 114 75 77 111 89 18 3 116 109 82 42 82 56 54 41 112 84 99 101 44 46 56 24 63 120 1 107 48 63 108 55 93 97 82 115 123 35 81 48 2 2 6 103 102 0 47 67 57 36 126 50 56 125 91 21 42 33 63 94 31 32 87 4 96 19 44 58 8 71 34 86 53 35 1 50 78 13 113 32 62 13 82 40 124 93 14 53 51 3 14 40 0 32 99 32 59 120 118 58 25 8 67 33 81 56 87 107 94 105 93 45 79 66 10 60 69 82 70 70 97 118 26 62 27 87 9 88 84 112 91 66 14 125 75 68 65 119 81 69 115 124 100 38 64 29 5 32 14 59 52 11 34 3 33 90 38 122 104 12 57 111 28 36 109 37 36 49 26 103 75 71 64 12 53 112 69 16 88 20 64 52 82 3 74 24 102 97 49 56 103 18 85 8 95 82 3 55 94 89 76 81 31 126 63 82 106 78 106 21 85 6 57 33 9 119 117 40 58 30 75 25 18 75 125 27 60 98 23 17 17 104 116 47 6 34 70 58 95 121 30 92 87 70 65 56 55 65 3 71 105 70 50 44 104 77 114 22 11 120 54 40 61 99 125 29 73 68 89 114 14 3 68 94 3 109 20 37 103 101 112 24 126 62 38 75 29 73 104 25 115 41 125 69 89 40 57 88 49 95 118 64 109 118 43 8 0 112 33 28 40 96 70 29 35 63 60 48 1 126 32 74 39 101 1 95 72 48 7 88 61 108 10 44 17 117 100 67 42 101 111 50 101 120 103 95 12 14 36 62 103 23 56 117 106 106 96 108 68 30 57 32 116 42 41 0 57 57 72 31 98 14 78 36 80 30 72 77 30 80 59 106 40 125 124 99 32 123 69 18 69 126 109 37 95 97 111 71 26 113 47 123 100 121 60 62 41 115 95 113 80 98 43 41 49 118 68 119 35 19 43 105 87 52 87 37 105 95 53 83
87 121 112 46 49 126 74 106 85 72 60 66 109 72 52 98 68 38 71 23 56 55 7 125 114 7 12 120 84 116 88 65 54 40 101 81 112 63 0 57 114 72 60 70 14 87 117 121 60 109 11 32 42 42 4 40 8 30 123 10 76 52 41 0 22 103 94 102 38 27 16 45 38 76 63 50 110 36 22 24 92 73 63 71 4 113 12 56 45 98 66 115 15 35 86 51 103 30 58 8 3 121 103 66 124 58 126 7 26 14 104 13 68 23 48 8 1 87 53 7 76 70 28 78 68 56 96 27 23 55 88 86 10 78 87 123 3 70 61 99 48 120 26 69 2 47 6 113 5 37 86 80 9 33 60 51 81 34 117 23 58 53 61 41 97 82 5 15 96 92 35 93 75 59 8 89 9 118 53 121 9 42 9 49 1 112 31 14 44 121 83 125 118 106 126 62 3 86 53 118 12 83 50 104 21 9 20 76 110 109 20 95 93 65 49 107 76 93 61 79 109 104 115 49 90 21 5 111 67 114 82 110 20 69 71 122 90 27 76 34 57 11 73 123 21 105 46 89 37 20 30 18 104 23 74 39 6 121 47 69 97 83 24 1 87 45 25 51 35 103 39 99 50 114 28 120 70 103 38 108 96 58 80 83 68 93 24 126 125 58 119 49 121 80 120 106 38 28 35 73 18 5 8 99 16 83 26 75 74 67 28 90 115 105 49 74 80 61 82 14 49 110 26 33 60 112 82 48 38 5 90 113 84 49 23 89 82 66 24 29 71 93 44 12 50 106 39 45 67 24 96 68 74 56 48 48 116 47 105 112 109 70 70 8 22 40 92 23 26 41 11 48 119 95 60 12 41 109 80 102 62 88 78 13 75 119 9 0 107 50 91 123 114 112 111 65 100 107 112 72 83 40 98 40 124 61 67 97 17 24 58 120 5 67 32 15 115 3 82 67 1 113 71 113 23 26 10 70 64 39 126 64 77 102 82 3 94 15 123 52 72 79 121 22 39 0 64 7 12 61 24 78 2 77 70 13 27 18 11 28 119 19 99 25 86 38 101 117 51 4 98 11 12 9 55 2 51 37 99 108 8 109 20 46 17 92 56 27 24 126 107 94 88 10 16 84 3 60 76 117 112 29 53 74 112 54 25 42 36 20 20 76
89 71 57 65 47 101 66 119 100 57 14 78 90 115 0 102 15 24 80 97 34 94 0 24 23 37 13 10 13 31 75 123 56 104 19 72 69 52 107 38 74 112 86 42 19 102 107 87 86 33 102 51 94 22 56 57 69 69 76 126 78 50 14 68 86 98 119 32 125 72 25 122 104 69 46 103 7 16 37 75 58 11 85 15 13 97 114 30 103 125 117 56 52 117 115 92 92 78 13 106 122 93 55 18 80 19 18 71 63 71 87 26 100 114 32 121 28 46 40 14 56 122 19 53 82 10 108 10 95 69 36 56 24 116 89 67 77 110 69 32 10 93 11 64 7 67 87 93 48 53 87 125 45 49 3 75 41 23 72 71 44 68 118 33 111 46 40 126 45 79 82 89 103 89 12 77 22 17 87 33 10 116 54 42 65 50 89 54 50 79 83 113 60 125 109 12 59 13 57 12 6 105 113 11 64 124 31 23 9 85 121 83 120 106 123 81 70 83 114 74 87 91 109 123 25 116 101 56 109 37 68 92 34 108 103 1 94 111 38 68 42 116 58 99 104 72 6 28 57 86 45 115 103 112 69 81 47 86 109 115 60 123 21 8 29 6 119 110 21 65 20 8 39 122 105 86 93 12 116 120 40 21 47 123 68 66 22 99 15 15 37 60 63 40 79 97 26 43 22 58 17 1 102 0 52 26 117 122 57 54 92 79 11 71 81 41 124 93 124 89 24 108 86 125 44 24 47 28 123 99 42 80 3 114 37 111 16 118 61 54 41 65 81 72 15 62 92 56 77 81 49 109 40 1 91 27 125 111 15 30 96 52 34 33 0 14 83 28 108 16 104 57 111 28 26 84 77 5 63 48 21 88 10 22 115 73 77 27 70 78 19 17 66 87 52 18 82 24 6 68 57 112 76 79 26 106 58 86 15 124 9 28 0 17 51 91 86 119 23 81 114 104 97 14 39 89 30 11 34 13 99 107 64 83 79 15 40 5 59 112 54 80 27 107 112 111 11 68 0 77 122 111 5 107 50 50 3 73 100 35 85 100 55 35 66 72 66 107 39 105 55 8 103 38 46 14 27 84 113 56 124 113 3 26 36 89 85 47 18 0 59 78 11 87 110 95 118 53 84 13 88 9 124 118 5 69 56 79 4 54 123 61
110 58 34 31 103 73 112 7 66 41 81 25 119 110 75 63 17 43 8 86 14 97 123 119 26 110 37 21 102 55 83 75 29 71 24 51 49 74 70 47 94 19 68 72 48 60 23 26 95 28 29 113 5 100 37 119 22 44 61 14 2 19 95 126 94 43 100 115 91 91 87 31 68 124 105 48 23 16 50 30 2 69 69 114 70 10 46 17 46 83 5 61 125 80 55 79 110 23 110 83 55 63 52 74 65 87 65 82 43 3 2 14 53 50 108 7 26 116 44 17 28 2 110 111 1 85 84 121 68 61 64 39 2 31 57 49 33 72 113 62 112 68 124 87 118 116 61 43 52 73 65 13 117 117 19 10 108 51 15 61 75 80 85 55 24 71 51 13 52 39 10 108 81 7 61 112 1 121 54 93 87 47 42 123 7 16 58 83 61 84 114 4 72 51 98 111 45 28 124 63 98 5 74 108 88 110 59 88 111 121 52 100 37 101 91 9 3 65 109 118 48 74 61 22 5 4 102 56 80 110 120 62 23 10 61 8 39 126 91 24 68 15 35 123 77 47 79 91 45 44 2 14 45 39 50 38 42 26 22 40 38 120 75 0 36 59 54 81 103 42 61 77 61 31 65 79 52 13 43 51 45 76 78 80 68 17 119 19 25 119 37 43 41 38 100 92 5 36 24 1 44 56 17 26 41 92 66 45 75 66 16 126 11 18 82 114 100 55 112 121 59 7 52 42 30 98 46 109 13 56 101 63 26 61 32 46 76 99 79 44 0 65 94 73 23 58 0 55 35 113 74 70 4 97 78 96 15 24 29 24 112 18 17 79 122 38 117 3 50 52 100 114 116 100 86 99 46 104 29 54 2 89 81 116 32 90 126 27 125 74 34 57 28 24 78 126 2 57 44 106 15 76 1 101 119 121 47 12 117 9 123 40 65 63 50 66 10 80 30 94 69 73 10 111 53 44 11 83 28 42 64 101 116 36 86 60 94 9 37 104 77 30 67 99 75 30 88 56 93 65 37 16 93 39 79 32 125 98 71 98 118 47 108 53 27 113 126 84 76 94 92 27 74 42 102 28 33 87 43 9 35 79 122 44 83 33 43 88 69 86 64 103 2 2 46 114 62 55 76 67 84 74 90 56 107 0 89 12 87 70 80 58
25 4 66 34 73 1 83 92 68 92 88 1 24 21 71 81 49 24 43 98 84 31 114 94 55 69 21 101 112 121 93 9 63 63 82 117 108 15 65 84 71 2 97 9 34 30 27 30 90 41 8 29 38 90 57 19 41 9 13 79 39 99 39 96 121 26 73 56 58 34 60 48 64 68 102 8 34 27 41 105 28 86 90 23 2 95 56 51 63 65 67 30 12 83 64 16 71 16 4 13 125 105 48 31 43 79 30 73 81 94 16 64 28 50 112 121 116 28 20 74 49 88 44 48 25 50 84 49 16 55 98 91 84 50 24 114 121 78 119 5 48 67 40 87 97 75 40 1 19 118 67 52 102 115 8 59 47 31 39 121 120 36 40 68 57 111 38 11 20 86 41 75 74 106 40 72 67 0 44 83 83 66 42 64 96 62 107 39 111 2 39 107 4 46 73 24 53 124 14 8 36 116 44 23 45 76 18 76 78 59 7 53 8 72 113 47 80 124 13 122 24 88 48 79 81 88 115 25 1 112 49 48 11 74 2 38 16 57 117 97 6 45 26 45 20 58 113 88 9 66 113 19 35 8 29 52 83 58 11 3 33 26 11 125 5 49 33 104 10 74 87 44 3 32 3 25 80 87 0 126 24 88 91 75 16 96 72 123 68 31 67 83 36 35 108 125 66 16 41 17 120 75 120 83 10 113 101 75 88 100 0 106 107 9 33 38 40 23 56 7 48 31 125 97 4 18 27 115 2 45 7 125 15 8 75 79 20 66 120 93 87 125 104 108 58 34 24 19 79 126 80 4 62 53 126 126 114 54 94 79 122 37 85 113 4 70 47 46 0 89 32 3 15 47 108 119 96 30 113 115 120 14 16 3 51 87 30 30 23 115 43 67 78 82 76 20 48 41 100 26 126 80 122 67 92 31 121 100 46 78 41 57 64 106 17 15 97 9 117 105 94 38 2 105 61 113 59 122 53 98 20 73 37 106 71 13 82 123 117 1 54 28 36 102 78 25 78 2 35 76 34 50 63 42 40 98 54 108 83 68 33 67 92 27 74 98 119 26 68 45 110 83 28 71 89 53 72 32 52 64 126 33 47 76 22 70 98 19 50 88 75 22 41 18 110 27 88 11 59 10 119 8 28 87 46 50 31 84 6 124 26 20
89 126 23 0 24 102 63 69 51 61 89 33 5 80 75 67 55 37 44 52 99 104 103 42 11 39 73 84 108 48 117 97 117 70 25 19 50 61 41 87 23 53 124 112 101 42 118 114 62 85 47 60 31 97 91 117 54 66 73 114 117 50 49 50 117 23 10 69 101 60 35 2 23 65 63 83 120 34 75 120 19 66 126 115 52 30 34 87 47 71 117 70 18 52 91 21 63 91 40 93 54 39 56 112 108 104 33 70 19 71 112 11 91 50 20 2 17 40 120 45 44 75 53 42 80 9 17 21 98 86 105 92 126 0 120 102 3 67 11 15 21 10 60 110 119 21 92 124 11 104 16 106 10 92 54 105 38 35 72 111 74 81 28 84 111 106 44 35 81 52 45 121 18 125 37 17 118 90 89 107 108 10 87 32 103 1 26 17 78 50 60 2 78 62 6 17 83 45 13 89 110 90 37 79 74 20 32 100 93 32 49 116 99 97 105 8 61 21 83 87 21 99 68 73 55 22 9 112 56 72 110 45 30 15 55 47 96 46 12 32 4 38 70 108 24 7 13 119 0 32 9 27 6 115 62 111 122 40 12 58 45 9 112 119 88 66 29 112 20 72 35 16 116 48 39 7 86 8 17 93 83 4 10 73 3 80 89 81 90 25 41 32 67 21 7 96 34 55 27 27 90 117 3 85 65 102 77 61 69 0 27 3 125 86 70 49 50 8 23 2 124 9 22 66 6 48 82 33 86 118 103 16 1 49 38 75 92 99 68 8 101 33 29 90 111 37 77 2 118 76 22 60 44 111 49 20 29 125 84 113 60 77 2 45 9 53 31 60 96 112 108 124 33 48 59 21 118 64 47 38 88 43 19 47 72 54 117 84 45 119 60 94 46 93 0 106 12 38 102 21 80 108 120 93 35 4 85 67 109 1 21 37 32 10 67 86 66 121 37 23 5 50 39 102 19 23 38 72 9 21 55 55 76 23 99 93 103 23 32 45 63 37 70 48 11 113 49 5 97 124 120 12 84 52 117 84 76 61 123 73 56 1 40 28 5 12 100 66 45 101 1 4 34 75 15 102 125 30 82 28 11 5 118 120 20 119 94 60 48 52 45 13 112 3 16 29 70 97 52 48 9 118 83 96 7 57 122 55 122 16 8 99
48 32 111 52 60 95 105 110 82 102 36 102 29 50 27 34 38 93 10 21 13 53 42 39 124 81 72 61 67 10 51 75 110 25 126 92 20 52 18 54 73 39 32 20 36 106 13 87 67 13 63 113 63 45 122 42 57 65 20 41 2 103 112 17 43 39 96 21 109 12 73 54 81 9 84 104 9 52 31 20 30 66 118 80 20 119 66 115 47 115 121 3 70 34 56 53 13 108 30 61 45 72 27 109 70 90 50 38 74 119 51 31 77 6 73 115 100 103 22 33 64 43 42 44 19 102 87 104 3 102 90 122 39 24 61 125 36 30 55 93 20 100 91 109 103 106 121 63 26 79 123 44 86 119 112 19 114 111 5 122 109 94 15 108 7 113 48 49 42 96 101 120 102 18 114 109 5 100 42 88 91 79 56 95 55 94 67 14 11 9 29 48 107 65 120 93 21 93 93 110 21 9 115 11 57 34 93 28 44 126 17 15 60 43 57 72 92 55 29 81 77 14 90 120 99 98 37 39 32 107 118 50 14 29 82 13 52 14 53 17 45 80 5 27 26 112 41 11 3 37 19 86 43 6 112 24 117 22 19 77 52 70 67 13 15 28 125 44 67 119 95 12 7 1 1 82 57 56 96 88 68 38 28 63 37 70 65 60 83 89 48 9 64 52 41 84 14 67 25 28 82 55 2 96 20 30 118 18 121 21 122 27 30 47 11 115 86 106 4 40 63 57 29 91 36 92 0 89 124 104 51 0 80 91 92 109 72 46 91 111 31 79 80 111 57 78 3 27 89 26 52 73 36 6 60 115 23 79 46 78 114 79 9 1 72 37 87 4 15 2 48 38 32 28 124 19 55 46 20 111 36 72 89 107 26 52 65 44 100 90 71 97 42 81 55 113 15 61 27 48 103 6 99 96 58 3 48 34 33 47 57 57 81 124 19 21 52 67 6 86 73 29 64 58 39 113 71 85 104 41 82 2 116 72 68 120 110 26 111 100 68 96 45 54 40 96 54 33 97 4 107 38 60 14 12 93 9 96 72 72 110 98 30 21 83 101 73 22 24 4 11 66 94 102 95 83 6 65 86 81 109 22 126 33 83 75 69 62 116 49 69 97 68 48 5 21 50 45 108 70 98 112 119 25 45 7 16 58 121 74 69 118
62 12 62 90 103 38 88 42 121 73 26 71 58 115 9 109 3 105 101 36 40 9 23 44 102 30 0 125 27 110 97 59 88 31 67 5 73 56 59 27 63 48 20 11 38 22 65 22 47 62 101 8 123 27 68 105 25 112 28 7 70 123 51 21 31 50 97 5 96 56 102 32 114 67 19 97 120 54 58 83 88 84 105 35 65 45 62 92 108 17 81 5 34 26 22 13 0 90 121 20 55 118 23 11 2 14 118 11 116 101 25 20 71 100 77 78 30 83 43 1 80 4 82 7 31 124 99 106 119 75 56 62 35 23 36 33 17 99 66 117 93 77 42 4 111 38 38 56 79 20 6 125 64 96 12 72 88 4 67 84 79 74 33 39 18 80 15 95 57 70 95 2 85 17 23 102 90 107 36 80 74 4 42 94 56 69 36 15 74 57 0 71 60 11 6 95 68 86 115 119 52 52 82 62 40 88 83 43 71 101 78 87 106 36 4 51 64 109 90 23 95 106 102 57 64 4 57 37 36 0 70 92 106 76 37 14 108 49 47 12 95 38 14 82 46 51 32 115 108 63 75 57 99 80 48 104 105 47 91 75 4 89 21 21 51 105 99 37 99 83 7 5 48 59 125 42 11 88 12 43 9 123 7 90 22 109 85 71 85 40 52 110 49 79 71 70 61 86 117 1 8 77 46 66 105 74 9 72 96 93 83 114 111 86 48 1 29 55 122 14 116 39 1 83 18 50 70 82 34 27 100 78 48 72 20 123 122 7 111 73 23 126 50 62 61 33 29 49 64 85 34 97 86 18 46 115 111 2 76 41 63 88 24 14 24 29 113 33 116 52 76 109 96 51 102 66 26 13 18 29 106 80 89 60 66 110 38 94 96 24 77 65 92 24 82 39 4 7 121 110 62 28 112 11 39 118 7 11 88 119 26 13 103 100 121 81 77 54 117 28 7 52 114 64 72 69 88 70 126 31 8 28 37 24 75 81 4 14 56 45 116 35 11 54 22 79 63 64 108 21 29 71 121 54 2 85 24 11 86 116 111 37 53 86 40 74 82 2 96 63 68 108 58 67 121 106 85 63 70 57 83 56 10 25 31 66 13 7 77 91 41 19 62 62 97 22 96 101 87 6 36 99 47 75 37 26 47 31 82 84 3 98
69 87 33 76 34 9 84 100 76 39 66 31 14 44 109 47 64 92 117 48 115 28 46 116 106 72 57 29 100 77 23 80 124 73 126 96 53 95 68 14 70 106 97 57 37 100 41 96 101 93 57 121 51 32 86 53 35 14 1 86 126 57 120 92 24 62 124 37 66 85 89 102 125 98 23 111 17 52 106 79 112 43 113 55 102 37 35 101 10 117 53 72 23 105 71 47 22 79 97 50 56 109 5 29 17 90 6 44 52 56 28 34 15 82 52 43 102 40 35 3 41 13 57 97 126 49 118 56 113 15 84 7 107 124 28 77 83 108 79 15 74 121 110 21 30 63 119 81 80 23 103 61 85 62 25 25 61 92 21 103 45 64 109 83 68 40 89 84 99 23 54 96 118 97 1 108 37 54 5 111 116 85 36 70 48 110 126 31 93 120 46 101 97 8 78 88 36 58 38 42 14 33 111 104 97 84 18 40 98 74 7 36 62 108 59 125 120 29 80 29 24 98 102 96 0 50 24 84 22 44 6 15 117 4 50 4 6 4 34 29 85 0 52 4 90 63 18 48 107 117 77 117 10 111 8 96 77 82 94 97 23 84 28 57 112 40 113 27 122 48 37 18 54 8 17 65 63 2 98 16 8 51 62 89 16 95 84 43 90 31 69 123 10 108 67 78 67 101 82 108 27 56 112 97 84 65 77 67 98 72 76 85 13 51 70 93 37 86 31 49 102 2 96 66 90 111 43 44 77 8 35 95 50 66 105 92 78 22 118 16 19 54 98 38 34 77 23 120 115 125 45 78 92 52 93 110 35 100 41 69 80 36 22 116 4 4 108 76 103 16 120 54 75 6 101 38 9 62 12 83 56 102 58 105 68 28 46 112 30 37 96 36 64 35 67 78 48 90 48 11 113 32 57 28 118 125 120 51 85 40 9 35 74 8 124 75 6 33 29 110 109 119 100 56 58 81 35 18 72 68 25 110 23 58 55 78 21 30 111 75 111 0 12 56 39 120 76 80 99 9 36 103 97 117 50 20 41 51 7 42 85 71 0 92 97 117 75 124 66 38 108 19 21 84 6 45 71 50 120 24 18 107 39 71 61 123 0 92 111 99 13 108 80 77 76 115 5 61 112 35 59 41 8 100 26 48 102 33 112 79 107 1
35 50 96 100 43 31 121 49 67 93 33 113 77 67 40 0 94 16 23 29 118 13 32 50 41 18 41 86 38 122 95 58 37 90 32 73 53 61 104 67 113 2 21 59 71 31 59 63 4 65 38 4 61 53 51 44 25 122 6 20 75 108 57 18 33 44 28 84 108 104 24 45 75 86 49 74 5 115 0 33 75 48 55 72 98 58 60 21 70 27 25 17 126 103 36 38 46 86 9 115 1 13 101 78 68 33 55 94 122 42 23 31 81 88 5 85 64 109 78 125 54 99 81 35 70 27 5 4 119 63 13 39 48 97 45 81 14 34 4 25 99 80 20 87 22 40 43 105 114 107 64 77 10 9 105 115 30 15 66 98 19 82 52 64 114 69 11 103 45 81 16 18 68 66 16 13 18 75 84 14 50 112 93 44 102 14 23 99 8 39 86 51 53 43 71 88 53 87 88 116 109 18 87 85 36 29 21 81 67 60 1 34 73 94 17 34 92 122 41 37 81 40 117 76 41 12 65 65 118 29 55 0 71 7 68 56 49 32 101 92 43 38 103 62 56 54 101 101 54 67 73 52 0 24 88 59 113 65 97 28 41 124 88 108 90 38 2 35 34 83 118 44 96 29 12 34 52 111 49 100 77 90 1 44 108 52 58 5 108 35 78 69 119 16 11 114 103 123 78 80 56 3 1 103 35 38 98 86 47 75 36 49 107 99 87 63 88 55 17 104 122 95 95 83 76 64 53 13 95 66 64 71 43 118 59 94 53 88 53 46 38 115 101 43 108 56 39 52 37 31 27 59 62 95 62 106 70 82 31 15 71 116 83 39 124 126 13 43 67 37 95 67 20 122 117 107 90 8 39 122 118 109 111 46 8 122 66 109 26 65 103 28 13 56 53 6 13 39 11 65 61 104 87 21 108 106 21 18 34 101 27 102 30 95 32 55 64 48 75 47 104 87 29 42 125 66 13 99 49 116 46 112 23 24 46 44 118 50 114 41 39 122 56 124 93 13 125 99 22 98 59 60 121 31 111 105 79 38 112 23 69 27 74 73 81 85 22 3 13 39 92 26 96 57 85 94 80 47 69 18 80 37 83 120 47 67 122 120 119 69 83 122 49 64 8 102 60 17 113 0 32 117 16 68 63 55 92 109 116 83 82 95
18 122 91 102 85 15 3 115 101 83 38 67 99 49 35 31 97 123 125 69 76 10 103 120 51 60 51 18 87 11 98 34 11 60 66 12 2 14 26 89 100 65 15 110 48 99 119 114 8 104 20 32 50 16 122 115 52 89 83 94 8 16 10 13 98 99 36 54 65 74 43 0 31 100 59 64 10 33 105 34 62 13 68 123 31 122 7 26 75 28 14 35 0 72 45 59 105 81 121 119 64 113 102 114 1 10 79 20 113 61 113 14 51 4 8 2 102 122 91 18 113 82 91 126 22 107 91 115 80 52 8 55 61 51 34 69 31 76 38 50 121 89 19 60 59 20 106 107 110 35 92 65 66 31 122 66 83 119 49 16 20 84 62 104 124 43 53 51 65 125 16 40 49 99 88 114 73 27 70 112 71 121 66 62 26 85 29 85 57 30 112 82 12 37 60 21 101 85 115 37 81 4 87 52 22 104 120 10 36 111 105 108 71 55 21 62 67 3 99 66 108 47 27 20 115 88 87 42 107 81 1 83 89 30 10 103 98 106 76 91 107 31 112 65 117 68 82 40 88 98 109 43 68 70 87 43 14 10 50 71 17 56 49 49 9 38 13 87 125 104 80 120 70 40 73 45 12 12 103 61 45 110 74 16 94 124 4 81 93 87 15 107 69 44 31 114 106 11 72 52 122 119 117 80 76 21 113 124 110 77 28 84 22 3 105 62 59 47 102 24 99 5 12 56 17 69 69 108 45 45 1 92 35 39 61 70 4 93 104 1 24 94 64 54 73 70 116 113 116 24 65 90 100 20 35 82 51 119 74 61 82 96 93 47 104 63 86 76 33 10 124 35 108 0 106 28 126 30 75 65 65 117 13 12 96 38 115 51 72 92 20 104 25 20 110 74 78 114 30 1 125 10 124 102 60 103 125 12 101 80 3 8 64 81 79 114 38 110 81 97 113 66 74 9 22 115 28 73 99 18 9 39 36 73 8 95 97 43 107 64 97 19 93 115 32 118 66 68 44 23 69 67 88 14 96 70 124 109 74 40 0 11 29 87 55 41 63 82 30 101 14 41 75 1 82 83 24 70 72 44 93 95 38 15 54 15 2 25 36 121 88 44 79 87 67 62 23 120 24 19 22 6 53 72 75 39 83 0 89 92 105 94
40 17 75 88 106 81 4 19 53 53 115 39 75 100 119 98 73 109 9 32 84 93 71 61 4 125 124 101 70 76 10 4 67 85 7 73 98 98 56 83 52 95 58 102 37 83 108 103 117 55 11 126 4 104 118 44 23 78 32 17 56 112 46 19 61 96 8 80 33 30 68 60 13 35 91 25 14 77 112 125 38 43 40 55 10 74 99 82 112 89 69 30 99 66 71 14 29 3 13 76 99 15 66 9 42 62 58 96 118 75 113 103 78 109 5 76 66 80 92 4 83 60 41 28 24 30 73 14 56 44 95 85 110 120 65 54 115 70 61 66 30 31 81 36 18 126 53 41 48 53 47 79 87 52 8 9 106 18 126 88 73 120 52 71 62 64 34 114 1 111 106 112 63 88 51 34 25 25 84 32 37 21 32 66 47 126 22 49 70 75 101 57 24 20 50 6 92 5 9 53 123 88 88 69 83 61 44 3 62 75 6 2 78 65 119 14 62 105 74 46 9 73 89 13 113 96 48 43 10 82 70 56 89 68 53 117 39 3 7 25 44 101 77 26 6 71 4 47 14 24 125 12 116 65 50 30 33 19 50 116 54 79 57 31 81 10 98 37 102 112 18 56 50 84 0 62 28 69 28 90 125 17 97 50 100 20 122 57 35 61 43 68 114 59 17 39 72 48 69 0 24 29 53 88 118 53 45 14 43 73 89 76 1 24 62 48 93 101 111 88 119 67 108 1 51 12 35 76 105 36 66 113 2 39 86 98 33 46 88 112 13 59 57 99 45 67 118 62 16 16 86 104 24 77 91 33 75 67 74 36 17 76 12 44 1 17 31 94 34 38 72 1 48 116 43 76 3 35 126 121 104 121 36 62 126 120 87 71 45 45 5 22 66 86 22 22 66 56 43 35 22 5 18 22 113 62 10 30 54 64 112 44 56 116 17 27 103 97 109 106 98 57 97 52 83 91 107 93 70 22 106 11 65 77 7 123 113 97 41 39 89 112 65 43 88 69 39 81 35 90 4 26 73 84 76 114 117 82 81 17 17 106 25 46 71 28 52 124 65 23 68 80 97 63 115 17 91 98 17 20 40 18 54 32 123 50 76 88 10 100 4 105 119 87 34 36 30 44 13 29 94 37 86 114 7 75 23 121 52 98 68 12
100 110 12 79 77 115 27 49 85 40 94 94 61 13 121 30 54 93 79 12 81 105 105 37 84 38 33 24 41 101 106 23 106 111 83 119 90 59 85 98 57 63 22 65 49 102 0 62 125 40 49 67 54 108 15 6 123 66 10 62 41 48 39 61 22 16 44 44 125 96 114 114 80 115 93 102 16 109 11 20 33 79 76 83 79 31 15 84 62 37 96 92 97 27 25 58 122 44 77 8 71 93 19 12 78 29 4 45 65 123 62 97 79 70 61 0 44 85 35 47 11 110 87 122 36 110 119 14 56 108 52 51 50 79 122 124 120 124 57 113 51 55 113 20 98 34 18 27 33 88 31 74 105 22 31 54 109 109 62 33 123 108 16 7 101 87 77 49 47 41 67 10 41 89 75 62 39 105 38 120 71 77 120 77 35 100 23 35 57 123 55 75 102 93 106 101 30 1 113 74 103 27 46 3 98 105 113 85 83 41 39 77 94 59 38 92 53 23 96 56 76 2 52 121 73 2 51 70 90 103 77 4 122 7 25 77 96 40 98 72 5 44 113 41 23 120 41 55 54 51 77 12 3 81 126 6 43 3 30 40 107 54 119 9 108 35 101 9 106 97 18 30 3 25 6 63 65 22 123 64 52 119 49 106 48 4 103 71 65 122 67 108 79 6 39 1 107 70 71 84 44 14 19 39 34 64 15 115 84 27 32 53 58 21 6 25 65 95 84 90 98 108 121 65 121 14 65 24 92 33 29 73 1 18 82 21 72 102 14 74 49 89 124 65 27 10 56 9 20 57 101 95 60 18 44 31 65 93 4 65 101 84 54 27 82 49 41 37 112 44 19 10 81 94 2 8 45 32 23 122 60 79 68 8 92 55 115 34 112 94 91 0 80 50 2 121 43 63 21 88 50 83 18 118 72 11 21 32 114 116 84 23 55 12 13 74 74 13 8 13 58 8 24 29 59 109 112 19 116 78 58 125 82 15 61 99 113 49 27 87 32 40 22 25 20 69 68 101 118 65 16 81 92 22 23 53 77 23 25 113 40 27 35 48 33 3 40 14 24 83 69 101 70 23 51 76 43 56 78 78 105 105 53 49 41 82 107 53 114 15 100 22 72 6 12 85 60 63 92 80 106 71 79 52 7 119 37 58 31 109 54 96
10 91 5 44 66 109 126 13 34 63 12 88 75 45 13 124 74 62 76 122 9 55 83 13 102 22 52 10 86 75 24 66 126 9 16 96 76 8 74 103 49 44 70 109 21 37 16 25 19 18 11 82 98 123 70 31 0 32 91 121 40 79 112 98 15 17 28 84 101 52 60 112 59 105 37 54 65 50 120 119 5 126 74 123 77 78 105 119 26 73 2 91 15 107 48 18 59 3 91 2 35 15 12 121 54 118 104 19 112 120 50 124 61 89 94 31 2 5 76 46 30 115 80 63 27 92 70 65 19 84 74 84 17 96 71 20 74 15 102 126 81 19 43 121 123 36 86 22 116 35 104 50 13 56 64 81 107 24 116 22 108 118 111 76 85 87 81 112 126 70 76 66 95 37 94 51 90 97 89 72 3 109 103 96 13 6 115 6 12 116 84 7 30 33 108 83 74 115 57 122 65 73 4 104 3 49 26 56 6 101 70 109 116 29 16 8 123 94 41 109 46 9 82 90 8 17 25 95 9 113 97 109 78 122 16 27 79 43 0 55 100 15 2 15 48 56 63 21 31 33 67 107 12 72 103 124 30 112 87 64 20 72 94 111 42 69 93 51 19 22 47 80 30 88 5 103 61 64 34 64 11 114 68 52 84 42 8 90 116 20 50 74 41 5 22 123 59 114 1 76 31 38 79 94 51 73 69 107 14 51 4 85 36 68 18 53 88 82 42 96 43 93 113 64 113 50 98 101 45 110 80 126 21 121 27 83 77 15 80 57 113 7 103 70 95 51 36 65 19 15 104 49 66 42 114 63 82 90 8 11 105 78 8 6 64 116 69 117 58 75 8 55 79 58 96 20 116 35 102 81 123 58 64 116 49 37 73 39 81 21 88 54 54 101 18 33 34 116 85 108 17 124 33 49 25 11 1 37 50 36 91 61 52 118 115 114 3 114 69 85 119 10 112 97 44 31 62 7 36 13 43 89 95 100 88 64 36 106 82 19 29 81 82 112 107 65 112 112 36 104 57 27 91 9 26 53 100 118 21 118 79 67 61 103 79 47 67 92 106 38 24 126 49 80 47 90 9 16 69 29 6 79 121 29 18 103 8 102 49 95 34 99 19 113 18 60 7 97 106 89 6 49 90 13 88 57 8 5 38 41 71 21
9 62 42 44 42 28 94 9 44 37 82 89 108 47 106 81 114 105 47 99 77 98 59 65 11 80 34 86 66 31 10 62 20 7 15 36 102 18 65 67 30 95 93 29 88 28 121 120 30 65 68 9 125 42 5 81 65 23 36 9 69 103 44 22 123 112 96 123 121 58 119 90 24 75 29 46 120 35 96 75 101 56 108 90 32 42 89 41 104 43 20 19 95 8 79 69 71 53 15 23 13 0 103 101 3 97 73 71 49 126 39 91 121 39 29 37 43 47 63 101 64 101 57 49 76 47 102 59 93 47 100 88 30 63 120 45 81 84 82 6 9 47 52 73 45 96 47 46 27 116 61 84 66 71 8 71 7 72 21 40 95 94 29 26 11 52 2 105 61 22 85 63 69 97 110 61 66 117 58 62 58 25 2 79 40 92 108 59 9 2 2 125 96 74 106 6 106 111 38 41 125 85 125 30 76 119 32 71 28 58 91 2 4 93 51 89 124 24 56 63 24 105 110 80 119 55 49 21 99 66 25 3 98 49 46 49 54 40 52 58 94 35 67 102 94 82 16 9 27 31 27 7 58 78 2 1 32 92 80 99 36 122 71 93 41 80 78 28 110 88 38 45 37 109 108 72 82 0 52 89 105 85 72 107 126 69 63 3 52 73 99 114 25 60 67 9 76 100 78 63 50 18 48 63 18 122 124 68 24 103 65 85 19 66 43 19 62 65 59 80 69 110 104 37 74 64 73 92 99 33 4 68 11 61 30 38 0 94 22 95 109 63 75 92 1 36 116 50 58 105 73 76 112 24 93 11 51 109 21 115 8 5 66 2 112 109 13 1 45 86 41 1 123 61 102 6 43 91 96 32 80 63 62 88 91 40 103 55 62 121 1 80 121 116 93 18 81 89 41 39 79 58 23 105 21 114 47 56 15 41 28 51 85 105 59 114 97 63 51 9 34 57 105 11 9 117 109 95 39 86 19 28 1 77 124 23 30 21 116 89 66 12 106 52 41 17 18 96 30 60 109 8 67 106 45 42 15 88 15 66 51 94 115 109 102 104 57 95 62 38 44 21 94 102 115 29 105 66 20 51 123 6 75 37 120 104 80 24 126 12 86 30 112 85 34 35 71 113 37 96 28 77 21 18 78 12 119 98 107 122 46 27
24 126 47 24 17 31 113 121 7 40 41 95 58 84 123 62 90 94 38 1 78 36 36 1 119 107 75 18 66 26 27 10 115 22 121 86 95 35 30 95 62 50 96 121 56 28 11 29 13 102 19 5 111 93 30 104 73 66 53 63 16 117 88 87 68 10 105 123 98 113 111 109 112 15 105 60 25 119 46 8 72 23 64 66 88 29 97 114 108 96 117 80 78 39 72 12 105 80 10 19 97 82 85 59 24 96 118 36 112 78 43 63 100 21 31 104 28 0 98 37 39 112 5 3 59 96 57 89 12 14 94 125 123 77 28 17 73 64 48 20 102 93 117 107 126 121 0 75 7 113 8 109 55 92 112 23 120 45 117 81 124 69 34 49 77 90 112 40 52 106 71 75 121 56 75 83 124 82 70 123 32 102 110 34 16 126 19 19 69 56 117 114 23 77 56 83 84 0 45 42 107 65 31 90 25 45 115 87 22 57 107 44 22 62 37 69 60 34 121 93 1 93 84 26 116 56 64 62 43 91 9 70 24 14 116 100 38 46 114 59 102 115 104 17 26 82 9 45 41 74 42 104 63 3 114 105 43 38 109 113 116 37 109 105 124 83 58 57 2 71 36 69 121 22 40 88 77 45 58 123 1 27 79 100 10 55 16 66 8 35 71 68 0 73 54 55 38 77 116 18 95 59 48 118 21 31 80 34 35 32 87 58 38 109 102 116 81 59 7 38 33 1 9 13 41 1 35 120 86 95 84 109 53 121 106 63 58 12 109 3 111 126 89 40 74 69 29 37 115 92 99 23 18 69 2 81 102 43 55 83 81 54 107 25 118 26 59 67 46 120 17 66 15 80 13 80 58 10 28 68 81 125 38 59 117 94 15 50 51 79 113 11 13 13 96 115 96 28 6 29 120 15 88 34 54 33 68 106 26 44 117 49 18 35 91 71 29 96 54 29 39 40 70 104 114 0 48 72 106 63 32 94 65 53 76 44 27 21 8 101 29 51 40 32 103 42 101 52 61 0 53 89 51 71 102 96 1 35 2 108 120 26 37 23 91 99 82 69 101 37 53 74 34 119 110 6 64 10 78 96 13 78 5 109 65 27 82 113 34 111 114 122 45 58 119 27 86 16 84 15 116 33 32 106 118 31 63 83 23 84 91 89
20 22 17 28 54 99 70 38 7 56 38 126 58 16 101 45 33 57 115 99 72 110 96 7 98 66 59 40 28 53 37 53 14 0 12 119 55 0 100 4 88 19 3 79 124 113 25 126 17 0 18 98 11 32 35 85 97 118 82 73 23 99 13 97 41 45 88 55 29 32 10 101 84 6 49 92 15 75 96 9 85 122 124 56 88 68 107 115 99 122 32 71 1 34 6 119 109 38 85 45 5 76 4 68 28 55 6 87 95 61 43 6 12 107 89 19 80 4 78 86 8 125 103 55 100 12 65 9 89 9 92 3 56 32 77 72 7 120 21 97 17 57 56 1 90 75 106 16 85 62 24 15 89 75 15 4 101 16 92 74 48 126 114 88 50 39 47 52 91 76 85 78 93 35 70 51 25 48 101 19 67 75 92 121 46 126 63 38 8 40 81 39 105 50 38 22 69 90 38 125 100 61 63 53 86 69 51 1 79 37 89 37 1 28 35 23 39 76 80 95 77 67 34 61 98 16 116 107 9 87 74 49 122 14 101 29 77 2 96 103 67 43 106 10 37 109 30 75 124 16 96 86 30 110 96 108 74 3 75 5 92 32 21 95 112 51 53 62 8 123 79 20 22 61 9 7 81 76 4 33 37 96 97 25 25 92 118 47 43 93 64 122 10 115 69 24 39 121 44 63 29 16 2 69 41 20 51 84 102 21 5 124 52 117 38 114 77 55 86 30 15 61 118 48 1 42 41 3 15 31 27 31 32 76 26 124 27 81 68 62 94 22 83 10 61 52 92 118 25 33 6 21 61 38 94 101 43 44 92 89 121 74 94 117 1 48 106 47 92 107 79 97 30 44 1 99 93 54 40 108 126 41 126 92 21 111 70 10 60 1 77 109 16 9 3 49 87 111 104 28 74 110 24 39 43 34 9 12 17 108 10 115 87 6 17 86 31 66 13 96 20 42 108 57 18 93 2 80 28 39 67 68 51 105 0 51 88 12 31 60 19 73 14 29 71 86 6 63 34 20 26 73 9 100 33 26 94 70 2 111 86 74 79 76 6 88 29 12 7 47 22 89 54 16 104 95 59 81 70 72 13 46 61 69 78 115 4 47 4 102 105 32 60 31 84 26 5 24 79 73 74 61 60 71 107 55 90 54 29 115 112 12
64 115 125 98 53 9 19 24 59 66 86 106 35 2 34 73 39 31 27 80 73 69 102 115 43 84 43 125 68 104 126 18 2 121 22 20 123 108 48 34 36 117 55 7 67 72 42 118 8 6 4 106 48 30 22 52 37 91 2 26 101 42 38 94 112 40 107 70 104 80 86 14 88 73 41 43 98 118 35 26 75 86 114 85 112 78 59 119 88 63 116 32 12 36 15 9 59 9 120 124 55 24 102 124 67 112 105 15 41 78 111 92 93 107 48 37 2 13 43 42 70 88 61 117 124 67 21 26 87 118 55 57 37 60 5 25 24 43 45 88 121 49 77 123 20 98 17 98 100 35 65 40 61 33 49 65 104 27 85 51 27 126 55 69 102 96 81 8 0 9 7 11 78 59 108 109 11 124 38 36 112 43 80 47 116 84 28 70 103 17 37 63 63 0 90 64 40 40 21 49 7 81 46 33 21 31 37 120 95 91 84 97 89 20 62 68 119 120 109 27 114 6 99 72 0 70 84 82 82 31 40 47 54 69 17 105 84 35 23 75 82 93 79 2 81 16 27 80 114 86 107 34 86 9 117 57 26 29 31 71 81 110 24 28 71 14 37 105 63 22 35 106 38 114 59 47 124 42 35 77 14 32 77 49 125 125 98 39 58 118 47 76 33 55 106 0 110 26 40 60 0 60 78 100 102 94 3 105 112 5 69 3 32 121 17 29 70 95 32 75 85 38 115 111 83 28 73 65 124 29 120 57 47 4 109 59 105 120 3 37 21 116 12 51 110 26 13 37 51 44 30 114 19 60 86 16 71 21 31 37 90 107 108 105 1 69 64 100 47 94 56 30 51 70 35 33 55 93 117 55 82 4 95 104 10 113 53 36 60 88 29 4 33 74 121 80 44 34 98 91 7 76 8 4 114 73 28 70 112 4 73 20 89 41 57 22 105 65 96 103 70 111 0 47 29 70 48 30 116 9 113 15 68 55 115 78 107 126 70 50 111 79 63 15 80 91 81 98 12 62 77 114 45 53 6 77 50 94 90 6 122 2 69 5 65 84 110 42 5 95 72 19 28 17 67 51 27 23 22 40 76 3 88 89 61 68 68 65 104 13 92 114 44 14 60 100 19 3 101 54 21 26 26 17 15 9 12 103 50 52 14 88
93 110 52 121 50 84 10 87 13 58 55 101 43 115 59 61 4 35 16 78 34 14 54 48 30 106 114 109 73 97 119 117 36 1 74 26 12 89 75 75 117 49 88 96 115 124 13 98 115 87 79 77 28 124 0 103 11 103 83 96 2 20 52 15 54 35 124 105 31 109 68 73 91 7 21 26 64 2 7 86 8 59 91 86 43 115 116 57 78 126 104 104 67 95 43 47 53 53 29 13 37 67 40 106 23 23 40 34 31 110 45 86 49 54 110 95 77 125 45 123 18 4 21 119 91 33 123 116 3 105 1 3 126 28 56 86 53 56 116 66 73 44 107 122 121 90 31 113 76 63 99 13 88 37 120 44 67 68 91 103 29 73 58 55 124 14 78 116 37 81 59 49 122 63 122 95 38 78 0 19 125 93 26 79 21 103 1 23 110 59 49 6 58 25 113 118 102 28 79 19 81 76 74 0 54 38 74 71 41 105 11 41 123 106 74 95 88 39 45 33 8 86 82 50 50 41 99 120 25 24 54 79 31 75 19 41 109 101 64 11 104 95 64 4 121 111 58 80 119 72 61 4 31 61 67 34 55 13 94 121 16 35 2 49 57 87 96 53 32 96 89 89 124 64 78 45 19 86 71 18 75 43 11 92 70 88 80 95 12 88 92 12 15 99 28 49 124 101 94 23 49 74 24 26 84 122 69 83 75 49 81 82 58 69 104 113 93 49 117 23 52 60 7 57 10 20 92 1 81 49 82 28 7 71 8 34 111 87 26 69 22 117 62 35 63 21 104 80 51 63 122 107 89 75 27 93 36 67 53 125 111 44 106 106 11 119 6 67 22 18 47 126 3 52 76 62 110 74 5 126 67 36 120 113 43 9 46 102 21 125 97 42 30 12 107 116 45 16 84 76 94 3 29 77 110 55 98 68 22 75 55 60 1 22 107 122 98 4 72 6 32 82 84 105 31 23 112 28 125 33 93 76 20 5 92 24 68 72 48 113 53 25 116 64 124 19 121 26 31 75 44 65 48 91 15 106 28 9 80 110 25 49 75 3 11 106 96 77 58 101 99 98 123 74 30 61 67 125 106 8 2 65 110 67 76 89 100 72 113 30 114 46 96 7 56 73 8 54 121 51 98 82 6 56 57 103 52 57 98 19 94 19
110 90 122 50 2 14 65 73 118 32 14 92 14 46 106 111 90 104 71 74 62 38 80 50 65 63 63 103 77 86 88 59 109 100 97 10 51 64 46 64 83 6 115 49 3 70 44 53 73 48 54 95 41 18 5 11 14 116 41 63 29 46 24 49 81 88 85 69 58 122 87 12 36 62 70 118 37 84 33 93 32 2 85 97 31 116 111 39 109 16 116 66 1 87 18 45 10 39 106 111 96 10 107 124 25 98 10 32 22 93 111 6 122 57 126 56 25 85 85 68 6 74 62 50 82 67 35 97 82 72 11 118 112 96 100 16 70 49 31 24 76 12 32 119 31 12 67 34 114 3 25 25 92 22 15 36 17 106 119 14 122 59 37 78 52 121 73 106 71 38 77 6 18 1 92 98 15 38 10 13 45 7 64 51 58 33 28 109 113 67 100 59 114 18 83 102 120 122 107 36 89 81 2 3 4 13 96 0 5 99 44 57 13 51 73 73 65 20 99 7 111 39 94 96 33 14 124 118 50 107 1 29 32 82 66 67 92 19 94 22 37 43 16 73 91 89 117 6 14 0 31 68 115 48 0 97 50 83 66 117 41 45 124 56 49 19 118 112 73 61 70 45 30 5 31 91 56 17 96 23 15 41 15 48 43 22 78 82 111 10 92 99 15 38 22 10 121 25 49 90 104 49 60 18 34 51 19 0 68 120 91 38 102 85 92 78 65 85 53 70 37 95 97 119 59 122 123 112 28 51 118 86 101 51 78 14 25 6 72 72 22 67 107 28 10 95 87 126 92 0 51 39 51 65 21 50 69 53 86 34 46 110 6 63 61 50 22 97 119 9 35 107 87 126 67 118 83 80 119 67 19 88 69 24 104 95 70 120 44 120 93 83 20 86 9 123 16 39 101 67 116 115 95 44 74 120 124 63 72 68 9 85 101 58 13 47 114 59 90 1 115 117 16 125 49 91 28 40 89 104 108 45 76 71 19 104 65 96 10 93 38 96 104 113 40 68 118 45 47 90 18 119 37 85 94 117 123 50 95 107 93 25 63 54 102 89 33 109 125 59 45 4 124 119 8 100 117 8 69 116 90 106 82 5 70 28 99 81 117 113 82 46 117 84 44 71 51 15 11 124 8 17 120 55 69 104 32 68 21 25 33 123
80 95 74 101 13 101 39 110 51 10 27 28 40 49 75 99 65 18 120 17 104 93 32 60 78 42 43 26 95 46 21 102 54 13 4 118 61 12 17 73 80 93 76 20 56 83 26 61 97 28 86 16 123 82 48 99 63 115 76 72 21 83 16 2 14 26 25 39 11 125 87 81 87 25 118 51 33 16 51 116 105 24 105 70 33 97 30 21 113 95 7 93 76 61 19 43 76 26 74 97 30 37 99 29 88 55 99 120 47 49 65 35 6 116 122 102 7 75 113 104 49 115 27 35 117 85 58 90 98 50 5 28 37 17 98 99 88 114 121 2 13 60 89 18 40 21 7 62 53 37 93 60 17 34 54 53 52 25 120 38 122 98 81 8 26 66 78 61 68 20 100 101 88 31 120 21 76 105 7 87 51 7 88 123 5 120 80 35 124 36 44 3 5 115 115 34 19 43 49 33 49 24 120 112 120 112 108 41 81 29 7 30 108 25 118 91 117 83 42 10 119 123 121 102 34 20 34 29 53 80 0 96 67 107 112 56 116 66 92 39 23 28 47 36 102 13 59 17 111 73 59 46 43 73 113 116 89 87 87 77 113 110 12 122 116 63 118 18 9 79 86 32 125 57 59 32 57 69 79 68 78 42 48 68 55 75 118 75 38 104 30 36 23 88 74 108 38 106 114 79 34 9 94 51 57 122 88 65 72 0 26 110 105 78 8 32 110 107 106 76 74 67 90 7 101 32 117 72 92 41 34 11 97 93 72 88 1 36 84 85 68 97 13 94 112 68 71 111 71 39 117 77 61 96 23 55 4 98 22 117 106 18 111 30 99 124 99 57 20 75 52 119 49 16 86 126 113 31 60 92 27 45 71 22 60 121 66 107 125 115 66 39 123 93 18 33 21 36 7 49 86 113 41 111 115 51 63 64 61 9 92 53 0 73 107 11 82 2 77 54 49 68 94 24 61 46 75 67 78 100 42 91 44 88 95 0 81 72 76 89 44 102 83 23 117 22 125 101 8 77 91 113 79 92 0 53 11 32 76 5 111 12 102 118 65 68 6 22 105 35 25 2 79 26 91 62 96 32 111 125 30 111 55 124 113 30 72 83 74 72 29 39 93 32 90 95 1 19 104 0 124 23 125 26 30 82 98 1 118 36 126 37
106 91 15 83 84 14 120 46 12 59 125 68 46 108 46 35 61 21 77 88 0 50 32 30 6 102 49 61 90 23 11 35 54 26 124 114 90 43 13 93 22 35 32 18 91 68 95 94 4 10 114 78 81 55 48 21 67 90 64 95 70 9 126 45 70 77 2 117 12 2 54 61 115 27 23 119 50 19 10 69 58 114 80 25 0 111 59 107 36 100 76 97 45 93 26 107 26 69 20 107 14 113 72 4 122 76 100 94 18 28 47 79 119 52 90 20 94 113 107 92 15 109 58 110 26 92 91 97 74 76 94 50 107 79 55 98 42 92 100 87 100 51 95 117 30 60 86 117 1 57 79 45 98 0 115 85 102 106 103 101 13 15 3 118 120 88 109 47 115 1 14 46 74 9 66 92 38 48 57 116 104 76 8 25 30 28 52 60 48 64 95 60 73 64 58 10 77 3 41 72 19 117 70 52 78 44 12 64 84 51 32 95 122 97 104 46 95 109 1 25 108 56 125 92 81 6 96 103 3 13 94 97 31 56 100 14 21 109 28 80 110 44 45 54 25 22 54 27 17 46 85 25 54 52 110 107 52 61 59 118 36 24 75 80 77 95 52 78 105 72 95 60 12 87 60 83 32 17 18 112 96 107 94 71 54 10 65 31 51 34 27 92 34 90 23 114 103 115 47 19 89 73 49 99 84 43 0 50 24 43 73 101 16 34 89 21 54 85 23 94 100 49 122 100 117 61 98 66 20 81 96 73 40 31 34 67 67 25 89 41 33 98 39 57 102 73 75 6 73 49 82 48 87 26 104 64 79 100 77 91 13 78 18 98 28 77 51 92 55 39 60 0 0 117 0 46 8 7 75 36 76 84 36 110 78 1 23 56 28 122 66 113 30 89 74 30 74 72 92 61 25 33 83 103 25 121 57 79 80 120 42 73 44 3 97 120 110 0 34 107 107 40 126 86 32 113 4 97 79 96 79 20 50 69 104 78 89 33 77 64 24 0 88 38 106 76 19 108 16 98 67 57 81 22 45 93 21 55 27 35 96 45 107 32 44 12 30 71 49 23 35 125 114 116 81 66 119 89 62 79 113 19 86 120 103 49 58 125 93 104 52 30 81 110 126 14 46 54 27 112 59 48 89 120 75 93 33 69 87 32 15 102
102 70 22 91 118 101 20 39 51 42 59 122 2 43 52 52 104 3 76 81 108 38 67 12 24 70 61 28 13 98 83 75 11 39 87 114 62 28 32 39 46 124 86 104 98 111 71 55 19 97 41 2 27 86 29 94 49 80 91 10 114 87 32 72 99 28 121 42 93 7 78 64 115 6 30 17 80 49 92 69 4 90 121 21 88 89 94 113 4 69 2 78 66 1 113 89 23 86 78 100 78 94 126 44 84 42 58 93 62 113 90 75 66 18 26 2 62 1 82 64 50 52 121 18 71 55 63 76 113 80 36 105 71 50 24 50 47 102 114 13 86 76 118 41 8 122 108 59 15 73 72 103 59 99 76 80 34 1 113 2 67 52 81 18 45 9 72 96 120 31 35 96 113 100 41 37 121 107 75 71 26 40 17 47 99 97 29 61 105 51 24 118 20 98 124 65 82 7 114 37 21 84 115 123 17 63 31 120 60 13 97 60 24 117 14 52 126 36 16 99 76 15 3 123 2 1 97 53 32 26 107 88 99 91 45 93 50 54 4 56 71 66 99 21 61 46 98 55 115 120 124 102 88 75 28 34 55 70 4 19 21 44 75 19 86 46 70 109 91 85 46 98 81 21 14 103 3 118 123 13 2 106 104 12 94 117 117 124 111 116 100 108 53 99 116 67 39 125 46 123 122 42 62 70 112 29 118 33 105 23 121 31 39 105 115 101 74 116 72 121 17 33 4 57 47 10 28 27 69 34 42 37 29 35 120 0 33 2 39 15 68 8 80 96 5 107 106 31 15 16 111 113 106 94 36 45 29 16 75 2 84 104 36 19 44 91 78 41 64 69 50 113 62 11 17 87 108 113 95 93 86 82 99 97 32 69 98 69 111 16 41 93 52 111 45 62 45 8 43 20 123 39 83 10 62 9 90 90 32 32 33 87 112 42 22 125 73 122 13 47 11 8 51 66 66 40 103 102 35 97 30 69 92 93 123 93 28 80 80 76 77 33 18 123 106 3 103 18 32 117 19 45 69 113 125 26 46 0 87 85 58 27 66 117 69 37 48 10 44 35 29 63 32 57 18 124 40 43 98 63 0 60 15 26 20 6 59 121 49 99 75 77 63 94 97 19 112 43 52 46 116 55 96 21 36 0 62 24 86 118 35 37
19 106 121 25 62 26 42 58 49 15 23 102 38 107 79 25 25 122 8 82 67 66 15 94 75 80 21 36 73 53 48 107 101 32 45 8 109 19 6 29 5 38 70 99 44 57 46 46 36 100 105 42 67 3 76 61 73 55 20 24 92 19 70 3 113 89 85 19 45 100 19 29 114 68 72 99 99 75 115 85 86 42 52 21 29 92 92 126 111 112 80 5 9 70 89 107 121 44 92 12 43 56 30 63 50 71 116 85 83 30 72 103 110 109 85 4 121 115 113 55 69 47 53 31 52 56 68 76 57 117 45 99 25 54 90 49 53 110 126 7 45 65 98 98 122 59 17 40 19 49 66 23 63 74 70 49 49 94 3 106 42 27 56 99 57 103 34 35 118 111 98 21 83 95 77 47 75 38 24 17 47 93 95 85 63 97 34 72 89 100 113 7 15 13 50 11 106 45 87 77 7 66 14 99 38 38 48 41 81 112 61 117 42 43 77 10 66 82 94 100 36 116 117 55 108 44 89 62 67 121 49 6 14 122 91 103 28 35 109 94 11 103 39 11 34 51 28 11 39 51 31 86 73 93 126 34 49 114 40 103 114 46 38 24 109 84 74 100 15 28 10 49 115 113 81 36 80 30 115 103 111 95 52 121 44 120 41 87 29 30 63 60 40 116 72 108 64 29 46 121 76 124 78 17 33 110 35 115 73 17 74 61 126 112 55 59 37 73 97 120 37 54 108 88 75 11 110 80 81 4 78 65 115 55 0 110 117 44 105 84 84 80 85 115 118 1 118 33 71 87 21 2 4 46 85 88 124 25 71 71 113 38 37 58 95 82 38 28 126 123 98 124 58 114 2 56 101 74 25 88 31 120 47 75 77 20 120 62 63 90 109 56 125 119 120 36 119 92 105 111 71 64 4 73 10 75 89 55 29 107 88 110 35 75 37 95 7 98 71 41 65 76 29 62 111 11 115 89 121 62 67 102 76 57 80 83 77 101 125 79 89 29 13 25 122 48 68 109 100 90 78 45 45 38 28 89 108 81 75 111 28 67 79 92 30 43 49 97 19 105 98 123 87 68 53 23 47 10 32 28 46 60 11 2 92 112 34 42 17 121 42 86 61 94 14 10 82 43 73 40 60 98 83 106 59 86 45 1 48 19 18 7
10 31 92 25 15 99 2 114 18 10 109 98 124 86 12 115 114 21 98 13 36 2 80 103 37 14 9 30 63 115 122 118 100 62 126 63 42 108 119 57 94 91 70 73 73 34 109 32 106 125 39 89 11 125 1 86 67 59 20 91 60 1 45 54 21 4 16 62 72 99 105 62 29 100 51 11 95 87 44 105 3 56 25 125 50 15 84 78 78 53 31 56 28 12 124 105 99 75 93 61 90 105 33 32 72 125 9 44 68 79 64 1 7 76 124 121 24 103 89 8 75 69 9 78 93 103 67 103 74 12 125 24 120 67 58 76 126 0 88 69 109 69 80 27 17 0 93 90 10 27 29 82 55 3 30 27 110 66 32 92 23 47 95 67 3 64 10 115 14 72 12 126 20 54 76 68 118 110 59 32 32 0 19 80 64 96 16 0 123 10 91 71 51 55 56 81 61 58 0 60 57 100 51 96 120 83 76 61 40 15 33 45 20 57 56 92 67 63 4 68 118 102 31 86 85 0 61 52 97 91 8 41 105 54 122 86 44 120 124 95 38 44 74 40 97 39 115 42 90 44 10 121 76 44 60 70 65 31 105 96 33 88 89 112 68 17 41 80 32 82 64 50 52 27 120 41 87 39 120 10 34 108 17 110 106 70 38 62 53 31 119 42 42 41 34 46 44 109 44 75 96 11 18 74 70 43 12 27 0 56 105 53 28 71 19 59 11 14 117 50 70 116 65 35 55 89 62 124 98 62 64 20 43 77 23 28 4 18 86 118 70 15 68 42 87 30 124 68 22 119 120 120 112 75 32 34 7 35 76 33 115 13 120 46 55 90 68 57 77 5 29 104 110 44 121 49 87 54 64 37 17 43 52 8 26 23 122 96 84 102 47 38 7 108 7 27 19 104 54 82 46 72 103 124 97 58 9 39 12 75 23 92 54 50 34 4 51 33 4 12 93 54 2 10 85 60 41 6 64 52 3 51 72 9 9 62 18 69 25 0 28 75 33 80 5 113 77 9 94 44 78 61 9 74 109 121 106 32 92 100 63 92 12 79 70 31 119 91 1 60 113 86 99 83 30 64 84 78 26 120 24 69 84 66 15 19 66 86 99 30 7 100 10 11 39 13 56 39 94 107 24 6 45 45 95 75 36 66 109 65 104 68
84 59 28 85 12 3 70 71 91 51 94 59 103 51 51 50 21 23 112 21 27 35 31 94 30 67 67 39 71 14 101 63 82 16 37 123 87 46 15 59 8 36 3 96 2 84 37 65 52 109 114 64 116 95 27 21 97 7 43 18 76 96 94 80 31 68 121 64 2 101 119 58 4 46 82 63 66 9 82 42 57 5 98 91 42 104 38 122 44 10 114 73 26 52 109 10 20 81 72 60 12 11 100 10 55 32 111 26 14 8 117 67 118 47 46 29 34 33 82 16 125 112 54 103 38 39 31 84 115 66 83 123 98 56 115 58 5 64 116 108 10 95 33 77 96 11 53 71 22 17 71 34 30 6 49 23 100 76 13 103 126 14 92 5 98 30 99 99 36 79 6 79 1 71 15 101 103 102 95 77 66 120 16 21 82 17 39 60 33 124 73 114 90 3 37 86 43 77 115 89 17 77 123 7 48 5 66 1 105 39 83 64 126 67 16 20 106 40 21 43 6 114 83 101 43 40 29 67 15 96 64 98 113 118 52 69 85 47 15 57 117 60 104 113 126 58 91 42 49 97 87 93 11 40 53 78 96 16 39 12 5 88 62 21 40 20 99 126 119 113 6 63 24 19 126 45 52 43 38 91 23 99 117 78 29 6 30 47 52 67 46 115 105 109 8 60 118 78 24 9 83 35 118 107 18 81 20 111 33 122 37 20 32 125 29 24 68 85 115 53 21 58 59 68 49 35 102 96 86 74 122 81 49 115 5 42 120 37 65 79 56 41 25 52 70 70 96 116 7 9 48 77 57 104 67 14 90 4 88 59 47 28 78 51 78 75 65 124 99 91 26 7 84 123 62 111 39 42 108 76 63 64 104 37 83 40 18 66 82 86 60 18 12 10 13 99 90 97 92 22 61 79 12 123 66 4 17 67 56 95 116 117 20 120 34 7 44 96 36 125 63 81 93 75 48 103 123 104 120 95 21 92 80 11 75 23 3 114 75 40 113 41 58 28 87 43 35 97 95 110 44 18 14 4 90 69 96 21 106 110 91 108 31 11 48 60 32 5 2 109 103 66 100 4 24 94 90 43 55 11 64 46 84 45 37 102 32 45 12 14 3 61 75 99 76 45 12 76 112 63 47 109 118 49 77 16 111 95 66 125 15 15
4 65 52 3 87 38 75 90 107 34 93 28 18 36 82 22 63 107 98 86 46 59 29 111 33 1 17 46 90 20 104 38 0 58 19 119 67 103 118 4 32 5 89 61 63 77 125 2 39 87 109 123 23 45 51 89 40 30 106 0 59 117 103 85 6 86 100 84 112 118 35 8 6 79 116 19 4 28 54 98 28 110 95 59 100 48 120 89 3 45 51 108 91 123 44 33 27 49 2 38 44 97 67 95 121 68 126 126 92 81 79 22 63 61 98 98 117 91 92 62 43 93 41 76 28 60 64 17 91 38 80 14 83 24 92 82 15 30 67 24 35 29 45 80 37 50 1 122 61 38 114 109 101 14 102 100 13 17 53 24 83 42 21 47 98 78 60 94 9 87 53 29 59 2 43 13 19 113 104 89 65 60 102 6 113 104 37 66 60 54 4 86 66 82 88 26 92 88 23 31 35 24 4 95 83 89 73 90 16 56 46 92 120 75 25 41 38 27 56 114 64 88 45 47 55 87 77 77 98 104 6 19 114 12 40 22 93 64 82 10 65 41 49 77 50 2 112 87 39 119 11 16 104 7 61 30 81 51 119 50 24 74 9 105 88 117 117 67 6 92 121 90 2 11 39 123 110 73 69 18 76 63 121 31 30 31 16 65 90 73 113 37 111 91 71 88 123 26 32 27 53 2 14 76 10 68 74 58 48 21 117 102 57 103 50 120 9 109 104 24 60 58 23 124 91 125 125 55 64 105 58 109 62 117 40 60 9 117 21 74 101 17 53 18 55 31 123 120 53 0 55 53 4 91 36 69 102 126 66 39 33 29 48 67 124 76 109 80 114 18 48 3 103 68 117 124 65 94 102 107 0 114 115 71 57 66 49 16 79 63 83 53 63 10 47 42 23 123 126 19 91 116 113 88 52 107 6 112 59 112 27 44 103 68 85 7 99 65 28 26 123 115 77 8 42 64 17 28 81 23 37 43 89 74 70 43 117 43 79 37 37 120 60 102 103 5 85 15 81 25 111 96 59 26 26 101 89 23 99 15 94 90 30 61 50 102 80 75 94 11 108 11 42 118 27 64 21 8 23 96 19 109 2 40 28 119 120 85 102 9 74 39 46 12 15 61 14 11 106 50 120 118 4 44 48 9 86 126 121 10 6 10
90 75 34 79 15 67 9 26 11 96 55 19 99 37 76 87 44 54 39 112 102 19 66 19 14 65 5 108 47 100 65 54 56 13 126 57 92 76 69 14 102 121 108 78 27 81 52 2 54 7 6 111 42 38 17 34 38 65 16 28 13 70 81 105 29 59 87 120 118 27 19 74 91 106 6 46 16 82 74 93 111 41 98 52 67 45 98 55 42 121 37 111 79 114 20 91 83 38 59 122 115 22 98 117 51 62 61 80 13 83 38 62 38 30 27 70 69 67 92 87 40 64 126 108 112 44 52 80 66 119 51 84 30 23 89 122 30 31 67 16 36 47 24 13 22 42 102 26 48 61 19 24 2 80 59 32 74 7 22 124 4 2 31 31 79 29 7 24 91 10 90 85 40 89 59 62 78 78 113 30 71 86 116 90 65 27 96 90 50 70 31 16 37 71 8 65 104 111 13 52 75 33 71 120 66 100 114 96 20 61 80 70 57 78 54 56 78 67 65 5 45 26 45 56 7 15 73 51 85 63 5 70 48 72 119 45 6 107 27 61 64 18 72 76 78 52 122 12 105 27 118 4 34 66 85 10 28 115 44 51 37 68 68 57 9 97 40 59 114 122 115 64 70 98 44 94 116 13 2 95 62 64 4 74 16 48 62 125 54 13 119 24 24 40 15 83 44 21 14 101 22 4 103 75 116 41 35 109 87 80 19 108 116 89 97 109 87 80 75 124 34 69 71 37 82 31 62 11 14 89 6 102 39 116 90 39 90 122 110 15 43 27 105 119 38 126 59 16 47 51 74 4 100 121 59 90 16 40 14 6 75 71 68 29 50 107 53 118 92 73 15 65 53 63 53 57 9 61 98 1 6 27 95 22 9 126 63 59 9 117 111 91 98 108 120 30 51 75 50 0 36 26 121 44 13 81 119 26 12 15 20 36 15 86 118 98 113 25 49 89 70 18 15 123 94 77 21 1 101 80 44 14 98 74 91 92 77 11 46 12 119 78 102 41 93 13 101 96 16 32 32 90 111 52 39 122 5 51 18 51 39 92 63 68 43 41 112 50 48 85 121 75 76 93 104 112 83 43 78 89 93 125 112 95 38 75 53 120 67 122 87 124 108 101 13 61 12 47 38 19 22 82 23 98 92 43 64 77 51 42 72 62
115 25 20 24 52 75 55 85 63 84 13 3 125 63 18 42 12 36 82 86 28 114 7 75 82 116 84 66 13 97 85 81 14 93 52 111 49 15 66 75 31 5 25 54 58 9 117 42 9 89 46 63 45 112 105 109 77 5 55 115 71 94 53 86 103 50 46 120 67 101 85 54 21 51 113 96 47 109 50 114 49 106 40 80 104 52 27 3 47 75 19 38 107 24 62 29 49 71 8 51 25 109 39 70 125 31 89 60 18 33 88 43 119 70 24 5 112 97 113 52 111 25 74 118 119 77 9 115 104 119 70 27 2 11 67 15 13 105 88 72 44 125 99 37 22 55 113 117 12 49 40 103 109 88 57 58 31 93 32 25 38 107 87 100 35 25 95 29 108 92 97 92 18 17 66 19 33 25 82 109 113 36 13 40 122 1 104 56 82 75 16 71 107 100 70 80 113 59 0 7 78 1 84 20 48 112 95 40 34 100 82 43 104 54 69 21 53 82 2 3 21 13 117 4 116 51 18 115 42 28 123 37 22 52 16 120 73 123 45 4 27 64 83 4 4 85 18 28 9 91 27 95 23 22 76 71 35 29 62 119 57 22 10 104 103 125 49 2 124 33 80 119 108 70 47 11 12 113 37 47 14 78 20 98 107 109 47 33 82 92 2 92 23 102 96 9 21 100 78 117 62 8 0 58 120 68 101 18 40 58 118 12 29 63 3 102 97 55 77 55 99 54 91 126 47 56 54 107 54 113 108 5 112 76 37 103 126 33 95 76 57 61 106 116 85 38 124 2 108 72 75 77 48 37 69 66 33 29 35 73 14 97 14 0 54 1 62 74 108 105 7 18 7 96 47 117 14 93 28 64 107 90 16 49 96 69 108 101 73 91 103 93 89 35 53 43 115 0 97 103 91 1 28 41 53 115 31 83 84 25 107 72 19 4 93 79 15 112 85 10 104 96 25 62 77 64 92 38 68 63 9 108 21 40 18 26 119 94 73 77 11 74 14 2 54 28 66 116 0 29 99 13 38 23 89 117 61 26 89 62 11 90 66 113 46 32 123 125 27 0 62 65 119 59 101 126 102 68 126 40 5 3 7 68 102 12 93 104 64 72 42 101 38 48 84 18 45 11 13 61 2 119 121 113 119 76 64 35 60 97 123 10
97 89 36 40 48 100 58 101 0 99 17 120 90 3 71 48 121 18 15 118 111 28 102 103 10 71 40 51 1 71 107 24 115 69 38 46 7 106 100 123 108 107 69 124 25 7 39 79 90 71 76 82 21 106 52 12 80 112 52 51 61 54 85 72 74 22 116 15 110 29 58 5 100 102 31 122 23 64 19 120 83 125 20 29 95 66 89 53 53 94 2 25 71 75 11 25 62 33 52 50 77 118 49 23 19 84 119 53 113 115 98 47 10 121 69 68 43 92 35 97 51 11 3 9 39 66 122 12 125 35 110 11 111 68 73 91 8 35 60 70 5 78 93 22 99 51 62 34 103 125 48 94 86 72 96 123 124 106 2 22 28 33 2 61 93 65 50 88 59 62 31 70 89 57 102 23 113 45 106 8 88 77 85 126 117 27 25 46 5 90 62 65 37 52 95 113 68 38 31 30 77 14 50 61 97 21 22 117 73 23 78 80 119 75 86 79 11 38 17 79 64 122 112 92 19 30 38 63 119 56 121 51 23 0 92 21 38 46 101 89 73 28 114 97 88 44 31 56 19 20 18 116 30 19 16 82 5 21 75 125 110 27 83 114 22 95 7 100 71 14 60 85 40 125 9 70 31 119 97 125 97 60 97 18 106 100 50 0 8 18 124 64 23 55 99 69 89 47 36 119 91 78 76 0 21 94 49 65 85 83 93 111 39 107 69 3 1 55 8 120 78 28 31 124 40 7 36 60 19 10 27 38 110 80 9 18 12 81 38 126 46 87 87 78 53 87 46 113 106 118 55 123 16 61 89 37 29 109 0 33 90 72 95 81 15 65 2 24 31 36 99 123 66 81 16 31 106 22 125 70 108 107 11 7 55 78 48 96 110 75 50 27 34 12 35 88 95 14 19 23 94 68 56 117 38 73 41 6 39 102 70 0 96 115 123 123 82 50 19 47 71 49 57 111 87 40 46 100 126 108 34 7 84 50 60 39 62 113 2 97 112 55 73 62 32 13 17 28 62 11 63 86 119 71 14 112 50 15 101 113 119 5 67 21 95 100 4 25 31 81 104 63 38 1 95 118 123 23 78 91 40 14 91 98 67 120 70 57 55 38 56 20 65 109 21 72 8 89 101 22 84 39 15 100 73 120 36 47 66 78 32 86
100 116 122 77 99 77 48 123 30 46 48 56 37 118 86 98 39 57 104 41 112 48 31 33 50 2 115 125 47 84 77 103 49 125 15 9 16 28 2 118 1 84 77 103 33 20 37 43 30 119 95 70 101 34 34 47 5 71 114 28 89 80 114 47 121 25 32 76 86 51 66 64 32 112 85 49 34 91 56 34 96 107 24 3 27 109 8 124 88 3 4 46 65 77 1 82 23 12 74 89 69 83 39 64 110 67 41 43 6 114 99 108 20 16 50 108 47 84 25 30 117 113 106 1 18 26 61 33 86 20 39 4 14 114 118 31 10 59 16 13 93 89 18 32 74 71 70 1 74 9 93 64 77 112 97 30 50 33 47 19 95 57 39 78 77 94 111 97 60 113 114 92 57 26 92 54 98 116 63 118 67 91 11 10 51 53 117 43 89 61 64 43 32 42 13 96 124 92 90 55 17 6 86 72 22 79 87 17 85 48 78 67 77 104 11 53 16 11 89 49 72 69 18 109 95 53 105 5 44 113 85 75 83 24 111 21 67 105 36 67 50 26 115 90 3 40 71 111 11 34 44 121 121 102 126 35 46 26 47 88 120 5 23 84 50 101 65 21 35 88 36 23 61 104 26 91 57 120 3 41 74 52 54 38 50 56 7 113 28 16 36 29 59 77 58 5 59 67 111 111 41 76 102 44 16 1 78 5 64 25 18 118 34 112 64 107 79 115 14 42 112 87 54 42 82 63 108 107 121 59 70 6 123 53 7 26 83 43 100 19 11 37 50 2 30 6 110 19 6 17 73 120 60 23 7 103 105 105 0 7 12 105 21 35 90 63 24 64 79 114 5 77 91 39 54 83 5 2 63 75 39 93 82 26 61 100 49 79 107 120 91 113 75 117 115 27 109 126 81 8 70 62 36 41 8 98 96 111 86 103 49 109 81 60 112 72 45 33 125 71 14 37 45 33 102 90 94 87 39 83 31 65 5 59 7 85 75 50 118 119 13 24 116 96 97 65 117 85 18 37 40 120 58 58 124 2 3 43 47 66 12 30 74 61 15 47 88 4 58 116 11 60 57 89 50 97 121 47 44 16 75 46 94 32 6 106 73 110 91 0 57 117 89 104 14 106 108 70 125 107 53 83 108 40 87 24 30 79 122 100 55 50
47 88 111 83 70 92 35 55 106 111 38 57 79 54 79 1 3 52 27 38 53 48 53 19 22 89 111 5 98 5 7 66 69 7 35 119 92 106 8 63 82 24 15 27 41 75 44 30 85 0 26 122 104 78 89 13 88 102 38 40 60 77 66 39 120 33 78 4 55 125 35 87 68 60 16 81 41 89 69 46 107 117 35 92 114 95 72 67 19 102 55 61 108 0 71 110 105 104 99 96 118 54 41 76 72 42 69 70 99 22 71 62 87 6 42 9 13 16 28 102 52 1 56 113 109 8 7 17 71 112 48 15 90 71 107 66 90 8 50 8 24 33 76 107 117 24 56 107 22 126 111 101 72 40 99 111 97 68 109 40 78 122 121 63 80 42 103 64 61 20 91 55 79 68 58 17 104 22 64 9 123 58 92 40 42 112 107 29 43 61 47 19 40 97 3 113 81 75 81 91 26 71 102 9 57 80 18 110 99 114 74 38 125 119 117 18 103 5 17 35 109 106 119 125 65 72 49 116 79 109 61 53 49 48 47 15 1 28 96 96 120 91 91 19 64 12 65 6 122 51 19 69 20 72 112 16 121 94 48 23 80 83 88 115 98 31 17 35 18 120 126 33 123 103 52 4 84 71 54 122 1 99 120 70 21 72 125 5 40 105 94 102 23 80 69 12 83 107 111 19 103 30 46 119 12 92 102 3 58 115 13 114 56 32 96 97 71 121 42 66 2 111 32 9 86 96 71 106 83 17 117 31 33 63 6 46 108 92 61 80 53 100 61 88 62 76 18 10 107 42 104 77 36 118 108 96 2 95 83 26 88 38 46 25 8 51 84 72 83 32 101 58 93 25 42 17 9 69 67 106 26 38 56 31 113 88 96 77 122 86 63 76 97 9 64 14 13 96 75 117 107 96 69 24 59 34 84 13 27 81 53 60 125 14 28 51 8 93 29 14 15 48 15 99 27 1 72 31 42 79 7 107 62 62 69 58 113 16 20 0 41 116 89 81 87 34 57 106 20 93 90 113 32 84 10 5 63 116 14 92 3 67 125 26 75 15 22 14 107 102 118 35 52 72 25 12 61 28 74 31 122 104 126 113 123 21 73 29 52 0 105 23 73 51 102 3 62 92 124 53 94 62 118 103 26 77 56 124 82 110 46 11
68 58 61 82 27 110 10 33 94 81 85 38 108 122 77 5 0 96 46 36 101 37 25 79 95 37 0 45 75 101 65 85 43 114 60 50 109 45 71 122 28 16 84 27 6 120 63 65 46 68 78 14 98 15 100 43 125 29 104 41 69 16 7 31 119 72 35 42 94 115 87 48 93 3 89 103 122 119 96 27 47 88 120 74 78 53 56 75 10 88 26 12 41 68 60 111 0 9 55 34 78 30 97 97 64 91 98 4 85 68 112 34 65 13 25 121 41 56 31 1 0 90 113 23 123 0 94 68 83 104 70 83 19 97 62 67 111 71 100 13 116 96 50 122 69 101 112 29 52 62 120 20 107 9 57 29 83 115 49 18 87 116 108 13 6 37 89 6 118 7 93 96 54 32 125 47 15 24 97 47 110 16 44 11 118 50 21 3 21 57 92 40 29 78 62 24 2 46 2 35 52 18 114 54 106 15 105 23 40 21 123 42 113 103 24 82 19 109 50 22 62 104 101 91 59 51 76 88 88 99 44 8 6 73 28 61 118 14 108 82 19 98 73 66 46 16 23 55 32 110 19 119 5 121 123 78 81 109 76 79 97 59 77 107 28 52 20 117 103 92 85 32 41 90 45 2 71 47 34 35 7 0 83 102 104 123 42 92 99 56 20 7 44 49 24 25 6 29 70 93 85 39 1 101 13 4 27 4 76 2 108 53 5 33 33 81 43 122 101 124 123 42 63 82 33 120 60 39 62 118 36 46 80 120 9 121 22 39 43 36 73 74 38 82 47 0 56 111 61 76 106 20 103 28 113 49 52 29 118 0 61 89 106 104 79 21 97 31 53 54 48 54 5 59 39 105 59 4 105 29 96 98 51 1 105 77 46 95 72 99 20 65 35 105 83 99 2 4 53 99 93 25 10 4 102 118 97 50 67 114 119 52 56 19 87 64 43 68 69 63 88 37 88 99 9 78 115 50 52 111 78 44 24 5 116 25 75 99 106 69 31 103 42 23 90 93 69 26 126 38 51 79 50 6 91 69 15 38 125 65 75 11 82 84 122 100 101 64 19 78 34 64 27 85 124 43 62 81 89 16 24 64 55 29 10 21 120 23 15 19 0 123 34 116 96 20 70 72 60 85 106 28 22 13 84 69 59 3 59 97 77 126
54 82 10 64 112 60 25 8 97 97 72 20 120 53 43 38 73 43 109 3 98 79 52 78 53 85 114 91 76 119 76 77 88 27 64 119 1 0 103 103 27 15 41 1 84 44 124 39 15 88 0 124 114 34 24 124 71 36 102 108 65 19 16 49 4 83 50 90 22 10 109 0 122 69 45 67 60 4 99 104 30 20 50 49 77 118 18 30 33 126 70 44 58 22 10 84 108 118 97 19 92 34 75 51 84 7 6 27 25 38 31 105 53 106 37 28 17 122 25 78 39 79 0 39 107 70 4 94 125 120 86 77 3 109 16 126 9 30 102 7 60 63 12 109 22 125 108 12 46 97 99 75 70 8 110 3 108 2 79 68 62 94 73 94 90 11 18 71 100 86 95 49 23 36 80 57 85 126 47 21 119 86 92 107 69 67 55 44 11 124 58 100 69 110 87 48 90 60 114 111 26 124 80 89 77 55 123 16 44 33 124 42 9 14 36 11 123 40 114 91 29 110 46 82 116 63 43 13 16 34 107 4 36 38 102 88 59 22 89 63 117 121 91 90 26 42 15 64 60 36 118 26 44 53 34 56 28 88 4 87 3 60 112 42 111 84 30 68 36 8 26 75 94 79 34 109 115 100 109 20 103 87 9 126 23 111 48 105 91 109 73 25 84 87 58 56 18 125 42 100 52 7 27 17 81 107 21 95 31 26 11 53 117 34 16 38 11 54 22 26 112 32 43 36 76 14 9 118 108 118 10 10 81 85 69 52 38 37 19 43 55 36 25 95 99 93 13 50 108 78 17 74 66 86 13 44 47 74 8 76 108 29 97 110 123 39 28 30 79 126 105 1 80 28 58 53 52 122 56 28 57 23 50 26 25 66 25 6 94 68 28 121 117 99 7 103 121 13 53 107 19 110 68 85 11 31 8 70 43 91 12 32 117 21 108 108 77 120 105 30 70 27 116 98 82 9 38 59 70 97 99 5 5 118 62 75 33 54 9 66 74 101 51 121 76 33 89 6 43 37 25 64 71 87 88 81 40 16 44 15 24 61 2 49 92 21 87 26 87 19 87 116 35 109 74 74 104 82 123 95 114 29 1 48 25 27 91 21 95 77 10 75 69 18 19 90 6 43 118 61 108 22 3 80 96 109 110 96 69 123 7 113
68 104 42 41 24 12 20 88 66 66 18 61 64 12 56 111 120 120 78 99 57 34 47 85 51 101 22 66 90 37 58 40 42 67 41 7 65 1 63 85 96 5 45 101 40 91 125 11 4 12 50 53 45 68 47 96 41 64 114 89 31 121 110 2 54 123 109 40 51 40 103 67 121 10 116 40 93 58 18 103 78 36 105 11 12 66 70 75 124 41 3 113 29 61 58 51 116 99 1 36 16 106 96 119 116 9 116 108 37 20 120 34 34 105 50 24 106 69 98 119 72 43 47 14 83 9 26 121 1 72 119 112 33 121 125 33 75 87 54 76 36 1 124 91 121 18 31 96 59 37 103 24 33 88 101 101 78 76 3 62 50 75 22 120 117 86 77 3 119 66 88 106 44 63 8 60 46 77 3 23 109 118 8 121 104 3 68 102 118 53 34 106 110 95 55 64 41 115 14 26 9 13 15 29 31 77 79 39 126 11 58 87 42 125 121 62 74 54 32 117 5 74 30 22 24 108 9 120 89 1 62 27 19 28 95 94 103 120 90 4 0 115 9 123 31 89 121 16 125 95 3 20 71 113 112 41 8 12 1 18 55 28 91 95 6 36 35 45 15 1 10 52 21 118 34 12 3 40 37 111 72 97 97 7 16 80 68 102 121 0 99 117 44 56 95 73 19 79 48 47 108 78 48 67 48 96 116 84 13 78 22 62 75 30 72 94 11 83 44 37 90 64 105 56 62 88 15 90 29 123 98 59 74 122 62 16 115 48 123 45 48 23 1 94 79 0 41 62 9 81 58 76 6 94 19 0 50 56 62 41 7 59 91 61 77 117 46 12 20 48 94 60 75 115 69 124 20 85 2 27 79 119 35 110 103 91 38 58 48 95 104 120 96 123 43 115 27 59 58 61 95 20 120 56 59 32 75 117 122 79 86 122 101 20 102 41 56 31 90 114 123 74 90 68 116 58 104 105 91 70 44 51 110 104 75 113 36 24 14 50 27 107 102 80 114 92 20 119 97 91 120 34 117 123 28 107 45 45 87 25 60 35 76 74 100 20 11 93 43 6 31 60 22 31 103 39 61 99 51 23 94 31 76 42 100 64 18 112 34 52 48 99 84 50 57 19 83 111 25 123 37 20 48 83 56 57 44 67 0 117 15 78
31 14 91 19 41 115 87 91 9 61 108 112 14 32 117 60 83 85 15 72 30 105 88 23 110 78 126 97 3 6 24 104 50 75 15 0 82 63 106 113 62 107 13 85 69 80 51 0 5 59 57 3 58 113 48 51 63 16 46 31 3 92 10 43 89 103 60 112 42 111 70 74 16 83 94 77 21 86 126 81 92 93 114 20 29 123 83 116 57 88 115 110 37 5 87 104 7 4 83 80 23 46 31 123 69 100 72 83 24 5 66 90 3 96 126 77 6 69 118 58 113 105 56 92 88 86 71 100 37 12 85 51 68 123 13 80 21 120 85 53 97 98 43 63 59 123 32 28 101 58 58 102 122 78 7 93 82 121 113 39 84 58 69 65 122 113 83 115 39 54 123 55 38 8 43 77 36 56 97 102 31 23 108 83 73 50 81 65 107 44 42 57 86 16 112 111 99 50 38 0 55 95 32 19 67 33 113 19 103 75 63 44 58 64 51 80 96 62 58 31 102 79 16 115 87 99 100 67 117 69 48 47 39 41 23 58 8 115 69 97 11 61 42 125 36 98 50 98 38 69 38 11 123 92 117 99 23 7 110 66 109 52 83 33 122 68 26 116 39 1 73 62 31 109 19 82 117 107 54 33 30 9 16 60 115 113 66 33 49 55 25 62 102 123 106 10 118 126 9 126 20 118 125 34 66 91 121 116 105 23 35 90 38 4 39 11 8 121 76 96 107 47 0 18 31 46 111 60 66 68 37 117 106 63 1 59 6 54 111 101 73 108 64 0 7 79 31 88 55 65 4 27 75 12 99 94 81 90 50 122 96 82 72 101 69 62 22 47 48 6 88 43 2 44 24 73 114 95 96 85 88 17 119 98 62 102 14 125 25 74 35 29 104 19 97 79 45 111 18 77 122 114 120 112 123 92 124 0 59 103 86 31 36 80 64 51 63 74 35 52 30 101 102 61 43 97 92 126 29 48 16 65 44 8 124 102 29 125 6 121 93 69 48 88 13 45 19 54 108 58 49 11 117 8 89 19 79 116 112 101 12 61 2 100 66 91 27 105 16 31 116 40 104 122 126 3 4 82 124 88 6 10 105 100 51 93 11 58 72 49 43 87 90 64 106 70 126 123 20 93 74 9 32 55 56 78 12 91 3 89 124 19
5 126 94 11 72 63 74 80 27 85 50 26 30 78 66 29 45 80 8 80 111 106 122 107 41 3 18 23 56 25 119 82 125 117 18 24 44 103 72 2 107 119 37 95 124 32 6 117 71 7 34 109 18 4 68 58 101 102 51 2 70 62 18 64 78 58 63 114 97 126 118 60 44 107 1 122 54 65 91 42 125 97 19 85 119 62 111 41 25 47 33 89 86 54 72 18 8 45 62 120 93 112 3 68 62 87 109 75 40 77 28 40 107 15 26 8 14 3 56 15 19 79 47 81 10 55 43 27 61 17 118 27 83 2 102 15 0 17 4 18 19 118 74 72 66 32 108 17 83 85 123 37 122 96 92 30 12 119 62 115 19 47 88 10 52 28 100 99 86 123 114 60 109 16 40 32 55 33 43 72 17 115 86 85 65 21 99 106 94 6 51 51 22 123 92 44 31 7 52 41 28 74 39 32 57 78 22 113 120 32 104 37 60 34 35 57 51 112 51 57 95 52 76 104 97 70 55 61 39 26 86 3 89 18 88 33 95 25 87 120 20 13 31 90 8 25 77 79 120 50 111 26 100 37 2 54 55 106 87 38 30 49 76 45 101 110 24 68 56 31 34 104 37 122 31 34 72 99 52 84 102 88 4 24 97 48 27 45 30 66 37 97 111 49 64 63 17 84 54 34 24 101 85 76 50 105 63 104 16 20 14 95 7 88 122 102 119 26 2 51 65 73 20 111 82 62 9 37 28 101 93 121 46 42 110 31 124 97 120 111 60 76 126 58 38 101 4 10 81 125 93 1 50 118 18 87 52 115 2 25 81 35 72 69 117 117 24 106 114 13 39 8 108 113 94 71 66 36 58 7 11 15 34 6 5 26 109 85 101 22 105 34 106 11 41 59 70 67 113 86 40 96 63 39 72 60 82 75 86 8 35 57 78 80 72 91 56 52 115 116 122 77 103 33 94 94 54 74 34 51 28 86 73 74 30 26 121 83 7 24 28 75 81 104 41 59 30 108 21 4 8 60 4 60 108 28 70 125 124 68 112 101 98 74 49 94 52 89 101 45 77 85 122 70 32 44 9 105 52 64 90 27 99 53 94 44 16 25 41 111 125 119 56 34 27 38 114 22 31 22 46 25 121 85 51 16 93 117 72 13 75 74
8 101 103 108 8 57 103 26 95 112 43 26 37 81 47 112 47 41 107 73 5 63 50 46 109 54 40 126 61 75 34 17 80 16 95 37 15 75 12 9 104 57 3 113 114 123 57 119 100 30 24 15 116 18 103 36 120 51 116 116 64 19 53 42 31 117 116 56 97 5 94 86 112 89 50 9 40 102 6 9 103 71 59 68 23 31 5 27 121 46 122 98 2 120 40 34 17 48 126 96 111 125 24 80 5 44 17 75 24 114 77 67 82 97 92 2 122 87 73 27 64 21 52 68 110 76 12 18 98 82 45 5 27 107 17 32 20 24 93 80 14 61 9 73 15 75 34 7 105 28 104 124 25 121 91 16 61 40 106 94 32 30 91 73 13 12 30 110 44 94 99 106 103 84 5 13 77 44 120 10 89 117 66 24 20 98 104 37 1 56 12 117 46 103 71 87 3 32 15 72 50 57 105 42 7 38 4 22 61 9 88 64 72 26 10 104 44 103 67 42 105 49 109 108 45 90 53 42 20 18 58 43 116 16 112 88 4 7 113 75 7 99 10 36 121 59 0 46 93 25 116 93 52 112 72 115 43 52 61 121 123 82 51 8 31 92 125 7 53 27 12 1 76 60 32 116 118 47 27 79 85 67 86 54 4 42 42 32 124 34 13 63 15 77 11 116 36 51 30 7 42 118 31 24 25 105 23 39 42 114 11 58 114 68 87 97 29 102 62 39 77 29 125 15 74 54 121 103 121 31 69 98 86 41 115 33 23 125 85 92 55 13 41 68 92 97 14 37 117 16 30 106 31 120 98 104 12 25 37 115 45 71 33 87 1 89 119 47 48 58 75 77 24 107 60 92 66 94 67 60 15 65 74 2 43 61 22 73 97 73 115 116 108 70 104 70 88 108 9 47 26 24 47 52 51 34 104 85 92 116 66 55 29 92 43 10 67 97 14 57 14 102 45 53 6 115 37 118 22 84 99 111 3 91 114 101 33 68 18 84 54 115 31 72 19 65 97 75 94 20 25 5 105 32 87 45 115 104 73 26 58 25 58 108 109 44 45 70 108 95 92 45 51 9 62 110 71 123 108 50 5 95 112 9 118 102 112 10 19 33 80 99 94 68 51 95 0 110 21 65 35 4 1 7 89 27 18 25 43 25 71 79
12 88 125 119 72 60 0 98 38 85 51 83 27 54 30 44 119 43 32 43 63 35 88 13 73 8 16 61 9 98 123 90 15 87 5 124 86 15 118 51 65 52 48 64 36 92 111 62 111 107 122 124 57 40 61 46 85 103 125 77 92 18 81 68 68 31 80 58 1 38 123 87 109 41 103 63 56 89 37 17 49 26 37 111 35 108 111 103 42 57 63 53 61 44 117 22 11 117 61 24 80 34 100 19 74 31 56 91 9 26 5 2 31 27 21 115 70 68 64 27 105 104 11 108 30 88 32 15 51 121 96 19 122 80 45 83 75 124 96 33 101 29 90 77 100 125 114 18 5 24 30 31 53 3 53 123 86 113 67 89 62 102 44 60 33 90 24 31 8 115 115 36 116 78 101 117 13 6 55 46 111 59 49 47 79 5 105 45 13 115 42 82 11 109 57 77 96 42 125 59 71 13 24 83 55 29 88 109 66 18 52 40 79 114 1 82 23 106 25 4 44 28 15 103 113 84 114 36 32 21 108 73 44 85 41 79 64 23 119 101 23 86 9 20 101 25 102 12 109 101 112 89 103 123 9 95 124 21 97 41 120 53 92 46 60 64 47 99 97 103 11 49 16 62 53 76 33 53 84 53 86 121 85 3 53 75 10 112 26 113 37 84 94 76 26 126 108 50 83 62 20 68 89 30 10 103 101 124 53 124 116 26 4 74 42 121 100 10 122 40 20 66 42 114 31 28 55 99 36 77 105 26 2 15 62 9 59 108 108 38 14 19 24 77 30 91 123 67 110 122 124 25 35 0 9 86 116 36 87 99 42 97 13 74 44 102 28 104 97 94 92 124 15 30 111 110 5 90 1 65 84 110 80 4 79 94 107 118 70 67 89 70 112 119 115 25 97 57 3 83 26 60 126 56 18 19 12 37 7 82 2 23 99 5 13 3 12 17 22 32 90 80 39 114 67 62 119 123 106 94 112 42 122 122 35 5 80 31 78 70 56 83 103 20 59 77 65 38 79 117 66 47 57 61 47 82 21 84 109 114 25 94 22 37 85 126 72 99 35 116 125 121 29 93 9 39 6 116 92 49 126 43 98 94 124 3 16 81 3 54 54 61 21 1 93 70 55 89 33 104 114 46 42 2 47 100 62 64 49 29 125 97
96 50 11 17 88 72 115 121 108 10 57 45 87 103 34 53 125 6 119 32 116 108 79 83 111 85 101 94 40 75 94 51 125 118 43 106 0 92 6 102 89 28 33 37 82 15 27 52 83 89 81 123 103 54 108 92 108 59 79 70 9 23 31 56 65 4 30 85 113 15 30 12 60 73 115 61 91 32 123 94 92 19 69 78 47 70 76 43 77 105 68 26 101 9 87 36 102 71 44 66 20 18 102 38 32 65 98 20 53 71 27 24 123 100 89 116 20 34 31 33 12 85 36 10 116 48 88 17 98 27 0 61 29 64 40 118 27 60 59 118 83 94 57 73 45 2 109 72 66 23 48 37 19 90 94 67 35 34 88 104 74 15 55 103 78 103 52 98 20 14 19 14 97 66 6 60 60 119 107 51 107 119 61 38 1 25 76 70 94 46 80 89 68 22 43 64 82 26 116 53 76 120 37 123 111 39 72 109 115 6 94 57 40 2 119 100 91 99 118 1 24 82 7 100 6 24 34 113 71 83 96 6 88 32 44 108 102 57 24 35 108 100 94 17 8 97 57 47 11 82 77 101 67 110 100 95 94 16 104 12 58 21 29 97 72 91 50 121 74 23 41 100 59 25 47 87 60 91 85 121 34 121 121 119 116 105 11 90 56 126 24 92 36 68 50 36 47 21 124 4 9 24 79 0 26 15 30 124 106 20 27 74 12 118 52 19 27 73 86 65 71 14 45 114 54 6 12 18 32 125 60 69 84 6 27 58 126 96 122 92 3 115 32 28 35 117 97 79 0 29 64 7 109 10 42 93 51 64 122 37 56 38 92 48 9 29 3 62 76 53 28 59 77 50 94 31 84 47 58 54 20 38 55 4 63 64 107 27 41 17 75 44 94 9 45 12 126 66 118 70 103 2 45 91 62 23 52 51 83 13 74 71 30 61 81 10 61 6 38 13 78 85 76 124 110 120 45 75 61 54 7 93 36 80 25 102 65 67 59 2 121 13 9 55 85 27 7 117 125 112 22 22 72 10 47 22 98 34 81 47 46 65 27 25 106 16 53 54 54 95 77 104 108 7 76 108 32 111 53 81 51 61 30 42 87 122 60 108 68 108 111 109 27 16 46 125 66 52 108 94 6 35 56 72 97 70 82 87 40 53 118 83
107 11 100 23 74 39 22 56 8 80 122 80 20 15 64 50 45 91 6 101 17 63 24 122 21 87 53 122 67 50 49 17 6 112 37 13 106 8 125 123 7 39 116 68 95 3 14 29 104 22 49 116 98 100 48 66 114 20 31 15 20 22 78 23 68 116 33 38 90 14 125 74 76 93 32 81 10 99 124 95 11 104 120 86 24 33 76 77 81 100 53 70 27 62 87 27 82 110 105 87 93 96 80 8 125 42 9 0 2 85 80 47 26 16 82 56 63 37 30 17 104 80 53 66 50 33 5 104 24 115 86 99 25 86 43 50 105 100 22 52 84 108 10 39 26 26 82 54 84 105 68 56 11 51 79 86 69 90 56 60 26 108 115 23 67 91 64 2 111 48 80 101 116 41 118 81 19 0 14 111 125 49 6 73 73 67 34 32 120 21 116 30 29 6 0 69 74 39 46 12 100 115 65 6 123 78 17 95 56 81 0 117 43 110 17 44 52 10 75 86 56 30 100 51 80 92 57 39 117 102 39 25 91 40 53 126 91 15 3 103 8 120 35 33 53 24 125 106 17 28 84 95 36 88 64 62 104 112 49 110 59 86 116 75 50 10 16 92 15 109 50 122 35 14 1 62 63 65 85 60 33 109 48 30 57 69 23 100 45 5 120 105 118 91 70 51 9 23 17 93 116 44 4 87 87 33 69 111 5 18 35 30 66 61 2 110 109 111 46 15 116 9 2 100 56 28 107 32 58 114 92 107 74 89 47 37 32 121 61 44 7 23 10 49 93 86 94 39 38 80 55 66 52 31 118 32 56 50 122 41 52 120 112 104 85 98 114 110 71 91 35 5 54 96 100 108 65 12 74 40 75 24 15 9 83 7 100 106 41 76 11 14 16 61 92 110 87 125 58 44 0 76 104 95 16 27 49 6 73 75 119 81 73 69 102 48 115 93 97 69 87 67 115 66 55 88 106 14 27 118 2 72 20 15 50 44 72 26 95 12 122 25 126 3 84 27 63 14 19 70 117 46 82 21 84 48 58 77 45 104 97 114 41 73 65 116 23 60 108 55 31 35 96 57 71 35 9 32 98 48 61 52 49 43 78 39 47 46 124 61 121 46 120 119 114 62 78 99 98 112 47 1 63 74 1 25 3 112 13 16 82 117
105 95 110 92 24 47 0 91 81 68 9 106 6 70 123 63 28 74 63 0 63 3 46 5 83 112 58 42 21 125 49 39 84 104 75 80 52 20 88 86 61 13 54 17 38 73 103 4 68 67 15 69 80 2 3 110 71 123 111 97 118 16 85 2 21 106 28 31 64 96 29 77 98 75 37 5 103 126 8 95 87 112 43 40 4 29 119 82 50 17 7 111 24 10 105 30 48 125 28 122 109 88 104 57 58 115 12 55 59 62 100 93 25 100 20 81 62 108 28 61 5 125 22 99 24 50 22 53 0 21 123 7 51 88 13 26 13 105 96 23 126 37 119 80 49 33 68 91 14 0 53 95 6 55 126 26 56 114 0 66 60 1 122 115 66 125 26 28 70 93 102 14 119 63 62 81 106 86 10 124 126 95 86 19 15 31 65 114 46 57 71 39 97 15 120 102 58 78 0 81 67 13 27 114 34 74 119 54 78 116 87 51 74 103 17 2 104 103 68 3 87 108 2 36 64 76 48 86 40 59 38 61 11 48 25 74 89 39 80 100 109 92 13 116 101 33 27 60 111 85 68 3 33 76 86 112 57 45 75 77 122 58 14 118 102 68 32 1 12 49 122 66 75 90 76 82 46 46 116 69 86 120 9 31 60 103 1 4 50 36 98 52 104 90 84 112 103 14 74 76 63 34 119 13 68 99 76 103 22 108 5 74 108 114 50 63 69 8 55 103 1 82 93 45 37 48 30 70 51 91 117 110 93 50 125 126 71 97 92 91 8 82 113 63 18 111 24 84 24 32 40 99 118 32 114 56 115 104 52 98 34 67 119 16 6 103 62 105 51 119 47 47 4 53 93 30 21 26 16 82 28 68 102 5 112 111 8 72 40 27 95 3 29 77 125 85 39 91 102 95 31 105 73 49 65 109 57 44 90 44 116 66 89 91 51 32 59 9 85 4 84 11 40 97 112 42 103 109 51 62 13 43 95 10 18 74 23 67 69 117 88 21 94 1 92 19 97 58 62 9 16 69 33 63 92 114 43 114 125 85 82 62 124 53 35 60 2 126 63 71 96 34 116 23 38 3 125 110 96 115 59 92 16 119 71 102 104 28 126 10 124 18 55 0 8 96 28 17 122 95 87 78 107 104 89 63 0 30 122 95 103 43
90 81 93 57 118 68 106 40 58 28 119 16 58 57 121 125 111 34 103 63 37 110 13 78 61 98 7 52 93 88 78 7 53 80 124 12 56 35 40 27 13 17 59 42 64 55 35 78 38 119 76 69 54 72 50 64 80 24 95 66 59 96 33 17 41 49 118 98 22 92 73 24 105 2 75 88 41 44 91 85 63 102 123 73 73 33 26 75 91 100 78 83 12 77 82 50 101 111 104 57 43 121 46 106 23 47 112 120 87 86 7 39 71 3 90 108 66 103 34 95 34 84 67 57 36 10 71 3 10 30 0 76 80 64 99 68 39 33 101 29 12 82 100 46 36 25 65 28 73 86 51 40 15 18 101 43 114 48 76 94 60 51 32 69 99 66 25 6 87 14 86 42 72 126 124 20 98 74 93 34 40 7 29 87 45 68 18 3 34 10 108 74 94 9 67 19 7 101 110 58 111 12 30 19 121 100 20 0 24 117 8 113 20 31 58 6 113 11 116 1 17 33 110 102 107 63 83 88 103 81 66 78 65 21 6 65 70 19 20 74 42 77 113 10 97 45 8 76 35 80 52 92 59 83 14 97 40 115 116 121 98 33 85 57 8 71 29 23 92 102 44 99 3 102 22 27 104 97 100 67 100 24 104 107 32 85 17 113 21 72 1 41 68 64 64 6 96 106 88 40 49 105 56 98 34 8 89 60 80 44 43 25 50 75 94 31 102 24 9 61 13 114 71 125 125 20 39 118 116 60 80 80 74 110 109 9 110 86 99 15 50 12 10 109 0 40 27 75 115 16 5 52 61 52 0 91 99 53 61 37 87 52 29 104 106 40 26 50 79 91 78 76 74 91 68 57 62 26 55 115 7 124 125 125 84 121 108 8 92 57 99 73 20 13 86 92 54 7 69 123 68 68 27 108 68 16 94 72 50 34 44 96 36 114 43 18 62 49 63 117 20 89 10 14 78 74 17 27 11 73 126 112 126 40 86 32 73 104 5 65 103 15 124 23 54 81 11 71 101 118 72 76 23 114 116 58 9 43 80 49 119 7 94 38 42 114 66 13 30 28 10 35 112 89 2 6 105 44 75 7 41 5 122 45 58 111 123 89 126 21 3 101 64 78 55 14 83 123 85 120 90 31 62 71 67 52 44 9 54 96 95 24
72 108 80 52 33 40 112 96 33 100 81 25 38 101 34 105 103 85 99 110 52 24 7 28 125 76 55 0 85 88 77 90 32 114 66 120 52 54 1 54 34 97 100 10 122 82 57 12 49 32 116 113 44 73 93 11 3 119 56 79 3 86 77 54 82 76 42 44 104 54 77 57 95 28 76 83 40 100 18 67 78 94 84 73 2 65 37 52 33 49 65 52 71 12 118 115 113 98 90 2 14 57 36 55 60 84 107 100 42 54 25 91 8 112 109 77 24 115 120 35 88 114 49 4 36 105 67 79 28 46 57 84 41 43 120 118 12 84 44 119 39 56 42 102 10 17 87 124 93 11 52 119 110 20 93 9 104 111 62 93 54 55 29 20 86 124 97 72 57 72 46 12 2 21 86 33 87 35 104 70 3 39 51 36 83 15 26 30 97 106 47 83 88 74 21 33 6 18 7 6 21 25 0 73 98 66 100 13 79 17 8 48 22 45 102 59 21 102 41 10 42 3 126 106 4 45 96 104 121 12 66 103 106 53 9 64 41 13 51 14 106 32 43 120 50 49 28 34 114 27 102 12 74 92 91 66 93 90 41 17 72 56 40 78 84 123 46 111 94 104 41 124 51 66 15 91 108 101 32 33 72 62 31 114 3 122 125 56 102 67 80 107 20 114 4 119 104 90 16 31 110 119 109 60 86 52 101 14 41 33 123 23 6 69 20 95 4 34 74 34 34 67 17 104 80 49 38 97 60 71 106 4 81 73 22 25 44 76 3 68 22 45 77 79 120 93 2 41 15 92 34 92 105 28 70 60 73 62 104 92 68 28 58 124 81 69 122 28 9 113 82 13 7 124 79 60 92 30 46 115 67 34 28 9 14 118 74 121 83 87 2 123 22 28 85 37 57 118 88 25 87 126 19 57 96 49 18 47 51 105 20 113 65 111 32 33 1 101 85 36 5 64 104 82 112 30 66 9 23 52 72 22 37 81 51 64 9 14 118 112 117 44 102 65 78 43 22 64 23 121 114 11 110 5 116 110 44 5 37 94 68 91 1 50 37 87 126 29 21 80 126 39 33 13 124 51 65 52 48 0 5 59 65 107 15 50 125 103 49 95 26 21 68 35 61 5 1 77 24 86 0 118 37 39 75 24 36 116 70 78 104 60
46 95 46 91 106 57 21 108 79 19 15 91 87 20 59 51 110 95 63 106 72 65 120 17 71 69 54 122 71 20 25 75 120 85 8 86 9 31 58 117 124 101 22 80 31 38 100 31 116 31 76 11 15 74 5 51 101 70 40 67 126 2 52 80 121 58 98 44 114 53 11 108 83 69 44 8 81 122 113 48 21 93 60 5 93 80 69 80 46 33 54 94 126 94 113 63 114 122 75 46 42 3 92 107 14 46 102 48 19 111 19 66 16 19 14 110 27 46 97 97 75 27 75 33 56 79 27 90 126 56 81 85 86 41 68 95 47 59 28 25 17 47 37 61 1 106 20 48 43 36 15 96 22 77 82 115 125 15 111 30 124 104 99 58 82 77 63 99 55 91 47 30 85 56 75 33 95 37 11 41 121 28 24 74 1 126 87 26 106 41 55 81 91 74 29 46 82 64 76 39 34 85 43 33 91 53 57 104 6 109 37 102 60 67 74 30 8 119 62 10 37 125 65 111 37 60 38 3 90 104 90 31 44 15 87 29 125 20 82 51 123 93 41 47 104 34 25 116 117 72 3 75 49 30 89 111 100 72 51 109 38 19 83 105 21 112 54 121 16 123 16 42 24 112 38 43 119 69 23 59 14 21 11 82 86 77 105 2 126 82 77 24 83 26 89 67 125 107 65 69 113 48 93 16 85 117 85 19 50 117 48 25 37 57 88 97 54 90 6 38 22 118 57 25 19 98 106 22 8 78 121 94 74 25 15 71 8 6 77 81 60 72 25 97 101 8 34 97 122 57 90 104 123 56 31 69 30 103 25 62 50 106 112 100 114 85 62 69 78 83 105 53 16 10 7 32 47 12 96 35 105 30 78 88 4 87 15 24 69 75 0 111 68 51 103 77 119 43 58 69 65 65 3 95 7 18 93 77 42 52 10 1 46 39 88 98 121 49 20 48 11 31 103 121 58 33 114 121 9 82 120 51 83 25 30 115 97 55 45 98 65 19 53 2 116 34 13 2 98 108 22 110 87 108 47 118 0 66 125 79 17 65 111 41 89 75 71 73 90 116 99 125 126 60 54 10 45 104 13 12 17 102 98 45 21 61 70 46 44 47 8 109 34 95 7 122 70 32 87 41 105 95 12 33 122 0 33 66 66 4 9 94
5 31 90 90 57 113 60 5 102 19 123 70 98 102 111 110 60 102 8 32 110 57 63 119 46 38 86 19 116 49 77 22 28 58 23 90 114 117 11 85 9 92 56 29 48 73 19 66 33 42 21 102 3 81 86 46 43 75 43 112 55 71 19 87 53 35 79 99 122 67 4 68 42 43 35 55 95 116 116 90 37 103 29 0 99 80 37 7 14 51 90 38 9 71 69 57 72 27 41 0 73 122 82 15 61 30 85 77 79 22 57 0 62 27 92 85 30 22 87 1 68 11 33 122 46 43 114 34 117 120 123 108 7 109 6 117 23 25 66 63 30 82 0 18 106 59 16 85 8 86 20 44 83 122 56 3 26 35 92 93 7 107 55 86 52 108 72 114 93 89 33 83 12 33 103 46 62 3 93 25 63 19 25 120 50 98 80 9 87 85 45 35 42 28 7 112 60 99 49 104 26 1 31 31 40 45 79 10 17 47 110 95 90 30 29 57 56 17 40 7 71 50 108 24 10 16 12 12 126 13 104 122 46 75 19 17 73 102 32 88 36 0 55 38 113 58 78 103 13 118 27 11 102 106 119 26 120 97 79 84 68 64 92 39 96 73 34 44 5 16 119 105 16 30 42 51 5 57 32 52 37 119 21 70 20 7 73 40 24 10 25 49 72 91 2 106 24 38 2 28 24 54 66 34 45 92 106 119 68 96 79 100 82 71 108 44 101 108 7 56 65 45 41 20 37 42 8 112 99 110 57 88 51 61 18 110 122 66 88 76 87 50 93 39 54 104 12 101 113 26 67 35 5 95 78 33 34 61 114 16 42 53 96 75 29 21 111 76 34 89 113 30 74 43 28 35 94 101 42 111 17 17 1 107 50 36 13 99 55 112 82 59 84 101 63 44 108 53 79 54 32 40 19 101 88 37 25 1 79 71 11 95 53 39 78 105 96 13 62 45 103 101 28 77 113 80 126 123 42 58 90 88 83 95 80 85 65 91 69 116 2 14 34 62 1 88 102 46 9 8 80 35 100 66 62 16 95 67 111 49 23 90 6 107 82 7 14 60 103 42 67 93 105 27 96 21 27 15 19 99 21 85 80 118 67 30 97 103 25 28 114 104 117 75 14 113 119 33 73 116 65 78 107 40 126 89 14 26 93 117 75 26
31 120 100 116 44 12 36 54 45 106 95 54 31 47 91 25 50 33 18 45 123 88 71 34 104 101 83 95 34 42 63 70 77 117 34 69 1 95 86 75 77 73 122 79 85 46 6 5 126 5 123 44 51 96 56 115 0 125 104 77 93 21 10 2 5 66 34 13 96 81 15 20 24 48 60 55 13 64 75 97 63 114 84 41 63 13 103 16 100 60 62 24 19 120 73 105 41 101 9 69 112 20 41 20 114 41 26 52 7 19 89 88 28 20 13 53 107 86 21 89 110 126 124 75 59 8 58 106 55 30 23 27 83 30 46 65 85 24 35 7 87 6 18 82 31 78 85 49 20 87 114 78 15 52 0 45 109 71 113 16 58 110 2 43 8 18 10 92 7 14 112 79 98 53 93 40 2 37 119 103 16 20 16 96 104 10 29 63 126 57 125 39 84 3 98 53 98 21 41 20 81 44 92 48 64 119 70 6 50 111 110 97 98 41 123 118 71 63 66 39 26 104 28 109 41 76 48 118 124 117 102 87 122 49 95 87 31 3 49 122 22 103 56 124 111 13 24 67 92 120 123 31 120 39 70 19 6 78 32 4 36 32 40 80 118 11 14 25 55 57 120 34 92 63 100 52 92 100 41 83 94 48 116 78 16 49 84 48 119 48 77 6 31 58 121 77 100 43 81 23 2 102 27 27 49 2 61 85 10 34 79 84 87 92 115 114 90 23 109 96 37 73 63 3 78 15 60 78 38 19 101 30 96 121 44 52 10 55 30 19 91 73 41 8 51 104 91 108 93 81 124 4 31 57 67 117 92 5 123 45 30 34 24 90 54 87 45 48 37 86 98 73 54 70 100 45 83 70 62 94 122 9 10 104 89 113 104 55 66 73 50 94 82 12 57 8 20 58 37 16 84 107 28 100 100 70 69 20 18 34 19 94 21 42 108 51 5 97 96 25 10 105 15 59 12 16 45 49 9 24 114 90 28 117 96 98 42 9 88 126 41 39 5 60 46 49 111 86 114 86 113 72 86 110 44 69 97 76 13 104 52 44 24 70 102 107 21 104 20 124 97 82 104 101 115 79 27 99 20 15 22 113 112 43 84 17 101 77 51 58 93 69 27 117 15 67 101 78 71 88 12 115 67 49 4 78 37 108 90 37 12 118
83 96 14 96 77 77 50 92 53 121 84 122 111 121 32 17 86 34 107 84 83 35 104 33 122 65 76 0 119 27 101 15 34 56 11 113 18 83 82 1 17 13 78 41 111 47 71 76 85 80 21 61 81 109 8 40 67 120 84 81 63 121 77 26 15 44 85 2 60 115 70 89 60 59 123 49 123 12 49 36 104 86 125 34 6 46 112 81 96 124 59 73 60 39 52 13 96 44 28 29 29 59 50 124 108 6 81 106 121 13 24 48 19 29 53 90 24 12 79 1 81 53 77 5 3 23 20 78 118 51 86 87 35 94 5 78 8 39 67 50 80 67 58 44 105 116 9 42 91 7 52 28 9 56 32 0 38 30 103 94 64 121 120 21 112 111 90 23 98 117 121 57 79 16 101 71 15 36 70 109 51 44 56 121 35 22 122 96 37 113 125 78 109 121 104 25 94 95 70 19 83 12 123 59 1 113 38 3 72 46 113 116 14 118 91 64 126 98 36 92 15 72 16 107 63 28 53 50 67 117 114 85 104 64 44 97 44 101 88 105 9 51 113 124 54 68 120 121 61 9 112 65 42 70 69 50 101 113 75 83 104 77 99 12 25 102 22 52 91 123 76 86 88 67 96 113 119 13 16 26 28 125 37 62 36 110 69 106 82 106 18 119 63 125 6 9 102 32 60 1 55 102 24 34 123 115 89 123 63 62 11 12 37 4 10 73 91 53 80 1 24 121 26 3 117 5 79 14 51 48 23 102 107 74 31 109 14 107 68 50 52 49 73 16 94 42 31 121 112 89 6 87 118 98 23 92 84 108 9 18 90 61 39 61 102 18 49 39 41 28 39 10 5 47 56 14 84 5 42 71 115 77 74 110 26 12 113 81 119 50 15 79 118 32 63 125 69 123 99 90 71 63 91 18 86 40 89 43 37 62 71 119 2 77 84 115 8 53 94 54 51 83 10 7 118 102 103 62 87 12 71 120 61 38 23 78 29 111 43 80 2 20 43 72 71 107 40 102 66 58 89 63 97 6 15 36 71 33 25 122 63 93 22 107 33 16 87 12 59 15 33 58 109 10 38 26 31 73 53 105 119 110 40 48 29 120 120 49 42 119 2 31 105 30 97 1 45 89 100 9 69 60 30 117 74 40 79 75 6 101 116 59
64 84 72 39 33 47 37 35 80 76 45 60 49 106 74 70 65 37 57 19 104 76 12 58 46 125 16 121 80 19 75 66 95 64 73 92 48 30 91 83 5 95 52 116 70 107 93 25 85 106 107 57 62 81 45 63 8 32 2 102 71 82 123 91 23 69 67 103 79 36 106 0 122 10 86 94 22 23 24 23 115 8 103 19 56 42 43 119 120 33 126 98 65 106 61 20 93 78 75 78 92 102 72 24 114 18 70 30 19 32 80 122 117 116 33 65 113 10 25 94 2 89 40 74 102 74 29 44 37 120 92 5 36 55 83 53 75 18 5 41 90 54 109 16 64 3 22 124 59 77 47 67 125 20 109 46 93 62 85 2 2 113 77 40 35 110 43 85 90 76 84 33 46 114 42 61 105 92 43 56 114 119 61 3 9 14 75 117 39 8 30 89 21 5 65 0 23 2 63 109 3 110 39 27 47 47 54 105 76 71 94 97 25 4 76 101 13 24 16 100 7 44 39 48 72 39 97 10 10 50 37 22 1 97 104 97 87 97 32 38 124 42 46 100 60 88 82 62 69 40 114 76 33 126 45 50 13 74 61 35 105 51 31 43 88 86 86 91 122 73 44 61 42 49 113 99 117 72 80 18 54 69 10 41 24 33 47 20 94 35 84 46 11 46 59 84 119 25 117 17 29 88 42 120 98 93 36 34 83 0 53 9 23 3 98 52 60 70 118 33 61 26 43 112 68 80 62 108 72 105 53 88 23 80 71 102 109 57 120 18 106 106 70 73 24 52 4 58 101 54 124 110 126 112 79 26 66 38 69 56 24 30 25 115 0 123 17 52 65 64 56 126 119 11 50 10 21 50 101 99 123 35 65 109 107 110 19 119 71 10 48 65 8 90 72 70 104 110 102 117 13 73 59 116 102 77 84 81 123 32 76 23 121 96 19 44 108 75 98 96 84 47 11 26 109 14 27 95 11 22 60 43 119 56 120 107 38 74 83 2 26 99 124 110 93 69 54 50 47 83 20 62 19 21 34 18 51 93 17 100 96 27 64 99 77 101 11 68 106 35 41 45 80 58 4 85 94 69 123 125 118 81 80 66 62 13 98 27 113 116 93 102 120 86 4 41 106 95 21 97 6 15 68 12 24 34 106 16 39 7 3 41
75 60 39 70 32 23 84 74 9 65 26 73 61 20 23 71 108 104 109 102 78 41 0 43 114 41 71 7 113 29 3 0 49 83 45 87 32 61 4 95 31 37 113 67 93 121 45 28 91 82 50 77 53 51 35 63 7 11 25 47 26 108 110 126 119 117 41 3 102 124 60 92 52 63 43 35 48 45 40 87 109 23 28 24 47 23 95 95 91 103 79 60 78 50 91 8 24 18 89 119 102 75 24 23 93 106 24 90 5 12 63 42 88 91 59 40 82 112 111 88 35 81 118 52 43 71 83 49 59 31 77 104 86 6 113 32 98 67 69 112 103 125 72 70 93 102 60 85 11 40 49 72 28 82 22 71 62 9 70 75 126 69 103 70 87 66 30 46 76 98 48 94 33 64 46 34 21 31 88 51 122 61 46 10 67 106 96 21 104 17 54 60 23 36 11 118 109 111 35 56 31 35 57 32 40 118 3 22 23 44 23 81 103 26 83 42 11 97 108 24 56 81 110 75 16 58 66 13 108 101 108 28 70 43 104 83 119 45 105 30 118 10 19 46 21 9 106 1 7 45 95 50 86 126 87 116 51 16 74 3 108 13 76 7 37 101 60 31 80 1 89 60 24 122 74 11 122 122 79 30 15 98 32 26 14 58 51 51 44 88 27 121 102 25 64 67 113 70 68 11 93 19 48 87 120 110 48 73 126 43 79 90 60 81 123 80 42 123 73 125 79 30 8 39 50 13 47 48 49 110 38 101 15 124 3 18 67 9 12 33 62 57 3 122 11 82 27 122 59 82 19 6 14 96 110 121 65 54 30 98 33 30 33 35 46 106 79 28 93 59 32 7 38 19 94 86 52 64 84 73 8 105 75 51 40 27 66 92 45 29 44 18 22 7 111 70 20 61 97 110 89 33 91 33 103 93 28 77 95 45 126 29 119 16 113 120 51 35 37 49 80 66 17 115 11 57 71 119 98 40 68 90 114 7 36 121 109 35 66 80 13 92 36 95 12 78 3 94 119 31 32 87 0 115 36 74 16 121 34 84 64 1 107 64 68 73 13 4 28 68 86 18 106 13 2 59 112 78 39 35 87 48 27 81 125 102 0 62 35 77 37 51 68 74 92 19 103 71 14 111 91 74 80 45 34 60 120 70 82 97 95 39
118 47 71 26 118 116 121 43 87 30 24 36 67 10 68 34 53 50 0 119 105 60 11 51 103 89 49 101 30 100 107 24 61 63 111 5 30 124 10 105 73 84 33 17 94 33 16 17 17 63 13 85 100 36 48 19 123 118 123 119 51 13 122 53 11 77 55 53 79 44 21 8 67 69 29 106 69 107 48 123 108 16 32 41 47 8 29 28 104 12 57 58 119 57 8 10 42 67 120 124 77 62 40 34 88 53 64 97 72 15 13 82 117 3 51 120 102 91 22 10 6 34 121 119 41 7 112 77 61 60 86 58 42 40 11 45 63 43 66 89 102 9 90 8 62 88 40 115 42 32 46 116 52 69 107 119 75 79 66 102 67 9 50 109 91 103 31 34 123 23 21 28 31 99 91 96 15 95 55 109 81 118 10 71 42 67 91 31 19 1 8 59 108 5 90 124 32 106 27 37 56 12 82 70 76 52 12 13 28 119 100 112 66 66 43 100 43 23 101 12 39 85 23 96 87 52 124 116 53 25 63 1 41 38 71 77 84 29 61 71 43 83 4 16 52 34 7 5 6 95 23 6 12 32 45 60 22 20 124 38 17 93 84 67 42 5 27 18 66 17 97 68 121 32 62 19 65 73 3 126 28 101 122 19 86 2 22 20 56 126 74 73 21 30 71 46 52 9 90 55 26 78 45 46 123 74 93 42 17 93 12 21 102 107 22 126 41 117 21 88 3 62 14 122 36 88 124 106 71 123 40 98 13 27 52 44 20 3 18 91 81 53 89 27 92 125 25 69 100 94 82 36 71 47 96 123 7 101 55 80 12 100 93 78 51 5 120 32 73 61 78 59 10 36 108 86 71 113 80 28 86 38 80 19 11 50 45 115 21 73 31 52 90 57 13 101 112 56 6 28 43 62 8 21 97 116 95 35 52 73 104 118 55 44 92 77 51 46 75 81 7 63 89 108 8 125 18 48 23 39 27 116 106 5 88 113 111 32 58 37 69 44 58 44 3 83 64 98 73 116 33 101 32 93 98 110 61 45 99 31 62 62 44 103 36 38 61 55 100 97 26 104 88 111 77 69 103 110 28 126 17 6 90 45 10 2 9 43 79 37 109 107 85 32 56 27 46 21 66 49 34 122 59 81 29 73 69 32 67 43 74 79
86 122 66 17 118 56 41 68 13 84 115 51 39 38 109 104 57 38 82 125 79 2 86 28 92 22 12 53 79 61 120 72 82 87 79 123 2 82 125 116 110 3 75 42 46 101 40 60 87 73 82 107 16 112 59 19 33 99 102 28 20 12 50 29 88 80 65 17 110 117 34 82 52 1 3 6 102 78 36 105 31 38 30 2 68 32 93 58 40 125 125 49 89 73 43 54 73 34 15 109 117 116 78 71 62 103 22 2 114 97 118 53 25 73 44 82 112 100 28 103 103 80 91 96 83 41 94 69 22 7 22 11 71 105 102 77 54 114 16 12 72 29 44 13 123 58 51 104 114 26 25 70 85 46 125 68 125 5 59 42 14 25 113 33 45 59 14 32 125 63 64 64 126 115 88 50 118 48 69 31 56 102 100 3 117 116 108 68 110 39 122 108 12 63 2 63 2 115 60 80 84 119 33 7 93 110 110 71 49 95 124 87 29 15 84 6 57 34 119 63 41 22 65 96 39 18 65 104 96 66 96 6 83 106 96 90 5 46 82 78 47 121 116 5 34 6 33 124 72 36 67 110 105 104 111 33 8 106 102 46 57 59 36 67 53 26 62 125 93 126 25 79 34 85 124 89 7 101 71 73 42 46 41 22 4 106 115 123 115 27 31 67 38 93 80 40 47 83 59 34 123 123 3 47 16 113 16 87 108 126 3 92 101 117 103 93 35 72 26 2 49 52 114 71 75 108 124 79 22 102 115 66 38 25 69 104 2 24 48 73 117 12 98 79 23 120 108 76 47 98 87 19 23 60 105 16 96 68 12 38 86 114 38 70 29 32 15 99 116 117 28 41 37 24 93 63 20 78 9 14 53 49 46 41 110 72 111 123 112 78 38 6 9 111 42 109 86 97 116 32 116 23 75 32 31 82 116 86 89 16 29 24 19 29 47 75 23 73 37 36 30 108 26 77 111 58 120 47 101 114 40 42 12 99 37 20 18 69 51 32 16 21 85 97 110 62 4 110 86 27 32 16 66 109 120 93 114 1 115 54 97 52 45 69 10 86 59 3 23 21 81 90 43 94 113 73 11 43 62 83 13 19 38 4 88 90 119 63 11 5 121 54 98 57 57 96 116 51 112 49 8 67 120 39 8 46 110 69 23 52 78 47
4 73 119 80 33 106 39 75 14 72 75 51 1 13 86 7 116 7 105 103 75 68 97 88 83 119 89 48 43 15 86 123 119 124 31 92 43 82 98 87 67 69 47 99 14 17 116 107 120 5 47 89 60 28 107 6 38 112 90 95 5 27 114 113 91 79 30 33 3 0 11 83 9 98 47 69 39 124 113 114 33 7 50 87 76 88 81 124 114 14 56 5 99 123 11 83 22 22 43 96 39 35 97 26 113 2 8 53 101 109 11 20 13 88 121 76 56 6 79 56 2 32 94 58 89 107 14 103 72 110 23 46 98 56 61 47 63 51 75 61 29 28 83 71 15 72 110 10 110 50 82 77 1 54 105 109 38 107 109 93 38 15 76 100 114 78 106 87 113 114 99 16 48 107 103 21 13 65 51 106 19 18 14 93 16 48 86 72 95 98 60 27 39 67 112 18 24 17 103 9 122 120 41 64 34 67 26 14 28 116 109 84 101 64 121 63 66 96 57 60 62 66 118 113 82 14 49 69 1 37 10 52 6 97 71 13 24 19 0 51 48 36 53 98 108 121 95 18 45 92 111 57 6 78 82 122 91 20 121 20 6 79 59 105 74 37 107 61 44 105 101 32 95 96 81 20 104 101 42 47 57 57 75 101 53 43 71 29 76 1 106 51 32 6 44 33 57 123 26 16 51 41 113 10 64 119 39 43 69 123 94 13 122 36 92 10 106 122 120 68 120 18 93 99 126 23 98 48 39 109 72 86 29 70 59 12 94 124 121 24 93 63 71 52 83 15 110 64 70 51 14 16 80 94 62 65 90 20 58 102 61 104 20 82 19 120 99 49 85 0 78 74 79 88 66 74 36 20 121 113 59 82 61 93 68 41 34 20 110 78 116 68 106 92 91 29 85 125 124 109 106 61 105 10 60 39 54 41 89 41 34 9 40 25 29 48 47 30 3 50 11 102 99 15 48 56 32 24 17 71 97 60 95 63 61 90 24 51 54 73 20 64 33 87 2 44 1 20 111 32 60 62 74 123 57 107 76 45 118 120 88 76 41 53 14 81 107 62 34 114 110 22 94 61 3 89 121 2 94 124 71 20 14 81 103 66 65 78 108 95 88 123 77 27 17 28 109 23 24 21 10 119 86 34 58 39 14 98 68 87 60 56
3 109 79 111 8 125 29 40 90 73 14 51 68 21 114 16 108 54 107 62 93 35 41 120 18 44 67 4 64 63 75 74 6 11 9 35 114 68 51 123 75 116 78 17 2 55 0 45 71 23 24 43 70 93 59 1 64 15 112 84 3 71 28 0 61 108 34 70 104 75 56 19 12 21 18 4 89 100 64 113 19 44 21 38 49 57 39 43 19 3 21 33 70 93 71 107 117 34 21 83 118 72 71 39 84 68 117 114 10 95 56 99 83 81 18 77 92 103 109 4 88 122 41 83 93 90 60 34 27 37 68 58 32 75 111 53 13 81 3 119 116 19 62 61 99 30 71 47 26 92 89 31 81 15 80 75 28 53 17 63 20 73 23 84 35 71 73 78 29 57 97 70 98 30 121 85 91 93 58 117 26 63 13 62 115 42 25 45 101 34 38 56 1 98 41 110 91 66 98 1 92 90 126 3 70 18 108 33 104 115 72 78 51 122 27 0 5 40 29 69 12 91 20 27 125 71 66 12 31 84 124 119 43 67 73 3 123 104 22 125 11 44 63 0 114 62 8 18 42 1 47 120 75 18 18 107 18 93 61 5 80 65 2 0 86 26 94 68 90 6 34 83 116 72 115 18 45 59 105 29 13 54 41 37 31 24 114 27 2 55 78 3 68 122 110 0 87 51 41 31 109 50 109 111 20 13 91 111 62 42 9 31 64 63 52 102 48 83 71 62 49 117 43 91 92 113 92 97 27 62 39 98 6 73 34 41 22 94 79 11 7 56 57 17 66 73 117 41 73 72 45 23 86 28 99 8 73 73 85 118 109 67 63 124 64 66 21 55 12 119 61 118 79 4 11 113 55 98 33 48 60 95 123 15 104 90 104 65 118 58 67 28 123 61 28 20 121 95 92 71 67 49 51 20 54 15 35 85 80 4 54 57 84 59 46 24 24 40 62 38 117 48 75 24 29 87 30 124 60 79 28 13 120 67 2 38 33 93 87 51 106 93 80 94 3 110 76 2 116 82 6 97 107 3 96 45 76 5 87 104 59 83 84 117 11 88 86 91 22 83 22 90 55 23 39 0 37 113 119 89 50 35 53 82 115 70 75 54 48 19 125 93 59 61 84 91 63 19 84 93 107 53 75 23 63 50 19 111 97 16 7 95
30 1 116 91 28 44 87 74 77 96 77 102 75 7 108 88 60 45 113 66 98 18 116 51 87 98 120 28 45 80 50 30 18 80 81 117 14 108 100 119 120 118 81 76 123 11 108 41 72 12 115 17 69 3 34 119 16 65 33 111 121 37 18 31 115 119 85 119 4 104 30 97 47 124 96 100 32 84 101 49 120 94 4 34 91 28 105 126 60 3 12 61 43 99 118 39 74 53 65 49 99 118 71 63 104 10 46 50 43 45 125 106 71 112 120 5 93 83 126 93 52 74 52 24 55 101 76 115 22 116 24 32 13 78 49 36 123 123 81 0 17 97 13 0 58 1 119 104 16 103 93 33 73 17 89 13 16 67 36 107 18 71 77 27 111 27 46 30 29 122 19 57 31 54 99 101 7 52 43 2 47 107 22 113 67 65 78 111 42 12 37 13 1 43 98 115 99 43 36 38 123 12 111 64 48 29 53 60 69 72 0 98 126 16 104 100 36 97 44 109 98 71 4 84 16 1 22 102 125 49 53 94 15 40 85 125 81 50 2 107 39 48 63 120 44 7 8 25 53 14 114 66 30 53 45 75 80 11 84 11 93 61 85 59 75 21 1 107 116 111 49 112 22 6 96 112 2 84 116 79 16 43 106 124 68 37 64 55 113 27 100 18 60 120 106 69 38 108 120 40 32 125 13 14 105 36 122 101 63 37 79 91 62 69 113 114 113 29 4 27 52 103 109 101 67 119 50 57 125 48 59 91 121 67 71 92 110 84 3 68 56 121 81 0 57 9 101 55 21 36 91 15 32 32 125 57 84 89 114 117 109 12 83 22 56 83 119 88 1 122 110 50 7 32 54 34 21 31 115 107 14 71 73 69 74 47 104 32 116 51 48 54 124 96 96 19 97 4 18 55 120 78 118 72 101 2 88 71 48 43 41 73 47 45 1 76 61 35 109 68 44 89 45 124 39 102 113 78 19 32 88 56 121 22 109 117 72 101 115 84 55 34 103 106 9 99 78 62 24 78 105 8 47 98 71 72 28 10 69 112 100 7 10 124 100 31 5 15 28 54 37 74 29 111 114 8 65 46 116 33 14 58 88 88 31 120 116 105 66 57 84 15 119 48 101 116 89 73 126 56 37 74 14 103 25 86 28 76 120 62 34 68
35 109 5 52 26 103 5 119 85 5 40 50 30 49 16 90 20 31 26 76 125 52 1 18 87 85 91 91 100 84 87 31 38 69 51 107 99 68 37 2 109 18 49 121 85 63 70 126 27 42 34 77 31 78 64 13 111 34 74 99 51 33 53 98 103 9 14 94 28 2 84 64 55 108 13 40 99 112 102 19 23 116 13 43 13 6 97 38 4 50 40 123 67 121 13 79 14 21 84 100 37 108 105 45 90 50 95 37 110 0 80 57 122 111 110 88 35 103 19 108 90 21 105 72 102 100 117 2 96 24 118 106 124 54 21 19 3 82 56 99 22 17 97 117 25 113 26 35 13 9 94 61 85 121 115 88 116 111 67 125 106 41 58 57 76 52 122 30 58 10 98 61 35 98 26 93 58 58 62 45 126 4 75 106 120 113 98 116 27 45 28 101 77 55 95 5 16 39 91 27 12 84 106 68 14 89 98 110 116 72 81 41 87 94 69 59 97 94 2 110 46 32 56 104 107 40 28 69 99 46 84 112 117 119 35 35 53 77 89 54 59 34 99 88 97 25 110 30 91 124 36 114 63 1 21 38 78 117 88 80 98 122 58 43 32 98 115 83 126 116 116 15 98 24 24 80 108 41 118 90 64 31 112 37 83 53 20 18 51 62 104 120 10 18 18 1 71 49 79 98 110 70 34 81 85 99 66 29 119 11 1 126 25 43 78 39 62 80 90 37 62 75 32 88 26 34 99 31 98 59 33 20 63 2 49 99 84 60 50 14 5 38 68 32 24 96 88 30 44 41 117 46 24 15 83 22 4 20 21 122 47 29 1 100 27 88 122 12 80 63 59 57 120 106 23 18 67 30 31 4 112 38 38 0 23 18 32 95 85 16 81 15 60 93 52 47 38 39 9 111 34 121 100 37 102 42 31 11 99 13 82 5 111 126 90 92 51 26 115 35 34 79 77 45 1 32 50 24 5 35 100 19 82 105 86 40 126 70 3 9 107 25 9 11 120 78 87 96 78 70 112 0 65 51 97 107 57 103 122 94 79 47 108 3 115 122 72 58 54 110 2 72 91 27 26 33 71 72 50 14 64 110 103 68 49 4 105 78 124 113 60 67 21 70 50 117 45 71 34 115 56 22 93 77 75 66 76 52 78 115 57 107
8 109 84 57 33 120 20 15 46 59 16 50 39 25 107 122 63 102 11 86 68 115 120 110 100 47 116 107 39 3 110 21 104 70 86 32 71 34 83 21 4 117 21 12 78 6 126 90 99 94 4 67 7 61 43 82 9 106 78 60 109 101 36 111 40 101 45 82 20 24 77 42 28 114 48 72 48 50 29 113 115 26 40 0 120 68 102 99 66 7 43 53 4 66 98 48 71 66 99 2 118 94 54 74 35 14 126 56 98 17 8 15 21 95 112 66 10 6 80 75 106 13 73 107 80 88 115 32 42 75 92 113 79 39 80 11 67 17 84 95 46 66 40 51 33 77 114 0 78 19 25 94 100 92 60 56 115 80 66 116 35 84 39 92 11 35 82 14 31 99 82 37 96 50 37 29 31 105 92 33 119 33 48 65 19 7 12 40 74 1 82 11 119 113 27 108 35 44 2 75 89 63 14 23 20 102 58 56 91 27 23 54 31 62 92 114 61 93 44 105 43 30 125 48 68 24 8 16 85 70 0 114 71 25 31 107 19 97 64 119 47 72 16 62 100 4 121 118 23 125 118 69 53 22 99 10 71 28 88 90 7 18 65 99 27 28 40 32 85 7 50 32 62 97 58 48 109 84 13 104 61 35 110 88 93 117 57 73 58 117 13 67 47 67 84 6 46 46 84 47 67 29 75 20 78 30 22 26 3 74 121 42 76 45 117 64 66 77 51 52 96 71 18 84 50 124 60 85 40 41 55 0 21 46 63 49 17 107 108 93 66 63 3 61 82 92 22 85 7 15 94 109 24 104 51 3 23 40 119 7 121 66 45 73 74 15 109 103 59 86 41 20 52 24 34 78 60 79 79 58 42 72 99 23 50 62 30 16 22 106 114 2 24 53 0 12 91 78 101 26 104 35 86 76 23 60 5 78 74 70 62 117 73 83 97 109 110 100 73 16 115 40 94 108 109 33 85 53 50 41 93 36 31 90 84 93 58 99 66 45 17 114 75 104 99 48 103 36 65 115 120 46 46 61 107 64 95 90 55 51 93 67 8 76 46 24 58 5 107 76 68 28 27 86 117 20 67 60 63 12 92 73 66 81 88 126 84 111 41 89 17 26 102 95 124 106 96 61 6 1 19 104 6 36 48 104 82 22 89 123 47 106
62 49 73 78 49 81 109 44 15 93 68 115 22 11 61 109 3 105 59 111 29 99 65 16 40 54 1 110 52 32 21 0 123 125 91 91 45 52 63 55 91 122 65 87 83 26 62 92 55 84 69 56 57 49 31 52 35 85 20 4 124 48 27 52 2 2 100 36 85 34 91 45 63 74 70 84 98 117 3 66 39 31 82 121 14 5 62 11 49 47 55 17 9 81 61 59 82 18 72 31 80 29 41 84 86 10 19 25 28 115 11 108 84 120 109 40 47 105 1 41 11 93 35 118 0 59 42 47 123 94 38 93 46 38 27 29 123 104 83 42 55 118 19 63 104 30 61 96 107 82 126 53 31 55 108 22 77 126 73 55 21 100 32 16 116 93 26 79 60 89 91 62 4 60 93 25 82 37 81 119 83 29 15 78 66 14 56 20 112 51 87 27 68 30 96 2 4 73 15 117 96 4 44 114 62 105 108 18 37 71 46 77 121 34 7 102 76 122 99 19 51 49 68 40 99 25 107 28 42 9 90 87 18 47 21 122 53 82 74 12 34 66 108 90 21 123 44 109 60 20 52 62 122 28 68 89 64 30 33 18 68 111 115 25 122 95 89 94 45 79 120 66 1 12 15 46 3 73 5 78 52 62 65 60 96 78 2 117 55 67 98 34 61 16 8 42 30 115 81 111 113 62 37 38 7 121 52 88 78 55 57 22 38 101 90 122 94 124 84 6 99 81 97 7 15 95 97 15 12 71 101 7 24 103 10 64 42 29 26 78 21 52 44 107 96 6 76 84 53 74 116 104 98 77 80 50 94 21 124 90 95 114 56 42 7 35 33 61 64 55 26 6 112 95 126 23 25 110 119 80 103 28 62 102 83 110 51 120 15 116 56 63 3 48 72 72 80 41 82 94 114 55 62 62 126 95 18 93 65 83 47 100 43 100 12 89 12 120 23 15 81 33 82 97 104 83 118 98 120 12 36 116 85 34 120 91 1 52 67 11 23 24 68 107 86 3 81 74 123 49 24 12 14 70 10 26 64 90 94 124 77 86 119 46 32 87 12 97 0 2 106 2 95 48 8 29 39 80 69 111 49 88 120 22 117 51 9 82 80 74 115 65 122 84 83 69 87 60 80 73 8 81 11 93 107 111 13 32 26 47 3 19
35 50 46 125 14 1 83 105 102 28 53 97 64 12 106 3 52 112 21 11 65 110 29 21 121 64 108 63 119 62 16 123 8 92 48 63 85 14 8 82 38 105 43 40 80 3 31 11 20 0 107 9 46 71 31 110 54 118 8 105 43 82 76 60 101 85 18 87 92 126 100 5 21 76 38 98 42 124 126 63 86 48 1 3 109 98 42 62 87 78 79 34 51 100 89 50 110 6 32 72 112 86 68 16 31 6 31 58 75 47 39 32 18 2 87 80 47 93 115 117 95 70 85 73 40 117 11 83 69 90 31 125 24 96 1 95 11 103 107 69 32 74 72 62 14 39 76 14 69 42 108 62 18 2 62 116 75 31 2 95 13 26 53 108 39 44 31 124 44 78 2 14 89 103 68 122 15 16 65 118 106 100 15 54 112 39 4 83 4 64 93 37 70 13 114 3 1 24 44 120 38 34 70 78 94 54 15 125 15 21 93 57 36 58 45 35 1 19 3 113 29 43 111 90 14 94 8 43 116 126 56 66 62 93 30 38 70 19 43 88 4 51 115 94 85 111 8 6 59 29 27 122 43 106 15 56 65 13 51 64 50 21 92 71 19 19 84 28 40 53 5 19 0 80 115 74 61 102 99 39 36 25 89 107 51 5 3 16 30 84 40 98 45 122 72 61 52 92 122 98 69 126 37 67 124 100 48 9 91 63 51 22 125 11 68 118 85 18 115 81 58 22 74 41 62 51 30 95 11 84 56 35 60 110 18 16 59 101 72 65 71 17 100 45 16 50 121 72 68 43 9 44 105 72 107 96 106 86 11 53 41 121 90 123 49 124 117 31 4 13 109 20 17 57 74 93 97 37 31 95 12 52 63 38 23 16 118 28 109 38 37 108 122 64 24 5 72 37 12 5 71 19 7 45 117 59 63 29 66 35 37 71 53 52 78 41 26 70 68 0 2 101 60 14 91 77 86 63 21 16 37 116 117 56 48 15 123 10 108 96 42 70 0 13 105 62 46 15 26 46 104 17 54 107 104 4 101 86 53 78 50 122 62 13 25 4 115 22 65 119 83 118 87 57 8 0 30 52 83 113 106 26 4 87 17 16 101 110 9 120 98 97 54 58 122 116 84 22 77 94 21 59 32 72 18 125 20 95 77 85 38 119
57 61 96 48 101 105 12 106 23 36 46 42 46 90 58 42 59 91 47 26 20 103 36 23 107 10 101 17 104 38 46 1 9 33 9 49 73 47 51 11 11 119 117 117 67 123 20 17 17 42 69 20 88 124 62 10 98 36 101 78 108 4 16 77 101 102 34 83 43 39 11 1 113 36 19 63 109 121 106 116 40 31 68 82 126 5 44 26 81 6 49 98 30 16 122 124 111 59 16 125 5 77 59 84 56 75 52 49 20 83 81 11 121 119 100 29 113 91 64 123 62 114 84 91 89 69 78 22 78 120 2 22 8 8 19 121 109 38 107 14 65 12 81 65 77 112 70 64 65 40 22 63 4 106 42 100 84 35 102 17 27 46 51 62 85 13 10 120 101 59 78 69 5 52 55 34 88 98 12 118 77 75 2 115 84 23 94 89 11 19 58 96 28 56 30 43 43 4 63 119 29 44 36 117 2 24 79 43 71 116 24 31 40 39 1 61 24 113 15 104 125 99 37 49 5 122 43 2 87 12 87 104 80 8 26 64 12 10 22 6 18 13 63 13 89 92 28 88 54 99 68 27 14 81 68 73 109 20 70 33 22 70 46 35 37 22 60 95 121 4 33 120 79 45 93 126 61 15 47 52 40 119 25 42 87 83 30 48 67 4 68 32 49 95 22 51 7 105 73 28 55 63 66 13 54 96 111 15 116 54 106 82 89 73 83 10 19 37 79 70 124 34 10 119 6 10 9 114 59 64 33 45 112 58 62 43 84 28 108 41 9 101 84 35 106 113 21 90 77 71 52 86 71 126 53 37 78 29 122 108 39 95 116 122 74 82 13 77 19 63 123 48 91 36 116 76 95 41 102 99 76 39 112 9 103 55 68 112 35 69 58 33 71 99 90 1 41 110 19 100 27 46 35 122 78 7 75 28 85 102 38 70 9 4 18 94 44 52 119 50 68 120 62 27 123 116 0 118 107 4 87 45 45 12 116 88 27 34 0 70 97 83 60 86 111 26 98 46 104 116 37 89 38 116 51 35 110 41 26 2 97 114 40 6 58 49 88 6 76 95 117 68 114 36 59 107 2 35 47 94 35 71 28 88 41 11 8 10 59 109 41 114 123 0 5 82 58 34 125 5 44 2 18 84 112 88 23 11 43 115 49 5
75 35 29 28 46 8 8 37 97 122 62 31 125 25 97 42 3 96 33 21 95 101 113 59 25 50 83 113 93 26 48 64 121 53 41 51 91 83 98 5 19 83 67 20 2 11 119 45 6 111 120 14 83 106 99 75 29 44 34 63 43 121 82 82 27 121 82 42 112 23 75 70 14 13 6 45 25 10 111 41 54 100 26 66 77 60 125 43 49 52 88 85 98 39 118 57 66 63 98 68 5 101 38 45 105 120 34 63 25 1 33 12 13 104 18 57 2 58 23 48 3 9 112 82 8 16 48 99 84 101 75 75 82 90 50 25 123 90 125 81 63 88 6 20 70 118 60 82 36 53 51 32 4 51 117 90 37 118 70 104 81 32 17 80 33 27 103 118 61 55 12 118 99 20 120 87 73 48 123 26 93 48 67 55 98 44 52 20 39 35 19 67 125 93 65 46 84 35 114 53 93 102 9 2 35 82 10 2 3 85 119 119 70 47 11 122 28 126 60 81 94 83 96 65 61 16 86 83 113 113 87 62 60 81 86 57 120 100 108 58 122 91 74 46 25 109 35 116 81 93 98 34 38 94 10 46 83 79 110 51 83 93 68 41 53 0 68 58 39 95 73 34 42 124 38 5 80 32 84 4 123 13 124 41 110 16 52 123 103 108 115 52 71 24 3 126 38 111 3 62 35 90 68 50 15 111 104 44 62 110 84 91 0 52 16 99 57 111 113 7 83 5 91 93 8 26 78 59 66 38 70 27 38 125 107 82 109 100 70 78 27 14 27 119 111 64 96 23 2 95 66 120 51 0 92 105 100 26 65 5 106 63 13 62 12 49 38 6 16 111 119 102 114 71 17 92 3 28 57 99 28 48 72 25 17 40 100 14 118 110 5 94 109 26 6 53 95 9 115 46 61 72 75 14 14 9 47 31 126 77 57 86 70 71 116 120 119 102 41 3 35 89 101 119 65 80 35 102 79 125 45 111 76 111 98 55 75 38 10 34 30 68 109 101 23 96 73 100 116 49 93 48 70 101 83 29 111 117 111 50 98 10 29 63 104 107 82 99 23 80 104 80 116 71 113 101 70 93 57 80 52 35 20 49 31 45 3 107 111 117 67 77 84 86 42 98 5 44 121 73 71 52 68 115 12 62 39 34 111 55 56 5
107 85 110 73 28 10 23 44 85 57 121 112 0 107 22 119 78 62 79 66 28 40 73 19 2 36 76 31 10 58 19 59 99 79 62 66 38 98 96 125 66 69 78 91 120 48 93 62 39 81 124 112 32 22 35 8 89 76 99 39 25 60 99 111 113 47 86 94 61 22 57 51 91 24 106 14 100 2 54 2 88 7 117 87 82 22 17 73 16 45 119 74 29 74 66 75 83 124 63 17 25 70 44 87 110 94 89 5 17 46 41 121 122 91 105 54 32 19 76 40 60 89 37 36 101 72 126 69 15 12 87 2 30 31 64 100 56 98 19 10 47 40 79 47 10 29 63 55 0 14 111 72 93 123 2 23 119 93 37 113 72 28 53 53 37 3 113 17 66 2 28 6 112 61 35 51 75 102 115 8 63 20 89 72 78 41 78 56 108 116 111 28 91 33 49 62 102 41 92 22 57 45 84 25 80 119 4 1 81 77 95 32 10 78 94 72 84 75 123 70 9 123 117 92 121 26 35 91 89 64 100 20 87 92 100 83 30 10 76 69 73 77 29 45 41 33 94 57 99 24 37 73 49 17 41 89 87 77 51 16 50 58 50 62 53 50 42 79 38 14 103 120 26 65 91 50 31 8 11 60 91 34 100 112 23 112 3 51 2 28 53 56 88 123 122 111 94 48 94 26 19 103 53 74 99 66 72 100 26 8 26 30 65 68 15 87 11 118 6 121 88 102 51 45 54 72 23 109 73 70 98 116 61 52 12 114 1 126 74 3 54 89 6 20 66 0 98 33 110 76 32 31 106 64 21 21 12 73 102 23 51 54 26 5 36 66 111 116 87 92 20 117 117 79 88 39 16 69 115 57 80 0 81 15 90 50 43 42 106 126 2 16 112 71 24 31 123 42 49 101 3 21 0 77 123 63 61 18 0 45 103 86 100 89 54 68 122 61 46 50 39 9 20 114 76 70 84 13 51 30 96 81 59 76 20 71 44 56 15 60 118 72 85 5 104 19 9 91 19 117 124 16 64 38 87 116 49 92 57 14 69 82 117 3 119 92 84 25 103 9 95 32 113 27 84 97 76 48 93 5 74 53 97 25 81 14 47 110 42 114 59 30 56 76 63 10 30 96 24 84 34 115 97 81 6 78 59 94 64 24 61 60
122 38 90 28 84 22 30 87 57 8 94 48 84 47 41 84 13 28 65 35 30 13 73 13 46 84 21 5 40 43 52 17 110 31 28 83 58 123 65 38 16 102 1 6 46 21 28 33 73 50 7 38 56 77 71 33 13 82 106 84 80 46 114 43 7 102 8 58 104 118 88 88 85 78 44 95 101 70 106 121 106 88 42 76 125 117 96 73 77 23 65 110 32 102 50 36 18 9 44 26 74 68 81 109 114 122 40 115 72 40 113 0 68 124 36 115 53 76 38 101 72 36 124 74 119 26 86 40 2 96 68 49 76 83 55 7 69 88 14 99 107 7 11 57 85 88 29 13 97 11 20 12 18 101 40 64 98 86 117 50 36 21 84 110 71 79 114 25 100 48 46 116 5 29 113 99 114 72 93 97 61 39 45 72 87 28 86 114 93 41 35 86 7 32 62 75 113 35 36 43 74 112 116 41 113 81 5 15 123 104 60 106 88 32 84 98 33 34 58 79 5 65 126 16 81 57 43 86 122 16 24 13 25 70 67 24 117 3 79 98 98 80 50 99 88 62 49 53 41 110 69 62 66 117 55 65 24 84 4 13 13 82 71 18 38 6 42 104 23 116 84 103 85 119 55 125 38 9 119 36 34 18 57 91 9 58 97 7 118 99 38 28 66 90 95 56 66 20 105 69 0 84 118 13 121 34 51 63 49 22 78 55 17 30 105 98 9 100 22 60 88 72 73 10 74 69 87 47 102 112 8 123 119 21 13 10 43 19 40 105 69 103 63 87 52 93 69 30 38 113 100 12 55 14 101 102 62 95 15 9 105 97 101 55 41 3 109 4 47 92 9 98 38 52 78 22 77 63 99 107 74 5 6 72 98 40 14 104 53 16 98 15 33 121 104 30 124 100 1 63 70 88 4 118 40 58 102 41 25 48 122 124 112 38 110 50 56 27 104 52 122 26 38 104 47 99 40 103 82 48 89 55 36 106 88 66 102 43 77 98 98 77 23 108 60 0 13 62 2 106 94 73 8 9 27 29 56 87 48 69 84 72 119 85 43 113 58 24 64 100 1 61 11 113 81 41 39 58 45 31 24 100 77 92 29 11 76 34 63 56 54 115 124 124 107 78 61 35 82 113 34 30 8 91 39 36 29 44 125 84 23 6
46 23 70 16 48 83 69 94 111 60 41 1 68 23 17 102 92 52 8 9 65 28 80 18 67 82 42 12 60 69 4 91 94 51 64 126 92 111 89 0 105 98 65 37 14 31 34 124 57 121 48 18 41 114 40 16 2 99 7 8 118 14 21 23 107 83 111 88 36 21 44 7 34 29 20 85 20 66 100 98 24 98 29 17 19 28 8 13 45 15 58 122 100 26 94 13 85 13 6 66 82 35 51 85 126 10 3 106 80 107 85 32 12 0 63 126 35 17 63 33 19 22 74 88 36 16 69 7 105 114 97 48 40 5 118 16 116 94 55 68 25 68 72 5 45 87 17 82 60 32 114 112 111 28 44 123 81 73 22 122 19 80 13 2 107 120 17 32 51 50 25 104 121 88 50 7 72 106 24 83 60 72 121 60 111 89 4 34 67 52 56 2 108 73 93 55 80 48 59 26 40 111 122 8 26 57 2 95 58 3 48 85 107 69 17 3 7 82 11 94 40 46 118 19 41 86 79 93 56 106 14 27 29 103 87 102 38 21 50 94 75 9 90 17 69 86 72 121 27 9 79 101 122 41 55 118 109 41 82 103 53 117 59 114 39 87 22 12 107 56 86 47 87 60 72 118 80 59 86 118 113 5 85 33 18 34 112 44 87 95 75 61 28 109 18 101 85 117 66 19 41 56 69 114 18 121 22 13 4 100 124 125 41 114 44 105 11 22 97 119 42 82 104 122 119 58 117 0 109 53 82 104 50 72 8 64 28 27 63 63 102 91 1 46 93 69 97 26 92 73 75 12 21 122 109 95 17 77 117 35 45 54 93 52 95 10 28 43 68 47 46 15 30 89 108 62 28 23 39 14 93 124 2 90 108 84 10 46 27 60 102 108 124 92 99 78 11 110 51 122 98 2 102 52 55 100 15 106 65 118 88 89 36 100 98 0 43 1 68 54 100 30 7 104 15 26 15 13 8 80 33 92 46 120 121 37 74 40 68 103 80 33 72 98 42 81 52 82 53 57 33 32 108 66 113 20 66 98 75 37 108 101 28 74 49 5 100 67 37 75 59 42 64 118 91 47 42 122 13 89 121 52 77 114 26 77 70 38 64 82 39 108 11 70 119 44 11 117 100 124 35 66 87 44 75 82 73 32 48 86 107 101
100 56 41 102 103 10 33 12 105 28 15 88 105 89 23 77 52 13 77 97 95 59 62 31 14 12 66 71 25 6 25 65 6 56 123 68 117 81 87 1 6 71 2 48 58 32 65 78 5 42 44 67 62 11 111 121 74 48 31 21 11 36 35 3 106 126 7 71 16 117 38 104 48 48 37 64 112 122 44 50 46 104 74 43 124 55 112 10 115 94 36 117 78 84 28 48 87 74 86 60 47 81 6 62 6 21 98 19 28 15 107 98 95 54 109 14 75 111 5 15 28 115 108 20 117 101 79 112 0 42 100 43 19 114 58 102 68 83 103 26 111 103 76 82 14 60 64 50 89 30 124 97 125 91 85 114 29 68 53 16 71 0 95 1 73 94 48 25 70 83 17 20 121 48 46 45 105 1 6 95 50 32 37 2 45 16 100 117 48 46 8 110 73 33 12 75 93 25 91 52 55 76 12 125 32 94 19 82 89 108 103 9 16 16 114 101 71 93 41 75 77 18 72 11 22 97 109 38 89 72 110 21 111 27 23 108 49 122 69 18 26 84 47 83 41 119 116 108 23 100 101 57 48 109 58 55 111 42 2 4 12 39 71 64 121 27 109 121 56 51 12 67 82 26 50 117 48 18 32 30 103 89 124 20 92 22 85 116 2 55 66 90 3 47 86 28 63 116 1 121 117 110 39 117 24 32 79 1 52 66 114 21 91 124 70 33 26 67 65 116 103 43 28 75 90 117 77 120 50 81 76 49 0 109 60 46 74 84 65 102 78 80 45 69 100 120 77 44 7 86 48 48 30 109 7 65 119 16 93 126 98 109 27 37 102 72 12 73 119 36 40 89 46 77 107 51 1 113 78 72 121 27 24 20 52 117 57 63 0 118 28 50 71 21 106 90 59 99 47 2 35 13 93 72 55 104 100 100 17 105 57 45 116 36 29 15 89 37 79 92 85 120 54 84 79 114 31 11 14 112 122 19 106 37 96 23 9 70 94 0 39 41 79 3 46 72 39 13 123 4 79 42 2 52 2 64 40 101 109 86 110 78 63 94 30 72 53 40 100 89 81 7 80 96 29 53 40 77 16 71 102 105 3 88 18 110 99 42 29 86 56 126 55 46 11 98 112 102 77 61 53 35 114 51 85 59 10 115 108 110 117 116
121 9 39 11 111 49 18 88 105 5 63 72 96 79 57 41 115 22 72 117 7 48 121 77 0 60 16 40 2 70 2 61 79 16 119 25 51 37 112 42 68 21 21 123 111 49 31 22 85 52 61 96 21 83 52 11 72 37 7 86 54 78 5 0 122 81 111 116 90 47 40 14 25 96 31 8 94 45 16 59 21 47 89 0 51 114 29 106 103 101 23 9 39 84 33 34 32 30 63 41 63 23 11 60 64 53 22 122 73 110 99 10 38 30 122 31 27 44 45 46 107 61 2 16 76 36 105 8 47 3 46 23 69 7 37 71 18 39 36 18 121 43 126 87 46 2 76 24 77 0 35 46 86 111 105 25 13 52 99 5 17 104 43 56 55 97 100 71 95 125 50 12 104 6 123 59 126 118 60 52 86 77 64 49 103 80 3 95 21 19 59 100 12 115 110 25 47 103 20 62 87 46 41 62 119 0 84 2 31 39 102 96 114 115 115 16 100 71 1 110 8 1 41 113 42 66 125 86 98 46 36 74 10 80 27 50 89 23 91 13 66 27 71 80 48 112 50 81 85 101 88 60 124 85 17 63 68 102 14 40 78 28 1 47 112 105 12 60 35 87 69 70 97 87 61 111 79 31 61 27 49 14 58 119 66 63 88 73 92 28 10 115 40 117 13 123 63 7 43 5 46 84 96 113 122 58 19 116 117 41 112 29 17 84 64 75 64 109 70 83 126 14 115 90 54 57 95 94 46 66 10 46 89 121 5 86 72 107 107 48 105 78 2 19 68 43 113 36 46 31 65 64 84 15 93 6 45 41 6 40 41 99 68 24 57 24 57 115 39 44 108 111 0 87 61 54 41 5 46 73 74 57 19 8 69 49 78 97 21 0 0 38 120 44 105 22 55 107 92 44 92 30 23 6 36 65 18 2 114 105 66 105 104 16 25 24 110 39 79 66 14 19 62 34 52 20 6 52 31 0 114 99 32 22 80 55 76 67 94 90 98 87 112 103 0 61 16 126 119 66 124 110 101 118 29 122 8 47 117 80 114 28 67 86 41 60 82 114 47 37 94 108 125 79 45 58 111 6 19 52 3 34 119 100 75 0 70 75 85 7 35 65 106 106 104 12 105 85 90 18 41 2 12 20 11 67 79 97 122 23 70 39
27 64 48 69 83 14 33 103 105 87 95 70 55 45 108 63 37 113 46 103 78 108 15 16 81 117 121 66 18 3 105 4 118 89 25 17 54 83 111 66 96 91 50 70 77 50 86 4 99 79 82 24 91 61 26 27 33 72 94 77 101 24 75 0 116 74 78 3 51 0 38 125 15 98 69 91 74 16 105 4 0 125 20 40 92 65 50 62 99 101 86 20 109 56 45 43 41 126 83 30 125 125 91 91 14 62 114 98 94 14 15 49 62 2 93 123 25 99 114 48 99 28 8 6 67 42 2 80 28 97 38 126 91 103 95 33 53 98 49 109 114 122 116 110 51 34 74 67 47 92 53 64 88 126 42 17 73 79 100 83 61 46 9 49 13 69 119 49 120 120 16 78 104 45 13 2 37 118 18 45 21 51 84 72 109 59 78 116 58 121 121 116 114 12 50 32 124 98 55 77 82 115 39 34 66 47 79 89 17 37 108 120 20 126 126 66 115 7 76 29 34 22 78 107 47 96 71 53 21 105 56 23 38 19 14 51 81 103 78 7 107 79 121 46 114 77 39 63 62 38 96 76 8 53 61 61 82 66 59 55 34 8 32 5 18 5 103 52 47 104 25 82 66 118 5 41 125 106 13 120 7 50 49 2 77 78 97 86 55 11 1 111 45 95 88 99 124 62 23 82 82 52 103 123 96 112 10 117 96 6 73 93 46 87 114 69 70 43 4 108 88 45 42 123 104 125 63 60 88 118 68 33 63 117 122 109 58 60 121 4 85 118 35 65 46 89 100 43 97 61 70 96 89 25 45 36 50 125 105 102 58 35 68 12 107 104 110 91 10 97 108 29 64 72 117 116 79 124 91 69 3 110 59 55 59 53 77 115 82 37 123 6 78 10 61 72 48 25 115 120 73 71 0 66 14 58 35 59 29 57 41 75 122 97 123 73 30 34 92 41 83 117 40 56 93 57 28 93 92 81 3 67 92 94 110 91 23 119 40 122 111 6 47 126 116 101 43 12 1 46 26 23 102 21 114 0 40 48 68 89 87 100 21 124 97 119 28 54 69 42 13 57 101 108 23 115 46 107 36 64 52 41 5 90 51 84 94 126 98 115 25 8 106 122 98 17 120 93 23 55 52 28 78 72 43 9 36 0 63 68 111 89
100 106 101 90 84 91 82 46 21 29 120 73 24 92 93 58 81 32 77 92 67 70 61 80 61 100 14 29 26 43 107 126 1 23 109 54 109 20 57 36 26 109 108 84 72 4 112 94 28 71 14 61 45 47 36 56 49 24 82 102 60 109 32 73 118 1 50 103 74 110 33 27 36 8 81 88 39 14 71 51 92 110 102 59 78 52 88 43 33 84 92 63 47 92 18 104 62 9 29 79 25 113 12 90 18 82 104 56 107 76 69 66 86 19 107 57 31 42 69 5 75 56 51 34 26 20 98 113 38 69 88 37 83 78 14 97 62 12 63 76 27 112 7 33 17 39 57 84 67 63 19 74 29 60 97 19 10 51 112 106 91 36 33 51 13 96 49 67 46 110 43 47 81 106 78 116 34 105 18 94 114 121 11 111 35 50 80 68 93 12 48 8 1 96 93 11 40 17 2 18 77 110 69 122 79 92 82 35 70 55 87 106 49 52 22 65 72 86 24 34 8 14 54 37 10 20 109 105 0 41 24 55 88 102 65 110 100 82 36 56 64 38 73 81 63 90 48 20 58 29 21 20 50 43 14 126 13 30 38 77 98 65 22 83 37 81 69 53 47 34 7 124 13 90 105 83 115 63 56 3 34 22 9 22 1 87 13 83 59 65 28 119 76 94 54 80 61 80 27 55 32 35 95 67 26 82 23 119 112 61 90 80 106 120 89 99 124 123 14 73 101 36 28 72 9 59 15 109 33 48 92 48 123 110 60 47 126 50 115 79 84 112 117 17 6 94 5 78 79 53 110 117 118 12 11 43 121 77 1 77 70 58 85 114 10 2 30 62 83 83 114 58 39 10 97 78 102 23 108 13 87 94 73 18 41 51 96 60 74 7 38 104 96 56 32 17 37 101 125 41 17 4 115 14 120 120 27 125 4 63 102 91 98 119 40 44 28 97 41 87 58 103 26 114 35 96 96 102 46 12 89 18 33 95 25 122 14 74 25 68 39 68 38 34 73 107 47 112 126 123 43 70 36 39 89 27 24 15 31 111 17 57 3 1 73 4 67 97 101 80 0 8 125 112 86 103 21 44 103 77 89 18 21 34 51 109 93 83 63 120 10 51 4 78 41 0 48 76 72 51 113 55 12 118 48 43 90 75 93 39 75 87
57 48 117 31 21 109 111 29 56 22 55 31 118 17 32 8 79 85 107 88 70 116 53 99 20 94 83 85 3 12 74 83 78 73 47 15 17 103 12 125 16 45 12 2 65 98 53 105 65 29 39 75 98 97 10 8 76 52 19 20 81 76 48 24 103 39 116 124 18 1 69 43 80 78 13 87 26 50 19 106 71 13 73 94 18 44 8 9 114 58 114 18 29 46 104 80 94 85 122 53 111 79 67 24 47 81 14 90 22 48 106 115 9 5 6 18 103 116 88 4 3 125 37 64 111 86 55 75 35 63 81 6 126 73 109 111 114 38 48 57 27 26 83 39 89 41 95 32 87 51 98 42 124 0 102 95 76 34 94 126 100 7 100 97 73 9 82 103 24 96 112 74 58 67 5 124 95 13 0 73 88 72 55 90 69 25 45 101 48 49 90 122 43 92 77 46 76 94 89 106 46 68 70 10 28 45 12 93 44 2 50 68 12 107 82 56 4 19 4 27 106 37 86 105 82 89 29 124 57 22 71 26 44 6 10 58 120 6 73 38 67 15 57 13 35 71 112 31 6 116 120 68 103 121 57 117 19 89 35 34 2 46 39 90 31 108 26 76 82 86 100 126 95 23 70 29 92 27 59 123 94 44 42 42 11 119 14 104 108 57 9 24 120 113 1 28 85 99 93 72 112 45 20 109 123 81 40 5 15 55 73 113 95 120 20 68 52 26 108 2 105 126 53 22 87 55 118 34 81 50 38 109 29 100 17 68 54 0 117 51 95 10 27 112 118 74 117 101 62 25 105 34 119 104 0 47 97 22 119 51 80 64 24 103 54 65 114 0 26 102 20 93 53 63 88 75 125 124 65 41 112 30 16 86 63 18 122 21 4 18 109 96 34 121 118 94 27 67 58 28 47 61 116 9 34 65 58 33 35 39 112 67 63 44 64 20 7 40 63 121 44 69 108 53 62 66 95 75 22 98 67 67 41 1 63 7 114 74 77 3 72 92 84 40 95 56 124 34 97 44 12 43 68 78 2 21 80 10 84 68 98 11 94 60 4 83 0 3 10 46 41 18 82 6 63 92 71 57 68 104 114 71 105 58 87 89 63 46 125 7 18 94 23 1 50 53 53 110 114 64 8 46 105 13 22 15 119 68 27 17 73 22
84 103 81 95 18 77 79 79 52 8 100 80 69 22 23 99 54 108 7 11 78 13 67 113 9 28 95 102 0 87 3 115 65 40 40 105 5 38 36 92 95 99 59 89 74 42 82 94 123 92 111 103 121 124 122 101 125 31 78 33 83 95 26 50 59 112 35 106 47 51 84 61 85 7 96 114 121 116 5 88 77 37 121 23 48 112 75 16 37 48 116 27 45 102 20 16 6 62 122 57 62 85 45 5 97 77 19 55 27 108 15 3 44 26 4 44 122 110 97 37 11 112 30 26 74 32 106 36 27 31 48 25 29 46 51 121 114 79 111 36 48 30 108 8 107 44 24 82 88 27 112 9 96 21 62 10 98 101 66 34 8 76 126 119 26 88 113 60 13 48 39 48 47 112 117 20 77 122 80 6 69 103 104 82 73 51 89 7 110 106 77 41 89 61 66 23 117 104 125 89 28 51 70 47 49 108 82 14 119 33 26 11 54 15 9 74 79 108 72 99 4 92 54 51 63 47 47 49 50 12 26 54 55 88 62 55 96 77 113 84 17 105 42 113 2 33 126 106 108 120 82 110 15 32 12 33 17 82 107 109 25 70 16 108 54 96 103 96 97 88 75 60 96 62 40 18 104 80 11 113 92 101 79 112 31 122 124 124 123 5 15 126 105 29 86 124 35 19 40 45 117 111 93 113 107 111 13 114 45 20 55 31 0 6 92 113 22 2 12 99 41 104 119 88 83 116 120 38 115 65 39 12 40 76 104 117 79 45 7 3 21 12 50 126 68 125 72 96 25 102 100 70 111 6 15 126 44 29 76 120 21 57 75 59 27 125 51 37 28 4 51 101 71 94 70 92 103 39 47 52 4 94 24 61 55 75 92 20 29 2 85 4 111 42 48 125 113 95 107 83 57 111 92 33 84 62 82 63 36 93 82 113 17 50 26 68 10 40 103 70 99 5 31 105 80 55 98 27 80 120 96 58 70 47 116 9 3 12 74 98 74 33 87 39 46 7 59 119 61 81 81 126 106 111 76 61 56 87 77 82 18 62 46 58 30 55 57 0 64 77 60 35 19 14 98 43 32 84 41 32 83 125 48 71 16 111 91 62 21 10 86 101 59 58 107 97 0 17 107 110 71 40 79 49 115 115 30 100 25 117 84 37
117 119 57 31 6 44 94 86 26 42 79 125 22 3 61 68 123 14 3 52 80 39 102 123 29 8 69 61 104 33 27 33 33 65 108 3 126 14 83 93 40 118 84 4 110 99 108 110 38 74 51 62 62 18 35 71 74 47 51 62 10 93 72 70 39 78 50 65 38 107 35 89 97 98 125 78 7 103 115 62 94 67 106 118 125 83 91 4 5 3 67 113 46 91 104 95 62 16 47 0 29 52 8 90 107 68 114 54 58 66 102 95 69 16 37 59 58 98 96 121 36 124 63 47 13 10 5 50 61 104 48 42 37 58 54 33 21 78 117 79 34 112 71 104 68 88 78 121 17 11 46 99 106 44 46 64 109 49 17 51 53 3 105 31 53 6 105 104 0 56 63 48 37 21 15 80 79 46 45 83 22 120 113 52 12 115 117 86 107 64 21 11 103 98 39 120 95 93 71 118 86 18 54 50 17 97 8 17 50 7 24 38 38 45 91 111 95 100 104 38 47 92 53 92 124 104 48 114 126 84 63 86 39 69 17 35 40 39 16 69 30 81 117 64 124 0 113 63 59 83 5 108 23 77 63 69 69 46 30 6 50 55 86 122 107 75 108 21 9 92 28 36 15 102 82 22 10 98 77 104 11 99 101 71 32 31 40 125 20 104 54 2 44 6 34 111 4 58 49 44 92 24 96 27 97 28 21 15 60 22 126 27 18 7 38 1 59 27 42 108 84 41 30 71 38 8 83 99 102 50 41 60 44 119 51 54 0 80 45 97 115 56 71 82 119 97 121 0 48 67 88 80 97 109 116 43 59 1 107 93 9 82 121 69 18 109 82 64 114 20 8 78 74 42 19 126 79 3 78 63 68 124 35 94 64 114 59 71 25 113 1 29 16 118 18 17 29 17 93 63 40 46 80 57 12 45 15 69 29 42 103 7 105 106 24 45 29 73 67 126 110 67 88 96 71 13 66 15 18 126 96 38 20 104 74 31 54 44 44 98 105 56 1 0 14 10 73 23 39 36 90 63 33 27 113 90 80 116 5 15 51 41 78 8 89 103 75 98 22 90 58 3 116 67 48 85 114 49 56 5 94 112 121 71 72 4 13 46 16 117 6 7 45 1 55 50 30 111 80 97 115 32 83 37 28 84 58 93 68 37 110 98
87 31 47 121 116 115 68 86 27 74 79 94 65 20 84 80 89 109 112 77 55 45 100 58 113 31 23 48 30 13 100 65 29 15 35 117 121 50 98 35 6 16 16 18 120 53 34 60 4 108 61 116 62 70 47 78 67 0 85 9 118 18 49 52 125 119 100 37 2 33 55 2 88 37 116 43 13 76 116 76 126 81 73 118 43 9 78 62 64 116 96 95 52 93 102 93 22 91 105 33 0 123 24 101 66 15 107 37 1 3 96 43 40 34 20 124 67 126 78 120 46 83 122 102 112 84 52 113 21 94 44 106 102 111 110 122 119 115 92 36 95 13 10 72 118 117 125 68 19 97 24 92 31 12 27 106 72 69 69 25 124 96 99 72 11 4 13 71 50 113 32 75 61 11 44 62 15 89 10 84 118 17 22 52 0 45 17 108 96 124 51 91 104 89 19 62 10 55 109 81 72 80 21 113 81 126 20 112 34 49 67 51 63 109 15 61 124 67 65 106 4 31 19 36 8 13 48 123 33 108 85 63 102 89 74 29 98 32 66 46 114 109 43 35 0 51 31 69 63 80 110 95 37 109 48 84 55 116 43 15 109 4 6 41 94 0 37 113 126 46 43 93 14 82 57 74 12 126 21 3 121 100 5 114 98 119 80 20 9 31 94 119 104 78 98 48 88 118 124 38 11 108 123 20 53 122 30 116 115 86 80 17 82 96 97 114 13 29 90 18 9 10 114 46 109 117 117 115 12 84 25 85 6 59 88 87 49 42 65 56 24 20 32 76 7 111 26 63 104 91 39 70 64 13 20 64 27 36 69 37 5 25 80 55 122 64 33 75 0 94 68 33 49 84 6 12 60 71 30 23 10 125 114 22 119 30 53 4 88 116 71 43 89 99 71 77 74 92 20 7 26 113 100 99 30 29 104 64 5 37 117 26 115 36 78 74 64 113 113 9 80 9 75 72 87 110 4 83 44 107 73 50 86 4 27 122 62 123 116 35 75 6 82 31 61 6 100 64 81 120 24 4 57 87 2 104 50 120 62 28 30 60 15 111 85 22 13 117 8 51 19 104 79 85 75 81 78 61 7 70 49 90 118 32 39 72 123 94 58 15 122 55 35 91 122 12 110 73 82 125 126 62 45 25 38 68 68 24 42 55 62 113
114 60 83 9 38 124 39 112 101 94 122 36 91 57 55 58 35 6 2 26 100 79 10 101 69 82 21 49 37 73 86 58 14 3 76 78 119 50 66 34 18 44 96 116 24 74 111 72 102 5 75 56 17 121 34 87 69 17 76 1 3 119 107 109 57 59 85 56 118 0 65 9 105 100 55 11 111 12 120 32 51 31 121 72 48 14 120 122 96 6 91 118 22 40 24 102 33 26 34 111 59 123 88 46 4 58 45 15 84 95 102 95 30 37 76 110 102 108 67 29 53 49 69 57 121 83 60 29 19 49 19 123 71 98 50 32 3 59 22 67 66 10 38 4 53 14 99 6 90 125 58 101 66 53 68 14 81 76 35 108 68 6 49 36 26 58 30 30 20 119 20 46 113 8 6 39 36 74 36 92 32 106 105 111 99 58 76 76 88 99 12 20 17 94 64 114 57 117 67 94 12 110 22 97 73 48 69 68 3 92 41 3 8 6 49 103 60 103 32 117 76 33 44 119 17 5 122 62 73 22 85 118 92 34 60 40 125 18 110 36 56 46 96 32 33 24 63 72 41 0 4 16 94 119 23 15 88 33 73 108 21 3 33 84 5 101 32 62 113 87 29 114 99 3 80 62 53 91 49 43 59 7 117 76 22 43 94 67 93 83 16 87 1 104 122 5 54 23 28 49 13 102 67 96 118 88 37 122 95 50 122 55 27 54 104 72 98 12 121 98 73 102 5 119 111 75 24 54 69 73 12 8 11 76 17 72 13 12 46 115 93 64 42 105 34 6 7 72 108 118 100 34 117 82 28 40 8 28 25 103 25 45 52 87 35 111 101 75 94 122 104 33 119 75 124 90 83 20 53 115 54 86 121 54 90 1 17 92 93 18 44 53 32 44 99 33 17 42 97 77 36 59 23 17 31 11 114 54 63 36 25 9 63 53 79 41 17 12 107 6 36 1 94 96 89 55 12 107 100 121 81 75 112 32 86 91 24 33 113 50 113 89 115 23 111 15 6 126 39 65 40 94 31 99 106 69 24 80 6 81 97 112 76 78 19 84 24 52 41 17 35 103 103 107 23 2 68 96 56 90 63 72 11 107 35 100 112 112 72 103 100 71 112 13 31 7 105 104 40 120 102 77 94 76 24 20 38 52 32 17 68 115
6 102 112 86 0 116 113 81 59 76 103 56 117 7 103 100 9 25 31 99 26 120 53 81 24 123 41 21 44 21 22 69 90 85 13 78 89 99 36 73 85 47 7 69 81 116 93 120 99 41 92 108 98 95 62 3 16 38 7 88 61 50 44 79 90 22 74 49 5 21 88 99 0 28 49 87 111 97 17 9 32 105 123 111 47 78 75 111 5 104 13 72 110 38 103 71 96 122 1 122 113 62 42 58 76 15 125 45 0 72 69 34 47 53 50 61 32 95 28 76 103 27 92 53 117 89 118 50 10 43 26 105 1 99 124 83 88 18 9 48 85 25 65 49 118 120 21 62 103 43 39 116 65 36 17 74 55 6 37 69 4 67 49 91 43 122 92 54 19 45 57 35 60 17 76 65 8 98 46 76 16 25 77 50 110 100 121 42 101 44 1 16 84 93 49 40 83 18 33 73 77 126 32 86 72 90 44 99 95 108 102 60 49 15 104 110 43 95 92 84 96 97 116 77 103 125 9 79 124 53 31 103 105 81 54 72 77 5 120 12 7 16 121 80 10 125 54 4 7 116 120 23 44 87 100 123 101 84 10 20 34 109 48 96 46 116 45 7 12 86 55 50 114 85 74 22 54 53 30 18 124 43 66 96 28 109 99 88 85 12 84 80 54 21 91 111 0 87 87 125 120 54 68 104 109 62 52 116 44 96 31 3 52 26 19 18 22 35 12 59 20 96 15 25 92 24 45 94 62 44 53 63 88 68 37 86 48 10 20 34 27 87 122 104 111 86 90 17 35 26 121 4 14 0 95 88 31 26 31 112 53 89 112 18 60 53 36 13 44 3 115 13 125 24 74 11 35 94 62 61 60 66 28 51 109 51 98 20 55 104 72 37 17 22 41 67 89 14 85 78 90 69 14 71 87 107 58 76 31 39 20 58 118 66 70 25 73 21 81 9 41 76 61 11 84 28 20 53 117 22 49 2 15 73 105 117 112 76 116 19 66 102 60 42 42 0 71 75 16 19 65 37 8 12 82 55 103 89 82 117 101 112 86 72 117 62 49 84 32 35 43 89 24 6 76 97 71 35 34 78 18 17 85 27 73 92 101 118 15 77 64 33 78 89 100 76 33 94 73 83 73 18 41 17 97 60 29 126 106 30 5 13
122 5 125 27 40 62 17 38 10 119 97 108 71 20 2 108 84 107 79 108 121 44 90 56 37 99 13 38 58 18 118 39 3 18 25 20 103 87 106 2 112 81 91 23 7 90 13 2 94 124 39 97 33 57 92 105 65 104 125 96 24 12 59 1 21 22 39 39 10 58 96 8 36 10 91 76 47 77 106 53 3 58 52 109 11 36 8 67 81 61 122 91 42 126 24 95 14 80 68 39 42 109 47 46 104 4 27 19 19 30 25 81 119 75 86 91 98 16 2 4 85 5 110 74 113 13 113 89 9 11 92 7 100 0 57 90 63 19 72 101 40 40 109 121 110 45 11 58 17 119 96 16 118 49 23 52 29 20 10 51 9 10 15 124 14 103 75 17 109 43 29 102 24 70 105 47 76 7 112 103 11 78 14 99 63 92 77 5 64 54 89 82 10 89 78 11 105 87 120 116 38 7 126 107 98 14 12 37 80 39 102 78 22 72 122 111 48 56 91 54 104 91 126 39 0 74 125 55 99 9 94 89 45 124 44 90 0 56 37 101 8 16 48 17 45 67 60 56 105 107 81 117 42 106 16 66 90 23 22 31 57 60 1 52 107 53 52 18 75 101 4 66 13 101 120 104 3 110 27 51 10 62 97 82 1 32 121 37 11 56 31 110 96 69 94 103 72 115 77 31 15 92 99 94 59 77 51 18 2 28 96 67 34 125 88 41 32 30 13 79 54 7 17 90 41 80 108 70 124 88 105 3 89 46 36 100 111 16 82 40 108 30 59 87 88 109 92 31 114 0 6 96 38 72 75 60 47 94 44 18 13 85 54 50 29 103 58 98 50 88 78 102 49 35 80 65 28 13 40 31 62 107 67 103 111 100 51 65 25 116 15 49 55 88 36 94 88 18 72 45 70 80 95 111 32 66 98 45 86 36 81 89 88 120 26 27 116 13 2 33 33 67 0 7 19 46 5 21 42 103 38 6 52 1 92 6 110 62 111 7 91 29 102 18 86 125 62 89 46 59 104 5 110 66 96 83 55 115 22 19 116 57 111 86 82 81 120 2 46 84 78 66 66 31 116 51 117 20 5 67 40 83 51 94 16 84 91 58 112 1 113 40 70 109 116 101 49 79 88 108 84 76 110 33 8 69 43 68 61 70 95 81
114 101 28 42 118 52 85 30 17 41 108 66 54 110 87 79 81 48 69 26 53 95 37 53 105 18 46 37 100 111 109 44 58 116 117 29 28 84 113 121 91 97 90 66 43 30 118 65 57 66 53 94 30 51 35 63 119 50 72 92 29 92 105 22 93 97 27 77 7 117 75 116 99 13 99 91 55 56 23 88 81 7 8 57 33 56 114 101 102 52 100 54 114 71 68 30 96 111 8 74 94 106 126 17 68 59 77 92 17 86 74 9 67 62 5 58 70 57 76 87 102 78 108 93 100 18 27 82 74 51 21 52 109 29 96 86 12 11 8 54 4 30 118 49 30 116 30 69 29 23 58 73 115 4 76 66 105 37 2 8 55 18 64 121 120 10 114 89 42 74 37 101 87 102 32 120 93 11 42 121 108 55 36 22 60 93 51 88 94 35 17 91 44 68 42 12 120 7 119 124 13 101 14 81 89 116 20 119 80 80 94 17 122 98 4 47 47 39 35 80 5 83 13 84 112 34 58 31 73 48 40 70 40 100 31 83 72 86 10 113 116 6 7 120 45 122 73 103 9 47 69 59 54 28 66 100 37 69 31 121 47 107 59 56 6 1 82 12 117 5 69 75 79 105 47 46 62 97 40 46 55 38 103 86 18 68 99 93 5 24 112 27 35 65 2 91 118 99 93 52 95 87 45 61 27 122 2 63 69 124 16 49 110 122 92 20 19 81 99 5 53 27 76 59 84 121 80 12 64 115 49 5 3 92 3 103 51 0 5 21 18 14 59 17 49 75 106 110 8 79 50 76 72 55 75 79 35 96 71 45 51 67 72 58 0 4 1 49 116 89 97 110 47 113 25 54 19 108 27 111 25 46 50 118 70 114 118 115 75 22 102 52 115 28 82 14 81 95 54 96 39 22 60 122 9 115 57 107 100 8 95 9 63 94 72 60 39 81 24 11 124 6 100 51 108 101 41 9 53 36 47 56 45 110 84 11 69 115 115 51 77 97 27 24 103 77 76 46 109 6 77 39 45 119 85 51 115 126 57 107 67 37 59 49 47 31 3 28 25 55 16 119 64 57 112 56 73 107 44 103 66 86 92 115 24 91 70 112 118 105 65 110 34 43 106 88 17 7 71 2 95 49 29 39 99 101 13 114 103 122 15 77
106 81 89 19 45 61 67 77 100 9 73 1 112 57 107 60 2 82 110 57 13 104 33 55 90 24 55 24 35 120 47 70 74 64 80 69 103 90 76 110 92 4 42 19 12 87 117 105 48 11 61 60 23 94 56 85 107 92 85 42 67 92 5 69 11 70 111 55 96 27 56 30 122 35 109 95 62 79 109 81 52 2 76 47 100 19 85 31 85 90 65 116 122 53 73 115 27 68 94 48 106 34 22 120 118 17 35 34 16 109 126 9 32 17 117 19 36 105 78 90 85 4 98 100 64 67 59 67 27 40 0 94 99 43 96 70 75 67 92 45 19 104 34 111 29 41 64 79 44 31 57 15 19 7 99 110 34 92 83 18 116 116 106 74 22 54 49 48 87 89 69 29 39 20 52 12 19 41 107 48 14 99 65 1 1 68 42 86 23 93 43 27 3 44 75 113 20 26 53 124 62 60 35 118 9 51 55 38 111 125 100 5 53 40 116 118 25 107 23 50 13 70 101 17 34 82 82 2 74 77 56 50 85 118 31 9 72 70 34 106 4 85 57 46 102 102 99 107 2 37 124 110 76 69 73 70 108 77 99 75 101 80 37 70 33 57 18 103 116 4 11 122 56 118 98 61 66 45 85 124 38 27 6 35 90 9 69 34 27 43 17 21 105 44 27 62 45 35 49 39 48 35 11 126 26 118 96 12 1 113 47 103 14 50 59 13 4 66 95 27 56 89 79 74 125 107 42 40 20 32 4 36 30 38 40 85 79 52 78 119 61 71 56 124 49 16 31 58 81 105 112 125 37 113 12 69 107 88 17 81 0 109 36 18 90 91 43 32 98 113 31 125 33 68 76 121 92 1 95 58 88 103 74 54 126 21 106 93 42 68 49 92 96 49 41 10 30 24 86 103 32 14 12 57 25 115 99 56 87 54 9 114 73 12 9 101 7 48 2 92 65 81 54 56 46 17 125 48 75 16 86 107 87 99 118 50 30 47 120 38 5 112 32 86 117 106 105 74 38 56 122 121 48 31 81 91 92 66 76 23 105 7 96 44 87 50 120 94 28 18 50 80 75 81 14 105 70 49 51 87 69 62 91 14 98 83 11 35 110 103 98 4 73 115 112 67 100 86 73 59 15 49 111 29 88 116 86 59 43 57 113 87
39 10 80 80 114 106 94 24 123 118 108 22 74 103 27 34 42 53 46 94 112 1 115 9 39 92 17 8 43 3 119 34 110 100 24 55 46 70 111 42 62 58 89 43 113 119 17 72 3 123 68 112 80 60 6 28 52 40 94 7 45 39 96 93 6 90 5 97 106 101 35 2 73 64 65 82 63 92 48 122 115 23 37 61 45 87 66 119 115 38 110 36 81 123 99 55 93 28 120 21 52 46 43 122 18 43 102 35 78 27 15 19 44 38 116 94 109 0 51 25 116 104 53 14 21 73 109 28 109 6 12 12 119 74 107 113 94 67 2 109 108 51 12 36 28 16 43 27 45 89 45 54 41 86 71 114 23 28 125 33 96 65 24 93 76 117 29 60 1 59 46 4 118 27 75 9 39 21 50 46 56 122 6 93 124 65 22 52 93 115 23 60 63 88 50 53 13 119 75 3 28 52 7 72 59 1 113 55 43 8 56 44 8 55 79 110 81 90 80 9 55 117 57 23 45 13 51 65 58 112 22 88 95 30 73 110 118 37 9 18 86 10 55 109 108 95 97 14 98 14 103 61 99 111 16 28 92 85 47 1 98 99 1 42 68 66 96 121 4 87 86 10 101 44 86 123 82 49 88 12 102 6 52 109 69 120 50 120 55 106 93 64 7 22 24 111 22 83 28 82 64 77 100 67 85 42 93 57 99 121 66 126 80 79 77 89 1 48 25 61 62 87 3 97 23 58 103 81 76 52 83 60 124 78 30 22 121 111 34 91 83 54 89 71 7 41 45 48 81 69 30 79 110 81 34 60 110 39 112 11 100 11 48 119 0 42 2 17 40 2 12 28 44 96 72 31 34 95 77 60 93 45 63 60 25 21 40 17 57 98 123 126 65 99 126 10 73 94 6 33 119 2 44 50 23 49 0 49 13 62 83 96 107 41 24 106 96 3 73 18 62 121 12 102 96 86 106 67 62 22 91 19 54 92 92 57 21 90 76 83 48 77 90 83 38 65 23 49 48 103 117 97 7 85 51 61 31 37 53 42 26 74 33 51 30 95 70 126 14 42 26 109 125 88 92 8 81 85 32 125 47 24 126 38 72 25 36 74 26 123 41 33 37 89 85 41 107 123 46 106 102 22 4 86 63 114 54 89 68 74 113 48
88 120 21 39 60 66 9 53 23 79 70 23 28 19 48 126 42 50 63 14 62 120 104 58 50 58 103 80 40 119 13 10 33 112 109 81 55 36 4 50 71 14 109 3 119 49 21 96 2 28 114 123 18 121 108 33 9 64 33 30 114 75 42 93 19 44 40 34 124 8 97 30 7 82 64 69 17 55 91 104 88 63 61 8 14 22 44 118 28 73 110 89 79 92 85 67 115 97 118 20 17 30 50 52 22 116 47 89 123 95 70 123 76 108 0 116 20 31 15 60 22 56 1 12 78 40 85 113 115 40 20 65 106 63 24 77 113 95 34 41 118 104 18 7 20 89 70 59 121 23 89 7 62 19 8 10 33 98 108 111 24 46 68 113 6 108 108 48 83 20 58 77 48 1 11 87 108 117 107 106 90 59 41 66 77 79 7 53 59 89 63 116 53 49 90 123 7 53 6 28 33 81 120 118 23 61 101 20 52 116 87 71 31 92 77 92 8 72 95 88 110 71 60 123 108 44 72 74 98 57 53 89 77 119 74 12 21 62 55 105 82 67 122 109 27 64 73 122 105 32 69 53 45 79 70 38 18 68 71 89 22 38 64 84 47 72 85 26 126 64 106 28 124 28 103 15 37 72 66 116 32 18 52 7 49 50 96 76 34 7 5 23 49 96 32 109 22 80 59 13 89 62 66 75 24 0 28 12 96 102 5 15 20 1 126 18 34 26 35 6 60 35 51 39 117 50 37 35 10 31 56 79 97 58 33 80 125 105 93 120 12 71 72 116 32 5 73 53 100 93 81 77 115 96 124 16 29 50 101 54 60 88 20 43 100 19 68 14 58 77 67 32 3 2 1 40 119 55 90 25 115 31 44 1 49 103 48 43 94 59 12 35 103 29 98 121 64 61 22 68 52 29 58 89 81 96 32 112 120 2 9 101 64 56 103 93 123 106 104 1 116 88 114 105 40 109 104 35 45 122 58 20 126 110 45 83 51 14 24 87 21 87 81 55 33 8 54 50 30 120 64 13 115 88 38 108 72 55 45 103 66 8 14 101 115 96 125 40 65 49 17 27 86 101 29 50 60 125 48 117 26 92 11 69 103 9 125 69 126 94 57 13 124 62 34 30 87 88 76 27 16 0 121 64 96 72 11 52 65 104 49 44
76 118 111 125 90 19 9 8 122 71 56 61 82 81 123 22 17 103 33 85 103 97 100 86 94 64 36 109 56 21 79 71 40 33 38 20 84 28 16 88 24 48 84 92 67 53 126 56 3 43 10 71 47 18 13 110 73 112 61 96 51 32 38 59 119 114 97 31 108 43 76 94 99 81 31 47 27 12 47 68 44 113 120 74 36 118 106 108 50 1 92 120 122 89 40 22 48 68 83 78 30 87 30 100 99 71 116 58 81 6 111 72 70 49 38 11 106 45 20 10 107 88 114 5 75 77 89 87 104 84 95 2 103 20 80 30 62 11 36 39 113 36 5 68 54 83 97 2 85 74 76 50 119 7 1 2 39 46 123 42 114 81 11 105 100 104 94 12 10 33 94 110 97 72 65 61 0 124 36 110 62 68 86 76 85 44 92 55 126 0 65 122 86 16 9 110 39 66 56 92 126 65 65 115 13 126 1 58 114 108 94 28 65 30 84 98 121 58 3 125 74 122 34 112 77 21 12 69 17 19 35 111 107 85 116 24 57 33 35 125 44 12 112 3 68 70 23 69 109 28 57 54 31 125 119 48 114 103 17 75 69 24 103 40 66 78 61 102 26 111 33 2 78 30 33 25 87 103 34 13 7 107 77 49 19 74 67 30 48 116 89 61 4 78 62 18 31 23 40 61 124 59 35 33 8 6 12 85 28 75 2 0 34 96 114 33 55 115 15 89 26 8 6 101 27 81 88 98 37 35 48 47 37 50 86 54 24 68 64 25 92 48 125 46 78 54 101 61 6 37 102 27 1 120 38 63 117 86 14 63 112 39 14 96 2 11 76 120 124 11 72 117 6 56 42 68 46 116 80 36 85 1 46 108 65 49 2 70 25 97 109 65 112 4 11 21 7 64 118 93 121 24 43 1 121 13 4 90 82 86 71 57 114 125 112 126 15 8 72 1 3 18 58 64 5 9 122 58 58 30 47 122 73 99 24 8 32 70 98 20 49 8 26 54 51 27 124 18 32 9 46 87 71 46 115 87 7 121 21 11 77 37 40 98 102 10 59 6 115 52 17 2 37 44 83 48 94 10 1 63 38 107 111 3 64 125 20 124 83 68 73 43 43 74 10 86 62 10 3 40 68 54 42 22 107 6 27 80 77 123 85 16
61 81 35 10 62 68 2 27 71 104 102 13 44 102 57 23 45 99 96 29 67 16 28 39 36 35 35 60 70 54 7 98 60 114 124 13 62 113 83 10 66 11 47 81 64 88 81 68 42 84 78 70 62 90 77 50 36 6 62 45 99 0 59 50 10 87 52 23 21 72 111 48 28 35 124 83 12 29 107 73 84 56 1 75 50 36 109 94 38 33 20 68 125 103 12 121 77 0 0 40 15 17 83 91 100 105 116 101 66 15 101 39 123 45 15 22 62 40 115 81 76 66 78 66 60 116 114 108 74 102 80 71 55 32 71 64 87 37 32 90 35 1 11 15 28 44 0 34 32 113 14 7 59 124 69 24 114 12 107 45 81 43 122 38 22 97 10 36 123 112 87 88 93 36 16 79 123 47 13 61 110 29 31 10 32 98 64 39 125 45 81 95 26 80 66 79 110 98 83 41 121 53 33 93 81 27 78 22 31 85 110 43 101 52 63 111 95 25 110 88 65 37 99 55 90 70 21 80 71 49 68 58 27 4 115 49 72 89 108 42 63 64 105 56 81 81 121 96 122 78 23 102 119 19 28 86 6 66 11 107 119 71 38 5 14 59 42 0 106 111 66 85 117 38 22 8 83 107 45 47 63 62 48 108 15 61 78 3 75 30 33 8 38 33 33 29 14 3 32 43 29 108 49 9 33 73 93 105 45 68 89 45 69 70 3 64 13 24 38 109 82 54 17 106 66 114 50 2 62 62 110 58 9 29 57 68 55 119 49 67 105 107 89 36 49 94 124 36 12 25 53 23 23 126 101 60 25 55 112 103 112 117 126 108 113 66 57 36 83 91 110 95 1 15 111 101 4 63 115 12 118 37 62 121 70 5 123 2 76 45 77 71 55 76 99 115 35 35 9 45 19 116 15 43 19 101 19 45 91 35 35 42 31 23 11 88 47 27 8 87 53 119 116 16 64 41 37 112 19 119 113 95 122 96 36 34 93 86 65 7 96 98 39 49 80 24 75 34 98 56 10 36 107 58 73 68 119 116 63 45 41 61 112 64 110 46 70 74 80 122 117 2 101 125 6 89 19 2 111 68 104 58 118 123 85 97 74 48 3 75 97 109 33 5 109 66 11 72 80 37 65 0 29 112 7 67 65 0 55 9 56 23
83 17 87 73 65 122 84 19 104 74 28 6 107 99 56 18 40 22 53 13 116 126 32 60 49 109 41 98 30 67 103 23 67 24 110 5 77 105 91 4 4 73 27 79 41 16 31 65 25 99 1 63 96 126 4 44 39 87 121 99 71 94 67 54 87 40 80 2 72 60 96 89 103 29 61 42 66 41 34 72 32 23 111 100 23 97 6 100 114 121 89 15 27 94 115 49 25 73 94 96 66 12 11 71 11 9 95 42 69 80 45 44 26 29 50 44 41 8 62 41 122 83 117 35 26 15 102 68 122 85 91 44 11 45 10 79 44 65 0 73 124 89 6 116 0 94 85 21 16 24 66 77 27 104 30 12 56 117 55 37 51 49 9 63 28 67 125 53 111 49 97 44 110 81 37 79 97 57 57 81 45 47 86 95 11 73 59 82 14 120 20 57 11 71 104 72 81 73 125 73 30 89 110 3 30 25 7 98 48 10 85 53 65 49 21 60 36 9 94 6 125 75 0 29 21 98 78 68 44 40 101 123 67 3 20 70 114 55 54 103 14 7 54 5 71 34 110 69 54 16 8 96 64 8 97 102 59 25 108 52 17 100 126 113 39 5 73 68 18 88 64 31 13 11 39 79 42 26 87 61 111 11 117 16 98 39 72 108 26 40 48 4 107 2 0 25 120 22 50 124 124 53 59 115 68 28 115 8 50 0 50 7 27 10 84 112 17 21 83 75 35 71 16 52 109 96 124 0 60 12 52 17 46 71 7 107 17 73 73 17 65 18 61 16 91 77 15 8 83 119 47 37 3 92 79 85 87 74 70 38 35 78 120 118 16 4 43 99 76 112 87 61 44 13 57 77 29 78 78 73 68 43 117 78 7 24 39 83 36 25 63 11 74 70 56 83 60 12 13 76 20 115 59 105 16 79 48 39 27 96 70 26 63 28 117 104 111 73 56 55 97 64 78 87 25 71 100 74 94 115 17 68 92 71 36 71 65 31 91 29 18 1 73 99 71 48 20 109 21 3 69 94 28 68 109 6 116 85 14 49 99 116 72 15 88 94 88 25 29 88 94 72 30 97 62 104 116 19 5 110 117 51 101 27 83 126 84 36 125 41 20 104 77 113 16 24 29 33 61 31 7 58 24 74 27 36 33 97 97 21 63 57
14 66 17 76 70 77 56 76 120 46 76 35 92 6 79 87 124 55 103 42 52 59 88 67 46 106 126 16 88 15 95 90 119 105 52 93 20 89 112 46 94 100 61 114 7 3 26 57 85 47 5 102 79 60 49 5 37 99 5 97 79 92 44 42 5 42 29 109 36 90 107 28 104 16 105 73 89 56 113 73 107 75 60 123 49 114 18 56 89 72 76 97 122 100 82 38 87 66 11 50 120 42 28 101 86 111 36 51 70 6 111 116 7 65 65 34 104 118 3 112 54 62 31 54 74 49 102 19 121 83 58 70 85 8 8 59 92 66 45 73 90 99 116 86 83 72 99 11 123 106 116 69 107 101 43 99 56 79 15 36 48 125 33 60 126 19 46 80 81 31 58 61 121 62 19 125 95 29 2 33 110 125 0 39 45 4 19 79 13 39 97 39 117 59 55 56 85 78 8 115 19 108 66 33 50 20 53 65 26 121 86 40 92 28 50 83 33 63 64 18 57 84 121 53 63 116 49 51 33 112 36 19 80 17 65 59 22 124 87 97 81 102 92 84 111 110 25 17 117 37 10 33 3 31 31 31 7 44 11 27 76 94 33 74 102 110 97 7 59 21 97 51 31 37 88 84 84 5 61 120 82 111 97 103 96 88 69 11 11 72 41 125 85 94 120 74 47 5 52 76 64 97 87 117 123 110 80 91 109 32 41 76 33 55 112 100 106 24 109 87 3 71 14 96 63 79 79 123 79 20 24 113 62 19 4 69 119 40 93 35 53 47 80 32 77 88 56 51 40 35 113 108 15 34 21 76 6 115 12 39 101 10 3 49 45 16 114 85 52 39 91 91 85 46 101 115 30 44 63 104 98 78 94 36 55 36 57 4 101 38 51 122 83 107 4 89 108 40 68 107 68 10 99 105 114 61 21 48 24 20 93 60 49 0 7 92 9 60 2 14 85 70 22 13 121 2 17 19 1 14 57 71 1 106 6 0 104 93 68 61 71 119 52 34 61 33 87 49 101 93 55 96 80 27 46 116 75 54 22 86 31 47 70 21 98 23 15 117 121 109 79 99 60 53 94 126 25 98 73 48 62 20 26 68 2 82 121 9 121 72 80 48 27 41 90 108 118 53 76 38 34 94 6 118 114 101 22 115 62 77 27 2
67 32 91 65 8 63 31 61 12 13 34 67 122 77 54 26 30 112 81 123 100 54 78 1 84 94 43 120 19 35 9 72 81 3 101 107 122 25 25 126 100 110 88 124 107 62 5 28 12 26 102 12 63 101 29 10 95 59 28 10 32 66 71 87 39 121 43 52 86 81 13 19 105 29 79 83 21 83 58 123 113 45 44 43 91 13 7 92 38 90 27 55 75 21 25 42 51 104 97 109 61 49 93 105 70 106 61 86 119 61 95 25 109 109 3 107 36 3 70 118 59 55 76 90 121 70 108 86 93 39 66 93 118 36 71 120 41 114 35 115 77 22 72 45 119 106 107 64 84 1 50 59 26 44 75 26 114 79 93 47 9 25 48 121 56 80 47 121 92 46 120 79 6 25 24 126 45 61 77 21 43 73 54 52 75 36 65 28 124 55 21 116 0 28 30 21 117 18 120 120 63 39 10 44 54 63 41 33 41 105 119 51 116 51 96 112 29 47 0 34 44 108 20 86 29 96 27 126 98 5 12 66 78 94 71 124 2 104 21 92 116 35 11 61 15 123 22 77 93 116 62 115 109 12 126 20 73 10 10 97 102 49 55 18 106 50 1 39 105 4 100 114 122 46 54 57 100 5 121 3 106 73 90 79 70 87 106 125 97 2 72 67 116 57 75 0 61 72 63 21 13 116 81 88 3 51 40 100 109 87 118 6 109 28 72 97 41 72 120 16 55 23 55 109 14 21 88 64 6 106 60 88 55 11 99 121 122 111 120 120 6 114 103 40 72 59 3 43 70 111 43 9 121 70 1 84 57 110 14 4 103 6 70 98 100 79 28 120 111 61 69 53 97 18 94 88 64 37 102 28 108 14 94 47 84 33 50 18 49 104 23 96 95 21 23 113 123 56 112 34 107 8 19 33 96 64 116 61 5 34 8 38 80 89 66 123 30 17 28 52 105 108 96 96 116 79 0 60 56 87 124 63 49 1 43 110 120 2 84 76 23 64 98 97 38 116 0 82 54 11 30 120 27 31 99 64 108 14 74 89 102 50 27 84 27 73 102 31 87 101 109 65 82 33 79 1 31 123 38 39 118 4 64 56 68 1 32 1 38 41 36 111 23 94 17 80 123 66 67 86 9 10 111 32 62 101 123 65 121 32 14 98
84 66 54 85 55 98 49 21 63 112 77 38 30 68 100 76 74 12 3 29 116 15 63 74 86 7 23 92 118 41 41 49 47 78 99 118 92 79 67 81 73 106 33 86 9 30 110 103 43 68 6 12 102 73 73 15 42 16 79 59 7 36 85 0 17 35 64 81 78 115 25 113 100 23 118 125 63 69 52 29 41 82 34 96 6 3 36 25 21 95 15 91 126 114 14 102 10 107 86 0 6 125 77 38 37 29 3 42 24 16 125 19 70 17 71 100 55 8 110 105 96 58 115 111 78 2 22 49 6 121 24 20 1 34 48 123 68 77 53 105 68 7 89 64 18 115 46 97 57 122 65 36 120 98 96 52 1 36 82 73 73 80 34 20 13 32 23 47 56 79 59 90 72 83 31 99 63 84 55 46 25 89 2 125 65 5 123 123 67 124 36 93 13 124 114 79 15 81 37 34 113 6 61 110 86 85 16 39 34 55 42 13 69 115 75 102 80 68 6 64 77 55 49 44 21 7 64 61 14 82 41 73 125 5 77 86 53 31 11 46 88 65 99 121 124 92 65 120 13 49 125 29 47 26 114 40 31 118 110 42 41 10 46 114 102 58 98 93 86 45 117 101 26 98 45 83 48 110 124 77 110 84 95 17 108 66 8 98 42 101 12 45 47 8 113 89 74 76 12 90 26 111 99 62 102 100 92 101 103 68 126 68 61 120 21 89 84 20 9 114 19 57 52 40 68 95 29 80 33 49 51 112 31 18 54 69 94 101 121 30 80 46 108 113 77 11 44 95 54 125 8 103 7 89 0 124 78 58 28 49 91 9 53 64 42 27 55 84 124 61 122 15 17 55 78 9 122 65 11 2 99 2 26 73 15 98 75 73 5 2 70 39 118 53 23 78 16 79 0 24 107 119 90 67 65 77 27 49 77 85 73 64 94 94 29 48 50 31 26 15 56 113 41 92 56 50 109 33 30 44 95 106 43 124 74 95 112 106 100 24 8 81 10 60 121 32 60 96 83 31 5 93 65 78 20 72 22 72 102 111 95 58 38 123 45 42 93 39 37 8 123 124 110 4 34 45 0 8 113 100 28 42 12 94 93 123 78 111 79 58 6 1 0 88 109 72 93 31 50 104 49 19 57 101 52 111 95 70 116 73 97 61
65 121 124 117 109 33 70 56 99 69 69 12 125 4 125 12 18 6 120 72 49 60 42 43 104 81 83 2 67 44 102 26 19 15 3 35 0 62 114 97 36 26 26 5 43 5 16 42 114 71 1 109 12 58 34 101 123 65 57 40 21 20 120 76 2 35 14 6 4 0 64 50 85 122 5 41 65 44 21 98 110 31 36 16 26 43 17 117 65 18 4 9 8 110 50 53 121 104 116 52 79 47 79 119 123 108 109 41 87 21 52 6 85 100 54 122 97 75 4 63 73 67 81 5 57 118 105 72 126 71 31 91 24 43 123 101 99 123 18 117 86 70 80 24 37 85 79 55 98 81 11 124 48 75 70 123 122 125 48 15 95 15 50 92 36 1 71 42 95 50 21 75 47 26 66 7 87 122 48 111 71 83 104 41 93 31 80 41 10 82 32 107 41 75 76 95 92 93 16 52 88 33 85 67 16 78 70 125 48 76 57 1 11 125 65 47 69 125 65 1 88 30 74 29 99 105 124 124 1 117 108 49 0 91 80 33 108 117 97 10 87 79 2 11 107 12 104 13 120 56 38 40 49 29 113 91 58 51 3 8 119 10 113 72 33 84 3 121 15 79 80 46 68 81 24 48 33 15 12 33 66 12 19 3 126 4 118 36 56 88 53 34 0 1 89 118 87 52 74 55 43 79 77 43 88 18 108 31 20 110 76 61 43 22 98 77 115 43 68 102 68 96 23 27 12 91 104 95 65 39 18 87 75 60 15 87 121 125 121 123 82 116 3 29 33 123 126 57 79 30 22 52 73 0 69 90 7 123 24 80 59 41 21 33 46 58 46 126 91 8 67 115 92 53 110 76 126 37 54 21 37 102 6 48 34 66 77 6 61 23 5 78 1 37 126 18 21 104 53 50 64 25 10 117 86 36 107 102 97 96 9 61 121 34 95 108 94 30 26 77 99 83 51 62 46 111 78 20 105 3 25 84 108 103 46 43 59 114 67 112 112 21 63 98 94 105 24 7 22 27 7 48 105 60 64 33 108 23 54 83 41 122 20 90 0 85 121 27 54 64 119 59 119 81 33 4 71 71 34 66 35 26 59 91 95 22 11 33 57 80 37 10 60 47 88 77 61 45 85 123 73 48 115 81 18 92 19 12 45 81 53 119
78 63 120 126 100 57 110 117 80 7 83 18 57 7 27 39 2 92 12 49 41 85 20 104 113 84 16 35 120 49 38 25 27 36 97 12 116 103 108 12 16 109 72 45 70 36 100 122 2 39 126 101 106 99 51 111 2 82 21 81 80 80 15 53 20 88 3 81 21 48 96 68 66 50 86 36 30 80 93 9 104 47 18 109 123 117 2 92 73 17 30 122 113 109 74 18 94 36 7 27 62 37 110 81 57 69 18 53 38 64 91 64 66 32 99 17 114 82 123 99 5 64 75 25 32 119 45 118 83 92 46 115 111 26 124 107 108 97 99 52 87 118 123 33 107 68 48 44 18 114 76 56 85 104 78 86 73 72 29 96 53 52 47 31 70 94 73 109 85 84 10 44 55 116 6 40 73 83 39 25 58 102 60 65 5 13 21 123 59 67 74 104 108 94 31 68 79 79 43 41 3 9 27 114 65 92 126 124 33 77 54 103 30 52 21 42 25 5 111 3 29 16 81 21 36 16 2 51 112 57 96 110 125 30 121 99 112 34 96 49 4 86 74 24 29 71 49 97 79 86 4 92 15 36 109 43 66 99 83 53 22 22 50 114 29 47 58 117 66 23 115 108 99 35 19 104 62 108 54 19 88 121 88 53 115 72 103 79 81 4 117 111 97 125 66 28 40 34 16 14 77 62 50 9 44 44 114 107 61 78 119 84 75 71 81 107 104 105 118 15 93 109 78 21 125 82 106 28 43 8 125 14 2 46 107 2 121 26 88 101 26 18 6 64 50 56 64 109 98 102 48 60 64 21 23 56 117 47 37 91 58 98 109 13 29 76 77 29 111 115 73 45 6 45 121 107 68 10 126 123 103 50 58 51 17 113 31 91 71 63 16 5 96 102 62 86 118 119 83 35 117 114 41 55 104 98 86 23 71 99 48 38 85 82 47 20 54 17 63 64 123 25 58 52 47 93 43 40 58 67 55 53 85 0 24 19 62 82 124 54 106 7 55 124 99 72 76 119 55 52 18 75 68 66 44 39 42 22 95 55 86 68 56 17 61 48 72 30 32 6 113 91 40 5 113 102 42 112 1 72 108 9 45 42 43 24 79 101 44 28 107 121 20 18 46 115 78 17 124 46 19 22 65 98 23 28 115 88 57 86 42 14
11 61 59 52 24 72 91 84 73 102 102 110 53 115 113 126 96 97 58 74 64 114 8 36 67 77 14 80 6 124 10 35 53 52 114 74 6 83 22 84 77 2 92 63 36 113 117 117 11 24 93 69 54 39 116 4 45 27 110 63 8 15 61 113 36 34 66 103 95 50 89 68 60 57 122 19 113 2 95 36 123 40 75 103 35 79 41 94 103 107 88 97 39 38 118 121 76 74 26 39 70 6 115 64 112 72 61 86 30 51 49 102 79 63 19 12 110 14 84 18 122 41 35 118 73 40 29 21 38 82 106 74 8 111 56 21 47 35 116 39 72 16 40 17 116 70 50 51 99 4 67 79 114 28 57 90 20 45 16 7 107 30 35 64 86 123 47 76 35 53 69 34 114 111 50 81 54 118 14 68 37 86 97 1 42 44 4 0 79 46 95 70 26 25 46 76 11 19 112 47 1 123 40 98 116 43 82 118 38 110 48 81 119 48 68 22 83 88 50 56 24 39 123 103 18 38 50 103 126 40 3 56 40 112 60 88 38 97 8 123 31 67 5 4 11 57 87 70 43 84 48 67 16 55 116 5 24 90 70 41 21 98 101 54 61 73 100 51 42 81 76 65 28 124 89 114 39 47 77 118 93 70 47 10 6 31 52 90 67 74 51 44 24 104 48 65 79 12 74 111 77 115 75 48 26 35 80 51 102 121 49 76 71 11 101 122 98 98 111 8 109 6 80 17 122 25 86 69 125 76 75 80 97 17 81 49 34 108 119 14 77 70 61 44 51 79 109 66 36 110 81 37 115 38 111 90 45 111 23 104 40 60 6 35 24 62 24 27 65 56 48 40 15 22 126 8 111 38 62 82 78 78 8 48 5 16 80 47 19 53 58 63 14 86 74 13 10 12 110 60 59 33 63 83 7 18 29 80 84 107 11 61 51 46 103 95 83 23 9 90 23 13 55 71 91 87 28 15 125 5 14 1 120 97 83 91 99 16 8 91 15 61 52 104 13 6 116 0 83 48 120 41 120 33 64 24 88 1 99 114 88 94 29 43 54 120 69 85 77 37 7 27 68 123 28 47 12 74 70 76 75 36 103 43 35 69 6 86 13 72 26 36 73 90 36 118 98 67 92 54 77 57 101 79 17 75 14 30 83 68 117 65
2 118 71 80 37 87 26 83 51 85 74 107 70 26 22 101 44 17 111 82 79 126 41 53 43 27 2 29 91 124 107 70 100 31 24 60 119 34 26 2 13 43 23 98 67 125 72 80 45 57 34 49 33 18 62 69 57 105 93 38 99 98 65 51 16 116 1 91 121 84 31 113 64 80 46 7 92 28 115 116 83 94 14 107 98 80 71 42 29 8 74 54 60 119 72 23 28 87 7 105 16 32 79 89 97 59 51 20 92 34 65 32 40 107 94 54 49 44 100 28 57 119 44 39 23 104 80 48 68 69 11 13 110 112 107 123 126 21 119 57 80 0 123 7 31 0 95 27 124 29 52 8 18 69 12 60 60 9 86 12 19 56 63 13 61 122 22 121 12 76 5 110 108 100 64 3 107 55 122 42 58 31 0 53 2 70 2 14 63 123 36 126 23 104 110 42 123 91 35 35 100 108 32 86 27 92 5 111 24 100 92 66 15 75 46 77 41 37 123 25 41 83 60 61 26 67 32 120 33 89 37 62 102 24 119 93 41 39 86 26 105 104 15 83 47 35 122 84 27 52 16 76 39 114 80 104 67 126 62 101 118 46 14 37 118 125 15 32 47 3 47 24 44 62 70 19 113 0 68 39 26 27 102 88 56 69 2 29 85 102 5 72 63 87 14 17 65 29 125 7 34 35 1 9 66 125 69 71 86 97 81 115 67 31 68 100 120 5 82 55 42 102 121 40 91 120 110 27 120 122 87 48 53 36 55 1 13 0 75 6 111 1 17 87 94 108 26 25 6 14 51 73 66 19 125 42 112 76 60 126 31 26 126 90 16 114 72 47 25 103 65 77 8 1 93 121 64 57 37 9 52 0 11 18 32 51 57 114 24 120 124 114 81 111 64 93 17 120 73 126 98 122 12 70 29 69 123 78 86 7 56 56 25 0 111 35 114 120 91 45 43 99 126 124 67 101 31 124 79 73 2 49 48 41 99 110 90 71 14 12 96 3 106 33 43 33 57 42 14 36 86 125 109 31 47 43 16 33 50 75 17 88 108 89 120 85 90 11 97 82 82 81 112 103 69 78 23 56 60 3 113 8 86 60 67 58 66 107 82 68 86 14 44 105 2 36 85 104 123 54 27 92 67 81 67 16 17 119 99 104 24 85
65 34 42 93 58 68 36 33 55 85 119 47 116 120 75 16 125 79 21 120 36 61 44 28 102 57 35 98 84 87 44 72 92 4 25 94 8 4 69 117 39 122 97 7 90 104 20 48 36 24 43 2 52 40 11 58 12 104 95 22 112 112 59 67 117 103 12 0 78 35 47 50 85 118 39 8 50 1 73 86 54 103 88 12 38 98 62 97 8 85 40 29 101 1 92 43 87 102 60 20 92 72 125 93 107 109 22 74 38 0 5 18 62 41 119 107 125 78 90 1 20 59 75 12 36 73 41 23 14 26 103 9 45 32 9 99 13 19 40 43 45 29 76 2 103 108 93 93 5 64 43 29 90 56 125 7 24 35 114 83 49 15 106 47 122 54 91 110 11 65 108 21 77 45 29 33 10 124 90 99 76 113 118 32 1 99 20 16 104 112 12 97 102 33 0 73 70 49 126 25 91 49 13 87 123 3 37 65 22 106 87 84 109 65 51 76 123 123 105 84 41 41 24 10 42 76 47 113 17 73 100 4 76 45 87 62 106 30 43 16 118 94 58 44 86 1 42 89 62 81 83 33 124 117 95 33 52 98 80 1 111 21 80 64 102 59 93 103 87 52 41 58 96 19 123 38 121 85 126 85 11 110 45 3 12 16 104 120 126 69 86 69 37 121 9 81 22 98 18 106 32 111 35 94 84 107 37 65 89 28 8 7 21 12 98 117 90 124 0 53 15 117 30 71 123 48 73 73 23 59 87 16 113 2 116 8 106 103 30 16 99 10 78 14 47 91 62 48 108 105 42 59 7 105 108 49 111 24 56 86 9 8 92 42 30 63 4 59 9 106 4 25 122 17 10 1 117 0 89 79 14 25 104 101 35 98 65 13 46 76 8 63 0 79 56 16 104 82 47 91 103 111 75 27 97 81 30 78 56 10 58 74 55 110 14 108 126 7 7 49 103 93 106 9 109 97 54 14 50 121 24 12 17 110 48 25 75 17 60 61 58 115 104 27 81 77 77 115 46 107 48 0 33 86 39 12 22 9 117 77 126 2 99 7 72 79 75 21 105 80 112 60 93 56 42 65 78 126 12 101 9 106 41 65 21 79 15 94 28 14 23 122 121 37 46 55 123 53 63 125 26 68 79 57 62 13 20 18 99 40 10 40
3 109 64 7 57 34 0 17 49 64 14 28 119 65 92 7 20 57 58 82 25 20 43 79 17 33 118 63 5 96 9 123 5 59 24 2 83 47 108 41 3 103 30 89 85 66 60 111 81 125 98 49 114 79 47 51 96 2 38 47 42 81 81 8 62 43 79 77 85 42 115 64 52 27 0 5 36 10 111 3 113 18 3 61 84 26 71 17 35 12 101 11 96 76 91 80 67 29 32 86 41 62 4 86 66 68 121 89 0 93 107 67 23 49 100 122 57 10 21 89 124 98 87 60 44 119 114 116 95 20 101 120 114 103 84 67 112 33 11 4 65 21 4 40 75 81 75 111 108 7 44 24 91 28 57 119 2 9 75 100 39 87 102 125 74 7 27 104 27 109 67 70 36 88 26 23 26 50 27 51 32 24 76 109 119 46 15 28 50 13 60 54 36 33 37 121 106 15 47 92 79 78 90 8 33 64 5 30 32 13 125 35 75 83 68 71 63 64 81 63 86 53 100 91 46 93 12 24 53 92 14 41 54 118 31 33 85 51 52 66 106 124 125 104 78 78 17 74 105 102 4 40 12 122 67 97 84 90 110 23 34 86 101 73 105 12 54 56 101 121 55 39 56 110 36 98 52 39 55 17 27 75 85 119 70 87 88 126 5 83 69 77 34 23 17 101 116 4 6 79 126 45 106 123 123 87 29 119 53 54 38 15 51 37 93 97 86 33 20 87 90 43 52 18 80 121 41 91 37 46 14 96 115 86 92 53 3 100 115 14 19 73 98 45 120 20 33 39 40 75 40 47 108 21 34 45 71 25 1 81 30 54 12 95 97 75 47 27 77 25 80 91 36 125 68 75 1 60 94 25 107 91 79 10 90 44 71 23 105 74 56 50 52 4 53 13 112 91 10 36 10 25 26 41 18 20 98 31 76 13 44 93 18 53 125 55 10 114 12 103 125 105 47 60 52 4 77 8 84 50 77 82 2 104 114 92 83 74 118 17 77 54 56 77 110 31 117 56 67 21 109 105 22 19 67 41 96 53 95 33 39 16 34 50 57 36 7 1 123 3 18 93 62 62 82 41 28 97 72 62 46 64 88 7 46 16 86 122 67 32 116 95 11 79 86 46 34 67 76 114 7 119 65 118 99 79 99 25 63 65 55 126
104 98 8 69 116 37 79 125 45 55 122 71 68 6 106 45 22 53 52 118 107 108 111 68 121 38 98 56 47 89 42 12 97 100 108 6 110 108 65 106 23 22 107 49 68 36 3 75 95 24 43 13 92 2 54 63 125 14 17 15 43 53 115 1 6 88 103 28 71 64 13 108 97 108 91 60 12 31 117 0 11 122 108 56 59 70 11 109 92 34 28 28 81 22 64 97 125 96 34 112 29 120 55 56 116 122 62 33 94 33 68 113 108 108 71 62 53 53 52 81 107 32 25 30 94 33 72 31 37 30 51 117 44 116 111 85 117 57 21 46 107 92 22 106 8 10 69 124 12 61 109 63 78 30 79 38 94 87 3 80 92 29 91 73 46 46 17 24 45 117 104 73 0 11 80 67 59 13 63 24 65 76 116 83 53 35 80 54 49 77 78 79 120 112 54 78 40 124 78 123 68 33 80 111 56 31 75 125 76 59 24 0 50 29 27 108 33 47 92 112 4 43 29 66 2 82 66 126 70 31 103 89 35 112 1 26 104 21 111 41 47 51 86 102 113 119 47 10 105 12 21 96 14 47 33 6 74 121 71 2 96 7 31 116 65 74 26 100 0 124 82 7 82 9 3 64 30 12 45 73 63 56 90 67 3 6 116 64 30 99 35 25 49 15 10 16 124 90 48 73 104 93 52 6 48 65 92 108 73 6 7 53 124 28 53 124 118 50 100 35 120 62 125 119 24 124 16 125 109 77 64 27 12 108 126 96 53 70 36 21 105 99 121 20 84 54 12 2 121 100 125 89 62 59 124 70 1 16 47 16 40 44 22 103 59 123 40 41 67 126 53 55 119 38 8 113 120 107 112 12 126 39 75 22 18 42 95 66 15 29 91 51 24 114 76 106 105 65 0 86 17 110 115 2 106 3 49 111 126 29 114 100 59 75 115 126 22 118 28 47 92 45 99 92 14 87 93 106 25 48 60 111 22 17 31 38 9 89 104 52 115 101 94 51 47 88 51 69 4 33 83 73 82 56 83 65 112 16 10 122 13 27 76 52 85 82 37 124 90 86 96 26 45 55 113 6 44 68 115 67 86 73 3 87 52 41 125 33 88 65 21 84 14 10 111 9 10 116 47 29 0 102 67 91 3 73 75 32 15 64 12 68
76 32 69 14 34 53 27 96 45 5 50 9 112 7 68 124 108 103 76 22 126 34 117 107 29 123 41 84 62 101 87 50 67 35 31 126 123 75 104 4 125 98 36 38 12 120 66 97 100 115 83 68 70 12 119 19 49 25 102 45 26 13 94 39 89 80 49 62 59 0 49 22 56 43 21 48 7 39 15 37 49 54 49 72 9 26 77 82 63 82 29 49 56 64 11 58 67 36 103 60 78 73 1 102 118 16 1 94 78 110 93 87 74 58 19 54 88 23 63 56 79 122 79 87 46 120 15 61 93 126 74 67 11 34 71 52 73 90 87 69 70 14 71 41 69 66 49 91 97 99 61 74 85 54 13 80 98 59 40 28 56 101 84 115 72 58 39 21 25 42 58 21 113 114 57 105 19 12 37 61 101 32 0 25 73 28 42 91 28 85 3 102 110 81 16 4 12 71 70 37 37 31 12 44 65 19 14 91 29 67 29 0 100 122 108 49 34 68 99 33 117 18 4 65 118 71 13 6 13 111 55 30 48 19 69 126 124 53 58 55 26 54 105 34 122 105 60 80 98 25 50 17 102 90 20 62 74 65 48 24 92 125 17 105 59 0 16 100 6 88 77 17 101 46 43 86 11 112 27 92 46 90 20 62 102 20 34 65 107 10 28 80 106 96 3 37 80 112 24 85 92 4 90 102 20 68 69 104 72 54 100 81 19 38 119 35 84 96 107 86 53 38 95 93 13 6 86 107 75 66 35 105 62 95 21 83 105 111 67 56 1 15 84 5 50 1 109 86 72 18 66 108 108 92 122 50 52 115 93 11 23 51 45 12 50 110 73 63 126 118 99 114 8 8 37 0 71 63 43 116 64 13 89 117 0 6 109 65 26 10 119 85 77 81 122 92 95 70 51 122 39 17 4 25 83 34 45 119 118 94 90 75 3 9 121 123 40 113 17 29 108 88 2 37 94 69 13 40 43 15 40 40 70 12 61 106 109 58 81 99 126 46 45 11 63 23 77 117 16 57 76 75 39 37 23 30 14 46 112 91 54 29 51 123 17 37 62 11 44 7 112 101 88 89 65 115 47 22 106 119 64 72 126 51 71 20 46 67 59 22 38 45 0 7 92 100 20 120 118 96 22 84 83 123 18 77 13 15 88 114 51 68
37 34 80 52 114 10 18 51 71 36 32 115 122 54 37 5 108 84 62 90 5 6 91 53 59 101 41 65 27 81 68 15 44 25 0 38 122 84 105 90 1 98 15 99 114 77 119 22 82 90 68 67 53 11 53 122 53 96 18 11 0 93 62 99 121 122 9 90 83 42 12 110 99 14 56 108 95 122 93 52 27 90 52 23 5 60 121 2 5 62 51 64 28 13 94 50 55 71 24 12 35 116 76 11 9 124 41 94 88 19 21 42 83 37 5 11 17 76 110 65 91 52 95 89 46 87 66 76 19 93 5 58 118 2 23 123 19 41 66 75 54 1 114 45 2 85 48 42 96 1 107 115 116 34 25 87 8 79 122 108 87 33 75 102 59 74 29 118 15 121 11 102 83 38 75 5 118 72 80 88 122 61 120 20 102 78 87 24 92 91 11 82 15 63 37 112 97 126 121 30 88 126 106 125 84 26 72 69 33 21 38 34 13 114 78 75 91 83 60 58 27 67 105 114 6 27 56 105 126 54 41 39 60 21 94 70 98 13 63 118 8 121 90 89 16 23 86 22 11 4 126 26 29 124 93 4 89 3 65 123 118 99 87 13 31 41 82 70 3 57 91 0 8 89 126 27 115 49 19 74 81 61 117 80 63 12 27 69 21 71 28 12 15 79 49 55 4 33 83 11 39 124 118 77 95 1 25 54 114 121 93 74 13 23 124 87 95 92 80 86 51 88 11 36 79 93 102 31 15 38 31 27 43 33 112 24 68 78 102 92 92 69 105 55 59 63 10 75 20 91 15 18 58 16 77 19 70 105 38 70 115 75 123 34 116 14 81 54 104 37 58 11 25 47 25 38 98 116 113 123 3 94 115 125 84 99 26 108 122 27 42 19 105 112 63 15 48 41 124 2 77 92 119 42 72 18 20 10 117 7 123 6 113 117 112 21 47 77 90 13 0 3 49 39 51 64 7 57 92 36 89 121 96 46 100 10 38 34 18 90 37 19 40 74 116 98 36 103 63 18 33 33 99 19 11 68 55 64 70 70 48 126 1 29 25 108 45 36 31 98 102 1 57 62 95 122 126 61 109 95 55 52 77 21 88 87 26 54 90 85 37 34 3 7 68 82 124 2 68 1 118 119 95 66 90 31 60 45 79 66 90 115
16 117 78 35 102 68 77 107 93 116 10 65 98 36 75 109 121 72 108 36 114 1 53 74 81 107 39 15 122 55 42 59 1 71 1 88 106 79 44 19 29 25 107 109 92 86 69 47 99 66 73 76 10 83 70 35 9 91 37 54 117 58 27 86 75 97 108 11 124 87 78 84 114 54 21 44 93 49 51 108 23 2 7 4 76 49 117 93 112 115 89 63 64 31 83 98 26 111 111 104 4 33 20 112 81 32 66 93 33 98 49 23 13 76 88 35 50 3 51 92 36 79 38 20 14 98 85 56 52 104 108 22 125 119 65 93 86 96 111 97 84 97 55 8 60 61 90 91 5 86 90 94 106 126 5 39 64 5 63 34 105 66 90 121 118 102 75 34 16 42 63 38 110 5 110 91 41 0 108 54 26 106 46 126 9 28 32 66 61 61 47 115 30 105 15 2 113 73 74 64 74 64 66 76 126 106 58 117 115 64 20 20 50 41 122 3 41 66 83 2 52 92 113 42 16 65 90 121 84 30 13 91 119 34 120 7 63 64 2 114 73 59 92 37 125 13 62 78 41 119 99 40 114 98 5 7 90 92 67 24 10 36 61 15 99 44 51 94 94 118 4 19 79 47 70 55 54 70 31 26 85 4 95 93 105 90 80 52 96 116 46 94 52 98 113 35 74 34 73 111 64 55 0 102 30 64 120 63 125 63 114 92 37 115 18 125 60 118 1 84 84 119 61 101 37 101 43 27 47 81 75 87 104 46 44 64 103 92 86 40 36 13 11 84 111 103 101 60 42 24 42 92 93 98 36 32 97 115 10 94 33 35 87 12 17 17 11 57 62 25 31 66 83 42 107 33 37 33 126 70 114 108 89 53 118 76 27 97 47 80 82 69 87 69 110 67 107 74 9 89 114 16 57 74 58 111 57 84 77 30 21 74 52 116 22 43 93 86 121 80 60 44 30 58 124 70 44 94 4 59 109 90 57 124 48 69 23 31 92 102 4 62 3 57 88 80 108 60 52 48 14 96 31 111 79 77 117 19 13 117 4 58 61 56 89 56 11 49 78 108 64 49 54 98 122 122 38 115 105 108 50 2 4 87 2 59 6 6 31 70 13 26 87 104 110 94 92 30 34 58 106 38 100 119 16 72 109 44 105 114 114 1
75 64 2 73 30 24 91 99 9 86 30 42 25 46 63 101 105 48 122 70 121 115 58 10 56 105 38 2 9 123 33 98 77 11 126 12 90 99 73 44 113 96 74 46 115 33 75 13 87 53 120 3 80 7 65 78 19 73 4 77 103 41 0 12 28 3 80 47 125 98 93 52 1 3 82 84 54 123 67 101 58 66 47 126 26 62 29 101 48 45 91 81 68 15 12 90 124 3 77 48 80 52 102 124 72 68 126 23 11 106 0 88 10 59 95 72 33 35 26 41 61 10 105 82 11 30 57 95 31 75 12 70 110 117 36 124 57 47 81 41 39 98 121 36 28 105 64 83 11 30 32 118 25 112 27 66 50 68 10 46 47 61 96 125 25 113 77 41 37 61 118 99 80 116 46 104 119 39 47 68 37 108 55 122 41 66 72 43 88 54 102 117 84 42 111 89 101 63 51 20 33 113 122 114 45 115 119 110 122 2 80 105 14 41 7 83 25 84 64 25 96 30 19 11 56 97 45 120 99 51 88 97 18 89 23 124 72 46 62 124 96 34 37 37 80 114 30 34 91 109 119 100 109 91 10 23 5 77 12 6 91 96 80 124 89 107 30 59 78 27 48 23 67 0 25 98 51 73 100 99 113 75 42 90 66 120 28 14 97 31 44 116 65 26 2 69 48 89 97 50 73 11 71 107 57 30 29 62 52 107 51 90 42 45 8 113 35 80 108 13 36 64 77 20 118 85 12 78 118 115 113 72 106 99 2 122 68 54 79 28 91 118 51 58 69 6 21 25 89 49 109 120 78 103 108 108 72 17 74 69 61 11 124 10 83 67 70 20 51 25 35 0 61 43 69 80 91 90 14 60 56 13 112 19 82 103 70 42 118 87 112 36 1 111 46 87 101 55 72 125 38 119 16 108 126 59 70 81 36 12 65 23 39 73 41 10 31 60 101 91 92 69 33 49 63 10 86 42 47 5 37 40 55 40 121 48 5 58 68 92 15 25 11 44 60 77 4 79 21 125 15 82 61 93 83 106 115 8 111 54 52 45 85 3 8 52 101 69 103 33 17 95 84 1 120 4 91 105 25 5 50 11 9 82 22 113 62 92 109 54 94 126 78 46 28 123 49 36 66 30 66 125 72 117 44 81 101 76 100 77 43 7
117 100 85 1 122 68 58 93 82 124 102 101 26 28 51 12 2 12 113 29 122 17 74 28 33 106 12 107 77 103 12 74 95 105 85 87 101 36 78 13 114 39 90 25 36 79 34 100 74 120 43 6 40 78 27 33 70 115 0 11 87 84 83 92 15 69 111 25 66 71 80 29 108 1 45 44 31 87 39 24 14 18 34 23 21 25 87 33 66 89 108 116 31 44 57 92 107 26 55 43 38 6 23 124 10 23 70 46 31 96 22 118 107 105 79 99 111 126 101 122 112 92 76 126 66 0 88 77 73 114 11 71 8 89 20 53 9 42 75 1 102 53 21 95 126 17 20 19 88 28 98 25 119 114 94 38 9 20 104 22 102 10 8 17 121 55 50 88 55 80 119 12 63 32 113 100 9 81 6 0 69 91 76 33 13 25 100 32 37 110 55 79 93 76 108 74 95 48 29 85 35 5 5 39 119 99 101 34 106 74 72 101 16 95 1 53 35 122 30 67 109 54 11 92 41 53 34 120 10 75 93 35 93 12 89 71 85 44 32 120 69 109 45 48 77 109 55 48 106 22 62 106 47 1 75 37 18 61 55 36 25 119 1 20 96 9 5 78 112 49 91 108 87 3 7 59 39 109 37 84 119 8 77 15 84 57 88 5 63 50 64 26 97 54 32 86 71 61 10 10 78 19 91 112 122 111 80 101 104 123 100 114 59 54 6 66 125 47 33 97 98 64 46 39 24 50 87 36 51 82 84 22 23 45 62 68 115 4 14 97 12 57 45 36 36 25 63 1 43 46 55 14 77 74 46 10 1 94 18 61 89 75 106 89 35 13 40 65 101 35 64 89 79 13 50 118 52 113 80 66 21 22 89 61 100 125 50 46 108 96 55 118 18 107 96 59 65 5 25 42 71 72 105 103 36 91 7 101 17 35 23 121 57 119 70 103 69 97 25 64 109 65 16 31 49 11 46 12 33 18 35 35 59 51 33 11 110 78 62 71 94 56 100 50 42 25 43 59 77 61 103 124 37 24 13 125 118 72 108 73 19 8 45 10 109 44 101 11 92 73 8 36 58 55 24 92 110 36 110 20 65 116 121 16 76 110 55 40 71 79 21 118 30 62 3 10 56 22 83 99 81 5 53 12 1 116 119 123 99 64 121 24
103 87 13 53 45 29 124 99 82 103 115 22 98 21 90 66 48 52 55 103 48 11 46 111 36 29 54 117 77 111 92 2 15 97 65 42 28 54 123 42 121 91 92 99 6 79 82 52 63 55 79 118 48 112 35 13 13 74 59 113 87 59 101 85 86 108 40 57 53 15 39 92 106 67 114 34 1 126 108 85 43 71 2 90 4 25 74 79 100 93 49 79 93 113 51 65 51 47 65 80 20 88 126 88 105 87 29 111 8 2 122 25 94 70 80 125 57 9 107 117 59 70 122 69 43 80 34 101 7 82 92 7 45 98 67 110 97 121 35 124 68 64 23 23 31 34 93 17 11 37 36 100 110 98 66 115 87 49 13 10 100 51 102 108 29 83 20 12 50 6 101 88 62 67 43 113 33 8 123 97 104 91 95 75 103 13 17 46 6 23 36 94 47 56 110 49 23 124 67 116 51 61 35 66 61 63 44 45 5 15 7 106 120 31 51 118 15 29 52 34 57 42 122 42 9 57 7 0 40 13 73 58 93 71 77 75 98 31 79 48 56 87 75 22 87 106 121 46 97 97 71 119 112 88 34 15 110 53 81 15 52 94 113 116 30 94 36 84 87 91 37 89 56 27 107 102 56 77 26 125 31 113 95 75 90 30 65 9 112 46 88 22 46 90 1 114 98 62 36 79 27 50 95 35 42 107 0 88 103 9 85 9 65 65 85 126 97 4 52 42 124 78 34 57 27 19 13 48 28 86 53 73 58 115 19 102 63 98 5 64 13 26 33 45 120 20 106 47 4 123 87 101 36 109 125 16 114 33 59 72 73 21 39 60 125 116 36 43 114 88 125 21 76 81 76 89 7 43 51 126 117 81 19 10 43 119 25 49 67 20 95 75 99 56 3 106 76 83 103 100 45 67 71 102 23 29 0 126 91 40 26 117 45 8 8 64 88 11 115 18 30 125 53 5 1 85 120 35 10 11 72 53 30 75 66 107 99 83 0 33 81 84 46 58 13 1 36 125 54 14 115 82 27 98 52 34 36 87 54 87 77 72 74 82 15 26 112 80 79 8 64 12 117 112 13 112 122 23 20 37 46 96 125 18 38 62 46 17 111 41 30 22 114 82 21 111 28 43 18 51 39 70 93 55 9 102 125 55 58 99 40 76
105 74 37 114 90 4 45 56 91 6 104 55 21 85 22 60 112 76 4 46 83 32 53 60 78 88 125 58 26 32 12 82 101 95 42 103 53 107 16 11 55 116 55 101 99 56 102 96 28 113 119 125 108 61 21 102 81 55 113 49 74 96 59 25 48 102 99 91 6 67 64 98 51 46 111 90 123 59 26 57 8 71 37 84 109 111 62 68 81 125 41 15 103 56 80 41 18 94 32 21 40 48 51 40 34 97 19 36 74 24 58 74 122 118 70 20 63 114 56 104 32 67 50 79 37 64 92 91 46 29 37 12 52 54 83 34 124 53 82 42 75 84 107 85 103 47 100 14 79 41 119 120 17 7 25 94 31 86 74 123 25 73 116 89 25 43 14 62 45 93 62 67 85 82 84 66 61 100 126 34 45 5 121 99 83 10 116 79 56 73 8 119 40 3 51 28 31 75 71 52 48 38 41 121 76 11 58 102 29 119 108 19 70 12 29 30 119 56 100 97 95 87 73 36 105 86 63 92 34 105 6 30 112 111 120 28 57 46 62 123 34 72 32 123 109 108 69 105 103 115 21 115 113 93 11 79 123 61 115 58 38 116 59 77 80 0 32 54 94 31 79 47 117 25 7 74 85 79 123 85 43 86 76 9 77 13 118 66 12 51 52 24 125 72 121 65 6 8 35 26 42 63 59 15 1 17 33 109 5 117 3 108 88 76 126 80 46 31 124 82 124 10 45 44 39 13 35 73 15 46 47 81 24 49 73 46 118 119 88 21 94 43 93 103 99 49 87 25 57 26 75 13 65 36 13 41 74 93 120 9 4 74 101 73 53 40 81 26 108 25 39 102 116 99 95 35 96 108 75 25 7 0 116 97 77 79 50 15 115 99 5 7 65 59 125 46 44 6 3 62 63 116 27 66 111 15 44 36 111 58 23 62 22 44 48 102 67 110 44 28 11 110 114 26 101 117 45 95 39 104 91 82 9 98 6 81 48 93 34 101 65 27 39 118 71 104 15 85 23 37 15 4 122 46 47 83 119 107 103 79 96 110 28 7 8 93 80 18 45 0 95 94 31 100 78 13 48 6 82 5 55 69 31 51 17 12 23 23 40 60 125 38 102 16 27 32 49 15 111 62 8 96 14 42 81 1 35 119 29 23 55 15
68 52 23 25 56 120 46 81 71 96 96 72 31 4 78 34 3 33 117 80 1 105 63 25 126 88 3 14 65 51 73 73 108 116 106 108 123 84 5 99 100 35 83 94 122 89 64 51 43 102 121 52 16 75 58 88 60 105 1 68 55 67 2 125 46 120 62 0 87 50 78 75 81 9 108 68 75 90 39 103 73 60 104 9 109 116 99 114 74 107 13 116 41 80 70 125 56 110 81 10 11 63 56 73 66 70 55 0 3 29 121 118 59 66 39 31 12 59 9 26 51 89 24 115 105 30 87 85 42 106 6 22 2 11 60 78 11 40 8 125 76 68 29 40 15 10 49 15 111 87 101 81 63 123 95 59 12 17 7 27 40 25 107 38 92 97 37 102 119 86 120 32 40 92 75 85 118 45 67 84 67 22 118 76 120 89 31 83 73 18 68 36 8 33 103 29 15 4 1 31 111 27 2 91 125 111 114 99 86 5 8 38 36 29 9 92 24 72 89 0 98 24 91 28 117 126 30 48 75 13 66 75 77 8 40 7 84 69 87 40 85 86 3 27 57 47 71 26 78 85 95 7 95 7 123 108 105 74 74 114 91 11 121 49 27 82 81 63 30 22 35 54 77 57 90 9 37 16 57 100 67 104 55 4 109 18 80 53 87 94 1 38 27 120 3 53 120 77 11 104 106 116 80 51 54 10 89 4 42 90 11 45 96 86 27 118 122 34 61 90 113 28 59 93 73 67 126 0 106 109 95 42 81 71 123 93 27 44 82 99 6 73 32 73 10 14 37 98 118 82 58 46 113 82 124 56 114 59 72 36 126 123 68 19 20 114 98 114 12 110 5 26 101 20 17 60 71 53 8 122 77 119 34 24 104 91 124 86 102 111 6 32 43 44 30 82 13 56 76 29 55 125 37 48 59 71 110 24 97 10 122 21 77 94 61 57 116 7 42 58 53 44 106 17 23 27 45 102 114 13 40 73 37 82 123 98 77 40 58 106 118 42 16 15 114 109 63 68 33 122 66 0 109 90 37 119 61 84 2 25 36 53 119 7 4 92 68 21 18 29 84 67 33 29 109 6 98 115 59 18 80 80 6 58 68 69 77 98 125 107 3 29 95 35 57 122 32 13 72 44 84 17 78 120 56 46 21 74 83 73 0 81
100 12 97 51 63 92 90 90 10 35 5 98 94 78 112 11 74 90 0 25 20 100 80 112 82 35 54 18 38 104 118 3 28 1 120 59 44 52 79 74 3 102 11 119 56 64 99 104 114 35 55 10 7 98 34 78 57 44 107 115 38 70 111 5 29 99 36 15 74 118 7 37 125 9 43 68 78 21 3 57 61 0 53 101 75 12 39 103 35 57 20 108 12 66 109 95 98 34 111 32 7 59 113 111 126 15 25 49 110 98 28 121 75 4 69 119 74 67 118 68 31 60 42 89 98 123 30 95 44 53 43 123 90 90 39 90 22 87 112 58 101 120 87 104 34 99 42 33 3 26 37 105 27 96 28 35 123 99 34 87 109 107 62 76 46 92 74 19 44 113 58 55 63 122 62 93 108 90 16 62 58 22 17 2 20 116 72 53 109 45 106 113 38 16 18 66 93 96 10 14 28 54 88 93 39 98 123 64 86 72 50 89 16 36 56 23 67 107 92 102 60 100 13 8 2 13 21 29 78 28 56 36 52 57 61 58 105 32 118 82 91 11 1 63 90 103 42 116 68 58 56 48 66 101 55 124 8 62 46 55 60 109 52 106 20 66 49 6 126 85 103 14 17 22 56 31 23 109 10 120 106 26 33 41 112 110 110 105 106 30 108 54 102 52 75 98 91 7 7 125 47 1 96 26 108 117 63 49 61 84 73 4 68 96 74 6 126 121 80 42 46 69 72 43 28 34 105 69 120 81 7 66 27 70 97 91 11 2 123 14 35 21 76 43 53 59 13 101 23 9 100 122 76 3 57 65 104 43 108 109 52 60 101 80 19 102 31 60 106 124 82 69 90 70 34 45 42 41 87 33 119 2 89 44 33 117 28 70 15 55 107 102 106 22 14 69 9 56 89 16 94 43 1 53 23 57 76 0 87 109 109 113 87 50 50 74 100 58 61 103 95 34 17 87 0 12 55 124 124 96 0 85 90 71 107 112 69 36 120 120 17 97 118 8 68 15 108 67 51 47 11 35 124 117 116 63 37 97 87 9 87 79 25 67 104 24 18 54 46 23 105 120 126 126 7 3 14 8 15 14 91 21 83 94 51 109 87 76 82 78 113 110 52 125 15 94 24 124 57 23 57 33 118 101 6 107 54 37 31 33 18 60
98 57 34 8 76 59 35 28 57 113 18 39 116 116 17 50 114 120 80 49 76 6 72 44 86 7 108 34 88 29 60 92 85 118 117 24 42 39 116 3 72 6 30 102 68 38 27 97 117 108 119 75 82 9 115 42 93 110 93 112 32 91 109 12 119 94 118 24 75 100 87 31 75 27 25 55 14 26 84 21 29 40 100 100 6 5 38 55 112 13 113 16 44 8 112 67 100 41 0 89 18 92 24 51 7 101 121 56 80 115 40 67 67 37 97 54 116 56 43 42 34 123 50 92 62 2 98 112 58 48 87 56 17 102 86 59 52 67 81 8 74 78 4 65 106 20 73 13 11 71 5 68 43 94 120 82 101 83 82 61 85 110 38 5 100 104 21 117 96 65 92 112 59 28 107 104 37 69 16 56 110 124 99 16 39 96 109 2 124 68 103 48 3 113 58 13 18 14 87 44 87 93 103 109 38 106 5 97 84 54 99 77 125 123 105 31 46 67 103 123 115 115 48 67 80 106 87 58 9 126 10 64 65 22 110 91 83 0 12 38 39 68 50 90 24 38 75 77 104 88 33 92 102 35 28 106 14 84 112 20 114 84 49 43 14 13 85 25 23 9 103 104 120 0 41 79 80 91 41 115 35 95 117 18 86 71 5 41 12 26 125 93 92 92 120 111 116 54 126 122 16 108 1 58 21 97 88 120 92 13 104 99 122 91 46 76 123 85 63 93 116 21 112 23 52 90 85 21 43 59 23 3 117 1 50 19 39 100 51 11 124 35 21 119 74 15 101 97 36 59 15 120 45 32 82 74 113 66 15 120 125 100 122 31 34 68 103 80 76 31 52 0 68 47 54 0 11 102 18 46 12 77 7 68 91 65 54 68 93 71 10 80 97 109 112 101 66 56 95 84 10 11 126 44 33 84 18 114 126 78 31 49 70 97 42 34 106 87 24 47 116 85 28 112 103 41 49 15 61 116 32 6 112 77 32 74 65 14 100 16 107 57 12 12 80 65 124 60 43 24 43 72 124 7 61 81 77 32 86 66 58 20 77 25 110 121 26 94 95 41 102 7 124 103 91 109 105 25 54 0 124 26 15 46 59 12 107 34 109 56 121 48 62 57 20 62 92 44 78 95 81 74 30 41 34 69 58 47 67 85 4 122
60 10 109 54 71 9 108 69 96 42 65 104 61 118 75 53 59 53 67 46 52 22 48 118 11 85 48 17 56 9 84 97 96 34 44 76 56 4 102 83 47 39 17 80 99 87 114 59 43 72 64 42 83 50 123 80 119 83 114 44 31 66 118 73 95 84 39 66 58 8 92 3 122 60 111 23 100 84 92 42 63 47 114 96 109 41 85 50 14 116 58 25 46 15 70 45 115 71 108 86 27 14 20 121 120 109 105 71 97 11 13 117 101 4 122 55 77 6 5 93 123 19 88 11 12 34 13 35 68 85 122 58 110 125 0 70 66 97 57 121 66 43 86 0 111 126 29 70 42 22 110 59 43 73 111 73 82 3 58 29 36 20 41 14 85 1 46 45 55 46 82 81 124 45 26 4 56 33 10 76 19 100 26 54 4 100 13 17 54 75 23 42 111 31 60 96 101 95 8 20 17 19 102 56 3 37 48 123 115 55 81 46 63 84 9 82 93 88 118 49 89 30 99 105 19 71 1 51 33 115 126 99 87 58 49 104 79 71 23 24 61 97 92 112 23 126 49 69 70 67 102 11 32 66 84 117 5 83 66 78 113 79 80 59 70 90 62 95 56 67 73 80 123 115 53 71 92 5 88 21 105 28 74 12 44 52 27 55 47 13 2 84 88 46 87 13 115 93 3 94 94 73 36 21 19 27 54 11 40 90 11 106 63 103 44 94 45 54 17 8 1 71 69 56 57 80 88 7 110 112 2 59 102 107 32 26 78 126 78 126 103 17 74 34 21 18 41 23 110 85 118 67 80 70 76 71 123 114 69 53 64 104 31 0 26 38 117 58 12 97 104 11 116 71 61 1 123 64 95 13 98 7 53 70 55 11 0 61 7 70 44 32 31 105 63 45 50 17 64 12 59 34 90 7 54 66 91 13 100 4 58 83 40 91 75 2 69 47 84 59 117 82 55 36 100 38 6 26 86 64 110 93 115 90 75 31 103 116 97 102 67 63 56 30 85 121 27 75 31 17 66 46 52 72 79 86 37 68 4 51 40 18 82 49 46 94 76 106 3 86 115 96 42 89 17 72 4 7 66 18 2 14 1 67 106 86 115 32 102 55 31 119 5 100 62 117 28 109 123 2 39 103 51 87 68 50 7 44 60 4 37 65
12 93 76 31 44 103 39 117 87 102 120 18 79 102 75 11 92 96 5 35 100 3 53 22 20 29 87 42 46 68 11 25 19 55 30 114 10 56 119 42 108 61 50 2 11 92 25 37 50 79 8 110 41 51 121 98 54 23 16 98 82 73 43 46 73 114 90 82 51 29 83 60 20 102 13 104 118 96 53 52 84 73 125 85 6 94 83 6 60 64 20 14 99 96 126 66 40 12 121 2 89 77 84 97 28 39 11 122 6 0 17 108 11 48 10 86 2 22 40 102 59 9 32 95 19 18 106 7 111 117 78 125 80 64 120 57 109 117 20 45 30 78 68 116 28 98 46 61 102 29 108 118 83 22 22 66 43 73 105 43 36 50 98 92 17 27 99 16 14 41 94 94 125 97 47 71 7 122 11 94 115 81 49 113 27 3 79 92 75 33 2 100 55 116 110 77 19 70 47 80 110 39 61 51 21 14 79 106 7 1 40 2 38 26 110 72 25 103 71 82 9 106 96 66 82 74 28 90 29 107 115 113 105 120 19 98 63 52 112 78 102 82 103 59 126 69 98 103 88 86 54 94 52 37 58 59 57 119 76 74 53 74 24 77 8 82 59 34 55 92 23 37 47 65 49 98 98 73 92 25 69 101 111 41 49 106 15 18 61 70 15 49 111 93 100 84 48 100 13 6 62 87 37 17 0 45 65 107 19 18 78 58 2 98 61 84 72 82 30 97 31 31 25 83 66 60 104 120 101 24 2 92 126 4 31 68 82 79 51 105 54 125 66 116 92 101 55 93 68 13 51 61 105 101 77 97 47 115 59 60 50 4 104 77 7 71 92 57 16 31 114 125 41 54 47 58 29 75 63 114 89 68 63 56 48 112 62 105 121 1 117 81 9 65 11 60 72 76 104 4 51 52 100 112 41 118 124 116 22 107 86 65 67 92 23 36 5 100 81 7 43 10 39 97 78 109 123 34 14 25 28 19 59 121 125 56 52 55 18 89 34 101 8 23 71 1 20 49 92 60 118 122 36 116 64 14 8 15 54 51 101 32 50 28 3 113 78 125 113 33 93 50 37 105 53 107 76 76 56 124 51 12 110 39 42 96 54 58 91 120 79 81 91 92 81 105 58 71 0 90 17 59 52 70 33 29 103 61 37 44 37 73
83 113 101 8 13 78 55 77 59 83 37 55 97 98 14 120 0 41 113 61 47 125 32 53 77 13 1 112 70 81 115 32 12 5 81 113 1 100 76 9 116 51 124 103 94 125 62 117 83 13 117 20 118 110 46 13 58 8 25 41 83 58 51 9 73 24 6 2 9 54 57 63 126 57 33 61 37 82 80 42 94 72 74 59 6 2 41 61 16 35 11 25 80 66 64 49 60 97 114 93 123 34 21 103 124 28 39 112 5 122 60 111 18 119 51 25 3 46 91 35 55 22 74 122 66 86 3 1 125 56 69 13 38 103 52 126 17 83 21 23 11 123 102 1 17 80 39 11 73 41 23 93 106 2 98 125 11 112 10 82 58 40 27 119 3 51 8 9 109 93 15 121 7 116 28 116 105 74 97 49 23 54 59 30 45 99 11 117 11 77 115 94 57 51 49 77 68 12 120 124 67 42 124 18 27 124 34 61 23 63 37 45 88 83 12 103 29 29 82 13 120 86 14 64 77 92 71 125 15 73 44 31 65 51 64 43 83 23 55 26 5 60 52 24 65 15 14 103 92 14 47 27 113 76 121 6 4 70 2 108 86 31 7 27 35 37 70 92 60 104 74 22 48 20 10 39 125 115 97 96 84 54 56 113 25 38 80 22 95 60 41 54 75 76 15 71 23 18 64 114 16 25 65 67 89 27 79 87 42 86 36 115 24 78 99 104 8 77 10 99 39 98 2 38 9 44 68 117 75 45 102 101 118 79 56 69 93 110 124 94 52 37 40 46 54 105 61 1 52 120 83 116 35 108 75 11 21 85 121 61 58 108 0 34 122 54 87 52 60 26 101 43 89 28 97 122 47 50 107 84 118 23 112 59 24 85 30 75 23 67 27 58 3 23 40 33 99 38 47 90 109 105 89 92 39 81 34 120 12 52 79 88 103 91 66 9 103 22 46 57 44 56 46 24 104 124 25 99 61 70 16 12 46 94 123 105 61 37 8 36 67 126 81 104 8 10 107 62 41 32 81 9 13 111 81 31 14 111 89 51 69 79 94 20 72 18 17 56 22 30 25 3 14 103 120 100 6 83 16 47 17 55 33 100 122 103 15 3 101 111 73 17 58 90 33 6 3 41 117 34 25 44 106 107 124 38 20 124 20 121 118 18
111 1 72 63 95 17 77 4 39 4 119 43 2 23 15 118 24 86 92 32 83 108 7 8 96 18 87 121 103 119 54 75 39 39 60 53 46 84 123 33 105 99 100 33 78 45 93 1 31 89 87 98 64 60 35 46 79 40 125 76 70 5 20 87 36 15 121 117 83 31 84 12 100 36 98 119 48 20 113 29 31 74 53 86 16 68 120 69 69 76 44 8 102 98 33 83 19 85 49 69 21 121 119 75 0 61 40 121 68 42 60 122 90 95 66 37 29 0 80 95 31 15 36 21 65 67 125 94 8 113 61 90 20 59 99 117 25 40 69 39 84 90 78 117 67 67 86 35 34 91 15 53 124 72 5 119 98 38 45 47 91 64 69 14 47 10 6 97 86 18 68 123 113 114 48 55 10 17 57 25 64 56 14 97 33 21 56 54 88 73 31 107 61 90 111 42 106 60 38 77 6 117 93 72 105 92 83 99 77 54 93 1 23 12 108 14 33 97 81 68 113 100 55 19 7 33 3 102 84 55 13 1 26 86 18 65 32 15 75 24 112 40 68 13 67 57 16 16 113 53 12 126 105 77 43 73 34 51 76 44 67 115 5 26 49 90 40 38 96 75 1 107 87 102 97 94 34 21 125 119 13 7 14 80 90 33 86 16 34 68 92 30 55 34 70 55 120 93 68 62 82 82 71 41 50 13 62 60 65 56 126 80 81 4 24 55 22 23 92 80 119 70 1 120 76 121 110 64 57 9 61 26 0 29 25 62 78 105 49 81 101 106 22 92 96 117 42 97 19 96 22 43 41 55 122 96 101 43 35 14 85 49 28 82 52 98 50 107 25 87 20 106 90 53 58 119 51 75 65 21 19 39 60 52 116 46 13 116 123 80 19 42 53 85 20 53 54 20 125 101 55 88 20 40 41 79 37 64 0 0 72 3 12 30 84 7 53 42 62 94 4 39 42 16 80 30 76 28 91 54 82 70 36 48 93 47 36 110 125 38 6 90 49 56 96 55 47 72 70 76 0 74 34 15 1 7 1 80 16 52 83 38 27 25 29 102 111 19 4 101 30 46 106 71 60 111 70 55 24 78 0 85 71 113 72 121 84 114 19 88 10 46 109 73 57 32 100 94 74 19 50 67 71 30 52 120 58 24 90 22 12 113
82 39 66 84 20 108 9 52 25 106 2 124 59 99 112 109 50 81 79 95 32 33 119 67 62 11 84 40 71 67 88 48 26 53 85 11 105 36 48 106 62 56 88 124 100 29 83 124 48 22 64 77 63 53 43 78 105 93 61 79 41 97 38 94 95 69 22 44 60 76 71 67 90 60 37 100 48 6 47 43 1 97 106 23 88 20 106 96 14 44 102 99 38 31 103 73 76 28 61 112 102 97 67 83 104 90 105 102 62 115 107 67 52 16 2 34 60 52 62 13 49 74 33 52 2 117 12 85 49 25 15 120 67 51 32 27 4 42 96 114 62 82 5 39 111 60 80 61 17 22 61 11 114 60 83 21 116 68 66 58 71 80 14 35 108 77 103 122 5 11 16 53 105 30 35 110 115 3 36 117 46 107 7 119 25 17 44 51 43 96 117 73 87 19 99 64 35 120 36 7 118 58 126 88 67 71 14 114 84 31 92 55 50 117 4 119 3 48 31 43 105 113 62 102 16 37 57 76 56 70 44 92 10 32 4 34 67 106 99 91 119 7 91 87 28 106 101 118 32 66 48 11 51 23 63 126 58 53 47 118 124 97 2 106 38 94 100 111 70 77 54 59 125 30 73 40 7 106 76 56 49 18 17 106 99 33 97 78 78 42 66 20 113 56 110 36 105 24 82 113 36 41 28 34 86 24 78 112 112 17 113 73 95 61 30 43 88 62 56 19 62 103 9 3 48 29 6 111 45 7 66 14 86 39 44 62 0 107 110 45 66 100 44 49 12 80 103 86 26 117 13 12 29 10 26 18 90 88 45 40 92 70 79 105 36 65 69 3 19 34 85 71 8 69 68 8 48 27 97 94 70 61 107 5 108 93 78 90 71 60 4 88 98 23 37 52 1 15 17 63 47 23 95 124 86 116 85 72 43 33 71 110 2 70 73 120 119 59 54 120 106 87 50 14 70 34 99 18 54 75 21 116 112 103 60 118 57 93 62 23 57 2 25 85 22 111 113 87 14 22 42 117 71 123 2 88 85 47 114 5 51 121 107 28 35 7 12 45 109 114 4 19 63 74 120 89 110 105 59 40 116 94 43 38 73 26 124 66 86 51 55 30 32 59 73 97 117 0 100 59 120 6 68 10 59 50 37 9 56 105 1 63
83 7 14 56 51 126 17 69 110 102 110 109 124 5 44 3 59 21 54 117 71 30 18 104 70 45 23 99 32 20 101 126 57 73 91 76 99 61 65 76 85 114 53 63 109 48 100 93 86 0 8 46 66 12 119 8 124 86 61 2 33 23 7 64 114 48 20 20 28 70 10 59 87 112 75 124 76 102 30 15 98 102 121 109 100 122 34 29 87 14 58 112 21 109 77 42 34 23 46 42 12 50 61 98 104 100 2 60 27 57 79 74 78 3 14 117 104 56 56 73 35 38 59 39 42 61 11 80 7 81 50 55 81 0 22 55 34 92 96 116 105 45 94 9 38 7 51 48 51 122 92 59 2 46 26 10 97 46 83 12 29 114 89 75 16 38 114 82 18 116 122 73 21 10 74 25 30 58 6 60 39 109 64 9 28 22 74 51 20 33 62 92 54 6 14 106 42 83 92 58 102 57 72 7 83 81 27 119 74 101 11 97 104 60 105 77 53 79 70 96 74 61 29 9 22 110 117 40 102 54 24 61 59 29 88 4 69 5 115 9 56 36 81 68 92 106 13 105 25 95 108 100 117 91 71 38 67 109 42 69 27 99 53 47 1 15 104 97 40 80 113 6 37 7 65 2 118 59 106 21 17 46 59 61 39 55 23 116 90 86 59 93 103 79 63 30 78 33 8 83 111 29 97 19 100 50 88 82 95 3 107 34 25 101 101 93 57 112 2 49 67 37 65 112 53 14 121 69 63 38 115 20 83 95 54 93 11 89 41 95 92 102 71 122 1 3 22 42 19 93 12 42 51 100 78 56 75 16 62 112 117 62 98 48 69 15 30 19 96 40 107 78 47 84 28 96 118 25 30 126 14 72 34 112 39 114 84 12 36 31 36 55 9 106 78 99 98 111 80 116 71 19 4 21 97 61 21 113 3 43 104 32 39 48 48 106 6 10 12 21 20 96 2 96 7 76 22 101 21 22 116 3 79 119 79 23 103 5 41 40 2 118 60 96 88 103 31 108 48 10 26 72 35 93 51 112 103 113 8 96 7 60 81 4 103 68 67 13 124 88 62 50 23 116 49 86 121 71 48 114 120 85 97 80 75 66 51 53 25 37 7 88 104 109 43 18 86 30 8 2 78 14 16 32 107 88 118 57 8 111 118 93
68 83 116 54 16 112 22 57 23 24 31 27 32 99 84 98 113 108 9 121 52 113 50 12 106 48 46 43 110 41 55 113 71 82 122 42 79 25 14 121 17 28 66 73 15 16 0 45 118 53 2 121 83 96 16 15 95 19 52 98 57 33 113 8 117 7 93 78 46 111 116 74 87 39 56 73 73 49 99 26 3 99 102 34 90 121 17 104 44 37 118 88 114 103 83 92 1 5 73 88 0 57 109 29 123 34 38 24 112 64 52 44 125 117 75 41 91 115 61 70 118 74 13 33 59 71 97 51 124 99 122 5 102 118 20 116 34 7 13 115 111 0 44 102 3 104 2 77 120 107 17 120 1 124 27 20 8 85 105 34 87 76 55 33 10 3 112 86 15 76 74 23 31 13 111 56 123 51 103 64 40 99 121 90 23 117 80 114 94 91 56 37 126 106 14 4 44 38 62 13 0 86 14 2 85 80 87 43 27 47 14 109 91 97 35 2 89 118 89 51 31 124 2 52 61 37 18 38 100 73 13 80 1 3 103 117 81 57 20 97 108 125 119 18 35 122 42 72 51 114 73 83 57 122 92 45 101 64 57 19 67 47 79 122 54 73 74 20 41 74 7 51 107 103 49 64 0 27 121 64 36 99 102 70 114 47 60 5 66 95 7 68 90 121 73 75 104 32 30 62 77 65 83 51 101 54 6 27 20 70 11 74 116 33 105 25 72 38 124 50 38 63 92 1 50 53 2 68 60 68 28 54 23 69 105 113 52 89 26 35 25 118 5 95 24 120 71 82 125 121 60 90 101 90 103 74 20 114 77 66 97 113 120 25 102 88 4 50 13 100 111 2 99 115 11 92 12 121 110 62 123 76 125 58 14 122 99 34 33 22 98 66 87 43 77 54 64 19 21 20 35 113 44 72 51 125 42 88 50 49 110 86 14 39 57 3 0 31 77 77 57 0 7 99 60 51 73 18 64 69 22 51 111 31 90 95 79 87 9 22 70 56 97 104 25 19 93 86 24 79 50 64 104 29 68 93 88 60 18 18 60 60 84 89 65 91 81 99 17 55 7 122 83 45 67 72 107 118 62 3 33 95 99 67 109 77 42 10 106 46 27 69 90 122 25 60 105 35 110 79 110 56 89 114 70 87 38 78 5 93 22 100
30 87 79 109 56 57 20 16 42 110 57 12 51 10 70 17 58 26 113 108 97 84 75 97 36 70 23 3 68 22 9 63 65 97 110 76 124 114 107 99 101 122 27 0 124 0 120 119 101 96 80 122 122 1 34 17 31 27 107 85 120 97 63 30 38 86 92 99 63 36 87 65 21 34 42 36 70 9 48 42 102 23 17 4 39 92 37 58 47 56 118 38 21 47 38 76 124 126 121 102 6 102 91 33 115 69 108 38 37 42 27 40 113 12 84 36 124 117 108 50 0 59 49 3 44 64 23 25 28 46 54 95 110 57 104 97 50 18 8 102 118 62 21 94 9 91 72 5 57 6 87 101 33 25 54 16 19 75 78 5 73 103 87 18 77 19 85 66 115 70 43 84 49 98 18 125 58 18 8 98 53 97 25 35 39 68 112 62 6 50 84 58 90 54 62 15 24 7 16 5 73 122 15 112 83 59 30 75 62 69 72 56 39 0 54 50 24 19 26 60 8 20 62 70 22 27 110 25 107 5 0 4 80 18 82 37 50 87 47 18 25 42 14 8 119 75 93 5 14 6 66 104 95 18 25 53 69 46 18 52 53 68 62 6 107 60 9 33 95 112 57 100 84 41 116 114 33 26 93 15 123 40 84 5 120 17 29 59 50 26 46 80 88 15 79 114 27 11 91 122 25 43 24 112 25 110 91 15 39 51 18 89 56 32 35 69 123 50 73 10 86 21 119 68 125 102 70 37 67 30 73 71 1 123 72 13 97 1 65 48 61 65 15 80 71 2 60 33 16 65 27 120 121 71 121 70 11 53 92 115 31 25 27 65 114 81 29 36 92 60 86 83 23 68 16 28 78 36 66 123 119 20 41 10 29 22 52 72 50 13 98 28 109 103 40 99 104 77 0 3 15 37 42 5 81 105 99 14 106 31 20 108 32 8 19 26 21 43 113 34 58 55 36 126 51 36 101 101 45 90 90 3 44 95 107 69 31 106 50 30 65 39 80 125 114 74 42 126 63 78 77 121 73 39 93 16 27 4 4 73 120 123 48 115 64 51 10 46 106 109 38 57 33 119 118 109 1 90 38 119 13 16 119 37 106 4 45 81 98 60 116 111 47 36 96 16 115 43 65 3 5 40 11 14 45 1 52 40 50 77 9 92
36 3 74 55 91 80 100 0 109 79 115 66 64 77 126 75 21 96 0 38 115 17 83 18 69 75 31 7 46 74 58 94 28 45 52 87 56 65 93 123 86 27 37 80 122 59 47 67 82 123 122 53 33 51 47 46 32 96 18 114 37 5 94 19 69 77 47 93 60 79 62 29 18 92 84 110 61 84 21 103 84 83 69 123 57 16 46 26 54 53 92 104 4 119 92 26 81 36 58 66 40 119 27 62 8 49 22 77 119 33 83 80 93 4 98 15 86 33 59 104 64 107 28 4 8 106 61 25 77 77 57 29 31 106 97 21 39 85 2 73 3 70 13 46 118 7 49 9 28 84 90 34 16 17 49 69 109 2 0 115 49 73 37 37 11 24 11 18 113 109 116 111 60 6 17 16 83 42 40 8 95 66 62 42 101 9 93 97 66 62 4 124 12 12 117 72 77 97 86 95 103 66 40 93 110 23 99 58 120 43 53 38 67 92 19 96 9 61 52 2 98 40 90 91 65 122 86 88 57 72 32 98 84 120 72 9 74 66 67 43 93 16 101 110 80 79 11 13 101 44 45 86 60 83 26 100 10 35 119 96 97 5 49 47 16 115 46 10 21 6 89 123 37 124 75 75 28 123 47 24 30 84 11 11 45 99 54 10 118 85 20 1 107 112 12 38 51 78 96 16 42 55 86 44 62 45 23 35 118 58 69 31 68 108 37 26 107 65 97 60 27 119 92 110 107 66 18 106 4 50 62 94 78 43 0 11 98 43 101 42 0 72 1 117 42 82 0 31 17 42 90 100 49 99 42 88 54 36 20 108 104 33 24 110 54 106 119 75 81 73 41 89 43 72 7 100 95 92 27 72 82 65 4 82 15 69 40 97 102 72 16 20 19 111 10 10 83 30 24 76 55 54 98 25 124 126 71 37 122 16 60 87 8 35 83 13 85 7 64 121 83 100 93 12 75 55 96 67 100 116 9 86 42 43 87 125 97 37 121 52 122 0 22 7 105 98 81 20 80 65 87 22 8 101 79 17 126 4 94 70 19 41 73 43 88 119 103 75 27 105 112 121 77 42 68 42 19 19 36 23 68 62 112 64 125 70 35 97 15 73 8 76 38 94 35 19 53 93 43 68 16 60 124 79 63 107 122 125 29 85 45 59
93 109 52 26 98 41 52 38 54 78 76 99 1 24 75 52 108 113 11 74 101 81 69 61 46 28 74 5 25 67 70 16 24 8 68 12 113 106 106 44 69 47 112 27 90 26 89 97 73 63 60 2 20 95 19 55 115 111 118 26 55 92 68 45 26 3 36 120 89 11 16 104 23 104 117 53 82 11 20 12 29 93 39 112 89 26 43 31 45 62 25 115 58 91 25 29 16 124 19 95 94 122 65 17 89 57 18 116 94 9 120 5 13 82 125 73 93 10 64 126 27 93 12 96 65 34 111 119 106 41 47 24 124 99 1 47 125 83 81 8 120 64 114 75 24 71 76 52 106 120 110 8 27 5 76 95 69 25 79 76 88 64 19 7 3 72 126 81 16 10 16 60 100 119 13 55 33 26 80 6 37 68 18 37 116 60 81 110 62 69 44 7 19 47 123 58 42 104 45 59 58 76 68 115 100 20 113 123 58 38 35 59 37 47 12 73 59 23 96 113 75 58 56 41 63 39 13 60 17 9 94 76 73 61 59 57 47 91 78 3 79 111 121 42 82 54 79 116 17 19 58 79 11 104 53 40 40 89 36 87 115 18 30 35 4 37 45 62 0 77 93 17 119 3 84 108 110 9 116 99 101 12 87 78 48 28 122 81 15 97 109 114 114 65 52 45 112 31 49 41 18 31 36 13 107 121 109 27 46 72 36 5 30 119 94 53 48 112 108 40 2 126 56 91 75 114 49 22 116 4 48 111 110 41 100 120 126 51 75 124 24 18 55 16 82 53 94 14 109 67 119 86 107 119 2 56 105 3 20 88 77 106 59 29 115 94 36 97 50 118 102 61 112 27 92 124 59 27 51 44 15 23 109 6 103 33 0 95 115 44 112 77 57 109 85 79 97 100 39 3 122 53 83 20 118 21 11 108 23 44 111 27 76 122 32 92 98 61 106 25 117 100 53 14 119 77 2 101 94 117 0 28 104 112 31 125 117 106 91 45 38 107 113 72 86 113 14 28 71 21 22 79 49 2 9 22 43 17 126 109 81 29 22 122 31 19 77 4 49 19 106 27 115 75 82 122 79 125 126 116 16 42 41 27 122 57 10 57 12 4 86 31 18 10 78 44 96 57 39 10 96 95 16 123 125 56 18 96 88 103 4 33
50 118 3 17 72 9 58 37 62 90 31 58 71 64 113 53 16 88 77 104 117 33 36 59 112 1 112 118 14 71 86 2 76 24 109 81 86 5 40 105 26 63 95 37 1 37 104 8 64 111 64 99 30 28 5 12 0 32 88 105 92 69 76 15 125 58 73 77 64 78 63 108 22 58 14 73 102 67 84 7 121 25 3 81 69 31 96 114 88 119 2 15 64 27 48 51 81 118 26 121 125 22 28 71 119 64 53 44 41 52 24 33 31 110 24 97 1 43 32 110 111 105 52 31 80 48 71 60 89 33 55 118 125 13 53 108 87 66 116 7 121 58 57 13 83 121 102 88 2 55 8 34 83 61 69 82 49 92 85 84 50 99 105 61 110 92 72 118 17 101 83 67 120 36 89 43 66 67 14 1 87 17 116 123 1 53 114 46 123 62 57 39 86 52 0 20 124 64 91 4 33 106 60 5 57 105 67 37 36 33 93 74 68 76 38 104 106 46 115 117 18 113 90 53 94 43 34 75 9 61 74 53 12 39 29 82 112 108 25 43 115 20 14 101 84 45 50 19 66 5 93 93 116 56 42 4 117 7 5 96 69 83 1 112 70 36 108 28 63 59 20 123 20 54 20 77 11 120 16 73 45 116 92 111 117 22 49 75 87 81 12 107 83 97 66 0 125 100 64 65 88 33 61 122 56 49 107 89 100 4 32 29 30 73 44 114 59 0 47 11 93 125 99 56 68 63 40 33 96 105 66 112 71 100 54 79 53 59 36 114 61 50 18 37 4 105 74 125 41 16 41 4 83 83 14 47 122 89 47 70 49 38 96 2 74 81 124 87 88 112 115 45 76 20 22 21 17 102 102 96 98 113 7 113 117 80 48 107 40 110 46 33 56 27 100 123 25 26 1 44 31 50 0 109 70 47 54 42 65 63 107 36 3 53 56 90 100 62 80 39 18 126 19 75 108 3 45 74 70 18 3 62 70 54 41 55 126 48 121 32 116 102 74 82 78 54 82 22 113 30 51 123 27 99 70 31 0 24 16 41 32 87 89 1 67 12 52 25 118 124 17 2 3 1 104 40 45 73 100 103 91 122 72 32 53 49 86 59 115 24 42 75 22 38 35 99 51 27 8 104 20 68 86 105 57 35 59 104 35 3 61 34
58 73 11 39 72 62 126 44 85 92 106 29 91 90 118 45 84 53 13 62 119 70 88 122 26 125 64 9 70 53 6 56 90 90 91 66 54 49 96 2 96 9 107 11 77 96 116 13 94 54 19 5 43 56 100 57 55 69 6 46 82 78 15 5 12 20 38 32 17 99 95 109 111 105 123 20 108 115 27 59 19 60 119 87 114 115 79 117 106 121 5 108 60 73 56 37 124 77 96 13 11 82 24 42 124 4 69 87 80 126 97 104 72 104 122 102 0 8 18 74 90 92 18 99 120 119 13 121 96 11 80 24 3 55 85 8 27 122 100 120 123 49 49 6 36 68 64 48 126 82 29 61 112 28 79 40 62 94 100 12 44 94 126 49 94 67 43 90 89 121 122 21 44 79 60 35 66 37 70 51 61 98 32 21 25 125 123 75 121 113 79 43 117 82 34 114 27 62 86 51 62 23 80 15 52 70 83 117 111 96 89 115 64 53 108 13 31 25 50 59 72 34 11 97 62 49 53 72 114 57 26 9 71 12 112 25 91 46 23 120 69 0 1 22 116 72 120 91 114 18 54 115 99 54 55 15 63 99 51 13 34 65 113 16 23 33 18 112 52 123 8 57 119 20 109 110 62 99 61 5 88 97 56 92 111 15 88 99 115 23 126 18 24 86 9 69 78 124 126 115 90 49 1 81 39 29 55 62 123 78 122 40 18 43 126 60 48 125 20 25 109 13 9 106 15 80 45 85 21 16 23 76 9 20 32 96 62 115 121 40 60 72 126 1 84 29 46 98 105 123 32 87 72 26 114 74 0 69 44 79 50 97 26 30 103 107 38 73 81 45 126 63 45 29 37 39 93 12 20 110 123 50 86 48 60 52 116 70 10 50 10 25 87 26 7 103 88 53 14 80 25 72 49 3 50 111 118 58 29 73 38 73 71 15 83 2 60 105 109 118 63 63 91 72 2 54 33 35 42 53 11 92 92 4 75 33 66 33 117 9 70 67 51 123 100 97 80 91 81 119 117 30 33 105 17 9 96 121 3 115 28 16 108 95 26 34 29 37 30 77 48 110 66 70 125 47 110 103 42 117 29 98 65 8 68 35 17 107 58 85 74 28 83 37 20 51 25 4 85 89 97 38 98 53 74 0 57 2 121 49 63 62
66 65 35 59 123 91 118 67 31 123 116 62 125 88 119 88 82 9 110 5 47 11 117 79 40 12 63 28 60 15 118 70 116 100 60 60 123 116 11 11 124 64 36 125 48 22 112 56 103 47 113 0 45 102 28 1 56 60 82 92 95 42 94 37 44 105 88 87 78 78 4 42 20 118 2 46 99 46 87 64 53 113 52 121 73 69 104 112 38 104 15 41 25 57 2 86 22 119 88 63 99 100 125 59 77 99 90 85 33 32 55 98 19 90 4 114 92 120 115 81 108 116 30 24 62 123 63 5 49 41 73 79 57 85 85 29 115 39 13 78 61 38 121 36 123 75 11 19 76 115 87 1 105 23 115 75 91 42 71 1 77 116 69 111 118 49 80 0 102 26 90 22 37 94 59 70 4 108 0 23 92 52 23 1 5 15 66 9 118 73 76 9 73 9 88 101 86 18 7 115 36 59 113 89 64 75 69 92 48 105 2 37 4 53 3 115 119 118 101 51 95 85 63 51 82 37 73 25 39 84 42 123 97 27 77 75 70 62 60 27 53 70 118 84 88 52 68 99 86 69 25 105 88 14 104 35 14 110 76 62 98 95 81 63 98 106 105 16 69 51 61 81 70 80 54 37 10 20 8 66 45 32 85 86 100 4 101 106 35 32 35 99 51 6 55 53 70 79 9 59 123 31 36 115 110 77 35 78 89 81 42 54 99 94 102 64 118 28 95 114 88 52 64 76 120 123 23 23 69 11 17 28 101 122 44 116 1 12 25 48 109 59 56 35 36 55 115 107 67 101 50 122 80 13 33 37 74 52 77 124 59 107 46 86 20 29 112 38 24 43 83 32 122 16 59 24 74 91 60 13 43 5 90 9 123 94 8 45 42 67 103 9 99 27 108 125 10 102 91 85 92 88 0 16 42 92 83 27 41 6 46 84 36 28 109 92 20 115 8 49 73 123 122 72 50 8 3 1 104 53 30 105 97 47 120 63 6 104 85 98 78 101 44 97 4 89 80 62 39 4 7 56 82 96 87 105 24 117 64 30 12 117 15 10 81 12 97 1 16 37 59 111 114 62 68 1 101 55 11 58 95 109 43 42 76 48 24 81 43 114 35 121 38 51 11 102 25 14 111 116 1 13 61 124 51 69 86 49 5 65 48 105
99 28 64 99 35 98 111 43 117 33 94 17 13 37 111 107 117 53 51 119 56 97 2 3 60 56 89 29 9 41 38 114 4 61 24 22 99 106 30 45 24 61 10 123 49 60 97 76 69 36 43 113 112 67 32 75 25 96 22 7 64 60 39 87 78 74 35 19 60 0 99 102 60 19 114 9 109 97 70 34 38 75 28 106 29 107 5 38 19 42 31 5 39 65 58 110 38 87 43 34 3 86 95 90 106 83 40 21 125 31 47 67 107 12 11 110 66 22 117 62 86 71 67 91 27 69 59 25 36 87 52 97 120 49 97 19 86 27 21 96 83 120 122 46 20 113 119 52 36 31 75 115 23 100 84 44 84 53 44 119 43 92 110 10 80 13 98 54 89 66 23 31 125 75 126 25 126 71 3 122 10 55 70 0 1 98 112 96 60 32 101 47 72 73 110 16 65 118 111 112 15 74 106 39 124 28 67 95 25 3 34 69 6 23 105 123 26 1 93 63 94 40 47 58 110 83 98 6 64 104 25 92 83 7 117 77 47 23 113 96 73 37 10 36 84 122 116 0 32 124 65 58 69 33 110 81 109 125 58 44 104 18 92 117 50 63 52 113 38 41 114 43 34 34 72 101 54 119 23 117 23 106 105 6 78 103 63 55 6 54 50 32 36 100 73 84 65 9 52 3 11 115 120 125 121 9 62 121 20 113 21 106 40 35 116 29 103 79 90 85 56 46 4 58 17 121 70 84 81 86 30 15 67 78 93 107 126 84 45 76 34 0 21 31 90 64 75 10 27 37 42 77 21 92 26 95 38 95 31 9 26 83 57 96 45 43 83 52 53 112 41 41 45 75 6 11 97 124 117 110 63 72 126 88 18 40 90 77 97 1 54 68 46 101 1 120 121 15 34 25 90 57 78 25 124 101 103 90 122 126 113 13 64 15 115 2 45 90 34 30 6 109 49 89 22 41 121 110 21 81 35 37 108 15 98 62 115 49 105 37 97 108 108 78 78 48 88 122 14 82 12 40 124 49 57 36 110 44 98 29 2 126 110 98 116 100 28 24 51 10 114 64 11 77 76 14 116 22 54 104 20 43 126 44 80 33 12 51 38 126 57 63 78 80 55 121 38 76 9 114 106 74 66 41 97 24 109 114 75 22 107 22
18 112 36 39 95 69 65 101 74 88 85 71 53 6 91 53 53 74 35 118 102 117 81 9 89 32 12 47 14 97 4 13 108 68 29 1 56 102 25 15 122 55 78 25 117 50 56 43 37 102 1 85 76 15 104 27 30 111 59 73 107 57 17 76 3 64 22 65 32 74 44 83 89 5 1 94 56 115 38 54 85 24 72 7 21 96 65 115 94 14 29 25 109 56 0 119 121 31 74 6 42 9 34 58 64 77 88 119 124 33 6 45 48 8 55 65 82 35 53 116 100 99 57 38 8 49 27 13 122 115 7 54 118 75 30 69 9 83 10 76 11 61 75 37 17 17 79 109 93 27 106 34 92 16 5 4 42 78 5 27 45 101 117 37 85 18 9 71 83 67 21 92 31 27 55 96 89 61 12 5 20 88 42 6 41 73 13 114 41 27 15 102 118 65 34 72 73 52 57 56 95 104 47 49 22 62 124 96 25 113 84 81 125 79 28 41 19 39 5 0 71 83 36 80 112 77 38 124 9 61 30 93 121 57 121 45 68 27 61 18 48 45 99 106 103 84 4 73 65 43 73 104 106 27 33 81 9 117 59 45 108 64 46 8 106 65 108 37 15 72 22 11 36 102 87 17 0 4 25 66 108 72 29 38 71 6 55 97 58 31 103 33 109 82 9 1 109 113 72 16 31 104 61 106 14 118 31 115 10 72 63 4 76 84 123 83 38 87 73 3 68 10 126 40 54 49 14 92 119 47 42 52 94 51 88 58 26 37 6 79 41 99 84 89 118 99 68 70 93 122 28 66 22 55 116 109 21 46 102 2 60 109 16 74 3 47 114 4 117 113 75 49 25 121 6 91 23 12 68 91 58 125 115 84 119 90 35 24 108 95 60 93 7 109 35 70 2 55 118 84 89 31 31 77 72 95 82 35 64 108 38 33 122 61 116 120 48 60 25 99 61 105 90 100 26 103 108 112 12 4 36 8 5 111 119 45 102 26 4 101 15 25 12 75 73 36 25 9 50 1 43 75 65 79 23 16 55 107 30 38 38 119 2 92 88 74 109 38 72 120 43 82 83 100 75 56 22 90 124 122 72 83 93 26 97 118 19 36 19 38 99 59 126 122 9 19 45 92 52 41 126 18 54 124 73 58 113 94 71 23 18 92
79 24 1 90 80 116 66 78 92 116 11 24 61 126 36 124 27 120 72 33 61 29 104 66 55 110 79 73 27 74 111 97 120 60 105 45 51 91 28 111 90 107 72 55 65 53 42 113 92 126 32 80 68 100 69 126 64 55 13 120 115 34 118 99 51 46 20 107 39 89 116 91 27 120 94 126 9 24 4 3 20 96 48 29 17 54 34 72 72 108 112 112 2 21 67 124 108 13 36 121 117 89 83 106 11 19 9 115 5 14 41 123 113 21 21 19 41 117 67 73 11 75 100 57 20 92 42 27 32 115 89 63 17 76 36 101 72 122 91 108 32 27 19 20 23 36 109 48 10 113 87 0 115 112 59 22 121 37 62 119 75 38 66 12 83 104 100 31 46 23 124 118 98 17 28 61 125 65 38 20 47 91 64 17 58 80 26 113 68 26 86 38 30 39 1 29 108 42 87 101 92 35 123 47 110 101 79 105 102 39 103 125 1 68 37 91 79 98 19 18 59 84 122 101 72 75 28 76 101 111 0 98 64 50 33 46 38 100 60 2 53 63 90 104 107 64 23 122 55 24 61 73 69 62 34 20 31 20 43 118 119 115 95 119 44 118 46 110 92 58 17 115 43 77 33 113 14 22 120 23 1 93 29 73 12 48 9 83 72 62 90 54 58 111 94 22 112 28 70 17 80 20 102 68 105 58 119 123 88 32 106 122 116 64 26 88 116 4 119 75 64 77 64 19 125 9 73 65 44 112 29 25 118 4 108 37 42 66 9 98 49 42 30 50 79 110 109 29 109 107 39 32 118 84 55 58 11 64 46 23 73 10 125 84 60 66 59 54 73 102 102 38 50 30 24 24 82 8 115 20 21 69 84 66 37 83 123 119 7 74 81 66 23 126 21 58 74 112 16 23 38 67 103 49 60 90 32 56 29 25 21 55 112 30 87 57 120 104 42 67 47 7 48 100 61 70 61 32 89 30 69 125 83 65 10 117 21 68 31 60 31 71 12 49 73 110 79 110 100 76 41 39 90 77 37 85 102 25 69 19 18 97 67 38 74 2 60 88 1 30 54 96 109 29 81 121 106 30 103 112 55 84 119 45 71 95 122 75 51 70 93 102 118 74 79 56 88 17 11 72 13 49 124 108 42 86 62 40 103 39 40 126
117 73 113 101 110 57 82 67 65 4 27 22 84 95 79 30 63 64 17 12 4 56 50 86 12 83 119 91 101 85 50 25 94 52 49 59 1 70 72 97 65 79 104 43 44 84 55 124 112 64 110 29 97 21 54 117 28 52 106 25 45 115 95 63 60 123 63 88 14 55 65 43 83 70 90 102 95 109 6 68 5 74 46 50 39 35 37 40 104 63 93 81 51 59 113 96 104 37 11 70 26 31 16 107 1 24 34 47 0 82 104 80 69 65 54 119 109 95 54 74 35 31 16 70 8 117 20 16 109 116 0 16 86 98 12 23 32 59 36 115 75 115 17 86 5 52 72 15 125 24 79 119 121 38 35 31 112 110 0 24 116 105 126 105 79 104 75 13 123 19 11 100 72 22 9 109 43 11 58 16 45 107 108 79 81 75 126 101 18 2 5 53 4 122 83 6 101 33 74 77 109 82 8 37 95 34 63 101 55 27 89 38 92 66 68 123 110 95 10 25 71 55 97 115 89 110 84 56 35 26 37 121 28 104 117 92 30 63 67 28 99 52 16 76 123 71 12 125 62 87 66 107 49 84 56 15 65 97 76 62 20 60 109 96 126 1 65 91 82 105 89 100 76 21 61 66 61 68 108 11 57 61 8 109 108 16 106 70 78 109 120 72 74 7 83 35 25 96 59 23 61 110 59 22 52 16 20 28 0 37 27 37 8 111 52 107 12 113 1 47 41 57 5 106 99 8 113 95 100 111 0 62 54 115 5 97 122 26 54 48 28 88 40 7 4 44 69 91 30 35 80 61 89 55 92 85 39 107 47 125 112 100 117 95 23 91 108 58 118 45 105 25 21 124 49 25 55 100 78 92 10 101 96 105 123 112 86 50 58 57 102 6 18 91 4 46 123 13 24 75 118 97 96 99 55 27 35 38 42 52 65 17 103 115 18 94 90 92 41 96 29 3 33 43 112 54 23 78 5 22 85 87 103 43 81 57 77 9 75 26 104 42 11 86 0 35 59 100 104 83 2 93 19 89 126 23 74 47 25 24 10 59 34 70 16 70 75 106 15 34 71 74 86 109 21 34 122 7 89 21 71 108 115 30 65 33 102 22 18 28 80 54 105 105 57 4 20 49 37 74 121 14 115 49 46 61 106 89 119 61 95 64
7 60 49 77 13 45 48 93 34 13 5 107 53 34 121 61 21 112 87 40 66 58 104 102 68 2 15 36 85 59 117 103 125 107 40 76 81 89 0 12 56 65 99 97 40 48 20 100 83 74 8 107 75 69 15 94 27 49 123 79 41 25 125 83 96 86 74 76 125 79 53 100 115 4 110 59 4 124 120 42 83 81 70 42 15 70 57 28 46 100 61 47 3 2 63 36 104 22 98 8 89 44 66 57 112 52 5 31 92 10 124 62 40 112 20 117 8 73 70 123 63 74 94 30 59 38 124 36 28 52 122 89 90 51 109 2 38 87 15 119 110 94 48 68 109 80 21 88 42 69 26 108 16 96 37 27 68 113 126 14 0 45 1 101 51 95 56 22 9 7 75 67 100 73 125 37 63 85 33 18 123 92 66 73 4 73 24 44 117 99 32 78 37 72 63 49 21 8 77 118 22 48 84 94 13 7 88 92 106 21 115 124 2 81 27 0 66 29 111 60 116 24 37 45 63 55 27 90 65 26 99 116 58 92 42 87 26 53 121 1 35 117 24 76 84 1 118 97 67 111 35 28 114 19 25 84 114 92 61 26 125 76 13 97 84 124 115 107 107 116 95 25 49 93 103 121 32 114 28 108 9 70 13 16 53 51 115 4 106 28 120 102 107 7 91 45 62 68 1 39 47 30 63 36 13 101 8 2 104 61 126 87 17 111 113 122 4 41 62 0 41 81 22 59 61 85 94 22 4 68 80 96 70 39 98 125 91 14 112 118 77 78 42 112 0 118 23 66 13 48 10 62 9 126 11 100 107 11 73 74 106 126 38 94 123 108 80 83 17 1 87 112 113 120 107 56 9 0 53 111 108 108 2 52 120 40 86 96 97 24 94 61 32 10 1 5 67 36 6 7 85 66 4 94 48 70 86 3 107 73 94 41 13 124 84 105 115 63 48 116 95 67 29 41 38 39 10 41 70 117 73 60 78 60 80 123 57 104 2 73 73 66 17 7 106 14 84 33 12 5 124 66 108 75 41 117 122 100 8 6 57 57 124 6 77 96 39 24 14 43 82 98 81 104 1 78 86 90 111 7 71 64 125 112 90 93 67 58 44 57 71 81 73 97 54 38 12 84 1 112 96 66 97 126 100 74 2 67 110 78 21 95
1 59 47 104 16 126 59 40 78 48 14 66 96 126 1 96 91 88 112 84 104 47 102 96 5 32 121 75 54 41 37 31 66 12 3 101 14 77 125 59 30 65 29 13 97 36 3 108 9 23 66 119 24 21 105 52 26 54 63 34 46 10 23 21 29 80 18 44 105 34 105 83 31 108 69 19 111 24 121 8 79 13 111 50 73 115 28 106 80 29 22 97 35 2 126 61 104 9 33 84 110 72 50 90 110 58 109 30 125 21 101 68 104 93 28 46 12 87 105 65 121 8 25 58 43 90 8 60 59 99 106 16 85 13 86 103 37 86 10 119 93 125 21 42 56 75 94 82 114 79 105 59 102 2 10 77 59 19 97 105 85 80 96 70 70 5 60 42 80 53 59 84 59 45 58 83 57 79 111 69 29 103 94 79 32 53 0 101 0 12 83 96 34 29 55 80 19 67 82 51 126 30 82 125 57 70 87 52 24 10 97 115 72 108 16 0 76 66 75 91 100 16 9 126 90 27 20 81 36 35 54 76 68 52 42 7 28 68 97 89 22 92 117 11 75 1 114 91 53 103 38 126 106 46 119 80 55 47 124 3 120 56 90 96 61 107 24 114 96 4 94 119 81 105 9 17 35 99 46 15 112 44 19 1 60 122 39 95 120 94 123 12 49 125 96 98 53 98 49 60 16 61 6 31 80 83 20 57 12 79 2 45 42 80 46 95 113 0 91 45 45 75 22 124 37 118 54 50 65 64 122 34 100 69 88 123 2 39 33 100 24 29 75 48 74 60 50 110 19 75 95 23 107 102 46 43 16 43 119 124 30 110 26 28 89 125 74 61 86 11 32 26 14 95 75 70 10 104 48 94 88 10 15 97 8 10 80 16 47 89 58 17 53 117 50 93 41 0 119 101 76 92 109 57 64 126 73 7 89 90 49 118 55 98 70 30 39 75 112 80 94 62 76 1 98 29 108 66 104 28 44 112 46 40 2 36 76 56 111 0 96 126 82 32 120 23 78 40 82 40 121 119 90 103 56 53 23 6 5 90 10 57 97 39 92 82 73 53 22 19 81 21 79 101 6 68 18 30 108 91 68 17 122 26 87 1 99 20 46 70 100 65 19 18 37 7 114 108 71 103 7 30 60 109 64 74 39 52 99 54 3 77
105 7 38 52 124 47 60 90 107 69 27 66 39 44 35 20 104 32 19 18 123 34 19 54 28 94 9 19 125 113 3 97 66 15 122 5 63 44 8 51 74 68 42 7 74 36 41 81 82 81 111 125 84 51 115 61 48 56 123 14 80 64 72 38 101 68 43 48 40 69 57 119 92 36 1 20 16 83 125 91 6 48 30 59 109 71 121 33 1 59 33 70 101 43 6 59 101 82 82 99 0 123 67 50 1 92 1 7 51 59 33 116 10 28 46 59 45 2 84 69 13 100 91 104 31 30 27 61 31 66 110 26 28 114 79 93 126 113 88 116 32 117 49 5 88 55 57 10 71 39 109 77 46 104 36 26 87 67 92 97 75 42 55 14 36 18 50 106 54 78 106 63 91 65 101 48 60 50 23 34 2 33 50 77 12 123 52 58 84 60 91 57 2 113 73 27 23 126 44 95 78 122 124 121 63 125 85 4 105 24 58 92 19 61 110 113 80 52 53 111 18 34 67 86 72 36 73 74 118 126 123 110 57 61 48 115 95 31 65 122 30 60 18 17 124 106 123 124 58 31 3 66 33 114 126 70 0 28 16 62 10 0 111 15 77 58 115 118 89 90 116 27 98 78 107 74 15 49 11 120 60 107 13 51 101 11 65 35 85 59 52 108 124 61 90 82 60 72 3 48 39 78 52 55 79 96 8 5 35 90 66 87 113 3 15 125 49 47 50 125 59 107 25 98 111 8 95 111 38 61 69 79 73 28 53 120 118 52 57 116 56 58 9 5 89 70 83 35 100 55 17 109 25 42 70 19 102 106 126 20 13 30 17 18 11 19 63 66 124 4 116 0 96 90 96 119 103 15 5 26 10 78 90 73 45 40 57 34 3 68 97 115 106 82 74 15 86 23 16 126 1 13 42 121 19 97 108 21 27 122 111 78 124 117 22 12 27 61 122 112 47 104 6 55 76 108 106 83 121 76 17 64 7 82 54 39 49 0 18 18 38 73 9 31 78 28 110 22 56 121 97 32 23 51 54 9 65 37 83 56 105 114 10 85 75 111 66 115 26 24 12 116 13 71 56 27 11 117 73 61 63 7 21 24 33 57 10 115 53 22 67 97 126 109 65 42 20 25 125 101 101 63 15 9 35 22 42 24 20 31 98 45
2 86 83 105 14 95 115 37 111 61 18 32 106 11 87 19 101 64 14 90 84 108 10 43 104 15 123 33 56 5 2 96 16 22 91 33 88 72 21 126 121 94 64 0 98 101 83 34 102 100 17 7 121 104 92 102 22 73 104 76 19 60 44 122 2 53 112 120 47 108 21 32 113 118 56 52 71 102 32 103 78 74 80 89 43 103 116 63 54 104 48 122 74 74 11 73 16 61 102 0 58 63 12 76 125 20 45 107 71 8 126 56 66 42 80 11 59 96 123 116 99 74 29 4 18 120 115 27 120 115 10 49 61 77 85 124 19 121 120 40 35 73 3 105 110 41 118 87 100 62 40 44 9 125 94 83 85 121 36 115 100 33 27 18 14 2 65 97 70 26 77 33 67 43 53 36 23 18 60 103 110 116 125 100 95 64 86 51 15 4 54 79 83 6 101 98 122 30 2 106 108 116 87 14 101 97 39 13 112 65 50 88 125 75 33 5 18 0 26 46 120 62 90 114 117 47 111 125 118 68 115 54 114 34 123 54 6 76 38 85 7 21 99 44 9 63 41 83 21 95 38 116 78 37 5 93 76 3 106 64 63 40 46 112 62 7 55 45 56 52 81 88 23 63 12 8 19 124 85 118 91 79 17 3 78 108 16 85 104 84 75 119 43 21 95 81 84 83 26 7 117 51 95 88 101 77 5 77 86 15 73 23 0 31 33 53 64 109 66 4 124 91 75 41 63 75 27 83 37 63 92 41 20 61 16 26 65 52 38 118 121 10 59 41 33 99 5 67 0 91 125 122 31 125 43 63 100 31 83 28 79 106 28 23 113 104 22 118 53 65 69 34 5 68 62 59 72 92 18 7 5 69 85 1 18 28 47 102 111 89 35 21 51 49 16 5 102 0 40 110 104 3 78 114 59 64 26 13 106 103 80 102 30 1 110 74 44 52 56 4 89 14 75 110 29 12 95 46 126 125 58 90 47 73 93 65 73 17 51 21 67 0 9 111 89 71 107 2 59 31 88 72 81 115 62 93 82 90 109 23 97 69 116 67 8 82 83 87 94 101 61 53 48 34 46 101 107 119 55 81 23 48 70 25 50 54 19 114 60 63 123 56 108 23 36 47 34 119 24 69 106 20 28 70 68 43 77 86 40 33 3 39
57 87 57 62 118 80 107 56 124 15 56 9 117 27 55 57 125 97 126 71 31 99 114 48 52 116 112 81 26 86 112 70 77 111 77 111 56 95 48 99 49 99 42 78 109 25 97 8 43 107 56 126 27 15 120 55 68 113 74 94 102 74 52 88 26 64 106 103 123 30 121 24 20 84 126 41 68 119 53 50 96 102 98 81 90 43 89 50 63 24 73 114 22 61 12 107 51 40 46 63 107 106 53 31 13 73 66 98 91 104 97 22 54 119 75 82 2 97 59 113 11 42 46 25 54 1 24 75 38 96 89 51 106 11 0 45 96 43 111 24 99 16 65 74 53 88 30 23 107 40 15 123 71 20 66 21 83 78 110 96 0 19 69 4 85 55 6 61 118 72 34 114 67 92 34 42 66 71 41 98 38 104 96 121 14 92 63 43 117 126 104 85 22 119 49 21 113 97 116 24 29 77 116 15 41 112 28 47 67 81 38 13 67 27 53 90 30 7 103 45 92 88 122 51 119 8 78 22 30 38 31 79 120 102 72 32 16 75 18 99 118 123 19 27 107 51 57 124 15 11 43 102 121 102 125 20 52 87 41 77 32 95 20 90 64 84 112 30 50 63 93 89 62 121 55 97 108 91 76 47 93 70 89 47 26 16 27 42 40 34 23 17 36 27 25 64 67 123 106 94 118 99 62 51 83 61 12 12 71 31 32 41 3 118 75 125 123 117 106 8 8 8 100 27 58 54 44 115 30 77 126 126 61 93 22 36 76 6 71 14 84 14 117 6 16 1 89 116 2 47 117 12 75 71 93 88 48 92 91 123 28 95 108 126 46 121 31 63 31 40 105 60 93 86 114 125 51 94 121 55 124 12 109 126 38 101 104 89 71 20 69 62 68 86 15 60 60 97 34 31 70 124 108 29 96 116 83 23 12 65 122 93 101 79 47 105 34 70 79 52 89 102 9 77 33 20 64 52 115 13 76 71 111 30 0 77 121 102 115 104 84 19 59 59 17 63 20 97 40 73 26 95 72 126 73 51 43 89 29 101 82 73 102 22 15 81 9 83 93 68 83 68 69 61 57 124 11 78 9 118 107 85 110 118 16 101 6 35 120 105 62 4 2 87 119 68 16 118 48 116 40 114 62 68 126 30 52 28 36 40 28 17
103 94 112 107 29 40 82 27 32 1 20 78 56 101 19 2 64 30 0 39 53 13 47 107 31 86 121 109 76 12 26 63 27 9 116 38 17 67 91 9 124 79 53 6 42 109 96 102 108 63 6 107 120 14 36 14 46 24 102 47 30 126 87 108 95 56 24 59 21 91 80 20 120 104 51 100 6 77 12 16 69 22 30 64 48 8 119 5 43 112 15 99 15 78 95 6 125 33 17 67 51 75 59 87 63 91 38 27 59 49 36 66 119 51 55 54 47 74 72 21 38 41 8 82 57 84 43 49 9 80 69 79 55 19 126 53 102 37 57 125 10 99 61 10 45 92 120 29 43 122 118 62 22 65 120 77 69 5 77 31 30 65 33 79 126 91 92 55 55 34 87 51 35 17 3 4 123 19 121 123 70 27 32 87 8 125 95 43 37 68 52 125 72 71 18 75 71 116 19 81 104 100 41 57 117 63 34 99 58 58 12 74 36 86 61 55 108 46 85 10 122 65 10 100 94 84 82 35 48 55 101 92 57 111 109 3 31 54 64 84 1 61 113 24 33 56 104 33 124 108 73 21 34 7 32 37 4 15 46 14 31 38 112 41 8 48 104 8 106 73 43 56 30 119 53 109 112 24 33 91 92 81 122 72 42 24 84 39 125 90 10 1 118 51 75 82 104 119 10 27 48 62 25 45 32 22 119 110 76 81 16 73 26 23 108 123 113 80 108 12 119 12 27 99 58 30 91 111 48 71 5 84 27 109 22 111 113 92 68 40 71 109 68 50 43 16 29 6 114 44 104 71 29 100 19 77 11 45 25 112 89 22 9 91 124 63 110 59 88 18 86 0 0 16 65 11 19 125 84 6 121 38 83 95 85 8 100 24 61 87 47 47 66 14 36 116 44 14 113 36 66 21 39 8 116 81 77 14 2 9 93 31 10 106 72 126 121 110 106 114 9 90 18 66 9 94 38 20 47 111 79 119 66 15 71 68 32 2 16 10 7 98 78 64 15 121 122 32 91 78 44 91 14 59 91 69 55 99 66 45 8 125 24 91 96 59 50 82 114 108 102 114 40 24 71 68 1 57 14 64 28 9 30 83 91 107 103 33 45 84 97 42 29 18 109 100 102 79 80 48 117 49 5 35 74 10 8 119 122 97 104 12
70 64 119 96 105 1 84 91 12 73 61 70 89 93 2 103 7 59 70 27 19 111 97 97 56 31 109 74 125 23 52 71 105 23 32 98 11 84 106 5 15 60 73 86 97 70 74 73 66 12 60 89 56 121 7 101 16 81 65 77 17 36 14 17 100 24 65 29 1 116 103 60 15 70 5 69 38 18 61 23 22 104 97 38 44 21 11 13 7 90 78 43 32 46 55 122 120 58 92 73 94 27 37 30 73 7 108 61 124 55 85 107 122 0 101 125 109 64 58 48 95 45 53 76 85 85 83 35 96 54 116 41 35 57 111 57 93 119 101 50 33 71 57 90 82 119 4 107 100 23 62 32 95 86 34 65 62 17 120 118 112 85 53 1 116 41 102 119 2 71 33 66 6 125 120 59 43 100 43 29 121 38 79 89 110 46 17 20 95 50 98 13 52 8 9 33 12 92 40 105 102 122 108 76 8 123 20 77 70 96 123 86 113 115 67 11 71 125 3 37 40 126 4 65 125 85 2 119 22 76 66 13 106 30 124 55 10 52 90 39 49 67 64 102 6 12 83 95 79 4 78 38 95 87 101 2 42 87 6 107 6 71 59 98 56 69 21 110 111 61 26 66 19 39 108 22 9 26 64 58 48 90 100 32 64 68 123 94 1 88 7 98 19 86 108 84 114 19 25 102 91 105 116 72 16 110 15 19 28 70 33 117 92 85 97 0 80 24 104 63 81 20 60 54 120 60 15 126 97 59 100 86 88 54 96 15 44 74 124 6 114 83 5 8 115 77 123 13 123 25 16 78 94 92 94 55 125 114 101 69 69 13 93 88 118 46 58 123 41 81 82 42 99 36 48 120 12 46 6 59 58 76 98 98 99 39 87 35 2 47 5 92 11 106 41 78 76 106 12 61 51 88 38 118 36 90 21 96 0 1 47 87 69 80 1 21 97 71 62 81 9 98 98 118 14 5 29 62 117 91 58 122 42 111 115 79 49 54 3 112 104 90 26 32 123 42 88 107 48 117 1 75 22 101 28 84 2 90 23 19 89 41 41 61 64 95 125 70 25 115 55 112 109 89 21 116 91 10 109 82 17 121 57 23 109 124 74 58 59 28 76 44 114 46 75 81 73 56 7 49 17 115 57 8 0 91 22 60 2 7 105 63
26 41 23 60 41 108 114 11 122 123 124 65 51 19 78 86 51 53 7 86 63 66 110 8 108 27 51 110 39 24 96 15 79 96 20 67 46 3 33 46 65 123 72 82 45 78 8 63 86 33 25 68 52 61 110 124 122 116 85 99 88 16 117 117 99 106 112 53 21 111 20 114 120 63 94 51 3 4 113 66 6 56 32 86 72 52 46 67 50 49 121 14 43 51 111 84 22 71 57 73 65 51 112 28 65 76 88 83 46 111 42 46 54 104 77 38 55 5 112 1 103 121 32 43 105 122 44 43 2 11 116 64 0 20 58 77 126 30 0 19 86 33 48 62 29 1 17 90 116 69 53 74 81 117 34 28 56 41 105 122 86 25 55 36 107 107 48 9 42 46 16 18 98 78 62 59 119 33 59 98 110 81 119 19 16 71 121 35 80 7 74 46 56 51 8 28 111 67 48 51 36 108 44 106 80 29 7 120 60 48 74 14 47 30 11 112 11 59 29 94 92 2 120 94 73 74 94 114 70 61 41 13 11 108 92 89 62 45 39 95 89 37 28 23 79 72 75 74 76 90 46 60 64 36 42 118 72 56 86 37 75 99 10 55 10 107 95 22 19 98 125 76 125 98 69 18 21 50 16 125 85 14 93 53 23 8 63 60 93 18 104 19 25 39 126 104 43 8 65 77 71 71 27 30 17 15 88 7 14 73 3 80 21 72 3 24 91 82 114 57 59 96 21 91 102 121 46 61 24 13 56 91 93 72 64 102 17 42 93 62 124 67 101 121 14 38 72 114 100 32 96 73 28 115 21 17 95 60 107 116 27 80 18 3 108 124 12 82 21 35 6 100 88 7 110 122 69 114 94 36 37 93 66 123 111 74 27 26 99 65 66 46 89 7 126 7 75 0 7 32 122 37 70 27 28 14 57 62 98 79 78 14 62 53 63 29 55 11 11 27 113 101 103 4 115 93 61 40 36 92 89 113 10 66 13 10 33 31 46 58 45 55 105 99 90 100 63 48 70 0 76 47 68 5 78 62 29 18 47 99 58 58 119 99 6 6 59 48 8 73 71 8 58 83 66 120 2 5 51 65 23 43 56 15 101 84 85 29 49 124 18 113 53 18 121 115 90 50 122 86 38 118 96 55 14 60 74 92 106 77 36 4
26 81 91 20 31 14 119 101 85 68 122 80 24 18 104 5 126 52 93 55 52 96 125 82 65 22 97 82 45 73 125 14 90 60 32 74 21 114 17 25 25 6 92 30 45 68 53 61 118 85 42 18 89 119 125 40 92 54 42 24 23 109 89 74 5 1 61 47 98 48 2 121 115 98 98 12 75 36 126 50 10 109 80 58 94 90 34 19 49 100 124 56 73 29 65 91 116 57 19 68 53 52 5 23 22 25 81 11 92 77 37 73 9 8 75 49 59 94 37 115 77 113 86 89 76 69 114 27 2 113 99 48 31 72 26 113 71 93 110 54 126 98 9 49 68 62 47 126 15 61 11 0 23 4 69 6 106 86 22 65 58 11 28 117 44 30 9 35 4 46 122 96 21 40 104 31 80 6 11 113 43 89 112 119 104 67 12 58 104 63 110 73 63 106 19 43 100 76 45 49 29 13 31 22 30 65 35 83 67 8 100 88 76 123 21 6 73 23 65 19 50 44 122 18 97 20 11 67 117 1 4 85 91 111 81 59 124 51 106 81 71 77 97 122 83 57 102 11 38 11 33 100 21 57 22 101 109 99 90 81 44 38 74 0 30 38 104 72 66 2 43 38 6 93 107 79 18 87 54 106 58 46 66 6 97 99 109 69 63 90 39 29 125 63 105 84 120 123 66 79 1 25 69 81 110 13 58 41 67 78 9 52 66 43 3 7 122 56 67 72 35 49 126 96 11 57 41 101 81 64 51 86 25 54 6 48 98 85 96 10 110 113 62 44 96 20 52 96 114 107 124 28 99 35 40 96 27 33 14 19 66 122 62 55 24 3 91 117 87 92 63 84 113 67 104 101 94 63 35 77 56 63 99 41 105 32 104 60 12 38 77 101 34 55 50 67 64 126 98 118 83 32 7 39 122 96 87 92 47 122 97 48 113 82 105 70 105 57 27 58 52 85 113 37 14 4 38 123 78 69 52 34 120 99 121 126 9 22 39 29 114 2 31 37 43 44 77 25 25 54 49 102 118 23 5 44 98 62 94 31 119 112 75 62 126 2 90 67 80 11 112 97 77 95 114 9 106 110 29 125 44 70 98 9 99 8 90 18 57 79 10 8 42 82 107 4 55 4 59 123 28 82 63 59 36 96 3 64 64 28 9 74
49 61 111 13 45 73 49 52 27 71 31 80 21 69 93 63 9 104 49 56 105 125 85 21 19 93 12 105 61 70 73 70 4 103 53 44 112 99 42 98 85 115 76 46 45 59 107 14 69 112 74 61 98 80 92 108 15 64 65 13 115 77 24 37 70 20 101 81 37 7 61 22 98 7 40 7 75 77 4 36 81 52 16 88 90 74 37 54 62 101 43 124 60 94 61 92 119 109 74 104 101 42 83 62 104 36 8 41 35 39 23 81 108 30 1 101 25 51 5 98 122 5 19 83 42 70 52 74 60 18 56 67 120 94 92 44 35 23 0 20 14 58 104 90 124 18 33 6 49 67 50 92 69 77 71 116 62 2 87 94 21 12 115 117 85 109 63 0 115 66 74 108 78 71 117 44 79 88 78 81 4 45 23 63 94 109 122 25 77 16 47 104 38 53 61 123 4 53 53 61 44 34 85 122 35 5 75 77 110 7 83 39 91 12 82 111 7 41 10 103 37 116 100 10 72 83 112 61 17 27 45 13 115 56 54 33 25 80 52 121 124 78 91 103 33 51 93 93 49 102 56 66 64 2 65 86 54 40 110 72 85 66 88 92 36 41 46 108 97 71 88 90 110 18 12 64 19 59 59 102 15 117 35 72 43 80 45 26 117 124 12 0 56 92 17 88 30 16 79 109 72 45 28 33 124 82 35 82 112 72 25 39 100 68 123 107 76 54 116 50 26 125 94 5 112 27 68 35 112 28 118 3 8 75 122 88 11 93 107 71 95 124 66 77 125 88 126 80 14 118 80 4 13 29 3 88 66 114 35 77 110 41 72 96 31 115 54 105 54 123 121 5 110 35 63 94 42 125 74 40 92 7 30 94 69 72 119 117 112 55 109 87 102 94 59 47 9 30 53 87 3 56 3 45 51 32 23 122 55 55 20 15 8 79 77 38 51 116 45 84 73 32 48 124 72 93 119 97 124 77 33 59 71 115 25 112 29 93 17 93 101 114 2 1 123 16 31 50 79 30 82 88 7 113 41 35 8 108 70 50 55 10 41 97 3 11 98 17 103 4 11 5 47 117 113 48 124 77 102 37 33 57 116 119 60 99 34 77 20 102 42 121 87 99 21 68 7 117 94 41 95 85 94 62 64 46 80 68 15 88 24 122
5 4 72 76 126 48 104 104 36 74 19 3 43 31 54 56 99 4 126 2 15 15 40 32 72 66 64 22 10 80 83 79 104 47 29 110 119 9 78 57 1 32 107 48 39 9 4 47 38 83 70 33 93 2 112 99 63 123 34 7 114 7 100 1 123 32 35 112 28 33 101 86 67 107 61 60 90 124 68 103 73 113 47 67 3 120 38 81 122 45 50 122 16 110 47 123 28 126 75 91 116 28 41 62 4 88 112 8 119 87 80 114 102 56 45 126 43 84 26 59 98 28 31 18 71 27 47 55 115 101 96 92 112 36 16 67 9 96 52 117 110 91 86 106 95 67 96 49 45 9 41 51 37 75 15 91 84 119 24 51 68 56 107 19 120 79 123 18 68 55 31 46 113 53 20 102 45 51 95 107 118 54 16 22 72 109 38 51 12 36 92 95 107 17 46 40 95 45 89 28 102 23 42 45 47 11 123 22 70 66 39 42 24 36 0 109 16 42 73 40 74 78 123 85 34 103 47 113 71 51 9 7 92 66 54 8 99 123 114 38 122 79 78 69 46 96 106 125 44 99 37 59 92 32 71 119 120 106 63 63 92 17 29 56 46 126 29 96 60 34 27 70 107 69 3 104 88 67 93 36 26 65 40 85 35 115 72 42 110 1 67 106 22 26 38 56 95 93 50 27 29 11 70 26 14 96 84 0 5 23 18 22 50 115 33 26 120 123 83 100 105 0 84 38 23 116 90 67 120 81 69 64 100 113 25 93 115 25 61 39 23 44 24 121 47 7 46 111 30 97 36 2 115 45 69 2 100 84 29 38 91 26 82 124 98 72 73 103 77 119 4 74 109 66 117 63 39 3 110 52 38 5 68 76 110 98 81 39 6 42 113 111 120 25 115 6 49 14 53 67 75 19 67 72 40 33 4 29 119 12 74 42 119 86 97 67 125 72 42 48 50 38 90 3 88 0 71 65 11 61 103 17 45 81 99 37 69 17 8 0 71 61 68 32 22 33 60 81 39 54 68 65 110 49 40 14 38 26 115 94 90 66 108 19 58 104 112 55 86 37 29 9 86 81 105 77 66 120 63 72 91 67 17 126 99 97 19 50 98 25 24 85 14 89 10 125 69 57 115 28 57 96 7 55 7 105 36 86 80 30 106 90
2 65 41 60 4 91 33 33 100 38 71 18 11 66 86 19 44 57 43 10 16 89 53 105 61 74 66 39 89 44 36 92 99 90 67 20 56 47 27 71 41 103 61 51 0 87 63 7 12 28 115 10 126 67 69 46 115 124 40 42 123 46 86 36 69 73 70 40 112 97 11 32 8 108 107 89 51 65 81 102 103 121 9 123 75 30 106 41 82 83 5 89 44 105 88 111 15 18 17 67 42 116 20 114 24 100 17 111 14 58 71 59 105 20 46 84 52 83 25 84 125 42 27 100 77 1 114 41 110 13 32 84 51 70 28 9 87 69 19 51 93 107 124 49 84 27 13 22 59 94 56 14 50 112 14 60 126 69 125 67 121 25 108 91 28 84 10 49 108 93 57 77 107 27 62 25 41 42 57 6 62 100 92 64 126 82 3 99 5 37 119 75 60 102 31 27 52 105 52 83 53 125 26 124 85 75 28 115 64 76 48 80 119 76 86 20 10 97 14 42 80 96 38 58 35 68 60 118 106 18 112 116 111 37 112 57 38 70 8 55 12 41 79 14 126 125 62 76 13 10 35 13 50 69 26 1 42 12 118 6 114 44 81 111 83 93 122 71 91 27 116 111 105 70 87 48 93 63 7 111 100 112 17 76 111 45 63 51 32 95 79 45 4 93 101 126 1 0 17 111 31 94 100 105 65 123 57 54 66 9 27 71 37 5 20 74 16 27 117 79 105 22 101 100 30 94 89 25 24 75 91 81 113 74 105 95 64 42 80 92 83 76 21 87 50 54 78 28 11 74 73 90 93 112 23 25 114 107 38 94 98 123 28 94 21 124 29 107 36 106 123 73 9 36 117 40 21 106 115 44 7 12 89 59 73 91 126 35 24 5 114 93 1 50 126 8 107 40 115 99 99 27 45 98 90 17 29 112 117 49 95 41 38 102 107 68 92 79 125 39 93 39 19 96 63 66 4 121 112 41 59 121 33 32 56 42 111 125 98 32 51 118 124 71 25 20 60 111 90 47 112 71 33 32 115 20 54 92 113 60 101 10 27 80 19 27 2 0 70 8 26 63 60 70 39 27 13 30 62 37 81 94 6 12 41 31 115 25 47 79 87 64 30 88 12 13 9 32 46 117 82 87 15 105 14 65 112 82 5 41 49 71
70 70 57 5 48 115 7 73 110 110 47 9 59 58 37 64 61 17 58 17 110 6 119 88 93 35 2 30 60 1 31 22 83 8 80 61 109 54 125 97 5 40 62 87 72 80 44 59 56 122 53 59 5 84 55 22 124 4 0 46 50 126 116 19 87 4 23 103 93 66 49 47 13 16 30 53 103 89 110 124 41 51 33 83 115 42 64 10 125 74 37 118 21 30 116 38 0 12 69 5 50 4 104 63 56 43 22 27 112 112 47 97 37 26 40 39 59 116 36 55 69 2 69 69 8 17 71 70 119 45 117 110 102 27 25 41 101 114 20 8 15 13 98 96 37 79 88 22 7 18 109 65 36 122 35 83 95 36 36 80 46 58 91 15 87 9 75 1 107 122 13 45 36 66 96 117 19 124 64 64 56 105 44 6 15 86 62 17 123 29 50 115 119 71 70 56 7 0 38 15 82 123 16 86 20 29 97 92 18 69 5 12 10 121 16 74 12 124 3 23 62 124 44 125 76 69 38 112 48 81 70 80 78 73 45 43 15 110 6 49 81 55 73 98 104 75 77 25 8 26 54 45 71 13 64 72 122 91 36 24 81 97 31 28 48 11 99 19 33 97 9 12 13 65 69 77 102 73 121 86 60 44 66 76 41 124 27 60 44 44 30 99 61 45 79 19 121 108 94 47 46 77 91 122 111 2 56 79 94 77 124 104 112 99 119 23 31 99 120 75 78 27 81 85 26 71 114 48 20 12 35 83 37 34 88 82 109 107 19 89 1 13 54 91 52 87 49 103 52 67 11 56 117 62 41 57 55 50 80 62 18 107 41 2 7 57 119 78 107 123 50 4 121 72 31 79 31 32 11 4 6 69 28 51 7 68 117 34 15 53 20 12 18 76 51 73 27 55 7 60 33 64 94 53 115 79 1 118 20 84 97 40 103 76 14 11 41 45 59 91 29 118 53 32 13 99 121 115 124 68 51 99 97 28 93 119 86 43 66 74 121 108 80 120 6 72 8 6 61 32 16 20 25 60 90 19 120 119 71 32 50 63 52 48 23 116 69 27 13 95 55 34 77 114 126 109 6 1 24 17 9 100 108 28 35 24 116 20 82 99 88 115 101 82 55 56 29 94 46 17 68 107 100 45 120 36 99 113 90 8 42 31
79 21 35 80 42 106 38 12 60 110 48 100 98 33 4 12 9 64 53 101 38 29 84 65 81 55 3 101 74 68 47 7 115 29 42 53 116 123 125 15 63 85 3 2 66 66 45 90 117 126 103 120 98 90 76 90 43 106 17 93 109 87 13 43 122 79 89 6 98 2 83 20 40 54 90 82 17 28 7 105 0 11 126 19 103 58 31 30 91 55 15 32 29 72 13 86 76 19 5 126 35 85 42 110 51 21 14 30 70 10 87 28 92 87 37 115 91 19 118 33 51 117 18 100 98 20 42 107 64 110 78 102 86 9 49 82 39 97 95 65 4 50 120 122 67 35 100 38 70 102 103 95 36 11 74 69 91 38 44 57 87 119 10 71 18 56 99 55 56 111 43 39 74 84 57 75 21 24 98 22 42 26 40 102 51 109 46 6 105 38 27 6 84 45 86 75 103 110 34 119 57 73 98 43 81 94 84 59 75 0 115 76 126 1 104 12 87 5 117 83 4 28 59 114 103 89 74 3 26 53 45 41 89 41 28 39 81 57 16 112 61 74 112 108 53 87 66 21 64 72 121 9 85 112 102 98 105 31 72 52 59 19 106 48 105 35 21 78 74 114 14 51 105 71 89 40 122 27 47 112 14 91 27 108 18 31 110 74 113 67 89 8 40 58 80 49 27 97 11 50 46 65 23 53 108 99 52 98 81 117 54 92 86 71 88 100 19 7 47 10 78 57 16 95 55 54 22 115 64 79 103 103 2 108 17 123 70 119 47 8 38 36 117 20 0 52 67 41 57 53 114 14 60 57 125 19 0 1 123 87 27 122 44 113 108 87 37 98 25 18 44 36 14 4 72 97 20 67 16 119 71 83 47 33 19 62 51 92 23 27 84 34 46 81 2 59 118 44 123 52 27 96 70 27 61 40 108 60 83 105 22 38 2 98 11 125 55 76 122 31 60 83 126 75 80 0 110 58 120 13 125 103 126 64 101 82 40 2 71 19 90 69 32 15 53 95 100 107 27 70 16 92 55 14 30 88 5 18 61 85 89 29 11 111 98 39 83 20 113 6 5 97 1 43 65 24 95 117 88 116 102 79 44 117 89 89 18 112 43 110 49 44 44 42 72 47 71 60 51 5 74 10 32 21 40 28 23 23 93 7 50 62
118 120 58 118 95 3 35 87 37 65 65 57 63 90 67 118 126 68 62 109 53 86 42 31 54 119 103 36 15 58 114 99 54 106 101 32 120 105 4 111 30 98 7 35 56 98 103 81 44 62 61 110 100 107 106 11 25 112 61 95 108 105 116 44 71 83 70 70 25 3 2 98 116 110 22 81 72 74 81 106 79 124 18 34 7 8 101 95 55 87 115 73 113 43 19 12 68 0 123 56 0 4 119 68 35 91 71 47 55 14 43 61 35 17 126 87 81 9 92 78 107 40 5 50 57 99 101 104 89 95 7 120 94 30 36 126 89 41 101 117 97 70 92 32 73 60 1 17 107 98 100 65 19 87 68 30 54 63 39 79 2 49 89 93 12 23 57 122 25 88 17 35 5 100 0 114 99 101 29 102 43 72 91 30 118 20 45 35 102 15 28 0 37 56 17 46 6 93 124 71 64 50 14 71 31 41 6 82 38 18 125 88 53 46 98 39 65 8 126 46 94 111 106 93 70 5 124 33 49 2 14 72 75 37 87 88 20 7 64 7 85 4 84 25 85 45 101 46 88 104 94 27 46 111 28 103 85 55 44 63 125 123 89 116 71 14 116 120 47 114 86 104 11 91 24 46 44 51 47 49 113 32 5 52 107 17 70 76 99 11 16 70 77 71 21 68 72 99 2 2 50 15 51 75 92 84 11 28 33 77 85 110 19 101 96 114 93 28 74 109 115 6 97 15 56 62 95 51 74 103 5 1 54 121 26 80 16 102 41 24 21 79 49 91 25 29 45 57 96 60 97 5 56 9 65 92 54 83 17 11 84 117 35 30 122 75 116 88 101 12 103 103 65 87 67 115 42 84 91 61 0 81 66 38 108 30 113 0 75 43 55 100 26 47 18 120 27 8 125 39 122 37 126 107 65 22 111 84 41 91 32 31 98 4 49 41 111 110 54 90 74 50 21 97 62 80 47 108 120 87 83 83 54 57 90 21 100 63 101 53 13 30 108 52 116 87 88 3 53 70 16 67 69 47 45 126 47 63 105 79 60 67 70 89 118 90 57 43 124 1 72 24 52 101 26 103 81 99 116 36 74 110 16 65 111 21 46 87 117 1 10 118 99 13 24 39 10 80 41 54 82 51 106 27 34 28 60 15 5 83 25 58
123 12 20 109 115 115 120 93 101 68 50 58 16 58 78 64 31 73 73 35 88 73 53 38 126 56 84 34 117 14 112 29 113 91 14 119 20 98 56 87 88 38 34 13 110 63 76 72 88 109 34 123 66 121 62 23 92 50 27 64 55 119 93 26 72 64 104 61 63 71 44 26 125 79 120 121 120 58 20 34 13 111 113 95 50 23 84 6 31 12 31 24 63 93 122 104 52 93 22 21 63 122 105 85 125 80 93 15 85 35 110 118 81 103 21 91 83 3 40 50 72 39 56 83 122 77 5 70 36 11 70 38 40 124 77 29 0 75 29 98 116 3 14 113 66 2 111 37 122 4 123 94 13 65 36 119 37 33 26 10 54 115 0 22 52 117 109 28 77 12 97 110 110 4 11 49 58 110 115 98 52 21 62 46 78 29 112 47 81 124 19 29 58 102 121 115 73 115 58 50 85 60 98 93 60 65 61 10 25 26 111 113 24 52 85 60 87 99 83 97 122 95 89 68 33 107 85 73 19 19 57 24 20 21 24 72 86 75 39 52 100 103 7 107 16 108 1 95 21 91 43 25 12 105 58 43 9 24 30 84 40 19 58 82 80 25 24 117 24 103 72 74 40 123 102 60 8 48 99 78 9 109 3 0 61 33 15 101 47 62 50 109 110 49 23 66 116 90 37 11 88 79 23 90 0 39 86 81 94 59 23 126 62 47 28 25 105 10 94 85 125 67 14 60 19 10 71 104 31 96 114 64 102 13 53 81 43 59 57 118 95 116 117 59 124 55 28 0 42 81 28 26 38 57 92 73 2 125 84 51 56 12 29 5 113 96 105 55 105 91 0 12 103 7 71 75 120 86 124 20 126 0 99 49 9 42 12 20 38 96 103 68 62 0 54 9 98 52 69 70 38 85 6 122 72 32 121 126 36 26 29 35 106 116 121 80 39 106 82 96 77 125 95 2 126 110 125 88 76 38 21 9 109 27 20 94 83 107 58 125 22 55 51 36 47 122 122 116 36 56 32 27 45 75 106 46 49 84 22 97 71 0 41 77 57 108 109 9 66 52 32 12 67 36 85 44 29 94 52 8 97 44 71 62 119 78 63 76 106 24 15 123 117 73 65 45 118 59 7 33 82 40 14 101 47 23 65 121 25 97 57 2
112 47 76 108 87 8 28 82 11 25 72 104 46 96 65 122 88 53 98 78 50 37 50 24 124 77 82 105 45 89 58 111 36 13 40 97 93 8 98 53 66 100 3 93 48 82 41 4 52 104 23 24 86 12 17 115 37 70 43 82 36 32 117 77 70 16 104 110 14 40 123 32 22 7 30 84 60 87 42 81 35 57 89 12 74 3 93 85 53 39 31 73 79 50 29 26 113 64 63 11 62 10 1 120 32 73 53 78 46 101 57 88 24 51 27 36 112 2 54 32 106 20 116 31 76 108 24 78 6 89 14 58 65 91 101 100 90 99 22 42 57 35 7 57 40 77 39 56 44 34 88 43 97 34 109 84 8 39 12 110 123 88 37 46 123 69 111 31 113 114 88 1 71 71 16 17 119 118 24 84 80 104 107 79 126 8 2 125 91 115 95 81 12 110 119 119 11 64 33 72 58 74 36 118 68 0 32 69 6 51 38 74 1 53 51 11 121 107 107 56 125 54 15 31 121 100 116 26 111 118 121 101 82 64 85 122 14 115 31 119 57 74 3 107 70 42 3 53 35 7 109 48 126 34 31 113 120 21 30 41 39 83 104 102 91 89 60 39 100 88 97 82 99 77 0 121 71 36 8 2 5 70 124 73 71 122 21 89 73 7 82 13 112 61 23 94 40 114 119 91 105 108 29 43 108 41 94 92 34 10 122 25 80 11 117 49 8 57 29 59 93 17 74 9 5 19 43 106 51 42 116 79 108 15 87 44 40 111 31 115 96 88 35 114 117 62 21 18 51 94 118 50 90 19 43 67 25 55 0 54 107 0 101 50 44 24 76 91 83 52 70 22 91 122 40 68 47 70 7 74 26 35 13 68 7 67 28 62 21 88 90 10 22 112 75 72 108 93 18 8 10 124 37 98 102 52 85 56 92 18 108 18 73 56 46 88 120 93 61 97 68 113 53 47 96 56 23 98 12 61 78 67 81 122 60 13 17 97 31 8 89 25 99 44 82 94 7 109 32 80 69 118 3 119 11 38 18 14 50 83 106 113 109 87 55 18 111 58 17 67 9 88 17 25 75 106 102 51 55 122 75 44 83 123 60 52 119 90 36 42 73 32 101 108 57 43 20 49 55 101 72 72 8 117 53 57 119 124 114 99 66 72
