xrun(64): 23.03-s003: (c) Copyright 1995-2023 Cadence Design Systems, Inc.
TOOL:	xrun(64)	23.03-s003: Started on Sep 01, 2026 at 16:28:05 -03
xrun
	-f /sim/tarsio/FastConv_SystemVerilog/rtl/conv2x2/synthesis/stream12-current-prefetch4/tcn4-04mac/sim/args.txt
		-smartorder
		-work work
		-top tb
		-access +rw
		-maxdelays
		-sdf_cmd_file sdf_cmd.cmd
		-timescale 1ns/1ps
		/pdk/tsmc/PDK28/PDK_TSMC28_bv/tcbn28hpcplusbwp30p140_190a/TSMCHOME/digital/Front_End/verilog/tcbn28hpcplusbwp30p140_110a/tcbn28hpcplusbwp30p140.v
	/sim/tarsio/FastConv_SystemVerilog/rtl/conv2x2/data/tcn4/sim/sim-032-3-3-normal/pack_data.sv
	/sim/tarsio/FastConv_SystemVerilog/rtl/conv2x2/pack-param/tcn4/pack_param.sv
	/sim/tarsio/FastConv_SystemVerilog/rtl/conv2x2/mult-matrices/stream/tcn4/mult_matrices.sv
	/sim/tarsio/FastConv_SystemVerilog/rtl/csa/csa_lib.sv
	/sim/tarsio/FastConv_SystemVerilog/rtl/multip/multip.sv
	/sim/tarsio/FastConv_SystemVerilog/rtl/mem/mem.sv
	/sim/tarsio/FastConv_SystemVerilog/rtl/conv2x2/conv-stream12-i16-h16-t8-o4-m4-prefetch4.sv
	/sim/tarsio/FastConv_SystemVerilog/rtl/conv2x2/testbench.sv
	/sim/tarsio/FastConv_SystemVerilog/rtl/conv2x2/synthesis/stream12-current-prefetch4/tcn4-04mac/logical/results/gate_level/Conv_logic_mapped.v
	-f /sim/tarsio/FastConv_SystemVerilog/rtl/conv2x2/synthesis/stream12-current-prefetch4/tcn4-04mac/list-define.txt
		-define NADDR=16
		-define NBITS=20
		-define LATENCY=1
		-define QUANT=8
	-define GATE_LEVEL
	-define XRUN
	-run
	-exit
file: /pdk/tsmc/PDK28/PDK_TSMC28_bv/tcbn28hpcplusbwp30p140_190a/TSMCHOME/digital/Front_End/verilog/tcbn28hpcplusbwp30p140_110a/tcbn28hpcplusbwp30p140.v
	module work.AN2D0BWP30P140:v
		errors: 0, warnings: 0
	module work.AN2D16BWP30P140:v
		errors: 0, warnings: 0
	module work.AN2D1BWP30P140:v
		errors: 0, warnings: 0
	module work.AN2D2BWP30P140:v
		errors: 0, warnings: 0
	module work.AN2D4BWP30P140:v
		errors: 0, warnings: 0
	module work.AN2D6BWP30P140:v
		errors: 0, warnings: 0
	module work.AN2D8BWP30P140:v
		errors: 0, warnings: 0
	module work.AN3D0BWP30P140:v
		errors: 0, warnings: 0
	module work.AN3D16BWP30P140:v
		errors: 0, warnings: 0
	module work.AN3D1BWP30P140:v
		errors: 0, warnings: 0
	module work.AN3D2BWP30P140:v
		errors: 0, warnings: 0
	module work.AN3D4BWP30P140:v
		errors: 0, warnings: 0
	module work.AN3D6BWP30P140:v
		errors: 0, warnings: 0
	module work.AN3D8BWP30P140:v
		errors: 0, warnings: 0
	module work.AN4D0BWP30P140:v
		errors: 0, warnings: 0
	module work.AN4D1BWP30P140:v
		errors: 0, warnings: 0
	module work.AN4D2BWP30P140:v
		errors: 0, warnings: 0
	module work.AN4D4BWP30P140:v
		errors: 0, warnings: 0
	module work.AN4D8BWP30P140:v
		errors: 0, warnings: 0
	module work.ANTENNABWP30P140:v
		errors: 0, warnings: 0
	module work.AO211D0BWP30P140:v
		errors: 0, warnings: 0
	module work.AO211D1BWP30P140:v
		errors: 0, warnings: 0
	module work.AO211D2BWP30P140:v
		errors: 0, warnings: 0
	module work.AO211D4BWP30P140:v
		errors: 0, warnings: 0
	module work.AO21D0BWP30P140:v
		errors: 0, warnings: 0
	module work.AO21D1BWP30P140:v
		errors: 0, warnings: 0
	module work.AO21D2BWP30P140:v
		errors: 0, warnings: 0
	module work.AO21D4BWP30P140:v
		errors: 0, warnings: 0
	module work.AO22D0BWP30P140:v
		errors: 0, warnings: 0
	module work.AO22D16BWP30P140:v
		errors: 0, warnings: 0
	module work.AO22D1BWP30P140:v
		errors: 0, warnings: 0
	module work.AO22D2BWP30P140:v
		errors: 0, warnings: 0
	module work.AO22D4BWP30P140:v
		errors: 0, warnings: 0
	module work.AO22D6BWP30P140:v
		errors: 0, warnings: 0
	module work.AO22D8BWP30P140:v
		errors: 0, warnings: 0
	module work.AOI211D0BWP30P140:v
		errors: 0, warnings: 0
	module work.AOI211D16BWP30P140:v
		errors: 0, warnings: 0
	module work.AOI211D1BWP30P140:v
		errors: 0, warnings: 0
	module work.AOI211D2BWP30P140:v
		errors: 0, warnings: 0
	module work.AOI211D4BWP30P140:v
		errors: 0, warnings: 0
	module work.AOI211D6BWP30P140:v
		errors: 0, warnings: 0
	module work.AOI211D8BWP30P140:v
		errors: 0, warnings: 0
	module work.AOI211OPTREPBD12BWP30P140:v
		errors: 0, warnings: 0
	module work.AOI211OPTREPBD16BWP30P140:v
		errors: 0, warnings: 0
	module work.AOI211OPTREPBD1BWP30P140:v
		errors: 0, warnings: 0
	module work.AOI211OPTREPBD2BWP30P140:v
		errors: 0, warnings: 0
	module work.AOI211OPTREPBD4BWP30P140:v
		errors: 0, warnings: 0
	module work.AOI211OPTREPBD6BWP30P140:v
		errors: 0, warnings: 0
	module work.AOI211OPTREPBD8BWP30P140:v
		errors: 0, warnings: 0
	module work.AOI21D0BWP30P140:v
		errors: 0, warnings: 0
	module work.AOI21D0P7BWP30P140:v
		errors: 0, warnings: 0
	module work.AOI21D16BWP30P140:v
		errors: 0, warnings: 0
	module work.AOI21D1BWP30P140:v
		errors: 0, warnings: 0
	module work.AOI21D1P5BWP30P140:v
		errors: 0, warnings: 0
	module work.AOI21D2BWP30P140:v
		errors: 0, warnings: 0
	module work.AOI21D4BWP30P140:v
		errors: 0, warnings: 0
	module work.AOI21D6BWP30P140:v
		errors: 0, warnings: 0
	module work.AOI21D8BWP30P140:v
		errors: 0, warnings: 0
	module work.AOI21OPTREPBD12BWP30P140:v
		errors: 0, warnings: 0
	module work.AOI21OPTREPBD16BWP30P140:v
		errors: 0, warnings: 0
	module work.AOI21OPTREPBD1BWP30P140:v
		errors: 0, warnings: 0
	module work.AOI21OPTREPBD2BWP30P140:v
		errors: 0, warnings: 0
	module work.AOI21OPTREPBD4BWP30P140:v
		errors: 0, warnings: 0
	module work.AOI21OPTREPBD6BWP30P140:v
		errors: 0, warnings: 0
	module work.AOI21OPTREPBD8BWP30P140:v
		errors: 0, warnings: 0
	module work.AOI221D0BWP30P140:v
		errors: 0, warnings: 0
	module work.AOI221D1BWP30P140:v
		errors: 0, warnings: 0
	module work.AOI221D2BWP30P140:v
		errors: 0, warnings: 0
	module work.AOI221D4BWP30P140:v
		errors: 0, warnings: 0
	module work.AOI222D0BWP30P140:v
		errors: 0, warnings: 0
	module work.AOI222D1BWP30P140:v
		errors: 0, warnings: 0
	module work.AOI222D2BWP30P140:v
		errors: 0, warnings: 0
	module work.AOI222D4BWP30P140:v
		errors: 0, warnings: 0
	module work.AOI22D0BWP30P140:v
		errors: 0, warnings: 0
	module work.AOI22D0P7BWP30P140:v
		errors: 0, warnings: 0
	module work.AOI22D16BWP30P140:v
		errors: 0, warnings: 0
	module work.AOI22D1BWP30P140:v
		errors: 0, warnings: 0
	module work.AOI22D1P5BWP30P140:v
		errors: 0, warnings: 0
	module work.AOI22D2BWP30P140:v
		errors: 0, warnings: 0
	module work.AOI22D4BWP30P140:v
		errors: 0, warnings: 0
	module work.AOI22D6BWP30P140:v
		errors: 0, warnings: 0
	module work.AOI22D8BWP30P140:v
		errors: 0, warnings: 0
	module work.AOI31D0BWP30P140:v
		errors: 0, warnings: 0
	module work.AOI31D1BWP30P140:v
		errors: 0, warnings: 0
	module work.AOI31D2BWP30P140:v
		errors: 0, warnings: 0
	module work.AOI31D4BWP30P140:v
		errors: 0, warnings: 0
	module work.AOI32D0BWP30P140:v
		errors: 0, warnings: 0
	module work.AOI32D1BWP30P140:v
		errors: 0, warnings: 0
	module work.AOI32D2BWP30P140:v
		errors: 0, warnings: 0
	module work.AOI32D4BWP30P140:v
		errors: 0, warnings: 0
	module work.AOI33D0BWP30P140:v
		errors: 0, warnings: 0
	module work.AOI33D1BWP30P140:v
		errors: 0, warnings: 0
	module work.AOI33D2BWP30P140:v
		errors: 0, warnings: 0
	module work.AOI33D4BWP30P140:v
		errors: 0, warnings: 0
	module work.BHDBWP30P140:v
		errors: 0, warnings: 0
	module work.BOUNDARY_LEFTBWP30P140:v
		errors: 0, warnings: 0
	module work.BOUNDARY_RIGHTBWP30P140:v
		errors: 0, warnings: 0
	module work.BUFFD0BWP30P140:v
		errors: 0, warnings: 0
	module work.BUFFD0P7BWP30P140:v
		errors: 0, warnings: 0
	module work.BUFFD12BWP30P140:v
		errors: 0, warnings: 0
	module work.BUFFD16BWP30P140:v
		errors: 0, warnings: 0
	module work.BUFFD1BWP30P140:v
		errors: 0, warnings: 0
	module work.BUFFD1P5BWP30P140:v
		errors: 0, warnings: 0
	module work.BUFFD20BWP30P140:v
		errors: 0, warnings: 0
	module work.BUFFD24BWP30P140:v
		errors: 0, warnings: 0
	module work.BUFFD2BWP30P140:v
		errors: 0, warnings: 0
	module work.BUFFD3BWP30P140:v
		errors: 0, warnings: 0
	module work.BUFFD4BWP30P140:v
		errors: 0, warnings: 0
	module work.BUFFD6BWP30P140:v
		errors: 0, warnings: 0
	module work.BUFFD8BWP30P140:v
		errors: 0, warnings: 0
	module work.BUFTD12BWP30P140:v
		errors: 0, warnings: 0
	module work.BUFTD16BWP30P140:v
		errors: 0, warnings: 0
	module work.BUFTD20BWP30P140:v
		errors: 0, warnings: 0
	module work.BUFTD24BWP30P140:v
		errors: 0, warnings: 0
	module work.BUFTD4BWP30P140:v
		errors: 0, warnings: 0
	module work.BUFTD6BWP30P140:v
		errors: 0, warnings: 0
	module work.BUFTD8BWP30P140:v
		errors: 0, warnings: 0
	module work.CKAN2D0BWP30P140:v
		errors: 0, warnings: 0
	module work.CKAN2D1BWP30P140:v
		errors: 0, warnings: 0
	module work.CKAN2D2BWP30P140:v
		errors: 0, warnings: 0
	module work.CKAN2D4BWP30P140:v
		errors: 0, warnings: 0
	module work.CKAN2D8BWP30P140:v
		errors: 0, warnings: 0
	module work.CKBD0BWP30P140:v
		errors: 0, warnings: 0
	module work.CKBD12BWP30P140:v
		errors: 0, warnings: 0
	module work.CKBD16BWP30P140:v
		errors: 0, warnings: 0
	module work.CKBD1BWP30P140:v
		errors: 0, warnings: 0
	module work.CKBD20BWP30P140:v
		errors: 0, warnings: 0
	module work.CKBD24BWP30P140:v
		errors: 0, warnings: 0
	module work.CKBD2BWP30P140:v
		errors: 0, warnings: 0
	module work.CKBD3BWP30P140:v
		errors: 0, warnings: 0
	module work.CKBD4BWP30P140:v
		errors: 0, warnings: 0
	module work.CKBD6BWP30P140:v
		errors: 0, warnings: 0
	module work.CKBD8BWP30P140:v
		errors: 0, warnings: 0
	module work.CKLHQD12BWP30P140:v
		errors: 0, warnings: 0
	module work.CKLHQD16BWP30P140:v
		errors: 0, warnings: 0
	module work.CKLHQD1BWP30P140:v
		errors: 0, warnings: 0
	module work.CKLHQD20BWP30P140:v
		errors: 0, warnings: 0
	module work.CKLHQD24BWP30P140:v
		errors: 0, warnings: 0
	module work.CKLHQD2BWP30P140:v
		errors: 0, warnings: 0
	module work.CKLHQD3BWP30P140:v
		errors: 0, warnings: 0
	module work.CKLHQD4BWP30P140:v
		errors: 0, warnings: 0
	module work.CKLHQD6BWP30P140:v
		errors: 0, warnings: 0
	module work.CKLHQD8BWP30P140:v
		errors: 0, warnings: 0
	module work.CKLNQD12BWP30P140:v
		errors: 0, warnings: 0
	module work.CKLNQD16BWP30P140:v
		errors: 0, warnings: 0
	module work.CKLNQD1BWP30P140:v
		errors: 0, warnings: 0
	module work.CKLNQD20BWP30P140:v
		errors: 0, warnings: 0
	module work.CKLNQD24BWP30P140:v
		errors: 0, warnings: 0
	module work.CKLNQD2BWP30P140:v
		errors: 0, warnings: 0
	module work.CKLNQD3BWP30P140:v
		errors: 0, warnings: 0
	module work.CKLNQD4BWP30P140:v
		errors: 0, warnings: 0
	module work.CKLNQD6BWP30P140:v
		errors: 0, warnings: 0
	module work.CKLNQD8BWP30P140:v
		errors: 0, warnings: 0
	module work.CKLNQOPTMAD16BWP30P140:v
		errors: 0, warnings: 0
	module work.CKLNQOPTMAD4BWP30P140:v
		errors: 0, warnings: 0
	module work.CKLNQOPTMAD8BWP30P140:v
		errors: 0, warnings: 0
	module work.CKMUX2D0BWP30P140:v
		errors: 0, warnings: 0
	module work.CKMUX2D1BWP30P140:v
		errors: 0, warnings: 0
	module work.CKMUX2D2BWP30P140:v
		errors: 0, warnings: 0
	module work.CKMUX2D4BWP30P140:v
		errors: 0, warnings: 0
	module work.CKND0BWP30P140:v
		errors: 0, warnings: 0
	module work.CKND12BWP30P140:v
		errors: 0, warnings: 0
	module work.CKND16BWP30P140:v
		errors: 0, warnings: 0
	module work.CKND1BWP30P140:v
		errors: 0, warnings: 0
	module work.CKND20BWP30P140:v
		errors: 0, warnings: 0
	module work.CKND24BWP30P140:v
		errors: 0, warnings: 0
	module work.CKND2BWP30P140:v
		errors: 0, warnings: 0
	module work.CKND2D0BWP30P140:v
		errors: 0, warnings: 0
	module work.CKND2D1BWP30P140:v
		errors: 0, warnings: 0
	module work.CKND2D2BWP30P140:v
		errors: 0, warnings: 0
	module work.CKND2D3BWP30P140:v
		errors: 0, warnings: 0
	module work.CKND2D4BWP30P140:v
		errors: 0, warnings: 0
	module work.CKND2D8BWP30P140:v
		errors: 0, warnings: 0
	module work.CKND3BWP30P140:v
		errors: 0, warnings: 0
	module work.CKND4BWP30P140:v
		errors: 0, warnings: 0
	module work.CKND6BWP30P140:v
		errors: 0, warnings: 0
	module work.CKND8BWP30P140:v
		errors: 0, warnings: 0
	module work.CKXOR2D0BWP30P140:v
		errors: 0, warnings: 0
	module work.CKXOR2D1BWP30P140:v
		errors: 0, warnings: 0
	module work.CKXOR2D2BWP30P140:v
		errors: 0, warnings: 0
	module work.CKXOR2D4BWP30P140:v
		errors: 0, warnings: 0
	module work.DCAP16BWP30P140:v
		errors: 0, warnings: 0
	module work.DCAP32BWP30P140:v
		errors: 0, warnings: 0
	module work.DCAP4BWP30P140:v
		errors: 0, warnings: 0
	module work.DCAP64BWP30P140:v
		errors: 0, warnings: 0
	module work.DCAP8BWP30P140:v
		errors: 0, warnings: 0
	module work.DCCKBD12BWP30P140:v
		errors: 0, warnings: 0
	module work.DCCKBD16BWP30P140:v
		errors: 0, warnings: 0
	module work.DCCKBD20BWP30P140:v
		errors: 0, warnings: 0
	module work.DCCKBD4BWP30P140:v
		errors: 0, warnings: 0
	module work.DCCKBD8BWP30P140:v
		errors: 0, warnings: 0
	module work.DCCKND12BWP30P140:v
		errors: 0, warnings: 0
	module work.DCCKND16BWP30P140:v
		errors: 0, warnings: 0
	module work.DCCKND20BWP30P140:v
		errors: 0, warnings: 0
	module work.DCCKND4BWP30P140:v
		errors: 0, warnings: 0
	module work.DCCKND8BWP30P140:v
		errors: 0, warnings: 0
	module work.DEL025D1BWP30P140:v
		errors: 0, warnings: 0
	module work.DEL050MD1BWP30P140:v
		errors: 0, warnings: 0
	module work.DEL075MD1BWP30P140:v
		errors: 0, warnings: 0
	module work.DEL100MD1BWP30P140:v
		errors: 0, warnings: 0
	module work.DEL150MD1BWP30P140:v
		errors: 0, warnings: 0
	module work.DEL200MD1BWP30P140:v
		errors: 0, warnings: 0
	module work.DEL250MD1BWP30P140:v
		errors: 0, warnings: 0
	module work.DFCND1BWP30P140:v
		errors: 0, warnings: 0
	module work.DFCND2BWP30P140:v
		errors: 0, warnings: 0
	module work.DFCND4BWP30P140:v
		errors: 0, warnings: 0
	module work.DFCNQD1BWP30P140:v
		errors: 0, warnings: 0
	module work.DFCNQD2BWP30P140:v
		errors: 0, warnings: 0
	module work.DFCNQD4BWP30P140:v
		errors: 0, warnings: 0
	module work.DFCSND1BWP30P140:v
		errors: 0, warnings: 0
	module work.DFCSND2BWP30P140:v
		errors: 0, warnings: 0
	module work.DFCSND4BWP30P140:v
		errors: 0, warnings: 0
	module work.DFCSNQD1BWP30P140:v
		errors: 0, warnings: 0
	module work.DFCSNQD2BWP30P140:v
		errors: 0, warnings: 0
	module work.DFCSNQD4BWP30P140:v
		errors: 0, warnings: 0
	module work.DFD1BWP30P140:v
		errors: 0, warnings: 0
	module work.DFD2BWP30P140:v
		errors: 0, warnings: 0
	module work.DFD4BWP30P140:v
		errors: 0, warnings: 0
	module work.DFKCND1BWP30P140:v
		errors: 0, warnings: 0
	module work.DFKCND2BWP30P140:v
		errors: 0, warnings: 0
	module work.DFKCND4BWP30P140:v
		errors: 0, warnings: 0
	module work.DFKCNQD1BWP30P140:v
		errors: 0, warnings: 0
	module work.DFKCNQD2BWP30P140:v
		errors: 0, warnings: 0
	module work.DFKCNQD4BWP30P140:v
		errors: 0, warnings: 0
	module work.DFKCSND1BWP30P140:v
		errors: 0, warnings: 0
	module work.DFKCSND2BWP30P140:v
		errors: 0, warnings: 0
	module work.DFKCSND4BWP30P140:v
		errors: 0, warnings: 0
	module work.DFKSND1BWP30P140:v
		errors: 0, warnings: 0
	module work.DFKSND2BWP30P140:v
		errors: 0, warnings: 0
	module work.DFKSND4BWP30P140:v
		errors: 0, warnings: 0
	module work.DFMD1BWP30P140:v
		errors: 0, warnings: 0
	module work.DFMD2BWP30P140:v
		errors: 0, warnings: 0
	module work.DFMD4BWP30P140:v
		errors: 0, warnings: 0
	module work.DFMQD1BWP30P140:v
		errors: 0, warnings: 0
	module work.DFMQD2BWP30P140:v
		errors: 0, warnings: 0
	module work.DFMQD4BWP30P140:v
		errors: 0, warnings: 0
	module work.DFNCND1BWP30P140:v
		errors: 0, warnings: 0
	module work.DFNCND2BWP30P140:v
		errors: 0, warnings: 0
	module work.DFNCND4BWP30P140:v
		errors: 0, warnings: 0
	module work.DFNCSND1BWP30P140:v
		errors: 0, warnings: 0
	module work.DFNCSND2BWP30P140:v
		errors: 0, warnings: 0
	module work.DFNCSND4BWP30P140:v
		errors: 0, warnings: 0
	module work.DFND1BWP30P140:v
		errors: 0, warnings: 0
	module work.DFND2BWP30P140:v
		errors: 0, warnings: 0
	module work.DFND4BWP30P140:v
		errors: 0, warnings: 0
	module work.DFNSND1BWP30P140:v
		errors: 0, warnings: 0
	module work.DFNSND2BWP30P140:v
		errors: 0, warnings: 0
	module work.DFNSND4BWP30P140:v
		errors: 0, warnings: 0
	module work.DFQD1BWP30P140:v
		errors: 0, warnings: 0
	module work.DFQD2BWP30P140:v
		errors: 0, warnings: 0
	module work.DFQD4BWP30P140:v
		errors: 0, warnings: 0
	module work.DFSND1BWP30P140:v
		errors: 0, warnings: 0
	module work.DFSND2BWP30P140:v
		errors: 0, warnings: 0
	module work.DFSND4BWP30P140:v
		errors: 0, warnings: 0
	module work.DFSNQD1BWP30P140:v
		errors: 0, warnings: 0
	module work.DFSNQD2BWP30P140:v
		errors: 0, warnings: 0
	module work.DFSNQD4BWP30P140:v
		errors: 0, warnings: 0
	module work.EDFCND1BWP30P140:v
		errors: 0, warnings: 0
	module work.EDFCND2BWP30P140:v
		errors: 0, warnings: 0
	module work.EDFCND4BWP30P140:v
		errors: 0, warnings: 0
	module work.EDFCNQD1BWP30P140:v
		errors: 0, warnings: 0
	module work.EDFCNQD2BWP30P140:v
		errors: 0, warnings: 0
	module work.EDFCNQD4BWP30P140:v
		errors: 0, warnings: 0
	module work.EDFD1BWP30P140:v
		errors: 0, warnings: 0
	module work.EDFD2BWP30P140:v
		errors: 0, warnings: 0
	module work.EDFD4BWP30P140:v
		errors: 0, warnings: 0
	module work.EDFQD1BWP30P140:v
		errors: 0, warnings: 0
	module work.EDFQD2BWP30P140:v
		errors: 0, warnings: 0
	module work.EDFQD4BWP30P140:v
		errors: 0, warnings: 0
	module work.FA1D0BWP30P140:v
		errors: 0, warnings: 0
	module work.FA1D1BWP30P140:v
		errors: 0, warnings: 0
	module work.FA1D2BWP30P140:v
		errors: 0, warnings: 0
	module work.FA1D4BWP30P140:v
		errors: 0, warnings: 0
	module work.FA1OPTCD1BWP30P140:v
		errors: 0, warnings: 0
	module work.FA1OPTCD2BWP30P140:v
		errors: 0, warnings: 0
	module work.FA1OPTSD1BWP30P140:v
		errors: 0, warnings: 0
	module work.FA1OPTSD2BWP30P140:v
		errors: 0, warnings: 0
	module work.FILL16BWP30P140:v
		errors: 0, warnings: 0
	module work.FILL2BWP30P140:v
		errors: 0, warnings: 0
	module work.FILL32BWP30P140:v
		errors: 0, warnings: 0
	module work.FILL3BWP30P140:v
		errors: 0, warnings: 0
	module work.FILL4BWP30P140:v
		errors: 0, warnings: 0
	module work.FILL64BWP30P140:v
		errors: 0, warnings: 0
	module work.FILL8BWP30P140:v
		errors: 0, warnings: 0
	module work.GAN2D1BWP30P140:v
		errors: 0, warnings: 0
	module work.GAN2D2BWP30P140:v
		errors: 0, warnings: 0
	module work.GAN2MCOD1BWP30P140:v
		errors: 0, warnings: 0
	module work.GAN2MCOD2BWP30P140:v
		errors: 0, warnings: 0
	module work.GAOI21D1BWP30P140:v
		errors: 0, warnings: 0
	module work.GAOI21D2BWP30P140:v
		errors: 0, warnings: 0
	module work.GAOI21MCOD1BWP30P140:v
		errors: 0, warnings: 0
	module work.GAOI21MCOD2BWP30P140:v
		errors: 0, warnings: 0
	module work.GAOI22D1BWP30P140:v
		errors: 0, warnings: 0
	module work.GAOI22MCOD1BWP30P140:v
		errors: 0, warnings: 0
	module work.GBUFFD1BWP30P140:v
		errors: 0, warnings: 0
	module work.GBUFFD2BWP30P140:v
		errors: 0, warnings: 0
	module work.GBUFFD3BWP30P140:v
		errors: 0, warnings: 0
	module work.GBUFFD4BWP30P140:v
		errors: 0, warnings: 0
	module work.GBUFFD8BWP30P140:v
		errors: 0, warnings: 0
	module work.GBUFFMCOD1BWP30P140:v
		errors: 0, warnings: 0
	module work.GBUFFMCOD2BWP30P140:v
		errors: 0, warnings: 0
	module work.GBUFFMCOD3BWP30P140:v
		errors: 0, warnings: 0
	module work.GBUFFMCOD4BWP30P140:v
		errors: 0, warnings: 0
	module work.GBUFFMCOD8BWP30P140:v
		errors: 0, warnings: 0
	module work.GDCAP10BWP30P140:v
		errors: 0, warnings: 0
	module work.GDCAP10MCOBWP30P140:v
		errors: 0, warnings: 0
	module work.GDCAP12BWP30P140:v
		errors: 0, warnings: 0
	module work.GDCAP12MCOBWP30P140:v
		errors: 0, warnings: 0
	module work.GDCAP2BWP30P140:v
		errors: 0, warnings: 0
	module work.GDCAP2MCOBWP30P140:v
		errors: 0, warnings: 0
	module work.GDCAP3BWP30P140:v
		errors: 0, warnings: 0
	module work.GDCAP3MCOBWP30P140:v
		errors: 0, warnings: 0
	module work.GDCAP4BWP30P140:v
		errors: 0, warnings: 0
	module work.GDCAP4MCOBWP30P140:v
		errors: 0, warnings: 0
	module work.GDCAPBWP30P140:v
		errors: 0, warnings: 0
	module work.GDCAPMCOBWP30P140:v
		errors: 0, warnings: 0
	module work.GDFCNQD1BWP30P140:v
		errors: 0, warnings: 0
	module work.GDFCNQMCOD1BWP30P140:v
		errors: 0, warnings: 0
	module work.GDFQD1BWP30P140:v
		errors: 0, warnings: 0
	module work.GDFQMCOD1BWP30P140:v
		errors: 0, warnings: 0
	module work.GFILL10BWP30P140:v
		errors: 0, warnings: 0
	module work.GFILL10MCOBWP30P140:v
		errors: 0, warnings: 0
	module work.GFILL12BWP30P140:v
		errors: 0, warnings: 0
	module work.GFILL12MCOBWP30P140:v
		errors: 0, warnings: 0
	module work.GFILL2BWP30P140:v
		errors: 0, warnings: 0
	module work.GFILL2MCOBWP30P140:v
		errors: 0, warnings: 0
	module work.GFILL3BWP30P140:v
		errors: 0, warnings: 0
	module work.GFILL3MCOBWP30P140:v
		errors: 0, warnings: 0
	module work.GFILL4BWP30P140:v
		errors: 0, warnings: 0
	module work.GFILL4MCOBWP30P140:v
		errors: 0, warnings: 0
	module work.GFILLBWP30P140:v
		errors: 0, warnings: 0
	module work.GFILLMCOBWP30P140:v
		errors: 0, warnings: 0
	module work.GINVD1BWP30P140:v
		errors: 0, warnings: 0
	module work.GINVD2BWP30P140:v
		errors: 0, warnings: 0
	module work.GINVD3BWP30P140:v
		errors: 0, warnings: 0
	module work.GINVD4BWP30P140:v
		errors: 0, warnings: 0
	module work.GINVD8BWP30P140:v
		errors: 0, warnings: 0
	module work.GINVMCOD1BWP30P140:v
		errors: 0, warnings: 0
	module work.GINVMCOD2BWP30P140:v
		errors: 0, warnings: 0
	module work.GINVMCOD3BWP30P140:v
		errors: 0, warnings: 0
	module work.GINVMCOD4BWP30P140:v
		errors: 0, warnings: 0
	module work.GINVMCOD8BWP30P140:v
		errors: 0, warnings: 0
	module work.GMUX2D1BWP30P140:v
		errors: 0, warnings: 0
	module work.GMUX2D2BWP30P140:v
		errors: 0, warnings: 0
	module work.GMUX2MCOD1BWP30P140:v
		errors: 0, warnings: 0
	module work.GMUX2MCOD2BWP30P140:v
		errors: 0, warnings: 0
	module work.GMUX2ND1BWP30P140:v
		errors: 0, warnings: 0
	module work.GMUX2ND2BWP30P140:v
		errors: 0, warnings: 0
	module work.GMUX2NMCOD1BWP30P140:v
		errors: 0, warnings: 0
	module work.GMUX2NMCOD2BWP30P140:v
		errors: 0, warnings: 0
	module work.GND2D1BWP30P140:v
		errors: 0, warnings: 0
	module work.GND2D2BWP30P140:v
		errors: 0, warnings: 0
	module work.GND2D3BWP30P140:v
		errors: 0, warnings: 0
	module work.GND2D4BWP30P140:v
		errors: 0, warnings: 0
	module work.GND2MCOD1BWP30P140:v
		errors: 0, warnings: 0
	module work.GND2MCOD2BWP30P140:v
		errors: 0, warnings: 0
	module work.GND2MCOD3BWP30P140:v
		errors: 0, warnings: 0
	module work.GND2MCOD4BWP30P140:v
		errors: 0, warnings: 0
	module work.GND3D1BWP30P140:v
		errors: 0, warnings: 0
	module work.GND3D2BWP30P140:v
		errors: 0, warnings: 0
	module work.GND3MCOD1BWP30P140:v
		errors: 0, warnings: 0
	module work.GND3MCOD2BWP30P140:v
		errors: 0, warnings: 0
	module work.GNR2D1BWP30P140:v
		errors: 0, warnings: 0
	module work.GNR2D2BWP30P140:v
		errors: 0, warnings: 0
	module work.GNR2MCOD1BWP30P140:v
		errors: 0, warnings: 0
	module work.GNR2MCOD2BWP30P140:v
		errors: 0, warnings: 0
	module work.GNR3D1BWP30P140:v
		errors: 0, warnings: 0
	module work.GNR3D2BWP30P140:v
		errors: 0, warnings: 0
	module work.GNR3MCOD1BWP30P140:v
		errors: 0, warnings: 0
	module work.GNR3MCOD2BWP30P140:v
		errors: 0, warnings: 0
	module work.GOAI21D1BWP30P140:v
		errors: 0, warnings: 0
	module work.GOAI21D2BWP30P140:v
		errors: 0, warnings: 0
	module work.GOAI21MCOD1BWP30P140:v
		errors: 0, warnings: 0
	module work.GOAI21MCOD2BWP30P140:v
		errors: 0, warnings: 0
	module work.GOR2D1BWP30P140:v
		errors: 0, warnings: 0
	module work.GOR2D2BWP30P140:v
		errors: 0, warnings: 0
	module work.GOR2MCOD1BWP30P140:v
		errors: 0, warnings: 0
	module work.GOR2MCOD2BWP30P140:v
		errors: 0, warnings: 0
	module work.GSDFCNQD1BWP30P140:v
		errors: 0, warnings: 0
	module work.GSDFCNQMCOD1BWP30P140:v
		errors: 0, warnings: 0
	module work.GTIEHBWP30P140:v
		errors: 0, warnings: 0
	module work.GTIEHMCOBWP30P140:v
		errors: 0, warnings: 0
	module work.GTIELBWP30P140:v
		errors: 0, warnings: 0
	module work.GTIELMCOBWP30P140:v
		errors: 0, warnings: 0
	module work.GXNR2D1BWP30P140:v
		errors: 0, warnings: 0
	module work.GXNR2D2BWP30P140:v
		errors: 0, warnings: 0
	module work.GXNR2MCOD1BWP30P140:v
		errors: 0, warnings: 0
	module work.GXNR2MCOD2BWP30P140:v
		errors: 0, warnings: 0
	module work.GXOR2D1BWP30P140:v
		errors: 0, warnings: 0
	module work.GXOR2D2BWP30P140:v
		errors: 0, warnings: 0
	module work.GXOR2MCOD1BWP30P140:v
		errors: 0, warnings: 0
	module work.GXOR2MCOD2BWP30P140:v
		errors: 0, warnings: 0
	module work.HA1D0BWP30P140:v
		errors: 0, warnings: 0
	module work.HA1D1BWP30P140:v
		errors: 0, warnings: 0
	module work.HA1D2BWP30P140:v
		errors: 0, warnings: 0
	module work.HA1D4BWP30P140:v
		errors: 0, warnings: 0
	module work.IAO21D0BWP30P140:v
		errors: 0, warnings: 0
	module work.IAO21D1BWP30P140:v
		errors: 0, warnings: 0
	module work.IAO21D2BWP30P140:v
		errors: 0, warnings: 0
	module work.IAO21D4BWP30P140:v
		errors: 0, warnings: 0
	module work.IAO22D0BWP30P140:v
		errors: 0, warnings: 0
	module work.IAO22D1BWP30P140:v
		errors: 0, warnings: 0
	module work.IAO22D2BWP30P140:v
		errors: 0, warnings: 0
	module work.IAO22D4BWP30P140:v
		errors: 0, warnings: 0
	module work.IND2D0BWP30P140:v
		errors: 0, warnings: 0
	module work.IND2D16BWP30P140:v
		errors: 0, warnings: 0
	module work.IND2D1BWP30P140:v
		errors: 0, warnings: 0
	module work.IND2D2BWP30P140:v
		errors: 0, warnings: 0
	module work.IND2D4BWP30P140:v
		errors: 0, warnings: 0
	module work.IND2D6BWP30P140:v
		errors: 0, warnings: 0
	module work.IND2D8BWP30P140:v
		errors: 0, warnings: 0
	module work.IND3D0BWP30P140:v
		errors: 0, warnings: 0
	module work.IND3D16BWP30P140:v
		errors: 0, warnings: 0
	module work.IND3D1BWP30P140:v
		errors: 0, warnings: 0
	module work.IND3D2BWP30P140:v
		errors: 0, warnings: 0
	module work.IND3D4BWP30P140:v
		errors: 0, warnings: 0
	module work.IND3D6BWP30P140:v
		errors: 0, warnings: 0
	module work.IND3D8BWP30P140:v
		errors: 0, warnings: 0
	module work.IND4D0BWP30P140:v
		errors: 0, warnings: 0
	module work.IND4D1BWP30P140:v
		errors: 0, warnings: 0
	module work.IND4D2BWP30P140:v
		errors: 0, warnings: 0
	module work.IND4D4BWP30P140:v
		errors: 0, warnings: 0
	module work.INR2D0BWP30P140:v
		errors: 0, warnings: 0
	module work.INR2D16BWP30P140:v
		errors: 0, warnings: 0
	module work.INR2D1BWP30P140:v
		errors: 0, warnings: 0
	module work.INR2D2BWP30P140:v
		errors: 0, warnings: 0
	module work.INR2D4BWP30P140:v
		errors: 0, warnings: 0
	module work.INR2D6BWP30P140:v
		errors: 0, warnings: 0
	module work.INR2D8BWP30P140:v
		errors: 0, warnings: 0
	module work.INR3D0BWP30P140:v
		errors: 0, warnings: 0
	module work.INR3D16BWP30P140:v
		errors: 0, warnings: 0
	module work.INR3D1BWP30P140:v
		errors: 0, warnings: 0
	module work.INR3D2BWP30P140:v
		errors: 0, warnings: 0
	module work.INR3D4BWP30P140:v
		errors: 0, warnings: 0
	module work.INR3D6BWP30P140:v
		errors: 0, warnings: 0
	module work.INR3D8BWP30P140:v
		errors: 0, warnings: 0
	module work.INR4D0BWP30P140:v
		errors: 0, warnings: 0
	module work.INR4D1BWP30P140:v
		errors: 0, warnings: 0
	module work.INR4D2BWP30P140:v
		errors: 0, warnings: 0
	module work.INR4D4BWP30P140:v
		errors: 0, warnings: 0
	module work.INVD0BWP30P140:v
		errors: 0, warnings: 0
	module work.INVD0P7BWP30P140:v
		errors: 0, warnings: 0
	module work.INVD12BWP30P140:v
		errors: 0, warnings: 0
	module work.INVD15BWP30P140:v
		errors: 0, warnings: 0
	module work.INVD16BWP30P140:v
		errors: 0, warnings: 0
	module work.INVD18BWP30P140:v
		errors: 0, warnings: 0
	module work.INVD1BWP30P140:v
		errors: 0, warnings: 0
	module work.INVD1P5BWP30P140:v
		errors: 0, warnings: 0
	module work.INVD20BWP30P140:v
		errors: 0, warnings: 0
	module work.INVD21BWP30P140:v
		errors: 0, warnings: 0
	module work.INVD24BWP30P140:v
		errors: 0, warnings: 0
	module work.INVD2BWP30P140:v
		errors: 0, warnings: 0
	module work.INVD32BWP30P140:v
		errors: 0, warnings: 0
	module work.INVD3BWP30P140:v
		errors: 0, warnings: 0
	module work.INVD4BWP30P140:v
		errors: 0, warnings: 0
	module work.INVD6BWP30P140:v
		errors: 0, warnings: 0
	module work.INVD8BWP30P140:v
		errors: 0, warnings: 0
	module work.INVD9BWP30P140:v
		errors: 0, warnings: 0
	module work.IOA21D0BWP30P140:v
		errors: 0, warnings: 0
	module work.IOA21D1BWP30P140:v
		errors: 0, warnings: 0
	module work.IOA21D2BWP30P140:v
		errors: 0, warnings: 0
	module work.IOA21D4BWP30P140:v
		errors: 0, warnings: 0
	module work.IOA22D0BWP30P140:v
		errors: 0, warnings: 0
	module work.IOA22D1BWP30P140:v
		errors: 0, warnings: 0
	module work.IOA22D2BWP30P140:v
		errors: 0, warnings: 0
	module work.IOA22D4BWP30P140:v
		errors: 0, warnings: 0
	module work.LHCNDD1BWP30P140:v
		errors: 0, warnings: 0
	module work.LHCNDD2BWP30P140:v
		errors: 0, warnings: 0
	module work.LHCNDD4BWP30P140:v
		errors: 0, warnings: 0
	module work.LHCNDQD1BWP30P140:v
		errors: 0, warnings: 0
	module work.LHCNDQD2BWP30P140:v
		errors: 0, warnings: 0
	module work.LHCNDQD4BWP30P140:v
		errors: 0, warnings: 0
	module work.LHCSNDD1BWP30P140:v
		errors: 0, warnings: 0
	module work.LHCSNDD2BWP30P140:v
		errors: 0, warnings: 0
	module work.LHCSNDD4BWP30P140:v
		errors: 0, warnings: 0
	module work.LHCSNDQD1BWP30P140:v
		errors: 0, warnings: 0
	module work.LHCSNDQD2BWP30P140:v
		errors: 0, warnings: 0
	module work.LHCSNDQD4BWP30P140:v
		errors: 0, warnings: 0
	module work.LHD1BWP30P140:v
		errors: 0, warnings: 0
	module work.LHD2BWP30P140:v
		errors: 0, warnings: 0
	module work.LHD4BWP30P140:v
		errors: 0, warnings: 0
	module work.LHQD1BWP30P140:v
		errors: 0, warnings: 0
	module work.LHQD2BWP30P140:v
		errors: 0, warnings: 0
	module work.LHQD4BWP30P140:v
		errors: 0, warnings: 0
	module work.LHQOPTDAD1BWP30P140:v
		errors: 0, warnings: 0
	module work.LHQOPTDAD2BWP30P140:v
		errors: 0, warnings: 0
	module work.LHQOPTDAD4BWP30P140:v
		errors: 0, warnings: 0
	module work.LHQOPTDAD8BWP30P140:v
		errors: 0, warnings: 0
	module work.LHSNDD1BWP30P140:v
		errors: 0, warnings: 0
	module work.LHSNDD2BWP30P140:v
		errors: 0, warnings: 0
	module work.LHSNDD4BWP30P140:v
		errors: 0, warnings: 0
	module work.LHSNDQD1BWP30P140:v
		errors: 0, warnings: 0
	module work.LHSNDQD2BWP30P140:v
		errors: 0, warnings: 0
	module work.LHSNDQD4BWP30P140:v
		errors: 0, warnings: 0
	module work.LNCNDD1BWP30P140:v
		errors: 0, warnings: 0
	module work.LNCNDD2BWP30P140:v
		errors: 0, warnings: 0
	module work.LNCNDD4BWP30P140:v
		errors: 0, warnings: 0
	module work.LNCNDQD1BWP30P140:v
		errors: 0, warnings: 0
	module work.LNCNDQD2BWP30P140:v
		errors: 0, warnings: 0
	module work.LNCNDQD4BWP30P140:v
		errors: 0, warnings: 0
	module work.LNCSNDD1BWP30P140:v
		errors: 0, warnings: 0
	module work.LNCSNDD2BWP30P140:v
		errors: 0, warnings: 0
	module work.LNCSNDD4BWP30P140:v
		errors: 0, warnings: 0
	module work.LNCSNDQD1BWP30P140:v
		errors: 0, warnings: 0
	module work.LNCSNDQD2BWP30P140:v
		errors: 0, warnings: 0
	module work.LNCSNDQD4BWP30P140:v
		errors: 0, warnings: 0
	module work.LND1BWP30P140:v
		errors: 0, warnings: 0
	module work.LND2BWP30P140:v
		errors: 0, warnings: 0
	module work.LND4BWP30P140:v
		errors: 0, warnings: 0
	module work.LNQD1BWP30P140:v
		errors: 0, warnings: 0
	module work.LNQD2BWP30P140:v
		errors: 0, warnings: 0
	module work.LNQD4BWP30P140:v
		errors: 0, warnings: 0
	module work.LNSNDD1BWP30P140:v
		errors: 0, warnings: 0
	module work.LNSNDD2BWP30P140:v
		errors: 0, warnings: 0
	module work.LNSNDD4BWP30P140:v
		errors: 0, warnings: 0
	module work.LNSNDQD1BWP30P140:v
		errors: 0, warnings: 0
	module work.LNSNDQD2BWP30P140:v
		errors: 0, warnings: 0
	module work.LNSNDQD4BWP30P140:v
		errors: 0, warnings: 0
	module work.MAOI222D0BWP30P140:v
		errors: 0, warnings: 0
	module work.MAOI222D1BWP30P140:v
		errors: 0, warnings: 0
	module work.MAOI222D2BWP30P140:v
		errors: 0, warnings: 0
	module work.MAOI222D4BWP30P140:v
		errors: 0, warnings: 0
	module work.MAOI22D0BWP30P140:v
		errors: 0, warnings: 0
	module work.MAOI22D1BWP30P140:v
		errors: 0, warnings: 0
	module work.MAOI22D2BWP30P140:v
		errors: 0, warnings: 0
	module work.MAOI22D4BWP30P140:v
		errors: 0, warnings: 0
	module work.MOAI22D0BWP30P140:v
		errors: 0, warnings: 0
	module work.MOAI22D1BWP30P140:v
		errors: 0, warnings: 0
	module work.MOAI22D2BWP30P140:v
		errors: 0, warnings: 0
	module work.MOAI22D4BWP30P140:v
		errors: 0, warnings: 0
	module work.MUX2D0BWP30P140:v
		errors: 0, warnings: 0
	module work.MUX2D1BWP30P140:v
		errors: 0, warnings: 0
	module work.MUX2D2BWP30P140:v
		errors: 0, warnings: 0
	module work.MUX2D4BWP30P140:v
		errors: 0, warnings: 0
	module work.MUX2ND0BWP30P140:v
		errors: 0, warnings: 0
	module work.MUX2ND1BWP30P140:v
		errors: 0, warnings: 0
	module work.MUX2ND2BWP30P140:v
		errors: 0, warnings: 0
	module work.MUX2ND4BWP30P140:v
		errors: 0, warnings: 0
	module work.MUX2NOPTD2BWP30P140:v
		errors: 0, warnings: 0
	module work.MUX2NOPTD4BWP30P140:v
		errors: 0, warnings: 0
	module work.MUX2NOPTD6BWP30P140:v
		errors: 0, warnings: 0
	module work.MUX2NOPTD8BWP30P140:v
		errors: 0, warnings: 0
	module work.MUX2NUD1BWP30P140:v
		errors: 0, warnings: 0
	module work.MUX2OPTD12BWP30P140:v
		errors: 0, warnings: 0
	module work.MUX2OPTD2BWP30P140:v
		errors: 0, warnings: 0
	module work.MUX2OPTD4BWP30P140:v
		errors: 0, warnings: 0
	module work.MUX2OPTD6BWP30P140:v
		errors: 0, warnings: 0
	module work.MUX2OPTD8BWP30P140:v
		errors: 0, warnings: 0
	module work.MUX3D0BWP30P140:v
		errors: 0, warnings: 0
	module work.MUX3D1BWP30P140:v
		errors: 0, warnings: 0
	module work.MUX3D2BWP30P140:v
		errors: 0, warnings: 0
	module work.MUX3D4BWP30P140:v
		errors: 0, warnings: 0
	module work.MUX3ND0BWP30P140:v
		errors: 0, warnings: 0
	module work.MUX3ND1BWP30P140:v
		errors: 0, warnings: 0
	module work.MUX3ND2BWP30P140:v
		errors: 0, warnings: 0
	module work.MUX3ND4BWP30P140:v
		errors: 0, warnings: 0
	module work.MUX3NUD1BWP30P140:v
		errors: 0, warnings: 0
	module work.MUX4D0BWP30P140:v
		errors: 0, warnings: 0
	module work.MUX4D1BWP30P140:v
		errors: 0, warnings: 0
	module work.MUX4D2BWP30P140:v
		errors: 0, warnings: 0
	module work.MUX4D4BWP30P140:v
		errors: 0, warnings: 0
	module work.MUX4ND0BWP30P140:v
		errors: 0, warnings: 0
	module work.MUX4ND1BWP30P140:v
		errors: 0, warnings: 0
	module work.MUX4ND2BWP30P140:v
		errors: 0, warnings: 0
	module work.MUX4ND4BWP30P140:v
		errors: 0, warnings: 0
	module work.ND2D0BWP30P140:v
		errors: 0, warnings: 0
	module work.ND2D0P7BWP30P140:v
		errors: 0, warnings: 0
	module work.ND2D16BWP30P140:v
		errors: 0, warnings: 0
	module work.ND2D1BWP30P140:v
		errors: 0, warnings: 0
	module work.ND2D1P5BWP30P140:v
		errors: 0, warnings: 0
	module work.ND2D2BWP30P140:v
		errors: 0, warnings: 0
	module work.ND2D3BWP30P140:v
		errors: 0, warnings: 0
	module work.ND2D4BWP30P140:v
		errors: 0, warnings: 0
	module work.ND2D6BWP30P140:v
		errors: 0, warnings: 0
	module work.ND2D8BWP30P140:v
		errors: 0, warnings: 0
	module work.ND2OPTD12BWP30P140:v
		errors: 0, warnings: 0
	module work.ND2OPTD20BWP30P140:v
		errors: 0, warnings: 0
	module work.ND2OPTD6BWP30P140:v
		errors: 0, warnings: 0
	module work.ND2OPTIBD12BWP30P140:v
		errors: 0, warnings: 0
	module work.ND2OPTIBD16BWP30P140:v
		errors: 0, warnings: 0
	module work.ND2OPTIBD1BWP30P140:v
		errors: 0, warnings: 0
	module work.ND2OPTIBD20BWP30P140:v
		errors: 0, warnings: 0
	module work.ND2OPTIBD24BWP30P140:v
		errors: 0, warnings: 0
	module work.ND2OPTIBD2BWP30P140:v
		errors: 0, warnings: 0
	module work.ND2OPTIBD4BWP30P140:v
		errors: 0, warnings: 0
	module work.ND2OPTIBD6BWP30P140:v
		errors: 0, warnings: 0
	module work.ND2OPTIBD8BWP30P140:v
		errors: 0, warnings: 0
	module work.ND2OPTPAD12BWP30P140:v
		errors: 0, warnings: 0
	module work.ND2OPTPAD16BWP30P140:v
		errors: 0, warnings: 0
	module work.ND2OPTPAD1BWP30P140:v
		errors: 0, warnings: 0
	module work.ND2OPTPAD20BWP30P140:v
		errors: 0, warnings: 0
	module work.ND2OPTPAD2BWP30P140:v
		errors: 0, warnings: 0
	module work.ND2OPTPAD4BWP30P140:v
		errors: 0, warnings: 0
	module work.ND2OPTPAD6BWP30P140:v
		errors: 0, warnings: 0
	module work.ND2OPTPAD8BWP30P140:v
		errors: 0, warnings: 0
	module work.ND3D0BWP30P140:v
		errors: 0, warnings: 0
	module work.ND3D0P7BWP30P140:v
		errors: 0, warnings: 0
	module work.ND3D16BWP30P140:v
		errors: 0, warnings: 0
	module work.ND3D1BWP30P140:v
		errors: 0, warnings: 0
	module work.ND3D1P5BWP30P140:v
		errors: 0, warnings: 0
	module work.ND3D2BWP30P140:v
		errors: 0, warnings: 0
	module work.ND3D3BWP30P140:v
		errors: 0, warnings: 0
	module work.ND3D4BWP30P140:v
		errors: 0, warnings: 0
	module work.ND3D6BWP30P140:v
		errors: 0, warnings: 0
	module work.ND3D8BWP30P140:v
		errors: 0, warnings: 0
	module work.ND3OPTD12BWP30P140:v
		errors: 0, warnings: 0
	module work.ND3OPTD6BWP30P140:v
		errors: 0, warnings: 0
	module work.ND3OPTPAD12BWP30P140:v
		errors: 0, warnings: 0
	module work.ND3OPTPAD16BWP30P140:v
		errors: 0, warnings: 0
	module work.ND3OPTPAD1BWP30P140:v
		errors: 0, warnings: 0
	module work.ND3OPTPAD2BWP30P140:v
		errors: 0, warnings: 0
	module work.ND3OPTPAD4BWP30P140:v
		errors: 0, warnings: 0
	module work.ND3OPTPAD6BWP30P140:v
		errors: 0, warnings: 0
	module work.ND3OPTPAD8BWP30P140:v
		errors: 0, warnings: 0
	module work.ND4D0BWP30P140:v
		errors: 0, warnings: 0
	module work.ND4D1BWP30P140:v
		errors: 0, warnings: 0
	module work.ND4D2BWP30P140:v
		errors: 0, warnings: 0
	module work.ND4D3BWP30P140:v
		errors: 0, warnings: 0
	module work.ND4D4BWP30P140:v
		errors: 0, warnings: 0
	module work.ND4D8BWP30P140:v
		errors: 0, warnings: 0
	module work.NR2D0BWP30P140:v
		errors: 0, warnings: 0
	module work.NR2D0P7BWP30P140:v
		errors: 0, warnings: 0
	module work.NR2D16BWP30P140:v
		errors: 0, warnings: 0
	module work.NR2D1BWP30P140:v
		errors: 0, warnings: 0
	module work.NR2D1P5BWP30P140:v
		errors: 0, warnings: 0
	module work.NR2D2BWP30P140:v
		errors: 0, warnings: 0
	module work.NR2D3BWP30P140:v
		errors: 0, warnings: 0
	module work.NR2D4BWP30P140:v
		errors: 0, warnings: 0
	module work.NR2D6BWP30P140:v
		errors: 0, warnings: 0
	module work.NR2D8BWP30P140:v
		errors: 0, warnings: 0
	module work.NR2OPTD12BWP30P140:v
		errors: 0, warnings: 0
	module work.NR2OPTD20BWP30P140:v
		errors: 0, warnings: 0
	module work.NR2OPTD6BWP30P140:v
		errors: 0, warnings: 0
	module work.NR2OPTIBD12BWP30P140:v
		errors: 0, warnings: 0
	module work.NR2OPTIBD16BWP30P140:v
		errors: 0, warnings: 0
	module work.NR2OPTIBD1BWP30P140:v
		errors: 0, warnings: 0
	module work.NR2OPTIBD20BWP30P140:v
		errors: 0, warnings: 0
	module work.NR2OPTIBD24BWP30P140:v
		errors: 0, warnings: 0
	module work.NR2OPTIBD2BWP30P140:v
		errors: 0, warnings: 0
	module work.NR2OPTIBD4BWP30P140:v
		errors: 0, warnings: 0
	module work.NR2OPTIBD6BWP30P140:v
		errors: 0, warnings: 0
	module work.NR2OPTIBD8BWP30P140:v
		errors: 0, warnings: 0
	module work.NR2OPTPAD12BWP30P140:v
		errors: 0, warnings: 0
	module work.NR2OPTPAD16BWP30P140:v
		errors: 0, warnings: 0
	module work.NR2OPTPAD1BWP30P140:v
		errors: 0, warnings: 0
	module work.NR2OPTPAD20BWP30P140:v
		errors: 0, warnings: 0
	module work.NR2OPTPAD2BWP30P140:v
		errors: 0, warnings: 0
	module work.NR2OPTPAD4BWP30P140:v
		errors: 0, warnings: 0
	module work.NR2OPTPAD6BWP30P140:v
		errors: 0, warnings: 0
	module work.NR2OPTPAD8BWP30P140:v
		errors: 0, warnings: 0
	module work.NR3D0BWP30P140:v
		errors: 0, warnings: 0
	module work.NR3D0P7BWP30P140:v
		errors: 0, warnings: 0
	module work.NR3D16BWP30P140:v
		errors: 0, warnings: 0
	module work.NR3D1BWP30P140:v
		errors: 0, warnings: 0
	module work.NR3D1P5BWP30P140:v
		errors: 0, warnings: 0
	module work.NR3D2BWP30P140:v
		errors: 0, warnings: 0
	module work.NR3D3BWP30P140:v
		errors: 0, warnings: 0
	module work.NR3D4BWP30P140:v
		errors: 0, warnings: 0
	module work.NR3D6BWP30P140:v
		errors: 0, warnings: 0
	module work.NR3D8BWP30P140:v
		errors: 0, warnings: 0
	module work.NR3OPTD12BWP30P140:v
		errors: 0, warnings: 0
	module work.NR3OPTD6BWP30P140:v
		errors: 0, warnings: 0
	module work.NR3OPTPAD12BWP30P140:v
		errors: 0, warnings: 0
	module work.NR3OPTPAD16BWP30P140:v
		errors: 0, warnings: 0
	module work.NR3OPTPAD1BWP30P140:v
		errors: 0, warnings: 0
	module work.NR3OPTPAD2BWP30P140:v
		errors: 0, warnings: 0
	module work.NR3OPTPAD4BWP30P140:v
		errors: 0, warnings: 0
	module work.NR3OPTPAD6BWP30P140:v
		errors: 0, warnings: 0
	module work.NR3OPTPAD8BWP30P140:v
		errors: 0, warnings: 0
	module work.NR4D0BWP30P140:v
		errors: 0, warnings: 0
	module work.NR4D1BWP30P140:v
		errors: 0, warnings: 0
	module work.NR4D2BWP30P140:v
		errors: 0, warnings: 0
	module work.NR4D3BWP30P140:v
		errors: 0, warnings: 0
	module work.NR4D4BWP30P140:v
		errors: 0, warnings: 0
	module work.NR4D8BWP30P140:v
		errors: 0, warnings: 0
	module work.OA211D0BWP30P140:v
		errors: 0, warnings: 0
	module work.OA211D1BWP30P140:v
		errors: 0, warnings: 0
	module work.OA211D2BWP30P140:v
		errors: 0, warnings: 0
	module work.OA211D4BWP30P140:v
		errors: 0, warnings: 0
	module work.OA21D0BWP30P140:v
		errors: 0, warnings: 0
	module work.OA21D16BWP30P140:v
		errors: 0, warnings: 0
	module work.OA21D1BWP30P140:v
		errors: 0, warnings: 0
	module work.OA21D2BWP30P140:v
		errors: 0, warnings: 0
	module work.OA21D4BWP30P140:v
		errors: 0, warnings: 0
	module work.OA21D6BWP30P140:v
		errors: 0, warnings: 0
	module work.OA21D8BWP30P140:v
		errors: 0, warnings: 0
	module work.OA22D0BWP30P140:v
		errors: 0, warnings: 0
	module work.OA22D16BWP30P140:v
		errors: 0, warnings: 0
	module work.OA22D1BWP30P140:v
		errors: 0, warnings: 0
	module work.OA22D2BWP30P140:v
		errors: 0, warnings: 0
	module work.OA22D4BWP30P140:v
		errors: 0, warnings: 0
	module work.OA22D6BWP30P140:v
		errors: 0, warnings: 0
	module work.OA22D8BWP30P140:v
		errors: 0, warnings: 0
	module work.OAI211D0BWP30P140:v
		errors: 0, warnings: 0
	module work.OAI211D1BWP30P140:v
		errors: 0, warnings: 0
	module work.OAI211D2BWP30P140:v
		errors: 0, warnings: 0
	module work.OAI211D4BWP30P140:v
		errors: 0, warnings: 0
	module work.OAI211OPTD6BWP30P140:v
		errors: 0, warnings: 0
	module work.OAI211OPTD8BWP30P140:v
		errors: 0, warnings: 0
	module work.OAI211OPTREPBD12BWP30P140:v
		errors: 0, warnings: 0
	module work.OAI211OPTREPBD16BWP30P140:v
		errors: 0, warnings: 0
	module work.OAI211OPTREPBD1BWP30P140:v
		errors: 0, warnings: 0
	module work.OAI211OPTREPBD2BWP30P140:v
		errors: 0, warnings: 0
	module work.OAI211OPTREPBD4BWP30P140:v
		errors: 0, warnings: 0
	module work.OAI211OPTREPBD6BWP30P140:v
		errors: 0, warnings: 0
	module work.OAI211OPTREPBD8BWP30P140:v
		errors: 0, warnings: 0
	module work.OAI21D0BWP30P140:v
		errors: 0, warnings: 0
	module work.OAI21D0P7BWP30P140:v
		errors: 0, warnings: 0
	module work.OAI21D16BWP30P140:v
		errors: 0, warnings: 0
	module work.OAI21D1BWP30P140:v
		errors: 0, warnings: 0
	module work.OAI21D1P5BWP30P140:v
		errors: 0, warnings: 0
	module work.OAI21D2BWP30P140:v
		errors: 0, warnings: 0
	module work.OAI21D4BWP30P140:v
		errors: 0, warnings: 0
	module work.OAI21D6BWP30P140:v
		errors: 0, warnings: 0
	module work.OAI21D8BWP30P140:v
		errors: 0, warnings: 0
	module work.OAI21OPTREPBD12BWP30P140:v
		errors: 0, warnings: 0
	module work.OAI21OPTREPBD16BWP30P140:v
		errors: 0, warnings: 0
	module work.OAI21OPTREPBD1BWP30P140:v
		errors: 0, warnings: 0
	module work.OAI21OPTREPBD2BWP30P140:v
		errors: 0, warnings: 0
	module work.OAI21OPTREPBD4BWP30P140:v
		errors: 0, warnings: 0
	module work.OAI21OPTREPBD6BWP30P140:v
		errors: 0, warnings: 0
	module work.OAI21OPTREPBD8BWP30P140:v
		errors: 0, warnings: 0
	module work.OAI221D0BWP30P140:v
		errors: 0, warnings: 0
	module work.OAI221D1BWP30P140:v
		errors: 0, warnings: 0
	module work.OAI221D2BWP30P140:v
		errors: 0, warnings: 0
	module work.OAI221D4BWP30P140:v
		errors: 0, warnings: 0
	module work.OAI222D0BWP30P140:v
		errors: 0, warnings: 0
	module work.OAI222D1BWP30P140:v
		errors: 0, warnings: 0
	module work.OAI222D2BWP30P140:v
		errors: 0, warnings: 0
	module work.OAI222D4BWP30P140:v
		errors: 0, warnings: 0
	module work.OAI22D0BWP30P140:v
		errors: 0, warnings: 0
	module work.OAI22D0P7BWP30P140:v
		errors: 0, warnings: 0
	module work.OAI22D16BWP30P140:v
		errors: 0, warnings: 0
	module work.OAI22D1BWP30P140:v
		errors: 0, warnings: 0
	module work.OAI22D1P5BWP30P140:v
		errors: 0, warnings: 0
	module work.OAI22D2BWP30P140:v
		errors: 0, warnings: 0
	module work.OAI22D4BWP30P140:v
		errors: 0, warnings: 0
	module work.OAI22D6BWP30P140:v
		errors: 0, warnings: 0
	module work.OAI22D8BWP30P140:v
		errors: 0, warnings: 0
	module work.OAI22OPTPBD12BWP30P140:v
		errors: 0, warnings: 0
	module work.OAI22OPTPBD16BWP30P140:v
		errors: 0, warnings: 0
	module work.OAI22OPTPBD1BWP30P140:v
		errors: 0, warnings: 0
	module work.OAI22OPTPBD2BWP30P140:v
		errors: 0, warnings: 0
	module work.OAI22OPTPBD4BWP30P140:v
		errors: 0, warnings: 0
	module work.OAI22OPTPBD6BWP30P140:v
		errors: 0, warnings: 0
	module work.OAI22OPTPBD8BWP30P140:v
		errors: 0, warnings: 0
	module work.OAI31D0BWP30P140:v
		errors: 0, warnings: 0
	module work.OAI31D1BWP30P140:v
		errors: 0, warnings: 0
	module work.OAI31D2BWP30P140:v
		errors: 0, warnings: 0
	module work.OAI31D4BWP30P140:v
		errors: 0, warnings: 0
	module work.OAI32D0BWP30P140:v
		errors: 0, warnings: 0
	module work.OAI32D1BWP30P140:v
		errors: 0, warnings: 0
	module work.OAI32D2BWP30P140:v
		errors: 0, warnings: 0
	module work.OAI32D4BWP30P140:v
		errors: 0, warnings: 0
	module work.OAI33D0BWP30P140:v
		errors: 0, warnings: 0
	module work.OAI33D1BWP30P140:v
		errors: 0, warnings: 0
	module work.OAI33D2BWP30P140:v
		errors: 0, warnings: 0
	module work.OAI33D4BWP30P140:v
		errors: 0, warnings: 0
	module work.OD18DCAP16BWP30P140:v
		errors: 0, warnings: 0
	module work.OD18DCAP32BWP30P140:v
		errors: 0, warnings: 0
	module work.OD18DCAP64BWP30P140:v
		errors: 0, warnings: 0
	module work.OR2D0BWP30P140:v
		errors: 0, warnings: 0
	module work.OR2D16BWP30P140:v
		errors: 0, warnings: 0
	module work.OR2D1BWP30P140:v
		errors: 0, warnings: 0
	module work.OR2D2BWP30P140:v
		errors: 0, warnings: 0
	module work.OR2D4BWP30P140:v
		errors: 0, warnings: 0
	module work.OR2D6BWP30P140:v
		errors: 0, warnings: 0
	module work.OR2D8BWP30P140:v
		errors: 0, warnings: 0
	module work.OR3D0BWP30P140:v
		errors: 0, warnings: 0
	module work.OR3D16BWP30P140:v
		errors: 0, warnings: 0
	module work.OR3D1BWP30P140:v
		errors: 0, warnings: 0
	module work.OR3D2BWP30P140:v
		errors: 0, warnings: 0
	module work.OR3D4BWP30P140:v
		errors: 0, warnings: 0
	module work.OR3D6BWP30P140:v
		errors: 0, warnings: 0
	module work.OR3D8BWP30P140:v
		errors: 0, warnings: 0
	module work.OR4D0BWP30P140:v
		errors: 0, warnings: 0
	module work.OR4D1BWP30P140:v
		errors: 0, warnings: 0
	module work.OR4D2BWP30P140:v
		errors: 0, warnings: 0
	module work.OR4D4BWP30P140:v
		errors: 0, warnings: 0
	module work.OR4D8BWP30P140:v
		errors: 0, warnings: 0
	module work.SDFCNARD1BWP30P140:v
		errors: 0, warnings: 0
	module work.SDFCNARD2BWP30P140:v
		errors: 0, warnings: 0
	module work.SDFCNARD4BWP30P140:v
		errors: 0, warnings: 0
	module work.SDFCND0BWP30P140:v
		errors: 0, warnings: 0
	module work.SDFCND1BWP30P140:v
		errors: 0, warnings: 0
	module work.SDFCND2BWP30P140:v
		errors: 0, warnings: 0
	module work.SDFCND4BWP30P140:v
		errors: 0, warnings: 0
	module work.SDFCNOPTBD1BWP30P140:v
		errors: 0, warnings: 0
	module work.SDFCNOPTBD2BWP30P140:v
		errors: 0, warnings: 0
	module work.SDFCNOPTBD4BWP30P140:v
		errors: 0, warnings: 0
	module work.SDFCNOPTMAD12BWP30P140:v
		errors: 0, warnings: 0
	module work.SDFCNOPTMAD4BWP30P140:v
		errors: 0, warnings: 0
	module work.SDFCNOPTMAD8BWP30P140:v
		errors: 0, warnings: 0
	module work.SDFCNOPTMCD12BWP30P140:v
		errors: 0, warnings: 0
	module work.SDFCNOPTMCD8BWP30P140:v
		errors: 0, warnings: 0
	module work.SDFCNOPTSADD12BWP30P140:v
		errors: 0, warnings: 0
	module work.SDFCNOPTSADD4BWP30P140:v
		errors: 0, warnings: 0
	module work.SDFCNOPTSADD8BWP30P140:v
		errors: 0, warnings: 0
	module work.SDFCNQARD1BWP30P140:v
		errors: 0, warnings: 0
	module work.SDFCNQARD2BWP30P140:v
		errors: 0, warnings: 0
	module work.SDFCNQARD4BWP30P140:v
		errors: 0, warnings: 0
	module work.SDFCNQD0BWP30P140:v
		errors: 0, warnings: 0
	module work.SDFCNQD1BWP30P140:v
		errors: 0, warnings: 0
	module work.SDFCNQD2BWP30P140:v
		errors: 0, warnings: 0
	module work.SDFCNQD4BWP30P140:v
		errors: 0, warnings: 0
	module work.SDFCNQOPTBD1BWP30P140:v
		errors: 0, warnings: 0
	module work.SDFCNQOPTBD2BWP30P140:v
		errors: 0, warnings: 0
	module work.SDFCNQOPTBD4BWP30P140:v
		errors: 0, warnings: 0
	module work.SDFCNQOPTMAD12BWP30P140:v
		errors: 0, warnings: 0
	module work.SDFCNQOPTMAD4BWP30P140:v
		errors: 0, warnings: 0
	module work.SDFCNQOPTMAD8BWP30P140:v
		errors: 0, warnings: 0
	module work.SDFCNQOPTMCD12BWP30P140:v
		errors: 0, warnings: 0
	module work.SDFCNQOPTMCD8BWP30P140:v
		errors: 0, warnings: 0
	module work.SDFCNQOPTSADD12BWP30P140:v
		errors: 0, warnings: 0
	module work.SDFCNQOPTSADD4BWP30P140:v
		errors: 0, warnings: 0
	module work.SDFCNQOPTSADD8BWP30P140:v
		errors: 0, warnings: 0
	module work.SDFCSNARD1BWP30P140:v
		errors: 0, warnings: 0
	module work.SDFCSND0BWP30P140:v
		errors: 0, warnings: 0
	module work.SDFCSND1BWP30P140:v
		errors: 0, warnings: 0
	module work.SDFCSND2BWP30P140:v
		errors: 0, warnings: 0
	module work.SDFCSND4BWP30P140:v
		errors: 0, warnings: 0
	module work.SDFCSNQD0BWP30P140:v
		errors: 0, warnings: 0
	module work.SDFCSNQD1BWP30P140:v
		errors: 0, warnings: 0
	module work.SDFCSNQD2BWP30P140:v
		errors: 0, warnings: 0
	module work.SDFCSNQD4BWP30P140:v
		errors: 0, warnings: 0
	module work.SDFD0BWP30P140:v
		errors: 0, warnings: 0
	module work.SDFD1BWP30P140:v
		errors: 0, warnings: 0
	module work.SDFD2BWP30P140:v
		errors: 0, warnings: 0
	module work.SDFD4BWP30P140:v
		errors: 0, warnings: 0
	module work.SDFKCNARD1BWP30P140:v
		errors: 0, warnings: 0
	module work.SDFKCNARD2BWP30P140:v
		errors: 0, warnings: 0
	module work.SDFKCNARD4BWP30P140:v
		errors: 0, warnings: 0
	module work.SDFKCND0BWP30P140:v
		errors: 0, warnings: 0
	module work.SDFKCND1BWP30P140:v
		errors: 0, warnings: 0
	module work.SDFKCND2BWP30P140:v
		errors: 0, warnings: 0
	module work.SDFKCND4BWP30P140:v
		errors: 0, warnings: 0
	module work.SDFKCNQARD1BWP30P140:v
		errors: 0, warnings: 0
	module work.SDFKCNQARD2BWP30P140:v
		errors: 0, warnings: 0
	module work.SDFKCNQARD4BWP30P140:v
		errors: 0, warnings: 0
	module work.SDFKCNQD0BWP30P140:v
		errors: 0, warnings: 0
	module work.SDFKCNQD1BWP30P140:v
		errors: 0, warnings: 0
	module work.SDFKCNQD2BWP30P140:v
		errors: 0, warnings: 0
	module work.SDFKCNQD4BWP30P140:v
		errors: 0, warnings: 0
	module work.SDFKCNQOPTMAD12BWP30P140:v
		errors: 0, warnings: 0
	module work.SDFKCNQOPTMAD4BWP30P140:v
		errors: 0, warnings: 0
	module work.SDFKCNQOPTMAD8BWP30P140:v
		errors: 0, warnings: 0
	module work.SDFKCSNARD1BWP30P140:v
		errors: 0, warnings: 0
	module work.SDFKCSND0BWP30P140:v
		errors: 0, warnings: 0
	module work.SDFKCSND1BWP30P140:v
		errors: 0, warnings: 0
	module work.SDFKCSND2BWP30P140:v
		errors: 0, warnings: 0
	module work.SDFKCSND4BWP30P140:v
		errors: 0, warnings: 0
	module work.SDFKCSNQD0BWP30P140:v
		errors: 0, warnings: 0
	module work.SDFKCSNQD1BWP30P140:v
		errors: 0, warnings: 0
	module work.SDFKCSNQD2BWP30P140:v
		errors: 0, warnings: 0
	module work.SDFKCSNQD4BWP30P140:v
		errors: 0, warnings: 0
	module work.SDFKSNARD1BWP30P140:v
		errors: 0, warnings: 0
	module work.SDFKSND0BWP30P140:v
		errors: 0, warnings: 0
	module work.SDFKSND1BWP30P140:v
		errors: 0, warnings: 0
	module work.SDFKSND2BWP30P140:v
		errors: 0, warnings: 0
	module work.SDFKSND4BWP30P140:v
		errors: 0, warnings: 0
	module work.SDFKSNQARD1BWP30P140:v
		errors: 0, warnings: 0
	module work.SDFKSNQD0BWP30P140:v
		errors: 0, warnings: 0
	module work.SDFKSNQD1BWP30P140:v
		errors: 0, warnings: 0
	module work.SDFKSNQD2BWP30P140:v
		errors: 0, warnings: 0
	module work.SDFKSNQD4BWP30P140:v
		errors: 0, warnings: 0
	module work.SDFMARD1BWP30P140:v
		errors: 0, warnings: 0
	module work.SDFMD0BWP30P140:v
		errors: 0, warnings: 0
	module work.SDFMD1BWP30P140:v
		errors: 0, warnings: 0
	module work.SDFMD2BWP30P140:v
		errors: 0, warnings: 0
	module work.SDFMD4BWP30P140:v
		errors: 0, warnings: 0
	module work.SDFMQARD1BWP30P140:v
		errors: 0, warnings: 0
	module work.SDFMQD0BWP30P140:v
		errors: 0, warnings: 0
	module work.SDFMQD1BWP30P140:v
		errors: 0, warnings: 0
	module work.SDFMQD2BWP30P140:v
		errors: 0, warnings: 0
	module work.SDFMQD4BWP30P140:v
		errors: 0, warnings: 0
	module work.SDFNCNARD1BWP30P140:v
		errors: 0, warnings: 0
	module work.SDFNCND0BWP30P140:v
		errors: 0, warnings: 0
	module work.SDFNCND1BWP30P140:v
		errors: 0, warnings: 0
	module work.SDFNCND2BWP30P140:v
		errors: 0, warnings: 0
	module work.SDFNCND4BWP30P140:v
		errors: 0, warnings: 0
	module work.SDFNCSNARD1BWP30P140:v
		errors: 0, warnings: 0
	module work.SDFNCSND0BWP30P140:v
		errors: 0, warnings: 0
	module work.SDFNCSND1BWP30P140:v
		errors: 0, warnings: 0
	module work.SDFNCSND2BWP30P140:v
		errors: 0, warnings: 0
	module work.SDFNCSND4BWP30P140:v
		errors: 0, warnings: 0
	module work.SDFND0BWP30P140:v
		errors: 0, warnings: 0
	module work.SDFND1BWP30P140:v
		errors: 0, warnings: 0
	module work.SDFND2BWP30P140:v
		errors: 0, warnings: 0
	module work.SDFND4BWP30P140:v
		errors: 0, warnings: 0
	module work.SDFNSND0BWP30P140:v
		errors: 0, warnings: 0
	module work.SDFNSND1BWP30P140:v
		errors: 0, warnings: 0
	module work.SDFNSND2BWP30P140:v
		errors: 0, warnings: 0
	module work.SDFNSND4BWP30P140:v
		errors: 0, warnings: 0
	module work.SDFNSYNCND1BWP30P140:v
		errors: 0, warnings: 0
	module work.SDFNSYNCND2BWP30P140:v
		errors: 0, warnings: 0
	module work.SDFNSYNCND4BWP30P140:v
		errors: 0, warnings: 0
	module work.SDFNSYNCSND1BWP30P140:v
		errors: 0, warnings: 0
	module work.SDFNSYNCSND2BWP30P140:v
		errors: 0, warnings: 0
	module work.SDFNSYNCSND4BWP30P140:v
		errors: 0, warnings: 0
	module work.SDFNSYND1BWP30P140:v
		errors: 0, warnings: 0
	module work.SDFNSYND2BWP30P140:v
		errors: 0, warnings: 0
	module work.SDFNSYND4BWP30P140:v
		errors: 0, warnings: 0
	module work.SDFNSYNSND1BWP30P140:v
		errors: 0, warnings: 0
	module work.SDFNSYNSND2BWP30P140:v
		errors: 0, warnings: 0
	module work.SDFNSYNSND4BWP30P140:v
		errors: 0, warnings: 0
	module work.SDFOPTBD1BWP30P140:v
		errors: 0, warnings: 0
	module work.SDFOPTBD2BWP30P140:v
		errors: 0, warnings: 0
	module work.SDFOPTBD4BWP30P140:v
		errors: 0, warnings: 0
	module work.SDFOPTMAD12BWP30P140:v
		errors: 0, warnings: 0
	module work.SDFOPTMAD4BWP30P140:v
		errors: 0, warnings: 0
	module work.SDFOPTMAD8BWP30P140:v
		errors: 0, warnings: 0
	module work.SDFOPTMCD12BWP30P140:v
		errors: 0, warnings: 0
	module work.SDFOPTMCD8BWP30P140:v
		errors: 0, warnings: 0
	module work.SDFOPTSADD12BWP30P140:v
		errors: 0, warnings: 0
	module work.SDFOPTSADD4BWP30P140:v
		errors: 0, warnings: 0
	module work.SDFOPTSADD8BWP30P140:v
		errors: 0, warnings: 0
	module work.SDFQD0BWP30P140:v
		errors: 0, warnings: 0
	module work.SDFQD1BWP30P140:v
		errors: 0, warnings: 0
	module work.SDFQD2BWP30P140:v
		errors: 0, warnings: 0
	module work.SDFQD4BWP30P140:v
		errors: 0, warnings: 0
	module work.SDFQNARD1BWP30P140:v
		errors: 0, warnings: 0
	module work.SDFQND0BWP30P140:v
		errors: 0, warnings: 0
	module work.SDFQND1BWP30P140:v
		errors: 0, warnings: 0
	module work.SDFQND2BWP30P140:v
		errors: 0, warnings: 0
	module work.SDFQND4BWP30P140:v
		errors: 0, warnings: 0
	module work.SDFQNOPTMAD12BWP30P140:v
		errors: 0, warnings: 0
	module work.SDFQNOPTMAD4BWP30P140:v
		errors: 0, warnings: 0
	module work.SDFQNOPTMAD8BWP30P140:v
		errors: 0, warnings: 0
	module work.SDFQNOPTSADD12BWP30P140:v
		errors: 0, warnings: 0
	module work.SDFQNOPTSADD4BWP30P140:v
		errors: 0, warnings: 0
	module work.SDFQNOPTSADD8BWP30P140:v
		errors: 0, warnings: 0
	module work.SDFQOPTBD1BWP30P140:v
		errors: 0, warnings: 0
	module work.SDFQOPTBD2BWP30P140:v
		errors: 0, warnings: 0
	module work.SDFQOPTBD4BWP30P140:v
		errors: 0, warnings: 0
	module work.SDFQOPTMAD12BWP30P140:v
		errors: 0, warnings: 0
	module work.SDFQOPTMAD4BWP30P140:v
		errors: 0, warnings: 0
	module work.SDFQOPTMAD8BWP30P140:v
		errors: 0, warnings: 0
	module work.SDFQOPTMCD12BWP30P140:v
		errors: 0, warnings: 0
	module work.SDFQOPTMCD8BWP30P140:v
		errors: 0, warnings: 0
	module work.SDFQOPTSADD12BWP30P140:v
		errors: 0, warnings: 0
	module work.SDFQOPTSADD4BWP30P140:v
		errors: 0, warnings: 0
	module work.SDFQOPTSADD8BWP30P140:v
		errors: 0, warnings: 0
	module work.SDFSND0BWP30P140:v
		errors: 0, warnings: 0
	module work.SDFSND1BWP30P140:v
		errors: 0, warnings: 0
	module work.SDFSND2BWP30P140:v
		errors: 0, warnings: 0
	module work.SDFSND4BWP30P140:v
		errors: 0, warnings: 0
	module work.SDFSNOPTMAD12BWP30P140:v
		errors: 0, warnings: 0
	module work.SDFSNOPTMAD4BWP30P140:v
		errors: 0, warnings: 0
	module work.SDFSNOPTMAD8BWP30P140:v
		errors: 0, warnings: 0
	module work.SDFSNQD0BWP30P140:v
		errors: 0, warnings: 0
	module work.SDFSNQD1BWP30P140:v
		errors: 0, warnings: 0
	module work.SDFSNQD2BWP30P140:v
		errors: 0, warnings: 0
	module work.SDFSNQD4BWP30P140:v
		errors: 0, warnings: 0
	module work.SDFSNQOPTMAD12BWP30P140:v
		errors: 0, warnings: 0
	module work.SDFSNQOPTMAD4BWP30P140:v
		errors: 0, warnings: 0
	module work.SDFSNQOPTMAD8BWP30P140:v
		errors: 0, warnings: 0
	module work.SDFSYNCND1BWP30P140:v
		errors: 0, warnings: 0
	module work.SDFSYNCND2BWP30P140:v
		errors: 0, warnings: 0
	module work.SDFSYNCND4BWP30P140:v
		errors: 0, warnings: 0
	module work.SDFSYNCNQD1BWP30P140:v
		errors: 0, warnings: 0
	module work.SDFSYNCNQD2BWP30P140:v
		errors: 0, warnings: 0
	module work.SDFSYNCNQD4BWP30P140:v
		errors: 0, warnings: 0
	module work.SDFSYNCSND1BWP30P140:v
		errors: 0, warnings: 0
	module work.SDFSYNCSND2BWP30P140:v
		errors: 0, warnings: 0
	module work.SDFSYNCSND4BWP30P140:v
		errors: 0, warnings: 0
	module work.SDFSYNCSNQD1BWP30P140:v
		errors: 0, warnings: 0
	module work.SDFSYNCSNQD2BWP30P140:v
		errors: 0, warnings: 0
	module work.SDFSYNCSNQD4BWP30P140:v
		errors: 0, warnings: 0
	module work.SDFSYND1BWP30P140:v
		errors: 0, warnings: 0
	module work.SDFSYND2BWP30P140:v
		errors: 0, warnings: 0
	module work.SDFSYND4BWP30P140:v
		errors: 0, warnings: 0
	module work.SDFSYNQD1BWP30P140:v
		errors: 0, warnings: 0
	module work.SDFSYNQD2BWP30P140:v
		errors: 0, warnings: 0
	module work.SDFSYNQD4BWP30P140:v
		errors: 0, warnings: 0
	module work.SDFSYNQND1BWP30P140:v
		errors: 0, warnings: 0
	module work.SDFSYNQND2BWP30P140:v
		errors: 0, warnings: 0
	module work.SDFSYNQND4BWP30P140:v
		errors: 0, warnings: 0
	module work.SDFSYNSND1BWP30P140:v
		errors: 0, warnings: 0
	module work.SDFSYNSND2BWP30P140:v
		errors: 0, warnings: 0
	module work.SDFSYNSND4BWP30P140:v
		errors: 0, warnings: 0
	module work.SDFSYNSNQD1BWP30P140:v
		errors: 0, warnings: 0
	module work.SDFSYNSNQD2BWP30P140:v
		errors: 0, warnings: 0
	module work.SDFSYNSNQD4BWP30P140:v
		errors: 0, warnings: 0
	module work.SEDFARD0BWP30P140:v
		errors: 0, warnings: 0
	module work.SEDFARD1BWP30P140:v
		errors: 0, warnings: 0
	module work.SEDFARD2BWP30P140:v
		errors: 0, warnings: 0
	module work.SEDFARD4BWP30P140:v
		errors: 0, warnings: 0
	module work.SEDFCNARD0BWP30P140:v
		errors: 0, warnings: 0
	module work.SEDFCNARD1BWP30P140:v
		errors: 0, warnings: 0
	module work.SEDFCND0BWP30P140:v
		errors: 0, warnings: 0
	module work.SEDFCND1BWP30P140:v
		errors: 0, warnings: 0
	module work.SEDFCND2BWP30P140:v
		errors: 0, warnings: 0
	module work.SEDFCND4BWP30P140:v
		errors: 0, warnings: 0
	module work.SEDFCNQARD0BWP30P140:v
		errors: 0, warnings: 0
	module work.SEDFCNQARD1BWP30P140:v
		errors: 0, warnings: 0
	module work.SEDFCNQD0BWP30P140:v
		errors: 0, warnings: 0
	module work.SEDFCNQD1BWP30P140:v
		errors: 0, warnings: 0
	module work.SEDFCNQD2BWP30P140:v
		errors: 0, warnings: 0
	module work.SEDFCNQD4BWP30P140:v
		errors: 0, warnings: 0
	module work.SEDFD0BWP30P140:v
		errors: 0, warnings: 0
	module work.SEDFD1BWP30P140:v
		errors: 0, warnings: 0
	module work.SEDFD2BWP30P140:v
		errors: 0, warnings: 0
	module work.SEDFD4BWP30P140:v
		errors: 0, warnings: 0
	module work.SEDFQARD0BWP30P140:v
		errors: 0, warnings: 0
	module work.SEDFQARD1BWP30P140:v
		errors: 0, warnings: 0
	module work.SEDFQARD2BWP30P140:v
		errors: 0, warnings: 0
	module work.SEDFQARD4BWP30P140:v
		errors: 0, warnings: 0
	module work.SEDFQD0BWP30P140:v
		errors: 0, warnings: 0
	module work.SEDFQD1BWP30P140:v
		errors: 0, warnings: 0
	module work.SEDFQD2BWP30P140:v
		errors: 0, warnings: 0
	module work.SEDFQD4BWP30P140:v
		errors: 0, warnings: 0
	module work.TAPCELLBWP30P140:v
		errors: 0, warnings: 0
	module work.TIEHBWP30P140:v
		errors: 0, warnings: 0
	module work.TIELBWP30P140:v
		errors: 0, warnings: 0
	module work.XNR2D0BWP30P140:v
		errors: 0, warnings: 0
	module work.XNR2D1BWP30P140:v
		errors: 0, warnings: 0
	module work.XNR2D2BWP30P140:v
		errors: 0, warnings: 0
	module work.XNR2D4BWP30P140:v
		errors: 0, warnings: 0
	module work.XNR2OPTND2BWP30P140:v
		errors: 0, warnings: 0
	module work.XNR2OPTND4BWP30P140:v
		errors: 0, warnings: 0
	module work.XNR2OPTND6BWP30P140:v
		errors: 0, warnings: 0
	module work.XNR2OPTND8BWP30P140:v
		errors: 0, warnings: 0
	module work.XNR2UD0BWP30P140:v
		errors: 0, warnings: 0
	module work.XNR2UD1BWP30P140:v
		errors: 0, warnings: 0
	module work.XNR3D0BWP30P140:v
		errors: 0, warnings: 0
	module work.XNR3D1BWP30P140:v
		errors: 0, warnings: 0
	module work.XNR3D2BWP30P140:v
		errors: 0, warnings: 0
	module work.XNR3D4BWP30P140:v
		errors: 0, warnings: 0
	module work.XNR3UD0BWP30P140:v
		errors: 0, warnings: 0
	module work.XNR3UD1BWP30P140:v
		errors: 0, warnings: 0
	module work.XNR4D0BWP30P140:v
		errors: 0, warnings: 0
	module work.XNR4D1BWP30P140:v
		errors: 0, warnings: 0
	module work.XNR4D2BWP30P140:v
		errors: 0, warnings: 0
	module work.XNR4D4BWP30P140:v
		errors: 0, warnings: 0
	module work.XOR2D0BWP30P140:v
		errors: 0, warnings: 0
	module work.XOR2D1BWP30P140:v
		errors: 0, warnings: 0
	module work.XOR2D2BWP30P140:v
		errors: 0, warnings: 0
	module work.XOR2D4BWP30P140:v
		errors: 0, warnings: 0
	module work.XOR2OPTND2BWP30P140:v
		errors: 0, warnings: 0
	module work.XOR2OPTND4BWP30P140:v
		errors: 0, warnings: 0
	module work.XOR2OPTND6BWP30P140:v
		errors: 0, warnings: 0
	module work.XOR2OPTND8BWP30P140:v
		errors: 0, warnings: 0
	module work.XOR2UD0BWP30P140:v
		errors: 0, warnings: 0
	module work.XOR2UD1BWP30P140:v
		errors: 0, warnings: 0
	module work.XOR3D0BWP30P140:v
		errors: 0, warnings: 0
	module work.XOR3D1BWP30P140:v
		errors: 0, warnings: 0
	module work.XOR3D2BWP30P140:v
		errors: 0, warnings: 0
	module work.XOR3D4BWP30P140:v
		errors: 0, warnings: 0
	module work.XOR3UD0BWP30P140:v
		errors: 0, warnings: 0
	module work.XOR3UD1BWP30P140:v
		errors: 0, warnings: 0
	module work.XOR4D0BWP30P140:v
		errors: 0, warnings: 0
	module work.XOR4D1BWP30P140:v
		errors: 0, warnings: 0
	module work.XOR4D2BWP30P140:v
		errors: 0, warnings: 0
	module work.XOR4D4BWP30P140:v
		errors: 0, warnings: 0
	module work.ISOHID1BWP30P140:v
		errors: 0, warnings: 0
	module work.ISOHID2BWP30P140:v
		errors: 0, warnings: 0
	module work.ISOHID4BWP30P140:v
		errors: 0, warnings: 0
	module work.ISOHID8BWP30P140:v
		errors: 0, warnings: 0
	module work.ISOLOD1BWP30P140:v
		errors: 0, warnings: 0
	module work.ISOLOD2BWP30P140:v
		errors: 0, warnings: 0
	module work.ISOLOD4BWP30P140:v
		errors: 0, warnings: 0
	module work.ISOLOD8BWP30P140:v
		errors: 0, warnings: 0
	module work.ISOSRHID2BWP30P140:v
		errors: 0, warnings: 0
	module work.ISOSRHID4BWP30P140:v
		errors: 0, warnings: 0
	module work.ISOSRHID8BWP30P140:v
		errors: 0, warnings: 0
	module work.ISOSRLOD2BWP30P140:v
		errors: 0, warnings: 0
	module work.ISOSRLOD4BWP30P140:v
		errors: 0, warnings: 0
	module work.ISOSRLOD8BWP30P140:v
		errors: 0, warnings: 0
	module work.LVLHLCD1BWP30P140:v
		errors: 0, warnings: 0
	module work.LVLHLCD2BWP30P140:v
		errors: 0, warnings: 0
	module work.LVLHLCD4BWP30P140:v
		errors: 0, warnings: 0
	module work.LVLHLCD8BWP30P140:v
		errors: 0, warnings: 0
	module work.LVLHLCLOD1BWP30P140:v
		errors: 0, warnings: 0
	module work.LVLHLCLOD2BWP30P140:v
		errors: 0, warnings: 0
	module work.LVLHLCLOD4BWP30P140:v
		errors: 0, warnings: 0
	module work.LVLHLCLOD8BWP30P140:v
		errors: 0, warnings: 0
	module work.LVLHLD1BWP30P140:v
		errors: 0, warnings: 0
	module work.LVLHLD2BWP30P140:v
		errors: 0, warnings: 0
	module work.LVLHLD4BWP30P140:v
		errors: 0, warnings: 0
	module work.LVLHLD8BWP30P140:v
		errors: 0, warnings: 0
	module work.LVLLHCD1BWP30P140:v
		errors: 0, warnings: 0
	module work.LVLLHCD2BWP30P140:v
		errors: 0, warnings: 0
	module work.LVLLHCD4BWP30P140:v
		errors: 0, warnings: 0
	module work.LVLLHCD8BWP30P140:v
		errors: 0, warnings: 0
	module work.LVLLHCLOD1BWP30P140:v
		errors: 0, warnings: 0
	module work.LVLLHCLOD2BWP30P140:v
		errors: 0, warnings: 0
	module work.LVLLHCLOD4BWP30P140:v
		errors: 0, warnings: 0
	module work.LVLLHCLOD8BWP30P140:v
		errors: 0, warnings: 0
	module work.LVLLHD1BWP30P140:v
		errors: 0, warnings: 0
	module work.LVLLHD2BWP30P140:v
		errors: 0, warnings: 0
	module work.LVLLHD4BWP30P140:v
		errors: 0, warnings: 0
	module work.LVLLHD8BWP30P140:v
		errors: 0, warnings: 0
	module work.LVLSRLHCD2BWP30P140:v
		errors: 0, warnings: 0
	module work.LVLSRLHCD4BWP30P140:v
		errors: 0, warnings: 0
	module work.LVLSRLHCD8BWP30P140:v
		errors: 0, warnings: 0
	module work.LVLSRLHD2BWP30P140:v
		errors: 0, warnings: 0
	module work.LVLSRLHD4BWP30P140:v
		errors: 0, warnings: 0
	module work.LVLSRLHD8BWP30P140:v
		errors: 0, warnings: 0
	primitive work.tsmc_dff:v
		errors: 0, warnings: 0
	primitive work.tsmc_dla:v
		errors: 0, warnings: 0
	primitive work.tsmc_mux:v
		errors: 0, warnings: 0
	primitive work.tsmc_xbuf:v
		errors: 0, warnings: 0
file: /sim/tarsio/FastConv_SystemVerilog/rtl/conv2x2/data/tcn4/sim/sim-032-3-3-normal/pack_data.sv
	package work.pack_data:sv
		errors: 0, warnings: 0
file: /sim/tarsio/FastConv_SystemVerilog/rtl/conv2x2/pack-param/tcn4/pack_param.sv
	package work.pack_param:sv
		errors: 0, warnings: 0
file: /sim/tarsio/FastConv_SystemVerilog/rtl/conv2x2/mult-matrices/stream/tcn4/mult_matrices.sv
	module work.Transform:sv
		errors: 0, warnings: 0
	module work.InverseRow:sv
		errors: 0, warnings: 0
	module work.InverseRowAccumulate:sv
		errors: 0, warnings: 0
	module work.Inverse:sv
		errors: 0, warnings: 0
	module work.MatrixC0:sv
		errors: 0, warnings: 0
	module work.MatrixC1:sv
		errors: 0, warnings: 0
	module work.MatrixA1:sv
		errors: 0, warnings: 0
	module work.MatrixA0:sv
		errors: 0, warnings: 0
file: /sim/tarsio/FastConv_SystemVerilog/rtl/csa/csa_lib.sv
	module work.FA:sv
		errors: 0, warnings: 0
	module work.CSA_1:sv
		errors: 0, warnings: 0
	module work.CSA_2:sv
		errors: 0, warnings: 0
	module work.CSA_3:sv
		errors: 0, warnings: 0
	module work.CSA_4:sv
		errors: 0, warnings: 0
	module work.CSA_5:sv
		errors: 0, warnings: 0
	module work.CSA_6:sv
		errors: 0, warnings: 0
	module work.CSA_7:sv
		errors: 0, warnings: 0
	module work.CSA_8:sv
		errors: 0, warnings: 0
	module work.CSA_9:sv
		errors: 0, warnings: 0
	module work.CSA_12:sv
		errors: 0, warnings: 0
	module work.CSA_16:sv
		errors: 0, warnings: 0
	module work.CSA_18:sv
		errors: 0, warnings: 0
file: /sim/tarsio/FastConv_SystemVerilog/rtl/multip/multip.sv
	module work.Multip:sv
		errors: 0, warnings: 0
file: /sim/tarsio/FastConv_SystemVerilog/rtl/mem/mem.sv
	module work.Memory:sv
		errors: 0, warnings: 0
file: /sim/tarsio/FastConv_SystemVerilog/rtl/conv2x2/conv-stream12-i16-h16-t8-o4-m4-prefetch4.sv
	module work.Conv:sv
		errors: 0, warnings: 0
file: /sim/tarsio/FastConv_SystemVerilog/rtl/conv2x2/testbench.sv
	module work.tb:sv
		errors: 0, warnings: 0
file: /sim/tarsio/FastConv_SystemVerilog/rtl/conv2x2/synthesis/stream12-current-prefetch4/tcn4-04mac/logical/results/gate_level/Conv_logic_mapped.v
	module work.RC_CG_MOD_1:v
		errors: 0, warnings: 0
	module work.RC_CG_MOD_2:v
		errors: 0, warnings: 0
	module work.RC_CG_MOD_3:v
		errors: 0, warnings: 0
	module work.RC_CG_MOD_4:v
		errors: 0, warnings: 0
	module work.RC_CG_MOD_5:v
		errors: 0, warnings: 0
	module work.RC_CG_MOD_6:v
		errors: 0, warnings: 0
	module work.RC_CG_MOD_7:v
		errors: 0, warnings: 0
	module work.RC_CG_MOD_8:v
		errors: 0, warnings: 0
	module work.RC_CG_MOD_9:v
		errors: 0, warnings: 0
	module work.RC_CG_MOD_10:v
		errors: 0, warnings: 0
	module work.RC_CG_MOD_11:v
		errors: 0, warnings: 0
	module work.RC_CG_MOD_12:v
		errors: 0, warnings: 0
	module work.RC_CG_MOD_13:v
		errors: 0, warnings: 0
	module work.RC_CG_MOD_14:v
		errors: 0, warnings: 0
	module work.RC_CG_MOD_15:v
		errors: 0, warnings: 0
	module work.RC_CG_MOD_16:v
		errors: 0, warnings: 0
	module work.RC_CG_MOD_17:v
		errors: 0, warnings: 0
	module work.RC_CG_MOD_18:v
		errors: 0, warnings: 0
	module work.RC_CG_MOD_19:v
		errors: 0, warnings: 0
	module work.RC_CG_MOD_20:v
		errors: 0, warnings: 0
	module work.RC_CG_MOD_21:v
		errors: 0, warnings: 0
	module work.RC_CG_MOD_22:v
		errors: 0, warnings: 0
	module work.RC_CG_MOD_23:v
		errors: 0, warnings: 0
	module work.RC_CG_MOD_24:v
		errors: 0, warnings: 0
	module work.RC_CG_MOD_25:v
		errors: 0, warnings: 0
	module work.RC_CG_MOD_26:v
		errors: 0, warnings: 0
	module work.RC_CG_MOD_27:v
		errors: 0, warnings: 0
	module work.RC_CG_MOD_28:v
		errors: 0, warnings: 0
	module work.RC_CG_MOD_29:v
		errors: 0, warnings: 0
	module work.RC_CG_MOD_30:v
		errors: 0, warnings: 0
	module work.RC_CG_MOD_31:v
		errors: 0, warnings: 0
	module work.RC_CG_MOD_32:v
		errors: 0, warnings: 0
	module work.RC_CG_MOD_33:v
		errors: 0, warnings: 0
	module work.RC_CG_MOD_34:v
		errors: 0, warnings: 0
	module work.RC_CG_MOD_35:v
		errors: 0, warnings: 0
	module work.RC_CG_MOD_36:v
		errors: 0, warnings: 0
	module work.RC_CG_MOD_37:v
		errors: 0, warnings: 0
	module work.RC_CG_MOD_38:v
		errors: 0, warnings: 0
	module work.RC_CG_MOD_39:v
		errors: 0, warnings: 0
	module work.RC_CG_MOD_40:v
		errors: 0, warnings: 0
	module work.RC_CG_MOD_41:v
		errors: 0, warnings: 0
	module work.RC_CG_MOD_42:v
		errors: 0, warnings: 0
	module work.RC_CG_MOD_43:v
		errors: 0, warnings: 0
	module work.RC_CG_MOD_44:v
		errors: 0, warnings: 0
	module work.RC_CG_MOD_45:v
		errors: 0, warnings: 0
	module work.RC_CG_MOD_47:v
		errors: 0, warnings: 0
	module work.RC_CG_MOD_48:v
		errors: 0, warnings: 0
	module work.RC_CG_MOD_49:v
		errors: 0, warnings: 0
	module work.RC_CG_MOD_50:v
		errors: 0, warnings: 0
	module work.RC_CG_MOD_51:v
		errors: 0, warnings: 0
	module work.RC_CG_MOD_52:v
		errors: 0, warnings: 0
	module work.RC_CG_MOD_53:v
		errors: 0, warnings: 0
	module work.RC_CG_MOD_55:v
		errors: 0, warnings: 0
	module work.RC_CG_MOD_56:v
		errors: 0, warnings: 0
	module work.RC_CG_MOD_58:v
		errors: 0, warnings: 0
	module work.RC_CG_MOD_59:v
		errors: 0, warnings: 0
	module work.InverseRowAccumulate:v
		errors: 0, warnings: 0
	module work.InverseRow:v
		errors: 0, warnings: 0
	module work.Multip:v
		errors: 0, warnings: 0
	module work.Multip_230:v
		errors: 0, warnings: 0
	module work.Multip_229:v
		errors: 0, warnings: 0
	module work.Multip_228:v
		errors: 0, warnings: 0
	module work.MatrixC0:v
		errors: 0, warnings: 0
	module work.MatrixC1:v
		errors: 0, warnings: 0
	module work.Transform:v
		errors: 0, warnings: 0
	module work.RC_CG_MOD:v
		errors: 0, warnings: 0
	module work.RC_CG_MOD_46:v
		errors: 0, warnings: 0
	module work.Conv:v
		errors: 0, warnings: 0
	Elaborating the design hierarchy:
		Caching library 'work' ....... Done
	Top level design units:
		pack_data
		pack_param
		tb
	Reading SDF file from location "../logical/results/gate_level/Conv_analysis_view_0p90v_25c_captyp_nominal.sdf"
	Compiled SDF file "Conv_analysis_view_0p90v_25c_captyp_nominal.sdf.X" older than source SDF file "../logical/results/gate_level/Conv_analysis_view_0p90v_25c_captyp_nominal.sdf".
	Recompiling.
	Writing compiled SDF file to "Conv_analysis_view_0p90v_25c_captyp_nominal.sdf.X".
xmelab: *W,FLFNOF: No SDF file specified, but annotation parameters were present, in SDF annotation command file sdf_cmd.cmd, line 6.
    .p_input_addr(p_input_addr),
                             |
xmelab: *W,CUVMPW (/sim/tarsio/FastConv_SystemVerilog/rtl/conv2x2/testbench.sv,108|29): port sizes differ in port connection(12/16) for the instance(tb) .
    .p_output_addr(p_output_addr),
                               |
xmelab: *W,CUVMPW (/sim/tarsio/FastConv_SystemVerilog/rtl/conv2x2/testbench.sv,113|31): port sizes differ in port connection(12/16) for the instance(tb) .
	Annotating SDF timing data:
		Compiled SDF file:     Conv_analysis_view_0p90v_25c_captyp_nominal.sdf.X
		Log file:              ./sdf_log.log
		Backannotation scope:  tb.dut
		Configuration file:    
		MTM control:           
		Scale factors:         
		Scale type:            
xmelab: *W,SDFINF: Instance RC_CG_HIER_INST1 not found at scope level <top-level> <../logical/results/gate_level/Conv_analysis_view_0p90v_25c_captyp_nominal.sdf, line 15>.
xmelab: *W,SDFINF: Instance RC_CG_HIER_INST2 not found at scope level <top-level> <../logical/results/gate_level/Conv_analysis_view_0p90v_25c_captyp_nominal.sdf, line 34>.
xmelab: *W,SDFINF: Instance RC_CG_HIER_INST3 not found at scope level <top-level> <../logical/results/gate_level/Conv_analysis_view_0p90v_25c_captyp_nominal.sdf, line 53>.
xmelab: *W,SDFINF: Instance RC_CG_HIER_INST4 not found at scope level <top-level> <../logical/results/gate_level/Conv_analysis_view_0p90v_25c_captyp_nominal.sdf, line 72>.
xmelab: *W,SDFINF: Instance RC_CG_HIER_INST5 not found at scope level <top-level> <../logical/results/gate_level/Conv_analysis_view_0p90v_25c_captyp_nominal.sdf, line 91>.
xmelab: *W,SDFINF: Instance RC_CG_HIER_INST6 not found at scope level <top-level> <../logical/results/gate_level/Conv_analysis_view_0p90v_25c_captyp_nominal.sdf, line 110>.
xmelab: *W,SDFINF: Instance RC_CG_HIER_INST7 not found at scope level <top-level> <../logical/results/gate_level/Conv_analysis_view_0p90v_25c_captyp_nominal.sdf, line 129>.
xmelab: *W,SDFINF: Instance RC_CG_HIER_INST8 not found at scope level <top-level> <../logical/results/gate_level/Conv_analysis_view_0p90v_25c_captyp_nominal.sdf, line 148>.
xmelab: *W,SDFINF: Instance RC_CG_HIER_INST9 not found at scope level <top-level> <../logical/results/gate_level/Conv_analysis_view_0p90v_25c_captyp_nominal.sdf, line 167>.
xmelab: *W,SDFINF: Instance RC_CG_HIER_INST10 not found at scope level <top-level> <../logical/results/gate_level/Conv_analysis_view_0p90v_25c_captyp_nominal.sdf, line 186>.
xmelab: *W,SDFINF: Instance RC_CG_HIER_INST11 not found at scope level <top-level> <../logical/results/gate_level/Conv_analysis_view_0p90v_25c_captyp_nominal.sdf, line 205>.
xmelab: *W,SDFINF: Instance RC_CG_HIER_INST12 not found at scope level <top-level> <../logical/results/gate_level/Conv_analysis_view_0p90v_25c_captyp_nominal.sdf, line 224>.
xmelab: *W,SDFINF: Instance RC_CG_HIER_INST13 not found at scope level <top-level> <../logical/results/gate_level/Conv_analysis_view_0p90v_25c_captyp_nominal.sdf, line 243>.
xmelab: *W,SDFINF: Instance RC_CG_HIER_INST14 not found at scope level <top-level> <../logical/results/gate_level/Conv_analysis_view_0p90v_25c_captyp_nominal.sdf, line 262>.
xmelab: *W,SDFINF: Instance RC_CG_HIER_INST15 not found at scope level <top-level> <../logical/results/gate_level/Conv_analysis_view_0p90v_25c_captyp_nominal.sdf, line 281>.
xmelab: *W,SDFINF: Instance RC_CG_HIER_INST16 not found at scope level <top-level> <../logical/results/gate_level/Conv_analysis_view_0p90v_25c_captyp_nominal.sdf, line 300>.
xmelab: *W,SDFINF: Instance RC_CG_HIER_INST17 not found at scope level <top-level> <../logical/results/gate_level/Conv_analysis_view_0p90v_25c_captyp_nominal.sdf, line 319>.
xmelab: *W,SDFINF: Instance RC_CG_HIER_INST18 not found at scope level <top-level> <../logical/results/gate_level/Conv_analysis_view_0p90v_25c_captyp_nominal.sdf, line 338>.
xmelab: *W,SDFINF: Instance RC_CG_HIER_INST19 not found at scope level <top-level> <../logical/results/gate_level/Conv_analysis_view_0p90v_25c_captyp_nominal.sdf, line 357>.
xmelab: *W,SDFINF: Instance RC_CG_HIER_INST20 not found at scope level <top-level> <../logical/results/gate_level/Conv_analysis_view_0p90v_25c_captyp_nominal.sdf, line 376>.
xmelab: *W,SDFINF: Instance RC_CG_HIER_INST21 not found at scope level <top-level> <../logical/results/gate_level/Conv_analysis_view_0p90v_25c_captyp_nominal.sdf, line 395>.
xmelab: *W,SDFINF: Instance RC_CG_HIER_INST22 not found at scope level <top-level> <../logical/results/gate_level/Conv_analysis_view_0p90v_25c_captyp_nominal.sdf, line 414>.
xmelab: *W,SDFINF: Instance RC_CG_HIER_INST23 not found at scope level <top-level> <../logical/results/gate_level/Conv_analysis_view_0p90v_25c_captyp_nominal.sdf, line 433>.
xmelab: *W,SDFINF: Instance RC_CG_HIER_INST24 not found at scope level <top-level> <../logical/results/gate_level/Conv_analysis_view_0p90v_25c_captyp_nominal.sdf, line 452>.
xmelab: *W,SDFINF: Instance RC_CG_HIER_INST25 not found at scope level <top-level> <../logical/results/gate_level/Conv_analysis_view_0p90v_25c_captyp_nominal.sdf, line 471>.
xmelab: *W,SDFINF: Instance RC_CG_HIER_INST26 not found at scope level <top-level> <../logical/results/gate_level/Conv_analysis_view_0p90v_25c_captyp_nominal.sdf, line 490>.
xmelab: *W,SDFINF: Instance RC_CG_HIER_INST27 not found at scope level <top-level> <../logical/results/gate_level/Conv_analysis_view_0p90v_25c_captyp_nominal.sdf, line 509>.
xmelab: *W,SDFINF: Instance RC_CG_HIER_INST28 not found at scope level <top-level> <../logical/results/gate_level/Conv_analysis_view_0p90v_25c_captyp_nominal.sdf, line 528>.
xmelab: *W,SDFINF: Instance RC_CG_HIER_INST29 not found at scope level <top-level> <../logical/results/gate_level/Conv_analysis_view_0p90v_25c_captyp_nominal.sdf, line 547>.
xmelab: *W,SDFINF: Instance RC_CG_HIER_INST30 not found at scope level <top-level> <../logical/results/gate_level/Conv_analysis_view_0p90v_25c_captyp_nominal.sdf, line 566>.
xmelab: *W,SDFINF: Instance RC_CG_HIER_INST31 not found at scope level <top-level> <../logical/results/gate_level/Conv_analysis_view_0p90v_25c_captyp_nominal.sdf, line 585>.
xmelab: *W,SDFINF: Instance RC_CG_HIER_INST32 not found at scope level <top-level> <../logical/results/gate_level/Conv_analysis_view_0p90v_25c_captyp_nominal.sdf, line 604>.
xmelab: *W,SDFINF: Instance RC_CG_HIER_INST33 not found at scope level <top-level> <../logical/results/gate_level/Conv_analysis_view_0p90v_25c_captyp_nominal.sdf, line 623>.
xmelab: *W,SDFINF: Instance RC_CG_HIER_INST34 not found at scope level <top-level> <../logical/results/gate_level/Conv_analysis_view_0p90v_25c_captyp_nominal.sdf, line 642>.
xmelab: *W,SDFINF: Instance RC_CG_HIER_INST35 not found at scope level <top-level> <../logical/results/gate_level/Conv_analysis_view_0p90v_25c_captyp_nominal.sdf, line 661>.
xmelab: *W,SDFINF: Instance RC_CG_HIER_INST36 not found at scope level <top-level> <../logical/results/gate_level/Conv_analysis_view_0p90v_25c_captyp_nominal.sdf, line 680>.
xmelab: *W,SDFINF: Instance RC_CG_HIER_INST37 not found at scope level <top-level> <../logical/results/gate_level/Conv_analysis_view_0p90v_25c_captyp_nominal.sdf, line 699>.
xmelab: *W,SDFINF: Instance RC_CG_HIER_INST38 not found at scope level <top-level> <../logical/results/gate_level/Conv_analysis_view_0p90v_25c_captyp_nominal.sdf, line 718>.
xmelab: *W,SDFINF: Instance RC_CG_HIER_INST39 not found at scope level <top-level> <../logical/results/gate_level/Conv_analysis_view_0p90v_25c_captyp_nominal.sdf, line 737>.
xmelab: *W,SDFINF: Instance RC_CG_HIER_INST40 not found at scope level <top-level> <../logical/results/gate_level/Conv_analysis_view_0p90v_25c_captyp_nominal.sdf, line 756>.
xmelab: *W,SDFINF: Instance RC_CG_HIER_INST41 not found at scope level <top-level> <../logical/results/gate_level/Conv_analysis_view_0p90v_25c_captyp_nominal.sdf, line 775>.
xmelab: *W,SDFINF: Instance RC_CG_HIER_INST42 not found at scope level <top-level> <../logical/results/gate_level/Conv_analysis_view_0p90v_25c_captyp_nominal.sdf, line 794>.
xmelab: *W,SDFINF: Instance RC_CG_HIER_INST43 not found at scope level <top-level> <../logical/results/gate_level/Conv_analysis_view_0p90v_25c_captyp_nominal.sdf, line 813>.
xmelab: *W,SDFINF: Instance RC_CG_HIER_INST44 not found at scope level <top-level> <../logical/results/gate_level/Conv_analysis_view_0p90v_25c_captyp_nominal.sdf, line 832>.
xmelab: *W,SDFINF: Instance RC_CG_HIER_INST45 not found at scope level <top-level> <../logical/results/gate_level/Conv_analysis_view_0p90v_25c_captyp_nominal.sdf, line 851>.
xmelab: *W,SDFINF: Instance RC_CG_HIER_INST47 not found at scope level <top-level> <../logical/results/gate_level/Conv_analysis_view_0p90v_25c_captyp_nominal.sdf, line 870>.
xmelab: *W,SDFINF: Instance RC_CG_HIER_INST48 not found at scope level <top-level> <../logical/results/gate_level/Conv_analysis_view_0p90v_25c_captyp_nominal.sdf, line 889>.
xmelab: *W,SDFINF: Instance RC_CG_HIER_INST49 not found at scope level <top-level> <../logical/results/gate_level/Conv_analysis_view_0p90v_25c_captyp_nominal.sdf, line 908>.
xmelab: *W,SDFINF: Instance RC_CG_HIER_INST50 not found at scope level <top-level> <../logical/results/gate_level/Conv_analysis_view_0p90v_25c_captyp_nominal.sdf, line 927>.
xmelab: *W,SDFINF: Instance RC_CG_HIER_INST51 not found at scope level <top-level> <../logical/results/gate_level/Conv_analysis_view_0p90v_25c_captyp_nominal.sdf, line 946>.
xmelab: *W,SDFINF: Instance RC_CG_HIER_INST52 not found at scope level <top-level> <../logical/results/gate_level/Conv_analysis_view_0p90v_25c_captyp_nominal.sdf, line 965>.
xmelab: *W,SDFINF: Instance RC_CG_HIER_INST53 not found at scope level <top-level> <../logical/results/gate_level/Conv_analysis_view_0p90v_25c_captyp_nominal.sdf, line 984>.
xmelab: *W,SDFINF: Instance RC_CG_HIER_INST55 not found at scope level <top-level> <../logical/results/gate_level/Conv_analysis_view_0p90v_25c_captyp_nominal.sdf, line 1003>.
xmelab: *W,SDFINF: Instance RC_CG_HIER_INST56 not found at scope level <top-level> <../logical/results/gate_level/Conv_analysis_view_0p90v_25c_captyp_nominal.sdf, line 1022>.
xmelab: *W,SDFINF: Instance RC_CG_HIER_INST58 not found at scope level <top-level> <../logical/results/gate_level/Conv_analysis_view_0p90v_25c_captyp_nominal.sdf, line 1041>.
xmelab: *W,SDFINF: Instance RC_CG_HIER_INST59 not found at scope level <top-level> <../logical/results/gate_level/Conv_analysis_view_0p90v_25c_captyp_nominal.sdf, line 1060>.
xmelab: *W,SDFINF: Instance g2549__2398 not found at scope level inverse_row_acc <../logical/results/gate_level/Conv_analysis_view_0p90v_25c_captyp_nominal.sdf, line 1079>.
xmelab: *W,SDFINF: Instance g2549__2398 not found at scope level inverse_row_acc <../logical/results/gate_level/Conv_analysis_view_0p90v_25c_captyp_nominal.sdf, line 1079>.
xmelab: *W,SDFINF: Instance g2550__5107 not found at scope level inverse_row_acc <../logical/results/gate_level/Conv_analysis_view_0p90v_25c_captyp_nominal.sdf, line 1103>.
xmelab: *W,SDFINF: Instance g2550__5107 not found at scope level inverse_row_acc <../logical/results/gate_level/Conv_analysis_view_0p90v_25c_captyp_nominal.sdf, line 1103>.
xmelab: *W,SDFINF: Instance g2551__6260 not found at scope level inverse_row_acc <../logical/results/gate_level/Conv_analysis_view_0p90v_25c_captyp_nominal.sdf, line 1127>.
xmelab: *W,SDFINF: Instance g2551__6260 not found at scope level inverse_row_acc <../logical/results/gate_level/Conv_analysis_view_0p90v_25c_captyp_nominal.sdf, line 1127>.
xmelab: *W,SDFINF: Instance g2552__4319 not found at scope level inverse_row_acc <../logical/results/gate_level/Conv_analysis_view_0p90v_25c_captyp_nominal.sdf, line 1151>.
xmelab: *W,SDFINF: Instance g2552__4319 not found at scope level inverse_row_acc <../logical/results/gate_level/Conv_analysis_view_0p90v_25c_captyp_nominal.sdf, line 1151>.
xmelab: *W,SDFINF: Instance g2553__8428 not found at scope level inverse_row_acc <../logical/results/gate_level/Conv_analysis_view_0p90v_25c_captyp_nominal.sdf, line 1175>.
xmelab: *W,SDFINF: Instance g2553__8428 not found at scope level inverse_row_acc <../logical/results/gate_level/Conv_analysis_view_0p90v_25c_captyp_nominal.sdf, line 1175>.
xmelab: *W,SDFINF: Instance g2554__5526 not found at scope level inverse_row_acc <../logical/results/gate_level/Conv_analysis_view_0p90v_25c_captyp_nominal.sdf, line 1199>.
xmelab: *W,SDFINF: Instance g2554__5526 not found at scope level inverse_row_acc <../logical/results/gate_level/Conv_analysis_view_0p90v_25c_captyp_nominal.sdf, line 1199>.
xmelab: *W,SDFINF: Instance g2555__6783 not found at scope level inverse_row_acc <../logical/results/gate_level/Conv_analysis_view_0p90v_25c_captyp_nominal.sdf, line 1223>.
xmelab: *W,SDFINF: Instance g2555__6783 not found at scope level inverse_row_acc <../logical/results/gate_level/Conv_analysis_view_0p90v_25c_captyp_nominal.sdf, line 1223>.
xmelab: *W,SDFINF: Instance g2556__3680 not found at scope level inverse_row_acc <../logical/results/gate_level/Conv_analysis_view_0p90v_25c_captyp_nominal.sdf, line 1247>.
xmelab: *W,SDFINF: Instance g2556__3680 not found at scope level inverse_row_acc <../logical/results/gate_level/Conv_analysis_view_0p90v_25c_captyp_nominal.sdf, line 1247>.
xmelab: *W,SDFINF: Instance g2557__1617 not found at scope level inverse_row_acc <../logical/results/gate_level/Conv_analysis_view_0p90v_25c_captyp_nominal.sdf, line 1271>.
xmelab: *W,SDFINF: Instance g2557__1617 not found at scope level inverse_row_acc <../logical/results/gate_level/Conv_analysis_view_0p90v_25c_captyp_nominal.sdf, line 1271>.
xmelab: *W,SDFINF: Instance g2558__2802 not found at scope level inverse_row_acc <../logical/results/gate_level/Conv_analysis_view_0p90v_25c_captyp_nominal.sdf, line 1295>.
xmelab: *W,SDFINF: Instance g2558__2802 not found at scope level inverse_row_acc <../logical/results/gate_level/Conv_analysis_view_0p90v_25c_captyp_nominal.sdf, line 1295>.
xmelab: *W,SDFINF: Instance g2559__1705 not found at scope level inverse_row_acc <../logical/results/gate_level/Conv_analysis_view_0p90v_25c_captyp_nominal.sdf, line 1319>.
xmelab: *W,SDFINF: Instance g2559__1705 not found at scope level inverse_row_acc <../logical/results/gate_level/Conv_analysis_view_0p90v_25c_captyp_nominal.sdf, line 1319>.
xmelab: *W,SDFINF: Instance g2560__5122 not found at scope level inverse_row_acc <../logical/results/gate_level/Conv_analysis_view_0p90v_25c_captyp_nominal.sdf, line 1343>.
xmelab: *W,SDFINF: Instance g2560__5122 not found at scope level inverse_row_acc <../logical/results/gate_level/Conv_analysis_view_0p90v_25c_captyp_nominal.sdf, line 1343>.
xmelab: *W,SDFINF: Instance g2561__8246 not found at scope level inverse_row_acc <../logical/results/gate_level/Conv_analysis_view_0p90v_25c_captyp_nominal.sdf, line 1367>.
xmelab: *W,SDFINF: Instance g2561__8246 not found at scope level inverse_row_acc <../logical/results/gate_level/Conv_analysis_view_0p90v_25c_captyp_nominal.sdf, line 1367>.
xmelab: *W,SDFINF: Instance g2562__7098 not found at scope level inverse_row_acc <../logical/results/gate_level/Conv_analysis_view_0p90v_25c_captyp_nominal.sdf, line 1391>.
xmelab: *W,SDFINF: Instance g2562__7098 not found at scope level inverse_row_acc <../logical/results/gate_level/Conv_analysis_view_0p90v_25c_captyp_nominal.sdf, line 1391>.
xmelab: *W,SDFINF: Instance g2563__6131 not found at scope level inverse_row_acc <../logical/results/gate_level/Conv_analysis_view_0p90v_25c_captyp_nominal.sdf, line 1415>.
xmelab: *W,SDFINF: Instance g2563__6131 not found at scope level inverse_row_acc <../logical/results/gate_level/Conv_analysis_view_0p90v_25c_captyp_nominal.sdf, line 1415>.
xmelab: *W,SDFINF: Instance g2564__1881 not found at scope level inverse_row_acc <../logical/results/gate_level/Conv_analysis_view_0p90v_25c_captyp_nominal.sdf, line 1439>.
xmelab: *W,SDFINF: Instance g2564__1881 not found at scope level inverse_row_acc <../logical/results/gate_level/Conv_analysis_view_0p90v_25c_captyp_nominal.sdf, line 1439>.
xmelab: *W,SDFINF: Instance g2565__5115 not found at scope level inverse_row_acc <../logical/results/gate_level/Conv_analysis_view_0p90v_25c_captyp_nominal.sdf, line 1463>.
xmelab: *W,SDFINF: Instance g2565__5115 not found at scope level inverse_row_acc <../logical/results/gate_level/Conv_analysis_view_0p90v_25c_captyp_nominal.sdf, line 1463>.
xmelab: *W,SDFINF: Instance g2566__7482 not found at scope level inverse_row_acc <../logical/results/gate_level/Conv_analysis_view_0p90v_25c_captyp_nominal.sdf, line 1487>.
xmelab: *W,SDFINF: Instance g2566__7482 not found at scope level inverse_row_acc <../logical/results/gate_level/Conv_analysis_view_0p90v_25c_captyp_nominal.sdf, line 1487>.
xmelab: *W,SDFINF: Instance g2567__4733 not found at scope level inverse_row_acc <../logical/results/gate_level/Conv_analysis_view_0p90v_25c_captyp_nominal.sdf, line 1511>.
xmelab: *W,SDFINF: Instance g2567__4733 not found at scope level inverse_row_acc <../logical/results/gate_level/Conv_analysis_view_0p90v_25c_captyp_nominal.sdf, line 1511>.
xmelab: *W,SDFINF: Instance g2568__6161 not found at scope level inverse_row_acc <../logical/results/gate_level/Conv_analysis_view_0p90v_25c_captyp_nominal.sdf, line 1535>.
xmelab: *W,SDFINF: Instance g2568__6161 not found at scope level inverse_row_acc <../logical/results/gate_level/Conv_analysis_view_0p90v_25c_captyp_nominal.sdf, line 1535>.
xmelab: *W,SDFINF: Instance g2569__9315 not found at scope level inverse_row_acc <../logical/results/gate_level/Conv_analysis_view_0p90v_25c_captyp_nominal.sdf, line 1559>.
xmelab: *W,SDFINF: Instance g2569__9315 not found at scope level inverse_row_acc <../logical/results/gate_level/Conv_analysis_view_0p90v_25c_captyp_nominal.sdf, line 1559>.
xmelab: *W,SDFINF: Instance g2571__9945 not found at scope level inverse_row_acc <../logical/results/gate_level/Conv_analysis_view_0p90v_25c_captyp_nominal.sdf, line 1571>.
xmelab: *W,SDFINF: Instance g2571__9945 not found at scope level inverse_row_acc <../logical/results/gate_level/Conv_analysis_view_0p90v_25c_captyp_nominal.sdf, line 1571>.
xmelab: *W,SDFINF: Instance g2574__2883 not found at scope level inverse_row_acc <../logical/results/gate_level/Conv_analysis_view_0p90v_25c_captyp_nominal.sdf, line 1583>.
xmelab: *W,SDFINF: Instance g2574__2883 not found at scope level inverse_row_acc <../logical/results/gate_level/Conv_analysis_view_0p90v_25c_captyp_nominal.sdf, line 1583>.
xmelab: *W,SDFINF: Instance g2575__2346 not found at scope level inverse_row_acc <../logical/results/gate_level/Conv_analysis_view_0p90v_25c_captyp_nominal.sdf, line 1595>.
xmelab: *W,SDFINF: Instance g2575__2346 not found at scope level inverse_row_acc <../logical/results/gate_level/Conv_analysis_view_0p90v_25c_captyp_nominal.sdf, line 1595>.
xmelab: *W,SDFINF: Instance g2576__1666 not found at scope level inverse_row_acc <../logical/results/gate_level/Conv_analysis_view_0p90v_25c_captyp_nominal.sdf, line 1607>.
xmelab: *W,SDFINF: Instance g2576__1666 not found at scope level inverse_row_acc <../logical/results/gate_level/Conv_analysis_view_0p90v_25c_captyp_nominal.sdf, line 1607>.
xmelab: *W,SDFINF: Instance g2577__7410 not found at scope level inverse_row_acc <../logical/results/gate_level/Conv_analysis_view_0p90v_25c_captyp_nominal.sdf, line 1631>.
xmelab: *W,SDFINF: Instance g2577__7410 not found at scope level inverse_row_acc <../logical/results/gate_level/Conv_analysis_view_0p90v_25c_captyp_nominal.sdf, line 1631>.
xmelab: *W,SDFINF: Instance g2578__6417 not found at scope level inverse_row_acc <../logical/results/gate_level/Conv_analysis_view_0p90v_25c_captyp_nominal.sdf, line 1655>.
xmelab: *W,SDFINF: Instance g2578__6417 not found at scope level inverse_row_acc <../logical/results/gate_level/Conv_analysis_view_0p90v_25c_captyp_nominal.sdf, line 1655>.
xmelab: *W,SDFINF: Instance g2579__5477 not found at scope level inverse_row_acc <../logical/results/gate_level/Conv_analysis_view_0p90v_25c_captyp_nominal.sdf, line 1679>.
xmelab: *W,SDFINF: Instance g2579__5477 not found at scope level inverse_row_acc <../logical/results/gate_level/Conv_analysis_view_0p90v_25c_captyp_nominal.sdf, line 1679>.
xmelab: *W,SDFINF: Instance g2580__2398 not found at scope level inverse_row_acc <../logical/results/gate_level/Conv_analysis_view_0p90v_25c_captyp_nominal.sdf, line 1703>.
xmelab: *W,SDFINF: Instance g2580__2398 not found at scope level inverse_row_acc <../logical/results/gate_level/Conv_analysis_view_0p90v_25c_captyp_nominal.sdf, line 1703>.
xmelab: *W,SDFINF: Instance g2581__5107 not found at scope level inverse_row_acc <../logical/results/gate_level/Conv_analysis_view_0p90v_25c_captyp_nominal.sdf, line 1727>.
xmelab: *W,SDFINF: Instance g2581__5107 not found at scope level inverse_row_acc <../logical/results/gate_level/Conv_analysis_view_0p90v_25c_captyp_nominal.sdf, line 1727>.
xmelab: *W,SDFINF: Instance g2582__6260 not found at scope level inverse_row_acc <../logical/results/gate_level/Conv_analysis_view_0p90v_25c_captyp_nominal.sdf, line 1751>.
xmelab: *W,SDFINF: Instance g2582__6260 not found at scope level inverse_row_acc <../logical/results/gate_level/Conv_analysis_view_0p90v_25c_captyp_nominal.sdf, line 1751>.
xmelab: *W,SDFINF: Instance g2583__4319 not found at scope level inverse_row_acc <../logical/results/gate_level/Conv_analysis_view_0p90v_25c_captyp_nominal.sdf, line 1775>.
xmelab: *W,SDFINF: Instance g2583__4319 not found at scope level inverse_row_acc <../logical/results/gate_level/Conv_analysis_view_0p90v_25c_captyp_nominal.sdf, line 1775>.
xmelab: *W,SDFINF: Instance g2584__8428 not found at scope level inverse_row_acc <../logical/results/gate_level/Conv_analysis_view_0p90v_25c_captyp_nominal.sdf, line 1799>.
xmelab: *W,SDFINF: Instance g2584__8428 not found at scope level inverse_row_acc <../logical/results/gate_level/Conv_analysis_view_0p90v_25c_captyp_nominal.sdf, line 1799>.
xmelab: *W,SDFINF: Instance g2585__5526 not found at scope level inverse_row_acc <../logical/results/gate_level/Conv_analysis_view_0p90v_25c_captyp_nominal.sdf, line 1823>.
xmelab: *W,SDFINF: Instance g2585__5526 not found at scope level inverse_row_acc <../logical/results/gate_level/Conv_analysis_view_0p90v_25c_captyp_nominal.sdf, line 1823>.
xmelab: *W,SDFINF: Instance g2586__6783 not found at scope level inverse_row_acc <../logical/results/gate_level/Conv_analysis_view_0p90v_25c_captyp_nominal.sdf, line 1847>.
xmelab: *W,SDFINF: Instance g2586__6783 not found at scope level inverse_row_acc <../logical/results/gate_level/Conv_analysis_view_0p90v_25c_captyp_nominal.sdf, line 1847>.
xmelab: *W,SDFINF: Instance g2587__3680 not found at scope level inverse_row_acc <../logical/results/gate_level/Conv_analysis_view_0p90v_25c_captyp_nominal.sdf, line 1871>.
xmelab: *W,SDFINF: Instance g2587__3680 not found at scope level inverse_row_acc <../logical/results/gate_level/Conv_analysis_view_0p90v_25c_captyp_nominal.sdf, line 1871>.
xmelab: *W,SDFINF: Instance g2588__1617 not found at scope level inverse_row_acc <../logical/results/gate_level/Conv_analysis_view_0p90v_25c_captyp_nominal.sdf, line 1895>.
xmelab: *W,SDFINF: Instance g2588__1617 not found at scope level inverse_row_acc <../logical/results/gate_level/Conv_analysis_view_0p90v_25c_captyp_nominal.sdf, line 1895>.
xmelab: *W,SDFINF: Instance g2589__2802 not found at scope level inverse_row_acc <../logical/results/gate_level/Conv_analysis_view_0p90v_25c_captyp_nominal.sdf, line 1919>.
xmelab: *W,SDFINF: Instance g2589__2802 not found at scope level inverse_row_acc <../logical/results/gate_level/Conv_analysis_view_0p90v_25c_captyp_nominal.sdf, line 1919>.
xmelab: *W,SDFINF: Instance g2590__1705 not found at scope level inverse_row_acc <../logical/results/gate_level/Conv_analysis_view_0p90v_25c_captyp_nominal.sdf, line 1943>.
xmelab: *W,SDFINF: Instance g2590__1705 not found at scope level inverse_row_acc <../logical/results/gate_level/Conv_analysis_view_0p90v_25c_captyp_nominal.sdf, line 1943>.
xmelab: *W,SDFINF: Instance g2591__5122 not found at scope level inverse_row_acc <../logical/results/gate_level/Conv_analysis_view_0p90v_25c_captyp_nominal.sdf, line 1967>.
xmelab: *W,SDFINF: Instance g2591__5122 not found at scope level inverse_row_acc <../logical/results/gate_level/Conv_analysis_view_0p90v_25c_captyp_nominal.sdf, line 1967>.
xmelab: *W,SDFINF: Instance g2592__8246 not found at scope level inverse_row_acc <../logical/results/gate_level/Conv_analysis_view_0p90v_25c_captyp_nominal.sdf, line 1991>.
xmelab: *W,SDFINF: Instance g2592__8246 not found at scope level inverse_row_acc <../logical/results/gate_level/Conv_analysis_view_0p90v_25c_captyp_nominal.sdf, line 1991>.
xmelab: *W,SDFINF: Instance g2593__7098 not found at scope level inverse_row_acc <../logical/results/gate_level/Conv_analysis_view_0p90v_25c_captyp_nominal.sdf, line 2015>.
xmelab: *W,SDFINF: Instance g2593__7098 not found at scope level inverse_row_acc <../logical/results/gate_level/Conv_analysis_view_0p90v_25c_captyp_nominal.sdf, line 2015>.
xmelab: *W,SDFINF: Instance g2594__6131 not found at scope level inverse_row_acc <../logical/results/gate_level/Conv_analysis_view_0p90v_25c_captyp_nominal.sdf, line 2039>.
xmelab: *W,SDFINF: Instance g2594__6131 not found at scope level inverse_row_acc <../logical/results/gate_level/Conv_analysis_view_0p90v_25c_captyp_nominal.sdf, line 2039>.
xmelab: *W,SDFINF: Instance g2595__1881 not found at scope level inverse_row_acc <../logical/results/gate_level/Conv_analysis_view_0p90v_25c_captyp_nominal.sdf, line 2063>.
xmelab: *W,SDFINF: Instance g2595__1881 not found at scope level inverse_row_acc <../logical/results/gate_level/Conv_analysis_view_0p90v_25c_captyp_nominal.sdf, line 2063>.
xmelab: *W,SDFINF: Instance g3900__5115 not found at scope level inverse_row_acc <../logical/results/gate_level/Conv_analysis_view_0p90v_25c_captyp_nominal.sdf, line 2087>.
xmelab: *W,SDFINF: Instance g3900__5115 not found at scope level inverse_row_acc <../logical/results/gate_level/Conv_analysis_view_0p90v_25c_captyp_nominal.sdf, line 2087>.
xmelab: *W,SDFINF: Instance g3901__7482 not found at scope level inverse_row_acc <../logical/results/gate_level/Conv_analysis_view_0p90v_25c_captyp_nominal.sdf, line 2103>.
xmelab: *W,SDFINF: Instance g3901__7482 not found at scope level inverse_row_acc <../logical/results/gate_level/Conv_analysis_view_0p90v_25c_captyp_nominal.sdf, line 2103>.
xmelab: *W,SDFINF: Instance g3902__4733 not found at scope level inverse_row_acc <../logical/results/gate_level/Conv_analysis_view_0p90v_25c_captyp_nominal.sdf, line 2119>.
xmelab: *W,SDFINF: Instance g3902__4733 not found at scope level inverse_row_acc <../logical/results/gate_level/Conv_analysis_view_0p90v_25c_captyp_nominal.sdf, line 2119>.
xmelab: *W,SDFINF: Instance g3903__6161 not found at scope level inverse_row_acc <../logical/results/gate_level/Conv_analysis_view_0p90v_25c_captyp_nominal.sdf, line 2135>.
xmelab: *W,SDFINF: Instance g3903__6161 not found at scope level inverse_row_acc <../logical/results/gate_level/Conv_analysis_view_0p90v_25c_captyp_nominal.sdf, line 2135>.
xmelab: *W,SDFINF: Instance g3904__9315 not found at scope level inverse_row_acc <../logical/results/gate_level/Conv_analysis_view_0p90v_25c_captyp_nominal.sdf, line 2151>.
xmelab: *W,SDFINF: Instance g3904__9315 not found at scope level inverse_row_acc <../logical/results/gate_level/Conv_analysis_view_0p90v_25c_captyp_nominal.sdf, line 2151>.
xmelab: *W,SDFINF: Instance g3905__9945 not found at scope level inverse_row_acc <../logical/results/gate_level/Conv_analysis_view_0p90v_25c_captyp_nominal.sdf, line 2167>.
xmelab: *W,SDFINF: Instance g3905__9945 not found at scope level inverse_row_acc <../logical/results/gate_level/Conv_analysis_view_0p90v_25c_captyp_nominal.sdf, line 2167>.
xmelab: *W,SDFINF: Instance g3906__2883 not found at scope level inverse_row_acc <../logical/results/gate_level/Conv_analysis_view_0p90v_25c_captyp_nominal.sdf, line 2183>.
xmelab: *W,SDFINF: Instance g3906__2883 not found at scope level inverse_row_acc <../logical/results/gate_level/Conv_analysis_view_0p90v_25c_captyp_nominal.sdf, line 2183>.
xmelab: *W,SDFINF: Instance g3907__2346 not found at scope level inverse_row_acc <../logical/results/gate_level/Conv_analysis_view_0p90v_25c_captyp_nominal.sdf, line 2199>.
xmelab: *W,SDFINF: Instance g3907__2346 not found at scope level inverse_row_acc <../logical/results/gate_level/Conv_analysis_view_0p90v_25c_captyp_nominal.sdf, line 2199>.
xmelab: *W,SDFINF: Instance g3908__1666 not found at scope level inverse_row_acc <../logical/results/gate_level/Conv_analysis_view_0p90v_25c_captyp_nominal.sdf, line 2215>.
xmelab: *W,SDFINF: Instance g3908__1666 not found at scope level inverse_row_acc <../logical/results/gate_level/Conv_analysis_view_0p90v_25c_captyp_nominal.sdf, line 2215>.
xmelab: *W,SDFINF: Instance g3909__7410 not found at scope level inverse_row_acc <../logical/results/gate_level/Conv_analysis_view_0p90v_25c_captyp_nominal.sdf, line 2227>.
xmelab: *W,SDFINF: Instance g3909__7410 not found at scope level inverse_row_acc <../logical/results/gate_level/Conv_analysis_view_0p90v_25c_captyp_nominal.sdf, line 2227>.
xmelab: *W,SDFINF: Instance g3910__6417 not found at scope level inverse_row_acc <../logical/results/gate_level/Conv_analysis_view_0p90v_25c_captyp_nominal.sdf, line 2239>.
xmelab: *W,SDFINF: Instance g3910__6417 not found at scope level inverse_row_acc <../logical/results/gate_level/Conv_analysis_view_0p90v_25c_captyp_nominal.sdf, line 2239>.
xmelab: *W,SDFINF: Instance g3911__5477 not found at scope level inverse_row_acc <../logical/results/gate_level/Conv_analysis_view_0p90v_25c_captyp_nominal.sdf, line 2251>.
xmelab: *W,SDFINF: Instance g3911__5477 not found at scope level inverse_row_acc <../logical/results/gate_level/Conv_analysis_view_0p90v_25c_captyp_nominal.sdf, line 2251>.
xmelab: *W,SDFINF: Instance g3912__2398 not found at scope level inverse_row_acc <../logical/results/gate_level/Conv_analysis_view_0p90v_25c_captyp_nominal.sdf, line 2263>.
xmelab: *W,SDFINF: Instance g3912__2398 not found at scope level inverse_row_acc <../logical/results/gate_level/Conv_analysis_view_0p90v_25c_captyp_nominal.sdf, line 2263>.
xmelab: *W,SDFINF: Instance g3913__5107 not found at scope level inverse_row_acc <../logical/results/gate_level/Conv_analysis_view_0p90v_25c_captyp_nominal.sdf, line 2275>.
xmelab: *W,SDFINF: Instance g3913__5107 not found at scope level inverse_row_acc <../logical/results/gate_level/Conv_analysis_view_0p90v_25c_captyp_nominal.sdf, line 2275>.
xmelab: *W,SDFINF: Instance g3914__6260 not found at scope level inverse_row_acc <../logical/results/gate_level/Conv_analysis_view_0p90v_25c_captyp_nominal.sdf, line 2287>.
xmelab: *W,SDFINF: Instance g3914__6260 not found at scope level inverse_row_acc <../logical/results/gate_level/Conv_analysis_view_0p90v_25c_captyp_nominal.sdf, line 2287>.
xmelab: *W,SDFINF: Instance g3915__4319 not found at scope level inverse_row_acc <../logical/results/gate_level/Conv_analysis_view_0p90v_25c_captyp_nominal.sdf, line 2299>.
xmelab: *W,SDFINF: Instance g3915__4319 not found at scope level inverse_row_acc <../logical/results/gate_level/Conv_analysis_view_0p90v_25c_captyp_nominal.sdf, line 2299>.
xmelab: *W,SDFINF: Instance g3916__8428 not found at scope level inverse_row_acc <../logical/results/gate_level/Conv_analysis_view_0p90v_25c_captyp_nominal.sdf, line 2311>.
xmelab: *W,SDFINF: Instance g3916__8428 not found at scope level inverse_row_acc <../logical/results/gate_level/Conv_analysis_view_0p90v_25c_captyp_nominal.sdf, line 2311>.
xmelab: *W,SDFINF: Instance g3917__5526 not found at scope level inverse_row_acc <../logical/results/gate_level/Conv_analysis_view_0p90v_25c_captyp_nominal.sdf, line 2323>.
xmelab: *W,SDFINF: Instance g3917__5526 not found at scope level inverse_row_acc <../logical/results/gate_level/Conv_analysis_view_0p90v_25c_captyp_nominal.sdf, line 2323>.
xmelab: *W,SDFINF: Instance g3918__6783 not found at scope level inverse_row_acc <../logical/results/gate_level/Conv_analysis_view_0p90v_25c_captyp_nominal.sdf, line 2335>.
xmelab: *W,SDFINF: Instance g3918__6783 not found at scope level inverse_row_acc <../logical/results/gate_level/Conv_analysis_view_0p90v_25c_captyp_nominal.sdf, line 2335>.
xmelab: *W,SDFINF: Instance g3919__3680 not found at scope level inverse_row_acc <../logical/results/gate_level/Conv_analysis_view_0p90v_25c_captyp_nominal.sdf, line 2347>.
xmelab: *W,SDFINF: Instance g3919__3680 not found at scope level inverse_row_acc <../logical/results/gate_level/Conv_analysis_view_0p90v_25c_captyp_nominal.sdf, line 2347>.
xmelab: *W,SDFINF: Instance g3920__1617 not found at scope level inverse_row_acc <../logical/results/gate_level/Conv_analysis_view_0p90v_25c_captyp_nominal.sdf, line 2359>.
xmelab: *W,SDFINF: Instance g3920__1617 not found at scope level inverse_row_acc <../logical/results/gate_level/Conv_analysis_view_0p90v_25c_captyp_nominal.sdf, line 2359>.
xmelab: *W,SDFINF: Instance g3921__2802 not found at scope level inverse_row_acc <../logical/results/gate_level/Conv_analysis_view_0p90v_25c_captyp_nominal.sdf, line 2371>.
xmelab: *W,SDFINF: Instance g3921__2802 not found at scope level inverse_row_acc <../logical/results/gate_level/Conv_analysis_view_0p90v_25c_captyp_nominal.sdf, line 2371>.
xmelab: *W,SDFINF: Instance g3922__1705 not found at scope level inverse_row_acc <../logical/results/gate_level/Conv_analysis_view_0p90v_25c_captyp_nominal.sdf, line 2383>.
xmelab: *W,SDFINF: Instance g3922__1705 not found at scope level inverse_row_acc <../logical/results/gate_level/Conv_analysis_view_0p90v_25c_captyp_nominal.sdf, line 2383>.
xmelab: *W,SDFINF: Instance g3923__5122 not found at scope level inverse_row_acc <../logical/results/gate_level/Conv_analysis_view_0p90v_25c_captyp_nominal.sdf, line 2395>.
xmelab: *W,SDFINF: Instance g3923__5122 not found at scope level inverse_row_acc <../logical/results/gate_level/Conv_analysis_view_0p90v_25c_captyp_nominal.sdf, line 2395>.
xmelab: *W,SDFINF: Instance g3924__8246 not found at scope level inverse_row_acc <../logical/results/gate_level/Conv_analysis_view_0p90v_25c_captyp_nominal.sdf, line 2407>.
xmelab: *W,SDFINF: Instance g3924__8246 not found at scope level inverse_row_acc <../logical/results/gate_level/Conv_analysis_view_0p90v_25c_captyp_nominal.sdf, line 2407>.
xmelab: *W,SDFINF: Instance g3925__7098 not found at scope level inverse_row_acc <../logical/results/gate_level/Conv_analysis_view_0p90v_25c_captyp_nominal.sdf, line 2419>.
xmelab: *W,SDFINF: Instance g3925__7098 not found at scope level inverse_row_acc <../logical/results/gate_level/Conv_analysis_view_0p90v_25c_captyp_nominal.sdf, line 2419>.
xmelab: *W,SDFINF: Instance g3926__6131 not found at scope level inverse_row_acc <../logical/results/gate_level/Conv_analysis_view_0p90v_25c_captyp_nominal.sdf, line 2431>.
xmelab: *W,SDFINF: Instance g3926__6131 not found at scope level inverse_row_acc <../logical/results/gate_level/Conv_analysis_view_0p90v_25c_captyp_nominal.sdf, line 2431>.
xmelab: *W,SDFINF: Instance g3927__1881 not found at scope level inverse_row_acc <../logical/results/gate_level/Conv_analysis_view_0p90v_25c_captyp_nominal.sdf, line 2443>.
xmelab: *W,SDFINF: Instance g3927__1881 not found at scope level inverse_row_acc <../logical/results/gate_level/Conv_analysis_view_0p90v_25c_captyp_nominal.sdf, line 2443>.
xmelab: *W,SDFINF: Instance g3928__5115 not found at scope level inverse_row_acc <../logical/results/gate_level/Conv_analysis_view_0p90v_25c_captyp_nominal.sdf, line 2455>.
xmelab: *W,SDFINF: Instance g3928__5115 not found at scope level inverse_row_acc <../logical/results/gate_level/Conv_analysis_view_0p90v_25c_captyp_nominal.sdf, line 2455>.
xmelab: *W,SDFINF: Instance g3929__7482 not found at scope level inverse_row_acc <../logical/results/gate_level/Conv_analysis_view_0p90v_25c_captyp_nominal.sdf, line 2467>.
xmelab: *W,SDFINF: Instance g3929__7482 not found at scope level inverse_row_acc <../logical/results/gate_level/Conv_analysis_view_0p90v_25c_captyp_nominal.sdf, line 2467>.
xmelab: *W,SDFINF: Instance g3930__4733 not found at scope level inverse_row_acc <../logical/results/gate_level/Conv_analysis_view_0p90v_25c_captyp_nominal.sdf, line 2479>.
xmelab: *W,SDFINF: Instance g3930__4733 not found at scope level inverse_row_acc <../logical/results/gate_level/Conv_analysis_view_0p90v_25c_captyp_nominal.sdf, line 2479>.
xmelab: *W,SDFINF: Instance g3931__6161 not found at scope level inverse_row_acc <../logical/results/gate_level/Conv_analysis_view_0p90v_25c_captyp_nominal.sdf, line 2491>.
xmelab: *W,SDFINF: Instance g3931__6161 not found at scope level inverse_row_acc <../logical/results/gate_level/Conv_analysis_view_0p90v_25c_captyp_nominal.sdf, line 2491>.
xmelab: *W,SDFINF: Instance g3932__9315 not found at scope level inverse_row_acc <../logical/results/gate_level/Conv_analysis_view_0p90v_25c_captyp_nominal.sdf, line 2503>.
xmelab: *W,SDFINF: Instance g3932__9315 not found at scope level inverse_row_acc <../logical/results/gate_level/Conv_analysis_view_0p90v_25c_captyp_nominal.sdf, line 2503>.
xmelab: *W,SDFINF: Instance g3933__9945 not found at scope level inverse_row_acc <../logical/results/gate_level/Conv_analysis_view_0p90v_25c_captyp_nominal.sdf, line 2515>.
xmelab: *W,SDFINF: Instance g3933__9945 not found at scope level inverse_row_acc <../logical/results/gate_level/Conv_analysis_view_0p90v_25c_captyp_nominal.sdf, line 2515>.
xmelab: *W,SDFINF: Instance g3934__2883 not found at scope level inverse_row_acc <../logical/results/gate_level/Conv_analysis_view_0p90v_25c_captyp_nominal.sdf, line 2527>.
xmelab: *W,SDFINF: Instance g3934__2883 not found at scope level inverse_row_acc <../logical/results/gate_level/Conv_analysis_view_0p90v_25c_captyp_nominal.sdf, line 2527>.
xmelab: *W,SDFINF: Instance g3935__2346 not found at scope level inverse_row_acc <../logical/results/gate_level/Conv_analysis_view_0p90v_25c_captyp_nominal.sdf, line 2539>.
xmelab: *W,SDFINF: Instance g3935__2346 not found at scope level inverse_row_acc <../logical/results/gate_level/Conv_analysis_view_0p90v_25c_captyp_nominal.sdf, line 2539>.
xmelab: *W,SDFINF: Instance g3936__1666 not found at scope level inverse_row_acc <../logical/results/gate_level/Conv_analysis_view_0p90v_25c_captyp_nominal.sdf, line 2551>.
xmelab: *W,SDFINF: Instance g3936__1666 not found at scope level inverse_row_acc <../logical/results/gate_level/Conv_analysis_view_0p90v_25c_captyp_nominal.sdf, line 2551>.
xmelab: *W,SDFINF: Instance g3937__7410 not found at scope level inverse_row_acc <../logical/results/gate_level/Conv_analysis_view_0p90v_25c_captyp_nominal.sdf, line 2563>.
xmelab: *W,SDFINF: Instance g3937__7410 not found at scope level inverse_row_acc <../logical/results/gate_level/Conv_analysis_view_0p90v_25c_captyp_nominal.sdf, line 2563>.
xmelab: *W,SDFINF: Instance g3938__6417 not found at scope level inverse_row_acc <../logical/results/gate_level/Conv_analysis_view_0p90v_25c_captyp_nominal.sdf, line 2575>.
xmelab: *W,SDFINF: Instance g3938__6417 not found at scope level inverse_row_acc <../logical/results/gate_level/Conv_analysis_view_0p90v_25c_captyp_nominal.sdf, line 2575>.
xmelab: *W,SDFINF: Instance g3939__5477 not found at scope level inverse_row_acc <../logical/results/gate_level/Conv_analysis_view_0p90v_25c_captyp_nominal.sdf, line 2587>.
xmelab: *W,SDFINF: Instance g3939__5477 not found at scope level inverse_row_acc <../logical/results/gate_level/Conv_analysis_view_0p90v_25c_captyp_nominal.sdf, line 2587>.
xmelab: *W,SDFINF: Instance g3940__2398 not found at scope level inverse_row_acc <../logical/results/gate_level/Conv_analysis_view_0p90v_25c_captyp_nominal.sdf, line 2599>.
xmelab: *W,SDFINF: Instance g3940__2398 not found at scope level inverse_row_acc <../logical/results/gate_level/Conv_analysis_view_0p90v_25c_captyp_nominal.sdf, line 2599>.
xmelab: *W,SDFINF: Instance g3941__5107 not found at scope level inverse_row_acc <../logical/results/gate_level/Conv_analysis_view_0p90v_25c_captyp_nominal.sdf, line 2667>.
xmelab: *W,SDFINF: Instance g3941__5107 not found at scope level inverse_row_acc <../logical/results/gate_level/Conv_analysis_view_0p90v_25c_captyp_nominal.sdf, line 2667>.
xmelab: *W,SDFINF: Instance g3942__6260 not found at scope level inverse_row_acc <../logical/results/gate_level/Conv_analysis_view_0p90v_25c_captyp_nominal.sdf, line 2735>.
xmelab: *W,SDFINF: Instance g3942__6260 not found at scope level inverse_row_acc <../logical/results/gate_level/Conv_analysis_view_0p90v_25c_captyp_nominal.sdf, line 2735>.
xmelab: *W,SDFINF: Instance g3943__4319 not found at scope level inverse_row_acc <../logical/results/gate_level/Conv_analysis_view_0p90v_25c_captyp_nominal.sdf, line 2803>.
xmelab: *W,SDFINF: Instance g3943__4319 not found at scope level inverse_row_acc <../logical/results/gate_level/Conv_analysis_view_0p90v_25c_captyp_nominal.sdf, line 2803>.
xmelab: *W,SDFINF: Instance g3944__8428 not found at scope level inverse_row_acc <../logical/results/gate_level/Conv_analysis_view_0p90v_25c_captyp_nominal.sdf, line 2819>.
xmelab: *W,SDFINF: Instance g3944__8428 not found at scope level inverse_row_acc <../logical/results/gate_level/Conv_analysis_view_0p90v_25c_captyp_nominal.sdf, line 2819>.
xmelab: *W,SDFINF: Instance g3945__5526 not found at scope level inverse_row_acc <../logical/results/gate_level/Conv_analysis_view_0p90v_25c_captyp_nominal.sdf, line 2835>.
xmelab: *W,SDFINF: Instance g3945__5526 not found at scope level inverse_row_acc <../logical/results/gate_level/Conv_analysis_view_0p90v_25c_captyp_nominal.sdf, line 2835>.
xmelab: *W,SDFINF: Instance g3946__6783 not found at scope level inverse_row_acc <../logical/results/gate_level/Conv_analysis_view_0p90v_25c_captyp_nominal.sdf, line 2903>.
xmelab: *W,SDFINF: Instance g3946__6783 not found at scope level inverse_row_acc <../logical/results/gate_level/Conv_analysis_view_0p90v_25c_captyp_nominal.sdf, line 2903>.
xmelab: *W,SDFINF: Instance g3947__3680 not found at scope level inverse_row_acc <../logical/results/gate_level/Conv_analysis_view_0p90v_25c_captyp_nominal.sdf, line 2919>.
xmelab: *W,SDFINF: Instance g3947__3680 not found at scope level inverse_row_acc <../logical/results/gate_level/Conv_analysis_view_0p90v_25c_captyp_nominal.sdf, line 2919>.
xmelab: *W,SDFINF: Instance g3948__1617 not found at scope level inverse_row_acc <../logical/results/gate_level/Conv_analysis_view_0p90v_25c_captyp_nominal.sdf, line 2987>.
xmelab: *W,SDFINF: Instance g3948__1617 not found at scope level inverse_row_acc <../logical/results/gate_level/Conv_analysis_view_0p90v_25c_captyp_nominal.sdf, line 2987>.
xmelab: *W,SDFINF: Instance g3949__2802 not found at scope level inverse_row_acc <../logical/results/gate_level/Conv_analysis_view_0p90v_25c_captyp_nominal.sdf, line 3003>.
xmelab: *W,SDFINF: Instance g3949__2802 not found at scope level inverse_row_acc <../logical/results/gate_level/Conv_analysis_view_0p90v_25c_captyp_nominal.sdf, line 3003>.
xmelab: *W,SDFINF: Instance g3950__1705 not found at scope level inverse_row_acc <../logical/results/gate_level/Conv_analysis_view_0p90v_25c_captyp_nominal.sdf, line 3071>.
xmelab: *W,SDFINF: Instance g3950__1705 not found at scope level inverse_row_acc <../logical/results/gate_level/Conv_analysis_view_0p90v_25c_captyp_nominal.sdf, line 3071>.
xmelab: *W,SDFINF: Instance g3951__5122 not found at scope level inverse_row_acc <../logical/results/gate_level/Conv_analysis_view_0p90v_25c_captyp_nominal.sdf, line 3139>.
xmelab: *W,SDFINF: Instance g3951__5122 not found at scope level inverse_row_acc <../logical/results/gate_level/Conv_analysis_view_0p90v_25c_captyp_nominal.sdf, line 3139>.
xmelab: *W,SDFINF: Instance g3952__8246 not found at scope level inverse_row_acc <../logical/results/gate_level/Conv_analysis_view_0p90v_25c_captyp_nominal.sdf, line 3155>.
xmelab: *W,SDFINF: Instance g3952__8246 not found at scope level inverse_row_acc <../logical/results/gate_level/Conv_analysis_view_0p90v_25c_captyp_nominal.sdf, line 3155>.
xmelab: *W,SDFINF: Instance g3953__7098 not found at scope level inverse_row_acc <../logical/results/gate_level/Conv_analysis_view_0p90v_25c_captyp_nominal.sdf, line 3171>.
xmelab: *W,SDFINF: Instance g3953__7098 not found at scope level inverse_row_acc <../logical/results/gate_level/Conv_analysis_view_0p90v_25c_captyp_nominal.sdf, line 3171>.
xmelab: *W,SDFINF: Instance g3954__6131 not found at scope level inverse_row_acc <../logical/results/gate_level/Conv_analysis_view_0p90v_25c_captyp_nominal.sdf, line 3187>.
xmelab: *W,SDFINF: Instance g3954__6131 not found at scope level inverse_row_acc <../logical/results/gate_level/Conv_analysis_view_0p90v_25c_captyp_nominal.sdf, line 3187>.
xmelab: *W,SDFINF: Instance g3955__1881 not found at scope level inverse_row_acc <../logical/results/gate_level/Conv_analysis_view_0p90v_25c_captyp_nominal.sdf, line 3203>.
xmelab: *W,SDFINF: Instance g3955__1881 not found at scope level inverse_row_acc <../logical/results/gate_level/Conv_analysis_view_0p90v_25c_captyp_nominal.sdf, line 3203>.
xmelab: *W,SDFINF: Instance g3956__5115 not found at scope level inverse_row_acc <../logical/results/gate_level/Conv_analysis_view_0p90v_25c_captyp_nominal.sdf, line 3271>.
xmelab: *W,SDFINF: Instance g3956__5115 not found at scope level inverse_row_acc <../logical/results/gate_level/Conv_analysis_view_0p90v_25c_captyp_nominal.sdf, line 3271>.
xmelab: *W,SDFINF: Instance g3957__7482 not found at scope level inverse_row_acc <../logical/results/gate_level/Conv_analysis_view_0p90v_25c_captyp_nominal.sdf, line 3287>.
xmelab: *W,SDFINF: Instance g3957__7482 not found at scope level inverse_row_acc <../logical/results/gate_level/Conv_analysis_view_0p90v_25c_captyp_nominal.sdf, line 3287>.
xmelab: *W,SDFINF: Instance g3958__4733 not found at scope level inverse_row_acc <../logical/results/gate_level/Conv_analysis_view_0p90v_25c_captyp_nominal.sdf, line 3303>.
xmelab: *W,SDFINF: Instance g3958__4733 not found at scope level inverse_row_acc <../logical/results/gate_level/Conv_analysis_view_0p90v_25c_captyp_nominal.sdf, line 3303>.
xmelab: *W,SDFINF: Instance g3959__6161 not found at scope level inverse_row_acc <../logical/results/gate_level/Conv_analysis_view_0p90v_25c_captyp_nominal.sdf, line 3319>.
xmelab: *W,SDFINF: Instance g3959__6161 not found at scope level inverse_row_acc <../logical/results/gate_level/Conv_analysis_view_0p90v_25c_captyp_nominal.sdf, line 3319>.
xmelab: *W,SDFINF: Instance g3960__9315 not found at scope level inverse_row_acc <../logical/results/gate_level/Conv_analysis_view_0p90v_25c_captyp_nominal.sdf, line 3335>.
xmelab: *W,SDFINF: Instance g3960__9315 not found at scope level inverse_row_acc <../logical/results/gate_level/Conv_analysis_view_0p90v_25c_captyp_nominal.sdf, line 3335>.
xmelab: *W,SDFINF: Instance g3961__9945 not found at scope level inverse_row_acc <../logical/results/gate_level/Conv_analysis_view_0p90v_25c_captyp_nominal.sdf, line 3351>.
xmelab: *W,SDFINF: Instance g3961__9945 not found at scope level inverse_row_acc <../logical/results/gate_level/Conv_analysis_view_0p90v_25c_captyp_nominal.sdf, line 3351>.
xmelab: *W,SDFINF: Instance g3962__2883 not found at scope level inverse_row_acc <../logical/results/gate_level/Conv_analysis_view_0p90v_25c_captyp_nominal.sdf, line 3367>.
xmelab: *W,SDFINF: Instance g3962__2883 not found at scope level inverse_row_acc <../logical/results/gate_level/Conv_analysis_view_0p90v_25c_captyp_nominal.sdf, line 3367>.
xmelab: *W,SDFINF: Instance g3963__2346 not found at scope level inverse_row_acc <../logical/results/gate_level/Conv_analysis_view_0p90v_25c_captyp_nominal.sdf, line 3383>.
xmelab: *W,SDFINF: Instance g3963__2346 not found at scope level inverse_row_acc <../logical/results/gate_level/Conv_analysis_view_0p90v_25c_captyp_nominal.sdf, line 3383>.
xmelab: *W,SDFINF: Instance g3964__1666 not found at scope level inverse_row_acc <../logical/results/gate_level/Conv_analysis_view_0p90v_25c_captyp_nominal.sdf, line 3399>.
xmelab: *W,SDFINF: Instance g3964__1666 not found at scope level inverse_row_acc <../logical/results/gate_level/Conv_analysis_view_0p90v_25c_captyp_nominal.sdf, line 3399>.
xmelab: *W,SDFINF: Instance g3965__7410 not found at scope level inverse_row_acc <../logical/results/gate_level/Conv_analysis_view_0p90v_25c_captyp_nominal.sdf, line 3415>.
xmelab: *W,SDFINF: Instance g3965__7410 not found at scope level inverse_row_acc <../logical/results/gate_level/Conv_analysis_view_0p90v_25c_captyp_nominal.sdf, line 3415>.
xmelab: *W,SDFINF: Instance g3966__6417 not found at scope level inverse_row_acc <../logical/results/gate_level/Conv_analysis_view_0p90v_25c_captyp_nominal.sdf, line 3431>.
xmelab: *W,SDFINF: Instance g3966__6417 not found at scope level inverse_row_acc <../logical/results/gate_level/Conv_analysis_view_0p90v_25c_captyp_nominal.sdf, line 3431>.
xmelab: *W,SDFINF: Instance g3967__5477 not found at scope level inverse_row_acc <../logical/results/gate_level/Conv_analysis_view_0p90v_25c_captyp_nominal.sdf, line 3447>.
xmelab: *W,SDFINF: Instance g3967__5477 not found at scope level inverse_row_acc <../logical/results/gate_level/Conv_analysis_view_0p90v_25c_captyp_nominal.sdf, line 3447>.
xmelab: *W,SDFINF: Instance g3968__2398 not found at scope level inverse_row_acc <../logical/results/gate_level/Conv_analysis_view_0p90v_25c_captyp_nominal.sdf, line 3463>.
xmelab: *W,SDFINF: Instance g3968__2398 not found at scope level inverse_row_acc <../logical/results/gate_level/Conv_analysis_view_0p90v_25c_captyp_nominal.sdf, line 3463>.
xmelab: *W,SDFINF: Instance g3969__5107 not found at scope level inverse_row_acc <../logical/results/gate_level/Conv_analysis_view_0p90v_25c_captyp_nominal.sdf, line 3479>.
xmelab: *W,SDFINF: Instance g3969__5107 not found at scope level inverse_row_acc <../logical/results/gate_level/Conv_analysis_view_0p90v_25c_captyp_nominal.sdf, line 3479>.
xmelab: *W,SDFINF: Instance g3970__6260 not found at scope level inverse_row_acc <../logical/results/gate_level/Conv_analysis_view_0p90v_25c_captyp_nominal.sdf, line 3495>.
xmelab: *W,SDFINF: Instance g3970__6260 not found at scope level inverse_row_acc <../logical/results/gate_level/Conv_analysis_view_0p90v_25c_captyp_nominal.sdf, line 3495>.
xmelab: *W,SDFINF: Instance g3971__4319 not found at scope level inverse_row_acc <../logical/results/gate_level/Conv_analysis_view_0p90v_25c_captyp_nominal.sdf, line 3511>.
xmelab: *W,SDFINF: Instance g3971__4319 not found at scope level inverse_row_acc <../logical/results/gate_level/Conv_analysis_view_0p90v_25c_captyp_nominal.sdf, line 3511>.
xmelab: *W,SDFINF: Instance g3972__8428 not found at scope level inverse_row_acc <../logical/results/gate_level/Conv_analysis_view_0p90v_25c_captyp_nominal.sdf, line 3527>.
xmelab: *W,SDFINF: Instance g3972__8428 not found at scope level inverse_row_acc <../logical/results/gate_level/Conv_analysis_view_0p90v_25c_captyp_nominal.sdf, line 3527>.
xmelab: *W,SDFINF: Instance g3973__5526 not found at scope level inverse_row_acc <../logical/results/gate_level/Conv_analysis_view_0p90v_25c_captyp_nominal.sdf, line 3543>.
xmelab: *W,SDFINF: Instance g3973__5526 not found at scope level inverse_row_acc <../logical/results/gate_level/Conv_analysis_view_0p90v_25c_captyp_nominal.sdf, line 3543>.
xmelab: *W,SDFINF: Instance g3974__6783 not found at scope level inverse_row_acc <../logical/results/gate_level/Conv_analysis_view_0p90v_25c_captyp_nominal.sdf, line 3559>.
xmelab: *W,SDFINF: Instance g3974__6783 not found at scope level inverse_row_acc <../logical/results/gate_level/Conv_analysis_view_0p90v_25c_captyp_nominal.sdf, line 3559>.
xmelab: *W,SDFINF: Instance g3975__3680 not found at scope level inverse_row_acc <../logical/results/gate_level/Conv_analysis_view_0p90v_25c_captyp_nominal.sdf, line 3575>.
xmelab: *W,SDFINF: Instance g3975__3680 not found at scope level inverse_row_acc <../logical/results/gate_level/Conv_analysis_view_0p90v_25c_captyp_nominal.sdf, line 3575>.
xmelab: *W,SDFINF: Instance g3976__1617 not found at scope level inverse_row_acc <../logical/results/gate_level/Conv_analysis_view_0p90v_25c_captyp_nominal.sdf, line 3591>.
xmelab: *W,SDFINF: Instance g3976__1617 not found at scope level inverse_row_acc <../logical/results/gate_level/Conv_analysis_view_0p90v_25c_captyp_nominal.sdf, line 3591>.
xmelab: *W,SDFINF: Instance g3977__2802 not found at scope level inverse_row_acc <../logical/results/gate_level/Conv_analysis_view_0p90v_25c_captyp_nominal.sdf, line 3607>.
xmelab: *W,SDFINF: Instance g3977__2802 not found at scope level inverse_row_acc <../logical/results/gate_level/Conv_analysis_view_0p90v_25c_captyp_nominal.sdf, line 3607>.
xmelab: *W,SDFINF: Instance g3978__1705 not found at scope level inverse_row_acc <../logical/results/gate_level/Conv_analysis_view_0p90v_25c_captyp_nominal.sdf, line 3623>.
xmelab: *W,SDFINF: Instance g3978__1705 not found at scope level inverse_row_acc <../logical/results/gate_level/Conv_analysis_view_0p90v_25c_captyp_nominal.sdf, line 3623>.
xmelab: *W,SDFINF: Instance g3979__5122 not found at scope level inverse_row_acc <../logical/results/gate_level/Conv_analysis_view_0p90v_25c_captyp_nominal.sdf, line 3639>.
xmelab: *W,SDFINF: Instance g3979__5122 not found at scope level inverse_row_acc <../logical/results/gate_level/Conv_analysis_view_0p90v_25c_captyp_nominal.sdf, line 3639>.
xmelab: *W,SDFINF: Instance g3980__8246 not found at scope level inverse_row_acc <../logical/results/gate_level/Conv_analysis_view_0p90v_25c_captyp_nominal.sdf, line 3655>.
xmelab: *W,SDFINF: Instance g3980__8246 not found at scope level inverse_row_acc <../logical/results/gate_level/Conv_analysis_view_0p90v_25c_captyp_nominal.sdf, line 3655>.
xmelab: *W,SDFINF: Instance g3981__7098 not found at scope level inverse_row_acc <../logical/results/gate_level/Conv_analysis_view_0p90v_25c_captyp_nominal.sdf, line 3671>.
xmelab: *W,SDFINF: Instance g3981__7098 not found at scope level inverse_row_acc <../logical/results/gate_level/Conv_analysis_view_0p90v_25c_captyp_nominal.sdf, line 3671>.
xmelab: *W,SDFINF: Instance g3982__6131 not found at scope level inverse_row_acc <../logical/results/gate_level/Conv_analysis_view_0p90v_25c_captyp_nominal.sdf, line 3687>.
xmelab: *W,SDFINF: Instance g3982__6131 not found at scope level inverse_row_acc <../logical/results/gate_level/Conv_analysis_view_0p90v_25c_captyp_nominal.sdf, line 3687>.
xmelab: *W,SDFINF: Instance g3983__1881 not found at scope level inverse_row_acc <../logical/results/gate_level/Conv_analysis_view_0p90v_25c_captyp_nominal.sdf, line 3703>.
xmelab: *W,SDFINF: Instance g3983__1881 not found at scope level inverse_row_acc <../logical/results/gate_level/Conv_analysis_view_0p90v_25c_captyp_nominal.sdf, line 3703>.
xmelab: *W,SDFINF: Instance g3984__5115 not found at scope level inverse_row_acc <../logical/results/gate_level/Conv_analysis_view_0p90v_25c_captyp_nominal.sdf, line 3719>.
xmelab: *W,SDFINF: Instance g3984__5115 not found at scope level inverse_row_acc <../logical/results/gate_level/Conv_analysis_view_0p90v_25c_captyp_nominal.sdf, line 3719>.
xmelab: *W,SDFINF: Instance g3985__7482 not found at scope level inverse_row_acc <../logical/results/gate_level/Conv_analysis_view_0p90v_25c_captyp_nominal.sdf, line 3735>.
xmelab: *W,SDFINF: Instance g3985__7482 not found at scope level inverse_row_acc <../logical/results/gate_level/Conv_analysis_view_0p90v_25c_captyp_nominal.sdf, line 3735>.
xmelab: *W,SDFINF: Instance g3986__4733 not found at scope level inverse_row_acc <../logical/results/gate_level/Conv_analysis_view_0p90v_25c_captyp_nominal.sdf, line 3751>.
xmelab: *W,SDFINF: Instance g3986__4733 not found at scope level inverse_row_acc <../logical/results/gate_level/Conv_analysis_view_0p90v_25c_captyp_nominal.sdf, line 3751>.
xmelab: *W,SDFINF: Instance g3987__6161 not found at scope level inverse_row_acc <../logical/results/gate_level/Conv_analysis_view_0p90v_25c_captyp_nominal.sdf, line 3767>.
xmelab: *W,SDFINF: Instance g3987__6161 not found at scope level inverse_row_acc <../logical/results/gate_level/Conv_analysis_view_0p90v_25c_captyp_nominal.sdf, line 3767>.
xmelab: *W,SDFINF: Instance g3988__9315 not found at scope level inverse_row_acc <../logical/results/gate_level/Conv_analysis_view_0p90v_25c_captyp_nominal.sdf, line 3783>.
xmelab: *W,SDFINF: Instance g3988__9315 not found at scope level inverse_row_acc <../logical/results/gate_level/Conv_analysis_view_0p90v_25c_captyp_nominal.sdf, line 3783>.
xmelab: *W,SDFINF: Instance g3989__9945 not found at scope level inverse_row_acc <../logical/results/gate_level/Conv_analysis_view_0p90v_25c_captyp_nominal.sdf, line 3807>.
xmelab: *W,SDFINF: Instance g3989__9945 not found at scope level inverse_row_acc <../logical/results/gate_level/Conv_analysis_view_0p90v_25c_captyp_nominal.sdf, line 3807>.
xmelab: *W,SDFINF: Instance g3990__2883 not found at scope level inverse_row_acc <../logical/results/gate_level/Conv_analysis_view_0p90v_25c_captyp_nominal.sdf, line 3831>.
xmelab: *W,SDFINF: Instance g3990__2883 not found at scope level inverse_row_acc <../logical/results/gate_level/Conv_analysis_view_0p90v_25c_captyp_nominal.sdf, line 3831>.
xmelab: *W,SDFINF: Instance g3991__2346 not found at scope level inverse_row_acc <../logical/results/gate_level/Conv_analysis_view_0p90v_25c_captyp_nominal.sdf, line 3855>.
xmelab: *W,SDFINF: Instance g3991__2346 not found at scope level inverse_row_acc <../logical/results/gate_level/Conv_analysis_view_0p90v_25c_captyp_nominal.sdf, line 3855>.
xmelab: *W,SDFINF: Instance g3992__1666 not found at scope level inverse_row_acc <../logical/results/gate_level/Conv_analysis_view_0p90v_25c_captyp_nominal.sdf, line 3879>.
xmelab: *W,SDFINF: Instance g3992__1666 not found at scope level inverse_row_acc <../logical/results/gate_level/Conv_analysis_view_0p90v_25c_captyp_nominal.sdf, line 3879>.
xmelab: *W,SDFINF: Instance g3993__7410 not found at scope level inverse_row_acc <../logical/results/gate_level/Conv_analysis_view_0p90v_25c_captyp_nominal.sdf, line 3903>.
xmelab: *W,SDFINF: Instance g3993__7410 not found at scope level inverse_row_acc <../logical/results/gate_level/Conv_analysis_view_0p90v_25c_captyp_nominal.sdf, line 3903>.
xmelab: *W,SDFINF: Instance g3994__6417 not found at scope level inverse_row_acc <../logical/results/gate_level/Conv_analysis_view_0p90v_25c_captyp_nominal.sdf, line 3927>.
xmelab: *W,SDFINF: Instance g3994__6417 not found at scope level inverse_row_acc <../logical/results/gate_level/Conv_analysis_view_0p90v_25c_captyp_nominal.sdf, line 3927>.
xmelab: *W,SDFINF: Instance g3995__5477 not found at scope level inverse_row_acc <../logical/results/gate_level/Conv_analysis_view_0p90v_25c_captyp_nominal.sdf, line 3951>.
xmelab: *W,SDFINF: Instance g3995__5477 not found at scope level inverse_row_acc <../logical/results/gate_level/Conv_analysis_view_0p90v_25c_captyp_nominal.sdf, line 3951>.
xmelab: *W,SDFINF: Instance g3996__2398 not found at scope level inverse_row_acc <../logical/results/gate_level/Conv_analysis_view_0p90v_25c_captyp_nominal.sdf, line 3975>.
xmelab: *W,SDFINF: Instance g3996__2398 not found at scope level inverse_row_acc <../logical/results/gate_level/Conv_analysis_view_0p90v_25c_captyp_nominal.sdf, line 3975>.
xmelab: *W,SDFINF: Instance g3997__5107 not found at scope level inverse_row_acc <../logical/results/gate_level/Conv_analysis_view_0p90v_25c_captyp_nominal.sdf, line 3999>.
xmelab: *W,SDFINF: Instance g3997__5107 not found at scope level inverse_row_acc <../logical/results/gate_level/Conv_analysis_view_0p90v_25c_captyp_nominal.sdf, line 3999>.
xmelab: *W,SDFINF: Instance g3998__6260 not found at scope level inverse_row_acc <../logical/results/gate_level/Conv_analysis_view_0p90v_25c_captyp_nominal.sdf, line 4023>.
xmelab: *W,SDFINF: Instance g3998__6260 not found at scope level inverse_row_acc <../logical/results/gate_level/Conv_analysis_view_0p90v_25c_captyp_nominal.sdf, line 4023>.
xmelab: *W,SDFINF: Instance g3999__4319 not found at scope level inverse_row_acc <../logical/results/gate_level/Conv_analysis_view_0p90v_25c_captyp_nominal.sdf, line 4047>.
xmelab: *W,SDFINF: Instance g3999__4319 not found at scope level inverse_row_acc <../logical/results/gate_level/Conv_analysis_view_0p90v_25c_captyp_nominal.sdf, line 4047>.
xmelab: *W,SDFINF: Instance g4000__8428 not found at scope level inverse_row_acc <../logical/results/gate_level/Conv_analysis_view_0p90v_25c_captyp_nominal.sdf, line 4071>.
xmelab: *W,SDFINF: Instance g4000__8428 not found at scope level inverse_row_acc <../logical/results/gate_level/Conv_analysis_view_0p90v_25c_captyp_nominal.sdf, line 4071>.
xmelab: *W,SDFINF: Instance g4001__5526 not found at scope level inverse_row_acc <../logical/results/gate_level/Conv_analysis_view_0p90v_25c_captyp_nominal.sdf, line 4095>.
xmelab: *W,SDFINF: Instance g4001__5526 not found at scope level inverse_row_acc <../logical/results/gate_level/Conv_analysis_view_0p90v_25c_captyp_nominal.sdf, line 4095>.
xmelab: *W,SDFINF: Instance g4002__6783 not found at scope level inverse_row_acc <../logical/results/gate_level/Conv_analysis_view_0p90v_25c_captyp_nominal.sdf, line 4119>.
xmelab: *W,SDFINF: Instance g4002__6783 not found at scope level inverse_row_acc <../logical/results/gate_level/Conv_analysis_view_0p90v_25c_captyp_nominal.sdf, line 4119>.
xmelab: *W,SDFINF: Instance g4003__3680 not found at scope level inverse_row_acc <../logical/results/gate_level/Conv_analysis_view_0p90v_25c_captyp_nominal.sdf, line 4143>.
xmelab: *W,SDFINF: Instance g4003__3680 not found at scope level inverse_row_acc <../logical/results/gate_level/Conv_analysis_view_0p90v_25c_captyp_nominal.sdf, line 4143>.
xmelab: *W,SDFINF: Instance g4004__1617 not found at scope level inverse_row_acc <../logical/results/gate_level/Conv_analysis_view_0p90v_25c_captyp_nominal.sdf, line 4167>.
xmelab: *W,SDFINF: Instance g4004__1617 not found at scope level inverse_row_acc <../logical/results/gate_level/Conv_analysis_view_0p90v_25c_captyp_nominal.sdf, line 4167>.
xmelab: *W,SDFINF: Instance g4005__2802 not found at scope level inverse_row_acc <../logical/results/gate_level/Conv_analysis_view_0p90v_25c_captyp_nominal.sdf, line 4191>.
xmelab: *W,SDFINF: Instance g4005__2802 not found at scope level inverse_row_acc <../logical/results/gate_level/Conv_analysis_view_0p90v_25c_captyp_nominal.sdf, line 4191>.
xmelab: *W,SDFINF: Instance g4006__1705 not found at scope level inverse_row_acc <../logical/results/gate_level/Conv_analysis_view_0p90v_25c_captyp_nominal.sdf, line 4215>.
xmelab: *W,SDFINF: Instance g4006__1705 not found at scope level inverse_row_acc <../logical/results/gate_level/Conv_analysis_view_0p90v_25c_captyp_nominal.sdf, line 4215>.
xmelab: *W,SDFINF: Instance g4007__5122 not found at scope level inverse_row_acc <../logical/results/gate_level/Conv_analysis_view_0p90v_25c_captyp_nominal.sdf, line 4239>.
xmelab: *W,SDFINF: Instance g4007__5122 not found at scope level inverse_row_acc <../logical/results/gate_level/Conv_analysis_view_0p90v_25c_captyp_nominal.sdf, line 4239>.
xmelab: *W,SDFINF: Instance g4008__8246 not found at scope level inverse_row_acc <../logical/results/gate_level/Conv_analysis_view_0p90v_25c_captyp_nominal.sdf, line 4263>.
xmelab: *W,SDFINF: Instance g4008__8246 not found at scope level inverse_row_acc <../logical/results/gate_level/Conv_analysis_view_0p90v_25c_captyp_nominal.sdf, line 4263>.
xmelab: *W,SDFINF: Instance g4009__7098 not found at scope level inverse_row_acc <../logical/results/gate_level/Conv_analysis_view_0p90v_25c_captyp_nominal.sdf, line 4287>.
xmelab: *W,SDFINF: Instance g4009__7098 not found at scope level inverse_row_acc <../logical/results/gate_level/Conv_analysis_view_0p90v_25c_captyp_nominal.sdf, line 4287>.
xmelab: *W,SDFINF: Instance g4010__6131 not found at scope level inverse_row_acc <../logical/results/gate_level/Conv_analysis_view_0p90v_25c_captyp_nominal.sdf, line 4311>.
xmelab: *W,SDFINF: Instance g4010__6131 not found at scope level inverse_row_acc <../logical/results/gate_level/Conv_analysis_view_0p90v_25c_captyp_nominal.sdf, line 4311>.
xmelab: *W,SDFINF: Instance g4011__1881 not found at scope level inverse_row_acc <../logical/results/gate_level/Conv_analysis_view_0p90v_25c_captyp_nominal.sdf, line 4335>.
xmelab: *W,SDFINF: Instance g4011__1881 not found at scope level inverse_row_acc <../logical/results/gate_level/Conv_analysis_view_0p90v_25c_captyp_nominal.sdf, line 4335>.
xmelab: *W,SDFINF: Instance g4012__5115 not found at scope level inverse_row_acc <../logical/results/gate_level/Conv_analysis_view_0p90v_25c_captyp_nominal.sdf, line 4359>.
xmelab: *W,SDFINF: Instance g4012__5115 not found at scope level inverse_row_acc <../logical/results/gate_level/Conv_analysis_view_0p90v_25c_captyp_nominal.sdf, line 4359>.
xmelab: *W,SDFINF: Instance g4013__7482 not found at scope level inverse_row_acc <../logical/results/gate_level/Conv_analysis_view_0p90v_25c_captyp_nominal.sdf, line 4383>.
xmelab: *W,SDFINF: Instance g4013__7482 not found at scope level inverse_row_acc <../logical/results/gate_level/Conv_analysis_view_0p90v_25c_captyp_nominal.sdf, line 4383>.
xmelab: *W,SDFINF: Instance g4014__4733 not found at scope level inverse_row_acc <../logical/results/gate_level/Conv_analysis_view_0p90v_25c_captyp_nominal.sdf, line 4407>.
xmelab: *W,SDFINF: Instance g4014__4733 not found at scope level inverse_row_acc <../logical/results/gate_level/Conv_analysis_view_0p90v_25c_captyp_nominal.sdf, line 4407>.
xmelab: *W,SDFINF: Instance g4015__6161 not found at scope level inverse_row_acc <../logical/results/gate_level/Conv_analysis_view_0p90v_25c_captyp_nominal.sdf, line 4431>.
xmelab: *W,SDFINF: Instance g4015__6161 not found at scope level inverse_row_acc <../logical/results/gate_level/Conv_analysis_view_0p90v_25c_captyp_nominal.sdf, line 4431>.
xmelab: *W,SDFINF: Instance g4016__9315 not found at scope level inverse_row_acc <../logical/results/gate_level/Conv_analysis_view_0p90v_25c_captyp_nominal.sdf, line 4455>.
xmelab: *W,SDFINF: Instance g4016__9315 not found at scope level inverse_row_acc <../logical/results/gate_level/Conv_analysis_view_0p90v_25c_captyp_nominal.sdf, line 4455>.
xmelab: *W,SDFINF: Instance g4017__9945 not found at scope level inverse_row_acc <../logical/results/gate_level/Conv_analysis_view_0p90v_25c_captyp_nominal.sdf, line 4479>.
xmelab: *W,SDFINF: Instance g4017__9945 not found at scope level inverse_row_acc <../logical/results/gate_level/Conv_analysis_view_0p90v_25c_captyp_nominal.sdf, line 4479>.
xmelab: *W,SDFINF: Instance g4018__2883 not found at scope level inverse_row_acc <../logical/results/gate_level/Conv_analysis_view_0p90v_25c_captyp_nominal.sdf, line 4503>.
xmelab: *W,SDFINF: Instance g4018__2883 not found at scope level inverse_row_acc <../logical/results/gate_level/Conv_analysis_view_0p90v_25c_captyp_nominal.sdf, line 4503>.
xmelab: *W,SDFINF: Instance g4019__2346 not found at scope level inverse_row_acc <../logical/results/gate_level/Conv_analysis_view_0p90v_25c_captyp_nominal.sdf, line 4527>.
xmelab: *W,SDFINF: Instance g4019__2346 not found at scope level inverse_row_acc <../logical/results/gate_level/Conv_analysis_view_0p90v_25c_captyp_nominal.sdf, line 4527>.
xmelab: *W,SDFINF: Instance g4020__1666 not found at scope level inverse_row_acc <../logical/results/gate_level/Conv_analysis_view_0p90v_25c_captyp_nominal.sdf, line 4551>.
xmelab: *W,SDFINF: Instance g4020__1666 not found at scope level inverse_row_acc <../logical/results/gate_level/Conv_analysis_view_0p90v_25c_captyp_nominal.sdf, line 4551>.
xmelab: *W,SDFINF: Instance g4021__7410 not found at scope level inverse_row_acc <../logical/results/gate_level/Conv_analysis_view_0p90v_25c_captyp_nominal.sdf, line 4575>.
xmelab: *W,SDFINF: Instance g4021__7410 not found at scope level inverse_row_acc <../logical/results/gate_level/Conv_analysis_view_0p90v_25c_captyp_nominal.sdf, line 4575>.
xmelab: *W,SDFINF: Instance g4022__6417 not found at scope level inverse_row_acc <../logical/results/gate_level/Conv_analysis_view_0p90v_25c_captyp_nominal.sdf, line 4599>.
xmelab: *W,SDFINF: Instance g4022__6417 not found at scope level inverse_row_acc <../logical/results/gate_level/Conv_analysis_view_0p90v_25c_captyp_nominal.sdf, line 4599>.
xmelab: *W,SDFINF: Instance g4023__5477 not found at scope level inverse_row_acc <../logical/results/gate_level/Conv_analysis_view_0p90v_25c_captyp_nominal.sdf, line 4623>.
xmelab: *W,SDFINF: Instance g4023__5477 not found at scope level inverse_row_acc <../logical/results/gate_level/Conv_analysis_view_0p90v_25c_captyp_nominal.sdf, line 4623>.
xmelab: *W,SDFINF: Instance g4024__2398 not found at scope level inverse_row_acc <../logical/results/gate_level/Conv_analysis_view_0p90v_25c_captyp_nominal.sdf, line 4647>.
xmelab: *W,SDFINF: Instance g4024__2398 not found at scope level inverse_row_acc <../logical/results/gate_level/Conv_analysis_view_0p90v_25c_captyp_nominal.sdf, line 4647>.
xmelab: *W,SDFINF: Instance g4025__5107 not found at scope level inverse_row_acc <../logical/results/gate_level/Conv_analysis_view_0p90v_25c_captyp_nominal.sdf, line 4671>.
xmelab: *W,SDFINF: Instance g4025__5107 not found at scope level inverse_row_acc <../logical/results/gate_level/Conv_analysis_view_0p90v_25c_captyp_nominal.sdf, line 4671>.
xmelab: *W,SDFINF: Instance g4026__6260 not found at scope level inverse_row_acc <../logical/results/gate_level/Conv_analysis_view_0p90v_25c_captyp_nominal.sdf, line 4695>.
xmelab: *W,SDFINF: Instance g4026__6260 not found at scope level inverse_row_acc <../logical/results/gate_level/Conv_analysis_view_0p90v_25c_captyp_nominal.sdf, line 4695>.
xmelab: *W,SDFINF: Instance g4027__4319 not found at scope level inverse_row_acc <../logical/results/gate_level/Conv_analysis_view_0p90v_25c_captyp_nominal.sdf, line 4719>.
xmelab: *W,SDFINF: Instance g4027__4319 not found at scope level inverse_row_acc <../logical/results/gate_level/Conv_analysis_view_0p90v_25c_captyp_nominal.sdf, line 4719>.
xmelab: *W,SDFINF: Instance g4028__8428 not found at scope level inverse_row_acc <../logical/results/gate_level/Conv_analysis_view_0p90v_25c_captyp_nominal.sdf, line 4743>.
xmelab: *W,SDFINF: Instance g4028__8428 not found at scope level inverse_row_acc <../logical/results/gate_level/Conv_analysis_view_0p90v_25c_captyp_nominal.sdf, line 4743>.
xmelab: *W,SDFINF: Instance g4029__5526 not found at scope level inverse_row_acc <../logical/results/gate_level/Conv_analysis_view_0p90v_25c_captyp_nominal.sdf, line 4767>.
xmelab: *W,SDFINF: Instance g4029__5526 not found at scope level inverse_row_acc <../logical/results/gate_level/Conv_analysis_view_0p90v_25c_captyp_nominal.sdf, line 4767>.
xmelab: *W,SDFINF: Instance g4030__6783 not found at scope level inverse_row_acc <../logical/results/gate_level/Conv_analysis_view_0p90v_25c_captyp_nominal.sdf, line 4791>.
xmelab: *W,SDFINF: Instance g4030__6783 not found at scope level inverse_row_acc <../logical/results/gate_level/Conv_analysis_view_0p90v_25c_captyp_nominal.sdf, line 4791>.
xmelab: *W,SDFINF: Instance g4031__3680 not found at scope level inverse_row_acc <../logical/results/gate_level/Conv_analysis_view_0p90v_25c_captyp_nominal.sdf, line 4815>.
xmelab: *W,SDFINF: Instance g4031__3680 not found at scope level inverse_row_acc <../logical/results/gate_level/Conv_analysis_view_0p90v_25c_captyp_nominal.sdf, line 4815>.
xmelab: *W,SDFINF: Instance g4032__1617 not found at scope level inverse_row_acc <../logical/results/gate_level/Conv_analysis_view_0p90v_25c_captyp_nominal.sdf, line 4839>.
xmelab: *W,SDFINF: Instance g4032__1617 not found at scope level inverse_row_acc <../logical/results/gate_level/Conv_analysis_view_0p90v_25c_captyp_nominal.sdf, line 4839>.
xmelab: *W,SDFINF: Instance g4033__2802 not found at scope level inverse_row_acc <../logical/results/gate_level/Conv_analysis_view_0p90v_25c_captyp_nominal.sdf, line 4863>.
xmelab: *W,SDFINF: Instance g4033__2802 not found at scope level inverse_row_acc <../logical/results/gate_level/Conv_analysis_view_0p90v_25c_captyp_nominal.sdf, line 4863>.
xmelab: *W,SDFINF: Instance g4034__1705 not found at scope level inverse_row_acc <../logical/results/gate_level/Conv_analysis_view_0p90v_25c_captyp_nominal.sdf, line 4887>.
xmelab: *W,SDFINF: Instance g4034__1705 not found at scope level inverse_row_acc <../logical/results/gate_level/Conv_analysis_view_0p90v_25c_captyp_nominal.sdf, line 4887>.
xmelab: *W,SDFINF: Instance g4035__5122 not found at scope level inverse_row_acc <../logical/results/gate_level/Conv_analysis_view_0p90v_25c_captyp_nominal.sdf, line 4911>.
xmelab: *W,SDFINF: Instance g4035__5122 not found at scope level inverse_row_acc <../logical/results/gate_level/Conv_analysis_view_0p90v_25c_captyp_nominal.sdf, line 4911>.
xmelab: *W,SDFINF: Instance g4036__8246 not found at scope level inverse_row_acc <../logical/results/gate_level/Conv_analysis_view_0p90v_25c_captyp_nominal.sdf, line 4935>.
xmelab: *W,SDFINF: Instance g4036__8246 not found at scope level inverse_row_acc <../logical/results/gate_level/Conv_analysis_view_0p90v_25c_captyp_nominal.sdf, line 4935>.
xmelab: *W,SDFINF: Instance g4037__7098 not found at scope level inverse_row_acc <../logical/results/gate_level/Conv_analysis_view_0p90v_25c_captyp_nominal.sdf, line 4959>.
xmelab: *W,SDFINF: Instance g4037__7098 not found at scope level inverse_row_acc <../logical/results/gate_level/Conv_analysis_view_0p90v_25c_captyp_nominal.sdf, line 4959>.
xmelab: *W,SDFINF: Instance g4038__6131 not found at scope level inverse_row_acc <../logical/results/gate_level/Conv_analysis_view_0p90v_25c_captyp_nominal.sdf, line 4983>.
xmelab: *W,SDFINF: Instance g4038__6131 not found at scope level inverse_row_acc <../logical/results/gate_level/Conv_analysis_view_0p90v_25c_captyp_nominal.sdf, line 4983>.
xmelab: *W,SDFINF: Instance g4039__1881 not found at scope level inverse_row_acc <../logical/results/gate_level/Conv_analysis_view_0p90v_25c_captyp_nominal.sdf, line 5007>.
xmelab: *W,SDFINF: Instance g4039__1881 not found at scope level inverse_row_acc <../logical/results/gate_level/Conv_analysis_view_0p90v_25c_captyp_nominal.sdf, line 5007>.
xmelab: *W,SDFINF: Instance g4040__5115 not found at scope level inverse_row_acc <../logical/results/gate_level/Conv_analysis_view_0p90v_25c_captyp_nominal.sdf, line 5031>.
xmelab: *W,SDFINF: Instance g4040__5115 not found at scope level inverse_row_acc <../logical/results/gate_level/Conv_analysis_view_0p90v_25c_captyp_nominal.sdf, line 5031>.
xmelab: *W,SDFINF: Instance g4041__7482 not found at scope level inverse_row_acc <../logical/results/gate_level/Conv_analysis_view_0p90v_25c_captyp_nominal.sdf, line 5055>.
xmelab: *W,SDFINF: Instance g4041__7482 not found at scope level inverse_row_acc <../logical/results/gate_level/Conv_analysis_view_0p90v_25c_captyp_nominal.sdf, line 5055>.
xmelab: *W,SDFINF: Instance g4042__4733 not found at scope level inverse_row_acc <../logical/results/gate_level/Conv_analysis_view_0p90v_25c_captyp_nominal.sdf, line 5079>.
xmelab: *W,SDFINF: Instance g4042__4733 not found at scope level inverse_row_acc <../logical/results/gate_level/Conv_analysis_view_0p90v_25c_captyp_nominal.sdf, line 5079>.
xmelab: *W,SDFINF: Instance g4043__6161 not found at scope level inverse_row_acc <../logical/results/gate_level/Conv_analysis_view_0p90v_25c_captyp_nominal.sdf, line 5103>.
xmelab: *W,SDFINF: Instance g4043__6161 not found at scope level inverse_row_acc <../logical/results/gate_level/Conv_analysis_view_0p90v_25c_captyp_nominal.sdf, line 5103>.
xmelab: *W,SDFINF: Instance g4044__9315 not found at scope level inverse_row_acc <../logical/results/gate_level/Conv_analysis_view_0p90v_25c_captyp_nominal.sdf, line 5127>.
xmelab: *W,SDFINF: Instance g4044__9315 not found at scope level inverse_row_acc <../logical/results/gate_level/Conv_analysis_view_0p90v_25c_captyp_nominal.sdf, line 5127>.
xmelab: *W,SDFINF: Instance g4045__9945 not found at scope level inverse_row_acc <../logical/results/gate_level/Conv_analysis_view_0p90v_25c_captyp_nominal.sdf, line 5151>.
xmelab: *W,SDFINF: Instance g4045__9945 not found at scope level inverse_row_acc <../logical/results/gate_level/Conv_analysis_view_0p90v_25c_captyp_nominal.sdf, line 5151>.
xmelab: *W,SDFINF: Instance g4046__2883 not found at scope level inverse_row_acc <../logical/results/gate_level/Conv_analysis_view_0p90v_25c_captyp_nominal.sdf, line 5175>.
xmelab: *W,SDFINF: Instance g4046__2883 not found at scope level inverse_row_acc <../logical/results/gate_level/Conv_analysis_view_0p90v_25c_captyp_nominal.sdf, line 5175>.
xmelab: *W,SDFINF: Instance g4047__2346 not found at scope level inverse_row_acc <../logical/results/gate_level/Conv_analysis_view_0p90v_25c_captyp_nominal.sdf, line 5199>.
xmelab: *W,SDFINF: Instance g4047__2346 not found at scope level inverse_row_acc <../logical/results/gate_level/Conv_analysis_view_0p90v_25c_captyp_nominal.sdf, line 5199>.
xmelab: *W,SDFINF: Instance g4048__1666 not found at scope level inverse_row_acc <../logical/results/gate_level/Conv_analysis_view_0p90v_25c_captyp_nominal.sdf, line 5223>.
xmelab: *W,SDFINF: Instance g4048__1666 not found at scope level inverse_row_acc <../logical/results/gate_level/Conv_analysis_view_0p90v_25c_captyp_nominal.sdf, line 5223>.
xmelab: *W,SDFINF: Instance g4049__7410 not found at scope level inverse_row_acc <../logical/results/gate_level/Conv_analysis_view_0p90v_25c_captyp_nominal.sdf, line 5247>.
xmelab: *W,SDFINF: Instance g4049__7410 not found at scope level inverse_row_acc <../logical/results/gate_level/Conv_analysis_view_0p90v_25c_captyp_nominal.sdf, line 5247>.
xmelab: *W,SDFINF: Instance g4050__6417 not found at scope level inverse_row_acc <../logical/results/gate_level/Conv_analysis_view_0p90v_25c_captyp_nominal.sdf, line 5271>.
xmelab: *W,SDFINF: Instance g4050__6417 not found at scope level inverse_row_acc <../logical/results/gate_level/Conv_analysis_view_0p90v_25c_captyp_nominal.sdf, line 5271>.
xmelab: *W,SDFINF: Instance g4051__5477 not found at scope level inverse_row_acc <../logical/results/gate_level/Conv_analysis_view_0p90v_25c_captyp_nominal.sdf, line 5295>.
xmelab: *W,SDFINF: Instance g4051__5477 not found at scope level inverse_row_acc <../logical/results/gate_level/Conv_analysis_view_0p90v_25c_captyp_nominal.sdf, line 5295>.
xmelab: *W,SDFINF: Instance g4052__2398 not found at scope level inverse_row_acc <../logical/results/gate_level/Conv_analysis_view_0p90v_25c_captyp_nominal.sdf, line 5319>.
xmelab: *W,SDFINF: Instance g4052__2398 not found at scope level inverse_row_acc <../logical/results/gate_level/Conv_analysis_view_0p90v_25c_captyp_nominal.sdf, line 5319>.
xmelab: *W,SDFINF: Instance g4053__5107 not found at scope level inverse_row_acc <../logical/results/gate_level/Conv_analysis_view_0p90v_25c_captyp_nominal.sdf, line 5343>.
xmelab: *W,SDFINF: Instance g4053__5107 not found at scope level inverse_row_acc <../logical/results/gate_level/Conv_analysis_view_0p90v_25c_captyp_nominal.sdf, line 5343>.
xmelab: *W,SDFINF: Instance g4054__6260 not found at scope level inverse_row_acc <../logical/results/gate_level/Conv_analysis_view_0p90v_25c_captyp_nominal.sdf, line 5367>.
xmelab: *W,SDFINF: Instance g4054__6260 not found at scope level inverse_row_acc <../logical/results/gate_level/Conv_analysis_view_0p90v_25c_captyp_nominal.sdf, line 5367>.
xmelab: *W,SDFINF: Instance g4055__4319 not found at scope level inverse_row_acc <../logical/results/gate_level/Conv_analysis_view_0p90v_25c_captyp_nominal.sdf, line 5391>.
xmelab: *W,SDFINF: Instance g4055__4319 not found at scope level inverse_row_acc <../logical/results/gate_level/Conv_analysis_view_0p90v_25c_captyp_nominal.sdf, line 5391>.
xmelab: *W,SDFINF: Instance g4056__8428 not found at scope level inverse_row_acc <../logical/results/gate_level/Conv_analysis_view_0p90v_25c_captyp_nominal.sdf, line 5415>.
xmelab: *W,SDFINF: Instance g4056__8428 not found at scope level inverse_row_acc <../logical/results/gate_level/Conv_analysis_view_0p90v_25c_captyp_nominal.sdf, line 5415>.
xmelab: *W,SDFINF: Instance g4057__5526 not found at scope level inverse_row_acc <../logical/results/gate_level/Conv_analysis_view_0p90v_25c_captyp_nominal.sdf, line 5439>.
xmelab: *W,SDFINF: Instance g4057__5526 not found at scope level inverse_row_acc <../logical/results/gate_level/Conv_analysis_view_0p90v_25c_captyp_nominal.sdf, line 5439>.
xmelab: *W,SDFINF: Instance g4058__6783 not found at scope level inverse_row_acc <../logical/results/gate_level/Conv_analysis_view_0p90v_25c_captyp_nominal.sdf, line 5463>.
xmelab: *W,SDFINF: Instance g4058__6783 not found at scope level inverse_row_acc <../logical/results/gate_level/Conv_analysis_view_0p90v_25c_captyp_nominal.sdf, line 5463>.
xmelab: *W,SDFINF: Instance g4059__3680 not found at scope level inverse_row_acc <../logical/results/gate_level/Conv_analysis_view_0p90v_25c_captyp_nominal.sdf, line 5487>.
xmelab: *W,SDFINF: Instance g4059__3680 not found at scope level inverse_row_acc <../logical/results/gate_level/Conv_analysis_view_0p90v_25c_captyp_nominal.sdf, line 5487>.
xmelab: *W,SDFINF: Instance g4060__1617 not found at scope level inverse_row_acc <../logical/results/gate_level/Conv_analysis_view_0p90v_25c_captyp_nominal.sdf, line 5511>.
xmelab: *W,SDFINF: Instance g4060__1617 not found at scope level inverse_row_acc <../logical/results/gate_level/Conv_analysis_view_0p90v_25c_captyp_nominal.sdf, line 5511>.
xmelab: *W,SDFINF: Instance g4061__2802 not found at scope level inverse_row_acc <../logical/results/gate_level/Conv_analysis_view_0p90v_25c_captyp_nominal.sdf, line 5535>.
xmelab: *W,SDFINF: Instance g4061__2802 not found at scope level inverse_row_acc <../logical/results/gate_level/Conv_analysis_view_0p90v_25c_captyp_nominal.sdf, line 5535>.
xmelab: *W,SDFINF: Instance g4062__1705 not found at scope level inverse_row_acc <../logical/results/gate_level/Conv_analysis_view_0p90v_25c_captyp_nominal.sdf, line 5559>.
xmelab: *W,SDFINF: Instance g4062__1705 not found at scope level inverse_row_acc <../logical/results/gate_level/Conv_analysis_view_0p90v_25c_captyp_nominal.sdf, line 5559>.
xmelab: *W,SDFINF: Instance g4063__5122 not found at scope level inverse_row_acc <../logical/results/gate_level/Conv_analysis_view_0p90v_25c_captyp_nominal.sdf, line 5583>.
xmelab: *W,SDFINF: Instance g4063__5122 not found at scope level inverse_row_acc <../logical/results/gate_level/Conv_analysis_view_0p90v_25c_captyp_nominal.sdf, line 5583>.
xmelab: *W,SDFINF: Instance g4064__8246 not found at scope level inverse_row_acc <../logical/results/gate_level/Conv_analysis_view_0p90v_25c_captyp_nominal.sdf, line 5607>.
xmelab: *W,SDFINF: Instance g4064__8246 not found at scope level inverse_row_acc <../logical/results/gate_level/Conv_analysis_view_0p90v_25c_captyp_nominal.sdf, line 5607>.
xmelab: *W,SDFINF: Instance g4065__7098 not found at scope level inverse_row_acc <../logical/results/gate_level/Conv_analysis_view_0p90v_25c_captyp_nominal.sdf, line 5631>.
xmelab: *W,SDFINF: Instance g4065__7098 not found at scope level inverse_row_acc <../logical/results/gate_level/Conv_analysis_view_0p90v_25c_captyp_nominal.sdf, line 5631>.
xmelab: *W,SDFINF: Instance g4066__6131 not found at scope level inverse_row_acc <../logical/results/gate_level/Conv_analysis_view_0p90v_25c_captyp_nominal.sdf, line 5655>.
xmelab: *W,SDFINF: Instance g4066__6131 not found at scope level inverse_row_acc <../logical/results/gate_level/Conv_analysis_view_0p90v_25c_captyp_nominal.sdf, line 5655>.
xmelab: *W,SDFINF: Instance g4067__1881 not found at scope level inverse_row_acc <../logical/results/gate_level/Conv_analysis_view_0p90v_25c_captyp_nominal.sdf, line 5679>.
xmelab: *W,SDFINF: Instance g4067__1881 not found at scope level inverse_row_acc <../logical/results/gate_level/Conv_analysis_view_0p90v_25c_captyp_nominal.sdf, line 5679>.
xmelab: *W,SDFINF: Instance g4068__5115 not found at scope level inverse_row_acc <../logical/results/gate_level/Conv_analysis_view_0p90v_25c_captyp_nominal.sdf, line 5703>.
xmelab: *W,SDFINF: Instance g4068__5115 not found at scope level inverse_row_acc <../logical/results/gate_level/Conv_analysis_view_0p90v_25c_captyp_nominal.sdf, line 5703>.
xmelab: *W,SDFINF: Instance g4069__7482 not found at scope level inverse_row_acc <../logical/results/gate_level/Conv_analysis_view_0p90v_25c_captyp_nominal.sdf, line 5727>.
xmelab: *W,SDFINF: Instance g4069__7482 not found at scope level inverse_row_acc <../logical/results/gate_level/Conv_analysis_view_0p90v_25c_captyp_nominal.sdf, line 5727>.
xmelab: *W,SDFINF: Instance g4070__4733 not found at scope level inverse_row_acc <../logical/results/gate_level/Conv_analysis_view_0p90v_25c_captyp_nominal.sdf, line 5751>.
xmelab: *W,SDFINF: Instance g4070__4733 not found at scope level inverse_row_acc <../logical/results/gate_level/Conv_analysis_view_0p90v_25c_captyp_nominal.sdf, line 5751>.
xmelab: *W,SDFINF: Instance g4071__6161 not found at scope level inverse_row_acc <../logical/results/gate_level/Conv_analysis_view_0p90v_25c_captyp_nominal.sdf, line 5775>.
xmelab: *W,SDFINF: Instance g4071__6161 not found at scope level inverse_row_acc <../logical/results/gate_level/Conv_analysis_view_0p90v_25c_captyp_nominal.sdf, line 5775>.
xmelab: *W,SDFINF: Instance g4072__9315 not found at scope level inverse_row_acc <../logical/results/gate_level/Conv_analysis_view_0p90v_25c_captyp_nominal.sdf, line 5799>.
xmelab: *W,SDFINF: Instance g4072__9315 not found at scope level inverse_row_acc <../logical/results/gate_level/Conv_analysis_view_0p90v_25c_captyp_nominal.sdf, line 5799>.
xmelab: *W,SDFINF: Instance g4073__9945 not found at scope level inverse_row_acc <../logical/results/gate_level/Conv_analysis_view_0p90v_25c_captyp_nominal.sdf, line 5823>.
xmelab: *W,SDFINF: Instance g4073__9945 not found at scope level inverse_row_acc <../logical/results/gate_level/Conv_analysis_view_0p90v_25c_captyp_nominal.sdf, line 5823>.
xmelab: *W,SDFINF: Instance g4074__2883 not found at scope level inverse_row_acc <../logical/results/gate_level/Conv_analysis_view_0p90v_25c_captyp_nominal.sdf, line 5847>.
xmelab: *W,SDFINF: Instance g4074__2883 not found at scope level inverse_row_acc <../logical/results/gate_level/Conv_analysis_view_0p90v_25c_captyp_nominal.sdf, line 5847>.
xmelab: *W,SDFINF: Instance g4075__2346 not found at scope level inverse_row_acc <../logical/results/gate_level/Conv_analysis_view_0p90v_25c_captyp_nominal.sdf, line 5871>.
xmelab: *W,SDFINF: Instance g4075__2346 not found at scope level inverse_row_acc <../logical/results/gate_level/Conv_analysis_view_0p90v_25c_captyp_nominal.sdf, line 5871>.
xmelab: *W,SDFINF: Instance g4076__1666 not found at scope level inverse_row_acc <../logical/results/gate_level/Conv_analysis_view_0p90v_25c_captyp_nominal.sdf, line 5895>.
xmelab: *W,SDFINF: Instance g4076__1666 not found at scope level inverse_row_acc <../logical/results/gate_level/Conv_analysis_view_0p90v_25c_captyp_nominal.sdf, line 5895>.
xmelab: *W,SDFINF: Instance g4077__7410 not found at scope level inverse_row_acc <../logical/results/gate_level/Conv_analysis_view_0p90v_25c_captyp_nominal.sdf, line 5919>.
xmelab: *W,SDFINF: Instance g4077__7410 not found at scope level inverse_row_acc <../logical/results/gate_level/Conv_analysis_view_0p90v_25c_captyp_nominal.sdf, line 5919>.
xmelab: *W,MXWARN: Reached maximum warning limit for 'SDFINF'(1000).
	Annotation completed with 0 Errors and 13082 Warnings
	Building instance overlay tables: .................... Done
	Generating native compiled code:
		work.Memory:sv <0x45a8e3e5>
			streams:   6, words:  2805
		work.Memory:sv <0x547cecc2>
			streams:   7, words:  3545
		work.InverseRowAccumulate:sv <0x4823e705>
			streams:   1, words:  4680
		work.InverseRow:sv <0x2fb65a83>
			streams:   2, words:   903
		work.Multip:sv <0x1dfd68f4>
			streams:   2, words:   493
		work.MatrixC1:sv <0x145df725>
			streams:  16, words:  7049
		work.MatrixC0:sv <0x7a0ca764>
			streams:  16, words:  7049
		work.Transform:sv <0x0bb4207c>
			streams:   4, words:  4658
		work.tb:sv <0x462b1a77>
			streams:  45, words: 21073
		work.pack_data:sv <0x6302cda4>
			streams:   5, words:  3736
		work.pack_param:sv <0x424c07c8>
			streams:   1, words:   708
		work.Conv:sv <0x5700ac22>
			streams: 196, words: 124421
	Building instance specific data structures.
	Loading native compiled code:     .................... Done
	Design hierarchy summary:
		                 Instances  Unique
		Modules:                14       9
		Verilog packages:        2       2
		Registers:             142     130
		Scalar wires:           44       -
		Vectored wires:        107       -
		Always blocks:          37      33
		Initial blocks:          8       8
		Cont. assignments:      78      72
		Pseudo assignments:     52       -
		Simulation timescale:  1ps
	Writing initial simulation snapshot: work.tb:sv
Loading snapshot work.tb:sv .................... Done
xcelium> source /soft64/cadence/ferramentas/XCELIUM2303/tools/xcelium/files/xmsimrc
xcelium> run
2x2 simulation passed: inverse_tiles=2025 cycles=25969 valid_writes=8100 input_samples_clipped=0 invalid_output_beats=0
Simulation complete via $finish(1) at time 259715 NS + 0
/sim/tarsio/FastConv_SystemVerilog/rtl/conv2x2/testbench.sv:233     $finish;
xcelium> exit
TOOL:	xrun(64)	23.03-s003: Exiting on Sep 01, 2026 at 16:28:29 -03  (total: 00:00:24)
