-271.734130 -807.836389 1253.520706 -535.974873 140.460302 -119.827786 -937.847921 1543.021137 -628.681411 -67.349562 488.858662 727.356732 745.687118 -1057.741134 690.082874 261.190319 255.391475 701.103184 -888.380690 -125.802717 598.239212 -199.699925 -1000.556554 557.821499 -821.414404 718.113295 686.263007 -740.649482 -143.157233 265.020140 41.742659 443.200943 -32.809994 -516.668054 -1091.729064 -320.013309 326.519707 -392.271300 704.675860 570.494104 -870.163467 1020.860623 -853.052597 207.136070 584.292322 738.246264 456.096306 -685.885455 1264.893990 -1537.667718 417.442715 -1414.486778 1606.115972 -398.383284 -78.125924 -298.869037 -71.417127 -363.661360 357.889896 -389.429342 144.331385 -540.726718 378.586969 890.818485 -956.915290 1592.947779 -104.525895 -349.634838 712.147644 -172.367930 75.101590 -112.019128 -24.202289 -54.590565 -674.921555 -381.851002 -132.429503 -165.718317 1258.238957 -314.750654 75.851979 216.450928 555.330514 -204.693276 -520.326768 -54.869414 -1490.963874 1864.066194 -689.182392 549.169719 -1448.776807 507.232767 1164.640668 -726.068676 -1.109012 602.442527 -280.759856 -370.800608 65.189443 -1345.775427 425.306542 -415.047208 450.601832 -770.039020 116.190001 -362.969965 11.244123 186.814881 -786.335073 712.586226 -11.921119 -772.597832 633.646765 459.911148 84.481902 516.398356 559.670511 -50.979572 842.738449 83.842053
-833.651216 469.851439 114.698396 207.446492 1561.486090 -976.920000 323.474379 -1803.987808 1229.294815 117.749291 -56.802083 -322.538550 -163.651422 925.108722 -992.860178 -712.585279 -662.261929 788.331927 -360.151336 -653.664108 -84.705531 324.655426 -197.567514 215.421698 -766.031649 -184.314501 168.246057 678.572393 282.929291 -324.224512 357.274675 143.700198 549.672978 -137.213722 452.875106 -748.197130 738.512573 -875.729923 57.066704 -350.441279 655.224143 -542.858464 -176.233686 -929.092354 1188.528449 -599.415114 -230.865471 809.713053 -4.182824 358.696180 1036.194133 -797.235959 -379.574981 -483.558207 1181.868314 -705.848273 557.585958 -45.587777 -880.029360 -1118.390238 -158.239432 287.665630 -507.102355 -674.336220 -148.568189 -949.633270 1197.504651 -851.454593 -331.723808 -137.512912 548.681754 -256.340942 -97.072604 976.166494 -527.218448 659.390523 -214.822155 -1068.156166 43.302843 186.496694 775.050779 -354.734550 685.268797 -518.858559 1792.509760 -489.518980 -1074.695691 813.675637 232.421547 555.570785 -331.573575 -770.269645 -959.046526 -528.595805 132.114733 -833.658562 1652.546434 -1796.935252 845.781098 -194.793436 17.559263 -708.609664 545.878102 225.106607 -938.106596 565.049113 301.203440 -570.000054 -109.215253 -605.111965 196.875377 -1044.873287 -103.828388 -195.924501 -615.538464 -99.986741 -487.123630 485.588178 -438.626544 1224.394176
141.716900 -589.530869 -670.491269 19.663869 1611.467844 144.100707 1030.159063 -925.500916 467.637627 -1156.670044 513.673145 -104.595228 267.306188 609.670240 1091.768710 463.803502 57.765281 -958.305864 -279.636345 1387.326453 -974.096871 -509.431563 386.780730 691.517082 -236.834836 -389.808470 -345.866096 -196.215437 32.524845 -77.983716 1049.358643 -607.667630 1113.762516 874.880211 -301.646532 -323.681011 -146.672140 537.006379 205.067490 -814.108145 -362.806455 203.606484 392.408831 -1215.351472 414.843485 1469.647283 -1689.540209 688.266249 -400.059757 414.025889 -534.853330 949.608475 115.966185 -604.859929 -6.314420 -438.312495 556.985141 271.612345 -503.817671 -291.539161 252.732544 -498.976295 67.918722 982.466596 -243.672304 -548.482190 -926.853445 1750.185101 66.632993 -716.917669 274.268792 864.813556 -591.663525 -0.353304 95.552976 -291.828652 404.294977 360.959158 -722.768600 192.208149 -838.531667 157.212770 -268.227237 -369.266557 18.518756 17.188741 -823.272687 4.648820 -130.809180 -1066.415858 1320.599136 -707.895870 998.592342 -516.839724 394.376034 -395.912871 704.448796 -324.271676 853.335050 402.365405 -74.930468 -8.458535 -805.144938 -230.966868 330.145849 1407.945893 -620.895972 -566.927325 480.344885 -206.708075 999.197580 -405.123285 260.777009 302.475032 -125.388871 -748.213092 308.351860 450.195377 -1302.104779 759.064939
326.330635 -673.387835 368.004512 36.085635 -1323.320647 13.167986 421.799421 -474.793083 659.347834 940.695701 200.305215 -1363.570484 -1210.083460 636.255777 147.695398 -90.755489 -596.512244 975.307854 -688.327478 310.767036 292.151185 130.503304 -185.407344 221.555019 366.963963 -32.665206 -657.114492 1008.568442 -105.057999 -98.513972 -1446.247890 301.830312 213.047321 -826.982651 998.580894 118.733700 -443.832699 -515.794433 957.442374 692.758686 511.436929 -859.658579 656.991286 -962.253825 -68.584429 684.774722 -940.437701 1071.390120 -1044.314032 -88.771480 27.514087 -367.723708 734.852488 335.763440 -621.194762 393.706013 943.062404 -295.216416 -349.980745 -735.243552 72.603292 -164.836855 -1369.329336 889.557255 -195.254150 604.746742 -840.545778 -462.190035 240.501403 -890.823895 180.502157 805.239296 -542.518569 -312.957864 469.613524 -1055.486483 -436.837784 281.096949 598.084589 -285.940965 -362.142732 778.536543 239.484848 267.237170 1206.036465 -53.948154 -746.276842 776.186813 428.408114 232.552204 -65.282931 -455.809677 -484.220853 797.639682 177.187760 -332.125751 -3.183210 152.680761 -436.084362 -1042.699910 1253.616366 531.788426 -104.273685 -578.260104 448.537901 -110.687305 1008.621773 -460.380465 795.728359 17.304765 -1173.696923 741.156392 141.203960 33.925013 441.096725 -310.262041 483.728715 686.605223 -821.064190 733.630482
-136.278662 -220.612622 642.092764 161.550007 -483.951963 1089.837863 -1331.984918 -1047.624676 -333.070796 136.238645 17.397982 237.393538 -169.346291 213.874332 167.388094 -668.711292 -238.184837 -84.396549 -911.087258 860.474535 -1247.861249 244.893108 284.810064 493.928764 241.882052 191.785075 -967.482521 613.244815 -547.958370 991.037595 6.502086 -518.973718 -254.313923 353.369840 -179.947714 -1175.167054 -5.304368 -1064.150615 -321.802348 -368.856537 794.402096 -963.749397 971.919007 47.298049 -1196.742984 708.983058 -37.328329 -250.906786 700.446813 -144.105694 153.746325 -178.053728 8.719971 99.958207 86.189964 -554.527343 310.518133 1250.075700 -1370.303904 1076.040461 -3.542741 651.997819 -321.134005 -299.793852 -451.452404 -142.190430 1860.726311 -1564.812645 495.563348 -166.530424 393.309881 473.376723 -910.673254 825.188836 -360.519988 539.726541 137.068408 -1301.799350 543.452812 -142.671822 1039.006081 -1103.032158 307.320226 -1013.051687 341.562645 323.832058 -758.268929 969.531836 229.191625 -426.091008 -504.065117 1303.203806 -1180.594316 249.218850 -270.740487 296.965918 554.245453 -216.661265 170.234311 -1064.190345 293.636499 359.143357 -969.760234 785.263359 -820.242101 -437.966456 -305.217983 -418.867579 -944.287200 910.521648 -663.215330 -172.567816 -172.184166 -16.344335 -885.347655 415.364361 -674.563697 237.738522 -261.226352 -112.632859
-1061.206492 504.536509 339.032158 98.535488 -411.879190 -100.123624 1292.436604 -347.224041 -435.775240 -1034.160784 808.751169 -424.768990 -144.422660 529.092502 307.551915 -875.786066 124.476665 1121.144345 -1091.788013 -197.214744 -192.243870 -625.110737 580.763834 -1025.485048 849.640044 -228.628215 -176.418543 -6.227356 -370.849010 573.851020 257.665481 96.422086 434.437779 91.198609 1152.224575 742.222073 -281.073318 662.159455 -74.716289 85.126638 -503.483206 1551.414262 -1234.285781 1335.414103 569.426532 -425.109757 48.281011 -559.146211 785.646657 -1570.313666 513.433312 -581.460043 69.758759 1064.444405 -408.583723 455.795305 -951.790499 90.941947 -1225.564163 -324.820174 -950.339342 917.635211 148.429774 335.328084 139.834991 6.510581 176.274085 -137.774013 -1102.203703 36.963705 -181.492526 1168.441838 -980.600237 195.230849 223.831201 -562.148594 56.788124 1057.404673 -1103.865067 -278.074383 -99.455219 783.534304 -138.159316 197.935526 823.088849 -366.436021 -718.526645 348.062109 304.923240 -609.845114 1213.085568 -253.105613 -505.931500 -856.921549 188.496755 -29.945224 557.587562 -184.657104 622.720482 -1215.030959 -239.398989 443.384996 -649.295568 -57.159488 2059.675499 -1369.068401 1527.537100 -1261.554336 878.669898 843.076897 -745.816385 760.148551 226.154126 55.494742 35.789997 -241.225093 619.246626 -371.035945 234.445042 7.933270
-1432.144450 606.532450 327.810459 320.874414 595.320848 -670.576383 355.026026 321.575327 800.310530 -64.763505 268.415391 -915.306195 935.834080 36.750575 -192.342005 946.933085 113.829992 -1004.951247 1843.065984 -110.727563 -203.362421 -570.674939 379.943299 -78.242576 544.067780 119.190506 -105.116493 225.495912 228.429133 -693.436664 -198.726070 455.007857 -294.894189 -335.770022 -924.775380 425.211225 -136.716383 875.909233 -20.854372 -34.507685 1107.167417 -168.267355 -161.147612 124.944854 315.691065 674.517215 167.415671 489.861419 1185.441695 -480.107173 292.038611 -89.704103 -957.547138 -628.100342 720.908395 295.375760 -71.502567 996.701920 -207.000450 -333.981852 -819.818068 -1146.469174 1337.970359 -1294.262616 -49.438008 941.032587 511.839540 663.673803 -276.029450 231.664125 -856.314656 -197.816676 -82.394195 158.176366 730.721085 574.836216 -459.435726 688.844064 236.790521 -138.330421 513.612915 -599.497868 321.058013 -102.917193 -291.390428 747.894507 700.702233 -663.212255 -233.229796 -869.343463 1113.398158 -399.759971 415.116171 793.249726 -155.734062 -125.092269 -631.081856 1058.674145 -708.883791 -100.732998 765.370251 -1138.976072 471.699214 -817.463276 806.818417 98.520720 302.261797 -672.395406 195.525500 -300.409656 630.761408 679.354886 401.222578 -1008.997046 789.224295 -480.563176 -231.749099 464.013239 -243.508497 226.862776
-1026.143241 736.779736 -1515.559328 -126.532100 -100.903779 314.972185 36.631679 -496.006988 14.900640 361.943310 -585.668518 202.167407 -525.107686 -86.074751 -279.488159 436.301277 -609.520141 321.330708 197.441770 -1429.380069 1492.513400 -1148.349921 69.884997 -1139.738638 46.938637 580.807527 89.776916 388.392900 -89.847050 1143.613368 105.409555 -353.607600 664.726040 501.339952 -379.822446 -186.527023 -341.059900 -659.885431 -86.255553 -708.407334 -226.964862 345.937553 225.164056 -783.410677 360.085706 -963.137625 361.474942 -437.000045 -954.333385 360.975508 -661.587482 866.598346 -486.260116 -107.739805 -156.387524 1067.900144 -1082.098268 848.741480 -797.230267 575.771666 -1059.860966 718.057440 -780.300262 -120.071883 -462.458952 -68.212837 313.805957 23.519969 -655.046086 1264.204064 1012.554491 -443.387165 -254.542128 -374.997077 -945.325512 295.391793 66.753684 -253.439832 -569.800552 -61.864432 -645.634333 226.823421 -221.887228 78.098391 144.735966 -947.570869 510.840213 55.107798 618.175783 -26.364803 -446.936263 136.355292 136.395049 -624.533493 -416.726521 1213.876531 -121.879445 -1060.436524 904.734792 -922.035854 320.867822 -374.484180 860.180086 -1861.346701 1161.211453 -20.405079 241.090412 227.899923 -465.506413 -652.557316 688.771371 435.981842 450.235593 -248.087031 -2.683314 1505.695840 -935.603899 -66.493589 -417.893379 192.165225
-485.524026 1108.022489 -646.887456 778.417351 -835.866294 -38.891565 -222.948252 150.253981 -3.786284 230.643546 465.924466 -667.382052 108.773189 580.298104 -1249.267294 622.528642 -293.191922 432.804655 -388.372915 98.295919 37.656001 110.188192 83.830876 -756.915714 788.685190 -628.257286 -75.653476 -33.655355 -1163.087695 1298.474664 -452.023744 671.781146 605.295289 -919.547685 327.852709 227.407605 491.652031 -603.707740 -10.049638 -597.494665 1403.951618 -1322.654779 1156.472628 -536.306330 -95.950468 689.995697 826.255927 -59.387949 -1300.046347 847.267148 -425.020874 1113.154386 -1615.292022 944.784378 -1313.627060 198.758701 849.723861 -1202.357100 887.574218 -193.497791 1007.721150 -1047.189948 1044.349787 -333.383818 516.096359 -721.300030 -180.646941 740.962531 -1073.303630 386.011021 -1139.376717 327.006613 369.610138 -47.091060 -87.395440 555.482645 177.875050 -742.404491 271.793021 545.116681 -770.123748 514.501453 -1068.703829 183.534545 -174.536477 143.322742 645.679357 -1041.516082 -582.996175 638.651192 -336.651310 -323.805024 -396.371814 1042.346488 -908.907274 -233.156119 21.116276 -411.684630 75.865683 -260.936959 -548.088906 134.512842 -629.737792 -771.821056 -348.387113 -915.782662 974.132779 697.349088 -695.711111 3.261173 -1455.669224 947.808860 -1319.555637 671.482131 192.631384 -843.489358 1084.332007 335.718725 563.892834 -581.000255
-94.734606 45.878310 -33.604809 322.910351 -995.014042 1047.367936 -235.685770 -141.947030 239.874520 112.036242 197.966359 -69.457627 -187.109740 199.537567 -165.986166 84.261971 426.610776 -869.863131 -452.529220 805.702094 -634.242861 -220.934117 -169.883239 -734.718931 719.174261 -4.603452 561.153698 113.248326 -757.059916 227.194671 274.572533 -751.515925 250.935186 -652.043526 977.296956 -327.948665 -578.905731 615.257432 -416.639953 -256.480810 758.614033 447.410671 -517.392182 307.746016 -198.340439 -1597.485146 1326.682352 690.838938 -562.946273 -8.704035 185.544680 236.001230 -961.113693 1815.945873 -960.154450 -360.246059 480.121580 -662.559784 -102.561455 -29.149448 201.268325 -571.164285 485.723372 -116.886945 103.510633 219.069194 517.732469 -561.232007 591.561347 339.011677 550.576275 -656.232647 189.781702 -903.556314 313.325125 109.859987 -141.969204 15.449154 378.054434 108.903878 133.315153 128.851050 313.078904 336.594867 -130.995573 -80.314109 85.268470 -1063.004701 1005.943295 -999.897140 637.699787 -374.769118 507.917933 -59.251751 1180.758774 -1764.480501 1253.529624 -20.342584 719.551255 33.489570 413.576554 573.936312 -1386.195027 537.534436 943.074914 -1142.610568 -366.287980 764.555598 641.058243 75.513066 187.215568 -717.897041 434.318949 -153.544925 201.061812 472.794423 -430.563988 -778.282987 431.134298 490.358443
164.506008 608.702836 -644.217647 1067.451288 -655.080932 203.662752 399.495881 -591.450053 617.338616 -729.157722 169.822131 871.861203 208.779844 -134.392991 -52.648656 202.507144 740.624236 565.693001 -633.182499 819.864029 -221.745642 117.722716 -429.759805 -154.595553 -128.264954 931.229832 -400.428986 -316.121461 413.444084 47.525628 373.268385 36.040373 -94.644880 -433.478078 -993.794319 584.690281 35.919171 -41.102498 -697.163116 412.399578 -614.511723 892.243107 389.527766 721.237918 828.091367 -390.444133 -823.620737 595.251761 -488.929114 1272.300781 891.362945 -814.501017 1059.909548 247.236164 678.594950 279.742481 588.369805 946.710904 -1221.710199 600.485630 -682.579381 727.499607 -173.198011 -1166.968140 588.540951 -1215.254179 277.724592 292.392229 -605.980544 419.971895 -571.267018 546.046348 -316.383674 344.546449 104.371916 -23.492984 289.076274 -663.923226 -226.341135 392.347994 305.416979 -66.081304 -189.096587 779.082013 -680.143000 1216.418785 -83.229725 100.815273 -56.536681 -324.565175 -92.433609 1236.776595 -1385.222999 860.391892 424.533635 321.335006 -858.154595 -674.109789 1155.697915 124.838599 -75.507033 319.487904 -325.757122 -58.637920 -295.673784 -257.602903 33.087332 -693.410868 -120.873032 588.422076 -563.075339 -381.161078 -140.795006 -445.916469 -428.033496 244.009252 660.386432 182.190953 -292.728086 -137.119836
-218.728026 345.235185 131.160925 -195.471264 -1248.381161 1007.748186 594.109599 107.031486 -100.181105 562.957462 697.597794 -803.487802 459.537664 104.346598 -500.263632 473.956793 45.487962 -573.032020 -783.461787 685.269997 -342.925470 -19.032232 -184.777964 262.072216 29.244304 -458.950913 255.901436 -350.317587 117.043559 -35.613463 529.307691 -858.272006 526.413420 1155.552549 -1291.462091 820.079638 -893.172341 -105.098057 37.785385 -398.054031 36.235589 -586.138577 471.410049 -261.628228 1127.131851 -777.866632 851.575758 -947.505020 -804.793523 310.567280 -185.082946 686.776312 -731.603187 -1234.497726 -209.622260 -869.448421 396.532827 402.571089 862.447011 -768.619580 56.302051 935.675398 -74.872859 215.370643 -1078.172605 419.843439 297.339286 -165.479459 303.812047 532.674081 -157.472702 -384.290711 -96.266421 -678.994787 743.672725 250.552206 -504.153105 617.145136 554.725740 -577.621946 458.772842 -670.176694 524.132694 -392.087420 -571.757341 -392.840937 -79.004972 480.007563 352.334251 -762.001062 397.654248 186.644003 462.156065 180.061179 -583.630564 246.014709 244.892286 -62.751118 304.560948 1095.991620 -1126.974131 114.447282 -160.800906 231.605008 -947.077352 1014.086999 -37.214058 19.931412 -236.894149 -428.991244 764.633057 -758.824058 287.724825 -932.749819 -761.573608 637.253371 186.323504 -614.807621 1076.548659 -202.300745
-156.219961 545.447095 327.632522 263.516488 190.990353 -416.007190 -83.013003 151.136868 -540.943416 376.257241 -448.473280 -367.300593 765.096491 680.794470 -334.144376 187.972081 203.710892 -276.110154 324.009998 -733.434409 595.842707 573.677608 182.441819 -1234.906239 62.968868 555.300211 85.504357 -880.199329 109.065647 552.908959 -1186.850627 652.483074 -1277.072308 786.804456 838.307643 -766.946711 1155.722387 67.063310 -570.337645 515.181136 -781.360654 332.065799 -599.349026 -132.597722 824.359287 829.512134 -732.746552 -661.947630 813.925721 -552.577367 -727.496664 167.764535 1158.343604 -493.304976 -276.587302 161.452918 -601.262239 99.523180 -322.721344 1064.871665 -375.543082 367.126338 -85.560220 774.083184 666.448326 218.421391 -864.822559 456.653244 -872.723285 550.487621 -237.441166 54.674113 -280.041662 -168.532444 -960.438333 416.963982 -97.795870 24.422237 -21.067852 -1394.019625 664.881197 777.007370 -125.012740 64.597686 649.984522 -577.647443 103.925983 -1367.583303 550.898906 -652.107037 86.946630 577.547888 -402.354668 -17.978658 685.007588 490.930620 -76.225373 -902.996314 559.650500 1680.256449 -167.298679 -547.927502 852.263382 277.433102 -835.860987 30.402094 491.508698 -1463.547159 768.683870 1263.882668 -627.599510 -201.949473 -116.051496 -284.708105 175.528667 64.101190 -0.166356 392.804630 -793.769197 1032.213088
9.938506 -437.482252 527.796430 -226.008208 386.592762 235.548992 -53.105161 110.632270 534.551602 185.975328 -191.212969 -660.850827 -579.778443 1212.659432 -696.266125 -447.828246 -132.477307 65.978384 -56.659238 -128.962735 -485.538189 182.900120 47.324393 582.503038 980.694332 -1141.335967 396.262248 651.297653 -2288.024304 269.375794 132.978432 263.452413 -1003.569040 -482.300143 1096.229348 -1132.105842 112.038871 -583.806385 1777.344140 -268.138557 -367.529481 186.413059 -117.407978 17.617804 -396.687494 837.913662 -74.588290 342.789656 -135.256369 -492.285807 1521.619601 -854.792034 272.408640 -846.414968 -39.471045 880.820475 -574.010535 -55.309159 -794.811709 -65.135357 -18.335810 -1076.624292 -487.200815 -516.903762 -111.673436 156.098660 201.925349 753.303404 -132.076241 -94.067122 310.537753 319.467535 -647.073735 1211.195700 -1344.672309 925.136666 -1065.537887 1158.489041 513.895079 -831.135846 -441.525940 -26.462685 -345.907105 -329.384671 545.610848 -692.401279 862.897182 -505.829621 116.845802 -75.649856 105.821693 166.951561 801.574833 -546.318975 -188.084549 -609.488052 1076.584375 -524.765235 -487.039271 198.526411 426.391149 0.939311 -380.722037 52.427576 -264.937052 658.599134 670.001863 -213.625610 -366.666473 579.003461 -685.390051 436.199819 225.503833 -718.109401 -1434.591192 322.998618 181.258294 725.163957 -291.343451 -674.522478
308.891972 -633.795641 931.022318 -80.161242 508.804606 -16.534992 -565.991587 -100.764341 1586.690935 -711.474280 -140.115414 100.426454 -741.040658 587.145190 627.672423 521.413414 -564.890024 -0.600042 -5.871822 227.146441 523.660876 -58.270086 -1010.895043 -3.876413 362.197839 757.186992 -264.880052 181.052579 1131.121057 -1072.923805 -385.446649 -386.348893 1410.646137 -939.132800 -553.756004 394.983422 495.940164 -1107.084082 -78.427430 616.656777 667.700326 -343.385964 -286.370967 843.769518 -451.912246 10.730517 30.583904 -180.139327 -113.473855 443.642381 11.888299 1172.103249 -429.260345 505.291488 -995.956062 133.154052 -22.133510 -2.440257 -978.995861 531.188690 -253.420323 853.019162 1115.433131 -1545.528774 -775.783926 1226.548199 385.100271 -1116.878270 405.441743 388.077993 189.910040 1045.579021 -1051.759460 820.243534 952.450175 -1068.096739 583.632508 -0.618979 141.370785 -1335.149002 1001.531892 768.667077 -592.135037 347.047416 -685.854268 245.534820 375.289806 -447.281271 -289.193929 -442.576947 12.885893 -527.545885 -25.212855 278.159952 635.864372 -1469.633090 299.862305 1060.937539 -73.249055 -32.379733 955.231311 -244.632889 202.637289 -445.578289 389.186071 -1443.427177 318.774092 334.080960 612.953299 14.243122 308.369081 247.975440 -394.858702 661.367279 -90.195774 -144.896856 734.230708 -577.299872 710.851493 -194.691695
989.740315 -908.875648 -97.660340 840.318343 -1405.417063 1306.395216 -1473.382145 -191.267824 -15.083837 614.940595 -604.305958 -362.853270 -243.401442 445.218141 352.737114 191.304171 714.778861 -1172.643148 322.562257 282.857857 849.190908 1260.706159 -899.999629 568.174538 -445.350774 138.857669 289.747973 -305.734858 567.843285 243.215633 32.622002 -336.930488 -433.293017 131.710342 626.777122 -298.848401 -148.615886 522.112464 -1171.047523 -1252.448826 980.954127 87.739040 -71.506041 -87.589135 976.926630 -463.198163 65.447840 -938.045026 382.350497 -252.269222 -451.306837 -401.418718 872.070107 -1118.146284 721.713784 568.238108 -76.859763 -612.996570 279.631729 -138.102147 -817.539943 -564.518435 111.778841 934.077837 -1195.341563 391.247814 -725.330415 701.699812 136.066657 308.369138 -1233.080977 1932.529284 -1194.836739 -168.661128 -155.358486 -352.626730 -309.830147 372.821011 161.581854 -400.124204 1510.562448 -1616.162133 1060.323184 -151.560447 -280.013536 565.417328 -976.821107 814.538391 -214.463331 307.027058 -706.248814 488.905445 316.333718 170.303902 -216.164861 483.031586 -1505.073824 944.413903 -1105.138597 229.495067 884.906346 -926.677116 -159.065766 -38.463587 -126.999104 -204.841087 296.926638 -1299.332715 1037.581427 -299.570905 -20.978443 -234.612359 374.619276 -677.670695 150.562240 148.150840 -804.823801 259.580428 -397.443366 -645.764281
68.498966 -819.356224 -197.194885 578.225528 -113.746097 48.502982 -547.029728 1142.784359 -1081.972543 853.240600 312.275035 -1526.134068 -86.240286 -132.027567 -493.810232 144.665168 776.309844 -332.663540 -55.212068 -308.573797 196.802087 781.263500 -405.031390 1347.735196 236.430407 418.181382 -723.702667 992.020687 -423.510370 -130.314844 -153.968356 985.383033 -1168.258326 -344.079430 201.304516 103.367484 1069.741324 -1112.199624 810.777264 -468.868520 -296.220551 636.602565 -1175.260341 504.652923 -385.311270 -71.045899 84.393739 358.208868 -602.056983 950.540941 -77.327079 659.391211 -1021.860971 1094.649352 -203.039934 -70.026527 701.332995 -542.734807 -548.249851 32.802994 642.883043 -1292.949529 -415.737815 666.364250 138.088275 473.597028 -968.329385 1133.248446 -125.339771 394.054732 -582.669587 337.218382 138.663320 246.372434 665.270690 -482.577877 -530.090046 -308.804359 -791.183979 -194.751704 -556.489297 739.671098 507.775383 -43.155393 19.708621 -353.305049 128.080137 -629.432814 159.477217 -103.015997 -1471.116741 1303.573248 -1531.581619 1164.287438 -445.117534 -456.802887 -180.721310 54.001615 -114.173680 468.133571 213.255459 -88.758940 55.925756 1354.543121 -1611.233221 -424.664754 1426.874244 -876.434512 1316.279666 -622.697260 1313.239110 -278.136260 -336.925560 164.478358 985.180884 323.375026 -22.357565 402.920690 -231.426862 1326.258862
-1821.255862 930.793772 -845.472705 -84.861691 971.584153 -389.016883 -89.179795 -629.414735 809.731453 -134.769237 311.280684 -681.916632 710.985022 -235.015574 -69.802297 -502.003361 -32.692622 58.814684 -651.069566 269.243904 -414.549592 -104.038947 -157.791216 -84.606010 695.774430 -654.815558 702.230374 -124.686658 144.956759 -273.874115 1116.645843 -264.003230 -94.048551 927.017282 -1322.255614 289.077434 888.934075 -736.805850 -272.580978 -743.684468 351.659289 70.108671 336.947247 204.738523 -62.263791 830.461075 -260.041495 493.750485 -1668.645957 923.427170 102.542238 599.439871 -160.305936 -852.842391 1116.855169 -380.036747 458.789735 -391.495261 26.148825 1432.151833 -520.074560 -246.475467 431.505243 31.829616 -60.528360 -632.493478 413.205697 53.721730 -576.224276 -174.822640 554.831285 158.293696 -701.787366 21.823010 21.302594 1265.938702 -906.305059 723.996885 -765.103635 742.294727 -1371.611358 116.961201 -677.996654 1016.191733 674.729032 -753.054988 -121.463061 817.010694 -1297.353276 820.062163 798.583433 -1334.631506 -267.421037 -165.012328 943.101192 -583.836327 -1104.549124 768.525120 -1243.951316 2032.257274 -705.239259 969.383792 -679.574747 1118.620281 -97.651783 -506.798399 553.560962 -701.224438 716.620486 -247.500795 -295.345648 353.293183 303.401447 208.592718 -809.839818 551.184013 -544.977498 -203.644461 -1497.314417 1643.869617
-962.137623 156.719398 -118.249712 -634.152833 738.944114 -802.125686 -253.208603 -110.644563 271.062845 -523.891037 368.713612 -1176.236496 1094.509354 -1298.103164 920.634158 762.144856 -1273.503996 -58.212951 -402.859344 920.182510 -1329.932546 -133.081407 -454.914982 -867.365058 -72.692558 253.487204 1075.356227 199.995414 -307.144850 -232.192014 147.379494 1065.473478 -637.742323 -119.043597 -132.698218 -273.615188 472.356856 -789.561421 398.062481 723.135569 -490.583739 -406.233060 -251.761819 284.040745 1150.261801 -585.213579 1246.035863 -312.946737 -263.951816 -213.999108 -514.112025 913.527333 266.372036 -1330.343406 1135.224275 -943.811265 751.631373 170.016630 348.411856 -605.626423 -564.529914 869.880873 -834.502452 209.787423 759.433144 -435.767328 -661.739080 513.383686 313.268560 -239.748547 -281.669941 -448.251409 -1314.335940 389.166521 -1067.864164 560.547295 -316.314243 300.700373 -914.057763 690.074755 -607.247446 65.136818 -728.330208 -476.575345 1285.108510 -189.060195 477.244918 -523.493778 -500.748384 171.444569 -597.607823 1098.032757 466.147449 -1217.356681 103.172573 -688.776644 1400.125711 -932.953638 -1060.109413 999.997369 -517.385086 465.677781 310.319842 121.856063 406.347710 -550.232516 -426.971489 669.506312 -176.773543 -51.852112 302.157437 -437.253080 577.313363 -282.422860 522.291188 212.239307 35.604919 -1096.700839 516.797970 933.220106
1407.774140 504.872910 -994.870951 1553.937635 -726.424665 1117.235210 -448.202323 1109.429868 -689.665173 178.171034 -126.753268 -88.988206 -749.032321 1140.575386 595.404166 -151.882505 1054.688561 -1591.110936 378.963951 918.828678 -695.372342 377.596840 428.193624 -123.118045 117.253622 -608.718146 -190.777734 -50.492575 -276.439479 -292.786562 253.908220 333.100970 -572.468900 1168.711028 594.567279 -316.777633 224.233950 -514.338036 -108.403559 508.224478 -634.588364 417.680825 -366.082932 228.215157 71.828145 -386.793297 418.232922 321.153934 -226.242420 582.187589 -422.589367 74.148472 -136.811301 1381.226032 -1064.683455 72.616073 -366.340506 -477.570681 695.868251 -1063.162648 664.323930 -270.247103 -1122.873504 1554.934148 -718.582310 102.963113 511.182185 -527.102017 201.266359 -243.301895 1225.615692 123.805611 -860.797370 339.812011 245.735551 -667.096495 967.049930 -703.366329 -545.056659 1270.108011 -70.202161 -215.451013 352.761803 -856.984501 -0.915777 278.415217 548.948999 -1523.198071 387.248247 -446.487413 633.841654 -405.978991 1069.310680 -373.618065 -95.364408 -864.618374 1190.212259 -507.111367 177.807131 -418.851312 -259.420483 -105.378691 435.154266 -36.898785 329.352095 -509.671258 662.934317 -213.837022 -127.505363 74.054551 277.392835 -1173.942037 312.235758 573.309236 -414.748094 45.026492 1414.064962 -1413.332567 793.558024 -1400.509915
-154.039591 -779.035212 925.861135 -35.293502 -294.690547 -879.704843 1432.945065 -145.748693 -165.128848 -279.397272 -27.926916 553.040265 -863.914052 -827.059846 872.365757 112.017870 37.412815 390.888624 -203.357735 169.276432 -880.249458 1178.359771 -902.935836 309.104984 580.269986 146.861319 354.279904 414.820460 -1007.576262 1071.081916 -613.523818 201.295034 -549.350762 -380.513493 422.613029 -115.767718 -8.119118 161.669247 -1108.356029 432.854568 187.133398 14.351912 -161.706050 500.804585 207.504395 -800.639135 758.164722 4.742852 -985.088349 576.430590 -115.055826 603.022041 -630.492977 318.519830 800.355770 -288.402146 756.596998 -823.895790 1050.333747 -538.622339 318.250150 183.729941 49.018025 -335.313514 91.609426 413.471365 -1418.599277 1077.499204 279.186633 -133.118231 -700.561452 608.642769 179.404291 437.176893 -617.750542 -401.337662 95.841329 745.235640 -17.377655 -324.455344 202.976873 74.109172 430.252919 155.986416 -296.773472 -345.980292 1036.772651 1172.797196 -2107.410657 -122.201486 84.040506 628.499719 389.841487 544.927703 36.479859 -32.118668 258.802144 -857.475950 872.657016 -253.619577 -362.771928 112.309606 -125.190039 -963.612052 749.668431 -74.420570 106.746174 -167.101134 261.424291 501.218897 91.226978 -219.590425 -603.836002 -141.903643 -721.820329 677.136905 -1093.063186 657.380553 746.295749 -40.401595
1032.561229 -870.626983 884.457325 -651.166269 130.106561 -631.521029 147.182362 572.803561 907.239807 -314.217951 -1722.414735 478.303459 1091.657908 -338.431967 -74.942283 -108.294588 -23.952217 -27.683715 -335.091009 1164.521880 -782.311917 1021.130509 -790.323311 36.717189 -131.348039 90.325317 -125.685970 39.847016 -456.774336 -435.707804 833.474927 397.076121 -674.651800 467.250437 -904.517997 1247.197543 -565.704599 -495.110662 913.427478 -931.649482 693.015341 -596.537161 780.433894 -9.267994 444.439354 61.934605 -1049.566793 764.058296 -244.098527 -262.715691 -456.153693 -215.886832 797.712330 301.332242 406.236629 -410.251238 582.980367 -784.824377 841.216766 55.092184 -387.434721 -229.647794 487.485218 575.362160 -189.569442 44.506669 699.297262 -864.107515 401.580404 283.677823 101.522148 -351.635480 -341.070996 964.405081 537.204332 -928.447983 -557.404755 381.119778 783.521687 624.838452 -1127.425826 715.827059 -156.035285 -160.911108 157.679859 -670.765847 -22.164897 782.646634 -915.096355 923.604750 -1794.212610 -487.740189 258.273234 -342.701225 1528.356207 375.191953 -1004.903703 346.005453 -212.116482 550.713602 228.692428 -136.475460 1013.283294 -877.137826 174.706473 -1066.864973 1034.952592 -33.296870 -1203.998937 1281.239827 851.227961 -284.938939 743.747965 -754.725303 613.719254 -927.242582 431.836004 -492.428989 253.363934 157.504180
-981.516575 -257.093536 862.554046 405.117183 -75.124381 -397.252307 -746.430476 835.614294 -995.091581 796.723138 -73.922804 -875.858249 538.414859 277.874523 -609.604058 -571.753236 466.084810 468.949525 -613.213987 869.418073 -470.189998 671.373996 1029.312010 -657.637201 74.127486 211.096301 -716.206626 790.175742 228.875498 -1090.531309 360.489634 149.326922 883.694268 52.256332 255.663880 -669.962205 1154.593658 -1308.791967 264.797611 -142.839627 1030.243872 127.543626 -506.857274 273.757169 83.355649 1039.917377 -32.300963 -389.948915 -299.700347 -633.008590 694.435075 -1026.178065 568.957043 -506.368085 1048.466336 -156.980979 72.483170 -933.027649 -224.158777 995.886674 334.021508 -697.322812 -908.891803 698.320924 76.630991 -422.727297 323.546721 -212.364392 566.533972 -22.873797 -361.360201 110.007463 -536.000265 238.294725 420.383105 -801.186358 -576.702274 -79.954286 427.619053 447.044335 -329.602165 -219.617802 360.938540 -308.604444 -420.524114 -642.706272 494.663973 30.936619 143.534770 620.032866 50.997929 -71.738211 -573.407589 -90.687204 -982.362541 640.938959 17.976337 422.124575 -414.112275 -619.506353 718.705694 -474.741101 324.770391 547.786657 -248.843439 306.015716 -126.302755 547.543908 85.950867 -504.958403 46.924335 -330.150383 2037.186745 -904.340766 15.274239 -509.640978 337.124607 148.550467 -960.977483 140.960907
184.578700 297.232189 -862.810304 -35.308851 742.105900 549.570149 897.803644 -396.077567 412.839427 157.597580 500.941842 606.529087 -371.591076 1.296699 449.331456 89.597965 -755.496040 629.126719 148.204524 -677.714703 218.233505 356.209562 245.224518 -40.566920 -331.275902 615.142615 50.564008 685.563324 -430.508605 -159.497309 -306.005308 -142.557276 1185.290128 -1239.366261 815.297097 -256.837738 -485.331204 -324.927397 346.487342 -486.987867 857.870966 -717.302076 1285.825279 -1543.485975 -55.567791 945.707801 -117.937896 985.894576 967.403670 -435.214519 875.683512 -1062.055263 -79.801947 490.858263 94.746408 -563.573008 890.265450 73.147387 -415.060392 -1169.738002 1199.061143 11.946814 -0.101332 -833.100930 993.256876 -671.553513 -855.716299 944.316039 -71.986299 602.661520 1041.436606 -1021.629594 398.037872 3.880647 653.115563 -900.866089 1206.296094 -1496.070145 207.997003 70.767560 -429.989940 731.719409 -86.870307 384.357446 -199.617668 -238.673283 -168.454683 -235.366459 -90.082107 43.665207 447.582050 993.593900 190.833102 -724.595527 201.809639 -165.036615 -515.257374 -24.455069 556.400662 180.751214 -351.379134 420.508824 -1604.942644 488.511827 -50.721872 -287.111531 -697.174945 419.578145 361.674898 -10.480983 -588.025190 515.465073 -1245.032369 785.802247 50.093009 -641.524299 187.083375 1004.915313 -1313.507922 1124.792347
91.682615 -152.688124 2282.380051 -1563.190343 -344.035045 1067.539554 30.447848 192.008133 232.978058 -461.338255 -144.774863 443.579760 521.401672 182.480460 -797.864067 -561.429447 380.022337 143.454973 151.868075 303.514157 -1549.890052 857.725049 870.222553 -830.051964 87.883801 -91.764796 -896.050671 198.664669 1032.796813 152.715914 -2436.620710 1509.545558 -398.220603 -204.241271 -706.796332 248.796319 272.370241 97.892390 -635.911187 491.162982 169.949696 344.757780 633.292343 218.824974 -104.603427 -362.843887 -242.014470 -539.084293 -226.291411 361.571028 911.632017 -246.593724 -742.901829 -279.122525 -394.997771 -1211.758061 715.124728 -498.564392 -600.536468 529.751835 -1292.636280 -43.919119 969.367144 -347.134767 93.837411 -358.238542 684.548022 -416.452825 669.281055 77.597344 -68.883413 190.112713 800.374710 -1148.138968 964.206698 1016.879995 -120.697333 1436.505007 -585.376020 -283.970990 -135.897341 -152.151989 -604.263066 1058.478551 -1091.126250 135.708158 117.640605 -49.904917 -516.032343 -63.552808 -457.627595 -121.463741 -392.077696 298.592204 -255.251013 -1094.153422 418.726538 347.464160 -97.946375 -1001.416271 20.471692 1769.115775 -582.334411 -425.232769 -34.261105 -866.425244 916.880905 323.007811 533.561620 147.306205 172.047619 289.666799 -234.053243 245.743883 105.154954 -351.419660 102.898186 -10.483176 -755.061063 434.695163
-1060.905814 -286.606878 174.796747 872.639606 -1133.061190 584.671291 -499.003282 306.328453 -812.111083 913.307901 -638.582628 540.127723 -192.623132 -558.780089 675.207121 345.753862 70.681619 -721.366042 -150.016900 302.163712 -584.176950 -952.031856 380.842362 -43.525944 373.089646 477.329005 582.427122 -1680.807258 -251.889850 1042.263906 -1046.333931 1098.797102 -295.520314 -800.420097 -160.218879 -230.749474 -225.609711 -1128.840795 65.752958 592.801202 64.832549 -1086.113474 1061.238106 -1121.548082 102.037535 658.593841 -565.067135 453.287580 -260.702175 -943.382317 1131.983279 660.736309 808.381486 -131.190437 -821.928244 1252.113167 -448.542386 422.750395 356.760231 -25.132774 -969.522535 -311.237196 369.993845 453.462415 -251.203469 -236.049273 -923.228754 321.102061 28.764838 64.550307 -497.491242 34.183288 642.451650 -1161.061227 712.933920 -1215.613849 438.853137 476.420221 527.433894 418.385362 6.163514 499.652373 416.101654 -390.252076 -44.997965 -305.425653 -316.187006 -718.057061 -920.616290 -78.439225 -233.210703 -71.531617 1011.236242 -104.389275 -34.901344 -619.552334 -634.936991 -34.497950 667.809669 635.192949 -766.821125 156.144877 -466.590340 260.720571 376.876437 -473.306503 -455.747228 -289.049508 -470.239340 1250.074174 129.024656 -55.512793 635.836712 70.728387 266.305429 159.785233 -14.276227 693.427278 -33.542896 -450.497645
-44.088532 -313.053198 -452.126120 147.433227 149.231885 403.936008 -450.713211 -38.898135 -412.064084 656.314065 -439.904349 486.944085 751.636723 -1475.624023 469.049911 -311.950559 486.050069 -78.626453 -239.240811 611.576021 -75.983262 -206.866505 741.526864 -138.806232 -995.061729 304.266476 -534.317510 434.938770 -313.191461 288.232573 389.441609 -124.463168 1546.418930 52.279196 -868.979311 503.266556 137.554071 -4.775868 -799.367010 -406.494806 77.551508 -174.595765 -321.096540 -294.989788 85.009431 372.444764 -82.058445 -703.434829 663.821843 -640.611869 -176.962124 -108.775165 117.425316 -410.900760 -62.942714 -147.993827 -7.560962 -548.516196 1040.325198 464.201985 -407.703170 195.165996 88.135129 -398.947440 287.077449 65.339729 1097.795991 -901.305331 1013.457105 -1406.057462 -181.010010 -1159.820106 981.661827 -631.639848 -332.625928 -138.555966 529.320460 -1121.442726 -108.442577 -376.491883 261.406744 -306.100965 658.884936 374.210975 445.725557 389.741118 294.605154 -388.894178 1108.912990 -153.386094 -112.127166 -1005.318321 -1334.103274 692.201790 1567.415059 -1328.797258 -381.351756 21.829026 714.039637 84.147542 -234.760960 1504.924965 -609.459011 -101.702596 -818.208291 737.254543 1162.264790 -1150.679254 -386.651256 -5.108783 -1753.722647 223.295157 1333.358420 -1131.886474 206.279009 220.677111 -930.868999 -225.579464 1209.336620 -455.237791
379.170323 -883.091814 -399.554569 281.599512 -61.634218 408.212145 -506.213301 313.479300 63.980676 11.765146 427.400442 -49.625756 246.553284 265.438566 -1318.531952 301.702825 1.159295 672.684603 -1172.202991 321.745697 82.522991 -785.635966 201.851054 1311.840131 395.093014 -228.071740 -643.478723 44.578224 -804.142585 138.664173 -815.549431 -1010.722697 468.607566 32.184503 273.426694 21.435894 87.002906 152.338382 556.849735 159.662433 57.770068 669.804725 -648.857354 -802.556665 -23.952555 1302.684498 560.507674 -1005.027018 551.207365 141.788105 762.127421 -509.232045 701.463205 75.957368 -938.102243 -78.980139 1025.689588 -281.357718 -1220.375906 867.479449 -745.160298 1377.632219 -588.698289 681.901501 307.781796 11.234803 -239.242965 1056.383332 526.274764 -52.432584 1034.671961 -1034.009895 -526.199003 743.709168 4.051640 -164.647738 977.299895 -406.448351 792.440340 87.423936 118.720142 -645.114000 275.508914 -836.509427 832.809772 -197.022824 1295.755457 -1816.097934 690.994283 95.357424 954.152777 142.829254 -1009.665665 938.733373 -3.970257 -711.352849 136.095205 154.377274 -910.677783 96.232570 -366.362622 222.096490 275.736232 329.469170 226.397236 -364.748565 -354.888586 836.150706 723.684457 203.361517 9.893881 -891.138539 397.725726 -1197.190375 817.617712 -394.432366 66.964602 -318.141101 -619.446033 506.112153
969.788843 -258.502363 -534.349241 -400.517387 432.644255 -104.702886 621.781512 -170.439139 -638.312835 -82.923216 887.659057 169.263722 -337.178327 -927.600810 699.190800 -451.156729 -814.146770 -482.510856 558.583620 -34.338796 -99.252096 457.462754 -479.523904 -226.210616 1224.031521 -187.443687 239.172921 541.449236 951.443798 899.961858 -500.126040 -222.771663 194.392358 -414.933470 -925.673503 -390.800266 140.698347 505.137851 -443.036299 -757.964841 1048.668636 546.492308 -384.400896 -362.789742 675.015898 -394.019995 557.342215 290.053140 -480.944829 712.169755 -507.925324 -316.422450 1152.956272 30.074860 363.392094 -1017.828845 -728.735378 921.493591 58.110366 -473.984373 -435.183191 376.026597 -1114.855961 363.914945 -881.730407 35.991315 -294.402694 -200.438288 -84.975200 -848.641577 1353.849415 24.984902 136.619311 61.173804 763.691109 -822.800971 -159.229392 -95.011361 670.759375 -744.059492 -161.005289 230.316213 706.859394 -745.147481 -176.733873 -1123.982343 649.506846 -110.578911 153.365859 118.773728 43.323292 -39.192940 -293.276949 544.537775 -440.643340 86.415676 1043.727215 -30.507373 -70.852244 527.081148 -872.308223 688.229875 -759.118233 194.768918 1166.457893 -853.322326 92.331428 -556.179746 145.305398 275.254938 551.179219 195.471618 -377.316482 -169.894895 160.793304 228.237138 -1121.975711 -120.756322 594.713055 254.916578
-934.451924 1139.325620 37.850250 612.845041 -772.652718 933.388052 757.910249 568.511472 318.279948 -521.468607 323.824051 -119.634242 1123.550240 371.983907 -545.515254 442.476402 -912.975135 -527.280096 713.433659 -959.719824 640.653346 1.816678 -848.653085 917.016454 -69.512260 361.346098 -430.473369 -675.781381 184.039320 1534.011554 -255.359700 472.476264 -965.876864 1555.446114 -1014.089982 -55.996694 -860.480775 290.836472 -133.689695 645.226222 -1576.128942 468.918404 535.077502 -937.909988 273.945340 -212.099092 -340.886803 479.083651 253.496503 -400.455116 -33.261808 -218.683212 -512.448314 -758.554939 1176.915688 830.036062 247.678256 -1160.326377 478.876389 -567.993409 384.211017 -7.175516 908.201474 -647.490355 604.656336 -734.837091 480.102904 -7.869460 1199.038413 -983.877136 -377.288810 -550.113566 96.666626 -467.666832 -298.363745 826.865981 -196.574634 1068.890284 -822.570911 189.228608 -245.119791 -952.424021 529.704595 86.706678 454.067445 -110.375980 -259.684231 -626.846718 -403.646658 537.655385 -201.574218 -274.764522 -389.966364 679.617729 124.572855 -772.262375 248.718831 89.224862 349.389495 216.703545 499.793937 665.286459 -998.120333 -266.695220 -838.160269 1612.395612 -1117.405280 -483.225691 -559.638810 269.218652 -28.064568 -324.384826 1911.630723 -960.615097 67.737953 180.244427 -336.156059 634.164199 121.511329 368.185212
296.511701 -1372.030609 109.178008 404.813675 -1102.082821 532.759330 -297.680061 -1063.682295 775.047955 24.923552 -49.631895 -1693.971871 370.113196 667.882846 232.253573 -652.104431 -165.547036 169.094764 -540.905923 963.539628 -4.522562 -246.302762 -255.417707 -11.914288 -888.555986 525.225900 321.579062 -139.730761 -648.511022 427.371473 344.493641 253.050892 -84.048119 1035.362491 101.863361 693.036215 477.865552 -227.238012 -631.076959 -755.085531 398.464070 -347.716529 -862.680899 793.722896 -699.784204 222.060561 -158.993473 -269.359526 -218.771300 -375.624496 276.397806 183.113193 -335.926532 354.670671 -92.405518 -267.766429 1362.365796 -190.996338 -780.739099 944.885718 -336.154690 -501.979122 -92.809198 115.438174 162.191744 505.587667 -986.483437 137.878291 1229.335400 -423.112839 372.267251 32.389296 8.056796 -900.310788 158.546590 -211.454304 -659.846321 1369.587584 339.369269 97.038624 -21.484745 420.697237 -701.489956 223.725650 -984.345578 870.755303 1186.526158 -713.657800 904.474716 -462.690745 638.719796 -582.366859 9.730342 -309.175183 127.375875 81.522020 891.922025 -1185.030262 1110.686340 -876.452006 311.946494 291.282287 724.858194 -41.437135 -230.435484 -534.999014 1522.378553 -892.564624 -746.508472 -181.920624 139.131538 -325.187878 787.941952 -301.565523 441.185711 -1165.887574 155.949022 -218.471889 439.195475 216.629355
956.594209 -687.186693 -187.746909 234.203899 -767.144125 1249.195441 485.973940 -956.003528 672.098301 -522.764680 1176.494870 -775.628337 776.390848 -1211.248283 1073.279330 250.756993 -676.232398 524.768873 403.931424 -1035.446515 389.387173 332.309666 -321.957347 -335.877737 -482.169939 -281.089838 -931.871936 -230.137345 -370.720193 -25.790066 250.654289 154.519257 -428.196318 -218.696808 -163.618526 395.236782 11.807911 -222.210287 1965.192616 -1039.646176 678.175095 -261.176139 375.503698 -303.939503 -58.110927 -166.106818 312.784688 244.957910 -783.027561 197.385899 11.660399 -857.030940 751.224505 -1622.820125 686.025324 2.660523 -470.864922 -447.191111 638.809797 -1056.229547 563.738105 272.540074 -1192.322320 232.366892 -513.006144 -397.667820 783.218602 -831.525046 900.078787 328.165839 982.326721 441.167954 -1091.292198 534.655531 456.728121 -606.550209 660.425164 -191.345431 -364.648484 1187.645515 -1000.179666 132.549023 -33.242299 141.681542 190.232455 -934.527344 -244.435206 816.281358 -1334.900475 -298.803199 1117.557531 256.831042 -1243.036390 248.621981 1010.833016 -1387.418910 -558.824424 325.562669 441.263981 -122.681605 62.832956 426.465722 -1184.182157 1047.075674 83.546027 -295.558207 507.896708 682.611382 -1138.617773 663.451580 -1210.138072 469.926167 181.245612 498.958219 505.057528 258.707515 -961.501690 260.241337 -5.837416 -175.388732
128.959476 -524.797659 -911.430327 482.815854 133.872735 -1044.691261 295.064979 -581.137484 1138.990247 27.162608 -5.436390 408.469432 92.134236 137.704509 -631.183269 691.192414 -234.774018 -23.945009 -166.972828 333.319473 572.531400 11.070271 -254.829803 606.567742 -294.633508 897.605518 -477.248572 -70.670861 424.274142 4.510074 948.214908 -729.099891 857.960593 1066.348629 -437.389323 -1366.657404 1420.951288 -1026.625629 369.449921 563.476446 432.296779 6.085993 121.864436 161.593838 -599.990168 594.316967 114.126424 948.338332 -377.936968 -123.208954 66.684914 90.644619 532.577114 137.378066 23.002424 34.150479 976.000423 -1303.897282 -318.157536 892.762539 379.064496 228.317288 -78.384047 42.465821 649.353722 -334.204700 -71.052256 388.359320 -734.888834 466.863253 60.963458 643.132216 -555.011602 -419.531842 -96.540384 -432.430585 -691.848627 1014.358872 -143.219424 -206.271959 349.205418 -463.521958 -757.916421 -400.092566 713.826218 -726.043534 350.050682 441.705482 -284.457378 111.426918 -24.838168 -635.039599 480.646141 -621.641339 1031.894783 -294.815427 295.492710 -613.410423 66.139972 -408.960469 -769.891462 1693.024619 -1641.262438 453.391614 -240.469107 276.064244 645.461705 607.065445 -152.084201 -601.027043 1152.543655 -321.137597 -274.934555 -353.911216 368.590678 293.966698 -102.417231 -431.854399 -84.996801 94.041810
1365.181016 504.172140 -786.762989 792.344508 -118.640570 -342.467820 242.749598 -1177.880740 -342.365578 397.930235 141.219751 591.351166 628.437240 -322.732214 194.157508 566.080716 -438.090251 899.953528 -79.803656 -760.353098 876.729038 134.655472 -1003.093958 945.999418 191.153298 -256.598217 409.232485 -928.006626 -534.795614 -102.492085 954.175530 -711.085744 -111.348755 208.197027 1114.119193 -465.977249 -1430.797275 269.954916 -343.223440 468.018638 -508.921493 543.011225 -697.425761 -156.665421 -244.595552 -757.288504 294.631660 800.611485 -851.492929 511.072559 -295.975438 150.210972 458.876653 76.013826 329.151211 -1445.263815 522.434544 571.026289 -1324.275976 309.136760 -361.586738 1173.306730 -394.494660 381.987861 1211.787299 -828.204522 145.929573 -592.504958 485.929220 194.663470 52.650903 242.084811 -439.600598 -296.132308 -349.016875 974.120776 -1580.283965 -309.605160 1636.491996 -690.944945 528.777280 -98.033456 265.102924 -304.353069 412.669361 -811.800768 -404.104426 561.173177 -49.268275 302.644327 501.543848 815.106850 -997.796412 264.430985 -1881.694541 409.197053 -95.827812 183.964602 1234.378184 -844.311774 368.766879 -902.523284 540.369161 -281.663541 -8.799029 296.769661 -632.909014 196.065564 823.316744 -87.972205 65.617323 342.950904 -551.469109 1209.687221 -172.358295 -641.564339 -52.160972 1588.185416 -825.505815 -174.161133
246.420969 -332.466967 -165.423228 -49.624515 64.453631 368.322919 -662.264443 559.830059 490.999644 -742.588243 -440.898073 -909.564976 560.329665 -988.004661 -123.253103 1594.363524 -324.574929 -144.692029 -365.972556 1041.516766 -906.702067 110.261451 -518.826755 183.159701 219.068420 -637.710349 716.597025 149.486507 -691.362507 -543.176640 399.430771 -228.893919 -516.604915 98.982730 -1064.419686 352.783840 90.421297 530.542751 -246.043598 655.993789 -62.678611 898.376702 79.691223 -402.069462 -21.961056 -437.862988 810.388396 -1518.443694 335.593803 177.549873 -745.239285 158.339842 63.724285 682.517015 54.202081 161.680424 -119.898449 -132.525026 -542.671818 787.674179 -522.567122 -61.719759 -366.127523 -806.697537 635.258001 37.631430 -285.587323 -134.382135 949.787256 -1283.760673 1556.712607 -838.667011 1079.323018 -206.944714 -53.532162 737.435299 -793.971444 -210.302303 -366.644810 1288.760138 -87.364615 617.836327 -470.365731 -338.052729 333.839654 182.685835 363.726005 -226.448806 -136.674563 -661.691600 439.572854 991.868428 189.326183 765.326445 68.104881 -1688.170278 876.945883 -1098.201458 428.344540 -412.515968 -150.205092 176.816171 -774.838161 344.773452 13.720011 -273.667908 -253.637209 -3.890035 -890.753763 684.796518 713.031030 -1458.625399 305.688688 -590.057448 848.004244 626.101324 -530.693961 234.915263 68.268869 -111.483647
1068.309223 -871.496309 -814.747525 581.628499 -236.949685 -859.897147 67.937576 -777.500912 673.206914 610.631483 -273.174770 268.007913 -536.253120 -713.821721 -467.853060 609.164352 141.189679 313.271589 -509.817302 394.736833 358.256993 -33.206074 139.545603 -448.253487 -675.592967 -254.989527 -270.753124 465.383812 -77.996331 -1309.007981 -52.554363 1509.584376 -509.253722 -594.898132 711.932898 -76.959268 -1433.174468 1271.393777 -162.485132 -355.958353 746.143392 -252.078168 -66.521297 336.741150 -368.181687 167.516214 756.263083 -709.068554 240.293537 65.533837 -380.041980 -726.192884 -91.230865 291.552005 -397.178524 607.569968 595.702646 -497.606691 -16.106208 -873.093787 -54.013533 -494.115366 680.091812 -408.533805 -680.627826 637.207883 411.162861 -338.238663 -347.758180 516.259922 33.414708 178.529484 220.101506 278.170197 -609.545835 576.509554 294.145433 -666.553407 -114.360998 197.910648 -547.572484 240.748501 1019.511925 -951.425000 218.101714 -711.565651 -349.114170 827.101930 -398.801347 131.392334 -1227.777068 -750.984038 996.253915 -482.677933 512.759562 -117.415020 193.529070 1210.354943 -257.173480 266.766766 -394.938120 532.810028 -244.219954 -989.007843 425.675006 357.619860 -607.419156 156.437916 312.892870 39.534782 -357.557588 505.170326 -86.933245 144.802877 -536.248619 67.414775 186.615255 27.005200 -717.287660 744.176552
786.480952 1719.527591 -1511.346124 -214.668202 429.178967 696.960951 -430.656589 429.264429 -684.969861 760.802848 -74.763979 -156.555746 -165.773231 -401.927624 -1225.809824 -479.530537 712.974817 177.800281 -62.202148 -1817.657916 956.784533 34.563321 781.822392 -768.438059 366.362380 373.345693 -383.515754 307.602770 490.019176 -424.450288 -1160.516674 148.673672 1124.488421 -1048.182185 -477.838262 -1074.849987 1021.639314 -950.139814 221.296143 -235.338357 -621.186386 231.698799 -14.398079 754.601902 693.356052 -41.871945 -651.051246 537.124485 -715.668243 299.200509 517.269738 -429.062031 -1551.933773 -52.790842 -1032.286605 251.842751 -0.814810 -1005.968668 1466.502904 -569.007099 -769.682561 -225.078184 243.974020 189.884136 -528.411449 -845.530772 -176.528609 397.281345 379.317056 -67.470811 -1061.931884 168.832489 106.962066 -1117.710455 831.808288 -187.495892 -281.966350 -425.157901 400.983840 270.884777 -89.402890 -235.185275 1036.206282 -843.908975 150.537893 -115.285823 670.950116 -290.657526 220.442828 666.698331 524.626838 -51.684489 -938.132170 540.507302 382.937889 115.153495 -390.980022 791.701554 -612.769584 1238.770994 -605.426612 803.448288 202.918831 288.420057 -569.785912 821.005477 -222.703083 145.323095 663.416745 586.850878 -788.271685 -111.446978 156.383477 -736.815076 98.396333 -51.564931 -148.314933 -579.466763 -752.475098 623.069884
397.434334 178.317008 742.956315 -1012.737834 350.045151 -1042.738821 -404.462887 1021.816469 -1351.755858 596.613493 376.568441 -293.261388 403.080996 -1587.346372 907.025962 -354.162357 585.164295 -309.180504 484.975410 779.886386 -641.597110 453.162718 227.384439 551.546831 -807.552041 202.727053 783.090470 -360.165787 -712.317442 323.557689 -444.548417 674.525322 -1160.376417 625.758615 -328.978201 452.149796 105.335271 -646.654373 43.087367 338.173453 -391.284198 -440.472088 -1365.624022 -454.923675 214.927822 290.675894 -591.262668 808.678830 563.334543 -202.583254 650.609922 814.438939 208.616193 648.125639 -1753.913870 1216.438322 -774.769655 514.644326 198.785634 543.970501 -312.129436 -332.393939 786.716007 -181.440606 1117.792276 -314.537763 70.699244 -128.245662 428.337648 868.632070 307.375744 -1577.267622 744.524241 379.453874 76.643338 -482.906154 302.887437 -491.905087 135.410012 -342.137629 76.015055 -257.930288 256.804942 672.572007 574.711507 -264.196373 -103.071014 423.605152 194.379959 64.125550 -461.022038 294.913287 329.800271 -708.218941 1118.801006 -709.261098 -971.055030 1724.809016 -1685.784215 230.547360 284.801451 489.659948 -852.312806 97.633550 141.826033 -1361.209529 393.143707 -809.379764 789.133032 408.604629 1034.141024 -787.018576 1324.034770 -709.197244 418.982814 630.011014 568.622446 153.886525 -397.310389 166.766730
666.301427 29.185736 289.489474 395.152440 342.611530 -526.685089 1191.727151 -1423.520541 331.299461 180.316515 -815.134705 1116.941794 28.040511 -410.198776 -795.720902 199.737164 765.282781 -477.359526 -440.122612 -227.252764 436.835628 -6.159395 -313.741866 1081.443149 88.659511 -470.332536 224.551281 1196.770199 -556.411224 45.369099 238.076805 -616.226810 316.412475 -1022.721958 -130.749124 262.306418 187.518711 -238.794523 1024.293115 -378.262752 -281.552502 81.696221 270.919974 25.440626 -218.243541 -420.263351 -44.591354 -267.159336 88.614501 -161.180197 -519.400967 -72.991772 677.843282 -446.770651 -245.499703 -194.870568 -132.939720 75.202327 -158.261475 -1546.235130 267.240541 488.234787 -149.698288 27.067560 -482.931601 694.993460 753.850061 -2061.471343 323.483381 -407.533038 928.239842 606.892826 -2411.386372 1170.741699 389.789652 48.671997 -85.788019 44.708919 -471.583766 440.346376 -85.065488 -587.825382 -25.133532 -531.793363 406.580315 327.886225 -880.210610 -535.355774 169.570181 494.375757 70.991096 -529.376913 469.331040 -946.009615 266.357368 1250.460568 -900.595045 -795.461613 26.888528 -34.049770 371.708985 -79.121513 594.405460 -118.283295 459.829002 760.083981 -331.026466 -349.730501 252.251373 -980.074122 -925.545050 1454.484272 -79.019888 393.631319 93.351669 382.202904 -354.952515 168.493731 653.934493 -580.659947
324.609111 -941.968195 770.794965 -85.095065 129.307747 435.145727 -584.513950 -190.261099 78.965120 -37.157444 2.415537 -189.665737 756.638860 -789.653721 216.147821 -24.683975 927.758819 1138.734751 -504.499166 -457.610360 -690.842569 1299.065188 -883.869050 460.332963 857.127856 -996.122148 65.467784 -116.080202 -231.786656 290.009210 511.721839 -38.175382 707.761480 21.104541 -165.706193 -378.274296 -286.042096 -150.288476 29.061749 -21.456880 1412.907805 -1135.860620 -29.886293 906.547272 144.132702 -129.099323 767.286053 -378.460972 1138.019904 -914.117643 1151.126474 -116.341122 -248.156872 -754.801209 92.126770 1195.367130 -355.171006 801.310839 -158.011796 -47.264444 352.542621 -446.650531 -400.376527 616.028535 -1324.893696 -37.835355 722.341104 165.870492 529.961960 -1418.181215 722.538887 1290.926335 -1031.276177 -292.718392 -169.140248 94.606849 -387.762665 962.221058 -586.121806 -920.774809 468.287779 -405.636557 -666.825085 59.377598 1302.089446 -26.564569 459.499618 -498.032485 -150.105908 796.478092 -896.745723 576.520799 518.671375 418.535135 94.358726 -475.668715 285.130429 20.069412 207.968123 34.883178 -970.857856 510.211617 -42.917041 -921.528666 1140.118263 -416.416535 -587.875495 571.158384 154.536544 487.683210 -851.611747 -271.743427 86.190786 137.298585 -518.901197 116.952895 -503.911866 409.677139 -39.488283 -1482.790705
-584.381283 360.718785 99.148331 -131.410788 372.581183 -203.452559 260.780783 463.116271 192.088036 -238.074331 -139.366689 -194.199027 102.102294 -12.801926 -418.895774 -853.497882 -98.892592 1571.500693 32.289645 118.070437 -538.189879 -507.262000 517.534659 632.249703 -1070.229016 899.782245 -470.488086 -142.879191 123.278315 -468.041973 -522.333745 -472.146128 683.931102 -506.563037 1752.000641 -1690.894838 1061.951838 224.495486 -1156.251050 43.274757 -990.976582 989.164669 -302.678766 -144.184468 -355.449335 331.627334 -418.646858 -444.628652 -200.626184 1094.785823 -894.571841 417.356627 584.343022 -574.690775 63.292572 55.160862 843.516033 224.668112 -76.686324 -384.080846 875.095967 -764.513819 -138.066241 245.032959 507.709652 -227.489742 95.923106 55.812368 489.143465 112.797115 -320.363901 683.550162 -663.518700 223.084175 -224.913517 332.547351 -379.043341 612.808622 -314.551011 904.247176 -258.373934 1028.849552 -580.884123 -259.005319 -838.026428 44.275215 161.168204 -153.410982 -225.552159 -530.612338 215.451555 -684.366415 960.858382 -313.564433 240.961589 324.751063 -945.890732 499.539282 -479.349059 435.772931 584.647149 -1223.823014 -141.657705 155.297253 667.368397 -333.134383 -345.562022 74.275968 690.244317 -310.658204 1136.953729 -186.664251 -1463.368145 1163.013186 -386.063576 -39.255742 528.815379 -1027.469230 300.299330 -109.902463
44.244470 -953.032092 -638.761695 773.262108 -1146.703952 -498.615857 -394.380557 -455.140248 148.101406 729.820158 -90.672244 -45.544578 390.373889 545.154085 -931.945167 -69.620987 -405.542036 318.188008 -192.562390 575.424454 -45.925534 -823.299882 447.213127 581.824896 -270.416417 333.184149 735.084205 -202.473640 570.485986 -118.958124 375.204178 -168.024213 358.883343 -412.231875 1264.085276 -387.163833 23.287856 1000.077148 168.788557 -1156.862945 504.943223 171.586424 296.703149 -355.249794 829.420086 -119.446178 773.645749 -470.749732 390.343699 210.374174 -320.518435 522.500299 101.418635 -959.420013 769.204214 -416.833346 -305.410287 -506.498665 -796.568492 1416.283964 -610.750736 1386.544919 -593.263470 -1220.000281 399.774596 -82.529977 630.574568 678.719172 -86.157429 -870.851152 1201.782410 -684.492891 701.971913 -229.422652 -706.476102 131.030759 41.010699 -42.493126 -811.590216 755.231588 241.394241 -784.884451 269.734668 21.632428 -190.131917 949.903043 -348.326915 375.214961 255.552110 37.937715 -953.395432 -825.003749 710.693046 -138.132731 287.118202 -574.673413 -438.322893 58.518694 157.303076 -809.436218 201.336578 64.191951 -13.844366 -57.879374 382.177435 -139.944714 5.708659 -167.029408 -216.690992 231.684803 311.432084 160.520187 -283.441404 842.734393 116.432257 -607.473452 1031.066198 -807.215245 -627.684356 -623.948861
32.304362 736.727119 577.076973 157.068989 258.942547 -344.131630 -295.411045 -284.666386 -9.375156 -17.921160 -70.634320 -593.607113 -533.056711 1062.116777 376.760624 -336.772170 -661.719841 794.926285 -666.039618 1013.601075 57.798258 979.319684 -754.661023 533.852063 869.104651 -629.998610 57.109866 643.408845 -310.536648 347.772823 143.281267 -467.762979 -881.997308 -35.821676 1252.112352 37.463909 -871.930245 245.122174 -395.153684 -223.308116 317.974700 -441.742868 479.577155 188.070777 -1003.483949 1084.543946 -955.404681 519.260996 -25.869369 -660.311158 -37.347861 220.883837 101.902613 -76.410056 236.856915 130.758439 733.996416 -538.735322 -322.573358 -448.140523 65.232742 -44.053743 316.145826 657.712832 -1065.745316 697.811465 -687.392436 -1325.489687 2157.193496 -72.049239 -127.924723 89.065999 -1350.793386 1918.124801 -1186.780283 459.540391 -241.211591 -581.613623 1157.901901 157.111927 366.544587 -630.401129 854.427485 -659.449368 -714.784063 316.740490 -310.291469 -23.867660 -353.943763 1696.887404 -511.380884 -64.484545 -332.166463 661.312655 182.018930 109.520250 471.431540 -970.430393 1263.628460 78.503590 220.798669 -1059.055609 -150.766158 -89.860801 137.593585 -558.070687 159.501541 302.115207 -425.135747 248.515482 16.642767 -283.927662 -818.428404 62.175106 486.374814 426.474845 -269.303049 915.421985 876.415721 -933.494860
118.533637 -202.703274 -864.002897 -292.605401 -593.594312 1214.823852 -1126.449352 852.788489 -393.025031 843.345911 84.719456 237.891194 -1379.950732 300.046906 259.369599 -113.098209 691.616002 -253.800250 -906.514864 306.153655 -57.924884 302.272083 -162.088101 -390.435055 322.441683 -212.291123 652.850556 -874.910699 509.106319 -128.627057 377.351169 -1.437914 -301.360500 -865.424810 541.492199 502.769897 -346.082850 129.509599 -873.742458 273.885540 -382.463460 -120.201157 -543.489472 68.032110 -478.854344 1271.858105 -609.295427 556.554990 -217.647072 -310.972649 -128.069954 541.336327 -2.394250 -668.389115 532.892711 -699.171591 386.887161 -265.724384 116.666953 215.571464 -16.681167 -1000.333028 -82.108238 -278.626950 -242.990275 181.784457 122.537719 -427.880838 -236.582617 57.797886 301.804109 -749.765166 775.673509 -317.735534 -260.966051 105.672009 -385.775607 208.947673 -465.838274 911.802077 -902.228876 607.862519 133.763713 -231.384967 -311.250462 -19.996906 413.681838 -715.951525 -157.288412 -1210.497006 151.462613 286.121353 -1617.484568 543.936342 921.968665 -1040.455681 -963.611411 1027.804301 -1212.930088 1292.962925 371.147802 -554.009538 98.164001 546.748013 -290.056607 -734.649630 -232.289488 -527.442261 402.018012 664.094069 100.814294 -986.903101 -60.674419 -325.583297 930.933996 -598.629389 -767.547381 762.465199 -634.092113 650.249756
515.663731 911.384969 469.131217 -775.683616 -1069.377642 720.936870 -904.902384 -226.240595 -70.573401 74.492895 -1115.142004 608.766251 -476.108678 128.643682 -312.804859 -112.934311 66.003889 261.267964 391.183861 -388.256115 416.545098 -794.265425 863.164817 960.700609 -819.998328 -257.255277 798.159587 565.752360 -1004.811429 686.777785 277.533625 928.658422 -1100.756762 178.379123 -116.796433 313.908719 632.444513 -1037.889537 62.021439 -400.619240 82.179007 366.321846 380.079731 -610.339374 -177.849663 -266.021229 1218.720261 278.854664 176.251126 357.563380 -808.385005 -1122.794697 1184.371087 -85.813937 226.714438 543.274035 -341.379964 -925.716811 443.788468 422.254491 -184.510697 214.343487 -379.458600 242.774263 81.049402 -205.001150 -103.438104 -788.347012 798.276849 -487.789229 267.749340 -302.442315 -220.005412 678.779719 -708.123186 466.224224 937.195163 -92.532891 -988.116529 -53.788279 885.532639 71.225460 -906.865538 720.701401 -553.813502 23.686605 -32.532870 810.904648 235.123845 322.987823 -539.321199 -370.552486 353.318659 -676.641504 -416.084687 1919.543427 -865.215970 -143.639554 -465.909871 -316.839257 498.911381 435.000265 -1141.769683 1092.671316 63.474995 -539.561349 731.849082 -700.543018 5.098400 -831.144814 1221.516988 1330.430736 -1226.513277 49.151282 512.108642 473.795796 -273.938451 205.853644 596.946254 -814.255220
299.821787 951.567483 -232.103378 149.328198 667.700889 -605.245415 470.293399 -100.022354 378.872458 714.012406 -737.556757 -143.736978 -221.050088 715.467794 -1101.390981 -269.064852 646.053197 -945.532356 1093.529677 -348.715141 649.768736 391.573146 -1461.195932 555.515552 830.500584 -82.588872 -115.992086 -195.785715 528.361926 198.705646 -955.406841 787.444221 388.850059 546.490863 -984.922165 295.482960 -430.405370 1192.256682 -462.983155 -32.874726 -358.760164 451.437473 -93.153843 268.108515 657.828072 -1539.785156 -81.505836 177.675982 414.210999 630.793086 -395.416991 -547.627195 -33.320981 -607.668347 308.891470 -982.152430 -120.699305 934.725103 -1016.191544 986.891434 -61.510708 -254.784225 1657.105018 487.585304 -579.378725 511.807234 822.071704 615.975147 -318.905160 1286.892437 -1944.935493 1416.916698 225.170531 -282.014252 -188.206156 -238.706046 759.794812 -439.862677 -194.038941 140.856516 -641.360236 685.091059 -812.825972 308.186730 530.768064 -95.052794 -684.454442 211.985512 -383.871693 533.969391 -355.957985 612.477820 -1342.861857 1592.799985 -1143.559543 395.037548 -647.245214 999.887929 238.075972 -181.285095 -340.184355 -842.675217 99.333512 -354.019683 90.588986 223.075638 63.816310 -369.635458 -2.771656 -36.746282 75.986141 724.417313 -211.329254 414.964314 -853.470458 271.261534 -611.218789 -296.908048 402.092453 408.095133
-528.115934 -162.217574 1410.522401 -1291.204702 594.199744 1233.870332 -936.644101 202.425989 527.307255 -81.304000 810.332826 -271.523370 7.761796 1090.980095 -451.846142 242.265944 -193.944210 -151.923964 -103.821050 -36.421882 311.893045 845.660049 -654.955751 -560.479316 -342.919587 -548.193512 -108.894984 672.392992 246.205012 -67.506748 -458.562753 -434.293672 -303.166070 635.905118 -29.364999 298.651101 -504.528686 245.049151 -350.264449 -1268.639838 1584.392748 -127.947125 -426.062641 519.710391 -268.278875 316.273606 -540.154955 792.914021 -1351.608972 1115.430286 -695.742583 -645.320033 674.563042 -521.081396 951.887407 -131.340952 -580.426852 557.479519 -356.218562 -16.695641 -257.143125 -681.523576 678.304747 954.658143 -1391.635387 501.878557 313.577714 -197.137778 -626.062884 1286.992425 -228.770962 -697.548159 558.686655 274.035638 -150.203722 -524.119195 1090.630562 -182.921330 -372.756056 -573.341474 183.260746 -202.368675 66.640423 -90.882255 177.522262 91.703756 486.791947 -295.607948 -271.252392 212.103617 432.458517 -498.407766 391.577012 -495.842855 667.131760 617.109127 -780.698998 -161.002085 419.992556 554.436447 -1388.779728 903.107821 -1196.514678 1141.578148 -481.967999 -158.140106 -191.995920 134.744735 -93.289922 -668.661665 115.051781 80.915424 -421.042013 299.894398 679.375518 -210.350204 -862.982144 364.002651 -244.115071 187.733982
-311.273750 -524.965248 16.223723 501.936591 -1075.679658 -166.866391 483.295369 -105.647703 -344.135551 58.027569 670.700252 -325.891091 324.323166 -68.782932 499.388438 -737.146690 -728.245964 111.855776 106.051003 -1014.290021 561.307757 186.313797 -356.715031 545.264040 -541.725633 648.890490 -538.691788 -785.595474 631.485129 -185.729061 1287.967422 -885.476034 -771.774233 1008.573066 -214.092090 89.932518 1556.222343 -207.920082 369.039889 -419.127041 99.130686 101.138309 -106.934008 188.334603 752.926971 -210.730329 371.800401 -340.139549 488.049142 651.788679 84.767895 -134.588898 593.212647 317.108980 -419.227988 13.040608 -11.300198 -200.276260 1091.121796 346.770678 -1191.820923 318.950435 160.610725 -804.446336 -237.225387 438.435391 -531.630702 -1.909646 -395.683800 -369.702044 -203.395069 575.715571 -247.147088 -490.484351 1314.966869 245.818641 -372.382427 82.318060 550.873783 -51.446502 286.414500 246.046090 -849.138870 -495.395845 584.656403 50.817847 998.586586 75.406042 -216.951953 -509.161784 325.539733 1128.137906 -1600.476607 255.089657 -251.051301 175.470019 -784.897300 998.303642 -268.979220 870.562077 -623.777929 252.563209 244.606505 -109.223514 978.893699 -659.607509 218.915109 269.548018 -278.973641 -302.357283 -640.331732 1914.073616 -1286.157315 724.043291 -241.783085 489.640799 -146.955979 447.838039 -479.350792 648.739481
-63.153726 -757.536092 -408.936627 670.025258 -92.299015 -339.022874 108.122467 -258.066444 -1711.377686 383.531609 1097.926461 -91.707664 -772.871509 349.301532 160.796513 722.473335 -919.462417 -839.495513 614.080917 -1050.559828 135.812852 327.527565 142.070146 44.802991 -143.001356 641.614298 -701.383255 375.579544 140.691807 -867.300811 222.293010 1114.773323 37.295362 -915.775057 -796.747846 548.263234 -474.003912 -84.112269 278.176185 654.164996 -231.327662 -443.726066 692.514617 163.095382 -385.952696 687.504376 -8.703337 -549.432816 1150.023064 -1360.502216 1715.139478 -463.052204 -185.140958 1107.809184 214.412632 1099.544287 -729.118751 -580.501921 295.710951 -552.458103 346.011465 -50.679197 -385.060109 659.131257 -1610.082483 -197.812450 1269.065499 -88.191599 236.356631 -146.143335 -160.300480 139.631450 -367.796942 181.241349 -360.042370 210.832709 -214.004840 227.708023 -825.511370 -76.611857 1034.534698 472.386214 575.602374 -771.468214 69.068418 248.381487 -124.973413 8.193003 -634.936113 -178.620905 -126.791293 -236.498473 418.670027 -476.546694 -12.815803 -243.819775 609.762668 -204.011054 -352.046506 164.385051 124.690859 -823.353522 -382.007913 57.297907 -193.530813 623.107059 436.053995 7.089266 737.619805 -723.032949 -704.908646 -35.889913 -113.068451 244.771559 -882.231652 1207.535850 -772.835285 -580.507779 184.976901 -712.793101
-516.222050 1041.558012 -1263.001753 -5.920270 896.374555 -445.489475 225.604555 1107.474757 -1758.930577 182.238534 27.937884 1413.819606 -430.099109 52.292011 257.981192 236.478668 1084.425281 -219.900817 593.281356 -701.412926 -766.087204 -273.403972 -0.632918 -617.757838 -211.029893 986.367357 -700.115282 947.558692 -1003.490246 -60.115410 -662.183014 407.356471 -65.037377 832.532416 78.794815 49.084253 -859.982832 -319.127606 -490.942437 1483.664919 -414.457818 345.559361 -166.141996 6.682481 -1105.444792 1286.876457 751.329742 -1239.602674 -84.052480 362.037471 -751.995168 38.003613 -100.801607 -785.968542 503.743381 -753.509348 -565.220898 548.892926 -148.715825 -253.671214 781.732344 944.229658 -884.565820 817.332065 -268.973377 305.268160 -659.506753 1058.276473 -1252.409898 771.958372 -809.301764 -785.725538 141.901811 178.268453 499.045258 -1527.275126 595.826600 -360.769746 387.265611 -1304.836131 1368.133205 -946.195363 1330.140040 -103.054592 -299.285228 706.064858 -476.212374 244.368822 443.815970 -8.581449 732.638956 18.816711 -576.160091 768.194840 424.206919 -579.952295 -340.876512 -923.796878 911.462728 884.820214 -464.328665 756.265115 -347.311368 5.794977 -479.565948 -823.789217 127.251447 91.306935 1181.597079 105.989581 704.804659 -525.019755 562.586980 105.570806 541.525409 -190.367652 1036.343474 67.414585 -1142.229948 -219.846970
-245.367890 858.996635 154.563826 -955.863325 581.359492 -503.101527 42.113360 232.833606 -154.126005 -528.750995 5.118047 321.087899 -545.256825 -36.624331 71.792810 -563.990972 -168.555768 1120.747971 1277.227320 -406.161715 353.614180 -96.359583 89.086165 -243.168381 -504.042110 -1047.577699 916.655974 1052.344114 692.909905 -12.496712 843.168602 235.112139 246.389820 57.088109 65.503828 761.130000 -212.915389 -180.261639 106.586460 -761.770641 201.044105 -514.654736 937.169868 78.798150 -300.595070 -386.998642 587.740593 568.766518 -1006.389717 -243.295450 396.395216 141.638269 406.562743 -556.944292 162.113899 47.290461 -553.417271 -254.602107 -61.153884 -388.574942 150.274545 -86.955230 211.470804 -494.531556 458.553114 294.340289 -296.072319 452.169689 1015.529125 -903.758706 231.482037 762.494637 -419.123660 141.517243 571.617005 -209.903829 871.847023 -63.838469 -1336.643104 471.339854 -194.669206 390.429116 376.014477 313.380661 -420.486944 350.475275 1167.946851 275.962697 -1144.216032 960.050441 118.971519 -343.223452 238.166369 357.946895 -48.681985 384.568937 1360.531612 -1072.846287 -527.097554 1009.597584 -793.140491 867.824078 -333.304969 23.101367 707.052090 715.033939 91.646677 -580.354307 527.583632 -809.729179 -99.780502 90.220429 -601.207513 -676.716454 875.946825 -117.605448 -158.298559 120.777570 596.404037 -710.879266
406.223486 -1176.210660 228.441358 465.228935 343.380013 -1541.561326 977.841106 -388.947586 -42.355925 1342.926867 -9.573602 326.722312 403.850139 -996.543431 1091.220559 -1225.849250 39.133156 -728.202496 165.741665 38.102744 736.705126 -587.254826 857.207960 -434.434855 741.852708 644.153239 -1408.188668 -548.693552 -19.156405 -490.668647 614.064657 -1007.683918 594.034957 -590.193061 -171.969096 -485.905601 901.567145 -985.315270 -271.519437 1389.567168 488.105527 -1278.052080 -64.489755 2.396139 440.804641 521.306408 -498.310845 421.738076 304.550667 213.380557 -985.661799 154.813465 -535.644954 82.318979 1337.821484 -450.211967 -1077.212897 532.385665 -116.450065 -520.901534 601.174887 -492.979431 566.684640 -158.858338 109.402968 -208.312109 361.797574 -569.918470 -232.480736 -68.497654 -141.961711 -1029.137436 727.256977 -359.949366 523.483842 207.629428 -664.332964 -290.701365 141.630078 200.731510 -263.917351 -145.213742 -295.267309 289.981259 -773.802990 781.311168 -184.855860 -112.413919 298.423766 534.061343 275.586657 -268.322964 -336.485031 -815.367795 271.353994 -1038.792559 691.744614 -146.293097 255.840122 -212.198894 -138.908121 201.053517 -132.953910 -453.672332 -179.492405 -900.790317 798.325205 -266.919863 335.370936 644.574460 -174.636304 -91.368273 117.799809 78.702733 -782.166702 43.263708 529.570319 612.033129 -1771.120423 1392.252770
-950.952351 475.698685 -343.186928 134.868792 379.302068 -634.837439 -552.589078 374.057807 -720.290176 861.090103 -215.489747 436.750355 1397.297509 6.267877 -1043.532224 496.568216 -1055.514661 842.144112 -293.010545 -321.258908 -264.570242 -1174.959973 1593.603772 -928.392124 45.741416 -53.092022 934.363896 440.132878 729.841183 374.397621 -511.531064 100.710708 196.940704 -13.098664 -530.843520 527.264167 -220.626920 339.789789 -488.106703 -312.210963 49.518291 59.651162 -352.727863 -597.072868 -307.167167 509.155948 -45.904974 440.136519 -992.859730 1457.201632 -40.008810 54.725263 -544.931028 -217.804599 -263.818523 1088.412306 -378.152356 -179.505325 908.943596 -289.907403 -764.169010 698.949181 -151.329771 -287.131774 501.900811 -846.685733 1084.728230 -899.685965 53.756732 278.951265 45.076210 -1341.569259 215.359772 -596.699543 -2.463910 1398.453569 -465.232654 -825.137097 -229.469422 -159.401794 75.427815 34.117785 -964.437578 321.734265 -892.941150 -213.309357 137.844869 -226.201801 -811.364798 646.710577 -358.069224 375.486905 487.071304 -417.371133 756.035897 -818.336496 1411.830648 25.945956 210.773795 -118.609582 -206.749075 -650.565728 80.738097 -217.127591 -924.349969 613.633025 -414.329753 -596.995476 477.616081 -27.885329 386.599651 -129.246177 -379.409688 79.547856 -1152.907141 -135.798021 231.624762 -2.698952 -239.320927 435.950163
222.873408 -1182.231436 1178.682273 47.973521 614.914425 -268.451388 -35.197316 -717.737339 -286.559187 -40.029242 -1046.869014 683.037114 313.652908 260.293410 -299.575831 492.247948 -909.146462 -1199.406156 484.752909 -116.825606 832.100783 -524.143755 1305.816995 -394.443077 -191.822166 -78.792307 -30.019397 -776.026230 400.690895 227.888554 994.764878 -709.426484 -285.618503 1158.370213 -634.637764 921.001324 -1225.852342 -144.958190 424.894362 -829.991857 301.747193 -762.974861 396.443005 -276.937607 -118.107221 28.511715 -751.861917 -150.419187 -44.658174 -437.066799 1251.365553 -798.461805 915.750307 127.807893 -1119.425573 579.597116 -524.518635 235.957255 -196.923965 246.962515 -514.630845 231.384465 138.657526 1084.491260 -943.035789 54.520779 370.516098 -483.730854 -98.811018 -182.612965 1282.596217 -1212.505526 744.298361 -577.178602 -520.403113 60.425043 662.766983 205.906090 60.963849 336.582855 -197.216244 -254.473651 325.418287 375.910013 4.534225 -373.160505 426.525606 72.110044 -800.386422 -138.390853 -121.442984 243.763626 -1297.082805 1168.879047 -1171.600018 -234.154918 619.702898 -374.712353 549.508212 56.847699 531.536236 -152.509714 328.834752 252.965688 -1252.912978 552.761311 -684.163173 533.246892 -292.664798 -888.179531 257.634679 1187.930582 -114.168047 577.726501 -42.632989 -81.725901 -253.499885 21.200248 492.510920 445.342619
-486.523683 -1673.801998 18.487272 -49.428129 1008.663142 165.516035 88.690895 417.372027 162.939552 1069.581189 -1460.697694 333.393356 148.987758 -528.355337 -150.558296 175.334254 -67.975379 370.770690 -603.917992 57.729342 -648.022590 225.714167 2074.380221 -1120.492951 1005.072961 -1011.043624 749.700198 277.865373 -483.192586 -292.254480 -210.342539 -124.077299 -470.440533 -1046.177568 1082.795004 733.341864 -938.440841 826.028324 1054.286293 -1100.506768 -122.850308 208.898176 -258.701484 403.058378 -177.089647 -691.330770 1638.589280 -521.455499 -590.998827 -382.745334 -628.341987 -276.544310 611.320159 -463.740032 -163.300924 -66.289859 -332.111017 87.359220 -367.461888 477.641731 -251.117321 -860.770255 -630.778659 1756.686443 -249.847009 -453.655706 -21.389073 -237.255344 -127.059458 -1054.367969 1248.085030 -533.262494 -44.621351 157.366990 -24.223411 -253.447958 22.287403 -606.742196 -261.897989 178.309758 1120.380227 -1807.028101 -60.414681 -413.440428 157.579005 -28.238044 425.082904 414.662842 -970.396242 46.106296 -729.060704 943.205245 -1240.738851 544.565173 -71.507887 -533.190190 238.882017 53.273953 -406.180339 320.465493 -264.923337 336.625422 -1066.867916 -78.173574 624.137118 310.965765 -71.786507 922.596908 47.793944 -650.617346 362.063895 -198.268861 998.208557 98.253195 -190.647998 -622.515802 469.552011 145.071642 50.459974 -620.027329
1022.169570 -757.036179 -922.890515 -310.401892 203.995983 172.027928 -255.422993 712.389115 30.477465 751.995857 -4.149224 -439.200922 357.757529 937.599925 -278.989721 -1106.602935 504.154149 -906.916595 105.131824 706.988807 -1250.250434 -89.331219 9.966441 -174.736434 271.249842 -466.747562 299.086367 897.302288 -3.921597 433.700401 -270.121231 119.088626 -104.036689 -617.081139 -222.444205 -86.686761 -1305.475161 204.742909 -51.242893 521.962270 -1199.188740 -204.668944 -69.173202 534.864448 31.640969 -1033.642361 325.201185 589.770561 -428.915387 -63.612179 394.434538 -934.885940 1004.570629 220.506094 867.853551 -575.156038 192.969715 731.221377 -13.186077 172.194686 800.725917 257.034417 -1567.975429 854.945383 -208.458187 -26.529941 387.212400 6.741400 -404.060084 354.114793 222.637839 903.134962 -577.073917 912.879458 -999.740901 1258.198335 -1375.381491 1231.975855 -1182.278780 -15.552776 606.139098 245.853682 -134.346536 691.094006 -309.072872 -665.955112 600.915969 -1077.716995 528.974177 -421.305158 -81.625169 -982.686933 -257.925629 -20.659942 -38.660595 247.197013 -698.817172 786.342030 -706.930464 -210.168545 385.119179 -127.102551 1172.747563 -1011.775128 -269.246087 -351.856744 319.096195 283.396417 1576.805487 -1113.846297 214.816349 -152.529744 -291.984779 410.359273 306.238795 -512.495518 -241.739720 -436.307151 -215.892566 995.724069
321.226584 382.469648 -653.061813 -133.923885 -258.749909 718.697836 -113.457454 -409.331046 356.328422 102.544124 498.559682 470.083017 -1660.420174 834.946683 146.675454 676.769121 -1153.673618 1233.966251 -1322.545570 26.331934 -273.172734 309.846322 516.574427 -1444.855950 661.816527 -818.497353 136.197031 278.379965 -306.586432 320.444303 841.092689 -458.581594 821.759095 478.100339 -399.757408 644.287891 319.962829 -146.296019 714.182165 460.029698 -50.787984 -757.438526 -32.480834 -522.737324 878.733506 -496.239549 -8.345802 -138.603834 339.713229 217.796867 -569.195377 -506.541193 -203.396856 -336.785397 407.834448 -458.468644 -148.173290 218.259762 29.003195 -532.374072 218.846575 -89.477941 536.125901 587.112339 -439.486131 -434.476253 259.861649 -985.638510 553.347444 -873.667788 441.906417 -476.445257 -12.706866 337.981708 -531.055460 974.759445 92.551853 162.262462 -293.918819 -444.714356 221.824785 60.364071 -735.454736 15.130720 864.854015 376.986833 194.132537 111.623729 -616.960407 457.037091 652.617402 128.735718 -619.615739 981.723587 344.418752 -562.219962 475.591182 -103.857101 23.956329 429.941999 -466.751626 -425.995633 -227.626084 -423.319028 -657.852570 1701.627147 -606.949911 -1087.320065 516.422782 -111.432429 -86.465768 1308.161655 -965.693434 -890.631235 -23.547925 228.323641 433.532750 -81.194836 -792.356536 951.362737
287.069054 -258.500363 -158.581797 -249.094031 -952.043319 720.791111 -1065.088516 1056.055049 -356.189556 765.434085 -533.186101 699.087272 256.143973 -536.711419 456.412040 246.611979 -506.264610 504.369628 643.477754 -808.827165 358.448377 515.468003 -562.968588 360.953064 -688.997791 599.240381 -782.314043 52.674422 -184.568859 -172.387212 -216.564625 -11.760919 -429.711901 381.764302 -768.278661 501.524118 -904.067852 -70.067279 82.276631 -289.524887 906.287327 205.440681 -622.180818 155.212225 -55.802987 -15.093326 355.019221 -147.708443 -356.715961 -414.222596 552.319253 568.723597 -890.546118 -467.161111 218.957612 -153.950822 -74.408903 164.543139 88.183316 891.680900 -1349.274283 661.940679 566.866857 -383.270398 191.797145 -164.375066 357.337801 32.144666 -726.006959 518.368544 -287.826096 582.880085 -30.541367 -350.370439 -56.013051 -295.602483 429.982538 -235.366600 241.084426 -548.806657 -5.426409 -375.829023 -232.570941 -230.315763 -573.225191 520.349533 -348.357957 266.456458 250.855550 581.578528 -500.673439 -637.122886 -43.685348 7.444987 656.012312 -250.590944 420.778784 -869.621984 636.215799 -523.773863 412.091980 174.510403 -62.373374 365.422678 -375.735569 -805.196509 1634.612953 -64.996562 1340.395927 -1436.328722 -54.786979 212.044594 407.192661 677.739676 -253.513592 945.291209 -1184.289053 312.289355 114.544601 596.417717
1062.925387 -430.141087 135.592048 650.630075 -972.946803 -538.214615 698.564572 -1200.375498 -457.398852 243.624011 11.855520 574.342932 97.938599 -120.167160 -278.288957 1177.906204 -760.558107 1461.695474 -630.699685 -487.694695 625.736478 239.954563 -311.275237 1062.367747 -1092.369317 1147.311025 583.641463 115.773645 -447.472493 -153.723099 278.291158 -43.046602 -639.715234 651.117574 -790.767838 -123.242988 -641.955285 1027.249135 242.438106 -980.005070 190.752876 386.244579 322.063067 219.247467 -435.555515 897.858573 -417.518408 7.865976 57.342000 -784.159660 147.764719 403.002281 -755.067531 -56.287013 -444.591980 -910.609830 -685.523173 1429.303201 -649.413612 -684.967414 370.751888 638.515209 191.500455 360.405692 259.884628 -933.225042 334.833215 530.787632 89.974508 -975.775577 -234.023110 766.427202 -278.473313 143.482476 384.435395 -1101.326244 792.383695 -90.306299 779.683004 -131.662819 -1185.870061 527.089808 -103.985468 -340.301702 627.125680 -236.560686 -603.226141 618.006245 180.121768 -93.843756 182.733615 -122.670897 -244.526141 116.519015 -570.040847 775.861255 47.464453 735.715524 -583.614248 -419.742339 355.672504 171.268901 134.076022 600.598506 -315.598555 -268.057493 -499.831961 1277.404117 544.047633 120.897916 77.557911 -1569.805626 978.007408 -147.157911 279.504370 -858.536689 792.353726 -427.462446 -380.373317 -688.008543
1076.620153 -75.890563 110.502091 359.825831 799.177801 83.516220 484.185173 846.713279 -162.484325 -76.277541 -425.055185 34.889275 -783.474245 1055.275364 -842.760241 -579.366710 511.887141 394.007245 601.842752 -215.953873 -971.958930 -456.932431 935.007931 -663.507054 -367.117853 -938.077732 715.354214 471.985236 314.536593 406.630777 465.902494 375.666239 431.170993 215.499319 -131.882718 -531.069676 346.502564 -226.562851 -20.808193 -171.054433 366.846672 -659.398491 -137.483366 398.075807 429.046869 -321.928839 1123.446311 -625.451283 758.150958 -694.356339 -131.655372 358.316632 -214.154115 525.782788 -819.648701 1218.018104 -689.506878 -189.833337 2319.106501 -1716.301585 -503.417369 309.472038 -210.443171 548.602486 -45.366903 728.698892 -680.902515 59.777135 1414.757079 -1033.276906 237.595884 345.055381 -723.187009 -402.139764 68.553655 538.352722 -373.338764 1197.246998 -716.646320 1007.515261 -799.396763 -1211.272680 835.870196 -92.554710 -976.570750 575.786213 1341.724354 -1421.728862 652.474876 1139.771390 -852.137213 355.555250 -1113.207142 1602.145180 -986.894533 -431.876809 52.191086 956.680979 64.798512 -1062.111171 -40.618110 -6.396243 337.418251 38.900483 988.509273 674.175715 -604.292207 -71.538027 -22.265262 -98.794411 842.681671 -1875.994595 725.824888 -673.126026 248.357244 -131.284299 568.579896 -588.419234 -110.686648 435.337295
-109.668284 104.853048 202.226342 1069.791195 -1392.813543 914.891349 -1428.394391 -173.523892 904.754403 -559.434795 1265.281709 -267.363657 -116.758981 19.364331 646.337818 -1390.799820 -533.745574 951.840995 146.178740 437.443925 8.826876 -200.564262 861.506011 -191.139825 272.520888 -35.181020 10.155086 -428.669792 -887.383578 291.579968 -463.552886 635.610168 -133.006012 1060.751700 -364.993543 -37.931242 621.160811 268.445323 82.622731 -241.448009 249.266664 340.207525 -1000.415009 140.627463 110.846165 59.521112 -572.392574 951.246964 -259.062985 982.705193 -1053.021725 657.922718 -1300.930330 279.056388 -218.889834 -315.387953 403.135395 107.964548 758.037919 -188.727802 288.475685 689.763624 -617.947579 -537.572145 795.847119 -743.368705 27.992031 138.448706 -52.545811 664.256220 -153.388928 109.536567 334.758405 -312.881530 -207.557501 -784.509640 224.379369 419.350956 614.261496 187.779910 -512.704341 -186.603629 -670.508413 130.497223 169.340300 -760.174122 459.181274 218.495398 -957.477182 724.196375 -168.272010 249.388304 -1159.000773 60.815181 115.783469 492.938445 177.362953 -619.965734 -121.936011 345.542149 -30.294939 -661.130366 460.779756 599.588945 -598.271738 -453.345562 1760.104490 -595.524696 929.755646 14.394799 -546.917038 -603.408826 925.275577 767.432928 -865.400758 -182.410838 982.645775 -624.180832 -579.876390 -122.819860
-663.393543 -210.553671 579.800179 -707.868515 379.069833 153.849688 274.619735 16.124039 -449.009627 1110.545943 -946.407776 -174.841183 1311.186018 -1431.445970 806.725506 -306.899613 -20.952420 -52.543640 -458.848831 480.881568 -51.604244 589.801684 -378.350116 -410.940837 -201.462631 350.879295 765.226792 -325.572495 645.197542 -677.643417 879.225444 284.293857 -964.418983 376.204311 -601.931247 222.769491 374.156674 -140.923795 229.006479 -227.273257 -172.303092 -170.290558 -606.179368 367.805988 -851.793115 -667.233615 1470.337136 -801.508071 -540.793360 868.139599 396.049494 -90.591427 425.248518 -52.581271 -625.534385 792.550558 -131.397392 939.892745 420.821520 -200.069258 277.934519 560.075881 -145.211175 -1016.023080 49.801008 605.114057 -510.808868 219.881032 -243.369913 112.122662 57.752477 -913.924344 495.542354 129.002400 1371.210769 -1376.191231 -275.347096 122.544457 -379.253828 -173.568408 102.453298 -280.085940 -885.785326 -701.572290 127.908875 292.161619 597.533046 -600.788647 502.399437 -215.397002 472.084269 301.033377 -189.023419 798.465472 -784.571374 27.881594 899.624715 -624.809139 1070.504280 -1460.199621 802.478466 -681.041026 1101.743048 -153.236870 -44.665423 1097.688301 195.395872 83.881084 -165.163837 467.745949 86.924086 198.851331 -499.508882 -136.371949 63.102216 293.254371 657.522204 -8.819419 905.478854 -471.991450
-894.546775 658.469372 -290.215312 -99.730219 1373.976753 -1207.028418 -278.647014 295.003660 450.605538 -641.599855 268.056800 577.809147 147.756739 1164.559883 -100.283894 -498.830053 -325.588293 -360.753505 339.519076 -1719.199713 450.055227 1329.975390 -54.817561 250.716722 -570.565375 842.330043 -777.022298 495.435214 363.504017 -1663.917517 944.287425 649.939222 -659.003310 361.556808 -1015.420811 -641.808613 57.396069 -424.049335 1330.390562 -634.680104 1372.962113 -576.253357 -55.483345 157.492511 370.804542 -684.018557 -8.821512 269.081521 -247.510712 -232.428646 307.846307 -469.917099 -787.592616 100.290052 -645.212011 161.717884 -491.071027 214.217207 933.054959 -924.037036 185.682252 -25.896845 764.343390 -909.180410 138.497186 -132.189068 312.078825 -12.698382 296.871275 255.063219 419.848429 -323.559560 -58.274224 -652.477867 54.450649 652.050510 164.716353 255.477914 53.775712 463.746209 517.147958 -62.515279 74.634063 -23.123152 -945.306678 104.954091 -571.670271 153.282698 -306.484043 182.048224 -165.929016 77.456651 -332.835914 -402.831925 402.105947 403.702284 -264.680836 437.216773 -361.997621 -200.832130 -539.322545 561.782246 -1317.572253 -628.348792 -140.287731 288.854487 -134.784671 -638.341922 1158.831394 -756.521954 -378.485403 -343.212259 292.556517 276.962836 -598.306015 -835.103739 467.376930 26.848122 -870.187758 1131.876904
-101.268496 512.225986 298.053449 66.362809 472.702804 742.896086 -786.166086 430.087167 -644.088309 642.030013 -1387.731594 -289.442571 457.220566 122.665858 18.449191 1136.508099 725.803815 753.206051 235.623843 -646.044907 -490.007481 -705.580709 -396.080801 371.571681 -955.098721 297.369619 197.871119 -1230.319848 295.496169 -262.482167 -212.449151 11.926859 461.925297 -596.188647 616.377047 133.033147 10.724376 -655.705370 1194.001524 -927.354845 -624.062342 205.451082 457.365425 -346.839252 91.394710 1075.285960 -2475.937545 581.825343 453.089886 -292.069024 1470.305453 -471.206399 231.386037 -922.472580 -39.502646 291.061446 147.728649 -101.218921 193.455669 -380.961389 862.486734 -306.359592 615.014419 -424.939213 274.874581 -268.661727 77.635087 -1211.018272 646.334188 111.556086 662.395604 -636.813381 629.015096 473.588142 -311.508295 -296.365468 -373.885315 -602.594655 -170.258641 107.542618 514.383072 106.862025 52.815879 -256.589381 1263.043447 -1047.870274 823.074671 -543.200912 -903.470473 263.539337 -324.751752 -355.100916 773.381149 -202.750021 -320.433012 -17.898903 21.418642 353.797465 -603.765930 -527.274428 1517.287926 -388.904028 -44.059042 -705.873996 424.214438 -626.542080 979.602117 -582.622180 804.807794 188.804945 -786.458128 258.413924 -227.628392 -474.964620 -29.527505 -696.672282 1549.684144 -1050.891156 412.308916 -834.052622
-407.798245 -435.205297 -93.467939 -478.860511 348.838285 -496.647287 529.635375 759.713108 -1542.715453 1121.301629 -313.617699 -335.993609 380.363936 -566.299753 -710.312685 280.786192 -491.647005 -403.130911 193.409128 1032.150175 132.355311 -155.494285 -347.036478 -991.875899 618.254769 -327.755042 347.319023 730.022567 -467.948592 404.415717 72.675651 199.628044 68.695450 -11.025558 1013.592494 -557.327182 576.993715 -816.819868 -247.603280 1251.263480 -497.470584 -659.049297 -66.116728 232.343181 -269.825853 60.098649 763.880142 -561.544276 -673.473152 -489.877169 685.603794 273.956647 219.478444 196.568596 -542.408854 -762.508197 163.466492 886.907092 57.161701 -355.527817 -329.926346 279.750581 31.998461 648.810840 -433.993289 593.757874 38.987515 350.411240 -406.787890 36.688795 -569.770983 439.473083 197.038534 96.720961 356.031371 -291.575821 160.243862 -111.031281 -466.907033 -350.589778 -263.846794 321.430917 435.420985 -556.199715 1165.221496 -1116.466315 1460.565012 872.501851 84.844770 -749.568449 622.695546 -662.546094 723.117237 -714.450063 702.520942 277.749459 381.932810 -832.789231 1398.307138 -568.177900 39.896291 703.391295 -15.211913 -654.109190 812.272303 -115.394607 -4.821386 1259.768353 -354.561279 125.201316 114.126125 -118.996450 13.791656 665.253041 504.219543 -1060.389089 753.716948 -359.074191 -958.206709 479.701375
2011.259834 -549.918725 506.058286 106.617528 1360.115185 -770.650318 -193.590457 1096.270631 -33.258708 -517.095033 546.065200 -635.436325 1197.543803 -328.253759 112.509562 -1514.726472 998.866334 -505.546584 777.832492 -591.070581 -109.108479 1687.416662 -586.558943 -913.492832 312.735649 -716.452174 -158.111006 328.549731 32.112384 -774.680492 259.562751 1061.140396 225.287139 -440.352823 105.834317 -433.510432 965.650508 -2.619836 11.703634 759.926757 -1242.610649 714.891681 98.261750 109.297311 -109.302625 -78.326200 -239.553975 720.839924 -225.780674 -268.053818 -141.999349 -120.308547 -823.434309 675.616303 820.564326 -14.539731 -991.080178 479.257301 -71.992650 488.719294 -410.829679 630.971028 -936.390432 3.747050 493.231230 54.922282 -568.070255 -929.984243 733.143515 -627.573270 -258.772359 -128.071163 609.640995 179.115770 -91.370017 263.501135 24.198081 143.292568 1271.687522 -642.147997 194.942809 -616.704290 522.131833 171.457480 -645.764129 52.762995 -872.772969 1422.486512 -774.799274 650.137665 105.288255 -449.514747 241.475955 320.099167 -553.567910 236.161028 34.658359 62.595679 104.472693 409.310603 657.840678 120.095938 -314.072102 406.959619 -258.856462 -34.035873 -224.129725 209.941370 786.403049 -668.197088 69.190183 -739.553508 -19.222709 302.420548 -1364.228319 128.652694 944.782614 -195.017746 -494.992979 369.500079
-431.434865 -245.014616 -225.326268 -701.632340 1019.428296 -195.729801 309.589155 118.451043 440.181274 -280.546896 50.673431 -137.239837 566.980270 -709.108441 938.548753 -417.454336 -251.711609 583.381701 -193.111578 -304.807779 390.244966 402.713504 -463.007687 1489.434630 -803.088070 331.754037 331.289496 -43.096470 9.918506 5.619018 -1146.226293 474.200832 346.762936 356.396435 281.335476 577.526454 -2370.494934 -29.932987 25.640332 332.783925 180.872438 -658.091562 629.287594 -774.355398 -679.351565 1780.103851 -12.431524 -668.805475 681.298399 659.947851 301.787735 -108.117798 -224.743183 288.536726 -220.831634 579.924318 153.653503 -135.838139 -1130.091022 411.863627 338.105147 -403.348885 -198.559263 478.615667 -85.883970 54.635798 872.267026 303.338697 354.915667 33.715821 244.350892 -982.028735 250.332625 -19.251713 135.178380 -713.653037 -98.098776 695.903572 -103.163009 -260.618018 333.320394 626.438148 -653.631822 83.216336 1045.481781 -696.476951 -143.838333 -347.042445 510.161913 468.086890 -325.220499 83.163448 359.597531 -440.326762 -152.510160 894.367107 -1036.141863 87.966583 128.575462 -543.004078 472.963323 -1.905318 -133.249774 234.756725 1050.730161 329.852707 -569.024640 245.373481 366.109154 884.390578 -632.761917 2045.670804 -1349.481007 290.162329 958.086462 468.697210 -604.053820 987.435232 -651.153221 753.136022
977.816649 100.823609 186.013678 -241.454988 -481.362250 -765.112159 175.849365 -457.405403 1181.875957 -960.044647 415.420395 1072.976563 -533.540233 -26.838716 755.140949 -471.041595 -892.984950 340.960446 -439.937571 850.981559 -1197.678817 291.318564 -812.172805 -172.332614 832.496327 -1009.024647 1295.649552 -915.289928 574.494061 -167.816752 461.591245 -23.281484 -1059.536218 444.413739 339.836397 1316.827093 -182.390978 -82.808352 -4.511922 -466.729155 -650.909841 1010.524079 -564.326673 806.897635 -505.994766 -697.356094 857.459919 -75.090206 -928.600927 1227.172751 172.427517 192.701325 298.102280 -474.834490 387.876822 151.816430 69.748765 656.010277 -45.531100 -61.076583 -357.000385 -883.973956 378.483635 -295.293853 633.246983 534.139187 -891.338956 690.162344 -70.887014 549.213326 330.986617 -185.032718 -156.925243 -275.079199 6.121257 -56.709394 -305.050169 -751.367664 1138.881900 -399.709503 171.769775 506.677855 -545.997678 266.117679 507.995983 603.127195 80.471381 -65.972636 -737.708956 -246.533970 340.227538 -475.237322 563.768231 1090.627015 -437.472906 264.823331 -621.354144 766.427044 -1055.333032 122.583256 -929.203384 340.965022 -860.274624 -103.422804 -311.375113 534.081442 110.886586 599.929512 -479.634579 -356.226435 -146.751729 -304.251732 -161.732611 -322.969898 -262.034788 501.300604 715.682175 -1094.180701 846.139843 187.371202
-562.561428 280.578441 -231.330767 304.347503 -887.915783 448.044990 -657.765876 -81.442382 835.413714 -1196.388786 167.446097 69.826251 -303.056420 47.102267 -882.849060 -74.183813 2053.534859 -895.272612 -513.977312 1625.392522 -225.562458 -910.668082 190.651274 737.493115 -348.898964 -492.663049 -183.818848 549.813078 -1764.403865 777.794882 -103.764456 640.768829 -487.268087 708.487085 -821.783635 -127.713666 503.545736 -18.855607 554.923340 516.978364 -656.451163 -572.436161 213.728921 153.000734 433.412463 -179.291823 -92.111480 -454.886103 520.273883 -917.583852 362.231303 39.227363 -366.901092 -187.093310 -362.555641 -1097.260974 1195.199835 -663.041194 240.231835 482.991050 -678.773053 -1132.616616 756.695268 -1143.819766 46.700900 338.325125 -209.593717 -1093.422171 87.495286 522.762907 341.382118 -390.078921 174.570905 -303.915779 -295.648104 -519.367716 -171.745473 -419.634733 -270.713480 -104.325878 -146.324440 -31.157889 660.789244 -409.736380 -52.413032 -1419.937725 -424.281947 1060.114238 18.280337 378.091200 -423.626894 -754.542409 -742.165336 -38.060283 -433.052907 653.796774 -477.215581 -114.597158 545.333134 75.403218 -109.980375 313.398898 -803.518274 369.322596 -654.220265 -788.946600 186.298812 -822.445843 1296.745539 708.978177 -555.141242 222.986633 204.161152 650.161220 542.295860 -1763.682770 1717.853068 -26.972927 -479.221249 -74.532437
-595.573790 581.516162 -553.737456 1832.261627 -1724.455325 -390.654742 862.727254 -547.260283 64.100357 918.003418 -264.448170 -604.509190 934.453436 929.152050 -515.253978 354.993484 223.890563 -81.833364 -232.121538 1294.300080 952.728087 -696.146119 -1187.574830 512.895451 52.118662 363.373863 75.149387 -280.644118 -120.473297 -938.130907 658.529822 -175.362376 -113.829481 9.978417 124.426467 220.366131 -531.666903 -469.721533 308.509233 98.713149 -130.045101 -1118.674587 627.832851 836.543381 -855.089930 661.385786 676.533767 -950.477161 238.687500 -1566.141952 203.950711 561.800700 218.365277 -758.941336 -311.909592 914.350951 -917.708824 234.564161 -52.814946 730.013022 -621.210933 764.754838 -77.573336 -185.403780 557.167301 -218.038260 642.088766 84.564023 -532.573685 10.304479 -274.283655 -115.535871 553.274338 -606.180597 676.162243 760.240409 -681.981348 636.157957 -281.626207 -844.043223 -109.009609 -154.157947 -322.600804 685.910847 691.879242 -474.846118 -844.164193 451.253276 -560.041137 -110.483788 -997.927751 1429.352782 172.510919 -5.497299 101.042720 89.631683 -244.318439 10.327085 -441.409813 97.614854 -257.278306 7.279763 -352.304390 120.172873 949.509526 -334.877189 522.180801 -563.511033 -286.459568 149.881863 -584.755882 -358.335899 -580.435471 986.702375 -268.873550 -243.936042 436.714754 -512.057828 888.371446 -373.202356
498.308349 -635.311159 406.818811 -640.605909 938.683596 757.713014 -1515.489103 464.362909 838.292729 607.985265 -444.057508 -401.102580 -580.723965 -488.217552 61.083743 -84.844872 160.283125 625.284122 -701.878930 -367.944621 487.772512 646.959413 -601.190583 -281.977816 356.950621 57.554788 -104.985145 -62.173491 150.951434 -1081.390027 788.080483 174.530537 -195.212857 69.116498 -273.253020 696.087457 354.287436 -880.431914 991.538110 -360.833007 -777.832433 802.920997 -929.228672 192.749865 965.411172 -147.882122 468.432210 418.839640 31.512564 -18.859653 -609.172654 -113.601754 -87.117894 -693.610184 37.356572 -44.056664 57.085240 -353.748806 133.484043 -599.370976 795.195839 -1390.542346 277.215046 -284.511306 -942.906919 104.274165 46.320075 301.728338 -551.447695 603.481909 -255.033851 1117.708460 653.936437 -1611.379000 738.976127 329.905778 134.344445 141.994855 879.257041 -422.920917 -257.021577 -247.387141 303.962158 -702.982344 -26.854163 1.560805 -250.280820 556.995393 -582.001017 731.579187 -368.408708 -1487.846119 -921.006165 793.860862 -773.242839 -554.619494 -586.614184 1258.736457 -533.670646 -667.836683 1367.144434 68.518459 -292.430844 -24.517005 -624.459671 2211.405637 -1574.391371 1292.811052 -322.111699 -746.824476 265.334481 -98.174164 -1334.565893 751.325853 -116.445220 21.328261 758.183083 -963.384086 184.118880 630.327330
-268.931452 238.472821 -833.737982 381.466848 -1573.870132 618.025147 -248.705198 877.347880 -1136.824862 352.531138 571.523014 284.924213 750.160444 -1046.985821 130.481590 565.539618 -460.678958 -676.412756 202.240441 -240.089625 -158.784063 898.312768 -836.614269 -1065.577112 652.333319 -169.734857 -81.326040 1285.786452 -1088.197804 1105.964400 -406.219478 696.615153 147.920098 -134.134368 -817.594015 658.957606 -1060.534589 -376.196927 241.560235 -78.732365 186.569088 -372.605331 -399.473049 -772.043045 649.691387 -420.886416 117.514356 -507.762648 727.335051 -96.285949 -544.379819 293.637152 -567.305826 393.303211 -171.406717 -389.470678 1718.944918 -1783.666313 -705.583441 141.272915 118.915265 608.014677 308.251700 -440.625178 -97.174891 422.715433 -195.237862 -289.948697 -776.393015 -110.071501 -664.630499 598.615555 1015.661471 -1233.269566 -171.012265 938.951816 -571.697943 -414.025383 276.168216 414.349454 -176.875866 571.363355 253.473944 -378.933353 1370.752384 -635.017514 479.049388 -101.864347 689.401118 403.060919 -139.177301 -101.660240 490.469071 820.961385 -473.799087 1462.226197 -1136.300544 935.213887 809.659774 -898.379658 329.017751 241.010961 67.952429 -394.363500 -793.289442 1210.306558 -174.226799 -139.488067 835.295126 -887.930826 -1118.894172 983.861018 -280.630070 -1326.678797 -245.311983 -505.493175 520.244126 7.556549 146.079305 -608.006028
1322.519436 -430.664095 604.334121 -567.371621 887.513059 20.774775 -555.519427 224.334634 -106.761891 -1729.648785 918.528797 -1097.927279 112.595060 -32.478165 -449.282012 98.795835 1608.699864 -958.147241 -835.060787 501.237186 -246.401949 -1037.508279 1391.836740 -1771.530842 515.272909 -803.160327 -1162.353319 -144.529410 1393.234718 -1044.942792 -503.224733 986.332942 83.687025 430.094515 -297.686565 844.515448 320.366140 -859.047724 852.439805 -94.278434 471.021001 -57.959920 -190.842045 334.511631 537.113814 380.269153 -601.112993 792.332534 167.025012 -396.087381 1555.746711 -1147.516647 -59.068502 -668.198432 694.523656 -1512.422455 797.187657 533.069131 -215.536570 384.111557 -1282.630086 357.735444 -562.360804 661.493599 -68.280170 1123.020672 140.765520 -922.477043 429.589277 -269.303450 -926.768414 125.485528 1157.744842 -456.718960 -28.870045 15.733944 -493.601790 -184.152002 -486.488081 145.822979 -783.202011 570.072677 -815.474347 -50.733294 -327.385729 172.315952 539.960144 211.635871 -456.485461 959.397483 -960.652966 739.916743 -1579.387918 528.008451 -126.995061 -93.459585 -220.468877 418.366649 -269.796801 630.494989 288.883311 -311.907640 -111.948767 48.289955 -445.229686 -432.445740 293.704751 33.181876 -58.081649 575.266741 -210.565685 433.690990 59.637245 749.318300 -1092.205511 -15.250426 -237.483134 25.940379 -173.016885 -115.903082
383.026529 -111.163721 612.117063 59.112546 -1447.237511 393.030347 473.931233 -32.012003 558.502788 -754.070325 -412.392397 474.493593 -757.902287 -305.041693 935.200207 -439.051968 1184.514579 601.646752 -1007.678874 -231.889877 1415.126881 -1404.919326 809.060662 244.299010 189.151435 85.133596 54.443759 -865.454524 8.742452 1345.785862 -209.134788 -952.075711 424.562342 360.112048 -556.218080 -42.376802 -319.613761 666.925689 -187.691209 -622.433062 1038.650079 -445.116384 -796.217902 542.353167 442.485060 -1373.990934 163.757706 580.236500 521.166849 -1552.046885 833.549802 -459.161467 1158.663340 -122.616650 274.698224 -819.527433 119.352575 -328.202296 647.269295 756.348192 -150.210236 437.339399 -730.682704 606.833690 -575.390011 275.158166 448.810701 1423.695714 -1107.744094 1059.821393 -190.730942 12.407372 -1030.990959 1246.799492 -373.007087 118.597149 668.889647 -758.394129 198.384418 -222.478129 209.553386 657.166044 -442.929344 -186.850173 1203.001122 -668.017060 954.141213 -612.349411 -231.525626 108.521296 591.784604 -452.031496 -528.646663 230.012421 -1227.608932 784.520867 -566.340645 213.757862 331.736617 -14.532410 -637.478069 1328.137660 -145.033635 979.633750 -431.660327 -693.004993 1165.178102 -242.808188 -426.195966 -844.057283 -199.396293 364.784922 771.354340 -1026.085310 769.891544 16.391064 -353.080119 -226.268760 597.580342 -1943.253577
803.383919 -291.247416 90.736593 1070.870657 -305.080811 -401.988693 858.157579 -20.299008 531.429651 461.387291 271.731676 559.836042 -1010.365663 -313.945670 -526.123528 928.828360 902.105229 -738.190973 223.960873 131.510631 1197.404210 -440.977393 66.974136 -198.414332 -15.262168 576.536501 -1308.402328 486.448528 -1111.614479 -33.779214 1615.139702 343.249044 411.321858 -1279.560283 48.545878 571.348046 644.308161 -243.136220 -437.256852 628.273102 -27.848302 -261.450771 248.217672 -621.493027 844.096041 -463.971533 -17.288412 486.633644 429.978245 -79.174762 -825.350630 682.697710 -837.544123 -489.189065 -212.572285 -554.341076 766.251710 -1152.261424 -147.896964 607.127495 -956.146708 -8.657762 -228.578423 653.134690 -512.046111 656.105279 -875.784995 -517.728801 1220.482984 -835.003144 209.978337 -541.375396 1089.388469 -637.639639 627.822213 -1707.766090 1096.982196 -25.470772 -576.085364 -939.287523 -221.355827 -99.118075 -710.239737 533.512475 -1781.148799 1869.506090 -1173.057140 1074.699558 -340.862899 -852.568665 808.399804 159.375382 313.367582 119.703651 635.903033 -943.907072 207.775364 -56.637121 -740.843557 800.198239 371.202368 -1677.222481 164.435571 328.828447 1191.353114 891.446682 -1354.549208 1306.912678 182.191259 568.356938 -1047.333648 -81.276863 -289.549868 405.380726 528.361887 -820.734267 7.640493 861.280128 5.630304 -393.962894
881.905969 -808.141652 -655.088787 1411.180486 -1080.679919 65.358596 -704.168986 -100.176257 519.547885 -278.819204 329.415947 627.002998 -120.830145 294.892168 -938.762192 -317.450450 190.096658 103.266948 -514.741696 -225.343780 925.456218 377.665101 23.773438 124.951117 82.269450 1011.588374 -310.181015 432.216071 74.892204 -729.095474 -424.803201 141.826752 2177.380601 -599.768727 -241.647796 -274.044290 -275.098236 1064.346532 111.783053 481.732625 -142.033188 -320.220731 -82.185820 707.549904 176.171901 -1013.752634 207.949320 106.465610 259.080260 173.641625 195.317828 -472.293690 1105.501358 593.942293 -1544.743674 543.498509 -661.079755 -103.009494 -309.728357 103.621901 693.040978 82.884509 -515.399279 -162.546385 -310.907320 1252.757991 -527.471401 409.249112 -657.123588 280.714926 586.638673 495.176220 -1231.733605 1372.712114 -409.555428 -719.261515 499.947147 -638.333048 884.712178 781.301278 -1781.140993 1117.732946 176.928276 -221.153505 507.019674 -1168.479108 517.713541 -466.096951 356.490587 -495.121684 750.117800 -1057.967719 -302.321820 191.780194 -152.602184 -173.329708 174.451632 -596.189041 269.178889 -570.632213 332.482630 426.145177 -360.182780 -209.382566 -227.114653 549.375244 624.916574 -519.116113 422.010535 449.681389 1308.185878 -853.872488 -331.845798 -297.493143 345.005061 -589.208348 -11.139329 491.153035 -414.722706 215.711901
-124.157136 451.708023 -205.350080 315.553511 -119.292569 -422.367193 1350.006048 -1270.125926 407.180439 -427.973504 -855.895003 684.246123 117.570972 -258.118268 -281.914357 577.703767 58.495552 -142.585287 -1486.103583 1094.817064 -178.444302 -422.596045 770.327430 -469.698172 60.603918 -389.205963 661.552615 -548.969728 -154.123828 554.933357 -1351.559891 901.920059 -88.572000 -511.442060 1098.621760 -111.682765 261.061804 169.472793 -835.511486 792.783631 80.896696 217.498576 -174.071024 305.370291 851.482006 -422.156859 -1201.205333 250.399635 -312.630521 -321.601109 165.848528 -355.899061 -138.542500 870.174188 -435.241600 44.259254 229.450962 852.527919 -296.629111 -107.149334 484.141612 -439.245076 440.239805 -344.537672 -672.724604 484.823051 -269.815868 321.798324 20.240818 -1045.196983 229.158178 581.036407 166.004040 786.689303 -801.646440 691.784321 927.346729 -1446.371624 528.877612 -934.661139 205.967430 -620.327488 365.096192 569.534501 -623.908796 491.665733 243.636950 -616.832829 99.063462 -271.089624 567.378161 178.177044 -188.631328 860.428446 -532.432766 159.545124 329.869482 118.851206 681.962373 -403.696082 -23.588127 -159.842143 630.840028 -657.205261 -491.308684 -512.059880 488.205266 -34.197755 -95.040986 -126.820117 -246.607997 1091.093717 1226.191762 -527.199211 225.305319 -646.273138 -31.720132 35.567324 150.320929 -325.307669
-131.078667 25.082206 -614.070105 574.520240 -382.267026 217.202369 -35.290582 600.810649 -46.734053 153.768665 77.065814 326.803703 343.108933 348.761536 -591.539196 -541.982171 437.046719 329.042015 -532.114143 -169.913972 -241.556722 -1467.078592 1318.005884 -983.783171 833.542603 -54.529432 -194.432552 649.007253 1070.767392 -822.773754 357.313817 -599.676352 1254.373970 -1211.785036 -111.414569 -407.664694 728.347916 276.563954 153.816403 -556.057433 -240.545749 -885.925800 612.391487 -707.957701 444.167715 943.438551 -789.508316 -1054.503371 886.990060 -779.617574 239.507933 -479.764847 391.456770 92.807498 -56.064823 -184.172681 -590.472873 619.216015 -268.015530 53.569326 415.409138 160.625989 -18.689140 425.009047 -266.921013 1086.834569 -1178.817584 504.325412 44.187012 -530.960180 -424.892089 -199.790130 702.707952 -41.082181 714.782778 -169.587895 633.111968 -5.878772 57.832905 70.615973 245.874900 -1142.593663 1016.912300 635.236709 -987.948764 196.182656 377.639906 -268.372400 733.226303 -752.489140 -48.217078 -268.935738 544.079867 -536.317766 -237.856440 -902.103732 -396.945802 213.291596 -320.462819 567.472813 37.281418 960.217682 -761.594464 713.646278 -389.691162 487.539090 -282.266210 -283.316070 712.944866 -1112.290645 435.952468 -915.643721 218.200853 1548.852550 -959.533424 685.933499 243.229426 -381.419088 -54.103809 -835.136837
1012.968287 -211.985467 -87.152979 115.197145 -189.116736 -96.884557 -239.610906 124.697987 -124.290015 461.742921 -239.330572 -75.536260 -153.776881 94.179541 601.072377 121.209204 431.256866 -1177.108846 180.857306 889.653206 -132.672156 -776.662718 345.992798 -675.262156 -388.424136 1257.660580 -1144.054394 174.117664 -354.226327 115.219617 343.818512 93.081249 298.807049 -158.521007 -360.324214 -1043.115245 466.310242 -468.532138 -156.563285 883.422155 -962.452756 -180.289987 -294.720972 -151.266549 -186.127627 493.530226 1145.623911 -362.347856 -1329.553725 1083.094330 -582.635135 -1105.450155 -231.876799 1218.784417 -66.513217 54.624247 -856.129606 627.266071 -136.338199 -674.671497 744.769269 -597.328181 607.340908 -622.483455 311.104259 353.510866 21.808652 785.816643 495.449487 -554.054314 700.641033 296.737650 -628.067673 369.031233 -830.372658 -462.710258 74.989407 1486.280857 -982.133536 238.629896 -563.893134 -144.968462 573.663164 -39.050063 -13.768519 -259.969940 611.469327 -835.655581 -148.671500 483.440277 127.679404 -19.551247 -177.207387 1897.457897 -635.319967 491.257117 -117.619883 -893.392387 50.500133 45.214693 -230.362465 1146.574007 -58.267621 -903.928360 244.613782 563.924228 729.240314 -1656.202256 903.105817 -1018.263128 1260.888945 -1023.971839 -505.200517 86.705839 46.504670 234.612698 432.752240 -299.022072 1362.216509 -1147.007186
456.353219 229.601764 208.231348 377.093776 284.350325 45.416928 113.876029 -1291.439486 -84.443437 797.989480 49.528299 202.547471 -1322.937985 847.101083 -487.450414 572.147874 -581.869153 661.071458 -701.563571 -376.759256 674.413529 10.572917 246.454097 -855.028177 1486.728950 -1831.693339 121.095435 1393.615845 -307.460533 515.578021 -206.551630 34.943885 461.569063 629.992816 1070.372971 -1319.927935 829.895625 -1125.592174 548.950342 92.420884 706.585328 -750.986721 -630.341385 184.222752 -88.858061 40.524593 -403.911793 -216.556475 1333.332650 -128.270159 -175.629027 -644.838911 -780.654888 61.502888 493.362631 504.879683 396.646078 10.819530 -96.314131 -219.564274 1180.056657 -376.008607 -249.936564 -821.693074 1217.544583 -43.565904 -445.490895 679.011069 -844.784927 -774.759030 781.932423 -237.142224 -171.277253 774.340826 -126.629561 -347.867970 -131.008571 730.861561 -1127.754634 312.844453 -121.440297 -669.868543 1146.085932 -690.932298 151.564803 277.598581 -346.991355 988.538652 62.182365 -188.092976 -32.570791 -994.151902 263.716734 511.332644 -742.940208 -343.428995 398.238204 -26.757247 31.963402 -521.809759 292.963866 -76.954467 737.925670 -195.402795 -5.463470 575.216825 390.048304 -622.908909 1033.739959 -791.013125 737.697433 -523.532297 352.889815 -285.248190 -658.799087 57.879429 -445.771513 -134.297972 270.604736 -339.450541
-1670.945013 154.336207 -225.145100 197.453874 751.324055 -25.657362 541.216806 753.705236 -1087.122106 -54.369278 -219.117357 388.617061 -183.310876 -917.587790 401.640930 1076.892825 -507.231397 489.379222 274.957405 -564.899031 629.823386 -1129.084345 -38.500515 -423.120545 209.356481 174.872970 -509.763315 -249.200007 -338.304041 223.967774 272.044241 58.979205 -717.625785 521.899055 -21.796610 1016.528031 -239.760557 -81.681483 1310.721367 -451.214691 262.187998 357.035539 562.688432 628.666640 68.437184 -196.942619 -588.444330 162.002501 -372.232127 227.203913 1000.667396 392.775846 -813.832183 -642.911030 73.369693 -656.085433 782.526397 538.755364 44.965280 -1235.461803 696.290870 -1159.107435 228.098049 -545.240250 34.705852 66.922780 -461.218699 859.497352 112.447793 711.094369 -1347.448924 242.956893 505.787769 -506.470126 -630.057473 468.564669 -410.460798 30.134528 -161.031381 1177.042626 -852.983360 -254.609645 -349.491287 1263.365671 -328.548000 -1015.821229 710.432251 573.574301 1002.165044 -384.037293 134.011814 364.629616 626.895333 -940.927857 797.644268 -50.642151 -396.583121 -1432.879898 346.413661 194.455580 17.868852 477.001934 -1092.278277 397.724554 -931.702192 -1275.571118 998.555123 -211.639005 -1396.339505 804.768488 -228.399910 858.214462 -310.830230 322.562887 492.273466 -6.629237 -272.763770 78.064730 609.161008 -266.927218
115.892701 -389.406697 -186.220759 902.154758 -1723.346995 419.652081 -62.895319 -578.149441 447.248112 -241.316723 277.582300 1125.460772 -1573.020390 351.012006 -105.787447 -1083.725704 134.766616 -619.439952 235.374213 538.984642 865.223981 415.218571 -218.821767 -87.941439 261.145597 845.663105 -885.664043 1350.486938 -1255.643014 -89.948555 251.625787 887.584065 -245.713245 -332.774250 289.473241 -560.109006 437.188144 516.370940 617.186201 -235.801417 101.898307 258.861795 -1100.518953 850.176758 177.934849 659.739211 -55.593138 44.962043 -484.731667 -354.907481 480.998183 132.402839 53.383765 611.176820 -1216.492872 -798.388310 908.551216 408.346513 521.190278 -591.015800 1222.176286 -752.668821 312.686178 409.129270 -744.718898 -956.469666 1107.584539 -242.644995 1167.301128 -991.194364 1383.608949 -432.861240 164.421278 229.451574 -152.645915 351.374043 -149.062123 -882.595513 -691.406551 386.308100 134.374754 -524.001697 184.078036 36.131824 -1059.646606 349.028359 -700.395017 63.084417 -10.036464 -587.288396 572.019496 -218.590072 603.775591 -67.521553 -1128.618283 324.278726 -200.484806 -1001.585964 110.580092 -181.567431 -138.507865 -357.205546 283.367499 821.346977 -556.780895 443.062001 218.858220 -161.999975 10.755705 148.417926 527.743041 -848.718024 813.688798 -207.663828 554.135234 396.157406 113.700201 -308.960058 -379.450445 655.372054
-308.775153 679.041006 484.720711 34.709605 228.900209 671.683728 -604.327458 643.310720 -515.704098 930.567853 -1222.433158 -28.622346 269.275679 -10.067347 800.586677 -664.381005 776.297062 -1221.486809 505.794075 -1244.277832 -23.773715 610.363635 -622.498973 141.354786 -456.646708 -111.776498 -190.146568 599.735303 1331.475065 -528.448833 -130.120795 -538.116119 1585.241363 -149.199051 -748.431373 -119.324606 904.245947 -847.232141 -236.241584 1249.162299 -1136.387352 1751.769899 -785.384427 -294.014673 276.753604 337.661295 138.821521 -703.689132 -484.676568 -1195.130760 281.620520 77.054213 212.271479 -83.521206 444.643386 -384.662291 -689.661151 207.420143 855.418423 -236.861114 -105.326926 -161.968571 -124.947556 1124.436321 -951.080075 -190.308715 -1098.903259 1174.407637 -363.025551 -337.956473 -33.130878 -836.077822 982.393719 120.405255 -820.569014 747.113662 289.596833 -109.033905 254.198825 -306.918546 223.339754 293.835505 142.291079 -54.249949 1007.636959 -657.426778 -77.806998 158.790861 -501.123758 215.311730 -845.257502 244.696048 0.408542 747.352705 771.529293 -464.202160 328.124257 -1118.951260 855.553156 -509.183704 73.537725 1505.637243 -1349.243843 830.192248 725.616854 -1040.000592 785.372275 -211.943363 -548.747658 816.279881 -388.824473 -81.360078 78.267531 -731.235286 625.337405 31.359047 -668.603906 642.345910 -580.744391 567.264525
627.913506 -152.211631 370.627178 -752.840665 1020.740894 -182.019890 -614.549184 1067.606680 -1031.961787 -467.177933 976.013301 -51.084307 -1921.014501 433.926136 252.230789 1721.855617 -1913.550579 901.201643 533.296666 72.320420 820.674355 -491.746840 -272.011651 976.674055 -285.972836 131.885177 -8.732546 -574.319755 129.434167 -1048.745696 278.325005 -193.374228 -500.055555 890.344053 508.930219 159.447322 -1200.466122 1195.669416 -1146.362824 257.902543 -292.137258 -898.223315 1370.665625 -686.193072 -504.610421 266.282777 1563.238349 -267.083384 652.246631 -197.969770 -999.442318 201.471674 -986.711494 371.184620 290.076507 -167.560845 -821.143939 390.664486 1137.987235 440.470948 -883.315346 -350.811506 -838.810816 548.639893 -295.916639 176.295605 -243.559785 594.490269 -125.894880 262.294024 334.629358 -853.918096 1426.539469 -1554.553692 132.417974 -463.596380 11.883992 206.479959 -1379.712063 481.260817 -445.287013 -235.022407 185.628318 1262.860030 -487.696445 754.677689 458.505990 1011.245783 -723.165439 -216.547904 355.240576 -892.581994 -643.081991 946.273547 -1219.397971 1376.632451 -47.943591 -377.394740 733.587814 -184.564003 -181.819221 -271.743336 199.337039 -240.982107 514.662578 109.477674 471.798305 178.962451 -99.089154 -161.966493 182.823645 1356.560597 -1375.180266 84.420960 92.080039 495.404092 -819.850250 1267.419472 348.148069 -696.637613
2.848417 -67.357254 167.915084 -152.463647 -232.577665 -471.483615 -113.851035 446.522972 348.156578 -50.057055 -262.775513 87.605539 -369.522679 -688.076204 -868.442274 779.456416 799.217842 -1357.049404 190.409034 -177.008088 -10.374891 232.679275 225.991903 -727.351685 579.841450 -317.804892 -557.167029 831.395425 25.668995 -55.971291 125.000640 698.341037 -63.790648 -677.283626 146.498232 1200.132793 -863.477499 563.418676 360.592233 -976.229145 416.367669 -300.741757 -1140.301714 262.358931 804.202252 -535.697506 537.498179 -176.136011 -3.100276 906.699735 -660.473599 959.217198 -937.051823 85.060384 316.190916 -379.070603 3.286097 -1658.733700 697.686364 810.839362 1530.272230 440.959441 -133.425813 -800.039984 926.011705 -874.002726 732.204026 -330.224499 1114.269435 -563.533423 667.802883 -784.981085 1108.939567 1139.800176 -375.221958 322.956225 224.405217 759.710200 -731.658452 405.372061 286.965148 -158.308980 -434.372464 147.939556 194.254162 -288.291849 -582.972990 284.741242 722.895060 1213.387127 -818.809134 595.423155 -207.377559 574.045791 -701.492825 159.710565 683.550297 -11.971814 -254.003270 -695.900120 1315.461697 -450.920303 594.303888 -574.252985 -832.510536 417.397407 895.990899 -406.763088 494.908224 -1465.604885 885.628605 189.239367 1017.218162 -588.247998 -750.322829 464.621621 -266.337886 -802.406946 32.656704 192.486413
749.548471 225.701822 -1524.984615 391.821633 606.918799 -744.528119 601.567151 326.408981 -732.081853 1180.456182 347.982960 301.738884 -246.796723 -953.393858 1204.307611 -1007.534121 362.645496 165.978144 -1080.340128 -114.872972 540.768755 97.458593 511.211597 -635.318688 270.759498 -785.258942 381.803112 112.767851 -619.181461 -483.433167 205.836298 -245.545328 962.140303 471.480774 -1201.879348 583.700963 1199.396856 -422.928377 -98.543179 1582.832976 -191.732953 -236.490491 -592.398639 -324.883046 112.394059 2.496514 489.334873 -682.746432 -62.414883 426.565347 56.705704 193.079830 -728.864442 484.739094 449.752001 -1183.167912 1363.219449 -916.871430 -397.687346 -813.987838 -390.589537 -45.868932 94.274727 -280.652055 -798.795875 878.594689 -247.472590 -713.077093 56.526885 231.248832 -996.221332 1190.777639 -158.257547 -569.563298 268.669065 -157.171784 135.379511 -380.689818 112.416086 -541.710709 126.918426 -1323.240692 232.601147 -165.702296 -845.785025 1810.596679 -939.204361 -37.856073 -435.387243 -919.733330 977.329655 -108.935222 -288.526038 283.583249 -63.088835 -1174.485591 268.942814 410.008507 1229.135711 -1490.293324 308.722442 242.802608 -508.939973 1066.531589 161.926720 -679.942699 -556.715269 1917.365168 -664.554155 -132.124833 105.618160 -1073.650334 -71.254573 298.140135 -80.315536 -1276.291947 1346.998769 -2.270988 102.537996 438.303167
334.606350 501.509158 55.171729 -1152.616312 551.278918 -795.521325 -492.271266 271.349817 1081.168856 -67.392795 285.882383 451.729551 373.269926 -40.454306 335.054237 -169.258762 -681.204774 1478.288367 765.608157 -1180.085246 -13.844170 -10.672863 724.369472 711.959910 -145.487530 558.639206 28.717568 -531.525088 -699.360258 686.471834 -375.070722 -9.285422 -334.206842 568.709867 37.914673 -1187.489034 1127.004823 -395.506182 259.230055 -725.666488 704.550888 507.380889 -597.539809 293.626849 -707.922291 863.265406 938.966654 -284.637182 359.317741 -323.786764 1123.918320 -421.338012 -619.802034 622.816642 446.626202 -44.755804 -330.740675 303.611500 1419.919365 5.026273 -324.924698 373.235095 -648.970137 -139.088942 -381.873957 -88.057234 -367.917204 3.254425 -949.201359 1322.836289 -530.866950 -261.160797 205.852863 215.247026 480.016007 -182.703789 80.313914 -572.253470 870.914118 -788.568532 1204.626616 481.578179 59.882377 -764.027939 881.596763 -92.413794 525.596193 390.540101 -397.158190 -846.774053 609.096310 97.401688 -1387.038921 1007.550585 -495.012753 787.501363 -158.539655 -311.564909 -497.840900 -127.892020 839.884283 -534.743762 -108.400922 -365.546837 372.239110 813.788725 -497.286831 257.419911 564.775635 324.086970 261.733832 255.203015 -921.354216 0.670217 -243.215460 -311.357486 539.106322 -224.039845 -379.868783 993.595150
-716.041340 10.849521 915.473743 -246.269813 634.743342 130.209318 -980.767888 -316.110829 112.027089 -658.225003 738.410757 -361.818754 600.420893 -186.512921 441.502530 800.336646 -1588.273321 16.284421 219.515484 20.065323 -465.505243 708.700410 -695.150860 342.103257 248.396485 -388.696307 796.663830 171.604062 -280.902359 -477.166434 642.048285 -516.267254 804.984814 -131.421856 247.084124 -975.189136 180.281753 520.726582 -564.751351 -365.028918 653.868358 -400.207188 290.356190 64.280624 -747.086212 790.713907 -1926.558304 863.284541 617.718903 370.818933 -698.848353 194.041386 -675.148658 336.379288 10.344575 149.286755 4.422139 -151.605047 -719.715983 545.008692 -134.940801 904.664644 -1113.044946 534.603204 464.347323 1246.653544 292.261569 -1589.976692 -105.009336 690.633894 379.126375 -254.379601 503.239525 -435.274766 -3.496758 216.139202 31.534075 -1274.788083 206.935831 185.850178 -212.311629 144.433780 -135.876275 -221.218541 681.270106 501.421457 -17.733391 1254.535289 -1188.326972 -75.218453 560.509766 -257.700916 -155.268426 -515.235564 -879.679067 1669.431987 506.965116 -398.996670 1333.192795 -251.043027 299.942116 -194.030553 -233.500736 -273.559081 -690.719283 352.853708 1099.621075 -970.841958 7.484408 575.815332 41.956383 66.447363 254.675362 194.533536 -1682.715183 -271.766024 863.233523 -190.743093 510.649728 505.946945
1022.558671 -77.924247 303.956963 -571.940860 129.262777 -3.312820 1046.139427 292.544010 -195.911077 626.002822 409.716973 -1529.580628 941.591486 183.524706 -47.100778 -911.283617 469.930964 -206.182274 389.739770 -1040.206251 -256.125399 717.762422 -978.983204 -224.431774 -89.035068 317.287357 -208.805439 -475.537961 180.126414 273.603740 -139.537475 53.640715 -185.544387 156.509512 486.585758 858.452432 -1141.062325 1518.503331 164.720582 -602.263358 -134.979007 645.007632 -959.411188 1116.969218 -248.477834 305.376085 -653.958367 -55.703748 -734.605148 1516.652787 -164.400818 -713.423357 -124.589615 821.572500 -1363.201083 77.226271 82.857571 40.055211 691.446628 -576.225606 141.192049 -65.888973 -155.399859 -668.893411 89.712075 247.257274 840.476686 -1175.183785 -295.630278 -161.997442 -519.118388 386.967807 -533.766283 332.427428 -401.646323 1200.686280 261.640802 -1277.437020 259.624135 -772.176882 1015.124455 -1435.156536 1057.294939 -2119.470656 268.529434 -452.904354 -346.377644 220.068622 1278.032921 -452.540013 1170.083329 -383.169812 339.955298 -342.839503 -547.534319 -279.442331 874.800590 -195.870073 641.320998 -1082.987133 190.657187 -838.441309 604.721808 -1.225081 -1062.818686 436.204030 -247.312084 -418.723567 -77.717106 644.754494 135.832975 -382.067470 566.088609 144.698473 904.891682 -153.332573 -1390.006644 788.743398 -529.703015 490.530932
395.835678 -31.656965 -571.946242 534.480870 -63.348598 -1036.076490 -16.143416 -553.453434 -181.674483 353.615976 850.871644 -1112.825135 991.790568 -61.730985 572.625935 635.723628 -1034.866037 271.934134 792.051582 -987.915598 151.646999 -75.337877 55.960575 502.493080 -158.077399 -172.138395 -412.577031 -54.912860 -282.019284 -688.425047 405.310106 74.909182 285.758376 -38.670509 -352.465035 896.616979 -991.459263 165.549175 282.928388 723.733139 -437.764333 188.791007 -825.847108 1144.092276 -501.085270 401.742323 53.028171 424.323920 -590.603921 -401.302033 914.067229 -140.982463 -437.368846 -93.308239 -95.932332 272.905757 -191.528847 900.855861 -1278.048226 502.164667 57.795826 4.590216 871.485572 -440.397119 471.605138 -333.171072 -467.777254 1380.625946 -114.534800 -578.632670 84.784286 585.505055 -505.113393 -915.678336 878.914590 687.923132 -71.323701 -610.948390 -314.709241 -316.855041 733.633481 -268.956934 88.734129 264.419753 -168.709811 277.020644 -941.973833 -1031.278783 439.986639 -1495.191863 596.306226 1007.026356 -541.269282 58.755400 -371.731250 -395.820125 191.516104 -482.497624 615.497306 651.562514 1022.150992 -1828.635048 301.731976 -49.318544 583.723807 -1608.168852 894.929244 -325.334950 -51.870239 -441.073103 668.294565 -273.965070 271.174700 308.846131 -611.711077 233.262490 844.930622 100.123321 -86.645437 -663.119935
428.652074 968.849432 -551.212263 117.814662 -361.515743 464.073841 1005.317011 -1058.169360 -327.411993 -369.867561 -151.193327 109.054719 59.884938 -134.032788 -1232.756822 340.683300 631.315777 279.195816 -614.890230 -19.429008 -176.581536 71.024216 199.500764 -947.280251 340.152644 481.854304 -449.923953 168.201358 725.294421 -662.279866 -352.157289 1067.318877 -537.487005 -368.065392 -848.941693 479.114724 -738.873429 -435.271099 741.743279 -1092.167077 67.919325 983.578381 -425.372661 -206.504687 605.381138 -187.731817 717.865365 -558.522772 277.049536 621.319892 142.644734 -670.262583 899.188707 -761.850355 -37.986104 -611.865910 -106.108043 747.681292 -13.240900 -133.233587 -238.407058 407.597690 -550.375461 127.886515 -965.838310 1092.154653 -1248.507107 -1026.891714 636.372942 407.989175 -1206.053528 1175.735263 239.697315 -721.399809 580.625732 71.333866 227.402885 -271.425367 556.467520 336.401945 -1116.995363 849.371153 -543.002786 -466.935773 678.315566 -300.644001 1941.604431 -1577.474445 949.913853 -122.789632 -668.604315 396.499293 -33.397824 591.282858 -406.826870 312.816660 -752.589131 718.115920 -1209.699896 428.978759 317.994765 910.292452 -489.577445 -188.133456 1718.442667 -448.108192 -464.624324 758.669307 -101.771130 -692.813903 258.863228 -621.897089 -97.546457 1526.325059 -1482.098451 789.200807 -1691.227577 -61.820864 633.530249 -18.967521
90.206797 -441.164973 -266.130540 1703.254703 -1030.687790 -415.009143 371.853153 156.202967 -202.240076 168.488016 120.338929 -318.915324 225.732359 -16.269412 88.279277 -1639.612587 164.619619 270.685718 1041.219067 -821.233006 733.237888 -383.659733 -393.398262 1444.647994 658.827970 -484.640438 96.244723 -461.462097 837.195319 -371.759093 1007.208771 -577.622963 494.339807 877.054964 154.226523 -717.850445 -695.470114 1047.021943 1237.056633 -711.020664 -229.707480 -119.890409 116.593282 504.119033 -34.271589 873.999615 -1178.675184 291.996034 -118.280005 -286.902825 691.346836 117.101172 -401.277345 1122.583901 -406.641758 453.524365 -863.835975 19.576397 339.318004 -812.090340 -251.605913 456.675213 713.122620 -237.853584 924.495229 1003.701163 -1072.629670 45.976853 -154.060160 124.292810 131.368734 -1327.930643 -217.875117 67.154298 1154.513671 -105.738266 -645.626340 -1434.319644 440.232074 572.584441 2.648067 772.406983 -1714.895232 887.108608 -1476.445746 1267.477448 580.736091 -1098.177617 -440.025916 39.868439 -359.599307 855.472252 -965.122920 -100.334985 696.291825 -491.484246 841.948394 -1205.299791 1702.065944 -848.283414 -69.750323 -45.116603 -36.103808 -151.342506 60.325850 -205.338131 461.392801 -821.432718 269.702738 753.683935 -353.193992 368.320747 -89.132961 811.206011 166.745831 187.286186 -107.751336 494.171873 -191.365210 718.387990
697.362087 813.137491 -1552.525618 78.483223 441.519986 -651.857515 -700.624332 -163.025043 375.893197 -461.977597 -61.381015 661.615634 426.240072 -430.358006 -44.512981 -688.150292 509.922656 -68.206871 -187.880272 553.181549 68.441446 -386.034123 -419.522532 -464.753630 168.198906 -85.997127 -978.884140 767.559503 210.409835 -1308.156893 -240.894817 713.403163 -974.953485 590.002144 88.229527 1162.229304 -860.734992 -244.221143 412.290700 1849.651922 -437.847095 578.998998 -1784.619547 537.653441 -450.261715 -627.828107 872.003915 -855.796283 -140.651482 255.331725 -1165.009241 1006.954210 -698.653651 738.575592 -88.066541 403.826891 -933.224503 1718.031174 -1213.733090 622.580803 -1024.345001 579.417389 -1641.943007 739.946613 -886.351961 819.730267 905.554144 -929.614789 205.086123 210.498887 -111.963613 986.546199 -449.728273 -949.390954 -583.746820 892.480680 -508.897399 -41.991814 589.075509 -132.182535 -685.045115 794.856223 509.293894 -594.743312 -330.171831 261.190611 -720.464852 383.452221 313.967820 -1276.052692 577.110214 -1132.164366 534.419662 498.476986 -555.237688 -237.160819 718.811870 -326.288441 -352.291486 1079.566354 -465.324829 454.241489 129.063134 -844.899900 -285.653643 780.094157 -518.040889 -266.187679 -701.877782 253.763393 -225.708699 -301.720460 -604.243080 -312.480958 424.895180 -745.020661 741.975512 -1474.594138 469.692066 82.162334
756.776167 -224.960441 -185.795925 458.564674 5.124071 -648.813050 651.992266 -88.945285 -598.963285 -889.246129 598.359075 -547.891341 609.964473 -115.529695 -326.513933 -65.001875 330.715280 68.660246 139.402639 366.084841 -57.666944 55.653880 832.564123 -528.260425 -420.102696 862.770584 -786.273769 537.661940 -0.006021 -31.036793 -358.036448 226.627450 -1073.803491 -519.418484 -539.790385 285.110550 -1402.890932 1404.170584 -1259.042269 -398.027827 974.795772 1130.183802 997.935087 -224.727685 -87.212628 -165.688107 -108.506394 666.519557 -44.895062 -413.805717 565.768976 -343.614237 195.580112 -220.427827 -261.725477 585.737591 -262.091666 -189.160979 467.154217 137.357221 -483.277883 -207.110844 -226.693591 871.052172 -606.057206 -1179.350940 56.010592 98.313075 -1118.677466 1035.159390 -1657.718558 1351.192179 -1098.129071 468.035188 244.119116 -50.546288 -240.887500 -30.907603 -108.548635 435.338006 -200.847003 178.173742 786.508864 -388.782525 466.510084 552.056507 -114.509895 616.905534 449.227715 -763.393894 7.678738 298.322802 214.071811 479.622201 -1092.407176 1078.783715 -767.425898 -222.413514 203.176289 -147.274735 -147.108592 -1120.626576 929.479700 -863.640548 261.257285 1495.026904 -136.741368 -1466.327109 483.380571 -197.211729 691.655733 1007.359243 -213.484277 604.550318 699.719997 -1209.959096 376.458324 -186.926574 -170.806837 -606.427105
161.541324 1552.657103 -823.742518 490.715247 -1524.668647 -349.413255 -163.173164 1121.101651 -925.967119 391.730304 -114.570135 1072.270607 -735.048734 -477.850107 -261.612621 -73.924416 486.801069 698.820043 428.895065 719.149516 -843.156485 -1571.197880 975.910686 225.977455 -835.351229 281.715585 -445.614430 566.472396 730.068943 -266.432512 787.427981 636.595521 -29.625091 212.129847 469.204983 -334.854453 -257.397455 -472.700244 -325.959999 655.823093 -1595.071076 213.333925 1021.189736 991.117120 343.392328 -293.591429 -323.358693 -112.742379 276.435949 66.889832 -26.603161 -185.708753 304.259278 1080.489159 -261.696907 -1352.541857 55.617785 201.536763 139.039309 -180.680507 682.564105 -1860.026605 -607.204172 1406.582274 37.991439 1023.225246 202.393632 -1063.951947 904.245573 -568.505340 -47.693441 -54.657818 1049.838005 -437.337661 29.165551 -939.806664 -500.753513 -736.352879 -456.706932 395.214882 -156.612709 157.379906 -431.896068 -106.505957 907.340433 -422.997746 768.455209 -741.449123 -660.124289 1126.787895 59.344384 -476.818761 -791.872003 648.364331 -146.185756 -171.644063 -76.107213 -790.828461 701.932193 439.669905 233.995457 -114.804484 -81.190838 -298.065129 -473.585535 -953.571264 806.433946 233.364592 -344.415245 -849.020524 -34.899767 219.001957 -701.564941 716.690159 198.043271 315.673100 207.242611 642.467955 -1214.363730 940.721520
1031.306677 -280.571817 490.294557 1093.902103 -316.468659 306.267608 -1249.862732 395.987766 493.528288 -105.410757 -267.343495 1129.294140 -77.098190 291.463887 -832.627234 91.626669 -1726.725587 1442.169717 281.786475 -322.948074 1376.172423 -301.897694 -556.443605 -315.927362 304.725879 433.673739 -277.560800 -113.745989 85.369988 -239.807869 -94.612720 -235.480950 402.703162 -686.692371 506.680129 456.796264 140.650546 167.865707 -91.649711 -307.776892 -122.817064 -111.228808 -815.624095 -425.625283 483.748363 -34.154087 -992.021346 820.886575 -252.605099 -766.172539 -6.988328 -140.968291 675.547943 97.216998 358.020504 251.465817 -732.025503 430.968777 7.449365 -201.492389 1466.313182 -69.513695 -1416.469036 778.297551 -447.927240 -202.631208 998.020134 578.146223 -387.477611 572.793807 -786.130614 -464.379632 401.174711 -17.298764 536.509940 457.489629 340.086006 -1275.146034 1038.859604 -1295.833610 271.587854 1247.180759 -842.607965 -905.955419 -202.111259 275.443853 480.189608 397.996791 -1105.671662 -401.426956 796.648600 -44.741080 -357.832654 -81.065623 356.286830 -922.097525 509.132829 -903.372151 407.214327 -785.454583 76.572211 -383.689505 549.999192 158.364558 107.712920 841.394941 -136.790602 -222.997118 84.166942 1407.428305 -1464.743592 591.207566 -791.627298 282.677939 -187.150895 -510.708179 -105.140075 650.715647 -286.704655 316.360905
-469.126185 231.639518 -62.459782 400.598273 -524.486113 1021.033105 447.266159 -1284.363286 -32.067567 -2.599993 -75.057545 -8.290847 -4.847460 -82.195542 -6.140491 1331.636736 -1595.983955 110.430329 450.667386 -829.216894 626.174258 728.765458 -458.488607 -239.767661 -450.511507 -284.511768 -425.393739 522.400623 -531.535076 727.339858 -942.726015 -153.860525 -189.925515 -522.311488 -213.047440 -776.531875 -194.804300 675.268420 -511.566011 461.513930 -122.298555 927.464340 -567.309756 -62.035593 -258.965074 -352.234478 -1328.887959 700.427565 537.826276 -323.155567 177.552784 -1347.327982 1382.399679 351.265787 -31.237138 -188.976381 -298.309457 308.680851 -916.198187 417.968366 -33.083234 -417.228927 -40.397503 -614.185056 417.350337 92.608207 -1151.537600 1234.864092 -444.588344 -46.671408 108.464237 -577.540091 -283.697772 882.371185 -36.092150 -165.202282 386.660901 -23.181856 -460.872945 695.537668 -1137.507129 492.956021 -156.053934 -400.760995 858.549723 -571.675588 -962.626766 656.167645 477.264736 -1242.064292 1199.113528 -565.135185 584.680125 631.528404 306.519730 -201.384894 -381.854892 345.433487 91.084231 24.088263 -249.265631 -119.818021 -914.461610 856.047658 -912.619524 -462.528040 -211.885863 317.900639 -40.034134 54.201838 -156.293124 -909.145600 270.163086 397.545544 -512.338660 -57.052202 -781.035300 173.078451 317.293554 412.171600
328.473532 -118.293895 -304.177380 17.773102 -186.020471 -824.638284 849.396986 -172.318704 -812.937157 107.632927 1451.411682 -1703.164875 954.839405 -619.765490 -295.881172 -51.956671 748.988764 -65.019161 -309.930091 -1094.524300 808.409286 49.504908 -171.032802 150.587950 427.914837 512.803270 -1159.013071 383.481405 569.066479 -281.095219 77.520281 -40.136908 488.957000 -375.176190 940.035129 -303.359734 -211.105142 -923.443305 219.914259 32.873834 -346.098040 131.222190 210.891810 606.623720 -195.362063 -317.361046 216.576692 -715.729917 -367.924134 -57.009719 161.960291 215.949029 -185.031854 312.615084 -768.426001 -23.379150 416.129378 -937.870345 769.527715 168.560746 -144.893522 -79.310572 28.922862 -4.566545 520.119098 -803.735894 -138.166167 -484.234913 166.694551 925.376502 -223.966511 300.857086 -238.937615 -257.021416 966.974853 -516.977866 497.348303 -692.015022 477.489998 1041.718065 -554.895596 -302.861126 -72.966738 264.783119 -325.158221 986.812712 -135.363857 512.434401 -271.736662 -6.005527 -8.950497 -741.405058 458.348855 649.054021 -653.526198 -65.773630 636.281052 -928.793784 741.911812 -184.256461 516.574557 941.827797 -903.537818 136.993663 609.892347 -756.380697 660.918484 136.074141 -318.051255 1144.121488 -299.321728 249.091653 -1171.413157 986.691561 643.575862 -1599.947760 462.556380 681.109515 133.943930 -907.531032
-274.487674 183.493531 -7.473515 341.396130 386.316952 -1112.545749 517.871167 -475.749815 -21.625085 199.561526 -197.818357 411.233208 -615.336032 474.546910 -12.846466 -922.295484 413.183924 -240.868351 228.211733 -528.030124 13.732217 1347.337116 -578.680832 -34.261307 237.420339 -213.820373 263.524265 -213.630103 -464.776146 715.752844 200.646311 11.218050 -601.091478 -312.986261 746.361487 180.499215 747.883006 49.271073 -407.412664 792.480403 215.687796 -98.298932 823.025025 -610.615712 1523.171309 -330.579867 92.241522 1054.665919 -680.552275 627.868391 -1107.034684 407.818817 -591.299214 1341.255751 21.496308 129.471199 -1359.705212 -110.374046 305.429779 -274.216894 291.595352 1038.684384 -585.844396 -212.637270 270.676461 840.058449 -400.208562 -159.856835 -88.544947 -417.414286 -454.591796 926.540626 -924.426501 -122.778914 924.086059 -1149.223856 1067.182490 71.045917 -1367.589736 952.893039 330.306559 -495.074489 -781.239000 45.488301 610.721225 -420.661506 -7.489467 -1.855213 -778.833485 331.007003 399.530748 -79.359432 -45.160994 194.989689 10.056187 410.335539 -191.044144 -179.073617 -761.029931 -323.226090 980.070498 194.347290 -107.620451 359.730692 -287.647283 -413.251388 261.561891 -371.339340 -1073.889444 696.251490 -84.366760 -278.545951 -957.360738 1359.380492 -1306.449062 1284.650561 -820.614915 382.386451 658.608032 -307.927592
-453.645428 -811.897953 872.019168 99.534994 852.971085 -34.768821 80.581329 -68.300167 -12.458426 -27.776123 -113.672824 66.709727 923.013762 -2174.265581 1114.453631 11.153770 -1554.645698 7.307410 1107.640073 -489.189584 -1356.655791 -59.097764 150.532596 163.260966 833.781877 -238.326847 526.914493 774.711663 -835.102128 475.889543 -716.757955 373.578156 1471.942628 -1727.208001 -793.921170 255.935336 78.760049 -870.529984 -306.411774 156.345591 -149.754440 -366.518285 21.023157 -476.870192 280.297527 321.512719 251.601314 -522.764252 954.951497 -951.324058 415.176676 -10.959913 4.099866 -739.578712 512.559202 79.264457 535.474161 -28.135042 19.782016 -356.810008 -681.946081 66.626900 -54.657385 -231.944784 66.664895 -223.885870 -301.533574 589.613597 469.113809 -234.179740 504.359172 -248.678475 707.639936 -522.135390 631.767809 129.444646 545.750577 -246.887492 97.120160 556.091220 140.957388 990.536466 -1263.759368 965.498671 -4.009452 -161.210119 152.852784 -177.515439 626.960572 -343.532278 -30.305174 -28.989941 957.555407 -1094.790424 322.337768 -55.238677 121.431139 1062.607142 -839.978467 -553.015068 955.406472 -609.555045 478.589282 71.655637 -738.188785 1401.645699 -32.620472 716.341574 -784.138314 506.369282 -453.992594 213.535690 -254.725367 -613.508972 -8.416379 -98.784606 1006.020631 -269.262861 1018.064686 -789.070063
412.725835 -318.612184 499.721616 -1421.562122 270.495414 -395.117526 431.277954 -613.023732 1096.722909 -544.048886 -604.204396 846.232138 586.795233 -66.920664 671.613860 -98.256353 -230.743397 -42.949770 235.585887 430.915419 187.249747 999.254166 -1167.523777 -251.411541 -203.117208 133.883585 -329.899686 -315.753588 1012.025306 -443.886890 -761.397169 795.681385 61.308549 206.417543 -606.012392 983.034031 -197.693362 -977.037336 561.337257 -493.472609 -704.057909 286.054190 -607.692386 -600.203369 59.867965 -470.399573 -193.485870 869.167831 -1060.894245 283.025899 -293.530385 556.364197 -234.354568 426.691202 79.297030 -1155.362474 629.207155 65.657338 126.527755 1102.536431 159.121460 178.576404 -23.302220 325.996783 207.748159 -1009.664792 397.881117 -283.886727 -489.839753 1001.510018 -729.736987 -515.527499 887.336145 79.395457 -214.881797 -221.987135 591.252297 -209.658045 -700.165529 452.732220 -546.099671 235.834092 -298.599413 -128.645542 467.372566 665.258288 790.382649 -1192.823760 772.086473 319.736463 174.615073 -919.995127 1478.066832 -441.397939 -967.511307 782.484810 245.705157 -32.250648 659.739021 -448.112642 157.186748 -844.018044 -515.160501 377.804433 -667.062604 411.331212 -992.603387 863.756558 -50.399576 -610.448671 207.218237 495.339353 444.832860 -847.798555 -207.602350 -287.484657 -599.696740 883.561938 -411.398262 -375.555043
948.168993 -248.373418 -947.013765 1321.889883 231.528114 -504.481937 328.585051 -702.596673 482.018775 1218.640520 719.253126 -584.258845 209.126435 -971.957802 730.281344 372.784304 235.841681 -792.086023 -72.619112 229.840793 -299.871913 546.244374 -357.295040 -1437.120868 457.093724 -332.515846 832.398975 -244.443524 1306.104014 -599.341057 -1285.901820 166.938617 189.681209 -35.327108 468.839745 -738.724988 623.753895 -247.882041 -333.796867 722.572930 -19.338432 -229.843885 375.850903 -279.523158 199.347059 890.681709 -983.958491 -1119.453779 1272.079742 548.792760 -217.926558 -952.064081 1448.023515 -1173.336743 140.180077 426.521679 782.545910 -1098.746749 277.189938 9.420661 -476.510128 -0.701161 362.416764 486.370601 301.160945 -653.543042 844.634369 -1358.858359 1165.689334 -267.657992 718.242773 -890.523625 -199.288223 -106.357705 -3.670238 119.698926 43.406630 380.171860 -1018.098001 157.938629 553.338949 -275.064990 -701.085476 79.487800 -307.632607 -686.352434 -21.015355 -750.368946 1136.990992 -1571.155567 499.012057 115.772534 515.125955 -355.352295 -47.128285 -401.244205 -585.245671 769.718754 513.544194 570.920968 279.467210 -9.178197 381.501030 -552.948767 -881.826231 771.950994 -297.027420 -86.014223 946.815362 -377.635785 -1749.399018 612.908135 460.008226 -416.954712 403.906120 -234.967607 -602.860121 765.530041 -485.921066 489.966974
700.080701 227.664155 424.905298 -718.282181 162.191562 346.678353 -664.740984 -313.596073 -1732.074056 -982.392321 499.813460 703.466325 -429.811919 685.349816 -263.572825 -404.021512 489.568269 -903.687694 -28.017224 187.041293 -832.959698 18.568479 378.823949 -324.351351 -919.476752 1049.911716 -1470.011161 799.271226 329.870537 619.859835 -839.964409 211.024585 -116.782823 -22.292799 -457.482343 778.399418 -482.295702 -110.031724 686.834607 -723.480725 -245.058960 379.987713 -30.784232 693.412359 653.814344 635.461237 -319.910060 336.704789 -1105.948455 270.243599 -733.123674 -610.361043 234.241244 905.829090 -1108.871684 484.340463 -937.496105 21.118228 17.481196 1066.623151 -1398.371285 -500.425944 -556.218225 912.406654 575.526674 -672.228360 89.600630 6.158098 -854.605957 -26.661898 1134.856408 -512.506905 138.102542 -22.101814 1312.320701 -404.724856 -690.572954 212.133865 280.318709 -434.756795 -279.707951 73.110971 878.970115 -313.132536 -99.662276 777.012368 91.859797 313.635973 -945.287433 1058.218678 -24.491953 -550.353617 673.587079 265.882394 395.856389 847.336131 -1451.862417 724.829171 -31.050843 -1.479434 160.427766 117.599259 193.396026 51.287876 946.291045 -601.734833 57.125759 -403.994431 890.096469 750.434332 -526.025406 548.252497 215.479375 -220.350381 1265.796495 -696.734793 -452.605408 219.375848 981.544435 -737.164226
915.838849 -1160.271086 277.100497 -40.536398 725.594593 -924.177358 655.269789 509.973074 629.465732 -165.063881 -363.563692 -755.032301 190.258712 -537.825925 281.606927 -24.743337 499.564072 -617.362678 943.939880 -443.084696 1439.971733 170.123852 -234.944953 -8.020545 -835.194038 70.538486 -499.408591 -132.089155 166.131492 -241.170485 -111.190535 -100.411543 -524.690731 1444.178128 -242.755835 712.124159 -305.528882 129.093151 1352.078731 -8.067815 -1537.307727 987.277486 -1400.929650 680.766361 605.115123 514.978256 -138.229927 1082.780278 -1017.719143 953.584900 315.557889 393.209490 -453.137218 189.349539 1088.787883 200.489031 203.025636 403.394782 -957.529014 1254.000356 400.430465 -363.507061 84.828755 -105.998071 181.946278 42.427630 -1054.869084 606.521300 427.048909 114.712668 -1500.162593 0.065733 -591.120306 -352.363320 -596.267917 1229.547096 -75.571319 502.124138 -36.276589 -908.868492 1267.142405 -1156.071254 466.636704 518.463218 1012.404704 -168.735991 436.427323 -193.958231 -320.283390 -1007.628942 586.460025 -34.819085 -308.275997 567.854480 -25.507148 1296.597402 150.002131 -82.065145 -161.648356 385.902418 -1016.406390 -79.644495 326.515426 -277.691486 -458.460452 334.996091 -481.672422 161.706335 -622.552783 478.945145 65.466824 -661.277649 156.859640 144.863976 561.241214 -755.925633 1235.724876 -686.225340 400.140016 687.157631
456.345890 62.362966 180.509878 469.193180 -889.589336 43.132386 350.590180 -1474.602152 667.511536 891.763380 -348.893959 146.539724 585.169614 1023.421054 -598.642287 321.402827 245.863743 468.471597 -601.798998 -319.007056 22.152837 252.602497 -438.557185 1441.030302 -586.448399 -401.959241 480.892595 -332.749702 -351.691539 -305.554820 473.849924 33.324793 -724.841752 664.243555 -340.349545 -126.325745 233.112917 -564.904021 259.700188 340.865045 105.863402 -460.340797 -663.122979 -91.701147 -599.523879 -565.994986 -56.061086 1313.741700 12.817932 -165.707049 -566.866324 -1474.081862 2164.755480 -1132.766700 80.951479 -456.298893 578.112133 -198.113560 175.520549 -695.897048 -668.945319 597.179786 -759.681573 1311.100417 123.109382 605.798766 -1474.539623 -252.868938 315.869598 -25.204119 1297.986081 -493.401303 -236.564235 -525.164426 -831.071182 -196.899716 20.485076 -75.410348 308.017805 -369.397202 854.288291 -231.045766 -910.638164 -15.849061 -72.185953 251.405520 1046.610193 207.539507 -239.613949 -410.892828 133.441563 -291.373385 752.416949 -160.969425 -621.597875 -325.072369 1157.780412 -5.574445 461.378835 -383.102412 426.542785 -553.455049 375.658567 -702.180048 363.665374 -577.870200 404.658108 -468.743292 418.150068 -100.900556 -224.247850 763.101654 -26.514080 371.685068 -802.791120 374.571738 17.294994 -894.659222 792.747838 664.546287
30.492577 -495.059152 876.028490 252.893077 91.150811 793.701308 -132.001681 623.458305 -328.327334 2.551312 830.601187 -219.510211 582.938617 -374.544600 624.496119 -224.027311 676.829546 438.761783 83.615984 -1412.735416 800.314664 -1436.527882 1116.454721 -275.768441 820.955716 -564.035874 1088.715077 -467.128983 -35.119111 -205.331566 -5.421263 299.757377 -226.979865 -315.085531 -193.551511 223.213628 -558.992356 1136.871132 -828.648955 373.377694 -764.956855 774.371294 -308.851349 332.092906 -259.180239 -574.446692 -1043.046270 564.508975 -9.960130 849.577284 78.512009 -95.082954 -512.677110 466.380615 540.998318 167.912495 -215.525911 443.094480 -470.471412 1126.435702 -1107.318248 -272.347061 -927.780754 164.753771 -194.701799 642.679310 -404.583814 44.702607 -1637.101780 391.931052 -1153.337961 585.016547 291.317222 730.437763 -546.196434 -537.526770 -180.967180 -7.374142 -397.750082 603.621931 -286.535160 -147.725285 1064.785165 -1197.390362 323.595818 579.947620 -603.376258 -528.220946 155.063717 232.114137 -380.152869 257.770824 -567.723615 1494.590115 261.438873 350.865809 -736.127423 164.764215 -53.401776 200.126206 159.129165 333.431138 28.819556 315.696013 -566.774919 -229.776954 -634.212161 373.852574 15.341678 303.143677 -711.200512 1116.300622 -1007.691095 448.773129 666.906100 60.427118 -913.033602 104.930940 171.874184 -679.076389
431.238010 0.188402 1114.540972 133.307940 -689.217711 286.288391 -928.138809 824.404307 580.742006 -969.403773 -1348.713645 1411.975009 -1388.892902 -95.752983 -422.089009 540.468236 -1355.438070 1428.322381 228.346514 457.507565 224.916660 -41.438373 -1196.670453 720.620288 -576.071581 267.286077 344.460713 97.323550 -240.300089 -378.466332 -61.643470 -436.297722 452.140295 159.377507 -5.502033 20.321266 -1074.273262 1478.619738 212.677397 27.199158 -11.137336 731.015216 -1118.163659 455.893391 -591.412076 185.843648 218.774814 -82.716185 -375.570628 -24.711310 97.946208 862.563586 -606.602284 -996.251793 29.609526 -71.452337 275.175690 792.457314 -417.486759 458.346981 648.859337 184.452974 -1017.072293 -151.452000 231.110574 76.930473 -149.693290 1107.437650 -786.088355 585.981054 395.406693 -145.981218 94.989787 516.952295 487.291187 -167.885828 -270.354781 244.461125 -447.934773 284.958132 80.985625 520.307958 -400.455467 1193.517954 -567.180238 465.662907 246.976899 104.869585 123.701339 -280.026840 65.317463 -444.449740 -454.666523 -1183.664594 244.809421 835.935349 392.982447 -534.272467 -613.363961 449.922687 -78.023952 1.996436 314.508918 836.631931 -138.917443 -333.477128 582.112710 -738.650005 933.822162 -309.521223 -1190.418277 1287.109397 -763.020654 -551.321934 -16.747089 1372.196075 -187.129083 -244.773639 318.870100 -520.131093
-835.529773 348.104521 -848.107838 -367.260054 619.872810 -680.853539 349.725570 7.967362 -229.791004 -472.491966 -244.664539 628.603001 499.350804 -620.595834 -1047.628712 38.922530 -161.965692 -433.924043 -1148.707645 -541.049544 1293.612243 -289.007308 67.603892 -387.532714 -406.968917 252.599404 -387.441772 -810.294828 -104.215416 594.363879 -905.652333 375.397234 -811.330476 -172.747707 -763.785830 733.328679 -243.167735 -1099.134822 666.333649 139.980514 -336.303899 571.925820 186.175511 -69.467497 228.797583 122.234902 -769.142300 1009.936939 -554.114467 330.022255 296.002682 -716.088356 329.155067 -571.836068 905.446433 -885.280306 -4.631625 274.887087 -1187.953820 806.190557 -1141.464559 1821.937065 -1008.603598 310.960029 -569.139637 78.731488 714.426994 763.838784 -1317.559951 613.857746 -105.378709 105.268582 -156.985098 88.552334 436.063019 -687.804647 538.953423 565.139673 -332.050933 -643.585482 128.856882 -46.833862 -468.887962 -27.265332 222.525554 -1156.483843 385.850101 -369.750291 998.540131 525.927483 183.861206 787.967540 -220.635827 2.274800 -839.258049 1023.730088 -327.937626 -49.987093 -507.092488 439.023554 312.163242 -909.521164 772.177525 452.023740 -478.910431 -710.583404 135.634338 -191.976407 144.854982 -8.742352 -265.506574 195.122299 -76.959280 91.873880 -1120.080168 120.378916 544.288422 -310.010098 1482.141699 -810.216322
30.522801 -228.312553 956.729000 -645.551704 536.560825 207.316583 23.595111 -434.098680 427.976101 -910.792169 -192.689682 300.566162 -1186.177364 1340.065226 -822.433610 1256.657262 370.329621 -253.148858 793.194317 -563.616795 -424.701111 115.526460 689.971063 -450.826565 644.072159 312.882864 219.281569 -289.335204 -394.248095 431.917340 143.975151 58.793847 -420.418692 -322.434140 696.428279 -528.514550 262.928368 -74.986701 -959.938749 385.911221 35.792183 378.312971 -4.938794 -790.931878 -508.878515 270.548947 183.692827 585.176147 -72.170615 -353.532353 -88.256317 784.655378 237.765814 -786.997488 681.635040 202.978245 583.523614 255.595254 605.849974 -643.610693 257.984799 162.315020 365.695633 -319.978300 974.092886 -458.633492 485.178311 272.041186 -633.648669 715.775613 -344.745735 552.542198 -927.522452 974.424117 248.797412 -650.896323 330.713718 -738.546242 1019.627462 7.324880 -458.056651 638.916359 298.917724 69.172144 206.721533 -506.709702 389.821353 -800.996971 196.694964 -750.658113 585.459177 922.046872 -1078.208504 362.542170 -1277.745551 765.759954 -769.602639 604.035350 -144.871759 -485.013506 -335.387535 165.384939 -691.900242 397.347773 -471.394482 435.414159 466.353442 -371.975032 -664.506705 201.867875 -56.101842 1246.339441 612.767795 28.934026 170.796267 -470.273119 210.219851 -199.961104 738.704911 -294.947638
433.223083 -373.966919 -389.466487 -588.568051 490.720389 -579.533254 1246.196518 -544.686988 575.989513 88.088636 172.310248 336.051076 -546.803162 261.295850 -1091.624433 -207.156437 1662.699805 -1067.161469 171.415633 193.751302 -50.576866 -865.344763 -338.196982 -347.086009 461.835405 -78.930804 943.090060 -713.178473 40.635177 739.700830 595.468813 -474.865692 291.455067 309.285393 -2009.083929 915.167093 1127.364868 -776.518884 262.254953 -939.140835 343.890947 -773.145051 1030.100198 -391.449594 -129.098543 -459.380123 -2021.370454 180.144362 191.568704 105.584891 387.892743 -384.944225 -465.287662 -540.481093 274.769013 613.087036 -427.635227 -249.028547 -40.333896 -600.765819 659.466221 -872.495682 494.372917 -1311.747819 -219.632049 -203.660559 960.240109 -906.201578 994.454561 -994.065960 844.794636 -535.345986 -613.677477 859.562756 -522.538355 1354.769235 101.648236 4.285554 -763.059374 26.396587 539.843880 -1272.614165 1370.370802 -1084.176025 693.711294 -256.846255 -597.083347 1751.054317 -1230.297060 824.890056 -847.411653 1254.793851 -414.849322 588.779505 769.449034 -507.111232 658.793389 -36.068755 95.095550 606.398799 -588.528146 -18.504960 -99.829170 147.119487 -738.012262 -50.541027 372.862353 764.543700 -1061.594043 -672.493429 -493.801224 -744.408290 951.081476 215.203606 27.563588 201.833584 -254.945467 48.957452 -583.826352 -549.006535
-431.185608 254.630229 475.045794 -1098.354629 770.418409 508.432708 -1077.172783 -415.279420 733.461006 -1218.434814 -81.072127 -643.968667 596.245774 518.334472 -669.300396 -635.059980 1238.776114 139.272464 397.991738 -571.754589 82.912041 366.272275 972.384453 -665.377186 88.636758 880.006677 -447.961000 -602.650400 32.840821 617.855688 3.396509 356.380922 -465.795217 969.326676 -510.197153 282.613141 -884.198018 428.049835 413.876991 443.371784 -179.259908 -1540.712497 -92.291617 1397.077869 -482.810591 -95.077653 -61.360630 228.789332 -454.783405 -1115.860917 857.616334 -494.557488 -233.709432 818.690221 5.875632 5.954171 492.857647 434.570110 -248.659074 146.758296 449.578058 -1327.222234 866.735856 839.532403 -926.844590 101.705504 131.331287 -415.434139 -220.409532 1063.748289 196.479405 -344.042080 -487.059203 85.493470 -1270.891676 226.205000 401.970024 281.877389 755.063683 -276.970642 794.708694 -994.871337 818.439536 -869.581155 468.389841 -899.762306 120.807355 -263.602287 -358.744964 -120.774723 -278.648261 -76.763854 110.531942 -835.266661 562.212079 -757.569422 -360.015954 325.783337 271.832293 708.935811 -367.291838 -282.629010 -155.453760 609.747796 502.939969 619.294652 -299.163474 316.396818 -262.789826 528.689792 244.821176 -334.537222 -974.412297 753.978205 -364.569711 400.167178 -312.545465 614.633733 -198.102125 -47.248825
102.670827 -187.354039 -261.443408 997.235635 -1327.570167 130.697918 999.849894 -1031.611630 1283.412003 -81.933019 855.487442 -1000.822863 -528.388784 1181.415431 -219.905146 -366.722661 -585.207001 322.920153 55.323244 192.213521 -1430.308581 -551.877036 -417.172976 -237.461940 -308.144008 1066.294849 -14.853326 -401.348667 -535.746798 -306.414956 318.694054 -760.891764 541.301513 -123.360497 838.882398 -340.456691 -338.034915 504.724712 -473.541188 1025.863603 -391.833736 -98.063359 -663.424824 -766.411072 927.962933 -167.887556 -295.815099 91.102710 -691.903511 1569.552282 -769.078060 1347.930031 -787.898304 74.994797 -7.149940 727.584776 -398.812969 -613.371323 952.888211 -551.167958 411.639893 -1005.536508 791.188172 -181.402068 135.096643 73.397103 895.236448 -817.637129 -127.314621 -1205.422857 1399.208631 -1254.957560 40.283213 278.153950 -200.103837 -186.017379 455.097447 -744.030011 70.440653 -696.289120 339.651831 719.738954 453.305561 822.206915 81.673165 -374.980095 -404.212569 525.611490 -500.411504 1468.304558 -483.535458 421.225853 -147.240418 -354.802895 859.433703 632.027049 -25.457168 -361.839788 257.273319 -21.289855 704.866376 -715.302029 -306.749425 -575.767209 161.585553 1230.905600 -603.144962 -368.109613 -29.420332 395.565478 -247.064776 961.236573 -585.187436 -173.037433 350.222697 318.058947 -332.558722 -1032.285959 339.266270 1116.175081
-347.681501 -71.885422 -579.544876 -495.015860 1665.196187 -1277.721475 -163.142384 -378.722489 99.511117 -790.374843 337.574423 208.680246 77.226668 -821.651992 611.731506 177.492325 754.368893 131.004292 -206.055627 612.159927 819.579632 -122.677743 -215.376993 -470.824843 -435.238783 -263.321957 858.882027 274.747911 -607.863776 420.158081 -585.563489 -654.154719 778.668202 523.125097 -1937.341203 1204.228618 64.440168 -597.721081 131.513068 -131.436915 338.046582 785.492113 73.448987 -666.880726 -76.256494 60.146500 -265.473313 881.861905 -636.225264 -753.360531 -161.907789 -433.366774 54.335526 -281.128266 801.465071 -159.780612 1487.711255 -984.201235 1062.097820 466.325433 609.606458 408.328851 -1694.268980 1747.843736 -468.119289 -1194.045439 850.112075 -806.678918 1835.529912 -618.754039 -597.623866 592.657630 -191.862921 -1210.859889 759.719480 -130.618439 -86.972135 499.673649 -589.041091 184.459886 30.188161 -457.448950 -1025.938237 1090.162060 645.972077 269.038904 -384.694575 56.660070 -1808.251603 247.055239 -342.499882 1151.354904 511.718017 -957.580861 466.409262 -253.759616 389.901900 618.949199 231.367658 -342.241194 287.542608 437.173144 343.978889 -195.832318 -506.534680 525.988506 155.132059 388.815500 -863.192280 -392.457013 814.287171 -643.474659 664.858536 122.751602 -278.417006 179.766485 309.324575 -420.313960 869.861487 -885.968048
281.190724 468.171629 -793.835234 -828.879218 107.727675 518.048820 -588.619604 -366.171734 897.452413 -291.787110 -184.820772 -1027.555400 1641.732039 -1176.492112 -610.776991 445.652505 -1077.126225 -416.280598 -330.076257 150.180457 -253.833271 1300.480281 -699.750382 593.111554 -314.570577 -449.253729 100.117625 225.415713 509.948537 569.180532 910.079832 -1139.265309 -1327.304789 806.930668 -147.825906 -531.829324 1293.935774 -263.198138 -466.945927 -37.634143 -824.094792 273.072292 -238.684427 -488.972484 868.581844 -165.331194 -178.378626 515.959796 -880.888206 298.305376 -77.481130 -180.591635 -564.168361 -83.678043 -1414.489628 -232.017180 -668.960636 -43.016615 1172.061207 -897.651034 17.272966 195.248788 129.050170 -273.806910 831.448507 312.425482 -68.829298 790.691194 -112.871260 203.484242 410.609150 278.276574 146.017523 -258.193827 -312.054992 129.734596 206.646730 812.152695 -29.342209 -1146.950722 603.260775 -890.822429 -932.314125 1177.016178 -700.878671 -306.239332 13.134370 854.737823 -591.017897 93.461417 59.767929 207.668549 -736.566994 1428.110110 -27.291213 -39.437436 728.197415 -681.155533 1148.368821 -332.270963 316.563097 -344.356378 571.243247 289.199391 220.534000 12.864358 302.482995 829.127832 212.059724 -596.872133 598.856453 -1067.170766 -125.289936 -232.382810 479.755381 217.567617 -631.064105 313.379687 429.850299 -981.772415
-843.148614 1396.598058 -1606.879798 903.361575 479.685481 143.639871 615.929154 -843.868872 580.638911 -332.920192 948.878476 -884.919774 675.501719 -712.105800 367.931131 -165.637424 651.614775 -412.750483 447.450536 -367.571587 1050.288831 -447.589292 -104.137228 876.038788 -226.109156 -324.173531 -1000.132343 -223.829737 -158.433394 -543.327723 353.082231 966.499054 -783.180389 313.240373 -278.381876 56.287537 -848.093470 -90.974134 429.113057 -461.754824 -27.872969 -32.897838 309.655760 734.429104 -1357.918747 -30.266031 877.433502 686.341170 -143.331799 -80.252495 717.164919 -154.479860 1398.255108 -823.274482 1093.990493 -617.483520 -816.515039 -1157.499268 1151.859089 -489.991364 368.018591 -147.735905 320.247745 -390.315488 -160.630950 -305.944605 653.560561 -214.758317 -347.582234 -578.129287 88.364148 33.369875 197.220522 275.927823 41.338655 274.508808 -1421.031933 1560.191679 -985.825518 425.471768 346.730042 -84.094677 -699.453421 -612.664691 736.444267 316.782054 -371.145310 -165.330812 -148.667313 -430.687217 -533.391146 -279.029763 450.200395 244.554564 -1056.511164 1222.172973 -383.968839 481.210406 -453.796221 -378.426514 377.428200 927.947724 -1088.281896 -398.831080 171.912096 -154.240602 202.963471 374.954351 -352.562194 915.164564 302.654331 -102.835789 -296.242784 10.182916 -608.293404 1116.834041 -519.801096 -89.427444 6.614163 401.668331
-577.441696 1025.806047 -110.576697 -973.392565 464.958281 -1215.178517 -187.468026 296.027769 332.206700 96.471377 -126.143885 272.833368 236.569471 121.034669 647.374448 -1211.439331 931.426933 -316.176318 -428.074554 -361.255004 -99.301984 -4.583603 380.515863 -378.129842 -433.427131 208.404479 872.816089 -1216.698252 444.258195 7.980984 217.003650 182.286409 -150.084435 -591.049053 872.590342 235.797143 -66.159040 -266.621333 -528.741143 484.078114 736.144572 -542.752631 6.658921 -405.521343 151.078308 425.111570 -619.083535 643.237045 -971.707806 -148.221231 611.732114 -188.870453 396.635454 297.917116 -325.187560 -175.414815 312.515012 376.326634 409.125358 -703.492856 -1124.726384 626.196731 85.845297 -408.518078 -452.305432 582.278020 -244.277635 878.834918 412.202088 27.073861 -253.044847 763.820247 -1723.840736 408.531028 -263.672809 539.650953 349.477315 390.454536 -166.732264 551.110734 685.107782 -436.177174 423.986403 -564.031634 -361.602841 -948.941912 1286.527319 -1178.925450 206.347974 212.355128 -441.903251 -478.440939 -820.563769 519.856492 -311.482289 -573.684489 95.860583 275.781431 -1003.413807 1086.552492 -945.548887 135.700246 -263.838048 72.804811 142.676376 -622.033419 -326.314893 -650.454215 922.338131 -1056.437271 845.730673 99.309722 -27.004450 431.909483 -481.813163 315.397600 495.054097 -998.761554 75.558060 1380.320193
-1541.043419 390.251526 132.759680 533.502499 1020.812372 539.867212 -150.709261 43.158636 -693.635666 784.550878 34.315193 -209.932532 59.332765 -342.493252 422.175179 228.276826 -615.288810 954.591182 139.433760 -509.460697 53.616110 158.872053 -626.477317 440.308540 1026.696578 -165.390970 -18.534846 -862.476537 -529.602764 418.193511 -266.695116 -212.688885 543.620922 -612.786977 403.124720 317.056283 584.668504 467.469035 -674.241890 46.465843 -171.626001 -252.438411 794.633920 895.937998 -1206.075760 1013.629969 -367.794287 748.869476 -462.493871 -737.701541 -541.957861 228.351847 -268.717938 459.543557 -1278.287822 -99.881157 -282.605931 -986.044479 1451.089882 806.357627 178.737603 -861.685384 -772.037919 -491.799930 -226.072138 16.495199 -252.583415 -877.536259 -163.605109 1015.206436 -598.673633 829.244954 139.608676 -827.639387 380.798948 -1146.291352 -755.364691 495.917603 -111.500380 835.019347 -1072.316423 361.960136 29.142257 1133.210058 -5.518301 107.878220 -515.320189 768.218869 -940.470611 -102.621892 681.406655 73.236112 -596.731257 341.256025 -685.369228 1921.050712 -1593.829694 401.783454 1470.611305 261.445131 -251.191824 553.427874 -379.360722 361.067002 -936.793688 1398.345973 348.007829 -589.947710 451.277162 -325.496636 -81.850905 285.100657 600.056647 -716.128481 1464.368261 1095.392376 -1308.455823 887.599446 -471.885431 186.565927
383.374903 -793.315456 -100.890524 -507.910822 206.396074 548.997681 -288.685554 455.107528 -540.017969 301.218051 85.544956 397.037362 198.455377 -343.166882 -178.725383 493.557488 -920.285812 273.810916 1367.045802 -370.650764 -358.658205 531.795541 199.913147 -221.842045 82.034597 551.131961 956.904583 -87.287668 -345.113005 -63.829800 1031.099637 99.662664 -1441.326045 352.941515 -112.477270 585.061935 -626.182623 -704.256217 283.705766 255.949512 171.369091 -178.617428 -33.116811 -1131.269202 1111.060773 952.523609 -1452.519563 -739.090115 986.705457 -82.707219 356.974869 11.481242 -285.954320 636.143348 -631.883339 1320.605095 -1091.191090 116.714574 -729.439631 -71.138570 449.972679 400.289933 1225.997761 -388.401806 -816.677321 230.057882 -300.880931 152.728394 -337.378474 -289.732334 236.352387 -8.162058 853.340592 -135.745109 -417.343789 -86.057216 -351.289546 407.958683 -1742.307404 938.766201 -1162.798273 -163.655581 -416.293789 -202.860044 321.563130 123.451910 -725.656537 1182.640662 -718.376919 -271.263174 -197.347547 -44.014295 256.894960 -168.362358 572.017044 -641.013668 427.338417 -1127.828423 192.877681 1176.750236 -77.011289 529.657238 442.070467 -1021.917831 -106.591509 235.325949 78.747151 -579.610221 386.578234 -68.899789 129.979241 180.075565 -47.528453 -162.385943 -1513.761483 749.757743 883.226839 -592.209087 -178.600797 557.151461
-387.183119 -812.042447 1459.765370 -633.217879 -631.697271 795.502069 57.822311 -640.817026 159.817814 -191.974659 363.111027 -581.494085 1020.477724 -291.266615 334.799135 -495.452735 -720.321050 -607.090947 19.598515 409.310817 424.379535 -1722.547652 634.938539 348.280852 295.355921 -115.562171 327.569227 -1170.027679 989.563739 -1633.995842 288.040359 1177.867575 -741.620985 419.213979 -1618.254088 489.581010 -196.236019 260.861388 513.388243 -1743.231985 381.219922 492.047522 -672.581055 341.388206 7.795051 662.827991 243.477800 914.199000 80.672874 -773.345045 47.260551 852.692117 -393.733650 -380.814274 -237.443300 360.436300 206.778873 -247.008241 668.270770 -339.545056 -235.304888 -453.154532 -625.622202 1845.851960 5.771209 888.824855 -152.277762 -543.217843 -192.339106 -355.996381 54.336560 8.307609 127.043920 -355.499685 1127.488121 884.219348 -590.269257 647.072713 443.266444 491.465559 -100.138605 -684.286284 570.357431 -563.821541 327.808172 351.078544 -479.520736 929.001076 -340.652780 -167.581756 -778.549296 948.662166 10.655435 -766.924181 989.994543 -524.931269 1063.861606 -665.975047 -1152.122933 105.651427 750.032449 -402.455494 969.024045 -930.462973 105.568711 -1064.214428 1013.747856 -268.978755 -1143.828107 135.634163 553.994008 -542.683539 88.056522 215.562134 -157.982448 -125.745112 358.364169 149.423515 431.040490 -100.455856
511.863784 -599.339516 -684.370236 91.801591 558.034565 196.446051 -109.470832 -615.645253 -417.115576 266.108804 -717.176225 317.640578 188.841772 451.823467 -574.280608 284.074079 -168.474539 -737.789698 -1219.500799 417.397774 -51.838644 -1260.594534 1126.555378 -1550.757560 1152.934219 -534.924759 -136.170662 812.781934 -122.361771 -761.131034 77.468384 -58.818385 -128.203340 1175.894205 464.378127 -616.382076 -433.174072 -332.232401 292.961288 917.445665 -1166.684196 838.317573 -1193.620233 61.350697 -542.129261 246.725040 -1354.788669 567.287126 327.236189 -277.552718 1413.397815 -597.572109 -296.362924 1021.870373 -103.360777 -1415.484309 2102.331121 214.431938 -1555.823849 1021.778517 22.846386 -349.077113 -747.602707 -355.963398 26.160991 13.462980 1187.195716 210.739292 -1072.187553 1212.464882 -573.838997 600.530555 -609.748860 297.606283 -699.556798 15.745825 991.370911 -818.994637 250.118411 642.327372 155.224510 125.364130 -120.108711 -483.411071 258.566359 -854.092177 1585.832086 296.582429 326.042514 -236.822901 -557.447386 -190.188885 1197.020808 -494.275209 -904.610303 -344.953637 834.890821 79.956236 230.018271 -380.466223 -275.600990 -867.135004 -349.149225 -673.794681 537.184631 175.669697 -1323.524590 822.052201 -232.047996 322.009254 -330.936491 66.956530 601.951836 -19.438643 292.147407 -553.354137 -45.447536 15.965975 -1289.239383 1200.442785
